date,location,latitude,longitude,zone,T2M,T2M_MAX,T2M_MIN,RH2M,WS2M,PRECTOTCORR,ALLSKY_SFC_SW_DWN,TOA_SW_DWN
2005-01-01,Coimbatore,11.0168,76.9558,Humid,23.0,29.09,18.85,75.48,1.67,0.1,13.83,30.33
2005-01-02,Coimbatore,11.0168,76.9558,Humid,22.36,29.19,17.49,76.68,1.67,0.19,15.56,30.37
2005-01-03,Coimbatore,11.0168,76.9558,Humid,22.76,29.28,17.69,77.42,1.5,0.2,15.51,30.41
2005-01-04,Coimbatore,11.0168,76.9558,Humid,23.08,30.6,17.71,71.61,2.04,0.0,19.78,30.45
2005-01-05,Coimbatore,11.0168,76.9558,Humid,21.62,29.23,16.67,69.3,1.98,0.0,21.91,30.5
2005-01-06,Coimbatore,11.0168,76.9558,Humid,20.81,28.98,15.22,69.34,2.08,0.0,21.84,30.55
2005-01-07,Coimbatore,11.0168,76.9558,Humid,20.99,28.99,14.49,73.22,2.15,0.0,21.79,30.6
2005-01-08,Coimbatore,11.0168,76.9558,Humid,21.61,29.73,16.43,70.65,2.04,0.0,17.71,30.66
2005-01-09,Coimbatore,11.0168,76.9558,Humid,21.37,29.83,16.09,68.16,1.99,0.0,18.42,30.72
2005-01-10,Coimbatore,11.0168,76.9558,Humid,21.59,29.32,15.76,65.56,1.21,0.0,21.78,30.78
2005-01-11,Coimbatore,11.0168,76.9558,Humid,21.96,31.56,14.1,56.2,1.09,0.0,21.71,30.84
2005-01-12,Coimbatore,11.0168,76.9558,Humid,22.15,31.04,14.97,55.71,1.42,0.0,21.72,30.9
2005-01-13,Coimbatore,11.0168,76.9558,Humid,21.67,30.86,15.38,64.29,1.54,0.0,21.3,30.95
2005-01-14,Coimbatore,11.0168,76.9558,Humid,21.04,29.62,15.01,67.03,2.08,0.0,21.86,31.01
2005-01-15,Coimbatore,11.0168,76.9558,Humid,21.05,29.97,14.94,66.2,1.91,0.0,21.82,31.07
2005-01-16,Coimbatore,11.0168,76.9558,Humid,21.43,30.2,14.21,66.52,1.38,0.0,21.2,31.15
2005-01-17,Coimbatore,11.0168,76.9558,Humid,22.95,31.26,15.62,67.36,1.12,0.0,19.42,31.24
2005-01-18,Coimbatore,11.0168,76.9558,Humid,24.15,32.16,17.17,66.44,0.8,0.0,17.89,31.34
2005-01-19,Coimbatore,11.0168,76.9558,Humid,24.6,31.76,18.74,70.7,1.17,0.0,17.73,31.43
2005-01-20,Coimbatore,11.0168,76.9558,Humid,24.12,31.78,18.81,66.01,2.36,0.0,20.22,31.53
2005-01-21,Coimbatore,11.0168,76.9558,Humid,23.98,31.23,18.39,68.26,3.23,0.05,20.98,31.61
2005-01-22,Coimbatore,11.0168,76.9558,Humid,24.12,30.24,19.39,72.04,2.84,0.07,19.87,31.7
2005-01-23,Coimbatore,11.0168,76.9558,Humid,24.8,32.01,19.36,69.31,1.9,0.0,18.03,31.79
2005-01-24,Coimbatore,11.0168,76.9558,Humid,24.86,32.36,19.09,66.69,1.74,0.0,18.75,31.88
2005-01-25,Coimbatore,11.0168,76.9558,Humid,24.5,32.37,18.98,65.7,1.79,0.0,21.41,31.97
2005-01-26,Coimbatore,11.0168,76.9558,Humid,24.49,32.51,17.95,64.09,1.33,0.0,19.98,32.06
2005-01-27,Coimbatore,11.0168,76.9558,Humid,24.25,30.95,18.68,70.33,1.23,0.95,16.72,32.16
2005-01-28,Coimbatore,11.0168,76.9558,Humid,22.67,27.75,19.46,76.24,1.51,0.6,16.5,32.26
2005-01-29,Coimbatore,11.0168,76.9558,Humid,23.27,30.55,17.29,70.95,1.12,8.04,19.62,32.35
2005-01-30,Coimbatore,11.0168,76.9558,Humid,22.95,29.5,17.69,79.21,1.12,6.31,14.18,32.44
2005-01-31,Coimbatore,11.0168,76.9558,Humid,23.6,28.66,20.85,83.08,0.42,4.51,11.76,32.54
2005-02-01,Coimbatore,11.0168,76.9558,Humid,24.5,31.51,19.91,74.96,0.94,0.71,16.91,32.64
2005-02-02,Coimbatore,11.0168,76.9558,Humid,24.51,30.87,19.76,72.96,1.39,0.23,21.07,32.74
2005-02-03,Coimbatore,11.0168,76.9558,Humid,24.96,31.36,19.96,71.68,1.58,0.07,17.12,32.84
2005-02-04,Coimbatore,11.0168,76.9558,Humid,25.05,32.05,19.54,71.04,1.59,0.03,18.16,32.95
2005-02-05,Coimbatore,11.0168,76.9558,Humid,25.21,31.66,20.09,69.87,1.44,0.03,17.27,33.05
2005-02-06,Coimbatore,11.0168,76.9558,Humid,24.92,32.29,19.89,66.65,1.69,0.02,20.08,33.16
2005-02-07,Coimbatore,11.0168,76.9558,Humid,23.16,32.41,17.1,56.58,2.07,0.0,24.44,33.26
2005-02-08,Coimbatore,11.0168,76.9558,Humid,23.17,32.3,17.12,62.64,2.35,0.0,25.15,33.37
2005-02-09,Coimbatore,11.0168,76.9558,Humid,23.33,32.09,17.74,60.11,3.2,0.0,24.94,33.47
2005-02-10,Coimbatore,11.0168,76.9558,Humid,23.02,32.65,15.75,60.94,3.14,0.0,25.26,33.57
2005-02-11,Coimbatore,11.0168,76.9558,Humid,22.91,32.58,15.1,57.7,2.59,0.0,25.02,33.67
2005-02-12,Coimbatore,11.0168,76.9558,Humid,22.94,32.83,16.01,54.97,2.61,0.0,25.61,33.77
2005-02-13,Coimbatore,11.0168,76.9558,Humid,22.71,33.44,13.91,46.93,2.3,0.0,25.59,33.88
2005-02-14,Coimbatore,11.0168,76.9558,Humid,23.77,34.82,14.17,41.93,1.97,0.0,26.2,33.98
2005-02-15,Coimbatore,11.0168,76.9558,Humid,26.0,36.55,17.05,37.59,1.07,0.0,25.4,34.09
2005-02-16,Coimbatore,11.0168,76.9558,Humid,26.67,37.29,18.34,43.74,1.21,0.0,25.02,34.19
2005-02-17,Coimbatore,11.0168,76.9558,Humid,26.75,37.53,18.09,53.65,1.23,0.0,25.01,34.29
2005-02-18,Coimbatore,11.0168,76.9558,Humid,26.98,36.68,19.1,49.95,1.26,0.0,25.02,34.4
2005-02-19,Coimbatore,11.0168,76.9558,Humid,26.48,36.0,19.12,44.26,1.32,0.0,25.37,34.5
2005-02-20,Coimbatore,11.0168,76.9558,Humid,26.17,35.38,18.32,39.97,1.5,0.0,24.36,34.61
2005-02-21,Coimbatore,11.0168,76.9558,Humid,26.6,35.2,18.89,49.48,0.86,0.0,24.59,34.71
2005-02-22,Coimbatore,11.0168,76.9558,Humid,27.16,34.47,20.25,56.58,0.86,0.29,20.1,34.81
2005-02-23,Coimbatore,11.0168,76.9558,Humid,27.53,33.85,21.66,58.23,1.45,0.09,22.4,34.91
2005-02-24,Coimbatore,11.0168,76.9558,Humid,27.96,34.79,22.1,56.2,1.49,0.0,20.27,35.0
2005-02-25,Coimbatore,11.0168,76.9558,Humid,27.32,35.9,20.02,45.5,1.96,0.0,24.89,35.1
2005-02-26,Coimbatore,11.0168,76.9558,Humid,26.9,35.7,20.07,40.54,2.02,0.0,25.24,35.2
2005-02-27,Coimbatore,11.0168,76.9558,Humid,25.61,35.53,16.9,39.43,1.95,0.0,25.93,35.29
2005-02-28,Coimbatore,11.0168,76.9558,Humid,25.23,33.85,17.51,35.67,1.78,0.0,26.67,35.38
2005-03-01,Coimbatore,11.0168,76.9558,Humid,26.05,35.53,17.57,44.62,1.84,0.0,26.3,35.47
2005-03-02,Coimbatore,11.0168,76.9558,Humid,26.9,36.35,18.46,43.38,1.34,0.0,25.85,35.56
2005-03-03,Coimbatore,11.0168,76.9558,Humid,27.11,36.23,18.66,44.48,1.61,0.0,26.16,35.65
2005-03-04,Coimbatore,11.0168,76.9558,Humid,28.23,36.71,20.6,48.25,1.07,0.99,25.75,35.74
2005-03-05,Coimbatore,11.0168,76.9558,Humid,28.18,35.56,21.35,57.97,1.23,1.94,21.66,35.83
2005-03-06,Coimbatore,11.0168,76.9558,Humid,27.98,33.22,23.04,56.78,1.22,0.05,17.97,35.92
2005-03-07,Coimbatore,11.0168,76.9558,Humid,27.96,35.62,22.07,50.23,1.8,0.0,20.01,36.0
2005-03-08,Coimbatore,11.0168,76.9558,Humid,27.33,34.1,22.27,54.52,1.47,0.0,21.8,36.09
2005-03-09,Coimbatore,11.0168,76.9558,Humid,26.67,32.37,21.93,56.41,1.43,0.0,20.0,36.17
2005-03-10,Coimbatore,11.0168,76.9558,Humid,26.28,32.52,21.79,61.84,0.65,5.49,19.94,36.24
2005-03-11,Coimbatore,11.0168,76.9558,Humid,26.2,31.19,21.61,64.38,0.51,0.84,21.49,36.32
2005-03-12,Coimbatore,11.0168,76.9558,Humid,27.52,34.7,21.72,60.77,0.78,0.59,19.27,36.39
2005-03-13,Coimbatore,11.0168,76.9558,Humid,26.99,33.92,21.21,66.66,0.98,13.52,22.06,36.47
2005-03-14,Coimbatore,11.0168,76.9558,Humid,25.82,32.07,20.95,70.7,1.38,12.38,23.57,36.54
2005-03-15,Coimbatore,11.0168,76.9558,Humid,26.27,34.46,20.67,67.19,1.43,1.52,23.57,36.61
2005-03-16,Coimbatore,11.0168,76.9558,Humid,25.72,32.75,20.32,59.49,1.44,0.0,25.46,36.68
2005-03-17,Coimbatore,11.0168,76.9558,Humid,25.09,33.89,17.75,54.36,2.11,0.0,26.2,36.75
2005-03-18,Coimbatore,11.0168,76.9558,Humid,24.95,33.95,17.26,50.08,1.55,0.0,27.43,36.82
2005-03-19,Coimbatore,11.0168,76.9558,Humid,26.08,35.11,18.57,49.35,1.59,0.02,27.35,36.89
2005-03-20,Coimbatore,11.0168,76.9558,Humid,26.91,35.29,20.29,56.69,0.81,0.0,26.2,36.95
2005-03-21,Coimbatore,11.0168,76.9558,Humid,27.27,35.81,20.34,60.47,1.34,0.0,26.88,37.01
2005-03-22,Coimbatore,11.0168,76.9558,Humid,27.95,37.13,20.78,61.06,1.24,0.0,25.17,37.07
2005-03-23,Coimbatore,11.0168,76.9558,Humid,28.15,36.33,21.58,62.42,1.71,0.0,20.54,37.12
2005-03-24,Coimbatore,11.0168,76.9558,Humid,28.87,37.37,22.14,56.22,1.66,0.04,25.64,37.18
2005-03-25,Coimbatore,11.0168,76.9558,Humid,28.72,38.45,21.23,51.59,2.11,0.0,25.75,37.23
2005-03-26,Coimbatore,11.0168,76.9558,Humid,27.68,36.72,20.18,56.77,1.99,0.0,23.19,37.28
2005-03-27,Coimbatore,11.0168,76.9558,Humid,29.44,38.08,20.89,54.24,1.02,0.0,23.2,37.33
2005-03-28,Coimbatore,11.0168,76.9558,Humid,29.93,37.17,24.59,54.85,1.4,0.0,21.03,37.37
2005-03-29,Coimbatore,11.0168,76.9558,Humid,29.01,37.56,23.22,59.79,2.63,0.0,18.54,37.42
2005-03-30,Coimbatore,11.0168,76.9558,Humid,28.64,36.31,23.27,62.35,1.74,3.73,22.74,37.46
2005-03-31,Coimbatore,11.0168,76.9558,Humid,27.27,33.76,22.86,65.89,1.75,0.23,18.45,37.5
2005-04-01,Coimbatore,11.0168,76.9558,Humid,29.13,37.06,23.12,55.84,1.2,0.15,16.9,37.54
2005-04-02,Coimbatore,11.0168,76.9558,Humid,29.68,37.53,23.0,53.25,1.5,0.08,22.5,37.58
2005-04-03,Coimbatore,11.0168,76.9558,Humid,28.09,34.73,24.14,64.44,1.73,9.57,19.87,37.61
2005-04-04,Coimbatore,11.0168,76.9558,Humid,24.33,27.48,22.24,82.4,1.56,2.72,12.32,37.64
2005-04-05,Coimbatore,11.0168,76.9558,Humid,23.51,26.43,21.42,85.24,2.3,2.9,13.95,37.68
2005-04-06,Coimbatore,11.0168,76.9558,Humid,25.18,30.13,21.56,81.21,1.22,24.24,14.17,37.71
2005-04-07,Coimbatore,11.0168,76.9558,Humid,23.99,27.87,21.7,85.23,2.05,11.76,12.45,37.74
2005-04-08,Coimbatore,11.0168,76.9558,Humid,25.26,30.91,21.53,79.32,1.97,1.74,16.87,37.77
2005-04-09,Coimbatore,11.0168,76.9558,Humid,25.91,31.24,22.52,77.73,1.75,0.15,20.54,37.79
2005-04-10,Coimbatore,11.0168,76.9558,Humid,26.36,30.78,22.77,78.18,1.07,0.68,17.77,37.81
2005-04-11,Coimbatore,11.0168,76.9558,Humid,26.21,30.86,23.05,79.11,0.74,1.15,19.79,37.83
2005-04-12,Coimbatore,11.0168,76.9558,Humid,26.26,31.64,22.12,77.55,0.92,0.73,16.2,37.85
2005-04-13,Coimbatore,11.0168,76.9558,Humid,26.16,30.4,23.26,78.6,0.73,1.85,17.96,37.87
2005-04-14,Coimbatore,11.0168,76.9558,Humid,27.21,33.57,22.47,71.55,0.75,0.26,20.58,37.89
2005-04-15,Coimbatore,11.0168,76.9558,Humid,27.74,34.63,21.93,67.79,1.3,0.29,24.07,37.9
2005-04-16,Coimbatore,11.0168,76.9558,Humid,27.57,34.68,22.59,67.64,1.08,0.13,24.27,37.91
2005-04-17,Coimbatore,11.0168,76.9558,Humid,27.92,35.36,22.35,64.92,1.16,0.05,26.69,37.92
2005-04-18,Coimbatore,11.0168,76.9558,Humid,26.86,33.03,22.37,71.47,0.89,0.06,26.12,37.93
2005-04-19,Coimbatore,11.0168,76.9558,Humid,27.59,34.36,22.28,69.63,1.01,1.9,24.57,37.94
2005-04-20,Coimbatore,11.0168,76.9558,Humid,25.79,30.52,21.91,75.67,1.33,1.95,19.96,37.94
2005-04-21,Coimbatore,11.0168,76.9558,Humid,26.36,33.55,19.81,69.3,1.43,0.19,23.17,37.95
2005-04-22,Coimbatore,11.0168,76.9558,Humid,26.55,31.69,22.23,70.47,0.78,0.01,22.28,37.95
2005-04-23,Coimbatore,11.0168,76.9558,Humid,27.56,34.56,22.18,68.28,1.18,0.51,23.16,37.96
2005-04-24,Coimbatore,11.0168,76.9558,Humid,27.23,32.83,22.9,72.24,0.9,0.12,21.91,37.95
2005-04-25,Coimbatore,11.0168,76.9558,Humid,26.42,30.48,23.21,75.24,0.66,1.57,18.8,37.95
2005-04-26,Coimbatore,11.0168,76.9558,Humid,27.17,32.79,22.7,73.69,0.83,1.37,21.07,37.95
2005-04-27,Coimbatore,11.0168,76.9558,Humid,27.12,32.71,23.58,75.89,0.71,0.55,19.94,37.94
2005-04-28,Coimbatore,11.0168,76.9558,Humid,28.31,34.96,23.38,70.03,1.34,0.0,24.19,37.93
2005-04-29,Coimbatore,11.0168,76.9558,Humid,29.03,36.26,24.54,66.8,1.06,0.05,25.89,37.92
2005-04-30,Coimbatore,11.0168,76.9558,Humid,27.5,32.25,24.64,74.34,1.13,2.91,19.78,37.91
2005-05-01,Coimbatore,11.0168,76.9558,Humid,27.06,32.32,23.87,76.82,1.17,8.6,23.26,37.9
2005-05-02,Coimbatore,11.0168,76.9558,Humid,26.24,30.19,23.43,78.4,0.79,1.85,23.04,37.9
2005-05-03,Coimbatore,11.0168,76.9558,Humid,27.58,35.17,22.24,67.4,1.71,0.22,22.47,37.9
2005-05-04,Coimbatore,11.0168,76.9558,Humid,26.83,32.83,22.67,69.23,1.54,1.63,21.52,37.9
2005-05-05,Coimbatore,11.0168,76.9558,Humid,27.19,33.99,22.99,70.13,1.55,0.57,18.95,37.89
2005-05-06,Coimbatore,11.0168,76.9558,Humid,27.39,35.22,22.75,69.37,1.82,3.82,23.07,37.88
2005-05-07,Coimbatore,11.0168,76.9558,Humid,27.18,34.8,23.0,71.76,1.45,5.55,21.0,37.87
2005-05-08,Coimbatore,11.0168,76.9558,Humid,26.75,32.13,21.71,70.31,1.28,0.02,22.07,37.85
2005-05-09,Coimbatore,11.0168,76.9558,Humid,27.6,34.19,22.65,66.77,2.44,0.15,19.54,37.83
2005-05-10,Coimbatore,11.0168,76.9558,Humid,26.9,33.78,22.29,68.9,2.24,0.01,22.98,37.81
2005-05-11,Coimbatore,11.0168,76.9558,Humid,26.72,31.85,23.01,73.7,2.34,0.24,18.39,37.79
2005-05-12,Coimbatore,11.0168,76.9558,Humid,27.7,34.62,23.85,73.63,1.9,2.04,19.52,37.78
2005-05-13,Coimbatore,11.0168,76.9558,Humid,27.04,32.77,24.09,75.75,1.71,0.28,22.06,37.77
2005-05-14,Coimbatore,11.0168,76.9558,Humid,28.23,35.55,23.52,68.82,1.92,2.48,20.99,37.75
2005-05-15,Coimbatore,11.0168,76.9558,Humid,27.65,34.74,23.4,72.12,2.61,0.54,22.56,37.74
2005-05-16,Coimbatore,11.0168,76.9558,Humid,28.33,36.7,22.78,65.83,2.67,0.06,24.91,37.72
2005-05-17,Coimbatore,11.0168,76.9558,Humid,28.6,37.18,22.88,64.66,2.4,0.03,25.1,37.71
2005-05-18,Coimbatore,11.0168,76.9558,Humid,29.64,38.42,23.09,62.39,2.33,0.03,24.79,37.69
2005-05-19,Coimbatore,11.0168,76.9558,Humid,29.96,38.13,24.22,64.42,1.94,0.0,23.26,37.68
2005-05-20,Coimbatore,11.0168,76.9558,Humid,29.59,37.83,24.23,65.66,2.15,0.0,24.21,37.66
2005-05-21,Coimbatore,11.0168,76.9558,Humid,28.41,34.65,24.19,67.62,2.37,0.24,22.56,37.64
2005-05-22,Coimbatore,11.0168,76.9558,Humid,29.71,38.19,23.61,63.41,2.0,0.28,21.87,37.63
2005-05-23,Coimbatore,11.0168,76.9558,Humid,27.66,31.6,24.69,72.14,2.3,0.95,22.74,37.61
2005-05-24,Coimbatore,11.0168,76.9558,Humid,27.68,32.75,23.95,71.79,2.15,0.03,21.69,37.59
2005-05-25,Coimbatore,11.0168,76.9558,Humid,27.79,33.58,23.53,69.85,2.01,0.6,22.33,37.57
2005-05-26,Coimbatore,11.0168,76.9558,Humid,26.96,32.54,23.37,75.14,2.14,39.86,23.97,37.55
2005-05-27,Coimbatore,11.0168,76.9558,Humid,25.77,30.17,23.21,80.17,1.79,9.95,18.14,37.53
2005-05-28,Coimbatore,11.0168,76.9558,Humid,25.87,31.42,22.13,75.22,1.93,1.35,17.92,37.51
2005-05-29,Coimbatore,11.0168,76.9558,Humid,26.29,33.06,21.03,74.49,1.45,6.65,21.48,37.5
2005-05-30,Coimbatore,11.0168,76.9558,Humid,25.75,31.48,22.23,76.18,2.53,2.23,14.43,37.49
2005-05-31,Coimbatore,11.0168,76.9558,Humid,24.89,28.72,22.39,84.59,2.8,4.04,16.92,37.47
2005-06-01,Coimbatore,11.0168,76.9558,Humid,26.17,31.52,22.8,79.43,2.97,1.5,21.61,37.46
2005-06-02,Coimbatore,11.0168,76.9558,Humid,25.62,29.55,23.01,81.24,2.86,0.92,18.05,37.44
2005-06-03,Coimbatore,11.0168,76.9558,Humid,26.65,32.05,23.01,77.62,2.08,0.39,19.8,37.41
2005-06-04,Coimbatore,11.0168,76.9558,Humid,26.08,30.56,23.21,80.05,1.66,3.3,20.06,37.4
2005-06-05,Coimbatore,11.0168,76.9558,Humid,25.87,30.12,23.01,82.64,1.88,8.27,18.02,37.38
2005-06-06,Coimbatore,11.0168,76.9558,Humid,24.72,27.68,22.43,86.69,2.47,4.77,18.32,37.36
2005-06-07,Coimbatore,11.0168,76.9558,Humid,25.13,29.18,22.26,83.59,2.22,0.83,19.18,37.35
2005-06-08,Coimbatore,11.0168,76.9558,Humid,25.79,30.74,22.4,81.86,2.7,4.72,18.1,37.33
2005-06-09,Coimbatore,11.0168,76.9558,Humid,24.38,27.05,22.46,87.06,4.32,6.61,10.67,37.31
2005-06-10,Coimbatore,11.0168,76.9558,Humid,24.19,28.3,21.87,83.69,4.65,2.9,10.22,37.29
2005-06-11,Coimbatore,11.0168,76.9558,Humid,25.03,29.52,22.11,80.83,3.31,1.34,19.03,37.28
2005-06-12,Coimbatore,11.0168,76.9558,Humid,25.62,31.74,21.51,78.86,3.14,4.9,22.38,37.28
2005-06-13,Coimbatore,11.0168,76.9558,Humid,24.25,28.22,21.76,86.13,3.24,6.9,19.62,37.27
2005-06-14,Coimbatore,11.0168,76.9558,Humid,24.54,29.17,22.0,83.12,2.83,1.23,19.1,37.27
2005-06-15,Coimbatore,11.0168,76.9558,Humid,25.14,30.05,22.0,80.35,2.65,1.44,18.92,37.26
2005-06-16,Coimbatore,11.0168,76.9558,Humid,25.02,29.32,22.52,86.18,3.5,17.92,18.64,37.25
2005-06-17,Coimbatore,11.0168,76.9558,Humid,24.58,28.0,22.48,85.02,4.72,11.24,15.55,37.24
2005-06-18,Coimbatore,11.0168,76.9558,Humid,23.93,26.94,21.63,85.26,4.1,4.75,12.45,37.23
2005-06-19,Coimbatore,11.0168,76.9558,Humid,24.66,28.24,22.35,84.24,4.53,8.97,15.43,37.23
2005-06-20,Coimbatore,11.0168,76.9558,Humid,24.55,27.74,22.89,85.75,4.59,24.51,10.34,37.23
2005-06-21,Coimbatore,11.0168,76.9558,Humid,24.49,27.79,22.77,85.84,4.53,15.96,10.74,37.23
2005-06-22,Coimbatore,11.0168,76.9558,Humid,23.44,26.25,20.58,83.44,3.82,6.01,12.46,37.22
2005-06-23,Coimbatore,11.0168,76.9558,Humid,24.33,28.78,20.64,83.65,3.39,1.58,15.58,37.22
2005-06-24,Coimbatore,11.0168,76.9558,Humid,24.84,28.8,22.48,84.97,3.84,3.68,14.57,37.22
2005-06-25,Coimbatore,11.0168,76.9558,Humid,24.65,28.16,22.39,86.18,3.45,3.73,16.33,37.22
2005-06-26,Coimbatore,11.0168,76.9558,Humid,24.07,26.65,22.48,87.88,3.28,2.91,13.96,37.22
2005-06-27,Coimbatore,11.0168,76.9558,Humid,24.07,26.72,22.39,88.26,3.3,2.44,15.14,37.22
2005-06-28,Coimbatore,11.0168,76.9558,Humid,23.93,27.23,21.81,85.93,3.86,3.63,14.34,37.22
2005-06-29,Coimbatore,11.0168,76.9558,Humid,23.97,28.07,21.75,85.15,3.66,4.09,14.6,37.22
2005-06-30,Coimbatore,11.0168,76.9558,Humid,24.36,27.82,21.9,86.95,3.23,8.76,13.52,37.21
2005-07-01,Coimbatore,11.0168,76.9558,Humid,24.21,26.66,22.58,88.52,3.43,10.2,6.45,37.21
2005-07-02,Coimbatore,11.0168,76.9558,Humid,24.2,27.75,21.89,85.53,3.27,5.24,15.16,37.2
2005-07-03,Coimbatore,11.0168,76.9558,Humid,23.93,26.41,22.36,89.12,3.5,5.84,15.17,37.2
2005-07-04,Coimbatore,11.0168,76.9558,Humid,24.09,26.93,22.47,88.16,4.0,10.23,12.01,37.21
2005-07-05,Coimbatore,11.0168,76.9558,Humid,24.28,27.05,22.5,88.18,4.52,8.56,12.0,37.21
2005-07-06,Coimbatore,11.0168,76.9558,Humid,23.74,27.25,21.38,84.38,4.56,3.26,11.29,37.22
2005-07-07,Coimbatore,11.0168,76.9558,Humid,24.17,28.26,21.1,84.83,3.97,2.44,12.54,37.22
2005-07-08,Coimbatore,11.0168,76.9558,Humid,24.54,28.11,22.13,86.08,3.58,1.37,15.29,37.23
2005-07-09,Coimbatore,11.0168,76.9558,Humid,23.92,26.19,22.16,87.97,3.83,3.17,13.16,37.24
2005-07-10,Coimbatore,11.0168,76.9558,Humid,22.7,25.88,20.66,85.95,3.24,9.41,16.13,37.25
2005-07-11,Coimbatore,11.0168,76.9558,Humid,23.1,27.4,19.76,83.09,3.44,2.23,14.59,37.26
2005-07-12,Coimbatore,11.0168,76.9558,Humid,23.79,27.25,21.02,86.94,2.83,0.76,14.38,37.27
2005-07-13,Coimbatore,11.0168,76.9558,Humid,23.59,26.24,21.67,90.43,2.43,2.58,21.31,37.28
2005-07-14,Coimbatore,11.0168,76.9558,Humid,23.77,27.73,21.12,84.96,2.4,23.96,18.27,37.29
2005-07-15,Coimbatore,11.0168,76.9558,Humid,23.6,26.94,21.02,88.69,1.78,12.92,18.52,37.3
2005-07-16,Coimbatore,11.0168,76.9558,Humid,23.78,27.39,21.39,88.47,1.63,3.12,15.99,37.3
2005-07-17,Coimbatore,11.0168,76.9558,Humid,23.65,27.32,21.32,89.15,2.79,11.14,12.33,37.31
2005-07-18,Coimbatore,11.0168,76.9558,Humid,24.15,28.35,21.32,88.04,2.82,2.88,17.65,37.32
2005-07-19,Coimbatore,11.0168,76.9558,Humid,24.06,27.39,22.07,89.63,3.01,3.64,14.13,37.33
2005-07-20,Coimbatore,11.0168,76.9558,Humid,23.46,26.23,21.39,90.59,2.83,4.65,14.4,37.34
2005-07-21,Coimbatore,11.0168,76.9558,Humid,23.52,26.73,21.45,87.41,3.07,0.68,16.85,37.35
2005-07-22,Coimbatore,11.0168,76.9558,Humid,23.34,26.48,20.95,87.64,3.06,1.43,14.3,37.36
2005-07-23,Coimbatore,11.0168,76.9558,Humid,23.18,26.09,21.23,89.34,3.23,5.29,9.55,37.37
2005-07-24,Coimbatore,11.0168,76.9558,Humid,23.08,26.29,21.08,88.28,4.3,5.53,10.28,37.38
2005-07-25,Coimbatore,11.0168,76.9558,Humid,22.92,25.98,20.57,86.34,5.33,3.21,7.09,37.39
2005-07-26,Coimbatore,11.0168,76.9558,Humid,23.83,27.14,21.66,84.22,5.27,3.42,13.55,37.4
2005-07-27,Coimbatore,11.0168,76.9558,Humid,23.86,27.22,21.42,85.82,4.67,2.28,13.62,37.41
2005-07-28,Coimbatore,11.0168,76.9558,Humid,23.81,27.36,21.34,85.48,4.43,2.9,14.04,37.42
2005-07-29,Coimbatore,11.0168,76.9558,Humid,22.97,26.02,21.02,86.31,4.46,7.92,11.65,37.43
2005-07-30,Coimbatore,11.0168,76.9558,Humid,23.57,26.97,21.42,86.15,5.17,11.2,10.05,37.44
2005-07-31,Coimbatore,11.0168,76.9558,Humid,23.89,26.66,22.01,86.69,5.36,6.23,13.12,37.45
2005-08-01,Coimbatore,11.0168,76.9558,Humid,23.63,26.6,22.08,86.81,5.1,13.03,9.14,37.45
2005-08-02,Coimbatore,11.0168,76.9558,Humid,23.1,26.17,20.91,85.58,5.4,8.51,9.45,37.46
2005-08-03,Coimbatore,11.0168,76.9558,Humid,22.99,26.05,20.73,87.02,4.26,2.09,14.28,37.46
2005-08-04,Coimbatore,11.0168,76.9558,Humid,23.18,27.06,20.71,87.35,4.12,2.95,15.23,37.47
2005-08-05,Coimbatore,11.0168,76.9558,Humid,23.13,26.71,20.72,85.16,4.06,2.07,13.32,37.47
2005-08-06,Coimbatore,11.0168,76.9558,Humid,23.52,28.54,19.7,83.61,3.4,0.21,20.1,37.48
2005-08-07,Coimbatore,11.0168,76.9558,Humid,23.64,28.7,20.37,84.94,3.31,0.33,18.43,37.48
2005-08-08,Coimbatore,11.0168,76.9558,Humid,23.47,27.3,20.38,86.39,3.18,1.63,17.58,37.49
2005-08-09,Coimbatore,11.0168,76.9558,Humid,23.79,28.01,20.87,85.77,3.21,3.15,17.0,37.49
2005-08-10,Coimbatore,11.0168,76.9558,Humid,23.53,26.7,21.33,88.25,3.25,3.28,14.55,37.5
2005-08-11,Coimbatore,11.0168,76.9558,Humid,23.85,27.72,21.22,87.02,3.42,1.55,14.66,37.5
2005-08-12,Coimbatore,11.0168,76.9558,Humid,23.84,27.47,21.54,85.43,3.63,0.5,13.63,37.5
2005-08-13,Coimbatore,11.0168,76.9558,Humid,23.97,28.76,21.13,85.02,3.37,1.04,14.9,37.5
2005-08-14,Coimbatore,11.0168,76.9558,Humid,23.99,28.77,21.0,84.16,3.88,1.2,14.65,37.5
2005-08-15,Coimbatore,11.0168,76.9558,Humid,24.01,28.36,21.15,84.66,3.85,2.52,13.13,37.5
2005-08-16,Coimbatore,11.0168,76.9558,Humid,23.3,27.32,20.69,84.36,3.86,3.73,11.21,37.49
2005-08-17,Coimbatore,11.0168,76.9558,Humid,23.78,28.77,20.35,82.43,3.37,0.87,14.16,37.49
2005-08-18,Coimbatore,11.0168,76.9558,Humid,23.36,27.95,19.71,82.52,2.98,0.15,19.55,37.49
2005-08-19,Coimbatore,11.0168,76.9558,Humid,23.68,28.03,20.74,85.18,2.97,0.6,19.09,37.48
2005-08-20,Coimbatore,11.0168,76.9558,Humid,23.89,28.72,20.55,82.8,2.76,0.06,22.13,37.47
2005-08-21,Coimbatore,11.0168,76.9558,Humid,24.41,30.14,20.12,81.5,2.49,0.14,22.76,37.47
2005-08-22,Coimbatore,11.0168,76.9558,Humid,24.23,28.92,20.49,83.05,1.86,0.18,22.07,37.46
2005-08-23,Coimbatore,11.0168,76.9558,Humid,24.04,28.22,20.5,84.76,1.39,13.95,13.92,37.45
2005-08-24,Coimbatore,11.0168,76.9558,Humid,23.82,28.16,20.5,85.04,1.87,1.89,18.31,37.44
2005-08-25,Coimbatore,11.0168,76.9558,Humid,24.18,28.96,20.55,82.16,2.17,2.93,18.71,37.43
2005-08-26,Coimbatore,11.0168,76.9558,Humid,24.04,28.99,20.23,83.69,1.61,5.37,17.52,37.42
2005-08-27,Coimbatore,11.0168,76.9558,Humid,23.77,27.12,21.53,87.84,1.56,7.48,12.38,37.41
2005-08-28,Coimbatore,11.0168,76.9558,Humid,24.73,29.46,21.94,85.11,1.44,2.31,20.36,37.39
2005-08-29,Coimbatore,11.0168,76.9558,Humid,24.64,28.14,22.39,85.79,1.89,0.47,16.92,37.37
2005-08-30,Coimbatore,11.0168,76.9558,Humid,25.59,31.81,21.02,79.16,2.11,0.15,21.78,37.35
2005-08-31,Coimbatore,11.0168,76.9558,Humid,24.65,28.9,21.29,83.19,2.01,1.47,18.73,37.32
2005-09-01,Coimbatore,11.0168,76.9558,Humid,24.56,28.05,21.58,86.16,1.55,2.33,15.71,37.3
2005-09-02,Coimbatore,11.0168,76.9558,Humid,23.82,26.11,22.46,91.32,1.82,5.11,16.91,37.27
2005-09-03,Coimbatore,11.0168,76.9558,Humid,24.05,26.5,22.49,90.88,1.88,4.93,17.8,37.25
2005-09-04,Coimbatore,11.0168,76.9558,Humid,24.14,27.28,21.96,90.29,2.92,13.67,12.75,37.22
2005-09-05,Coimbatore,11.0168,76.9558,Humid,23.32,26.13,21.76,89.63,3.59,4.41,14.49,37.19
2005-09-06,Coimbatore,11.0168,76.9558,Humid,23.42,26.6,21.48,90.16,3.25,7.74,12.13,37.16
2005-09-07,Coimbatore,11.0168,76.9558,Humid,22.89,25.53,21.26,90.37,2.83,9.49,10.72,37.13
2005-09-08,Coimbatore,11.0168,76.9558,Humid,23.87,28.06,21.8,87.91,3.89,6.04,12.9,37.09
2005-09-09,Coimbatore,11.0168,76.9558,Humid,23.93,27.91,21.8,86.54,3.78,1.22,15.46,37.05
2005-09-10,Coimbatore,11.0168,76.9558,Humid,23.25,26.33,21.53,88.01,3.6,12.67,11.0,37.01
2005-09-11,Coimbatore,11.0168,76.9558,Humid,22.97,25.47,21.37,89.03,3.56,6.94,12.25,36.97
2005-09-12,Coimbatore,11.0168,76.9558,Humid,23.17,26.03,21.3,89.58,4.05,4.18,11.66,36.92
2005-09-13,Coimbatore,11.0168,76.9558,Humid,23.53,26.75,21.3,88.27,3.92,1.86,14.6,36.88
2005-09-14,Coimbatore,11.0168,76.9558,Humid,23.77,27.43,21.32,87.46,3.28,1.77,15.85,36.84
2005-09-15,Coimbatore,11.0168,76.9558,Humid,23.48,26.99,21.18,87.5,2.42,3.43,16.52,36.8
2005-09-16,Coimbatore,11.0168,76.9558,Humid,23.65,27.64,20.92,87.86,2.17,0.44,20.36,36.76
2005-09-17,Coimbatore,11.0168,76.9558,Humid,24.18,29.51,20.19,83.89,2.38,0.02,22.27,36.73
2005-09-18,Coimbatore,11.0168,76.9558,Humid,24.09,29.34,20.26,83.04,2.98,0.0,22.92,36.68
2005-09-19,Coimbatore,11.0168,76.9558,Humid,23.47,28.23,20.01,83.5,3.87,0.41,16.87,36.63
2005-09-20,Coimbatore,11.0168,76.9558,Humid,23.38,27.24,21.38,86.92,4.46,6.61,11.14,36.57
2005-09-21,Coimbatore,11.0168,76.9558,Humid,24.03,28.56,21.37,85.26,3.75,3.04,16.81,36.51
2005-09-22,Coimbatore,11.0168,76.9558,Humid,23.98,29.38,20.53,84.16,2.68,0.34,21.19,36.45
2005-09-23,Coimbatore,11.0168,76.9558,Humid,23.9,29.56,19.89,83.01,2.47,0.01,20.45,36.4
2005-09-24,Coimbatore,11.0168,76.9558,Humid,24.14,30.14,19.78,82.57,2.19,0.04,22.4,36.34
2005-09-25,Coimbatore,11.0168,76.9558,Humid,24.11,29.83,19.79,82.17,2.08,1.01,22.37,36.27
2005-09-26,Coimbatore,11.0168,76.9558,Humid,24.41,30.57,19.73,79.48,2.13,0.07,22.57,36.21
2005-09-27,Coimbatore,11.0168,76.9558,Humid,24.31,29.94,20.0,81.95,2.09,0.0,20.63,36.14
2005-09-28,Coimbatore,11.0168,76.9558,Humid,24.23,28.7,21.14,83.08,1.87,1.03,20.21,36.08
2005-09-29,Coimbatore,11.0168,76.9558,Humid,24.15,29.61,20.22,82.2,2.03,0.39,18.31,36.01
2005-09-30,Coimbatore,11.0168,76.9558,Humid,23.29,27.93,20.21,84.27,1.9,0.84,20.86,35.94
2005-10-01,Coimbatore,11.0168,76.9558,Humid,23.48,29.14,19.24,81.57,1.38,0.05,21.3,35.87
2005-10-02,Coimbatore,11.0168,76.9558,Humid,24.18,28.51,20.47,83.86,1.24,2.84,17.45,35.79
2005-10-03,Coimbatore,11.0168,76.9558,Humid,24.57,29.16,21.6,82.53,1.47,4.78,13.36,35.72
2005-10-04,Coimbatore,11.0168,76.9558,Humid,24.75,29.8,21.01,82.61,1.21,33.79,16.45,35.64
2005-10-05,Coimbatore,11.0168,76.9558,Humid,25.12,29.14,21.27,82.88,0.84,11.71,19.07,35.57
2005-10-06,Coimbatore,11.0168,76.9558,Humid,25.81,30.53,21.21,78.35,0.86,0.13,17.95,35.49
2005-10-07,Coimbatore,11.0168,76.9558,Humid,25.32,29.85,22.19,83.01,0.82,5.88,16.1,35.41
2005-10-08,Coimbatore,11.0168,76.9558,Humid,23.75,27.66,21.37,90.39,1.5,11.29,17.91,35.33
2005-10-09,Coimbatore,11.0168,76.9558,Humid,23.15,26.23,21.16,89.1,0.82,10.13,18.85,35.25
2005-10-10,Coimbatore,11.0168,76.9558,Humid,24.13,28.74,20.8,85.94,0.35,20.67,11.32,35.17
2005-10-11,Coimbatore,11.0168,76.9558,Humid,23.84,27.81,20.87,85.88,0.82,19.06,16.01,35.09
2005-10-12,Coimbatore,11.0168,76.9558,Humid,22.72,24.63,21.34,93.7,0.68,15.52,12.65,35.0
2005-10-13,Coimbatore,11.0168,76.9558,Humid,22.96,26.03,21.07,92.86,1.59,7.75,9.16,34.92
2005-10-14,Coimbatore,11.0168,76.9558,Humid,23.17,26.5,20.94,90.09,2.15,0.74,15.58,34.83
2005-10-15,Coimbatore,11.0168,76.9558,Humid,23.59,27.82,20.73,89.08,1.58,0.61,19.42,34.74
2005-10-16,Coimbatore,11.0168,76.9558,Humid,23.52,28.47,19.61,86.04,1.05,1.0,21.09,34.65
2005-10-17,Coimbatore,11.0168,76.9558,Humid,23.56,27.46,20.83,88.82,1.1,4.62,18.59,34.56
2005-10-18,Coimbatore,11.0168,76.9558,Humid,23.24,27.36,20.28,89.41,1.15,2.61,20.4,34.47
2005-10-19,Coimbatore,11.0168,76.9558,Humid,23.0,26.39,20.78,89.46,2.09,2.29,17.4,34.37
2005-10-20,Coimbatore,11.0168,76.9558,Humid,23.34,27.4,20.43,88.9,1.57,0.17,15.86,34.28
2005-10-21,Coimbatore,11.0168,76.9558,Humid,23.66,27.14,20.97,89.48,1.19,29.33,14.87,34.19
2005-10-22,Coimbatore,11.0168,76.9558,Humid,22.82,25.39,20.54,90.77,0.94,43.98,14.96,34.09
2005-10-23,Coimbatore,11.0168,76.9558,Humid,23.04,26.19,20.77,92.47,2.12,15.05,14.54,34.0
2005-10-24,Coimbatore,11.0168,76.9558,Humid,22.78,26.02,20.22,92.03,1.21,21.15,12.59,33.9
2005-10-25,Coimbatore,11.0168,76.9558,Humid,22.88,26.31,20.58,90.72,1.2,15.77,13.64,33.8
2005-10-26,Coimbatore,11.0168,76.9558,Humid,22.52,26.85,19.12,88.9,0.61,1.8,14.77,33.71
2005-10-27,Coimbatore,11.0168,76.9558,Humid,22.69,26.21,19.84,91.35,1.38,4.48,9.59,33.61
2005-10-28,Coimbatore,11.0168,76.9558,Humid,23.42,27.91,20.64,89.62,2.12,1.09,11.78,33.51
2005-10-29,Coimbatore,11.0168,76.9558,Humid,23.78,27.93,21.23,89.77,2.27,6.67,16.84,33.41
2005-10-30,Coimbatore,11.0168,76.9558,Humid,23.47,27.55,20.84,91.26,2.12,7.41,9.57,33.32
2005-10-31,Coimbatore,11.0168,76.9558,Humid,23.17,26.25,21.2,91.57,1.49,1.24,12.02,33.22
2005-11-01,Coimbatore,11.0168,76.9558,Humid,23.41,27.7,20.45,90.04,1.6,21.38,13.93,33.13
2005-11-02,Coimbatore,11.0168,76.9558,Humid,22.64,24.56,21.05,95.14,1.21,16.29,14.97,33.03
2005-11-03,Coimbatore,11.0168,76.9558,Humid,22.87,25.99,20.53,87.76,1.19,6.96,15.36,32.94
2005-11-04,Coimbatore,11.0168,76.9558,Humid,22.77,26.07,20.3,89.26,1.05,11.81,15.9,32.84
2005-11-05,Coimbatore,11.0168,76.9558,Humid,21.75,24.08,19.93,92.35,1.48,14.35,14.4,32.74
2005-11-06,Coimbatore,11.0168,76.9558,Humid,22.31,25.27,19.48,90.07,1.26,4.8,12.61,32.65
2005-11-07,Coimbatore,11.0168,76.9558,Humid,22.71,26.27,20.31,89.71,1.7,2.77,12.55,32.56
2005-11-08,Coimbatore,11.0168,76.9558,Humid,22.85,26.91,19.85,90.43,1.51,6.7,11.63,32.46
2005-11-09,Coimbatore,11.0168,76.9558,Humid,22.35,24.85,19.83,89.48,0.94,0.59,13.04,32.37
2005-11-10,Coimbatore,11.0168,76.9558,Humid,22.73,25.56,20.41,91.1,0.84,8.0,11.94,32.28
2005-11-11,Coimbatore,11.0168,76.9558,Humid,23.01,26.47,20.64,91.44,0.59,2.87,14.14,32.19
2005-11-12,Coimbatore,11.0168,76.9558,Humid,22.6,24.94,21.26,92.77,1.14,20.68,11.22,32.1
2005-11-13,Coimbatore,11.0168,76.9558,Humid,21.3,23.98,18.64,93.2,1.12,21.24,13.82,32.0
2005-11-14,Coimbatore,11.0168,76.9558,Humid,21.37,26.31,18.19,85.26,1.25,1.29,19.71,31.91
2005-11-15,Coimbatore,11.0168,76.9558,Humid,21.81,27.33,16.83,84.3,0.88,0.03,21.16,31.82
2005-11-16,Coimbatore,11.0168,76.9558,Humid,20.04,26.05,15.24,83.59,1.4,0.0,22.21,31.73
2005-11-17,Coimbatore,11.0168,76.9558,Humid,18.69,25.33,12.44,77.98,1.28,0.01,23.01,31.64
2005-11-18,Coimbatore,11.0168,76.9558,Humid,18.47,24.57,13.09,77.7,1.44,0.01,22.95,31.56
2005-11-19,Coimbatore,11.0168,76.9558,Humid,19.61,25.63,13.72,84.21,1.33,0.02,22.43,31.48
2005-11-20,Coimbatore,11.0168,76.9558,Humid,21.13,26.18,16.19,83.3,1.33,0.04,21.55,31.4
2005-11-21,Coimbatore,11.0168,76.9558,Humid,21.22,23.91,18.0,89.07,1.44,2.68,12.98,31.33
2005-11-22,Coimbatore,11.0168,76.9558,Humid,21.93,24.14,19.72,94.5,3.1,5.35,8.63,31.25
2005-11-23,Coimbatore,11.0168,76.9558,Humid,22.05,23.81,19.82,94.63,3.39,21.13,4.41,31.18
2005-11-24,Coimbatore,11.0168,76.9558,Humid,20.05,21.78,18.92,94.24,3.52,17.88,10.73,31.11
2005-11-25,Coimbatore,11.0168,76.9558,Humid,21.6,25.98,18.23,90.54,2.71,2.45,13.91,31.04
2005-11-26,Coimbatore,11.0168,76.9558,Humid,22.03,25.33,19.3,90.17,2.26,2.36,18.91,30.97
2005-11-27,Coimbatore,11.0168,76.9558,Humid,22.37,26.32,19.42,90.27,1.85,5.24,14.47,30.9
2005-11-28,Coimbatore,11.0168,76.9558,Humid,21.48,26.1,17.85,87.8,1.57,0.29,16.48,30.84
2005-11-29,Coimbatore,11.0168,76.9558,Humid,19.61,24.27,15.35,82.36,1.21,0.24,19.48,30.78
2005-11-30,Coimbatore,11.0168,76.9558,Humid,21.15,27.09,14.81,79.46,0.66,0.14,20.23,30.72
2005-12-01,Coimbatore,11.0168,76.9558,Humid,22.8,27.66,18.58,87.18,0.84,0.03,18.4,30.66
2005-12-02,Coimbatore,11.0168,76.9558,Humid,22.64,25.92,20.32,87.15,0.79,0.5,12.97,30.59
2005-12-03,Coimbatore,11.0168,76.9558,Humid,22.94,26.79,19.66,89.38,0.66,7.44,14.51,30.54
2005-12-04,Coimbatore,11.0168,76.9558,Humid,23.05,26.41,20.94,90.41,0.76,4.1,10.34,30.5
2005-12-05,Coimbatore,11.0168,76.9558,Humid,22.0,25.34,19.2,89.98,2.29,2.07,13.69,30.45
2005-12-06,Coimbatore,11.0168,76.9558,Humid,21.22,25.66,18.0,86.96,1.93,0.16,19.88,30.41
2005-12-07,Coimbatore,11.0168,76.9558,Humid,21.28,26.59,16.52,87.36,1.49,0.0,20.81,30.37
2005-12-08,Coimbatore,11.0168,76.9558,Humid,21.23,26.75,17.14,75.32,1.15,0.0,22.34,30.33
2005-12-09,Coimbatore,11.0168,76.9558,Humid,21.57,26.7,16.85,73.85,0.96,1.04,20.99,30.3
2005-12-10,Coimbatore,11.0168,76.9558,Humid,22.15,26.95,17.82,86.31,1.28,2.79,11.42,30.26
2005-12-11,Coimbatore,11.0168,76.9558,Humid,22.12,25.95,19.28,90.49,2.57,1.94,9.61,30.23
2005-12-12,Coimbatore,11.0168,76.9558,Humid,21.91,25.48,19.33,91.3,2.03,3.59,12.05,30.21
2005-12-13,Coimbatore,11.0168,76.9558,Humid,21.61,23.68,20.28,93.97,2.1,4.06,11.53,30.18
2005-12-14,Coimbatore,11.0168,76.9558,Humid,21.47,25.04,19.16,89.38,2.1,0.62,16.0,30.16
2005-12-15,Coimbatore,11.0168,76.9558,Humid,20.9,25.25,16.76,88.5,2.12,0.0,17.14,30.14
2005-12-16,Coimbatore,11.0168,76.9558,Humid,19.36,24.97,15.12,82.98,1.69,0.0,21.2,30.12
2005-12-17,Coimbatore,11.0168,76.9558,Humid,20.46,26.57,13.63,86.25,1.3,0.22,19.48,30.11
2005-12-18,Coimbatore,11.0168,76.9558,Humid,22.34,26.56,19.22,88.51,1.13,0.29,13.61,30.1
2005-12-19,Coimbatore,11.0168,76.9558,Humid,23.64,28.08,19.37,80.37,0.59,0.04,20.67,30.1
2005-12-20,Coimbatore,11.0168,76.9558,Humid,23.84,28.48,19.71,79.86,0.56,0.0,20.82,30.09
2005-12-21,Coimbatore,11.0168,76.9558,Humid,23.55,28.57,19.56,82.84,0.66,0.0,17.82,30.1
2005-12-22,Coimbatore,11.0168,76.9558,Humid,22.86,27.93,19.39,85.12,0.77,1.44,18.85,30.1
2005-12-23,Coimbatore,11.0168,76.9558,Humid,22.08,27.69,18.12,85.14,0.88,0.15,20.18,30.11
2005-12-24,Coimbatore,11.0168,76.9558,Humid,21.78,27.03,17.71,85.99,1.02,0.0,19.26,30.12
2005-12-25,Coimbatore,11.0168,76.9558,Humid,21.25,26.47,17.78,88.37,1.6,0.0,16.66,30.13
2005-12-26,Coimbatore,11.0168,76.9558,Humid,20.26,24.82,16.46,86.92,2.02,0.0,17.83,30.15
2005-12-27,Coimbatore,11.0168,76.9558,Humid,18.74,24.08,15.08,83.17,1.83,0.0,20.95,30.17
2005-12-28,Coimbatore,11.0168,76.9558,Humid,19.02,24.63,13.01,85.22,1.58,0.0,20.86,30.19
2005-12-29,Coimbatore,11.0168,76.9558,Humid,19.99,24.95,15.84,85.56,1.73,0.0,18.78,30.22
2005-12-30,Coimbatore,11.0168,76.9558,Humid,18.6,24.71,14.25,81.68,1.55,0.0,20.52,30.25
2005-12-31,Coimbatore,11.0168,76.9558,Humid,18.89,24.42,14.15,85.24,2.02,0.0,20.63,30.28
2006-01-01,Coimbatore,11.0168,76.9558,Humid,18.9,24.68,14.48,83.12,2.06,0.0,21.84,30.31
2006-01-02,Coimbatore,11.0168,76.9558,Humid,18.73,24.58,14.07,84.82,1.83,0.0,19.42,30.35
2006-01-03,Coimbatore,11.0168,76.9558,Humid,19.2,25.14,14.99,84.8,1.75,0.0,20.3,30.4
2006-01-04,Coimbatore,11.0168,76.9558,Humid,20.2,26.07,15.28,85.86,1.56,0.04,19.34,30.44
2006-01-05,Coimbatore,11.0168,76.9558,Humid,21.61,26.21,17.77,87.99,1.88,0.23,18.07,30.49
2006-01-06,Coimbatore,11.0168,76.9558,Humid,21.43,25.22,18.92,84.45,2.39,0.02,14.19,30.53
2006-01-07,Coimbatore,11.0168,76.9558,Humid,21.99,26.92,18.19,85.89,2.14,0.13,20.24,30.59
2006-01-08,Coimbatore,11.0168,76.9558,Humid,22.21,25.65,19.95,89.66,2.32,11.29,12.74,30.64
2006-01-09,Coimbatore,11.0168,76.9558,Humid,22.75,27.24,19.39,87.91,2.24,1.1,16.54,30.7
2006-01-10,Coimbatore,11.0168,76.9558,Humid,22.22,26.77,18.39,86.18,2.23,0.1,17.86,30.76
2006-01-11,Coimbatore,11.0168,76.9558,Humid,20.3,25.63,16.51,80.65,2.07,0.0,20.97,30.83
2006-01-12,Coimbatore,11.0168,76.9558,Humid,21.29,27.21,15.95,84.36,1.94,0.0,21.65,30.89
2006-01-13,Coimbatore,11.0168,76.9558,Humid,21.58,26.94,18.01,79.2,2.11,0.02,21.05,30.96
2006-01-14,Coimbatore,11.0168,76.9558,Humid,21.45,26.34,17.66,86.35,2.12,0.08,19.55,31.03
2006-01-15,Coimbatore,11.0168,76.9558,Humid,22.61,27.15,19.57,86.71,1.72,0.02,18.7,31.1
2006-01-16,Coimbatore,11.0168,76.9558,Humid,23.17,28.25,19.67,84.06,2.09,0.26,19.88,31.18
2006-01-17,Coimbatore,11.0168,76.9558,Humid,23.06,29.04,18.97,81.61,1.71,0.02,20.59,31.26
2006-01-18,Coimbatore,11.0168,76.9558,Humid,21.96,29.76,16.06,73.83,1.59,0.0,22.84,31.34
2006-01-19,Coimbatore,11.0168,76.9558,Humid,19.64,28.01,13.29,68.12,1.73,0.0,23.47,31.41
2006-01-20,Coimbatore,11.0168,76.9558,Humid,19.85,28.53,13.13,63.43,1.78,0.0,23.38,31.49
2006-01-21,Coimbatore,11.0168,76.9558,Humid,20.19,28.36,13.53,67.79,1.77,0.0,23.44,31.58
2006-01-22,Coimbatore,11.0168,76.9558,Humid,20.9,29.32,13.94,62.23,1.44,0.0,23.49,31.67
2006-01-23,Coimbatore,11.0168,76.9558,Humid,21.43,29.91,15.2,58.99,1.02,0.0,23.33,31.76
2006-01-24,Coimbatore,11.0168,76.9558,Humid,22.13,30.78,15.28,60.32,0.88,0.0,22.35,31.85
2006-01-25,Coimbatore,11.0168,76.9558,Humid,21.14,28.39,15.06,69.65,1.61,0.0,21.51,31.94
2006-01-26,Coimbatore,11.0168,76.9558,Humid,20.03,27.72,15.07,67.62,1.9,0.0,21.55,32.04
2006-01-27,Coimbatore,11.0168,76.9558,Humid,20.76,27.96,14.37,78.74,2.35,0.0,19.72,32.13
2006-01-28,Coimbatore,11.0168,76.9558,Humid,21.43,28.61,16.45,76.61,2.21,0.0,19.66,32.22
2006-01-29,Coimbatore,11.0168,76.9558,Humid,20.2,28.99,14.45,68.89,2.01,0.0,22.73,32.32
2006-01-30,Coimbatore,11.0168,76.9558,Humid,19.02,27.96,12.57,68.29,2.05,0.0,23.91,32.42
2006-01-31,Coimbatore,11.0168,76.9558,Humid,19.58,28.08,13.33,72.95,2.16,0.0,23.79,32.52
2006-02-01,Coimbatore,11.0168,76.9558,Humid,20.19,28.18,13.81,73.81,2.23,0.0,23.46,32.62
2006-02-02,Coimbatore,11.0168,76.9558,Humid,20.74,28.54,14.22,74.28,2.26,0.0,23.98,32.72
2006-02-03,Coimbatore,11.0168,76.9558,Humid,21.67,29.08,15.16,76.35,2.36,0.0,22.02,32.82
2006-02-04,Coimbatore,11.0168,76.9558,Humid,23.07,29.98,17.1,77.68,2.77,0.0,20.58,32.92
2006-02-05,Coimbatore,11.0168,76.9558,Humid,23.38,30.87,17.61,71.27,2.62,0.0,22.97,33.02
2006-02-06,Coimbatore,11.0168,76.9558,Humid,21.12,30.05,14.59,62.06,2.31,0.0,24.81,33.13
2006-02-07,Coimbatore,11.0168,76.9558,Humid,20.07,29.66,12.0,59.52,2.25,0.0,24.56,33.23
2006-02-08,Coimbatore,11.0168,76.9558,Humid,20.14,29.86,13.29,61.18,2.13,0.0,20.6,33.33
2006-02-09,Coimbatore,11.0168,76.9558,Humid,21.09,30.31,13.77,68.25,1.86,0.0,22.89,33.44
2006-02-10,Coimbatore,11.0168,76.9558,Humid,21.46,30.13,15.28,63.89,1.99,0.0,23.88,33.54
2006-02-11,Coimbatore,11.0168,76.9558,Humid,21.03,30.36,13.28,61.1,2.15,0.0,24.59,33.65
2006-02-12,Coimbatore,11.0168,76.9558,Humid,21.75,30.03,15.34,65.18,2.36,0.0,24.76,33.75
2006-02-13,Coimbatore,11.0168,76.9558,Humid,20.61,29.05,13.62,64.0,2.22,0.0,25.63,33.86
2006-02-14,Coimbatore,11.0168,76.9558,Humid,21.27,30.67,13.53,52.24,1.8,0.0,25.84,33.96
2006-02-15,Coimbatore,11.0168,76.9558,Humid,22.42,32.09,14.04,51.19,1.41,0.0,25.46,34.07
2006-02-16,Coimbatore,11.0168,76.9558,Humid,23.69,33.58,15.46,54.5,1.21,0.0,25.25,34.17
2006-02-17,Coimbatore,11.0168,76.9558,Humid,24.29,33.95,15.93,52.29,1.35,0.0,25.17,34.27
2006-02-18,Coimbatore,11.0168,76.9558,Humid,23.78,33.28,15.63,54.78,1.98,0.0,25.14,34.38
2006-02-19,Coimbatore,11.0168,76.9558,Humid,23.68,33.2,16.2,55.85,1.8,0.0,25.16,34.48
2006-02-20,Coimbatore,11.0168,76.9558,Humid,23.74,33.69,15.8,51.94,2.05,0.0,25.92,34.58
2006-02-21,Coimbatore,11.0168,76.9558,Humid,23.63,33.32,16.04,52.02,1.72,0.0,24.54,34.68
2006-02-22,Coimbatore,11.0168,76.9558,Humid,22.78,32.88,14.29,49.91,2.07,0.0,25.95,34.78
2006-02-23,Coimbatore,11.0168,76.9558,Humid,22.75,32.75,14.71,47.0,2.2,0.0,25.9,34.88
2006-02-24,Coimbatore,11.0168,76.9558,Humid,23.53,33.13,14.88,44.77,1.85,0.0,26.57,34.97
2006-02-25,Coimbatore,11.0168,76.9558,Humid,25.51,34.83,17.83,54.16,1.31,0.0,24.22,35.07
2006-02-26,Coimbatore,11.0168,76.9558,Humid,25.6,34.33,18.14,49.32,1.55,0.0,22.06,35.17
2006-02-27,Coimbatore,11.0168,76.9558,Humid,26.74,35.47,18.99,52.16,1.06,0.0,24.35,35.26
2006-02-28,Coimbatore,11.0168,76.9558,Humid,27.34,35.5,20.21,57.05,0.64,0.0,21.4,35.36
2006-03-01,Coimbatore,11.0168,76.9558,Humid,27.69,36.2,20.54,56.62,1.04,0.0,19.1,35.45
2006-03-02,Coimbatore,11.0168,76.9558,Humid,27.67,35.45,20.85,57.5,1.41,0.0,18.95,35.54
2006-03-03,Coimbatore,11.0168,76.9558,Humid,26.38,32.91,22.48,72.36,1.15,38.27,18.78,35.63
2006-03-04,Coimbatore,11.0168,76.9558,Humid,25.21,29.78,21.66,77.6,1.38,5.81,17.68,35.72
2006-03-05,Coimbatore,11.0168,76.9558,Humid,26.16,33.41,19.67,70.08,1.33,2.53,22.2,35.81
2006-03-06,Coimbatore,11.0168,76.9558,Humid,25.85,31.66,21.15,74.62,1.23,3.37,19.14,35.89
2006-03-07,Coimbatore,11.0168,76.9558,Humid,24.93,29.22,21.02,74.06,0.95,0.42,22.91,35.98
2006-03-08,Coimbatore,11.0168,76.9558,Humid,25.67,32.68,19.75,66.63,1.59,0.04,24.74,36.06
2006-03-09,Coimbatore,11.0168,76.9558,Humid,25.24,30.71,20.86,76.48,1.21,6.38,18.06,36.14
2006-03-10,Coimbatore,11.0168,76.9558,Humid,25.73,32.2,20.94,74.99,1.02,2.62,20.43,36.22
2006-03-11,Coimbatore,11.0168,76.9558,Humid,26.53,34.16,20.59,69.94,0.8,2.65,22.88,36.3
2006-03-12,Coimbatore,11.0168,76.9558,Humid,26.28,34.71,19.91,66.38,0.87,0.29,26.78,36.38
2006-03-13,Coimbatore,11.0168,76.9558,Humid,25.64,34.67,19.15,59.24,0.93,0.0,26.2,36.45
2006-03-14,Coimbatore,11.0168,76.9558,Humid,25.88,34.21,18.7,64.39,0.74,0.0,24.8,36.53
2006-03-15,Coimbatore,11.0168,76.9558,Humid,26.3,34.46,19.47,64.71,1.04,0.09,23.49,36.6
2006-03-16,Coimbatore,11.0168,76.9558,Humid,26.36,34.94,19.12,62.56,0.92,0.0,22.69,36.67
2006-03-17,Coimbatore,11.0168,76.9558,Humid,26.54,33.89,20.39,63.79,0.91,0.0,22.27,36.74
2006-03-18,Coimbatore,11.0168,76.9558,Humid,26.79,33.79,20.66,64.06,1.38,0.0,23.68,36.8
2006-03-19,Coimbatore,11.0168,76.9558,Humid,26.82,34.37,20.22,60.57,2.01,0.0,25.77,36.87
2006-03-20,Coimbatore,11.0168,76.9558,Humid,26.9,34.24,20.38,61.76,1.64,0.0,21.5,36.93
2006-03-21,Coimbatore,11.0168,76.9558,Humid,27.42,36.07,19.9,58.64,1.33,0.03,24.93,36.99
2006-03-22,Coimbatore,11.0168,76.9558,Humid,27.74,35.93,21.63,59.01,1.13,0.06,23.43,37.05
2006-03-23,Coimbatore,11.0168,76.9558,Humid,28.39,36.66,22.0,61.85,1.3,1.54,23.87,37.11
2006-03-24,Coimbatore,11.0168,76.9558,Humid,28.21,36.02,22.23,62.54,0.94,1.32,22.76,37.16
2006-03-25,Coimbatore,11.0168,76.9558,Humid,28.23,36.26,21.55,61.88,1.18,0.0,23.14,37.21
2006-03-26,Coimbatore,11.0168,76.9558,Humid,28.43,36.68,21.97,62.12,1.47,0.3,23.72,37.26
2006-03-27,Coimbatore,11.0168,76.9558,Humid,28.68,36.99,22.44,59.58,1.18,0.12,22.92,37.31
2006-03-28,Coimbatore,11.0168,76.9558,Humid,28.22,36.96,21.21,53.39,1.53,0.0,26.59,37.36
2006-03-29,Coimbatore,11.0168,76.9558,Humid,28.26,36.91,20.94,51.11,1.19,0.0,26.22,37.4
2006-03-30,Coimbatore,11.0168,76.9558,Humid,28.61,35.96,22.8,57.69,1.23,0.08,21.59,37.44
2006-03-31,Coimbatore,11.0168,76.9558,Humid,28.68,36.28,22.5,55.03,1.42,0.01,24.35,37.48
2006-04-01,Coimbatore,11.0168,76.9558,Humid,28.94,36.99,22.1,50.5,1.51,0.0,24.4,37.52
2006-04-02,Coimbatore,11.0168,76.9558,Humid,29.11,37.75,22.1,54.5,1.32,0.0,24.36,37.55
2006-04-03,Coimbatore,11.0168,76.9558,Humid,29.33,37.28,22.06,55.81,1.21,0.02,23.46,37.58
2006-04-04,Coimbatore,11.0168,76.9558,Humid,29.64,37.46,22.81,55.04,1.17,0.0,19.96,37.62
2006-04-05,Coimbatore,11.0168,76.9558,Humid,29.94,38.43,22.82,51.87,1.83,0.0,21.71,37.65
2006-04-06,Coimbatore,11.0168,76.9558,Humid,29.42,38.37,23.05,58.25,2.26,0.0,21.67,37.69
2006-04-07,Coimbatore,11.0168,76.9558,Humid,29.66,38.44,23.02,57.98,1.95,0.0,23.04,37.73
2006-04-08,Coimbatore,11.0168,76.9558,Humid,29.91,37.96,23.11,56.33,1.79,0.0,20.4,37.76
2006-04-09,Coimbatore,11.0168,76.9558,Humid,30.32,38.76,23.0,53.27,1.66,0.0,20.67,37.79
2006-04-10,Coimbatore,11.0168,76.9558,Humid,30.06,39.12,23.05,52.83,1.95,0.01,22.29,37.81
2006-04-11,Coimbatore,11.0168,76.9558,Humid,29.72,39.41,22.56,56.0,2.01,0.01,23.49,37.83
2006-04-12,Coimbatore,11.0168,76.9558,Humid,29.59,37.9,23.63,58.77,2.01,0.52,23.4,37.85
2006-04-13,Coimbatore,11.0168,76.9558,Humid,28.5,36.24,23.23,64.45,1.8,3.18,21.51,37.87
2006-04-14,Coimbatore,11.0168,76.9558,Humid,29.05,37.2,22.47,62.28,1.28,1.96,23.34,37.88
2006-04-15,Coimbatore,11.0168,76.9558,Humid,27.22,32.74,23.54,68.92,1.25,1.18,18.65,37.9
2006-04-16,Coimbatore,11.0168,76.9558,Humid,25.77,30.44,23.28,75.47,2.46,0.69,15.52,37.91
2006-04-17,Coimbatore,11.0168,76.9558,Humid,25.45,29.25,22.91,78.05,2.01,3.71,18.65,37.92
2006-04-18,Coimbatore,11.0168,76.9558,Humid,26.68,34.11,22.46,71.75,1.54,2.2,22.5,37.93
2006-04-19,Coimbatore,11.0168,76.9558,Humid,26.85,32.98,22.61,71.5,0.84,1.95,20.0,37.94
2006-04-20,Coimbatore,11.0168,76.9558,Humid,27.93,34.44,22.38,66.08,1.12,1.26,18.91,37.94
2006-04-21,Coimbatore,11.0168,76.9558,Humid,28.47,35.67,21.73,58.79,1.36,0.09,23.65,37.95
2006-04-22,Coimbatore,11.0168,76.9558,Humid,28.95,37.84,21.94,55.49,1.19,0.0,24.53,37.95
2006-04-23,Coimbatore,11.0168,76.9558,Humid,29.46,38.51,21.17,53.91,1.26,0.0,25.67,37.95
2006-04-24,Coimbatore,11.0168,76.9558,Humid,29.89,38.35,22.53,52.91,1.64,0.0,24.24,37.95
2006-04-25,Coimbatore,11.0168,76.9558,Humid,29.48,37.73,23.03,58.31,1.92,0.73,22.16,37.95
2006-04-26,Coimbatore,11.0168,76.9558,Humid,29.41,37.49,23.52,59.95,2.01,0.4,22.55,37.95
2006-04-27,Coimbatore,11.0168,76.9558,Humid,29.77,36.46,24.6,58.61,1.96,0.0,22.35,37.95
2006-04-28,Coimbatore,11.0168,76.9558,Humid,29.02,36.79,24.58,62.15,3.0,0.0,22.13,37.94
2006-04-29,Coimbatore,11.0168,76.9558,Humid,28.56,36.88,23.47,61.06,2.89,0.0,23.19,37.94
2006-04-30,Coimbatore,11.0168,76.9558,Humid,29.72,39.25,22.91,57.08,2.56,0.0,25.85,37.93
2006-05-01,Coimbatore,11.0168,76.9558,Humid,29.78,39.2,23.11,57.64,2.89,0.0,21.65,37.93
2006-05-02,Coimbatore,11.0168,76.9558,Humid,29.95,38.95,24.02,58.41,2.06,0.34,21.85,37.92
2006-05-03,Coimbatore,11.0168,76.9558,Humid,28.12,32.5,24.48,62.95,0.84,0.1,21.91,37.92
2006-05-04,Coimbatore,11.0168,76.9558,Humid,28.83,34.88,24.18,61.99,0.96,7.54,18.51,37.91
2006-05-05,Coimbatore,11.0168,76.9558,Humid,26.84,31.49,23.96,75.54,2.11,1.81,21.4,37.9
2006-05-06,Coimbatore,11.0168,76.9558,Humid,27.56,33.1,23.37,70.29,1.78,0.01,22.39,37.89
2006-05-07,Coimbatore,11.0168,76.9558,Humid,28.05,34.41,23.46,67.4,1.54,0.37,18.46,37.87
2006-05-08,Coimbatore,11.0168,76.9558,Humid,28.77,35.93,22.9,65.39,1.67,0.5,20.06,37.86
2006-05-09,Coimbatore,11.0168,76.9558,Humid,29.5,37.85,22.9,59.88,1.12,1.46,24.46,37.85
2006-05-10,Coimbatore,11.0168,76.9558,Humid,28.66,35.88,23.51,65.42,2.05,0.86,23.56,37.83
2006-05-11,Coimbatore,11.0168,76.9558,Humid,28.44,34.53,23.48,65.77,1.9,0.57,22.65,37.82
2006-05-12,Coimbatore,11.0168,76.9558,Humid,27.46,32.14,24.28,70.75,1.79,1.16,22.44,37.8
2006-05-13,Coimbatore,11.0168,76.9558,Humid,27.06,31.57,23.15,71.37,1.52,0.17,17.5,37.79
2006-05-14,Coimbatore,11.0168,76.9558,Humid,28.23,34.83,22.42,65.16,1.85,0.31,20.77,37.77
2006-05-15,Coimbatore,11.0168,76.9558,Humid,27.21,32.75,23.64,72.52,2.17,5.33,22.6,37.75
2006-05-16,Coimbatore,11.0168,76.9558,Humid,26.24,31.08,23.1,80.4,1.99,14.93,21.76,37.73
2006-05-17,Coimbatore,11.0168,76.9558,Humid,27.1,34.3,21.92,69.59,2.27,3.03,19.1,37.71
2006-05-18,Coimbatore,11.0168,76.9558,Humid,25.62,30.6,22.61,80.42,2.3,14.34,20.12,37.7
2006-05-19,Coimbatore,11.0168,76.9558,Humid,25.43,29.74,22.81,79.93,3.06,2.82,11.88,37.68
2006-05-20,Coimbatore,11.0168,76.9558,Humid,25.93,31.58,21.66,72.3,3.2,0.09,22.51,37.66
2006-05-21,Coimbatore,11.0168,76.9558,Humid,25.82,30.64,22.65,79.06,2.84,9.08,24.84,37.64
2006-05-22,Coimbatore,11.0168,76.9558,Humid,25.55,30.46,22.14,80.22,2.85,7.91,23.77,37.62
2006-05-23,Coimbatore,11.0168,76.9558,Humid,25.28,29.87,22.57,82.57,3.24,10.41,21.19,37.61
2006-05-24,Coimbatore,11.0168,76.9558,Humid,25.56,31.31,22.09,78.64,3.29,3.21,20.82,37.59
2006-05-25,Coimbatore,11.0168,76.9558,Humid,25.14,29.7,22.56,82.51,3.96,6.53,15.65,37.57
2006-05-26,Coimbatore,11.0168,76.9558,Humid,24.3,28.09,21.92,82.97,3.54,10.82,17.31,37.56
2006-05-27,Coimbatore,11.0168,76.9558,Humid,23.98,27.5,21.98,86.54,3.8,18.0,11.64,37.54
2006-05-28,Coimbatore,11.0168,76.9558,Humid,24.18,26.8,22.55,88.39,4.84,27.37,10.87,37.52
2006-05-29,Coimbatore,11.0168,76.9558,Humid,24.07,27.04,22.1,87.2,5.52,11.34,11.21,37.5
2006-05-30,Coimbatore,11.0168,76.9558,Humid,24.79,28.07,22.74,84.52,5.78,15.48,11.83,37.49
2006-05-31,Coimbatore,11.0168,76.9558,Humid,23.88,27.42,21.51,84.71,4.68,28.45,10.67,37.47
2006-06-01,Coimbatore,11.0168,76.9558,Humid,24.21,28.25,21.72,85.78,4.01,6.86,16.42,37.45
2006-06-02,Coimbatore,11.0168,76.9558,Humid,24.32,28.16,21.48,84.44,3.38,1.45,17.38,37.44
2006-06-03,Coimbatore,11.0168,76.9558,Humid,24.19,27.92,21.67,86.69,3.19,6.53,14.86,37.42
2006-06-04,Coimbatore,11.0168,76.9558,Humid,24.07,28.46,21.39,82.55,3.32,3.26,16.97,37.4
2006-06-05,Coimbatore,11.0168,76.9558,Humid,23.6,27.68,20.7,82.92,3.02,2.23,15.17,37.39
2006-06-06,Coimbatore,11.0168,76.9558,Humid,23.6,26.96,21.26,86.26,2.31,0.91,16.6,37.37
2006-06-07,Coimbatore,11.0168,76.9558,Humid,23.06,26.71,20.43,85.72,2.33,0.8,20.56,37.36
2006-06-08,Coimbatore,11.0168,76.9558,Humid,24.56,30.09,20.84,80.96,2.46,0.11,22.63,37.34
2006-06-09,Coimbatore,11.0168,76.9558,Humid,24.29,28.38,21.31,81.94,2.5,0.37,23.27,37.33
2006-06-10,Coimbatore,11.0168,76.9558,Humid,24.27,29.36,20.9,81.03,2.68,0.09,23.04,37.32
2006-06-11,Coimbatore,11.0168,76.9558,Humid,24.43,30.13,20.62,80.07,2.64,0.0,24.63,37.31
2006-06-12,Coimbatore,11.0168,76.9558,Humid,24.61,30.79,20.08,78.49,2.61,0.0,26.58,37.3
2006-06-13,Coimbatore,11.0168,76.9558,Humid,24.97,31.08,20.34,78.91,2.68,0.3,24.3,37.29
2006-06-14,Coimbatore,11.0168,76.9558,Humid,25.21,30.76,21.17,80.15,2.43,0.09,20.48,37.28
2006-06-15,Coimbatore,11.0168,76.9558,Humid,25.52,30.25,22.22,81.95,1.95,4.74,17.37,37.27
2006-06-16,Coimbatore,11.0168,76.9558,Humid,24.37,28.62,21.04,84.39,1.56,3.42,15.53,37.26
2006-06-17,Coimbatore,11.0168,76.9558,Humid,24.13,29.44,20.14,81.16,2.12,0.28,18.23,37.25
2006-06-18,Coimbatore,11.0168,76.9558,Humid,25.24,30.22,21.02,82.7,1.43,0.3,19.93,37.24
2006-06-19,Coimbatore,11.0168,76.9558,Humid,24.11,26.96,22.12,87.12,1.9,7.6,18.77,37.23
2006-06-20,Coimbatore,11.0168,76.9558,Humid,24.41,30.23,20.6,81.54,1.93,10.02,15.91,37.23
2006-06-21,Coimbatore,11.0168,76.9558,Humid,23.76,26.86,21.28,88.86,1.56,15.07,17.39,37.22
2006-06-22,Coimbatore,11.0168,76.9558,Humid,24.55,28.71,21.76,86.2,2.29,18.15,18.35,37.22
2006-06-23,Coimbatore,11.0168,76.9558,Humid,23.89,26.31,22.26,90.03,4.25,25.62,10.31,37.22
2006-06-24,Coimbatore,11.0168,76.9558,Humid,24.47,27.82,22.48,86.5,4.72,14.34,13.24,37.21
2006-06-25,Coimbatore,11.0168,76.9558,Humid,23.9,27.11,21.96,85.63,4.62,11.99,12.47,37.21
2006-06-26,Coimbatore,11.0168,76.9558,Humid,24.08,27.78,21.93,87.21,3.43,5.12,15.47,37.21
2006-06-27,Coimbatore,11.0168,76.9558,Humid,24.35,28.11,22.0,88.05,3.32,9.62,13.02,37.21
2006-06-28,Coimbatore,11.0168,76.9558,Humid,23.74,26.97,21.89,87.37,4.03,6.9,9.69,37.21
2006-06-29,Coimbatore,11.0168,76.9558,Humid,24.01,27.12,22.12,86.82,4.17,38.91,9.49,37.21
2006-06-30,Coimbatore,11.0168,76.9558,Humid,23.83,27.28,21.76,87.51,3.7,10.8,11.66,37.21
2006-07-01,Coimbatore,11.0168,76.9558,Humid,23.69,26.44,22.17,88.52,4.71,2.37,16.3,37.21
2006-07-02,Coimbatore,11.0168,76.9558,Humid,23.65,26.07,22.01,87.69,5.05,4.55,13.88,37.21
2006-07-03,Coimbatore,11.0168,76.9558,Humid,23.76,26.0,22.17,87.38,5.39,2.76,13.76,37.21
2006-07-04,Coimbatore,11.0168,76.9558,Humid,23.87,26.51,22.25,86.73,5.54,2.46,14.23,37.21
2006-07-05,Coimbatore,11.0168,76.9558,Humid,23.8,26.6,22.04,87.41,4.74,3.65,18.66,37.22
2006-07-06,Coimbatore,11.0168,76.9558,Humid,23.86,27.64,21.36,85.55,4.21,5.07,17.79,37.22
2006-07-07,Coimbatore,11.0168,76.9558,Humid,23.72,27.72,20.99,86.82,3.67,7.33,15.98,37.23
2006-07-08,Coimbatore,11.0168,76.9558,Humid,24.34,28.52,21.53,86.08,3.63,4.53,17.82,37.24
2006-07-09,Coimbatore,11.0168,76.9558,Humid,24.14,28.71,21.36,85.9,3.74,2.06,20.05,37.25
2006-07-10,Coimbatore,11.0168,76.9558,Humid,23.78,27.36,21.33,86.86,3.64,11.72,17.6,37.25
2006-07-11,Coimbatore,11.0168,76.9558,Humid,23.77,27.35,21.52,87.4,3.66,12.7,13.88,37.26
2006-07-12,Coimbatore,11.0168,76.9558,Humid,23.16,25.26,21.2,89.25,3.84,13.12,12.27,37.27
2006-07-13,Coimbatore,11.0168,76.9558,Humid,22.76,25.58,21.08,89.25,4.07,11.2,12.28,37.27
2006-07-14,Coimbatore,11.0168,76.9558,Humid,23.48,26.64,21.11,88.36,3.85,6.37,11.66,37.28
2006-07-15,Coimbatore,11.0168,76.9558,Humid,23.66,26.41,21.77,88.76,4.16,4.65,13.36,37.29
2006-07-16,Coimbatore,11.0168,76.9558,Humid,23.82,27.65,21.42,86.71,4.23,2.03,15.08,37.3
2006-07-17,Coimbatore,11.0168,76.9558,Humid,23.43,27.05,21.22,87.1,4.59,2.99,15.69,37.3
2006-07-18,Coimbatore,11.0168,76.9558,Humid,23.25,27.03,21.0,87.31,4.28,2.97,16.39,37.31
2006-07-19,Coimbatore,11.0168,76.9558,Humid,23.61,27.49,21.12,87.17,3.61,1.88,14.97,37.32
2006-07-20,Coimbatore,11.0168,76.9558,Humid,23.42,27.27,20.75,87.24,3.37,2.65,16.9,37.33
2006-07-21,Coimbatore,11.0168,76.9558,Humid,23.54,27.64,20.9,86.36,3.35,2.15,16.17,37.34
2006-07-22,Coimbatore,11.0168,76.9558,Humid,22.89,26.64,20.36,87.5,3.02,0.95,18.54,37.35
2006-07-23,Coimbatore,11.0168,76.9558,Humid,23.44,28.49,19.67,85.84,2.72,0.52,18.3,37.36
2006-07-24,Coimbatore,11.0168,76.9558,Humid,24.13,29.47,19.91,83.12,2.39,0.06,22.04,37.37
2006-07-25,Coimbatore,11.0168,76.9558,Humid,24.04,28.61,20.54,85.18,1.99,1.84,19.56,37.38
2006-07-26,Coimbatore,11.0168,76.9558,Humid,23.23,25.96,21.42,90.49,2.3,2.36,11.83,37.39
2006-07-27,Coimbatore,11.0168,76.9558,Humid,22.51,26.25,19.65,84.77,3.26,3.77,13.19,37.4
2006-07-28,Coimbatore,11.0168,76.9558,Humid,22.01,25.88,19.21,86.17,3.64,3.11,13.98,37.41
2006-07-29,Coimbatore,11.0168,76.9558,Humid,23.15,27.0,20.69,87.4,3.26,5.0,17.17,37.42
2006-07-30,Coimbatore,11.0168,76.9558,Humid,23.69,28.24,20.47,86.21,3.07,3.56,17.61,37.43
2006-07-31,Coimbatore,11.0168,76.9558,Humid,22.96,26.23,20.68,89.02,3.08,1.79,18.31,37.44
2006-08-01,Coimbatore,11.0168,76.9558,Humid,23.77,27.97,20.32,85.27,2.91,1.36,15.52,37.45
2006-08-02,Coimbatore,11.0168,76.9558,Humid,23.75,28.17,20.46,83.76,3.35,1.59,15.09,37.46
2006-08-03,Coimbatore,11.0168,76.9558,Humid,23.35,27.35,20.88,86.14,3.68,2.24,13.72,37.46
2006-08-04,Coimbatore,11.0168,76.9558,Humid,23.15,26.91,20.85,87.26,3.49,1.71,14.38,37.47
2006-08-05,Coimbatore,11.0168,76.9558,Humid,23.15,26.88,20.62,85.67,3.16,1.19,15.16,37.47
2006-08-06,Coimbatore,11.0168,76.9558,Humid,23.71,29.07,19.41,83.24,2.85,0.8,16.96,37.48
2006-08-07,Coimbatore,11.0168,76.9558,Humid,24.11,29.23,20.43,82.84,2.83,0.17,21.3,37.48
2006-08-08,Coimbatore,11.0168,76.9558,Humid,23.95,29.17,20.72,82.65,2.81,0.9,21.26,37.49
2006-08-09,Coimbatore,11.0168,76.9558,Humid,23.34,27.42,20.74,86.16,3.26,6.54,14.76,37.49
2006-08-10,Coimbatore,11.0168,76.9558,Humid,22.83,26.13,20.32,88.89,3.78,14.28,13.77,37.49
2006-08-11,Coimbatore,11.0168,76.9558,Humid,23.78,27.28,21.58,86.75,4.48,19.33,9.92,37.49
2006-08-12,Coimbatore,11.0168,76.9558,Humid,23.38,26.32,21.62,87.77,4.52,11.38,10.8,37.49
2006-08-13,Coimbatore,11.0168,76.9558,Humid,23.22,26.53,21.49,87.77,4.16,9.1,15.14,37.48
2006-08-14,Coimbatore,11.0168,76.9558,Humid,23.22,27.02,21.03,87.68,3.78,6.69,16.61,37.48
2006-08-15,Coimbatore,11.0168,76.9558,Humid,23.99,27.53,21.69,86.48,4.38,12.54,14.32,37.48
2006-08-16,Coimbatore,11.0168,76.9558,Humid,23.26,25.42,22.0,88.76,5.13,9.56,14.93,37.48
2006-08-17,Coimbatore,11.0168,76.9558,Humid,23.5,27.29,21.09,86.16,4.5,5.82,13.72,37.48
2006-08-18,Coimbatore,11.0168,76.9558,Humid,23.46,27.38,20.3,86.35,3.48,2.64,16.26,37.48
2006-08-19,Coimbatore,11.0168,76.9558,Humid,23.69,28.46,20.0,85.75,2.73,0.89,18.32,37.48
2006-08-20,Coimbatore,11.0168,76.9558,Humid,23.9,28.34,20.57,86.05,1.9,5.65,16.91,37.47
2006-08-21,Coimbatore,11.0168,76.9558,Humid,23.57,26.96,21.27,87.87,1.27,4.24,15.48,37.47
2006-08-22,Coimbatore,11.0168,76.9558,Humid,24.21,28.84,20.99,84.15,1.51,0.53,18.24,37.46
2006-08-23,Coimbatore,11.0168,76.9558,Humid,23.73,28.27,20.96,84.13,1.74,0.22,21.07,37.44
2006-08-24,Coimbatore,11.0168,76.9558,Humid,23.99,28.82,20.34,82.98,1.83,1.98,20.18,37.43
2006-08-25,Coimbatore,11.0168,76.9558,Humid,24.01,28.74,20.82,84.7,1.74,1.5,18.62,37.42
2006-08-26,Coimbatore,11.0168,76.9558,Humid,23.27,27.57,20.56,85.59,2.4,0.05,22.54,37.4
2006-08-27,Coimbatore,11.0168,76.9558,Humid,22.37,26.21,19.52,85.35,2.76,0.02,25.84,37.39
2006-08-28,Coimbatore,11.0168,76.9558,Humid,23.25,28.95,18.97,84.97,2.86,1.22,17.79,37.37
2006-08-29,Coimbatore,11.0168,76.9558,Humid,23.67,28.36,20.08,84.11,2.97,1.51,16.15,37.36
2006-08-30,Coimbatore,11.0168,76.9558,Humid,23.94,28.95,20.37,84.26,2.61,0.3,16.82,37.34
2006-08-31,Coimbatore,11.0168,76.9558,Humid,24.47,30.02,20.32,82.71,2.17,0.17,15.2,37.32
2006-09-01,Coimbatore,11.0168,76.9558,Humid,24.3,29.0,20.63,83.71,1.97,2.26,20.65,37.3
2006-09-02,Coimbatore,11.0168,76.9558,Humid,24.57,29.15,20.62,83.06,0.95,12.23,20.76,37.27
2006-09-03,Coimbatore,11.0168,76.9558,Humid,24.56,28.29,22.3,86.68,1.18,2.01,20.4,37.25
2006-09-04,Coimbatore,11.0168,76.9558,Humid,23.15,25.16,21.39,91.79,1.96,6.72,14.34,37.22
2006-09-05,Coimbatore,11.0168,76.9558,Humid,23.91,28.9,20.57,84.78,2.22,0.52,22.03,37.2
2006-09-06,Coimbatore,11.0168,76.9558,Humid,24.73,30.09,20.63,82.45,1.15,2.56,20.69,37.17
2006-09-07,Coimbatore,11.0168,76.9558,Humid,24.45,28.35,21.68,86.58,0.83,1.72,16.8,37.14
2006-09-08,Coimbatore,11.0168,76.9558,Humid,24.87,29.62,21.53,84.22,1.07,1.58,19.41,37.1
2006-09-09,Coimbatore,11.0168,76.9558,Humid,24.85,29.23,21.93,83.04,1.18,8.91,14.16,37.06
2006-09-10,Coimbatore,11.0168,76.9558,Humid,23.19,26.32,21.06,89.49,2.46,5.62,15.32,37.03
2006-09-11,Coimbatore,11.0168,76.9558,Humid,22.97,25.49,20.45,91.91,3.27,14.19,14.07,36.99
2006-09-12,Coimbatore,11.0168,76.9558,Humid,23.56,27.11,21.57,88.2,3.9,15.97,15.24,36.95
2006-09-13,Coimbatore,11.0168,76.9558,Humid,23.16,26.9,21.17,89.39,3.78,13.64,15.51,36.91
2006-09-14,Coimbatore,11.0168,76.9558,Humid,22.51,25.37,20.66,89.38,3.48,6.0,14.37,36.87
2006-09-15,Coimbatore,11.0168,76.9558,Humid,22.73,25.39,20.66,90.65,3.45,8.96,12.91,36.82
2006-09-16,Coimbatore,11.0168,76.9558,Humid,22.96,25.82,21.36,89.57,3.6,18.21,11.89,36.77
2006-09-17,Coimbatore,11.0168,76.9558,Humid,22.91,25.41,21.41,91.32,3.15,4.55,10.46,36.73
2006-09-18,Coimbatore,11.0168,76.9558,Humid,23.39,26.84,21.16,88.55,3.46,5.11,14.15,36.68
2006-09-19,Coimbatore,11.0168,76.9558,Humid,23.54,27.59,20.96,87.69,3.42,2.35,17.84,36.62
2006-09-20,Coimbatore,11.0168,76.9558,Humid,23.65,27.59,21.05,88.46,2.87,2.64,15.31,36.57
2006-09-21,Coimbatore,11.0168,76.9558,Humid,23.15,26.4,20.81,89.41,2.9,10.03,14.9,36.52
2006-09-22,Coimbatore,11.0168,76.9558,Humid,23.15,27.1,20.73,89.37,2.53,5.57,14.33,36.46
2006-09-23,Coimbatore,11.0168,76.9558,Humid,23.39,27.05,20.95,89.94,2.04,2.03,17.67,36.4
2006-09-24,Coimbatore,11.0168,76.9558,Humid,22.98,26.1,21.12,91.79,2.65,11.82,14.96,36.34
2006-09-25,Coimbatore,11.0168,76.9558,Humid,22.01,24.12,20.37,91.87,2.13,14.16,15.63,36.28
2006-09-26,Coimbatore,11.0168,76.9558,Humid,22.44,26.81,19.66,86.37,3.22,2.35,16.76,36.22
2006-09-27,Coimbatore,11.0168,76.9558,Humid,22.84,28.36,18.2,84.45,2.33,0.09,25.0,36.15
2006-09-28,Coimbatore,11.0168,76.9558,Humid,23.36,28.43,20.03,84.96,2.57,0.32,22.6,36.08
2006-09-29,Coimbatore,11.0168,76.9558,Humid,23.04,27.92,19.74,86.66,2.36,1.67,17.84,36.02
2006-09-30,Coimbatore,11.0168,76.9558,Humid,23.49,28.08,20.42,87.01,2.65,2.44,20.95,35.95
2006-10-01,Coimbatore,11.0168,76.9558,Humid,23.55,27.56,20.87,88.12,2.7,4.05,18.84,35.88
2006-10-02,Coimbatore,11.0168,76.9558,Humid,23.54,28.28,20.58,86.88,2.43,0.68,20.07,35.81
2006-10-03,Coimbatore,11.0168,76.9558,Humid,23.85,29.19,20.12,85.89,2.16,0.41,21.4,35.74
2006-10-04,Coimbatore,11.0168,76.9558,Humid,23.45,28.05,20.09,87.11,2.45,3.13,17.08,35.66
2006-10-05,Coimbatore,11.0168,76.9558,Humid,23.8,28.46,20.89,86.9,2.65,2.97,20.53,35.59
2006-10-06,Coimbatore,11.0168,76.9558,Humid,23.6,27.51,20.99,90.1,2.64,10.49,17.55,35.51
2006-10-07,Coimbatore,11.0168,76.9558,Humid,23.87,26.73,22.43,91.63,2.92,21.84,16.32,35.43
2006-10-08,Coimbatore,11.0168,76.9558,Humid,22.95,26.28,20.73,90.41,2.75,17.03,12.24,35.35
2006-10-09,Coimbatore,11.0168,76.9558,Humid,22.52,26.0,20.06,90.7,2.08,1.15,13.22,35.27
2006-10-10,Coimbatore,11.0168,76.9558,Humid,23.32,27.51,20.56,90.32,1.58,3.94,13.79,35.19
2006-10-11,Coimbatore,11.0168,76.9558,Humid,23.86,28.3,20.99,87.63,1.51,0.34,13.56,35.1
2006-10-12,Coimbatore,11.0168,76.9558,Humid,23.32,25.97,21.51,91.09,1.08,5.3,16.4,35.01
2006-10-13,Coimbatore,11.0168,76.9558,Humid,24.29,29.09,20.78,80.74,1.16,1.29,19.56,34.93
2006-10-14,Coimbatore,11.0168,76.9558,Humid,23.94,28.64,19.78,84.0,1.15,7.01,15.93,34.84
2006-10-15,Coimbatore,11.0168,76.9558,Humid,24.38,28.09,21.02,84.74,0.99,10.45,17.45,34.75
2006-10-16,Coimbatore,11.0168,76.9558,Humid,23.49,26.76,21.17,87.75,1.21,8.79,17.71,34.66
2006-10-17,Coimbatore,11.0168,76.9558,Humid,23.61,27.34,20.95,87.5,1.46,2.72,14.03,34.57
2006-10-18,Coimbatore,11.0168,76.9558,Humid,24.02,28.31,20.58,85.76,1.45,7.04,17.93,34.48
2006-10-19,Coimbatore,11.0168,76.9558,Humid,23.37,26.97,20.58,88.63,1.45,5.89,16.24,34.38
2006-10-20,Coimbatore,11.0168,76.9558,Humid,22.96,26.19,20.8,89.4,1.54,8.46,19.36,34.29
2006-10-21,Coimbatore,11.0168,76.9558,Humid,22.84,26.63,19.71,87.35,1.43,3.52,17.84,34.2
2006-10-22,Coimbatore,11.0168,76.9558,Humid,22.92,27.27,19.74,86.71,1.61,2.2,22.14,34.1
2006-10-23,Coimbatore,11.0168,76.9558,Humid,22.98,27.28,20.15,87.96,1.9,6.49,19.39,34.01
2006-10-24,Coimbatore,11.0168,76.9558,Humid,22.88,26.62,20.19,88.21,1.99,5.95,16.72,33.91
2006-10-25,Coimbatore,11.0168,76.9558,Humid,23.08,27.37,20.15,86.6,2.08,3.01,14.44,33.82
2006-10-26,Coimbatore,11.0168,76.9558,Humid,22.72,26.11,20.17,89.78,1.85,8.85,13.55,33.72
2006-10-27,Coimbatore,11.0168,76.9558,Humid,22.69,25.75,20.66,92.37,1.55,7.81,12.32,33.63
2006-10-28,Coimbatore,11.0168,76.9558,Humid,23.3,27.4,20.12,88.34,1.18,13.93,11.7,33.53
2006-10-29,Coimbatore,11.0168,76.9558,Humid,22.96,26.33,20.64,91.59,1.43,5.4,12.07,33.44
2006-10-30,Coimbatore,11.0168,76.9558,Humid,23.18,26.2,20.85,91.89,1.08,11.3,13.56,33.34
2006-10-31,Coimbatore,11.0168,76.9558,Humid,22.46,24.39,21.08,95.15,1.2,5.26,8.01,33.24
2006-11-01,Coimbatore,11.0168,76.9558,Humid,23.45,27.48,20.36,88.53,1.05,7.32,14.79,33.14
2006-11-02,Coimbatore,11.0168,76.9558,Humid,23.41,26.97,21.34,90.58,1.31,3.19,16.31,33.05
2006-11-03,Coimbatore,11.0168,76.9558,Humid,22.36,25.07,20.34,91.5,1.63,4.87,14.35,32.95
2006-11-04,Coimbatore,11.0168,76.9558,Humid,21.83,24.58,19.65,92.69,1.3,6.01,13.77,32.86
2006-11-05,Coimbatore,11.0168,76.9558,Humid,23.09,27.5,19.47,88.22,1.33,1.13,15.76,32.76
2006-11-06,Coimbatore,11.0168,76.9558,Humid,22.66,25.31,20.54,91.21,0.98,21.12,15.93,32.67
2006-11-07,Coimbatore,11.0168,76.9558,Humid,21.76,24.14,19.9,90.92,1.47,5.09,11.01,32.58
2006-11-08,Coimbatore,11.0168,76.9558,Humid,22.12,25.82,18.82,88.44,1.19,6.22,10.65,32.48
2006-11-09,Coimbatore,11.0168,76.9558,Humid,21.78,23.77,20.26,94.02,0.97,23.01,16.11,32.39
2006-11-10,Coimbatore,11.0168,76.9558,Humid,22.52,26.29,19.38,90.82,1.12,9.43,16.28,32.29
2006-11-11,Coimbatore,11.0168,76.9558,Humid,21.67,23.52,20.02,93.08,1.47,1.68,17.16,32.19
2006-11-12,Coimbatore,11.0168,76.9558,Humid,23.05,27.19,19.48,88.36,1.51,0.44,18.92,32.1
2006-11-13,Coimbatore,11.0168,76.9558,Humid,22.28,24.7,20.73,92.5,1.51,0.49,20.91,32.01
2006-11-14,Coimbatore,11.0168,76.9558,Humid,22.89,26.71,20.01,89.72,1.96,6.79,15.71,31.92
2006-11-15,Coimbatore,11.0168,76.9558,Humid,22.15,24.86,20.27,92.93,2.06,1.95,13.25,31.83
2006-11-16,Coimbatore,11.0168,76.9558,Humid,22.76,26.85,19.57,89.08,1.95,0.51,12.78,31.75
2006-11-17,Coimbatore,11.0168,76.9558,Humid,22.8,26.65,18.93,89.99,2.02,8.58,16.14,31.66
2006-11-18,Coimbatore,11.0168,76.9558,Humid,22.79,26.11,20.38,91.53,1.35,22.09,7.05,31.59
2006-11-19,Coimbatore,11.0168,76.9558,Humid,22.67,25.83,20.71,92.23,1.23,1.65,16.8,31.51
2006-11-20,Coimbatore,11.0168,76.9558,Humid,23.33,26.95,20.63,90.47,1.68,5.35,14.29,31.43
2006-11-21,Coimbatore,11.0168,76.9558,Humid,22.55,26.15,20.01,90.77,2.08,3.26,13.25,31.35
2006-11-22,Coimbatore,11.0168,76.9558,Humid,21.82,24.87,19.75,90.64,1.75,0.86,14.26,31.27
2006-11-23,Coimbatore,11.0168,76.9558,Humid,22.78,27.04,19.18,87.9,1.01,19.56,14.65,31.19
2006-11-24,Coimbatore,11.0168,76.9558,Humid,22.66,27.08,19.44,89.37,1.4,4.05,16.85,31.12
2006-11-25,Coimbatore,11.0168,76.9558,Humid,22.34,26.79,18.48,86.56,1.59,0.01,20.13,31.05
2006-11-26,Coimbatore,11.0168,76.9558,Humid,23.26,27.75,19.88,88.75,1.35,1.36,17.26,30.98
2006-11-27,Coimbatore,11.0168,76.9558,Humid,23.09,26.76,20.34,90.58,1.79,1.3,15.08,30.92
2006-11-28,Coimbatore,11.0168,76.9558,Humid,22.84,26.6,20.18,88.77,1.8,3.18,18.22,30.85
2006-11-29,Coimbatore,11.0168,76.9558,Humid,22.13,26.37,19.27,87.86,2.03,0.12,19.25,30.79
2006-11-30,Coimbatore,11.0168,76.9558,Humid,22.34,26.61,19.12,88.78,2.18,0.0,19.49,30.72
2006-12-01,Coimbatore,11.0168,76.9558,Humid,20.78,25.35,17.12,86.01,2.26,0.0,19.77,30.67
2006-12-02,Coimbatore,11.0168,76.9558,Humid,19.87,25.29,15.25,85.2,1.84,0.0,21.53,30.61
2006-12-03,Coimbatore,11.0168,76.9558,Humid,20.61,25.78,16.52,87.27,2.28,0.0,17.18,30.56
2006-12-04,Coimbatore,11.0168,76.9558,Humid,20.53,25.09,16.32,87.73,2.39,0.0,20.18,30.51
2006-12-05,Coimbatore,11.0168,76.9558,Humid,20.5,25.41,16.81,86.76,2.4,0.0,20.49,30.47
2006-12-06,Coimbatore,11.0168,76.9558,Humid,19.67,24.82,16.13,83.55,2.03,0.0,15.05,30.42
2006-12-07,Coimbatore,11.0168,76.9558,Humid,19.14,25.21,14.18,82.73,1.98,0.0,21.36,30.38
2006-12-08,Coimbatore,11.0168,76.9558,Humid,19.42,25.79,14.23,82.33,1.96,0.0,21.61,30.34
2006-12-09,Coimbatore,11.0168,76.9558,Humid,19.6,25.42,14.65,82.8,1.69,0.26,21.77,30.29
2006-12-10,Coimbatore,11.0168,76.9558,Humid,21.18,26.79,15.25,88.11,1.66,0.42,16.77,30.26
2006-12-11,Coimbatore,11.0168,76.9558,Humid,23.1,27.51,19.45,88.07,1.34,1.14,17.98,30.22
2006-12-12,Coimbatore,11.0168,76.9558,Humid,23.06,27.46,20.18,88.53,1.97,0.2,13.93,30.19
2006-12-13,Coimbatore,11.0168,76.9558,Humid,22.27,26.6,18.91,85.47,2.63,0.01,18.06,30.17
2006-12-14,Coimbatore,11.0168,76.9558,Humid,20.96,26.1,17.54,82.3,2.7,0.0,20.36,30.15
2006-12-15,Coimbatore,11.0168,76.9558,Humid,20.12,25.88,16.04,83.36,2.35,0.0,20.24,30.14
2006-12-16,Coimbatore,11.0168,76.9558,Humid,19.47,25.57,15.04,81.63,2.83,0.0,18.05,30.12
2006-12-17,Coimbatore,11.0168,76.9558,Humid,19.38,25.34,14.5,82.49,2.5,0.0,20.95,30.11
2006-12-18,Coimbatore,11.0168,76.9558,Humid,20.29,27.21,14.5,81.84,2.02,0.0,19.97,30.1
2006-12-19,Coimbatore,11.0168,76.9558,Humid,20.42,26.95,16.06,80.43,1.93,0.0,19.61,30.09
2006-12-20,Coimbatore,11.0168,76.9558,Humid,20.39,26.45,15.71,81.85,1.99,0.0,18.59,30.09
2006-12-21,Coimbatore,11.0168,76.9558,Humid,20.93,27.41,14.77,80.37,2.19,0.0,18.2,30.09
2006-12-22,Coimbatore,11.0168,76.9558,Humid,20.95,26.62,16.28,80.08,2.62,0.0,18.64,30.09
2006-12-23,Coimbatore,11.0168,76.9558,Humid,21.08,27.1,15.75,80.53,2.55,0.0,19.94,30.1
2006-12-24,Coimbatore,11.0168,76.9558,Humid,21.49,27.69,17.65,78.94,2.33,0.0,18.15,30.11
2006-12-25,Coimbatore,11.0168,76.9558,Humid,21.2,27.42,16.3,78.16,2.16,0.0,19.82,30.13
2006-12-26,Coimbatore,11.0168,76.9558,Humid,20.41,27.28,15.46,78.3,2.09,0.0,17.76,30.14
2006-12-27,Coimbatore,11.0168,76.9558,Humid,20.53,27.45,14.88,79.08,2.06,0.0,19.2,30.16
2006-12-28,Coimbatore,11.0168,76.9558,Humid,20.65,27.78,15.22,75.98,2.07,0.0,22.1,30.18
2006-12-29,Coimbatore,11.0168,76.9558,Humid,20.08,27.84,14.37,71.56,1.84,0.0,21.58,30.21
2006-12-30,Coimbatore,11.0168,76.9558,Humid,19.71,27.89,13.95,71.68,1.54,0.0,21.06,30.24
2006-12-31,Coimbatore,11.0168,76.9558,Humid,19.58,27.37,13.54,71.72,1.47,0.0,19.96,30.27
2007-01-01,Coimbatore,11.0168,76.9558,Humid,20.57,27.53,15.92,74.22,1.63,0.0,21.25,30.31
2007-01-02,Coimbatore,11.0168,76.9558,Humid,20.07,28.38,14.15,70.81,1.54,0.0,21.14,30.34
2007-01-03,Coimbatore,11.0168,76.9558,Humid,19.63,27.9,13.31,69.65,1.51,0.0,20.03,30.38
2007-01-04,Coimbatore,11.0168,76.9558,Humid,20.7,28.93,14.18,71.04,1.24,0.0,20.81,30.42
2007-01-05,Coimbatore,11.0168,76.9558,Humid,20.28,29.0,13.79,71.64,1.43,0.0,21.02,30.47
2007-01-06,Coimbatore,11.0168,76.9558,Humid,20.63,28.26,15.72,74.27,2.05,0.0,21.25,30.51
2007-01-07,Coimbatore,11.0168,76.9558,Humid,20.62,28.49,14.67,72.77,2.1,0.0,20.87,30.57
2007-01-08,Coimbatore,11.0168,76.9558,Humid,21.42,29.08,14.3,73.53,2.3,0.0,21.01,30.62
2007-01-09,Coimbatore,11.0168,76.9558,Humid,22.74,29.59,17.26,74.36,2.84,0.0,17.61,30.68
2007-01-10,Coimbatore,11.0168,76.9558,Humid,22.88,29.67,17.74,73.85,2.38,0.0,19.72,30.74
2007-01-11,Coimbatore,11.0168,76.9558,Humid,23.44,30.27,18.05,75.4,2.02,0.0,19.87,30.81
2007-01-12,Coimbatore,11.0168,76.9558,Humid,22.89,29.85,18.53,72.45,2.32,0.0,18.35,30.87
2007-01-13,Coimbatore,11.0168,76.9558,Humid,21.48,30.21,15.82,65.18,2.13,0.0,21.42,30.94
2007-01-14,Coimbatore,11.0168,76.9558,Humid,21.38,30.48,14.18,69.42,1.87,0.0,22.17,31.01
2007-01-15,Coimbatore,11.0168,76.9558,Humid,23.24,30.37,18.04,75.24,1.82,0.0,20.13,31.08
2007-01-16,Coimbatore,11.0168,76.9558,Humid,23.19,31.18,17.55,67.83,1.84,0.0,20.82,31.15
2007-01-17,Coimbatore,11.0168,76.9558,Humid,22.22,31.45,15.81,64.95,1.6,0.0,19.95,31.23
2007-01-18,Coimbatore,11.0168,76.9558,Humid,21.5,31.2,15.6,58.85,2.01,0.0,19.92,31.31
2007-01-19,Coimbatore,11.0168,76.9558,Humid,20.65,30.19,14.02,60.03,1.77,0.0,20.8,31.39
2007-01-20,Coimbatore,11.0168,76.9558,Humid,21.24,30.37,14.19,68.41,1.84,0.0,20.06,31.47
2007-01-21,Coimbatore,11.0168,76.9558,Humid,21.51,30.18,14.89,68.23,1.99,0.0,22.38,31.56
2007-01-22,Coimbatore,11.0168,76.9558,Humid,21.15,29.22,15.19,63.15,1.79,0.0,22.63,31.65
2007-01-23,Coimbatore,11.0168,76.9558,Humid,21.54,31.37,13.7,58.42,1.94,0.0,22.91,31.73
2007-01-24,Coimbatore,11.0168,76.9558,Humid,22.07,31.06,15.63,66.33,2.16,0.0,22.66,31.83
2007-01-25,Coimbatore,11.0168,76.9558,Humid,22.35,30.2,17.04,67.98,2.24,0.0,21.08,31.92
2007-01-26,Coimbatore,11.0168,76.9558,Humid,23.16,31.53,16.97,67.09,2.12,0.0,21.97,32.01
2007-01-27,Coimbatore,11.0168,76.9558,Humid,23.08,29.22,18.49,77.88,2.52,7.09,13.77,32.1
2007-01-28,Coimbatore,11.0168,76.9558,Humid,23.49,29.9,19.68,74.49,3.07,0.6,11.54,32.2
2007-01-29,Coimbatore,11.0168,76.9558,Humid,23.89,31.12,18.86,69.45,3.04,0.0,21.46,32.29
2007-01-30,Coimbatore,11.0168,76.9558,Humid,23.78,31.14,19.03,68.45,2.78,0.0,20.56,32.39
2007-01-31,Coimbatore,11.0168,76.9558,Humid,22.75,31.4,17.11,63.25,2.45,0.0,23.73,32.49
2007-02-01,Coimbatore,11.0168,76.9558,Humid,22.12,31.71,15.49,59.77,1.93,0.0,23.64,32.58
2007-02-02,Coimbatore,11.0168,76.9558,Humid,21.89,30.95,14.59,63.72,2.2,0.0,24.19,32.68
2007-02-03,Coimbatore,11.0168,76.9558,Humid,22.64,31.35,16.13,62.92,1.68,0.0,23.85,32.79
2007-02-04,Coimbatore,11.0168,76.9558,Humid,23.04,31.85,16.03,63.2,1.35,0.0,22.24,32.89
2007-02-05,Coimbatore,11.0168,76.9558,Humid,23.82,32.42,16.69,58.79,1.16,0.0,22.26,33.0
2007-02-06,Coimbatore,11.0168,76.9558,Humid,23.01,32.02,15.31,54.53,1.62,0.03,23.35,33.1
2007-02-07,Coimbatore,11.0168,76.9558,Humid,22.69,32.2,14.83,50.62,1.63,0.0,23.54,33.2
2007-02-08,Coimbatore,11.0168,76.9558,Humid,22.95,32.16,15.44,51.23,1.88,0.0,22.95,33.31
2007-02-09,Coimbatore,11.0168,76.9558,Humid,22.15,31.24,14.12,56.17,2.21,0.0,24.47,33.41
2007-02-10,Coimbatore,11.0168,76.9558,Humid,23.31,31.35,15.84,67.01,1.91,0.0,22.18,33.52
2007-02-11,Coimbatore,11.0168,76.9558,Humid,24.84,31.93,18.49,63.0,1.3,0.0,19.26,33.62
2007-02-12,Coimbatore,11.0168,76.9558,Humid,25.6,33.02,19.55,61.71,1.24,0.02,19.58,33.72
2007-02-13,Coimbatore,11.0168,76.9558,Humid,24.86,33.04,18.89,63.5,1.89,0.0,21.4,33.83
2007-02-14,Coimbatore,11.0168,76.9558,Humid,24.22,34.21,16.87,59.27,1.78,0.0,25.2,33.93
2007-02-15,Coimbatore,11.0168,76.9558,Humid,24.61,35.0,16.06,58.8,1.72,0.0,24.75,34.03
2007-02-16,Coimbatore,11.0168,76.9558,Humid,25.23,34.67,17.1,57.46,1.04,0.0,24.78,34.14
2007-02-17,Coimbatore,11.0168,76.9558,Humid,25.62,33.72,18.1,58.86,1.0,0.03,21.01,34.24
2007-02-18,Coimbatore,11.0168,76.9558,Humid,25.86,32.71,19.99,60.77,1.57,0.16,17.69,34.35
2007-02-19,Coimbatore,11.0168,76.9558,Humid,25.44,31.36,21.13,61.92,2.59,0.08,16.59,34.45
2007-02-20,Coimbatore,11.0168,76.9558,Humid,25.35,33.19,19.68,54.76,3.01,0.0,23.39,34.55
2007-02-21,Coimbatore,11.0168,76.9558,Humid,24.3,33.07,18.58,50.38,2.51,0.0,24.54,34.65
2007-02-22,Coimbatore,11.0168,76.9558,Humid,23.71,32.95,16.68,50.83,2.2,0.0,25.09,34.75
2007-02-23,Coimbatore,11.0168,76.9558,Humid,23.72,33.47,16.23,49.22,1.76,0.0,25.99,34.85
2007-02-24,Coimbatore,11.0168,76.9558,Humid,24.51,33.8,16.19,46.2,1.49,0.0,24.87,34.95
2007-02-25,Coimbatore,11.0168,76.9558,Humid,26.36,35.05,18.47,49.08,0.87,0.0,22.71,35.05
2007-02-26,Coimbatore,11.0168,76.9558,Humid,27.48,36.06,19.88,52.71,1.13,0.03,22.26,35.14
2007-02-27,Coimbatore,11.0168,76.9558,Humid,28.35,36.07,21.59,51.36,0.71,0.02,23.36,35.24
2007-02-28,Coimbatore,11.0168,76.9558,Humid,28.23,35.98,21.54,48.58,1.0,0.0,21.91,35.33
2007-03-01,Coimbatore,11.0168,76.9558,Humid,27.69,36.58,19.6,52.13,1.45,0.0,22.51,35.43
2007-03-02,Coimbatore,11.0168,76.9558,Humid,28.03,35.67,21.76,58.13,1.34,0.02,20.1,35.52
2007-03-03,Coimbatore,11.0168,76.9558,Humid,28.25,36.03,21.02,49.93,1.07,0.0,19.54,35.61
2007-03-04,Coimbatore,11.0168,76.9558,Humid,28.48,35.65,21.55,45.75,1.67,0.0,21.97,35.7
2007-03-05,Coimbatore,11.0168,76.9558,Humid,28.06,35.98,21.21,46.38,0.91,0.0,22.85,35.79
2007-03-06,Coimbatore,11.0168,76.9558,Humid,27.53,36.09,19.72,44.6,1.3,0.0,24.87,35.87
2007-03-07,Coimbatore,11.0168,76.9558,Humid,27.47,36.12,20.59,49.57,0.94,0.4,24.29,35.96
2007-03-08,Coimbatore,11.0168,76.9558,Humid,27.51,35.85,21.16,55.22,0.68,2.91,22.02,36.04
2007-03-09,Coimbatore,11.0168,76.9558,Humid,28.01,35.89,20.61,44.36,1.01,0.0,22.49,36.12
2007-03-10,Coimbatore,11.0168,76.9558,Humid,28.35,36.12,21.12,46.58,1.21,0.0,23.43,36.2
2007-03-11,Coimbatore,11.0168,76.9558,Humid,27.73,35.82,21.03,47.57,1.49,0.0,22.22,36.28
2007-03-12,Coimbatore,11.0168,76.9558,Humid,26.98,35.3,19.68,40.43,1.68,0.0,24.25,36.36
2007-03-13,Coimbatore,11.0168,76.9558,Humid,27.35,35.98,19.83,46.46,1.34,0.0,24.78,36.43
2007-03-14,Coimbatore,11.0168,76.9558,Humid,28.22,36.37,21.41,49.82,1.36,0.0,24.24,36.5
2007-03-15,Coimbatore,11.0168,76.9558,Humid,28.49,36.84,21.06,46.18,1.28,0.0,23.69,36.58
2007-03-16,Coimbatore,11.0168,76.9558,Humid,29.08,37.14,21.54,47.2,1.5,0.0,25.7,36.65
2007-03-17,Coimbatore,11.0168,76.9558,Humid,29.74,37.45,23.11,48.06,1.66,0.0,25.36,36.71
2007-03-18,Coimbatore,11.0168,76.9558,Humid,28.69,36.9,22.16,45.3,1.7,0.0,24.98,36.78
2007-03-19,Coimbatore,11.0168,76.9558,Humid,28.87,37.93,21.88,46.13,1.27,0.0,25.2,36.85
2007-03-20,Coimbatore,11.0168,76.9558,Humid,28.75,37.94,21.83,44.78,1.55,0.0,25.55,36.91
2007-03-21,Coimbatore,11.0168,76.9558,Humid,28.79,37.98,21.5,53.54,1.3,0.0,22.38,36.97
2007-03-22,Coimbatore,11.0168,76.9558,Humid,29.21,38.53,21.68,50.15,1.21,0.0,24.94,37.03
2007-03-23,Coimbatore,11.0168,76.9558,Humid,28.96,37.73,21.56,42.77,1.68,0.0,25.68,37.09
2007-03-24,Coimbatore,11.0168,76.9558,Humid,29.67,39.07,22.66,47.27,1.42,0.0,24.33,37.15
2007-03-25,Coimbatore,11.0168,76.9558,Humid,29.67,38.74,22.08,52.87,1.5,0.0,24.07,37.2
2007-03-26,Coimbatore,11.0168,76.9558,Humid,30.05,38.5,23.06,51.77,1.58,0.0,22.05,37.25
2007-03-27,Coimbatore,11.0168,76.9558,Humid,30.19,38.6,22.6,47.8,1.78,0.0,23.93,37.3
2007-03-28,Coimbatore,11.0168,76.9558,Humid,30.0,38.23,22.88,46.14,1.5,0.0,23.76,37.35
2007-03-29,Coimbatore,11.0168,76.9558,Humid,29.52,38.01,23.09,43.97,1.4,0.0,25.04,37.4
2007-03-30,Coimbatore,11.0168,76.9558,Humid,29.42,38.24,22.16,36.69,1.45,0.0,25.22,37.44
2007-03-31,Coimbatore,11.0168,76.9558,Humid,28.78,38.29,20.25,39.09,1.57,0.01,26.58,37.48
2007-04-01,Coimbatore,11.0168,76.9558,Humid,30.11,38.29,23.27,51.44,1.44,0.02,24.14,37.52
2007-04-02,Coimbatore,11.0168,76.9558,Humid,29.78,37.16,24.34,56.78,1.45,0.0,23.44,37.56
2007-04-03,Coimbatore,11.0168,76.9558,Humid,30.7,39.23,23.59,47.84,1.71,0.0,24.06,37.6
2007-04-04,Coimbatore,11.0168,76.9558,Humid,30.2,38.08,23.5,40.22,1.75,0.0,24.16,37.63
2007-04-05,Coimbatore,11.0168,76.9558,Humid,29.08,37.06,22.23,42.85,1.95,0.0,26.47,37.66
2007-04-06,Coimbatore,11.0168,76.9558,Humid,28.92,36.89,22.14,48.14,1.94,0.02,25.91,37.69
2007-04-07,Coimbatore,11.0168,76.9558,Humid,29.66,37.72,22.98,46.2,1.39,0.05,24.7,37.72
2007-04-08,Coimbatore,11.0168,76.9558,Humid,28.87,36.2,23.71,54.77,1.23,0.34,22.14,37.75
2007-04-09,Coimbatore,11.0168,76.9558,Humid,28.84,35.58,23.38,57.28,1.31,1.73,23.88,37.77
2007-04-10,Coimbatore,11.0168,76.9558,Humid,29.56,37.07,23.41,54.79,1.39,0.64,23.75,37.79
2007-04-11,Coimbatore,11.0168,76.9558,Humid,28.78,34.55,23.89,57.48,1.26,0.15,21.52,37.81
2007-04-12,Coimbatore,11.0168,76.9558,Humid,27.17,31.76,24.14,70.46,0.98,7.86,16.64,37.83
2007-04-13,Coimbatore,11.0168,76.9558,Humid,27.49,34.32,23.32,67.57,1.12,5.55,22.19,37.85
2007-04-14,Coimbatore,11.0168,76.9558,Humid,28.41,35.11,22.59,63.15,1.07,6.21,24.22,37.87
2007-04-15,Coimbatore,11.0168,76.9558,Humid,27.8,34.82,22.52,65.0,1.12,3.27,23.79,37.88
2007-04-16,Coimbatore,11.0168,76.9558,Humid,28.18,35.9,22.28,60.53,1.26,2.98,24.41,37.9
2007-04-17,Coimbatore,11.0168,76.9558,Humid,27.22,33.91,21.97,69.22,1.09,5.11,18.86,37.91
2007-04-18,Coimbatore,11.0168,76.9558,Humid,28.06,35.14,22.46,65.58,1.22,0.22,19.96,37.92
2007-04-19,Coimbatore,11.0168,76.9558,Humid,27.83,34.37,23.11,67.72,1.18,0.93,22.25,37.93
2007-04-20,Coimbatore,11.0168,76.9558,Humid,27.84,35.19,22.05,67.76,1.52,0.71,19.68,37.93
2007-04-21,Coimbatore,11.0168,76.9558,Humid,27.41,33.15,23.07,74.22,0.98,11.03,21.49,37.94
2007-04-22,Coimbatore,11.0168,76.9558,Humid,27.31,32.96,23.46,72.31,0.81,0.86,24.93,37.94
2007-04-23,Coimbatore,11.0168,76.9558,Humid,26.75,31.26,23.32,75.1,1.33,3.29,24.77,37.95
2007-04-24,Coimbatore,11.0168,76.9558,Humid,26.1,30.77,23.1,77.29,1.6,1.3,22.61,37.95
2007-04-25,Coimbatore,11.0168,76.9558,Humid,28.78,36.88,21.9,64.73,1.16,0.0,23.81,37.95
2007-04-26,Coimbatore,11.0168,76.9558,Humid,28.18,35.67,23.39,70.39,1.58,1.22,25.0,37.95
2007-04-27,Coimbatore,11.0168,76.9558,Humid,27.88,33.67,22.77,69.88,1.16,0.33,24.07,37.95
2007-04-28,Coimbatore,11.0168,76.9558,Humid,28.06,35.16,22.84,69.15,1.41,0.08,24.02,37.94
2007-04-29,Coimbatore,11.0168,76.9558,Humid,28.77,36.18,23.35,66.37,1.48,0.94,22.25,37.94
2007-04-30,Coimbatore,11.0168,76.9558,Humid,27.57,33.32,23.3,70.59,1.45,1.91,24.76,37.93
2007-05-01,Coimbatore,11.0168,76.9558,Humid,28.39,36.22,22.72,68.41,1.88,2.11,23.37,37.92
2007-05-02,Coimbatore,11.0168,76.9558,Humid,27.27,32.55,23.48,76.69,2.13,13.18,23.19,37.91
2007-05-03,Coimbatore,11.0168,76.9558,Humid,25.61,29.17,23.36,84.38,2.37,12.02,17.59,37.91
2007-05-04,Coimbatore,11.0168,76.9558,Humid,27.6,34.74,22.64,72.72,1.43,1.1,20.89,37.9
2007-05-05,Coimbatore,11.0168,76.9558,Humid,26.84,31.24,23.58,79.98,1.85,8.03,20.11,37.89
2007-05-06,Coimbatore,11.0168,76.9558,Humid,26.45,31.03,23.82,81.0,1.88,6.27,21.2,37.88
2007-05-07,Coimbatore,11.0168,76.9558,Humid,26.8,32.07,22.88,75.78,1.31,0.65,20.38,37.87
2007-05-08,Coimbatore,11.0168,76.9558,Humid,26.04,30.82,23.11,78.19,1.9,2.26,21.11,37.85
2007-05-09,Coimbatore,11.0168,76.9558,Humid,25.18,29.11,22.22,82.63,1.76,11.9,17.62,37.84
2007-05-10,Coimbatore,11.0168,76.9558,Humid,24.85,28.34,22.15,84.32,2.92,2.21,24.09,37.83
2007-05-11,Coimbatore,11.0168,76.9558,Humid,27.01,34.4,21.73,73.31,3.27,0.0,25.72,37.81
2007-05-12,Coimbatore,11.0168,76.9558,Humid,25.1,30.57,22.41,77.38,2.31,0.0,21.78,37.8
2007-05-13,Coimbatore,11.0168,76.9558,Humid,26.44,32.77,22.15,76.21,2.89,0.04,22.02,37.78
2007-05-14,Coimbatore,11.0168,76.9558,Humid,27.41,34.41,22.89,71.2,3.44,0.02,24.19,37.76
2007-05-15,Coimbatore,11.0168,76.9558,Humid,27.67,35.32,22.98,68.23,3.22,0.0,24.08,37.75
2007-05-16,Coimbatore,11.0168,76.9558,Humid,27.65,36.29,21.99,63.82,2.96,0.0,26.59,37.73
2007-05-17,Coimbatore,11.0168,76.9558,Humid,27.49,35.59,21.38,65.55,2.67,0.0,26.52,37.71
2007-05-18,Coimbatore,11.0168,76.9558,Humid,27.39,35.74,22.0,66.05,2.67,0.0,25.34,37.7
2007-05-19,Coimbatore,11.0168,76.9558,Humid,27.14,35.88,20.1,65.39,2.53,0.0,25.81,37.68
2007-05-20,Coimbatore,11.0168,76.9558,Humid,27.41,35.28,21.72,65.87,2.76,0.0,24.97,37.66
2007-05-21,Coimbatore,11.0168,76.9558,Humid,27.3,35.34,21.27,67.46,2.79,0.0,25.28,37.64
2007-05-22,Coimbatore,11.0168,76.9558,Humid,27.01,32.56,23.09,73.02,2.09,0.36,22.4,37.63
2007-05-23,Coimbatore,11.0168,76.9558,Humid,27.49,33.17,22.76,73.43,1.15,1.69,20.57,37.61
2007-05-24,Coimbatore,11.0168,76.9558,Humid,25.12,29.54,22.32,83.34,1.76,8.64,16.59,37.59
2007-05-25,Coimbatore,11.0168,76.9558,Humid,24.62,30.37,20.44,75.53,2.08,3.07,17.0,37.57
2007-05-26,Coimbatore,11.0168,76.9558,Humid,25.68,30.63,22.34,78.81,2.08,2.0,16.28,37.56
2007-05-27,Coimbatore,11.0168,76.9558,Humid,25.85,32.07,21.51,78.29,2.12,11.66,20.67,37.54
2007-05-28,Coimbatore,11.0168,76.9558,Humid,24.68,29.65,21.64,80.48,3.36,7.29,12.16,37.52
2007-05-29,Coimbatore,11.0168,76.9558,Humid,23.74,27.97,21.33,85.42,2.31,5.53,15.24,37.5
2007-05-30,Coimbatore,11.0168,76.9558,Humid,24.28,28.94,21.52,83.73,2.71,6.92,15.96,37.49
2007-05-31,Coimbatore,11.0168,76.9558,Humid,25.58,32.2,21.32,78.11,2.39,0.35,23.96,37.47
2007-06-01,Coimbatore,11.0168,76.9558,Humid,25.98,31.9,22.09,77.27,2.56,0.02,26.05,37.45
2007-06-02,Coimbatore,11.0168,76.9558,Humid,26.61,32.68,22.58,75.18,2.44,0.02,23.05,37.44
2007-06-03,Coimbatore,11.0168,76.9558,Humid,25.75,31.28,21.43,76.27,1.55,0.45,24.12,37.42
2007-06-04,Coimbatore,11.0168,76.9558,Humid,27.2,34.76,21.04,70.77,2.1,0.03,23.6,37.4
2007-06-05,Coimbatore,11.0168,76.9558,Humid,26.99,31.96,23.34,75.96,1.09,6.18,19.71,37.39
2007-06-06,Coimbatore,11.0168,76.9558,Humid,26.03,30.57,23.39,81.36,1.63,3.6,20.4,37.37
2007-06-07,Coimbatore,11.0168,76.9558,Humid,24.6,28.62,21.91,82.64,2.23,3.73,14.53,37.36
2007-06-08,Coimbatore,11.0168,76.9558,Humid,25.26,30.83,21.36,80.8,2.18,4.42,16.31,37.35
2007-06-09,Coimbatore,11.0168,76.9558,Humid,24.79,28.96,21.82,84.04,2.84,1.97,19.2,37.33
2007-06-10,Coimbatore,11.0168,76.9558,Humid,24.74,28.04,22.82,85.84,2.77,1.63,20.61,37.32
2007-06-11,Coimbatore,11.0168,76.9558,Humid,25.27,29.55,22.54,84.73,2.98,12.15,18.67,37.31
2007-06-12,Coimbatore,11.0168,76.9558,Humid,24.25,26.99,22.49,87.43,2.73,10.79,16.05,37.3
2007-06-13,Coimbatore,11.0168,76.9558,Humid,24.86,29.09,22.52,85.6,2.79,5.78,16.61,37.29
2007-06-14,Coimbatore,11.0168,76.9558,Humid,24.37,27.72,22.46,86.82,2.83,8.52,16.34,37.27
2007-06-15,Coimbatore,11.0168,76.9558,Humid,24.32,28.17,22.33,88.06,3.32,9.95,18.18,37.26
2007-06-16,Coimbatore,11.0168,76.9558,Humid,23.9,26.7,22.29,88.65,3.24,7.07,14.94,37.25
2007-06-17,Coimbatore,11.0168,76.9558,Humid,24.36,28.42,21.44,84.75,3.04,8.81,12.77,37.25
2007-06-18,Coimbatore,11.0168,76.9558,Humid,23.92,26.53,22.27,88.62,3.9,17.76,14.95,37.24
2007-06-19,Coimbatore,11.0168,76.9558,Humid,23.65,27.19,21.02,86.96,3.68,13.57,13.26,37.23
2007-06-20,Coimbatore,11.0168,76.9558,Humid,22.87,26.52,20.41,85.94,4.07,13.29,11.72,37.23
2007-06-21,Coimbatore,11.0168,76.9558,Humid,23.0,27.43,20.23,83.25,3.52,11.37,13.09,37.22
2007-06-22,Coimbatore,11.0168,76.9558,Humid,23.65,25.48,21.6,90.46,5.59,32.77,6.43,37.22
2007-06-23,Coimbatore,11.0168,76.9558,Humid,24.0,26.09,22.58,87.56,5.11,20.68,8.73,37.21
2007-06-24,Coimbatore,11.0168,76.9558,Humid,24.07,27.29,21.94,86.85,3.47,3.53,14.91,37.21
2007-06-25,Coimbatore,11.0168,76.9558,Humid,23.76,27.33,21.38,86.42,2.79,0.62,15.62,37.21
2007-06-26,Coimbatore,11.0168,76.9558,Humid,24.14,28.21,20.96,86.96,2.53,3.89,12.83,37.21
2007-06-27,Coimbatore,11.0168,76.9558,Humid,23.46,27.03,21.23,85.46,2.94,1.31,10.75,37.2
2007-06-28,Coimbatore,11.0168,76.9558,Humid,23.69,26.89,21.32,86.44,3.84,2.03,9.68,37.2
2007-06-29,Coimbatore,11.0168,76.9558,Humid,23.88,27.65,21.96,83.1,4.35,8.03,14.68,37.21
2007-06-30,Coimbatore,11.0168,76.9558,Humid,23.51,26.78,21.48,86.18,4.3,11.16,10.95,37.21
2007-07-01,Coimbatore,11.0168,76.9558,Humid,24.01,26.7,21.9,87.33,4.02,11.05,14.25,37.21
2007-07-02,Coimbatore,11.0168,76.9558,Humid,24.12,27.3,21.89,85.57,3.72,26.18,9.61,37.21
2007-07-03,Coimbatore,11.0168,76.9558,Humid,23.7,26.66,21.9,87.5,3.69,22.96,11.99,37.21
2007-07-04,Coimbatore,11.0168,76.9558,Humid,23.37,26.1,21.34,89.87,3.31,5.84,7.63,37.22
2007-07-05,Coimbatore,11.0168,76.9558,Humid,23.3,25.87,21.24,89.18,3.11,4.5,15.16,37.22
2007-07-06,Coimbatore,11.0168,76.9558,Humid,23.59,25.59,22.32,90.68,4.14,4.95,13.76,37.23
2007-07-07,Coimbatore,11.0168,76.9558,Humid,23.85,27.31,21.48,87.19,3.77,3.93,15.31,37.23
2007-07-08,Coimbatore,11.0168,76.9558,Humid,23.66,26.93,21.89,87.74,3.84,5.85,14.12,37.23
2007-07-09,Coimbatore,11.0168,76.9558,Humid,23.7,26.71,21.81,88.84,3.55,17.41,15.89,37.24
2007-07-10,Coimbatore,11.0168,76.9558,Humid,23.81,26.61,22.03,89.69,3.37,11.25,14.45,37.24
2007-07-11,Coimbatore,11.0168,76.9558,Humid,24.21,27.27,22.32,89.07,3.42,8.11,13.74,37.24
2007-07-12,Coimbatore,11.0168,76.9558,Humid,23.9,26.76,22.13,89.89,3.49,7.14,15.36,37.25
2007-07-13,Coimbatore,11.0168,76.9558,Humid,24.14,27.22,22.28,89.21,3.8,5.92,12.91,37.26
2007-07-14,Coimbatore,11.0168,76.9558,Humid,23.97,26.81,22.27,88.36,3.99,1.73,14.37,37.27
2007-07-15,Coimbatore,11.0168,76.9558,Humid,23.88,26.94,21.81,88.49,4.11,5.6,11.35,37.28
2007-07-16,Coimbatore,11.0168,76.9558,Humid,23.78,25.52,22.43,91.41,3.8,17.11,8.03,37.29
2007-07-17,Coimbatore,11.0168,76.9558,Humid,23.16,25.55,21.26,90.29,3.65,32.7,9.16,37.3
2007-07-18,Coimbatore,11.0168,76.9558,Humid,23.61,27.66,20.77,87.95,2.6,10.73,16.7,37.31
2007-07-19,Coimbatore,11.0168,76.9558,Humid,23.35,25.74,21.36,92.18,2.07,6.39,16.33,37.32
2007-07-20,Coimbatore,11.0168,76.9558,Humid,23.1,25.07,21.55,91.03,2.65,11.19,14.33,37.33
2007-07-21,Coimbatore,11.0168,76.9558,Humid,22.71,25.5,20.72,91.42,2.39,5.35,16.37,37.34
2007-07-22,Coimbatore,11.0168,76.9558,Humid,22.52,25.61,20.32,90.38,2.14,3.5,12.45,37.34
2007-07-23,Coimbatore,11.0168,76.9558,Humid,22.47,26.15,19.56,89.2,1.81,1.62,16.52,37.36
2007-07-24,Coimbatore,11.0168,76.9558,Humid,22.79,26.39,20.37,89.95,1.61,7.51,14.16,37.37
2007-07-25,Coimbatore,11.0168,76.9558,Humid,22.93,26.17,20.78,90.61,2.31,4.96,14.07,37.38
2007-07-26,Coimbatore,11.0168,76.9558,Humid,22.73,25.22,20.61,92.86,2.25,4.62,13.93,37.39
2007-07-27,Coimbatore,11.0168,76.9558,Humid,23.04,25.7,21.32,92.08,2.34,5.15,15.59,37.4
2007-07-28,Coimbatore,11.0168,76.9558,Humid,23.0,25.98,21.06,91.25,2.34,4.9,9.99,37.41
2007-07-29,Coimbatore,11.0168,76.9558,Humid,23.12,26.69,20.33,89.34,2.1,1.45,12.38,37.42
2007-07-30,Coimbatore,11.0168,76.9558,Humid,22.94,25.95,20.68,90.38,1.85,8.25,15.62,37.43
2007-07-31,Coimbatore,11.0168,76.9558,Humid,22.75,26.28,19.8,88.45,2.7,7.95,10.68,37.43
2007-08-01,Coimbatore,11.0168,76.9558,Humid,22.55,25.78,20.29,89.52,3.01,3.98,12.59,37.44
2007-08-02,Coimbatore,11.0168,76.9558,Humid,22.28,25.71,20.15,90.6,3.08,6.72,10.93,37.45
2007-08-03,Coimbatore,11.0168,76.9558,Humid,22.98,26.56,20.34,89.28,3.0,4.19,10.72,37.46
2007-08-04,Coimbatore,11.0168,76.9558,Humid,22.9,26.21,20.21,90.49,3.13,5.52,14.69,37.46
2007-08-05,Coimbatore,11.0168,76.9558,Humid,22.69,24.9,21.29,90.57,4.01,9.95,12.46,37.47
2007-08-06,Coimbatore,11.0168,76.9558,Humid,22.6,25.07,21.1,90.05,4.39,6.48,12.08,37.47
2007-08-07,Coimbatore,11.0168,76.9558,Humid,23.02,26.39,21.09,88.65,3.87,3.75,13.07,37.48
2007-08-08,Coimbatore,11.0168,76.9558,Humid,23.32,27.04,20.85,88.96,3.84,14.73,13.97,37.48
2007-08-09,Coimbatore,11.0168,76.9558,Humid,23.28,26.71,20.74,89.63,3.82,22.18,12.16,37.48
2007-08-10,Coimbatore,11.0168,76.9558,Humid,22.55,25.35,20.46,90.16,3.63,10.29,9.2,37.49
2007-08-11,Coimbatore,11.0168,76.9558,Humid,22.37,25.35,20.23,90.08,3.14,4.21,16.27,37.49
2007-08-12,Coimbatore,11.0168,76.9558,Humid,22.67,26.27,20.04,88.61,2.61,0.79,18.48,37.49
2007-08-13,Coimbatore,11.0168,76.9558,Humid,22.36,26.73,19.39,88.24,2.46,0.2,19.43,37.49
2007-08-14,Coimbatore,11.0168,76.9558,Humid,22.69,26.58,19.92,89.71,1.98,0.01,22.58,37.49
2007-08-15,Coimbatore,11.0168,76.9558,Humid,23.58,28.44,19.27,86.53,1.5,0.2,22.96,37.49
2007-08-16,Coimbatore,11.0168,76.9558,Humid,23.89,27.44,20.7,88.07,1.26,1.1,21.55,37.49
2007-08-17,Coimbatore,11.0168,76.9558,Humid,23.41,26.28,21.18,91.6,1.6,0.13,17.61,37.48
2007-08-18,Coimbatore,11.0168,76.9558,Humid,23.65,27.26,20.73,89.13,1.85,0.27,19.85,37.48
2007-08-19,Coimbatore,11.0168,76.9558,Humid,23.77,28.48,20.67,87.08,2.11,2.12,21.7,37.48
2007-08-20,Coimbatore,11.0168,76.9558,Humid,23.35,27.84,19.24,87.05,2.28,1.74,16.91,37.47
2007-08-21,Coimbatore,11.0168,76.9558,Humid,23.09,26.21,21.06,90.11,2.35,17.36,12.77,37.46
2007-08-22,Coimbatore,11.0168,76.9558,Humid,22.5,25.76,20.24,89.96,1.88,3.54,17.64,37.46
2007-08-23,Coimbatore,11.0168,76.9558,Humid,22.99,26.55,20.2,89.01,1.97,2.47,16.62,37.45
2007-08-24,Coimbatore,11.0168,76.9558,Humid,22.97,25.83,20.66,90.75,1.52,13.23,17.53,37.44
2007-08-25,Coimbatore,11.0168,76.9558,Humid,23.1,25.9,21.36,91.34,1.8,3.61,16.36,37.42
2007-08-26,Coimbatore,11.0168,76.9558,Humid,23.01,26.39,20.79,90.34,2.56,2.23,15.57,37.41
2007-08-27,Coimbatore,11.0168,76.9558,Humid,23.25,26.87,20.48,89.73,2.33,2.34,16.43,37.39
2007-08-28,Coimbatore,11.0168,76.9558,Humid,23.33,26.28,21.27,91.72,2.52,8.63,15.91,37.38
2007-08-29,Coimbatore,11.0168,76.9558,Humid,23.31,26.86,21.33,90.63,2.83,7.37,10.34,37.36
2007-08-30,Coimbatore,11.0168,76.9558,Humid,22.51,25.24,20.98,91.81,2.9,4.92,13.48,37.34
2007-08-31,Coimbatore,11.0168,76.9558,Humid,22.63,26.46,20.17,88.99,3.18,5.96,14.96,37.32
2007-09-01,Coimbatore,11.0168,76.9558,Humid,22.84,26.78,20.61,88.29,3.03,3.74,15.65,37.3
2007-09-02,Coimbatore,11.0168,76.9558,Humid,22.69,26.22,20.49,90.33,2.99,5.6,11.78,37.27
2007-09-03,Coimbatore,11.0168,76.9558,Humid,22.57,26.12,20.4,89.65,2.6,1.45,15.3,37.25
2007-09-04,Coimbatore,11.0168,76.9558,Humid,22.84,26.52,19.68,89.24,2.57,4.49,14.4,37.22
2007-09-05,Coimbatore,11.0168,76.9558,Humid,22.98,26.39,20.91,90.17,3.11,7.39,10.95,37.19
2007-09-06,Coimbatore,11.0168,76.9558,Humid,22.72,26.11,20.65,90.29,3.03,6.1,13.92,37.16
2007-09-07,Coimbatore,11.0168,76.9558,Humid,23.35,26.83,20.98,89.65,2.26,1.23,16.31,37.13
2007-09-08,Coimbatore,11.0168,76.9558,Humid,23.26,27.01,20.7,89.77,1.74,0.45,17.61,37.1
2007-09-09,Coimbatore,11.0168,76.9558,Humid,23.81,28.39,20.35,87.27,1.27,12.26,16.84,37.06
2007-09-10,Coimbatore,11.0168,76.9558,Humid,24.91,29.7,20.94,84.25,0.75,7.32,20.35,37.03
2007-09-11,Coimbatore,11.0168,76.9558,Humid,24.32,28.29,21.46,88.49,1.05,14.54,15.68,36.99
2007-09-12,Coimbatore,11.0168,76.9558,Humid,23.54,27.07,21.18,90.17,1.97,7.36,17.63,36.95
2007-09-13,Coimbatore,11.0168,76.9558,Humid,23.45,26.65,21.0,91.53,1.65,6.43,17.8,36.91
2007-09-14,Coimbatore,11.0168,76.9558,Humid,23.04,25.92,21.13,92.27,1.63,10.06,10.41,36.87
2007-09-15,Coimbatore,11.0168,76.9558,Humid,23.1,27.11,20.74,90.7,2.19,10.81,11.96,36.82
2007-09-16,Coimbatore,11.0168,76.9558,Humid,23.78,26.99,21.5,91.09,2.09,13.13,16.41,36.78
2007-09-17,Coimbatore,11.0168,76.9558,Humid,22.97,25.36,21.01,92.7,2.59,11.81,13.07,36.73
2007-09-18,Coimbatore,11.0168,76.9558,Humid,22.04,25.25,19.57,89.4,3.62,7.28,12.34,36.68
2007-09-19,Coimbatore,11.0168,76.9558,Humid,22.38,26.37,18.84,89.67,3.32,2.21,14.64,36.63
2007-09-20,Coimbatore,11.0168,76.9558,Humid,23.21,26.86,20.83,90.04,3.31,2.75,15.04,36.58
2007-09-21,Coimbatore,11.0168,76.9558,Humid,23.41,26.56,21.52,90.44,3.11,2.52,15.91,36.53
2007-09-22,Coimbatore,11.0168,76.9558,Humid,23.57,26.78,21.48,89.98,3.43,4.15,19.25,36.47
2007-09-23,Coimbatore,11.0168,76.9558,Humid,23.12,25.55,21.84,91.65,3.55,5.73,15.91,36.42
2007-09-24,Coimbatore,11.0168,76.9558,Humid,22.91,25.18,21.58,92.02,4.18,16.75,12.62,36.36
2007-09-25,Coimbatore,11.0168,76.9558,Humid,22.97,25.56,21.22,92.13,3.58,13.98,12.57,36.3
2007-09-26,Coimbatore,11.0168,76.9558,Humid,22.93,26.54,20.19,91.09,1.95,0.59,15.42,36.23
2007-09-27,Coimbatore,11.0168,76.9558,Humid,23.33,26.57,20.89,91.47,1.98,1.15,14.96,36.17
2007-09-28,Coimbatore,11.0168,76.9558,Humid,23.24,26.76,20.88,90.05,2.15,1.02,15.06,36.1
2007-09-29,Coimbatore,11.0168,76.9558,Humid,23.29,27.16,20.69,89.18,2.54,0.59,17.03,36.03
2007-09-30,Coimbatore,11.0168,76.9558,Humid,23.33,26.85,20.88,90.57,2.22,0.77,17.48,35.96
2007-10-01,Coimbatore,11.0168,76.9558,Humid,23.11,26.51,21.12,91.0,2.61,1.49,13.31,35.89
2007-10-02,Coimbatore,11.0168,76.9558,Humid,22.63,26.03,20.41,90.45,2.14,1.18,15.11,35.82
2007-10-03,Coimbatore,11.0168,76.9558,Humid,23.45,28.19,19.87,87.62,2.22,0.21,18.74,35.75
2007-10-04,Coimbatore,11.0168,76.9558,Humid,23.2,27.23,20.36,88.89,2.45,3.16,20.21,35.67
2007-10-05,Coimbatore,11.0168,76.9558,Humid,22.71,27.25,19.78,87.03,2.32,0.48,18.79,35.6
2007-10-06,Coimbatore,11.0168,76.9558,Humid,22.24,27.01,19.0,88.26,2.36,1.42,20.28,35.52
2007-10-07,Coimbatore,11.0168,76.9558,Humid,22.08,26.56,18.61,88.08,2.35,0.61,22.71,35.44
2007-10-08,Coimbatore,11.0168,76.9558,Humid,22.47,28.0,18.51,84.51,2.0,0.1,20.98,35.36
2007-10-09,Coimbatore,11.0168,76.9558,Humid,23.63,28.83,18.73,82.75,0.83,0.0,16.78,35.28
2007-10-10,Coimbatore,11.0168,76.9558,Humid,24.88,30.65,20.39,79.09,0.73,0.16,17.79,35.2
2007-10-11,Coimbatore,11.0168,76.9558,Humid,24.57,29.1,19.8,78.14,0.94,7.98,15.8,35.11
2007-10-12,Coimbatore,11.0168,76.9558,Humid,24.22,28.1,20.94,84.86,0.81,2.32,19.0,35.03
2007-10-13,Coimbatore,11.0168,76.9558,Humid,24.81,28.63,21.46,83.03,0.65,3.65,21.61,34.94
2007-10-14,Coimbatore,11.0168,76.9558,Humid,24.31,28.53,20.25,80.58,1.05,2.2,19.79,34.85
2007-10-15,Coimbatore,11.0168,76.9558,Humid,24.58,28.53,20.53,80.58,0.81,10.08,17.38,34.77
2007-10-16,Coimbatore,11.0168,76.9558,Humid,23.98,27.85,20.45,84.49,0.99,2.41,13.65,34.68
2007-10-17,Coimbatore,11.0168,76.9558,Humid,23.68,27.32,21.55,88.91,0.44,10.44,11.74,34.59
2007-10-18,Coimbatore,11.0168,76.9558,Humid,22.74,25.08,20.95,91.83,0.45,7.78,14.6,34.5
2007-10-19,Coimbatore,11.0168,76.9558,Humid,22.97,26.93,20.13,90.09,0.95,22.33,14.07,34.41
2007-10-20,Coimbatore,11.0168,76.9558,Humid,22.32,24.18,21.07,94.21,1.24,21.31,10.46,34.32
2007-10-21,Coimbatore,11.0168,76.9558,Humid,22.83,26.06,20.64,92.07,0.82,13.56,16.21,34.22
2007-10-22,Coimbatore,11.0168,76.9558,Humid,22.83,25.91,20.73,91.48,0.68,26.74,12.95,34.13
2007-10-23,Coimbatore,11.0168,76.9558,Humid,22.02,24.74,19.98,91.88,1.43,23.82,12.26,34.03
2007-10-24,Coimbatore,11.0168,76.9558,Humid,21.55,24.42,18.79,93.39,2.12,15.2,12.13,33.94
2007-10-25,Coimbatore,11.0168,76.9558,Humid,22.87,25.97,21.03,92.37,1.94,3.78,13.05,33.84
2007-10-26,Coimbatore,11.0168,76.9558,Humid,22.54,26.13,19.68,90.43,1.79,17.6,13.41,33.75
2007-10-27,Coimbatore,11.0168,76.9558,Humid,22.41,25.85,19.65,88.71,0.8,10.13,15.26,33.65
2007-10-28,Coimbatore,11.0168,76.9558,Humid,22.09,25.02,20.1,92.51,1.06,9.95,13.97,33.55
2007-10-29,Coimbatore,11.0168,76.9558,Humid,22.24,25.8,19.41,91.09,1.24,19.23,10.05,33.46
2007-10-30,Coimbatore,11.0168,76.9558,Humid,22.5,26.41,19.87,91.4,1.63,3.9,17.47,33.36
2007-10-31,Coimbatore,11.0168,76.9558,Humid,23.0,27.15,19.95,90.07,1.53,0.31,19.09,33.26
2007-11-01,Coimbatore,11.0168,76.9558,Humid,22.55,25.45,19.83,87.05,0.91,3.54,16.7,33.17
2007-11-02,Coimbatore,11.0168,76.9558,Humid,23.57,27.74,20.41,86.37,0.88,8.64,12.9,33.07
2007-11-03,Coimbatore,11.0168,76.9558,Humid,23.2,26.97,20.07,89.78,1.54,8.64,18.55,32.97
2007-11-04,Coimbatore,11.0168,76.9558,Humid,22.47,25.23,20.7,93.0,1.32,2.59,10.32,32.88
2007-11-05,Coimbatore,11.0168,76.9558,Humid,22.29,25.2,19.96,88.14,1.2,0.11,17.48,32.78
2007-11-06,Coimbatore,11.0168,76.9558,Humid,23.68,27.65,19.72,82.62,0.52,30.74,15.54,32.69
2007-11-07,Coimbatore,11.0168,76.9558,Humid,24.03,28.09,20.76,86.74,0.48,4.73,16.91,32.59
2007-11-08,Coimbatore,11.0168,76.9558,Humid,23.56,27.65,19.95,82.51,0.99,0.77,19.7,32.5
2007-11-09,Coimbatore,11.0168,76.9558,Humid,22.74,27.02,18.21,81.33,0.54,0.18,19.41,32.4
2007-11-10,Coimbatore,11.0168,76.9558,Humid,22.43,26.56,18.98,84.09,1.24,1.76,20.05,32.31
2007-11-11,Coimbatore,11.0168,76.9558,Humid,21.37,26.82,16.49,81.12,1.39,0.09,21.44,32.22
2007-11-12,Coimbatore,11.0168,76.9558,Humid,21.47,26.58,17.09,82.0,1.55,0.0,21.32,32.13
2007-11-13,Coimbatore,11.0168,76.9558,Humid,21.89,27.24,16.33,79.28,0.99,0.36,21.0,32.04
2007-11-14,Coimbatore,11.0168,76.9558,Humid,20.65,26.7,15.45,73.78,1.12,0.28,22.96,31.95
2007-11-15,Coimbatore,11.0168,76.9558,Humid,19.54,25.37,13.78,68.05,1.31,0.0,23.61,31.86
2007-11-16,Coimbatore,11.0168,76.9558,Humid,19.96,26.25,13.87,62.83,1.12,0.0,22.87,31.78
2007-11-17,Coimbatore,11.0168,76.9558,Humid,19.17,25.43,13.63,73.54,1.27,0.0,22.59,31.69
2007-11-18,Coimbatore,11.0168,76.9558,Humid,19.0,25.49,12.73,75.61,1.38,0.0,22.43,31.61
2007-11-19,Coimbatore,11.0168,76.9558,Humid,21.58,26.84,16.28,87.48,1.26,0.41,16.96,31.53
2007-11-20,Coimbatore,11.0168,76.9558,Humid,22.74,26.57,19.6,90.24,1.93,2.94,12.05,31.45
2007-11-21,Coimbatore,11.0168,76.9558,Humid,22.3,26.46,19.7,88.19,2.32,1.13,20.62,31.37
2007-11-22,Coimbatore,11.0168,76.9558,Humid,22.51,27.28,18.98,87.51,1.89,0.02,17.52,31.29
2007-11-23,Coimbatore,11.0168,76.9558,Humid,22.59,27.39,18.74,82.62,1.29,0.0,17.29,31.22
2007-11-24,Coimbatore,11.0168,76.9558,Humid,21.05,26.59,16.57,79.74,1.44,0.17,20.85,31.14
2007-11-25,Coimbatore,11.0168,76.9558,Humid,19.33,25.68,13.81,69.7,1.4,0.04,22.11,31.07
2007-11-26,Coimbatore,11.0168,76.9558,Humid,19.45,25.74,12.48,74.67,1.47,0.0,22.8,31.0
2007-11-27,Coimbatore,11.0168,76.9558,Humid,21.83,27.22,17.82,81.86,1.33,0.0,20.16,30.93
2007-11-28,Coimbatore,11.0168,76.9558,Humid,22.31,27.5,17.96,84.81,1.19,0.0,18.13,30.87
2007-11-29,Coimbatore,11.0168,76.9558,Humid,22.12,26.64,18.47,87.33,1.72,5.91,18.44,30.8
2007-11-30,Coimbatore,11.0168,76.9558,Humid,20.9,25.81,17.1,84.99,2.29,1.99,16.94,30.74
2007-12-01,Coimbatore,11.0168,76.9558,Humid,20.57,25.99,15.4,83.11,2.13,0.0,21.16,30.68
2007-12-02,Coimbatore,11.0168,76.9558,Humid,20.97,26.07,16.48,84.17,1.93,0.01,17.33,30.63
2007-12-03,Coimbatore,11.0168,76.9558,Humid,21.72,27.12,17.4,86.01,2.34,0.22,18.09,30.57
2007-12-04,Coimbatore,11.0168,76.9558,Humid,21.5,26.22,18.2,82.28,2.9,0.06,17.63,30.52
2007-12-05,Coimbatore,11.0168,76.9558,Humid,21.28,26.49,17.22,83.67,3.12,0.11,16.45,30.47
2007-12-06,Coimbatore,11.0168,76.9558,Humid,21.51,26.29,17.97,85.59,3.13,0.68,16.81,30.43
2007-12-07,Coimbatore,11.0168,76.9558,Humid,21.72,26.74,18.16,83.79,2.47,0.19,17.67,30.39
2007-12-08,Coimbatore,11.0168,76.9558,Humid,21.87,27.17,17.72,82.47,2.01,0.04,19.23,30.34
2007-12-09,Coimbatore,11.0168,76.9558,Humid,22.26,27.42,18.25,83.05,1.74,0.0,17.8,30.31
2007-12-10,Coimbatore,11.0168,76.9558,Humid,22.01,27.26,18.13,81.63,1.73,0.0,17.28,30.27
2007-12-11,Coimbatore,11.0168,76.9558,Humid,21.15,27.35,16.56,79.24,1.69,0.0,18.69,30.24
2007-12-12,Coimbatore,11.0168,76.9558,Humid,20.83,26.77,15.65,80.13,1.52,0.01,17.94,30.21
2007-12-13,Coimbatore,11.0168,76.9558,Humid,20.95,25.96,17.26,81.49,1.75,0.73,14.76,30.18
2007-12-14,Coimbatore,11.0168,76.9558,Humid,20.5,23.19,18.45,90.53,2.14,2.58,10.7,30.16
2007-12-15,Coimbatore,11.0168,76.9558,Humid,21.61,26.24,18.73,83.09,2.65,0.19,11.13,30.15
2007-12-16,Coimbatore,11.0168,76.9558,Humid,22.0,27.29,18.51,78.95,3.05,0.0,16.66,30.13
2007-12-17,Coimbatore,11.0168,76.9558,Humid,21.43,27.44,16.61,81.58,2.62,0.8,20.19,30.12
2007-12-18,Coimbatore,11.0168,76.9558,Humid,20.91,24.26,18.32,88.31,3.3,24.21,9.96,30.11
2007-12-19,Coimbatore,11.0168,76.9558,Humid,21.78,24.19,19.57,94.43,3.8,34.78,4.16,30.1
2007-12-20,Coimbatore,11.0168,76.9558,Humid,21.5,24.37,19.83,92.47,3.29,8.22,8.08,30.1
2007-12-21,Coimbatore,11.0168,76.9558,Humid,21.66,25.62,18.69,89.64,2.43,1.22,14.25,30.09
2007-12-22,Coimbatore,11.0168,76.9558,Humid,21.7,26.62,18.26,85.9,1.93,0.0,20.28,30.1
2007-12-23,Coimbatore,11.0168,76.9558,Humid,20.8,26.54,16.78,82.01,1.56,0.0,19.66,30.1
2007-12-24,Coimbatore,11.0168,76.9558,Humid,19.39,24.95,14.7,72.39,1.56,0.0,22.13,30.11
2007-12-25,Coimbatore,11.0168,76.9558,Humid,19.59,26.78,13.98,63.84,1.33,0.0,21.71,30.12
2007-12-26,Coimbatore,11.0168,76.9558,Humid,19.6,27.21,13.3,70.24,1.61,0.0,21.56,30.14
2007-12-27,Coimbatore,11.0168,76.9558,Humid,20.68,27.56,14.63,77.91,1.4,0.0,21.13,30.16
2007-12-28,Coimbatore,11.0168,76.9558,Humid,21.5,27.91,16.01,76.15,1.04,0.0,19.54,30.18
2007-12-29,Coimbatore,11.0168,76.9558,Humid,21.39,27.94,15.79,78.08,1.4,0.0,20.47,30.2
2007-12-30,Coimbatore,11.0168,76.9558,Humid,21.24,27.99,16.33,79.85,1.57,0.0,19.9,30.23
2007-12-31,Coimbatore,11.0168,76.9558,Humid,20.79,27.31,16.46,80.12,1.68,0.0,19.04,30.26
2008-01-01,Coimbatore,11.0168,76.9558,Humid,20.12,26.97,15.46,78.53,1.99,0.0,21.38,30.3
2008-01-02,Coimbatore,11.0168,76.9558,Humid,19.61,26.56,14.79,77.1,1.88,0.0,21.63,30.33
2008-01-03,Coimbatore,11.0168,76.9558,Humid,19.97,27.44,13.82,75.27,1.63,0.01,21.52,30.37
2008-01-04,Coimbatore,11.0168,76.9558,Humid,20.86,25.23,15.27,85.98,2.13,0.12,19.41,30.42
2008-01-05,Coimbatore,11.0168,76.9558,Humid,22.62,27.72,19.12,83.86,2.8,0.51,12.78,30.46
2008-01-06,Coimbatore,11.0168,76.9558,Humid,20.9,27.64,16.35,75.47,2.4,0.01,20.98,30.51
2008-01-07,Coimbatore,11.0168,76.9558,Humid,19.92,26.87,15.22,75.79,2.54,0.0,21.05,30.56
2008-01-08,Coimbatore,11.0168,76.9558,Humid,19.72,27.01,14.35,77.38,2.37,0.0,20.88,30.62
2008-01-09,Coimbatore,11.0168,76.9558,Humid,20.63,28.43,15.14,71.29,1.88,0.0,21.78,30.67
2008-01-10,Coimbatore,11.0168,76.9558,Humid,21.1,29.28,15.42,71.01,1.75,0.0,21.06,30.73
2008-01-11,Coimbatore,11.0168,76.9558,Humid,21.04,29.09,15.8,72.84,2.03,0.0,21.83,30.79
2008-01-12,Coimbatore,11.0168,76.9558,Humid,20.73,28.52,15.62,74.8,2.27,0.0,22.19,30.86
2008-01-13,Coimbatore,11.0168,76.9558,Humid,20.86,28.7,15.89,73.15,2.38,0.0,22.27,30.92
2008-01-14,Coimbatore,11.0168,76.9558,Humid,20.35,28.77,14.92,71.62,2.0,0.0,21.75,30.99
2008-01-15,Coimbatore,11.0168,76.9558,Humid,20.08,28.58,14.13,71.49,2.15,0.0,22.07,31.06
2008-01-16,Coimbatore,11.0168,76.9558,Humid,20.04,28.97,13.16,70.94,2.21,0.0,22.07,31.14
2008-01-17,Coimbatore,11.0168,76.9558,Humid,20.47,29.23,14.9,68.69,2.23,0.0,22.28,31.21
2008-01-18,Coimbatore,11.0168,76.9558,Humid,20.55,29.79,14.59,68.31,1.53,0.0,22.62,31.29
2008-01-19,Coimbatore,11.0168,76.9558,Humid,20.18,29.21,13.47,68.73,1.42,0.0,22.2,31.37
2008-01-20,Coimbatore,11.0168,76.9558,Humid,20.76,30.28,13.54,67.03,1.37,0.0,22.8,31.46
2008-01-21,Coimbatore,11.0168,76.9558,Humid,21.32,29.89,14.69,70.99,1.75,0.0,22.47,31.54
2008-01-22,Coimbatore,11.0168,76.9558,Humid,22.69,30.45,17.42,74.41,1.79,0.0,20.23,31.63
2008-01-23,Coimbatore,11.0168,76.9558,Humid,22.18,30.45,16.43,71.94,1.7,0.0,20.24,31.71
2008-01-24,Coimbatore,11.0168,76.9558,Humid,22.49,31.34,16.06,69.18,1.35,0.0,19.01,31.8
2008-01-25,Coimbatore,11.0168,76.9558,Humid,23.33,31.99,16.09,62.45,0.68,0.0,17.3,31.89
2008-01-26,Coimbatore,11.0168,76.9558,Humid,23.83,31.87,17.82,69.24,0.73,0.0,21.73,31.99
2008-01-27,Coimbatore,11.0168,76.9558,Humid,23.63,31.81,17.02,64.97,0.74,0.0,20.32,32.08
2008-01-28,Coimbatore,11.0168,76.9558,Humid,24.38,31.82,17.54,63.39,0.87,0.0,17.93,32.18
2008-01-29,Coimbatore,11.0168,76.9558,Humid,24.39,31.92,18.68,69.51,0.84,0.0,19.3,32.27
2008-01-30,Coimbatore,11.0168,76.9558,Humid,24.75,32.89,19.03,69.49,1.13,0.0,20.17,32.37
2008-01-31,Coimbatore,11.0168,76.9558,Humid,24.85,32.7,18.88,67.99,0.96,0.0,21.51,32.47
2008-02-01,Coimbatore,11.0168,76.9558,Humid,24.81,32.0,18.26,65.17,0.7,0.0,18.94,32.57
2008-02-02,Coimbatore,11.0168,76.9558,Humid,25.19,32.07,19.63,66.37,0.52,0.0,18.4,32.67
2008-02-03,Coimbatore,11.0168,76.9558,Humid,24.97,31.98,19.27,68.13,1.08,0.01,17.66,32.77
2008-02-04,Coimbatore,11.0168,76.9558,Humid,25.25,32.22,20.03,69.3,0.65,0.01,16.2,32.87
2008-02-05,Coimbatore,11.0168,76.9558,Humid,24.55,30.04,20.65,72.24,1.45,0.0,15.52,32.97
2008-02-06,Coimbatore,11.0168,76.9558,Humid,24.96,32.2,19.0,63.92,1.28,0.0,18.7,33.08
2008-02-07,Coimbatore,11.0168,76.9558,Humid,25.04,31.71,19.67,70.77,1.02,0.0,15.12,33.18
2008-02-08,Coimbatore,11.0168,76.9558,Humid,24.68,30.33,21.08,77.76,1.0,9.78,12.61,33.28
2008-02-09,Coimbatore,11.0168,76.9558,Humid,23.85,27.63,21.46,84.66,0.5,5.69,11.43,33.38
2008-02-10,Coimbatore,11.0168,76.9558,Humid,24.92,31.29,20.58,77.88,0.73,1.53,14.23,33.49
2008-02-11,Coimbatore,11.0168,76.9558,Humid,25.63,32.55,20.87,72.5,0.87,0.92,15.23,33.59
2008-02-12,Coimbatore,11.0168,76.9558,Humid,24.78,30.16,21.09,77.54,1.21,1.45,14.58,33.7
2008-02-13,Coimbatore,11.0168,76.9558,Humid,25.49,32.15,20.08,70.82,1.62,0.06,15.31,33.8
2008-02-14,Coimbatore,11.0168,76.9558,Humid,25.06,32.55,19.54,68.03,2.23,0.02,17.31,33.91
2008-02-15,Coimbatore,11.0168,76.9558,Humid,24.93,32.16,19.44,67.56,2.69,0.0,20.67,34.01
2008-02-16,Coimbatore,11.0168,76.9558,Humid,25.36,32.83,19.45,67.29,2.31,0.02,20.16,34.11
2008-02-17,Coimbatore,11.0168,76.9558,Humid,25.3,32.62,20.17,66.33,2.09,0.02,21.63,34.22
2008-02-18,Coimbatore,11.0168,76.9558,Humid,23.85,32.59,17.76,57.25,1.96,0.0,24.44,34.32
2008-02-19,Coimbatore,11.0168,76.9558,Humid,23.43,33.0,15.01,54.04,1.44,0.0,24.12,34.42
2008-02-20,Coimbatore,11.0168,76.9558,Humid,24.24,33.03,16.11,53.4,1.63,0.0,22.65,34.53
2008-02-21,Coimbatore,11.0168,76.9558,Humid,24.31,33.52,16.55,55.31,1.64,0.0,23.45,34.63
2008-02-22,Coimbatore,11.0168,76.9558,Humid,24.63,33.16,17.09,58.05,1.83,0.0,23.51,34.73
2008-02-23,Coimbatore,11.0168,76.9558,Humid,24.78,33.35,17.98,56.3,1.76,0.0,23.87,34.83
2008-02-24,Coimbatore,11.0168,76.9558,Humid,23.89,33.46,16.63,55.02,2.04,0.0,25.19,34.93
2008-02-25,Coimbatore,11.0168,76.9558,Humid,24.25,34.3,16.04,48.13,1.59,0.0,23.82,35.02
2008-02-26,Coimbatore,11.0168,76.9558,Humid,23.98,33.64,15.66,46.62,2.32,0.0,25.46,35.12
2008-02-27,Coimbatore,11.0168,76.9558,Humid,24.25,34.68,16.19,50.24,2.39,0.0,25.38,35.22
2008-02-28,Coimbatore,11.0168,76.9558,Humid,23.41,33.34,15.08,50.37,2.68,0.0,26.3,35.31
2008-02-29,Coimbatore,11.0168,76.9558,Humid,23.9,33.35,15.7,47.03,1.79,0.01,25.57,35.4
2008-03-01,Coimbatore,11.0168,76.9558,Humid,25.36,33.98,17.62,59.07,1.41,1.1,24.72,35.49
2008-03-02,Coimbatore,11.0168,76.9558,Humid,26.02,33.64,21.16,65.9,1.62,2.16,24.17,35.58
2008-03-03,Coimbatore,11.0168,76.9558,Humid,25.12,34.66,17.8,53.4,1.72,1.14,25.37,35.67
2008-03-04,Coimbatore,11.0168,76.9558,Humid,23.52,33.98,14.69,37.91,1.82,0.9,27.05,35.76
2008-03-05,Coimbatore,11.0168,76.9558,Humid,23.89,34.14,14.85,35.36,2.05,0.0,26.96,35.85
2008-03-06,Coimbatore,11.0168,76.9558,Humid,24.13,34.18,15.06,45.6,2.32,0.0,26.84,35.93
2008-03-07,Coimbatore,11.0168,76.9558,Humid,23.62,33.2,14.92,44.86,2.53,0.01,26.84,36.02
2008-03-08,Coimbatore,11.0168,76.9558,Humid,23.79,33.45,14.82,37.61,2.72,0.0,27.61,36.1
2008-03-09,Coimbatore,11.0168,76.9558,Humid,24.51,34.48,16.25,38.84,1.94,0.0,26.12,36.18
2008-03-10,Coimbatore,11.0168,76.9558,Humid,25.58,35.18,16.4,37.97,1.82,0.14,23.0,36.26
2008-03-11,Coimbatore,11.0168,76.9558,Humid,24.87,31.9,19.33,50.7,2.11,0.1,24.1,36.33
2008-03-12,Coimbatore,11.0168,76.9558,Humid,24.27,31.6,18.6,68.59,2.5,6.25,16.59,36.41
2008-03-13,Coimbatore,11.0168,76.9558,Humid,24.19,29.87,20.14,81.93,2.03,28.19,16.58,36.49
2008-03-14,Coimbatore,11.0168,76.9558,Humid,23.94,27.84,21.18,84.66,1.66,10.32,14.79,36.56
2008-03-15,Coimbatore,11.0168,76.9558,Humid,24.29,30.49,20.34,80.41,1.45,15.64,14.93,36.63
2008-03-16,Coimbatore,11.0168,76.9558,Humid,24.93,31.62,20.13,73.33,2.01,6.68,17.1,36.7
2008-03-17,Coimbatore,11.0168,76.9558,Humid,23.33,28.05,19.35,77.29,1.94,0.38,18.34,36.77
2008-03-18,Coimbatore,11.0168,76.9558,Humid,24.22,30.08,20.51,78.44,1.94,5.79,19.59,36.83
2008-03-19,Coimbatore,11.0168,76.9558,Humid,24.34,29.75,21.2,80.52,2.36,3.34,18.94,36.89
2008-03-20,Coimbatore,11.0168,76.9558,Humid,22.74,26.97,20.69,87.73,2.4,39.37,12.3,36.96
2008-03-21,Coimbatore,11.0168,76.9558,Humid,22.33,24.83,20.34,91.3,2.57,17.57,13.9,37.02
2008-03-22,Coimbatore,11.0168,76.9558,Humid,23.87,27.85,20.8,89.03,1.5,18.49,8.35,37.08
2008-03-23,Coimbatore,11.0168,76.9558,Humid,23.81,27.95,21.61,89.57,1.51,5.38,16.47,37.13
2008-03-24,Coimbatore,11.0168,76.9558,Humid,23.51,28.36,20.42,86.16,1.88,0.32,21.35,37.18
2008-03-25,Coimbatore,11.0168,76.9558,Humid,23.66,30.3,18.56,78.94,1.66,0.14,23.98,37.23
2008-03-26,Coimbatore,11.0168,76.9558,Humid,24.56,31.29,19.02,77.04,0.83,0.81,24.14,37.28
2008-03-27,Coimbatore,11.0168,76.9558,Humid,25.8,32.26,20.33,75.16,0.6,0.03,22.33,37.33
2008-03-28,Coimbatore,11.0168,76.9558,Humid,26.07,31.93,21.28,76.13,0.78,2.48,16.77,37.37
2008-03-29,Coimbatore,11.0168,76.9558,Humid,25.85,31.07,21.86,78.45,0.68,0.38,20.48,37.42
2008-03-30,Coimbatore,11.0168,76.9558,Humid,25.45,30.22,21.83,81.12,0.91,3.72,17.85,37.46
2008-03-31,Coimbatore,11.0168,76.9558,Humid,25.06,30.21,21.74,81.74,1.36,1.46,20.37,37.51
2008-04-01,Coimbatore,11.0168,76.9558,Humid,25.63,31.23,21.92,78.34,0.87,0.13,18.51,37.55
2008-04-02,Coimbatore,11.0168,76.9558,Humid,25.87,31.0,21.42,77.5,1.01,12.39,18.05,37.58
2008-04-03,Coimbatore,11.0168,76.9558,Humid,25.79,31.47,20.7,74.94,1.14,1.29,17.6,37.62
2008-04-04,Coimbatore,11.0168,76.9558,Humid,26.03,31.79,21.32,72.03,0.74,0.24,19.43,37.65
2008-04-05,Coimbatore,11.0168,76.9558,Humid,25.88,31.55,21.27,74.86,0.9,0.13,20.11,37.68
2008-04-06,Coimbatore,11.0168,76.9558,Humid,25.79,32.18,20.51,70.1,1.8,0.04,22.33,37.71
2008-04-07,Coimbatore,11.0168,76.9558,Humid,25.39,32.29,19.83,70.7,1.9,2.26,26.7,37.73
2008-04-08,Coimbatore,11.0168,76.9558,Humid,25.28,32.41,20.04,70.99,1.86,3.48,26.63,37.76
2008-04-09,Coimbatore,11.0168,76.9558,Humid,24.99,31.08,20.64,71.16,1.65,1.62,26.65,37.78
2008-04-10,Coimbatore,11.0168,76.9558,Humid,25.46,32.34,20.25,68.96,1.87,0.12,26.23,37.8
2008-04-11,Coimbatore,11.0168,76.9558,Humid,25.96,32.44,20.73,64.58,1.04,0.0,23.99,37.83
2008-04-12,Coimbatore,11.0168,76.9558,Humid,25.73,32.26,20.46,68.29,1.65,0.69,25.93,37.84
2008-04-13,Coimbatore,11.0168,76.9558,Humid,25.93,33.15,19.46,70.22,1.79,0.53,25.02,37.86
2008-04-14,Coimbatore,11.0168,76.9558,Humid,26.72,34.07,20.76,69.03,1.06,0.75,26.05,37.88
2008-04-15,Coimbatore,11.0168,76.9558,Humid,26.4,32.46,21.86,74.66,0.8,0.65,22.5,37.89
2008-04-16,Coimbatore,11.0168,76.9558,Humid,26.26,31.84,21.88,72.62,0.9,0.18,22.86,37.91
2008-04-17,Coimbatore,11.0168,76.9558,Humid,27.2,34.87,21.63,69.75,1.18,0.06,22.83,37.92
2008-04-18,Coimbatore,11.0168,76.9558,Humid,27.42,35.32,21.73,68.9,1.25,1.06,23.67,37.93
2008-04-19,Coimbatore,11.0168,76.9558,Humid,27.75,35.4,22.47,68.45,1.35,0.21,23.07,37.93
2008-04-20,Coimbatore,11.0168,76.9558,Humid,27.37,34.73,22.15,70.3,1.18,0.02,22.96,37.94
2008-04-21,Coimbatore,11.0168,76.9558,Humid,28.15,36.76,21.92,65.64,1.45,0.0,25.43,37.95
2008-04-22,Coimbatore,11.0168,76.9558,Humid,28.18,37.02,21.47,65.91,1.62,0.17,23.25,37.95
2008-04-23,Coimbatore,11.0168,76.9558,Humid,28.09,36.4,22.04,67.01,1.34,0.03,21.3,37.95
2008-04-24,Coimbatore,11.0168,76.9558,Humid,27.65,34.12,22.73,65.54,1.15,2.0,21.32,37.95
2008-04-25,Coimbatore,11.0168,76.9558,Humid,27.52,35.1,21.75,62.96,1.34,0.14,23.0,37.95
2008-04-26,Coimbatore,11.0168,76.9558,Humid,27.59,34.84,21.98,67.05,1.27,3.99,22.12,37.95
2008-04-27,Coimbatore,11.0168,76.9558,Humid,27.08,34.31,22.72,75.83,1.75,17.97,21.22,37.94
2008-04-28,Coimbatore,11.0168,76.9558,Humid,25.6,29.35,23.21,82.02,2.75,3.83,14.37,37.94
2008-04-29,Coimbatore,11.0168,76.9558,Humid,25.62,29.36,23.2,81.19,2.67,2.85,18.71,37.93
2008-04-30,Coimbatore,11.0168,76.9558,Humid,25.72,30.49,22.95,80.71,2.21,0.57,24.74,37.93
2008-05-01,Coimbatore,11.0168,76.9558,Humid,26.64,33.19,22.29,74.05,2.36,0.05,24.83,37.92
2008-05-02,Coimbatore,11.0168,76.9558,Humid,26.67,34.59,21.47,69.78,2.84,0.2,24.75,37.91
2008-05-03,Coimbatore,11.0168,76.9558,Humid,26.97,34.6,21.63,73.21,2.83,0.39,18.91,37.9
2008-05-04,Coimbatore,11.0168,76.9558,Humid,26.83,33.15,23.16,75.73,2.78,0.57,23.37,37.89
2008-05-05,Coimbatore,11.0168,76.9558,Humid,26.69,33.8,22.32,71.64,3.31,0.4,25.18,37.87
2008-05-06,Coimbatore,11.0168,76.9558,Humid,26.65,33.56,21.54,69.51,3.09,0.0,24.39,37.86
2008-05-07,Coimbatore,11.0168,76.9558,Humid,26.6,33.25,22.34,73.01,2.1,3.68,19.62,37.85
2008-05-08,Coimbatore,11.0168,76.9558,Humid,25.93,31.66,22.49,75.91,1.94,2.67,19.66,37.84
2008-05-09,Coimbatore,11.0168,76.9558,Humid,25.68,31.37,21.77,75.48,2.15,1.28,22.01,37.82
2008-05-10,Coimbatore,11.0168,76.9558,Humid,26.28,32.45,22.17,75.08,2.65,0.63,17.88,37.81
2008-05-11,Coimbatore,11.0168,76.9558,Humid,25.87,30.71,22.55,78.1,1.88,11.22,21.0,37.8
2008-05-12,Coimbatore,11.0168,76.9558,Humid,25.0,28.93,22.87,83.3,1.95,3.61,20.08,37.78
2008-05-13,Coimbatore,11.0168,76.9558,Humid,25.99,32.63,21.75,74.56,2.47,0.08,22.56,37.77
2008-05-14,Coimbatore,11.0168,76.9558,Humid,26.41,34.18,21.09,71.74,3.19,0.03,23.63,37.75
2008-05-15,Coimbatore,11.0168,76.9558,Humid,26.36,32.85,21.9,72.58,3.22,0.42,25.02,37.74
2008-05-16,Coimbatore,11.0168,76.9558,Humid,26.67,32.89,22.27,70.01,2.78,0.1,24.11,37.72
2008-05-17,Coimbatore,11.0168,76.9558,Humid,27.25,33.86,22.7,71.11,2.91,0.02,23.26,37.7
2008-05-18,Coimbatore,11.0168,76.9558,Humid,26.8,32.97,22.82,72.67,2.93,0.0,23.63,37.69
2008-05-19,Coimbatore,11.0168,76.9558,Humid,26.72,33.33,22.44,72.16,2.63,1.06,23.5,37.67
2008-05-20,Coimbatore,11.0168,76.9558,Humid,26.27,32.56,22.48,76.62,2.67,3.25,22.55,37.65
2008-05-21,Coimbatore,11.0168,76.9558,Humid,25.45,30.59,22.38,80.91,2.48,2.62,18.52,37.63
2008-05-22,Coimbatore,11.0168,76.9558,Humid,25.71,30.17,22.83,81.18,2.36,1.29,20.12,37.61
2008-05-23,Coimbatore,11.0168,76.9558,Humid,25.51,30.76,22.36,77.7,2.22,0.5,16.13,37.6
2008-05-24,Coimbatore,11.0168,76.9558,Humid,25.43,30.82,21.66,78.06,1.97,0.47,20.99,37.58
2008-05-25,Coimbatore,11.0168,76.9558,Humid,25.05,29.82,22.32,80.34,2.34,6.19,20.26,37.56
2008-05-26,Coimbatore,11.0168,76.9558,Humid,24.91,29.24,22.12,82.35,2.22,1.61,19.08,37.54
2008-05-27,Coimbatore,11.0168,76.9558,Humid,25.51,30.56,21.86,77.92,1.9,0.15,20.25,37.52
2008-05-28,Coimbatore,11.0168,76.9558,Humid,25.48,30.01,22.26,80.69,1.84,2.13,20.04,37.5
2008-05-29,Coimbatore,11.0168,76.9558,Humid,25.5,30.79,21.95,78.13,2.68,2.05,18.22,37.48
2008-05-30,Coimbatore,11.0168,76.9558,Humid,25.0,29.97,22.09,80.5,2.84,8.12,16.85,37.46
2008-05-31,Coimbatore,11.0168,76.9558,Humid,24.23,27.16,22.56,87.49,1.86,4.7,16.55,37.45
2008-06-01,Coimbatore,11.0168,76.9558,Humid,24.65,29.79,21.32,81.12,2.41,5.38,17.27,37.43
2008-06-02,Coimbatore,11.0168,76.9558,Humid,25.23,32.11,21.16,78.76,2.53,3.28,18.36,37.41
2008-06-03,Coimbatore,11.0168,76.9558,Humid,25.17,30.5,21.92,78.96,2.74,1.58,19.73,37.4
2008-06-04,Coimbatore,11.0168,76.9558,Humid,24.89,29.47,22.06,80.29,3.28,1.28,22.46,37.38
2008-06-05,Coimbatore,11.0168,76.9558,Humid,24.45,28.15,22.33,83.45,3.09,3.31,20.73,37.37
2008-06-06,Coimbatore,11.0168,76.9558,Humid,24.14,27.46,21.73,87.0,3.26,8.68,17.64,37.35
2008-06-07,Coimbatore,11.0168,76.9558,Humid,23.77,27.9,20.38,83.77,2.59,4.25,17.48,37.34
2008-06-08,Coimbatore,11.0168,76.9558,Humid,23.66,26.85,21.68,87.03,3.18,9.74,16.21,37.33
2008-06-09,Coimbatore,11.0168,76.9558,Humid,23.41,26.77,20.86,85.92,3.19,8.95,12.6,37.32
2008-06-10,Coimbatore,11.0168,76.9558,Humid,23.48,27.39,20.18,82.39,2.64,1.68,13.95,37.3
2008-06-11,Coimbatore,11.0168,76.9558,Humid,24.8,28.98,21.91,82.41,3.53,1.01,16.86,37.29
2008-06-12,Coimbatore,11.0168,76.9558,Humid,24.16,27.64,21.17,84.89,3.32,4.16,11.65,37.28
2008-06-13,Coimbatore,11.0168,76.9558,Humid,23.32,28.12,19.98,82.45,2.95,7.08,13.29,37.28
2008-06-14,Coimbatore,11.0168,76.9558,Humid,24.69,29.95,20.94,81.66,3.71,1.56,16.08,37.27
2008-06-15,Coimbatore,11.0168,76.9558,Humid,24.54,28.67,21.9,81.72,3.98,0.97,17.11,37.26
2008-06-16,Coimbatore,11.0168,76.9558,Humid,24.03,27.06,22.13,86.29,3.39,2.41,15.19,37.25
2008-06-17,Coimbatore,11.0168,76.9558,Humid,24.41,28.65,21.56,83.09,3.22,2.2,11.58,37.24
2008-06-18,Coimbatore,11.0168,76.9558,Humid,24.33,28.59,21.42,84.84,2.88,9.38,12.34,37.24
2008-06-19,Coimbatore,11.0168,76.9558,Humid,24.87,29.46,21.83,83.08,2.84,3.19,15.19,37.23
2008-06-20,Coimbatore,11.0168,76.9558,Humid,24.91,29.37,21.74,84.85,2.48,2.74,17.32,37.22
2008-06-21,Coimbatore,11.0168,76.9558,Humid,24.38,28.27,21.69,84.4,2.87,4.0,16.24,37.22
2008-06-22,Coimbatore,11.0168,76.9558,Humid,24.22,29.99,20.53,79.95,2.68,7.31,14.37,37.21
2008-06-23,Coimbatore,11.0168,76.9558,Humid,23.43,27.75,19.85,83.98,2.79,1.06,19.27,37.21
2008-06-24,Coimbatore,11.0168,76.9558,Humid,24.51,29.1,21.46,79.98,3.34,0.42,17.35,37.21
2008-06-25,Coimbatore,11.0168,76.9558,Humid,24.12,28.09,21.5,83.47,3.23,1.62,16.11,37.2
2008-06-26,Coimbatore,11.0168,76.9558,Humid,24.3,29.03,21.52,82.85,3.42,1.25,17.38,37.2
2008-06-27,Coimbatore,11.0168,76.9558,Humid,24.88,29.25,22.05,83.0,3.57,5.98,15.44,37.2
2008-06-28,Coimbatore,11.0168,76.9558,Humid,24.54,28.46,22.11,84.47,3.41,11.39,14.82,37.2
2008-06-29,Coimbatore,11.0168,76.9558,Humid,24.21,28.32,21.91,83.44,3.58,8.45,12.09,37.2
2008-06-30,Coimbatore,11.0168,76.9558,Humid,23.89,27.48,21.45,84.91,3.33,9.64,13.64,37.2
2008-07-01,Coimbatore,11.0168,76.9558,Humid,23.44,27.82,20.97,83.33,3.11,11.26,10.23,37.2
2008-07-02,Coimbatore,11.0168,76.9558,Humid,24.0,29.33,20.57,80.7,2.69,0.89,18.74,37.2
2008-07-03,Coimbatore,11.0168,76.9558,Humid,24.24,30.04,19.94,78.48,2.39,0.14,19.85,37.21
2008-07-04,Coimbatore,11.0168,76.9558,Humid,25.18,31.17,20.92,78.68,2.09,0.16,19.73,37.21
2008-07-05,Coimbatore,11.0168,76.9558,Humid,24.86,29.79,21.42,82.08,2.58,0.5,18.49,37.22
2008-07-06,Coimbatore,11.0168,76.9558,Humid,24.67,29.63,21.77,84.12,2.89,3.17,15.9,37.22
2008-07-07,Coimbatore,11.0168,76.9558,Humid,24.35,28.91,21.48,80.55,3.96,1.35,16.91,37.23
2008-07-08,Coimbatore,11.0168,76.9558,Humid,23.77,28.45,20.77,78.02,3.79,1.53,16.2,37.23
2008-07-09,Coimbatore,11.0168,76.9558,Humid,23.64,28.69,20.43,82.01,3.37,2.82,13.93,37.24
2008-07-10,Coimbatore,11.0168,76.9558,Humid,23.75,28.24,21.23,81.89,3.31,4.57,15.67,37.25
2008-07-11,Coimbatore,11.0168,76.9558,Humid,24.02,28.98,20.93,80.09,3.25,2.91,16.76,37.25
2008-07-12,Coimbatore,11.0168,76.9558,Humid,24.42,29.6,21.04,80.61,2.93,0.9,15.77,37.26
2008-07-13,Coimbatore,11.0168,76.9558,Humid,24.98,30.21,21.2,79.74,1.98,0.02,20.69,37.27
2008-07-14,Coimbatore,11.0168,76.9558,Humid,24.69,28.12,21.78,83.97,1.4,2.83,18.28,37.28
2008-07-15,Coimbatore,11.0168,76.9558,Humid,24.74,28.61,22.46,86.49,1.56,10.55,18.43,37.29
2008-07-16,Coimbatore,11.0168,76.9558,Humid,23.65,27.26,20.99,84.61,2.64,3.79,20.07,37.3
2008-07-17,Coimbatore,11.0168,76.9558,Humid,24.38,29.03,20.99,83.63,2.41,5.52,19.01,37.31
2008-07-18,Coimbatore,11.0168,76.9558,Humid,24.01,27.73,21.37,85.61,2.96,16.19,17.89,37.32
2008-07-19,Coimbatore,11.0168,76.9558,Humid,23.0,26.9,20.83,84.82,2.92,4.31,14.56,37.33
2008-07-20,Coimbatore,11.0168,76.9558,Humid,23.62,28.1,20.67,85.77,2.1,10.06,17.07,37.34
2008-07-21,Coimbatore,11.0168,76.9558,Humid,23.79,27.3,21.57,87.27,2.15,2.36,12.55,37.34
2008-07-22,Coimbatore,11.0168,76.9558,Humid,23.47,26.59,21.06,85.97,1.41,0.43,15.11,37.35
2008-07-23,Coimbatore,11.0168,76.9558,Humid,23.44,26.44,21.35,88.32,2.43,3.05,14.16,37.36
2008-07-24,Coimbatore,11.0168,76.9558,Humid,23.14,26.54,20.91,87.56,2.96,4.23,13.59,37.37
2008-07-25,Coimbatore,11.0168,76.9558,Humid,22.95,26.11,20.87,87.16,3.48,7.63,8.3,37.38
2008-07-26,Coimbatore,11.0168,76.9558,Humid,23.43,27.15,20.94,85.3,4.13,5.72,13.91,37.39
2008-07-27,Coimbatore,11.0168,76.9558,Humid,23.23,26.08,21.56,86.47,4.62,19.07,10.28,37.4
2008-07-28,Coimbatore,11.0168,76.9558,Humid,22.99,25.79,20.96,87.38,4.9,10.18,11.71,37.41
2008-07-29,Coimbatore,11.0168,76.9558,Humid,23.01,25.96,20.58,87.6,3.93,9.1,13.0,37.41
2008-07-30,Coimbatore,11.0168,76.9558,Humid,22.74,26.17,20.64,87.67,4.13,6.75,11.29,37.42
2008-07-31,Coimbatore,11.0168,76.9558,Humid,22.58,25.51,20.78,88.0,3.6,2.57,15.34,37.43
2008-08-01,Coimbatore,11.0168,76.9558,Humid,23.23,26.65,20.77,86.81,3.05,1.01,16.28,37.44
2008-08-02,Coimbatore,11.0168,76.9558,Humid,23.53,26.75,21.16,87.23,2.46,0.24,14.25,37.45
2008-08-03,Coimbatore,11.0168,76.9558,Humid,23.64,26.93,21.23,87.74,2.24,0.24,15.82,37.45
2008-08-04,Coimbatore,11.0168,76.9558,Humid,24.08,28.39,20.95,85.0,2.44,0.16,16.0,37.46
2008-08-05,Coimbatore,11.0168,76.9558,Humid,24.09,28.78,21.23,83.8,2.86,1.83,19.09,37.47
2008-08-06,Coimbatore,11.0168,76.9558,Humid,24.09,28.87,20.85,84.24,2.96,0.7,17.18,37.47
2008-08-07,Coimbatore,11.0168,76.9558,Humid,23.97,28.9,20.43,82.44,3.28,0.05,19.69,37.48
2008-08-08,Coimbatore,11.0168,76.9558,Humid,23.44,26.96,21.27,85.16,4.02,1.54,10.33,37.48
2008-08-09,Coimbatore,11.0168,76.9558,Humid,22.86,25.96,20.68,83.85,4.02,2.65,10.1,37.49
2008-08-10,Coimbatore,11.0168,76.9558,Humid,22.43,26.09,20.35,85.39,4.61,4.47,8.03,37.49
2008-08-11,Coimbatore,11.0168,76.9558,Humid,22.2,24.95,20.44,88.69,4.2,9.93,11.65,37.49
2008-08-12,Coimbatore,11.0168,76.9558,Humid,22.89,26.8,20.18,87.86,3.44,13.49,13.23,37.49
2008-08-13,Coimbatore,11.0168,76.9558,Humid,22.06,26.27,19.82,88.42,3.08,3.72,12.4,37.49
2008-08-14,Coimbatore,11.0168,76.9558,Humid,23.33,27.53,20.32,87.21,2.89,7.54,13.89,37.49
2008-08-15,Coimbatore,11.0168,76.9558,Humid,22.88,26.98,20.23,86.63,2.82,4.81,12.45,37.49
2008-08-16,Coimbatore,11.0168,76.9558,Humid,22.65,27.1,19.73,85.74,2.83,0.87,14.05,37.49
2008-08-17,Coimbatore,11.0168,76.9558,Humid,23.37,28.43,19.9,84.68,2.2,1.62,16.41,37.48
2008-08-18,Coimbatore,11.0168,76.9558,Humid,23.33,28.1,19.78,84.26,1.92,3.56,15.54,37.48
2008-08-19,Coimbatore,11.0168,76.9558,Humid,23.5,27.05,20.76,87.41,1.72,0.99,15.96,37.47
2008-08-20,Coimbatore,11.0168,76.9558,Humid,24.69,30.78,20.16,81.14,1.99,0.47,17.99,37.46
2008-08-21,Coimbatore,11.0168,76.9558,Humid,23.45,27.71,20.33,84.21,2.87,0.5,13.88,37.46
2008-08-22,Coimbatore,11.0168,76.9558,Humid,23.83,29.91,19.66,80.77,2.59,0.04,20.99,37.45
2008-08-23,Coimbatore,11.0168,76.9558,Humid,23.96,28.93,20.44,82.63,2.5,12.99,19.61,37.44
2008-08-24,Coimbatore,11.0168,76.9558,Humid,24.48,29.88,20.45,81.09,1.66,1.2,21.57,37.42
2008-08-25,Coimbatore,11.0168,76.9558,Humid,24.28,28.36,21.08,83.5,1.4,1.66,17.68,37.41
2008-08-26,Coimbatore,11.0168,76.9558,Humid,23.8,27.9,21.21,85.26,1.61,13.33,19.27,37.39
2008-08-27,Coimbatore,11.0168,76.9558,Humid,24.07,28.87,20.99,86.33,0.73,6.09,20.57,37.38
2008-08-28,Coimbatore,11.0168,76.9558,Humid,23.87,27.72,21.26,87.28,1.16,2.79,18.8,37.36
2008-08-29,Coimbatore,11.0168,76.9558,Humid,24.81,29.68,20.52,83.43,0.71,16.16,16.59,37.34
2008-08-30,Coimbatore,11.0168,76.9558,Humid,24.55,28.79,20.96,84.02,0.72,6.96,17.35,37.32
2008-08-31,Coimbatore,11.0168,76.9558,Humid,24.53,29.14,21.42,85.17,0.95,16.21,14.36,37.3
2008-09-01,Coimbatore,11.0168,76.9558,Humid,23.79,27.75,21.49,88.12,1.89,5.5,19.29,37.28
2008-09-02,Coimbatore,11.0168,76.9558,Humid,23.99,28.73,20.65,86.32,1.83,0.99,19.16,37.25
2008-09-03,Coimbatore,11.0168,76.9558,Humid,23.9,27.52,20.59,87.59,1.14,9.49,16.43,37.23
2008-09-04,Coimbatore,11.0168,76.9558,Humid,24.08,27.41,21.68,88.93,1.25,6.85,19.25,37.2
2008-09-05,Coimbatore,11.0168,76.9558,Humid,24.06,27.73,21.2,88.24,1.39,3.47,20.52,37.17
2008-09-06,Coimbatore,11.0168,76.9558,Humid,23.7,27.07,20.97,89.9,1.87,11.92,18.54,37.14
2008-09-07,Coimbatore,11.0168,76.9558,Humid,22.59,25.16,20.04,91.15,2.45,9.92,14.42,37.11
2008-09-08,Coimbatore,11.0168,76.9558,Humid,22.08,25.37,19.59,91.47,2.5,19.29,12.35,37.08
2008-09-09,Coimbatore,11.0168,76.9558,Humid,22.62,25.78,20.9,89.88,3.73,6.81,13.76,37.04
2008-09-10,Coimbatore,11.0168,76.9558,Humid,22.97,26.77,20.71,88.74,4.03,4.39,12.16,37.0
2008-09-11,Coimbatore,11.0168,76.9558,Humid,22.8,27.03,20.24,86.24,4.28,4.84,17.64,36.97
2008-09-12,Coimbatore,11.0168,76.9558,Humid,22.86,26.66,20.27,86.32,3.9,2.37,15.72,36.92
2008-09-13,Coimbatore,11.0168,76.9558,Humid,23.12,26.6,20.95,89.58,3.07,0.89,19.33,36.88
2008-09-14,Coimbatore,11.0168,76.9558,Humid,23.49,27.68,20.26,88.36,2.78,6.3,15.24,36.84
2008-09-15,Coimbatore,11.0168,76.9558,Humid,23.31,28.06,19.93,86.58,2.67,2.12,22.36,36.79
2008-09-16,Coimbatore,11.0168,76.9558,Humid,22.97,26.58,20.72,88.7,2.91,1.28,21.25,36.75
2008-09-17,Coimbatore,11.0168,76.9558,Humid,23.42,27.76,20.66,87.1,2.83,0.01,21.74,36.7
2008-09-18,Coimbatore,11.0168,76.9558,Humid,23.37,28.8,19.77,84.65,2.42,0.0,21.92,36.65
2008-09-19,Coimbatore,11.0168,76.9558,Humid,23.35,28.44,18.85,86.6,2.59,10.8,15.98,36.59
2008-09-20,Coimbatore,11.0168,76.9558,Humid,23.43,27.14,21.14,89.07,2.12,6.0,16.96,36.54
2008-09-21,Coimbatore,11.0168,76.9558,Humid,23.97,28.87,20.52,85.33,1.86,0.51,21.05,36.48
2008-09-22,Coimbatore,11.0168,76.9558,Humid,23.4,27.6,20.51,86.99,2.08,0.0,18.36,36.42
2008-09-23,Coimbatore,11.0168,76.9558,Humid,23.65,28.77,20.13,85.37,1.95,0.0,20.72,36.37
2008-09-24,Coimbatore,11.0168,76.9558,Humid,23.28,27.19,20.69,87.28,1.99,0.02,20.86,36.31
2008-09-25,Coimbatore,11.0168,76.9558,Humid,23.14,27.95,20.11,86.77,1.85,0.01,21.3,36.24
2008-09-26,Coimbatore,11.0168,76.9558,Humid,23.63,28.86,20.08,83.42,1.84,0.0,23.92,36.18
2008-09-27,Coimbatore,11.0168,76.9558,Humid,23.36,29.58,19.14,82.23,1.7,0.21,23.02,36.11
2008-09-28,Coimbatore,11.0168,76.9558,Humid,23.11,29.6,18.33,79.61,1.81,0.29,23.35,36.05
2008-09-29,Coimbatore,11.0168,76.9558,Humid,23.31,29.94,18.46,79.39,1.64,0.0,22.0,35.98
2008-09-30,Coimbatore,11.0168,76.9558,Humid,24.07,31.13,18.45,78.74,1.43,0.0,21.76,35.91
2008-10-01,Coimbatore,11.0168,76.9558,Humid,24.09,30.57,19.49,80.49,1.88,0.0,21.18,35.84
2008-10-02,Coimbatore,11.0168,76.9558,Humid,23.59,30.65,18.43,77.74,1.79,0.31,22.95,35.76
2008-10-03,Coimbatore,11.0168,76.9558,Humid,23.67,31.21,18.76,78.15,1.56,0.74,23.1,35.69
2008-10-04,Coimbatore,11.0168,76.9558,Humid,24.28,30.94,19.23,79.28,1.32,0.22,14.39,35.61
2008-10-05,Coimbatore,11.0168,76.9558,Humid,24.24,29.31,20.47,79.8,1.58,0.06,16.42,35.54
2008-10-06,Coimbatore,11.0168,76.9558,Humid,24.82,30.92,20.08,80.62,1.17,4.39,20.37,35.46
2008-10-07,Coimbatore,11.0168,76.9558,Humid,24.37,29.0,21.18,84.28,1.26,3.62,17.13,35.38
2008-10-08,Coimbatore,11.0168,76.9558,Humid,25.23,31.57,20.28,80.25,1.24,3.65,20.64,35.3
2008-10-09,Coimbatore,11.0168,76.9558,Humid,26.0,31.25,21.71,78.24,0.68,0.51,19.61,35.22
2008-10-10,Coimbatore,11.0168,76.9558,Humid,25.5,29.97,21.46,77.21,1.19,0.45,20.74,35.13
2008-10-11,Coimbatore,11.0168,76.9558,Humid,25.15,30.56,20.92,79.19,1.67,10.37,20.53,35.05
2008-10-12,Coimbatore,11.0168,76.9558,Humid,23.62,27.57,21.16,83.84,1.79,8.4,14.79,34.96
2008-10-13,Coimbatore,11.0168,76.9558,Humid,23.54,28.11,20.79,85.31,1.93,4.27,13.79,34.88
2008-10-14,Coimbatore,11.0168,76.9558,Humid,22.98,25.85,20.8,91.12,2.08,12.43,12.6,34.79
2008-10-15,Coimbatore,11.0168,76.9558,Humid,23.6,27.39,21.38,88.08,2.49,10.32,13.3,34.7
2008-10-16,Coimbatore,11.0168,76.9558,Humid,23.63,27.75,21.03,86.22,1.78,6.48,17.23,34.61
2008-10-17,Coimbatore,11.0168,76.9558,Humid,24.32,29.58,20.44,83.74,1.98,2.53,18.37,34.52
2008-10-18,Coimbatore,11.0168,76.9558,Humid,24.37,29.41,21.24,82.65,2.2,3.1,17.0,34.43
2008-10-19,Coimbatore,11.0168,76.9558,Humid,23.61,27.61,20.75,87.02,1.42,9.03,14.64,34.34
2008-10-20,Coimbatore,11.0168,76.9558,Humid,24.0,28.8,20.27,85.51,1.26,29.13,15.61,34.24
2008-10-21,Coimbatore,11.0168,76.9558,Humid,23.73,26.49,21.5,90.76,0.68,21.82,9.34,34.15
2008-10-22,Coimbatore,11.0168,76.9558,Humid,23.29,26.12,21.29,92.18,1.58,13.23,13.65,34.05
2008-10-23,Coimbatore,11.0168,76.9558,Humid,22.5,26.5,20.28,90.65,1.49,35.47,12.68,33.96
2008-10-24,Coimbatore,11.0168,76.9558,Humid,23.33,26.96,20.61,90.66,2.51,39.14,9.37,33.86
2008-10-25,Coimbatore,11.0168,76.9558,Humid,23.41,26.38,21.24,91.45,2.2,29.53,6.91,33.77
2008-10-26,Coimbatore,11.0168,76.9558,Humid,22.8,26.61,19.81,89.11,2.55,4.39,10.27,33.67
2008-10-27,Coimbatore,11.0168,76.9558,Humid,22.81,27.62,19.24,82.37,1.15,0.32,21.32,33.57
2008-10-28,Coimbatore,11.0168,76.9558,Humid,23.31,28.08,18.44,71.91,0.81,0.0,23.01,33.48
2008-10-29,Coimbatore,11.0168,76.9558,Humid,22.26,27.64,16.77,73.63,0.87,0.01,23.48,33.38
2008-10-30,Coimbatore,11.0168,76.9558,Humid,22.8,27.6,18.01,72.67,1.03,0.11,23.23,33.28
2008-10-31,Coimbatore,11.0168,76.9558,Humid,22.67,27.9,17.57,66.05,0.83,0.02,23.33,33.19
2008-11-01,Coimbatore,11.0168,76.9558,Humid,22.38,27.77,17.41,66.98,0.6,0.0,22.25,33.09
2008-11-02,Coimbatore,11.0168,76.9558,Humid,20.91,26.88,14.89,66.96,1.29,0.0,22.97,33.0
2008-11-03,Coimbatore,11.0168,76.9558,Humid,22.21,27.67,16.3,60.29,0.89,0.0,22.96,32.9
2008-11-04,Coimbatore,11.0168,76.9558,Humid,22.39,27.69,16.68,63.87,0.83,0.0,22.89,32.81
2008-11-05,Coimbatore,11.0168,76.9558,Humid,22.37,27.8,16.41,65.53,0.75,0.0,22.16,32.71
2008-11-06,Coimbatore,11.0168,76.9558,Humid,21.45,27.13,15.78,73.99,1.18,0.0,21.41,32.62
2008-11-07,Coimbatore,11.0168,76.9558,Humid,21.61,27.66,15.83,74.73,1.27,0.0,20.97,32.52
2008-11-08,Coimbatore,11.0168,76.9558,Humid,22.72,28.67,17.45,76.21,1.05,0.03,20.6,32.43
2008-11-09,Coimbatore,11.0168,76.9558,Humid,23.03,28.85,17.36,75.59,1.05,0.62,20.19,32.34
2008-11-10,Coimbatore,11.0168,76.9558,Humid,22.84,28.09,18.21,81.97,1.43,0.16,19.64,32.24
2008-11-11,Coimbatore,11.0168,76.9558,Humid,22.97,28.36,18.53,75.98,1.36,1.1,19.26,32.15
2008-11-12,Coimbatore,11.0168,76.9558,Humid,21.76,27.57,16.0,73.42,1.26,0.21,18.88,32.06
2008-11-13,Coimbatore,11.0168,76.9558,Humid,22.61,28.41,16.17,70.44,0.93,0.0,20.3,31.97
2008-11-14,Coimbatore,11.0168,76.9558,Humid,23.33,28.92,18.95,77.04,0.98,0.0,18.33,31.89
2008-11-15,Coimbatore,11.0168,76.9558,Humid,22.67,29.26,17.39,73.97,0.96,0.18,19.32,31.8
2008-11-16,Coimbatore,11.0168,76.9558,Humid,22.47,27.59,18.44,83.22,1.32,0.11,14.78,31.71
2008-11-17,Coimbatore,11.0168,76.9558,Humid,23.9,28.87,19.83,81.45,1.0,0.47,15.71,31.63
2008-11-18,Coimbatore,11.0168,76.9558,Humid,24.26,29.31,20.04,80.88,1.47,0.34,16.87,31.55
2008-11-19,Coimbatore,11.0168,76.9558,Humid,23.59,27.77,20.37,85.62,1.62,1.52,15.4,31.46
2008-11-20,Coimbatore,11.0168,76.9558,Humid,22.8,25.61,20.82,90.88,1.68,5.95,15.9,31.38
2008-11-21,Coimbatore,11.0168,76.9558,Humid,23.24,28.36,20.13,84.78,1.69,0.41,20.43,31.31
2008-11-22,Coimbatore,11.0168,76.9558,Humid,22.02,26.82,19.4,88.72,2.4,8.86,11.88,31.23
2008-11-23,Coimbatore,11.0168,76.9558,Humid,21.48,24.34,19.79,90.75,2.29,8.04,10.82,31.16
2008-11-24,Coimbatore,11.0168,76.9558,Humid,21.87,26.2,18.48,87.47,1.99,6.75,11.77,31.08
2008-11-25,Coimbatore,11.0168,76.9558,Humid,22.23,26.44,18.68,84.51,1.67,4.09,14.95,31.01
2008-11-26,Coimbatore,11.0168,76.9558,Humid,21.67,25.34,18.6,87.42,1.82,6.39,8.24,30.94
2008-11-27,Coimbatore,11.0168,76.9558,Humid,22.13,26.0,18.84,87.95,1.56,12.02,7.45,30.88
2008-11-28,Coimbatore,11.0168,76.9558,Humid,22.82,25.86,20.26,91.6,0.86,4.9,11.48,30.81
2008-11-29,Coimbatore,11.0168,76.9558,Humid,23.81,27.98,20.61,87.69,1.27,1.37,16.27,30.75
2008-11-30,Coimbatore,11.0168,76.9558,Humid,23.01,26.17,20.76,89.7,2.21,1.61,12.74,30.69
2008-12-01,Coimbatore,11.0168,76.9558,Humid,23.11,27.81,20.07,85.67,1.76,0.52,16.96,30.64
2008-12-02,Coimbatore,11.0168,76.9558,Humid,23.12,28.09,19.65,85.74,1.73,0.11,13.93,30.58
2008-12-03,Coimbatore,11.0168,76.9558,Humid,21.74,27.59,17.36,82.72,1.55,0.0,20.04,30.53
2008-12-04,Coimbatore,11.0168,76.9558,Humid,20.08,26.66,15.78,80.1,1.66,0.0,21.25,30.48
2008-12-05,Coimbatore,11.0168,76.9558,Humid,19.15,25.05,14.33,85.58,1.63,0.0,20.67,30.44
2008-12-06,Coimbatore,11.0168,76.9558,Humid,20.5,26.41,15.29,81.07,1.48,0.0,17.01,30.39
2008-12-07,Coimbatore,11.0168,76.9558,Humid,22.1,28.24,16.81,82.19,1.57,0.0,16.36,30.35
2008-12-08,Coimbatore,11.0168,76.9558,Humid,22.3,26.96,18.2,87.24,2.18,1.0,15.81,30.32
2008-12-09,Coimbatore,11.0168,76.9558,Humid,22.16,25.13,20.17,89.91,2.26,1.33,10.89,30.28
2008-12-10,Coimbatore,11.0168,76.9558,Humid,21.99,25.67,19.97,91.1,1.77,4.43,13.26,30.25
2008-12-11,Coimbatore,11.0168,76.9558,Humid,22.31,27.79,17.61,84.71,1.6,0.13,16.43,30.22
2008-12-12,Coimbatore,11.0168,76.9558,Humid,20.78,27.58,15.6,77.3,1.49,0.0,20.15,30.19
2008-12-13,Coimbatore,11.0168,76.9558,Humid,21.94,27.28,17.66,82.48,1.88,0.45,17.88,30.17
2008-12-14,Coimbatore,11.0168,76.9558,Humid,21.93,27.48,17.76,82.33,2.39,0.48,17.8,30.15
2008-12-15,Coimbatore,11.0168,76.9558,Humid,21.8,27.17,17.21,84.99,2.35,1.61,12.69,30.13
2008-12-16,Coimbatore,11.0168,76.9558,Humid,21.8,26.15,18.4,84.47,2.43,0.14,18.81,30.12
2008-12-17,Coimbatore,11.0168,76.9558,Humid,22.07,27.53,18.3,80.82,2.86,0.0,18.84,30.11
2008-12-18,Coimbatore,11.0168,76.9558,Humid,21.36,26.8,16.03,80.32,2.78,0.0,12.39,30.1
2008-12-19,Coimbatore,11.0168,76.9558,Humid,21.73,27.62,17.58,78.75,2.61,0.0,14.02,30.09
2008-12-20,Coimbatore,11.0168,76.9558,Humid,21.57,28.46,17.0,78.28,1.9,0.0,15.31,30.09
2008-12-21,Coimbatore,11.0168,76.9558,Humid,20.84,28.49,15.32,77.59,1.72,0.0,20.06,30.09
2008-12-22,Coimbatore,11.0168,76.9558,Humid,19.92,28.29,14.06,71.38,1.69,0.0,21.04,30.1
2008-12-23,Coimbatore,11.0168,76.9558,Humid,19.81,27.61,13.28,74.78,1.97,0.0,21.13,30.11
2008-12-24,Coimbatore,11.0168,76.9558,Humid,21.43,28.3,15.79,81.05,2.04,0.0,17.83,30.12
2008-12-25,Coimbatore,11.0168,76.9558,Humid,21.75,28.48,16.69,76.92,2.24,0.0,20.25,30.13
2008-12-26,Coimbatore,11.0168,76.9558,Humid,21.01,28.37,16.04,73.21,1.7,0.0,19.63,30.15
2008-12-27,Coimbatore,11.0168,76.9558,Humid,20.47,29.11,14.19,70.66,1.67,0.0,20.09,30.17
2008-12-28,Coimbatore,11.0168,76.9558,Humid,19.82,29.06,13.03,65.62,1.52,0.0,21.01,30.19
2008-12-29,Coimbatore,11.0168,76.9558,Humid,19.08,28.71,12.17,62.56,1.69,0.0,21.46,30.22
2008-12-30,Coimbatore,11.0168,76.9558,Humid,18.8,27.69,12.46,71.35,1.76,0.0,21.69,30.25
2008-12-31,Coimbatore,11.0168,76.9558,Humid,18.9,27.62,12.89,71.47,1.76,0.0,21.84,30.28
2009-01-01,Coimbatore,11.0168,76.9558,Humid,19.7,28.83,12.97,71.11,1.61,0.0,21.83,30.32
2009-01-02,Coimbatore,11.0168,76.9558,Humid,20.31,28.59,14.52,72.38,1.64,0.0,20.76,30.36
2009-01-03,Coimbatore,11.0168,76.9558,Humid,20.21,28.58,14.38,73.46,1.8,0.0,20.82,30.4
2009-01-04,Coimbatore,11.0168,76.9558,Humid,20.25,29.13,14.03,70.47,1.76,0.0,20.42,30.45
2009-01-05,Coimbatore,11.0168,76.9558,Humid,20.6,29.42,14.36,70.67,1.42,0.0,19.94,30.5
2009-01-06,Coimbatore,11.0168,76.9558,Humid,20.59,29.39,13.82,69.87,1.25,0.0,20.51,30.55
2009-01-07,Coimbatore,11.0168,76.9558,Humid,21.11,29.12,13.94,73.02,1.74,0.02,20.81,30.6
2009-01-08,Coimbatore,11.0168,76.9558,Humid,22.94,29.15,18.56,76.06,2.21,0.02,16.34,30.66
2009-01-09,Coimbatore,11.0168,76.9558,Humid,22.48,29.8,17.15,73.69,2.45,0.0,20.07,30.72
2009-01-10,Coimbatore,11.0168,76.9558,Humid,21.99,28.12,17.75,72.49,2.81,0.0,21.56,30.78
2009-01-11,Coimbatore,11.0168,76.9558,Humid,22.16,29.54,16.92,73.17,2.71,0.0,21.84,30.84
2009-01-12,Coimbatore,11.0168,76.9558,Humid,21.77,29.22,16.97,69.47,2.59,0.0,21.71,30.91
2009-01-13,Coimbatore,11.0168,76.9558,Humid,20.81,28.34,14.74,69.45,2.86,0.0,21.9,30.98
2009-01-14,Coimbatore,11.0168,76.9558,Humid,20.98,28.01,15.44,69.57,2.94,0.0,17.36,31.05
2009-01-15,Coimbatore,11.0168,76.9558,Humid,20.78,27.82,14.84,74.67,2.83,0.37,17.48,31.12
2009-01-16,Coimbatore,11.0168,76.9558,Humid,21.3,28.51,15.98,71.73,2.54,0.08,20.99,31.2
2009-01-17,Coimbatore,11.0168,76.9558,Humid,20.99,29.08,13.82,70.69,2.42,0.0,22.34,31.27
2009-01-18,Coimbatore,11.0168,76.9558,Humid,21.14,29.27,14.67,67.89,2.19,0.0,22.42,31.35
2009-01-19,Coimbatore,11.0168,76.9558,Humid,21.04,29.28,14.77,66.76,2.3,0.0,22.45,31.43
2009-01-20,Coimbatore,11.0168,76.9558,Humid,20.41,29.03,13.99,65.29,2.31,0.0,22.75,31.52
2009-01-21,Coimbatore,11.0168,76.9558,Humid,20.84,31.19,13.55,62.84,2.03,0.0,22.66,31.6
2009-01-22,Coimbatore,11.0168,76.9558,Humid,21.24,30.69,14.76,66.07,1.89,0.0,22.43,31.69
2009-01-23,Coimbatore,11.0168,76.9558,Humid,21.76,31.57,15.09,64.17,1.81,0.0,22.17,31.78
2009-01-24,Coimbatore,11.0168,76.9558,Humid,21.5,30.3,14.87,66.65,1.88,0.0,22.79,31.87
2009-01-25,Coimbatore,11.0168,76.9558,Humid,22.32,31.89,15.62,63.65,1.89,0.0,23.07,31.96
2009-01-26,Coimbatore,11.0168,76.9558,Humid,23.25,31.48,16.43,71.65,1.65,1.69,21.62,32.05
2009-01-27,Coimbatore,11.0168,76.9558,Humid,24.24,31.25,19.14,75.64,1.39,0.67,16.18,32.15
2009-01-28,Coimbatore,11.0168,76.9558,Humid,25.42,32.57,20.03,70.4,1.51,0.01,15.99,32.24
2009-01-29,Coimbatore,11.0168,76.9558,Humid,24.85,32.47,19.15,65.85,1.63,0.0,21.53,32.34
2009-01-30,Coimbatore,11.0168,76.9558,Humid,23.02,32.65,15.72,55.99,1.77,0.0,23.58,32.44
2009-01-31,Coimbatore,11.0168,76.9558,Humid,22.22,32.18,13.99,55.64,1.95,0.0,24.03,32.54
2009-02-01,Coimbatore,11.0168,76.9558,Humid,22.66,32.76,14.76,55.02,1.81,0.0,23.68,32.64
2009-02-02,Coimbatore,11.0168,76.9558,Humid,22.82,32.66,14.98,55.1,1.82,0.0,23.57,32.74
2009-02-03,Coimbatore,11.0168,76.9558,Humid,23.28,32.58,15.9,54.82,1.93,0.0,23.07,32.84
2009-02-04,Coimbatore,11.0168,76.9558,Humid,24.06,32.91,16.99,56.78,1.29,0.0,21.85,32.95
2009-02-05,Coimbatore,11.0168,76.9558,Humid,23.75,32.96,16.53,55.13,1.96,0.0,22.31,33.05
2009-02-06,Coimbatore,11.0168,76.9558,Humid,22.82,32.11,14.44,53.35,2.15,0.0,22.88,33.16
2009-02-07,Coimbatore,11.0168,76.9558,Humid,23.09,32.07,15.95,58.29,2.45,0.0,23.63,33.26
2009-02-08,Coimbatore,11.0168,76.9558,Humid,23.5,32.23,16.59,58.36,2.25,0.0,22.7,33.36
2009-02-09,Coimbatore,11.0168,76.9558,Humid,23.51,32.4,17.02,56.31,2.53,0.0,23.27,33.47
2009-02-10,Coimbatore,11.0168,76.9558,Humid,23.07,33.14,14.49,51.98,1.86,0.0,23.85,33.57
2009-02-11,Coimbatore,11.0168,76.9558,Humid,23.98,34.42,15.13,50.51,1.15,0.0,23.55,33.68
2009-02-12,Coimbatore,11.0168,76.9558,Humid,25.11,33.91,18.49,59.22,1.03,0.0,22.46,33.78
2009-02-13,Coimbatore,11.0168,76.9558,Humid,26.06,34.89,18.79,56.53,0.64,0.0,21.75,33.88
2009-02-14,Coimbatore,11.0168,76.9558,Humid,25.27,34.12,17.96,47.13,1.33,0.0,22.2,33.99
2009-02-15,Coimbatore,11.0168,76.9558,Humid,24.83,34.27,17.23,43.47,1.6,0.0,21.53,34.09
2009-02-16,Coimbatore,11.0168,76.9558,Humid,23.81,33.41,15.79,41.58,2.03,0.0,24.67,34.19
2009-02-17,Coimbatore,11.0168,76.9558,Humid,23.7,33.07,16.81,48.85,2.39,0.0,24.9,34.3
2009-02-18,Coimbatore,11.0168,76.9558,Humid,23.68,32.86,16.17,53.79,2.31,0.0,24.42,34.4
2009-02-19,Coimbatore,11.0168,76.9558,Humid,24.33,34.02,16.48,49.54,2.44,0.0,24.65,34.5
2009-02-20,Coimbatore,11.0168,76.9558,Humid,24.57,33.0,17.26,56.65,2.56,0.0,24.61,34.6
2009-02-21,Coimbatore,11.0168,76.9558,Humid,26.42,34.73,19.66,58.36,2.57,0.0,23.2,34.7
2009-02-22,Coimbatore,11.0168,76.9558,Humid,27.22,35.76,19.68,54.68,2.49,0.0,23.97,34.8
2009-02-23,Coimbatore,11.0168,76.9558,Humid,27.37,35.86,19.45,53.89,1.87,0.0,24.13,34.9
2009-02-24,Coimbatore,11.0168,76.9558,Humid,28.23,37.03,21.03,48.79,1.27,0.0,24.16,34.99
2009-02-25,Coimbatore,11.0168,76.9558,Humid,28.5,37.75,21.02,52.82,0.94,0.0,23.7,35.09
2009-02-26,Coimbatore,11.0168,76.9558,Humid,29.14,38.28,22.13,49.04,1.4,0.0,23.64,35.19
2009-02-27,Coimbatore,11.0168,76.9558,Humid,28.08,36.67,22.09,41.52,1.7,0.0,23.95,35.28
2009-02-28,Coimbatore,11.0168,76.9558,Humid,27.33,37.16,19.65,29.06,1.75,0.0,25.22,35.38
2009-03-01,Coimbatore,11.0168,76.9558,Humid,28.54,38.49,20.43,32.59,1.57,0.0,24.91,35.47
2009-03-02,Coimbatore,11.0168,76.9558,Humid,28.62,38.11,21.05,42.66,1.4,0.0,24.84,35.56
2009-03-03,Coimbatore,11.0168,76.9558,Humid,28.29,37.28,20.6,36.87,1.53,0.0,23.84,35.65
2009-03-04,Coimbatore,11.0168,76.9558,Humid,28.13,37.79,20.68,46.91,1.06,0.0,22.88,35.74
2009-03-05,Coimbatore,11.0168,76.9558,Humid,28.36,37.75,21.09,53.04,1.16,0.0,24.18,35.83
2009-03-06,Coimbatore,11.0168,76.9558,Humid,28.44,38.09,21.12,48.16,1.5,0.0,24.61,35.92
2009-03-07,Coimbatore,11.0168,76.9558,Humid,28.48,38.13,20.63,43.26,1.67,0.0,24.65,36.0
2009-03-08,Coimbatore,11.0168,76.9558,Humid,28.14,37.09,21.29,35.67,1.35,0.0,23.53,36.08
2009-03-09,Coimbatore,11.0168,76.9558,Humid,26.85,34.99,19.34,44.23,2.86,2.91,21.58,36.16
2009-03-10,Coimbatore,11.0168,76.9558,Humid,25.5,33.77,18.34,53.1,3.09,0.36,19.5,36.24
2009-03-11,Coimbatore,11.0168,76.9558,Humid,25.85,33.53,20.26,67.69,2.65,3.2,20.2,36.32
2009-03-12,Coimbatore,11.0168,76.9558,Humid,26.0,32.18,21.16,71.26,0.76,4.67,19.04,36.4
2009-03-13,Coimbatore,11.0168,76.9558,Humid,26.17,32.92,21.31,60.46,1.6,0.67,21.92,36.47
2009-03-14,Coimbatore,11.0168,76.9558,Humid,26.29,32.99,20.57,62.22,1.34,0.94,17.81,36.54
2009-03-15,Coimbatore,11.0168,76.9558,Humid,25.82,31.44,21.3,62.96,0.95,1.36,18.46,36.62
2009-03-16,Coimbatore,11.0168,76.9558,Humid,26.8,34.66,19.14,55.72,1.12,0.39,22.94,36.68
2009-03-17,Coimbatore,11.0168,76.9558,Humid,27.06,35.46,19.57,50.58,1.42,0.0,22.06,36.75
2009-03-18,Coimbatore,11.0168,76.9558,Humid,27.48,36.05,19.49,46.4,1.42,0.0,23.64,36.82
2009-03-19,Coimbatore,11.0168,76.9558,Humid,27.87,36.39,20.84,43.92,1.37,0.0,24.19,36.88
2009-03-20,Coimbatore,11.0168,76.9558,Humid,27.96,36.98,20.58,48.46,1.02,0.0,23.82,36.94
2009-03-21,Coimbatore,11.0168,76.9558,Humid,28.59,36.91,20.83,53.76,0.93,0.0,21.92,37.0
2009-03-22,Coimbatore,11.0168,76.9558,Humid,28.73,35.82,22.35,51.39,0.89,1.7,20.46,37.06
2009-03-23,Coimbatore,11.0168,76.9558,Humid,28.12,35.72,22.12,54.04,1.13,2.51,21.06,37.11
2009-03-24,Coimbatore,11.0168,76.9558,Humid,27.45,34.43,21.11,56.93,1.15,1.87,16.09,37.17
2009-03-25,Coimbatore,11.0168,76.9558,Humid,27.96,35.89,20.69,50.11,1.47,0.01,21.42,37.22
2009-03-26,Coimbatore,11.0168,76.9558,Humid,28.12,35.58,21.55,53.95,1.02,0.0,21.51,37.27
2009-03-27,Coimbatore,11.0168,76.9558,Humid,27.91,34.48,22.34,60.34,1.08,0.99,20.39,37.32
2009-03-28,Coimbatore,11.0168,76.9558,Humid,29.08,36.36,22.68,55.05,0.87,0.1,21.67,37.37
2009-03-29,Coimbatore,11.0168,76.9558,Humid,29.04,37.02,21.8,48.53,1.68,0.0,24.83,37.41
2009-03-30,Coimbatore,11.0168,76.9558,Humid,28.77,37.03,21.8,45.45,1.86,0.0,26.5,37.45
2009-03-31,Coimbatore,11.0168,76.9558,Humid,28.84,37.52,21.15,41.32,1.96,0.0,26.86,37.5
2009-04-01,Coimbatore,11.0168,76.9558,Humid,29.25,38.42,21.14,40.44,1.72,0.0,26.81,37.53
2009-04-02,Coimbatore,11.0168,76.9558,Humid,29.53,37.74,21.51,38.29,1.85,0.0,25.98,37.57
2009-04-03,Coimbatore,11.0168,76.9558,Humid,29.33,37.16,22.51,37.16,1.91,0.0,26.63,37.61
2009-04-04,Coimbatore,11.0168,76.9558,Humid,29.6,38.17,22.68,36.29,1.69,0.0,26.55,37.64
2009-04-05,Coimbatore,11.0168,76.9558,Humid,29.41,38.48,21.88,41.42,1.14,0.01,25.85,37.67
2009-04-06,Coimbatore,11.0168,76.9558,Humid,30.19,38.9,22.75,52.01,1.57,1.47,24.88,37.7
2009-04-07,Coimbatore,11.0168,76.9558,Humid,28.45,35.15,23.42,62.68,1.0,3.61,23.19,37.73
2009-04-08,Coimbatore,11.0168,76.9558,Humid,27.74,34.03,22.96,61.22,0.85,1.05,22.28,37.76
2009-04-09,Coimbatore,11.0168,76.9558,Humid,28.16,35.42,22.88,59.06,1.69,1.47,24.1,37.78
2009-04-10,Coimbatore,11.0168,76.9558,Humid,28.06,36.18,21.87,58.08,1.49,2.39,21.4,37.81
2009-04-11,Coimbatore,11.0168,76.9558,Humid,26.99,34.04,21.98,60.22,1.33,1.0,17.95,37.83
2009-04-12,Coimbatore,11.0168,76.9558,Humid,28.16,37.05,21.99,62.22,1.6,0.36,15.22,37.84
2009-04-13,Coimbatore,11.0168,76.9558,Humid,26.56,33.4,22.5,71.59,2.65,6.13,19.21,37.86
2009-04-14,Coimbatore,11.0168,76.9558,Humid,27.45,36.19,21.41,67.01,2.56,2.32,22.13,37.88
2009-04-15,Coimbatore,11.0168,76.9558,Humid,27.62,34.72,23.07,68.98,2.46,0.29,20.98,37.89
2009-04-16,Coimbatore,11.0168,76.9558,Humid,27.22,32.13,23.56,68.84,2.08,0.0,18.76,37.9
2009-04-17,Coimbatore,11.0168,76.9558,Humid,27.48,33.86,23.09,70.51,2.25,0.0,18.13,37.91
2009-04-18,Coimbatore,11.0168,76.9558,Humid,28.78,36.67,23.23,66.63,1.89,0.1,22.38,37.92
2009-04-19,Coimbatore,11.0168,76.9558,Humid,28.01,34.85,23.49,72.79,2.31,2.54,19.69,37.93
2009-04-20,Coimbatore,11.0168,76.9558,Humid,26.1,29.91,23.49,81.43,1.9,4.79,17.94,37.93
2009-04-21,Coimbatore,11.0168,76.9558,Humid,26.86,32.77,22.59,71.98,1.77,0.79,19.19,37.94
2009-04-22,Coimbatore,11.0168,76.9558,Humid,26.18,30.01,23.01,76.53,1.62,1.08,18.4,37.94
2009-04-23,Coimbatore,11.0168,76.9558,Humid,27.8,34.91,22.26,67.64,1.38,0.08,24.35,37.94
2009-04-24,Coimbatore,11.0168,76.9558,Humid,29.12,37.48,22.89,60.57,1.4,0.24,23.09,37.94
2009-04-25,Coimbatore,11.0168,76.9558,Humid,28.28,35.85,22.3,63.39,1.84,0.1,18.27,37.94
2009-04-26,Coimbatore,11.0168,76.9558,Humid,29.39,36.75,22.98,58.34,0.94,0.0,20.33,37.94
2009-04-27,Coimbatore,11.0168,76.9558,Humid,29.9,37.91,23.47,54.31,1.11,0.0,23.95,37.94
2009-04-28,Coimbatore,11.0168,76.9558,Humid,30.25,38.54,23.69,56.98,1.64,0.0,21.94,37.94
2009-04-29,Coimbatore,11.0168,76.9558,Humid,29.15,36.63,23.78,62.52,2.39,0.02,23.42,37.93
2009-04-30,Coimbatore,11.0168,76.9558,Humid,26.63,31.25,23.94,76.91,2.48,9.29,21.8,37.93
2009-05-01,Coimbatore,11.0168,76.9558,Humid,26.79,32.31,22.96,74.11,2.19,2.04,23.07,37.92
2009-05-02,Coimbatore,11.0168,76.9558,Humid,27.6,33.73,22.56,70.8,2.19,0.0,25.35,37.91
2009-05-03,Coimbatore,11.0168,76.9558,Humid,28.68,36.37,23.21,66.79,2.42,0.0,22.86,37.9
2009-05-04,Coimbatore,11.0168,76.9558,Humid,25.85,30.18,22.78,78.2,2.28,4.58,18.46,37.89
2009-05-05,Coimbatore,11.0168,76.9558,Humid,26.81,33.72,21.6,70.81,1.8,0.39,20.04,37.88
2009-05-06,Coimbatore,11.0168,76.9558,Humid,27.07,32.85,22.96,69.66,1.94,0.0,24.27,37.87
2009-05-07,Coimbatore,11.0168,76.9558,Humid,27.29,32.9,23.53,69.68,1.59,0.06,22.89,37.86
2009-05-08,Coimbatore,11.0168,76.9558,Humid,26.48,31.44,23.08,77.66,1.86,13.79,22.32,37.85
2009-05-09,Coimbatore,11.0168,76.9558,Humid,25.46,29.16,22.86,82.46,1.21,3.36,22.67,37.84
2009-05-10,Coimbatore,11.0168,76.9558,Humid,26.51,31.69,22.69,76.89,1.7,0.2,20.39,37.82
2009-05-11,Coimbatore,11.0168,76.9558,Humid,28.18,35.62,23.36,67.94,2.24,0.01,24.8,37.81
2009-05-12,Coimbatore,11.0168,76.9558,Humid,27.97,34.75,23.42,72.44,2.33,3.34,24.31,37.79
2009-05-13,Coimbatore,11.0168,76.9558,Humid,26.74,32.06,23.53,77.01,2.41,1.06,22.85,37.78
2009-05-14,Coimbatore,11.0168,76.9558,Humid,27.77,35.11,22.48,67.75,2.93,0.0,23.91,37.76
2009-05-15,Coimbatore,11.0168,76.9558,Humid,26.2,30.71,23.46,76.97,2.19,1.01,21.95,37.74
2009-05-16,Coimbatore,11.0168,76.9558,Humid,25.45,29.26,23.24,81.75,1.85,6.16,19.88,37.72
2009-05-17,Coimbatore,11.0168,76.9558,Humid,26.36,31.54,22.67,78.86,1.7,2.7,17.56,37.71
2009-05-18,Coimbatore,11.0168,76.9558,Humid,26.22,31.31,22.97,77.84,2.01,6.72,20.9,37.69
2009-05-19,Coimbatore,11.0168,76.9558,Humid,25.49,31.08,21.8,79.3,1.95,7.92,20.06,37.67
2009-05-20,Coimbatore,11.0168,76.9558,Humid,24.96,30.95,20.57,76.53,3.21,6.85,15.85,37.65
2009-05-21,Coimbatore,11.0168,76.9558,Humid,24.78,29.63,21.77,83.33,1.93,5.11,13.4,37.63
2009-05-22,Coimbatore,11.0168,76.9558,Humid,25.23,29.37,22.52,81.18,3.11,1.67,17.79,37.61
2009-05-23,Coimbatore,11.0168,76.9558,Humid,25.8,32.07,21.87,78.73,3.26,3.75,22.3,37.6
2009-05-24,Coimbatore,11.0168,76.9558,Humid,25.12,30.53,22.16,81.91,3.01,14.68,18.06,37.58
2009-05-25,Coimbatore,11.0168,76.9558,Humid,24.43,27.87,22.09,84.31,2.45,5.97,12.8,37.56
2009-05-26,Coimbatore,11.0168,76.9558,Humid,24.91,29.72,21.82,81.18,2.55,3.69,17.12,37.54
2009-05-27,Coimbatore,11.0168,76.9558,Humid,25.11,31.14,20.98,76.95,2.57,1.87,16.0,37.52
2009-05-28,Coimbatore,11.0168,76.9558,Humid,26.01,32.02,21.59,76.86,2.42,0.29,22.08,37.51
2009-05-29,Coimbatore,11.0168,76.9558,Humid,25.92,30.66,22.6,80.07,2.34,2.49,18.38,37.49
2009-05-30,Coimbatore,11.0168,76.9558,Humid,25.37,29.37,23.01,84.57,2.54,15.96,15.69,37.47
2009-05-31,Coimbatore,11.0168,76.9558,Humid,24.47,28.4,22.11,85.61,2.21,5.8,17.98,37.46
2009-06-01,Coimbatore,11.0168,76.9558,Humid,25.53,31.48,22.16,78.6,2.84,1.71,21.56,37.44
2009-06-02,Coimbatore,11.0168,76.9558,Humid,25.66,32.06,21.29,77.23,3.04,0.74,24.58,37.42
2009-06-03,Coimbatore,11.0168,76.9558,Humid,25.97,32.37,21.46,75.86,3.17,0.55,23.3,37.41
2009-06-04,Coimbatore,11.0168,76.9558,Humid,26.02,31.9,21.99,75.36,3.68,0.33,25.65,37.39
2009-06-05,Coimbatore,11.0168,76.9558,Humid,25.67,30.18,22.47,80.64,4.72,12.98,14.42,37.38
2009-06-06,Coimbatore,11.0168,76.9558,Humid,23.83,26.3,22.05,85.2,5.39,22.46,6.83,37.37
2009-06-07,Coimbatore,11.0168,76.9558,Humid,23.48,27.43,21.01,80.58,4.44,9.5,14.11,37.35
2009-06-08,Coimbatore,11.0168,76.9558,Humid,24.52,29.12,20.81,81.6,3.55,3.88,17.12,37.34
2009-06-09,Coimbatore,11.0168,76.9558,Humid,25.22,31.06,21.35,78.85,2.99,0.36,21.32,37.33
2009-06-10,Coimbatore,11.0168,76.9558,Humid,25.28,29.53,22.36,83.98,2.69,3.08,20.86,37.31
2009-06-11,Coimbatore,11.0168,76.9558,Humid,25.31,30.83,21.81,80.0,2.71,2.74,17.89,37.3
2009-06-12,Coimbatore,11.0168,76.9558,Humid,24.96,30.74,21.11,80.08,2.69,3.04,20.59,37.29
2009-06-13,Coimbatore,11.0168,76.9558,Humid,23.82,28.53,20.43,83.67,3.16,2.57,17.57,37.28
2009-06-14,Coimbatore,11.0168,76.9558,Humid,23.78,27.46,20.97,84.48,3.01,0.68,18.92,37.27
2009-06-15,Coimbatore,11.0168,76.9558,Humid,23.77,27.36,21.01,84.66,2.95,1.38,17.54,37.26
2009-06-16,Coimbatore,11.0168,76.9558,Humid,24.54,29.16,21.82,82.05,3.75,2.6,20.55,37.25
2009-06-17,Coimbatore,11.0168,76.9558,Humid,23.95,28.41,21.06,84.86,3.42,3.24,18.02,37.24
2009-06-18,Coimbatore,11.0168,76.9558,Humid,24.15,27.77,21.62,87.01,2.54,8.52,18.51,37.23
2009-06-19,Coimbatore,11.0168,76.9558,Humid,23.54,26.53,21.39,89.35,2.76,8.04,17.73,37.23
2009-06-20,Coimbatore,11.0168,76.9558,Humid,23.51,26.91,21.37,86.9,3.08,3.35,13.69,37.22
2009-06-21,Coimbatore,11.0168,76.9558,Humid,23.86,28.11,21.04,83.75,3.12,2.12,16.85,37.22
2009-06-22,Coimbatore,11.0168,76.9558,Humid,23.7,26.96,21.69,87.47,3.34,1.62,15.0,37.21
2009-06-23,Coimbatore,11.0168,76.9558,Humid,23.97,28.33,21.31,82.88,3.76,0.75,20.12,37.21
2009-06-24,Coimbatore,11.0168,76.9558,Humid,23.19,27.26,20.71,84.8,3.5,3.21,17.52,37.21
2009-06-25,Coimbatore,11.0168,76.9558,Humid,23.41,28.24,20.35,82.52,3.7,11.71,15.72,37.2
2009-06-26,Coimbatore,11.0168,76.9558,Humid,22.19,25.98,19.69,84.61,3.54,3.87,16.08,37.2
2009-06-27,Coimbatore,11.0168,76.9558,Humid,22.81,27.99,18.56,78.36,3.08,1.0,19.72,37.2
2009-06-28,Coimbatore,11.0168,76.9558,Humid,24.46,30.34,20.7,76.03,3.41,1.08,20.21,37.2
2009-06-29,Coimbatore,11.0168,76.9558,Humid,24.08,28.4,19.8,83.7,3.25,5.81,18.12,37.2
2009-06-30,Coimbatore,11.0168,76.9558,Humid,24.16,28.16,20.75,83.33,4.03,24.82,15.07,37.21
2009-07-01,Coimbatore,11.0168,76.9558,Humid,22.87,25.48,21.2,89.16,4.11,15.41,15.28,37.21
2009-07-02,Coimbatore,11.0168,76.9558,Humid,23.03,26.14,20.67,87.16,4.55,15.83,11.94,37.21
2009-07-03,Coimbatore,11.0168,76.9558,Humid,23.25,26.63,21.17,85.31,4.13,11.11,11.92,37.21
2009-07-04,Coimbatore,11.0168,76.9558,Humid,23.21,26.3,21.39,88.45,4.35,13.48,10.44,37.22
2009-07-05,Coimbatore,11.0168,76.9558,Humid,23.07,26.39,21.0,86.28,4.25,10.68,8.47,37.22
2009-07-06,Coimbatore,11.0168,76.9558,Humid,23.1,27.05,20.43,85.83,4.59,8.5,11.84,37.23
2009-07-07,Coimbatore,11.0168,76.9558,Humid,22.66,26.36,20.2,87.03,3.75,4.35,10.44,37.23
2009-07-08,Coimbatore,11.0168,76.9558,Humid,23.15,27.39,20.26,86.09,4.04,10.31,9.43,37.24
2009-07-09,Coimbatore,11.0168,76.9558,Humid,23.04,26.25,21.06,84.71,4.16,8.85,7.49,37.25
2009-07-10,Coimbatore,11.0168,76.9558,Humid,23.1,27.53,19.61,82.55,3.18,3.03,16.1,37.25
2009-07-11,Coimbatore,11.0168,76.9558,Humid,23.86,27.93,20.78,87.37,3.36,2.46,16.26,37.26
2009-07-12,Coimbatore,11.0168,76.9558,Humid,23.55,27.59,21.48,85.13,3.94,3.09,15.01,37.27
2009-07-13,Coimbatore,11.0168,76.9558,Humid,23.67,26.76,21.54,87.97,4.42,9.36,11.93,37.27
2009-07-14,Coimbatore,11.0168,76.9558,Humid,23.26,26.24,21.43,88.22,4.79,6.51,10.76,37.28
2009-07-15,Coimbatore,11.0168,76.9558,Humid,23.16,26.54,21.01,86.22,5.0,8.55,9.28,37.29
2009-07-16,Coimbatore,11.0168,76.9558,Humid,23.2,26.84,21.11,86.24,4.49,38.5,9.76,37.3
2009-07-17,Coimbatore,11.0168,76.9558,Humid,23.35,26.12,21.38,88.83,4.49,37.48,11.41,37.3
2009-07-18,Coimbatore,11.0168,76.9558,Humid,22.75,25.28,21.28,89.17,4.03,14.37,11.19,37.31
2009-07-19,Coimbatore,11.0168,76.9558,Humid,22.33,25.18,20.38,89.3,3.65,4.55,10.89,37.32
2009-07-20,Coimbatore,11.0168,76.9558,Humid,23.28,27.05,20.63,87.44,3.82,1.83,14.33,37.33
2009-07-21,Coimbatore,11.0168,76.9558,Humid,23.28,26.83,21.23,86.98,4.5,1.21,14.28,37.34
2009-07-22,Coimbatore,11.0168,76.9558,Humid,23.22,27.27,20.46,85.84,4.0,1.19,17.05,37.35
2009-07-23,Coimbatore,11.0168,76.9558,Humid,23.29,27.32,20.52,85.72,3.34,1.83,17.96,37.36
2009-07-24,Coimbatore,11.0168,76.9558,Humid,23.72,28.87,20.3,84.53,2.42,0.5,20.51,37.37
2009-07-25,Coimbatore,11.0168,76.9558,Humid,24.11,28.61,20.6,85.78,2.42,0.4,20.18,37.38
2009-07-26,Coimbatore,11.0168,76.9558,Humid,23.8,27.78,20.99,86.49,2.45,0.37,19.77,37.39
2009-07-27,Coimbatore,11.0168,76.9558,Humid,23.99,27.6,21.61,87.15,3.2,3.78,16.8,37.4
2009-07-28,Coimbatore,11.0168,76.9558,Humid,23.6,27.47,21.48,88.29,3.14,7.82,15.93,37.41
2009-07-29,Coimbatore,11.0168,76.9558,Humid,23.65,26.93,20.83,88.93,2.72,14.02,13.29,37.42
2009-07-30,Coimbatore,11.0168,76.9558,Humid,23.06,27.92,18.87,85.92,2.45,4.59,15.2,37.43
2009-07-31,Coimbatore,11.0168,76.9558,Humid,23.61,27.0,20.99,89.36,2.79,7.09,14.56,37.44
2009-08-01,Coimbatore,11.0168,76.9558,Humid,22.88,26.22,20.61,88.8,3.1,2.85,13.75,37.45
2009-08-02,Coimbatore,11.0168,76.9558,Humid,23.29,26.74,20.78,88.7,3.2,0.6,21.0,37.45
2009-08-03,Coimbatore,11.0168,76.9558,Humid,23.77,27.9,20.96,87.85,3.07,0.56,16.93,37.46
2009-08-04,Coimbatore,11.0168,76.9558,Humid,24.04,28.52,21.28,85.06,3.83,1.04,17.86,37.47
2009-08-05,Coimbatore,11.0168,76.9558,Humid,23.69,27.75,21.31,86.81,3.54,0.31,17.04,37.47
2009-08-06,Coimbatore,11.0168,76.9558,Humid,24.15,28.31,21.7,86.24,3.33,0.79,18.24,37.48
2009-08-07,Coimbatore,11.0168,76.9558,Humid,23.98,28.49,21.21,85.4,3.27,0.55,17.46,37.48
2009-08-08,Coimbatore,11.0168,76.9558,Humid,23.82,27.51,20.97,87.06,2.89,1.6,16.89,37.48
2009-08-09,Coimbatore,11.0168,76.9558,Humid,24.34,28.85,21.44,85.7,3.12,0.62,16.02,37.49
2009-08-10,Coimbatore,11.0168,76.9558,Humid,24.25,28.35,21.51,86.49,3.4,1.94,15.86,37.49
2009-08-11,Coimbatore,11.0168,76.9558,Humid,24.36,28.75,21.52,86.3,2.83,3.89,18.01,37.49
2009-08-12,Coimbatore,11.0168,76.9558,Humid,24.32,28.77,21.36,86.04,2.53,0.92,17.6,37.49
2009-08-13,Coimbatore,11.0168,76.9558,Humid,24.26,28.68,21.07,85.62,2.43,2.01,18.1,37.49
2009-08-14,Coimbatore,11.0168,76.9558,Humid,24.03,27.26,21.7,88.48,1.64,4.67,18.0,37.49
2009-08-15,Coimbatore,11.0168,76.9558,Humid,23.64,28.52,20.72,81.47,1.8,0.62,11.59,37.49
2009-08-16,Coimbatore,11.0168,76.9558,Humid,23.54,29.24,19.55,82.95,2.07,27.0,16.2,37.49
2009-08-17,Coimbatore,11.0168,76.9558,Humid,22.47,25.96,20.14,89.2,2.05,18.13,13.9,37.48
2009-08-18,Coimbatore,11.0168,76.9558,Humid,22.93,25.69,20.88,91.42,1.69,2.0,16.33,37.48
2009-08-19,Coimbatore,11.0168,76.9558,Humid,24.74,28.88,20.8,82.16,0.79,0.39,19.72,37.47
2009-08-20,Coimbatore,11.0168,76.9558,Humid,23.53,26.58,20.64,85.7,1.18,6.99,20.39,37.47
2009-08-21,Coimbatore,11.0168,76.9558,Humid,23.35,27.46,20.87,86.84,2.09,4.67,16.78,37.46
2009-08-22,Coimbatore,11.0168,76.9558,Humid,22.71,26.54,20.19,87.58,2.97,1.83,14.94,37.45
2009-08-23,Coimbatore,11.0168,76.9558,Humid,22.87,25.75,20.32,90.73,3.72,6.1,15.4,37.44
2009-08-24,Coimbatore,11.0168,76.9558,Humid,23.15,26.19,21.15,88.12,3.52,1.15,14.77,37.43
2009-08-25,Coimbatore,11.0168,76.9558,Humid,23.31,26.89,20.83,87.63,3.33,2.25,16.54,37.42
2009-08-26,Coimbatore,11.0168,76.9558,Humid,22.66,26.19,20.22,87.63,3.15,2.54,14.25,37.4
2009-08-27,Coimbatore,11.0168,76.9558,Humid,22.92,26.9,19.84,86.37,3.03,0.76,20.55,37.39
2009-08-28,Coimbatore,11.0168,76.9558,Humid,23.82,27.9,20.99,86.35,2.87,1.1,17.69,37.37
2009-08-29,Coimbatore,11.0168,76.9558,Humid,23.67,28.45,20.65,86.29,2.71,2.16,20.89,37.35
2009-08-30,Coimbatore,11.0168,76.9558,Humid,23.88,28.26,20.99,86.28,2.54,1.58,19.11,37.33
2009-08-31,Coimbatore,11.0168,76.9558,Humid,23.35,26.23,21.55,90.02,2.74,4.17,14.39,37.31
2009-09-01,Coimbatore,11.0168,76.9558,Humid,23.78,28.22,21.15,86.72,3.28,11.77,13.34,37.29
2009-09-02,Coimbatore,11.0168,76.9558,Humid,23.08,26.97,20.64,85.0,3.18,3.25,14.44,37.27
2009-09-03,Coimbatore,11.0168,76.9558,Humid,23.55,27.56,20.98,86.61,3.55,2.17,14.09,37.24
2009-09-04,Coimbatore,11.0168,76.9558,Humid,23.19,26.43,21.3,88.06,4.41,8.79,12.25,37.21
2009-09-05,Coimbatore,11.0168,76.9558,Humid,23.41,26.54,21.39,88.17,4.6,5.34,12.01,37.18
2009-09-06,Coimbatore,11.0168,76.9558,Humid,23.62,27.02,21.45,85.61,4.32,4.77,11.35,37.15
2009-09-07,Coimbatore,11.0168,76.9558,Humid,23.88,27.88,21.47,86.44,3.49,1.86,17.88,37.12
2009-09-08,Coimbatore,11.0168,76.9558,Humid,24.03,28.31,21.17,85.37,3.01,0.38,18.55,37.09
2009-09-09,Coimbatore,11.0168,76.9558,Humid,23.77,28.45,20.86,85.69,2.38,0.36,19.6,37.05
2009-09-10,Coimbatore,11.0168,76.9558,Humid,23.96,29.43,19.75,83.79,2.26,0.08,23.83,37.01
2009-09-11,Coimbatore,11.0168,76.9558,Humid,24.57,30.47,19.71,81.11,2.09,0.02,23.13,36.97
2009-09-12,Coimbatore,11.0168,76.9558,Humid,25.38,31.48,20.68,81.1,1.64,0.64,17.58,36.93
2009-09-13,Coimbatore,11.0168,76.9558,Humid,24.08,26.92,22.25,89.45,1.77,8.66,17.78,36.89
2009-09-14,Coimbatore,11.0168,76.9558,Humid,24.21,29.76,20.42,82.63,2.47,0.95,16.45,36.85
2009-09-15,Coimbatore,11.0168,76.9558,Humid,24.36,30.6,19.47,81.6,2.03,0.61,16.21,36.8
2009-09-16,Coimbatore,11.0168,76.9558,Humid,23.67,26.94,21.31,89.11,1.72,2.31,16.44,36.75
2009-09-17,Coimbatore,11.0168,76.9558,Humid,23.87,26.89,21.52,90.63,1.29,4.07,13.43,36.71
2009-09-18,Coimbatore,11.0168,76.9558,Humid,23.55,27.55,21.14,88.98,1.79,9.84,14.24,36.65
2009-09-19,Coimbatore,11.0168,76.9558,Humid,22.99,28.16,19.83,85.85,2.34,3.5,14.28,36.6
2009-09-20,Coimbatore,11.0168,76.9558,Humid,24.08,29.23,20.26,85.78,1.95,2.26,15.98,36.55
2009-09-21,Coimbatore,11.0168,76.9558,Humid,24.32,28.93,21.28,85.38,1.56,0.77,15.11,36.5
2009-09-22,Coimbatore,11.0168,76.9558,Humid,23.37,26.44,21.07,89.67,1.62,5.02,16.82,36.44
2009-09-23,Coimbatore,11.0168,76.9558,Humid,23.86,28.52,20.73,86.56,1.96,4.01,14.48,36.38
2009-09-24,Coimbatore,11.0168,76.9558,Humid,23.9,27.72,21.12,88.71,1.91,2.02,16.84,36.32
2009-09-25,Coimbatore,11.0168,76.9558,Humid,23.7,28.8,20.57,82.17,2.26,10.1,14.69,36.26
2009-09-26,Coimbatore,11.0168,76.9558,Humid,22.83,26.72,20.5,88.08,2.03,8.96,17.96,36.2
2009-09-27,Coimbatore,11.0168,76.9558,Humid,24.03,27.71,21.22,88.59,2.18,9.74,18.43,36.14
2009-09-28,Coimbatore,11.0168,76.9558,Humid,24.17,27.89,21.81,87.91,2.55,5.04,19.89,36.07
2009-09-29,Coimbatore,11.0168,76.9558,Humid,23.41,27.43,21.15,88.0,2.81,1.53,14.63,36.0
2009-09-30,Coimbatore,11.0168,76.9558,Humid,23.23,27.06,20.67,88.32,3.24,3.25,14.76,35.93
2009-10-01,Coimbatore,11.0168,76.9558,Humid,22.36,25.3,20.81,89.68,4.03,12.72,8.96,35.86
2009-10-02,Coimbatore,11.0168,76.9558,Humid,23.01,27.68,20.75,89.46,4.29,16.45,9.7,35.79
2009-10-03,Coimbatore,11.0168,76.9558,Humid,23.3,27.22,21.07,87.09,4.61,8.52,10.88,35.71
2009-10-04,Coimbatore,11.0168,76.9558,Humid,23.35,27.54,20.57,86.74,3.63,1.73,18.75,35.64
2009-10-05,Coimbatore,11.0168,76.9558,Humid,23.31,27.73,20.45,85.54,3.2,0.41,19.0,35.56
2009-10-06,Coimbatore,11.0168,76.9558,Humid,23.65,28.57,20.09,84.95,2.71,0.24,18.25,35.48
2009-10-07,Coimbatore,11.0168,76.9558,Humid,23.47,28.53,20.03,85.24,2.18,0.03,23.21,35.4
2009-10-08,Coimbatore,11.0168,76.9558,Humid,24.01,29.33,20.08,83.08,1.88,0.52,22.5,35.32
2009-10-09,Coimbatore,11.0168,76.9558,Humid,24.02,29.54,20.14,83.14,1.48,0.05,20.87,35.24
2009-10-10,Coimbatore,11.0168,76.9558,Humid,24.26,30.36,19.42,82.29,1.02,4.53,20.66,35.15
2009-10-11,Coimbatore,11.0168,76.9558,Humid,24.3,29.76,20.76,84.43,1.24,0.36,18.65,35.07
2009-10-12,Coimbatore,11.0168,76.9558,Humid,23.8,27.38,21.2,87.0,0.63,5.34,15.16,34.98
2009-10-13,Coimbatore,11.0168,76.9558,Humid,23.98,28.31,21.06,85.2,0.68,1.08,15.97,34.9
2009-10-14,Coimbatore,11.0168,76.9558,Humid,24.8,29.89,20.59,80.26,0.7,0.21,18.22,34.81
2009-10-15,Coimbatore,11.0168,76.9558,Humid,24.75,30.2,20.91,81.14,1.26,0.05,18.19,34.72
2009-10-16,Coimbatore,11.0168,76.9558,Humid,24.99,30.9,21.31,77.02,0.92,0.02,21.36,34.63
2009-10-17,Coimbatore,11.0168,76.9558,Humid,25.15,31.5,19.87,75.28,0.65,0.0,21.77,34.54
2009-10-18,Coimbatore,11.0168,76.9558,Humid,26.24,31.99,21.4,72.82,0.6,0.0,21.84,34.45
2009-10-19,Coimbatore,11.0168,76.9558,Humid,26.23,32.12,20.73,71.39,0.94,0.05,22.29,34.36
2009-10-20,Coimbatore,11.0168,76.9558,Humid,26.08,31.85,21.03,71.59,0.82,0.01,21.76,34.26
2009-10-21,Coimbatore,11.0168,76.9558,Humid,26.12,31.87,21.29,70.57,0.87,0.0,22.0,34.17
2009-10-22,Coimbatore,11.0168,76.9558,Humid,25.59,31.55,19.87,67.66,1.02,0.0,22.09,34.08
2009-10-23,Coimbatore,11.0168,76.9558,Humid,25.16,31.36,20.39,68.13,1.03,0.0,22.75,33.98
2009-10-24,Coimbatore,11.0168,76.9558,Humid,24.5,30.61,19.7,73.48,0.71,0.0,20.37,33.89
2009-10-25,Coimbatore,11.0168,76.9558,Humid,24.86,30.69,20.56,76.57,0.59,0.01,18.55,33.79
2009-10-26,Coimbatore,11.0168,76.9558,Humid,25.79,32.01,20.58,70.51,1.09,0.46,20.41,33.7
2009-10-27,Coimbatore,11.0168,76.9558,Humid,25.91,32.3,20.01,68.41,1.08,0.09,19.0,33.6
2009-10-28,Coimbatore,11.0168,76.9558,Humid,25.6,31.58,21.64,74.54,2.12,2.59,19.72,33.5
2009-10-29,Coimbatore,11.0168,76.9558,Humid,24.09,29.14,20.71,80.78,2.58,2.2,13.64,33.41
2009-10-30,Coimbatore,11.0168,76.9558,Humid,24.45,30.94,19.73,74.14,2.46,9.67,19.29,33.31
2009-10-31,Coimbatore,11.0168,76.9558,Humid,24.12,30.65,19.45,76.97,1.92,2.0,18.95,33.21
2009-11-01,Coimbatore,11.0168,76.9558,Humid,23.8,28.22,20.82,80.08,2.17,0.44,19.01,33.12
2009-11-02,Coimbatore,11.0168,76.9558,Humid,24.71,31.05,19.59,73.95,2.81,0.23,20.6,33.02
2009-11-03,Coimbatore,11.0168,76.9558,Humid,24.78,31.02,20.54,75.86,2.63,1.23,17.49,32.92
2009-11-04,Coimbatore,11.0168,76.9558,Humid,24.08,30.11,20.09,82.61,2.64,7.75,16.27,32.83
2009-11-05,Coimbatore,11.0168,76.9558,Humid,23.38,27.62,20.48,84.25,2.42,10.04,14.1,32.73
2009-11-06,Coimbatore,11.0168,76.9558,Humid,22.78,27.15,20.29,86.81,2.3,6.57,12.36,32.64
2009-11-07,Coimbatore,11.0168,76.9558,Humid,22.55,25.47,20.42,92.32,2.26,33.59,9.64,32.54
2009-11-08,Coimbatore,11.0168,76.9558,Humid,22.43,24.37,20.98,94.68,3.4,23.3,8.18,32.45
2009-11-09,Coimbatore,11.0168,76.9558,Humid,22.58,24.89,20.87,93.59,2.78,17.38,13.47,32.36
2009-11-10,Coimbatore,11.0168,76.9558,Humid,22.43,26.04,20.15,89.99,1.68,17.55,12.7,32.26
2009-11-11,Coimbatore,11.0168,76.9558,Humid,22.67,27.18,19.42,89.61,1.58,5.64,11.4,32.17
2009-11-12,Coimbatore,11.0168,76.9558,Humid,23.82,28.36,20.18,86.43,0.72,0.66,19.37,32.08
2009-11-13,Coimbatore,11.0168,76.9558,Humid,23.69,27.73,21.03,86.97,1.33,0.34,15.94,31.99
2009-11-14,Coimbatore,11.0168,76.9558,Humid,22.02,24.89,19.96,91.07,1.62,31.64,10.58,31.9
2009-11-15,Coimbatore,11.0168,76.9558,Humid,21.56,23.35,19.48,93.37,0.89,18.11,13.53,31.82
2009-11-16,Coimbatore,11.0168,76.9558,Humid,22.21,24.49,20.07,92.64,0.78,4.36,12.13,31.73
2009-11-17,Coimbatore,11.0168,76.9558,Humid,22.74,26.22,19.78,90.64,1.17,0.78,17.27,31.65
2009-11-18,Coimbatore,11.0168,76.9558,Humid,23.07,28.49,18.6,84.55,0.86,1.98,17.89,31.57
2009-11-19,Coimbatore,11.0168,76.9558,Humid,23.84,28.2,20.28,87.51,0.42,3.97,13.59,31.48
2009-11-20,Coimbatore,11.0168,76.9558,Humid,23.41,26.92,21.22,88.65,0.92,1.7,14.64,31.4
2009-11-21,Coimbatore,11.0168,76.9558,Humid,22.9,26.34,20.39,88.29,1.03,1.61,16.3,31.33
2009-11-22,Coimbatore,11.0168,76.9558,Humid,22.69,26.78,19.82,88.72,1.39,3.37,16.73,31.25
2009-11-23,Coimbatore,11.0168,76.9558,Humid,22.9,27.34,19.9,88.35,1.77,3.45,17.43,31.18
2009-11-24,Coimbatore,11.0168,76.9558,Humid,23.68,28.17,19.88,84.09,1.08,0.82,14.64,31.1
2009-11-25,Coimbatore,11.0168,76.9558,Humid,23.37,27.94,19.73,84.74,1.16,0.17,17.65,31.03
2009-11-26,Coimbatore,11.0168,76.9558,Humid,22.61,26.86,19.07,84.83,1.3,0.02,19.14,30.96
2009-11-27,Coimbatore,11.0168,76.9558,Humid,21.45,27.08,17.6,81.73,1.66,0.0,19.62,30.9
2009-11-28,Coimbatore,11.0168,76.9558,Humid,20.84,26.8,16.28,81.52,1.7,0.0,20.82,30.83
2009-11-29,Coimbatore,11.0168,76.9558,Humid,21.98,27.66,17.07,82.29,1.44,0.0,19.59,30.77
2009-11-30,Coimbatore,11.0168,76.9558,Humid,22.58,27.43,18.5,83.84,1.35,0.0,13.34,30.71
2009-12-01,Coimbatore,11.0168,76.9558,Humid,21.79,24.81,18.79,88.12,1.57,1.05,15.07,30.65
2009-12-02,Coimbatore,11.0168,76.9558,Humid,21.94,25.51,19.48,89.97,1.84,0.65,13.37,30.6
2009-12-03,Coimbatore,11.0168,76.9558,Humid,23.75,28.56,19.9,84.43,1.42,0.16,14.15,30.54
2009-12-04,Coimbatore,11.0168,76.9558,Humid,23.56,28.04,20.34,85.64,0.67,0.07,13.23,30.5
2009-12-05,Coimbatore,11.0168,76.9558,Humid,22.65,26.78,19.03,84.42,1.28,0.01,14.97,30.45
2009-12-06,Coimbatore,11.0168,76.9558,Humid,21.0,27.37,16.51,76.75,1.38,0.0,16.94,30.4
2009-12-07,Coimbatore,11.0168,76.9558,Humid,20.58,27.98,14.58,75.87,1.22,0.0,20.85,30.36
2009-12-08,Coimbatore,11.0168,76.9558,Humid,20.97,28.07,15.16,76.38,1.31,0.0,21.44,30.32
2009-12-09,Coimbatore,11.0168,76.9558,Humid,22.1,28.71,17.34,78.09,1.79,0.0,21.16,30.29
2009-12-10,Coimbatore,11.0168,76.9558,Humid,20.28,27.42,15.08,76.03,1.97,0.0,20.49,30.25
2009-12-11,Coimbatore,11.0168,76.9558,Humid,21.08,28.47,14.55,77.89,1.73,0.0,20.28,30.22
2009-12-12,Coimbatore,11.0168,76.9558,Humid,22.31,29.39,15.31,81.72,1.54,0.93,16.43,30.2
2009-12-13,Coimbatore,11.0168,76.9558,Humid,23.3,28.42,20.23,83.65,1.74,0.21,12.87,30.17
2009-12-14,Coimbatore,11.0168,76.9558,Humid,23.54,29.79,18.97,79.62,2.14,0.06,16.79,30.15
2009-12-15,Coimbatore,11.0168,76.9558,Humid,23.62,29.8,19.14,81.31,2.49,0.61,16.8,30.13
2009-12-16,Coimbatore,11.0168,76.9558,Humid,23.22,28.05,19.91,82.92,1.65,0.22,11.55,30.12
2009-12-17,Coimbatore,11.0168,76.9558,Humid,23.81,29.1,20.08,80.92,1.45,0.11,13.09,30.1
2009-12-18,Coimbatore,11.0168,76.9558,Humid,23.42,28.9,19.33,79.8,1.61,0.01,17.27,30.1
2009-12-19,Coimbatore,11.0168,76.9558,Humid,23.65,28.85,20.19,79.74,2.24,0.0,17.06,30.09
2009-12-20,Coimbatore,11.0168,76.9558,Humid,23.74,29.72,19.32,76.29,2.64,0.01,16.0,30.09
2009-12-21,Coimbatore,11.0168,76.9558,Humid,23.57,28.72,19.91,80.4,3.11,1.98,13.37,30.09
2009-12-22,Coimbatore,11.0168,76.9558,Humid,23.32,28.56,20.11,81.93,2.73,0.93,13.74,30.1
2009-12-23,Coimbatore,11.0168,76.9558,Humid,22.69,27.84,19.41,79.61,2.96,0.22,16.58,30.11
2009-12-24,Coimbatore,11.0168,76.9558,Humid,22.57,28.03,18.93,76.63,2.64,0.02,16.89,30.12
2009-12-25,Coimbatore,11.0168,76.9558,Humid,21.59,25.78,18.76,75.63,2.05,0.01,14.5,30.13
2009-12-26,Coimbatore,11.0168,76.9558,Humid,22.78,29.62,17.58,76.68,1.55,1.1,15.93,30.15
2009-12-27,Coimbatore,11.0168,76.9558,Humid,22.22,27.46,18.46,83.59,1.39,4.02,9.26,30.17
2009-12-28,Coimbatore,11.0168,76.9558,Humid,21.9,26.17,18.86,84.36,1.18,1.49,12.08,30.19
2009-12-29,Coimbatore,11.0168,76.9558,Humid,22.85,28.6,18.77,79.13,1.3,0.36,14.06,30.21
2009-12-30,Coimbatore,11.0168,76.9558,Humid,23.0,29.74,18.34,73.86,1.74,0.0,15.76,30.24
2009-12-31,Coimbatore,11.0168,76.9558,Humid,23.81,30.64,18.12,75.26,0.72,0.0,15.22,30.27
2010-01-01,Coimbatore,11.0168,76.9558,Humid,23.43,29.61,18.95,74.46,2.09,0.0,17.15,30.31
2010-01-02,Coimbatore,11.0168,76.9558,Humid,22.71,29.87,18.28,70.37,2.14,0.0,18.66,30.35
2010-01-03,Coimbatore,11.0168,76.9558,Humid,21.14,27.8,17.1,74.69,1.77,0.0,18.44,30.39
2010-01-04,Coimbatore,11.0168,76.9558,Humid,21.93,30.47,15.7,67.87,1.44,0.0,20.53,30.44
2010-01-05,Coimbatore,11.0168,76.9558,Humid,22.06,31.22,14.85,67.12,0.86,0.0,20.6,30.48
2010-01-06,Coimbatore,11.0168,76.9558,Humid,21.89,29.63,15.65,70.62,1.74,0.0,18.7,30.53
2010-01-07,Coimbatore,11.0168,76.9558,Humid,22.78,30.16,17.5,73.12,1.43,0.0,18.43,30.59
2010-01-08,Coimbatore,11.0168,76.9558,Humid,23.21,30.89,16.68,71.99,1.31,0.0,18.94,30.64
2010-01-09,Coimbatore,11.0168,76.9558,Humid,24.54,30.59,20.69,76.47,1.95,0.28,13.71,30.7
2010-01-10,Coimbatore,11.0168,76.9558,Humid,24.44,30.8,20.22,75.38,1.66,0.41,12.7,30.76
2010-01-11,Coimbatore,11.0168,76.9558,Humid,24.62,31.58,19.19,73.52,1.45,0.03,18.13,30.82
2010-01-12,Coimbatore,11.0168,76.9558,Humid,24.87,31.57,19.47,75.6,0.99,2.17,16.29,30.89
2010-01-13,Coimbatore,11.0168,76.9558,Humid,25.26,31.22,20.99,76.95,0.9,0.81,15.01,30.95
2010-01-14,Coimbatore,11.0168,76.9558,Humid,25.0,31.47,20.95,72.27,2.14,0.05,16.5,31.03
2010-01-15,Coimbatore,11.0168,76.9558,Humid,24.07,31.46,18.68,70.19,2.53,0.0,19.63,31.1
2010-01-16,Coimbatore,11.0168,76.9558,Humid,23.04,30.49,17.09,70.64,2.72,0.0,19.89,31.18
2010-01-17,Coimbatore,11.0168,76.9558,Humid,23.3,31.17,18.39,67.89,2.26,0.0,21.74,31.26
2010-01-18,Coimbatore,11.0168,76.9558,Humid,23.24,30.7,17.1,71.03,1.69,0.0,20.05,31.34
2010-01-19,Coimbatore,11.0168,76.9558,Humid,23.91,30.97,18.88,70.1,1.85,0.0,16.81,31.42
2010-01-20,Coimbatore,11.0168,76.9558,Humid,23.63,30.87,18.84,70.43,1.74,0.2,16.93,31.5
2010-01-21,Coimbatore,11.0168,76.9558,Humid,22.79,30.64,17.29,68.62,1.84,0.17,20.53,31.58
2010-01-22,Coimbatore,11.0168,76.9558,Humid,21.66,31.18,14.82,63.16,1.55,0.0,21.95,31.67
2010-01-23,Coimbatore,11.0168,76.9558,Humid,21.24,30.95,14.59,60.76,1.95,0.0,22.47,31.76
2010-01-24,Coimbatore,11.0168,76.9558,Humid,21.57,30.44,15.11,64.85,1.75,0.0,21.53,31.85
2010-01-25,Coimbatore,11.0168,76.9558,Humid,22.45,30.82,16.19,67.2,1.51,0.0,21.02,31.94
2010-01-26,Coimbatore,11.0168,76.9558,Humid,23.4,31.08,18.24,66.88,1.79,0.0,20.21,32.04
2010-01-27,Coimbatore,11.0168,76.9558,Humid,24.03,31.95,18.42,64.96,1.79,0.0,20.84,32.13
2010-01-28,Coimbatore,11.0168,76.9558,Humid,24.04,30.86,18.92,68.01,2.56,0.0,20.24,32.23
2010-01-29,Coimbatore,11.0168,76.9558,Humid,24.33,32.25,18.34,62.34,2.43,0.0,21.11,32.33
2010-01-30,Coimbatore,11.0168,76.9558,Humid,24.07,32.83,17.68,60.32,1.96,0.0,22.58,32.42
2010-01-31,Coimbatore,11.0168,76.9558,Humid,23.67,31.32,17.29,63.82,1.57,0.0,19.81,32.52
2010-02-01,Coimbatore,11.0168,76.9558,Humid,23.83,31.65,18.15,61.34,1.9,0.0,20.54,32.62
2010-02-02,Coimbatore,11.0168,76.9558,Humid,23.42,32.29,16.86,56.77,2.02,0.0,21.98,32.72
2010-02-03,Coimbatore,11.0168,76.9558,Humid,23.51,33.31,15.92,54.04,2.25,0.0,22.89,32.82
2010-02-04,Coimbatore,11.0168,76.9558,Humid,23.41,31.99,16.94,55.58,2.0,0.0,23.44,32.92
2010-02-05,Coimbatore,11.0168,76.9558,Humid,23.56,32.35,16.63,55.3,2.33,0.0,23.62,33.03
2010-02-06,Coimbatore,11.0168,76.9558,Humid,22.99,32.05,16.04,54.7,2.64,0.0,23.62,33.13
2010-02-07,Coimbatore,11.0168,76.9558,Humid,23.19,32.13,16.63,58.78,2.42,0.0,21.16,33.23
2010-02-08,Coimbatore,11.0168,76.9558,Humid,24.31,34.0,17.1,56.63,1.67,0.0,22.65,33.34
2010-02-09,Coimbatore,11.0168,76.9558,Humid,24.86,34.37,16.54,52.63,1.13,0.0,23.31,33.44
2010-02-10,Coimbatore,11.0168,76.9558,Humid,25.87,34.07,19.0,55.91,1.12,0.0,22.37,33.55
2010-02-11,Coimbatore,11.0168,76.9558,Humid,25.94,33.74,19.6,50.32,1.56,0.0,17.46,33.65
2010-02-12,Coimbatore,11.0168,76.9558,Humid,26.5,34.4,20.47,52.08,1.84,0.0,21.74,33.76
2010-02-13,Coimbatore,11.0168,76.9558,Humid,26.96,35.47,19.67,54.41,1.55,0.07,22.07,33.86
2010-02-14,Coimbatore,11.0168,76.9558,Humid,27.24,36.12,20.29,48.7,1.66,0.01,23.28,33.97
2010-02-15,Coimbatore,11.0168,76.9558,Humid,26.2,35.43,19.38,50.86,2.12,0.0,23.41,34.07
2010-02-16,Coimbatore,11.0168,76.9558,Humid,25.74,35.6,18.16,49.59,1.75,0.0,23.03,34.18
2010-02-17,Coimbatore,11.0168,76.9558,Humid,26.2,35.17,18.19,53.04,1.59,0.0,24.3,34.28
2010-02-18,Coimbatore,11.0168,76.9558,Humid,27.1,34.81,20.94,51.28,1.27,0.0,22.17,34.38
2010-02-19,Coimbatore,11.0168,76.9558,Humid,26.46,33.12,21.82,52.88,1.44,0.0,23.16,34.48
2010-02-20,Coimbatore,11.0168,76.9558,Humid,26.74,36.45,18.18,42.89,1.37,0.0,23.68,34.59
2010-02-21,Coimbatore,11.0168,76.9558,Humid,27.15,36.17,19.04,46.39,1.67,0.0,22.01,34.69
2010-02-22,Coimbatore,11.0168,76.9558,Humid,28.01,37.11,20.36,44.94,1.41,0.0,24.45,34.79
2010-02-23,Coimbatore,11.0168,76.9558,Humid,27.93,36.71,19.95,51.21,0.89,0.1,22.95,34.89
2010-02-24,Coimbatore,11.0168,76.9558,Humid,28.36,36.47,21.61,59.18,1.47,0.0,20.48,34.98
2010-02-25,Coimbatore,11.0168,76.9558,Humid,28.6,35.96,21.86,55.85,1.08,0.0,21.13,35.08
2010-02-26,Coimbatore,11.0168,76.9558,Humid,29.05,36.42,22.0,49.51,0.75,0.0,19.27,35.18
2010-02-27,Coimbatore,11.0168,76.9558,Humid,28.96,37.39,21.6,43.06,1.34,0.0,22.81,35.27
2010-02-28,Coimbatore,11.0168,76.9558,Humid,28.13,36.81,21.34,41.47,1.56,0.0,24.83,35.36
2010-03-01,Coimbatore,11.0168,76.9558,Humid,27.12,36.04,19.68,35.13,1.67,0.0,25.7,35.46
2010-03-02,Coimbatore,11.0168,76.9558,Humid,27.33,36.73,19.47,35.44,1.52,0.0,25.01,35.55
2010-03-03,Coimbatore,11.0168,76.9558,Humid,27.84,37.98,18.68,32.23,1.26,0.0,24.79,35.64
2010-03-04,Coimbatore,11.0168,76.9558,Humid,28.42,37.67,21.18,50.13,0.91,0.0,23.49,35.73
2010-03-05,Coimbatore,11.0168,76.9558,Humid,28.87,37.75,22.41,58.98,1.75,0.0,23.36,35.82
2010-03-06,Coimbatore,11.0168,76.9558,Humid,28.88,37.79,22.24,57.88,2.09,0.0,21.55,35.9
2010-03-07,Coimbatore,11.0168,76.9558,Humid,29.66,39.07,21.75,51.77,1.52,0.0,23.21,35.99
2010-03-08,Coimbatore,11.0168,76.9558,Humid,29.71,37.99,23.39,45.66,1.84,0.0,23.06,36.07
2010-03-09,Coimbatore,11.0168,76.9558,Humid,29.19,38.36,21.48,37.16,1.79,0.0,26.02,36.15
2010-03-10,Coimbatore,11.0168,76.9558,Humid,27.98,36.45,20.62,45.45,2.37,0.0,25.89,36.23
2010-03-11,Coimbatore,11.0168,76.9558,Humid,28.18,36.75,20.58,50.57,2.98,0.0,24.57,36.31
2010-03-12,Coimbatore,11.0168,76.9558,Humid,27.95,36.03,21.4,50.4,3.04,0.0,26.07,36.38
2010-03-13,Coimbatore,11.0168,76.9558,Humid,28.26,36.33,20.27,45.35,2.1,0.0,20.77,36.45
2010-03-14,Coimbatore,11.0168,76.9558,Humid,29.14,37.02,21.83,40.56,1.25,0.0,23.77,36.53
2010-03-15,Coimbatore,11.0168,76.9558,Humid,30.02,37.87,22.98,45.09,1.04,0.0,23.71,36.6
2010-03-16,Coimbatore,11.0168,76.9558,Humid,28.5,33.93,24.51,48.1,1.03,0.19,20.69,36.68
2010-03-17,Coimbatore,11.0168,76.9558,Humid,28.49,35.92,22.63,41.09,2.02,0.01,23.64,36.75
2010-03-18,Coimbatore,11.0168,76.9558,Humid,27.65,35.62,19.44,47.1,2.65,0.0,25.39,36.81
2010-03-19,Coimbatore,11.0168,76.9558,Humid,27.92,36.82,19.6,43.74,2.03,0.0,25.84,36.88
2010-03-20,Coimbatore,11.0168,76.9558,Humid,29.05,36.7,22.39,35.92,1.45,0.0,24.79,36.94
2010-03-21,Coimbatore,11.0168,76.9558,Humid,29.36,37.57,22.57,32.62,1.48,0.0,25.26,37.0
2010-03-22,Coimbatore,11.0168,76.9558,Humid,29.2,38.32,21.75,36.24,0.91,0.0,25.05,37.06
2010-03-23,Coimbatore,11.0168,76.9558,Humid,29.2,38.51,21.44,43.59,1.46,0.0,25.41,37.11
2010-03-24,Coimbatore,11.0168,76.9558,Humid,29.47,38.44,22.06,47.39,1.21,0.0,25.01,37.17
2010-03-25,Coimbatore,11.0168,76.9558,Humid,29.15,37.95,21.82,43.59,1.28,0.0,24.68,37.22
2010-03-26,Coimbatore,11.0168,76.9558,Humid,29.64,38.84,22.8,53.37,1.43,1.19,23.59,37.27
2010-03-27,Coimbatore,11.0168,76.9558,Humid,29.12,37.33,23.16,62.53,1.91,1.23,20.97,37.31
2010-03-28,Coimbatore,11.0168,76.9558,Humid,29.86,37.25,23.57,55.73,1.32,0.01,21.82,37.36
2010-03-29,Coimbatore,11.0168,76.9558,Humid,29.43,36.62,24.23,58.47,1.51,0.0,20.93,37.4
2010-03-30,Coimbatore,11.0168,76.9558,Humid,29.16,37.65,23.26,62.17,2.06,2.86,21.71,37.45
2010-03-31,Coimbatore,11.0168,76.9558,Humid,28.27,35.47,23.5,65.09,2.44,0.93,12.17,37.49
2010-04-01,Coimbatore,11.0168,76.9558,Humid,29.37,37.36,23.02,58.81,2.08,0.04,24.65,37.53
2010-04-02,Coimbatore,11.0168,76.9558,Humid,30.57,39.18,23.08,53.61,1.9,0.01,23.95,37.57
2010-04-03,Coimbatore,11.0168,76.9558,Humid,30.56,37.76,25.07,54.84,1.53,0.17,19.94,37.61
2010-04-04,Coimbatore,11.0168,76.9558,Humid,30.66,38.47,24.73,52.62,1.41,0.08,22.66,37.64
2010-04-05,Coimbatore,11.0168,76.9558,Humid,29.65,37.69,23.99,57.6,1.34,1.97,24.24,37.68
2010-04-06,Coimbatore,11.0168,76.9558,Humid,28.64,36.45,23.81,50.23,2.06,0.49,22.84,37.71
2010-04-07,Coimbatore,11.0168,76.9558,Humid,30.18,38.16,22.95,39.85,2.01,0.25,24.74,37.74
2010-04-08,Coimbatore,11.0168,76.9558,Humid,28.71,34.95,23.36,54.45,1.78,5.06,10.92,37.76
2010-04-09,Coimbatore,11.0168,76.9558,Humid,29.29,37.07,23.23,60.81,1.39,0.2,24.63,37.79
2010-04-10,Coimbatore,11.0168,76.9558,Humid,28.73,35.64,24.18,63.84,1.43,0.0,25.02,37.81
2010-04-11,Coimbatore,11.0168,76.9558,Humid,29.64,38.08,23.67,60.64,1.51,0.0,24.51,37.83
2010-04-12,Coimbatore,11.0168,76.9558,Humid,28.44,34.53,24.2,68.77,2.28,1.75,21.26,37.85
2010-04-13,Coimbatore,11.0168,76.9558,Humid,28.37,35.13,24.0,68.31,1.72,2.17,22.64,37.86
2010-04-14,Coimbatore,11.0168,76.9558,Humid,27.7,32.52,24.05,72.41,1.31,1.27,21.3,37.88
2010-04-15,Coimbatore,11.0168,76.9558,Humid,28.72,34.73,23.92,63.65,1.14,0.31,25.11,37.89
2010-04-16,Coimbatore,11.0168,76.9558,Humid,28.36,36.15,23.12,62.12,1.24,2.74,23.42,37.91
2010-04-17,Coimbatore,11.0168,76.9558,Humid,27.73,34.5,23.24,72.46,1.66,7.68,21.71,37.92
2010-04-18,Coimbatore,11.0168,76.9558,Humid,27.55,34.18,23.32,72.56,1.71,1.26,24.47,37.93
2010-04-19,Coimbatore,11.0168,76.9558,Humid,26.49,30.63,23.55,76.39,1.96,0.1,21.13,37.94
2010-04-20,Coimbatore,11.0168,76.9558,Humid,26.48,30.67,23.15,78.37,1.71,3.39,21.62,37.95
2010-04-21,Coimbatore,11.0168,76.9558,Humid,26.85,31.94,23.26,74.31,2.07,0.78,23.45,37.95
2010-04-22,Coimbatore,11.0168,76.9558,Humid,28.79,35.84,23.07,66.02,0.94,0.48,23.64,37.96
2010-04-23,Coimbatore,11.0168,76.9558,Humid,27.6,32.94,23.89,74.38,1.24,3.31,24.47,37.96
2010-04-24,Coimbatore,11.0168,76.9558,Humid,26.88,31.29,24.04,79.17,0.98,3.07,21.29,37.96
2010-04-25,Coimbatore,11.0168,76.9558,Humid,26.9,31.6,23.48,76.82,0.79,4.01,23.31,37.96
2010-04-26,Coimbatore,11.0168,76.9558,Humid,27.41,33.19,23.33,72.85,0.62,4.45,21.88,37.96
2010-04-27,Coimbatore,11.0168,76.9558,Humid,27.4,33.9,23.11,73.28,0.76,5.66,20.96,37.96
2010-04-28,Coimbatore,11.0168,76.9558,Humid,27.49,33.59,23.11,73.05,1.11,2.96,21.18,37.96
2010-04-29,Coimbatore,11.0168,76.9558,Humid,27.35,32.43,23.8,74.12,0.88,0.81,23.05,37.95
2010-04-30,Coimbatore,11.0168,76.9558,Humid,26.5,31.72,23.48,77.71,1.22,15.45,17.92,37.94
2010-05-01,Coimbatore,11.0168,76.9558,Humid,26.23,31.93,21.5,67.86,1.03,1.43,20.23,37.94
2010-05-02,Coimbatore,11.0168,76.9558,Humid,26.49,30.35,22.74,71.55,0.77,4.28,21.67,37.93
2010-05-03,Coimbatore,11.0168,76.9558,Humid,26.54,30.39,23.03,78.53,0.68,8.12,22.35,37.92
2010-05-04,Coimbatore,11.0168,76.9558,Humid,26.81,31.83,22.8,78.54,1.28,6.25,22.07,37.91
2010-05-05,Coimbatore,11.0168,76.9558,Humid,27.71,34.51,22.86,74.54,1.66,1.04,22.39,37.9
2010-05-06,Coimbatore,11.0168,76.9558,Humid,29.07,36.56,23.03,68.76,1.19,1.45,25.21,37.89
2010-05-07,Coimbatore,11.0168,76.9558,Humid,27.9,33.48,24.47,76.17,1.42,2.14,19.18,37.87
2010-05-08,Coimbatore,11.0168,76.9558,Humid,27.95,33.56,23.95,75.79,1.16,2.14,20.21,37.86
2010-05-09,Coimbatore,11.0168,76.9558,Humid,26.68,30.75,24.03,81.25,1.41,1.16,22.37,37.84
2010-05-10,Coimbatore,11.0168,76.9558,Humid,27.49,34.31,22.7,73.02,1.81,0.43,22.65,37.83
2010-05-11,Coimbatore,11.0168,76.9558,Humid,27.25,32.68,23.51,75.11,2.25,0.28,19.72,37.81
2010-05-12,Coimbatore,11.0168,76.9558,Humid,28.39,35.33,23.24,71.95,1.91,0.02,23.15,37.8
2010-05-13,Coimbatore,11.0168,76.9558,Humid,28.74,35.78,23.64,68.89,1.73,0.02,23.44,37.78
2010-05-14,Coimbatore,11.0168,76.9558,Humid,27.47,33.3,23.51,71.47,2.36,0.02,23.17,37.76
2010-05-15,Coimbatore,11.0168,76.9558,Humid,27.65,34.39,22.64,69.42,1.89,1.15,21.76,37.75
2010-05-16,Coimbatore,11.0168,76.9558,Humid,28.29,34.72,24.07,73.72,2.07,1.55,19.96,37.73
2010-05-17,Coimbatore,11.0168,76.9558,Humid,28.32,34.33,24.08,72.79,1.44,6.32,21.92,37.71
2010-05-18,Coimbatore,11.0168,76.9558,Humid,26.25,30.43,23.22,80.61,2.54,4.09,20.41,37.7
2010-05-19,Coimbatore,11.0168,76.9558,Humid,25.13,28.94,22.73,84.43,2.94,5.87,13.6,37.68
2010-05-20,Coimbatore,11.0168,76.9558,Humid,26.0,29.96,23.65,83.9,3.96,2.48,8.31,37.66
2010-05-21,Coimbatore,11.0168,76.9558,Humid,25.93,30.01,23.14,81.17,3.62,2.02,10.69,37.64
2010-05-22,Coimbatore,11.0168,76.9558,Humid,26.65,32.72,22.57,73.92,2.94,0.37,20.15,37.62
2010-05-23,Coimbatore,11.0168,76.9558,Humid,26.59,31.85,23.17,79.43,2.87,3.64,21.94,37.61
2010-05-24,Coimbatore,11.0168,76.9558,Humid,26.17,30.18,23.29,81.23,3.02,1.19,22.08,37.59
2010-05-25,Coimbatore,11.0168,76.9558,Humid,24.67,27.84,22.24,84.59,3.43,8.07,23.02,37.57
2010-05-26,Coimbatore,11.0168,76.9558,Humid,25.72,32.4,20.32,76.12,3.14,2.02,19.78,37.56
2010-05-27,Coimbatore,11.0168,76.9558,Humid,26.88,32.69,22.98,77.09,3.16,0.61,22.75,37.54
2010-05-28,Coimbatore,11.0168,76.9558,Humid,26.64,31.72,23.34,79.19,3.1,7.96,21.09,37.52
2010-05-29,Coimbatore,11.0168,76.9558,Humid,25.6,29.6,23.02,82.69,3.47,5.33,20.66,37.51
2010-05-30,Coimbatore,11.0168,76.9558,Humid,25.44,30.61,22.31,80.09,3.39,7.4,20.37,37.49
2010-05-31,Coimbatore,11.0168,76.9558,Humid,24.81,28.36,22.58,81.5,3.29,2.47,18.85,37.47
2010-06-01,Coimbatore,11.0168,76.9558,Humid,26.31,32.69,22.02,75.37,3.03,0.2,22.36,37.45
2010-06-02,Coimbatore,11.0168,76.9558,Humid,27.5,34.13,22.88,74.56,2.38,7.59,22.24,37.44
2010-06-03,Coimbatore,11.0168,76.9558,Humid,27.61,34.6,22.95,70.25,1.82,1.42,21.94,37.42
2010-06-04,Coimbatore,11.0168,76.9558,Humid,27.31,32.93,23.14,75.92,1.8,11.17,19.24,37.4
2010-06-05,Coimbatore,11.0168,76.9558,Humid,24.94,29.04,22.56,84.07,2.82,6.35,19.95,37.39
2010-06-06,Coimbatore,11.0168,76.9558,Humid,24.39,29.5,21.33,79.77,3.26,11.27,17.34,37.37
2010-06-07,Coimbatore,11.0168,76.9558,Humid,23.77,28.09,21.21,81.96,3.09,5.86,16.0,37.36
2010-06-08,Coimbatore,11.0168,76.9558,Humid,23.82,27.73,20.76,83.67,2.35,5.1,17.75,37.34
2010-06-09,Coimbatore,11.0168,76.9558,Humid,24.93,29.2,21.89,84.57,2.68,8.53,18.8,37.33
2010-06-10,Coimbatore,11.0168,76.9558,Humid,24.47,27.67,22.17,87.74,2.67,5.93,14.47,37.32
2010-06-11,Coimbatore,11.0168,76.9558,Humid,23.94,26.19,22.66,89.46,4.11,19.89,13.05,37.31
2010-06-12,Coimbatore,11.0168,76.9558,Humid,24.5,28.14,22.2,86.06,4.12,29.51,10.96,37.3
2010-06-13,Coimbatore,11.0168,76.9558,Humid,24.1,25.94,22.2,91.1,3.19,16.08,8.99,37.29
2010-06-14,Coimbatore,11.0168,76.9558,Humid,24.06,27.61,21.77,85.62,4.03,11.42,12.74,37.27
2010-06-15,Coimbatore,11.0168,76.9558,Humid,24.23,28.6,21.36,84.68,3.4,3.09,13.52,37.27
2010-06-16,Coimbatore,11.0168,76.9558,Humid,24.25,28.01,21.47,87.21,2.23,2.04,15.26,37.26
2010-06-17,Coimbatore,11.0168,76.9558,Humid,23.91,27.37,21.23,87.27,3.23,6.44,13.31,37.25
2010-06-18,Coimbatore,11.0168,76.9558,Humid,23.93,28.13,21.06,86.46,2.88,3.88,14.93,37.24
2010-06-19,Coimbatore,11.0168,76.9558,Humid,24.41,28.98,21.16,82.73,2.98,2.32,16.11,37.24
2010-06-20,Coimbatore,11.0168,76.9558,Humid,24.52,28.81,21.96,84.22,2.42,0.95,19.94,37.23
2010-06-21,Coimbatore,11.0168,76.9558,Humid,24.26,29.65,20.56,83.12,2.47,2.11,21.94,37.23
2010-06-22,Coimbatore,11.0168,76.9558,Humid,23.79,27.1,21.28,87.08,2.71,6.72,18.8,37.22
2010-06-23,Coimbatore,11.0168,76.9558,Humid,24.15,27.95,21.61,86.57,3.87,9.19,14.59,37.22
2010-06-24,Coimbatore,11.0168,76.9558,Humid,23.39,27.42,21.23,84.32,4.21,8.97,14.65,37.22
2010-06-25,Coimbatore,11.0168,76.9558,Humid,23.51,27.58,20.95,83.46,4.09,5.52,15.52,37.22
2010-06-26,Coimbatore,11.0168,76.9558,Humid,24.45,28.62,21.47,84.89,4.29,6.64,14.46,37.22
2010-06-27,Coimbatore,11.0168,76.9558,Humid,24.71,28.75,21.68,85.86,3.39,5.62,17.12,37.21
2010-06-28,Coimbatore,11.0168,76.9558,Humid,24.76,28.28,22.29,87.46,3.16,8.32,18.22,37.21
2010-06-29,Coimbatore,11.0168,76.9558,Humid,24.6,28.1,22.48,86.93,3.39,6.09,18.69,37.21
2010-06-30,Coimbatore,11.0168,76.9558,Humid,23.13,27.3,20.31,85.38,3.86,6.14,15.58,37.21
2010-07-01,Coimbatore,11.0168,76.9558,Humid,21.89,24.86,19.62,86.9,3.66,4.23,11.57,37.22
2010-07-02,Coimbatore,11.0168,76.9558,Humid,22.97,27.45,19.88,81.97,3.83,1.39,13.44,37.22
2010-07-03,Coimbatore,11.0168,76.9558,Humid,23.16,27.42,20.3,83.3,4.14,5.4,12.58,37.22
2010-07-04,Coimbatore,11.0168,76.9558,Humid,23.79,28.16,20.37,85.1,3.6,9.02,16.74,37.22
2010-07-05,Coimbatore,11.0168,76.9558,Humid,22.6,25.5,20.38,85.99,3.76,6.56,11.45,37.22
2010-07-06,Coimbatore,11.0168,76.9558,Humid,22.54,25.45,20.37,87.48,3.2,3.11,12.55,37.23
2010-07-07,Coimbatore,11.0168,76.9558,Humid,23.2,27.13,20.44,85.02,2.27,1.08,14.17,37.23
2010-07-08,Coimbatore,11.0168,76.9558,Humid,23.46,28.52,19.56,84.22,1.68,6.51,15.74,37.24
2010-07-09,Coimbatore,11.0168,76.9558,Humid,22.88,26.12,20.76,85.76,1.15,1.44,14.67,37.25
2010-07-10,Coimbatore,11.0168,76.9558,Humid,24.6,29.62,20.5,84.12,0.93,9.56,18.31,37.25
2010-07-11,Coimbatore,11.0168,76.9558,Humid,25.16,29.67,21.6,84.45,1.77,2.58,19.73,37.26
2010-07-12,Coimbatore,11.0168,76.9558,Humid,23.78,27.1,21.29,88.27,2.14,1.11,17.0,37.27
2010-07-13,Coimbatore,11.0168,76.9558,Humid,23.2,25.98,21.1,89.19,2.13,4.13,21.29,37.27
2010-07-14,Coimbatore,11.0168,76.9558,Humid,23.54,27.62,20.7,85.66,2.34,2.82,18.94,37.28
2010-07-15,Coimbatore,11.0168,76.9558,Humid,23.75,28.04,20.95,86.06,2.84,7.49,19.11,37.29
2010-07-16,Coimbatore,11.0168,76.9558,Humid,22.94,25.87,21.16,89.95,3.89,10.66,11.45,37.3
2010-07-17,Coimbatore,11.0168,76.9558,Humid,22.48,25.93,20.5,87.3,3.8,9.77,15.89,37.31
2010-07-18,Coimbatore,11.0168,76.9558,Humid,23.42,27.2,20.7,86.58,3.32,7.23,13.38,37.32
2010-07-19,Coimbatore,11.0168,76.9558,Humid,23.48,27.55,21.19,87.37,4.46,11.11,11.72,37.33
2010-07-20,Coimbatore,11.0168,76.9558,Humid,23.3,26.86,21.35,86.77,4.6,5.03,12.8,37.34
2010-07-21,Coimbatore,11.0168,76.9558,Humid,23.41,27.58,21.21,87.09,3.77,5.13,12.55,37.35
2010-07-22,Coimbatore,11.0168,76.9558,Humid,23.02,26.8,19.92,86.13,3.07,1.15,12.97,37.36
2010-07-23,Coimbatore,11.0168,76.9558,Humid,22.9,27.39,19.03,85.1,2.99,1.92,16.49,37.37
2010-07-24,Coimbatore,11.0168,76.9558,Humid,22.54,25.57,20.24,87.28,3.16,2.54,13.9,37.38
2010-07-25,Coimbatore,11.0168,76.9558,Humid,22.68,25.67,20.29,87.43,3.72,3.3,13.41,37.39
2010-07-26,Coimbatore,11.0168,76.9558,Humid,23.06,26.14,21.27,86.79,3.92,8.2,10.73,37.4
2010-07-27,Coimbatore,11.0168,76.9558,Humid,23.68,27.49,21.44,87.03,3.75,8.27,11.93,37.41
2010-07-28,Coimbatore,11.0168,76.9558,Humid,23.09,26.83,21.26,85.31,4.12,5.68,10.84,37.42
2010-07-29,Coimbatore,11.0168,76.9558,Humid,22.92,26.68,20.57,86.52,4.25,18.6,9.84,37.43
2010-07-30,Coimbatore,11.0168,76.9558,Humid,23.07,27.17,20.46,85.62,3.8,4.39,12.52,37.44
2010-07-31,Coimbatore,11.0168,76.9558,Humid,23.25,27.69,20.3,86.08,3.61,1.32,11.22,37.44
2010-08-01,Coimbatore,11.0168,76.9558,Humid,23.81,28.5,20.37,84.7,2.92,0.49,16.61,37.44
2010-08-02,Coimbatore,11.0168,76.9558,Humid,23.77,28.52,20.42,84.94,2.85,2.17,17.62,37.45
2010-08-03,Coimbatore,11.0168,76.9558,Humid,23.4,27.01,21.29,87.5,3.66,4.14,12.28,37.46
2010-08-04,Coimbatore,11.0168,76.9558,Humid,23.44,26.59,21.77,88.52,3.69,4.93,9.18,37.47
2010-08-05,Coimbatore,11.0168,76.9558,Humid,23.77,27.16,21.74,87.98,2.95,1.4,18.4,37.47
2010-08-06,Coimbatore,11.0168,76.9558,Humid,23.84,27.26,21.41,87.56,3.07,1.95,17.06,37.48
2010-08-07,Coimbatore,11.0168,76.9558,Humid,24.09,28.43,20.93,87.07,2.67,2.13,16.81,37.48
2010-08-08,Coimbatore,11.0168,76.9558,Humid,24.08,27.66,21.41,87.9,2.58,2.17,15.07,37.49
2010-08-09,Coimbatore,11.0168,76.9558,Humid,24.89,29.98,21.16,83.21,2.78,1.43,17.39,37.49
2010-08-10,Coimbatore,11.0168,76.9558,Humid,24.72,29.81,21.05,82.36,2.59,0.44,21.3,37.49
2010-08-11,Coimbatore,11.0168,76.9558,Humid,24.52,29.3,20.7,82.72,3.25,0.36,16.9,37.5
2010-08-12,Coimbatore,11.0168,76.9558,Humid,24.83,29.94,21.62,83.6,3.08,0.82,15.99,37.5
2010-08-13,Coimbatore,11.0168,76.9558,Humid,24.77,29.99,21.55,83.61,2.86,3.15,16.31,37.5
2010-08-14,Coimbatore,11.0168,76.9558,Humid,23.87,27.75,21.62,87.64,2.82,5.94,15.37,37.5
2010-08-15,Coimbatore,11.0168,76.9558,Humid,23.8,27.28,21.86,90.64,2.9,14.87,11.52,37.5
2010-08-16,Coimbatore,11.0168,76.9558,Humid,23.04,25.15,21.68,89.16,3.78,13.53,14.53,37.5
2010-08-17,Coimbatore,11.0168,76.9558,Humid,23.67,28.04,21.15,84.53,3.14,2.27,13.52,37.5
2010-08-18,Coimbatore,11.0168,76.9558,Humid,23.4,27.51,21.03,85.61,2.88,1.11,16.94,37.49
2010-08-19,Coimbatore,11.0168,76.9558,Humid,23.87,28.26,20.6,84.42,2.0,0.94,17.97,37.49
2010-08-20,Coimbatore,11.0168,76.9558,Humid,23.21,26.35,20.59,88.19,1.47,35.53,15.17,37.48
2010-08-21,Coimbatore,11.0168,76.9558,Humid,22.17,25.07,20.22,90.7,2.62,5.42,9.78,37.47
2010-08-22,Coimbatore,11.0168,76.9558,Humid,23.22,27.11,20.86,88.86,2.62,0.7,11.49,37.46
2010-08-23,Coimbatore,11.0168,76.9558,Humid,23.35,26.88,20.49,89.22,1.82,1.78,14.98,37.45
2010-08-24,Coimbatore,11.0168,76.9558,Humid,22.84,25.81,20.75,90.32,2.87,5.27,12.83,37.44
2010-08-25,Coimbatore,11.0168,76.9558,Humid,22.52,25.65,20.61,90.38,3.08,2.44,11.75,37.43
2010-08-26,Coimbatore,11.0168,76.9558,Humid,23.02,27.1,20.27,86.93,2.96,2.08,11.58,37.42
2010-08-27,Coimbatore,11.0168,76.9558,Humid,22.99,26.8,20.73,89.19,3.06,2.22,15.35,37.4
2010-08-28,Coimbatore,11.0168,76.9558,Humid,23.63,27.34,20.84,89.58,2.82,3.13,14.74,37.38
2010-08-29,Coimbatore,11.0168,76.9558,Humid,23.76,27.02,21.66,89.18,3.23,3.58,16.08,37.36
2010-08-30,Coimbatore,11.0168,76.9558,Humid,22.37,24.93,19.91,89.93,3.83,3.8,9.02,37.34
2010-08-31,Coimbatore,11.0168,76.9558,Humid,22.62,27.48,19.53,85.01,3.06,0.62,19.16,37.32
2010-09-01,Coimbatore,11.0168,76.9558,Humid,22.76,26.08,20.4,88.21,2.5,0.23,21.6,37.3
2010-09-02,Coimbatore,11.0168,76.9558,Humid,23.65,28.44,19.68,85.56,2.18,0.48,17.26,37.28
2010-09-03,Coimbatore,11.0168,76.9558,Humid,23.83,28.42,20.7,85.7,2.42,0.7,12.66,37.25
2010-09-04,Coimbatore,11.0168,76.9558,Humid,23.3,26.93,21.12,87.06,2.61,0.05,12.74,37.22
2010-09-05,Coimbatore,11.0168,76.9558,Humid,23.62,28.39,19.95,84.86,2.49,0.26,16.84,37.2
2010-09-06,Coimbatore,11.0168,76.9558,Humid,23.26,27.18,20.1,87.0,2.53,0.3,15.84,37.17
2010-09-07,Coimbatore,11.0168,76.9558,Humid,23.68,28.19,20.38,85.41,2.98,2.37,14.53,37.13
2010-09-08,Coimbatore,11.0168,76.9558,Humid,23.07,26.39,21.2,88.6,3.06,3.86,14.74,37.1
2010-09-09,Coimbatore,11.0168,76.9558,Humid,23.67,27.48,20.97,87.03,2.64,11.01,15.74,37.06
2010-09-10,Coimbatore,11.0168,76.9558,Humid,23.44,27.23,21.13,89.03,2.7,12.77,14.83,37.03
2010-09-11,Coimbatore,11.0168,76.9558,Humid,23.01,27.32,20.45,84.58,2.16,4.6,17.02,36.99
2010-09-12,Coimbatore,11.0168,76.9558,Humid,24.14,29.79,20.3,84.0,1.64,4.25,15.72,36.96
2010-09-13,Coimbatore,11.0168,76.9558,Humid,23.0,27.11,20.24,86.45,2.25,5.56,17.06,36.91
2010-09-14,Coimbatore,11.0168,76.9558,Humid,22.93,27.44,20.1,85.77,2.51,2.54,14.67,36.87
2010-09-15,Coimbatore,11.0168,76.9558,Humid,22.55,27.45,19.6,87.86,2.78,4.46,12.82,36.83
2010-09-16,Coimbatore,11.0168,76.9558,Humid,23.15,27.36,20.09,85.84,2.96,1.7,15.35,36.78
2010-09-17,Coimbatore,11.0168,76.9558,Humid,23.85,27.82,21.05,85.26,2.87,1.0,15.21,36.73
2010-09-18,Coimbatore,11.0168,76.9558,Humid,23.22,26.88,20.91,86.15,2.74,2.58,17.23,36.68
2010-09-19,Coimbatore,11.0168,76.9558,Humid,23.62,28.74,20.58,84.64,2.4,1.44,20.39,36.63
2010-09-20,Coimbatore,11.0168,76.9558,Humid,23.72,28.31,20.37,83.25,1.8,0.14,21.07,36.58
2010-09-21,Coimbatore,11.0168,76.9558,Humid,23.96,28.1,20.73,81.63,0.84,3.13,17.08,36.52
2010-09-22,Coimbatore,11.0168,76.9558,Humid,23.53,26.64,21.11,87.46,0.53,8.37,18.24,36.47
2010-09-23,Coimbatore,11.0168,76.9558,Humid,23.96,27.25,21.18,86.01,0.84,18.32,18.46,36.41
2010-09-24,Coimbatore,11.0168,76.9558,Humid,23.95,28.38,20.48,86.34,1.41,8.15,16.96,36.34
2010-09-25,Coimbatore,11.0168,76.9558,Humid,23.85,28.43,20.4,84.8,1.26,2.24,17.0,36.28
2010-09-26,Coimbatore,11.0168,76.9558,Humid,24.67,30.08,20.29,82.23,1.01,3.17,14.55,36.21
2010-09-27,Coimbatore,11.0168,76.9558,Humid,24.56,29.34,20.74,84.59,1.29,4.22,18.57,36.15
2010-09-28,Coimbatore,11.0168,76.9558,Humid,24.39,28.93,21.16,84.57,1.78,1.68,17.13,36.08
2010-09-29,Coimbatore,11.0168,76.9558,Humid,23.88,28.38,20.77,83.43,1.66,0.24,19.67,36.02
2010-09-30,Coimbatore,11.0168,76.9558,Humid,24.69,30.35,19.77,78.36,1.1,0.36,19.4,35.95
2010-10-01,Coimbatore,11.0168,76.9558,Humid,25.07,30.1,21.08,80.01,0.75,5.35,19.36,35.88
2010-10-02,Coimbatore,11.0168,76.9558,Humid,24.41,28.15,21.8,87.41,0.92,21.8,14.35,35.81
2010-10-03,Coimbatore,11.0168,76.9558,Humid,24.25,28.0,21.67,86.72,0.71,11.0,17.18,35.73
2010-10-04,Coimbatore,11.0168,76.9558,Humid,24.1,27.82,21.49,87.52,1.03,7.51,15.79,35.66
2010-10-05,Coimbatore,11.0168,76.9558,Humid,23.88,28.45,21.24,89.83,1.85,4.86,15.63,35.58
2010-10-06,Coimbatore,11.0168,76.9558,Humid,23.8,26.92,22.26,90.89,3.33,10.5,12.94,35.5
2010-10-07,Coimbatore,11.0168,76.9558,Humid,23.65,26.3,22.3,93.67,2.68,11.08,13.85,35.42
2010-10-08,Coimbatore,11.0168,76.9558,Humid,23.67,26.26,21.95,92.13,1.66,4.02,14.09,35.34
2010-10-09,Coimbatore,11.0168,76.9558,Humid,23.6,27.67,21.22,87.69,1.96,2.38,11.74,35.26
2010-10-10,Coimbatore,11.0168,76.9558,Humid,23.2,26.48,21.48,89.39,2.11,0.63,19.64,35.18
2010-10-11,Coimbatore,11.0168,76.9558,Humid,23.44,27.49,21.0,87.35,2.27,0.06,20.72,35.1
2010-10-12,Coimbatore,11.0168,76.9558,Humid,23.47,27.77,20.18,87.55,2.05,0.12,16.59,35.01
2010-10-13,Coimbatore,11.0168,76.9558,Humid,23.39,26.6,21.31,90.54,2.2,4.14,15.92,34.93
2010-10-14,Coimbatore,11.0168,76.9558,Humid,23.57,27.23,20.95,88.89,2.28,6.49,17.15,34.84
2010-10-15,Coimbatore,11.0168,76.9558,Humid,23.34,26.96,20.98,89.05,2.79,6.01,13.86,34.75
2010-10-16,Coimbatore,11.0168,76.9558,Humid,22.81,27.67,19.01,86.7,2.68,2.66,22.08,34.66
2010-10-17,Coimbatore,11.0168,76.9558,Humid,22.8,27.61,18.91,86.86,2.28,2.0,19.39,34.57
2010-10-18,Coimbatore,11.0168,76.9558,Humid,23.34,27.86,20.25,87.9,2.44,5.16,18.36,34.48
2010-10-19,Coimbatore,11.0168,76.9558,Humid,23.7,28.33,20.85,89.36,2.08,12.71,16.23,34.39
2010-10-20,Coimbatore,11.0168,76.9558,Humid,22.55,24.98,21.1,92.83,1.52,3.9,14.4,34.3
2010-10-21,Coimbatore,11.0168,76.9558,Humid,23.6,27.86,20.64,89.39,2.0,7.37,15.32,34.2
2010-10-22,Coimbatore,11.0168,76.9558,Humid,23.23,26.67,21.18,90.21,2.58,16.65,10.86,34.11
2010-10-23,Coimbatore,11.0168,76.9558,Humid,23.0,27.25,20.37,89.97,2.26,5.62,16.06,34.01
2010-10-24,Coimbatore,11.0168,76.9558,Humid,23.41,28.32,19.83,88.3,1.99,0.13,21.21,33.92
2010-10-25,Coimbatore,11.0168,76.9558,Humid,23.9,28.85,19.82,86.04,1.67,0.0,20.97,33.82
2010-10-26,Coimbatore,11.0168,76.9558,Humid,24.18,28.66,20.45,87.9,1.23,4.93,15.4,33.72
2010-10-27,Coimbatore,11.0168,76.9558,Humid,22.88,25.04,20.75,94.64,1.32,15.27,10.09,33.62
2010-10-28,Coimbatore,11.0168,76.9558,Humid,22.74,26.85,19.49,85.05,0.68,12.64,16.89,33.52
2010-10-29,Coimbatore,11.0168,76.9558,Humid,22.9,26.48,20.5,87.41,0.73,9.92,16.4,33.43
2010-10-30,Coimbatore,11.0168,76.9558,Humid,23.45,26.78,20.38,86.23,0.7,21.77,14.28,33.33
2010-10-31,Coimbatore,11.0168,76.9558,Humid,22.71,25.22,20.89,91.7,0.99,11.66,13.49,33.24
2010-11-01,Coimbatore,11.0168,76.9558,Humid,22.64,26.64,19.55,90.21,1.48,9.04,11.49,33.14
2010-11-02,Coimbatore,11.0168,76.9558,Humid,23.18,27.41,19.94,89.54,1.44,1.72,14.95,33.05
2010-11-03,Coimbatore,11.0168,76.9558,Humid,23.59,27.22,20.6,87.7,0.73,8.21,16.52,32.95
2010-11-04,Coimbatore,11.0168,76.9558,Humid,23.73,27.07,21.38,88.1,0.76,10.36,14.49,32.85
2010-11-05,Coimbatore,11.0168,76.9558,Humid,22.96,26.14,21.11,91.97,1.27,28.8,13.49,32.76
2010-11-06,Coimbatore,11.0168,76.9558,Humid,22.01,25.74,19.84,87.76,1.07,6.96,13.0,32.67
2010-11-07,Coimbatore,11.0168,76.9558,Humid,22.27,26.09,19.59,91.39,1.54,5.16,8.2,32.57
2010-11-08,Coimbatore,11.0168,76.9558,Humid,22.83,27.03,20.43,89.51,1.97,0.41,19.01,32.48
2010-11-09,Coimbatore,11.0168,76.9558,Humid,23.18,27.49,19.78,88.72,0.8,18.96,13.84,32.39
2010-11-10,Coimbatore,11.0168,76.9558,Humid,23.6,27.78,20.58,89.01,0.6,14.04,15.18,32.29
2010-11-11,Coimbatore,11.0168,76.9558,Humid,22.27,24.33,19.93,95.42,1.16,13.21,12.05,32.2
2010-11-12,Coimbatore,11.0168,76.9558,Humid,23.16,28.26,18.33,86.51,0.6,2.17,18.06,32.11
2010-11-13,Coimbatore,11.0168,76.9558,Humid,24.01,27.94,21.16,87.12,0.78,2.59,15.21,32.02
2010-11-14,Coimbatore,11.0168,76.9558,Humid,23.25,27.22,20.15,89.36,1.51,4.9,16.38,31.93
2010-11-15,Coimbatore,11.0168,76.9558,Humid,23.25,27.23,19.2,85.57,1.05,9.45,14.88,31.84
2010-11-16,Coimbatore,11.0168,76.9558,Humid,23.48,26.93,20.81,88.36,0.7,20.59,13.66,31.76
2010-11-17,Coimbatore,11.0168,76.9558,Humid,22.53,24.35,21.01,94.21,0.92,18.58,10.38,31.68
2010-11-18,Coimbatore,11.0168,76.9558,Humid,22.86,26.31,20.23,90.4,1.9,8.41,13.36,31.59
2010-11-19,Coimbatore,11.0168,76.9558,Humid,22.26,25.86,19.78,90.16,1.54,5.93,13.09,31.51
2010-11-20,Coimbatore,11.0168,76.9558,Humid,22.71,26.97,19.09,88.88,0.97,9.78,17.23,31.43
2010-11-21,Coimbatore,11.0168,76.9558,Humid,22.42,25.13,20.46,82.37,0.83,12.26,12.62,31.35
2010-11-22,Coimbatore,11.0168,76.9558,Humid,22.82,26.81,19.93,86.04,1.04,21.7,12.96,31.28
2010-11-23,Coimbatore,11.0168,76.9558,Humid,21.85,24.39,19.19,89.36,0.99,3.96,14.05,31.2
2010-11-24,Coimbatore,11.0168,76.9558,Humid,22.14,25.79,19.7,91.1,1.44,3.29,11.49,31.13
2010-11-25,Coimbatore,11.0168,76.9558,Humid,21.6,24.32,19.82,91.85,1.47,1.07,11.13,31.05
2010-11-26,Coimbatore,11.0168,76.9558,Humid,21.31,24.4,18.87,90.88,1.29,3.49,11.0,30.98
2010-11-27,Coimbatore,11.0168,76.9558,Humid,20.84,23.22,18.65,90.72,1.26,2.14,12.13,30.92
2010-11-28,Coimbatore,11.0168,76.9558,Humid,21.41,24.85,18.84,91.98,2.08,7.66,8.15,30.85
2010-11-29,Coimbatore,11.0168,76.9558,Humid,21.64,25.18,19.55,90.92,2.2,0.6,18.91,30.78
2010-11-30,Coimbatore,11.0168,76.9558,Humid,21.9,25.57,18.13,89.88,2.17,0.37,16.99,30.72
2010-12-01,Coimbatore,11.0168,76.9558,Humid,22.01,24.26,20.04,93.18,1.95,5.0,8.97,30.66
2010-12-02,Coimbatore,11.0168,76.9558,Humid,22.76,26.25,20.21,91.46,1.81,9.97,10.93,30.61
2010-12-03,Coimbatore,11.0168,76.9558,Humid,22.04,25.6,19.72,90.04,1.46,1.85,14.57,30.56
2010-12-04,Coimbatore,11.0168,76.9558,Humid,21.08,24.06,18.49,89.08,1.19,0.03,12.64,30.51
2010-12-05,Coimbatore,11.0168,76.9558,Humid,20.99,24.36,18.25,83.95,0.81,0.07,17.32,30.46
2010-12-06,Coimbatore,11.0168,76.9558,Humid,20.97,25.11,17.06,77.97,0.85,0.0,16.9,30.41
2010-12-07,Coimbatore,11.0168,76.9558,Humid,22.27,27.57,18.21,83.74,0.74,0.38,16.03,30.37
2010-12-08,Coimbatore,11.0168,76.9558,Humid,21.56,25.94,18.11,89.66,1.21,1.34,16.5,30.33
2010-12-09,Coimbatore,11.0168,76.9558,Humid,22.26,27.16,18.92,88.42,1.28,0.22,16.07,30.29
2010-12-10,Coimbatore,11.0168,76.9558,Humid,21.84,26.46,18.73,89.59,1.69,0.01,16.47,30.26
2010-12-11,Coimbatore,11.0168,76.9558,Humid,21.9,26.64,18.31,89.68,1.38,0.13,16.36,30.23
2010-12-12,Coimbatore,11.0168,76.9558,Humid,20.92,25.55,17.71,90.11,1.45,1.19,16.84,30.21
2010-12-13,Coimbatore,11.0168,76.9558,Humid,20.76,26.45,16.47,86.06,0.8,0.91,18.51,30.19
2010-12-14,Coimbatore,11.0168,76.9558,Humid,21.54,26.33,17.32,87.29,0.84,0.32,16.15,30.17
2010-12-15,Coimbatore,11.0168,76.9558,Humid,21.91,25.25,19.36,90.22,0.97,1.46,11.93,30.15
2010-12-16,Coimbatore,11.0168,76.9558,Humid,22.6,26.68,19.53,87.74,0.7,3.19,8.51,30.13
2010-12-17,Coimbatore,11.0168,76.9558,Humid,22.2,25.58,19.77,89.24,0.97,3.76,13.93,30.12
2010-12-18,Coimbatore,11.0168,76.9558,Humid,22.19,25.86,19.92,89.45,1.49,1.11,14.87,30.11
2010-12-19,Coimbatore,11.0168,76.9558,Humid,20.21,24.03,17.08,84.43,2.4,0.31,19.11,30.11
2010-12-20,Coimbatore,11.0168,76.9558,Humid,21.82,26.11,18.27,89.84,2.52,1.44,10.65,30.1
2010-12-21,Coimbatore,11.0168,76.9558,Humid,21.54,26.26,18.63,87.68,2.2,0.18,17.62,30.1
2010-12-22,Coimbatore,11.0168,76.9558,Humid,19.76,25.61,14.6,80.63,1.52,0.0,21.06,30.11
2010-12-23,Coimbatore,11.0168,76.9558,Humid,18.29,25.22,12.95,82.98,1.34,0.0,21.26,30.11
2010-12-24,Coimbatore,11.0168,76.9558,Humid,18.8,24.53,13.56,83.6,1.29,0.0,18.48,30.12
2010-12-25,Coimbatore,11.0168,76.9558,Humid,20.01,25.86,15.1,83.34,1.37,0.0,20.71,30.13
2010-12-26,Coimbatore,11.0168,76.9558,Humid,19.92,25.37,16.32,84.01,1.35,0.0,19.22,30.14
2010-12-27,Coimbatore,11.0168,76.9558,Humid,19.54,25.02,15.43,84.95,1.43,0.0,18.1,30.16
2010-12-28,Coimbatore,11.0168,76.9558,Humid,19.63,24.98,14.57,83.85,1.46,0.14,17.66,30.19
2010-12-29,Coimbatore,11.0168,76.9558,Humid,19.9,22.31,17.59,91.29,1.55,0.25,14.13,30.21
2010-12-30,Coimbatore,11.0168,76.9558,Humid,21.34,25.82,18.11,88.12,1.88,0.07,18.25,30.24
2010-12-31,Coimbatore,11.0168,76.9558,Humid,21.15,25.96,17.29,84.41,1.27,0.5,16.34,30.27
2011-01-01,Coimbatore,11.0168,76.9558,Humid,22.09,26.89,17.04,82.58,0.78,0.18,16.89,30.31
2011-01-02,Coimbatore,11.0168,76.9558,Humid,22.48,27.13,18.18,83.55,0.9,0.0,16.73,30.34
2011-01-03,Coimbatore,11.0168,76.9558,Humid,22.07,26.69,18.86,86.31,1.64,0.0,13.88,30.39
2011-01-04,Coimbatore,11.0168,76.9558,Humid,21.19,26.38,17.11,87.28,1.91,0.26,19.03,30.43
2011-01-05,Coimbatore,11.0168,76.9558,Humid,21.63,26.42,18.41,86.3,2.13,0.07,12.5,30.48
2011-01-06,Coimbatore,11.0168,76.9558,Humid,21.32,26.31,18.16,84.95,1.74,0.01,16.81,30.53
2011-01-07,Coimbatore,11.0168,76.9558,Humid,21.85,27.93,16.4,81.22,1.44,0.0,18.9,30.58
2011-01-08,Coimbatore,11.0168,76.9558,Humid,23.6,29.12,18.42,78.3,0.9,0.0,18.94,30.63
2011-01-09,Coimbatore,11.0168,76.9558,Humid,23.82,29.23,19.71,78.85,0.93,0.73,18.96,30.69
2011-01-10,Coimbatore,11.0168,76.9558,Humid,23.36,29.01,18.43,70.92,0.9,0.32,20.64,30.75
2011-01-11,Coimbatore,11.0168,76.9558,Humid,21.44,27.15,16.71,71.37,0.88,0.0,21.56,30.82
2011-01-12,Coimbatore,11.0168,76.9558,Humid,19.25,26.03,14.44,70.94,1.34,0.0,22.27,30.88
2011-01-13,Coimbatore,11.0168,76.9558,Humid,19.33,27.83,13.29,73.69,1.48,0.0,21.43,30.95
2011-01-14,Coimbatore,11.0168,76.9558,Humid,19.68,26.89,14.53,77.11,1.67,0.0,22.13,31.02
2011-01-15,Coimbatore,11.0168,76.9558,Humid,20.51,27.33,14.57,80.7,1.98,0.0,21.91,31.09
2011-01-16,Coimbatore,11.0168,76.9558,Humid,21.97,27.8,17.48,83.41,1.86,0.0,20.01,31.17
2011-01-17,Coimbatore,11.0168,76.9558,Humid,22.48,28.92,17.58,80.01,1.27,0.0,20.9,31.24
2011-01-18,Coimbatore,11.0168,76.9558,Humid,21.88,28.77,16.58,77.98,1.6,0.0,21.08,31.32
2011-01-19,Coimbatore,11.0168,76.9558,Humid,20.25,28.8,14.25,71.01,1.59,0.0,22.9,31.4
2011-01-20,Coimbatore,11.0168,76.9558,Humid,20.12,28.55,13.79,71.98,1.7,0.0,22.92,31.48
2011-01-21,Coimbatore,11.0168,76.9558,Humid,20.46,29.22,14.14,74.31,1.93,0.0,22.47,31.57
2011-01-22,Coimbatore,11.0168,76.9558,Humid,20.8,28.4,15.84,76.57,2.13,0.0,22.15,31.65
2011-01-23,Coimbatore,11.0168,76.9558,Humid,20.62,27.69,15.32,76.97,2.47,0.0,22.26,31.74
2011-01-24,Coimbatore,11.0168,76.9558,Humid,20.49,27.71,14.87,76.83,2.55,0.0,22.58,31.83
2011-01-25,Coimbatore,11.0168,76.9558,Humid,20.58,28.07,14.6,76.56,2.41,0.0,22.95,31.92
2011-01-26,Coimbatore,11.0168,76.9558,Humid,21.62,28.84,14.76,77.05,2.73,0.0,23.09,32.02
2011-01-27,Coimbatore,11.0168,76.9558,Humid,22.0,29.14,17.07,72.82,2.65,0.0,21.99,32.11
2011-01-28,Coimbatore,11.0168,76.9558,Humid,21.7,29.49,15.42,75.82,2.11,0.0,23.23,32.2
2011-01-29,Coimbatore,11.0168,76.9558,Humid,22.48,30.03,17.04,73.68,2.13,0.0,23.2,32.3
2011-01-30,Coimbatore,11.0168,76.9558,Humid,22.54,30.05,17.28,73.58,2.33,0.0,23.22,32.4
2011-01-31,Coimbatore,11.0168,76.9558,Humid,22.5,30.49,16.7,70.35,2.33,0.0,23.28,32.5
2011-02-01,Coimbatore,11.0168,76.9558,Humid,22.47,31.33,15.13,61.68,1.81,0.0,23.97,32.6
2011-02-02,Coimbatore,11.0168,76.9558,Humid,20.81,28.66,13.95,65.67,2.1,0.0,23.58,32.7
2011-02-03,Coimbatore,11.0168,76.9558,Humid,21.74,28.76,15.15,68.45,1.95,0.0,22.72,32.8
2011-02-04,Coimbatore,11.0168,76.9558,Humid,22.73,31.56,17.32,66.1,1.3,0.0,22.87,32.91
2011-02-05,Coimbatore,11.0168,76.9558,Humid,21.61,31.33,14.37,61.52,1.86,0.0,23.56,33.01
2011-02-06,Coimbatore,11.0168,76.9558,Humid,21.57,30.7,13.11,67.39,1.75,0.0,24.32,33.11
2011-02-07,Coimbatore,11.0168,76.9558,Humid,23.21,31.9,16.19,68.72,1.52,0.0,22.41,33.22
2011-02-08,Coimbatore,11.0168,76.9558,Humid,23.88,32.88,16.65,61.95,1.07,0.0,22.91,33.32
2011-02-09,Coimbatore,11.0168,76.9558,Humid,22.96,32.16,15.91,59.22,1.25,0.87,23.15,33.42
2011-02-10,Coimbatore,11.0168,76.9558,Humid,22.03,32.19,15.49,57.87,1.77,6.75,24.25,33.53
2011-02-11,Coimbatore,11.0168,76.9558,Humid,21.08,30.97,12.75,61.49,2.08,0.0,25.25,33.63
2011-02-12,Coimbatore,11.0168,76.9558,Humid,21.71,31.09,15.1,62.76,1.91,0.0,24.3,33.74
2011-02-13,Coimbatore,11.0168,76.9558,Humid,21.33,31.19,13.82,60.88,1.94,0.0,24.79,33.84
2011-02-14,Coimbatore,11.0168,76.9558,Humid,22.45,31.49,14.35,60.17,1.14,0.0,24.71,33.94
2011-02-15,Coimbatore,11.0168,76.9558,Humid,23.51,32.12,16.63,68.43,1.37,0.0,23.32,34.04
2011-02-16,Coimbatore,11.0168,76.9558,Humid,24.7,33.05,18.99,69.65,0.76,0.0,21.5,34.15
2011-02-17,Coimbatore,11.0168,76.9558,Humid,24.98,33.41,18.31,68.96,0.92,0.0,22.67,34.25
2011-02-18,Coimbatore,11.0168,76.9558,Humid,25.28,33.88,18.75,67.97,1.08,0.0,22.1,34.35
2011-02-19,Coimbatore,11.0168,76.9558,Humid,25.53,34.23,18.65,65.11,0.8,0.0,21.71,34.46
2011-02-20,Coimbatore,11.0168,76.9558,Humid,25.86,34.09,19.53,65.29,1.03,0.0,19.1,34.56
2011-02-21,Coimbatore,11.0168,76.9558,Humid,26.01,33.29,19.94,68.64,0.71,0.04,17.87,34.66
2011-02-22,Coimbatore,11.0168,76.9558,Humid,25.81,32.64,20.54,70.56,1.38,2.5,16.31,34.76
2011-02-23,Coimbatore,11.0168,76.9558,Humid,24.0,28.45,20.25,77.18,0.92,2.47,16.03,34.86
2011-02-24,Coimbatore,11.0168,76.9558,Humid,23.58,28.22,20.88,81.27,0.92,5.88,15.73,34.96
2011-02-25,Coimbatore,11.0168,76.9558,Humid,24.28,30.26,20.49,76.99,0.95,1.92,18.37,35.06
2011-02-26,Coimbatore,11.0168,76.9558,Humid,25.01,31.82,19.62,74.11,0.81,16.24,17.09,35.15
2011-02-27,Coimbatore,11.0168,76.9558,Humid,23.74,29.47,20.42,70.56,1.65,5.1,18.46,35.25
2011-02-28,Coimbatore,11.0168,76.9558,Humid,24.33,32.8,18.28,62.57,2.09,0.0,24.56,35.34
2011-03-01,Coimbatore,11.0168,76.9558,Humid,23.28,32.14,16.27,64.56,2.26,0.0,25.33,35.43
2011-03-02,Coimbatore,11.0168,76.9558,Humid,23.44,32.58,16.64,59.46,2.12,0.0,25.44,35.52
2011-03-03,Coimbatore,11.0168,76.9558,Humid,23.13,32.79,15.12,57.18,1.96,0.0,26.48,35.61
2011-03-04,Coimbatore,11.0168,76.9558,Humid,24.41,33.74,15.92,56.64,1.53,0.0,26.51,35.7
2011-03-05,Coimbatore,11.0168,76.9558,Humid,25.57,33.93,18.62,61.79,1.48,0.0,25.13,35.79
2011-03-06,Coimbatore,11.0168,76.9558,Humid,25.27,34.6,18.66,55.95,1.71,0.0,26.45,35.87
2011-03-07,Coimbatore,11.0168,76.9558,Humid,24.81,34.31,16.97,49.74,2.0,0.0,26.48,35.96
2011-03-08,Coimbatore,11.0168,76.9558,Humid,25.56,35.38,17.35,50.49,1.68,0.0,26.17,36.04
2011-03-09,Coimbatore,11.0168,76.9558,Humid,26.4,35.57,19.41,49.79,1.23,0.0,23.68,36.12
2011-03-10,Coimbatore,11.0168,76.9558,Humid,26.42,35.63,19.57,47.39,1.05,0.0,24.9,36.2
2011-03-11,Coimbatore,11.0168,76.9558,Humid,26.11,35.34,18.15,48.42,1.13,0.0,25.35,36.28
2011-03-12,Coimbatore,11.0168,76.9558,Humid,25.72,34.99,17.2,50.11,1.86,0.0,26.38,36.37
2011-03-13,Coimbatore,11.0168,76.9558,Humid,26.67,35.34,19.48,56.23,1.66,1.54,25.7,36.45
2011-03-14,Coimbatore,11.0168,76.9558,Humid,26.75,36.06,19.73,54.72,1.87,0.66,26.01,36.53
2011-03-15,Coimbatore,11.0168,76.9558,Humid,26.28,35.25,19.25,52.42,1.96,0.0,26.66,36.6
2011-03-16,Coimbatore,11.0168,76.9558,Humid,26.13,35.44,18.14,48.74,2.06,0.0,25.56,36.67
2011-03-17,Coimbatore,11.0168,76.9558,Humid,25.68,34.52,18.65,48.28,2.48,0.0,26.14,36.74
2011-03-18,Coimbatore,11.0168,76.9558,Humid,24.78,34.12,16.99,51.22,2.02,0.0,27.36,36.8
2011-03-19,Coimbatore,11.0168,76.9558,Humid,27.2,36.49,19.32,50.78,1.23,0.0,27.13,36.86
2011-03-20,Coimbatore,11.0168,76.9558,Humid,27.57,36.32,20.04,59.39,1.38,0.66,26.32,36.93
2011-03-21,Coimbatore,11.0168,76.9558,Humid,27.9,36.85,20.94,60.61,2.1,0.07,23.52,36.98
2011-03-22,Coimbatore,11.0168,76.9558,Humid,28.75,37.51,21.51,58.1,1.34,0.0,22.99,37.04
2011-03-23,Coimbatore,11.0168,76.9558,Humid,29.1,37.42,22.92,55.04,1.22,1.56,23.89,37.1
2011-03-24,Coimbatore,11.0168,76.9558,Humid,28.53,37.31,21.81,59.09,1.36,0.8,21.6,37.16
2011-03-25,Coimbatore,11.0168,76.9558,Humid,27.94,35.96,21.76,61.2,1.23,3.22,23.0,37.21
2011-03-26,Coimbatore,11.0168,76.9558,Humid,28.28,36.02,22.75,60.35,1.1,0.33,18.03,37.26
2011-03-27,Coimbatore,11.0168,76.9558,Humid,28.63,35.91,22.52,57.18,1.27,0.0,19.29,37.31
2011-03-28,Coimbatore,11.0168,76.9558,Humid,28.41,34.77,23.48,56.06,1.47,0.0,19.03,37.36
2011-03-29,Coimbatore,11.0168,76.9558,Humid,28.72,36.29,22.31,60.09,1.47,1.81,21.54,37.41
2011-03-30,Coimbatore,11.0168,76.9558,Humid,28.94,37.79,21.62,53.41,1.35,0.37,24.07,37.46
2011-03-31,Coimbatore,11.0168,76.9558,Humid,28.93,37.62,22.17,55.06,1.23,0.0,23.21,37.5
2011-04-01,Coimbatore,11.0168,76.9558,Humid,28.72,36.89,22.42,59.92,2.29,0.0,20.44,37.54
2011-04-02,Coimbatore,11.0168,76.9558,Humid,28.15,35.73,23.14,64.19,2.25,0.36,17.42,37.58
2011-04-03,Coimbatore,11.0168,76.9558,Humid,27.69,35.12,22.62,62.18,2.14,0.24,16.95,37.62
2011-04-04,Coimbatore,11.0168,76.9558,Humid,27.57,34.56,23.06,55.44,1.8,0.03,22.85,37.65
2011-04-05,Coimbatore,11.0168,76.9558,Humid,27.69,34.85,21.67,55.44,1.59,0.0,21.34,37.68
2011-04-06,Coimbatore,11.0168,76.9558,Humid,28.72,36.24,22.04,47.74,1.42,0.0,17.45,37.72
2011-04-07,Coimbatore,11.0168,76.9558,Humid,28.75,36.92,20.98,42.26,1.84,0.0,25.18,37.74
2011-04-08,Coimbatore,11.0168,76.9558,Humid,28.87,36.8,21.99,45.82,1.26,1.1,24.26,37.77
2011-04-09,Coimbatore,11.0168,76.9558,Humid,29.4,37.84,22.5,51.94,1.1,0.32,24.06,37.8
2011-04-10,Coimbatore,11.0168,76.9558,Humid,29.66,37.73,22.82,51.17,1.2,0.22,24.62,37.82
2011-04-11,Coimbatore,11.0168,76.9558,Humid,29.48,37.14,23.26,55.4,1.44,3.38,23.96,37.84
2011-04-12,Coimbatore,11.0168,76.9558,Humid,28.49,35.79,22.97,61.46,1.5,1.99,23.17,37.85
2011-04-13,Coimbatore,11.0168,76.9558,Humid,28.61,36.56,22.52,62.5,1.53,2.19,22.68,37.87
2011-04-14,Coimbatore,11.0168,76.9558,Humid,26.89,32.45,22.82,69.42,1.84,0.77,17.58,37.88
2011-04-15,Coimbatore,11.0168,76.9558,Humid,26.54,31.55,22.85,71.58,1.12,4.57,21.01,37.9
2011-04-16,Coimbatore,11.0168,76.9558,Humid,27.75,35.32,22.74,58.9,0.89,0.09,25.06,37.91
2011-04-17,Coimbatore,11.0168,76.9558,Humid,28.45,36.01,21.69,53.85,1.25,0.26,21.93,37.92
2011-04-18,Coimbatore,11.0168,76.9558,Humid,27.68,34.37,23.08,63.95,0.87,2.98,22.45,37.93
2011-04-19,Coimbatore,11.0168,76.9558,Humid,25.39,29.34,22.75,77.47,1.38,3.92,21.92,37.94
2011-04-20,Coimbatore,11.0168,76.9558,Humid,25.76,30.55,21.6,72.44,0.87,0.93,22.1,37.95
2011-04-21,Coimbatore,11.0168,76.9558,Humid,26.13,32.71,21.2,70.23,1.03,23.27,18.64,37.96
2011-04-22,Coimbatore,11.0168,76.9558,Humid,23.35,25.88,21.79,88.62,1.34,11.94,18.71,37.96
2011-04-23,Coimbatore,11.0168,76.9558,Humid,23.2,25.97,21.31,88.59,1.01,28.25,13.43,37.96
2011-04-24,Coimbatore,11.0168,76.9558,Humid,25.54,31.55,21.7,77.13,0.57,7.08,19.41,37.97
2011-04-25,Coimbatore,11.0168,76.9558,Humid,25.6,30.26,21.78,80.31,1.01,10.09,20.06,37.97
2011-04-26,Coimbatore,11.0168,76.9558,Humid,26.07,30.6,22.39,77.82,0.77,3.44,21.43,37.97
2011-04-27,Coimbatore,11.0168,76.9558,Humid,26.62,32.19,22.74,75.73,0.91,0.18,24.77,37.97
2011-04-28,Coimbatore,11.0168,76.9558,Humid,26.23,31.39,22.76,79.6,1.79,1.32,22.36,37.97
2011-04-29,Coimbatore,11.0168,76.9558,Humid,25.63,29.76,23.22,81.25,2.03,0.33,22.45,37.97
2011-04-30,Coimbatore,11.0168,76.9558,Humid,26.4,31.99,22.34,77.58,1.99,0.6,17.93,37.96
2011-05-01,Coimbatore,11.0168,76.9558,Humid,26.41,31.63,22.84,78.94,1.63,3.33,21.97,37.95
2011-05-02,Coimbatore,11.0168,76.9558,Humid,26.92,32.83,22.5,76.9,1.72,0.51,20.47,37.94
2011-05-03,Coimbatore,11.0168,76.9558,Humid,26.32,31.19,23.22,81.1,2.24,9.77,20.85,37.93
2011-05-04,Coimbatore,11.0168,76.9558,Humid,25.42,30.03,22.79,80.24,2.45,0.65,17.77,37.92
2011-05-05,Coimbatore,11.0168,76.9558,Humid,26.7,32.5,22.87,77.33,1.35,0.12,23.27,37.91
2011-05-06,Coimbatore,11.0168,76.9558,Humid,27.09,33.6,22.93,75.2,2.13,0.03,25.26,37.9
2011-05-07,Coimbatore,11.0168,76.9558,Humid,26.11,32.26,22.07,73.67,3.08,0.0,26.65,37.89
2011-05-08,Coimbatore,11.0168,76.9558,Humid,26.09,34.16,20.46,67.83,2.91,0.0,27.89,37.87
2011-05-09,Coimbatore,11.0168,76.9558,Humid,26.29,33.99,20.88,70.93,2.86,0.37,26.12,37.86
2011-05-10,Coimbatore,11.0168,76.9558,Humid,26.58,33.84,21.92,71.76,2.7,0.18,25.2,37.85
2011-05-11,Coimbatore,11.0168,76.9558,Humid,26.75,34.5,21.13,70.02,2.46,0.03,24.42,37.83
2011-05-12,Coimbatore,11.0168,76.9558,Humid,26.96,34.37,21.51,68.98,2.29,0.01,23.51,37.82
2011-05-13,Coimbatore,11.0168,76.9558,Humid,27.22,34.91,21.58,69.93,2.27,1.57,20.95,37.8
2011-05-14,Coimbatore,11.0168,76.9558,Humid,26.17,30.46,23.0,79.11,1.96,2.75,23.19,37.78
2011-05-15,Coimbatore,11.0168,76.9558,Humid,26.81,33.0,22.66,74.23,2.04,0.19,23.63,37.77
2011-05-16,Coimbatore,11.0168,76.9558,Humid,28.3,36.21,21.94,67.55,1.26,0.0,24.84,37.75
2011-05-17,Coimbatore,11.0168,76.9558,Humid,27.16,32.59,23.21,74.63,1.9,1.57,19.94,37.73
2011-05-18,Coimbatore,11.0168,76.9558,Humid,27.13,32.92,23.01,74.84,1.86,0.29,18.71,37.71
2011-05-19,Coimbatore,11.0168,76.9558,Humid,27.27,33.59,22.97,72.63,2.1,0.1,20.26,37.7
2011-05-20,Coimbatore,11.0168,76.9558,Humid,26.71,31.83,23.22,75.41,2.17,1.58,18.67,37.68
2011-05-21,Coimbatore,11.0168,76.9558,Humid,25.21,29.59,22.55,78.28,2.07,0.36,20.2,37.66
2011-05-22,Coimbatore,11.0168,76.9558,Humid,27.15,34.76,21.68,67.58,2.39,0.06,21.98,37.64
2011-05-23,Coimbatore,11.0168,76.9558,Humid,27.02,32.97,22.69,70.98,2.3,0.81,21.04,37.63
2011-05-24,Coimbatore,11.0168,76.9558,Humid,26.61,31.05,23.64,79.03,1.81,2.18,18.02,37.61
2011-05-25,Coimbatore,11.0168,76.9558,Humid,26.49,30.74,23.67,79.49,1.54,0.77,13.93,37.59
2011-05-26,Coimbatore,11.0168,76.9558,Humid,26.16,31.88,22.32,76.31,2.22,0.58,20.93,37.57
2011-05-27,Coimbatore,11.0168,76.9558,Humid,26.0,31.79,22.2,75.91,2.33,17.06,20.84,37.55
2011-05-28,Coimbatore,11.0168,76.9558,Humid,25.04,29.64,22.25,81.04,2.39,12.7,16.53,37.53
2011-05-29,Coimbatore,11.0168,76.9558,Humid,25.25,30.36,21.71,80.29,2.18,4.56,17.66,37.51
2011-05-30,Coimbatore,11.0168,76.9558,Humid,25.94,31.26,22.5,82.2,2.63,10.15,18.88,37.5
2011-05-31,Coimbatore,11.0168,76.9558,Humid,24.37,26.64,22.57,88.72,3.07,12.79,20.01,37.48
2011-06-01,Coimbatore,11.0168,76.9558,Humid,24.34,27.16,22.85,88.25,3.16,29.75,14.56,37.46
2011-06-02,Coimbatore,11.0168,76.9558,Humid,24.01,26.38,22.25,90.86,3.7,23.23,10.81,37.45
2011-06-03,Coimbatore,11.0168,76.9558,Humid,23.85,26.99,21.81,87.82,3.03,12.54,10.6,37.43
2011-06-04,Coimbatore,11.0168,76.9558,Humid,24.28,28.28,21.84,85.95,3.23,8.82,10.99,37.41
2011-06-05,Coimbatore,11.0168,76.9558,Humid,24.02,28.14,20.61,86.64,3.44,8.06,13.3,37.4
2011-06-06,Coimbatore,11.0168,76.9558,Humid,24.28,27.61,21.92,85.49,3.36,8.16,14.39,37.39
2011-06-07,Coimbatore,11.0168,76.9558,Humid,24.31,28.93,21.51,81.63,2.9,1.82,17.95,37.38
2011-06-08,Coimbatore,11.0168,76.9558,Humid,24.68,29.16,22.1,84.59,2.88,1.49,16.23,37.36
2011-06-09,Coimbatore,11.0168,76.9558,Humid,24.31,27.52,21.82,87.43,2.97,6.31,17.88,37.35
2011-06-10,Coimbatore,11.0168,76.9558,Humid,24.92,28.52,22.54,84.62,3.66,1.62,16.36,37.33
2011-06-11,Coimbatore,11.0168,76.9558,Humid,25.28,29.63,22.13,82.19,3.41,0.0,16.43,37.32
2011-06-12,Coimbatore,11.0168,76.9558,Humid,24.69,27.72,22.69,85.42,3.4,0.0,15.98,37.31
2011-06-13,Coimbatore,11.0168,76.9558,Humid,24.16,26.9,22.08,86.1,3.84,4.64,11.59,37.3
2011-06-14,Coimbatore,11.0168,76.9558,Humid,22.75,25.23,20.51,89.01,3.46,11.58,12.9,37.29
2011-06-15,Coimbatore,11.0168,76.9558,Humid,23.15,26.85,21.06,85.2,3.01,4.24,13.48,37.28
2011-06-16,Coimbatore,11.0168,76.9558,Humid,22.96,27.42,19.63,82.26,3.94,6.02,12.74,37.27
2011-06-17,Coimbatore,11.0168,76.9558,Humid,22.19,27.09,18.37,79.65,4.01,13.33,10.86,37.26
2011-06-18,Coimbatore,11.0168,76.9558,Humid,23.59,28.48,18.56,80.28,4.06,4.76,9.99,37.26
2011-06-19,Coimbatore,11.0168,76.9558,Humid,24.64,28.94,21.53,83.17,4.11,3.69,17.74,37.25
2011-06-20,Coimbatore,11.0168,76.9558,Humid,24.42,29.68,20.94,83.98,3.39,2.21,18.64,37.24
2011-06-21,Coimbatore,11.0168,76.9558,Humid,24.43,29.54,21.01,82.96,3.32,1.03,20.59,37.23
2011-06-22,Coimbatore,11.0168,76.9558,Humid,24.35,29.06,20.9,83.09,3.44,0.91,16.06,37.23
2011-06-23,Coimbatore,11.0168,76.9558,Humid,24.82,30.23,21.12,83.58,3.14,2.47,16.17,37.23
2011-06-24,Coimbatore,11.0168,76.9558,Humid,24.53,29.43,21.51,85.97,3.28,5.2,13.55,37.23
2011-06-25,Coimbatore,11.0168,76.9558,Humid,24.58,28.08,22.41,86.89,3.45,13.08,12.13,37.23
2011-06-26,Coimbatore,11.0168,76.9558,Humid,24.04,26.83,22.05,87.95,3.59,5.47,14.29,37.22
2011-06-27,Coimbatore,11.0168,76.9558,Humid,23.78,27.46,21.17,82.82,4.16,2.24,12.53,37.22
2011-06-28,Coimbatore,11.0168,76.9558,Humid,23.38,27.59,20.72,82.34,3.72,0.66,13.94,37.22
2011-06-29,Coimbatore,11.0168,76.9558,Humid,23.92,28.17,21.19,84.72,2.91,0.17,19.93,37.22
2011-06-30,Coimbatore,11.0168,76.9558,Humid,25.0,30.6,20.91,81.74,2.43,0.9,19.36,37.22
2011-07-01,Coimbatore,11.0168,76.9558,Humid,24.33,28.28,21.69,85.11,2.46,4.47,15.13,37.22
2011-07-02,Coimbatore,11.0168,76.9558,Humid,23.75,28.93,20.48,81.77,2.77,0.25,17.44,37.22
2011-07-03,Coimbatore,11.0168,76.9558,Humid,23.88,28.95,20.37,79.36,2.71,0.64,16.35,37.22
2011-07-04,Coimbatore,11.0168,76.9558,Humid,23.57,28.91,20.22,79.22,3.4,2.44,13.8,37.22
2011-07-05,Coimbatore,11.0168,76.9558,Humid,22.44,26.55,19.85,81.76,2.95,9.5,14.31,37.23
2011-07-06,Coimbatore,11.0168,76.9558,Humid,23.07,26.63,20.4,86.74,3.43,6.85,14.3,37.23
2011-07-07,Coimbatore,11.0168,76.9558,Humid,23.87,28.58,21.02,82.57,3.22,5.89,14.55,37.24
2011-07-08,Coimbatore,11.0168,76.9558,Humid,22.93,26.24,20.42,86.36,2.98,2.49,15.84,37.24
2011-07-09,Coimbatore,11.0168,76.9558,Humid,23.48,28.51,20.06,81.45,2.41,2.48,19.23,37.25
2011-07-10,Coimbatore,11.0168,76.9558,Humid,23.55,28.8,19.2,80.38,2.47,3.11,20.88,37.26
2011-07-11,Coimbatore,11.0168,76.9558,Humid,23.91,27.92,21.37,87.12,3.26,6.21,14.24,37.26
2011-07-12,Coimbatore,11.0168,76.9558,Humid,22.59,25.53,20.17,84.98,4.33,4.97,13.52,37.27
2011-07-13,Coimbatore,11.0168,76.9558,Humid,23.06,27.95,19.77,79.12,4.43,1.74,13.44,37.29
2011-07-14,Coimbatore,11.0168,76.9558,Humid,22.91,27.12,19.68,79.03,4.62,4.37,13.29,37.29
2011-07-15,Coimbatore,11.0168,76.9558,Humid,22.74,26.61,20.84,84.97,4.88,6.67,13.16,37.3
2011-07-16,Coimbatore,11.0168,76.9558,Humid,23.17,27.29,20.18,85.73,4.84,11.8,11.36,37.31
2011-07-17,Coimbatore,11.0168,76.9558,Humid,23.18,26.12,21.48,86.12,4.55,10.53,12.58,37.32
2011-07-18,Coimbatore,11.0168,76.9558,Humid,22.77,25.83,20.56,88.61,4.39,6.85,11.85,37.33
2011-07-19,Coimbatore,11.0168,76.9558,Humid,23.22,26.73,20.59,86.83,3.91,3.16,12.87,37.34
2011-07-20,Coimbatore,11.0168,76.9558,Humid,23.05,26.48,21.06,87.11,4.24,2.27,16.23,37.35
2011-07-21,Coimbatore,11.0168,76.9558,Humid,23.3,27.55,20.36,84.44,3.73,3.43,12.01,37.35
2011-07-22,Coimbatore,11.0168,76.9558,Humid,22.68,26.15,20.53,87.15,3.36,4.27,11.71,37.36
2011-07-23,Coimbatore,11.0168,76.9558,Humid,23.29,27.21,20.44,86.44,3.6,3.27,9.52,37.37
2011-07-24,Coimbatore,11.0168,76.9558,Humid,23.19,26.53,20.65,86.36,3.81,3.76,13.41,37.38
2011-07-25,Coimbatore,11.0168,76.9558,Humid,23.09,26.73,20.55,85.47,3.71,3.22,12.25,37.39
2011-07-26,Coimbatore,11.0168,76.9558,Humid,23.39,28.39,20.27,82.69,3.38,2.25,17.87,37.4
2011-07-27,Coimbatore,11.0168,76.9558,Humid,22.8,27.36,20.17,84.01,3.81,0.92,17.41,37.4
2011-07-28,Coimbatore,11.0168,76.9558,Humid,22.69,26.47,20.0,84.72,3.45,2.2,15.14,37.41
2011-07-29,Coimbatore,11.0168,76.9558,Humid,22.27,26.8,19.52,82.35,3.16,6.7,11.6,37.41
2011-07-30,Coimbatore,11.0168,76.9558,Humid,22.82,26.76,19.98,87.56,2.96,6.01,9.88,37.41
2011-07-31,Coimbatore,11.0168,76.9558,Humid,23.86,28.29,20.71,85.21,3.17,1.7,9.67,37.41
2011-08-01,Coimbatore,11.0168,76.9558,Humid,23.61,28.13,19.91,83.16,3.27,0.46,19.4,37.41
2011-08-02,Coimbatore,11.0168,76.9558,Humid,24.35,28.9,21.1,83.98,3.82,1.74,9.91,37.42
2011-08-03,Coimbatore,11.0168,76.9558,Humid,23.19,26.78,21.28,87.92,3.88,6.36,12.09,37.44
2011-08-04,Coimbatore,11.0168,76.9558,Humid,23.67,28.03,20.54,84.08,4.08,3.65,14.18,37.45
2011-08-05,Coimbatore,11.0168,76.9558,Humid,23.04,26.79,20.56,85.85,3.68,12.6,12.72,37.47
2011-08-06,Coimbatore,11.0168,76.9558,Humid,23.2,27.18,20.29,84.01,4.32,14.74,13.64,37.48
2011-08-07,Coimbatore,11.0168,76.9558,Humid,22.92,26.49,20.9,87.39,3.57,4.63,14.54,37.48
2011-08-08,Coimbatore,11.0168,76.9558,Humid,23.23,26.66,20.7,87.24,3.15,4.05,14.68,37.49
2011-08-09,Coimbatore,11.0168,76.9558,Humid,23.43,27.85,20.49,86.28,3.17,2.43,15.0,37.5
2011-08-10,Coimbatore,11.0168,76.9558,Humid,23.7,28.13,20.6,84.5,2.98,2.71,17.28,37.51
2011-08-11,Coimbatore,11.0168,76.9558,Humid,23.53,27.8,20.91,85.96,3.07,2.29,16.35,37.51
2011-08-12,Coimbatore,11.0168,76.9558,Humid,23.14,27.37,20.02,85.81,2.88,5.74,11.99,37.51
2011-08-13,Coimbatore,11.0168,76.9558,Humid,23.74,28.91,20.77,83.47,2.82,0.88,14.37,37.51
2011-08-14,Coimbatore,11.0168,76.9558,Humid,23.48,28.6,19.77,82.42,2.08,0.17,19.39,37.51
2011-08-15,Coimbatore,11.0168,76.9558,Humid,23.94,29.0,20.36,83.81,2.04,3.86,17.38,37.51
2011-08-16,Coimbatore,11.0168,76.9558,Humid,23.67,27.58,20.85,84.63,2.09,0.71,13.01,37.51
2011-08-17,Coimbatore,11.0168,76.9558,Humid,23.92,29.41,20.94,83.75,1.81,5.65,16.25,37.51
2011-08-18,Coimbatore,11.0168,76.9558,Humid,23.29,27.36,20.55,84.91,2.98,2.39,13.17,37.5
2011-08-19,Coimbatore,11.0168,76.9558,Humid,23.43,27.61,20.79,85.13,2.87,2.54,15.1,37.49
2011-08-20,Coimbatore,11.0168,76.9558,Humid,23.76,27.31,21.25,86.58,2.75,4.16,16.44,37.48
2011-08-21,Coimbatore,11.0168,76.9558,Humid,23.28,26.62,20.51,84.96,3.08,0.68,14.77,37.47
2011-08-22,Coimbatore,11.0168,76.9558,Humid,23.61,28.77,20.13,82.34,2.55,0.3,16.7,37.46
2011-08-23,Coimbatore,11.0168,76.9558,Humid,23.74,29.25,19.69,82.52,2.85,1.77,15.99,37.46
2011-08-24,Coimbatore,11.0168,76.9558,Humid,22.77,26.75,20.3,85.77,3.02,1.6,15.61,37.45
2011-08-25,Coimbatore,11.0168,76.9558,Humid,22.99,26.62,20.31,87.96,3.03,2.54,15.14,37.44
2011-08-26,Coimbatore,11.0168,76.9558,Humid,23.47,27.69,20.68,84.97,2.85,1.04,16.59,37.43
2011-08-27,Coimbatore,11.0168,76.9558,Humid,23.82,28.41,20.42,82.83,3.5,1.02,15.53,37.41
2011-08-28,Coimbatore,11.0168,76.9558,Humid,23.93,28.11,21.36,84.33,3.56,2.93,16.79,37.39
2011-08-29,Coimbatore,11.0168,76.9558,Humid,23.8,27.45,21.81,85.42,4.08,7.56,13.03,37.37
2011-08-30,Coimbatore,11.0168,76.9558,Humid,23.64,28.16,20.83,81.74,3.92,5.6,12.7,37.35
2011-08-31,Coimbatore,11.0168,76.9558,Humid,23.28,27.37,20.51,85.45,4.32,19.57,11.31,37.33
2011-09-01,Coimbatore,11.0168,76.9558,Humid,23.07,25.28,21.47,90.55,4.26,19.1,9.98,37.31
2011-09-02,Coimbatore,11.0168,76.9558,Humid,23.6,26.77,21.69,88.66,3.46,17.91,13.32,37.29
2011-09-03,Coimbatore,11.0168,76.9558,Humid,22.85,25.76,21.2,89.72,3.31,4.78,13.99,37.26
2011-09-04,Coimbatore,11.0168,76.9558,Humid,23.74,27.64,21.15,86.58,3.25,2.98,14.03,37.23
2011-09-05,Coimbatore,11.0168,76.9558,Humid,23.91,28.43,20.77,85.94,2.86,2.26,16.57,37.21
2011-09-06,Coimbatore,11.0168,76.9558,Humid,23.54,27.31,21.2,87.58,3.23,3.6,15.49,37.18
2011-09-07,Coimbatore,11.0168,76.9558,Humid,23.39,27.44,20.52,85.82,3.08,1.83,17.72,37.15
2011-09-08,Coimbatore,11.0168,76.9558,Humid,24.04,28.63,20.89,86.22,2.6,2.35,16.94,37.11
2011-09-09,Coimbatore,11.0168,76.9558,Humid,23.67,27.77,21.51,86.93,2.84,4.45,16.9,37.08
2011-09-10,Coimbatore,11.0168,76.9558,Humid,23.75,27.9,21.13,87.07,2.95,6.39,17.55,37.04
2011-09-11,Coimbatore,11.0168,76.9558,Humid,23.51,27.74,20.73,87.36,2.92,2.83,20.13,37.01
2011-09-12,Coimbatore,11.0168,76.9558,Humid,23.42,28.2,20.19,84.4,2.91,16.15,14.87,36.97
2011-09-13,Coimbatore,11.0168,76.9558,Humid,22.47,27.17,18.96,84.76,3.2,8.97,15.58,36.92
2011-09-14,Coimbatore,11.0168,76.9558,Humid,21.69,24.71,19.8,89.0,3.04,6.26,15.68,36.88
2011-09-15,Coimbatore,11.0168,76.9558,Humid,22.92,27.62,19.47,88.01,3.46,5.89,13.25,36.84
2011-09-16,Coimbatore,11.0168,76.9558,Humid,23.94,28.66,20.97,85.91,2.68,1.66,18.32,36.79
2011-09-17,Coimbatore,11.0168,76.9558,Humid,23.97,28.63,20.76,85.8,2.53,0.56,20.97,36.75
2011-09-18,Coimbatore,11.0168,76.9558,Humid,23.74,28.34,20.72,85.54,2.54,0.39,20.6,36.7
2011-09-19,Coimbatore,11.0168,76.9558,Humid,23.76,28.12,20.98,85.57,2.71,1.51,15.99,36.65
2011-09-20,Coimbatore,11.0168,76.9558,Humid,23.87,28.44,20.81,85.81,2.49,1.28,13.94,36.6
2011-09-21,Coimbatore,11.0168,76.9558,Humid,23.2,27.71,20.66,84.22,2.71,1.4,18.73,36.55
2011-09-22,Coimbatore,11.0168,76.9558,Humid,23.49,28.66,20.21,83.01,2.68,0.2,17.33,36.49
2011-09-23,Coimbatore,11.0168,76.9558,Humid,23.78,30.36,18.96,80.21,2.29,0.02,22.27,36.43
2011-09-24,Coimbatore,11.0168,76.9558,Humid,23.82,30.03,19.67,80.36,2.31,0.1,22.13,36.36
2011-09-25,Coimbatore,11.0168,76.9558,Humid,24.15,29.71,20.04,81.79,2.09,0.03,21.88,36.29
2011-09-26,Coimbatore,11.0168,76.9558,Humid,24.73,31.16,19.93,78.65,2.07,0.22,22.06,36.22
2011-09-27,Coimbatore,11.0168,76.9558,Humid,24.86,31.11,20.35,79.8,2.03,0.04,23.13,36.15
2011-09-28,Coimbatore,11.0168,76.9558,Humid,24.91,31.05,20.54,76.92,2.27,0.0,24.41,36.09
2011-09-29,Coimbatore,11.0168,76.9558,Humid,25.09,31.87,20.19,76.32,1.87,0.21,23.83,36.03
2011-09-30,Coimbatore,11.0168,76.9558,Humid,24.27,28.03,21.34,86.04,1.17,3.34,19.3,35.96
2011-10-01,Coimbatore,11.0168,76.9558,Humid,24.85,30.27,21.27,80.03,1.32,2.41,18.86,35.89
2011-10-02,Coimbatore,11.0168,76.9558,Humid,24.4,29.42,21.18,83.63,1.55,0.15,19.99,35.83
2011-10-03,Coimbatore,11.0168,76.9558,Humid,24.28,28.43,21.29,85.47,1.49,0.26,20.51,35.77
2011-10-04,Coimbatore,11.0168,76.9558,Humid,24.51,30.58,20.15,78.04,1.71,0.26,25.11,35.69
2011-10-05,Coimbatore,11.0168,76.9558,Humid,24.56,31.75,18.82,75.57,1.6,0.26,23.92,35.62
2011-10-06,Coimbatore,11.0168,76.9558,Humid,24.81,31.56,19.79,76.79,1.84,0.35,23.66,35.54
2011-10-07,Coimbatore,11.0168,76.9558,Humid,24.64,31.1,19.88,78.11,1.81,0.18,21.39,35.46
2011-10-08,Coimbatore,11.0168,76.9558,Humid,24.69,30.68,20.31,78.81,2.21,0.43,21.32,35.37
2011-10-09,Coimbatore,11.0168,76.9558,Humid,24.03,28.47,20.81,81.93,1.8,3.44,18.5,35.29
2011-10-10,Coimbatore,11.0168,76.9558,Humid,23.4,26.82,21.15,88.99,1.54,6.9,17.04,35.21
2011-10-11,Coimbatore,11.0168,76.9558,Humid,23.81,28.08,21.06,85.29,0.79,2.11,16.33,35.13
2011-10-12,Coimbatore,11.0168,76.9558,Humid,23.86,28.57,20.61,85.82,1.29,19.26,14.02,35.04
2011-10-13,Coimbatore,11.0168,76.9558,Humid,24.67,29.78,20.79,83.19,0.59,12.05,15.48,34.95
2011-10-14,Coimbatore,11.0168,76.9558,Humid,24.87,29.02,21.43,82.02,0.67,12.38,18.12,34.86
2011-10-15,Coimbatore,11.0168,76.9558,Humid,24.12,27.52,21.44,86.38,0.74,9.56,17.9,34.77
2011-10-16,Coimbatore,11.0168,76.9558,Humid,22.61,24.9,20.66,87.36,1.0,10.05,14.02,34.68
2011-10-17,Coimbatore,11.0168,76.9558,Humid,24.04,28.56,20.6,83.07,0.67,1.47,18.03,34.59
2011-10-18,Coimbatore,11.0168,76.9558,Humid,24.42,29.5,20.45,83.8,0.74,6.92,17.63,34.51
2011-10-19,Coimbatore,11.0168,76.9558,Humid,24.01,28.23,21.28,85.79,0.62,16.04,20.3,34.42
2011-10-20,Coimbatore,11.0168,76.9558,Humid,24.72,29.48,21.07,82.76,0.43,3.63,14.45,34.33
2011-10-21,Coimbatore,11.0168,76.9558,Humid,24.62,28.37,21.72,83.57,0.59,5.04,16.04,34.24
2011-10-22,Coimbatore,11.0168,76.9558,Humid,24.45,29.09,20.5,83.26,1.39,2.34,17.86,34.14
2011-10-23,Coimbatore,11.0168,76.9558,Humid,23.13,26.12,20.72,87.94,1.58,10.41,16.87,34.04
2011-10-24,Coimbatore,11.0168,76.9558,Humid,23.68,28.62,19.73,86.08,1.81,6.33,18.4,33.94
2011-10-25,Coimbatore,11.0168,76.9558,Humid,22.56,25.67,20.28,88.14,2.09,9.68,15.09,33.85
2011-10-26,Coimbatore,11.0168,76.9558,Humid,22.59,25.78,20.77,89.56,3.15,6.48,16.41,33.75
2011-10-27,Coimbatore,11.0168,76.9558,Humid,23.18,27.41,20.26,88.29,2.09,9.86,12.16,33.65
2011-10-28,Coimbatore,11.0168,76.9558,Humid,22.77,27.25,19.61,88.08,2.02,5.07,21.01,33.56
2011-10-29,Coimbatore,11.0168,76.9558,Humid,21.94,25.91,19.46,88.47,2.3,18.97,16.06,33.46
2011-10-30,Coimbatore,11.0168,76.9558,Humid,21.97,25.55,18.74,90.53,2.42,7.44,14.0,33.37
2011-10-31,Coimbatore,11.0168,76.9558,Humid,22.93,26.94,19.94,89.59,2.3,8.94,12.66,33.28
2011-11-01,Coimbatore,11.0168,76.9558,Humid,22.64,25.77,20.28,90.95,2.69,14.08,10.61,33.18
2011-11-02,Coimbatore,11.0168,76.9558,Humid,22.11,24.19,20.33,90.46,1.19,12.96,11.0,33.09
2011-11-03,Coimbatore,11.0168,76.9558,Humid,22.73,26.48,19.48,85.22,0.71,11.96,10.19,32.99
2011-11-04,Coimbatore,11.0168,76.9558,Humid,23.22,27.36,19.85,82.59,0.68,5.33,12.26,32.88
2011-11-05,Coimbatore,11.0168,76.9558,Humid,23.17,26.7,19.91,88.53,1.18,5.96,13.82,32.78
2011-11-06,Coimbatore,11.0168,76.9558,Humid,23.16,26.27,20.96,92.96,0.85,23.6,15.05,32.68
2011-11-07,Coimbatore,11.0168,76.9558,Humid,22.33,25.23,19.93,89.85,1.04,4.91,17.65,32.59
2011-11-08,Coimbatore,11.0168,76.9558,Humid,20.72,26.15,16.53,81.76,1.66,0.15,22.29,32.5
2011-11-09,Coimbatore,11.0168,76.9558,Humid,19.76,25.83,14.29,79.32,1.62,0.0,22.55,32.41
2011-11-10,Coimbatore,11.0168,76.9558,Humid,19.95,26.15,14.48,78.27,1.42,0.0,21.21,32.32
2011-11-11,Coimbatore,11.0168,76.9558,Humid,21.03,26.45,15.47,74.86,1.1,0.0,19.94,32.23
2011-11-12,Coimbatore,11.0168,76.9558,Humid,21.95,27.26,16.66,76.52,0.86,0.0,19.35,32.15
2011-11-13,Coimbatore,11.0168,76.9558,Humid,21.04,26.88,16.32,78.2,1.28,0.0,20.23,32.07
2011-11-14,Coimbatore,11.0168,76.9558,Humid,21.66,27.51,16.86,85.44,1.54,0.0,20.2,31.98
2011-11-15,Coimbatore,11.0168,76.9558,Humid,21.28,26.69,17.64,80.79,1.85,0.0,22.84,31.89
2011-11-16,Coimbatore,11.0168,76.9558,Humid,21.52,28.1,16.15,79.66,1.41,0.14,22.33,31.8
2011-11-17,Coimbatore,11.0168,76.9558,Humid,22.03,27.25,16.91,86.28,1.72,0.36,17.68,31.72
2011-11-18,Coimbatore,11.0168,76.9558,Humid,23.17,28.26,19.13,86.78,2.33,0.25,18.57,31.63
2011-11-19,Coimbatore,11.0168,76.9558,Humid,21.77,27.22,17.41,80.19,2.23,0.02,20.71,31.55
2011-11-20,Coimbatore,11.0168,76.9558,Humid,20.27,26.49,14.65,80.32,2.52,0.0,21.85,31.47
2011-11-21,Coimbatore,11.0168,76.9558,Humid,21.48,26.83,16.93,82.71,2.57,0.0,19.42,31.39
2011-11-22,Coimbatore,11.0168,76.9558,Humid,21.77,27.05,17.56,81.8,2.52,0.0,20.91,31.31
2011-11-23,Coimbatore,11.0168,76.9558,Humid,21.52,26.66,15.45,84.78,2.6,0.06,18.0,31.23
2011-11-24,Coimbatore,11.0168,76.9558,Humid,22.95,27.98,18.63,84.97,3.12,1.31,14.93,31.15
2011-11-25,Coimbatore,11.0168,76.9558,Humid,22.62,25.54,20.63,89.77,4.01,10.42,7.29,31.08
2011-11-26,Coimbatore,11.0168,76.9558,Humid,22.48,25.48,20.48,91.32,4.98,24.94,6.62,31.01
2011-11-27,Coimbatore,11.0168,76.9558,Humid,22.56,25.29,20.67,93.72,2.19,6.37,9.92,30.94
2011-11-28,Coimbatore,11.0168,76.9558,Humid,23.16,27.16,20.6,91.24,0.82,19.32,12.46,30.88
2011-11-29,Coimbatore,11.0168,76.9558,Humid,23.29,27.18,20.86,89.35,1.39,4.49,15.11,30.82
2011-11-30,Coimbatore,11.0168,76.9558,Humid,23.07,27.42,20.32,90.16,1.99,1.11,12.19,30.76
2011-12-01,Coimbatore,11.0168,76.9558,Humid,22.02,26.3,19.16,87.97,1.4,0.18,14.23,30.7
2011-12-02,Coimbatore,11.0168,76.9558,Humid,23.08,27.59,19.1,85.02,0.96,0.0,15.26,30.64
2011-12-03,Coimbatore,11.0168,76.9558,Humid,23.56,28.51,19.48,83.54,0.68,0.0,16.31,30.58
2011-12-04,Coimbatore,11.0168,76.9558,Humid,23.31,27.61,19.89,84.87,0.77,0.93,13.34,30.53
2011-12-05,Coimbatore,11.0168,76.9558,Humid,21.97,27.24,17.98,85.01,1.45,0.38,16.86,30.49
2011-12-06,Coimbatore,11.0168,76.9558,Humid,20.67,26.72,16.78,80.55,1.6,0.05,19.83,30.45
2011-12-07,Coimbatore,11.0168,76.9558,Humid,20.29,26.25,16.35,81.63,2.05,0.0,19.21,30.41
2011-12-08,Coimbatore,11.0168,76.9558,Humid,20.05,25.77,14.57,84.28,2.09,0.0,19.16,30.37
2011-12-09,Coimbatore,11.0168,76.9558,Humid,22.45,27.74,17.76,86.83,2.02,0.82,18.08,30.34
2011-12-10,Coimbatore,11.0168,76.9558,Humid,23.05,28.17,19.03,85.37,1.85,0.17,19.12,30.3
2011-12-11,Coimbatore,11.0168,76.9558,Humid,22.82,27.96,18.96,84.27,1.81,0.0,17.03,30.27
2011-12-12,Coimbatore,11.0168,76.9558,Humid,22.07,26.96,18.51,81.97,1.67,0.0,17.19,30.24
2011-12-13,Coimbatore,11.0168,76.9558,Humid,22.42,27.84,17.28,80.62,2.23,0.0,18.89,30.21
2011-12-14,Coimbatore,11.0168,76.9558,Humid,22.5,28.15,18.38,81.22,2.11,0.0,17.06,30.19
2011-12-15,Coimbatore,11.0168,76.9558,Humid,21.65,28.23,16.93,81.63,1.79,0.28,16.41,30.17
2011-12-16,Coimbatore,11.0168,76.9558,Humid,21.64,26.76,17.3,79.19,2.7,0.06,18.87,30.15
2011-12-17,Coimbatore,11.0168,76.9558,Humid,20.1,26.87,14.73,77.08,2.1,0.0,20.87,30.14
2011-12-18,Coimbatore,11.0168,76.9558,Humid,20.01,26.4,13.64,79.29,2.37,0.0,19.08,30.13
2011-12-19,Coimbatore,11.0168,76.9558,Humid,20.39,25.81,15.54,79.34,1.85,0.01,15.55,30.12
2011-12-20,Coimbatore,11.0168,76.9558,Humid,20.08,26.76,15.99,72.87,2.01,0.0,11.73,30.11
2011-12-21,Coimbatore,11.0168,76.9558,Humid,19.84,26.85,13.63,78.01,2.2,0.0,20.12,30.11
2011-12-22,Coimbatore,11.0168,76.9558,Humid,19.64,26.04,14.64,77.21,2.05,0.0,18.43,30.11
2011-12-23,Coimbatore,11.0168,76.9558,Humid,20.65,26.14,15.85,75.99,1.42,0.0,16.69,30.11
2011-12-24,Coimbatore,11.0168,76.9558,Humid,20.97,29.03,15.66,72.0,1.8,0.0,21.06,30.12
2011-12-25,Coimbatore,11.0168,76.9558,Humid,20.39,29.54,13.6,65.31,1.71,0.0,21.76,30.13
2011-12-26,Coimbatore,11.0168,76.9558,Humid,20.62,29.83,12.78,59.13,1.24,0.0,21.61,30.14
2011-12-27,Coimbatore,11.0168,76.9558,Humid,21.75,30.75,15.41,58.51,0.8,0.0,16.79,30.16
2011-12-28,Coimbatore,11.0168,76.9558,Humid,21.71,30.9,14.9,63.83,0.76,0.0,20.5,30.19
2011-12-29,Coimbatore,11.0168,76.9558,Humid,22.94,32.56,14.94,56.04,0.92,0.07,20.17,30.22
2011-12-30,Coimbatore,11.0168,76.9558,Humid,23.79,30.86,19.59,75.32,2.18,8.9,11.31,30.25
2011-12-31,Coimbatore,11.0168,76.9558,Humid,21.55,25.37,18.5,89.38,3.05,7.81,6.95,30.28
2012-01-01,Coimbatore,11.0168,76.9558,Humid,21.62,29.3,16.06,75.49,1.62,0.12,20.83,30.31
2012-01-02,Coimbatore,11.0168,76.9558,Humid,22.66,30.28,16.39,72.17,1.25,0.0,21.9,30.35
2012-01-03,Coimbatore,11.0168,76.9558,Humid,23.2,30.87,17.93,73.91,1.31,0.0,21.2,30.39
2012-01-04,Coimbatore,11.0168,76.9558,Humid,23.93,31.21,18.05,77.94,1.69,0.0,19.49,30.43
2012-01-05,Coimbatore,11.0168,76.9558,Humid,24.23,31.11,19.68,75.88,1.88,0.0,20.17,30.48
2012-01-06,Coimbatore,11.0168,76.9558,Humid,23.01,30.28,17.83,72.93,1.87,0.0,20.17,30.53
2012-01-07,Coimbatore,11.0168,76.9558,Humid,22.18,30.3,17.01,71.12,1.97,0.0,21.92,30.58
2012-01-08,Coimbatore,11.0168,76.9558,Humid,22.58,30.41,15.22,76.99,2.13,0.0,22.19,30.63
2012-01-09,Coimbatore,11.0168,76.9558,Humid,24.16,31.27,18.84,74.57,1.33,0.0,20.82,30.68
2012-01-10,Coimbatore,11.0168,76.9558,Humid,24.23,31.7,18.45,72.13,0.92,0.02,18.62,30.75
2012-01-11,Coimbatore,11.0168,76.9558,Humid,23.88,30.58,18.49,72.61,0.84,0.1,18.03,30.81
2012-01-12,Coimbatore,11.0168,76.9558,Humid,23.32,30.01,18.1,73.11,1.48,0.02,18.41,30.88
2012-01-13,Coimbatore,11.0168,76.9558,Humid,23.04,29.42,18.4,71.95,2.13,0.0,18.61,30.94
2012-01-14,Coimbatore,11.0168,76.9558,Humid,22.47,30.04,17.5,68.12,2.16,0.0,20.09,31.01
2012-01-15,Coimbatore,11.0168,76.9558,Humid,20.74,30.01,14.69,64.72,1.98,0.0,22.03,31.08
2012-01-16,Coimbatore,11.0168,76.9558,Humid,19.81,30.08,12.54,60.79,1.7,0.0,22.93,31.16
2012-01-17,Coimbatore,11.0168,76.9558,Humid,20.84,30.14,13.66,61.0,1.39,0.0,22.62,31.23
2012-01-18,Coimbatore,11.0168,76.9558,Humid,21.54,30.18,13.93,57.83,0.85,0.0,22.42,31.31
2012-01-19,Coimbatore,11.0168,76.9558,Humid,23.16,30.9,17.68,67.65,0.99,0.09,22.06,31.38
2012-01-20,Coimbatore,11.0168,76.9558,Humid,23.29,30.84,17.06,64.76,0.76,0.08,20.92,31.46
2012-01-21,Coimbatore,11.0168,76.9558,Humid,22.27,30.61,15.22,64.01,1.27,0.0,21.24,31.55
2012-01-22,Coimbatore,11.0168,76.9558,Humid,21.72,30.39,15.61,64.56,1.85,0.0,21.9,31.64
2012-01-23,Coimbatore,11.0168,76.9558,Humid,21.27,30.04,15.2,65.86,2.12,0.0,21.98,31.73
2012-01-24,Coimbatore,11.0168,76.9558,Humid,20.78,28.99,15.41,64.15,1.86,0.0,22.39,31.82
2012-01-25,Coimbatore,11.0168,76.9558,Humid,20.45,29.16,13.33,62.0,1.78,0.0,22.59,31.92
2012-01-26,Coimbatore,11.0168,76.9558,Humid,20.97,29.84,13.79,64.14,1.68,0.0,22.34,32.01
2012-01-27,Coimbatore,11.0168,76.9558,Humid,22.09,30.22,15.28,66.64,1.25,0.0,22.03,32.1
2012-01-28,Coimbatore,11.0168,76.9558,Humid,22.46,30.27,16.15,68.52,1.46,0.0,18.51,32.2
2012-01-29,Coimbatore,11.0168,76.9558,Humid,23.42,30.58,17.41,67.22,1.52,0.0,17.75,32.29
2012-01-30,Coimbatore,11.0168,76.9558,Humid,22.89,29.88,17.26,65.95,2.35,0.03,18.38,32.39
2012-01-31,Coimbatore,11.0168,76.9558,Humid,22.51,30.22,16.72,64.09,2.54,0.04,19.09,32.49
2012-02-01,Coimbatore,11.0168,76.9558,Humid,22.34,30.49,16.66,57.91,2.82,0.01,22.77,32.59
2012-02-02,Coimbatore,11.0168,76.9558,Humid,21.66,29.94,13.33,63.79,2.64,0.0,23.05,32.69
2012-02-03,Coimbatore,11.0168,76.9558,Humid,22.71,31.06,16.18,63.7,2.92,0.0,22.34,32.79
2012-02-04,Coimbatore,11.0168,76.9558,Humid,23.06,31.79,15.35,61.89,1.82,0.0,20.5,32.9
2012-02-05,Coimbatore,11.0168,76.9558,Humid,23.55,32.13,16.49,61.55,1.72,0.0,20.92,33.0
2012-02-06,Coimbatore,11.0168,76.9558,Humid,23.45,30.75,17.44,60.16,1.76,0.0,20.59,33.1
2012-02-07,Coimbatore,11.0168,76.9558,Humid,25.15,32.1,19.96,60.8,1.87,0.0,20.27,33.2
2012-02-08,Coimbatore,11.0168,76.9558,Humid,25.12,33.32,18.66,57.41,1.85,0.0,22.31,33.3
2012-02-09,Coimbatore,11.0168,76.9558,Humid,24.95,30.91,20.08,65.58,1.47,0.0,21.34,33.41
2012-02-10,Coimbatore,11.0168,76.9558,Humid,24.79,31.04,20.59,65.82,1.81,0.69,17.8,33.51
2012-02-11,Coimbatore,11.0168,76.9558,Humid,23.39,28.82,19.19,72.57,1.42,2.14,17.35,33.61
2012-02-12,Coimbatore,11.0168,76.9558,Humid,23.74,31.85,18.57,65.37,1.88,0.61,18.47,33.71
2012-02-13,Coimbatore,11.0168,76.9558,Humid,24.36,33.32,17.29,56.8,1.89,0.0,22.09,33.82
2012-02-14,Coimbatore,11.0168,76.9558,Humid,24.95,34.08,17.55,54.56,1.68,0.0,24.53,33.93
2012-02-15,Coimbatore,11.0168,76.9558,Humid,25.88,34.73,18.33,55.95,1.04,0.0,23.67,34.03
2012-02-16,Coimbatore,11.0168,76.9558,Humid,26.86,35.37,19.61,54.51,1.01,0.0,23.29,34.14
2012-02-17,Coimbatore,11.0168,76.9558,Humid,26.33,33.98,19.92,54.17,1.49,0.0,22.82,34.24
2012-02-18,Coimbatore,11.0168,76.9558,Humid,25.4,33.33,19.39,53.33,2.21,0.0,23.56,34.34
2012-02-19,Coimbatore,11.0168,76.9558,Humid,24.91,34.87,16.66,47.27,2.45,0.0,25.68,34.44
2012-02-20,Coimbatore,11.0168,76.9558,Humid,24.56,35.24,15.36,43.65,1.91,0.0,25.27,34.54
2012-02-21,Coimbatore,11.0168,76.9558,Humid,25.76,35.23,17.53,39.16,1.8,0.0,24.16,34.64
2012-02-22,Coimbatore,11.0168,76.9558,Humid,25.39,34.38,17.57,40.44,2.27,0.0,23.35,34.74
2012-02-23,Coimbatore,11.0168,76.9558,Humid,24.84,35.18,15.71,40.37,2.49,0.0,20.93,34.85
2012-02-24,Coimbatore,11.0168,76.9558,Humid,24.95,34.78,15.57,36.55,2.34,0.0,24.72,34.95
2012-02-25,Coimbatore,11.0168,76.9558,Humid,25.0,35.16,15.97,32.19,2.7,0.0,25.02,35.05
2012-02-26,Coimbatore,11.0168,76.9558,Humid,25.26,35.53,16.86,28.81,2.47,0.0,25.39,35.15
2012-02-27,Coimbatore,11.0168,76.9558,Humid,25.97,36.52,16.47,32.13,2.35,0.0,25.86,35.24
2012-02-28,Coimbatore,11.0168,76.9558,Humid,26.69,37.46,17.38,40.92,1.19,0.0,25.13,35.34
2012-02-29,Coimbatore,11.0168,76.9558,Humid,27.87,38.32,19.21,52.9,1.14,0.0,24.94,35.43
2012-03-01,Coimbatore,11.0168,76.9558,Humid,28.54,37.85,19.69,51.86,1.22,0.0,24.09,35.52
2012-03-02,Coimbatore,11.0168,76.9558,Humid,28.28,36.41,21.85,57.62,1.79,0.0,23.52,35.61
2012-03-03,Coimbatore,11.0168,76.9558,Humid,28.53,38.34,21.73,49.47,1.86,0.0,25.21,35.7
2012-03-04,Coimbatore,11.0168,76.9558,Humid,27.9,38.18,19.11,52.89,1.57,0.0,25.59,35.79
2012-03-05,Coimbatore,11.0168,76.9558,Humid,28.04,36.29,20.91,56.25,1.43,0.0,23.15,35.86
2012-03-06,Coimbatore,11.0168,76.9558,Humid,28.42,36.41,21.79,55.51,1.37,0.0,22.81,35.94
2012-03-07,Coimbatore,11.0168,76.9558,Humid,27.55,36.15,21.73,62.48,2.27,0.02,18.33,36.01
2012-03-08,Coimbatore,11.0168,76.9558,Humid,26.6,32.52,22.18,62.08,2.33,0.0,19.62,36.09
2012-03-09,Coimbatore,11.0168,76.9558,Humid,27.7,37.2,20.18,48.94,1.54,0.0,23.38,36.18
2012-03-10,Coimbatore,11.0168,76.9558,Humid,27.5,35.09,19.81,50.49,0.9,0.0,20.09,36.27
2012-03-11,Coimbatore,11.0168,76.9558,Humid,28.12,35.18,21.33,42.53,2.15,0.0,23.86,36.36
2012-03-12,Coimbatore,11.0168,76.9558,Humid,26.18,34.12,21.03,58.03,2.24,0.03,20.14,36.44
2012-03-13,Coimbatore,11.0168,76.9558,Humid,28.67,36.51,22.26,53.54,2.34,0.08,21.36,36.51
2012-03-14,Coimbatore,11.0168,76.9558,Humid,28.48,35.07,22.24,55.44,2.27,0.0,21.92,36.58
2012-03-15,Coimbatore,11.0168,76.9558,Humid,29.56,36.68,22.67,47.95,1.76,0.0,20.34,36.65
2012-03-16,Coimbatore,11.0168,76.9558,Humid,29.35,37.12,22.81,50.61,1.48,1.1,21.84,36.72
2012-03-17,Coimbatore,11.0168,76.9558,Humid,29.24,37.81,22.57,51.98,1.32,0.61,23.64,36.79
2012-03-18,Coimbatore,11.0168,76.9558,Humid,29.37,38.61,21.76,47.22,1.47,0.0,24.71,36.85
2012-03-19,Coimbatore,11.0168,76.9558,Humid,29.55,38.85,22.04,50.97,1.55,0.0,24.51,36.92
2012-03-20,Coimbatore,11.0168,76.9558,Humid,29.31,38.16,21.75,51.61,1.46,0.0,23.78,36.98
2012-03-21,Coimbatore,11.0168,76.9558,Humid,29.12,38.47,21.61,53.94,1.9,0.0,22.88,37.04
2012-03-22,Coimbatore,11.0168,76.9558,Humid,29.32,38.28,22.18,51.61,1.39,0.29,22.14,37.1
2012-03-23,Coimbatore,11.0168,76.9558,Humid,28.96,37.58,21.98,47.58,1.63,0.11,22.82,37.15
2012-03-24,Coimbatore,11.0168,76.9558,Humid,28.59,37.68,21.44,40.76,1.71,0.0,25.73,37.21
2012-03-25,Coimbatore,11.0168,76.9558,Humid,27.88,37.04,19.49,30.05,1.76,0.0,26.08,37.26
2012-03-26,Coimbatore,11.0168,76.9558,Humid,27.45,36.71,19.94,34.85,1.85,0.0,26.12,37.31
2012-03-27,Coimbatore,11.0168,76.9558,Humid,27.25,36.2,19.0,42.49,1.29,0.32,26.76,37.36
2012-03-28,Coimbatore,11.0168,76.9558,Humid,28.76,37.17,21.95,53.69,1.34,0.64,24.14,37.4
2012-03-29,Coimbatore,11.0168,76.9558,Humid,28.44,35.98,22.96,57.35,1.48,0.38,22.95,37.45
2012-03-30,Coimbatore,11.0168,76.9558,Humid,28.81,37.84,22.5,59.7,2.47,0.25,23.38,37.49
2012-03-31,Coimbatore,11.0168,76.9558,Humid,29.63,37.54,22.33,52.14,1.07,3.83,22.45,37.54
2012-04-01,Coimbatore,11.0168,76.9558,Humid,29.09,36.57,22.8,55.57,1.6,1.75,22.7,37.58
2012-04-02,Coimbatore,11.0168,76.9558,Humid,27.56,34.03,22.66,57.51,1.25,0.47,22.53,37.61
2012-04-03,Coimbatore,11.0168,76.9558,Humid,28.47,37.27,21.62,54.62,1.22,0.03,24.87,37.64
2012-04-04,Coimbatore,11.0168,76.9558,Humid,28.59,37.96,21.28,58.14,1.47,0.32,24.82,37.67
2012-04-05,Coimbatore,11.0168,76.9558,Humid,29.12,38.21,21.64,57.79,1.7,0.11,24.22,37.7
2012-04-06,Coimbatore,11.0168,76.9558,Humid,29.0,37.78,22.81,60.58,1.93,4.74,20.06,37.74
2012-04-07,Coimbatore,11.0168,76.9558,Humid,29.06,36.98,22.23,59.13,1.32,1.16,22.29,37.77
2012-04-08,Coimbatore,11.0168,76.9558,Humid,29.67,36.98,23.73,53.94,1.03,0.05,21.69,37.79
2012-04-09,Coimbatore,11.0168,76.9558,Humid,28.66,36.25,23.59,62.23,1.68,0.3,20.25,37.81
2012-04-10,Coimbatore,11.0168,76.9558,Humid,29.17,36.95,23.11,60.63,1.49,0.17,21.76,37.84
2012-04-11,Coimbatore,11.0168,76.9558,Humid,29.82,38.36,22.93,56.88,1.68,0.66,25.37,37.86
2012-04-12,Coimbatore,11.0168,76.9558,Humid,28.89,37.43,22.17,58.86,2.0,0.2,24.62,37.87
2012-04-13,Coimbatore,11.0168,76.9558,Humid,29.5,37.3,22.31,53.12,1.34,0.0,25.0,37.89
2012-04-14,Coimbatore,11.0168,76.9558,Humid,29.84,38.06,23.25,52.42,1.55,0.0,24.83,37.9
2012-04-15,Coimbatore,11.0168,76.9558,Humid,29.64,37.47,23.56,51.74,0.8,0.21,26.36,37.92
2012-04-16,Coimbatore,11.0168,76.9558,Humid,29.45,37.69,23.34,56.96,1.27,0.43,22.79,37.93
2012-04-17,Coimbatore,11.0168,76.9558,Humid,27.51,33.17,23.46,67.38,2.34,1.25,23.45,37.94
2012-04-18,Coimbatore,11.0168,76.9558,Humid,27.99,34.5,23.64,66.38,1.95,2.82,22.98,37.94
2012-04-19,Coimbatore,11.0168,76.9558,Humid,28.12,34.49,23.59,63.99,1.66,0.6,21.8,37.94
2012-04-20,Coimbatore,11.0168,76.9558,Humid,29.36,37.22,23.08,58.77,1.26,2.19,20.73,37.94
2012-04-21,Coimbatore,11.0168,76.9558,Humid,29.37,37.12,22.87,60.86,2.01,0.66,17.43,37.94
2012-04-22,Coimbatore,11.0168,76.9558,Humid,29.64,37.11,24.56,59.54,1.33,0.13,17.04,37.94
2012-04-23,Coimbatore,11.0168,76.9558,Humid,27.57,32.57,24.47,71.85,1.66,6.14,18.17,37.95
2012-04-24,Coimbatore,11.0168,76.9558,Humid,26.13,30.58,23.3,78.75,1.23,20.09,22.29,37.96
2012-04-25,Coimbatore,11.0168,76.9558,Humid,24.92,28.27,22.89,85.4,1.3,16.38,19.95,37.97
2012-04-26,Coimbatore,11.0168,76.9558,Humid,24.97,28.75,22.36,81.8,0.79,8.14,12.41,37.97
2012-04-27,Coimbatore,11.0168,76.9558,Humid,24.72,28.59,22.24,84.51,1.22,8.37,12.87,37.97
2012-04-28,Coimbatore,11.0168,76.9558,Humid,25.42,30.39,22.43,81.25,2.22,2.36,17.32,37.96
2012-04-29,Coimbatore,11.0168,76.9558,Humid,26.31,32.8,21.79,76.91,1.7,5.54,17.14,37.96
2012-04-30,Coimbatore,11.0168,76.9558,Humid,25.39,29.37,22.48,82.86,1.7,3.46,13.7,37.95
2012-05-01,Coimbatore,11.0168,76.9558,Humid,26.23,31.23,22.65,77.55,1.88,0.65,16.3,37.94
2012-05-02,Coimbatore,11.0168,76.9558,Humid,26.0,30.81,22.67,78.02,2.02,0.63,17.91,37.93
2012-05-03,Coimbatore,11.0168,76.9558,Humid,25.94,31.2,22.73,81.13,2.56,5.47,17.95,37.92
2012-05-04,Coimbatore,11.0168,76.9558,Humid,25.75,30.05,23.13,80.98,2.57,2.69,20.44,37.91
2012-05-05,Coimbatore,11.0168,76.9558,Humid,25.87,30.84,22.31,74.39,2.7,1.24,23.64,37.9
2012-05-06,Coimbatore,11.0168,76.9558,Humid,26.73,34.16,21.26,69.82,2.2,0.14,24.29,37.89
2012-05-07,Coimbatore,11.0168,76.9558,Humid,27.78,36.58,21.01,66.34,1.87,0.3,25.13,37.87
2012-05-08,Coimbatore,11.0168,76.9558,Humid,27.4,34.36,22.09,70.17,1.96,5.24,22.85,37.85
2012-05-09,Coimbatore,11.0168,76.9558,Humid,26.68,32.39,22.74,73.32,1.83,0.69,21.21,37.83
2012-05-10,Coimbatore,11.0168,76.9558,Humid,26.87,33.27,22.02,72.27,1.74,2.11,18.66,37.81
2012-05-11,Coimbatore,11.0168,76.9558,Humid,25.26,28.82,22.98,82.68,1.54,8.56,17.22,37.79
2012-05-12,Coimbatore,11.0168,76.9558,Humid,25.05,29.16,22.42,84.18,1.92,6.82,14.78,37.79
2012-05-13,Coimbatore,11.0168,76.9558,Humid,26.62,33.56,21.4,73.86,2.03,0.57,18.8,37.78
2012-05-14,Coimbatore,11.0168,76.9558,Humid,26.46,31.17,22.67,78.17,1.89,0.03,19.2,37.77
2012-05-15,Coimbatore,11.0168,76.9558,Humid,26.12,30.53,22.87,79.4,2.11,1.42,21.63,37.76
2012-05-16,Coimbatore,11.0168,76.9558,Humid,26.42,32.2,21.75,76.17,2.14,0.24,22.34,37.74
2012-05-17,Coimbatore,11.0168,76.9558,Humid,26.6,31.79,23.22,76.19,2.53,0.04,20.24,37.72
2012-05-18,Coimbatore,11.0168,76.9558,Humid,26.46,31.06,23.23,78.73,1.9,1.51,22.42,37.69
2012-05-19,Coimbatore,11.0168,76.9558,Humid,26.72,31.88,23.55,78.6,2.4,1.08,20.98,37.67
2012-05-20,Coimbatore,11.0168,76.9558,Humid,26.19,30.27,23.05,77.93,1.4,0.1,22.68,37.66
2012-05-21,Coimbatore,11.0168,76.9558,Humid,25.52,29.77,22.8,77.85,2.62,2.18,21.41,37.65
2012-05-22,Coimbatore,11.0168,76.9558,Humid,25.84,30.76,22.71,76.59,1.98,0.52,18.94,37.63
2012-05-23,Coimbatore,11.0168,76.9558,Humid,25.87,31.43,22.35,74.03,2.47,0.14,20.53,37.62
2012-05-24,Coimbatore,11.0168,76.9558,Humid,26.37,32.3,22.06,75.64,2.96,0.08,19.95,37.6
2012-05-25,Coimbatore,11.0168,76.9558,Humid,26.33,32.01,23.11,74.86,3.25,0.04,22.8,37.58
2012-05-26,Coimbatore,11.0168,76.9558,Humid,25.53,29.19,22.8,79.05,2.78,0.17,18.64,37.56
2012-05-27,Coimbatore,11.0168,76.9558,Humid,24.95,27.98,22.82,83.19,2.82,0.71,19.61,37.54
2012-05-28,Coimbatore,11.0168,76.9558,Humid,26.14,31.44,22.91,77.51,2.94,0.12,21.19,37.52
2012-05-29,Coimbatore,11.0168,76.9558,Humid,25.75,29.8,22.95,79.32,2.39,0.0,20.94,37.5
2012-05-30,Coimbatore,11.0168,76.9558,Humid,26.09,31.01,22.37,76.15,3.02,0.04,18.18,37.49
2012-05-31,Coimbatore,11.0168,76.9558,Humid,25.77,29.88,23.18,76.54,3.44,0.05,20.04,37.48
2012-06-01,Coimbatore,11.0168,76.9558,Humid,25.21,28.66,22.58,76.89,2.58,0.05,22.94,37.46
2012-06-02,Coimbatore,11.0168,76.9558,Humid,26.7,33.57,22.24,74.38,3.36,0.04,21.54,37.45
2012-06-03,Coimbatore,11.0168,76.9558,Humid,26.46,31.94,23.04,77.75,3.55,5.74,20.1,37.43
2012-06-04,Coimbatore,11.0168,76.9558,Humid,25.42,30.39,22.57,82.13,3.24,6.42,21.07,37.41
2012-06-05,Coimbatore,11.0168,76.9558,Humid,24.93,29.75,21.89,79.88,4.06,4.44,16.36,37.39
2012-06-06,Coimbatore,11.0168,76.9558,Humid,24.58,29.63,21.3,80.83,4.19,9.12,12.46,37.37
2012-06-07,Coimbatore,11.0168,76.9558,Humid,23.59,27.67,21.17,80.82,3.98,3.9,12.61,37.36
2012-06-08,Coimbatore,11.0168,76.9558,Humid,25.12,31.28,20.93,73.43,3.56,1.17,14.73,37.36
2012-06-09,Coimbatore,11.0168,76.9558,Humid,25.48,31.06,21.89,76.53,3.61,1.33,18.25,37.35
2012-06-10,Coimbatore,11.0168,76.9558,Humid,25.47,30.91,22.1,77.48,3.47,0.99,20.86,37.35
2012-06-11,Coimbatore,11.0168,76.9558,Humid,24.25,27.91,21.98,83.55,3.04,1.73,22.38,37.33
2012-06-12,Coimbatore,11.0168,76.9558,Humid,24.83,30.3,20.88,79.12,3.65,4.15,14.84,37.31
2012-06-13,Coimbatore,11.0168,76.9558,Humid,24.43,31.0,19.8,75.19,3.31,2.53,15.2,37.28
2012-06-14,Coimbatore,11.0168,76.9558,Humid,23.85,29.5,20.94,80.26,3.18,5.04,17.17,37.26
2012-06-15,Coimbatore,11.0168,76.9558,Humid,24.3,30.19,20.35,80.25,3.48,3.26,17.44,37.25
2012-06-16,Coimbatore,11.0168,76.9558,Humid,24.09,29.23,21.25,83.03,3.71,8.26,15.24,37.25
2012-06-17,Coimbatore,11.0168,76.9558,Humid,23.3,27.92,21.07,83.0,4.21,15.36,10.07,37.25
2012-06-18,Coimbatore,11.0168,76.9558,Humid,23.32,26.03,20.95,86.2,4.19,9.29,10.2,37.25
2012-06-19,Coimbatore,11.0168,76.9558,Humid,24.36,27.99,21.91,81.8,4.06,5.34,13.31,37.25
2012-06-20,Coimbatore,11.0168,76.9558,Humid,24.01,27.18,21.96,86.18,3.75,4.17,16.99,37.24
2012-06-21,Coimbatore,11.0168,76.9558,Humid,24.08,28.08,21.64,83.86,3.44,5.45,16.85,37.23
2012-06-22,Coimbatore,11.0168,76.9558,Humid,24.13,28.32,21.55,83.71,3.38,1.97,15.21,37.23
2012-06-23,Coimbatore,11.0168,76.9558,Humid,25.21,31.12,21.04,79.49,2.94,0.45,20.14,37.23
2012-06-24,Coimbatore,11.0168,76.9558,Humid,24.9,30.49,21.44,81.02,2.96,1.6,16.89,37.22
2012-06-25,Coimbatore,11.0168,76.9558,Humid,24.6,29.16,21.72,83.25,2.72,1.97,19.26,37.22
2012-06-26,Coimbatore,11.0168,76.9558,Humid,24.37,28.77,21.61,84.31,2.6,0.72,15.72,37.22
2012-06-27,Coimbatore,11.0168,76.9558,Humid,23.76,28.76,20.91,81.33,2.65,4.29,16.49,37.22
2012-06-28,Coimbatore,11.0168,76.9558,Humid,23.02,27.39,20.51,83.9,2.67,5.53,12.58,37.22
2012-06-29,Coimbatore,11.0168,76.9558,Humid,22.96,26.58,20.43,85.65,2.95,6.48,15.71,37.22
2012-06-30,Coimbatore,11.0168,76.9558,Humid,23.69,28.49,21.1,82.3,3.91,3.61,19.0,37.22
2012-07-01,Coimbatore,11.0168,76.9558,Humid,22.97,27.2,20.74,84.59,4.12,6.74,12.45,37.21
2012-07-02,Coimbatore,11.0168,76.9558,Humid,22.95,26.44,20.43,85.69,4.18,4.66,11.75,37.21
2012-07-03,Coimbatore,11.0168,76.9558,Humid,24.02,28.16,21.1,82.46,4.35,1.86,17.55,37.21
2012-07-04,Coimbatore,11.0168,76.9558,Humid,24.39,29.3,21.49,81.53,3.82,1.42,18.49,37.22
2012-07-05,Coimbatore,11.0168,76.9558,Humid,24.43,29.45,20.85,81.95,2.98,0.64,21.78,37.23
2012-07-06,Coimbatore,11.0168,76.9558,Humid,24.93,29.99,21.1,81.16,3.06,1.64,20.86,37.24
2012-07-07,Coimbatore,11.0168,76.9558,Humid,24.73,29.24,21.54,82.18,3.07,2.94,14.89,37.26
2012-07-08,Coimbatore,11.0168,76.9558,Humid,24.62,28.76,21.47,83.52,2.96,1.61,18.05,37.26
2012-07-09,Coimbatore,11.0168,76.9558,Humid,24.2,27.61,22.18,86.55,3.36,7.47,15.21,37.25
2012-07-10,Coimbatore,11.0168,76.9558,Humid,23.87,27.16,21.89,84.76,3.31,6.88,14.36,37.24
2012-07-11,Coimbatore,11.0168,76.9558,Humid,23.75,28.48,20.64,83.0,3.28,3.88,16.22,37.24
2012-07-12,Coimbatore,11.0168,76.9558,Humid,24.55,29.71,20.84,81.11,2.82,1.15,18.47,37.25
2012-07-13,Coimbatore,11.0168,76.9558,Humid,24.67,30.23,21.04,80.37,3.01,4.34,18.19,37.26
2012-07-14,Coimbatore,11.0168,76.9558,Humid,24.49,28.53,21.71,82.9,2.51,4.51,14.54,37.28
2012-07-15,Coimbatore,11.0168,76.9558,Humid,24.62,28.96,21.67,82.53,1.98,1.36,17.09,37.3
2012-07-16,Coimbatore,11.0168,76.9558,Humid,24.85,30.0,21.09,80.98,1.47,1.13,16.11,37.32
2012-07-17,Coimbatore,11.0168,76.9558,Humid,25.01,30.64,21.23,78.0,1.83,0.69,19.0,37.33
2012-07-18,Coimbatore,11.0168,76.9558,Humid,24.01,29.23,19.73,80.83,2.77,0.35,15.64,37.33
2012-07-19,Coimbatore,11.0168,76.9558,Humid,24.3,29.13,20.83,81.04,3.24,0.21,16.63,37.34
2012-07-20,Coimbatore,11.0168,76.9558,Humid,24.92,29.99,21.59,80.44,3.72,2.35,14.0,37.35
2012-07-21,Coimbatore,11.0168,76.9558,Humid,24.58,29.03,21.65,81.33,4.18,3.72,12.93,37.36
2012-07-22,Coimbatore,11.0168,76.9558,Humid,24.36,28.26,21.63,81.72,4.32,1.44,13.58,37.37
2012-07-23,Coimbatore,11.0168,76.9558,Humid,24.98,30.08,21.78,78.93,3.97,0.24,13.96,37.38
2012-07-24,Coimbatore,11.0168,76.9558,Humid,24.8,29.6,21.94,79.79,3.53,1.42,17.77,37.39
2012-07-25,Coimbatore,11.0168,76.9558,Humid,24.34,28.77,21.26,83.66,3.45,3.58,13.26,37.41
2012-07-26,Coimbatore,11.0168,76.9558,Humid,24.69,29.78,21.29,80.26,3.64,1.87,11.76,37.42
2012-07-27,Coimbatore,11.0168,76.9558,Humid,24.21,28.61,21.34,82.32,3.1,0.7,15.03,37.43
2012-07-28,Coimbatore,11.0168,76.9558,Humid,24.42,28.96,21.2,81.18,3.22,0.88,12.53,37.44
2012-07-29,Coimbatore,11.0168,76.9558,Humid,24.26,28.45,21.55,82.06,2.82,0.57,18.89,37.44
2012-07-30,Coimbatore,11.0168,76.9558,Humid,24.5,29.98,20.95,79.78,3.16,0.63,20.8,37.44
2012-07-31,Coimbatore,11.0168,76.9558,Humid,24.08,28.63,21.32,81.77,3.22,0.29,18.74,37.45
2012-08-01,Coimbatore,11.0168,76.9558,Humid,24.51,30.48,20.66,78.88,3.18,0.01,15.69,37.46
2012-08-02,Coimbatore,11.0168,76.9558,Humid,23.99,28.9,20.82,81.92,3.5,0.17,21.14,37.48
2012-08-03,Coimbatore,11.0168,76.9558,Humid,23.77,26.97,21.67,84.12,3.47,0.81,18.33,37.49
2012-08-04,Coimbatore,11.0168,76.9558,Humid,24.31,28.54,21.68,80.76,3.87,0.43,15.79,37.5
2012-08-05,Coimbatore,11.0168,76.9558,Humid,24.82,30.05,21.37,79.63,3.74,1.67,17.39,37.5
2012-08-06,Coimbatore,11.0168,76.9558,Humid,24.35,29.26,21.24,80.65,3.33,5.8,9.91,37.51
2012-08-07,Coimbatore,11.0168,76.9558,Humid,24.19,29.46,20.87,80.29,3.45,4.43,10.73,37.51
2012-08-08,Coimbatore,11.0168,76.9558,Humid,24.19,30.14,21.12,82.63,3.15,5.0,13.35,37.51
2012-08-09,Coimbatore,11.0168,76.9558,Humid,23.76,27.94,21.33,84.77,3.2,4.23,10.74,37.51
2012-08-10,Coimbatore,11.0168,76.9558,Humid,23.71,27.69,21.1,83.37,3.48,7.22,12.23,37.51
2012-08-11,Coimbatore,11.0168,76.9558,Humid,23.67,27.08,21.46,83.68,3.62,4.32,13.1,37.51
2012-08-12,Coimbatore,11.0168,76.9558,Humid,23.74,27.94,21.33,83.89,2.88,1.46,14.1,37.51
2012-08-13,Coimbatore,11.0168,76.9558,Humid,23.75,28.91,20.38,80.14,2.62,0.73,17.5,37.51
2012-08-14,Coimbatore,11.0168,76.9558,Humid,24.05,29.76,20.06,77.28,2.39,4.03,19.65,37.5
2012-08-15,Coimbatore,11.0168,76.9558,Humid,23.96,28.23,21.09,82.16,2.8,2.82,18.6,37.5
2012-08-16,Coimbatore,11.0168,76.9558,Humid,24.14,29.64,21.19,82.25,2.6,6.29,18.96,37.5
2012-08-17,Coimbatore,11.0168,76.9558,Humid,23.46,27.65,21.2,83.65,3.41,7.21,11.57,37.5
2012-08-18,Coimbatore,11.0168,76.9558,Humid,23.03,26.91,20.62,82.41,3.76,1.63,14.38,37.49
2012-08-19,Coimbatore,11.0168,76.9558,Humid,24.29,30.46,19.86,75.51,3.35,0.2,22.23,37.49
2012-08-20,Coimbatore,11.0168,76.9558,Humid,24.97,31.61,20.29,76.04,2.81,0.0,21.15,37.48
2012-08-21,Coimbatore,11.0168,76.9558,Humid,25.08,30.61,21.25,77.99,2.67,1.3,18.44,37.48
2012-08-22,Coimbatore,11.0168,76.9558,Humid,25.05,29.87,21.52,77.5,1.26,0.15,15.28,37.47
2012-08-23,Coimbatore,11.0168,76.9558,Humid,25.22,30.8,21.88,79.05,1.82,1.55,18.68,37.46
2012-08-24,Coimbatore,11.0168,76.9558,Humid,25.39,32.07,21.09,77.1,1.99,7.01,17.45,37.45
2012-08-25,Coimbatore,11.0168,76.9558,Humid,24.13,29.0,21.9,85.07,2.57,3.11,17.33,37.43
2012-08-26,Coimbatore,11.0168,76.9558,Humid,23.3,26.44,20.48,85.22,2.45,1.51,13.65,37.42
2012-08-27,Coimbatore,11.0168,76.9558,Humid,22.96,28.0,19.46,83.28,3.05,5.47,10.68,37.41
2012-08-28,Coimbatore,11.0168,76.9558,Humid,23.73,28.73,20.68,83.06,3.31,6.79,12.58,37.39
2012-08-29,Coimbatore,11.0168,76.9558,Humid,23.59,27.59,20.95,84.61,3.62,9.89,12.62,37.38
2012-08-30,Coimbatore,11.0168,76.9558,Humid,23.42,27.83,20.57,85.1,3.74,6.72,10.35,37.36
2012-08-31,Coimbatore,11.0168,76.9558,Humid,23.77,27.87,21.09,84.23,3.78,7.28,11.18,37.33
2012-09-01,Coimbatore,11.0168,76.9558,Humid,23.08,26.88,20.58,83.67,3.6,1.16,15.28,37.31
2012-09-02,Coimbatore,11.0168,76.9558,Humid,24.17,28.92,20.76,82.49,3.52,2.59,15.5,37.29
2012-09-03,Coimbatore,11.0168,76.9558,Humid,23.75,28.19,21.13,85.65,3.68,7.93,12.9,37.26
2012-09-04,Coimbatore,11.0168,76.9558,Humid,23.61,27.66,21.07,83.68,4.11,5.56,13.52,37.23
2012-09-05,Coimbatore,11.0168,76.9558,Humid,24.22,30.2,20.31,80.41,3.17,1.39,17.24,37.2
2012-09-06,Coimbatore,11.0168,76.9558,Humid,24.4,29.66,21.05,82.2,3.01,3.4,16.64,37.17
2012-09-07,Coimbatore,11.0168,76.9558,Humid,24.11,29.51,20.68,81.95,3.16,1.88,16.47,37.14
2012-09-08,Coimbatore,11.0168,76.9558,Humid,24.05,29.92,20.66,80.97,3.32,3.44,14.16,37.1
2012-09-09,Coimbatore,11.0168,76.9558,Humid,23.14,26.76,20.54,85.32,3.29,6.6,13.53,37.06
2012-09-10,Coimbatore,11.0168,76.9558,Humid,22.52,26.77,19.89,82.97,3.26,2.18,15.29,37.02
2012-09-11,Coimbatore,11.0168,76.9558,Humid,23.11,27.88,19.85,82.6,2.83,3.35,19.93,36.98
2012-09-12,Coimbatore,11.0168,76.9558,Humid,23.69,28.96,19.84,81.1,2.72,2.21,16.16,36.94
2012-09-13,Coimbatore,11.0168,76.9558,Humid,24.59,30.14,20.98,82.1,2.84,4.29,19.1,36.89
2012-09-14,Coimbatore,11.0168,76.9558,Humid,24.56,29.67,21.3,82.22,2.99,3.82,18.34,36.85
2012-09-15,Coimbatore,11.0168,76.9558,Humid,24.15,28.5,21.35,85.0,3.03,3.68,13.86,36.8
2012-09-16,Coimbatore,11.0168,76.9558,Humid,23.52,26.99,21.2,86.23,2.44,1.61,19.12,36.75
2012-09-17,Coimbatore,11.0168,76.9558,Humid,24.62,30.77,20.33,81.16,2.3,1.05,20.15,36.71
2012-09-18,Coimbatore,11.0168,76.9558,Humid,24.54,30.83,20.23,79.15,2.33,0.56,21.82,36.66
2012-09-19,Coimbatore,11.0168,76.9558,Humid,25.16,31.82,20.61,77.1,1.96,0.06,23.09,36.61
2012-09-20,Coimbatore,11.0168,76.9558,Humid,25.08,32.09,19.96,75.9,2.2,0.0,23.96,36.56
2012-09-21,Coimbatore,11.0168,76.9558,Humid,25.09,31.4,20.89,76.22,1.91,0.0,22.75,36.51
2012-09-22,Coimbatore,11.0168,76.9558,Humid,24.88,30.93,20.58,75.1,2.33,0.01,21.37,36.45
2012-09-23,Coimbatore,11.0168,76.9558,Humid,24.36,30.5,20.21,75.45,2.06,0.01,21.47,36.39
2012-09-24,Coimbatore,11.0168,76.9558,Humid,24.89,31.68,20.27,72.4,2.3,0.32,24.99,36.33
2012-09-25,Coimbatore,11.0168,76.9558,Humid,24.55,30.8,20.18,73.84,2.42,0.07,25.37,36.28
2012-09-26,Coimbatore,11.0168,76.9558,Humid,25.33,32.14,20.45,75.94,2.39,0.0,22.99,36.22
2012-09-27,Coimbatore,11.0168,76.9558,Humid,25.18,30.45,21.29,78.16,1.73,2.16,22.33,36.15
2012-09-28,Coimbatore,11.0168,76.9558,Humid,24.34,28.81,21.22,81.68,1.68,1.55,19.85,36.08
2012-09-29,Coimbatore,11.0168,76.9558,Humid,24.74,30.74,20.56,79.2,2.03,0.98,19.71,36.01
2012-09-30,Coimbatore,11.0168,76.9558,Humid,24.16,29.42,20.62,82.95,2.56,4.62,14.79,35.93
2012-10-01,Coimbatore,11.0168,76.9558,Humid,24.41,30.12,21.02,81.93,2.98,1.34,15.21,35.86
2012-10-02,Coimbatore,11.0168,76.9558,Humid,24.47,30.35,21.01,80.05,3.02,0.65,21.28,35.78
2012-10-03,Coimbatore,11.0168,76.9558,Humid,24.01,30.8,19.84,78.0,2.81,0.1,24.45,35.71
2012-10-04,Coimbatore,11.0168,76.9558,Humid,24.55,32.09,19.32,76.53,2.5,0.0,24.22,35.63
2012-10-05,Coimbatore,11.0168,76.9558,Humid,25.21,33.23,19.26,72.41,2.16,0.0,24.99,35.55
2012-10-06,Coimbatore,11.0168,76.9558,Humid,25.83,32.85,20.54,75.58,1.48,0.2,19.39,35.47
2012-10-07,Coimbatore,11.0168,76.9558,Humid,25.3,29.86,22.01,79.55,1.29,3.04,15.88,35.39
2012-10-08,Coimbatore,11.0168,76.9558,Humid,26.01,32.69,21.24,75.62,1.27,4.82,19.43,35.31
2012-10-09,Coimbatore,11.0168,76.9558,Humid,25.0,31.74,20.68,79.58,1.6,13.44,15.85,35.23
2012-10-10,Coimbatore,11.0168,76.9558,Humid,24.88,31.1,20.65,77.7,1.33,3.86,19.21,35.15
2012-10-11,Coimbatore,11.0168,76.9558,Humid,25.65,31.74,20.14,73.3,0.95,0.89,16.95,35.06
2012-10-12,Coimbatore,11.0168,76.9558,Humid,25.72,31.69,21.28,75.15,1.33,1.26,13.35,34.98
2012-10-13,Coimbatore,11.0168,76.9558,Humid,25.05,29.65,21.78,80.89,1.16,2.65,15.71,34.89
2012-10-14,Coimbatore,11.0168,76.9558,Humid,24.68,29.05,21.88,83.8,0.88,27.24,17.35,34.8
2012-10-15,Coimbatore,11.0168,76.9558,Humid,23.65,28.12,20.55,84.09,1.24,7.63,17.41,34.71
2012-10-16,Coimbatore,11.0168,76.9558,Humid,23.09,26.2,20.95,89.39,1.63,10.92,13.43,34.63
2012-10-17,Coimbatore,11.0168,76.9558,Humid,24.28,29.73,20.9,80.53,2.03,3.38,18.14,34.54
2012-10-18,Coimbatore,11.0168,76.9558,Humid,24.24,29.64,20.42,80.18,1.91,5.15,21.54,34.45
2012-10-19,Coimbatore,11.0168,76.9558,Humid,23.78,28.67,20.61,84.72,2.28,7.97,14.03,34.36
2012-10-20,Coimbatore,11.0168,76.9558,Humid,22.01,24.96,19.87,87.52,2.35,23.04,10.94,34.27
2012-10-21,Coimbatore,11.0168,76.9558,Humid,22.73,27.18,19.39,88.92,2.63,8.42,15.9,34.17
2012-10-22,Coimbatore,11.0168,76.9558,Humid,22.94,25.35,21.41,90.72,2.05,7.96,15.09,34.08
2012-10-23,Coimbatore,11.0168,76.9558,Humid,23.47,27.88,20.45,86.78,2.42,3.56,15.63,33.98
2012-10-24,Coimbatore,11.0168,76.9558,Humid,23.26,26.77,20.83,87.51,1.83,1.07,16.63,33.88
2012-10-25,Coimbatore,11.0168,76.9558,Humid,24.18,29.28,20.17,83.24,1.43,0.79,18.27,33.78
2012-10-26,Coimbatore,11.0168,76.9558,Humid,24.06,29.2,20.59,83.46,1.69,5.75,17.58,33.69
2012-10-27,Coimbatore,11.0168,76.9558,Humid,23.42,28.9,19.5,80.75,1.82,3.24,20.35,33.59
2012-10-28,Coimbatore,11.0168,76.9558,Humid,23.9,29.31,19.5,80.07,1.83,0.74,22.88,33.49
2012-10-29,Coimbatore,11.0168,76.9558,Humid,23.88,28.69,20.15,82.07,1.68,2.08,16.08,33.4
2012-10-30,Coimbatore,11.0168,76.9558,Humid,22.64,26.11,20.31,83.7,1.16,0.42,14.78,33.3
2012-10-31,Coimbatore,11.0168,76.9558,Humid,21.63,24.67,19.49,85.83,1.52,28.45,6.25,33.21
2012-11-01,Coimbatore,11.0168,76.9558,Humid,21.94,25.95,19.13,91.1,3.84,12.95,7.54,33.11
2012-11-02,Coimbatore,11.0168,76.9558,Humid,23.09,27.5,20.27,87.9,2.61,2.54,15.81,33.01
2012-11-03,Coimbatore,11.0168,76.9558,Humid,22.37,27.52,18.71,86.03,1.87,0.93,18.74,32.92
2012-11-04,Coimbatore,11.0168,76.9558,Humid,23.16,29.52,17.62,83.51,0.99,0.67,21.28,32.82
2012-11-05,Coimbatore,11.0168,76.9558,Humid,23.07,28.78,19.26,83.55,1.29,0.25,20.04,32.72
2012-11-06,Coimbatore,11.0168,76.9558,Humid,23.79,29.19,19.06,81.19,1.06,0.01,20.27,32.63
2012-11-07,Coimbatore,11.0168,76.9558,Humid,24.3,29.23,19.99,82.97,0.82,5.91,16.87,32.53
2012-11-08,Coimbatore,11.0168,76.9558,Humid,24.33,28.59,20.95,83.5,1.07,5.93,16.43,32.44
2012-11-09,Coimbatore,11.0168,76.9558,Humid,24.1,28.95,20.63,82.82,1.13,0.46,18.3,32.35
2012-11-10,Coimbatore,11.0168,76.9558,Humid,23.76,29.78,19.73,80.85,1.54,0.83,19.97,32.25
2012-11-11,Coimbatore,11.0168,76.9558,Humid,23.76,29.51,19.96,81.11,1.53,0.54,16.83,32.16
2012-11-12,Coimbatore,11.0168,76.9558,Humid,23.22,28.97,18.8,77.85,1.16,8.57,20.19,32.07
2012-11-13,Coimbatore,11.0168,76.9558,Humid,22.9,28.39,17.95,72.89,1.15,0.46,21.07,31.98
2012-11-14,Coimbatore,11.0168,76.9558,Humid,22.14,29.35,16.81,61.92,1.38,0.0,22.77,31.9
2012-11-15,Coimbatore,11.0168,76.9558,Humid,21.3,29.24,14.61,59.99,0.98,0.0,23.22,31.81
2012-11-16,Coimbatore,11.0168,76.9558,Humid,22.34,29.72,15.32,64.12,0.87,0.0,22.55,31.73
2012-11-17,Coimbatore,11.0168,76.9558,Humid,21.61,28.95,16.34,76.52,1.01,0.0,21.44,31.64
2012-11-18,Coimbatore,11.0168,76.9558,Humid,22.79,30.26,17.18,78.22,1.0,0.0,20.25,31.56
2012-11-19,Coimbatore,11.0168,76.9558,Humid,23.27,29.38,18.98,81.04,0.75,0.0,19.96,31.48
2012-11-20,Coimbatore,11.0168,76.9558,Humid,24.55,31.25,18.81,74.74,0.76,0.0,20.54,31.4
2012-11-21,Coimbatore,11.0168,76.9558,Humid,24.72,31.47,19.36,74.73,0.66,0.0,17.87,31.33
2012-11-22,Coimbatore,11.0168,76.9558,Humid,24.87,30.52,20.97,79.78,0.52,4.87,14.75,31.24
2012-11-23,Coimbatore,11.0168,76.9558,Humid,24.7,29.57,20.96,82.9,0.93,2.48,15.63,31.17
2012-11-24,Coimbatore,11.0168,76.9558,Humid,22.85,26.81,20.52,81.83,2.19,3.44,12.56,31.1
2012-11-25,Coimbatore,11.0168,76.9558,Humid,24.11,29.9,20.6,79.51,2.04,0.1,20.5,31.03
2012-11-26,Coimbatore,11.0168,76.9558,Humid,23.26,27.66,20.1,78.09,1.98,0.0,19.35,30.96
2012-11-27,Coimbatore,11.0168,76.9558,Humid,23.88,30.44,19.27,75.43,2.1,0.0,19.33,30.89
2012-11-28,Coimbatore,11.0168,76.9558,Humid,23.14,30.74,17.77,71.2,1.59,0.0,20.81,30.83
2012-11-29,Coimbatore,11.0168,76.9558,Humid,21.6,28.14,16.64,67.24,1.34,0.0,21.49,30.77
2012-11-30,Coimbatore,11.0168,76.9558,Humid,22.33,30.43,15.89,68.96,1.08,0.0,19.92,30.71
2012-12-01,Coimbatore,11.0168,76.9558,Humid,22.3,30.55,16.27,67.43,1.15,0.0,20.17,30.65
2012-12-02,Coimbatore,11.0168,76.9558,Humid,22.05,30.06,16.02,70.89,1.26,0.0,19.64,30.59
2012-12-03,Coimbatore,11.0168,76.9558,Humid,23.34,30.62,16.49,74.76,1.62,0.6,19.33,30.54
2012-12-04,Coimbatore,11.0168,76.9558,Humid,23.95,28.09,20.3,81.06,2.12,0.91,10.72,30.5
2012-12-05,Coimbatore,11.0168,76.9558,Humid,24.56,30.72,20.33,76.94,2.99,0.4,18.68,30.45
2012-12-06,Coimbatore,11.0168,76.9558,Humid,25.1,30.87,21.61,74.16,3.05,0.08,17.86,30.41
2012-12-07,Coimbatore,11.0168,76.9558,Humid,24.22,31.29,19.86,71.92,2.77,0.01,21.18,30.37
2012-12-08,Coimbatore,11.0168,76.9558,Humid,24.04,31.69,18.99,70.68,1.63,0.0,20.22,30.33
2012-12-09,Coimbatore,11.0168,76.9558,Humid,23.72,31.48,18.64,68.34,1.51,0.0,20.69,30.3
2012-12-10,Coimbatore,11.0168,76.9558,Humid,22.83,31.58,16.36,65.93,1.58,0.0,21.98,30.26
2012-12-11,Coimbatore,11.0168,76.9558,Humid,23.21,31.11,17.06,68.59,1.46,0.0,20.83,30.23
2012-12-12,Coimbatore,11.0168,76.9558,Humid,23.83,31.87,18.0,69.54,1.3,0.0,21.1,30.21
2012-12-13,Coimbatore,11.0168,76.9558,Humid,24.29,31.37,17.88,67.26,0.91,0.0,19.5,30.19
2012-12-14,Coimbatore,11.0168,76.9558,Humid,23.54,31.14,18.44,68.07,2.03,0.0,20.24,30.17
2012-12-15,Coimbatore,11.0168,76.9558,Humid,22.22,29.41,16.59,68.46,2.36,0.0,21.25,30.15
2012-12-16,Coimbatore,11.0168,76.9558,Humid,21.75,29.04,16.62,69.2,2.58,0.0,15.68,30.14
2012-12-17,Coimbatore,11.0168,76.9558,Humid,22.21,29.96,15.6,65.86,3.08,0.0,18.48,30.13
2012-12-18,Coimbatore,11.0168,76.9558,Humid,22.64,29.51,17.54,69.3,3.22,0.0,14.17,30.12
2012-12-19,Coimbatore,11.0168,76.9558,Humid,22.87,30.42,16.41,70.59,2.54,0.0,18.08,30.11
2012-12-20,Coimbatore,11.0168,76.9558,Humid,23.93,30.66,18.41,71.63,2.99,0.0,20.38,30.11
2012-12-21,Coimbatore,11.0168,76.9558,Humid,23.89,30.43,19.44,71.85,2.83,0.0,18.58,30.11
2012-12-22,Coimbatore,11.0168,76.9558,Humid,23.15,30.82,18.05,64.12,2.51,0.0,20.56,30.12
2012-12-23,Coimbatore,11.0168,76.9558,Humid,23.02,31.15,17.12,64.32,2.89,0.0,19.04,30.13
2012-12-24,Coimbatore,11.0168,76.9558,Humid,23.22,31.01,17.11,68.06,2.24,0.0,20.27,30.14
2012-12-25,Coimbatore,11.0168,76.9558,Humid,23.85,31.03,17.93,70.22,2.31,0.0,17.67,30.15
2012-12-26,Coimbatore,11.0168,76.9558,Humid,24.16,31.06,18.12,70.8,2.09,0.06,17.58,30.17
2012-12-27,Coimbatore,11.0168,76.9558,Humid,24.52,30.26,19.06,71.33,2.63,0.14,17.68,30.19
2012-12-28,Coimbatore,11.0168,76.9558,Humid,24.2,29.59,20.25,75.2,2.33,0.12,12.26,30.22
2012-12-29,Coimbatore,11.0168,76.9558,Humid,24.42,28.98,20.97,80.22,2.85,1.95,13.13,30.24
2012-12-30,Coimbatore,11.0168,76.9558,Humid,25.82,32.31,21.83,75.25,2.15,0.31,15.53,30.27
2012-12-31,Coimbatore,11.0168,76.9558,Humid,24.53,28.5,21.81,76.22,2.08,1.67,17.11,30.3
2013-01-01,Coimbatore,11.0168,76.9558,Humid,24.98,32.45,19.47,69.1,1.83,0.06,20.41,30.34
2013-01-02,Coimbatore,11.0168,76.9558,Humid,24.98,33.45,18.91,59.96,1.38,0.0,20.88,30.38
2013-01-03,Coimbatore,11.0168,76.9558,Humid,24.45,33.27,17.23,55.02,1.42,0.0,21.21,30.42
2013-01-04,Coimbatore,11.0168,76.9558,Humid,25.81,33.55,19.31,61.05,0.97,0.0,19.81,30.46
2013-01-05,Coimbatore,11.0168,76.9558,Humid,26.25,33.56,20.14,61.82,1.3,0.0,19.29,30.51
2013-01-06,Coimbatore,11.0168,76.9558,Humid,26.31,33.3,20.82,61.87,1.22,0.0,17.84,30.56
2013-01-07,Coimbatore,11.0168,76.9558,Humid,26.24,33.55,20.96,58.63,1.82,0.0,17.54,30.61
2013-01-08,Coimbatore,11.0168,76.9558,Humid,26.45,34.69,19.45,55.75,1.46,0.0,16.97,30.67
2013-01-09,Coimbatore,11.0168,76.9558,Humid,25.59,32.05,20.52,55.34,1.77,0.14,17.48,30.72
2013-01-10,Coimbatore,11.0168,76.9558,Humid,25.49,33.67,19.16,56.05,1.62,0.0,21.42,30.79
2013-01-11,Coimbatore,11.0168,76.9558,Humid,24.38,32.89,17.92,53.12,1.93,0.0,20.64,30.84
2013-01-12,Coimbatore,11.0168,76.9558,Humid,23.53,32.34,16.98,53.54,1.92,0.0,20.71,30.91
2013-01-13,Coimbatore,11.0168,76.9558,Humid,23.49,33.2,16.32,49.69,1.95,0.0,21.99,30.98
2013-01-14,Coimbatore,11.0168,76.9558,Humid,23.46,33.05,16.24,47.24,1.81,0.0,22.14,31.05
2013-01-15,Coimbatore,11.0168,76.9558,Humid,23.58,32.78,16.76,53.65,2.21,0.0,22.44,31.13
2013-01-16,Coimbatore,11.0168,76.9558,Humid,23.34,31.68,16.91,59.13,2.62,0.0,22.32,31.21
2013-01-17,Coimbatore,11.0168,76.9558,Humid,23.21,31.85,15.99,59.19,2.29,0.0,22.35,31.29
2013-01-18,Coimbatore,11.0168,76.9558,Humid,23.68,32.47,16.11,57.02,1.79,0.0,21.97,31.37
2013-01-19,Coimbatore,11.0168,76.9558,Humid,24.42,33.48,17.83,55.28,1.76,0.0,22.1,31.45
2013-01-20,Coimbatore,11.0168,76.9558,Humid,24.1,33.36,16.9,50.45,1.71,0.0,22.58,31.54
2013-01-21,Coimbatore,11.0168,76.9558,Humid,25.17,33.58,19.04,55.47,1.69,0.0,22.03,31.62
2013-01-22,Coimbatore,11.0168,76.9558,Humid,24.25,33.33,16.62,49.38,1.95,0.0,22.81,31.71
2013-01-23,Coimbatore,11.0168,76.9558,Humid,24.22,33.13,17.01,50.09,1.63,0.0,22.34,31.8
2013-01-24,Coimbatore,11.0168,76.9558,Humid,24.23,33.32,17.79,49.88,1.69,0.0,22.85,31.89
2013-01-25,Coimbatore,11.0168,76.9558,Humid,24.31,33.34,17.38,49.11,1.89,0.0,22.25,31.99
2013-01-26,Coimbatore,11.0168,76.9558,Humid,23.73,33.0,16.0,47.37,2.06,0.0,23.46,32.08
2013-01-27,Coimbatore,11.0168,76.9558,Humid,23.88,32.72,16.26,53.78,2.11,0.0,23.05,32.17
2013-01-28,Coimbatore,11.0168,76.9558,Humid,24.78,32.9,17.73,52.99,1.53,0.18,22.46,32.27
2013-01-29,Coimbatore,11.0168,76.9558,Humid,25.29,33.62,18.29,51.53,1.09,0.04,19.74,32.36
2013-01-30,Coimbatore,11.0168,76.9558,Humid,25.48,32.88,19.36,52.02,2.06,0.0,20.63,32.46
2013-01-31,Coimbatore,11.0168,76.9558,Humid,24.82,32.82,19.57,53.59,2.99,0.0,22.0,32.56
2013-02-01,Coimbatore,11.0168,76.9558,Humid,23.59,32.45,17.08,47.48,2.49,0.0,22.57,32.66
2013-02-02,Coimbatore,11.0168,76.9558,Humid,23.28,32.57,15.97,48.2,2.11,0.0,23.42,32.76
2013-02-03,Coimbatore,11.0168,76.9558,Humid,23.89,33.38,16.61,47.65,1.83,0.0,23.86,32.86
2013-02-04,Coimbatore,11.0168,76.9558,Humid,24.94,33.7,17.78,49.17,1.32,0.0,21.74,32.97
2013-02-05,Coimbatore,11.0168,76.9558,Humid,26.34,34.22,18.92,58.13,1.74,0.17,20.34,33.07
2013-02-06,Coimbatore,11.0168,76.9558,Humid,26.13,32.65,21.09,64.48,1.42,1.46,15.85,33.18
2013-02-07,Coimbatore,11.0168,76.9558,Humid,26.74,33.6,21.16,60.22,1.37,0.07,20.65,33.28
2013-02-08,Coimbatore,11.0168,76.9558,Humid,27.23,33.65,21.14,57.69,0.81,0.0,18.46,33.38
2013-02-09,Coimbatore,11.0168,76.9558,Humid,27.38,34.88,21.34,50.18,1.68,0.0,18.11,33.49
2013-02-10,Coimbatore,11.0168,76.9558,Humid,26.38,34.67,19.06,48.47,2.68,0.0,23.21,33.59
2013-02-11,Coimbatore,11.0168,76.9558,Humid,26.13,33.32,19.74,55.0,3.59,0.0,23.2,33.69
2013-02-12,Coimbatore,11.0168,76.9558,Humid,26.95,34.72,20.81,52.01,3.52,0.02,22.42,33.8
2013-02-13,Coimbatore,11.0168,76.9558,Humid,24.88,30.38,20.07,61.66,2.88,0.17,19.91,33.91
2013-02-14,Coimbatore,11.0168,76.9558,Humid,25.27,31.04,21.28,66.09,2.65,3.92,15.7,34.01
2013-02-15,Coimbatore,11.0168,76.9558,Humid,25.35,31.19,19.89,63.88,1.18,1.24,14.5,34.11
2013-02-16,Coimbatore,11.0168,76.9558,Humid,26.43,34.4,21.06,64.83,1.79,0.84,16.36,34.21
2013-02-17,Coimbatore,11.0168,76.9558,Humid,26.16,33.13,21.32,68.7,2.23,3.05,19.32,34.31
2013-02-18,Coimbatore,11.0168,76.9558,Humid,24.66,29.57,21.81,79.7,1.63,12.8,18.89,34.42
2013-02-19,Coimbatore,11.0168,76.9558,Humid,23.86,28.13,21.22,82.45,1.91,17.67,17.08,34.51
2013-02-20,Coimbatore,11.0168,76.9558,Humid,25.41,32.83,19.68,67.81,1.84,0.04,21.33,34.61
2013-02-21,Coimbatore,11.0168,76.9558,Humid,24.57,33.11,18.99,61.25,2.19,0.0,23.67,34.72
2013-02-22,Coimbatore,11.0168,76.9558,Humid,23.82,32.58,17.85,60.21,2.34,0.0,24.77,34.82
2013-02-23,Coimbatore,11.0168,76.9558,Humid,23.87,32.56,17.22,59.64,1.85,0.0,25.05,34.92
2013-02-24,Coimbatore,11.0168,76.9558,Humid,24.14,33.05,17.37,58.0,1.66,0.0,25.64,35.02
2013-02-25,Coimbatore,11.0168,76.9558,Humid,23.51,32.58,16.41,50.37,1.72,0.0,26.12,35.12
2013-02-26,Coimbatore,11.0168,76.9558,Humid,23.33,32.98,14.92,47.2,1.79,0.0,26.75,35.21
2013-02-27,Coimbatore,11.0168,76.9558,Humid,24.44,33.24,16.54,45.63,1.39,0.0,26.26,35.31
2013-02-28,Coimbatore,11.0168,76.9558,Humid,24.98,33.99,16.85,51.11,1.33,0.0,25.7,35.4
2013-03-01,Coimbatore,11.0168,76.9558,Humid,25.23,34.81,17.96,50.4,1.75,0.0,25.49,35.49
2013-03-02,Coimbatore,11.0168,76.9558,Humid,25.13,35.25,16.83,43.18,2.27,0.0,25.6,35.58
2013-03-03,Coimbatore,11.0168,76.9558,Humid,25.29,35.85,16.96,44.45,2.05,0.0,25.43,35.68
2013-03-04,Coimbatore,11.0168,76.9558,Humid,26.09,35.38,16.37,49.81,2.51,0.0,21.81,35.77
2013-03-05,Coimbatore,11.0168,76.9558,Humid,25.55,31.94,21.57,71.26,3.45,2.55,20.43,35.86
2013-03-06,Coimbatore,11.0168,76.9558,Humid,25.75,32.54,21.37,72.37,2.86,1.68,15.32,35.95
2013-03-07,Coimbatore,11.0168,76.9558,Humid,26.23,33.1,21.4,70.66,2.92,1.86,18.66,36.03
2013-03-08,Coimbatore,11.0168,76.9558,Humid,25.8,31.39,21.01,67.23,1.85,1.38,18.89,36.11
2013-03-09,Coimbatore,11.0168,76.9558,Humid,26.46,33.42,21.55,69.89,1.44,1.62,17.84,36.19
2013-03-10,Coimbatore,11.0168,76.9558,Humid,26.98,33.81,21.66,66.28,1.18,0.28,22.19,36.27
2013-03-11,Coimbatore,11.0168,76.9558,Humid,27.19,34.33,21.79,68.12,1.13,3.54,15.63,36.35
2013-03-12,Coimbatore,11.0168,76.9558,Humid,26.73,33.02,22.37,68.42,0.89,0.92,22.04,36.42
2013-03-13,Coimbatore,11.0168,76.9558,Humid,27.69,35.93,20.99,57.24,1.15,0.0,24.57,36.49
2013-03-14,Coimbatore,11.0168,76.9558,Humid,27.12,34.92,20.59,47.14,1.81,0.0,22.27,36.55
2013-03-15,Coimbatore,11.0168,76.9558,Humid,27.02,35.81,19.31,48.0,1.64,0.3,23.36,36.62
2013-03-16,Coimbatore,11.0168,76.9558,Humid,27.37,35.53,20.2,56.48,1.5,0.72,22.4,36.69
2013-03-17,Coimbatore,11.0168,76.9558,Humid,28.1,36.22,21.51,54.54,1.31,0.16,24.36,36.76
2013-03-18,Coimbatore,11.0168,76.9558,Humid,28.53,36.37,21.58,52.26,1.11,0.01,20.89,36.83
2013-03-19,Coimbatore,11.0168,76.9558,Humid,28.36,36.59,20.75,46.05,1.34,0.0,23.41,36.9
2013-03-20,Coimbatore,11.0168,76.9558,Humid,27.98,35.29,22.14,48.61,1.21,0.0,23.49,36.96
2013-03-21,Coimbatore,11.0168,76.9558,Humid,28.72,36.73,22.22,45.7,1.14,0.0,22.37,37.02
2013-03-22,Coimbatore,11.0168,76.9558,Humid,29.34,38.12,21.73,45.98,0.95,0.0,24.56,37.08
2013-03-23,Coimbatore,11.0168,76.9558,Humid,28.85,37.3,21.49,49.59,0.98,0.0,22.74,37.14
2013-03-24,Coimbatore,11.0168,76.9558,Humid,29.02,37.61,21.78,42.39,1.23,0.13,25.56,37.19
2013-03-25,Coimbatore,11.0168,76.9558,Humid,28.62,37.18,21.66,54.7,1.15,2.08,21.91,37.25
2013-03-26,Coimbatore,11.0168,76.9558,Humid,28.46,36.47,22.62,60.01,1.6,2.71,19.57,37.3
2013-03-27,Coimbatore,11.0168,76.9558,Humid,29.06,37.17,21.97,57.56,1.35,0.32,22.43,37.34
2013-03-28,Coimbatore,11.0168,76.9558,Humid,28.47,35.34,23.15,62.96,1.79,0.28,22.86,37.39
2013-03-29,Coimbatore,11.0168,76.9558,Humid,29.4,37.62,22.67,59.31,1.79,0.0,23.39,37.43
2013-03-30,Coimbatore,11.0168,76.9558,Humid,28.96,36.77,23.18,59.38,1.84,0.0,21.02,37.48
2013-03-31,Coimbatore,11.0168,76.9558,Humid,29.53,38.04,22.57,57.31,1.8,0.13,22.58,37.52
2013-04-01,Coimbatore,11.0168,76.9558,Humid,29.68,37.91,23.63,57.26,2.26,0.0,21.27,37.56
2013-04-02,Coimbatore,11.0168,76.9558,Humid,29.87,38.84,23.04,55.79,1.95,0.06,19.95,37.6
2013-04-03,Coimbatore,11.0168,76.9558,Humid,29.93,37.55,23.32,55.62,1.53,0.0,19.7,37.63
2013-04-04,Coimbatore,11.0168,76.9558,Humid,29.9,38.82,23.51,57.04,2.63,0.0,21.16,37.66
2013-04-05,Coimbatore,11.0168,76.9558,Humid,30.03,38.58,23.11,55.05,2.02,0.94,21.38,37.69
2013-04-06,Coimbatore,11.0168,76.9558,Humid,29.53,37.25,23.49,56.44,2.54,0.04,16.5,37.72
2013-04-07,Coimbatore,11.0168,76.9558,Humid,30.03,38.27,23.87,54.62,1.96,0.0,23.79,37.75
2013-04-08,Coimbatore,11.0168,76.9558,Humid,30.4,36.46,25.06,52.21,1.37,0.0,21.34,37.78
2013-04-09,Coimbatore,11.0168,76.9558,Humid,30.33,37.85,24.47,55.51,1.8,0.07,20.94,37.8
2013-04-10,Coimbatore,11.0168,76.9558,Humid,29.92,37.77,24.14,57.86,1.76,0.02,22.34,37.82
2013-04-11,Coimbatore,11.0168,76.9558,Humid,30.31,39.2,23.5,56.4,1.69,0.0,23.39,37.84
2013-04-12,Coimbatore,11.0168,76.9558,Humid,30.81,39.53,24.01,48.5,1.73,0.0,26.48,37.86
2013-04-13,Coimbatore,11.0168,76.9558,Humid,30.85,39.09,24.58,48.88,1.07,0.0,24.86,37.88
2013-04-14,Coimbatore,11.0168,76.9558,Humid,30.04,38.05,24.32,56.09,2.2,0.03,24.92,37.9
2013-04-15,Coimbatore,11.0168,76.9558,Humid,28.5,35.44,24.11,62.29,2.55,2.39,20.45,37.91
2013-04-16,Coimbatore,11.0168,76.9558,Humid,29.05,36.77,23.15,60.55,1.96,0.18,24.72,37.92
2013-04-17,Coimbatore,11.0168,76.9558,Humid,29.4,37.88,23.14,56.66,2.72,0.02,25.2,37.93
2013-04-18,Coimbatore,11.0168,76.9558,Humid,29.17,37.23,22.32,53.38,2.09,0.0,22.93,37.94
2013-04-19,Coimbatore,11.0168,76.9558,Humid,29.27,37.29,23.65,51.83,2.22,0.0,25.78,37.95
2013-04-20,Coimbatore,11.0168,76.9558,Humid,29.39,38.6,22.78,51.96,2.55,0.0,25.96,37.95
2013-04-21,Coimbatore,11.0168,76.9558,Humid,29.4,38.8,21.28,50.99,1.93,0.06,25.72,37.95
2013-04-22,Coimbatore,11.0168,76.9558,Humid,29.28,37.88,21.59,54.93,2.26,0.02,20.92,37.95
2013-04-23,Coimbatore,11.0168,76.9558,Humid,28.87,35.13,23.92,60.32,1.79,0.98,19.32,37.96
2013-04-24,Coimbatore,11.0168,76.9558,Humid,27.48,31.0,24.24,66.33,1.22,3.79,20.04,37.97
2013-04-25,Coimbatore,11.0168,76.9558,Humid,27.99,33.57,22.95,65.54,1.08,1.36,20.41,37.97
2013-04-26,Coimbatore,11.0168,76.9558,Humid,28.09,33.02,24.02,64.27,1.04,0.05,22.0,37.97
2013-04-27,Coimbatore,11.0168,76.9558,Humid,29.02,35.72,23.26,58.23,1.38,0.01,19.33,37.97
2013-04-28,Coimbatore,11.0168,76.9558,Humid,28.56,34.88,23.93,65.55,1.7,2.12,20.34,37.97
2013-04-29,Coimbatore,11.0168,76.9558,Humid,27.23,31.06,24.1,71.85,1.25,1.32,19.25,37.96
2013-04-30,Coimbatore,11.0168,76.9558,Humid,29.73,36.74,23.76,57.33,1.21,0.16,25.19,37.95
2013-05-01,Coimbatore,11.0168,76.9558,Humid,29.54,37.1,24.14,60.35,1.32,1.16,24.94,37.94
2013-05-02,Coimbatore,11.0168,76.9558,Humid,28.55,35.64,24.15,68.49,2.18,0.35,21.57,37.93
2013-05-03,Coimbatore,11.0168,76.9558,Humid,28.79,35.12,24.66,66.74,2.47,0.9,18.32,37.92
2013-05-04,Coimbatore,11.0168,76.9558,Humid,26.94,29.99,24.64,77.55,1.74,4.52,19.33,37.92
2013-05-05,Coimbatore,11.0168,76.9558,Humid,27.05,31.75,23.66,75.18,1.05,1.44,20.04,37.91
2013-05-06,Coimbatore,11.0168,76.9558,Humid,28.2,34.94,23.28,70.26,1.28,0.93,15.06,37.89
2013-05-07,Coimbatore,11.0168,76.9558,Humid,27.24,32.81,23.84,72.21,2.11,1.63,18.66,37.88
2013-05-08,Coimbatore,11.0168,76.9558,Humid,27.7,34.45,22.58,68.48,2.63,1.16,21.79,37.87
2013-05-09,Coimbatore,11.0168,76.9558,Humid,28.57,36.47,23.36,67.83,2.75,0.3,23.06,37.86
2013-05-10,Coimbatore,11.0168,76.9558,Humid,28.75,35.27,23.7,66.65,2.0,0.84,22.63,37.84
2013-05-11,Coimbatore,11.0168,76.9558,Humid,28.82,36.31,24.26,65.85,2.5,3.19,22.57,37.83
2013-05-12,Coimbatore,11.0168,76.9558,Humid,26.72,31.76,23.83,74.98,2.65,2.29,12.54,37.81
2013-05-13,Coimbatore,11.0168,76.9558,Humid,25.82,30.09,23.06,71.7,2.02,0.25,15.63,37.79
2013-05-14,Coimbatore,11.0168,76.9558,Humid,26.24,31.14,22.85,71.05,3.17,0.07,20.61,37.77
2013-05-15,Coimbatore,11.0168,76.9558,Humid,27.43,34.27,22.8,64.01,3.32,0.04,22.34,37.75
2013-05-16,Coimbatore,11.0168,76.9558,Humid,28.12,35.34,22.54,58.79,2.72,0.01,23.02,37.73
2013-05-17,Coimbatore,11.0168,76.9558,Humid,28.79,36.19,23.2,60.89,3.01,0.11,22.43,37.72
2013-05-18,Coimbatore,11.0168,76.9558,Humid,28.75,36.06,23.39,63.83,2.82,0.07,21.83,37.71
2013-05-19,Coimbatore,11.0168,76.9558,Humid,28.93,36.43,23.81,66.35,2.24,7.82,20.45,37.7
2013-05-20,Coimbatore,11.0168,76.9558,Humid,27.03,31.89,23.92,77.82,2.28,9.52,21.36,37.69
2013-05-21,Coimbatore,11.0168,76.9558,Humid,27.64,35.28,22.98,64.92,1.91,1.78,23.77,37.67
2013-05-22,Coimbatore,11.0168,76.9558,Humid,27.39,33.78,23.17,70.65,3.43,0.46,22.79,37.65
2013-05-23,Coimbatore,11.0168,76.9558,Humid,26.96,32.57,23.21,73.13,3.7,2.19,21.54,37.62
2013-05-24,Coimbatore,11.0168,76.9558,Humid,26.8,32.31,23.17,75.86,3.65,0.7,22.94,37.6
2013-05-25,Coimbatore,11.0168,76.9558,Humid,24.91,27.67,22.03,80.75,3.28,5.73,18.19,37.58
2013-05-26,Coimbatore,11.0168,76.9558,Humid,24.58,29.43,21.16,76.77,2.76,2.65,17.89,37.57
2013-05-27,Coimbatore,11.0168,76.9558,Humid,24.13,27.61,22.1,84.44,2.94,3.01,19.52,37.55
2013-05-28,Coimbatore,11.0168,76.9558,Humid,23.72,26.56,21.6,85.01,2.7,3.55,19.1,37.54
2013-05-29,Coimbatore,11.0168,76.9558,Humid,24.25,27.87,21.77,82.4,2.94,2.52,18.61,37.53
2013-05-30,Coimbatore,11.0168,76.9558,Humid,24.8,30.17,21.72,82.7,2.82,5.77,11.42,37.51
2013-05-31,Coimbatore,11.0168,76.9558,Humid,23.84,27.33,21.61,86.95,2.94,18.98,13.07,37.49
2013-06-01,Coimbatore,11.0168,76.9558,Humid,24.21,29.59,21.19,81.06,3.8,7.61,13.25,37.47
2013-06-02,Coimbatore,11.0168,76.9558,Humid,23.77,27.85,21.83,82.72,4.32,10.45,12.15,37.44
2013-06-03,Coimbatore,11.0168,76.9558,Humid,24.35,28.2,21.8,84.15,3.64,5.14,14.36,37.43
2013-06-04,Coimbatore,11.0168,76.9558,Humid,24.95,29.26,22.11,78.46,2.96,0.17,18.33,37.41
2013-06-05,Coimbatore,11.0168,76.9558,Humid,25.21,30.34,21.65,78.45,2.76,1.29,19.42,37.4
2013-06-06,Coimbatore,11.0168,76.9558,Humid,24.67,28.63,22.03,82.97,3.19,7.05,16.07,37.39
2013-06-07,Coimbatore,11.0168,76.9558,Humid,23.8,27.58,21.36,83.61,3.57,8.2,15.85,37.37
2013-06-08,Coimbatore,11.0168,76.9558,Humid,23.54,27.18,21.21,83.0,4.12,8.04,12.88,37.36
2013-06-09,Coimbatore,11.0168,76.9558,Humid,23.94,28.87,20.5,78.78,4.17,4.15,16.22,37.35
2013-06-10,Coimbatore,11.0168,76.9558,Humid,24.46,29.43,20.65,79.24,3.95,3.65,16.31,37.34
2013-06-11,Coimbatore,11.0168,76.9558,Humid,24.38,27.89,22.23,83.1,4.27,11.76,10.48,37.32
2013-06-12,Coimbatore,11.0168,76.9558,Humid,23.51,26.15,22.02,84.7,4.63,8.14,11.93,37.31
2013-06-13,Coimbatore,11.0168,76.9558,Humid,24.03,28.19,21.25,80.51,4.8,5.5,12.17,37.3
2013-06-14,Coimbatore,11.0168,76.9558,Humid,24.41,27.6,22.4,84.42,4.7,4.89,15.45,37.29
2013-06-15,Coimbatore,11.0168,76.9558,Humid,24.8,28.29,22.76,83.52,5.02,11.15,13.22,37.29
2013-06-16,Coimbatore,11.0168,76.9558,Humid,24.51,27.48,22.48,84.97,4.75,19.47,11.69,37.28
2013-06-17,Coimbatore,11.0168,76.9558,Humid,23.37,26.22,21.56,86.94,4.5,23.28,8.76,37.27
2013-06-18,Coimbatore,11.0168,76.9558,Humid,23.52,26.68,21.16,86.83,3.97,12.64,9.44,37.26
2013-06-19,Coimbatore,11.0168,76.9558,Humid,23.16,25.54,21.65,88.89,3.9,10.45,14.86,37.25
2013-06-20,Coimbatore,11.0168,76.9558,Humid,23.41,26.18,21.43,87.79,3.46,4.05,14.95,37.24
2013-06-21,Coimbatore,11.0168,76.9558,Humid,23.48,26.22,21.58,87.54,3.68,6.62,13.67,37.23
2013-06-22,Coimbatore,11.0168,76.9558,Humid,23.11,26.75,21.1,84.97,4.19,17.25,10.52,37.24
2013-06-23,Coimbatore,11.0168,76.9558,Humid,23.78,27.15,21.12,85.1,4.17,8.91,10.88,37.25
2013-06-24,Coimbatore,11.0168,76.9558,Humid,24.15,27.03,22.53,86.25,4.52,14.62,10.94,37.25
2013-06-25,Coimbatore,11.0168,76.9558,Humid,24.19,27.61,22.27,86.63,4.23,14.14,9.53,37.24
2013-06-26,Coimbatore,11.0168,76.9558,Humid,23.96,26.91,22.23,88.28,3.79,11.82,12.2,37.24
2013-06-27,Coimbatore,11.0168,76.9558,Humid,23.68,27.09,21.26,88.55,3.21,4.44,14.24,37.23
2013-06-28,Coimbatore,11.0168,76.9558,Humid,23.67,28.25,20.81,84.78,2.88,1.03,14.69,37.23
2013-06-29,Coimbatore,11.0168,76.9558,Humid,23.63,28.17,20.48,82.92,2.91,1.04,19.54,37.23
2013-06-30,Coimbatore,11.0168,76.9558,Humid,23.17,26.67,20.85,86.99,3.34,2.8,16.86,37.23
2013-07-01,Coimbatore,11.0168,76.9558,Humid,22.56,26.44,20.36,85.01,3.58,2.88,15.06,37.23
2013-07-02,Coimbatore,11.0168,76.9558,Humid,23.15,27.35,20.2,85.56,4.4,9.99,11.07,37.23
2013-07-03,Coimbatore,11.0168,76.9558,Humid,22.43,24.87,20.11,87.26,4.44,7.92,12.37,37.23
2013-07-04,Coimbatore,11.0168,76.9558,Humid,24.0,27.89,21.5,86.26,3.93,6.74,13.54,37.23
2013-07-05,Coimbatore,11.0168,76.9558,Humid,24.06,27.78,21.83,87.03,3.04,3.51,11.82,37.22
2013-07-06,Coimbatore,11.0168,76.9558,Humid,23.4,26.3,21.21,87.07,2.92,2.77,17.49,37.22
2013-07-07,Coimbatore,11.0168,76.9558,Humid,23.01,25.84,21.1,87.26,3.51,3.66,14.85,37.23
2013-07-08,Coimbatore,11.0168,76.9558,Humid,23.18,26.71,20.89,85.05,3.79,7.72,13.37,37.24
2013-07-09,Coimbatore,11.0168,76.9558,Humid,22.95,26.45,20.95,85.64,3.96,10.07,12.05,37.25
2013-07-10,Coimbatore,11.0168,76.9558,Humid,22.71,26.24,20.26,85.91,3.92,10.26,11.13,37.27
2013-07-11,Coimbatore,11.0168,76.9558,Humid,22.52,26.65,20.03,84.27,3.72,3.97,14.41,37.28
2013-07-12,Coimbatore,11.0168,76.9558,Humid,22.76,26.72,20.48,86.93,3.87,5.9,11.98,37.29
2013-07-13,Coimbatore,11.0168,76.9558,Humid,22.79,25.91,20.25,89.06,3.5,2.75,9.26,37.3
2013-07-14,Coimbatore,11.0168,76.9558,Humid,23.67,27.83,20.6,85.9,3.17,1.95,15.69,37.31
2013-07-15,Coimbatore,11.0168,76.9558,Humid,23.76,27.22,21.48,87.34,3.6,1.99,12.1,37.32
2013-07-16,Coimbatore,11.0168,76.9558,Humid,23.01,25.86,20.84,87.19,3.89,6.66,11.18,37.32
2013-07-17,Coimbatore,11.0168,76.9558,Humid,22.96,26.24,20.59,87.25,3.56,2.45,10.02,37.33
2013-07-18,Coimbatore,11.0168,76.9558,Humid,23.4,27.33,21.14,86.31,4.09,11.43,11.19,37.34
2013-07-19,Coimbatore,11.0168,76.9558,Humid,22.48,24.81,20.96,90.42,4.08,17.65,7.99,37.35
2013-07-20,Coimbatore,11.0168,76.9558,Humid,22.95,26.58,20.73,86.08,4.21,11.14,11.43,37.36
2013-07-21,Coimbatore,11.0168,76.9558,Humid,22.75,26.43,20.62,86.28,4.01,10.33,9.68,37.37
2013-07-22,Coimbatore,11.0168,76.9558,Humid,22.84,26.45,20.49,86.31,4.21,3.59,12.58,37.39
2013-07-23,Coimbatore,11.0168,76.9558,Humid,22.91,26.23,20.82,86.26,4.66,4.29,12.04,37.39
2013-07-24,Coimbatore,11.0168,76.9558,Humid,22.86,26.36,20.33,85.3,5.33,5.19,12.45,37.4
2013-07-25,Coimbatore,11.0168,76.9558,Humid,22.87,25.98,21.0,86.75,4.86,8.25,14.98,37.41
2013-07-26,Coimbatore,11.0168,76.9558,Humid,22.61,25.84,20.64,87.14,4.28,9.62,10.45,37.41
2013-07-27,Coimbatore,11.0168,76.9558,Humid,23.11,27.2,20.53,87.56,3.23,8.19,14.1,37.42
2013-07-28,Coimbatore,11.0168,76.9558,Humid,23.34,27.39,20.45,87.14,2.93,4.54,13.84,37.43
2013-07-29,Coimbatore,11.0168,76.9558,Humid,22.47,26.63,19.67,85.92,3.16,0.73,16.46,37.44
2013-07-30,Coimbatore,11.0168,76.9558,Humid,23.09,26.86,20.14,87.59,3.7,1.49,13.84,37.45
2013-07-31,Coimbatore,11.0168,76.9558,Humid,23.35,26.92,20.92,85.94,4.8,4.0,13.83,37.46
2013-08-01,Coimbatore,11.0168,76.9558,Humid,23.68,26.92,21.57,86.51,5.21,9.67,10.77,37.46
2013-08-02,Coimbatore,11.0168,76.9558,Humid,23.37,25.8,21.25,86.32,4.78,6.44,13.54,37.47
2013-08-03,Coimbatore,11.0168,76.9558,Humid,23.24,27.31,20.07,84.78,4.16,5.41,12.16,37.47
2013-08-04,Coimbatore,11.0168,76.9558,Humid,23.08,26.4,21.09,87.27,4.28,17.23,13.82,37.48
2013-08-05,Coimbatore,11.0168,76.9558,Humid,22.27,25.45,20.61,89.2,4.33,12.06,11.99,37.49
2013-08-06,Coimbatore,11.0168,76.9558,Humid,22.38,25.8,20.28,89.09,3.17,7.78,11.75,37.5
2013-08-07,Coimbatore,11.0168,76.9558,Humid,23.14,27.51,19.87,87.16,2.68,2.24,15.47,37.5
2013-08-08,Coimbatore,11.0168,76.9558,Humid,23.46,27.48,20.62,87.05,2.96,3.86,16.98,37.51
2013-08-09,Coimbatore,11.0168,76.9558,Humid,22.73,25.69,20.83,90.4,2.29,1.65,15.55,37.51
2013-08-10,Coimbatore,11.0168,76.9558,Humid,23.21,26.79,20.67,89.07,2.35,7.16,15.73,37.51
2013-08-11,Coimbatore,11.0168,76.9558,Humid,23.18,26.75,20.48,88.41,2.3,1.42,17.41,37.51
2013-08-12,Coimbatore,11.0168,76.9558,Humid,23.46,27.31,20.58,87.34,2.47,0.82,17.89,37.51
2013-08-13,Coimbatore,11.0168,76.9558,Humid,23.01,26.21,20.81,88.98,2.5,3.27,16.0,37.51
2013-08-14,Coimbatore,11.0168,76.9558,Humid,22.72,26.12,20.3,88.37,2.28,1.03,15.15,37.51
2013-08-15,Coimbatore,11.0168,76.9558,Humid,23.12,26.99,20.41,88.65,2.43,1.64,16.38,37.51
2013-08-16,Coimbatore,11.0168,76.9558,Humid,23.33,27.29,20.6,87.13,2.52,2.72,14.17,37.51
2013-08-17,Coimbatore,11.0168,76.9558,Humid,23.49,27.84,20.63,86.43,2.47,1.11,14.26,37.51
2013-08-18,Coimbatore,11.0168,76.9558,Humid,23.43,27.86,20.52,86.21,3.09,1.4,14.18,37.51
2013-08-19,Coimbatore,11.0168,76.9558,Humid,23.01,26.46,20.83,87.72,2.75,0.79,17.62,37.5
2013-08-20,Coimbatore,11.0168,76.9558,Humid,23.65,27.83,21.0,86.33,3.43,1.04,15.83,37.5
2013-08-21,Coimbatore,11.0168,76.9558,Humid,23.51,27.25,20.94,86.22,3.24,1.21,15.48,37.49
2013-08-22,Coimbatore,11.0168,76.9558,Humid,23.33,27.61,19.87,85.75,2.91,0.67,18.65,37.48
2013-08-23,Coimbatore,11.0168,76.9558,Humid,23.79,28.89,20.32,83.96,2.97,0.43,15.76,37.47
2013-08-24,Coimbatore,11.0168,76.9558,Humid,23.57,28.31,19.88,84.8,2.77,1.18,16.17,37.46
2013-08-25,Coimbatore,11.0168,76.9558,Humid,23.95,28.84,20.35,84.14,2.68,0.9,16.16,37.44
2013-08-26,Coimbatore,11.0168,76.9558,Humid,23.97,28.35,20.51,84.59,2.35,0.59,18.97,37.43
2013-08-27,Coimbatore,11.0168,76.9558,Humid,24.21,29.41,20.55,83.79,2.0,1.7,21.79,37.41
2013-08-28,Coimbatore,11.0168,76.9558,Humid,24.17,28.93,20.64,82.85,1.83,2.07,19.97,37.39
2013-08-29,Coimbatore,11.0168,76.9558,Humid,23.91,27.73,21.18,85.88,1.3,7.78,16.71,37.37
2013-08-30,Coimbatore,11.0168,76.9558,Humid,24.96,30.24,20.52,82.86,1.02,2.32,18.85,37.35
2013-08-31,Coimbatore,11.0168,76.9558,Humid,25.33,29.33,22.17,83.48,0.86,1.84,18.61,37.32
2013-09-01,Coimbatore,11.0168,76.9558,Humid,24.92,28.43,22.07,83.44,0.82,2.25,20.4,37.3
2013-09-02,Coimbatore,11.0168,76.9558,Humid,24.62,28.82,21.84,86.03,1.11,9.1,20.36,37.27
2013-09-03,Coimbatore,11.0168,76.9558,Humid,23.37,27.56,20.15,85.25,1.74,3.98,15.65,37.25
2013-09-04,Coimbatore,11.0168,76.9558,Humid,22.57,26.15,20.1,84.95,1.68,0.34,18.71,37.23
2013-09-05,Coimbatore,11.0168,76.9558,Humid,23.32,28.59,19.1,84.33,2.07,5.05,18.84,37.2
2013-09-06,Coimbatore,11.0168,76.9558,Humid,23.3,27.2,21.01,86.79,1.92,11.6,15.02,37.17
2013-09-07,Coimbatore,11.0168,76.9558,Humid,23.2,27.4,20.38,86.01,2.46,4.81,14.03,37.14
2013-09-08,Coimbatore,11.0168,76.9558,Humid,22.28,25.59,20.4,89.58,2.26,3.48,14.28,37.11
2013-09-09,Coimbatore,11.0168,76.9558,Humid,22.71,27.33,19.55,84.9,2.75,0.76,16.28,37.07
2013-09-10,Coimbatore,11.0168,76.9558,Humid,23.23,28.38,20.09,84.77,2.77,6.21,16.67,37.03
2013-09-11,Coimbatore,11.0168,76.9558,Humid,23.14,27.6,20.35,86.79,2.55,2.07,14.58,37.0
2013-09-12,Coimbatore,11.0168,76.9558,Humid,22.86,26.4,20.72,90.1,2.74,7.09,14.88,36.96
2013-09-13,Coimbatore,11.0168,76.9558,Humid,23.54,27.39,21.28,88.54,2.93,3.36,17.01,36.91
2013-09-14,Coimbatore,11.0168,76.9558,Humid,23.81,27.55,21.3,88.95,2.64,3.01,16.28,36.87
2013-09-15,Coimbatore,11.0168,76.9558,Humid,23.78,27.17,21.95,88.2,3.25,8.31,14.39,36.82
2013-09-16,Coimbatore,11.0168,76.9558,Humid,24.0,27.67,21.78,89.36,3.33,4.97,15.12,36.78
2013-09-17,Coimbatore,11.0168,76.9558,Humid,23.45,26.33,22.06,89.66,3.98,7.68,10.01,36.73
2013-09-18,Coimbatore,11.0168,76.9558,Humid,23.21,27.07,21.04,87.43,4.12,4.44,13.86,36.68
2013-09-19,Coimbatore,11.0168,76.9558,Humid,23.27,27.34,21.01,86.46,3.97,2.2,15.69,36.62
2013-09-20,Coimbatore,11.0168,76.9558,Humid,23.38,26.77,21.27,88.65,3.94,1.85,14.24,36.57
2013-09-21,Coimbatore,11.0168,76.9558,Humid,23.34,26.53,21.28,88.99,3.16,0.84,14.06,36.52
2013-09-22,Coimbatore,11.0168,76.9558,Humid,23.6,28.45,20.78,85.41,2.81,0.27,20.81,36.46
2013-09-23,Coimbatore,11.0168,76.9558,Humid,23.13,27.98,20.47,85.89,2.34,0.42,25.26,36.4
2013-09-24,Coimbatore,11.0168,76.9558,Humid,23.92,29.52,20.06,84.54,2.37,0.19,18.14,36.34
2013-09-25,Coimbatore,11.0168,76.9558,Humid,24.11,29.56,19.93,84.05,2.5,0.21,19.18,36.28
2013-09-26,Coimbatore,11.0168,76.9558,Humid,24.27,30.43,20.0,81.85,2.09,0.0,22.43,36.21
2013-09-27,Coimbatore,11.0168,76.9558,Humid,24.59,30.83,19.93,80.14,2.02,0.06,23.77,36.15
2013-09-28,Coimbatore,11.0168,76.9558,Humid,23.87,29.04,20.38,83.53,2.23,0.07,18.97,36.08
2013-09-29,Coimbatore,11.0168,76.9558,Humid,23.73,29.12,20.11,83.09,2.68,1.17,15.81,36.01
2013-09-30,Coimbatore,11.0168,76.9558,Humid,23.89,29.18,20.35,84.03,2.82,1.94,17.27,35.94
2013-10-01,Coimbatore,11.0168,76.9558,Humid,24.4,29.68,20.9,83.49,2.5,2.49,16.9,35.87
2013-10-02,Coimbatore,11.0168,76.9558,Humid,24.36,29.89,20.75,82.58,2.53,2.26,15.87,35.8
2013-10-03,Coimbatore,11.0168,76.9558,Humid,23.45,27.74,20.51,84.77,2.48,0.51,19.68,35.72
2013-10-04,Coimbatore,11.0168,76.9558,Humid,22.84,27.86,19.94,84.02,2.36,0.0,23.22,35.65
2013-10-05,Coimbatore,11.0168,76.9558,Humid,22.82,28.76,18.08,81.38,2.6,1.19,18.98,35.57
2013-10-06,Coimbatore,11.0168,76.9558,Humid,23.89,29.45,20.5,83.14,2.84,1.95,18.57,35.49
2013-10-07,Coimbatore,11.0168,76.9558,Humid,24.25,28.6,21.14,86.71,1.91,2.27,17.15,35.41
2013-10-08,Coimbatore,11.0168,76.9558,Humid,24.36,28.95,21.37,86.05,1.45,14.93,17.7,35.33
2013-10-09,Coimbatore,11.0168,76.9558,Humid,23.02,26.26,20.97,89.3,2.19,8.72,13.28,35.25
2013-10-10,Coimbatore,11.0168,76.9558,Humid,23.24,27.76,20.46,86.33,1.94,2.98,17.94,35.17
2013-10-11,Coimbatore,11.0168,76.9558,Humid,24.18,29.53,20.6,83.07,2.46,0.05,19.22,35.08
2013-10-12,Coimbatore,11.0168,76.9558,Humid,23.48,29.03,19.35,83.17,2.64,1.34,22.17,34.99
2013-10-13,Coimbatore,11.0168,76.9558,Humid,24.39,29.48,21.38,84.03,2.92,1.53,18.25,34.9
2013-10-14,Coimbatore,11.0168,76.9558,Humid,25.09,31.19,20.56,79.92,2.11,0.01,21.63,34.82
2013-10-15,Coimbatore,11.0168,76.9558,Humid,24.04,27.03,22.0,87.99,1.58,6.03,16.16,34.73
2013-10-16,Coimbatore,11.0168,76.9558,Humid,23.47,26.32,21.84,91.3,1.6,25.35,14.29,34.65
2013-10-17,Coimbatore,11.0168,76.9558,Humid,22.09,23.92,20.49,92.28,1.47,6.7,17.37,34.56
2013-10-18,Coimbatore,11.0168,76.9558,Humid,23.25,26.72,20.19,86.42,0.48,7.4,17.06,34.47
2013-10-19,Coimbatore,11.0168,76.9558,Humid,23.49,27.5,20.59,86.38,1.27,16.79,18.31,34.38
2013-10-20,Coimbatore,11.0168,76.9558,Humid,23.01,25.98,20.78,89.78,0.95,11.06,13.08,34.28
2013-10-21,Coimbatore,11.0168,76.9558,Humid,23.92,28.26,20.57,85.06,0.94,5.31,16.26,34.18
2013-10-22,Coimbatore,11.0168,76.9558,Humid,23.63,27.06,21.33,91.38,1.36,6.4,13.28,34.08
2013-10-23,Coimbatore,11.0168,76.9558,Humid,23.17,25.64,21.6,92.36,1.85,2.51,13.34,33.97
2013-10-24,Coimbatore,11.0168,76.9558,Humid,23.46,27.14,21.24,90.89,2.1,3.54,11.32,33.87
2013-10-25,Coimbatore,11.0168,76.9558,Humid,23.46,26.63,21.76,91.13,2.33,1.49,14.83,33.78
2013-10-26,Coimbatore,11.0168,76.9558,Humid,23.56,27.95,20.59,89.19,1.79,5.13,17.51,33.69
2013-10-27,Coimbatore,11.0168,76.9558,Humid,22.96,28.39,19.39,85.99,1.73,0.3,20.51,33.6
2013-10-28,Coimbatore,11.0168,76.9558,Humid,22.72,28.67,18.38,83.47,1.49,0.12,20.98,33.51
2013-10-29,Coimbatore,11.0168,76.9558,Humid,23.84,29.84,19.04,83.25,0.69,0.61,18.46,33.41
2013-10-30,Coimbatore,11.0168,76.9558,Humid,23.92,28.14,20.81,86.08,0.6,2.14,14.52,33.31
2013-10-31,Coimbatore,11.0168,76.9558,Humid,24.29,28.48,21.09,84.71,1.04,1.69,15.59,33.21
2013-11-01,Coimbatore,11.0168,76.9558,Humid,24.33,28.95,20.36,81.6,0.88,2.52,18.69,33.12
2013-11-02,Coimbatore,11.0168,76.9558,Humid,23.49,27.09,21.02,88.15,1.45,10.76,19.25,33.03
2013-11-03,Coimbatore,11.0168,76.9558,Humid,23.32,27.08,20.52,87.63,1.66,2.22,18.0,32.93
2013-11-04,Coimbatore,11.0168,76.9558,Humid,23.03,26.9,20.44,85.45,1.91,4.2,14.38,32.84
2013-11-05,Coimbatore,11.0168,76.9558,Humid,22.96,26.43,20.64,87.0,2.22,1.12,17.41,32.74
2013-11-06,Coimbatore,11.0168,76.9558,Humid,23.26,27.68,20.0,83.63,2.24,0.3,17.17,32.64
2013-11-07,Coimbatore,11.0168,76.9558,Humid,23.47,28.99,18.4,80.68,2.17,0.02,19.09,32.54
2013-11-08,Coimbatore,11.0168,76.9558,Humid,23.34,28.87,18.91,77.84,1.99,0.0,18.62,32.45
2013-11-09,Coimbatore,11.0168,76.9558,Humid,22.52,28.85,16.67,74.7,1.65,0.0,20.64,32.36
2013-11-10,Coimbatore,11.0168,76.9558,Humid,23.59,29.47,17.78,77.85,1.3,0.0,18.98,32.27
2013-11-11,Coimbatore,11.0168,76.9558,Humid,24.41,29.85,19.71,78.24,1.06,0.43,17.79,32.18
2013-11-12,Coimbatore,11.0168,76.9558,Humid,23.49,28.02,20.13,84.99,0.98,2.0,13.24,32.09
2013-11-13,Coimbatore,11.0168,76.9558,Humid,20.99,22.73,19.52,87.91,1.25,11.0,14.5,32.0
2013-11-14,Coimbatore,11.0168,76.9558,Humid,22.21,25.94,17.93,82.42,0.86,6.5,15.12,31.91
2013-11-15,Coimbatore,11.0168,76.9558,Humid,22.71,29.47,18.22,78.28,1.36,1.61,20.16,31.82
2013-11-16,Coimbatore,11.0168,76.9558,Humid,21.76,26.59,17.29,84.47,1.4,8.26,14.51,31.73
2013-11-17,Coimbatore,11.0168,76.9558,Humid,23.03,27.75,20.41,86.55,1.24,8.52,9.58,31.65
2013-11-18,Coimbatore,11.0168,76.9558,Humid,23.24,28.19,19.68,84.63,2.32,8.43,16.43,31.57
2013-11-19,Coimbatore,11.0168,76.9558,Humid,23.55,28.7,19.32,78.53,1.51,1.14,18.93,31.49
2013-11-20,Coimbatore,11.0168,76.9558,Humid,24.24,30.06,19.6,76.63,0.74,0.34,19.57,31.41
2013-11-21,Coimbatore,11.0168,76.9558,Humid,23.87,29.27,19.83,81.96,0.73,2.92,19.35,31.34
2013-11-22,Coimbatore,11.0168,76.9558,Humid,23.57,27.63,20.02,80.81,0.78,1.37,18.07,31.26
2013-11-23,Coimbatore,11.0168,76.9558,Humid,23.96,28.77,20.02,81.46,0.57,3.03,11.74,31.19
2013-11-24,Coimbatore,11.0168,76.9558,Humid,23.2,27.16,21.12,88.4,1.0,5.24,12.92,31.12
2013-11-25,Coimbatore,11.0168,76.9558,Humid,23.48,28.29,19.74,84.58,1.07,5.87,14.47,31.05
2013-11-26,Coimbatore,11.0168,76.9558,Humid,23.95,28.86,19.66,81.45,0.89,1.61,16.44,30.98
2013-11-27,Coimbatore,11.0168,76.9558,Humid,23.76,28.84,19.28,80.93,0.78,0.25,16.77,30.91
2013-11-28,Coimbatore,11.0168,76.9558,Humid,23.58,29.14,19.38,82.31,0.94,0.01,16.76,30.84
2013-11-29,Coimbatore,11.0168,76.9558,Humid,23.5,28.15,19.66,81.14,1.09,0.31,12.26,30.77
2013-11-30,Coimbatore,11.0168,76.9558,Humid,23.22,29.28,17.98,77.05,1.64,0.03,16.47,30.72
2013-12-01,Coimbatore,11.0168,76.9558,Humid,22.9,27.12,20.3,85.31,2.11,10.25,15.82,30.66
2013-12-02,Coimbatore,11.0168,76.9558,Humid,22.04,26.01,19.5,87.39,2.03,4.41,13.96,30.6
2013-12-03,Coimbatore,11.0168,76.9558,Humid,21.7,26.05,18.58,84.42,2.18,0.64,17.29,30.56
2013-12-04,Coimbatore,11.0168,76.9558,Humid,22.1,26.84,18.84,82.86,2.56,0.05,18.86,30.51
2013-12-05,Coimbatore,11.0168,76.9558,Humid,22.78,29.0,17.35,77.51,1.92,0.0,20.56,30.46
2013-12-06,Coimbatore,11.0168,76.9558,Humid,23.22,29.77,17.36,68.73,0.87,0.0,20.27,30.42
2013-12-07,Coimbatore,11.0168,76.9558,Humid,23.84,30.14,17.99,61.97,0.94,0.0,18.7,30.38
2013-12-08,Coimbatore,11.0168,76.9558,Humid,24.16,30.76,19.0,76.75,1.09,0.0,19.67,30.34
2013-12-09,Coimbatore,11.0168,76.9558,Humid,23.78,30.19,19.6,76.79,1.23,0.0,19.56,30.31
2013-12-10,Coimbatore,11.0168,76.9558,Humid,22.62,30.6,16.7,67.36,1.01,0.0,21.27,30.27
2013-12-11,Coimbatore,11.0168,76.9558,Humid,22.31,30.76,16.45,61.48,0.89,0.0,21.13,30.24
2013-12-12,Coimbatore,11.0168,76.9558,Humid,22.26,27.23,16.72,74.64,1.78,9.19,14.64,30.21
2013-12-13,Coimbatore,11.0168,76.9558,Humid,23.48,28.7,20.66,84.6,3.41,3.26,8.77,30.19
2013-12-14,Coimbatore,11.0168,76.9558,Humid,23.62,29.54,19.14,78.88,1.5,0.56,17.5,30.16
2013-12-15,Coimbatore,11.0168,76.9558,Humid,24.36,31.28,18.63,74.46,1.3,0.24,18.8,30.14
2013-12-16,Coimbatore,11.0168,76.9558,Humid,21.17,30.01,15.38,64.76,1.52,0.0,20.46,30.13
2013-12-17,Coimbatore,11.0168,76.9558,Humid,20.04,27.98,14.34,71.87,2.03,0.0,20.62,30.12
2013-12-18,Coimbatore,11.0168,76.9558,Humid,20.95,28.59,14.59,75.85,1.75,0.0,21.5,30.11
2013-12-19,Coimbatore,11.0168,76.9558,Humid,22.08,29.29,16.17,75.55,1.15,0.0,20.76,30.11
2013-12-20,Coimbatore,11.0168,76.9558,Humid,21.93,28.9,16.46,75.7,1.38,0.0,20.31,30.1
2013-12-21,Coimbatore,11.0168,76.9558,Humid,21.28,28.29,16.21,73.19,1.63,0.0,20.22,30.1
2013-12-22,Coimbatore,11.0168,76.9558,Humid,21.0,28.63,15.9,71.81,2.09,0.0,20.36,30.11
2013-12-23,Coimbatore,11.0168,76.9558,Humid,20.5,28.18,14.79,71.59,2.31,0.0,21.54,30.11
2013-12-24,Coimbatore,11.0168,76.9558,Humid,21.44,28.99,15.87,74.96,2.52,0.0,21.0,30.12
2013-12-25,Coimbatore,11.0168,76.9558,Humid,21.91,29.71,15.7,73.35,2.02,0.0,19.38,30.14
2013-12-26,Coimbatore,11.0168,76.9558,Humid,21.41,29.05,16.55,70.48,2.01,0.0,19.33,30.15
2013-12-27,Coimbatore,11.0168,76.9558,Humid,21.23,28.78,16.23,71.71,1.93,0.0,19.11,30.18
2013-12-28,Coimbatore,11.0168,76.9558,Humid,21.29,28.93,14.8,69.49,1.4,0.0,18.65,30.2
2013-12-29,Coimbatore,11.0168,76.9558,Humid,21.04,28.87,15.2,70.57,1.52,0.0,18.19,30.23
2013-12-30,Coimbatore,11.0168,76.9558,Humid,20.51,29.13,13.59,67.99,1.9,0.0,20.8,30.25
2013-12-31,Coimbatore,11.0168,76.9558,Humid,21.09,29.16,15.19,69.48,2.09,0.0,21.05,30.29
2014-01-01,Coimbatore,11.0168,76.9558,Humid,21.9,29.37,16.82,71.58,2.52,0.0,20.04,30.32
2014-01-02,Coimbatore,11.0168,76.9558,Humid,21.99,29.78,16.8,70.27,2.12,0.0,19.57,30.37
2014-01-03,Coimbatore,11.0168,76.9558,Humid,21.97,28.29,16.34,73.65,1.9,0.0,20.0,30.4
2014-01-04,Coimbatore,11.0168,76.9558,Humid,22.6,30.28,17.88,69.42,1.84,0.0,20.65,30.44
2014-01-05,Coimbatore,11.0168,76.9558,Humid,22.74,30.67,16.77,63.24,1.38,0.0,20.76,30.47
2014-01-06,Coimbatore,11.0168,76.9558,Humid,22.91,32.02,15.85,63.69,1.43,0.0,20.73,30.51
2014-01-07,Coimbatore,11.0168,76.9558,Humid,22.88,31.1,16.52,67.15,2.14,0.24,21.05,30.56
2014-01-08,Coimbatore,11.0168,76.9558,Humid,22.71,29.35,17.41,73.5,2.98,0.2,19.46,30.62
2014-01-09,Coimbatore,11.0168,76.9558,Humid,23.6,30.56,18.51,71.59,2.33,0.02,19.05,30.69
2014-01-10,Coimbatore,11.0168,76.9558,Humid,23.06,30.94,17.39,69.54,1.76,0.0,16.94,30.76
2014-01-11,Coimbatore,11.0168,76.9558,Humid,22.4,30.41,16.5,68.43,1.63,0.0,17.64,30.83
2014-01-12,Coimbatore,11.0168,76.9558,Humid,22.95,31.5,16.68,67.29,1.45,0.0,21.42,30.91
2014-01-13,Coimbatore,11.0168,76.9558,Humid,22.7,30.3,17.12,66.05,1.86,0.0,20.9,30.98
2014-01-14,Coimbatore,11.0168,76.9558,Humid,23.8,30.92,18.99,69.35,2.18,0.0,20.77,31.05
2014-01-15,Coimbatore,11.0168,76.9558,Humid,23.64,31.22,17.88,66.48,1.76,0.0,17.33,31.12
2014-01-16,Coimbatore,11.0168,76.9558,Humid,23.87,31.45,17.79,66.31,1.63,0.01,16.73,31.2
2014-01-17,Coimbatore,11.0168,76.9558,Humid,23.68,30.16,18.94,67.25,2.04,0.04,11.65,31.28
2014-01-18,Coimbatore,11.0168,76.9558,Humid,23.39,30.7,18.01,62.92,2.25,0.01,18.02,31.35
2014-01-19,Coimbatore,11.0168,76.9558,Humid,23.65,31.42,17.85,63.9,2.66,0.0,18.69,31.43
2014-01-20,Coimbatore,11.0168,76.9558,Humid,24.21,31.08,19.11,61.82,3.05,0.0,18.93,31.51
2014-01-21,Coimbatore,11.0168,76.9558,Humid,23.37,31.03,17.59,60.95,2.64,0.0,21.7,31.6
2014-01-22,Coimbatore,11.0168,76.9558,Humid,23.42,31.14,17.72,60.87,2.74,0.0,21.56,31.68
2014-01-23,Coimbatore,11.0168,76.9558,Humid,23.43,31.53,17.3,60.06,1.92,0.0,21.43,31.77
2014-01-24,Coimbatore,11.0168,76.9558,Humid,23.85,31.94,17.49,61.28,1.74,0.0,20.38,31.86
2014-01-25,Coimbatore,11.0168,76.9558,Humid,24.12,31.74,18.38,60.26,2.63,0.0,19.53,31.95
2014-01-26,Coimbatore,11.0168,76.9558,Humid,23.55,31.58,18.26,54.98,3.08,0.0,21.49,32.05
2014-01-27,Coimbatore,11.0168,76.9558,Humid,23.2,30.74,15.89,58.83,3.19,0.0,22.05,32.15
2014-01-28,Coimbatore,11.0168,76.9558,Humid,23.36,31.61,16.54,52.29,2.6,0.0,22.56,32.24
2014-01-29,Coimbatore,11.0168,76.9558,Humid,23.34,32.67,16.27,53.06,1.7,0.0,22.33,32.34
2014-01-30,Coimbatore,11.0168,76.9558,Humid,23.87,32.43,15.93,52.18,1.73,0.0,19.8,32.43
2014-01-31,Coimbatore,11.0168,76.9558,Humid,23.98,32.5,16.48,54.23,2.21,0.0,21.77,32.52
2014-02-01,Coimbatore,11.0168,76.9558,Humid,24.21,32.21,18.47,58.6,2.41,0.0,20.36,32.6
2014-02-02,Coimbatore,11.0168,76.9558,Humid,24.68,32.76,18.75,60.17,2.85,0.0,22.14,32.69
2014-02-03,Coimbatore,11.0168,76.9558,Humid,24.28,33.11,18.47,51.95,2.55,0.0,23.18,32.79
2014-02-04,Coimbatore,11.0168,76.9558,Humid,24.28,33.47,16.8,51.02,1.63,0.0,22.3,32.9
2014-02-05,Coimbatore,11.0168,76.9558,Humid,24.31,34.07,15.76,43.94,1.48,0.0,23.09,33.01
2014-02-06,Coimbatore,11.0168,76.9558,Humid,23.89,34.56,14.7,40.73,1.63,0.0,24.0,33.13
2014-02-07,Coimbatore,11.0168,76.9558,Humid,23.54,33.46,15.22,43.67,1.72,0.0,24.53,33.24
2014-02-08,Coimbatore,11.0168,76.9558,Humid,23.56,33.44,15.43,43.67,1.61,0.0,24.59,33.36
2014-02-09,Coimbatore,11.0168,76.9558,Humid,24.2,34.05,15.39,43.22,0.96,0.0,23.74,33.46
2014-02-10,Coimbatore,11.0168,76.9558,Humid,25.69,34.55,18.17,51.12,0.87,0.0,22.73,33.56
2014-02-11,Coimbatore,11.0168,76.9558,Humid,25.71,34.23,18.79,52.27,0.9,0.0,22.41,33.65
2014-02-12,Coimbatore,11.0168,76.9558,Humid,25.37,32.85,20.19,63.54,1.11,0.0,16.89,33.75
2014-02-13,Coimbatore,11.0168,76.9558,Humid,26.61,34.19,20.5,59.17,1.26,0.0,21.59,33.85
2014-02-14,Coimbatore,11.0168,76.9558,Humid,26.84,34.66,21.1,57.51,1.13,0.03,19.03,33.95
2014-02-15,Coimbatore,11.0168,76.9558,Humid,26.68,35.19,20.91,59.9,1.79,0.02,15.75,34.06
2014-02-16,Coimbatore,11.0168,76.9558,Humid,26.4,35.23,19.62,59.61,1.76,0.0,19.82,34.17
2014-02-17,Coimbatore,11.0168,76.9558,Humid,27.79,36.74,19.21,51.08,0.95,0.09,21.86,34.29
2014-02-18,Coimbatore,11.0168,76.9558,Humid,27.16,33.53,22.26,57.88,2.84,0.1,14.59,34.39
2014-02-19,Coimbatore,11.0168,76.9558,Humid,26.81,33.95,20.78,55.22,2.02,0.0,16.21,34.49
2014-02-20,Coimbatore,11.0168,76.9558,Humid,26.69,33.68,20.55,56.97,1.46,0.0,17.16,34.59
2014-02-21,Coimbatore,11.0168,76.9558,Humid,26.74,34.11,20.83,56.72,1.48,1.16,17.44,34.69
2014-02-22,Coimbatore,11.0168,76.9558,Humid,26.7,34.44,19.73,54.68,1.39,0.57,16.79,34.78
2014-02-23,Coimbatore,11.0168,76.9558,Humid,25.85,33.98,19.03,46.24,2.14,0.0,21.22,34.88
2014-02-24,Coimbatore,11.0168,76.9558,Humid,25.56,34.54,19.4,60.8,3.1,0.26,24.68,34.98
2014-02-25,Coimbatore,11.0168,76.9558,Humid,26.14,33.77,20.36,60.2,3.22,0.11,21.62,35.09
2014-02-26,Coimbatore,11.0168,76.9558,Humid,25.91,34.24,19.73,50.72,2.3,0.0,24.19,35.19
2014-02-27,Coimbatore,11.0168,76.9558,Humid,26.33,35.1,18.7,48.81,1.28,0.0,23.22,35.29
2014-02-28,Coimbatore,11.0168,76.9558,Humid,26.8,33.55,21.27,55.99,0.92,0.0,18.12,35.38
2014-03-01,Coimbatore,11.0168,76.9558,Humid,27.3,34.05,21.72,58.35,1.42,0.01,16.85,35.46
2014-03-02,Coimbatore,11.0168,76.9558,Humid,26.88,33.45,21.49,56.65,1.68,0.07,20.3,35.55
2014-03-03,Coimbatore,11.0168,76.9558,Humid,26.49,32.64,21.82,59.95,1.32,1.47,18.83,35.65
2014-03-04,Coimbatore,11.0168,76.9558,Humid,27.23,34.74,21.19,61.42,1.22,0.84,20.25,35.74
2014-03-05,Coimbatore,11.0168,76.9558,Humid,25.83,31.03,21.77,63.98,1.93,0.4,20.62,35.84
2014-03-06,Coimbatore,11.0168,76.9558,Humid,27.19,34.15,20.45,56.8,1.35,0.35,18.74,35.93
2014-03-07,Coimbatore,11.0168,76.9558,Humid,26.86,33.29,21.67,55.22,2.36,1.38,18.51,36.01
2014-03-08,Coimbatore,11.0168,76.9558,Humid,26.88,34.18,20.8,53.19,2.31,0.13,23.39,36.09
2014-03-09,Coimbatore,11.0168,76.9558,Humid,26.48,32.74,21.14,51.2,2.32,0.44,18.61,36.17
2014-03-10,Coimbatore,11.0168,76.9558,Humid,26.98,33.91,21.22,49.19,2.31,0.01,19.9,36.25
2014-03-11,Coimbatore,11.0168,76.9558,Humid,26.15,33.23,21.21,49.99,2.91,0.0,23.44,36.32
2014-03-12,Coimbatore,11.0168,76.9558,Humid,25.96,34.95,18.94,47.36,2.85,0.0,26.16,36.39
2014-03-13,Coimbatore,11.0168,76.9558,Humid,25.78,34.9,16.89,48.69,2.57,0.0,26.81,36.47
2014-03-14,Coimbatore,11.0168,76.9558,Humid,26.06,35.53,17.77,44.47,2.52,0.0,27.08,36.55
2014-03-15,Coimbatore,11.0168,76.9558,Humid,26.01,35.78,16.49,36.07,2.39,0.0,25.23,36.62
2014-03-16,Coimbatore,11.0168,76.9558,Humid,26.36,36.22,17.06,38.93,2.8,0.0,27.08,36.69
2014-03-17,Coimbatore,11.0168,76.9558,Humid,27.14,36.85,17.39,37.42,2.5,0.0,27.35,36.76
2014-03-18,Coimbatore,11.0168,76.9558,Humid,28.3,37.23,18.95,40.55,2.18,0.0,27.35,36.83
2014-03-19,Coimbatore,11.0168,76.9558,Humid,28.86,36.53,20.44,39.05,1.9,0.0,26.01,36.89
2014-03-20,Coimbatore,11.0168,76.9558,Humid,29.5,37.28,22.4,48.07,1.63,0.5,25.18,36.95
2014-03-21,Coimbatore,11.0168,76.9558,Humid,29.45,37.44,23.18,51.09,1.15,0.29,24.44,37.02
2014-03-22,Coimbatore,11.0168,76.9558,Humid,29.16,35.97,22.7,52.54,0.74,0.01,21.12,37.07
2014-03-23,Coimbatore,11.0168,76.9558,Humid,29.41,37.43,23.25,45.15,1.1,0.0,23.14,37.13
2014-03-24,Coimbatore,11.0168,76.9558,Humid,28.59,36.93,21.61,36.66,1.65,0.0,26.3,37.18
2014-03-25,Coimbatore,11.0168,76.9558,Humid,28.34,37.4,21.12,36.05,1.98,0.0,27.7,37.24
2014-03-26,Coimbatore,11.0168,76.9558,Humid,27.88,37.13,19.12,33.02,2.42,0.0,27.2,37.29
2014-03-27,Coimbatore,11.0168,76.9558,Humid,27.4,36.93,18.29,32.37,1.48,0.0,28.13,37.34
2014-03-28,Coimbatore,11.0168,76.9558,Humid,27.93,37.44,20.17,29.93,1.8,0.0,25.43,37.39
2014-03-29,Coimbatore,11.0168,76.9558,Humid,28.85,37.9,20.96,26.87,1.92,0.0,27.11,37.44
2014-03-30,Coimbatore,11.0168,76.9558,Humid,29.15,37.67,21.52,36.84,1.6,0.0,25.61,37.48
2014-03-31,Coimbatore,11.0168,76.9558,Humid,29.51,38.53,22.12,53.1,1.5,0.0,23.99,37.52
2014-04-01,Coimbatore,11.0168,76.9558,Humid,29.84,38.87,22.09,54.27,1.6,0.13,23.09,37.55
2014-04-02,Coimbatore,11.0168,76.9558,Humid,30.27,37.84,23.23,51.72,1.15,0.05,18.81,37.59
2014-04-03,Coimbatore,11.0168,76.9558,Humid,30.22,38.7,22.54,37.5,1.7,0.0,23.25,37.62
2014-04-04,Coimbatore,11.0168,76.9558,Humid,29.79,38.32,22.66,36.59,1.57,0.0,24.26,37.65
2014-04-05,Coimbatore,11.0168,76.9558,Humid,30.02,38.11,21.97,40.79,1.67,0.0,24.91,37.68
2014-04-06,Coimbatore,11.0168,76.9558,Humid,29.98,37.66,22.95,47.76,1.82,0.49,25.32,37.72
2014-04-07,Coimbatore,11.0168,76.9558,Humid,29.07,35.97,23.7,56.33,1.11,1.56,25.12,37.75
2014-04-08,Coimbatore,11.0168,76.9558,Humid,26.66,31.39,23.39,73.1,1.91,5.63,21.76,37.78
2014-04-09,Coimbatore,11.0168,76.9558,Humid,27.11,33.25,22.35,67.51,1.59,1.32,17.23,37.81
2014-04-10,Coimbatore,11.0168,76.9558,Humid,28.62,35.48,23.52,58.74,1.59,0.08,19.54,37.83
2014-04-11,Coimbatore,11.0168,76.9558,Humid,27.73,34.63,22.81,64.55,2.2,1.28,21.29,37.85
2014-04-12,Coimbatore,11.0168,76.9558,Humid,28.63,36.07,22.86,61.31,1.5,1.71,21.02,37.87
2014-04-13,Coimbatore,11.0168,76.9558,Humid,29.04,35.5,23.42,59.07,1.19,0.26,21.71,37.88
2014-04-14,Coimbatore,11.0168,76.9558,Humid,28.85,35.47,24.14,60.57,1.11,1.54,17.2,37.89
2014-04-15,Coimbatore,11.0168,76.9558,Humid,29.24,36.61,23.37,59.09,1.23,0.34,19.88,37.9
2014-04-16,Coimbatore,11.0168,76.9558,Humid,27.96,34.7,23.43,64.78,1.67,0.29,20.36,37.9
2014-04-17,Coimbatore,11.0168,76.9558,Humid,28.69,36.82,22.85,62.21,2.01,0.06,23.14,37.92
2014-04-18,Coimbatore,11.0168,76.9558,Humid,29.96,38.21,22.64,56.07,1.52,0.4,20.48,37.93
2014-04-19,Coimbatore,11.0168,76.9558,Humid,29.75,37.44,23.82,58.99,1.31,0.4,22.87,37.95
2014-04-20,Coimbatore,11.0168,76.9558,Humid,28.76,34.42,24.66,58.13,0.71,0.19,21.73,37.97
2014-04-21,Coimbatore,11.0168,76.9558,Humid,29.69,36.86,23.74,48.58,0.83,0.0,24.52,37.98
2014-04-22,Coimbatore,11.0168,76.9558,Humid,30.0,37.6,23.64,46.69,1.37,0.45,24.97,37.98
2014-04-23,Coimbatore,11.0168,76.9558,Humid,29.48,36.94,23.9,58.92,1.61,1.38,22.07,37.98
2014-04-24,Coimbatore,11.0168,76.9558,Humid,28.14,34.24,24.04,68.71,1.73,1.62,20.68,37.98
2014-04-25,Coimbatore,11.0168,76.9558,Humid,28.58,35.75,23.32,67.5,2.06,0.22,20.91,37.98
2014-04-26,Coimbatore,11.0168,76.9558,Humid,30.09,38.21,23.58,61.5,1.58,0.36,21.57,37.98
2014-04-27,Coimbatore,11.0168,76.9558,Humid,29.13,34.81,24.95,63.71,1.22,0.09,20.95,37.97
2014-04-28,Coimbatore,11.0168,76.9558,Humid,28.53,33.32,24.68,65.39,1.47,0.0,21.35,37.97
2014-04-29,Coimbatore,11.0168,76.9558,Humid,28.6,34.55,24.46,63.52,1.45,0.57,20.22,37.96
2014-04-30,Coimbatore,11.0168,76.9558,Humid,29.03,35.68,23.57,61.33,1.32,1.75,20.48,37.94
2014-05-01,Coimbatore,11.0168,76.9558,Humid,27.78,33.89,23.89,68.76,1.53,5.68,20.7,37.93
2014-05-02,Coimbatore,11.0168,76.9558,Humid,28.06,34.2,23.19,71.44,0.83,10.45,22.65,37.91
2014-05-03,Coimbatore,11.0168,76.9558,Humid,28.43,34.81,24.17,68.22,0.66,3.41,23.29,37.91
2014-05-04,Coimbatore,11.0168,76.9558,Humid,27.54,32.5,23.76,71.05,0.9,4.28,20.68,37.91
2014-05-05,Coimbatore,11.0168,76.9558,Humid,27.95,34.86,22.78,68.62,1.33,1.3,17.53,37.9
2014-05-06,Coimbatore,11.0168,76.9558,Humid,25.68,30.61,23.12,78.59,2.58,20.43,15.05,37.9
2014-05-07,Coimbatore,11.0168,76.9558,Humid,24.33,27.9,22.25,85.53,3.26,32.71,11.2,37.88
2014-05-08,Coimbatore,11.0168,76.9558,Humid,24.73,28.93,22.63,86.61,3.68,44.66,4.08,37.87
2014-05-09,Coimbatore,11.0168,76.9558,Humid,24.86,28.44,22.55,86.88,2.38,4.57,15.09,37.85
2014-05-10,Coimbatore,11.0168,76.9558,Humid,25.65,30.09,22.23,84.07,2.06,0.24,23.78,37.83
2014-05-11,Coimbatore,11.0168,76.9558,Humid,26.41,31.06,22.55,79.74,1.49,11.89,20.68,37.82
2014-05-12,Coimbatore,11.0168,76.9558,Humid,25.93,30.14,22.77,83.44,1.36,4.29,21.18,37.8
2014-05-13,Coimbatore,11.0168,76.9558,Humid,24.36,26.63,22.87,87.98,1.19,1.64,19.94,37.79
2014-05-14,Coimbatore,11.0168,76.9558,Humid,25.15,28.48,22.8,82.71,1.62,0.26,22.21,37.78
2014-05-15,Coimbatore,11.0168,76.9558,Humid,25.3,29.13,22.81,78.93,1.84,0.0,23.8,37.77
2014-05-16,Coimbatore,11.0168,76.9558,Humid,25.62,31.5,21.85,74.32,2.35,0.04,25.13,37.76
2014-05-17,Coimbatore,11.0168,76.9558,Humid,25.96,31.56,21.78,76.11,2.27,0.24,22.57,37.74
2014-05-18,Coimbatore,11.0168,76.9558,Humid,26.73,32.61,21.92,75.05,1.15,0.01,19.59,37.73
2014-05-19,Coimbatore,11.0168,76.9558,Humid,27.08,32.22,23.29,80.51,1.62,4.27,19.95,37.7
2014-05-20,Coimbatore,11.0168,76.9558,Humid,25.72,29.82,21.71,83.42,1.71,3.44,16.79,37.68
2014-05-21,Coimbatore,11.0168,76.9558,Humid,25.56,32.28,20.0,72.6,2.16,1.96,16.34,37.66
2014-05-22,Coimbatore,11.0168,76.9558,Humid,26.42,33.03,21.95,78.59,2.6,1.35,22.72,37.65
2014-05-23,Coimbatore,11.0168,76.9558,Humid,26.25,30.48,23.27,82.41,2.49,2.37,21.1,37.62
2014-05-24,Coimbatore,11.0168,76.9558,Humid,25.75,29.35,23.5,86.08,2.55,12.71,18.09,37.6
2014-05-25,Coimbatore,11.0168,76.9558,Humid,24.63,28.28,22.19,80.91,2.08,1.99,20.87,37.59
2014-05-26,Coimbatore,11.0168,76.9558,Humid,25.86,31.08,22.17,79.02,2.04,0.8,21.52,37.57
2014-05-27,Coimbatore,11.0168,76.9558,Humid,26.68,33.0,21.67,75.8,2.03,0.11,16.6,37.55
2014-05-28,Coimbatore,11.0168,76.9558,Humid,26.49,31.37,23.78,81.01,1.82,8.58,19.23,37.53
2014-05-29,Coimbatore,11.0168,76.9558,Humid,25.52,29.66,22.84,84.14,2.17,3.76,21.0,37.51
2014-05-30,Coimbatore,11.0168,76.9558,Humid,26.02,30.81,22.34,81.8,2.25,0.33,19.99,37.5
2014-05-31,Coimbatore,11.0168,76.9558,Humid,26.5,31.14,23.17,82.2,2.28,3.66,21.21,37.48
2014-06-01,Coimbatore,11.0168,76.9558,Humid,26.65,31.04,23.94,81.95,2.36,1.72,20.61,37.46
2014-06-02,Coimbatore,11.0168,76.9558,Humid,25.08,27.78,23.28,88.09,2.38,8.55,16.83,37.45
2014-06-03,Coimbatore,11.0168,76.9558,Humid,24.81,28.07,22.51,85.62,1.73,2.13,16.79,37.43
2014-06-04,Coimbatore,11.0168,76.9558,Humid,25.49,30.69,22.16,81.1,2.41,1.01,19.94,37.42
2014-06-05,Coimbatore,11.0168,76.9558,Humid,25.68,30.78,22.13,83.16,2.64,3.5,20.14,37.4
2014-06-06,Coimbatore,11.0168,76.9558,Humid,25.24,28.78,23.21,86.59,3.19,8.92,17.43,37.38
2014-06-07,Coimbatore,11.0168,76.9558,Humid,24.59,27.92,22.87,85.81,4.2,7.34,17.99,37.36
2014-06-08,Coimbatore,11.0168,76.9558,Humid,25.3,29.79,22.35,82.7,4.15,6.48,20.4,37.34
2014-06-09,Coimbatore,11.0168,76.9558,Humid,25.07,28.8,22.7,83.65,4.14,4.1,15.32,37.33
2014-06-10,Coimbatore,11.0168,76.9558,Humid,24.67,27.92,22.9,87.8,4.19,9.59,17.74,37.32
2014-06-11,Coimbatore,11.0168,76.9558,Humid,24.88,28.78,22.49,84.61,4.18,6.87,20.59,37.32
2014-06-12,Coimbatore,11.0168,76.9558,Humid,24.52,28.45,21.91,84.52,3.8,6.94,19.17,37.32
2014-06-13,Coimbatore,11.0168,76.9558,Humid,24.59,29.16,21.13,82.42,3.18,3.33,18.31,37.31
2014-06-14,Coimbatore,11.0168,76.9558,Humid,24.99,28.74,22.17,83.51,3.06,1.42,21.71,37.3
2014-06-15,Coimbatore,11.0168,76.9558,Humid,24.85,29.95,21.48,78.87,3.0,0.68,16.32,37.28
2014-06-16,Coimbatore,11.0168,76.9558,Humid,24.43,27.91,21.86,86.33,3.24,2.53,22.65,37.27
2014-06-17,Coimbatore,11.0168,76.9558,Humid,24.65,28.56,22.37,84.44,3.74,4.19,16.46,37.26
2014-06-18,Coimbatore,11.0168,76.9558,Humid,24.96,28.68,22.65,84.73,4.24,5.14,14.67,37.26
2014-06-19,Coimbatore,11.0168,76.9558,Humid,25.24,29.18,22.61,83.64,4.37,3.57,14.02,37.25
2014-06-20,Coimbatore,11.0168,76.9558,Humid,25.07,28.43,22.85,85.34,4.18,1.19,14.13,37.24
2014-06-21,Coimbatore,11.0168,76.9558,Humid,24.68,27.76,22.72,85.08,4.56,5.48,14.47,37.24
2014-06-22,Coimbatore,11.0168,76.9558,Humid,25.24,30.23,22.1,78.67,3.74,1.81,18.15,37.23
2014-06-23,Coimbatore,11.0168,76.9558,Humid,25.24,29.88,22.04,82.3,3.19,1.15,18.79,37.23
2014-06-24,Coimbatore,11.0168,76.9558,Humid,25.33,29.97,21.76,82.28,3.13,1.48,18.95,37.22
2014-06-25,Coimbatore,11.0168,76.9558,Humid,25.23,30.51,21.54,80.69,3.22,0.49,19.69,37.22
2014-06-26,Coimbatore,11.0168,76.9558,Humid,26.01,31.81,21.52,77.67,2.48,0.05,20.73,37.22
2014-06-27,Coimbatore,11.0168,76.9558,Humid,25.74,29.81,22.54,81.53,1.71,0.0,21.21,37.22
2014-06-28,Coimbatore,11.0168,76.9558,Humid,25.49,29.15,22.6,84.45,1.77,1.33,17.38,37.22
2014-06-29,Coimbatore,11.0168,76.9558,Humid,25.59,30.44,22.34,81.14,2.56,1.21,21.69,37.22
2014-06-30,Coimbatore,11.0168,76.9558,Humid,24.58,28.72,21.84,84.09,2.86,9.28,16.01,37.23
2014-07-01,Coimbatore,11.0168,76.9558,Humid,24.46,27.16,22.16,88.87,2.57,5.61,13.78,37.23
2014-07-02,Coimbatore,11.0168,76.9558,Humid,24.31,28.51,21.21,83.68,2.42,0.66,19.16,37.23
2014-07-03,Coimbatore,11.0168,76.9558,Humid,25.35,30.82,21.35,79.64,2.93,0.09,23.03,37.22
2014-07-04,Coimbatore,11.0168,76.9558,Humid,25.5,30.87,21.34,79.94,2.99,1.18,17.08,37.22
2014-07-05,Coimbatore,11.0168,76.9558,Humid,24.91,29.04,22.16,85.17,3.2,3.59,17.13,37.22
2014-07-06,Coimbatore,11.0168,76.9558,Humid,24.09,29.39,20.81,81.64,2.66,0.65,14.8,37.21
2014-07-07,Coimbatore,11.0168,76.9558,Humid,23.27,27.21,20.36,81.01,3.19,2.32,16.88,37.22
2014-07-08,Coimbatore,11.0168,76.9558,Humid,23.48,28.58,19.53,77.6,3.55,0.84,14.57,37.23
2014-07-09,Coimbatore,11.0168,76.9558,Humid,23.91,28.33,20.59,79.42,3.65,8.5,15.01,37.25
2014-07-10,Coimbatore,11.0168,76.9558,Humid,23.72,27.57,20.93,82.8,4.07,10.78,10.58,37.27
2014-07-11,Coimbatore,11.0168,76.9558,Humid,24.17,27.18,22.39,85.2,4.0,4.63,12.68,37.28
2014-07-12,Coimbatore,11.0168,76.9558,Humid,24.39,28.09,22.22,83.7,4.7,4.94,13.4,37.29
2014-07-13,Coimbatore,11.0168,76.9558,Humid,23.5,26.34,21.37,85.17,4.68,15.86,10.27,37.3
2014-07-14,Coimbatore,11.0168,76.9558,Humid,23.92,27.35,21.78,85.28,4.49,11.55,11.22,37.31
2014-07-15,Coimbatore,11.0168,76.9558,Humid,23.64,26.63,21.82,88.55,3.78,16.94,11.03,37.31
2014-07-16,Coimbatore,11.0168,76.9558,Humid,23.72,26.85,21.55,86.47,3.9,4.85,14.62,37.32
2014-07-17,Coimbatore,11.0168,76.9558,Humid,24.01,27.59,21.79,85.62,3.73,0.79,14.88,37.33
2014-07-18,Coimbatore,11.0168,76.9558,Humid,24.34,28.81,21.39,83.14,3.76,2.91,15.54,37.33
2014-07-19,Coimbatore,11.0168,76.9558,Humid,23.84,26.9,21.95,86.66,4.12,6.59,12.88,37.34
2014-07-20,Coimbatore,11.0168,76.9558,Humid,24.15,27.35,21.84,86.06,4.32,9.56,12.82,37.34
2014-07-21,Coimbatore,11.0168,76.9558,Humid,23.83,27.12,21.86,86.27,4.14,8.42,13.22,37.35
2014-07-22,Coimbatore,11.0168,76.9558,Humid,23.18,26.05,21.13,87.18,4.37,9.48,14.14,37.36
2014-07-23,Coimbatore,11.0168,76.9558,Humid,22.8,26.08,20.85,87.46,4.62,13.28,8.24,37.37
2014-07-24,Coimbatore,11.0168,76.9558,Humid,23.01,27.05,19.72,85.5,3.57,7.69,15.51,37.38
2014-07-25,Coimbatore,11.0168,76.9558,Humid,23.31,27.22,20.86,86.77,3.74,4.74,13.56,37.39
2014-07-26,Coimbatore,11.0168,76.9558,Humid,23.79,27.77,20.88,87.02,3.21,6.1,15.59,37.4
2014-07-27,Coimbatore,11.0168,76.9558,Humid,23.6,26.11,21.85,89.35,3.39,3.66,16.47,37.42
2014-07-28,Coimbatore,11.0168,76.9558,Humid,23.56,26.42,21.68,87.61,3.76,1.99,14.55,37.43
2014-07-29,Coimbatore,11.0168,76.9558,Humid,23.72,27.33,21.6,85.77,3.6,0.84,17.98,37.44
2014-07-30,Coimbatore,11.0168,76.9558,Humid,23.8,27.9,21.15,84.68,4.22,3.07,14.15,37.45
2014-07-31,Coimbatore,11.0168,76.9558,Humid,23.7,27.34,21.28,85.79,4.21,14.92,12.6,37.46
2014-08-01,Coimbatore,11.0168,76.9558,Humid,24.12,27.55,22.0,86.79,4.4,19.41,10.32,37.48
2014-08-02,Coimbatore,11.0168,76.9558,Humid,23.89,27.81,21.83,86.79,3.83,6.49,11.03,37.48
2014-08-03,Coimbatore,11.0168,76.9558,Humid,23.55,26.5,21.74,89.52,3.94,7.17,12.87,37.49
2014-08-04,Coimbatore,11.0168,76.9558,Humid,22.98,25.88,21.29,88.12,4.11,6.5,14.56,37.5
2014-08-05,Coimbatore,11.0168,76.9558,Humid,23.07,26.04,21.42,88.36,4.11,8.14,13.52,37.5
2014-08-06,Coimbatore,11.0168,76.9558,Humid,22.94,26.16,20.99,86.8,3.52,5.5,13.36,37.51
2014-08-07,Coimbatore,11.0168,76.9558,Humid,22.92,26.53,20.61,88.15,3.05,3.52,13.6,37.51
2014-08-08,Coimbatore,11.0168,76.9558,Humid,22.99,27.14,20.37,86.55,3.28,5.56,11.6,37.51
2014-08-09,Coimbatore,11.0168,76.9558,Humid,22.65,26.5,20.16,88.41,2.51,4.3,15.22,37.51
2014-08-10,Coimbatore,11.0168,76.9558,Humid,23.11,27.87,19.79,86.26,2.97,2.37,15.37,37.51
2014-08-11,Coimbatore,11.0168,76.9558,Humid,22.55,25.18,20.85,90.26,3.06,24.55,12.33,37.51
2014-08-12,Coimbatore,11.0168,76.9558,Humid,22.64,25.9,20.66,89.96,2.45,3.41,16.04,37.51
2014-08-13,Coimbatore,11.0168,76.9558,Humid,22.84,26.99,20.36,87.55,2.68,0.7,12.31,37.51
2014-08-14,Coimbatore,11.0168,76.9558,Humid,22.96,26.34,20.32,87.4,2.52,0.63,18.16,37.51
2014-08-15,Coimbatore,11.0168,76.9558,Humid,22.98,26.2,20.4,87.01,2.04,1.44,18.21,37.5
2014-08-16,Coimbatore,11.0168,76.9558,Humid,23.53,28.04,20.53,83.95,2.17,2.15,21.82,37.5
2014-08-17,Coimbatore,11.0168,76.9558,Humid,23.35,27.13,20.77,87.0,2.02,5.58,20.5,37.49
2014-08-18,Coimbatore,11.0168,76.9558,Humid,24.31,29.24,20.93,83.65,1.26,8.88,14.9,37.49
2014-08-19,Coimbatore,11.0168,76.9558,Humid,23.29,26.41,21.19,88.22,0.84,2.7,17.54,37.49
2014-08-20,Coimbatore,11.0168,76.9558,Humid,24.35,28.61,20.81,87.08,1.45,6.37,20.25,37.48
2014-08-21,Coimbatore,11.0168,76.9558,Humid,24.22,27.86,22.12,89.67,1.82,9.17,20.31,37.47
2014-08-22,Coimbatore,11.0168,76.9558,Humid,24.35,27.97,21.82,87.93,0.65,22.89,19.62,37.47
2014-08-23,Coimbatore,11.0168,76.9558,Humid,23.35,25.38,22.01,92.74,2.41,16.34,14.18,37.46
2014-08-24,Coimbatore,11.0168,76.9558,Humid,23.47,26.91,21.42,89.73,2.63,1.15,17.3,37.45
2014-08-25,Coimbatore,11.0168,76.9558,Humid,23.38,26.77,21.15,88.43,2.51,0.82,18.22,37.43
2014-08-26,Coimbatore,11.0168,76.9558,Humid,23.34,27.36,20.77,86.78,2.89,0.56,18.24,37.42
2014-08-27,Coimbatore,11.0168,76.9558,Humid,22.82,26.33,20.89,88.35,3.09,3.93,13.7,37.41
2014-08-28,Coimbatore,11.0168,76.9558,Humid,22.95,26.59,20.52,88.05,3.37,4.03,12.51,37.39
2014-08-29,Coimbatore,11.0168,76.9558,Humid,23.1,26.83,20.34,87.24,3.74,7.36,13.41,37.38
2014-08-30,Coimbatore,11.0168,76.9558,Humid,22.72,26.3,20.36,86.1,4.19,10.19,13.29,37.35
2014-08-31,Coimbatore,11.0168,76.9558,Humid,22.76,26.11,20.26,87.43,3.95,11.79,13.11,37.34
2014-09-01,Coimbatore,11.0168,76.9558,Humid,23.65,26.77,21.63,88.17,3.67,10.41,13.67,37.31
2014-09-02,Coimbatore,11.0168,76.9558,Humid,23.21,26.36,21.49,90.13,2.76,5.02,14.8,37.29
2014-09-03,Coimbatore,11.0168,76.9558,Humid,23.14,26.78,21.03,87.66,3.13,3.41,16.58,37.26
2014-09-04,Coimbatore,11.0168,76.9558,Humid,23.17,27.06,20.55,88.15,2.36,1.67,15.27,37.24
2014-09-05,Coimbatore,11.0168,76.9558,Humid,22.82,26.58,20.63,87.23,2.76,3.59,13.61,37.21
2014-09-06,Coimbatore,11.0168,76.9558,Humid,22.97,26.96,19.95,87.37,3.06,2.46,16.92,37.18
2014-09-07,Coimbatore,11.0168,76.9558,Humid,23.08,26.34,20.95,89.61,2.97,2.1,15.3,37.14
2014-09-08,Coimbatore,11.0168,76.9558,Humid,23.48,27.61,20.3,87.04,2.97,2.39,18.36,37.1
2014-09-09,Coimbatore,11.0168,76.9558,Humid,23.73,27.97,20.84,85.77,2.85,0.96,17.33,37.06
2014-09-10,Coimbatore,11.0168,76.9558,Humid,24.0,28.92,20.27,84.58,2.42,0.13,21.22,37.03
2014-09-11,Coimbatore,11.0168,76.9558,Humid,23.91,29.31,19.78,83.46,2.24,0.05,24.19,36.99
2014-09-12,Coimbatore,11.0168,76.9558,Humid,23.95,28.9,19.91,83.62,2.04,1.84,22.05,36.96
2014-09-13,Coimbatore,11.0168,76.9558,Humid,24.41,29.64,20.22,83.42,2.26,1.49,20.62,36.93
2014-09-14,Coimbatore,11.0168,76.9558,Humid,24.11,28.5,20.85,86.15,2.52,5.87,18.37,36.89
2014-09-15,Coimbatore,11.0168,76.9558,Humid,23.8,28.17,21.05,85.98,2.55,1.29,19.71,36.84
2014-09-16,Coimbatore,11.0168,76.9558,Humid,23.37,26.8,20.93,87.35,2.47,0.68,20.59,36.79
2014-09-17,Coimbatore,11.0168,76.9558,Humid,23.82,28.76,20.29,84.82,2.79,0.14,20.86,36.74
2014-09-18,Coimbatore,11.0168,76.9558,Humid,23.69,27.79,20.62,84.92,2.75,0.67,21.99,36.69
2014-09-19,Coimbatore,11.0168,76.9558,Humid,24.4,29.85,20.74,83.43,2.41,0.81,18.52,36.64
2014-09-20,Coimbatore,11.0168,76.9558,Humid,24.07,29.13,20.34,83.32,2.53,0.22,14.11,36.59
2014-09-21,Coimbatore,11.0168,76.9558,Humid,24.8,30.26,20.53,81.86,1.77,0.09,18.87,36.53
2014-09-22,Coimbatore,11.0168,76.9558,Humid,24.16,27.64,21.96,86.95,1.07,4.2,15.83,36.47
2014-09-23,Coimbatore,11.0168,76.9558,Humid,25.23,29.72,21.08,85.53,0.82,15.53,18.9,36.41
2014-09-24,Coimbatore,11.0168,76.9558,Humid,24.92,28.19,22.71,89.36,0.68,8.63,19.59,36.35
2014-09-25,Coimbatore,11.0168,76.9558,Humid,25.41,29.82,21.83,84.25,1.09,18.0,19.7,36.29
2014-09-26,Coimbatore,11.0168,76.9558,Humid,25.03,29.01,22.53,86.48,0.66,5.95,19.17,36.22
2014-09-27,Coimbatore,11.0168,76.9558,Humid,24.61,28.09,21.48,82.98,1.66,12.11,21.45,36.16
2014-09-28,Coimbatore,11.0168,76.9558,Humid,24.75,28.54,21.43,82.46,1.34,9.54,18.88,36.1
2014-09-29,Coimbatore,11.0168,76.9558,Humid,24.72,29.01,20.81,85.08,1.08,7.74,19.93,36.03
2014-09-30,Coimbatore,11.0168,76.9558,Humid,24.69,28.53,21.72,85.59,0.82,4.78,17.81,35.96
2014-10-01,Coimbatore,11.0168,76.9558,Humid,25.09,29.58,21.85,83.35,0.65,0.46,20.81,35.89
2014-10-02,Coimbatore,11.0168,76.9558,Humid,24.88,29.5,20.76,81.56,0.96,0.03,20.53,35.82
2014-10-03,Coimbatore,11.0168,76.9558,Humid,24.84,29.57,21.49,82.59,0.81,0.07,17.79,35.75
2014-10-04,Coimbatore,11.0168,76.9558,Humid,24.22,28.32,21.37,86.95,1.31,3.48,15.66,35.68
2014-10-05,Coimbatore,11.0168,76.9558,Humid,23.59,26.75,21.31,89.16,1.47,6.73,16.04,35.6
2014-10-06,Coimbatore,11.0168,76.9558,Humid,23.54,27.24,20.82,89.03,1.81,3.04,19.18,35.53
2014-10-07,Coimbatore,11.0168,76.9558,Humid,23.34,27.82,20.34,88.31,1.57,9.36,13.83,35.45
2014-10-08,Coimbatore,11.0168,76.9558,Humid,23.44,27.67,20.21,87.94,1.84,4.92,16.51,35.36
2014-10-09,Coimbatore,11.0168,76.9558,Humid,23.81,27.83,21.0,89.64,1.47,10.85,18.29,35.28
2014-10-10,Coimbatore,11.0168,76.9558,Humid,23.76,27.47,21.24,91.26,2.46,5.8,10.76,35.19
2014-10-11,Coimbatore,11.0168,76.9558,Humid,21.32,23.9,18.37,88.31,2.62,3.13,13.09,35.11
2014-10-12,Coimbatore,11.0168,76.9558,Humid,22.67,28.01,18.14,88.3,2.36,2.43,10.72,35.02
2014-10-13,Coimbatore,11.0168,76.9558,Humid,24.43,28.79,21.54,87.69,1.49,0.32,19.58,34.93
2014-10-14,Coimbatore,11.0168,76.9558,Humid,24.33,28.06,21.5,88.08,0.44,4.2,19.33,34.84
2014-10-15,Coimbatore,11.0168,76.9558,Humid,24.18,27.49,22.01,88.62,0.83,11.17,18.71,34.75
2014-10-16,Coimbatore,11.0168,76.9558,Humid,23.89,28.55,20.7,80.7,1.86,5.3,18.23,34.66
2014-10-17,Coimbatore,11.0168,76.9558,Humid,23.55,27.77,19.38,77.12,1.2,18.88,17.48,34.57
2014-10-18,Coimbatore,11.0168,76.9558,Humid,22.79,26.65,20.0,87.81,1.39,27.53,11.98,34.48
2014-10-19,Coimbatore,11.0168,76.9558,Humid,22.41,26.43,19.29,87.75,1.66,13.15,12.86,34.38
2014-10-20,Coimbatore,11.0168,76.9558,Humid,22.23,26.84,19.01,85.95,2.0,6.38,12.91,34.26
2014-10-21,Coimbatore,11.0168,76.9558,Humid,21.35,24.73,18.61,89.07,2.0,7.52,13.06,34.15
2014-10-22,Coimbatore,11.0168,76.9558,Humid,22.96,27.46,19.43,86.02,1.62,4.91,18.29,34.04
2014-10-23,Coimbatore,11.0168,76.9558,Humid,23.24,27.5,20.07,88.82,1.58,6.94,16.07,33.94
2014-10-24,Coimbatore,11.0168,76.9558,Humid,22.08,24.66,20.58,93.32,0.97,10.0,14.67,33.85
2014-10-25,Coimbatore,11.0168,76.9558,Humid,22.47,24.74,20.8,94.04,0.77,12.98,8.88,33.77
2014-10-26,Coimbatore,11.0168,76.9558,Humid,23.27,26.58,20.13,86.56,0.78,7.22,18.5,33.69
2014-10-27,Coimbatore,11.0168,76.9558,Humid,23.77,27.23,20.6,86.35,0.58,13.43,15.66,33.61
2014-10-28,Coimbatore,11.0168,76.9558,Humid,23.44,26.6,20.49,87.15,1.04,7.95,16.25,33.53
2014-10-29,Coimbatore,11.0168,76.9558,Humid,23.14,26.74,19.75,88.12,1.18,5.1,17.66,33.44
2014-10-30,Coimbatore,11.0168,76.9558,Humid,22.79,26.65,20.39,87.81,1.4,1.96,19.64,33.35
2014-10-31,Coimbatore,11.0168,76.9558,Humid,23.05,27.45,18.64,83.46,0.74,0.02,17.26,33.25
2014-11-01,Coimbatore,11.0168,76.9558,Humid,22.86,26.96,18.79,83.5,0.84,12.79,18.59,33.16
2014-11-02,Coimbatore,11.0168,76.9558,Humid,23.17,26.7,20.44,83.1,1.1,6.02,12.76,33.06
2014-11-03,Coimbatore,11.0168,76.9558,Humid,23.33,27.57,19.96,79.21,0.68,7.96,15.76,32.97
2014-11-04,Coimbatore,11.0168,76.9558,Humid,22.78,27.04,19.95,82.41,0.64,2.11,15.35,32.87
2014-11-05,Coimbatore,11.0168,76.9558,Humid,22.8,27.86,19.13,79.26,1.07,0.0,15.91,32.78
2014-11-06,Coimbatore,11.0168,76.9558,Humid,23.03,27.88,17.88,71.04,0.89,0.0,21.22,32.68
2014-11-07,Coimbatore,11.0168,76.9558,Humid,23.5,28.51,18.94,68.55,0.56,0.0,17.93,32.59
2014-11-08,Coimbatore,11.0168,76.9558,Humid,23.28,27.83,19.64,82.84,0.77,0.0,17.33,32.49
2014-11-09,Coimbatore,11.0168,76.9558,Humid,23.33,27.45,19.96,87.79,1.05,0.04,16.23,32.4
2014-11-10,Coimbatore,11.0168,76.9558,Humid,23.94,28.46,19.56,82.17,0.81,0.82,17.39,32.31
2014-11-11,Coimbatore,11.0168,76.9558,Humid,23.62,27.96,20.56,86.55,1.66,4.16,14.9,32.21
2014-11-12,Coimbatore,11.0168,76.9558,Humid,22.81,26.66,20.01,88.06,1.76,4.84,15.48,32.13
2014-11-13,Coimbatore,11.0168,76.9558,Humid,23.01,27.03,19.9,88.61,1.57,21.04,12.31,32.04
2014-11-14,Coimbatore,11.0168,76.9558,Humid,22.65,24.93,21.32,92.54,2.02,8.21,12.18,31.96
2014-11-15,Coimbatore,11.0168,76.9558,Humid,23.32,27.22,20.79,88.62,2.11,1.01,17.46,31.87
2014-11-16,Coimbatore,11.0168,76.9558,Humid,22.49,26.29,20.05,85.78,1.94,0.94,18.67,31.78
2014-11-17,Coimbatore,11.0168,76.9558,Humid,21.88,26.47,18.13,83.78,2.22,0.2,21.13,31.68
2014-11-18,Coimbatore,11.0168,76.9558,Humid,21.51,26.63,17.06,85.86,2.47,0.05,19.17,31.59
2014-11-19,Coimbatore,11.0168,76.9558,Humid,22.53,27.33,19.16,85.87,2.5,0.06,20.18,31.51
2014-11-20,Coimbatore,11.0168,76.9558,Humid,21.93,26.99,18.04,84.46,2.24,0.15,20.05,31.43
2014-11-21,Coimbatore,11.0168,76.9558,Humid,20.88,24.4,17.92,87.7,1.75,0.51,19.15,31.35
2014-11-22,Coimbatore,11.0168,76.9558,Humid,22.03,27.17,17.36,85.9,1.42,2.65,16.95,31.28
2014-11-23,Coimbatore,11.0168,76.9558,Humid,22.21,26.25,19.65,87.49,2.02,1.21,14.1,31.21
2014-11-24,Coimbatore,11.0168,76.9558,Humid,22.02,27.18,18.17,84.36,2.18,1.17,19.14,31.13
2014-11-25,Coimbatore,11.0168,76.9558,Humid,20.82,26.38,16.54,80.03,2.02,0.0,16.78,31.06
2014-11-26,Coimbatore,11.0168,76.9558,Humid,21.33,27.05,16.64,80.78,1.72,0.0,20.25,30.99
2014-11-27,Coimbatore,11.0168,76.9558,Humid,21.54,26.05,17.67,81.72,1.52,0.37,18.14,30.92
2014-11-28,Coimbatore,11.0168,76.9558,Humid,21.52,26.66,18.76,80.66,1.04,0.58,10.62,30.86
2014-11-29,Coimbatore,11.0168,76.9558,Humid,20.51,25.54,17.46,71.06,0.71,0.56,12.46,30.79
2014-11-30,Coimbatore,11.0168,76.9558,Humid,20.89,25.98,16.52,74.86,1.96,0.09,11.24,30.73
2014-12-01,Coimbatore,11.0168,76.9558,Humid,21.05,25.18,17.44,84.32,2.41,1.64,16.02,30.67
2014-12-02,Coimbatore,11.0168,76.9558,Humid,22.14,27.96,18.26,84.04,1.79,0.37,14.7,30.62
2014-12-03,Coimbatore,11.0168,76.9558,Humid,22.39,28.88,17.17,73.18,1.15,0.0,20.85,30.57
2014-12-04,Coimbatore,11.0168,76.9558,Humid,20.3,27.87,14.77,74.65,1.5,0.0,20.78,30.52
2014-12-05,Coimbatore,11.0168,76.9558,Humid,20.14,27.39,14.94,77.3,1.57,0.0,21.04,30.48
2014-12-06,Coimbatore,11.0168,76.9558,Humid,20.51,27.04,15.53,75.98,1.56,0.0,20.42,30.44
2014-12-07,Coimbatore,11.0168,76.9558,Humid,22.38,28.61,16.99,81.38,1.27,0.0,18.83,30.4
2014-12-08,Coimbatore,11.0168,76.9558,Humid,23.42,28.69,19.68,82.44,1.52,0.06,13.07,30.36
2014-12-09,Coimbatore,11.0168,76.9558,Humid,23.33,28.5,19.65,82.6,1.62,0.79,13.92,30.32
2014-12-10,Coimbatore,11.0168,76.9558,Humid,22.95,27.89,19.45,86.55,1.8,6.28,12.6,30.29
2014-12-11,Coimbatore,11.0168,76.9558,Humid,22.52,27.51,18.9,83.84,1.62,1.73,13.65,30.26
2014-12-12,Coimbatore,11.0168,76.9558,Humid,22.6,27.08,19.81,84.98,1.78,2.2,12.9,30.23
2014-12-13,Coimbatore,11.0168,76.9558,Humid,22.16,26.31,19.77,86.15,1.75,0.49,13.08,30.21
2014-12-14,Coimbatore,11.0168,76.9558,Humid,23.31,27.93,19.99,83.4,1.86,0.02,12.99,30.18
2014-12-15,Coimbatore,11.0168,76.9558,Humid,22.8,27.31,19.54,78.82,1.37,0.08,16.82,30.16
2014-12-16,Coimbatore,11.0168,76.9558,Humid,23.23,28.55,18.95,81.32,2.3,0.81,15.95,30.13
2014-12-17,Coimbatore,11.0168,76.9558,Humid,22.53,26.83,19.4,80.78,2.75,0.84,14.83,30.11
2014-12-18,Coimbatore,11.0168,76.9558,Humid,22.39,27.1,19.12,83.63,3.37,0.8,13.1,30.09
2014-12-19,Coimbatore,11.0168,76.9558,Humid,22.69,27.35,19.49,82.34,3.35,0.28,10.3,30.09
2014-12-20,Coimbatore,11.0168,76.9558,Humid,21.69,26.88,18.69,78.58,2.45,0.04,14.6,30.1
2014-12-21,Coimbatore,11.0168,76.9558,Humid,22.47,28.79,17.63,76.84,1.72,0.0,17.51,30.11
2014-12-22,Coimbatore,11.0168,76.9558,Humid,22.5,28.93,17.9,74.32,1.76,0.0,17.43,30.12
2014-12-23,Coimbatore,11.0168,76.9558,Humid,23.4,29.84,18.48,76.81,1.45,0.0,16.45,30.13
2014-12-24,Coimbatore,11.0168,76.9558,Humid,23.11,29.0,19.18,77.73,1.85,0.0,17.46,30.14
2014-12-25,Coimbatore,11.0168,76.9558,Humid,23.33,29.82,18.42,71.27,1.42,0.0,15.04,30.15
2014-12-26,Coimbatore,11.0168,76.9558,Humid,21.19,27.74,16.83,64.98,1.38,0.0,16.79,30.16
2014-12-27,Coimbatore,11.0168,76.9558,Humid,21.33,28.78,15.26,67.82,1.43,0.02,18.07,30.18
2014-12-28,Coimbatore,11.0168,76.9558,Humid,21.12,26.22,16.32,78.42,1.47,0.1,12.96,30.21
2014-12-29,Coimbatore,11.0168,76.9558,Humid,23.68,30.23,18.26,76.46,0.82,0.49,15.78,30.23
2014-12-30,Coimbatore,11.0168,76.9558,Humid,24.77,31.18,20.17,77.07,0.88,0.25,14.44,30.26
2014-12-31,Coimbatore,11.0168,76.9558,Humid,24.69,30.67,20.9,80.17,0.65,1.17,13.3,30.29
2015-01-01,Coimbatore,11.0168,76.9558,Humid,23.96,30.82,19.4,78.97,1.49,1.35,16.4,30.32
2015-01-02,Coimbatore,11.0168,76.9558,Humid,22.96,30.27,17.87,73.76,1.29,0.0,19.02,30.35
2015-01-03,Coimbatore,11.0168,76.9558,Humid,23.32,31.07,17.34,70.13,0.8,0.0,19.55,30.39
2015-01-04,Coimbatore,11.0168,76.9558,Humid,23.95,30.94,18.21,70.47,0.81,0.0,19.23,30.44
2015-01-05,Coimbatore,11.0168,76.9558,Humid,23.61,30.38,18.34,71.59,1.32,0.0,19.53,30.49
2015-01-06,Coimbatore,11.0168,76.9558,Humid,23.32,30.16,17.52,71.25,1.16,0.0,16.8,30.55
2015-01-07,Coimbatore,11.0168,76.9558,Humid,23.56,31.19,17.11,70.48,0.81,0.0,17.92,30.6
2015-01-08,Coimbatore,11.0168,76.9558,Humid,23.67,29.93,18.96,74.6,0.8,0.0,15.65,30.66
2015-01-09,Coimbatore,11.0168,76.9558,Humid,23.27,29.6,18.98,73.74,1.57,0.0,14.09,30.72
2015-01-10,Coimbatore,11.0168,76.9558,Humid,22.59,30.34,16.59,67.66,1.68,0.0,19.07,30.78
2015-01-11,Coimbatore,11.0168,76.9558,Humid,20.17,29.66,13.21,60.22,1.96,0.0,22.29,30.84
2015-01-12,Coimbatore,11.0168,76.9558,Humid,20.32,29.45,13.8,63.67,1.61,0.0,21.7,30.9
2015-01-13,Coimbatore,11.0168,76.9558,Humid,20.31,30.09,13.44,64.13,1.43,0.0,21.63,30.97
2015-01-14,Coimbatore,11.0168,76.9558,Humid,20.53,29.58,13.48,65.4,1.28,0.0,22.05,31.05
2015-01-15,Coimbatore,11.0168,76.9558,Humid,20.89,29.71,13.7,64.62,1.31,0.0,20.67,31.12
2015-01-16,Coimbatore,11.0168,76.9558,Humid,21.67,29.87,15.01,68.06,1.46,0.0,21.65,31.19
2015-01-17,Coimbatore,11.0168,76.9558,Humid,22.93,30.39,17.68,70.94,1.74,0.0,17.54,31.27
2015-01-18,Coimbatore,11.0168,76.9558,Humid,22.71,30.29,17.33,69.73,1.77,0.0,17.94,31.34
2015-01-19,Coimbatore,11.0168,76.9558,Humid,22.31,30.16,16.47,68.02,1.83,0.0,18.51,31.42
2015-01-20,Coimbatore,11.0168,76.9558,Humid,21.9,29.79,16.15,69.73,1.71,0.0,18.02,31.5
2015-01-21,Coimbatore,11.0168,76.9558,Humid,21.5,29.39,15.79,69.76,1.91,0.02,18.73,31.59
2015-01-22,Coimbatore,11.0168,76.9558,Humid,21.24,29.93,14.18,62.67,1.72,0.14,20.62,31.67
2015-01-23,Coimbatore,11.0168,76.9558,Humid,23.15,30.12,17.59,71.94,1.83,0.06,20.64,31.76
2015-01-24,Coimbatore,11.0168,76.9558,Humid,23.75,30.46,18.81,70.97,2.2,0.08,18.35,31.85
2015-01-25,Coimbatore,11.0168,76.9558,Humid,23.73,31.42,18.3,63.47,2.25,0.0,20.04,31.94
2015-01-26,Coimbatore,11.0168,76.9558,Humid,22.22,30.63,15.15,62.58,2.24,0.0,22.74,32.03
2015-01-27,Coimbatore,11.0168,76.9558,Humid,22.98,30.82,17.1,66.4,2.51,0.0,21.92,32.11
2015-01-28,Coimbatore,11.0168,76.9558,Humid,23.8,31.25,18.29,67.14,2.07,0.0,18.73,32.21
2015-01-29,Coimbatore,11.0168,76.9558,Humid,24.59,31.83,18.77,64.84,1.59,0.0,16.71,32.32
2015-01-30,Coimbatore,11.0168,76.9558,Humid,24.26,31.2,18.65,66.17,1.92,0.0,14.02,32.42
2015-01-31,Coimbatore,11.0168,76.9558,Humid,23.82,32.03,17.5,58.04,2.5,0.0,21.59,32.53
2015-02-01,Coimbatore,11.0168,76.9558,Humid,23.41,31.6,17.13,61.45,1.99,0.0,22.29,32.63
2015-02-02,Coimbatore,11.0168,76.9558,Humid,23.17,31.34,17.94,58.49,2.9,0.0,22.02,32.73
2015-02-03,Coimbatore,11.0168,76.9558,Humid,22.95,31.52,16.45,59.85,2.97,0.0,23.47,32.84
2015-02-04,Coimbatore,11.0168,76.9558,Humid,23.61,31.8,17.42,60.03,2.98,0.0,23.32,32.94
2015-02-05,Coimbatore,11.0168,76.9558,Humid,24.35,32.34,17.9,56.71,2.25,0.0,19.85,33.04
2015-02-06,Coimbatore,11.0168,76.9558,Humid,24.1,32.89,18.43,53.22,2.09,0.0,22.53,33.15
2015-02-07,Coimbatore,11.0168,76.9558,Humid,24.2,32.91,18.11,54.29,1.79,0.07,22.44,33.25
2015-02-08,Coimbatore,11.0168,76.9558,Humid,24.09,32.02,17.49,52.81,1.44,0.0,22.57,33.35
2015-02-09,Coimbatore,11.0168,76.9558,Humid,24.09,32.57,18.42,50.69,2.42,0.0,23.7,33.46
2015-02-10,Coimbatore,11.0168,76.9558,Humid,23.67,32.15,16.65,57.15,2.27,0.0,23.71,33.56
2015-02-11,Coimbatore,11.0168,76.9558,Humid,25.14,33.74,18.13,55.4,1.57,0.0,23.45,33.66
2015-02-12,Coimbatore,11.0168,76.9558,Humid,25.82,33.77,19.59,56.75,1.93,0.08,22.86,33.77
2015-02-13,Coimbatore,11.0168,76.9558,Humid,26.18,34.21,19.25,55.16,1.53,0.09,21.61,33.87
2015-02-14,Coimbatore,11.0168,76.9558,Humid,26.32,34.68,19.51,51.93,1.31,0.01,22.52,33.97
2015-02-15,Coimbatore,11.0168,76.9558,Humid,25.96,34.9,18.73,47.11,1.43,0.0,23.16,34.07
2015-02-16,Coimbatore,11.0168,76.9558,Humid,24.86,33.69,17.12,44.82,1.81,0.0,23.73,34.17
2015-02-17,Coimbatore,11.0168,76.9558,Humid,25.23,34.24,17.25,44.13,1.28,0.0,24.07,34.27
2015-02-18,Coimbatore,11.0168,76.9558,Humid,25.15,34.32,16.86,43.24,1.3,0.0,22.81,34.38
2015-02-19,Coimbatore,11.0168,76.9558,Humid,25.43,34.2,17.36,46.08,1.36,0.0,21.1,34.48
2015-02-20,Coimbatore,11.0168,76.9558,Humid,24.33,33.42,16.81,42.81,2.31,0.0,23.62,34.59
2015-02-21,Coimbatore,11.0168,76.9558,Humid,23.86,33.32,16.3,47.81,2.59,0.0,24.82,34.68
2015-02-22,Coimbatore,11.0168,76.9558,Humid,24.41,33.61,16.14,45.88,2.7,0.0,25.09,34.78
2015-02-23,Coimbatore,11.0168,76.9558,Humid,23.99,33.76,15.33,43.82,2.32,0.0,25.79,34.88
2015-02-24,Coimbatore,11.0168,76.9558,Humid,24.72,34.36,15.06,37.35,1.6,0.0,26.46,34.98
2015-02-25,Coimbatore,11.0168,76.9558,Humid,26.09,35.07,17.52,43.75,1.29,0.0,24.64,35.09
2015-02-26,Coimbatore,11.0168,76.9558,Humid,27.16,35.62,20.02,56.19,1.27,0.0,22.72,35.18
2015-02-27,Coimbatore,11.0168,76.9558,Humid,27.71,35.42,21.38,58.35,1.18,0.0,20.99,35.28
2015-02-28,Coimbatore,11.0168,76.9558,Humid,27.04,34.23,21.48,61.82,1.31,0.17,18.86,35.37
2015-03-01,Coimbatore,11.0168,76.9558,Humid,26.35,32.17,22.2,65.14,1.21,0.18,19.81,35.47
2015-03-02,Coimbatore,11.0168,76.9558,Humid,27.5,35.14,21.38,60.9,1.35,0.64,19.18,35.56
2015-03-03,Coimbatore,11.0168,76.9558,Humid,27.03,34.47,22.01,64.26,1.01,1.55,18.22,35.66
2015-03-04,Coimbatore,11.0168,76.9558,Humid,26.52,32.74,21.68,64.51,1.28,0.96,20.38,35.75
2015-03-05,Coimbatore,11.0168,76.9558,Humid,28.38,35.95,21.47,53.61,1.06,0.0,22.79,35.84
2015-03-06,Coimbatore,11.0168,76.9558,Humid,28.07,34.98,22.26,58.51,1.12,6.0,18.98,35.92
2015-03-07,Coimbatore,11.0168,76.9558,Humid,26.8,32.73,21.35,66.75,1.27,3.26,18.71,36.01
2015-03-08,Coimbatore,11.0168,76.9558,Humid,26.61,32.9,21.57,61.62,1.67,1.9,20.93,36.09
2015-03-09,Coimbatore,11.0168,76.9558,Humid,25.84,32.27,20.95,62.64,1.46,0.57,20.42,36.17
2015-03-10,Coimbatore,11.0168,76.9558,Humid,25.9,34.52,19.87,53.51,1.95,0.11,24.57,36.24
2015-03-11,Coimbatore,11.0168,76.9558,Humid,25.63,34.13,18.36,50.84,2.24,0.0,26.04,36.31
2015-03-12,Coimbatore,11.0168,76.9558,Humid,27.0,35.34,20.03,53.5,2.54,0.0,25.96,36.38
2015-03-13,Coimbatore,11.0168,76.9558,Humid,27.36,35.4,20.92,51.96,2.39,0.0,25.72,36.46
2015-03-14,Coimbatore,11.0168,76.9558,Humid,26.9,34.64,20.19,56.02,2.29,0.51,22.7,36.53
2015-03-15,Coimbatore,11.0168,76.9558,Humid,26.78,33.66,21.9,65.13,1.87,4.68,20.13,36.6
2015-03-16,Coimbatore,11.0168,76.9558,Humid,25.69,30.93,21.29,72.67,1.38,6.34,17.92,36.68
2015-03-17,Coimbatore,11.0168,76.9558,Humid,25.91,34.04,19.9,60.05,1.4,0.35,21.98,36.75
2015-03-18,Coimbatore,11.0168,76.9558,Humid,26.84,35.32,19.89,52.95,0.93,0.0,24.22,36.81
2015-03-19,Coimbatore,11.0168,76.9558,Humid,26.49,33.51,20.75,53.8,1.17,0.0,24.0,36.88
2015-03-20,Coimbatore,11.0168,76.9558,Humid,26.36,35.75,17.86,43.87,1.84,0.0,26.54,36.94
2015-03-21,Coimbatore,11.0168,76.9558,Humid,26.6,35.87,19.15,47.33,2.06,0.0,27.25,37.0
2015-03-22,Coimbatore,11.0168,76.9558,Humid,27.37,36.93,18.8,39.73,1.65,0.0,26.14,37.06
2015-03-23,Coimbatore,11.0168,76.9558,Humid,28.65,37.51,21.54,54.59,1.25,0.0,22.51,37.12
2015-03-24,Coimbatore,11.0168,76.9558,Humid,29.35,37.33,22.58,52.85,1.35,0.0,22.06,37.18
2015-03-25,Coimbatore,11.0168,76.9558,Humid,28.78,36.47,21.95,46.42,1.37,0.0,21.32,37.23
2015-03-26,Coimbatore,11.0168,76.9558,Humid,27.71,35.62,20.81,43.98,2.05,0.0,21.95,37.28
2015-03-27,Coimbatore,11.0168,76.9558,Humid,27.67,36.58,19.09,42.48,1.64,0.0,24.25,37.33
2015-03-28,Coimbatore,11.0168,76.9558,Humid,27.81,36.84,19.63,41.49,1.47,0.0,25.58,37.38
2015-03-29,Coimbatore,11.0168,76.9558,Humid,28.59,36.66,21.73,49.53,1.33,0.0,25.89,37.43
2015-03-30,Coimbatore,11.0168,76.9558,Humid,29.2,36.94,23.2,49.77,1.27,0.01,24.47,37.48
2015-03-31,Coimbatore,11.0168,76.9558,Humid,27.72,32.63,23.65,59.22,0.4,0.79,18.66,37.52
2015-04-01,Coimbatore,11.0168,76.9558,Humid,28.17,35.38,22.71,61.89,0.93,2.25,17.7,37.57
2015-04-02,Coimbatore,11.0168,76.9558,Humid,28.28,35.86,22.66,64.55,1.47,0.89,20.78,37.61
2015-04-03,Coimbatore,11.0168,76.9558,Humid,28.31,35.72,23.1,65.03,2.21,1.04,21.85,37.64
2015-04-04,Coimbatore,11.0168,76.9558,Humid,29.66,37.2,23.4,60.08,1.28,0.44,23.17,37.67
2015-04-05,Coimbatore,11.0168,76.9558,Humid,28.65,33.41,24.72,61.67,1.19,0.0,23.43,37.7
2015-04-06,Coimbatore,11.0168,76.9558,Humid,28.27,34.37,23.97,64.68,1.54,0.57,19.7,37.73
2015-04-07,Coimbatore,11.0168,76.9558,Humid,29.25,37.01,23.1,61.69,1.31,1.7,22.42,37.75
2015-04-08,Coimbatore,11.0168,76.9558,Humid,27.23,32.01,23.02,65.4,1.12,1.13,17.46,37.78
2015-04-09,Coimbatore,11.0168,76.9558,Humid,28.53,36.4,22.68,52.21,1.29,2.15,22.12,37.8
2015-04-10,Coimbatore,11.0168,76.9558,Humid,27.95,35.34,22.77,65.79,1.0,4.13,18.74,37.83
2015-04-11,Coimbatore,11.0168,76.9558,Humid,26.72,32.0,23.23,70.72,1.36,0.97,20.25,37.85
2015-04-12,Coimbatore,11.0168,76.9558,Humid,26.26,31.0,22.73,68.4,0.83,3.2,16.86,37.87
2015-04-13,Coimbatore,11.0168,76.9558,Humid,24.79,29.14,21.96,77.86,0.7,5.74,16.64,37.88
2015-04-14,Coimbatore,11.0168,76.9558,Humid,25.48,32.17,20.71,75.01,0.81,5.81,18.77,37.9
2015-04-15,Coimbatore,11.0168,76.9558,Humid,25.52,30.81,22.03,78.8,0.46,14.49,18.33,37.9
2015-04-16,Coimbatore,11.0168,76.9558,Humid,25.45,30.5,21.83,76.89,1.46,6.77,18.07,37.91
2015-04-17,Coimbatore,11.0168,76.9558,Humid,25.84,31.77,21.08,73.23,0.83,5.27,21.84,37.93
2015-04-18,Coimbatore,11.0168,76.9558,Humid,27.0,34.46,20.89,68.75,0.91,2.14,22.1,37.94
2015-04-19,Coimbatore,11.0168,76.9558,Humid,26.63,31.34,22.66,72.5,0.85,0.5,21.02,37.95
2015-04-20,Coimbatore,11.0168,76.9558,Humid,28.17,35.99,21.88,67.25,1.25,0.44,19.52,37.96
2015-04-21,Coimbatore,11.0168,76.9558,Humid,27.46,34.18,22.6,69.91,1.44,6.03,19.16,37.98
2015-04-22,Coimbatore,11.0168,76.9558,Humid,26.02,29.99,22.78,76.05,0.5,6.91,16.32,37.98
2015-04-23,Coimbatore,11.0168,76.9558,Humid,26.03,31.31,22.4,77.14,1.58,6.61,17.94,37.99
2015-04-24,Coimbatore,11.0168,76.9558,Humid,26.87,32.9,22.15,74.22,0.76,5.31,22.53,37.99
2015-04-25,Coimbatore,11.0168,76.9558,Humid,24.98,28.57,22.9,78.29,1.21,11.13,17.12,37.99
2015-04-26,Coimbatore,11.0168,76.9558,Humid,26.9,33.06,21.1,65.11,1.05,3.18,18.8,37.98
2015-04-27,Coimbatore,11.0168,76.9558,Humid,27.27,34.24,21.35,67.71,1.26,0.18,23.66,37.98
2015-04-28,Coimbatore,11.0168,76.9558,Humid,27.82,35.28,21.96,67.06,0.98,0.0,24.75,37.98
2015-04-29,Coimbatore,11.0168,76.9558,Humid,28.25,36.01,22.53,68.74,1.11,0.56,23.23,37.98
2015-04-30,Coimbatore,11.0168,76.9558,Humid,26.57,31.33,23.26,76.23,1.56,0.89,21.86,37.97
2015-05-01,Coimbatore,11.0168,76.9558,Humid,27.67,35.07,21.97,70.09,1.34,2.02,24.18,37.96
2015-05-02,Coimbatore,11.0168,76.9558,Humid,26.72,32.44,22.74,73.08,1.79,1.11,20.65,37.95
2015-05-03,Coimbatore,11.0168,76.9558,Humid,26.93,32.46,22.33,70.73,0.83,0.2,22.71,37.94
2015-05-04,Coimbatore,11.0168,76.9558,Humid,26.91,31.91,22.21,73.7,0.76,3.5,15.54,37.92
2015-05-05,Coimbatore,11.0168,76.9558,Humid,27.02,32.43,23.17,72.02,0.55,0.99,19.32,37.91
2015-05-06,Coimbatore,11.0168,76.9558,Humid,26.32,30.49,23.08,76.96,0.61,1.18,14.85,37.9
2015-05-07,Coimbatore,11.0168,76.9558,Humid,26.52,31.43,22.67,77.9,0.71,14.53,17.85,37.89
2015-05-08,Coimbatore,11.0168,76.9558,Humid,26.24,30.52,23.36,81.89,1.43,7.94,19.75,37.87
2015-05-09,Coimbatore,11.0168,76.9558,Humid,25.86,29.6,23.41,82.44,1.82,2.81,17.63,37.86
2015-05-10,Coimbatore,11.0168,76.9558,Humid,26.38,30.55,22.63,75.1,1.12,2.29,10.47,37.84
2015-05-11,Coimbatore,11.0168,76.9558,Humid,25.61,30.56,22.38,73.94,1.28,4.1,10.65,37.83
2015-05-12,Coimbatore,11.0168,76.9558,Humid,26.11,32.29,21.77,69.69,0.98,13.94,18.06,37.81
2015-05-13,Coimbatore,11.0168,76.9558,Humid,25.27,30.92,22.16,78.54,1.36,12.63,13.41,37.8
2015-05-14,Coimbatore,11.0168,76.9558,Humid,25.53,28.76,21.59,75.61,0.75,4.62,13.31,37.79
2015-05-15,Coimbatore,11.0168,76.9558,Humid,25.7,29.84,22.7,84.58,0.48,29.78,13.63,37.78
2015-05-16,Coimbatore,11.0168,76.9558,Humid,25.04,28.31,22.16,87.53,1.34,9.01,9.8,37.76
2015-05-17,Coimbatore,11.0168,76.9558,Humid,24.38,28.3,21.91,87.53,1.86,8.26,15.54,37.75
2015-05-18,Coimbatore,11.0168,76.9558,Humid,24.94,29.79,21.12,82.11,1.92,2.28,17.92,37.73
2015-05-19,Coimbatore,11.0168,76.9558,Humid,25.56,30.67,22.1,82.62,2.28,1.58,17.63,37.71
2015-05-20,Coimbatore,11.0168,76.9558,Humid,26.13,31.29,22.18,81.05,2.61,0.56,22.1,37.7
2015-05-21,Coimbatore,11.0168,76.9558,Humid,26.21,31.1,22.96,78.62,3.11,0.03,23.76,37.68
2015-05-22,Coimbatore,11.0168,76.9558,Humid,26.68,31.76,22.93,76.32,2.52,0.09,19.46,37.65
2015-05-23,Coimbatore,11.0168,76.9558,Humid,25.37,29.38,22.38,82.44,2.68,1.7,20.24,37.63
2015-05-24,Coimbatore,11.0168,76.9558,Humid,25.41,30.98,21.35,79.84,2.86,0.93,21.2,37.61
2015-05-25,Coimbatore,11.0168,76.9558,Humid,26.66,32.84,22.08,77.34,2.5,0.1,24.06,37.6
2015-05-26,Coimbatore,11.0168,76.9558,Humid,26.43,31.41,23.06,78.71,2.98,0.02,24.53,37.58
2015-05-27,Coimbatore,11.0168,76.9558,Humid,25.77,30.46,23.14,81.25,2.31,6.38,20.65,37.56
2015-05-28,Coimbatore,11.0168,76.9558,Humid,24.51,29.52,20.32,73.52,2.03,3.21,14.61,37.55
2015-05-29,Coimbatore,11.0168,76.9558,Humid,25.75,31.55,20.98,79.83,2.24,1.99,17.96,37.53
2015-05-30,Coimbatore,11.0168,76.9558,Humid,26.78,32.4,22.91,77.76,1.93,3.83,22.54,37.51
2015-05-31,Coimbatore,11.0168,76.9558,Humid,26.0,30.34,23.22,82.78,2.48,6.19,18.62,37.49
2015-06-01,Coimbatore,11.0168,76.9558,Humid,25.02,28.6,22.5,83.91,2.44,2.3,16.44,37.47
2015-06-02,Coimbatore,11.0168,76.9558,Humid,25.12,29.72,21.56,83.43,1.87,4.35,17.46,37.46
2015-06-03,Coimbatore,11.0168,76.9558,Humid,24.89,28.12,22.79,86.27,1.14,2.41,18.97,37.45
2015-06-04,Coimbatore,11.0168,76.9558,Humid,24.72,28.01,22.42,87.16,1.11,6.45,15.72,37.43
2015-06-05,Coimbatore,11.0168,76.9558,Humid,24.5,28.52,22.05,86.31,1.53,6.7,16.99,37.42
2015-06-06,Coimbatore,11.0168,76.9558,Humid,25.74,31.84,21.07,77.83,1.48,0.22,23.82,37.4
2015-06-07,Coimbatore,11.0168,76.9558,Humid,25.54,31.22,21.37,80.35,2.61,2.46,21.29,37.39
2015-06-08,Coimbatore,11.0168,76.9558,Humid,24.36,29.52,21.5,81.82,3.06,1.53,18.35,37.37
2015-06-09,Coimbatore,11.0168,76.9558,Humid,24.61,29.92,20.85,81.95,2.43,0.78,19.43,37.36
2015-06-10,Coimbatore,11.0168,76.9558,Humid,24.95,30.41,21.75,79.55,2.01,0.9,20.96,37.35
2015-06-11,Coimbatore,11.0168,76.9558,Humid,24.75,29.77,21.6,84.15,2.69,7.85,17.98,37.34
2015-06-12,Coimbatore,11.0168,76.9558,Humid,23.98,28.03,21.19,82.02,3.09,1.4,17.47,37.33
2015-06-13,Coimbatore,11.0168,76.9558,Humid,24.75,29.97,21.03,81.0,2.9,3.53,17.99,37.32
2015-06-14,Coimbatore,11.0168,76.9558,Humid,24.73,30.7,20.49,76.19,2.81,0.74,19.2,37.3
2015-06-15,Coimbatore,11.0168,76.9558,Humid,24.26,30.39,20.25,77.49,2.99,3.57,16.67,37.29
2015-06-16,Coimbatore,11.0168,76.9558,Humid,24.16,28.5,20.36,76.67,3.23,1.61,15.39,37.28
2015-06-17,Coimbatore,11.0168,76.9558,Humid,23.75,27.58,21.13,81.31,3.41,3.11,15.52,37.26
2015-06-18,Coimbatore,11.0168,76.9558,Humid,24.44,29.83,20.79,80.56,3.27,4.28,13.57,37.25
2015-06-19,Coimbatore,11.0168,76.9558,Humid,24.85,29.11,22.3,83.0,4.12,5.86,11.87,37.23
2015-06-20,Coimbatore,11.0168,76.9558,Humid,25.22,28.74,23.01,82.02,4.99,4.31,13.25,37.22
2015-06-21,Coimbatore,11.0168,76.9558,Humid,24.57,26.79,23.36,85.74,4.99,10.4,13.76,37.21
2015-06-22,Coimbatore,11.0168,76.9558,Humid,25.08,28.53,22.93,83.58,4.77,2.16,14.22,37.21
2015-06-23,Coimbatore,11.0168,76.9558,Humid,25.04,28.56,23.04,85.92,4.27,8.63,12.92,37.21
2015-06-24,Coimbatore,11.0168,76.9558,Humid,25.18,28.95,22.67,83.9,4.0,2.03,15.27,37.21
2015-06-25,Coimbatore,11.0168,76.9558,Humid,24.75,27.23,23.2,87.12,4.17,4.49,16.17,37.22
2015-06-26,Coimbatore,11.0168,76.9558,Humid,24.11,27.1,21.28,82.64,4.72,12.08,11.36,37.22
2015-06-27,Coimbatore,11.0168,76.9558,Humid,24.76,28.69,21.43,83.23,4.89,2.16,15.99,37.22
2015-06-28,Coimbatore,11.0168,76.9558,Humid,25.05,28.76,22.7,84.77,3.48,2.0,15.87,37.23
2015-06-29,Coimbatore,11.0168,76.9558,Humid,24.82,28.74,22.19,85.41,3.13,4.79,15.84,37.23
2015-06-30,Coimbatore,11.0168,76.9558,Humid,24.9,30.73,20.71,78.28,2.66,2.82,19.17,37.23
2015-07-01,Coimbatore,11.0168,76.9558,Humid,25.23,30.45,21.69,82.39,2.62,0.96,20.65,37.24
2015-07-02,Coimbatore,11.0168,76.9558,Humid,25.26,30.66,21.11,80.58,2.66,0.24,21.26,37.24
2015-07-03,Coimbatore,11.0168,76.9558,Humid,25.44,30.75,21.78,81.02,2.83,0.38,20.61,37.24
2015-07-04,Coimbatore,11.0168,76.9558,Humid,25.34,29.98,22.15,82.5,3.14,1.44,16.76,37.24
2015-07-05,Coimbatore,11.0168,76.9558,Humid,25.51,31.02,21.94,80.7,3.3,0.79,18.68,37.25
2015-07-06,Coimbatore,11.0168,76.9558,Humid,24.88,30.31,21.73,79.48,3.58,0.24,21.42,37.24
2015-07-07,Coimbatore,11.0168,76.9558,Humid,23.9,28.04,21.09,82.98,3.04,0.25,18.35,37.25
2015-07-08,Coimbatore,11.0168,76.9558,Humid,24.92,29.98,21.44,80.78,3.41,1.82,16.05,37.26
2015-07-09,Coimbatore,11.0168,76.9558,Humid,25.45,30.8,21.69,80.36,3.46,1.8,15.13,37.27
2015-07-10,Coimbatore,11.0168,76.9558,Humid,24.75,28.11,22.36,84.4,3.51,2.16,12.36,37.27
2015-07-11,Coimbatore,11.0168,76.9558,Humid,24.99,28.6,22.67,84.19,3.63,1.97,17.63,37.28
2015-07-12,Coimbatore,11.0168,76.9558,Humid,25.53,30.97,21.75,78.45,3.17,0.16,19.14,37.29
2015-07-13,Coimbatore,11.0168,76.9558,Humid,25.39,30.35,21.61,78.69,2.73,0.36,20.57,37.3
2015-07-14,Coimbatore,11.0168,76.9558,Humid,25.41,30.91,21.54,80.93,2.99,1.26,19.72,37.3
2015-07-15,Coimbatore,11.0168,76.9558,Humid,24.95,28.99,22.51,82.4,3.54,1.75,12.12,37.31
2015-07-16,Coimbatore,11.0168,76.9558,Humid,25.22,29.87,22.22,79.62,3.75,1.66,16.25,37.32
2015-07-17,Coimbatore,11.0168,76.9558,Humid,23.94,27.26,21.6,82.48,4.71,6.25,14.04,37.33
2015-07-18,Coimbatore,11.0168,76.9558,Humid,23.96,27.95,21.32,82.86,4.43,5.42,11.83,37.33
2015-07-19,Coimbatore,11.0168,76.9558,Humid,23.23,27.6,20.95,82.58,3.87,5.57,9.86,37.34
2015-07-20,Coimbatore,11.0168,76.9558,Humid,24.2,28.96,20.75,82.03,3.78,4.66,13.91,37.35
2015-07-21,Coimbatore,11.0168,76.9558,Humid,24.46,28.62,21.69,84.37,3.26,2.6,15.47,37.36
2015-07-22,Coimbatore,11.0168,76.9558,Humid,24.28,27.78,22.21,85.69,3.28,1.77,11.78,37.37
2015-07-23,Coimbatore,11.0168,76.9558,Humid,24.15,28.44,21.3,81.42,3.37,3.88,17.62,37.38
2015-07-24,Coimbatore,11.0168,76.9558,Humid,23.79,28.69,20.89,81.05,2.74,1.11,18.75,37.39
2015-07-25,Coimbatore,11.0168,76.9558,Humid,23.39,28.3,20.43,81.89,2.97,1.36,14.44,37.4
2015-07-26,Coimbatore,11.0168,76.9558,Humid,23.68,28.74,19.78,78.4,3.01,0.39,14.32,37.4
2015-07-27,Coimbatore,11.0168,76.9558,Humid,24.37,30.48,20.05,76.6,2.26,0.64,16.1,37.42
2015-07-28,Coimbatore,11.0168,76.9558,Humid,25.28,32.39,19.8,74.81,2.34,0.5,20.35,37.43
2015-07-29,Coimbatore,11.0168,76.9558,Humid,24.64,30.15,20.72,78.75,2.51,0.69,24.8,37.44
2015-07-30,Coimbatore,11.0168,76.9558,Humid,25.02,31.05,20.88,76.5,2.72,0.0,21.67,37.45
2015-07-31,Coimbatore,11.0168,76.9558,Humid,25.25,31.16,21.07,76.94,2.67,0.03,20.26,37.46
2015-08-01,Coimbatore,11.0168,76.9558,Humid,25.5,32.05,20.45,75.4,2.38,0.21,17.87,37.47
2015-08-02,Coimbatore,11.0168,76.9558,Humid,24.11,28.59,20.35,80.12,2.07,1.62,15.89,37.48
2015-08-03,Coimbatore,11.0168,76.9558,Humid,24.34,28.87,21.39,83.1,2.59,3.2,15.91,37.48
2015-08-04,Coimbatore,11.0168,76.9558,Humid,25.14,31.22,21.28,78.05,3.34,1.73,18.99,37.49
2015-08-05,Coimbatore,11.0168,76.9558,Humid,24.44,29.36,21.2,76.49,3.36,1.3,17.54,37.49
2015-08-06,Coimbatore,11.0168,76.9558,Humid,24.69,29.81,21.13,78.83,3.05,0.66,18.09,37.49
2015-08-07,Coimbatore,11.0168,76.9558,Humid,24.97,29.87,21.71,79.84,3.21,0.91,16.64,37.48
2015-08-08,Coimbatore,11.0168,76.9558,Humid,25.4,31.36,21.19,78.46,3.12,3.3,17.41,37.49
2015-08-09,Coimbatore,11.0168,76.9558,Humid,25.1,29.66,22.11,79.85,3.65,0.95,15.77,37.49
2015-08-10,Coimbatore,11.0168,76.9558,Humid,24.86,29.28,22.25,80.71,3.95,2.4,13.76,37.5
2015-08-11,Coimbatore,11.0168,76.9558,Humid,25.02,29.73,22.01,80.68,3.42,0.81,14.89,37.51
2015-08-12,Coimbatore,11.0168,76.9558,Humid,25.12,30.25,22.1,80.06,3.2,1.45,14.58,37.51
2015-08-13,Coimbatore,11.0168,76.9558,Humid,24.89,29.05,22.19,81.5,2.96,2.67,15.39,37.51
2015-08-14,Coimbatore,11.0168,76.9558,Humid,25.49,31.5,20.98,77.56,2.87,0.67,17.46,37.51
2015-08-15,Coimbatore,11.0168,76.9558,Humid,25.46,31.46,21.33,79.06,2.5,2.17,20.03,37.51
2015-08-16,Coimbatore,11.0168,76.9558,Humid,24.64,28.64,21.8,83.97,1.96,13.23,16.78,37.51
2015-08-17,Coimbatore,11.0168,76.9558,Humid,25.4,30.51,21.81,80.72,1.51,9.6,17.7,37.5
2015-08-18,Coimbatore,11.0168,76.9558,Humid,26.37,31.76,22.08,77.78,0.97,1.87,20.12,37.5
2015-08-19,Coimbatore,11.0168,76.9558,Humid,25.78,30.32,22.5,79.29,1.31,1.08,19.31,37.49
2015-08-20,Coimbatore,11.0168,76.9558,Humid,25.91,32.31,21.72,77.72,2.49,0.49,20.47,37.49
2015-08-21,Coimbatore,11.0168,76.9558,Humid,25.28,29.65,22.39,81.84,2.46,5.63,13.9,37.47
2015-08-22,Coimbatore,11.0168,76.9558,Humid,24.74,29.74,21.57,79.82,2.23,8.16,15.01,37.46
2015-08-23,Coimbatore,11.0168,76.9558,Humid,24.79,31.6,20.77,76.75,2.57,5.25,18.06,37.44
2015-08-24,Coimbatore,11.0168,76.9558,Humid,24.85,31.25,20.31,75.36,2.33,1.04,22.41,37.43
2015-08-25,Coimbatore,11.0168,76.9558,Humid,25.31,31.99,20.48,74.6,2.32,0.14,23.37,37.42
2015-08-26,Coimbatore,11.0168,76.9558,Humid,24.9,30.64,21.31,77.51,2.75,0.05,21.41,37.42
2015-08-27,Coimbatore,11.0168,76.9558,Humid,24.94,30.15,21.75,79.57,3.27,0.65,13.53,37.41
2015-08-28,Coimbatore,11.0168,76.9558,Humid,25.49,32.09,21.02,76.09,2.88,0.11,22.38,37.4
2015-08-29,Coimbatore,11.0168,76.9558,Humid,25.65,31.83,21.96,76.29,2.99,0.0,21.32,37.39
2015-08-30,Coimbatore,11.0168,76.9558,Humid,26.18,33.16,21.31,74.06,2.8,0.0,23.94,37.37
2015-08-31,Coimbatore,11.0168,76.9558,Humid,26.03,33.11,21.45,74.74,2.34,0.03,22.73,37.35
2015-09-01,Coimbatore,11.0168,76.9558,Humid,26.31,33.41,20.91,72.69,2.0,0.33,23.13,37.33
2015-09-02,Coimbatore,11.0168,76.9558,Humid,25.76,31.63,21.18,73.44,1.61,1.0,22.59,37.3
2015-09-03,Coimbatore,11.0168,76.9558,Humid,26.16,31.69,21.87,74.95,0.81,0.61,18.52,37.27
2015-09-04,Coimbatore,11.0168,76.9558,Humid,25.46,29.77,22.43,81.96,0.76,1.31,17.93,37.25
2015-09-05,Coimbatore,11.0168,76.9558,Humid,24.72,28.76,22.43,84.61,1.21,3.77,17.84,37.22
2015-09-06,Coimbatore,11.0168,76.9558,Humid,24.81,30.54,21.14,80.9,2.22,3.29,16.54,37.18
2015-09-07,Coimbatore,11.0168,76.9558,Humid,23.64,28.17,20.91,83.9,2.49,6.5,14.96,37.15
2015-09-08,Coimbatore,11.0168,76.9558,Humid,23.48,29.01,19.64,79.15,2.33,0.86,14.25,37.12
2015-09-09,Coimbatore,11.0168,76.9558,Humid,24.48,30.15,20.79,77.93,3.01,1.57,17.31,37.08
2015-09-10,Coimbatore,11.0168,76.9558,Humid,23.95,28.71,20.79,83.33,2.69,1.92,19.84,37.04
2015-09-11,Coimbatore,11.0168,76.9558,Humid,24.25,28.92,20.89,81.69,2.59,0.89,23.69,37.0
2015-09-12,Coimbatore,11.0168,76.9558,Humid,25.25,31.02,21.55,78.03,2.86,0.94,19.55,36.96
2015-09-13,Coimbatore,11.0168,76.9558,Humid,25.31,32.03,20.93,75.5,2.92,0.08,23.89,36.92
2015-09-14,Coimbatore,11.0168,76.9558,Humid,25.08,31.37,21.26,75.01,3.45,0.18,23.22,36.88
2015-09-15,Coimbatore,11.0168,76.9558,Humid,24.73,30.31,20.54,77.75,3.52,1.04,19.81,36.83
2015-09-16,Coimbatore,11.0168,76.9558,Humid,25.15,30.45,21.69,78.68,3.68,3.94,15.8,36.78
2015-09-17,Coimbatore,11.0168,76.9558,Humid,24.47,29.71,20.68,77.39,3.45,1.78,19.22,36.74
2015-09-18,Coimbatore,11.0168,76.9558,Humid,24.77,30.21,21.21,80.18,3.13,1.16,16.25,36.69
2015-09-19,Coimbatore,11.0168,76.9558,Humid,25.5,31.15,21.64,79.1,2.83,1.48,19.09,36.64
2015-09-20,Coimbatore,11.0168,76.9558,Humid,24.76,29.82,21.79,80.24,2.95,2.28,16.69,36.59
2015-09-21,Coimbatore,11.0168,76.9558,Humid,25.62,32.93,20.0,73.24,2.14,0.1,21.63,36.54
2015-09-22,Coimbatore,11.0168,76.9558,Humid,26.5,33.91,21.43,72.04,2.23,0.26,22.26,36.49
2015-09-23,Coimbatore,11.0168,76.9558,Humid,26.17,33.19,21.12,76.24,1.16,2.15,19.85,36.43
2015-09-24,Coimbatore,11.0168,76.9558,Humid,26.05,30.84,22.25,78.08,0.95,6.8,17.21,36.37
2015-09-25,Coimbatore,11.0168,76.9558,Humid,26.86,33.6,21.68,74.45,1.55,2.19,23.0,36.3
2015-09-26,Coimbatore,11.0168,76.9558,Humid,26.9,32.72,23.05,74.28,2.08,1.82,19.03,36.23
2015-09-27,Coimbatore,11.0168,76.9558,Humid,25.1,29.17,22.31,82.74,1.05,19.41,17.29,36.17
2015-09-28,Coimbatore,11.0168,76.9558,Humid,24.03,26.85,22.15,90.24,1.35,15.64,20.56,36.1
2015-09-29,Coimbatore,11.0168,76.9558,Humid,24.49,28.63,21.79,86.37,1.16,20.15,16.28,36.03
2015-09-30,Coimbatore,11.0168,76.9558,Humid,24.71,28.96,22.14,82.44,0.93,5.5,17.26,35.97
2015-10-01,Coimbatore,11.0168,76.9558,Humid,24.37,28.79,21.37,84.0,0.99,2.86,15.76,35.9
2015-10-02,Coimbatore,11.0168,76.9558,Humid,24.62,29.75,20.97,84.11,1.94,4.87,19.17,35.83
2015-10-03,Coimbatore,11.0168,76.9558,Humid,25.41,31.47,21.31,81.01,1.98,1.61,16.21,35.76
2015-10-04,Coimbatore,11.0168,76.9558,Humid,25.03,30.02,22.23,83.12,1.86,4.61,15.18,35.68
2015-10-05,Coimbatore,11.0168,76.9558,Humid,24.05,28.79,20.64,86.83,1.65,13.67,13.23,35.61
2015-10-06,Coimbatore,11.0168,76.9558,Humid,23.57,29.68,19.14,79.55,1.84,2.51,17.22,35.53
2015-10-07,Coimbatore,11.0168,76.9558,Humid,24.08,30.01,20.28,82.97,2.13,2.53,18.93,35.45
2015-10-08,Coimbatore,11.0168,76.9558,Humid,24.02,29.07,21.0,85.17,2.34,4.86,15.53,35.37
2015-10-09,Coimbatore,11.0168,76.9558,Humid,23.78,27.61,21.41,86.24,2.42,3.99,14.63,35.29
2015-10-10,Coimbatore,11.0168,76.9558,Humid,24.26,29.04,21.15,85.64,2.41,3.02,16.89,35.2
2015-10-11,Coimbatore,11.0168,76.9558,Humid,24.71,30.15,21.04,85.64,1.72,15.44,16.15,35.12
2015-10-12,Coimbatore,11.0168,76.9558,Humid,25.16,30.34,21.37,80.35,0.71,8.86,16.43,35.04
2015-10-13,Coimbatore,11.0168,76.9558,Humid,25.3,30.22,22.11,80.39,0.76,0.96,20.39,34.95
2015-10-14,Coimbatore,11.0168,76.9558,Humid,25.33,30.64,20.94,75.38,1.22,2.51,22.83,34.87
2015-10-15,Coimbatore,11.0168,76.9558,Humid,25.08,30.75,19.99,70.22,0.96,3.32,22.43,34.78
2015-10-16,Coimbatore,11.0168,76.9558,Humid,25.45,31.55,19.67,70.33,1.12,0.09,20.77,34.69
2015-10-17,Coimbatore,11.0168,76.9558,Humid,25.16,31.71,19.86,73.78,1.4,0.31,20.49,34.6
2015-10-18,Coimbatore,11.0168,76.9558,Humid,25.16,31.16,21.07,78.21,1.41,2.03,20.48,34.52
2015-10-19,Coimbatore,11.0168,76.9558,Humid,25.33,30.09,21.65,80.18,1.62,0.52,17.64,34.43
2015-10-20,Coimbatore,11.0168,76.9558,Humid,26.05,31.88,21.81,77.05,1.56,0.5,19.19,34.33
2015-10-21,Coimbatore,11.0168,76.9558,Humid,25.75,31.3,21.18,76.49,1.45,0.23,18.57,34.24
2015-10-22,Coimbatore,11.0168,76.9558,Humid,25.6,30.95,21.02,75.16,1.31,0.39,17.8,34.14
2015-10-23,Coimbatore,11.0168,76.9558,Humid,25.77,32.15,20.87,67.88,0.84,0.12,19.49,34.05
2015-10-24,Coimbatore,11.0168,76.9558,Humid,25.92,32.65,20.33,69.96,1.22,1.48,22.55,33.96
2015-10-25,Coimbatore,11.0168,76.9558,Humid,24.5,30.98,18.76,68.61,1.88,2.94,20.91,33.86
2015-10-26,Coimbatore,11.0168,76.9558,Humid,24.47,30.27,19.39,68.95,1.86,0.13,16.4,33.76
2015-10-27,Coimbatore,11.0168,76.9558,Humid,25.14,31.96,20.25,70.8,0.76,1.19,14.28,33.67
2015-10-28,Coimbatore,11.0168,76.9558,Humid,23.58,27.59,20.92,84.26,1.19,8.19,15.78,33.57
2015-10-29,Coimbatore,11.0168,76.9558,Humid,25.02,31.48,19.79,74.9,1.21,0.68,19.09,33.47
2015-10-30,Coimbatore,11.0168,76.9558,Humid,25.66,32.2,20.12,73.57,1.07,2.75,19.08,33.37
2015-10-31,Coimbatore,11.0168,76.9558,Humid,23.98,27.9,21.58,86.19,2.19,7.04,15.45,33.27
2015-11-01,Coimbatore,11.0168,76.9558,Humid,24.66,30.05,21.03,84.41,1.49,9.65,13.14,33.16
2015-11-02,Coimbatore,11.0168,76.9558,Humid,23.75,27.42,21.17,85.01,0.63,5.83,14.49,33.06
2015-11-03,Coimbatore,11.0168,76.9558,Humid,24.17,28.81,21.55,85.53,0.94,10.33,15.01,32.96
2015-11-04,Coimbatore,11.0168,76.9558,Humid,24.71,30.48,20.54,81.45,0.81,5.76,15.37,32.87
2015-11-05,Coimbatore,11.0168,76.9558,Humid,24.47,28.3,21.91,86.19,1.05,22.3,12.72,32.78
2015-11-06,Coimbatore,11.0168,76.9558,Humid,24.75,29.33,21.28,81.49,1.27,4.29,19.43,32.69
2015-11-07,Coimbatore,11.0168,76.9558,Humid,24.05,28.69,21.07,83.62,1.74,8.13,18.83,32.6
2015-11-08,Coimbatore,11.0168,76.9558,Humid,23.57,27.79,20.39,86.39,1.71,5.06,18.18,32.51
2015-11-09,Coimbatore,11.0168,76.9558,Humid,23.5,27.58,20.77,87.91,1.51,18.69,6.3,32.42
2015-11-10,Coimbatore,11.0168,76.9558,Humid,22.21,25.04,19.84,88.67,1.79,16.04,8.13,32.32
2015-11-11,Coimbatore,11.0168,76.9558,Humid,22.35,25.6,19.36,90.54,1.08,6.26,8.12,32.23
2015-11-12,Coimbatore,11.0168,76.9558,Humid,23.53,27.23,20.59,86.4,1.36,5.34,13.19,32.14
2015-11-13,Coimbatore,11.0168,76.9558,Humid,22.49,25.71,20.14,85.33,1.33,2.5,16.25,32.06
2015-11-14,Coimbatore,11.0168,76.9558,Humid,21.4,24.64,19.16,83.69,1.47,0.65,13.44,31.97
2015-11-15,Coimbatore,11.0168,76.9558,Humid,21.89,25.27,19.57,88.56,1.24,2.86,9.59,31.89
2015-11-16,Coimbatore,11.0168,76.9558,Humid,23.06,27.4,19.67,87.07,0.94,1.7,11.34,31.8
2015-11-17,Coimbatore,11.0168,76.9558,Humid,24.09,28.64,20.86,84.57,0.81,1.46,12.71,31.71
2015-11-18,Coimbatore,11.0168,76.9558,Humid,22.78,25.73,20.78,90.39,0.92,3.44,10.48,31.63
2015-11-19,Coimbatore,11.0168,76.9558,Humid,22.65,25.47,20.83,93.26,1.78,6.92,11.52,31.55
2015-11-20,Coimbatore,11.0168,76.9558,Humid,23.37,27.49,20.46,88.63,1.98,3.37,12.88,31.47
2015-11-21,Coimbatore,11.0168,76.9558,Humid,22.73,26.49,20.24,87.19,2.3,1.52,14.97,31.39
2015-11-22,Coimbatore,11.0168,76.9558,Humid,22.26,25.35,19.62,91.72,2.56,10.57,10.39,31.31
2015-11-23,Coimbatore,11.0168,76.9558,Humid,22.41,24.79,20.73,89.84,1.78,8.01,11.73,31.24
2015-11-24,Coimbatore,11.0168,76.9558,Humid,23.2,27.58,20.08,88.51,1.73,3.88,16.17,31.16
2015-11-25,Coimbatore,11.0168,76.9558,Humid,21.89,26.94,17.1,81.92,2.08,0.0,19.24,31.08
2015-11-26,Coimbatore,11.0168,76.9558,Humid,20.95,26.93,15.09,80.72,1.41,0.0,21.29,31.01
2015-11-27,Coimbatore,11.0168,76.9558,Humid,22.51,27.87,17.8,85.79,1.52,0.05,18.48,30.94
2015-11-28,Coimbatore,11.0168,76.9558,Humid,22.91,28.64,19.09,82.46,1.56,0.16,18.26,30.88
2015-11-29,Coimbatore,11.0168,76.9558,Humid,22.25,27.58,17.17,86.02,1.95,13.09,19.48,30.81
2015-11-30,Coimbatore,11.0168,76.9558,Humid,22.48,26.11,20.07,89.22,1.63,4.44,11.3,30.75
2015-12-01,Coimbatore,11.0168,76.9558,Humid,22.6,26.23,19.88,87.81,1.94,1.13,13.1,30.69
2015-12-02,Coimbatore,11.0168,76.9558,Humid,22.15,24.95,20.04,90.36,1.49,2.15,11.17,30.64
2015-12-03,Coimbatore,11.0168,76.9558,Humid,23.51,28.75,19.1,85.33,1.47,0.43,12.07,30.59
2015-12-04,Coimbatore,11.0168,76.9558,Humid,23.48,28.21,19.76,84.93,2.12,0.83,17.77,30.54
2015-12-05,Coimbatore,11.0168,76.9558,Humid,22.78,27.11,19.23,87.16,3.02,6.21,14.45,30.49
2015-12-06,Coimbatore,11.0168,76.9558,Humid,22.34,25.01,20.22,91.78,3.43,5.15,13.29,30.44
2015-12-07,Coimbatore,11.0168,76.9558,Humid,23.14,27.36,20.3,89.16,2.95,5.62,12.38,30.4
2015-12-08,Coimbatore,11.0168,76.9558,Humid,21.69,25.4,19.49,84.96,2.46,3.95,13.69,30.35
2015-12-09,Coimbatore,11.0168,76.9558,Humid,22.14,26.92,18.58,88.45,2.07,2.25,14.59,30.32
2015-12-10,Coimbatore,11.0168,76.9558,Humid,23.59,27.3,21.17,90.37,1.98,2.58,15.37,30.29
2015-12-11,Coimbatore,11.0168,76.9558,Humid,23.73,28.22,20.3,85.62,1.31,0.81,15.75,30.26
2015-12-12,Coimbatore,11.0168,76.9558,Humid,23.63,27.82,20.71,87.34,1.41,1.84,12.7,30.23
2015-12-13,Coimbatore,11.0168,76.9558,Humid,23.74,28.12,20.47,85.38,0.8,1.04,14.5,30.21
2015-12-14,Coimbatore,11.0168,76.9558,Humid,23.6,28.22,20.22,87.09,1.16,5.64,14.78,30.18
2015-12-15,Coimbatore,11.0168,76.9558,Humid,23.69,28.64,20.37,86.72,0.97,1.6,15.07,30.16
2015-12-16,Coimbatore,11.0168,76.9558,Humid,22.46,28.56,17.56,81.38,1.37,0.24,17.26,30.14
2015-12-17,Coimbatore,11.0168,76.9558,Humid,21.8,27.7,16.47,83.42,1.7,0.0,21.34,30.12
2015-12-18,Coimbatore,11.0168,76.9558,Humid,23.25,28.54,19.25,84.59,1.54,0.05,19.42,30.11
2015-12-19,Coimbatore,11.0168,76.9558,Humid,23.02,27.73,19.94,84.62,1.96,1.24,18.12,30.11
2015-12-20,Coimbatore,11.0168,76.9558,Humid,22.87,28.42,19.14,84.23,2.05,0.16,20.04,30.11
2015-12-21,Coimbatore,11.0168,76.9558,Humid,22.04,28.35,17.21,75.83,1.67,0.01,20.05,30.11
2015-12-22,Coimbatore,11.0168,76.9558,Humid,21.03,28.35,15.78,74.91,1.68,0.0,20.88,30.11
2015-12-23,Coimbatore,11.0168,76.9558,Humid,21.55,28.17,16.65,80.16,1.8,0.0,19.89,30.12
2015-12-24,Coimbatore,11.0168,76.9558,Humid,21.78,28.46,17.09,77.51,1.67,0.0,19.36,30.13
2015-12-25,Coimbatore,11.0168,76.9558,Humid,21.47,28.26,16.31,77.84,2.03,0.0,20.55,30.13
2015-12-26,Coimbatore,11.0168,76.9558,Humid,21.59,27.92,16.84,77.55,2.39,0.0,20.32,30.15
2015-12-27,Coimbatore,11.0168,76.9558,Humid,22.33,28.86,16.77,79.89,2.53,0.01,18.55,30.16
2015-12-28,Coimbatore,11.0168,76.9558,Humid,22.34,28.64,18.0,76.97,3.09,0.0,19.56,30.19
2015-12-29,Coimbatore,11.0168,76.9558,Humid,21.94,28.99,15.57,76.24,2.54,0.02,20.52,30.21
2015-12-30,Coimbatore,11.0168,76.9558,Humid,22.0,29.87,17.05,67.58,2.18,0.0,21.49,30.25
2015-12-31,Coimbatore,11.0168,76.9558,Humid,20.85,28.11,15.36,76.13,2.87,0.0,21.03,30.28
2016-01-01,Coimbatore,11.0168,76.9558,Humid,20.31,27.78,14.39,74.16,2.51,0.0,19.75,30.32
2016-01-02,Coimbatore,11.0168,76.9558,Humid,20.18,28.4,14.01,70.68,2.15,0.0,22.01,30.35
2016-01-03,Coimbatore,11.0168,76.9558,Humid,20.07,29.21,13.17,67.11,2.0,0.0,22.32,30.39
2016-01-04,Coimbatore,11.0168,76.9558,Humid,20.03,28.51,13.79,69.85,2.02,0.0,21.82,30.43
2016-01-05,Coimbatore,11.0168,76.9558,Humid,20.75,29.06,13.09,72.31,1.61,0.0,21.12,30.48
2016-01-06,Coimbatore,11.0168,76.9558,Humid,22.04,30.03,15.44,74.37,1.53,0.0,19.5,30.53
2016-01-07,Coimbatore,11.0168,76.9558,Humid,21.98,29.1,16.53,75.18,1.9,0.0,16.0,30.58
2016-01-08,Coimbatore,11.0168,76.9558,Humid,21.45,27.12,16.61,74.69,1.66,0.0,16.62,30.63
2016-01-09,Coimbatore,11.0168,76.9558,Humid,21.78,29.61,16.93,71.55,1.82,0.0,20.05,30.69
2016-01-10,Coimbatore,11.0168,76.9558,Humid,21.12,29.45,14.73,70.22,1.89,0.0,21.01,30.75
2016-01-11,Coimbatore,11.0168,76.9558,Humid,20.99,29.51,14.44,68.54,1.89,0.0,20.85,30.81
2016-01-12,Coimbatore,11.0168,76.9558,Humid,21.38,29.97,15.15,70.29,1.64,0.0,21.25,30.87
2016-01-13,Coimbatore,11.0168,76.9558,Humid,19.97,25.79,15.91,75.61,1.36,0.0,18.78,30.94
2016-01-14,Coimbatore,11.0168,76.9558,Humid,21.43,29.78,15.57,67.39,1.57,0.0,20.84,31.01
2016-01-15,Coimbatore,11.0168,76.9558,Humid,21.05,29.73,14.73,70.61,1.51,0.0,19.61,31.08
2016-01-16,Coimbatore,11.0168,76.9558,Humid,21.95,30.6,15.28,72.02,1.0,0.0,17.74,31.16
2016-01-17,Coimbatore,11.0168,76.9558,Humid,22.9,30.09,17.41,71.92,1.02,0.0,18.36,31.24
2016-01-18,Coimbatore,11.0168,76.9558,Humid,23.45,30.57,17.4,71.87,0.98,0.01,17.91,31.32
2016-01-19,Coimbatore,11.0168,76.9558,Humid,24.4,31.14,19.19,72.73,1.16,0.0,11.91,31.4
2016-01-20,Coimbatore,11.0168,76.9558,Humid,24.83,31.41,19.88,74.16,0.96,0.11,9.84,31.48
2016-01-21,Coimbatore,11.0168,76.9558,Humid,24.99,31.29,20.49,76.71,1.19,2.0,15.67,31.56
2016-01-22,Coimbatore,11.0168,76.9558,Humid,24.08,30.33,20.18,74.98,2.06,1.59,12.91,31.65
2016-01-23,Coimbatore,11.0168,76.9558,Humid,24.19,31.4,19.27,71.67,2.0,0.2,16.26,31.73
2016-01-24,Coimbatore,11.0168,76.9558,Humid,24.67,31.18,20.14,73.2,1.91,0.06,18.68,31.82
2016-01-25,Coimbatore,11.0168,76.9558,Humid,25.37,32.19,20.18,72.72,1.56,0.03,17.24,31.92
2016-01-26,Coimbatore,11.0168,76.9558,Humid,25.51,32.29,20.24,70.5,1.35,0.04,17.11,32.01
2016-01-27,Coimbatore,11.0168,76.9558,Humid,25.0,32.41,19.93,69.09,1.71,0.04,17.59,32.1
2016-01-28,Coimbatore,11.0168,76.9558,Humid,24.31,32.2,18.83,65.89,1.54,0.0,21.25,32.19
2016-01-29,Coimbatore,11.0168,76.9558,Humid,23.73,32.78,16.46,58.36,1.76,0.0,21.39,32.29
2016-01-30,Coimbatore,11.0168,76.9558,Humid,22.95,31.66,16.93,62.13,2.09,0.0,22.89,32.39
2016-01-31,Coimbatore,11.0168,76.9558,Humid,22.65,31.55,15.86,64.59,2.23,0.0,23.09,32.48
2016-02-01,Coimbatore,11.0168,76.9558,Humid,22.39,31.64,15.51,59.57,1.91,0.0,20.77,32.58
2016-02-02,Coimbatore,11.0168,76.9558,Humid,22.71,32.3,15.17,56.89,2.18,0.0,22.59,32.69
2016-02-03,Coimbatore,11.0168,76.9558,Humid,22.42,31.01,14.88,54.61,1.82,0.0,19.39,32.79
2016-02-04,Coimbatore,11.0168,76.9558,Humid,22.73,31.98,15.89,57.1,2.15,0.0,21.28,32.89
2016-02-05,Coimbatore,11.0168,76.9558,Humid,23.05,31.99,16.08,59.12,1.7,0.0,23.18,33.0
2016-02-06,Coimbatore,11.0168,76.9558,Humid,24.6,32.97,17.4,61.01,1.15,0.0,21.06,33.1
2016-02-07,Coimbatore,11.0168,76.9558,Humid,25.86,33.36,19.24,61.43,1.03,0.0,19.47,33.2
2016-02-08,Coimbatore,11.0168,76.9558,Humid,26.43,33.83,20.29,62.52,1.63,0.0,18.26,33.3
2016-02-09,Coimbatore,11.0168,76.9558,Humid,26.09,33.33,20.14,60.79,1.4,0.05,16.0,33.41
2016-02-10,Coimbatore,11.0168,76.9558,Humid,26.38,34.03,19.78,60.21,0.98,0.47,18.54,33.51
2016-02-11,Coimbatore,11.0168,76.9558,Humid,26.57,34.48,19.76,61.98,0.85,1.09,19.81,33.62
2016-02-12,Coimbatore,11.0168,76.9558,Humid,26.55,33.82,20.99,59.19,1.14,0.0,20.96,33.72
2016-02-13,Coimbatore,11.0168,76.9558,Humid,26.23,34.44,19.46,51.74,1.2,0.0,20.95,33.83
2016-02-14,Coimbatore,11.0168,76.9558,Humid,25.39,33.58,19.39,53.84,1.88,0.0,22.95,33.94
2016-02-15,Coimbatore,11.0168,76.9558,Humid,25.18,33.69,18.16,54.42,1.71,0.0,23.64,34.04
2016-02-16,Coimbatore,11.0168,76.9558,Humid,26.31,34.13,19.77,58.5,2.4,0.0,23.88,34.15
2016-02-17,Coimbatore,11.0168,76.9558,Humid,26.14,33.45,19.48,56.75,2.9,0.0,21.59,34.25
2016-02-18,Coimbatore,11.0168,76.9558,Humid,26.51,33.77,21.17,58.71,3.3,0.0,19.29,34.35
2016-02-19,Coimbatore,11.0168,76.9558,Humid,26.25,34.19,19.28,58.09,2.54,0.0,21.65,34.45
2016-02-20,Coimbatore,11.0168,76.9558,Humid,27.74,36.61,20.4,55.1,1.63,0.11,23.83,34.55
2016-02-21,Coimbatore,11.0168,76.9558,Humid,28.34,37.03,21.11,56.47,1.16,0.3,23.67,34.65
2016-02-22,Coimbatore,11.0168,76.9558,Humid,28.29,37.22,21.22,51.44,1.56,0.1,24.63,34.76
2016-02-23,Coimbatore,11.0168,76.9558,Humid,27.62,37.32,19.57,46.25,1.19,0.0,24.72,34.86
2016-02-24,Coimbatore,11.0168,76.9558,Humid,28.03,37.48,20.99,54.54,0.94,0.01,23.55,34.96
2016-02-25,Coimbatore,11.0168,76.9558,Humid,29.04,37.9,22.05,54.12,0.97,0.08,22.14,35.05
2016-02-26,Coimbatore,11.0168,76.9558,Humid,28.23,35.91,22.01,53.54,2.36,0.08,23.4,35.15
2016-02-27,Coimbatore,11.0168,76.9558,Humid,27.33,34.75,20.26,54.79,2.91,0.17,23.71,35.24
2016-02-28,Coimbatore,11.0168,76.9558,Humid,28.18,35.74,21.93,55.86,2.49,1.33,22.35,35.33
2016-02-29,Coimbatore,11.0168,76.9558,Humid,26.0,32.01,21.07,57.61,2.49,0.58,18.83,35.42
2016-03-01,Coimbatore,11.0168,76.9558,Humid,27.54,34.86,21.43,55.32,2.53,0.0,23.23,35.52
2016-03-02,Coimbatore,11.0168,76.9558,Humid,27.09,33.77,21.95,54.32,2.48,0.0,22.16,35.61
2016-03-03,Coimbatore,11.0168,76.9558,Humid,27.21,35.07,21.39,51.18,2.57,0.0,24.67,35.7
2016-03-04,Coimbatore,11.0168,76.9558,Humid,26.24,33.54,20.56,46.45,2.06,0.0,22.91,35.79
2016-03-05,Coimbatore,11.0168,76.9558,Humid,27.29,35.89,20.17,44.58,1.66,0.0,24.97,35.88
2016-03-06,Coimbatore,11.0168,76.9558,Humid,27.79,36.78,20.82,47.65,1.53,0.16,24.25,35.96
2016-03-07,Coimbatore,11.0168,76.9558,Humid,27.82,36.12,21.23,46.95,1.62,0.27,22.86,36.04
2016-03-08,Coimbatore,11.0168,76.9558,Humid,28.39,37.42,20.64,47.11,1.25,0.0,25.26,36.13
2016-03-09,Coimbatore,11.0168,76.9558,Humid,28.33,35.65,21.92,48.78,0.83,0.0,24.55,36.21
2016-03-10,Coimbatore,11.0168,76.9558,Humid,28.03,34.4,22.94,50.2,0.58,0.0,21.93,36.29
2016-03-11,Coimbatore,11.0168,76.9558,Humid,29.34,38.14,22.08,50.09,1.0,0.0,22.82,36.37
2016-03-12,Coimbatore,11.0168,76.9558,Humid,28.94,35.99,23.53,60.04,1.26,0.22,22.66,36.44
2016-03-13,Coimbatore,11.0168,76.9558,Humid,29.39,36.84,23.74,60.12,1.54,0.21,21.02,36.51
2016-03-14,Coimbatore,11.0168,76.9558,Humid,29.53,36.26,23.68,57.31,1.01,0.29,20.27,36.58
2016-03-15,Coimbatore,11.0168,76.9558,Humid,28.98,36.64,23.02,56.91,1.77,0.86,19.4,36.65
2016-03-16,Coimbatore,11.0168,76.9558,Humid,29.42,37.52,22.26,53.51,1.18,0.65,23.47,36.72
2016-03-17,Coimbatore,11.0168,76.9558,Humid,29.95,37.44,22.97,52.08,0.93,0.42,23.4,36.79
2016-03-18,Coimbatore,11.0168,76.9558,Humid,30.64,38.53,23.38,46.1,1.45,0.0,22.7,36.86
2016-03-19,Coimbatore,11.0168,76.9558,Humid,30.57,38.96,23.7,50.14,0.92,0.0,23.1,36.92
2016-03-20,Coimbatore,11.0168,76.9558,Humid,30.78,39.66,23.53,49.71,1.49,0.0,24.31,36.98
2016-03-21,Coimbatore,11.0168,76.9558,Humid,30.93,39.67,23.32,49.21,1.45,0.0,21.87,37.04
2016-03-22,Coimbatore,11.0168,76.9558,Humid,29.58,37.58,23.68,59.82,2.53,0.46,20.02,37.09
2016-03-23,Coimbatore,11.0168,76.9558,Humid,30.27,37.81,23.86,57.8,1.59,0.44,19.47,37.15
2016-03-24,Coimbatore,11.0168,76.9558,Humid,30.87,38.85,24.41,49.88,1.39,0.03,23.25,37.2
2016-03-25,Coimbatore,11.0168,76.9558,Humid,29.84,38.33,23.19,43.05,1.31,0.11,22.95,37.26
2016-03-26,Coimbatore,11.0168,76.9558,Humid,29.27,37.98,22.36,41.96,1.58,0.01,25.23,37.31
2016-03-27,Coimbatore,11.0168,76.9558,Humid,29.35,38.32,21.72,42.42,0.92,0.0,26.16,37.35
2016-03-28,Coimbatore,11.0168,76.9558,Humid,30.24,38.61,22.87,46.94,1.02,0.01,25.64,37.4
2016-03-29,Coimbatore,11.0168,76.9558,Humid,30.36,37.92,23.82,50.92,1.33,0.45,23.87,37.44
2016-03-30,Coimbatore,11.0168,76.9558,Humid,30.36,38.31,23.69,49.86,1.23,0.36,24.74,37.48
2016-03-31,Coimbatore,11.0168,76.9558,Humid,29.57,36.65,24.0,50.16,0.86,0.01,23.12,37.52
2016-04-01,Coimbatore,11.0168,76.9558,Humid,29.99,38.52,22.92,49.16,1.42,0.02,24.65,37.56
2016-04-02,Coimbatore,11.0168,76.9558,Humid,30.63,39.04,23.66,50.03,1.74,0.0,24.99,37.6
2016-04-03,Coimbatore,11.0168,76.9558,Humid,30.95,39.75,23.64,49.17,1.39,0.0,23.35,37.63
2016-04-04,Coimbatore,11.0168,76.9558,Humid,30.91,39.66,23.81,45.29,1.31,0.04,25.01,37.67
2016-04-05,Coimbatore,11.0168,76.9558,Humid,30.43,39.24,23.32,52.59,1.57,0.13,24.18,37.7
2016-04-06,Coimbatore,11.0168,76.9558,Humid,30.38,39.06,23.82,54.7,1.9,0.6,22.38,37.73
2016-04-07,Coimbatore,11.0168,76.9558,Humid,30.72,38.64,23.63,56.11,1.3,1.33,22.93,37.75
2016-04-08,Coimbatore,11.0168,76.9558,Humid,29.27,36.05,25.02,65.02,1.57,4.7,20.07,37.78
2016-04-09,Coimbatore,11.0168,76.9558,Humid,26.44,31.01,23.82,79.71,1.44,10.33,14.15,37.8
2016-04-10,Coimbatore,11.0168,76.9558,Humid,28.12,35.03,23.07,69.16,1.01,1.22,21.2,37.81
2016-04-11,Coimbatore,11.0168,76.9558,Humid,29.14,36.89,22.69,64.03,1.36,0.12,23.09,37.83
2016-04-12,Coimbatore,11.0168,76.9558,Humid,29.16,37.29,23.94,66.37,2.46,0.0,23.46,37.84
2016-04-13,Coimbatore,11.0168,76.9558,Humid,29.45,37.25,24.25,65.36,2.57,0.06,23.42,37.86
2016-04-14,Coimbatore,11.0168,76.9558,Humid,29.36,35.67,24.91,66.87,2.0,0.32,20.77,37.87
2016-04-15,Coimbatore,11.0168,76.9558,Humid,30.01,37.22,24.94,64.85,1.43,0.27,22.07,37.89
2016-04-16,Coimbatore,11.0168,76.9558,Humid,29.55,36.3,24.95,64.62,1.78,0.03,22.24,37.91
2016-04-17,Coimbatore,11.0168,76.9558,Humid,30.16,38.91,23.66,59.38,1.75,0.0,23.83,37.93
2016-04-18,Coimbatore,11.0168,76.9558,Humid,30.92,39.55,24.14,54.45,1.36,0.0,25.48,37.94
2016-04-19,Coimbatore,11.0168,76.9558,Humid,31.06,39.36,24.5,54.13,1.28,0.19,25.79,37.95
2016-04-20,Coimbatore,11.0168,76.9558,Humid,30.46,38.43,24.19,58.16,1.61,0.74,23.24,37.96
2016-04-21,Coimbatore,11.0168,76.9558,Humid,30.2,38.69,24.78,60.96,2.38,1.82,22.19,37.96
2016-04-22,Coimbatore,11.0168,76.9558,Humid,30.42,39.58,23.74,58.72,2.65,0.89,24.51,37.96
2016-04-23,Coimbatore,11.0168,76.9558,Humid,30.36,39.41,24.44,58.37,2.82,0.24,24.58,37.96
2016-04-24,Coimbatore,11.0168,76.9558,Humid,30.97,41.13,23.85,56.62,2.48,0.07,25.45,37.96
2016-04-25,Coimbatore,11.0168,76.9558,Humid,30.77,38.68,25.42,55.67,2.19,0.14,22.55,37.96
2016-04-26,Coimbatore,11.0168,76.9558,Humid,30.9,38.28,24.64,54.44,1.64,0.13,23.48,37.96
2016-04-27,Coimbatore,11.0168,76.9558,Humid,30.52,37.47,25.28,52.91,1.4,0.0,25.28,37.96
2016-04-28,Coimbatore,11.0168,76.9558,Humid,30.4,38.5,25.02,55.96,1.12,0.04,25.21,37.95
2016-04-29,Coimbatore,11.0168,76.9558,Humid,31.06,38.8,24.86,51.55,1.39,0.03,24.71,37.95
2016-04-30,Coimbatore,11.0168,76.9558,Humid,30.92,39.17,24.52,51.72,1.34,0.04,25.92,37.94
2016-05-01,Coimbatore,11.0168,76.9558,Humid,30.58,38.41,24.62,57.02,1.82,0.04,27.04,37.93
2016-05-02,Coimbatore,11.0168,76.9558,Humid,31.19,39.98,24.34,55.26,2.4,0.16,24.57,37.92
2016-05-03,Coimbatore,11.0168,76.9558,Humid,30.58,38.69,24.22,56.71,2.03,0.32,22.73,37.92
2016-05-04,Coimbatore,11.0168,76.9558,Humid,30.27,37.53,24.83,57.42,1.64,0.02,20.31,37.91
2016-05-05,Coimbatore,11.0168,76.9558,Humid,28.61,33.33,25.18,65.76,1.18,1.11,18.78,37.9
2016-05-06,Coimbatore,11.0168,76.9558,Humid,28.37,34.53,24.43,70.76,1.17,10.93,20.18,37.88
2016-05-07,Coimbatore,11.0168,76.9558,Humid,27.45,31.94,24.38,75.89,0.7,8.43,21.61,37.87
2016-05-08,Coimbatore,11.0168,76.9558,Humid,26.91,30.87,24.3,79.3,0.93,5.41,18.35,37.86
2016-05-09,Coimbatore,11.0168,76.9558,Humid,27.44,31.39,23.71,71.34,1.13,1.04,24.23,37.84
2016-05-10,Coimbatore,11.0168,76.9558,Humid,27.9,33.71,24.06,69.22,0.99,4.2,18.83,37.82
2016-05-11,Coimbatore,11.0168,76.9558,Humid,26.69,31.75,23.04,73.9,0.51,8.21,19.75,37.81
2016-05-12,Coimbatore,11.0168,76.9558,Humid,26.61,32.19,22.61,74.03,1.65,1.24,17.22,37.79
2016-05-13,Coimbatore,11.0168,76.9558,Humid,28.31,35.62,23.14,70.44,1.28,1.08,22.06,37.78
2016-05-14,Coimbatore,11.0168,76.9558,Humid,28.49,35.3,23.39,72.33,1.2,5.08,20.84,37.77
2016-05-15,Coimbatore,11.0168,76.9558,Humid,28.07,34.36,23.63,69.68,1.15,3.16,21.76,37.75
2016-05-16,Coimbatore,11.0168,76.9558,Humid,26.67,31.73,23.84,77.57,1.26,4.9,6.54,37.73
2016-05-17,Coimbatore,11.0168,76.9558,Humid,26.23,30.97,23.04,72.83,1.68,13.06,11.84,37.7
2016-05-18,Coimbatore,11.0168,76.9558,Humid,25.62,29.42,23.48,82.92,2.91,1.03,11.93,37.69
2016-05-19,Coimbatore,11.0168,76.9558,Humid,26.3,30.23,23.81,80.4,3.47,5.94,17.48,37.67
2016-05-20,Coimbatore,11.0168,76.9558,Humid,25.78,29.97,22.77,79.3,3.3,1.73,17.15,37.65
2016-05-21,Coimbatore,11.0168,76.9558,Humid,27.1,32.95,22.45,74.43,3.14,0.0,22.37,37.63
2016-05-22,Coimbatore,11.0168,76.9558,Humid,27.53,32.75,23.7,75.92,2.99,0.03,24.77,37.62
2016-05-23,Coimbatore,11.0168,76.9558,Humid,28.0,34.17,23.68,73.64,3.3,0.01,24.85,37.6
2016-05-24,Coimbatore,11.0168,76.9558,Humid,28.06,34.72,23.59,72.26,3.5,0.09,24.96,37.59
2016-05-25,Coimbatore,11.0168,76.9558,Humid,27.14,31.92,23.53,75.27,3.23,3.02,23.48,37.57
2016-05-26,Coimbatore,11.0168,76.9558,Humid,26.35,30.15,23.69,79.65,2.78,1.11,23.82,37.55
2016-05-27,Coimbatore,11.0168,76.9558,Humid,26.43,32.8,22.34,78.19,1.78,4.08,20.69,37.53
2016-05-28,Coimbatore,11.0168,76.9558,Humid,25.66,30.01,23.19,83.4,2.45,8.44,17.67,37.52
2016-05-29,Coimbatore,11.0168,76.9558,Humid,25.27,28.76,22.47,80.47,2.39,3.07,18.55,37.5
2016-05-30,Coimbatore,11.0168,76.9558,Humid,25.42,30.2,22.25,79.75,2.7,5.01,17.85,37.48
2016-05-31,Coimbatore,11.0168,76.9558,Humid,25.99,31.36,22.27,77.86,2.13,3.14,18.23,37.47
2016-06-01,Coimbatore,11.0168,76.9558,Humid,25.5,29.69,23.14,83.71,2.25,6.69,15.72,37.45
2016-06-02,Coimbatore,11.0168,76.9558,Humid,24.82,28.3,22.43,86.06,1.86,5.36,17.87,37.44
2016-06-03,Coimbatore,11.0168,76.9558,Humid,24.61,28.58,22.49,86.34,2.66,5.73,19.64,37.42
2016-06-04,Coimbatore,11.0168,76.9558,Humid,25.53,30.43,22.18,81.59,2.9,4.59,16.92,37.4
2016-06-05,Coimbatore,11.0168,76.9558,Humid,25.77,31.1,22.52,79.31,2.94,5.18,14.53,37.39
2016-06-06,Coimbatore,11.0168,76.9558,Humid,25.94,31.04,22.43,79.2,3.1,1.73,18.58,37.37
2016-06-07,Coimbatore,11.0168,76.9558,Humid,25.55,29.18,23.32,86.49,2.54,5.64,15.51,37.36
2016-06-08,Coimbatore,11.0168,76.9558,Humid,24.83,27.97,22.29,86.98,2.69,8.59,11.03,37.35
2016-06-09,Coimbatore,11.0168,76.9558,Humid,25.03,29.21,21.62,84.95,2.89,6.64,14.92,37.33
2016-06-10,Coimbatore,11.0168,76.9558,Humid,24.36,28.82,21.27,83.72,3.94,5.2,12.44,37.32
2016-06-11,Coimbatore,11.0168,76.9558,Humid,24.88,29.22,21.98,83.2,3.67,12.58,17.26,37.31
2016-06-12,Coimbatore,11.0168,76.9558,Humid,25.24,30.5,21.95,80.18,3.47,0.55,19.59,37.3
2016-06-13,Coimbatore,11.0168,76.9558,Humid,24.8,28.43,20.95,82.75,3.1,1.17,16.56,37.28
2016-06-14,Coimbatore,11.0168,76.9558,Humid,25.18,30.61,20.87,79.61,3.31,0.95,17.78,37.27
2016-06-15,Coimbatore,11.0168,76.9558,Humid,25.2,30.45,21.69,77.67,4.02,0.74,22.85,37.26
2016-06-16,Coimbatore,11.0168,76.9558,Humid,25.35,30.34,22.03,79.92,3.83,2.7,17.55,37.25
2016-06-17,Coimbatore,11.0168,76.9558,Humid,24.26,27.6,21.56,84.02,2.68,9.05,17.67,37.25
2016-06-18,Coimbatore,11.0168,76.9558,Humid,24.23,29.16,21.05,79.57,2.97,4.79,14.28,37.24
2016-06-19,Coimbatore,11.0168,76.9558,Humid,24.16,30.03,20.37,79.87,2.78,3.34,15.48,37.24
2016-06-20,Coimbatore,11.0168,76.9558,Humid,24.01,28.62,21.1,82.4,3.01,2.57,14.24,37.24
2016-06-21,Coimbatore,11.0168,76.9558,Humid,23.76,28.44,20.62,82.16,3.0,2.71,13.52,37.23
2016-06-22,Coimbatore,11.0168,76.9558,Humid,23.54,28.53,19.49,79.47,3.56,6.11,13.38,37.23
2016-06-23,Coimbatore,11.0168,76.9558,Humid,22.69,26.24,20.11,81.95,4.09,3.98,14.01,37.22
2016-06-24,Coimbatore,11.0168,76.9558,Humid,23.99,29.29,20.05,75.43,3.72,0.46,13.88,37.22
2016-06-25,Coimbatore,11.0168,76.9558,Humid,24.45,29.67,20.35,75.19,3.83,0.43,13.32,37.22
2016-06-26,Coimbatore,11.0168,76.9558,Humid,24.61,29.4,21.28,81.35,3.33,3.9,13.75,37.21
2016-06-27,Coimbatore,11.0168,76.9558,Humid,24.23,28.04,21.88,83.89,3.66,8.52,11.49,37.21
2016-06-28,Coimbatore,11.0168,76.9558,Humid,24.16,28.57,21.7,85.28,4.03,11.74,6.61,37.21
2016-06-29,Coimbatore,11.0168,76.9558,Humid,23.87,26.67,21.93,86.47,4.25,7.81,8.82,37.22
2016-06-30,Coimbatore,11.0168,76.9558,Humid,24.25,27.53,22.07,83.2,4.57,2.68,10.9,37.22
2016-07-01,Coimbatore,11.0168,76.9558,Humid,24.62,28.39,22.45,81.15,4.98,1.04,16.86,37.22
2016-07-02,Coimbatore,11.0168,76.9558,Humid,24.73,28.57,22.27,79.54,4.7,0.66,21.53,37.22
2016-07-03,Coimbatore,11.0168,76.9558,Humid,24.84,29.71,21.73,78.25,4.37,2.31,16.38,37.22
2016-07-04,Coimbatore,11.0168,76.9558,Humid,24.14,28.19,21.49,82.32,3.54,6.09,12.34,37.23
2016-07-05,Coimbatore,11.0168,76.9558,Humid,24.8,29.06,21.91,83.87,3.13,3.35,13.09,37.23
2016-07-06,Coimbatore,11.0168,76.9558,Humid,24.63,28.31,22.35,86.76,2.97,10.02,10.99,37.24
2016-07-07,Coimbatore,11.0168,76.9558,Humid,24.17,28.52,21.5,81.07,3.13,1.68,13.55,37.24
2016-07-08,Coimbatore,11.0168,76.9558,Humid,23.8,27.57,21.21,84.61,3.94,3.98,12.8,37.25
2016-07-09,Coimbatore,11.0168,76.9558,Humid,23.94,26.76,21.61,86.29,4.54,8.85,13.31,37.26
2016-07-10,Coimbatore,11.0168,76.9558,Humid,24.56,28.13,22.69,84.15,5.05,5.74,12.28,37.27
2016-07-11,Coimbatore,11.0168,76.9558,Humid,24.35,27.94,22.2,84.05,4.86,5.45,13.85,37.27
2016-07-12,Coimbatore,11.0168,76.9558,Humid,24.12,27.41,22.1,83.79,4.34,3.17,15.26,37.28
2016-07-13,Coimbatore,11.0168,76.9558,Humid,24.45,28.52,21.81,82.74,3.76,1.53,18.09,37.29
2016-07-14,Coimbatore,11.0168,76.9558,Humid,24.49,29.42,20.97,82.94,2.92,4.86,17.16,37.3
2016-07-15,Coimbatore,11.0168,76.9558,Humid,24.65,29.61,21.26,83.9,2.57,7.29,16.74,37.3
2016-07-16,Coimbatore,11.0168,76.9558,Humid,23.73,27.02,21.62,87.22,1.81,14.51,15.47,37.3
2016-07-17,Coimbatore,11.0168,76.9558,Humid,23.51,27.96,20.5,86.42,2.0,5.45,14.55,37.31
2016-07-18,Coimbatore,11.0168,76.9558,Humid,22.89,26.62,20.42,86.83,2.26,7.35,14.26,37.32
2016-07-19,Coimbatore,11.0168,76.9558,Humid,23.04,27.44,19.47,84.74,2.36,0.83,18.41,37.32
2016-07-20,Coimbatore,11.0168,76.9558,Humid,24.41,29.49,20.79,81.34,2.66,0.48,15.9,37.33
2016-07-21,Coimbatore,11.0168,76.9558,Humid,23.75,28.07,20.91,83.16,3.32,3.03,13.32,37.35
2016-07-22,Coimbatore,11.0168,76.9558,Humid,23.64,27.96,20.71,83.34,3.61,3.88,15.21,37.36
2016-07-23,Coimbatore,11.0168,76.9558,Humid,23.83,27.93,21.08,83.94,3.4,4.11,14.28,37.38
2016-07-24,Coimbatore,11.0168,76.9558,Humid,23.97,27.71,21.43,84.74,2.83,6.42,15.9,37.38
2016-07-25,Coimbatore,11.0168,76.9558,Humid,23.74,28.05,20.72,86.19,1.98,12.01,19.69,37.39
2016-07-26,Coimbatore,11.0168,76.9558,Humid,23.6,27.17,20.98,87.14,1.41,12.59,18.73,37.4
2016-07-27,Coimbatore,11.0168,76.9558,Humid,23.74,28.05,20.86,84.98,1.72,11.51,15.97,37.41
2016-07-28,Coimbatore,11.0168,76.9558,Humid,24.12,29.9,20.38,83.95,1.55,9.31,18.26,37.42
2016-07-29,Coimbatore,11.0168,76.9558,Humid,23.67,27.84,20.71,85.32,2.31,0.77,14.32,37.43
2016-07-30,Coimbatore,11.0168,76.9558,Humid,23.38,28.09,20.01,84.29,2.65,4.56,13.12,37.44
2016-07-31,Coimbatore,11.0168,76.9558,Humid,23.84,29.05,19.92,83.15,3.13,2.65,19.24,37.45
2016-08-01,Coimbatore,11.0168,76.9558,Humid,23.7,28.1,20.89,84.54,3.79,2.7,15.78,37.45
2016-08-02,Coimbatore,11.0168,76.9558,Humid,23.59,28.4,20.67,83.7,4.16,0.66,17.87,37.46
2016-08-03,Coimbatore,11.0168,76.9558,Humid,23.78,27.94,21.23,84.01,4.62,0.58,18.67,37.47
2016-08-04,Coimbatore,11.0168,76.9558,Humid,23.89,27.64,21.36,83.27,4.06,0.84,17.41,37.47
2016-08-05,Coimbatore,11.0168,76.9558,Humid,23.56,26.99,21.26,84.48,3.84,2.5,14.77,37.48
2016-08-06,Coimbatore,11.0168,76.9558,Humid,23.97,28.28,21.38,83.51,3.66,1.5,20.87,37.48
2016-08-07,Coimbatore,11.0168,76.9558,Humid,24.26,29.03,21.0,82.56,3.38,0.72,16.93,37.49
2016-08-08,Coimbatore,11.0168,76.9558,Humid,24.09,28.45,20.69,83.48,2.64,0.7,17.67,37.49
2016-08-09,Coimbatore,11.0168,76.9558,Humid,24.5,29.88,20.8,81.81,2.95,0.98,18.84,37.5
2016-08-10,Coimbatore,11.0168,76.9558,Humid,24.46,29.5,20.94,81.67,2.94,0.84,17.56,37.5
2016-08-11,Coimbatore,11.0168,76.9558,Humid,24.56,29.59,20.76,81.75,2.76,0.23,21.09,37.5
2016-08-12,Coimbatore,11.0168,76.9558,Humid,24.42,29.64,20.67,83.21,2.79,1.08,16.8,37.5
2016-08-13,Coimbatore,11.0168,76.9558,Humid,24.75,29.67,21.42,81.76,3.12,0.67,16.95,37.5
2016-08-14,Coimbatore,11.0168,76.9558,Humid,24.44,29.75,21.4,82.08,3.33,2.11,15.25,37.5
2016-08-15,Coimbatore,11.0168,76.9558,Humid,24.29,29.19,20.97,81.5,3.63,3.1,15.13,37.5
2016-08-16,Coimbatore,11.0168,76.9558,Humid,24.02,28.78,21.07,82.64,4.0,2.91,16.23,37.5
2016-08-17,Coimbatore,11.0168,76.9558,Humid,24.19,29.47,20.93,82.15,3.91,2.62,15.5,37.5
2016-08-18,Coimbatore,11.0168,76.9558,Humid,24.43,29.82,21.13,81.53,3.33,1.13,16.69,37.49
2016-08-19,Coimbatore,11.0168,76.9558,Humid,24.84,30.65,20.72,79.79,3.21,1.21,19.11,37.49
2016-08-20,Coimbatore,11.0168,76.9558,Humid,24.96,30.08,20.76,79.99,2.5,0.78,20.66,37.48
2016-08-21,Coimbatore,11.0168,76.9558,Humid,25.39,31.57,20.64,78.0,2.54,0.77,22.4,37.47
2016-08-22,Coimbatore,11.0168,76.9558,Humid,25.23,30.52,21.4,79.17,2.62,0.75,19.26,37.46
2016-08-23,Coimbatore,11.0168,76.9558,Humid,24.39,28.9,21.39,83.3,2.75,2.53,16.72,37.44
2016-08-24,Coimbatore,11.0168,76.9558,Humid,24.45,29.03,21.22,83.48,2.67,2.28,17.93,37.44
2016-08-25,Coimbatore,11.0168,76.9558,Humid,24.24,28.25,21.87,84.67,3.03,1.52,18.65,37.42
2016-08-26,Coimbatore,11.0168,76.9558,Humid,24.61,30.1,21.26,82.9,2.66,6.27,16.7,37.41
2016-08-27,Coimbatore,11.0168,76.9558,Humid,23.81,27.62,21.25,85.2,2.98,10.11,14.61,37.39
2016-08-28,Coimbatore,11.0168,76.9558,Humid,24.26,29.0,20.94,81.69,3.02,3.86,15.84,37.37
2016-08-29,Coimbatore,11.0168,76.9558,Humid,24.29,30.3,20.47,79.18,2.86,0.66,15.54,37.35
2016-08-30,Coimbatore,11.0168,76.9558,Humid,23.55,28.0,20.62,84.06,2.82,8.17,10.36,37.34
2016-08-31,Coimbatore,11.0168,76.9558,Humid,22.67,27.68,19.48,81.5,2.65,5.21,13.92,37.32
2016-09-01,Coimbatore,11.0168,76.9558,Humid,22.48,28.0,18.14,80.54,2.65,2.81,14.61,37.29
2016-09-02,Coimbatore,11.0168,76.9558,Humid,22.67,27.66,19.2,81.38,2.87,0.85,13.62,37.26
2016-09-03,Coimbatore,11.0168,76.9558,Humid,23.38,28.25,19.91,82.7,2.45,0.78,17.9,37.23
2016-09-04,Coimbatore,11.0168,76.9558,Humid,23.92,28.34,20.85,81.61,2.34,0.41,17.7,37.2
2016-09-05,Coimbatore,11.0168,76.9558,Humid,24.06,29.4,20.43,80.0,2.57,0.03,19.61,37.17
2016-09-06,Coimbatore,11.0168,76.9558,Humid,23.75,28.72,20.07,81.02,2.8,0.22,16.62,37.15
2016-09-07,Coimbatore,11.0168,76.9558,Humid,23.37,28.91,19.58,79.65,2.62,0.02,22.94,37.11
2016-09-08,Coimbatore,11.0168,76.9558,Humid,23.92,29.58,20.03,78.95,2.72,0.0,22.74,37.08
2016-09-09,Coimbatore,11.0168,76.9558,Humid,24.89,30.78,20.54,75.06,1.98,0.12,19.31,37.05
2016-09-10,Coimbatore,11.0168,76.9558,Humid,24.39,29.49,20.77,80.13,1.97,1.19,19.53,37.01
2016-09-11,Coimbatore,11.0168,76.9558,Humid,24.45,31.19,19.82,77.45,2.38,0.15,21.29,36.98
2016-09-12,Coimbatore,11.0168,76.9558,Humid,24.26,30.01,20.51,76.76,2.36,0.04,20.76,36.94
2016-09-13,Coimbatore,11.0168,76.9558,Humid,24.82,30.53,20.51,78.4,2.45,0.42,18.55,36.89
2016-09-14,Coimbatore,11.0168,76.9558,Humid,25.09,30.96,21.35,79.38,2.62,1.39,16.26,36.85
2016-09-15,Coimbatore,11.0168,76.9558,Humid,24.41,30.53,20.15,79.82,2.81,1.86,17.52,36.8
2016-09-16,Coimbatore,11.0168,76.9558,Humid,24.51,30.14,21.36,82.51,2.99,1.97,16.27,36.76
2016-09-17,Coimbatore,11.0168,76.9558,Humid,24.5,30.7,20.68,79.0,2.95,0.46,19.3,36.71
2016-09-18,Coimbatore,11.0168,76.9558,Humid,24.24,29.98,20.81,80.15,2.9,0.44,18.71,36.65
2016-09-19,Coimbatore,11.0168,76.9558,Humid,24.99,31.27,20.26,76.67,2.53,0.9,20.63,36.6
2016-09-20,Coimbatore,11.0168,76.9558,Humid,24.92,31.79,19.85,75.57,2.75,0.41,20.26,36.55
2016-09-21,Coimbatore,11.0168,76.9558,Humid,24.94,31.49,20.82,77.53,2.83,1.67,15.79,36.49
2016-09-22,Coimbatore,11.0168,76.9558,Humid,24.27,29.81,20.52,77.09,3.17,0.39,15.91,36.44
2016-09-23,Coimbatore,11.0168,76.9558,Humid,24.6,31.05,20.15,77.22,3.45,0.84,16.53,36.38
2016-09-24,Coimbatore,11.0168,76.9558,Humid,24.25,30.56,20.55,78.73,3.79,1.93,17.11,36.31
2016-09-25,Coimbatore,11.0168,76.9558,Humid,24.48,30.51,20.46,78.91,3.42,0.96,15.58,36.25
2016-09-26,Coimbatore,11.0168,76.9558,Humid,24.62,32.15,19.68,77.12,2.86,0.65,14.65,36.19
2016-09-27,Coimbatore,11.0168,76.9558,Humid,24.57,30.84,20.81,80.88,2.3,0.58,17.45,36.12
2016-09-28,Coimbatore,11.0168,76.9558,Humid,25.0,29.8,21.78,80.21,2.2,0.75,15.48,36.06
2016-09-29,Coimbatore,11.0168,76.9558,Humid,24.47,28.76,21.67,82.61,2.27,1.76,15.91,35.99
2016-09-30,Coimbatore,11.0168,76.9558,Humid,24.83,31.12,20.86,76.24,2.84,0.24,20.44,35.92
2016-10-01,Coimbatore,11.0168,76.9558,Humid,23.93,29.38,19.92,77.56,2.18,0.0,21.83,35.84
2016-10-02,Coimbatore,11.0168,76.9558,Humid,25.18,33.29,19.1,73.27,2.01,0.0,24.08,35.77
2016-10-03,Coimbatore,11.0168,76.9558,Humid,25.62,32.89,20.22,73.35,1.74,0.0,21.4,35.7
2016-10-04,Coimbatore,11.0168,76.9558,Humid,26.06,33.67,20.48,69.86,2.38,0.0,21.4,35.62
2016-10-05,Coimbatore,11.0168,76.9558,Humid,25.46,32.52,20.99,72.48,2.34,0.25,23.86,35.54
2016-10-06,Coimbatore,11.0168,76.9558,Humid,25.54,33.54,20.44,67.95,2.3,0.25,24.21,35.46
2016-10-07,Coimbatore,11.0168,76.9558,Humid,24.34,30.64,19.52,69.01,2.1,0.01,23.36,35.38
2016-10-08,Coimbatore,11.0168,76.9558,Humid,24.93,32.06,19.71,74.13,2.6,0.05,18.68,35.3
2016-10-09,Coimbatore,11.0168,76.9558,Humid,25.42,32.9,20.79,70.98,2.84,0.0,22.33,35.22
2016-10-10,Coimbatore,11.0168,76.9558,Humid,25.24,32.92,20.28,67.92,2.93,0.01,21.39,35.13
2016-10-11,Coimbatore,11.0168,76.9558,Humid,24.67,31.71,19.69,73.17,2.59,1.6,18.07,35.05
2016-10-12,Coimbatore,11.0168,76.9558,Humid,24.4,29.74,20.68,80.34,1.49,1.65,16.34,34.97
2016-10-13,Coimbatore,11.0168,76.9558,Humid,24.24,28.34,21.45,86.27,0.79,21.94,11.56,34.88
2016-10-14,Coimbatore,11.0168,76.9558,Humid,25.21,31.44,20.75,74.24,0.95,1.35,11.6,34.79
2016-10-15,Coimbatore,11.0168,76.9558,Humid,24.83,29.98,21.38,78.19,0.75,0.88,15.7,34.7
2016-10-16,Coimbatore,11.0168,76.9558,Humid,25.16,30.5,21.44,77.98,0.92,0.16,20.37,34.61
2016-10-17,Coimbatore,11.0168,76.9558,Humid,24.85,30.52,21.57,79.55,1.38,0.0,19.83,34.52
2016-10-18,Coimbatore,11.0168,76.9558,Humid,26.28,33.94,20.99,66.86,1.38,0.0,21.57,34.43
2016-10-19,Coimbatore,11.0168,76.9558,Humid,25.57,32.91,19.89,69.83,1.78,0.17,19.65,34.34
2016-10-20,Coimbatore,11.0168,76.9558,Humid,25.72,32.48,21.06,73.26,1.62,1.28,18.07,34.25
2016-10-21,Coimbatore,11.0168,76.9558,Humid,24.06,28.98,20.22,77.45,1.31,2.26,17.34,34.15
2016-10-22,Coimbatore,11.0168,76.9558,Humid,24.92,31.43,20.62,73.99,1.82,0.88,15.28,34.06
2016-10-23,Coimbatore,11.0168,76.9558,Humid,25.25,32.86,19.95,72.65,1.93,0.71,17.24,33.96
2016-10-24,Coimbatore,11.0168,76.9558,Humid,25.31,32.36,20.22,72.12,1.48,0.19,16.85,33.87
2016-10-25,Coimbatore,11.0168,76.9558,Humid,25.3,31.79,20.91,73.29,1.63,0.38,17.58,33.77
2016-10-26,Coimbatore,11.0168,76.9558,Humid,25.52,32.47,20.32,73.32,1.16,1.85,18.53,33.67
2016-10-27,Coimbatore,11.0168,76.9558,Humid,25.66,32.39,20.75,73.29,1.25,0.73,16.76,33.58
2016-10-28,Coimbatore,11.0168,76.9558,Humid,26.5,34.31,21.2,67.93,1.76,0.0,20.45,33.48
2016-10-29,Coimbatore,11.0168,76.9558,Humid,26.32,33.62,21.55,71.39,2.08,0.05,17.93,33.38
2016-10-30,Coimbatore,11.0168,76.9558,Humid,26.01,31.53,21.78,71.81,1.07,7.19,17.6,33.29
2016-10-31,Coimbatore,11.0168,76.9558,Humid,23.33,27.45,21.2,82.76,1.17,13.62,13.05,33.19
2016-11-01,Coimbatore,11.0168,76.9558,Humid,24.68,31.19,20.47,71.26,1.24,1.68,15.14,33.1
2016-11-02,Coimbatore,11.0168,76.9558,Humid,25.17,32.05,20.17,74.49,1.38,4.57,17.21,33.0
2016-11-03,Coimbatore,11.0168,76.9558,Humid,24.79,30.44,21.37,78.76,1.02,7.38,18.05,32.9
2016-11-04,Coimbatore,11.0168,76.9558,Humid,24.78,30.92,20.75,82.76,1.82,5.96,15.92,32.81
2016-11-05,Coimbatore,11.0168,76.9558,Humid,25.49,31.85,21.34,75.96,1.62,0.85,19.99,32.71
2016-11-06,Coimbatore,11.0168,76.9558,Humid,24.56,32.63,18.91,65.55,1.66,0.0,20.59,32.62
2016-11-07,Coimbatore,11.0168,76.9558,Humid,24.51,33.03,17.14,62.59,0.94,0.0,21.41,32.53
2016-11-08,Coimbatore,11.0168,76.9558,Humid,24.3,30.65,19.42,71.21,0.91,0.5,15.99,32.43
2016-11-09,Coimbatore,11.0168,76.9558,Humid,24.22,30.9,19.77,68.43,1.62,0.29,16.4,32.34
2016-11-10,Coimbatore,11.0168,76.9558,Humid,23.26,31.33,16.7,61.78,1.02,0.0,17.38,32.25
2016-11-11,Coimbatore,11.0168,76.9558,Humid,23.77,31.4,18.02,69.56,0.84,0.08,16.9,32.15
2016-11-12,Coimbatore,11.0168,76.9558,Humid,25.0,31.57,19.31,68.19,1.04,0.12,16.53,32.06
2016-11-13,Coimbatore,11.0168,76.9558,Humid,25.22,31.87,20.13,73.68,1.31,4.21,14.39,31.98
2016-11-14,Coimbatore,11.0168,76.9558,Humid,25.45,31.81,21.14,77.39,1.62,8.54,15.87,31.89
2016-11-15,Coimbatore,11.0168,76.9558,Humid,23.64,28.15,20.16,78.18,1.74,8.17,16.91,31.8
2016-11-16,Coimbatore,11.0168,76.9558,Humid,24.8,32.04,18.44,71.38,1.99,0.31,19.68,31.72
2016-11-17,Coimbatore,11.0168,76.9558,Humid,25.11,31.94,20.25,68.68,2.5,0.09,17.09,31.63
2016-11-18,Coimbatore,11.0168,76.9558,Humid,24.38,32.26,18.77,65.3,1.83,0.0,19.48,31.55
2016-11-19,Coimbatore,11.0168,76.9558,Humid,24.42,31.32,18.65,62.05,1.7,0.0,19.65,31.47
2016-11-20,Coimbatore,11.0168,76.9558,Humid,24.63,32.23,19.06,63.03,1.42,0.0,17.7,31.39
2016-11-21,Coimbatore,11.0168,76.9558,Humid,24.41,32.31,18.75,63.44,1.81,0.0,20.73,31.31
2016-11-22,Coimbatore,11.0168,76.9558,Humid,24.4,32.27,19.28,61.74,1.53,0.02,21.46,31.23
2016-11-23,Coimbatore,11.0168,76.9558,Humid,23.83,32.4,17.86,59.12,1.74,0.11,21.42,31.16
2016-11-24,Coimbatore,11.0168,76.9558,Humid,22.95,31.98,16.31,59.29,1.66,0.24,21.07,31.09
2016-11-25,Coimbatore,11.0168,76.9558,Humid,23.31,32.52,15.78,54.77,1.5,0.0,21.54,31.02
2016-11-26,Coimbatore,11.0168,76.9558,Humid,24.14,32.64,16.82,56.28,0.99,0.0,20.01,30.95
2016-11-27,Coimbatore,11.0168,76.9558,Humid,24.44,34.1,17.14,51.84,1.14,0.0,20.15,30.88
2016-11-28,Coimbatore,11.0168,76.9558,Humid,24.54,33.59,17.16,47.53,1.27,0.0,20.5,30.82
2016-11-29,Coimbatore,11.0168,76.9558,Humid,24.25,33.11,18.08,56.69,0.85,0.0,15.03,30.75
2016-11-30,Coimbatore,11.0168,76.9558,Humid,23.49,30.38,18.08,53.79,1.11,0.0,14.55,30.7
2016-12-01,Coimbatore,11.0168,76.9558,Humid,24.53,30.6,18.86,49.93,0.82,0.26,10.61,30.64
2016-12-02,Coimbatore,11.0168,76.9558,Humid,23.51,29.74,18.55,79.36,1.77,14.84,11.15,30.59
2016-12-03,Coimbatore,11.0168,76.9558,Humid,23.79,29.25,20.13,85.07,1.24,14.31,7.47,30.53
2016-12-04,Coimbatore,11.0168,76.9558,Humid,24.14,30.9,19.15,74.91,1.63,1.2,19.19,30.48
2016-12-05,Coimbatore,11.0168,76.9558,Humid,24.76,31.17,19.16,73.16,1.36,0.14,15.86,30.44
2016-12-06,Coimbatore,11.0168,76.9558,Humid,23.99,31.64,18.82,68.03,1.78,0.24,17.51,30.4
2016-12-07,Coimbatore,11.0168,76.9558,Humid,23.24,30.97,16.48,58.36,1.42,0.0,20.93,30.36
2016-12-08,Coimbatore,11.0168,76.9558,Humid,24.5,31.34,19.19,72.32,0.94,0.0,16.77,30.32
2016-12-09,Coimbatore,11.0168,76.9558,Humid,25.23,32.56,20.43,71.08,0.96,0.0,18.91,30.28
2016-12-10,Coimbatore,11.0168,76.9558,Humid,23.95,33.11,17.88,58.69,1.19,0.0,18.24,30.25
2016-12-11,Coimbatore,11.0168,76.9558,Humid,22.22,31.44,14.82,56.99,1.1,0.0,20.55,30.22
2016-12-12,Coimbatore,11.0168,76.9558,Humid,23.28,32.5,16.48,65.27,2.03,1.56,18.64,30.2
2016-12-13,Coimbatore,11.0168,76.9558,Humid,22.7,28.41,19.04,82.05,2.07,10.51,5.48,30.18
2016-12-14,Coimbatore,11.0168,76.9558,Humid,23.58,29.67,19.7,80.05,0.95,8.37,9.56,30.16
2016-12-15,Coimbatore,11.0168,76.9558,Humid,23.41,30.02,18.38,73.61,2.06,1.36,16.21,30.14
2016-12-16,Coimbatore,11.0168,76.9558,Humid,23.83,30.62,17.84,69.4,2.03,0.01,19.51,30.12
2016-12-17,Coimbatore,11.0168,76.9558,Humid,24.21,31.53,18.73,68.68,1.64,0.01,17.17,30.11
2016-12-18,Coimbatore,11.0168,76.9558,Humid,23.84,32.05,17.89,65.21,1.55,0.0,19.26,30.1
2016-12-19,Coimbatore,11.0168,76.9558,Humid,23.59,32.06,16.99,61.34,1.59,0.0,20.46,30.1
2016-12-20,Coimbatore,11.0168,76.9558,Humid,24.21,31.85,17.66,66.88,2.47,0.42,17.11,30.1
2016-12-21,Coimbatore,11.0168,76.9558,Humid,24.43,31.85,19.06,70.41,1.96,0.09,18.9,30.1
2016-12-22,Coimbatore,11.0168,76.9558,Humid,24.66,32.76,18.31,64.57,1.3,0.0,20.62,30.11
2016-12-23,Coimbatore,11.0168,76.9558,Humid,24.44,32.79,17.03,49.82,0.98,0.0,21.09,30.11
2016-12-24,Coimbatore,11.0168,76.9558,Humid,23.12,32.16,15.04,50.77,0.96,0.0,20.56,30.12
2016-12-25,Coimbatore,11.0168,76.9558,Humid,22.55,31.35,15.1,59.19,0.94,0.0,20.4,30.14
2016-12-26,Coimbatore,11.0168,76.9558,Humid,23.78,32.61,15.65,52.05,1.06,0.0,20.72,30.16
2016-12-27,Coimbatore,11.0168,76.9558,Humid,24.24,33.1,16.52,50.93,1.99,0.01,21.39,30.18
2016-12-28,Coimbatore,11.0168,76.9558,Humid,24.13,32.01,18.09,68.04,2.55,0.71,19.51,30.2
2016-12-29,Coimbatore,11.0168,76.9558,Humid,23.52,31.95,17.55,63.73,2.54,0.23,21.74,30.23
2016-12-30,Coimbatore,11.0168,76.9558,Humid,22.66,30.93,17.83,57.85,2.38,0.0,20.52,30.26
2016-12-31,Coimbatore,11.0168,76.9558,Humid,21.9,30.95,15.76,57.51,1.86,0.0,20.96,30.29
2017-01-01,Coimbatore,11.0168,76.9558,Humid,22.18,31.17,14.69,55.06,1.56,0.0,21.87,30.32
2017-01-02,Coimbatore,11.0168,76.9558,Humid,23.54,31.45,16.88,60.73,1.29,0.0,20.08,30.36
2017-01-03,Coimbatore,11.0168,76.9558,Humid,23.55,32.39,16.11,50.18,1.35,0.0,21.02,30.4
2017-01-04,Coimbatore,11.0168,76.9558,Humid,23.22,32.13,15.11,45.84,1.1,0.0,20.44,30.44
2017-01-05,Coimbatore,11.0168,76.9558,Humid,23.3,31.98,16.33,54.26,1.39,0.0,20.28,30.49
2017-01-06,Coimbatore,11.0168,76.9558,Humid,23.01,31.54,15.62,55.87,1.14,0.0,19.69,30.54
2017-01-07,Coimbatore,11.0168,76.9558,Humid,23.76,31.86,17.66,56.65,1.07,0.0,19.54,30.6
2017-01-08,Coimbatore,11.0168,76.9558,Humid,23.12,31.67,16.15,54.56,1.18,0.0,19.86,30.65
2017-01-09,Coimbatore,11.0168,76.9558,Humid,22.63,31.01,15.44,54.3,1.26,0.0,19.87,30.71
2017-01-10,Coimbatore,11.0168,76.9558,Humid,23.1,31.68,15.55,54.27,0.98,0.0,17.65,30.77
2017-01-11,Coimbatore,11.0168,76.9558,Humid,23.68,31.38,16.77,60.82,0.65,0.0,16.68,30.84
2017-01-12,Coimbatore,11.0168,76.9558,Humid,24.26,31.91,17.94,56.03,0.75,0.0,17.4,30.9
2017-01-13,Coimbatore,11.0168,76.9558,Humid,24.38,31.27,18.34,57.84,1.01,0.0,16.29,30.97
2017-01-14,Coimbatore,11.0168,76.9558,Humid,23.95,30.72,18.67,56.33,2.39,0.0,18.58,31.05
2017-01-15,Coimbatore,11.0168,76.9558,Humid,23.23,31.54,16.49,53.5,2.27,0.0,21.22,31.12
2017-01-16,Coimbatore,11.0168,76.9558,Humid,23.69,31.96,17.74,56.31,1.58,0.0,19.68,31.19
2017-01-17,Coimbatore,11.0168,76.9558,Humid,22.74,32.01,16.09,47.52,1.9,0.0,21.38,31.27
2017-01-18,Coimbatore,11.0168,76.9558,Humid,22.28,31.53,15.25,51.77,2.58,0.0,22.48,31.35
2017-01-19,Coimbatore,11.0168,76.9558,Humid,22.39,30.8,14.31,56.53,2.59,0.0,22.7,31.43
2017-01-20,Coimbatore,11.0168,76.9558,Humid,23.91,32.44,15.51,55.29,2.43,0.08,21.54,31.52
2017-01-21,Coimbatore,11.0168,76.9558,Humid,23.79,31.07,18.84,75.06,3.15,7.07,12.84,31.6
2017-01-22,Coimbatore,11.0168,76.9558,Humid,23.66,30.73,18.48,67.81,2.65,1.0,14.24,31.69
2017-01-23,Coimbatore,11.0168,76.9558,Humid,22.87,31.51,15.15,59.5,2.5,0.0,21.49,31.78
2017-01-24,Coimbatore,11.0168,76.9558,Humid,23.59,32.08,15.93,56.42,2.77,0.0,22.49,31.87
2017-01-25,Coimbatore,11.0168,76.9558,Humid,23.48,30.62,17.69,59.78,2.52,0.04,14.47,31.96
2017-01-26,Coimbatore,11.0168,76.9558,Humid,23.58,29.32,18.8,70.21,2.39,1.5,12.11,32.05
2017-01-27,Coimbatore,11.0168,76.9558,Humid,24.02,30.36,20.22,79.25,2.28,6.57,13.52,32.15
2017-01-28,Coimbatore,11.0168,76.9558,Humid,23.78,30.13,20.03,79.27,2.59,5.61,14.14,32.25
2017-01-29,Coimbatore,11.0168,76.9558,Humid,24.36,31.44,19.63,72.5,2.48,2.25,16.94,32.34
2017-01-30,Coimbatore,11.0168,76.9558,Humid,24.54,32.44,18.32,67.0,1.96,0.14,20.68,32.44
2017-01-31,Coimbatore,11.0168,76.9558,Humid,23.98,32.79,18.1,63.52,1.81,0.0,23.3,32.54
2017-02-01,Coimbatore,11.0168,76.9558,Humid,22.29,31.96,15.62,54.78,1.94,0.0,22.86,32.65
2017-02-02,Coimbatore,11.0168,76.9558,Humid,21.83,31.51,14.28,54.64,2.04,0.0,23.91,32.76
2017-02-03,Coimbatore,11.0168,76.9558,Humid,22.38,31.87,15.35,56.79,1.95,0.0,23.44,32.86
2017-02-04,Coimbatore,11.0168,76.9558,Humid,22.74,32.04,16.22,54.6,2.09,0.0,22.71,32.96
2017-02-05,Coimbatore,11.0168,76.9558,Humid,22.89,32.33,15.13,54.74,1.51,0.0,23.57,33.06
2017-02-06,Coimbatore,11.0168,76.9558,Humid,23.86,33.37,15.45,53.45,0.95,0.01,22.66,33.16
2017-02-07,Coimbatore,11.0168,76.9558,Humid,24.88,33.26,18.16,52.89,1.09,0.01,22.49,33.27
2017-02-08,Coimbatore,11.0168,76.9558,Humid,24.12,34.28,16.05,40.01,1.47,0.0,23.52,33.37
2017-02-09,Coimbatore,11.0168,76.9558,Humid,23.87,34.64,15.0,42.25,1.56,0.0,23.71,33.48
2017-02-10,Coimbatore,11.0168,76.9558,Humid,23.86,33.65,16.16,46.33,1.44,0.0,23.75,33.58
2017-02-11,Coimbatore,11.0168,76.9558,Humid,23.55,33.55,15.63,47.63,1.59,0.0,23.87,33.69
2017-02-12,Coimbatore,11.0168,76.9558,Humid,23.32,32.2,16.36,51.1,2.34,0.0,24.4,33.79
2017-02-13,Coimbatore,11.0168,76.9558,Humid,23.65,32.45,16.46,54.93,2.89,0.01,25.56,33.9
2017-02-14,Coimbatore,11.0168,76.9558,Humid,24.75,32.59,18.28,63.4,4.02,0.19,19.93,34.0
2017-02-15,Coimbatore,11.0168,76.9558,Humid,25.29,33.8,19.05,53.45,3.32,0.0,24.37,34.11
2017-02-16,Coimbatore,11.0168,76.9558,Humid,23.98,33.08,16.62,49.33,3.13,0.0,25.4,34.21
2017-02-17,Coimbatore,11.0168,76.9558,Humid,23.01,32.54,14.3,46.48,2.98,0.0,24.78,34.31
2017-02-18,Coimbatore,11.0168,76.9558,Humid,22.99,33.18,13.99,45.88,2.55,0.0,25.57,34.41
2017-02-19,Coimbatore,11.0168,76.9558,Humid,23.73,31.9,15.24,43.83,1.57,0.0,22.91,34.51
2017-02-20,Coimbatore,11.0168,76.9558,Humid,25.6,34.99,17.69,51.24,1.39,0.0,19.9,34.62
2017-02-21,Coimbatore,11.0168,76.9558,Humid,27.36,36.49,19.89,58.32,0.91,0.0,21.42,34.72
2017-02-22,Coimbatore,11.0168,76.9558,Humid,28.17,37.52,21.16,52.49,0.96,0.0,23.77,34.82
2017-02-23,Coimbatore,11.0168,76.9558,Humid,27.31,36.42,19.28,41.82,1.59,0.0,24.55,34.91
2017-02-24,Coimbatore,11.0168,76.9558,Humid,27.18,36.44,19.28,36.43,2.21,0.0,25.71,35.01
2017-02-25,Coimbatore,11.0168,76.9558,Humid,26.27,35.48,17.89,34.94,1.9,0.0,23.04,35.11
2017-02-26,Coimbatore,11.0168,76.9558,Humid,26.46,35.04,19.25,36.59,1.68,0.0,20.94,35.2
2017-02-27,Coimbatore,11.0168,76.9558,Humid,26.15,34.63,18.43,40.97,2.32,0.0,23.43,35.3
2017-02-28,Coimbatore,11.0168,76.9558,Humid,26.52,35.24,17.99,41.82,2.51,0.0,25.45,35.39
2017-03-01,Coimbatore,11.0168,76.9558,Humid,25.66,35.18,17.22,39.93,2.46,0.0,22.91,35.48
2017-03-02,Coimbatore,11.0168,76.9558,Humid,25.09,33.69,17.14,43.27,2.22,0.01,21.0,35.58
2017-03-03,Coimbatore,11.0168,76.9558,Humid,26.59,35.14,18.6,52.84,1.87,2.26,22.22,35.67
2017-03-04,Coimbatore,11.0168,76.9558,Humid,26.09,32.5,21.58,72.81,1.24,4.28,15.96,35.75
2017-03-05,Coimbatore,11.0168,76.9558,Humid,26.1,32.32,22.06,74.47,1.07,2.16,16.74,35.84
2017-03-06,Coimbatore,11.0168,76.9558,Humid,24.61,28.21,22.82,84.06,1.16,2.06,13.48,35.93
2017-03-07,Coimbatore,11.0168,76.9558,Humid,26.25,32.36,22.44,73.96,1.03,0.72,16.02,36.01
2017-03-08,Coimbatore,11.0168,76.9558,Humid,26.6,32.99,22.23,71.63,0.77,1.46,18.83,36.09
2017-03-09,Coimbatore,11.0168,76.9558,Humid,25.67,31.28,21.96,74.02,0.84,4.24,20.85,36.18
2017-03-10,Coimbatore,11.0168,76.9558,Humid,24.86,29.65,21.37,76.58,0.88,5.03,21.61,36.26
2017-03-11,Coimbatore,11.0168,76.9558,Humid,26.43,35.31,19.68,62.35,1.5,1.2,24.37,36.33
2017-03-12,Coimbatore,11.0168,76.9558,Humid,26.58,35.46,19.11,61.7,1.26,0.44,24.27,36.41
2017-03-13,Coimbatore,11.0168,76.9558,Humid,26.87,35.11,19.82,64.46,1.18,2.34,23.58,36.48
2017-03-14,Coimbatore,11.0168,76.9558,Humid,25.95,31.85,21.82,76.93,1.03,17.47,16.75,36.56
2017-03-15,Coimbatore,11.0168,76.9558,Humid,24.66,29.54,21.62,79.92,1.71,16.0,15.41,36.63
2017-03-16,Coimbatore,11.0168,76.9558,Humid,24.22,28.97,20.94,76.89,1.11,3.15,16.3,36.7
2017-03-17,Coimbatore,11.0168,76.9558,Humid,26.21,33.44,19.8,66.05,0.93,0.13,22.05,36.76
2017-03-18,Coimbatore,11.0168,76.9558,Humid,26.86,34.08,20.82,69.7,1.08,0.21,21.76,36.83
2017-03-19,Coimbatore,11.0168,76.9558,Humid,27.21,35.05,20.96,66.76,1.17,0.26,24.55,36.89
2017-03-20,Coimbatore,11.0168,76.9558,Humid,27.01,34.65,21.26,67.21,1.38,2.05,20.2,36.96
2017-03-21,Coimbatore,11.0168,76.9558,Humid,27.0,33.72,20.98,68.95,0.72,4.5,16.32,37.01
2017-03-22,Coimbatore,11.0168,76.9558,Humid,27.04,33.69,20.94,64.49,1.55,0.0,19.34,37.07
2017-03-23,Coimbatore,11.0168,76.9558,Humid,26.97,34.99,20.35,59.64,1.47,0.0,23.98,37.13
2017-03-24,Coimbatore,11.0168,76.9558,Humid,26.26,35.07,18.97,54.25,1.68,0.0,26.56,37.18
2017-03-25,Coimbatore,11.0168,76.9558,Humid,26.27,35.26,18.9,49.29,1.7,0.0,26.56,37.23
2017-03-26,Coimbatore,11.0168,76.9558,Humid,26.84,36.25,18.55,47.91,2.03,0.0,26.52,37.28
2017-03-27,Coimbatore,11.0168,76.9558,Humid,26.04,35.04,17.74,48.47,2.0,0.0,26.87,37.33
2017-03-28,Coimbatore,11.0168,76.9558,Humid,27.17,35.86,19.69,50.28,1.13,0.0,24.97,37.37
2017-03-29,Coimbatore,11.0168,76.9558,Humid,27.82,36.52,20.62,53.82,1.37,0.0,24.79,37.41
2017-03-30,Coimbatore,11.0168,76.9558,Humid,28.12,36.52,20.94,52.05,1.24,0.0,25.52,37.45
2017-03-31,Coimbatore,11.0168,76.9558,Humid,28.09,35.95,21.48,56.33,1.88,0.03,26.86,37.49
2017-04-01,Coimbatore,11.0168,76.9558,Humid,28.65,36.67,22.44,56.03,1.4,0.07,24.85,37.53
2017-04-02,Coimbatore,11.0168,76.9558,Humid,29.06,37.79,22.16,55.83,1.34,0.0,25.11,37.56
2017-04-03,Coimbatore,11.0168,76.9558,Humid,29.38,37.99,22.93,56.64,1.29,0.0,23.61,37.61
2017-04-04,Coimbatore,11.0168,76.9558,Humid,29.46,38.14,22.45,57.95,1.49,0.06,22.13,37.65
2017-04-05,Coimbatore,11.0168,76.9558,Humid,29.6,37.97,23.39,58.74,1.58,0.29,21.26,37.68
2017-04-06,Coimbatore,11.0168,76.9558,Humid,29.03,36.51,23.67,62.01,1.48,1.72,22.58,37.71
2017-04-07,Coimbatore,11.0168,76.9558,Humid,29.57,37.95,23.22,59.92,1.36,1.55,22.26,37.74
2017-04-08,Coimbatore,11.0168,76.9558,Humid,30.34,38.73,23.45,54.9,1.54,0.1,22.01,37.77
2017-04-09,Coimbatore,11.0168,76.9558,Humid,29.82,37.1,23.91,57.05,1.05,0.25,22.59,37.79
2017-04-10,Coimbatore,11.0168,76.9558,Humid,29.18,37.46,23.64,61.54,1.95,0.14,20.2,37.82
2017-04-11,Coimbatore,11.0168,76.9558,Humid,29.11,36.83,23.43,61.83,1.82,0.27,21.3,37.84
2017-04-12,Coimbatore,11.0168,76.9558,Humid,29.74,37.06,23.95,57.82,1.34,0.6,22.26,37.86
2017-04-13,Coimbatore,11.0168,76.9558,Humid,30.29,38.25,24.19,55.7,1.26,1.14,21.53,37.87
2017-04-14,Coimbatore,11.0168,76.9558,Humid,28.42,35.85,24.15,64.26,1.38,0.93,20.91,37.89
2017-04-15,Coimbatore,11.0168,76.9558,Humid,29.64,39.0,22.61,58.66,1.93,0.01,23.73,37.9
2017-04-16,Coimbatore,11.0168,76.9558,Humid,29.37,37.49,23.77,61.57,2.44,0.35,22.67,37.91
2017-04-17,Coimbatore,11.0168,76.9558,Humid,29.1,35.68,24.36,58.97,2.42,0.65,22.73,37.93
2017-04-18,Coimbatore,11.0168,76.9558,Humid,28.17,34.84,23.63,62.83,2.4,0.53,24.13,37.94
2017-04-19,Coimbatore,11.0168,76.9558,Humid,28.83,37.06,23.02,63.09,2.78,0.56,20.55,37.95
2017-04-20,Coimbatore,11.0168,76.9558,Humid,28.22,35.0,24.22,66.59,2.89,2.31,18.99,37.95
2017-04-21,Coimbatore,11.0168,76.9558,Humid,26.84,32.97,23.86,75.63,2.66,5.13,18.38,37.95
2017-04-22,Coimbatore,11.0168,76.9558,Humid,27.67,34.74,23.16,70.08,2.32,2.52,20.29,37.96
2017-04-23,Coimbatore,11.0168,76.9558,Humid,28.47,37.08,22.49,64.65,2.43,0.46,23.13,37.96
2017-04-24,Coimbatore,11.0168,76.9558,Humid,28.8,36.33,23.62,63.29,2.66,0.19,24.74,37.96
2017-04-25,Coimbatore,11.0168,76.9558,Humid,28.54,35.88,23.3,65.0,2.3,0.33,21.57,37.96
2017-04-26,Coimbatore,11.0168,76.9558,Humid,27.34,31.47,23.77,71.83,1.25,1.83,24.45,37.96
2017-04-27,Coimbatore,11.0168,76.9558,Humid,29.34,37.27,23.49,61.41,1.41,0.04,23.12,37.95
2017-04-28,Coimbatore,11.0168,76.9558,Humid,30.16,38.56,23.34,58.26,1.75,0.0,23.23,37.95
2017-04-29,Coimbatore,11.0168,76.9558,Humid,30.07,38.34,23.07,58.01,1.56,1.08,22.26,37.95
2017-04-30,Coimbatore,11.0168,76.9558,Humid,30.26,38.06,23.88,53.78,1.21,1.05,23.41,37.94
2017-05-01,Coimbatore,11.0168,76.9558,Humid,27.9,33.04,24.09,69.01,0.93,11.86,19.3,37.93
2017-05-02,Coimbatore,11.0168,76.9558,Humid,27.66,33.7,22.93,68.78,1.11,11.88,23.28,37.92
2017-05-03,Coimbatore,11.0168,76.9558,Humid,28.21,35.55,21.66,64.92,1.32,2.08,20.2,37.91
2017-05-04,Coimbatore,11.0168,76.9558,Humid,27.69,34.04,23.15,68.44,1.13,0.57,24.56,37.9
2017-05-05,Coimbatore,11.0168,76.9558,Humid,28.67,36.6,22.4,67.59,1.07,0.96,24.01,37.89
2017-05-06,Coimbatore,11.0168,76.9558,Humid,27.29,32.2,23.94,76.88,1.06,5.71,22.61,37.88
2017-05-07,Coimbatore,11.0168,76.9558,Humid,26.74,31.27,23.71,80.08,1.13,9.61,22.24,37.87
2017-05-08,Coimbatore,11.0168,76.9558,Humid,26.92,31.8,22.43,66.46,0.96,2.03,18.45,37.86
2017-05-09,Coimbatore,11.0168,76.9558,Humid,27.41,35.11,20.96,67.64,1.69,0.95,21.2,37.84
2017-05-10,Coimbatore,11.0168,76.9558,Humid,27.37,32.48,23.45,75.66,0.95,3.62,18.58,37.83
2017-05-11,Coimbatore,11.0168,76.9558,Humid,26.4,30.59,23.61,76.88,0.95,1.21,13.74,37.81
2017-05-12,Coimbatore,11.0168,76.9558,Humid,27.04,32.07,22.78,75.76,0.65,13.73,19.08,37.79
2017-05-13,Coimbatore,11.0168,76.9558,Humid,27.34,32.92,23.41,76.3,1.35,9.15,19.13,37.78
2017-05-14,Coimbatore,11.0168,76.9558,Humid,27.42,33.87,23.21,73.06,2.27,1.89,20.47,37.76
2017-05-15,Coimbatore,11.0168,76.9558,Humid,26.32,30.58,23.43,78.61,2.47,0.53,21.14,37.75
2017-05-16,Coimbatore,11.0168,76.9558,Humid,27.04,32.8,23.01,78.03,2.67,0.43,22.33,37.73
2017-05-17,Coimbatore,11.0168,76.9558,Humid,27.22,32.41,24.1,77.33,2.78,1.78,19.87,37.71
2017-05-18,Coimbatore,11.0168,76.9558,Humid,25.99,30.06,23.26,79.16,1.63,10.29,16.96,37.7
2017-05-19,Coimbatore,11.0168,76.9558,Humid,26.49,33.58,21.22,69.96,2.5,0.99,17.33,37.68
2017-05-20,Coimbatore,11.0168,76.9558,Humid,26.02,30.43,23.1,79.69,2.1,7.38,18.02,37.66
2017-05-21,Coimbatore,11.0168,76.9558,Humid,25.67,29.61,23.24,82.04,1.67,8.57,13.94,37.64
2017-05-22,Coimbatore,11.0168,76.9558,Humid,24.89,27.7,22.87,86.14,1.34,12.13,17.72,37.62
2017-05-23,Coimbatore,11.0168,76.9558,Humid,26.65,33.12,22.04,76.79,1.54,0.72,21.77,37.61
2017-05-24,Coimbatore,11.0168,76.9558,Humid,26.13,30.39,23.17,82.22,1.97,3.98,18.26,37.59
2017-05-25,Coimbatore,11.0168,76.9558,Humid,25.93,29.78,23.27,84.08,2.27,4.17,20.02,37.57
2017-05-26,Coimbatore,11.0168,76.9558,Humid,26.19,30.49,23.19,80.61,2.45,1.88,19.81,37.55
2017-05-27,Coimbatore,11.0168,76.9558,Humid,25.34,27.99,23.85,88.47,2.01,5.28,18.8,37.53
2017-05-28,Coimbatore,11.0168,76.9558,Humid,25.16,28.15,23.29,87.24,2.64,5.85,12.17,37.51
2017-05-29,Coimbatore,11.0168,76.9558,Humid,25.87,30.56,22.62,81.85,3.12,3.67,17.48,37.5
2017-05-30,Coimbatore,11.0168,76.9558,Humid,26.0,30.44,23.22,81.82,3.52,4.93,21.19,37.48
2017-05-31,Coimbatore,11.0168,76.9558,Humid,25.05,28.2,21.88,85.39,3.04,4.73,19.38,37.46
2017-06-01,Coimbatore,11.0168,76.9558,Humid,24.81,29.76,21.58,81.2,3.32,5.61,16.95,37.45
2017-06-02,Coimbatore,11.0168,76.9558,Humid,24.7,29.67,21.18,81.46,3.19,12.83,18.74,37.43
2017-06-03,Coimbatore,11.0168,76.9558,Humid,24.5,29.05,21.28,81.55,3.72,2.49,16.27,37.42
2017-06-04,Coimbatore,11.0168,76.9558,Humid,25.48,30.66,21.74,80.32,3.32,1.6,19.76,37.4
2017-06-05,Coimbatore,11.0168,76.9558,Humid,25.33,29.25,22.67,83.61,2.98,8.32,17.61,37.39
2017-06-06,Coimbatore,11.0168,76.9558,Humid,24.82,28.38,22.2,86.21,2.48,3.77,15.96,37.37
2017-06-07,Coimbatore,11.0168,76.9558,Humid,24.95,30.98,20.94,76.66,2.38,5.53,12.19,37.36
2017-06-08,Coimbatore,11.0168,76.9558,Humid,25.21,31.68,20.73,75.78,2.8,0.24,15.77,37.35
2017-06-09,Coimbatore,11.0168,76.9558,Humid,24.77,29.15,21.42,79.23,3.28,0.65,16.1,37.33
2017-06-10,Coimbatore,11.0168,76.9558,Humid,24.5,28.7,21.75,79.97,4.07,7.08,12.33,37.32
2017-06-11,Coimbatore,11.0168,76.9558,Humid,24.3,28.81,21.56,80.86,4.39,3.53,13.8,37.31
2017-06-12,Coimbatore,11.0168,76.9558,Humid,24.71,28.68,22.3,84.44,3.6,5.36,13.13,37.3
2017-06-13,Coimbatore,11.0168,76.9558,Humid,25.14,28.65,22.38,84.77,2.94,3.13,15.31,37.29
2017-06-14,Coimbatore,11.0168,76.9558,Humid,25.37,29.36,22.84,85.96,2.54,6.28,18.27,37.28
2017-06-15,Coimbatore,11.0168,76.9558,Humid,25.16,28.86,22.78,85.18,2.32,2.21,18.5,37.27
2017-06-16,Coimbatore,11.0168,76.9558,Humid,24.42,27.8,21.96,87.35,2.65,0.7,14.75,37.26
2017-06-17,Coimbatore,11.0168,76.9558,Humid,24.42,29.45,21.06,78.3,2.66,1.89,18.94,37.25
2017-06-18,Coimbatore,11.0168,76.9558,Humid,24.68,30.55,20.36,81.31,2.55,0.55,20.98,37.24
2017-06-19,Coimbatore,11.0168,76.9558,Humid,25.01,29.66,21.74,80.62,2.66,0.81,19.26,37.24
2017-06-20,Coimbatore,11.0168,76.9558,Humid,24.77,30.08,20.81,79.55,2.6,1.35,17.9,37.23
2017-06-21,Coimbatore,11.0168,76.9558,Humid,24.32,27.6,22.17,85.84,2.52,2.25,16.24,37.23
2017-06-22,Coimbatore,11.0168,76.9558,Humid,24.97,29.17,22.34,83.95,2.92,2.65,18.49,37.22
2017-06-23,Coimbatore,11.0168,76.9558,Humid,24.9,28.36,22.57,85.3,3.32,4.47,17.87,37.22
2017-06-24,Coimbatore,11.0168,76.9558,Humid,24.02,26.94,21.87,82.94,3.71,6.32,13.42,37.21
2017-06-25,Coimbatore,11.0168,76.9558,Humid,24.4,28.09,21.9,85.85,3.9,7.4,11.91,37.21
2017-06-26,Coimbatore,11.0168,76.9558,Humid,24.58,28.07,22.15,84.37,4.64,19.23,13.02,37.21
2017-06-27,Coimbatore,11.0168,76.9558,Humid,24.1,27.0,22.46,86.75,3.69,12.49,10.92,37.2
2017-06-28,Coimbatore,11.0168,76.9558,Humid,23.99,27.33,21.41,83.8,3.74,3.44,15.32,37.21
2017-06-29,Coimbatore,11.0168,76.9558,Humid,23.85,27.7,20.73,83.65,3.3,1.78,16.98,37.21
2017-06-30,Coimbatore,11.0168,76.9558,Humid,24.81,29.36,22.2,83.53,2.53,2.7,16.35,37.21
2017-07-01,Coimbatore,11.0168,76.9558,Humid,24.58,28.33,21.8,85.51,2.75,4.18,14.17,37.21
2017-07-02,Coimbatore,11.0168,76.9558,Humid,23.64,26.4,21.82,86.3,2.68,4.77,16.52,37.22
2017-07-03,Coimbatore,11.0168,76.9558,Humid,23.77,28.33,20.93,83.0,3.04,4.17,13.18,37.22
2017-07-04,Coimbatore,11.0168,76.9558,Humid,24.56,30.56,20.57,79.47,2.89,0.4,17.49,37.22
2017-07-05,Coimbatore,11.0168,76.9558,Humid,24.07,28.11,21.02,84.86,2.61,1.53,17.17,37.23
2017-07-06,Coimbatore,11.0168,76.9558,Humid,24.38,28.84,21.21,83.84,3.02,1.71,14.49,37.23
2017-07-07,Coimbatore,11.0168,76.9558,Humid,24.26,27.78,22.23,85.6,3.13,1.62,12.88,37.24
2017-07-08,Coimbatore,11.0168,76.9558,Humid,23.57,26.54,21.08,83.25,2.7,1.74,15.27,37.24
2017-07-09,Coimbatore,11.0168,76.9558,Humid,22.96,26.63,20.51,84.32,2.67,2.84,19.87,37.24
2017-07-10,Coimbatore,11.0168,76.9558,Humid,23.44,27.41,20.9,85.28,2.75,2.64,19.05,37.24
2017-07-11,Coimbatore,11.0168,76.9558,Humid,23.83,27.95,21.2,84.26,2.72,0.86,16.7,37.25
2017-07-12,Coimbatore,11.0168,76.9558,Humid,24.21,29.62,20.04,80.32,2.22,0.14,14.44,37.26
2017-07-13,Coimbatore,11.0168,76.9558,Humid,23.69,27.65,20.19,84.18,2.93,7.21,12.69,37.27
2017-07-14,Coimbatore,11.0168,76.9558,Humid,23.38,28.61,19.1,78.76,3.11,0.76,11.29,37.28
2017-07-15,Coimbatore,11.0168,76.9558,Humid,24.0,28.48,20.39,83.97,3.12,1.22,16.01,37.29
2017-07-16,Coimbatore,11.0168,76.9558,Humid,24.42,29.3,20.98,80.47,3.49,0.7,14.44,37.3
2017-07-17,Coimbatore,11.0168,76.9558,Humid,24.39,28.55,21.51,82.33,3.98,4.31,16.67,37.31
2017-07-18,Coimbatore,11.0168,76.9558,Humid,24.24,27.33,22.14,85.19,4.23,10.03,11.39,37.32
2017-07-19,Coimbatore,11.0168,76.9558,Humid,24.02,27.24,22.24,86.4,4.4,8.61,11.01,37.33
2017-07-20,Coimbatore,11.0168,76.9558,Humid,24.06,27.72,21.7,84.18,4.27,6.4,14.84,37.34
2017-07-21,Coimbatore,11.0168,76.9558,Humid,24.07,28.67,21.07,83.43,3.75,2.9,13.7,37.35
2017-07-22,Coimbatore,11.0168,76.9558,Humid,24.27,28.04,21.72,85.46,2.95,1.2,15.89,37.36
2017-07-23,Coimbatore,11.0168,76.9558,Humid,24.67,29.35,20.98,82.73,2.91,0.53,17.42,37.37
2017-07-24,Coimbatore,11.0168,76.9558,Humid,25.09,30.4,21.51,80.95,3.17,0.38,17.42,37.37
2017-07-25,Coimbatore,11.0168,76.9558,Humid,25.21,31.06,20.97,80.27,2.82,0.13,21.09,37.39
2017-07-26,Coimbatore,11.0168,76.9558,Humid,24.67,29.38,21.38,82.94,2.76,0.46,16.78,37.39
2017-07-27,Coimbatore,11.0168,76.9558,Humid,24.7,30.07,20.94,81.87,3.19,2.33,15.89,37.41
2017-07-28,Coimbatore,11.0168,76.9558,Humid,25.18,30.66,21.55,80.95,3.15,1.62,17.99,37.41
2017-07-29,Coimbatore,11.0168,76.9558,Humid,25.25,30.63,21.41,80.2,2.66,3.19,18.84,37.42
2017-07-30,Coimbatore,11.0168,76.9558,Humid,25.01,29.83,21.79,83.7,2.19,6.56,19.57,37.43
2017-07-31,Coimbatore,11.0168,76.9558,Humid,24.6,29.26,21.52,83.92,1.83,9.25,18.35,37.44
2017-08-01,Coimbatore,11.0168,76.9558,Humid,24.86,30.33,21.26,83.64,1.78,15.01,20.73,37.45
2017-08-02,Coimbatore,11.0168,76.9558,Humid,24.95,29.99,21.7,82.38,2.58,5.91,18.19,37.46
2017-08-03,Coimbatore,11.0168,76.9558,Humid,24.48,28.97,21.47,83.88,3.25,3.11,15.48,37.47
2017-08-04,Coimbatore,11.0168,76.9558,Humid,24.59,28.38,22.2,85.12,3.4,4.9,11.12,37.47
2017-08-05,Coimbatore,11.0168,76.9558,Humid,24.22,27.58,22.4,86.17,3.55,5.12,10.3,37.48
2017-08-06,Coimbatore,11.0168,76.9558,Humid,24.67,28.94,21.88,84.42,3.21,2.84,15.23,37.48
2017-08-07,Coimbatore,11.0168,76.9558,Humid,24.19,27.83,21.84,85.58,2.71,5.32,18.29,37.49
2017-08-08,Coimbatore,11.0168,76.9558,Humid,24.27,28.0,21.94,86.57,2.53,21.39,18.95,37.49
2017-08-09,Coimbatore,11.0168,76.9558,Humid,23.95,27.47,21.52,87.85,2.18,8.75,15.38,37.5
2017-08-10,Coimbatore,11.0168,76.9558,Humid,23.96,28.82,20.12,82.8,1.64,4.73,16.77,37.5
2017-08-11,Coimbatore,11.0168,76.9558,Humid,23.12,26.16,21.17,87.67,2.53,3.52,14.06,37.5
2017-08-12,Coimbatore,11.0168,76.9558,Humid,23.74,28.47,20.15,84.72,1.78,2.6,17.98,37.5
2017-08-13,Coimbatore,11.0168,76.9558,Humid,23.74,27.33,21.33,84.81,1.37,1.41,13.85,37.5
2017-08-14,Coimbatore,11.0168,76.9558,Humid,23.68,27.68,21.26,85.49,0.85,8.21,15.73,37.5
2017-08-15,Coimbatore,11.0168,76.9558,Humid,23.52,26.89,20.62,87.43,1.23,6.22,15.98,37.5
2017-08-16,Coimbatore,11.0168,76.9558,Humid,23.61,28.13,20.91,85.32,2.34,2.59,16.89,37.49
2017-08-17,Coimbatore,11.0168,76.9558,Humid,23.98,28.62,20.91,86.03,2.62,4.09,18.29,37.49
2017-08-18,Coimbatore,11.0168,76.9558,Humid,23.7,27.77,21.3,85.19,3.3,6.49,14.76,37.47
2017-08-19,Coimbatore,11.0168,76.9558,Humid,23.51,26.78,21.17,86.78,3.42,3.48,13.54,37.46
2017-08-20,Coimbatore,11.0168,76.9558,Humid,23.94,28.06,21.13,84.64,3.29,6.57,12.28,37.46
2017-08-21,Coimbatore,11.0168,76.9558,Humid,23.42,27.47,20.88,85.95,3.18,6.95,14.54,37.45
2017-08-22,Coimbatore,11.0168,76.9558,Humid,23.81,28.26,20.44,84.5,2.79,1.17,15.57,37.44
2017-08-23,Coimbatore,11.0168,76.9558,Humid,24.14,28.4,21.04,85.71,2.26,8.58,16.02,37.44
2017-08-24,Coimbatore,11.0168,76.9558,Humid,24.44,29.49,21.0,84.22,1.51,2.04,16.46,37.43
2017-08-25,Coimbatore,11.0168,76.9558,Humid,24.09,28.32,20.86,84.57,2.5,0.07,15.37,37.42
2017-08-26,Coimbatore,11.0168,76.9558,Humid,24.23,28.31,21.48,85.44,2.8,3.52,15.82,37.4
2017-08-27,Coimbatore,11.0168,76.9558,Humid,24.24,28.23,21.81,85.89,3.18,4.94,11.31,37.39
2017-08-28,Coimbatore,11.0168,76.9558,Humid,23.67,26.98,21.57,88.91,3.35,13.25,8.53,37.37
2017-08-29,Coimbatore,11.0168,76.9558,Humid,23.58,26.59,21.65,88.42,3.64,5.95,10.07,37.36
2017-08-30,Coimbatore,11.0168,76.9558,Humid,24.19,29.34,20.96,84.86,2.97,5.41,15.28,37.34
2017-08-31,Coimbatore,11.0168,76.9558,Humid,24.12,28.22,20.85,85.27,1.71,0.64,18.38,37.31
2017-09-01,Coimbatore,11.0168,76.9558,Humid,24.73,28.63,21.34,85.52,1.24,28.6,20.65,37.28
2017-09-02,Coimbatore,11.0168,76.9558,Humid,23.38,25.99,21.07,88.8,1.52,38.1,16.37,37.25
2017-09-03,Coimbatore,11.0168,76.9558,Humid,24.46,29.25,20.08,85.98,1.27,2.93,17.92,37.22
2017-09-04,Coimbatore,11.0168,76.9558,Humid,24.46,27.38,22.16,91.12,1.18,21.42,20.3,37.18
2017-09-05,Coimbatore,11.0168,76.9558,Humid,24.44,27.62,22.6,90.25,1.45,9.45,18.99,37.15
2017-09-06,Coimbatore,11.0168,76.9558,Humid,24.07,26.67,22.41,91.2,1.21,10.26,19.93,37.12
2017-09-07,Coimbatore,11.0168,76.9558,Humid,24.65,28.31,22.13,88.23,0.7,10.19,17.08,37.1
2017-09-08,Coimbatore,11.0168,76.9558,Humid,24.82,28.71,21.26,86.04,0.8,16.3,18.53,37.08
2017-09-09,Coimbatore,11.0168,76.9558,Humid,24.38,27.63,22.2,87.16,0.7,12.88,13.72,37.06
2017-09-10,Coimbatore,11.0168,76.9558,Humid,24.76,28.58,21.2,85.87,0.81,12.83,16.14,37.02
2017-09-11,Coimbatore,11.0168,76.9558,Humid,25.02,28.87,21.61,86.93,0.96,4.56,14.59,36.98
2017-09-12,Coimbatore,11.0168,76.9558,Humid,25.32,29.17,22.37,86.61,1.27,4.9,20.44,36.94
2017-09-13,Coimbatore,11.0168,76.9558,Humid,24.87,28.42,21.56,87.14,1.27,6.24,20.86,36.9
2017-09-14,Coimbatore,11.0168,76.9558,Humid,23.85,26.94,21.94,91.04,2.17,7.7,14.36,36.85
2017-09-15,Coimbatore,11.0168,76.9558,Humid,23.55,26.69,21.2,90.71,2.35,1.62,15.87,36.8
2017-09-16,Coimbatore,11.0168,76.9558,Humid,23.41,25.61,21.88,92.76,2.67,22.59,11.02,36.76
2017-09-17,Coimbatore,11.0168,76.9558,Humid,22.98,26.01,21.22,90.25,3.6,22.53,8.71,36.71
2017-09-18,Coimbatore,11.0168,76.9558,Humid,23.29,26.02,21.37,90.28,3.82,5.64,11.6,36.66
2017-09-19,Coimbatore,11.0168,76.9558,Humid,23.75,27.58,21.61,89.32,3.88,3.33,15.41,36.61
2017-09-20,Coimbatore,11.0168,76.9558,Humid,23.44,27.36,21.17,88.85,3.41,0.81,19.01,36.55
2017-09-21,Coimbatore,11.0168,76.9558,Humid,23.15,27.31,20.15,88.01,2.8,0.51,15.46,36.5
2017-09-22,Coimbatore,11.0168,76.9558,Humid,23.4,28.25,20.05,86.33,1.84,0.08,22.15,36.44
2017-09-23,Coimbatore,11.0168,76.9558,Humid,24.09,28.9,20.22,85.91,1.23,0.02,23.75,36.38
2017-09-24,Coimbatore,11.0168,76.9558,Humid,23.62,27.09,20.99,89.97,1.53,5.76,17.39,36.32
2017-09-25,Coimbatore,11.0168,76.9558,Humid,23.4,26.45,21.59,90.2,1.5,6.56,16.45,36.26
2017-09-26,Coimbatore,11.0168,76.9558,Humid,23.48,26.93,20.88,89.9,1.59,7.32,17.63,36.2
2017-09-27,Coimbatore,11.0168,76.9558,Humid,22.85,25.75,20.5,90.31,1.77,6.69,12.8,36.13
2017-09-28,Coimbatore,11.0168,76.9558,Humid,23.02,26.91,20.38,88.71,2.98,6.7,13.89,36.06
2017-09-29,Coimbatore,11.0168,76.9558,Humid,22.74,26.41,19.78,89.14,2.74,1.95,17.22,35.99
2017-09-30,Coimbatore,11.0168,76.9558,Humid,24.08,28.35,21.33,89.44,2.28,1.35,16.26,35.92
2017-10-01,Coimbatore,11.0168,76.9558,Humid,23.51,26.95,21.44,90.54,2.01,1.63,12.86,35.85
2017-10-02,Coimbatore,11.0168,76.9558,Humid,24.21,27.81,21.71,90.87,1.83,0.78,12.27,35.78
2017-10-03,Coimbatore,11.0168,76.9558,Humid,24.15,27.66,21.39,90.13,1.71,0.8,16.64,35.71
2017-10-04,Coimbatore,11.0168,76.9558,Humid,24.11,27.66,21.38,90.64,1.37,4.74,16.75,35.64
2017-10-05,Coimbatore,11.0168,76.9558,Humid,24.04,27.05,21.81,91.33,1.04,4.81,17.51,35.56
2017-10-06,Coimbatore,11.0168,76.9558,Humid,22.91,24.96,21.38,93.48,1.75,7.42,12.23,35.49
2017-10-07,Coimbatore,11.0168,76.9558,Humid,23.85,28.07,20.77,89.22,1.27,3.34,14.72,35.4
2017-10-08,Coimbatore,11.0168,76.9558,Humid,24.06,28.15,21.37,90.09,1.58,4.25,16.7,35.32
2017-10-09,Coimbatore,11.0168,76.9558,Humid,24.2,28.08,21.45,90.4,1.54,0.95,15.96,35.24
2017-10-10,Coimbatore,11.0168,76.9558,Humid,23.78,26.4,21.91,91.77,1.32,5.97,16.5,35.15
2017-10-11,Coimbatore,11.0168,76.9558,Humid,23.74,27.31,21.56,88.57,0.85,6.52,13.95,35.07
2017-10-12,Coimbatore,11.0168,76.9558,Humid,23.63,28.18,20.32,87.07,1.59,3.31,13.12,34.98
2017-10-13,Coimbatore,11.0168,76.9558,Humid,23.48,27.46,20.74,89.58,1.58,14.59,15.48,34.9
2017-10-14,Coimbatore,11.0168,76.9558,Humid,23.24,26.69,20.9,89.46,2.01,7.07,13.55,34.81
2017-10-15,Coimbatore,11.0168,76.9558,Humid,22.24,25.64,20.36,87.16,2.32,3.2,13.92,34.72
2017-10-16,Coimbatore,11.0168,76.9558,Humid,22.78,26.87,20.42,89.61,1.94,0.67,13.14,34.63
2017-10-17,Coimbatore,11.0168,76.9558,Humid,22.74,26.15,20.14,88.91,1.38,2.71,11.6,34.54
2017-10-18,Coimbatore,11.0168,76.9558,Humid,23.81,27.9,20.84,88.52,1.49,0.61,17.0,34.45
2017-10-19,Coimbatore,11.0168,76.9558,Humid,24.16,28.54,21.07,88.43,1.16,0.07,17.06,34.36
2017-10-20,Coimbatore,11.0168,76.9558,Humid,23.98,28.21,20.82,89.24,1.53,0.24,17.68,34.26
2017-10-21,Coimbatore,11.0168,76.9558,Humid,24.08,28.09,20.77,89.73,1.84,3.13,13.03,34.17
2017-10-22,Coimbatore,11.0168,76.9558,Humid,23.09,26.03,20.72,90.62,1.12,1.23,16.93,34.08
2017-10-23,Coimbatore,11.0168,76.9558,Humid,22.88,28.26,18.73,84.12,1.35,0.02,22.96,33.98
2017-10-24,Coimbatore,11.0168,76.9558,Humid,23.69,29.3,18.4,78.96,0.67,0.03,20.63,33.89
2017-10-25,Coimbatore,11.0168,76.9558,Humid,23.9,27.46,20.99,87.03,1.09,3.99,18.01,33.8
2017-10-26,Coimbatore,11.0168,76.9558,Humid,23.87,27.75,20.58,86.63,1.29,7.06,14.8,33.7
2017-10-27,Coimbatore,11.0168,76.9558,Humid,23.88,27.83,20.64,87.83,1.09,16.04,13.8,33.6
2017-10-28,Coimbatore,11.0168,76.9558,Humid,22.8,25.27,21.05,89.41,1.61,5.72,15.35,33.51
2017-10-29,Coimbatore,11.0168,76.9558,Humid,23.5,27.82,19.82,81.25,1.55,0.07,20.79,33.41
2017-10-30,Coimbatore,11.0168,76.9558,Humid,23.46,27.97,19.07,85.59,1.34,2.63,18.99,33.31
2017-10-31,Coimbatore,11.0168,76.9558,Humid,23.1,27.15,19.96,87.53,1.85,1.86,14.84,33.22
2017-11-01,Coimbatore,11.0168,76.9558,Humid,23.06,27.06,20.14,87.72,1.43,5.32,15.42,33.12
2017-11-02,Coimbatore,11.0168,76.9558,Humid,23.05,27.51,19.31,86.79,1.55,2.9,16.26,33.02
2017-11-03,Coimbatore,11.0168,76.9558,Humid,23.21,27.38,19.89,87.65,1.74,0.56,17.5,32.93
2017-11-04,Coimbatore,11.0168,76.9558,Humid,22.78,26.27,20.04,88.68,2.18,4.41,11.39,32.83
2017-11-05,Coimbatore,11.0168,76.9558,Humid,22.72,26.43,19.6,89.59,2.13,4.19,13.02,32.73
2017-11-06,Coimbatore,11.0168,76.9558,Humid,22.68,26.3,20.6,91.06,1.98,11.13,13.46,32.64
2017-11-07,Coimbatore,11.0168,76.9558,Humid,22.88,27.09,19.73,88.26,1.66,3.9,16.2,32.54
2017-11-08,Coimbatore,11.0168,76.9558,Humid,22.71,26.56,19.73,90.05,1.77,13.15,15.49,32.45
2017-11-09,Coimbatore,11.0168,76.9558,Humid,23.22,27.94,19.33,83.1,1.04,0.77,18.49,32.36
2017-11-10,Coimbatore,11.0168,76.9558,Humid,22.9,28.08,17.56,80.02,1.1,0.0,19.57,32.26
2017-11-11,Coimbatore,11.0168,76.9558,Humid,23.75,27.88,20.17,80.22,0.95,0.03,14.65,32.17
2017-11-12,Coimbatore,11.0168,76.9558,Humid,23.59,28.49,19.19,76.77,0.72,0.04,19.3,32.08
2017-11-13,Coimbatore,11.0168,76.9558,Humid,23.73,28.76,20.4,81.38,0.97,0.29,18.07,31.99
2017-11-14,Coimbatore,11.0168,76.9558,Humid,23.02,27.53,19.0,86.61,1.21,0.91,16.02,31.9
2017-11-15,Coimbatore,11.0168,76.9558,Humid,23.69,28.53,20.47,85.97,1.47,0.42,13.74,31.82
2017-11-16,Coimbatore,11.0168,76.9558,Humid,22.77,28.11,18.81,84.93,1.41,0.59,14.8,31.73
2017-11-17,Coimbatore,11.0168,76.9558,Humid,23.69,28.75,19.25,78.79,0.78,0.29,15.18,31.65
2017-11-18,Coimbatore,11.0168,76.9558,Humid,23.99,28.74,19.65,77.97,1.13,0.16,15.08,31.56
2017-11-19,Coimbatore,11.0168,76.9558,Humid,24.22,28.6,20.64,84.32,1.13,0.43,14.16,31.48
2017-11-20,Coimbatore,11.0168,76.9558,Humid,24.3,28.89,20.82,84.27,1.3,2.16,15.56,31.4
2017-11-21,Coimbatore,11.0168,76.9558,Humid,23.32,27.18,20.23,88.32,1.43,5.94,15.4,31.33
2017-11-22,Coimbatore,11.0168,76.9558,Humid,23.73,28.47,19.96,84.18,1.56,0.61,17.42,31.25
2017-11-23,Coimbatore,11.0168,76.9558,Humid,23.46,28.64,19.01,81.3,1.57,0.27,19.72,31.18
2017-11-24,Coimbatore,11.0168,76.9558,Humid,23.99,29.4,19.39,81.24,1.17,0.0,15.96,31.1
2017-11-25,Coimbatore,11.0168,76.9558,Humid,23.41,28.72,20.19,81.49,1.47,0.01,14.91,31.03
2017-11-26,Coimbatore,11.0168,76.9558,Humid,22.59,26.17,19.67,84.7,1.48,2.02,11.37,30.96
2017-11-27,Coimbatore,11.0168,76.9558,Humid,22.74,25.92,20.59,90.42,1.47,2.54,13.83,30.89
2017-11-28,Coimbatore,11.0168,76.9558,Humid,23.35,27.98,20.06,83.74,1.91,0.35,17.2,30.83
2017-11-29,Coimbatore,11.0168,76.9558,Humid,23.38,28.38,19.38,81.53,2.44,3.29,16.71,30.77
2017-11-30,Coimbatore,11.0168,76.9558,Humid,22.1,24.16,20.1,92.84,3.54,32.72,9.29,30.71
2017-12-01,Coimbatore,11.0168,76.9558,Humid,22.93,24.97,21.2,94.47,2.87,33.26,7.5,30.65
2017-12-02,Coimbatore,11.0168,76.9558,Humid,22.34,25.4,20.0,89.82,1.3,4.27,9.28,30.6
2017-12-03,Coimbatore,11.0168,76.9558,Humid,22.49,26.3,19.97,88.89,1.44,0.97,16.92,30.54
2017-12-04,Coimbatore,11.0168,76.9558,Humid,23.08,27.57,18.87,84.73,1.0,0.25,17.51,30.5
2017-12-05,Coimbatore,11.0168,76.9558,Humid,22.82,27.41,19.35,87.89,0.83,0.27,16.78,30.45
2017-12-06,Coimbatore,11.0168,76.9558,Humid,23.24,27.47,20.35,87.42,0.32,0.03,17.62,30.41
2017-12-07,Coimbatore,11.0168,76.9558,Humid,22.9,25.8,20.4,88.03,0.95,0.02,15.12,30.36
2017-12-08,Coimbatore,11.0168,76.9558,Humid,23.43,28.13,19.13,75.14,0.83,0.0,19.53,30.32
2017-12-09,Coimbatore,11.0168,76.9558,Humid,22.78,28.11,17.03,65.16,0.72,0.0,19.78,30.29
2017-12-10,Coimbatore,11.0168,76.9558,Humid,22.01,27.28,17.0,75.11,1.26,0.11,18.8,30.26
2017-12-11,Coimbatore,11.0168,76.9558,Humid,22.58,27.89,17.35,80.04,1.13,0.06,13.52,30.23
2017-12-12,Coimbatore,11.0168,76.9558,Humid,23.32,28.32,19.49,84.02,0.64,0.01,12.78,30.2
2017-12-13,Coimbatore,11.0168,76.9558,Humid,23.25,27.22,20.51,87.69,0.66,4.91,12.28,30.18
2017-12-14,Coimbatore,11.0168,76.9558,Humid,22.81,27.51,18.94,83.26,1.49,0.68,13.82,30.15
2017-12-15,Coimbatore,11.0168,76.9558,Humid,22.11,27.8,17.66,79.7,1.71,0.01,19.88,30.14
2017-12-16,Coimbatore,11.0168,76.9558,Humid,22.26,27.37,18.85,81.62,2.34,0.0,19.19,30.12
2017-12-17,Coimbatore,11.0168,76.9558,Humid,21.1,27.15,16.39,80.81,2.57,0.0,20.52,30.11
2017-12-18,Coimbatore,11.0168,76.9558,Humid,20.11,26.61,14.62,79.21,2.27,0.0,19.47,30.1
2017-12-19,Coimbatore,11.0168,76.9558,Humid,20.99,27.23,14.77,81.17,2.1,0.03,20.34,30.1
2017-12-20,Coimbatore,11.0168,76.9558,Humid,21.72,27.72,17.18,76.48,2.47,0.05,17.43,30.1
2017-12-21,Coimbatore,11.0168,76.9558,Humid,21.22,27.47,14.75,78.15,2.11,0.95,19.14,30.1
2017-12-22,Coimbatore,11.0168,76.9558,Humid,21.94,27.59,18.24,79.16,2.59,0.13,19.72,30.1
2017-12-23,Coimbatore,11.0168,76.9558,Humid,21.47,28.02,17.07,77.52,2.18,0.0,20.28,30.11
2017-12-24,Coimbatore,11.0168,76.9558,Humid,20.77,27.79,14.77,76.4,1.86,0.0,21.81,30.12
2017-12-25,Coimbatore,11.0168,76.9558,Humid,22.24,28.92,16.25,76.3,1.71,0.0,18.4,30.13
2017-12-26,Coimbatore,11.0168,76.9558,Humid,22.17,29.51,17.03,71.3,1.87,0.0,20.35,30.15
2017-12-27,Coimbatore,11.0168,76.9558,Humid,21.17,28.41,16.32,73.32,2.0,0.0,19.69,30.17
2017-12-28,Coimbatore,11.0168,76.9558,Humid,19.69,25.84,15.6,72.71,2.13,0.0,20.79,30.2
2017-12-29,Coimbatore,11.0168,76.9558,Humid,20.03,27.55,13.94,73.82,1.97,0.0,21.65,30.22
2017-12-30,Coimbatore,11.0168,76.9558,Humid,20.88,28.19,15.81,74.79,1.57,0.0,18.98,30.25
2017-12-31,Coimbatore,11.0168,76.9558,Humid,21.95,29.41,15.31,68.42,1.24,0.0,21.34,30.28
2018-01-01,Coimbatore,11.0168,76.9558,Humid,22.37,29.51,16.96,72.24,0.78,0.0,19.71,30.32
2018-01-02,Coimbatore,11.0168,76.9558,Humid,22.96,30.26,17.03,71.94,0.81,0.0,19.72,30.36
2018-01-03,Coimbatore,11.0168,76.9558,Humid,23.39,29.67,17.92,73.63,0.94,0.0,18.19,30.4
2018-01-04,Coimbatore,11.0168,76.9558,Humid,22.97,29.4,18.0,74.38,1.45,0.0,18.37,30.44
2018-01-05,Coimbatore,11.0168,76.9558,Humid,21.68,28.74,16.38,70.17,1.52,0.0,16.67,30.49
2018-01-06,Coimbatore,11.0168,76.9558,Humid,21.33,28.84,14.78,69.05,1.09,0.0,16.79,30.54
2018-01-07,Coimbatore,11.0168,76.9558,Humid,22.14,28.59,16.43,69.32,0.88,0.0,16.09,30.59
2018-01-08,Coimbatore,11.0168,76.9558,Humid,20.64,28.89,14.74,65.61,1.65,0.0,18.71,30.65
2018-01-09,Coimbatore,11.0168,76.9558,Humid,21.54,29.11,14.61,71.59,1.43,0.49,17.89,30.7
2018-01-10,Coimbatore,11.0168,76.9558,Humid,23.01,29.25,18.81,79.33,2.42,1.8,13.63,30.77
2018-01-11,Coimbatore,11.0168,76.9558,Humid,23.9,30.57,18.97,76.7,2.0,0.27,17.95,30.83
2018-01-12,Coimbatore,11.0168,76.9558,Humid,24.35,30.84,20.22,74.39,2.09,0.01,12.8,30.89
2018-01-13,Coimbatore,11.0168,76.9558,Humid,22.92,29.05,18.3,73.19,1.96,0.0,19.61,30.96
2018-01-14,Coimbatore,11.0168,76.9558,Humid,22.29,30.88,16.1,64.15,1.95,0.0,22.4,31.03
2018-01-15,Coimbatore,11.0168,76.9558,Humid,22.44,31.21,16.53,67.89,1.99,0.0,21.84,31.11
2018-01-16,Coimbatore,11.0168,76.9558,Humid,23.61,31.11,17.16,71.39,1.53,0.0,17.17,31.18
2018-01-17,Coimbatore,11.0168,76.9558,Humid,23.61,29.8,19.11,71.76,1.34,0.0,13.75,31.26
2018-01-18,Coimbatore,11.0168,76.9558,Humid,21.89,30.61,16.03,63.07,1.99,0.0,22.04,31.34
2018-01-19,Coimbatore,11.0168,76.9558,Humid,20.92,29.46,14.95,66.16,1.94,0.0,21.84,31.42
2018-01-20,Coimbatore,11.0168,76.9558,Humid,21.22,30.28,14.56,66.66,1.62,0.0,21.43,31.5
2018-01-21,Coimbatore,11.0168,76.9558,Humid,21.28,30.41,14.52,66.41,1.67,0.0,21.74,31.59
2018-01-22,Coimbatore,11.0168,76.9558,Humid,22.43,30.5,15.52,64.82,1.17,0.0,20.82,31.68
2018-01-23,Coimbatore,11.0168,76.9558,Humid,22.77,30.01,16.62,69.83,0.91,0.0,18.96,31.76
2018-01-24,Coimbatore,11.0168,76.9558,Humid,23.99,30.65,18.71,72.45,0.85,0.0,15.37,31.86
2018-01-25,Coimbatore,11.0168,76.9558,Humid,24.53,32.32,18.74,64.53,0.93,0.0,18.46,31.95
2018-01-26,Coimbatore,11.0168,76.9558,Humid,23.31,31.2,17.22,63.06,1.39,0.0,19.75,32.04
2018-01-27,Coimbatore,11.0168,76.9558,Humid,22.94,30.58,15.83,64.9,1.2,0.01,19.25,32.14
2018-01-28,Coimbatore,11.0168,76.9558,Humid,23.53,30.94,17.38,66.83,1.29,0.09,17.25,32.23
2018-01-29,Coimbatore,11.0168,76.9558,Humid,23.21,31.82,16.76,59.94,2.07,0.0,21.7,32.33
2018-01-30,Coimbatore,11.0168,76.9558,Humid,23.14,32.34,16.17,57.67,2.0,0.0,22.32,32.43
2018-01-31,Coimbatore,11.0168,76.9558,Humid,22.15,32.1,14.74,54.96,1.97,0.0,23.51,32.53
2018-02-01,Coimbatore,11.0168,76.9558,Humid,22.08,32.47,13.54,49.93,1.87,0.0,24.17,32.63
2018-02-02,Coimbatore,11.0168,76.9558,Humid,22.33,32.64,14.24,47.46,1.83,0.0,24.15,32.73
2018-02-03,Coimbatore,11.0168,76.9558,Humid,21.52,32.18,13.38,51.18,1.99,0.0,23.33,32.83
2018-02-04,Coimbatore,11.0168,76.9558,Humid,21.01,31.16,13.68,52.84,1.74,0.0,24.53,32.93
2018-02-05,Coimbatore,11.0168,76.9558,Humid,22.97,33.08,14.56,56.48,2.02,0.0,24.04,33.03
2018-02-06,Coimbatore,11.0168,76.9558,Humid,24.82,32.98,18.02,68.22,1.75,2.09,21.32,33.14
2018-02-07,Coimbatore,11.0168,76.9558,Humid,23.87,29.06,20.86,82.36,1.05,9.31,15.69,33.24
2018-02-08,Coimbatore,11.0168,76.9558,Humid,23.9,28.99,20.3,76.53,1.14,2.76,16.2,33.34
2018-02-09,Coimbatore,11.0168,76.9558,Humid,24.26,28.73,19.75,72.56,0.95,1.01,17.91,33.44
2018-02-10,Coimbatore,11.0168,76.9558,Humid,23.68,29.31,19.71,70.82,1.37,0.03,19.08,33.55
2018-02-11,Coimbatore,11.0168,76.9558,Humid,24.07,31.43,18.62,67.41,2.04,0.02,22.19,33.65
2018-02-12,Coimbatore,11.0168,76.9558,Humid,23.44,29.61,19.42,72.47,1.66,0.22,18.19,33.76
2018-02-13,Coimbatore,11.0168,76.9558,Humid,22.63,28.21,18.77,68.44,1.93,0.0,17.07,33.86
2018-02-14,Coimbatore,11.0168,76.9558,Humid,22.1,27.63,18.05,71.45,2.24,0.0,22.64,33.97
2018-02-15,Coimbatore,11.0168,76.9558,Humid,22.9,31.45,17.37,66.53,2.23,0.0,23.8,34.07
2018-02-16,Coimbatore,11.0168,76.9558,Humid,23.07,29.84,18.99,65.24,2.09,0.0,23.6,34.18
2018-02-17,Coimbatore,11.0168,76.9558,Humid,22.96,31.33,17.1,59.24,1.37,0.0,23.61,34.28
2018-02-18,Coimbatore,11.0168,76.9558,Humid,24.28,33.63,16.5,52.34,1.52,0.0,24.48,34.38
2018-02-19,Coimbatore,11.0168,76.9558,Humid,23.88,33.2,16.79,53.79,1.89,0.0,24.71,34.48
2018-02-20,Coimbatore,11.0168,76.9558,Humid,24.42,33.85,16.78,56.75,2.02,0.0,24.85,34.58
2018-02-21,Coimbatore,11.0168,76.9558,Humid,24.37,33.72,17.29,53.85,2.14,0.0,24.89,34.68
2018-02-22,Coimbatore,11.0168,76.9558,Humid,24.79,34.76,16.7,44.42,1.75,0.0,24.78,34.78
2018-02-23,Coimbatore,11.0168,76.9558,Humid,24.14,34.15,15.81,46.61,2.1,0.0,25.59,34.88
2018-02-24,Coimbatore,11.0168,76.9558,Humid,24.35,33.65,16.93,54.63,2.33,0.0,26.22,34.98
2018-02-25,Coimbatore,11.0168,76.9558,Humid,25.24,34.1,18.29,56.14,2.66,0.0,26.09,35.08
2018-02-26,Coimbatore,11.0168,76.9558,Humid,26.26,34.92,17.6,55.47,1.84,0.0,26.08,35.18
2018-02-27,Coimbatore,11.0168,76.9558,Humid,27.36,35.25,20.63,51.78,2.44,0.0,25.85,35.27
2018-02-28,Coimbatore,11.0168,76.9558,Humid,26.62,34.99,18.38,48.6,2.17,0.26,25.7,35.37
2018-03-01,Coimbatore,11.0168,76.9558,Humid,25.95,34.82,18.58,52.73,2.41,0.75,26.06,35.46
2018-03-02,Coimbatore,11.0168,76.9558,Humid,25.87,35.56,17.89,40.35,2.32,0.0,26.45,35.55
2018-03-03,Coimbatore,11.0168,76.9558,Humid,26.09,36.57,16.43,39.06,1.54,0.0,26.51,35.64
2018-03-04,Coimbatore,11.0168,76.9558,Humid,26.99,36.5,19.5,35.66,1.5,0.0,26.1,35.73
2018-03-05,Coimbatore,11.0168,76.9558,Humid,26.81,36.7,18.25,31.97,1.59,0.0,26.37,35.82
2018-03-06,Coimbatore,11.0168,76.9558,Humid,26.8,37.19,17.75,33.85,1.65,0.0,26.61,35.91
2018-03-07,Coimbatore,11.0168,76.9558,Humid,26.81,36.62,17.79,34.08,1.7,0.0,26.95,35.99
2018-03-08,Coimbatore,11.0168,76.9558,Humid,27.15,36.16,18.76,41.83,2.08,0.0,25.63,36.07
2018-03-09,Coimbatore,11.0168,76.9558,Humid,27.4,35.78,19.93,39.22,2.33,0.0,24.47,36.15
2018-03-10,Coimbatore,11.0168,76.9558,Humid,26.96,35.95,18.23,39.6,2.09,0.0,22.48,36.23
2018-03-11,Coimbatore,11.0168,76.9558,Humid,26.98,35.78,19.29,43.54,2.57,0.0,25.72,36.31
2018-03-12,Coimbatore,11.0168,76.9558,Humid,27.08,35.34,18.86,55.05,3.08,0.01,24.96,36.39
2018-03-13,Coimbatore,11.0168,76.9558,Humid,26.13,31.6,21.67,66.1,2.57,3.09,18.81,36.46
2018-03-14,Coimbatore,11.0168,76.9558,Humid,25.52,31.06,21.51,68.77,1.89,2.6,15.73,36.53
2018-03-15,Coimbatore,11.0168,76.9558,Humid,26.36,33.18,21.56,65.73,0.98,3.86,17.25,36.6
2018-03-16,Coimbatore,11.0168,76.9558,Humid,26.75,33.49,21.95,71.0,1.11,2.71,15.55,36.67
2018-03-17,Coimbatore,11.0168,76.9558,Humid,25.76,32.26,21.71,75.2,1.55,2.73,17.2,36.74
2018-03-18,Coimbatore,11.0168,76.9558,Humid,25.93,32.43,20.16,72.25,1.42,7.51,18.05,36.81
2018-03-19,Coimbatore,11.0168,76.9558,Humid,26.51,33.99,20.9,64.99,1.89,1.0,20.24,36.87
2018-03-20,Coimbatore,11.0168,76.9558,Humid,26.92,35.46,19.57,53.85,1.6,0.01,25.99,36.93
2018-03-21,Coimbatore,11.0168,76.9558,Humid,27.76,36.32,21.22,60.1,1.2,0.14,23.68,36.99
2018-03-22,Coimbatore,11.0168,76.9558,Humid,27.51,35.2,21.0,64.97,1.34,0.63,19.26,37.05
2018-03-23,Coimbatore,11.0168,76.9558,Humid,28.3,36.93,22.05,62.52,1.53,3.76,22.34,37.11
2018-03-24,Coimbatore,11.0168,76.9558,Humid,28.42,36.52,21.4,59.98,1.53,0.94,21.02,37.17
2018-03-25,Coimbatore,11.0168,76.9558,Humid,28.3,36.39,21.24,50.07,2.04,0.0,22.81,37.22
2018-03-26,Coimbatore,11.0168,76.9558,Humid,27.87,36.64,20.29,43.19,2.02,0.0,21.1,37.27
2018-03-27,Coimbatore,11.0168,76.9558,Humid,28.4,37.57,19.76,44.87,1.41,0.02,23.55,37.32
2018-03-28,Coimbatore,11.0168,76.9558,Humid,29.0,36.07,23.45,59.04,1.26,0.07,21.64,37.37
2018-03-29,Coimbatore,11.0168,76.9558,Humid,28.33,34.65,23.32,63.34,1.24,0.13,21.25,37.41
2018-03-30,Coimbatore,11.0168,76.9558,Humid,27.77,32.91,24.05,65.01,1.32,0.34,20.82,37.46
2018-03-31,Coimbatore,11.0168,76.9558,Humid,27.55,33.35,22.94,66.03,1.5,2.35,19.39,37.5
2018-04-01,Coimbatore,11.0168,76.9558,Humid,27.91,34.44,22.84,62.97,0.85,2.5,21.21,37.54
2018-04-02,Coimbatore,11.0168,76.9558,Humid,27.85,34.74,22.42,62.31,0.83,1.82,19.72,37.58
2018-04-03,Coimbatore,11.0168,76.9558,Humid,28.41,34.5,23.2,60.4,0.6,0.31,21.37,37.61
2018-04-04,Coimbatore,11.0168,76.9558,Humid,29.54,37.21,23.39,53.08,1.32,0.05,22.02,37.64
2018-04-05,Coimbatore,11.0168,76.9558,Humid,28.96,35.89,23.51,53.49,1.28,0.0,23.78,37.68
2018-04-06,Coimbatore,11.0168,76.9558,Humid,28.24,34.53,22.82,55.18,1.01,0.0,22.49,37.71
2018-04-07,Coimbatore,11.0168,76.9558,Humid,29.16,36.86,22.34,48.78,1.63,0.02,23.36,37.73
2018-04-08,Coimbatore,11.0168,76.9558,Humid,28.45,34.94,22.86,51.86,1.8,0.17,23.52,37.76
2018-04-09,Coimbatore,11.0168,76.9558,Humid,28.25,34.92,22.33,55.27,1.84,0.32,23.57,37.78
2018-04-10,Coimbatore,11.0168,76.9558,Humid,28.33,34.9,23.06,57.82,1.86,2.62,23.96,37.81
2018-04-11,Coimbatore,11.0168,76.9558,Humid,27.63,33.38,23.15,65.13,1.15,2.04,21.43,37.83
2018-04-12,Coimbatore,11.0168,76.9558,Humid,28.03,33.63,23.75,65.95,0.9,1.1,20.91,37.84
2018-04-13,Coimbatore,11.0168,76.9558,Humid,27.87,34.29,23.84,66.61,1.76,2.84,20.77,37.86
2018-04-14,Coimbatore,11.0168,76.9558,Humid,28.14,34.83,23.02,70.04,1.0,7.02,22.76,37.88
2018-04-15,Coimbatore,11.0168,76.9558,Humid,27.15,32.39,23.5,75.03,1.23,3.68,19.29,37.89
2018-04-16,Coimbatore,11.0168,76.9558,Humid,28.21,34.62,23.35,69.12,1.18,1.19,21.32,37.91
2018-04-17,Coimbatore,11.0168,76.9558,Humid,28.48,34.63,23.86,66.84,1.17,0.35,21.04,37.92
2018-04-18,Coimbatore,11.0168,76.9558,Humid,29.01,36.39,23.57,65.53,1.29,0.2,21.29,37.93
2018-04-19,Coimbatore,11.0168,76.9558,Humid,27.82,33.83,23.71,71.45,1.72,0.09,19.25,37.94
2018-04-20,Coimbatore,11.0168,76.9558,Humid,27.59,33.52,23.5,68.68,1.27,1.86,19.85,37.94
2018-04-21,Coimbatore,11.0168,76.9558,Humid,29.38,37.1,23.27,62.14,0.97,1.39,21.72,37.95
2018-04-22,Coimbatore,11.0168,76.9558,Humid,28.12,34.34,23.73,69.02,1.84,1.0,18.67,37.95
2018-04-23,Coimbatore,11.0168,76.9558,Humid,30.09,38.44,22.7,58.66,1.42,0.18,23.73,37.95
2018-04-24,Coimbatore,11.0168,76.9558,Humid,29.27,36.55,24.35,63.03,1.73,0.56,21.26,37.96
2018-04-25,Coimbatore,11.0168,76.9558,Humid,27.98,33.89,23.97,69.33,1.75,1.04,22.98,37.96
2018-04-26,Coimbatore,11.0168,76.9558,Humid,28.52,35.16,24.32,68.06,0.95,3.65,21.24,37.96
2018-04-27,Coimbatore,11.0168,76.9558,Humid,27.43,32.0,23.89,74.07,0.73,3.89,22.67,37.96
2018-04-28,Coimbatore,11.0168,76.9558,Humid,28.78,35.2,23.51,64.66,1.46,0.02,22.2,37.95
2018-04-29,Coimbatore,11.0168,76.9558,Humid,28.56,35.23,23.84,67.41,1.49,0.0,23.61,37.95
2018-04-30,Coimbatore,11.0168,76.9558,Humid,27.89,34.13,23.66,70.76,1.79,7.44,22.65,37.94
2018-05-01,Coimbatore,11.0168,76.9558,Humid,26.84,32.12,22.95,77.03,1.65,12.66,18.9,37.93
2018-05-02,Coimbatore,11.0168,76.9558,Humid,26.42,30.69,23.44,80.88,1.37,14.53,19.32,37.92
2018-05-03,Coimbatore,11.0168,76.9558,Humid,27.11,32.54,23.47,77.96,0.96,13.37,20.63,37.91
2018-05-04,Coimbatore,11.0168,76.9558,Humid,26.81,32.42,22.92,73.59,1.14,12.78,22.26,37.9
2018-05-05,Coimbatore,11.0168,76.9558,Humid,27.32,32.74,22.9,69.95,0.72,6.61,21.29,37.89
2018-05-06,Coimbatore,11.0168,76.9558,Humid,26.66,32.27,23.36,78.73,1.35,3.15,20.45,37.88
2018-05-07,Coimbatore,11.0168,76.9558,Humid,27.1,32.83,22.56,75.21,1.62,0.48,21.46,37.87
2018-05-08,Coimbatore,11.0168,76.9558,Humid,25.58,28.28,23.34,82.65,1.34,3.67,18.77,37.86
2018-05-09,Coimbatore,11.0168,76.9558,Humid,25.63,29.68,22.82,79.08,0.99,26.3,20.09,37.84
2018-05-10,Coimbatore,11.0168,76.9558,Humid,25.62,29.87,22.45,81.84,0.84,6.85,20.91,37.83
2018-05-11,Coimbatore,11.0168,76.9558,Humid,25.61,30.31,22.67,81.98,1.47,6.51,21.71,37.81
2018-05-12,Coimbatore,11.0168,76.9558,Humid,25.17,29.05,22.67,84.95,1.72,7.64,19.43,37.8
2018-05-13,Coimbatore,11.0168,76.9558,Humid,25.54,30.45,22.0,81.05,1.08,3.28,21.03,37.78
2018-05-14,Coimbatore,11.0168,76.9558,Humid,25.69,31.11,22.12,76.58,1.05,2.02,14.37,37.76
2018-05-15,Coimbatore,11.0168,76.9558,Humid,24.77,28.11,22.38,76.53,1.16,1.6,22.44,37.75
2018-05-16,Coimbatore,11.0168,76.9558,Humid,24.38,27.89,20.49,80.37,1.12,3.91,16.07,37.73
2018-05-17,Coimbatore,11.0168,76.9558,Humid,25.9,31.12,21.91,80.41,1.13,1.72,18.88,37.71
2018-05-18,Coimbatore,11.0168,76.9558,Humid,25.77,30.83,22.15,79.79,1.63,0.52,19.4,37.7
2018-05-19,Coimbatore,11.0168,76.9558,Humid,25.65,29.74,22.27,82.23,1.69,4.06,18.76,37.68
2018-05-20,Coimbatore,11.0168,76.9558,Humid,25.6,29.22,22.79,83.39,2.03,2.13,19.69,37.66
2018-05-21,Coimbatore,11.0168,76.9558,Humid,25.32,29.46,22.44,82.36,2.18,3.07,19.52,37.64
2018-05-22,Coimbatore,11.0168,76.9558,Humid,25.63,29.96,21.84,79.51,1.66,0.98,21.24,37.63
2018-05-23,Coimbatore,11.0168,76.9558,Humid,26.2,30.72,22.58,81.26,1.72,2.73,18.27,37.61
2018-05-24,Coimbatore,11.0168,76.9558,Humid,25.39,28.99,23.2,84.29,1.7,7.73,16.79,37.59
2018-05-25,Coimbatore,11.0168,76.9558,Humid,25.59,29.54,23.09,84.44,1.31,26.94,9.63,37.58
2018-05-26,Coimbatore,11.0168,76.9558,Humid,25.47,30.2,22.61,84.36,1.35,4.93,16.97,37.56
2018-05-27,Coimbatore,11.0168,76.9558,Humid,24.8,28.22,22.67,89.98,2.3,9.32,17.73,37.54
2018-05-28,Coimbatore,11.0168,76.9558,Humid,24.52,26.75,22.84,93.01,2.32,8.97,16.65,37.52
2018-05-29,Coimbatore,11.0168,76.9558,Humid,24.71,27.71,23.01,89.94,2.87,4.96,15.64,37.5
2018-05-30,Coimbatore,11.0168,76.9558,Humid,25.13,29.43,22.6,85.52,3.09,1.24,16.31,37.48
2018-05-31,Coimbatore,11.0168,76.9558,Humid,25.35,29.85,22.31,84.69,2.68,0.26,18.66,37.47
2018-06-01,Coimbatore,11.0168,76.9558,Humid,25.38,29.05,22.62,86.77,1.65,2.14,18.02,37.45
2018-06-02,Coimbatore,11.0168,76.9558,Humid,25.69,29.92,22.53,84.58,1.7,1.36,15.43,37.44
2018-06-03,Coimbatore,11.0168,76.9558,Humid,24.42,26.34,23.18,91.75,2.45,5.22,15.53,37.42
2018-06-04,Coimbatore,11.0168,76.9558,Humid,24.51,27.4,22.37,89.15,2.14,5.27,12.55,37.4
2018-06-05,Coimbatore,11.0168,76.9558,Humid,24.48,28.0,22.05,87.24,2.33,2.12,17.6,37.39
2018-06-06,Coimbatore,11.0168,76.9558,Humid,24.62,29.32,20.95,81.5,2.98,1.38,20.63,37.37
2018-06-07,Coimbatore,11.0168,76.9558,Humid,24.79,28.32,22.45,86.45,3.63,4.72,16.32,37.36
2018-06-08,Coimbatore,11.0168,76.9558,Humid,24.82,27.5,23.17,85.68,4.85,7.27,10.32,37.34
2018-06-09,Coimbatore,11.0168,76.9558,Humid,24.35,26.48,22.7,86.24,5.36,14.46,9.31,37.33
2018-06-10,Coimbatore,11.0168,76.9558,Humid,25.18,28.13,23.14,87.85,4.79,10.16,13.82,37.32
2018-06-11,Coimbatore,11.0168,76.9558,Humid,25.01,27.97,23.34,88.01,4.77,19.96,10.86,37.31
2018-06-12,Coimbatore,11.0168,76.9558,Humid,24.59,27.51,22.74,88.62,4.29,17.48,9.92,37.3
2018-06-13,Coimbatore,11.0168,76.9558,Humid,24.01,27.08,22.2,88.68,4.16,14.19,14.15,37.29
2018-06-14,Coimbatore,11.0168,76.9558,Humid,23.7,27.38,20.38,85.15,3.37,6.1,6.56,37.27
2018-06-15,Coimbatore,11.0168,76.9558,Humid,23.54,28.34,19.61,85.28,2.78,4.2,13.51,37.27
2018-06-16,Coimbatore,11.0168,76.9558,Humid,23.53,27.35,20.71,84.69,2.58,2.73,19.74,37.26
2018-06-17,Coimbatore,11.0168,76.9558,Humid,23.02,27.12,20.14,81.93,2.78,1.69,15.51,37.25
2018-06-18,Coimbatore,11.0168,76.9558,Humid,23.57,28.4,19.16,85.0,2.97,4.4,16.84,37.24
2018-06-19,Coimbatore,11.0168,76.9558,Humid,24.49,28.15,22.21,86.99,3.95,6.6,15.54,37.24
2018-06-20,Coimbatore,11.0168,76.9558,Humid,24.25,26.75,22.8,90.18,3.5,6.02,11.08,37.23
2018-06-21,Coimbatore,11.0168,76.9558,Humid,24.02,27.15,21.47,86.46,3.41,4.85,11.94,37.22
2018-06-22,Coimbatore,11.0168,76.9558,Humid,23.43,27.71,20.65,85.0,2.96,3.36,13.23,37.22
2018-06-23,Coimbatore,11.0168,76.9558,Humid,23.78,28.17,20.54,83.91,2.78,1.28,14.41,37.22
2018-06-24,Coimbatore,11.0168,76.9558,Humid,24.0,28.45,20.71,80.91,2.74,0.31,17.02,37.22
2018-06-25,Coimbatore,11.0168,76.9558,Humid,22.89,27.4,19.67,82.94,3.03,1.81,16.82,37.21
2018-06-26,Coimbatore,11.0168,76.9558,Humid,23.38,28.0,19.24,84.31,3.62,2.98,16.75,37.21
2018-06-27,Coimbatore,11.0168,76.9558,Humid,24.11,27.42,22.02,85.42,4.07,6.99,10.72,37.21
2018-06-28,Coimbatore,11.0168,76.9558,Humid,23.47,26.57,20.95,86.08,3.37,7.43,11.82,37.21
2018-06-29,Coimbatore,11.0168,76.9558,Humid,22.82,26.21,20.14,87.21,2.46,4.03,15.05,37.21
2018-06-30,Coimbatore,11.0168,76.9558,Humid,23.2,28.78,18.86,81.98,2.13,2.73,16.56,37.21
2018-07-01,Coimbatore,11.0168,76.9558,Humid,23.5,29.37,18.92,81.89,1.99,8.85,18.29,37.21
2018-07-02,Coimbatore,11.0168,76.9558,Humid,23.69,28.53,20.28,83.91,2.36,8.37,17.97,37.21
2018-07-03,Coimbatore,11.0168,76.9558,Humid,23.68,27.84,20.5,85.89,2.19,5.86,18.1,37.22
2018-07-04,Coimbatore,11.0168,76.9558,Humid,24.34,29.16,20.7,84.7,2.31,0.09,20.73,37.22
2018-07-05,Coimbatore,11.0168,76.9558,Humid,24.19,29.76,20.03,83.77,2.55,0.41,22.97,37.22
2018-07-06,Coimbatore,11.0168,76.9558,Humid,24.06,28.54,20.78,84.22,3.34,6.1,13.35,37.23
2018-07-07,Coimbatore,11.0168,76.9558,Humid,23.55,26.64,21.35,83.48,4.64,5.53,10.99,37.23
2018-07-08,Coimbatore,11.0168,76.9558,Humid,23.95,27.37,21.8,87.1,4.04,8.95,10.97,37.24
2018-07-09,Coimbatore,11.0168,76.9558,Humid,23.72,26.22,21.97,89.57,3.36,18.66,11.29,37.25
2018-07-10,Coimbatore,11.0168,76.9558,Humid,23.63,26.15,22.08,90.24,3.52,23.47,10.98,37.25
2018-07-11,Coimbatore,11.0168,76.9558,Humid,23.14,25.73,21.3,89.97,4.35,19.8,5.93,37.26
2018-07-12,Coimbatore,11.0168,76.9558,Humid,23.83,26.99,22.03,86.55,4.46,5.81,13.24,37.27
2018-07-13,Coimbatore,11.0168,76.9558,Humid,24.0,27.54,22.0,87.37,4.46,12.0,9.89,37.27
2018-07-14,Coimbatore,11.0168,76.9558,Humid,24.23,27.52,22.48,86.71,4.46,5.73,13.78,37.28
2018-07-15,Coimbatore,11.0168,76.9558,Humid,24.06,27.17,22.13,86.62,4.96,16.53,11.28,37.29
2018-07-16,Coimbatore,11.0168,76.9558,Humid,23.41,26.28,21.64,86.68,4.94,18.77,7.79,37.3
2018-07-17,Coimbatore,11.0168,76.9558,Humid,23.45,26.92,20.45,85.58,4.89,8.37,14.26,37.31
2018-07-18,Coimbatore,11.0168,76.9558,Humid,23.41,26.31,21.91,87.51,4.21,8.28,13.2,37.32
2018-07-19,Coimbatore,11.0168,76.9558,Humid,23.64,26.64,21.84,89.09,4.13,3.3,11.29,37.33
2018-07-20,Coimbatore,11.0168,76.9558,Humid,23.35,26.21,21.69,89.24,4.61,3.41,10.79,37.34
2018-07-21,Coimbatore,11.0168,76.9558,Humid,23.16,25.28,21.81,89.9,4.36,2.3,11.67,37.35
2018-07-22,Coimbatore,11.0168,76.9558,Humid,23.84,27.41,21.23,85.89,4.12,1.28,15.08,37.35
2018-07-23,Coimbatore,11.0168,76.9558,Humid,23.72,27.23,21.46,86.97,3.8,3.05,13.85,37.36
2018-07-24,Coimbatore,11.0168,76.9558,Humid,23.82,27.99,21.34,85.87,3.83,4.03,10.57,37.37
2018-07-25,Coimbatore,11.0168,76.9558,Humid,23.58,27.05,21.13,87.81,3.18,5.8,14.35,37.38
2018-07-26,Coimbatore,11.0168,76.9558,Humid,23.81,27.89,21.31,86.18,3.41,3.75,13.36,37.39
2018-07-27,Coimbatore,11.0168,76.9558,Humid,23.87,28.3,21.03,85.58,3.45,1.41,14.31,37.4
2018-07-28,Coimbatore,11.0168,76.9558,Humid,23.6,27.68,21.22,87.75,3.11,4.9,11.59,37.41
2018-07-29,Coimbatore,11.0168,76.9558,Humid,23.7,27.08,21.54,89.04,2.77,3.96,13.26,37.42
2018-07-30,Coimbatore,11.0168,76.9558,Humid,23.64,26.83,21.55,89.7,2.8,2.81,14.08,37.43
2018-07-31,Coimbatore,11.0168,76.9558,Humid,23.3,25.94,21.42,90.72,3.25,10.74,10.18,37.44
2018-08-01,Coimbatore,11.0168,76.9558,Humid,23.43,27.02,21.08,88.47,3.2,3.59,13.6,37.44
2018-08-02,Coimbatore,11.0168,76.9558,Humid,23.81,28.15,20.69,86.44,2.69,1.71,15.81,37.45
2018-08-03,Coimbatore,11.0168,76.9558,Humid,22.92,27.12,20.16,84.87,3.07,1.89,13.55,37.46
2018-08-04,Coimbatore,11.0168,76.9558,Humid,23.28,27.97,19.41,84.24,2.99,0.77,14.76,37.46
2018-08-05,Coimbatore,11.0168,76.9558,Humid,23.31,27.13,20.81,86.99,3.19,2.13,17.58,37.47
2018-08-06,Coimbatore,11.0168,76.9558,Humid,23.51,27.94,20.43,85.06,4.07,3.82,16.84,37.48
2018-08-07,Coimbatore,11.0168,76.9558,Humid,23.42,27.82,20.39,85.37,4.12,5.86,12.54,37.48
2018-08-08,Coimbatore,11.0168,76.9558,Humid,22.79,25.31,21.0,88.81,4.15,25.05,9.2,37.49
2018-08-09,Coimbatore,11.0168,76.9558,Humid,22.96,26.58,20.81,88.42,3.57,18.0,11.81,37.49
2018-08-10,Coimbatore,11.0168,76.9558,Humid,23.16,26.63,20.92,89.21,3.1,6.26,11.74,37.49
2018-08-11,Coimbatore,11.0168,76.9558,Humid,22.87,25.99,20.76,88.73,3.5,2.45,9.76,37.49
2018-08-12,Coimbatore,11.0168,76.9558,Humid,21.98,24.83,19.3,88.57,3.78,11.72,9.11,37.49
2018-08-13,Coimbatore,11.0168,76.9558,Humid,22.84,26.28,19.53,88.06,3.87,14.12,10.88,37.5
2018-08-14,Coimbatore,11.0168,76.9558,Humid,23.35,26.58,20.93,87.77,4.99,18.43,6.75,37.5
2018-08-15,Coimbatore,11.0168,76.9558,Humid,22.86,24.42,21.57,92.96,5.14,39.95,9.65,37.49
2018-08-16,Coimbatore,11.0168,76.9558,Humid,23.03,25.57,21.17,89.2,5.45,25.63,7.25,37.49
2018-08-17,Coimbatore,11.0168,76.9558,Humid,23.4,25.89,21.88,89.44,5.04,10.99,10.83,37.49
2018-08-18,Coimbatore,11.0168,76.9558,Humid,23.02,25.34,21.33,90.06,4.47,3.27,12.47,37.48
2018-08-19,Coimbatore,11.0168,76.9558,Humid,22.84,26.19,20.86,89.41,3.85,1.65,11.68,37.48
2018-08-20,Coimbatore,11.0168,76.9558,Humid,22.99,27.02,20.69,88.54,3.82,1.1,13.89,37.47
2018-08-21,Coimbatore,11.0168,76.9558,Humid,23.06,27.19,20.48,86.71,3.45,1.02,18.37,37.46
2018-08-22,Coimbatore,11.0168,76.9558,Humid,22.81,26.47,20.05,86.6,2.7,0.49,15.49,37.46
2018-08-23,Coimbatore,11.0168,76.9558,Humid,23.31,27.96,20.16,86.64,2.52,0.36,16.5,37.45
2018-08-24,Coimbatore,11.0168,76.9558,Humid,23.25,27.56,19.92,86.65,2.3,2.91,17.17,37.43
2018-08-25,Coimbatore,11.0168,76.9558,Humid,23.84,28.87,20.1,85.93,2.32,0.68,17.39,37.42
2018-08-26,Coimbatore,11.0168,76.9558,Humid,23.46,28.19,20.17,84.93,2.68,0.15,15.91,37.41
2018-08-27,Coimbatore,11.0168,76.9558,Humid,23.18,27.34,19.83,85.99,2.7,3.88,10.8,37.39
2018-08-28,Coimbatore,11.0168,76.9558,Humid,23.17,28.1,19.14,86.65,2.81,4.38,15.7,37.38
2018-08-29,Coimbatore,11.0168,76.9558,Humid,23.57,28.27,19.96,86.21,2.63,1.03,16.64,37.36
2018-08-30,Coimbatore,11.0168,76.9558,Humid,23.3,27.46,20.53,87.72,2.47,3.39,16.93,37.34
2018-08-31,Coimbatore,11.0168,76.9558,Humid,23.37,27.62,20.48,88.61,2.41,6.77,17.49,37.32
2018-09-01,Coimbatore,11.0168,76.9558,Humid,23.33,27.12,20.83,88.08,2.1,0.9,18.79,37.29
2018-09-02,Coimbatore,11.0168,76.9558,Humid,23.73,28.72,19.96,85.84,1.96,0.01,19.0,37.27
2018-09-03,Coimbatore,11.0168,76.9558,Humid,23.74,29.55,19.65,82.77,1.87,0.0,25.04,37.24
2018-09-04,Coimbatore,11.0168,76.9558,Humid,23.82,29.71,19.54,82.54,2.0,0.0,25.58,37.22
2018-09-05,Coimbatore,11.0168,76.9558,Humid,23.57,28.84,19.75,83.53,2.37,0.0,23.54,37.19
2018-09-06,Coimbatore,11.0168,76.9558,Humid,23.57,29.24,19.67,83.65,2.84,0.0,21.67,37.16
2018-09-07,Coimbatore,11.0168,76.9558,Humid,23.31,28.91,19.03,83.08,2.88,0.01,21.74,37.12
2018-09-08,Coimbatore,11.0168,76.9558,Humid,23.82,30.0,19.08,81.74,2.41,0.01,22.94,37.09
2018-09-09,Coimbatore,11.0168,76.9558,Humid,24.06,30.61,18.9,79.43,1.72,0.12,23.43,37.06
2018-09-10,Coimbatore,11.0168,76.9558,Humid,24.13,30.73,18.97,78.49,1.11,2.99,21.62,37.02
2018-09-11,Coimbatore,11.0168,76.9558,Humid,24.7,31.11,20.21,79.63,1.45,1.7,19.44,36.98
2018-09-12,Coimbatore,11.0168,76.9558,Humid,24.86,31.9,20.2,78.26,1.5,0.97,22.88,36.94
2018-09-13,Coimbatore,11.0168,76.9558,Humid,24.7,30.85,20.02,79.13,1.56,0.73,21.0,36.9
2018-09-14,Coimbatore,11.0168,76.9558,Humid,24.33,29.87,20.2,81.15,1.62,1.0,20.97,36.86
2018-09-15,Coimbatore,11.0168,76.9558,Humid,23.61,28.37,20.93,85.18,1.38,6.87,20.75,36.81
2018-09-16,Coimbatore,11.0168,76.9558,Humid,23.53,27.47,21.37,87.69,2.01,5.74,17.51,36.77
2018-09-17,Coimbatore,11.0168,76.9558,Humid,23.46,27.33,20.9,87.2,2.33,1.04,19.03,36.72
2018-09-18,Coimbatore,11.0168,76.9558,Humid,24.12,29.21,20.95,82.56,2.97,0.2,21.59,36.67
2018-09-19,Coimbatore,11.0168,76.9558,Humid,24.14,29.37,20.53,81.58,2.78,0.82,19.0,36.62
2018-09-20,Coimbatore,11.0168,76.9558,Humid,23.83,30.11,20.2,77.88,2.83,0.34,23.19,36.56
2018-09-21,Coimbatore,11.0168,76.9558,Humid,23.64,29.9,19.92,79.65,2.63,0.21,22.96,36.51
2018-09-22,Coimbatore,11.0168,76.9558,Humid,23.69,28.81,19.6,83.15,1.72,0.68,22.2,36.45
2018-09-23,Coimbatore,11.0168,76.9558,Humid,24.4,29.17,20.39,83.37,0.83,5.93,19.09,36.4
2018-09-24,Coimbatore,11.0168,76.9558,Humid,23.86,26.97,21.51,88.34,0.69,22.76,16.03,36.33
2018-09-25,Coimbatore,11.0168,76.9558,Humid,24.18,28.9,20.56,85.45,1.08,4.63,20.81,36.27
2018-09-26,Coimbatore,11.0168,76.9558,Humid,24.94,29.71,21.52,84.36,0.66,4.76,19.44,36.21
2018-09-27,Coimbatore,11.0168,76.9558,Humid,25.48,30.45,21.13,82.35,0.68,21.17,18.46,36.15
2018-09-28,Coimbatore,11.0168,76.9558,Humid,24.05,27.26,21.94,88.66,1.21,15.22,19.06,36.08
2018-09-29,Coimbatore,11.0168,76.9558,Humid,24.71,28.7,21.79,85.24,1.27,10.95,17.3,36.01
2018-09-30,Coimbatore,11.0168,76.9558,Humid,25.23,29.5,21.67,84.28,0.97,10.06,19.03,35.94
2018-10-01,Coimbatore,11.0168,76.9558,Humid,25.16,29.28,21.49,83.79,1.19,8.77,20.27,35.87
2018-10-02,Coimbatore,11.0168,76.9558,Humid,24.86,28.67,21.67,85.61,1.3,3.31,19.1,35.8
2018-10-03,Coimbatore,11.0168,76.9558,Humid,24.62,28.92,21.77,85.49,1.33,11.5,19.27,35.72
2018-10-04,Coimbatore,11.0168,76.9558,Humid,23.43,27.31,21.01,87.65,1.91,13.03,13.37,35.65
2018-10-05,Coimbatore,11.0168,76.9558,Humid,23.44,26.89,20.62,90.72,2.29,13.17,14.08,35.57
2018-10-06,Coimbatore,11.0168,76.9558,Humid,23.98,27.82,21.74,88.16,2.38,14.43,16.5,35.49
2018-10-07,Coimbatore,11.0168,76.9558,Humid,24.47,28.27,21.18,85.43,1.22,5.53,20.24,35.41
2018-10-08,Coimbatore,11.0168,76.9558,Humid,23.74,26.65,21.75,90.43,0.96,22.07,15.5,35.33
2018-10-09,Coimbatore,11.0168,76.9558,Humid,23.86,28.92,20.22,85.63,0.82,6.72,14.86,35.25
2018-10-10,Coimbatore,11.0168,76.9558,Humid,23.4,26.96,20.82,89.01,1.63,0.14,19.54,35.17
2018-10-11,Coimbatore,11.0168,76.9558,Humid,24.67,30.69,19.02,80.04,0.87,0.39,20.43,35.09
2018-10-12,Coimbatore,11.0168,76.9558,Humid,24.84,30.02,20.85,84.22,0.86,0.3,20.72,35.0
2018-10-13,Coimbatore,11.0168,76.9558,Humid,24.57,28.69,21.27,86.47,1.08,2.62,18.04,34.92
2018-10-14,Coimbatore,11.0168,76.9558,Humid,24.01,27.77,21.66,90.14,1.3,17.27,13.27,34.83
2018-10-15,Coimbatore,11.0168,76.9558,Humid,23.93,27.48,21.33,89.7,0.65,5.13,16.56,34.74
2018-10-16,Coimbatore,11.0168,76.9558,Humid,23.77,27.41,21.52,90.37,0.82,13.2,13.42,34.65
2018-10-17,Coimbatore,11.0168,76.9558,Humid,22.21,24.66,20.28,91.07,1.15,2.85,17.33,34.56
2018-10-18,Coimbatore,11.0168,76.9558,Humid,23.95,28.74,18.96,79.3,0.59,3.78,19.05,34.47
2018-10-19,Coimbatore,11.0168,76.9558,Humid,23.9,27.82,20.24,86.53,1.1,7.42,15.46,34.38
2018-10-20,Coimbatore,11.0168,76.9558,Humid,23.62,27.27,20.92,88.43,0.79,9.5,12.07,34.28
2018-10-21,Coimbatore,11.0168,76.9558,Humid,23.94,28.29,20.4,85.41,0.88,1.66,18.95,34.19
2018-10-22,Coimbatore,11.0168,76.9558,Humid,24.0,28.17,20.56,81.72,1.07,1.51,19.07,34.1
2018-10-23,Coimbatore,11.0168,76.9558,Humid,23.73,28.26,19.17,71.19,1.04,0.86,21.12,34.0
2018-10-24,Coimbatore,11.0168,76.9558,Humid,23.38,28.26,18.09,67.84,1.31,0.02,23.25,33.91
2018-10-25,Coimbatore,11.0168,76.9558,Humid,22.89,28.31,18.6,77.19,1.72,0.04,21.18,33.81
2018-10-26,Coimbatore,11.0168,76.9558,Humid,23.01,28.63,18.44,80.9,1.93,0.0,21.53,33.72
2018-10-27,Coimbatore,11.0168,76.9558,Humid,23.67,28.68,18.66,75.01,1.4,0.0,22.36,33.62
2018-10-28,Coimbatore,11.0168,76.9558,Humid,23.64,29.08,18.31,68.62,1.29,0.0,23.2,33.52
2018-10-29,Coimbatore,11.0168,76.9558,Humid,23.36,27.81,19.41,68.42,0.77,0.0,22.71,33.43
2018-10-30,Coimbatore,11.0168,76.9558,Humid,22.92,29.57,17.25,76.72,0.9,0.0,23.39,33.33
2018-10-31,Coimbatore,11.0168,76.9558,Humid,24.13,29.28,19.73,80.31,0.79,1.38,20.48,33.23
2018-11-01,Coimbatore,11.0168,76.9558,Humid,23.96,27.73,21.85,87.33,1.07,6.03,11.5,33.14
2018-11-02,Coimbatore,11.0168,76.9558,Humid,23.42,27.3,21.16,89.29,1.91,4.68,14.26,33.04
2018-11-03,Coimbatore,11.0168,76.9558,Humid,23.44,27.44,20.53,88.57,1.93,9.16,14.02,32.94
2018-11-04,Coimbatore,11.0168,76.9558,Humid,23.94,28.55,20.94,83.15,2.03,2.25,19.05,32.85
2018-11-05,Coimbatore,11.0168,76.9558,Humid,24.0,29.05,20.45,83.45,1.62,2.3,20.3,32.75
2018-11-06,Coimbatore,11.0168,76.9558,Humid,23.57,28.91,19.18,81.71,1.6,0.16,18.85,32.65
2018-11-07,Coimbatore,11.0168,76.9558,Humid,23.53,28.34,19.66,75.14,1.36,0.01,20.51,32.56
2018-11-08,Coimbatore,11.0168,76.9558,Humid,23.23,28.78,17.69,71.82,1.23,0.07,19.09,32.47
2018-11-09,Coimbatore,11.0168,76.9558,Humid,23.85,28.71,20.7,81.6,1.43,1.17,18.99,32.37
2018-11-10,Coimbatore,11.0168,76.9558,Humid,23.8,29.48,19.05,76.49,1.3,0.02,21.43,32.28
2018-11-11,Coimbatore,11.0168,76.9558,Humid,23.75,29.51,19.1,74.4,0.98,0.15,20.07,32.19
2018-11-12,Coimbatore,11.0168,76.9558,Humid,23.56,29.63,18.97,76.81,0.62,0.02,19.74,32.1
2018-11-13,Coimbatore,11.0168,76.9558,Humid,23.36,30.1,18.58,76.77,0.84,0.01,19.69,32.01
2018-11-14,Coimbatore,11.0168,76.9558,Humid,22.97,30.18,17.08,71.34,0.81,0.0,22.9,31.92
2018-11-15,Coimbatore,11.0168,76.9558,Humid,24.26,31.02,17.83,69.81,0.65,4.68,22.16,31.84
2018-11-16,Coimbatore,11.0168,76.9558,Humid,23.18,26.74,21.11,89.02,2.09,33.22,9.79,31.75
2018-11-17,Coimbatore,11.0168,76.9558,Humid,24.03,28.9,19.97,79.84,1.34,0.09,16.52,31.67
2018-11-18,Coimbatore,11.0168,76.9558,Humid,23.68,27.88,20.36,86.79,1.27,4.65,15.12,31.58
2018-11-19,Coimbatore,11.0168,76.9558,Humid,24.02,28.78,20.33,85.03,1.34,5.2,16.26,31.5
2018-11-20,Coimbatore,11.0168,76.9558,Humid,23.82,28.72,20.22,82.48,1.43,1.72,18.55,31.42
2018-11-21,Coimbatore,11.0168,76.9558,Humid,22.55,26.57,18.75,83.91,1.22,1.5,18.02,31.34
2018-11-22,Coimbatore,11.0168,76.9558,Humid,22.43,26.3,19.45,86.94,1.94,4.41,7.9,31.27
2018-11-23,Coimbatore,11.0168,76.9558,Humid,23.13,27.03,20.58,87.47,2.18,5.82,13.98,31.19
2018-11-24,Coimbatore,11.0168,76.9558,Humid,23.46,28.34,19.84,85.09,1.34,3.91,14.34,31.12
2018-11-25,Coimbatore,11.0168,76.9558,Humid,23.47,28.93,18.92,83.96,1.3,0.21,14.74,31.05
2018-11-26,Coimbatore,11.0168,76.9558,Humid,22.94,28.44,18.59,81.74,1.68,0.0,16.8,30.98
2018-11-27,Coimbatore,11.0168,76.9558,Humid,21.01,27.38,16.71,78.15,1.85,0.0,19.54,30.91
2018-11-28,Coimbatore,11.0168,76.9558,Humid,21.54,28.08,15.51,81.25,1.79,0.04,21.11,30.85
2018-11-29,Coimbatore,11.0168,76.9558,Humid,22.78,27.72,18.98,86.92,2.12,4.47,11.69,30.78
2018-11-30,Coimbatore,11.0168,76.9558,Humid,23.31,28.62,19.48,83.8,2.03,0.82,14.14,30.72
2018-12-01,Coimbatore,11.0168,76.9558,Humid,23.08,28.37,19.67,81.44,1.81,0.5,16.61,30.66
2018-12-02,Coimbatore,11.0168,76.9558,Humid,22.55,28.5,17.85,77.41,1.62,0.0,18.87,30.61
2018-12-03,Coimbatore,11.0168,76.9558,Humid,22.76,29.05,17.68,79.15,1.62,0.01,16.31,30.56
2018-12-04,Coimbatore,11.0168,76.9558,Humid,23.11,27.66,19.7,86.81,1.59,5.12,12.26,30.51
2018-12-05,Coimbatore,11.0168,76.9558,Humid,24.07,29.49,20.09,81.23,1.5,0.56,14.35,30.46
2018-12-06,Coimbatore,11.0168,76.9558,Humid,23.88,28.19,20.87,81.95,1.51,0.5,15.71,30.41
2018-12-07,Coimbatore,11.0168,76.9558,Humid,23.85,29.57,19.44,79.18,1.86,0.04,15.81,30.37
2018-12-08,Coimbatore,11.0168,76.9558,Humid,23.52,29.41,19.19,78.46,1.99,0.0,17.5,30.33
2018-12-09,Coimbatore,11.0168,76.9558,Humid,23.43,29.93,18.69,75.88,1.74,0.0,18.85,30.29
2018-12-10,Coimbatore,11.0168,76.9558,Humid,23.84,29.93,18.84,74.49,1.14,0.0,15.53,30.26
2018-12-11,Coimbatore,11.0168,76.9558,Humid,23.49,29.83,18.14,72.82,0.98,0.0,15.54,30.23
2018-12-12,Coimbatore,11.0168,76.9558,Humid,23.64,30.07,18.08,73.58,0.9,0.0,14.22,30.2
2018-12-13,Coimbatore,11.0168,76.9558,Humid,24.17,29.97,19.34,75.12,0.83,0.0,14.47,30.18
2018-12-14,Coimbatore,11.0168,76.9558,Humid,23.48,30.05,18.07,69.89,1.39,0.0,16.75,30.16
2018-12-15,Coimbatore,11.0168,76.9558,Humid,23.55,30.7,17.69,70.65,1.48,0.0,19.13,30.14
2018-12-16,Coimbatore,11.0168,76.9558,Humid,23.35,29.89,17.88,64.44,0.89,0.0,17.73,30.13
2018-12-17,Coimbatore,11.0168,76.9558,Humid,23.27,31.19,17.31,74.02,1.38,0.0,17.39,30.11
2018-12-18,Coimbatore,11.0168,76.9558,Humid,23.44,31.29,17.0,68.17,0.77,0.0,20.61,30.11
2018-12-19,Coimbatore,11.0168,76.9558,Humid,22.99,28.97,18.63,76.78,1.5,0.01,15.91,30.1
2018-12-20,Coimbatore,11.0168,76.9558,Humid,22.97,29.28,17.55,72.09,1.41,0.0,16.68,30.1
2018-12-21,Coimbatore,11.0168,76.9558,Humid,23.66,31.0,17.03,69.2,0.91,0.0,15.45,30.1
2018-12-22,Coimbatore,11.0168,76.9558,Humid,22.53,27.42,18.61,75.44,1.55,0.05,15.31,30.1
2018-12-23,Coimbatore,11.0168,76.9558,Humid,22.99,28.06,19.18,81.48,2.07,1.61,15.04,30.11
2018-12-24,Coimbatore,11.0168,76.9558,Humid,23.85,29.64,20.21,80.66,1.8,0.68,14.37,30.12
2018-12-25,Coimbatore,11.0168,76.9558,Humid,24.08,30.44,19.39,73.08,1.75,0.14,16.66,30.13
2018-12-26,Coimbatore,11.0168,76.9558,Humid,24.25,31.59,18.48,69.69,1.28,0.01,18.82,30.15
2018-12-27,Coimbatore,11.0168,76.9558,Humid,24.21,31.15,18.3,70.99,0.94,0.01,14.44,30.17
2018-12-28,Coimbatore,11.0168,76.9558,Humid,24.07,29.53,19.57,75.74,0.86,0.58,14.81,30.19
2018-12-29,Coimbatore,11.0168,76.9558,Humid,23.67,29.43,19.85,76.85,1.99,0.57,11.44,30.21
2018-12-30,Coimbatore,11.0168,76.9558,Humid,22.63,29.36,18.92,68.32,2.55,0.03,14.34,30.24
2018-12-31,Coimbatore,11.0168,76.9558,Humid,22.16,29.38,17.51,71.72,2.14,0.01,19.13,30.27
2019-01-01,Coimbatore,11.0168,76.9558,Humid,20.37,29.42,14.16,63.57,2.01,0.0,21.85,30.31
2019-01-02,Coimbatore,11.0168,76.9558,Humid,19.84,28.95,13.26,64.52,2.2,0.0,22.27,30.34
2019-01-03,Coimbatore,11.0168,76.9558,Humid,20.33,29.47,14.26,65.91,2.19,0.0,21.36,30.39
2019-01-04,Coimbatore,11.0168,76.9558,Humid,20.31,29.46,13.57,64.99,2.34,0.0,22.08,30.43
2019-01-05,Coimbatore,11.0168,76.9558,Humid,20.27,29.67,12.46,67.04,1.96,0.0,22.06,30.48
2019-01-06,Coimbatore,11.0168,76.9558,Humid,20.83,29.87,14.53,68.13,1.74,0.0,21.03,30.53
2019-01-07,Coimbatore,11.0168,76.9558,Humid,21.42,30.4,14.44,67.0,1.7,0.0,21.85,30.58
2019-01-08,Coimbatore,11.0168,76.9558,Humid,22.04,31.59,15.79,62.59,1.76,0.0,21.53,30.63
2019-01-09,Coimbatore,11.0168,76.9558,Humid,21.27,31.2,14.43,60.49,1.79,0.0,22.06,30.69
2019-01-10,Coimbatore,11.0168,76.9558,Humid,21.25,31.33,14.14,61.81,1.8,0.0,21.65,30.75
2019-01-11,Coimbatore,11.0168,76.9558,Humid,21.85,31.64,15.13,64.53,1.56,0.0,21.72,30.81
2019-01-12,Coimbatore,11.0168,76.9558,Humid,21.86,31.27,14.82,64.05,1.89,0.0,19.3,30.88
2019-01-13,Coimbatore,11.0168,76.9558,Humid,21.73,31.17,14.52,58.39,1.73,0.0,20.88,30.95
2019-01-14,Coimbatore,11.0168,76.9558,Humid,22.17,30.78,16.3,66.4,1.79,0.0,20.85,31.02
2019-01-15,Coimbatore,11.0168,76.9558,Humid,22.09,32.06,14.95,56.38,1.8,0.03,19.02,31.09
2019-01-16,Coimbatore,11.0168,76.9558,Humid,21.51,31.86,13.92,55.18,1.98,0.0,22.34,31.17
2019-01-17,Coimbatore,11.0168,76.9558,Humid,21.71,31.2,14.91,61.17,2.03,0.0,19.95,31.24
2019-01-18,Coimbatore,11.0168,76.9558,Humid,21.58,30.8,14.65,59.46,1.91,0.0,20.2,31.32
2019-01-19,Coimbatore,11.0168,76.9558,Humid,21.78,31.14,15.21,56.03,1.85,0.0,22.14,31.4
2019-01-20,Coimbatore,11.0168,76.9558,Humid,21.63,31.62,14.79,52.79,2.07,0.0,19.39,31.49
2019-01-21,Coimbatore,11.0168,76.9558,Humid,21.62,31.65,13.64,51.06,1.72,0.0,20.69,31.57
2019-01-22,Coimbatore,11.0168,76.9558,Humid,22.34,31.93,14.47,51.94,1.32,0.0,21.44,31.66
2019-01-23,Coimbatore,11.0168,76.9558,Humid,23.13,32.29,15.74,52.62,1.25,0.0,21.05,31.75
2019-01-24,Coimbatore,11.0168,76.9558,Humid,24.51,32.81,17.26,56.85,0.93,0.0,20.91,31.84
2019-01-25,Coimbatore,11.0168,76.9558,Humid,25.14,32.4,18.98,61.74,1.04,0.0,16.09,31.93
2019-01-26,Coimbatore,11.0168,76.9558,Humid,26.17,33.49,20.43,61.5,0.82,0.0,15.94,32.02
2019-01-27,Coimbatore,11.0168,76.9558,Humid,26.38,33.53,20.62,60.41,1.12,0.0,17.52,32.12
2019-01-28,Coimbatore,11.0168,76.9558,Humid,26.3,33.6,20.56,58.28,1.05,0.0,18.13,32.21
2019-01-29,Coimbatore,11.0168,76.9558,Humid,25.52,32.32,20.0,55.47,2.03,0.02,19.23,32.31
2019-01-30,Coimbatore,11.0168,76.9558,Humid,24.9,32.32,19.39,54.64,2.39,0.05,19.15,32.41
2019-01-31,Coimbatore,11.0168,76.9558,Humid,24.55,32.14,18.38,57.18,2.41,0.0,19.99,32.5
2019-02-01,Coimbatore,11.0168,76.9558,Humid,24.41,31.74,18.46,56.31,1.93,0.0,18.7,32.6
2019-02-02,Coimbatore,11.0168,76.9558,Humid,25.25,33.0,18.69,55.67,1.5,0.0,20.31,32.7
2019-02-03,Coimbatore,11.0168,76.9558,Humid,25.73,34.07,18.84,53.32,2.0,0.0,21.7,32.8
2019-02-04,Coimbatore,11.0168,76.9558,Humid,25.9,33.91,19.45,55.01,2.54,0.0,22.94,32.91
2019-02-05,Coimbatore,11.0168,76.9558,Humid,25.65,31.83,20.58,58.9,2.45,0.02,17.37,33.01
2019-02-06,Coimbatore,11.0168,76.9558,Humid,26.03,33.9,19.29,53.16,2.02,0.04,18.84,33.11
2019-02-07,Coimbatore,11.0168,76.9558,Humid,26.8,35.02,19.2,52.58,1.23,0.1,18.14,33.21
2019-02-08,Coimbatore,11.0168,76.9558,Humid,27.58,34.95,21.1,55.42,0.88,0.0,20.33,33.32
2019-02-09,Coimbatore,11.0168,76.9558,Humid,27.44,34.28,22.06,61.53,0.84,1.95,18.2,33.42
2019-02-10,Coimbatore,11.0168,76.9558,Humid,26.59,32.85,22.02,66.8,0.85,3.48,17.56,33.53
2019-02-11,Coimbatore,11.0168,76.9558,Humid,26.43,33.84,21.01,58.48,2.95,0.21,20.06,33.63
2019-02-12,Coimbatore,11.0168,76.9558,Humid,25.76,33.74,19.95,56.28,3.4,0.0,23.65,33.74
2019-02-13,Coimbatore,11.0168,76.9558,Humid,25.61,34.4,18.4,52.22,2.84,0.0,24.13,33.84
2019-02-14,Coimbatore,11.0168,76.9558,Humid,26.44,34.78,18.28,57.22,2.23,0.0,24.36,33.95
2019-02-15,Coimbatore,11.0168,76.9558,Humid,27.9,35.32,21.48,55.26,1.38,0.04,21.23,34.05
2019-02-16,Coimbatore,11.0168,76.9558,Humid,28.73,36.49,21.51,53.34,1.18,0.04,20.07,34.16
2019-02-17,Coimbatore,11.0168,76.9558,Humid,28.65,37.69,21.76,51.33,1.8,0.01,23.39,34.26
2019-02-18,Coimbatore,11.0168,76.9558,Humid,28.39,37.85,19.5,44.03,0.97,0.0,24.77,34.36
2019-02-19,Coimbatore,11.0168,76.9558,Humid,28.17,35.58,21.21,53.04,1.5,2.07,21.54,34.47
2019-02-20,Coimbatore,11.0168,76.9558,Humid,27.61,35.22,21.56,53.63,2.71,0.83,23.51,34.57
2019-02-21,Coimbatore,11.0168,76.9558,Humid,26.65,34.72,20.04,49.35,2.56,0.0,25.28,34.67
2019-02-22,Coimbatore,11.0168,76.9558,Humid,25.47,35.26,17.61,44.93,2.65,0.0,26.07,34.77
2019-02-23,Coimbatore,11.0168,76.9558,Humid,25.71,35.43,16.53,39.47,2.53,0.0,26.46,34.87
2019-02-24,Coimbatore,11.0168,76.9558,Humid,26.2,35.95,16.87,40.81,2.15,0.0,26.05,34.97
2019-02-25,Coimbatore,11.0168,76.9558,Humid,27.31,37.35,18.7,37.08,1.38,0.0,25.96,35.06
2019-02-26,Coimbatore,11.0168,76.9558,Humid,28.1,37.55,19.5,49.4,1.12,0.0,24.93,35.16
2019-02-27,Coimbatore,11.0168,76.9558,Humid,28.22,36.39,21.97,56.83,2.32,0.0,22.07,35.25
2019-02-28,Coimbatore,11.0168,76.9558,Humid,28.25,36.28,21.48,53.2,1.65,0.1,23.14,35.35
2019-03-01,Coimbatore,11.0168,76.9558,Humid,29.14,37.59,20.88,52.21,1.01,2.0,24.64,35.44
2019-03-02,Coimbatore,11.0168,76.9558,Humid,28.29,35.8,22.7,58.92,1.66,6.75,18.28,35.53
2019-03-03,Coimbatore,11.0168,76.9558,Humid,28.34,35.75,21.92,55.83,1.34,0.08,20.05,35.62
2019-03-04,Coimbatore,11.0168,76.9558,Humid,28.52,36.58,21.71,53.82,1.22,0.0,21.1,35.71
2019-03-05,Coimbatore,11.0168,76.9558,Humid,29.08,37.84,21.47,55.45,1.32,0.0,21.05,35.8
2019-03-06,Coimbatore,11.0168,76.9558,Humid,29.04,37.47,22.5,55.97,1.91,0.54,23.3,35.88
2019-03-07,Coimbatore,11.0168,76.9558,Humid,29.45,39.13,22.91,54.61,1.88,0.33,25.8,35.97
2019-03-08,Coimbatore,11.0168,76.9558,Humid,28.66,37.34,22.22,58.65,2.31,0.01,24.39,36.05
2019-03-09,Coimbatore,11.0168,76.9558,Humid,28.3,35.35,22.56,59.13,1.2,1.66,21.44,36.13
2019-03-10,Coimbatore,11.0168,76.9558,Humid,28.92,36.32,23.46,59.0,1.01,1.77,21.18,36.21
2019-03-11,Coimbatore,11.0168,76.9558,Humid,29.17,37.03,23.09,51.07,1.38,0.0,22.75,36.29
2019-03-12,Coimbatore,11.0168,76.9558,Humid,28.24,36.28,21.52,42.15,1.94,0.0,25.88,36.37
2019-03-13,Coimbatore,11.0168,76.9558,Humid,27.6,36.23,19.43,35.85,2.19,0.0,24.98,36.45
2019-03-14,Coimbatore,11.0168,76.9558,Humid,27.76,36.96,19.33,34.3,2.31,0.0,26.4,36.52
2019-03-15,Coimbatore,11.0168,76.9558,Humid,27.97,36.53,20.48,31.81,2.18,0.0,26.14,36.59
2019-03-16,Coimbatore,11.0168,76.9558,Humid,27.76,36.46,19.43,38.46,1.87,0.0,26.52,36.66
2019-03-17,Coimbatore,11.0168,76.9558,Humid,28.13,36.95,20.08,39.44,1.51,0.0,26.77,36.73
2019-03-18,Coimbatore,11.0168,76.9558,Humid,28.77,37.47,20.91,48.32,1.15,0.06,25.94,36.8
2019-03-19,Coimbatore,11.0168,76.9558,Humid,29.06,36.5,22.34,53.02,1.0,0.14,23.81,36.86
2019-03-20,Coimbatore,11.0168,76.9558,Humid,29.5,36.68,23.28,51.49,0.89,0.0,21.44,36.92
2019-03-21,Coimbatore,11.0168,76.9558,Humid,29.47,37.98,22.98,45.23,1.32,0.0,24.12,36.99
2019-03-22,Coimbatore,11.0168,76.9558,Humid,29.32,37.92,21.95,44.63,1.36,0.0,24.75,37.04
2019-03-23,Coimbatore,11.0168,76.9558,Humid,29.96,38.59,22.64,45.45,0.89,0.0,24.66,37.1
2019-03-24,Coimbatore,11.0168,76.9558,Humid,30.46,39.26,22.83,44.27,1.49,0.0,24.72,37.16
2019-03-25,Coimbatore,11.0168,76.9558,Humid,30.26,38.5,23.38,39.65,1.95,0.0,26.24,37.21
2019-03-26,Coimbatore,11.0168,76.9558,Humid,30.13,37.96,23.85,40.04,1.9,0.01,26.05,37.26
2019-03-27,Coimbatore,11.0168,76.9558,Humid,29.39,37.7,22.76,35.94,1.44,0.05,24.89,37.31
2019-03-28,Coimbatore,11.0168,76.9558,Humid,30.06,39.07,22.34,42.01,1.76,0.0,26.89,37.36
2019-03-29,Coimbatore,11.0168,76.9558,Humid,30.44,39.31,22.87,47.59,1.26,0.0,23.5,37.4
2019-03-30,Coimbatore,11.0168,76.9558,Humid,30.46,39.27,23.43,48.26,1.52,0.0,23.05,37.44
2019-03-31,Coimbatore,11.0168,76.9558,Humid,30.48,39.63,23.0,49.7,1.36,0.0,25.75,37.49
2019-04-01,Coimbatore,11.0168,76.9558,Humid,30.41,40.01,22.21,49.9,1.62,0.0,25.75,37.52
2019-04-02,Coimbatore,11.0168,76.9558,Humid,30.82,39.38,22.9,47.9,1.38,0.0,23.06,37.56
2019-04-03,Coimbatore,11.0168,76.9558,Humid,31.06,39.35,24.13,43.17,1.62,0.0,23.33,37.6
2019-04-04,Coimbatore,11.0168,76.9558,Humid,30.25,38.19,23.63,43.27,1.19,0.0,25.7,37.63
2019-04-05,Coimbatore,11.0168,76.9558,Humid,30.52,38.7,23.58,47.12,1.31,0.04,24.97,37.67
2019-04-06,Coimbatore,11.0168,76.9558,Humid,30.66,39.16,23.46,44.13,1.31,0.06,25.19,37.7
2019-04-07,Coimbatore,11.0168,76.9558,Humid,31.0,39.55,23.38,44.37,1.0,0.0,24.31,37.73
2019-04-08,Coimbatore,11.0168,76.9558,Humid,31.14,39.62,24.13,47.35,1.39,0.13,22.13,37.75
2019-04-09,Coimbatore,11.0168,76.9558,Humid,30.94,38.3,24.89,52.89,1.44,0.45,22.03,37.78
2019-04-10,Coimbatore,11.0168,76.9558,Humid,31.4,39.28,24.89,47.04,1.54,0.11,24.36,37.8
2019-04-11,Coimbatore,11.0168,76.9558,Humid,31.04,38.89,24.73,46.16,1.32,0.0,22.94,37.82
2019-04-12,Coimbatore,11.0168,76.9558,Humid,31.58,40.03,24.45,41.36,1.26,0.0,25.82,37.83
2019-04-13,Coimbatore,11.0168,76.9558,Humid,31.21,39.41,24.38,40.55,1.65,0.0,25.46,37.85
2019-04-14,Coimbatore,11.0168,76.9558,Humid,31.1,39.01,23.96,36.4,1.81,0.0,26.22,37.87
2019-04-15,Coimbatore,11.0168,76.9558,Humid,30.24,38.17,24.15,45.82,0.96,0.0,25.51,37.89
2019-04-16,Coimbatore,11.0168,76.9558,Humid,30.65,39.02,23.8,53.86,1.54,1.79,26.23,37.9
2019-04-17,Coimbatore,11.0168,76.9558,Humid,28.17,33.46,24.91,69.13,1.05,8.26,20.19,37.92
2019-04-18,Coimbatore,11.0168,76.9558,Humid,28.96,36.06,23.84,66.65,1.24,5.85,21.72,37.93
2019-04-19,Coimbatore,11.0168,76.9558,Humid,28.11,34.54,23.88,71.95,1.27,8.96,21.54,37.94
2019-04-20,Coimbatore,11.0168,76.9558,Humid,27.32,33.13,23.22,76.22,1.15,16.22,22.3,37.94
2019-04-21,Coimbatore,11.0168,76.9558,Humid,27.61,34.13,23.56,71.25,1.28,8.89,21.58,37.95
2019-04-22,Coimbatore,11.0168,76.9558,Humid,28.74,36.69,22.23,66.6,0.89,9.75,20.63,37.95
2019-04-23,Coimbatore,11.0168,76.9558,Humid,28.4,34.59,23.04,68.2,1.1,13.79,22.59,37.96
2019-04-24,Coimbatore,11.0168,76.9558,Humid,28.68,35.37,23.6,63.17,0.92,0.43,21.64,37.96
2019-04-25,Coimbatore,11.0168,76.9558,Humid,28.74,35.92,22.82,62.36,0.88,0.75,21.92,37.96
2019-04-26,Coimbatore,11.0168,76.9558,Humid,29.07,36.31,23.01,64.34,1.17,0.77,22.08,37.95
2019-04-27,Coimbatore,11.0168,76.9558,Humid,30.01,37.91,23.6,61.67,1.28,0.02,21.83,37.95
2019-04-28,Coimbatore,11.0168,76.9558,Humid,29.78,36.57,24.05,61.03,1.1,0.0,19.91,37.95
2019-04-29,Coimbatore,11.0168,76.9558,Humid,27.86,33.26,24.55,71.9,1.83,0.5,19.34,37.94
2019-04-30,Coimbatore,11.0168,76.9558,Humid,26.83,32.06,23.54,74.8,3.02,0.84,19.53,37.94
2019-05-01,Coimbatore,11.0168,76.9558,Humid,27.04,33.62,23.18,72.89,3.48,2.13,15.58,37.93
2019-05-02,Coimbatore,11.0168,76.9558,Humid,27.07,34.24,22.84,69.79,3.12,0.29,22.19,37.92
2019-05-03,Coimbatore,11.0168,76.9558,Humid,27.31,34.81,22.22,65.6,3.16,0.0,24.17,37.91
2019-05-04,Coimbatore,11.0168,76.9558,Humid,27.72,35.65,22.55,64.03,2.59,0.0,23.55,37.9
2019-05-05,Coimbatore,11.0168,76.9558,Humid,28.46,36.79,21.87,65.06,1.65,0.0,22.96,37.89
2019-05-06,Coimbatore,11.0168,76.9558,Humid,29.42,38.02,23.26,64.75,1.73,0.22,22.87,37.88
2019-05-07,Coimbatore,11.0168,76.9558,Humid,27.57,33.47,24.08,73.06,2.85,1.11,19.02,37.87
2019-05-08,Coimbatore,11.0168,76.9558,Humid,26.05,30.7,23.14,74.52,2.6,1.9,17.23,37.86
2019-05-09,Coimbatore,11.0168,76.9558,Humid,27.51,34.96,22.79,68.56,2.09,2.01,21.33,37.84
2019-05-10,Coimbatore,11.0168,76.9558,Humid,28.85,37.85,21.53,65.12,1.63,1.33,24.42,37.83
2019-05-11,Coimbatore,11.0168,76.9558,Humid,28.36,34.84,23.92,70.19,1.89,1.03,19.41,37.81
2019-05-12,Coimbatore,11.0168,76.9558,Humid,28.16,34.98,23.59,71.05,1.92,0.98,20.01,37.8
2019-05-13,Coimbatore,11.0168,76.9558,Humid,28.35,35.37,23.35,67.91,2.09,0.2,18.43,37.78
2019-05-14,Coimbatore,11.0168,76.9558,Humid,28.1,35.02,23.97,69.46,2.11,0.96,19.92,37.77
2019-05-15,Coimbatore,11.0168,76.9558,Humid,27.28,33.12,23.85,76.56,1.8,8.62,18.69,37.76
2019-05-16,Coimbatore,11.0168,76.9558,Humid,28.18,35.18,23.75,71.31,1.7,1.83,22.72,37.74
2019-05-17,Coimbatore,11.0168,76.9558,Humid,27.62,32.62,23.74,73.6,1.61,1.23,19.71,37.72
2019-05-18,Coimbatore,11.0168,76.9558,Humid,28.09,34.26,23.09,70.52,1.09,0.16,24.15,37.7
2019-05-19,Coimbatore,11.0168,76.9558,Humid,28.86,36.03,23.92,68.81,1.51,0.02,24.3,37.69
2019-05-20,Coimbatore,11.0168,76.9558,Humid,29.71,37.3,23.97,63.66,1.22,0.0,23.09,37.67
2019-05-21,Coimbatore,11.0168,76.9558,Humid,28.47,35.05,24.07,69.04,1.87,0.44,22.97,37.65
2019-05-22,Coimbatore,11.0168,76.9558,Humid,29.75,37.14,23.47,62.85,1.26,0.21,23.12,37.63
2019-05-23,Coimbatore,11.0168,76.9558,Humid,28.35,34.07,24.39,70.7,2.22,0.16,20.0,37.61
2019-05-24,Coimbatore,11.0168,76.9558,Humid,27.54,31.96,24.61,75.34,2.12,0.92,19.94,37.59
2019-05-25,Coimbatore,11.0168,76.9558,Humid,26.71,31.22,23.97,77.86,2.89,2.91,22.53,37.57
2019-05-26,Coimbatore,11.0168,76.9558,Humid,27.22,32.64,23.27,76.6,2.62,1.0,22.57,37.56
2019-05-27,Coimbatore,11.0168,76.9558,Humid,28.8,35.32,23.5,69.39,1.68,0.33,25.07,37.54
2019-05-28,Coimbatore,11.0168,76.9558,Humid,28.6,35.16,23.89,70.2,1.93,10.51,22.46,37.52
2019-05-29,Coimbatore,11.0168,76.9558,Humid,27.06,31.31,23.94,79.73,1.68,10.06,21.82,37.5
2019-05-30,Coimbatore,11.0168,76.9558,Humid,27.09,32.15,23.46,74.19,1.87,3.14,20.55,37.48
2019-05-31,Coimbatore,11.0168,76.9558,Humid,25.93,30.67,22.8,76.23,2.05,4.73,18.72,37.47
2019-06-01,Coimbatore,11.0168,76.9558,Humid,27.43,34.81,22.06,72.57,2.35,0.84,20.97,37.45
2019-06-02,Coimbatore,11.0168,76.9558,Humid,27.15,32.86,23.93,77.11,2.79,4.47,18.08,37.44
2019-06-03,Coimbatore,11.0168,76.9558,Humid,26.13,30.43,23.7,80.61,2.26,0.94,17.3,37.42
2019-06-04,Coimbatore,11.0168,76.9558,Humid,26.3,31.48,22.89,79.06,2.83,10.61,19.62,37.41
2019-06-05,Coimbatore,11.0168,76.9558,Humid,26.42,33.15,22.38,78.36,1.42,16.98,18.06,37.39
2019-06-06,Coimbatore,11.0168,76.9558,Humid,27.09,32.38,23.1,79.0,1.31,4.55,21.27,37.38
2019-06-07,Coimbatore,11.0168,76.9558,Humid,26.47,30.17,23.67,81.73,2.51,0.8,19.42,37.36
2019-06-08,Coimbatore,11.0168,76.9558,Humid,26.81,32.86,22.95,76.39,2.65,0.71,18.88,37.35
2019-06-09,Coimbatore,11.0168,76.9558,Humid,25.84,31.23,22.34,77.27,3.02,4.33,18.49,37.34
2019-06-10,Coimbatore,11.0168,76.9558,Humid,25.48,30.59,22.1,79.98,3.42,5.86,11.92,37.32
2019-06-11,Coimbatore,11.0168,76.9558,Humid,25.82,30.56,22.69,79.93,4.23,6.54,13.67,37.31
2019-06-12,Coimbatore,11.0168,76.9558,Humid,26.03,30.53,23.24,80.35,4.27,2.58,12.81,37.3
2019-06-13,Coimbatore,11.0168,76.9558,Humid,25.82,30.2,23.09,80.95,4.1,2.25,14.77,37.29
2019-06-14,Coimbatore,11.0168,76.9558,Humid,25.19,30.23,21.23,78.01,3.51,5.33,15.63,37.28
2019-06-15,Coimbatore,11.0168,76.9558,Humid,25.7,32.04,20.83,77.26,2.95,2.61,19.94,37.27
2019-06-16,Coimbatore,11.0168,76.9558,Humid,26.65,31.93,23.24,78.61,3.0,0.48,21.33,37.26
2019-06-17,Coimbatore,11.0168,76.9558,Humid,26.53,31.69,23.3,78.04,3.24,0.39,19.21,37.25
2019-06-18,Coimbatore,11.0168,76.9558,Humid,26.48,32.55,23.21,77.3,3.19,1.77,17.83,37.24
2019-06-19,Coimbatore,11.0168,76.9558,Humid,25.76,30.33,22.46,82.61,3.28,3.5,20.05,37.23
2019-06-20,Coimbatore,11.0168,76.9558,Humid,25.54,30.63,21.84,77.65,3.38,2.38,19.87,37.23
2019-06-21,Coimbatore,11.0168,76.9558,Humid,24.98,29.79,21.51,79.29,3.06,7.64,14.3,37.22
2019-06-22,Coimbatore,11.0168,76.9558,Humid,24.47,27.74,22.4,85.29,3.7,7.88,15.0,37.22
2019-06-23,Coimbatore,11.0168,76.9558,Humid,24.95,29.73,21.56,80.5,3.5,4.59,14.8,37.21
2019-06-24,Coimbatore,11.0168,76.9558,Humid,26.08,32.28,22.26,78.11,3.18,3.16,17.46,37.21
2019-06-25,Coimbatore,11.0168,76.9558,Humid,25.7,30.67,22.36,81.87,2.76,2.74,18.71,37.2
2019-06-26,Coimbatore,11.0168,76.9558,Humid,25.33,28.97,22.79,82.58,2.44,0.73,18.58,37.21
2019-06-27,Coimbatore,11.0168,76.9558,Humid,26.07,31.56,22.48,78.64,3.42,0.04,19.24,37.2
2019-06-28,Coimbatore,11.0168,76.9558,Humid,26.08,31.98,22.35,76.09,3.74,0.05,21.07,37.2
2019-06-29,Coimbatore,11.0168,76.9558,Humid,25.94,30.55,22.44,76.7,3.76,0.07,20.93,37.2
2019-06-30,Coimbatore,11.0168,76.9558,Humid,25.53,29.5,22.96,78.01,3.8,0.06,16.57,37.21
2019-07-01,Coimbatore,11.0168,76.9558,Humid,26.41,31.75,22.84,76.54,3.6,0.08,19.19,37.21
2019-07-02,Coimbatore,11.0168,76.9558,Humid,25.05,28.25,22.87,84.13,3.61,4.46,16.9,37.21
2019-07-03,Coimbatore,11.0168,76.9558,Humid,25.27,29.08,22.96,83.57,3.61,2.95,17.37,37.21
2019-07-04,Coimbatore,11.0168,76.9558,Humid,25.08,28.44,23.16,85.53,3.44,8.14,15.32,37.22
2019-07-05,Coimbatore,11.0168,76.9558,Humid,24.99,28.69,22.95,83.67,3.82,5.3,13.79,37.22
2019-07-06,Coimbatore,11.0168,76.9558,Humid,25.02,28.71,23.01,83.84,3.98,6.06,12.67,37.22
2019-07-07,Coimbatore,11.0168,76.9558,Humid,25.35,29.57,22.82,82.36,3.61,3.82,17.36,37.23
2019-07-08,Coimbatore,11.0168,76.9558,Humid,25.41,29.26,22.94,83.44,3.37,3.63,16.71,37.23
2019-07-09,Coimbatore,11.0168,76.9558,Humid,24.55,28.98,21.73,84.49,3.01,5.91,15.07,37.24
2019-07-10,Coimbatore,11.0168,76.9558,Humid,24.27,28.63,20.88,78.32,3.47,3.7,13.88,37.25
2019-07-11,Coimbatore,11.0168,76.9558,Humid,25.04,31.79,21.09,74.64,2.49,3.08,15.09,37.25
2019-07-12,Coimbatore,11.0168,76.9558,Humid,24.81,31.0,20.38,75.78,1.9,0.55,18.12,37.26
2019-07-13,Coimbatore,11.0168,76.9558,Humid,25.31,30.99,21.01,79.39,2.22,4.18,16.61,37.27
2019-07-14,Coimbatore,11.0168,76.9558,Humid,24.85,28.61,22.16,83.74,2.52,6.05,18.02,37.28
2019-07-15,Coimbatore,11.0168,76.9558,Humid,24.22,28.73,21.19,79.87,2.82,5.09,18.83,37.29
2019-07-16,Coimbatore,11.0168,76.9558,Humid,24.23,29.65,20.59,79.35,3.13,3.81,16.08,37.3
2019-07-17,Coimbatore,11.0168,76.9558,Humid,24.2,29.16,20.81,80.18,2.85,2.55,15.91,37.3
2019-07-18,Coimbatore,11.0168,76.9558,Humid,23.85,28.13,21.19,81.68,2.78,10.3,15.47,37.31
2019-07-19,Coimbatore,11.0168,76.9558,Humid,23.62,27.29,21.13,85.46,3.65,13.68,11.93,37.32
2019-07-20,Coimbatore,11.0168,76.9558,Humid,23.63,27.46,21.0,85.33,4.0,8.95,14.06,37.33
2019-07-21,Coimbatore,11.0168,76.9558,Humid,24.13,27.51,22.23,84.66,4.5,6.31,14.18,37.34
2019-07-22,Coimbatore,11.0168,76.9558,Humid,23.66,27.0,21.46,85.73,3.92,8.2,9.93,37.35
2019-07-23,Coimbatore,11.0168,76.9558,Humid,23.82,28.98,20.24,80.47,3.78,3.46,13.06,37.36
2019-07-24,Coimbatore,11.0168,76.9558,Humid,24.38,29.85,20.75,82.94,2.91,7.76,14.75,37.37
2019-07-25,Coimbatore,11.0168,76.9558,Humid,24.01,29.06,21.23,83.09,2.9,4.91,16.02,37.38
2019-07-26,Coimbatore,11.0168,76.9558,Humid,23.79,28.12,21.07,83.43,2.9,2.36,10.28,37.39
2019-07-27,Coimbatore,11.0168,76.9558,Humid,24.43,29.43,21.14,81.58,2.63,0.01,16.25,37.4
2019-07-28,Coimbatore,11.0168,76.9558,Humid,24.36,29.21,21.33,81.85,3.19,0.65,17.99,37.41
2019-07-29,Coimbatore,11.0168,76.9558,Humid,24.41,29.23,21.51,82.94,3.27,0.7,15.81,37.41
2019-07-30,Coimbatore,11.0168,76.9558,Humid,24.41,29.26,21.37,79.1,2.94,0.15,14.24,37.42
2019-07-31,Coimbatore,11.0168,76.9558,Humid,24.78,29.87,21.16,78.0,2.61,0.06,19.12,37.43
2019-08-01,Coimbatore,11.0168,76.9558,Humid,25.11,30.32,21.65,81.45,3.1,1.03,19.48,37.44
2019-08-02,Coimbatore,11.0168,76.9558,Humid,24.3,28.16,22.21,85.19,3.37,2.9,13.9,37.44
2019-08-03,Coimbatore,11.0168,76.9558,Humid,24.31,27.91,22.26,85.61,3.29,1.28,14.85,37.45
2019-08-04,Coimbatore,11.0168,76.9558,Humid,24.07,27.4,21.64,85.79,3.46,7.21,13.47,37.46
2019-08-05,Coimbatore,11.0168,76.9558,Humid,23.69,27.17,21.65,84.45,3.89,8.18,13.41,37.46
2019-08-06,Coimbatore,11.0168,76.9558,Humid,23.92,26.85,21.76,84.57,4.37,16.32,7.64,37.47
2019-08-07,Coimbatore,11.0168,76.9558,Humid,23.65,26.44,22.07,87.78,4.68,17.85,9.43,37.48
2019-08-08,Coimbatore,11.0168,76.9558,Humid,23.92,26.35,22.42,89.29,5.23,50.65,2.25,37.48
2019-08-09,Coimbatore,11.0168,76.9558,Humid,23.63,26.14,21.96,89.43,4.77,44.38,4.67,37.48
2019-08-10,Coimbatore,11.0168,76.9558,Humid,23.26,26.38,21.11,86.73,4.15,14.08,9.4,37.49
2019-08-11,Coimbatore,11.0168,76.9558,Humid,23.29,27.46,20.62,85.66,3.68,4.52,14.1,37.49
2019-08-12,Coimbatore,11.0168,76.9558,Humid,23.59,27.55,20.81,84.5,3.78,2.66,14.37,37.49
2019-08-13,Coimbatore,11.0168,76.9558,Humid,23.83,27.19,21.2,86.04,3.26,8.46,14.74,37.49
2019-08-14,Coimbatore,11.0168,76.9558,Humid,23.68,26.5,21.5,89.64,3.52,7.02,12.31,37.49
2019-08-15,Coimbatore,11.0168,76.9558,Humid,23.55,27.59,20.98,87.81,2.57,1.51,15.56,37.49
2019-08-16,Coimbatore,11.0168,76.9558,Humid,23.37,27.34,20.74,86.0,2.65,8.91,12.78,37.49
2019-08-17,Coimbatore,11.0168,76.9558,Humid,23.04,26.37,20.91,89.0,2.52,4.55,12.17,37.49
2019-08-18,Coimbatore,11.0168,76.9558,Humid,22.95,25.9,21.11,90.68,2.01,7.2,12.48,37.48
2019-08-19,Coimbatore,11.0168,76.9558,Humid,23.73,28.03,20.8,87.83,2.01,7.6,17.03,37.48
2019-08-20,Coimbatore,11.0168,76.9558,Humid,23.93,27.89,21.52,88.51,2.3,7.48,14.55,37.47
2019-08-21,Coimbatore,11.0168,76.9558,Humid,23.31,26.65,21.23,89.46,2.59,7.99,15.45,37.46
2019-08-22,Coimbatore,11.0168,76.9558,Humid,22.71,26.33,20.63,89.56,3.17,9.27,13.51,37.45
2019-08-23,Coimbatore,11.0168,76.9558,Humid,22.34,25.71,20.38,87.71,3.46,4.19,14.92,37.44
2019-08-24,Coimbatore,11.0168,76.9558,Humid,22.71,26.67,20.17,88.13,3.2,2.58,16.26,37.43
2019-08-25,Coimbatore,11.0168,76.9558,Humid,22.75,26.33,20.71,87.14,3.21,4.03,13.95,37.42
2019-08-26,Coimbatore,11.0168,76.9558,Humid,23.27,27.18,20.67,87.55,3.36,6.87,14.05,37.41
2019-08-27,Coimbatore,11.0168,76.9558,Humid,23.14,26.93,20.63,87.78,3.46,4.68,16.66,37.39
2019-08-28,Coimbatore,11.0168,76.9558,Humid,23.46,27.33,20.85,86.53,3.11,3.19,15.27,37.37
2019-08-29,Coimbatore,11.0168,76.9558,Humid,23.22,25.88,21.55,89.58,3.22,14.49,16.18,37.36
2019-08-30,Coimbatore,11.0168,76.9558,Humid,23.08,26.12,20.89,86.94,3.42,1.09,16.94,37.34
2019-08-31,Coimbatore,11.0168,76.9558,Humid,23.3,25.69,21.5,90.08,3.22,3.01,13.05,37.31
2019-09-01,Coimbatore,11.0168,76.9558,Humid,23.43,26.21,21.5,91.36,2.54,5.02,12.07,37.29
2019-09-02,Coimbatore,11.0168,76.9558,Humid,23.46,26.4,21.33,90.96,2.45,8.36,11.18,37.27
2019-09-03,Coimbatore,11.0168,76.9558,Humid,23.64,27.58,21.01,87.93,3.08,4.55,11.78,37.24
2019-09-04,Coimbatore,11.0168,76.9558,Humid,23.48,26.72,21.51,88.85,3.2,3.99,13.43,37.22
2019-09-05,Coimbatore,11.0168,76.9558,Humid,23.59,26.59,21.78,88.81,3.48,3.94,13.19,37.19
2019-09-06,Coimbatore,11.0168,76.9558,Humid,23.96,27.23,21.85,89.27,3.33,5.63,15.62,37.16
2019-09-07,Coimbatore,11.0168,76.9558,Humid,23.95,27.68,21.5,88.22,3.35,3.5,16.35,37.13
2019-09-08,Coimbatore,11.0168,76.9558,Humid,23.28,26.77,20.05,88.07,3.31,8.42,14.41,37.1
2019-09-09,Coimbatore,11.0168,76.9558,Humid,23.13,27.01,20.01,88.62,2.62,2.96,14.84,37.06
2019-09-10,Coimbatore,11.0168,76.9558,Humid,24.27,28.32,21.42,88.72,2.35,3.99,16.07,37.03
2019-09-11,Coimbatore,11.0168,76.9558,Humid,24.16,27.23,22.04,90.78,2.27,15.57,15.41,36.99
2019-09-12,Coimbatore,11.0168,76.9558,Humid,23.8,26.56,21.77,90.47,1.97,6.0,17.65,36.95
2019-09-13,Coimbatore,11.0168,76.9558,Humid,23.31,26.61,21.18,90.5,2.04,14.26,17.86,36.91
2019-09-14,Coimbatore,11.0168,76.9558,Humid,23.79,28.25,20.69,87.59,1.9,2.53,19.66,36.87
2019-09-15,Coimbatore,11.0168,76.9558,Humid,23.65,28.08,20.2,87.92,1.6,8.48,17.13,36.82
2019-09-16,Coimbatore,11.0168,76.9558,Humid,24.21,28.51,21.55,87.69,2.21,10.67,16.87,36.78
2019-09-17,Coimbatore,11.0168,76.9558,Humid,23.83,28.21,19.74,86.8,2.17,13.03,17.32,36.73
2019-09-18,Coimbatore,11.0168,76.9558,Humid,23.9,28.23,21.06,87.25,2.22,7.31,16.92,36.68
2019-09-19,Coimbatore,11.0168,76.9558,Humid,23.05,26.14,20.97,89.42,2.34,4.89,15.93,36.63
2019-09-20,Coimbatore,11.0168,76.9558,Humid,23.4,27.94,19.7,86.04,1.68,0.72,16.59,36.57
2019-09-21,Coimbatore,11.0168,76.9558,Humid,24.19,28.87,20.82,86.58,1.85,0.97,20.5,36.52
2019-09-22,Coimbatore,11.0168,76.9558,Humid,23.96,27.2,21.33,89.46,1.19,9.88,17.24,36.46
2019-09-23,Coimbatore,11.0168,76.9558,Humid,24.05,27.76,21.28,89.28,1.57,14.99,18.73,36.4
2019-09-24,Coimbatore,11.0168,76.9558,Humid,24.14,27.87,21.47,88.69,0.95,14.2,17.51,36.35
2019-09-25,Coimbatore,11.0168,76.9558,Humid,23.68,27.39,21.17,90.88,1.44,8.6,11.71,36.28
2019-09-26,Coimbatore,11.0168,76.9558,Humid,22.8,25.6,20.6,90.22,1.54,2.26,15.73,36.22
2019-09-27,Coimbatore,11.0168,76.9558,Humid,24.04,29.23,19.4,83.69,0.74,5.64,19.87,36.16
2019-09-28,Coimbatore,11.0168,76.9558,Humid,24.54,28.62,20.84,83.93,0.95,6.85,18.77,36.09
2019-09-29,Coimbatore,11.0168,76.9558,Humid,23.61,26.75,20.88,86.5,1.24,11.68,19.59,36.02
2019-09-30,Coimbatore,11.0168,76.9558,Humid,22.99,26.16,20.39,89.87,1.51,12.84,14.81,35.95
2019-10-01,Coimbatore,11.0168,76.9558,Humid,23.91,28.16,20.58,87.34,1.31,5.2,18.14,35.88
2019-10-02,Coimbatore,11.0168,76.9558,Humid,24.91,29.37,21.23,85.3,0.73,4.67,20.88,35.81
2019-10-03,Coimbatore,11.0168,76.9558,Humid,24.77,29.14,21.63,86.16,0.82,2.26,18.87,35.74
2019-10-04,Coimbatore,11.0168,76.9558,Humid,24.5,28.63,21.32,88.3,1.37,1.09,18.97,35.67
2019-10-05,Coimbatore,11.0168,76.9558,Humid,23.53,26.53,21.76,89.31,1.28,1.93,18.56,35.59
2019-10-06,Coimbatore,11.0168,76.9558,Humid,23.63,27.71,20.89,88.2,1.14,4.04,17.45,35.51
2019-10-07,Coimbatore,11.0168,76.9558,Humid,23.21,27.62,20.39,87.97,1.5,9.16,17.86,35.43
2019-10-08,Coimbatore,11.0168,76.9558,Humid,24.06,28.93,19.59,85.41,1.05,6.62,19.62,35.35
2019-10-09,Coimbatore,11.0168,76.9558,Humid,24.52,28.91,21.06,86.68,1.07,2.97,17.38,35.27
2019-10-10,Coimbatore,11.0168,76.9558,Humid,23.48,26.39,21.47,91.18,0.84,0.61,16.88,35.19
2019-10-11,Coimbatore,11.0168,76.9558,Humid,24.26,27.78,21.25,87.66,0.68,6.38,17.25,35.11
2019-10-12,Coimbatore,11.0168,76.9558,Humid,24.88,28.7,21.41,84.08,0.71,10.49,17.11,35.02
2019-10-13,Coimbatore,11.0168,76.9558,Humid,24.35,27.55,21.3,87.36,0.97,22.86,18.12,34.93
2019-10-14,Coimbatore,11.0168,76.9558,Humid,24.45,28.31,21.3,88.38,1.23,6.92,21.12,34.85
2019-10-15,Coimbatore,11.0168,76.9558,Humid,24.15,27.31,21.81,89.31,1.23,6.4,15.06,34.76
2019-10-16,Coimbatore,11.0168,76.9558,Humid,23.59,27.13,21.16,90.24,1.43,26.98,16.31,34.67
2019-10-17,Coimbatore,11.0168,76.9558,Humid,23.25,26.55,20.12,90.69,1.22,17.03,14.49,34.58
2019-10-18,Coimbatore,11.0168,76.9558,Humid,23.81,26.85,21.52,89.84,1.03,29.15,14.9,34.49
2019-10-19,Coimbatore,11.0168,76.9558,Humid,23.68,27.25,20.9,90.26,1.27,10.3,17.51,34.4
2019-10-20,Coimbatore,11.0168,76.9558,Humid,23.44,26.29,21.08,91.11,0.9,25.3,14.51,34.3
2019-10-21,Coimbatore,11.0168,76.9558,Humid,22.45,25.32,20.29,92.08,1.02,19.85,9.14,34.21
2019-10-22,Coimbatore,11.0168,76.9558,Humid,23.01,26.2,20.96,91.33,1.67,4.77,13.92,34.12
2019-10-23,Coimbatore,11.0168,76.9558,Humid,22.82,26.38,20.34,91.74,1.98,7.71,17.33,34.02
2019-10-24,Coimbatore,11.0168,76.9558,Humid,22.43,25.57,20.4,91.78,2.13,4.12,16.14,33.93
2019-10-25,Coimbatore,11.0168,76.9558,Humid,22.44,25.77,19.78,90.44,1.91,2.77,13.78,33.83
2019-10-26,Coimbatore,11.0168,76.9558,Humid,22.99,26.69,20.17,90.63,1.64,1.47,12.41,33.73
2019-10-27,Coimbatore,11.0168,76.9558,Humid,22.99,27.0,19.84,86.64,0.76,0.22,14.7,33.64
2019-10-28,Coimbatore,11.0168,76.9558,Humid,22.99,26.48,21.2,88.86,1.14,1.03,17.14,33.54
2019-10-29,Coimbatore,11.0168,76.9558,Humid,21.78,24.38,19.91,90.05,1.87,7.06,12.83,33.45
2019-10-30,Coimbatore,11.0168,76.9558,Humid,22.65,26.32,19.55,90.84,1.42,39.7,12.3,33.35
2019-10-31,Coimbatore,11.0168,76.9558,Humid,22.63,25.67,20.43,93.95,1.59,11.78,9.95,33.25
2019-11-01,Coimbatore,11.0168,76.9558,Humid,23.34,27.76,19.7,81.14,0.63,0.49,21.27,33.16
2019-11-02,Coimbatore,11.0168,76.9558,Humid,23.14,26.57,19.8,88.56,0.98,1.98,20.01,33.06
2019-11-03,Coimbatore,11.0168,76.9558,Humid,23.38,26.81,20.0,89.08,1.18,9.76,17.54,32.97
2019-11-04,Coimbatore,11.0168,76.9558,Humid,24.06,27.84,21.31,85.13,0.55,3.29,18.81,32.87
2019-11-05,Coimbatore,11.0168,76.9558,Humid,24.46,28.95,20.57,83.62,0.93,0.29,21.3,32.77
2019-11-06,Coimbatore,11.0168,76.9558,Humid,24.48,28.25,21.44,88.92,0.96,0.9,18.32,32.68
2019-11-07,Coimbatore,11.0168,76.9558,Humid,23.94,26.55,21.77,90.24,0.55,3.53,16.54,32.58
2019-11-08,Coimbatore,11.0168,76.9558,Humid,24.26,27.75,21.69,89.03,0.94,4.9,13.81,32.49
2019-11-09,Coimbatore,11.0168,76.9558,Humid,24.5,27.84,21.58,85.54,0.8,8.11,14.58,32.4
2019-11-10,Coimbatore,11.0168,76.9558,Humid,23.77,26.59,21.94,92.89,0.53,10.11,13.36,32.31
2019-11-11,Coimbatore,11.0168,76.9558,Humid,23.09,25.63,21.04,91.96,0.98,6.4,12.95,32.21
2019-11-12,Coimbatore,11.0168,76.9558,Humid,21.88,25.34,19.74,91.16,1.61,1.52,14.88,32.12
2019-11-13,Coimbatore,11.0168,76.9558,Humid,22.86,26.99,19.78,87.86,1.91,0.05,19.77,32.04
2019-11-14,Coimbatore,11.0168,76.9558,Humid,23.03,27.1,19.57,90.28,1.71,2.33,19.37,31.95
2019-11-15,Coimbatore,11.0168,76.9558,Humid,23.56,27.54,20.44,90.59,1.95,5.2,16.8,31.86
2019-11-16,Coimbatore,11.0168,76.9558,Humid,23.45,27.17,20.54,90.06,1.59,3.69,16.03,31.77
2019-11-17,Coimbatore,11.0168,76.9558,Humid,23.43,27.54,20.42,86.4,1.61,0.79,17.36,31.69
2019-11-18,Coimbatore,11.0168,76.9558,Humid,23.52,28.2,18.73,88.09,1.61,2.24,17.13,31.6
2019-11-19,Coimbatore,11.0168,76.9558,Humid,23.62,27.49,20.65,87.59,1.74,1.4,18.4,31.52
2019-11-20,Coimbatore,11.0168,76.9558,Humid,23.29,27.14,19.76,90.54,1.49,6.73,15.66,31.44
2019-11-21,Coimbatore,11.0168,76.9558,Humid,23.51,27.3,20.78,89.76,2.06,3.65,16.79,31.36
2019-11-22,Coimbatore,11.0168,76.9558,Humid,22.65,26.17,20.26,90.45,1.91,1.61,13.9,31.28
2019-11-23,Coimbatore,11.0168,76.9558,Humid,22.54,26.55,19.35,88.02,2.14,0.48,17.63,31.21
2019-11-24,Coimbatore,11.0168,76.9558,Humid,22.72,26.9,19.2,89.05,2.06,0.5,18.02,31.13
2019-11-25,Coimbatore,11.0168,76.9558,Humid,22.85,26.74,19.6,88.64,2.28,0.14,17.29,31.06
2019-11-26,Coimbatore,11.0168,76.9558,Humid,22.46,26.46,19.21,86.79,2.44,0.72,20.5,30.99
2019-11-27,Coimbatore,11.0168,76.9558,Humid,22.89,27.46,19.36,89.94,2.24,2.43,13.72,30.93
2019-11-28,Coimbatore,11.0168,76.9558,Humid,23.08,26.87,20.25,91.32,2.18,2.6,11.76,30.86
2019-11-29,Coimbatore,11.0168,76.9558,Humid,23.31,26.91,20.43,91.28,2.14,6.02,13.71,30.8
2019-11-30,Coimbatore,11.0168,76.9558,Humid,23.15,27.19,19.95,91.31,1.91,4.04,12.16,30.74
2019-12-01,Coimbatore,11.0168,76.9558,Humid,23.49,26.74,21.53,91.35,1.2,16.97,8.66,30.68
2019-12-02,Coimbatore,11.0168,76.9558,Humid,22.51,24.45,21.16,92.98,1.91,16.32,10.88,30.62
2019-12-03,Coimbatore,11.0168,76.9558,Humid,22.54,25.74,20.4,92.19,2.01,2.61,11.88,30.57
2019-12-04,Coimbatore,11.0168,76.9558,Humid,22.25,26.58,19.27,88.63,2.57,0.66,17.34,30.52
2019-12-05,Coimbatore,11.0168,76.9558,Humid,21.82,25.89,18.99,86.85,2.73,0.25,17.0,30.47
2019-12-06,Coimbatore,11.0168,76.9558,Humid,21.21,25.82,17.02,87.05,2.47,0.05,15.34,30.43
2019-12-07,Coimbatore,11.0168,76.9558,Humid,21.99,26.75,18.29,89.88,2.36,1.05,19.55,30.39
2019-12-08,Coimbatore,11.0168,76.9558,Humid,21.58,26.03,18.34,87.9,2.17,0.33,16.53,30.35
2019-12-09,Coimbatore,11.0168,76.9558,Humid,21.41,26.07,17.31,87.08,2.12,0.2,20.83,30.31
2019-12-10,Coimbatore,11.0168,76.9558,Humid,21.1,26.21,16.72,84.65,1.7,0.05,19.73,30.28
2019-12-11,Coimbatore,11.0168,76.9558,Humid,21.89,26.85,17.75,85.98,1.53,0.0,17.24,30.24
2019-12-12,Coimbatore,11.0168,76.9558,Humid,21.78,26.98,17.09,85.16,1.48,0.0,18.09,30.21
2019-12-13,Coimbatore,11.0168,76.9558,Humid,22.73,27.45,18.73,88.21,1.94,0.84,18.27,30.19
2019-12-14,Coimbatore,11.0168,76.9558,Humid,22.49,25.89,20.1,92.42,2.42,10.72,9.81,30.17
2019-12-15,Coimbatore,11.0168,76.9558,Humid,21.97,25.94,18.91,88.5,2.4,1.26,15.66,30.15
2019-12-16,Coimbatore,11.0168,76.9558,Humid,21.77,26.29,17.53,88.81,1.9,0.0,20.3,30.13
2019-12-17,Coimbatore,11.0168,76.9558,Humid,22.06,26.55,18.67,86.71,2.27,0.17,12.88,30.12
2019-12-18,Coimbatore,11.0168,76.9558,Humid,22.12,26.92,17.53,87.55,2.49,0.07,18.85,30.11
2019-12-19,Coimbatore,11.0168,76.9558,Humid,22.36,26.91,19.05,87.48,2.6,0.01,17.68,30.1
2019-12-20,Coimbatore,11.0168,76.9558,Humid,22.18,26.47,18.31,87.83,2.07,0.0,16.64,30.1
2019-12-21,Coimbatore,11.0168,76.9558,Humid,21.44,25.06,19.09,87.45,1.99,0.0,16.6,30.1
2019-12-22,Coimbatore,11.0168,76.9558,Humid,22.13,27.01,18.43,85.45,1.84,0.0,16.81,30.1
2019-12-23,Coimbatore,11.0168,76.9558,Humid,21.78,26.13,18.37,85.56,1.7,0.0,14.47,30.1
2019-12-24,Coimbatore,11.0168,76.9558,Humid,22.46,27.56,17.87,86.38,1.58,0.73,15.68,30.11
2019-12-25,Coimbatore,11.0168,76.9558,Humid,23.02,27.44,20.23,89.06,2.23,2.88,12.16,30.13
2019-12-26,Coimbatore,11.0168,76.9558,Humid,23.18,28.15,19.45,86.15,1.4,0.21,13.88,30.14
2019-12-27,Coimbatore,11.0168,76.9558,Humid,22.92,28.22,18.98,84.85,1.57,0.0,16.56,30.16
2019-12-28,Coimbatore,11.0168,76.9558,Humid,22.26,27.51,18.18,83.14,1.77,0.0,17.27,30.18
2019-12-29,Coimbatore,11.0168,76.9558,Humid,22.48,27.59,18.46,83.89,1.94,0.0,16.29,30.21
2019-12-30,Coimbatore,11.0168,76.9558,Humid,22.42,27.7,18.32,83.22,1.85,0.07,17.58,30.23
2019-12-31,Coimbatore,11.0168,76.9558,Humid,22.83,27.97,18.79,84.71,1.61,0.89,14.83,30.27
2020-01-01,Coimbatore,11.0168,76.9558,Humid,23.29,28.3,19.32,84.19,1.5,0.39,14.84,30.3
2020-01-02,Coimbatore,11.0168,76.9558,Humid,23.47,27.9,20.21,83.99,1.45,0.0,15.74,30.34
2020-01-03,Coimbatore,11.0168,76.9558,Humid,24.16,29.59,19.68,81.69,1.29,0.0,16.98,30.38
2020-01-04,Coimbatore,11.0168,76.9558,Humid,24.82,29.81,19.98,79.67,0.74,0.0,17.18,30.42
2020-01-05,Coimbatore,11.0168,76.9558,Humid,24.29,29.25,20.76,81.83,1.6,0.0,16.8,30.47
2020-01-06,Coimbatore,11.0168,76.9558,Humid,23.62,29.01,19.84,80.84,2.32,0.01,18.63,30.52
2020-01-07,Coimbatore,11.0168,76.9558,Humid,23.06,28.91,18.88,79.6,2.04,0.01,19.7,30.57
2020-01-08,Coimbatore,11.0168,76.9558,Humid,22.89,29.17,18.36,77.51,1.51,0.0,19.2,30.63
2020-01-09,Coimbatore,11.0168,76.9558,Humid,22.67,29.51,17.55,76.74,1.41,0.0,17.66,30.68
2020-01-10,Coimbatore,11.0168,76.9558,Humid,22.06,28.8,16.71,76.82,1.98,0.0,19.5,30.74
2020-01-11,Coimbatore,11.0168,76.9558,Humid,21.53,28.36,16.99,72.99,2.15,0.0,21.97,30.81
2020-01-12,Coimbatore,11.0168,76.9558,Humid,21.42,28.94,15.29,75.82,1.95,0.0,21.48,30.87
2020-01-13,Coimbatore,11.0168,76.9558,Humid,22.42,29.26,16.78,76.01,1.23,0.0,18.75,30.94
2020-01-14,Coimbatore,11.0168,76.9558,Humid,22.2,29.65,16.7,73.99,1.26,0.0,20.54,31.01
2020-01-15,Coimbatore,11.0168,76.9558,Humid,21.32,28.96,15.74,72.68,1.61,0.0,21.08,31.08
2020-01-16,Coimbatore,11.0168,76.9558,Humid,21.45,29.07,14.89,70.68,1.35,0.0,20.66,31.15
2020-01-17,Coimbatore,11.0168,76.9558,Humid,22.63,30.13,16.18,73.71,1.28,0.03,20.33,31.23
2020-01-18,Coimbatore,11.0168,76.9558,Humid,24.04,30.46,19.06,78.97,2.11,1.18,17.34,31.3
2020-01-19,Coimbatore,11.0168,76.9558,Humid,23.68,29.97,19.99,79.55,2.14,3.06,18.74,31.39
2020-01-20,Coimbatore,11.0168,76.9558,Humid,23.47,30.69,18.37,73.46,1.98,0.04,20.97,31.47
2020-01-21,Coimbatore,11.0168,76.9558,Humid,22.96,30.48,17.37,69.5,2.09,0.0,22.01,31.55
2020-01-22,Coimbatore,11.0168,76.9558,Humid,23.02,30.92,16.74,71.48,2.55,0.0,22.75,31.64
2020-01-23,Coimbatore,11.0168,76.9558,Humid,23.85,30.76,19.0,75.73,2.67,0.0,21.44,31.72
2020-01-24,Coimbatore,11.0168,76.9558,Humid,22.87,30.92,17.01,65.2,2.42,0.0,22.88,31.81
2020-01-25,Coimbatore,11.0168,76.9558,Humid,21.93,31.46,14.79,62.99,1.66,0.0,23.39,31.9
2020-01-26,Coimbatore,11.0168,76.9558,Humid,22.65,31.45,15.39,64.4,1.47,0.0,22.79,32.0
2020-01-27,Coimbatore,11.0168,76.9558,Humid,23.79,31.99,16.61,62.5,1.21,0.0,22.01,32.09
2020-01-28,Coimbatore,11.0168,76.9558,Humid,24.45,31.38,18.61,68.02,0.94,0.0,21.24,32.19
2020-01-29,Coimbatore,11.0168,76.9558,Humid,24.75,32.39,18.15,64.34,1.03,0.0,22.22,32.28
2020-01-30,Coimbatore,11.0168,76.9558,Humid,25.2,33.16,18.91,64.05,1.09,0.0,23.14,32.38
2020-01-31,Coimbatore,11.0168,76.9558,Humid,24.59,32.56,18.67,66.34,1.47,0.0,22.69,32.48
2020-02-01,Coimbatore,11.0168,76.9558,Humid,24.37,31.81,18.39,66.43,1.62,0.0,20.55,32.58
2020-02-02,Coimbatore,11.0168,76.9558,Humid,23.66,31.3,18.25,65.38,2.03,0.0,21.78,32.68
2020-02-03,Coimbatore,11.0168,76.9558,Humid,23.59,31.57,17.41,65.64,1.75,0.0,22.83,32.78
2020-02-04,Coimbatore,11.0168,76.9558,Humid,24.03,31.79,17.54,65.23,1.7,0.01,21.95,32.89
2020-02-05,Coimbatore,11.0168,76.9558,Humid,24.42,30.88,19.39,72.36,1.54,1.35,19.54,32.99
2020-02-06,Coimbatore,11.0168,76.9558,Humid,24.49,32.63,17.48,66.75,1.23,0.56,20.31,33.09
2020-02-07,Coimbatore,11.0168,76.9558,Humid,24.21,30.86,18.91,73.78,1.1,0.62,18.39,33.2
2020-02-08,Coimbatore,11.0168,76.9558,Humid,25.36,32.85,19.94,68.39,0.9,0.0,21.68,33.3
2020-02-09,Coimbatore,11.0168,76.9558,Humid,25.22,32.13,19.69,65.65,1.53,0.29,20.08,33.41
2020-02-10,Coimbatore,11.0168,76.9558,Humid,25.37,32.79,19.19,64.59,2.43,0.21,20.71,33.51
2020-02-11,Coimbatore,11.0168,76.9558,Humid,25.09,32.74,19.83,61.77,2.95,0.0,23.43,33.61
2020-02-12,Coimbatore,11.0168,76.9558,Humid,24.99,32.97,17.65,61.58,2.6,0.0,22.41,33.72
2020-02-13,Coimbatore,11.0168,76.9558,Humid,25.06,33.68,18.62,58.12,2.22,0.0,23.1,33.82
2020-02-14,Coimbatore,11.0168,76.9558,Humid,25.0,33.92,17.29,58.6,1.3,0.0,22.43,33.92
2020-02-15,Coimbatore,11.0168,76.9558,Humid,26.13,34.92,18.44,56.15,1.26,0.0,23.54,34.03
2020-02-16,Coimbatore,11.0168,76.9558,Humid,24.95,34.33,17.59,50.99,1.85,0.0,23.79,34.13
2020-02-17,Coimbatore,11.0168,76.9558,Humid,24.04,34.04,16.2,48.41,2.02,0.0,25.47,34.23
2020-02-18,Coimbatore,11.0168,76.9558,Humid,24.25,33.88,16.9,53.16,2.22,0.0,25.55,34.34
2020-02-19,Coimbatore,11.0168,76.9558,Humid,23.29,31.44,17.24,59.83,2.01,0.0,23.69,34.44
2020-02-20,Coimbatore,11.0168,76.9558,Humid,23.84,33.42,16.76,55.75,2.49,0.0,25.46,34.54
2020-02-21,Coimbatore,11.0168,76.9558,Humid,24.68,33.92,16.01,59.64,2.52,0.0,25.4,34.64
2020-02-22,Coimbatore,11.0168,76.9558,Humid,26.45,34.36,20.47,61.57,3.25,0.0,24.57,34.74
2020-02-23,Coimbatore,11.0168,76.9558,Humid,25.87,33.79,19.89,58.89,2.81,0.0,21.48,34.84
2020-02-24,Coimbatore,11.0168,76.9558,Humid,25.92,34.16,19.86,56.69,2.49,0.0,20.5,34.94
2020-02-25,Coimbatore,11.0168,76.9558,Humid,26.8,35.54,19.93,52.72,1.47,0.0,24.27,35.03
2020-02-26,Coimbatore,11.0168,76.9558,Humid,27.08,35.23,20.34,51.23,1.9,0.01,22.97,35.13
2020-02-27,Coimbatore,11.0168,76.9558,Humid,27.41,35.19,20.29,51.43,1.84,0.11,19.63,35.23
2020-02-28,Coimbatore,11.0168,76.9558,Humid,27.44,33.92,21.75,56.22,2.31,0.07,19.81,35.32
2020-02-29,Coimbatore,11.0168,76.9558,Humid,27.25,34.38,21.17,54.73,1.53,0.09,19.19,35.42
2020-03-01,Coimbatore,11.0168,76.9558,Humid,27.52,34.93,21.91,57.82,1.6,1.22,19.65,35.51
2020-03-02,Coimbatore,11.0168,76.9558,Humid,24.3,28.11,21.26,75.7,1.09,3.55,14.9,35.6
2020-03-03,Coimbatore,11.0168,76.9558,Humid,24.4,28.9,20.93,71.12,1.03,0.59,18.32,35.69
2020-03-04,Coimbatore,11.0168,76.9558,Humid,25.69,31.68,21.8,70.45,0.99,0.52,17.91,35.78
2020-03-05,Coimbatore,11.0168,76.9558,Humid,26.82,33.41,22.12,67.57,1.52,0.22,18.71,35.87
2020-03-06,Coimbatore,11.0168,76.9558,Humid,27.61,35.1,21.8,61.73,1.53,0.02,19.68,35.95
2020-03-07,Coimbatore,11.0168,76.9558,Humid,28.01,35.59,22.54,58.67,2.06,0.0,18.67,36.04
2020-03-08,Coimbatore,11.0168,76.9558,Humid,28.16,35.43,22.06,59.03,0.85,0.79,20.61,36.12
2020-03-09,Coimbatore,11.0168,76.9558,Humid,28.78,36.2,22.99,60.14,0.84,0.27,19.97,36.2
2020-03-10,Coimbatore,11.0168,76.9558,Humid,29.3,37.7,22.78,48.99,1.24,0.0,22.5,36.28
2020-03-11,Coimbatore,11.0168,76.9558,Humid,28.95,37.42,21.75,52.59,1.16,0.51,23.31,36.36
2020-03-12,Coimbatore,11.0168,76.9558,Humid,28.74,36.76,22.63,54.56,1.25,1.07,24.02,36.43
2020-03-13,Coimbatore,11.0168,76.9558,Humid,28.15,36.69,20.56,43.37,1.66,0.0,25.7,36.5
2020-03-14,Coimbatore,11.0168,76.9558,Humid,28.47,37.14,20.94,46.17,1.7,0.0,26.05,36.58
2020-03-15,Coimbatore,11.0168,76.9558,Humid,28.64,37.11,21.57,49.28,1.83,0.0,25.23,36.65
2020-03-16,Coimbatore,11.0168,76.9558,Humid,28.95,37.35,21.77,49.14,2.2,0.0,24.16,36.71
2020-03-17,Coimbatore,11.0168,76.9558,Humid,28.77,36.83,21.34,48.55,2.61,0.0,25.82,36.78
2020-03-18,Coimbatore,11.0168,76.9558,Humid,28.55,36.92,20.54,48.51,1.86,0.0,27.01,36.85
2020-03-19,Coimbatore,11.0168,76.9558,Humid,29.49,38.39,21.64,43.13,1.37,0.0,25.65,36.91
2020-03-20,Coimbatore,11.0168,76.9558,Humid,29.4,37.35,22.62,53.52,1.28,1.0,20.3,36.97
2020-03-21,Coimbatore,11.0168,76.9558,Humid,28.42,35.84,24.01,60.55,1.04,4.33,24.13,37.03
2020-03-22,Coimbatore,11.0168,76.9558,Humid,29.0,36.35,22.15,56.6,0.82,0.33,21.82,37.09
2020-03-23,Coimbatore,11.0168,76.9558,Humid,29.06,35.88,23.21,56.46,1.04,0.32,18.46,37.14
2020-03-24,Coimbatore,11.0168,76.9558,Humid,29.64,37.14,22.87,49.92,1.29,0.07,22.11,37.19
2020-03-25,Coimbatore,11.0168,76.9558,Humid,29.25,35.94,23.13,50.71,1.3,0.09,18.33,37.25
2020-03-26,Coimbatore,11.0168,76.9558,Humid,29.16,36.95,22.02,46.01,2.0,0.01,23.59,37.3
2020-03-27,Coimbatore,11.0168,76.9558,Humid,29.2,37.06,22.23,45.71,1.78,0.0,23.04,37.34
2020-03-28,Coimbatore,11.0168,76.9558,Humid,29.33,38.03,21.8,42.34,1.43,0.01,26.49,37.39
2020-03-29,Coimbatore,11.0168,76.9558,Humid,29.46,38.28,22.17,42.32,1.21,0.05,26.41,37.43
2020-03-30,Coimbatore,11.0168,76.9558,Humid,29.45,38.22,22.18,37.91,1.63,0.17,26.4,37.48
2020-03-31,Coimbatore,11.0168,76.9558,Humid,29.29,38.12,21.34,36.24,1.87,0.33,26.61,37.52
2020-04-01,Coimbatore,11.0168,76.9558,Humid,29.38,37.99,21.46,39.2,2.0,0.0,27.75,37.56
2020-04-02,Coimbatore,11.0168,76.9558,Humid,30.49,38.56,23.15,41.11,1.68,0.0,25.8,37.59
2020-04-03,Coimbatore,11.0168,76.9558,Humid,30.35,38.65,23.61,41.54,1.3,0.0,25.77,37.63
2020-04-04,Coimbatore,11.0168,76.9558,Humid,30.21,38.84,22.66,43.6,0.9,0.0,27.06,37.66
2020-04-05,Coimbatore,11.0168,76.9558,Humid,30.34,38.27,23.42,51.43,1.44,0.28,23.38,37.69
2020-04-06,Coimbatore,11.0168,76.9558,Humid,29.01,34.49,24.41,61.77,1.04,1.56,19.73,37.72
2020-04-07,Coimbatore,11.0168,76.9558,Humid,25.76,28.85,23.4,79.72,0.83,2.87,12.9,37.75
2020-04-08,Coimbatore,11.0168,76.9558,Humid,28.0,34.54,22.28,61.7,1.07,0.47,20.12,37.77
2020-04-09,Coimbatore,11.0168,76.9558,Humid,28.57,35.03,23.34,64.81,1.01,5.25,21.99,37.8
2020-04-10,Coimbatore,11.0168,76.9558,Humid,28.71,36.38,21.88,58.92,1.65,0.28,22.97,37.82
2020-04-11,Coimbatore,11.0168,76.9558,Humid,28.84,36.23,22.53,53.25,1.77,0.39,24.66,37.84
2020-04-12,Coimbatore,11.0168,76.9558,Humid,28.74,36.31,22.36,49.94,1.69,0.41,24.73,37.86
2020-04-13,Coimbatore,11.0168,76.9558,Humid,29.23,37.12,22.84,43.55,1.54,0.0,26.55,37.87
2020-04-14,Coimbatore,11.0168,76.9558,Humid,29.95,38.42,22.58,41.44,1.66,0.01,26.39,37.89
2020-04-15,Coimbatore,11.0168,76.9558,Humid,30.3,38.55,22.86,44.88,1.23,0.02,26.54,37.9
2020-04-16,Coimbatore,11.0168,76.9558,Humid,30.42,38.43,23.79,48.84,0.97,0.07,24.78,37.91
2020-04-17,Coimbatore,11.0168,76.9558,Humid,30.77,38.75,23.82,52.05,1.47,0.19,24.43,37.92
2020-04-18,Coimbatore,11.0168,76.9558,Humid,30.89,38.66,24.36,52.46,1.46,0.24,22.07,37.93
2020-04-19,Coimbatore,11.0168,76.9558,Humid,30.76,37.89,24.8,52.11,1.45,0.05,23.03,37.94
2020-04-20,Coimbatore,11.0168,76.9558,Humid,31.04,38.11,24.7,47.99,1.67,0.28,25.91,37.94
2020-04-21,Coimbatore,11.0168,76.9558,Humid,31.09,39.2,24.43,49.75,1.03,0.69,24.29,37.95
2020-04-22,Coimbatore,11.0168,76.9558,Humid,30.15,38.04,24.25,59.78,1.6,1.71,20.45,37.95
2020-04-23,Coimbatore,11.0168,76.9558,Humid,29.65,37.18,23.86,63.79,1.88,1.13,22.67,37.95
2020-04-24,Coimbatore,11.0168,76.9558,Humid,28.21,34.99,24.76,62.11,1.98,0.89,17.03,37.95
2020-04-25,Coimbatore,11.0168,76.9558,Humid,29.4,36.24,23.45,59.57,1.38,0.57,20.89,37.95
2020-04-26,Coimbatore,11.0168,76.9558,Humid,27.36,30.78,24.88,71.82,1.14,5.06,15.26,37.95
2020-04-27,Coimbatore,11.0168,76.9558,Humid,28.46,34.53,23.85,69.03,0.86,1.09,19.9,37.95
2020-04-28,Coimbatore,11.0168,76.9558,Humid,27.0,30.9,24.17,76.63,1.18,2.52,19.6,37.94
2020-04-29,Coimbatore,11.0168,76.9558,Humid,25.26,28.2,23.02,78.41,1.76,10.54,16.98,37.94
2020-04-30,Coimbatore,11.0168,76.9558,Humid,27.85,34.96,22.46,60.67,1.14,0.12,21.28,37.93
2020-05-01,Coimbatore,11.0168,76.9558,Humid,28.45,36.41,22.48,67.18,1.09,4.3,22.89,37.93
2020-05-02,Coimbatore,11.0168,76.9558,Humid,28.59,36.08,23.1,68.66,0.99,2.04,18.89,37.92
2020-05-03,Coimbatore,11.0168,76.9558,Humid,30.17,37.85,24.32,62.19,1.25,0.48,21.52,37.91
2020-05-04,Coimbatore,11.0168,76.9558,Humid,29.65,36.6,24.23,64.08,0.98,0.2,23.0,37.9
2020-05-05,Coimbatore,11.0168,76.9558,Humid,29.57,36.5,24.67,64.16,1.04,0.14,23.35,37.89
2020-05-06,Coimbatore,11.0168,76.9558,Humid,28.0,33.01,24.69,73.71,1.45,2.48,21.57,37.88
2020-05-07,Coimbatore,11.0168,76.9558,Humid,27.52,32.71,23.95,76.36,1.51,3.63,20.44,37.86
2020-05-08,Coimbatore,11.0168,76.9558,Humid,26.73,30.95,23.9,79.96,1.13,2.88,19.05,37.85
2020-05-09,Coimbatore,11.0168,76.9558,Humid,29.46,37.36,22.71,64.93,1.33,0.07,23.82,37.84
2020-05-10,Coimbatore,11.0168,76.9558,Humid,28.51,33.92,24.83,69.29,0.59,0.12,22.25,37.82
2020-05-11,Coimbatore,11.0168,76.9558,Humid,28.28,33.22,24.76,69.02,0.88,0.18,17.87,37.81
2020-05-12,Coimbatore,11.0168,76.9558,Humid,27.81,31.63,24.69,69.01,0.9,0.46,20.97,37.79
2020-05-13,Coimbatore,11.0168,76.9558,Humid,29.15,36.58,23.64,56.67,1.27,0.37,19.44,37.77
2020-05-14,Coimbatore,11.0168,76.9558,Humid,27.93,32.32,24.74,71.79,1.22,0.26,20.82,37.76
2020-05-15,Coimbatore,11.0168,76.9558,Humid,27.85,32.72,24.87,73.33,1.47,0.88,18.7,37.74
2020-05-16,Coimbatore,11.0168,76.9558,Humid,27.92,33.91,24.17,70.7,2.35,0.72,17.02,37.72
2020-05-17,Coimbatore,11.0168,76.9558,Humid,27.23,31.79,24.38,75.89,2.76,4.66,18.74,37.7
2020-05-18,Coimbatore,11.0168,76.9558,Humid,26.04,32.04,22.46,76.35,3.62,5.75,11.42,37.69
2020-05-19,Coimbatore,11.0168,76.9558,Humid,26.65,31.29,23.77,75.61,3.82,1.1,18.17,37.67
2020-05-20,Coimbatore,11.0168,76.9558,Humid,27.66,34.56,23.4,71.12,3.53,0.42,21.03,37.65
2020-05-21,Coimbatore,11.0168,76.9558,Humid,26.27,31.31,23.39,74.89,2.84,2.28,19.78,37.63
2020-05-22,Coimbatore,11.0168,76.9558,Humid,27.58,35.06,22.09,67.72,2.86,0.44,18.34,37.61
2020-05-23,Coimbatore,11.0168,76.9558,Humid,28.7,36.06,23.75,69.95,2.74,0.03,18.07,37.6
2020-05-24,Coimbatore,11.0168,76.9558,Humid,28.21,34.02,24.66,72.47,3.06,0.51,22.89,37.58
2020-05-25,Coimbatore,11.0168,76.9558,Humid,27.26,31.76,24.34,77.6,2.65,2.86,23.28,37.56
2020-05-26,Coimbatore,11.0168,76.9558,Humid,27.36,31.93,23.88,76.08,2.32,0.92,22.69,37.54
2020-05-27,Coimbatore,11.0168,76.9558,Humid,27.24,31.85,24.07,76.95,2.68,2.02,18.02,37.52
2020-05-28,Coimbatore,11.0168,76.9558,Humid,26.86,32.1,23.57,79.17,2.65,19.29,22.77,37.51
2020-05-29,Coimbatore,11.0168,76.9558,Humid,26.61,32.14,23.19,75.31,2.11,4.0,18.36,37.49
2020-05-30,Coimbatore,11.0168,76.9558,Humid,26.36,32.56,22.66,77.43,1.63,2.47,18.53,37.47
2020-05-31,Coimbatore,11.0168,76.9558,Humid,26.35,32.62,22.79,79.36,2.57,1.77,18.69,37.46
2020-06-01,Coimbatore,11.0168,76.9558,Humid,25.82,29.96,23.56,82.97,2.82,3.16,16.55,37.44
2020-06-02,Coimbatore,11.0168,76.9558,Humid,25.15,28.63,23.07,81.71,3.14,9.91,13.62,37.43
2020-06-03,Coimbatore,11.0168,76.9558,Humid,25.15,28.47,23.16,82.93,3.25,1.48,14.69,37.41
2020-06-04,Coimbatore,11.0168,76.9558,Humid,25.11,28.96,22.44,81.6,3.68,5.93,17.62,37.4
2020-06-05,Coimbatore,11.0168,76.9558,Humid,25.52,30.16,22.81,81.32,3.1,5.15,15.56,37.38
2020-06-06,Coimbatore,11.0168,76.9558,Humid,25.52,31.44,22.23,79.25,3.25,5.71,14.93,37.37
2020-06-07,Coimbatore,11.0168,76.9558,Humid,25.12,30.14,22.12,81.15,2.86,5.07,18.54,37.35
2020-06-08,Coimbatore,11.0168,76.9558,Humid,25.82,31.88,22.06,72.24,2.89,0.14,20.88,37.34
2020-06-09,Coimbatore,11.0168,76.9558,Humid,25.22,31.14,21.11,77.07,2.69,2.1,19.81,37.33
2020-06-10,Coimbatore,11.0168,76.9558,Humid,24.99,30.52,20.64,77.5,3.35,3.29,17.15,37.31
2020-06-11,Coimbatore,11.0168,76.9558,Humid,25.12,31.23,22.03,76.22,3.62,0.86,14.68,37.3
2020-06-12,Coimbatore,11.0168,76.9558,Humid,24.81,29.56,21.58,74.82,4.43,2.91,15.63,37.29
2020-06-13,Coimbatore,11.0168,76.9558,Humid,25.61,31.39,21.02,74.08,3.95,1.95,16.43,37.28
2020-06-14,Coimbatore,11.0168,76.9558,Humid,25.43,30.53,22.28,77.28,4.05,3.16,14.19,37.27
2020-06-15,Coimbatore,11.0168,76.9558,Humid,25.87,30.46,22.73,79.94,3.44,1.61,17.05,37.26
2020-06-16,Coimbatore,11.0168,76.9558,Humid,25.31,28.57,23.05,84.83,3.18,3.7,17.07,37.25
2020-06-17,Coimbatore,11.0168,76.9558,Humid,24.87,28.8,22.24,83.3,3.24,2.68,13.54,37.24
2020-06-18,Coimbatore,11.0168,76.9558,Humid,24.57,29.8,21.5,80.21,3.27,2.0,15.41,37.24
2020-06-19,Coimbatore,11.0168,76.9558,Humid,24.57,28.52,21.36,81.06,2.63,1.77,16.89,37.23
2020-06-20,Coimbatore,11.0168,76.9558,Humid,25.08,29.32,22.19,75.92,2.67,0.64,19.95,37.22
2020-06-21,Coimbatore,11.0168,76.9558,Humid,24.13,28.39,21.56,81.27,3.18,3.67,15.54,37.22
2020-06-22,Coimbatore,11.0168,76.9558,Humid,24.88,29.98,21.74,78.25,3.43,2.98,17.5,37.22
2020-06-23,Coimbatore,11.0168,76.9558,Humid,24.84,29.92,21.11,75.45,2.59,0.21,16.5,37.21
2020-06-24,Coimbatore,11.0168,76.9558,Humid,25.28,30.97,21.4,75.18,2.53,1.11,19.09,37.21
2020-06-25,Coimbatore,11.0168,76.9558,Humid,24.4,29.56,21.37,81.9,1.86,10.13,18.1,37.21
2020-06-26,Coimbatore,11.0168,76.9558,Humid,24.68,30.47,21.31,81.5,2.42,4.62,15.96,37.21
2020-06-27,Coimbatore,11.0168,76.9558,Humid,24.76,28.75,22.04,83.95,2.88,3.24,16.14,37.21
2020-06-28,Coimbatore,11.0168,76.9558,Humid,25.16,29.15,22.21,85.8,2.66,10.76,14.51,37.21
2020-06-29,Coimbatore,11.0168,76.9558,Humid,25.02,28.88,22.31,86.14,2.59,7.42,15.5,37.21
2020-06-30,Coimbatore,11.0168,76.9558,Humid,25.41,30.95,21.96,77.95,3.17,2.18,19.34,37.21
2020-07-01,Coimbatore,11.0168,76.9558,Humid,24.63,28.66,21.99,79.83,3.02,0.51,14.72,37.21
2020-07-02,Coimbatore,11.0168,76.9558,Humid,24.13,28.35,20.91,82.55,2.82,6.26,10.92,37.22
2020-07-03,Coimbatore,11.0168,76.9558,Humid,23.1,27.48,20.64,83.39,3.39,8.3,12.7,37.22
2020-07-04,Coimbatore,11.0168,76.9558,Humid,23.46,27.63,20.56,83.82,3.87,7.85,13.42,37.22
2020-07-05,Coimbatore,11.0168,76.9558,Humid,24.39,29.11,21.38,79.35,3.43,3.53,11.34,37.23
2020-07-06,Coimbatore,11.0168,76.9558,Humid,23.5,27.44,20.89,85.54,3.13,14.36,14.62,37.23
2020-07-07,Coimbatore,11.0168,76.9558,Humid,24.02,29.04,20.79,82.98,3.36,6.02,12.93,37.24
2020-07-08,Coimbatore,11.0168,76.9558,Humid,24.24,27.53,22.28,87.35,2.33,9.52,14.45,37.24
2020-07-09,Coimbatore,11.0168,76.9558,Humid,23.45,26.56,20.76,87.62,1.72,20.77,16.3,37.25
2020-07-10,Coimbatore,11.0168,76.9558,Humid,23.95,27.84,21.34,85.44,1.75,2.34,16.79,37.25
2020-07-11,Coimbatore,11.0168,76.9558,Humid,24.08,28.59,21.48,84.29,2.29,5.84,17.78,37.26
2020-07-12,Coimbatore,11.0168,76.9558,Humid,24.42,29.35,21.33,82.83,3.06,2.31,19.8,37.27
2020-07-13,Coimbatore,11.0168,76.9558,Humid,24.16,28.79,21.04,83.58,1.93,4.32,14.26,37.28
2020-07-14,Coimbatore,11.0168,76.9558,Humid,24.14,27.52,21.66,87.55,2.05,3.49,18.84,37.28
2020-07-15,Coimbatore,11.0168,76.9558,Humid,23.74,26.87,21.52,89.58,2.79,5.72,13.06,37.29
2020-07-16,Coimbatore,11.0168,76.9558,Humid,23.98,27.95,21.37,86.15,3.17,10.43,11.01,37.3
2020-07-17,Coimbatore,11.0168,76.9558,Humid,23.16,26.28,20.97,88.06,2.46,10.15,7.55,37.31
2020-07-18,Coimbatore,11.0168,76.9558,Humid,23.79,28.32,20.55,85.96,2.28,3.04,13.59,37.32
2020-07-19,Coimbatore,11.0168,76.9558,Humid,23.99,27.2,20.68,86.09,1.08,5.31,17.8,37.33
2020-07-20,Coimbatore,11.0168,76.9558,Humid,23.97,27.13,21.74,90.48,1.71,32.56,15.46,37.34
2020-07-21,Coimbatore,11.0168,76.9558,Humid,24.3,28.92,20.78,84.81,0.9,2.4,21.86,37.35
2020-07-22,Coimbatore,11.0168,76.9558,Humid,24.87,28.6,21.7,86.63,0.95,0.63,18.89,37.36
2020-07-23,Coimbatore,11.0168,76.9558,Humid,24.33,27.38,22.22,89.08,1.61,6.82,17.16,37.36
2020-07-24,Coimbatore,11.0168,76.9558,Humid,23.86,27.79,21.29,87.38,2.3,12.75,14.85,37.37
2020-07-25,Coimbatore,11.0168,76.9558,Humid,22.95,25.48,20.53,89.32,2.28,2.26,17.74,37.38
2020-07-26,Coimbatore,11.0168,76.9558,Humid,23.46,27.65,20.54,87.15,2.15,1.72,18.64,37.39
2020-07-27,Coimbatore,11.0168,76.9558,Humid,23.96,29.15,20.49,84.42,2.28,2.43,19.36,37.4
2020-07-28,Coimbatore,11.0168,76.9558,Humid,23.85,27.72,21.57,87.57,2.65,5.47,17.96,37.41
2020-07-29,Coimbatore,11.0168,76.9558,Humid,23.45,27.09,21.47,89.33,2.64,16.24,11.63,37.42
2020-07-30,Coimbatore,11.0168,76.9558,Humid,23.43,26.81,21.01,88.28,3.25,7.34,16.69,37.44
2020-07-31,Coimbatore,11.0168,76.9558,Humid,23.99,27.74,21.75,89.01,2.95,10.18,12.34,37.44
2020-08-01,Coimbatore,11.0168,76.9558,Humid,23.33,26.32,21.52,87.67,3.17,7.08,13.82,37.45
2020-08-02,Coimbatore,11.0168,76.9558,Humid,23.24,26.39,21.3,87.98,4.15,8.62,13.53,37.46
2020-08-03,Coimbatore,11.0168,76.9558,Humid,23.48,26.73,21.42,88.48,4.62,13.01,11.54,37.47
2020-08-04,Coimbatore,11.0168,76.9558,Humid,23.57,26.32,21.96,86.75,5.08,15.98,10.7,37.47
2020-08-05,Coimbatore,11.0168,76.9558,Humid,23.64,25.78,22.06,87.97,5.93,10.24,12.48,37.48
2020-08-06,Coimbatore,11.0168,76.9558,Humid,24.66,27.7,22.68,86.59,5.25,22.51,11.0,37.48
2020-08-07,Coimbatore,11.0168,76.9558,Humid,23.94,26.92,21.47,88.31,4.48,27.33,10.32,37.49
2020-08-08,Coimbatore,11.0168,76.9558,Humid,23.45,27.43,21.41,88.45,3.8,18.95,11.09,37.49
2020-08-09,Coimbatore,11.0168,76.9558,Humid,22.58,25.15,21.03,90.45,2.91,13.34,11.43,37.49
2020-08-10,Coimbatore,11.0168,76.9558,Humid,23.16,26.04,21.01,90.94,3.46,2.45,15.48,37.5
2020-08-11,Coimbatore,11.0168,76.9558,Humid,23.69,27.16,21.51,89.11,2.94,6.38,14.16,37.5
2020-08-12,Coimbatore,11.0168,76.9558,Humid,23.84,27.03,22.02,89.15,3.18,2.61,15.95,37.5
2020-08-13,Coimbatore,11.0168,76.9558,Humid,23.59,26.62,21.45,90.11,2.69,5.32,16.5,37.5
2020-08-14,Coimbatore,11.0168,76.9558,Humid,23.16,26.45,20.92,90.03,2.71,2.39,15.09,37.5
2020-08-15,Coimbatore,11.0168,76.9558,Humid,23.28,26.63,20.67,89.81,2.92,1.08,16.45,37.49
2020-08-16,Coimbatore,11.0168,76.9558,Humid,23.49,26.98,21.06,89.42,2.76,1.15,13.52,37.49
2020-08-17,Coimbatore,11.0168,76.9558,Humid,24.11,28.41,20.88,87.4,2.71,2.48,13.63,37.48
2020-08-18,Coimbatore,11.0168,76.9558,Humid,24.2,28.63,21.1,88.19,2.65,3.35,14.2,37.48
2020-08-19,Coimbatore,11.0168,76.9558,Humid,23.77,27.36,21.35,89.03,2.31,0.87,16.56,37.47
2020-08-20,Coimbatore,11.0168,76.9558,Humid,23.48,26.58,21.58,90.37,2.23,0.42,14.57,37.47
2020-08-21,Coimbatore,11.0168,76.9558,Humid,24.43,29.29,20.87,86.49,2.04,0.05,16.62,37.46
2020-08-22,Coimbatore,11.0168,76.9558,Humid,24.63,29.15,21.0,86.91,1.93,6.15,17.82,37.45
2020-08-23,Coimbatore,11.0168,76.9558,Humid,24.07,28.19,21.06,87.8,1.85,2.7,17.5,37.44
2020-08-24,Coimbatore,11.0168,76.9558,Humid,24.33,28.88,21.15,86.88,1.57,11.0,18.33,37.43
2020-08-25,Coimbatore,11.0168,76.9558,Humid,24.53,28.96,21.56,86.06,1.48,2.45,23.31,37.41
2020-08-26,Coimbatore,11.0168,76.9558,Humid,24.33,28.66,21.18,86.89,1.09,1.13,19.04,37.4
2020-08-27,Coimbatore,11.0168,76.9558,Humid,24.45,29.02,21.33,84.02,1.8,0.12,22.02,37.38
2020-08-28,Coimbatore,11.0168,76.9558,Humid,24.71,30.42,20.61,82.13,2.03,0.09,24.54,37.37
2020-08-29,Coimbatore,11.0168,76.9558,Humid,24.22,28.7,20.49,84.74,2.23,0.09,22.26,37.35
2020-08-30,Coimbatore,11.0168,76.9558,Humid,24.79,28.84,21.51,85.77,1.89,1.09,20.88,37.33
2020-08-31,Coimbatore,11.0168,76.9558,Humid,24.05,27.39,21.49,88.64,1.39,3.24,17.64,37.31
2020-09-01,Coimbatore,11.0168,76.9558,Humid,23.68,27.24,21.56,88.69,2.03,12.27,19.16,37.28
2020-09-02,Coimbatore,11.0168,76.9558,Humid,23.02,26.6,20.61,90.35,1.84,14.78,14.53,37.26
2020-09-03,Coimbatore,11.0168,76.9558,Humid,24.02,27.98,20.87,88.91,1.24,5.41,17.9,37.23
2020-09-04,Coimbatore,11.0168,76.9558,Humid,24.63,28.74,21.43,87.35,0.96,6.66,17.07,37.2
2020-09-05,Coimbatore,11.0168,76.9558,Humid,25.2,29.31,21.94,83.85,0.89,2.46,16.97,37.18
2020-09-06,Coimbatore,11.0168,76.9558,Humid,24.5,28.39,21.69,87.49,1.83,18.71,15.04,37.14
2020-09-07,Coimbatore,11.0168,76.9558,Humid,23.43,26.02,21.41,90.21,2.92,6.87,14.48,37.11
2020-09-08,Coimbatore,11.0168,76.9558,Humid,23.92,27.58,20.95,89.62,1.7,4.8,16.5,37.08
2020-09-09,Coimbatore,11.0168,76.9558,Humid,23.77,27.5,21.31,89.02,2.3,14.78,12.77,37.04
2020-09-10,Coimbatore,11.0168,76.9558,Humid,23.43,26.88,21.33,89.4,3.55,8.29,13.34,37.0
2020-09-11,Coimbatore,11.0168,76.9558,Humid,23.44,26.25,21.43,88.05,3.83,10.29,9.78,36.96
2020-09-12,Coimbatore,11.0168,76.9558,Humid,22.6,26.05,19.95,89.17,2.91,6.5,10.75,36.92
2020-09-13,Coimbatore,11.0168,76.9558,Humid,22.05,25.76,18.98,88.56,2.34,4.42,8.97,36.88
2020-09-14,Coimbatore,11.0168,76.9558,Humid,22.8,27.55,19.98,86.05,3.05,2.48,14.76,36.83
2020-09-15,Coimbatore,11.0168,76.9558,Humid,23.6,27.93,20.24,88.16,3.02,2.87,15.77,36.79
2020-09-16,Coimbatore,11.0168,76.9558,Humid,24.04,27.97,21.44,87.49,2.72,2.13,16.04,36.74
2020-09-17,Coimbatore,11.0168,76.9558,Humid,23.92,27.92,21.23,89.24,2.77,4.99,15.79,36.69
2020-09-18,Coimbatore,11.0168,76.9558,Humid,23.86,27.68,21.32,86.89,3.38,6.11,15.07,36.64
2020-09-19,Coimbatore,11.0168,76.9558,Humid,23.41,27.27,20.65,86.43,4.07,11.88,9.29,36.59
2020-09-20,Coimbatore,11.0168,76.9558,Humid,23.13,26.4,21.29,88.23,4.85,13.8,9.62,36.53
2020-09-21,Coimbatore,11.0168,76.9558,Humid,23.05,26.67,21.07,87.67,4.39,6.41,12.29,36.48
2020-09-22,Coimbatore,11.0168,76.9558,Humid,22.56,25.85,20.18,86.12,3.58,2.78,15.4,36.42
2020-09-23,Coimbatore,11.0168,76.9558,Humid,23.05,27.03,19.81,88.33,2.61,1.29,17.73,36.36
2020-09-24,Coimbatore,11.0168,76.9558,Humid,23.39,27.11,20.53,88.62,1.78,1.15,15.85,36.3
2020-09-25,Coimbatore,11.0168,76.9558,Humid,23.11,27.76,20.22,88.39,1.79,4.64,15.84,36.24
2020-09-26,Coimbatore,11.0168,76.9558,Humid,22.04,25.53,19.76,88.96,1.66,0.97,13.68,36.18
2020-09-27,Coimbatore,11.0168,76.9558,Humid,23.57,28.48,19.8,86.12,1.58,4.11,18.3,36.12
2020-09-28,Coimbatore,11.0168,76.9558,Humid,23.91,28.74,20.85,86.11,1.88,1.7,20.73,36.05
2020-09-29,Coimbatore,11.0168,76.9558,Humid,23.67,27.64,21.25,88.77,2.59,12.39,16.61,35.98
2020-09-30,Coimbatore,11.0168,76.9558,Humid,23.09,26.83,20.94,88.96,2.47,3.35,16.59,35.91
2020-10-01,Coimbatore,11.0168,76.9558,Humid,22.85,26.35,20.31,88.7,2.06,0.04,19.85,35.84
2020-10-02,Coimbatore,11.0168,76.9558,Humid,23.25,27.84,19.79,87.01,1.92,1.16,20.88,35.77
2020-10-03,Coimbatore,11.0168,76.9558,Humid,23.51,28.17,20.17,86.26,2.33,1.58,19.36,35.69
2020-10-04,Coimbatore,11.0168,76.9558,Humid,23.74,28.42,20.15,84.79,2.13,0.03,18.53,35.61
2020-10-05,Coimbatore,11.0168,76.9558,Humid,23.77,29.06,19.37,83.04,1.89,0.02,20.62,35.54
2020-10-06,Coimbatore,11.0168,76.9558,Humid,24.73,29.94,20.45,84.61,1.63,1.59,20.06,35.46
2020-10-07,Coimbatore,11.0168,76.9558,Humid,24.32,28.26,22.2,88.96,1.79,4.95,17.9,35.38
2020-10-08,Coimbatore,11.0168,76.9558,Humid,24.59,28.17,22.32,88.14,1.03,5.77,15.73,35.29
2020-10-09,Coimbatore,11.0168,76.9558,Humid,23.41,25.54,21.44,93.42,1.64,17.9,17.19,35.21
2020-10-10,Coimbatore,11.0168,76.9558,Humid,23.04,26.73,20.7,90.43,1.78,5.31,13.15,35.13
2020-10-11,Coimbatore,11.0168,76.9558,Humid,22.38,25.99,20.49,88.79,2.61,4.15,13.0,35.04
2020-10-12,Coimbatore,11.0168,76.9558,Humid,23.06,26.86,20.67,89.51,3.17,6.03,10.34,34.96
2020-10-13,Coimbatore,11.0168,76.9558,Humid,23.19,26.92,21.24,88.5,3.94,3.27,13.67,34.87
2020-10-14,Coimbatore,11.0168,76.9558,Humid,23.36,27.47,21.05,86.86,3.54,2.1,18.63,34.78
2020-10-15,Coimbatore,11.0168,76.9558,Humid,23.34,27.82,20.0,87.44,2.69,1.38,16.68,34.69
2020-10-16,Coimbatore,11.0168,76.9558,Humid,23.73,28.17,21.17,88.85,2.18,2.27,17.61,34.6
2020-10-17,Coimbatore,11.0168,76.9558,Humid,23.54,28.25,20.12,87.81,1.63,2.11,18.65,34.51
2020-10-18,Coimbatore,11.0168,76.9558,Humid,23.55,27.86,20.55,86.32,1.41,1.82,17.82,34.42
2020-10-19,Coimbatore,11.0168,76.9558,Humid,23.81,28.72,20.37,87.05,1.55,6.84,17.63,34.32
2020-10-20,Coimbatore,11.0168,76.9558,Humid,22.95,25.82,21.23,91.59,1.8,7.71,12.91,34.23
2020-10-21,Coimbatore,11.0168,76.9558,Humid,23.54,27.76,20.93,88.07,2.33,2.44,13.4,34.14
2020-10-22,Coimbatore,11.0168,76.9558,Humid,23.69,27.96,20.79,88.52,2.34,1.91,13.51,34.05
2020-10-23,Coimbatore,11.0168,76.9558,Humid,23.54,28.53,20.69,87.71,2.36,0.04,12.99,33.96
2020-10-24,Coimbatore,11.0168,76.9558,Humid,22.75,28.3,18.86,82.04,1.77,0.02,19.24,33.86
2020-10-25,Coimbatore,11.0168,76.9558,Humid,22.86,28.64,17.87,83.85,1.26,57.95,17.78,33.76
2020-10-26,Coimbatore,11.0168,76.9558,Humid,24.39,29.35,19.46,81.66,0.65,27.2,19.42,33.67
2020-10-27,Coimbatore,11.0168,76.9558,Humid,24.58,27.79,21.66,81.84,0.69,0.21,18.78,33.57
2020-10-28,Coimbatore,11.0168,76.9558,Humid,24.7,29.01,20.55,79.43,0.83,0.16,20.69,33.47
2020-10-29,Coimbatore,11.0168,76.9558,Humid,24.4,28.74,20.64,81.6,0.75,0.74,19.87,33.38
2020-10-30,Coimbatore,11.0168,76.9558,Humid,24.63,28.75,21.0,80.26,0.65,1.49,19.51,33.28
2020-10-31,Coimbatore,11.0168,76.9558,Humid,24.73,28.37,21.51,78.41,0.63,0.35,18.45,33.19
2020-11-01,Coimbatore,11.0168,76.9558,Humid,24.75,29.21,21.51,80.55,0.63,2.5,16.46,33.09
2020-11-02,Coimbatore,11.0168,76.9558,Humid,24.87,28.7,21.72,82.88,0.38,11.46,14.1,32.99
2020-11-03,Coimbatore,11.0168,76.9558,Humid,24.57,28.68,21.02,83.19,1.17,4.45,11.33,32.9
2020-11-04,Coimbatore,11.0168,76.9558,Humid,24.85,29.09,21.32,82.35,0.83,5.65,14.92,32.8
2020-11-05,Coimbatore,11.0168,76.9558,Humid,24.63,28.85,21.48,84.07,1.24,12.94,14.17,32.7
2020-11-06,Coimbatore,11.0168,76.9558,Humid,23.51,27.95,19.85,86.06,1.67,5.83,18.15,32.61
2020-11-07,Coimbatore,11.0168,76.9558,Humid,23.91,28.88,20.3,85.76,1.87,1.17,19.76,32.51
2020-11-08,Coimbatore,11.0168,76.9558,Humid,23.72,28.51,20.25,88.93,1.92,4.09,13.56,32.42
2020-11-09,Coimbatore,11.0168,76.9558,Humid,24.24,29.47,20.08,80.7,1.34,0.08,18.49,32.33
2020-11-10,Coimbatore,11.0168,76.9558,Humid,22.33,28.06,17.41,77.39,1.62,0.0,21.42,32.24
2020-11-11,Coimbatore,11.0168,76.9558,Humid,22.62,28.59,16.05,79.29,1.36,2.33,21.62,32.15
2020-11-12,Coimbatore,11.0168,76.9558,Humid,23.31,26.14,20.79,92.23,1.71,9.72,16.2,32.06
2020-11-13,Coimbatore,11.0168,76.9558,Humid,23.44,26.74,20.71,88.85,1.99,7.63,13.4,31.97
2020-11-14,Coimbatore,11.0168,76.9558,Humid,23.96,28.4,20.78,87.14,2.24,1.32,17.23,31.88
2020-11-15,Coimbatore,11.0168,76.9558,Humid,23.86,28.52,19.68,89.63,2.2,4.56,13.58,31.79
2020-11-16,Coimbatore,11.0168,76.9558,Humid,23.16,26.17,21.74,92.22,2.45,22.39,12.26,31.71
2020-11-17,Coimbatore,11.0168,76.9558,Humid,22.93,26.23,20.78,91.03,2.69,28.91,13.95,31.62
2020-11-18,Coimbatore,11.0168,76.9558,Humid,22.99,26.83,19.25,90.66,1.72,14.2,14.44,31.54
2020-11-19,Coimbatore,11.0168,76.9558,Humid,23.14,26.86,20.72,89.14,1.88,2.57,17.98,31.46
2020-11-20,Coimbatore,11.0168,76.9558,Humid,22.65,26.98,19.66,89.04,1.81,0.94,18.65,31.38
2020-11-21,Coimbatore,11.0168,76.9558,Humid,21.88,27.29,17.79,82.56,1.41,0.08,22.08,31.31
2020-11-22,Coimbatore,11.0168,76.9558,Humid,20.63,26.61,15.3,78.36,1.37,0.0,21.7,31.23
2020-11-23,Coimbatore,11.0168,76.9558,Humid,21.64,26.73,17.04,76.99,1.32,0.0,18.71,31.15
2020-11-24,Coimbatore,11.0168,76.9558,Humid,22.47,27.89,17.14,78.51,1.19,0.0,15.27,31.08
2020-11-25,Coimbatore,11.0168,76.9558,Humid,23.44,27.66,19.48,85.86,1.15,2.84,15.09,31.01
2020-11-26,Coimbatore,11.0168,76.9558,Humid,22.85,26.41,20.53,90.37,2.12,4.25,10.81,30.94
2020-11-27,Coimbatore,11.0168,76.9558,Humid,22.79,26.99,18.85,86.45,0.89,3.72,18.34,30.87
2020-11-28,Coimbatore,11.0168,76.9558,Humid,21.88,25.38,19.67,91.32,1.64,3.05,15.43,30.81
2020-11-29,Coimbatore,11.0168,76.9558,Humid,22.66,26.65,19.69,89.2,1.84,1.86,15.02,30.74
2020-11-30,Coimbatore,11.0168,76.9558,Humid,22.79,26.97,19.49,86.84,1.99,0.31,15.47,30.69
2020-12-01,Coimbatore,11.0168,76.9558,Humid,21.66,26.95,18.43,80.46,1.9,0.0,20.92,30.64
2020-12-02,Coimbatore,11.0168,76.9558,Humid,22.79,28.31,17.58,80.9,1.45,2.11,17.33,30.59
2020-12-03,Coimbatore,11.0168,76.9558,Humid,22.13,25.39,19.87,91.08,1.44,8.69,7.49,30.54
2020-12-04,Coimbatore,11.0168,76.9558,Humid,22.27,25.58,19.9,91.14,2.63,7.61,7.7,30.49
2020-12-05,Coimbatore,11.0168,76.9558,Humid,22.07,26.0,18.69,90.1,1.99,2.46,11.23,30.45
2020-12-06,Coimbatore,11.0168,76.9558,Humid,22.82,26.9,19.75,89.71,2.13,16.09,11.8,30.4
2020-12-07,Coimbatore,11.0168,76.9558,Humid,22.7,25.57,20.42,91.99,2.4,7.64,10.65,30.36
2020-12-08,Coimbatore,11.0168,76.9558,Humid,22.92,26.21,20.56,90.95,2.41,7.75,14.05,30.32
2020-12-09,Coimbatore,11.0168,76.9558,Humid,22.81,26.94,19.9,88.64,1.86,1.43,18.33,30.28
2020-12-10,Coimbatore,11.0168,76.9558,Humid,21.76,26.12,18.35,86.41,1.83,0.78,16.14,30.25
2020-12-11,Coimbatore,11.0168,76.9558,Humid,21.27,26.85,17.35,84.01,1.54,0.3,20.16,30.22
2020-12-12,Coimbatore,11.0168,76.9558,Humid,20.78,26.63,16.0,82.28,1.4,0.18,18.66,30.2
2020-12-13,Coimbatore,11.0168,76.9558,Humid,20.64,26.58,16.25,83.52,1.4,0.01,17.72,30.18
2020-12-14,Coimbatore,11.0168,76.9558,Humid,20.19,26.56,15.41,82.08,1.49,0.0,18.96,30.15
2020-12-15,Coimbatore,11.0168,76.9558,Humid,20.54,26.37,14.68,82.87,1.69,0.17,19.75,30.14
2020-12-16,Coimbatore,11.0168,76.9558,Humid,21.93,26.35,17.92,87.06,1.63,2.96,15.56,30.12
2020-12-17,Coimbatore,11.0168,76.9558,Humid,22.04,25.42,19.28,90.48,2.13,2.3,10.88,30.11
2020-12-18,Coimbatore,11.0168,76.9558,Humid,22.03,26.96,18.84,85.93,2.1,1.04,17.1,30.11
2020-12-19,Coimbatore,11.0168,76.9558,Humid,21.39,26.1,17.8,85.39,2.49,0.07,14.82,30.1
2020-12-20,Coimbatore,11.0168,76.9558,Humid,21.17,26.6,17.25,83.99,2.35,0.0,17.98,30.1
2020-12-21,Coimbatore,11.0168,76.9558,Humid,19.88,25.63,15.22,83.6,2.3,0.0,20.62,30.1
2020-12-22,Coimbatore,11.0168,76.9558,Humid,20.63,25.55,16.62,83.21,1.8,0.0,18.45,30.11
2020-12-23,Coimbatore,11.0168,76.9558,Humid,21.72,26.78,17.65,84.61,1.47,0.0,13.73,30.12
2020-12-24,Coimbatore,11.0168,76.9558,Humid,22.39,27.68,18.53,83.6,1.88,0.0,15.86,30.13
2020-12-25,Coimbatore,11.0168,76.9558,Humid,21.51,27.2,17.78,82.47,1.89,0.0,16.48,30.14
2020-12-26,Coimbatore,11.0168,76.9558,Humid,20.94,27.78,16.31,80.38,1.91,0.0,19.61,30.16
2020-12-27,Coimbatore,11.0168,76.9558,Humid,20.64,28.54,14.26,76.98,1.53,0.0,21.25,30.18
2020-12-28,Coimbatore,11.0168,76.9558,Humid,21.15,28.05,15.96,76.25,1.39,0.0,14.77,30.2
2020-12-29,Coimbatore,11.0168,76.9558,Humid,21.75,28.18,15.81,79.55,1.67,0.4,18.48,30.23
2020-12-30,Coimbatore,11.0168,76.9558,Humid,23.0,28.12,19.1,85.16,2.25,2.12,15.83,30.27
2020-12-31,Coimbatore,11.0168,76.9558,Humid,22.89,27.72,19.4,87.26,2.97,6.61,7.96,30.3
2021-01-01,Coimbatore,11.0168,76.9558,Humid,21.32,26.67,17.82,80.97,2.64,0.64,18.05,30.34
2021-01-02,Coimbatore,11.0168,76.9558,Humid,21.63,27.64,16.18,83.43,2.16,0.24,20.14,30.38
2021-01-03,Coimbatore,11.0168,76.9558,Humid,22.48,27.17,19.01,87.1,2.17,4.41,11.93,30.42
2021-01-04,Coimbatore,11.0168,76.9558,Humid,22.58,26.97,19.75,87.94,2.55,4.9,8.61,30.46
2021-01-05,Coimbatore,11.0168,76.9558,Humid,22.47,26.92,19.49,87.51,1.96,1.96,15.62,30.51
2021-01-06,Coimbatore,11.0168,76.9558,Humid,22.19,25.18,19.55,88.3,1.08,16.35,12.91,30.56
2021-01-07,Coimbatore,11.0168,76.9558,Humid,22.44,26.42,19.83,91.95,1.6,29.69,12.3,30.61
2021-01-08,Coimbatore,11.0168,76.9558,Humid,23.22,26.98,20.3,90.9,1.24,11.12,10.56,30.67
2021-01-09,Coimbatore,11.0168,76.9558,Humid,23.1,27.3,20.47,90.56,2.01,8.05,11.52,30.73
2021-01-10,Coimbatore,11.0168,76.9558,Humid,22.1,25.08,20.1,90.42,1.54,1.39,13.96,30.79
2021-01-11,Coimbatore,11.0168,76.9558,Humid,22.07,25.54,19.68,89.84,1.86,2.58,10.13,30.85
2021-01-12,Coimbatore,11.0168,76.9558,Humid,21.4,24.39,19.48,91.82,2.69,8.22,10.8,30.92
2021-01-13,Coimbatore,11.0168,76.9558,Humid,21.54,24.2,19.58,91.03,2.99,12.69,11.05,30.99
2021-01-14,Coimbatore,11.0168,76.9558,Humid,22.01,25.97,18.65,89.79,2.66,7.45,9.83,31.06
2021-01-15,Coimbatore,11.0168,76.9558,Humid,21.85,25.61,19.1,89.89,2.25,2.93,12.99,31.13
2021-01-16,Coimbatore,11.0168,76.9558,Humid,22.43,26.83,19.18,88.45,2.05,0.57,14.96,31.21
2021-01-17,Coimbatore,11.0168,76.9558,Humid,21.67,26.97,17.99,83.91,1.83,0.07,18.1,31.29
2021-01-18,Coimbatore,11.0168,76.9558,Humid,20.66,26.52,16.35,82.29,1.98,0.0,21.7,31.37
2021-01-19,Coimbatore,11.0168,76.9558,Humid,20.82,27.38,16.02,81.23,1.61,0.0,20.1,31.45
2021-01-20,Coimbatore,11.0168,76.9558,Humid,22.01,28.74,15.58,81.2,1.14,0.0,20.92,31.54
2021-01-21,Coimbatore,11.0168,76.9558,Humid,22.99,28.26,18.85,86.42,1.12,0.23,19.08,31.62
2021-01-22,Coimbatore,11.0168,76.9558,Humid,23.27,28.14,19.55,86.45,1.41,1.92,17.75,31.71
2021-01-23,Coimbatore,11.0168,76.9558,Humid,22.82,27.92,19.4,84.81,1.59,0.91,16.32,31.8
2021-01-24,Coimbatore,11.0168,76.9558,Humid,22.38,28.64,18.0,81.74,1.55,0.0,20.28,31.89
2021-01-25,Coimbatore,11.0168,76.9558,Humid,21.12,27.08,16.64,81.88,1.85,0.0,22.24,31.99
2021-01-26,Coimbatore,11.0168,76.9558,Humid,20.76,27.36,16.22,78.42,1.77,0.0,23.34,32.08
2021-01-27,Coimbatore,11.0168,76.9558,Humid,20.04,27.39,14.7,75.01,1.68,0.0,21.42,32.18
2021-01-28,Coimbatore,11.0168,76.9558,Humid,20.55,27.54,14.79,78.43,1.85,0.0,22.26,32.27
2021-01-29,Coimbatore,11.0168,76.9558,Humid,21.82,28.32,15.7,80.42,1.66,0.0,20.02,32.37
2021-01-30,Coimbatore,11.0168,76.9558,Humid,22.73,28.92,18.1,77.76,1.68,0.04,16.26,32.46
2021-01-31,Coimbatore,11.0168,76.9558,Humid,22.0,29.17,16.85,76.29,1.88,0.2,20.2,32.56
2021-02-01,Coimbatore,11.0168,76.9558,Humid,21.66,29.18,16.36,73.59,2.0,0.18,22.41,32.66
2021-02-02,Coimbatore,11.0168,76.9558,Humid,21.74,29.19,16.34,73.77,2.08,0.0,22.54,32.76
2021-02-03,Coimbatore,11.0168,76.9558,Humid,22.19,28.4,17.24,78.37,2.21,0.06,19.78,32.86
2021-02-04,Coimbatore,11.0168,76.9558,Humid,22.15,28.98,17.3,71.92,2.01,0.03,21.8,32.97
2021-02-05,Coimbatore,11.0168,76.9558,Humid,22.13,30.18,15.44,72.1,1.72,0.0,22.08,33.07
2021-02-06,Coimbatore,11.0168,76.9558,Humid,21.73,29.76,15.89,71.03,1.94,0.0,22.24,33.17
2021-02-07,Coimbatore,11.0168,76.9558,Humid,21.22,30.49,14.25,63.57,1.93,0.0,24.05,33.27
2021-02-08,Coimbatore,11.0168,76.9558,Humid,21.04,30.02,13.68,65.31,2.15,0.0,24.15,33.38
2021-02-09,Coimbatore,11.0168,76.9558,Humid,21.17,29.99,14.76,68.04,2.11,0.0,24.17,33.48
2021-02-10,Coimbatore,11.0168,76.9558,Humid,20.56,29.98,14.44,64.79,1.94,0.0,24.62,33.59
2021-02-11,Coimbatore,11.0168,76.9558,Humid,20.56,30.25,13.68,65.93,1.79,0.0,24.54,33.69
2021-02-12,Coimbatore,11.0168,76.9558,Humid,20.77,30.48,13.84,67.47,1.83,0.0,24.87,33.8
2021-02-13,Coimbatore,11.0168,76.9558,Humid,21.61,30.74,14.64,67.7,1.52,0.0,24.98,33.9
2021-02-14,Coimbatore,11.0168,76.9558,Humid,22.84,31.72,14.79,64.36,1.2,0.0,23.46,34.0
2021-02-15,Coimbatore,11.0168,76.9558,Humid,23.76,32.46,15.89,65.38,0.97,0.0,22.15,34.11
2021-02-16,Coimbatore,11.0168,76.9558,Humid,24.45,31.75,17.86,70.15,1.02,0.0,17.92,34.21
2021-02-17,Coimbatore,11.0168,76.9558,Humid,24.57,31.4,19.03,70.19,1.39,0.0,18.21,34.32
2021-02-18,Coimbatore,11.0168,76.9558,Humid,23.33,29.05,18.79,72.82,1.88,0.17,17.23,34.42
2021-02-19,Coimbatore,11.0168,76.9558,Humid,23.99,31.28,17.91,67.54,1.4,0.91,17.53,34.52
2021-02-20,Coimbatore,11.0168,76.9558,Humid,24.14,30.59,19.91,76.78,1.82,7.26,17.41,34.62
2021-02-21,Coimbatore,11.0168,76.9558,Humid,24.06,28.68,21.08,79.01,1.64,7.63,16.81,34.73
2021-02-22,Coimbatore,11.0168,76.9558,Humid,24.17,30.54,19.55,73.25,2.09,3.74,19.75,34.83
2021-02-23,Coimbatore,11.0168,76.9558,Humid,24.6,32.34,18.9,70.71,1.77,0.99,22.63,34.92
2021-02-24,Coimbatore,11.0168,76.9558,Humid,24.5,32.87,18.45,65.25,1.63,0.0,21.64,35.02
2021-02-25,Coimbatore,11.0168,76.9558,Humid,25.23,33.69,17.78,63.67,1.28,0.0,22.5,35.12
2021-02-26,Coimbatore,11.0168,76.9558,Humid,26.53,34.54,19.21,59.94,1.05,0.0,21.6,35.21
2021-02-27,Coimbatore,11.0168,76.9558,Humid,26.91,34.8,20.73,57.78,1.03,0.0,22.38,35.31
2021-02-28,Coimbatore,11.0168,76.9558,Humid,25.22,33.96,18.03,55.18,1.74,0.0,24.37,35.4
2021-03-01,Coimbatore,11.0168,76.9558,Humid,24.52,33.38,17.15,57.61,1.52,0.0,24.39,35.49
2021-03-02,Coimbatore,11.0168,76.9558,Humid,24.73,33.52,17.54,56.91,1.86,0.0,23.51,35.58
2021-03-03,Coimbatore,11.0168,76.9558,Humid,24.02,33.07,16.59,59.06,2.3,0.0,25.46,35.67
2021-03-04,Coimbatore,11.0168,76.9558,Humid,23.4,32.44,16.2,62.05,2.05,0.0,26.49,35.76
2021-03-05,Coimbatore,11.0168,76.9558,Humid,24.4,33.9,17.12,57.57,1.61,0.0,26.88,35.85
2021-03-06,Coimbatore,11.0168,76.9558,Humid,25.59,35.13,17.61,57.43,1.32,0.0,25.96,35.93
2021-03-07,Coimbatore,11.0168,76.9558,Humid,25.87,34.82,18.4,55.7,1.54,0.0,26.04,36.02
2021-03-08,Coimbatore,11.0168,76.9558,Humid,26.07,34.48,19.65,59.69,1.62,0.0,26.28,36.1
2021-03-09,Coimbatore,11.0168,76.9558,Humid,26.28,34.3,20.12,62.21,1.95,0.06,25.86,36.18
2021-03-10,Coimbatore,11.0168,76.9558,Humid,26.38,34.6,19.8,63.61,1.74,5.86,24.31,36.26
2021-03-11,Coimbatore,11.0168,76.9558,Humid,24.61,28.76,20.9,77.26,1.43,13.84,20.7,36.34
2021-03-12,Coimbatore,11.0168,76.9558,Humid,25.16,32.75,19.93,66.72,1.78,2.28,24.83,36.41
2021-03-13,Coimbatore,11.0168,76.9558,Humid,24.95,33.25,17.63,61.68,1.85,0.0,26.03,36.49
2021-03-14,Coimbatore,11.0168,76.9558,Humid,25.66,34.09,18.97,62.32,1.89,0.0,26.64,36.56
2021-03-15,Coimbatore,11.0168,76.9558,Humid,25.93,34.37,18.83,60.03,1.64,0.0,21.47,36.63
2021-03-16,Coimbatore,11.0168,76.9558,Humid,26.24,34.81,18.56,57.2,1.36,0.0,24.57,36.7
2021-03-17,Coimbatore,11.0168,76.9558,Humid,25.89,33.73,19.26,55.9,1.83,0.0,24.49,36.77
2021-03-18,Coimbatore,11.0168,76.9558,Humid,25.94,34.66,19.48,55.55,1.95,0.0,23.56,36.84
2021-03-19,Coimbatore,11.0168,76.9558,Humid,24.74,32.19,18.65,53.96,1.62,0.02,24.82,36.9
2021-03-20,Coimbatore,11.0168,76.9558,Humid,26.48,34.65,19.43,55.76,1.06,0.09,21.4,36.96
2021-03-21,Coimbatore,11.0168,76.9558,Humid,26.79,34.77,20.57,56.23,1.42,2.95,23.36,37.02
2021-03-22,Coimbatore,11.0168,76.9558,Humid,26.22,34.65,19.34,57.65,1.51,1.56,22.62,37.08
2021-03-23,Coimbatore,11.0168,76.9558,Humid,26.89,35.75,19.52,56.88,1.72,0.08,25.19,37.14
2021-03-24,Coimbatore,11.0168,76.9558,Humid,27.48,35.97,20.44,58.29,1.52,0.07,24.05,37.19
2021-03-25,Coimbatore,11.0168,76.9558,Humid,26.5,31.9,22.73,63.71,1.15,2.45,20.74,37.25
2021-03-26,Coimbatore,11.0168,76.9558,Humid,27.15,34.99,20.43,58.12,2.07,0.05,24.38,37.3
2021-03-27,Coimbatore,11.0168,76.9558,Humid,27.86,36.28,20.39,58.52,1.64,0.02,23.43,37.34
2021-03-28,Coimbatore,11.0168,76.9558,Humid,27.72,33.92,23.06,61.21,1.1,0.74,17.33,37.39
2021-03-29,Coimbatore,11.0168,76.9558,Humid,27.87,34.97,22.47,62.71,1.5,0.6,20.25,37.44
2021-03-30,Coimbatore,11.0168,76.9558,Humid,28.58,36.91,22.12,63.82,1.67,0.93,22.66,37.48
2021-03-31,Coimbatore,11.0168,76.9558,Humid,29.08,37.82,22.95,64.7,2.43,0.22,21.74,37.52
2021-04-01,Coimbatore,11.0168,76.9558,Humid,29.14,38.62,23.45,63.28,2.24,0.51,24.98,37.55
2021-04-02,Coimbatore,11.0168,76.9558,Humid,28.18,36.98,22.51,61.7,2.36,0.07,27.12,37.59
2021-04-03,Coimbatore,11.0168,76.9558,Humid,27.79,36.16,21.61,61.13,2.78,0.13,22.2,37.62
2021-04-04,Coimbatore,11.0168,76.9558,Humid,29.07,38.89,21.92,55.91,1.87,1.1,23.27,37.66
2021-04-05,Coimbatore,11.0168,76.9558,Humid,30.13,38.95,22.2,54.42,1.24,0.67,23.2,37.69
2021-04-06,Coimbatore,11.0168,76.9558,Humid,30.01,37.43,24.06,51.52,1.6,0.45,22.4,37.72
2021-04-07,Coimbatore,11.0168,76.9558,Humid,29.64,37.64,22.71,45.8,1.8,0.12,23.86,37.74
2021-04-08,Coimbatore,11.0168,76.9558,Humid,29.04,36.74,22.72,46.66,1.32,0.14,19.18,37.77
2021-04-09,Coimbatore,11.0168,76.9558,Humid,29.1,36.47,22.61,46.05,1.75,0.01,21.16,37.79
2021-04-10,Coimbatore,11.0168,76.9558,Humid,28.93,36.78,22.32,48.93,1.79,0.03,22.99,37.82
2021-04-11,Coimbatore,11.0168,76.9558,Humid,29.42,36.7,22.99,52.81,1.13,0.6,18.88,37.84
2021-04-12,Coimbatore,11.0168,76.9558,Humid,28.24,34.41,23.41,63.46,1.3,5.52,18.69,37.86
2021-04-13,Coimbatore,11.0168,76.9558,Humid,26.97,32.3,23.1,69.66,1.13,2.83,20.37,37.87
2021-04-14,Coimbatore,11.0168,76.9558,Humid,26.86,32.05,22.66,72.53,0.58,9.58,16.85,37.89
2021-04-15,Coimbatore,11.0168,76.9558,Humid,25.78,30.24,22.97,79.12,1.18,10.67,16.65,37.9
2021-04-16,Coimbatore,11.0168,76.9558,Humid,25.04,29.82,22.38,81.47,1.09,3.51,21.28,37.92
2021-04-17,Coimbatore,11.0168,76.9558,Humid,25.85,30.5,22.9,77.75,0.75,1.1,20.12,37.93
2021-04-18,Coimbatore,11.0168,76.9558,Humid,26.12,31.23,22.47,76.69,0.99,0.87,17.4,37.94
2021-04-19,Coimbatore,11.0168,76.9558,Humid,25.87,30.5,22.44,78.22,1.33,2.74,20.96,37.95
2021-04-20,Coimbatore,11.0168,76.9558,Humid,24.72,27.84,22.72,85.66,0.95,2.58,16.6,37.95
2021-04-21,Coimbatore,11.0168,76.9558,Humid,26.2,31.35,21.86,77.53,0.98,2.32,18.52,37.96
2021-04-22,Coimbatore,11.0168,76.9558,Humid,27.12,33.65,22.34,72.49,1.2,0.25,19.58,37.96
2021-04-23,Coimbatore,11.0168,76.9558,Humid,27.12,33.52,22.49,72.61,0.86,4.25,17.41,37.96
2021-04-24,Coimbatore,11.0168,76.9558,Humid,27.49,33.44,22.41,71.43,0.6,3.46,20.3,37.96
2021-04-25,Coimbatore,11.0168,76.9558,Humid,27.12,32.16,22.73,73.18,0.94,3.11,17.45,37.96
2021-04-26,Coimbatore,11.0168,76.9558,Humid,26.76,30.76,23.76,73.91,0.48,0.77,19.96,37.96
2021-04-27,Coimbatore,11.0168,76.9558,Humid,26.35,30.67,22.63,74.09,0.59,0.12,16.16,37.96
2021-04-28,Coimbatore,11.0168,76.9558,Humid,27.8,34.88,22.48,67.78,0.95,0.05,21.46,37.95
2021-04-29,Coimbatore,11.0168,76.9558,Humid,27.38,32.9,22.83,72.68,1.1,0.21,20.96,37.95
2021-04-30,Coimbatore,11.0168,76.9558,Humid,27.37,31.54,23.47,72.75,0.83,1.35,19.66,37.94
2021-05-01,Coimbatore,11.0168,76.9558,Humid,27.57,32.64,23.16,71.88,1.19,1.35,19.84,37.93
2021-05-02,Coimbatore,11.0168,76.9558,Humid,27.12,31.7,23.0,72.76,1.0,3.51,20.19,37.93
2021-05-03,Coimbatore,11.0168,76.9558,Humid,26.84,31.38,23.22,75.23,1.27,7.78,16.81,37.91
2021-05-04,Coimbatore,11.0168,76.9558,Humid,27.16,31.97,22.65,73.01,0.87,5.21,18.17,37.9
2021-05-05,Coimbatore,11.0168,76.9558,Humid,27.77,33.65,23.17,69.77,1.17,1.31,20.6,37.89
2021-05-06,Coimbatore,11.0168,76.9558,Humid,28.57,35.44,23.06,68.08,1.31,2.79,21.39,37.88
2021-05-07,Coimbatore,11.0168,76.9558,Humid,28.04,34.56,23.24,71.56,1.26,11.08,20.01,37.87
2021-05-08,Coimbatore,11.0168,76.9558,Humid,26.6,31.54,22.51,75.4,1.5,1.05,19.98,37.85
2021-05-09,Coimbatore,11.0168,76.9558,Humid,27.96,34.09,23.27,72.3,1.0,0.77,20.8,37.84
2021-05-10,Coimbatore,11.0168,76.9558,Humid,26.75,31.17,23.8,81.17,1.24,1.78,17.53,37.83
2021-05-11,Coimbatore,11.0168,76.9558,Humid,26.7,31.36,23.01,78.57,1.57,2.72,18.79,37.81
2021-05-12,Coimbatore,11.0168,76.9558,Humid,26.53,31.17,23.09,80.67,1.64,3.15,18.4,37.79
2021-05-13,Coimbatore,11.0168,76.9558,Humid,26.86,33.11,23.16,77.64,2.28,12.32,16.47,37.78
2021-05-14,Coimbatore,11.0168,76.9558,Humid,25.48,30.61,21.68,80.54,2.59,22.13,13.43,37.76
2021-05-15,Coimbatore,11.0168,76.9558,Humid,24.38,26.87,22.65,90.13,2.84,17.55,6.97,37.75
2021-05-16,Coimbatore,11.0168,76.9558,Humid,24.91,29.32,22.06,85.21,2.99,10.41,8.83,37.73
2021-05-17,Coimbatore,11.0168,76.9558,Humid,25.18,30.59,21.52,84.21,2.17,6.99,18.64,37.72
2021-05-18,Coimbatore,11.0168,76.9558,Humid,25.03,28.83,22.46,87.54,2.0,3.92,19.43,37.7
2021-05-19,Coimbatore,11.0168,76.9558,Humid,25.24,29.13,22.52,88.23,2.1,26.16,17.18,37.68
2021-05-20,Coimbatore,11.0168,76.9558,Humid,24.31,27.5,21.52,88.7,1.84,17.71,16.62,37.66
2021-05-21,Coimbatore,11.0168,76.9558,Humid,23.44,26.76,20.94,86.97,1.78,0.4,14.24,37.64
2021-05-22,Coimbatore,11.0168,76.9558,Humid,24.14,28.44,20.89,86.29,2.4,4.06,20.3,37.62
2021-05-23,Coimbatore,11.0168,76.9558,Humid,24.98,30.08,21.11,82.68,2.57,2.67,20.08,37.61
2021-05-24,Coimbatore,11.0168,76.9558,Humid,24.48,27.48,21.91,86.57,2.06,0.26,23.64,37.59
2021-05-25,Coimbatore,11.0168,76.9558,Humid,24.44,28.62,21.28,83.1,3.33,7.11,18.08,37.57
2021-05-26,Coimbatore,11.0168,76.9558,Humid,23.36,26.58,21.26,85.24,3.5,7.94,16.49,37.55
2021-05-27,Coimbatore,11.0168,76.9558,Humid,24.52,28.61,21.83,83.71,3.06,0.92,22.7,37.54
2021-05-28,Coimbatore,11.0168,76.9558,Humid,25.11,30.32,21.2,82.49,2.54,0.42,24.08,37.52
2021-05-29,Coimbatore,11.0168,76.9558,Humid,24.65,29.54,21.32,82.86,2.41,1.38,19.88,37.5
2021-05-30,Coimbatore,11.0168,76.9558,Humid,24.21,29.11,20.49,82.32,2.75,1.13,21.67,37.48
2021-05-31,Coimbatore,11.0168,76.9558,Humid,24.85,29.98,21.09,82.81,2.88,4.17,21.94,37.46
2021-06-01,Coimbatore,11.0168,76.9558,Humid,25.14,30.2,21.8,83.64,2.73,1.87,19.85,37.45
2021-06-02,Coimbatore,11.0168,76.9558,Humid,25.94,31.77,21.96,81.96,2.18,1.7,20.96,37.43
2021-06-03,Coimbatore,11.0168,76.9558,Humid,24.89,27.37,23.03,90.99,1.31,9.2,18.47,37.42
2021-06-04,Coimbatore,11.0168,76.9558,Humid,25.01,27.93,22.92,88.89,1.57,8.16,17.02,37.4
2021-06-05,Coimbatore,11.0168,76.9558,Humid,24.16,28.91,21.24,84.15,1.86,9.57,12.09,37.39
2021-06-06,Coimbatore,11.0168,76.9558,Humid,24.48,29.61,19.8,84.08,1.92,4.07,20.87,37.37
2021-06-07,Coimbatore,11.0168,76.9558,Humid,25.19,30.21,21.58,81.44,1.98,0.46,24.64,37.36
2021-06-08,Coimbatore,11.0168,76.9558,Humid,25.14,30.3,21.03,81.9,2.35,4.36,24.35,37.34
2021-06-09,Coimbatore,11.0168,76.9558,Humid,24.73,29.47,21.49,85.09,2.53,2.34,22.02,37.33
2021-06-10,Coimbatore,11.0168,76.9558,Humid,24.98,29.77,22.03,82.98,2.83,1.13,19.67,37.32
2021-06-11,Coimbatore,11.0168,76.9558,Humid,24.53,28.71,21.46,84.66,2.67,1.55,18.22,37.31
2021-06-12,Coimbatore,11.0168,76.9558,Humid,24.44,27.71,21.74,83.94,3.44,5.29,14.94,37.3
2021-06-13,Coimbatore,11.0168,76.9558,Humid,24.0,28.62,21.35,83.18,3.71,10.67,9.21,37.29
2021-06-14,Coimbatore,11.0168,76.9558,Humid,23.08,26.87,20.03,81.01,4.24,3.78,10.27,37.28
2021-06-15,Coimbatore,11.0168,76.9558,Humid,24.3,28.02,20.34,84.83,3.94,8.89,13.77,37.27
2021-06-16,Coimbatore,11.0168,76.9558,Humid,24.86,28.34,22.34,85.67,3.93,9.88,10.95,37.26
2021-06-17,Coimbatore,11.0168,76.9558,Humid,24.25,27.4,22.14,87.18,3.78,6.32,15.8,37.25
2021-06-18,Coimbatore,11.0168,76.9558,Humid,23.88,27.23,21.62,86.55,3.46,2.41,15.02,37.25
2021-06-19,Coimbatore,11.0168,76.9558,Humid,23.97,28.13,21.63,85.39,3.09,1.02,17.86,37.24
2021-06-20,Coimbatore,11.0168,76.9558,Humid,24.48,28.65,21.61,85.92,2.44,1.41,19.6,37.23
2021-06-21,Coimbatore,11.0168,76.9558,Humid,24.56,28.58,21.23,86.1,2.04,2.45,18.69,37.23
2021-06-22,Coimbatore,11.0168,76.9558,Humid,24.21,27.94,22.0,86.04,1.89,2.58,18.68,37.23
2021-06-23,Coimbatore,11.0168,76.9558,Humid,24.78,29.19,21.78,85.87,1.66,3.34,17.55,37.23
2021-06-24,Coimbatore,11.0168,76.9558,Humid,24.41,28.69,21.54,84.36,2.3,0.74,17.43,37.22
2021-06-25,Coimbatore,11.0168,76.9558,Humid,24.48,30.05,20.72,82.01,2.15,0.15,23.86,37.22
2021-06-26,Coimbatore,11.0168,76.9558,Humid,24.07,28.52,20.92,85.24,2.46,3.78,14.68,37.22
2021-06-27,Coimbatore,11.0168,76.9558,Humid,24.02,29.67,20.74,77.6,2.12,5.63,16.04,37.22
2021-06-28,Coimbatore,11.0168,76.9558,Humid,23.23,27.82,19.75,82.23,1.87,1.95,20.37,37.22
2021-06-29,Coimbatore,11.0168,76.9558,Humid,24.36,29.9,19.67,83.72,1.69,6.99,19.82,37.21
2021-06-30,Coimbatore,11.0168,76.9558,Humid,25.29,30.55,21.23,82.85,1.85,1.38,22.06,37.21
2021-07-01,Coimbatore,11.0168,76.9558,Humid,25.1,28.7,22.28,86.92,1.86,9.29,15.55,37.21
2021-07-02,Coimbatore,11.0168,76.9558,Humid,24.65,28.29,22.12,86.56,2.15,3.53,17.84,37.21
2021-07-03,Coimbatore,11.0168,76.9558,Humid,24.15,27.36,21.71,87.99,1.89,2.52,15.51,37.22
2021-07-04,Coimbatore,11.0168,76.9558,Humid,23.88,27.26,20.87,85.2,1.12,19.76,16.61,37.23
2021-07-05,Coimbatore,11.0168,76.9558,Humid,24.28,28.4,20.98,83.86,1.86,2.51,19.77,37.23
2021-07-06,Coimbatore,11.0168,76.9558,Humid,24.6,28.29,21.47,85.84,1.44,4.39,18.53,37.24
2021-07-07,Coimbatore,11.0168,76.9558,Humid,24.83,28.93,22.05,84.79,2.04,6.0,16.07,37.24
2021-07-08,Coimbatore,11.0168,76.9558,Humid,24.78,29.18,21.32,85.94,2.19,3.79,19.69,37.25
2021-07-09,Coimbatore,11.0168,76.9558,Humid,23.62,26.23,21.6,89.52,3.34,6.08,12.24,37.25
2021-07-10,Coimbatore,11.0168,76.9558,Humid,23.11,26.26,21.21,84.78,4.91,10.24,10.87,37.26
2021-07-11,Coimbatore,11.0168,76.9558,Humid,23.22,26.68,21.03,83.38,4.33,2.47,13.26,37.27
2021-07-12,Coimbatore,11.0168,76.9558,Humid,23.46,26.61,21.49,86.69,4.15,4.1,10.45,37.27
2021-07-13,Coimbatore,11.0168,76.9558,Humid,23.77,27.64,21.27,85.05,4.47,5.39,10.93,37.28
2021-07-14,Coimbatore,11.0168,76.9558,Humid,23.57,28.0,21.1,84.15,3.92,12.54,9.22,37.29
2021-07-15,Coimbatore,11.0168,76.9558,Humid,23.76,27.48,21.02,84.66,3.69,7.99,6.76,37.3
2021-07-16,Coimbatore,11.0168,76.9558,Humid,24.12,27.75,21.52,85.86,3.21,12.61,13.24,37.31
2021-07-17,Coimbatore,11.0168,76.9558,Humid,23.99,28.12,21.19,86.64,2.55,5.62,14.33,37.32
2021-07-18,Coimbatore,11.0168,76.9558,Humid,23.79,27.21,21.89,88.45,3.11,6.13,8.43,37.33
2021-07-19,Coimbatore,11.0168,76.9558,Humid,23.6,26.87,21.47,88.33,3.24,1.69,14.39,37.34
2021-07-20,Coimbatore,11.0168,76.9558,Humid,24.2,29.01,21.21,85.16,3.74,2.58,16.41,37.35
2021-07-21,Coimbatore,11.0168,76.9558,Humid,23.92,27.85,21.32,86.07,3.74,7.18,10.44,37.36
2021-07-22,Coimbatore,11.0168,76.9558,Humid,23.73,26.95,21.74,87.22,4.84,14.7,9.51,37.37
2021-07-23,Coimbatore,11.0168,76.9558,Humid,23.79,27.09,21.54,87.27,4.89,12.68,7.56,37.38
2021-07-24,Coimbatore,11.0168,76.9558,Humid,23.74,26.77,21.72,87.87,3.84,6.55,14.18,37.39
2021-07-25,Coimbatore,11.0168,76.9558,Humid,23.35,27.41,21.01,85.89,3.54,4.32,14.86,37.4
2021-07-26,Coimbatore,11.0168,76.9558,Humid,24.17,28.83,21.25,85.65,3.06,5.01,15.75,37.41
2021-07-27,Coimbatore,11.0168,76.9558,Humid,23.95,28.0,21.44,87.06,3.09,3.39,16.48,37.42
2021-07-28,Coimbatore,11.0168,76.9558,Humid,23.99,27.52,21.74,85.74,3.06,2.52,18.76,37.43
2021-07-29,Coimbatore,11.0168,76.9558,Humid,24.04,28.35,21.08,86.18,3.01,1.4,18.64,37.44
2021-07-30,Coimbatore,11.0168,76.9558,Humid,23.86,27.61,20.91,86.29,2.94,1.18,17.74,37.44
2021-07-31,Coimbatore,11.0168,76.9558,Humid,24.16,28.79,20.94,85.61,2.84,0.98,16.96,37.45
2021-08-01,Coimbatore,11.0168,76.9558,Humid,24.16,29.06,21.03,84.46,2.81,0.42,16.99,37.46
2021-08-02,Coimbatore,11.0168,76.9558,Humid,23.79,28.45,20.61,84.81,3.16,1.96,15.7,37.46
2021-08-03,Coimbatore,11.0168,76.9558,Humid,23.72,27.6,20.77,85.24,3.0,1.47,15.24,37.47
2021-08-04,Coimbatore,11.0168,76.9558,Humid,23.87,27.88,21.41,86.13,3.33,1.57,14.04,37.47
2021-08-05,Coimbatore,11.0168,76.9558,Humid,23.98,28.21,20.79,85.19,3.36,4.55,13.24,37.48
2021-08-06,Coimbatore,11.0168,76.9558,Humid,24.58,28.83,21.8,85.82,3.51,5.29,14.83,37.48
2021-08-07,Coimbatore,11.0168,76.9558,Humid,24.37,27.66,22.24,87.11,3.18,9.31,12.72,37.49
2021-08-08,Coimbatore,11.0168,76.9558,Humid,23.94,28.27,21.54,86.91,2.53,3.85,17.18,37.49
2021-08-09,Coimbatore,11.0168,76.9558,Humid,23.59,28.22,20.69,85.35,2.52,4.13,17.04,37.5
2021-08-10,Coimbatore,11.0168,76.9558,Humid,22.52,25.62,20.26,87.27,2.75,1.76,12.43,37.5
2021-08-11,Coimbatore,11.0168,76.9558,Humid,23.35,27.32,20.64,85.68,2.82,3.64,15.65,37.5
2021-08-12,Coimbatore,11.0168,76.9558,Humid,23.23,26.89,20.75,85.2,2.94,2.1,12.36,37.5
2021-08-13,Coimbatore,11.0168,76.9558,Humid,23.87,28.83,20.38,85.37,2.43,8.34,13.31,37.5
2021-08-14,Coimbatore,11.0168,76.9558,Humid,23.86,28.43,20.92,85.67,2.68,2.29,13.57,37.5
2021-08-15,Coimbatore,11.0168,76.9558,Humid,23.8,28.27,21.01,85.23,2.78,0.44,16.41,37.5
2021-08-16,Coimbatore,11.0168,76.9558,Humid,23.9,28.59,20.92,82.81,2.79,0.28,15.47,37.5
2021-08-17,Coimbatore,11.0168,76.9558,Humid,23.56,27.79,20.78,85.39,2.65,4.39,14.73,37.5
2021-08-18,Coimbatore,11.0168,76.9558,Humid,22.65,27.53,19.81,84.83,2.84,7.17,14.29,37.49
2021-08-19,Coimbatore,11.0168,76.9558,Humid,22.87,28.09,18.57,81.58,3.02,1.97,13.59,37.49
2021-08-20,Coimbatore,11.0168,76.9558,Humid,24.1,29.62,19.37,79.51,1.83,1.16,19.72,37.48
2021-08-21,Coimbatore,11.0168,76.9558,Humid,24.48,29.98,20.15,78.81,1.08,6.31,16.39,37.47
2021-08-22,Coimbatore,11.0168,76.9558,Humid,24.28,29.21,20.64,81.39,0.91,10.38,17.26,37.46
2021-08-23,Coimbatore,11.0168,76.9558,Humid,23.6,27.9,20.07,84.72,1.55,13.48,13.55,37.46
2021-08-24,Coimbatore,11.0168,76.9558,Humid,24.03,29.66,20.44,83.63,2.01,1.7,16.9,37.44
2021-08-25,Coimbatore,11.0168,76.9558,Humid,24.27,29.53,20.24,84.27,2.19,4.95,17.83,37.43
2021-08-26,Coimbatore,11.0168,76.9558,Humid,24.12,27.34,21.79,89.4,2.4,10.64,17.03,37.41
2021-08-27,Coimbatore,11.0168,76.9558,Humid,23.93,26.35,22.13,90.47,2.67,10.5,14.08,37.39
2021-08-28,Coimbatore,11.0168,76.9558,Humid,23.6,26.81,21.79,89.03,2.62,10.27,13.12,37.37
2021-08-29,Coimbatore,11.0168,76.9558,Humid,23.44,26.42,21.75,88.46,3.23,7.14,12.6,37.36
2021-08-30,Coimbatore,11.0168,76.9558,Humid,23.42,27.05,20.88,86.86,2.76,3.34,16.49,37.34
2021-08-31,Coimbatore,11.0168,76.9558,Humid,24.42,29.22,20.95,84.66,2.28,0.65,17.91,37.32
2021-09-01,Coimbatore,11.0168,76.9558,Humid,23.99,28.05,21.35,86.17,1.88,1.23,18.78,37.3
2021-09-02,Coimbatore,11.0168,76.9558,Humid,23.19,26.13,21.17,89.11,1.79,14.57,13.65,37.27
2021-09-03,Coimbatore,11.0168,76.9558,Humid,23.88,28.97,20.66,83.7,1.93,10.0,13.39,37.24
2021-09-04,Coimbatore,11.0168,76.9558,Humid,23.75,27.56,20.58,87.06,2.63,3.42,13.09,37.21
2021-09-05,Coimbatore,11.0168,76.9558,Humid,23.89,28.85,20.86,82.7,3.29,6.38,12.07,37.18
2021-09-06,Coimbatore,11.0168,76.9558,Humid,22.85,26.93,20.37,86.2,3.41,6.95,12.98,37.14
2021-09-07,Coimbatore,11.0168,76.9558,Humid,23.57,27.68,20.77,86.55,3.11,5.93,14.25,37.11
2021-09-08,Coimbatore,11.0168,76.9558,Humid,23.75,27.29,21.24,87.26,3.19,6.91,15.16,37.07
2021-09-09,Coimbatore,11.0168,76.9558,Humid,24.06,28.69,20.89,85.82,2.3,1.02,18.89,37.04
2021-09-10,Coimbatore,11.0168,76.9558,Humid,23.94,28.24,20.78,85.89,2.36,0.26,18.31,37.01
2021-09-11,Coimbatore,11.0168,76.9558,Humid,23.41,26.63,21.24,89.45,2.81,6.56,13.73,36.98
2021-09-12,Coimbatore,11.0168,76.9558,Humid,23.86,27.4,21.91,87.56,3.59,7.84,13.77,36.94
2021-09-13,Coimbatore,11.0168,76.9558,Humid,23.45,26.43,21.68,89.64,3.86,4.44,13.22,36.9
2021-09-14,Coimbatore,11.0168,76.9558,Humid,24.35,28.52,21.45,86.97,2.74,1.31,17.12,36.86
2021-09-15,Coimbatore,11.0168,76.9558,Humid,24.03,28.26,21.13,88.46,2.2,7.64,17.38,36.81
2021-09-16,Coimbatore,11.0168,76.9558,Humid,24.07,27.88,21.64,88.43,2.21,8.12,16.07,36.76
2021-09-17,Coimbatore,11.0168,76.9558,Humid,24.37,28.91,20.88,85.79,1.69,4.79,20.31,36.71
2021-09-18,Coimbatore,11.0168,76.9558,Humid,24.71,29.25,20.64,83.28,1.23,0.68,18.35,36.66
2021-09-19,Coimbatore,11.0168,76.9558,Humid,23.77,26.7,21.82,87.43,1.16,4.96,20.54,36.61
2021-09-20,Coimbatore,11.0168,76.9558,Humid,24.28,28.36,21.22,86.72,1.29,1.74,18.29,36.56
2021-09-21,Coimbatore,11.0168,76.9558,Humid,24.21,28.62,20.78,85.41,1.82,0.34,21.27,36.5
2021-09-22,Coimbatore,11.0168,76.9558,Humid,24.71,30.55,19.89,82.07,1.68,1.23,18.21,36.45
2021-09-23,Coimbatore,11.0168,76.9558,Humid,24.73,29.81,21.64,84.35,1.73,5.19,18.98,36.39
2021-09-24,Coimbatore,11.0168,76.9558,Humid,25.14,30.36,21.03,82.66,1.37,7.71,18.9,36.33
2021-09-25,Coimbatore,11.0168,76.9558,Humid,24.77,29.53,21.43,85.28,2.01,7.78,15.46,36.27
2021-09-26,Coimbatore,11.0168,76.9558,Humid,23.9,27.89,21.4,86.5,2.2,2.22,18.3,36.21
2021-09-27,Coimbatore,11.0168,76.9558,Humid,23.79,28.04,21.33,86.39,3.41,8.34,12.62,36.14
2021-09-28,Coimbatore,11.0168,76.9558,Humid,23.22,26.47,21.0,86.49,3.34,4.34,16.76,36.08
2021-09-29,Coimbatore,11.0168,76.9558,Humid,23.41,28.36,20.01,82.28,2.05,0.83,17.28,36.0
2021-09-30,Coimbatore,11.0168,76.9558,Humid,23.57,28.17,20.11,86.93,1.48,16.88,17.39,35.93
2021-10-01,Coimbatore,11.0168,76.9558,Humid,24.55,29.22,20.79,86.84,0.84,5.87,15.29,35.86
2021-10-02,Coimbatore,11.0168,76.9558,Humid,24.32,27.02,22.01,88.46,0.75,15.09,16.54,35.78
2021-10-03,Coimbatore,11.0168,76.9558,Humid,24.71,28.32,21.72,85.89,1.3,13.12,16.41,35.71
2021-10-04,Coimbatore,11.0168,76.9558,Humid,24.72,28.37,21.33,85.04,0.97,3.15,16.35,35.63
2021-10-05,Coimbatore,11.0168,76.9558,Humid,24.81,28.71,21.54,85.78,0.58,6.38,17.67,35.56
2021-10-06,Coimbatore,11.0168,76.9558,Humid,23.82,27.06,21.67,89.33,1.22,2.27,14.44,35.48
2021-10-07,Coimbatore,11.0168,76.9558,Humid,24.45,29.74,20.6,85.57,1.63,0.39,17.38,35.4
2021-10-08,Coimbatore,11.0168,76.9558,Humid,24.36,28.13,21.29,88.83,2.24,13.41,14.85,35.32
2021-10-09,Coimbatore,11.0168,76.9558,Humid,24.01,27.01,22.3,90.89,2.52,5.89,14.67,35.23
2021-10-10,Coimbatore,11.0168,76.9558,Humid,23.98,27.44,21.82,89.97,1.96,5.26,16.32,35.15
2021-10-11,Coimbatore,11.0168,76.9558,Humid,23.33,26.72,21.62,90.19,2.61,26.01,11.82,35.06
2021-10-12,Coimbatore,11.0168,76.9558,Humid,22.54,25.03,20.68,91.06,2.88,15.37,13.42,34.98
2021-10-13,Coimbatore,11.0168,76.9558,Humid,22.92,26.12,20.42,90.02,2.05,2.48,15.81,34.9
2021-10-14,Coimbatore,11.0168,76.9558,Humid,24.03,27.83,21.29,90.59,2.09,2.29,15.11,34.81
2021-10-15,Coimbatore,11.0168,76.9558,Humid,24.41,28.61,21.24,89.19,1.56,1.81,16.68,34.72
2021-10-16,Coimbatore,11.0168,76.9558,Humid,24.29,27.28,21.32,92.93,2.62,35.2,10.94,34.63
2021-10-17,Coimbatore,11.0168,76.9558,Humid,24.02,27.1,22.36,91.1,3.29,7.57,9.66,34.54
2021-10-18,Coimbatore,11.0168,76.9558,Humid,23.44,26.44,21.71,91.77,2.25,3.61,11.42,34.45
2021-10-19,Coimbatore,11.0168,76.9558,Humid,23.83,27.57,20.75,87.62,1.08,1.46,17.84,34.36
2021-10-20,Coimbatore,11.0168,76.9558,Humid,23.71,26.64,21.09,88.67,0.54,25.22,13.69,34.27
2021-10-21,Coimbatore,11.0168,76.9558,Humid,23.53,26.17,21.14,89.8,0.89,21.29,16.11,34.17
2021-10-22,Coimbatore,11.0168,76.9558,Humid,24.02,27.54,20.75,88.71,1.04,10.29,17.17,34.08
2021-10-23,Coimbatore,11.0168,76.9558,Humid,24.54,27.67,22.09,81.52,0.48,12.27,13.96,33.98
2021-10-24,Coimbatore,11.0168,76.9558,Humid,23.28,26.99,20.33,88.41,0.82,8.51,16.81,33.89
2021-10-25,Coimbatore,11.0168,76.9558,Humid,23.63,27.09,21.05,87.82,0.7,6.17,14.75,33.79
2021-10-26,Coimbatore,11.0168,76.9558,Humid,24.16,27.61,21.4,86.32,0.87,3.56,10.26,33.7
2021-10-27,Coimbatore,11.0168,76.9558,Humid,23.68,27.39,21.33,89.45,1.03,5.05,11.74,33.6
2021-10-28,Coimbatore,11.0168,76.9558,Humid,23.35,26.01,21.34,88.66,0.92,2.64,15.87,33.51
2021-10-29,Coimbatore,11.0168,76.9558,Humid,22.68,25.79,20.45,89.35,1.22,1.15,13.16,33.41
2021-10-30,Coimbatore,11.0168,76.9558,Humid,22.52,26.24,19.71,91.34,1.71,6.99,14.63,33.31
2021-10-31,Coimbatore,11.0168,76.9558,Humid,23.11,26.73,20.36,89.51,1.3,3.37,12.63,33.22
2021-11-01,Coimbatore,11.0168,76.9558,Humid,22.67,25.79,20.08,91.88,1.41,15.93,13.1,33.12
2021-11-02,Coimbatore,11.0168,76.9558,Humid,22.5,24.6,20.64,94.26,2.25,21.13,13.89,33.02
2021-11-03,Coimbatore,11.0168,76.9558,Humid,22.87,26.15,21.1,93.59,1.55,3.49,12.32,32.92
2021-11-04,Coimbatore,11.0168,76.9558,Humid,23.13,25.95,20.96,92.34,1.12,17.38,12.55,32.83
2021-11-05,Coimbatore,11.0168,76.9558,Humid,23.04,25.42,21.21,91.9,0.9,6.54,11.19,32.73
2021-11-06,Coimbatore,11.0168,76.9558,Humid,23.53,28.05,20.21,85.48,0.8,4.89,13.87,32.64
2021-11-07,Coimbatore,11.0168,76.9558,Humid,22.92,26.68,19.61,89.01,1.17,14.72,13.05,32.54
2021-11-08,Coimbatore,11.0168,76.9558,Humid,22.61,25.21,20.73,92.27,0.91,4.28,9.19,32.45
2021-11-09,Coimbatore,11.0168,76.9558,Humid,22.52,25.82,19.89,88.17,0.78,2.77,10.77,32.35
2021-11-10,Coimbatore,11.0168,76.9558,Humid,22.23,24.9,20.26,89.17,0.87,3.15,12.43,32.26
2021-11-11,Coimbatore,11.0168,76.9558,Humid,22.47,25.98,19.69,89.81,1.41,1.68,13.35,32.17
2021-11-12,Coimbatore,11.0168,76.9558,Humid,22.82,26.51,20.63,91.72,2.19,13.04,7.73,32.08
2021-11-13,Coimbatore,11.0168,76.9558,Humid,23.52,27.49,20.44,90.24,1.47,4.86,10.02,31.99
2021-11-14,Coimbatore,11.0168,76.9558,Humid,22.74,25.21,21.03,94.43,1.44,6.82,10.6,31.91
2021-11-15,Coimbatore,11.0168,76.9558,Humid,23.27,26.22,21.1,94.2,1.38,12.96,12.2,31.82
2021-11-16,Coimbatore,11.0168,76.9558,Humid,23.39,26.41,20.87,93.1,1.15,3.07,10.37,31.74
2021-11-17,Coimbatore,11.0168,76.9558,Humid,23.7,26.99,21.01,87.81,0.49,26.36,13.08,31.65
2021-11-18,Coimbatore,11.0168,76.9558,Humid,23.31,26.71,20.96,89.58,1.21,8.88,8.12,31.57
2021-11-19,Coimbatore,11.0168,76.9558,Humid,22.57,24.16,21.33,95.02,2.92,6.17,12.87,31.49
2021-11-20,Coimbatore,11.0168,76.9558,Humid,22.96,25.24,20.72,93.71,2.38,2.42,11.2,31.41
2021-11-21,Coimbatore,11.0168,76.9558,Humid,23.5,28.37,19.39,85.17,0.73,0.31,14.07,31.33
2021-11-22,Coimbatore,11.0168,76.9558,Humid,23.28,27.36,19.93,88.9,1.12,6.95,12.88,31.25
2021-11-23,Coimbatore,11.0168,76.9558,Humid,23.09,26.41,20.38,91.72,1.2,10.98,14.53,31.18
2021-11-24,Coimbatore,11.0168,76.9558,Humid,22.75,26.22,20.59,89.61,1.28,1.39,16.2,31.11
2021-11-25,Coimbatore,11.0168,76.9558,Humid,21.92,25.18,20.26,90.22,1.79,16.6,13.18,31.04
2021-11-26,Coimbatore,11.0168,76.9558,Humid,22.07,24.42,20.14,91.88,1.9,5.61,11.47,30.97
2021-11-27,Coimbatore,11.0168,76.9558,Humid,21.94,24.99,19.45,92.97,1.79,1.88,11.18,30.9
2021-11-28,Coimbatore,11.0168,76.9558,Humid,22.45,25.7,20.22,93.0,2.24,4.58,9.66,30.84
2021-11-29,Coimbatore,11.0168,76.9558,Humid,21.89,24.6,20.08,92.41,2.81,17.36,11.43,30.77
2021-11-30,Coimbatore,11.0168,76.9558,Humid,22.23,25.3,19.89,93.06,2.23,11.03,10.11,30.71
2021-12-01,Coimbatore,11.0168,76.9558,Humid,23.42,27.3,20.03,90.24,1.52,4.1,19.2,30.66
2021-12-02,Coimbatore,11.0168,76.9558,Humid,23.74,27.26,21.31,90.94,1.5,1.96,14.77,30.6
2021-12-03,Coimbatore,11.0168,76.9558,Humid,23.58,27.57,20.2,87.54,0.9,2.3,13.87,30.55
2021-12-04,Coimbatore,11.0168,76.9558,Humid,23.54,27.36,20.77,89.83,0.56,6.22,13.08,30.5
2021-12-05,Coimbatore,11.0168,76.9558,Humid,24.04,28.67,20.41,87.34,0.78,8.62,17.36,30.45
2021-12-06,Coimbatore,11.0168,76.9558,Humid,23.23,26.2,21.62,92.71,0.92,0.29,11.63,30.41
2021-12-07,Coimbatore,11.0168,76.9558,Humid,23.48,26.78,20.98,90.14,1.21,0.44,13.89,30.37
2021-12-08,Coimbatore,11.0168,76.9558,Humid,22.43,26.46,19.76,88.43,1.67,0.15,16.75,30.33
2021-12-09,Coimbatore,11.0168,76.9558,Humid,22.92,27.07,19.21,89.26,1.77,2.32,15.07,30.29
2021-12-10,Coimbatore,11.0168,76.9558,Humid,21.73,25.67,19.19,88.36,2.26,0.51,19.63,30.26
2021-12-11,Coimbatore,11.0168,76.9558,Humid,22.15,26.16,18.71,90.9,2.1,1.67,17.1,30.23
2021-12-12,Coimbatore,11.0168,76.9558,Humid,22.26,26.17,19.49,90.35,2.65,0.41,14.54,30.2
2021-12-13,Coimbatore,11.0168,76.9558,Humid,21.87,25.41,18.46,90.85,2.07,0.08,17.47,30.18
2021-12-14,Coimbatore,11.0168,76.9558,Humid,21.98,24.98,19.93,90.07,2.64,1.47,13.97,30.16
2021-12-15,Coimbatore,11.0168,76.9558,Humid,21.82,25.69,19.12,89.65,2.23,0.77,14.44,30.14
2021-12-16,Coimbatore,11.0168,76.9558,Humid,21.47,25.75,18.49,87.28,1.8,0.01,15.39,30.13
2021-12-17,Coimbatore,11.0168,76.9558,Humid,21.22,26.58,17.44,86.46,1.49,0.0,18.06,30.12
2021-12-18,Coimbatore,11.0168,76.9558,Humid,20.48,25.83,16.51,85.86,1.61,0.0,18.12,30.11
2021-12-19,Coimbatore,11.0168,76.9558,Humid,19.39,24.85,15.46,83.98,1.7,0.0,17.11,30.11
2021-12-20,Coimbatore,11.0168,76.9558,Humid,18.82,24.58,13.81,86.02,1.72,0.0,20.09,30.11
2021-12-21,Coimbatore,11.0168,76.9558,Humid,19.85,25.58,15.18,83.72,1.3,0.0,19.0,30.11
2021-12-22,Coimbatore,11.0168,76.9558,Humid,19.38,25.32,14.17,85.04,1.36,0.0,16.56,30.12
2021-12-23,Coimbatore,11.0168,76.9558,Humid,19.31,25.17,14.41,83.11,1.33,0.0,17.05,30.12
2021-12-24,Coimbatore,11.0168,76.9558,Humid,18.92,25.24,13.6,80.69,1.39,0.0,18.44,30.13
2021-12-25,Coimbatore,11.0168,76.9558,Humid,19.41,25.97,13.65,84.11,1.44,0.0,19.89,30.14
2021-12-26,Coimbatore,11.0168,76.9558,Humid,19.55,25.46,14.88,86.51,1.54,0.0,20.09,30.15
2021-12-27,Coimbatore,11.0168,76.9558,Humid,19.83,25.18,15.56,87.22,1.68,0.0,20.31,30.17
2021-12-28,Coimbatore,11.0168,76.9558,Humid,19.88,25.1,15.5,85.64,1.71,0.0,20.84,30.2
2021-12-29,Coimbatore,11.0168,76.9558,Humid,20.0,25.34,15.75,85.85,1.61,0.0,19.94,30.23
2021-12-30,Coimbatore,11.0168,76.9558,Humid,20.83,25.98,15.4,88.1,1.89,1.6,20.74,30.26
2021-12-31,Coimbatore,11.0168,76.9558,Humid,22.31,26.4,19.03,89.51,2.82,4.73,15.2,30.29
2022-01-01,Coimbatore,11.0168,76.9558,Humid,22.52,26.48,20.07,90.08,2.84,11.09,14.75,30.33
2022-01-02,Coimbatore,11.0168,76.9558,Humid,21.82,26.1,19.08,88.86,2.7,1.93,19.16,30.37
2022-01-03,Coimbatore,11.0168,76.9558,Humid,21.09,26.0,18.0,85.23,2.11,0.02,18.95,30.41
2022-01-04,Coimbatore,11.0168,76.9558,Humid,21.31,26.37,17.61,86.91,1.87,0.0,18.83,30.45
2022-01-05,Coimbatore,11.0168,76.9558,Humid,21.26,26.9,16.76,85.65,1.29,0.0,17.76,30.5
2022-01-06,Coimbatore,11.0168,76.9558,Humid,20.95,26.23,17.06,87.12,1.61,0.0,19.15,30.54
2022-01-07,Coimbatore,11.0168,76.9558,Humid,21.74,26.94,18.03,87.04,1.53,0.04,15.44,30.59
2022-01-08,Coimbatore,11.0168,76.9558,Humid,21.77,26.6,18.39,87.73,1.75,0.08,14.15,30.65
2022-01-09,Coimbatore,11.0168,76.9558,Humid,21.75,26.66,18.0,86.3,1.55,0.0,16.7,30.71
2022-01-10,Coimbatore,11.0168,76.9558,Humid,21.33,27.01,17.04,83.69,1.33,0.0,16.69,30.77
2022-01-11,Coimbatore,11.0168,76.9558,Humid,22.03,27.24,17.88,84.19,1.36,0.0,18.79,30.84
2022-01-12,Coimbatore,11.0168,76.9558,Humid,22.74,27.92,18.04,82.33,0.75,0.0,17.41,30.91
2022-01-13,Coimbatore,11.0168,76.9558,Humid,23.22,28.18,19.19,81.23,0.75,0.0,20.27,30.98
2022-01-14,Coimbatore,11.0168,76.9558,Humid,23.36,28.66,19.41,79.28,0.82,0.0,18.96,31.05
2022-01-15,Coimbatore,11.0168,76.9558,Humid,23.48,28.84,19.1,80.22,0.77,0.13,19.01,31.13
2022-01-16,Coimbatore,11.0168,76.9558,Humid,22.75,27.62,18.81,85.38,1.84,3.95,18.36,31.2
2022-01-17,Coimbatore,11.0168,76.9558,Humid,22.52,27.48,18.97,83.7,2.11,1.42,16.06,31.28
2022-01-18,Coimbatore,11.0168,76.9558,Humid,21.77,27.17,17.52,82.0,2.03,0.01,19.83,31.36
2022-01-19,Coimbatore,11.0168,76.9558,Humid,22.02,27.8,17.47,79.43,1.62,0.0,20.0,31.45
2022-01-20,Coimbatore,11.0168,76.9558,Humid,22.32,28.7,16.29,70.7,0.92,0.0,20.93,31.53
2022-01-21,Coimbatore,11.0168,76.9558,Humid,23.11,29.61,17.53,71.89,0.65,0.0,21.25,31.62
2022-01-22,Coimbatore,11.0168,76.9558,Humid,23.51,30.31,18.56,77.08,1.15,0.0,21.99,31.7
2022-01-23,Coimbatore,11.0168,76.9558,Humid,22.47,29.49,17.89,76.66,1.32,0.0,22.42,31.79
2022-01-24,Coimbatore,11.0168,76.9558,Humid,22.17,29.6,16.27,71.48,0.87,0.0,22.21,31.88
2022-01-25,Coimbatore,11.0168,76.9558,Humid,21.89,27.5,16.86,77.7,0.57,0.0,19.75,31.97
2022-01-26,Coimbatore,11.0168,76.9558,Humid,22.8,28.5,19.05,80.44,0.6,0.37,17.37,32.06
2022-01-27,Coimbatore,11.0168,76.9558,Humid,22.69,27.98,19.0,78.38,1.77,3.53,18.56,32.15
2022-01-28,Coimbatore,11.0168,76.9558,Humid,22.47,28.22,18.51,77.75,2.7,0.9,16.71,32.24
2022-01-29,Coimbatore,11.0168,76.9558,Humid,22.91,29.04,17.76,79.01,2.36,0.04,19.26,32.33
2022-01-30,Coimbatore,11.0168,76.9558,Humid,24.04,30.54,18.8,77.82,1.39,0.0,19.14,32.43
2022-01-31,Coimbatore,11.0168,76.9558,Humid,24.26,31.07,19.18,75.69,1.31,0.0,19.65,32.53
2022-02-01,Coimbatore,11.0168,76.9558,Humid,24.16,31.13,19.17,76.85,1.42,0.03,20.2,32.63
2022-02-02,Coimbatore,11.0168,76.9558,Humid,23.08,30.34,18.03,73.86,1.45,0.05,20.59,32.74
2022-02-03,Coimbatore,11.0168,76.9558,Humid,22.72,30.57,15.95,71.57,0.9,0.0,18.24,32.84
2022-02-04,Coimbatore,11.0168,76.9558,Humid,23.59,31.51,18.52,72.24,1.34,0.0,23.42,32.95
2022-02-05,Coimbatore,11.0168,76.9558,Humid,23.98,31.64,17.5,70.5,0.67,0.0,22.83,33.05
2022-02-06,Coimbatore,11.0168,76.9558,Humid,23.91,30.06,19.2,73.92,1.59,0.0,17.99,33.15
2022-02-07,Coimbatore,11.0168,76.9558,Humid,23.64,30.33,18.53,73.94,1.43,0.0,20.97,33.26
2022-02-08,Coimbatore,11.0168,76.9558,Humid,23.49,31.15,17.34,71.88,1.38,0.0,18.93,33.37
2022-02-09,Coimbatore,11.0168,76.9558,Humid,22.68,31.11,16.64,68.75,1.93,0.01,19.16,33.48
2022-02-10,Coimbatore,11.0168,76.9558,Humid,22.36,31.36,15.42,58.18,1.73,0.0,21.11,33.58
2022-02-11,Coimbatore,11.0168,76.9558,Humid,23.18,31.45,16.96,67.23,2.25,0.33,22.68,33.69
2022-02-12,Coimbatore,11.0168,76.9558,Humid,22.67,28.46,18.22,76.87,1.99,1.44,17.67,33.79
2022-02-13,Coimbatore,11.0168,76.9558,Humid,23.38,30.73,17.9,71.66,1.97,0.11,20.15,33.89
2022-02-14,Coimbatore,11.0168,76.9558,Humid,23.66,30.91,17.71,70.21,1.92,0.04,16.32,34.0
2022-02-15,Coimbatore,11.0168,76.9558,Humid,24.0,30.93,17.99,70.47,1.49,0.17,17.16,34.1
2022-02-16,Coimbatore,11.0168,76.9558,Humid,24.14,31.4,17.45,69.03,1.11,0.16,15.11,34.2
2022-02-17,Coimbatore,11.0168,76.9558,Humid,24.44,31.39,18.03,63.76,1.23,0.02,18.83,34.31
2022-02-18,Coimbatore,11.0168,76.9558,Humid,24.15,31.79,18.63,65.09,1.93,0.0,22.19,34.41
2022-02-19,Coimbatore,11.0168,76.9558,Humid,24.25,32.34,18.04,65.13,2.21,0.0,23.34,34.51
2022-02-20,Coimbatore,11.0168,76.9558,Humid,25.36,33.67,18.31,64.75,1.24,0.0,22.54,34.61
2022-02-21,Coimbatore,11.0168,76.9558,Humid,26.59,34.18,20.39,63.88,0.5,0.0,21.72,34.71
2022-02-22,Coimbatore,11.0168,76.9558,Humid,26.58,34.34,20.48,64.44,1.22,0.0,18.32,34.81
2022-02-23,Coimbatore,11.0168,76.9558,Humid,24.75,32.95,18.82,60.88,2.31,0.04,23.86,34.91
2022-02-24,Coimbatore,11.0168,76.9558,Humid,23.91,32.59,17.27,60.17,2.02,0.16,25.04,35.01
2022-02-25,Coimbatore,11.0168,76.9558,Humid,24.42,33.83,17.31,57.28,2.03,0.0,24.81,35.1
2022-02-26,Coimbatore,11.0168,76.9558,Humid,23.85,32.98,15.82,58.05,1.97,0.0,25.48,35.2
2022-02-27,Coimbatore,11.0168,76.9558,Humid,25.43,33.43,19.52,62.19,2.27,0.12,24.85,35.29
2022-02-28,Coimbatore,11.0168,76.9558,Humid,24.42,33.06,18.16,56.38,2.17,0.03,24.59,35.39
2022-03-01,Coimbatore,11.0168,76.9558,Humid,24.69,33.72,17.13,54.68,2.07,0.0,24.79,35.48
2022-03-02,Coimbatore,11.0168,76.9558,Humid,24.15,33.72,16.02,47.39,2.22,0.0,23.5,35.57
2022-03-03,Coimbatore,11.0168,76.9558,Humid,23.97,33.36,15.88,50.34,2.32,0.0,25.07,35.66
2022-03-04,Coimbatore,11.0168,76.9558,Humid,25.43,35.35,17.08,46.35,1.83,0.0,25.28,35.75
2022-03-05,Coimbatore,11.0168,76.9558,Humid,26.37,34.94,17.83,55.81,1.79,0.0,25.41,35.84
2022-03-06,Coimbatore,11.0168,76.9558,Humid,26.78,34.2,19.68,55.18,2.09,0.09,24.65,35.93
2022-03-07,Coimbatore,11.0168,76.9558,Humid,25.24,32.68,18.47,60.98,2.1,0.99,21.67,36.01
2022-03-08,Coimbatore,11.0168,76.9558,Humid,26.06,33.94,19.55,65.66,1.75,1.33,21.9,36.09
2022-03-09,Coimbatore,11.0168,76.9558,Humid,26.89,35.76,19.31,53.53,1.71,0.22,23.76,36.18
2022-03-10,Coimbatore,11.0168,76.9558,Humid,26.37,35.09,19.56,46.1,1.76,0.0,24.73,36.26
2022-03-11,Coimbatore,11.0168,76.9558,Humid,26.37,35.61,18.66,44.31,2.13,0.0,25.81,36.34
2022-03-12,Coimbatore,11.0168,76.9558,Humid,26.21,35.92,17.68,41.77,2.14,0.0,25.56,36.41
2022-03-13,Coimbatore,11.0168,76.9558,Humid,26.1,35.05,18.79,43.43,2.49,0.0,25.16,36.49
2022-03-14,Coimbatore,11.0168,76.9558,Humid,27.03,36.34,18.72,43.53,1.98,0.0,23.8,36.56
2022-03-15,Coimbatore,11.0168,76.9558,Humid,27.86,36.83,19.92,45.22,1.28,0.02,21.11,36.63
2022-03-16,Coimbatore,11.0168,76.9558,Humid,28.68,37.12,22.21,54.88,1.05,0.3,20.84,36.71
2022-03-17,Coimbatore,11.0168,76.9558,Humid,28.86,37.6,21.66,50.2,1.29,0.07,21.03,36.77
2022-03-18,Coimbatore,11.0168,76.9558,Humid,29.0,37.31,22.0,49.32,1.22,0.18,19.07,36.84
2022-03-19,Coimbatore,11.0168,76.9558,Humid,27.99,36.55,21.48,61.31,2.04,0.45,17.08,36.9
2022-03-20,Coimbatore,11.0168,76.9558,Humid,27.27,34.6,22.18,64.32,2.37,1.04,16.41,36.97
2022-03-21,Coimbatore,11.0168,76.9558,Humid,27.5,36.21,20.85,64.9,2.05,3.49,20.95,37.02
2022-03-22,Coimbatore,11.0168,76.9558,Humid,27.73,35.22,22.68,66.51,1.46,2.79,17.4,37.08
2022-03-23,Coimbatore,11.0168,76.9558,Humid,27.53,33.72,22.27,70.28,0.9,17.81,15.64,37.14
2022-03-24,Coimbatore,11.0168,76.9558,Humid,27.03,33.51,22.34,72.43,0.82,5.56,15.08,37.2
2022-03-25,Coimbatore,11.0168,76.9558,Humid,27.07,34.15,21.67,72.22,0.83,3.78,15.36,37.25
2022-03-26,Coimbatore,11.0168,76.9558,Humid,27.54,34.59,22.62,71.68,0.78,2.76,16.77,37.29
2022-03-27,Coimbatore,11.0168,76.9558,Humid,27.86,35.25,22.53,69.37,0.71,1.02,18.0,37.34
2022-03-28,Coimbatore,11.0168,76.9558,Humid,28.35,35.98,22.23,66.76,1.37,0.45,20.98,37.38
2022-03-29,Coimbatore,11.0168,76.9558,Humid,28.27,35.92,23.16,69.44,1.02,0.86,21.22,37.42
2022-03-30,Coimbatore,11.0168,76.9558,Humid,28.45,35.45,23.08,67.78,1.12,1.63,19.8,37.46
2022-03-31,Coimbatore,11.0168,76.9558,Humid,28.63,35.96,23.14,64.12,1.06,0.2,20.62,37.51
2022-04-01,Coimbatore,11.0168,76.9558,Humid,28.03,35.65,22.61,67.56,1.26,0.67,17.99,37.55
2022-04-02,Coimbatore,11.0168,76.9558,Humid,28.04,35.76,22.6,67.12,1.07,1.08,19.03,37.59
2022-04-03,Coimbatore,11.0168,76.9558,Humid,28.16,35.92,22.07,65.62,1.19,0.98,22.47,37.63
2022-04-04,Coimbatore,11.0168,76.9558,Humid,28.32,36.4,22.22,61.05,1.68,0.12,24.04,37.67
2022-04-05,Coimbatore,11.0168,76.9558,Humid,28.23,36.32,21.53,58.47,1.51,0.23,23.5,37.7
2022-04-06,Coimbatore,11.0168,76.9558,Humid,27.63,35.15,22.37,64.74,1.03,3.89,21.03,37.74
2022-04-07,Coimbatore,11.0168,76.9558,Humid,28.89,36.74,22.7,62.06,1.07,0.56,24.06,37.77
2022-04-08,Coimbatore,11.0168,76.9558,Humid,27.79,33.82,23.7,68.55,0.67,9.91,18.01,37.8
2022-04-09,Coimbatore,11.0168,76.9558,Humid,26.76,32.43,23.19,74.98,0.78,9.82,19.61,37.82
2022-04-10,Coimbatore,11.0168,76.9558,Humid,26.76,33.59,22.47,72.47,1.28,1.87,19.26,37.84
2022-04-11,Coimbatore,11.0168,76.9558,Humid,27.54,34.92,21.94,69.6,1.0,3.98,13.32,37.86
2022-04-12,Coimbatore,11.0168,76.9558,Humid,27.33,34.4,22.84,71.88,0.59,8.64,10.71,37.88
2022-04-13,Coimbatore,11.0168,76.9558,Humid,26.53,31.71,22.91,76.08,1.15,12.15,9.66,37.9
2022-04-14,Coimbatore,11.0168,76.9558,Humid,25.02,29.62,22.01,77.59,0.94,16.84,15.6,37.91
2022-04-15,Coimbatore,11.0168,76.9558,Humid,26.89,33.92,21.3,70.56,1.27,1.64,22.03,37.93
2022-04-16,Coimbatore,11.0168,76.9558,Humid,26.6,32.44,22.3,77.63,1.87,3.32,21.29,37.94
2022-04-17,Coimbatore,11.0168,76.9558,Humid,26.83,33.58,22.27,78.08,1.66,7.18,22.13,37.95
2022-04-18,Coimbatore,11.0168,76.9558,Humid,26.39,32.59,22.33,75.64,1.67,2.48,19.77,37.95
2022-04-19,Coimbatore,11.0168,76.9558,Humid,25.93,31.08,22.09,76.76,1.11,1.41,19.52,37.96
2022-04-20,Coimbatore,11.0168,76.9558,Humid,28.01,35.44,22.24,67.22,0.82,0.0,23.82,37.96
2022-04-21,Coimbatore,11.0168,76.9558,Humid,27.45,32.8,23.15,72.86,1.07,0.0,24.44,37.95
2022-04-22,Coimbatore,11.0168,76.9558,Humid,26.85,31.73,22.7,74.01,1.14,1.71,20.98,37.96
2022-04-23,Coimbatore,11.0168,76.9558,Humid,25.95,30.65,22.44,76.07,1.19,21.38,16.33,37.96
2022-04-24,Coimbatore,11.0168,76.9558,Humid,27.63,34.94,21.14,66.82,1.22,0.4,23.15,37.97
2022-04-25,Coimbatore,11.0168,76.9558,Humid,27.72,34.78,22.16,66.71,0.74,0.1,23.58,37.97
2022-04-26,Coimbatore,11.0168,76.9558,Humid,28.35,35.77,22.53,68.75,0.91,0.0,22.57,37.98
2022-04-27,Coimbatore,11.0168,76.9558,Humid,27.95,34.1,23.07,68.4,1.03,0.01,25.24,37.99
2022-04-28,Coimbatore,11.0168,76.9558,Humid,27.95,34.47,23.11,70.89,0.94,0.15,23.19,37.98
2022-04-29,Coimbatore,11.0168,76.9558,Humid,28.52,35.6,23.59,72.37,1.35,1.12,21.6,37.97
2022-04-30,Coimbatore,11.0168,76.9558,Humid,28.2,34.57,23.53,71.49,1.7,0.57,21.94,37.97
2022-05-01,Coimbatore,11.0168,76.9558,Humid,27.26,32.48,23.67,75.71,1.88,3.57,19.4,37.96
2022-05-02,Coimbatore,11.0168,76.9558,Humid,27.51,34.42,22.84,73.86,2.18,2.58,20.65,37.95
2022-05-03,Coimbatore,11.0168,76.9558,Humid,26.68,31.36,23.76,80.02,0.98,5.67,23.37,37.94
2022-05-04,Coimbatore,11.0168,76.9558,Humid,28.12,35.68,22.84,72.26,1.3,3.6,20.25,37.92
2022-05-05,Coimbatore,11.0168,76.9558,Humid,26.48,30.94,23.45,77.92,1.69,2.26,16.69,37.91
2022-05-06,Coimbatore,11.0168,76.9558,Humid,26.51,32.6,22.53,67.82,1.19,0.18,18.94,37.9
2022-05-07,Coimbatore,11.0168,76.9558,Humid,26.91,33.63,21.7,75.54,1.78,3.34,20.85,37.89
2022-05-08,Coimbatore,11.0168,76.9558,Humid,27.5,34.13,22.86,74.54,1.48,4.03,20.81,37.88
2022-05-09,Coimbatore,11.0168,76.9558,Humid,26.36,30.9,23.61,82.9,2.54,4.57,13.92,37.87
2022-05-10,Coimbatore,11.0168,76.9558,Humid,26.02,30.62,22.91,79.02,3.14,3.69,11.57,37.85
2022-05-11,Coimbatore,11.0168,76.9558,Humid,25.85,31.11,22.66,77.6,3.8,2.28,8.97,37.84
2022-05-12,Coimbatore,11.0168,76.9558,Humid,25.0,29.47,21.75,79.78,3.38,4.21,7.43,37.82
2022-05-13,Coimbatore,11.0168,76.9558,Humid,25.1,30.56,22.05,79.04,3.02,4.86,10.51,37.81
2022-05-14,Coimbatore,11.0168,76.9558,Humid,24.21,28.24,22.02,85.78,2.87,13.48,12.17,37.79
2022-05-15,Coimbatore,11.0168,76.9558,Humid,24.25,26.72,22.94,90.64,2.28,12.85,13.52,37.78
2022-05-16,Coimbatore,11.0168,76.9558,Humid,24.55,27.84,22.9,89.07,2.53,7.02,9.35,37.76
2022-05-17,Coimbatore,11.0168,76.9558,Humid,25.34,29.88,21.73,82.61,1.67,12.99,7.89,37.75
2022-05-18,Coimbatore,11.0168,76.9558,Humid,25.01,29.39,22.11,84.95,2.54,10.05,8.69,37.72
2022-05-19,Coimbatore,11.0168,76.9558,Humid,23.92,27.57,21.35,85.75,3.51,6.17,8.66,37.7
2022-05-20,Coimbatore,11.0168,76.9558,Humid,24.35,29.29,20.79,83.04,3.13,4.39,13.13,37.68
2022-05-21,Coimbatore,11.0168,76.9558,Humid,24.54,29.77,20.51,81.04,3.0,3.69,14.39,37.66
2022-05-22,Coimbatore,11.0168,76.9558,Humid,24.91,30.01,21.49,81.7,3.17,0.87,11.77,37.65
2022-05-23,Coimbatore,11.0168,76.9558,Humid,25.88,31.04,21.95,83.06,2.69,3.9,20.73,37.64
2022-05-24,Coimbatore,11.0168,76.9558,Humid,26.59,32.13,22.46,81.16,1.92,3.77,23.32,37.62
2022-05-25,Coimbatore,11.0168,76.9558,Humid,26.27,30.98,22.75,82.53,1.24,8.39,22.3,37.61
2022-05-26,Coimbatore,11.0168,76.9558,Humid,24.6,27.78,21.91,85.61,2.11,5.36,16.03,37.58
2022-05-27,Coimbatore,11.0168,76.9558,Humid,24.33,28.42,21.53,85.25,2.13,3.11,18.12,37.56
2022-05-28,Coimbatore,11.0168,76.9558,Humid,24.5,28.15,21.95,86.47,2.34,2.32,21.89,37.54
2022-05-29,Coimbatore,11.0168,76.9558,Humid,25.0,30.23,21.71,81.48,2.25,5.39,23.01,37.52
2022-05-30,Coimbatore,11.0168,76.9558,Humid,25.26,30.8,21.34,80.44,2.37,3.1,21.43,37.5
2022-05-31,Coimbatore,11.0168,76.9558,Humid,25.12,29.92,22.1,81.74,2.44,4.16,17.96,37.48
2022-06-01,Coimbatore,11.0168,76.9558,Humid,24.68,29.13,22.09,85.2,2.69,5.42,19.94,37.47
2022-06-02,Coimbatore,11.0168,76.9558,Humid,24.52,28.88,21.53,84.41,2.06,1.91,19.62,37.45
2022-06-03,Coimbatore,11.0168,76.9558,Humid,24.71,29.57,20.77,81.78,2.33,0.25,22.71,37.44
2022-06-04,Coimbatore,11.0168,76.9558,Humid,25.74,30.76,21.38,80.04,1.31,0.38,22.85,37.43
2022-06-05,Coimbatore,11.0168,76.9558,Humid,25.32,29.44,22.06,83.79,1.81,6.58,18.54,37.41
2022-06-06,Coimbatore,11.0168,76.9558,Humid,25.79,31.58,21.81,79.74,1.25,4.41,18.83,37.4
2022-06-07,Coimbatore,11.0168,76.9558,Humid,24.95,28.95,21.98,85.77,1.83,1.33,15.04,37.39
2022-06-08,Coimbatore,11.0168,76.9558,Humid,25.06,29.73,21.7,81.85,2.7,0.25,20.58,37.37
2022-06-09,Coimbatore,11.0168,76.9558,Humid,25.31,30.79,21.93,80.36,2.63,0.94,23.23,37.36
2022-06-10,Coimbatore,11.0168,76.9558,Humid,24.57,28.9,21.85,83.57,2.78,3.24,19.85,37.36
2022-06-11,Coimbatore,11.0168,76.9558,Humid,24.74,30.44,21.24,79.73,2.78,2.84,19.16,37.35
2022-06-12,Coimbatore,11.0168,76.9558,Humid,23.47,28.08,20.59,81.72,2.43,6.5,17.93,37.34
2022-06-13,Coimbatore,11.0168,76.9558,Humid,24.34,30.09,20.0,81.54,2.28,5.32,21.85,37.32
2022-06-14,Coimbatore,11.0168,76.9558,Humid,24.43,28.52,21.24,84.29,2.55,5.45,20.89,37.31
2022-06-15,Coimbatore,11.0168,76.9558,Humid,24.34,29.31,21.36,84.18,1.96,4.19,17.29,37.29
2022-06-16,Coimbatore,11.0168,76.9558,Humid,24.18,28.94,20.96,86.71,1.15,11.7,19.14,37.28
2022-06-17,Coimbatore,11.0168,76.9558,Humid,23.08,26.75,20.83,85.37,1.55,15.71,17.84,37.28
2022-06-18,Coimbatore,11.0168,76.9558,Humid,23.24,27.7,20.49,86.23,1.55,5.83,16.32,37.27
2022-06-19,Coimbatore,11.0168,76.9558,Humid,23.79,28.48,20.97,86.51,1.83,5.24,16.07,37.27
2022-06-20,Coimbatore,11.0168,76.9558,Humid,24.17,29.04,20.13,82.22,2.19,1.92,18.31,37.26
2022-06-21,Coimbatore,11.0168,76.9558,Humid,24.28,28.38,21.31,84.2,2.38,2.04,16.04,37.25
2022-06-22,Coimbatore,11.0168,76.9558,Humid,24.03,28.24,20.92,83.97,2.25,1.08,14.94,37.24
2022-06-23,Coimbatore,11.0168,76.9558,Humid,24.08,29.09,20.76,81.43,2.2,1.89,15.35,37.24
2022-06-24,Coimbatore,11.0168,76.9558,Humid,23.8,28.38,21.05,84.47,2.92,4.69,18.22,37.23
2022-06-25,Coimbatore,11.0168,76.9558,Humid,23.8,27.68,21.5,83.34,3.72,4.3,9.9,37.23
2022-06-26,Coimbatore,11.0168,76.9558,Humid,24.48,29.11,21.53,82.6,3.47,1.31,19.81,37.23
2022-06-27,Coimbatore,11.0168,76.9558,Humid,24.79,29.35,21.85,82.84,2.97,2.44,16.99,37.22
2022-06-28,Coimbatore,11.0168,76.9558,Humid,24.25,28.67,21.5,84.29,2.61,4.38,15.87,37.22
2022-06-29,Coimbatore,11.0168,76.9558,Humid,24.28,28.33,21.18,85.05,2.67,2.22,14.83,37.23
2022-06-30,Coimbatore,11.0168,76.9558,Humid,23.77,27.12,21.75,86.68,3.09,22.15,10.35,37.23
2022-07-01,Coimbatore,11.0168,76.9558,Humid,24.25,29.08,21.29,84.38,3.07,4.23,14.5,37.23
2022-07-02,Coimbatore,11.0168,76.9558,Humid,23.64,26.91,20.88,86.45,2.96,1.98,14.91,37.23
2022-07-03,Coimbatore,11.0168,76.9558,Humid,23.54,27.43,21.22,85.44,3.63,3.88,11.71,37.24
2022-07-04,Coimbatore,11.0168,76.9558,Humid,23.52,27.33,20.76,83.95,4.39,4.71,11.39,37.24
2022-07-05,Coimbatore,11.0168,76.9558,Humid,22.85,26.06,20.94,85.24,4.39,8.42,8.48,37.25
2022-07-06,Coimbatore,11.0168,76.9558,Humid,23.22,26.89,20.84,85.95,3.59,7.39,8.34,37.25
2022-07-07,Coimbatore,11.0168,76.9558,Humid,22.81,26.88,20.08,84.85,3.64,10.69,8.06,37.26
2022-07-08,Coimbatore,11.0168,76.9558,Humid,23.34,27.61,20.75,83.55,3.87,8.35,12.94,37.26
2022-07-09,Coimbatore,11.0168,76.9558,Humid,22.63,25.64,20.35,87.79,3.81,6.91,8.16,37.26
2022-07-10,Coimbatore,11.0168,76.9558,Humid,23.28,27.09,20.7,85.83,4.27,9.88,10.89,37.26
2022-07-11,Coimbatore,11.0168,76.9558,Humid,23.17,26.91,20.77,85.74,4.19,6.72,9.25,37.27
2022-07-12,Coimbatore,11.0168,76.9558,Humid,22.84,25.69,21.09,86.14,4.13,9.02,10.63,37.28
2022-07-13,Coimbatore,11.0168,76.9558,Humid,23.1,26.75,20.77,86.14,4.71,9.56,11.39,37.29
2022-07-14,Coimbatore,11.0168,76.9558,Humid,23.48,27.06,20.69,85.09,4.91,8.13,13.61,37.3
2022-07-15,Coimbatore,11.0168,76.9558,Humid,23.79,27.53,21.71,85.59,3.95,9.15,12.43,37.31
2022-07-16,Coimbatore,11.0168,76.9558,Humid,24.1,28.32,21.43,85.72,3.43,9.2,10.05,37.32
2022-07-17,Coimbatore,11.0168,76.9558,Humid,24.22,28.76,21.06,83.67,3.29,9.38,11.85,37.33
2022-07-18,Coimbatore,11.0168,76.9558,Humid,22.82,26.65,20.2,85.47,2.89,12.8,10.27,37.34
2022-07-19,Coimbatore,11.0168,76.9558,Humid,23.81,27.99,20.51,84.72,2.04,3.42,16.56,37.35
2022-07-20,Coimbatore,11.0168,76.9558,Humid,24.24,27.78,21.55,87.74,1.55,5.56,16.13,37.36
2022-07-21,Coimbatore,11.0168,76.9558,Humid,24.24,27.98,21.3,86.73,1.96,12.88,17.67,37.37
2022-07-22,Coimbatore,11.0168,76.9558,Humid,23.44,26.43,21.5,88.83,2.2,5.72,12.86,37.37
2022-07-23,Coimbatore,11.0168,76.9558,Humid,23.28,27.42,20.67,86.53,2.59,1.78,14.49,37.38
2022-07-24,Coimbatore,11.0168,76.9558,Humid,23.39,27.32,20.52,86.6,2.27,5.94,16.91,37.39
2022-07-25,Coimbatore,11.0168,76.9558,Humid,24.46,29.53,20.52,82.74,1.77,2.75,19.32,37.4
2022-07-26,Coimbatore,11.0168,76.9558,Humid,24.33,28.66,20.99,82.91,1.53,4.32,14.74,37.41
2022-07-27,Coimbatore,11.0168,76.9558,Humid,24.2,27.9,21.27,86.17,0.53,12.95,16.99,37.42
2022-07-28,Coimbatore,11.0168,76.9558,Humid,24.74,28.54,22.22,86.28,0.77,7.13,19.21,37.43
2022-07-29,Coimbatore,11.0168,76.9558,Humid,25.45,29.55,22.22,80.31,1.04,19.51,18.67,37.43
2022-07-30,Coimbatore,11.0168,76.9558,Humid,25.43,31.0,21.05,82.86,1.11,22.05,17.35,37.44
2022-07-31,Coimbatore,11.0168,76.9558,Humid,23.93,26.91,21.92,86.4,1.67,11.95,18.47,37.45
2022-08-01,Coimbatore,11.0168,76.9558,Humid,23.68,26.55,21.39,89.37,1.78,25.33,16.18,37.46
2022-08-02,Coimbatore,11.0168,76.9558,Humid,23.24,26.33,20.94,89.77,2.25,12.85,12.07,37.47
2022-08-03,Coimbatore,11.0168,76.9558,Humid,23.63,27.18,21.13,88.61,1.89,5.74,12.07,37.48
2022-08-04,Coimbatore,11.0168,76.9558,Humid,22.83,24.89,21.4,93.9,3.77,30.57,6.8,37.49
2022-08-05,Coimbatore,11.0168,76.9558,Humid,23.08,25.84,21.39,89.35,4.44,5.61,11.48,37.5
2022-08-06,Coimbatore,11.0168,76.9558,Humid,23.08,26.33,20.78,88.55,4.29,8.28,11.76,37.51
2022-08-07,Coimbatore,11.0168,76.9558,Humid,23.16,26.74,20.53,89.29,4.5,9.86,9.6,37.52
2022-08-08,Coimbatore,11.0168,76.9558,Humid,23.18,26.04,21.65,90.3,4.37,10.6,13.34,37.52
2022-08-09,Coimbatore,11.0168,76.9558,Humid,23.29,26.54,21.02,87.92,4.51,6.08,14.22,37.52
2022-08-10,Coimbatore,11.0168,76.9558,Humid,22.91,26.6,20.5,87.5,4.21,2.07,15.73,37.52
2022-08-11,Coimbatore,11.0168,76.9558,Humid,23.29,27.51,20.29,86.9,3.88,3.84,14.88,37.52
2022-08-12,Coimbatore,11.0168,76.9558,Humid,23.07,27.37,20.34,86.76,3.1,1.47,16.46,37.52
2022-08-13,Coimbatore,11.0168,76.9558,Humid,22.85,26.54,19.9,87.61,1.98,0.03,17.02,37.52
2022-08-14,Coimbatore,11.0168,76.9558,Humid,23.48,28.05,19.64,83.34,2.47,0.02,17.18,37.52
2022-08-15,Coimbatore,11.0168,76.9558,Humid,24.32,29.74,19.8,84.14,1.6,0.0,19.79,37.51
2022-08-16,Coimbatore,11.0168,76.9558,Humid,24.89,29.93,21.31,83.48,1.03,0.0,22.33,37.51
2022-08-17,Coimbatore,11.0168,76.9558,Humid,24.71,29.17,21.02,85.73,1.6,0.03,22.13,37.51
2022-08-18,Coimbatore,11.0168,76.9558,Humid,24.23,27.88,21.79,86.72,1.65,5.76,19.35,37.5
2022-08-19,Coimbatore,11.0168,76.9558,Humid,23.9,27.53,21.13,87.7,2.12,5.71,17.84,37.5
2022-08-20,Coimbatore,11.0168,76.9558,Humid,23.42,28.05,20.21,86.81,2.02,0.41,16.91,37.49
2022-08-21,Coimbatore,11.0168,76.9558,Humid,23.49,27.81,19.83,88.06,2.48,3.06,16.68,37.48
2022-08-22,Coimbatore,11.0168,76.9558,Humid,23.82,27.67,21.47,87.71,3.13,8.28,12.0,37.47
2022-08-23,Coimbatore,11.0168,76.9558,Humid,23.3,27.2,21.25,88.41,2.94,3.41,16.58,37.45
2022-08-24,Coimbatore,11.0168,76.9558,Humid,23.07,27.25,20.42,88.28,2.51,4.19,13.59,37.44
2022-08-25,Coimbatore,11.0168,76.9558,Humid,23.29,26.78,20.62,88.6,1.37,9.98,14.65,37.43
2022-08-26,Coimbatore,11.0168,76.9558,Humid,22.82,26.05,20.83,90.73,2.21,25.36,16.19,37.41
2022-08-27,Coimbatore,11.0168,76.9558,Humid,22.08,24.96,20.4,90.85,2.56,10.07,14.2,37.4
2022-08-28,Coimbatore,11.0168,76.9558,Humid,23.05,27.32,20.14,88.11,1.73,8.18,16.78,37.38
2022-08-29,Coimbatore,11.0168,76.9558,Humid,22.83,25.18,20.87,93.31,1.83,9.02,13.42,37.36
2022-08-30,Coimbatore,11.0168,76.9558,Humid,23.57,26.55,21.22,90.91,0.85,37.5,16.16,37.34
2022-08-31,Coimbatore,11.0168,76.9558,Humid,23.66,26.7,21.45,87.49,0.9,32.94,17.61,37.32
2022-09-01,Coimbatore,11.0168,76.9558,Humid,23.52,27.3,20.6,87.64,0.61,8.33,13.53,37.31
2022-09-02,Coimbatore,11.0168,76.9558,Humid,24.18,28.39,21.13,88.07,1.37,1.57,16.35,37.29
2022-09-03,Coimbatore,11.0168,76.9558,Humid,24.65,29.22,20.33,86.86,1.28,1.74,17.98,37.27
2022-09-04,Coimbatore,11.0168,76.9558,Humid,24.29,27.64,21.95,89.77,1.41,12.45,19.09,37.24
2022-09-05,Coimbatore,11.0168,76.9558,Humid,24.48,28.19,22.13,89.92,1.47,20.19,20.0,37.21
2022-09-06,Coimbatore,11.0168,76.9558,Humid,23.11,26.83,20.99,90.52,2.02,12.06,12.38,37.18
2022-09-07,Coimbatore,11.0168,76.9558,Humid,22.73,26.08,20.44,92.83,2.79,14.53,12.6,37.15
2022-09-08,Coimbatore,11.0168,76.9558,Humid,22.81,26.4,20.41,90.54,2.81,3.92,13.93,37.12
2022-09-09,Coimbatore,11.0168,76.9558,Humid,23.01,26.4,20.83,91.18,2.81,8.19,14.02,37.09
2022-09-10,Coimbatore,11.0168,76.9558,Humid,23.17,26.41,21.17,90.84,3.07,7.63,12.38,37.05
2022-09-11,Coimbatore,11.0168,76.9558,Humid,23.1,26.56,21.31,91.07,3.24,7.37,14.05,37.01
2022-09-12,Coimbatore,11.0168,76.9558,Humid,23.16,26.86,20.95,89.67,3.37,2.51,15.69,36.97
2022-09-13,Coimbatore,11.0168,76.9558,Humid,23.26,27.48,20.53,89.58,2.59,3.2,17.1,36.92
2022-09-14,Coimbatore,11.0168,76.9558,Humid,23.55,27.78,20.92,90.15,1.92,3.39,15.41,36.88
2022-09-15,Coimbatore,11.0168,76.9558,Humid,23.48,28.05,20.04,87.91,1.99,0.13,18.93,36.84
2022-09-16,Coimbatore,11.0168,76.9558,Humid,23.58,28.04,19.7,88.54,1.73,0.21,20.18,36.79
2022-09-17,Coimbatore,11.0168,76.9558,Humid,23.62,28.24,20.39,88.93,1.71,0.56,20.36,36.73
2022-09-18,Coimbatore,11.0168,76.9558,Humid,23.79,28.4,20.07,88.05,1.85,1.81,19.98,36.68
2022-09-19,Coimbatore,11.0168,76.9558,Humid,23.43,26.75,21.1,89.78,2.18,0.48,18.07,36.63
2022-09-20,Coimbatore,11.0168,76.9558,Humid,23.29,28.24,19.72,87.55,1.89,0.02,19.28,36.58
2022-09-21,Coimbatore,11.0168,76.9558,Humid,23.55,28.44,19.87,87.33,2.08,0.0,21.92,36.52
2022-09-22,Coimbatore,11.0168,76.9558,Humid,23.25,28.13,19.92,86.13,2.28,0.01,21.66,36.47
2022-09-23,Coimbatore,11.0168,76.9558,Humid,23.25,28.08,19.88,86.65,2.03,0.01,21.76,36.41
2022-09-24,Coimbatore,11.0168,76.9558,Humid,23.28,27.8,20.09,87.17,1.69,0.19,18.13,36.34
2022-09-25,Coimbatore,11.0168,76.9558,Humid,24.21,29.86,19.24,83.44,1.43,3.43,21.38,36.28
2022-09-26,Coimbatore,11.0168,76.9558,Humid,24.4,29.05,20.82,86.72,1.48,2.67,19.92,36.22
2022-09-27,Coimbatore,11.0168,76.9558,Humid,23.71,28.29,20.16,85.33,1.41,0.0,21.2,36.16
2022-09-28,Coimbatore,11.0168,76.9558,Humid,23.78,28.7,20.19,85.07,1.91,0.34,19.42,36.09
2022-09-29,Coimbatore,11.0168,76.9558,Humid,23.1,26.56,20.65,88.45,1.68,0.17,19.15,36.03
2022-09-30,Coimbatore,11.0168,76.9558,Humid,22.95,26.61,20.57,89.0,2.24,1.79,16.64,35.96
2022-10-01,Coimbatore,11.0168,76.9558,Humid,22.1,25.81,20.06,85.55,2.3,1.17,13.15,35.89
2022-10-02,Coimbatore,11.0168,76.9558,Humid,23.0,27.87,19.47,86.99,2.09,14.63,15.52,35.82
2022-10-03,Coimbatore,11.0168,76.9558,Humid,23.49,27.59,20.66,88.15,2.15,5.28,15.92,35.74
2022-10-04,Coimbatore,11.0168,76.9558,Humid,23.64,26.86,20.77,89.58,1.73,1.82,14.61,35.66
2022-10-05,Coimbatore,11.0168,76.9558,Humid,22.91,26.01,20.96,90.21,2.17,2.36,14.98,35.59
2022-10-06,Coimbatore,11.0168,76.9558,Humid,22.79,26.75,20.36,87.62,2.07,0.19,10.92,35.51
2022-10-07,Coimbatore,11.0168,76.9558,Humid,22.93,28.38,19.45,85.22,1.78,0.08,20.35,35.44
2022-10-08,Coimbatore,11.0168,76.9558,Humid,22.84,28.13,17.56,81.34,1.21,0.09,19.39,35.35
2022-10-09,Coimbatore,11.0168,76.9558,Humid,23.62,28.17,20.0,88.71,0.92,10.53,13.01,35.27
2022-10-10,Coimbatore,11.0168,76.9558,Humid,22.93,26.33,20.64,89.13,1.55,19.09,11.59,35.19
2022-10-11,Coimbatore,11.0168,76.9558,Humid,24.06,28.95,19.69,84.44,0.81,6.83,13.31,35.11
2022-10-12,Coimbatore,11.0168,76.9558,Humid,24.3,28.37,20.9,86.24,0.75,4.13,15.97,35.03
2022-10-13,Coimbatore,11.0168,76.9558,Humid,24.18,28.15,21.36,88.44,0.79,5.59,15.47,34.94
2022-10-14,Coimbatore,11.0168,76.9558,Humid,23.7,28.18,20.53,88.37,1.56,6.18,17.49,34.86
2022-10-15,Coimbatore,11.0168,76.9558,Humid,22.95,26.18,20.55,89.46,0.63,6.88,17.66,34.76
2022-10-16,Coimbatore,11.0168,76.9558,Humid,23.81,27.81,20.66,88.56,1.02,11.71,13.23,34.67
2022-10-17,Coimbatore,11.0168,76.9558,Humid,24.05,28.14,21.69,89.9,1.12,4.53,13.42,34.58
2022-10-18,Coimbatore,11.0168,76.9558,Humid,22.87,25.18,21.05,93.68,1.26,9.35,14.57,34.48
2022-10-19,Coimbatore,11.0168,76.9558,Humid,23.34,27.34,20.14,86.81,0.96,5.32,16.25,34.39
2022-10-20,Coimbatore,11.0168,76.9558,Humid,23.57,27.41,20.95,90.09,0.94,17.81,16.25,34.3
2022-10-21,Coimbatore,11.0168,76.9558,Humid,23.8,27.14,21.56,87.34,1.02,9.43,14.51,34.21
2022-10-22,Coimbatore,11.0168,76.9558,Humid,24.23,28.09,20.74,82.66,1.01,0.89,18.04,34.11
2022-10-23,Coimbatore,11.0168,76.9558,Humid,24.15,28.08,21.38,85.99,0.89,1.67,18.59,34.02
2022-10-24,Coimbatore,11.0168,76.9558,Humid,23.66,27.46,20.95,88.78,1.04,1.31,19.03,33.92
2022-10-25,Coimbatore,11.0168,76.9558,Humid,23.85,28.95,19.84,83.48,0.85,0.05,21.66,33.83
2022-10-26,Coimbatore,11.0168,76.9558,Humid,23.36,28.31,18.54,74.18,0.84,0.0,21.87,33.73
2022-10-27,Coimbatore,11.0168,76.9558,Humid,22.8,28.11,17.3,72.91,1.06,0.0,21.58,33.63
2022-10-28,Coimbatore,11.0168,76.9558,Humid,22.84,28.46,16.5,78.37,1.18,0.55,18.02,33.54
2022-10-29,Coimbatore,11.0168,76.9558,Humid,23.43,27.9,19.45,85.28,1.34,1.86,13.06,33.44
2022-10-30,Coimbatore,11.0168,76.9558,Humid,23.61,27.75,20.14,85.64,1.49,3.21,11.13,33.35
2022-10-31,Coimbatore,11.0168,76.9558,Humid,23.57,26.74,20.94,85.14,1.14,0.75,15.35,33.25
2022-11-01,Coimbatore,11.0168,76.9558,Humid,22.35,24.99,20.73,90.73,0.98,5.24,14.32,33.16
2022-11-02,Coimbatore,11.0168,76.9558,Humid,22.43,25.99,19.99,88.76,1.01,4.91,14.58,33.06
2022-11-03,Coimbatore,11.0168,76.9558,Humid,22.6,27.08,18.54,86.39,1.44,11.94,12.07,32.97
2022-11-04,Coimbatore,11.0168,76.9558,Humid,22.8,27.04,19.99,87.92,2.08,8.32,13.99,32.87
2022-11-05,Coimbatore,11.0168,76.9558,Humid,22.4,27.13,18.7,87.0,1.88,3.16,17.68,32.78
2022-11-06,Coimbatore,11.0168,76.9558,Humid,22.63,26.68,19.44,89.6,1.52,5.93,14.49,32.68
2022-11-07,Coimbatore,11.0168,76.9558,Humid,23.23,27.58,20.07,86.16,1.54,0.43,17.08,32.58
2022-11-08,Coimbatore,11.0168,76.9558,Humid,23.58,28.04,20.39,85.21,1.61,0.55,16.2,32.49
2022-11-09,Coimbatore,11.0168,76.9558,Humid,23.57,28.04,19.89,84.5,1.53,0.59,17.35,32.39
2022-11-10,Coimbatore,11.0168,76.9558,Humid,23.77,28.32,19.93,81.02,1.34,2.48,19.23,32.3
2022-11-11,Coimbatore,11.0168,76.9558,Humid,22.43,26.69,20.15,88.74,0.92,26.67,6.16,32.21
2022-11-12,Coimbatore,11.0168,76.9558,Humid,22.04,25.37,19.9,92.97,1.55,30.24,6.03,32.11
2022-11-13,Coimbatore,11.0168,76.9558,Humid,22.29,25.35,20.25,92.76,2.45,5.81,14.03,32.02
2022-11-14,Coimbatore,11.0168,76.9558,Humid,22.15,25.98,18.8,89.78,1.53,5.6,17.74,31.93
2022-11-15,Coimbatore,11.0168,76.9558,Humid,22.45,26.82,19.74,89.51,1.35,0.56,15.61,31.85
2022-11-16,Coimbatore,11.0168,76.9558,Humid,23.13,27.76,18.92,87.34,0.85,0.31,15.71,31.76
2022-11-17,Coimbatore,11.0168,76.9558,Humid,23.28,26.87,20.69,81.73,0.8,0.06,17.78,31.68
2022-11-18,Coimbatore,11.0168,76.9558,Humid,21.32,26.8,16.62,73.13,1.18,0.0,19.02,31.59
2022-11-19,Coimbatore,11.0168,76.9558,Humid,20.33,26.25,15.34,77.82,1.36,0.0,19.43,31.51
2022-11-20,Coimbatore,11.0168,76.9558,Humid,21.38,26.24,16.09,73.56,0.84,0.0,18.87,31.43
2022-11-21,Coimbatore,11.0168,76.9558,Humid,22.64,27.32,18.28,73.38,0.67,0.0,20.31,31.35
2022-11-22,Coimbatore,11.0168,76.9558,Humid,22.1,27.48,17.54,78.18,0.7,0.09,17.23,31.27
2022-11-23,Coimbatore,11.0168,76.9558,Humid,22.31,27.48,18.55,87.32,1.18,0.73,12.1,31.2
2022-11-24,Coimbatore,11.0168,76.9558,Humid,23.29,28.2,19.47,86.58,0.65,0.43,11.47,31.13
2022-11-25,Coimbatore,11.0168,76.9558,Humid,23.26,27.35,20.0,86.25,1.57,0.14,14.35,31.06
2022-11-26,Coimbatore,11.0168,76.9558,Humid,22.63,27.02,19.39,87.71,1.32,0.56,14.98,31.0
2022-11-27,Coimbatore,11.0168,76.9558,Humid,23.49,28.18,19.9,88.34,0.91,7.43,9.23,30.93
2022-11-28,Coimbatore,11.0168,76.9558,Humid,23.53,27.85,20.74,88.0,0.63,4.86,8.33,30.86
2022-11-29,Coimbatore,11.0168,76.9558,Humid,23.2,27.15,20.76,89.44,1.12,5.23,10.24,30.8
2022-11-30,Coimbatore,11.0168,76.9558,Humid,21.89,26.58,18.3,84.49,1.4,0.99,15.27,30.74
2022-12-01,Coimbatore,11.0168,76.9558,Humid,22.07,27.7,16.07,86.24,1.57,0.46,17.63,30.68
2022-12-02,Coimbatore,11.0168,76.9558,Humid,23.38,27.84,20.02,86.05,1.59,0.27,14.02,30.63
2022-12-03,Coimbatore,11.0168,76.9558,Humid,23.15,27.92,19.69,86.09,1.92,1.18,17.55,30.57
2022-12-04,Coimbatore,11.0168,76.9558,Humid,22.96,27.2,19.89,88.8,1.81,7.26,15.47,30.52
2022-12-05,Coimbatore,11.0168,76.9558,Humid,21.64,24.71,19.5,89.13,1.78,0.94,13.97,30.46
2022-12-06,Coimbatore,11.0168,76.9558,Humid,22.85,28.03,18.72,83.21,1.36,0.0,14.47,30.42
2022-12-07,Coimbatore,11.0168,76.9558,Humid,22.11,26.62,17.74,78.31,0.91,0.0,13.16,30.37
2022-12-08,Coimbatore,11.0168,76.9558,Humid,21.45,26.74,17.11,72.3,0.82,1.15,14.54,30.34
2022-12-09,Coimbatore,11.0168,76.9558,Humid,19.97,21.96,18.48,88.9,1.31,10.44,8.78,30.3
2022-12-10,Coimbatore,11.0168,76.9558,Humid,21.41,26.15,18.11,88.58,2.53,10.29,7.31,30.27
2022-12-11,Coimbatore,11.0168,76.9558,Humid,22.3,25.36,20.2,92.18,2.3,9.16,7.46,30.24
2022-12-12,Coimbatore,11.0168,76.9558,Humid,22.81,26.81,20.44,90.47,1.65,10.54,8.79,30.21
2022-12-13,Coimbatore,11.0168,76.9558,Humid,23.02,27.2,20.14,88.04,0.98,18.86,13.75,30.19
2022-12-14,Coimbatore,11.0168,76.9558,Humid,22.44,26.62,19.67,89.59,1.71,8.58,12.37,30.17
2022-12-15,Coimbatore,11.0168,76.9558,Humid,21.85,27.12,17.57,84.1,1.64,0.31,21.01,30.15
2022-12-16,Coimbatore,11.0168,76.9558,Humid,20.93,26.75,15.95,76.4,1.45,0.0,21.58,30.14
2022-12-17,Coimbatore,11.0168,76.9558,Humid,21.29,26.84,16.76,83.34,1.67,0.0,19.4,30.12
2022-12-18,Coimbatore,11.0168,76.9558,Humid,22.07,27.14,17.65,86.54,1.91,0.0,14.85,30.12
2022-12-19,Coimbatore,11.0168,76.9558,Humid,21.4,26.44,18.05,78.92,1.74,0.0,18.63,30.12
2022-12-20,Coimbatore,11.0168,76.9558,Humid,21.6,25.38,18.0,84.8,1.3,0.0,16.12,30.11
2022-12-21,Coimbatore,11.0168,76.9558,Humid,22.32,27.52,18.5,77.17,1.42,0.0,19.84,30.11
2022-12-22,Coimbatore,11.0168,76.9558,Humid,21.54,27.72,16.67,70.76,1.27,0.0,21.05,30.11
2022-12-23,Coimbatore,11.0168,76.9558,Humid,22.19,28.58,16.26,72.43,1.03,0.0,20.52,30.12
2022-12-24,Coimbatore,11.0168,76.9558,Humid,23.3,29.24,18.58,79.75,1.06,0.0,20.52,30.13
2022-12-25,Coimbatore,11.0168,76.9558,Humid,23.19,28.56,18.55,83.95,1.77,8.83,13.86,30.14
2022-12-26,Coimbatore,11.0168,76.9558,Humid,23.01,27.68,19.87,88.14,2.48,5.78,12.35,30.16
2022-12-27,Coimbatore,11.0168,76.9558,Humid,22.77,27.35,19.42,87.52,2.44,1.91,13.96,30.18
2022-12-28,Coimbatore,11.0168,76.9558,Humid,23.03,28.19,19.69,84.77,1.92,0.34,17.94,30.21
2022-12-29,Coimbatore,11.0168,76.9558,Humid,22.49,28.44,18.42,82.92,1.83,0.0,20.22,30.23
2022-12-30,Coimbatore,11.0168,76.9558,Humid,21.61,27.86,17.45,78.83,1.67,0.0,21.42,30.26
2022-12-31,Coimbatore,11.0168,76.9558,Humid,21.55,28.0,16.47,74.48,1.31,0.0,21.13,30.29
2023-01-01,Coimbatore,11.0168,76.9558,Humid,21.14,28.19,15.63,74.05,1.31,0.0,20.18,30.33
2023-01-02,Coimbatore,11.0168,76.9558,Humid,20.62,27.67,15.61,76.86,1.84,0.0,21.35,30.37
2023-01-03,Coimbatore,11.0168,76.9558,Humid,21.18,27.57,15.73,78.21,1.78,0.0,19.7,30.41
2023-01-04,Coimbatore,11.0168,76.9558,Humid,21.42,27.87,16.53,77.24,1.81,0.0,20.18,30.46
2023-01-05,Coimbatore,11.0168,76.9558,Humid,21.21,27.6,16.29,75.8,1.93,0.0,19.07,30.51
2023-01-06,Coimbatore,11.0168,76.9558,Humid,21.47,28.09,15.45,77.32,2.14,0.0,19.07,30.56
2023-01-07,Coimbatore,11.0168,76.9558,Humid,21.66,28.16,16.67,76.08,2.18,0.0,19.02,30.61
2023-01-08,Coimbatore,11.0168,76.9558,Humid,22.23,28.7,17.15,77.8,1.75,0.01,17.3,30.66
2023-01-09,Coimbatore,11.0168,76.9558,Humid,21.93,28.87,16.52,74.83,1.74,0.0,18.99,30.72
2023-01-10,Coimbatore,11.0168,76.9558,Humid,20.16,28.95,13.47,67.41,1.92,0.0,22.37,30.77
2023-01-11,Coimbatore,11.0168,76.9558,Humid,20.63,29.1,14.01,66.6,1.58,0.0,22.54,30.83
2023-01-12,Coimbatore,11.0168,76.9558,Humid,20.63,29.88,13.85,65.49,1.58,0.0,22.64,30.9
2023-01-13,Coimbatore,11.0168,76.9558,Humid,20.95,29.77,14.33,67.22,1.34,0.0,16.49,30.96
2023-01-14,Coimbatore,11.0168,76.9558,Humid,21.07,30.18,14.17,66.81,1.31,0.0,21.35,31.03
2023-01-15,Coimbatore,11.0168,76.9558,Humid,20.88,29.64,13.61,67.26,1.41,0.0,21.6,31.1
2023-01-16,Coimbatore,11.0168,76.9558,Humid,21.04,30.1,14.07,66.36,1.53,0.0,20.38,31.17
2023-01-17,Coimbatore,11.0168,76.9558,Humid,21.03,30.23,14.47,68.25,1.5,0.0,22.33,31.24
2023-01-18,Coimbatore,11.0168,76.9558,Humid,20.89,29.71,14.7,70.57,1.88,0.0,22.78,31.32
2023-01-19,Coimbatore,11.0168,76.9558,Humid,21.08,30.45,14.5,66.29,1.86,0.0,23.05,31.4
2023-01-20,Coimbatore,11.0168,76.9558,Humid,20.72,28.74,14.26,72.48,2.05,0.0,22.09,31.49
2023-01-21,Coimbatore,11.0168,76.9558,Humid,22.03,29.93,16.22,70.23,1.68,0.0,20.04,31.58
2023-01-22,Coimbatore,11.0168,76.9558,Humid,21.85,29.62,15.85,67.43,1.82,0.0,19.95,31.68
2023-01-23,Coimbatore,11.0168,76.9558,Humid,22.79,29.18,17.02,74.43,1.64,1.26,18.9,31.78
2023-01-24,Coimbatore,11.0168,76.9558,Humid,22.93,28.78,19.08,81.9,1.45,4.34,10.02,31.87
2023-01-25,Coimbatore,11.0168,76.9558,Humid,22.91,30.62,17.51,71.57,1.62,0.12,17.62,31.96
2023-01-26,Coimbatore,11.0168,76.9558,Humid,22.03,30.31,15.73,68.68,1.64,0.0,21.31,32.05
2023-01-27,Coimbatore,11.0168,76.9558,Humid,21.62,30.35,15.58,64.6,1.72,0.0,22.25,32.15
2023-01-28,Coimbatore,11.0168,76.9558,Humid,21.49,30.83,13.63,59.44,1.79,0.0,23.1,32.25
2023-01-29,Coimbatore,11.0168,76.9558,Humid,22.02,30.86,13.81,65.11,1.86,0.0,22.15,32.34
2023-01-30,Coimbatore,11.0168,76.9558,Humid,23.68,30.74,17.42,74.82,1.34,0.25,16.68,32.44
2023-01-31,Coimbatore,11.0168,76.9558,Humid,24.63,32.42,19.08,66.41,1.57,0.19,16.41,32.54
2023-02-01,Coimbatore,11.0168,76.9558,Humid,24.41,32.71,18.12,58.13,1.72,0.0,19.78,32.65
2023-02-02,Coimbatore,11.0168,76.9558,Humid,23.29,28.72,18.07,64.32,2.11,1.08,17.18,32.75
2023-02-03,Coimbatore,11.0168,76.9558,Humid,23.89,31.21,17.87,71.46,1.94,2.16,11.32,32.85
2023-02-04,Coimbatore,11.0168,76.9558,Humid,24.08,31.83,19.27,71.54,2.27,3.17,17.35,32.95
2023-02-05,Coimbatore,11.0168,76.9558,Humid,24.15,33.26,17.2,59.18,1.77,0.03,22.54,33.06
2023-02-06,Coimbatore,11.0168,76.9558,Humid,23.7,32.6,17.03,59.86,1.6,0.0,21.74,33.16
2023-02-07,Coimbatore,11.0168,76.9558,Humid,24.02,32.35,16.66,58.24,1.21,0.0,21.36,33.26
2023-02-08,Coimbatore,11.0168,76.9558,Humid,23.72,33.0,16.14,60.4,1.67,0.0,21.93,33.35
2023-02-09,Coimbatore,11.0168,76.9558,Humid,23.69,32.63,16.64,60.96,1.59,0.0,21.64,33.45
2023-02-10,Coimbatore,11.0168,76.9558,Humid,23.6,32.98,16.04,57.51,2.06,0.0,22.1,33.57
2023-02-11,Coimbatore,11.0168,76.9558,Humid,23.25,32.91,16.01,56.29,1.71,0.0,21.35,33.67
2023-02-12,Coimbatore,11.0168,76.9558,Humid,23.51,33.44,16.17,50.91,1.86,0.0,24.18,33.77
2023-02-13,Coimbatore,11.0168,76.9558,Humid,23.36,33.71,14.93,50.3,2.18,0.0,24.85,33.87
2023-02-14,Coimbatore,11.0168,76.9558,Humid,23.4,33.26,15.22,52.97,1.69,0.0,25.01,33.97
2023-02-15,Coimbatore,11.0168,76.9558,Humid,23.94,34.36,15.45,49.49,1.67,0.0,24.92,34.07
2023-02-16,Coimbatore,11.0168,76.9558,Humid,23.64,33.63,15.5,51.43,2.26,0.0,24.9,34.17
2023-02-17,Coimbatore,11.0168,76.9558,Humid,23.43,33.37,15.75,54.66,2.01,0.0,24.98,34.28
2023-02-18,Coimbatore,11.0168,76.9558,Humid,23.66,33.07,16.2,55.2,1.73,0.0,24.37,34.39
2023-02-19,Coimbatore,11.0168,76.9558,Humid,24.37,33.94,16.3,52.62,1.6,0.0,22.95,34.49
2023-02-20,Coimbatore,11.0168,76.9558,Humid,25.39,34.98,16.49,51.35,1.15,0.0,23.42,34.6
2023-02-21,Coimbatore,11.0168,76.9558,Humid,25.38,34.95,17.56,47.43,1.66,0.0,23.51,34.7
2023-02-22,Coimbatore,11.0168,76.9558,Humid,25.15,34.89,17.05,42.65,2.13,0.0,24.02,34.79
2023-02-23,Coimbatore,11.0168,76.9558,Humid,23.74,33.31,15.41,47.2,2.14,0.0,26.46,34.88
2023-02-24,Coimbatore,11.0168,76.9558,Humid,25.18,35.15,17.08,51.24,1.58,0.0,26.42,34.98
2023-02-25,Coimbatore,11.0168,76.9558,Humid,25.37,35.55,17.03,41.49,2.15,0.0,26.55,35.08
2023-02-26,Coimbatore,11.0168,76.9558,Humid,24.58,34.44,16.34,41.77,2.38,0.0,25.83,35.18
2023-02-27,Coimbatore,11.0168,76.9558,Humid,23.91,33.53,16.19,47.62,2.41,0.0,26.56,35.28
2023-02-28,Coimbatore,11.0168,76.9558,Humid,24.59,32.22,15.62,51.23,2.39,0.01,23.87,35.38
2023-03-01,Coimbatore,11.0168,76.9558,Humid,26.59,33.76,20.15,56.12,3.12,0.04,19.36,35.48
2023-03-02,Coimbatore,11.0168,76.9558,Humid,25.98,34.75,19.52,46.62,2.86,0.03,26.35,35.58
2023-03-03,Coimbatore,11.0168,76.9558,Humid,24.68,34.91,15.43,35.78,2.71,0.0,26.96,35.67
2023-03-04,Coimbatore,11.0168,76.9558,Humid,25.57,35.1,16.11,44.09,2.67,0.0,26.06,35.76
2023-03-05,Coimbatore,11.0168,76.9558,Humid,26.35,35.18,18.75,49.29,2.36,1.35,25.66,35.84
2023-03-06,Coimbatore,11.0168,76.9558,Humid,25.39,34.01,17.19,38.07,2.17,0.03,26.78,35.93
2023-03-07,Coimbatore,11.0168,76.9558,Humid,25.46,33.97,18.28,39.35,2.22,0.0,20.18,36.01
2023-03-08,Coimbatore,11.0168,76.9558,Humid,25.51,34.68,18.15,48.5,2.59,0.0,26.19,36.09
2023-03-09,Coimbatore,11.0168,76.9558,Humid,25.95,34.18,18.64,49.92,2.51,0.0,21.81,36.18
2023-03-10,Coimbatore,11.0168,76.9558,Humid,26.14,33.66,18.96,46.95,2.3,0.0,22.91,36.26
2023-03-11,Coimbatore,11.0168,76.9558,Humid,26.8,35.74,20.23,46.43,2.21,0.0,25.35,36.35
2023-03-12,Coimbatore,11.0168,76.9558,Humid,26.82,35.38,19.21,49.34,2.66,0.0,26.36,36.42
2023-03-13,Coimbatore,11.0168,76.9558,Humid,27.01,35.49,19.96,52.27,2.5,0.0,24.66,36.5
2023-03-14,Coimbatore,11.0168,76.9558,Humid,27.25,35.88,19.09,42.79,1.64,0.0,21.57,36.57
2023-03-15,Coimbatore,11.0168,76.9558,Humid,28.75,37.22,21.39,44.6,0.94,0.12,21.15,36.64
2023-03-16,Coimbatore,11.0168,76.9558,Humid,28.21,34.7,22.31,56.08,0.76,0.47,18.44,36.71
2023-03-17,Coimbatore,11.0168,76.9558,Humid,27.97,34.72,23.01,61.26,0.77,7.19,20.32,36.78
2023-03-18,Coimbatore,11.0168,76.9558,Humid,26.99,33.95,21.76,69.07,1.32,2.47,18.98,36.84
2023-03-19,Coimbatore,11.0168,76.9558,Humid,26.87,34.57,21.16,66.84,1.54,1.25,22.63,36.9
2023-03-20,Coimbatore,11.0168,76.9558,Humid,26.62,34.76,20.45,62.47,1.98,1.33,22.65,36.96
2023-03-21,Coimbatore,11.0168,76.9558,Humid,26.53,36.09,19.01,55.29,2.03,0.09,25.71,37.02
2023-03-22,Coimbatore,11.0168,76.9558,Humid,26.62,36.79,17.75,49.67,1.33,0.02,26.46,37.07
2023-03-23,Coimbatore,11.0168,76.9558,Humid,27.63,36.82,19.54,57.12,1.27,0.34,23.08,37.13
2023-03-24,Coimbatore,11.0168,76.9558,Humid,27.99,35.29,21.85,59.92,0.92,2.44,19.23,37.17
2023-03-25,Coimbatore,11.0168,76.9558,Humid,26.41,31.82,23.0,73.43,0.86,5.14,19.28,37.23
2023-03-26,Coimbatore,11.0168,76.9558,Humid,27.18,34.7,21.65,67.41,1.0,2.49,19.22,37.29
2023-03-27,Coimbatore,11.0168,76.9558,Humid,26.63,32.18,22.67,70.14,1.15,0.42,17.73,37.34
2023-03-28,Coimbatore,11.0168,76.9558,Humid,28.72,35.81,22.27,61.17,1.16,0.9,24.55,37.39
2023-03-29,Coimbatore,11.0168,76.9558,Humid,27.29,34.06,22.96,71.79,1.02,4.88,16.17,37.45
2023-03-30,Coimbatore,11.0168,76.9558,Humid,27.87,35.72,21.45,65.75,0.87,3.28,18.93,37.5
2023-03-31,Coimbatore,11.0168,76.9558,Humid,28.27,36.42,21.5,63.33,1.03,1.15,23.93,37.54
2023-04-01,Coimbatore,11.0168,76.9558,Humid,27.73,35.08,21.72,62.76,1.35,1.29,20.07,37.58
2023-04-02,Coimbatore,11.0168,76.9558,Humid,27.12,34.45,21.45,66.81,1.37,1.77,22.81,37.61
2023-04-03,Coimbatore,11.0168,76.9558,Humid,25.4,29.71,21.95,74.23,0.89,3.47,21.88,37.65
2023-04-04,Coimbatore,11.0168,76.9558,Humid,26.38,32.95,21.37,73.11,0.79,3.17,9.9,37.68
2023-04-05,Coimbatore,11.0168,76.9558,Humid,27.9,35.2,22.79,64.23,0.94,0.18,21.1,37.72
2023-04-06,Coimbatore,11.0168,76.9558,Humid,28.23,34.95,22.8,63.42,0.86,0.03,20.63,37.75
2023-04-07,Coimbatore,11.0168,76.9558,Humid,28.59,35.66,22.27,54.36,1.79,0.01,22.68,37.78
2023-04-08,Coimbatore,11.0168,76.9558,Humid,28.66,35.99,21.29,49.07,2.39,0.01,26.19,37.81
2023-04-09,Coimbatore,11.0168,76.9558,Humid,28.58,36.66,21.43,48.73,1.79,0.03,24.93,37.83
2023-04-10,Coimbatore,11.0168,76.9558,Humid,29.12,37.08,21.94,48.89,2.21,0.36,26.08,37.84
2023-04-11,Coimbatore,11.0168,76.9558,Humid,28.94,37.31,21.66,49.8,1.81,0.49,26.06,37.87
2023-04-12,Coimbatore,11.0168,76.9558,Humid,28.98,36.26,22.98,44.43,1.48,0.0,26.67,37.89
2023-04-13,Coimbatore,11.0168,76.9558,Humid,29.8,38.6,22.36,34.22,1.48,0.0,27.95,37.91
2023-04-14,Coimbatore,11.0168,76.9558,Humid,29.18,36.62,23.42,42.85,1.07,0.0,26.5,37.92
2023-04-15,Coimbatore,11.0168,76.9558,Humid,29.73,38.18,22.37,45.06,1.46,0.0,23.34,37.93
2023-04-16,Coimbatore,11.0168,76.9558,Humid,28.81,36.3,23.08,44.89,1.19,0.0,25.61,37.94
2023-04-17,Coimbatore,11.0168,76.9558,Humid,29.26,37.51,22.49,45.27,1.16,0.0,26.26,37.95
2023-04-18,Coimbatore,11.0168,76.9558,Humid,30.14,38.64,22.84,46.26,1.2,0.0,26.91,37.96
2023-04-19,Coimbatore,11.0168,76.9558,Humid,30.1,38.4,23.35,48.73,1.18,0.0,26.07,37.97
2023-04-20,Coimbatore,11.0168,76.9558,Humid,30.11,38.6,23.11,57.17,2.18,0.0,24.56,37.97
2023-04-21,Coimbatore,11.0168,76.9558,Humid,29.94,38.29,23.21,57.68,2.13,0.28,21.06,37.98
2023-04-22,Coimbatore,11.0168,76.9558,Humid,30.17,37.74,23.69,58.09,1.65,1.93,20.06,37.99
2023-04-23,Coimbatore,11.0168,76.9558,Humid,29.75,37.01,24.07,61.83,1.51,1.45,18.63,38.0
2023-04-24,Coimbatore,11.0168,76.9558,Humid,28.05,33.61,24.44,65.92,1.08,4.37,21.79,38.0
2023-04-25,Coimbatore,11.0168,76.9558,Humid,27.95,33.78,23.53,66.69,1.18,5.01,16.59,38.0
2023-04-26,Coimbatore,11.0168,76.9558,Humid,25.79,28.94,23.57,80.64,1.46,8.39,18.09,37.99
2023-04-27,Coimbatore,11.0168,76.9558,Humid,27.34,33.42,22.33,71.84,1.44,6.87,20.14,37.98
2023-04-28,Coimbatore,11.0168,76.9558,Humid,27.35,33.92,21.96,68.54,1.49,5.65,20.94,37.97
2023-04-29,Coimbatore,11.0168,76.9558,Humid,26.89,31.27,23.54,75.49,1.16,18.81,17.73,37.97
2023-04-30,Coimbatore,11.0168,76.9558,Humid,26.95,32.39,22.61,74.32,1.09,3.5,20.3,37.97
2023-05-01,Coimbatore,11.0168,76.9558,Humid,24.67,27.14,22.66,87.93,1.09,26.95,14.95,37.97
2023-05-02,Coimbatore,11.0168,76.9558,Humid,26.04,31.41,22.71,81.97,1.5,10.29,18.63,37.97
2023-05-03,Coimbatore,11.0168,76.9558,Humid,24.71,27.7,22.52,84.69,1.72,3.96,21.69,37.96
2023-05-04,Coimbatore,11.0168,76.9558,Humid,25.39,30.5,21.85,79.08,1.27,2.56,21.14,37.94
2023-05-05,Coimbatore,11.0168,76.9558,Humid,24.6,28.36,21.61,80.16,1.41,2.63,17.57,37.93
2023-05-06,Coimbatore,11.0168,76.9558,Humid,25.22,31.03,20.76,78.55,1.38,6.22,19.07,37.91
2023-05-07,Coimbatore,11.0168,76.9558,Humid,24.51,29.43,21.4,81.24,1.81,2.21,15.47,37.89
2023-05-08,Coimbatore,11.0168,76.9558,Humid,25.23,31.73,21.24,80.32,1.17,3.96,18.9,37.88
2023-05-09,Coimbatore,11.0168,76.9558,Humid,27.0,34.11,21.36,73.7,1.19,2.04,20.16,37.87
2023-05-10,Coimbatore,11.0168,76.9558,Humid,26.79,32.1,22.44,76.62,1.33,1.49,22.44,37.86
2023-05-11,Coimbatore,11.0168,76.9558,Humid,26.68,32.68,22.61,78.69,1.29,2.91,19.16,37.86
2023-05-12,Coimbatore,11.0168,76.9558,Humid,26.48,32.5,22.57,74.75,2.3,0.63,20.02,37.84
2023-05-13,Coimbatore,11.0168,76.9558,Humid,26.93,34.11,21.72,70.96,2.77,0.0,16.86,37.82
2023-05-14,Coimbatore,11.0168,76.9558,Humid,26.66,32.53,23.35,75.04,2.26,0.0,23.05,37.8
2023-05-15,Coimbatore,11.0168,76.9558,Humid,27.16,32.09,23.83,76.94,2.38,0.0,23.52,37.79
2023-05-16,Coimbatore,11.0168,76.9558,Humid,28.41,35.15,23.68,70.91,1.81,0.25,25.55,37.77
2023-05-17,Coimbatore,11.0168,76.9558,Humid,26.96,30.9,23.2,73.9,1.29,2.06,22.54,37.75
2023-05-18,Coimbatore,11.0168,76.9558,Humid,28.27,35.12,22.97,71.06,1.35,0.5,19.66,37.74
2023-05-19,Coimbatore,11.0168,76.9558,Humid,26.93,31.28,23.66,77.79,1.3,1.83,20.2,37.72
2023-05-20,Coimbatore,11.0168,76.9558,Humid,27.78,33.93,23.09,73.18,1.75,1.18,22.24,37.7
2023-05-21,Coimbatore,11.0168,76.9558,Humid,27.29,33.03,23.22,76.05,1.4,4.7,20.78,37.67
2023-05-22,Coimbatore,11.0168,76.9558,Humid,26.64,31.34,23.44,79.56,1.3,2.41,19.33,37.64
2023-05-23,Coimbatore,11.0168,76.9558,Humid,27.75,35.1,22.02,71.2,1.5,0.34,21.09,37.61
2023-05-24,Coimbatore,11.0168,76.9558,Humid,26.39,30.86,23.46,80.54,1.72,7.04,19.84,37.6
2023-05-25,Coimbatore,11.0168,76.9558,Humid,26.61,32.14,23.01,78.99,2.17,2.69,19.11,37.58
2023-05-26,Coimbatore,11.0168,76.9558,Humid,27.2,33.6,23.2,74.85,2.15,3.32,17.53,37.57
2023-05-27,Coimbatore,11.0168,76.9558,Humid,26.75,32.05,23.09,76.59,1.96,3.5,24.6,37.55
2023-05-28,Coimbatore,11.0168,76.9558,Humid,27.27,32.13,23.23,75.08,1.08,0.82,19.34,37.54
2023-05-29,Coimbatore,11.0168,76.9558,Humid,27.19,32.4,23.56,75.83,0.93,1.72,20.6,37.53
2023-05-30,Coimbatore,11.0168,76.9558,Humid,27.17,33.17,23.2,75.54,1.63,1.02,15.94,37.51
2023-05-31,Coimbatore,11.0168,76.9558,Humid,26.59,31.85,23.45,74.49,1.36,1.3,16.29,37.5
2023-06-01,Coimbatore,11.0168,76.9558,Humid,26.5,31.7,22.75,78.32,2.49,0.46,16.75,37.48
2023-06-02,Coimbatore,11.0168,76.9558,Humid,26.69,32.86,23.25,76.21,1.89,4.98,17.77,37.46
2023-06-03,Coimbatore,11.0168,76.9558,Humid,27.29,33.61,22.89,73.47,2.13,1.48,19.61,37.45
2023-06-04,Coimbatore,11.0168,76.9558,Humid,26.11,30.87,22.75,77.54,2.1,1.65,18.46,37.43
2023-06-05,Coimbatore,11.0168,76.9558,Humid,25.94,30.66,22.85,80.47,2.52,2.07,19.6,37.42
2023-06-06,Coimbatore,11.0168,76.9558,Humid,26.66,32.95,22.51,76.23,2.68,2.07,23.6,37.41
2023-06-07,Coimbatore,11.0168,76.9558,Humid,26.29,31.3,23.32,79.34,2.98,3.79,20.6,37.4
2023-06-08,Coimbatore,11.0168,76.9558,Humid,26.12,31.38,23.24,78.9,2.85,3.36,20.51,37.39
2023-06-09,Coimbatore,11.0168,76.9558,Humid,26.25,31.51,22.96,78.55,3.24,2.1,19.62,37.37
2023-06-10,Coimbatore,11.0168,76.9558,Humid,25.72,30.38,22.68,77.61,3.49,1.26,17.59,37.36
2023-06-11,Coimbatore,11.0168,76.9558,Humid,26.13,31.89,21.79,78.24,3.15,0.91,16.88,37.35
2023-06-12,Coimbatore,11.0168,76.9558,Humid,26.09,30.86,23.04,80.93,2.85,6.36,16.21,37.34
2023-06-13,Coimbatore,11.0168,76.9558,Humid,25.97,30.59,22.7,80.11,2.97,3.48,17.95,37.33
2023-06-14,Coimbatore,11.0168,76.9558,Humid,25.45,28.73,22.6,82.18,2.76,1.77,19.08,37.32
2023-06-15,Coimbatore,11.0168,76.9558,Humid,26.76,32.96,22.26,76.29,2.66,0.31,20.37,37.31
2023-06-16,Coimbatore,11.0168,76.9558,Humid,27.2,33.63,22.55,73.07,3.28,0.18,22.5,37.3
2023-06-17,Coimbatore,11.0168,76.9558,Humid,25.1,28.33,23.12,85.27,2.82,7.29,20.1,37.28
2023-06-18,Coimbatore,11.0168,76.9558,Humid,25.65,30.39,22.47,80.95,2.38,4.49,16.56,37.27
2023-06-19,Coimbatore,11.0168,76.9558,Humid,25.91,32.08,22.03,72.97,2.05,0.43,18.73,37.26
2023-06-20,Coimbatore,11.0168,76.9558,Humid,26.14,32.43,21.84,76.31,1.82,7.81,13.09,37.26
2023-06-21,Coimbatore,11.0168,76.9558,Humid,26.3,32.45,22.38,78.4,2.02,13.32,15.02,37.26
2023-06-22,Coimbatore,11.0168,76.9558,Humid,25.31,30.62,22.08,79.83,2.17,8.53,18.67,37.25
2023-06-23,Coimbatore,11.0168,76.9558,Humid,24.7,29.47,21.38,75.29,2.61,1.52,16.38,37.26
2023-06-24,Coimbatore,11.0168,76.9558,Humid,24.65,29.7,20.92,78.94,2.7,0.21,17.09,37.25
2023-06-25,Coimbatore,11.0168,76.9558,Humid,24.57,28.14,21.82,82.11,2.68,3.89,15.25,37.25
2023-06-26,Coimbatore,11.0168,76.9558,Humid,24.31,29.84,20.53,74.87,2.8,0.54,16.67,37.24
2023-06-27,Coimbatore,11.0168,76.9558,Humid,24.41,29.91,20.18,79.77,2.85,5.33,13.41,37.24
2023-06-28,Coimbatore,11.0168,76.9558,Humid,24.98,31.04,19.72,75.91,2.96,1.46,15.86,37.22
2023-06-29,Coimbatore,11.0168,76.9558,Humid,25.15,31.33,20.96,79.0,3.13,3.2,13.82,37.22
2023-06-30,Coimbatore,11.0168,76.9558,Humid,24.41,29.59,20.22,78.0,2.48,1.56,18.45,37.23
2023-07-01,Coimbatore,11.0168,76.9558,Humid,25.53,31.87,21.13,78.23,2.32,1.74,17.83,37.23
2023-07-02,Coimbatore,11.0168,76.9558,Humid,24.24,29.29,20.09,77.99,3.12,4.04,16.23,37.24
2023-07-03,Coimbatore,11.0168,76.9558,Humid,24.71,28.96,21.78,82.28,3.91,11.05,14.9,37.25
2023-07-04,Coimbatore,11.0168,76.9558,Humid,24.52,28.62,22.32,82.54,4.63,9.63,9.81,37.26
2023-07-05,Coimbatore,11.0168,76.9558,Humid,23.66,25.9,22.01,85.91,4.45,15.37,9.78,37.26
2023-07-06,Coimbatore,11.0168,76.9558,Humid,24.12,27.64,21.75,84.96,3.98,10.31,7.2,37.26
2023-07-07,Coimbatore,11.0168,76.9558,Humid,23.8,27.67,21.05,84.69,3.57,9.92,9.86,37.26
2023-07-08,Coimbatore,11.0168,76.9558,Humid,24.37,29.34,21.25,81.24,2.64,4.42,11.43,37.26
2023-07-09,Coimbatore,11.0168,76.9558,Humid,24.66,30.36,20.05,81.42,2.36,2.56,16.64,37.26
2023-07-10,Coimbatore,11.0168,76.9558,Humid,25.22,30.25,21.68,82.63,1.89,4.47,16.52,37.26
2023-07-11,Coimbatore,11.0168,76.9558,Humid,24.94,29.81,21.51,80.71,2.26,3.35,10.3,37.27
2023-07-12,Coimbatore,11.0168,76.9558,Humid,24.61,30.56,20.65,78.51,2.71,0.66,19.65,37.27
2023-07-13,Coimbatore,11.0168,76.9558,Humid,24.18,29.8,19.65,76.97,2.8,2.26,16.13,37.28
2023-07-14,Coimbatore,11.0168,76.9558,Humid,24.39,30.28,20.88,79.31,3.07,0.37,16.81,37.29
2023-07-15,Coimbatore,11.0168,76.9558,Humid,24.85,29.95,21.31,79.43,2.74,0.33,16.16,37.29
2023-07-16,Coimbatore,11.0168,76.9558,Humid,25.27,30.49,21.49,81.34,2.67,0.89,17.96,37.31
2023-07-17,Coimbatore,11.0168,76.9558,Humid,25.05,29.26,21.69,82.15,3.12,0.89,14.5,37.32
2023-07-18,Coimbatore,11.0168,76.9558,Humid,24.63,28.13,22.53,84.27,3.89,4.5,17.42,37.32
2023-07-19,Coimbatore,11.0168,76.9558,Humid,24.73,29.21,22.17,82.13,4.73,4.46,12.71,37.33
2023-07-20,Coimbatore,11.0168,76.9558,Humid,25.13,29.64,22.39,80.87,4.62,1.94,16.21,37.34
2023-07-21,Coimbatore,11.0168,76.9558,Humid,24.58,28.73,21.94,81.26,4.78,2.82,15.15,37.35
2023-07-22,Coimbatore,11.0168,76.9558,Humid,24.14,27.8,21.66,80.89,4.68,6.36,10.22,37.37
2023-07-23,Coimbatore,11.0168,76.9558,Humid,23.74,28.0,21.14,83.82,4.23,14.02,9.29,37.38
2023-07-24,Coimbatore,11.0168,76.9558,Humid,23.25,27.56,20.38,85.55,3.97,11.41,8.94,37.4
2023-07-25,Coimbatore,11.0168,76.9558,Humid,22.81,26.43,20.76,86.09,3.19,5.66,8.71,37.4
2023-07-26,Coimbatore,11.0168,76.9558,Humid,23.66,28.53,19.69,82.44,3.93,4.07,8.31,37.41
2023-07-27,Coimbatore,11.0168,76.9558,Humid,23.99,28.78,20.96,81.11,3.86,0.99,13.72,37.43
2023-07-28,Coimbatore,11.0168,76.9558,Humid,24.33,30.04,20.57,79.57,3.73,0.55,14.1,37.43
2023-07-29,Coimbatore,11.0168,76.9558,Humid,24.87,30.69,20.62,79.28,3.57,0.08,16.82,37.44
2023-07-30,Coimbatore,11.0168,76.9558,Humid,25.13,30.96,20.49,78.81,3.37,0.04,17.15,37.45
2023-07-31,Coimbatore,11.0168,76.9558,Humid,25.38,30.83,21.48,78.75,3.68,0.21,17.64,37.45
2023-08-01,Coimbatore,11.0168,76.9558,Humid,25.23,31.25,21.23,78.54,3.61,0.12,19.33,37.46
2023-08-02,Coimbatore,11.0168,76.9558,Humid,24.58,29.37,21.21,80.5,3.48,0.71,19.75,37.47
2023-08-03,Coimbatore,11.0168,76.9558,Humid,25.11,31.0,21.12,80.02,3.54,0.9,17.34,37.48
2023-08-04,Coimbatore,11.0168,76.9558,Humid,25.22,30.97,21.15,80.15,3.29,0.61,17.04,37.49
2023-08-05,Coimbatore,11.0168,76.9558,Humid,25.53,31.47,21.08,77.79,3.25,0.21,16.4,37.5
2023-08-06,Coimbatore,11.0168,76.9558,Humid,25.8,31.91,21.55,78.12,2.87,0.87,17.8,37.51
2023-08-07,Coimbatore,11.0168,76.9558,Humid,25.82,31.91,21.83,78.23,2.7,0.31,19.04,37.52
2023-08-08,Coimbatore,11.0168,76.9558,Humid,25.09,30.61,21.03,80.81,2.29,5.33,16.2,37.52
2023-08-09,Coimbatore,11.0168,76.9558,Humid,25.21,30.64,21.33,80.44,2.09,3.56,18.64,37.52
2023-08-10,Coimbatore,11.0168,76.9558,Humid,24.96,29.04,22.2,83.89,1.51,6.6,16.28,37.53
2023-08-11,Coimbatore,11.0168,76.9558,Humid,25.75,30.65,21.69,81.22,1.29,5.3,15.91,37.53
2023-08-12,Coimbatore,11.0168,76.9558,Humid,24.98,28.65,22.29,82.87,2.01,4.82,17.1,37.53
2023-08-13,Coimbatore,11.0168,76.9558,Humid,25.52,30.93,21.74,78.68,2.3,1.3,18.48,37.54
2023-08-14,Coimbatore,11.0168,76.9558,Humid,25.35,30.99,21.09,76.68,2.42,0.05,19.48,37.53
2023-08-15,Coimbatore,11.0168,76.9558,Humid,24.99,30.99,20.51,76.94,2.43,0.07,22.72,37.53
2023-08-16,Coimbatore,11.0168,76.9558,Humid,25.56,32.36,20.03,75.94,2.6,0.04,23.29,37.52
2023-08-17,Coimbatore,11.0168,76.9558,Humid,25.67,31.84,21.48,76.98,3.19,0.02,18.96,37.51
2023-08-18,Coimbatore,11.0168,76.9558,Humid,24.95,30.25,20.99,78.29,3.22,0.19,19.83,37.51
2023-08-19,Coimbatore,11.0168,76.9558,Humid,25.22,30.93,21.5,78.32,3.4,0.25,14.96,37.51
2023-08-20,Coimbatore,11.0168,76.9558,Humid,26.04,32.3,21.74,76.97,2.95,0.42,16.97,37.51
2023-08-21,Coimbatore,11.0168,76.9558,Humid,26.64,33.69,20.92,73.71,2.29,0.08,21.38,37.5
2023-08-22,Coimbatore,11.0168,76.9558,Humid,26.46,32.58,22.51,77.14,1.77,2.26,19.05,37.49
2023-08-23,Coimbatore,11.0168,76.9558,Humid,26.24,33.41,22.01,75.47,2.34,3.47,21.04,37.47
2023-08-24,Coimbatore,11.0168,76.9558,Humid,26.01,32.77,21.61,75.42,2.62,0.67,21.49,37.46
2023-08-25,Coimbatore,11.0168,76.9558,Humid,25.39,31.49,21.56,75.49,2.31,0.0,22.72,37.44
2023-08-26,Coimbatore,11.0168,76.9558,Humid,25.93,32.61,21.1,75.72,2.21,0.15,20.14,37.43
2023-08-27,Coimbatore,11.0168,76.9558,Humid,26.04,32.34,21.48,76.01,2.16,0.59,19.13,37.41
2023-08-28,Coimbatore,11.0168,76.9558,Humid,26.33,33.79,21.63,74.45,2.3,0.27,20.91,37.4
2023-08-29,Coimbatore,11.0168,76.9558,Humid,25.54,31.64,21.77,79.14,2.14,7.92,19.42,37.38
2023-08-30,Coimbatore,11.0168,76.9558,Humid,24.45,28.59,22.18,84.68,2.52,7.19,21.1,37.37
2023-08-31,Coimbatore,11.0168,76.9558,Humid,25.38,30.68,22.4,80.83,2.25,6.2,16.04,37.35
2023-09-01,Coimbatore,11.0168,76.9558,Humid,25.24,29.81,22.07,83.07,1.63,17.23,19.24,37.33
2023-09-02,Coimbatore,11.0168,76.9558,Humid,24.59,28.52,22.0,83.94,2.55,8.49,17.19,37.31
2023-09-03,Coimbatore,11.0168,76.9558,Humid,23.94,28.84,21.17,82.12,2.95,4.88,19.56,37.29
2023-09-04,Coimbatore,11.0168,76.9558,Humid,23.59,27.67,21.46,82.39,2.95,1.02,17.11,37.26
2023-09-05,Coimbatore,11.0168,76.9558,Humid,23.7,28.33,20.5,82.81,3.19,4.91,12.75,37.23
2023-09-06,Coimbatore,11.0168,76.9558,Humid,23.28,27.01,20.21,84.55,2.74,6.92,15.64,37.2
2023-09-07,Coimbatore,11.0168,76.9558,Humid,23.47,27.75,20.92,83.3,2.63,6.69,12.92,37.16
2023-09-08,Coimbatore,11.0168,76.9558,Humid,24.19,29.15,20.41,80.75,3.13,1.45,14.49,37.14
2023-09-09,Coimbatore,11.0168,76.9558,Humid,24.69,29.99,22.02,81.67,3.17,2.71,15.2,37.09
2023-09-10,Coimbatore,11.0168,76.9558,Humid,23.77,28.31,20.65,80.12,3.55,5.1,15.32,37.06
2023-09-11,Coimbatore,11.0168,76.9558,Humid,23.68,29.14,20.12,79.97,3.08,4.43,15.48,37.01
2023-09-12,Coimbatore,11.0168,76.9558,Humid,24.23,29.62,20.56,81.72,2.53,1.27,20.07,36.98
2023-09-13,Coimbatore,11.0168,76.9558,Humid,25.26,31.3,21.35,79.32,2.76,0.72,16.8,36.94
2023-09-14,Coimbatore,11.0168,76.9558,Humid,24.21,28.38,21.64,83.84,2.79,2.54,14.39,36.9
2023-09-15,Coimbatore,11.0168,76.9558,Humid,23.37,27.47,20.25,84.59,2.99,3.33,14.9,36.86
2023-09-16,Coimbatore,11.0168,76.9558,Humid,24.53,29.67,21.49,82.57,2.84,3.92,14.19,36.81
2023-09-17,Coimbatore,11.0168,76.9558,Humid,24.83,30.1,21.55,83.62,2.32,11.72,14.42,36.76
2023-09-18,Coimbatore,11.0168,76.9558,Humid,24.82,30.54,21.25,83.72,2.48,13.01,17.74,36.71
2023-09-19,Coimbatore,11.0168,76.9558,Humid,24.87,29.64,21.84,84.7,2.51,13.87,18.47,36.66
2023-09-20,Coimbatore,11.0168,76.9558,Humid,24.49,29.38,21.48,84.14,2.17,3.04,19.75,36.6
2023-09-21,Coimbatore,11.0168,76.9558,Humid,23.98,28.51,21.19,84.96,1.72,6.45,16.94,36.54
2023-09-22,Coimbatore,11.0168,76.9558,Humid,24.41,29.4,21.2,86.18,1.75,5.42,18.63,36.48
2023-09-23,Coimbatore,11.0168,76.9558,Humid,24.45,29.52,21.22,85.17,2.43,5.02,17.13,36.42
2023-09-24,Coimbatore,11.0168,76.9558,Humid,23.89,27.26,21.72,87.05,2.03,2.09,18.62,36.36
2023-09-25,Coimbatore,11.0168,76.9558,Humid,24.84,29.87,21.37,81.31,2.16,0.97,18.33,36.31
2023-09-26,Coimbatore,11.0168,76.9558,Humid,24.8,30.5,21.21,81.99,2.35,2.64,17.52,36.25
2023-09-27,Coimbatore,11.0168,76.9558,Humid,24.41,30.12,21.0,79.93,2.58,2.77,18.58,36.19
2023-09-28,Coimbatore,11.0168,76.9558,Humid,23.87,28.98,20.45,83.86,2.94,5.11,14.53,36.14
2023-09-29,Coimbatore,11.0168,76.9558,Humid,23.23,26.74,21.05,87.71,3.08,5.49,10.96,36.07
2023-09-30,Coimbatore,11.0168,76.9558,Humid,24.01,28.91,20.36,84.78,3.03,9.89,12.06,36.0
2023-10-01,Coimbatore,11.0168,76.9558,Humid,24.63,28.57,22.45,87.07,3.43,7.67,12.42,35.93
2023-10-02,Coimbatore,11.0168,76.9558,Humid,24.73,29.24,21.98,85.68,2.69,4.01,15.98,35.85
2023-10-03,Coimbatore,11.0168,76.9558,Humid,25.0,30.88,21.14,81.25,2.2,0.27,23.22,35.78
2023-10-04,Coimbatore,11.0168,76.9558,Humid,25.08,31.42,20.76,79.64,2.06,0.1,21.92,35.7
2023-10-05,Coimbatore,11.0168,76.9558,Humid,24.78,31.83,20.02,76.3,2.0,0.11,23.83,35.63
2023-10-06,Coimbatore,11.0168,76.9558,Humid,24.12,31.6,18.2,73.19,1.87,0.09,22.83,35.56
2023-10-07,Coimbatore,11.0168,76.9558,Humid,24.32,31.74,18.9,74.21,1.28,0.72,20.49,35.48
2023-10-08,Coimbatore,11.0168,76.9558,Humid,25.04,31.85,20.01,80.15,1.43,8.2,14.58,35.39
2023-10-09,Coimbatore,11.0168,76.9558,Humid,24.96,30.92,20.87,83.63,1.36,8.77,14.66,35.31
2023-10-10,Coimbatore,11.0168,76.9558,Humid,25.11,30.74,20.82,81.2,1.5,7.88,14.53,35.23
2023-10-11,Coimbatore,11.0168,76.9558,Humid,23.54,27.61,20.21,86.88,1.53,13.26,11.8,35.14
2023-10-12,Coimbatore,11.0168,76.9558,Humid,24.2,28.46,21.13,86.68,0.81,3.37,13.1,35.06
2023-10-13,Coimbatore,11.0168,76.9558,Humid,25.17,29.41,21.53,76.78,0.95,2.12,20.04,34.97
2023-10-14,Coimbatore,11.0168,76.9558,Humid,24.33,28.68,21.01,82.82,0.58,19.59,16.49,34.88
2023-10-15,Coimbatore,11.0168,76.9558,Humid,23.33,25.49,21.81,92.58,0.89,23.56,15.57,34.79
2023-10-16,Coimbatore,11.0168,76.9558,Humid,24.25,28.9,21.56,84.76,1.11,7.56,14.76,34.7
2023-10-17,Coimbatore,11.0168,76.9558,Humid,23.05,25.5,20.41,86.29,0.87,13.82,16.92,34.61
2023-10-18,Coimbatore,11.0168,76.9558,Humid,24.86,29.38,20.81,79.36,1.15,1.33,17.82,34.52
2023-10-19,Coimbatore,11.0168,76.9558,Humid,25.24,29.98,21.19,77.03,1.01,1.27,16.98,34.43
2023-10-20,Coimbatore,11.0168,76.9558,Humid,25.16,30.29,20.63,77.68,1.11,1.04,18.59,34.34
2023-10-21,Coimbatore,11.0168,76.9558,Humid,25.06,30.41,19.87,78.51,1.18,0.53,16.48,34.24
2023-10-22,Coimbatore,11.0168,76.9558,Humid,25.05,30.1,20.87,79.29,0.97,0.28,15.26,34.15
2023-10-23,Coimbatore,11.0168,76.9558,Humid,24.55,28.85,21.65,83.63,0.7,0.45,16.24,34.05
2023-10-24,Coimbatore,11.0168,76.9558,Humid,24.98,30.15,21.22,80.61,0.74,1.65,19.59,33.96
2023-10-25,Coimbatore,11.0168,76.9558,Humid,24.89,29.89,21.16,82.6,0.55,20.98,17.82,33.87
2023-10-26,Coimbatore,11.0168,76.9558,Humid,25.03,29.57,21.06,81.67,0.78,5.43,18.99,33.78
2023-10-27,Coimbatore,11.0168,76.9558,Humid,24.96,29.34,20.74,80.42,1.01,0.29,15.47,33.68
2023-10-28,Coimbatore,11.0168,76.9558,Humid,24.97,28.82,21.51,81.1,1.06,0.4,16.14,33.59
2023-10-29,Coimbatore,11.0168,76.9558,Humid,23.66,27.05,21.04,87.35,1.26,6.47,14.34,33.49
2023-10-30,Coimbatore,11.0168,76.9558,Humid,23.03,26.83,20.65,89.46,1.42,9.52,14.56,33.38
2023-10-31,Coimbatore,11.0168,76.9558,Humid,23.48,27.76,20.26,85.23,1.2,6.11,14.59,33.28
2023-11-01,Coimbatore,11.0168,76.9558,Humid,24.28,28.54,20.28,84.84,0.9,18.05,16.72,33.19
2023-11-02,Coimbatore,11.0168,76.9558,Humid,24.6,28.88,21.72,84.41,1.4,5.69,17.46,33.1
2023-11-03,Coimbatore,11.0168,76.9558,Humid,24.14,28.16,21.06,87.07,1.16,7.83,16.51,33.01
2023-11-04,Coimbatore,11.0168,76.9558,Humid,24.36,28.8,21.08,87.39,0.61,30.29,10.85,32.91
2023-11-05,Coimbatore,11.0168,76.9558,Humid,22.75,24.57,21.39,92.56,0.63,11.03,13.07,32.81
2023-11-06,Coimbatore,11.0168,76.9558,Humid,24.48,29.04,20.72,82.86,0.35,8.44,15.0,32.71
2023-11-07,Coimbatore,11.0168,76.9558,Humid,23.64,26.89,20.84,90.61,1.05,16.49,16.78,32.61
2023-11-08,Coimbatore,11.0168,76.9558,Humid,24.09,27.76,20.95,86.77,0.81,21.13,15.76,32.52
2023-11-09,Coimbatore,11.0168,76.9558,Humid,23.04,25.92,21.05,89.5,1.21,15.16,13.05,32.42
2023-11-10,Coimbatore,11.0168,76.9558,Humid,23.02,27.28,19.57,87.39,1.53,1.56,15.2,32.33
2023-11-11,Coimbatore,11.0168,76.9558,Humid,23.11,27.06,20.33,86.51,1.61,0.38,18.29,32.24
2023-11-12,Coimbatore,11.0168,76.9558,Humid,22.3,26.52,18.38,81.99,1.53,0.06,17.94,32.15
2023-11-13,Coimbatore,11.0168,76.9558,Humid,22.59,26.95,17.73,84.13,1.38,0.53,18.92,32.06
2023-11-14,Coimbatore,11.0168,76.9558,Humid,22.0,25.87,19.67,85.19,1.56,3.67,15.66,31.97
2023-11-15,Coimbatore,11.0168,76.9558,Humid,23.41,27.74,18.8,76.88,0.83,0.69,16.27,31.88
2023-11-16,Coimbatore,11.0168,76.9558,Humid,23.93,27.17,20.73,85.14,0.78,0.27,14.17,31.79
2023-11-17,Coimbatore,11.0168,76.9558,Humid,24.43,28.42,20.9,84.82,1.06,1.14,15.08,31.71
2023-11-18,Coimbatore,11.0168,76.9558,Humid,24.34,28.93,20.22,86.41,1.4,0.58,14.93,31.62
2023-11-19,Coimbatore,11.0168,76.9558,Humid,23.68,27.99,20.62,85.77,2.0,0.26,18.68,31.55
2023-11-20,Coimbatore,11.0168,76.9558,Humid,24.08,28.49,20.34,82.76,1.11,0.0,19.35,31.47
2023-11-21,Coimbatore,11.0168,76.9558,Humid,24.48,28.59,20.7,85.82,0.77,6.4,16.72,31.39
2023-11-22,Coimbatore,11.0168,76.9558,Humid,23.62,25.87,22.13,92.98,0.76,31.16,13.73,31.31
2023-11-23,Coimbatore,11.0168,76.9558,Humid,23.49,26.94,21.46,90.96,1.86,8.34,10.49,31.23
2023-11-24,Coimbatore,11.0168,76.9558,Humid,23.17,26.14,20.61,89.95,1.56,2.52,12.28,31.15
2023-11-25,Coimbatore,11.0168,76.9558,Humid,23.71,27.17,21.28,89.82,1.78,4.32,15.93,31.08
2023-11-26,Coimbatore,11.0168,76.9558,Humid,23.31,26.9,20.77,90.27,2.57,3.49,15.54,31.02
2023-11-27,Coimbatore,11.0168,76.9558,Humid,23.7,27.95,21.07,87.94,1.99,2.84,18.83,30.95
2023-11-28,Coimbatore,11.0168,76.9558,Humid,23.34,27.19,20.09,89.92,1.56,2.08,18.08,30.89
2023-11-29,Coimbatore,11.0168,76.9558,Humid,23.0,26.48,20.32,90.59,1.65,2.2,14.91,30.83
2023-11-30,Coimbatore,11.0168,76.9558,Humid,22.73,26.83,19.68,89.2,1.57,1.19,13.92,30.77
2023-12-01,Coimbatore,11.0168,76.9558,Humid,23.63,28.01,19.52,85.92,1.11,0.84,14.75,30.71
2023-12-02,Coimbatore,11.0168,76.9558,Humid,24.21,28.02,20.68,80.17,0.8,0.65,17.82,30.65
2023-12-03,Coimbatore,11.0168,76.9558,Humid,24.8,29.87,21.08,85.35,1.02,2.69,11.67,30.6
2023-12-04,Coimbatore,11.0168,76.9558,Humid,24.81,29.77,21.2,85.35,1.2,0.86,10.67,30.53
2023-12-05,Coimbatore,11.0168,76.9558,Humid,24.29,29.23,20.54,87.31,1.29,0.02,15.66,30.48
2023-12-06,Coimbatore,11.0168,76.9558,Humid,24.28,29.23,20.8,86.0,0.88,0.0,18.2,30.44
2023-12-07,Coimbatore,11.0168,76.9558,Humid,24.29,29.08,20.51,86.82,0.76,3.94,14.83,30.4
2023-12-08,Coimbatore,11.0168,76.9558,Humid,23.37,24.98,21.93,95.3,0.49,29.61,12.33,30.36
2023-12-09,Coimbatore,11.0168,76.9558,Humid,23.15,25.52,21.52,91.52,1.55,17.5,12.67,30.32
2023-12-10,Coimbatore,11.0168,76.9558,Humid,23.33,27.69,20.42,87.76,1.7,2.15,13.41,30.29
2023-12-11,Coimbatore,11.0168,76.9558,Humid,22.72,27.1,20.18,86.2,1.53,1.21,12.4,30.26
2023-12-12,Coimbatore,11.0168,76.9558,Humid,22.37,26.11,19.7,89.42,1.43,0.63,13.01,30.23
2023-12-13,Coimbatore,11.0168,76.9558,Humid,22.09,26.56,18.92,87.05,1.69,0.01,12.0,30.2
2023-12-14,Coimbatore,11.0168,76.9558,Humid,21.24,26.49,17.53,83.13,1.81,0.01,16.85,30.18
2023-12-15,Coimbatore,11.0168,76.9558,Humid,22.14,27.4,17.21,88.8,1.45,0.06,17.36,30.16
2023-12-16,Coimbatore,11.0168,76.9558,Humid,23.74,28.12,20.22,87.46,1.77,1.82,16.43,30.16
2023-12-17,Coimbatore,11.0168,76.9558,Humid,22.5,25.5,20.88,92.44,2.6,15.11,9.8,30.15
2023-12-18,Coimbatore,11.0168,76.9558,Humid,21.53,24.13,19.93,91.93,2.51,4.29,7.5,30.14
2023-12-19,Coimbatore,11.0168,76.9558,Humid,20.99,23.72,19.03,88.12,2.44,0.92,15.49,30.13
2023-12-20,Coimbatore,11.0168,76.9558,Humid,22.06,26.79,18.18,86.14,2.2,1.16,16.16,30.13
2023-12-21,Coimbatore,11.0168,76.9558,Humid,22.36,26.92,18.98,89.8,2.01,0.9,14.98,30.13
2023-12-22,Coimbatore,11.0168,76.9558,Humid,22.94,27.92,19.48,87.36,1.61,0.06,15.91,30.13
2023-12-23,Coimbatore,11.0168,76.9558,Humid,21.14,25.52,17.37,85.11,1.8,0.0,18.02,30.13
2023-12-24,Coimbatore,11.0168,76.9558,Humid,20.98,26.2,15.29,84.98,1.69,0.05,19.69,30.14
2023-12-25,Coimbatore,11.0168,76.9558,Humid,22.92,27.87,19.37,87.73,2.46,0.61,14.27,30.16
2023-12-26,Coimbatore,11.0168,76.9558,Humid,21.73,27.29,17.83,81.88,2.47,0.03,21.65,30.18
2023-12-27,Coimbatore,11.0168,76.9558,Humid,21.58,27.74,17.15,82.04,2.43,0.0,21.97,30.2
2023-12-28,Coimbatore,11.0168,76.9558,Humid,22.42,28.21,17.42,84.81,2.57,0.04,17.04,30.22
2023-12-29,Coimbatore,11.0168,76.9558,Humid,22.92,28.18,19.22,85.66,2.48,0.44,13.68,30.24
2023-12-30,Coimbatore,11.0168,76.9558,Humid,22.02,26.88,18.61,85.55,2.32,0.53,17.26,30.27
2023-12-31,Coimbatore,11.0168,76.9558,Humid,21.51,27.16,16.96,80.82,2.01,0.01,19.8,30.3
2024-01-01,Coimbatore,11.0168,76.9558,Humid,22.23,27.86,17.61,81.18,1.35,0.0,14.35,30.33
2024-01-02,Coimbatore,11.0168,76.9558,Humid,22.22,26.79,18.75,83.44,1.57,0.81,14.75,30.37
2024-01-03,Coimbatore,11.0168,76.9558,Humid,22.28,27.14,18.44,84.0,1.24,1.45,8.58,30.41
2024-01-04,Coimbatore,11.0168,76.9558,Humid,22.41,26.56,19.51,89.58,1.33,8.41,8.16,30.45
2024-01-05,Coimbatore,11.0168,76.9558,Humid,22.9,26.88,20.12,88.38,1.37,8.79,10.93,30.49
2024-01-06,Coimbatore,11.0168,76.9558,Humid,22.11,25.71,19.48,86.97,1.55,2.15,13.67,30.54
2024-01-07,Coimbatore,11.0168,76.9558,Humid,22.69,26.88,18.69,84.54,1.82,0.48,11.46,30.59
2024-01-08,Coimbatore,11.0168,76.9558,Humid,22.83,27.12,19.78,87.52,2.58,4.23,12.32,30.65
2024-01-09,Coimbatore,11.0168,76.9558,Humid,22.25,26.07,20.26,90.08,2.62,13.76,8.92,30.71
2024-01-10,Coimbatore,11.0168,76.9558,Humid,21.74,25.63,18.8,84.61,2.09,0.58,13.34,30.77
2024-01-11,Coimbatore,11.0168,76.9558,Humid,21.76,27.46,17.94,80.67,2.41,0.0,19.62,30.83
2024-01-12,Coimbatore,11.0168,76.9558,Humid,21.73,27.68,17.68,81.99,2.67,0.0,21.41,30.89
2024-01-13,Coimbatore,11.0168,76.9558,Humid,22.06,28.08,17.04,81.32,2.12,0.0,18.54,30.96
2024-01-14,Coimbatore,11.0168,76.9558,Humid,22.73,29.15,18.35,79.77,1.68,0.0,18.74,31.03
2024-01-15,Coimbatore,11.0168,76.9558,Humid,22.03,28.65,17.35,78.15,1.37,0.0,19.07,31.11
2024-01-16,Coimbatore,11.0168,76.9558,Humid,21.7,28.3,16.24,78.02,1.19,0.0,18.6,31.18
2024-01-17,Coimbatore,11.0168,76.9558,Humid,21.77,28.23,16.35,75.83,1.14,0.0,18.9,31.26
2024-01-18,Coimbatore,11.0168,76.9558,Humid,21.97,28.68,15.27,71.03,1.05,0.0,17.47,31.34
2024-01-19,Coimbatore,11.0168,76.9558,Humid,23.32,29.96,17.64,77.66,1.19,0.27,18.93,31.42
2024-01-20,Coimbatore,11.0168,76.9558,Humid,23.93,29.57,19.83,81.46,1.69,0.55,16.89,31.5
2024-01-21,Coimbatore,11.0168,76.9558,Humid,23.69,30.04,18.92,74.91,1.65,0.03,20.66,31.58
2024-01-22,Coimbatore,11.0168,76.9558,Humid,23.61,30.64,18.19,74.63,1.48,0.0,20.22,31.66
2024-01-23,Coimbatore,11.0168,76.9558,Humid,23.2,30.01,18.0,76.06,1.31,0.0,18.77,31.75
2024-01-24,Coimbatore,11.0168,76.9558,Humid,23.66,30.13,18.28,76.25,0.72,0.28,19.01,31.84
2024-01-25,Coimbatore,11.0168,76.9558,Humid,23.5,29.77,18.72,73.56,1.47,0.0,18.39,31.94
2024-01-26,Coimbatore,11.0168,76.9558,Humid,22.71,30.06,17.59,71.7,1.94,0.0,21.78,32.04
2024-01-27,Coimbatore,11.0168,76.9558,Humid,22.74,30.06,17.79,71.3,2.12,0.0,22.21,32.13
2024-01-28,Coimbatore,11.0168,76.9558,Humid,23.22,30.23,18.46,72.4,2.1,0.0,21.14,32.23
2024-01-29,Coimbatore,11.0168,76.9558,Humid,22.78,30.74,17.05,69.75,1.67,0.0,19.44,32.33
2024-01-30,Coimbatore,11.0168,76.9558,Humid,23.06,31.42,15.23,67.0,1.21,0.0,21.72,32.42
2024-01-31,Coimbatore,11.0168,76.9558,Humid,23.92,31.9,17.68,71.45,1.01,0.0,21.8,32.51
2024-02-01,Coimbatore,11.0168,76.9558,Humid,24.7,32.92,18.65,69.94,0.83,0.0,21.66,32.61
2024-02-02,Coimbatore,11.0168,76.9558,Humid,25.15,32.15,19.67,69.25,0.65,0.01,18.46,32.71
2024-02-03,Coimbatore,11.0168,76.9558,Humid,25.58,32.37,20.56,71.62,1.61,0.08,18.43,32.81
2024-02-04,Coimbatore,11.0168,76.9558,Humid,24.27,32.01,18.94,67.1,1.9,0.0,21.25,32.91
2024-02-05,Coimbatore,11.0168,76.9558,Humid,23.41,32.2,17.29,65.25,1.99,0.0,23.45,33.02
2024-02-06,Coimbatore,11.0168,76.9558,Humid,23.31,32.4,16.36,66.24,2.05,0.0,23.88,33.12
2024-02-07,Coimbatore,11.0168,76.9558,Humid,23.58,33.01,16.24,64.08,1.91,0.0,24.46,33.22
2024-02-08,Coimbatore,11.0168,76.9558,Humid,23.83,33.75,15.62,61.97,1.75,0.0,21.84,33.31
2024-02-09,Coimbatore,11.0168,76.9558,Humid,23.7,32.73,16.67,64.44,2.05,0.0,23.74,33.42
2024-02-10,Coimbatore,11.0168,76.9558,Humid,23.94,32.26,17.49,67.73,2.35,0.0,23.18,33.52
2024-02-11,Coimbatore,11.0168,76.9558,Humid,24.38,32.74,18.42,66.65,2.41,0.0,23.66,33.63
2024-02-12,Coimbatore,11.0168,76.9558,Humid,23.43,32.7,16.2,64.63,2.35,0.0,24.98,33.74
2024-02-13,Coimbatore,11.0168,76.9558,Humid,24.02,32.45,17.24,65.73,2.3,0.0,24.61,33.84
2024-02-14,Coimbatore,11.0168,76.9558,Humid,25.25,33.06,19.12,66.28,2.38,0.0,23.0,33.96
2024-02-15,Coimbatore,11.0168,76.9558,Humid,24.26,32.81,17.93,63.48,2.47,0.0,24.21,34.07
2024-02-16,Coimbatore,11.0168,76.9558,Humid,24.69,33.22,18.16,64.57,2.6,0.0,24.64,34.17
2024-02-17,Coimbatore,11.0168,76.9558,Humid,25.04,34.11,17.7,62.11,1.96,0.0,23.77,34.28
2024-02-18,Coimbatore,11.0168,76.9558,Humid,24.76,34.07,17.45,57.49,1.64,0.0,23.64,34.37
2024-02-19,Coimbatore,11.0168,76.9558,Humid,25.47,33.86,18.66,63.29,1.69,0.0,22.46,34.48
2024-02-20,Coimbatore,11.0168,76.9558,Humid,26.34,34.15,20.04,62.86,1.55,0.04,21.28,34.58
2024-02-21,Coimbatore,11.0168,76.9558,Humid,27.28,34.91,21.31,63.91,1.04,0.13,21.42,34.67
2024-02-22,Coimbatore,11.0168,76.9558,Humid,27.27,35.84,20.73,58.25,1.53,0.0,21.18,34.76
2024-02-23,Coimbatore,11.0168,76.9558,Humid,27.2,36.33,19.74,59.24,1.34,0.0,23.75,34.86
2024-02-24,Coimbatore,11.0168,76.9558,Humid,27.39,35.31,20.11,59.48,0.83,0.0,20.4,34.95
2024-02-25,Coimbatore,11.0168,76.9558,Humid,27.51,35.05,21.83,57.9,1.94,0.0,20.86,35.04
2024-02-26,Coimbatore,11.0168,76.9558,Humid,26.57,34.79,20.32,56.75,3.06,0.0,24.09,35.14
2024-02-27,Coimbatore,11.0168,76.9558,Humid,27.32,34.41,21.51,58.26,3.12,0.0,24.33,35.24
2024-02-28,Coimbatore,11.0168,76.9558,Humid,26.91,35.86,20.36,53.35,2.36,0.0,25.42,35.34
2024-02-29,Coimbatore,11.0168,76.9558,Humid,26.89,35.52,19.64,49.31,2.24,0.0,25.42,35.44
2024-03-01,Coimbatore,11.0168,76.9558,Humid,25.61,32.9,19.18,53.76,2.23,0.0,24.79,35.53
2024-03-02,Coimbatore,11.0168,76.9558,Humid,26.33,35.41,17.91,43.67,1.68,0.0,22.45,35.63
2024-03-03,Coimbatore,11.0168,76.9558,Humid,27.46,36.22,20.04,43.46,1.23,0.0,24.02,35.72
2024-03-04,Coimbatore,11.0168,76.9558,Humid,28.19,37.37,20.12,45.5,1.02,0.0,24.54,35.82
2024-03-05,Coimbatore,11.0168,76.9558,Humid,28.35,37.5,20.14,44.81,1.35,0.0,24.83,35.91
2024-03-06,Coimbatore,11.0168,76.9558,Humid,28.63,37.32,21.43,44.61,1.12,0.0,21.8,35.98
2024-03-07,Coimbatore,11.0168,76.9558,Humid,28.7,37.65,22.19,42.48,1.13,0.0,24.25,36.06
2024-03-08,Coimbatore,11.0168,76.9558,Humid,28.99,37.56,21.72,45.09,0.74,0.0,20.81,36.15
2024-03-09,Coimbatore,11.0168,76.9558,Humid,29.41,37.94,21.8,49.6,0.93,0.0,21.62,36.23
2024-03-10,Coimbatore,11.0168,76.9558,Humid,29.58,37.38,22.9,48.17,0.95,0.0,21.06,36.31
2024-03-11,Coimbatore,11.0168,76.9558,Humid,29.32,37.0,21.95,43.49,1.49,0.0,21.04,36.39
2024-03-12,Coimbatore,11.0168,76.9558,Humid,29.08,37.23,22.01,43.45,1.58,0.0,22.67,36.47
2024-03-13,Coimbatore,11.0168,76.9558,Humid,29.04,37.54,22.39,48.48,0.94,0.12,20.83,36.55
2024-03-14,Coimbatore,11.0168,76.9558,Humid,29.21,37.2,22.59,59.37,1.33,0.28,20.16,36.62
2024-03-15,Coimbatore,11.0168,76.9558,Humid,29.91,38.0,22.73,54.3,1.02,0.04,20.46,36.69
2024-03-16,Coimbatore,11.0168,76.9558,Humid,29.63,37.91,23.07,45.71,1.24,0.04,21.38,36.75
2024-03-17,Coimbatore,11.0168,76.9558,Humid,28.69,37.49,20.89,39.91,1.68,0.0,23.92,36.82
2024-03-18,Coimbatore,11.0168,76.9558,Humid,28.84,37.38,21.95,40.0,1.29,0.0,24.04,36.89
2024-03-19,Coimbatore,11.0168,76.9558,Humid,29.04,37.75,21.95,39.45,1.4,0.0,24.52,36.96
2024-03-20,Coimbatore,11.0168,76.9558,Humid,29.01,37.96,21.82,38.11,1.35,0.02,24.91,37.02
2024-03-21,Coimbatore,11.0168,76.9558,Humid,28.9,36.93,21.31,47.56,1.76,0.1,23.9,37.07
2024-03-22,Coimbatore,11.0168,76.9558,Humid,29.82,37.53,22.81,47.78,1.7,0.03,20.67,37.12
2024-03-23,Coimbatore,11.0168,76.9558,Humid,29.81,37.48,23.01,48.43,1.69,0.32,22.71,37.16
2024-03-24,Coimbatore,11.0168,76.9558,Humid,29.51,37.85,21.94,39.75,2.03,0.14,24.56,37.2
2024-03-25,Coimbatore,11.0168,76.9558,Humid,28.95,37.6,20.14,39.18,2.13,0.0,25.66,37.26
2024-03-26,Coimbatore,11.0168,76.9558,Humid,29.02,38.22,21.15,31.67,1.86,0.12,25.51,37.32
2024-03-27,Coimbatore,11.0168,76.9558,Humid,28.92,38.23,21.16,30.06,1.58,0.0,26.79,37.37
2024-03-28,Coimbatore,11.0168,76.9558,Humid,29.78,39.24,21.3,39.1,1.35,0.08,26.15,37.43
2024-03-29,Coimbatore,11.0168,76.9558,Humid,30.51,38.84,23.7,47.13,1.48,0.21,23.87,37.47
2024-03-30,Coimbatore,11.0168,76.9558,Humid,30.41,38.51,23.67,44.47,1.54,0.0,26.06,37.52
2024-03-31,Coimbatore,11.0168,76.9558,Humid,30.41,38.86,23.35,45.18,0.61,0.0,25.95,37.56
2024-04-01,Coimbatore,11.0168,76.9558,Humid,30.84,39.53,23.87,48.89,0.82,0.0,25.83,37.6
2024-04-02,Coimbatore,11.0168,76.9558,Humid,31.03,39.68,24.14,53.06,1.25,0.12,24.96,37.63
2024-04-03,Coimbatore,11.0168,76.9558,Humid,30.96,39.58,24.33,53.52,1.16,0.44,24.13,37.67
2024-04-04,Coimbatore,11.0168,76.9558,Humid,31.16,39.65,24.39,51.98,1.38,0.24,25.8,37.7
2024-04-05,Coimbatore,11.0168,76.9558,Humid,31.57,40.47,24.63,51.0,1.19,0.44,25.21,37.72
2024-04-06,Coimbatore,11.0168,76.9558,Humid,31.03,38.11,25.29,46.22,1.2,0.0,24.91,37.75
2024-04-07,Coimbatore,11.0168,76.9558,Humid,31.17,39.74,24.36,49.72,1.4,0.0,25.54,37.78
2024-04-08,Coimbatore,11.0168,76.9558,Humid,31.79,40.34,24.6,48.84,1.19,0.06,26.24,37.81
2024-04-09,Coimbatore,11.0168,76.9558,Humid,31.22,39.08,24.27,45.44,2.07,0.08,25.8,37.83
2024-04-10,Coimbatore,11.0168,76.9558,Humid,30.67,38.6,23.14,44.63,2.02,0.26,26.64,37.85
2024-04-11,Coimbatore,11.0168,76.9558,Humid,30.84,38.84,23.62,50.61,1.77,6.71,25.29,37.87
2024-04-12,Coimbatore,11.0168,76.9558,Humid,28.95,35.67,23.59,66.31,1.75,9.1,20.17,37.89
2024-04-13,Coimbatore,11.0168,76.9558,Humid,28.42,35.22,22.49,65.31,1.55,1.41,19.8,37.91
2024-04-14,Coimbatore,11.0168,76.9558,Humid,28.94,36.49,22.72,59.44,1.8,0.46,24.21,37.93
2024-04-15,Coimbatore,11.0168,76.9558,Humid,29.52,37.71,21.83,53.97,2.01,0.0,25.8,37.95
2024-04-16,Coimbatore,11.0168,76.9558,Humid,30.1,38.27,22.77,53.98,1.6,0.0,24.4,37.96
2024-04-17,Coimbatore,11.0168,76.9558,Humid,30.31,37.6,25.15,62.91,1.36,0.0,22.2,37.97
2024-04-18,Coimbatore,11.0168,76.9558,Humid,29.48,36.0,25.02,66.28,2.08,0.0,18.91,37.97
2024-04-19,Coimbatore,11.0168,76.9558,Humid,29.54,35.72,24.93,65.5,1.97,0.0,19.66,37.97
2024-04-20,Coimbatore,11.0168,76.9558,Humid,30.86,38.71,24.71,57.76,1.64,0.0,17.64,37.97
2024-04-21,Coimbatore,11.0168,76.9558,Humid,31.36,39.48,23.96,54.74,1.12,0.41,22.86,37.99
2024-04-22,Coimbatore,11.0168,76.9558,Humid,30.56,37.73,25.34,59.81,1.44,0.65,22.65,38.0
2024-04-23,Coimbatore,11.0168,76.9558,Humid,30.67,37.82,25.07,55.2,1.12,0.04,25.88,38.0
2024-04-24,Coimbatore,11.0168,76.9558,Humid,30.3,36.67,24.93,51.83,0.95,0.07,23.66,38.01
2024-04-25,Coimbatore,11.0168,76.9558,Humid,30.95,38.3,23.48,51.49,1.59,0.09,23.87,38.01
2024-04-26,Coimbatore,11.0168,76.9558,Humid,31.35,39.24,25.22,50.02,1.37,0.0,25.01,38.0
2024-04-27,Coimbatore,11.0168,76.9558,Humid,31.26,38.86,25.61,47.06,1.35,0.0,26.65,37.98
2024-04-28,Coimbatore,11.0168,76.9558,Humid,31.91,40.2,24.55,43.74,1.32,0.0,26.67,37.97
2024-04-29,Coimbatore,11.0168,76.9558,Humid,32.21,40.97,25.14,42.47,1.19,0.0,26.62,37.97
2024-04-30,Coimbatore,11.0168,76.9558,Humid,31.65,41.05,24.61,51.51,1.65,0.09,23.16,37.97
2024-05-01,Coimbatore,11.0168,76.9558,Humid,31.71,40.87,25.07,59.09,2.31,0.08,21.21,37.96
2024-05-02,Coimbatore,11.0168,76.9558,Humid,32.09,40.06,25.74,56.76,2.12,0.0,21.03,37.95
2024-05-03,Coimbatore,11.0168,76.9558,Humid,30.47,36.88,26.28,64.47,2.74,0.3,16.95,37.93
2024-05-04,Coimbatore,11.0168,76.9558,Humid,30.23,38.39,24.86,58.45,2.16,4.08,19.25,37.9
2024-05-05,Coimbatore,11.0168,76.9558,Humid,29.9,38.73,23.51,59.75,2.49,2.99,22.54,37.89
2024-05-06,Coimbatore,11.0168,76.9558,Humid,30.55,39.6,23.65,56.19,2.6,0.12,22.29,37.88
2024-05-07,Coimbatore,11.0168,76.9558,Humid,30.06,38.63,24.73,59.64,1.75,3.41,20.92,37.85
2024-05-08,Coimbatore,11.0168,76.9558,Humid,29.77,35.68,24.88,63.97,1.23,1.51,19.45,37.83
2024-05-09,Coimbatore,11.0168,76.9558,Humid,28.9,34.81,24.35,67.88,0.92,5.62,19.47,37.81
2024-05-10,Coimbatore,11.0168,76.9558,Humid,27.0,30.91,24.43,77.19,0.52,4.78,17.78,37.82
2024-05-11,Coimbatore,11.0168,76.9558,Humid,27.84,32.99,23.6,74.95,0.76,7.04,15.93,37.82
2024-05-12,Coimbatore,11.0168,76.9558,Humid,27.19,31.22,24.19,79.18,0.55,7.76,17.55,37.82
2024-05-13,Coimbatore,11.0168,76.9558,Humid,27.04,30.9,24.34,78.92,0.99,7.09,13.37,37.83
2024-05-14,Coimbatore,11.0168,76.9558,Humid,27.57,33.3,23.44,73.8,0.84,3.82,14.54,37.81
2024-05-15,Coimbatore,11.0168,76.9558,Humid,28.46,35.09,23.43,70.18,0.96,6.09,18.05,37.79
2024-05-16,Coimbatore,11.0168,76.9558,Humid,26.79,30.79,24.09,76.94,0.98,7.14,17.41,37.77
2024-05-17,Coimbatore,11.0168,76.9558,Humid,27.61,34.04,22.87,73.2,0.85,18.49,14.44,37.76
2024-05-18,Coimbatore,11.0168,76.9558,Humid,26.13,30.38,23.78,84.2,1.22,20.25,14.75,37.74
2024-05-19,Coimbatore,11.0168,76.9558,Humid,25.29,29.35,23.26,86.53,2.57,16.5,12.24,37.72
2024-05-20,Coimbatore,11.0168,76.9558,Humid,23.95,25.12,22.83,89.94,1.72,17.65,9.73,37.7
2024-05-21,Coimbatore,11.0168,76.9558,Humid,25.07,29.14,22.38,83.78,0.92,26.17,16.52,37.67
2024-05-22,Coimbatore,11.0168,76.9558,Humid,25.49,29.1,22.51,89.0,2.11,20.91,15.91,37.65
2024-05-23,Coimbatore,11.0168,76.9558,Humid,25.05,27.06,23.75,93.25,1.28,14.83,10.23,37.63
2024-05-24,Coimbatore,11.0168,76.9558,Humid,25.58,29.47,23.29,88.19,2.1,9.35,10.08,37.61
2024-05-25,Coimbatore,11.0168,76.9558,Humid,24.88,28.58,22.41,84.93,2.61,3.87,12.05,37.6
2024-05-26,Coimbatore,11.0168,76.9558,Humid,24.92,28.17,21.48,86.91,2.97,1.11,13.07,37.58
2024-05-27,Coimbatore,11.0168,76.9558,Humid,25.33,29.72,21.46,82.03,3.38,1.26,18.04,37.56
2024-05-28,Coimbatore,11.0168,76.9558,Humid,24.98,27.95,22.91,89.43,3.07,4.99,14.94,37.54
2024-05-29,Coimbatore,11.0168,76.9558,Humid,25.49,29.49,22.92,85.81,2.86,6.94,17.54,37.52
2024-05-30,Coimbatore,11.0168,76.9558,Humid,25.97,30.75,22.73,86.41,2.45,2.26,18.25,37.51
2024-05-31,Coimbatore,11.0168,76.9558,Humid,26.05,29.33,23.2,86.67,2.13,2.46,19.08,37.49
2024-06-01,Coimbatore,11.0168,76.9558,Humid,26.28,29.17,24.02,89.23,2.23,4.87,14.12,37.47
2024-06-02,Coimbatore,11.0168,76.9558,Humid,25.4,28.78,22.82,85.83,1.05,8.57,18.88,37.45
2024-06-03,Coimbatore,11.0168,76.9558,Humid,25.6,29.64,22.97,85.93,1.52,3.89,14.38,37.44
2024-06-04,Coimbatore,11.0168,76.9558,Humid,25.76,30.17,22.57,84.64,1.96,1.29,18.16,37.42
2024-06-05,Coimbatore,11.0168,76.9558,Humid,25.3,28.72,22.86,87.89,1.87,4.0,17.15,37.41
2024-06-06,Coimbatore,11.0168,76.9558,Humid,24.27,27.45,21.98,88.36,1.87,19.57,14.09,37.4
2024-06-07,Coimbatore,11.0168,76.9558,Humid,24.47,29.14,21.1,86.44,2.06,6.01,17.65,37.39
2024-06-08,Coimbatore,11.0168,76.9558,Humid,24.85,28.31,22.08,87.6,2.88,5.59,17.49,37.38
2024-06-09,Coimbatore,11.0168,76.9558,Humid,24.77,28.29,22.47,86.58,3.25,2.98,17.51,37.37
2024-06-10,Coimbatore,11.0168,76.9558,Humid,24.62,28.52,21.47,85.91,3.35,2.73,14.55,37.36
2024-06-11,Coimbatore,11.0168,76.9558,Humid,24.2,27.94,21.09,83.77,2.96,3.63,16.6,37.35
2024-06-12,Coimbatore,11.0168,76.9558,Humid,24.4,28.84,21.33,80.83,2.95,5.17,12.5,37.34
2024-06-13,Coimbatore,11.0168,76.9558,Humid,24.32,30.03,20.61,81.1,2.59,1.39,15.82,37.32
2024-06-14,Coimbatore,11.0168,76.9558,Humid,24.86,30.56,20.46,83.1,2.15,0.6,20.95,37.3
2024-06-15,Coimbatore,11.0168,76.9558,Humid,25.23,29.78,21.99,84.72,2.43,0.43,19.97,37.29
2024-06-16,Coimbatore,11.0168,76.9558,Humid,25.53,30.61,22.09,83.64,2.22,1.77,17.78,37.27
2024-06-17,Coimbatore,11.0168,76.9558,Humid,24.67,29.38,21.22,83.09,2.17,2.32,20.17,37.26
2024-06-18,Coimbatore,11.0168,76.9558,Humid,24.86,29.74,20.9,83.99,2.47,9.27,18.03,37.24
2024-06-19,Coimbatore,11.0168,76.9558,Humid,24.72,28.84,22.2,84.76,2.86,5.82,17.5,37.23
2024-06-20,Coimbatore,11.0168,76.9558,Humid,24.33,28.81,21.43,84.0,3.21,2.14,14.37,37.22
2024-06-21,Coimbatore,11.0168,76.9558,Humid,24.18,28.3,21.42,82.09,2.81,1.17,14.38,37.23
2024-06-22,Coimbatore,11.0168,76.9558,Humid,23.35,26.67,21.4,86.95,2.72,3.11,16.8,37.25
2024-06-23,Coimbatore,11.0168,76.9558,Humid,23.3,26.97,21.25,86.05,3.37,8.06,12.84,37.25
2024-06-24,Coimbatore,11.0168,76.9558,Humid,23.34,27.36,21.19,86.46,3.8,7.55,14.03,37.25
2024-06-25,Coimbatore,11.0168,76.9558,Humid,23.62,27.84,21.32,82.85,4.53,30.92,12.0,37.24
2024-06-26,Coimbatore,11.0168,76.9558,Humid,23.52,27.06,21.19,85.26,4.38,8.24,11.77,37.25
2024-06-27,Coimbatore,11.0168,76.9558,Humid,23.26,26.7,20.73,83.56,3.64,3.09,10.7,37.25
2024-06-28,Coimbatore,11.0168,76.9558,Humid,23.71,28.59,20.89,85.77,2.73,2.41,14.47,37.24
2024-06-29,Coimbatore,11.0168,76.9558,Humid,23.93,27.53,21.14,88.3,2.43,5.25,17.14,37.25
2024-06-30,Coimbatore,11.0168,76.9558,Humid,24.19,27.85,21.25,87.52,1.96,1.85,14.4,37.25
2024-07-01,Coimbatore,11.0168,76.9558,Humid,23.48,27.33,21.12,88.44,2.36,19.4,8.96,37.25
2024-07-02,Coimbatore,11.0168,76.9558,Humid,24.01,28.57,20.17,82.53,2.19,3.28,15.6,37.26
2024-07-03,Coimbatore,11.0168,76.9558,Humid,24.46,28.82,20.94,86.06,2.57,3.5,14.88,37.26
2024-07-04,Coimbatore,11.0168,76.9558,Humid,24.03,27.86,21.29,84.8,2.65,1.18,18.51,37.26
2024-07-05,Coimbatore,11.0168,76.9558,Humid,23.97,27.6,20.95,85.09,2.67,1.74,15.85,37.27
2024-07-06,Coimbatore,11.0168,76.9558,Humid,23.07,25.46,21.26,88.64,2.92,3.31,12.05,37.27
2024-07-07,Coimbatore,11.0168,76.9558,Humid,23.9,27.94,21.35,85.5,3.07,2.24,14.86,37.28
2024-07-08,Coimbatore,11.0168,76.9558,Humid,23.23,26.44,21.0,89.39,3.23,4.48,12.53,37.28
2024-07-09,Coimbatore,11.0168,76.9558,Humid,23.31,26.79,20.85,87.83,2.91,1.88,15.72,37.28
2024-07-10,Coimbatore,11.0168,76.9558,Humid,23.75,27.84,21.32,87.25,2.6,2.94,18.77,37.29
2024-07-11,Coimbatore,11.0168,76.9558,Humid,23.72,28.5,20.53,82.68,2.21,1.44,18.83,37.29
2024-07-12,Coimbatore,11.0168,76.9558,Humid,24.32,29.35,20.45,83.6,2.84,10.92,12.45,37.3
2024-07-13,Coimbatore,11.0168,76.9558,Humid,22.91,26.07,20.72,88.29,3.43,8.28,11.36,37.3
2024-07-14,Coimbatore,11.0168,76.9558,Humid,23.97,28.31,20.75,84.71,4.06,8.25,9.97,37.32
2024-07-15,Coimbatore,11.0168,76.9558,Humid,23.73,25.59,22.34,89.85,5.21,25.63,8.03,37.33
2024-07-16,Coimbatore,11.0168,76.9558,Humid,23.05,25.56,21.05,89.16,4.95,13.28,7.43,37.35
2024-07-17,Coimbatore,11.0168,76.9558,Humid,23.41,26.39,21.62,88.06,4.38,15.98,8.16,37.37
2024-07-18,Coimbatore,11.0168,76.9558,Humid,23.44,25.86,21.96,87.97,4.82,6.99,6.43,37.37
2024-07-19,Coimbatore,11.0168,76.9558,Humid,23.86,26.88,21.41,88.22,4.63,6.97,7.46,37.38
2024-07-20,Coimbatore,11.0168,76.9558,Humid,24.12,27.09,22.22,87.66,4.08,2.63,13.49,37.38
2024-07-21,Coimbatore,11.0168,76.9558,Humid,24.17,27.74,21.7,87.38,4.28,0.52,14.1,37.39
2024-07-22,Coimbatore,11.0168,76.9558,Humid,23.54,26.63,21.34,86.7,3.87,2.76,12.62,37.4
2024-07-23,Coimbatore,11.0168,76.9558,Humid,23.53,27.09,21.15,85.19,3.8,2.01,14.23,37.41
2024-07-24,Coimbatore,11.0168,76.9558,Humid,23.78,28.24,21.04,84.12,4.05,2.49,12.07,37.43
2024-07-25,Coimbatore,11.0168,76.9558,Humid,23.81,27.42,21.18,84.33,4.84,13.48,10.12,37.43
2024-07-26,Coimbatore,11.0168,76.9558,Humid,23.65,25.91,22.29,88.63,4.7,6.38,10.97,37.43
2024-07-27,Coimbatore,11.0168,76.9558,Humid,23.85,26.94,21.3,87.35,4.09,3.08,14.95,37.43
2024-07-28,Coimbatore,11.0168,76.9558,Humid,24.05,27.93,20.8,85.56,4.34,4.46,11.86,37.41
2024-07-29,Coimbatore,11.0168,76.9558,Humid,24.36,27.12,22.72,88.68,4.45,32.08,7.49,37.42
2024-07-30,Coimbatore,11.0168,76.9558,Humid,23.31,25.84,21.79,90.01,3.15,9.97,11.01,37.43
2024-07-31,Coimbatore,11.0168,76.9558,Humid,24.07,27.37,21.85,90.11,2.76,6.74,11.45,37.44
2024-08-01,Coimbatore,11.0168,76.9558,Humid,24.39,28.25,22.21,89.05,3.0,9.12,12.9,37.46
2024-08-02,Coimbatore,11.0168,76.9558,Humid,23.61,26.75,21.48,88.56,3.2,2.4,12.8,37.47
2024-08-03,Coimbatore,11.0168,76.9558,Humid,23.48,27.13,20.9,87.75,2.44,2.27,15.32,37.48
2024-08-04,Coimbatore,11.0168,76.9558,Humid,23.93,27.96,21.25,87.02,2.25,5.19,16.45,37.49
2024-08-05,Coimbatore,11.0168,76.9558,Humid,23.66,27.6,20.55,87.84,1.95,2.68,15.3,37.49
2024-08-06,Coimbatore,11.0168,76.9558,Humid,23.73,27.0,21.77,87.82,2.01,6.34,16.46,37.49
2024-08-07,Coimbatore,11.0168,76.9558,Humid,23.47,26.84,21.47,90.0,2.06,5.42,16.57,37.48
2024-08-08,Coimbatore,11.0168,76.9558,Humid,23.61,27.78,21.03,88.98,2.25,2.11,13.92,37.48
2024-08-09,Coimbatore,11.0168,76.9558,Humid,24.25,27.87,21.45,88.59,1.97,4.2,15.0,37.5
2024-08-10,Coimbatore,11.0168,76.9558,Humid,24.14,26.98,22.14,90.52,1.74,10.89,15.13,37.51
2024-08-11,Coimbatore,11.0168,76.9558,Humid,24.63,28.0,21.74,88.24,1.34,8.84,16.26,37.52
2024-08-12,Coimbatore,11.0168,76.9558,Humid,25.31,28.81,22.55,86.98,1.17,6.56,19.28,37.51
2024-08-13,Coimbatore,11.0168,76.9558,Humid,25.65,29.91,22.07,84.7,1.0,26.27,16.8,37.51
2024-08-14,Coimbatore,11.0168,76.9558,Humid,25.56,28.66,22.69,85.2,0.83,14.81,16.62,37.52
2024-08-15,Coimbatore,11.0168,76.9558,Humid,25.58,29.47,22.25,85.73,0.74,11.21,16.58,37.53
2024-08-16,Coimbatore,11.0168,76.9558,Humid,25.58,28.94,23.12,88.62,1.05,6.43,14.45,37.53
2024-08-17,Coimbatore,11.0168,76.9558,Humid,24.94,27.9,22.82,90.47,2.22,2.68,14.86,37.52
2024-08-18,Coimbatore,11.0168,76.9558,Humid,24.98,28.23,22.08,86.76,0.59,4.66,17.7,37.51
2024-08-19,Coimbatore,11.0168,76.9558,Humid,24.77,27.95,22.16,90.13,1.52,3.9,14.5,37.5
2024-08-20,Coimbatore,11.0168,76.9558,Humid,24.38,28.26,21.32,88.12,1.34,7.14,16.59,37.49
2024-08-21,Coimbatore,11.0168,76.9558,Humid,23.38,26.3,21.66,90.4,2.59,3.24,14.6,37.46
2024-08-22,Coimbatore,11.0168,76.9558,Humid,23.87,27.19,21.59,89.04,2.5,0.25,17.52,37.45
2024-08-23,Coimbatore,11.0168,76.9558,Humid,24.19,28.61,20.71,87.98,2.17,0.0,19.91,37.44
2024-08-24,Coimbatore,11.0168,76.9558,Humid,23.85,27.36,21.21,88.72,2.75,0.48,16.25,37.42
2024-08-25,Coimbatore,11.0168,76.9558,Humid,23.78,27.27,21.48,88.78,3.11,0.92,16.31,37.42
2024-08-26,Coimbatore,11.0168,76.9558,Humid,24.04,27.97,21.69,87.59,3.31,1.14,19.23,37.41
2024-08-27,Coimbatore,11.0168,76.9558,Humid,24.23,28.24,21.77,87.99,2.86,1.97,17.83,37.41
2024-08-28,Coimbatore,11.0168,76.9558,Humid,23.62,26.84,21.64,88.6,2.44,2.81,12.5,37.4
2024-08-29,Coimbatore,11.0168,76.9558,Humid,24.1,27.86,21.42,88.51,2.93,6.82,10.97,37.39
2024-08-30,Coimbatore,11.0168,76.9558,Humid,23.78,26.26,22.04,92.55,2.62,6.93,15.64,37.37
2024-08-31,Coimbatore,11.0168,76.9558,Humid,23.9,26.98,22.01,88.9,2.9,3.99,14.86,37.34
2024-09-01,Coimbatore,11.0168,76.9558,Humid,23.66,26.74,21.86,87.87,2.74,2.36,15.97,37.32
2024-09-02,Coimbatore,11.0168,76.9558,Humid,23.69,27.02,21.04,87.75,2.92,5.44,15.71,37.3
2024-09-03,Coimbatore,11.0168,76.9558,Humid,24.29,27.7,21.8,88.61,2.73,3.47,17.29,37.27
2024-09-04,Coimbatore,11.0168,76.9558,Humid,24.47,28.54,21.96,88.07,2.73,3.52,18.68,37.24
2024-09-05,Coimbatore,11.0168,76.9558,Humid,24.44,28.75,21.56,87.79,2.5,1.36,19.09,37.22
2024-09-06,Coimbatore,11.0168,76.9558,Humid,24.14,27.86,21.74,89.24,2.37,1.1,16.07,37.19
2024-09-07,Coimbatore,11.0168,76.9558,Humid,24.32,28.46,21.17,88.08,2.44,1.8,15.05,37.16
2024-09-08,Coimbatore,11.0168,76.9558,Humid,24.39,28.46,22.17,86.84,2.91,4.44,15.34,37.12
2024-09-09,Coimbatore,11.0168,76.9558,Humid,23.93,26.87,22.1,90.48,2.94,3.74,14.83,37.08
2024-09-10,Coimbatore,11.0168,76.9558,Humid,24.63,28.43,22.08,87.72,3.58,3.55,17.46,37.04
2024-09-11,Coimbatore,11.0168,76.9558,Humid,24.65,28.57,22.19,87.55,2.85,2.44,16.55,37.0
2024-09-12,Coimbatore,11.0168,76.9558,Humid,24.18,28.58,21.76,85.64,2.45,0.6,19.13,36.97
2024-09-13,Coimbatore,11.0168,76.9558,Humid,24.5,29.84,20.91,84.79,2.09,0.05,19.95,36.93
2024-09-14,Coimbatore,11.0168,76.9558,Humid,24.75,30.33,20.78,83.53,2.35,0.2,16.16,36.88
2024-09-15,Coimbatore,11.0168,76.9558,Humid,24.62,29.41,21.29,83.54,2.33,0.08,18.27,36.83
2024-09-16,Coimbatore,11.0168,76.9558,Humid,24.8,30.37,20.95,83.02,2.25,0.01,21.55,36.78
2024-09-17,Coimbatore,11.0168,76.9558,Humid,24.92,30.55,20.44,83.24,2.53,0.01,20.18,36.73
2024-09-18,Coimbatore,11.0168,76.9558,Humid,24.43,30.17,20.11,80.47,2.27,0.0,24.06,36.68
2024-09-19,Coimbatore,11.0168,76.9558,Humid,23.55,27.64,20.29,83.78,2.0,0.0,20.82,36.63
2024-09-20,Coimbatore,11.0168,76.9558,Humid,24.84,30.2,20.67,82.19,2.1,0.06,20.47,36.57
2024-09-21,Coimbatore,11.0168,76.9558,Humid,24.91,30.23,21.8,82.33,2.56,0.41,21.87,36.51
2024-09-22,Coimbatore,11.0168,76.9558,Humid,24.68,30.02,20.69,84.02,2.34,3.92,17.37,36.46
2024-09-23,Coimbatore,11.0168,76.9558,Humid,23.78,28.4,20.19,85.32,2.63,2.56,15.6,36.4
2024-09-24,Coimbatore,11.0168,76.9558,Humid,23.86,27.33,21.61,88.34,2.89,2.77,14.51,36.35
2024-09-25,Coimbatore,11.0168,76.9558,Humid,24.39,29.49,20.86,83.16,3.16,0.55,17.53,36.29
2024-09-26,Coimbatore,11.0168,76.9558,Humid,24.13,28.82,20.91,84.65,2.32,0.78,14.7,36.23
2024-09-27,Coimbatore,11.0168,76.9558,Humid,24.64,30.63,20.18,82.0,1.87,0.52,18.29,36.17
2024-09-28,Coimbatore,11.0168,76.9558,Humid,25.33,30.02,21.54,82.34,0.84,3.84,17.8,36.09
2024-09-29,Coimbatore,11.0168,76.9558,Humid,24.85,28.43,21.83,81.25,1.31,6.43,17.24,36.02
2024-09-30,Coimbatore,11.0168,76.9558,Humid,24.94,28.12,21.85,82.33,1.1,3.46,19.98,35.94
2024-10-01,Coimbatore,11.0168,76.9558,Humid,26.16,31.89,21.51,77.93,0.92,1.57,19.34,35.87
2024-10-02,Coimbatore,11.0168,76.9558,Humid,25.99,31.27,22.32,82.33,1.14,2.9,18.33,35.78
2024-10-03,Coimbatore,11.0168,76.9558,Humid,25.3,29.22,22.29,86.24,1.52,0.28,17.75,35.69
2024-10-04,Coimbatore,11.0168,76.9558,Humid,24.59,27.81,22.19,87.78,1.38,7.17,17.43,35.61
2024-10-05,Coimbatore,11.0168,76.9558,Humid,23.7,26.85,21.66,87.19,1.26,10.34,15.21,35.53
2024-10-06,Coimbatore,11.0168,76.9558,Humid,24.07,28.12,21.16,85.62,0.6,10.62,14.17,35.46
2024-10-07,Coimbatore,11.0168,76.9558,Humid,23.79,27.56,21.14,85.55,1.65,9.55,14.4,35.38
2024-10-08,Coimbatore,11.0168,76.9558,Humid,24.93,28.94,21.52,84.46,0.76,11.11,15.49,35.3
2024-10-09,Coimbatore,11.0168,76.9558,Humid,24.63,28.43,22.46,88.98,1.11,9.97,15.39,35.21
2024-10-10,Coimbatore,11.0168,76.9558,Humid,24.18,28.39,21.53,87.45,1.38,1.75,12.6,35.13
2024-10-11,Coimbatore,11.0168,76.9558,Humid,23.4,26.48,21.38,90.28,1.27,14.53,14.08,35.05
2024-10-12,Coimbatore,11.0168,76.9558,Humid,23.58,26.77,21.56,91.02,0.68,11.81,10.49,34.96
2024-10-13,Coimbatore,11.0168,76.9558,Humid,24.22,27.37,21.91,89.16,0.64,28.96,10.53,34.89
2024-10-14,Coimbatore,11.0168,76.9558,Humid,23.82,26.66,21.96,89.99,0.41,11.4,10.91,34.81
2024-10-15,Coimbatore,11.0168,76.9558,Humid,22.01,24.59,19.5,90.79,1.32,17.7,12.3,34.72
2024-10-16,Coimbatore,11.0168,76.9558,Humid,22.27,26.05,19.09,90.03,2.06,4.8,11.53,34.63
2024-10-17,Coimbatore,11.0168,76.9558,Humid,23.47,28.13,19.9,88.46,2.39,1.88,12.97,34.54
2024-10-18,Coimbatore,11.0168,76.9558,Humid,24.27,28.84,20.81,88.75,1.48,6.3,16.65,34.45
2024-10-19,Coimbatore,11.0168,76.9558,Humid,23.15,25.34,21.63,92.67,0.82,2.64,13.93,34.36
2024-10-20,Coimbatore,11.0168,76.9558,Humid,24.83,28.93,21.06,83.22,0.42,8.45,16.0,34.28
2024-10-21,Coimbatore,11.0168,76.9558,Humid,24.81,28.44,21.64,87.64,0.63,8.26,12.67,34.19
2024-10-22,Coimbatore,11.0168,76.9558,Humid,24.64,27.96,21.92,86.11,0.7,22.94,15.83,34.09
2024-10-23,Coimbatore,11.0168,76.9558,Humid,24.81,29.25,21.21,86.05,0.57,17.86,17.38,34.0
2024-10-24,Coimbatore,11.0168,76.9558,Humid,22.56,24.32,20.02,91.03,1.38,9.6,13.76,33.9
2024-10-25,Coimbatore,11.0168,76.9558,Humid,23.82,29.01,19.66,85.72,1.04,8.18,15.27,33.8
2024-10-26,Coimbatore,11.0168,76.9558,Humid,24.12,28.62,20.79,87.95,1.17,4.48,17.85,33.69
2024-10-27,Coimbatore,11.0168,76.9558,Humid,23.85,28.86,20.17,87.56,1.37,0.3,18.57,33.59
2024-10-28,Coimbatore,11.0168,76.9558,Humid,23.22,28.0,19.63,86.23,1.37,0.84,17.38,33.49
2024-10-29,Coimbatore,11.0168,76.9558,Humid,23.98,29.25,19.85,86.34,1.13,0.4,17.41,33.39
2024-10-30,Coimbatore,11.0168,76.9558,Humid,24.52,29.52,20.59,86.46,0.85,0.04,19.5,33.29
2024-10-31,Coimbatore,11.0168,76.9558,Humid,25.21,29.71,21.31,84.65,0.48,7.72,16.33,33.2
2024-11-01,Coimbatore,11.0168,76.9558,Humid,24.65,28.39,21.75,88.18,0.85,14.96,13.01,33.1
2024-11-02,Coimbatore,11.0168,76.9558,Humid,24.02,26.82,21.98,90.44,1.25,10.21,14.95,33.01
2024-11-03,Coimbatore,11.0168,76.9558,Humid,23.92,27.36,21.8,89.74,1.4,12.0,17.12,32.91
2024-11-04,Coimbatore,11.0168,76.9558,Humid,23.7,27.53,20.9,88.3,1.42,13.66,13.81,32.81
2024-11-05,Coimbatore,11.0168,76.9558,Humid,23.08,27.29,19.71,87.77,1.35,3.18,17.6,32.71
2024-11-06,Coimbatore,11.0168,76.9558,Humid,23.96,28.62,19.67,80.22,0.82,0.02,18.93,32.62
2024-11-07,Coimbatore,11.0168,76.9558,Humid,24.0,27.7,20.79,85.14,0.93,3.16,13.32,32.53
2024-11-08,Coimbatore,11.0168,76.9558,Humid,24.09,28.18,21.14,86.25,1.58,1.08,14.9,32.44
2024-11-09,Coimbatore,11.0168,76.9558,Humid,23.28,27.01,20.67,86.38,1.71,0.43,20.43,32.35
2024-11-10,Coimbatore,11.0168,76.9558,Humid,23.1,27.66,18.95,80.83,1.54,0.0,20.46,32.26
2024-11-11,Coimbatore,11.0168,76.9558,Humid,23.47,28.02,18.71,75.84,1.19,0.02,17.93,32.17
2024-11-12,Coimbatore,11.0168,76.9558,Humid,23.98,28.53,19.83,78.6,0.74,0.61,14.28,32.08
2024-11-13,Coimbatore,11.0168,76.9558,Humid,23.46,26.91,20.79,91.32,1.53,1.66,11.6,31.99
2024-11-14,Coimbatore,11.0168,76.9558,Humid,23.05,25.51,21.5,92.29,1.73,9.07,13.6,31.9
2024-11-15,Coimbatore,11.0168,76.9558,Humid,23.2,26.65,20.88,91.37,1.71,7.83,14.61,31.82
2024-11-16,Coimbatore,11.0168,76.9558,Humid,23.27,27.06,20.43,90.85,1.76,7.33,13.02,31.74
2024-11-17,Coimbatore,11.0168,76.9558,Humid,23.51,27.36,20.78,90.51,1.92,5.77,13.86,31.66
2024-11-18,Coimbatore,11.0168,76.9558,Humid,22.8,26.99,19.56,88.88,2.3,1.2,17.35,31.58
2024-11-19,Coimbatore,11.0168,76.9558,Humid,23.04,27.37,19.79,87.25,1.98,1.0,16.51,31.5
2024-11-20,Coimbatore,11.0168,76.9558,Humid,22.17,26.59,19.2,88.24,1.79,0.15,14.34,31.42
2024-11-21,Coimbatore,11.0168,76.9558,Humid,22.06,26.61,18.34,87.46,1.55,0.32,15.9,31.34
2024-11-22,Coimbatore,11.0168,76.9558,Humid,22.6,27.46,18.8,88.13,1.39,0.01,18.58,31.26
2024-11-23,Coimbatore,11.0168,76.9558,Humid,22.33,26.84,18.54,85.99,1.42,0.0,15.24,31.18
2024-11-24,Coimbatore,11.0168,76.9558,Humid,22.77,27.53,19.13,86.18,1.71,0.0,17.32,31.11
2024-11-25,Coimbatore,11.0168,76.9558,Humid,21.8,25.93,18.8,85.62,1.45,0.01,16.05,31.03
2024-11-26,Coimbatore,11.0168,76.9558,Humid,21.74,25.61,18.83,89.32,1.11,4.49,13.71,30.96
2024-11-27,Coimbatore,11.0168,76.9558,Humid,22.59,26.09,19.78,88.89,1.18,1.52,13.08,30.89
2024-11-28,Coimbatore,11.0168,76.9558,Humid,23.97,28.6,19.78,77.47,1.0,0.22,17.28,30.83
2024-11-29,Coimbatore,11.0168,76.9558,Humid,23.6,27.58,19.61,83.39,1.34,1.98,16.98,30.77
2024-11-30,Coimbatore,11.0168,76.9558,Humid,24.01,28.76,20.48,87.92,1.39,2.98,9.52,30.71
2024-12-01,Coimbatore,11.0168,76.9558,Humid,24.01,27.46,21.68,91.81,2.12,22.51,7.75,30.66
2024-12-02,Coimbatore,11.0168,76.9558,Humid,24.03,26.15,22.38,94.54,2.1,20.35,6.13,30.61
2024-12-03,Coimbatore,11.0168,76.9558,Humid,23.61,26.23,22.03,92.37,1.77,16.26,10.41,30.56
2024-12-04,Coimbatore,11.0168,76.9558,Humid,23.54,27.19,21.15,87.23,1.62,1.03,14.79,30.52
2024-12-05,Coimbatore,11.0168,76.9558,Humid,23.31,27.69,19.75,88.97,1.39,0.91,16.45,30.47
2024-12-06,Coimbatore,11.0168,76.9558,Humid,23.04,27.8,19.87,88.09,1.37,0.08,19.69,30.43
2024-12-07,Coimbatore,11.0168,76.9558,Humid,23.26,27.93,19.49,88.31,1.28,0.74,18.37,30.39
2024-12-08,Coimbatore,11.0168,76.9558,Humid,22.92,27.57,19.58,87.37,1.26,0.13,16.49,30.35
2024-12-09,Coimbatore,11.0168,76.9558,Humid,22.96,27.73,18.79,86.19,1.17,0.01,17.06,30.31
2024-12-10,Coimbatore,11.0168,76.9558,Humid,22.94,27.54,18.99,85.93,1.27,0.1,14.28,30.28
2024-12-11,Coimbatore,11.0168,76.9558,Humid,22.72,27.24,19.26,86.76,1.63,0.99,15.11,30.25
2024-12-12,Coimbatore,11.0168,76.9558,Humid,22.41,25.64,20.34,91.73,1.91,18.49,6.63,30.23
2024-12-13,Coimbatore,11.0168,76.9558,Humid,22.28,24.28,21.07,94.43,2.89,18.95,5.59,30.2
2024-12-14,Coimbatore,11.0168,76.9558,Humid,21.95,25.96,19.45,88.46,2.51,3.15,11.64,30.18
2024-12-15,Coimbatore,11.0168,76.9558,Humid,20.44,25.04,17.57,85.5,1.96,0.88,20.34,30.16
2024-12-16,Coimbatore,11.0168,76.9558,Humid,20.39,25.42,16.16,85.94,1.61,0.0,20.47,30.15
2024-12-17,Coimbatore,11.0168,76.9558,Humid,21.82,27.8,15.93,78.91,0.81,0.0,20.75,30.14
2024-12-18,Coimbatore,11.0168,76.9558,Humid,22.86,28.68,17.45,81.33,0.76,0.0,19.31,30.13
2024-12-19,Coimbatore,11.0168,76.9558,Humid,23.18,27.69,19.36,87.31,0.74,0.0,17.37,30.13
2024-12-20,Coimbatore,11.0168,76.9558,Humid,24.12,28.95,20.44,85.97,0.94,0.0,16.83,30.13
2024-12-21,Coimbatore,11.0168,76.9558,Humid,24.59,29.04,21.76,88.32,0.89,0.57,15.96,30.13
2024-12-22,Coimbatore,11.0168,76.9558,Humid,24.09,28.82,20.33,85.88,0.66,0.28,15.7,30.13
2024-12-23,Coimbatore,11.0168,76.9558,Humid,23.27,27.7,20.52,85.28,0.65,0.03,16.78,30.13
2024-12-24,Coimbatore,11.0168,76.9558,Humid,22.9,27.87,19.12,83.98,0.65,0.0,16.98,30.13
2024-12-25,Coimbatore,11.0168,76.9558,Humid,23.09,28.31,18.66,81.63,0.6,0.0,15.97,30.14
2024-12-26,Coimbatore,11.0168,76.9558,Humid,23.62,28.67,19.93,84.58,0.89,3.08,11.82,30.17
2024-12-27,Coimbatore,11.0168,76.9558,Humid,23.37,27.77,20.47,88.41,2.34,3.27,15.21,30.19
2024-12-28,Coimbatore,11.0168,76.9558,Humid,22.16,26.76,18.95,84.75,2.3,0.11,18.76,30.22
2024-12-29,Coimbatore,11.0168,76.9558,Humid,22.06,27.37,17.86,84.09,1.81,0.07,20.36,30.25
2024-12-30,Coimbatore,11.0168,76.9558,Humid,22.46,27.6,18.13,87.13,2.25,0.78,13.79,30.29
2024-12-31,Coimbatore,11.0168,76.9558,Humid,22.77,27.65,18.73,85.0,2.88,0.06,19.9,30.32
