date,location,latitude,longitude,zone,T2M,T2M_MAX,T2M_MIN,RH2M,WS2M,PRECTOTCORR,ALLSKY_SFC_SW_DWN,TOA_SW_DWN
2005-01-01,Kovilpatti,9.1728,77.871,Dryland,24.87,28.28,22.86,83.06,2.65,0.05,10.86,31.33
2005-01-02,Kovilpatti,9.1728,77.871,Dryland,25.38,30.14,22.02,79.87,3.09,0.01,17.99,31.37
2005-01-03,Kovilpatti,9.1728,77.871,Dryland,25.26,30.29,20.59,79.31,2.82,0.01,20.38,31.4
2005-01-04,Kovilpatti,9.1728,77.871,Dryland,25.21,30.23,21.68,76.91,3.34,0.0,19.48,31.45
2005-01-05,Kovilpatti,9.1728,77.871,Dryland,25.07,30.25,20.99,79.52,3.67,0.01,19.57,31.49
2005-01-06,Kovilpatti,9.1728,77.871,Dryland,24.49,29.81,19.94,75.84,3.45,0.0,21.5,31.54
2005-01-07,Kovilpatti,9.1728,77.871,Dryland,24.93,30.5,19.91,77.57,3.97,0.0,19.72,31.59
2005-01-08,Kovilpatti,9.1728,77.871,Dryland,25.43,30.53,20.99,76.69,3.57,0.0,16.7,31.64
2005-01-09,Kovilpatti,9.1728,77.871,Dryland,24.06,27.71,20.8,79.37,3.5,0.0,15.45,31.69
2005-01-10,Kovilpatti,9.1728,77.871,Dryland,24.59,30.89,20.08,74.17,2.76,0.0,16.03,31.75
2005-01-11,Kovilpatti,9.1728,77.871,Dryland,24.38,31.63,18.42,70.8,2.42,0.0,19.67,31.8
2005-01-12,Kovilpatti,9.1728,77.871,Dryland,24.13,30.73,17.92,71.35,2.53,0.0,21.98,31.86
2005-01-13,Kovilpatti,9.1728,77.871,Dryland,24.61,30.91,19.31,73.62,3.24,0.0,20.89,31.91
2005-01-14,Kovilpatti,9.1728,77.871,Dryland,24.35,30.45,19.16,72.31,3.49,0.0,21.92,31.96
2005-01-15,Kovilpatti,9.1728,77.871,Dryland,24.77,30.95,20.27,69.59,3.33,0.0,22.06,32.02
2005-01-16,Kovilpatti,9.1728,77.871,Dryland,24.95,31.38,19.09,73.22,2.97,0.0,21.48,32.09
2005-01-17,Kovilpatti,9.1728,77.871,Dryland,25.9,32.14,20.41,74.2,2.45,0.0,20.78,32.18
2005-01-18,Kovilpatti,9.1728,77.871,Dryland,26.68,32.68,21.63,76.31,2.24,0.84,20.37,32.27
2005-01-19,Kovilpatti,9.1728,77.871,Dryland,27.12,32.64,22.99,77.08,2.59,0.9,19.07,32.36
2005-01-20,Kovilpatti,9.1728,77.871,Dryland,27.27,33.13,22.97,75.17,4.08,0.57,19.63,32.44
2005-01-21,Kovilpatti,9.1728,77.871,Dryland,26.4,30.96,23.34,79.37,4.8,3.25,10.19,32.52
2005-01-22,Kovilpatti,9.1728,77.871,Dryland,26.42,30.94,23.17,80.17,3.99,3.74,11.54,32.6
2005-01-23,Kovilpatti,9.1728,77.871,Dryland,26.94,32.51,22.83,76.45,3.64,0.53,18.01,32.69
2005-01-24,Kovilpatti,9.1728,77.871,Dryland,26.24,30.63,23.29,81.3,2.8,0.33,19.62,32.77
2005-01-25,Kovilpatti,9.1728,77.871,Dryland,26.92,32.94,22.36,75.75,3.17,0.01,22.09,32.85
2005-01-26,Kovilpatti,9.1728,77.871,Dryland,26.75,33.0,21.8,73.85,3.12,0.0,21.91,32.94
2005-01-27,Kovilpatti,9.1728,77.871,Dryland,26.47,32.08,22.34,72.55,2.31,0.24,17.73,33.02
2005-01-28,Kovilpatti,9.1728,77.871,Dryland,26.33,31.06,22.88,73.75,1.96,0.09,16.53,33.11
2005-01-29,Kovilpatti,9.1728,77.871,Dryland,26.96,32.66,22.33,72.29,2.21,1.61,17.75,33.2
2005-01-30,Kovilpatti,9.1728,77.871,Dryland,26.81,31.76,23.37,74.13,2.39,2.78,16.64,33.28
2005-01-31,Kovilpatti,9.1728,77.871,Dryland,27.35,32.24,23.82,75.48,2.17,0.87,16.74,33.37
2005-02-01,Kovilpatti,9.1728,77.871,Dryland,27.8,32.89,24.24,74.62,2.17,0.23,14.87,33.47
2005-02-02,Kovilpatti,9.1728,77.871,Dryland,27.69,32.65,24.01,73.0,3.33,0.13,18.38,33.56
2005-02-03,Kovilpatti,9.1728,77.871,Dryland,27.66,33.08,23.77,69.56,3.24,0.02,19.25,33.65
2005-02-04,Kovilpatti,9.1728,77.871,Dryland,27.82,33.8,23.19,67.79,3.48,0.0,21.0,33.74
2005-02-05,Kovilpatti,9.1728,77.871,Dryland,27.87,33.77,23.17,66.1,3.09,0.0,20.12,33.84
2005-02-06,Kovilpatti,9.1728,77.871,Dryland,27.83,34.23,22.77,63.04,3.38,0.0,22.64,33.93
2005-02-07,Kovilpatti,9.1728,77.871,Dryland,26.94,33.81,20.35,64.26,3.38,0.0,24.53,34.03
2005-02-08,Kovilpatti,9.1728,77.871,Dryland,27.52,34.3,22.03,65.99,4.24,0.0,24.54,34.12
2005-02-09,Kovilpatti,9.1728,77.871,Dryland,27.35,33.41,22.77,64.42,4.99,0.01,24.35,34.21
2005-02-10,Kovilpatti,9.1728,77.871,Dryland,27.59,33.47,23.42,62.91,4.77,0.01,22.85,34.3
2005-02-11,Kovilpatti,9.1728,77.871,Dryland,27.59,33.94,22.7,61.21,4.35,0.0,23.22,34.39
2005-02-12,Kovilpatti,9.1728,77.871,Dryland,27.0,34.02,21.7,63.04,4.29,0.0,23.39,34.48
2005-02-13,Kovilpatti,9.1728,77.871,Dryland,27.17,34.57,21.65,61.79,3.9,0.0,24.9,34.58
2005-02-14,Kovilpatti,9.1728,77.871,Dryland,26.55,34.68,19.81,66.56,2.87,0.0,25.65,34.67
2005-02-15,Kovilpatti,9.1728,77.871,Dryland,27.3,36.01,20.94,63.32,1.72,0.0,25.43,34.76
2005-02-16,Kovilpatti,9.1728,77.871,Dryland,27.59,35.66,21.61,60.37,1.82,0.0,25.11,34.86
2005-02-17,Kovilpatti,9.1728,77.871,Dryland,27.87,36.64,21.52,62.32,1.94,0.0,25.16,34.95
2005-02-18,Kovilpatti,9.1728,77.871,Dryland,27.99,35.78,22.25,59.18,2.07,0.0,24.76,35.04
2005-02-19,Kovilpatti,9.1728,77.871,Dryland,27.82,35.34,22.3,64.19,2.37,0.0,25.09,35.13
2005-02-20,Kovilpatti,9.1728,77.871,Dryland,27.53,34.5,22.16,66.81,2.27,0.0,24.42,35.22
2005-02-21,Kovilpatti,9.1728,77.871,Dryland,28.61,34.97,23.96,66.24,2.26,0.49,23.44,35.31
2005-02-22,Kovilpatti,9.1728,77.871,Dryland,28.48,33.51,24.98,72.22,2.25,1.83,16.89,35.4
2005-02-23,Kovilpatti,9.1728,77.871,Dryland,29.59,35.24,25.61,67.52,3.06,0.29,20.75,35.49
2005-02-24,Kovilpatti,9.1728,77.871,Dryland,29.79,35.46,25.94,65.6,3.37,0.0,22.15,35.57
2005-02-25,Kovilpatti,9.1728,77.871,Dryland,29.28,35.59,25.08,63.79,3.13,0.0,24.0,35.66
2005-02-26,Kovilpatti,9.1728,77.871,Dryland,28.57,35.59,23.31,59.41,2.7,0.0,25.4,35.74
2005-02-27,Kovilpatti,9.1728,77.871,Dryland,28.36,35.43,22.2,59.5,3.0,0.0,25.63,35.82
2005-02-28,Kovilpatti,9.1728,77.871,Dryland,27.9,34.31,22.13,59.93,2.86,0.0,25.72,35.9
2005-03-01,Kovilpatti,9.1728,77.871,Dryland,27.44,32.98,22.52,66.55,2.68,0.0,25.69,35.98
2005-03-02,Kovilpatti,9.1728,77.871,Dryland,28.61,35.96,22.51,64.4,2.98,0.0,24.87,36.05
2005-03-03,Kovilpatti,9.1728,77.871,Dryland,28.68,35.7,23.01,63.78,2.76,0.0,25.07,36.13
2005-03-04,Kovilpatti,9.1728,77.871,Dryland,29.36,36.11,24.11,65.53,2.53,0.47,23.48,36.21
2005-03-05,Kovilpatti,9.1728,77.871,Dryland,28.98,33.68,25.7,72.22,2.33,4.99,20.08,36.28
2005-03-06,Kovilpatti,9.1728,77.871,Dryland,28.53,32.49,26.11,74.57,2.27,3.16,21.31,36.35
2005-03-07,Kovilpatti,9.1728,77.871,Dryland,28.4,32.6,25.22,74.12,2.48,0.61,20.55,36.43
2005-03-08,Kovilpatti,9.1728,77.871,Dryland,28.66,33.17,25.25,69.03,2.44,0.01,22.47,36.5
2005-03-09,Kovilpatti,9.1728,77.871,Dryland,28.46,32.55,25.39,71.0,2.61,0.18,19.86,36.56
2005-03-10,Kovilpatti,9.1728,77.871,Dryland,28.7,33.22,25.05,69.05,2.02,0.57,21.16,36.63
2005-03-11,Kovilpatti,9.1728,77.871,Dryland,28.52,33.25,25.43,71.76,1.88,4.73,20.4,36.69
2005-03-12,Kovilpatti,9.1728,77.871,Dryland,28.95,34.97,24.23,68.99,1.85,1.48,22.79,36.75
2005-03-13,Kovilpatti,9.1728,77.871,Dryland,29.96,36.23,24.99,66.43,2.17,1.64,20.81,36.81
2005-03-14,Kovilpatti,9.1728,77.871,Dryland,29.45,34.26,26.26,66.91,2.36,1.23,23.46,36.87
2005-03-15,Kovilpatti,9.1728,77.871,Dryland,29.4,35.43,24.76,62.76,2.91,0.0,23.51,36.92
2005-03-16,Kovilpatti,9.1728,77.871,Dryland,29.25,35.48,24.17,59.91,2.83,0.0,25.4,36.98
2005-03-17,Kovilpatti,9.1728,77.871,Dryland,28.57,34.76,23.29,60.02,3.26,0.0,26.05,37.04
2005-03-18,Kovilpatti,9.1728,77.871,Dryland,28.89,35.46,23.17,65.81,2.87,0.35,25.3,37.09
2005-03-19,Kovilpatti,9.1728,77.871,Dryland,29.43,35.61,24.96,67.53,2.81,4.4,26.21,37.14
2005-03-20,Kovilpatti,9.1728,77.871,Dryland,30.05,36.24,25.53,64.23,2.48,0.14,24.53,37.19
2005-03-21,Kovilpatti,9.1728,77.871,Dryland,30.34,36.7,25.25,61.2,2.27,0.07,23.18,37.24
2005-03-22,Kovilpatti,9.1728,77.871,Dryland,30.94,37.88,25.83,56.21,2.19,0.0,22.22,37.28
2005-03-23,Kovilpatti,9.1728,77.871,Dryland,32.1,39.15,26.21,56.02,2.27,0.0,22.01,37.32
2005-03-24,Kovilpatti,9.1728,77.871,Dryland,32.21,39.07,26.85,55.2,2.79,0.44,23.41,37.36
2005-03-25,Kovilpatti,9.1728,77.871,Dryland,32.21,38.86,26.87,53.8,2.52,0.23,23.37,37.4
2005-03-26,Kovilpatti,9.1728,77.871,Dryland,31.97,37.55,27.98,50.91,2.63,0.0,21.33,37.44
2005-03-27,Kovilpatti,9.1728,77.871,Dryland,31.95,38.25,27.12,53.12,2.59,0.23,22.84,37.47
2005-03-28,Kovilpatti,9.1728,77.871,Dryland,31.74,37.51,28.22,55.38,2.04,0.09,21.12,37.5
2005-03-29,Kovilpatti,9.1728,77.871,Dryland,32.31,38.26,27.58,55.22,3.0,0.01,18.35,37.53
2005-03-30,Kovilpatti,9.1728,77.871,Dryland,31.63,36.58,27.58,59.58,2.9,2.55,19.85,37.56
2005-03-31,Kovilpatti,9.1728,77.871,Dryland,30.65,34.77,27.16,61.92,2.18,0.54,19.23,37.59
2005-04-01,Kovilpatti,9.1728,77.871,Dryland,31.29,37.37,26.68,59.18,2.92,0.06,20.77,37.61
2005-04-02,Kovilpatti,9.1728,77.871,Dryland,29.66,33.24,27.06,73.18,2.01,14.62,18.46,37.64
2005-04-03,Kovilpatti,9.1728,77.871,Dryland,27.52,29.8,26.06,86.51,2.3,16.71,9.21,37.66
2005-04-04,Kovilpatti,9.1728,77.871,Dryland,25.8,27.31,24.82,89.25,3.08,71.52,13.6,37.68
2005-04-05,Kovilpatti,9.1728,77.871,Dryland,26.36,28.76,24.55,89.8,3.3,28.02,11.98,37.7
2005-04-06,Kovilpatti,9.1728,77.871,Dryland,26.96,29.52,24.83,87.4,1.51,22.91,17.38,37.72
2005-04-07,Kovilpatti,9.1728,77.871,Dryland,26.93,29.17,25.25,88.04,1.98,11.73,12.56,37.73
2005-04-08,Kovilpatti,9.1728,77.871,Dryland,27.21,30.14,24.35,86.31,2.18,1.17,18.85,37.74
2005-04-09,Kovilpatti,9.1728,77.871,Dryland,27.46,30.05,25.35,85.56,2.14,0.3,21.52,37.75
2005-04-10,Kovilpatti,9.1728,77.871,Dryland,27.8,30.71,25.35,85.17,2.36,2.05,22.05,37.76
2005-04-11,Kovilpatti,9.1728,77.871,Dryland,27.91,30.56,25.62,86.81,2.59,8.33,18.51,37.77
2005-04-12,Kovilpatti,9.1728,77.871,Dryland,27.92,31.01,25.62,85.56,2.25,1.25,20.15,37.77
2005-04-13,Kovilpatti,9.1728,77.871,Dryland,27.85,30.8,25.32,83.68,1.62,2.27,21.48,37.78
2005-04-14,Kovilpatti,9.1728,77.871,Dryland,27.9,31.48,24.9,81.06,1.25,0.21,23.52,37.78
2005-04-15,Kovilpatti,9.1728,77.871,Dryland,28.35,31.76,25.97,79.73,1.28,1.3,24.17,37.78
2005-04-16,Kovilpatti,9.1728,77.871,Dryland,28.34,32.79,24.65,78.25,1.25,9.93,24.21,37.78
2005-04-17,Kovilpatti,9.1728,77.871,Dryland,28.3,32.64,24.45,80.17,1.58,6.19,25.3,37.78
2005-04-18,Kovilpatti,9.1728,77.871,Dryland,28.29,31.98,24.72,81.62,1.68,5.09,25.37,37.77
2005-04-19,Kovilpatti,9.1728,77.871,Dryland,27.64,30.35,25.37,85.06,1.34,11.49,20.56,37.77
2005-04-20,Kovilpatti,9.1728,77.871,Dryland,27.57,30.49,25.55,85.57,1.68,19.84,15.02,37.76
2005-04-21,Kovilpatti,9.1728,77.871,Dryland,27.2,29.61,25.16,83.08,1.19,4.91,21.35,37.76
2005-04-22,Kovilpatti,9.1728,77.871,Dryland,27.51,29.75,25.35,80.87,1.16,2.65,22.08,37.75
2005-04-23,Kovilpatti,9.1728,77.871,Dryland,27.87,30.96,24.7,80.84,1.2,1.12,20.43,37.74
2005-04-24,Kovilpatti,9.1728,77.871,Dryland,27.94,30.11,25.75,83.21,1.1,0.77,21.81,37.73
2005-04-25,Kovilpatti,9.1728,77.871,Dryland,27.98,30.23,25.21,81.53,0.81,5.71,17.47,37.71
2005-04-26,Kovilpatti,9.1728,77.871,Dryland,29.03,32.73,25.64,76.75,0.88,0.91,22.44,37.7
2005-04-27,Kovilpatti,9.1728,77.871,Dryland,28.53,31.35,26.0,83.32,1.6,0.09,22.47,37.68
2005-04-28,Kovilpatti,9.1728,77.871,Dryland,28.79,32.45,25.8,82.32,1.85,0.07,23.53,37.65
2005-04-29,Kovilpatti,9.1728,77.871,Dryland,29.51,33.98,25.82,80.78,1.65,0.08,22.05,37.63
2005-04-30,Kovilpatti,9.1728,77.871,Dryland,29.55,33.34,26.52,81.02,2.12,8.07,20.85,37.61
2005-05-01,Kovilpatti,9.1728,77.871,Dryland,29.44,33.55,26.34,79.02,2.02,2.0,20.34,37.59
2005-05-02,Kovilpatti,9.1728,77.871,Dryland,28.45,31.3,26.24,84.49,1.41,27.01,13.84,37.58
2005-05-03,Kovilpatti,9.1728,77.871,Dryland,28.68,32.02,25.98,83.31,2.04,6.3,17.31,37.57
2005-05-04,Kovilpatti,9.1728,77.871,Dryland,27.95,30.77,25.66,84.18,2.19,0.81,18.19,37.56
2005-05-05,Kovilpatti,9.1728,77.871,Dryland,28.53,32.27,25.33,78.32,2.22,0.05,22.01,37.54
2005-05-06,Kovilpatti,9.1728,77.871,Dryland,28.04,30.72,25.32,80.76,2.48,0.13,21.63,37.52
2005-05-07,Kovilpatti,9.1728,77.871,Dryland,28.33,31.95,25.61,80.69,2.8,0.2,22.15,37.5
2005-05-08,Kovilpatti,9.1728,77.871,Dryland,29.51,33.86,25.66,75.87,2.22,0.01,22.24,37.47
2005-05-09,Kovilpatti,9.1728,77.871,Dryland,29.3,34.1,26.0,75.59,3.83,0.0,23.49,37.44
2005-05-10,Kovilpatti,9.1728,77.871,Dryland,28.97,34.0,24.8,72.84,3.44,0.0,23.52,37.41
2005-05-11,Kovilpatti,9.1728,77.871,Dryland,29.17,33.94,25.65,74.78,3.29,0.04,24.18,37.38
2005-05-12,Kovilpatti,9.1728,77.871,Dryland,29.01,33.12,25.5,79.55,3.28,0.06,19.6,37.36
2005-05-13,Kovilpatti,9.1728,77.871,Dryland,28.9,32.74,25.97,79.58,2.93,0.01,22.8,37.34
2005-05-14,Kovilpatti,9.1728,77.871,Dryland,28.48,31.6,26.02,83.88,2.95,0.63,22.83,37.32
2005-05-15,Kovilpatti,9.1728,77.871,Dryland,28.84,32.6,25.83,81.96,3.49,0.2,23.08,37.29
2005-05-16,Kovilpatti,9.1728,77.871,Dryland,28.57,32.04,26.03,81.92,3.36,0.03,23.44,37.27
2005-05-17,Kovilpatti,9.1728,77.871,Dryland,29.51,35.41,25.61,73.42,3.87,0.03,24.44,37.24
2005-05-18,Kovilpatti,9.1728,77.871,Dryland,30.16,36.09,25.23,71.05,3.1,0.01,23.35,37.22
2005-05-19,Kovilpatti,9.1728,77.871,Dryland,30.52,35.57,26.3,72.96,3.03,0.02,22.4,37.2
2005-05-20,Kovilpatti,9.1728,77.871,Dryland,30.42,35.16,26.76,74.08,3.39,0.05,22.1,37.17
2005-05-21,Kovilpatti,9.1728,77.871,Dryland,29.95,34.21,26.26,75.1,3.24,0.07,22.11,37.15
2005-05-22,Kovilpatti,9.1728,77.871,Dryland,30.24,34.53,27.08,74.17,3.51,1.13,21.5,37.13
2005-05-23,Kovilpatti,9.1728,77.871,Dryland,30.11,35.35,26.66,73.51,3.89,0.26,20.18,37.1
2005-05-24,Kovilpatti,9.1728,77.871,Dryland,30.0,33.67,27.28,74.74,3.57,0.02,20.31,37.08
2005-05-25,Kovilpatti,9.1728,77.871,Dryland,29.47,32.98,26.7,77.64,2.86,0.34,20.46,37.05
2005-05-26,Kovilpatti,9.1728,77.871,Dryland,29.56,34.12,26.32,76.94,2.82,19.66,22.51,37.02
2005-05-27,Kovilpatti,9.1728,77.871,Dryland,28.83,32.18,26.92,79.54,2.88,6.92,14.8,36.99
2005-05-28,Kovilpatti,9.1728,77.871,Dryland,28.58,31.88,26.04,77.05,2.52,0.59,20.73,36.97
2005-05-29,Kovilpatti,9.1728,77.871,Dryland,28.59,32.63,25.11,80.33,2.8,56.69,18.43,36.95
2005-05-30,Kovilpatti,9.1728,77.871,Dryland,27.56,30.26,25.61,84.97,3.06,14.56,16.45,36.94
2005-05-31,Kovilpatti,9.1728,77.871,Dryland,27.91,31.51,25.26,82.59,4.27,3.47,18.87,36.92
2005-06-01,Kovilpatti,9.1728,77.871,Dryland,28.34,32.23,25.67,82.63,4.18,2.02,21.96,36.9
2005-06-02,Kovilpatti,9.1728,77.871,Dryland,28.45,31.91,26.29,82.37,4.43,0.28,19.74,36.87
2005-06-03,Kovilpatti,9.1728,77.871,Dryland,28.3,31.33,26.3,83.94,3.53,0.06,21.69,36.85
2005-06-04,Kovilpatti,9.1728,77.871,Dryland,27.87,30.81,25.76,85.83,3.32,8.02,18.59,36.82
2005-06-05,Kovilpatti,9.1728,77.871,Dryland,27.21,29.62,25.64,87.9,3.09,14.52,15.84,36.81
2005-06-06,Kovilpatti,9.1728,77.871,Dryland,27.22,29.85,25.35,87.03,3.04,3.37,17.28,36.78
2005-06-07,Kovilpatti,9.1728,77.871,Dryland,27.46,30.2,25.24,86.54,3.22,5.59,20.58,36.76
2005-06-08,Kovilpatti,9.1728,77.871,Dryland,28.42,31.59,26.01,86.07,4.16,5.98,20.92,36.74
2005-06-09,Kovilpatti,9.1728,77.871,Dryland,27.68,29.0,26.51,88.74,4.76,30.42,13.6,36.72
2005-06-10,Kovilpatti,9.1728,77.871,Dryland,27.78,30.63,26.34,85.25,4.5,10.0,16.42,36.7
2005-06-11,Kovilpatti,9.1728,77.871,Dryland,27.9,31.01,25.86,85.65,3.96,3.43,20.31,36.69
2005-06-12,Kovilpatti,9.1728,77.871,Dryland,27.97,31.51,25.59,84.81,3.97,4.9,21.74,36.68
2005-06-13,Kovilpatti,9.1728,77.871,Dryland,27.24,30.04,24.78,84.97,4.57,2.96,18.64,36.67
2005-06-14,Kovilpatti,9.1728,77.871,Dryland,27.77,31.62,24.61,81.34,3.85,0.31,18.1,36.67
2005-06-15,Kovilpatti,9.1728,77.871,Dryland,27.61,32.11,24.69,81.11,4.63,4.63,23.47,36.66
2005-06-16,Kovilpatti,9.1728,77.871,Dryland,27.1,29.68,24.89,87.48,4.45,16.2,19.23,36.64
2005-06-17,Kovilpatti,9.1728,77.871,Dryland,26.91,29.36,24.88,85.99,4.99,5.64,14.39,36.63
2005-06-18,Kovilpatti,9.1728,77.871,Dryland,26.7,29.96,24.23,83.8,4.81,1.82,10.77,36.63
2005-06-19,Kovilpatti,9.1728,77.871,Dryland,26.63,29.23,24.92,86.55,4.57,20.1,15.76,36.63
2005-06-20,Kovilpatti,9.1728,77.871,Dryland,26.58,28.8,25.05,86.99,4.68,5.64,11.33,36.62
2005-06-21,Kovilpatti,9.1728,77.871,Dryland,26.45,29.08,24.75,85.65,4.51,1.96,9.87,36.62
2005-06-22,Kovilpatti,9.1728,77.871,Dryland,26.84,30.11,24.63,83.94,3.76,0.81,14.04,36.62
2005-06-23,Kovilpatti,9.1728,77.871,Dryland,26.99,30.37,24.2,85.16,3.69,0.02,20.57,36.61
2005-06-24,Kovilpatti,9.1728,77.871,Dryland,27.61,31.92,24.64,82.99,4.43,3.61,21.22,36.61
2005-06-25,Kovilpatti,9.1728,77.871,Dryland,27.45,31.11,25.15,85.65,4.42,11.11,18.16,36.61
2005-06-26,Kovilpatti,9.1728,77.871,Dryland,26.94,30.04,25.06,85.78,4.35,3.12,16.6,36.61
2005-06-27,Kovilpatti,9.1728,77.871,Dryland,27.11,30.78,24.68,84.42,4.14,0.62,15.82,36.62
2005-06-28,Kovilpatti,9.1728,77.871,Dryland,27.2,31.33,24.36,82.92,4.02,0.18,18.52,36.62
2005-06-29,Kovilpatti,9.1728,77.871,Dryland,26.44,29.87,23.97,84.18,3.65,0.27,19.27,36.62
2005-06-30,Kovilpatti,9.1728,77.871,Dryland,26.92,31.01,23.45,84.08,3.83,12.84,20.94,36.62
2005-07-01,Kovilpatti,9.1728,77.871,Dryland,27.12,30.59,24.83,84.92,4.05,7.23,20.22,36.62
2005-07-02,Kovilpatti,9.1728,77.871,Dryland,26.72,29.66,24.7,86.63,3.54,1.33,21.77,36.61
2005-07-03,Kovilpatti,9.1728,77.871,Dryland,26.76,29.9,24.77,85.64,3.72,4.74,17.63,36.61
2005-07-04,Kovilpatti,9.1728,77.871,Dryland,26.81,29.96,24.64,86.69,3.94,4.57,15.67,36.62
2005-07-05,Kovilpatti,9.1728,77.871,Dryland,26.9,29.73,24.78,85.62,4.29,2.65,14.94,36.63
2005-07-06,Kovilpatti,9.1728,77.871,Dryland,26.55,30.03,24.5,83.95,4.55,0.64,14.18,36.64
2005-07-07,Kovilpatti,9.1728,77.871,Dryland,27.0,31.15,23.84,80.85,4.75,0.09,18.86,36.65
2005-07-08,Kovilpatti,9.1728,77.871,Dryland,26.66,29.65,24.69,84.87,5.15,4.17,19.18,36.66
2005-07-09,Kovilpatti,9.1728,77.871,Dryland,26.72,29.91,24.91,85.52,4.79,6.91,16.04,36.68
2005-07-10,Kovilpatti,9.1728,77.871,Dryland,25.9,28.53,24.27,85.83,4.97,17.18,16.81,36.69
2005-07-11,Kovilpatti,9.1728,77.871,Dryland,26.43,30.09,24.01,83.46,4.95,3.46,15.01,36.7
2005-07-12,Kovilpatti,9.1728,77.871,Dryland,26.6,29.89,24.05,84.19,3.7,0.07,19.63,36.71
2005-07-13,Kovilpatti,9.1728,77.871,Dryland,26.51,29.86,24.27,84.73,3.16,1.48,19.17,36.73
2005-07-14,Kovilpatti,9.1728,77.871,Dryland,26.74,30.27,24.13,83.68,3.27,3.79,15.21,36.75
2005-07-15,Kovilpatti,9.1728,77.871,Dryland,26.28,29.52,23.99,86.06,3.25,1.83,14.19,36.76
2005-07-16,Kovilpatti,9.1728,77.871,Dryland,26.73,30.25,24.1,84.61,3.28,6.14,14.51,36.78
2005-07-17,Kovilpatti,9.1728,77.871,Dryland,26.76,30.65,23.88,82.48,4.61,1.36,14.89,36.79
2005-07-18,Kovilpatti,9.1728,77.871,Dryland,26.95,30.73,23.99,83.08,3.88,0.37,20.38,36.8
2005-07-19,Kovilpatti,9.1728,77.871,Dryland,26.95,30.31,24.5,84.32,3.97,0.4,17.79,36.82
2005-07-20,Kovilpatti,9.1728,77.871,Dryland,26.87,30.32,24.58,84.04,4.07,0.66,18.25,36.84
2005-07-21,Kovilpatti,9.1728,77.871,Dryland,26.93,30.73,24.15,82.21,4.03,0.01,21.39,36.85
2005-07-22,Kovilpatti,9.1728,77.871,Dryland,27.0,30.92,24.22,83.44,4.17,3.64,15.88,36.87
2005-07-23,Kovilpatti,9.1728,77.871,Dryland,26.79,30.03,25.03,83.69,4.95,3.92,15.58,36.89
2005-07-24,Kovilpatti,9.1728,77.871,Dryland,26.96,30.14,24.89,82.52,5.39,0.28,17.65,36.91
2005-07-25,Kovilpatti,9.1728,77.871,Dryland,27.04,30.01,25.08,82.6,5.62,1.42,13.67,36.93
2005-07-26,Kovilpatti,9.1728,77.871,Dryland,26.75,29.27,25.0,84.01,6.0,6.44,15.41,36.94
2005-07-27,Kovilpatti,9.1728,77.871,Dryland,26.87,30.12,24.81,84.91,4.92,16.9,17.51,36.96
2005-07-28,Kovilpatti,9.1728,77.871,Dryland,26.82,30.17,24.14,85.59,4.35,18.3,14.76,36.98
2005-07-29,Kovilpatti,9.1728,77.871,Dryland,26.13,28.76,24.36,88.4,4.24,24.27,13.91,37.0
2005-07-30,Kovilpatti,9.1728,77.871,Dryland,25.89,29.21,23.52,83.63,5.26,11.28,12.7,37.01
2005-07-31,Kovilpatti,9.1728,77.871,Dryland,26.52,29.56,24.2,84.13,5.83,11.79,13.53,37.03
2005-08-01,Kovilpatti,9.1728,77.871,Dryland,26.52,29.48,24.41,84.41,5.74,6.42,9.83,37.05
2005-08-02,Kovilpatti,9.1728,77.871,Dryland,26.31,30.16,23.89,83.32,5.07,1.45,17.8,37.06
2005-08-03,Kovilpatti,9.1728,77.871,Dryland,26.33,30.88,22.78,81.86,4.09,0.57,22.27,37.08
2005-08-04,Kovilpatti,9.1728,77.871,Dryland,26.75,30.91,23.99,82.65,4.27,0.35,19.78,37.09
2005-08-05,Kovilpatti,9.1728,77.871,Dryland,27.03,31.47,23.7,81.2,3.94,0.08,17.11,37.1
2005-08-06,Kovilpatti,9.1728,77.871,Dryland,27.1,31.7,23.55,80.72,3.58,0.0,24.59,37.12
2005-08-07,Kovilpatti,9.1728,77.871,Dryland,27.38,32.94,23.12,79.51,3.84,0.0,24.74,37.13
2005-08-08,Kovilpatti,9.1728,77.871,Dryland,27.33,32.25,23.33,79.68,3.86,0.0,23.75,37.15
2005-08-09,Kovilpatti,9.1728,77.871,Dryland,27.26,31.79,24.09,81.05,3.62,0.14,14.82,37.16
2005-08-10,Kovilpatti,9.1728,77.871,Dryland,27.24,31.08,24.41,81.28,4.44,0.09,19.96,37.18
2005-08-11,Kovilpatti,9.1728,77.871,Dryland,27.44,31.6,24.28,80.17,4.19,0.19,19.38,37.19
2005-08-12,Kovilpatti,9.1728,77.871,Dryland,27.24,31.48,24.58,77.91,4.49,0.04,17.6,37.2
2005-08-13,Kovilpatti,9.1728,77.871,Dryland,27.48,32.15,24.5,79.24,3.8,0.85,18.61,37.21
2005-08-14,Kovilpatti,9.1728,77.871,Dryland,27.07,30.95,24.31,79.99,4.5,0.2,20.49,37.22
2005-08-15,Kovilpatti,9.1728,77.871,Dryland,27.52,32.31,23.89,78.34,4.81,1.54,18.61,37.23
2005-08-16,Kovilpatti,9.1728,77.871,Dryland,27.16,30.94,24.18,79.25,4.31,0.18,21.14,37.24
2005-08-17,Kovilpatti,9.1728,77.871,Dryland,27.36,32.15,24.25,78.55,3.68,0.0,22.58,37.25
2005-08-18,Kovilpatti,9.1728,77.871,Dryland,27.4,32.6,23.85,76.06,3.67,0.0,23.37,37.26
2005-08-19,Kovilpatti,9.1728,77.871,Dryland,27.08,31.25,24.08,79.24,4.24,0.03,20.59,37.26
2005-08-20,Kovilpatti,9.1728,77.871,Dryland,27.14,31.28,24.0,78.07,3.8,0.0,24.3,37.27
2005-08-21,Kovilpatti,9.1728,77.871,Dryland,28.04,33.47,23.54,73.93,2.87,0.16,24.35,37.27
2005-08-22,Kovilpatti,9.1728,77.871,Dryland,27.89,32.53,23.84,75.57,2.34,0.09,23.65,37.28
2005-08-23,Kovilpatti,9.1728,77.871,Dryland,27.95,32.72,24.09,76.4,3.16,0.24,21.26,37.28
2005-08-24,Kovilpatti,9.1728,77.871,Dryland,27.66,32.42,24.42,75.7,3.62,0.07,22.59,37.28
2005-08-25,Kovilpatti,9.1728,77.871,Dryland,27.8,32.52,24.13,76.37,3.68,4.06,21.94,37.29
2005-08-26,Kovilpatti,9.1728,77.871,Dryland,28.28,33.47,24.28,74.8,2.51,2.48,20.04,37.29
2005-08-27,Kovilpatti,9.1728,77.871,Dryland,27.34,30.8,24.73,79.7,3.22,1.8,18.07,37.29
2005-08-28,Kovilpatti,9.1728,77.871,Dryland,28.01,32.46,24.59,76.45,3.03,0.09,21.36,37.28
2005-08-29,Kovilpatti,9.1728,77.871,Dryland,28.68,33.7,24.55,73.91,3.43,0.3,20.68,37.28
2005-08-30,Kovilpatti,9.1728,77.871,Dryland,28.86,34.24,24.5,73.71,3.0,5.07,21.23,37.27
2005-08-31,Kovilpatti,9.1728,77.871,Dryland,28.23,32.85,25.02,78.03,4.14,10.17,21.22,37.25
2005-09-01,Kovilpatti,9.1728,77.871,Dryland,28.34,32.96,25.17,77.22,3.9,3.1,20.86,37.24
2005-09-02,Kovilpatti,9.1728,77.871,Dryland,27.29,30.38,25.46,84.05,3.91,25.68,16.43,37.23
2005-09-03,Kovilpatti,9.1728,77.871,Dryland,27.16,29.9,25.18,85.78,3.55,5.81,16.59,37.22
2005-09-04,Kovilpatti,9.1728,77.871,Dryland,26.87,29.43,25.17,86.27,4.91,37.53,13.33,37.2
2005-09-05,Kovilpatti,9.1728,77.871,Dryland,26.27,28.85,24.73,83.92,5.74,18.67,13.88,37.19
2005-09-06,Kovilpatti,9.1728,77.871,Dryland,26.03,28.86,23.95,85.16,4.45,4.26,10.47,37.17
2005-09-07,Kovilpatti,9.1728,77.871,Dryland,25.85,29.2,23.49,85.39,4.75,6.44,13.2,37.15
2005-09-08,Kovilpatti,9.1728,77.871,Dryland,26.67,30.45,23.99,81.61,5.75,0.71,14.02,37.13
2005-09-09,Kovilpatti,9.1728,77.871,Dryland,27.03,31.14,24.43,81.49,4.83,0.13,17.1,37.1
2005-09-10,Kovilpatti,9.1728,77.871,Dryland,26.69,29.66,24.41,85.17,4.47,13.96,11.71,37.07
2005-09-11,Kovilpatti,9.1728,77.871,Dryland,25.94,28.34,24.11,87.09,4.22,17.68,9.9,37.04
2005-09-12,Kovilpatti,9.1728,77.871,Dryland,26.37,30.06,24.12,84.83,4.1,1.2,13.22,37.01
2005-09-13,Kovilpatti,9.1728,77.871,Dryland,26.38,29.5,24.16,84.82,4.08,1.97,12.93,36.98
2005-09-14,Kovilpatti,9.1728,77.871,Dryland,26.79,30.27,24.39,84.93,3.58,0.29,18.92,36.96
2005-09-15,Kovilpatti,9.1728,77.871,Dryland,26.51,29.72,24.02,85.47,2.86,6.54,15.99,36.93
2005-09-16,Kovilpatti,9.1728,77.871,Dryland,27.11,31.48,23.72,83.38,3.01,0.26,24.17,36.91
2005-09-17,Kovilpatti,9.1728,77.871,Dryland,27.66,32.61,23.92,80.08,3.27,0.0,24.75,36.89
2005-09-18,Kovilpatti,9.1728,77.871,Dryland,27.53,32.95,23.57,79.58,3.93,0.0,24.7,36.86
2005-09-19,Kovilpatti,9.1728,77.871,Dryland,26.73,31.32,23.61,81.2,4.56,3.13,21.94,36.82
2005-09-20,Kovilpatti,9.1728,77.871,Dryland,26.94,31.38,23.73,81.32,4.79,3.33,18.65,36.77
2005-09-21,Kovilpatti,9.1728,77.871,Dryland,26.88,31.41,23.72,81.57,3.94,0.29,21.28,36.73
2005-09-22,Kovilpatti,9.1728,77.871,Dryland,27.6,32.72,23.87,79.55,3.55,0.03,21.75,36.68
2005-09-23,Kovilpatti,9.1728,77.871,Dryland,27.53,32.32,23.61,79.54,3.53,0.01,23.34,36.64
2005-09-24,Kovilpatti,9.1728,77.871,Dryland,27.68,32.78,23.64,78.32,3.18,0.08,22.05,36.59
2005-09-25,Kovilpatti,9.1728,77.871,Dryland,27.75,32.89,23.82,77.89,3.23,0.23,23.94,36.54
2005-09-26,Kovilpatti,9.1728,77.871,Dryland,27.49,32.15,24.09,78.03,3.24,0.0,23.17,36.49
2005-09-27,Kovilpatti,9.1728,77.871,Dryland,28.1,33.5,23.92,74.98,3.38,0.0,24.31,36.44
2005-09-28,Kovilpatti,9.1728,77.871,Dryland,27.45,31.81,24.28,77.95,3.14,1.66,21.09,36.39
2005-09-29,Kovilpatti,9.1728,77.871,Dryland,27.99,33.81,23.48,75.11,3.76,0.07,23.57,36.33
2005-09-30,Kovilpatti,9.1728,77.871,Dryland,27.97,33.31,24.22,72.86,3.78,0.01,23.05,36.28
2005-10-01,Kovilpatti,9.1728,77.871,Dryland,27.94,34.16,22.33,69.36,2.51,0.01,25.03,36.22
2005-10-02,Kovilpatti,9.1728,77.871,Dryland,27.58,31.34,24.13,77.99,2.14,0.74,19.6,36.16
2005-10-03,Kovilpatti,9.1728,77.871,Dryland,28.15,32.36,24.66,76.08,2.09,0.32,18.93,36.1
2005-10-04,Kovilpatti,9.1728,77.871,Dryland,28.68,32.78,24.94,74.99,1.44,5.27,18.74,36.03
2005-10-05,Kovilpatti,9.1728,77.871,Dryland,28.53,33.07,24.91,75.45,1.73,1.33,20.31,35.97
2005-10-06,Kovilpatti,9.1728,77.871,Dryland,28.76,33.42,24.71,75.43,1.34,0.11,19.34,35.91
2005-10-07,Kovilpatti,9.1728,77.871,Dryland,28.09,30.76,25.52,79.74,1.17,0.45,19.14,35.84
2005-10-08,Kovilpatti,9.1728,77.871,Dryland,27.46,30.65,24.84,81.13,2.41,16.63,19.0,35.78
2005-10-09,Kovilpatti,9.1728,77.871,Dryland,26.95,30.81,24.09,80.45,2.2,1.68,18.19,35.71
2005-10-10,Kovilpatti,9.1728,77.871,Dryland,28.0,32.04,24.44,78.69,1.36,5.19,17.37,35.64
2005-10-11,Kovilpatti,9.1728,77.871,Dryland,26.39,28.86,25.1,87.25,1.57,32.23,17.34,35.57
2005-10-12,Kovilpatti,9.1728,77.871,Dryland,26.34,28.74,24.64,89.37,2.97,31.92,14.86,35.5
2005-10-13,Kovilpatti,9.1728,77.871,Dryland,26.3,29.7,24.36,85.12,3.81,6.02,14.16,35.43
2005-10-14,Kovilpatti,9.1728,77.871,Dryland,27.07,31.09,24.09,84.18,3.36,2.97,20.89,35.35
2005-10-15,Kovilpatti,9.1728,77.871,Dryland,27.24,30.59,24.55,84.97,2.22,0.84,22.85,35.28
2005-10-16,Kovilpatti,9.1728,77.871,Dryland,27.56,31.59,24.28,80.09,2.1,0.01,22.34,35.2
2005-10-17,Kovilpatti,9.1728,77.871,Dryland,27.4,31.09,24.58,81.71,2.35,0.09,20.19,35.12
2005-10-18,Kovilpatti,9.1728,77.871,Dryland,26.69,29.54,24.73,84.72,2.02,7.72,17.65,35.04
2005-10-19,Kovilpatti,9.1728,77.871,Dryland,26.72,30.4,24.19,81.96,3.14,1.74,18.98,34.96
2005-10-20,Kovilpatti,9.1728,77.871,Dryland,27.19,31.26,23.86,80.69,2.67,0.35,20.23,34.88
2005-10-21,Kovilpatti,9.1728,77.871,Dryland,26.97,29.8,24.57,86.3,2.08,34.83,16.99,34.79
2005-10-22,Kovilpatti,9.1728,77.871,Dryland,26.59,28.73,25.05,90.48,2.31,50.37,17.93,34.71
2005-10-23,Kovilpatti,9.1728,77.871,Dryland,26.42,29.45,24.73,88.06,3.34,9.77,18.14,34.63
2005-10-24,Kovilpatti,9.1728,77.871,Dryland,25.99,28.24,24.34,89.88,2.23,28.59,14.28,34.54
2005-10-25,Kovilpatti,9.1728,77.871,Dryland,25.96,28.32,24.1,90.08,1.92,22.49,11.75,34.46
2005-10-26,Kovilpatti,9.1728,77.871,Dryland,26.31,29.83,23.92,85.49,2.21,6.32,15.63,34.37
2005-10-27,Kovilpatti,9.1728,77.871,Dryland,26.28,30.13,23.48,84.76,3.38,0.34,13.83,34.28
2005-10-28,Kovilpatti,9.1728,77.871,Dryland,26.31,29.69,23.88,85.47,3.65,0.16,20.9,34.2
2005-10-29,Kovilpatti,9.1728,77.871,Dryland,27.1,31.39,23.86,83.92,3.33,2.05,20.3,34.11
2005-10-30,Kovilpatti,9.1728,77.871,Dryland,27.18,31.19,24.34,85.02,3.64,2.58,14.61,34.03
2005-10-31,Kovilpatti,9.1728,77.871,Dryland,27.1,31.05,24.1,84.48,2.78,1.01,18.41,33.94
2005-11-01,Kovilpatti,9.1728,77.871,Dryland,26.7,29.79,24.34,86.82,2.55,4.93,17.21,33.86
2005-11-02,Kovilpatti,9.1728,77.871,Dryland,25.92,28.38,24.19,88.7,2.06,5.1,15.77,33.77
2005-11-03,Kovilpatti,9.1728,77.871,Dryland,25.45,27.88,23.64,88.49,2.48,4.43,14.5,33.69
2005-11-04,Kovilpatti,9.1728,77.871,Dryland,25.07,27.21,23.62,91.03,2.48,9.02,8.25,33.6
2005-11-05,Kovilpatti,9.1728,77.871,Dryland,24.94,27.17,23.7,92.1,2.99,9.8,13.25,33.52
2005-11-06,Kovilpatti,9.1728,77.871,Dryland,25.12,27.6,23.28,91.45,3.17,36.9,13.42,33.43
2005-11-07,Kovilpatti,9.1728,77.871,Dryland,25.38,28.14,23.87,89.98,3.38,19.8,15.16,33.35
2005-11-08,Kovilpatti,9.1728,77.871,Dryland,25.32,27.4,23.93,92.63,3.17,25.57,13.33,33.26
2005-11-09,Kovilpatti,9.1728,77.871,Dryland,26.48,29.91,23.87,86.8,2.07,8.34,13.95,33.18
2005-11-10,Kovilpatti,9.1728,77.871,Dryland,25.5,27.11,24.2,90.4,1.58,3.58,12.96,33.1
2005-11-11,Kovilpatti,9.1728,77.871,Dryland,25.63,28.35,23.31,89.15,1.44,11.82,13.71,33.01
2005-11-12,Kovilpatti,9.1728,77.871,Dryland,25.32,26.95,24.01,93.58,1.7,17.11,9.2,32.93
2005-11-13,Kovilpatti,9.1728,77.871,Dryland,23.36,25.34,20.94,91.84,1.98,70.97,11.84,32.85
2005-11-14,Kovilpatti,9.1728,77.871,Dryland,23.78,25.9,20.82,84.67,1.37,7.54,15.73,32.76
2005-11-15,Kovilpatti,9.1728,77.871,Dryland,25.01,28.58,22.26,84.36,2.0,0.07,17.59,32.68
2005-11-16,Kovilpatti,9.1728,77.871,Dryland,23.45,26.4,20.46,87.28,2.86,0.0,18.97,32.6
2005-11-17,Kovilpatti,9.1728,77.871,Dryland,22.71,27.07,18.94,81.65,2.87,0.26,19.29,32.52
2005-11-18,Kovilpatti,9.1728,77.871,Dryland,23.25,27.37,19.87,80.82,2.62,0.03,21.46,32.44
2005-11-19,Kovilpatti,9.1728,77.871,Dryland,23.35,27.07,20.45,86.95,2.73,3.42,20.97,32.37
2005-11-20,Kovilpatti,9.1728,77.871,Dryland,23.39,25.43,22.08,89.83,2.65,2.83,12.25,32.3
2005-11-21,Kovilpatti,9.1728,77.871,Dryland,24.11,25.73,21.88,91.05,2.82,8.67,10.18,32.23
2005-11-22,Kovilpatti,9.1728,77.871,Dryland,25.25,26.69,23.59,94.62,3.76,20.62,4.71,32.16
2005-11-23,Kovilpatti,9.1728,77.871,Dryland,25.79,27.76,24.34,90.21,1.12,50.63,9.99,32.1
2005-11-24,Kovilpatti,9.1728,77.871,Dryland,25.0,26.65,23.66,92.13,1.85,44.33,7.7,32.03
2005-11-25,Kovilpatti,9.1728,77.871,Dryland,24.85,26.51,23.69,90.8,2.58,22.9,12.98,31.97
2005-11-26,Kovilpatti,9.1728,77.871,Dryland,25.1,27.87,23.28,90.27,2.54,5.28,16.55,31.9
2005-11-27,Kovilpatti,9.1728,77.871,Dryland,25.42,28.39,22.77,89.93,2.61,4.49,17.37,31.84
2005-11-28,Kovilpatti,9.1728,77.871,Dryland,24.74,27.6,22.24,89.66,3.54,1.71,15.49,31.79
2005-11-29,Kovilpatti,9.1728,77.871,Dryland,23.02,26.48,19.61,86.59,2.73,2.37,16.55,31.73
2005-11-30,Kovilpatti,9.1728,77.871,Dryland,24.57,29.06,19.71,82.82,1.29,14.76,16.86,31.68
2005-12-01,Kovilpatti,9.1728,77.871,Dryland,26.39,30.3,22.96,80.67,0.73,0.88,15.64,31.62
2005-12-02,Kovilpatti,9.1728,77.871,Dryland,26.26,29.53,23.54,84.38,1.32,15.43,17.83,31.56
2005-12-03,Kovilpatti,9.1728,77.871,Dryland,26.29,30.08,23.03,89.07,1.84,12.1,19.17,31.51
2005-12-04,Kovilpatti,9.1728,77.871,Dryland,25.93,28.26,24.27,89.37,1.19,5.49,11.62,31.47
2005-12-05,Kovilpatti,9.1728,77.871,Dryland,25.4,27.26,24.27,90.98,2.9,4.05,10.61,31.43
2005-12-06,Kovilpatti,9.1728,77.871,Dryland,24.83,27.14,23.04,90.32,3.12,0.7,17.47,31.4
2005-12-07,Kovilpatti,9.1728,77.871,Dryland,24.27,27.8,21.32,87.42,2.91,0.01,20.91,31.36
2005-12-08,Kovilpatti,9.1728,77.871,Dryland,23.23,27.05,20.11,82.2,2.73,0.0,21.74,31.32
2005-12-09,Kovilpatti,9.1728,77.871,Dryland,24.87,29.22,20.76,78.13,1.84,1.83,15.85,31.29
2005-12-10,Kovilpatti,9.1728,77.871,Dryland,24.74,27.2,22.96,88.98,2.2,41.59,6.91,31.26
2005-12-11,Kovilpatti,9.1728,77.871,Dryland,24.98,27.3,23.33,90.65,2.19,16.52,5.69,31.23
2005-12-12,Kovilpatti,9.1728,77.871,Dryland,24.79,26.62,23.38,93.63,2.54,3.14,13.28,31.21
2005-12-13,Kovilpatti,9.1728,77.871,Dryland,25.52,27.89,23.79,92.21,2.98,6.81,12.78,31.18
2005-12-14,Kovilpatti,9.1728,77.871,Dryland,25.2,28.12,23.41,90.64,3.45,1.98,12.59,31.16
2005-12-15,Kovilpatti,9.1728,77.871,Dryland,24.35,27.49,22.19,89.08,3.77,0.28,17.72,31.15
2005-12-16,Kovilpatti,9.1728,77.871,Dryland,23.5,26.9,21.33,87.17,3.52,0.01,20.71,31.13
2005-12-17,Kovilpatti,9.1728,77.871,Dryland,24.12,27.9,20.16,87.79,2.78,0.25,13.81,31.12
2005-12-18,Kovilpatti,9.1728,77.871,Dryland,25.36,27.93,23.45,87.78,2.16,1.12,10.97,31.12
2005-12-19,Kovilpatti,9.1728,77.871,Dryland,26.41,29.67,23.33,82.28,1.18,0.18,19.79,31.11
2005-12-20,Kovilpatti,9.1728,77.871,Dryland,26.5,30.21,22.89,82.71,1.1,0.03,19.32,31.11
2005-12-21,Kovilpatti,9.1728,77.871,Dryland,26.46,30.02,23.34,84.88,1.24,0.09,18.19,31.11
2005-12-22,Kovilpatti,9.1728,77.871,Dryland,26.1,29.46,23.16,86.08,1.41,1.26,17.23,31.11
2005-12-23,Kovilpatti,9.1728,77.871,Dryland,26.14,29.64,23.59,86.24,1.35,1.09,18.94,31.12
2005-12-24,Kovilpatti,9.1728,77.871,Dryland,25.65,28.91,22.97,85.32,1.88,0.03,18.66,31.13
2005-12-25,Kovilpatti,9.1728,77.871,Dryland,24.75,28.19,22.14,85.83,2.5,0.0,17.55,31.14
2005-12-26,Kovilpatti,9.1728,77.871,Dryland,24.23,27.56,21.82,83.91,3.16,0.0,19.74,31.16
2005-12-27,Kovilpatti,9.1728,77.871,Dryland,23.32,27.26,19.54,80.84,2.98,0.0,19.79,31.18
2005-12-28,Kovilpatti,9.1728,77.871,Dryland,23.42,27.34,19.33,81.25,2.61,0.0,20.27,31.2
2005-12-29,Kovilpatti,9.1728,77.871,Dryland,23.82,27.57,20.73,86.37,2.8,0.0,18.37,31.22
2005-12-30,Kovilpatti,9.1728,77.871,Dryland,23.14,26.93,20.3,82.15,3.03,0.01,18.02,31.25
2005-12-31,Kovilpatti,9.1728,77.871,Dryland,23.4,27.44,19.2,84.08,3.21,0.02,17.03,31.28
2006-01-01,Kovilpatti,9.1728,77.871,Dryland,23.58,27.45,20.12,83.71,3.9,0.08,21.02,31.31
2006-01-02,Kovilpatti,9.1728,77.871,Dryland,23.47,26.98,20.7,84.76,3.41,0.08,14.76,31.35
2006-01-03,Kovilpatti,9.1728,77.871,Dryland,23.65,27.74,19.68,87.28,3.16,0.03,17.64,31.39
2006-01-04,Kovilpatti,9.1728,77.871,Dryland,24.5,28.21,21.15,86.82,3.01,0.41,17.49,31.43
2006-01-05,Kovilpatti,9.1728,77.871,Dryland,24.72,28.39,22.6,89.33,3.6,1.95,11.25,31.48
2006-01-06,Kovilpatti,9.1728,77.871,Dryland,24.62,28.09,22.6,86.0,3.66,0.1,14.31,31.52
2006-01-07,Kovilpatti,9.1728,77.871,Dryland,24.94,28.42,21.99,88.98,3.44,1.47,15.03,31.57
2006-01-08,Kovilpatti,9.1728,77.871,Dryland,24.71,26.43,23.58,92.99,3.55,6.45,10.67,31.62
2006-01-09,Kovilpatti,9.1728,77.871,Dryland,25.14,28.48,22.91,89.77,3.24,0.75,13.99,31.68
2006-01-10,Kovilpatti,9.1728,77.871,Dryland,25.4,28.72,22.55,86.64,3.69,0.04,15.05,31.73
2006-01-11,Kovilpatti,9.1728,77.871,Dryland,24.13,28.2,20.1,86.53,3.55,0.23,19.6,31.79
2006-01-12,Kovilpatti,9.1728,77.871,Dryland,24.57,28.15,21.24,88.3,3.72,0.81,13.69,31.85
2006-01-13,Kovilpatti,9.1728,77.871,Dryland,24.13,26.74,21.72,89.31,3.99,1.32,16.62,31.92
2006-01-14,Kovilpatti,9.1728,77.871,Dryland,24.44,26.68,22.8,93.53,2.74,3.94,9.98,31.98
2006-01-15,Kovilpatti,9.1728,77.871,Dryland,25.13,27.9,23.64,90.98,2.56,0.76,11.01,32.05
2006-01-16,Kovilpatti,9.1728,77.871,Dryland,24.71,26.9,23.2,91.02,2.63,12.49,13.41,32.12
2006-01-17,Kovilpatti,9.1728,77.871,Dryland,25.2,29.22,22.22,87.45,2.63,0.54,19.27,32.19
2006-01-18,Kovilpatti,9.1728,77.871,Dryland,24.2,29.1,20.56,83.15,2.64,0.0,22.67,32.26
2006-01-19,Kovilpatti,9.1728,77.871,Dryland,22.89,28.08,18.2,83.72,2.65,0.0,23.21,32.34
2006-01-20,Kovilpatti,9.1728,77.871,Dryland,22.42,27.74,17.68,81.59,2.36,0.0,23.2,32.41
2006-01-21,Kovilpatti,9.1728,77.871,Dryland,22.63,28.11,18.06,80.61,2.12,0.0,23.88,32.49
2006-01-22,Kovilpatti,9.1728,77.871,Dryland,23.16,28.48,17.76,79.33,2.15,0.0,23.58,32.57
2006-01-23,Kovilpatti,9.1728,77.871,Dryland,23.72,29.04,19.02,72.53,1.58,0.0,23.81,32.65
2006-01-24,Kovilpatti,9.1728,77.871,Dryland,24.21,29.96,19.21,67.05,1.39,0.0,23.06,32.74
2006-01-25,Kovilpatti,9.1728,77.871,Dryland,24.57,29.12,20.62,74.27,2.16,0.0,21.96,32.82
2006-01-26,Kovilpatti,9.1728,77.871,Dryland,24.01,29.09,19.49,77.55,3.23,0.0,22.86,32.91
2006-01-27,Kovilpatti,9.1728,77.871,Dryland,24.54,29.77,19.88,81.21,3.92,0.1,20.48,33.0
2006-01-28,Kovilpatti,9.1728,77.871,Dryland,24.66,29.77,20.49,79.09,4.08,0.01,19.39,33.08
2006-01-29,Kovilpatti,9.1728,77.871,Dryland,23.75,29.42,19.27,73.85,3.83,0.0,22.04,33.17
2006-01-30,Kovilpatti,9.1728,77.871,Dryland,23.7,29.14,18.67,71.8,3.38,0.0,22.83,33.26
2006-01-31,Kovilpatti,9.1728,77.871,Dryland,24.47,29.96,19.57,75.43,3.94,0.0,22.56,33.35
2006-02-01,Kovilpatti,9.1728,77.871,Dryland,24.78,30.06,19.95,73.37,3.97,0.0,23.09,33.44
2006-02-02,Kovilpatti,9.1728,77.871,Dryland,25.08,30.43,20.71,75.14,3.68,0.01,22.64,33.53
2006-02-03,Kovilpatti,9.1728,77.871,Dryland,25.62,31.08,21.22,79.69,3.73,0.3,17.43,33.62
2006-02-04,Kovilpatti,9.1728,77.871,Dryland,25.96,30.9,22.13,80.71,4.31,1.39,12.7,33.71
2006-02-05,Kovilpatti,9.1728,77.871,Dryland,26.42,31.89,22.82,77.3,3.91,0.1,17.4,33.81
2006-02-06,Kovilpatti,9.1728,77.871,Dryland,25.66,31.33,21.78,76.39,3.81,0.0,23.8,33.9
2006-02-07,Kovilpatti,9.1728,77.871,Dryland,24.04,30.38,18.53,72.77,3.58,0.0,24.44,34.0
2006-02-08,Kovilpatti,9.1728,77.871,Dryland,24.43,31.13,18.79,71.19,3.88,0.0,23.04,34.09
2006-02-09,Kovilpatti,9.1728,77.871,Dryland,25.6,31.67,20.31,74.5,3.64,0.01,22.21,34.18
2006-02-10,Kovilpatti,9.1728,77.871,Dryland,26.29,32.13,21.69,73.65,3.77,0.07,21.37,34.28
2006-02-11,Kovilpatti,9.1728,77.871,Dryland,25.97,32.26,20.92,73.99,3.72,0.0,23.31,34.37
2006-02-12,Kovilpatti,9.1728,77.871,Dryland,26.09,31.81,21.28,72.64,3.75,0.0,21.96,34.47
2006-02-13,Kovilpatti,9.1728,77.871,Dryland,24.95,30.22,20.78,71.51,3.43,0.0,21.37,34.56
2006-02-14,Kovilpatti,9.1728,77.871,Dryland,24.67,30.96,18.54,72.53,2.53,0.0,23.63,34.65
2006-02-15,Kovilpatti,9.1728,77.871,Dryland,26.1,32.88,20.29,72.18,2.37,0.0,23.8,34.74
2006-02-16,Kovilpatti,9.1728,77.871,Dryland,26.12,33.19,20.38,72.17,2.16,0.0,24.41,34.84
2006-02-17,Kovilpatti,9.1728,77.871,Dryland,26.4,33.76,20.3,70.37,2.01,0.0,24.48,34.93
2006-02-18,Kovilpatti,9.1728,77.871,Dryland,26.7,33.82,20.71,70.34,2.35,0.0,24.29,35.02
2006-02-19,Kovilpatti,9.1728,77.871,Dryland,26.72,33.66,21.62,71.47,2.55,0.0,25.29,35.11
2006-02-20,Kovilpatti,9.1728,77.871,Dryland,26.56,34.5,20.33,67.93,2.83,0.0,25.46,35.2
2006-02-21,Kovilpatti,9.1728,77.871,Dryland,26.25,33.87,19.64,66.46,2.69,0.0,23.93,35.29
2006-02-22,Kovilpatti,9.1728,77.871,Dryland,26.32,33.77,19.92,64.68,2.69,0.0,25.32,35.38
2006-02-23,Kovilpatti,9.1728,77.871,Dryland,27.1,34.36,21.1,63.89,2.82,0.0,25.43,35.46
2006-02-24,Kovilpatti,9.1728,77.871,Dryland,26.28,33.01,20.41,68.08,2.75,0.0,24.64,35.55
2006-02-25,Kovilpatti,9.1728,77.871,Dryland,28.28,35.22,23.31,65.28,2.69,0.0,20.59,35.63
2006-02-26,Kovilpatti,9.1728,77.871,Dryland,28.46,35.0,22.98,68.31,2.65,0.0,23.36,35.71
2006-02-27,Kovilpatti,9.1728,77.871,Dryland,28.09,33.13,24.42,73.64,2.16,0.0,21.53,35.8
2006-02-28,Kovilpatti,9.1728,77.871,Dryland,29.62,36.2,24.88,67.37,2.09,0.0,21.17,35.88
2006-03-01,Kovilpatti,9.1728,77.871,Dryland,29.67,35.5,25.7,67.99,2.04,0.0,22.83,35.95
2006-03-02,Kovilpatti,9.1728,77.871,Dryland,29.75,36.11,25.14,69.25,2.63,2.5,23.47,36.03
2006-03-03,Kovilpatti,9.1728,77.871,Dryland,27.48,30.58,25.69,82.93,1.48,28.27,15.16,36.11
2006-03-04,Kovilpatti,9.1728,77.871,Dryland,26.84,30.53,24.55,82.04,1.74,10.06,14.38,36.19
2006-03-05,Kovilpatti,9.1728,77.871,Dryland,28.14,33.66,24.18,77.63,2.6,1.41,22.87,36.26
2006-03-06,Kovilpatti,9.1728,77.871,Dryland,27.56,31.78,24.69,81.36,1.89,9.41,23.07,36.33
2006-03-07,Kovilpatti,9.1728,77.871,Dryland,27.86,31.93,25.15,78.97,1.76,1.02,20.56,36.4
2006-03-08,Kovilpatti,9.1728,77.871,Dryland,27.53,31.45,24.26,78.88,2.31,1.25,23.44,36.48
2006-03-09,Kovilpatti,9.1728,77.871,Dryland,26.98,29.71,25.03,83.31,2.1,1.64,17.69,36.54
2006-03-10,Kovilpatti,9.1728,77.871,Dryland,27.3,31.34,24.09,80.23,2.07,2.4,18.35,36.61
2006-03-11,Kovilpatti,9.1728,77.871,Dryland,27.99,32.32,24.94,78.8,1.43,5.51,21.19,36.67
2006-03-12,Kovilpatti,9.1728,77.871,Dryland,27.58,31.67,25.11,81.32,1.96,1.64,23.76,36.74
2006-03-13,Kovilpatti,9.1728,77.871,Dryland,28.27,32.72,24.52,74.71,1.37,0.02,23.06,36.8
2006-03-14,Kovilpatti,9.1728,77.871,Dryland,28.0,31.3,25.34,74.01,1.4,0.03,21.54,36.86
2006-03-15,Kovilpatti,9.1728,77.871,Dryland,28.62,34.18,24.23,68.85,1.77,0.04,24.47,36.92
2006-03-16,Kovilpatti,9.1728,77.871,Dryland,28.06,32.19,24.43,71.64,1.11,0.01,21.36,36.97
2006-03-17,Kovilpatti,9.1728,77.871,Dryland,28.98,34.66,24.99,66.85,1.85,0.01,15.82,37.03
2006-03-18,Kovilpatti,9.1728,77.871,Dryland,29.07,35.02,24.3,65.81,2.37,0.0,24.13,37.08
2006-03-19,Kovilpatti,9.1728,77.871,Dryland,28.79,34.79,23.81,68.82,3.2,0.0,24.83,37.13
2006-03-20,Kovilpatti,9.1728,77.871,Dryland,28.86,35.2,23.86,65.46,3.02,0.0,25.21,37.17
2006-03-21,Kovilpatti,9.1728,77.871,Dryland,28.25,33.88,23.32,64.22,2.67,0.0,21.55,37.22
2006-03-22,Kovilpatti,9.1728,77.871,Dryland,28.31,34.16,22.99,60.44,1.87,0.01,25.32,37.27
2006-03-23,Kovilpatti,9.1728,77.871,Dryland,29.15,35.77,24.2,68.99,2.16,0.0,24.01,37.31
2006-03-24,Kovilpatti,9.1728,77.871,Dryland,29.82,37.16,24.09,65.72,2.22,0.02,25.26,37.35
2006-03-25,Kovilpatti,9.1728,77.871,Dryland,30.12,36.61,24.94,64.88,2.2,0.0,23.82,37.39
2006-03-26,Kovilpatti,9.1728,77.871,Dryland,30.21,37.07,24.94,63.52,2.53,2.93,23.2,37.42
2006-03-27,Kovilpatti,9.1728,77.871,Dryland,30.53,38.07,24.8,61.74,2.59,0.15,24.86,37.46
2006-03-28,Kovilpatti,9.1728,77.871,Dryland,30.17,37.36,24.13,61.69,2.36,0.0,25.82,37.49
2006-03-29,Kovilpatti,9.1728,77.871,Dryland,30.57,36.8,25.48,62.85,2.1,0.04,24.5,37.52
2006-03-30,Kovilpatti,9.1728,77.871,Dryland,29.78,34.27,26.79,68.74,2.08,1.81,17.19,37.55
2006-03-31,Kovilpatti,9.1728,77.871,Dryland,30.31,36.09,25.79,65.59,2.24,0.66,23.05,37.57
2006-04-01,Kovilpatti,9.1728,77.871,Dryland,30.38,36.99,25.53,60.81,2.18,0.02,24.97,37.6
2006-04-02,Kovilpatti,9.1728,77.871,Dryland,30.07,36.58,24.99,56.72,2.11,0.0,25.6,37.62
2006-04-03,Kovilpatti,9.1728,77.871,Dryland,30.49,37.39,24.87,56.56,2.29,0.0,24.6,37.63
2006-04-04,Kovilpatti,9.1728,77.871,Dryland,30.74,37.55,25.45,60.72,2.26,0.0,23.98,37.65
2006-04-05,Kovilpatti,9.1728,77.871,Dryland,31.03,37.88,25.59,61.2,2.59,0.0,24.83,37.67
2006-04-06,Kovilpatti,9.1728,77.871,Dryland,31.65,38.61,26.03,57.75,2.95,0.0,23.31,37.7
2006-04-07,Kovilpatti,9.1728,77.871,Dryland,32.1,39.01,26.66,55.68,3.08,0.0,23.56,37.72
2006-04-08,Kovilpatti,9.1728,77.871,Dryland,31.63,38.38,26.23,56.71,2.97,0.01,22.85,37.74
2006-04-09,Kovilpatti,9.1728,77.871,Dryland,31.44,38.41,26.58,57.59,2.93,0.03,23.63,37.75
2006-04-10,Kovilpatti,9.1728,77.871,Dryland,31.22,38.35,25.59,56.04,2.6,0.77,23.62,37.76
2006-04-11,Kovilpatti,9.1728,77.871,Dryland,31.59,38.19,26.0,58.26,2.85,0.63,22.29,37.77
2006-04-12,Kovilpatti,9.1728,77.871,Dryland,32.1,38.21,27.24,57.97,2.8,0.08,23.52,37.77
2006-04-13,Kovilpatti,9.1728,77.871,Dryland,31.86,37.98,27.12,58.45,2.86,0.89,24.14,37.78
2006-04-14,Kovilpatti,9.1728,77.871,Dryland,29.49,33.18,27.19,70.85,2.46,2.32,22.08,37.78
2006-04-15,Kovilpatti,9.1728,77.871,Dryland,29.93,34.18,26.63,68.65,1.56,0.98,20.12,37.78
2006-04-16,Kovilpatti,9.1728,77.871,Dryland,29.99,33.59,27.39,64.3,2.34,1.4,20.23,37.78
2006-04-17,Kovilpatti,9.1728,77.871,Dryland,28.7,32.43,26.16,74.64,2.79,33.08,20.89,37.78
2006-04-18,Kovilpatti,9.1728,77.871,Dryland,28.14,31.72,25.5,78.41,2.4,9.38,14.61,37.78
2006-04-19,Kovilpatti,9.1728,77.871,Dryland,29.55,34.61,25.72,69.25,2.45,0.15,23.26,37.77
2006-04-20,Kovilpatti,9.1728,77.871,Dryland,29.33,34.44,25.45,69.67,2.09,0.54,19.44,37.77
2006-04-21,Kovilpatti,9.1728,77.871,Dryland,29.52,34.31,25.99,69.15,1.51,5.27,21.72,37.76
2006-04-22,Kovilpatti,9.1728,77.871,Dryland,30.3,36.43,25.41,65.38,1.72,1.82,20.06,37.75
2006-04-23,Kovilpatti,9.1728,77.871,Dryland,30.62,37.29,25.29,63.22,2.37,0.02,25.07,37.74
2006-04-24,Kovilpatti,9.1728,77.871,Dryland,30.52,36.85,24.94,64.39,2.1,0.0,23.81,37.73
2006-04-25,Kovilpatti,9.1728,77.871,Dryland,30.93,37.13,25.62,63.99,2.44,0.07,23.32,37.71
2006-04-26,Kovilpatti,9.1728,77.871,Dryland,31.21,37.0,26.77,62.96,2.82,0.01,21.03,37.7
2006-04-27,Kovilpatti,9.1728,77.871,Dryland,31.45,38.29,26.13,62.61,3.51,0.0,23.37,37.69
2006-04-28,Kovilpatti,9.1728,77.871,Dryland,30.99,36.87,26.52,65.57,3.9,0.0,20.18,37.67
2006-04-29,Kovilpatti,9.1728,77.871,Dryland,30.46,35.99,26.18,66.21,3.17,0.0,19.39,37.65
2006-04-30,Kovilpatti,9.1728,77.871,Dryland,31.61,39.01,25.64,62.01,3.46,0.0,22.81,37.64
2006-05-01,Kovilpatti,9.1728,77.871,Dryland,31.96,39.04,27.05,60.34,3.91,0.0,23.84,37.62
2006-05-02,Kovilpatti,9.1728,77.871,Dryland,32.14,38.4,27.19,60.39,3.68,0.01,20.98,37.61
2006-05-03,Kovilpatti,9.1728,77.871,Dryland,31.84,37.29,27.43,61.85,2.57,0.13,19.83,37.59
2006-05-04,Kovilpatti,9.1728,77.871,Dryland,30.16,33.8,27.62,69.75,1.98,0.16,15.98,37.57
2006-05-05,Kovilpatti,9.1728,77.871,Dryland,29.93,33.86,26.96,71.78,2.25,0.05,19.31,37.55
2006-05-06,Kovilpatti,9.1728,77.871,Dryland,30.7,35.22,26.77,66.7,3.1,0.05,22.36,37.53
2006-05-07,Kovilpatti,9.1728,77.871,Dryland,30.71,34.79,26.93,65.3,3.19,0.04,21.16,37.5
2006-05-08,Kovilpatti,9.1728,77.871,Dryland,30.73,34.85,26.93,65.68,2.74,0.29,21.47,37.48
2006-05-09,Kovilpatti,9.1728,77.871,Dryland,29.83,32.96,27.13,70.04,2.59,0.1,22.01,37.46
2006-05-10,Kovilpatti,9.1728,77.871,Dryland,29.68,33.12,26.79,71.76,2.41,2.36,24.14,37.43
2006-05-11,Kovilpatti,9.1728,77.871,Dryland,29.84,33.88,26.79,72.55,3.24,1.67,23.91,37.41
2006-05-12,Kovilpatti,9.1728,77.871,Dryland,31.32,37.75,26.23,63.77,3.29,0.32,21.12,37.39
2006-05-13,Kovilpatti,9.1728,77.871,Dryland,30.97,35.56,27.18,64.96,3.56,0.03,21.6,37.36
2006-05-14,Kovilpatti,9.1728,77.871,Dryland,31.44,36.99,27.17,62.94,3.52,0.03,23.47,37.34
2006-05-15,Kovilpatti,9.1728,77.871,Dryland,31.18,36.26,27.41,61.77,3.96,0.13,21.56,37.31
2006-05-16,Kovilpatti,9.1728,77.871,Dryland,30.26,34.53,26.86,69.62,3.69,6.16,22.2,37.28
2006-05-17,Kovilpatti,9.1728,77.871,Dryland,29.86,34.34,26.64,69.55,4.07,0.27,21.9,37.25
2006-05-18,Kovilpatti,9.1728,77.871,Dryland,28.7,32.63,25.95,74.13,4.31,10.52,20.12,37.23
2006-05-19,Kovilpatti,9.1728,77.871,Dryland,28.23,32.59,25.77,74.84,3.97,5.32,14.25,37.2
2006-05-20,Kovilpatti,9.1728,77.871,Dryland,29.31,33.85,25.65,68.76,4.67,0.2,22.63,37.17
2006-05-21,Kovilpatti,9.1728,77.871,Dryland,29.03,33.34,25.62,71.41,4.59,0.54,22.27,37.15
2006-05-22,Kovilpatti,9.1728,77.871,Dryland,29.83,35.77,25.9,68.92,4.85,2.4,22.39,37.13
2006-05-23,Kovilpatti,9.1728,77.871,Dryland,28.23,32.27,25.91,78.36,5.18,27.16,20.9,37.1
2006-05-24,Kovilpatti,9.1728,77.871,Dryland,28.33,33.72,24.95,75.74,5.1,10.34,21.94,37.08
2006-05-25,Kovilpatti,9.1728,77.871,Dryland,27.95,31.64,25.55,77.24,5.36,5.35,18.01,37.05
2006-05-26,Kovilpatti,9.1728,77.871,Dryland,27.32,31.52,25.12,80.58,4.44,22.04,17.27,37.03
2006-05-27,Kovilpatti,9.1728,77.871,Dryland,27.33,30.78,25.09,81.23,4.75,9.15,12.33,37.01
2006-05-28,Kovilpatti,9.1728,77.871,Dryland,26.9,29.22,25.46,85.28,4.68,11.09,15.14,36.98
2006-05-29,Kovilpatti,9.1728,77.871,Dryland,27.09,29.74,25.36,84.03,5.32,23.64,13.89,36.96
2006-05-30,Kovilpatti,9.1728,77.871,Dryland,27.58,30.01,25.83,84.64,5.47,24.64,12.35,36.94
2006-05-31,Kovilpatti,9.1728,77.871,Dryland,26.94,30.21,24.35,81.82,5.06,14.62,14.7,36.92
2006-06-01,Kovilpatti,9.1728,77.871,Dryland,27.5,31.89,24.09,80.22,3.7,0.15,19.82,36.9
2006-06-02,Kovilpatti,9.1728,77.871,Dryland,27.34,30.75,24.94,83.08,3.07,0.4,22.26,36.87
2006-06-03,Kovilpatti,9.1728,77.871,Dryland,27.8,32.07,24.64,80.4,3.31,0.12,20.85,36.85
2006-06-04,Kovilpatti,9.1728,77.871,Dryland,27.87,32.36,24.87,75.59,3.17,0.52,17.41,36.83
2006-06-05,Kovilpatti,9.1728,77.871,Dryland,27.14,30.3,24.75,81.02,3.41,4.48,18.91,36.82
2006-06-06,Kovilpatti,9.1728,77.871,Dryland,27.24,31.14,24.23,80.93,3.05,0.66,17.78,36.79
2006-06-07,Kovilpatti,9.1728,77.871,Dryland,26.93,30.65,24.4,79.8,3.7,0.02,22.42,36.77
2006-06-08,Kovilpatti,9.1728,77.871,Dryland,27.74,32.32,23.86,77.84,3.61,0.01,22.08,36.75
2006-06-09,Kovilpatti,9.1728,77.871,Dryland,27.71,32.01,24.58,78.67,3.98,0.08,21.95,36.74
2006-06-10,Kovilpatti,9.1728,77.871,Dryland,27.54,31.51,24.85,78.83,3.87,0.01,23.2,36.73
2006-06-11,Kovilpatti,9.1728,77.871,Dryland,27.97,33.13,24.07,75.95,3.85,0.0,23.72,36.71
2006-06-12,Kovilpatti,9.1728,77.871,Dryland,28.51,34.4,23.69,74.05,3.85,0.0,25.62,36.7
2006-06-13,Kovilpatti,9.1728,77.871,Dryland,28.67,34.73,23.88,73.82,4.01,0.02,25.43,36.69
2006-06-14,Kovilpatti,9.1728,77.871,Dryland,28.96,34.63,24.6,71.97,3.99,0.05,24.78,36.68
2006-06-15,Kovilpatti,9.1728,77.871,Dryland,29.3,34.65,25.24,73.0,3.49,0.34,22.29,36.67
2006-06-16,Kovilpatti,9.1728,77.871,Dryland,29.06,33.17,25.75,75.48,2.16,1.3,19.57,36.66
2006-06-17,Kovilpatti,9.1728,77.871,Dryland,28.83,33.99,24.79,71.33,3.79,0.06,22.99,36.64
2006-06-18,Kovilpatti,9.1728,77.871,Dryland,29.4,35.1,24.11,70.15,2.48,0.07,20.44,36.64
2006-06-19,Kovilpatti,9.1728,77.871,Dryland,28.81,32.78,25.79,74.29,3.56,0.16,19.96,36.63
2006-06-20,Kovilpatti,9.1728,77.871,Dryland,27.65,30.62,25.53,81.38,2.58,19.06,17.6,36.62
2006-06-21,Kovilpatti,9.1728,77.871,Dryland,27.41,30.19,25.45,85.93,3.04,35.8,16.69,36.62
2006-06-22,Kovilpatti,9.1728,77.871,Dryland,26.88,29.12,25.19,88.06,4.03,29.34,16.24,36.61
2006-06-23,Kovilpatti,9.1728,77.871,Dryland,27.08,30.15,25.22,83.67,5.45,22.92,13.51,36.61
2006-06-24,Kovilpatti,9.1728,77.871,Dryland,27.12,30.47,24.81,82.46,5.11,7.8,14.42,36.61
2006-06-25,Kovilpatti,9.1728,77.871,Dryland,27.02,31.29,24.19,81.16,4.57,0.92,14.54,36.61
2006-06-26,Kovilpatti,9.1728,77.871,Dryland,26.91,30.85,23.94,82.66,3.71,0.47,19.34,36.61
2006-06-27,Kovilpatti,9.1728,77.871,Dryland,27.6,31.49,24.26,81.85,3.69,0.13,17.7,36.61
2006-06-28,Kovilpatti,9.1728,77.871,Dryland,27.04,30.65,24.81,82.49,3.91,3.16,15.47,36.61
2006-06-29,Kovilpatti,9.1728,77.871,Dryland,26.38,29.14,24.42,83.02,4.5,2.74,15.87,36.61
2006-06-30,Kovilpatti,9.1728,77.871,Dryland,27.37,31.51,24.45,80.81,4.41,1.89,15.89,36.61
2006-07-01,Kovilpatti,9.1728,77.871,Dryland,27.01,31.31,24.55,81.09,5.17,2.46,16.41,36.61
2006-07-02,Kovilpatti,9.1728,77.871,Dryland,26.81,30.04,24.55,83.98,5.21,4.25,18.38,36.62
2006-07-03,Kovilpatti,9.1728,77.871,Dryland,26.69,29.42,25.02,81.38,5.69,9.78,15.82,36.62
2006-07-04,Kovilpatti,9.1728,77.871,Dryland,26.53,29.14,24.77,85.92,5.29,38.01,14.36,36.63
2006-07-05,Kovilpatti,9.1728,77.871,Dryland,26.95,30.1,24.56,84.75,4.33,8.24,11.26,36.63
2006-07-06,Kovilpatti,9.1728,77.871,Dryland,26.81,30.4,24.07,85.67,3.34,4.19,17.81,36.65
2006-07-07,Kovilpatti,9.1728,77.871,Dryland,27.18,31.75,23.35,81.88,3.58,1.02,15.89,36.66
2006-07-08,Kovilpatti,9.1728,77.871,Dryland,27.58,32.15,24.31,81.23,4.03,0.07,21.24,36.67
2006-07-09,Kovilpatti,9.1728,77.871,Dryland,27.37,32.08,24.27,81.34,4.01,0.32,20.63,36.68
2006-07-10,Kovilpatti,9.1728,77.871,Dryland,27.1,31.06,24.26,83.14,4.19,12.27,18.0,36.69
2006-07-11,Kovilpatti,9.1728,77.871,Dryland,26.66,30.45,24.26,84.32,4.52,2.99,13.81,36.7
2006-07-12,Kovilpatti,9.1728,77.871,Dryland,25.69,28.59,23.84,85.77,4.93,12.09,12.76,36.71
2006-07-13,Kovilpatti,9.1728,77.871,Dryland,26.19,30.12,23.6,82.33,5.19,0.84,13.43,36.73
2006-07-14,Kovilpatti,9.1728,77.871,Dryland,26.19,29.14,23.96,84.29,4.33,0.38,12.76,36.74
2006-07-15,Kovilpatti,9.1728,77.871,Dryland,26.77,30.22,24.41,83.25,4.68,0.53,16.3,36.75
2006-07-16,Kovilpatti,9.1728,77.871,Dryland,27.15,31.33,23.91,80.7,4.7,0.15,16.39,36.77
2006-07-17,Kovilpatti,9.1728,77.871,Dryland,26.96,31.02,24.26,81.34,4.83,1.18,13.74,36.78
2006-07-18,Kovilpatti,9.1728,77.871,Dryland,26.82,30.91,24.0,81.09,4.7,0.25,18.46,36.79
2006-07-19,Kovilpatti,9.1728,77.871,Dryland,26.94,31.26,23.58,81.25,4.09,0.14,19.91,36.81
2006-07-20,Kovilpatti,9.1728,77.871,Dryland,27.25,31.75,23.67,79.71,3.86,1.92,20.13,36.83
2006-07-21,Kovilpatti,9.1728,77.871,Dryland,27.62,32.64,23.88,77.79,3.74,0.1,19.48,36.84
2006-07-22,Kovilpatti,9.1728,77.871,Dryland,27.06,31.9,23.96,79.09,3.51,0.0,22.01,36.86
2006-07-23,Kovilpatti,9.1728,77.871,Dryland,27.42,33.36,22.59,76.53,3.26,0.0,23.75,36.88
2006-07-24,Kovilpatti,9.1728,77.871,Dryland,27.49,32.35,23.32,77.3,2.27,0.0,23.28,36.89
2006-07-25,Kovilpatti,9.1728,77.871,Dryland,27.28,31.16,24.23,78.82,2.15,0.45,19.03,36.91
2006-07-26,Kovilpatti,9.1728,77.871,Dryland,27.19,31.13,24.58,81.13,2.98,2.74,15.12,36.93
2006-07-27,Kovilpatti,9.1728,77.871,Dryland,26.28,29.51,24.09,83.12,4.12,3.06,15.04,36.95
2006-07-28,Kovilpatti,9.1728,77.871,Dryland,26.49,30.47,23.26,77.29,4.23,0.27,17.36,36.97
2006-07-29,Kovilpatti,9.1728,77.871,Dryland,26.44,29.81,24.04,82.84,4.66,0.53,15.82,36.98
2006-07-30,Kovilpatti,9.1728,77.871,Dryland,27.26,32.07,23.78,79.91,3.72,0.08,20.97,37.0
2006-07-31,Kovilpatti,9.1728,77.871,Dryland,27.6,32.31,23.86,77.87,3.94,1.09,22.82,37.02
2006-08-01,Kovilpatti,9.1728,77.871,Dryland,27.3,31.56,23.91,79.59,3.73,0.07,20.25,37.04
2006-08-02,Kovilpatti,9.1728,77.871,Dryland,27.62,32.6,24.02,77.1,4.23,0.06,21.1,37.05
2006-08-03,Kovilpatti,9.1728,77.871,Dryland,27.17,31.7,24.12,76.6,4.68,0.95,16.69,37.07
2006-08-04,Kovilpatti,9.1728,77.871,Dryland,26.79,30.63,24.21,79.32,3.99,3.41,19.54,37.08
2006-08-05,Kovilpatti,9.1728,77.871,Dryland,27.33,33.21,23.07,75.74,3.99,0.3,21.44,37.1
2006-08-06,Kovilpatti,9.1728,77.871,Dryland,27.93,33.65,23.15,74.97,3.71,0.0,23.77,37.11
2006-08-07,Kovilpatti,9.1728,77.871,Dryland,28.17,33.75,23.89,73.51,4.23,0.05,22.58,37.13
2006-08-08,Kovilpatti,9.1728,77.871,Dryland,28.1,33.43,24.33,74.04,4.05,0.06,23.37,37.15
2006-08-09,Kovilpatti,9.1728,77.871,Dryland,27.73,32.96,23.72,75.49,4.52,3.09,20.4,37.16
2006-08-10,Kovilpatti,9.1728,77.871,Dryland,26.88,30.38,24.51,81.66,4.44,14.62,12.41,37.17
2006-08-11,Kovilpatti,9.1728,77.871,Dryland,27.11,30.49,24.78,81.4,4.75,5.32,16.91,37.18
2006-08-12,Kovilpatti,9.1728,77.871,Dryland,26.9,30.53,24.52,80.44,5.03,3.64,14.68,37.19
2006-08-13,Kovilpatti,9.1728,77.871,Dryland,27.02,30.89,23.98,79.57,4.99,4.41,12.8,37.19
2006-08-14,Kovilpatti,9.1728,77.871,Dryland,26.52,29.59,24.58,85.18,4.12,18.5,15.15,37.2
2006-08-15,Kovilpatti,9.1728,77.871,Dryland,26.97,30.72,24.43,82.96,4.84,11.51,15.59,37.21
2006-08-16,Kovilpatti,9.1728,77.871,Dryland,26.2,29.78,24.01,79.26,5.83,1.83,13.37,37.22
2006-08-17,Kovilpatti,9.1728,77.871,Dryland,26.45,30.62,23.61,79.93,5.22,1.42,17.73,37.23
2006-08-18,Kovilpatti,9.1728,77.871,Dryland,26.98,31.53,23.83,77.78,4.64,4.7,17.99,37.25
2006-08-19,Kovilpatti,9.1728,77.871,Dryland,27.31,31.89,24.17,79.18,4.05,0.29,19.92,37.26
2006-08-20,Kovilpatti,9.1728,77.871,Dryland,27.32,31.37,23.94,79.7,2.23,13.11,19.37,37.27
2006-08-21,Kovilpatti,9.1728,77.871,Dryland,26.51,28.95,24.61,86.49,1.88,11.41,17.7,37.27
2006-08-22,Kovilpatti,9.1728,77.871,Dryland,26.84,29.88,24.6,84.74,2.16,2.76,18.72,37.27
2006-08-23,Kovilpatti,9.1728,77.871,Dryland,27.54,31.47,24.69,79.04,3.21,1.26,17.35,37.27
2006-08-24,Kovilpatti,9.1728,77.871,Dryland,27.41,31.45,24.35,79.26,2.31,7.73,22.93,37.27
2006-08-25,Kovilpatti,9.1728,77.871,Dryland,27.46,31.95,23.94,79.11,3.26,3.44,20.75,37.27
2006-08-26,Kovilpatti,9.1728,77.871,Dryland,27.24,32.12,23.81,76.96,3.31,0.02,23.16,37.27
2006-08-27,Kovilpatti,9.1728,77.871,Dryland,26.74,31.55,23.6,77.79,3.67,0.0,25.2,37.26
2006-08-28,Kovilpatti,9.1728,77.871,Dryland,27.31,32.77,23.26,76.1,4.16,0.13,25.1,37.26
2006-08-29,Kovilpatti,9.1728,77.871,Dryland,27.2,32.22,23.84,77.54,4.47,1.55,19.49,37.26
2006-08-30,Kovilpatti,9.1728,77.871,Dryland,28.13,33.88,23.7,74.88,3.71,0.12,24.46,37.26
2006-08-31,Kovilpatti,9.1728,77.871,Dryland,28.36,33.93,24.11,74.59,2.85,0.05,20.34,37.25
2006-09-01,Kovilpatti,9.1728,77.871,Dryland,28.16,32.91,24.41,77.16,2.65,6.82,18.28,37.24
2006-09-02,Kovilpatti,9.1728,77.871,Dryland,27.76,31.47,24.72,78.83,2.15,3.22,18.98,37.23
2006-09-03,Kovilpatti,9.1728,77.871,Dryland,27.78,31.18,25.12,81.24,2.57,0.1,21.92,37.21
2006-09-04,Kovilpatti,9.1728,77.871,Dryland,28.17,31.83,24.95,77.23,1.96,0.17,12.09,37.2
2006-09-05,Kovilpatti,9.1728,77.871,Dryland,27.68,31.37,24.67,77.92,2.7,0.01,22.19,37.19
2006-09-06,Kovilpatti,9.1728,77.871,Dryland,27.81,31.83,24.6,78.23,1.82,0.25,18.22,37.17
2006-09-07,Kovilpatti,9.1728,77.871,Dryland,26.89,29.17,25.07,84.12,2.18,7.2,12.38,37.16
2006-09-08,Kovilpatti,9.1728,77.871,Dryland,27.03,30.78,24.07,82.63,3.27,16.95,15.26,37.13
2006-09-09,Kovilpatti,9.1728,77.871,Dryland,26.04,28.59,24.41,87.41,3.77,25.97,13.21,37.11
2006-09-10,Kovilpatti,9.1728,77.871,Dryland,26.57,29.46,24.16,84.4,3.84,2.25,18.76,37.09
2006-09-11,Kovilpatti,9.1728,77.871,Dryland,26.43,29.62,24.47,84.97,4.33,16.21,17.45,37.06
2006-09-12,Kovilpatti,9.1728,77.871,Dryland,26.42,29.67,24.33,83.7,4.46,8.8,19.26,37.04
2006-09-13,Kovilpatti,9.1728,77.871,Dryland,26.81,30.97,24.11,81.09,4.79,2.89,19.62,37.01
2006-09-14,Kovilpatti,9.1728,77.871,Dryland,26.4,29.98,23.97,81.0,4.35,0.43,18.42,36.98
2006-09-15,Kovilpatti,9.1728,77.871,Dryland,25.73,28.31,23.89,86.61,4.27,31.95,12.71,36.95
2006-09-16,Kovilpatti,9.1728,77.871,Dryland,26.28,29.29,24.51,87.62,3.98,23.45,15.39,36.92
2006-09-17,Kovilpatti,9.1728,77.871,Dryland,26.07,28.45,24.41,88.37,3.57,5.89,16.01,36.88
2006-09-18,Kovilpatti,9.1728,77.871,Dryland,25.97,28.42,24.28,89.11,3.74,42.31,16.4,36.85
2006-09-19,Kovilpatti,9.1728,77.871,Dryland,26.52,29.83,24.54,86.79,3.71,2.35,21.2,36.81
2006-09-20,Kovilpatti,9.1728,77.871,Dryland,26.69,30.02,24.46,86.62,3.65,1.82,17.09,36.77
2006-09-21,Kovilpatti,9.1728,77.871,Dryland,26.52,29.69,24.24,87.63,3.2,10.15,13.9,36.73
2006-09-22,Kovilpatti,9.1728,77.871,Dryland,26.57,30.05,24.24,84.95,3.31,0.59,17.99,36.68
2006-09-23,Kovilpatti,9.1728,77.871,Dryland,26.39,29.14,24.29,88.08,3.03,0.25,21.51,36.64
2006-09-24,Kovilpatti,9.1728,77.871,Dryland,26.08,28.27,24.52,91.2,3.2,44.77,19.03,36.59
2006-09-25,Kovilpatti,9.1728,77.871,Dryland,25.69,28.49,23.84,88.5,2.88,41.04,11.75,36.55
2006-09-26,Kovilpatti,9.1728,77.871,Dryland,26.09,30.02,23.43,84.99,3.81,1.12,19.43,36.5
2006-09-27,Kovilpatti,9.1728,77.871,Dryland,26.31,30.39,23.36,83.8,3.62,0.33,22.78,36.44
2006-09-28,Kovilpatti,9.1728,77.871,Dryland,26.51,30.93,23.3,82.8,3.65,0.16,23.38,36.39
2006-09-29,Kovilpatti,9.1728,77.871,Dryland,25.77,30.49,21.52,82.08,3.33,0.55,22.25,36.34
2006-09-30,Kovilpatti,9.1728,77.871,Dryland,26.35,31.18,23.21,82.27,4.14,0.14,22.36,36.28
2006-10-01,Kovilpatti,9.1728,77.871,Dryland,26.1,31.05,22.31,82.15,4.02,0.02,23.72,36.23
2006-10-02,Kovilpatti,9.1728,77.871,Dryland,26.34,31.59,21.83,81.87,3.49,0.01,24.1,36.17
2006-10-03,Kovilpatti,9.1728,77.871,Dryland,26.97,31.75,23.02,83.08,3.37,0.06,23.74,36.11
2006-10-04,Kovilpatti,9.1728,77.871,Dryland,27.07,31.33,23.91,83.33,4.03,4.28,19.2,36.05
2006-10-05,Kovilpatti,9.1728,77.871,Dryland,27.06,31.69,23.81,82.21,4.13,0.21,22.24,35.99
2006-10-06,Kovilpatti,9.1728,77.871,Dryland,26.35,29.69,23.5,86.34,4.21,23.51,20.21,35.93
2006-10-07,Kovilpatti,9.1728,77.871,Dryland,26.05,28.07,24.87,90.65,3.91,58.72,15.38,35.86
2006-10-08,Kovilpatti,9.1728,77.871,Dryland,26.43,30.02,24.32,85.86,3.93,3.09,18.51,35.79
2006-10-09,Kovilpatti,9.1728,77.871,Dryland,25.55,28.47,23.39,88.64,2.65,0.19,16.22,35.72
2006-10-10,Kovilpatti,9.1728,77.871,Dryland,26.59,30.51,23.73,86.53,3.02,0.75,16.22,35.65
2006-10-11,Kovilpatti,9.1728,77.871,Dryland,27.04,30.9,23.89,83.74,2.54,0.15,16.83,35.58
2006-10-12,Kovilpatti,9.1728,77.871,Dryland,27.31,31.51,23.6,82.99,2.16,0.16,19.78,35.51
2006-10-13,Kovilpatti,9.1728,77.871,Dryland,27.23,30.74,24.56,83.8,1.73,0.24,17.23,35.43
2006-10-14,Kovilpatti,9.1728,77.871,Dryland,26.91,29.54,24.79,83.28,0.88,1.39,16.85,35.36
2006-10-15,Kovilpatti,9.1728,77.871,Dryland,26.72,29.48,24.84,85.28,1.09,19.66,18.39,35.28
2006-10-16,Kovilpatti,9.1728,77.871,Dryland,27.16,30.18,24.96,84.05,1.28,9.84,16.01,35.2
2006-10-17,Kovilpatti,9.1728,77.871,Dryland,26.23,27.78,25.11,88.87,1.65,5.7,12.78,35.12
2006-10-18,Kovilpatti,9.1728,77.871,Dryland,26.93,30.04,24.13,86.43,1.53,69.34,17.27,35.04
2006-10-19,Kovilpatti,9.1728,77.871,Dryland,26.33,28.61,24.94,88.93,1.46,34.63,16.54,34.96
2006-10-20,Kovilpatti,9.1728,77.871,Dryland,26.36,28.74,24.05,87.18,1.86,17.99,16.46,34.88
2006-10-21,Kovilpatti,9.1728,77.871,Dryland,26.64,29.52,24.53,83.41,1.73,7.24,15.27,34.8
2006-10-22,Kovilpatti,9.1728,77.871,Dryland,26.4,29.97,23.16,86.57,2.76,8.03,15.85,34.72
2006-10-23,Kovilpatti,9.1728,77.871,Dryland,26.03,28.59,24.19,89.19,2.82,27.2,15.31,34.64
2006-10-24,Kovilpatti,9.1728,77.871,Dryland,25.81,28.83,23.51,89.89,3.23,10.98,13.36,34.55
2006-10-25,Kovilpatti,9.1728,77.871,Dryland,25.84,28.1,24.24,90.88,2.97,6.19,11.78,34.47
2006-10-26,Kovilpatti,9.1728,77.871,Dryland,25.42,27.14,24.09,93.39,2.12,33.92,13.2,34.38
2006-10-27,Kovilpatti,9.1728,77.871,Dryland,25.25,26.81,23.98,91.21,1.69,51.51,11.21,34.3
2006-10-28,Kovilpatti,9.1728,77.871,Dryland,25.82,28.44,23.6,88.24,1.97,57.64,13.49,34.22
2006-10-29,Kovilpatti,9.1728,77.871,Dryland,25.98,28.57,23.95,89.99,2.75,15.05,15.62,34.13
2006-10-30,Kovilpatti,9.1728,77.871,Dryland,26.05,28.69,23.75,89.75,2.12,17.65,18.08,34.05
2006-10-31,Kovilpatti,9.1728,77.871,Dryland,25.8,27.97,24.09,88.27,1.46,0.61,13.88,33.96
2006-11-01,Kovilpatti,9.1728,77.871,Dryland,26.04,28.89,23.54,86.98,1.4,0.95,17.19,33.87
2006-11-02,Kovilpatti,9.1728,77.871,Dryland,25.58,27.32,24.24,92.71,1.89,11.74,14.55,33.78
2006-11-03,Kovilpatti,9.1728,77.871,Dryland,25.67,27.69,24.15,93.65,2.66,22.05,13.16,33.7
2006-11-04,Kovilpatti,9.1728,77.871,Dryland,24.86,26.54,23.62,91.88,2.11,5.09,12.78,33.61
2006-11-05,Kovilpatti,9.1728,77.871,Dryland,25.63,28.83,22.83,90.03,2.16,0.85,17.11,33.53
2006-11-06,Kovilpatti,9.1728,77.871,Dryland,25.96,28.45,23.65,89.47,1.75,22.57,17.93,33.45
2006-11-07,Kovilpatti,9.1728,77.871,Dryland,25.17,26.38,23.79,92.13,1.95,9.09,9.45,33.36
2006-11-08,Kovilpatti,9.1728,77.871,Dryland,25.47,26.97,24.2,89.49,1.98,1.14,15.59,33.28
2006-11-09,Kovilpatti,9.1728,77.871,Dryland,25.75,27.53,24.39,89.17,1.15,6.33,16.09,33.19
2006-11-10,Kovilpatti,9.1728,77.871,Dryland,25.43,27.3,23.92,91.78,2.15,22.43,19.3,33.11
2006-11-11,Kovilpatti,9.1728,77.871,Dryland,25.5,27.23,24.04,92.44,2.03,22.99,13.4,33.02
2006-11-12,Kovilpatti,9.1728,77.871,Dryland,25.25,27.01,24.07,92.8,2.21,5.11,15.64,32.93
2006-11-13,Kovilpatti,9.1728,77.871,Dryland,24.88,26.43,23.57,92.42,2.36,3.52,17.03,32.85
2006-11-14,Kovilpatti,9.1728,77.871,Dryland,25.22,27.34,23.62,92.47,2.61,1.79,15.23,32.76
2006-11-15,Kovilpatti,9.1728,77.871,Dryland,25.43,27.51,24.1,91.67,2.67,2.67,13.93,32.69
2006-11-16,Kovilpatti,9.1728,77.871,Dryland,25.18,27.26,23.48,92.6,2.89,4.02,16.22,32.61
2006-11-17,Kovilpatti,9.1728,77.871,Dryland,25.2,26.87,23.63,94.29,1.88,12.31,16.9,32.54
2006-11-18,Kovilpatti,9.1728,77.871,Dryland,25.26,26.78,23.75,94.04,1.89,17.25,7.33,32.47
2006-11-19,Kovilpatti,9.1728,77.871,Dryland,25.78,28.13,24.0,91.97,1.96,6.27,17.52,32.39
2006-11-20,Kovilpatti,9.1728,77.871,Dryland,25.59,27.17,24.49,92.82,2.32,7.18,14.58,32.32
2006-11-21,Kovilpatti,9.1728,77.871,Dryland,26.0,28.42,24.44,92.39,2.75,37.71,13.96,32.25
2006-11-22,Kovilpatti,9.1728,77.871,Dryland,24.9,26.13,23.98,94.23,2.39,21.1,11.04,32.18
2006-11-23,Kovilpatti,9.1728,77.871,Dryland,25.32,28.0,23.31,87.55,2.67,2.34,16.13,32.11
2006-11-24,Kovilpatti,9.1728,77.871,Dryland,25.15,28.17,22.41,88.05,2.55,14.38,17.19,32.04
2006-11-25,Kovilpatti,9.1728,77.871,Dryland,25.29,28.38,22.31,89.8,2.49,2.03,19.71,31.98
2006-11-26,Kovilpatti,9.1728,77.871,Dryland,26.14,29.21,23.61,90.05,2.45,13.14,14.79,31.92
2006-11-27,Kovilpatti,9.1728,77.871,Dryland,25.84,27.53,24.7,93.4,2.47,9.18,13.94,31.86
2006-11-28,Kovilpatti,9.1728,77.871,Dryland,25.8,28.23,23.9,89.24,2.75,0.57,16.96,31.8
2006-11-29,Kovilpatti,9.1728,77.871,Dryland,25.38,28.78,22.65,88.24,3.23,0.03,15.8,31.74
2006-11-30,Kovilpatti,9.1728,77.871,Dryland,25.08,28.36,22.63,88.49,3.4,0.02,18.9,31.68
2006-12-01,Kovilpatti,9.1728,77.871,Dryland,24.51,27.66,21.84,87.35,3.55,0.01,19.76,31.63
2006-12-02,Kovilpatti,9.1728,77.871,Dryland,24.38,27.72,20.87,86.92,3.38,0.03,19.75,31.58
2006-12-03,Kovilpatti,9.1728,77.871,Dryland,24.57,27.99,21.69,87.58,3.64,0.18,14.48,31.53
2006-12-04,Kovilpatti,9.1728,77.871,Dryland,24.59,27.93,21.71,87.57,3.78,1.01,13.37,31.49
2006-12-05,Kovilpatti,9.1728,77.871,Dryland,24.72,27.89,22.28,87.26,4.12,0.12,14.43,31.44
2006-12-06,Kovilpatti,9.1728,77.871,Dryland,23.97,27.49,21.11,85.4,3.43,0.0,20.55,31.4
2006-12-07,Kovilpatti,9.1728,77.871,Dryland,23.84,27.84,20.14,84.45,3.56,0.02,20.28,31.36
2006-12-08,Kovilpatti,9.1728,77.871,Dryland,23.81,27.87,20.07,85.31,3.48,0.02,21.86,31.32
2006-12-09,Kovilpatti,9.1728,77.871,Dryland,23.98,27.92,20.18,84.16,3.05,0.05,20.28,31.29
2006-12-10,Kovilpatti,9.1728,77.871,Dryland,24.68,28.44,20.79,88.11,3.23,1.12,18.97,31.25
2006-12-11,Kovilpatti,9.1728,77.871,Dryland,26.0,28.98,23.81,90.22,2.57,6.18,15.54,31.22
2006-12-12,Kovilpatti,9.1728,77.871,Dryland,26.02,28.47,24.36,89.85,2.92,2.97,14.35,31.19
2006-12-13,Kovilpatti,9.1728,77.871,Dryland,25.61,28.82,23.12,86.65,3.77,0.17,16.48,31.17
2006-12-14,Kovilpatti,9.1728,77.871,Dryland,24.8,28.25,22.15,85.16,4.15,0.0,19.1,31.16
2006-12-15,Kovilpatti,9.1728,77.871,Dryland,24.57,28.38,21.52,85.22,4.06,0.0,18.48,31.14
2006-12-16,Kovilpatti,9.1728,77.871,Dryland,23.84,27.97,20.6,82.72,4.62,0.0,17.55,31.13
2006-12-17,Kovilpatti,9.1728,77.871,Dryland,23.94,27.73,20.53,84.09,4.49,0.0,17.79,31.12
2006-12-18,Kovilpatti,9.1728,77.871,Dryland,24.33,28.17,20.71,85.52,3.89,0.03,18.81,31.11
2006-12-19,Kovilpatti,9.1728,77.871,Dryland,24.85,28.47,21.76,86.5,4.05,0.81,18.37,31.1
2006-12-20,Kovilpatti,9.1728,77.871,Dryland,24.52,28.02,21.94,87.39,3.97,1.3,16.35,31.1
2006-12-21,Kovilpatti,9.1728,77.871,Dryland,24.24,28.14,21.49,87.9,4.39,1.23,13.44,31.1
2006-12-22,Kovilpatti,9.1728,77.871,Dryland,24.24,28.01,20.71,87.04,4.07,0.01,16.75,31.11
2006-12-23,Kovilpatti,9.1728,77.871,Dryland,24.57,28.26,21.46,85.24,4.25,0.07,15.13,31.12
2006-12-24,Kovilpatti,9.1728,77.871,Dryland,24.11,26.98,21.72,87.5,4.07,0.01,11.96,31.13
2006-12-25,Kovilpatti,9.1728,77.871,Dryland,23.94,27.22,20.94,85.75,3.87,0.07,15.57,31.14
2006-12-26,Kovilpatti,9.1728,77.871,Dryland,23.79,28.04,20.14,83.64,3.62,0.0,18.63,31.15
2006-12-27,Kovilpatti,9.1728,77.871,Dryland,24.02,28.58,19.79,82.86,3.62,0.0,18.99,31.17
2006-12-28,Kovilpatti,9.1728,77.871,Dryland,23.8,28.47,20.03,80.81,3.61,0.0,20.39,31.19
2006-12-29,Kovilpatti,9.1728,77.871,Dryland,23.51,28.23,19.82,79.06,3.65,0.0,21.83,31.22
2006-12-30,Kovilpatti,9.1728,77.871,Dryland,22.77,28.03,18.09,79.21,2.83,0.0,21.47,31.24
2006-12-31,Kovilpatti,9.1728,77.871,Dryland,23.24,28.23,17.93,78.48,2.67,0.0,19.05,31.28
2007-01-01,Kovilpatti,9.1728,77.871,Dryland,24.1,28.35,20.36,81.2,2.75,0.06,17.11,31.31
2007-01-02,Kovilpatti,9.1728,77.871,Dryland,24.0,28.59,20.13,75.01,3.15,0.0,20.6,31.34
2007-01-03,Kovilpatti,9.1728,77.871,Dryland,23.46,28.33,19.04,79.71,2.79,0.0,18.94,31.38
2007-01-04,Kovilpatti,9.1728,77.871,Dryland,23.7,28.69,19.48,78.83,2.76,0.0,20.17,31.42
2007-01-05,Kovilpatti,9.1728,77.871,Dryland,23.52,28.63,18.75,78.65,2.74,0.0,20.1,31.46
2007-01-06,Kovilpatti,9.1728,77.871,Dryland,24.23,28.8,20.62,76.48,3.74,0.18,19.31,31.5
2007-01-07,Kovilpatti,9.1728,77.871,Dryland,24.14,29.32,19.68,78.45,3.62,0.0,20.86,31.55
2007-01-08,Kovilpatti,9.1728,77.871,Dryland,24.79,29.79,20.33,80.42,3.97,0.18,15.45,31.6
2007-01-09,Kovilpatti,9.1728,77.871,Dryland,25.57,30.34,22.08,81.18,4.31,0.34,11.2,31.66
2007-01-10,Kovilpatti,9.1728,77.871,Dryland,25.66,30.33,22.45,79.07,4.2,0.02,18.72,31.71
2007-01-11,Kovilpatti,9.1728,77.871,Dryland,25.84,30.6,22.42,79.63,3.9,0.03,20.14,31.77
2007-01-12,Kovilpatti,9.1728,77.871,Dryland,25.7,30.8,21.67,78.83,3.79,0.0,19.24,31.83
2007-01-13,Kovilpatti,9.1728,77.871,Dryland,25.13,30.6,20.9,76.97,3.56,0.0,20.88,31.9
2007-01-14,Kovilpatti,9.1728,77.871,Dryland,25.33,30.82,20.38,77.96,3.54,0.03,20.44,31.96
2007-01-15,Kovilpatti,9.1728,77.871,Dryland,26.15,31.18,22.82,78.62,3.5,0.04,17.79,32.03
2007-01-16,Kovilpatti,9.1728,77.871,Dryland,25.57,31.4,21.11,77.76,3.29,0.0,19.2,32.1
2007-01-17,Kovilpatti,9.1728,77.871,Dryland,25.15,31.09,20.19,76.68,3.11,0.0,17.64,32.17
2007-01-18,Kovilpatti,9.1728,77.871,Dryland,24.97,31.05,20.31,75.63,3.55,0.0,18.75,32.24
2007-01-19,Kovilpatti,9.1728,77.871,Dryland,24.89,31.3,20.09,74.8,3.49,0.0,21.21,32.32
2007-01-20,Kovilpatti,9.1728,77.871,Dryland,25.15,31.73,20.18,73.54,3.29,0.0,22.05,32.39
2007-01-21,Kovilpatti,9.1728,77.871,Dryland,24.64,30.57,19.6,77.08,3.02,0.0,21.02,32.47
2007-01-22,Kovilpatti,9.1728,77.871,Dryland,25.42,31.85,20.89,73.3,3.09,0.0,22.36,32.55
2007-01-23,Kovilpatti,9.1728,77.871,Dryland,24.86,31.67,19.34,74.31,2.78,0.0,22.71,32.63
2007-01-24,Kovilpatti,9.1728,77.871,Dryland,25.14,31.57,19.93,74.56,3.63,0.0,21.78,32.72
2007-01-25,Kovilpatti,9.1728,77.871,Dryland,25.68,31.63,21.39,72.56,3.74,0.0,19.15,32.8
2007-01-26,Kovilpatti,9.1728,77.871,Dryland,26.04,31.83,20.91,73.91,3.66,0.01,21.23,32.88
2007-01-27,Kovilpatti,9.1728,77.871,Dryland,26.59,31.64,23.06,77.55,4.48,1.56,9.3,32.97
2007-01-28,Kovilpatti,9.1728,77.871,Dryland,26.39,30.45,23.56,80.62,4.29,2.41,9.67,33.06
2007-01-29,Kovilpatti,9.1728,77.871,Dryland,26.73,32.12,22.7,74.47,4.23,0.15,13.64,33.15
2007-01-30,Kovilpatti,9.1728,77.871,Dryland,26.61,31.96,23.11,73.08,4.3,0.0,20.99,33.23
2007-01-31,Kovilpatti,9.1728,77.871,Dryland,26.4,32.64,21.57,71.26,3.94,0.0,23.31,33.32
2007-02-01,Kovilpatti,9.1728,77.871,Dryland,25.81,32.54,20.41,69.35,3.43,0.0,23.54,33.41
2007-02-02,Kovilpatti,9.1728,77.871,Dryland,25.93,32.1,20.15,71.16,3.54,0.0,23.04,33.5
2007-02-03,Kovilpatti,9.1728,77.871,Dryland,26.52,32.68,21.6,69.6,3.31,0.07,21.52,33.59
2007-02-04,Kovilpatti,9.1728,77.871,Dryland,26.47,32.82,21.26,68.45,3.02,0.0,21.59,33.69
2007-02-05,Kovilpatti,9.1728,77.871,Dryland,26.73,33.78,21.2,63.44,3.0,0.0,23.05,33.78
2007-02-06,Kovilpatti,9.1728,77.871,Dryland,26.09,33.06,20.46,64.01,3.01,0.0,23.56,33.88
2007-02-07,Kovilpatti,9.1728,77.871,Dryland,25.96,33.07,19.59,67.39,2.87,0.0,23.96,33.97
2007-02-08,Kovilpatti,9.1728,77.871,Dryland,26.23,33.25,20.59,66.01,3.03,0.0,22.69,34.07
2007-02-09,Kovilpatti,9.1728,77.871,Dryland,26.4,32.69,20.25,68.58,3.56,0.01,22.35,34.16
2007-02-10,Kovilpatti,9.1728,77.871,Dryland,27.28,32.45,23.07,70.75,3.59,0.06,14.45,34.25
2007-02-11,Kovilpatti,9.1728,77.871,Dryland,27.98,33.72,23.6,66.59,2.95,0.01,22.47,34.35
2007-02-12,Kovilpatti,9.1728,77.871,Dryland,28.63,34.9,23.82,64.87,2.07,0.0,22.35,34.44
2007-02-13,Kovilpatti,9.1728,77.871,Dryland,29.01,35.78,23.45,62.22,2.14,0.0,22.18,34.53
2007-02-14,Kovilpatti,9.1728,77.871,Dryland,29.12,36.21,23.28,56.11,2.43,0.0,24.27,34.62
2007-02-15,Kovilpatti,9.1728,77.871,Dryland,28.77,36.38,22.06,53.92,2.25,0.0,24.99,34.72
2007-02-16,Kovilpatti,9.1728,77.871,Dryland,28.76,36.06,22.13,57.11,2.27,0.0,23.16,34.81
2007-02-17,Kovilpatti,9.1728,77.871,Dryland,28.86,35.09,23.79,60.2,2.54,0.05,20.88,34.9
2007-02-18,Kovilpatti,9.1728,77.871,Dryland,28.47,33.72,24.38,64.17,2.33,0.08,17.83,34.99
2007-02-19,Kovilpatti,9.1728,77.871,Dryland,28.05,32.04,24.85,65.23,3.9,0.88,15.06,35.08
2007-02-20,Kovilpatti,9.1728,77.871,Dryland,28.3,34.01,24.41,59.94,4.75,0.03,22.52,35.17
2007-02-21,Kovilpatti,9.1728,77.871,Dryland,27.5,34.22,22.39,56.21,4.35,0.0,24.43,35.26
2007-02-22,Kovilpatti,9.1728,77.871,Dryland,27.0,34.17,20.86,57.68,4.21,0.0,25.28,35.35
2007-02-23,Kovilpatti,9.1728,77.871,Dryland,26.81,34.02,20.45,61.68,3.54,0.0,25.32,35.44
2007-02-24,Kovilpatti,9.1728,77.871,Dryland,27.23,33.15,21.54,66.71,3.02,0.51,22.05,35.52
2007-02-25,Kovilpatti,9.1728,77.871,Dryland,27.31,31.24,24.08,69.34,1.9,2.88,14.38,35.61
2007-02-26,Kovilpatti,9.1728,77.871,Dryland,28.78,35.36,24.24,66.01,2.63,0.08,21.23,35.69
2007-02-27,Kovilpatti,9.1728,77.871,Dryland,28.83,35.34,24.37,68.48,2.49,0.59,22.57,35.78
2007-02-28,Kovilpatti,9.1728,77.871,Dryland,29.18,35.91,24.59,65.14,2.74,0.01,23.98,35.86
2007-03-01,Kovilpatti,9.1728,77.871,Dryland,29.32,35.89,24.57,61.45,2.32,0.0,23.84,35.94
2007-03-02,Kovilpatti,9.1728,77.871,Dryland,29.9,35.92,25.11,63.64,1.88,0.91,21.25,36.02
2007-03-03,Kovilpatti,9.1728,77.871,Dryland,29.73,35.94,25.2,61.18,2.06,0.06,20.5,36.09
2007-03-04,Kovilpatti,9.1728,77.871,Dryland,28.85,34.79,24.59,63.56,2.74,0.0,22.27,36.17
2007-03-05,Kovilpatti,9.1728,77.871,Dryland,28.59,35.72,23.0,62.26,2.71,0.0,25.24,36.25
2007-03-06,Kovilpatti,9.1728,77.871,Dryland,28.47,35.15,22.89,62.22,2.72,0.0,24.57,36.32
2007-03-07,Kovilpatti,9.1728,77.871,Dryland,28.52,35.32,23.17,57.08,2.26,0.0,25.55,36.39
2007-03-08,Kovilpatti,9.1728,77.871,Dryland,28.96,35.53,24.3,56.07,2.15,0.01,25.4,36.46
2007-03-09,Kovilpatti,9.1728,77.871,Dryland,28.82,35.29,23.89,59.25,2.73,0.0,25.33,36.53
2007-03-10,Kovilpatti,9.1728,77.871,Dryland,28.82,35.53,23.83,63.99,2.84,0.0,24.21,36.59
2007-03-11,Kovilpatti,9.1728,77.871,Dryland,28.7,35.45,24.06,62.64,2.88,0.0,23.96,36.66
2007-03-12,Kovilpatti,9.1728,77.871,Dryland,28.23,35.46,22.36,61.56,2.63,0.0,23.98,36.72
2007-03-13,Kovilpatti,9.1728,77.871,Dryland,29.01,34.04,24.89,67.06,2.62,0.54,19.65,36.78
2007-03-14,Kovilpatti,9.1728,77.871,Dryland,29.62,36.07,24.88,62.6,3.1,0.01,23.32,36.84
2007-03-15,Kovilpatti,9.1728,77.871,Dryland,29.59,36.12,24.64,64.3,2.75,0.0,24.73,36.9
2007-03-16,Kovilpatti,9.1728,77.871,Dryland,29.98,36.34,24.87,64.05,2.58,0.12,22.76,36.95
2007-03-17,Kovilpatti,9.1728,77.871,Dryland,30.43,36.05,26.14,64.87,3.11,0.09,23.1,37.01
2007-03-18,Kovilpatti,9.1728,77.871,Dryland,29.86,36.49,25.28,57.69,2.64,0.0,26.14,37.06
2007-03-19,Kovilpatti,9.1728,77.871,Dryland,29.5,36.89,24.83,55.67,2.06,0.0,26.24,37.11
2007-03-20,Kovilpatti,9.1728,77.871,Dryland,29.54,37.29,24.18,56.25,2.03,0.0,25.98,37.16
2007-03-21,Kovilpatti,9.1728,77.871,Dryland,29.57,37.32,23.55,58.52,2.23,0.0,25.16,37.21
2007-03-22,Kovilpatti,9.1728,77.871,Dryland,29.9,37.44,24.79,59.38,2.14,0.0,25.28,37.25
2007-03-23,Kovilpatti,9.1728,77.871,Dryland,29.43,35.99,25.1,57.79,2.17,0.0,25.99,37.3
2007-03-24,Kovilpatti,9.1728,77.871,Dryland,29.81,37.99,23.42,55.31,2.36,0.0,24.08,37.34
2007-03-25,Kovilpatti,9.1728,77.871,Dryland,30.75,37.85,25.27,56.7,2.2,0.0,24.4,37.38
2007-03-26,Kovilpatti,9.1728,77.871,Dryland,31.09,38.34,25.43,56.65,2.21,0.0,24.49,37.42
2007-03-27,Kovilpatti,9.1728,77.871,Dryland,30.65,37.08,25.82,56.15,1.97,0.0,25.07,37.45
2007-03-28,Kovilpatti,9.1728,77.871,Dryland,30.82,37.51,26.13,53.55,2.12,0.0,25.09,37.49
2007-03-29,Kovilpatti,9.1728,77.871,Dryland,30.28,36.87,25.31,55.76,2.39,0.0,24.45,37.52
2007-03-30,Kovilpatti,9.1728,77.871,Dryland,29.93,37.09,24.59,57.4,2.85,0.0,24.98,37.55
2007-03-31,Kovilpatti,9.1728,77.871,Dryland,30.18,36.57,24.97,58.98,2.61,0.07,24.62,37.58
2007-04-01,Kovilpatti,9.1728,77.871,Dryland,30.2,34.86,26.75,63.84,2.0,0.2,19.21,37.6
2007-04-02,Kovilpatti,9.1728,77.871,Dryland,31.12,37.79,26.2,60.81,2.39,0.02,24.5,37.63
2007-04-03,Kovilpatti,9.1728,77.871,Dryland,31.36,38.32,26.53,56.77,2.22,0.01,26.09,37.65
2007-04-04,Kovilpatti,9.1728,77.871,Dryland,30.99,37.37,25.44,59.18,2.35,0.04,25.04,37.67
2007-04-05,Kovilpatti,9.1728,77.871,Dryland,30.92,36.42,27.26,64.19,3.13,0.46,25.3,37.69
2007-04-06,Kovilpatti,9.1728,77.871,Dryland,29.47,32.52,26.95,69.97,2.58,1.67,20.92,37.7
2007-04-07,Kovilpatti,9.1728,77.871,Dryland,29.2,33.21,26.69,71.64,1.86,8.48,19.2,37.72
2007-04-08,Kovilpatti,9.1728,77.871,Dryland,28.32,31.06,26.45,78.47,1.68,5.39,16.13,37.73
2007-04-09,Kovilpatti,9.1728,77.871,Dryland,28.22,31.21,26.05,77.49,1.78,9.83,16.53,37.74
2007-04-10,Kovilpatti,9.1728,77.871,Dryland,28.21,31.69,25.73,79.95,2.07,10.8,17.68,37.75
2007-04-11,Kovilpatti,9.1728,77.871,Dryland,27.98,30.91,25.55,79.47,1.14,8.56,18.49,37.76
2007-04-12,Kovilpatti,9.1728,77.871,Dryland,29.56,34.23,25.26,70.78,1.21,2.16,22.03,37.76
2007-04-13,Kovilpatti,9.1728,77.871,Dryland,29.7,33.63,26.12,71.2,1.73,0.5,19.76,37.77
2007-04-14,Kovilpatti,9.1728,77.871,Dryland,29.6,34.0,26.6,71.39,1.86,6.65,20.99,37.77
2007-04-15,Kovilpatti,9.1728,77.871,Dryland,29.5,34.36,25.69,69.76,2.11,2.42,21.03,37.77
2007-04-16,Kovilpatti,9.1728,77.871,Dryland,30.32,36.37,25.43,65.28,2.21,0.1,24.81,37.77
2007-04-17,Kovilpatti,9.1728,77.871,Dryland,30.65,36.34,26.1,64.72,1.66,1.51,23.5,37.77
2007-04-18,Kovilpatti,9.1728,77.871,Dryland,30.81,37.22,25.58,65.51,2.42,1.84,22.77,37.77
2007-04-19,Kovilpatti,9.1728,77.871,Dryland,30.95,36.74,26.06,64.92,2.16,0.05,23.3,37.76
2007-04-20,Kovilpatti,9.1728,77.871,Dryland,30.84,36.21,26.32,66.22,2.31,0.04,20.57,37.76
2007-04-21,Kovilpatti,9.1728,77.871,Dryland,30.47,36.39,26.02,68.45,2.33,4.14,21.93,37.75
2007-04-22,Kovilpatti,9.1728,77.871,Dryland,29.71,33.8,26.2,72.17,2.15,1.34,20.38,37.75
2007-04-23,Kovilpatti,9.1728,77.871,Dryland,30.23,34.94,26.7,68.82,2.77,1.75,24.35,37.74
2007-04-24,Kovilpatti,9.1728,77.871,Dryland,29.01,32.71,26.3,71.24,3.67,1.22,25.4,37.73
2007-04-25,Kovilpatti,9.1728,77.871,Dryland,30.19,36.85,24.49,65.23,2.23,0.52,24.54,37.72
2007-04-26,Kovilpatti,9.1728,77.871,Dryland,29.77,34.28,26.14,71.97,1.98,0.46,23.5,37.7
2007-04-27,Kovilpatti,9.1728,77.871,Dryland,28.97,32.03,26.65,76.87,1.19,6.7,22.42,37.69
2007-04-28,Kovilpatti,9.1728,77.871,Dryland,29.6,34.39,26.05,73.75,1.75,2.83,23.79,37.67
2007-04-29,Kovilpatti,9.1728,77.871,Dryland,29.67,34.32,25.93,73.43,2.14,1.25,24.58,37.65
2007-04-30,Kovilpatti,9.1728,77.871,Dryland,30.07,35.71,25.88,70.17,2.26,0.4,24.94,37.63
2007-05-01,Kovilpatti,9.1728,77.871,Dryland,30.95,36.68,26.36,66.47,2.36,0.07,23.64,37.62
2007-05-02,Kovilpatti,9.1728,77.871,Dryland,30.9,35.98,27.01,68.26,3.66,0.37,23.48,37.6
2007-05-03,Kovilpatti,9.1728,77.871,Dryland,29.78,33.86,27.07,72.83,4.11,5.1,16.49,37.58
2007-05-04,Kovilpatti,9.1728,77.871,Dryland,30.0,34.66,26.61,69.97,3.05,0.4,20.69,37.56
2007-05-05,Kovilpatti,9.1728,77.871,Dryland,29.31,32.88,26.75,76.42,3.53,5.99,21.44,37.55
2007-05-06,Kovilpatti,9.1728,77.871,Dryland,29.75,34.82,25.99,72.92,3.43,0.73,21.97,37.53
2007-05-07,Kovilpatti,9.1728,77.871,Dryland,29.74,34.33,26.4,73.0,3.33,0.06,22.7,37.5
2007-05-08,Kovilpatti,9.1728,77.871,Dryland,29.07,32.05,26.85,77.58,2.91,3.94,22.12,37.48
2007-05-09,Kovilpatti,9.1728,77.871,Dryland,28.85,32.34,26.23,79.61,3.63,3.64,18.04,37.45
2007-05-10,Kovilpatti,9.1728,77.871,Dryland,29.43,33.74,26.73,74.4,4.62,0.52,22.16,37.43
2007-05-11,Kovilpatti,9.1728,77.871,Dryland,30.43,36.34,26.23,69.48,5.44,0.06,22.92,37.4
2007-05-12,Kovilpatti,9.1728,77.871,Dryland,29.83,34.72,25.93,68.47,4.88,0.0,21.59,37.38
2007-05-13,Kovilpatti,9.1728,77.871,Dryland,30.2,35.78,25.5,66.0,4.58,0.02,20.31,37.36
2007-05-14,Kovilpatti,9.1728,77.871,Dryland,30.43,36.17,26.69,66.04,5.45,0.0,21.42,37.33
2007-05-15,Kovilpatti,9.1728,77.871,Dryland,31.36,38.43,26.02,62.48,4.33,0.0,23.37,37.31
2007-05-16,Kovilpatti,9.1728,77.871,Dryland,31.94,38.82,26.59,56.84,3.54,0.0,24.87,37.28
2007-05-17,Kovilpatti,9.1728,77.871,Dryland,31.38,38.37,26.05,57.79,4.45,0.0,23.45,37.25
2007-05-18,Kovilpatti,9.1728,77.871,Dryland,31.04,37.94,25.17,59.21,4.28,0.0,25.49,37.23
2007-05-19,Kovilpatti,9.1728,77.871,Dryland,31.41,38.43,25.32,57.49,3.86,0.0,26.12,37.2
2007-05-20,Kovilpatti,9.1728,77.871,Dryland,31.78,38.66,26.05,58.44,4.04,0.0,25.54,37.18
2007-05-21,Kovilpatti,9.1728,77.871,Dryland,31.54,37.7,26.7,62.11,4.19,0.0,24.69,37.15
2007-05-22,Kovilpatti,9.1728,77.871,Dryland,30.97,35.83,27.51,65.64,3.72,0.94,24.02,37.13
2007-05-23,Kovilpatti,9.1728,77.871,Dryland,30.65,34.92,26.89,68.39,2.91,0.27,20.77,37.11
2007-05-24,Kovilpatti,9.1728,77.871,Dryland,30.52,34.51,27.31,66.9,2.78,0.11,20.12,37.08
2007-05-25,Kovilpatti,9.1728,77.871,Dryland,29.99,33.12,26.81,66.88,2.25,0.02,20.59,37.06
2007-05-26,Kovilpatti,9.1728,77.871,Dryland,30.3,35.78,26.28,66.93,3.94,4.45,23.2,37.03
2007-05-27,Kovilpatti,9.1728,77.871,Dryland,28.91,32.93,25.85,76.16,3.88,15.8,21.14,37.01
2007-05-28,Kovilpatti,9.1728,77.871,Dryland,28.06,31.76,25.71,75.11,4.73,4.18,20.7,36.99
2007-05-29,Kovilpatti,9.1728,77.871,Dryland,28.16,32.65,24.73,72.76,3.89,2.11,17.72,36.96
2007-05-30,Kovilpatti,9.1728,77.871,Dryland,28.81,34.2,24.83,71.89,4.19,4.58,21.78,36.94
2007-05-31,Kovilpatti,9.1728,77.871,Dryland,29.2,34.26,25.47,69.29,4.17,0.08,24.59,36.92
2007-06-01,Kovilpatti,9.1728,77.871,Dryland,30.17,36.29,25.2,67.7,3.98,0.0,25.38,36.9
2007-06-02,Kovilpatti,9.1728,77.871,Dryland,30.76,37.34,25.47,66.06,3.66,0.02,23.67,36.88
2007-06-03,Kovilpatti,9.1728,77.871,Dryland,30.91,37.07,25.91,65.25,3.06,0.01,23.18,36.85
2007-06-04,Kovilpatti,9.1728,77.871,Dryland,30.6,35.8,26.1,66.07,2.93,0.0,22.13,36.83
2007-06-05,Kovilpatti,9.1728,77.871,Dryland,29.17,31.86,26.89,74.09,2.47,0.12,20.18,36.81
2007-06-06,Kovilpatti,9.1728,77.871,Dryland,30.25,34.75,26.41,69.9,2.32,0.11,20.86,36.79
2007-06-07,Kovilpatti,9.1728,77.871,Dryland,29.18,32.92,26.61,73.07,3.41,3.28,19.38,36.78
2007-06-08,Kovilpatti,9.1728,77.871,Dryland,28.42,31.93,26.28,78.35,3.86,8.67,19.72,36.76
2007-06-09,Kovilpatti,9.1728,77.871,Dryland,28.42,32.12,25.96,75.3,4.1,1.66,21.15,36.75
2007-06-10,Kovilpatti,9.1728,77.871,Dryland,28.89,32.82,26.05,75.78,4.49,1.07,22.17,36.73
2007-06-11,Kovilpatti,9.1728,77.871,Dryland,29.02,32.82,26.33,75.77,4.88,0.87,20.11,36.72
2007-06-12,Kovilpatti,9.1728,77.871,Dryland,29.1,33.5,26.07,72.39,4.78,1.23,19.26,36.7
2007-06-13,Kovilpatti,9.1728,77.871,Dryland,29.06,33.77,26.08,72.41,4.75,1.75,18.89,36.69
2007-06-14,Kovilpatti,9.1728,77.871,Dryland,28.47,32.17,25.99,73.07,4.75,0.13,19.22,36.67
2007-06-15,Kovilpatti,9.1728,77.871,Dryland,28.48,32.76,25.3,73.85,3.89,3.84,16.49,36.66
2007-06-16,Kovilpatti,9.1728,77.871,Dryland,28.06,33.41,25.42,75.04,5.04,0.93,16.28,36.65
2007-06-17,Kovilpatti,9.1728,77.871,Dryland,27.46,30.67,25.1,79.11,4.47,11.36,12.93,36.64
2007-06-18,Kovilpatti,9.1728,77.871,Dryland,27.59,31.38,25.38,77.83,5.48,2.51,13.01,36.63
2007-06-19,Kovilpatti,9.1728,77.871,Dryland,27.19,30.27,25.13,78.31,5.15,3.21,11.73,36.63
2007-06-20,Kovilpatti,9.1728,77.871,Dryland,26.95,29.91,24.7,75.03,5.97,2.7,11.31,36.62
2007-06-21,Kovilpatti,9.1728,77.871,Dryland,26.88,29.69,24.47,83.1,5.0,14.65,10.03,36.61
2007-06-22,Kovilpatti,9.1728,77.871,Dryland,27.26,29.93,25.77,79.89,6.44,7.85,5.54,36.61
2007-06-23,Kovilpatti,9.1728,77.871,Dryland,27.22,30.14,25.17,80.53,4.45,11.54,10.56,36.61
2007-06-24,Kovilpatti,9.1728,77.871,Dryland,27.99,31.95,24.76,77.79,3.31,1.24,14.91,36.6
2007-06-25,Kovilpatti,9.1728,77.871,Dryland,28.35,33.52,24.71,72.96,3.52,0.02,19.79,36.6
2007-06-26,Kovilpatti,9.1728,77.871,Dryland,28.23,32.69,24.54,75.76,3.47,0.03,20.29,36.6
2007-06-27,Kovilpatti,9.1728,77.871,Dryland,28.26,33.57,24.57,71.34,4.05,0.0,12.32,36.6
2007-06-28,Kovilpatti,9.1728,77.871,Dryland,28.15,32.75,24.85,76.3,5.0,0.55,13.24,36.6
2007-06-29,Kovilpatti,9.1728,77.871,Dryland,27.76,31.32,25.41,78.56,4.27,1.61,15.62,36.61
2007-06-30,Kovilpatti,9.1728,77.871,Dryland,28.04,32.5,24.93,76.25,5.04,1.55,17.43,36.61
2007-07-01,Kovilpatti,9.1728,77.871,Dryland,28.03,32.25,25.3,77.66,4.72,3.74,15.23,36.61
2007-07-02,Kovilpatti,9.1728,77.871,Dryland,27.85,31.31,25.37,81.22,4.17,6.79,14.59,36.62
2007-07-03,Kovilpatti,9.1728,77.871,Dryland,27.74,31.41,25.06,77.84,4.66,1.43,13.13,36.62
2007-07-04,Kovilpatti,9.1728,77.871,Dryland,27.61,31.24,25.12,78.4,4.36,0.57,15.67,36.63
2007-07-05,Kovilpatti,9.1728,77.871,Dryland,27.72,31.24,25.01,76.89,4.66,0.18,15.57,36.64
2007-07-06,Kovilpatti,9.1728,77.871,Dryland,27.16,31.01,24.41,70.79,6.14,1.68,17.82,36.65
2007-07-07,Kovilpatti,9.1728,77.871,Dryland,27.8,32.17,24.51,74.21,5.32,1.72,18.97,36.65
2007-07-08,Kovilpatti,9.1728,77.871,Dryland,28.07,32.82,24.74,75.41,4.53,1.0,18.31,36.66
2007-07-09,Kovilpatti,9.1728,77.871,Dryland,27.67,32.04,24.82,77.72,4.16,2.67,18.67,36.67
2007-07-10,Kovilpatti,9.1728,77.871,Dryland,27.74,31.89,25.05,78.76,4.65,1.35,13.4,36.68
2007-07-11,Kovilpatti,9.1728,77.871,Dryland,27.71,31.23,25.17,79.71,4.56,2.88,17.98,36.68
2007-07-12,Kovilpatti,9.1728,77.871,Dryland,27.98,32.12,25.21,78.44,4.76,2.38,15.29,36.69
2007-07-13,Kovilpatti,9.1728,77.871,Dryland,28.2,32.14,25.28,77.2,4.81,0.7,15.6,36.71
2007-07-14,Kovilpatti,9.1728,77.871,Dryland,28.03,32.26,25.3,77.8,5.03,0.5,17.99,36.72
2007-07-15,Kovilpatti,9.1728,77.871,Dryland,28.23,32.59,25.02,76.71,5.08,1.26,15.37,36.74
2007-07-16,Kovilpatti,9.1728,77.871,Dryland,27.21,30.17,25.37,81.08,5.01,13.33,13.79,36.76
2007-07-17,Kovilpatti,9.1728,77.871,Dryland,27.06,31.41,24.33,77.74,4.94,1.11,15.83,36.77
2007-07-18,Kovilpatti,9.1728,77.871,Dryland,27.24,31.6,24.32,79.12,3.0,2.39,16.57,36.79
2007-07-19,Kovilpatti,9.1728,77.871,Dryland,27.12,30.84,24.89,78.71,3.89,11.0,17.19,36.8
2007-07-20,Kovilpatti,9.1728,77.871,Dryland,26.27,29.32,24.31,80.25,4.48,5.45,14.96,36.82
2007-07-21,Kovilpatti,9.1728,77.871,Dryland,26.49,29.87,24.23,80.78,4.2,0.79,17.27,36.84
2007-07-22,Kovilpatti,9.1728,77.871,Dryland,26.84,31.24,23.92,78.25,4.09,0.45,14.58,36.85
2007-07-23,Kovilpatti,9.1728,77.871,Dryland,27.06,31.79,23.73,76.28,2.8,2.24,13.33,36.87
2007-07-24,Kovilpatti,9.1728,77.871,Dryland,26.47,29.63,24.3,82.66,3.44,8.89,13.61,36.89
2007-07-25,Kovilpatti,9.1728,77.871,Dryland,26.89,30.72,24.08,79.59,3.7,1.19,15.85,36.91
2007-07-26,Kovilpatti,9.1728,77.871,Dryland,27.12,31.36,24.1,79.11,4.18,1.13,13.32,36.92
2007-07-27,Kovilpatti,9.1728,77.871,Dryland,27.16,31.1,24.6,79.23,4.16,0.9,17.86,36.94
2007-07-28,Kovilpatti,9.1728,77.871,Dryland,27.14,30.88,24.51,79.5,4.19,0.32,17.42,36.96
2007-07-29,Kovilpatti,9.1728,77.871,Dryland,27.41,31.57,24.62,77.74,3.89,0.76,16.1,36.98
2007-07-30,Kovilpatti,9.1728,77.871,Dryland,27.23,31.21,24.18,78.43,3.26,0.16,13.06,37.0
2007-07-31,Kovilpatti,9.1728,77.871,Dryland,27.02,30.84,24.44,78.37,3.94,8.56,14.13,37.01
2007-08-01,Kovilpatti,9.1728,77.871,Dryland,26.75,29.78,24.54,80.58,4.4,5.77,12.72,37.03
2007-08-02,Kovilpatti,9.1728,77.871,Dryland,26.76,30.13,24.44,81.18,4.23,3.49,11.3,37.05
2007-08-03,Kovilpatti,9.1728,77.871,Dryland,26.76,30.18,23.69,80.47,3.93,0.48,18.26,37.06
2007-08-04,Kovilpatti,9.1728,77.871,Dryland,27.63,31.75,24.67,79.05,4.33,0.23,19.4,37.08
2007-08-05,Kovilpatti,9.1728,77.871,Dryland,27.14,31.11,24.63,80.57,4.7,3.35,18.43,37.09
2007-08-06,Kovilpatti,9.1728,77.871,Dryland,26.99,31.16,24.23,78.4,4.48,0.74,16.87,37.11
2007-08-07,Kovilpatti,9.1728,77.871,Dryland,27.52,32.69,24.45,77.28,4.8,0.02,20.28,37.12
2007-08-08,Kovilpatti,9.1728,77.871,Dryland,27.82,32.99,23.99,77.12,4.64,2.75,19.97,37.13
2007-08-09,Kovilpatti,9.1728,77.871,Dryland,26.86,30.35,24.3,80.51,4.49,3.93,16.42,37.15
2007-08-10,Kovilpatti,9.1728,77.871,Dryland,27.39,32.62,24.03,76.4,4.57,2.93,15.39,37.16
2007-08-11,Kovilpatti,9.1728,77.871,Dryland,27.41,32.49,23.73,73.74,4.34,0.07,17.88,37.17
2007-08-12,Kovilpatti,9.1728,77.871,Dryland,27.66,32.8,24.12,73.6,4.47,0.02,19.85,37.19
2007-08-13,Kovilpatti,9.1728,77.871,Dryland,27.99,33.7,23.98,71.56,4.27,0.02,22.46,37.2
2007-08-14,Kovilpatti,9.1728,77.871,Dryland,27.98,33.83,23.26,71.97,3.44,0.0,24.57,37.21
2007-08-15,Kovilpatti,9.1728,77.871,Dryland,28.42,34.02,23.65,71.98,3.06,0.26,22.44,37.22
2007-08-16,Kovilpatti,9.1728,77.871,Dryland,28.06,32.13,24.75,77.05,2.88,2.46,21.47,37.23
2007-08-17,Kovilpatti,9.1728,77.871,Dryland,27.65,31.25,24.98,79.15,3.62,1.27,21.77,37.24
2007-08-18,Kovilpatti,9.1728,77.871,Dryland,27.85,32.11,24.62,77.51,3.87,1.1,19.64,37.24
2007-08-19,Kovilpatti,9.1728,77.871,Dryland,28.51,34.05,24.49,72.3,3.82,0.06,21.59,37.25
2007-08-20,Kovilpatti,9.1728,77.871,Dryland,28.05,33.54,24.02,72.21,4.03,1.07,22.1,37.26
2007-08-21,Kovilpatti,9.1728,77.871,Dryland,27.14,30.72,24.89,79.37,3.98,0.64,14.3,37.26
2007-08-22,Kovilpatti,9.1728,77.871,Dryland,27.86,33.11,24.31,72.2,3.7,0.01,17.14,37.27
2007-08-23,Kovilpatti,9.1728,77.871,Dryland,27.16,31.36,24.27,77.65,3.42,7.92,18.57,37.27
2007-08-24,Kovilpatti,9.1728,77.871,Dryland,27.4,31.33,24.3,76.98,2.68,2.41,16.53,37.27
2007-08-25,Kovilpatti,9.1728,77.871,Dryland,27.33,31.14,24.29,78.68,3.24,2.49,19.36,37.27
2007-08-26,Kovilpatti,9.1728,77.871,Dryland,27.42,31.4,24.57,77.11,4.15,1.21,18.13,37.27
2007-08-27,Kovilpatti,9.1728,77.871,Dryland,28.06,33.39,24.04,73.92,3.94,0.03,21.75,37.27
2007-08-28,Kovilpatti,9.1728,77.871,Dryland,27.88,32.48,24.93,77.89,4.22,8.78,19.08,37.26
2007-08-29,Kovilpatti,9.1728,77.871,Dryland,27.48,31.25,25.0,79.68,4.23,3.88,15.09,37.26
2007-08-30,Kovilpatti,9.1728,77.871,Dryland,27.69,33.11,24.45,75.76,4.54,1.57,12.38,37.25
2007-08-31,Kovilpatti,9.1728,77.871,Dryland,27.16,32.17,24.26,75.7,5.0,2.74,16.89,37.25
2007-09-01,Kovilpatti,9.1728,77.871,Dryland,27.86,33.51,24.42,72.86,4.62,0.36,14.26,37.24
2007-09-02,Kovilpatti,9.1728,77.871,Dryland,27.45,31.34,24.52,76.89,4.54,1.91,14.93,37.22
2007-09-03,Kovilpatti,9.1728,77.871,Dryland,27.43,31.13,24.53,76.06,3.83,0.04,15.68,37.21
2007-09-04,Kovilpatti,9.1728,77.871,Dryland,27.5,31.85,24.1,76.47,3.74,6.16,20.91,37.2
2007-09-05,Kovilpatti,9.1728,77.871,Dryland,26.67,30.5,24.39,81.55,4.82,4.47,13.33,37.18
2007-09-06,Kovilpatti,9.1728,77.871,Dryland,27.17,31.89,23.74,77.33,4.5,1.33,16.53,37.17
2007-09-07,Kovilpatti,9.1728,77.871,Dryland,27.86,32.81,24.3,75.99,3.24,0.55,19.55,37.15
2007-09-08,Kovilpatti,9.1728,77.871,Dryland,27.02,29.85,25.12,80.66,2.37,1.4,15.5,37.13
2007-09-09,Kovilpatti,9.1728,77.871,Dryland,27.6,31.11,24.51,78.19,2.02,11.97,12.96,37.11
2007-09-10,Kovilpatti,9.1728,77.871,Dryland,27.93,32.49,23.94,76.85,1.98,4.36,17.94,37.09
2007-09-11,Kovilpatti,9.1728,77.871,Dryland,27.95,32.08,24.85,78.47,2.82,5.19,20.03,37.06
2007-09-12,Kovilpatti,9.1728,77.871,Dryland,27.34,30.52,24.61,80.32,3.46,2.41,19.39,37.04
2007-09-13,Kovilpatti,9.1728,77.871,Dryland,27.03,30.29,24.73,83.82,3.43,10.5,21.9,37.01
2007-09-14,Kovilpatti,9.1728,77.871,Dryland,27.04,30.76,24.83,80.14,4.0,4.82,11.86,36.98
2007-09-15,Kovilpatti,9.1728,77.871,Dryland,27.21,31.63,24.75,79.81,4.17,8.47,12.64,36.95
2007-09-16,Kovilpatti,9.1728,77.871,Dryland,27.4,32.01,24.53,81.58,4.17,11.96,14.75,36.92
2007-09-17,Kovilpatti,9.1728,77.871,Dryland,27.16,30.81,24.72,80.65,4.74,3.26,13.42,36.88
2007-09-18,Kovilpatti,9.1728,77.871,Dryland,26.87,31.16,23.98,77.89,5.08,1.63,11.74,36.85
2007-09-19,Kovilpatti,9.1728,77.871,Dryland,27.21,30.94,24.27,81.44,4.57,2.04,12.57,36.81
2007-09-20,Kovilpatti,9.1728,77.871,Dryland,27.57,32.08,24.67,79.29,4.96,4.02,18.44,36.78
2007-09-21,Kovilpatti,9.1728,77.871,Dryland,27.63,32.12,24.57,80.42,4.4,3.38,16.03,36.74
2007-09-22,Kovilpatti,9.1728,77.871,Dryland,27.42,30.86,25.06,82.31,4.7,4.84,16.4,36.69
2007-09-23,Kovilpatti,9.1728,77.871,Dryland,27.23,31.28,24.7,79.64,4.81,3.03,15.13,36.65
2007-09-24,Kovilpatti,9.1728,77.871,Dryland,27.37,31.67,24.38,78.2,4.35,2.15,19.44,36.61
2007-09-25,Kovilpatti,9.1728,77.871,Dryland,27.61,31.98,24.98,79.42,4.22,1.0,18.58,36.56
2007-09-26,Kovilpatti,9.1728,77.871,Dryland,27.69,32.73,23.84,77.73,3.48,0.08,21.4,36.51
2007-09-27,Kovilpatti,9.1728,77.871,Dryland,27.54,31.43,25.14,80.02,3.56,0.97,18.75,36.46
2007-09-28,Kovilpatti,9.1728,77.871,Dryland,26.94,30.66,24.6,81.13,3.46,0.56,15.08,36.41
2007-09-29,Kovilpatti,9.1728,77.871,Dryland,27.64,32.43,24.41,77.64,4.11,0.04,21.82,36.35
2007-09-30,Kovilpatti,9.1728,77.871,Dryland,27.86,33.1,24.13,77.44,3.87,0.13,19.67,36.3
2007-10-01,Kovilpatti,9.1728,77.871,Dryland,26.93,30.6,24.59,79.89,4.36,1.56,17.69,36.24
2007-10-02,Kovilpatti,9.1728,77.871,Dryland,27.53,32.28,24.16,77.08,4.11,2.22,21.46,36.18
2007-10-03,Kovilpatti,9.1728,77.871,Dryland,28.23,34.11,23.79,73.92,4.1,0.07,21.45,36.12
2007-10-04,Kovilpatti,9.1728,77.871,Dryland,28.07,34.04,24.33,73.22,4.58,0.01,20.23,36.06
2007-10-05,Kovilpatti,9.1728,77.871,Dryland,27.23,32.08,23.42,74.78,4.14,0.01,20.94,35.99
2007-10-06,Kovilpatti,9.1728,77.871,Dryland,27.16,32.47,23.31,74.21,4.23,0.43,21.58,35.93
2007-10-07,Kovilpatti,9.1728,77.871,Dryland,27.08,32.3,23.48,77.24,4.29,11.8,19.04,35.86
2007-10-08,Kovilpatti,9.1728,77.871,Dryland,27.54,33.54,23.32,74.44,4.2,0.22,20.74,35.8
2007-10-09,Kovilpatti,9.1728,77.871,Dryland,28.38,34.75,22.82,69.29,2.12,0.0,20.67,35.73
2007-10-10,Kovilpatti,9.1728,77.871,Dryland,28.27,33.37,24.51,73.85,2.18,7.45,19.91,35.66
2007-10-11,Kovilpatti,9.1728,77.871,Dryland,27.8,31.7,24.44,77.62,2.08,3.23,17.15,35.59
2007-10-12,Kovilpatti,9.1728,77.871,Dryland,27.42,31.02,24.82,79.43,2.11,1.2,17.61,35.52
2007-10-13,Kovilpatti,9.1728,77.871,Dryland,27.68,31.62,24.11,79.04,2.14,4.03,18.41,35.44
2007-10-14,Kovilpatti,9.1728,77.871,Dryland,27.25,30.28,24.7,80.6,1.89,1.3,17.36,35.37
2007-10-15,Kovilpatti,9.1728,77.871,Dryland,27.87,32.75,23.77,74.39,1.75,0.41,14.51,35.29
2007-10-16,Kovilpatti,9.1728,77.871,Dryland,27.92,32.36,24.82,77.13,1.37,4.31,15.82,35.22
2007-10-17,Kovilpatti,9.1728,77.871,Dryland,26.98,30.67,24.77,80.31,1.36,8.25,16.54,35.14
2007-10-18,Kovilpatti,9.1728,77.871,Dryland,26.35,29.18,23.88,81.33,1.15,11.66,12.93,35.06
2007-10-19,Kovilpatti,9.1728,77.871,Dryland,25.84,28.23,23.8,86.19,1.68,44.7,12.99,34.99
2007-10-20,Kovilpatti,9.1728,77.871,Dryland,25.66,28.73,23.67,85.05,3.37,10.64,14.8,34.9
2007-10-21,Kovilpatti,9.1728,77.871,Dryland,26.17,30.15,22.91,79.91,2.02,3.78,18.51,34.83
2007-10-22,Kovilpatti,9.1728,77.871,Dryland,26.09,29.17,23.5,84.96,1.82,7.81,15.3,34.74
2007-10-23,Kovilpatti,9.1728,77.871,Dryland,25.18,27.16,23.75,89.27,2.37,13.0,8.63,34.66
2007-10-24,Kovilpatti,9.1728,77.871,Dryland,25.9,29.21,23.55,86.34,2.27,17.28,12.49,34.58
2007-10-25,Kovilpatti,9.1728,77.871,Dryland,26.14,28.81,24.34,86.42,1.4,5.42,13.52,34.49
2007-10-26,Kovilpatti,9.1728,77.871,Dryland,26.13,28.94,24.27,85.05,1.17,6.1,15.46,34.41
2007-10-27,Kovilpatti,9.1728,77.871,Dryland,25.82,28.87,23.77,86.24,1.62,5.62,15.84,34.32
2007-10-28,Kovilpatti,9.1728,77.871,Dryland,25.98,29.68,23.49,84.44,2.36,1.81,14.66,34.24
2007-10-29,Kovilpatti,9.1728,77.871,Dryland,25.75,29.95,22.55,84.08,3.54,6.4,10.73,34.15
2007-10-30,Kovilpatti,9.1728,77.871,Dryland,26.45,30.18,23.53,86.12,2.84,5.61,17.1,34.06
2007-10-31,Kovilpatti,9.1728,77.871,Dryland,26.47,29.74,23.81,84.42,2.24,0.37,20.67,33.98
2007-11-01,Kovilpatti,9.1728,77.871,Dryland,26.75,30.55,23.63,82.49,1.97,0.22,20.86,33.89
2007-11-02,Kovilpatti,9.1728,77.871,Dryland,26.42,29.31,23.59,82.84,1.3,1.22,15.01,33.81
2007-11-03,Kovilpatti,9.1728,77.871,Dryland,26.48,29.79,23.65,82.77,1.86,2.75,13.68,33.72
2007-11-04,Kovilpatti,9.1728,77.871,Dryland,25.73,27.83,23.94,90.04,1.99,3.15,14.16,33.63
2007-11-05,Kovilpatti,9.1728,77.871,Dryland,26.04,28.12,23.98,85.39,1.31,1.44,18.31,33.55
2007-11-06,Kovilpatti,9.1728,77.871,Dryland,26.46,29.1,23.43,82.8,0.96,18.24,10.47,33.46
2007-11-07,Kovilpatti,9.1728,77.871,Dryland,26.19,28.89,24.25,85.35,1.93,4.02,18.81,33.38
2007-11-08,Kovilpatti,9.1728,77.871,Dryland,26.19,28.95,23.81,85.62,1.62,37.69,15.05,33.29
2007-11-09,Kovilpatti,9.1728,77.871,Dryland,26.04,29.27,23.01,82.31,1.43,2.61,17.85,33.21
2007-11-10,Kovilpatti,9.1728,77.871,Dryland,26.33,29.39,24.29,81.74,1.49,0.73,14.86,33.12
2007-11-11,Kovilpatti,9.1728,77.871,Dryland,25.96,30.12,22.35,82.44,2.83,1.47,17.21,33.04
2007-11-12,Kovilpatti,9.1728,77.871,Dryland,25.97,29.76,23.15,84.79,2.95,4.49,21.46,32.96
2007-11-13,Kovilpatti,9.1728,77.871,Dryland,26.12,30.35,22.25,79.38,2.43,0.5,19.93,32.88
2007-11-14,Kovilpatti,9.1728,77.871,Dryland,25.21,29.66,21.56,77.2,2.51,0.32,20.15,32.8
2007-11-15,Kovilpatti,9.1728,77.871,Dryland,24.36,29.4,20.26,71.83,2.53,0.0,22.7,32.72
2007-11-16,Kovilpatti,9.1728,77.871,Dryland,23.92,29.84,18.01,67.28,2.26,0.0,22.21,32.64
2007-11-17,Kovilpatti,9.1728,77.871,Dryland,23.72,28.94,19.3,74.64,2.74,0.0,21.67,32.57
2007-11-18,Kovilpatti,9.1728,77.871,Dryland,24.04,29.64,18.25,75.73,2.43,0.18,22.49,32.49
2007-11-19,Kovilpatti,9.1728,77.871,Dryland,25.42,29.39,21.9,86.67,2.49,1.62,16.41,32.41
2007-11-20,Kovilpatti,9.1728,77.871,Dryland,25.34,27.55,23.48,91.18,2.62,9.5,16.36,32.34
2007-11-21,Kovilpatti,9.1728,77.871,Dryland,26.07,29.01,24.19,88.56,3.35,11.51,15.3,32.27
2007-11-22,Kovilpatti,9.1728,77.871,Dryland,25.92,29.79,22.99,86.18,3.27,4.42,12.81,32.2
2007-11-23,Kovilpatti,9.1728,77.871,Dryland,25.88,29.42,23.06,81.67,3.17,0.53,17.55,32.13
2007-11-24,Kovilpatti,9.1728,77.871,Dryland,24.75,28.71,21.79,81.7,3.08,11.82,13.28,32.06
2007-11-25,Kovilpatti,9.1728,77.871,Dryland,23.34,28.39,19.11,75.03,3.21,0.23,19.18,32.0
2007-11-26,Kovilpatti,9.1728,77.871,Dryland,24.13,29.11,19.53,77.11,2.47,0.0,22.67,31.93
2007-11-27,Kovilpatti,9.1728,77.871,Dryland,25.84,30.59,21.95,81.97,2.38,0.35,20.33,31.87
2007-11-28,Kovilpatti,9.1728,77.871,Dryland,26.22,30.74,22.15,83.83,2.45,0.16,19.69,31.81
2007-11-29,Kovilpatti,9.1728,77.871,Dryland,26.32,30.06,23.96,82.52,3.64,0.77,19.05,31.75
2007-11-30,Kovilpatti,9.1728,77.871,Dryland,25.48,29.34,22.99,76.21,3.97,0.12,13.38,31.7
2007-12-01,Kovilpatti,9.1728,77.871,Dryland,25.6,30.15,21.72,78.46,3.79,0.01,18.64,31.64
2007-12-02,Kovilpatti,9.1728,77.871,Dryland,25.85,30.19,22.38,80.41,3.62,0.01,14.5,31.59
2007-12-03,Kovilpatti,9.1728,77.871,Dryland,25.34,28.83,22.93,82.72,3.78,0.01,12.89,31.54
2007-12-04,Kovilpatti,9.1728,77.871,Dryland,25.35,29.85,21.69,77.21,4.15,0.03,19.76,31.5
2007-12-05,Kovilpatti,9.1728,77.871,Dryland,25.16,29.74,21.58,78.93,4.72,0.27,16.94,31.45
2007-12-06,Kovilpatti,9.1728,77.871,Dryland,25.47,30.19,21.6,77.85,4.25,0.4,18.77,31.41
2007-12-07,Kovilpatti,9.1728,77.871,Dryland,25.84,30.48,22.39,76.87,3.84,0.14,20.04,31.37
2007-12-08,Kovilpatti,9.1728,77.871,Dryland,25.92,30.72,22.36,79.33,3.99,0.13,17.03,31.33
2007-12-09,Kovilpatti,9.1728,77.871,Dryland,26.29,31.02,22.9,77.58,3.49,0.05,14.94,31.3
2007-12-10,Kovilpatti,9.1728,77.871,Dryland,26.18,31.1,22.52,76.61,3.54,0.01,18.28,31.26
2007-12-11,Kovilpatti,9.1728,77.871,Dryland,25.83,31.64,21.34,74.97,3.62,0.33,19.33,31.24
2007-12-12,Kovilpatti,9.1728,77.871,Dryland,25.2,29.75,21.69,78.85,3.09,1.62,18.41,31.21
2007-12-13,Kovilpatti,9.1728,77.871,Dryland,23.59,26.63,22.17,86.63,4.05,9.14,10.9,31.18
2007-12-14,Kovilpatti,9.1728,77.871,Dryland,24.33,26.37,23.15,91.74,5.07,6.45,7.9,31.17
2007-12-15,Kovilpatti,9.1728,77.871,Dryland,25.28,28.35,23.29,85.77,4.36,1.62,8.11,31.15
2007-12-16,Kovilpatti,9.1728,77.871,Dryland,25.91,30.52,22.73,79.07,4.42,0.76,16.4,31.14
2007-12-17,Kovilpatti,9.1728,77.871,Dryland,25.47,30.66,21.45,81.64,4.36,5.49,15.23,31.13
2007-12-18,Kovilpatti,9.1728,77.871,Dryland,24.45,27.59,22.41,89.52,4.35,18.52,4.03,31.12
2007-12-19,Kovilpatti,9.1728,77.871,Dryland,25.19,27.02,24.13,91.52,2.64,17.7,4.33,31.11
2007-12-20,Kovilpatti,9.1728,77.871,Dryland,25.47,27.53,24.0,90.12,3.53,6.75,4.85,31.11
2007-12-21,Kovilpatti,9.1728,77.871,Dryland,24.96,27.3,23.22,91.07,3.01,1.99,11.29,31.11
2007-12-22,Kovilpatti,9.1728,77.871,Dryland,25.38,28.58,22.96,85.82,3.62,1.23,12.92,31.11
2007-12-23,Kovilpatti,9.1728,77.871,Dryland,24.88,28.26,22.19,83.79,3.54,0.41,15.82,31.12
2007-12-24,Kovilpatti,9.1728,77.871,Dryland,23.6,27.08,20.97,79.44,2.57,0.0,21.18,31.12
2007-12-25,Kovilpatti,9.1728,77.871,Dryland,22.73,28.61,18.57,72.73,1.88,0.0,21.89,31.14
2007-12-26,Kovilpatti,9.1728,77.871,Dryland,22.92,27.94,18.56,76.4,2.37,0.0,21.77,31.15
2007-12-27,Kovilpatti,9.1728,77.871,Dryland,24.04,29.67,19.09,82.31,2.3,0.0,20.54,31.17
2007-12-28,Kovilpatti,9.1728,77.871,Dryland,24.6,30.11,19.62,80.35,2.16,0.0,20.32,31.19
2007-12-29,Kovilpatti,9.1728,77.871,Dryland,24.93,30.36,20.5,79.39,1.92,0.01,19.95,31.21
2007-12-30,Kovilpatti,9.1728,77.871,Dryland,25.11,30.23,20.58,80.24,2.57,0.08,19.69,31.23
2007-12-31,Kovilpatti,9.1728,77.871,Dryland,24.86,29.88,20.38,80.12,2.89,0.02,19.83,31.26
2008-01-01,Kovilpatti,9.1728,77.871,Dryland,24.56,29.97,19.69,76.75,3.68,0.0,22.32,31.3
2008-01-02,Kovilpatti,9.1728,77.871,Dryland,23.87,29.31,19.48,76.67,3.64,0.25,22.04,31.33
2008-01-03,Kovilpatti,9.1728,77.871,Dryland,24.62,30.26,19.42,76.81,3.59,0.22,20.47,31.37
2008-01-04,Kovilpatti,9.1728,77.871,Dryland,25.79,31.03,21.28,79.68,3.4,0.35,14.53,31.41
2008-01-05,Kovilpatti,9.1728,77.871,Dryland,26.24,30.51,23.17,81.75,4.16,0.62,14.06,31.45
2008-01-06,Kovilpatti,9.1728,77.871,Dryland,25.2,30.32,21.32,75.42,4.55,0.05,20.73,31.5
2008-01-07,Kovilpatti,9.1728,77.871,Dryland,24.73,29.93,21.09,75.39,4.65,0.01,20.75,31.55
2008-01-08,Kovilpatti,9.1728,77.871,Dryland,24.92,30.34,20.66,76.62,4.43,0.0,18.87,31.6
2008-01-09,Kovilpatti,9.1728,77.871,Dryland,25.48,31.21,20.74,73.4,3.71,0.0,21.52,31.65
2008-01-10,Kovilpatti,9.1728,77.871,Dryland,25.52,30.62,21.16,75.39,3.3,0.0,21.47,31.71
2008-01-11,Kovilpatti,9.1728,77.871,Dryland,25.2,30.63,21.03,75.88,3.74,0.04,20.79,31.76
2008-01-12,Kovilpatti,9.1728,77.871,Dryland,25.3,30.84,20.89,75.27,4.07,0.01,22.21,31.82
2008-01-13,Kovilpatti,9.1728,77.871,Dryland,25.24,31.17,21.16,74.76,4.13,0.0,21.29,31.88
2008-01-14,Kovilpatti,9.1728,77.871,Dryland,25.02,31.25,20.64,74.15,3.8,0.0,22.28,31.95
2008-01-15,Kovilpatti,9.1728,77.871,Dryland,24.92,31.14,20.54,75.18,3.74,0.0,21.87,32.01
2008-01-16,Kovilpatti,9.1728,77.871,Dryland,25.39,31.12,21.59,73.22,4.05,0.0,22.04,32.08
2008-01-17,Kovilpatti,9.1728,77.871,Dryland,24.66,30.73,19.99,72.46,4.03,0.0,22.35,32.15
2008-01-18,Kovilpatti,9.1728,77.871,Dryland,23.89,30.48,18.38,70.18,3.32,0.0,22.05,32.23
2008-01-19,Kovilpatti,9.1728,77.871,Dryland,24.08,31.02,18.12,68.13,2.81,0.0,22.57,32.3
2008-01-20,Kovilpatti,9.1728,77.871,Dryland,24.66,31.82,18.45,68.67,2.76,0.0,23.33,32.37
2008-01-21,Kovilpatti,9.1728,77.871,Dryland,25.97,32.05,21.14,76.88,3.59,0.08,18.16,32.45
2008-01-22,Kovilpatti,9.1728,77.871,Dryland,26.68,32.3,22.83,73.85,3.41,0.0,18.89,32.53
2008-01-23,Kovilpatti,9.1728,77.871,Dryland,25.97,32.54,20.71,71.08,3.15,0.0,21.61,32.61
2008-01-24,Kovilpatti,9.1728,77.871,Dryland,25.83,32.76,20.44,69.62,2.55,0.0,20.61,32.7
2008-01-25,Kovilpatti,9.1728,77.871,Dryland,26.11,33.18,20.43,69.44,1.91,0.0,20.27,32.78
2008-01-26,Kovilpatti,9.1728,77.871,Dryland,26.95,33.61,21.98,67.24,1.6,0.0,17.58,32.86
2008-01-27,Kovilpatti,9.1728,77.871,Dryland,28.01,34.72,22.77,65.72,1.49,0.0,20.63,32.95
2008-01-28,Kovilpatti,9.1728,77.871,Dryland,28.19,34.57,22.51,67.42,1.97,0.0,19.38,33.04
2008-01-29,Kovilpatti,9.1728,77.871,Dryland,27.99,33.69,23.07,68.54,2.2,0.0,16.78,33.13
2008-01-30,Kovilpatti,9.1728,77.871,Dryland,28.86,34.64,24.84,64.17,1.62,0.0,20.17,33.21
2008-01-31,Kovilpatti,9.1728,77.871,Dryland,28.9,35.68,23.7,62.23,2.08,0.0,18.94,33.3
2008-02-01,Kovilpatti,9.1728,77.871,Dryland,28.66,34.85,23.73,63.84,2.04,0.0,18.37,33.4
2008-02-02,Kovilpatti,9.1728,77.871,Dryland,28.81,34.9,24.2,63.2,1.92,0.0,19.92,33.49
2008-02-03,Kovilpatti,9.1728,77.871,Dryland,28.13,33.25,23.92,65.86,2.53,0.93,15.95,33.58
2008-02-04,Kovilpatti,9.1728,77.871,Dryland,28.46,33.81,24.22,65.19,2.33,0.03,13.15,33.67
2008-02-05,Kovilpatti,9.1728,77.871,Dryland,28.53,34.38,24.02,63.21,3.01,0.0,16.6,33.76
2008-02-06,Kovilpatti,9.1728,77.871,Dryland,28.14,34.0,22.92,67.14,2.69,0.07,20.77,33.86
2008-02-07,Kovilpatti,9.1728,77.871,Dryland,27.59,32.23,24.9,74.49,2.69,0.85,12.41,33.95
2008-02-08,Kovilpatti,9.1728,77.871,Dryland,27.31,30.84,24.25,74.86,1.52,4.13,15.94,34.04
2008-02-09,Kovilpatti,9.1728,77.871,Dryland,27.43,31.56,24.76,76.78,0.75,3.32,15.91,34.13
2008-02-10,Kovilpatti,9.1728,77.871,Dryland,27.78,32.12,24.52,77.46,1.96,0.78,17.95,34.23
2008-02-11,Kovilpatti,9.1728,77.871,Dryland,27.28,30.99,24.48,78.06,1.35,1.16,16.36,34.32
2008-02-12,Kovilpatti,9.1728,77.871,Dryland,28.17,33.41,24.51,72.46,2.49,2.43,18.79,34.41
2008-02-13,Kovilpatti,9.1728,77.871,Dryland,28.34,33.7,24.46,71.73,2.92,1.25,20.15,34.51
2008-02-14,Kovilpatti,9.1728,77.871,Dryland,28.27,33.38,24.77,70.5,3.69,1.26,19.7,34.6
2008-02-15,Kovilpatti,9.1728,77.871,Dryland,28.24,34.45,23.7,66.02,3.78,0.08,22.14,34.69
2008-02-16,Kovilpatti,9.1728,77.871,Dryland,28.6,34.41,23.82,63.51,3.7,0.01,21.54,34.79
2008-02-17,Kovilpatti,9.1728,77.871,Dryland,28.72,34.53,24.6,61.2,3.81,0.01,20.96,34.88
2008-02-18,Kovilpatti,9.1728,77.871,Dryland,28.04,34.61,23.07,57.92,3.43,0.0,24.55,34.97
2008-02-19,Kovilpatti,9.1728,77.871,Dryland,26.93,34.47,20.42,59.51,2.82,0.0,25.37,35.06
2008-02-20,Kovilpatti,9.1728,77.871,Dryland,27.15,34.63,20.58,60.97,2.63,0.0,24.72,35.15
2008-02-21,Kovilpatti,9.1728,77.871,Dryland,28.41,35.27,22.25,65.59,3.15,0.03,24.26,35.24
2008-02-22,Kovilpatti,9.1728,77.871,Dryland,28.24,34.92,22.04,61.03,3.66,0.0,23.98,35.33
2008-02-23,Kovilpatti,9.1728,77.871,Dryland,28.12,34.8,22.32,58.16,3.03,0.0,23.93,35.42
2008-02-24,Kovilpatti,9.1728,77.871,Dryland,27.4,33.55,22.16,57.06,3.47,0.0,24.55,35.5
2008-02-25,Kovilpatti,9.1728,77.871,Dryland,27.18,34.67,20.9,56.92,3.07,0.0,24.35,35.59
2008-02-26,Kovilpatti,9.1728,77.871,Dryland,27.5,34.15,20.79,61.09,3.12,0.11,24.71,35.67
2008-02-27,Kovilpatti,9.1728,77.871,Dryland,28.3,34.24,23.21,57.89,4.55,0.14,22.51,35.76
2008-02-28,Kovilpatti,9.1728,77.871,Dryland,27.69,33.64,22.68,67.25,4.61,3.13,20.21,35.84
2008-02-29,Kovilpatti,9.1728,77.871,Dryland,28.2,33.75,22.88,62.42,3.69,1.24,18.78,35.92
2008-03-01,Kovilpatti,9.1728,77.871,Dryland,26.6,29.14,24.59,76.32,2.99,2.56,12.16,35.99
2008-03-02,Kovilpatti,9.1728,77.871,Dryland,27.77,31.62,24.69,72.78,2.5,1.44,16.08,36.07
2008-03-03,Kovilpatti,9.1728,77.871,Dryland,28.64,35.36,24.22,63.09,3.53,0.17,22.92,36.15
2008-03-04,Kovilpatti,9.1728,77.871,Dryland,26.87,34.52,20.01,59.16,2.53,0.03,26.12,36.22
2008-03-05,Kovilpatti,9.1728,77.871,Dryland,27.92,35.31,20.86,61.41,3.12,0.01,26.04,36.3
2008-03-06,Kovilpatti,9.1728,77.871,Dryland,27.86,34.35,22.64,67.05,3.47,1.98,23.97,36.37
2008-03-07,Kovilpatti,9.1728,77.871,Dryland,27.42,34.5,21.69,61.51,3.65,0.22,22.89,36.44
2008-03-08,Kovilpatti,9.1728,77.871,Dryland,27.71,34.5,21.43,58.47,3.56,0.0,26.13,36.5
2008-03-09,Kovilpatti,9.1728,77.871,Dryland,28.23,33.86,24.06,63.38,3.62,0.57,22.85,36.57
2008-03-10,Kovilpatti,9.1728,77.871,Dryland,27.51,31.87,24.52,71.27,2.51,4.76,18.74,36.64
2008-03-11,Kovilpatti,9.1728,77.871,Dryland,26.43,29.9,23.97,75.34,2.5,5.35,18.61,36.7
2008-03-12,Kovilpatti,9.1728,77.871,Dryland,25.6,28.5,23.26,81.8,4.77,3.42,14.75,36.76
2008-03-13,Kovilpatti,9.1728,77.871,Dryland,26.88,30.99,24.36,81.55,2.78,5.21,17.28,36.82
2008-03-14,Kovilpatti,9.1728,77.871,Dryland,26.85,30.23,24.76,82.11,1.81,4.15,16.48,36.88
2008-03-15,Kovilpatti,9.1728,77.871,Dryland,25.58,27.57,24.22,88.1,1.99,19.27,11.19,36.94
2008-03-16,Kovilpatti,9.1728,77.871,Dryland,26.21,29.85,23.52,80.61,3.01,4.3,13.08,36.99
2008-03-17,Kovilpatti,9.1728,77.871,Dryland,26.09,29.39,24.04,85.11,3.34,3.93,7.52,37.05
2008-03-18,Kovilpatti,9.1728,77.871,Dryland,26.14,28.87,24.36,86.49,3.12,8.85,10.05,37.1
2008-03-19,Kovilpatti,9.1728,77.871,Dryland,26.18,28.65,24.67,87.43,2.62,12.09,12.97,37.15
2008-03-20,Kovilpatti,9.1728,77.871,Dryland,25.37,27.01,24.0,92.19,2.47,20.93,8.65,37.2
2008-03-21,Kovilpatti,9.1728,77.871,Dryland,26.03,28.2,24.21,88.7,2.86,21.86,9.83,37.24
2008-03-22,Kovilpatti,9.1728,77.871,Dryland,26.5,28.2,25.42,90.83,2.79,37.47,9.56,37.29
2008-03-23,Kovilpatti,9.1728,77.871,Dryland,26.63,28.85,25.02,89.51,2.45,15.54,12.55,37.33
2008-03-24,Kovilpatti,9.1728,77.871,Dryland,26.5,29.82,24.09,85.48,2.07,0.75,23.09,37.37
2008-03-25,Kovilpatti,9.1728,77.871,Dryland,26.92,32.11,21.91,78.69,2.25,0.01,26.42,37.4
2008-03-26,Kovilpatti,9.1728,77.871,Dryland,26.78,30.68,22.82,76.95,1.59,0.0,25.26,37.43
2008-03-27,Kovilpatti,9.1728,77.871,Dryland,27.56,32.38,23.3,75.66,1.35,0.2,24.26,37.47
2008-03-28,Kovilpatti,9.1728,77.871,Dryland,27.59,31.64,24.44,78.41,1.17,0.25,20.66,37.5
2008-03-29,Kovilpatti,9.1728,77.871,Dryland,27.69,31.39,24.44,80.28,1.17,0.08,20.38,37.53
2008-03-30,Kovilpatti,9.1728,77.871,Dryland,27.47,30.75,24.72,84.04,1.71,6.06,18.33,37.56
2008-03-31,Kovilpatti,9.1728,77.871,Dryland,27.69,31.59,24.49,81.98,2.27,2.49,20.72,37.59
2008-04-01,Kovilpatti,9.1728,77.871,Dryland,28.21,32.59,24.19,77.33,2.18,0.16,22.74,37.62
2008-04-02,Kovilpatti,9.1728,77.871,Dryland,27.92,31.9,24.7,80.61,1.6,5.04,16.77,37.64
2008-04-03,Kovilpatti,9.1728,77.871,Dryland,27.86,32.05,24.54,80.1,1.2,2.45,24.3,37.66
2008-04-04,Kovilpatti,9.1728,77.871,Dryland,27.79,32.26,24.6,78.73,1.6,1.5,22.9,37.68
2008-04-05,Kovilpatti,9.1728,77.871,Dryland,27.81,32.29,24.33,77.52,1.71,1.5,22.6,37.69
2008-04-06,Kovilpatti,9.1728,77.871,Dryland,27.85,32.1,24.89,75.44,2.37,3.36,22.96,37.71
2008-04-07,Kovilpatti,9.1728,77.871,Dryland,27.63,31.97,23.49,78.39,2.33,6.6,22.5,37.72
2008-04-08,Kovilpatti,9.1728,77.871,Dryland,26.87,29.78,24.8,85.66,2.35,17.79,20.54,37.73
2008-04-09,Kovilpatti,9.1728,77.871,Dryland,26.7,29.17,24.53,85.08,1.87,10.01,24.04,37.74
2008-04-10,Kovilpatti,9.1728,77.871,Dryland,27.11,30.74,24.04,83.25,2.33,10.24,24.33,37.75
2008-04-11,Kovilpatti,9.1728,77.871,Dryland,26.91,29.38,24.67,81.84,1.08,1.84,23.16,37.76
2008-04-12,Kovilpatti,9.1728,77.871,Dryland,27.5,31.11,24.29,80.01,1.31,7.11,14.57,37.76
2008-04-13,Kovilpatti,9.1728,77.871,Dryland,27.23,30.14,24.94,83.35,1.78,1.54,20.26,37.77
2008-04-14,Kovilpatti,9.1728,77.871,Dryland,27.54,30.87,24.3,81.16,1.28,0.17,23.97,37.77
2008-04-15,Kovilpatti,9.1728,77.871,Dryland,28.02,32.08,24.74,78.9,1.19,0.11,22.82,37.77
2008-04-16,Kovilpatti,9.1728,77.871,Dryland,27.32,30.55,24.54,81.4,1.44,2.8,22.72,37.77
2008-04-17,Kovilpatti,9.1728,77.871,Dryland,28.32,32.78,24.5,77.6,1.19,2.66,23.64,37.77
2008-04-18,Kovilpatti,9.1728,77.871,Dryland,28.06,31.37,25.45,81.97,1.83,1.22,24.62,37.77
2008-04-19,Kovilpatti,9.1728,77.871,Dryland,28.88,33.97,25.14,77.52,2.31,0.05,22.3,37.76
2008-04-20,Kovilpatti,9.1728,77.871,Dryland,29.25,34.61,24.84,74.97,2.16,0.05,23.4,37.76
2008-04-21,Kovilpatti,9.1728,77.871,Dryland,29.07,34.22,24.79,75.01,2.19,0.02,24.62,37.75
2008-04-22,Kovilpatti,9.1728,77.871,Dryland,29.48,34.84,25.31,72.69,2.79,0.01,24.82,37.74
2008-04-23,Kovilpatti,9.1728,77.871,Dryland,29.27,34.51,25.05,73.04,2.37,0.01,23.96,37.73
2008-04-24,Kovilpatti,9.1728,77.871,Dryland,29.47,34.84,25.15,71.61,2.05,0.14,21.87,37.72
2008-04-25,Kovilpatti,9.1728,77.871,Dryland,28.68,33.02,25.04,73.82,1.8,0.9,21.67,37.71
2008-04-26,Kovilpatti,9.1728,77.871,Dryland,28.25,31.17,25.41,78.24,1.14,1.45,20.05,37.69
2008-04-27,Kovilpatti,9.1728,77.871,Dryland,28.19,31.54,25.83,80.84,2.73,0.26,20.65,37.68
2008-04-28,Kovilpatti,9.1728,77.871,Dryland,28.62,32.77,25.97,75.95,5.32,0.19,18.1,37.66
2008-04-29,Kovilpatti,9.1728,77.871,Dryland,28.74,32.74,25.78,76.11,4.73,0.26,18.98,37.64
2008-04-30,Kovilpatti,9.1728,77.871,Dryland,29.03,34.16,25.39,72.98,3.84,0.01,21.89,37.62
2008-05-01,Kovilpatti,9.1728,77.871,Dryland,29.23,33.52,26.35,77.52,4.14,0.01,22.99,37.6
2008-05-02,Kovilpatti,9.1728,77.871,Dryland,29.05,33.95,25.75,75.4,4.43,0.01,24.61,37.58
2008-05-03,Kovilpatti,9.1728,77.871,Dryland,29.28,35.34,24.88,70.28,4.46,0.09,24.64,37.56
2008-05-04,Kovilpatti,9.1728,77.871,Dryland,29.27,34.73,25.08,71.36,4.28,0.06,22.36,37.54
2008-05-05,Kovilpatti,9.1728,77.871,Dryland,28.92,33.42,25.85,74.26,5.11,0.21,23.09,37.52
2008-05-06,Kovilpatti,9.1728,77.871,Dryland,29.11,34.66,25.84,70.98,4.68,0.06,23.96,37.5
2008-05-07,Kovilpatti,9.1728,77.871,Dryland,29.04,34.92,24.9,72.81,3.74,4.46,23.32,37.48
2008-05-08,Kovilpatti,9.1728,77.871,Dryland,29.08,34.61,25.27,72.41,4.19,2.52,23.24,37.45
2008-05-09,Kovilpatti,9.1728,77.871,Dryland,28.64,33.37,25.18,72.49,3.91,0.11,22.24,37.43
2008-05-10,Kovilpatti,9.1728,77.871,Dryland,29.02,34.22,25.18,73.88,3.76,0.46,23.23,37.41
2008-05-11,Kovilpatti,9.1728,77.871,Dryland,28.9,33.29,25.42,74.22,3.71,0.13,22.67,37.38
2008-05-12,Kovilpatti,9.1728,77.871,Dryland,28.68,32.7,26.09,76.06,3.5,0.08,21.39,37.36
2008-05-13,Kovilpatti,9.1728,77.871,Dryland,28.52,32.43,25.81,75.38,4.02,0.02,23.51,37.34
2008-05-14,Kovilpatti,9.1728,77.871,Dryland,28.21,32.16,25.49,76.37,4.91,1.69,23.55,37.31
2008-05-15,Kovilpatti,9.1728,77.871,Dryland,29.14,34.64,25.18,69.93,5.06,0.13,22.31,37.29
2008-05-16,Kovilpatti,9.1728,77.871,Dryland,29.46,34.91,25.79,68.7,4.05,0.0,21.44,37.26
2008-05-17,Kovilpatti,9.1728,77.871,Dryland,29.75,35.55,25.28,69.66,4.84,0.0,23.03,37.24
2008-05-18,Kovilpatti,9.1728,77.871,Dryland,29.49,34.09,26.14,71.03,4.44,0.0,23.6,37.21
2008-05-19,Kovilpatti,9.1728,77.871,Dryland,29.46,34.04,26.05,70.33,4.19,0.07,22.17,37.19
2008-05-20,Kovilpatti,9.1728,77.871,Dryland,29.07,32.88,25.57,73.27,4.13,0.07,24.15,37.16
2008-05-21,Kovilpatti,9.1728,77.871,Dryland,29.58,33.95,26.3,70.07,4.54,0.15,23.16,37.14
2008-05-22,Kovilpatti,9.1728,77.871,Dryland,29.27,33.45,25.95,73.96,3.83,0.03,22.85,37.11
2008-05-23,Kovilpatti,9.1728,77.871,Dryland,29.12,33.08,26.3,71.17,3.69,0.37,22.88,37.09
2008-05-24,Kovilpatti,9.1728,77.871,Dryland,28.3,32.18,25.38,76.55,3.11,1.83,23.52,37.06
2008-05-25,Kovilpatti,9.1728,77.871,Dryland,29.06,34.46,25.12,70.27,3.89,1.35,20.42,37.04
2008-05-26,Kovilpatti,9.1728,77.871,Dryland,28.27,31.61,26.01,76.39,3.95,1.57,20.8,37.01
2008-05-27,Kovilpatti,9.1728,77.871,Dryland,28.88,32.96,25.74,72.78,3.47,0.14,21.74,36.98
2008-05-28,Kovilpatti,9.1728,77.871,Dryland,29.08,33.49,25.74,74.03,3.5,0.53,21.85,36.96
2008-05-29,Kovilpatti,9.1728,77.871,Dryland,28.4,31.84,26.0,77.41,4.26,9.06,22.16,36.94
2008-05-30,Kovilpatti,9.1728,77.871,Dryland,28.01,32.05,25.31,78.4,4.33,11.01,20.96,36.91
2008-05-31,Kovilpatti,9.1728,77.871,Dryland,27.78,30.96,25.29,79.1,3.28,0.4,22.01,36.89
2008-06-01,Kovilpatti,9.1728,77.871,Dryland,28.49,32.99,25.56,74.55,4.24,0.68,20.71,36.87
2008-06-02,Kovilpatti,9.1728,77.871,Dryland,28.19,32.94,24.88,75.83,4.13,2.18,20.23,36.85
2008-06-03,Kovilpatti,9.1728,77.871,Dryland,28.33,32.11,25.5,76.06,4.09,0.33,20.65,36.83
2008-06-04,Kovilpatti,9.1728,77.871,Dryland,28.48,32.67,25.8,73.42,4.79,0.51,24.01,36.81
2008-06-05,Kovilpatti,9.1728,77.871,Dryland,28.18,32.17,25.46,73.75,4.51,0.99,22.22,36.79
2008-06-06,Kovilpatti,9.1728,77.871,Dryland,28.5,33.02,25.41,74.69,4.32,1.16,19.17,36.77
2008-06-07,Kovilpatti,9.1728,77.871,Dryland,27.58,31.4,24.97,75.32,3.99,0.83,20.11,36.76
2008-06-08,Kovilpatti,9.1728,77.871,Dryland,27.7,31.7,25.18,76.81,4.44,2.04,19.59,36.74
2008-06-09,Kovilpatti,9.1728,77.871,Dryland,27.1,30.58,25.06,77.76,4.41,1.68,10.97,36.73
2008-06-10,Kovilpatti,9.1728,77.871,Dryland,28.31,34.28,23.9,70.56,4.22,0.88,15.55,36.71
2008-06-11,Kovilpatti,9.1728,77.871,Dryland,28.45,32.8,25.06,74.58,4.42,0.59,21.24,36.7
2008-06-12,Kovilpatti,9.1728,77.871,Dryland,28.34,32.22,25.21,74.81,4.18,0.01,15.91,36.69
2008-06-13,Kovilpatti,9.1728,77.871,Dryland,28.37,32.56,25.22,73.53,4.18,0.2,16.61,36.68
2008-06-14,Kovilpatti,9.1728,77.871,Dryland,28.25,32.89,24.89,75.1,4.84,0.16,18.81,36.67
2008-06-15,Kovilpatti,9.1728,77.871,Dryland,28.91,34.52,24.9,70.17,4.87,0.01,20.69,36.66
2008-06-16,Kovilpatti,9.1728,77.871,Dryland,28.7,34.39,24.48,71.9,4.38,1.72,19.0,36.65
2008-06-17,Kovilpatti,9.1728,77.871,Dryland,28.65,33.44,25.22,73.68,4.64,1.23,18.44,36.64
2008-06-18,Kovilpatti,9.1728,77.871,Dryland,28.61,33.98,25.39,73.26,4.38,0.64,19.96,36.63
2008-06-19,Kovilpatti,9.1728,77.871,Dryland,28.77,33.45,25.63,73.79,4.33,0.32,20.29,36.62
2008-06-20,Kovilpatti,9.1728,77.871,Dryland,28.88,33.34,25.49,74.35,4.07,0.12,21.96,36.62
2008-06-21,Kovilpatti,9.1728,77.871,Dryland,29.08,33.93,26.08,71.37,4.52,0.6,19.68,36.61
2008-06-22,Kovilpatti,9.1728,77.871,Dryland,29.03,34.34,25.24,69.78,4.61,0.57,17.13,36.61
2008-06-23,Kovilpatti,9.1728,77.871,Dryland,28.19,32.4,25.28,71.36,4.96,0.06,19.43,36.6
2008-06-24,Kovilpatti,9.1728,77.871,Dryland,28.95,34.07,25.18,68.72,5.36,0.11,19.41,36.6
2008-06-25,Kovilpatti,9.1728,77.871,Dryland,28.77,33.77,25.36,69.2,5.38,0.17,17.34,36.6
2008-06-26,Kovilpatti,9.1728,77.871,Dryland,29.2,34.85,25.24,67.01,4.88,0.01,20.8,36.6
2008-06-27,Kovilpatti,9.1728,77.871,Dryland,29.28,35.11,25.33,68.66,5.14,0.5,20.09,36.6
2008-06-28,Kovilpatti,9.1728,77.871,Dryland,28.43,32.88,25.24,73.02,4.81,2.67,15.76,36.6
2008-06-29,Kovilpatti,9.1728,77.871,Dryland,27.98,32.29,25.37,72.73,4.63,2.27,17.03,36.6
2008-06-30,Kovilpatti,9.1728,77.871,Dryland,28.27,33.27,24.91,72.75,4.71,3.28,17.77,36.6
2008-07-01,Kovilpatti,9.1728,77.871,Dryland,26.45,28.73,24.47,80.03,4.31,3.76,11.45,36.61
2008-07-02,Kovilpatti,9.1728,77.871,Dryland,29.21,35.99,23.46,64.57,3.51,0.0,23.22,36.61
2008-07-03,Kovilpatti,9.1728,77.871,Dryland,29.12,34.66,24.58,66.18,4.51,0.01,22.16,36.62
2008-07-04,Kovilpatti,9.1728,77.871,Dryland,28.84,33.06,25.02,70.43,3.25,0.06,20.63,36.63
2008-07-05,Kovilpatti,9.1728,77.871,Dryland,29.02,34.13,25.17,70.03,3.79,0.01,22.36,36.64
2008-07-06,Kovilpatti,9.1728,77.871,Dryland,29.63,35.51,25.24,69.21,4.73,0.04,20.94,36.64
2008-07-07,Kovilpatti,9.1728,77.871,Dryland,29.18,34.84,25.62,62.46,5.55,0.01,18.78,36.65
2008-07-08,Kovilpatti,9.1728,77.871,Dryland,28.86,34.4,25.08,63.0,4.99,0.33,18.32,36.66
2008-07-09,Kovilpatti,9.1728,77.871,Dryland,29.04,34.73,24.87,66.82,4.8,0.31,18.8,36.68
2008-07-10,Kovilpatti,9.1728,77.871,Dryland,29.0,34.75,25.08,66.07,4.99,1.06,16.72,36.69
2008-07-11,Kovilpatti,9.1728,77.871,Dryland,29.01,35.25,24.88,65.63,5.21,1.17,18.74,36.7
2008-07-12,Kovilpatti,9.1728,77.871,Dryland,29.62,36.25,24.28,64.03,4.69,0.13,21.13,36.71
2008-07-13,Kovilpatti,9.1728,77.871,Dryland,30.38,36.0,25.56,62.39,2.83,0.01,19.98,36.73
2008-07-14,Kovilpatti,9.1728,77.871,Dryland,29.91,33.83,26.5,65.13,2.32,0.15,16.96,36.74
2008-07-15,Kovilpatti,9.1728,77.871,Dryland,28.46,32.3,25.63,74.42,3.23,11.79,16.41,36.76
2008-07-16,Kovilpatti,9.1728,77.871,Dryland,28.24,33.02,25.03,72.75,4.75,1.87,19.84,36.77
2008-07-17,Kovilpatti,9.1728,77.871,Dryland,27.92,31.66,25.15,75.62,4.5,0.55,18.49,36.79
2008-07-18,Kovilpatti,9.1728,77.871,Dryland,28.06,33.04,24.96,74.63,5.05,8.53,19.48,36.8
2008-07-19,Kovilpatti,9.1728,77.871,Dryland,27.95,33.03,24.23,71.5,4.96,0.41,12.62,36.82
2008-07-20,Kovilpatti,9.1728,77.871,Dryland,27.43,31.67,24.95,76.15,3.52,15.69,17.57,36.83
2008-07-21,Kovilpatti,9.1728,77.871,Dryland,27.57,31.56,24.93,77.25,3.65,2.15,15.62,36.85
2008-07-22,Kovilpatti,9.1728,77.871,Dryland,27.07,30.23,24.45,77.84,2.72,2.33,16.91,36.87
2008-07-23,Kovilpatti,9.1728,77.871,Dryland,27.71,32.09,24.68,75.7,5.03,1.74,15.27,36.88
2008-07-24,Kovilpatti,9.1728,77.871,Dryland,26.89,30.64,24.8,77.42,5.4,1.33,16.64,36.9
2008-07-25,Kovilpatti,9.1728,77.871,Dryland,27.89,32.87,24.52,72.39,5.42,0.32,13.62,36.91
2008-07-26,Kovilpatti,9.1728,77.871,Dryland,27.6,32.07,24.49,73.31,5.74,1.61,14.89,36.93
2008-07-27,Kovilpatti,9.1728,77.871,Dryland,26.62,30.1,24.26,77.05,5.96,7.81,9.94,36.95
2008-07-28,Kovilpatti,9.1728,77.871,Dryland,26.21,29.59,24.29,80.14,5.81,8.46,11.23,36.96
2008-07-29,Kovilpatti,9.1728,77.871,Dryland,26.94,32.31,23.91,75.81,5.09,4.49,15.05,36.98
2008-07-30,Kovilpatti,9.1728,77.871,Dryland,26.9,32.03,23.89,76.98,5.07,2.17,13.66,37.0
2008-07-31,Kovilpatti,9.1728,77.871,Dryland,27.16,32.13,23.8,76.17,4.83,0.79,15.32,37.02
2008-08-01,Kovilpatti,9.1728,77.871,Dryland,27.8,33.04,24.25,74.31,4.34,0.11,18.79,37.03
2008-08-02,Kovilpatti,9.1728,77.871,Dryland,27.87,32.06,25.02,74.87,3.63,0.01,15.36,37.05
2008-08-03,Kovilpatti,9.1728,77.871,Dryland,28.4,33.32,24.72,73.15,3.2,0.0,19.0,37.07
2008-08-04,Kovilpatti,9.1728,77.871,Dryland,28.17,32.46,24.71,72.85,3.09,0.0,18.31,37.08
2008-08-05,Kovilpatti,9.1728,77.871,Dryland,27.8,32.57,24.55,74.36,4.25,0.42,23.22,37.1
2008-08-06,Kovilpatti,9.1728,77.871,Dryland,28.45,34.27,24.49,72.29,4.53,0.06,21.53,37.12
2008-08-07,Kovilpatti,9.1728,77.871,Dryland,28.01,33.68,24.7,72.6,4.96,0.53,21.06,37.13
2008-08-08,Kovilpatti,9.1728,77.871,Dryland,27.66,31.63,24.9,74.7,5.49,0.71,15.32,37.15
2008-08-09,Kovilpatti,9.1728,77.871,Dryland,27.2,31.06,24.12,74.76,5.21,0.66,13.28,37.16
2008-08-10,Kovilpatti,9.1728,77.871,Dryland,27.31,31.72,24.47,72.64,6.07,0.76,12.47,37.17
2008-08-11,Kovilpatti,9.1728,77.871,Dryland,27.31,31.24,24.42,74.61,4.79,5.97,15.25,37.19
2008-08-12,Kovilpatti,9.1728,77.871,Dryland,26.99,30.02,24.49,79.74,3.83,1.57,15.34,37.2
2008-08-13,Kovilpatti,9.1728,77.871,Dryland,28.21,33.87,24.21,70.51,4.27,0.2,17.53,37.21
2008-08-14,Kovilpatti,9.1728,77.871,Dryland,28.0,33.76,23.5,73.14,4.3,4.29,16.94,37.22
2008-08-15,Kovilpatti,9.1728,77.871,Dryland,27.05,30.61,24.37,76.18,4.33,1.95,16.23,37.23
2008-08-16,Kovilpatti,9.1728,77.871,Dryland,27.27,33.21,22.87,70.66,3.95,1.42,15.77,37.24
2008-08-17,Kovilpatti,9.1728,77.871,Dryland,28.12,32.92,23.66,72.1,2.39,2.41,19.03,37.25
2008-08-18,Kovilpatti,9.1728,77.871,Dryland,27.61,31.52,24.06,75.56,1.82,2.47,17.01,37.25
2008-08-19,Kovilpatti,9.1728,77.871,Dryland,27.9,32.42,24.45,75.63,3.1,0.54,18.71,37.26
2008-08-20,Kovilpatti,9.1728,77.871,Dryland,28.38,33.13,24.77,73.31,2.86,0.23,21.0,37.26
2008-08-21,Kovilpatti,9.1728,77.871,Dryland,28.19,33.57,24.92,71.83,4.78,0.64,21.34,37.27
2008-08-22,Kovilpatti,9.1728,77.871,Dryland,28.19,33.89,24.3,70.22,4.4,0.11,21.96,37.27
2008-08-23,Kovilpatti,9.1728,77.871,Dryland,27.85,32.48,24.63,71.45,4.07,0.24,21.47,37.27
2008-08-24,Kovilpatti,9.1728,77.871,Dryland,28.64,32.86,24.27,69.37,1.85,0.37,18.54,37.27
2008-08-25,Kovilpatti,9.1728,77.871,Dryland,28.68,33.25,25.45,71.48,1.99,2.17,19.84,37.27
2008-08-26,Kovilpatti,9.1728,77.871,Dryland,28.3,32.27,24.83,72.83,2.06,14.44,20.08,37.26
2008-08-27,Kovilpatti,9.1728,77.871,Dryland,28.2,32.45,24.03,73.43,1.69,3.71,22.27,37.26
2008-08-28,Kovilpatti,9.1728,77.871,Dryland,28.52,33.15,24.65,72.46,2.09,0.42,18.6,37.26
2008-08-29,Kovilpatti,9.1728,77.871,Dryland,28.74,33.46,24.98,72.76,2.41,2.4,18.17,37.25
2008-08-30,Kovilpatti,9.1728,77.871,Dryland,27.72,31.04,25.31,80.02,3.0,17.76,15.19,37.24
2008-08-31,Kovilpatti,9.1728,77.871,Dryland,27.1,30.91,24.91,82.27,3.96,17.87,18.69,37.23
2008-09-01,Kovilpatti,9.1728,77.871,Dryland,27.68,32.25,24.66,78.49,3.43,5.23,19.77,37.22
2008-09-02,Kovilpatti,9.1728,77.871,Dryland,28.29,33.67,24.31,74.48,3.4,0.59,22.48,37.21
2008-09-03,Kovilpatti,9.1728,77.871,Dryland,28.13,32.53,24.75,76.74,3.08,1.94,21.27,37.2
2008-09-04,Kovilpatti,9.1728,77.871,Dryland,28.1,32.03,25.04,78.38,3.13,0.81,20.64,37.19
2008-09-05,Kovilpatti,9.1728,77.871,Dryland,27.43,30.54,24.95,81.74,2.63,6.11,20.35,37.17
2008-09-06,Kovilpatti,9.1728,77.871,Dryland,27.54,31.28,24.96,82.39,3.23,8.51,18.33,37.15
2008-09-07,Kovilpatti,9.1728,77.871,Dryland,26.97,30.75,24.65,80.48,3.99,7.25,13.41,37.14
2008-09-08,Kovilpatti,9.1728,77.871,Dryland,26.82,30.69,23.83,78.43,4.06,4.78,14.93,37.12
2008-09-09,Kovilpatti,9.1728,77.871,Dryland,27.5,32.54,23.87,77.25,4.54,1.8,13.42,37.09
2008-09-10,Kovilpatti,9.1728,77.871,Dryland,27.06,30.89,24.37,80.14,4.95,7.3,15.85,37.07
2008-09-11,Kovilpatti,9.1728,77.871,Dryland,26.82,30.16,24.15,80.36,5.01,7.34,13.94,37.05
2008-09-12,Kovilpatti,9.1728,77.871,Dryland,27.33,32.76,23.62,76.85,4.56,0.94,13.59,37.02
2008-09-13,Kovilpatti,9.1728,77.871,Dryland,27.55,31.8,24.71,78.8,3.86,0.02,21.7,36.99
2008-09-14,Kovilpatti,9.1728,77.871,Dryland,28.07,33.76,23.62,75.27,3.93,0.24,23.2,36.96
2008-09-15,Kovilpatti,9.1728,77.871,Dryland,27.6,32.23,24.3,75.36,3.72,0.02,23.92,36.93
2008-09-16,Kovilpatti,9.1728,77.871,Dryland,27.22,32.55,23.68,77.04,4.04,0.0,20.2,36.89
2008-09-17,Kovilpatti,9.1728,77.871,Dryland,28.0,34.29,23.4,75.2,3.95,0.0,23.86,36.86
2008-09-18,Kovilpatti,9.1728,77.871,Dryland,28.37,35.41,22.87,70.37,3.45,0.0,24.93,36.82
2008-09-19,Kovilpatti,9.1728,77.871,Dryland,27.99,34.9,22.33,71.25,3.68,0.56,24.95,36.78
2008-09-20,Kovilpatti,9.1728,77.871,Dryland,27.94,33.14,24.28,76.59,3.94,3.16,17.54,36.74
2008-09-21,Kovilpatti,9.1728,77.871,Dryland,27.85,31.62,24.58,77.38,3.18,0.18,18.2,36.7
2008-09-22,Kovilpatti,9.1728,77.871,Dryland,28.24,33.01,24.93,75.04,3.55,0.02,22.99,36.66
2008-09-23,Kovilpatti,9.1728,77.871,Dryland,28.65,34.61,24.08,72.4,3.29,0.0,23.43,36.61
2008-09-24,Kovilpatti,9.1728,77.871,Dryland,28.56,34.36,24.33,71.85,3.89,0.0,22.5,36.56
2008-09-25,Kovilpatti,9.1728,77.871,Dryland,28.63,34.38,24.18,70.69,3.51,0.02,21.08,36.52
2008-09-26,Kovilpatti,9.1728,77.871,Dryland,28.83,34.61,24.52,70.12,3.31,0.03,23.79,36.47
2008-09-27,Kovilpatti,9.1728,77.871,Dryland,28.91,35.38,23.94,68.53,3.31,1.32,22.23,36.41
2008-09-28,Kovilpatti,9.1728,77.871,Dryland,28.41,35.06,23.31,67.28,3.15,0.05,24.22,36.36
2008-09-29,Kovilpatti,9.1728,77.871,Dryland,28.34,34.8,23.1,68.34,3.28,0.0,24.04,36.31
2008-09-30,Kovilpatti,9.1728,77.871,Dryland,28.59,35.38,22.46,66.75,2.65,0.0,23.61,36.25
2008-10-01,Kovilpatti,9.1728,77.871,Dryland,29.2,36.17,23.86,66.41,3.03,0.0,23.34,36.19
2008-10-02,Kovilpatti,9.1728,77.871,Dryland,29.08,36.41,23.09,64.43,2.83,0.0,25.75,36.13
2008-10-03,Kovilpatti,9.1728,77.871,Dryland,28.85,36.14,23.2,64.07,2.99,0.0,25.35,36.07
2008-10-04,Kovilpatti,9.1728,77.871,Dryland,29.02,36.04,23.21,63.29,2.7,0.01,21.88,36.01
2008-10-05,Kovilpatti,9.1728,77.871,Dryland,29.25,35.91,23.79,63.71,2.59,0.02,21.32,35.95
2008-10-06,Kovilpatti,9.1728,77.871,Dryland,29.51,35.97,24.16,65.61,2.39,0.27,19.7,35.88
2008-10-07,Kovilpatti,9.1728,77.871,Dryland,29.49,35.34,25.07,67.09,3.01,0.22,21.29,35.81
2008-10-08,Kovilpatti,9.1728,77.871,Dryland,29.89,35.66,24.99,64.95,2.66,0.47,20.82,35.75
2008-10-09,Kovilpatti,9.1728,77.871,Dryland,30.02,35.85,25.19,64.01,2.45,0.02,21.52,35.68
2008-10-10,Kovilpatti,9.1728,77.871,Dryland,29.31,33.38,26.13,68.08,1.68,2.07,21.28,35.61
2008-10-11,Kovilpatti,9.1728,77.871,Dryland,28.88,33.11,25.96,70.07,2.12,2.58,19.48,35.54
2008-10-12,Kovilpatti,9.1728,77.871,Dryland,28.09,32.14,25.35,73.46,3.12,4.49,11.75,35.46
2008-10-13,Kovilpatti,9.1728,77.871,Dryland,27.13,30.13,24.71,80.7,3.28,7.59,12.79,35.39
2008-10-14,Kovilpatti,9.1728,77.871,Dryland,27.36,30.37,25.47,85.03,3.17,12.44,11.91,35.32
2008-10-15,Kovilpatti,9.1728,77.871,Dryland,27.14,29.29,25.6,85.63,2.97,9.26,8.46,35.24
2008-10-16,Kovilpatti,9.1728,77.871,Dryland,26.62,28.76,25.28,86.29,2.28,4.66,15.99,35.16
2008-10-17,Kovilpatti,9.1728,77.871,Dryland,26.53,28.35,24.78,86.33,2.81,2.52,10.42,35.08
2008-10-18,Kovilpatti,9.1728,77.871,Dryland,27.53,30.99,25.13,82.0,2.29,2.56,14.39,35.0
2008-10-19,Kovilpatti,9.1728,77.871,Dryland,27.32,30.87,24.81,82.78,2.29,19.54,16.26,34.92
2008-10-20,Kovilpatti,9.1728,77.871,Dryland,27.59,31.59,24.5,80.79,1.58,15.62,17.98,34.84
2008-10-21,Kovilpatti,9.1728,77.871,Dryland,26.3,28.62,24.99,89.71,1.83,41.01,14.31,34.76
2008-10-22,Kovilpatti,9.1728,77.871,Dryland,26.7,29.64,24.71,87.39,2.89,19.79,13.44,34.68
2008-10-23,Kovilpatti,9.1728,77.871,Dryland,25.91,28.58,24.35,87.94,2.9,14.91,9.97,34.59
2008-10-24,Kovilpatti,9.1728,77.871,Dryland,26.19,28.58,24.23,90.76,3.06,15.68,12.37,34.51
2008-10-25,Kovilpatti,9.1728,77.871,Dryland,26.44,29.02,24.82,89.36,3.13,9.04,12.97,34.42
2008-10-26,Kovilpatti,9.1728,77.871,Dryland,26.61,29.82,24.52,85.34,3.58,2.77,13.57,34.34
2008-10-27,Kovilpatti,9.1728,77.871,Dryland,26.58,30.77,23.25,82.48,2.73,0.03,18.93,34.25
2008-10-28,Kovilpatti,9.1728,77.871,Dryland,26.96,31.2,23.35,79.13,2.07,0.03,19.1,34.17
2008-10-29,Kovilpatti,9.1728,77.871,Dryland,27.09,30.68,23.43,71.39,1.28,0.0,17.47,34.08
2008-10-30,Kovilpatti,9.1728,77.871,Dryland,27.35,30.69,24.04,70.43,1.29,0.0,14.74,34.0
2008-10-31,Kovilpatti,9.1728,77.871,Dryland,26.54,31.12,21.82,70.6,1.48,0.0,19.49,33.91
2008-11-01,Kovilpatti,9.1728,77.871,Dryland,26.92,31.28,22.8,70.58,0.99,0.0,20.31,33.83
2008-11-02,Kovilpatti,9.1728,77.871,Dryland,26.45,30.74,22.22,65.22,1.4,0.0,20.65,33.74
2008-11-03,Kovilpatti,9.1728,77.871,Dryland,26.57,31.19,20.99,57.84,1.11,0.0,21.44,33.65
2008-11-04,Kovilpatti,9.1728,77.871,Dryland,27.04,31.27,21.61,60.11,1.12,0.0,21.76,33.57
2008-11-05,Kovilpatti,9.1728,77.871,Dryland,26.64,31.17,21.66,67.02,1.59,0.07,20.66,33.48
2008-11-06,Kovilpatti,9.1728,77.871,Dryland,26.44,31.25,21.79,71.78,1.91,0.17,19.9,33.4
2008-11-07,Kovilpatti,9.1728,77.871,Dryland,27.16,32.2,22.63,76.44,2.43,0.27,20.64,33.31
2008-11-08,Kovilpatti,9.1728,77.871,Dryland,27.36,31.84,23.77,79.28,2.72,6.31,19.07,33.23
2008-11-09,Kovilpatti,9.1728,77.871,Dryland,27.13,31.21,23.77,81.81,2.56,22.34,17.5,33.15
2008-11-10,Kovilpatti,9.1728,77.871,Dryland,26.49,30.04,24.01,85.62,2.68,9.47,16.13,33.06
2008-11-11,Kovilpatti,9.1728,77.871,Dryland,26.55,31.25,23.06,79.28,2.88,1.18,19.56,32.98
2008-11-12,Kovilpatti,9.1728,77.871,Dryland,26.12,30.09,22.06,73.53,2.33,4.64,14.28,32.9
2008-11-13,Kovilpatti,9.1728,77.871,Dryland,25.77,29.38,22.68,76.99,1.43,0.41,16.17,32.82
2008-11-14,Kovilpatti,9.1728,77.871,Dryland,26.63,30.61,23.17,77.58,1.42,0.03,16.31,32.74
2008-11-15,Kovilpatti,9.1728,77.871,Dryland,27.0,32.11,22.71,75.39,1.77,0.01,19.77,32.66
2008-11-16,Kovilpatti,9.1728,77.871,Dryland,26.82,32.25,21.87,75.08,1.89,0.0,19.77,32.58
2008-11-17,Kovilpatti,9.1728,77.871,Dryland,26.77,30.99,22.8,80.38,1.74,14.18,18.02,32.51
2008-11-18,Kovilpatti,9.1728,77.871,Dryland,27.07,30.76,24.38,83.25,2.22,8.81,15.16,32.43
2008-11-19,Kovilpatti,9.1728,77.871,Dryland,26.24,28.97,24.22,89.28,2.46,2.75,13.82,32.36
2008-11-20,Kovilpatti,9.1728,77.871,Dryland,26.23,28.16,25.09,91.85,2.64,6.22,10.02,32.28
2008-11-21,Kovilpatti,9.1728,77.871,Dryland,26.47,29.44,24.55,86.37,2.98,3.74,18.1,32.21
2008-11-22,Kovilpatti,9.1728,77.871,Dryland,25.33,28.4,23.21,88.48,3.32,2.26,8.74,32.14
2008-11-23,Kovilpatti,9.1728,77.871,Dryland,25.11,27.14,23.6,91.09,3.9,16.07,8.86,32.07
2008-11-24,Kovilpatti,9.1728,77.871,Dryland,24.95,27.1,23.36,90.5,3.63,16.59,8.53,32.01
2008-11-25,Kovilpatti,9.1728,77.871,Dryland,25.11,28.32,23.26,87.08,4.06,20.55,7.29,31.94
2008-11-26,Kovilpatti,9.1728,77.871,Dryland,24.98,27.37,22.82,88.09,3.67,31.34,5.9,31.88
2008-11-27,Kovilpatti,9.1728,77.871,Dryland,26.15,29.32,23.8,88.56,2.8,28.92,9.93,31.82
2008-11-28,Kovilpatti,9.1728,77.871,Dryland,26.55,29.33,24.77,88.64,2.13,10.25,12.84,31.76
2008-11-29,Kovilpatti,9.1728,77.871,Dryland,26.34,28.91,24.46,87.86,1.59,0.91,11.61,31.71
2008-11-30,Kovilpatti,9.1728,77.871,Dryland,25.49,26.92,24.58,93.85,3.1,1.56,11.2,31.65
2008-12-01,Kovilpatti,9.1728,77.871,Dryland,26.22,29.67,24.1,86.3,2.27,0.81,19.37,31.6
2008-12-02,Kovilpatti,9.1728,77.871,Dryland,25.47,29.19,22.75,83.84,2.52,0.0,16.96,31.55
2008-12-03,Kovilpatti,9.1728,77.871,Dryland,24.15,28.2,20.69,82.78,2.26,0.0,19.42,31.5
2008-12-04,Kovilpatti,9.1728,77.871,Dryland,23.93,28.11,19.7,83.66,2.34,0.02,20.77,31.46
2008-12-05,Kovilpatti,9.1728,77.871,Dryland,24.08,27.38,20.6,85.05,2.99,0.04,19.53,31.42
2008-12-06,Kovilpatti,9.1728,77.871,Dryland,24.32,28.01,21.01,85.94,3.19,6.65,15.29,31.38
2008-12-07,Kovilpatti,9.1728,77.871,Dryland,24.96,28.06,21.95,86.26,3.31,6.3,9.26,31.34
2008-12-08,Kovilpatti,9.1728,77.871,Dryland,25.52,27.66,23.56,92.91,3.69,4.07,8.12,31.31
2008-12-09,Kovilpatti,9.1728,77.871,Dryland,25.81,27.65,24.56,92.93,2.74,2.48,11.77,31.28
2008-12-10,Kovilpatti,9.1728,77.871,Dryland,25.79,27.46,24.58,91.89,3.1,3.89,10.91,31.25
2008-12-11,Kovilpatti,9.1728,77.871,Dryland,25.16,28.58,22.12,84.84,3.3,0.22,15.64,31.22
2008-12-12,Kovilpatti,9.1728,77.871,Dryland,24.37,28.64,19.95,85.48,2.65,0.01,20.15,31.2
2008-12-13,Kovilpatti,9.1728,77.871,Dryland,25.28,29.08,22.06,85.72,2.93,0.19,17.02,31.17
2008-12-14,Kovilpatti,9.1728,77.871,Dryland,25.49,28.96,22.81,87.06,3.78,1.43,13.07,31.16
2008-12-15,Kovilpatti,9.1728,77.871,Dryland,25.36,28.68,22.99,88.41,3.56,3.39,13.39,31.14
2008-12-16,Kovilpatti,9.1728,77.871,Dryland,24.57,26.72,22.94,90.63,3.44,1.27,12.52,31.13
2008-12-17,Kovilpatti,9.1728,77.871,Dryland,25.14,28.79,22.5,85.89,4.29,0.02,13.59,31.12
2008-12-18,Kovilpatti,9.1728,77.871,Dryland,24.54,27.58,21.73,86.97,4.68,1.17,6.93,31.11
2008-12-19,Kovilpatti,9.1728,77.871,Dryland,24.86,28.49,22.25,86.69,4.14,0.2,8.07,31.11
2008-12-20,Kovilpatti,9.1728,77.871,Dryland,24.92,28.94,21.85,84.51,3.28,0.21,16.01,31.1
2008-12-21,Kovilpatti,9.1728,77.871,Dryland,24.83,29.18,21.26,84.64,2.88,0.32,20.9,31.11
2008-12-22,Kovilpatti,9.1728,77.871,Dryland,23.88,28.18,20.42,82.13,2.9,0.0,21.5,31.11
2008-12-23,Kovilpatti,9.1728,77.871,Dryland,23.78,28.55,19.18,83.36,3.43,0.14,20.33,31.12
2008-12-24,Kovilpatti,9.1728,77.871,Dryland,24.51,29.15,20.38,85.22,3.07,0.08,17.45,31.13
2008-12-25,Kovilpatti,9.1728,77.871,Dryland,24.85,29.08,21.56,84.13,3.58,0.1,18.63,31.14
2008-12-26,Kovilpatti,9.1728,77.871,Dryland,24.37,29.17,20.63,81.04,2.81,0.16,21.57,31.16
2008-12-27,Kovilpatti,9.1728,77.871,Dryland,23.64,28.92,19.33,76.93,2.85,0.0,19.37,31.18
2008-12-28,Kovilpatti,9.1728,77.871,Dryland,23.26,29.06,18.19,76.84,2.61,0.0,20.89,31.2
2008-12-29,Kovilpatti,9.1728,77.871,Dryland,23.28,28.91,17.89,76.11,3.11,0.0,22.32,31.23
2008-12-30,Kovilpatti,9.1728,77.871,Dryland,23.71,28.83,18.83,76.09,3.23,0.0,20.63,31.26
2008-12-31,Kovilpatti,9.1728,77.871,Dryland,23.47,28.59,18.69,73.09,3.24,0.0,21.72,31.29
2009-01-01,Kovilpatti,9.1728,77.871,Dryland,24.5,30.24,19.48,72.88,2.98,0.0,22.06,31.32
2009-01-02,Kovilpatti,9.1728,77.871,Dryland,24.72,30.09,19.78,74.93,3.08,0.0,20.5,31.36
2009-01-03,Kovilpatti,9.1728,77.871,Dryland,24.63,30.02,19.96,75.56,3.09,0.0,18.77,31.4
2009-01-04,Kovilpatti,9.1728,77.871,Dryland,24.23,30.0,18.95,73.76,3.22,0.0,22.2,31.44
2009-01-05,Kovilpatti,9.1728,77.871,Dryland,24.92,30.53,20.52,71.35,3.25,0.0,20.43,31.49
2009-01-06,Kovilpatti,9.1728,77.871,Dryland,24.5,30.89,18.83,74.47,2.71,0.0,21.36,31.53
2009-01-07,Kovilpatti,9.1728,77.871,Dryland,25.17,30.02,20.68,81.1,2.88,0.12,16.55,31.58
2009-01-08,Kovilpatti,9.1728,77.871,Dryland,26.03,31.17,22.48,76.51,3.39,0.12,18.76,31.64
2009-01-09,Kovilpatti,9.1728,77.871,Dryland,24.48,27.26,22.33,83.72,3.9,0.97,17.45,31.69
2009-01-10,Kovilpatti,9.1728,77.871,Dryland,25.75,31.04,22.01,76.47,4.21,0.2,19.75,31.75
2009-01-11,Kovilpatti,9.1728,77.871,Dryland,25.68,31.21,21.33,76.63,4.06,0.18,19.24,31.81
2009-01-12,Kovilpatti,9.1728,77.871,Dryland,25.26,30.65,20.69,75.31,4.25,0.1,22.25,31.87
2009-01-13,Kovilpatti,9.1728,77.871,Dryland,25.18,30.81,20.34,72.56,4.49,0.17,21.26,31.93
2009-01-14,Kovilpatti,9.1728,77.871,Dryland,25.28,30.29,21.2,71.88,4.44,0.04,18.69,32.0
2009-01-15,Kovilpatti,9.1728,77.871,Dryland,24.82,29.47,21.38,75.83,4.41,0.98,12.94,32.07
2009-01-16,Kovilpatti,9.1728,77.871,Dryland,25.43,31.37,20.42,70.54,4.21,0.04,21.02,32.14
2009-01-17,Kovilpatti,9.1728,77.871,Dryland,25.41,31.61,19.95,70.41,3.75,0.0,20.6,32.21
2009-01-18,Kovilpatti,9.1728,77.871,Dryland,25.48,31.54,20.21,69.2,3.72,0.0,19.43,32.28
2009-01-19,Kovilpatti,9.1728,77.871,Dryland,25.39,31.36,20.6,72.16,4.05,0.0,20.21,32.36
2009-01-20,Kovilpatti,9.1728,77.871,Dryland,25.09,31.13,19.81,67.94,4.02,0.0,23.13,32.43
2009-01-21,Kovilpatti,9.1728,77.871,Dryland,24.81,31.52,19.12,67.92,3.71,0.0,22.83,32.51
2009-01-22,Kovilpatti,9.1728,77.871,Dryland,24.63,30.09,20.69,70.48,3.24,0.0,22.3,32.59
2009-01-23,Kovilpatti,9.1728,77.871,Dryland,24.57,30.86,19.79,72.56,3.0,0.0,21.41,32.67
2009-01-24,Kovilpatti,9.1728,77.871,Dryland,25.04,31.42,18.81,69.42,3.15,0.0,22.8,32.76
2009-01-25,Kovilpatti,9.1728,77.871,Dryland,26.53,32.5,21.34,66.98,3.16,0.0,21.68,32.84
2009-01-26,Kovilpatti,9.1728,77.871,Dryland,26.53,31.5,22.02,74.69,3.25,1.82,14.55,32.93
2009-01-27,Kovilpatti,9.1728,77.871,Dryland,26.58,30.68,23.56,79.31,2.7,0.43,12.45,33.01
2009-01-28,Kovilpatti,9.1728,77.871,Dryland,27.33,33.03,23.37,77.03,2.64,0.12,16.37,33.1
2009-01-29,Kovilpatti,9.1728,77.871,Dryland,26.69,32.03,22.45,74.37,2.75,0.02,20.8,33.19
2009-01-30,Kovilpatti,9.1728,77.871,Dryland,25.72,33.51,19.47,67.3,2.69,0.0,24.22,33.28
2009-01-31,Kovilpatti,9.1728,77.871,Dryland,25.57,33.18,19.22,66.66,2.73,0.0,23.4,33.37
2009-02-01,Kovilpatti,9.1728,77.871,Dryland,25.85,33.26,19.46,65.72,2.48,0.0,23.97,33.46
2009-02-02,Kovilpatti,9.1728,77.871,Dryland,25.7,33.21,19.01,66.08,2.67,0.0,24.01,33.55
2009-02-03,Kovilpatti,9.1728,77.871,Dryland,26.05,33.33,19.78,67.55,2.76,0.0,23.22,33.65
2009-02-04,Kovilpatti,9.1728,77.871,Dryland,26.49,33.15,20.82,64.93,2.79,0.0,22.58,33.74
2009-02-05,Kovilpatti,9.1728,77.871,Dryland,26.48,33.6,20.75,59.42,3.03,0.0,23.52,33.83
2009-02-06,Kovilpatti,9.1728,77.871,Dryland,26.01,33.42,19.25,61.06,3.19,0.0,23.48,33.93
2009-02-07,Kovilpatti,9.1728,77.871,Dryland,26.16,32.7,20.69,64.55,3.44,0.0,23.78,34.02
2009-02-08,Kovilpatti,9.1728,77.871,Dryland,26.53,32.95,20.66,63.11,3.55,0.0,22.47,34.12
2009-02-09,Kovilpatti,9.1728,77.871,Dryland,26.38,33.01,20.6,60.18,3.81,0.0,23.82,34.21
2009-02-10,Kovilpatti,9.1728,77.871,Dryland,25.78,32.78,19.48,58.05,3.15,0.0,24.56,34.3
2009-02-11,Kovilpatti,9.1728,77.871,Dryland,26.47,34.34,19.85,57.39,2.56,0.0,24.2,34.4
2009-02-12,Kovilpatti,9.1728,77.871,Dryland,27.37,34.66,21.05,60.67,1.88,0.0,22.8,34.49
2009-02-13,Kovilpatti,9.1728,77.871,Dryland,27.9,35.18,22.17,61.54,2.14,0.0,22.94,34.58
2009-02-14,Kovilpatti,9.1728,77.871,Dryland,27.6,34.52,22.17,57.85,2.52,0.0,24.11,34.67
2009-02-15,Kovilpatti,9.1728,77.871,Dryland,27.13,34.72,20.76,57.73,2.65,0.0,24.31,34.77
2009-02-16,Kovilpatti,9.1728,77.871,Dryland,26.41,33.67,19.66,59.54,2.94,0.0,25.13,34.86
2009-02-17,Kovilpatti,9.1728,77.871,Dryland,26.92,33.68,20.94,64.07,3.93,0.0,24.71,34.95
2009-02-18,Kovilpatti,9.1728,77.871,Dryland,27.11,33.87,21.0,60.68,3.78,0.0,24.15,35.04
2009-02-19,Kovilpatti,9.1728,77.871,Dryland,27.06,34.47,20.5,62.64,3.95,0.0,24.5,35.13
2009-02-20,Kovilpatti,9.1728,77.871,Dryland,27.54,33.38,22.61,68.3,3.76,0.0,20.24,35.22
2009-02-21,Kovilpatti,9.1728,77.871,Dryland,28.61,35.07,23.2,67.19,3.84,0.0,20.69,35.3
2009-02-22,Kovilpatti,9.1728,77.871,Dryland,28.87,35.28,23.98,66.63,3.49,0.0,22.13,35.39
2009-02-23,Kovilpatti,9.1728,77.871,Dryland,29.15,35.47,24.51,67.19,2.93,0.0,21.45,35.48
2009-02-24,Kovilpatti,9.1728,77.871,Dryland,28.97,35.15,24.28,68.32,2.12,0.0,23.12,35.56
2009-02-25,Kovilpatti,9.1728,77.871,Dryland,30.04,37.43,24.32,63.55,2.28,0.0,24.09,35.65
2009-02-26,Kovilpatti,9.1728,77.871,Dryland,29.54,35.93,24.77,63.83,1.77,0.0,23.84,35.73
2009-02-27,Kovilpatti,9.1728,77.871,Dryland,29.18,36.47,23.34,62.99,2.03,0.0,24.71,35.81
2009-02-28,Kovilpatti,9.1728,77.871,Dryland,28.95,36.47,22.64,57.96,1.81,0.0,26.27,35.89
2009-03-01,Kovilpatti,9.1728,77.871,Dryland,29.08,37.3,22.09,55.21,1.88,0.0,25.74,35.97
2009-03-02,Kovilpatti,9.1728,77.871,Dryland,29.58,37.39,23.14,57.2,1.95,0.0,25.55,36.05
2009-03-03,Kovilpatti,9.1728,77.871,Dryland,29.43,36.39,23.45,54.2,1.89,0.0,24.81,36.13
2009-03-04,Kovilpatti,9.1728,77.871,Dryland,29.4,37.23,23.39,54.79,2.02,0.07,25.08,36.21
2009-03-05,Kovilpatti,9.1728,77.871,Dryland,29.98,38.06,23.48,56.75,2.17,0.0,24.98,36.28
2009-03-06,Kovilpatti,9.1728,77.871,Dryland,29.69,38.08,23.39,55.82,2.32,0.0,25.43,36.35
2009-03-07,Kovilpatti,9.1728,77.871,Dryland,29.14,37.19,22.24,56.72,2.2,0.0,25.56,36.42
2009-03-08,Kovilpatti,9.1728,77.871,Dryland,28.74,35.51,23.59,62.21,2.01,0.0,23.43,36.49
2009-03-09,Kovilpatti,9.1728,77.871,Dryland,28.17,33.83,23.23,65.81,3.86,5.48,16.55,36.56
2009-03-10,Kovilpatti,9.1728,77.871,Dryland,27.53,34.89,21.79,61.73,4.23,2.12,14.82,36.63
2009-03-11,Kovilpatti,9.1728,77.871,Dryland,27.03,30.19,24.65,73.86,2.61,3.24,17.56,36.69
2009-03-12,Kovilpatti,9.1728,77.871,Dryland,28.28,32.33,25.17,72.49,2.05,2.49,19.4,36.75
2009-03-13,Kovilpatti,9.1728,77.871,Dryland,27.49,30.67,24.95,76.47,1.72,9.42,19.71,36.81
2009-03-14,Kovilpatti,9.1728,77.871,Dryland,27.38,31.48,24.55,78.61,2.35,16.73,16.91,36.87
2009-03-15,Kovilpatti,9.1728,77.871,Dryland,27.78,33.03,23.85,73.39,2.04,1.35,19.85,36.93
2009-03-16,Kovilpatti,9.1728,77.871,Dryland,28.32,33.63,24.43,70.55,1.99,0.34,22.17,36.98
2009-03-17,Kovilpatti,9.1728,77.871,Dryland,28.21,34.9,23.62,64.38,1.87,0.02,23.56,37.04
2009-03-18,Kovilpatti,9.1728,77.871,Dryland,28.3,35.33,22.49,62.28,1.75,0.0,24.51,37.09
2009-03-19,Kovilpatti,9.1728,77.871,Dryland,28.91,35.64,23.81,64.13,1.66,0.0,25.1,37.14
2009-03-20,Kovilpatti,9.1728,77.871,Dryland,28.84,35.79,23.02,62.98,1.72,0.0,25.28,37.18
2009-03-21,Kovilpatti,9.1728,77.871,Dryland,29.18,36.43,23.38,64.05,2.04,0.0,24.09,37.23
2009-03-22,Kovilpatti,9.1728,77.871,Dryland,29.09,34.88,25.3,67.3,1.9,0.07,23.67,37.27
2009-03-23,Kovilpatti,9.1728,77.871,Dryland,28.98,34.83,24.68,64.64,2.08,0.32,23.43,37.31
2009-03-24,Kovilpatti,9.1728,77.871,Dryland,29.09,35.09,24.85,65.27,2.42,1.94,19.17,37.35
2009-03-25,Kovilpatti,9.1728,77.871,Dryland,29.28,35.58,24.7,63.41,2.45,0.06,23.82,37.39
2009-03-26,Kovilpatti,9.1728,77.871,Dryland,29.97,36.34,25.59,63.54,2.11,0.04,24.04,37.43
2009-03-27,Kovilpatti,9.1728,77.871,Dryland,30.53,36.98,25.3,61.6,2.02,0.12,21.58,37.46
2009-03-28,Kovilpatti,9.1728,77.871,Dryland,30.51,36.82,25.93,60.97,2.11,0.04,22.7,37.5
2009-03-29,Kovilpatti,9.1728,77.871,Dryland,30.21,36.31,26.43,60.44,1.99,0.53,24.01,37.53
2009-03-30,Kovilpatti,9.1728,77.871,Dryland,29.8,35.89,25.01,61.86,2.07,1.21,26.01,37.55
2009-03-31,Kovilpatti,9.1728,77.871,Dryland,30.03,36.32,25.5,59.91,1.87,0.02,26.13,37.58
2009-04-01,Kovilpatti,9.1728,77.871,Dryland,30.62,37.65,24.69,57.66,2.24,0.09,26.98,37.61
2009-04-02,Kovilpatti,9.1728,77.871,Dryland,30.43,37.07,25.59,59.12,2.28,0.18,25.09,37.63
2009-04-03,Kovilpatti,9.1728,77.871,Dryland,30.53,36.8,26.26,58.95,2.43,0.69,25.46,37.65
2009-04-04,Kovilpatti,9.1728,77.871,Dryland,30.43,37.17,25.01,60.74,2.38,0.82,26.09,37.67
2009-04-05,Kovilpatti,9.1728,77.871,Dryland,30.25,35.23,26.74,63.34,2.0,2.33,22.81,37.69
2009-04-06,Kovilpatti,9.1728,77.871,Dryland,30.38,36.18,26.46,63.71,2.06,0.78,25.67,37.71
2009-04-07,Kovilpatti,9.1728,77.871,Dryland,30.33,36.12,26.03,66.12,2.3,0.39,24.73,37.72
2009-04-08,Kovilpatti,9.1728,77.871,Dryland,29.48,32.91,26.76,69.36,1.82,0.29,20.16,37.73
2009-04-09,Kovilpatti,9.1728,77.871,Dryland,29.14,32.97,26.83,69.16,1.98,7.14,21.43,37.75
2009-04-10,Kovilpatti,9.1728,77.871,Dryland,28.25,32.77,25.3,73.96,2.83,7.86,10.1,37.76
2009-04-11,Kovilpatti,9.1728,77.871,Dryland,26.77,29.83,24.45,77.16,2.11,4.58,8.03,37.76
2009-04-12,Kovilpatti,9.1728,77.871,Dryland,28.52,33.27,24.25,64.65,1.31,0.78,15.96,37.77
2009-04-13,Kovilpatti,9.1728,77.871,Dryland,30.29,36.9,25.46,64.51,3.05,0.61,15.96,37.77
2009-04-14,Kovilpatti,9.1728,77.871,Dryland,31.23,38.55,26.01,58.44,3.31,0.09,22.34,37.77
2009-04-15,Kovilpatti,9.1728,77.871,Dryland,31.61,38.41,26.39,61.88,3.23,0.0,21.57,37.77
2009-04-16,Kovilpatti,9.1728,77.871,Dryland,31.8,37.57,27.7,58.92,3.2,0.01,17.27,37.77
2009-04-17,Kovilpatti,9.1728,77.871,Dryland,31.24,36.16,26.79,62.31,3.52,0.01,20.18,37.77
2009-04-18,Kovilpatti,9.1728,77.871,Dryland,31.81,38.17,26.72,59.74,3.39,0.0,22.79,37.77
2009-04-19,Kovilpatti,9.1728,77.871,Dryland,31.59,36.7,27.43,58.71,3.63,0.21,22.88,37.76
2009-04-20,Kovilpatti,9.1728,77.871,Dryland,30.92,35.07,26.9,62.53,3.22,0.29,22.2,37.75
2009-04-21,Kovilpatti,9.1728,77.871,Dryland,30.53,34.25,27.61,67.89,3.4,0.35,16.97,37.75
2009-04-22,Kovilpatti,9.1728,77.871,Dryland,30.64,35.08,27.12,66.51,3.43,0.08,22.3,37.74
2009-04-23,Kovilpatti,9.1728,77.871,Dryland,31.81,37.98,26.15,62.06,2.94,0.01,23.86,37.73
2009-04-24,Kovilpatti,9.1728,77.871,Dryland,32.0,37.13,27.59,60.46,2.69,0.0,24.29,37.72
2009-04-25,Kovilpatti,9.1728,77.871,Dryland,32.3,38.77,26.87,60.11,2.75,0.0,23.6,37.7
2009-04-26,Kovilpatti,9.1728,77.871,Dryland,31.89,38.39,27.11,59.89,2.93,0.01,23.97,37.69
2009-04-27,Kovilpatti,9.1728,77.871,Dryland,31.4,37.78,26.94,61.27,2.54,0.01,24.05,37.68
2009-04-28,Kovilpatti,9.1728,77.871,Dryland,31.66,38.46,26.65,60.83,2.77,0.19,23.65,37.66
2009-04-29,Kovilpatti,9.1728,77.871,Dryland,32.19,38.98,27.09,59.82,3.58,0.06,22.45,37.64
2009-04-30,Kovilpatti,9.1728,77.871,Dryland,32.03,38.07,27.65,59.42,4.03,0.09,20.15,37.63
2009-05-01,Kovilpatti,9.1728,77.871,Dryland,31.73,36.73,27.6,61.1,3.81,0.01,22.79,37.61
2009-05-02,Kovilpatti,9.1728,77.871,Dryland,32.63,39.25,27.39,59.58,3.65,0.01,23.61,37.59
2009-05-03,Kovilpatti,9.1728,77.871,Dryland,32.43,38.46,28.13,59.15,3.33,0.0,25.27,37.57
2009-05-04,Kovilpatti,9.1728,77.871,Dryland,32.53,39.52,26.89,57.36,3.94,0.05,23.01,37.55
2009-05-05,Kovilpatti,9.1728,77.871,Dryland,32.36,38.17,27.66,56.63,3.15,0.01,20.96,37.53
2009-05-06,Kovilpatti,9.1728,77.871,Dryland,31.71,35.66,27.98,60.07,3.04,0.01,19.78,37.51
2009-05-07,Kovilpatti,9.1728,77.871,Dryland,32.18,37.51,27.57,56.81,2.89,0.0,23.57,37.49
2009-05-08,Kovilpatti,9.1728,77.871,Dryland,31.03,34.61,27.98,65.24,3.52,0.2,23.0,37.47
2009-05-09,Kovilpatti,9.1728,77.871,Dryland,31.87,37.14,27.3,62.09,3.59,0.05,21.87,37.44
2009-05-10,Kovilpatti,9.1728,77.871,Dryland,31.99,37.51,27.5,62.36,3.65,0.02,20.09,37.42
2009-05-11,Kovilpatti,9.1728,77.871,Dryland,32.28,37.36,28.17,60.34,3.6,0.02,21.59,37.4
2009-05-12,Kovilpatti,9.1728,77.871,Dryland,32.75,39.01,27.81,58.62,3.87,0.19,22.03,37.37
2009-05-13,Kovilpatti,9.1728,77.871,Dryland,32.38,37.93,28.01,59.42,3.94,0.04,19.5,37.35
2009-05-14,Kovilpatti,9.1728,77.871,Dryland,31.0,34.75,27.92,64.37,4.2,0.01,22.36,37.32
2009-05-15,Kovilpatti,9.1728,77.871,Dryland,31.39,36.08,27.68,58.59,3.28,1.72,20.78,37.3
2009-05-16,Kovilpatti,9.1728,77.871,Dryland,30.53,34.95,27.33,56.69,3.5,0.55,19.46,37.27
2009-05-17,Kovilpatti,9.1728,77.871,Dryland,31.03,36.24,26.86,63.06,3.14,0.09,20.3,37.25
2009-05-18,Kovilpatti,9.1728,77.871,Dryland,30.91,35.49,27.05,64.21,3.77,2.18,18.93,37.22
2009-05-19,Kovilpatti,9.1728,77.871,Dryland,29.8,33.6,26.58,69.18,2.98,1.38,18.29,37.19
2009-05-20,Kovilpatti,9.1728,77.871,Dryland,28.41,32.15,25.82,69.07,4.76,2.11,17.09,37.17
2009-05-21,Kovilpatti,9.1728,77.871,Dryland,28.84,32.85,25.83,70.25,4.67,0.28,17.42,37.14
2009-05-22,Kovilpatti,9.1728,77.871,Dryland,29.1,33.78,25.94,70.93,5.39,4.3,20.22,37.11
2009-05-23,Kovilpatti,9.1728,77.871,Dryland,29.25,34.56,26.29,73.01,4.55,4.95,20.25,37.09
2009-05-24,Kovilpatti,9.1728,77.871,Dryland,28.42,33.89,24.9,74.1,4.62,9.24,17.38,37.06
2009-05-25,Kovilpatti,9.1728,77.871,Dryland,27.84,31.55,25.01,78.81,5.18,13.92,13.57,37.04
2009-05-26,Kovilpatti,9.1728,77.871,Dryland,28.13,31.5,25.81,79.2,4.66,5.45,15.22,37.01
2009-05-27,Kovilpatti,9.1728,77.871,Dryland,28.22,32.4,25.32,72.77,3.97,0.19,18.77,36.99
2009-05-28,Kovilpatti,9.1728,77.871,Dryland,29.36,34.68,25.36,72.52,3.84,0.0,23.65,36.97
2009-05-29,Kovilpatti,9.1728,77.871,Dryland,29.5,34.68,25.61,72.36,4.14,0.17,23.42,36.95
2009-05-30,Kovilpatti,9.1728,77.871,Dryland,28.92,32.74,26.59,76.36,4.05,0.74,16.79,36.92
2009-05-31,Kovilpatti,9.1728,77.871,Dryland,28.83,33.38,25.5,73.2,3.45,0.14,21.93,36.9
2009-06-01,Kovilpatti,9.1728,77.871,Dryland,29.33,35.46,24.72,71.33,4.36,0.03,24.05,36.88
2009-06-02,Kovilpatti,9.1728,77.871,Dryland,29.9,36.52,25.08,67.15,4.81,0.0,24.14,36.86
2009-06-03,Kovilpatti,9.1728,77.871,Dryland,30.0,36.16,25.1,68.74,5.33,0.13,22.8,36.84
2009-06-04,Kovilpatti,9.1728,77.871,Dryland,29.64,34.53,26.41,71.86,5.65,0.31,23.25,36.82
2009-06-05,Kovilpatti,9.1728,77.871,Dryland,29.04,33.9,25.95,72.66,5.8,4.22,22.33,36.8
2009-06-06,Kovilpatti,9.1728,77.871,Dryland,27.73,30.38,25.55,73.94,5.93,3.96,13.02,36.79
2009-06-07,Kovilpatti,9.1728,77.871,Dryland,27.46,31.29,24.99,73.51,5.04,4.45,15.51,36.77
2009-06-08,Kovilpatti,9.1728,77.871,Dryland,28.46,33.86,24.2,71.85,5.75,1.1,17.09,36.75
2009-06-09,Kovilpatti,9.1728,77.871,Dryland,29.4,35.6,25.17,70.65,4.98,1.12,21.55,36.74
2009-06-10,Kovilpatti,9.1728,77.871,Dryland,29.35,34.7,25.33,71.56,4.77,0.18,22.09,36.72
2009-06-11,Kovilpatti,9.1728,77.871,Dryland,28.96,34.05,26.13,73.41,4.21,0.88,23.19,36.71
2009-06-12,Kovilpatti,9.1728,77.871,Dryland,28.24,31.69,25.6,76.85,4.79,0.55,21.39,36.69
2009-06-13,Kovilpatti,9.1728,77.871,Dryland,28.47,33.0,25.46,73.29,4.71,0.31,19.88,36.68
2009-06-14,Kovilpatti,9.1728,77.871,Dryland,28.94,33.99,25.19,71.79,4.59,0.01,22.24,36.67
2009-06-15,Kovilpatti,9.1728,77.871,Dryland,28.62,33.14,25.76,72.9,4.58,1.24,19.57,36.66
2009-06-16,Kovilpatti,9.1728,77.871,Dryland,28.9,34.66,25.02,71.43,5.45,1.11,22.93,36.65
2009-06-17,Kovilpatti,9.1728,77.871,Dryland,28.33,32.16,25.63,74.33,5.15,1.69,19.22,36.64
2009-06-18,Kovilpatti,9.1728,77.871,Dryland,28.09,32.75,24.99,75.53,5.06,8.02,20.56,36.63
2009-06-19,Kovilpatti,9.1728,77.871,Dryland,27.66,31.28,25.14,76.71,4.52,4.13,18.05,36.62
2009-06-20,Kovilpatti,9.1728,77.871,Dryland,28.19,32.52,24.68,73.73,4.27,0.71,15.28,36.61
2009-06-21,Kovilpatti,9.1728,77.871,Dryland,27.95,32.01,25.22,76.25,4.09,1.62,19.42,36.61
2009-06-22,Kovilpatti,9.1728,77.871,Dryland,27.81,31.23,25.18,77.77,4.5,0.56,19.5,36.61
2009-06-23,Kovilpatti,9.1728,77.871,Dryland,27.9,31.91,25.21,75.02,4.89,3.22,18.31,36.6
2009-06-24,Kovilpatti,9.1728,77.871,Dryland,27.96,32.54,25.08,74.29,5.14,1.2,20.4,36.6
2009-06-25,Kovilpatti,9.1728,77.871,Dryland,27.99,33.21,24.6,70.65,5.25,0.92,18.15,36.6
2009-06-26,Kovilpatti,9.1728,77.871,Dryland,27.22,31.55,24.65,71.27,5.51,0.16,15.08,36.6
2009-06-27,Kovilpatti,9.1728,77.871,Dryland,27.46,31.9,24.21,71.57,4.79,1.23,18.58,36.6
2009-06-28,Kovilpatti,9.1728,77.871,Dryland,28.88,35.24,24.23,69.63,5.09,0.59,21.59,36.6
2009-06-29,Kovilpatti,9.1728,77.871,Dryland,28.84,34.43,24.67,69.95,5.16,0.98,19.04,36.61
2009-06-30,Kovilpatti,9.1728,77.871,Dryland,28.11,32.14,25.32,73.87,4.99,5.12,15.89,36.61
2009-07-01,Kovilpatti,9.1728,77.871,Dryland,27.48,32.09,24.73,72.65,6.12,2.36,15.72,36.62
2009-07-02,Kovilpatti,9.1728,77.871,Dryland,27.53,32.14,24.89,72.43,6.07,2.29,13.6,36.62
2009-07-03,Kovilpatti,9.1728,77.871,Dryland,27.26,31.45,24.57,75.65,4.78,1.32,15.01,36.63
2009-07-04,Kovilpatti,9.1728,77.871,Dryland,26.91,30.18,24.63,77.16,5.31,0.32,14.2,36.63
2009-07-05,Kovilpatti,9.1728,77.871,Dryland,27.51,32.19,24.44,74.33,5.2,1.56,10.79,36.64
2009-07-06,Kovilpatti,9.1728,77.871,Dryland,27.2,31.72,24.47,75.62,4.93,0.32,12.62,36.65
2009-07-07,Kovilpatti,9.1728,77.871,Dryland,27.21,31.23,24.45,73.7,4.79,0.13,12.64,36.66
2009-07-08,Kovilpatti,9.1728,77.871,Dryland,27.64,33.39,23.88,73.41,4.71,6.8,15.25,36.67
2009-07-09,Kovilpatti,9.1728,77.871,Dryland,27.23,31.75,23.77,73.8,4.81,0.8,14.52,36.68
2009-07-10,Kovilpatti,9.1728,77.871,Dryland,27.93,33.27,23.78,71.93,4.14,0.15,15.64,36.69
2009-07-11,Kovilpatti,9.1728,77.871,Dryland,28.26,33.45,24.78,74.74,4.23,0.01,21.0,36.7
2009-07-12,Kovilpatti,9.1728,77.871,Dryland,28.05,32.89,25.02,74.62,4.43,0.98,19.67,36.71
2009-07-13,Kovilpatti,9.1728,77.871,Dryland,28.6,34.46,24.61,72.75,5.44,0.44,18.62,36.73
2009-07-14,Kovilpatti,9.1728,77.871,Dryland,28.02,31.76,25.51,73.55,5.63,0.05,14.4,36.74
2009-07-15,Kovilpatti,9.1728,77.871,Dryland,27.6,32.42,24.83,70.9,5.54,2.07,13.4,36.75
2009-07-16,Kovilpatti,9.1728,77.871,Dryland,27.04,30.7,24.72,76.55,5.1,3.64,14.38,36.77
2009-07-17,Kovilpatti,9.1728,77.871,Dryland,26.49,29.04,24.75,78.9,5.67,11.86,12.2,36.78
2009-07-18,Kovilpatti,9.1728,77.871,Dryland,27.33,32.24,24.29,75.08,5.15,0.39,15.18,36.8
2009-07-19,Kovilpatti,9.1728,77.871,Dryland,27.58,33.04,23.47,72.87,4.82,0.22,15.69,36.81
2009-07-20,Kovilpatti,9.1728,77.871,Dryland,27.96,33.37,23.96,70.51,5.39,0.89,15.52,36.83
2009-07-21,Kovilpatti,9.1728,77.871,Dryland,28.29,34.11,24.28,68.23,5.8,0.33,19.67,36.84
2009-07-22,Kovilpatti,9.1728,77.871,Dryland,28.39,34.46,23.57,69.59,4.9,0.02,20.19,36.86
2009-07-23,Kovilpatti,9.1728,77.871,Dryland,28.45,34.19,24.45,69.81,4.48,0.03,19.95,36.88
2009-07-24,Kovilpatti,9.1728,77.871,Dryland,28.84,34.66,24.12,65.41,3.04,0.0,23.8,36.9
2009-07-25,Kovilpatti,9.1728,77.871,Dryland,29.56,35.35,24.74,66.37,3.42,0.0,21.99,36.91
2009-07-26,Kovilpatti,9.1728,77.871,Dryland,28.96,34.19,25.18,67.76,4.12,0.01,22.76,36.93
2009-07-27,Kovilpatti,9.1728,77.871,Dryland,28.6,33.41,25.19,71.69,4.91,0.1,19.9,36.95
2009-07-28,Kovilpatti,9.1728,77.871,Dryland,28.81,33.26,25.17,71.02,4.57,0.98,18.9,36.97
2009-07-29,Kovilpatti,9.1728,77.871,Dryland,28.88,33.43,25.28,73.02,3.92,5.13,15.89,36.99
2009-07-30,Kovilpatti,9.1728,77.871,Dryland,28.75,33.78,24.95,71.2,3.58,0.76,19.73,37.0
2009-07-31,Kovilpatti,9.1728,77.871,Dryland,28.09,31.97,25.19,75.1,4.38,1.06,14.68,37.02
2009-08-01,Kovilpatti,9.1728,77.871,Dryland,28.45,33.66,24.78,68.93,4.84,0.11,15.01,37.04
2009-08-02,Kovilpatti,9.1728,77.871,Dryland,28.72,34.42,24.58,70.59,4.9,0.01,18.52,37.06
2009-08-03,Kovilpatti,9.1728,77.871,Dryland,29.19,35.44,24.85,69.06,5.08,0.0,21.66,37.07
2009-08-04,Kovilpatti,9.1728,77.871,Dryland,29.03,34.86,25.26,69.13,5.3,1.12,21.2,37.09
2009-08-05,Kovilpatti,9.1728,77.871,Dryland,29.12,34.83,25.21,69.88,5.18,0.11,20.5,37.1
2009-08-06,Kovilpatti,9.1728,77.871,Dryland,29.32,34.75,25.21,69.74,5.12,0.01,20.42,37.12
2009-08-07,Kovilpatti,9.1728,77.871,Dryland,29.41,34.72,26.03,67.36,5.13,0.0,21.31,37.13
2009-08-08,Kovilpatti,9.1728,77.871,Dryland,29.5,34.73,25.52,67.67,4.73,0.0,22.02,37.15
2009-08-09,Kovilpatti,9.1728,77.871,Dryland,29.58,35.28,25.43,67.35,5.06,0.0,21.0,37.16
2009-08-10,Kovilpatti,9.1728,77.871,Dryland,29.58,35.95,25.58,67.31,5.32,0.07,18.38,37.17
2009-08-11,Kovilpatti,9.1728,77.871,Dryland,30.08,36.03,25.58,65.41,3.93,0.53,17.54,37.18
2009-08-12,Kovilpatti,9.1728,77.871,Dryland,30.19,35.34,26.47,63.78,4.05,0.07,20.33,37.2
2009-08-13,Kovilpatti,9.1728,77.871,Dryland,29.13,33.55,26.42,68.63,3.99,4.03,19.58,37.21
2009-08-14,Kovilpatti,9.1728,77.871,Dryland,29.28,34.23,25.57,69.95,2.95,0.86,16.88,37.22
2009-08-15,Kovilpatti,9.1728,77.871,Dryland,28.28,31.39,25.51,68.97,2.44,0.27,14.14,37.23
2009-08-16,Kovilpatti,9.1728,77.871,Dryland,28.79,34.37,24.91,67.89,2.94,6.7,13.5,37.23
2009-08-17,Kovilpatti,9.1728,77.871,Dryland,27.18,30.3,24.25,73.15,2.38,4.47,13.54,37.24
2009-08-18,Kovilpatti,9.1728,77.871,Dryland,28.66,34.19,24.13,68.44,2.02,1.62,18.33,37.25
2009-08-19,Kovilpatti,9.1728,77.871,Dryland,28.85,34.43,24.36,69.3,2.19,0.96,22.3,37.25
2009-08-20,Kovilpatti,9.1728,77.871,Dryland,27.71,30.68,25.48,76.47,1.3,8.05,16.5,37.26
2009-08-21,Kovilpatti,9.1728,77.871,Dryland,27.31,30.68,24.45,78.94,3.28,3.43,17.73,37.26
2009-08-22,Kovilpatti,9.1728,77.871,Dryland,27.22,30.68,24.35,76.68,3.5,1.37,20.77,37.27
2009-08-23,Kovilpatti,9.1728,77.871,Dryland,28.27,33.37,23.97,72.63,4.32,2.31,18.81,37.27
2009-08-24,Kovilpatti,9.1728,77.871,Dryland,28.17,33.32,24.88,72.72,4.92,0.32,19.39,37.27
2009-08-25,Kovilpatti,9.1728,77.871,Dryland,28.53,34.08,24.66,70.47,4.8,0.13,16.41,37.27
2009-08-26,Kovilpatti,9.1728,77.871,Dryland,27.99,32.66,25.05,73.49,4.68,2.46,15.72,37.27
2009-08-27,Kovilpatti,9.1728,77.871,Dryland,28.09,33.46,24.79,73.0,5.19,1.51,17.96,37.27
2009-08-28,Kovilpatti,9.1728,77.871,Dryland,28.23,32.96,24.63,73.55,4.93,0.32,20.8,37.26
2009-08-29,Kovilpatti,9.1728,77.871,Dryland,28.81,34.12,24.7,70.85,4.53,1.06,23.54,37.26
2009-08-30,Kovilpatti,9.1728,77.871,Dryland,28.62,34.43,24.63,70.94,4.56,0.07,17.49,37.25
2009-08-31,Kovilpatti,9.1728,77.871,Dryland,28.04,32.21,25.4,74.61,3.89,2.83,15.95,37.24
2009-09-01,Kovilpatti,9.1728,77.871,Dryland,27.41,31.56,24.85,77.14,4.47,7.7,12.07,37.23
2009-09-02,Kovilpatti,9.1728,77.871,Dryland,27.08,31.41,24.73,76.29,5.09,3.24,12.47,37.22
2009-09-03,Kovilpatti,9.1728,77.871,Dryland,27.55,31.57,24.57,74.86,5.08,0.57,15.05,37.21
2009-09-04,Kovilpatti,9.1728,77.871,Dryland,27.89,32.53,24.82,71.71,5.99,0.31,15.09,37.2
2009-09-05,Kovilpatti,9.1728,77.871,Dryland,28.19,33.52,24.53,69.85,6.45,1.13,13.75,37.18
2009-09-06,Kovilpatti,9.1728,77.871,Dryland,27.25,30.22,25.3,75.93,6.18,0.2,13.53,37.16
2009-09-07,Kovilpatti,9.1728,77.871,Dryland,28.24,33.58,24.91,73.68,5.8,0.06,18.05,37.14
2009-09-08,Kovilpatti,9.1728,77.871,Dryland,28.85,34.59,25.31,71.22,5.07,0.05,16.75,37.12
2009-09-09,Kovilpatti,9.1728,77.871,Dryland,29.05,35.21,24.34,70.32,4.47,0.01,23.06,37.1
2009-09-10,Kovilpatti,9.1728,77.871,Dryland,29.71,36.77,24.17,66.33,3.46,0.0,24.22,37.08
2009-09-11,Kovilpatti,9.1728,77.871,Dryland,30.25,37.41,24.2,62.54,3.25,0.0,24.18,37.05
2009-09-12,Kovilpatti,9.1728,77.871,Dryland,30.49,37.17,25.64,63.63,2.72,3.55,21.8,37.02
2009-09-13,Kovilpatti,9.1728,77.871,Dryland,30.46,36.15,25.62,64.76,2.74,0.44,17.36,36.99
2009-09-14,Kovilpatti,9.1728,77.871,Dryland,30.19,36.09,25.71,64.43,4.55,0.01,19.66,36.97
2009-09-15,Kovilpatti,9.1728,77.871,Dryland,30.31,36.83,25.53,63.55,3.81,0.11,21.02,36.93
2009-09-16,Kovilpatti,9.1728,77.871,Dryland,29.91,35.53,25.79,66.56,3.66,3.85,19.35,36.9
2009-09-17,Kovilpatti,9.1728,77.871,Dryland,28.21,31.5,25.87,75.79,3.1,3.72,15.48,36.87
2009-09-18,Kovilpatti,9.1728,77.871,Dryland,28.15,33.31,25.08,75.86,3.22,6.15,17.38,36.83
2009-09-19,Kovilpatti,9.1728,77.871,Dryland,28.39,33.46,24.98,70.19,4.42,0.16,18.98,36.79
2009-09-20,Kovilpatti,9.1728,77.871,Dryland,28.78,34.92,24.18,69.35,3.76,0.81,17.63,36.75
2009-09-21,Kovilpatti,9.1728,77.871,Dryland,29.0,33.72,25.24,71.35,3.08,0.57,17.48,36.71
2009-09-22,Kovilpatti,9.1728,77.871,Dryland,28.57,33.58,25.01,72.05,3.74,1.37,17.38,36.67
2009-09-23,Kovilpatti,9.1728,77.871,Dryland,28.79,33.9,25.04,72.18,3.73,1.31,18.98,36.62
2009-09-24,Kovilpatti,9.1728,77.871,Dryland,28.89,34.22,24.93,70.88,3.48,0.12,20.89,36.58
2009-09-25,Kovilpatti,9.1728,77.871,Dryland,28.9,34.63,25.56,70.43,4.5,3.32,21.77,36.53
2009-09-26,Kovilpatti,9.1728,77.871,Dryland,28.89,35.21,24.0,69.35,4.21,1.01,18.37,36.48
2009-09-27,Kovilpatti,9.1728,77.871,Dryland,28.44,33.0,25.14,72.63,4.42,0.2,16.9,36.43
2009-09-28,Kovilpatti,9.1728,77.871,Dryland,29.04,33.93,25.79,72.09,4.91,0.1,18.22,36.38
2009-09-29,Kovilpatti,9.1728,77.871,Dryland,28.62,33.85,25.84,70.58,5.22,0.1,18.98,36.33
2009-09-30,Kovilpatti,9.1728,77.871,Dryland,28.82,34.06,25.42,71.9,5.3,0.11,17.99,36.27
2009-10-01,Kovilpatti,9.1728,77.871,Dryland,28.01,32.47,25.38,71.86,6.06,2.84,15.43,36.21
2009-10-02,Kovilpatti,9.1728,77.871,Dryland,27.15,29.63,25.3,77.24,6.46,0.7,11.34,36.15
2009-10-03,Kovilpatti,9.1728,77.871,Dryland,28.65,33.72,25.27,69.68,6.02,0.02,18.09,36.09
2009-10-04,Kovilpatti,9.1728,77.871,Dryland,28.71,34.64,24.68,69.15,5.17,0.0,21.36,36.03
2009-10-05,Kovilpatti,9.1728,77.871,Dryland,28.81,35.85,23.92,67.05,4.91,0.0,22.75,35.96
2009-10-06,Kovilpatti,9.1728,77.871,Dryland,29.23,36.17,23.91,65.22,4.14,0.0,22.1,35.9
2009-10-07,Kovilpatti,9.1728,77.871,Dryland,29.8,36.84,25.05,64.28,4.29,0.0,22.29,35.83
2009-10-08,Kovilpatti,9.1728,77.871,Dryland,29.5,35.4,25.2,65.08,3.49,3.07,23.65,35.76
2009-10-09,Kovilpatti,9.1728,77.871,Dryland,30.29,36.83,24.8,62.56,2.96,0.15,22.83,35.69
2009-10-10,Kovilpatti,9.1728,77.871,Dryland,30.39,36.57,25.23,61.0,2.66,0.0,21.99,35.62
2009-10-11,Kovilpatti,9.1728,77.871,Dryland,30.42,36.29,25.62,61.28,2.83,0.01,21.1,35.55
2009-10-12,Kovilpatti,9.1728,77.871,Dryland,29.62,35.05,25.37,64.33,2.4,3.42,17.86,35.48
2009-10-13,Kovilpatti,9.1728,77.871,Dryland,28.93,33.83,25.1,68.35,2.04,1.14,19.65,35.4
2009-10-14,Kovilpatti,9.1728,77.871,Dryland,29.29,34.67,25.09,66.49,1.98,0.12,20.82,35.33
2009-10-15,Kovilpatti,9.1728,77.871,Dryland,29.7,34.82,25.47,62.27,1.48,0.01,18.38,35.25
2009-10-16,Kovilpatti,9.1728,77.871,Dryland,29.87,35.43,26.29,61.4,1.62,0.01,21.17,35.18
2009-10-17,Kovilpatti,9.1728,77.871,Dryland,30.34,37.04,24.37,60.52,2.04,0.0,20.55,35.1
2009-10-18,Kovilpatti,9.1728,77.871,Dryland,30.74,36.6,26.38,59.59,1.75,0.01,20.1,35.02
2009-10-19,Kovilpatti,9.1728,77.871,Dryland,29.93,35.22,26.33,63.69,1.88,3.4,18.93,34.94
2009-10-20,Kovilpatti,9.1728,77.871,Dryland,29.88,36.16,25.64,63.69,2.05,0.29,21.9,34.86
2009-10-21,Kovilpatti,9.1728,77.871,Dryland,29.91,35.73,25.47,60.71,1.93,0.0,21.27,34.78
2009-10-22,Kovilpatti,9.1728,77.871,Dryland,30.58,36.49,25.59,53.21,2.78,0.0,21.72,34.7
2009-10-23,Kovilpatti,9.1728,77.871,Dryland,29.99,35.35,25.46,52.52,2.33,0.0,21.69,34.61
2009-10-24,Kovilpatti,9.1728,77.871,Dryland,29.84,35.15,26.69,52.71,1.71,0.01,18.68,34.53
2009-10-25,Kovilpatti,9.1728,77.871,Dryland,29.8,34.96,25.23,56.57,1.65,0.19,16.71,34.45
2009-10-26,Kovilpatti,9.1728,77.871,Dryland,30.41,35.75,26.54,57.49,2.49,0.15,17.48,34.36
2009-10-27,Kovilpatti,9.1728,77.871,Dryland,29.96,35.99,25.82,58.97,2.38,0.8,19.26,34.27
2009-10-28,Kovilpatti,9.1728,77.871,Dryland,28.59,32.5,26.24,71.31,2.83,10.38,15.76,34.19
2009-10-29,Kovilpatti,9.1728,77.871,Dryland,27.09,30.17,25.22,84.48,3.23,23.02,12.98,34.11
2009-10-30,Kovilpatti,9.1728,77.871,Dryland,27.26,31.06,24.38,79.25,3.74,8.41,16.5,34.02
2009-10-31,Kovilpatti,9.1728,77.871,Dryland,27.5,31.62,24.63,79.99,3.42,9.83,16.01,33.93
2009-11-01,Kovilpatti,9.1728,77.871,Dryland,27.24,30.74,24.25,78.86,3.15,3.31,15.76,33.85
2009-11-02,Kovilpatti,9.1728,77.871,Dryland,28.07,32.66,24.6,74.42,4.52,0.73,19.09,33.76
2009-11-03,Kovilpatti,9.1728,77.871,Dryland,27.8,31.96,24.27,78.03,3.56,4.62,17.09,33.68
2009-11-04,Kovilpatti,9.1728,77.871,Dryland,26.56,28.75,25.2,89.44,3.19,45.94,12.29,33.59
2009-11-05,Kovilpatti,9.1728,77.871,Dryland,26.42,29.25,24.6,87.3,3.57,45.59,12.68,33.5
2009-11-06,Kovilpatti,9.1728,77.871,Dryland,25.99,28.53,24.46,89.5,2.78,23.93,7.47,33.42
2009-11-07,Kovilpatti,9.1728,77.871,Dryland,26.07,28.59,23.69,90.21,4.04,21.62,8.91,33.33
2009-11-08,Kovilpatti,9.1728,77.871,Dryland,26.17,27.29,24.97,93.41,2.69,32.3,8.58,33.25
2009-11-09,Kovilpatti,9.1728,77.871,Dryland,26.09,27.95,24.92,90.83,2.91,30.53,9.21,33.16
2009-11-10,Kovilpatti,9.1728,77.871,Dryland,26.1,29.35,24.18,83.91,2.43,7.35,14.08,33.08
2009-11-11,Kovilpatti,9.1728,77.871,Dryland,26.32,29.46,23.03,84.9,1.52,2.66,16.4,33.0
2009-11-12,Kovilpatti,9.1728,77.871,Dryland,27.13,30.45,24.2,84.55,1.31,3.86,18.67,32.92
2009-11-13,Kovilpatti,9.1728,77.871,Dryland,26.31,28.65,24.71,88.23,1.86,5.6,11.45,32.83
2009-11-14,Kovilpatti,9.1728,77.871,Dryland,25.31,27.46,24.09,91.22,2.82,36.1,8.96,32.76
2009-11-15,Kovilpatti,9.1728,77.871,Dryland,24.83,26.8,23.45,90.56,2.28,22.12,13.68,32.68
2009-11-16,Kovilpatti,9.1728,77.871,Dryland,25.98,29.12,23.4,87.75,2.25,4.74,13.47,32.6
2009-11-17,Kovilpatti,9.1728,77.871,Dryland,26.75,29.81,24.26,86.09,1.76,1.06,20.47,32.52
2009-11-18,Kovilpatti,9.1728,77.871,Dryland,24.66,25.46,23.97,89.42,2.04,4.42,11.8,32.45
2009-11-19,Kovilpatti,9.1728,77.871,Dryland,26.46,30.14,23.11,85.15,1.4,6.04,18.35,32.37
2009-11-20,Kovilpatti,9.1728,77.871,Dryland,26.16,28.71,24.46,87.39,1.77,2.92,16.8,32.3
2009-11-21,Kovilpatti,9.1728,77.871,Dryland,25.43,26.91,23.65,87.72,1.0,6.84,14.51,32.23
2009-11-22,Kovilpatti,9.1728,77.871,Dryland,25.55,27.63,23.87,91.55,2.2,9.09,12.38,32.16
2009-11-23,Kovilpatti,9.1728,77.871,Dryland,26.26,29.43,24.11,86.96,2.54,2.47,17.82,32.1
2009-11-24,Kovilpatti,9.1728,77.871,Dryland,26.4,29.67,24.07,84.73,1.67,0.49,20.68,32.03
2009-11-25,Kovilpatti,9.1728,77.871,Dryland,26.35,29.78,23.27,84.67,2.06,0.82,18.63,31.96
2009-11-26,Kovilpatti,9.1728,77.871,Dryland,25.63,28.84,22.77,84.63,2.54,0.12,19.1,31.9
2009-11-27,Kovilpatti,9.1728,77.871,Dryland,24.45,28.75,20.32,79.9,2.58,0.0,18.55,31.84
2009-11-28,Kovilpatti,9.1728,77.871,Dryland,24.71,28.94,20.81,83.9,3.04,0.02,21.12,31.78
2009-11-29,Kovilpatti,9.1728,77.871,Dryland,25.36,29.33,21.9,86.98,3.05,0.28,19.37,31.72
2009-11-30,Kovilpatti,9.1728,77.871,Dryland,25.29,28.29,22.69,88.27,3.22,0.64,15.14,31.67
2009-12-01,Kovilpatti,9.1728,77.871,Dryland,25.11,27.4,23.39,90.34,3.06,7.36,14.04,31.61
2009-12-02,Kovilpatti,9.1728,77.871,Dryland,25.56,28.61,22.98,89.99,2.93,10.66,11.95,31.56
2009-12-03,Kovilpatti,9.1728,77.871,Dryland,26.2,29.34,24.2,87.81,2.3,1.84,15.34,31.52
2009-12-04,Kovilpatti,9.1728,77.871,Dryland,26.27,29.67,23.72,86.34,2.27,0.29,18.66,31.47
2009-12-05,Kovilpatti,9.1728,77.871,Dryland,25.78,29.08,23.21,86.0,3.04,0.16,15.98,31.43
2009-12-06,Kovilpatti,9.1728,77.871,Dryland,24.09,28.05,20.8,80.65,2.94,0.0,18.8,31.39
2009-12-07,Kovilpatti,9.1728,77.871,Dryland,24.01,28.54,20.4,81.47,2.96,0.0,18.39,31.35
2009-12-08,Kovilpatti,9.1728,77.871,Dryland,24.78,29.77,19.94,84.79,2.91,0.0,19.46,31.31
2009-12-09,Kovilpatti,9.1728,77.871,Dryland,25.43,29.51,22.04,85.37,3.72,0.08,21.08,31.28
2009-12-10,Kovilpatti,9.1728,77.871,Dryland,24.08,28.0,21.09,82.2,4.09,0.1,21.43,31.25
2009-12-11,Kovilpatti,9.1728,77.871,Dryland,24.6,29.36,20.36,82.65,3.72,0.0,20.94,31.22
2009-12-12,Kovilpatti,9.1728,77.871,Dryland,25.29,28.69,21.42,85.89,3.13,1.61,13.31,31.2
2009-12-13,Kovilpatti,9.1728,77.871,Dryland,26.28,29.79,23.67,88.1,2.84,2.89,13.75,31.18
2009-12-14,Kovilpatti,9.1728,77.871,Dryland,26.1,29.52,23.81,88.76,3.98,4.43,13.63,31.16
2009-12-15,Kovilpatti,9.1728,77.871,Dryland,25.9,28.77,23.93,88.73,3.35,4.59,11.15,31.14
2009-12-16,Kovilpatti,9.1728,77.871,Dryland,25.93,29.07,23.68,84.91,1.99,2.52,13.0,31.12
2009-12-17,Kovilpatti,9.1728,77.871,Dryland,25.35,27.43,23.92,89.92,2.0,1.38,15.09,31.11
2009-12-18,Kovilpatti,9.1728,77.871,Dryland,25.26,28.71,22.34,87.86,3.23,0.42,14.54,31.11
2009-12-19,Kovilpatti,9.1728,77.871,Dryland,26.02,29.5,23.21,85.13,3.33,0.62,15.39,31.11
2009-12-20,Kovilpatti,9.1728,77.871,Dryland,26.17,29.94,22.85,86.43,3.51,1.16,17.45,31.11
2009-12-21,Kovilpatti,9.1728,77.871,Dryland,26.14,29.33,24.13,88.31,4.39,8.32,15.63,31.11
2009-12-22,Kovilpatti,9.1728,77.871,Dryland,25.37,27.69,23.74,89.39,3.51,4.86,7.81,31.11
2009-12-23,Kovilpatti,9.1728,77.871,Dryland,25.14,28.08,23.04,88.3,4.02,3.65,10.62,31.12
2009-12-24,Kovilpatti,9.1728,77.871,Dryland,25.18,28.64,22.63,87.94,3.96,2.47,16.99,31.13
2009-12-25,Kovilpatti,9.1728,77.871,Dryland,24.98,28.46,22.0,84.54,3.44,0.4,11.81,31.14
2009-12-26,Kovilpatti,9.1728,77.871,Dryland,25.11,29.23,21.68,84.81,3.13,0.04,16.15,31.16
2009-12-27,Kovilpatti,9.1728,77.871,Dryland,24.52,27.66,22.13,85.66,2.92,1.3,11.88,31.17
2009-12-28,Kovilpatti,9.1728,77.871,Dryland,25.42,29.4,22.25,83.93,2.46,0.0,11.99,31.2
2009-12-29,Kovilpatti,9.1728,77.871,Dryland,25.02,28.54,22.54,82.24,2.89,0.0,11.25,31.22
2009-12-30,Kovilpatti,9.1728,77.871,Dryland,25.01,29.33,21.92,82.1,2.79,0.0,15.26,31.25
2009-12-31,Kovilpatti,9.1728,77.871,Dryland,25.03,29.85,21.05,81.66,2.23,0.0,18.75,31.28
2010-01-01,Kovilpatti,9.1728,77.871,Dryland,25.17,29.79,21.28,82.62,3.19,0.0,19.29,31.31
2010-01-02,Kovilpatti,9.1728,77.871,Dryland,25.12,29.65,21.6,83.67,3.65,0.01,19.89,31.35
2010-01-03,Kovilpatti,9.1728,77.871,Dryland,24.9,29.38,21.24,81.34,3.57,0.07,18.57,31.39
2010-01-04,Kovilpatti,9.1728,77.871,Dryland,24.59,29.67,20.66,78.24,2.74,0.0,18.19,31.43
2010-01-05,Kovilpatti,9.1728,77.871,Dryland,23.92,30.05,18.52,77.01,2.39,0.0,20.09,31.47
2010-01-06,Kovilpatti,9.1728,77.871,Dryland,24.27,29.64,19.02,79.92,3.18,0.0,19.43,31.52
2010-01-07,Kovilpatti,9.1728,77.871,Dryland,25.06,30.36,20.53,79.57,3.38,0.03,18.3,31.57
2010-01-08,Kovilpatti,9.1728,77.871,Dryland,24.78,28.78,21.15,83.4,3.08,0.43,16.27,31.62
2010-01-09,Kovilpatti,9.1728,77.871,Dryland,25.02,27.61,23.1,89.96,3.23,10.67,13.54,31.68
2010-01-10,Kovilpatti,9.1728,77.871,Dryland,25.27,27.37,23.37,85.49,1.73,8.7,13.13,31.73
2010-01-11,Kovilpatti,9.1728,77.871,Dryland,25.66,30.2,22.35,84.47,1.98,3.8,17.48,31.79
2010-01-12,Kovilpatti,9.1728,77.871,Dryland,26.28,30.68,22.94,82.09,1.78,0.09,18.38,31.85
2010-01-13,Kovilpatti,9.1728,77.871,Dryland,26.47,30.59,23.55,83.42,1.97,2.45,14.82,31.91
2010-01-14,Kovilpatti,9.1728,77.871,Dryland,26.46,30.91,23.54,81.44,3.01,0.7,19.38,31.98
2010-01-15,Kovilpatti,9.1728,77.871,Dryland,25.94,30.91,22.44,76.65,3.77,0.0,19.17,32.05
2010-01-16,Kovilpatti,9.1728,77.871,Dryland,25.91,31.01,21.85,78.82,3.97,0.01,20.52,32.12
2010-01-17,Kovilpatti,9.1728,77.871,Dryland,25.96,30.86,22.25,76.81,4.04,0.0,21.84,32.19
2010-01-18,Kovilpatti,9.1728,77.871,Dryland,26.04,31.44,21.8,75.38,3.26,0.0,21.36,32.27
2010-01-19,Kovilpatti,9.1728,77.871,Dryland,26.2,31.71,22.1,76.55,3.4,0.0,19.78,32.34
2010-01-20,Kovilpatti,9.1728,77.871,Dryland,25.84,31.46,21.54,75.96,3.53,0.0,19.86,32.41
2010-01-21,Kovilpatti,9.1728,77.871,Dryland,25.38,31.26,21.34,70.59,3.81,0.0,18.8,32.49
2010-01-22,Kovilpatti,9.1728,77.871,Dryland,24.74,31.24,19.42,67.36,3.83,0.0,21.44,32.57
2010-01-23,Kovilpatti,9.1728,77.871,Dryland,24.56,31.0,18.97,69.32,3.83,0.0,21.88,32.65
2010-01-24,Kovilpatti,9.1728,77.871,Dryland,25.11,30.97,19.82,72.05,3.33,0.06,21.16,32.74
2010-01-25,Kovilpatti,9.1728,77.871,Dryland,25.71,31.64,20.15,72.18,2.78,0.06,21.38,32.82
2010-01-26,Kovilpatti,9.1728,77.871,Dryland,26.64,32.09,22.73,71.6,3.56,0.0,20.8,32.91
2010-01-27,Kovilpatti,9.1728,77.871,Dryland,26.56,32.77,21.35,74.55,3.66,0.0,21.56,33.0
2010-01-28,Kovilpatti,9.1728,77.871,Dryland,26.64,32.42,22.59,74.33,3.98,0.0,19.2,33.08
2010-01-29,Kovilpatti,9.1728,77.871,Dryland,25.97,31.6,21.18,72.41,3.93,0.0,21.15,33.17
2010-01-30,Kovilpatti,9.1728,77.871,Dryland,26.21,32.81,20.77,69.13,3.85,0.0,20.98,33.26
2010-01-31,Kovilpatti,9.1728,77.871,Dryland,26.69,32.85,21.88,69.81,3.53,0.0,19.57,33.35
2010-02-01,Kovilpatti,9.1728,77.871,Dryland,26.5,32.13,22.25,68.42,3.41,0.0,17.0,33.44
2010-02-02,Kovilpatti,9.1728,77.871,Dryland,26.18,32.74,20.97,67.24,3.82,0.0,20.17,33.53
2010-02-03,Kovilpatti,9.1728,77.871,Dryland,25.91,32.94,20.38,66.23,3.93,0.0,22.97,33.63
2010-02-04,Kovilpatti,9.1728,77.871,Dryland,25.79,32.39,20.95,66.46,3.5,0.0,23.48,33.72
2010-02-05,Kovilpatti,9.1728,77.871,Dryland,24.63,28.9,21.12,71.92,3.72,0.0,23.32,33.81
2010-02-06,Kovilpatti,9.1728,77.871,Dryland,25.54,32.53,19.72,68.49,4.11,0.0,23.57,33.91
2010-02-07,Kovilpatti,9.1728,77.871,Dryland,26.28,32.82,21.34,65.8,4.25,0.0,21.46,34.0
2010-02-08,Kovilpatti,9.1728,77.871,Dryland,26.52,33.63,20.93,63.26,3.6,0.0,22.94,34.09
2010-02-09,Kovilpatti,9.1728,77.871,Dryland,26.34,33.52,20.84,62.38,3.27,0.0,23.03,34.19
2010-02-10,Kovilpatti,9.1728,77.871,Dryland,26.86,33.6,21.71,66.37,2.54,0.0,19.33,34.28
2010-02-11,Kovilpatti,9.1728,77.871,Dryland,27.09,33.17,22.19,68.25,2.89,0.01,12.7,34.38
2010-02-12,Kovilpatti,9.1728,77.871,Dryland,27.69,34.42,23.01,69.01,3.36,0.0,21.63,34.47
2010-02-13,Kovilpatti,9.1728,77.871,Dryland,28.35,34.98,23.85,67.37,3.28,0.0,21.07,34.57
2010-02-14,Kovilpatti,9.1728,77.871,Dryland,28.25,35.64,23.64,64.59,2.98,0.0,23.44,34.66
2010-02-15,Kovilpatti,9.1728,77.871,Dryland,27.44,33.64,23.38,67.13,2.81,0.0,24.34,34.75
2010-02-16,Kovilpatti,9.1728,77.871,Dryland,28.24,35.08,22.52,61.96,2.81,0.02,23.86,34.84
2010-02-17,Kovilpatti,9.1728,77.871,Dryland,28.27,33.2,24.66,69.29,3.17,0.0,18.93,34.93
2010-02-18,Kovilpatti,9.1728,77.871,Dryland,27.93,33.87,23.65,64.46,2.11,0.0,17.72,35.03
2010-02-19,Kovilpatti,9.1728,77.871,Dryland,28.03,34.22,23.47,65.7,1.99,0.0,21.25,35.12
2010-02-20,Kovilpatti,9.1728,77.871,Dryland,27.74,35.12,22.23,67.17,2.21,0.0,24.89,35.21
2010-02-21,Kovilpatti,9.1728,77.871,Dryland,28.51,35.56,23.26,68.13,2.82,0.0,24.45,35.29
2010-02-22,Kovilpatti,9.1728,77.871,Dryland,28.81,36.28,22.89,67.36,2.88,0.0,25.16,35.38
2010-02-23,Kovilpatti,9.1728,77.871,Dryland,28.55,35.22,24.03,65.97,2.04,0.0,23.95,35.47
2010-02-24,Kovilpatti,9.1728,77.871,Dryland,29.04,36.51,23.91,59.48,2.03,0.0,24.24,35.55
2010-02-25,Kovilpatti,9.1728,77.871,Dryland,28.98,36.19,23.75,63.22,2.2,0.0,23.89,35.64
2010-02-26,Kovilpatti,9.1728,77.871,Dryland,29.26,36.04,24.29,61.6,2.0,0.0,23.36,35.72
2010-02-27,Kovilpatti,9.1728,77.871,Dryland,29.47,36.04,24.0,60.31,2.48,0.0,24.14,35.8
2010-02-28,Kovilpatti,9.1728,77.871,Dryland,29.08,36.06,24.2,62.62,2.57,0.0,24.72,35.88
2010-03-01,Kovilpatti,9.1728,77.871,Dryland,28.81,36.4,22.54,58.83,2.85,0.0,25.76,35.96
2010-03-02,Kovilpatti,9.1728,77.871,Dryland,28.34,36.81,21.5,52.73,2.95,0.0,24.76,36.04
2010-03-03,Kovilpatti,9.1728,77.871,Dryland,27.93,36.67,20.48,50.22,2.59,0.0,26.44,36.12
2010-03-04,Kovilpatti,9.1728,77.871,Dryland,28.66,37.03,21.97,52.39,2.11,0.0,24.84,36.2
2010-03-05,Kovilpatti,9.1728,77.871,Dryland,29.63,36.96,23.9,62.39,2.51,0.0,23.21,36.27
2010-03-06,Kovilpatti,9.1728,77.871,Dryland,30.7,37.12,25.22,61.68,2.82,0.0,20.24,36.34
2010-03-07,Kovilpatti,9.1728,77.871,Dryland,31.2,38.87,25.87,60.03,3.22,0.0,24.23,36.41
2010-03-08,Kovilpatti,9.1728,77.871,Dryland,30.33,37.02,25.56,64.4,2.18,0.0,24.73,36.48
2010-03-09,Kovilpatti,9.1728,77.871,Dryland,29.55,36.27,25.21,68.31,2.33,0.0,24.93,36.55
2010-03-10,Kovilpatti,9.1728,77.871,Dryland,30.04,35.77,26.01,62.42,3.17,0.0,24.13,36.62
2010-03-11,Kovilpatti,9.1728,77.871,Dryland,29.87,35.91,25.31,63.68,3.9,0.0,21.99,36.68
2010-03-12,Kovilpatti,9.1728,77.871,Dryland,29.88,35.56,25.87,61.32,3.82,0.0,21.96,36.74
2010-03-13,Kovilpatti,9.1728,77.871,Dryland,29.84,36.22,25.09,65.26,3.32,0.0,20.92,36.8
2010-03-14,Kovilpatti,9.1728,77.871,Dryland,30.12,35.83,26.05,59.69,2.38,0.0,24.9,36.86
2010-03-15,Kovilpatti,9.1728,77.871,Dryland,30.32,37.23,25.99,56.05,1.77,0.0,25.59,36.92
2010-03-16,Kovilpatti,9.1728,77.871,Dryland,29.64,35.14,24.95,57.24,1.74,0.0,25.13,36.98
2010-03-17,Kovilpatti,9.1728,77.871,Dryland,29.8,36.21,24.62,59.38,3.1,0.01,24.5,37.03
2010-03-18,Kovilpatti,9.1728,77.871,Dryland,29.71,35.86,25.22,62.12,3.79,0.0,23.63,37.09
2010-03-19,Kovilpatti,9.1728,77.871,Dryland,29.48,35.48,25.18,62.26,3.07,0.0,23.77,37.14
2010-03-20,Kovilpatti,9.1728,77.871,Dryland,30.29,37.61,23.97,62.32,2.5,0.0,24.33,37.18
2010-03-21,Kovilpatti,9.1728,77.871,Dryland,30.62,38.07,24.45,56.51,2.03,0.0,24.94,37.23
2010-03-22,Kovilpatti,9.1728,77.871,Dryland,30.79,38.48,24.75,58.6,1.98,0.0,25.42,37.27
2010-03-23,Kovilpatti,9.1728,77.871,Dryland,31.05,38.51,25.95,60.06,2.18,0.02,25.18,37.32
2010-03-24,Kovilpatti,9.1728,77.871,Dryland,30.95,37.94,25.57,60.44,2.18,0.04,25.03,37.36
2010-03-25,Kovilpatti,9.1728,77.871,Dryland,31.21,37.91,27.06,60.45,2.17,0.0,24.71,37.39
2010-03-26,Kovilpatti,9.1728,77.871,Dryland,31.53,38.26,26.35,59.56,2.34,0.35,23.73,37.43
2010-03-27,Kovilpatti,9.1728,77.871,Dryland,31.88,38.24,26.78,58.71,3.1,0.05,21.68,37.46
2010-03-28,Kovilpatti,9.1728,77.871,Dryland,31.35,37.29,27.48,59.22,2.7,0.02,22.64,37.49
2010-03-29,Kovilpatti,9.1728,77.871,Dryland,31.53,37.73,26.78,60.59,2.34,0.07,23.33,37.52
2010-03-30,Kovilpatti,9.1728,77.871,Dryland,31.82,37.62,27.3,59.86,2.99,0.29,22.85,37.55
2010-03-31,Kovilpatti,9.1728,77.871,Dryland,30.36,35.12,26.94,69.02,3.27,15.07,22.84,37.58
2010-04-01,Kovilpatti,9.1728,77.871,Dryland,31.09,37.95,25.6,64.67,2.54,0.41,24.42,37.61
2010-04-02,Kovilpatti,9.1728,77.871,Dryland,31.45,38.62,26.47,63.13,2.98,0.01,23.86,37.63
2010-04-03,Kovilpatti,9.1728,77.871,Dryland,30.87,36.44,27.27,67.9,2.15,0.03,23.36,37.66
2010-04-04,Kovilpatti,9.1728,77.871,Dryland,30.56,36.02,26.39,66.31,1.91,0.15,23.71,37.68
2010-04-05,Kovilpatti,9.1728,77.871,Dryland,30.55,35.12,27.21,66.86,1.72,3.36,20.02,37.7
2010-04-06,Kovilpatti,9.1728,77.871,Dryland,30.89,36.35,26.76,56.62,1.8,0.52,23.75,37.71
2010-04-07,Kovilpatti,9.1728,77.871,Dryland,31.07,36.48,27.13,61.49,2.09,0.92,22.1,37.73
2010-04-08,Kovilpatti,9.1728,77.871,Dryland,29.91,32.91,27.67,70.6,1.9,0.94,17.1,37.74
2010-04-09,Kovilpatti,9.1728,77.871,Dryland,30.16,34.36,26.81,69.02,1.53,0.04,24.84,37.75
2010-04-10,Kovilpatti,9.1728,77.871,Dryland,30.75,37.08,26.48,65.27,2.15,0.0,25.37,37.76
2010-04-11,Kovilpatti,9.1728,77.871,Dryland,31.94,38.57,27.09,62.17,3.55,0.01,26.22,37.77
2010-04-12,Kovilpatti,9.1728,77.871,Dryland,31.96,37.65,27.7,62.48,3.51,0.01,23.15,37.77
2010-04-13,Kovilpatti,9.1728,77.871,Dryland,32.52,38.55,27.57,59.95,3.22,0.0,23.01,37.78
2010-04-14,Kovilpatti,9.1728,77.871,Dryland,32.28,38.13,27.89,61.22,2.51,0.01,19.29,37.78
2010-04-15,Kovilpatti,9.1728,77.871,Dryland,31.85,37.77,27.26,62.24,2.54,0.02,19.35,37.78
2010-04-16,Kovilpatti,9.1728,77.871,Dryland,31.49,36.23,27.45,64.26,2.62,0.34,22.69,37.78
2010-04-17,Kovilpatti,9.1728,77.871,Dryland,30.52,34.55,27.5,67.89,2.48,0.74,19.46,37.78
2010-04-18,Kovilpatti,9.1728,77.871,Dryland,31.0,36.27,26.94,64.23,2.95,1.45,21.39,37.78
2010-04-19,Kovilpatti,9.1728,77.871,Dryland,31.03,35.8,26.9,65.33,3.57,0.6,21.61,37.77
2010-04-20,Kovilpatti,9.1728,77.871,Dryland,31.91,37.11,27.39,61.83,3.18,0.07,20.29,37.77
2010-04-21,Kovilpatti,9.1728,77.871,Dryland,32.13,37.0,27.84,61.16,3.15,0.03,20.37,37.76
2010-04-22,Kovilpatti,9.1728,77.871,Dryland,32.91,39.64,27.59,58.59,2.89,0.01,23.4,37.75
2010-04-23,Kovilpatti,9.1728,77.871,Dryland,32.79,39.15,27.76,59.4,2.95,0.08,22.94,37.74
2010-04-24,Kovilpatti,9.1728,77.871,Dryland,31.12,34.48,28.57,65.07,3.31,0.11,16.39,37.73
2010-04-25,Kovilpatti,9.1728,77.871,Dryland,31.74,36.76,27.26,62.93,2.67,0.03,20.63,37.72
2010-04-26,Kovilpatti,9.1728,77.871,Dryland,31.0,36.07,27.5,56.3,3.03,1.22,13.62,37.71
2010-04-27,Kovilpatti,9.1728,77.871,Dryland,30.73,36.1,26.86,61.04,2.33,0.85,18.7,37.7
2010-04-28,Kovilpatti,9.1728,77.871,Dryland,31.5,37.03,26.92,62.01,2.26,0.27,22.11,37.68
2010-04-29,Kovilpatti,9.1728,77.871,Dryland,30.29,33.67,27.87,69.33,1.94,0.28,21.61,37.67
2010-04-30,Kovilpatti,9.1728,77.871,Dryland,29.27,32.23,27.11,76.85,1.52,25.67,18.1,37.65
2010-05-01,Kovilpatti,9.1728,77.871,Dryland,29.79,34.35,26.68,72.27,1.46,3.29,21.84,37.63
2010-05-02,Kovilpatti,9.1728,77.871,Dryland,30.45,34.05,27.2,71.43,1.19,12.53,21.1,37.61
2010-05-03,Kovilpatti,9.1728,77.871,Dryland,29.86,32.69,27.17,76.36,1.32,7.4,20.77,37.59
2010-05-04,Kovilpatti,9.1728,77.871,Dryland,29.92,33.58,27.2,75.86,2.34,2.26,21.98,37.57
2010-05-05,Kovilpatti,9.1728,77.871,Dryland,31.06,36.05,27.02,69.39,2.78,0.18,22.38,37.55
2010-05-06,Kovilpatti,9.1728,77.871,Dryland,31.83,37.48,27.08,67.44,2.39,0.11,24.01,37.53
2010-05-07,Kovilpatti,9.1728,77.871,Dryland,31.36,35.47,27.86,70.24,2.88,0.03,21.3,37.5
2010-05-08,Kovilpatti,9.1728,77.871,Dryland,30.58,33.78,27.89,74.79,2.51,0.54,21.42,37.48
2010-05-09,Kovilpatti,9.1728,77.871,Dryland,30.23,34.75,27.36,70.6,3.32,0.27,18.76,37.45
2010-05-10,Kovilpatti,9.1728,77.871,Dryland,30.9,37.01,25.41,65.15,2.97,0.18,21.74,37.43
2010-05-11,Kovilpatti,9.1728,77.871,Dryland,30.88,35.6,27.11,70.18,3.61,0.17,23.05,37.41
2010-05-12,Kovilpatti,9.1728,77.871,Dryland,31.77,37.59,27.02,67.93,3.04,0.02,22.07,37.38
2010-05-13,Kovilpatti,9.1728,77.871,Dryland,31.39,35.66,27.66,69.89,3.02,0.01,21.73,37.35
2010-05-14,Kovilpatti,9.1728,77.871,Dryland,30.62,34.6,28.19,72.65,4.44,0.03,21.14,37.33
2010-05-15,Kovilpatti,9.1728,77.871,Dryland,30.93,35.7,27.54,67.11,2.95,0.03,23.84,37.3
2010-05-16,Kovilpatti,9.1728,77.871,Dryland,31.75,37.75,27.55,65.74,4.24,0.06,19.57,37.28
2010-05-17,Kovilpatti,9.1728,77.871,Dryland,31.1,35.39,27.16,69.76,2.63,5.29,20.19,37.25
2010-05-18,Kovilpatti,9.1728,77.871,Dryland,30.06,34.28,27.27,71.61,5.82,1.82,18.93,37.23
2010-05-19,Kovilpatti,9.1728,77.871,Dryland,29.23,33.01,26.76,75.48,5.24,0.47,14.8,37.2
2010-05-20,Kovilpatti,9.1728,77.871,Dryland,30.07,35.31,26.79,67.63,6.67,0.11,9.44,37.18
2010-05-21,Kovilpatti,9.1728,77.871,Dryland,30.36,35.29,27.21,68.14,5.22,0.12,12.31,37.15
2010-05-22,Kovilpatti,9.1728,77.871,Dryland,29.88,33.83,27.03,71.5,4.56,0.01,14.01,37.13
2010-05-23,Kovilpatti,9.1728,77.871,Dryland,29.36,33.43,26.83,72.84,4.36,0.15,13.97,37.1
2010-05-24,Kovilpatti,9.1728,77.871,Dryland,29.86,33.75,26.98,74.53,5.23,0.15,20.08,37.08
2010-05-25,Kovilpatti,9.1728,77.871,Dryland,30.59,36.39,26.57,67.5,5.52,0.16,19.29,37.06
2010-05-26,Kovilpatti,9.1728,77.871,Dryland,30.37,36.31,26.06,68.45,5.55,0.11,19.57,37.03
2010-05-27,Kovilpatti,9.1728,77.871,Dryland,30.25,34.79,27.09,70.64,5.16,0.16,21.65,37.01
2010-05-28,Kovilpatti,9.1728,77.871,Dryland,30.24,34.56,27.3,72.74,4.97,1.35,21.1,36.99
2010-05-29,Kovilpatti,9.1728,77.871,Dryland,30.14,34.61,27.52,72.15,4.95,0.69,19.89,36.96
2010-05-30,Kovilpatti,9.1728,77.871,Dryland,29.78,34.76,26.54,68.91,5.38,0.11,22.05,36.94
2010-05-31,Kovilpatti,9.1728,77.871,Dryland,29.81,35.73,25.69,66.51,4.85,0.01,21.05,36.92
2010-06-01,Kovilpatti,9.1728,77.871,Dryland,30.4,36.31,25.57,66.09,4.12,0.0,23.89,36.9
2010-06-02,Kovilpatti,9.1728,77.871,Dryland,31.98,38.72,26.13,62.69,3.42,0.23,21.46,36.87
2010-06-03,Kovilpatti,9.1728,77.871,Dryland,31.6,36.24,27.79,64.92,2.75,0.1,21.2,36.85
2010-06-04,Kovilpatti,9.1728,77.871,Dryland,30.3,34.07,27.39,74.33,3.61,15.79,20.34,36.83
2010-06-05,Kovilpatti,9.1728,77.871,Dryland,29.35,33.85,26.44,71.28,4.79,2.99,22.22,36.81
2010-06-06,Kovilpatti,9.1728,77.871,Dryland,28.64,33.9,25.52,69.58,4.99,0.13,18.78,36.79
2010-06-07,Kovilpatti,9.1728,77.871,Dryland,28.81,34.56,25.02,68.64,4.94,0.05,19.35,36.78
2010-06-08,Kovilpatti,9.1728,77.871,Dryland,28.87,34.23,25.5,67.41,5.11,0.0,10.39,36.76
2010-06-09,Kovilpatti,9.1728,77.871,Dryland,29.28,34.56,26.08,70.38,5.57,0.99,18.77,36.74
2010-06-10,Kovilpatti,9.1728,77.871,Dryland,28.49,31.53,26.35,74.83,6.18,0.38,16.71,36.73
2010-06-11,Kovilpatti,9.1728,77.871,Dryland,28.5,31.04,26.46,77.91,6.15,0.99,12.83,36.71
2010-06-12,Kovilpatti,9.1728,77.871,Dryland,28.41,31.27,26.08,76.69,5.54,0.63,10.31,36.7
2010-06-13,Kovilpatti,9.1728,77.871,Dryland,28.55,32.35,26.06,72.64,6.77,0.17,13.18,36.69
2010-06-14,Kovilpatti,9.1728,77.871,Dryland,29.2,35.0,25.72,67.55,5.07,0.02,15.33,36.68
2010-06-15,Kovilpatti,9.1728,77.871,Dryland,29.88,36.77,24.86,65.29,4.38,0.0,18.12,36.66
2010-06-16,Kovilpatti,9.1728,77.871,Dryland,29.46,34.45,25.64,68.4,3.18,0.02,15.64,36.66
2010-06-17,Kovilpatti,9.1728,77.871,Dryland,28.67,32.25,25.95,70.52,4.12,0.64,15.99,36.65
2010-06-18,Kovilpatti,9.1728,77.871,Dryland,28.38,32.51,25.17,71.87,3.42,2.81,18.76,36.64
2010-06-19,Kovilpatti,9.1728,77.871,Dryland,29.19,34.32,25.37,70.21,4.2,1.03,20.12,36.63
2010-06-20,Kovilpatti,9.1728,77.871,Dryland,29.82,35.22,25.97,65.67,3.98,0.11,20.28,36.62
2010-06-21,Kovilpatti,9.1728,77.871,Dryland,30.0,36.03,25.49,64.56,4.22,0.33,21.42,36.62
2010-06-22,Kovilpatti,9.1728,77.871,Dryland,29.18,33.61,25.92,70.3,4.6,1.42,20.28,36.62
2010-06-23,Kovilpatti,9.1728,77.871,Dryland,28.45,31.81,26.02,74.3,5.58,1.76,16.58,36.62
2010-06-24,Kovilpatti,9.1728,77.871,Dryland,28.04,32.4,25.49,68.23,6.02,0.86,17.2,36.61
2010-06-25,Kovilpatti,9.1728,77.871,Dryland,29.01,34.1,25.41,64.28,5.84,0.15,15.07,36.61
2010-06-26,Kovilpatti,9.1728,77.871,Dryland,29.77,35.67,25.67,63.51,5.51,0.01,15.17,36.61
2010-06-27,Kovilpatti,9.1728,77.871,Dryland,29.51,34.13,25.96,69.49,5.1,0.06,20.83,36.61
2010-06-28,Kovilpatti,9.1728,77.871,Dryland,29.54,33.5,27.08,70.06,5.4,0.5,20.06,36.61
2010-06-29,Kovilpatti,9.1728,77.871,Dryland,30.02,35.7,26.22,64.24,5.45,0.07,21.84,36.61
2010-06-30,Kovilpatti,9.1728,77.871,Dryland,28.76,33.61,26.04,64.83,6.6,0.08,21.23,36.62
2010-07-01,Kovilpatti,9.1728,77.871,Dryland,28.3,33.07,25.21,60.16,6.38,0.06,12.05,36.62
2010-07-02,Kovilpatti,9.1728,77.871,Dryland,28.83,35.04,24.06,64.12,5.5,1.04,14.28,36.62
2010-07-03,Kovilpatti,9.1728,77.871,Dryland,29.09,35.07,25.23,65.87,5.5,0.87,15.43,36.63
2010-07-04,Kovilpatti,9.1728,77.871,Dryland,29.03,34.11,25.5,67.15,4.97,0.13,17.12,36.63
2010-07-05,Kovilpatti,9.1728,77.871,Dryland,29.08,33.99,25.62,63.84,5.44,0.03,13.99,36.64
2010-07-06,Kovilpatti,9.1728,77.871,Dryland,27.92,31.94,24.58,67.1,4.29,0.0,14.14,36.65
2010-07-07,Kovilpatti,9.1728,77.871,Dryland,29.11,35.1,24.62,66.73,2.48,4.59,19.73,36.66
2010-07-08,Kovilpatti,9.1728,77.871,Dryland,28.29,32.08,24.78,70.75,1.84,3.03,15.13,36.67
2010-07-09,Kovilpatti,9.1728,77.871,Dryland,28.09,31.05,25.12,74.11,1.55,4.69,16.75,36.68
2010-07-10,Kovilpatti,9.1728,77.871,Dryland,28.71,33.44,24.81,72.13,1.99,0.97,19.62,36.69
2010-07-11,Kovilpatti,9.1728,77.871,Dryland,29.27,34.39,25.04,69.4,3.0,0.03,21.64,36.7
2010-07-12,Kovilpatti,9.1728,77.871,Dryland,29.04,33.93,25.36,69.58,4.14,0.06,22.28,36.71
2010-07-13,Kovilpatti,9.1728,77.871,Dryland,28.19,32.66,25.24,70.82,4.3,7.23,21.92,36.73
2010-07-14,Kovilpatti,9.1728,77.871,Dryland,28.68,34.47,24.44,70.55,4.04,2.46,19.18,36.74
2010-07-15,Kovilpatti,9.1728,77.871,Dryland,28.45,33.75,25.01,71.79,4.77,3.65,19.33,36.75
2010-07-16,Kovilpatti,9.1728,77.871,Dryland,28.07,32.37,25.01,71.62,5.91,0.25,12.67,36.77
2010-07-17,Kovilpatti,9.1728,77.871,Dryland,28.14,33.18,25.33,69.66,5.98,3.86,12.37,36.79
2010-07-18,Kovilpatti,9.1728,77.871,Dryland,27.98,32.72,24.84,72.48,5.52,2.04,12.38,36.8
2010-07-19,Kovilpatti,9.1728,77.871,Dryland,26.9,30.38,24.59,74.39,5.95,2.36,9.76,36.82
2010-07-20,Kovilpatti,9.1728,77.871,Dryland,26.97,29.95,24.68,74.0,5.75,0.25,12.72,36.84
2010-07-21,Kovilpatti,9.1728,77.871,Dryland,27.93,32.95,24.86,71.9,5.52,0.23,12.58,36.85
2010-07-22,Kovilpatti,9.1728,77.871,Dryland,28.12,33.16,24.6,69.39,4.05,0.04,16.31,36.87
2010-07-23,Kovilpatti,9.1728,77.871,Dryland,28.33,34.29,24.22,69.08,4.34,0.01,21.23,36.88
2010-07-24,Kovilpatti,9.1728,77.871,Dryland,28.24,34.57,24.33,66.98,4.99,0.0,15.75,36.9
2010-07-25,Kovilpatti,9.1728,77.871,Dryland,28.41,34.45,24.2,65.42,5.24,0.01,12.55,36.92
2010-07-26,Kovilpatti,9.1728,77.871,Dryland,29.18,34.76,25.22,63.22,5.11,0.05,16.2,36.94
2010-07-27,Kovilpatti,9.1728,77.871,Dryland,28.57,34.13,25.21,69.36,5.37,0.05,14.52,36.96
2010-07-28,Kovilpatti,9.1728,77.871,Dryland,28.45,34.56,25.3,67.1,6.33,0.18,12.74,36.98
2010-07-29,Kovilpatti,9.1728,77.871,Dryland,28.64,34.7,25.04,66.09,5.97,0.02,12.76,36.99
2010-07-30,Kovilpatti,9.1728,77.871,Dryland,28.68,34.08,25.07,64.99,5.49,0.01,16.52,37.01
2010-07-31,Kovilpatti,9.1728,77.871,Dryland,29.19,35.44,24.87,64.8,5.0,0.0,16.45,37.02
2010-08-01,Kovilpatti,9.1728,77.871,Dryland,29.68,35.45,25.16,63.9,4.32,0.0,20.49,37.03
2010-08-02,Kovilpatti,9.1728,77.871,Dryland,29.47,35.28,24.84,65.16,4.32,0.02,19.71,37.05
2010-08-03,Kovilpatti,9.1728,77.871,Dryland,28.99,35.24,25.41,65.68,5.42,0.04,13.88,37.07
2010-08-04,Kovilpatti,9.1728,77.871,Dryland,28.59,32.74,25.14,70.51,5.5,0.02,13.46,37.08
2010-08-05,Kovilpatti,9.1728,77.871,Dryland,29.44,34.77,25.66,68.37,4.09,0.01,19.88,37.1
2010-08-06,Kovilpatti,9.1728,77.871,Dryland,30.07,36.41,25.74,65.62,4.92,0.01,19.52,37.12
2010-08-07,Kovilpatti,9.1728,77.871,Dryland,29.67,35.45,25.56,68.17,4.54,0.09,20.71,37.13
2010-08-08,Kovilpatti,9.1728,77.871,Dryland,29.66,34.54,25.83,69.7,4.45,1.22,14.98,37.15
2010-08-09,Kovilpatti,9.1728,77.871,Dryland,29.66,35.44,25.74,67.34,4.51,2.59,16.63,37.16
2010-08-10,Kovilpatti,9.1728,77.871,Dryland,30.41,36.93,25.3,63.9,4.02,0.09,21.32,37.17
2010-08-11,Kovilpatti,9.1728,77.871,Dryland,29.88,35.79,25.68,64.49,5.03,0.03,19.84,37.19
2010-08-12,Kovilpatti,9.1728,77.871,Dryland,29.07,33.67,26.06,68.88,4.4,0.25,14.51,37.2
2010-08-13,Kovilpatti,9.1728,77.871,Dryland,28.75,33.55,26.0,70.45,4.07,3.99,16.02,37.22
2010-08-14,Kovilpatti,9.1728,77.871,Dryland,27.92,31.77,25.35,73.39,4.43,0.08,18.59,37.22
2010-08-15,Kovilpatti,9.1728,77.871,Dryland,28.34,32.67,25.7,73.62,4.99,0.14,13.89,37.23
2010-08-16,Kovilpatti,9.1728,77.871,Dryland,27.96,31.55,25.4,70.05,5.84,0.09,16.91,37.24
2010-08-17,Kovilpatti,9.1728,77.871,Dryland,28.35,33.01,25.31,68.31,5.19,0.01,16.28,37.25
2010-08-18,Kovilpatti,9.1728,77.871,Dryland,28.67,34.84,24.99,64.64,4.39,0.0,17.15,37.26
2010-08-19,Kovilpatti,9.1728,77.871,Dryland,29.83,36.02,24.78,62.95,2.2,0.19,20.05,37.27
2010-08-20,Kovilpatti,9.1728,77.871,Dryland,28.3,32.83,25.72,72.47,1.76,12.49,10.74,37.27
2010-08-21,Kovilpatti,9.1728,77.871,Dryland,27.2,32.26,23.9,73.75,3.73,6.4,6.25,37.28
2010-08-22,Kovilpatti,9.1728,77.871,Dryland,28.27,34.58,24.14,70.69,4.43,0.39,13.53,37.28
2010-08-23,Kovilpatti,9.1728,77.871,Dryland,28.85,34.73,24.71,68.46,3.34,0.13,13.87,37.28
2010-08-24,Kovilpatti,9.1728,77.871,Dryland,28.11,32.82,25.03,71.25,4.81,0.16,9.67,37.28
2010-08-25,Kovilpatti,9.1728,77.871,Dryland,27.64,32.42,24.36,70.49,5.5,0.12,10.69,37.28
2010-08-26,Kovilpatti,9.1728,77.871,Dryland,28.56,34.5,24.8,68.88,5.48,0.0,13.29,37.28
2010-08-27,Kovilpatti,9.1728,77.871,Dryland,28.77,34.31,24.85,68.3,4.82,0.07,16.59,37.27
2010-08-28,Kovilpatti,9.1728,77.871,Dryland,28.71,34.02,25.09,71.02,4.44,0.2,15.93,37.27
2010-08-29,Kovilpatti,9.1728,77.871,Dryland,27.86,31.49,25.36,75.39,5.26,3.54,16.27,37.26
2010-08-30,Kovilpatti,9.1728,77.871,Dryland,26.93,30.26,24.52,74.09,5.39,0.49,11.06,37.25
2010-08-31,Kovilpatti,9.1728,77.871,Dryland,28.22,34.6,23.86,65.95,3.93,0.03,19.41,37.25
2010-09-01,Kovilpatti,9.1728,77.871,Dryland,29.47,36.74,23.31,63.03,4.05,0.0,24.65,37.24
2010-09-02,Kovilpatti,9.1728,77.871,Dryland,30.01,36.46,24.53,61.58,3.11,0.0,24.11,37.23
2010-09-03,Kovilpatti,9.1728,77.871,Dryland,29.77,35.44,25.82,63.64,3.75,1.43,15.68,37.22
2010-09-04,Kovilpatti,9.1728,77.871,Dryland,28.92,34.1,25.16,67.11,4.46,0.02,17.84,37.2
2010-09-05,Kovilpatti,9.1728,77.871,Dryland,29.33,34.46,24.82,66.03,4.39,0.02,20.92,37.19
2010-09-06,Kovilpatti,9.1728,77.871,Dryland,29.25,34.86,24.69,66.3,4.29,0.11,23.53,37.17
2010-09-07,Kovilpatti,9.1728,77.871,Dryland,29.38,35.53,24.86,67.24,4.76,0.01,19.63,37.15
2010-09-08,Kovilpatti,9.1728,77.871,Dryland,29.11,34.41,25.7,66.79,4.91,0.14,16.69,37.13
2010-09-09,Kovilpatti,9.1728,77.871,Dryland,28.8,34.27,25.22,69.57,4.26,2.98,18.33,37.11
2010-09-10,Kovilpatti,9.1728,77.871,Dryland,27.66,31.05,25.27,74.35,4.49,1.68,15.05,37.09
2010-09-11,Kovilpatti,9.1728,77.871,Dryland,29.49,35.76,25.02,62.78,2.69,1.62,17.9,37.07
2010-09-12,Kovilpatti,9.1728,77.871,Dryland,29.91,36.82,23.82,60.92,1.86,0.71,14.72,37.04
2010-09-13,Kovilpatti,9.1728,77.871,Dryland,28.96,34.2,25.54,66.25,3.71,2.71,14.44,37.02
2010-09-14,Kovilpatti,9.1728,77.871,Dryland,28.75,34.27,24.47,66.09,4.02,0.53,12.64,36.99
2010-09-15,Kovilpatti,9.1728,77.871,Dryland,29.13,35.23,25.35,66.07,4.57,0.08,15.37,36.95
2010-09-16,Kovilpatti,9.1728,77.871,Dryland,28.77,34.41,24.93,66.81,4.8,0.21,19.53,36.92
2010-09-17,Kovilpatti,9.1728,77.871,Dryland,29.36,35.76,25.4,66.41,5.19,0.19,18.61,36.89
2010-09-18,Kovilpatti,9.1728,77.871,Dryland,28.03,31.93,25.48,67.34,5.48,1.99,18.12,36.85
2010-09-19,Kovilpatti,9.1728,77.871,Dryland,29.4,35.79,24.55,63.85,4.21,0.17,19.96,36.81
2010-09-20,Kovilpatti,9.1728,77.871,Dryland,29.96,35.77,25.2,62.22,2.82,0.05,20.34,36.78
2010-09-21,Kovilpatti,9.1728,77.871,Dryland,28.71,32.68,26.01,67.57,2.44,0.19,13.06,36.73
2010-09-22,Kovilpatti,9.1728,77.871,Dryland,28.28,31.74,25.26,69.85,1.9,2.58,17.46,36.69
2010-09-23,Kovilpatti,9.1728,77.871,Dryland,28.58,32.68,26.04,72.11,1.33,1.54,20.49,36.64
2010-09-24,Kovilpatti,9.1728,77.871,Dryland,28.08,32.08,25.24,73.8,3.16,2.99,18.45,36.59
2010-09-25,Kovilpatti,9.1728,77.871,Dryland,28.7,34.39,24.46,67.97,3.14,0.31,21.97,36.54
2010-09-26,Kovilpatti,9.1728,77.871,Dryland,28.3,33.81,24.41,73.45,2.04,11.1,12.97,36.49
2010-09-27,Kovilpatti,9.1728,77.871,Dryland,27.69,31.76,25.13,79.25,2.51,9.05,15.41,36.44
2010-09-28,Kovilpatti,9.1728,77.871,Dryland,27.19,30.75,24.5,81.99,1.71,18.95,15.64,36.39
2010-09-29,Kovilpatti,9.1728,77.871,Dryland,26.73,29.42,24.63,82.69,1.72,15.1,12.46,36.34
2010-09-30,Kovilpatti,9.1728,77.871,Dryland,27.52,31.89,24.27,78.08,1.02,12.14,20.36,36.28
2010-10-01,Kovilpatti,9.1728,77.871,Dryland,27.96,32.35,24.99,74.72,1.4,3.92,18.21,36.23
2010-10-02,Kovilpatti,9.1728,77.871,Dryland,27.67,31.2,24.97,77.09,1.21,7.63,15.33,36.17
2010-10-03,Kovilpatti,9.1728,77.871,Dryland,27.06,30.91,24.63,80.1,2.02,10.95,15.14,36.11
2010-10-04,Kovilpatti,9.1728,77.871,Dryland,27.7,31.71,24.6,80.48,2.31,4.41,20.89,36.05
2010-10-05,Kovilpatti,9.1728,77.871,Dryland,27.04,30.2,24.85,84.07,3.38,12.81,14.82,35.98
2010-10-06,Kovilpatti,9.1728,77.871,Dryland,26.92,29.75,25.02,83.3,4.6,6.09,12.59,35.92
2010-10-07,Kovilpatti,9.1728,77.871,Dryland,26.88,30.38,24.88,82.5,4.71,8.2,12.11,35.85
2010-10-08,Kovilpatti,9.1728,77.871,Dryland,26.87,29.84,25.01,86.64,3.75,12.74,17.62,35.78
2010-10-09,Kovilpatti,9.1728,77.871,Dryland,27.21,30.74,25.06,84.79,3.51,4.82,14.42,35.72
2010-10-10,Kovilpatti,9.1728,77.871,Dryland,26.93,30.5,24.34,81.18,3.81,0.16,18.58,35.65
2010-10-11,Kovilpatti,9.1728,77.871,Dryland,27.36,31.6,24.39,79.06,3.85,0.0,22.58,35.58
2010-10-12,Kovilpatti,9.1728,77.871,Dryland,27.32,31.62,24.32,79.39,3.42,0.0,21.34,35.5
2010-10-13,Kovilpatti,9.1728,77.871,Dryland,27.63,33.34,23.33,75.49,3.82,0.01,21.23,35.43
2010-10-14,Kovilpatti,9.1728,77.871,Dryland,26.86,30.89,23.73,80.29,4.01,0.06,20.71,35.36
2010-10-15,Kovilpatti,9.1728,77.871,Dryland,27.32,31.31,24.74,78.51,4.71,0.05,13.91,35.28
2010-10-16,Kovilpatti,9.1728,77.871,Dryland,27.56,33.2,23.85,75.49,4.62,0.0,21.34,35.2
2010-10-17,Kovilpatti,9.1728,77.871,Dryland,27.46,32.93,23.2,76.27,4.2,0.02,20.35,35.13
2010-10-18,Kovilpatti,9.1728,77.871,Dryland,27.01,32.34,23.44,76.37,4.07,8.11,18.0,35.05
2010-10-19,Kovilpatti,9.1728,77.871,Dryland,27.16,32.38,22.92,78.18,3.1,3.12,19.61,34.97
2010-10-20,Kovilpatti,9.1728,77.871,Dryland,27.62,32.16,24.17,76.72,2.88,0.06,18.11,34.89
2010-10-21,Kovilpatti,9.1728,77.871,Dryland,27.84,33.01,23.98,74.9,3.59,0.4,18.48,34.81
2010-10-22,Kovilpatti,9.1728,77.871,Dryland,27.31,31.69,24.68,77.32,4.11,0.02,19.68,34.72
2010-10-23,Kovilpatti,9.1728,77.871,Dryland,27.96,33.55,23.3,75.54,3.65,0.43,17.85,34.64
2010-10-24,Kovilpatti,9.1728,77.871,Dryland,28.24,34.22,23.66,72.97,3.42,0.08,22.12,34.56
2010-10-25,Kovilpatti,9.1728,77.871,Dryland,28.54,34.25,23.89,72.73,2.76,0.0,23.05,34.47
2010-10-26,Kovilpatti,9.1728,77.871,Dryland,28.61,33.79,24.25,74.61,1.93,4.41,19.24,34.38
2010-10-27,Kovilpatti,9.1728,77.871,Dryland,28.21,32.25,24.63,76.38,1.43,6.82,16.17,34.29
2010-10-28,Kovilpatti,9.1728,77.871,Dryland,26.61,29.4,24.53,80.89,1.14,14.17,17.06,34.21
2010-10-29,Kovilpatti,9.1728,77.871,Dryland,26.56,30.07,23.86,82.15,1.47,18.88,19.44,34.13
2010-10-30,Kovilpatti,9.1728,77.871,Dryland,26.81,30.15,24.08,82.33,0.98,7.05,13.85,34.04
2010-10-31,Kovilpatti,9.1728,77.871,Dryland,26.85,30.23,24.26,82.23,1.52,3.01,16.28,33.96
2010-11-01,Kovilpatti,9.1728,77.871,Dryland,26.89,31.46,23.49,79.89,2.28,0.67,15.29,33.87
2010-11-02,Kovilpatti,9.1728,77.871,Dryland,27.14,31.24,23.82,79.05,2.27,0.03,19.65,33.78
2010-11-03,Kovilpatti,9.1728,77.871,Dryland,27.5,31.13,23.99,80.23,1.62,13.54,19.14,33.7
2010-11-04,Kovilpatti,9.1728,77.871,Dryland,26.68,29.48,24.48,84.24,1.47,4.75,19.67,33.61
2010-11-05,Kovilpatti,9.1728,77.871,Dryland,26.7,30.13,24.4,81.84,2.01,19.86,17.41,33.53
2010-11-06,Kovilpatti,9.1728,77.871,Dryland,25.29,28.19,23.87,82.55,2.38,5.75,9.5,33.45
2010-11-07,Kovilpatti,9.1728,77.871,Dryland,25.64,28.69,23.19,85.12,3.23,0.09,12.08,33.36
2010-11-08,Kovilpatti,9.1728,77.871,Dryland,27.29,31.77,23.88,83.79,3.27,1.17,18.21,33.28
2010-11-09,Kovilpatti,9.1728,77.871,Dryland,26.75,29.9,24.22,85.32,1.79,0.84,15.47,33.19
2010-11-10,Kovilpatti,9.1728,77.871,Dryland,26.92,30.2,24.16,82.72,1.29,13.96,17.32,33.11
2010-11-11,Kovilpatti,9.1728,77.871,Dryland,26.02,29.51,23.68,83.77,2.52,6.23,14.96,33.03
2010-11-12,Kovilpatti,9.1728,77.871,Dryland,26.25,30.33,22.21,81.37,1.55,3.15,18.83,32.94
2010-11-13,Kovilpatti,9.1728,77.871,Dryland,27.18,30.75,24.93,80.81,1.35,2.48,16.76,32.86
2010-11-14,Kovilpatti,9.1728,77.871,Dryland,26.84,30.66,24.05,81.52,2.01,0.14,18.45,32.78
2010-11-15,Kovilpatti,9.1728,77.871,Dryland,26.96,31.35,22.72,80.64,1.77,0.13,19.0,32.7
2010-11-16,Kovilpatti,9.1728,77.871,Dryland,27.12,30.01,24.05,79.32,1.34,15.55,13.58,32.63
2010-11-17,Kovilpatti,9.1728,77.871,Dryland,25.89,28.53,24.08,84.26,1.66,7.25,13.7,32.55
2010-11-18,Kovilpatti,9.1728,77.871,Dryland,26.49,29.65,24.42,82.29,1.59,5.06,14.46,32.48
2010-11-19,Kovilpatti,9.1728,77.871,Dryland,25.88,28.67,24.35,87.02,2.01,4.66,10.96,32.4
2010-11-20,Kovilpatti,9.1728,77.871,Dryland,25.93,28.43,23.59,85.32,1.16,21.45,18.33,32.33
2010-11-21,Kovilpatti,9.1728,77.871,Dryland,25.64,28.34,23.61,84.86,1.79,22.21,15.51,32.25
2010-11-22,Kovilpatti,9.1728,77.871,Dryland,25.33,28.5,22.75,86.93,1.75,45.08,15.9,32.19
2010-11-23,Kovilpatti,9.1728,77.871,Dryland,25.41,28.36,23.42,88.27,1.46,21.91,15.63,32.12
2010-11-24,Kovilpatti,9.1728,77.871,Dryland,25.2,27.52,23.61,90.5,2.36,25.69,14.54,32.05
2010-11-25,Kovilpatti,9.1728,77.871,Dryland,24.82,26.71,23.56,92.06,3.15,31.15,9.69,31.98
2010-11-26,Kovilpatti,9.1728,77.871,Dryland,24.76,27.27,22.77,91.05,2.79,10.88,8.16,31.92
2010-11-27,Kovilpatti,9.1728,77.871,Dryland,23.89,25.58,22.6,91.9,2.81,14.91,7.98,31.86
2010-11-28,Kovilpatti,9.1728,77.871,Dryland,24.72,26.66,22.58,92.96,2.69,14.78,9.14,31.8
2010-11-29,Kovilpatti,9.1728,77.871,Dryland,25.8,28.63,23.65,87.78,2.92,2.2,13.44,31.73
2010-11-30,Kovilpatti,9.1728,77.871,Dryland,25.5,28.39,23.4,89.44,2.58,7.26,15.52,31.68
2010-12-01,Kovilpatti,9.1728,77.871,Dryland,25.26,27.09,23.92,93.05,2.35,11.97,8.18,31.62
2010-12-02,Kovilpatti,9.1728,77.871,Dryland,25.06,27.25,23.27,90.92,2.18,17.75,11.04,31.58
2010-12-03,Kovilpatti,9.1728,77.871,Dryland,25.02,27.01,23.79,93.92,2.77,14.66,6.38,31.53
2010-12-04,Kovilpatti,9.1728,77.871,Dryland,23.94,25.44,22.72,92.56,3.17,2.53,10.07,31.48
2010-12-05,Kovilpatti,9.1728,77.871,Dryland,23.14,24.83,21.9,88.72,2.1,2.63,11.21,31.44
2010-12-06,Kovilpatti,9.1728,77.871,Dryland,24.25,27.55,21.43,83.6,1.17,0.22,17.85,31.4
2010-12-07,Kovilpatti,9.1728,77.871,Dryland,25.21,28.85,22.25,87.96,1.67,22.91,16.87,31.36
2010-12-08,Kovilpatti,9.1728,77.871,Dryland,25.75,28.37,23.71,91.65,2.88,15.08,4.17,31.32
2010-12-09,Kovilpatti,9.1728,77.871,Dryland,25.37,27.01,23.84,93.2,2.58,1.92,18.4,31.29
2010-12-10,Kovilpatti,9.1728,77.871,Dryland,25.59,29.31,23.09,87.34,2.92,0.16,19.57,31.26
2010-12-11,Kovilpatti,9.1728,77.871,Dryland,25.67,29.78,22.15,86.03,2.24,0.87,16.62,31.23
2010-12-12,Kovilpatti,9.1728,77.871,Dryland,25.36,29.57,22.17,85.46,2.57,0.64,21.3,31.21
2010-12-13,Kovilpatti,9.1728,77.871,Dryland,24.81,29.1,19.85,79.31,1.57,0.31,20.9,31.19
2010-12-14,Kovilpatti,9.1728,77.871,Dryland,25.15,29.19,21.13,81.39,1.24,0.69,18.85,31.17
2010-12-15,Kovilpatti,9.1728,77.871,Dryland,25.04,27.77,23.04,86.55,1.43,4.77,13.49,31.16
2010-12-16,Kovilpatti,9.1728,77.871,Dryland,25.55,28.18,23.76,85.46,1.97,3.89,11.15,31.14
2010-12-17,Kovilpatti,9.1728,77.871,Dryland,25.67,28.7,22.99,85.78,2.03,2.17,17.42,31.13
2010-12-18,Kovilpatti,9.1728,77.871,Dryland,25.41,28.4,23.41,87.95,3.32,1.08,12.88,31.12
2010-12-19,Kovilpatti,9.1728,77.871,Dryland,23.9,27.24,20.74,85.96,3.5,0.03,18.76,31.12
2010-12-20,Kovilpatti,9.1728,77.871,Dryland,25.33,28.76,22.56,88.47,3.04,1.84,16.15,31.11
2010-12-21,Kovilpatti,9.1728,77.871,Dryland,24.27,25.98,22.96,93.08,3.75,2.2,16.04,31.11
2010-12-22,Kovilpatti,9.1728,77.871,Dryland,23.25,26.85,20.74,84.45,3.39,0.0,20.39,31.12
2010-12-23,Kovilpatti,9.1728,77.871,Dryland,22.84,27.06,18.83,83.56,2.63,0.0,18.42,31.12
2010-12-24,Kovilpatti,9.1728,77.871,Dryland,22.71,25.59,19.92,85.42,2.67,0.09,14.98,31.13
2010-12-25,Kovilpatti,9.1728,77.871,Dryland,23.72,27.4,20.96,84.21,3.15,0.09,16.22,31.14
2010-12-26,Kovilpatti,9.1728,77.871,Dryland,23.96,27.58,21.16,85.58,3.17,0.0,19.34,31.16
2010-12-27,Kovilpatti,9.1728,77.871,Dryland,23.56,27.77,20.0,84.41,3.05,0.08,19.99,31.17
2010-12-28,Kovilpatti,9.1728,77.871,Dryland,22.57,25.4,19.73,89.67,3.02,1.3,14.09,31.2
2010-12-29,Kovilpatti,9.1728,77.871,Dryland,24.04,26.87,21.51,90.42,2.8,0.92,10.65,31.22
2010-12-30,Kovilpatti,9.1728,77.871,Dryland,24.66,27.35,22.58,89.16,3.49,0.28,10.47,31.25
2010-12-31,Kovilpatti,9.1728,77.871,Dryland,24.62,27.94,22.03,88.11,2.87,0.53,16.04,31.28
2011-01-01,Kovilpatti,9.1728,77.871,Dryland,24.87,27.86,22.32,87.51,1.92,0.58,17.19,31.31
2011-01-02,Kovilpatti,9.1728,77.871,Dryland,25.26,28.9,21.92,87.75,2.02,0.32,16.62,31.34
2011-01-03,Kovilpatti,9.1728,77.871,Dryland,24.73,27.22,22.81,88.62,2.52,0.24,12.52,31.38
2011-01-04,Kovilpatti,9.1728,77.871,Dryland,24.02,27.49,21.78,89.43,3.15,1.17,18.46,31.42
2011-01-05,Kovilpatti,9.1728,77.871,Dryland,23.76,27.01,21.42,88.11,3.79,0.11,14.06,31.47
2011-01-06,Kovilpatti,9.1728,77.871,Dryland,24.41,28.37,21.12,86.65,3.38,0.07,17.48,31.51
2011-01-07,Kovilpatti,9.1728,77.871,Dryland,24.43,27.65,21.68,87.8,3.31,0.06,18.55,31.56
2011-01-08,Kovilpatti,9.1728,77.871,Dryland,25.6,29.37,22.25,85.16,2.69,0.05,17.67,31.61
2011-01-09,Kovilpatti,9.1728,77.871,Dryland,25.7,28.61,23.07,82.35,2.44,0.09,15.6,31.67
2011-01-10,Kovilpatti,9.1728,77.871,Dryland,24.71,27.56,22.28,84.25,1.87,0.12,14.04,31.72
2011-01-11,Kovilpatti,9.1728,77.871,Dryland,23.87,27.26,21.48,83.29,2.12,0.04,19.38,31.78
2011-01-12,Kovilpatti,9.1728,77.871,Dryland,22.8,27.2,19.97,82.94,2.9,0.02,16.57,31.84
2011-01-13,Kovilpatti,9.1728,77.871,Dryland,22.82,27.41,18.73,82.09,3.17,0.0,13.54,31.9
2011-01-14,Kovilpatti,9.1728,77.871,Dryland,23.43,27.95,19.05,84.17,3.51,0.05,17.97,31.97
2011-01-15,Kovilpatti,9.1728,77.871,Dryland,24.58,28.44,21.66,84.93,3.88,1.95,12.8,32.04
2011-01-16,Kovilpatti,9.1728,77.871,Dryland,24.81,28.86,21.86,87.41,3.64,4.93,13.62,32.11
2011-01-17,Kovilpatti,9.1728,77.871,Dryland,25.19,29.49,21.74,85.45,2.5,0.01,19.65,32.18
2011-01-18,Kovilpatti,9.1728,77.871,Dryland,24.67,29.39,20.94,83.39,2.7,0.0,21.09,32.25
2011-01-19,Kovilpatti,9.1728,77.871,Dryland,22.96,28.66,17.67,80.03,2.61,0.0,23.37,32.33
2011-01-20,Kovilpatti,9.1728,77.871,Dryland,23.12,28.77,18.07,81.52,2.55,0.0,23.47,32.4
2011-01-21,Kovilpatti,9.1728,77.871,Dryland,23.97,29.19,19.12,81.23,2.99,0.0,23.17,32.48
2011-01-22,Kovilpatti,9.1728,77.871,Dryland,24.32,29.33,19.65,78.99,3.74,0.01,22.27,32.55
2011-01-23,Kovilpatti,9.1728,77.871,Dryland,24.26,29.42,19.89,80.64,3.89,0.02,20.77,32.64
2011-01-24,Kovilpatti,9.1728,77.871,Dryland,24.43,29.4,20.3,77.64,4.22,0.01,20.49,32.72
2011-01-25,Kovilpatti,9.1728,77.871,Dryland,24.36,29.54,19.79,78.9,3.77,0.01,20.58,32.8
2011-01-26,Kovilpatti,9.1728,77.871,Dryland,24.9,29.76,20.84,80.14,4.34,0.52,16.37,32.89
2011-01-27,Kovilpatti,9.1728,77.871,Dryland,25.13,30.24,21.68,78.77,4.34,0.22,13.81,32.98
2011-01-28,Kovilpatti,9.1728,77.871,Dryland,25.11,30.54,20.43,80.23,3.62,0.01,19.55,33.06
2011-01-29,Kovilpatti,9.1728,77.871,Dryland,26.03,31.11,22.19,78.2,4.18,0.06,21.86,33.15
2011-01-30,Kovilpatti,9.1728,77.871,Dryland,25.9,30.83,21.88,79.66,4.37,0.36,16.04,33.24
2011-01-31,Kovilpatti,9.1728,77.871,Dryland,25.72,31.03,21.68,76.95,4.51,0.17,19.8,33.33
2011-02-01,Kovilpatti,9.1728,77.871,Dryland,25.66,30.93,21.66,76.54,4.18,0.08,22.66,33.42
2011-02-02,Kovilpatti,9.1728,77.871,Dryland,25.34,29.53,21.8,73.43,4.46,0.02,19.93,33.52
2011-02-03,Kovilpatti,9.1728,77.871,Dryland,24.96,28.28,22.37,78.05,4.21,0.21,20.25,33.61
2011-02-04,Kovilpatti,9.1728,77.871,Dryland,25.11,28.67,22.43,77.35,3.38,0.04,20.04,33.7
2011-02-05,Kovilpatti,9.1728,77.871,Dryland,25.78,31.43,20.94,74.08,3.81,0.03,23.48,33.8
2011-02-06,Kovilpatti,9.1728,77.871,Dryland,25.79,30.99,21.13,73.55,3.77,0.06,21.73,33.89
2011-02-07,Kovilpatti,9.1728,77.871,Dryland,25.98,31.02,22.44,75.69,3.81,0.06,15.72,33.99
2011-02-08,Kovilpatti,9.1728,77.871,Dryland,26.28,32.75,21.99,68.14,3.01,0.01,19.64,34.08
2011-02-09,Kovilpatti,9.1728,77.871,Dryland,25.93,32.52,20.48,72.59,2.84,0.17,21.31,34.17
2011-02-10,Kovilpatti,9.1728,77.871,Dryland,25.99,33.0,20.74,68.25,3.3,0.01,24.03,34.27
2011-02-11,Kovilpatti,9.1728,77.871,Dryland,25.08,31.46,19.64,71.33,3.41,0.0,24.72,34.36
2011-02-12,Kovilpatti,9.1728,77.871,Dryland,25.58,32.04,20.17,70.22,3.44,0.0,23.4,34.45
2011-02-13,Kovilpatti,9.1728,77.871,Dryland,25.14,31.71,19.22,67.45,3.35,0.0,24.25,34.54
2011-02-14,Kovilpatti,9.1728,77.871,Dryland,25.48,32.16,19.31,69.17,2.29,0.0,24.39,34.63
2011-02-15,Kovilpatti,9.1728,77.871,Dryland,26.78,33.49,20.71,69.06,1.7,0.0,23.15,34.72
2011-02-16,Kovilpatti,9.1728,77.871,Dryland,27.73,33.56,23.61,68.33,1.71,0.0,22.53,34.82
2011-02-17,Kovilpatti,9.1728,77.871,Dryland,28.2,34.16,23.75,68.78,1.8,0.0,21.66,34.91
2011-02-18,Kovilpatti,9.1728,77.871,Dryland,28.48,34.25,24.1,70.62,1.86,0.0,18.66,35.0
2011-02-19,Kovilpatti,9.1728,77.871,Dryland,28.83,34.79,25.25,69.68,1.77,0.0,19.19,35.09
2011-02-20,Kovilpatti,9.1728,77.871,Dryland,28.37,33.99,24.2,71.81,1.77,0.0,19.63,35.18
2011-02-21,Kovilpatti,9.1728,77.871,Dryland,28.38,33.48,24.57,71.14,1.67,0.87,17.44,35.27
2011-02-22,Kovilpatti,9.1728,77.871,Dryland,27.03,30.33,24.61,79.21,2.14,9.45,15.06,35.36
2011-02-23,Kovilpatti,9.1728,77.871,Dryland,27.73,32.88,24.28,73.03,2.62,2.41,16.26,35.45
2011-02-24,Kovilpatti,9.1728,77.871,Dryland,27.34,31.95,23.61,76.06,2.32,8.5,17.26,35.53
2011-02-25,Kovilpatti,9.1728,77.871,Dryland,27.68,32.91,23.62,70.77,2.33,0.68,19.79,35.62
2011-02-26,Kovilpatti,9.1728,77.871,Dryland,27.83,33.15,23.4,68.44,2.25,0.4,17.78,35.7
2011-02-27,Kovilpatti,9.1728,77.871,Dryland,27.72,34.05,23.07,66.1,3.24,0.01,21.3,35.79
2011-02-28,Kovilpatti,9.1728,77.871,Dryland,27.5,34.25,22.41,68.12,3.78,0.06,22.48,35.87
2011-03-01,Kovilpatti,9.1728,77.871,Dryland,27.51,33.53,22.66,69.04,4.07,0.09,24.44,35.94
2011-03-02,Kovilpatti,9.1728,77.871,Dryland,27.58,33.99,22.3,64.44,3.86,0.0,25.79,36.02
2011-03-03,Kovilpatti,9.1728,77.871,Dryland,27.49,34.21,21.18,68.02,3.39,0.0,25.59,36.1
2011-03-04,Kovilpatti,9.1728,77.871,Dryland,28.17,33.82,23.28,68.89,2.8,0.01,23.52,36.17
2011-03-05,Kovilpatti,9.1728,77.871,Dryland,28.7,34.52,24.63,67.23,2.45,0.0,23.06,36.24
2011-03-06,Kovilpatti,9.1728,77.871,Dryland,28.72,34.91,24.63,64.7,2.68,0.0,24.79,36.32
2011-03-07,Kovilpatti,9.1728,77.871,Dryland,27.91,35.25,21.72,62.56,2.62,0.0,24.27,36.39
2011-03-08,Kovilpatti,9.1728,77.871,Dryland,28.29,36.42,21.46,61.77,2.48,0.0,25.5,36.46
2011-03-09,Kovilpatti,9.1728,77.871,Dryland,28.96,36.66,22.57,56.35,2.15,0.0,25.19,36.52
2011-03-10,Kovilpatti,9.1728,77.871,Dryland,28.45,36.33,21.84,55.92,2.14,0.0,25.79,36.59
2011-03-11,Kovilpatti,9.1728,77.871,Dryland,28.53,36.42,22.3,53.93,1.83,0.0,26.12,36.66
2011-03-12,Kovilpatti,9.1728,77.871,Dryland,29.13,36.38,21.95,61.13,2.6,0.0,26.03,36.73
2011-03-13,Kovilpatti,9.1728,77.871,Dryland,29.99,35.79,24.93,64.74,3.67,0.07,24.62,36.8
2011-03-14,Kovilpatti,9.1728,77.871,Dryland,29.76,35.92,24.95,64.59,3.91,0.03,25.26,36.86
2011-03-15,Kovilpatti,9.1728,77.871,Dryland,30.04,36.95,24.71,61.69,3.69,0.01,26.54,36.92
2011-03-16,Kovilpatti,9.1728,77.871,Dryland,29.53,36.57,24.38,62.36,3.83,0.01,26.22,36.98
2011-03-17,Kovilpatti,9.1728,77.871,Dryland,28.79,35.85,24.04,61.7,4.12,0.0,25.21,37.03
2011-03-18,Kovilpatti,9.1728,77.871,Dryland,28.24,35.26,21.56,63.19,3.3,0.0,26.17,37.08
2011-03-19,Kovilpatti,9.1728,77.871,Dryland,29.59,35.51,24.98,65.54,2.45,0.0,24.9,37.13
2011-03-20,Kovilpatti,9.1728,77.871,Dryland,30.29,36.31,25.87,62.59,1.92,0.0,22.57,37.18
2011-03-21,Kovilpatti,9.1728,77.871,Dryland,31.15,37.64,26.13,56.22,2.23,0.0,21.23,37.22
2011-03-22,Kovilpatti,9.1728,77.871,Dryland,31.12,38.02,26.13,59.02,2.85,0.01,22.28,37.26
2011-03-23,Kovilpatti,9.1728,77.871,Dryland,30.64,36.98,26.19,62.19,2.33,0.0,24.79,37.31
2011-03-24,Kovilpatti,9.1728,77.871,Dryland,31.15,37.41,26.64,59.91,1.83,0.01,22.64,37.35
2011-03-25,Kovilpatti,9.1728,77.871,Dryland,31.37,37.19,26.74,59.2,1.81,0.08,22.39,37.39
2011-03-26,Kovilpatti,9.1728,77.871,Dryland,30.95,36.22,27.11,60.78,1.99,0.04,21.41,37.43
2011-03-27,Kovilpatti,9.1728,77.871,Dryland,30.97,36.91,26.8,60.95,2.25,0.01,21.86,37.46
2011-03-28,Kovilpatti,9.1728,77.871,Dryland,31.14,37.21,26.34,59.93,2.04,0.01,20.72,37.5
2011-03-29,Kovilpatti,9.1728,77.871,Dryland,31.19,37.42,26.75,58.14,2.21,0.01,22.7,37.53
2011-03-30,Kovilpatti,9.1728,77.871,Dryland,30.54,37.28,25.92,61.32,2.33,0.0,24.96,37.56
2011-03-31,Kovilpatti,9.1728,77.871,Dryland,30.48,37.71,25.27,61.09,2.51,0.0,24.91,37.6
2011-04-01,Kovilpatti,9.1728,77.871,Dryland,31.1,38.54,24.85,58.16,2.8,0.0,24.32,37.62
2011-04-02,Kovilpatti,9.1728,77.871,Dryland,31.6,38.23,26.03,57.54,3.34,0.01,23.66,37.65
2011-04-03,Kovilpatti,9.1728,77.871,Dryland,31.88,38.24,26.59,56.23,3.02,0.03,21.63,37.67
2011-04-04,Kovilpatti,9.1728,77.871,Dryland,31.92,38.33,26.36,54.38,2.98,0.01,20.64,37.69
2011-04-05,Kovilpatti,9.1728,77.871,Dryland,31.56,37.83,26.61,53.84,2.88,0.0,22.38,37.71
2011-04-06,Kovilpatti,9.1728,77.871,Dryland,30.25,36.16,26.01,55.96,2.44,0.0,24.64,37.73
2011-04-07,Kovilpatti,9.1728,77.871,Dryland,30.13,36.58,25.56,56.04,2.47,0.0,26.19,37.74
2011-04-08,Kovilpatti,9.1728,77.871,Dryland,30.21,37.03,24.64,59.16,2.44,0.05,24.22,37.75
2011-04-09,Kovilpatti,9.1728,77.871,Dryland,30.68,36.58,26.51,61.23,2.23,0.8,23.68,37.77
2011-04-10,Kovilpatti,9.1728,77.871,Dryland,29.68,34.43,26.48,67.35,2.16,1.02,22.75,37.77
2011-04-11,Kovilpatti,9.1728,77.871,Dryland,29.94,34.96,26.46,65.35,2.08,0.12,19.56,37.78
2011-04-12,Kovilpatti,9.1728,77.871,Dryland,30.32,35.3,26.64,63.63,2.37,1.3,23.37,37.78
2011-04-13,Kovilpatti,9.1728,77.871,Dryland,30.6,36.95,26.1,63.7,2.28,0.24,23.34,37.79
2011-04-14,Kovilpatti,9.1728,77.871,Dryland,31.42,37.39,26.53,59.21,2.25,0.11,20.39,37.79
2011-04-15,Kovilpatti,9.1728,77.871,Dryland,30.83,35.78,27.19,62.38,2.52,0.03,21.6,37.79
2011-04-16,Kovilpatti,9.1728,77.871,Dryland,30.49,36.56,26.38,59.75,2.53,0.04,23.72,37.78
2011-04-17,Kovilpatti,9.1728,77.871,Dryland,30.3,35.3,26.5,61.26,1.87,0.98,21.21,37.78
2011-04-18,Kovilpatti,9.1728,77.871,Dryland,30.4,35.52,26.47,63.18,2.32,0.59,18.87,37.78
2011-04-19,Kovilpatti,9.1728,77.871,Dryland,29.42,32.78,26.84,67.24,2.42,0.76,18.32,37.77
2011-04-20,Kovilpatti,9.1728,77.871,Dryland,29.68,33.99,26.35,61.75,2.54,0.67,17.18,37.77
2011-04-21,Kovilpatti,9.1728,77.871,Dryland,29.92,35.38,26.77,63.87,2.21,2.38,21.76,37.77
2011-04-22,Kovilpatti,9.1728,77.871,Dryland,28.38,32.13,26.25,75.39,2.45,8.42,20.03,37.76
2011-04-23,Kovilpatti,9.1728,77.871,Dryland,27.41,30.24,25.37,80.03,3.84,12.56,13.4,37.75
2011-04-24,Kovilpatti,9.1728,77.871,Dryland,28.63,33.77,24.58,71.88,1.92,5.18,18.71,37.74
2011-04-25,Kovilpatti,9.1728,77.871,Dryland,28.3,32.49,25.0,72.21,1.63,1.84,17.61,37.73
2011-04-26,Kovilpatti,9.1728,77.871,Dryland,29.32,34.29,25.88,71.72,1.49,0.48,19.25,37.72
2011-04-27,Kovilpatti,9.1728,77.871,Dryland,29.45,33.46,26.21,72.71,1.73,0.38,20.5,37.71
2011-04-28,Kovilpatti,9.1728,77.871,Dryland,28.86,31.82,26.83,78.35,1.95,0.51,21.46,37.7
2011-04-29,Kovilpatti,9.1728,77.871,Dryland,29.36,33.6,26.04,75.07,3.31,1.47,21.35,37.68
2011-04-30,Kovilpatti,9.1728,77.871,Dryland,29.72,34.26,26.45,71.35,3.62,0.45,21.11,37.67
2011-05-01,Kovilpatti,9.1728,77.871,Dryland,30.39,36.01,26.09,67.75,3.44,0.14,21.13,37.65
2011-05-02,Kovilpatti,9.1728,77.871,Dryland,29.81,33.92,26.67,72.84,3.41,0.18,21.43,37.63
2011-05-03,Kovilpatti,9.1728,77.871,Dryland,29.64,34.54,26.69,75.36,3.76,7.89,21.14,37.6
2011-05-04,Kovilpatti,9.1728,77.871,Dryland,29.97,35.29,26.47,68.92,3.87,0.06,16.87,37.58
2011-05-05,Kovilpatti,9.1728,77.871,Dryland,29.19,34.41,26.18,70.12,4.07,0.04,19.43,37.56
2011-05-06,Kovilpatti,9.1728,77.871,Dryland,29.96,36.71,24.96,65.75,4.6,0.0,19.98,37.54
2011-05-07,Kovilpatti,9.1728,77.871,Dryland,30.69,36.31,26.96,65.53,4.59,0.0,24.04,37.52
2011-05-08,Kovilpatti,9.1728,77.871,Dryland,31.1,38.87,25.51,58.67,4.99,0.0,26.34,37.5
2011-05-09,Kovilpatti,9.1728,77.871,Dryland,30.56,38.29,24.19,57.88,4.71,0.0,25.89,37.47
2011-05-10,Kovilpatti,9.1728,77.871,Dryland,30.85,38.03,25.22,56.86,4.4,0.0,25.28,37.45
2011-05-11,Kovilpatti,9.1728,77.871,Dryland,30.82,38.24,24.85,53.98,4.21,0.0,25.93,37.43
2011-05-12,Kovilpatti,9.1728,77.871,Dryland,31.22,38.58,24.73,54.8,3.82,0.0,26.08,37.4
2011-05-13,Kovilpatti,9.1728,77.871,Dryland,31.81,39.26,25.48,55.31,3.91,0.29,25.35,37.38
2011-05-14,Kovilpatti,9.1728,77.871,Dryland,32.11,39.41,25.95,56.89,3.96,0.0,23.6,37.35
2011-05-15,Kovilpatti,9.1728,77.871,Dryland,32.04,38.61,26.68,57.6,4.2,0.0,23.21,37.32
2011-05-16,Kovilpatti,9.1728,77.871,Dryland,31.69,38.34,26.69,58.98,3.6,0.02,24.37,37.3
2011-05-17,Kovilpatti,9.1728,77.871,Dryland,31.58,37.46,26.8,59.65,3.15,0.1,22.69,37.27
2011-05-18,Kovilpatti,9.1728,77.871,Dryland,31.9,37.45,27.11,59.03,3.35,0.05,21.33,37.25
2011-05-19,Kovilpatti,9.1728,77.871,Dryland,30.84,35.06,27.45,62.24,3.66,0.06,21.1,37.22
2011-05-20,Kovilpatti,9.1728,77.871,Dryland,30.71,36.0,27.25,66.98,3.95,7.75,23.81,37.2
2011-05-21,Kovilpatti,9.1728,77.871,Dryland,30.28,35.67,26.34,67.19,4.1,1.02,19.51,37.17
2011-05-22,Kovilpatti,9.1728,77.871,Dryland,29.9,34.0,26.73,65.83,3.28,0.02,23.38,37.15
2011-05-23,Kovilpatti,9.1728,77.871,Dryland,31.82,37.92,26.68,57.52,3.42,0.01,23.01,37.12
2011-05-24,Kovilpatti,9.1728,77.871,Dryland,30.62,34.54,27.64,68.18,3.7,1.57,19.63,37.1
2011-05-25,Kovilpatti,9.1728,77.871,Dryland,31.07,35.29,27.42,66.93,2.66,0.29,21.93,37.07
2011-05-26,Kovilpatti,9.1728,77.871,Dryland,30.01,33.4,27.52,67.19,4.52,0.03,22.2,37.05
2011-05-27,Kovilpatti,9.1728,77.871,Dryland,30.39,35.7,26.44,65.0,4.45,0.07,21.82,37.02
2011-05-28,Kovilpatti,9.1728,77.871,Dryland,30.93,36.81,26.95,60.78,4.84,0.05,22.41,36.99
2011-05-29,Kovilpatti,9.1728,77.871,Dryland,29.84,34.72,26.86,67.91,5.0,0.09,21.33,36.97
2011-05-30,Kovilpatti,9.1728,77.871,Dryland,30.18,35.31,26.67,68.25,5.83,0.77,21.08,36.95
2011-05-31,Kovilpatti,9.1728,77.871,Dryland,29.64,34.31,26.52,68.9,5.87,6.15,22.15,36.93
2011-06-01,Kovilpatti,9.1728,77.871,Dryland,28.96,33.76,26.12,73.48,5.65,4.36,14.9,36.91
2011-06-02,Kovilpatti,9.1728,77.871,Dryland,28.02,31.27,25.6,75.81,5.84,8.19,15.96,36.88
2011-06-03,Kovilpatti,9.1728,77.871,Dryland,28.57,32.13,26.4,75.89,4.47,1.05,14.43,36.86
2011-06-04,Kovilpatti,9.1728,77.871,Dryland,29.2,33.86,25.74,72.97,4.05,0.34,17.1,36.84
2011-06-05,Kovilpatti,9.1728,77.871,Dryland,29.12,34.51,25.19,71.39,4.8,0.35,12.51,36.83
2011-06-06,Kovilpatti,9.1728,77.871,Dryland,29.54,35.32,26.13,69.4,4.33,0.3,19.33,36.81
2011-06-07,Kovilpatti,9.1728,77.871,Dryland,29.88,36.03,25.08,69.72,4.17,0.01,21.41,36.8
2011-06-08,Kovilpatti,9.1728,77.871,Dryland,29.08,32.9,26.41,74.39,4.08,0.02,21.27,36.78
2011-06-09,Kovilpatti,9.1728,77.871,Dryland,29.58,34.5,26.0,71.93,4.34,0.41,20.22,36.76
2011-06-10,Kovilpatti,9.1728,77.871,Dryland,29.37,33.69,26.25,71.17,4.73,0.03,16.8,36.74
2011-06-11,Kovilpatti,9.1728,77.871,Dryland,29.47,33.45,26.29,70.19,4.56,0.0,16.96,36.73
2011-06-12,Kovilpatti,9.1728,77.871,Dryland,29.15,32.94,26.31,70.98,4.46,0.0,23.03,36.71
2011-06-13,Kovilpatti,9.1728,77.871,Dryland,28.69,32.16,25.9,68.62,5.06,0.22,17.48,36.7
2011-06-14,Kovilpatti,9.1728,77.871,Dryland,28.24,33.54,24.88,66.21,6.41,0.34,15.4,36.69
2011-06-15,Kovilpatti,9.1728,77.871,Dryland,28.99,34.47,24.89,63.05,5.29,0.07,16.99,36.68
2011-06-16,Kovilpatti,9.1728,77.871,Dryland,28.47,32.02,25.38,68.77,4.81,0.07,15.0,36.67
2011-06-17,Kovilpatti,9.1728,77.871,Dryland,29.22,35.51,24.9,63.82,5.11,0.12,15.34,36.66
2011-06-18,Kovilpatti,9.1728,77.871,Dryland,29.47,35.02,25.07,66.14,4.4,0.02,18.91,36.65
2011-06-19,Kovilpatti,9.1728,77.871,Dryland,30.12,36.47,25.92,64.02,5.37,0.01,21.57,36.64
2011-06-20,Kovilpatti,9.1728,77.871,Dryland,29.58,35.11,25.3,66.63,5.25,0.0,21.04,36.63
2011-06-21,Kovilpatti,9.1728,77.871,Dryland,30.12,36.06,26.03,64.11,4.67,0.0,23.47,36.63
2011-06-22,Kovilpatti,9.1728,77.871,Dryland,29.59,35.39,25.45,65.21,5.23,0.0,21.66,36.63
2011-06-23,Kovilpatti,9.1728,77.871,Dryland,30.47,37.62,24.64,63.57,4.8,0.0,21.27,36.62
2011-06-24,Kovilpatti,9.1728,77.871,Dryland,30.67,36.96,26.01,62.72,5.37,0.01,17.94,36.62
2011-06-25,Kovilpatti,9.1728,77.871,Dryland,30.01,33.89,27.02,66.67,5.1,0.01,16.17,36.62
2011-06-26,Kovilpatti,9.1728,77.871,Dryland,29.94,35.34,26.4,66.24,5.56,0.04,15.75,36.62
2011-06-27,Kovilpatti,9.1728,77.871,Dryland,29.5,34.72,26.15,61.6,6.18,0.0,17.25,36.62
2011-06-28,Kovilpatti,9.1728,77.871,Dryland,30.07,36.17,25.56,54.71,5.52,0.0,19.88,36.62
2011-06-29,Kovilpatti,9.1728,77.871,Dryland,30.78,37.49,24.92,55.71,4.35,0.0,22.81,36.62
2011-06-30,Kovilpatti,9.1728,77.871,Dryland,31.06,37.64,25.58,56.36,2.69,0.01,20.99,36.62
2011-07-01,Kovilpatti,9.1728,77.871,Dryland,30.67,35.69,26.3,60.69,3.68,0.53,18.06,36.62
2011-07-02,Kovilpatti,9.1728,77.871,Dryland,30.04,35.43,25.47,59.52,4.3,0.01,21.08,36.63
2011-07-03,Kovilpatti,9.1728,77.871,Dryland,29.95,35.52,25.17,61.7,4.1,0.0,16.06,36.63
2011-07-04,Kovilpatti,9.1728,77.871,Dryland,30.61,37.3,25.25,58.04,4.82,0.18,18.85,36.64
2011-07-05,Kovilpatti,9.1728,77.871,Dryland,28.98,35.06,25.55,57.69,5.22,1.52,13.49,36.64
2011-07-06,Kovilpatti,9.1728,77.871,Dryland,29.18,35.05,24.93,61.95,5.4,0.02,11.97,36.66
2011-07-07,Kovilpatti,9.1728,77.871,Dryland,29.72,36.35,24.66,62.26,4.57,6.16,16.95,36.66
2011-07-08,Kovilpatti,9.1728,77.871,Dryland,29.27,35.19,25.22,61.58,4.8,1.06,18.32,36.67
2011-07-09,Kovilpatti,9.1728,77.871,Dryland,27.69,30.53,25.62,73.44,3.15,7.63,20.05,36.68
2011-07-10,Kovilpatti,9.1728,77.871,Dryland,28.6,33.67,24.26,67.97,3.79,1.01,21.95,36.69
2011-07-11,Kovilpatti,9.1728,77.871,Dryland,28.98,34.28,25.63,70.06,5.25,0.07,17.48,36.71
2011-07-12,Kovilpatti,9.1728,77.871,Dryland,27.32,31.8,24.97,70.03,5.95,0.05,15.65,36.72
2011-07-13,Kovilpatti,9.1728,77.871,Dryland,28.24,33.14,24.12,64.51,5.41,0.12,15.32,36.74
2011-07-14,Kovilpatti,9.1728,77.871,Dryland,28.7,34.58,24.82,59.66,5.8,0.12,13.24,36.75
2011-07-15,Kovilpatti,9.1728,77.871,Dryland,28.66,34.56,24.47,64.04,5.46,0.94,14.88,36.76
2011-07-16,Kovilpatti,9.1728,77.871,Dryland,28.32,33.74,25.02,66.86,6.4,0.7,12.36,36.78
2011-07-17,Kovilpatti,9.1728,77.871,Dryland,28.02,32.7,24.84,68.74,5.54,0.11,16.65,36.79
2011-07-18,Kovilpatti,9.1728,77.871,Dryland,28.63,33.88,25.27,66.33,6.05,0.03,15.01,36.81
2011-07-19,Kovilpatti,9.1728,77.871,Dryland,28.96,34.63,24.99,63.84,4.91,0.01,18.35,36.82
2011-07-20,Kovilpatti,9.1728,77.871,Dryland,28.84,34.75,24.89,64.68,5.41,0.01,16.66,36.84
2011-07-21,Kovilpatti,9.1728,77.871,Dryland,29.62,36.19,24.92,62.88,5.33,0.06,18.15,36.85
2011-07-22,Kovilpatti,9.1728,77.871,Dryland,29.25,35.07,25.66,62.57,5.42,0.04,12.59,36.87
2011-07-23,Kovilpatti,9.1728,77.871,Dryland,29.11,34.94,25.11,66.5,5.1,0.21,13.73,36.89
2011-07-24,Kovilpatti,9.1728,77.871,Dryland,28.18,32.58,25.41,66.87,5.42,0.1,15.65,36.9
2011-07-25,Kovilpatti,9.1728,77.871,Dryland,27.89,32.57,24.85,66.56,5.0,0.02,14.12,36.92
2011-07-26,Kovilpatti,9.1728,77.871,Dryland,28.89,35.3,24.57,63.29,5.1,0.21,15.82,36.93
2011-07-27,Kovilpatti,9.1728,77.871,Dryland,28.06,32.57,24.51,65.77,5.44,0.01,14.12,36.95
2011-07-28,Kovilpatti,9.1728,77.871,Dryland,29.44,36.44,24.64,61.0,5.02,1.53,17.43,36.96
2011-07-29,Kovilpatti,9.1728,77.871,Dryland,28.65,34.8,24.84,60.79,5.48,0.1,14.43,36.97
2011-07-30,Kovilpatti,9.1728,77.871,Dryland,28.21,33.22,24.86,66.73,4.62,0.0,14.39,36.98
2011-07-31,Kovilpatti,9.1728,77.871,Dryland,29.43,35.23,25.16,66.49,4.93,0.0,15.75,36.99
2011-08-01,Kovilpatti,9.1728,77.871,Dryland,30.02,36.61,25.1,62.04,5.08,0.0,19.35,37.0
2011-08-02,Kovilpatti,9.1728,77.871,Dryland,28.98,34.21,25.1,68.44,5.6,0.07,17.74,37.02
2011-08-03,Kovilpatti,9.1728,77.871,Dryland,28.11,31.62,25.76,71.51,5.17,0.18,13.66,37.04
2011-08-04,Kovilpatti,9.1728,77.871,Dryland,28.9,34.05,24.83,64.43,5.12,0.02,15.18,37.07
2011-08-05,Kovilpatti,9.1728,77.871,Dryland,28.83,34.87,25.33,67.53,5.2,0.13,17.03,37.09
2011-08-06,Kovilpatti,9.1728,77.871,Dryland,28.11,33.14,24.97,66.26,5.72,1.43,18.5,37.11
2011-08-07,Kovilpatti,9.1728,77.871,Dryland,29.24,35.31,24.72,64.47,5.75,0.08,17.66,37.13
2011-08-08,Kovilpatti,9.1728,77.871,Dryland,29.15,35.03,25.48,67.87,4.66,2.15,16.61,37.15
2011-08-09,Kovilpatti,9.1728,77.871,Dryland,29.66,35.62,25.31,65.8,4.84,0.76,18.17,37.17
2011-08-10,Kovilpatti,9.1728,77.871,Dryland,30.09,36.51,25.46,61.98,4.69,0.01,19.48,37.18
2011-08-11,Kovilpatti,9.1728,77.871,Dryland,29.74,35.67,25.31,64.08,5.19,0.02,15.22,37.2
2011-08-12,Kovilpatti,9.1728,77.871,Dryland,28.98,34.62,24.95,64.47,4.65,0.02,16.13,37.21
2011-08-13,Kovilpatti,9.1728,77.871,Dryland,29.42,35.45,25.2,61.03,4.5,0.0,17.71,37.22
2011-08-14,Kovilpatti,9.1728,77.871,Dryland,30.13,35.07,25.62,55.7,2.0,0.01,19.91,37.23
2011-08-15,Kovilpatti,9.1728,77.871,Dryland,29.74,34.92,25.34,63.88,2.47,5.9,18.07,37.24
2011-08-16,Kovilpatti,9.1728,77.871,Dryland,29.13,34.78,24.95,66.97,3.16,0.88,18.01,37.25
2011-08-17,Kovilpatti,9.1728,77.871,Dryland,27.89,32.14,25.48,72.51,3.04,4.04,15.28,37.26
2011-08-18,Kovilpatti,9.1728,77.871,Dryland,27.95,32.5,24.77,69.59,4.64,0.29,17.64,37.26
2011-08-19,Kovilpatti,9.1728,77.871,Dryland,28.95,34.79,24.43,65.2,4.5,0.01,16.69,37.27
2011-08-20,Kovilpatti,9.1728,77.871,Dryland,28.99,34.81,25.0,68.31,4.9,0.05,16.96,37.27
2011-08-21,Kovilpatti,9.1728,77.871,Dryland,29.32,34.34,26.11,63.58,4.89,0.02,17.37,37.27
2011-08-22,Kovilpatti,9.1728,77.871,Dryland,28.77,34.2,25.28,66.01,4.66,0.0,17.53,37.27
2011-08-23,Kovilpatti,9.1728,77.871,Dryland,28.8,33.6,25.44,66.19,4.76,0.0,19.23,37.28
2011-08-24,Kovilpatti,9.1728,77.871,Dryland,28.23,32.56,25.32,64.5,4.87,0.54,17.84,37.29
2011-08-25,Kovilpatti,9.1728,77.871,Dryland,28.85,35.18,24.66,66.9,4.94,0.25,15.8,37.29
2011-08-26,Kovilpatti,9.1728,77.871,Dryland,28.71,33.6,25.09,67.99,4.75,0.06,13.85,37.29
2011-08-27,Kovilpatti,9.1728,77.871,Dryland,28.61,33.32,25.45,68.89,5.27,0.01,18.61,37.29
2011-08-28,Kovilpatti,9.1728,77.871,Dryland,28.48,32.45,25.67,70.85,4.9,0.12,16.38,37.28
2011-08-29,Kovilpatti,9.1728,77.871,Dryland,28.4,32.4,25.58,71.77,4.87,0.59,13.76,37.27
2011-08-30,Kovilpatti,9.1728,77.871,Dryland,29.04,34.92,24.99,66.81,4.87,0.34,15.05,37.27
2011-08-31,Kovilpatti,9.1728,77.871,Dryland,29.29,35.52,25.08,66.9,5.29,0.77,16.46,37.26
2011-09-01,Kovilpatti,9.1728,77.871,Dryland,29.49,35.36,26.13,65.63,6.02,0.15,12.48,37.25
2011-09-02,Kovilpatti,9.1728,77.871,Dryland,28.06,31.37,25.74,72.05,4.88,0.21,14.45,37.24
2011-09-03,Kovilpatti,9.1728,77.871,Dryland,28.66,34.15,25.29,66.89,4.97,0.15,15.78,37.23
2011-09-04,Kovilpatti,9.1728,77.871,Dryland,29.64,35.59,25.23,65.12,4.79,0.03,18.67,37.21
2011-09-05,Kovilpatti,9.1728,77.871,Dryland,30.03,36.3,25.97,64.21,4.63,0.11,18.48,37.2
2011-09-06,Kovilpatti,9.1728,77.871,Dryland,29.0,34.11,25.83,65.45,4.84,0.11,16.71,37.18
2011-09-07,Kovilpatti,9.1728,77.871,Dryland,28.53,33.3,25.16,67.9,4.83,0.01,18.13,37.16
2011-09-08,Kovilpatti,9.1728,77.871,Dryland,29.24,35.27,25.09,68.94,4.12,6.66,21.26,37.14
2011-09-09,Kovilpatti,9.1728,77.871,Dryland,28.79,34.11,25.46,70.42,4.15,1.8,18.99,37.12
2011-09-10,Kovilpatti,9.1728,77.871,Dryland,28.68,34.16,25.33,69.33,5.35,0.75,16.81,37.1
2011-09-11,Kovilpatti,9.1728,77.871,Dryland,28.27,33.66,25.0,69.79,5.44,0.14,19.97,37.08
2011-09-12,Kovilpatti,9.1728,77.871,Dryland,28.47,34.28,25.15,67.24,5.06,2.07,18.33,37.05
2011-09-13,Kovilpatti,9.1728,77.871,Dryland,28.15,34.12,23.82,63.11,5.6,0.14,16.69,37.02
2011-09-14,Kovilpatti,9.1728,77.871,Dryland,29.07,35.15,24.86,62.18,5.4,0.11,17.99,36.99
2011-09-15,Kovilpatti,9.1728,77.871,Dryland,28.92,35.12,25.04,65.55,5.7,0.25,14.69,36.96
2011-09-16,Kovilpatti,9.1728,77.871,Dryland,29.85,35.76,25.59,65.58,4.55,0.02,20.17,36.93
2011-09-17,Kovilpatti,9.1728,77.871,Dryland,30.08,36.78,25.48,64.7,4.2,0.29,22.65,36.9
2011-09-18,Kovilpatti,9.1728,77.871,Dryland,29.59,35.43,25.15,65.67,4.01,0.03,22.8,36.86
2011-09-19,Kovilpatti,9.1728,77.871,Dryland,29.66,34.98,25.32,64.85,4.61,0.08,23.34,36.83
2011-09-20,Kovilpatti,9.1728,77.871,Dryland,29.57,35.36,25.47,66.41,4.89,0.15,16.07,36.79
2011-09-21,Kovilpatti,9.1728,77.871,Dryland,29.0,35.02,25.1,67.43,4.82,3.49,16.56,36.75
2011-09-22,Kovilpatti,9.1728,77.871,Dryland,29.7,36.19,24.82,64.04,4.39,0.05,20.96,36.71
2011-09-23,Kovilpatti,9.1728,77.871,Dryland,28.63,33.76,24.6,64.12,3.84,0.0,23.63,36.66
2011-09-24,Kovilpatti,9.1728,77.871,Dryland,30.31,38.06,24.12,60.5,3.97,0.06,23.24,36.61
2011-09-25,Kovilpatti,9.1728,77.871,Dryland,30.61,37.71,25.07,60.79,4.03,0.05,23.26,36.55
2011-09-26,Kovilpatti,9.1728,77.871,Dryland,30.71,37.82,25.18,59.67,3.84,1.96,23.41,36.49
2011-09-27,Kovilpatti,9.1728,77.871,Dryland,31.06,38.52,25.1,58.58,3.15,0.09,23.36,36.44
2011-09-28,Kovilpatti,9.1728,77.871,Dryland,30.0,35.93,25.35,60.04,3.47,0.0,21.67,36.39
2011-09-29,Kovilpatti,9.1728,77.871,Dryland,29.66,34.23,25.05,61.18,2.01,1.38,22.45,36.34
2011-09-30,Kovilpatti,9.1728,77.871,Dryland,30.25,36.2,25.08,65.46,1.44,6.15,19.04,36.29
2011-10-01,Kovilpatti,9.1728,77.871,Dryland,28.83,31.74,25.97,73.33,1.45,2.46,20.71,36.24
2011-10-02,Kovilpatti,9.1728,77.871,Dryland,29.46,34.44,25.02,67.39,2.03,0.57,23.21,36.19
2011-10-03,Kovilpatti,9.1728,77.871,Dryland,30.26,36.32,24.97,64.94,2.14,1.1,22.28,36.14
2011-10-04,Kovilpatti,9.1728,77.871,Dryland,29.3,33.55,26.04,69.79,2.4,2.85,24.04,36.08
2011-10-05,Kovilpatti,9.1728,77.871,Dryland,28.66,33.32,24.79,70.6,2.06,3.94,22.38,36.01
2011-10-06,Kovilpatti,9.1728,77.871,Dryland,29.63,35.5,24.66,66.13,2.73,0.48,22.8,35.95
2011-10-07,Kovilpatti,9.1728,77.871,Dryland,29.63,35.61,24.88,66.71,2.94,3.44,22.48,35.88
2011-10-08,Kovilpatti,9.1728,77.871,Dryland,29.9,36.68,24.67,62.57,3.44,0.16,24.27,35.81
2011-10-09,Kovilpatti,9.1728,77.871,Dryland,29.81,35.88,24.45,63.26,2.61,0.06,24.19,35.74
2011-10-10,Kovilpatti,9.1728,77.871,Dryland,29.48,34.6,24.98,64.79,2.64,0.02,22.07,35.67
2011-10-11,Kovilpatti,9.1728,77.871,Dryland,29.83,34.53,26.07,63.16,2.34,0.94,15.82,35.6
2011-10-12,Kovilpatti,9.1728,77.871,Dryland,28.52,31.84,25.42,69.71,1.62,5.69,17.9,35.53
2011-10-13,Kovilpatti,9.1728,77.871,Dryland,28.3,32.21,25.09,75.22,1.41,7.22,19.5,35.45
2011-10-14,Kovilpatti,9.1728,77.871,Dryland,29.23,33.27,26.27,71.67,1.01,3.27,15.5,35.38
2011-10-15,Kovilpatti,9.1728,77.871,Dryland,28.55,31.94,25.49,76.48,1.42,3.05,17.25,35.3
2011-10-16,Kovilpatti,9.1728,77.871,Dryland,28.39,32.07,25.54,79.97,2.22,27.6,18.0,35.22
2011-10-17,Kovilpatti,9.1728,77.871,Dryland,27.35,30.85,25.26,79.92,2.25,12.13,15.88,35.15
2011-10-18,Kovilpatti,9.1728,77.871,Dryland,27.39,31.08,23.74,75.02,1.56,13.6,19.56,35.07
2011-10-19,Kovilpatti,9.1728,77.871,Dryland,28.09,33.18,24.2,73.41,1.91,2.06,19.41,35.0
2011-10-20,Kovilpatti,9.1728,77.871,Dryland,28.83,34.26,24.79,68.72,2.48,0.06,19.52,34.93
2011-10-21,Kovilpatti,9.1728,77.871,Dryland,28.66,33.74,24.71,72.43,1.71,0.1,20.15,34.84
2011-10-22,Kovilpatti,9.1728,77.871,Dryland,27.94,31.33,25.76,76.29,1.68,0.98,17.83,34.76
2011-10-23,Kovilpatti,9.1728,77.871,Dryland,26.69,29.05,24.69,79.1,2.1,2.46,12.82,34.67
2011-10-24,Kovilpatti,9.1728,77.871,Dryland,27.44,32.03,23.75,77.69,2.46,9.97,17.79,34.58
2011-10-25,Kovilpatti,9.1728,77.871,Dryland,26.18,28.65,24.19,83.9,2.97,17.35,12.75,34.5
2011-10-26,Kovilpatti,9.1728,77.871,Dryland,26.29,28.41,24.9,86.02,4.06,26.11,10.53,34.41
2011-10-27,Kovilpatti,9.1728,77.871,Dryland,26.75,29.83,24.77,84.08,2.86,14.01,11.15,34.33
2011-10-28,Kovilpatti,9.1728,77.871,Dryland,26.49,29.47,24.29,86.07,3.26,8.51,17.84,34.24
2011-10-29,Kovilpatti,9.1728,77.871,Dryland,25.85,27.69,24.42,89.24,3.76,7.22,15.05,34.16
2011-10-30,Kovilpatti,9.1728,77.871,Dryland,25.56,28.53,23.75,87.42,2.22,23.81,13.47,34.07
2011-10-31,Kovilpatti,9.1728,77.871,Dryland,26.22,28.99,24.1,86.63,2.5,18.67,11.66,33.99
2011-11-01,Kovilpatti,9.1728,77.871,Dryland,25.57,26.69,24.54,93.3,1.79,18.41,8.84,33.91
2011-11-02,Kovilpatti,9.1728,77.871,Dryland,25.9,27.92,24.11,85.8,1.11,2.42,10.09,33.82
2011-11-03,Kovilpatti,9.1728,77.871,Dryland,26.09,28.72,23.89,83.69,1.49,10.79,12.33,33.73
2011-11-04,Kovilpatti,9.1728,77.871,Dryland,26.11,29.77,22.88,81.9,1.65,0.84,19.39,33.64
2011-11-05,Kovilpatti,9.1728,77.871,Dryland,26.98,30.29,24.44,80.8,1.37,0.12,17.23,33.55
2011-11-06,Kovilpatti,9.1728,77.871,Dryland,26.91,29.24,24.84,82.23,0.83,1.76,17.65,33.46
2011-11-07,Kovilpatti,9.1728,77.871,Dryland,26.9,30.31,23.86,84.27,1.51,8.09,17.96,33.37
2011-11-08,Kovilpatti,9.1728,77.871,Dryland,25.59,29.6,22.62,80.29,3.03,0.23,21.19,33.29
2011-11-09,Kovilpatti,9.1728,77.871,Dryland,24.56,29.33,20.42,77.45,2.88,0.0,22.95,33.21
2011-11-10,Kovilpatti,9.1728,77.871,Dryland,24.51,29.66,19.64,72.9,2.49,0.0,22.9,33.13
2011-11-11,Kovilpatti,9.1728,77.871,Dryland,25.64,30.06,20.92,75.66,2.2,0.0,19.21,33.06
2011-11-12,Kovilpatti,9.1728,77.871,Dryland,25.03,28.06,21.95,82.38,2.02,0.0,21.17,32.98
2011-11-13,Kovilpatti,9.1728,77.871,Dryland,26.49,30.4,24.23,82.56,2.54,0.02,20.72,32.91
2011-11-14,Kovilpatti,9.1728,77.871,Dryland,26.69,30.19,24.17,82.58,2.91,1.73,19.21,32.83
2011-11-15,Kovilpatti,9.1728,77.871,Dryland,25.96,30.13,22.8,82.81,3.27,1.12,22.92,32.75
2011-11-16,Kovilpatti,9.1728,77.871,Dryland,25.77,31.06,21.92,80.01,3.02,1.45,21.22,32.67
2011-11-17,Kovilpatti,9.1728,77.871,Dryland,25.89,29.32,22.84,84.91,3.42,2.97,12.11,32.59
2011-11-18,Kovilpatti,9.1728,77.871,Dryland,26.66,30.04,24.17,85.44,3.17,7.62,16.95,32.51
2011-11-19,Kovilpatti,9.1728,77.871,Dryland,26.03,29.75,23.52,85.49,4.14,5.78,19.41,32.44
2011-11-20,Kovilpatti,9.1728,77.871,Dryland,25.29,28.88,21.95,83.37,4.59,1.61,16.19,32.36
2011-11-21,Kovilpatti,9.1728,77.871,Dryland,25.77,29.17,22.71,85.26,4.19,2.94,11.6,32.29
2011-11-22,Kovilpatti,9.1728,77.871,Dryland,25.94,29.36,23.17,82.71,4.47,0.81,19.08,32.21
2011-11-23,Kovilpatti,9.1728,77.871,Dryland,25.87,29.99,21.94,82.62,4.49,2.25,16.23,32.14
2011-11-24,Kovilpatti,9.1728,77.871,Dryland,26.22,29.48,23.55,87.72,5.06,6.39,10.36,32.07
2011-11-25,Kovilpatti,9.1728,77.871,Dryland,26.06,27.06,25.31,92.96,5.35,35.22,9.18,32.01
2011-11-26,Kovilpatti,9.1728,77.871,Dryland,26.34,28.72,25.3,90.41,5.74,31.33,5.84,31.94
2011-11-27,Kovilpatti,9.1728,77.871,Dryland,25.9,27.46,24.68,92.8,3.18,20.09,9.84,31.88
2011-11-28,Kovilpatti,9.1728,77.871,Dryland,25.81,27.7,23.93,86.19,1.39,5.06,13.89,31.82
2011-11-29,Kovilpatti,9.1728,77.871,Dryland,25.97,28.57,23.29,86.14,1.64,1.57,16.82,31.77
2011-11-30,Kovilpatti,9.1728,77.871,Dryland,26.66,30.15,24.3,88.45,3.25,3.72,13.15,31.71
2011-12-01,Kovilpatti,9.1728,77.871,Dryland,26.46,29.73,24.34,87.22,2.27,5.83,13.81,31.66
2011-12-02,Kovilpatti,9.1728,77.871,Dryland,26.1,29.2,23.94,86.22,1.8,2.67,14.78,31.61
2011-12-03,Kovilpatti,9.1728,77.871,Dryland,26.6,30.09,24.16,80.87,1.35,2.4,11.63,31.55
2011-12-04,Kovilpatti,9.1728,77.871,Dryland,26.3,29.75,23.85,80.73,1.54,0.36,15.83,31.51
2011-12-05,Kovilpatti,9.1728,77.871,Dryland,25.29,29.05,22.36,83.27,2.51,0.04,13.77,31.47
2011-12-06,Kovilpatti,9.1728,77.871,Dryland,24.93,28.99,21.21,85.48,3.14,0.0,20.08,31.43
2011-12-07,Kovilpatti,9.1728,77.871,Dryland,24.31,28.39,20.72,82.64,3.81,0.0,19.62,31.39
2011-12-08,Kovilpatti,9.1728,77.871,Dryland,24.54,28.99,20.31,82.33,3.31,0.15,19.04,31.36
2011-12-09,Kovilpatti,9.1728,77.871,Dryland,25.6,29.73,22.02,86.75,2.68,0.4,11.54,31.33
2011-12-10,Kovilpatti,9.1728,77.871,Dryland,26.35,30.13,23.38,85.73,2.75,1.29,17.26,31.29
2011-12-11,Kovilpatti,9.1728,77.871,Dryland,25.88,28.84,23.49,88.54,2.86,1.77,18.9,31.26
2011-12-12,Kovilpatti,9.1728,77.871,Dryland,24.69,26.8,23.21,90.27,3.21,1.08,18.4,31.24
2011-12-13,Kovilpatti,9.1728,77.871,Dryland,25.17,27.96,22.89,88.76,3.88,1.36,14.34,31.21
2011-12-14,Kovilpatti,9.1728,77.871,Dryland,25.79,29.23,23.29,87.43,3.96,3.28,13.54,31.19
2011-12-15,Kovilpatti,9.1728,77.871,Dryland,25.59,28.76,23.11,86.31,3.26,2.63,17.78,31.17
2011-12-16,Kovilpatti,9.1728,77.871,Dryland,25.54,29.04,23.27,81.35,4.12,4.51,17.46,31.16
2011-12-17,Kovilpatti,9.1728,77.871,Dryland,24.88,29.23,21.44,79.56,4.2,0.08,20.46,31.15
2011-12-18,Kovilpatti,9.1728,77.871,Dryland,24.03,27.15,20.97,84.34,4.76,7.33,15.23,31.14
2011-12-19,Kovilpatti,9.1728,77.871,Dryland,23.52,25.9,21.47,88.57,3.91,8.91,8.21,31.13
2011-12-20,Kovilpatti,9.1728,77.871,Dryland,23.65,26.71,21.43,85.97,4.18,0.75,13.27,31.12
2011-12-21,Kovilpatti,9.1728,77.871,Dryland,24.08,28.31,20.53,81.91,3.74,0.01,19.36,31.12
2011-12-22,Kovilpatti,9.1728,77.871,Dryland,23.92,27.5,20.98,82.48,3.72,0.12,18.69,31.12
2011-12-23,Kovilpatti,9.1728,77.871,Dryland,23.85,28.0,20.77,82.33,3.36,0.02,13.58,31.12
2011-12-24,Kovilpatti,9.1728,77.871,Dryland,24.25,29.06,20.69,80.84,3.47,1.6,19.25,31.13
2011-12-25,Kovilpatti,9.1728,77.871,Dryland,24.16,29.74,19.31,79.69,3.24,0.06,21.84,31.14
2011-12-26,Kovilpatti,9.1728,77.871,Dryland,23.81,29.8,18.67,76.88,2.7,0.0,20.76,31.16
2011-12-27,Kovilpatti,9.1728,77.871,Dryland,25.29,31.01,19.73,66.42,1.15,0.0,15.51,31.17
2011-12-28,Kovilpatti,9.1728,77.871,Dryland,25.83,31.4,20.18,67.15,1.06,0.0,18.08,31.2
2011-12-29,Kovilpatti,9.1728,77.871,Dryland,25.73,32.5,19.32,72.47,2.22,0.01,17.79,31.23
2011-12-30,Kovilpatti,9.1728,77.871,Dryland,26.26,30.92,23.01,81.45,3.06,6.5,14.32,31.25
2011-12-31,Kovilpatti,9.1728,77.871,Dryland,25.92,29.28,22.95,82.83,2.81,7.55,8.0,31.28
2012-01-01,Kovilpatti,9.1728,77.871,Dryland,25.07,30.38,21.5,79.69,2.09,0.22,21.47,31.31
2012-01-02,Kovilpatti,9.1728,77.871,Dryland,25.52,31.11,21.55,80.42,1.6,0.0,22.73,31.35
2012-01-03,Kovilpatti,9.1728,77.871,Dryland,26.14,31.74,21.79,80.43,2.33,0.0,22.17,31.38
2012-01-04,Kovilpatti,9.1728,77.871,Dryland,26.74,31.87,22.71,81.88,3.06,0.01,18.46,31.43
2012-01-05,Kovilpatti,9.1728,77.871,Dryland,26.88,31.71,23.44,80.0,3.47,0.01,17.97,31.47
2012-01-06,Kovilpatti,9.1728,77.871,Dryland,26.36,31.44,22.88,78.04,3.67,0.01,21.02,31.52
2012-01-07,Kovilpatti,9.1728,77.871,Dryland,25.76,31.04,21.2,78.56,3.54,0.13,21.71,31.56
2012-01-08,Kovilpatti,9.1728,77.871,Dryland,26.09,30.86,22.5,81.79,3.79,2.61,12.55,31.61
2012-01-09,Kovilpatti,9.1728,77.871,Dryland,26.88,31.69,23.58,80.33,2.87,0.8,19.97,31.66
2012-01-10,Kovilpatti,9.1728,77.871,Dryland,26.6,31.02,23.46,78.49,2.64,3.11,18.89,31.72
2012-01-11,Kovilpatti,9.1728,77.871,Dryland,25.83,30.8,22.22,75.22,2.25,7.87,16.49,31.78
2012-01-12,Kovilpatti,9.1728,77.871,Dryland,26.14,31.48,22.47,74.61,3.07,0.83,18.54,31.84
2012-01-13,Kovilpatti,9.1728,77.871,Dryland,26.03,31.06,22.08,74.5,3.84,0.01,19.74,31.9
2012-01-14,Kovilpatti,9.1728,77.871,Dryland,25.58,30.96,21.43,73.15,4.23,0.08,19.07,31.97
2012-01-15,Kovilpatti,9.1728,77.871,Dryland,24.32,30.22,20.03,67.93,4.28,0.0,19.01,32.03
2012-01-16,Kovilpatti,9.1728,77.871,Dryland,23.65,29.8,18.18,68.8,3.51,0.0,21.7,32.1
2012-01-17,Kovilpatti,9.1728,77.871,Dryland,24.07,30.41,18.59,67.42,2.84,0.0,20.72,32.17
2012-01-18,Kovilpatti,9.1728,77.871,Dryland,24.3,31.26,18.41,65.28,2.19,0.0,22.55,32.24
2012-01-19,Kovilpatti,9.1728,77.871,Dryland,25.17,31.4,19.8,67.16,1.83,0.0,22.48,32.31
2012-01-20,Kovilpatti,9.1728,77.871,Dryland,25.28,31.87,19.95,69.79,1.9,0.0,21.23,32.38
2012-01-21,Kovilpatti,9.1728,77.871,Dryland,25.32,31.6,19.83,70.71,2.5,0.0,22.07,32.46
2012-01-22,Kovilpatti,9.1728,77.871,Dryland,24.7,30.87,19.59,68.5,3.5,0.0,22.7,32.54
2012-01-23,Kovilpatti,9.1728,77.871,Dryland,24.63,31.13,18.88,70.23,3.72,0.0,23.58,32.63
2012-01-24,Kovilpatti,9.1728,77.871,Dryland,25.21,31.46,20.67,65.71,3.41,0.0,23.06,32.72
2012-01-25,Kovilpatti,9.1728,77.871,Dryland,24.72,31.02,19.2,65.39,3.45,0.0,23.14,32.8
2012-01-26,Kovilpatti,9.1728,77.871,Dryland,25.51,32.12,19.38,66.58,3.34,0.04,23.4,32.89
2012-01-27,Kovilpatti,9.1728,77.871,Dryland,25.86,31.85,20.62,72.76,2.9,0.47,22.73,32.97
2012-01-28,Kovilpatti,9.1728,77.871,Dryland,26.26,31.66,22.33,70.68,3.13,0.01,20.38,33.06
2012-01-29,Kovilpatti,9.1728,77.871,Dryland,26.42,32.2,21.59,66.84,3.24,0.0,19.21,33.15
2012-01-30,Kovilpatti,9.1728,77.871,Dryland,26.27,32.12,21.49,65.43,3.64,0.0,19.77,33.24
2012-01-31,Kovilpatti,9.1728,77.871,Dryland,25.98,31.65,20.73,66.82,3.91,0.09,19.75,33.33
2012-02-01,Kovilpatti,9.1728,77.871,Dryland,25.98,31.8,20.56,66.09,4.5,0.04,20.67,33.41
2012-02-02,Kovilpatti,9.1728,77.871,Dryland,26.16,31.96,20.98,66.31,4.72,0.01,18.96,33.51
2012-02-03,Kovilpatti,9.1728,77.871,Dryland,26.84,32.73,22.37,65.81,4.95,0.0,17.29,33.6
2012-02-04,Kovilpatti,9.1728,77.871,Dryland,27.28,33.56,21.99,64.74,4.24,0.0,19.19,33.7
2012-02-05,Kovilpatti,9.1728,77.871,Dryland,27.44,32.97,22.61,68.1,3.94,0.0,18.33,33.79
2012-02-06,Kovilpatti,9.1728,77.871,Dryland,26.96,31.09,23.91,71.63,3.3,0.05,18.56,33.88
2012-02-07,Kovilpatti,9.1728,77.871,Dryland,27.82,33.55,23.49,70.08,3.65,0.02,20.63,33.97
2012-02-08,Kovilpatti,9.1728,77.871,Dryland,27.34,31.06,24.43,73.57,3.1,0.03,21.5,34.07
2012-02-09,Kovilpatti,9.1728,77.871,Dryland,27.97,33.05,24.1,74.39,2.65,0.04,19.2,34.16
2012-02-10,Kovilpatti,9.1728,77.871,Dryland,27.16,30.47,24.93,75.79,2.78,0.73,16.27,34.25
2012-02-11,Kovilpatti,9.1728,77.871,Dryland,28.11,34.34,23.75,68.97,2.99,0.15,20.11,34.34
2012-02-12,Kovilpatti,9.1728,77.871,Dryland,27.91,34.16,23.32,65.53,3.37,0.0,21.78,34.43
2012-02-13,Kovilpatti,9.1728,77.871,Dryland,27.55,34.3,22.62,67.98,3.66,0.0,23.29,34.53
2012-02-14,Kovilpatti,9.1728,77.871,Dryland,28.07,34.91,23.14,66.39,3.46,0.0,23.46,34.63
2012-02-15,Kovilpatti,9.1728,77.871,Dryland,28.29,34.26,24.23,65.54,2.36,0.02,18.13,34.72
2012-02-16,Kovilpatti,9.1728,77.871,Dryland,28.55,34.26,24.51,63.49,2.31,0.0,21.73,34.81
2012-02-17,Kovilpatti,9.1728,77.871,Dryland,28.16,34.25,23.87,65.39,2.7,0.0,22.19,34.9
2012-02-18,Kovilpatti,9.1728,77.871,Dryland,27.3,32.22,23.81,66.84,3.65,0.0,23.0,34.99
2012-02-19,Kovilpatti,9.1728,77.871,Dryland,27.28,34.41,20.99,66.14,3.8,0.0,24.16,35.08
2012-02-20,Kovilpatti,9.1728,77.871,Dryland,27.84,35.49,22.03,62.3,3.38,0.0,24.5,35.16
2012-02-21,Kovilpatti,9.1728,77.871,Dryland,27.82,35.17,21.09,62.67,3.05,0.0,24.72,35.25
2012-02-22,Kovilpatti,9.1728,77.871,Dryland,27.39,34.45,21.64,62.3,3.17,0.0,19.96,35.35
2012-02-23,Kovilpatti,9.1728,77.871,Dryland,27.19,34.65,21.6,62.03,3.65,0.0,21.72,35.44
2012-02-24,Kovilpatti,9.1728,77.871,Dryland,26.58,33.86,21.44,61.54,3.21,0.0,25.52,35.53
2012-02-25,Kovilpatti,9.1728,77.871,Dryland,27.41,34.7,20.89,59.22,3.75,0.0,24.57,35.61
2012-02-26,Kovilpatti,9.1728,77.871,Dryland,27.93,35.06,21.5,56.06,3.4,0.0,25.11,35.7
2012-02-27,Kovilpatti,9.1728,77.871,Dryland,28.4,35.49,22.26,59.62,3.15,0.0,25.12,35.78
2012-02-28,Kovilpatti,9.1728,77.871,Dryland,28.7,34.5,24.48,66.92,2.34,0.04,23.73,35.86
2012-02-29,Kovilpatti,9.1728,77.871,Dryland,30.22,37.23,24.78,61.12,2.62,0.01,23.57,35.94
2012-03-01,Kovilpatti,9.1728,77.871,Dryland,29.74,36.09,25.0,65.6,2.3,0.01,23.29,36.02
2012-03-02,Kovilpatti,9.1728,77.871,Dryland,30.02,36.97,24.91,62.3,2.4,0.0,23.38,36.1
2012-03-03,Kovilpatti,9.1728,77.871,Dryland,30.77,37.51,25.45,60.29,2.91,0.0,21.23,36.18
2012-03-04,Kovilpatti,9.1728,77.871,Dryland,30.8,37.47,25.48,56.44,3.08,0.0,20.66,36.25
2012-03-05,Kovilpatti,9.1728,77.871,Dryland,29.54,35.61,25.16,59.94,2.36,0.0,20.19,36.31
2012-03-06,Kovilpatti,9.1728,77.871,Dryland,29.88,36.86,24.85,60.37,2.36,0.0,23.08,36.37
2012-03-07,Kovilpatti,9.1728,77.871,Dryland,30.65,37.71,24.83,57.97,2.25,0.0,21.39,36.43
2012-03-08,Kovilpatti,9.1728,77.871,Dryland,31.06,37.54,26.3,56.76,3.45,0.01,19.71,36.5
2012-03-09,Kovilpatti,9.1728,77.871,Dryland,30.82,37.61,26.59,53.84,2.85,0.0,19.32,36.57
2012-03-10,Kovilpatti,9.1728,77.871,Dryland,30.61,36.68,26.1,57.25,2.15,0.0,18.15,36.65
2012-03-11,Kovilpatti,9.1728,77.871,Dryland,29.91,35.53,25.79,59.84,3.04,0.18,22.14,36.72
2012-03-12,Kovilpatti,9.1728,77.871,Dryland,28.38,31.98,25.72,68.69,2.85,5.91,17.04,36.79
2012-03-13,Kovilpatti,9.1728,77.871,Dryland,28.29,32.62,25.35,73.28,2.64,5.56,17.2,36.85
2012-03-14,Kovilpatti,9.1728,77.871,Dryland,28.51,33.62,25.14,68.41,2.37,0.85,21.39,36.91
2012-03-15,Kovilpatti,9.1728,77.871,Dryland,29.09,34.71,25.51,69.84,2.43,6.56,21.04,36.96
2012-03-16,Kovilpatti,9.1728,77.871,Dryland,29.74,35.65,25.44,66.24,2.13,0.15,22.82,37.01
2012-03-17,Kovilpatti,9.1728,77.871,Dryland,29.55,35.66,25.49,65.35,1.99,0.0,24.29,37.07
2012-03-18,Kovilpatti,9.1728,77.871,Dryland,29.37,36.39,24.04,62.75,1.85,0.0,25.42,37.12
2012-03-19,Kovilpatti,9.1728,77.871,Dryland,29.83,37.46,24.17,61.74,2.31,0.0,24.86,37.17
2012-03-20,Kovilpatti,9.1728,77.871,Dryland,29.95,37.58,24.51,64.19,2.71,0.0,25.08,37.22
2012-03-21,Kovilpatti,9.1728,77.871,Dryland,30.06,36.91,24.92,62.33,2.79,0.0,24.4,37.27
2012-03-22,Kovilpatti,9.1728,77.871,Dryland,30.63,37.81,25.29,62.04,2.66,0.04,22.7,37.31
2012-03-23,Kovilpatti,9.1728,77.871,Dryland,30.11,36.88,25.39,59.2,2.04,0.01,24.71,37.35
2012-03-24,Kovilpatti,9.1728,77.871,Dryland,29.6,36.38,24.99,53.86,2.11,0.0,26.0,37.39
2012-03-25,Kovilpatti,9.1728,77.871,Dryland,29.01,35.67,23.38,49.71,2.76,0.0,26.67,37.43
2012-03-26,Kovilpatti,9.1728,77.871,Dryland,28.89,35.52,23.3,52.05,2.74,0.0,26.14,37.46
2012-03-27,Kovilpatti,9.1728,77.871,Dryland,29.59,35.23,25.25,60.94,2.49,0.15,22.9,37.5
2012-03-28,Kovilpatti,9.1728,77.871,Dryland,30.28,35.64,26.53,60.12,2.06,0.07,20.94,37.53
2012-03-29,Kovilpatti,9.1728,77.871,Dryland,29.82,34.23,26.87,63.96,1.58,0.37,17.6,37.56
2012-03-30,Kovilpatti,9.1728,77.871,Dryland,30.97,36.71,25.99,60.09,2.9,0.13,20.0,37.59
2012-03-31,Kovilpatti,9.1728,77.871,Dryland,30.63,36.84,25.9,63.89,2.63,8.58,21.29,37.62
2012-04-01,Kovilpatti,9.1728,77.871,Dryland,29.28,34.39,26.05,72.69,1.84,11.39,23.18,37.65
2012-04-02,Kovilpatti,9.1728,77.871,Dryland,28.29,31.64,25.49,73.14,1.62,0.12,21.14,37.67
2012-04-03,Kovilpatti,9.1728,77.871,Dryland,29.12,35.27,24.39,68.62,1.93,0.03,24.38,37.68
2012-04-04,Kovilpatti,9.1728,77.871,Dryland,30.14,36.53,24.67,64.21,2.29,0.02,24.86,37.7
2012-04-05,Kovilpatti,9.1728,77.871,Dryland,30.99,38.09,25.14,61.48,2.63,0.01,25.33,37.72
2012-04-06,Kovilpatti,9.1728,77.871,Dryland,31.43,38.65,25.7,60.39,2.47,0.01,23.02,37.74
2012-04-07,Kovilpatti,9.1728,77.871,Dryland,30.9,37.73,25.57,62.0,2.47,0.01,25.44,37.75
2012-04-08,Kovilpatti,9.1728,77.871,Dryland,30.89,37.41,26.21,63.02,2.42,0.05,23.5,37.76
2012-04-09,Kovilpatti,9.1728,77.871,Dryland,31.17,36.59,26.53,60.42,2.14,0.05,23.02,37.77
2012-04-10,Kovilpatti,9.1728,77.871,Dryland,31.35,37.96,26.58,60.2,2.84,0.02,21.79,37.78
2012-04-11,Kovilpatti,9.1728,77.871,Dryland,31.38,37.57,26.82,60.51,2.67,0.08,24.71,37.79
2012-04-12,Kovilpatti,9.1728,77.871,Dryland,31.82,37.92,26.85,58.09,2.54,0.41,18.87,37.79
2012-04-13,Kovilpatti,9.1728,77.871,Dryland,30.81,35.68,26.82,62.02,2.25,0.12,20.71,37.79
2012-04-14,Kovilpatti,9.1728,77.871,Dryland,29.15,31.88,27.06,72.31,1.57,4.25,19.79,37.8
2012-04-15,Kovilpatti,9.1728,77.871,Dryland,28.84,31.75,26.59,73.66,1.43,1.6,22.49,37.8
2012-04-16,Kovilpatti,9.1728,77.871,Dryland,29.58,34.02,25.5,68.13,1.75,0.1,24.01,37.8
2012-04-17,Kovilpatti,9.1728,77.871,Dryland,31.17,37.23,26.19,60.93,3.1,0.01,23.01,37.8
2012-04-18,Kovilpatti,9.1728,77.871,Dryland,30.66,36.02,27.17,63.07,3.7,0.01,22.42,37.79
2012-04-19,Kovilpatti,9.1728,77.871,Dryland,31.22,36.63,26.49,60.41,2.42,0.01,22.62,37.77
2012-04-20,Kovilpatti,9.1728,77.871,Dryland,30.51,34.1,27.33,62.74,2.85,0.09,21.15,37.76
2012-04-21,Kovilpatti,9.1728,77.871,Dryland,32.22,39.51,26.36,56.58,2.88,0.07,17.29,37.74
2012-04-22,Kovilpatti,9.1728,77.871,Dryland,32.3,37.74,27.73,57.54,2.2,0.12,23.68,37.74
2012-04-23,Kovilpatti,9.1728,77.871,Dryland,31.12,35.0,28.31,65.17,3.42,0.18,21.38,37.73
2012-04-24,Kovilpatti,9.1728,77.871,Dryland,29.5,32.13,27.01,74.39,2.27,18.95,12.15,37.73
2012-04-25,Kovilpatti,9.1728,77.871,Dryland,27.91,31.52,26.09,78.58,3.24,2.5,17.24,37.72
2012-04-26,Kovilpatti,9.1728,77.871,Dryland,28.73,33.03,25.65,75.75,1.84,5.33,11.41,37.72
2012-04-27,Kovilpatti,9.1728,77.871,Dryland,29.3,34.1,25.58,73.0,3.82,1.2,18.46,37.7
2012-04-28,Kovilpatti,9.1728,77.871,Dryland,29.53,34.42,26.7,70.66,3.7,0.13,21.56,37.69
2012-04-29,Kovilpatti,9.1728,77.871,Dryland,29.32,33.03,26.46,75.76,3.06,0.73,20.61,37.67
2012-04-30,Kovilpatti,9.1728,77.871,Dryland,29.45,33.77,26.32,72.3,3.86,0.29,20.12,37.65
2012-05-01,Kovilpatti,9.1728,77.871,Dryland,29.01,32.81,26.49,72.65,3.82,2.03,20.18,37.62
2012-05-02,Kovilpatti,9.1728,77.871,Dryland,29.71,34.39,26.05,69.38,3.71,0.04,22.03,37.6
2012-05-03,Kovilpatti,9.1728,77.871,Dryland,29.8,34.93,26.12,70.14,4.58,0.19,22.95,37.59
2012-05-04,Kovilpatti,9.1728,77.871,Dryland,29.46,34.25,26.03,71.59,4.65,0.25,21.78,37.57
2012-05-05,Kovilpatti,9.1728,77.871,Dryland,29.41,33.81,26.32,71.66,4.98,0.07,20.28,37.55
2012-05-06,Kovilpatti,9.1728,77.871,Dryland,30.98,38.16,25.12,62.22,3.77,0.11,22.14,37.52
2012-05-07,Kovilpatti,9.1728,77.871,Dryland,31.44,38.88,26.06,60.44,2.69,1.67,22.94,37.5
2012-05-08,Kovilpatti,9.1728,77.871,Dryland,30.73,36.86,25.82,67.1,2.82,10.5,23.16,37.47
2012-05-09,Kovilpatti,9.1728,77.871,Dryland,30.13,35.52,25.93,68.65,3.09,7.04,21.57,37.44
2012-05-10,Kovilpatti,9.1728,77.871,Dryland,30.63,37.24,24.77,64.99,2.38,0.7,21.89,37.4
2012-05-11,Kovilpatti,9.1728,77.871,Dryland,29.3,33.43,26.14,76.23,3.13,25.32,17.12,37.38
2012-05-12,Kovilpatti,9.1728,77.871,Dryland,29.13,33.25,26.24,74.91,4.05,4.62,19.91,37.36
2012-05-13,Kovilpatti,9.1728,77.871,Dryland,30.29,35.6,25.79,69.35,3.18,0.03,22.2,37.35
2012-05-14,Kovilpatti,9.1728,77.871,Dryland,30.1,34.8,26.46,70.9,3.73,0.01,21.03,37.33
2012-05-15,Kovilpatti,9.1728,77.871,Dryland,29.41,33.3,26.64,74.45,4.28,0.06,22.76,37.31
2012-05-16,Kovilpatti,9.1728,77.871,Dryland,29.96,34.64,26.44,73.05,4.25,0.18,23.8,37.28
2012-05-17,Kovilpatti,9.1728,77.871,Dryland,29.67,33.87,26.72,73.08,4.4,0.02,22.6,37.25
2012-05-18,Kovilpatti,9.1728,77.871,Dryland,29.1,32.65,26.46,75.82,3.24,0.0,21.66,37.22
2012-05-19,Kovilpatti,9.1728,77.871,Dryland,30.26,35.61,26.96,71.91,4.12,0.0,20.38,37.19
2012-05-20,Kovilpatti,9.1728,77.871,Dryland,29.81,34.06,26.5,73.82,3.48,0.13,19.18,37.17
2012-05-21,Kovilpatti,9.1728,77.871,Dryland,28.65,32.63,25.1,69.69,5.11,0.09,18.35,37.15
2012-05-22,Kovilpatti,9.1728,77.871,Dryland,27.97,32.42,24.7,75.92,3.97,0.01,19.33,37.13
2012-05-23,Kovilpatti,9.1728,77.871,Dryland,29.55,34.78,25.55,69.42,4.53,0.01,18.89,37.11
2012-05-24,Kovilpatti,9.1728,77.871,Dryland,29.75,34.95,26.39,70.26,5.38,0.0,19.29,37.08
2012-05-25,Kovilpatti,9.1728,77.871,Dryland,28.04,30.06,26.51,78.23,4.05,0.01,20.56,37.06
2012-05-26,Kovilpatti,9.1728,77.871,Dryland,27.74,29.99,26.46,77.93,3.7,0.01,20.77,37.03
2012-05-27,Kovilpatti,9.1728,77.871,Dryland,28.8,32.81,26.31,72.47,5.28,0.0,19.27,37.01
2012-05-28,Kovilpatti,9.1728,77.871,Dryland,29.46,33.91,26.09,71.81,5.05,0.03,19.04,36.98
2012-05-29,Kovilpatti,9.1728,77.871,Dryland,29.71,34.33,26.25,70.17,4.41,0.01,21.9,36.96
2012-05-30,Kovilpatti,9.1728,77.871,Dryland,29.26,33.27,26.81,71.51,4.95,0.0,16.98,36.94
2012-05-31,Kovilpatti,9.1728,77.871,Dryland,29.8,35.08,26.44,68.19,5.3,0.01,17.67,36.92
2012-06-01,Kovilpatti,9.1728,77.871,Dryland,30.07,35.2,25.93,61.56,4.86,0.01,20.61,36.9
2012-06-02,Kovilpatti,9.1728,77.871,Dryland,30.42,36.82,26.28,66.91,5.37,0.0,20.64,36.89
2012-06-03,Kovilpatti,9.1728,77.871,Dryland,30.38,35.89,26.82,68.09,5.82,4.6,21.75,36.86
2012-06-04,Kovilpatti,9.1728,77.871,Dryland,29.82,34.76,26.88,69.6,5.46,0.51,22.91,36.84
2012-06-05,Kovilpatti,9.1728,77.871,Dryland,30.2,35.64,26.54,63.42,5.95,0.03,22.48,36.81
2012-06-06,Kovilpatti,9.1728,77.871,Dryland,29.48,34.42,26.29,65.77,5.89,0.25,16.47,36.79
2012-06-07,Kovilpatti,9.1728,77.871,Dryland,28.88,32.98,26.11,68.33,6.17,0.03,16.28,36.78
2012-06-08,Kovilpatti,9.1728,77.871,Dryland,29.79,35.66,25.26,63.0,5.14,0.01,18.14,36.77
2012-06-09,Kovilpatti,9.1728,77.871,Dryland,29.78,35.91,25.6,65.81,5.36,0.0,18.4,36.76
2012-06-10,Kovilpatti,9.1728,77.871,Dryland,29.95,35.35,26.28,65.86,4.94,0.0,19.9,36.75
2012-06-11,Kovilpatti,9.1728,77.871,Dryland,30.38,36.77,25.78,64.11,5.17,0.0,20.72,36.74
2012-06-12,Kovilpatti,9.1728,77.871,Dryland,30.08,36.26,25.39,64.86,5.37,0.02,17.59,36.71
2012-06-13,Kovilpatti,9.1728,77.871,Dryland,29.28,34.18,25.75,61.13,4.85,0.2,17.84,36.68
2012-06-14,Kovilpatti,9.1728,77.871,Dryland,28.44,33.11,25.52,67.35,5.22,0.58,18.54,36.66
2012-06-15,Kovilpatti,9.1728,77.871,Dryland,29.2,34.99,25.0,67.78,5.41,0.29,16.89,36.65
2012-06-16,Kovilpatti,9.1728,77.871,Dryland,29.32,34.7,26.03,66.23,5.82,0.21,16.99,36.65
2012-06-17,Kovilpatti,9.1728,77.871,Dryland,29.07,34.85,25.8,61.26,6.36,0.34,12.49,36.64
2012-06-18,Kovilpatti,9.1728,77.871,Dryland,28.98,34.02,25.28,63.41,5.46,0.05,12.59,36.64
2012-06-19,Kovilpatti,9.1728,77.871,Dryland,29.21,33.49,26.31,67.2,5.33,0.14,15.31,36.64
2012-06-20,Kovilpatti,9.1728,77.871,Dryland,28.73,33.16,26.24,69.77,5.41,0.03,15.88,36.63
2012-06-21,Kovilpatti,9.1728,77.871,Dryland,28.61,32.74,25.72,69.81,4.98,0.02,17.8,36.63
2012-06-22,Kovilpatti,9.1728,77.871,Dryland,29.11,34.1,25.44,68.2,4.94,0.1,18.64,36.62
2012-06-23,Kovilpatti,9.1728,77.871,Dryland,29.78,36.06,24.95,65.91,5.17,0.01,21.44,36.62
2012-06-24,Kovilpatti,9.1728,77.871,Dryland,29.74,35.31,25.93,65.84,4.78,0.0,22.3,36.62
2012-06-25,Kovilpatti,9.1728,77.871,Dryland,30.35,36.86,25.36,63.38,4.48,0.0,20.56,36.62
2012-06-26,Kovilpatti,9.1728,77.871,Dryland,29.31,34.52,25.94,66.62,4.45,0.02,20.14,36.62
2012-06-27,Kovilpatti,9.1728,77.871,Dryland,29.53,35.84,25.69,62.15,4.65,0.07,16.2,36.62
2012-06-28,Kovilpatti,9.1728,77.871,Dryland,27.96,31.53,25.38,68.66,4.44,0.05,13.82,36.62
2012-06-29,Kovilpatti,9.1728,77.871,Dryland,28.62,33.6,24.98,66.9,4.71,0.03,19.17,36.62
2012-06-30,Kovilpatti,9.1728,77.871,Dryland,29.13,34.5,25.36,64.14,5.26,0.09,16.38,36.62
2012-07-01,Kovilpatti,9.1728,77.871,Dryland,28.96,34.67,25.51,62.79,6.25,0.81,14.84,36.62
2012-07-02,Kovilpatti,9.1728,77.871,Dryland,28.66,32.85,26.04,65.39,6.39,0.29,11.63,36.62
2012-07-03,Kovilpatti,9.1728,77.871,Dryland,29.07,34.19,25.51,65.9,5.89,0.04,17.11,36.62
2012-07-04,Kovilpatti,9.1728,77.871,Dryland,29.63,35.59,25.51,66.06,5.33,0.03,23.25,36.63
2012-07-05,Kovilpatti,9.1728,77.871,Dryland,29.63,35.13,25.53,66.84,5.33,0.05,23.79,36.65
2012-07-06,Kovilpatti,9.1728,77.871,Dryland,29.82,35.83,25.37,66.34,4.95,0.01,23.69,36.67
2012-07-07,Kovilpatti,9.1728,77.871,Dryland,29.46,34.78,25.68,67.73,4.91,0.01,18.93,36.68
2012-07-08,Kovilpatti,9.1728,77.871,Dryland,30.16,36.2,26.08,64.4,4.87,0.01,19.84,36.69
2012-07-09,Kovilpatti,9.1728,77.871,Dryland,28.68,32.39,26.69,72.11,5.33,0.57,17.73,36.68
2012-07-10,Kovilpatti,9.1728,77.871,Dryland,28.9,33.43,25.72,66.82,5.93,0.76,20.55,36.68
2012-07-11,Kovilpatti,9.1728,77.871,Dryland,29.75,36.22,25.21,62.41,5.5,0.14,20.1,36.69
2012-07-12,Kovilpatti,9.1728,77.871,Dryland,30.03,35.98,25.71,62.13,4.65,0.0,20.98,36.7
2012-07-13,Kovilpatti,9.1728,77.871,Dryland,30.11,36.35,25.97,62.85,4.71,1.09,18.41,36.72
2012-07-14,Kovilpatti,9.1728,77.871,Dryland,29.69,34.1,25.95,64.63,3.18,0.23,16.4,36.74
2012-07-15,Kovilpatti,9.1728,77.871,Dryland,30.0,34.47,26.01,62.64,2.33,0.06,13.88,36.76
2012-07-16,Kovilpatti,9.1728,77.871,Dryland,29.67,33.15,26.28,63.69,1.66,0.13,17.3,36.79
2012-07-17,Kovilpatti,9.1728,77.871,Dryland,30.26,35.52,26.16,64.26,2.82,3.07,21.13,36.8
2012-07-18,Kovilpatti,9.1728,77.871,Dryland,29.89,35.21,25.87,62.2,3.93,0.28,19.9,36.82
2012-07-19,Kovilpatti,9.1728,77.871,Dryland,29.88,36.2,25.41,64.5,5.16,0.0,21.45,36.83
2012-07-20,Kovilpatti,9.1728,77.871,Dryland,29.83,36.36,25.58,66.31,5.41,0.02,18.14,36.85
2012-07-21,Kovilpatti,9.1728,77.871,Dryland,29.49,34.34,26.21,65.5,5.6,0.01,18.32,36.86
2012-07-22,Kovilpatti,9.1728,77.871,Dryland,29.61,35.12,26.07,65.16,6.0,0.19,15.94,36.88
2012-07-23,Kovilpatti,9.1728,77.871,Dryland,29.82,35.61,25.59,64.84,5.66,0.02,18.63,36.9
2012-07-24,Kovilpatti,9.1728,77.871,Dryland,29.88,34.89,26.11,65.36,5.28,0.04,18.8,36.92
2012-07-25,Kovilpatti,9.1728,77.871,Dryland,29.64,34.98,25.76,65.96,5.45,0.01,14.39,36.94
2012-07-26,Kovilpatti,9.1728,77.871,Dryland,30.11,36.2,26.07,62.65,5.39,0.01,19.9,36.96
2012-07-27,Kovilpatti,9.1728,77.871,Dryland,30.22,36.81,25.66,61.6,5.08,0.0,21.89,36.98
2012-07-28,Kovilpatti,9.1728,77.871,Dryland,29.18,34.2,25.86,65.93,5.06,0.02,22.11,36.99
2012-07-29,Kovilpatti,9.1728,77.871,Dryland,29.51,35.95,25.6,65.67,5.0,0.0,21.33,37.01
2012-07-30,Kovilpatti,9.1728,77.871,Dryland,28.85,33.34,25.25,68.01,4.85,0.0,21.79,37.02
2012-07-31,Kovilpatti,9.1728,77.871,Dryland,29.88,36.08,25.21,64.43,4.71,0.0,21.99,37.04
2012-08-01,Kovilpatti,9.1728,77.871,Dryland,30.22,37.33,25.15,61.88,4.47,0.0,25.63,37.06
2012-08-02,Kovilpatti,9.1728,77.871,Dryland,30.0,37.34,24.84,62.09,5.13,0.0,22.54,37.08
2012-08-03,Kovilpatti,9.1728,77.871,Dryland,29.89,35.65,25.6,63.8,5.2,0.0,18.39,37.1
2012-08-04,Kovilpatti,9.1728,77.871,Dryland,29.93,35.66,25.9,64.14,5.46,0.06,18.44,37.12
2012-08-05,Kovilpatti,9.1728,77.871,Dryland,29.4,34.26,25.46,67.64,5.04,0.01,20.04,37.13
2012-08-06,Kovilpatti,9.1728,77.871,Dryland,29.8,35.03,25.46,65.57,4.72,0.06,19.84,37.15
2012-08-07,Kovilpatti,9.1728,77.871,Dryland,30.03,35.48,26.15,62.44,4.62,0.11,19.04,37.16
2012-08-08,Kovilpatti,9.1728,77.871,Dryland,29.32,34.67,25.78,66.46,4.94,0.25,16.16,37.17
2012-08-09,Kovilpatti,9.1728,77.871,Dryland,29.53,35.68,25.61,64.41,4.95,0.04,14.02,37.18
2012-08-10,Kovilpatti,9.1728,77.871,Dryland,29.5,34.87,25.8,64.4,5.31,0.01,11.48,37.2
2012-08-11,Kovilpatti,9.1728,77.871,Dryland,28.85,33.7,25.83,67.73,5.36,5.3,17.3,37.21
2012-08-12,Kovilpatti,9.1728,77.871,Dryland,29.0,33.72,25.29,66.28,4.62,0.57,19.97,37.22
2012-08-13,Kovilpatti,9.1728,77.871,Dryland,28.36,31.85,25.29,68.45,3.79,0.03,19.92,37.22
2012-08-14,Kovilpatti,9.1728,77.871,Dryland,28.91,33.95,25.34,64.42,4.33,0.45,19.52,37.23
2012-08-15,Kovilpatti,9.1728,77.871,Dryland,29.43,35.33,25.17,65.25,4.93,0.95,14.7,37.24
2012-08-16,Kovilpatti,9.1728,77.871,Dryland,28.38,33.16,25.27,71.26,4.06,6.69,16.57,37.25
2012-08-17,Kovilpatti,9.1728,77.871,Dryland,27.1,31.49,24.36,73.48,5.19,2.06,12.12,37.26
2012-08-18,Kovilpatti,9.1728,77.871,Dryland,28.0,33.6,24.67,67.57,5.24,0.14,16.68,37.27
2012-08-19,Kovilpatti,9.1728,77.871,Dryland,28.98,35.63,24.74,62.2,4.59,0.0,22.43,37.27
2012-08-20,Kovilpatti,9.1728,77.871,Dryland,29.84,36.77,24.18,62.63,4.15,0.0,24.45,37.28
2012-08-21,Kovilpatti,9.1728,77.871,Dryland,30.19,36.52,25.28,61.38,3.99,0.26,22.31,37.28
2012-08-22,Kovilpatti,9.1728,77.871,Dryland,30.26,36.0,25.44,61.4,3.31,0.02,20.03,37.29
2012-08-23,Kovilpatti,9.1728,77.871,Dryland,30.5,36.53,26.19,61.16,4.31,0.02,20.41,37.29
2012-08-24,Kovilpatti,9.1728,77.871,Dryland,29.73,35.73,25.52,66.59,3.76,8.7,16.35,37.29
2012-08-25,Kovilpatti,9.1728,77.871,Dryland,28.08,31.51,25.7,73.15,4.56,0.71,16.89,37.29
2012-08-26,Kovilpatti,9.1728,77.871,Dryland,28.15,31.93,25.4,72.36,4.54,0.04,14.98,37.29
2012-08-27,Kovilpatti,9.1728,77.871,Dryland,28.68,34.86,24.61,67.11,5.04,0.2,13.36,37.29
2012-08-28,Kovilpatti,9.1728,77.871,Dryland,28.99,35.26,24.9,66.46,5.03,0.12,18.24,37.29
2012-08-29,Kovilpatti,9.1728,77.871,Dryland,28.41,32.19,25.48,70.07,4.93,0.57,17.42,37.29
2012-08-30,Kovilpatti,9.1728,77.871,Dryland,27.71,30.45,25.72,74.85,4.96,0.24,12.15,37.28
2012-08-31,Kovilpatti,9.1728,77.871,Dryland,28.09,32.3,25.56,72.93,4.86,2.18,13.79,37.27
2012-09-01,Kovilpatti,9.1728,77.871,Dryland,29.12,34.74,24.97,66.84,4.69,0.43,16.52,37.26
2012-09-02,Kovilpatti,9.1728,77.871,Dryland,29.86,35.56,25.67,66.61,4.93,0.04,19.9,37.25
2012-09-03,Kovilpatti,9.1728,77.871,Dryland,28.52,31.78,26.53,71.87,4.98,0.17,15.27,37.23
2012-09-04,Kovilpatti,9.1728,77.871,Dryland,28.2,31.92,25.8,67.27,5.56,0.16,11.84,37.22
2012-09-05,Kovilpatti,9.1728,77.871,Dryland,30.19,37.42,24.51,62.32,4.57,0.01,20.96,37.2
2012-09-06,Kovilpatti,9.1728,77.871,Dryland,30.33,36.62,25.7,64.52,4.64,0.62,21.16,37.19
2012-09-07,Kovilpatti,9.1728,77.871,Dryland,29.87,35.44,25.95,64.58,4.32,0.25,14.87,37.16
2012-09-08,Kovilpatti,9.1728,77.871,Dryland,29.53,35.27,25.19,61.98,4.54,0.27,16.99,37.14
2012-09-09,Kovilpatti,9.1728,77.871,Dryland,28.49,32.32,25.66,65.11,4.97,0.25,15.58,37.12
2012-09-10,Kovilpatti,9.1728,77.871,Dryland,29.09,35.34,24.93,61.69,5.44,0.09,15.53,37.09
2012-09-11,Kovilpatti,9.1728,77.871,Dryland,29.96,36.64,24.78,59.59,5.07,0.01,19.79,37.06
2012-09-12,Kovilpatti,9.1728,77.871,Dryland,30.06,36.74,24.84,61.8,4.61,0.0,20.85,37.03
2012-09-13,Kovilpatti,9.1728,77.871,Dryland,29.59,35.75,25.64,66.12,4.63,0.54,19.83,37.0
2012-09-14,Kovilpatti,9.1728,77.871,Dryland,28.97,33.39,26.43,69.48,5.29,0.24,20.34,36.97
2012-09-15,Kovilpatti,9.1728,77.871,Dryland,29.16,34.2,25.79,68.04,5.41,0.31,17.91,36.94
2012-09-16,Kovilpatti,9.1728,77.871,Dryland,30.37,36.65,25.76,60.8,4.66,0.38,19.71,36.9
2012-09-17,Kovilpatti,9.1728,77.871,Dryland,30.4,36.75,26.14,63.34,4.03,1.86,23.02,36.87
2012-09-18,Kovilpatti,9.1728,77.871,Dryland,30.31,36.93,25.11,62.28,3.74,1.67,22.15,36.84
2012-09-19,Kovilpatti,9.1728,77.871,Dryland,30.73,37.48,25.59,59.78,3.61,0.14,22.43,36.8
2012-09-20,Kovilpatti,9.1728,77.871,Dryland,30.7,37.26,25.57,60.4,4.52,0.01,22.74,36.77
2012-09-21,Kovilpatti,9.1728,77.871,Dryland,30.19,35.4,26.33,63.09,4.13,0.03,21.48,36.73
2012-09-22,Kovilpatti,9.1728,77.871,Dryland,29.94,34.87,26.02,63.73,4.13,0.42,21.15,36.68
2012-09-23,Kovilpatti,9.1728,77.871,Dryland,30.3,36.13,26.06,60.8,4.45,0.13,17.46,36.64
2012-09-24,Kovilpatti,9.1728,77.871,Dryland,30.39,36.84,25.8,61.11,4.49,3.18,23.46,36.59
2012-09-25,Kovilpatti,9.1728,77.871,Dryland,30.35,36.76,25.65,58.91,4.35,0.08,22.74,36.55
2012-09-26,Kovilpatti,9.1728,77.871,Dryland,30.1,35.79,26.09,62.55,3.93,0.27,22.24,36.5
2012-09-27,Kovilpatti,9.1728,77.871,Dryland,29.26,34.32,25.43,68.02,2.66,7.29,20.57,36.45
2012-09-28,Kovilpatti,9.1728,77.871,Dryland,28.29,32.53,25.19,73.16,2.95,3.28,20.1,36.4
2012-09-29,Kovilpatti,9.1728,77.871,Dryland,29.13,34.2,25.46,68.47,2.91,0.41,22.86,36.34
2012-09-30,Kovilpatti,9.1728,77.871,Dryland,29.51,36.04,25.01,65.09,4.57,0.16,20.8,36.28
2012-10-01,Kovilpatti,9.1728,77.871,Dryland,28.89,34.96,24.69,65.46,4.17,0.01,23.7,36.21
2012-10-02,Kovilpatti,9.1728,77.871,Dryland,29.75,36.71,24.49,64.86,4.35,0.0,24.02,36.15
2012-10-03,Kovilpatti,9.1728,77.871,Dryland,30.17,37.14,24.7,62.93,4.0,0.1,24.64,36.09
2012-10-04,Kovilpatti,9.1728,77.871,Dryland,30.35,37.63,24.18,62.2,3.84,0.04,24.65,36.03
2012-10-05,Kovilpatti,9.1728,77.871,Dryland,31.02,38.35,24.9,59.51,3.5,0.03,25.22,35.96
2012-10-06,Kovilpatti,9.1728,77.871,Dryland,30.47,36.72,24.84,58.4,3.34,0.35,22.42,35.9
2012-10-07,Kovilpatti,9.1728,77.871,Dryland,30.97,36.67,26.51,62.06,1.92,10.97,19.32,35.83
2012-10-08,Kovilpatti,9.1728,77.871,Dryland,29.43,33.13,26.33,73.18,1.04,5.91,19.21,35.76
2012-10-09,Kovilpatti,9.1728,77.871,Dryland,29.62,35.48,25.15,67.83,2.33,3.87,17.63,35.69
2012-10-10,Kovilpatti,9.1728,77.871,Dryland,29.12,34.1,25.16,69.4,2.07,5.89,20.03,35.62
2012-10-11,Kovilpatti,9.1728,77.871,Dryland,28.5,32.9,25.44,76.22,2.15,15.26,19.9,35.55
2012-10-12,Kovilpatti,9.1728,77.871,Dryland,27.98,31.16,25.56,78.86,2.02,5.45,19.74,35.47
2012-10-13,Kovilpatti,9.1728,77.871,Dryland,28.24,32.19,25.3,75.02,2.34,1.03,16.14,35.4
2012-10-14,Kovilpatti,9.1728,77.871,Dryland,27.08,29.5,25.28,83.25,2.21,10.78,21.06,35.32
2012-10-15,Kovilpatti,9.1728,77.871,Dryland,26.66,29.39,24.78,82.38,2.26,9.23,11.65,35.25
2012-10-16,Kovilpatti,9.1728,77.871,Dryland,26.16,28.66,24.34,83.37,2.31,14.67,18.06,35.18
2012-10-17,Kovilpatti,9.1728,77.871,Dryland,26.71,31.1,23.37,80.95,1.58,40.0,14.16,35.11
2012-10-18,Kovilpatti,9.1728,77.871,Dryland,26.82,30.03,24.2,82.8,2.08,16.9,18.29,35.03
2012-10-19,Kovilpatti,9.1728,77.871,Dryland,26.06,28.05,24.95,90.6,3.03,32.87,12.66,34.95
2012-10-20,Kovilpatti,9.1728,77.871,Dryland,26.12,29.19,24.04,87.11,2.54,7.86,9.92,34.87
2012-10-21,Kovilpatti,9.1728,77.871,Dryland,26.52,28.71,24.82,85.33,1.75,10.47,15.04,34.78
2012-10-22,Kovilpatti,9.1728,77.871,Dryland,26.58,28.93,25.4,88.04,2.68,18.06,16.7,34.7
2012-10-23,Kovilpatti,9.1728,77.871,Dryland,26.33,28.62,24.6,89.02,2.8,14.87,10.3,34.61
2012-10-24,Kovilpatti,9.1728,77.871,Dryland,26.07,27.9,24.88,90.8,2.56,9.57,14.07,34.53
2012-10-25,Kovilpatti,9.1728,77.871,Dryland,26.18,28.75,24.14,88.42,2.19,1.2,18.79,34.44
2012-10-26,Kovilpatti,9.1728,77.871,Dryland,26.63,29.37,24.26,86.86,2.06,0.74,17.7,34.36
2012-10-27,Kovilpatti,9.1728,77.871,Dryland,26.79,29.08,24.77,87.96,2.6,1.25,18.73,34.27
2012-10-28,Kovilpatti,9.1728,77.871,Dryland,26.57,29.37,24.42,87.66,2.64,5.51,17.05,34.18
2012-10-29,Kovilpatti,9.1728,77.871,Dryland,26.2,28.66,24.38,88.03,1.99,6.55,12.42,34.1
2012-10-30,Kovilpatti,9.1728,77.871,Dryland,25.67,28.03,23.87,86.29,2.08,1.29,11.44,34.02
2012-10-31,Kovilpatti,9.1728,77.871,Dryland,26.58,30.51,23.79,83.01,3.15,2.47,8.65,33.93
2012-11-01,Kovilpatti,9.1728,77.871,Dryland,26.43,28.59,24.85,87.49,5.23,1.69,8.78,33.84
2012-11-02,Kovilpatti,9.1728,77.871,Dryland,27.04,30.86,24.59,83.03,3.14,0.15,18.29,33.76
2012-11-03,Kovilpatti,9.1728,77.871,Dryland,26.58,30.24,23.84,83.31,2.73,0.02,22.71,33.67
2012-11-04,Kovilpatti,9.1728,77.871,Dryland,26.56,30.98,22.92,77.64,1.75,0.0,22.25,33.58
2012-11-05,Kovilpatti,9.1728,77.871,Dryland,26.46,30.69,22.52,79.9,1.8,0.0,22.08,33.5
2012-11-06,Kovilpatti,9.1728,77.871,Dryland,26.43,30.61,22.7,80.99,1.32,2.03,20.49,33.41
2012-11-07,Kovilpatti,9.1728,77.871,Dryland,26.53,29.89,24.08,83.97,1.19,8.41,17.15,33.33
2012-11-08,Kovilpatti,9.1728,77.871,Dryland,26.18,28.16,24.41,85.04,0.68,8.52,15.6,33.24
2012-11-09,Kovilpatti,9.1728,77.871,Dryland,26.13,28.99,23.81,87.67,1.76,9.68,17.41,33.16
2012-11-10,Kovilpatti,9.1728,77.871,Dryland,26.67,30.45,23.95,85.23,2.34,2.52,21.35,33.07
2012-11-11,Kovilpatti,9.1728,77.871,Dryland,26.34,29.65,23.79,84.0,2.63,0.69,17.63,32.99
2012-11-12,Kovilpatti,9.1728,77.871,Dryland,25.98,29.16,22.88,83.23,2.32,0.03,19.69,32.91
2012-11-13,Kovilpatti,9.1728,77.871,Dryland,25.6,29.03,22.62,82.76,2.63,0.06,20.77,32.83
2012-11-14,Kovilpatti,9.1728,77.871,Dryland,25.28,30.38,21.9,73.95,2.97,0.03,21.59,32.75
2012-11-15,Kovilpatti,9.1728,77.871,Dryland,24.5,30.05,19.8,74.64,2.56,0.0,18.64,32.67
2012-11-16,Kovilpatti,9.1728,77.871,Dryland,25.05,30.69,20.57,75.03,2.62,0.0,17.29,32.6
2012-11-17,Kovilpatti,9.1728,77.871,Dryland,25.83,30.89,21.31,77.36,2.21,0.38,18.75,32.52
2012-11-18,Kovilpatti,9.1728,77.871,Dryland,26.99,31.23,23.4,75.57,1.36,0.0,19.96,32.45
2012-11-19,Kovilpatti,9.1728,77.871,Dryland,27.72,31.78,25.19,75.85,1.07,0.0,19.84,32.37
2012-11-20,Kovilpatti,9.1728,77.871,Dryland,27.81,31.83,25.14,75.73,1.05,0.0,19.52,32.3
2012-11-21,Kovilpatti,9.1728,77.871,Dryland,27.92,32.47,24.23,74.44,1.13,0.0,18.72,32.23
2012-11-22,Kovilpatti,9.1728,77.871,Dryland,27.67,31.98,23.69,79.04,1.34,1.67,17.77,32.16
2012-11-23,Kovilpatti,9.1728,77.871,Dryland,27.83,31.71,24.73,82.2,1.33,9.72,15.86,32.09
2012-11-24,Kovilpatti,9.1728,77.871,Dryland,26.44,28.85,24.66,86.48,2.93,20.08,7.41,32.03
2012-11-25,Kovilpatti,9.1728,77.871,Dryland,25.77,27.85,24.32,91.57,3.38,7.09,15.51,31.96
2012-11-26,Kovilpatti,9.1728,77.871,Dryland,25.79,27.84,24.4,88.59,3.27,1.25,19.06,31.9
2012-11-27,Kovilpatti,9.1728,77.871,Dryland,25.94,29.42,23.79,84.81,3.29,0.23,18.77,31.84
2012-11-28,Kovilpatti,9.1728,77.871,Dryland,25.91,30.02,23.15,78.82,3.55,0.01,17.8,31.78
2012-11-29,Kovilpatti,9.1728,77.871,Dryland,25.17,29.65,22.32,77.65,3.12,0.0,19.37,31.72
2012-11-30,Kovilpatti,9.1728,77.871,Dryland,24.79,29.72,21.13,76.03,2.69,0.0,20.57,31.67
2012-12-01,Kovilpatti,9.1728,77.871,Dryland,24.57,29.52,20.73,74.71,2.67,0.0,20.6,31.61
2012-12-02,Kovilpatti,9.1728,77.871,Dryland,24.88,30.77,19.59,77.47,2.89,0.01,20.11,31.56
2012-12-03,Kovilpatti,9.1728,77.871,Dryland,26.03,31.22,21.1,82.28,2.42,1.16,20.19,31.52
2012-12-04,Kovilpatti,9.1728,77.871,Dryland,25.53,27.48,24.3,90.03,3.14,1.69,16.09,31.47
2012-12-05,Kovilpatti,9.1728,77.871,Dryland,26.41,30.5,23.56,80.05,3.5,0.11,14.87,31.43
2012-12-06,Kovilpatti,9.1728,77.871,Dryland,26.86,30.54,24.31,84.73,3.83,10.9,10.29,31.4
2012-12-07,Kovilpatti,9.1728,77.871,Dryland,26.68,30.77,23.81,82.99,3.81,1.06,10.26,31.36
2012-12-08,Kovilpatti,9.1728,77.871,Dryland,26.75,30.64,23.54,83.01,3.09,0.44,18.98,31.32
2012-12-09,Kovilpatti,9.1728,77.871,Dryland,26.06,30.11,22.83,81.06,2.72,10.51,18.52,31.29
2012-12-10,Kovilpatti,9.1728,77.871,Dryland,25.06,30.41,20.51,79.16,2.57,0.01,21.44,31.26
2012-12-11,Kovilpatti,9.1728,77.871,Dryland,25.73,30.71,22.07,79.28,2.47,0.01,19.89,31.23
2012-12-12,Kovilpatti,9.1728,77.871,Dryland,26.0,31.38,21.8,79.0,2.35,0.01,21.48,31.21
2012-12-13,Kovilpatti,9.1728,77.871,Dryland,25.97,31.58,21.5,77.71,2.44,0.0,20.84,31.19
2012-12-14,Kovilpatti,9.1728,77.871,Dryland,26.0,30.92,22.37,75.37,3.4,0.0,20.47,31.17
2012-12-15,Kovilpatti,9.1728,77.871,Dryland,25.51,30.14,20.99,79.5,3.98,0.08,18.53,31.16
2012-12-16,Kovilpatti,9.1728,77.871,Dryland,25.87,30.64,22.5,74.64,4.71,0.23,12.94,31.15
2012-12-17,Kovilpatti,9.1728,77.871,Dryland,25.84,30.29,22.48,72.06,5.33,0.16,12.69,31.14
2012-12-18,Kovilpatti,9.1728,77.871,Dryland,26.03,30.48,22.64,75.91,4.81,1.38,9.84,31.13
2012-12-19,Kovilpatti,9.1728,77.871,Dryland,25.41,29.17,22.11,82.34,3.65,3.01,9.57,31.12
2012-12-20,Kovilpatti,9.1728,77.871,Dryland,25.88,29.46,22.86,84.03,3.87,1.57,11.38,31.12
2012-12-21,Kovilpatti,9.1728,77.871,Dryland,26.52,30.51,23.87,80.65,3.9,1.07,10.82,31.13
2012-12-22,Kovilpatti,9.1728,77.871,Dryland,26.32,30.49,22.8,74.68,3.98,0.12,17.27,31.13
2012-12-23,Kovilpatti,9.1728,77.871,Dryland,25.96,30.47,22.52,74.51,4.56,0.15,18.56,31.14
2012-12-24,Kovilpatti,9.1728,77.871,Dryland,26.67,31.78,22.3,74.34,3.98,0.11,20.07,31.15
2012-12-25,Kovilpatti,9.1728,77.871,Dryland,26.73,31.24,23.59,78.18,4.6,1.12,14.79,31.17
2012-12-26,Kovilpatti,9.1728,77.871,Dryland,26.85,31.55,23.3,78.96,3.76,4.8,14.0,31.18
2012-12-27,Kovilpatti,9.1728,77.871,Dryland,25.86,29.41,23.19,86.88,4.17,12.69,10.24,31.2
2012-12-28,Kovilpatti,9.1728,77.871,Dryland,25.77,29.0,23.86,89.26,3.57,3.12,14.27,31.23
2012-12-29,Kovilpatti,9.1728,77.871,Dryland,26.96,30.85,24.52,83.97,3.84,0.7,11.79,31.25
2012-12-30,Kovilpatti,9.1728,77.871,Dryland,27.12,31.08,24.71,83.62,2.52,0.31,16.2,31.27
2012-12-31,Kovilpatti,9.1728,77.871,Dryland,27.14,31.53,24.41,78.83,3.04,0.12,14.34,31.3
2013-01-01,Kovilpatti,9.1728,77.871,Dryland,27.24,32.48,22.97,76.28,2.89,0.0,18.24,31.34
2013-01-02,Kovilpatti,9.1728,77.871,Dryland,26.72,32.61,22.66,72.58,2.74,0.0,20.49,31.37
2013-01-03,Kovilpatti,9.1728,77.871,Dryland,26.98,33.06,22.2,76.03,2.81,0.01,19.72,31.41
2013-01-04,Kovilpatti,9.1728,77.871,Dryland,26.98,32.08,22.74,75.25,2.07,0.1,17.69,31.45
2013-01-05,Kovilpatti,9.1728,77.871,Dryland,26.94,31.51,23.17,78.5,2.3,0.01,19.53,31.5
2013-01-06,Kovilpatti,9.1728,77.871,Dryland,27.67,32.96,23.75,75.76,2.97,0.01,18.55,31.54
2013-01-07,Kovilpatti,9.1728,77.871,Dryland,27.26,32.44,23.41,73.57,3.08,1.25,16.24,31.59
2013-01-08,Kovilpatti,9.1728,77.871,Dryland,25.96,29.07,23.19,84.42,2.47,8.53,10.79,31.64
2013-01-09,Kovilpatti,9.1728,77.871,Dryland,26.12,29.38,24.01,84.76,3.03,2.7,13.49,31.7
2013-01-10,Kovilpatti,9.1728,77.871,Dryland,26.5,32.07,23.07,75.12,3.59,0.57,20.94,31.75
2013-01-11,Kovilpatti,9.1728,77.871,Dryland,26.39,32.2,22.11,74.59,3.57,0.0,21.57,31.81
2013-01-12,Kovilpatti,9.1728,77.871,Dryland,26.29,32.46,21.47,71.51,3.39,0.0,17.66,31.87
2013-01-13,Kovilpatti,9.1728,77.871,Dryland,25.78,32.48,20.74,65.48,3.63,0.0,19.66,31.93
2013-01-14,Kovilpatti,9.1728,77.871,Dryland,24.93,30.46,20.04,70.6,3.03,0.0,21.47,32.0
2013-01-15,Kovilpatti,9.1728,77.871,Dryland,25.72,32.08,20.7,70.79,3.5,0.0,22.28,32.07
2013-01-16,Kovilpatti,9.1728,77.871,Dryland,25.87,31.79,21.23,66.83,3.82,0.0,21.96,32.15
2013-01-17,Kovilpatti,9.1728,77.871,Dryland,25.78,32.03,20.79,66.11,3.66,0.0,20.33,32.22
2013-01-18,Kovilpatti,9.1728,77.871,Dryland,26.01,32.23,20.44,67.91,3.39,0.0,19.36,32.3
2013-01-19,Kovilpatti,9.1728,77.871,Dryland,26.49,33.28,21.24,67.12,3.3,0.0,21.7,32.38
2013-01-20,Kovilpatti,9.1728,77.871,Dryland,26.46,33.07,20.67,70.71,3.03,0.01,23.43,32.45
2013-01-21,Kovilpatti,9.1728,77.871,Dryland,27.23,33.42,22.62,69.87,3.68,0.0,20.63,32.53
2013-01-22,Kovilpatti,9.1728,77.871,Dryland,26.71,33.61,21.31,64.95,3.87,0.0,23.37,32.61
2013-01-23,Kovilpatti,9.1728,77.871,Dryland,27.16,33.88,21.88,69.99,3.53,0.02,22.87,32.69
2013-01-24,Kovilpatti,9.1728,77.871,Dryland,27.57,34.24,22.83,67.22,3.77,0.03,22.21,32.78
2013-01-25,Kovilpatti,9.1728,77.871,Dryland,27.28,33.29,22.71,66.42,3.98,0.01,21.9,32.86
2013-01-26,Kovilpatti,9.1728,77.871,Dryland,27.07,33.08,22.27,63.38,3.91,0.0,23.31,32.95
2013-01-27,Kovilpatti,9.1728,77.871,Dryland,26.81,32.53,22.03,66.07,3.72,0.0,22.98,33.03
2013-01-28,Kovilpatti,9.1728,77.871,Dryland,27.29,33.88,22.28,63.52,3.25,0.0,22.27,33.12
2013-01-29,Kovilpatti,9.1728,77.871,Dryland,27.36,33.96,22.08,64.13,2.95,0.0,21.66,33.21
2013-01-30,Kovilpatti,9.1728,77.871,Dryland,27.37,33.49,23.18,65.44,3.59,0.0,20.68,33.3
2013-01-31,Kovilpatti,9.1728,77.871,Dryland,26.98,33.47,22.39,64.51,4.33,0.0,21.44,33.39
2013-02-01,Kovilpatti,9.1728,77.871,Dryland,26.64,33.66,20.58,61.33,3.97,0.0,23.02,33.48
2013-02-02,Kovilpatti,9.1728,77.871,Dryland,26.89,33.61,21.55,65.63,3.73,0.0,23.76,33.57
2013-02-03,Kovilpatti,9.1728,77.871,Dryland,27.0,33.55,21.75,65.28,3.74,0.0,23.63,33.66
2013-02-04,Kovilpatti,9.1728,77.871,Dryland,27.73,34.3,23.01,67.14,2.96,0.03,22.64,33.76
2013-02-05,Kovilpatti,9.1728,77.871,Dryland,27.61,32.14,23.74,74.09,2.79,0.71,16.03,33.85
2013-02-06,Kovilpatti,9.1728,77.871,Dryland,28.01,32.88,24.36,70.83,3.12,1.34,13.38,33.95
2013-02-07,Kovilpatti,9.1728,77.871,Dryland,28.79,35.43,24.24,62.56,2.36,0.02,22.9,34.04
2013-02-08,Kovilpatti,9.1728,77.871,Dryland,28.55,34.57,24.79,66.67,1.82,0.0,20.6,34.14
2013-02-09,Kovilpatti,9.1728,77.871,Dryland,28.52,34.41,24.09,69.33,2.98,0.01,21.21,34.23
2013-02-10,Kovilpatti,9.1728,77.871,Dryland,28.6,34.73,24.56,63.04,4.17,0.0,23.63,34.32
2013-02-11,Kovilpatti,9.1728,77.871,Dryland,28.48,34.04,24.59,65.31,4.7,1.49,18.83,34.41
2013-02-12,Kovilpatti,9.1728,77.871,Dryland,28.35,33.77,24.07,69.73,4.65,1.59,20.23,34.51
2013-02-13,Kovilpatti,9.1728,77.871,Dryland,27.16,30.08,25.23,78.3,3.87,9.12,11.88,34.6
2013-02-14,Kovilpatti,9.1728,77.871,Dryland,26.06,29.17,23.97,78.55,2.27,7.28,10.03,34.7
2013-02-15,Kovilpatti,9.1728,77.871,Dryland,26.06,28.96,24.07,77.45,2.36,0.19,14.71,34.79
2013-02-16,Kovilpatti,9.1728,77.871,Dryland,28.42,34.26,24.06,69.36,2.13,0.03,20.93,34.88
2013-02-17,Kovilpatti,9.1728,77.871,Dryland,29.08,35.46,23.75,67.43,2.31,2.31,22.29,34.97
2013-02-18,Kovilpatti,9.1728,77.871,Dryland,29.05,34.89,24.61,68.26,2.33,2.54,19.77,35.06
2013-02-19,Kovilpatti,9.1728,77.871,Dryland,28.35,32.28,25.45,72.73,1.92,2.67,14.36,35.14
2013-02-20,Kovilpatti,9.1728,77.871,Dryland,28.44,34.03,24.29,70.06,3.3,0.43,21.86,35.23
2013-02-21,Kovilpatti,9.1728,77.871,Dryland,28.15,34.49,24.03,63.57,3.89,0.0,25.0,35.32
2013-02-22,Kovilpatti,9.1728,77.871,Dryland,27.47,34.25,21.9,65.44,3.73,0.0,25.04,35.41
2013-02-23,Kovilpatti,9.1728,77.871,Dryland,27.73,34.56,22.04,63.89,3.39,0.0,25.04,35.5
2013-02-24,Kovilpatti,9.1728,77.871,Dryland,27.83,34.36,23.0,62.78,3.05,0.0,23.78,35.59
2013-02-25,Kovilpatti,9.1728,77.871,Dryland,27.99,34.85,22.83,62.37,2.72,0.0,25.29,35.67
2013-02-26,Kovilpatti,9.1728,77.871,Dryland,27.4,34.35,21.01,61.19,2.82,0.0,26.61,35.75
2013-02-27,Kovilpatti,9.1728,77.871,Dryland,27.82,35.09,21.6,59.82,2.98,0.0,26.05,35.84
2013-02-28,Kovilpatti,9.1728,77.871,Dryland,28.57,35.72,22.39,60.2,2.77,0.0,24.87,35.91
2013-03-01,Kovilpatti,9.1728,77.871,Dryland,28.91,35.96,23.88,60.59,3.18,0.0,24.9,35.99
2013-03-02,Kovilpatti,9.1728,77.871,Dryland,28.34,35.62,22.48,63.1,3.73,0.0,25.07,36.08
2013-03-03,Kovilpatti,9.1728,77.871,Dryland,28.71,36.27,22.75,58.71,3.74,0.0,23.5,36.16
2013-03-04,Kovilpatti,9.1728,77.871,Dryland,28.78,35.32,23.25,64.41,3.91,1.66,20.15,36.24
2013-03-05,Kovilpatti,9.1728,77.871,Dryland,27.43,29.97,25.38,79.07,3.88,16.73,10.41,36.31
2013-03-06,Kovilpatti,9.1728,77.871,Dryland,27.8,31.19,25.7,81.51,3.47,6.67,13.38,36.39
2013-03-07,Kovilpatti,9.1728,77.871,Dryland,28.46,33.16,25.18,75.89,3.91,0.51,18.02,36.45
2013-03-08,Kovilpatti,9.1728,77.871,Dryland,28.02,31.86,24.99,78.22,2.97,6.15,17.52,36.52
2013-03-09,Kovilpatti,9.1728,77.871,Dryland,28.18,33.15,25.16,76.92,2.34,2.93,18.17,36.58
2013-03-10,Kovilpatti,9.1728,77.871,Dryland,28.9,34.83,25.0,70.62,2.22,0.03,23.08,36.65
2013-03-11,Kovilpatti,9.1728,77.871,Dryland,28.64,34.81,24.64,68.68,2.12,0.05,22.42,36.71
2013-03-12,Kovilpatti,9.1728,77.871,Dryland,28.55,34.95,24.14,64.34,1.96,0.0,22.86,36.77
2013-03-13,Kovilpatti,9.1728,77.871,Dryland,28.71,35.46,23.32,61.34,1.98,0.0,24.13,36.83
2013-03-14,Kovilpatti,9.1728,77.871,Dryland,28.56,34.16,24.09,64.15,1.89,0.0,23.97,36.88
2013-03-15,Kovilpatti,9.1728,77.871,Dryland,28.48,34.27,24.25,70.16,2.39,7.35,23.12,36.94
2013-03-16,Kovilpatti,9.1728,77.871,Dryland,27.14,30.07,24.7,75.08,2.37,15.13,13.49,36.99
2013-03-17,Kovilpatti,9.1728,77.871,Dryland,28.96,34.79,24.62,65.61,2.67,0.18,24.86,37.05
2013-03-18,Kovilpatti,9.1728,77.871,Dryland,29.12,35.35,24.97,66.72,2.42,0.0,23.28,37.1
2013-03-19,Kovilpatti,9.1728,77.871,Dryland,28.78,35.11,24.55,66.54,2.12,0.0,23.99,37.15
2013-03-20,Kovilpatti,9.1728,77.871,Dryland,29.38,35.14,25.28,67.93,2.22,0.0,25.13,37.2
2013-03-21,Kovilpatti,9.1728,77.871,Dryland,29.02,35.26,24.67,64.81,2.23,0.0,25.2,37.25
2013-03-22,Kovilpatti,9.1728,77.871,Dryland,28.68,36.13,22.65,60.38,2.06,0.0,25.75,37.29
2013-03-23,Kovilpatti,9.1728,77.871,Dryland,28.77,35.84,23.52,60.13,1.74,0.0,25.4,37.34
2013-03-24,Kovilpatti,9.1728,77.871,Dryland,29.36,35.85,23.92,63.69,2.2,0.09,25.78,37.38
2013-03-25,Kovilpatti,9.1728,77.871,Dryland,30.05,36.15,26.0,63.79,1.97,0.43,20.08,37.42
2013-03-26,Kovilpatti,9.1728,77.871,Dryland,30.02,35.45,25.89,64.81,1.85,0.11,22.25,37.45
2013-03-27,Kovilpatti,9.1728,77.871,Dryland,29.88,35.28,25.8,66.19,1.98,0.05,22.9,37.49
2013-03-28,Kovilpatti,9.1728,77.871,Dryland,30.77,37.32,25.15,62.96,2.33,0.01,23.65,37.52
2013-03-29,Kovilpatti,9.1728,77.871,Dryland,31.32,37.21,26.29,61.23,2.49,0.01,23.55,37.55
2013-03-30,Kovilpatti,9.1728,77.871,Dryland,31.55,37.3,27.14,61.63,2.2,0.03,21.1,37.58
2013-03-31,Kovilpatti,9.1728,77.871,Dryland,31.02,36.22,27.07,62.57,2.4,0.01,22.06,37.61
2013-04-01,Kovilpatti,9.1728,77.871,Dryland,31.8,38.75,26.39,57.24,2.47,0.0,25.26,37.64
2013-04-02,Kovilpatti,9.1728,77.871,Dryland,32.1,38.68,26.71,56.89,2.86,0.0,22.05,37.66
2013-04-03,Kovilpatti,9.1728,77.871,Dryland,31.16,35.71,27.65,61.14,2.25,0.0,19.52,37.67
2013-04-04,Kovilpatti,9.1728,77.871,Dryland,32.41,39.04,27.0,57.42,2.97,0.0,21.73,37.69
2013-04-05,Kovilpatti,9.1728,77.871,Dryland,31.6,36.77,28.0,57.99,3.41,0.0,23.99,37.71
2013-04-06,Kovilpatti,9.1728,77.871,Dryland,32.75,39.75,27.82,55.86,3.3,0.0,23.73,37.72
2013-04-07,Kovilpatti,9.1728,77.871,Dryland,33.06,39.67,27.95,54.2,3.28,0.0,21.97,37.74
2013-04-08,Kovilpatti,9.1728,77.871,Dryland,31.96,38.29,27.87,60.25,3.11,0.01,22.31,37.75
2013-04-09,Kovilpatti,9.1728,77.871,Dryland,31.52,37.48,27.05,61.69,2.81,0.22,22.6,37.76
2013-04-10,Kovilpatti,9.1728,77.871,Dryland,31.66,38.36,26.55,57.64,2.76,0.01,24.58,37.77
2013-04-11,Kovilpatti,9.1728,77.871,Dryland,32.01,38.12,27.15,57.02,2.43,0.0,22.72,37.77
2013-04-12,Kovilpatti,9.1728,77.871,Dryland,31.75,37.61,27.89,59.97,2.48,0.1,24.45,37.78
2013-04-13,Kovilpatti,9.1728,77.871,Dryland,32.03,38.61,27.3,59.45,2.45,0.2,22.04,37.79
2013-04-14,Kovilpatti,9.1728,77.871,Dryland,31.68,36.22,28.26,61.81,2.81,0.37,19.81,37.79
2013-04-15,Kovilpatti,9.1728,77.871,Dryland,29.0,31.55,26.34,77.01,3.04,36.77,19.01,37.79
2013-04-16,Kovilpatti,9.1728,77.871,Dryland,31.0,38.07,25.08,65.57,2.88,0.47,23.2,37.79
2013-04-17,Kovilpatti,9.1728,77.871,Dryland,31.07,36.48,26.89,65.57,3.48,0.0,21.81,37.79
2013-04-18,Kovilpatti,9.1728,77.871,Dryland,31.59,37.94,26.63,61.4,3.07,0.0,21.53,37.78
2013-04-19,Kovilpatti,9.1728,77.871,Dryland,31.66,38.64,26.04,58.3,2.36,0.0,24.32,37.78
2013-04-20,Kovilpatti,9.1728,77.871,Dryland,31.61,38.68,25.81,58.67,2.91,0.0,24.47,37.77
2013-04-21,Kovilpatti,9.1728,77.871,Dryland,30.97,37.74,25.39,61.23,3.08,0.23,22.41,37.76
2013-04-22,Kovilpatti,9.1728,77.871,Dryland,30.76,36.8,26.28,62.6,3.4,0.29,23.72,37.75
2013-04-23,Kovilpatti,9.1728,77.871,Dryland,30.77,36.79,25.83,63.6,2.89,0.0,23.25,37.74
2013-04-24,Kovilpatti,9.1728,77.871,Dryland,31.12,36.44,26.74,64.19,2.25,1.43,20.63,37.74
2013-04-25,Kovilpatti,9.1728,77.871,Dryland,30.8,35.06,27.37,66.79,1.7,1.28,19.4,37.73
2013-04-26,Kovilpatti,9.1728,77.871,Dryland,29.98,33.3,27.66,70.56,1.68,0.33,21.06,37.72
2013-04-27,Kovilpatti,9.1728,77.871,Dryland,30.92,36.33,26.84,64.69,2.04,0.06,20.65,37.7
2013-04-28,Kovilpatti,9.1728,77.871,Dryland,32.09,38.18,27.16,60.31,3.08,0.04,22.95,37.69
2013-04-29,Kovilpatti,9.1728,77.871,Dryland,32.33,37.39,27.93,60.59,2.91,0.36,22.4,37.67
2013-04-30,Kovilpatti,9.1728,77.871,Dryland,31.47,35.87,27.85,64.73,2.23,0.57,22.99,37.65
2013-05-01,Kovilpatti,9.1728,77.871,Dryland,30.28,33.69,27.87,68.99,2.06,2.48,20.81,37.63
2013-05-02,Kovilpatti,9.1728,77.871,Dryland,30.57,35.42,26.67,67.32,3.17,1.77,20.29,37.61
2013-05-03,Kovilpatti,9.1728,77.871,Dryland,30.74,34.98,27.31,68.06,4.04,0.13,20.17,37.59
2013-05-04,Kovilpatti,9.1728,77.871,Dryland,31.0,34.93,27.68,67.93,3.74,0.05,17.52,37.57
2013-05-05,Kovilpatti,9.1728,77.871,Dryland,30.73,34.44,28.04,68.39,1.85,0.03,18.18,37.55
2013-05-06,Kovilpatti,9.1728,77.871,Dryland,30.68,34.69,26.95,65.53,1.81,0.24,19.9,37.53
2013-05-07,Kovilpatti,9.1728,77.871,Dryland,31.01,35.39,27.69,66.29,2.34,1.49,17.82,37.51
2013-05-08,Kovilpatti,9.1728,77.871,Dryland,30.25,35.28,27.05,71.16,3.62,15.83,18.0,37.48
2013-05-09,Kovilpatti,9.1728,77.871,Dryland,30.2,35.36,26.35,70.39,3.47,2.83,23.01,37.46
2013-05-10,Kovilpatti,9.1728,77.871,Dryland,31.23,36.75,27.22,66.68,2.9,0.02,22.89,37.44
2013-05-11,Kovilpatti,9.1728,77.871,Dryland,30.84,35.2,27.54,69.47,3.79,0.02,20.41,37.42
2013-05-12,Kovilpatti,9.1728,77.871,Dryland,29.94,34.35,27.2,71.56,5.18,0.21,19.55,37.39
2013-05-13,Kovilpatti,9.1728,77.871,Dryland,27.48,29.89,26.12,76.55,3.48,0.11,13.2,37.36
2013-05-14,Kovilpatti,9.1728,77.871,Dryland,29.5,34.33,25.74,68.82,5.1,0.08,18.44,37.33
2013-05-15,Kovilpatti,9.1728,77.871,Dryland,30.74,36.35,26.82,62.79,4.93,0.0,19.74,37.3
2013-05-16,Kovilpatti,9.1728,77.871,Dryland,30.75,35.45,26.73,60.56,3.7,0.0,22.82,37.28
2013-05-17,Kovilpatti,9.1728,77.871,Dryland,32.09,38.95,26.65,56.51,4.71,0.0,20.96,37.26
2013-05-18,Kovilpatti,9.1728,77.871,Dryland,31.52,38.01,26.45,58.25,4.18,0.0,24.74,37.24
2013-05-19,Kovilpatti,9.1728,77.871,Dryland,32.03,38.52,26.95,61.43,4.04,0.0,25.16,37.22
2013-05-20,Kovilpatti,9.1728,77.871,Dryland,30.6,34.91,27.94,67.82,4.47,0.0,19.67,37.2
2013-05-21,Kovilpatti,9.1728,77.871,Dryland,30.45,35.36,27.11,59.6,4.66,0.01,23.75,37.18
2013-05-22,Kovilpatti,9.1728,77.871,Dryland,30.69,35.95,26.72,65.27,5.45,0.15,23.75,37.15
2013-05-23,Kovilpatti,9.1728,77.871,Dryland,30.32,35.18,26.99,67.75,5.62,0.05,21.85,37.11
2013-05-24,Kovilpatti,9.1728,77.871,Dryland,30.38,34.89,27.31,69.34,5.81,0.1,19.74,37.08
2013-05-25,Kovilpatti,9.1728,77.871,Dryland,30.11,34.75,27.43,66.55,5.58,0.32,19.21,37.06
2013-05-26,Kovilpatti,9.1728,77.871,Dryland,30.75,36.06,26.3,60.24,4.42,0.05,19.64,37.04
2013-05-27,Kovilpatti,9.1728,77.871,Dryland,29.44,34.48,26.22,66.33,4.95,0.04,20.77,37.02
2013-05-28,Kovilpatti,9.1728,77.871,Dryland,28.95,32.24,26.6,67.82,4.53,0.02,19.53,37.0
2013-05-29,Kovilpatti,9.1728,77.871,Dryland,29.47,33.48,26.59,66.52,4.54,0.01,19.41,36.98
2013-05-30,Kovilpatti,9.1728,77.871,Dryland,29.9,35.25,26.48,66.72,4.79,4.54,22.19,36.96
2013-05-31,Kovilpatti,9.1728,77.871,Dryland,28.63,33.1,25.92,71.52,5.26,3.96,14.46,36.94
2013-06-01,Kovilpatti,9.1728,77.871,Dryland,28.38,32.23,25.75,70.63,5.13,0.72,15.13,36.91
2013-06-02,Kovilpatti,9.1728,77.871,Dryland,28.55,33.14,25.55,70.02,5.76,2.86,12.38,36.88
2013-06-03,Kovilpatti,9.1728,77.871,Dryland,28.81,34.44,25.01,69.24,6.07,0.4,13.87,36.86
2013-06-04,Kovilpatti,9.1728,77.871,Dryland,29.34,34.03,26.18,67.71,5.23,0.2,17.49,36.84
2013-06-05,Kovilpatti,9.1728,77.871,Dryland,30.08,35.75,25.71,66.19,4.66,0.05,20.19,36.83
2013-06-06,Kovilpatti,9.1728,77.871,Dryland,29.86,35.3,26.3,66.97,5.07,0.39,17.25,36.81
2013-06-07,Kovilpatti,9.1728,77.871,Dryland,28.84,32.54,26.37,68.95,5.23,0.94,14.31,36.79
2013-06-08,Kovilpatti,9.1728,77.871,Dryland,28.39,32.48,26.19,70.01,5.97,0.41,12.27,36.77
2013-06-09,Kovilpatti,9.1728,77.871,Dryland,29.51,34.75,25.88,65.2,5.79,0.05,18.07,36.76
2013-06-10,Kovilpatti,9.1728,77.871,Dryland,29.84,35.85,25.85,65.17,5.39,0.06,14.79,36.74
2013-06-11,Kovilpatti,9.1728,77.871,Dryland,28.89,32.75,26.6,71.32,5.55,0.49,14.4,36.73
2013-06-12,Kovilpatti,9.1728,77.871,Dryland,28.62,33.34,25.74,66.01,6.61,1.09,11.07,36.71
2013-06-13,Kovilpatti,9.1728,77.871,Dryland,28.66,32.17,26.03,62.74,7.18,0.25,9.98,36.7
2013-06-14,Kovilpatti,9.1728,77.871,Dryland,29.44,34.18,26.18,69.76,5.57,0.05,16.55,36.69
2013-06-15,Kovilpatti,9.1728,77.871,Dryland,29.11,33.28,26.0,70.36,6.18,0.8,13.33,36.69
2013-06-16,Kovilpatti,9.1728,77.871,Dryland,28.89,32.7,25.73,70.74,6.04,0.54,14.1,36.68
2013-06-17,Kovilpatti,9.1728,77.871,Dryland,28.37,32.64,26.02,67.31,6.17,0.31,10.69,36.67
2013-06-18,Kovilpatti,9.1728,77.871,Dryland,28.75,33.24,25.54,66.71,5.41,0.07,12.22,36.65
2013-06-19,Kovilpatti,9.1728,77.871,Dryland,28.69,33.18,25.58,70.38,5.56,0.4,11.74,36.64
2013-06-20,Kovilpatti,9.1728,77.871,Dryland,28.83,34.43,25.12,67.03,5.69,0.06,12.65,36.63
2013-06-21,Kovilpatti,9.1728,77.871,Dryland,28.74,34.11,25.85,66.9,6.03,0.75,10.92,36.63
2013-06-22,Kovilpatti,9.1728,77.871,Dryland,28.46,33.49,25.31,64.81,6.1,1.0,10.66,36.63
2013-06-23,Kovilpatti,9.1728,77.871,Dryland,28.7,33.68,24.97,69.13,5.98,0.69,8.69,36.64
2013-06-24,Kovilpatti,9.1728,77.871,Dryland,28.82,32.5,26.19,71.22,5.6,0.26,13.17,36.64
2013-06-25,Kovilpatti,9.1728,77.871,Dryland,28.69,32.3,26.03,72.79,5.19,0.22,15.12,36.64
2013-06-26,Kovilpatti,9.1728,77.871,Dryland,28.71,33.37,25.73,70.55,5.06,0.07,14.7,36.63
2013-06-27,Kovilpatti,9.1728,77.871,Dryland,29.26,34.84,25.21,68.8,4.6,0.03,17.42,36.63
2013-06-28,Kovilpatti,9.1728,77.871,Dryland,29.22,34.44,25.31,66.62,4.2,0.02,16.25,36.63
2013-06-29,Kovilpatti,9.1728,77.871,Dryland,29.09,33.97,25.45,67.43,4.27,0.1,19.09,36.63
2013-06-30,Kovilpatti,9.1728,77.871,Dryland,28.42,32.5,25.55,71.08,5.59,0.17,19.45,36.63
2013-07-01,Kovilpatti,9.1728,77.871,Dryland,28.05,31.99,25.18,66.05,5.5,0.04,16.84,36.64
2013-07-02,Kovilpatti,9.1728,77.871,Dryland,28.32,32.91,25.04,67.91,6.01,0.16,15.4,36.64
2013-07-03,Kovilpatti,9.1728,77.871,Dryland,28.26,32.16,25.29,67.08,6.32,0.03,14.85,36.64
2013-07-04,Kovilpatti,9.1728,77.871,Dryland,29.17,34.37,25.32,65.24,6.06,0.05,15.07,36.64
2013-07-05,Kovilpatti,9.1728,77.871,Dryland,28.89,32.88,26.25,64.82,5.53,0.04,18.2,36.64
2013-07-06,Kovilpatti,9.1728,77.871,Dryland,30.26,37.07,25.93,59.29,4.9,0.2,20.4,36.65
2013-07-07,Kovilpatti,9.1728,77.871,Dryland,28.78,33.68,26.05,65.36,5.55,0.07,15.81,36.66
2013-07-08,Kovilpatti,9.1728,77.871,Dryland,28.47,32.9,25.71,67.24,5.49,0.16,13.26,36.67
2013-07-09,Kovilpatti,9.1728,77.871,Dryland,28.17,32.31,25.37,68.89,5.64,0.31,11.64,36.69
2013-07-10,Kovilpatti,9.1728,77.871,Dryland,28.05,32.86,25.15,67.62,5.63,2.51,9.78,36.71
2013-07-11,Kovilpatti,9.1728,77.871,Dryland,28.37,34.3,25.09,63.73,5.1,0.02,12.85,36.73
2013-07-12,Kovilpatti,9.1728,77.871,Dryland,28.66,33.75,25.43,64.84,5.59,0.1,13.54,36.74
2013-07-13,Kovilpatti,9.1728,77.871,Dryland,27.92,32.28,24.79,67.82,4.91,0.0,17.34,36.76
2013-07-14,Kovilpatti,9.1728,77.871,Dryland,29.03,35.32,24.24,66.94,4.5,0.17,19.87,36.77
2013-07-15,Kovilpatti,9.1728,77.871,Dryland,29.25,35.58,25.45,65.48,5.53,0.01,13.07,36.78
2013-07-16,Kovilpatti,9.1728,77.871,Dryland,28.3,32.47,25.62,66.59,6.0,0.05,10.43,36.79
2013-07-17,Kovilpatti,9.1728,77.871,Dryland,28.08,32.53,24.93,70.74,5.32,0.27,15.47,36.81
2013-07-18,Kovilpatti,9.1728,77.871,Dryland,28.27,32.96,25.32,67.61,6.12,0.7,13.93,36.82
2013-07-19,Kovilpatti,9.1728,77.871,Dryland,27.63,31.32,25.28,70.37,5.98,1.01,10.77,36.84
2013-07-20,Kovilpatti,9.1728,77.871,Dryland,27.52,31.85,24.96,71.47,5.45,0.44,13.0,36.86
2013-07-21,Kovilpatti,9.1728,77.871,Dryland,27.95,33.1,24.9,67.17,5.52,0.12,10.63,36.88
2013-07-22,Kovilpatti,9.1728,77.871,Dryland,27.91,32.23,24.55,69.83,5.61,0.2,11.99,36.9
2013-07-23,Kovilpatti,9.1728,77.871,Dryland,27.97,32.51,24.73,68.65,5.92,0.67,14.61,36.91
2013-07-24,Kovilpatti,9.1728,77.871,Dryland,28.17,31.97,25.47,68.57,6.21,1.34,12.12,36.92
2013-07-25,Kovilpatti,9.1728,77.871,Dryland,27.92,32.1,25.19,70.83,5.45,0.3,13.25,36.94
2013-07-26,Kovilpatti,9.1728,77.871,Dryland,27.9,31.92,25.07,71.57,4.83,0.25,16.03,36.95
2013-07-27,Kovilpatti,9.1728,77.871,Dryland,28.85,34.34,24.64,68.99,4.18,0.04,17.14,36.97
2013-07-28,Kovilpatti,9.1728,77.871,Dryland,29.81,35.81,24.92,64.04,4.19,0.0,17.79,36.99
2013-07-29,Kovilpatti,9.1728,77.871,Dryland,28.25,32.24,25.08,63.66,4.42,0.0,20.24,37.01
2013-07-30,Kovilpatti,9.1728,77.871,Dryland,28.5,34.28,24.33,65.89,5.58,0.0,17.16,37.02
2013-07-31,Kovilpatti,9.1728,77.871,Dryland,28.35,33.02,25.16,69.45,5.98,0.0,17.19,37.04
2013-08-01,Kovilpatti,9.1728,77.871,Dryland,28.77,34.2,25.29,67.0,6.04,0.17,14.11,37.06
2013-08-02,Kovilpatti,9.1728,77.871,Dryland,28.86,33.39,25.67,64.83,6.17,0.12,16.86,37.07
2013-08-03,Kovilpatti,9.1728,77.871,Dryland,28.61,32.99,25.82,65.24,5.04,0.11,18.12,37.09
2013-08-04,Kovilpatti,9.1728,77.871,Dryland,27.69,31.85,24.62,68.82,5.83,3.9,16.3,37.1
2013-08-05,Kovilpatti,9.1728,77.871,Dryland,27.04,30.94,24.55,71.0,6.4,1.61,13.36,37.12
2013-08-06,Kovilpatti,9.1728,77.871,Dryland,28.06,34.26,23.95,67.36,5.25,0.1,14.73,37.14
2013-08-07,Kovilpatti,9.1728,77.871,Dryland,28.18,34.3,23.89,68.42,4.23,0.22,17.29,37.15
2013-08-08,Kovilpatti,9.1728,77.871,Dryland,29.13,35.11,24.7,65.19,4.5,0.2,20.94,37.17
2013-08-09,Kovilpatti,9.1728,77.871,Dryland,28.47,33.31,25.13,67.73,3.84,1.67,16.71,37.18
2013-08-10,Kovilpatti,9.1728,77.871,Dryland,28.19,33.67,24.89,72.75,3.34,12.2,16.17,37.2
2013-08-11,Kovilpatti,9.1728,77.871,Dryland,28.46,33.85,24.45,71.09,3.83,0.13,18.6,37.21
2013-08-12,Kovilpatti,9.1728,77.871,Dryland,28.34,32.84,24.85,71.39,3.88,0.08,18.96,37.21
2013-08-13,Kovilpatti,9.1728,77.871,Dryland,28.3,33.52,24.56,71.5,4.5,0.05,17.68,37.22
2013-08-14,Kovilpatti,9.1728,77.871,Dryland,28.74,34.34,24.59,67.12,4.63,0.02,15.11,37.23
2013-08-15,Kovilpatti,9.1728,77.871,Dryland,28.0,32.51,24.57,71.57,4.39,0.02,19.22,37.25
2013-08-16,Kovilpatti,9.1728,77.871,Dryland,28.48,33.61,24.89,70.21,4.45,0.16,18.43,37.26
2013-08-17,Kovilpatti,9.1728,77.871,Dryland,28.69,34.49,24.69,70.92,4.05,11.64,18.25,37.27
2013-08-18,Kovilpatti,9.1728,77.871,Dryland,28.62,34.11,24.69,71.08,4.6,1.82,19.53,37.28
2013-08-19,Kovilpatti,9.1728,77.871,Dryland,28.88,35.15,25.06,69.91,4.3,0.14,20.61,37.28
2013-08-20,Kovilpatti,9.1728,77.871,Dryland,28.46,34.41,24.43,70.75,5.32,0.0,18.96,37.29
2013-08-21,Kovilpatti,9.1728,77.871,Dryland,28.82,34.63,25.16,69.65,5.15,0.0,18.41,37.29
2013-08-22,Kovilpatti,9.1728,77.871,Dryland,29.09,35.58,24.45,67.06,4.67,0.0,21.3,37.29
2013-08-23,Kovilpatti,9.1728,77.871,Dryland,29.4,36.27,24.66,65.17,4.29,0.0,19.11,37.3
2013-08-24,Kovilpatti,9.1728,77.871,Dryland,29.15,35.53,24.32,65.54,4.39,0.0,22.79,37.3
2013-08-25,Kovilpatti,9.1728,77.871,Dryland,29.89,36.4,25.1,62.99,4.21,0.0,21.19,37.3
2013-08-26,Kovilpatti,9.1728,77.871,Dryland,30.15,36.44,25.7,62.57,3.22,2.41,20.71,37.29
2013-08-27,Kovilpatti,9.1728,77.871,Dryland,29.12,33.38,25.63,70.13,2.04,10.74,21.06,37.29
2013-08-28,Kovilpatti,9.1728,77.871,Dryland,28.32,32.26,24.95,74.72,2.08,15.66,17.52,37.28
2013-08-29,Kovilpatti,9.1728,77.871,Dryland,27.83,31.67,25.04,76.18,2.27,2.56,18.78,37.27
2013-08-30,Kovilpatti,9.1728,77.871,Dryland,27.96,31.12,25.22,77.7,1.71,0.3,19.48,37.26
2013-08-31,Kovilpatti,9.1728,77.871,Dryland,28.38,31.19,25.55,74.95,1.14,0.12,22.85,37.25
2013-09-01,Kovilpatti,9.1728,77.871,Dryland,28.32,32.83,25.43,76.11,2.03,1.11,19.78,37.24
2013-09-02,Kovilpatti,9.1728,77.871,Dryland,28.27,32.17,25.27,75.5,3.05,0.25,19.85,37.23
2013-09-03,Kovilpatti,9.1728,77.871,Dryland,27.71,31.32,25.37,75.44,3.81,1.36,20.76,37.22
2013-09-04,Kovilpatti,9.1728,77.871,Dryland,27.94,32.22,24.56,72.11,3.58,1.38,19.75,37.21
2013-09-05,Kovilpatti,9.1728,77.871,Dryland,27.96,32.86,24.86,72.47,3.83,2.29,19.5,37.2
2013-09-06,Kovilpatti,9.1728,77.871,Dryland,26.79,29.92,24.42,78.36,3.3,5.4,13.3,37.18
2013-09-07,Kovilpatti,9.1728,77.871,Dryland,27.64,33.03,24.39,72.5,3.91,0.24,11.89,37.16
2013-09-08,Kovilpatti,9.1728,77.871,Dryland,27.44,32.4,24.15,73.19,4.12,0.8,16.98,37.14
2013-09-09,Kovilpatti,9.1728,77.871,Dryland,26.73,31.17,24.02,72.51,4.91,0.13,17.92,37.12
2013-09-10,Kovilpatti,9.1728,77.871,Dryland,28.24,34.66,23.73,68.92,4.77,0.32,14.15,37.1
2013-09-11,Kovilpatti,9.1728,77.871,Dryland,28.0,33.37,24.39,72.15,5.01,1.64,14.48,37.07
2013-09-12,Kovilpatti,9.1728,77.871,Dryland,28.04,33.06,24.83,72.4,5.13,1.1,11.16,37.05
2013-09-13,Kovilpatti,9.1728,77.871,Dryland,28.07,32.54,24.88,73.43,4.72,0.2,12.87,37.02
2013-09-14,Kovilpatti,9.1728,77.871,Dryland,28.75,34.66,24.75,70.5,5.02,0.14,16.99,36.99
2013-09-15,Kovilpatti,9.1728,77.871,Dryland,28.03,32.11,25.2,73.07,5.3,0.07,17.65,36.96
2013-09-16,Kovilpatti,9.1728,77.871,Dryland,28.51,32.66,25.73,74.41,4.98,0.25,17.29,36.92
2013-09-17,Kovilpatti,9.1728,77.871,Dryland,28.3,32.28,25.51,71.81,6.34,0.37,13.61,36.89
2013-09-18,Kovilpatti,9.1728,77.871,Dryland,28.31,33.57,25.44,69.71,5.45,0.07,11.28,36.85
2013-09-19,Kovilpatti,9.1728,77.871,Dryland,28.38,33.32,25.05,72.49,5.45,0.15,15.49,36.81
2013-09-20,Kovilpatti,9.1728,77.871,Dryland,28.44,32.36,25.72,74.25,5.59,0.05,16.54,36.77
2013-09-21,Kovilpatti,9.1728,77.871,Dryland,28.75,33.54,25.72,72.78,4.97,0.01,18.62,36.73
2013-09-22,Kovilpatti,9.1728,77.871,Dryland,29.56,36.27,24.96,67.75,4.83,0.0,21.94,36.69
2013-09-23,Kovilpatti,9.1728,77.871,Dryland,30.03,37.14,25.19,64.89,4.23,0.0,23.46,36.64
2013-09-24,Kovilpatti,9.1728,77.871,Dryland,29.9,36.97,24.58,65.02,3.97,0.0,23.06,36.6
2013-09-25,Kovilpatti,9.1728,77.871,Dryland,30.69,37.51,25.43,60.67,3.81,0.09,24.47,36.55
2013-09-26,Kovilpatti,9.1728,77.871,Dryland,30.37,37.47,24.91,62.24,3.53,0.0,24.19,36.5
2013-09-27,Kovilpatti,9.1728,77.871,Dryland,30.7,37.63,25.4,60.56,3.63,0.0,25.14,36.45
2013-09-28,Kovilpatti,9.1728,77.871,Dryland,30.19,36.56,25.85,62.7,4.53,0.0,23.22,36.39
2013-09-29,Kovilpatti,9.1728,77.871,Dryland,29.63,36.15,25.45,63.8,5.15,0.51,17.93,36.34
2013-09-30,Kovilpatti,9.1728,77.871,Dryland,29.33,36.07,24.61,65.46,4.56,0.09,20.59,36.28
2013-10-01,Kovilpatti,9.1728,77.871,Dryland,30.28,36.81,25.94,63.15,4.61,0.17,20.68,36.22
2013-10-02,Kovilpatti,9.1728,77.871,Dryland,29.36,34.2,25.64,67.3,4.7,0.09,19.03,36.16
2013-10-03,Kovilpatti,9.1728,77.871,Dryland,29.56,35.42,25.34,64.69,4.64,0.36,18.41,36.1
2013-10-04,Kovilpatti,9.1728,77.871,Dryland,29.51,36.57,24.24,59.36,4.4,0.0,24.4,36.04
2013-10-05,Kovilpatti,9.1728,77.871,Dryland,28.85,36.89,22.04,59.56,3.99,0.0,25.02,35.98
2013-10-06,Kovilpatti,9.1728,77.871,Dryland,29.45,36.61,23.76,63.81,4.15,0.0,22.39,35.91
2013-10-07,Kovilpatti,9.1728,77.871,Dryland,29.08,34.67,24.94,67.16,4.04,0.27,21.83,35.84
2013-10-08,Kovilpatti,9.1728,77.871,Dryland,28.62,32.64,25.57,74.2,3.74,7.98,18.0,35.78
2013-10-09,Kovilpatti,9.1728,77.871,Dryland,27.64,31.52,25.05,70.54,3.05,1.22,16.47,35.71
2013-10-10,Kovilpatti,9.1728,77.871,Dryland,28.85,35.38,23.95,67.19,3.32,0.23,17.73,35.64
2013-10-11,Kovilpatti,9.1728,77.871,Dryland,29.5,36.2,24.78,66.14,4.65,0.05,21.07,35.56
2013-10-12,Kovilpatti,9.1728,77.871,Dryland,29.28,36.06,25.25,66.83,4.96,0.06,21.9,35.48
2013-10-13,Kovilpatti,9.1728,77.871,Dryland,29.54,35.38,25.21,67.57,4.72,0.18,17.71,35.41
2013-10-14,Kovilpatti,9.1728,77.871,Dryland,30.76,37.6,25.0,61.46,3.08,0.04,24.19,35.34
2013-10-15,Kovilpatti,9.1728,77.871,Dryland,30.7,36.8,26.21,62.57,2.9,4.44,20.22,35.27
2013-10-16,Kovilpatti,9.1728,77.871,Dryland,28.21,31.25,25.81,78.48,1.97,26.64,18.93,35.2
2013-10-17,Kovilpatti,9.1728,77.871,Dryland,27.29,30.27,24.94,80.23,1.67,3.68,16.56,35.12
2013-10-18,Kovilpatti,9.1728,77.871,Dryland,26.9,30.74,24.6,79.04,1.29,8.7,15.81,35.04
2013-10-19,Kovilpatti,9.1728,77.871,Dryland,26.25,28.73,24.55,85.33,2.06,43.83,14.91,34.96
2013-10-20,Kovilpatti,9.1728,77.871,Dryland,26.0,28.66,23.79,85.54,1.95,16.48,14.65,34.88
2013-10-21,Kovilpatti,9.1728,77.871,Dryland,25.92,28.81,23.81,85.21,2.2,6.9,15.49,34.79
2013-10-22,Kovilpatti,9.1728,77.871,Dryland,27.05,31.2,24.39,81.84,3.43,0.84,15.57,34.7
2013-10-23,Kovilpatti,9.1728,77.871,Dryland,27.35,31.53,24.64,80.83,3.51,0.16,14.32,34.6
2013-10-24,Kovilpatti,9.1728,77.871,Dryland,27.68,32.4,23.94,78.7,3.03,0.01,19.39,34.52
2013-10-25,Kovilpatti,9.1728,77.871,Dryland,27.5,32.18,23.71,77.7,3.09,0.11,16.34,34.44
2013-10-26,Kovilpatti,9.1728,77.871,Dryland,27.7,32.83,23.61,74.93,2.88,0.0,20.57,34.36
2013-10-27,Kovilpatti,9.1728,77.871,Dryland,27.73,33.2,23.57,73.6,3.21,0.0,22.64,34.28
2013-10-28,Kovilpatti,9.1728,77.871,Dryland,26.66,31.1,23.55,75.51,2.63,0.0,23.05,34.2
2013-10-29,Kovilpatti,9.1728,77.871,Dryland,27.3,33.35,22.34,71.58,1.96,0.0,21.86,34.11
2013-10-30,Kovilpatti,9.1728,77.871,Dryland,27.24,31.86,22.54,74.55,1.54,0.0,19.67,34.02
2013-10-31,Kovilpatti,9.1728,77.871,Dryland,26.53,28.25,25.42,82.33,0.73,17.04,16.0,33.93
2013-11-01,Kovilpatti,9.1728,77.871,Dryland,26.88,29.87,24.98,81.62,1.54,6.16,19.28,33.85
2013-11-02,Kovilpatti,9.1728,77.871,Dryland,26.76,28.96,25.14,87.17,2.03,20.58,15.4,33.77
2013-11-03,Kovilpatti,9.1728,77.871,Dryland,26.38,28.42,24.69,88.89,2.56,13.25,12.47,33.68
2013-11-04,Kovilpatti,9.1728,77.871,Dryland,26.1,29.25,23.93,82.93,2.05,8.45,12.57,33.6
2013-11-05,Kovilpatti,9.1728,77.871,Dryland,26.48,29.2,24.42,88.54,2.82,13.46,14.58,33.51
2013-11-06,Kovilpatti,9.1728,77.871,Dryland,26.81,30.05,24.8,85.83,2.91,11.81,18.04,33.42
2013-11-07,Kovilpatti,9.1728,77.871,Dryland,26.3,30.0,23.66,84.56,2.91,1.49,18.44,33.33
2013-11-08,Kovilpatti,9.1728,77.871,Dryland,26.54,30.11,23.9,80.82,3.19,0.51,15.67,33.25
2013-11-09,Kovilpatti,9.1728,77.871,Dryland,26.33,30.46,22.45,79.4,3.06,0.36,20.08,33.17
2013-11-10,Kovilpatti,9.1728,77.871,Dryland,26.99,31.31,22.89,79.56,2.86,0.22,18.96,33.09
2013-11-11,Kovilpatti,9.1728,77.871,Dryland,27.03,31.11,23.41,80.99,2.8,0.72,17.21,33.01
2013-11-12,Kovilpatti,9.1728,77.871,Dryland,26.79,30.11,23.69,80.53,1.77,4.28,7.83,32.93
2013-11-13,Kovilpatti,9.1728,77.871,Dryland,26.33,29.38,23.6,76.14,2.06,7.59,12.41,32.85
2013-11-14,Kovilpatti,9.1728,77.871,Dryland,25.66,28.37,23.05,80.14,1.45,0.29,17.31,32.76
2013-11-15,Kovilpatti,9.1728,77.871,Dryland,26.05,30.5,23.0,78.66,2.67,0.23,16.53,32.68
2013-11-16,Kovilpatti,9.1728,77.871,Dryland,26.32,31.13,21.83,79.21,2.45,0.8,15.18,32.6
2013-11-17,Kovilpatti,9.1728,77.871,Dryland,26.59,29.68,24.16,81.37,1.73,1.6,12.46,32.52
2013-11-18,Kovilpatti,9.1728,77.871,Dryland,26.66,30.54,23.74,82.92,2.99,4.58,15.21,32.45
2013-11-19,Kovilpatti,9.1728,77.871,Dryland,26.81,30.36,23.91,82.31,2.3,3.13,16.71,32.38
2013-11-20,Kovilpatti,9.1728,77.871,Dryland,27.29,31.85,22.63,77.71,1.33,1.6,19.2,32.31
2013-11-21,Kovilpatti,9.1728,77.871,Dryland,27.42,31.36,24.19,79.41,1.29,1.6,16.73,32.24
2013-11-22,Kovilpatti,9.1728,77.871,Dryland,27.83,31.87,24.95,76.17,1.21,0.29,16.99,32.17
2013-11-23,Kovilpatti,9.1728,77.871,Dryland,27.61,31.73,24.75,77.21,1.3,7.53,16.45,32.11
2013-11-24,Kovilpatti,9.1728,77.871,Dryland,26.86,30.04,24.74,80.71,1.06,21.43,14.27,32.04
2013-11-25,Kovilpatti,9.1728,77.871,Dryland,26.53,30.38,23.37,82.96,1.83,3.29,16.68,31.98
2013-11-26,Kovilpatti,9.1728,77.871,Dryland,26.96,30.94,23.7,80.78,1.52,0.6,17.09,31.91
2013-11-27,Kovilpatti,9.1728,77.871,Dryland,27.23,30.66,24.49,77.98,1.52,0.04,16.14,31.85
2013-11-28,Kovilpatti,9.1728,77.871,Dryland,26.52,30.91,23.35,77.49,1.88,0.0,16.21,31.78
2013-11-29,Kovilpatti,9.1728,77.871,Dryland,26.39,30.75,23.64,75.51,2.0,0.0,16.92,31.73
2013-11-30,Kovilpatti,9.1728,77.871,Dryland,26.28,31.07,21.96,80.66,2.87,1.72,16.86,31.67
2013-12-01,Kovilpatti,9.1728,77.871,Dryland,25.68,28.56,23.97,87.52,3.43,21.27,11.88,31.62
2013-12-02,Kovilpatti,9.1728,77.871,Dryland,24.94,27.08,23.41,88.02,3.32,18.6,10.77,31.57
2013-12-03,Kovilpatti,9.1728,77.871,Dryland,25.39,28.55,22.98,85.87,3.69,10.21,17.03,31.53
2013-12-04,Kovilpatti,9.1728,77.871,Dryland,25.28,28.53,22.94,86.38,3.84,4.62,13.3,31.48
2013-12-05,Kovilpatti,9.1728,77.871,Dryland,25.68,29.65,22.34,83.83,3.6,0.79,16.14,31.44
2013-12-06,Kovilpatti,9.1728,77.871,Dryland,26.28,30.87,22.91,78.53,2.87,0.06,18.41,31.4
2013-12-07,Kovilpatti,9.1728,77.871,Dryland,25.86,30.09,22.24,76.19,2.14,0.0,16.08,31.36
2013-12-08,Kovilpatti,9.1728,77.871,Dryland,26.9,31.11,23.31,80.2,1.8,0.0,17.0,31.33
2013-12-09,Kovilpatti,9.1728,77.871,Dryland,25.96,29.3,24.19,83.36,1.33,0.0,14.37,31.3
2013-12-10,Kovilpatti,9.1728,77.871,Dryland,26.42,30.28,24.1,82.08,1.2,0.0,15.49,31.27
2013-12-11,Kovilpatti,9.1728,77.871,Dryland,26.93,30.69,24.4,79.98,1.14,0.0,18.56,31.24
2013-12-12,Kovilpatti,9.1728,77.871,Dryland,26.5,30.49,23.26,78.51,1.38,22.0,8.96,31.21
2013-12-13,Kovilpatti,9.1728,77.871,Dryland,25.72,28.57,24.14,86.67,2.86,7.4,7.87,31.19
2013-12-14,Kovilpatti,9.1728,77.871,Dryland,26.19,30.07,23.15,84.45,2.35,1.98,17.42,31.17
2013-12-15,Kovilpatti,9.1728,77.871,Dryland,26.04,30.01,23.16,85.0,3.23,2.65,16.44,31.15
2013-12-16,Kovilpatti,9.1728,77.871,Dryland,23.56,28.38,20.03,76.2,3.35,0.0,18.22,31.14
2013-12-17,Kovilpatti,9.1728,77.871,Dryland,23.51,28.22,19.05,79.57,3.64,0.0,19.18,31.13
2013-12-18,Kovilpatti,9.1728,77.871,Dryland,24.49,28.92,20.44,79.88,3.53,0.0,20.2,31.12
2013-12-19,Kovilpatti,9.1728,77.871,Dryland,25.07,29.67,21.24,79.46,3.05,0.0,17.0,31.12
2013-12-20,Kovilpatti,9.1728,77.871,Dryland,25.13,29.8,21.3,80.57,3.11,0.0,16.24,31.12
2013-12-21,Kovilpatti,9.1728,77.871,Dryland,24.54,28.7,21.02,80.03,2.85,0.0,15.18,31.12
2013-12-22,Kovilpatti,9.1728,77.871,Dryland,24.49,29.51,20.34,77.46,3.55,0.0,15.42,31.12
2013-12-23,Kovilpatti,9.1728,77.871,Dryland,24.56,30.15,19.65,75.16,3.78,0.0,21.07,31.13
2013-12-24,Kovilpatti,9.1728,77.871,Dryland,25.16,29.47,22.05,79.0,4.29,0.0,16.04,31.14
2013-12-25,Kovilpatti,9.1728,77.871,Dryland,25.57,30.46,21.47,73.6,3.8,0.0,12.9,31.15
2013-12-26,Kovilpatti,9.1728,77.871,Dryland,24.96,29.56,20.73,75.61,3.79,0.0,18.2,31.16
2013-12-27,Kovilpatti,9.1728,77.871,Dryland,24.99,30.31,20.42,74.26,3.28,0.0,18.92,31.18
2013-12-28,Kovilpatti,9.1728,77.871,Dryland,25.42,30.6,21.33,72.26,2.7,0.0,18.3,31.21
2013-12-29,Kovilpatti,9.1728,77.871,Dryland,24.99,30.47,20.22,71.35,3.25,0.0,16.26,31.23
2013-12-30,Kovilpatti,9.1728,77.871,Dryland,24.83,30.85,19.29,70.65,3.51,0.0,18.88,31.26
2013-12-31,Kovilpatti,9.1728,77.871,Dryland,25.16,30.95,19.8,74.22,3.49,0.0,21.4,31.29
2014-01-01,Kovilpatti,9.1728,77.871,Dryland,25.22,31.0,20.67,74.51,4.0,0.01,18.19,31.33
2014-01-02,Kovilpatti,9.1728,77.871,Dryland,25.26,30.97,19.91,73.27,3.67,0.0,19.12,31.36
2014-01-03,Kovilpatti,9.1728,77.871,Dryland,25.74,30.86,21.03,74.42,3.5,0.01,17.29,31.4
2014-01-04,Kovilpatti,9.1728,77.871,Dryland,25.83,30.79,22.07,72.62,3.74,0.01,16.52,31.43
2014-01-05,Kovilpatti,9.1728,77.871,Dryland,25.83,31.87,20.3,69.68,2.9,0.05,20.98,31.45
2014-01-06,Kovilpatti,9.1728,77.871,Dryland,26.03,31.98,21.19,69.97,3.46,0.74,20.07,31.5
2014-01-07,Kovilpatti,9.1728,77.871,Dryland,24.64,28.63,22.39,84.27,4.63,12.26,16.08,31.54
2014-01-08,Kovilpatti,9.1728,77.871,Dryland,25.28,29.6,22.46,83.77,4.19,9.74,8.36,31.6
2014-01-09,Kovilpatti,9.1728,77.871,Dryland,25.55,30.28,22.4,80.47,3.71,3.41,11.79,31.66
2014-01-10,Kovilpatti,9.1728,77.871,Dryland,25.61,31.19,21.4,74.0,3.28,0.08,17.61,31.73
2014-01-11,Kovilpatti,9.1728,77.871,Dryland,25.26,31.16,20.27,74.68,2.79,0.0,21.47,31.8
2014-01-12,Kovilpatti,9.1728,77.871,Dryland,25.82,32.03,20.77,74.41,2.72,0.0,21.32,31.87
2014-01-13,Kovilpatti,9.1728,77.871,Dryland,25.32,30.26,21.79,80.03,3.28,0.5,19.55,31.94
2014-01-14,Kovilpatti,9.1728,77.871,Dryland,26.11,31.08,22.69,78.25,3.34,2.58,15.51,32.0
2014-01-15,Kovilpatti,9.1728,77.871,Dryland,26.29,31.43,22.61,74.04,3.0,0.21,17.17,32.07
2014-01-16,Kovilpatti,9.1728,77.871,Dryland,26.45,31.98,22.27,74.15,3.17,0.0,19.94,32.14
2014-01-17,Kovilpatti,9.1728,77.871,Dryland,26.09,31.31,22.36,70.89,3.39,0.21,14.76,32.21
2014-01-18,Kovilpatti,9.1728,77.871,Dryland,25.76,31.97,21.22,68.63,3.6,0.0,19.84,32.28
2014-01-19,Kovilpatti,9.1728,77.871,Dryland,25.98,31.99,21.26,73.14,3.53,0.0,19.26,32.36
2014-01-20,Kovilpatti,9.1728,77.871,Dryland,25.98,31.58,21.42,69.69,3.61,0.0,19.81,32.43
2014-01-21,Kovilpatti,9.1728,77.871,Dryland,26.04,32.31,20.43,69.65,3.75,0.0,20.94,32.51
2014-01-22,Kovilpatti,9.1728,77.871,Dryland,26.21,31.87,21.24,71.23,3.68,0.09,19.97,32.59
2014-01-23,Kovilpatti,9.1728,77.871,Dryland,26.35,32.09,21.45,71.64,3.44,0.16,21.82,32.67
2014-01-24,Kovilpatti,9.1728,77.871,Dryland,26.79,32.66,22.75,70.99,3.39,0.43,20.58,32.75
2014-01-25,Kovilpatti,9.1728,77.871,Dryland,26.36,32.05,22.28,68.23,3.97,0.0,19.37,32.83
2014-01-26,Kovilpatti,9.1728,77.871,Dryland,25.85,31.85,20.99,66.18,4.45,0.03,21.29,32.92
2014-01-27,Kovilpatti,9.1728,77.871,Dryland,25.8,31.91,20.51,66.65,4.18,0.0,20.77,33.01
2014-01-28,Kovilpatti,9.1728,77.871,Dryland,26.35,32.62,21.22,67.05,3.96,0.0,22.51,33.1
2014-01-29,Kovilpatti,9.1728,77.871,Dryland,26.65,33.28,20.9,63.3,3.76,0.0,22.48,33.19
2014-01-30,Kovilpatti,9.1728,77.871,Dryland,26.88,33.29,21.97,65.89,3.95,0.0,22.03,33.27
2014-01-31,Kovilpatti,9.1728,77.871,Dryland,27.08,33.46,22.23,67.54,3.9,0.0,22.55,33.35
2014-02-01,Kovilpatti,9.1728,77.871,Dryland,27.33,33.39,22.86,67.88,4.17,0.01,20.88,33.42
2014-02-02,Kovilpatti,9.1728,77.871,Dryland,27.05,33.1,22.31,68.88,4.46,0.2,19.04,33.5
2014-02-03,Kovilpatti,9.1728,77.871,Dryland,26.64,33.09,21.32,66.18,3.72,0.02,23.26,33.59
2014-02-04,Kovilpatti,9.1728,77.871,Dryland,26.33,33.5,20.33,63.88,2.99,0.0,22.76,33.69
2014-02-05,Kovilpatti,9.1728,77.871,Dryland,26.25,34.03,20.12,62.6,2.96,0.0,22.73,33.79
2014-02-06,Kovilpatti,9.1728,77.871,Dryland,26.13,33.57,19.53,64.72,3.16,0.0,23.86,33.9
2014-02-07,Kovilpatti,9.1728,77.871,Dryland,26.43,33.65,20.48,63.3,3.0,0.0,24.69,34.01
2014-02-08,Kovilpatti,9.1728,77.871,Dryland,26.39,33.57,20.19,62.24,3.1,0.0,24.66,34.11
2014-02-09,Kovilpatti,9.1728,77.871,Dryland,26.68,33.77,21.41,55.72,2.22,0.0,24.62,34.2
2014-02-10,Kovilpatti,9.1728,77.871,Dryland,27.06,34.28,21.06,59.51,2.43,0.0,23.95,34.29
2014-02-11,Kovilpatti,9.1728,77.871,Dryland,27.18,34.17,21.48,58.7,2.28,0.0,23.65,34.38
2014-02-12,Kovilpatti,9.1728,77.871,Dryland,27.67,34.27,22.77,58.13,2.0,0.0,22.56,34.47
2014-02-13,Kovilpatti,9.1728,77.871,Dryland,27.98,34.43,23.33,61.38,2.18,0.0,23.0,34.55
2014-02-14,Kovilpatti,9.1728,77.871,Dryland,28.39,34.76,23.54,63.98,2.4,0.0,20.07,34.64
2014-02-15,Kovilpatti,9.1728,77.871,Dryland,28.61,34.78,23.74,62.9,1.94,0.0,17.32,34.74
2014-02-16,Kovilpatti,9.1728,77.871,Dryland,29.53,35.21,25.07,62.36,2.16,0.0,17.53,34.84
2014-02-17,Kovilpatti,9.1728,77.871,Dryland,29.45,35.62,24.76,64.43,2.28,0.0,19.97,34.94
2014-02-18,Kovilpatti,9.1728,77.871,Dryland,29.01,34.14,25.41,65.87,3.76,0.0,13.81,35.03
2014-02-19,Kovilpatti,9.1728,77.871,Dryland,28.78,34.49,24.53,64.54,3.56,0.01,20.88,35.12
2014-02-20,Kovilpatti,9.1728,77.871,Dryland,28.66,34.4,24.85,64.92,3.43,0.21,17.09,35.21
2014-02-21,Kovilpatti,9.1728,77.871,Dryland,28.66,34.36,24.54,60.67,3.32,0.09,20.14,35.3
2014-02-22,Kovilpatti,9.1728,77.871,Dryland,28.57,35.13,23.75,60.48,3.17,0.02,19.43,35.38
2014-02-23,Kovilpatti,9.1728,77.871,Dryland,28.31,35.1,23.28,59.61,3.3,0.0,21.79,35.46
2014-02-24,Kovilpatti,9.1728,77.871,Dryland,27.92,31.95,24.47,71.99,4.09,3.09,16.23,35.55
2014-02-25,Kovilpatti,9.1728,77.871,Dryland,28.24,34.03,24.23,69.28,4.24,0.51,19.67,35.65
2014-02-26,Kovilpatti,9.1728,77.871,Dryland,28.3,34.96,22.96,60.57,3.46,0.01,25.62,35.74
2014-02-27,Kovilpatti,9.1728,77.871,Dryland,28.34,34.81,23.56,66.34,2.64,0.3,21.27,35.82
2014-02-28,Kovilpatti,9.1728,77.871,Dryland,28.44,32.96,24.77,67.82,2.74,2.88,19.25,35.9
2014-03-01,Kovilpatti,9.1728,77.871,Dryland,29.12,34.45,25.1,60.99,3.02,0.29,14.95,35.97
2014-03-02,Kovilpatti,9.1728,77.871,Dryland,28.77,32.94,25.42,62.16,2.61,0.42,18.78,36.05
2014-03-03,Kovilpatti,9.1728,77.871,Dryland,29.16,34.36,25.59,61.11,2.6,0.01,17.92,36.13
2014-03-04,Kovilpatti,9.1728,77.871,Dryland,29.29,34.17,25.88,63.63,3.11,0.45,19.51,36.21
2014-03-05,Kovilpatti,9.1728,77.871,Dryland,28.54,32.91,25.66,68.75,3.19,4.83,19.75,36.29
2014-03-06,Kovilpatti,9.1728,77.871,Dryland,28.28,33.04,25.35,69.57,3.0,2.99,18.55,36.37
2014-03-07,Kovilpatti,9.1728,77.871,Dryland,28.67,33.64,25.0,66.37,3.33,0.31,19.89,36.44
2014-03-08,Kovilpatti,9.1728,77.871,Dryland,28.61,33.13,25.36,66.31,3.18,0.01,21.4,36.51
2014-03-09,Kovilpatti,9.1728,77.871,Dryland,28.81,34.17,25.17,62.86,3.87,0.0,15.05,36.57
2014-03-10,Kovilpatti,9.1728,77.871,Dryland,29.21,35.26,25.07,60.4,3.48,0.0,23.06,36.63
2014-03-11,Kovilpatti,9.1728,77.871,Dryland,28.88,34.5,25.18,60.77,4.23,0.0,24.37,36.69
2014-03-12,Kovilpatti,9.1728,77.871,Dryland,28.42,34.89,23.82,60.36,3.88,0.0,24.92,36.75
2014-03-13,Kovilpatti,9.1728,77.871,Dryland,28.36,35.11,23.29,63.22,3.74,0.0,25.68,36.81
2014-03-14,Kovilpatti,9.1728,77.871,Dryland,28.3,35.12,22.76,63.24,3.44,0.0,26.48,36.88
2014-03-15,Kovilpatti,9.1728,77.871,Dryland,27.98,35.14,21.97,62.22,3.36,0.0,24.1,36.94
2014-03-16,Kovilpatti,9.1728,77.871,Dryland,28.45,35.63,22.8,64.14,3.41,0.0,24.21,36.99
2014-03-17,Kovilpatti,9.1728,77.871,Dryland,29.07,36.07,22.88,64.44,3.74,0.0,24.39,37.05
2014-03-18,Kovilpatti,9.1728,77.871,Dryland,30.17,36.8,24.93,60.63,3.59,0.0,22.95,37.1
2014-03-19,Kovilpatti,9.1728,77.871,Dryland,29.55,34.72,25.34,65.87,2.76,0.04,19.03,37.15
2014-03-20,Kovilpatti,9.1728,77.871,Dryland,30.1,35.72,25.92,63.5,2.34,0.06,18.11,37.2
2014-03-21,Kovilpatti,9.1728,77.871,Dryland,30.56,37.1,25.76,60.17,2.08,0.02,25.1,37.25
2014-03-22,Kovilpatti,9.1728,77.871,Dryland,30.8,37.5,26.26,58.64,2.02,0.0,22.81,37.29
2014-03-23,Kovilpatti,9.1728,77.871,Dryland,30.33,37.11,25.76,60.5,2.15,0.0,24.63,37.33
2014-03-24,Kovilpatti,9.1728,77.871,Dryland,30.14,36.51,25.62,57.54,2.14,0.0,25.96,37.37
2014-03-25,Kovilpatti,9.1728,77.871,Dryland,29.77,36.72,24.53,57.46,2.69,0.0,26.88,37.41
2014-03-26,Kovilpatti,9.1728,77.871,Dryland,29.34,36.56,22.67,59.89,3.14,0.0,25.79,37.45
2014-03-27,Kovilpatti,9.1728,77.871,Dryland,29.53,36.78,23.33,60.08,3.03,0.0,25.27,37.49
2014-03-28,Kovilpatti,9.1728,77.871,Dryland,29.0,35.75,23.93,59.41,2.38,0.0,24.78,37.52
2014-03-29,Kovilpatti,9.1728,77.871,Dryland,29.24,36.79,23.49,58.23,2.34,0.0,27.22,37.56
2014-03-30,Kovilpatti,9.1728,77.871,Dryland,30.12,37.62,23.79,51.69,1.86,0.0,26.9,37.59
2014-03-31,Kovilpatti,9.1728,77.871,Dryland,30.74,38.28,24.46,55.16,2.5,0.0,25.32,37.61
2014-04-01,Kovilpatti,9.1728,77.871,Dryland,31.61,38.62,25.59,55.84,2.64,0.0,22.65,37.63
2014-04-02,Kovilpatti,9.1728,77.871,Dryland,31.72,39.21,26.37,57.61,2.76,0.01,20.7,37.65
2014-04-03,Kovilpatti,9.1728,77.871,Dryland,30.77,37.31,25.88,65.34,2.17,0.01,25.08,37.66
2014-04-04,Kovilpatti,9.1728,77.871,Dryland,30.87,37.24,26.34,60.87,2.01,0.02,25.15,37.68
2014-04-05,Kovilpatti,9.1728,77.871,Dryland,30.7,36.28,26.97,63.54,1.88,0.06,23.54,37.7
2014-04-06,Kovilpatti,9.1728,77.871,Dryland,29.08,32.46,26.67,69.35,1.99,0.1,21.69,37.73
2014-04-07,Kovilpatti,9.1728,77.871,Dryland,29.87,34.0,26.43,65.27,2.13,0.07,21.77,37.74
2014-04-08,Kovilpatti,9.1728,77.871,Dryland,30.0,33.53,26.6,63.78,2.56,0.04,21.6,37.76
2014-04-09,Kovilpatti,9.1728,77.871,Dryland,31.57,37.93,26.44,59.12,2.52,0.03,24.2,37.77
2014-04-10,Kovilpatti,9.1728,77.871,Dryland,31.37,37.79,26.53,61.29,2.61,0.07,22.8,37.78
2014-04-11,Kovilpatti,9.1728,77.871,Dryland,31.69,37.34,26.01,57.34,2.63,0.02,23.77,37.79
2014-04-12,Kovilpatti,9.1728,77.871,Dryland,32.17,38.83,26.47,56.01,2.93,0.06,22.49,37.79
2014-04-13,Kovilpatti,9.1728,77.871,Dryland,31.79,37.52,27.32,58.89,2.57,0.09,22.3,37.79
2014-04-14,Kovilpatti,9.1728,77.871,Dryland,30.31,33.98,27.53,65.37,1.93,0.35,20.08,37.79
2014-04-15,Kovilpatti,9.1728,77.871,Dryland,29.57,33.37,26.87,66.84,1.54,0.04,22.24,37.78
2014-04-16,Kovilpatti,9.1728,77.871,Dryland,31.23,37.95,25.4,58.2,2.28,0.08,21.91,37.78
2014-04-17,Kovilpatti,9.1728,77.871,Dryland,32.34,39.38,26.35,56.02,2.65,0.09,23.79,37.78
2014-04-18,Kovilpatti,9.1728,77.871,Dryland,32.02,37.98,26.79,57.8,2.39,0.02,24.79,37.78
2014-04-19,Kovilpatti,9.1728,77.871,Dryland,31.71,37.55,27.48,59.23,2.56,0.01,23.82,37.79
2014-04-20,Kovilpatti,9.1728,77.871,Dryland,31.26,36.98,27.67,62.14,2.13,0.01,25.14,37.79
2014-04-21,Kovilpatti,9.1728,77.871,Dryland,30.78,34.87,27.26,65.3,1.79,0.05,24.22,37.79
2014-04-22,Kovilpatti,9.1728,77.871,Dryland,30.31,33.65,27.64,66.81,1.74,0.07,24.11,37.77
2014-04-23,Kovilpatti,9.1728,77.871,Dryland,30.25,33.24,27.93,65.88,1.67,2.03,19.89,37.76
2014-04-24,Kovilpatti,9.1728,77.871,Dryland,30.94,35.16,27.31,64.06,1.49,2.38,22.05,37.75
2014-04-25,Kovilpatti,9.1728,77.871,Dryland,31.5,36.54,27.07,63.26,2.08,0.59,22.41,37.74
2014-04-26,Kovilpatti,9.1728,77.871,Dryland,31.58,36.22,27.47,63.85,2.1,0.06,23.52,37.72
2014-04-27,Kovilpatti,9.1728,77.871,Dryland,31.24,35.7,27.79,65.88,2.31,0.67,22.74,37.71
2014-04-28,Kovilpatti,9.1728,77.871,Dryland,31.37,35.88,27.56,63.6,1.28,0.25,21.86,37.69
2014-04-29,Kovilpatti,9.1728,77.871,Dryland,30.71,35.35,27.67,54.03,2.1,0.43,14.65,37.67
2014-04-30,Kovilpatti,9.1728,77.871,Dryland,30.82,36.26,26.37,58.02,2.1,3.51,15.25,37.65
2014-05-01,Kovilpatti,9.1728,77.871,Dryland,30.76,36.68,26.45,61.84,2.26,1.36,21.22,37.62
2014-05-02,Kovilpatti,9.1728,77.871,Dryland,30.63,35.76,27.01,65.21,1.91,4.91,19.45,37.6
2014-05-03,Kovilpatti,9.1728,77.871,Dryland,29.85,33.52,27.43,71.87,1.54,2.31,17.54,37.58
2014-05-04,Kovilpatti,9.1728,77.871,Dryland,29.79,32.76,27.34,72.18,1.13,4.99,18.18,37.57
2014-05-05,Kovilpatti,9.1728,77.871,Dryland,28.32,31.51,26.48,78.84,2.83,8.09,13.88,37.55
2014-05-06,Kovilpatti,9.1728,77.871,Dryland,27.01,28.35,25.92,89.55,3.43,52.0,9.55,37.54
2014-05-07,Kovilpatti,9.1728,77.871,Dryland,27.56,29.9,26.29,86.09,5.04,37.79,7.36,37.51
2014-05-08,Kovilpatti,9.1728,77.871,Dryland,28.23,31.77,26.03,82.83,4.22,7.66,12.37,37.49
2014-05-09,Kovilpatti,9.1728,77.871,Dryland,28.64,32.28,25.95,82.4,3.55,0.66,20.27,37.46
2014-05-10,Kovilpatti,9.1728,77.871,Dryland,28.69,31.9,26.34,81.82,3.35,0.15,21.61,37.43
2014-05-11,Kovilpatti,9.1728,77.871,Dryland,29.12,32.46,25.99,79.82,2.36,0.07,21.59,37.41
2014-05-12,Kovilpatti,9.1728,77.871,Dryland,29.13,32.79,25.99,81.29,2.43,10.1,21.81,37.39
2014-05-13,Kovilpatti,9.1728,77.871,Dryland,28.84,32.58,26.39,81.28,2.87,5.8,21.85,37.37
2014-05-14,Kovilpatti,9.1728,77.871,Dryland,29.16,33.48,25.71,78.32,3.41,0.41,20.76,37.35
2014-05-15,Kovilpatti,9.1728,77.871,Dryland,29.64,33.74,26.16,75.46,3.09,0.07,22.72,37.33
2014-05-16,Kovilpatti,9.1728,77.871,Dryland,28.97,33.36,26.29,72.84,3.42,0.02,24.69,37.31
2014-05-17,Kovilpatti,9.1728,77.871,Dryland,28.94,34.29,24.75,72.66,3.23,0.0,23.4,37.28
2014-05-18,Kovilpatti,9.1728,77.871,Dryland,30.0,35.2,25.34,70.56,2.09,0.0,21.36,37.26
2014-05-19,Kovilpatti,9.1728,77.871,Dryland,29.92,34.47,26.08,74.68,3.04,0.02,22.76,37.23
2014-05-20,Kovilpatti,9.1728,77.871,Dryland,30.02,34.54,26.65,75.51,3.58,0.21,21.49,37.2
2014-05-21,Kovilpatti,9.1728,77.871,Dryland,29.07,33.49,25.67,75.44,3.45,2.93,20.44,37.17
2014-05-22,Kovilpatti,9.1728,77.871,Dryland,29.55,34.36,26.04,75.87,4.08,0.21,21.75,37.15
2014-05-23,Kovilpatti,9.1728,77.871,Dryland,29.99,35.13,26.32,74.54,4.05,0.02,22.37,37.12
2014-05-24,Kovilpatti,9.1728,77.871,Dryland,29.42,32.93,26.9,78.08,3.84,0.39,17.99,37.09
2014-05-25,Kovilpatti,9.1728,77.871,Dryland,28.73,31.81,26.71,77.65,4.23,0.11,17.7,37.07
2014-05-26,Kovilpatti,9.1728,77.871,Dryland,28.89,33.04,25.82,76.85,3.77,5.1,20.62,37.04
2014-05-27,Kovilpatti,9.1728,77.871,Dryland,29.46,34.17,25.91,77.6,3.05,0.89,20.9,37.02
2014-05-28,Kovilpatti,9.1728,77.871,Dryland,29.34,33.29,26.36,79.3,3.41,2.91,18.69,36.99
2014-05-29,Kovilpatti,9.1728,77.871,Dryland,29.22,33.08,26.58,77.36,3.77,0.67,22.98,36.97
2014-05-30,Kovilpatti,9.1728,77.871,Dryland,29.69,33.99,26.44,75.72,4.11,0.03,22.06,36.95
2014-05-31,Kovilpatti,9.1728,77.871,Dryland,29.98,34.13,26.86,75.15,4.47,0.01,22.95,36.93
2014-06-01,Kovilpatti,9.1728,77.871,Dryland,29.77,33.42,27.21,77.55,4.44,2.99,21.26,36.91
2014-06-02,Kovilpatti,9.1728,77.871,Dryland,29.07,32.82,26.79,76.93,4.46,1.28,17.49,36.89
2014-06-03,Kovilpatti,9.1728,77.871,Dryland,28.37,31.14,26.44,75.72,3.4,0.14,19.58,36.87
2014-06-04,Kovilpatti,9.1728,77.871,Dryland,29.44,34.59,25.72,72.89,4.36,0.08,22.6,36.85
2014-06-05,Kovilpatti,9.1728,77.871,Dryland,29.34,34.31,25.63,73.55,5.13,0.04,23.26,36.83
2014-06-06,Kovilpatti,9.1728,77.871,Dryland,29.62,34.14,26.39,71.67,5.7,0.05,21.83,36.8
2014-06-07,Kovilpatti,9.1728,77.871,Dryland,29.78,34.31,26.91,68.19,6.74,0.11,18.7,36.77
2014-06-08,Kovilpatti,9.1728,77.871,Dryland,29.66,34.81,26.32,67.94,6.1,0.31,19.89,36.76
2014-06-09,Kovilpatti,9.1728,77.871,Dryland,28.5,31.36,26.44,76.65,5.17,0.12,18.63,36.74
2014-06-10,Kovilpatti,9.1728,77.871,Dryland,27.96,30.59,26.06,77.88,4.73,0.09,15.48,36.73
2014-06-11,Kovilpatti,9.1728,77.871,Dryland,28.63,32.26,25.74,76.48,5.15,0.15,23.09,36.72
2014-06-12,Kovilpatti,9.1728,77.871,Dryland,29.38,34.59,26.1,71.61,5.69,0.07,20.68,36.72
2014-06-13,Kovilpatti,9.1728,77.871,Dryland,28.99,33.62,25.88,70.04,4.37,0.02,18.35,36.71
2014-06-14,Kovilpatti,9.1728,77.871,Dryland,29.79,35.04,25.77,71.3,4.02,0.0,20.87,36.7
2014-06-15,Kovilpatti,9.1728,77.871,Dryland,29.79,35.95,25.19,68.72,4.41,0.0,21.67,36.68
2014-06-16,Kovilpatti,9.1728,77.871,Dryland,29.84,36.21,25.32,69.84,5.17,0.0,22.6,36.67
2014-06-17,Kovilpatti,9.1728,77.871,Dryland,29.6,35.8,25.38,70.75,5.33,0.03,18.63,36.66
2014-06-18,Kovilpatti,9.1728,77.871,Dryland,29.53,34.42,26.34,70.26,5.88,0.01,18.28,36.65
2014-06-19,Kovilpatti,9.1728,77.871,Dryland,29.38,33.74,26.08,72.23,5.64,0.26,16.87,36.64
2014-06-20,Kovilpatti,9.1728,77.871,Dryland,28.77,32.11,26.55,74.09,6.13,0.07,17.55,36.64
2014-06-21,Kovilpatti,9.1728,77.871,Dryland,29.68,35.2,26.26,65.88,5.85,0.01,17.95,36.63
2014-06-22,Kovilpatti,9.1728,77.871,Dryland,29.7,35.63,25.65,66.14,4.68,0.01,21.78,36.63
2014-06-23,Kovilpatti,9.1728,77.871,Dryland,30.19,36.35,25.59,66.89,5.03,0.0,21.33,36.62
2014-06-24,Kovilpatti,9.1728,77.871,Dryland,30.02,35.61,26.03,67.95,5.51,0.0,19.39,36.62
2014-06-25,Kovilpatti,9.1728,77.871,Dryland,29.86,34.79,26.65,66.43,5.61,0.0,20.29,36.61
2014-06-26,Kovilpatti,9.1728,77.871,Dryland,29.77,34.59,26.18,68.02,4.29,0.0,21.0,36.61
2014-06-27,Kovilpatti,9.1728,77.871,Dryland,30.26,35.54,26.4,67.84,3.49,0.0,22.3,36.61
2014-06-28,Kovilpatti,9.1728,77.871,Dryland,30.74,36.48,26.26,65.99,3.93,0.04,21.2,36.62
2014-06-29,Kovilpatti,9.1728,77.871,Dryland,30.74,36.99,26.5,65.47,4.94,0.01,21.24,36.63
2014-06-30,Kovilpatti,9.1728,77.871,Dryland,29.87,35.69,25.87,66.02,5.2,3.43,15.49,36.63
2014-07-01,Kovilpatti,9.1728,77.871,Dryland,28.96,33.83,26.08,71.93,5.51,0.31,17.17,36.64
2014-07-02,Kovilpatti,9.1728,77.871,Dryland,30.24,36.35,25.76,62.62,3.78,0.01,23.46,36.64
2014-07-03,Kovilpatti,9.1728,77.871,Dryland,30.03,35.78,25.87,66.98,4.65,0.0,23.22,36.63
2014-07-04,Kovilpatti,9.1728,77.871,Dryland,30.14,36.16,25.47,66.13,4.88,0.02,21.57,36.64
2014-07-05,Kovilpatti,9.1728,77.871,Dryland,29.96,34.56,27.13,67.55,5.37,0.05,19.21,36.64
2014-07-06,Kovilpatti,9.1728,77.871,Dryland,30.63,37.02,26.19,59.95,4.12,0.01,19.17,36.64
2014-07-07,Kovilpatti,9.1728,77.871,Dryland,29.53,35.51,26.17,57.83,5.4,0.09,16.4,36.64
2014-07-08,Kovilpatti,9.1728,77.871,Dryland,29.21,34.19,25.57,60.92,5.09,0.04,16.92,36.66
2014-07-09,Kovilpatti,9.1728,77.871,Dryland,29.82,36.13,25.5,61.67,5.42,0.15,16.71,36.69
2014-07-10,Kovilpatti,9.1728,77.871,Dryland,28.75,33.4,25.77,65.43,6.11,0.1,10.36,36.7
2014-07-11,Kovilpatti,9.1728,77.871,Dryland,28.56,32.02,25.89,70.64,5.71,0.01,14.63,36.72
2014-07-12,Kovilpatti,9.1728,77.871,Dryland,29.01,33.12,26.11,68.2,6.09,0.01,15.06,36.74
2014-07-13,Kovilpatti,9.1728,77.871,Dryland,29.62,34.93,26.46,65.23,6.09,0.04,13.05,36.75
2014-07-14,Kovilpatti,9.1728,77.871,Dryland,28.96,33.46,25.97,67.23,5.85,0.14,13.05,36.77
2014-07-15,Kovilpatti,9.1728,77.871,Dryland,29.2,33.99,25.75,68.16,5.33,0.3,13.96,36.78
2014-07-16,Kovilpatti,9.1728,77.871,Dryland,28.7,33.3,25.65,69.54,5.0,0.02,19.83,36.79
2014-07-17,Kovilpatti,9.1728,77.871,Dryland,29.24,34.93,25.19,67.57,4.73,0.0,23.71,36.8
2014-07-18,Kovilpatti,9.1728,77.871,Dryland,29.84,36.55,24.73,65.02,5.25,0.08,16.19,36.82
2014-07-19,Kovilpatti,9.1728,77.871,Dryland,29.64,35.09,26.09,65.17,5.83,0.01,18.53,36.83
2014-07-20,Kovilpatti,9.1728,77.871,Dryland,29.46,33.91,26.22,66.59,5.87,0.01,17.34,36.84
2014-07-21,Kovilpatti,9.1728,77.871,Dryland,29.19,34.14,26.08,67.81,5.44,0.02,15.97,36.85
2014-07-22,Kovilpatti,9.1728,77.871,Dryland,29.03,34.1,25.83,66.44,5.61,0.06,16.1,36.87
2014-07-23,Kovilpatti,9.1728,77.871,Dryland,28.84,33.53,25.1,63.77,6.15,0.15,16.11,36.89
2014-07-24,Kovilpatti,9.1728,77.871,Dryland,29.7,35.95,25.33,58.66,4.96,0.04,21.6,36.91
2014-07-25,Kovilpatti,9.1728,77.871,Dryland,29.6,36.15,25.12,60.48,5.24,0.02,17.41,36.92
2014-07-26,Kovilpatti,9.1728,77.871,Dryland,30.06,36.76,24.72,56.53,5.65,0.02,16.14,36.94
2014-07-27,Kovilpatti,9.1728,77.871,Dryland,30.06,36.88,25.89,63.25,5.46,0.02,16.55,36.96
2014-07-28,Kovilpatti,9.1728,77.871,Dryland,29.04,33.72,26.12,66.28,6.03,0.04,15.09,36.98
2014-07-29,Kovilpatti,9.1728,77.871,Dryland,29.15,34.39,25.84,67.81,5.78,0.13,18.82,37.01
2014-07-30,Kovilpatti,9.1728,77.871,Dryland,29.6,36.17,24.75,64.92,5.9,0.0,20.71,37.02
2014-07-31,Kovilpatti,9.1728,77.871,Dryland,29.25,34.62,25.86,68.38,5.22,0.71,17.87,37.05
2014-08-01,Kovilpatti,9.1728,77.871,Dryland,28.86,33.33,26.33,70.08,5.86,0.7,13.46,37.07
2014-08-02,Kovilpatti,9.1728,77.871,Dryland,29.09,34.04,26.06,67.86,5.2,0.07,15.6,37.08
2014-08-03,Kovilpatti,9.1728,77.871,Dryland,28.93,34.17,25.72,66.55,5.9,0.07,16.15,37.1
2014-08-04,Kovilpatti,9.1728,77.871,Dryland,29.07,35.01,25.42,64.04,6.13,0.07,18.13,37.11
2014-08-05,Kovilpatti,9.1728,77.871,Dryland,29.08,34.62,25.61,64.33,5.94,0.08,17.59,37.13
2014-08-06,Kovilpatti,9.1728,77.871,Dryland,29.53,36.06,25.02,61.88,5.36,0.36,19.22,37.14
2014-08-07,Kovilpatti,9.1728,77.871,Dryland,29.65,36.5,24.73,61.31,5.0,0.14,16.44,37.16
2014-08-08,Kovilpatti,9.1728,77.871,Dryland,28.63,34.21,25.38,64.22,5.49,1.28,13.18,37.17
2014-08-09,Kovilpatti,9.1728,77.871,Dryland,28.62,34.88,24.48,68.5,3.64,10.58,16.44,37.18
2014-08-10,Kovilpatti,9.1728,77.871,Dryland,27.55,32.19,24.21,73.05,4.27,1.95,14.79,37.19
2014-08-11,Kovilpatti,9.1728,77.871,Dryland,27.76,32.83,24.62,69.64,5.2,0.21,14.52,37.2
2014-08-12,Kovilpatti,9.1728,77.871,Dryland,27.93,33.03,24.14,70.91,4.55,0.01,20.43,37.21
2014-08-13,Kovilpatti,9.1728,77.871,Dryland,27.72,32.14,25.1,70.69,4.04,0.07,15.55,37.22
2014-08-14,Kovilpatti,9.1728,77.871,Dryland,27.53,31.47,24.46,71.68,4.17,0.02,17.8,37.23
2014-08-15,Kovilpatti,9.1728,77.871,Dryland,26.88,29.81,25.22,76.63,3.87,0.95,17.2,37.24
2014-08-16,Kovilpatti,9.1728,77.871,Dryland,26.84,30.4,24.56,74.94,3.58,7.69,19.91,37.24
2014-08-17,Kovilpatti,9.1728,77.871,Dryland,27.56,32.11,24.43,73.85,2.48,3.42,17.96,37.25
2014-08-18,Kovilpatti,9.1728,77.871,Dryland,27.95,32.01,24.36,77.0,1.97,10.17,18.1,37.26
2014-08-19,Kovilpatti,9.1728,77.871,Dryland,29.07,34.28,25.03,69.88,2.5,1.49,18.95,37.27
2014-08-20,Kovilpatti,9.1728,77.871,Dryland,28.48,33.19,24.9,73.95,3.04,1.28,19.16,37.27
2014-08-21,Kovilpatti,9.1728,77.871,Dryland,28.57,33.0,25.27,73.94,3.7,1.65,18.16,37.28
2014-08-22,Kovilpatti,9.1728,77.871,Dryland,27.96,31.73,25.55,76.69,4.5,6.59,15.32,37.28
2014-08-23,Kovilpatti,9.1728,77.871,Dryland,27.75,32.07,24.94,74.67,5.19,3.8,14.44,37.29
2014-08-24,Kovilpatti,9.1728,77.871,Dryland,28.3,32.92,24.77,72.69,3.97,0.22,19.63,37.29
2014-08-25,Kovilpatti,9.1728,77.871,Dryland,28.76,34.38,24.47,70.05,3.53,0.0,23.06,37.29
2014-08-26,Kovilpatti,9.1728,77.871,Dryland,28.25,33.22,24.77,72.25,4.14,0.0,21.56,37.29
2014-08-27,Kovilpatti,9.1728,77.871,Dryland,27.88,32.5,24.53,73.84,4.38,0.05,18.23,37.29
2014-08-28,Kovilpatti,9.1728,77.871,Dryland,27.88,32.25,24.86,74.56,4.8,0.27,18.04,37.29
2014-08-29,Kovilpatti,9.1728,77.871,Dryland,28.03,31.79,25.1,73.91,4.93,0.41,14.07,37.28
2014-08-30,Kovilpatti,9.1728,77.871,Dryland,28.6,33.88,25.14,71.41,5.18,0.71,12.61,37.27
2014-08-31,Kovilpatti,9.1728,77.871,Dryland,28.03,31.76,25.08,75.07,4.8,0.44,15.61,37.26
2014-09-01,Kovilpatti,9.1728,77.871,Dryland,28.16,32.95,25.08,74.53,4.89,0.46,14.59,37.26
2014-09-02,Kovilpatti,9.1728,77.871,Dryland,28.19,32.65,24.74,75.31,4.2,0.78,15.7,37.24
2014-09-03,Kovilpatti,9.1728,77.871,Dryland,27.38,31.18,24.86,74.46,4.08,1.67,16.75,37.23
2014-09-04,Kovilpatti,9.1728,77.871,Dryland,28.02,32.93,24.41,72.23,3.94,0.24,16.69,37.22
2014-09-05,Kovilpatti,9.1728,77.871,Dryland,28.11,32.88,24.68,72.18,4.4,1.01,18.56,37.2
2014-09-06,Kovilpatti,9.1728,77.871,Dryland,27.8,32.46,24.55,73.28,4.74,0.05,15.29,37.19
2014-09-07,Kovilpatti,9.1728,77.871,Dryland,27.41,31.61,24.43,73.23,5.11,0.02,17.93,37.16
2014-09-08,Kovilpatti,9.1728,77.871,Dryland,28.01,33.38,24.8,72.77,4.84,0.01,22.93,37.14
2014-09-09,Kovilpatti,9.1728,77.871,Dryland,28.87,34.41,24.78,68.11,4.92,0.03,21.96,37.11
2014-09-10,Kovilpatti,9.1728,77.871,Dryland,29.61,35.78,24.86,66.88,4.22,0.16,23.4,37.09
2014-09-11,Kovilpatti,9.1728,77.871,Dryland,29.77,36.13,24.96,63.68,3.57,0.02,24.55,37.07
2014-09-12,Kovilpatti,9.1728,77.871,Dryland,28.74,33.29,24.71,68.41,2.89,6.84,22.92,37.05
2014-09-13,Kovilpatti,9.1728,77.871,Dryland,28.5,33.96,24.78,71.75,3.49,0.73,21.39,37.03
2014-09-14,Kovilpatti,9.1728,77.871,Dryland,28.6,33.86,25.17,72.29,4.22,0.63,19.2,37.0
2014-09-15,Kovilpatti,9.1728,77.871,Dryland,28.88,33.99,25.19,70.24,4.53,0.06,19.86,36.97
2014-09-16,Kovilpatti,9.1728,77.871,Dryland,28.51,33.07,25.29,71.45,4.65,0.02,19.39,36.94
2014-09-17,Kovilpatti,9.1728,77.871,Dryland,29.3,35.81,24.98,68.7,5.1,0.0,19.57,36.9
2014-09-18,Kovilpatti,9.1728,77.871,Dryland,28.9,33.83,25.75,69.08,5.0,0.0,18.5,36.86
2014-09-19,Kovilpatti,9.1728,77.871,Dryland,29.5,35.79,25.12,67.14,4.9,0.0,19.04,36.83
2014-09-20,Kovilpatti,9.1728,77.871,Dryland,29.93,37.0,24.38,64.15,4.64,0.0,23.64,36.78
2014-09-21,Kovilpatti,9.1728,77.871,Dryland,30.87,37.58,25.47,59.42,2.78,0.0,21.67,36.74
2014-09-22,Kovilpatti,9.1728,77.871,Dryland,31.09,36.99,26.0,60.06,2.43,0.0,19.03,36.7
2014-09-23,Kovilpatti,9.1728,77.871,Dryland,31.15,36.89,27.33,63.02,2.25,1.12,20.92,36.65
2014-09-24,Kovilpatti,9.1728,77.871,Dryland,29.7,33.35,27.06,70.59,2.55,1.6,19.75,36.6
2014-09-25,Kovilpatti,9.1728,77.871,Dryland,29.12,32.93,25.95,72.81,2.18,4.93,17.92,36.55
2014-09-26,Kovilpatti,9.1728,77.871,Dryland,28.49,33.03,25.44,75.35,2.34,5.99,16.56,36.5
2014-09-27,Kovilpatti,9.1728,77.871,Dryland,27.72,31.16,25.52,78.84,1.83,6.96,19.55,36.46
2014-09-28,Kovilpatti,9.1728,77.871,Dryland,27.08,29.11,25.69,85.23,1.47,19.82,16.34,36.4
2014-09-29,Kovilpatti,9.1728,77.871,Dryland,27.26,29.56,25.6,82.29,1.2,14.01,18.05,36.35
2014-09-30,Kovilpatti,9.1728,77.871,Dryland,27.63,31.4,24.76,78.88,1.3,7.43,13.8,36.3
2014-10-01,Kovilpatti,9.1728,77.871,Dryland,28.11,32.36,25.13,77.18,1.43,2.48,22.0,36.24
2014-10-02,Kovilpatti,9.1728,77.871,Dryland,28.3,32.29,25.84,74.22,1.12,0.33,22.0,36.18
2014-10-03,Kovilpatti,9.1728,77.871,Dryland,28.4,33.01,24.4,71.04,1.8,0.24,18.34,36.12
2014-10-04,Kovilpatti,9.1728,77.871,Dryland,27.78,31.33,24.95,78.75,2.75,0.29,17.54,36.07
2014-10-05,Kovilpatti,9.1728,77.871,Dryland,28.1,32.03,25.25,77.05,2.97,3.85,17.57,36.01
2014-10-06,Kovilpatti,9.1728,77.871,Dryland,28.27,33.32,24.51,77.39,3.6,6.7,19.68,35.94
2014-10-07,Kovilpatti,9.1728,77.871,Dryland,27.66,31.17,25.29,80.12,3.55,2.02,17.87,35.87
2014-10-08,Kovilpatti,9.1728,77.871,Dryland,28.28,33.45,24.91,73.58,3.88,0.94,19.63,35.8
2014-10-09,Kovilpatti,9.1728,77.871,Dryland,28.19,32.02,25.14,77.19,2.39,8.28,18.87,35.73
2014-10-10,Kovilpatti,9.1728,77.871,Dryland,28.53,33.05,25.55,75.87,3.76,1.56,14.27,35.66
2014-10-11,Kovilpatti,9.1728,77.871,Dryland,28.17,33.2,24.8,73.48,4.23,0.0,19.97,35.59
2014-10-12,Kovilpatti,9.1728,77.871,Dryland,28.44,34.68,23.47,71.37,4.11,0.05,19.79,35.51
2014-10-13,Kovilpatti,9.1728,77.871,Dryland,29.12,34.16,25.38,74.49,3.38,0.6,18.85,35.44
2014-10-14,Kovilpatti,9.1728,77.871,Dryland,28.55,32.12,26.07,79.11,2.66,0.99,19.67,35.36
2014-10-15,Kovilpatti,9.1728,77.871,Dryland,28.83,33.47,25.35,75.28,1.57,4.96,16.77,35.28
2014-10-16,Kovilpatti,9.1728,77.871,Dryland,28.17,32.21,25.41,76.97,1.98,10.39,16.15,35.21
2014-10-17,Kovilpatti,9.1728,77.871,Dryland,26.27,28.97,24.2,82.09,2.16,57.86,12.49,35.13
2014-10-18,Kovilpatti,9.1728,77.871,Dryland,24.97,26.88,23.61,91.34,3.48,29.96,8.56,35.05
2014-10-19,Kovilpatti,9.1728,77.871,Dryland,25.32,27.68,23.24,89.19,2.67,40.71,9.8,34.96
2014-10-20,Kovilpatti,9.1728,77.871,Dryland,25.55,28.22,23.39,89.16,2.16,22.2,11.82,34.86
2014-10-21,Kovilpatti,9.1728,77.871,Dryland,25.46,27.28,24.13,89.83,2.45,25.7,8.82,34.75
2014-10-22,Kovilpatti,9.1728,77.871,Dryland,25.24,26.85,23.81,92.38,2.59,29.88,16.64,34.65
2014-10-23,Kovilpatti,9.1728,77.871,Dryland,26.11,28.88,23.83,85.97,1.26,7.52,10.25,34.57
2014-10-24,Kovilpatti,9.1728,77.871,Dryland,26.52,29.52,24.18,83.75,1.2,0.75,18.38,34.49
2014-10-25,Kovilpatti,9.1728,77.871,Dryland,27.28,30.59,24.56,83.36,1.4,7.18,16.19,34.42
2014-10-26,Kovilpatti,9.1728,77.871,Dryland,26.32,27.96,24.8,86.0,1.09,3.75,19.37,34.35
2014-10-27,Kovilpatti,9.1728,77.871,Dryland,26.74,29.74,24.22,86.11,1.36,5.49,16.77,34.29
2014-10-28,Kovilpatti,9.1728,77.871,Dryland,27.13,30.16,24.75,83.16,1.18,2.78,20.22,34.22
2014-10-29,Kovilpatti,9.1728,77.871,Dryland,26.55,28.56,25.09,84.44,0.72,8.65,17.69,34.14
2014-10-30,Kovilpatti,9.1728,77.871,Dryland,25.81,27.44,24.84,88.97,1.44,4.87,15.36,34.05
2014-10-31,Kovilpatti,9.1728,77.871,Dryland,25.96,27.96,24.4,82.56,1.08,0.59,12.8,33.97
2014-11-01,Kovilpatti,9.1728,77.871,Dryland,25.73,28.61,23.08,83.1,1.06,15.12,16.73,33.89
2014-11-02,Kovilpatti,9.1728,77.871,Dryland,26.26,28.86,23.69,81.8,1.56,23.44,14.32,33.8
2014-11-03,Kovilpatti,9.1728,77.871,Dryland,26.36,29.35,24.06,81.86,0.97,11.91,11.97,33.72
2014-11-04,Kovilpatti,9.1728,77.871,Dryland,25.25,26.85,24.01,84.56,1.53,0.89,11.62,33.63
2014-11-05,Kovilpatti,9.1728,77.871,Dryland,26.82,30.57,23.71,81.73,1.98,0.04,17.41,33.55
2014-11-06,Kovilpatti,9.1728,77.871,Dryland,26.84,30.9,23.0,76.17,1.37,0.03,19.5,33.46
2014-11-07,Kovilpatti,9.1728,77.871,Dryland,26.68,31.01,22.62,73.38,1.09,0.0,20.64,33.38
2014-11-08,Kovilpatti,9.1728,77.871,Dryland,26.92,30.89,23.25,79.61,1.49,0.01,18.16,33.29
2014-11-09,Kovilpatti,9.1728,77.871,Dryland,26.96,30.81,23.9,79.01,1.9,0.02,18.46,33.21
2014-11-10,Kovilpatti,9.1728,77.871,Dryland,26.85,30.79,23.56,82.09,1.54,0.0,16.37,33.12
2014-11-11,Kovilpatti,9.1728,77.871,Dryland,26.85,30.02,23.99,83.67,1.79,2.83,16.12,33.04
2014-11-12,Kovilpatti,9.1728,77.871,Dryland,26.6,29.56,24.68,86.34,2.73,2.61,17.4,32.96
2014-11-13,Kovilpatti,9.1728,77.871,Dryland,25.52,27.41,23.61,92.16,2.12,10.1,14.87,32.89
2014-11-14,Kovilpatti,9.1728,77.871,Dryland,26.17,28.03,25.07,91.21,2.36,19.8,12.98,32.81
2014-11-15,Kovilpatti,9.1728,77.871,Dryland,26.59,29.46,24.78,87.28,2.9,11.81,14.49,32.73
2014-11-16,Kovilpatti,9.1728,77.871,Dryland,26.03,29.16,23.76,87.91,3.15,4.85,17.9,32.64
2014-11-17,Kovilpatti,9.1728,77.871,Dryland,25.87,29.13,23.5,88.61,3.91,6.06,16.3,32.56
2014-11-18,Kovilpatti,9.1728,77.871,Dryland,25.33,28.3,22.69,90.82,3.65,15.77,10.27,32.48
2014-11-19,Kovilpatti,9.1728,77.871,Dryland,25.86,28.2,24.43,90.88,3.81,7.98,14.69,32.4
2014-11-20,Kovilpatti,9.1728,77.871,Dryland,25.23,27.27,23.31,91.89,3.59,4.66,12.42,32.33
2014-11-21,Kovilpatti,9.1728,77.871,Dryland,24.98,26.73,23.2,91.85,3.69,17.61,8.13,32.26
2014-11-22,Kovilpatti,9.1728,77.871,Dryland,25.52,28.05,23.66,89.65,2.92,11.43,9.11,32.19
2014-11-23,Kovilpatti,9.1728,77.871,Dryland,25.42,27.8,24.04,90.38,3.37,6.03,11.63,32.12
2014-11-24,Kovilpatti,9.1728,77.871,Dryland,25.33,27.91,23.08,89.89,4.0,1.34,12.62,32.05
2014-11-25,Kovilpatti,9.1728,77.871,Dryland,23.98,26.7,22.0,88.33,3.85,0.26,10.36,31.99
2014-11-26,Kovilpatti,9.1728,77.871,Dryland,24.07,26.68,21.84,89.27,3.48,0.7,12.02,31.93
2014-11-27,Kovilpatti,9.1728,77.871,Dryland,23.9,25.44,22.14,91.84,3.06,20.31,11.36,31.86
2014-11-28,Kovilpatti,9.1728,77.871,Dryland,22.15,23.47,20.88,91.73,3.42,14.35,8.89,31.8
2014-11-29,Kovilpatti,9.1728,77.871,Dryland,22.19,25.62,20.16,86.06,3.0,3.52,11.19,31.74
2014-11-30,Kovilpatti,9.1728,77.871,Dryland,22.19,24.22,19.49,89.45,3.1,2.18,11.51,31.69
2014-12-01,Kovilpatti,9.1728,77.871,Dryland,24.34,26.2,22.4,92.58,4.38,5.91,8.3,31.64
2014-12-02,Kovilpatti,9.1728,77.871,Dryland,24.69,27.8,22.6,89.83,4.1,1.25,9.62,31.59
2014-12-03,Kovilpatti,9.1728,77.871,Dryland,24.33,27.75,21.37,85.33,3.27,0.01,20.47,31.54
2014-12-04,Kovilpatti,9.1728,77.871,Dryland,23.24,27.48,19.86,84.88,3.08,0.0,17.78,31.5
2014-12-05,Kovilpatti,9.1728,77.871,Dryland,23.53,27.5,19.99,85.39,3.1,0.0,18.8,31.46
2014-12-06,Kovilpatti,9.1728,77.871,Dryland,23.93,27.9,20.15,87.34,3.13,0.0,20.79,31.42
2014-12-07,Kovilpatti,9.1728,77.871,Dryland,24.69,27.57,22.14,90.39,2.91,0.12,16.88,31.38
2014-12-08,Kovilpatti,9.1728,77.871,Dryland,25.38,28.28,23.27,90.31,2.76,6.15,12.17,31.35
2014-12-09,Kovilpatti,9.1728,77.871,Dryland,25.37,28.22,23.57,89.75,2.72,3.08,15.35,31.31
2014-12-10,Kovilpatti,9.1728,77.871,Dryland,24.93,27.34,22.99,91.54,1.96,14.17,10.77,31.28
2014-12-11,Kovilpatti,9.1728,77.871,Dryland,24.72,26.97,22.99,91.43,2.16,2.49,13.43,31.26
2014-12-12,Kovilpatti,9.1728,77.871,Dryland,25.39,28.39,23.2,88.8,2.49,7.02,16.23,31.23
2014-12-13,Kovilpatti,9.1728,77.871,Dryland,25.12,27.85,23.1,90.13,2.65,2.55,13.58,31.21
2014-12-14,Kovilpatti,9.1728,77.871,Dryland,25.36,28.13,23.28,89.45,2.59,9.08,14.22,31.19
2014-12-15,Kovilpatti,9.1728,77.871,Dryland,25.61,29.24,22.53,88.16,2.93,0.71,20.42,31.17
2014-12-16,Kovilpatti,9.1728,77.871,Dryland,25.89,29.15,23.57,90.98,3.38,2.46,14.82,31.14
2014-12-17,Kovilpatti,9.1728,77.871,Dryland,25.77,28.53,24.3,90.72,4.53,6.63,8.03,31.12
2014-12-18,Kovilpatti,9.1728,77.871,Dryland,25.58,28.53,23.64,89.84,4.63,4.19,8.66,31.1
2014-12-19,Kovilpatti,9.1728,77.871,Dryland,25.33,28.46,23.51,90.48,4.44,6.18,7.08,31.1
2014-12-20,Kovilpatti,9.1728,77.871,Dryland,23.88,26.16,22.27,89.91,4.29,1.13,10.82,31.11
2014-12-21,Kovilpatti,9.1728,77.871,Dryland,24.54,28.13,21.41,86.68,3.15,0.19,19.99,31.12
2014-12-22,Kovilpatti,9.1728,77.871,Dryland,24.3,26.6,21.65,89.28,3.41,0.01,16.38,31.13
2014-12-23,Kovilpatti,9.1728,77.871,Dryland,25.27,28.85,22.26,87.46,3.33,0.57,18.62,31.14
2014-12-24,Kovilpatti,9.1728,77.871,Dryland,25.46,29.0,23.01,88.07,3.79,1.4,14.03,31.15
2014-12-25,Kovilpatti,9.1728,77.871,Dryland,24.92,28.57,22.25,86.71,3.5,0.09,16.11,31.16
2014-12-26,Kovilpatti,9.1728,77.871,Dryland,23.34,26.83,20.87,82.91,3.24,0.12,7.9,31.17
2014-12-27,Kovilpatti,9.1728,77.871,Dryland,23.61,27.08,20.61,84.4,3.16,0.89,13.12,31.19
2014-12-28,Kovilpatti,9.1728,77.871,Dryland,23.69,27.01,21.0,87.84,3.16,1.82,12.05,31.21
2014-12-29,Kovilpatti,9.1728,77.871,Dryland,26.03,29.96,22.23,82.43,1.83,0.96,15.03,31.24
2014-12-30,Kovilpatti,9.1728,77.871,Dryland,26.22,29.79,23.38,84.66,1.46,0.05,13.91,31.26
2014-12-31,Kovilpatti,9.1728,77.871,Dryland,26.59,29.95,24.53,87.21,1.59,4.21,13.66,31.29
2015-01-01,Kovilpatti,9.1728,77.871,Dryland,26.06,29.83,23.15,85.31,2.28,1.0,17.67,31.32
2015-01-02,Kovilpatti,9.1728,77.871,Dryland,24.92,29.53,20.37,79.03,1.69,0.0,21.09,31.35
2015-01-03,Kovilpatti,9.1728,77.871,Dryland,24.96,29.6,20.24,78.55,1.25,0.0,20.6,31.38
2015-01-04,Kovilpatti,9.1728,77.871,Dryland,25.37,29.5,21.79,82.66,1.76,0.0,20.2,31.43
2015-01-05,Kovilpatti,9.1728,77.871,Dryland,25.32,29.74,22.17,85.39,2.43,0.0,20.8,31.48
2015-01-06,Kovilpatti,9.1728,77.871,Dryland,25.21,29.75,21.57,83.07,2.33,0.0,19.83,31.53
2015-01-07,Kovilpatti,9.1728,77.871,Dryland,24.59,29.05,20.62,82.21,2.33,0.0,18.93,31.59
2015-01-08,Kovilpatti,9.1728,77.871,Dryland,24.92,29.3,20.92,81.92,2.03,0.0,16.53,31.64
2015-01-09,Kovilpatti,9.1728,77.871,Dryland,25.02,29.06,21.93,82.62,2.5,0.0,16.72,31.69
2015-01-10,Kovilpatti,9.1728,77.871,Dryland,24.54,28.99,21.09,79.83,3.44,0.0,17.24,31.75
2015-01-11,Kovilpatti,9.1728,77.871,Dryland,23.38,28.33,18.95,78.02,3.71,0.0,21.82,31.81
2015-01-12,Kovilpatti,9.1728,77.871,Dryland,23.26,28.59,18.35,76.0,3.34,0.0,21.24,31.86
2015-01-13,Kovilpatti,9.1728,77.871,Dryland,23.39,28.93,18.35,76.03,3.36,0.0,22.1,31.93
2015-01-14,Kovilpatti,9.1728,77.871,Dryland,23.92,29.2,19.16,78.47,2.91,0.0,21.63,32.0
2015-01-15,Kovilpatti,9.1728,77.871,Dryland,23.92,29.4,19.17,75.69,2.75,0.0,21.23,32.07
2015-01-16,Kovilpatti,9.1728,77.871,Dryland,24.58,30.01,19.54,81.21,2.69,0.0,21.75,32.14
2015-01-17,Kovilpatti,9.1728,77.871,Dryland,25.45,30.38,21.54,81.89,3.55,0.01,18.35,32.21
2015-01-18,Kovilpatti,9.1728,77.871,Dryland,25.3,30.26,22.05,78.96,3.59,0.0,18.01,32.27
2015-01-19,Kovilpatti,9.1728,77.871,Dryland,24.74,30.18,20.62,75.03,3.41,0.0,19.08,32.34
2015-01-20,Kovilpatti,9.1728,77.871,Dryland,24.37,30.07,19.62,77.36,3.16,0.0,20.68,32.42
2015-01-21,Kovilpatti,9.1728,77.871,Dryland,24.49,29.91,19.99,76.57,3.64,0.02,19.95,32.5
2015-01-22,Kovilpatti,9.1728,77.871,Dryland,24.91,30.9,19.57,77.11,3.1,0.22,21.42,32.58
2015-01-23,Kovilpatti,9.1728,77.871,Dryland,25.94,31.08,22.3,77.75,2.8,0.02,18.82,32.66
2015-01-24,Kovilpatti,9.1728,77.871,Dryland,25.98,30.84,22.22,77.36,3.46,0.01,20.09,32.74
2015-01-25,Kovilpatti,9.1728,77.871,Dryland,26.06,31.39,22.65,73.77,4.01,0.0,18.5,32.82
2015-01-26,Kovilpatti,9.1728,77.871,Dryland,25.45,31.29,20.89,74.36,3.9,0.01,20.95,32.9
2015-01-27,Kovilpatti,9.1728,77.871,Dryland,25.59,30.97,21.43,74.86,3.54,0.0,20.71,32.98
2015-01-28,Kovilpatti,9.1728,77.871,Dryland,26.01,31.37,21.97,76.6,3.63,0.01,17.78,33.07
2015-01-29,Kovilpatti,9.1728,77.871,Dryland,26.46,31.59,22.31,74.92,2.96,0.02,16.43,33.17
2015-01-30,Kovilpatti,9.1728,77.871,Dryland,26.49,30.97,22.86,73.91,2.9,0.0,13.0,33.26
2015-01-31,Kovilpatti,9.1728,77.871,Dryland,26.23,31.98,22.0,69.2,3.73,0.0,16.87,33.36
2015-02-01,Kovilpatti,9.1728,77.871,Dryland,25.99,32.03,20.83,71.64,3.64,0.0,21.92,33.45
2015-02-02,Kovilpatti,9.1728,77.871,Dryland,26.01,32.24,21.5,70.02,4.21,0.01,21.68,33.55
2015-02-03,Kovilpatti,9.1728,77.871,Dryland,26.22,32.22,21.47,69.95,4.64,0.03,22.3,33.64
2015-02-04,Kovilpatti,9.1728,77.871,Dryland,25.12,28.5,22.29,76.95,4.1,1.02,18.85,33.74
2015-02-05,Kovilpatti,9.1728,77.871,Dryland,25.96,30.41,22.05,74.9,4.17,0.25,15.26,33.83
2015-02-06,Kovilpatti,9.1728,77.871,Dryland,26.01,31.12,22.04,73.85,3.68,0.03,22.16,33.93
2015-02-07,Kovilpatti,9.1728,77.871,Dryland,26.36,32.13,22.13,72.1,3.41,0.05,21.77,34.02
2015-02-08,Kovilpatti,9.1728,77.871,Dryland,26.69,33.17,21.96,67.63,3.29,0.0,23.27,34.11
2015-02-09,Kovilpatti,9.1728,77.871,Dryland,26.84,33.04,22.0,71.29,3.51,0.04,23.3,34.2
2015-02-10,Kovilpatti,9.1728,77.871,Dryland,26.65,30.74,23.21,71.92,3.68,0.11,16.71,34.3
2015-02-11,Kovilpatti,9.1728,77.871,Dryland,27.17,32.41,22.94,71.78,3.71,0.03,21.15,34.39
2015-02-12,Kovilpatti,9.1728,77.871,Dryland,27.92,33.83,23.53,70.84,3.97,0.01,22.64,34.48
2015-02-13,Kovilpatti,9.1728,77.871,Dryland,27.92,33.58,23.63,71.16,3.16,0.01,21.98,34.57
2015-02-14,Kovilpatti,9.1728,77.871,Dryland,27.84,34.31,22.68,66.37,2.92,0.0,21.02,34.66
2015-02-15,Kovilpatti,9.1728,77.871,Dryland,27.32,34.19,21.61,63.36,3.04,0.0,23.87,34.75
2015-02-16,Kovilpatti,9.1728,77.871,Dryland,27.05,33.87,21.13,61.32,3.04,0.0,24.25,34.84
2015-02-17,Kovilpatti,9.1728,77.871,Dryland,26.89,33.74,21.24,59.73,2.51,0.0,24.0,34.93
2015-02-18,Kovilpatti,9.1728,77.871,Dryland,26.77,33.41,21.18,56.41,2.48,0.0,22.3,35.03
2015-02-19,Kovilpatti,9.1728,77.871,Dryland,27.06,34.04,21.45,56.87,2.56,0.0,24.85,35.12
2015-02-20,Kovilpatti,9.1728,77.871,Dryland,26.91,33.77,21.02,59.66,3.4,0.0,25.46,35.21
2015-02-21,Kovilpatti,9.1728,77.871,Dryland,27.14,33.91,21.92,65.2,3.82,0.0,24.87,35.3
2015-02-22,Kovilpatti,9.1728,77.871,Dryland,27.14,34.7,20.73,61.94,3.82,0.0,25.89,35.38
2015-02-23,Kovilpatti,9.1728,77.871,Dryland,27.31,34.81,20.92,62.19,3.67,0.0,25.67,35.47
2015-02-24,Kovilpatti,9.1728,77.871,Dryland,27.83,34.19,22.15,65.66,3.15,0.03,24.15,35.56
2015-02-25,Kovilpatti,9.1728,77.871,Dryland,28.55,34.22,24.41,67.12,2.71,0.1,20.56,35.65
2015-02-26,Kovilpatti,9.1728,77.871,Dryland,28.82,34.45,24.91,68.47,1.88,4.24,19.41,35.73
2015-02-27,Kovilpatti,9.1728,77.871,Dryland,28.65,33.32,25.31,70.58,1.61,1.32,19.13,35.82
2015-02-28,Kovilpatti,9.1728,77.871,Dryland,28.66,33.91,24.91,69.64,2.16,0.35,19.82,35.9
2015-03-01,Kovilpatti,9.1728,77.871,Dryland,28.88,34.59,24.81,67.33,2.05,0.04,22.31,35.98
2015-03-02,Kovilpatti,9.1728,77.871,Dryland,29.33,35.02,24.99,67.11,2.16,0.07,18.62,36.06
2015-03-03,Kovilpatti,9.1728,77.871,Dryland,29.21,34.39,25.44,65.18,2.17,0.11,18.21,36.14
2015-03-04,Kovilpatti,9.1728,77.871,Dryland,29.75,35.71,24.87,59.44,1.65,0.0,19.03,36.22
2015-03-05,Kovilpatti,9.1728,77.871,Dryland,29.73,36.11,25.2,62.98,2.15,0.02,22.3,36.3
2015-03-06,Kovilpatti,9.1728,77.871,Dryland,29.74,35.23,25.64,64.66,2.25,0.19,22.29,36.37
2015-03-07,Kovilpatti,9.1728,77.871,Dryland,29.67,35.7,25.15,63.04,2.73,0.33,22.35,36.44
2015-03-08,Kovilpatti,9.1728,77.871,Dryland,29.03,34.58,25.13,63.01,2.94,0.16,22.24,36.5
2015-03-09,Kovilpatti,9.1728,77.871,Dryland,29.32,34.99,25.32,63.21,2.9,0.02,20.81,36.57
2015-03-10,Kovilpatti,9.1728,77.871,Dryland,29.06,35.72,23.89,59.48,3.26,0.0,22.91,36.63
2015-03-11,Kovilpatti,9.1728,77.871,Dryland,28.37,34.75,23.33,63.1,3.48,0.0,25.11,36.68
2015-03-12,Kovilpatti,9.1728,77.871,Dryland,29.33,35.68,24.42,63.86,4.04,0.07,22.45,36.74
2015-03-13,Kovilpatti,9.1728,77.871,Dryland,29.45,35.12,25.29,64.07,3.73,0.14,23.63,36.81
2015-03-14,Kovilpatti,9.1728,77.871,Dryland,28.85,33.57,25.66,67.4,3.39,4.67,13.82,36.86
2015-03-15,Kovilpatti,9.1728,77.871,Dryland,28.85,33.49,25.71,71.54,3.06,3.62,17.43,36.92
2015-03-16,Kovilpatti,9.1728,77.871,Dryland,28.55,32.79,25.79,74.25,3.11,5.13,17.0,36.98
2015-03-17,Kovilpatti,9.1728,77.871,Dryland,28.81,34.48,24.91,66.94,2.71,0.27,24.57,37.04
2015-03-18,Kovilpatti,9.1728,77.871,Dryland,27.34,33.78,23.18,64.05,1.73,0.0,25.16,37.09
2015-03-19,Kovilpatti,9.1728,77.871,Dryland,28.38,35.83,22.41,57.98,1.9,0.0,26.19,37.14
2015-03-20,Kovilpatti,9.1728,77.871,Dryland,28.68,35.5,23.08,62.01,2.3,0.0,25.44,37.19
2015-03-21,Kovilpatti,9.1728,77.871,Dryland,29.2,35.84,24.96,63.93,2.88,0.02,25.3,37.24
2015-03-22,Kovilpatti,9.1728,77.871,Dryland,29.01,36.67,23.04,63.41,2.38,0.0,25.83,37.28
2015-03-23,Kovilpatti,9.1728,77.871,Dryland,29.68,36.93,23.79,62.48,2.11,0.0,24.62,37.33
2015-03-24,Kovilpatti,9.1728,77.871,Dryland,29.94,36.67,25.3,66.26,2.29,0.0,23.81,37.37
2015-03-25,Kovilpatti,9.1728,77.871,Dryland,29.3,35.47,25.23,67.87,2.2,0.0,22.82,37.41
2015-03-26,Kovilpatti,9.1728,77.871,Dryland,29.92,36.36,24.5,62.83,2.65,0.0,23.74,37.45
2015-03-27,Kovilpatti,9.1728,77.871,Dryland,30.07,36.65,24.58,63.0,3.51,0.08,23.57,37.48
2015-03-28,Kovilpatti,9.1728,77.871,Dryland,30.1,36.19,25.51,64.51,3.06,1.81,23.08,37.52
2015-03-29,Kovilpatti,9.1728,77.871,Dryland,29.97,35.77,26.2,67.14,2.67,2.88,23.24,37.55
2015-03-30,Kovilpatti,9.1728,77.871,Dryland,29.93,35.21,26.68,65.87,2.43,0.88,22.62,37.58
2015-03-31,Kovilpatti,9.1728,77.871,Dryland,28.89,32.1,26.73,72.14,1.38,8.05,21.21,37.62
2015-04-01,Kovilpatti,9.1728,77.871,Dryland,28.57,32.23,26.36,76.06,1.63,9.75,19.15,37.65
2015-04-02,Kovilpatti,9.1728,77.871,Dryland,29.44,34.79,25.35,70.76,1.78,3.5,20.53,37.67
2015-04-03,Kovilpatti,9.1728,77.871,Dryland,30.99,37.12,25.82,64.46,2.38,0.13,23.8,37.69
2015-04-04,Kovilpatti,9.1728,77.871,Dryland,31.32,37.4,26.71,65.19,2.28,0.17,23.05,37.71
2015-04-05,Kovilpatti,9.1728,77.871,Dryland,30.39,36.1,26.84,70.26,2.51,0.05,23.9,37.73
2015-04-06,Kovilpatti,9.1728,77.871,Dryland,30.37,35.94,26.3,68.69,2.19,0.03,23.58,37.74
2015-04-07,Kovilpatti,9.1728,77.871,Dryland,29.81,34.38,26.6,71.14,2.06,0.41,24.62,37.75
2015-04-08,Kovilpatti,9.1728,77.871,Dryland,28.68,32.75,26.24,70.35,1.83,3.22,12.96,37.76
2015-04-09,Kovilpatti,9.1728,77.871,Dryland,28.62,32.73,25.93,73.03,1.9,1.31,20.95,37.77
2015-04-10,Kovilpatti,9.1728,77.871,Dryland,29.26,34.0,26.13,73.16,1.4,1.21,23.38,37.78
2015-04-11,Kovilpatti,9.1728,77.871,Dryland,30.22,36.36,25.77,67.8,1.86,7.49,24.08,37.79
2015-04-12,Kovilpatti,9.1728,77.871,Dryland,29.47,33.64,26.06,73.52,1.3,15.07,20.93,37.79
2015-04-13,Kovilpatti,9.1728,77.871,Dryland,29.02,32.75,26.12,67.84,1.89,1.93,13.69,37.8
2015-04-14,Kovilpatti,9.1728,77.871,Dryland,28.29,33.02,24.02,70.04,1.75,3.62,20.63,37.8
2015-04-15,Kovilpatti,9.1728,77.871,Dryland,28.44,32.33,25.98,73.71,1.58,32.68,20.9,37.79
2015-04-16,Kovilpatti,9.1728,77.871,Dryland,28.62,32.05,26.06,76.43,1.22,9.67,21.98,37.79
2015-04-17,Kovilpatti,9.1728,77.871,Dryland,28.61,31.92,25.36,76.39,1.26,18.44,21.12,37.79
2015-04-18,Kovilpatti,9.1728,77.871,Dryland,28.7,32.61,25.5,75.78,1.51,4.91,24.28,37.79
2015-04-19,Kovilpatti,9.1728,77.871,Dryland,29.01,32.24,26.74,75.63,1.35,0.26,22.51,37.79
2015-04-20,Kovilpatti,9.1728,77.871,Dryland,28.46,32.18,25.63,78.81,1.58,14.52,19.42,37.79
2015-04-21,Kovilpatti,9.1728,77.871,Dryland,28.07,30.7,26.33,79.67,1.75,9.47,17.99,37.79
2015-04-22,Kovilpatti,9.1728,77.871,Dryland,26.95,28.26,25.47,86.19,1.25,2.49,19.88,37.78
2015-04-23,Kovilpatti,9.1728,77.871,Dryland,28.38,32.24,25.15,79.57,2.37,0.17,24.62,37.78
2015-04-24,Kovilpatti,9.1728,77.871,Dryland,28.75,32.88,25.0,78.71,1.65,1.36,18.6,37.76
2015-04-25,Kovilpatti,9.1728,77.871,Dryland,27.67,30.29,25.71,74.8,1.85,2.68,18.93,37.75
2015-04-26,Kovilpatti,9.1728,77.871,Dryland,28.9,33.59,25.58,66.78,1.57,0.57,23.51,37.74
2015-04-27,Kovilpatti,9.1728,77.871,Dryland,28.6,32.35,26.02,73.73,1.37,0.27,20.94,37.73
2015-04-28,Kovilpatti,9.1728,77.871,Dryland,28.71,32.26,26.28,74.64,1.37,0.11,23.28,37.71
2015-04-29,Kovilpatti,9.1728,77.871,Dryland,29.69,34.65,25.55,70.34,1.65,0.06,24.75,37.7
2015-04-30,Kovilpatti,9.1728,77.871,Dryland,29.86,34.64,25.76,72.93,2.41,0.05,22.66,37.68
2015-05-01,Kovilpatti,9.1728,77.871,Dryland,29.63,34.04,26.2,75.74,2.27,0.03,23.62,37.66
2015-05-02,Kovilpatti,9.1728,77.871,Dryland,29.15,32.9,25.91,76.01,2.56,0.05,23.8,37.64
2015-05-03,Kovilpatti,9.1728,77.871,Dryland,30.1,35.09,25.7,71.64,1.92,0.1,21.62,37.61
2015-05-04,Kovilpatti,9.1728,77.871,Dryland,29.8,34.38,25.79,72.41,1.69,0.68,19.6,37.59
2015-05-05,Kovilpatti,9.1728,77.871,Dryland,29.59,33.26,26.4,72.7,1.14,2.26,20.12,37.56
2015-05-06,Kovilpatti,9.1728,77.871,Dryland,29.05,32.27,26.18,75.48,1.54,2.22,20.04,37.54
2015-05-07,Kovilpatti,9.1728,77.871,Dryland,29.42,33.02,26.37,73.21,1.46,3.35,17.51,37.52
2015-05-08,Kovilpatti,9.1728,77.871,Dryland,30.17,35.54,25.89,70.84,2.01,7.72,20.37,37.49
2015-05-09,Kovilpatti,9.1728,77.871,Dryland,29.1,32.57,26.76,78.99,2.06,9.37,20.66,37.47
2015-05-10,Kovilpatti,9.1728,77.871,Dryland,29.15,33.05,26.01,74.53,1.7,1.69,12.16,37.44
2015-05-11,Kovilpatti,9.1728,77.871,Dryland,27.6,30.29,25.37,77.19,1.97,12.07,6.9,37.42
2015-05-12,Kovilpatti,9.1728,77.871,Dryland,28.86,33.39,24.86,65.77,1.12,10.02,14.76,37.4
2015-05-13,Kovilpatti,9.1728,77.871,Dryland,28.32,32.42,25.18,76.72,1.31,11.12,15.39,37.37
2015-05-14,Kovilpatti,9.1728,77.871,Dryland,28.32,30.65,26.33,80.84,1.06,16.39,18.54,37.36
2015-05-15,Kovilpatti,9.1728,77.871,Dryland,28.37,31.45,26.14,83.71,2.21,13.04,18.92,37.34
2015-05-16,Kovilpatti,9.1728,77.871,Dryland,28.03,29.84,26.49,88.24,3.29,11.12,8.13,37.31
2015-05-17,Kovilpatti,9.1728,77.871,Dryland,27.83,29.46,26.25,89.05,4.14,9.83,13.85,37.29
2015-05-18,Kovilpatti,9.1728,77.871,Dryland,27.76,30.46,25.91,89.31,3.11,12.59,19.16,37.26
2015-05-19,Kovilpatti,9.1728,77.871,Dryland,27.87,30.22,26.2,88.72,3.44,5.24,21.79,37.24
2015-05-20,Kovilpatti,9.1728,77.871,Dryland,28.16,31.43,25.67,84.93,3.48,0.98,22.3,37.21
2015-05-21,Kovilpatti,9.1728,77.871,Dryland,28.48,31.41,26.38,84.23,3.96,0.35,22.25,37.19
2015-05-22,Kovilpatti,9.1728,77.871,Dryland,28.99,32.4,26.67,80.97,4.51,0.05,22.71,37.16
2015-05-23,Kovilpatti,9.1728,77.871,Dryland,28.24,31.45,26.12,81.23,4.08,0.78,20.52,37.13
2015-05-24,Kovilpatti,9.1728,77.871,Dryland,28.36,32.58,25.52,80.27,4.34,0.5,21.8,37.1
2015-05-25,Kovilpatti,9.1728,77.871,Dryland,28.72,32.41,26.03,81.26,3.75,0.1,22.81,37.08
2015-05-26,Kovilpatti,9.1728,77.871,Dryland,28.76,32.48,26.01,81.29,5.07,0.02,24.2,37.06
2015-05-27,Kovilpatti,9.1728,77.871,Dryland,28.37,31.31,26.31,83.75,3.49,0.16,23.9,37.03
2015-05-28,Kovilpatti,9.1728,77.871,Dryland,27.49,30.2,25.68,78.96,3.84,0.16,18.63,37.01
2015-05-29,Kovilpatti,9.1728,77.871,Dryland,28.7,33.44,24.86,77.63,4.47,0.1,21.99,36.99
2015-05-30,Kovilpatti,9.1728,77.871,Dryland,28.48,32.38,25.83,80.18,3.18,6.66,20.17,36.96
2015-05-31,Kovilpatti,9.1728,77.871,Dryland,27.96,31.46,25.71,80.55,3.9,1.38,19.31,36.94
2015-06-01,Kovilpatti,9.1728,77.871,Dryland,28.02,31.75,25.56,78.68,4.19,0.25,19.78,36.92
2015-06-02,Kovilpatti,9.1728,77.871,Dryland,27.98,31.82,25.02,82.29,3.47,23.4,21.95,36.9
2015-06-03,Kovilpatti,9.1728,77.871,Dryland,28.13,31.6,25.82,83.41,3.02,3.15,19.73,36.88
2015-06-04,Kovilpatti,9.1728,77.871,Dryland,28.3,31.68,25.45,82.19,2.78,0.7,17.76,36.86
2015-06-05,Kovilpatti,9.1728,77.871,Dryland,27.39,29.97,25.7,85.0,2.74,0.93,19.48,36.84
2015-06-06,Kovilpatti,9.1728,77.871,Dryland,28.44,32.99,24.7,78.74,2.47,0.04,22.79,36.83
2015-06-07,Kovilpatti,9.1728,77.871,Dryland,28.56,32.4,25.84,81.96,3.52,2.06,22.66,36.8
2015-06-08,Kovilpatti,9.1728,77.871,Dryland,28.36,33.25,25.15,76.22,4.33,1.08,19.52,36.79
2015-06-09,Kovilpatti,9.1728,77.871,Dryland,28.03,32.68,24.74,78.6,3.84,0.19,23.41,36.77
2015-06-10,Kovilpatti,9.1728,77.871,Dryland,28.4,31.86,25.83,80.46,3.03,0.24,23.19,36.76
2015-06-11,Kovilpatti,9.1728,77.871,Dryland,28.47,32.97,25.56,78.26,4.18,0.56,20.35,36.75
2015-06-12,Kovilpatti,9.1728,77.871,Dryland,27.55,31.05,25.15,79.56,3.97,0.23,20.22,36.73
2015-06-13,Kovilpatti,9.1728,77.871,Dryland,28.23,33.06,24.86,77.56,4.25,0.69,22.22,36.72
2015-06-14,Kovilpatti,9.1728,77.871,Dryland,28.34,32.76,25.26,76.87,3.65,0.52,22.18,36.7
2015-06-15,Kovilpatti,9.1728,77.871,Dryland,28.42,33.02,25.34,75.79,4.17,0.32,20.26,36.69
2015-06-16,Kovilpatti,9.1728,77.871,Dryland,27.76,31.72,24.96,74.51,4.47,1.56,15.39,36.67
2015-06-17,Kovilpatti,9.1728,77.871,Dryland,27.61,31.2,24.91,73.84,4.43,0.51,14.34,36.66
2015-06-18,Kovilpatti,9.1728,77.871,Dryland,27.8,31.89,24.71,78.63,4.65,0.73,10.18,36.64
2015-06-19,Kovilpatti,9.1728,77.871,Dryland,28.2,31.55,25.8,79.81,5.16,0.47,12.19,36.63
2015-06-20,Kovilpatti,9.1728,77.871,Dryland,28.98,33.08,26.03,76.56,5.29,0.13,17.52,36.61
2015-06-21,Kovilpatti,9.1728,77.871,Dryland,28.71,32.18,26.39,78.15,4.97,0.35,15.88,36.61
2015-06-22,Kovilpatti,9.1728,77.871,Dryland,28.86,33.16,25.71,77.69,4.47,0.18,16.75,36.61
2015-06-23,Kovilpatti,9.1728,77.871,Dryland,28.47,32.53,26.0,79.39,4.19,0.37,17.46,36.61
2015-06-24,Kovilpatti,9.1728,77.871,Dryland,28.7,33.46,25.52,77.93,4.37,0.39,17.7,36.61
2015-06-25,Kovilpatti,9.1728,77.871,Dryland,28.39,32.07,26.05,80.34,4.56,1.13,17.18,36.61
2015-06-26,Kovilpatti,9.1728,77.871,Dryland,27.49,31.18,24.12,71.05,5.6,1.57,12.96,36.62
2015-06-27,Kovilpatti,9.1728,77.871,Dryland,27.72,32.64,23.8,74.5,5.81,3.87,15.98,36.62
2015-06-28,Kovilpatti,9.1728,77.871,Dryland,28.33,32.61,24.92,77.52,4.67,1.39,18.67,36.63
2015-06-29,Kovilpatti,9.1728,77.871,Dryland,27.83,31.05,24.98,78.52,5.32,1.66,19.83,36.63
2015-06-30,Kovilpatti,9.1728,77.871,Dryland,28.92,34.71,24.44,73.77,4.38,5.44,21.11,36.64
2015-07-01,Kovilpatti,9.1728,77.871,Dryland,28.7,33.11,25.35,78.41,3.72,6.62,23.68,36.64
2015-07-02,Kovilpatti,9.1728,77.871,Dryland,28.94,33.93,25.36,75.62,4.1,0.09,22.58,36.64
2015-07-03,Kovilpatti,9.1728,77.871,Dryland,28.89,33.71,25.15,76.16,4.63,0.12,22.19,36.65
2015-07-04,Kovilpatti,9.1728,77.871,Dryland,28.69,32.5,26.01,77.55,4.91,0.28,22.59,36.66
2015-07-05,Kovilpatti,9.1728,77.871,Dryland,29.11,33.7,25.99,74.47,5.3,0.09,20.74,36.66
2015-07-06,Kovilpatti,9.1728,77.871,Dryland,29.0,33.63,25.67,71.68,5.61,0.01,21.49,36.67
2015-07-07,Kovilpatti,9.1728,77.871,Dryland,28.89,34.82,24.76,71.92,5.12,0.02,19.04,36.68
2015-07-08,Kovilpatti,9.1728,77.871,Dryland,28.84,33.94,25.14,71.57,5.06,0.13,21.85,36.69
2015-07-09,Kovilpatti,9.1728,77.871,Dryland,29.27,35.01,25.19,71.87,5.34,0.14,18.31,36.7
2015-07-10,Kovilpatti,9.1728,77.871,Dryland,29.06,33.92,25.78,73.63,5.34,0.49,16.23,36.71
2015-07-11,Kovilpatti,9.1728,77.871,Dryland,28.75,33.35,25.88,74.46,5.23,0.16,19.68,36.72
2015-07-12,Kovilpatti,9.1728,77.871,Dryland,29.51,35.52,25.25,70.6,4.38,0.01,19.67,36.73
2015-07-13,Kovilpatti,9.1728,77.871,Dryland,29.07,34.75,25.33,71.24,4.53,0.06,23.35,36.75
2015-07-14,Kovilpatti,9.1728,77.871,Dryland,29.16,34.15,25.46,73.54,5.31,0.27,20.75,36.76
2015-07-15,Kovilpatti,9.1728,77.871,Dryland,28.7,32.71,26.55,74.22,5.68,0.35,12.32,36.77
2015-07-16,Kovilpatti,9.1728,77.871,Dryland,29.16,34.14,26.1,71.24,5.91,0.42,18.63,36.79
2015-07-17,Kovilpatti,9.1728,77.871,Dryland,28.27,32.55,25.15,69.14,6.06,1.73,14.11,36.8
2015-07-18,Kovilpatti,9.1728,77.871,Dryland,28.64,34.09,24.98,67.36,5.98,1.01,12.77,36.81
2015-07-19,Kovilpatti,9.1728,77.871,Dryland,28.95,34.21,25.37,65.82,5.4,0.6,15.99,36.83
2015-07-20,Kovilpatti,9.1728,77.871,Dryland,28.21,33.19,24.66,72.19,4.94,0.36,14.81,36.84
2015-07-21,Kovilpatti,9.1728,77.871,Dryland,28.86,34.23,25.28,72.77,4.79,1.62,12.39,36.86
2015-07-22,Kovilpatti,9.1728,77.871,Dryland,28.58,33.68,25.71,72.38,5.11,0.97,14.89,36.87
2015-07-23,Kovilpatti,9.1728,77.871,Dryland,28.19,32.66,25.18,71.58,4.79,0.54,18.4,36.89
2015-07-24,Kovilpatti,9.1728,77.871,Dryland,28.35,33.89,24.76,69.89,4.57,0.07,19.53,36.91
2015-07-25,Kovilpatti,9.1728,77.871,Dryland,28.54,34.08,24.62,69.44,4.59,0.08,20.35,36.93
2015-07-26,Kovilpatti,9.1728,77.871,Dryland,27.7,32.05,24.59,71.23,4.45,0.04,19.26,36.94
2015-07-27,Kovilpatti,9.1728,77.871,Dryland,28.7,34.2,24.06,68.34,3.78,0.02,20.51,36.96
2015-07-28,Kovilpatti,9.1728,77.871,Dryland,29.07,34.34,24.66,68.42,2.63,2.67,21.61,36.98
2015-07-29,Kovilpatti,9.1728,77.871,Dryland,28.8,34.15,24.36,71.52,3.47,2.63,23.81,37.0
2015-07-30,Kovilpatti,9.1728,77.871,Dryland,28.5,33.69,24.6,70.86,4.32,0.0,23.92,37.02
2015-07-31,Kovilpatti,9.1728,77.871,Dryland,28.54,33.78,24.71,69.79,4.02,0.02,24.16,37.04
2015-08-01,Kovilpatti,9.1728,77.871,Dryland,30.03,36.61,24.75,65.73,3.25,0.35,23.05,37.06
2015-08-02,Kovilpatti,9.1728,77.871,Dryland,30.08,36.12,25.04,64.05,2.8,0.55,17.1,37.07
2015-08-03,Kovilpatti,9.1728,77.871,Dryland,29.02,34.64,25.04,68.44,4.66,0.22,18.84,37.09
2015-08-04,Kovilpatti,9.1728,77.871,Dryland,28.99,34.1,25.75,70.39,5.12,0.18,17.15,37.1
2015-08-05,Kovilpatti,9.1728,77.871,Dryland,28.98,34.0,25.51,69.3,5.49,0.09,17.26,37.12
2015-08-06,Kovilpatti,9.1728,77.871,Dryland,29.72,36.26,24.59,63.96,4.97,0.03,20.9,37.12
2015-08-07,Kovilpatti,9.1728,77.871,Dryland,29.07,33.8,25.56,70.21,4.8,0.03,23.37,37.13
2015-08-08,Kovilpatti,9.1728,77.871,Dryland,29.67,34.83,26.08,67.66,5.12,0.55,22.56,37.14
2015-08-09,Kovilpatti,9.1728,77.871,Dryland,29.75,35.14,26.03,68.49,5.86,0.15,18.39,37.16
2015-08-10,Kovilpatti,9.1728,77.871,Dryland,29.32,34.08,26.4,68.01,5.78,0.79,14.47,37.18
2015-08-11,Kovilpatti,9.1728,77.871,Dryland,29.7,35.63,25.79,66.63,5.75,0.12,18.61,37.19
2015-08-12,Kovilpatti,9.1728,77.871,Dryland,29.84,35.31,26.42,65.09,5.83,0.11,17.82,37.21
2015-08-13,Kovilpatti,9.1728,77.871,Dryland,29.36,34.49,26.24,67.24,4.85,0.58,19.5,37.22
2015-08-14,Kovilpatti,9.1728,77.871,Dryland,30.95,38.17,25.18,62.0,4.21,0.32,21.91,37.23
2015-08-15,Kovilpatti,9.1728,77.871,Dryland,30.05,35.19,25.68,65.76,3.08,0.67,18.99,37.24
2015-08-16,Kovilpatti,9.1728,77.871,Dryland,28.24,31.68,25.78,74.82,2.25,14.9,15.49,37.25
2015-08-17,Kovilpatti,9.1728,77.871,Dryland,29.13,34.63,24.95,70.91,2.3,1.47,20.44,37.26
2015-08-18,Kovilpatti,9.1728,77.871,Dryland,29.12,33.85,26.12,71.72,2.28,2.92,19.45,37.26
2015-08-19,Kovilpatti,9.1728,77.871,Dryland,28.34,32.6,25.32,74.72,3.06,1.02,19.94,37.27
2015-08-20,Kovilpatti,9.1728,77.871,Dryland,28.83,33.14,25.32,72.1,3.47,0.22,23.21,37.27
2015-08-21,Kovilpatti,9.1728,77.871,Dryland,28.92,33.93,25.11,72.57,3.86,1.82,20.85,37.27
2015-08-22,Kovilpatti,9.1728,77.871,Dryland,28.51,32.47,25.81,75.19,3.17,1.65,12.98,37.27
2015-08-23,Kovilpatti,9.1728,77.871,Dryland,29.52,35.94,24.62,64.59,4.43,0.04,18.39,37.27
2015-08-24,Kovilpatti,9.1728,77.871,Dryland,28.71,33.61,24.98,67.08,3.91,0.04,20.28,37.26
2015-08-25,Kovilpatti,9.1728,77.871,Dryland,29.05,34.38,25.28,67.12,4.05,0.02,24.74,37.27
2015-08-26,Kovilpatti,9.1728,77.871,Dryland,29.22,35.28,24.76,66.37,4.05,0.0,21.47,37.28
2015-08-27,Kovilpatti,9.1728,77.871,Dryland,29.12,34.75,25.27,69.72,4.83,0.0,23.43,37.29
2015-08-28,Kovilpatti,9.1728,77.871,Dryland,29.58,35.54,25.44,67.9,4.6,0.01,24.12,37.29
2015-08-29,Kovilpatti,9.1728,77.871,Dryland,30.11,36.56,25.75,67.13,4.84,0.02,22.11,37.29
2015-08-30,Kovilpatti,9.1728,77.871,Dryland,30.52,37.62,25.06,63.61,4.4,0.07,25.32,37.28
2015-08-31,Kovilpatti,9.1728,77.871,Dryland,30.72,36.41,25.17,61.61,3.14,0.1,24.25,37.27
2015-09-01,Kovilpatti,9.1728,77.871,Dryland,31.39,37.7,26.12,60.64,3.02,0.55,21.9,37.26
2015-09-02,Kovilpatti,9.1728,77.871,Dryland,31.25,37.61,26.76,61.68,2.26,5.04,20.81,37.25
2015-09-03,Kovilpatti,9.1728,77.871,Dryland,29.57,32.99,26.45,73.13,1.53,4.27,13.73,37.24
2015-09-04,Kovilpatti,9.1728,77.871,Dryland,28.49,32.16,26.28,76.08,1.95,0.8,16.33,37.22
2015-09-05,Kovilpatti,9.1728,77.871,Dryland,28.57,33.18,25.32,73.65,2.75,5.14,16.48,37.21
2015-09-06,Kovilpatti,9.1728,77.871,Dryland,27.81,31.4,25.37,78.2,3.35,3.21,18.7,37.19
2015-09-07,Kovilpatti,9.1728,77.871,Dryland,27.44,31.57,24.89,74.48,3.9,0.66,12.12,37.17
2015-09-08,Kovilpatti,9.1728,77.871,Dryland,27.95,33.16,24.19,71.0,3.28,2.06,19.04,37.15
2015-09-09,Kovilpatti,9.1728,77.871,Dryland,27.96,32.55,24.58,73.45,3.57,1.3,16.63,37.13
2015-09-10,Kovilpatti,9.1728,77.871,Dryland,27.89,31.97,24.78,75.92,3.84,0.93,18.67,37.1
2015-09-11,Kovilpatti,9.1728,77.871,Dryland,27.69,31.21,25.47,78.41,4.15,1.88,21.7,37.07
2015-09-12,Kovilpatti,9.1728,77.871,Dryland,28.77,33.89,25.19,72.11,4.16,0.51,21.01,37.04
2015-09-13,Kovilpatti,9.1728,77.871,Dryland,28.8,33.51,25.46,72.01,4.27,0.04,23.11,37.02
2015-09-14,Kovilpatti,9.1728,77.871,Dryland,29.53,36.05,25.07,66.34,5.11,0.03,22.41,36.99
2015-09-15,Kovilpatti,9.1728,77.871,Dryland,28.77,33.66,25.59,73.3,5.01,0.4,18.66,36.96
2015-09-16,Kovilpatti,9.1728,77.871,Dryland,29.64,35.45,25.95,71.28,5.35,1.49,18.95,36.92
2015-09-17,Kovilpatti,9.1728,77.871,Dryland,29.44,35.48,25.61,67.55,5.14,0.49,17.75,36.89
2015-09-18,Kovilpatti,9.1728,77.871,Dryland,29.6,35.21,25.4,65.62,5.17,0.51,19.2,36.85
2015-09-19,Kovilpatti,9.1728,77.871,Dryland,29.31,33.62,26.72,71.25,5.03,0.44,18.85,36.82
2015-09-20,Kovilpatti,9.1728,77.871,Dryland,28.72,32.34,26.33,73.33,4.75,0.51,19.71,36.79
2015-09-21,Kovilpatti,9.1728,77.871,Dryland,28.96,32.94,25.58,70.3,3.01,0.2,23.31,36.75
2015-09-22,Kovilpatti,9.1728,77.871,Dryland,30.75,37.85,25.54,63.81,3.88,0.05,22.5,36.71
2015-09-23,Kovilpatti,9.1728,77.871,Dryland,29.97,33.91,26.86,66.13,3.05,0.7,18.22,36.67
2015-09-24,Kovilpatti,9.1728,77.871,Dryland,29.22,33.02,26.36,70.04,3.38,0.35,21.1,36.62
2015-09-25,Kovilpatti,9.1728,77.871,Dryland,30.09,35.6,25.56,68.06,2.95,1.04,23.02,36.56
2015-09-26,Kovilpatti,9.1728,77.871,Dryland,30.34,36.91,25.85,68.36,3.35,14.17,22.35,36.51
2015-09-27,Kovilpatti,9.1728,77.871,Dryland,27.56,29.67,26.1,85.26,2.19,19.81,17.59,36.46
2015-09-28,Kovilpatti,9.1728,77.871,Dryland,28.46,32.96,25.24,76.94,2.26,8.03,18.62,36.4
2015-09-29,Kovilpatti,9.1728,77.871,Dryland,27.16,29.61,25.31,82.55,2.53,21.83,18.12,36.35
2015-09-30,Kovilpatti,9.1728,77.871,Dryland,26.76,29.63,24.9,81.87,2.08,5.38,14.69,36.3
2015-10-01,Kovilpatti,9.1728,77.871,Dryland,27.69,31.48,24.65,78.98,3.04,1.94,13.62,36.25
2015-10-02,Kovilpatti,9.1728,77.871,Dryland,27.54,31.06,24.84,78.77,3.08,0.74,21.53,36.19
2015-10-03,Kovilpatti,9.1728,77.871,Dryland,28.19,33.44,23.98,77.12,3.27,2.19,19.56,36.13
2015-10-04,Kovilpatti,9.1728,77.871,Dryland,27.64,31.59,25.42,79.9,3.41,1.9,17.09,36.07
2015-10-05,Kovilpatti,9.1728,77.871,Dryland,27.36,30.6,25.19,82.36,3.0,1.44,11.75,36.01
2015-10-06,Kovilpatti,9.1728,77.871,Dryland,28.78,35.01,23.74,68.63,3.0,0.26,20.92,35.94
2015-10-07,Kovilpatti,9.1728,77.871,Dryland,28.51,33.27,24.51,74.62,3.24,0.49,22.41,35.87
2015-10-08,Kovilpatti,9.1728,77.871,Dryland,27.69,31.11,25.37,79.22,3.96,1.12,22.44,35.8
2015-10-09,Kovilpatti,9.1728,77.871,Dryland,28.0,32.7,24.83,76.77,4.0,2.04,20.52,35.74
2015-10-10,Kovilpatti,9.1728,77.871,Dryland,28.7,33.75,25.06,75.37,3.63,2.1,19.82,35.67
2015-10-11,Kovilpatti,9.1728,77.871,Dryland,29.07,34.39,25.18,74.26,2.71,2.25,21.47,35.6
2015-10-12,Kovilpatti,9.1728,77.871,Dryland,27.99,31.11,25.24,78.63,1.41,1.87,19.87,35.53
2015-10-13,Kovilpatti,9.1728,77.871,Dryland,28.22,32.37,25.29,72.67,1.47,0.91,18.29,35.45
2015-10-14,Kovilpatti,9.1728,77.871,Dryland,28.46,32.88,25.4,72.31,1.63,0.79,21.12,35.38
2015-10-15,Kovilpatti,9.1728,77.871,Dryland,28.12,31.88,25.51,73.51,1.45,1.1,22.96,35.31
2015-10-16,Kovilpatti,9.1728,77.871,Dryland,29.19,34.55,25.75,67.6,1.89,0.12,20.98,35.23
2015-10-17,Kovilpatti,9.1728,77.871,Dryland,28.97,34.66,24.05,71.13,2.62,0.15,20.36,35.16
2015-10-18,Kovilpatti,9.1728,77.871,Dryland,27.95,30.39,25.93,82.5,2.05,6.53,11.4,35.08
2015-10-19,Kovilpatti,9.1728,77.871,Dryland,27.83,30.4,25.97,82.86,2.31,6.65,15.29,35.0
2015-10-20,Kovilpatti,9.1728,77.871,Dryland,27.43,30.09,25.67,82.8,1.93,6.03,17.56,34.92
2015-10-21,Kovilpatti,9.1728,77.871,Dryland,28.64,33.36,25.4,73.71,1.92,0.38,20.09,34.84
2015-10-22,Kovilpatti,9.1728,77.871,Dryland,28.96,34.31,25.26,71.02,1.74,0.57,20.48,34.76
2015-10-23,Kovilpatti,9.1728,77.871,Dryland,28.89,33.98,25.23,72.0,1.52,1.98,17.34,34.68
2015-10-24,Kovilpatti,9.1728,77.871,Dryland,27.82,31.17,25.1,80.15,1.87,5.8,17.27,34.59
2015-10-25,Kovilpatti,9.1728,77.871,Dryland,27.62,32.09,24.43,76.6,3.02,21.27,18.16,34.51
2015-10-26,Kovilpatti,9.1728,77.871,Dryland,27.87,32.77,24.01,70.23,2.62,0.12,14.77,34.43
2015-10-27,Kovilpatti,9.1728,77.871,Dryland,25.62,27.83,24.16,80.54,2.23,1.28,12.06,34.34
2015-10-28,Kovilpatti,9.1728,77.871,Dryland,27.02,31.0,24.16,78.51,2.16,2.97,12.86,34.25
2015-10-29,Kovilpatti,9.1728,77.871,Dryland,27.56,32.02,23.31,75.2,2.32,1.66,19.76,34.17
2015-10-30,Kovilpatti,9.1728,77.871,Dryland,26.65,28.9,24.42,82.2,1.57,21.21,16.96,34.07
2015-10-31,Kovilpatti,9.1728,77.871,Dryland,26.1,28.48,24.53,88.0,1.98,22.58,10.95,33.98
2015-11-01,Kovilpatti,9.1728,77.871,Dryland,26.71,29.27,25.09,87.26,3.14,11.12,10.38,33.89
2015-11-02,Kovilpatti,9.1728,77.871,Dryland,25.84,27.89,24.51,89.0,1.51,9.64,13.2,33.8
2015-11-03,Kovilpatti,9.1728,77.871,Dryland,26.63,29.82,24.06,82.71,1.0,34.66,18.31,33.71
2015-11-04,Kovilpatti,9.1728,77.871,Dryland,27.12,29.9,25.3,81.72,1.43,11.96,17.07,33.63
2015-11-05,Kovilpatti,9.1728,77.871,Dryland,27.04,29.65,24.42,82.77,1.34,8.7,15.91,33.55
2015-11-06,Kovilpatti,9.1728,77.871,Dryland,26.74,29.31,24.88,86.04,1.71,20.72,18.65,33.47
2015-11-07,Kovilpatti,9.1728,77.871,Dryland,26.16,28.87,24.43,90.88,2.56,50.52,14.15,33.39
2015-11-08,Kovilpatti,9.1728,77.871,Dryland,25.83,27.41,24.4,90.33,2.07,23.18,11.15,33.3
2015-11-09,Kovilpatti,9.1728,77.871,Dryland,26.18,29.22,24.07,86.95,3.08,1.43,9.96,33.22
2015-11-10,Kovilpatti,9.1728,77.871,Dryland,27.06,30.99,24.22,85.12,2.7,0.31,16.04,33.14
2015-11-11,Kovilpatti,9.1728,77.871,Dryland,26.56,30.52,23.31,85.08,1.97,1.13,17.32,33.05
2015-11-12,Kovilpatti,9.1728,77.871,Dryland,27.1,30.19,24.24,82.3,1.16,5.92,16.07,32.97
2015-11-13,Kovilpatti,9.1728,77.871,Dryland,25.72,27.78,23.4,89.61,1.74,33.18,8.18,32.9
2015-11-14,Kovilpatti,9.1728,77.871,Dryland,24.9,26.91,23.24,91.89,2.1,8.99,7.73,32.82
2015-11-15,Kovilpatti,9.1728,77.871,Dryland,25.59,27.93,23.46,88.52,1.79,5.88,11.59,32.74
2015-11-16,Kovilpatti,9.1728,77.871,Dryland,25.78,28.19,23.82,88.33,1.51,2.52,12.79,32.67
2015-11-17,Kovilpatti,9.1728,77.871,Dryland,27.08,30.85,23.77,86.39,1.75,4.34,15.29,32.59
2015-11-18,Kovilpatti,9.1728,77.871,Dryland,27.18,29.94,24.7,86.58,1.74,46.72,16.06,32.51
2015-11-19,Kovilpatti,9.1728,77.871,Dryland,26.73,29.15,24.63,86.39,1.44,22.46,13.17,32.43
2015-11-20,Kovilpatti,9.1728,77.871,Dryland,26.45,28.23,25.28,91.83,2.54,8.42,13.61,32.36
2015-11-21,Kovilpatti,9.1728,77.871,Dryland,26.25,28.47,24.6,89.16,2.86,10.81,15.56,32.29
2015-11-22,Kovilpatti,9.1728,77.871,Dryland,26.37,28.74,24.3,90.79,3.13,13.21,9.95,32.22
2015-11-23,Kovilpatti,9.1728,77.871,Dryland,26.0,28.04,24.56,89.77,2.63,11.46,14.61,32.15
2015-11-24,Kovilpatti,9.1728,77.871,Dryland,26.3,29.13,24.29,90.46,2.56,5.14,17.03,32.08
2015-11-25,Kovilpatti,9.1728,77.871,Dryland,25.85,29.2,23.1,87.07,3.3,0.67,22.24,32.01
2015-11-26,Kovilpatti,9.1728,77.871,Dryland,25.18,29.18,21.53,85.59,2.75,0.01,21.29,31.95
2015-11-27,Kovilpatti,9.1728,77.871,Dryland,25.43,28.45,22.6,89.35,2.68,0.23,16.91,31.88
2015-11-28,Kovilpatti,9.1728,77.871,Dryland,25.4,28.17,23.34,88.31,2.79,0.39,17.46,31.82
2015-11-29,Kovilpatti,9.1728,77.871,Dryland,25.49,28.54,22.98,90.08,3.0,30.93,17.24,31.76
2015-11-30,Kovilpatti,9.1728,77.871,Dryland,25.03,26.92,23.77,90.38,2.7,15.27,15.36,31.71
2015-12-01,Kovilpatti,9.1728,77.871,Dryland,25.37,27.59,23.69,89.64,2.36,3.84,14.66,31.66
2015-12-02,Kovilpatti,9.1728,77.871,Dryland,25.62,27.18,24.47,92.31,1.51,14.83,12.72,31.6
2015-12-03,Kovilpatti,9.1728,77.871,Dryland,25.54,28.63,23.27,89.42,2.43,2.32,12.62,31.56
2015-12-04,Kovilpatti,9.1728,77.871,Dryland,25.66,28.02,24.0,91.16,3.54,2.72,12.87,31.51
2015-12-05,Kovilpatti,9.1728,77.871,Dryland,25.48,27.17,24.01,94.2,3.83,4.82,10.29,31.46
2015-12-06,Kovilpatti,9.1728,77.871,Dryland,25.93,27.98,24.55,91.3,3.2,2.57,12.51,31.42
2015-12-07,Kovilpatti,9.1728,77.871,Dryland,26.1,27.77,24.5,93.59,3.46,19.41,8.95,31.38
2015-12-08,Kovilpatti,9.1728,77.871,Dryland,24.77,26.51,23.29,93.38,3.55,9.37,8.8,31.34
2015-12-09,Kovilpatti,9.1728,77.871,Dryland,25.1,27.3,23.11,93.01,3.12,2.03,11.01,31.31
2015-12-10,Kovilpatti,9.1728,77.871,Dryland,25.82,27.71,24.42,93.47,2.76,13.26,13.5,31.28
2015-12-11,Kovilpatti,9.1728,77.871,Dryland,25.98,28.49,24.22,91.3,2.47,10.21,12.66,31.26
2015-12-12,Kovilpatti,9.1728,77.871,Dryland,25.83,27.67,24.38,91.99,2.21,4.95,12.46,31.23
2015-12-13,Kovilpatti,9.1728,77.871,Dryland,26.39,29.3,23.88,87.89,1.57,0.75,16.55,31.21
2015-12-14,Kovilpatti,9.1728,77.871,Dryland,26.31,28.9,23.95,89.95,1.61,1.1,15.62,31.19
2015-12-15,Kovilpatti,9.1728,77.871,Dryland,26.7,30.05,24.42,89.28,2.45,2.81,15.35,31.17
2015-12-16,Kovilpatti,9.1728,77.871,Dryland,25.08,28.17,22.31,87.25,2.89,0.23,17.21,31.15
2015-12-17,Kovilpatti,9.1728,77.871,Dryland,25.3,28.95,21.82,87.18,2.27,3.43,19.81,31.13
2015-12-18,Kovilpatti,9.1728,77.871,Dryland,25.96,29.07,23.94,90.57,2.72,30.45,11.64,31.12
2015-12-19,Kovilpatti,9.1728,77.871,Dryland,25.95,28.46,24.46,89.38,3.01,36.68,13.92,31.12
2015-12-20,Kovilpatti,9.1728,77.871,Dryland,25.64,28.6,23.67,89.89,3.15,3.29,16.23,31.12
2015-12-21,Kovilpatti,9.1728,77.871,Dryland,24.63,28.19,22.05,84.88,2.76,0.03,21.04,31.12
2015-12-22,Kovilpatti,9.1728,77.871,Dryland,24.15,28.32,20.17,85.39,2.74,0.0,21.92,31.13
2015-12-23,Kovilpatti,9.1728,77.871,Dryland,24.7,28.67,21.33,86.77,2.64,0.0,20.28,31.13
2015-12-24,Kovilpatti,9.1728,77.871,Dryland,24.51,28.49,20.79,86.15,2.54,0.0,19.12,31.14
2015-12-25,Kovilpatti,9.1728,77.871,Dryland,24.54,28.25,20.85,84.41,3.19,0.0,20.92,31.15
2015-12-26,Kovilpatti,9.1728,77.871,Dryland,24.78,28.23,21.82,87.83,3.97,0.01,16.85,31.16
2015-12-27,Kovilpatti,9.1728,77.871,Dryland,25.02,28.57,21.9,89.74,4.13,16.82,15.2,31.17
2015-12-28,Kovilpatti,9.1728,77.871,Dryland,24.83,28.22,22.0,90.12,4.91,4.89,10.63,31.2
2015-12-29,Kovilpatti,9.1728,77.871,Dryland,24.96,28.41,21.75,89.84,4.12,2.94,10.53,31.22
2015-12-30,Kovilpatti,9.1728,77.871,Dryland,24.97,28.78,22.45,87.03,4.0,0.32,19.76,31.25
2015-12-31,Kovilpatti,9.1728,77.871,Dryland,24.45,28.45,21.28,85.89,3.95,0.04,20.11,31.29
2016-01-01,Kovilpatti,9.1728,77.871,Dryland,23.81,28.03,20.05,84.88,3.87,0.01,20.46,31.32
2016-01-02,Kovilpatti,9.1728,77.871,Dryland,23.85,28.3,20.11,84.9,3.77,0.01,20.82,31.35
2016-01-03,Kovilpatti,9.1728,77.871,Dryland,23.31,27.89,19.57,83.88,3.52,0.01,22.35,31.38
2016-01-04,Kovilpatti,9.1728,77.871,Dryland,23.65,28.13,19.85,85.75,3.33,0.03,21.73,31.42
2016-01-05,Kovilpatti,9.1728,77.871,Dryland,24.04,28.07,20.08,85.37,3.08,0.01,21.38,31.47
2016-01-06,Kovilpatti,9.1728,77.871,Dryland,24.65,28.57,21.32,86.19,3.46,0.02,16.92,31.51
2016-01-07,Kovilpatti,9.1728,77.871,Dryland,24.78,28.45,21.63,86.83,3.09,0.0,17.64,31.56
2016-01-08,Kovilpatti,9.1728,77.871,Dryland,24.57,28.35,21.45,85.13,3.22,0.0,18.25,31.61
2016-01-09,Kovilpatti,9.1728,77.871,Dryland,24.22,27.84,21.5,86.28,2.94,0.0,18.49,31.67
2016-01-10,Kovilpatti,9.1728,77.871,Dryland,24.42,28.4,21.14,86.2,3.56,0.0,20.44,31.72
2016-01-11,Kovilpatti,9.1728,77.871,Dryland,24.22,28.3,20.96,83.42,3.41,0.0,20.6,31.78
2016-01-12,Kovilpatti,9.1728,77.871,Dryland,23.65,28.27,19.65,82.64,3.35,0.0,20.6,31.84
2016-01-13,Kovilpatti,9.1728,77.871,Dryland,23.44,28.09,19.12,82.06,2.65,0.0,17.3,31.9
2016-01-14,Kovilpatti,9.1728,77.871,Dryland,22.9,27.04,19.94,81.61,2.78,0.0,20.03,31.97
2016-01-15,Kovilpatti,9.1728,77.871,Dryland,22.87,27.65,19.24,80.89,2.64,0.0,21.11,32.03
2016-01-16,Kovilpatti,9.1728,77.871,Dryland,23.69,28.55,18.71,81.49,2.48,0.0,20.79,32.1
2016-01-17,Kovilpatti,9.1728,77.871,Dryland,24.42,28.81,21.16,81.17,2.46,0.0,18.29,32.18
2016-01-18,Kovilpatti,9.1728,77.871,Dryland,24.44,29.25,20.05,81.6,2.16,0.0,17.51,32.25
2016-01-19,Kovilpatti,9.1728,77.871,Dryland,25.33,29.91,21.22,82.58,2.24,0.0,19.91,32.33
2016-01-20,Kovilpatti,9.1728,77.871,Dryland,26.06,30.52,22.42,81.28,2.13,0.07,14.8,32.4
2016-01-21,Kovilpatti,9.1728,77.871,Dryland,26.41,30.49,23.34,82.73,2.6,0.29,14.57,32.48
2016-01-22,Kovilpatti,9.1728,77.871,Dryland,26.14,30.7,22.6,82.58,2.82,0.01,16.94,32.55
2016-01-23,Kovilpatti,9.1728,77.871,Dryland,25.99,30.46,22.76,83.5,3.26,0.0,19.93,32.63
2016-01-24,Kovilpatti,9.1728,77.871,Dryland,26.66,31.46,22.85,81.56,3.31,0.02,19.8,32.72
2016-01-25,Kovilpatti,9.1728,77.871,Dryland,26.72,31.28,23.46,81.5,3.14,0.02,16.54,32.8
2016-01-26,Kovilpatti,9.1728,77.871,Dryland,26.39,31.33,22.52,79.07,2.78,0.0,20.22,32.89
2016-01-27,Kovilpatti,9.1728,77.871,Dryland,26.2,31.44,22.1,77.75,2.78,0.0,18.3,32.97
2016-01-28,Kovilpatti,9.1728,77.871,Dryland,25.48,31.43,21.18,74.69,2.45,0.0,22.57,33.05
2016-01-29,Kovilpatti,9.1728,77.871,Dryland,24.96,31.05,19.59,74.36,2.61,0.0,22.62,33.14
2016-01-30,Kovilpatti,9.1728,77.871,Dryland,24.92,30.82,19.9,76.33,2.98,0.0,23.06,33.23
2016-01-31,Kovilpatti,9.1728,77.871,Dryland,24.78,29.87,20.25,78.21,3.16,0.0,21.4,33.32
2016-02-01,Kovilpatti,9.1728,77.871,Dryland,24.78,29.98,20.65,76.7,2.74,0.0,18.62,33.41
2016-02-02,Kovilpatti,9.1728,77.871,Dryland,24.44,30.8,18.96,76.6,2.93,0.0,21.66,33.51
2016-02-03,Kovilpatti,9.1728,77.871,Dryland,24.51,30.59,19.57,74.34,2.48,0.0,22.37,33.6
2016-02-04,Kovilpatti,9.1728,77.871,Dryland,24.84,31.59,19.18,71.21,2.87,0.0,22.69,33.69
2016-02-05,Kovilpatti,9.1728,77.871,Dryland,25.49,31.6,20.04,70.69,2.83,0.0,22.79,33.79
2016-02-06,Kovilpatti,9.1728,77.871,Dryland,25.86,30.66,21.98,76.27,2.26,0.05,21.85,33.88
2016-02-07,Kovilpatti,9.1728,77.871,Dryland,26.83,31.89,22.53,76.8,2.24,1.73,19.97,33.97
2016-02-08,Kovilpatti,9.1728,77.871,Dryland,27.35,33.13,23.64,76.81,2.58,0.56,20.02,34.06
2016-02-09,Kovilpatti,9.1728,77.871,Dryland,27.22,33.02,22.31,74.91,2.35,0.03,19.08,34.16
2016-02-10,Kovilpatti,9.1728,77.871,Dryland,27.23,33.47,22.7,73.82,2.2,0.53,20.41,34.25
2016-02-11,Kovilpatti,9.1728,77.871,Dryland,27.16,33.51,22.26,71.88,2.27,0.37,21.25,34.35
2016-02-12,Kovilpatti,9.1728,77.871,Dryland,27.06,33.32,22.15,68.31,2.52,0.0,21.92,34.44
2016-02-13,Kovilpatti,9.1728,77.871,Dryland,27.11,33.52,21.94,67.97,2.34,0.0,22.87,34.54
2016-02-14,Kovilpatti,9.1728,77.871,Dryland,27.04,32.99,22.4,70.01,2.56,0.0,22.49,34.63
2016-02-15,Kovilpatti,9.1728,77.871,Dryland,27.56,33.95,22.21,70.08,2.85,0.01,22.93,34.73
2016-02-16,Kovilpatti,9.1728,77.871,Dryland,27.92,33.62,23.93,70.57,3.41,0.07,22.4,34.82
2016-02-17,Kovilpatti,9.1728,77.871,Dryland,27.68,32.02,23.64,71.86,3.49,0.25,18.86,34.91
2016-02-18,Kovilpatti,9.1728,77.871,Dryland,27.9,32.65,24.54,73.43,4.02,0.39,17.22,35.0
2016-02-19,Kovilpatti,9.1728,77.871,Dryland,28.33,33.71,24.19,70.35,3.38,0.03,19.12,35.08
2016-02-20,Kovilpatti,9.1728,77.871,Dryland,28.8,34.79,24.16,71.08,2.83,0.72,22.12,35.18
2016-02-21,Kovilpatti,9.1728,77.871,Dryland,28.96,35.66,24.6,69.86,2.35,1.07,23.6,35.27
2016-02-22,Kovilpatti,9.1728,77.871,Dryland,29.04,35.82,23.98,65.46,2.38,0.03,23.59,35.36
2016-02-23,Kovilpatti,9.1728,77.871,Dryland,28.21,35.25,23.37,61.64,2.28,0.0,25.91,35.45
2016-02-24,Kovilpatti,9.1728,77.871,Dryland,28.52,35.92,22.52,60.9,1.74,0.0,25.38,35.53
2016-02-25,Kovilpatti,9.1728,77.871,Dryland,29.13,36.25,23.23,66.89,2.15,0.01,24.48,35.62
2016-02-26,Kovilpatti,9.1728,77.871,Dryland,29.14,34.71,25.3,68.41,3.32,0.04,21.45,35.7
2016-02-27,Kovilpatti,9.1728,77.871,Dryland,29.15,34.49,24.41,66.32,3.95,0.03,19.04,35.78
2016-02-28,Kovilpatti,9.1728,77.871,Dryland,29.52,34.26,25.78,68.24,3.55,0.66,20.61,35.86
2016-02-29,Kovilpatti,9.1728,77.871,Dryland,28.78,32.45,25.32,68.94,3.63,0.04,20.45,35.94
2016-03-01,Kovilpatti,9.1728,77.871,Dryland,29.39,35.38,24.75,66.23,3.56,0.04,20.39,36.02
2016-03-02,Kovilpatti,9.1728,77.871,Dryland,29.38,35.22,24.75,65.21,3.45,0.0,21.49,36.1
2016-03-03,Kovilpatti,9.1728,77.871,Dryland,29.11,35.29,24.88,64.09,3.19,0.0,24.25,36.18
2016-03-04,Kovilpatti,9.1728,77.871,Dryland,29.15,35.15,23.51,64.73,3.31,0.0,19.51,36.25
2016-03-05,Kovilpatti,9.1728,77.871,Dryland,29.56,36.17,24.18,63.23,2.95,0.0,24.27,36.32
2016-03-06,Kovilpatti,9.1728,77.871,Dryland,29.42,35.6,25.23,62.1,2.77,0.0,25.34,36.39
2016-03-07,Kovilpatti,9.1728,77.871,Dryland,29.56,36.32,25.02,61.8,2.56,0.0,23.85,36.46
2016-03-08,Kovilpatti,9.1728,77.871,Dryland,29.49,35.6,24.79,62.73,2.52,0.01,24.24,36.53
2016-03-09,Kovilpatti,9.1728,77.871,Dryland,29.73,35.67,25.85,65.58,2.27,0.01,22.34,36.6
2016-03-10,Kovilpatti,9.1728,77.871,Dryland,29.91,35.02,26.55,68.21,1.86,0.02,22.13,36.67
2016-03-11,Kovilpatti,9.1728,77.871,Dryland,30.39,35.76,26.1,65.72,1.91,0.52,22.54,36.73
2016-03-12,Kovilpatti,9.1728,77.871,Dryland,30.39,36.93,26.19,64.42,2.07,0.21,22.8,36.79
2016-03-13,Kovilpatti,9.1728,77.871,Dryland,30.55,37.48,25.63,64.33,1.76,0.65,24.05,36.85
2016-03-14,Kovilpatti,9.1728,77.871,Dryland,30.7,37.65,26.05,64.71,2.21,0.01,24.31,36.91
2016-03-15,Kovilpatti,9.1728,77.871,Dryland,31.25,38.48,25.77,59.43,1.8,0.09,22.08,36.96
2016-03-16,Kovilpatti,9.1728,77.871,Dryland,30.85,37.6,26.23,62.58,2.24,0.13,23.47,37.02
2016-03-17,Kovilpatti,9.1728,77.871,Dryland,30.97,37.75,26.23,61.23,2.06,0.01,24.23,37.07
2016-03-18,Kovilpatti,9.1728,77.871,Dryland,30.65,37.15,26.01,58.36,2.09,0.0,24.09,37.12
2016-03-19,Kovilpatti,9.1728,77.871,Dryland,30.83,38.32,25.82,56.06,2.07,0.0,25.77,37.17
2016-03-20,Kovilpatti,9.1728,77.871,Dryland,30.67,37.98,25.54,60.27,2.22,0.0,25.36,37.22
2016-03-21,Kovilpatti,9.1728,77.871,Dryland,30.58,37.81,25.13,60.64,2.3,0.0,24.78,37.26
2016-03-22,Kovilpatti,9.1728,77.871,Dryland,31.61,38.11,26.25,60.61,2.67,0.5,22.97,37.3
2016-03-23,Kovilpatti,9.1728,77.871,Dryland,31.74,38.87,26.64,62.19,3.1,0.12,24.0,37.35
2016-03-24,Kovilpatti,9.1728,77.871,Dryland,31.15,37.58,27.09,60.0,2.14,0.08,24.1,37.39
2016-03-25,Kovilpatti,9.1728,77.871,Dryland,30.34,36.66,25.49,57.9,2.65,0.04,24.87,37.42
2016-03-26,Kovilpatti,9.1728,77.871,Dryland,30.48,37.02,25.99,56.17,2.73,0.0,26.33,37.46
2016-03-27,Kovilpatti,9.1728,77.871,Dryland,31.15,37.43,26.83,56.29,2.47,0.34,25.69,37.49
2016-03-28,Kovilpatti,9.1728,77.871,Dryland,30.14,34.87,27.19,70.05,2.42,22.41,23.74,37.52
2016-03-29,Kovilpatti,9.1728,77.871,Dryland,29.66,34.08,26.63,75.1,2.39,6.63,20.58,37.55
2016-03-30,Kovilpatti,9.1728,77.871,Dryland,29.78,34.81,26.63,72.38,2.04,8.98,25.31,37.58
2016-03-31,Kovilpatti,9.1728,77.871,Dryland,30.02,35.59,26.15,68.67,1.84,0.31,24.42,37.61
2016-04-01,Kovilpatti,9.1728,77.871,Dryland,30.08,36.37,25.78,67.22,1.68,0.27,25.24,37.63
2016-04-02,Kovilpatti,9.1728,77.871,Dryland,30.23,36.33,25.91,67.38,1.83,0.0,25.4,37.65
2016-04-03,Kovilpatti,9.1728,77.871,Dryland,30.84,37.92,25.59,64.37,2.03,0.04,24.09,37.67
2016-04-04,Kovilpatti,9.1728,77.871,Dryland,30.88,37.14,26.8,64.91,1.96,0.06,24.68,37.69
2016-04-05,Kovilpatti,9.1728,77.871,Dryland,31.2,37.66,25.9,64.02,2.4,0.01,23.67,37.71
2016-04-06,Kovilpatti,9.1728,77.871,Dryland,31.48,36.95,26.84,64.19,2.33,0.1,22.25,37.73
2016-04-07,Kovilpatti,9.1728,77.871,Dryland,31.06,36.06,27.22,65.33,2.21,0.13,23.07,37.74
2016-04-08,Kovilpatti,9.1728,77.871,Dryland,30.84,36.09,27.38,68.21,1.98,0.23,22.54,37.75
2016-04-09,Kovilpatti,9.1728,77.871,Dryland,30.67,35.43,27.4,69.97,1.87,7.69,15.37,37.76
2016-04-10,Kovilpatti,9.1728,77.871,Dryland,30.66,36.71,25.87,68.34,1.88,2.5,21.03,37.76
2016-04-11,Kovilpatti,9.1728,77.871,Dryland,31.44,37.82,26.44,64.81,2.05,0.04,22.09,37.76
2016-04-12,Kovilpatti,9.1728,77.871,Dryland,31.63,37.25,26.99,63.88,2.62,0.01,23.66,37.76
2016-04-13,Kovilpatti,9.1728,77.871,Dryland,32.59,39.07,26.64,59.9,3.01,0.0,25.26,37.76
2016-04-14,Kovilpatti,9.1728,77.871,Dryland,32.5,38.26,28.61,63.5,3.0,0.86,21.98,37.77
2016-04-15,Kovilpatti,9.1728,77.871,Dryland,32.2,38.0,28.01,64.28,2.92,0.26,21.07,37.77
2016-04-16,Kovilpatti,9.1728,77.871,Dryland,32.37,37.83,28.1,62.44,2.59,0.12,21.64,37.78
2016-04-17,Kovilpatti,9.1728,77.871,Dryland,32.67,38.12,28.44,60.97,2.31,0.14,22.95,37.78
2016-04-18,Kovilpatti,9.1728,77.871,Dryland,31.84,35.92,28.46,64.53,2.25,0.13,23.27,37.79
2016-04-19,Kovilpatti,9.1728,77.871,Dryland,30.6,33.96,28.33,70.44,2.19,0.9,23.17,37.78
2016-04-20,Kovilpatti,9.1728,77.871,Dryland,31.43,37.0,27.31,65.3,2.29,0.55,21.67,37.77
2016-04-21,Kovilpatti,9.1728,77.871,Dryland,32.67,38.81,27.67,59.79,2.58,0.69,21.29,37.76
2016-04-22,Kovilpatti,9.1728,77.871,Dryland,33.39,39.93,27.85,59.14,3.02,0.3,24.09,37.75
2016-04-23,Kovilpatti,9.1728,77.871,Dryland,33.59,40.48,28.08,54.0,3.97,0.05,23.58,37.74
2016-04-24,Kovilpatti,9.1728,77.871,Dryland,33.78,40.95,28.02,55.11,3.65,0.01,23.02,37.73
2016-04-25,Kovilpatti,9.1728,77.871,Dryland,33.25,39.43,28.6,57.91,3.24,0.11,22.38,37.72
2016-04-26,Kovilpatti,9.1728,77.871,Dryland,32.23,37.92,28.2,60.0,2.82,0.1,24.52,37.71
2016-04-27,Kovilpatti,9.1728,77.871,Dryland,31.35,34.83,28.64,62.46,1.75,0.1,23.16,37.69
2016-04-28,Kovilpatti,9.1728,77.871,Dryland,32.0,37.63,27.64,62.36,2.58,0.59,24.89,37.67
2016-04-29,Kovilpatti,9.1728,77.871,Dryland,31.81,37.34,27.83,61.89,2.4,0.2,24.24,37.66
2016-04-30,Kovilpatti,9.1728,77.871,Dryland,32.09,38.79,27.36,60.03,2.79,0.16,24.44,37.64
2016-05-01,Kovilpatti,9.1728,77.871,Dryland,32.13,38.28,27.72,60.09,2.9,0.09,25.94,37.62
2016-05-02,Kovilpatti,9.1728,77.871,Dryland,33.35,39.98,28.03,56.65,3.29,0.03,24.4,37.6
2016-05-03,Kovilpatti,9.1728,77.871,Dryland,32.95,37.87,28.85,59.0,2.49,0.01,25.11,37.58
2016-05-04,Kovilpatti,9.1728,77.871,Dryland,33.24,39.41,28.01,56.5,2.71,0.25,23.7,37.56
2016-05-05,Kovilpatti,9.1728,77.871,Dryland,32.67,38.11,28.17,56.83,2.49,0.39,22.6,37.54
2016-05-06,Kovilpatti,9.1728,77.871,Dryland,32.64,37.18,28.36,57.53,2.12,0.76,21.22,37.52
2016-05-07,Kovilpatti,9.1728,77.871,Dryland,32.37,37.44,28.65,59.0,2.71,0.87,20.89,37.49
2016-05-08,Kovilpatti,9.1728,77.871,Dryland,32.97,39.91,27.53,55.52,2.63,0.47,22.38,37.47
2016-05-09,Kovilpatti,9.1728,77.871,Dryland,31.6,35.42,29.27,61.66,2.28,0.43,20.51,37.44
2016-05-10,Kovilpatti,9.1728,77.871,Dryland,31.4,36.61,27.88,61.14,2.22,1.63,14.96,37.42
2016-05-11,Kovilpatti,9.1728,77.871,Dryland,29.1,31.3,26.83,69.02,1.01,15.68,16.04,37.39
2016-05-12,Kovilpatti,9.1728,77.871,Dryland,29.98,34.81,26.17,67.87,2.18,1.37,19.31,37.37
2016-05-13,Kovilpatti,9.1728,77.871,Dryland,30.38,35.08,26.28,68.41,2.04,0.82,21.76,37.35
2016-05-14,Kovilpatti,9.1728,77.871,Dryland,29.65,32.74,27.39,75.68,1.65,5.24,17.93,37.33
2016-05-15,Kovilpatti,9.1728,77.871,Dryland,28.81,32.24,26.44,76.07,1.94,14.92,8.12,37.3
2016-05-16,Kovilpatti,9.1728,77.871,Dryland,28.54,33.36,25.45,72.91,3.9,15.07,6.48,37.27
2016-05-17,Kovilpatti,9.1728,77.871,Dryland,28.51,32.36,26.18,77.23,4.1,11.32,6.4,37.24
2016-05-18,Kovilpatti,9.1728,77.871,Dryland,29.54,34.42,26.21,74.63,5.16,1.48,17.51,37.21
2016-05-19,Kovilpatti,9.1728,77.871,Dryland,29.25,32.61,27.0,77.8,5.0,2.81,19.98,37.18
2016-05-20,Kovilpatti,9.1728,77.871,Dryland,29.29,32.44,27.39,76.29,5.11,1.45,14.02,37.16
2016-05-21,Kovilpatti,9.1728,77.871,Dryland,30.61,36.1,26.7,69.07,4.79,0.18,22.6,37.13
2016-05-22,Kovilpatti,9.1728,77.871,Dryland,30.6,36.2,26.97,72.12,4.55,0.13,23.59,37.11
2016-05-23,Kovilpatti,9.1728,77.871,Dryland,30.68,36.34,26.69,72.25,5.05,0.11,22.85,37.09
2016-05-24,Kovilpatti,9.1728,77.871,Dryland,30.05,33.98,27.45,74.69,5.33,0.29,22.18,37.07
2016-05-25,Kovilpatti,9.1728,77.871,Dryland,30.39,35.17,26.9,70.5,5.14,0.62,21.13,37.05
2016-05-26,Kovilpatti,9.1728,77.871,Dryland,30.06,34.73,27.02,71.75,4.57,0.15,22.75,37.02
2016-05-27,Kovilpatti,9.1728,77.871,Dryland,30.01,34.57,27.01,73.39,4.4,0.84,16.77,37.0
2016-05-28,Kovilpatti,9.1728,77.871,Dryland,28.97,33.47,26.16,71.36,5.14,2.56,19.84,36.98
2016-05-29,Kovilpatti,9.1728,77.871,Dryland,29.13,34.26,25.2,69.5,4.46,0.16,21.28,36.95
2016-05-30,Kovilpatti,9.1728,77.871,Dryland,29.29,34.21,25.69,70.69,4.67,2.0,20.09,36.93
2016-05-31,Kovilpatti,9.1728,77.871,Dryland,29.64,35.61,25.72,70.02,4.78,1.1,18.2,36.91
2016-06-01,Kovilpatti,9.1728,77.871,Dryland,29.53,34.7,26.62,69.77,5.05,0.31,21.08,36.89
2016-06-02,Kovilpatti,9.1728,77.871,Dryland,28.56,32.43,26.19,74.49,4.99,1.0,18.83,36.87
2016-06-03,Kovilpatti,9.1728,77.871,Dryland,28.92,33.12,26.09,73.16,4.81,0.29,17.29,36.85
2016-06-04,Kovilpatti,9.1728,77.871,Dryland,29.92,35.35,26.18,68.51,5.16,0.31,19.91,36.83
2016-06-05,Kovilpatti,9.1728,77.871,Dryland,30.11,35.32,26.15,70.3,4.89,1.03,19.46,36.81
2016-06-06,Kovilpatti,9.1728,77.871,Dryland,29.16,32.71,26.57,74.86,4.36,1.01,19.47,36.79
2016-06-07,Kovilpatti,9.1728,77.871,Dryland,29.03,31.86,27.11,80.71,4.49,5.91,16.15,36.77
2016-06-08,Kovilpatti,9.1728,77.871,Dryland,28.5,31.54,26.65,80.77,4.74,6.38,10.07,36.76
2016-06-09,Kovilpatti,9.1728,77.871,Dryland,28.13,30.82,26.41,82.69,4.52,2.15,14.12,36.74
2016-06-10,Kovilpatti,9.1728,77.871,Dryland,28.27,32.41,26.05,77.45,5.07,2.53,14.36,36.73
2016-06-11,Kovilpatti,9.1728,77.871,Dryland,28.6,32.78,25.51,77.67,4.86,3.26,16.55,36.71
2016-06-12,Kovilpatti,9.1728,77.871,Dryland,28.84,34.1,25.45,74.17,4.84,2.12,18.37,36.7
2016-06-13,Kovilpatti,9.1728,77.871,Dryland,29.01,34.16,25.18,72.45,4.92,0.31,21.16,36.68
2016-06-14,Kovilpatti,9.1728,77.871,Dryland,29.5,34.7,25.59,72.99,4.54,0.12,21.58,36.67
2016-06-15,Kovilpatti,9.1728,77.871,Dryland,28.82,34.45,25.21,71.63,5.55,0.08,23.39,36.66
2016-06-16,Kovilpatti,9.1728,77.871,Dryland,28.61,33.8,24.79,72.79,5.71,0.27,17.12,36.65
2016-06-17,Kovilpatti,9.1728,77.871,Dryland,28.05,31.63,25.65,76.02,4.85,0.84,17.8,36.65
2016-06-18,Kovilpatti,9.1728,77.871,Dryland,27.42,30.18,25.29,73.09,4.4,1.77,10.45,36.64
2016-06-19,Kovilpatti,9.1728,77.871,Dryland,28.75,34.73,24.41,69.6,4.79,0.38,16.31,36.63
2016-06-20,Kovilpatti,9.1728,77.871,Dryland,28.32,33.11,25.43,70.42,5.1,0.24,14.21,36.63
2016-06-21,Kovilpatti,9.1728,77.871,Dryland,28.0,31.97,25.45,71.61,5.11,0.15,13.0,36.63
2016-06-22,Kovilpatti,9.1728,77.871,Dryland,27.56,32.42,24.38,70.98,4.73,0.2,13.38,36.62
2016-06-23,Kovilpatti,9.1728,77.871,Dryland,27.33,31.6,24.24,70.32,4.96,0.34,13.46,36.62
2016-06-24,Kovilpatti,9.1728,77.871,Dryland,28.13,33.27,24.45,68.57,4.09,0.02,11.67,36.61
2016-06-25,Kovilpatti,9.1728,77.871,Dryland,29.25,35.73,24.33,64.98,4.47,0.01,14.1,36.61
2016-06-26,Kovilpatti,9.1728,77.871,Dryland,29.35,35.53,25.15,68.03,4.57,0.08,11.81,36.61
2016-06-27,Kovilpatti,9.1728,77.871,Dryland,29.52,35.74,25.35,69.24,5.16,0.9,15.4,36.61
2016-06-28,Kovilpatti,9.1728,77.871,Dryland,28.19,31.99,25.23,73.34,5.6,0.57,10.67,36.61
2016-06-29,Kovilpatti,9.1728,77.871,Dryland,28.53,33.55,25.67,73.42,5.1,1.73,11.69,36.62
2016-06-30,Kovilpatti,9.1728,77.871,Dryland,29.38,34.37,25.7,67.4,5.8,0.24,15.16,36.62
2016-07-01,Kovilpatti,9.1728,77.871,Dryland,29.32,33.58,26.31,68.63,5.44,0.21,22.34,36.63
2016-07-02,Kovilpatti,9.1728,77.871,Dryland,29.51,34.6,25.77,67.87,5.0,0.04,21.63,36.63
2016-07-03,Kovilpatti,9.1728,77.871,Dryland,30.64,37.35,26.15,58.24,4.85,0.24,22.71,36.64
2016-07-04,Kovilpatti,9.1728,77.871,Dryland,29.89,35.73,25.55,63.0,4.8,0.58,16.78,36.64
2016-07-05,Kovilpatti,9.1728,77.871,Dryland,30.17,36.51,25.45,66.18,4.89,0.21,18.85,36.65
2016-07-06,Kovilpatti,9.1728,77.871,Dryland,29.19,33.3,26.56,70.94,5.23,0.8,15.31,36.66
2016-07-07,Kovilpatti,9.1728,77.871,Dryland,29.22,34.31,25.9,68.54,4.61,0.31,17.81,36.67
2016-07-08,Kovilpatti,9.1728,77.871,Dryland,29.11,34.95,25.02,66.06,5.65,0.69,13.51,36.68
2016-07-09,Kovilpatti,9.1728,77.871,Dryland,29.1,34.59,24.93,68.88,5.72,1.79,12.71,36.7
2016-07-10,Kovilpatti,9.1728,77.871,Dryland,28.9,32.83,26.47,69.55,6.42,0.45,14.8,36.71
2016-07-11,Kovilpatti,9.1728,77.871,Dryland,28.99,33.15,26.24,71.21,5.79,0.74,14.69,36.72
2016-07-12,Kovilpatti,9.1728,77.871,Dryland,28.56,32.49,25.69,69.76,5.52,0.67,15.15,36.73
2016-07-13,Kovilpatti,9.1728,77.871,Dryland,28.85,34.53,24.94,69.25,4.67,0.33,19.85,36.75
2016-07-14,Kovilpatti,9.1728,77.871,Dryland,29.39,35.23,25.11,67.63,4.27,0.84,16.42,36.76
2016-07-15,Kovilpatti,9.1728,77.871,Dryland,29.0,33.28,25.5,69.7,3.65,0.47,17.71,36.76
2016-07-16,Kovilpatti,9.1728,77.871,Dryland,28.96,34.23,25.47,69.5,3.76,5.71,18.32,36.77
2016-07-17,Kovilpatti,9.1728,77.871,Dryland,27.82,31.86,24.49,72.43,3.07,0.64,16.48,36.79
2016-07-18,Kovilpatti,9.1728,77.871,Dryland,27.67,31.85,24.53,71.63,3.88,0.73,18.67,36.8
2016-07-19,Kovilpatti,9.1728,77.871,Dryland,29.33,35.87,23.8,63.06,3.65,0.09,19.76,36.82
2016-07-20,Kovilpatti,9.1728,77.871,Dryland,29.18,35.12,24.9,65.28,3.91,0.24,15.49,36.83
2016-07-21,Kovilpatti,9.1728,77.871,Dryland,28.67,33.84,24.85,67.8,4.88,0.09,13.38,36.85
2016-07-22,Kovilpatti,9.1728,77.871,Dryland,28.38,33.23,25.17,67.54,5.39,0.12,16.82,36.88
2016-07-23,Kovilpatti,9.1728,77.871,Dryland,28.37,33.75,25.44,66.88,5.24,0.54,13.11,36.9
2016-07-24,Kovilpatti,9.1728,77.871,Dryland,27.97,32.14,25.3,73.07,4.58,2.81,17.73,36.91
2016-07-25,Kovilpatti,9.1728,77.871,Dryland,27.98,32.44,24.81,74.69,2.81,10.67,18.63,36.93
2016-07-26,Kovilpatti,9.1728,77.871,Dryland,27.43,31.01,25.11,77.07,1.85,11.37,18.01,36.95
2016-07-27,Kovilpatti,9.1728,77.871,Dryland,27.39,30.68,25.15,78.12,2.71,2.97,16.82,36.96
2016-07-28,Kovilpatti,9.1728,77.871,Dryland,28.15,32.39,24.24,75.03,2.12,2.12,20.97,36.98
2016-07-29,Kovilpatti,9.1728,77.871,Dryland,28.47,33.3,24.68,71.53,3.93,0.36,16.21,37.0
2016-07-30,Kovilpatti,9.1728,77.871,Dryland,28.22,33.2,24.75,71.67,4.38,0.29,20.3,37.01
2016-07-31,Kovilpatti,9.1728,77.871,Dryland,29.2,35.5,24.61,68.47,4.96,0.08,20.06,37.03
2016-08-01,Kovilpatti,9.1728,77.871,Dryland,28.88,34.85,24.89,69.36,5.26,0.08,19.95,37.05
2016-08-02,Kovilpatti,9.1728,77.871,Dryland,28.67,34.52,24.26,67.95,5.32,0.01,22.1,37.06
2016-08-03,Kovilpatti,9.1728,77.871,Dryland,28.41,34.0,24.95,71.65,5.33,0.37,19.65,37.08
2016-08-04,Kovilpatti,9.1728,77.871,Dryland,28.83,34.97,24.61,71.02,4.97,0.31,17.69,37.1
2016-08-05,Kovilpatti,9.1728,77.871,Dryland,28.53,33.56,25.09,69.5,4.76,0.08,14.93,37.11
2016-08-06,Kovilpatti,9.1728,77.871,Dryland,29.35,35.98,24.88,66.72,4.53,0.1,24.13,37.13
2016-08-07,Kovilpatti,9.1728,77.871,Dryland,29.2,35.22,24.88,67.66,4.55,0.07,20.47,37.14
2016-08-08,Kovilpatti,9.1728,77.871,Dryland,29.8,36.01,24.66,65.08,3.27,0.26,22.09,37.16
2016-08-09,Kovilpatti,9.1728,77.871,Dryland,30.1,36.66,25.23,64.03,4.27,0.27,21.31,37.17
2016-08-10,Kovilpatti,9.1728,77.871,Dryland,30.15,36.36,25.44,63.84,4.43,0.17,22.04,37.19
2016-08-11,Kovilpatti,9.1728,77.871,Dryland,29.64,35.35,25.64,66.39,4.26,0.22,23.46,37.2
2016-08-12,Kovilpatti,9.1728,77.871,Dryland,30.09,36.18,25.3,64.39,4.32,0.15,20.81,37.21
2016-08-13,Kovilpatti,9.1728,77.871,Dryland,30.19,36.4,25.7,64.75,5.02,0.28,20.4,37.22
2016-08-14,Kovilpatti,9.1728,77.871,Dryland,29.52,35.06,25.62,66.12,5.51,0.3,19.11,37.23
2016-08-15,Kovilpatti,9.1728,77.871,Dryland,29.94,36.18,25.44,63.54,5.56,0.24,17.8,37.24
2016-08-16,Kovilpatti,9.1728,77.871,Dryland,29.71,36.37,25.4,64.22,5.75,0.08,20.53,37.25
2016-08-17,Kovilpatti,9.1728,77.871,Dryland,29.44,35.32,25.4,64.33,5.61,0.12,20.89,37.26
2016-08-18,Kovilpatti,9.1728,77.871,Dryland,30.24,37.26,25.19,62.75,5.39,0.15,18.48,37.27
2016-08-19,Kovilpatti,9.1728,77.871,Dryland,30.33,37.14,24.93,59.9,4.52,0.26,21.79,37.27
2016-08-20,Kovilpatti,9.1728,77.871,Dryland,30.27,36.79,25.26,63.74,4.13,0.18,20.23,37.27
2016-08-21,Kovilpatti,9.1728,77.871,Dryland,30.99,37.89,25.86,60.66,4.34,0.89,21.04,37.28
2016-08-22,Kovilpatti,9.1728,77.871,Dryland,30.04,35.18,26.37,64.81,4.26,0.39,21.17,37.28
2016-08-23,Kovilpatti,9.1728,77.871,Dryland,28.96,33.53,25.88,67.67,4.87,1.16,20.43,37.28
2016-08-24,Kovilpatti,9.1728,77.871,Dryland,29.04,34.03,25.38,68.93,4.26,0.6,21.56,37.28
2016-08-25,Kovilpatti,9.1728,77.871,Dryland,28.53,32.4,25.96,71.23,4.5,1.62,19.7,37.28
2016-08-26,Kovilpatti,9.1728,77.871,Dryland,28.42,33.57,25.5,71.54,4.75,4.29,17.13,37.28
2016-08-27,Kovilpatti,9.1728,77.871,Dryland,28.01,32.71,25.07,72.09,4.86,2.05,15.52,37.27
2016-08-28,Kovilpatti,9.1728,77.871,Dryland,29.32,35.61,25.1,65.84,4.41,0.66,19.21,37.27
2016-08-29,Kovilpatti,9.1728,77.871,Dryland,29.59,36.18,24.87,62.96,4.82,0.16,20.27,37.26
2016-08-30,Kovilpatti,9.1728,77.871,Dryland,28.9,34.63,25.45,65.49,4.15,2.85,14.4,37.26
2016-08-31,Kovilpatti,9.1728,77.871,Dryland,28.18,34.91,23.95,64.97,4.52,1.18,15.14,37.25
2016-09-01,Kovilpatti,9.1728,77.871,Dryland,28.57,34.77,24.2,60.83,4.45,2.12,16.39,37.24
2016-09-02,Kovilpatti,9.1728,77.871,Dryland,28.02,32.69,24.72,68.28,4.6,0.26,14.78,37.22
2016-09-03,Kovilpatti,9.1728,77.871,Dryland,28.75,34.78,24.1,65.61,4.3,0.12,18.53,37.2
2016-09-04,Kovilpatti,9.1728,77.871,Dryland,29.52,35.48,24.95,64.54,4.04,0.11,15.76,37.19
2016-09-05,Kovilpatti,9.1728,77.871,Dryland,30.0,36.84,24.9,62.26,3.96,0.04,23.07,37.17
2016-09-06,Kovilpatti,9.1728,77.871,Dryland,29.43,36.0,24.7,63.64,4.78,0.0,21.33,37.16
2016-09-07,Kovilpatti,9.1728,77.871,Dryland,29.96,37.83,23.66,57.79,4.43,0.0,24.29,37.14
2016-09-08,Kovilpatti,9.1728,77.871,Dryland,29.52,37.28,23.65,60.53,5.13,0.0,24.96,37.12
2016-09-09,Kovilpatti,9.1728,77.871,Dryland,30.38,36.92,24.9,60.35,3.38,0.01,20.71,37.1
2016-09-10,Kovilpatti,9.1728,77.871,Dryland,30.71,37.31,25.97,59.55,4.08,0.39,19.81,37.08
2016-09-11,Kovilpatti,9.1728,77.871,Dryland,30.15,35.74,25.64,58.58,3.66,0.02,20.1,37.06
2016-09-12,Kovilpatti,9.1728,77.871,Dryland,29.87,35.69,25.38,61.19,4.39,0.01,22.18,37.03
2016-09-13,Kovilpatti,9.1728,77.871,Dryland,30.07,36.72,25.35,62.56,4.08,0.21,19.13,37.0
2016-09-14,Kovilpatti,9.1728,77.871,Dryland,29.83,35.19,25.88,63.87,4.08,0.14,18.75,36.97
2016-09-15,Kovilpatti,9.1728,77.871,Dryland,30.1,37.11,25.79,63.31,4.67,0.01,19.8,36.94
2016-09-16,Kovilpatti,9.1728,77.871,Dryland,30.12,36.74,25.84,64.27,5.17,0.12,22.0,36.91
2016-09-17,Kovilpatti,9.1728,77.871,Dryland,30.44,37.37,25.3,62.37,5.01,0.04,21.54,36.87
2016-09-18,Kovilpatti,9.1728,77.871,Dryland,29.2,34.47,25.55,66.03,4.73,0.16,21.53,36.83
2016-09-19,Kovilpatti,9.1728,77.871,Dryland,30.44,37.67,25.21,59.6,3.57,0.07,22.65,36.79
2016-09-20,Kovilpatti,9.1728,77.871,Dryland,29.48,34.84,25.8,63.02,4.33,0.43,21.64,36.75
2016-09-21,Kovilpatti,9.1728,77.871,Dryland,29.77,36.8,25.3,64.63,4.48,0.24,18.49,36.71
2016-09-22,Kovilpatti,9.1728,77.871,Dryland,30.08,36.57,24.9,61.58,4.52,0.02,22.22,36.67
2016-09-23,Kovilpatti,9.1728,77.871,Dryland,29.24,35.31,24.59,63.65,4.73,0.01,21.28,36.62
2016-09-24,Kovilpatti,9.1728,77.871,Dryland,30.17,37.68,25.25,60.38,5.07,0.02,21.78,36.58
2016-09-25,Kovilpatti,9.1728,77.871,Dryland,30.5,38.06,24.95,60.07,4.99,0.01,19.85,36.53
2016-09-26,Kovilpatti,9.1728,77.871,Dryland,31.36,39.04,25.54,56.95,4.11,0.12,19.37,36.47
2016-09-27,Kovilpatti,9.1728,77.871,Dryland,31.24,38.71,25.32,56.36,3.43,0.52,19.98,36.42
2016-09-28,Kovilpatti,9.1728,77.871,Dryland,30.17,35.76,26.04,62.13,3.77,2.88,18.52,36.37
2016-09-29,Kovilpatti,9.1728,77.871,Dryland,29.89,36.07,25.39,65.72,4.11,1.01,14.81,36.32
2016-09-30,Kovilpatti,9.1728,77.871,Dryland,29.43,35.27,25.64,64.36,4.59,0.2,17.02,36.26
2016-10-01,Kovilpatti,9.1728,77.871,Dryland,30.06,37.05,24.88,61.27,4.2,0.0,22.68,36.2
2016-10-02,Kovilpatti,9.1728,77.871,Dryland,30.1,37.37,24.38,58.6,3.82,0.0,23.58,36.14
2016-10-03,Kovilpatti,9.1728,77.871,Dryland,30.52,37.46,25.17,59.07,3.75,0.0,22.97,36.08
2016-10-04,Kovilpatti,9.1728,77.871,Dryland,30.01,35.16,25.31,60.23,3.48,0.03,23.16,36.02
2016-10-05,Kovilpatti,9.1728,77.871,Dryland,31.13,37.85,26.0,56.75,2.93,1.74,22.99,35.95
2016-10-06,Kovilpatti,9.1728,77.871,Dryland,30.71,37.48,24.95,57.73,2.86,0.47,24.22,35.88
2016-10-07,Kovilpatti,9.1728,77.871,Dryland,30.94,37.84,25.55,52.62,3.39,0.01,24.57,35.82
2016-10-08,Kovilpatti,9.1728,77.871,Dryland,29.81,35.43,25.18,58.74,4.45,0.0,23.76,35.75
2016-10-09,Kovilpatti,9.1728,77.871,Dryland,30.65,38.07,24.79,58.45,4.13,0.0,22.81,35.68
2016-10-10,Kovilpatti,9.1728,77.871,Dryland,30.81,38.6,24.72,56.85,4.27,0.0,23.72,35.61
2016-10-11,Kovilpatti,9.1728,77.871,Dryland,30.8,38.38,24.7,56.39,4.21,0.0,24.77,35.54
2016-10-12,Kovilpatti,9.1728,77.871,Dryland,31.02,37.89,24.79,55.6,2.75,0.01,21.9,35.47
2016-10-13,Kovilpatti,9.1728,77.871,Dryland,31.16,37.2,26.78,59.66,2.1,8.83,16.22,35.4
2016-10-14,Kovilpatti,9.1728,77.871,Dryland,29.29,33.86,25.98,69.59,1.64,2.45,16.93,35.32
2016-10-15,Kovilpatti,9.1728,77.871,Dryland,29.05,33.55,25.15,66.01,1.85,1.25,12.36,35.24
2016-10-16,Kovilpatti,9.1728,77.871,Dryland,28.48,32.77,25.83,71.95,1.73,2.75,19.38,35.16
2016-10-17,Kovilpatti,9.1728,77.871,Dryland,28.65,33.6,25.11,71.4,1.62,0.62,15.06,35.09
2016-10-18,Kovilpatti,9.1728,77.871,Dryland,28.49,32.79,25.86,71.63,1.86,1.46,17.99,35.01
2016-10-19,Kovilpatti,9.1728,77.871,Dryland,29.19,34.47,25.72,69.57,2.28,0.56,17.58,34.93
2016-10-20,Kovilpatti,9.1728,77.871,Dryland,27.92,32.05,25.59,75.9,2.79,8.04,12.72,34.85
2016-10-21,Kovilpatti,9.1728,77.871,Dryland,28.0,32.0,25.02,74.16,2.48,6.88,11.3,34.76
2016-10-22,Kovilpatti,9.1728,77.871,Dryland,28.12,32.71,24.12,71.31,2.65,0.36,16.58,34.68
2016-10-23,Kovilpatti,9.1728,77.871,Dryland,28.68,34.78,24.38,66.72,3.03,1.41,20.13,34.6
2016-10-24,Kovilpatti,9.1728,77.871,Dryland,29.09,35.79,23.6,63.51,2.63,0.09,20.89,34.51
2016-10-25,Kovilpatti,9.1728,77.871,Dryland,29.06,34.27,24.69,64.52,2.05,0.47,17.19,34.43
2016-10-26,Kovilpatti,9.1728,77.871,Dryland,28.12,33.03,24.73,69.16,2.04,0.28,17.84,34.34
2016-10-27,Kovilpatti,9.1728,77.871,Dryland,28.56,32.96,24.25,66.58,1.74,0.03,16.61,34.26
2016-10-28,Kovilpatti,9.1728,77.871,Dryland,29.64,35.99,24.22,58.0,2.87,0.03,19.57,34.17
2016-10-29,Kovilpatti,9.1728,77.871,Dryland,30.03,36.98,24.9,61.72,3.46,1.74,19.15,34.09
2016-10-30,Kovilpatti,9.1728,77.871,Dryland,28.59,33.02,25.25,75.33,1.95,13.34,14.18,34.0
2016-10-31,Kovilpatti,9.1728,77.871,Dryland,27.6,30.13,25.26,80.57,1.54,18.73,14.45,33.92
2016-11-01,Kovilpatti,9.1728,77.871,Dryland,26.95,29.55,25.5,81.39,1.68,15.9,17.79,33.83
2016-11-02,Kovilpatti,9.1728,77.871,Dryland,27.24,31.35,24.38,78.52,1.96,11.5,15.06,33.75
2016-11-03,Kovilpatti,9.1728,77.871,Dryland,26.34,29.24,24.08,82.09,1.68,6.83,12.29,33.66
2016-11-04,Kovilpatti,9.1728,77.871,Dryland,27.1,31.07,24.49,82.61,2.63,5.83,12.49,33.57
2016-11-05,Kovilpatti,9.1728,77.871,Dryland,27.67,31.81,24.33,79.55,2.47,1.06,18.14,33.49
2016-11-06,Kovilpatti,9.1728,77.871,Dryland,28.23,33.16,24.46,72.82,2.24,0.61,21.22,33.4
2016-11-07,Kovilpatti,9.1728,77.871,Dryland,27.39,32.87,21.96,71.74,2.52,0.17,22.29,33.32
2016-11-08,Kovilpatti,9.1728,77.871,Dryland,27.62,32.2,24.08,73.71,2.07,4.14,17.83,33.23
2016-11-09,Kovilpatti,9.1728,77.871,Dryland,26.7,30.43,24.31,77.66,2.51,12.13,13.66,33.15
2016-11-10,Kovilpatti,9.1728,77.871,Dryland,26.66,32.14,22.06,69.93,2.11,0.18,17.44,33.07
2016-11-11,Kovilpatti,9.1728,77.871,Dryland,26.94,32.1,22.8,73.07,1.87,0.14,18.98,32.98
2016-11-12,Kovilpatti,9.1728,77.871,Dryland,27.55,32.5,23.51,75.19,2.07,0.48,18.73,32.9
2016-11-13,Kovilpatti,9.1728,77.871,Dryland,27.67,32.02,24.34,78.36,2.24,2.9,14.12,32.82
2016-11-14,Kovilpatti,9.1728,77.871,Dryland,27.16,30.93,24.49,82.56,2.21,15.47,13.45,32.74
2016-11-15,Kovilpatti,9.1728,77.871,Dryland,27.01,30.72,24.42,80.4,2.61,10.29,18.2,32.66
2016-11-16,Kovilpatti,9.1728,77.871,Dryland,26.71,31.1,22.79,81.73,2.84,3.08,17.31,32.59
2016-11-17,Kovilpatti,9.1728,77.871,Dryland,26.57,30.04,24.01,85.48,3.24,5.0,17.42,32.51
2016-11-18,Kovilpatti,9.1728,77.871,Dryland,27.1,31.54,23.38,79.41,3.35,0.67,14.98,32.44
2016-11-19,Kovilpatti,9.1728,77.871,Dryland,25.73,28.43,23.33,84.12,2.39,3.78,11.42,32.36
2016-11-20,Kovilpatti,9.1728,77.871,Dryland,26.47,30.74,23.37,81.38,2.48,0.98,11.73,32.29
2016-11-21,Kovilpatti,9.1728,77.871,Dryland,26.9,31.5,23.42,79.65,2.65,3.97,13.77,32.22
2016-11-22,Kovilpatti,9.1728,77.871,Dryland,27.08,31.69,23.63,80.71,3.08,3.32,17.17,32.15
2016-11-23,Kovilpatti,9.1728,77.871,Dryland,26.82,31.75,23.21,78.65,3.43,0.62,19.14,32.08
2016-11-24,Kovilpatti,9.1728,77.871,Dryland,25.98,31.53,21.86,71.39,3.35,0.01,19.8,32.01
2016-11-25,Kovilpatti,9.1728,77.871,Dryland,25.98,31.93,20.68,74.3,2.97,0.0,20.79,31.95
2016-11-26,Kovilpatti,9.1728,77.871,Dryland,26.36,31.87,21.86,73.14,2.56,0.0,17.82,31.88
2016-11-27,Kovilpatti,9.1728,77.871,Dryland,26.17,32.39,22.23,69.63,2.74,0.02,19.59,31.82
2016-11-28,Kovilpatti,9.1728,77.871,Dryland,24.72,30.94,19.79,67.67,2.16,0.0,16.26,31.76
2016-11-29,Kovilpatti,9.1728,77.871,Dryland,25.19,31.54,20.05,67.41,2.17,0.0,16.57,31.71
2016-11-30,Kovilpatti,9.1728,77.871,Dryland,25.33,30.41,21.0,66.67,2.32,0.0,15.44,31.66
2016-12-01,Kovilpatti,9.1728,77.871,Dryland,25.32,30.46,20.81,66.45,2.11,0.47,4.59,31.6
2016-12-02,Kovilpatti,9.1728,77.871,Dryland,26.0,30.16,23.07,82.44,1.89,13.66,11.27,31.56
2016-12-03,Kovilpatti,9.1728,77.871,Dryland,26.53,30.86,23.66,80.49,1.96,2.32,11.79,31.51
2016-12-04,Kovilpatti,9.1728,77.871,Dryland,26.61,31.37,23.11,79.33,2.02,2.73,18.75,31.46
2016-12-05,Kovilpatti,9.1728,77.871,Dryland,27.22,32.39,22.95,78.07,2.54,0.7,18.38,31.42
2016-12-06,Kovilpatti,9.1728,77.871,Dryland,26.39,31.62,22.82,73.08,3.6,0.74,15.35,31.38
2016-12-07,Kovilpatti,9.1728,77.871,Dryland,26.12,32.25,20.59,72.06,2.44,0.03,20.52,31.35
2016-12-08,Kovilpatti,9.1728,77.871,Dryland,26.82,30.98,23.19,78.89,1.94,9.92,16.97,31.31
2016-12-09,Kovilpatti,9.1728,77.871,Dryland,26.49,30.27,23.81,80.88,1.57,9.33,16.8,31.28
2016-12-10,Kovilpatti,9.1728,77.871,Dryland,27.56,32.66,24.05,74.84,1.15,0.12,15.3,31.25
2016-12-11,Kovilpatti,9.1728,77.871,Dryland,26.62,31.49,21.9,70.26,2.36,0.0,18.11,31.22
2016-12-12,Kovilpatti,9.1728,77.871,Dryland,27.1,33.61,22.64,65.26,3.99,0.0,18.08,31.2
2016-12-13,Kovilpatti,9.1728,77.871,Dryland,26.96,33.26,22.47,68.4,3.34,0.14,15.31,31.18
2016-12-14,Kovilpatti,9.1728,77.871,Dryland,25.96,32.57,20.41,69.18,1.95,0.01,18.42,31.16
2016-12-15,Kovilpatti,9.1728,77.871,Dryland,26.53,31.8,21.92,71.2,2.11,0.0,15.78,31.14
2016-12-16,Kovilpatti,9.1728,77.871,Dryland,26.9,32.36,22.37,74.11,2.72,0.01,20.74,31.13
2016-12-17,Kovilpatti,9.1728,77.871,Dryland,26.93,32.65,22.47,71.65,3.35,0.01,18.49,31.12
2016-12-18,Kovilpatti,9.1728,77.871,Dryland,26.48,32.49,21.6,71.0,3.05,0.0,18.82,31.11
2016-12-19,Kovilpatti,9.1728,77.871,Dryland,26.81,32.68,21.85,67.31,3.43,0.13,17.31,31.11
2016-12-20,Kovilpatti,9.1728,77.871,Dryland,26.46,31.35,22.78,78.45,4.04,1.95,8.66,31.11
2016-12-21,Kovilpatti,9.1728,77.871,Dryland,27.27,32.09,23.95,77.78,3.23,0.21,15.46,31.11
2016-12-22,Kovilpatti,9.1728,77.871,Dryland,26.88,32.87,22.87,71.16,2.63,0.01,20.69,31.12
2016-12-23,Kovilpatti,9.1728,77.871,Dryland,26.13,32.52,20.95,66.69,2.3,0.01,18.95,31.12
2016-12-24,Kovilpatti,9.1728,77.871,Dryland,25.54,31.86,20.5,65.46,2.32,0.0,18.77,31.14
2016-12-25,Kovilpatti,9.1728,77.871,Dryland,25.37,32.07,20.27,66.61,2.32,0.0,19.56,31.15
2016-12-26,Kovilpatti,9.1728,77.871,Dryland,25.75,32.71,19.62,67.63,2.41,0.0,18.95,31.17
2016-12-27,Kovilpatti,9.1728,77.871,Dryland,26.96,32.42,22.23,73.56,3.36,2.32,17.69,31.19
2016-12-28,Kovilpatti,9.1728,77.871,Dryland,26.95,32.12,23.4,78.67,4.21,4.03,11.96,31.21
2016-12-29,Kovilpatti,9.1728,77.871,Dryland,26.79,32.01,22.87,76.11,4.61,2.69,18.14,31.23
2016-12-30,Kovilpatti,9.1728,77.871,Dryland,26.45,32.42,22.1,68.44,4.0,0.02,19.05,31.26
2016-12-31,Kovilpatti,9.1728,77.871,Dryland,25.68,32.05,20.47,65.91,3.36,0.0,21.08,31.29
2017-01-01,Kovilpatti,9.1728,77.871,Dryland,26.14,32.58,20.05,68.36,3.27,0.01,20.54,31.32
2017-01-02,Kovilpatti,9.1728,77.871,Dryland,26.82,33.07,22.18,68.71,3.34,0.0,18.93,31.35
2017-01-03,Kovilpatti,9.1728,77.871,Dryland,26.53,33.5,21.25,67.79,3.22,0.0,20.24,31.39
2017-01-04,Kovilpatti,9.1728,77.871,Dryland,25.85,32.67,19.56,63.19,3.04,0.0,20.15,31.44
2017-01-05,Kovilpatti,9.1728,77.871,Dryland,26.07,32.59,20.56,66.25,2.82,0.0,19.96,31.48
2017-01-06,Kovilpatti,9.1728,77.871,Dryland,26.14,32.63,20.44,64.56,2.76,0.0,19.21,31.53
2017-01-07,Kovilpatti,9.1728,77.871,Dryland,26.21,32.69,20.92,65.31,2.91,0.0,19.7,31.58
2017-01-08,Kovilpatti,9.1728,77.871,Dryland,25.88,32.26,20.62,63.39,3.04,0.0,20.17,31.63
2017-01-09,Kovilpatti,9.1728,77.871,Dryland,25.51,32.54,19.87,60.16,2.74,0.0,16.7,31.69
2017-01-10,Kovilpatti,9.1728,77.871,Dryland,25.89,32.86,19.52,60.59,2.25,0.0,18.73,31.74
2017-01-11,Kovilpatti,9.1728,77.871,Dryland,26.72,32.75,21.71,58.8,2.19,0.0,18.73,31.8
2017-01-12,Kovilpatti,9.1728,77.871,Dryland,26.59,32.3,21.5,63.73,2.31,0.0,20.46,31.86
2017-01-13,Kovilpatti,9.1728,77.871,Dryland,26.81,32.3,22.11,64.34,2.9,0.0,17.43,31.93
2017-01-14,Kovilpatti,9.1728,77.871,Dryland,27.07,32.48,23.27,61.94,3.74,0.0,18.4,31.99
2017-01-15,Kovilpatti,9.1728,77.871,Dryland,26.48,32.68,21.44,65.09,3.82,0.0,20.56,32.06
2017-01-16,Kovilpatti,9.1728,77.871,Dryland,26.59,33.13,21.1,64.68,3.43,0.0,19.63,32.13
2017-01-17,Kovilpatti,9.1728,77.871,Dryland,26.08,32.7,20.95,59.06,3.79,0.0,20.78,32.2
2017-01-18,Kovilpatti,9.1728,77.871,Dryland,25.47,31.89,19.4,60.49,4.35,0.0,21.24,32.28
2017-01-19,Kovilpatti,9.1728,77.871,Dryland,26.2,32.65,20.57,61.47,4.11,0.0,20.08,32.36
2017-01-20,Kovilpatti,9.1728,77.871,Dryland,27.29,33.68,21.58,64.13,4.34,0.43,20.21,32.43
2017-01-21,Kovilpatti,9.1728,77.871,Dryland,25.94,29.78,23.14,82.0,4.42,10.64,9.54,32.51
2017-01-22,Kovilpatti,9.1728,77.871,Dryland,26.3,31.01,22.81,75.93,4.32,3.18,12.13,32.59
2017-01-23,Kovilpatti,9.1728,77.871,Dryland,26.17,32.43,20.79,70.86,4.08,0.02,21.12,32.67
2017-01-24,Kovilpatti,9.1728,77.871,Dryland,25.97,31.02,21.28,69.01,4.21,0.02,21.36,32.75
2017-01-25,Kovilpatti,9.1728,77.871,Dryland,26.22,30.89,22.27,71.85,4.12,0.56,8.06,32.84
2017-01-26,Kovilpatti,9.1728,77.871,Dryland,26.28,30.54,23.04,78.43,3.89,1.3,10.54,32.92
2017-01-27,Kovilpatti,9.1728,77.871,Dryland,25.92,29.3,23.96,85.43,3.26,6.94,11.94,33.01
2017-01-28,Kovilpatti,9.1728,77.871,Dryland,26.54,31.07,23.71,80.32,3.17,3.73,10.97,33.1
2017-01-29,Kovilpatti,9.1728,77.871,Dryland,27.1,32.35,23.15,77.61,3.57,2.07,15.35,33.19
2017-01-30,Kovilpatti,9.1728,77.871,Dryland,27.36,33.47,22.77,70.87,3.28,0.09,17.81,33.28
2017-01-31,Kovilpatti,9.1728,77.871,Dryland,26.69,33.08,22.03,68.85,3.16,0.0,23.65,33.37
2017-02-01,Kovilpatti,9.1728,77.871,Dryland,25.92,32.32,20.44,67.71,3.32,0.0,23.54,33.47
2017-02-02,Kovilpatti,9.1728,77.871,Dryland,25.75,32.44,19.65,65.85,3.23,0.0,23.96,33.57
2017-02-03,Kovilpatti,9.1728,77.871,Dryland,25.66,32.68,19.21,64.2,3.65,0.0,24.06,33.66
2017-02-04,Kovilpatti,9.1728,77.871,Dryland,25.96,32.71,19.9,63.26,3.51,0.0,22.66,33.75
2017-02-05,Kovilpatti,9.1728,77.871,Dryland,25.8,32.51,19.7,59.24,3.17,0.0,23.38,33.84
2017-02-06,Kovilpatti,9.1728,77.871,Dryland,26.28,33.19,20.15,62.36,2.36,0.0,21.67,33.94
2017-02-07,Kovilpatti,9.1728,77.871,Dryland,26.98,33.85,21.45,60.6,2.17,0.01,22.44,34.03
2017-02-08,Kovilpatti,9.1728,77.871,Dryland,26.12,33.6,19.45,57.16,3.16,0.0,23.63,34.12
2017-02-09,Kovilpatti,9.1728,77.871,Dryland,25.66,33.05,18.98,62.25,3.24,0.0,23.77,34.22
2017-02-10,Kovilpatti,9.1728,77.871,Dryland,26.16,33.4,19.96,63.51,2.96,0.0,22.83,34.31
2017-02-11,Kovilpatti,9.1728,77.871,Dryland,26.55,33.57,20.41,63.09,3.26,0.0,23.19,34.41
2017-02-12,Kovilpatti,9.1728,77.871,Dryland,26.71,33.28,20.9,60.12,3.71,0.0,24.32,34.5
2017-02-13,Kovilpatti,9.1728,77.871,Dryland,27.02,33.36,20.91,63.5,4.05,0.05,24.21,34.59
2017-02-14,Kovilpatti,9.1728,77.871,Dryland,27.41,32.84,23.33,72.02,5.39,1.68,11.35,34.69
2017-02-15,Kovilpatti,9.1728,77.871,Dryland,27.95,33.92,23.94,63.72,5.21,0.18,20.58,34.78
2017-02-16,Kovilpatti,9.1728,77.871,Dryland,26.98,33.66,21.27,64.14,5.07,0.0,23.9,34.87
2017-02-17,Kovilpatti,9.1728,77.871,Dryland,26.73,33.15,21.49,57.52,4.75,0.0,24.59,34.96
2017-02-18,Kovilpatti,9.1728,77.871,Dryland,27.16,33.95,21.24,59.43,3.76,0.0,25.03,35.05
2017-02-19,Kovilpatti,9.1728,77.871,Dryland,27.27,35.02,20.81,59.54,3.03,0.0,23.62,35.14
2017-02-20,Kovilpatti,9.1728,77.871,Dryland,28.77,37.03,21.35,54.29,1.73,0.0,22.27,35.23
2017-02-21,Kovilpatti,9.1728,77.871,Dryland,29.32,36.87,23.87,59.37,2.34,0.0,19.97,35.32
2017-02-22,Kovilpatti,9.1728,77.871,Dryland,28.98,36.34,23.79,61.88,2.08,0.0,24.1,35.41
2017-02-23,Kovilpatti,9.1728,77.871,Dryland,28.55,35.52,23.27,63.73,2.12,0.0,24.7,35.49
2017-02-24,Kovilpatti,9.1728,77.871,Dryland,28.18,35.01,23.15,63.51,2.69,0.0,24.23,35.58
2017-02-25,Kovilpatti,9.1728,77.871,Dryland,28.03,35.42,21.95,63.59,2.67,0.0,24.34,35.66
2017-02-26,Kovilpatti,9.1728,77.871,Dryland,28.11,34.6,23.1,60.0,2.65,0.0,21.91,35.75
2017-02-27,Kovilpatti,9.1728,77.871,Dryland,27.89,33.9,22.49,63.31,3.29,0.0,21.14,35.83
2017-02-28,Kovilpatti,9.1728,77.871,Dryland,28.16,33.79,23.39,67.9,3.87,0.02,19.69,35.91
2017-03-01,Kovilpatti,9.1728,77.871,Dryland,28.32,34.16,23.59,62.25,3.98,0.0,21.28,35.99
2017-03-02,Kovilpatti,9.1728,77.871,Dryland,28.66,34.35,24.74,64.12,4.24,0.29,17.05,36.07
2017-03-03,Kovilpatti,9.1728,77.871,Dryland,29.06,34.46,24.71,66.18,3.04,1.11,12.92,36.14
2017-03-04,Kovilpatti,9.1728,77.871,Dryland,28.04,32.89,24.94,71.54,2.48,2.02,14.65,36.22
2017-03-05,Kovilpatti,9.1728,77.871,Dryland,29.48,36.26,24.2,63.78,2.9,0.31,20.3,36.29
2017-03-06,Kovilpatti,9.1728,77.871,Dryland,29.22,33.69,25.84,69.77,2.72,2.66,17.0,36.36
2017-03-07,Kovilpatti,9.1728,77.871,Dryland,29.81,36.06,24.78,65.57,2.84,0.47,21.99,36.43
2017-03-08,Kovilpatti,9.1728,77.871,Dryland,29.72,35.62,25.45,66.93,2.61,1.51,21.32,36.5
2017-03-09,Kovilpatti,9.1728,77.871,Dryland,29.49,35.28,25.48,68.66,2.26,2.43,19.58,36.57
2017-03-10,Kovilpatti,9.1728,77.871,Dryland,29.18,33.85,25.31,71.46,1.85,3.69,17.78,36.64
2017-03-11,Kovilpatti,9.1728,77.871,Dryland,28.67,32.39,25.63,72.99,1.87,4.39,18.82,36.7
2017-03-12,Kovilpatti,9.1728,77.871,Dryland,29.49,35.46,24.2,64.58,2.25,0.69,20.98,36.76
2017-03-13,Kovilpatti,9.1728,77.871,Dryland,29.65,35.41,25.08,65.5,2.29,0.25,21.66,36.82
2017-03-14,Kovilpatti,9.1728,77.871,Dryland,29.3,34.16,25.72,69.3,1.97,2.28,21.04,36.88
2017-03-15,Kovilpatti,9.1728,77.871,Dryland,28.48,32.4,25.62,74.22,2.15,5.2,17.54,36.94
2017-03-16,Kovilpatti,9.1728,77.871,Dryland,27.38,29.98,25.57,76.99,1.91,2.02,17.89,36.99
2017-03-17,Kovilpatti,9.1728,77.871,Dryland,29.03,34.65,25.15,67.54,1.85,0.85,22.96,37.05
2017-03-18,Kovilpatti,9.1728,77.871,Dryland,29.42,35.8,24.71,66.97,1.95,0.59,21.16,37.1
2017-03-19,Kovilpatti,9.1728,77.871,Dryland,30.34,36.93,24.96,64.72,2.06,0.28,21.02,37.15
2017-03-20,Kovilpatti,9.1728,77.871,Dryland,30.72,37.09,25.57,61.71,2.29,0.47,19.83,37.2
2017-03-21,Kovilpatti,9.1728,77.871,Dryland,30.53,37.27,25.27,60.79,2.41,0.54,22.25,37.24
2017-03-22,Kovilpatti,9.1728,77.871,Dryland,30.35,35.8,26.11,59.95,2.68,0.07,22.66,37.29
2017-03-23,Kovilpatti,9.1728,77.871,Dryland,30.21,36.7,25.41,58.0,2.62,0.0,24.35,37.33
2017-03-24,Kovilpatti,9.1728,77.871,Dryland,29.61,36.49,24.62,52.62,2.46,0.0,25.75,37.37
2017-03-25,Kovilpatti,9.1728,77.871,Dryland,29.51,36.89,23.01,50.69,2.46,0.0,26.64,37.41
2017-03-26,Kovilpatti,9.1728,77.871,Dryland,29.33,36.7,23.16,57.31,2.68,0.0,26.75,37.44
2017-03-27,Kovilpatti,9.1728,77.871,Dryland,29.69,36.56,24.46,56.84,2.07,0.0,27.02,37.47
2017-03-28,Kovilpatti,9.1728,77.871,Dryland,30.09,36.13,25.92,59.92,2.07,0.02,24.0,37.5
2017-03-29,Kovilpatti,9.1728,77.871,Dryland,30.72,37.3,25.81,57.63,2.07,0.01,23.99,37.53
2017-03-30,Kovilpatti,9.1728,77.871,Dryland,31.04,37.56,26.34,60.57,2.0,0.46,24.42,37.55
2017-03-31,Kovilpatti,9.1728,77.871,Dryland,30.77,35.67,27.67,63.77,2.39,2.46,20.57,37.58
2017-04-01,Kovilpatti,9.1728,77.871,Dryland,31.03,37.54,26.5,60.94,2.23,0.01,25.62,37.6
2017-04-02,Kovilpatti,9.1728,77.871,Dryland,31.23,38.23,25.79,60.51,2.34,0.18,24.69,37.62
2017-04-03,Kovilpatti,9.1728,77.871,Dryland,31.46,37.91,26.2,62.31,2.28,0.63,23.24,37.65
2017-04-04,Kovilpatti,9.1728,77.871,Dryland,31.4,36.47,27.45,61.19,2.46,0.02,22.95,37.68
2017-04-05,Kovilpatti,9.1728,77.871,Dryland,32.18,38.9,26.74,57.26,2.9,0.01,24.13,37.7
2017-04-06,Kovilpatti,9.1728,77.871,Dryland,31.8,37.77,27.52,59.41,2.73,0.91,23.37,37.72
2017-04-07,Kovilpatti,9.1728,77.871,Dryland,31.82,39.04,26.53,59.3,2.86,0.58,24.69,37.73
2017-04-08,Kovilpatti,9.1728,77.871,Dryland,31.11,37.56,26.54,59.73,2.26,0.16,24.0,37.74
2017-04-09,Kovilpatti,9.1728,77.871,Dryland,30.82,36.72,26.39,64.85,2.26,1.69,24.24,37.76
2017-04-10,Kovilpatti,9.1728,77.871,Dryland,31.44,37.57,26.25,60.05,2.18,0.15,22.42,37.77
2017-04-11,Kovilpatti,9.1728,77.871,Dryland,31.93,37.33,27.61,59.63,2.27,0.27,20.63,37.77
2017-04-12,Kovilpatti,9.1728,77.871,Dryland,31.7,36.65,27.75,61.76,2.26,0.3,21.99,37.78
2017-04-13,Kovilpatti,9.1728,77.871,Dryland,31.75,37.15,27.8,63.01,2.23,0.6,21.54,37.78
2017-04-14,Kovilpatti,9.1728,77.871,Dryland,32.37,39.23,27.26,58.69,2.46,0.3,18.56,37.78
2017-04-15,Kovilpatti,9.1728,77.871,Dryland,32.84,40.02,27.16,56.0,3.14,0.01,22.75,37.79
2017-04-16,Kovilpatti,9.1728,77.871,Dryland,32.97,40.06,27.35,55.71,3.53,0.01,21.23,37.78
2017-04-17,Kovilpatti,9.1728,77.871,Dryland,33.29,40.49,27.26,53.54,3.52,0.0,23.44,37.78
2017-04-18,Kovilpatti,9.1728,77.871,Dryland,33.02,40.37,26.88,53.28,3.56,0.0,23.39,37.78
2017-04-19,Kovilpatti,9.1728,77.871,Dryland,32.88,40.52,26.8,55.24,3.96,0.01,22.65,37.78
2017-04-20,Kovilpatti,9.1728,77.871,Dryland,32.56,39.45,27.22,55.5,4.4,0.06,20.91,37.77
2017-04-21,Kovilpatti,9.1728,77.871,Dryland,32.48,39.46,27.11,56.84,4.34,0.01,20.57,37.76
2017-04-22,Kovilpatti,9.1728,77.871,Dryland,32.78,39.64,27.88,55.49,4.1,0.07,21.75,37.75
2017-04-23,Kovilpatti,9.1728,77.871,Dryland,32.89,39.52,27.59,56.91,3.35,0.27,20.99,37.74
2017-04-24,Kovilpatti,9.1728,77.871,Dryland,33.33,40.2,27.79,53.14,4.03,0.07,20.46,37.73
2017-04-25,Kovilpatti,9.1728,77.871,Dryland,33.21,39.82,28.02,54.14,3.88,0.0,21.73,37.72
2017-04-26,Kovilpatti,9.1728,77.871,Dryland,32.89,38.94,28.63,56.67,3.04,0.41,21.65,37.7
2017-04-27,Kovilpatti,9.1728,77.871,Dryland,32.79,39.32,28.28,57.36,3.22,0.29,24.34,37.69
2017-04-28,Kovilpatti,9.1728,77.871,Dryland,32.35,39.39,27.23,58.88,3.05,0.28,25.51,37.67
2017-04-29,Kovilpatti,9.1728,77.871,Dryland,32.34,39.17,27.24,57.48,2.74,0.22,24.07,37.66
2017-04-30,Kovilpatti,9.1728,77.871,Dryland,31.63,38.28,26.85,60.57,2.61,0.21,23.53,37.64
2017-05-01,Kovilpatti,9.1728,77.871,Dryland,31.57,37.71,27.03,61.15,2.45,0.44,21.23,37.62
2017-05-02,Kovilpatti,9.1728,77.871,Dryland,31.8,38.27,26.96,58.71,2.58,0.84,22.31,37.6
2017-05-03,Kovilpatti,9.1728,77.871,Dryland,31.23,37.16,27.47,61.1,2.45,1.26,21.9,37.58
2017-05-04,Kovilpatti,9.1728,77.871,Dryland,31.41,37.2,26.95,60.17,2.41,0.16,23.89,37.56
2017-05-05,Kovilpatti,9.1728,77.871,Dryland,31.48,36.79,27.42,61.43,2.78,0.22,22.19,37.54
2017-05-06,Kovilpatti,9.1728,77.871,Dryland,30.83,35.95,27.38,66.46,3.05,1.32,20.46,37.52
2017-05-07,Kovilpatti,9.1728,77.871,Dryland,31.51,36.16,27.57,62.06,2.56,0.21,16.09,37.5
2017-05-08,Kovilpatti,9.1728,77.871,Dryland,32.06,38.15,28.17,56.2,2.96,0.37,20.8,37.47
2017-05-09,Kovilpatti,9.1728,77.871,Dryland,32.33,38.13,27.03,54.07,2.99,0.19,21.34,37.45
2017-05-10,Kovilpatti,9.1728,77.871,Dryland,30.97,34.32,28.28,65.59,2.21,2.24,20.74,37.42
2017-05-11,Kovilpatti,9.1728,77.871,Dryland,30.41,33.92,27.24,66.52,2.62,0.68,21.13,37.4
2017-05-12,Kovilpatti,9.1728,77.871,Dryland,30.76,34.66,27.23,67.09,1.72,1.6,19.2,37.37
2017-05-13,Kovilpatti,9.1728,77.871,Dryland,30.23,33.85,27.69,72.25,2.43,5.59,20.78,37.35
2017-05-14,Kovilpatti,9.1728,77.871,Dryland,31.16,37.29,26.01,63.75,4.14,3.14,22.71,37.32
2017-05-15,Kovilpatti,9.1728,77.871,Dryland,31.0,35.51,27.62,67.54,4.7,0.12,21.89,37.3
2017-05-16,Kovilpatti,9.1728,77.871,Dryland,31.01,35.7,27.17,68.52,4.45,0.15,20.42,37.28
2017-05-17,Kovilpatti,9.1728,77.871,Dryland,31.48,37.22,27.37,66.42,4.87,0.26,20.57,37.25
2017-05-18,Kovilpatti,9.1728,77.871,Dryland,31.06,36.6,27.35,67.31,4.06,4.7,17.27,37.23
2017-05-19,Kovilpatti,9.1728,77.871,Dryland,30.93,37.54,25.95,63.28,4.34,0.75,20.57,37.2
2017-05-20,Kovilpatti,9.1728,77.871,Dryland,30.25,35.41,27.12,68.93,4.83,5.39,20.79,37.18
2017-05-21,Kovilpatti,9.1728,77.871,Dryland,30.31,35.29,26.34,69.75,3.54,2.28,16.83,37.15
2017-05-22,Kovilpatti,9.1728,77.871,Dryland,31.14,36.53,26.76,64.66,2.9,0.29,14.03,37.12
2017-05-23,Kovilpatti,9.1728,77.871,Dryland,29.74,33.18,26.89,72.48,3.01,1.2,20.12,37.1
2017-05-24,Kovilpatti,9.1728,77.871,Dryland,29.64,33.06,27.06,73.76,3.63,1.78,17.58,37.07
2017-05-25,Kovilpatti,9.1728,77.871,Dryland,29.81,34.33,27.13,72.36,5.02,1.09,17.56,37.05
2017-05-26,Kovilpatti,9.1728,77.871,Dryland,28.76,31.57,26.96,76.25,3.7,0.28,18.81,37.02
2017-05-27,Kovilpatti,9.1728,77.871,Dryland,30.56,35.84,26.86,67.62,4.66,1.35,19.66,37.0
2017-05-28,Kovilpatti,9.1728,77.871,Dryland,29.95,34.64,27.12,70.28,5.5,0.83,16.02,36.98
2017-05-29,Kovilpatti,9.1728,77.871,Dryland,29.08,32.16,27.33,76.58,4.99,2.7,15.37,36.95
2017-05-30,Kovilpatti,9.1728,77.871,Dryland,29.23,32.91,26.96,74.47,5.96,2.08,17.98,36.93
2017-05-31,Kovilpatti,9.1728,77.871,Dryland,29.84,34.97,27.02,69.17,5.38,2.62,21.67,36.91
2017-06-01,Kovilpatti,9.1728,77.871,Dryland,29.71,35.27,25.75,67.29,5.67,0.58,15.71,36.89
2017-06-02,Kovilpatti,9.1728,77.871,Dryland,28.94,33.29,26.12,69.75,5.88,5.58,18.11,36.87
2017-06-03,Kovilpatti,9.1728,77.871,Dryland,29.19,34.48,25.88,69.67,5.27,1.64,16.82,36.85
2017-06-04,Kovilpatti,9.1728,77.871,Dryland,29.12,34.82,25.33,71.81,5.47,1.03,18.77,36.83
2017-06-05,Kovilpatti,9.1728,77.871,Dryland,29.54,34.91,26.26,72.03,5.06,1.77,20.33,36.81
2017-06-06,Kovilpatti,9.1728,77.871,Dryland,29.25,33.51,26.12,72.68,4.49,0.73,19.81,36.79
2017-06-07,Kovilpatti,9.1728,77.871,Dryland,28.79,32.65,26.27,73.1,4.28,2.16,12.81,36.78
2017-06-08,Kovilpatti,9.1728,77.871,Dryland,30.37,36.6,25.37,65.97,4.15,0.08,20.33,36.76
2017-06-09,Kovilpatti,9.1728,77.871,Dryland,29.18,34.1,25.58,70.45,4.76,0.12,17.92,36.74
2017-06-10,Kovilpatti,9.1728,77.871,Dryland,29.34,34.57,26.13,68.65,5.39,0.98,15.7,36.73
2017-06-11,Kovilpatti,9.1728,77.871,Dryland,29.56,35.31,25.63,66.78,5.21,0.26,17.29,36.72
2017-06-12,Kovilpatti,9.1728,77.871,Dryland,30.21,36.01,26.22,67.03,4.64,0.2,13.05,36.7
2017-06-13,Kovilpatti,9.1728,77.871,Dryland,30.4,35.84,26.52,67.66,4.53,0.27,17.05,36.69
2017-06-14,Kovilpatti,9.1728,77.871,Dryland,30.19,35.31,26.52,70.45,4.42,3.92,19.89,36.68
2017-06-15,Kovilpatti,9.1728,77.871,Dryland,29.52,33.78,26.63,73.75,3.76,1.57,19.9,36.67
2017-06-16,Kovilpatti,9.1728,77.871,Dryland,28.77,32.32,26.35,76.33,4.16,3.57,20.45,36.66
2017-06-17,Kovilpatti,9.1728,77.871,Dryland,29.3,34.47,25.4,69.89,3.78,0.47,20.64,36.65
2017-06-18,Kovilpatti,9.1728,77.871,Dryland,30.48,37.06,25.5,67.19,3.87,0.05,23.13,36.64
2017-06-19,Kovilpatti,9.1728,77.871,Dryland,29.99,35.27,26.3,70.09,4.43,2.22,22.04,36.63
2017-06-20,Kovilpatti,9.1728,77.871,Dryland,29.15,33.72,26.48,73.33,4.08,1.15,17.49,36.63
2017-06-21,Kovilpatti,9.1728,77.871,Dryland,29.39,34.29,25.88,72.04,4.0,0.17,19.21,36.62
2017-06-22,Kovilpatti,9.1728,77.871,Dryland,29.5,34.38,25.84,71.49,4.47,0.41,20.23,36.62
2017-06-23,Kovilpatti,9.1728,77.871,Dryland,29.26,33.89,26.45,70.52,5.25,0.6,17.02,36.61
2017-06-24,Kovilpatti,9.1728,77.871,Dryland,28.83,33.02,26.39,67.43,5.92,1.54,12.39,36.61
2017-06-25,Kovilpatti,9.1728,77.871,Dryland,28.82,33.88,25.77,65.52,5.92,2.53,13.77,36.61
2017-06-26,Kovilpatti,9.1728,77.871,Dryland,28.1,31.9,25.32,72.54,5.28,2.57,9.43,36.6
2017-06-27,Kovilpatti,9.1728,77.871,Dryland,27.87,31.1,25.4,76.18,4.93,5.53,9.42,36.6
2017-06-28,Kovilpatti,9.1728,77.871,Dryland,28.21,32.52,25.38,74.04,4.27,1.82,14.11,36.61
2017-06-29,Kovilpatti,9.1728,77.871,Dryland,29.08,34.99,25.11,70.47,4.1,0.16,19.83,36.61
2017-06-30,Kovilpatti,9.1728,77.871,Dryland,28.7,32.69,25.78,74.2,3.92,0.22,18.97,36.62
2017-07-01,Kovilpatti,9.1728,77.871,Dryland,28.97,34.18,25.83,69.41,4.81,0.49,19.76,36.62
2017-07-02,Kovilpatti,9.1728,77.871,Dryland,28.46,33.18,24.89,69.26,4.33,0.12,17.38,36.63
2017-07-03,Kovilpatti,9.1728,77.871,Dryland,29.42,35.88,25.31,66.15,5.0,0.94,16.31,36.63
2017-07-04,Kovilpatti,9.1728,77.871,Dryland,30.44,37.54,25.2,59.19,4.26,0.03,21.16,36.64
2017-07-05,Kovilpatti,9.1728,77.871,Dryland,29.91,35.79,24.85,66.21,4.07,0.15,18.67,36.65
2017-07-06,Kovilpatti,9.1728,77.871,Dryland,29.35,33.92,25.86,67.39,4.95,0.29,16.84,36.66
2017-07-07,Kovilpatti,9.1728,77.871,Dryland,29.33,35.65,25.54,64.28,5.2,0.35,16.01,36.66
2017-07-08,Kovilpatti,9.1728,77.871,Dryland,29.11,34.77,25.46,64.34,4.57,0.76,13.52,36.67
2017-07-09,Kovilpatti,9.1728,77.871,Dryland,28.65,34.19,24.97,65.49,5.04,2.72,17.47,36.67
2017-07-10,Kovilpatti,9.1728,77.871,Dryland,29.17,35.6,24.64,66.52,4.76,0.57,20.3,36.68
2017-07-11,Kovilpatti,9.1728,77.871,Dryland,29.99,36.18,25.49,65.19,4.79,0.28,15.62,36.69
2017-07-12,Kovilpatti,9.1728,77.871,Dryland,30.02,35.44,25.52,61.32,2.93,0.12,16.13,36.71
2017-07-13,Kovilpatti,9.1728,77.871,Dryland,29.86,36.1,25.33,65.98,4.66,0.41,16.34,36.72
2017-07-14,Kovilpatti,9.1728,77.871,Dryland,29.28,35.61,24.74,58.89,4.48,0.01,15.48,36.74
2017-07-15,Kovilpatti,9.1728,77.871,Dryland,28.96,34.09,25.44,69.07,4.54,0.01,18.63,36.76
2017-07-16,Kovilpatti,9.1728,77.871,Dryland,28.88,33.45,25.4,69.33,4.49,0.05,14.23,36.78
2017-07-17,Kovilpatti,9.1728,77.871,Dryland,29.36,35.29,25.17,67.44,5.29,0.04,18.4,36.79
2017-07-18,Kovilpatti,9.1728,77.871,Dryland,29.04,32.98,26.14,69.48,5.32,0.16,17.25,36.81
2017-07-19,Kovilpatti,9.1728,77.871,Dryland,29.32,34.66,26.13,70.01,5.35,0.67,12.42,36.82
2017-07-20,Kovilpatti,9.1728,77.871,Dryland,29.62,34.49,26.34,68.92,5.57,0.27,16.87,36.84
2017-07-21,Kovilpatti,9.1728,77.871,Dryland,29.69,35.76,25.89,61.21,5.7,0.16,20.55,36.85
2017-07-22,Kovilpatti,9.1728,77.871,Dryland,30.65,37.02,26.04,63.23,4.85,0.08,18.68,36.87
2017-07-23,Kovilpatti,9.1728,77.871,Dryland,30.25,35.07,26.65,65.63,4.37,0.02,20.28,36.88
2017-07-24,Kovilpatti,9.1728,77.871,Dryland,30.94,37.16,26.15,60.41,4.48,0.0,22.04,36.9
2017-07-25,Kovilpatti,9.1728,77.871,Dryland,31.56,38.43,26.1,58.24,3.67,0.01,23.84,36.92
2017-07-26,Kovilpatti,9.1728,77.871,Dryland,31.54,38.53,26.57,59.49,4.01,0.04,20.7,36.94
2017-07-27,Kovilpatti,9.1728,77.871,Dryland,31.03,38.07,26.46,60.88,4.81,1.46,21.21,36.96
2017-07-28,Kovilpatti,9.1728,77.871,Dryland,30.64,36.77,26.3,63.86,4.78,2.11,20.08,36.97
2017-07-29,Kovilpatti,9.1728,77.871,Dryland,29.9,35.01,26.47,66.66,3.18,4.93,20.16,36.99
2017-07-30,Kovilpatti,9.1728,77.871,Dryland,29.14,33.74,26.39,70.75,3.84,3.14,15.71,37.01
2017-07-31,Kovilpatti,9.1728,77.871,Dryland,29.43,34.51,26.3,72.42,2.72,13.29,18.52,37.02
2017-08-01,Kovilpatti,9.1728,77.871,Dryland,29.43,34.27,25.61,71.46,2.81,4.53,17.95,37.04
2017-08-02,Kovilpatti,9.1728,77.871,Dryland,29.44,34.55,25.61,71.05,3.77,0.84,20.22,37.06
2017-08-03,Kovilpatti,9.1728,77.871,Dryland,29.54,35.06,25.96,69.19,5.24,0.95,18.37,37.08
2017-08-04,Kovilpatti,9.1728,77.871,Dryland,28.81,33.08,25.9,73.24,5.16,0.75,14.8,37.09
2017-08-05,Kovilpatti,9.1728,77.871,Dryland,29.09,33.56,25.98,71.59,5.24,0.88,10.72,37.11
2017-08-06,Kovilpatti,9.1728,77.871,Dryland,29.46,35.02,25.9,68.43,4.95,0.23,15.7,37.12
2017-08-07,Kovilpatti,9.1728,77.871,Dryland,28.92,33.25,26.12,71.72,4.23,1.74,15.24,37.14
2017-08-08,Kovilpatti,9.1728,77.871,Dryland,28.9,34.32,25.13,70.31,3.65,5.75,20.64,37.15
2017-08-09,Kovilpatti,9.1728,77.871,Dryland,28.98,33.93,25.21,70.92,2.98,1.8,17.11,37.17
2017-08-10,Kovilpatti,9.1728,77.871,Dryland,28.67,33.21,25.43,70.28,2.9,2.12,15.66,37.18
2017-08-11,Kovilpatti,9.1728,77.871,Dryland,28.08,32.14,25.21,73.02,4.57,0.81,17.95,37.2
2017-08-12,Kovilpatti,9.1728,77.871,Dryland,29.05,34.71,24.53,67.14,2.17,3.78,23.06,37.21
2017-08-13,Kovilpatti,9.1728,77.871,Dryland,27.58,30.28,24.94,76.22,2.19,10.95,18.22,37.22
2017-08-14,Kovilpatti,9.1728,77.871,Dryland,28.16,31.5,25.2,74.46,1.0,5.87,16.12,37.22
2017-08-15,Kovilpatti,9.1728,77.871,Dryland,28.31,32.47,25.46,72.55,1.77,1.36,18.05,37.23
2017-08-16,Kovilpatti,9.1728,77.871,Dryland,28.48,33.74,24.79,69.6,4.23,0.21,18.22,37.24
2017-08-17,Kovilpatti,9.1728,77.871,Dryland,28.5,33.4,24.99,72.61,4.6,1.41,19.3,37.25
2017-08-18,Kovilpatti,9.1728,77.871,Dryland,28.4,32.84,25.47,73.32,4.99,1.57,15.39,37.25
2017-08-19,Kovilpatti,9.1728,77.871,Dryland,28.68,34.07,25.2,71.36,5.33,0.73,11.83,37.25
2017-08-20,Kovilpatti,9.1728,77.871,Dryland,27.92,31.49,25.61,74.9,5.05,1.45,12.7,37.25
2017-08-21,Kovilpatti,9.1728,77.871,Dryland,28.7,34.36,25.13,69.99,4.79,0.72,11.71,37.26
2017-08-22,Kovilpatti,9.1728,77.871,Dryland,28.51,33.7,24.9,71.2,4.46,0.42,16.9,37.26
2017-08-23,Kovilpatti,9.1728,77.871,Dryland,28.38,32.89,25.4,72.2,3.51,1.32,19.92,37.27
2017-08-24,Kovilpatti,9.1728,77.871,Dryland,28.98,33.51,25.34,71.15,2.23,0.47,17.63,37.27
2017-08-25,Kovilpatti,9.1728,77.871,Dryland,29.21,34.6,25.44,69.75,4.09,0.01,17.27,37.27
2017-08-26,Kovilpatti,9.1728,77.871,Dryland,29.24,35.42,24.89,69.33,4.63,0.21,19.56,37.27
2017-08-27,Kovilpatti,9.1728,77.871,Dryland,28.28,31.87,25.96,74.17,5.51,0.68,15.72,37.27
2017-08-28,Kovilpatti,9.1728,77.871,Dryland,28.11,32.12,26.0,76.22,5.27,1.0,11.59,37.27
2017-08-29,Kovilpatti,9.1728,77.871,Dryland,28.42,32.94,25.65,72.68,5.46,0.88,12.43,37.26
2017-08-30,Kovilpatti,9.1728,77.871,Dryland,29.4,35.95,24.91,70.04,4.08,2.51,17.84,37.26
2017-08-31,Kovilpatti,9.1728,77.871,Dryland,29.15,34.08,24.76,72.87,1.81,8.01,21.28,37.24
2017-09-01,Kovilpatti,9.1728,77.871,Dryland,28.37,31.73,25.65,80.89,1.85,33.71,18.88,37.23
2017-09-02,Kovilpatti,9.1728,77.871,Dryland,28.11,31.56,25.67,78.98,2.0,4.16,21.42,37.21
2017-09-03,Kovilpatti,9.1728,77.871,Dryland,27.82,31.31,24.8,77.65,2.15,1.06,17.39,37.19
2017-09-04,Kovilpatti,9.1728,77.871,Dryland,28.99,33.04,25.37,74.23,1.65,3.1,20.9,37.16
2017-09-05,Kovilpatti,9.1728,77.871,Dryland,28.72,33.7,25.44,76.15,3.38,2.54,19.7,37.15
2017-09-06,Kovilpatti,9.1728,77.871,Dryland,28.33,32.61,25.3,78.1,3.38,3.52,18.95,37.13
2017-09-07,Kovilpatti,9.1728,77.871,Dryland,27.9,31.28,25.4,78.97,2.81,2.07,14.93,37.13
2017-09-08,Kovilpatti,9.1728,77.871,Dryland,27.2,30.19,25.33,84.93,3.43,11.06,15.73,37.12
2017-09-09,Kovilpatti,9.1728,77.871,Dryland,27.16,30.33,25.0,81.7,3.33,9.35,13.45,37.11
2017-09-10,Kovilpatti,9.1728,77.871,Dryland,27.95,32.48,24.11,78.35,2.79,3.01,19.65,37.09
2017-09-11,Kovilpatti,9.1728,77.871,Dryland,28.07,31.8,25.21,78.02,2.87,0.8,17.15,37.06
2017-09-12,Kovilpatti,9.1728,77.871,Dryland,27.54,30.76,24.77,80.77,2.66,12.15,19.26,37.03
2017-09-13,Kovilpatti,9.1728,77.871,Dryland,26.88,29.4,25.3,86.64,2.85,17.88,13.05,37.0
2017-09-14,Kovilpatti,9.1728,77.871,Dryland,27.07,29.91,25.09,84.26,3.31,2.91,15.13,36.97
2017-09-15,Kovilpatti,9.1728,77.871,Dryland,27.38,30.78,24.6,82.35,3.14,0.52,18.63,36.94
2017-09-16,Kovilpatti,9.1728,77.871,Dryland,27.54,30.94,25.37,82.63,4.1,3.61,15.76,36.9
2017-09-17,Kovilpatti,9.1728,77.871,Dryland,26.94,29.71,25.17,84.44,4.23,6.77,7.28,36.87
2017-09-18,Kovilpatti,9.1728,77.871,Dryland,27.69,32.21,24.79,79.51,4.75,0.23,15.83,36.83
2017-09-19,Kovilpatti,9.1728,77.871,Dryland,27.61,31.41,25.01,80.59,4.6,0.68,16.68,36.79
2017-09-20,Kovilpatti,9.1728,77.871,Dryland,27.56,32.17,24.42,80.28,4.22,0.46,17.58,36.76
2017-09-21,Kovilpatti,9.1728,77.871,Dryland,27.74,33.1,23.89,77.52,4.02,0.2,18.06,36.71
2017-09-22,Kovilpatti,9.1728,77.871,Dryland,27.89,32.64,24.72,76.07,3.09,0.11,24.46,36.67
2017-09-23,Kovilpatti,9.1728,77.871,Dryland,28.42,33.61,23.85,73.7,2.32,0.02,24.57,36.62
2017-09-24,Kovilpatti,9.1728,77.871,Dryland,28.74,33.97,24.76,73.62,3.59,0.11,18.51,36.58
2017-09-25,Kovilpatti,9.1728,77.871,Dryland,28.08,32.21,25.26,75.01,3.42,0.25,18.93,36.53
2017-09-26,Kovilpatti,9.1728,77.871,Dryland,27.95,31.63,25.09,77.81,3.17,1.84,17.61,36.48
2017-09-27,Kovilpatti,9.1728,77.871,Dryland,27.81,31.72,25.06,79.99,3.77,1.4,17.84,36.43
2017-09-28,Kovilpatti,9.1728,77.871,Dryland,27.81,32.27,24.91,78.07,4.33,2.09,10.46,36.38
2017-09-29,Kovilpatti,9.1728,77.871,Dryland,28.19,34.0,24.17,75.51,4.32,0.22,17.82,36.32
2017-09-30,Kovilpatti,9.1728,77.871,Dryland,28.92,34.81,24.88,73.84,3.86,0.3,20.69,36.26
2017-10-01,Kovilpatti,9.1728,77.871,Dryland,28.8,34.51,24.8,73.39,3.92,0.27,20.87,36.21
2017-10-02,Kovilpatti,9.1728,77.871,Dryland,28.73,33.74,25.05,74.97,3.55,0.57,20.65,36.15
2017-10-03,Kovilpatti,9.1728,77.871,Dryland,29.27,35.39,24.72,71.42,3.24,0.18,25.01,36.09
2017-10-04,Kovilpatti,9.1728,77.871,Dryland,28.92,33.66,25.38,75.87,3.02,2.89,20.68,36.03
2017-10-05,Kovilpatti,9.1728,77.871,Dryland,28.05,31.37,25.37,81.06,1.72,7.95,18.78,35.97
2017-10-06,Kovilpatti,9.1728,77.871,Dryland,28.09,32.33,25.44,75.38,3.54,1.87,17.38,35.9
2017-10-07,Kovilpatti,9.1728,77.871,Dryland,28.2,33.01,24.61,75.07,2.89,1.81,17.06,35.84
2017-10-08,Kovilpatti,9.1728,77.871,Dryland,28.73,33.85,25.21,74.25,3.45,0.39,19.94,35.77
2017-10-09,Kovilpatti,9.1728,77.871,Dryland,28.78,33.02,25.34,74.34,2.75,0.09,19.95,35.7
2017-10-10,Kovilpatti,9.1728,77.871,Dryland,28.43,32.27,25.44,76.16,2.25,0.26,21.75,35.63
2017-10-11,Kovilpatti,9.1728,77.871,Dryland,27.83,31.75,25.36,75.05,2.09,1.68,19.6,35.55
2017-10-12,Kovilpatti,9.1728,77.871,Dryland,28.23,33.57,24.67,74.46,2.69,3.28,15.39,35.48
2017-10-13,Kovilpatti,9.1728,77.871,Dryland,27.97,31.98,25.24,79.72,2.87,3.83,14.37,35.41
2017-10-14,Kovilpatti,9.1728,77.871,Dryland,27.37,30.92,25.27,82.18,3.31,8.29,11.81,35.33
2017-10-15,Kovilpatti,9.1728,77.871,Dryland,27.06,30.23,24.92,77.68,4.13,1.1,13.05,35.25
2017-10-16,Kovilpatti,9.1728,77.871,Dryland,28.28,33.07,24.58,76.18,3.7,0.05,15.42,35.18
2017-10-17,Kovilpatti,9.1728,77.871,Dryland,27.82,32.56,24.92,78.26,3.17,0.97,10.63,35.1
2017-10-18,Kovilpatti,9.1728,77.871,Dryland,28.05,33.33,24.37,75.17,3.96,5.76,19.12,35.02
2017-10-19,Kovilpatti,9.1728,77.871,Dryland,28.79,34.24,24.74,74.5,3.7,1.07,20.31,34.94
2017-10-20,Kovilpatti,9.1728,77.871,Dryland,28.84,33.2,25.49,76.12,3.41,0.15,17.69,34.86
2017-10-21,Kovilpatti,9.1728,77.871,Dryland,28.24,31.9,25.92,78.81,4.18,4.81,12.03,34.78
2017-10-22,Kovilpatti,9.1728,77.871,Dryland,28.57,32.8,25.53,77.65,3.31,2.61,22.14,34.7
2017-10-23,Kovilpatti,9.1728,77.871,Dryland,29.62,35.63,25.03,70.71,1.98,0.18,20.67,34.62
2017-10-24,Kovilpatti,9.1728,77.871,Dryland,28.62,33.08,24.84,74.57,1.62,1.09,20.03,34.53
2017-10-25,Kovilpatti,9.1728,77.871,Dryland,28.57,33.24,25.11,75.92,1.8,1.1,19.94,34.45
2017-10-26,Kovilpatti,9.1728,77.871,Dryland,28.19,32.44,25.32,77.15,1.51,6.13,13.56,34.37
2017-10-27,Kovilpatti,9.1728,77.871,Dryland,27.58,30.44,25.27,79.08,0.91,12.33,13.84,34.28
2017-10-28,Kovilpatti,9.1728,77.871,Dryland,26.86,28.77,25.29,84.29,1.38,4.94,16.55,34.19
2017-10-29,Kovilpatti,9.1728,77.871,Dryland,27.31,30.64,24.76,79.92,2.03,0.7,19.11,34.11
2017-10-30,Kovilpatti,9.1728,77.871,Dryland,26.42,29.71,24.48,85.61,3.01,2.96,16.48,34.03
2017-10-31,Kovilpatti,9.1728,77.871,Dryland,25.91,28.27,24.3,87.57,2.8,6.16,12.49,33.94
2017-11-01,Kovilpatti,9.1728,77.871,Dryland,25.88,27.87,24.26,88.59,2.07,26.33,15.94,33.85
2017-11-02,Kovilpatti,9.1728,77.871,Dryland,25.73,28.18,24.04,89.49,2.44,29.22,13.1,33.77
2017-11-03,Kovilpatti,9.1728,77.871,Dryland,26.0,28.9,24.07,87.01,2.9,9.59,17.27,33.68
2017-11-04,Kovilpatti,9.1728,77.871,Dryland,26.02,28.32,24.06,89.1,2.06,8.01,11.89,33.59
2017-11-05,Kovilpatti,9.1728,77.871,Dryland,26.35,28.99,24.46,86.86,2.78,7.75,11.67,33.51
2017-11-06,Kovilpatti,9.1728,77.871,Dryland,25.89,27.74,24.42,90.27,2.89,6.73,13.8,33.42
2017-11-07,Kovilpatti,9.1728,77.871,Dryland,25.8,28.47,24.15,89.66,2.8,4.47,13.91,33.33
2017-11-08,Kovilpatti,9.1728,77.871,Dryland,25.76,28.93,23.59,87.35,2.83,25.59,12.47,33.25
2017-11-09,Kovilpatti,9.1728,77.871,Dryland,26.16,30.05,23.61,81.95,2.26,2.15,18.89,33.16
2017-11-10,Kovilpatti,9.1728,77.871,Dryland,25.8,30.32,22.09,81.02,2.69,1.31,19.19,33.08
2017-11-11,Kovilpatti,9.1728,77.871,Dryland,26.21,29.63,23.68,82.6,2.41,0.15,15.8,33.0
2017-11-12,Kovilpatti,9.1728,77.871,Dryland,27.36,31.41,23.33,76.74,1.23,0.06,15.35,32.92
2017-11-13,Kovilpatti,9.1728,77.871,Dryland,27.48,31.09,24.53,80.95,0.99,1.38,18.45,32.84
2017-11-14,Kovilpatti,9.1728,77.871,Dryland,27.19,31.47,23.05,78.09,2.03,0.13,18.91,32.76
2017-11-15,Kovilpatti,9.1728,77.871,Dryland,26.89,30.69,23.95,81.13,1.9,0.04,20.95,32.68
2017-11-16,Kovilpatti,9.1728,77.871,Dryland,26.12,31.76,21.63,75.73,2.55,0.0,22.89,32.6
2017-11-17,Kovilpatti,9.1728,77.871,Dryland,25.55,30.55,20.34,75.02,1.56,0.03,20.75,32.52
2017-11-18,Kovilpatti,9.1728,77.871,Dryland,27.09,30.92,24.26,77.94,1.42,4.7,19.92,32.45
2017-11-19,Kovilpatti,9.1728,77.871,Dryland,26.99,29.94,24.61,83.79,1.67,10.03,16.5,32.37
2017-11-20,Kovilpatti,9.1728,77.871,Dryland,26.96,30.27,24.39,85.72,2.04,9.63,17.42,32.3
2017-11-21,Kovilpatti,9.1728,77.871,Dryland,26.14,28.26,24.54,89.92,1.94,9.16,16.92,32.23
2017-11-22,Kovilpatti,9.1728,77.871,Dryland,26.27,29.03,24.64,88.52,2.67,5.74,15.59,32.16
2017-11-23,Kovilpatti,9.1728,77.871,Dryland,26.47,30.81,22.96,83.67,2.68,1.46,18.76,32.09
2017-11-24,Kovilpatti,9.1728,77.871,Dryland,26.39,29.79,23.15,84.16,2.29,0.15,15.41,32.03
2017-11-25,Kovilpatti,9.1728,77.871,Dryland,26.35,30.22,23.58,81.79,2.71,0.19,11.99,31.96
2017-11-26,Kovilpatti,9.1728,77.871,Dryland,24.71,26.27,23.25,88.9,2.97,11.7,12.48,31.9
2017-11-27,Kovilpatti,9.1728,77.871,Dryland,25.91,28.19,24.52,89.22,2.8,13.87,10.28,31.84
2017-11-28,Kovilpatti,9.1728,77.871,Dryland,26.33,28.84,24.44,89.88,3.5,5.01,11.69,31.78
2017-11-29,Kovilpatti,9.1728,77.871,Dryland,25.82,27.79,24.0,91.76,4.9,8.53,10.28,31.72
2017-11-30,Kovilpatti,9.1728,77.871,Dryland,26.05,27.16,25.02,93.51,5.32,81.97,3.95,31.67
2017-12-01,Kovilpatti,9.1728,77.871,Dryland,25.48,26.73,24.52,93.99,2.47,39.23,8.41,31.62
2017-12-02,Kovilpatti,9.1728,77.871,Dryland,25.66,27.66,24.12,90.26,1.57,7.56,14.04,31.57
2017-12-03,Kovilpatti,9.1728,77.871,Dryland,26.15,29.57,23.59,86.19,2.15,2.32,16.37,31.52
2017-12-04,Kovilpatti,9.1728,77.871,Dryland,26.01,29.22,23.27,86.53,2.19,0.11,19.53,31.47
2017-12-05,Kovilpatti,9.1728,77.871,Dryland,25.85,29.32,22.9,86.12,1.78,0.51,19.21,31.43
2017-12-06,Kovilpatti,9.1728,77.871,Dryland,25.95,29.49,23.48,87.42,1.84,7.08,15.42,31.39
2017-12-07,Kovilpatti,9.1728,77.871,Dryland,26.19,29.15,24.12,86.33,1.8,9.21,15.57,31.35
2017-12-08,Kovilpatti,9.1728,77.871,Dryland,25.84,29.33,22.73,82.94,1.48,0.11,17.67,31.31
2017-12-09,Kovilpatti,9.1728,77.871,Dryland,25.63,29.37,21.95,77.18,1.2,0.52,18.51,31.28
2017-12-10,Kovilpatti,9.1728,77.871,Dryland,26.1,29.59,22.86,76.86,1.36,0.11,18.22,31.25
2017-12-11,Kovilpatti,9.1728,77.871,Dryland,26.18,29.53,23.12,83.39,1.66,0.89,14.73,31.23
2017-12-12,Kovilpatti,9.1728,77.871,Dryland,26.42,29.43,24.46,81.56,1.2,2.34,14.51,31.2
2017-12-13,Kovilpatti,9.1728,77.871,Dryland,26.58,29.72,24.21,81.99,1.22,7.42,9.77,31.18
2017-12-14,Kovilpatti,9.1728,77.871,Dryland,26.02,29.48,23.46,86.92,2.22,1.9,17.39,31.16
2017-12-15,Kovilpatti,9.1728,77.871,Dryland,25.66,28.72,22.93,89.13,3.16,5.66,13.7,31.14
2017-12-16,Kovilpatti,9.1728,77.871,Dryland,25.67,29.19,23.41,86.94,3.85,0.81,17.52,31.13
2017-12-17,Kovilpatti,9.1728,77.871,Dryland,25.2,29.16,21.96,85.09,4.17,0.06,18.91,31.12
2017-12-18,Kovilpatti,9.1728,77.871,Dryland,24.37,28.58,20.58,82.39,3.9,0.01,19.13,31.11
2017-12-19,Kovilpatti,9.1728,77.871,Dryland,24.6,28.92,20.25,83.79,3.81,1.13,17.51,31.11
2017-12-20,Kovilpatti,9.1728,77.871,Dryland,25.12,28.77,22.54,86.95,4.65,2.08,11.09,31.11
2017-12-21,Kovilpatti,9.1728,77.871,Dryland,23.99,26.53,21.29,87.59,3.67,2.38,14.36,31.11
2017-12-22,Kovilpatti,9.1728,77.871,Dryland,24.93,28.81,22.07,85.45,4.0,0.09,18.08,31.11
2017-12-23,Kovilpatti,9.1728,77.871,Dryland,24.6,28.67,21.69,83.06,3.69,0.02,19.27,31.12
2017-12-24,Kovilpatti,9.1728,77.871,Dryland,24.26,28.92,19.74,81.34,3.29,0.04,21.53,31.13
2017-12-25,Kovilpatti,9.1728,77.871,Dryland,25.31,29.86,21.32,85.19,3.35,0.17,20.02,31.14
2017-12-26,Kovilpatti,9.1728,77.871,Dryland,25.45,29.6,22.63,83.01,3.93,0.18,17.38,31.16
2017-12-27,Kovilpatti,9.1728,77.871,Dryland,24.4,28.46,21.56,82.94,3.73,0.0,19.88,31.18
2017-12-28,Kovilpatti,9.1728,77.871,Dryland,23.96,28.56,20.95,77.36,4.1,0.0,19.93,31.2
2017-12-29,Kovilpatti,9.1728,77.871,Dryland,23.88,29.11,19.63,75.63,3.6,0.0,20.49,31.23
2017-12-30,Kovilpatti,9.1728,77.871,Dryland,24.7,30.07,19.96,77.26,3.42,0.0,20.49,31.25
2017-12-31,Kovilpatti,9.1728,77.871,Dryland,24.74,30.38,19.73,77.32,2.5,0.0,21.73,31.29
2018-01-01,Kovilpatti,9.1728,77.871,Dryland,25.67,30.42,21.31,80.95,1.37,0.0,19.58,31.32
2018-01-02,Kovilpatti,9.1728,77.871,Dryland,26.47,30.81,23.61,77.76,1.2,0.0,16.46,31.36
2018-01-03,Kovilpatti,9.1728,77.871,Dryland,26.57,30.98,23.25,75.77,2.47,0.0,17.88,31.39
2018-01-04,Kovilpatti,9.1728,77.871,Dryland,25.92,31.0,22.26,73.79,3.38,0.0,17.19,31.43
2018-01-05,Kovilpatti,9.1728,77.871,Dryland,24.68,30.11,20.7,71.21,3.48,0.0,16.92,31.48
2018-01-06,Kovilpatti,9.1728,77.871,Dryland,24.4,30.17,19.78,71.08,2.43,0.0,18.12,31.53
2018-01-07,Kovilpatti,9.1728,77.871,Dryland,24.14,30.04,19.35,71.55,2.65,0.0,17.55,31.57
2018-01-08,Kovilpatti,9.1728,77.871,Dryland,24.09,29.97,18.9,72.23,3.18,0.0,19.73,31.62
2018-01-09,Kovilpatti,9.1728,77.871,Dryland,25.0,30.16,19.86,76.37,2.64,1.05,18.99,31.68
2018-01-10,Kovilpatti,9.1728,77.871,Dryland,25.9,30.7,22.63,82.05,3.82,1.84,12.13,31.74
2018-01-11,Kovilpatti,9.1728,77.871,Dryland,26.46,31.82,23.11,79.35,2.86,0.67,17.93,31.8
2018-01-12,Kovilpatti,9.1728,77.871,Dryland,25.98,29.88,22.63,83.4,2.62,0.07,13.24,31.86
2018-01-13,Kovilpatti,9.1728,77.871,Dryland,26.01,31.07,22.54,80.38,3.1,0.06,13.82,31.92
2018-01-14,Kovilpatti,9.1728,77.871,Dryland,25.53,31.93,20.8,75.74,3.31,0.0,22.61,31.98
2018-01-15,Kovilpatti,9.1728,77.871,Dryland,25.85,32.05,22.02,76.2,3.53,0.01,21.77,32.05
2018-01-16,Kovilpatti,9.1728,77.871,Dryland,25.81,31.34,21.34,77.59,3.01,0.0,18.86,32.12
2018-01-17,Kovilpatti,9.1728,77.871,Dryland,26.11,31.82,22.12,71.26,3.19,0.0,16.37,32.19
2018-01-18,Kovilpatti,9.1728,77.871,Dryland,25.03,31.4,20.08,65.77,3.77,0.0,21.2,32.27
2018-01-19,Kovilpatti,9.1728,77.871,Dryland,24.66,30.68,19.48,71.67,3.35,0.0,21.14,32.34
2018-01-20,Kovilpatti,9.1728,77.871,Dryland,24.79,31.36,18.97,67.42,3.26,0.0,18.74,32.42
2018-01-21,Kovilpatti,9.1728,77.871,Dryland,24.77,31.17,19.37,69.24,3.3,0.0,21.33,32.5
2018-01-22,Kovilpatti,9.1728,77.871,Dryland,25.27,31.89,19.48,69.58,2.54,0.0,19.99,32.58
2018-01-23,Kovilpatti,9.1728,77.871,Dryland,26.15,32.02,21.07,69.9,2.21,0.0,17.9,32.66
2018-01-24,Kovilpatti,9.1728,77.871,Dryland,26.29,31.47,21.83,71.61,2.32,0.11,16.61,32.74
2018-01-25,Kovilpatti,9.1728,77.871,Dryland,26.53,33.07,21.45,68.54,2.82,0.05,16.01,32.83
2018-01-26,Kovilpatti,9.1728,77.871,Dryland,26.16,32.68,21.18,67.8,3.19,0.08,19.33,32.91
2018-01-27,Kovilpatti,9.1728,77.871,Dryland,26.14,32.51,20.41,67.57,2.88,0.0,18.92,33.0
2018-01-28,Kovilpatti,9.1728,77.871,Dryland,25.84,30.76,21.47,66.61,3.18,0.06,14.45,33.09
2018-01-29,Kovilpatti,9.1728,77.871,Dryland,26.59,32.77,21.74,67.85,3.66,0.01,20.56,33.18
2018-01-30,Kovilpatti,9.1728,77.871,Dryland,27.23,33.4,22.38,65.53,4.17,0.0,21.2,33.27
2018-01-31,Kovilpatti,9.1728,77.871,Dryland,26.96,33.72,21.76,58.46,4.25,0.0,22.1,33.36
2018-02-01,Kovilpatti,9.1728,77.871,Dryland,26.27,33.79,19.94,58.23,3.49,0.0,22.95,33.45
2018-02-02,Kovilpatti,9.1728,77.871,Dryland,25.87,33.52,19.37,58.5,3.61,0.0,23.8,33.54
2018-02-03,Kovilpatti,9.1728,77.871,Dryland,25.79,33.29,19.31,60.12,3.74,0.0,24.35,33.63
2018-02-04,Kovilpatti,9.1728,77.871,Dryland,26.5,33.13,20.75,60.73,3.79,0.0,23.38,33.73
2018-02-05,Kovilpatti,9.1728,77.871,Dryland,27.57,34.06,22.64,59.79,3.74,0.0,22.49,33.82
2018-02-06,Kovilpatti,9.1728,77.871,Dryland,27.82,32.91,23.64,70.42,3.51,0.13,18.03,33.91
2018-02-07,Kovilpatti,9.1728,77.871,Dryland,27.58,31.87,24.46,76.31,2.61,1.08,16.81,34.0
2018-02-08,Kovilpatti,9.1728,77.871,Dryland,27.47,32.19,24.01,74.65,2.44,0.55,17.27,34.1
2018-02-09,Kovilpatti,9.1728,77.871,Dryland,28.21,34.2,23.55,66.43,2.25,0.02,19.07,34.19
2018-02-10,Kovilpatti,9.1728,77.871,Dryland,27.42,31.7,23.75,63.85,2.66,0.0,22.96,34.28
2018-02-11,Kovilpatti,9.1728,77.871,Dryland,27.7,32.87,24.33,67.16,2.83,0.0,22.71,34.37
2018-02-12,Kovilpatti,9.1728,77.871,Dryland,27.89,32.25,24.07,69.03,3.68,0.02,18.7,34.47
2018-02-13,Kovilpatti,9.1728,77.871,Dryland,27.49,32.63,23.85,63.67,3.46,0.0,19.04,34.56
2018-02-14,Kovilpatti,9.1728,77.871,Dryland,27.92,34.5,22.58,64.17,3.71,0.0,20.48,34.66
2018-02-15,Kovilpatti,9.1728,77.871,Dryland,28.32,33.82,23.91,66.48,4.37,0.0,20.34,34.75
2018-02-16,Kovilpatti,9.1728,77.871,Dryland,28.29,34.98,23.46,61.5,4.31,0.0,22.16,34.84
2018-02-17,Kovilpatti,9.1728,77.871,Dryland,27.86,34.87,22.58,59.03,3.19,0.0,23.1,34.93
2018-02-18,Kovilpatti,9.1728,77.871,Dryland,27.62,34.58,22.57,61.63,3.36,0.0,23.51,35.02
2018-02-19,Kovilpatti,9.1728,77.871,Dryland,27.18,34.4,21.42,60.35,3.62,0.0,24.77,35.11
2018-02-20,Kovilpatti,9.1728,77.871,Dryland,27.01,34.54,20.59,64.13,3.95,0.0,25.03,35.2
2018-02-21,Kovilpatti,9.1728,77.871,Dryland,27.29,34.51,21.9,61.65,3.17,0.0,24.04,35.29
2018-02-22,Kovilpatti,9.1728,77.871,Dryland,27.21,35.09,20.63,60.03,3.49,0.0,24.2,35.38
2018-02-23,Kovilpatti,9.1728,77.871,Dryland,27.04,34.52,21.19,62.04,3.72,0.0,24.89,35.47
2018-02-24,Kovilpatti,9.1728,77.871,Dryland,27.95,34.96,22.54,66.33,3.94,0.0,24.14,35.55
2018-02-25,Kovilpatti,9.1728,77.871,Dryland,28.6,35.26,23.2,64.51,4.29,0.02,23.33,35.64
2018-02-26,Kovilpatti,9.1728,77.871,Dryland,28.79,35.0,23.54,64.82,3.46,0.01,23.52,35.72
2018-02-27,Kovilpatti,9.1728,77.871,Dryland,28.66,33.85,24.79,67.6,4.0,0.14,21.91,35.81
2018-02-28,Kovilpatti,9.1728,77.871,Dryland,29.09,35.27,24.65,67.43,3.92,0.17,23.33,35.89
2018-03-01,Kovilpatti,9.1728,77.871,Dryland,28.78,34.08,25.33,69.45,3.58,1.04,22.68,35.97
2018-03-02,Kovilpatti,9.1728,77.871,Dryland,29.02,35.76,23.66,63.71,3.2,0.01,25.32,36.05
2018-03-03,Kovilpatti,9.1728,77.871,Dryland,28.83,35.96,23.17,61.79,2.66,0.02,24.44,36.12
2018-03-04,Kovilpatti,9.1728,77.871,Dryland,28.77,36.39,23.24,58.31,2.45,0.02,24.09,36.2
2018-03-05,Kovilpatti,9.1728,77.871,Dryland,28.58,36.34,23.22,60.03,2.71,0.0,24.98,36.27
2018-03-06,Kovilpatti,9.1728,77.871,Dryland,28.53,36.51,22.38,59.63,2.85,0.0,24.69,36.35
2018-03-07,Kovilpatti,9.1728,77.871,Dryland,28.43,36.1,22.0,62.57,2.8,0.0,25.49,36.42
2018-03-08,Kovilpatti,9.1728,77.871,Dryland,28.94,35.88,23.37,63.59,3.07,0.01,24.17,36.48
2018-03-09,Kovilpatti,9.1728,77.871,Dryland,28.73,34.76,23.99,64.3,3.25,0.0,21.82,36.55
2018-03-10,Kovilpatti,9.1728,77.871,Dryland,29.11,36.19,23.44,61.42,3.57,0.01,19.99,36.62
2018-03-11,Kovilpatti,9.1728,77.871,Dryland,29.31,36.22,24.2,63.42,3.52,0.0,22.0,36.68
2018-03-12,Kovilpatti,9.1728,77.871,Dryland,29.22,34.21,25.5,66.66,4.4,2.05,16.74,36.74
2018-03-13,Kovilpatti,9.1728,77.871,Dryland,27.66,31.32,25.62,76.51,3.41,11.93,10.54,36.8
2018-03-14,Kovilpatti,9.1728,77.871,Dryland,28.36,33.03,25.04,74.4,2.41,5.03,11.34,36.86
2018-03-15,Kovilpatti,9.1728,77.871,Dryland,29.33,34.52,26.01,68.45,1.6,0.16,20.67,36.92
2018-03-16,Kovilpatti,9.1728,77.871,Dryland,29.81,35.39,25.58,66.73,1.76,0.03,19.88,36.97
2018-03-17,Kovilpatti,9.1728,77.871,Dryland,28.91,33.2,25.89,72.57,2.23,2.57,17.95,37.03
2018-03-18,Kovilpatti,9.1728,77.871,Dryland,28.94,34.35,25.31,71.1,2.75,1.98,18.25,37.08
2018-03-19,Kovilpatti,9.1728,77.871,Dryland,29.17,35.12,25.05,65.43,2.94,0.14,21.28,37.13
2018-03-20,Kovilpatti,9.1728,77.871,Dryland,28.62,35.53,23.05,60.77,2.31,0.0,25.54,37.18
2018-03-21,Kovilpatti,9.1728,77.871,Dryland,30.16,37.55,23.56,56.24,1.99,0.25,24.23,37.22
2018-03-22,Kovilpatti,9.1728,77.871,Dryland,30.69,37.11,25.19,62.43,2.38,0.26,22.53,37.27
2018-03-23,Kovilpatti,9.1728,77.871,Dryland,31.3,38.68,25.94,58.53,2.6,0.37,19.99,37.31
2018-03-24,Kovilpatti,9.1728,77.871,Dryland,30.73,36.45,26.85,59.65,1.97,0.07,20.99,37.35
2018-03-25,Kovilpatti,9.1728,77.871,Dryland,29.93,35.42,25.73,61.04,2.58,0.0,23.56,37.39
2018-03-26,Kovilpatti,9.1728,77.871,Dryland,30.06,36.57,24.76,61.4,2.92,0.05,22.81,37.43
2018-03-27,Kovilpatti,9.1728,77.871,Dryland,29.77,34.17,26.43,68.13,2.36,0.4,23.06,37.46
2018-03-28,Kovilpatti,9.1728,77.871,Dryland,30.64,36.1,26.4,64.53,1.83,0.05,21.19,37.5
2018-03-29,Kovilpatti,9.1728,77.871,Dryland,31.46,37.82,25.97,61.22,2.34,0.01,21.08,37.53
2018-03-30,Kovilpatti,9.1728,77.871,Dryland,30.85,34.85,27.08,64.57,1.77,0.09,22.89,37.56
2018-03-31,Kovilpatti,9.1728,77.871,Dryland,31.18,35.44,26.83,60.71,2.36,0.09,21.41,37.59
2018-04-01,Kovilpatti,9.1728,77.871,Dryland,31.52,38.25,26.51,58.69,2.79,0.07,20.45,37.61
2018-04-02,Kovilpatti,9.1728,77.871,Dryland,30.9,37.07,26.42,63.18,2.32,0.06,22.94,37.64
2018-04-03,Kovilpatti,9.1728,77.871,Dryland,30.82,36.94,26.65,62.35,2.18,0.03,21.04,37.66
2018-04-04,Kovilpatti,9.1728,77.871,Dryland,30.26,35.53,26.39,64.78,2.13,0.01,23.25,37.68
2018-04-05,Kovilpatti,9.1728,77.871,Dryland,30.19,35.62,26.71,65.23,1.88,0.0,23.0,37.7
2018-04-06,Kovilpatti,9.1728,77.871,Dryland,30.54,36.93,26.2,61.91,1.81,0.02,17.55,37.71
2018-04-07,Kovilpatti,9.1728,77.871,Dryland,30.72,37.0,26.57,63.93,2.18,0.2,24.31,37.73
2018-04-08,Kovilpatti,9.1728,77.871,Dryland,30.63,34.71,27.43,63.86,2.26,0.61,24.24,37.74
2018-04-09,Kovilpatti,9.1728,77.871,Dryland,29.65,32.73,27.7,69.8,2.73,3.94,21.74,37.75
2018-04-10,Kovilpatti,9.1728,77.871,Dryland,29.58,33.05,26.78,71.06,2.69,3.25,23.29,37.76
2018-04-11,Kovilpatti,9.1728,77.871,Dryland,29.02,31.53,27.19,76.14,1.85,5.5,20.37,37.76
2018-04-12,Kovilpatti,9.1728,77.871,Dryland,29.4,33.73,26.53,74.31,2.01,5.11,21.74,37.77
2018-04-13,Kovilpatti,9.1728,77.871,Dryland,29.59,34.93,26.54,72.42,2.17,9.83,17.53,37.77
2018-04-14,Kovilpatti,9.1728,77.871,Dryland,29.17,32.7,26.77,73.56,1.66,15.66,22.65,37.78
2018-04-15,Kovilpatti,9.1728,77.871,Dryland,28.72,31.98,26.89,76.54,2.3,3.12,20.6,37.78
2018-04-16,Kovilpatti,9.1728,77.871,Dryland,29.9,34.21,26.74,70.76,1.67,0.54,22.5,37.78
2018-04-17,Kovilpatti,9.1728,77.871,Dryland,30.1,34.62,27.54,69.24,1.41,0.12,23.93,37.77
2018-04-18,Kovilpatti,9.1728,77.871,Dryland,29.05,31.86,26.66,75.1,1.32,0.6,22.16,37.77
2018-04-19,Kovilpatti,9.1728,77.871,Dryland,30.37,36.14,25.85,68.96,2.34,0.16,24.76,37.77
2018-04-20,Kovilpatti,9.1728,77.871,Dryland,30.74,36.71,25.94,68.2,2.3,0.29,21.84,37.76
2018-04-21,Kovilpatti,9.1728,77.871,Dryland,30.29,35.64,26.13,70.07,2.23,0.11,22.28,37.76
2018-04-22,Kovilpatti,9.1728,77.871,Dryland,30.91,36.76,26.62,68.26,2.14,0.13,23.0,37.75
2018-04-23,Kovilpatti,9.1728,77.871,Dryland,31.09,37.48,26.41,66.88,2.3,0.06,23.62,37.74
2018-04-24,Kovilpatti,9.1728,77.871,Dryland,30.97,36.36,26.69,68.18,1.69,0.16,22.88,37.73
2018-04-25,Kovilpatti,9.1728,77.871,Dryland,31.07,36.45,26.5,67.62,1.85,0.4,21.55,37.72
2018-04-26,Kovilpatti,9.1728,77.871,Dryland,31.05,36.51,26.79,68.29,2.29,0.28,21.82,37.7
2018-04-27,Kovilpatti,9.1728,77.871,Dryland,30.87,34.96,27.52,69.9,1.82,0.53,20.33,37.69
2018-04-28,Kovilpatti,9.1728,77.871,Dryland,29.52,31.63,27.82,73.62,1.79,0.22,20.71,37.68
2018-04-29,Kovilpatti,9.1728,77.871,Dryland,31.38,36.6,26.75,63.38,2.34,0.18,22.91,37.66
2018-04-30,Kovilpatti,9.1728,77.871,Dryland,31.84,36.99,27.21,63.91,2.63,0.41,22.52,37.64
2018-05-01,Kovilpatti,9.1728,77.871,Dryland,31.84,36.3,27.89,62.17,2.44,0.13,19.51,37.62
2018-05-02,Kovilpatti,9.1728,77.871,Dryland,31.52,36.24,27.78,65.72,2.77,0.76,21.08,37.6
2018-05-03,Kovilpatti,9.1728,77.871,Dryland,31.08,35.2,27.72,67.85,2.47,1.38,19.9,37.58
2018-05-04,Kovilpatti,9.1728,77.871,Dryland,30.24,34.63,27.09,70.94,2.13,1.47,18.86,37.56
2018-05-05,Kovilpatti,9.1728,77.871,Dryland,30.32,35.17,26.98,67.42,2.26,1.76,16.99,37.54
2018-05-06,Kovilpatti,9.1728,77.871,Dryland,29.68,33.92,26.28,69.03,2.76,1.12,17.51,37.52
2018-05-07,Kovilpatti,9.1728,77.871,Dryland,29.92,34.41,26.29,69.79,3.08,0.67,20.49,37.5
2018-05-08,Kovilpatti,9.1728,77.871,Dryland,29.82,33.92,26.66,70.17,2.95,2.16,19.68,37.48
2018-05-09,Kovilpatti,9.1728,77.871,Dryland,28.45,31.97,26.43,76.81,1.86,8.49,18.72,37.45
2018-05-10,Kovilpatti,9.1728,77.871,Dryland,28.23,31.41,25.81,77.77,1.97,3.04,20.05,37.43
2018-05-11,Kovilpatti,9.1728,77.871,Dryland,30.1,35.7,25.84,68.79,2.88,0.36,23.96,37.4
2018-05-12,Kovilpatti,9.1728,77.871,Dryland,29.46,33.05,26.62,71.96,3.03,0.77,19.82,37.38
2018-05-13,Kovilpatti,9.1728,77.871,Dryland,30.07,35.86,25.86,66.06,3.26,0.94,21.0,37.35
2018-05-14,Kovilpatti,9.1728,77.871,Dryland,29.63,33.89,25.61,69.89,1.72,1.11,21.28,37.33
2018-05-15,Kovilpatti,9.1728,77.871,Dryland,30.17,34.67,26.09,68.34,2.03,0.72,19.31,37.3
2018-05-16,Kovilpatti,9.1728,77.871,Dryland,29.77,34.01,26.41,69.22,1.6,0.49,18.49,37.28
2018-05-17,Kovilpatti,9.1728,77.871,Dryland,28.55,31.06,26.52,75.3,2.9,2.37,16.58,37.25
2018-05-18,Kovilpatti,9.1728,77.871,Dryland,29.81,35.41,25.51,69.09,2.79,2.66,18.87,37.23
2018-05-19,Kovilpatti,9.1728,77.871,Dryland,30.77,37.14,25.64,66.05,3.27,0.57,19.2,37.2
2018-05-20,Kovilpatti,9.1728,77.871,Dryland,29.61,32.7,27.22,71.08,4.74,1.12,22.04,37.18
2018-05-21,Kovilpatti,9.1728,77.871,Dryland,29.83,33.43,26.75,67.62,3.5,0.6,16.66,37.15
2018-05-22,Kovilpatti,9.1728,77.871,Dryland,29.71,33.38,26.55,67.39,3.78,1.59,19.58,37.13
2018-05-23,Kovilpatti,9.1728,77.871,Dryland,29.4,33.56,27.05,74.12,3.48,1.23,17.65,37.1
2018-05-24,Kovilpatti,9.1728,77.871,Dryland,29.29,33.13,27.19,74.96,3.22,4.32,17.11,37.08
2018-05-25,Kovilpatti,9.1728,77.871,Dryland,28.85,32.11,26.46,77.93,2.54,1.37,10.74,37.06
2018-05-26,Kovilpatti,9.1728,77.871,Dryland,27.95,30.23,26.5,83.61,3.64,0.84,17.52,37.03
2018-05-27,Kovilpatti,9.1728,77.871,Dryland,29.0,32.56,26.08,75.17,3.8,0.3,19.7,37.01
2018-05-28,Kovilpatti,9.1728,77.871,Dryland,29.21,32.09,27.04,76.95,6.04,3.05,15.03,36.98
2018-05-29,Kovilpatti,9.1728,77.871,Dryland,30.15,34.95,26.99,69.59,6.3,0.47,18.77,36.96
2018-05-30,Kovilpatti,9.1728,77.871,Dryland,30.24,35.46,26.6,67.95,5.6,0.26,18.09,36.94
2018-05-31,Kovilpatti,9.1728,77.871,Dryland,29.51,33.2,26.82,71.42,4.65,0.11,21.31,36.91
2018-06-01,Kovilpatti,9.1728,77.871,Dryland,29.58,33.33,26.73,72.74,3.93,0.69,20.18,36.89
2018-06-02,Kovilpatti,9.1728,77.871,Dryland,29.35,32.42,27.13,74.99,3.91,0.43,20.11,36.87
2018-06-03,Kovilpatti,9.1728,77.871,Dryland,28.79,31.92,26.32,75.09,3.88,0.94,13.55,36.85
2018-06-04,Kovilpatti,9.1728,77.871,Dryland,28.99,33.01,26.17,75.23,4.01,2.2,16.62,36.83
2018-06-05,Kovilpatti,9.1728,77.871,Dryland,29.44,33.78,26.11,72.6,3.96,0.78,16.78,36.81
2018-06-06,Kovilpatti,9.1728,77.871,Dryland,29.69,34.51,26.42,70.63,4.84,0.91,18.56,36.79
2018-06-07,Kovilpatti,9.1728,77.871,Dryland,28.95,32.6,26.77,75.05,4.98,1.53,14.36,36.77
2018-06-08,Kovilpatti,9.1728,77.871,Dryland,29.33,33.03,26.5,74.0,5.98,1.91,14.94,36.76
2018-06-09,Kovilpatti,9.1728,77.871,Dryland,29.64,33.31,27.47,71.99,6.82,1.6,13.63,36.74
2018-06-10,Kovilpatti,9.1728,77.871,Dryland,29.06,32.46,26.93,76.2,6.04,1.66,13.21,36.73
2018-06-11,Kovilpatti,9.1728,77.871,Dryland,29.38,33.29,26.8,72.1,6.06,0.92,12.8,36.71
2018-06-12,Kovilpatti,9.1728,77.871,Dryland,29.1,33.09,26.14,72.79,5.75,0.55,16.63,36.7
2018-06-13,Kovilpatti,9.1728,77.871,Dryland,29.25,34.43,25.87,69.75,5.35,1.81,16.08,36.69
2018-06-14,Kovilpatti,9.1728,77.871,Dryland,29.57,35.34,25.7,65.25,5.02,0.53,13.78,36.67
2018-06-15,Kovilpatti,9.1728,77.871,Dryland,29.03,34.07,25.5,70.79,5.08,0.28,15.34,36.66
2018-06-16,Kovilpatti,9.1728,77.871,Dryland,29.24,34.56,25.75,68.43,5.19,5.5,15.34,36.65
2018-06-17,Kovilpatti,9.1728,77.871,Dryland,29.08,35.05,25.04,67.23,4.72,0.43,17.11,36.64
2018-06-18,Kovilpatti,9.1728,77.871,Dryland,29.65,35.88,25.41,66.45,4.86,0.23,16.85,36.64
2018-06-19,Kovilpatti,9.1728,77.871,Dryland,28.72,33.59,25.68,72.87,5.22,0.75,17.23,36.63
2018-06-20,Kovilpatti,9.1728,77.871,Dryland,28.57,32.81,25.38,74.05,5.25,1.05,14.07,36.62
2018-06-21,Kovilpatti,9.1728,77.871,Dryland,28.43,32.47,25.85,74.14,4.79,0.86,12.81,36.62
2018-06-22,Kovilpatti,9.1728,77.871,Dryland,29.23,34.89,25.18,66.33,4.81,0.48,16.54,36.62
2018-06-23,Kovilpatti,9.1728,77.871,Dryland,29.81,36.26,25.41,64.73,4.97,0.05,15.28,36.61
2018-06-24,Kovilpatti,9.1728,77.871,Dryland,29.38,34.4,25.84,69.61,4.5,0.39,20.24,36.61
2018-06-25,Kovilpatti,9.1728,77.871,Dryland,28.78,33.24,25.63,67.83,4.63,0.36,17.19,36.61
2018-06-26,Kovilpatti,9.1728,77.871,Dryland,29.07,34.05,24.95,68.01,4.36,0.43,18.44,36.61
2018-06-27,Kovilpatti,9.1728,77.871,Dryland,28.23,32.17,25.56,68.18,5.62,1.16,18.17,36.61
2018-06-28,Kovilpatti,9.1728,77.871,Dryland,28.53,32.75,25.06,64.41,5.08,0.62,18.48,36.61
2018-06-29,Kovilpatti,9.1728,77.871,Dryland,29.33,35.43,25.42,63.93,4.7,0.28,18.66,36.61
2018-06-30,Kovilpatti,9.1728,77.871,Dryland,28.98,34.3,25.11,64.34,3.17,2.85,19.26,36.62
2018-07-01,Kovilpatti,9.1728,77.871,Dryland,29.07,34.86,24.28,65.61,2.35,5.03,19.85,36.62
2018-07-02,Kovilpatti,9.1728,77.871,Dryland,29.31,35.28,24.71,67.2,3.47,1.37,18.48,36.62
2018-07-03,Kovilpatti,9.1728,77.871,Dryland,28.65,33.46,25.11,71.81,2.78,2.9,20.89,36.63
2018-07-04,Kovilpatti,9.1728,77.871,Dryland,29.44,35.01,24.86,68.66,3.19,0.03,22.14,36.63
2018-07-05,Kovilpatti,9.1728,77.871,Dryland,29.99,36.63,24.41,65.38,3.53,0.35,23.39,36.64
2018-07-06,Kovilpatti,9.1728,77.871,Dryland,29.6,35.69,24.72,67.01,4.66,0.23,19.55,36.65
2018-07-07,Kovilpatti,9.1728,77.871,Dryland,28.92,33.69,26.25,65.24,5.81,0.22,17.52,36.66
2018-07-08,Kovilpatti,9.1728,77.871,Dryland,28.84,32.91,25.99,66.15,6.05,0.56,14.09,36.67
2018-07-09,Kovilpatti,9.1728,77.871,Dryland,28.28,31.4,26.17,73.8,6.0,2.58,10.76,36.68
2018-07-10,Kovilpatti,9.1728,77.871,Dryland,28.15,32.1,26.02,72.48,5.97,1.76,13.39,36.69
2018-07-11,Kovilpatti,9.1728,77.871,Dryland,27.84,31.21,25.27,71.67,5.76,1.12,9.99,36.7
2018-07-12,Kovilpatti,9.1728,77.871,Dryland,28.34,32.94,25.07,69.56,5.4,0.63,16.39,36.71
2018-07-13,Kovilpatti,9.1728,77.871,Dryland,28.53,32.53,25.56,72.4,6.06,1.01,12.26,36.73
2018-07-14,Kovilpatti,9.1728,77.871,Dryland,28.67,32.49,26.14,70.86,5.96,0.82,18.54,36.74
2018-07-15,Kovilpatti,9.1728,77.871,Dryland,27.87,30.95,25.63,75.91,5.6,3.95,6.2,36.75
2018-07-16,Kovilpatti,9.1728,77.871,Dryland,28.09,32.17,25.39,71.09,5.87,2.4,9.44,36.77
2018-07-17,Kovilpatti,9.1728,77.871,Dryland,29.11,34.9,25.1,64.92,6.23,0.71,15.13,36.79
2018-07-18,Kovilpatti,9.1728,77.871,Dryland,28.22,32.04,25.69,67.74,6.01,1.43,15.28,36.8
2018-07-19,Kovilpatti,9.1728,77.871,Dryland,28.19,33.25,25.22,71.28,6.07,1.81,11.18,36.82
2018-07-20,Kovilpatti,9.1728,77.871,Dryland,28.41,33.56,25.11,68.26,6.13,0.13,13.49,36.83
2018-07-21,Kovilpatti,9.1728,77.871,Dryland,28.46,33.45,25.7,66.38,6.0,0.12,16.32,36.85
2018-07-22,Kovilpatti,9.1728,77.871,Dryland,29.08,34.67,24.95,66.78,4.91,0.05,18.0,36.86
2018-07-23,Kovilpatti,9.1728,77.871,Dryland,29.7,35.7,25.49,65.63,4.89,0.17,15.58,36.88
2018-07-24,Kovilpatti,9.1728,77.871,Dryland,29.59,35.79,25.17,66.07,5.24,0.77,13.81,36.9
2018-07-25,Kovilpatti,9.1728,77.871,Dryland,30.1,36.69,25.13,63.99,4.46,0.44,17.29,36.91
2018-07-26,Kovilpatti,9.1728,77.871,Dryland,29.27,33.99,25.92,65.55,5.3,0.13,17.35,36.93
2018-07-27,Kovilpatti,9.1728,77.871,Dryland,29.7,36.21,25.26,64.31,5.15,0.03,18.56,36.95
2018-07-28,Kovilpatti,9.1728,77.871,Dryland,29.73,36.1,25.06,63.93,5.09,0.06,17.43,36.97
2018-07-29,Kovilpatti,9.1728,77.871,Dryland,29.86,36.21,25.69,65.35,5.14,0.16,17.66,36.98
2018-07-30,Kovilpatti,9.1728,77.871,Dryland,28.9,34.18,26.11,69.15,5.05,1.67,15.62,37.0
2018-07-31,Kovilpatti,9.1728,77.871,Dryland,28.23,32.53,25.58,72.5,5.24,3.8,13.29,37.02
2018-08-01,Kovilpatti,9.1728,77.871,Dryland,28.33,33.27,24.81,72.04,4.53,0.55,16.88,37.03
2018-08-02,Kovilpatti,9.1728,77.871,Dryland,29.54,36.57,24.7,67.03,4.38,5.79,18.97,37.05
2018-08-03,Kovilpatti,9.1728,77.871,Dryland,28.37,33.52,25.01,70.64,4.12,3.78,16.39,37.07
2018-08-04,Kovilpatti,9.1728,77.871,Dryland,27.73,33.03,24.02,71.03,4.22,0.66,15.7,37.08
2018-08-05,Kovilpatti,9.1728,77.871,Dryland,28.84,35.21,24.44,69.35,4.84,0.1,19.69,37.1
2018-08-06,Kovilpatti,9.1728,77.871,Dryland,28.66,34.5,24.95,69.18,5.87,0.26,20.01,37.12
2018-08-07,Kovilpatti,9.1728,77.871,Dryland,28.36,34.26,24.29,70.47,5.79,1.4,15.29,37.13
2018-08-08,Kovilpatti,9.1728,77.871,Dryland,27.78,32.51,24.81,71.64,6.28,4.09,10.54,37.14
2018-08-09,Kovilpatti,9.1728,77.871,Dryland,28.23,34.39,24.59,70.45,5.3,1.46,12.43,37.16
2018-08-10,Kovilpatti,9.1728,77.871,Dryland,28.24,32.83,24.97,70.35,4.76,2.13,10.87,37.17
2018-08-11,Kovilpatti,9.1728,77.871,Dryland,28.78,34.63,24.8,66.23,5.23,0.11,11.84,37.18
2018-08-12,Kovilpatti,9.1728,77.871,Dryland,27.97,33.0,25.01,69.58,6.21,1.32,12.77,37.2
2018-08-13,Kovilpatti,9.1728,77.871,Dryland,28.07,32.7,24.22,73.11,5.31,0.82,14.65,37.21
2018-08-14,Kovilpatti,9.1728,77.871,Dryland,28.19,32.31,25.33,69.97,6.48,10.7,11.94,37.22
2018-08-15,Kovilpatti,9.1728,77.871,Dryland,27.55,31.16,25.44,74.58,7.54,14.79,9.84,37.23
2018-08-16,Kovilpatti,9.1728,77.871,Dryland,27.45,31.57,25.11,73.07,7.14,5.59,10.89,37.24
2018-08-17,Kovilpatti,9.1728,77.871,Dryland,27.41,31.41,25.0,74.76,6.16,2.01,14.61,37.24
2018-08-18,Kovilpatti,9.1728,77.871,Dryland,27.0,31.55,24.63,73.77,6.25,1.24,11.63,37.25
2018-08-19,Kovilpatti,9.1728,77.871,Dryland,27.35,31.74,24.3,73.67,5.3,0.39,16.8,37.26
2018-08-20,Kovilpatti,9.1728,77.871,Dryland,27.74,33.18,24.57,72.2,5.13,0.15,17.68,37.26
2018-08-21,Kovilpatti,9.1728,77.871,Dryland,28.38,34.77,23.98,69.87,4.93,0.06,21.55,37.27
2018-08-22,Kovilpatti,9.1728,77.871,Dryland,29.0,35.91,23.67,66.66,3.82,0.01,21.36,37.27
2018-08-23,Kovilpatti,9.1728,77.871,Dryland,29.18,35.61,24.55,65.33,3.27,0.07,19.6,37.27
2018-08-24,Kovilpatti,9.1728,77.871,Dryland,29.24,35.34,24.81,65.27,2.69,0.99,17.06,37.27
2018-08-25,Kovilpatti,9.1728,77.871,Dryland,29.53,35.74,24.64,66.31,2.72,0.2,18.8,37.27
2018-08-26,Kovilpatti,9.1728,77.871,Dryland,28.42,34.17,24.43,69.27,4.02,0.51,17.0,37.27
2018-08-27,Kovilpatti,9.1728,77.871,Dryland,28.77,35.35,24.1,68.88,3.59,1.54,14.71,37.27
2018-08-28,Kovilpatti,9.1728,77.871,Dryland,27.96,32.88,23.99,70.5,3.99,0.26,15.98,37.27
2018-08-29,Kovilpatti,9.1728,77.871,Dryland,29.24,35.86,23.71,64.58,2.81,0.02,18.68,37.26
2018-08-30,Kovilpatti,9.1728,77.871,Dryland,29.46,36.26,24.49,66.36,3.54,2.95,19.15,37.25
2018-08-31,Kovilpatti,9.1728,77.871,Dryland,28.44,33.6,24.59,71.66,2.87,3.55,16.58,37.24
2018-09-01,Kovilpatti,9.1728,77.871,Dryland,28.33,33.33,24.77,71.21,3.1,2.81,18.93,37.24
2018-09-02,Kovilpatti,9.1728,77.871,Dryland,28.22,33.32,24.35,72.45,3.09,0.9,20.89,37.23
2018-09-03,Kovilpatti,9.1728,77.871,Dryland,29.08,35.2,24.35,66.77,2.85,0.04,20.94,37.21
2018-09-04,Kovilpatti,9.1728,77.871,Dryland,29.6,36.61,24.18,64.69,3.09,0.0,25.13,37.2
2018-09-05,Kovilpatti,9.1728,77.871,Dryland,29.19,36.58,22.97,64.99,4.42,0.0,25.16,37.18
2018-09-06,Kovilpatti,9.1728,77.871,Dryland,29.45,36.72,24.28,64.94,5.34,0.0,24.21,37.16
2018-09-07,Kovilpatti,9.1728,77.871,Dryland,29.08,36.27,24.0,63.91,5.29,0.0,24.98,37.15
2018-09-08,Kovilpatti,9.1728,77.871,Dryland,30.26,38.02,23.53,59.59,3.1,0.0,25.9,37.12
2018-09-09,Kovilpatti,9.1728,77.871,Dryland,30.97,38.28,24.66,56.54,2.26,0.09,23.81,37.1
2018-09-10,Kovilpatti,9.1728,77.871,Dryland,30.25,35.21,25.91,61.9,1.89,2.37,17.2,37.08
2018-09-11,Kovilpatti,9.1728,77.871,Dryland,30.33,36.38,25.4,62.31,1.99,0.3,21.88,37.06
2018-09-12,Kovilpatti,9.1728,77.871,Dryland,30.89,37.45,24.99,58.68,2.51,0.02,24.53,37.03
2018-09-13,Kovilpatti,9.1728,77.871,Dryland,31.42,38.01,25.83,57.92,2.76,0.07,22.19,37.0
2018-09-14,Kovilpatti,9.1728,77.871,Dryland,30.92,37.43,25.83,59.29,3.06,2.16,19.58,36.97
2018-09-15,Kovilpatti,9.1728,77.871,Dryland,30.51,37.09,25.56,60.39,2.65,0.76,19.61,36.94
2018-09-16,Kovilpatti,9.1728,77.871,Dryland,29.77,34.66,25.72,60.37,3.27,0.25,17.53,36.91
2018-09-17,Kovilpatti,9.1728,77.871,Dryland,29.11,33.99,26.01,66.2,4.28,0.11,17.73,36.88
2018-09-18,Kovilpatti,9.1728,77.871,Dryland,29.13,34.74,25.76,66.88,5.44,0.33,18.45,36.84
2018-09-19,Kovilpatti,9.1728,77.871,Dryland,28.92,34.29,24.95,69.24,4.4,1.33,16.6,36.8
2018-09-20,Kovilpatti,9.1728,77.871,Dryland,29.26,35.84,24.95,68.32,5.33,2.24,15.66,36.76
2018-09-21,Kovilpatti,9.1728,77.871,Dryland,29.64,36.44,24.3,64.39,4.52,0.1,23.49,36.72
2018-09-22,Kovilpatti,9.1728,77.871,Dryland,29.73,34.13,25.2,65.47,2.44,0.06,22.64,36.68
2018-09-23,Kovilpatti,9.1728,77.871,Dryland,29.89,35.08,25.82,68.33,2.69,3.11,22.4,36.63
2018-09-24,Kovilpatti,9.1728,77.871,Dryland,28.8,32.77,25.89,71.92,2.61,4.97,19.61,36.59
2018-09-25,Kovilpatti,9.1728,77.871,Dryland,28.63,33.25,24.81,72.03,2.67,1.88,20.81,36.54
2018-09-26,Kovilpatti,9.1728,77.871,Dryland,29.73,35.39,25.25,68.46,2.06,0.23,20.65,36.49
2018-09-27,Kovilpatti,9.1728,77.871,Dryland,29.29,34.5,25.41,70.44,2.03,2.14,18.78,36.44
2018-09-28,Kovilpatti,9.1728,77.871,Dryland,28.44,32.11,25.77,76.12,1.25,6.89,18.06,36.39
2018-09-29,Kovilpatti,9.1728,77.871,Dryland,27.31,29.73,25.6,80.52,0.98,4.73,17.57,36.33
2018-09-30,Kovilpatti,9.1728,77.871,Dryland,28.31,32.86,24.81,76.2,1.63,7.35,17.46,36.28
2018-10-01,Kovilpatti,9.1728,77.871,Dryland,28.43,32.11,25.6,76.23,1.33,10.24,16.8,36.22
2018-10-02,Kovilpatti,9.1728,77.871,Dryland,27.7,30.34,25.62,79.52,1.41,11.28,15.95,36.16
2018-10-03,Kovilpatti,9.1728,77.871,Dryland,27.21,29.85,24.96,83.25,1.56,18.83,13.84,36.1
2018-10-04,Kovilpatti,9.1728,77.871,Dryland,26.63,29.21,25.08,85.12,2.68,19.26,11.86,36.04
2018-10-05,Kovilpatti,9.1728,77.871,Dryland,26.51,28.59,25.51,89.82,3.29,26.65,9.19,35.97
2018-10-06,Kovilpatti,9.1728,77.871,Dryland,26.8,28.72,25.24,87.32,1.65,25.89,14.21,35.91
2018-10-07,Kovilpatti,9.1728,77.871,Dryland,27.57,31.05,25.23,79.68,1.11,7.82,19.52,35.84
2018-10-08,Kovilpatti,9.1728,77.871,Dryland,27.03,30.8,23.86,83.08,2.02,13.9,13.26,35.78
2018-10-09,Kovilpatti,9.1728,77.871,Dryland,27.34,31.16,24.53,80.65,1.42,1.79,15.14,35.71
2018-10-10,Kovilpatti,9.1728,77.871,Dryland,27.23,31.0,24.83,80.08,2.75,0.34,19.13,35.64
2018-10-11,Kovilpatti,9.1728,77.871,Dryland,27.85,32.0,24.76,79.97,2.24,0.18,20.0,35.57
2018-10-12,Kovilpatti,9.1728,77.871,Dryland,28.27,32.41,25.15,80.01,2.64,0.06,18.4,35.49
2018-10-13,Kovilpatti,9.1728,77.871,Dryland,27.6,31.46,24.75,80.71,3.04,0.89,17.81,35.42
2018-10-14,Kovilpatti,9.1728,77.871,Dryland,27.13,30.55,24.53,81.58,2.64,3.11,17.72,35.35
2018-10-15,Kovilpatti,9.1728,77.871,Dryland,27.53,31.64,24.01,79.26,1.87,0.78,18.68,35.27
2018-10-16,Kovilpatti,9.1728,77.871,Dryland,26.93,30.24,24.51,82.64,1.9,4.53,14.51,35.19
2018-10-17,Kovilpatti,9.1728,77.871,Dryland,26.82,30.33,23.96,78.8,1.64,3.51,17.0,35.12
2018-10-18,Kovilpatti,9.1728,77.871,Dryland,27.29,31.48,23.83,77.58,1.25,3.2,18.99,35.04
2018-10-19,Kovilpatti,9.1728,77.871,Dryland,27.27,30.14,25.22,80.14,1.02,4.76,15.49,34.96
2018-10-20,Kovilpatti,9.1728,77.871,Dryland,27.32,30.05,25.22,80.6,1.33,11.22,15.81,34.88
2018-10-21,Kovilpatti,9.1728,77.871,Dryland,27.51,30.39,24.85,80.9,1.0,6.16,18.45,34.8
2018-10-22,Kovilpatti,9.1728,77.871,Dryland,26.49,28.16,25.21,88.13,1.82,7.94,16.85,34.71
2018-10-23,Kovilpatti,9.1728,77.871,Dryland,27.22,30.4,24.52,74.95,1.43,4.48,18.25,34.63
2018-10-24,Kovilpatti,9.1728,77.871,Dryland,26.91,29.99,24.01,76.59,1.32,16.59,19.77,34.55
2018-10-25,Kovilpatti,9.1728,77.871,Dryland,26.41,28.87,23.68,84.44,2.22,19.48,13.86,34.46
2018-10-26,Kovilpatti,9.1728,77.871,Dryland,26.64,30.18,24.09,83.32,3.16,0.94,19.53,34.38
2018-10-27,Kovilpatti,9.1728,77.871,Dryland,26.88,30.71,23.17,82.76,2.36,1.19,19.22,34.29
2018-10-28,Kovilpatti,9.1728,77.871,Dryland,27.21,31.65,23.79,77.32,2.3,0.69,21.78,34.21
2018-10-29,Kovilpatti,9.1728,77.871,Dryland,27.7,32.26,23.52,70.35,1.58,0.0,16.54,34.12
2018-10-30,Kovilpatti,9.1728,77.871,Dryland,27.34,32.09,22.86,77.86,1.39,0.03,19.96,34.04
2018-10-31,Kovilpatti,9.1728,77.871,Dryland,27.01,29.56,24.73,84.35,1.82,3.56,16.74,33.95
2018-11-01,Kovilpatti,9.1728,77.871,Dryland,26.3,27.63,25.34,90.29,1.43,6.92,10.54,33.86
2018-11-02,Kovilpatti,9.1728,77.871,Dryland,26.44,28.8,24.75,87.12,2.16,16.57,13.73,33.78
2018-11-03,Kovilpatti,9.1728,77.871,Dryland,26.35,28.88,24.67,88.88,2.62,28.66,10.49,33.69
2018-11-04,Kovilpatti,9.1728,77.871,Dryland,26.54,30.08,24.14,84.46,2.74,0.91,21.0,33.61
2018-11-05,Kovilpatti,9.1728,77.871,Dryland,26.26,29.5,23.7,84.67,2.2,0.05,19.95,33.52
2018-11-06,Kovilpatti,9.1728,77.871,Dryland,25.57,28.16,23.51,88.97,2.38,3.67,12.26,33.43
2018-11-07,Kovilpatti,9.1728,77.871,Dryland,25.89,28.9,23.77,85.07,2.48,2.27,15.9,33.35
2018-11-08,Kovilpatti,9.1728,77.871,Dryland,24.92,26.97,23.27,89.21,2.2,6.49,12.9,33.26
2018-11-09,Kovilpatti,9.1728,77.871,Dryland,25.84,28.17,24.04,88.78,2.02,3.52,14.61,33.18
2018-11-10,Kovilpatti,9.1728,77.871,Dryland,26.41,30.19,23.65,83.32,2.66,0.13,21.39,33.1
2018-11-11,Kovilpatti,9.1728,77.871,Dryland,26.55,30.85,22.78,77.25,1.98,0.05,18.52,33.02
2018-11-12,Kovilpatti,9.1728,77.871,Dryland,26.25,30.67,21.78,78.7,1.42,0.01,17.47,32.93
2018-11-13,Kovilpatti,9.1728,77.871,Dryland,26.61,30.74,22.72,81.54,1.4,0.03,18.88,32.85
2018-11-14,Kovilpatti,9.1728,77.871,Dryland,26.91,30.98,23.0,81.61,1.25,0.02,17.62,32.77
2018-11-15,Kovilpatti,9.1728,77.871,Dryland,27.96,31.99,24.72,75.85,0.76,7.39,18.78,32.69
2018-11-16,Kovilpatti,9.1728,77.871,Dryland,25.59,27.61,24.16,88.35,3.17,32.33,3.45,32.62
2018-11-17,Kovilpatti,9.1728,77.871,Dryland,26.32,30.23,22.55,83.17,1.26,0.04,16.63,32.54
2018-11-18,Kovilpatti,9.1728,77.871,Dryland,26.74,29.77,24.7,84.09,1.55,0.72,15.72,32.47
2018-11-19,Kovilpatti,9.1728,77.871,Dryland,26.73,30.14,24.0,86.09,2.0,8.66,17.01,32.39
2018-11-20,Kovilpatti,9.1728,77.871,Dryland,25.62,28.05,24.0,88.46,2.15,5.0,16.1,32.32
2018-11-21,Kovilpatti,9.1728,77.871,Dryland,26.4,30.42,23.29,82.1,2.42,1.02,17.82,32.25
2018-11-22,Kovilpatti,9.1728,77.871,Dryland,26.63,30.4,22.96,81.53,1.59,2.36,14.91,32.18
2018-11-23,Kovilpatti,9.1728,77.871,Dryland,26.43,28.7,24.73,88.26,1.77,2.76,15.07,32.11
2018-11-24,Kovilpatti,9.1728,77.871,Dryland,25.9,28.09,23.87,89.71,2.2,3.97,15.23,32.04
2018-11-25,Kovilpatti,9.1728,77.871,Dryland,25.74,29.28,23.23,85.19,2.87,0.21,16.97,31.98
2018-11-26,Kovilpatti,9.1728,77.871,Dryland,25.64,29.41,22.7,82.5,3.19,0.0,13.3,31.91
2018-11-27,Kovilpatti,9.1728,77.871,Dryland,24.68,28.89,20.54,80.82,3.23,0.0,19.42,31.85
2018-11-28,Kovilpatti,9.1728,77.871,Dryland,25.24,29.3,21.87,83.6,3.42,0.27,18.93,31.79
2018-11-29,Kovilpatti,9.1728,77.871,Dryland,25.89,29.42,23.85,87.95,3.6,3.65,11.31,31.73
2018-11-30,Kovilpatti,9.1728,77.871,Dryland,26.31,30.01,23.7,86.09,3.48,0.86,13.17,31.68
2018-12-01,Kovilpatti,9.1728,77.871,Dryland,25.89,29.3,23.45,84.5,3.26,0.1,17.79,31.62
2018-12-02,Kovilpatti,9.1728,77.871,Dryland,25.54,29.78,21.8,82.29,3.07,0.0,19.83,31.57
2018-12-03,Kovilpatti,9.1728,77.871,Dryland,25.84,30.3,21.56,85.74,3.03,0.64,19.12,31.53
2018-12-04,Kovilpatti,9.1728,77.871,Dryland,26.49,30.05,24.07,86.66,2.82,5.64,10.86,31.48
2018-12-05,Kovilpatti,9.1728,77.871,Dryland,26.57,29.87,24.15,86.13,2.57,1.67,15.09,31.44
2018-12-06,Kovilpatti,9.1728,77.871,Dryland,26.39,29.57,24.45,85.74,2.67,0.2,16.15,31.4
2018-12-07,Kovilpatti,9.1728,77.871,Dryland,26.41,30.48,22.76,84.68,3.08,0.54,17.97,31.36
2018-12-08,Kovilpatti,9.1728,77.871,Dryland,26.35,30.68,23.26,81.68,3.38,0.06,16.45,31.32
2018-12-09,Kovilpatti,9.1728,77.871,Dryland,26.04,31.11,22.15,81.05,3.25,0.0,17.96,31.29
2018-12-10,Kovilpatti,9.1728,77.871,Dryland,25.94,31.16,21.56,79.41,2.62,0.0,16.99,31.26
2018-12-11,Kovilpatti,9.1728,77.871,Dryland,25.28,29.48,21.88,77.59,2.17,0.0,16.51,31.23
2018-12-12,Kovilpatti,9.1728,77.871,Dryland,26.0,31.49,21.07,77.73,2.14,0.0,15.95,31.2
2018-12-13,Kovilpatti,9.1728,77.871,Dryland,26.48,31.71,22.31,77.09,2.12,0.0,14.23,31.18
2018-12-14,Kovilpatti,9.1728,77.871,Dryland,26.28,31.77,21.86,76.08,2.75,0.0,17.2,31.16
2018-12-15,Kovilpatti,9.1728,77.871,Dryland,26.27,31.65,21.78,77.78,3.33,0.0,16.2,31.15
2018-12-16,Kovilpatti,9.1728,77.871,Dryland,26.78,32.59,21.9,67.92,1.73,0.0,14.14,31.13
2018-12-17,Kovilpatti,9.1728,77.871,Dryland,26.81,32.77,21.35,71.17,1.42,0.0,16.92,31.12
2018-12-18,Kovilpatti,9.1728,77.871,Dryland,27.01,31.2,23.39,78.08,1.78,0.02,16.73,31.12
2018-12-19,Kovilpatti,9.1728,77.871,Dryland,26.58,30.91,23.51,76.5,3.09,0.0,13.58,31.11
2018-12-20,Kovilpatti,9.1728,77.871,Dryland,26.03,31.47,21.66,75.5,2.66,0.01,18.89,31.11
2018-12-21,Kovilpatti,9.1728,77.871,Dryland,26.65,31.53,22.15,78.57,2.62,0.29,17.52,31.11
2018-12-22,Kovilpatti,9.1728,77.871,Dryland,26.03,31.04,22.66,76.54,3.47,2.3,9.91,31.11
2018-12-23,Kovilpatti,9.1728,77.871,Dryland,26.44,30.28,23.81,84.56,3.51,3.32,11.6,31.12
2018-12-24,Kovilpatti,9.1728,77.871,Dryland,25.93,28.62,24.06,86.63,3.03,3.17,12.03,31.13
2018-12-25,Kovilpatti,9.1728,77.871,Dryland,26.76,31.95,23.06,77.96,3.09,0.37,17.02,31.14
2018-12-26,Kovilpatti,9.1728,77.871,Dryland,26.51,31.98,22.6,77.18,2.09,0.06,19.2,31.16
2018-12-27,Kovilpatti,9.1728,77.871,Dryland,26.31,32.18,21.95,74.15,2.53,0.01,19.36,31.18
2018-12-28,Kovilpatti,9.1728,77.871,Dryland,26.32,31.3,22.01,75.49,2.16,0.02,15.23,31.2
2018-12-29,Kovilpatti,9.1728,77.871,Dryland,26.41,30.25,23.73,75.94,3.24,0.57,8.18,31.22
2018-12-30,Kovilpatti,9.1728,77.871,Dryland,26.08,30.94,22.88,73.45,4.03,0.13,13.94,31.25
2018-12-31,Kovilpatti,9.1728,77.871,Dryland,25.68,30.81,21.33,73.54,4.04,0.01,16.84,31.28
2019-01-01,Kovilpatti,9.1728,77.871,Dryland,25.14,30.89,20.71,69.77,3.78,0.0,15.92,31.31
2019-01-02,Kovilpatti,9.1728,77.871,Dryland,24.12,29.96,19.26,69.4,3.96,0.0,20.52,31.34
2019-01-03,Kovilpatti,9.1728,77.871,Dryland,24.58,31.14,18.75,68.1,3.93,0.0,20.77,31.38
2019-01-04,Kovilpatti,9.1728,77.871,Dryland,24.57,30.75,19.02,68.16,4.06,0.0,22.58,31.42
2019-01-05,Kovilpatti,9.1728,77.871,Dryland,25.32,31.4,19.59,68.79,3.42,0.0,21.47,31.47
2019-01-06,Kovilpatti,9.1728,77.871,Dryland,25.02,31.03,19.07,71.33,3.36,0.0,20.71,31.51
2019-01-07,Kovilpatti,9.1728,77.871,Dryland,25.69,31.37,20.62,68.7,2.71,0.0,21.23,31.56
2019-01-08,Kovilpatti,9.1728,77.871,Dryland,25.71,32.28,20.46,72.13,3.15,0.0,20.21,31.61
2019-01-09,Kovilpatti,9.1728,77.871,Dryland,24.97,32.13,18.88,70.55,3.4,0.0,22.21,31.67
2019-01-10,Kovilpatti,9.1728,77.871,Dryland,25.05,32.37,18.75,69.96,3.43,0.0,22.66,31.72
2019-01-11,Kovilpatti,9.1728,77.871,Dryland,25.4,32.04,19.67,70.17,3.4,0.0,20.73,31.78
2019-01-12,Kovilpatti,9.1728,77.871,Dryland,25.67,32.53,19.71,66.03,3.77,0.0,19.47,31.84
2019-01-13,Kovilpatti,9.1728,77.871,Dryland,26.23,32.26,20.48,71.28,3.35,0.03,17.21,31.91
2019-01-14,Kovilpatti,9.1728,77.871,Dryland,26.93,32.22,22.41,69.98,3.29,0.49,17.86,31.97
2019-01-15,Kovilpatti,9.1728,77.871,Dryland,26.72,32.74,21.61,66.57,3.6,0.16,19.19,32.04
2019-01-16,Kovilpatti,9.1728,77.871,Dryland,26.63,33.06,21.53,64.73,4.05,0.0,20.75,32.11
2019-01-17,Kovilpatti,9.1728,77.871,Dryland,25.71,32.37,19.92,63.76,3.69,0.0,18.21,32.18
2019-01-18,Kovilpatti,9.1728,77.871,Dryland,25.36,31.91,19.58,61.64,3.56,0.0,16.04,32.25
2019-01-19,Kovilpatti,9.1728,77.871,Dryland,25.26,32.1,19.0,63.42,3.22,0.0,20.0,32.33
2019-01-20,Kovilpatti,9.1728,77.871,Dryland,25.18,31.98,19.02,63.88,3.75,0.0,16.27,32.41
2019-01-21,Kovilpatti,9.1728,77.871,Dryland,25.36,32.78,18.92,62.4,3.06,0.0,16.17,32.48
2019-01-22,Kovilpatti,9.1728,77.871,Dryland,25.8,33.12,19.2,66.59,2.83,0.0,21.57,32.56
2019-01-23,Kovilpatti,9.1728,77.871,Dryland,26.51,33.37,21.1,69.5,2.98,0.0,21.96,32.64
2019-01-24,Kovilpatti,9.1728,77.871,Dryland,26.88,33.17,21.49,71.61,2.85,0.0,21.53,32.73
2019-01-25,Kovilpatti,9.1728,77.871,Dryland,27.76,33.91,22.87,71.07,2.28,0.0,17.78,32.81
2019-01-26,Kovilpatti,9.1728,77.871,Dryland,28.27,34.02,23.43,70.66,2.58,0.01,19.39,32.9
2019-01-27,Kovilpatti,9.1728,77.871,Dryland,28.2,33.5,24.07,67.59,2.76,0.31,19.07,32.98
2019-01-28,Kovilpatti,9.1728,77.871,Dryland,28.17,34.05,23.63,66.14,2.87,0.94,19.18,33.07
2019-01-29,Kovilpatti,9.1728,77.871,Dryland,28.14,33.56,24.33,62.27,3.91,0.01,18.54,33.16
2019-01-30,Kovilpatti,9.1728,77.871,Dryland,27.64,33.84,22.85,64.5,4.45,0.0,20.37,33.25
2019-01-31,Kovilpatti,9.1728,77.871,Dryland,27.29,33.44,22.06,64.88,3.82,0.0,20.66,33.34
2019-02-01,Kovilpatti,9.1728,77.871,Dryland,27.45,33.62,22.39,65.46,3.35,0.0,19.9,33.43
2019-02-02,Kovilpatti,9.1728,77.871,Dryland,27.79,34.16,23.13,65.27,3.48,0.0,19.91,33.52
2019-02-03,Kovilpatti,9.1728,77.871,Dryland,28.01,34.31,23.34,64.39,3.7,0.0,22.7,33.61
2019-02-04,Kovilpatti,9.1728,77.871,Dryland,28.29,34.16,23.73,68.08,4.29,0.23,16.85,33.7
2019-02-05,Kovilpatti,9.1728,77.871,Dryland,28.43,33.54,24.42,68.63,4.04,0.1,13.43,33.79
2019-02-06,Kovilpatti,9.1728,77.871,Dryland,28.19,34.1,23.91,64.99,3.51,0.03,20.0,33.89
2019-02-07,Kovilpatti,9.1728,77.871,Dryland,27.91,34.35,22.63,65.98,2.62,0.0,21.46,33.98
2019-02-08,Kovilpatti,9.1728,77.871,Dryland,28.74,34.81,23.7,68.48,2.07,0.01,21.61,34.08
2019-02-09,Kovilpatti,9.1728,77.871,Dryland,28.47,32.8,25.32,72.5,1.94,0.9,15.55,34.17
2019-02-10,Kovilpatti,9.1728,77.871,Dryland,28.03,32.81,24.84,72.48,2.31,0.46,15.42,34.26
2019-02-11,Kovilpatti,9.1728,77.871,Dryland,28.57,34.54,24.38,66.95,3.93,0.08,20.54,34.36
2019-02-12,Kovilpatti,9.1728,77.871,Dryland,28.49,34.22,24.32,65.11,4.62,0.01,20.28,34.45
2019-02-13,Kovilpatti,9.1728,77.871,Dryland,28.41,34.72,23.44,62.37,4.54,0.0,22.66,34.55
2019-02-14,Kovilpatti,9.1728,77.871,Dryland,28.74,35.13,23.23,67.14,3.84,0.0,22.19,34.64
2019-02-15,Kovilpatti,9.1728,77.871,Dryland,28.98,34.46,25.02,68.15,3.08,0.05,19.88,34.74
2019-02-16,Kovilpatti,9.1728,77.871,Dryland,29.39,35.49,24.93,66.3,2.35,0.08,19.68,34.83
2019-02-17,Kovilpatti,9.1728,77.871,Dryland,29.47,34.52,26.08,68.26,1.82,0.15,20.49,34.92
2019-02-18,Kovilpatti,9.1728,77.871,Dryland,30.05,35.96,25.79,66.36,2.53,0.03,20.03,35.01
2019-02-19,Kovilpatti,9.1728,77.871,Dryland,29.85,35.22,25.76,66.61,2.44,0.05,19.95,35.1
2019-02-20,Kovilpatti,9.1728,77.871,Dryland,29.31,34.53,25.68,62.88,3.84,0.0,21.88,35.19
2019-02-21,Kovilpatti,9.1728,77.871,Dryland,28.98,35.42,23.87,61.85,3.84,0.0,23.71,35.28
2019-02-22,Kovilpatti,9.1728,77.871,Dryland,28.7,35.35,23.69,58.34,4.04,0.0,25.55,35.37
2019-02-23,Kovilpatti,9.1728,77.871,Dryland,27.77,34.99,21.74,60.99,2.95,0.0,25.3,35.45
2019-02-24,Kovilpatti,9.1728,77.871,Dryland,27.73,35.14,21.39,62.85,2.89,0.0,25.05,35.54
2019-02-25,Kovilpatti,9.1728,77.871,Dryland,28.32,36.18,21.63,62.27,2.47,0.0,24.76,35.62
2019-02-26,Kovilpatti,9.1728,77.871,Dryland,29.54,37.09,23.99,63.69,2.02,0.0,23.69,35.71
2019-02-27,Kovilpatti,9.1728,77.871,Dryland,30.67,37.97,24.92,58.9,2.3,0.0,19.74,35.79
2019-02-28,Kovilpatti,9.1728,77.871,Dryland,31.13,37.9,26.0,55.79,2.66,0.01,18.61,35.87
2019-03-01,Kovilpatti,9.1728,77.871,Dryland,30.32,36.02,26.43,61.0,2.33,0.0,20.63,35.95
2019-03-02,Kovilpatti,9.1728,77.871,Dryland,29.9,35.5,26.06,61.54,3.48,0.01,20.92,36.03
2019-03-03,Kovilpatti,9.1728,77.871,Dryland,30.08,36.53,25.73,60.49,3.21,0.01,23.85,36.1
2019-03-04,Kovilpatti,9.1728,77.871,Dryland,29.81,36.26,25.6,59.25,2.51,0.02,20.14,36.18
2019-03-05,Kovilpatti,9.1728,77.871,Dryland,30.51,38.23,24.98,57.21,2.3,0.0,22.82,36.25
2019-03-06,Kovilpatti,9.1728,77.871,Dryland,31.55,39.38,25.64,59.45,2.79,0.16,22.3,36.32
2019-03-07,Kovilpatti,9.1728,77.871,Dryland,31.38,38.43,26.74,60.85,3.13,0.04,23.26,36.4
2019-03-08,Kovilpatti,9.1728,77.871,Dryland,31.14,37.45,26.65,62.55,3.12,0.02,21.76,36.47
2019-03-09,Kovilpatti,9.1728,77.871,Dryland,30.78,37.27,26.58,63.4,2.41,1.88,20.25,36.54
2019-03-10,Kovilpatti,9.1728,77.871,Dryland,30.2,35.73,26.38,63.81,2.16,0.97,23.26,36.6
2019-03-11,Kovilpatti,9.1728,77.871,Dryland,29.94,35.79,25.68,57.41,2.52,0.0,24.78,36.67
2019-03-12,Kovilpatti,9.1728,77.871,Dryland,29.3,35.56,24.21,57.91,2.78,0.0,25.31,36.73
2019-03-13,Kovilpatti,9.1728,77.871,Dryland,29.12,35.49,23.34,59.58,3.23,0.0,24.98,36.79
2019-03-14,Kovilpatti,9.1728,77.871,Dryland,29.48,36.24,23.18,55.91,3.11,0.0,23.31,36.85
2019-03-15,Kovilpatti,9.1728,77.871,Dryland,29.33,35.42,23.59,56.93,3.32,0.0,25.75,36.91
2019-03-16,Kovilpatti,9.1728,77.871,Dryland,29.55,36.29,23.98,59.6,3.18,0.0,23.87,36.97
2019-03-17,Kovilpatti,9.1728,77.871,Dryland,29.95,36.47,25.0,60.9,3.06,0.01,24.64,37.02
2019-03-18,Kovilpatti,9.1728,77.871,Dryland,30.41,36.49,26.01,61.9,2.94,0.28,24.01,37.08
2019-03-19,Kovilpatti,9.1728,77.871,Dryland,30.19,35.75,26.26,61.07,2.42,0.1,24.37,37.13
2019-03-20,Kovilpatti,9.1728,77.871,Dryland,30.14,36.19,26.25,61.21,2.34,0.38,23.98,37.17
2019-03-21,Kovilpatti,9.1728,77.871,Dryland,30.04,36.47,25.13,60.5,2.42,0.0,25.37,37.22
2019-03-22,Kovilpatti,9.1728,77.871,Dryland,30.38,36.56,25.93,62.38,2.47,0.03,24.6,37.27
2019-03-23,Kovilpatti,9.1728,77.871,Dryland,30.73,37.18,26.6,62.92,2.19,0.01,24.89,37.31
2019-03-24,Kovilpatti,9.1728,77.871,Dryland,30.58,37.57,25.81,57.63,2.0,0.0,25.75,37.35
2019-03-25,Kovilpatti,9.1728,77.871,Dryland,30.71,37.07,25.89,52.57,2.53,0.0,25.78,37.39
2019-03-26,Kovilpatti,9.1728,77.871,Dryland,30.04,36.77,24.85,54.86,2.63,0.0,26.46,37.42
2019-03-27,Kovilpatti,9.1728,77.871,Dryland,30.46,37.29,25.22,56.04,2.43,0.0,24.43,37.46
2019-03-28,Kovilpatti,9.1728,77.871,Dryland,30.35,37.11,25.59,56.84,2.17,0.0,26.1,37.49
2019-03-29,Kovilpatti,9.1728,77.871,Dryland,30.57,38.05,24.49,52.23,2.24,0.01,25.77,37.52
2019-03-30,Kovilpatti,9.1728,77.871,Dryland,30.72,37.56,26.25,58.34,2.27,0.0,25.97,37.55
2019-03-31,Kovilpatti,9.1728,77.871,Dryland,31.9,39.35,25.64,55.79,2.67,0.0,25.17,37.58
2019-04-01,Kovilpatti,9.1728,77.871,Dryland,32.27,38.81,26.98,56.76,3.0,0.0,25.01,37.6
2019-04-02,Kovilpatti,9.1728,77.871,Dryland,31.35,38.1,26.88,60.64,2.44,0.01,24.72,37.63
2019-04-03,Kovilpatti,9.1728,77.871,Dryland,30.76,37.02,26.47,62.88,2.4,0.01,24.23,37.65
2019-04-04,Kovilpatti,9.1728,77.871,Dryland,30.69,36.84,26.19,60.96,2.34,0.5,24.99,37.67
2019-04-05,Kovilpatti,9.1728,77.871,Dryland,31.64,38.48,26.32,57.72,2.38,0.36,25.68,37.69
2019-04-06,Kovilpatti,9.1728,77.871,Dryland,31.97,38.77,26.78,55.21,2.38,0.01,24.6,37.71
2019-04-07,Kovilpatti,9.1728,77.871,Dryland,31.78,38.9,26.99,60.75,2.36,0.02,25.64,37.72
2019-04-08,Kovilpatti,9.1728,77.871,Dryland,31.57,37.44,27.19,62.76,2.66,0.01,23.47,37.74
2019-04-09,Kovilpatti,9.1728,77.871,Dryland,32.06,38.4,27.28,58.73,2.58,0.01,21.74,37.75
2019-04-10,Kovilpatti,9.1728,77.871,Dryland,31.76,37.79,27.5,60.67,2.31,0.02,23.54,37.75
2019-04-11,Kovilpatti,9.1728,77.871,Dryland,32.02,38.91,27.85,58.86,2.13,0.03,24.78,37.76
2019-04-12,Kovilpatti,9.1728,77.871,Dryland,31.85,38.24,27.61,61.13,2.19,0.01,25.71,37.76
2019-04-13,Kovilpatti,9.1728,77.871,Dryland,31.81,38.34,27.15,61.65,2.03,0.01,25.39,37.77
2019-04-14,Kovilpatti,9.1728,77.871,Dryland,31.76,37.62,27.81,59.07,1.96,0.01,23.94,37.77
2019-04-15,Kovilpatti,9.1728,77.871,Dryland,32.3,39.03,27.14,57.7,2.46,0.03,25.58,37.77
2019-04-16,Kovilpatti,9.1728,77.871,Dryland,32.06,37.61,28.19,59.56,2.2,0.71,23.84,37.78
2019-04-17,Kovilpatti,9.1728,77.871,Dryland,31.18,35.36,28.6,65.09,2.06,2.82,18.05,37.78
2019-04-18,Kovilpatti,9.1728,77.871,Dryland,31.21,36.23,27.73,64.63,2.56,1.31,21.16,37.78
2019-04-19,Kovilpatti,9.1728,77.871,Dryland,31.14,36.21,27.37,64.85,2.84,1.71,20.23,37.78
2019-04-20,Kovilpatti,9.1728,77.871,Dryland,30.62,35.57,27.25,65.44,2.49,3.16,19.13,37.77
2019-04-21,Kovilpatti,9.1728,77.871,Dryland,31.46,37.87,26.56,59.91,2.49,0.59,18.75,37.76
2019-04-22,Kovilpatti,9.1728,77.871,Dryland,32.0,38.28,26.62,58.45,2.63,0.74,21.95,37.75
2019-04-23,Kovilpatti,9.1728,77.871,Dryland,31.87,37.27,27.87,61.6,2.12,1.1,19.19,37.74
2019-04-24,Kovilpatti,9.1728,77.871,Dryland,31.2,36.12,28.1,62.49,1.77,0.35,23.22,37.73
2019-04-25,Kovilpatti,9.1728,77.871,Dryland,32.07,37.72,27.5,58.06,2.04,0.35,21.25,37.72
2019-04-26,Kovilpatti,9.1728,77.871,Dryland,31.66,36.25,28.61,62.52,2.29,0.12,24.08,37.71
2019-04-27,Kovilpatti,9.1728,77.871,Dryland,31.97,37.79,28.46,64.38,2.31,0.11,21.8,37.69
2019-04-28,Kovilpatti,9.1728,77.871,Dryland,33.0,39.04,28.53,60.04,2.16,0.08,21.54,37.68
2019-04-29,Kovilpatti,9.1728,77.871,Dryland,32.7,37.79,29.26,57.56,2.65,2.4,18.96,37.66
2019-04-30,Kovilpatti,9.1728,77.871,Dryland,31.92,37.45,27.79,59.81,4.64,0.9,18.55,37.64
2019-05-01,Kovilpatti,9.1728,77.871,Dryland,30.71,35.27,27.61,65.38,5.25,1.39,17.24,37.62
2019-05-02,Kovilpatti,9.1728,77.871,Dryland,31.38,36.49,27.08,62.92,4.89,0.01,19.23,37.6
2019-05-03,Kovilpatti,9.1728,77.871,Dryland,32.12,37.65,27.91,57.63,4.78,0.0,21.38,37.58
2019-05-04,Kovilpatti,9.1728,77.871,Dryland,32.69,39.39,27.27,54.81,3.94,0.0,21.65,37.56
2019-05-05,Kovilpatti,9.1728,77.871,Dryland,32.96,39.89,27.09,54.99,3.16,0.0,22.23,37.55
2019-05-06,Kovilpatti,9.1728,77.871,Dryland,33.24,39.8,28.5,55.51,3.71,0.08,22.23,37.52
2019-05-07,Kovilpatti,9.1728,77.871,Dryland,32.72,39.49,27.91,56.3,4.76,0.38,20.75,37.5
2019-05-08,Kovilpatti,9.1728,77.871,Dryland,32.08,38.04,27.85,51.5,4.5,0.08,18.73,37.48
2019-05-09,Kovilpatti,9.1728,77.871,Dryland,33.06,40.04,27.47,52.01,3.28,0.89,17.93,37.45
2019-05-10,Kovilpatti,9.1728,77.871,Dryland,33.0,39.29,27.75,56.39,3.38,0.09,21.26,37.43
2019-05-11,Kovilpatti,9.1728,77.871,Dryland,33.32,39.75,28.56,56.72,3.94,0.01,21.03,37.41
2019-05-12,Kovilpatti,9.1728,77.871,Dryland,33.08,38.84,28.79,57.95,3.88,0.12,21.48,37.38
2019-05-13,Kovilpatti,9.1728,77.871,Dryland,32.9,38.42,28.76,57.01,4.2,0.02,20.95,37.36
2019-05-14,Kovilpatti,9.1728,77.871,Dryland,33.34,39.14,28.34,54.69,3.5,0.01,20.45,37.34
2019-05-15,Kovilpatti,9.1728,77.871,Dryland,32.42,37.05,28.66,59.45,3.89,0.34,19.23,37.31
2019-05-16,Kovilpatti,9.1728,77.871,Dryland,31.92,35.72,28.45,62.95,3.51,0.11,21.35,37.29
2019-05-17,Kovilpatti,9.1728,77.871,Dryland,32.44,37.28,27.83,59.51,3.6,0.21,20.57,37.26
2019-05-18,Kovilpatti,9.1728,77.871,Dryland,32.71,37.94,28.31,59.88,3.7,0.03,22.24,37.24
2019-05-19,Kovilpatti,9.1728,77.871,Dryland,32.66,38.53,28.25,60.24,3.68,0.0,23.54,37.21
2019-05-20,Kovilpatti,9.1728,77.871,Dryland,32.62,39.2,27.97,58.86,3.27,0.01,24.86,37.19
2019-05-21,Kovilpatti,9.1728,77.871,Dryland,31.91,36.16,28.28,61.85,3.68,0.08,23.02,37.16
2019-05-22,Kovilpatti,9.1728,77.871,Dryland,31.45,35.06,28.53,66.77,3.25,0.03,20.47,37.13
2019-05-23,Kovilpatti,9.1728,77.871,Dryland,30.91,34.13,28.71,70.25,3.88,0.49,19.36,37.11
2019-05-24,Kovilpatti,9.1728,77.871,Dryland,30.96,35.26,27.88,68.08,4.03,1.41,18.16,37.08
2019-05-25,Kovilpatti,9.1728,77.871,Dryland,30.23,33.91,27.82,68.15,4.79,0.58,19.11,37.06
2019-05-26,Kovilpatti,9.1728,77.871,Dryland,31.64,37.93,26.6,62.5,4.64,0.07,22.02,37.03
2019-05-27,Kovilpatti,9.1728,77.871,Dryland,32.89,38.91,27.67,61.78,3.4,0.03,21.83,37.01
2019-05-28,Kovilpatti,9.1728,77.871,Dryland,33.23,39.23,28.5,60.54,3.1,0.01,22.55,36.98
2019-05-29,Kovilpatti,9.1728,77.871,Dryland,32.46,36.59,29.25,61.62,3.7,0.92,18.2,36.96
2019-05-30,Kovilpatti,9.1728,77.871,Dryland,31.37,35.35,27.93,66.47,4.3,1.12,20.33,36.94
2019-05-31,Kovilpatti,9.1728,77.871,Dryland,28.91,30.89,26.19,65.31,3.39,3.34,17.78,36.92
2019-06-01,Kovilpatti,9.1728,77.871,Dryland,31.0,37.46,25.8,63.95,4.33,0.4,21.81,36.89
2019-06-02,Kovilpatti,9.1728,77.871,Dryland,31.09,35.34,28.17,66.59,4.65,0.27,19.62,36.87
2019-06-03,Kovilpatti,9.1728,77.871,Dryland,30.78,34.97,27.43,67.64,4.06,0.78,18.81,36.85
2019-06-04,Kovilpatti,9.1728,77.871,Dryland,30.51,34.65,27.65,66.45,4.3,0.4,20.93,36.83
2019-06-05,Kovilpatti,9.1728,77.871,Dryland,30.51,35.31,26.94,67.97,3.34,2.99,20.31,36.82
2019-06-06,Kovilpatti,9.1728,77.871,Dryland,30.62,35.34,26.85,70.03,2.58,0.65,21.68,36.8
2019-06-07,Kovilpatti,9.1728,77.871,Dryland,29.82,33.51,27.3,71.9,4.87,4.47,21.47,36.78
2019-06-08,Kovilpatti,9.1728,77.871,Dryland,30.18,35.28,26.52,70.87,4.51,2.87,23.33,36.76
2019-06-09,Kovilpatti,9.1728,77.871,Dryland,29.52,32.9,27.15,75.98,4.44,4.42,17.74,36.75
2019-06-10,Kovilpatti,9.1728,77.871,Dryland,29.42,33.58,26.72,76.15,4.55,5.49,12.83,36.73
2019-06-11,Kovilpatti,9.1728,77.871,Dryland,29.64,34.36,26.58,73.91,4.57,2.88,16.69,36.72
2019-06-12,Kovilpatti,9.1728,77.871,Dryland,29.43,33.63,26.86,75.11,4.53,1.13,15.24,36.7
2019-06-13,Kovilpatti,9.1728,77.871,Dryland,29.73,34.18,26.61,73.78,4.9,0.47,20.83,36.69
2019-06-14,Kovilpatti,9.1728,77.871,Dryland,30.37,36.1,26.24,68.47,3.71,0.4,18.63,36.68
2019-06-15,Kovilpatti,9.1728,77.871,Dryland,30.58,36.54,25.85,68.88,4.68,0.25,20.67,36.66
2019-06-16,Kovilpatti,9.1728,77.871,Dryland,30.83,36.69,26.75,63.61,4.87,0.13,21.2,36.65
2019-06-17,Kovilpatti,9.1728,77.871,Dryland,30.3,34.76,27.1,69.83,5.04,0.03,19.15,36.64
2019-06-18,Kovilpatti,9.1728,77.871,Dryland,30.63,36.36,27.13,66.88,5.47,0.13,19.4,36.64
2019-06-19,Kovilpatti,9.1728,77.871,Dryland,30.39,35.58,27.12,68.89,5.27,1.06,20.42,36.63
2019-06-20,Kovilpatti,9.1728,77.871,Dryland,30.22,35.52,26.09,63.16,5.78,0.36,18.68,36.62
2019-06-21,Kovilpatti,9.1728,77.871,Dryland,28.69,32.91,26.04,68.87,5.96,0.54,14.29,36.62
2019-06-22,Kovilpatti,9.1728,77.871,Dryland,29.21,33.13,26.35,69.8,6.14,1.13,11.58,36.61
2019-06-23,Kovilpatti,9.1728,77.871,Dryland,29.8,35.18,25.96,68.78,4.92,0.5,15.16,36.61
2019-06-24,Kovilpatti,9.1728,77.871,Dryland,30.53,36.77,25.82,68.56,4.69,0.23,18.23,36.61
2019-06-25,Kovilpatti,9.1728,77.871,Dryland,30.17,34.39,27.16,70.25,4.6,0.33,20.4,36.6
2019-06-26,Kovilpatti,9.1728,77.871,Dryland,30.44,35.43,26.74,67.61,4.63,0.0,18.29,36.6
2019-06-27,Kovilpatti,9.1728,77.871,Dryland,30.55,36.52,26.45,66.81,5.13,0.0,20.06,36.6
2019-06-28,Kovilpatti,9.1728,77.871,Dryland,30.25,35.82,25.81,64.46,4.97,0.0,22.38,36.6
2019-06-29,Kovilpatti,9.1728,77.871,Dryland,31.09,38.12,25.97,61.1,5.2,0.0,23.3,36.61
2019-06-30,Kovilpatti,9.1728,77.871,Dryland,29.99,34.63,26.9,66.16,5.34,0.0,15.76,36.61
2019-07-01,Kovilpatti,9.1728,77.871,Dryland,30.38,35.67,26.47,67.68,5.08,0.0,17.67,36.61
2019-07-02,Kovilpatti,9.1728,77.871,Dryland,30.04,34.24,27.41,68.9,5.74,0.07,17.6,36.62
2019-07-03,Kovilpatti,9.1728,77.871,Dryland,30.23,35.53,26.46,68.35,4.92,0.34,18.53,36.62
2019-07-04,Kovilpatti,9.1728,77.871,Dryland,30.56,36.31,26.38,67.7,4.74,0.86,16.7,36.63
2019-07-05,Kovilpatti,9.1728,77.871,Dryland,29.76,33.62,26.84,70.51,4.83,0.69,18.69,36.64
2019-07-06,Kovilpatti,9.1728,77.871,Dryland,29.61,33.53,26.87,70.31,4.83,0.09,15.95,36.65
2019-07-07,Kovilpatti,9.1728,77.871,Dryland,29.69,34.44,26.11,70.02,4.39,0.18,16.67,36.65
2019-07-08,Kovilpatti,9.1728,77.871,Dryland,30.31,35.53,25.99,68.81,4.25,0.65,20.18,36.66
2019-07-09,Kovilpatti,9.1728,77.871,Dryland,29.06,33.55,26.08,68.94,3.96,1.36,17.68,36.67
2019-07-10,Kovilpatti,9.1728,77.871,Dryland,29.53,34.66,25.18,63.65,4.83,0.21,17.18,36.68
2019-07-11,Kovilpatti,9.1728,77.871,Dryland,30.86,37.09,25.51,55.89,2.04,0.03,16.97,36.7
2019-07-12,Kovilpatti,9.1728,77.871,Dryland,31.23,37.08,26.43,54.74,2.29,0.35,20.32,36.71
2019-07-13,Kovilpatti,9.1728,77.871,Dryland,30.33,35.46,26.25,64.15,3.05,0.83,16.01,36.72
2019-07-14,Kovilpatti,9.1728,77.871,Dryland,29.9,34.26,26.56,68.27,3.99,0.84,18.24,36.73
2019-07-15,Kovilpatti,9.1728,77.871,Dryland,29.23,34.04,26.02,67.84,5.03,3.0,18.86,36.75
2019-07-16,Kovilpatti,9.1728,77.871,Dryland,30.24,37.08,25.01,62.59,4.86,0.62,19.22,36.76
2019-07-17,Kovilpatti,9.1728,77.871,Dryland,30.27,36.17,26.28,61.45,4.92,0.14,16.49,36.78
2019-07-18,Kovilpatti,9.1728,77.871,Dryland,29.07,33.5,25.7,65.54,4.91,2.36,13.24,36.79
2019-07-19,Kovilpatti,9.1728,77.871,Dryland,28.39,32.69,25.84,70.69,6.19,4.17,12.68,36.81
2019-07-20,Kovilpatti,9.1728,77.871,Dryland,28.1,32.75,25.19,71.56,5.91,1.28,13.29,36.82
2019-07-21,Kovilpatti,9.1728,77.871,Dryland,29.06,34.55,25.06,67.87,5.76,1.21,14.57,36.84
2019-07-22,Kovilpatti,9.1728,77.871,Dryland,28.42,32.46,25.69,70.52,4.76,0.34,11.12,36.86
2019-07-23,Kovilpatti,9.1728,77.871,Dryland,29.56,35.78,24.31,61.37,4.67,0.19,16.52,36.87
2019-07-24,Kovilpatti,9.1728,77.871,Dryland,29.36,35.1,25.06,66.27,4.05,0.7,18.01,36.89
2019-07-25,Kovilpatti,9.1728,77.871,Dryland,29.87,36.24,25.5,64.06,4.31,0.73,18.82,36.91
2019-07-26,Kovilpatti,9.1728,77.871,Dryland,28.96,34.21,24.78,65.71,4.4,0.98,14.59,36.92
2019-07-27,Kovilpatti,9.1728,77.871,Dryland,30.37,37.19,25.14,61.97,4.06,0.02,19.09,36.94
2019-07-28,Kovilpatti,9.1728,77.871,Dryland,29.82,35.31,25.74,63.92,4.55,0.01,19.53,36.96
2019-07-29,Kovilpatti,9.1728,77.871,Dryland,29.84,35.46,25.33,65.28,4.45,0.03,18.43,36.98
2019-07-30,Kovilpatti,9.1728,77.871,Dryland,30.79,37.06,25.79,60.91,3.75,0.01,19.89,36.99
2019-07-31,Kovilpatti,9.1728,77.871,Dryland,30.01,35.07,25.94,64.34,3.74,0.0,20.56,37.01
2019-08-01,Kovilpatti,9.1728,77.871,Dryland,30.5,36.92,25.7,64.09,4.61,0.01,23.0,37.02
2019-08-02,Kovilpatti,9.1728,77.871,Dryland,29.5,33.99,26.44,69.19,4.97,0.01,20.03,37.04
2019-08-03,Kovilpatti,9.1728,77.871,Dryland,29.7,34.65,26.43,67.44,4.76,0.14,16.58,37.06
2019-08-04,Kovilpatti,9.1728,77.871,Dryland,29.62,34.69,26.25,69.92,5.0,0.33,14.88,37.08
2019-08-05,Kovilpatti,9.1728,77.871,Dryland,28.98,32.4,26.57,67.38,5.32,0.34,12.19,37.09
2019-08-06,Kovilpatti,9.1728,77.871,Dryland,29.49,34.91,25.75,69.54,5.37,1.51,12.94,37.11
2019-08-07,Kovilpatti,9.1728,77.871,Dryland,29.28,33.25,26.29,71.22,5.87,4.53,12.76,37.12
2019-08-08,Kovilpatti,9.1728,77.871,Dryland,28.46,32.08,25.92,72.06,6.33,6.27,4.02,37.14
2019-08-09,Kovilpatti,9.1728,77.871,Dryland,27.96,32.07,25.38,75.19,5.46,6.7,9.66,37.15
2019-08-10,Kovilpatti,9.1728,77.871,Dryland,27.62,30.64,25.39,74.88,5.01,2.02,11.69,37.16
2019-08-11,Kovilpatti,9.1728,77.871,Dryland,27.61,32.59,24.72,71.65,5.07,1.03,17.76,37.18
2019-08-12,Kovilpatti,9.1728,77.871,Dryland,29.19,35.74,25.02,66.37,5.36,0.3,16.53,37.19
2019-08-13,Kovilpatti,9.1728,77.871,Dryland,28.43,32.71,25.44,71.4,4.6,2.69,14.92,37.2
2019-08-14,Kovilpatti,9.1728,77.871,Dryland,28.61,34.02,24.86,71.93,5.45,2.19,16.46,37.21
2019-08-15,Kovilpatti,9.1728,77.871,Dryland,29.37,35.14,25.04,68.01,3.58,0.39,17.87,37.22
2019-08-16,Kovilpatti,9.1728,77.871,Dryland,29.25,35.32,24.55,62.07,4.13,0.54,14.43,37.23
2019-08-17,Kovilpatti,9.1728,77.871,Dryland,27.02,30.54,24.6,74.76,3.13,15.04,12.71,37.24
2019-08-18,Kovilpatti,9.1728,77.871,Dryland,27.9,32.34,25.08,75.34,3.19,14.07,15.36,37.25
2019-08-19,Kovilpatti,9.1728,77.871,Dryland,28.34,33.6,24.54,73.9,3.55,1.83,19.52,37.25
2019-08-20,Kovilpatti,9.1728,77.871,Dryland,29.03,34.53,24.93,72.41,4.24,1.68,19.55,37.26
2019-08-21,Kovilpatti,9.1728,77.871,Dryland,28.57,33.67,25.61,74.14,4.84,1.15,15.14,37.26
2019-08-22,Kovilpatti,9.1728,77.871,Dryland,28.35,34.21,25.15,71.11,5.14,2.23,12.35,37.27
2019-08-23,Kovilpatti,9.1728,77.871,Dryland,27.69,32.66,24.74,70.47,4.78,0.53,16.71,37.27
2019-08-24,Kovilpatti,9.1728,77.871,Dryland,28.29,33.63,24.8,67.9,4.63,0.19,16.87,37.27
2019-08-25,Kovilpatti,9.1728,77.871,Dryland,27.94,33.27,25.02,71.08,4.88,0.84,15.58,37.27
2019-08-26,Kovilpatti,9.1728,77.871,Dryland,27.91,32.01,24.7,72.94,5.37,1.1,15.01,37.27
2019-08-27,Kovilpatti,9.1728,77.871,Dryland,28.41,33.87,24.77,70.96,5.13,1.3,16.56,37.26
2019-08-28,Kovilpatti,9.1728,77.871,Dryland,28.01,32.72,25.19,72.9,4.56,0.31,17.82,37.26
2019-08-29,Kovilpatti,9.1728,77.871,Dryland,27.42,31.14,24.91,74.66,4.86,3.52,18.77,37.25
2019-08-30,Kovilpatti,9.1728,77.871,Dryland,28.82,35.49,24.23,67.93,5.29,1.61,20.21,37.25
2019-08-31,Kovilpatti,9.1728,77.871,Dryland,28.39,32.92,25.61,69.91,4.89,0.73,17.84,37.24
2019-09-01,Kovilpatti,9.1728,77.871,Dryland,28.43,33.07,25.64,75.62,4.44,1.37,15.53,37.23
2019-09-02,Kovilpatti,9.1728,77.871,Dryland,28.01,31.51,25.4,78.14,4.18,3.05,15.89,37.22
2019-09-03,Kovilpatti,9.1728,77.871,Dryland,27.98,31.94,25.41,78.17,4.09,0.82,17.07,37.21
2019-09-04,Kovilpatti,9.1728,77.871,Dryland,28.67,33.63,25.22,73.86,4.87,0.78,15.01,37.2
2019-09-05,Kovilpatti,9.1728,77.871,Dryland,28.55,33.33,25.51,74.51,4.39,1.91,16.21,37.18
2019-09-06,Kovilpatti,9.1728,77.871,Dryland,28.99,34.11,25.45,74.85,4.57,1.4,16.33,37.17
2019-09-07,Kovilpatti,9.1728,77.871,Dryland,28.94,34.2,25.3,72.89,4.25,0.46,20.16,37.15
2019-09-08,Kovilpatti,9.1728,77.871,Dryland,28.89,35.3,24.98,70.27,4.33,0.06,20.96,37.13
2019-09-09,Kovilpatti,9.1728,77.871,Dryland,29.72,36.96,24.2,63.38,4.29,0.09,22.11,37.11
2019-09-10,Kovilpatti,9.1728,77.871,Dryland,29.32,35.49,25.32,70.5,3.82,1.34,19.6,37.09
2019-09-11,Kovilpatti,9.1728,77.871,Dryland,29.12,34.05,25.61,72.33,3.94,1.99,14.5,37.06
2019-09-12,Kovilpatti,9.1728,77.871,Dryland,29.08,33.75,25.9,70.67,3.2,0.49,15.76,37.04
2019-09-13,Kovilpatti,9.1728,77.871,Dryland,28.87,34.52,25.55,70.8,3.26,5.92,15.37,37.01
2019-09-14,Kovilpatti,9.1728,77.871,Dryland,28.63,33.5,24.55,74.1,2.78,2.05,19.28,36.98
2019-09-15,Kovilpatti,9.1728,77.871,Dryland,29.26,35.09,25.06,70.48,3.17,4.39,17.07,36.95
2019-09-16,Kovilpatti,9.1728,77.871,Dryland,28.25,32.71,25.58,76.14,4.05,8.73,15.18,36.92
2019-09-17,Kovilpatti,9.1728,77.871,Dryland,29.24,35.42,24.75,68.65,3.75,0.39,17.8,36.88
2019-09-18,Kovilpatti,9.1728,77.871,Dryland,28.95,32.91,26.16,74.08,4.35,1.4,14.94,36.85
2019-09-19,Kovilpatti,9.1728,77.871,Dryland,28.7,33.76,25.79,74.4,4.27,1.97,15.7,36.81
2019-09-20,Kovilpatti,9.1728,77.871,Dryland,28.44,32.99,25.13,75.44,2.85,4.25,19.01,36.77
2019-09-21,Kovilpatti,9.1728,77.871,Dryland,28.84,33.87,25.57,70.23,3.08,0.18,21.97,36.73
2019-09-22,Kovilpatti,9.1728,77.871,Dryland,29.3,35.51,25.06,72.42,3.04,12.16,17.88,36.69
2019-09-23,Kovilpatti,9.1728,77.871,Dryland,27.93,31.38,25.74,82.88,2.71,18.95,17.94,36.64
2019-09-24,Kovilpatti,9.1728,77.871,Dryland,27.26,30.65,25.09,80.52,3.45,6.6,17.24,36.6
2019-09-25,Kovilpatti,9.1728,77.871,Dryland,27.22,30.33,25.04,82.71,3.03,9.41,17.25,36.55
2019-09-26,Kovilpatti,9.1728,77.871,Dryland,27.04,30.52,25.02,80.76,2.84,6.2,18.03,36.5
2019-09-27,Kovilpatti,9.1728,77.871,Dryland,27.51,31.08,23.79,75.33,1.41,1.46,18.64,36.45
2019-09-28,Kovilpatti,9.1728,77.871,Dryland,27.87,31.26,24.98,75.01,1.41,1.03,18.4,36.39
2019-09-29,Kovilpatti,9.1728,77.871,Dryland,27.6,30.36,25.86,76.22,1.55,8.35,18.17,36.34
2019-09-30,Kovilpatti,9.1728,77.871,Dryland,27.12,30.56,25.06,78.92,2.02,7.73,16.07,36.29
2019-10-01,Kovilpatti,9.1728,77.871,Dryland,27.95,32.55,23.75,75.02,2.38,1.1,20.42,36.23
2019-10-02,Kovilpatti,9.1728,77.871,Dryland,27.95,32.06,24.27,76.51,1.42,2.89,20.91,36.17
2019-10-03,Kovilpatti,9.1728,77.871,Dryland,28.43,32.18,25.37,77.03,1.0,4.8,20.37,36.11
2019-10-04,Kovilpatti,9.1728,77.871,Dryland,27.91,32.0,24.59,77.23,2.36,0.5,19.61,36.05
2019-10-05,Kovilpatti,9.1728,77.871,Dryland,28.17,32.62,24.7,75.67,2.4,0.34,19.57,35.99
2019-10-06,Kovilpatti,9.1728,77.871,Dryland,28.13,32.52,24.91,75.25,2.28,0.7,18.56,35.92
2019-10-07,Kovilpatti,9.1728,77.871,Dryland,28.1,32.26,24.88,76.57,2.45,1.58,17.74,35.86
2019-10-08,Kovilpatti,9.1728,77.871,Dryland,28.26,31.82,25.24,78.02,1.6,2.1,20.64,35.79
2019-10-09,Kovilpatti,9.1728,77.871,Dryland,27.94,31.13,25.1,79.65,1.48,0.27,20.42,35.72
2019-10-10,Kovilpatti,9.1728,77.871,Dryland,28.17,31.72,25.16,77.44,1.61,0.8,18.43,35.65
2019-10-11,Kovilpatti,9.1728,77.871,Dryland,26.81,29.37,25.02,84.0,1.41,15.07,15.76,35.58
2019-10-12,Kovilpatti,9.1728,77.871,Dryland,27.46,31.34,24.47,79.92,1.35,10.19,16.43,35.51
2019-10-13,Kovilpatti,9.1728,77.871,Dryland,27.82,31.58,25.02,79.58,1.17,10.01,17.84,35.44
2019-10-14,Kovilpatti,9.1728,77.871,Dryland,28.0,31.29,25.04,80.7,1.56,20.32,19.84,35.36
2019-10-15,Kovilpatti,9.1728,77.871,Dryland,27.04,28.95,25.75,86.94,1.59,25.55,8.85,35.29
2019-10-16,Kovilpatti,9.1728,77.871,Dryland,26.17,28.21,24.73,88.22,1.9,20.31,12.95,35.21
2019-10-17,Kovilpatti,9.1728,77.871,Dryland,25.93,28.36,24.37,89.46,1.68,27.86,17.14,35.13
2019-10-18,Kovilpatti,9.1728,77.871,Dryland,26.57,28.63,24.82,85.29,1.48,8.14,16.62,35.06
2019-10-19,Kovilpatti,9.1728,77.871,Dryland,26.49,28.75,24.52,87.94,1.66,18.9,19.44,34.98
2019-10-20,Kovilpatti,9.1728,77.871,Dryland,26.57,28.74,24.72,88.66,1.65,31.85,16.39,34.89
2019-10-21,Kovilpatti,9.1728,77.871,Dryland,26.07,27.6,24.67,92.42,1.62,38.78,12.97,34.81
2019-10-22,Kovilpatti,9.1728,77.871,Dryland,26.17,29.1,23.92,87.34,1.95,2.9,12.69,34.73
2019-10-23,Kovilpatti,9.1728,77.871,Dryland,26.83,30.78,24.01,84.9,2.81,9.67,17.69,34.65
2019-10-24,Kovilpatti,9.1728,77.871,Dryland,25.67,28.01,24.16,88.03,2.75,1.65,12.5,34.56
2019-10-25,Kovilpatti,9.1728,77.871,Dryland,26.17,29.2,23.71,85.99,2.31,4.98,18.15,34.48
2019-10-26,Kovilpatti,9.1728,77.871,Dryland,26.08,28.45,23.85,84.75,2.08,1.38,13.37,34.4
2019-10-27,Kovilpatti,9.1728,77.871,Dryland,25.21,27.53,23.44,85.59,1.72,3.26,15.49,34.31
2019-10-28,Kovilpatti,9.1728,77.871,Dryland,26.23,29.4,23.68,82.18,2.45,2.48,11.49,34.23
2019-10-29,Kovilpatti,9.1728,77.871,Dryland,25.85,28.03,23.8,88.94,3.27,33.93,12.92,34.14
2019-10-30,Kovilpatti,9.1728,77.871,Dryland,25.92,27.56,24.51,91.42,3.2,57.75,6.3,34.05
2019-10-31,Kovilpatti,9.1728,77.871,Dryland,26.29,27.92,24.58,92.22,3.32,13.4,11.62,33.97
2019-11-01,Kovilpatti,9.1728,77.871,Dryland,26.72,29.97,23.77,81.79,1.01,0.12,22.19,33.88
2019-11-02,Kovilpatti,9.1728,77.871,Dryland,26.98,28.96,25.26,81.8,1.19,2.53,20.19,33.8
2019-11-03,Kovilpatti,9.1728,77.871,Dryland,26.74,29.25,23.75,83.4,1.27,13.9,17.14,33.71
2019-11-04,Kovilpatti,9.1728,77.871,Dryland,26.62,28.76,24.05,82.55,1.27,2.51,18.64,33.63
2019-11-05,Kovilpatti,9.1728,77.871,Dryland,26.62,28.96,24.41,84.28,1.0,0.3,19.59,33.54
2019-11-06,Kovilpatti,9.1728,77.871,Dryland,27.15,30.79,24.01,84.54,1.84,0.54,20.58,33.46
2019-11-07,Kovilpatti,9.1728,77.871,Dryland,27.58,30.71,24.73,84.81,1.98,5.66,19.26,33.37
2019-11-08,Kovilpatti,9.1728,77.871,Dryland,27.16,29.61,25.07,87.81,2.05,2.65,17.85,33.29
2019-11-09,Kovilpatti,9.1728,77.871,Dryland,27.39,30.54,24.94,85.43,1.73,1.13,18.0,33.2
2019-11-10,Kovilpatti,9.1728,77.871,Dryland,27.19,30.53,24.42,85.54,1.53,2.16,19.46,33.12
2019-11-11,Kovilpatti,9.1728,77.871,Dryland,26.81,29.75,24.5,85.59,1.3,5.54,18.88,33.04
2019-11-12,Kovilpatti,9.1728,77.871,Dryland,26.29,28.42,24.73,86.71,1.96,4.11,17.7,32.96
2019-11-13,Kovilpatti,9.1728,77.871,Dryland,26.54,29.75,23.76,87.03,3.09,0.53,19.88,32.88
2019-11-14,Kovilpatti,9.1728,77.871,Dryland,26.65,30.0,23.53,87.74,2.65,3.78,17.93,32.8
2019-11-15,Kovilpatti,9.1728,77.871,Dryland,26.84,29.85,24.53,87.82,2.51,21.8,19.27,32.72
2019-11-16,Kovilpatti,9.1728,77.871,Dryland,26.72,29.6,24.37,87.78,2.31,33.68,19.0,32.64
2019-11-17,Kovilpatti,9.1728,77.871,Dryland,26.82,29.7,24.25,88.5,2.54,4.46,18.33,32.56
2019-11-18,Kovilpatti,9.1728,77.871,Dryland,27.16,30.34,24.62,87.85,2.47,2.64,19.81,32.48
2019-11-19,Kovilpatti,9.1728,77.871,Dryland,27.16,30.22,24.83,86.58,2.32,1.56,16.69,32.41
2019-11-20,Kovilpatti,9.1728,77.871,Dryland,26.64,29.1,24.55,88.53,2.41,5.28,14.42,32.33
2019-11-21,Kovilpatti,9.1728,77.871,Dryland,26.78,29.8,24.38,86.99,2.81,4.07,18.39,32.26
2019-11-22,Kovilpatti,9.1728,77.871,Dryland,26.19,28.87,24.38,90.7,2.28,18.51,13.63,32.19
2019-11-23,Kovilpatti,9.1728,77.871,Dryland,26.08,28.77,24.21,89.81,3.65,3.1,15.97,32.12
2019-11-24,Kovilpatti,9.1728,77.871,Dryland,26.26,29.4,23.56,88.54,3.25,3.52,13.17,32.05
2019-11-25,Kovilpatti,9.1728,77.871,Dryland,26.09,28.55,23.78,90.71,3.67,8.03,13.93,31.99
2019-11-26,Kovilpatti,9.1728,77.871,Dryland,26.31,29.4,24.04,87.36,3.74,2.35,15.88,31.93
2019-11-27,Kovilpatti,9.1728,77.871,Dryland,26.68,30.2,23.49,87.47,2.96,3.43,17.21,31.86
2019-11-28,Kovilpatti,9.1728,77.871,Dryland,26.9,29.33,25.02,90.42,2.59,5.17,13.58,31.8
2019-11-29,Kovilpatti,9.1728,77.871,Dryland,26.64,29.5,24.33,91.4,3.05,21.67,10.53,31.75
2019-11-30,Kovilpatti,9.1728,77.871,Dryland,26.07,28.38,24.52,92.64,2.41,102.44,9.83,31.69
2019-12-01,Kovilpatti,9.1728,77.871,Dryland,25.98,27.66,24.73,91.89,2.28,7.97,12.26,31.64
2019-12-02,Kovilpatti,9.1728,77.871,Dryland,25.9,28.22,24.15,90.31,2.33,11.02,15.35,31.59
2019-12-03,Kovilpatti,9.1728,77.871,Dryland,26.03,28.51,23.73,88.73,2.45,5.77,9.65,31.54
2019-12-04,Kovilpatti,9.1728,77.871,Dryland,26.07,29.14,23.53,88.66,3.69,1.65,17.21,31.49
2019-12-05,Kovilpatti,9.1728,77.871,Dryland,25.39,28.52,23.28,90.17,4.01,4.66,15.92,31.45
2019-12-06,Kovilpatti,9.1728,77.871,Dryland,24.89,27.58,22.63,90.33,4.46,2.78,11.82,31.41
2019-12-07,Kovilpatti,9.1728,77.871,Dryland,25.58,28.72,23.61,89.75,3.47,7.2,12.8,31.37
2019-12-08,Kovilpatti,9.1728,77.871,Dryland,25.2,28.6,22.54,87.83,3.21,0.3,13.82,31.33
2019-12-09,Kovilpatti,9.1728,77.871,Dryland,25.06,28.5,21.61,87.31,3.24,0.01,20.21,31.3
2019-12-10,Kovilpatti,9.1728,77.871,Dryland,25.07,28.39,22.48,86.94,3.1,0.12,18.07,31.27
2019-12-11,Kovilpatti,9.1728,77.871,Dryland,25.23,28.84,21.89,86.45,2.69,0.03,14.94,31.24
2019-12-12,Kovilpatti,9.1728,77.871,Dryland,25.48,28.93,22.21,88.25,3.25,0.29,15.6,31.21
2019-12-13,Kovilpatti,9.1728,77.871,Dryland,25.97,29.02,23.29,89.18,2.84,1.67,17.63,31.19
2019-12-14,Kovilpatti,9.1728,77.871,Dryland,25.83,27.89,24.26,91.49,2.91,6.12,9.1,31.17
2019-12-15,Kovilpatti,9.1728,77.871,Dryland,25.6,28.85,23.17,86.89,3.52,0.9,16.14,31.15
2019-12-16,Kovilpatti,9.1728,77.871,Dryland,25.36,28.96,22.48,87.85,3.05,0.28,18.92,31.14
2019-12-17,Kovilpatti,9.1728,77.871,Dryland,25.69,29.04,23.16,89.28,3.73,1.41,8.05,31.13
2019-12-18,Kovilpatti,9.1728,77.871,Dryland,25.66,29.0,22.54,88.39,4.04,0.59,13.11,31.12
2019-12-19,Kovilpatti,9.1728,77.871,Dryland,25.91,29.23,23.23,88.15,3.94,0.39,12.23,31.11
2019-12-20,Kovilpatti,9.1728,77.871,Dryland,25.58,28.4,23.33,90.67,3.59,26.91,11.58,31.11
2019-12-21,Kovilpatti,9.1728,77.871,Dryland,25.25,27.96,23.27,89.43,2.99,4.78,10.21,31.11
2019-12-22,Kovilpatti,9.1728,77.871,Dryland,25.63,29.23,22.62,88.33,3.25,0.47,17.69,31.11
2019-12-23,Kovilpatti,9.1728,77.871,Dryland,25.56,29.03,22.53,87.05,3.08,0.08,14.97,31.12
2019-12-24,Kovilpatti,9.1728,77.871,Dryland,25.23,28.65,22.41,89.56,3.1,0.1,13.23,31.12
2019-12-25,Kovilpatti,9.1728,77.871,Dryland,26.15,29.5,23.8,90.18,2.93,2.66,12.34,31.14
2019-12-26,Kovilpatti,9.1728,77.871,Dryland,25.5,29.41,22.07,88.13,2.65,0.11,16.44,31.15
2019-12-27,Kovilpatti,9.1728,77.871,Dryland,24.97,28.69,21.96,85.41,2.78,0.0,17.27,31.17
2019-12-28,Kovilpatti,9.1728,77.871,Dryland,25.01,28.9,21.55,83.0,2.61,0.0,19.92,31.19
2019-12-29,Kovilpatti,9.1728,77.871,Dryland,25.39,29.28,21.49,86.35,2.87,0.0,18.05,31.21
2019-12-30,Kovilpatti,9.1728,77.871,Dryland,25.44,29.0,22.64,86.35,2.8,0.0,19.1,31.24
2019-12-31,Kovilpatti,9.1728,77.871,Dryland,25.66,29.71,22.33,85.98,2.35,0.0,16.3,31.27
2020-01-01,Kovilpatti,9.1728,77.871,Dryland,25.92,30.17,22.32,87.7,2.22,0.03,16.52,31.3
2020-01-02,Kovilpatti,9.1728,77.871,Dryland,26.57,30.35,23.72,86.63,2.74,0.11,16.19,31.34
2020-01-03,Kovilpatti,9.1728,77.871,Dryland,26.78,30.46,23.92,86.29,2.23,0.06,17.93,31.38
2020-01-04,Kovilpatti,9.1728,77.871,Dryland,26.77,30.56,23.7,86.54,1.92,1.05,18.08,31.42
2020-01-05,Kovilpatti,9.1728,77.871,Dryland,26.65,30.11,24.02,85.59,2.24,0.57,17.18,31.46
2020-01-06,Kovilpatti,9.1728,77.871,Dryland,26.42,29.81,23.61,84.9,3.3,0.1,20.3,31.5
2020-01-07,Kovilpatti,9.1728,77.871,Dryland,25.98,29.92,22.93,85.23,3.28,0.69,17.32,31.56
2020-01-08,Kovilpatti,9.1728,77.871,Dryland,25.78,29.94,22.52,82.46,3.12,0.09,18.68,31.61
2020-01-09,Kovilpatti,9.1728,77.871,Dryland,25.34,30.18,21.61,79.04,2.81,0.0,19.75,31.66
2020-01-10,Kovilpatti,9.1728,77.871,Dryland,24.96,29.93,20.13,77.6,2.83,0.01,19.17,31.72
2020-01-11,Kovilpatti,9.1728,77.871,Dryland,25.04,29.56,20.93,78.29,3.46,0.0,21.96,31.77
2020-01-12,Kovilpatti,9.1728,77.871,Dryland,24.75,30.1,19.91,77.14,3.34,0.0,21.86,31.83
2020-01-13,Kovilpatti,9.1728,77.871,Dryland,24.94,30.21,20.39,76.93,2.78,0.0,17.37,31.89
2020-01-14,Kovilpatti,9.1728,77.871,Dryland,24.75,30.27,20.17,75.04,2.63,0.0,19.84,31.96
2020-01-15,Kovilpatti,9.1728,77.871,Dryland,24.25,29.73,19.61,74.09,2.82,0.0,20.62,32.03
2020-01-16,Kovilpatti,9.1728,77.871,Dryland,24.96,30.72,19.77,74.86,2.26,0.02,20.63,32.09
2020-01-17,Kovilpatti,9.1728,77.871,Dryland,26.01,31.28,21.73,81.49,2.75,0.4,20.23,32.16
2020-01-18,Kovilpatti,9.1728,77.871,Dryland,26.57,31.25,22.96,82.66,2.77,0.45,11.55,32.24
2020-01-19,Kovilpatti,9.1728,77.871,Dryland,26.44,30.62,23.36,82.16,3.49,4.54,12.34,32.31
2020-01-20,Kovilpatti,9.1728,77.871,Dryland,26.13,31.58,21.73,78.46,3.14,0.17,20.16,32.39
2020-01-21,Kovilpatti,9.1728,77.871,Dryland,25.99,31.3,21.24,78.34,3.46,0.0,21.9,32.46
2020-01-22,Kovilpatti,9.1728,77.871,Dryland,26.33,31.59,21.86,78.87,4.12,0.0,20.75,32.54
2020-01-23,Kovilpatti,9.1728,77.871,Dryland,26.35,30.68,23.15,81.12,3.92,0.01,16.67,32.62
2020-01-24,Kovilpatti,9.1728,77.871,Dryland,26.41,31.72,22.56,77.25,3.98,0.0,21.06,32.7
2020-01-25,Kovilpatti,9.1728,77.871,Dryland,25.98,31.97,20.81,74.24,3.02,0.0,23.21,32.79
2020-01-26,Kovilpatti,9.1728,77.871,Dryland,25.77,32.08,20.29,71.91,2.75,0.0,23.17,32.87
2020-01-27,Kovilpatti,9.1728,77.871,Dryland,25.57,31.86,20.34,69.44,2.12,0.0,22.45,32.96
2020-01-28,Kovilpatti,9.1728,77.871,Dryland,26.04,32.15,20.75,71.23,2.12,0.0,22.16,33.05
2020-01-29,Kovilpatti,9.1728,77.871,Dryland,26.63,32.53,22.07,72.4,2.29,0.0,22.43,33.14
2020-01-30,Kovilpatti,9.1728,77.871,Dryland,26.85,33.29,21.43,70.89,2.21,0.0,23.4,33.23
2020-01-31,Kovilpatti,9.1728,77.871,Dryland,26.75,32.83,21.63,71.98,2.6,0.0,23.12,33.32
2020-02-01,Kovilpatti,9.1728,77.871,Dryland,26.95,32.68,22.7,70.3,2.69,0.0,21.49,33.41
2020-02-02,Kovilpatti,9.1728,77.871,Dryland,27.1,32.64,22.91,68.42,3.22,0.0,22.39,33.5
2020-02-03,Kovilpatti,9.1728,77.871,Dryland,26.83,32.71,21.53,68.83,3.17,0.0,22.26,33.59
2020-02-04,Kovilpatti,9.1728,77.871,Dryland,27.17,32.94,21.9,69.88,2.93,0.0,19.38,33.69
2020-02-05,Kovilpatti,9.1728,77.871,Dryland,27.6,32.84,23.64,70.43,2.8,0.01,17.58,33.78
2020-02-06,Kovilpatti,9.1728,77.871,Dryland,27.29,33.22,22.21,68.03,2.71,0.01,16.67,33.87
2020-02-07,Kovilpatti,9.1728,77.871,Dryland,27.62,33.41,22.62,67.53,2.63,0.0,14.06,33.97
2020-02-08,Kovilpatti,9.1728,77.871,Dryland,28.4,34.23,24.07,64.8,2.09,0.0,19.09,34.06
2020-02-09,Kovilpatti,9.1728,77.871,Dryland,28.48,34.12,24.21,62.84,3.13,0.0,21.08,34.15
2020-02-10,Kovilpatti,9.1728,77.871,Dryland,28.11,33.65,23.41,64.12,3.6,0.0,21.35,34.25
2020-02-11,Kovilpatti,9.1728,77.871,Dryland,28.33,34.07,24.12,63.41,3.95,0.0,20.85,34.34
2020-02-12,Kovilpatti,9.1728,77.871,Dryland,28.5,34.41,23.19,66.26,4.23,0.04,19.96,34.43
2020-02-13,Kovilpatti,9.1728,77.871,Dryland,28.5,34.35,24.11,66.91,3.98,0.06,19.08,34.53
2020-02-14,Kovilpatti,9.1728,77.871,Dryland,27.61,34.54,21.44,64.99,2.89,0.94,22.41,34.62
2020-02-15,Kovilpatti,9.1728,77.871,Dryland,28.56,35.76,22.99,63.75,2.67,0.22,21.62,34.71
2020-02-16,Kovilpatti,9.1728,77.871,Dryland,28.3,35.53,22.58,61.87,3.19,0.0,23.51,34.8
2020-02-17,Kovilpatti,9.1728,77.871,Dryland,28.44,35.33,23.13,61.25,3.55,0.0,24.6,34.89
2020-02-18,Kovilpatti,9.1728,77.871,Dryland,27.28,32.36,22.07,60.74,3.4,0.0,25.01,34.99
2020-02-19,Kovilpatti,9.1728,77.871,Dryland,27.45,34.32,22.03,60.23,3.36,0.0,24.1,35.07
2020-02-20,Kovilpatti,9.1728,77.871,Dryland,27.54,34.31,21.92,63.94,3.71,0.0,23.65,35.16
2020-02-21,Kovilpatti,9.1728,77.871,Dryland,28.1,34.02,22.7,69.88,4.24,4.3,18.97,35.25
2020-02-22,Kovilpatti,9.1728,77.871,Dryland,28.14,33.46,24.67,73.68,4.82,7.46,15.15,35.34
2020-02-23,Kovilpatti,9.1728,77.871,Dryland,28.12,34.01,23.29,69.38,4.02,0.1,21.58,35.43
2020-02-24,Kovilpatti,9.1728,77.871,Dryland,27.94,33.45,23.8,68.76,3.5,0.01,22.09,35.51
2020-02-25,Kovilpatti,9.1728,77.871,Dryland,28.43,33.71,23.53,69.78,2.85,0.0,23.83,35.6
2020-02-26,Kovilpatti,9.1728,77.871,Dryland,28.67,35.08,23.54,67.35,2.93,0.0,23.07,35.68
2020-02-27,Kovilpatti,9.1728,77.871,Dryland,28.69,35.4,23.04,66.52,3.37,0.0,24.21,35.77
2020-02-28,Kovilpatti,9.1728,77.871,Dryland,29.25,34.94,25.25,62.37,3.53,0.05,19.33,35.85
2020-02-29,Kovilpatti,9.1728,77.871,Dryland,28.77,34.63,24.33,60.9,2.91,0.0,17.6,35.93
2020-03-01,Kovilpatti,9.1728,77.871,Dryland,29.09,35.01,24.2,58.91,2.98,0.0,21.31,36.01
2020-03-02,Kovilpatti,9.1728,77.871,Dryland,29.37,35.58,24.26,58.7,2.58,0.05,21.97,36.09
2020-03-03,Kovilpatti,9.1728,77.871,Dryland,29.92,35.29,25.88,55.29,2.21,0.05,17.73,36.16
2020-03-04,Kovilpatti,9.1728,77.871,Dryland,29.75,35.49,26.24,60.16,1.42,0.05,17.88,36.24
2020-03-05,Kovilpatti,9.1728,77.871,Dryland,29.88,35.89,25.85,56.84,1.29,0.05,19.66,36.31
2020-03-06,Kovilpatti,9.1728,77.871,Dryland,30.6,36.47,26.11,63.0,2.04,0.04,19.09,36.39
2020-03-07,Kovilpatti,9.1728,77.871,Dryland,30.41,36.37,25.94,62.35,2.93,0.01,21.35,36.46
2020-03-08,Kovilpatti,9.1728,77.871,Dryland,29.79,35.83,24.81,65.69,2.15,0.0,22.39,36.52
2020-03-09,Kovilpatti,9.1728,77.871,Dryland,30.37,36.6,26.27,62.07,3.08,0.01,21.3,36.59
2020-03-10,Kovilpatti,9.1728,77.871,Dryland,29.81,36.02,25.73,59.67,3.08,0.0,23.41,36.66
2020-03-11,Kovilpatti,9.1728,77.871,Dryland,29.26,35.72,25.34,63.36,2.35,0.1,23.61,36.72
2020-03-12,Kovilpatti,9.1728,77.871,Dryland,29.44,35.93,24.6,63.28,2.54,0.03,23.24,36.78
2020-03-13,Kovilpatti,9.1728,77.871,Dryland,29.61,36.11,24.63,61.75,3.15,0.0,25.46,36.84
2020-03-14,Kovilpatti,9.1728,77.871,Dryland,29.9,36.49,25.39,62.03,2.85,0.0,25.7,36.9
2020-03-15,Kovilpatti,9.1728,77.871,Dryland,29.87,36.4,25.29,62.81,3.31,0.0,22.71,36.95
2020-03-16,Kovilpatti,9.1728,77.871,Dryland,30.51,37.07,25.86,63.86,3.82,0.0,24.2,37.01
2020-03-17,Kovilpatti,9.1728,77.871,Dryland,30.44,36.08,25.98,62.32,3.72,0.0,21.0,37.06
2020-03-18,Kovilpatti,9.1728,77.871,Dryland,30.25,34.81,26.58,65.56,3.05,0.02,23.47,37.11
2020-03-19,Kovilpatti,9.1728,77.871,Dryland,30.7,37.03,25.78,61.24,2.6,0.02,23.73,37.16
2020-03-20,Kovilpatti,9.1728,77.871,Dryland,30.87,37.08,26.12,61.71,2.31,0.0,22.19,37.21
2020-03-21,Kovilpatti,9.1728,77.871,Dryland,30.53,36.71,26.76,64.27,2.18,0.58,19.84,37.25
2020-03-22,Kovilpatti,9.1728,77.871,Dryland,30.56,37.29,25.81,63.95,2.03,0.61,23.8,37.3
2020-03-23,Kovilpatti,9.1728,77.871,Dryland,30.29,36.22,26.4,62.41,2.23,0.68,21.78,37.34
2020-03-24,Kovilpatti,9.1728,77.871,Dryland,30.58,36.36,25.84,58.16,2.75,0.01,22.17,37.37
2020-03-25,Kovilpatti,9.1728,77.871,Dryland,30.45,36.25,26.23,58.32,2.76,0.44,23.24,37.41
2020-03-26,Kovilpatti,9.1728,77.871,Dryland,30.35,36.09,25.31,58.52,3.34,0.01,22.19,37.45
2020-03-27,Kovilpatti,9.1728,77.871,Dryland,30.22,36.19,25.84,60.89,3.42,0.02,23.98,37.48
2020-03-28,Kovilpatti,9.1728,77.871,Dryland,30.21,37.23,25.09,57.2,2.69,0.0,25.64,37.51
2020-03-29,Kovilpatti,9.1728,77.871,Dryland,30.28,37.1,25.61,55.87,2.36,0.0,25.62,37.54
2020-03-30,Kovilpatti,9.1728,77.871,Dryland,30.63,38.05,25.03,54.43,2.66,0.54,25.14,37.57
2020-03-31,Kovilpatti,9.1728,77.871,Dryland,30.1,36.93,24.06,57.81,2.79,0.1,26.1,37.6
2020-04-01,Kovilpatti,9.1728,77.871,Dryland,30.08,37.13,24.03,59.15,3.1,0.0,26.98,37.62
2020-04-02,Kovilpatti,9.1728,77.871,Dryland,30.53,37.48,25.18,60.83,2.53,0.0,26.13,37.65
2020-04-03,Kovilpatti,9.1728,77.871,Dryland,30.41,36.86,26.09,61.89,2.43,0.01,25.36,37.67
2020-04-04,Kovilpatti,9.1728,77.871,Dryland,31.05,37.28,26.44,61.37,2.46,0.11,26.13,37.69
2020-04-05,Kovilpatti,9.1728,77.871,Dryland,29.62,32.18,27.62,70.97,1.29,1.92,15.96,37.71
2020-04-06,Kovilpatti,9.1728,77.871,Dryland,30.47,35.24,26.75,67.16,2.07,0.3,23.14,37.72
2020-04-07,Kovilpatti,9.1728,77.871,Dryland,30.44,33.78,26.96,64.01,1.69,0.17,19.24,37.74
2020-04-08,Kovilpatti,9.1728,77.871,Dryland,30.88,35.18,26.99,63.35,1.55,0.71,19.24,37.75
2020-04-09,Kovilpatti,9.1728,77.871,Dryland,31.23,37.21,27.06,63.83,2.2,0.97,20.72,37.76
2020-04-10,Kovilpatti,9.1728,77.871,Dryland,30.7,36.09,27.22,65.29,2.52,3.66,23.65,37.76
2020-04-11,Kovilpatti,9.1728,77.871,Dryland,30.81,36.09,27.26,64.41,2.81,2.21,23.72,37.77
2020-04-12,Kovilpatti,9.1728,77.871,Dryland,31.25,37.11,26.69,61.61,2.82,0.08,24.98,37.78
2020-04-13,Kovilpatti,9.1728,77.871,Dryland,31.1,37.4,26.58,59.51,2.25,0.01,25.03,37.78
2020-04-14,Kovilpatti,9.1728,77.871,Dryland,31.22,36.61,27.68,60.94,2.06,2.15,24.6,37.78
2020-04-15,Kovilpatti,9.1728,77.871,Dryland,30.87,36.96,26.39,64.44,2.05,1.66,23.5,37.78
2020-04-16,Kovilpatti,9.1728,77.871,Dryland,31.09,36.93,27.47,63.07,2.15,0.36,24.15,37.78
2020-04-17,Kovilpatti,9.1728,77.871,Dryland,31.29,37.72,26.49,63.09,2.41,0.17,23.18,37.78
2020-04-18,Kovilpatti,9.1728,77.871,Dryland,31.45,37.17,26.98,61.56,2.52,0.2,23.2,37.77
2020-04-19,Kovilpatti,9.1728,77.871,Dryland,31.09,36.57,27.56,63.37,2.0,5.18,20.54,37.77
2020-04-20,Kovilpatti,9.1728,77.871,Dryland,30.52,34.13,27.56,68.63,2.49,2.16,22.2,37.76
2020-04-21,Kovilpatti,9.1728,77.871,Dryland,31.45,37.28,27.13,64.07,2.46,0.49,22.42,37.75
2020-04-22,Kovilpatti,9.1728,77.871,Dryland,31.58,37.32,27.0,63.38,2.26,0.35,22.37,37.74
2020-04-23,Kovilpatti,9.1728,77.871,Dryland,32.37,38.15,27.56,61.49,2.46,0.57,21.72,37.73
2020-04-24,Kovilpatti,9.1728,77.871,Dryland,32.35,36.9,28.37,60.68,1.97,2.6,20.3,37.72
2020-04-25,Kovilpatti,9.1728,77.871,Dryland,30.67,35.15,27.07,69.62,2.63,3.75,21.69,37.71
2020-04-26,Kovilpatti,9.1728,77.871,Dryland,30.24,32.71,28.29,74.68,1.44,2.52,19.1,37.69
2020-04-27,Kovilpatti,9.1728,77.871,Dryland,31.05,35.29,27.43,69.98,1.42,1.01,22.51,37.68
2020-04-28,Kovilpatti,9.1728,77.871,Dryland,30.57,34.02,28.34,70.31,1.82,0.93,19.41,37.67
2020-04-29,Kovilpatti,9.1728,77.871,Dryland,30.72,35.38,27.04,67.53,2.41,1.79,16.32,37.65
2020-04-30,Kovilpatti,9.1728,77.871,Dryland,30.29,33.81,27.43,68.12,1.78,1.1,18.29,37.63
2020-05-01,Kovilpatti,9.1728,77.871,Dryland,31.82,37.81,26.79,62.52,2.32,0.05,23.42,37.61
2020-05-02,Kovilpatti,9.1728,77.871,Dryland,32.32,38.88,27.39,61.5,2.53,0.3,22.03,37.6
2020-05-03,Kovilpatti,9.1728,77.871,Dryland,31.27,35.37,28.59,68.1,1.6,1.05,21.53,37.58
2020-05-04,Kovilpatti,9.1728,77.871,Dryland,31.34,35.63,27.34,65.83,1.69,0.74,21.28,37.55
2020-05-05,Kovilpatti,9.1728,77.871,Dryland,31.23,34.83,28.59,63.02,2.02,0.25,22.1,37.53
2020-05-06,Kovilpatti,9.1728,77.871,Dryland,30.69,34.57,27.84,67.68,3.04,1.05,21.22,37.51
2020-05-07,Kovilpatti,9.1728,77.871,Dryland,30.89,36.36,26.72,64.07,3.04,3.32,22.41,37.49
2020-05-08,Kovilpatti,9.1728,77.871,Dryland,30.03,33.52,27.51,73.07,2.18,2.54,21.1,37.46
2020-05-09,Kovilpatti,9.1728,77.871,Dryland,30.04,33.25,27.22,73.48,1.81,1.61,21.43,37.44
2020-05-10,Kovilpatti,9.1728,77.871,Dryland,30.35,34.2,27.38,72.7,1.63,3.63,21.1,37.42
2020-05-11,Kovilpatti,9.1728,77.871,Dryland,29.41,31.57,27.79,78.91,1.32,4.83,17.28,37.39
2020-05-12,Kovilpatti,9.1728,77.871,Dryland,30.91,36.54,26.77,67.13,2.24,1.17,18.42,37.37
2020-05-13,Kovilpatti,9.1728,77.871,Dryland,30.65,35.01,27.95,66.54,1.36,3.4,18.83,37.34
2020-05-14,Kovilpatti,9.1728,77.871,Dryland,31.04,35.3,26.96,67.08,1.73,0.39,20.39,37.32
2020-05-15,Kovilpatti,9.1728,77.871,Dryland,29.89,33.05,27.84,76.79,3.11,1.75,19.9,37.29
2020-05-16,Kovilpatti,9.1728,77.871,Dryland,30.29,34.36,27.1,70.23,3.28,0.62,14.62,37.26
2020-05-17,Kovilpatti,9.1728,77.871,Dryland,30.91,36.4,27.04,68.23,4.45,0.93,17.38,37.24
2020-05-18,Kovilpatti,9.1728,77.871,Dryland,29.34,34.36,26.97,69.55,5.53,1.88,12.55,37.21
2020-05-19,Kovilpatti,9.1728,77.871,Dryland,29.71,33.19,26.96,71.27,5.66,0.4,16.45,37.19
2020-05-20,Kovilpatti,9.1728,77.871,Dryland,31.64,37.92,27.51,64.02,5.61,0.58,20.42,37.16
2020-05-21,Kovilpatti,9.1728,77.871,Dryland,30.32,35.2,27.29,66.49,4.85,2.68,19.38,37.14
2020-05-22,Kovilpatti,9.1728,77.871,Dryland,30.44,36.65,25.78,66.01,4.9,5.35,18.36,37.11
2020-05-23,Kovilpatti,9.1728,77.871,Dryland,31.29,37.27,26.51,67.83,4.65,0.22,20.87,37.09
2020-05-24,Kovilpatti,9.1728,77.871,Dryland,31.51,36.93,27.8,68.9,5.13,0.13,20.47,37.06
2020-05-25,Kovilpatti,9.1728,77.871,Dryland,30.68,34.9,27.87,71.06,4.63,0.64,19.36,37.04
2020-05-26,Kovilpatti,9.1728,77.871,Dryland,30.93,35.73,27.45,68.96,3.88,0.61,20.32,37.01
2020-05-27,Kovilpatti,9.1728,77.871,Dryland,31.23,36.34,27.56,66.51,4.27,0.45,18.66,36.99
2020-05-28,Kovilpatti,9.1728,77.871,Dryland,30.02,33.7,27.53,76.01,4.49,17.21,16.32,36.97
2020-05-29,Kovilpatti,9.1728,77.871,Dryland,30.13,35.44,26.61,68.81,4.38,3.84,13.14,36.95
2020-05-30,Kovilpatti,9.1728,77.871,Dryland,29.83,34.84,26.6,71.43,3.84,0.64,20.11,36.92
2020-05-31,Kovilpatti,9.1728,77.871,Dryland,29.57,33.63,26.08,73.81,4.03,0.92,21.04,36.9
2020-06-01,Kovilpatti,9.1728,77.871,Dryland,29.55,33.66,26.63,73.93,3.85,1.3,19.42,36.88
2020-06-02,Kovilpatti,9.1728,77.871,Dryland,28.82,32.57,26.31,75.66,4.11,2.39,18.1,36.86
2020-06-03,Kovilpatti,9.1728,77.871,Dryland,28.73,32.88,26.01,73.9,3.84,0.8,19.62,36.84
2020-06-04,Kovilpatti,9.1728,77.871,Dryland,29.62,35.01,25.44,70.49,4.32,0.98,18.64,36.82
2020-06-05,Kovilpatti,9.1728,77.871,Dryland,29.31,33.92,26.06,75.9,4.15,2.54,19.33,36.8
2020-06-06,Kovilpatti,9.1728,77.871,Dryland,29.1,33.93,26.17,71.2,5.16,1.03,17.78,36.79
2020-06-07,Kovilpatti,9.1728,77.871,Dryland,27.54,31.51,25.34,76.52,4.55,2.22,14.79,36.77
2020-06-08,Kovilpatti,9.1728,77.871,Dryland,30.38,37.53,25.73,64.89,4.68,0.17,20.11,36.75
2020-06-09,Kovilpatti,9.1728,77.871,Dryland,30.14,36.69,25.62,67.0,4.51,0.05,20.21,36.74
2020-06-10,Kovilpatti,9.1728,77.871,Dryland,29.65,36.11,25.18,69.38,4.9,0.04,18.06,36.72
2020-06-11,Kovilpatti,9.1728,77.871,Dryland,28.97,33.43,26.05,67.13,4.71,0.67,13.43,36.71
2020-06-12,Kovilpatti,9.1728,77.871,Dryland,28.48,32.38,25.9,72.4,4.59,0.4,18.1,36.69
2020-06-13,Kovilpatti,9.1728,77.871,Dryland,29.31,34.69,25.94,72.04,4.34,1.08,19.13,36.68
2020-06-14,Kovilpatti,9.1728,77.871,Dryland,30.09,35.94,26.21,67.21,5.1,0.03,19.09,36.67
2020-06-15,Kovilpatti,9.1728,77.871,Dryland,30.45,35.97,26.46,68.55,4.83,0.05,22.24,36.66
2020-06-16,Kovilpatti,9.1728,77.871,Dryland,29.83,33.5,27.23,72.5,4.89,0.26,18.79,36.65
2020-06-17,Kovilpatti,9.1728,77.871,Dryland,29.84,34.09,26.71,69.49,4.87,0.15,19.68,36.64
2020-06-18,Kovilpatti,9.1728,77.871,Dryland,29.72,34.49,26.41,67.97,4.56,0.24,20.38,36.63
2020-06-19,Kovilpatti,9.1728,77.871,Dryland,29.51,34.4,26.05,67.66,4.24,0.26,17.67,36.62
2020-06-20,Kovilpatti,9.1728,77.871,Dryland,30.41,35.62,26.98,63.6,4.57,0.32,20.2,36.62
2020-06-21,Kovilpatti,9.1728,77.871,Dryland,28.62,31.74,26.26,68.99,5.23,0.66,15.81,36.61
2020-06-22,Kovilpatti,9.1728,77.871,Dryland,29.72,35.29,25.76,62.95,5.55,0.89,14.92,36.61
2020-06-23,Kovilpatti,9.1728,77.871,Dryland,30.64,36.15,26.29,56.9,4.58,0.46,15.94,36.61
2020-06-24,Kovilpatti,9.1728,77.871,Dryland,30.54,36.52,26.0,61.02,2.99,3.07,18.53,36.6
2020-06-25,Kovilpatti,9.1728,77.871,Dryland,28.18,31.23,25.38,71.11,2.38,7.09,17.4,36.6
2020-06-26,Kovilpatti,9.1728,77.871,Dryland,28.37,32.91,25.36,73.63,4.46,3.45,19.41,36.6
2020-06-27,Kovilpatti,9.1728,77.871,Dryland,29.48,35.36,25.85,69.07,4.99,0.36,20.04,36.61
2020-06-28,Kovilpatti,9.1728,77.871,Dryland,29.65,34.94,25.81,72.35,4.91,2.25,17.7,36.61
2020-06-29,Kovilpatti,9.1728,77.871,Dryland,29.37,34.02,25.92,73.29,4.14,1.85,17.95,36.61
2020-06-30,Kovilpatti,9.1728,77.871,Dryland,29.55,34.28,26.04,71.31,4.51,0.81,22.78,36.62
2020-07-01,Kovilpatti,9.1728,77.871,Dryland,28.97,33.94,25.91,70.21,3.85,0.07,20.4,36.62
2020-07-02,Kovilpatti,9.1728,77.871,Dryland,29.57,35.43,25.23,68.88,4.06,0.58,16.86,36.63
2020-07-03,Kovilpatti,9.1728,77.871,Dryland,28.26,31.91,25.86,70.46,4.69,0.56,13.45,36.63
2020-07-04,Kovilpatti,9.1728,77.871,Dryland,28.32,32.01,25.38,71.35,4.86,1.54,15.74,36.64
2020-07-05,Kovilpatti,9.1728,77.871,Dryland,28.49,32.24,25.55,69.21,4.58,1.42,16.23,36.65
2020-07-06,Kovilpatti,9.1728,77.871,Dryland,28.51,32.67,25.74,69.83,5.21,0.81,17.75,36.66
2020-07-07,Kovilpatti,9.1728,77.871,Dryland,28.66,33.04,25.27,70.11,4.81,1.04,20.94,36.67
2020-07-08,Kovilpatti,9.1728,77.871,Dryland,28.71,32.75,25.72,73.85,2.24,4.71,16.83,36.68
2020-07-09,Kovilpatti,9.1728,77.871,Dryland,27.64,30.5,25.2,76.31,1.69,4.91,15.72,36.69
2020-07-10,Kovilpatti,9.1728,77.871,Dryland,28.04,31.7,25.72,75.8,2.43,0.97,18.42,36.7
2020-07-11,Kovilpatti,9.1728,77.871,Dryland,28.36,32.28,25.32,74.29,3.63,1.38,17.69,36.71
2020-07-12,Kovilpatti,9.1728,77.871,Dryland,28.68,33.64,25.26,70.53,5.03,0.27,21.28,36.72
2020-07-13,Kovilpatti,9.1728,77.871,Dryland,28.69,33.01,25.52,72.31,3.64,0.86,14.78,36.73
2020-07-14,Kovilpatti,9.1728,77.871,Dryland,29.38,33.83,25.4,71.16,2.27,0.27,20.29,36.75
2020-07-15,Kovilpatti,9.1728,77.871,Dryland,29.01,33.24,26.07,71.87,4.33,0.32,17.67,36.76
2020-07-16,Kovilpatti,9.1728,77.871,Dryland,28.17,31.95,25.1,72.71,4.79,0.57,11.14,36.77
2020-07-17,Kovilpatti,9.1728,77.871,Dryland,29.46,34.86,25.67,67.37,3.97,0.67,11.9,36.79
2020-07-18,Kovilpatti,9.1728,77.871,Dryland,29.11,32.79,25.73,69.34,2.03,0.76,16.95,36.8
2020-07-19,Kovilpatti,9.1728,77.871,Dryland,29.3,34.0,25.29,69.49,2.32,2.81,18.84,36.82
2020-07-20,Kovilpatti,9.1728,77.871,Dryland,28.56,32.07,25.99,75.83,2.21,8.05,15.75,36.84
2020-07-21,Kovilpatti,9.1728,77.871,Dryland,27.82,30.88,25.22,77.98,2.29,3.33,20.86,36.85
2020-07-22,Kovilpatti,9.1728,77.871,Dryland,28.51,31.86,26.11,75.18,3.74,0.35,17.87,36.87
2020-07-23,Kovilpatti,9.1728,77.871,Dryland,28.24,31.8,25.52,76.69,3.28,2.06,18.19,36.89
2020-07-24,Kovilpatti,9.1728,77.871,Dryland,27.57,30.59,25.52,78.39,3.82,1.17,18.18,36.9
2020-07-25,Kovilpatti,9.1728,77.871,Dryland,28.0,32.16,24.69,72.82,3.56,0.06,17.93,36.92
2020-07-26,Kovilpatti,9.1728,77.871,Dryland,28.12,32.71,24.56,69.99,3.83,0.64,16.88,36.94
2020-07-27,Kovilpatti,9.1728,77.871,Dryland,29.4,35.27,25.1,65.97,3.14,0.06,24.09,36.96
2020-07-28,Kovilpatti,9.1728,77.871,Dryland,28.61,33.44,25.31,70.72,4.07,3.08,13.99,36.97
2020-07-29,Kovilpatti,9.1728,77.871,Dryland,27.6,32.17,24.67,76.64,5.15,3.73,11.07,36.99
2020-07-30,Kovilpatti,9.1728,77.871,Dryland,28.91,34.86,24.87,69.89,5.17,0.99,18.51,37.01
2020-07-31,Kovilpatti,9.1728,77.871,Dryland,28.69,33.7,25.35,73.4,5.06,1.0,18.08,37.03
2020-08-01,Kovilpatti,9.1728,77.871,Dryland,28.41,33.4,25.43,70.32,5.25,0.79,17.57,37.05
2020-08-02,Kovilpatti,9.1728,77.871,Dryland,28.15,33.33,24.77,71.59,5.34,2.41,11.55,37.06
2020-08-03,Kovilpatti,9.1728,77.871,Dryland,27.87,32.12,25.2,73.02,6.14,1.3,13.42,37.08
2020-08-04,Kovilpatti,9.1728,77.871,Dryland,28.43,33.55,24.21,69.23,5.35,0.76,11.78,37.1
2020-08-05,Kovilpatti,9.1728,77.871,Dryland,28.85,33.87,25.96,65.28,6.57,1.9,13.35,37.11
2020-08-06,Kovilpatti,9.1728,77.871,Dryland,28.47,32.82,25.89,71.42,6.68,4.06,11.8,37.13
2020-08-07,Kovilpatti,9.1728,77.871,Dryland,28.85,34.6,25.59,69.64,6.62,2.69,14.5,37.14
2020-08-08,Kovilpatti,9.1728,77.871,Dryland,27.67,32.85,24.78,75.55,5.06,9.91,15.01,37.16
2020-08-09,Kovilpatti,9.1728,77.871,Dryland,26.8,30.37,24.5,79.11,5.23,6.31,10.96,37.17
2020-08-10,Kovilpatti,9.1728,77.871,Dryland,27.84,33.14,24.29,75.46,4.78,0.43,12.21,37.18
2020-08-11,Kovilpatti,9.1728,77.871,Dryland,28.67,34.64,24.64,73.57,4.77,0.18,17.84,37.19
2020-08-12,Kovilpatti,9.1728,77.871,Dryland,28.92,35.46,24.51,68.28,4.69,0.15,19.33,37.2
2020-08-13,Kovilpatti,9.1728,77.871,Dryland,29.11,35.38,24.5,70.3,4.23,0.04,18.81,37.21
2020-08-14,Kovilpatti,9.1728,77.871,Dryland,28.31,33.18,24.69,72.79,4.39,0.01,19.42,37.22
2020-08-15,Kovilpatti,9.1728,77.871,Dryland,27.99,32.68,24.67,73.79,3.99,0.0,16.44,37.23
2020-08-16,Kovilpatti,9.1728,77.871,Dryland,28.64,34.61,24.59,73.86,3.68,0.01,18.55,37.24
2020-08-17,Kovilpatti,9.1728,77.871,Dryland,29.18,34.93,24.64,71.14,3.91,0.02,17.18,37.25
2020-08-18,Kovilpatti,9.1728,77.871,Dryland,29.58,36.18,24.68,69.28,4.35,0.05,18.57,37.25
2020-08-19,Kovilpatti,9.1728,77.871,Dryland,29.71,35.86,24.85,67.78,3.1,0.03,21.72,37.26
2020-08-20,Kovilpatti,9.1728,77.871,Dryland,28.83,33.21,25.43,70.78,3.77,0.01,17.01,37.26
2020-08-21,Kovilpatti,9.1728,77.871,Dryland,30.21,36.61,24.58,63.96,2.94,0.05,20.3,37.27
2020-08-22,Kovilpatti,9.1728,77.871,Dryland,31.09,37.81,25.74,63.25,2.73,0.89,21.34,37.27
2020-08-23,Kovilpatti,9.1728,77.871,Dryland,30.24,35.52,26.54,67.35,2.89,2.36,17.36,37.27
2020-08-24,Kovilpatti,9.1728,77.871,Dryland,30.09,35.5,25.62,67.7,1.96,1.58,20.77,37.27
2020-08-25,Kovilpatti,9.1728,77.871,Dryland,30.03,34.62,26.07,69.08,2.04,1.69,21.44,37.27
2020-08-26,Kovilpatti,9.1728,77.871,Dryland,29.39,33.77,26.11,72.09,2.02,6.01,17.71,37.27
2020-08-27,Kovilpatti,9.1728,77.871,Dryland,29.91,35.42,25.52,67.34,3.01,0.46,23.39,37.27
2020-08-28,Kovilpatti,9.1728,77.871,Dryland,30.38,37.11,24.84,64.28,3.1,2.56,22.97,37.26
2020-08-29,Kovilpatti,9.1728,77.871,Dryland,29.73,36.25,25.16,66.71,4.3,0.34,23.6,37.26
2020-08-30,Kovilpatti,9.1728,77.871,Dryland,29.87,35.12,25.34,67.69,3.28,0.04,21.92,37.25
2020-08-31,Kovilpatti,9.1728,77.871,Dryland,29.16,33.37,26.18,69.94,3.15,2.02,20.97,37.24
2020-09-01,Kovilpatti,9.1728,77.871,Dryland,29.16,34.32,25.32,71.52,4.13,5.09,18.16,37.23
2020-09-02,Kovilpatti,9.1728,77.871,Dryland,28.35,32.87,24.97,71.86,3.04,3.42,13.39,37.22
2020-09-03,Kovilpatti,9.1728,77.871,Dryland,28.14,32.16,25.09,76.48,3.1,3.97,21.75,37.21
2020-09-04,Kovilpatti,9.1728,77.871,Dryland,28.78,33.36,25.35,75.22,2.81,1.79,16.74,37.19
2020-09-05,Kovilpatti,9.1728,77.871,Dryland,28.21,32.45,25.49,78.4,3.63,6.05,16.62,37.18
2020-09-06,Kovilpatti,9.1728,77.871,Dryland,27.8,31.7,25.14,78.43,4.21,4.22,15.54,37.16
2020-09-07,Kovilpatti,9.1728,77.871,Dryland,28.41,33.55,24.98,72.61,4.71,1.42,19.31,37.14
2020-09-08,Kovilpatti,9.1728,77.871,Dryland,28.01,31.8,25.18,78.98,3.31,6.14,17.45,37.12
2020-09-09,Kovilpatti,9.1728,77.871,Dryland,28.12,32.42,25.53,77.58,4.14,3.39,14.28,37.09
2020-09-10,Kovilpatti,9.1728,77.871,Dryland,27.67,32.0,25.19,74.04,5.12,2.61,12.87,37.07
2020-09-11,Kovilpatti,9.1728,77.871,Dryland,28.15,32.93,24.93,70.74,4.49,0.66,18.2,37.04
2020-09-12,Kovilpatti,9.1728,77.871,Dryland,27.98,34.02,23.69,71.73,3.96,2.39,14.62,37.02
2020-09-13,Kovilpatti,9.1728,77.871,Dryland,27.8,32.92,24.41,76.2,3.92,1.3,8.83,36.99
2020-09-14,Kovilpatti,9.1728,77.871,Dryland,28.34,33.9,24.74,69.94,4.75,0.35,12.11,36.96
2020-09-15,Kovilpatti,9.1728,77.871,Dryland,28.17,33.96,24.54,72.68,4.09,0.58,16.42,36.92
2020-09-16,Kovilpatti,9.1728,77.871,Dryland,28.86,35.08,24.89,73.39,4.41,0.67,16.91,36.89
2020-09-17,Kovilpatti,9.1728,77.871,Dryland,28.53,33.81,25.43,76.85,4.37,1.25,16.57,36.85
2020-09-18,Kovilpatti,9.1728,77.871,Dryland,28.49,33.18,25.47,75.49,5.01,1.23,16.53,36.82
2020-09-19,Kovilpatti,9.1728,77.871,Dryland,27.66,30.82,25.63,74.49,5.76,2.28,8.46,36.78
2020-09-20,Kovilpatti,9.1728,77.871,Dryland,27.29,30.6,25.15,71.15,6.06,1.15,8.56,36.74
2020-09-21,Kovilpatti,9.1728,77.871,Dryland,26.76,30.29,24.26,77.96,5.23,2.47,10.98,36.7
2020-09-22,Kovilpatti,9.1728,77.871,Dryland,27.95,33.25,24.54,71.43,4.79,0.78,13.41,36.65
2020-09-23,Kovilpatti,9.1728,77.871,Dryland,28.62,34.81,24.47,73.96,4.01,0.57,19.74,36.61
2020-09-24,Kovilpatti,9.1728,77.871,Dryland,28.47,32.66,24.9,74.47,2.5,0.21,17.59,36.56
2020-09-25,Kovilpatti,9.1728,77.871,Dryland,27.49,30.11,25.46,77.33,2.45,2.03,12.71,36.52
2020-09-26,Kovilpatti,9.1728,77.871,Dryland,28.2,33.1,24.99,73.21,3.02,0.47,16.45,36.47
2020-09-27,Kovilpatti,9.1728,77.871,Dryland,28.81,34.91,23.55,68.96,3.2,0.52,19.32,36.42
2020-09-28,Kovilpatti,9.1728,77.871,Dryland,28.2,32.21,25.22,75.73,3.56,1.55,19.83,36.36
2020-09-29,Kovilpatti,9.1728,77.871,Dryland,28.3,33.34,24.9,73.39,4.04,0.58,15.87,36.31
2020-09-30,Kovilpatti,9.1728,77.871,Dryland,28.31,34.22,24.31,73.11,4.24,6.11,20.27,36.25
2020-10-01,Kovilpatti,9.1728,77.871,Dryland,28.88,35.41,24.61,69.92,3.72,0.2,22.3,36.19
2020-10-02,Kovilpatti,9.1728,77.871,Dryland,28.85,35.53,24.44,69.91,4.21,0.02,16.74,36.13
2020-10-03,Kovilpatti,9.1728,77.871,Dryland,27.94,32.56,24.75,72.49,4.4,0.02,22.39,36.07
2020-10-04,Kovilpatti,9.1728,77.871,Dryland,28.75,35.75,24.01,67.08,4.29,0.01,23.2,36.01
2020-10-05,Kovilpatti,9.1728,77.871,Dryland,29.73,37.23,24.12,60.36,3.02,0.0,25.27,35.94
2020-10-06,Kovilpatti,9.1728,77.871,Dryland,30.34,37.98,24.54,64.34,2.76,10.39,21.2,35.88
2020-10-07,Kovilpatti,9.1728,77.871,Dryland,29.11,34.2,25.28,73.32,3.34,3.9,19.69,35.81
2020-10-08,Kovilpatti,9.1728,77.871,Dryland,27.9,30.96,25.53,78.82,2.84,4.92,13.89,35.74
2020-10-09,Kovilpatti,9.1728,77.871,Dryland,26.99,29.28,25.51,83.07,3.65,7.23,17.78,35.67
2020-10-10,Kovilpatti,9.1728,77.871,Dryland,28.31,33.71,24.28,71.53,3.08,1.04,17.15,35.6
2020-10-11,Kovilpatti,9.1728,77.871,Dryland,26.96,30.71,24.68,77.55,4.29,1.24,8.99,35.53
2020-10-12,Kovilpatti,9.1728,77.871,Dryland,28.07,33.46,24.34,74.93,4.78,0.42,14.24,35.46
2020-10-13,Kovilpatti,9.1728,77.871,Dryland,27.92,32.44,25.31,74.57,5.36,0.43,11.86,35.38
2020-10-14,Kovilpatti,9.1728,77.871,Dryland,28.38,33.69,24.87,74.24,4.78,0.42,10.21,35.31
2020-10-15,Kovilpatti,9.1728,77.871,Dryland,28.3,33.2,25.16,76.2,3.58,1.23,16.23,35.23
2020-10-16,Kovilpatti,9.1728,77.871,Dryland,28.55,35.19,23.85,71.91,4.15,0.26,17.56,35.15
2020-10-17,Kovilpatti,9.1728,77.871,Dryland,28.75,34.5,24.35,71.05,3.1,0.16,16.8,35.07
2020-10-18,Kovilpatti,9.1728,77.871,Dryland,28.48,33.38,24.89,71.19,2.32,0.38,19.34,34.99
2020-10-19,Kovilpatti,9.1728,77.871,Dryland,28.92,35.21,24.51,70.44,3.26,1.52,19.75,34.91
2020-10-20,Kovilpatti,9.1728,77.871,Dryland,27.68,32.81,24.19,77.4,3.71,6.08,15.97,34.83
2020-10-21,Kovilpatti,9.1728,77.871,Dryland,28.56,34.87,24.41,71.94,4.08,1.21,18.52,34.75
2020-10-22,Kovilpatti,9.1728,77.871,Dryland,27.78,34.33,24.08,72.85,3.83,0.44,17.05,34.67
2020-10-23,Kovilpatti,9.1728,77.871,Dryland,28.3,35.6,23.0,69.53,3.69,0.01,19.82,34.59
2020-10-24,Kovilpatti,9.1728,77.871,Dryland,29.37,36.55,23.32,67.19,2.47,0.08,22.21,34.51
2020-10-25,Kovilpatti,9.1728,77.871,Dryland,29.58,36.07,23.8,67.82,1.63,10.69,21.21,34.42
2020-10-26,Kovilpatti,9.1728,77.871,Dryland,28.31,32.45,24.55,77.39,1.7,21.03,20.4,34.34
2020-10-27,Kovilpatti,9.1728,77.871,Dryland,28.57,31.51,26.5,75.65,0.95,0.94,17.32,34.25
2020-10-28,Kovilpatti,9.1728,77.871,Dryland,28.22,31.42,25.85,77.24,0.9,8.75,15.61,34.17
2020-10-29,Kovilpatti,9.1728,77.871,Dryland,28.24,31.88,24.83,73.87,0.92,8.26,17.85,34.08
2020-10-30,Kovilpatti,9.1728,77.871,Dryland,26.49,28.83,25.0,82.74,1.2,12.76,18.06,34.0
2020-10-31,Kovilpatti,9.1728,77.871,Dryland,28.18,32.26,24.54,76.0,0.96,10.04,18.09,33.91
2020-11-01,Kovilpatti,9.1728,77.871,Dryland,28.59,33.04,24.96,73.64,1.1,0.22,19.07,33.83
2020-11-02,Kovilpatti,9.1728,77.871,Dryland,28.63,32.88,24.91,75.23,1.27,0.29,17.22,33.74
2020-11-03,Kovilpatti,9.1728,77.871,Dryland,28.53,32.34,25.17,76.76,1.55,0.86,16.27,33.65
2020-11-04,Kovilpatti,9.1728,77.871,Dryland,28.66,32.18,26.06,76.93,1.25,3.63,16.91,33.57
2020-11-05,Kovilpatti,9.1728,77.871,Dryland,27.74,30.83,25.34,81.72,1.67,25.68,16.06,33.48
2020-11-06,Kovilpatti,9.1728,77.871,Dryland,26.81,29.43,24.85,87.23,2.42,20.78,8.75,33.39
2020-11-07,Kovilpatti,9.1728,77.871,Dryland,27.48,30.85,25.09,84.67,3.16,1.89,20.69,33.31
2020-11-08,Kovilpatti,9.1728,77.871,Dryland,26.95,29.68,25.03,86.84,2.96,2.92,15.55,33.22
2020-11-09,Kovilpatti,9.1728,77.871,Dryland,27.07,31.62,23.72,78.88,3.49,0.35,19.22,33.14
2020-11-10,Kovilpatti,9.1728,77.871,Dryland,26.51,31.04,22.64,76.63,3.15,0.65,18.45,33.06
2020-11-11,Kovilpatti,9.1728,77.871,Dryland,27.17,31.55,23.2,78.07,3.31,1.07,19.81,32.98
2020-11-12,Kovilpatti,9.1728,77.871,Dryland,26.65,28.71,25.31,89.68,2.77,19.3,13.91,32.9
2020-11-13,Kovilpatti,9.1728,77.871,Dryland,26.89,29.71,25.03,87.84,2.51,34.31,12.48,32.82
2020-11-14,Kovilpatti,9.1728,77.871,Dryland,27.07,29.93,24.99,88.05,3.2,3.45,17.93,32.74
2020-11-15,Kovilpatti,9.1728,77.871,Dryland,26.66,28.73,24.4,90.62,3.23,18.29,12.03,32.66
2020-11-16,Kovilpatti,9.1728,77.871,Dryland,26.61,28.57,25.36,91.35,3.25,37.57,6.1,32.58
2020-11-17,Kovilpatti,9.1728,77.871,Dryland,26.44,28.96,24.67,89.13,2.8,94.15,9.33,32.5
2020-11-18,Kovilpatti,9.1728,77.871,Dryland,26.1,28.48,24.54,86.88,1.13,27.96,15.61,32.43
2020-11-19,Kovilpatti,9.1728,77.871,Dryland,26.06,27.98,24.31,89.18,1.66,18.29,14.02,32.36
2020-11-20,Kovilpatti,9.1728,77.871,Dryland,26.49,29.54,24.47,87.19,2.86,2.73,17.65,32.28
2020-11-21,Kovilpatti,9.1728,77.871,Dryland,25.93,29.36,23.09,84.65,3.16,0.12,22.24,32.21
2020-11-22,Kovilpatti,9.1728,77.871,Dryland,24.9,27.76,22.08,82.38,2.37,0.0,19.35,32.14
2020-11-23,Kovilpatti,9.1728,77.871,Dryland,24.94,27.89,22.44,84.97,2.45,0.01,18.9,32.07
2020-11-24,Kovilpatti,9.1728,77.871,Dryland,25.12,28.91,23.46,86.01,2.31,0.01,12.75,32.01
2020-11-25,Kovilpatti,9.1728,77.871,Dryland,26.63,30.09,23.69,83.98,2.17,1.21,8.56,31.95
2020-11-26,Kovilpatti,9.1728,77.871,Dryland,26.29,29.19,24.4,87.31,2.93,1.05,14.06,31.88
2020-11-27,Kovilpatti,9.1728,77.871,Dryland,26.29,29.79,23.48,84.93,2.16,3.19,17.86,31.82
2020-11-28,Kovilpatti,9.1728,77.871,Dryland,26.32,29.36,23.87,84.75,1.82,4.03,17.06,31.76
2020-11-29,Kovilpatti,9.1728,77.871,Dryland,26.48,29.17,24.25,87.94,2.84,0.47,16.11,31.7
2020-11-30,Kovilpatti,9.1728,77.871,Dryland,26.24,28.86,24.09,89.06,3.23,0.85,15.24,31.65
2020-12-01,Kovilpatti,9.1728,77.871,Dryland,25.46,28.55,22.91,85.03,3.47,0.06,21.09,31.6
2020-12-02,Kovilpatti,9.1728,77.871,Dryland,25.14,28.12,22.99,86.64,3.28,1.88,9.94,31.56
2020-12-03,Kovilpatti,9.1728,77.871,Dryland,25.2,27.92,23.61,88.67,4.47,16.87,6.39,31.51
2020-12-04,Kovilpatti,9.1728,77.871,Dryland,26.27,29.94,23.5,89.99,2.57,13.76,11.2,31.47
2020-12-05,Kovilpatti,9.1728,77.871,Dryland,25.64,27.34,24.2,93.81,3.52,7.32,9.39,31.43
2020-12-06,Kovilpatti,9.1728,77.871,Dryland,25.62,27.75,23.75,91.51,3.89,11.97,10.98,31.39
2020-12-07,Kovilpatti,9.1728,77.871,Dryland,25.69,27.09,24.72,93.01,3.0,29.85,9.55,31.35
2020-12-08,Kovilpatti,9.1728,77.871,Dryland,26.27,29.22,24.26,87.98,2.58,5.4,12.53,31.31
2020-12-09,Kovilpatti,9.1728,77.871,Dryland,26.17,29.23,24.19,88.2,2.9,1.19,17.49,31.28
2020-12-10,Kovilpatti,9.1728,77.871,Dryland,25.54,28.73,23.11,85.74,3.06,0.18,18.29,31.25
2020-12-11,Kovilpatti,9.1728,77.871,Dryland,25.07,28.4,22.07,85.19,2.91,0.08,15.27,31.22
2020-12-12,Kovilpatti,9.1728,77.871,Dryland,24.99,28.85,21.45,85.91,2.64,0.26,17.88,31.2
2020-12-13,Kovilpatti,9.1728,77.871,Dryland,24.95,28.77,21.91,84.32,2.7,0.07,16.25,31.18
2020-12-14,Kovilpatti,9.1728,77.871,Dryland,24.69,28.42,21.04,82.81,2.79,0.01,18.31,31.16
2020-12-15,Kovilpatti,9.1728,77.871,Dryland,24.81,28.51,21.0,87.28,2.84,9.66,17.59,31.14
2020-12-16,Kovilpatti,9.1728,77.871,Dryland,24.5,26.54,23.04,91.89,3.36,7.25,10.47,31.13
2020-12-17,Kovilpatti,9.1728,77.871,Dryland,25.33,28.22,23.31,89.84,2.86,9.21,10.04,31.12
2020-12-18,Kovilpatti,9.1728,77.871,Dryland,25.2,27.46,23.42,91.28,2.88,2.46,12.64,31.12
2020-12-19,Kovilpatti,9.1728,77.871,Dryland,24.25,26.27,22.78,91.11,4.13,3.23,6.73,31.11
2020-12-20,Kovilpatti,9.1728,77.871,Dryland,24.81,28.32,21.93,86.69,4.08,0.06,17.06,31.11
2020-12-21,Kovilpatti,9.1728,77.871,Dryland,23.93,27.13,21.11,87.21,4.02,0.03,16.81,31.12
2020-12-22,Kovilpatti,9.1728,77.871,Dryland,23.8,26.37,21.53,87.59,3.56,0.16,10.56,31.12
2020-12-23,Kovilpatti,9.1728,77.871,Dryland,23.97,26.01,22.1,90.74,2.89,0.35,10.59,31.13
2020-12-24,Kovilpatti,9.1728,77.871,Dryland,25.15,28.73,22.63,87.83,3.39,0.0,14.18,31.14
2020-12-25,Kovilpatti,9.1728,77.871,Dryland,24.71,28.48,21.47,86.34,3.41,0.01,19.05,31.15
2020-12-26,Kovilpatti,9.1728,77.871,Dryland,23.61,27.86,19.7,83.8,3.36,0.0,20.55,31.17
2020-12-27,Kovilpatti,9.1728,77.871,Dryland,24.21,28.62,20.18,84.13,3.14,0.03,17.3,31.19
2020-12-28,Kovilpatti,9.1728,77.871,Dryland,24.67,28.94,21.15,83.1,2.92,0.17,15.9,31.21
2020-12-29,Kovilpatti,9.1728,77.871,Dryland,25.03,29.32,20.93,86.45,2.95,1.15,11.02,31.24
2020-12-30,Kovilpatti,9.1728,77.871,Dryland,25.66,29.47,22.51,88.27,3.96,4.19,13.68,31.27
2020-12-31,Kovilpatti,9.1728,77.871,Dryland,25.89,29.03,23.54,89.38,3.82,7.5,9.08,31.3
2021-01-01,Kovilpatti,9.1728,77.871,Dryland,24.85,28.3,22.65,85.24,3.78,1.14,16.34,31.34
2021-01-02,Kovilpatti,9.1728,77.871,Dryland,24.9,28.98,20.71,87.11,3.32,0.41,17.97,31.37
2021-01-03,Kovilpatti,9.1728,77.871,Dryland,25.71,28.74,23.76,90.1,2.99,3.83,8.68,31.41
2021-01-04,Kovilpatti,9.1728,77.871,Dryland,25.82,28.45,24.44,89.97,3.45,7.95,9.6,31.45
2021-01-05,Kovilpatti,9.1728,77.871,Dryland,25.77,29.18,23.75,88.09,2.87,3.25,16.5,31.5
2021-01-06,Kovilpatti,9.1728,77.871,Dryland,25.79,28.82,23.22,86.89,1.71,6.84,14.93,31.54
2021-01-07,Kovilpatti,9.1728,77.871,Dryland,25.82,28.32,23.55,89.63,1.93,3.96,14.57,31.59
2021-01-08,Kovilpatti,9.1728,77.871,Dryland,25.98,28.9,23.93,89.33,1.78,5.94,11.66,31.65
2021-01-09,Kovilpatti,9.1728,77.871,Dryland,25.12,27.07,23.67,93.08,2.22,15.76,9.01,31.7
2021-01-10,Kovilpatti,9.1728,77.871,Dryland,24.58,26.12,23.45,93.03,2.21,24.12,10.21,31.76
2021-01-11,Kovilpatti,9.1728,77.871,Dryland,24.74,26.27,23.36,91.54,3.45,11.11,9.43,31.82
2021-01-12,Kovilpatti,9.1728,77.871,Dryland,24.71,26.1,23.17,93.46,4.87,18.93,7.78,31.88
2021-01-13,Kovilpatti,9.1728,77.871,Dryland,25.42,26.64,24.25,94.05,3.83,29.25,6.29,31.94
2021-01-14,Kovilpatti,9.1728,77.871,Dryland,25.14,27.13,23.46,92.94,3.23,29.28,9.68,32.01
2021-01-15,Kovilpatti,9.1728,77.871,Dryland,24.84,26.45,23.68,94.19,2.67,123.58,9.8,32.08
2021-01-16,Kovilpatti,9.1728,77.871,Dryland,25.07,27.41,23.26,91.28,2.23,149.35,10.97,32.15
2021-01-17,Kovilpatti,9.1728,77.871,Dryland,24.69,28.05,21.2,89.13,3.27,22.91,20.1,32.22
2021-01-18,Kovilpatti,9.1728,77.871,Dryland,23.14,27.1,19.34,87.59,3.56,0.01,21.88,32.3
2021-01-19,Kovilpatti,9.1728,77.871,Dryland,23.79,27.71,19.78,84.99,2.83,0.05,19.36,32.37
2021-01-20,Kovilpatti,9.1728,77.871,Dryland,24.37,27.7,21.66,87.54,2.29,2.2,16.52,32.45
2021-01-21,Kovilpatti,9.1728,77.871,Dryland,25.91,29.5,23.04,89.54,2.37,0.65,15.89,32.53
2021-01-22,Kovilpatti,9.1728,77.871,Dryland,26.07,29.33,23.65,88.54,2.23,0.01,18.61,32.61
2021-01-23,Kovilpatti,9.1728,77.871,Dryland,25.65,28.87,23.24,86.97,2.7,0.0,16.8,32.69
2021-01-24,Kovilpatti,9.1728,77.871,Dryland,24.71,28.19,22.13,84.7,2.98,0.0,19.0,32.78
2021-01-25,Kovilpatti,9.1728,77.871,Dryland,24.04,27.78,20.86,81.75,2.74,0.0,21.6,32.86
2021-01-26,Kovilpatti,9.1728,77.871,Dryland,23.9,28.08,20.28,82.63,2.96,0.0,21.63,32.95
2021-01-27,Kovilpatti,9.1728,77.871,Dryland,23.55,27.54,20.14,79.72,2.93,0.0,21.0,33.04
2021-01-28,Kovilpatti,9.1728,77.871,Dryland,24.1,28.21,20.39,84.16,3.06,0.0,20.96,33.13
2021-01-29,Kovilpatti,9.1728,77.871,Dryland,24.66,28.63,20.75,86.54,3.05,0.04,14.93,33.21
2021-01-30,Kovilpatti,9.1728,77.871,Dryland,25.63,29.38,22.34,87.16,3.16,0.07,17.36,33.3
2021-01-31,Kovilpatti,9.1728,77.871,Dryland,25.21,28.85,22.43,86.26,3.3,0.01,21.94,33.39
2021-02-01,Kovilpatti,9.1728,77.871,Dryland,24.91,28.75,22.1,86.08,3.99,0.15,22.07,33.48
2021-02-02,Kovilpatti,9.1728,77.871,Dryland,24.75,28.75,21.23,86.58,3.73,0.13,20.51,33.57
2021-02-03,Kovilpatti,9.1728,77.871,Dryland,24.72,28.84,21.49,84.15,3.58,0.0,18.57,33.66
2021-02-04,Kovilpatti,9.1728,77.871,Dryland,23.97,28.26,20.19,83.54,3.17,0.0,21.64,33.76
2021-02-05,Kovilpatti,9.1728,77.871,Dryland,23.74,28.27,19.42,82.31,3.28,0.0,22.08,33.85
2021-02-06,Kovilpatti,9.1728,77.871,Dryland,24.06,28.65,20.07,82.63,3.23,0.0,20.17,33.94
2021-02-07,Kovilpatti,9.1728,77.871,Dryland,23.54,28.58,19.01,81.89,3.45,0.0,22.84,34.04
2021-02-08,Kovilpatti,9.1728,77.871,Dryland,23.74,28.66,19.92,80.82,4.14,0.0,23.88,34.13
2021-02-09,Kovilpatti,9.1728,77.871,Dryland,23.5,28.33,19.1,80.48,3.96,0.0,22.88,34.22
2021-02-10,Kovilpatti,9.1728,77.871,Dryland,23.13,28.21,18.52,79.65,3.57,0.0,24.16,34.32
2021-02-11,Kovilpatti,9.1728,77.871,Dryland,23.0,28.37,17.95,76.83,3.12,0.0,24.46,34.41
2021-02-12,Kovilpatti,9.1728,77.871,Dryland,22.99,28.56,17.72,78.01,2.9,0.0,24.54,34.51
2021-02-13,Kovilpatti,9.1728,77.871,Dryland,23.5,29.27,18.45,76.63,2.48,0.0,25.03,34.6
2021-02-14,Kovilpatti,9.1728,77.871,Dryland,24.07,29.94,18.89,78.21,2.39,0.0,21.59,34.69
2021-02-15,Kovilpatti,9.1728,77.871,Dryland,24.96,30.99,19.39,80.33,2.33,0.0,23.13,34.79
2021-02-16,Kovilpatti,9.1728,77.871,Dryland,25.91,31.22,21.68,79.71,2.17,0.0,18.6,34.88
2021-02-17,Kovilpatti,9.1728,77.871,Dryland,25.88,30.93,21.95,79.1,2.57,0.0,20.57,34.97
2021-02-18,Kovilpatti,9.1728,77.871,Dryland,26.01,30.99,21.49,78.82,2.84,0.01,16.81,35.06
2021-02-19,Kovilpatti,9.1728,77.871,Dryland,26.43,31.86,21.52,79.9,2.83,0.02,20.96,35.15
2021-02-20,Kovilpatti,9.1728,77.871,Dryland,26.96,31.34,24.05,80.54,3.45,0.57,18.41,35.24
2021-02-21,Kovilpatti,9.1728,77.871,Dryland,27.0,31.51,23.78,79.97,2.87,0.23,20.96,35.33
2021-02-22,Kovilpatti,9.1728,77.871,Dryland,26.91,31.65,23.28,79.08,3.57,0.06,20.89,35.42
2021-02-23,Kovilpatti,9.1728,77.871,Dryland,26.83,32.43,22.17,76.26,3.25,0.0,23.04,35.5
2021-02-24,Kovilpatti,9.1728,77.871,Dryland,26.79,32.33,22.8,76.81,2.85,0.0,23.32,35.59
2021-02-25,Kovilpatti,9.1728,77.871,Dryland,26.55,32.6,21.64,74.67,2.33,0.0,22.91,35.67
2021-02-26,Kovilpatti,9.1728,77.871,Dryland,26.93,33.8,21.42,71.13,2.0,0.54,22.99,35.76
2021-02-27,Kovilpatti,9.1728,77.871,Dryland,27.07,33.99,21.64,69.35,1.84,0.15,23.6,35.84
2021-02-28,Kovilpatti,9.1728,77.871,Dryland,26.25,32.91,20.57,73.15,2.06,0.0,25.29,35.92
2021-03-01,Kovilpatti,9.1728,77.871,Dryland,26.3,32.63,21.13,73.57,2.12,0.0,25.3,36.0
2021-03-02,Kovilpatti,9.1728,77.871,Dryland,26.64,32.98,21.59,72.89,2.71,0.0,23.72,36.07
2021-03-03,Kovilpatti,9.1728,77.871,Dryland,26.0,32.38,20.79,69.53,3.1,0.0,25.33,36.15
2021-03-04,Kovilpatti,9.1728,77.871,Dryland,26.0,32.2,20.49,70.04,2.67,0.0,25.52,36.22
2021-03-05,Kovilpatti,9.1728,77.871,Dryland,26.9,33.59,20.91,68.56,2.66,0.0,25.64,36.3
2021-03-06,Kovilpatti,9.1728,77.871,Dryland,27.71,34.27,22.09,71.04,2.47,0.01,24.24,36.37
2021-03-07,Kovilpatti,9.1728,77.871,Dryland,28.04,34.11,23.3,74.1,2.65,0.01,25.28,36.44
2021-03-08,Kovilpatti,9.1728,77.871,Dryland,27.74,31.54,24.56,78.52,2.68,0.48,22.11,36.51
2021-03-09,Kovilpatti,9.1728,77.871,Dryland,28.58,34.17,25.07,71.86,3.3,0.42,23.87,36.58
2021-03-10,Kovilpatti,9.1728,77.871,Dryland,28.14,32.6,24.59,76.21,3.0,0.6,21.87,36.64
2021-03-11,Kovilpatti,9.1728,77.871,Dryland,27.8,31.48,25.42,75.8,2.72,1.19,22.65,36.71
2021-03-12,Kovilpatti,9.1728,77.871,Dryland,27.64,32.56,24.4,72.53,2.91,1.34,23.97,36.77
2021-03-13,Kovilpatti,9.1728,77.871,Dryland,28.14,34.33,22.85,70.13,2.96,0.0,24.44,36.83
2021-03-14,Kovilpatti,9.1728,77.871,Dryland,28.62,34.9,23.18,69.65,3.21,0.0,25.05,36.89
2021-03-15,Kovilpatti,9.1728,77.871,Dryland,28.71,35.35,23.58,64.02,2.95,0.0,25.62,36.94
2021-03-16,Kovilpatti,9.1728,77.871,Dryland,28.78,35.59,22.85,65.51,2.72,0.0,25.59,37.0
2021-03-17,Kovilpatti,9.1728,77.871,Dryland,28.9,35.42,23.83,68.16,2.79,0.0,24.45,37.05
2021-03-18,Kovilpatti,9.1728,77.871,Dryland,28.73,34.84,23.93,65.91,2.66,0.0,20.98,37.11
2021-03-19,Kovilpatti,9.1728,77.871,Dryland,28.87,34.79,23.56,62.33,2.44,0.03,21.86,37.16
2021-03-20,Kovilpatti,9.1728,77.871,Dryland,29.37,35.26,25.9,62.22,2.01,0.2,19.91,37.2
2021-03-21,Kovilpatti,9.1728,77.871,Dryland,29.82,36.07,25.45,60.69,1.86,0.04,22.32,37.25
2021-03-22,Kovilpatti,9.1728,77.871,Dryland,29.38,34.57,25.49,67.33,2.27,0.7,21.88,37.29
2021-03-23,Kovilpatti,9.1728,77.871,Dryland,29.7,35.78,26.04,68.25,2.71,0.39,23.98,37.34
2021-03-24,Kovilpatti,9.1728,77.871,Dryland,28.98,33.01,25.7,69.35,2.37,0.38,22.69,37.38
2021-03-25,Kovilpatti,9.1728,77.871,Dryland,29.04,32.7,26.55,65.4,1.63,0.6,19.71,37.42
2021-03-26,Kovilpatti,9.1728,77.871,Dryland,29.71,34.86,25.49,67.71,2.42,1.54,23.85,37.45
2021-03-27,Kovilpatti,9.1728,77.871,Dryland,29.33,35.16,25.59,69.4,2.22,4.97,20.21,37.49
2021-03-28,Kovilpatti,9.1728,77.871,Dryland,29.27,34.97,25.59,70.48,1.99,2.04,22.56,37.52
2021-03-29,Kovilpatti,9.1728,77.871,Dryland,29.04,34.1,25.42,70.88,2.28,1.25,23.56,37.55
2021-03-30,Kovilpatti,9.1728,77.871,Dryland,30.56,37.76,24.38,64.2,2.67,0.69,24.44,37.58
2021-03-31,Kovilpatti,9.1728,77.871,Dryland,31.37,38.38,25.36,61.25,3.03,0.03,24.3,37.6
2021-04-01,Kovilpatti,9.1728,77.871,Dryland,31.63,38.48,26.5,62.76,3.13,0.54,20.08,37.63
2021-04-02,Kovilpatti,9.1728,77.871,Dryland,31.29,37.24,26.81,60.64,3.14,0.06,22.28,37.65
2021-04-03,Kovilpatti,9.1728,77.871,Dryland,31.84,39.1,25.91,56.17,3.82,0.0,23.34,37.67
2021-04-04,Kovilpatti,9.1728,77.871,Dryland,31.91,40.06,24.84,54.81,2.74,0.01,25.03,37.69
2021-04-05,Kovilpatti,9.1728,77.871,Dryland,32.29,38.93,28.44,55.06,2.86,0.02,24.2,37.7
2021-04-06,Kovilpatti,9.1728,77.871,Dryland,30.84,36.08,26.97,64.5,2.32,0.1,20.68,37.72
2021-04-07,Kovilpatti,9.1728,77.871,Dryland,30.37,37.02,25.7,61.31,2.43,0.12,22.55,37.73
2021-04-08,Kovilpatti,9.1728,77.871,Dryland,30.62,37.41,25.15,59.65,1.97,0.12,21.17,37.75
2021-04-09,Kovilpatti,9.1728,77.871,Dryland,30.69,37.16,26.44,62.16,2.26,0.67,22.4,37.76
2021-04-10,Kovilpatti,9.1728,77.871,Dryland,29.99,35.73,26.05,66.72,2.26,2.13,22.69,37.76
2021-04-11,Kovilpatti,9.1728,77.871,Dryland,29.71,34.9,26.29,67.38,1.62,6.59,18.23,37.77
2021-04-12,Kovilpatti,9.1728,77.871,Dryland,29.53,34.4,26.27,69.84,1.84,3.87,15.43,37.78
2021-04-13,Kovilpatti,9.1728,77.871,Dryland,28.51,31.95,26.62,75.95,1.75,2.68,19.25,37.78
2021-04-14,Kovilpatti,9.1728,77.871,Dryland,29.35,34.31,25.63,69.82,1.88,2.07,18.12,37.78
2021-04-15,Kovilpatti,9.1728,77.871,Dryland,28.55,31.25,26.26,74.12,0.98,6.14,16.47,37.79
2021-04-16,Kovilpatti,9.1728,77.871,Dryland,28.88,32.19,26.18,76.94,1.66,7.01,20.2,37.79
2021-04-17,Kovilpatti,9.1728,77.871,Dryland,29.93,35.12,25.63,70.46,2.58,0.29,23.7,37.79
2021-04-18,Kovilpatti,9.1728,77.871,Dryland,30.05,34.78,26.41,69.37,2.41,1.15,16.43,37.78
2021-04-19,Kovilpatti,9.1728,77.871,Dryland,30.48,36.85,25.17,67.14,3.17,0.39,22.41,37.78
2021-04-20,Kovilpatti,9.1728,77.871,Dryland,29.95,33.99,26.82,70.39,2.72,0.14,14.04,37.77
2021-04-21,Kovilpatti,9.1728,77.871,Dryland,30.49,35.81,25.96,69.45,1.81,2.33,23.37,37.76
2021-04-22,Kovilpatti,9.1728,77.871,Dryland,29.58,33.92,26.38,74.2,2.2,1.38,21.76,37.76
2021-04-23,Kovilpatti,9.1728,77.871,Dryland,30.21,35.56,25.82,70.64,1.95,0.66,20.02,37.75
2021-04-24,Kovilpatti,9.1728,77.871,Dryland,30.26,36.0,25.81,70.46,2.31,0.42,20.04,37.73
2021-04-25,Kovilpatti,9.1728,77.871,Dryland,30.12,34.24,27.28,71.43,1.76,0.17,20.74,37.72
2021-04-26,Kovilpatti,9.1728,77.871,Dryland,31.09,36.44,27.31,65.09,1.61,0.19,18.82,37.7
2021-04-27,Kovilpatti,9.1728,77.871,Dryland,29.89,33.29,27.14,71.73,1.97,0.89,17.54,37.69
2021-04-28,Kovilpatti,9.1728,77.871,Dryland,30.08,34.19,26.55,70.32,2.29,0.09,22.17,37.68
2021-04-29,Kovilpatti,9.1728,77.871,Dryland,30.47,34.53,26.6,69.5,2.76,0.06,20.59,37.66
2021-04-30,Kovilpatti,9.1728,77.871,Dryland,30.4,34.39,26.9,71.21,1.93,0.68,20.5,37.64
2021-05-01,Kovilpatti,9.1728,77.871,Dryland,29.42,32.49,27.55,78.8,1.71,2.33,18.55,37.62
2021-05-02,Kovilpatti,9.1728,77.871,Dryland,30.07,34.58,27.13,73.52,1.7,1.77,21.72,37.6
2021-05-03,Kovilpatti,9.1728,77.871,Dryland,28.96,31.67,26.77,77.79,2.33,1.39,17.09,37.58
2021-05-04,Kovilpatti,9.1728,77.871,Dryland,29.67,35.64,25.34,71.54,1.92,1.31,18.96,37.56
2021-05-05,Kovilpatti,9.1728,77.871,Dryland,29.4,32.81,26.99,73.67,1.58,1.45,22.25,37.54
2021-05-06,Kovilpatti,9.1728,77.871,Dryland,29.75,33.58,26.77,71.32,1.68,4.37,21.74,37.52
2021-05-07,Kovilpatti,9.1728,77.871,Dryland,28.76,31.24,27.51,78.22,1.16,14.51,18.28,37.5
2021-05-08,Kovilpatti,9.1728,77.871,Dryland,28.93,32.29,26.11,75.4,1.86,0.59,20.03,37.47
2021-05-09,Kovilpatti,9.1728,77.871,Dryland,29.64,33.09,27.27,75.2,1.65,5.24,19.96,37.45
2021-05-10,Kovilpatti,9.1728,77.871,Dryland,29.1,31.82,26.99,78.75,2.12,11.31,19.66,37.42
2021-05-11,Kovilpatti,9.1728,77.871,Dryland,29.44,33.26,26.49,77.53,2.97,4.56,20.49,37.4
2021-05-12,Kovilpatti,9.1728,77.871,Dryland,29.13,32.87,26.13,77.61,3.36,1.69,17.91,37.37
2021-05-13,Kovilpatti,9.1728,77.871,Dryland,29.01,34.43,25.19,75.3,3.81,13.18,14.95,37.35
2021-05-14,Kovilpatti,9.1728,77.871,Dryland,28.42,32.78,25.61,78.12,4.07,8.71,15.16,37.33
2021-05-15,Kovilpatti,9.1728,77.871,Dryland,28.56,32.43,25.94,78.13,4.88,9.29,8.02,37.3
2021-05-16,Kovilpatti,9.1728,77.871,Dryland,28.69,32.37,25.96,77.28,3.79,1.14,12.89,37.28
2021-05-17,Kovilpatti,9.1728,77.871,Dryland,29.08,33.72,25.73,74.78,3.37,1.24,19.38,37.25
2021-05-18,Kovilpatti,9.1728,77.871,Dryland,29.48,34.4,25.61,76.37,3.06,0.39,21.99,37.23
2021-05-19,Kovilpatti,9.1728,77.871,Dryland,29.04,32.76,26.27,80.67,3.51,4.88,20.7,37.2
2021-05-20,Kovilpatti,9.1728,77.871,Dryland,28.2,30.86,26.22,83.34,3.28,3.25,20.07,37.18
2021-05-21,Kovilpatti,9.1728,77.871,Dryland,28.61,32.7,25.6,74.63,3.62,2.19,15.96,37.15
2021-05-22,Kovilpatti,9.1728,77.871,Dryland,28.09,31.53,25.78,81.9,3.66,5.61,13.33,37.12
2021-05-23,Kovilpatti,9.1728,77.871,Dryland,28.92,33.59,26.08,78.26,4.14,1.39,18.93,37.1
2021-05-24,Kovilpatti,9.1728,77.871,Dryland,29.03,33.45,25.83,76.08,5.01,0.2,21.29,37.07
2021-05-25,Kovilpatti,9.1728,77.871,Dryland,27.65,30.2,25.26,80.3,5.92,8.95,18.54,37.05
2021-05-26,Kovilpatti,9.1728,77.871,Dryland,27.18,30.8,24.5,79.47,6.03,9.3,7.65,37.02
2021-05-27,Kovilpatti,9.1728,77.871,Dryland,28.64,33.83,25.31,74.35,5.66,0.37,21.2,37.0
2021-05-28,Kovilpatti,9.1728,77.871,Dryland,29.3,35.44,24.58,73.7,4.52,0.24,23.16,36.98
2021-05-29,Kovilpatti,9.1728,77.871,Dryland,29.26,34.97,25.34,74.69,4.48,0.21,17.31,36.96
2021-05-30,Kovilpatti,9.1728,77.871,Dryland,29.48,35.25,25.18,72.66,4.63,0.03,22.57,36.93
2021-05-31,Kovilpatti,9.1728,77.871,Dryland,29.32,34.79,25.35,74.98,4.55,1.32,23.17,36.91
2021-06-01,Kovilpatti,9.1728,77.871,Dryland,29.15,33.72,26.16,74.82,4.63,0.25,21.16,36.89
2021-06-02,Kovilpatti,9.1728,77.871,Dryland,30.13,36.19,25.2,71.3,3.52,0.16,22.08,36.87
2021-06-03,Kovilpatti,9.1728,77.871,Dryland,28.86,32.02,26.58,81.19,3.62,3.14,20.66,36.85
2021-06-04,Kovilpatti,9.1728,77.871,Dryland,27.96,30.07,26.65,86.72,2.79,12.96,14.7,36.83
2021-06-05,Kovilpatti,9.1728,77.871,Dryland,27.52,30.07,25.83,84.57,2.44,23.07,13.27,36.81
2021-06-06,Kovilpatti,9.1728,77.871,Dryland,28.12,31.81,25.35,81.56,3.18,3.16,19.97,36.79
2021-06-07,Kovilpatti,9.1728,77.871,Dryland,29.05,33.54,25.69,77.53,3.36,0.19,22.92,36.77
2021-06-08,Kovilpatti,9.1728,77.871,Dryland,28.63,32.83,25.78,77.64,4.22,1.04,19.27,36.76
2021-06-09,Kovilpatti,9.1728,77.871,Dryland,28.35,31.81,26.08,80.18,4.19,0.47,19.88,36.74
2021-06-10,Kovilpatti,9.1728,77.871,Dryland,28.58,33.58,25.31,77.57,4.58,0.11,21.69,36.73
2021-06-11,Kovilpatti,9.1728,77.871,Dryland,28.42,33.35,25.02,77.16,4.49,0.12,24.01,36.72
2021-06-12,Kovilpatti,9.1728,77.871,Dryland,28.59,32.43,25.61,78.54,4.62,1.45,17.92,36.7
2021-06-13,Kovilpatti,9.1728,77.871,Dryland,27.86,31.36,25.47,78.47,5.38,1.94,13.05,36.69
2021-06-14,Kovilpatti,9.1728,77.871,Dryland,27.92,32.71,24.61,73.97,5.12,0.9,12.39,36.68
2021-06-15,Kovilpatti,9.1728,77.871,Dryland,28.68,33.39,25.07,76.15,4.96,0.45,17.08,36.67
2021-06-16,Kovilpatti,9.1728,77.871,Dryland,28.43,32.63,25.7,77.53,5.04,0.68,16.93,36.66
2021-06-17,Kovilpatti,9.1728,77.871,Dryland,28.28,32.35,25.28,78.8,4.3,0.31,16.66,36.65
2021-06-18,Kovilpatti,9.1728,77.871,Dryland,28.5,33.09,25.02,77.78,4.02,0.08,19.19,36.64
2021-06-19,Kovilpatti,9.1728,77.871,Dryland,28.23,32.91,24.72,75.57,3.8,0.14,19.66,36.63
2021-06-20,Kovilpatti,9.1728,77.871,Dryland,28.58,33.66,24.64,75.99,3.51,0.15,21.93,36.63
2021-06-21,Kovilpatti,9.1728,77.871,Dryland,28.95,34.04,25.0,74.58,3.6,0.5,21.08,36.62
2021-06-22,Kovilpatti,9.1728,77.871,Dryland,28.4,32.61,25.5,76.99,3.31,1.77,16.49,36.62
2021-06-23,Kovilpatti,9.1728,77.871,Dryland,28.44,32.49,25.37,77.76,3.01,2.69,19.65,36.62
2021-06-24,Kovilpatti,9.1728,77.871,Dryland,28.45,32.82,25.64,76.9,3.73,0.33,20.42,36.62
2021-06-25,Kovilpatti,9.1728,77.871,Dryland,28.91,34.75,24.62,72.65,3.84,0.02,22.6,36.62
2021-06-26,Kovilpatti,9.1728,77.871,Dryland,28.41,33.29,25.2,76.24,4.45,1.99,19.92,36.62
2021-06-27,Kovilpatti,9.1728,77.871,Dryland,28.13,32.27,25.13,75.77,3.29,0.37,16.17,36.62
2021-06-28,Kovilpatti,9.1728,77.871,Dryland,28.5,33.73,24.42,70.97,3.61,0.2,20.29,36.62
2021-06-29,Kovilpatti,9.1728,77.871,Dryland,29.08,34.42,24.52,71.23,3.14,0.04,19.26,36.61
2021-06-30,Kovilpatti,9.1728,77.871,Dryland,29.27,34.0,25.57,73.17,2.99,0.3,21.51,36.61
2021-07-01,Kovilpatti,9.1728,77.871,Dryland,28.95,33.26,25.81,76.59,3.99,5.5,18.15,36.62
2021-07-02,Kovilpatti,9.1728,77.871,Dryland,28.97,33.34,26.01,75.13,4.02,2.3,18.64,36.62
2021-07-03,Kovilpatti,9.1728,77.871,Dryland,28.19,32.16,25.59,78.33,3.41,3.53,18.36,36.63
2021-07-04,Kovilpatti,9.1728,77.871,Dryland,28.44,32.81,25.12,73.87,3.2,3.52,16.48,36.64
2021-07-05,Kovilpatti,9.1728,77.871,Dryland,28.8,33.59,25.31,73.51,3.51,1.15,19.75,36.65
2021-07-06,Kovilpatti,9.1728,77.871,Dryland,27.04,28.61,25.64,81.25,2.36,0.19,19.86,36.66
2021-07-07,Kovilpatti,9.1728,77.871,Dryland,28.85,33.13,24.85,74.31,3.44,2.32,19.7,36.67
2021-07-08,Kovilpatti,9.1728,77.871,Dryland,29.11,33.85,25.39,75.88,3.47,4.6,21.87,36.68
2021-07-09,Kovilpatti,9.1728,77.871,Dryland,28.09,32.15,25.37,77.75,5.52,6.02,12.34,36.69
2021-07-10,Kovilpatti,9.1728,77.871,Dryland,27.08,29.96,25.31,73.31,6.49,3.28,9.19,36.7
2021-07-11,Kovilpatti,9.1728,77.871,Dryland,27.83,32.48,25.11,70.3,5.61,0.1,11.31,36.71
2021-07-12,Kovilpatti,9.1728,77.871,Dryland,28.57,33.47,25.22,72.76,5.6,0.38,14.4,36.72
2021-07-13,Kovilpatti,9.1728,77.871,Dryland,28.38,33.05,25.04,72.2,5.47,0.21,12.74,36.74
2021-07-14,Kovilpatti,9.1728,77.871,Dryland,28.3,33.23,24.5,70.46,4.69,0.85,10.99,36.75
2021-07-15,Kovilpatti,9.1728,77.871,Dryland,28.36,33.42,24.42,68.7,3.97,1.55,16.1,36.76
2021-07-16,Kovilpatti,9.1728,77.871,Dryland,28.75,33.84,24.86,73.22,3.94,1.18,11.51,36.78
2021-07-17,Kovilpatti,9.1728,77.871,Dryland,28.31,33.08,24.32,72.43,2.92,0.18,17.86,36.79
2021-07-18,Kovilpatti,9.1728,77.871,Dryland,28.04,32.02,25.33,75.3,4.68,0.36,9.82,36.81
2021-07-19,Kovilpatti,9.1728,77.871,Dryland,28.33,32.96,24.82,73.47,4.8,0.03,18.22,36.83
2021-07-20,Kovilpatti,9.1728,77.871,Dryland,28.91,35.19,24.82,70.79,4.62,0.0,17.97,36.85
2021-07-21,Kovilpatti,9.1728,77.871,Dryland,28.79,34.14,24.8,71.36,5.21,0.12,15.06,36.86
2021-07-22,Kovilpatti,9.1728,77.871,Dryland,28.36,32.12,25.73,74.67,6.12,0.93,14.54,36.88
2021-07-23,Kovilpatti,9.1728,77.871,Dryland,28.12,30.93,26.08,74.97,6.9,2.81,14.11,36.9
2021-07-24,Kovilpatti,9.1728,77.871,Dryland,28.48,33.17,25.64,71.85,6.01,1.95,13.17,36.92
2021-07-25,Kovilpatti,9.1728,77.871,Dryland,28.22,34.18,24.83,69.86,5.33,0.58,15.18,36.94
2021-07-26,Kovilpatti,9.1728,77.871,Dryland,28.27,33.77,24.44,72.09,4.91,0.74,16.16,36.95
2021-07-27,Kovilpatti,9.1728,77.871,Dryland,28.59,33.43,25.33,73.22,4.88,0.21,16.39,36.97
2021-07-28,Kovilpatti,9.1728,77.871,Dryland,28.52,34.0,25.06,73.04,4.25,0.21,17.21,36.99
2021-07-29,Kovilpatti,9.1728,77.871,Dryland,29.26,35.62,24.53,70.42,4.39,0.02,21.65,37.0
2021-07-30,Kovilpatti,9.1728,77.871,Dryland,29.51,35.58,25.1,69.23,4.25,0.08,20.19,37.02
2021-07-31,Kovilpatti,9.1728,77.871,Dryland,29.89,36.73,24.8,67.17,4.56,0.1,20.68,37.03
2021-08-01,Kovilpatti,9.1728,77.871,Dryland,29.96,36.98,24.86,65.86,4.44,0.02,19.14,37.05
2021-08-02,Kovilpatti,9.1728,77.871,Dryland,29.59,35.6,24.9,65.73,5.03,0.06,18.88,37.06
2021-08-03,Kovilpatti,9.1728,77.871,Dryland,30.08,36.8,25.41,63.08,4.81,0.06,19.03,37.08
2021-08-04,Kovilpatti,9.1728,77.871,Dryland,29.99,36.84,24.8,62.97,4.81,0.09,17.63,37.09
2021-08-05,Kovilpatti,9.1728,77.871,Dryland,29.33,34.74,25.54,68.33,5.22,0.66,16.55,37.11
2021-08-06,Kovilpatti,9.1728,77.871,Dryland,29.53,34.52,26.04,69.96,4.99,1.33,16.75,37.12
2021-08-07,Kovilpatti,9.1728,77.871,Dryland,29.71,36.04,25.54,67.44,5.23,0.97,14.34,37.14
2021-08-08,Kovilpatti,9.1728,77.871,Dryland,29.27,34.59,25.9,68.26,4.74,0.32,17.66,37.15
2021-08-09,Kovilpatti,9.1728,77.871,Dryland,28.26,32.57,25.51,71.08,4.44,7.99,20.17,37.17
2021-08-10,Kovilpatti,9.1728,77.871,Dryland,28.98,34.91,25.27,66.83,4.7,0.22,15.2,37.18
2021-08-11,Kovilpatti,9.1728,77.871,Dryland,29.14,34.79,25.08,68.82,4.55,1.67,16.96,37.19
2021-08-12,Kovilpatti,9.1728,77.871,Dryland,28.13,32.89,25.28,69.94,4.2,0.36,15.16,37.21
2021-08-13,Kovilpatti,9.1728,77.871,Dryland,28.94,34.92,24.1,66.61,3.59,0.44,14.4,37.22
2021-08-14,Kovilpatti,9.1728,77.871,Dryland,28.59,34.36,24.9,69.24,4.62,1.06,12.98,37.23
2021-08-15,Kovilpatti,9.1728,77.871,Dryland,28.67,34.5,24.83,69.94,4.63,1.1,16.64,37.24
2021-08-16,Kovilpatti,9.1728,77.871,Dryland,28.87,35.18,24.62,66.23,4.55,0.09,17.13,37.25
2021-08-17,Kovilpatti,9.1728,77.871,Dryland,29.07,34.79,25.18,65.66,4.58,2.39,17.45,37.26
2021-08-18,Kovilpatti,9.1728,77.871,Dryland,27.12,31.38,24.62,71.75,5.23,1.32,12.37,37.26
2021-08-19,Kovilpatti,9.1728,77.871,Dryland,29.16,35.66,24.16,64.44,4.76,0.06,19.55,37.27
2021-08-20,Kovilpatti,9.1728,77.871,Dryland,29.53,35.43,24.95,63.31,2.48,0.38,19.97,37.28
2021-08-21,Kovilpatti,9.1728,77.871,Dryland,28.68,32.55,25.68,70.38,1.58,1.84,12.59,37.28
2021-08-22,Kovilpatti,9.1728,77.871,Dryland,28.59,32.65,25.44,72.78,1.24,1.83,15.17,37.28
2021-08-23,Kovilpatti,9.1728,77.871,Dryland,28.78,34.36,24.45,68.96,3.11,1.84,15.85,37.29
2021-08-24,Kovilpatti,9.1728,77.871,Dryland,29.38,35.52,24.86,66.31,3.61,0.24,19.98,37.29
2021-08-25,Kovilpatti,9.1728,77.871,Dryland,29.31,34.85,24.84,69.24,3.5,3.01,19.68,37.28
2021-08-26,Kovilpatti,9.1728,77.871,Dryland,29.15,34.41,25.44,72.28,4.6,3.07,18.45,37.28
2021-08-27,Kovilpatti,9.1728,77.871,Dryland,28.55,32.87,25.85,74.49,5.16,1.06,12.41,37.28
2021-08-28,Kovilpatti,9.1728,77.871,Dryland,28.06,32.33,25.09,74.36,5.1,2.73,14.41,37.27
2021-08-29,Kovilpatti,9.1728,77.871,Dryland,27.66,31.49,25.41,74.07,5.49,2.05,10.14,37.26
2021-08-30,Kovilpatti,9.1728,77.871,Dryland,28.14,33.94,24.72,71.85,4.56,0.11,13.65,37.25
2021-08-31,Kovilpatti,9.1728,77.871,Dryland,29.32,35.39,24.96,70.02,3.74,3.04,18.01,37.25
2021-09-01,Kovilpatti,9.1728,77.871,Dryland,28.78,33.52,25.46,73.06,3.35,2.13,18.41,37.24
2021-09-02,Kovilpatti,9.1728,77.871,Dryland,28.13,32.58,25.2,74.55,3.25,3.31,17.07,37.23
2021-09-03,Kovilpatti,9.1728,77.871,Dryland,27.87,31.69,25.13,75.16,2.79,0.8,14.08,37.21
2021-09-04,Kovilpatti,9.1728,77.871,Dryland,27.98,32.16,25.03,76.54,4.14,1.45,11.73,37.2
2021-09-05,Kovilpatti,9.1728,77.871,Dryland,28.08,32.29,25.37,76.2,4.5,2.3,13.45,37.18
2021-09-06,Kovilpatti,9.1728,77.871,Dryland,28.62,35.32,24.37,68.68,5.1,0.67,14.29,37.15
2021-09-07,Kovilpatti,9.1728,77.871,Dryland,28.57,34.22,24.88,73.07,4.51,0.39,15.0,37.13
2021-09-08,Kovilpatti,9.1728,77.871,Dryland,28.77,34.13,25.11,71.78,4.58,0.2,18.26,37.11
2021-09-09,Kovilpatti,9.1728,77.871,Dryland,29.44,35.19,24.38,67.95,3.36,0.05,20.92,37.09
2021-09-10,Kovilpatti,9.1728,77.871,Dryland,29.73,35.74,24.95,66.71,4.32,0.04,20.2,37.08
2021-09-11,Kovilpatti,9.1728,77.871,Dryland,29.61,35.68,25.33,67.36,4.92,0.16,19.0,37.06
2021-09-12,Kovilpatti,9.1728,77.871,Dryland,28.96,33.99,25.7,70.72,5.34,1.27,16.74,37.03
2021-09-13,Kovilpatti,9.1728,77.871,Dryland,29.28,35.1,25.52,70.88,5.14,1.33,13.06,37.01
2021-09-14,Kovilpatti,9.1728,77.871,Dryland,29.41,33.99,25.81,71.06,4.23,0.3,18.13,36.98
2021-09-15,Kovilpatti,9.1728,77.871,Dryland,29.44,34.85,26.14,73.18,3.65,7.5,19.0,36.94
2021-09-16,Kovilpatti,9.1728,77.871,Dryland,28.42,32.03,25.81,77.79,3.35,5.65,17.12,36.91
2021-09-17,Kovilpatti,9.1728,77.871,Dryland,29.09,33.83,24.98,72.04,1.56,4.02,16.54,36.87
2021-09-18,Kovilpatti,9.1728,77.871,Dryland,29.5,34.54,25.77,72.26,1.54,3.49,17.06,36.84
2021-09-19,Kovilpatti,9.1728,77.871,Dryland,29.18,33.03,26.09,72.19,1.77,0.29,15.77,36.8
2021-09-20,Kovilpatti,9.1728,77.871,Dryland,29.23,33.05,25.7,71.11,1.16,0.22,16.84,36.76
2021-09-21,Kovilpatti,9.1728,77.871,Dryland,29.91,35.56,25.8,66.81,3.48,0.05,21.25,36.72
2021-09-22,Kovilpatti,9.1728,77.871,Dryland,29.95,36.28,25.47,65.6,2.75,2.13,21.02,36.68
2021-09-23,Kovilpatti,9.1728,77.871,Dryland,29.78,36.09,25.3,70.22,3.04,8.19,20.1,36.63
2021-09-24,Kovilpatti,9.1728,77.871,Dryland,29.28,34.39,25.39,71.91,2.14,11.84,18.59,36.59
2021-09-25,Kovilpatti,9.1728,77.871,Dryland,28.44,32.63,25.9,76.84,3.84,7.13,17.57,36.54
2021-09-26,Kovilpatti,9.1728,77.871,Dryland,28.39,32.94,25.09,72.21,3.52,1.43,15.56,36.49
2021-09-27,Kovilpatti,9.1728,77.871,Dryland,27.05,30.76,24.94,78.25,5.61,8.56,12.29,36.44
2021-09-28,Kovilpatti,9.1728,77.871,Dryland,27.64,32.03,24.97,72.98,5.07,0.46,14.99,36.39
2021-09-29,Kovilpatti,9.1728,77.871,Dryland,29.22,36.28,23.54,68.06,3.24,0.08,19.49,36.33
2021-09-30,Kovilpatti,9.1728,77.871,Dryland,28.61,33.24,24.53,71.11,2.55,5.74,18.6,36.27
2021-10-01,Kovilpatti,9.1728,77.871,Dryland,27.45,30.21,25.17,80.0,1.25,8.2,16.12,36.21
2021-10-02,Kovilpatti,9.1728,77.871,Dryland,27.54,30.96,25.2,80.94,1.33,12.52,12.63,36.15
2021-10-03,Kovilpatti,9.1728,77.871,Dryland,28.55,32.37,25.24,77.59,1.2,4.69,18.13,36.09
2021-10-04,Kovilpatti,9.1728,77.871,Dryland,28.27,31.8,25.45,79.14,1.4,2.59,17.46,36.03
2021-10-05,Kovilpatti,9.1728,77.871,Dryland,28.32,32.16,24.62,78.2,1.55,3.84,14.75,35.96
2021-10-06,Kovilpatti,9.1728,77.871,Dryland,27.68,30.68,25.69,80.93,2.6,2.05,15.67,35.9
2021-10-07,Kovilpatti,9.1728,77.871,Dryland,27.96,31.67,24.61,80.01,2.97,1.02,17.49,35.83
2021-10-08,Kovilpatti,9.1728,77.871,Dryland,28.19,32.01,25.57,80.72,3.92,4.79,16.8,35.76
2021-10-09,Kovilpatti,9.1728,77.871,Dryland,27.86,31.33,25.69,81.75,3.9,2.28,10.84,35.69
2021-10-10,Kovilpatti,9.1728,77.871,Dryland,28.26,32.41,25.52,80.31,3.4,0.73,18.87,35.62
2021-10-11,Kovilpatti,9.1728,77.871,Dryland,28.27,33.51,25.25,75.36,4.19,6.32,14.45,35.55
2021-10-12,Kovilpatti,9.1728,77.871,Dryland,27.47,31.8,24.55,76.68,3.86,1.95,13.63,35.48
2021-10-13,Kovilpatti,9.1728,77.871,Dryland,28.35,34.2,24.15,75.1,3.8,0.45,19.84,35.41
2021-10-14,Kovilpatti,9.1728,77.871,Dryland,28.52,33.72,25.27,78.3,3.95,1.76,16.18,35.33
2021-10-15,Kovilpatti,9.1728,77.871,Dryland,28.8,33.95,25.11,77.4,3.73,2.1,18.91,35.26
2021-10-16,Kovilpatti,9.1728,77.871,Dryland,27.9,30.9,26.22,85.45,4.47,11.13,7.11,35.18
2021-10-17,Kovilpatti,9.1728,77.871,Dryland,28.08,31.99,25.97,80.47,4.98,4.04,12.55,35.1
2021-10-18,Kovilpatti,9.1728,77.871,Dryland,28.5,33.6,25.18,77.09,4.19,0.44,18.44,35.02
2021-10-19,Kovilpatti,9.1728,77.871,Dryland,28.83,33.49,24.73,75.51,1.82,0.71,18.54,34.95
2021-10-20,Kovilpatti,9.1728,77.871,Dryland,28.05,30.92,25.72,81.27,1.22,8.96,14.19,34.86
2021-10-21,Kovilpatti,9.1728,77.871,Dryland,27.95,31.43,25.31,79.92,0.82,3.56,16.88,34.78
2021-10-22,Kovilpatti,9.1728,77.871,Dryland,27.83,30.98,25.61,80.39,1.32,1.51,15.89,34.7
2021-10-23,Kovilpatti,9.1728,77.871,Dryland,28.06,32.6,25.32,77.93,2.39,5.33,14.76,34.62
2021-10-24,Kovilpatti,9.1728,77.871,Dryland,27.94,31.81,24.21,76.06,1.57,3.47,20.79,34.53
2021-10-25,Kovilpatti,9.1728,77.871,Dryland,27.65,31.77,24.61,80.28,1.65,12.52,16.15,34.45
2021-10-26,Kovilpatti,9.1728,77.871,Dryland,27.88,31.56,25.0,78.19,1.21,2.99,12.66,34.36
2021-10-27,Kovilpatti,9.1728,77.871,Dryland,27.56,31.41,24.99,79.44,1.56,4.37,13.13,34.28
2021-10-28,Kovilpatti,9.1728,77.871,Dryland,26.33,29.33,24.23,83.7,2.05,13.79,14.88,34.19
2021-10-29,Kovilpatti,9.1728,77.871,Dryland,25.92,28.51,23.88,87.43,2.68,39.08,9.85,34.11
2021-10-30,Kovilpatti,9.1728,77.871,Dryland,26.3,29.41,24.49,86.82,4.15,62.42,10.57,34.02
2021-10-31,Kovilpatti,9.1728,77.871,Dryland,26.13,29.04,23.73,88.77,2.75,13.15,9.61,33.94
2021-11-01,Kovilpatti,9.1728,77.871,Dryland,26.04,28.71,24.36,89.44,2.85,9.64,11.5,33.85
2021-11-02,Kovilpatti,9.1728,77.871,Dryland,26.25,29.29,24.01,86.82,2.07,14.78,13.63,33.77
2021-11-03,Kovilpatti,9.1728,77.871,Dryland,25.78,27.44,24.72,91.73,1.47,18.31,11.87,33.68
2021-11-04,Kovilpatti,9.1728,77.871,Dryland,25.98,27.89,24.55,85.88,0.72,16.32,11.47,33.59
2021-11-05,Kovilpatti,9.1728,77.871,Dryland,26.23,29.02,24.44,87.87,1.77,6.33,18.0,33.5
2021-11-06,Kovilpatti,9.1728,77.871,Dryland,26.6,29.97,23.37,84.94,1.5,9.61,16.49,33.42
2021-11-07,Kovilpatti,9.1728,77.871,Dryland,26.08,28.49,24.33,89.48,2.27,2.37,12.08,33.33
2021-11-08,Kovilpatti,9.1728,77.871,Dryland,25.64,27.91,24.05,89.48,2.02,35.92,8.11,33.25
2021-11-09,Kovilpatti,9.1728,77.871,Dryland,24.4,25.73,23.25,89.06,2.46,6.55,6.6,33.16
2021-11-10,Kovilpatti,9.1728,77.871,Dryland,25.28,28.28,22.75,86.49,2.29,3.26,15.96,33.08
2021-11-11,Kovilpatti,9.1728,77.871,Dryland,25.95,28.38,23.89,88.69,2.89,4.46,15.01,33.0
2021-11-12,Kovilpatti,9.1728,77.871,Dryland,26.54,30.23,24.35,86.46,3.78,4.56,8.18,32.92
2021-11-13,Kovilpatti,9.1728,77.871,Dryland,26.32,29.34,24.18,89.77,3.13,11.7,13.55,32.84
2021-11-14,Kovilpatti,9.1728,77.871,Dryland,25.75,26.99,24.94,91.36,3.23,6.85,10.29,32.76
2021-11-15,Kovilpatti,9.1728,77.871,Dryland,26.5,29.39,24.58,88.83,2.34,3.76,12.15,32.68
2021-11-16,Kovilpatti,9.1728,77.871,Dryland,26.42,29.29,24.14,89.11,2.18,4.23,12.36,32.6
2021-11-17,Kovilpatti,9.1728,77.871,Dryland,26.32,29.49,23.88,88.76,1.45,32.69,12.86,32.53
2021-11-18,Kovilpatti,9.1728,77.871,Dryland,26.05,28.4,24.05,89.23,2.27,14.22,10.56,32.45
2021-11-19,Kovilpatti,9.1728,77.871,Dryland,26.29,29.84,23.84,87.56,3.53,3.51,11.89,32.38
2021-11-20,Kovilpatti,9.1728,77.871,Dryland,26.4,30.23,23.02,86.99,3.52,1.8,18.54,32.3
2021-11-21,Kovilpatti,9.1728,77.871,Dryland,25.77,30.39,20.96,81.79,1.91,0.0,21.49,32.23
2021-11-22,Kovilpatti,9.1728,77.871,Dryland,25.92,29.68,22.34,88.26,2.46,10.13,18.86,32.17
2021-11-23,Kovilpatti,9.1728,77.871,Dryland,25.86,28.14,24.11,91.74,2.36,15.84,13.67,32.1
2021-11-24,Kovilpatti,9.1728,77.871,Dryland,25.64,28.0,24.1,89.03,2.71,3.78,7.47,32.03
2021-11-25,Kovilpatti,9.1728,77.871,Dryland,25.38,27.45,24.06,91.41,2.55,151.61,3.6,31.97
2021-11-26,Kovilpatti,9.1728,77.871,Dryland,25.71,27.92,23.44,92.0,2.11,18.86,11.41,31.9
2021-11-27,Kovilpatti,9.1728,77.871,Dryland,25.1,27.39,23.09,92.28,3.38,6.25,13.92,31.84
2021-11-28,Kovilpatti,9.1728,77.871,Dryland,25.62,27.57,24.01,93.43,3.19,12.25,12.21,31.78
2021-11-29,Kovilpatti,9.1728,77.871,Dryland,25.82,27.52,24.53,91.82,2.96,42.28,10.35,31.73
2021-11-30,Kovilpatti,9.1728,77.871,Dryland,25.76,27.46,24.71,92.02,2.06,12.55,10.93,31.67
2021-12-01,Kovilpatti,9.1728,77.871,Dryland,26.39,29.35,24.13,87.28,1.94,2.08,20.5,31.62
2021-12-02,Kovilpatti,9.1728,77.871,Dryland,26.45,29.63,23.76,88.31,2.14,2.58,16.98,31.57
2021-12-03,Kovilpatti,9.1728,77.871,Dryland,25.61,28.46,23.26,85.51,1.87,12.56,15.0,31.52
2021-12-04,Kovilpatti,9.1728,77.871,Dryland,26.13,29.59,23.0,80.52,0.85,15.12,12.34,31.48
2021-12-05,Kovilpatti,9.1728,77.871,Dryland,27.02,30.6,24.23,85.75,1.51,4.78,17.49,31.43
2021-12-06,Kovilpatti,9.1728,77.871,Dryland,27.33,30.61,24.79,81.36,1.11,2.89,13.02,31.39
2021-12-07,Kovilpatti,9.1728,77.871,Dryland,26.43,29.42,24.01,86.98,2.25,1.76,16.6,31.35
2021-12-08,Kovilpatti,9.1728,77.871,Dryland,26.17,29.51,23.49,87.52,2.51,0.31,14.95,31.32
2021-12-09,Kovilpatti,9.1728,77.871,Dryland,25.27,27.4,23.25,92.53,2.72,7.16,12.55,31.29
2021-12-10,Kovilpatti,9.1728,77.871,Dryland,25.68,29.05,23.16,88.41,3.31,1.63,15.63,31.26
2021-12-11,Kovilpatti,9.1728,77.871,Dryland,25.91,29.26,23.27,89.64,3.39,2.08,19.24,31.23
2021-12-12,Kovilpatti,9.1728,77.871,Dryland,26.07,29.17,23.88,89.19,3.9,2.9,18.02,31.21
2021-12-13,Kovilpatti,9.1728,77.871,Dryland,25.7,28.73,23.31,89.42,3.53,2.14,16.98,31.19
2021-12-14,Kovilpatti,9.1728,77.871,Dryland,25.86,28.82,23.86,88.37,3.5,0.23,16.62,31.17
2021-12-15,Kovilpatti,9.1728,77.871,Dryland,25.55,28.08,23.59,89.87,3.17,0.35,17.62,31.15
2021-12-16,Kovilpatti,9.1728,77.871,Dryland,25.41,28.37,22.75,87.96,4.16,0.26,19.34,31.14
2021-12-17,Kovilpatti,9.1728,77.871,Dryland,24.95,28.12,22.79,86.45,3.73,0.16,18.13,31.13
2021-12-18,Kovilpatti,9.1728,77.871,Dryland,24.51,27.91,21.8,87.13,3.69,0.01,18.8,31.12
2021-12-19,Kovilpatti,9.1728,77.871,Dryland,23.91,27.55,20.74,85.26,3.61,0.0,16.57,31.12
2021-12-20,Kovilpatti,9.1728,77.871,Dryland,23.79,27.88,19.85,85.58,3.34,0.0,18.45,31.12
2021-12-21,Kovilpatti,9.1728,77.871,Dryland,24.04,28.42,20.43,84.02,2.74,0.0,18.96,31.12
2021-12-22,Kovilpatti,9.1728,77.871,Dryland,23.99,28.26,19.54,84.01,2.3,0.0,17.11,31.13
2021-12-23,Kovilpatti,9.1728,77.871,Dryland,23.13,27.37,19.34,81.42,2.37,0.0,17.81,31.13
2021-12-24,Kovilpatti,9.1728,77.871,Dryland,22.9,27.73,18.02,83.55,2.44,0.0,19.5,31.14
2021-12-25,Kovilpatti,9.1728,77.871,Dryland,23.4,27.82,18.99,83.11,2.49,0.0,20.13,31.15
2021-12-26,Kovilpatti,9.1728,77.871,Dryland,23.77,28.17,19.16,83.88,2.51,0.0,21.08,31.16
2021-12-27,Kovilpatti,9.1728,77.871,Dryland,24.08,28.4,20.04,84.62,2.89,0.02,21.68,31.18
2021-12-28,Kovilpatti,9.1728,77.871,Dryland,24.43,28.61,20.63,83.69,2.93,0.01,20.62,31.21
2021-12-29,Kovilpatti,9.1728,77.871,Dryland,24.28,28.84,20.36,84.21,2.66,0.0,22.06,31.23
2021-12-30,Kovilpatti,9.1728,77.871,Dryland,24.79,28.85,20.83,85.56,3.14,1.76,18.57,31.26
2021-12-31,Kovilpatti,9.1728,77.871,Dryland,25.94,29.59,23.47,88.34,3.62,3.93,14.16,31.29
2022-01-01,Kovilpatti,9.1728,77.871,Dryland,26.16,29.83,23.84,88.44,3.7,6.82,14.02,31.33
2022-01-02,Kovilpatti,9.1728,77.871,Dryland,25.56,29.0,23.44,89.04,4.23,9.74,14.2,31.36
2022-01-03,Kovilpatti,9.1728,77.871,Dryland,24.77,28.12,22.2,86.83,3.83,4.96,17.5,31.4
2022-01-04,Kovilpatti,9.1728,77.871,Dryland,24.77,28.54,22.07,85.12,3.85,0.61,18.59,31.44
2022-01-05,Kovilpatti,9.1728,77.871,Dryland,24.31,28.86,20.26,83.66,3.02,0.02,19.79,31.49
2022-01-06,Kovilpatti,9.1728,77.871,Dryland,25.21,29.55,21.7,87.33,3.3,0.04,15.68,31.53
2022-01-07,Kovilpatti,9.1728,77.871,Dryland,25.43,29.3,21.96,87.47,2.93,0.01,20.12,31.58
2022-01-08,Kovilpatti,9.1728,77.871,Dryland,25.26,29.08,22.13,85.17,3.34,0.01,13.14,31.63
2022-01-09,Kovilpatti,9.1728,77.871,Dryland,24.66,28.52,20.96,84.79,2.89,0.01,18.52,31.68
2022-01-10,Kovilpatti,9.1728,77.871,Dryland,25.49,29.97,22.1,84.41,2.49,0.01,20.36,31.74
2022-01-11,Kovilpatti,9.1728,77.871,Dryland,25.68,30.41,21.33,84.12,2.47,0.01,19.78,31.8
2022-01-12,Kovilpatti,9.1728,77.871,Dryland,26.12,30.98,21.68,82.59,1.97,0.0,19.22,31.87
2022-01-13,Kovilpatti,9.1728,77.871,Dryland,26.54,31.07,22.58,82.5,1.63,0.0,20.1,31.93
2022-01-14,Kovilpatti,9.1728,77.871,Dryland,26.91,31.38,23.5,79.95,1.52,0.0,18.62,32.0
2022-01-15,Kovilpatti,9.1728,77.871,Dryland,26.89,31.56,23.06,80.38,2.1,0.0,17.99,32.07
2022-01-16,Kovilpatti,9.1728,77.871,Dryland,26.75,31.1,23.34,80.68,3.29,0.03,19.55,32.14
2022-01-17,Kovilpatti,9.1728,77.871,Dryland,26.43,31.04,22.97,80.14,3.66,0.05,19.98,32.22
2022-01-18,Kovilpatti,9.1728,77.871,Dryland,25.86,30.52,22.02,77.59,3.97,0.04,20.86,32.29
2022-01-19,Kovilpatti,9.1728,77.871,Dryland,25.82,31.33,21.06,75.81,3.29,0.01,20.86,32.37
2022-01-20,Kovilpatti,9.1728,77.871,Dryland,25.45,31.13,20.67,73.89,2.51,0.01,19.26,32.45
2022-01-21,Kovilpatti,9.1728,77.871,Dryland,26.32,31.86,22.32,70.68,1.38,0.0,18.37,32.52
2022-01-22,Kovilpatti,9.1728,77.871,Dryland,27.26,33.39,21.9,73.24,1.32,0.0,20.56,32.6
2022-01-23,Kovilpatti,9.1728,77.871,Dryland,27.57,32.85,22.95,75.11,1.2,0.0,19.84,32.68
2022-01-24,Kovilpatti,9.1728,77.871,Dryland,27.28,32.44,22.59,73.05,1.26,0.0,18.47,32.77
2022-01-25,Kovilpatti,9.1728,77.871,Dryland,27.11,32.39,22.96,72.91,1.4,0.0,17.46,32.85
2022-01-26,Kovilpatti,9.1728,77.871,Dryland,26.14,30.0,23.47,75.24,2.15,0.04,17.27,32.93
2022-01-27,Kovilpatti,9.1728,77.871,Dryland,26.72,31.76,22.28,67.89,3.02,0.01,19.88,33.02
2022-01-28,Kovilpatti,9.1728,77.871,Dryland,26.69,31.7,22.88,70.82,4.22,0.0,21.69,33.1
2022-01-29,Kovilpatti,9.1728,77.871,Dryland,26.79,32.3,22.7,76.53,4.52,0.01,17.24,33.18
2022-01-30,Kovilpatti,9.1728,77.871,Dryland,27.49,33.04,23.32,74.82,3.93,0.01,18.97,33.27
2022-01-31,Kovilpatti,9.1728,77.871,Dryland,27.42,32.67,23.37,76.17,3.19,0.0,18.66,33.36
2022-02-01,Kovilpatti,9.1728,77.871,Dryland,27.25,32.95,23.42,74.23,3.11,0.0,18.12,33.45
2022-02-02,Kovilpatti,9.1728,77.871,Dryland,26.01,32.54,21.69,69.08,3.08,0.0,21.41,33.55
2022-02-03,Kovilpatti,9.1728,77.871,Dryland,25.51,32.74,19.61,66.54,2.04,0.0,20.72,33.65
2022-02-04,Kovilpatti,9.1728,77.871,Dryland,27.67,34.14,23.04,65.21,1.05,0.0,22.45,33.74
2022-02-05,Kovilpatti,9.1728,77.871,Dryland,27.83,33.34,24.07,71.53,2.28,0.0,21.39,33.84
2022-02-06,Kovilpatti,9.1728,77.871,Dryland,27.66,33.04,24.15,69.98,2.89,0.0,19.75,33.93
2022-02-07,Kovilpatti,9.1728,77.871,Dryland,27.33,33.83,22.0,68.51,3.13,0.0,20.9,34.03
2022-02-08,Kovilpatti,9.1728,77.871,Dryland,26.77,33.05,21.92,65.61,3.71,0.0,19.29,34.12
2022-02-09,Kovilpatti,9.1728,77.871,Dryland,25.83,31.77,20.78,64.02,3.55,0.0,21.37,34.22
2022-02-10,Kovilpatti,9.1728,77.871,Dryland,27.03,32.94,21.31,65.57,3.73,0.01,21.91,34.32
2022-02-11,Kovilpatti,9.1728,77.871,Dryland,27.63,32.95,23.84,73.57,4.46,0.7,14.46,34.41
2022-02-12,Kovilpatti,9.1728,77.871,Dryland,26.13,29.32,24.05,81.24,3.81,4.55,12.6,34.5
2022-02-13,Kovilpatti,9.1728,77.871,Dryland,26.0,30.74,22.55,78.4,3.88,5.56,17.57,34.6
2022-02-14,Kovilpatti,9.1728,77.871,Dryland,27.0,32.77,22.7,71.05,3.76,0.52,18.36,34.69
2022-02-15,Kovilpatti,9.1728,77.871,Dryland,26.86,32.64,22.19,66.9,3.73,0.03,16.54,34.78
2022-02-16,Kovilpatti,9.1728,77.871,Dryland,27.11,33.65,21.53,62.35,3.19,0.04,17.32,34.87
2022-02-17,Kovilpatti,9.1728,77.871,Dryland,27.43,34.13,22.11,61.39,3.04,0.01,18.28,34.96
2022-02-18,Kovilpatti,9.1728,77.871,Dryland,27.78,33.96,22.42,65.79,3.16,0.0,21.35,35.06
2022-02-19,Kovilpatti,9.1728,77.871,Dryland,28.39,34.6,23.13,67.15,3.47,0.03,20.22,35.14
2022-02-20,Kovilpatti,9.1728,77.871,Dryland,29.0,35.61,23.49,65.9,2.62,0.02,22.61,35.23
2022-02-21,Kovilpatti,9.1728,77.871,Dryland,29.46,35.48,24.78,66.44,1.79,0.02,20.09,35.32
2022-02-22,Kovilpatti,9.1728,77.871,Dryland,29.23,35.36,25.16,64.0,2.29,0.22,19.71,35.41
2022-02-23,Kovilpatti,9.1728,77.871,Dryland,28.44,35.0,23.89,63.59,3.6,0.82,23.32,35.5
2022-02-24,Kovilpatti,9.1728,77.871,Dryland,27.59,33.75,21.94,66.92,3.68,2.91,13.87,35.58
2022-02-25,Kovilpatti,9.1728,77.871,Dryland,28.36,34.36,23.39,59.66,3.66,0.0,22.27,35.66
2022-02-26,Kovilpatti,9.1728,77.871,Dryland,28.44,35.04,22.65,66.25,3.62,0.36,22.81,35.74
2022-02-27,Kovilpatti,9.1728,77.871,Dryland,27.99,33.16,24.2,69.32,4.15,6.01,20.86,35.83
2022-02-28,Kovilpatti,9.1728,77.871,Dryland,27.95,34.45,22.29,64.34,3.45,0.03,25.08,35.91
2022-03-01,Kovilpatti,9.1728,77.871,Dryland,28.38,35.67,22.09,60.66,3.5,0.0,25.5,35.99
2022-03-02,Kovilpatti,9.1728,77.871,Dryland,27.94,35.57,21.7,58.49,3.87,0.0,22.09,36.07
2022-03-03,Kovilpatti,9.1728,77.871,Dryland,28.38,34.61,22.8,61.03,3.96,0.0,22.39,36.14
2022-03-04,Kovilpatti,9.1728,77.871,Dryland,28.91,35.38,22.81,58.69,3.85,0.14,20.92,36.22
2022-03-05,Kovilpatti,9.1728,77.871,Dryland,29.44,36.06,23.88,59.42,3.66,0.0,24.0,36.29
2022-03-06,Kovilpatti,9.1728,77.871,Dryland,29.63,36.22,24.16,60.82,3.44,0.06,22.48,36.37
2022-03-07,Kovilpatti,9.1728,77.871,Dryland,29.44,36.0,24.19,61.72,3.47,2.75,19.63,36.44
2022-03-08,Kovilpatti,9.1728,77.871,Dryland,27.89,32.9,24.74,76.26,2.95,41.49,20.78,36.51
2022-03-09,Kovilpatti,9.1728,77.871,Dryland,28.18,34.85,23.13,70.71,2.67,0.03,25.17,36.58
2022-03-10,Kovilpatti,9.1728,77.871,Dryland,27.84,34.87,22.06,69.3,2.52,0.0,25.27,36.64
2022-03-11,Kovilpatti,9.1728,77.871,Dryland,28.0,34.94,22.19,68.81,2.79,0.0,25.89,36.71
2022-03-12,Kovilpatti,9.1728,77.871,Dryland,27.81,35.22,21.79,65.82,2.84,0.02,25.6,36.77
2022-03-13,Kovilpatti,9.1728,77.871,Dryland,27.81,35.07,22.47,66.26,3.22,0.0,26.13,36.83
2022-03-14,Kovilpatti,9.1728,77.871,Dryland,28.46,35.47,23.33,64.49,2.83,0.0,24.94,36.89
2022-03-15,Kovilpatti,9.1728,77.871,Dryland,26.95,32.7,22.47,66.56,1.74,0.01,22.03,36.95
2022-03-16,Kovilpatti,9.1728,77.871,Dryland,29.27,36.51,23.73,64.23,1.92,1.3,17.78,37.01
2022-03-17,Kovilpatti,9.1728,77.871,Dryland,29.6,36.66,24.48,68.0,2.34,1.16,19.83,37.06
2022-03-18,Kovilpatti,9.1728,77.871,Dryland,29.85,36.53,24.83,65.51,1.64,0.37,21.44,37.11
2022-03-19,Kovilpatti,9.1728,77.871,Dryland,30.08,36.9,24.21,64.23,2.16,0.73,20.31,37.16
2022-03-20,Kovilpatti,9.1728,77.871,Dryland,30.21,36.6,25.27,65.17,3.47,0.37,19.48,37.21
2022-03-21,Kovilpatti,9.1728,77.871,Dryland,30.92,37.92,24.83,61.07,2.76,0.07,21.64,37.25
2022-03-22,Kovilpatti,9.1728,77.871,Dryland,31.05,36.7,26.88,61.03,2.21,0.18,22.6,37.3
2022-03-23,Kovilpatti,9.1728,77.871,Dryland,30.81,36.12,26.88,64.18,2.21,1.82,18.39,37.34
2022-03-24,Kovilpatti,9.1728,77.871,Dryland,30.77,35.85,26.62,65.03,1.52,0.21,17.43,37.38
2022-03-25,Kovilpatti,9.1728,77.871,Dryland,30.5,35.51,26.44,63.59,2.15,0.33,20.68,37.42
2022-03-26,Kovilpatti,9.1728,77.871,Dryland,30.1,34.94,26.43,65.39,2.24,0.32,20.96,37.45
2022-03-27,Kovilpatti,9.1728,77.871,Dryland,30.29,35.98,26.03,65.27,2.22,0.74,20.18,37.48
2022-03-28,Kovilpatti,9.1728,77.871,Dryland,29.8,33.99,26.53,68.44,1.9,0.65,23.24,37.51
2022-03-29,Kovilpatti,9.1728,77.871,Dryland,30.62,36.34,25.94,66.32,2.63,0.15,24.06,37.54
2022-03-30,Kovilpatti,9.1728,77.871,Dryland,30.17,35.04,26.49,67.62,2.74,0.31,21.99,37.57
2022-03-31,Kovilpatti,9.1728,77.871,Dryland,30.3,36.57,25.63,65.83,2.46,0.09,24.15,37.6
2022-04-01,Kovilpatti,9.1728,77.871,Dryland,30.6,36.91,25.56,64.01,2.78,0.11,21.86,37.63
2022-04-02,Kovilpatti,9.1728,77.871,Dryland,30.59,36.96,25.96,64.66,2.55,0.95,21.11,37.65
2022-04-03,Kovilpatti,9.1728,77.871,Dryland,30.24,34.81,26.68,65.32,1.92,1.5,21.18,37.68
2022-04-04,Kovilpatti,9.1728,77.871,Dryland,30.03,35.25,26.25,67.0,2.17,0.76,22.68,37.7
2022-04-05,Kovilpatti,9.1728,77.871,Dryland,29.25,34.12,26.27,69.39,1.89,4.14,21.16,37.72
2022-04-06,Kovilpatti,9.1728,77.871,Dryland,27.91,30.65,25.99,75.83,1.31,3.56,20.74,37.74
2022-04-07,Kovilpatti,9.1728,77.871,Dryland,29.57,34.44,26.37,67.79,1.66,2.18,22.88,37.76
2022-04-08,Kovilpatti,9.1728,77.871,Dryland,29.23,34.48,25.95,71.71,1.6,11.9,14.11,37.78
2022-04-09,Kovilpatti,9.1728,77.871,Dryland,28.89,33.58,25.38,73.99,1.4,5.89,16.36,37.79
2022-04-10,Kovilpatti,9.1728,77.871,Dryland,28.96,33.84,25.24,71.81,1.62,16.31,18.56,37.79
2022-04-11,Kovilpatti,9.1728,77.871,Dryland,28.95,32.87,25.21,75.87,1.6,21.57,15.12,37.8
2022-04-12,Kovilpatti,9.1728,77.871,Dryland,28.31,32.14,25.99,77.85,1.0,10.94,15.21,37.8
2022-04-13,Kovilpatti,9.1728,77.871,Dryland,27.38,30.19,25.58,82.96,1.98,6.29,14.82,37.81
2022-04-14,Kovilpatti,9.1728,77.871,Dryland,28.07,32.33,24.76,73.38,1.73,1.49,17.88,37.81
2022-04-15,Kovilpatti,9.1728,77.871,Dryland,29.31,33.9,25.11,74.1,2.35,0.33,22.94,37.81
2022-04-16,Kovilpatti,9.1728,77.871,Dryland,29.85,34.79,25.67,73.6,3.06,0.74,20.73,37.81
2022-04-17,Kovilpatti,9.1728,77.871,Dryland,29.48,33.61,26.21,76.57,2.51,2.28,19.35,37.81
2022-04-18,Kovilpatti,9.1728,77.871,Dryland,29.2,33.91,26.27,74.37,2.89,4.68,21.4,37.8
2022-04-19,Kovilpatti,9.1728,77.871,Dryland,29.97,34.99,25.35,68.76,1.86,0.41,17.11,37.79
2022-04-20,Kovilpatti,9.1728,77.871,Dryland,30.19,35.71,25.38,71.46,2.12,0.03,23.47,37.78
2022-04-21,Kovilpatti,9.1728,77.871,Dryland,29.5,33.33,27.08,76.53,1.53,0.17,24.16,37.76
2022-04-22,Kovilpatti,9.1728,77.871,Dryland,28.45,32.2,26.31,78.97,1.91,2.82,18.31,37.75
2022-04-23,Kovilpatti,9.1728,77.871,Dryland,28.7,33.02,25.38,73.28,1.59,2.05,17.87,37.74
2022-04-24,Kovilpatti,9.1728,77.871,Dryland,29.85,35.75,25.44,69.52,1.75,0.16,22.36,37.74
2022-04-25,Kovilpatti,9.1728,77.871,Dryland,29.69,34.77,26.28,71.84,1.58,0.06,22.94,37.73
2022-04-26,Kovilpatti,9.1728,77.871,Dryland,30.0,35.87,25.87,70.44,1.77,0.03,23.98,37.73
2022-04-27,Kovilpatti,9.1728,77.871,Dryland,29.28,33.67,25.64,75.28,1.67,0.06,23.5,37.72
2022-04-28,Kovilpatti,9.1728,77.871,Dryland,29.59,33.74,25.89,73.96,1.95,0.37,21.9,37.71
2022-04-29,Kovilpatti,9.1728,77.871,Dryland,30.0,34.02,26.58,74.44,2.25,0.53,22.1,37.69
2022-04-30,Kovilpatti,9.1728,77.871,Dryland,30.16,34.52,26.79,74.04,2.96,0.19,22.34,37.67
2022-05-01,Kovilpatti,9.1728,77.871,Dryland,30.35,34.95,26.63,72.93,3.25,0.4,19.2,37.65
2022-05-02,Kovilpatti,9.1728,77.871,Dryland,30.89,35.92,27.17,69.86,2.8,0.2,20.44,37.63
2022-05-03,Kovilpatti,9.1728,77.871,Dryland,30.92,35.52,27.3,70.98,2.12,0.16,21.12,37.61
2022-05-04,Kovilpatti,9.1728,77.871,Dryland,30.12,33.84,27.14,75.12,2.07,3.08,18.34,37.58
2022-05-05,Kovilpatti,9.1728,77.871,Dryland,30.19,34.89,26.74,74.13,3.01,0.89,21.47,37.56
2022-05-06,Kovilpatti,9.1728,77.871,Dryland,29.64,34.35,25.8,67.1,2.47,0.18,19.57,37.54
2022-05-07,Kovilpatti,9.1728,77.871,Dryland,30.92,37.48,25.09,64.98,2.59,0.06,20.16,37.52
2022-05-08,Kovilpatti,9.1728,77.871,Dryland,31.6,37.69,26.94,65.58,2.71,0.33,20.27,37.5
2022-05-09,Kovilpatti,9.1728,77.871,Dryland,29.95,34.54,27.43,74.08,4.62,0.93,12.78,37.48
2022-05-10,Kovilpatti,9.1728,77.871,Dryland,29.38,33.76,26.92,72.45,4.66,0.53,11.29,37.45
2022-05-11,Kovilpatti,9.1728,77.871,Dryland,29.28,33.53,26.72,73.54,5.63,0.7,11.15,37.43
2022-05-12,Kovilpatti,9.1728,77.871,Dryland,29.91,35.9,25.7,68.96,5.2,0.62,13.78,37.4
2022-05-13,Kovilpatti,9.1728,77.871,Dryland,29.78,35.56,25.82,68.59,5.13,0.25,19.95,37.38
2022-05-14,Kovilpatti,9.1728,77.871,Dryland,29.51,35.41,26.06,69.16,5.43,5.62,16.77,37.36
2022-05-15,Kovilpatti,9.1728,77.871,Dryland,28.54,33.21,25.69,74.69,5.13,4.23,17.2,37.33
2022-05-16,Kovilpatti,9.1728,77.871,Dryland,28.98,33.34,25.54,75.8,4.45,7.16,15.97,37.31
2022-05-17,Kovilpatti,9.1728,77.871,Dryland,29.21,34.08,26.26,76.55,4.37,3.73,17.44,37.29
2022-05-18,Kovilpatti,9.1728,77.871,Dryland,29.14,34.22,26.05,74.49,5.02,1.6,10.95,37.25
2022-05-19,Kovilpatti,9.1728,77.871,Dryland,28.87,32.92,26.09,74.07,5.15,3.1,12.33,37.22
2022-05-20,Kovilpatti,9.1728,77.871,Dryland,28.72,33.01,25.46,76.83,4.32,0.99,15.99,37.19
2022-05-21,Kovilpatti,9.1728,77.871,Dryland,29.3,34.11,25.67,75.2,4.47,0.42,19.33,37.17
2022-05-22,Kovilpatti,9.1728,77.871,Dryland,29.89,35.99,25.84,71.41,4.7,0.25,19.26,37.15
2022-05-23,Kovilpatti,9.1728,77.871,Dryland,29.25,33.61,26.26,75.33,4.43,0.76,17.69,37.13
2022-05-24,Kovilpatti,9.1728,77.871,Dryland,29.55,33.71,26.63,75.94,3.84,2.02,20.11,37.11
2022-05-25,Kovilpatti,9.1728,77.871,Dryland,30.07,34.71,26.56,73.54,2.68,0.64,21.0,37.09
2022-05-26,Kovilpatti,9.1728,77.871,Dryland,29.29,34.56,25.8,68.93,3.86,0.98,19.24,37.06
2022-05-27,Kovilpatti,9.1728,77.871,Dryland,28.84,34.29,25.16,72.21,4.45,0.92,21.63,37.03
2022-05-28,Kovilpatti,9.1728,77.871,Dryland,29.29,35.31,25.22,71.13,4.67,4.01,21.47,37.0
2022-05-29,Kovilpatti,9.1728,77.871,Dryland,28.78,33.62,25.63,74.4,3.87,4.51,21.61,36.98
2022-05-30,Kovilpatti,9.1728,77.871,Dryland,29.4,35.53,25.28,70.73,4.79,0.97,20.82,36.95
2022-05-31,Kovilpatti,9.1728,77.871,Dryland,29.15,35.39,24.95,67.44,5.38,0.62,21.4,36.93
2022-06-01,Kovilpatti,9.1728,77.871,Dryland,28.26,32.12,25.67,73.1,4.86,1.13,22.56,36.91
2022-06-02,Kovilpatti,9.1728,77.871,Dryland,29.54,35.9,25.06,70.58,4.21,0.85,20.32,36.89
2022-06-03,Kovilpatti,9.1728,77.871,Dryland,29.69,34.88,25.42,69.51,3.97,0.05,21.18,36.87
2022-06-04,Kovilpatti,9.1728,77.871,Dryland,29.38,33.99,25.39,72.26,2.93,0.1,21.75,36.85
2022-06-05,Kovilpatti,9.1728,77.871,Dryland,29.86,34.81,26.14,71.42,4.03,0.71,18.95,36.84
2022-06-06,Kovilpatti,9.1728,77.871,Dryland,29.13,32.46,26.45,74.14,2.85,2.92,18.06,36.82
2022-06-07,Kovilpatti,9.1728,77.871,Dryland,28.5,32.12,25.82,76.07,3.72,2.27,10.29,36.8
2022-06-08,Kovilpatti,9.1728,77.871,Dryland,29.58,34.09,26.18,71.22,4.09,0.07,20.28,36.79
2022-06-09,Kovilpatti,9.1728,77.871,Dryland,29.31,33.77,25.77,72.37,3.97,0.04,21.86,36.77
2022-06-10,Kovilpatti,9.1728,77.871,Dryland,29.58,34.95,26.05,71.77,4.65,2.14,20.85,36.76
2022-06-11,Kovilpatti,9.1728,77.871,Dryland,28.85,33.78,25.78,73.49,4.18,1.1,20.13,36.75
2022-06-12,Kovilpatti,9.1728,77.871,Dryland,27.93,32.53,24.69,72.59,3.93,2.76,19.39,36.74
2022-06-13,Kovilpatti,9.1728,77.871,Dryland,29.27,35.54,23.53,64.29,3.33,0.56,22.59,36.73
2022-06-14,Kovilpatti,9.1728,77.871,Dryland,30.01,35.69,25.53,65.76,4.04,0.06,20.31,36.71
2022-06-15,Kovilpatti,9.1728,77.871,Dryland,28.78,33.2,26.08,71.55,3.59,5.81,15.58,36.69
2022-06-16,Kovilpatti,9.1728,77.871,Dryland,27.46,30.0,25.06,77.2,1.82,7.29,18.22,36.68
2022-06-17,Kovilpatti,9.1728,77.871,Dryland,27.4,30.14,25.41,78.29,2.29,2.22,16.98,36.67
2022-06-18,Kovilpatti,9.1728,77.871,Dryland,28.8,34.26,24.87,71.12,3.33,0.32,18.61,36.67
2022-06-19,Kovilpatti,9.1728,77.871,Dryland,28.53,32.93,25.3,72.52,3.23,0.49,17.6,36.66
2022-06-20,Kovilpatti,9.1728,77.871,Dryland,29.79,36.07,24.8,66.47,3.5,0.14,19.24,36.65
2022-06-21,Kovilpatti,9.1728,77.871,Dryland,29.18,33.86,25.48,66.87,4.21,0.05,18.54,36.64
2022-06-22,Kovilpatti,9.1728,77.871,Dryland,29.42,34.88,24.99,67.19,3.55,0.13,18.22,36.63
2022-06-23,Kovilpatti,9.1728,77.871,Dryland,28.93,34.05,25.14,70.02,3.84,0.91,18.74,36.63
2022-06-24,Kovilpatti,9.1728,77.871,Dryland,29.21,35.1,24.77,67.49,4.52,0.6,16.93,36.63
2022-06-25,Kovilpatti,9.1728,77.871,Dryland,28.75,34.25,25.6,69.72,5.33,0.52,12.2,36.62
2022-06-26,Kovilpatti,9.1728,77.871,Dryland,29.86,36.03,25.83,62.76,4.52,0.02,21.45,36.62
2022-06-27,Kovilpatti,9.1728,77.871,Dryland,30.1,36.51,25.21,67.28,4.49,0.09,17.99,36.62
2022-06-28,Kovilpatti,9.1728,77.871,Dryland,28.73,33.33,25.89,70.97,4.49,0.78,15.66,36.62
2022-06-29,Kovilpatti,9.1728,77.871,Dryland,29.22,35.21,25.24,68.66,4.95,0.5,15.36,36.63
2022-06-30,Kovilpatti,9.1728,77.871,Dryland,28.52,32.34,25.71,71.23,5.06,1.17,12.98,36.63
2022-07-01,Kovilpatti,9.1728,77.871,Dryland,29.02,34.33,25.27,69.27,4.54,0.2,16.32,36.64
2022-07-02,Kovilpatti,9.1728,77.871,Dryland,29.28,34.47,26.03,66.78,4.7,2.13,16.03,36.64
2022-07-03,Kovilpatti,9.1728,77.871,Dryland,27.61,31.32,25.51,76.11,5.3,3.73,13.97,36.65
2022-07-04,Kovilpatti,9.1728,77.871,Dryland,28.09,32.48,25.23,69.53,5.18,1.11,17.97,36.65
2022-07-05,Kovilpatti,9.1728,77.871,Dryland,27.98,32.97,24.94,69.39,5.21,0.76,8.86,36.66
2022-07-06,Kovilpatti,9.1728,77.871,Dryland,27.86,32.44,24.74,69.05,4.93,0.65,11.68,36.68
2022-07-07,Kovilpatti,9.1728,77.871,Dryland,27.51,31.74,24.72,72.22,4.87,0.72,9.54,36.69
2022-07-08,Kovilpatti,9.1728,77.871,Dryland,27.93,32.21,24.57,68.05,4.9,0.62,16.27,36.69
2022-07-09,Kovilpatti,9.1728,77.871,Dryland,28.35,33.29,24.38,65.43,5.24,0.2,12.41,36.7
2022-07-10,Kovilpatti,9.1728,77.871,Dryland,28.31,32.55,24.96,64.94,5.79,0.48,11.16,36.7
2022-07-11,Kovilpatti,9.1728,77.871,Dryland,28.3,33.98,24.75,64.43,5.7,0.5,11.21,36.72
2022-07-12,Kovilpatti,9.1728,77.871,Dryland,28.79,35.27,24.75,65.47,5.91,0.05,13.4,36.73
2022-07-13,Kovilpatti,9.1728,77.871,Dryland,28.84,34.07,25.46,68.29,6.27,0.88,14.23,36.74
2022-07-14,Kovilpatti,9.1728,77.871,Dryland,28.9,33.75,25.59,68.66,6.17,0.84,15.37,36.76
2022-07-15,Kovilpatti,9.1728,77.871,Dryland,29.09,34.77,24.9,68.64,5.0,0.56,14.58,36.77
2022-07-16,Kovilpatti,9.1728,77.871,Dryland,28.68,33.15,25.23,72.34,4.21,0.89,17.42,36.79
2022-07-17,Kovilpatti,9.1728,77.871,Dryland,29.13,34.58,25.35,71.26,3.63,4.41,15.52,36.81
2022-07-18,Kovilpatti,9.1728,77.871,Dryland,28.91,34.01,24.65,67.41,3.08,1.76,13.88,36.82
2022-07-19,Kovilpatti,9.1728,77.871,Dryland,29.26,35.12,24.93,65.95,2.9,2.58,18.88,36.84
2022-07-20,Kovilpatti,9.1728,77.871,Dryland,28.44,32.2,25.48,73.98,3.15,1.1,16.02,36.85
2022-07-21,Kovilpatti,9.1728,77.871,Dryland,28.54,32.54,25.12,73.2,2.35,2.19,18.98,36.87
2022-07-22,Kovilpatti,9.1728,77.871,Dryland,28.95,34.27,24.89,70.8,3.8,4.04,18.08,36.88
2022-07-23,Kovilpatti,9.1728,77.871,Dryland,28.04,32.87,25.14,72.61,4.41,2.62,16.87,36.9
2022-07-24,Kovilpatti,9.1728,77.871,Dryland,28.55,33.94,24.48,68.19,3.47,2.93,16.69,36.92
2022-07-25,Kovilpatti,9.1728,77.871,Dryland,30.11,36.37,24.52,66.6,2.24,6.33,21.88,36.93
2022-07-26,Kovilpatti,9.1728,77.871,Dryland,28.51,33.4,25.16,71.82,2.27,2.89,16.26,36.95
2022-07-27,Kovilpatti,9.1728,77.871,Dryland,28.25,32.62,25.05,75.29,1.61,14.04,17.64,36.97
2022-07-28,Kovilpatti,9.1728,77.871,Dryland,29.07,33.86,25.3,70.2,1.45,1.09,20.57,36.98
2022-07-29,Kovilpatti,9.1728,77.871,Dryland,29.42,33.7,26.5,68.84,1.5,6.53,16.82,37.0
2022-07-30,Kovilpatti,9.1728,77.871,Dryland,29.06,33.24,25.69,72.53,1.56,6.34,18.32,37.01
2022-07-31,Kovilpatti,9.1728,77.871,Dryland,28.85,33.69,25.82,74.42,2.93,5.99,20.23,37.03
2022-08-01,Kovilpatti,9.1728,77.871,Dryland,27.61,31.64,25.43,78.47,5.11,16.89,16.25,37.05
2022-08-02,Kovilpatti,9.1728,77.871,Dryland,26.84,30.06,24.8,81.79,4.85,3.89,15.23,37.07
2022-08-03,Kovilpatti,9.1728,77.871,Dryland,26.92,30.04,25.04,80.43,5.17,1.8,12.58,37.09
2022-08-04,Kovilpatti,9.1728,77.871,Dryland,27.03,30.58,25.05,77.69,6.63,3.83,10.12,37.11
2022-08-05,Kovilpatti,9.1728,77.871,Dryland,27.82,32.34,24.23,73.86,5.84,0.22,10.06,37.12
2022-08-06,Kovilpatti,9.1728,77.871,Dryland,27.43,31.31,24.41,75.48,4.53,0.79,12.6,37.14
2022-08-07,Kovilpatti,9.1728,77.871,Dryland,27.46,32.29,24.58,76.13,5.19,1.94,13.58,37.16
2022-08-08,Kovilpatti,9.1728,77.871,Dryland,27.7,32.84,24.04,74.84,5.6,1.66,13.08,37.18
2022-08-09,Kovilpatti,9.1728,77.871,Dryland,27.88,32.78,24.69,74.32,5.4,0.13,14.42,37.19
2022-08-10,Kovilpatti,9.1728,77.871,Dryland,28.17,34.33,24.08,71.89,4.63,0.05,16.51,37.2
2022-08-11,Kovilpatti,9.1728,77.871,Dryland,28.64,34.96,23.82,70.83,4.29,0.05,19.08,37.21
2022-08-12,Kovilpatti,9.1728,77.871,Dryland,28.95,35.32,24.76,67.46,3.84,0.01,19.68,37.22
2022-08-13,Kovilpatti,9.1728,77.871,Dryland,29.38,36.03,23.9,66.24,3.65,0.0,18.77,37.23
2022-08-14,Kovilpatti,9.1728,77.871,Dryland,29.79,36.33,24.57,63.17,2.73,0.0,20.85,37.24
2022-08-15,Kovilpatti,9.1728,77.871,Dryland,29.7,35.9,24.85,66.59,2.61,0.02,22.83,37.25
2022-08-16,Kovilpatti,9.1728,77.871,Dryland,30.15,35.82,25.64,67.97,1.97,0.06,20.39,37.25
2022-08-17,Kovilpatti,9.1728,77.871,Dryland,29.55,33.96,25.91,70.1,2.88,0.2,21.21,37.26
2022-08-18,Kovilpatti,9.1728,77.871,Dryland,29.37,34.17,25.94,71.66,2.44,10.47,18.45,37.27
2022-08-19,Kovilpatti,9.1728,77.871,Dryland,29.38,35.08,25.33,70.39,3.6,1.98,17.8,37.28
2022-08-20,Kovilpatti,9.1728,77.871,Dryland,29.36,35.22,25.2,67.57,3.44,0.14,16.78,37.28
2022-08-21,Kovilpatti,9.1728,77.871,Dryland,29.09,35.85,24.83,67.5,4.16,1.1,19.4,37.28
2022-08-22,Kovilpatti,9.1728,77.871,Dryland,28.59,34.21,25.3,71.4,5.26,1.55,14.18,37.28
2022-08-23,Kovilpatti,9.1728,77.871,Dryland,28.35,34.69,24.86,70.14,5.1,0.36,17.62,37.28
2022-08-24,Kovilpatti,9.1728,77.871,Dryland,27.62,32.71,24.39,73.71,3.73,1.1,12.57,37.28
2022-08-25,Kovilpatti,9.1728,77.871,Dryland,27.8,31.71,24.8,73.47,2.72,0.3,15.06,37.28
2022-08-26,Kovilpatti,9.1728,77.871,Dryland,27.32,31.8,24.75,75.38,2.89,8.29,14.37,37.28
2022-08-27,Kovilpatti,9.1728,77.871,Dryland,25.29,27.25,24.01,79.7,4.13,3.83,14.34,37.27
2022-08-28,Kovilpatti,9.1728,77.871,Dryland,28.04,33.8,23.33,71.68,2.62,1.43,18.96,37.27
2022-08-29,Kovilpatti,9.1728,77.871,Dryland,28.04,33.46,24.37,74.5,2.78,3.11,15.68,37.26
2022-08-30,Kovilpatti,9.1728,77.871,Dryland,28.52,32.97,24.92,73.59,2.44,7.64,16.44,37.25
2022-08-31,Kovilpatti,9.1728,77.871,Dryland,27.59,31.24,25.35,80.54,1.04,5.87,16.23,37.25
2022-09-01,Kovilpatti,9.1728,77.871,Dryland,27.21,30.42,24.77,77.27,1.98,4.35,10.98,37.25
2022-09-02,Kovilpatti,9.1728,77.871,Dryland,27.88,32.75,24.35,75.05,3.65,1.14,17.9,37.24
2022-09-03,Kovilpatti,9.1728,77.871,Dryland,28.36,33.19,24.91,75.93,3.32,1.38,20.45,37.23
2022-09-04,Kovilpatti,9.1728,77.871,Dryland,28.24,32.22,25.38,78.8,2.98,4.32,20.56,37.22
2022-09-05,Kovilpatti,9.1728,77.871,Dryland,28.5,32.78,25.34,76.9,2.75,3.04,17.27,37.21
2022-09-06,Kovilpatti,9.1728,77.871,Dryland,27.77,32.34,25.02,75.59,4.15,3.17,16.18,37.19
2022-09-07,Kovilpatti,9.1728,77.871,Dryland,27.22,31.75,24.05,75.57,4.95,1.73,13.22,37.18
2022-09-08,Kovilpatti,9.1728,77.871,Dryland,27.49,32.55,23.73,72.99,4.63,0.32,17.95,37.16
2022-09-09,Kovilpatti,9.1728,77.871,Dryland,27.7,33.5,24.49,75.76,4.57,0.4,19.23,37.14
2022-09-10,Kovilpatti,9.1728,77.871,Dryland,28.46,34.05,24.57,74.46,4.4,0.43,17.33,37.11
2022-09-11,Kovilpatti,9.1728,77.871,Dryland,28.47,33.84,25.13,73.23,4.52,0.27,18.5,37.09
2022-09-12,Kovilpatti,9.1728,77.871,Dryland,28.77,34.91,24.59,71.44,4.37,0.08,18.75,37.05
2022-09-13,Kovilpatti,9.1728,77.871,Dryland,28.94,35.14,24.03,70.74,3.2,0.19,21.2,37.03
2022-09-14,Kovilpatti,9.1728,77.871,Dryland,29.02,35.08,24.2,69.66,2.97,1.77,21.94,37.0
2022-09-15,Kovilpatti,9.1728,77.871,Dryland,29.33,35.41,24.63,68.87,2.82,0.23,24.26,36.97
2022-09-16,Kovilpatti,9.1728,77.871,Dryland,29.84,36.04,24.33,66.65,1.98,0.04,24.04,36.93
2022-09-17,Kovilpatti,9.1728,77.871,Dryland,29.59,35.6,24.84,68.49,3.15,0.22,21.28,36.89
2022-09-18,Kovilpatti,9.1728,77.871,Dryland,29.39,34.71,24.96,68.89,3.29,1.59,21.13,36.85
2022-09-19,Kovilpatti,9.1728,77.871,Dryland,28.82,34.04,25.25,71.31,4.18,0.36,16.6,36.82
2022-09-20,Kovilpatti,9.1728,77.871,Dryland,28.86,34.22,25.17,69.43,3.74,0.02,22.26,36.78
2022-09-21,Kovilpatti,9.1728,77.871,Dryland,29.76,37.04,23.96,65.17,3.74,0.01,24.81,36.74
2022-09-22,Kovilpatti,9.1728,77.871,Dryland,29.22,35.44,24.5,65.94,4.52,0.0,25.58,36.69
2022-09-23,Kovilpatti,9.1728,77.871,Dryland,29.4,36.59,24.15,63.89,4.31,0.0,24.59,36.64
2022-09-24,Kovilpatti,9.1728,77.871,Dryland,29.89,36.23,24.06,62.86,2.51,0.1,23.85,36.6
2022-09-25,Kovilpatti,9.1728,77.871,Dryland,30.21,36.53,24.93,63.1,1.96,0.84,24.48,36.55
2022-09-26,Kovilpatti,9.1728,77.871,Dryland,30.66,37.2,25.05,63.86,1.92,1.03,14.81,36.5
2022-09-27,Kovilpatti,9.1728,77.871,Dryland,30.58,37.52,24.88,61.9,2.63,6.94,23.75,36.45
2022-09-28,Kovilpatti,9.1728,77.871,Dryland,29.14,35.39,24.94,68.77,4.05,6.18,21.86,36.4
2022-09-29,Kovilpatti,9.1728,77.871,Dryland,28.78,34.72,25.03,69.82,3.38,0.26,22.35,36.35
2022-09-30,Kovilpatti,9.1728,77.871,Dryland,28.7,34.45,25.09,70.34,4.69,0.35,20.56,36.3
2022-10-01,Kovilpatti,9.1728,77.871,Dryland,28.35,33.53,24.92,68.96,4.68,0.12,16.87,36.24
2022-10-02,Kovilpatti,9.1728,77.871,Dryland,28.3,34.71,24.69,67.1,4.52,0.6,15.71,36.18
2022-10-03,Kovilpatti,9.1728,77.871,Dryland,28.93,35.06,24.49,67.22,4.22,0.66,18.51,36.12
2022-10-04,Kovilpatti,9.1728,77.871,Dryland,28.93,33.92,25.1,68.98,3.59,2.61,18.24,36.05
2022-10-05,Kovilpatti,9.1728,77.871,Dryland,27.98,32.88,25.02,69.19,4.48,1.05,13.43,35.99
2022-10-06,Kovilpatti,9.1728,77.871,Dryland,28.07,33.18,24.32,66.89,3.9,0.02,15.53,35.93
2022-10-07,Kovilpatti,9.1728,77.871,Dryland,29.45,36.47,23.86,63.84,3.08,0.05,19.81,35.86
2022-10-08,Kovilpatti,9.1728,77.871,Dryland,29.75,35.53,24.06,60.79,1.8,2.59,20.3,35.8
2022-10-09,Kovilpatti,9.1728,77.871,Dryland,28.79,33.34,25.13,72.23,1.58,9.12,12.5,35.73
2022-10-10,Kovilpatti,9.1728,77.871,Dryland,28.49,32.13,25.94,75.79,1.81,18.18,15.27,35.66
2022-10-11,Kovilpatti,9.1728,77.871,Dryland,29.17,35.18,24.43,70.04,2.62,2.89,17.42,35.59
2022-10-12,Kovilpatti,9.1728,77.871,Dryland,28.93,33.66,25.51,74.6,1.4,3.08,18.34,35.53
2022-10-13,Kovilpatti,9.1728,77.871,Dryland,28.5,32.38,25.75,76.32,1.37,3.22,17.66,35.45
2022-10-14,Kovilpatti,9.1728,77.871,Dryland,28.24,33.08,24.73,76.54,2.73,7.69,19.44,35.38
2022-10-15,Kovilpatti,9.1728,77.871,Dryland,27.28,31.12,24.66,78.91,1.87,9.01,19.22,35.29
2022-10-16,Kovilpatti,9.1728,77.871,Dryland,28.14,32.58,24.71,77.03,2.79,6.09,17.72,35.21
2022-10-17,Kovilpatti,9.1728,77.871,Dryland,27.53,30.84,25.41,82.87,2.61,8.45,13.87,35.13
2022-10-18,Kovilpatti,9.1728,77.871,Dryland,26.98,30.43,24.69,80.93,3.23,2.65,18.42,35.06
2022-10-19,Kovilpatti,9.1728,77.871,Dryland,27.66,32.03,23.89,76.54,1.85,3.61,15.66,34.97
2022-10-20,Kovilpatti,9.1728,77.871,Dryland,27.59,31.78,24.64,78.41,2.68,7.91,15.95,34.89
2022-10-21,Kovilpatti,9.1728,77.871,Dryland,26.57,29.58,24.42,83.43,1.58,13.74,12.42,34.81
2022-10-22,Kovilpatti,9.1728,77.871,Dryland,27.25,30.28,24.12,78.22,1.15,1.17,19.05,34.73
2022-10-23,Kovilpatti,9.1728,77.871,Dryland,27.69,31.79,24.53,76.39,1.58,3.81,17.96,34.65
2022-10-24,Kovilpatti,9.1728,77.871,Dryland,26.91,29.99,24.55,84.02,2.34,6.68,14.35,34.56
2022-10-25,Kovilpatti,9.1728,77.871,Dryland,28.5,33.53,23.7,75.55,1.56,0.76,19.57,34.48
2022-10-26,Kovilpatti,9.1728,77.871,Dryland,27.7,31.83,25.23,79.45,1.68,30.07,19.41,34.39
2022-10-27,Kovilpatti,9.1728,77.871,Dryland,27.47,31.0,24.05,75.95,1.85,6.66,17.25,34.31
2022-10-28,Kovilpatti,9.1728,77.871,Dryland,27.41,31.54,23.72,76.17,2.04,0.48,20.34,34.22
2022-10-29,Kovilpatti,9.1728,77.871,Dryland,27.1,31.54,22.95,81.12,2.53,1.69,15.38,34.14
2022-10-30,Kovilpatti,9.1728,77.871,Dryland,26.33,28.65,24.84,87.82,2.52,3.97,14.05,34.06
2022-10-31,Kovilpatti,9.1728,77.871,Dryland,26.49,29.21,24.26,84.6,2.29,1.59,17.41,33.97
2022-11-01,Kovilpatti,9.1728,77.871,Dryland,25.5,27.14,24.53,88.14,1.14,11.2,12.6,33.89
2022-11-02,Kovilpatti,9.1728,77.871,Dryland,25.16,26.87,24.21,90.56,2.01,18.61,15.4,33.8
2022-11-03,Kovilpatti,9.1728,77.871,Dryland,25.23,26.35,24.2,93.6,2.0,34.04,12.44,33.72
2022-11-04,Kovilpatti,9.1728,77.871,Dryland,25.06,26.3,23.98,90.83,2.43,10.05,11.4,33.63
2022-11-05,Kovilpatti,9.1728,77.871,Dryland,25.09,27.35,23.79,90.41,2.05,5.94,13.89,33.55
2022-11-06,Kovilpatti,9.1728,77.871,Dryland,25.81,29.27,22.72,87.36,2.48,7.39,14.06,33.46
2022-11-07,Kovilpatti,9.1728,77.871,Dryland,26.3,29.71,23.67,85.85,2.4,1.95,19.17,33.37
2022-11-08,Kovilpatti,9.1728,77.871,Dryland,26.15,29.6,23.68,86.83,2.83,3.32,15.29,33.29
2022-11-09,Kovilpatti,9.1728,77.871,Dryland,25.89,28.74,23.71,88.29,2.48,1.25,15.86,33.2
2022-11-10,Kovilpatti,9.1728,77.871,Dryland,26.32,29.97,22.98,84.46,2.41,0.42,18.28,33.12
2022-11-11,Kovilpatti,9.1728,77.871,Dryland,25.01,27.01,23.61,87.68,2.53,9.44,9.91,33.03
2022-11-12,Kovilpatti,9.1728,77.871,Dryland,25.4,27.91,23.85,89.58,3.07,8.81,13.56,32.95
2022-11-13,Kovilpatti,9.1728,77.871,Dryland,25.66,27.85,24.21,89.76,1.88,9.32,11.7,32.86
2022-11-14,Kovilpatti,9.1728,77.871,Dryland,25.74,28.61,23.47,87.36,1.91,17.37,14.71,32.79
2022-11-15,Kovilpatti,9.1728,77.871,Dryland,25.34,27.54,23.3,88.8,2.09,4.25,16.03,32.71
2022-11-16,Kovilpatti,9.1728,77.871,Dryland,25.94,29.05,23.31,87.18,1.86,5.71,15.55,32.63
2022-11-17,Kovilpatti,9.1728,77.871,Dryland,25.52,28.98,22.9,83.25,2.62,0.93,14.71,32.55
2022-11-18,Kovilpatti,9.1728,77.871,Dryland,24.4,28.94,20.82,79.48,2.73,0.08,14.38,32.48
2022-11-19,Kovilpatti,9.1728,77.871,Dryland,24.03,28.7,20.37,81.09,3.0,0.01,17.31,32.4
2022-11-20,Kovilpatti,9.1728,77.871,Dryland,24.01,27.61,20.65,75.94,2.33,0.0,16.4,32.33
2022-11-21,Kovilpatti,9.1728,77.871,Dryland,26.08,30.02,21.97,73.24,1.03,0.0,19.07,32.25
2022-11-22,Kovilpatti,9.1728,77.871,Dryland,26.67,30.57,22.93,76.76,0.93,0.0,19.11,32.18
2022-11-23,Kovilpatti,9.1728,77.871,Dryland,25.89,30.39,22.18,80.43,2.23,0.0,21.1,32.12
2022-11-24,Kovilpatti,9.1728,77.871,Dryland,26.28,31.3,21.61,78.14,1.55,0.0,21.34,32.05
2022-11-25,Kovilpatti,9.1728,77.871,Dryland,26.3,29.68,23.73,79.66,1.54,0.0,18.1,31.99
2022-11-26,Kovilpatti,9.1728,77.871,Dryland,26.5,30.57,23.42,80.53,1.6,0.16,18.21,31.93
2022-11-27,Kovilpatti,9.1728,77.871,Dryland,26.64,30.21,24.24,82.84,1.56,3.55,14.63,31.87
2022-11-28,Kovilpatti,9.1728,77.871,Dryland,26.65,30.29,24.18,82.83,1.36,11.85,16.22,31.81
2022-11-29,Kovilpatti,9.1728,77.871,Dryland,26.14,29.1,24.06,85.92,2.35,19.48,11.27,31.75
2022-11-30,Kovilpatti,9.1728,77.871,Dryland,25.21,28.91,22.82,81.98,2.72,0.1,12.34,31.69
2022-12-01,Kovilpatti,9.1728,77.871,Dryland,25.59,29.27,22.36,85.98,2.67,0.71,16.09,31.64
2022-12-02,Kovilpatti,9.1728,77.871,Dryland,26.34,29.64,23.95,87.21,2.46,6.37,15.71,31.59
2022-12-03,Kovilpatti,9.1728,77.871,Dryland,26.23,29.21,24.11,87.98,2.75,9.61,14.03,31.54
2022-12-04,Kovilpatti,9.1728,77.871,Dryland,26.01,29.29,23.55,87.06,2.3,24.2,14.28,31.49
2022-12-05,Kovilpatti,9.1728,77.871,Dryland,25.9,28.69,24.17,89.7,2.93,4.57,13.71,31.44
2022-12-06,Kovilpatti,9.1728,77.871,Dryland,25.69,29.48,22.35,84.94,2.52,0.03,14.25,31.4
2022-12-07,Kovilpatti,9.1728,77.871,Dryland,24.59,27.2,22.23,83.52,2.13,0.0,7.91,31.36
2022-12-08,Kovilpatti,9.1728,77.871,Dryland,25.41,30.0,22.31,82.16,1.64,2.76,10.15,31.33
2022-12-09,Kovilpatti,9.1728,77.871,Dryland,24.07,25.86,22.33,86.43,3.23,8.41,8.16,31.3
2022-12-10,Kovilpatti,9.1728,77.871,Dryland,24.99,29.59,21.26,82.86,3.52,8.5,10.73,31.27
2022-12-11,Kovilpatti,9.1728,77.871,Dryland,26.05,29.78,23.4,86.66,2.92,1.95,9.43,31.24
2022-12-12,Kovilpatti,9.1728,77.871,Dryland,26.2,29.6,23.44,83.8,1.99,0.84,12.98,31.22
2022-12-13,Kovilpatti,9.1728,77.871,Dryland,26.01,30.21,22.47,80.6,1.19,0.19,19.18,31.19
2022-12-14,Kovilpatti,9.1728,77.871,Dryland,25.7,29.09,22.83,85.9,2.05,1.37,12.82,31.17
2022-12-15,Kovilpatti,9.1728,77.871,Dryland,25.43,29.63,22.76,84.71,2.73,0.15,20.09,31.16
2022-12-16,Kovilpatti,9.1728,77.871,Dryland,25.12,29.5,20.92,84.18,2.82,0.01,21.21,31.14
2022-12-17,Kovilpatti,9.1728,77.871,Dryland,25.34,29.39,21.6,85.66,3.34,0.17,19.53,31.13
2022-12-18,Kovilpatti,9.1728,77.871,Dryland,25.21,29.39,22.18,84.01,3.68,0.16,14.42,31.13
2022-12-19,Kovilpatti,9.1728,77.871,Dryland,24.64,28.53,21.15,84.91,3.16,1.49,14.7,31.13
2022-12-20,Kovilpatti,9.1728,77.871,Dryland,24.76,27.24,22.68,88.13,3.18,1.69,12.15,31.12
2022-12-21,Kovilpatti,9.1728,77.871,Dryland,25.19,28.16,22.47,86.14,3.27,5.68,18.0,31.13
2022-12-22,Kovilpatti,9.1728,77.871,Dryland,25.36,29.26,22.73,83.65,3.27,1.48,18.33,31.12
2022-12-23,Kovilpatti,9.1728,77.871,Dryland,25.69,30.56,21.09,79.91,2.65,0.01,20.54,31.13
2022-12-24,Kovilpatti,9.1728,77.871,Dryland,26.49,31.17,22.82,82.41,2.49,0.06,18.67,31.14
2022-12-25,Kovilpatti,9.1728,77.871,Dryland,26.09,29.48,23.44,85.53,2.88,3.55,14.21,31.15
2022-12-26,Kovilpatti,9.1728,77.871,Dryland,25.97,28.42,23.86,89.39,4.69,3.16,12.32,31.17
2022-12-27,Kovilpatti,9.1728,77.871,Dryland,26.16,28.73,24.18,86.64,2.92,19.09,11.01,31.19
2022-12-28,Kovilpatti,9.1728,77.871,Dryland,25.97,29.64,23.66,86.26,3.01,2.01,14.32,31.22
2022-12-29,Kovilpatti,9.1728,77.871,Dryland,25.72,29.77,22.84,83.99,3.28,0.39,19.93,31.24
2022-12-30,Kovilpatti,9.1728,77.871,Dryland,25.31,29.55,22.05,80.4,2.95,0.05,20.92,31.26
2022-12-31,Kovilpatti,9.1728,77.871,Dryland,24.99,29.79,21.02,81.18,2.45,0.0,21.0,31.29
2023-01-01,Kovilpatti,9.1728,77.871,Dryland,24.92,29.86,20.65,80.03,2.61,0.0,21.5,31.33
2023-01-02,Kovilpatti,9.1728,77.871,Dryland,24.5,28.88,20.77,80.3,2.99,0.0,19.61,31.37
2023-01-03,Kovilpatti,9.1728,77.871,Dryland,24.64,29.01,20.05,79.75,3.2,0.0,19.21,31.41
2023-01-04,Kovilpatti,9.1728,77.871,Dryland,24.94,29.7,20.72,77.46,3.44,0.0,19.14,31.45
2023-01-05,Kovilpatti,9.1728,77.871,Dryland,25.11,30.09,20.11,80.63,3.39,0.01,20.28,31.5
2023-01-06,Kovilpatti,9.1728,77.871,Dryland,25.34,29.23,22.08,79.61,4.24,0.15,16.98,31.55
2023-01-07,Kovilpatti,9.1728,77.871,Dryland,25.53,29.95,21.78,78.52,4.21,0.11,18.96,31.59
2023-01-08,Kovilpatti,9.1728,77.871,Dryland,25.54,30.31,21.28,78.84,3.88,0.01,15.98,31.64
2023-01-09,Kovilpatti,9.1728,77.871,Dryland,25.23,30.07,21.61,76.6,3.77,0.0,15.05,31.69
2023-01-10,Kovilpatti,9.1728,77.871,Dryland,23.99,29.38,19.42,73.63,3.89,0.0,20.64,31.75
2023-01-11,Kovilpatti,9.1728,77.871,Dryland,24.46,29.98,19.87,72.55,3.26,0.0,21.82,31.8
2023-01-12,Kovilpatti,9.1728,77.871,Dryland,24.16,29.88,19.16,72.03,3.13,0.0,20.2,31.86
2023-01-13,Kovilpatti,9.1728,77.871,Dryland,24.28,30.43,19.27,70.77,2.91,0.0,21.4,31.92
2023-01-14,Kovilpatti,9.1728,77.871,Dryland,24.17,30.11,19.29,72.47,2.83,0.0,20.77,31.98
2023-01-15,Kovilpatti,9.1728,77.871,Dryland,24.46,30.42,19.92,72.77,2.72,0.0,21.43,32.04
2023-01-16,Kovilpatti,9.1728,77.871,Dryland,24.96,31.0,19.5,75.51,2.95,0.0,19.74,32.11
2023-01-17,Kovilpatti,9.1728,77.871,Dryland,25.32,30.93,21.43,76.5,3.21,0.03,20.05,32.18
2023-01-18,Kovilpatti,9.1728,77.871,Dryland,24.68,30.23,19.45,73.02,3.85,0.01,21.69,32.25
2023-01-19,Kovilpatti,9.1728,77.871,Dryland,24.64,29.89,19.78,67.61,3.69,0.0,21.89,32.33
2023-01-20,Kovilpatti,9.1728,77.871,Dryland,24.78,30.87,18.67,71.42,3.62,0.01,21.43,32.41
2023-01-21,Kovilpatti,9.1728,77.871,Dryland,25.62,31.09,20.24,72.81,3.89,0.03,19.5,32.5
2023-01-22,Kovilpatti,9.1728,77.871,Dryland,24.98,29.46,20.78,75.71,3.51,0.04,14.71,32.58
2023-01-23,Kovilpatti,9.1728,77.871,Dryland,26.01,31.26,22.24,78.01,2.93,2.15,12.02,32.67
2023-01-24,Kovilpatti,9.1728,77.871,Dryland,25.11,27.92,23.12,86.86,2.4,7.97,9.72,32.76
2023-01-25,Kovilpatti,9.1728,77.871,Dryland,25.88,31.34,22.1,74.09,3.36,0.07,20.93,32.84
2023-01-26,Kovilpatti,9.1728,77.871,Dryland,25.54,31.59,20.46,71.65,3.1,0.0,20.46,32.93
2023-01-27,Kovilpatti,9.1728,77.871,Dryland,25.44,31.4,20.06,72.57,3.04,0.0,20.53,33.02
2023-01-28,Kovilpatti,9.1728,77.871,Dryland,25.53,31.75,20.02,70.27,3.49,0.0,23.12,33.11
2023-01-29,Kovilpatti,9.1728,77.871,Dryland,25.63,31.83,19.29,74.78,3.19,0.03,19.21,33.19
2023-01-30,Kovilpatti,9.1728,77.871,Dryland,26.7,31.9,22.3,76.63,2.5,0.98,14.69,33.29
2023-01-31,Kovilpatti,9.1728,77.871,Dryland,26.68,32.27,23.05,73.26,3.6,1.04,15.17,33.38
2023-02-01,Kovilpatti,9.1728,77.871,Dryland,25.89,30.6,22.88,71.3,3.33,0.26,15.99,33.47
2023-02-02,Kovilpatti,9.1728,77.871,Dryland,26.08,30.4,22.59,78.62,4.15,8.95,5.44,33.56
2023-02-03,Kovilpatti,9.1728,77.871,Dryland,26.22,31.8,23.02,81.02,3.57,2.13,11.33,33.66
2023-02-04,Kovilpatti,9.1728,77.871,Dryland,26.53,31.21,23.18,80.63,3.78,5.17,9.86,33.75
2023-02-05,Kovilpatti,9.1728,77.871,Dryland,26.3,33.12,21.26,71.06,3.04,0.04,22.97,33.84
2023-02-06,Kovilpatti,9.1728,77.871,Dryland,25.64,32.09,20.52,71.51,3.15,2.03,19.92,33.94
2023-02-07,Kovilpatti,9.1728,77.871,Dryland,26.45,33.43,20.81,71.29,3.05,0.01,21.09,34.03
2023-02-08,Kovilpatti,9.1728,77.871,Dryland,26.5,33.23,21.26,74.02,3.0,0.11,22.27,34.11
2023-02-09,Kovilpatti,9.1728,77.871,Dryland,26.3,33.07,21.56,72.58,2.43,0.0,22.02,34.2
2023-02-10,Kovilpatti,9.1728,77.871,Dryland,26.09,33.13,20.62,71.72,2.8,0.0,22.55,34.3
2023-02-11,Kovilpatti,9.1728,77.871,Dryland,25.84,33.06,19.69,69.25,2.87,0.0,20.73,34.4
2023-02-12,Kovilpatti,9.1728,77.871,Dryland,25.98,33.67,19.67,66.15,2.61,0.0,24.2,34.49
2023-02-13,Kovilpatti,9.1728,77.871,Dryland,26.11,33.74,20.33,65.64,3.19,0.0,25.42,34.58
2023-02-14,Kovilpatti,9.1728,77.871,Dryland,26.0,33.57,20.0,67.95,2.8,0.0,25.35,34.66
2023-02-15,Kovilpatti,9.1728,77.871,Dryland,26.47,34.54,19.21,64.36,3.06,0.0,25.05,34.75
2023-02-16,Kovilpatti,9.1728,77.871,Dryland,26.14,33.57,19.5,67.92,3.45,0.0,24.94,34.85
2023-02-17,Kovilpatti,9.1728,77.871,Dryland,26.23,33.15,20.06,66.77,3.31,0.0,24.87,34.94
2023-02-18,Kovilpatti,9.1728,77.871,Dryland,27.06,34.19,20.48,66.9,2.84,0.0,24.87,35.03
2023-02-19,Kovilpatti,9.1728,77.871,Dryland,27.97,34.83,21.63,68.29,3.21,0.0,24.08,35.13
2023-02-20,Kovilpatti,9.1728,77.871,Dryland,28.41,35.34,23.38,66.78,3.05,0.0,22.73,35.22
2023-02-21,Kovilpatti,9.1728,77.871,Dryland,28.01,34.66,22.85,61.33,3.24,0.0,24.08,35.31
2023-02-22,Kovilpatti,9.1728,77.871,Dryland,27.4,34.47,21.59,57.3,3.12,0.0,24.53,35.39
2023-02-23,Kovilpatti,9.1728,77.871,Dryland,26.89,33.78,20.84,59.99,3.0,0.0,25.3,35.47
2023-02-24,Kovilpatti,9.1728,77.871,Dryland,27.96,34.8,22.08,63.08,2.95,0.0,24.23,35.55
2023-02-25,Kovilpatti,9.1728,77.871,Dryland,27.85,35.01,22.53,60.77,3.15,0.0,25.86,35.64
2023-02-26,Kovilpatti,9.1728,77.871,Dryland,27.03,34.21,20.74,60.79,3.69,0.0,26.36,35.73
2023-02-27,Kovilpatti,9.1728,77.871,Dryland,27.19,34.26,20.67,58.97,3.37,0.0,25.85,35.82
2023-02-28,Kovilpatti,9.1728,77.871,Dryland,27.7,33.19,22.9,69.47,3.97,6.14,15.21,35.9
2023-03-01,Kovilpatti,9.1728,77.871,Dryland,27.69,32.99,24.22,73.37,4.01,9.8,16.76,35.99
2023-03-02,Kovilpatti,9.1728,77.871,Dryland,27.87,34.16,23.08,67.49,3.47,0.03,23.54,36.07
2023-03-03,Kovilpatti,9.1728,77.871,Dryland,27.28,34.33,21.34,61.31,3.76,0.0,25.74,36.15
2023-03-04,Kovilpatti,9.1728,77.871,Dryland,27.83,34.7,21.74,67.27,3.69,0.06,24.31,36.23
2023-03-05,Kovilpatti,9.1728,77.871,Dryland,28.12,33.22,24.71,71.51,3.26,0.37,20.24,36.3
2023-03-06,Kovilpatti,9.1728,77.871,Dryland,28.53,34.81,23.55,66.52,3.11,0.02,24.82,36.37
2023-03-07,Kovilpatti,9.1728,77.871,Dryland,27.96,32.32,24.31,69.46,3.06,0.02,24.01,36.44
2023-03-08,Kovilpatti,9.1728,77.871,Dryland,28.48,34.36,24.09,68.75,4.17,0.01,23.06,36.51
2023-03-09,Kovilpatti,9.1728,77.871,Dryland,28.52,33.92,24.28,64.38,3.95,0.0,23.52,36.58
2023-03-10,Kovilpatti,9.1728,77.871,Dryland,28.42,33.57,25.03,65.18,3.5,0.0,20.83,36.65
2023-03-11,Kovilpatti,9.1728,77.871,Dryland,28.26,32.64,23.97,67.39,3.2,0.0,22.1,36.72
2023-03-12,Kovilpatti,9.1728,77.871,Dryland,28.89,35.34,23.03,67.18,3.73,0.02,23.66,36.78
2023-03-13,Kovilpatti,9.1728,77.871,Dryland,29.4,35.43,25.06,64.61,3.48,0.02,22.9,36.84
2023-03-14,Kovilpatti,9.1728,77.871,Dryland,28.93,35.35,23.7,65.76,2.79,0.01,23.95,36.9
2023-03-15,Kovilpatti,9.1728,77.871,Dryland,29.01,35.31,24.14,68.65,2.16,0.05,21.6,36.96
2023-03-16,Kovilpatti,9.1728,77.871,Dryland,28.48,32.55,25.07,71.49,1.97,1.45,20.06,37.01
2023-03-17,Kovilpatti,9.1728,77.871,Dryland,29.08,34.83,25.04,70.06,2.6,2.4,20.64,37.07
2023-03-18,Kovilpatti,9.1728,77.871,Dryland,29.32,34.98,25.35,68.66,2.51,0.91,21.3,37.12
2023-03-19,Kovilpatti,9.1728,77.871,Dryland,30.1,36.48,25.14,66.42,2.29,1.23,20.6,37.16
2023-03-20,Kovilpatti,9.1728,77.871,Dryland,30.17,35.76,25.42,65.66,2.39,1.97,19.19,37.21
2023-03-21,Kovilpatti,9.1728,77.871,Dryland,30.78,37.46,26.31,61.02,2.42,4.01,22.89,37.25
2023-03-22,Kovilpatti,9.1728,77.871,Dryland,30.59,36.43,25.84,61.18,2.26,0.63,23.18,37.29
2023-03-23,Kovilpatti,9.1728,77.871,Dryland,30.65,37.49,25.04,57.15,2.82,0.11,19.66,37.33
2023-03-24,Kovilpatti,9.1728,77.871,Dryland,30.79,36.34,26.66,64.24,2.1,0.46,19.53,37.37
2023-03-25,Kovilpatti,9.1728,77.871,Dryland,30.55,36.6,26.55,61.47,2.25,0.27,22.24,37.41
2023-03-26,Kovilpatti,9.1728,77.871,Dryland,30.66,37.18,26.35,60.2,2.06,2.11,20.3,37.45
2023-03-27,Kovilpatti,9.1728,77.871,Dryland,31.36,38.19,26.37,60.07,2.0,0.72,22.24,37.49
2023-03-28,Kovilpatti,9.1728,77.871,Dryland,30.81,36.58,27.06,65.06,2.24,1.17,20.43,37.53
2023-03-29,Kovilpatti,9.1728,77.871,Dryland,30.73,36.5,26.66,66.02,2.05,0.77,21.57,37.57
2023-03-30,Kovilpatti,9.1728,77.871,Dryland,30.86,37.58,26.67,64.39,2.19,0.21,22.34,37.6
2023-03-31,Kovilpatti,9.1728,77.871,Dryland,31.08,38.42,25.85,62.07,2.26,0.59,24.85,37.63
2023-04-01,Kovilpatti,9.1728,77.871,Dryland,31.06,37.35,26.28,61.57,2.41,0.09,22.53,37.66
2023-04-02,Kovilpatti,9.1728,77.871,Dryland,31.22,37.21,26.34,59.51,2.35,0.75,19.98,37.68
2023-04-03,Kovilpatti,9.1728,77.871,Dryland,31.04,37.15,26.69,62.07,2.54,0.88,21.14,37.7
2023-04-04,Kovilpatti,9.1728,77.871,Dryland,30.01,34.35,26.77,65.8,2.32,1.04,18.04,37.72
2023-04-05,Kovilpatti,9.1728,77.871,Dryland,30.23,35.39,26.65,63.9,2.64,0.14,22.66,37.74
2023-04-06,Kovilpatti,9.1728,77.871,Dryland,30.05,35.46,26.58,65.07,2.25,0.37,24.99,37.76
2023-04-07,Kovilpatti,9.1728,77.871,Dryland,30.42,35.87,26.65,63.11,2.22,1.19,23.55,37.78
2023-04-08,Kovilpatti,9.1728,77.871,Dryland,30.59,35.85,26.4,61.22,3.57,0.35,21.5,37.79
2023-04-09,Kovilpatti,9.1728,77.871,Dryland,29.79,33.24,26.94,65.52,2.92,0.48,20.7,37.8
2023-04-10,Kovilpatti,9.1728,77.871,Dryland,30.1,34.57,26.8,64.33,3.23,0.12,24.4,37.8
2023-04-11,Kovilpatti,9.1728,77.871,Dryland,30.71,36.37,26.34,64.16,2.95,0.46,24.44,37.81
2023-04-12,Kovilpatti,9.1728,77.871,Dryland,30.72,36.79,26.35,62.75,2.52,0.0,25.07,37.81
2023-04-13,Kovilpatti,9.1728,77.871,Dryland,31.05,37.54,26.84,60.67,2.05,0.0,25.99,37.82
2023-04-14,Kovilpatti,9.1728,77.871,Dryland,30.48,35.61,25.67,62.79,1.7,0.0,26.14,37.82
2023-04-15,Kovilpatti,9.1728,77.871,Dryland,31.05,37.75,26.62,63.63,2.29,0.01,23.58,37.82
2023-04-16,Kovilpatti,9.1728,77.871,Dryland,30.99,36.7,26.02,61.17,2.11,0.01,25.08,37.82
2023-04-17,Kovilpatti,9.1728,77.871,Dryland,30.69,37.49,25.74,61.62,2.34,0.0,25.87,37.82
2023-04-18,Kovilpatti,9.1728,77.871,Dryland,31.18,38.43,25.84,61.0,2.33,0.0,25.73,37.81
2023-04-19,Kovilpatti,9.1728,77.871,Dryland,31.65,38.27,26.63,61.45,2.39,0.0,24.64,37.8
2023-04-20,Kovilpatti,9.1728,77.871,Dryland,32.62,39.02,27.28,58.64,3.29,0.02,22.63,37.8
2023-04-21,Kovilpatti,9.1728,77.871,Dryland,32.24,37.26,28.15,60.04,3.21,2.9,19.25,37.79
2023-04-22,Kovilpatti,9.1728,77.871,Dryland,32.32,38.5,27.07,61.38,2.66,2.41,20.08,37.79
2023-04-23,Kovilpatti,9.1728,77.871,Dryland,32.79,39.05,28.04,59.39,2.23,1.36,19.49,37.79
2023-04-24,Kovilpatti,9.1728,77.871,Dryland,30.87,35.37,28.15,69.27,2.06,3.59,20.56,37.77
2023-04-25,Kovilpatti,9.1728,77.871,Dryland,29.51,32.79,27.41,74.14,1.71,3.83,16.46,37.76
2023-04-26,Kovilpatti,9.1728,77.871,Dryland,29.26,33.22,26.63,73.76,2.14,13.91,19.71,37.74
2023-04-27,Kovilpatti,9.1728,77.871,Dryland,29.84,33.42,26.95,72.52,1.9,6.45,18.43,37.72
2023-04-28,Kovilpatti,9.1728,77.871,Dryland,29.85,33.31,26.98,71.34,2.49,5.4,19.86,37.7
2023-04-29,Kovilpatti,9.1728,77.871,Dryland,29.88,33.63,27.09,72.58,2.34,8.49,18.44,37.68
2023-04-30,Kovilpatti,9.1728,77.871,Dryland,29.77,33.87,27.34,73.98,2.28,5.44,20.18,37.67
2023-05-01,Kovilpatti,9.1728,77.871,Dryland,29.34,33.69,26.83,75.89,2.25,14.97,15.12,37.66
2023-05-02,Kovilpatti,9.1728,77.871,Dryland,28.55,31.64,26.39,81.21,2.69,17.05,15.06,37.65
2023-05-03,Kovilpatti,9.1728,77.871,Dryland,28.42,32.04,25.42,81.99,2.04,21.86,18.95,37.63
2023-05-04,Kovilpatti,9.1728,77.871,Dryland,27.46,29.93,25.28,79.5,2.67,4.78,19.87,37.6
2023-05-05,Kovilpatti,9.1728,77.871,Dryland,28.89,33.26,24.97,73.38,2.65,1.05,16.44,37.58
2023-05-06,Kovilpatti,9.1728,77.871,Dryland,29.54,34.76,25.25,70.18,2.13,1.11,17.83,37.55
2023-05-07,Kovilpatti,9.1728,77.871,Dryland,28.06,31.86,25.77,75.24,2.3,1.5,12.97,37.52
2023-05-08,Kovilpatti,9.1728,77.871,Dryland,28.36,32.61,25.51,73.35,1.9,1.74,20.35,37.5
2023-05-09,Kovilpatti,9.1728,77.871,Dryland,29.09,34.59,25.36,74.2,2.84,3.62,21.8,37.48
2023-05-10,Kovilpatti,9.1728,77.871,Dryland,29.6,34.59,25.85,74.77,2.36,0.88,22.98,37.46
2023-05-11,Kovilpatti,9.1728,77.871,Dryland,29.7,33.74,26.73,74.48,3.81,0.81,22.22,37.45
2023-05-12,Kovilpatti,9.1728,77.871,Dryland,29.14,32.75,26.52,76.5,3.58,0.56,18.63,37.42
2023-05-13,Kovilpatti,9.1728,77.871,Dryland,29.16,33.39,25.81,76.49,4.41,0.08,20.08,37.4
2023-05-14,Kovilpatti,9.1728,77.871,Dryland,30.11,34.33,27.21,74.72,4.18,0.04,21.52,37.37
2023-05-15,Kovilpatti,9.1728,77.871,Dryland,30.74,36.53,26.6,72.52,4.03,0.01,22.06,37.34
2023-05-16,Kovilpatti,9.1728,77.871,Dryland,31.44,37.65,26.7,69.38,2.76,0.02,23.36,37.32
2023-05-17,Kovilpatti,9.1728,77.871,Dryland,30.44,34.45,27.34,70.77,2.2,0.86,22.67,37.29
2023-05-18,Kovilpatti,9.1728,77.871,Dryland,29.96,34.39,26.25,75.0,2.92,0.43,21.25,37.27
2023-05-19,Kovilpatti,9.1728,77.871,Dryland,30.14,34.15,26.74,73.37,3.12,0.05,20.07,37.24
2023-05-20,Kovilpatti,9.1728,77.871,Dryland,30.99,36.36,26.79,69.27,3.31,0.16,22.49,37.21
2023-05-21,Kovilpatti,9.1728,77.871,Dryland,30.35,34.78,26.6,70.53,2.84,0.21,21.86,37.18
2023-05-22,Kovilpatti,9.1728,77.871,Dryland,29.48,32.87,26.93,76.5,2.91,2.97,19.99,37.15
2023-05-23,Kovilpatti,9.1728,77.871,Dryland,30.03,34.94,26.2,73.24,2.8,0.15,23.92,37.11
2023-05-24,Kovilpatti,9.1728,77.871,Dryland,30.62,36.38,26.06,69.92,3.35,0.2,24.76,37.09
2023-05-25,Kovilpatti,9.1728,77.871,Dryland,30.83,36.62,26.09,68.93,3.75,0.25,23.39,37.06
2023-05-26,Kovilpatti,9.1728,77.871,Dryland,30.94,36.74,26.67,67.85,3.81,0.52,22.53,37.04
2023-05-27,Kovilpatti,9.1728,77.871,Dryland,31.04,37.25,26.37,67.22,3.38,3.35,22.21,37.02
2023-05-28,Kovilpatti,9.1728,77.871,Dryland,31.16,35.53,27.12,68.62,2.24,0.69,19.05,37.0
2023-05-29,Kovilpatti,9.1728,77.871,Dryland,30.53,34.37,27.35,72.06,2.13,2.08,18.8,36.99
2023-05-30,Kovilpatti,9.1728,77.871,Dryland,31.0,36.42,26.97,69.61,2.79,0.87,20.15,36.96
2023-05-31,Kovilpatti,9.1728,77.871,Dryland,29.94,34.41,26.48,70.98,3.22,1.06,20.5,36.95
2023-06-01,Kovilpatti,9.1728,77.871,Dryland,30.07,35.5,26.61,69.77,4.35,0.31,21.57,36.92
2023-06-02,Kovilpatti,9.1728,77.871,Dryland,29.98,35.38,25.95,71.98,3.7,0.37,21.02,36.9
2023-06-03,Kovilpatti,9.1728,77.871,Dryland,30.41,35.83,26.59,68.88,4.04,0.12,20.52,36.88
2023-06-04,Kovilpatti,9.1728,77.871,Dryland,30.14,35.01,26.5,70.11,4.16,0.12,20.21,36.86
2023-06-05,Kovilpatti,9.1728,77.871,Dryland,29.42,33.11,27.1,75.21,4.4,2.33,21.23,36.85
2023-06-06,Kovilpatti,9.1728,77.871,Dryland,29.83,34.8,26.49,72.38,4.26,5.64,22.42,36.83
2023-06-07,Kovilpatti,9.1728,77.871,Dryland,29.57,33.7,26.89,75.29,4.71,4.35,20.93,36.82
2023-06-08,Kovilpatti,9.1728,77.871,Dryland,29.64,34.02,26.84,71.82,4.09,0.24,20.65,36.8
2023-06-09,Kovilpatti,9.1728,77.871,Dryland,30.21,35.82,26.53,70.84,4.88,0.29,19.82,36.78
2023-06-10,Kovilpatti,9.1728,77.871,Dryland,30.1,35.37,26.52,69.46,5.02,0.17,21.18,36.77
2023-06-11,Kovilpatti,9.1728,77.871,Dryland,30.28,35.83,26.25,69.14,4.46,0.01,19.77,36.75
2023-06-12,Kovilpatti,9.1728,77.871,Dryland,30.29,35.72,27.22,69.97,4.69,4.46,17.63,36.74
2023-06-13,Kovilpatti,9.1728,77.871,Dryland,29.48,33.55,26.69,75.31,4.88,0.87,19.61,36.73
2023-06-14,Kovilpatti,9.1728,77.871,Dryland,30.31,35.17,27.12,63.87,3.82,0.16,20.89,36.72
2023-06-15,Kovilpatti,9.1728,77.871,Dryland,31.31,37.8,25.38,63.75,3.4,0.07,21.0,36.71
2023-06-16,Kovilpatti,9.1728,77.871,Dryland,30.87,37.01,26.71,64.87,4.97,0.09,23.12,36.69
2023-06-17,Kovilpatti,9.1728,77.871,Dryland,29.62,34.31,26.29,71.48,4.85,0.77,17.16,36.68
2023-06-18,Kovilpatti,9.1728,77.871,Dryland,29.0,33.47,26.38,71.74,3.77,0.8,13.5,36.66
2023-06-19,Kovilpatti,9.1728,77.871,Dryland,30.49,36.55,25.45,64.46,3.86,0.02,17.29,36.66
2023-06-20,Kovilpatti,9.1728,77.871,Dryland,30.25,36.76,26.04,64.26,3.79,0.38,16.34,36.65
2023-06-21,Kovilpatti,9.1728,77.871,Dryland,30.25,36.64,25.74,66.25,3.6,1.5,14.24,36.65
2023-06-22,Kovilpatti,9.1728,77.871,Dryland,30.73,36.61,25.64,62.46,3.86,0.59,20.1,36.65
2023-06-23,Kovilpatti,9.1728,77.871,Dryland,30.31,36.36,25.56,63.33,4.6,0.37,21.4,36.65
2023-06-24,Kovilpatti,9.1728,77.871,Dryland,30.55,35.93,26.26,63.62,3.98,0.04,18.79,36.65
2023-06-25,Kovilpatti,9.1728,77.871,Dryland,29.5,33.28,27.03,67.76,4.64,0.75,17.42,36.64
2023-06-26,Kovilpatti,9.1728,77.871,Dryland,29.78,34.95,26.01,64.62,4.69,0.21,18.62,36.64
2023-06-27,Kovilpatti,9.1728,77.871,Dryland,28.74,32.3,25.82,70.5,4.5,0.94,15.46,36.64
2023-06-28,Kovilpatti,9.1728,77.871,Dryland,29.87,36.11,25.89,67.28,4.47,0.07,18.12,36.62
2023-06-29,Kovilpatti,9.1728,77.871,Dryland,30.35,37.3,25.73,65.1,4.9,0.33,16.65,36.62
2023-06-30,Kovilpatti,9.1728,77.871,Dryland,30.33,36.39,25.6,66.38,4.25,0.61,18.47,36.63
2023-07-01,Kovilpatti,9.1728,77.871,Dryland,30.46,36.56,25.36,64.25,3.37,0.12,18.73,36.64
2023-07-02,Kovilpatti,9.1728,77.871,Dryland,30.05,35.51,25.8,63.14,4.76,6.59,16.94,36.65
2023-07-03,Kovilpatti,9.1728,77.871,Dryland,28.08,32.7,24.84,72.4,5.3,3.54,9.44,36.66
2023-07-04,Kovilpatti,9.1728,77.871,Dryland,28.86,33.45,26.0,68.9,6.54,1.17,10.0,36.67
2023-07-05,Kovilpatti,9.1728,77.871,Dryland,28.0,31.04,25.76,74.56,5.96,3.9,10.52,36.67
2023-07-06,Kovilpatti,9.1728,77.871,Dryland,28.22,32.73,25.48,73.83,5.05,1.03,11.75,36.68
2023-07-07,Kovilpatti,9.1728,77.871,Dryland,28.56,33.91,24.96,69.18,4.69,0.98,11.22,36.68
2023-07-08,Kovilpatti,9.1728,77.871,Dryland,29.47,35.39,25.32,67.89,3.76,1.4,13.53,36.68
2023-07-09,Kovilpatti,9.1728,77.871,Dryland,30.16,36.52,24.71,62.09,2.63,0.19,20.39,36.69
2023-07-10,Kovilpatti,9.1728,77.871,Dryland,29.78,35.26,25.68,68.2,2.93,4.27,17.14,36.7
2023-07-11,Kovilpatti,9.1728,77.871,Dryland,29.15,33.95,25.43,71.51,3.24,4.29,13.97,36.71
2023-07-12,Kovilpatti,9.1728,77.871,Dryland,29.9,35.86,25.06,67.32,3.59,0.3,20.87,36.72
2023-07-13,Kovilpatti,9.1728,77.871,Dryland,29.47,35.72,25.08,65.96,4.16,0.37,17.41,36.73
2023-07-14,Kovilpatti,9.1728,77.871,Dryland,29.61,36.15,24.98,65.57,4.45,0.17,19.97,36.75
2023-07-15,Kovilpatti,9.1728,77.871,Dryland,30.31,37.04,25.02,64.67,3.6,0.13,19.82,36.76
2023-07-16,Kovilpatti,9.1728,77.871,Dryland,30.29,36.28,25.86,66.14,3.63,0.27,19.9,36.77
2023-07-17,Kovilpatti,9.1728,77.871,Dryland,30.02,36.17,25.77,67.97,4.61,0.01,17.78,36.79
2023-07-18,Kovilpatti,9.1728,77.871,Dryland,30.0,35.77,26.01,67.99,5.61,0.19,16.25,36.8
2023-07-19,Kovilpatti,9.1728,77.871,Dryland,29.72,35.27,26.45,67.75,5.81,0.26,15.81,36.82
2023-07-20,Kovilpatti,9.1728,77.871,Dryland,29.75,34.68,26.45,67.19,5.26,0.26,19.05,36.83
2023-07-21,Kovilpatti,9.1728,77.871,Dryland,29.8,34.53,26.27,66.16,5.11,0.01,18.81,36.85
2023-07-22,Kovilpatti,9.1728,77.871,Dryland,29.25,33.78,26.2,65.63,5.36,0.08,17.24,36.88
2023-07-23,Kovilpatti,9.1728,77.871,Dryland,28.31,32.04,25.4,67.59,5.05,1.64,13.12,36.9
2023-07-24,Kovilpatti,9.1728,77.871,Dryland,28.0,31.94,24.78,71.93,4.68,0.66,10.54,36.92
2023-07-25,Kovilpatti,9.1728,77.871,Dryland,28.88,33.77,24.96,70.29,4.23,0.73,13.99,36.93
2023-07-26,Kovilpatti,9.1728,77.871,Dryland,29.37,34.62,25.27,67.76,4.89,0.29,14.67,36.95
2023-07-27,Kovilpatti,9.1728,77.871,Dryland,30.59,37.44,25.73,60.17,4.77,0.02,17.72,36.97
2023-07-28,Kovilpatti,9.1728,77.871,Dryland,30.61,37.96,25.38,58.03,4.78,0.0,19.71,36.99
2023-07-29,Kovilpatti,9.1728,77.871,Dryland,30.93,38.37,25.07,59.14,4.82,0.0,21.23,37.01
2023-07-30,Kovilpatti,9.1728,77.871,Dryland,31.02,38.43,25.46,58.51,4.51,0.0,22.43,37.02
2023-07-31,Kovilpatti,9.1728,77.871,Dryland,30.84,37.38,26.48,60.2,5.29,0.0,20.64,37.03
2023-08-01,Kovilpatti,9.1728,77.871,Dryland,30.53,37.53,25.93,61.88,5.0,0.0,19.43,37.05
2023-08-02,Kovilpatti,9.1728,77.871,Dryland,30.59,37.81,25.4,61.69,4.86,0.0,20.69,37.07
2023-08-03,Kovilpatti,9.1728,77.871,Dryland,30.79,37.9,25.31,62.59,5.07,0.03,22.62,37.09
2023-08-04,Kovilpatti,9.1728,77.871,Dryland,31.44,38.67,25.59,60.52,4.64,0.08,20.64,37.11
2023-08-05,Kovilpatti,9.1728,77.871,Dryland,31.36,38.27,25.52,58.64,3.63,0.01,23.67,37.13
2023-08-06,Kovilpatti,9.1728,77.871,Dryland,31.61,38.5,26.74,58.35,3.95,2.29,21.47,37.15
2023-08-07,Kovilpatti,9.1728,77.871,Dryland,30.95,36.56,26.25,62.7,3.54,0.62,20.91,37.16
2023-08-08,Kovilpatti,9.1728,77.871,Dryland,30.88,37.56,25.88,62.39,3.56,3.27,19.37,37.18
2023-08-09,Kovilpatti,9.1728,77.871,Dryland,29.72,34.53,26.16,67.15,2.42,3.96,21.3,37.19
2023-08-10,Kovilpatti,9.1728,77.871,Dryland,30.04,34.82,25.79,69.19,1.82,2.17,17.91,37.2
2023-08-11,Kovilpatti,9.1728,77.871,Dryland,30.25,34.71,26.36,69.34,1.19,1.51,19.09,37.22
2023-08-12,Kovilpatti,9.1728,77.871,Dryland,30.6,36.88,26.15,66.12,2.66,6.23,18.67,37.23
2023-08-13,Kovilpatti,9.1728,77.871,Dryland,30.56,36.54,25.78,64.55,3.26,0.28,20.26,37.25
2023-08-14,Kovilpatti,9.1728,77.871,Dryland,29.97,35.17,26.02,64.47,3.64,0.07,19.79,37.25
2023-08-15,Kovilpatti,9.1728,77.871,Dryland,30.3,36.82,25.41,62.36,4.11,0.82,21.97,37.26
2023-08-16,Kovilpatti,9.1728,77.871,Dryland,30.45,37.29,24.58,58.9,3.87,0.03,25.3,37.26
2023-08-17,Kovilpatti,9.1728,77.871,Dryland,30.68,37.69,25.45,61.24,4.73,0.01,24.38,37.27
2023-08-18,Kovilpatti,9.1728,77.871,Dryland,30.47,37.17,25.68,63.15,5.1,0.08,20.83,37.28
2023-08-19,Kovilpatti,9.1728,77.871,Dryland,30.52,37.36,25.83,62.36,4.82,0.09,21.55,37.29
2023-08-20,Kovilpatti,9.1728,77.871,Dryland,31.52,38.9,25.39,58.66,3.82,0.01,22.14,37.29
2023-08-21,Kovilpatti,9.1728,77.871,Dryland,31.64,37.63,26.01,58.33,2.58,0.01,23.59,37.3
2023-08-22,Kovilpatti,9.1728,77.871,Dryland,30.99,35.76,26.92,63.23,2.01,1.03,21.27,37.3
2023-08-23,Kovilpatti,9.1728,77.871,Dryland,31.56,38.3,26.39,60.05,3.03,0.74,23.15,37.3
2023-08-24,Kovilpatti,9.1728,77.871,Dryland,31.68,38.79,26.06,58.06,4.44,0.02,26.06,37.3
2023-08-25,Kovilpatti,9.1728,77.871,Dryland,31.15,38.04,26.01,58.8,3.98,0.0,24.89,37.29
2023-08-26,Kovilpatti,9.1728,77.871,Dryland,31.67,38.74,25.51,56.52,4.21,0.0,24.95,37.29
2023-08-27,Kovilpatti,9.1728,77.871,Dryland,32.24,39.11,27.02,57.8,4.1,0.0,24.43,37.29
2023-08-28,Kovilpatti,9.1728,77.871,Dryland,31.97,39.09,26.87,59.98,4.65,0.76,24.13,37.29
2023-08-29,Kovilpatti,9.1728,77.871,Dryland,29.73,33.34,26.93,68.2,3.71,2.8,18.98,37.28
2023-08-30,Kovilpatti,9.1728,77.871,Dryland,27.86,31.02,25.65,76.77,2.46,24.46,16.56,37.28
2023-08-31,Kovilpatti,9.1728,77.871,Dryland,29.23,33.84,25.67,72.08,3.0,3.31,20.02,37.28
2023-09-01,Kovilpatti,9.1728,77.871,Dryland,28.98,34.22,25.0,71.98,3.4,3.98,19.07,37.27
2023-09-02,Kovilpatti,9.1728,77.871,Dryland,29.35,34.89,25.89,71.48,4.26,6.25,16.93,37.26
2023-09-03,Kovilpatti,9.1728,77.871,Dryland,27.22,30.48,25.09,78.5,4.52,15.87,17.28,37.25
2023-09-04,Kovilpatti,9.1728,77.871,Dryland,28.5,34.11,24.37,72.65,4.99,5.54,12.77,37.23
2023-09-05,Kovilpatti,9.1728,77.871,Dryland,28.54,33.15,25.7,69.21,4.82,0.11,12.36,37.22
2023-09-06,Kovilpatti,9.1728,77.871,Dryland,28.21,32.51,25.2,74.31,4.04,0.62,15.22,37.2
2023-09-07,Kovilpatti,9.1728,77.871,Dryland,28.64,33.96,25.47,68.37,4.52,0.44,12.4,37.18
2023-09-08,Kovilpatti,9.1728,77.871,Dryland,29.16,35.32,24.47,68.46,4.31,0.89,16.66,37.17
2023-09-09,Kovilpatti,9.1728,77.871,Dryland,29.4,35.62,25.39,68.66,4.46,0.67,18.39,37.14
2023-09-10,Kovilpatti,9.1728,77.871,Dryland,28.56,33.33,25.22,67.19,4.92,1.4,17.31,37.11
2023-09-11,Kovilpatti,9.1728,77.871,Dryland,28.3,33.75,24.65,70.23,4.18,0.75,13.91,37.09
2023-09-12,Kovilpatti,9.1728,77.871,Dryland,29.36,35.45,24.96,68.55,3.22,0.11,21.9,37.06
2023-09-13,Kovilpatti,9.1728,77.871,Dryland,28.9,33.41,25.58,72.91,3.92,0.2,18.1,37.04
2023-09-14,Kovilpatti,9.1728,77.871,Dryland,29.13,35.43,25.19,71.69,4.28,1.12,18.64,37.01
2023-09-15,Kovilpatti,9.1728,77.871,Dryland,29.18,34.65,25.28,70.63,4.12,1.36,15.43,36.99
2023-09-16,Kovilpatti,9.1728,77.871,Dryland,28.88,33.71,25.24,73.76,3.91,1.64,16.64,36.95
2023-09-17,Kovilpatti,9.1728,77.871,Dryland,28.28,32.35,25.74,77.54,3.63,1.2,16.69,36.92
2023-09-18,Kovilpatti,9.1728,77.871,Dryland,28.32,33.1,25.08,77.68,4.02,9.28,15.52,36.88
2023-09-19,Kovilpatti,9.1728,77.871,Dryland,28.82,34.22,25.36,74.38,3.91,3.38,17.96,36.84
2023-09-20,Kovilpatti,9.1728,77.871,Dryland,29.22,34.64,25.44,71.26,3.47,1.8,19.74,36.8
2023-09-21,Kovilpatti,9.1728,77.871,Dryland,28.54,32.84,25.43,73.55,3.2,2.46,18.84,36.75
2023-09-22,Kovilpatti,9.1728,77.871,Dryland,29.31,34.51,25.2,72.25,3.04,1.12,15.67,36.7
2023-09-23,Kovilpatti,9.1728,77.871,Dryland,29.29,34.25,25.78,73.34,3.7,1.58,18.94,36.66
2023-09-24,Kovilpatti,9.1728,77.871,Dryland,28.85,33.02,25.64,73.9,3.08,0.92,19.92,36.61
2023-09-25,Kovilpatti,9.1728,77.871,Dryland,29.65,35.1,25.27,69.32,3.15,0.18,16.93,36.57
2023-09-26,Kovilpatti,9.1728,77.871,Dryland,29.93,36.21,25.68,67.14,3.88,0.68,18.3,36.53
2023-09-27,Kovilpatti,9.1728,77.871,Dryland,28.51,32.84,25.57,71.96,3.89,2.22,19.39,36.48
2023-09-28,Kovilpatti,9.1728,77.871,Dryland,28.62,33.65,25.31,72.13,3.76,2.31,16.01,36.44
2023-09-29,Kovilpatti,9.1728,77.871,Dryland,28.36,32.92,25.32,75.46,4.67,3.73,12.65,36.39
2023-09-30,Kovilpatti,9.1728,77.871,Dryland,28.65,33.63,24.79,72.95,4.11,4.48,12.19,36.33
2023-10-01,Kovilpatti,9.1728,77.871,Dryland,28.7,33.77,24.81,75.28,4.32,2.69,11.63,36.27
2023-10-02,Kovilpatti,9.1728,77.871,Dryland,28.44,32.88,25.66,78.57,4.61,5.44,14.27,36.21
2023-10-03,Kovilpatti,9.1728,77.871,Dryland,28.84,34.09,25.66,76.11,4.07,4.26,19.9,36.15
2023-10-04,Kovilpatti,9.1728,77.871,Dryland,28.91,34.04,25.2,75.17,3.84,3.45,19.45,36.09
2023-10-05,Kovilpatti,9.1728,77.871,Dryland,28.82,34.44,25.15,75.1,3.42,4.41,20.54,36.03
2023-10-06,Kovilpatti,9.1728,77.871,Dryland,29.41,34.55,25.66,74.72,3.2,1.23,22.19,35.97
2023-10-07,Kovilpatti,9.1728,77.871,Dryland,30.02,36.13,25.35,69.67,2.62,0.22,20.56,35.9
2023-10-08,Kovilpatti,9.1728,77.871,Dryland,29.29,34.57,25.73,73.93,3.16,1.4,18.89,35.83
2023-10-09,Kovilpatti,9.1728,77.871,Dryland,28.53,32.1,25.84,78.28,2.58,0.85,17.96,35.76
2023-10-10,Kovilpatti,9.1728,77.871,Dryland,28.61,32.52,25.88,77.13,2.8,0.89,17.34,35.69
2023-10-11,Kovilpatti,9.1728,77.871,Dryland,28.79,34.01,25.28,75.99,3.32,4.32,16.96,35.62
2023-10-12,Kovilpatti,9.1728,77.871,Dryland,27.98,32.41,25.4,78.57,3.14,12.17,14.99,35.55
2023-10-13,Kovilpatti,9.1728,77.871,Dryland,28.76,34.38,24.19,72.97,2.33,1.16,15.41,35.47
2023-10-14,Kovilpatti,9.1728,77.871,Dryland,28.09,32.87,24.8,78.43,2.3,5.73,14.78,35.4
2023-10-15,Kovilpatti,9.1728,77.871,Dryland,28.49,33.06,25.11,75.73,2.75,6.15,15.93,35.32
2023-10-16,Kovilpatti,9.1728,77.871,Dryland,28.19,32.2,25.2,76.86,2.21,4.67,14.11,35.24
2023-10-17,Kovilpatti,9.1728,77.871,Dryland,27.87,31.99,24.98,81.11,1.89,11.17,17.02,35.17
2023-10-18,Kovilpatti,9.1728,77.871,Dryland,27.66,30.85,25.55,81.84,1.43,6.15,16.17,35.09
2023-10-19,Kovilpatti,9.1728,77.871,Dryland,28.04,32.46,25.15,77.19,1.43,3.47,17.59,35.01
2023-10-20,Kovilpatti,9.1728,77.871,Dryland,28.27,32.78,24.92,75.34,1.55,1.94,17.3,34.93
2023-10-21,Kovilpatti,9.1728,77.871,Dryland,28.96,34.02,25.45,72.01,1.48,2.05,18.13,34.84
2023-10-22,Kovilpatti,9.1728,77.871,Dryland,28.91,33.64,25.39,74.32,1.42,3.79,18.32,34.76
2023-10-23,Kovilpatti,9.1728,77.871,Dryland,27.88,31.62,25.4,77.06,1.88,5.48,14.18,34.68
2023-10-24,Kovilpatti,9.1728,77.871,Dryland,28.21,33.26,24.99,72.69,1.75,1.42,15.66,34.6
2023-10-25,Kovilpatti,9.1728,77.871,Dryland,28.4,33.32,24.5,74.83,1.73,0.45,14.67,34.52
2023-10-26,Kovilpatti,9.1728,77.871,Dryland,28.83,33.75,25.49,73.61,1.54,1.51,16.14,34.44
2023-10-27,Kovilpatti,9.1728,77.871,Dryland,28.9,33.27,25.7,72.87,2.12,0.12,16.41,34.36
2023-10-28,Kovilpatti,9.1728,77.871,Dryland,28.28,31.99,25.63,75.43,1.65,0.97,18.0,34.27
2023-10-29,Kovilpatti,9.1728,77.871,Dryland,27.34,30.01,25.25,82.65,2.14,14.73,15.56,34.18
2023-10-30,Kovilpatti,9.1728,77.871,Dryland,26.75,29.85,24.77,83.86,2.16,10.66,12.53,34.09
2023-10-31,Kovilpatti,9.1728,77.871,Dryland,27.21,30.36,24.69,83.12,2.28,4.13,17.37,34.0
2023-11-01,Kovilpatti,9.1728,77.871,Dryland,27.68,31.66,24.78,81.41,1.86,9.47,16.56,33.92
2023-11-02,Kovilpatti,9.1728,77.871,Dryland,27.01,28.79,25.54,83.36,1.25,7.54,13.97,33.84
2023-11-03,Kovilpatti,9.1728,77.871,Dryland,27.24,30.72,24.67,84.79,1.8,16.06,15.7,33.75
2023-11-04,Kovilpatti,9.1728,77.871,Dryland,25.89,27.38,24.73,89.0,1.74,18.02,13.34,33.67
2023-11-05,Kovilpatti,9.1728,77.871,Dryland,26.75,28.89,24.54,81.17,0.76,15.69,16.84,33.58
2023-11-06,Kovilpatti,9.1728,77.871,Dryland,27.69,31.15,24.79,79.09,0.98,19.82,16.77,33.49
2023-11-07,Kovilpatti,9.1728,77.871,Dryland,26.81,29.23,25.04,85.77,1.65,21.49,14.49,33.4
2023-11-08,Kovilpatti,9.1728,77.871,Dryland,26.31,27.95,24.7,87.5,1.55,38.74,16.88,33.31
2023-11-09,Kovilpatti,9.1728,77.871,Dryland,26.24,27.88,24.43,84.57,1.35,40.32,15.15,33.23
2023-11-10,Kovilpatti,9.1728,77.871,Dryland,26.8,29.53,24.01,84.82,1.8,3.63,13.99,33.15
2023-11-11,Kovilpatti,9.1728,77.871,Dryland,26.45,28.17,24.71,91.75,3.03,6.99,13.51,33.06
2023-11-12,Kovilpatti,9.1728,77.871,Dryland,26.79,30.31,23.89,84.38,3.17,0.91,19.87,32.98
2023-11-13,Kovilpatti,9.1728,77.871,Dryland,25.66,28.56,23.41,88.32,2.66,1.92,19.8,32.9
2023-11-14,Kovilpatti,9.1728,77.871,Dryland,26.0,28.61,23.91,87.19,2.57,0.83,11.67,32.82
2023-11-15,Kovilpatti,9.1728,77.871,Dryland,26.82,30.56,23.14,80.38,2.13,2.8,14.8,32.74
2023-11-16,Kovilpatti,9.1728,77.871,Dryland,27.13,30.07,24.88,85.79,1.36,1.29,16.02,32.66
2023-11-17,Kovilpatti,9.1728,77.871,Dryland,27.5,30.45,25.62,86.99,1.69,1.01,15.89,32.58
2023-11-18,Kovilpatti,9.1728,77.871,Dryland,26.53,28.65,24.98,90.98,1.82,4.19,16.1,32.51
2023-11-19,Kovilpatti,9.1728,77.871,Dryland,26.22,28.47,24.59,91.0,2.41,20.45,9.72,32.43
2023-11-20,Kovilpatti,9.1728,77.871,Dryland,26.93,30.55,23.73,85.48,2.01,0.81,16.81,32.36
2023-11-21,Kovilpatti,9.1728,77.871,Dryland,26.87,29.35,24.76,88.75,1.89,4.01,17.34,32.29
2023-11-22,Kovilpatti,9.1728,77.871,Dryland,26.69,29.63,24.98,87.48,1.81,28.02,14.78,32.22
2023-11-23,Kovilpatti,9.1728,77.871,Dryland,26.59,29.55,24.96,88.4,2.35,5.27,14.58,32.15
2023-11-24,Kovilpatti,9.1728,77.871,Dryland,26.89,29.99,24.46,85.11,1.67,1.1,17.54,32.08
2023-11-25,Kovilpatti,9.1728,77.871,Dryland,26.63,29.18,24.49,90.21,2.5,2.08,14.6,32.01
2023-11-26,Kovilpatti,9.1728,77.871,Dryland,26.55,28.21,25.4,93.17,3.27,1.63,14.87,31.95
2023-11-27,Kovilpatti,9.1728,77.871,Dryland,26.96,29.84,24.96,89.26,3.25,2.54,13.17,31.89
2023-11-28,Kovilpatti,9.1728,77.871,Dryland,26.85,29.95,24.68,87.84,2.71,2.25,18.06,31.83
2023-11-29,Kovilpatti,9.1728,77.871,Dryland,26.64,29.73,24.69,88.6,2.88,4.03,14.54,31.78
2023-11-30,Kovilpatti,9.1728,77.871,Dryland,26.08,28.79,24.06,89.28,1.98,1.21,14.04,31.73
2023-12-01,Kovilpatti,9.1728,77.871,Dryland,25.83,28.49,23.95,90.03,2.39,2.24,16.78,31.67
2023-12-02,Kovilpatti,9.1728,77.871,Dryland,26.75,29.25,24.1,82.11,1.39,0.6,17.71,31.62
2023-12-03,Kovilpatti,9.1728,77.871,Dryland,26.94,30.57,24.51,86.88,2.08,1.31,15.84,31.57
2023-12-04,Kovilpatti,9.1728,77.871,Dryland,26.9,29.22,25.24,91.11,2.49,0.41,16.47,31.51
2023-12-05,Kovilpatti,9.1728,77.871,Dryland,27.58,30.41,25.5,88.5,2.17,0.45,18.19,31.46
2023-12-06,Kovilpatti,9.1728,77.871,Dryland,27.08,29.8,24.55,88.57,1.72,0.12,20.62,31.42
2023-12-07,Kovilpatti,9.1728,77.871,Dryland,27.41,30.55,25.01,86.55,1.42,0.53,16.84,31.38
2023-12-08,Kovilpatti,9.1728,77.871,Dryland,27.57,30.77,25.09,85.34,1.4,2.39,15.96,31.35
2023-12-09,Kovilpatti,9.1728,77.871,Dryland,27.1,29.45,25.27,87.91,2.34,10.12,13.8,31.31
2023-12-10,Kovilpatti,9.1728,77.871,Dryland,26.67,29.58,24.57,89.14,3.08,5.13,16.04,31.28
2023-12-11,Kovilpatti,9.1728,77.871,Dryland,26.64,29.96,24.05,87.97,3.52,3.36,13.65,31.26
2023-12-12,Kovilpatti,9.1728,77.871,Dryland,26.41,29.81,24.12,87.34,3.38,1.17,12.04,31.23
2023-12-13,Kovilpatti,9.1728,77.871,Dryland,25.56,28.99,23.04,85.25,3.82,0.01,12.27,31.21
2023-12-14,Kovilpatti,9.1728,77.871,Dryland,25.02,28.58,21.75,84.38,3.67,0.16,19.31,31.19
2023-12-15,Kovilpatti,9.1728,77.871,Dryland,25.86,29.19,23.14,87.81,3.64,0.29,10.88,31.17
2023-12-16,Kovilpatti,9.1728,77.871,Dryland,25.82,27.67,24.28,91.92,3.75,16.99,9.85,31.16
2023-12-17,Kovilpatti,9.1728,77.871,Dryland,25.65,27.04,24.64,94.88,4.66,202.34,3.8,31.16
2023-12-18,Kovilpatti,9.1728,77.871,Dryland,25.84,27.93,23.97,91.47,4.68,82.59,6.31,31.15
2023-12-19,Kovilpatti,9.1728,77.871,Dryland,24.82,27.31,23.09,90.8,4.29,8.37,10.72,31.15
2023-12-20,Kovilpatti,9.1728,77.871,Dryland,25.28,28.62,22.36,89.4,4.25,5.32,13.91,31.14
2023-12-21,Kovilpatti,9.1728,77.871,Dryland,25.33,28.09,23.12,91.7,3.9,4.93,8.06,31.14
2023-12-22,Kovilpatti,9.1728,77.871,Dryland,25.6,29.08,23.11,89.23,3.62,0.62,18.63,31.14
2023-12-23,Kovilpatti,9.1728,77.871,Dryland,24.86,28.31,22.03,88.29,3.23,0.01,18.29,31.14
2023-12-24,Kovilpatti,9.1728,77.871,Dryland,24.6,27.67,21.72,88.29,3.36,0.07,12.2,31.15
2023-12-25,Kovilpatti,9.1728,77.871,Dryland,26.12,29.7,23.69,88.89,3.93,0.58,16.53,31.17
2023-12-26,Kovilpatti,9.1728,77.871,Dryland,25.53,28.91,23.1,86.68,4.39,0.09,19.72,31.19
2023-12-27,Kovilpatti,9.1728,77.871,Dryland,25.23,28.88,21.8,87.38,4.78,0.48,19.02,31.21
2023-12-28,Kovilpatti,9.1728,77.871,Dryland,25.71,29.57,22.38,88.98,4.66,0.53,11.41,31.23
2023-12-29,Kovilpatti,9.1728,77.871,Dryland,26.16,29.45,23.82,88.95,4.23,0.74,12.0,31.25
2023-12-30,Kovilpatti,9.1728,77.871,Dryland,25.63,28.28,23.75,89.42,3.89,0.12,14.07,31.27
2023-12-31,Kovilpatti,9.1728,77.871,Dryland,25.33,28.88,22.42,86.07,3.89,0.04,17.64,31.3
2024-01-01,Kovilpatti,9.1728,77.871,Dryland,25.22,28.67,21.79,85.14,3.09,0.01,15.36,31.33
2024-01-02,Kovilpatti,9.1728,77.871,Dryland,25.57,28.97,22.9,85.93,3.09,0.03,15.22,31.37
2024-01-03,Kovilpatti,9.1728,77.871,Dryland,25.38,28.9,22.54,85.9,2.83,0.16,13.74,31.4
2024-01-04,Kovilpatti,9.1728,77.871,Dryland,25.97,29.66,22.99,86.96,2.34,1.13,13.27,31.44
2024-01-05,Kovilpatti,9.1728,77.871,Dryland,26.23,29.32,23.89,87.6,2.39,1.34,11.69,31.48
2024-01-06,Kovilpatti,9.1728,77.871,Dryland,26.12,29.36,23.65,87.81,2.65,1.57,12.29,31.53
2024-01-07,Kovilpatti,9.1728,77.871,Dryland,25.99,29.51,23.52,87.13,2.99,0.5,11.24,31.58
2024-01-08,Kovilpatti,9.1728,77.871,Dryland,25.48,28.18,23.48,89.98,2.21,1.93,13.0,31.63
2024-01-09,Kovilpatti,9.1728,77.871,Dryland,25.43,27.72,23.93,91.41,4.1,7.34,5.99,31.68
2024-01-10,Kovilpatti,9.1728,77.871,Dryland,25.06,28.18,22.91,88.62,3.78,1.47,12.55,31.74
2024-01-11,Kovilpatti,9.1728,77.871,Dryland,25.39,29.02,22.87,84.37,4.14,0.02,15.3,31.8
2024-01-12,Kovilpatti,9.1728,77.871,Dryland,25.28,29.27,22.21,82.76,3.88,0.0,17.63,31.86
2024-01-13,Kovilpatti,9.1728,77.871,Dryland,25.36,29.63,21.8,83.63,3.64,0.0,19.54,31.92
2024-01-14,Kovilpatti,9.1728,77.871,Dryland,25.21,29.52,21.94,84.7,3.26,0.0,19.75,31.99
2024-01-15,Kovilpatti,9.1728,77.871,Dryland,24.75,29.48,20.64,79.92,2.98,0.0,18.32,32.06
2024-01-16,Kovilpatti,9.1728,77.871,Dryland,24.19,29.06,20.1,76.23,2.58,0.0,18.62,32.13
2024-01-17,Kovilpatti,9.1728,77.871,Dryland,24.26,29.79,19.83,77.42,2.26,0.0,21.85,32.2
2024-01-18,Kovilpatti,9.1728,77.871,Dryland,25.56,30.58,21.03,83.76,2.41,0.07,21.24,32.27
2024-01-19,Kovilpatti,9.1728,77.871,Dryland,26.44,30.57,23.41,84.61,3.06,1.36,16.33,32.34
2024-01-20,Kovilpatti,9.1728,77.871,Dryland,26.57,30.5,24.0,83.43,3.27,0.55,11.39,32.42
2024-01-21,Kovilpatti,9.1728,77.871,Dryland,26.64,31.42,23.36,80.99,3.21,0.02,19.45,32.49
2024-01-22,Kovilpatti,9.1728,77.871,Dryland,26.43,31.74,22.57,80.9,3.08,0.01,21.66,32.57
2024-01-23,Kovilpatti,9.1728,77.871,Dryland,25.77,30.87,22.08,79.09,2.93,0.0,22.12,32.64
2024-01-24,Kovilpatti,9.1728,77.871,Dryland,25.83,31.27,21.32,77.19,2.41,0.0,21.18,32.73
2024-01-25,Kovilpatti,9.1728,77.871,Dryland,25.97,31.12,21.66,75.95,2.6,0.0,21.54,32.82
2024-01-26,Kovilpatti,9.1728,77.871,Dryland,25.65,30.92,21.25,75.41,3.71,0.0,23.31,32.91
2024-01-27,Kovilpatti,9.1728,77.871,Dryland,25.35,30.86,20.95,76.95,3.67,0.0,22.44,33.0
2024-01-28,Kovilpatti,9.1728,77.871,Dryland,25.75,31.16,21.07,78.77,3.67,0.0,21.78,33.09
2024-01-29,Kovilpatti,9.1728,77.871,Dryland,25.96,31.72,21.17,77.22,3.73,0.0,19.28,33.18
2024-01-30,Kovilpatti,9.1728,77.871,Dryland,26.3,32.1,21.63,76.74,3.48,0.03,21.2,33.26
2024-01-31,Kovilpatti,9.1728,77.871,Dryland,26.81,32.27,22.54,79.49,2.49,8.28,19.3,33.35
2024-02-01,Kovilpatti,9.1728,77.871,Dryland,27.05,31.55,23.65,82.35,2.04,20.72,15.94,33.44
2024-02-02,Kovilpatti,9.1728,77.871,Dryland,27.44,31.82,24.32,81.51,2.17,2.29,18.38,33.53
2024-02-03,Kovilpatti,9.1728,77.871,Dryland,27.57,32.63,24.27,79.08,2.79,0.01,21.73,33.62
2024-02-04,Kovilpatti,9.1728,77.871,Dryland,26.77,32.42,22.84,77.47,3.4,0.0,23.12,33.71
2024-02-05,Kovilpatti,9.1728,77.871,Dryland,26.12,31.96,21.53,78.2,3.41,0.01,23.54,33.81
2024-02-06,Kovilpatti,9.1728,77.871,Dryland,25.67,31.45,20.71,78.13,3.47,0.0,23.68,33.9
2024-02-07,Kovilpatti,9.1728,77.871,Dryland,25.8,32.08,20.66,77.61,2.95,0.0,24.33,33.99
2024-02-08,Kovilpatti,9.1728,77.871,Dryland,26.16,32.89,21.04,77.66,3.0,0.0,23.59,34.07
2024-02-09,Kovilpatti,9.1728,77.871,Dryland,26.57,32.33,22.5,78.08,3.27,0.0,22.86,34.17
2024-02-10,Kovilpatti,9.1728,77.871,Dryland,27.08,32.39,22.98,75.61,3.92,0.0,20.74,34.26
2024-02-11,Kovilpatti,9.1728,77.871,Dryland,27.26,32.67,23.39,70.54,4.3,0.0,22.04,34.36
2024-02-12,Kovilpatti,9.1728,77.871,Dryland,26.48,32.76,21.63,72.12,4.12,0.0,23.58,34.45
2024-02-13,Kovilpatti,9.1728,77.871,Dryland,27.26,33.29,22.28,74.25,4.24,0.0,21.23,34.55
2024-02-14,Kovilpatti,9.1728,77.871,Dryland,27.48,32.65,23.83,74.33,4.43,0.0,20.05,34.65
2024-02-15,Kovilpatti,9.1728,77.871,Dryland,27.36,33.13,22.97,71.38,4.05,0.0,21.52,34.75
2024-02-16,Kovilpatti,9.1728,77.871,Dryland,27.64,33.5,22.75,72.13,4.06,0.0,22.95,34.85
2024-02-17,Kovilpatti,9.1728,77.871,Dryland,27.87,34.22,23.1,71.07,3.94,0.0,23.7,34.94
2024-02-18,Kovilpatti,9.1728,77.871,Dryland,27.57,34.04,22.7,71.61,3.41,0.0,23.31,35.02
2024-02-19,Kovilpatti,9.1728,77.871,Dryland,27.97,33.88,23.73,72.45,3.35,0.0,23.33,35.11
2024-02-20,Kovilpatti,9.1728,77.871,Dryland,28.31,34.22,24.45,70.52,2.65,0.0,23.02,35.2
2024-02-21,Kovilpatti,9.1728,77.871,Dryland,28.54,35.09,23.84,67.82,1.94,0.0,21.43,35.28
2024-02-22,Kovilpatti,9.1728,77.871,Dryland,29.44,35.97,24.17,69.18,2.05,0.0,20.59,35.37
2024-02-23,Kovilpatti,9.1728,77.871,Dryland,30.01,36.55,25.48,65.28,2.3,0.01,22.48,35.44
2024-02-24,Kovilpatti,9.1728,77.871,Dryland,29.79,35.99,25.33,68.52,2.2,0.01,20.37,35.53
2024-02-25,Kovilpatti,9.1728,77.871,Dryland,29.35,35.16,25.67,66.18,3.39,0.0,22.43,35.61
2024-02-26,Kovilpatti,9.1728,77.871,Dryland,29.37,35.01,24.89,67.63,4.67,0.08,20.54,35.69
2024-02-27,Kovilpatti,9.1728,77.871,Dryland,29.57,35.09,25.76,65.08,4.92,0.02,21.99,35.78
2024-02-28,Kovilpatti,9.1728,77.871,Dryland,29.52,35.55,25.21,64.04,4.41,0.01,23.32,35.87
2024-02-29,Kovilpatti,9.1728,77.871,Dryland,29.24,35.21,24.86,64.92,3.79,0.0,23.77,35.95
2024-03-01,Kovilpatti,9.1728,77.871,Dryland,28.91,34.89,24.27,64.61,3.99,0.0,20.19,36.03
2024-03-02,Kovilpatti,9.1728,77.871,Dryland,27.79,33.08,23.51,65.26,2.62,0.0,25.1,36.12
2024-03-03,Kovilpatti,9.1728,77.871,Dryland,28.95,35.43,23.67,65.02,2.56,0.0,24.47,36.2
2024-03-04,Kovilpatti,9.1728,77.871,Dryland,28.76,36.11,22.77,61.87,2.52,0.0,24.61,36.28
2024-03-05,Kovilpatti,9.1728,77.871,Dryland,29.08,36.58,23.1,60.97,2.53,0.0,23.84,36.36
2024-03-06,Kovilpatti,9.1728,77.871,Dryland,29.15,35.71,24.24,58.72,2.14,0.0,19.47,36.42
2024-03-07,Kovilpatti,9.1728,77.871,Dryland,29.47,36.6,24.08,56.44,2.07,0.0,22.26,36.48
2024-03-08,Kovilpatti,9.1728,77.871,Dryland,29.29,35.98,23.82,57.17,1.92,0.01,24.21,36.55
2024-03-09,Kovilpatti,9.1728,77.871,Dryland,29.68,36.52,24.05,57.99,2.17,0.0,24.72,36.62
2024-03-10,Kovilpatti,9.1728,77.871,Dryland,30.08,36.43,25.56,60.07,2.42,0.0,22.85,36.69
2024-03-11,Kovilpatti,9.1728,77.871,Dryland,29.71,36.16,24.64,62.66,2.81,0.0,23.86,36.76
2024-03-12,Kovilpatti,9.1728,77.871,Dryland,29.89,36.7,24.61,59.99,2.95,0.0,24.67,36.82
2024-03-13,Kovilpatti,9.1728,77.871,Dryland,30.23,37.01,25.22,54.71,2.08,0.0,24.47,36.88
2024-03-14,Kovilpatti,9.1728,77.871,Dryland,30.74,38.32,24.98,54.4,2.2,0.01,23.38,36.94
2024-03-15,Kovilpatti,9.1728,77.871,Dryland,30.43,37.5,26.49,67.12,2.22,0.0,23.1,36.99
2024-03-16,Kovilpatti,9.1728,77.871,Dryland,30.13,36.72,25.66,61.17,2.27,0.02,24.97,37.05
2024-03-17,Kovilpatti,9.1728,77.871,Dryland,29.86,35.98,25.27,56.85,2.89,0.0,26.28,37.1
2024-03-18,Kovilpatti,9.1728,77.871,Dryland,29.78,36.47,24.47,56.69,2.71,0.0,25.74,37.16
2024-03-19,Kovilpatti,9.1728,77.871,Dryland,29.69,36.54,23.98,56.82,2.73,0.0,26.28,37.21
2024-03-20,Kovilpatti,9.1728,77.871,Dryland,29.71,36.66,24.19,57.99,2.71,0.0,26.06,37.25
2024-03-21,Kovilpatti,9.1728,77.871,Dryland,30.78,36.71,26.52,65.52,3.96,0.9,18.09,37.3
2024-03-22,Kovilpatti,9.1728,77.871,Dryland,30.8,36.57,26.45,66.53,3.66,3.51,21.99,37.33
2024-03-23,Kovilpatti,9.1728,77.871,Dryland,30.88,37.34,26.59,63.41,3.09,1.18,23.28,37.35
2024-03-24,Kovilpatti,9.1728,77.871,Dryland,30.2,36.62,25.36,63.15,2.97,0.05,25.37,37.39
2024-03-25,Kovilpatti,9.1728,77.871,Dryland,30.12,37.5,24.19,59.88,3.36,0.0,26.68,37.42
2024-03-26,Kovilpatti,9.1728,77.871,Dryland,29.95,37.03,24.78,59.63,3.01,0.0,25.3,37.47
2024-03-27,Kovilpatti,9.1728,77.871,Dryland,30.32,37.87,24.15,58.48,2.84,0.02,24.83,37.51
2024-03-28,Kovilpatti,9.1728,77.871,Dryland,31.08,38.39,26.31,58.62,2.38,2.33,22.77,37.55
2024-03-29,Kovilpatti,9.1728,77.871,Dryland,30.78,37.53,25.97,59.4,2.25,0.25,23.54,37.58
2024-03-30,Kovilpatti,9.1728,77.871,Dryland,30.87,37.46,26.35,56.87,2.04,0.0,25.72,37.62
2024-03-31,Kovilpatti,9.1728,77.871,Dryland,31.42,38.56,26.16,55.81,2.1,0.0,25.92,37.65
2024-04-01,Kovilpatti,9.1728,77.871,Dryland,31.6,38.61,26.36,59.98,2.21,0.03,22.84,37.67
2024-04-02,Kovilpatti,9.1728,77.871,Dryland,31.71,37.8,27.53,60.69,2.15,0.79,23.29,37.69
2024-04-03,Kovilpatti,9.1728,77.871,Dryland,31.52,37.85,27.46,64.39,2.1,0.49,21.2,37.71
2024-04-04,Kovilpatti,9.1728,77.871,Dryland,31.57,37.81,27.6,63.39,2.08,0.23,22.84,37.72
2024-04-05,Kovilpatti,9.1728,77.871,Dryland,32.38,39.58,27.0,60.24,2.41,0.11,23.49,37.74
2024-04-06,Kovilpatti,9.1728,77.871,Dryland,32.75,39.17,28.42,60.12,2.3,0.01,25.75,37.75
2024-04-07,Kovilpatti,9.1728,77.871,Dryland,32.11,37.65,28.39,62.3,2.24,0.02,25.49,37.77
2024-04-08,Kovilpatti,9.1728,77.871,Dryland,31.9,38.48,28.04,64.3,2.3,0.6,24.46,37.78
2024-04-09,Kovilpatti,9.1728,77.871,Dryland,31.98,37.98,27.03,60.35,2.91,0.12,24.09,37.79
2024-04-10,Kovilpatti,9.1728,77.871,Dryland,31.85,38.12,26.86,60.08,3.46,0.13,25.01,37.79
2024-04-11,Kovilpatti,9.1728,77.871,Dryland,32.37,38.13,28.28,59.65,3.63,0.48,22.16,37.8
2024-04-12,Kovilpatti,9.1728,77.871,Dryland,30.64,34.8,27.81,69.3,3.1,5.87,15.04,37.8
2024-04-13,Kovilpatti,9.1728,77.871,Dryland,30.68,35.57,27.3,69.09,2.68,2.39,19.7,37.81
2024-04-14,Kovilpatti,9.1728,77.871,Dryland,30.55,35.29,27.11,69.27,3.21,5.73,23.83,37.82
2024-04-15,Kovilpatti,9.1728,77.871,Dryland,30.6,36.04,26.64,71.49,3.14,9.49,19.32,37.83
2024-04-16,Kovilpatti,9.1728,77.871,Dryland,30.91,36.21,27.32,67.54,2.73,0.55,20.45,37.83
2024-04-17,Kovilpatti,9.1728,77.871,Dryland,31.26,37.02,26.75,68.1,2.29,0.09,23.99,37.82
2024-04-18,Kovilpatti,9.1728,77.871,Dryland,32.29,38.73,27.58,64.17,2.62,0.02,21.95,37.81
2024-04-19,Kovilpatti,9.1728,77.871,Dryland,32.45,38.04,28.49,64.26,2.31,0.07,20.02,37.8
2024-04-20,Kovilpatti,9.1728,77.871,Dryland,33.04,39.24,28.08,61.29,2.41,0.06,22.15,37.79
2024-04-21,Kovilpatti,9.1728,77.871,Dryland,32.84,38.71,28.26,62.0,2.29,0.08,22.77,37.79
2024-04-22,Kovilpatti,9.1728,77.871,Dryland,31.97,35.21,29.02,63.71,1.22,0.11,22.02,37.79
2024-04-23,Kovilpatti,9.1728,77.871,Dryland,31.97,37.0,28.21,62.98,2.25,0.28,22.86,37.78
2024-04-24,Kovilpatti,9.1728,77.871,Dryland,31.79,37.16,28.13,64.09,1.79,0.65,23.41,37.78
2024-04-25,Kovilpatti,9.1728,77.871,Dryland,31.11,35.41,27.83,64.46,1.96,0.02,24.12,37.76
2024-04-26,Kovilpatti,9.1728,77.871,Dryland,32.08,38.49,27.04,58.28,2.06,0.01,24.51,37.74
2024-04-27,Kovilpatti,9.1728,77.871,Dryland,32.37,38.78,27.41,57.06,2.21,0.01,23.87,37.72
2024-04-28,Kovilpatti,9.1728,77.871,Dryland,32.41,37.93,28.06,59.66,2.26,0.36,22.84,37.69
2024-04-29,Kovilpatti,9.1728,77.871,Dryland,31.82,37.16,28.18,65.71,2.17,0.64,23.84,37.68
2024-04-30,Kovilpatti,9.1728,77.871,Dryland,32.87,39.17,28.22,60.32,2.41,0.2,21.25,37.67
2024-05-01,Kovilpatti,9.1728,77.871,Dryland,33.6,39.62,28.55,59.21,2.59,0.22,22.19,37.65
2024-05-02,Kovilpatti,9.1728,77.871,Dryland,33.81,39.07,30.11,60.69,3.22,0.0,22.86,37.63
2024-05-03,Kovilpatti,9.1728,77.871,Dryland,33.95,40.45,29.28,59.75,3.48,0.0,20.08,37.59
2024-05-04,Kovilpatti,9.1728,77.871,Dryland,33.78,38.55,29.79,58.11,2.86,0.02,21.29,37.56
2024-05-05,Kovilpatti,9.1728,77.871,Dryland,34.51,41.39,28.9,51.56,3.32,0.11,20.09,37.53
2024-05-06,Kovilpatti,9.1728,77.871,Dryland,33.69,38.86,29.44,56.45,3.56,0.05,21.87,37.51
2024-05-07,Kovilpatti,9.1728,77.871,Dryland,33.57,38.87,29.39,56.26,2.85,0.03,23.73,37.48
2024-05-08,Kovilpatti,9.1728,77.871,Dryland,33.19,37.89,29.75,58.38,2.79,0.53,21.34,37.44
2024-05-09,Kovilpatti,9.1728,77.871,Dryland,32.07,35.57,28.81,63.14,2.19,1.09,17.42,37.42
2024-05-10,Kovilpatti,9.1728,77.871,Dryland,31.3,35.08,28.63,66.1,2.17,3.2,17.71,37.41
2024-05-11,Kovilpatti,9.1728,77.871,Dryland,31.81,37.49,27.93,61.98,2.49,2.17,19.75,37.41
2024-05-12,Kovilpatti,9.1728,77.871,Dryland,31.56,37.65,27.58,64.7,2.17,5.91,18.49,37.4
2024-05-13,Kovilpatti,9.1728,77.871,Dryland,28.88,30.34,27.62,84.31,1.21,37.6,15.99,37.39
2024-05-14,Kovilpatti,9.1728,77.871,Dryland,29.22,32.42,27.02,77.45,0.9,16.24,17.62,37.37
2024-05-15,Kovilpatti,9.1728,77.871,Dryland,29.44,33.0,26.51,77.19,1.38,7.98,14.88,37.34
2024-05-16,Kovilpatti,9.1728,77.871,Dryland,29.61,32.98,26.83,75.87,1.19,15.76,13.76,37.32
2024-05-17,Kovilpatti,9.1728,77.871,Dryland,28.18,30.18,26.71,84.04,1.24,3.51,10.16,37.29
2024-05-18,Kovilpatti,9.1728,77.871,Dryland,28.86,33.07,26.0,79.2,1.99,4.18,14.98,37.26
2024-05-19,Kovilpatti,9.1728,77.871,Dryland,28.44,31.43,26.53,81.95,3.18,7.2,14.58,37.24
2024-05-20,Kovilpatti,9.1728,77.871,Dryland,28.25,32.06,25.78,80.32,4.43,9.22,9.11,37.21
2024-05-21,Kovilpatti,9.1728,77.871,Dryland,29.22,33.7,25.91,78.74,3.8,5.89,16.03,37.18
2024-05-22,Kovilpatti,9.1728,77.871,Dryland,28.77,31.25,27.36,86.95,3.5,3.65,13.45,37.14
2024-05-23,Kovilpatti,9.1728,77.871,Dryland,28.57,31.25,26.97,85.69,3.82,4.83,12.03,37.12
2024-05-24,Kovilpatti,9.1728,77.871,Dryland,29.09,33.12,26.63,81.41,4.44,4.42,12.36,37.1
2024-05-25,Kovilpatti,9.1728,77.871,Dryland,29.08,32.14,26.91,80.34,4.71,3.07,12.07,37.07
2024-05-26,Kovilpatti,9.1728,77.871,Dryland,29.17,33.36,26.36,77.4,4.75,0.96,15.53,37.05
2024-05-27,Kovilpatti,9.1728,77.871,Dryland,29.32,33.8,26.94,78.63,5.43,0.9,16.53,37.02
2024-05-28,Kovilpatti,9.1728,77.871,Dryland,28.65,32.29,26.46,79.42,5.37,3.52,13.01,37.0
2024-05-29,Kovilpatti,9.1728,77.871,Dryland,28.84,33.59,25.81,78.16,5.3,2.23,17.92,36.97
2024-05-30,Kovilpatti,9.1728,77.871,Dryland,29.44,34.29,26.06,77.86,4.43,1.47,18.36,36.96
2024-05-31,Kovilpatti,9.1728,77.871,Dryland,29.23,33.0,26.39,79.66,3.43,2.33,17.76,36.93
2024-06-01,Kovilpatti,9.1728,77.871,Dryland,29.78,33.54,27.05,80.32,4.02,1.05,15.82,36.91
2024-06-02,Kovilpatti,9.1728,77.871,Dryland,29.19,32.93,26.58,76.9,2.37,1.63,17.87,36.89
2024-06-03,Kovilpatti,9.1728,77.871,Dryland,29.38,33.51,26.02,77.3,2.65,1.47,15.87,36.87
2024-06-04,Kovilpatti,9.1728,77.871,Dryland,29.35,32.71,26.73,78.45,3.29,0.46,19.55,36.85
2024-06-05,Kovilpatti,9.1728,77.871,Dryland,29.4,34.11,26.44,78.84,4.11,3.25,17.76,36.83
2024-06-06,Kovilpatti,9.1728,77.871,Dryland,28.6,31.2,26.86,84.73,3.07,14.01,19.29,36.82
2024-06-07,Kovilpatti,9.1728,77.871,Dryland,28.36,31.48,25.91,81.61,3.33,2.84,16.17,36.81
2024-06-08,Kovilpatti,9.1728,77.871,Dryland,28.09,30.78,26.31,84.82,4.17,3.18,14.05,36.79
2024-06-09,Kovilpatti,9.1728,77.871,Dryland,28.54,31.59,26.56,82.08,4.25,0.85,17.05,36.78
2024-06-10,Kovilpatti,9.1728,77.871,Dryland,29.0,33.14,26.16,79.09,3.86,0.18,20.84,36.77
2024-06-11,Kovilpatti,9.1728,77.871,Dryland,29.22,33.64,26.27,75.69,4.17,0.36,18.11,36.75
2024-06-12,Kovilpatti,9.1728,77.871,Dryland,28.53,32.38,25.92,77.97,3.7,0.58,14.19,36.74
2024-06-13,Kovilpatti,9.1728,77.871,Dryland,28.83,33.47,25.44,75.32,2.95,0.13,20.68,36.72
2024-06-14,Kovilpatti,9.1728,77.871,Dryland,28.95,33.15,25.27,77.04,3.33,0.0,20.01,36.7
2024-06-15,Kovilpatti,9.1728,77.871,Dryland,29.41,35.09,25.63,74.36,4.47,0.11,22.83,36.69
2024-06-16,Kovilpatti,9.1728,77.871,Dryland,29.74,35.13,25.48,73.77,3.86,0.18,21.53,36.66
2024-06-17,Kovilpatti,9.1728,77.871,Dryland,29.46,34.49,25.3,74.42,3.42,1.94,21.66,36.65
2024-06-18,Kovilpatti,9.1728,77.871,Dryland,29.14,33.66,26.15,77.11,3.97,4.44,17.66,36.64
2024-06-19,Kovilpatti,9.1728,77.871,Dryland,28.54,32.63,25.98,78.69,4.1,2.91,14.45,36.62
2024-06-20,Kovilpatti,9.1728,77.871,Dryland,28.4,33.03,25.68,76.39,4.18,1.16,15.12,36.62
2024-06-21,Kovilpatti,9.1728,77.871,Dryland,28.31,32.7,25.14,75.14,4.57,1.27,12.64,36.63
2024-06-22,Kovilpatti,9.1728,77.871,Dryland,28.16,33.3,24.86,75.91,4.85,2.93,17.36,36.64
2024-06-23,Kovilpatti,9.1728,77.871,Dryland,28.41,32.99,25.42,72.73,5.9,1.4,13.04,36.64
2024-06-24,Kovilpatti,9.1728,77.871,Dryland,28.28,32.45,25.3,73.52,5.72,3.43,11.66,36.64
2024-06-25,Kovilpatti,9.1728,77.871,Dryland,28.01,32.07,25.61,71.46,5.91,1.35,10.84,36.64
2024-06-26,Kovilpatti,9.1728,77.871,Dryland,27.92,32.9,24.6,70.89,6.21,2.42,9.37,36.64
2024-06-27,Kovilpatti,9.1728,77.871,Dryland,29.03,34.17,25.32,71.87,4.35,0.75,10.7,36.64
2024-06-28,Kovilpatti,9.1728,77.871,Dryland,29.28,35.17,24.78,70.86,3.8,0.14,18.24,36.64
2024-06-29,Kovilpatti,9.1728,77.871,Dryland,29.55,34.92,25.08,72.92,3.85,0.22,18.22,36.65
2024-06-30,Kovilpatti,9.1728,77.871,Dryland,28.88,33.05,25.86,76.56,3.11,1.16,18.01,36.66
2024-07-01,Kovilpatti,9.1728,77.871,Dryland,28.52,32.77,25.48,72.32,3.37,0.44,13.22,36.66
2024-07-02,Kovilpatti,9.1728,77.871,Dryland,28.37,33.08,24.77,72.39,2.86,0.31,17.22,36.67
2024-07-03,Kovilpatti,9.1728,77.871,Dryland,29.21,35.13,25.28,71.58,3.87,0.09,19.19,36.67
2024-07-04,Kovilpatti,9.1728,77.871,Dryland,29.72,35.26,25.25,67.34,4.08,0.08,20.49,36.68
2024-07-05,Kovilpatti,9.1728,77.871,Dryland,29.31,34.9,26.01,71.65,4.85,2.15,17.31,36.69
2024-07-06,Kovilpatti,9.1728,77.871,Dryland,27.96,31.73,25.58,74.83,4.1,1.9,14.24,36.7
2024-07-07,Kovilpatti,9.1728,77.871,Dryland,29.27,34.55,25.41,70.44,4.54,0.28,17.32,36.7
2024-07-08,Kovilpatti,9.1728,77.871,Dryland,28.09,32.15,25.5,74.88,4.85,0.69,14.07,36.71
2024-07-09,Kovilpatti,9.1728,77.871,Dryland,28.18,32.89,25.03,71.88,4.44,0.22,15.37,36.72
2024-07-10,Kovilpatti,9.1728,77.871,Dryland,28.86,33.74,25.29,73.18,4.38,0.92,20.27,36.73
2024-07-11,Kovilpatti,9.1728,77.871,Dryland,29.04,34.56,25.03,70.95,3.53,0.34,19.26,36.74
2024-07-12,Kovilpatti,9.1728,77.871,Dryland,28.77,33.87,25.08,75.36,4.4,4.25,16.6,36.75
2024-07-13,Kovilpatti,9.1728,77.871,Dryland,28.37,32.58,25.4,73.21,4.88,1.28,10.71,36.76
2024-07-14,Kovilpatti,9.1728,77.871,Dryland,28.83,36.06,24.36,69.89,4.84,1.03,12.87,36.78
2024-07-15,Kovilpatti,9.1728,77.871,Dryland,28.01,31.72,25.87,73.38,6.06,4.11,9.8,36.8
2024-07-16,Kovilpatti,9.1728,77.871,Dryland,28.48,33.22,25.75,73.07,5.68,1.6,9.53,36.82
2024-07-17,Kovilpatti,9.1728,77.871,Dryland,28.36,32.32,25.56,74.47,5.05,1.51,10.01,36.84
2024-07-18,Kovilpatti,9.1728,77.871,Dryland,28.65,33.52,25.52,69.18,5.98,0.35,10.77,36.86
2024-07-19,Kovilpatti,9.1728,77.871,Dryland,28.97,34.27,24.97,70.54,5.67,0.14,13.17,36.87
2024-07-20,Kovilpatti,9.1728,77.871,Dryland,29.26,34.82,25.3,70.35,4.95,0.07,15.67,36.88
2024-07-21,Kovilpatti,9.1728,77.871,Dryland,29.28,34.52,25.52,71.2,5.02,0.29,18.12,36.89
2024-07-22,Kovilpatti,9.1728,77.871,Dryland,29.08,34.61,25.05,71.09,4.12,0.53,15.1,36.91
2024-07-23,Kovilpatti,9.1728,77.871,Dryland,29.32,35.42,24.81,70.3,4.07,0.13,17.0,36.93
2024-07-24,Kovilpatti,9.1728,77.871,Dryland,29.58,35.98,24.94,68.93,4.54,0.5,18.36,36.95
2024-07-25,Kovilpatti,9.1728,77.871,Dryland,29.43,35.23,25.19,68.95,4.65,0.32,11.33,36.97
2024-07-26,Kovilpatti,9.1728,77.871,Dryland,28.97,33.35,25.85,69.93,5.69,0.5,17.46,36.97
2024-07-27,Kovilpatti,9.1728,77.871,Dryland,29.32,33.89,26.22,65.19,5.89,0.74,14.82,36.98
2024-07-28,Kovilpatti,9.1728,77.871,Dryland,29.02,33.67,25.56,69.0,5.73,1.83,15.02,36.97
2024-07-29,Kovilpatti,9.1728,77.871,Dryland,28.99,33.3,26.25,71.69,5.82,2.94,11.54,36.98
2024-07-30,Kovilpatti,9.1728,77.871,Dryland,28.32,32.02,25.75,72.99,4.78,0.91,12.92,37.01
2024-07-31,Kovilpatti,9.1728,77.871,Dryland,28.57,33.04,25.29,74.88,4.22,0.21,12.4,37.03
2024-08-01,Kovilpatti,9.1728,77.871,Dryland,29.08,33.41,26.18,73.63,4.7,0.41,17.81,37.06
2024-08-02,Kovilpatti,9.1728,77.871,Dryland,29.53,35.04,25.97,66.12,4.69,0.05,18.29,37.08
2024-08-03,Kovilpatti,9.1728,77.871,Dryland,29.55,35.8,25.05,66.29,3.82,0.32,18.98,37.1
2024-08-04,Kovilpatti,9.1728,77.871,Dryland,30.1,36.13,25.26,64.26,2.93,1.3,20.17,37.11
2024-08-05,Kovilpatti,9.1728,77.871,Dryland,28.67,32.75,25.96,70.69,2.58,1.26,17.28,37.12
2024-08-06,Kovilpatti,9.1728,77.871,Dryland,29.24,33.88,25.53,70.18,2.86,2.82,16.94,37.13
2024-08-07,Kovilpatti,9.1728,77.871,Dryland,27.99,32.06,25.03,75.39,3.24,2.92,16.52,37.13
2024-08-08,Kovilpatti,9.1728,77.871,Dryland,28.14,32.48,25.28,74.51,3.97,3.32,16.21,37.15
2024-08-09,Kovilpatti,9.1728,77.871,Dryland,29.5,35.37,24.78,69.59,2.82,2.2,20.06,37.17
2024-08-10,Kovilpatti,9.1728,77.871,Dryland,29.0,34.14,25.69,72.55,4.08,2.73,15.51,37.19
2024-08-11,Kovilpatti,9.1728,77.871,Dryland,29.51,33.65,26.23,73.62,2.22,2.9,17.13,37.21
2024-08-12,Kovilpatti,9.1728,77.871,Dryland,30.14,34.63,26.58,73.74,1.95,3.61,21.99,37.22
2024-08-13,Kovilpatti,9.1728,77.871,Dryland,29.33,32.26,26.68,76.9,0.91,13.78,17.5,37.23
2024-08-14,Kovilpatti,9.1728,77.871,Dryland,28.22,31.28,25.94,80.03,2.04,24.91,13.54,37.25
2024-08-15,Kovilpatti,9.1728,77.871,Dryland,29.6,34.77,25.44,74.49,2.74,1.98,19.48,37.27
2024-08-16,Kovilpatti,9.1728,77.871,Dryland,29.14,33.4,26.42,78.06,3.8,2.28,16.06,37.28
2024-08-17,Kovilpatti,9.1728,77.871,Dryland,28.37,32.46,26.04,78.34,4.55,2.36,12.97,37.29
2024-08-18,Kovilpatti,9.1728,77.871,Dryland,28.29,31.35,26.25,81.62,3.39,2.59,18.16,37.29
2024-08-19,Kovilpatti,9.1728,77.871,Dryland,28.99,33.54,25.94,76.55,3.31,0.82,11.46,37.29
2024-08-20,Kovilpatti,9.1728,77.871,Dryland,28.34,31.26,26.19,81.42,3.63,2.06,16.72,37.28
2024-08-21,Kovilpatti,9.1728,77.871,Dryland,27.66,31.33,25.64,77.65,5.43,3.39,17.87,37.27
2024-08-22,Kovilpatti,9.1728,77.871,Dryland,28.65,33.17,25.0,72.88,3.73,0.04,16.15,37.27
2024-08-23,Kovilpatti,9.1728,77.871,Dryland,28.91,34.46,24.62,72.65,3.37,0.05,22.15,37.27
2024-08-24,Kovilpatti,9.1728,77.871,Dryland,28.86,34.17,24.93,74.23,3.85,0.27,18.75,37.27
2024-08-25,Kovilpatti,9.1728,77.871,Dryland,28.66,33.7,25.29,74.45,4.09,0.18,21.28,37.28
2024-08-26,Kovilpatti,9.1728,77.871,Dryland,29.04,34.83,25.0,72.2,4.47,0.14,19.47,37.28
2024-08-27,Kovilpatti,9.1728,77.871,Dryland,28.76,33.74,25.21,75.04,3.99,0.2,18.63,37.29
2024-08-28,Kovilpatti,9.1728,77.871,Dryland,28.63,32.84,25.6,75.28,3.96,0.06,16.17,37.3
2024-08-29,Kovilpatti,9.1728,77.871,Dryland,28.75,33.69,25.48,74.43,4.56,0.91,16.11,37.3
2024-08-30,Kovilpatti,9.1728,77.871,Dryland,27.72,31.64,25.64,79.56,4.48,2.36,10.32,37.29
2024-08-31,Kovilpatti,9.1728,77.871,Dryland,28.22,33.45,25.32,76.47,5.05,1.23,16.9,37.28
2024-09-01,Kovilpatti,9.1728,77.871,Dryland,28.12,32.89,25.13,74.75,4.53,2.65,15.1,37.27
2024-09-02,Kovilpatti,9.1728,77.871,Dryland,28.57,33.7,25.18,74.23,4.32,0.48,17.62,37.26
2024-09-03,Kovilpatti,9.1728,77.871,Dryland,28.18,31.62,25.89,79.13,4.54,0.75,14.87,37.24
2024-09-04,Kovilpatti,9.1728,77.871,Dryland,28.64,33.69,25.71,76.24,4.25,0.85,19.83,37.23
2024-09-05,Kovilpatti,9.1728,77.871,Dryland,29.68,35.91,25.34,71.4,4.24,0.15,21.5,37.22
2024-09-06,Kovilpatti,9.1728,77.871,Dryland,28.78,32.81,26.04,75.92,4.38,0.23,18.5,37.2
2024-09-07,Kovilpatti,9.1728,77.871,Dryland,28.81,33.48,25.61,75.38,4.46,0.2,19.17,37.19
2024-09-08,Kovilpatti,9.1728,77.871,Dryland,28.28,31.93,25.98,77.2,4.53,0.44,15.61,37.17
2024-09-09,Kovilpatti,9.1728,77.871,Dryland,28.71,33.92,25.45,75.25,4.68,0.37,14.36,37.14
2024-09-10,Kovilpatti,9.1728,77.871,Dryland,29.22,34.46,25.77,75.06,4.79,0.3,18.2,37.11
2024-09-11,Kovilpatti,9.1728,77.871,Dryland,29.29,34.9,25.84,72.54,4.74,0.71,16.8,37.08
2024-09-12,Kovilpatti,9.1728,77.871,Dryland,29.29,35.64,25.62,65.6,5.03,0.63,20.97,37.06
2024-09-13,Kovilpatti,9.1728,77.871,Dryland,29.57,36.07,24.88,72.19,3.85,1.32,22.11,37.04
2024-09-14,Kovilpatti,9.1728,77.871,Dryland,29.9,36.03,25.88,70.59,4.29,0.86,18.86,37.0
2024-09-15,Kovilpatti,9.1728,77.871,Dryland,30.13,36.99,25.37,68.29,4.82,0.12,21.29,36.97
2024-09-16,Kovilpatti,9.1728,77.871,Dryland,30.52,37.48,25.67,66.26,4.44,0.01,24.51,36.93
2024-09-17,Kovilpatti,9.1728,77.871,Dryland,30.42,37.48,25.43,66.5,4.4,0.01,23.4,36.9
2024-09-18,Kovilpatti,9.1728,77.871,Dryland,30.31,36.28,25.77,66.1,4.24,0.02,25.18,36.86
2024-09-19,Kovilpatti,9.1728,77.871,Dryland,30.42,36.78,25.17,65.05,4.39,0.19,23.33,36.82
2024-09-20,Kovilpatti,9.1728,77.871,Dryland,29.78,35.86,25.58,66.35,4.53,0.12,22.2,36.77
2024-09-21,Kovilpatti,9.1728,77.871,Dryland,30.48,37.2,25.52,62.86,4.54,0.03,24.18,36.73
2024-09-22,Kovilpatti,9.1728,77.871,Dryland,29.84,36.11,25.05,66.53,4.89,0.29,21.35,36.69
2024-09-23,Kovilpatti,9.1728,77.871,Dryland,30.3,36.35,25.91,66.92,5.12,0.29,16.95,36.65
2024-09-24,Kovilpatti,9.1728,77.871,Dryland,30.18,36.16,25.96,65.85,5.28,0.04,18.3,36.61
2024-09-25,Kovilpatti,9.1728,77.871,Dryland,30.71,37.52,25.92,63.88,4.82,0.06,19.56,36.57
2024-09-26,Kovilpatti,9.1728,77.871,Dryland,31.0,37.53,25.94,62.02,3.76,0.06,18.73,36.52
2024-09-27,Kovilpatti,9.1728,77.871,Dryland,31.1,37.58,26.1,58.24,2.64,0.11,19.55,36.47
2024-09-28,Kovilpatti,9.1728,77.871,Dryland,30.9,36.13,26.76,62.56,2.71,3.97,17.97,36.41
2024-09-29,Kovilpatti,9.1728,77.871,Dryland,29.38,32.86,27.08,74.87,1.76,7.34,20.71,36.35
2024-09-30,Kovilpatti,9.1728,77.871,Dryland,28.83,32.39,26.8,76.13,1.36,16.34,18.26,36.29
2024-10-01,Kovilpatti,9.1728,77.871,Dryland,28.84,32.56,26.52,77.57,1.79,3.66,17.58,36.22
2024-10-02,Kovilpatti,9.1728,77.871,Dryland,28.33,31.53,26.01,80.43,2.88,5.99,18.83,36.15
2024-10-03,Kovilpatti,9.1728,77.871,Dryland,28.83,32.36,26.05,77.6,3.25,1.57,20.21,36.08
2024-10-04,Kovilpatti,9.1728,77.871,Dryland,29.03,33.49,26.0,76.95,2.78,5.66,17.91,36.0
2024-10-05,Kovilpatti,9.1728,77.871,Dryland,28.62,33.1,25.52,76.63,2.07,3.95,15.64,35.94
2024-10-06,Kovilpatti,9.1728,77.871,Dryland,27.79,30.81,25.49,79.42,2.21,5.25,11.57,35.88
2024-10-07,Kovilpatti,9.1728,77.871,Dryland,27.28,31.39,24.77,81.54,3.16,1.77,15.77,35.82
2024-10-08,Kovilpatti,9.1728,77.871,Dryland,27.79,31.21,25.11,79.51,1.8,1.2,18.06,35.75
2024-10-09,Kovilpatti,9.1728,77.871,Dryland,28.66,33.28,25.57,77.46,2.58,5.29,15.23,35.68
2024-10-10,Kovilpatti,9.1728,77.871,Dryland,27.97,32.57,25.37,77.93,2.69,0.86,18.37,35.61
2024-10-11,Kovilpatti,9.1728,77.871,Dryland,28.0,32.34,25.13,74.74,2.64,6.44,15.67,35.54
2024-10-12,Kovilpatti,9.1728,77.871,Dryland,27.16,30.08,25.1,81.55,2.3,11.43,18.28,35.46
2024-10-13,Kovilpatti,9.1728,77.871,Dryland,27.17,30.57,24.88,81.29,2.65,10.01,13.39,35.4
2024-10-14,Kovilpatti,9.1728,77.871,Dryland,26.57,29.5,24.46,83.14,1.82,17.28,9.04,35.33
2024-10-15,Kovilpatti,9.1728,77.871,Dryland,27.25,31.31,24.26,78.99,2.6,5.46,13.83,35.26
2024-10-16,Kovilpatti,9.1728,77.871,Dryland,27.66,32.84,23.69,77.4,3.27,0.73,13.78,35.18
2024-10-17,Kovilpatti,9.1728,77.871,Dryland,28.57,34.09,24.66,76.84,3.36,0.53,19.11,35.1
2024-10-18,Kovilpatti,9.1728,77.871,Dryland,28.89,33.9,25.08,76.35,2.8,0.52,19.01,35.03
2024-10-19,Kovilpatti,9.1728,77.871,Dryland,27.79,30.45,25.68,81.36,2.04,2.23,15.93,34.95
2024-10-20,Kovilpatti,9.1728,77.871,Dryland,28.61,32.51,25.35,79.34,1.38,3.33,16.62,34.88
2024-10-21,Kovilpatti,9.1728,77.871,Dryland,28.38,31.22,26.12,80.51,1.08,1.16,14.61,34.8
2024-10-22,Kovilpatti,9.1728,77.871,Dryland,28.85,32.98,25.92,75.67,1.01,5.31,14.7,34.72
2024-10-23,Kovilpatti,9.1728,77.871,Dryland,28.36,32.44,25.61,80.02,1.62,4.18,17.12,34.63
2024-10-24,Kovilpatti,9.1728,77.871,Dryland,27.89,31.59,24.84,80.12,2.57,4.59,16.58,34.55
2024-10-25,Kovilpatti,9.1728,77.871,Dryland,27.5,30.97,25.26,84.9,2.31,13.02,11.77,34.46
2024-10-26,Kovilpatti,9.1728,77.871,Dryland,28.04,32.37,24.65,81.63,3.04,8.28,17.7,34.36
2024-10-27,Kovilpatti,9.1728,77.871,Dryland,27.33,30.29,25.3,84.45,2.77,2.82,17.82,34.27
2024-10-28,Kovilpatti,9.1728,77.871,Dryland,28.15,32.73,24.66,79.09,2.45,0.43,19.28,34.18
2024-10-29,Kovilpatti,9.1728,77.871,Dryland,28.49,32.45,25.12,78.18,1.55,1.02,17.95,34.09
2024-10-30,Kovilpatti,9.1728,77.871,Dryland,28.71,32.78,25.17,77.48,1.34,0.15,20.23,34.01
2024-10-31,Kovilpatti,9.1728,77.871,Dryland,28.75,32.42,26.29,79.84,1.33,1.33,18.33,33.92
2024-11-01,Kovilpatti,9.1728,77.871,Dryland,28.82,33.16,26.0,76.7,1.43,1.48,16.6,33.84
2024-11-02,Kovilpatti,9.1728,77.871,Dryland,26.96,28.67,25.28,86.45,1.36,14.81,15.14,33.75
2024-11-03,Kovilpatti,9.1728,77.871,Dryland,27.04,29.67,25.08,81.53,1.07,6.43,16.57,33.67
2024-11-04,Kovilpatti,9.1728,77.871,Dryland,27.29,30.31,25.07,81.91,1.67,6.67,16.01,33.58
2024-11-05,Kovilpatti,9.1728,77.871,Dryland,27.67,31.47,24.88,77.05,1.8,1.08,20.94,33.49
2024-11-06,Kovilpatti,9.1728,77.871,Dryland,28.27,32.33,24.21,73.71,1.45,0.11,18.06,33.41
2024-11-07,Kovilpatti,9.1728,77.871,Dryland,27.6,31.18,24.16,80.12,1.94,1.06,16.44,33.32
2024-11-08,Kovilpatti,9.1728,77.871,Dryland,26.96,29.1,25.02,88.68,2.37,16.89,13.22,33.24
2024-11-09,Kovilpatti,9.1728,77.871,Dryland,27.5,31.58,25.0,82.19,2.88,4.08,18.19,33.16
2024-11-10,Kovilpatti,9.1728,77.871,Dryland,27.28,31.8,23.31,78.57,3.08,0.02,21.63,33.08
2024-11-11,Kovilpatti,9.1728,77.871,Dryland,27.29,32.24,22.7,76.14,2.49,0.02,20.15,33.0
2024-11-12,Kovilpatti,9.1728,77.871,Dryland,27.98,32.54,23.6,74.86,1.57,0.07,18.5,32.92
2024-11-13,Kovilpatti,9.1728,77.871,Dryland,27.4,30.17,25.02,84.11,2.08,0.54,14.4,32.84
2024-11-14,Kovilpatti,9.1728,77.871,Dryland,27.65,30.61,25.81,86.3,2.36,11.88,14.24,32.76
2024-11-15,Kovilpatti,9.1728,77.871,Dryland,26.55,28.71,25.22,89.62,2.65,18.07,12.11,32.68
2024-11-16,Kovilpatti,9.1728,77.871,Dryland,27.06,30.54,24.05,86.5,2.75,6.94,14.25,32.61
2024-11-17,Kovilpatti,9.1728,77.871,Dryland,27.45,30.81,24.95,86.08,3.04,5.07,17.22,32.53
2024-11-18,Kovilpatti,9.1728,77.871,Dryland,27.07,30.65,24.44,85.85,3.49,4.22,13.49,32.46
2024-11-19,Kovilpatti,9.1728,77.871,Dryland,26.78,30.09,24.89,87.23,3.67,33.5,11.0,32.39
2024-11-20,Kovilpatti,9.1728,77.871,Dryland,25.5,27.61,23.71,90.32,4.12,15.82,5.69,32.32
2024-11-21,Kovilpatti,9.1728,77.871,Dryland,26.09,29.68,23.43,86.74,3.41,7.98,8.89,32.25
2024-11-22,Kovilpatti,9.1728,77.871,Dryland,24.65,26.5,23.32,89.38,2.14,0.76,17.43,32.18
2024-11-23,Kovilpatti,9.1728,77.871,Dryland,26.3,29.83,23.53,85.88,3.5,0.14,15.14,32.11
2024-11-24,Kovilpatti,9.1728,77.871,Dryland,26.36,29.83,23.49,86.37,3.04,0.04,16.06,32.03
2024-11-25,Kovilpatti,9.1728,77.871,Dryland,25.29,27.67,23.64,86.24,3.0,0.15,13.95,31.96
2024-11-26,Kovilpatti,9.1728,77.871,Dryland,24.85,27.74,22.84,88.95,3.2,7.48,5.99,31.9
2024-11-27,Kovilpatti,9.1728,77.871,Dryland,24.92,27.13,22.99,90.45,3.24,5.4,5.59,31.84
2024-11-28,Kovilpatti,9.1728,77.871,Dryland,26.41,30.01,23.71,80.9,2.12,0.4,10.3,31.78
2024-11-29,Kovilpatti,9.1728,77.871,Dryland,26.01,28.29,24.3,86.89,2.52,0.87,11.26,31.73
2024-11-30,Kovilpatti,9.1728,77.871,Dryland,26.32,28.97,24.23,88.64,3.1,1.02,11.74,31.67
2024-12-01,Kovilpatti,9.1728,77.871,Dryland,27.44,31.36,25.29,84.89,4.47,1.42,7.66,31.62
2024-12-02,Kovilpatti,9.1728,77.871,Dryland,27.01,30.54,24.71,85.05,3.66,6.19,11.64,31.58
2024-12-03,Kovilpatti,9.1728,77.871,Dryland,27.3,31.18,23.94,81.31,1.96,0.12,17.55,31.54
2024-12-04,Kovilpatti,9.1728,77.871,Dryland,27.11,30.6,24.72,81.26,1.74,0.5,11.91,31.49
2024-12-05,Kovilpatti,9.1728,77.871,Dryland,26.76,29.81,24.07,84.21,1.73,0.69,12.71,31.46
2024-12-06,Kovilpatti,9.1728,77.871,Dryland,26.81,30.7,23.56,84.94,2.44,0.04,19.41,31.42
2024-12-07,Kovilpatti,9.1728,77.871,Dryland,26.91,30.89,23.94,83.69,2.38,0.08,18.08,31.38
2024-12-08,Kovilpatti,9.1728,77.871,Dryland,26.67,30.58,23.28,83.85,2.15,0.17,19.06,31.34
2024-12-09,Kovilpatti,9.1728,77.871,Dryland,26.97,31.1,23.55,81.98,2.4,0.11,17.86,31.31
2024-12-10,Kovilpatti,9.1728,77.871,Dryland,26.45,30.12,23.44,82.04,2.57,0.07,16.9,31.28
2024-12-11,Kovilpatti,9.1728,77.871,Dryland,25.96,28.87,23.89,85.94,3.05,1.91,13.91,31.25
2024-12-12,Kovilpatti,9.1728,77.871,Dryland,25.13,27.1,23.64,90.76,4.4,42.82,6.35,31.23
2024-12-13,Kovilpatti,9.1728,77.871,Dryland,26.32,28.05,24.85,93.6,4.48,71.82,3.81,31.21
2024-12-14,Kovilpatti,9.1728,77.871,Dryland,25.5,27.61,23.85,91.94,3.5,61.95,6.81,31.19
2024-12-15,Kovilpatti,9.1728,77.871,Dryland,24.64,28.11,22.16,85.64,3.67,0.99,19.51,31.17
2024-12-16,Kovilpatti,9.1728,77.871,Dryland,24.01,26.05,22.22,87.44,3.19,0.33,17.85,31.16
2024-12-17,Kovilpatti,9.1728,77.871,Dryland,25.97,29.77,22.28,81.28,1.89,0.06,16.81,31.15
2024-12-18,Kovilpatti,9.1728,77.871,Dryland,27.05,30.83,23.37,82.47,1.28,0.02,18.8,31.14
2024-12-19,Kovilpatti,9.1728,77.871,Dryland,27.23,31.05,23.86,84.74,1.26,0.03,16.88,31.14
2024-12-20,Kovilpatti,9.1728,77.871,Dryland,27.35,30.8,24.22,84.74,1.3,0.37,19.15,31.14
2024-12-21,Kovilpatti,9.1728,77.871,Dryland,27.32,30.62,24.08,83.66,1.36,0.68,18.18,31.14
2024-12-22,Kovilpatti,9.1728,77.871,Dryland,26.61,29.74,24.5,88.11,2.03,8.89,16.66,31.14
2024-12-23,Kovilpatti,9.1728,77.871,Dryland,26.54,30.0,23.32,82.33,1.24,2.26,19.0,31.14
2024-12-24,Kovilpatti,9.1728,77.871,Dryland,26.41,30.1,23.25,77.69,1.03,0.02,19.22,31.14
2024-12-25,Kovilpatti,9.1728,77.871,Dryland,25.95,30.15,21.56,81.09,1.31,0.0,20.06,31.16
2024-12-26,Kovilpatti,9.1728,77.871,Dryland,27.06,30.44,25.06,82.62,1.41,0.06,17.8,31.18
2024-12-27,Kovilpatti,9.1728,77.871,Dryland,26.58,30.01,23.87,86.53,2.79,1.48,16.9,31.2
2024-12-28,Kovilpatti,9.1728,77.871,Dryland,25.62,28.9,23.54,84.78,3.55,0.26,16.44,31.23
2024-12-29,Kovilpatti,9.1728,77.871,Dryland,25.76,29.55,22.42,85.34,3.25,0.14,20.2,31.26
2024-12-30,Kovilpatti,9.1728,77.871,Dryland,25.85,29.1,23.27,88.89,3.62,4.01,11.38,31.29
2024-12-31,Kovilpatti,9.1728,77.871,Dryland,25.71,28.74,23.66,90.24,4.85,11.78,13.22,31.33
