date,location,latitude,longitude,zone,T2M,T2M_MAX,T2M_MIN,RH2M,WS2M,PRECTOTCORR,ALLSKY_SFC_SW_DWN,TOA_SW_DWN
2005-01-01,Krishnagiri,12.5266,78.2138,Semi-arid,20.87,28.19,15.56,73.43,1.71,0.0,16.97,29.82
2005-01-02,Krishnagiri,12.5266,78.2138,Semi-arid,21.38,28.79,16.32,77.89,1.78,0.0,19.71,29.86
2005-01-03,Krishnagiri,12.5266,78.2138,Semi-arid,22.41,29.13,17.3,79.28,1.6,0.03,17.72,29.9
2005-01-04,Krishnagiri,12.5266,78.2138,Semi-arid,21.88,29.5,17.32,70.97,2.43,0.02,20.63,29.95
2005-01-05,Krishnagiri,12.5266,78.2138,Semi-arid,20.36,28.53,14.73,70.6,2.26,0.0,21.17,30.0
2005-01-06,Krishnagiri,12.5266,78.2138,Semi-arid,19.75,28.16,13.87,74.68,2.42,0.0,20.34,30.05
2005-01-07,Krishnagiri,12.5266,78.2138,Semi-arid,20.44,28.69,14.28,74.17,2.33,0.0,19.78,30.1
2005-01-08,Krishnagiri,12.5266,78.2138,Semi-arid,20.63,28.87,14.97,73.72,2.32,0.0,16.78,30.16
2005-01-09,Krishnagiri,12.5266,78.2138,Semi-arid,20.23,29.11,14.13,71.65,2.34,0.0,16.53,30.22
2005-01-10,Krishnagiri,12.5266,78.2138,Semi-arid,20.19,29.42,13.92,64.86,1.33,0.0,20.87,30.28
2005-01-11,Krishnagiri,12.5266,78.2138,Semi-arid,20.9,31.31,14.04,63.55,1.15,0.0,20.08,30.34
2005-01-12,Krishnagiri,12.5266,78.2138,Semi-arid,21.16,30.9,14.19,60.66,1.67,0.0,20.33,30.41
2005-01-13,Krishnagiri,12.5266,78.2138,Semi-arid,20.84,29.8,14.31,68.12,1.98,0.0,20.14,30.46
2005-01-14,Krishnagiri,12.5266,78.2138,Semi-arid,20.36,28.87,14.39,70.9,2.35,0.0,20.18,30.52
2005-01-15,Krishnagiri,12.5266,78.2138,Semi-arid,20.04,29.16,14.26,67.82,1.98,0.0,20.41,30.59
2005-01-16,Krishnagiri,12.5266,78.2138,Semi-arid,19.97,29.41,13.01,69.43,1.78,0.0,21.6,30.67
2005-01-17,Krishnagiri,12.5266,78.2138,Semi-arid,21.56,30.39,15.39,71.4,1.27,0.0,19.56,30.76
2005-01-18,Krishnagiri,12.5266,78.2138,Semi-arid,23.12,31.62,16.79,70.71,1.01,0.0,18.14,30.86
2005-01-19,Krishnagiri,12.5266,78.2138,Semi-arid,23.39,30.41,18.39,72.4,1.98,0.0,18.23,30.96
2005-01-20,Krishnagiri,12.5266,78.2138,Semi-arid,22.83,30.83,16.73,68.37,2.86,0.0,20.81,31.06
2005-01-21,Krishnagiri,12.5266,78.2138,Semi-arid,22.92,30.62,17.49,70.49,3.48,0.25,18.1,31.15
2005-01-22,Krishnagiri,12.5266,78.2138,Semi-arid,22.98,29.89,18.05,72.91,2.79,0.31,16.17,31.24
2005-01-23,Krishnagiri,12.5266,78.2138,Semi-arid,23.64,31.17,18.16,70.44,2.05,0.01,15.23,31.33
2005-01-24,Krishnagiri,12.5266,78.2138,Semi-arid,24.06,31.72,18.6,68.25,1.92,0.0,19.9,31.42
2005-01-25,Krishnagiri,12.5266,78.2138,Semi-arid,23.89,31.9,18.22,65.64,2.14,0.0,21.54,31.52
2005-01-26,Krishnagiri,12.5266,78.2138,Semi-arid,23.68,31.44,17.6,66.65,1.53,0.0,21.64,31.61
2005-01-27,Krishnagiri,12.5266,78.2138,Semi-arid,23.27,30.4,18.36,69.56,1.92,0.29,20.13,31.71
2005-01-28,Krishnagiri,12.5266,78.2138,Semi-arid,21.86,27.22,17.73,73.35,1.46,0.06,17.74,31.81
2005-01-29,Krishnagiri,12.5266,78.2138,Semi-arid,22.73,31.11,17.14,67.03,2.17,0.05,21.82,31.91
2005-01-30,Krishnagiri,12.5266,78.2138,Semi-arid,23.09,30.66,18.01,69.18,2.28,0.27,20.64,32.01
2005-01-31,Krishnagiri,12.5266,78.2138,Semi-arid,22.0,27.07,18.4,81.01,1.78,1.35,12.15,32.11
2005-02-01,Krishnagiri,12.5266,78.2138,Semi-arid,22.02,25.48,20.05,84.72,1.66,3.26,11.06,32.22
2005-02-02,Krishnagiri,12.5266,78.2138,Semi-arid,23.91,31.24,18.76,74.15,2.29,0.95,15.97,32.32
2005-02-03,Krishnagiri,12.5266,78.2138,Semi-arid,23.68,30.56,18.92,74.57,2.57,1.75,16.21,32.43
2005-02-04,Krishnagiri,12.5266,78.2138,Semi-arid,23.28,29.27,19.48,76.41,2.65,0.55,16.15,32.54
2005-02-05,Krishnagiri,12.5266,78.2138,Semi-arid,23.88,31.17,18.46,69.19,2.05,0.0,18.94,32.65
2005-02-06,Krishnagiri,12.5266,78.2138,Semi-arid,23.54,32.35,17.31,62.8,1.96,0.0,22.42,32.76
2005-02-07,Krishnagiri,12.5266,78.2138,Semi-arid,22.24,31.94,15.28,59.07,2.62,0.0,24.27,32.87
2005-02-08,Krishnagiri,12.5266,78.2138,Semi-arid,22.35,31.66,15.91,65.16,3.05,0.0,23.77,32.98
2005-02-09,Krishnagiri,12.5266,78.2138,Semi-arid,22.45,31.99,15.87,61.42,3.4,0.0,23.4,33.08
2005-02-10,Krishnagiri,12.5266,78.2138,Semi-arid,22.11,32.54,13.61,59.96,3.28,0.0,24.07,33.19
2005-02-11,Krishnagiri,12.5266,78.2138,Semi-arid,22.36,32.62,13.31,57.92,2.9,0.0,24.08,33.3
2005-02-12,Krishnagiri,12.5266,78.2138,Semi-arid,21.97,32.5,13.48,53.74,2.76,0.0,24.89,33.4
2005-02-13,Krishnagiri,12.5266,78.2138,Semi-arid,22.32,33.52,13.12,43.02,2.55,0.0,25.16,33.51
2005-02-14,Krishnagiri,12.5266,78.2138,Semi-arid,24.2,35.79,15.63,32.61,2.11,0.0,25.63,33.62
2005-02-15,Krishnagiri,12.5266,78.2138,Semi-arid,25.47,36.6,16.24,33.35,1.72,0.0,25.0,33.73
2005-02-16,Krishnagiri,12.5266,78.2138,Semi-arid,26.09,37.43,16.1,32.18,1.61,0.0,24.83,33.84
2005-02-17,Krishnagiri,12.5266,78.2138,Semi-arid,26.13,36.99,17.19,37.31,1.87,0.0,24.7,33.95
2005-02-18,Krishnagiri,12.5266,78.2138,Semi-arid,26.18,36.14,18.27,39.39,2.15,0.0,24.81,34.06
2005-02-19,Krishnagiri,12.5266,78.2138,Semi-arid,25.03,35.42,16.76,44.1,2.35,0.0,25.19,34.17
2005-02-20,Krishnagiri,12.5266,78.2138,Semi-arid,24.23,34.8,15.8,47.89,2.38,0.0,24.36,34.28
2005-02-21,Krishnagiri,12.5266,78.2138,Semi-arid,24.11,33.44,16.21,56.18,2.25,0.0,24.4,34.39
2005-02-22,Krishnagiri,12.5266,78.2138,Semi-arid,25.64,33.28,19.43,65.67,1.98,0.41,19.38,34.5
2005-02-23,Krishnagiri,12.5266,78.2138,Semi-arid,26.39,33.58,20.36,61.73,2.27,0.07,23.11,34.6
2005-02-24,Krishnagiri,12.5266,78.2138,Semi-arid,26.82,34.52,21.17,56.69,2.41,0.0,23.56,34.7
2005-02-25,Krishnagiri,12.5266,78.2138,Semi-arid,25.94,34.65,18.0,48.71,2.57,0.0,24.86,34.81
2005-02-26,Krishnagiri,12.5266,78.2138,Semi-arid,26.05,35.03,19.16,45.21,2.59,0.0,24.33,34.91
2005-02-27,Krishnagiri,12.5266,78.2138,Semi-arid,25.11,35.25,16.57,40.61,2.62,0.0,25.82,35.01
2005-02-28,Krishnagiri,12.5266,78.2138,Semi-arid,25.0,33.97,16.79,38.89,2.59,0.0,25.98,35.11
2005-03-01,Krishnagiri,12.5266,78.2138,Semi-arid,25.28,34.76,16.92,53.56,2.86,0.0,25.34,35.2
2005-03-02,Krishnagiri,12.5266,78.2138,Semi-arid,25.63,36.04,16.65,51.17,2.16,0.0,25.83,35.3
2005-03-03,Krishnagiri,12.5266,78.2138,Semi-arid,26.03,36.0,18.06,51.79,2.48,0.0,25.98,35.4
2005-03-04,Krishnagiri,12.5266,78.2138,Semi-arid,26.35,36.36,17.71,53.77,2.26,0.0,25.51,35.49
2005-03-05,Krishnagiri,12.5266,78.2138,Semi-arid,27.53,36.66,19.97,56.74,2.51,0.01,23.66,35.59
2005-03-06,Krishnagiri,12.5266,78.2138,Semi-arid,27.43,35.37,21.43,54.74,2.7,0.0,21.3,35.68
2005-03-07,Krishnagiri,12.5266,78.2138,Semi-arid,27.28,35.98,20.31,53.7,2.6,0.0,22.3,35.77
2005-03-08,Krishnagiri,12.5266,78.2138,Semi-arid,26.53,34.43,21.46,59.03,2.9,0.13,22.53,35.86
2005-03-09,Krishnagiri,12.5266,78.2138,Semi-arid,26.06,32.58,20.9,63.1,2.41,0.07,20.49,35.95
2005-03-10,Krishnagiri,12.5266,78.2138,Semi-arid,26.46,32.95,21.32,60.32,1.62,0.59,19.1,36.04
2005-03-11,Krishnagiri,12.5266,78.2138,Semi-arid,25.48,30.79,20.98,63.35,1.26,4.58,22.32,36.12
2005-03-12,Krishnagiri,12.5266,78.2138,Semi-arid,27.27,34.7,20.72,58.39,1.34,0.39,21.7,36.2
2005-03-13,Krishnagiri,12.5266,78.2138,Semi-arid,27.65,34.97,21.26,59.97,2.09,2.8,18.0,36.28
2005-03-14,Krishnagiri,12.5266,78.2138,Semi-arid,26.11,35.08,19.52,56.8,2.87,2.15,24.07,36.36
2005-03-15,Krishnagiri,12.5266,78.2138,Semi-arid,26.95,36.46,19.78,54.68,2.1,0.0,24.92,36.44
2005-03-16,Krishnagiri,12.5266,78.2138,Semi-arid,26.27,35.48,18.53,51.25,2.33,0.0,25.77,36.52
2005-03-17,Krishnagiri,12.5266,78.2138,Semi-arid,25.81,35.04,17.76,48.87,2.9,0.0,26.04,36.59
2005-03-18,Krishnagiri,12.5266,78.2138,Semi-arid,25.68,35.89,16.86,43.72,2.54,0.0,27.22,36.67
2005-03-19,Krishnagiri,12.5266,78.2138,Semi-arid,26.57,36.82,18.0,42.31,2.38,0.0,27.38,36.74
2005-03-20,Krishnagiri,12.5266,78.2138,Semi-arid,26.67,36.31,18.52,52.32,1.81,0.0,26.97,36.81
2005-03-21,Krishnagiri,12.5266,78.2138,Semi-arid,27.86,37.9,19.12,48.06,1.96,0.0,26.56,36.88
2005-03-22,Krishnagiri,12.5266,78.2138,Semi-arid,27.8,37.74,18.62,46.64,1.74,0.0,25.93,36.94
2005-03-23,Krishnagiri,12.5266,78.2138,Semi-arid,29.58,37.44,20.41,43.98,1.9,0.0,21.54,37.01
2005-03-24,Krishnagiri,12.5266,78.2138,Semi-arid,31.17,38.95,24.35,37.69,1.8,0.32,22.53,37.06
2005-03-25,Krishnagiri,12.5266,78.2138,Semi-arid,31.41,39.14,23.62,40.7,1.65,0.33,21.71,37.12
2005-03-26,Krishnagiri,12.5266,78.2138,Semi-arid,31.21,39.16,23.44,38.63,1.54,0.0,20.93,37.18
2005-03-27,Krishnagiri,12.5266,78.2138,Semi-arid,30.41,36.7,23.93,45.0,2.23,0.0,20.75,37.24
2005-03-28,Krishnagiri,12.5266,78.2138,Semi-arid,31.03,39.01,24.16,42.27,2.27,0.0,23.71,37.29
2005-03-29,Krishnagiri,12.5266,78.2138,Semi-arid,31.43,38.7,23.59,38.72,1.53,0.0,19.88,37.34
2005-03-30,Krishnagiri,12.5266,78.2138,Semi-arid,31.22,38.72,24.55,44.75,2.41,0.58,20.48,37.39
2005-03-31,Krishnagiri,12.5266,78.2138,Semi-arid,30.38,37.17,24.41,47.38,1.82,0.03,20.39,37.44
2005-04-01,Krishnagiri,12.5266,78.2138,Semi-arid,30.7,38.5,24.46,41.94,2.29,1.72,23.09,37.49
2005-04-02,Krishnagiri,12.5266,78.2138,Semi-arid,29.34,37.33,22.92,53.7,3.06,0.66,24.55,37.53
2005-04-03,Krishnagiri,12.5266,78.2138,Semi-arid,26.9,34.57,22.86,69.64,2.83,20.33,17.37,37.57
2005-04-04,Krishnagiri,12.5266,78.2138,Semi-arid,24.74,29.94,21.3,76.31,3.27,18.81,12.85,37.61
2005-04-05,Krishnagiri,12.5266,78.2138,Semi-arid,23.58,27.11,21.12,85.12,2.87,26.02,8.21,37.65
2005-04-06,Krishnagiri,12.5266,78.2138,Semi-arid,23.36,27.02,21.15,86.84,2.13,20.61,17.31,37.69
2005-04-07,Krishnagiri,12.5266,78.2138,Semi-arid,23.66,27.35,21.01,85.41,1.35,8.37,14.28,37.73
2005-04-08,Krishnagiri,12.5266,78.2138,Semi-arid,25.78,31.88,20.87,72.06,1.74,0.16,20.86,37.76
2005-04-09,Krishnagiri,12.5266,78.2138,Semi-arid,27.04,33.64,20.99,68.71,1.43,0.46,16.66,37.79
2005-04-10,Krishnagiri,12.5266,78.2138,Semi-arid,27.09,32.33,22.27,71.38,1.0,4.04,20.08,37.82
2005-04-11,Krishnagiri,12.5266,78.2138,Semi-arid,26.03,30.2,22.51,77.32,1.11,1.23,19.24,37.85
2005-04-12,Krishnagiri,12.5266,78.2138,Semi-arid,25.75,30.32,22.34,78.42,1.15,0.09,22.04,37.87
2005-04-13,Krishnagiri,12.5266,78.2138,Semi-arid,26.39,32.88,22.36,74.85,1.78,0.07,22.42,37.9
2005-04-14,Krishnagiri,12.5266,78.2138,Semi-arid,27.08,34.31,21.05,69.63,1.39,0.17,23.35,37.92
2005-04-15,Krishnagiri,12.5266,78.2138,Semi-arid,27.35,34.98,21.74,65.85,1.54,0.32,24.8,37.94
2005-04-16,Krishnagiri,12.5266,78.2138,Semi-arid,27.05,35.38,20.74,61.17,1.65,0.0,25.95,37.96
2005-04-17,Krishnagiri,12.5266,78.2138,Semi-arid,27.38,36.02,20.42,56.78,1.62,0.0,26.57,37.98
2005-04-18,Krishnagiri,12.5266,78.2138,Semi-arid,26.85,33.71,20.7,59.85,1.49,0.04,25.79,37.99
2005-04-19,Krishnagiri,12.5266,78.2138,Semi-arid,27.2,35.41,20.51,63.34,1.78,0.38,25.86,38.0
2005-04-20,Krishnagiri,12.5266,78.2138,Semi-arid,25.61,31.25,21.15,73.75,2.04,1.75,22.89,38.02
2005-04-21,Krishnagiri,12.5266,78.2138,Semi-arid,26.08,33.44,19.67,65.49,2.08,0.11,24.17,38.03
2005-04-22,Krishnagiri,12.5266,78.2138,Semi-arid,26.39,33.38,20.56,67.22,1.81,0.0,24.48,38.04
2005-04-23,Krishnagiri,12.5266,78.2138,Semi-arid,27.28,35.01,20.43,63.93,1.66,0.02,23.43,38.05
2005-04-24,Krishnagiri,12.5266,78.2138,Semi-arid,26.91,31.89,22.31,68.66,0.8,0.0,22.24,38.05
2005-04-25,Krishnagiri,12.5266,78.2138,Semi-arid,26.48,31.48,21.99,67.47,1.01,0.7,22.67,38.06
2005-04-26,Krishnagiri,12.5266,78.2138,Semi-arid,26.94,32.68,22.2,68.58,1.02,12.88,24.45,38.06
2005-04-27,Krishnagiri,12.5266,78.2138,Semi-arid,27.46,33.35,21.9,67.76,0.92,3.26,22.24,38.06
2005-04-28,Krishnagiri,12.5266,78.2138,Semi-arid,29.08,35.34,22.52,61.7,0.79,0.08,23.94,38.05
2005-04-29,Krishnagiri,12.5266,78.2138,Semi-arid,29.29,35.9,22.95,60.72,1.25,0.01,24.68,38.04
2005-04-30,Krishnagiri,12.5266,78.2138,Semi-arid,28.91,35.4,23.35,65.56,1.35,3.31,21.11,38.04
2005-05-01,Krishnagiri,12.5266,78.2138,Semi-arid,28.34,34.87,23.21,69.07,1.22,9.42,23.25,38.04
2005-05-02,Krishnagiri,12.5266,78.2138,Semi-arid,25.64,29.39,23.22,81.23,1.44,2.7,21.7,38.04
2005-05-03,Krishnagiri,12.5266,78.2138,Semi-arid,27.69,34.7,21.63,67.51,1.04,3.25,22.68,38.05
2005-05-04,Krishnagiri,12.5266,78.2138,Semi-arid,25.05,27.96,22.51,80.67,1.13,12.7,18.77,38.05
2005-05-05,Krishnagiri,12.5266,78.2138,Semi-arid,27.16,33.3,21.66,72.49,1.43,8.56,16.96,38.05
2005-05-06,Krishnagiri,12.5266,78.2138,Semi-arid,28.01,34.93,22.06,67.56,1.75,0.85,22.22,38.05
2005-05-07,Krishnagiri,12.5266,78.2138,Semi-arid,28.52,35.47,22.27,67.05,1.24,0.25,23.25,38.04
2005-05-08,Krishnagiri,12.5266,78.2138,Semi-arid,28.16,33.07,24.02,66.22,1.52,0.01,22.72,38.03
2005-05-09,Krishnagiri,12.5266,78.2138,Semi-arid,28.31,35.51,22.56,61.4,2.43,0.01,12.01,38.01
2005-05-10,Krishnagiri,12.5266,78.2138,Semi-arid,29.05,35.81,22.69,61.67,2.89,0.14,24.04,38.0
2005-05-11,Krishnagiri,12.5266,78.2138,Semi-arid,28.88,34.57,23.76,64.04,2.27,0.13,22.29,37.98
2005-05-12,Krishnagiri,12.5266,78.2138,Semi-arid,29.36,35.87,23.25,62.99,1.38,0.21,21.68,37.98
2005-05-13,Krishnagiri,12.5266,78.2138,Semi-arid,29.1,34.85,23.09,62.17,1.85,0.01,22.06,37.97
2005-05-14,Krishnagiri,12.5266,78.2138,Semi-arid,30.1,37.75,23.73,54.92,1.83,0.0,24.02,37.96
2005-05-15,Krishnagiri,12.5266,78.2138,Semi-arid,30.25,38.49,22.99,51.76,2.44,0.22,24.46,37.94
2005-05-16,Krishnagiri,12.5266,78.2138,Semi-arid,28.44,34.76,23.7,60.32,2.36,0.14,25.43,37.93
2005-05-17,Krishnagiri,12.5266,78.2138,Semi-arid,28.69,35.35,23.43,56.4,2.04,0.0,25.63,37.92
2005-05-18,Krishnagiri,12.5266,78.2138,Semi-arid,30.59,39.15,22.94,51.74,2.51,0.0,24.9,37.91
2005-05-19,Krishnagiri,12.5266,78.2138,Semi-arid,30.26,39.11,23.08,53.17,1.76,0.0,25.68,37.9
2005-05-20,Krishnagiri,12.5266,78.2138,Semi-arid,29.71,38.81,21.95,55.34,1.96,0.0,24.95,37.89
2005-05-21,Krishnagiri,12.5266,78.2138,Semi-arid,29.06,35.97,22.66,60.93,1.3,2.47,24.74,37.87
2005-05-22,Krishnagiri,12.5266,78.2138,Semi-arid,29.97,37.51,23.33,60.79,1.56,3.39,20.1,37.86
2005-05-23,Krishnagiri,12.5266,78.2138,Semi-arid,29.87,34.95,25.05,63.07,0.96,9.19,23.63,37.85
2005-05-24,Krishnagiri,12.5266,78.2138,Semi-arid,28.7,34.04,24.36,66.29,1.28,2.27,21.93,37.83
2005-05-25,Krishnagiri,12.5266,78.2138,Semi-arid,27.67,33.03,23.3,69.54,1.62,2.71,22.03,37.81
2005-05-26,Krishnagiri,12.5266,78.2138,Semi-arid,27.06,31.98,23.34,73.06,1.77,8.06,22.94,37.8
2005-05-27,Krishnagiri,12.5266,78.2138,Semi-arid,25.83,29.43,22.85,77.64,1.32,26.59,21.05,37.78
2005-05-28,Krishnagiri,12.5266,78.2138,Semi-arid,26.66,32.36,21.92,71.44,2.38,1.34,20.24,37.76
2005-05-29,Krishnagiri,12.5266,78.2138,Semi-arid,25.6,30.14,21.55,74.55,2.41,2.6,19.0,37.76
2005-05-30,Krishnagiri,12.5266,78.2138,Semi-arid,25.49,29.45,22.39,77.9,1.82,0.9,20.08,37.75
2005-05-31,Krishnagiri,12.5266,78.2138,Semi-arid,26.47,31.14,22.48,74.3,0.71,21.54,21.73,37.74
2005-06-01,Krishnagiri,12.5266,78.2138,Semi-arid,26.67,31.94,22.44,75.06,2.95,2.96,24.36,37.72
2005-06-02,Krishnagiri,12.5266,78.2138,Semi-arid,25.96,29.94,22.68,79.19,2.87,3.54,23.13,37.7
2005-06-03,Krishnagiri,12.5266,78.2138,Semi-arid,26.0,30.41,22.32,78.41,2.59,1.85,22.04,37.68
2005-06-04,Krishnagiri,12.5266,78.2138,Semi-arid,26.92,32.2,22.58,76.24,1.86,5.34,21.6,37.67
2005-06-05,Krishnagiri,12.5266,78.2138,Semi-arid,27.12,31.98,22.76,73.26,1.24,2.46,20.24,37.65
2005-06-06,Krishnagiri,12.5266,78.2138,Semi-arid,26.38,31.37,22.55,74.9,1.75,0.03,23.08,37.64
2005-06-07,Krishnagiri,12.5266,78.2138,Semi-arid,27.11,31.98,22.57,72.73,1.58,0.43,24.88,37.62
2005-06-08,Krishnagiri,12.5266,78.2138,Semi-arid,27.42,33.55,22.33,70.15,2.31,0.67,23.51,37.61
2005-06-09,Krishnagiri,12.5266,78.2138,Semi-arid,25.01,28.12,22.26,80.93,3.14,1.88,17.91,37.59
2005-06-10,Krishnagiri,12.5266,78.2138,Semi-arid,24.22,29.24,20.97,77.76,3.62,3.61,14.56,37.58
2005-06-11,Krishnagiri,12.5266,78.2138,Semi-arid,25.18,28.84,22.0,77.75,3.62,0.04,22.77,37.57
2005-06-12,Krishnagiri,12.5266,78.2138,Semi-arid,26.74,33.46,20.93,67.08,4.21,0.02,23.72,37.56
2005-06-13,Krishnagiri,12.5266,78.2138,Semi-arid,27.17,33.59,21.23,68.45,2.63,0.28,22.84,37.56
2005-06-14,Krishnagiri,12.5266,78.2138,Semi-arid,25.45,29.2,22.93,79.13,2.43,0.01,23.18,37.55
2005-06-15,Krishnagiri,12.5266,78.2138,Semi-arid,26.85,32.54,21.9,69.96,2.44,0.0,22.52,37.54
2005-06-16,Krishnagiri,12.5266,78.2138,Semi-arid,27.68,34.79,21.74,65.47,3.14,0.05,23.77,37.53
2005-06-17,Krishnagiri,12.5266,78.2138,Semi-arid,26.67,32.04,23.08,71.26,4.13,0.02,25.13,37.53
2005-06-18,Krishnagiri,12.5266,78.2138,Semi-arid,25.54,30.6,22.3,70.09,4.71,0.05,19.66,37.52
2005-06-19,Krishnagiri,12.5266,78.2138,Semi-arid,26.04,32.1,21.26,70.23,4.44,0.03,21.52,37.52
2005-06-20,Krishnagiri,12.5266,78.2138,Semi-arid,25.29,30.55,21.69,73.97,4.45,2.23,19.83,37.52
2005-06-21,Krishnagiri,12.5266,78.2138,Semi-arid,24.87,30.28,20.95,72.51,4.92,0.23,11.56,37.51
2005-06-22,Krishnagiri,12.5266,78.2138,Semi-arid,25.09,30.83,21.05,67.22,5.71,0.83,14.96,37.51
2005-06-23,Krishnagiri,12.5266,78.2138,Semi-arid,25.6,31.31,20.54,65.34,5.04,0.0,20.55,37.51
2005-06-24,Krishnagiri,12.5266,78.2138,Semi-arid,25.78,31.5,21.79,70.42,4.55,1.29,19.86,37.51
2005-06-25,Krishnagiri,12.5266,78.2138,Semi-arid,25.99,32.42,21.5,70.75,4.37,0.58,18.54,37.5
2005-06-26,Krishnagiri,12.5266,78.2138,Semi-arid,25.43,30.34,21.73,72.39,4.13,0.0,16.7,37.51
2005-06-27,Krishnagiri,12.5266,78.2138,Semi-arid,25.16,30.18,21.25,73.86,4.31,0.01,17.09,37.51
2005-06-28,Krishnagiri,12.5266,78.2138,Semi-arid,25.23,30.73,21.08,71.34,4.93,0.01,13.22,37.5
2005-06-29,Krishnagiri,12.5266,78.2138,Semi-arid,26.2,33.04,20.52,67.08,4.53,0.0,15.27,37.5
2005-06-30,Krishnagiri,12.5266,78.2138,Semi-arid,25.71,31.44,21.33,71.59,3.83,0.79,18.0,37.5
2005-07-01,Krishnagiri,12.5266,78.2138,Semi-arid,25.44,30.74,22.15,73.02,4.25,1.47,15.28,37.49
2005-07-02,Krishnagiri,12.5266,78.2138,Semi-arid,25.46,30.89,21.48,72.01,4.13,1.33,20.54,37.48
2005-07-03,Krishnagiri,12.5266,78.2138,Semi-arid,25.74,31.13,21.3,71.37,4.48,0.08,19.64,37.48
2005-07-04,Krishnagiri,12.5266,78.2138,Semi-arid,25.63,31.18,21.24,72.32,4.63,0.21,20.23,37.49
2005-07-05,Krishnagiri,12.5266,78.2138,Semi-arid,25.61,30.85,21.66,69.89,5.78,0.4,19.26,37.49
2005-07-06,Krishnagiri,12.5266,78.2138,Semi-arid,25.6,32.27,21.03,65.59,5.64,0.21,16.06,37.49
2005-07-07,Krishnagiri,12.5266,78.2138,Semi-arid,26.43,32.66,21.14,66.48,4.91,0.0,19.26,37.49
2005-07-08,Krishnagiri,12.5266,78.2138,Semi-arid,26.09,31.88,21.73,70.67,4.56,1.47,16.51,37.5
2005-07-09,Krishnagiri,12.5266,78.2138,Semi-arid,25.58,30.45,21.67,67.9,5.43,0.69,18.21,37.51
2005-07-10,Krishnagiri,12.5266,78.2138,Semi-arid,24.98,31.68,20.0,67.2,3.99,4.88,19.97,37.52
2005-07-11,Krishnagiri,12.5266,78.2138,Semi-arid,24.95,32.15,19.94,70.57,4.15,1.23,20.32,37.52
2005-07-12,Krishnagiri,12.5266,78.2138,Semi-arid,25.35,29.94,20.99,74.69,3.1,0.82,21.44,37.53
2005-07-13,Krishnagiri,12.5266,78.2138,Semi-arid,24.12,26.85,21.75,81.71,2.06,4.43,18.18,37.53
2005-07-14,Krishnagiri,12.5266,78.2138,Semi-arid,24.56,28.19,21.9,81.42,1.59,12.25,14.61,37.54
2005-07-15,Krishnagiri,12.5266,78.2138,Semi-arid,24.28,28.12,21.19,82.14,1.53,10.41,20.45,37.55
2005-07-16,Krishnagiri,12.5266,78.2138,Semi-arid,24.32,27.8,21.47,83.03,1.22,12.24,16.63,37.55
2005-07-17,Krishnagiri,12.5266,78.2138,Semi-arid,24.42,28.02,21.71,83.18,0.97,2.67,20.39,37.56
2005-07-18,Krishnagiri,12.5266,78.2138,Semi-arid,25.47,29.87,21.26,77.38,1.85,0.1,21.53,37.56
2005-07-19,Krishnagiri,12.5266,78.2138,Semi-arid,25.31,29.24,22.5,80.99,2.15,0.58,21.26,37.57
2005-07-20,Krishnagiri,12.5266,78.2138,Semi-arid,25.45,30.84,21.25,78.24,2.95,3.86,21.62,37.58
2005-07-21,Krishnagiri,12.5266,78.2138,Semi-arid,25.47,30.23,21.59,75.39,3.82,0.09,23.05,37.59
2005-07-22,Krishnagiri,12.5266,78.2138,Semi-arid,24.42,28.44,20.81,77.83,4.05,2.33,15.32,37.59
2005-07-23,Krishnagiri,12.5266,78.2138,Semi-arid,23.82,27.87,21.02,80.99,4.29,16.83,13.14,37.6
2005-07-24,Krishnagiri,12.5266,78.2138,Semi-arid,23.7,27.77,20.69,80.78,5.6,5.01,14.79,37.61
2005-07-25,Krishnagiri,12.5266,78.2138,Semi-arid,24.81,29.59,21.39,73.83,6.78,2.93,12.93,37.61
2005-07-26,Krishnagiri,12.5266,78.2138,Semi-arid,24.34,29.4,20.33,74.71,6.2,2.13,12.96,37.62
2005-07-27,Krishnagiri,12.5266,78.2138,Semi-arid,25.11,31.33,20.73,72.68,6.0,0.85,15.06,37.62
2005-07-28,Krishnagiri,12.5266,78.2138,Semi-arid,24.94,31.53,19.99,72.75,5.76,1.54,18.82,37.63
2005-07-29,Krishnagiri,12.5266,78.2138,Semi-arid,24.41,30.29,20.31,73.92,6.02,0.29,15.61,37.63
2005-07-30,Krishnagiri,12.5266,78.2138,Semi-arid,24.89,29.99,20.73,74.01,6.03,0.92,17.13,37.64
2005-07-31,Krishnagiri,12.5266,78.2138,Semi-arid,25.47,30.56,22.11,71.57,6.94,1.76,16.04,37.64
2005-08-01,Krishnagiri,12.5266,78.2138,Semi-arid,24.95,29.95,21.61,73.9,6.27,0.46,15.84,37.64
2005-08-02,Krishnagiri,12.5266,78.2138,Semi-arid,24.81,28.96,21.7,71.51,6.33,0.36,15.95,37.64
2005-08-03,Krishnagiri,12.5266,78.2138,Semi-arid,24.71,30.26,20.67,71.31,5.47,0.13,16.8,37.64
2005-08-04,Krishnagiri,12.5266,78.2138,Semi-arid,24.76,30.41,20.75,73.53,5.08,0.35,17.3,37.64
2005-08-05,Krishnagiri,12.5266,78.2138,Semi-arid,24.24,29.45,20.36,74.21,5.45,0.25,15.88,37.64
2005-08-06,Krishnagiri,12.5266,78.2138,Semi-arid,25.24,31.91,20.21,70.12,5.24,0.04,21.5,37.64
2005-08-07,Krishnagiri,12.5266,78.2138,Semi-arid,25.22,32.63,19.8,70.59,4.98,0.0,20.51,37.64
2005-08-08,Krishnagiri,12.5266,78.2138,Semi-arid,25.18,32.28,20.06,71.86,4.77,0.11,19.03,37.64
2005-08-09,Krishnagiri,12.5266,78.2138,Semi-arid,25.64,31.86,20.7,72.53,4.36,0.24,14.28,37.64
2005-08-10,Krishnagiri,12.5266,78.2138,Semi-arid,25.14,30.56,21.04,76.28,4.45,14.23,18.3,37.64
2005-08-11,Krishnagiri,12.5266,78.2138,Semi-arid,25.3,31.34,21.09,73.43,5.11,0.89,20.18,37.64
2005-08-12,Krishnagiri,12.5266,78.2138,Semi-arid,25.63,32.13,20.73,72.13,5.01,1.31,17.01,37.63
2005-08-13,Krishnagiri,12.5266,78.2138,Semi-arid,25.18,31.03,20.36,73.98,4.49,1.06,19.89,37.63
2005-08-14,Krishnagiri,12.5266,78.2138,Semi-arid,25.01,30.71,20.96,77.18,4.43,3.23,17.65,37.62
2005-08-15,Krishnagiri,12.5266,78.2138,Semi-arid,24.45,28.53,21.21,79.55,4.1,8.76,16.07,37.61
2005-08-16,Krishnagiri,12.5266,78.2138,Semi-arid,23.25,27.79,20.64,78.13,4.82,0.5,12.68,37.6
2005-08-17,Krishnagiri,12.5266,78.2138,Semi-arid,25.23,32.64,19.8,70.96,5.0,0.17,19.11,37.6
2005-08-18,Krishnagiri,12.5266,78.2138,Semi-arid,25.13,31.54,19.96,71.09,4.4,0.02,20.49,37.59
2005-08-19,Krishnagiri,12.5266,78.2138,Semi-arid,24.62,29.47,21.08,75.74,4.1,2.73,22.37,37.58
2005-08-20,Krishnagiri,12.5266,78.2138,Semi-arid,25.47,32.62,20.07,69.0,3.79,0.01,23.48,37.56
2005-08-21,Krishnagiri,12.5266,78.2138,Semi-arid,25.89,33.14,19.8,69.79,3.2,1.52,23.47,37.55
2005-08-22,Krishnagiri,12.5266,78.2138,Semi-arid,25.77,30.85,20.76,72.79,1.77,2.39,20.86,37.53
2005-08-23,Krishnagiri,12.5266,78.2138,Semi-arid,24.19,27.17,21.84,83.31,1.29,31.75,17.01,37.52
2005-08-24,Krishnagiri,12.5266,78.2138,Semi-arid,24.02,28.08,20.74,81.79,1.79,7.93,22.18,37.5
2005-08-25,Krishnagiri,12.5266,78.2138,Semi-arid,24.75,30.07,21.31,75.99,2.33,9.55,21.19,37.49
2005-08-26,Krishnagiri,12.5266,78.2138,Semi-arid,23.93,28.77,20.32,79.37,2.97,3.7,21.95,37.47
2005-08-27,Krishnagiri,12.5266,78.2138,Semi-arid,23.76,27.2,20.76,83.76,1.33,23.0,18.92,37.45
2005-08-28,Krishnagiri,12.5266,78.2138,Semi-arid,25.3,30.11,21.43,80.98,1.06,14.54,24.41,37.43
2005-08-29,Krishnagiri,12.5266,78.2138,Semi-arid,25.51,29.53,22.09,79.04,0.92,4.17,23.39,37.4
2005-08-30,Krishnagiri,12.5266,78.2138,Semi-arid,26.4,31.06,21.11,74.33,1.03,1.87,23.81,37.37
2005-08-31,Krishnagiri,12.5266,78.2138,Semi-arid,24.92,28.88,21.63,81.11,2.33,2.91,18.44,37.34
2005-09-01,Krishnagiri,12.5266,78.2138,Semi-arid,25.19,30.24,21.13,79.96,1.63,12.51,21.66,37.31
2005-09-02,Krishnagiri,12.5266,78.2138,Semi-arid,24.99,28.62,21.66,82.33,1.0,16.3,19.04,37.28
2005-09-03,Krishnagiri,12.5266,78.2138,Semi-arid,24.5,27.9,21.68,86.9,1.06,14.56,21.13,37.25
2005-09-04,Krishnagiri,12.5266,78.2138,Semi-arid,24.26,27.53,21.81,87.61,1.69,18.51,21.77,37.21
2005-09-05,Krishnagiri,12.5266,78.2138,Semi-arid,23.99,27.44,21.97,85.77,2.94,1.93,19.26,37.18
2005-09-06,Krishnagiri,12.5266,78.2138,Semi-arid,23.48,26.24,21.33,86.82,2.09,5.4,16.19,37.14
2005-09-07,Krishnagiri,12.5266,78.2138,Semi-arid,23.7,27.23,20.78,86.75,1.53,11.29,10.63,37.1
2005-09-08,Krishnagiri,12.5266,78.2138,Semi-arid,25.03,29.69,20.12,82.57,1.4,6.29,19.48,37.06
2005-09-09,Krishnagiri,12.5266,78.2138,Semi-arid,24.74,29.22,22.17,84.55,3.26,3.82,16.99,37.01
2005-09-10,Krishnagiri,12.5266,78.2138,Semi-arid,23.64,28.02,20.27,85.21,3.87,6.97,15.54,36.96
2005-09-11,Krishnagiri,12.5266,78.2138,Semi-arid,23.34,27.78,20.68,82.89,3.94,1.53,16.42,36.91
2005-09-12,Krishnagiri,12.5266,78.2138,Semi-arid,23.52,27.78,20.65,85.28,3.89,0.04,16.69,36.86
2005-09-13,Krishnagiri,12.5266,78.2138,Semi-arid,23.9,28.38,20.76,84.04,3.85,0.46,15.25,36.81
2005-09-14,Krishnagiri,12.5266,78.2138,Semi-arid,24.24,29.07,20.53,81.6,3.62,0.06,19.67,36.76
2005-09-15,Krishnagiri,12.5266,78.2138,Semi-arid,23.63,27.59,20.52,82.03,2.39,5.06,17.27,36.72
2005-09-16,Krishnagiri,12.5266,78.2138,Semi-arid,23.9,28.34,20.31,84.78,2.25,0.1,23.64,36.68
2005-09-17,Krishnagiri,12.5266,78.2138,Semi-arid,24.45,30.02,19.83,79.87,3.01,0.17,23.21,36.63
2005-09-18,Krishnagiri,12.5266,78.2138,Semi-arid,24.09,29.92,19.51,78.55,4.09,0.0,24.42,36.58
2005-09-19,Krishnagiri,12.5266,78.2138,Semi-arid,23.38,28.95,19.4,77.58,5.48,0.38,17.21,36.52
2005-09-20,Krishnagiri,12.5266,78.2138,Semi-arid,23.75,28.52,20.56,80.03,5.31,2.23,13.23,36.45
2005-09-21,Krishnagiri,12.5266,78.2138,Semi-arid,24.49,30.53,19.87,79.5,3.63,0.06,20.83,36.39
2005-09-22,Krishnagiri,12.5266,78.2138,Semi-arid,25.0,31.18,19.83,78.18,2.59,0.04,23.33,36.32
2005-09-23,Krishnagiri,12.5266,78.2138,Semi-arid,24.83,30.78,19.64,76.12,2.24,0.0,22.88,36.26
2005-09-24,Krishnagiri,12.5266,78.2138,Semi-arid,24.98,31.16,19.78,75.82,2.29,2.99,23.85,36.19
2005-09-25,Krishnagiri,12.5266,78.2138,Semi-arid,25.0,30.57,20.04,76.99,2.18,1.31,22.11,36.12
2005-09-26,Krishnagiri,12.5266,78.2138,Semi-arid,24.93,30.26,20.67,76.34,2.17,0.21,21.99,36.05
2005-09-27,Krishnagiri,12.5266,78.2138,Semi-arid,24.81,29.71,20.59,79.51,1.87,1.5,19.51,35.98
2005-09-28,Krishnagiri,12.5266,78.2138,Semi-arid,25.13,30.3,21.28,79.48,1.3,16.33,18.39,35.91
2005-09-29,Krishnagiri,12.5266,78.2138,Semi-arid,24.12,28.48,20.66,83.41,1.71,8.04,13.53,35.83
2005-09-30,Krishnagiri,12.5266,78.2138,Semi-arid,23.54,27.46,20.59,85.35,1.75,10.97,13.91,35.75
2005-10-01,Krishnagiri,12.5266,78.2138,Semi-arid,23.68,27.7,20.1,83.71,1.92,7.15,15.02,35.67
2005-10-02,Krishnagiri,12.5266,78.2138,Semi-arid,23.33,27.12,20.54,84.46,1.08,2.97,17.3,35.59
2005-10-03,Krishnagiri,12.5266,78.2138,Semi-arid,24.06,28.8,19.77,77.21,1.19,6.35,19.51,35.51
2005-10-04,Krishnagiri,12.5266,78.2138,Semi-arid,24.41,28.72,20.04,80.1,0.94,29.66,22.41,35.43
2005-10-05,Krishnagiri,12.5266,78.2138,Semi-arid,24.71,28.59,21.54,81.88,0.67,6.38,20.74,35.35
2005-10-06,Krishnagiri,12.5266,78.2138,Semi-arid,24.66,28.68,21.26,80.85,1.14,1.35,19.43,35.27
2005-10-07,Krishnagiri,12.5266,78.2138,Semi-arid,24.43,28.87,21.23,85.37,1.2,6.3,18.14,35.18
2005-10-08,Krishnagiri,12.5266,78.2138,Semi-arid,24.14,28.52,20.39,86.28,1.24,26.73,19.49,35.1
2005-10-09,Krishnagiri,12.5266,78.2138,Semi-arid,24.06,28.84,20.71,83.58,1.66,11.04,20.52,35.01
2005-10-10,Krishnagiri,12.5266,78.2138,Semi-arid,22.85,26.48,20.13,89.7,1.36,6.1,13.39,34.92
2005-10-11,Krishnagiri,12.5266,78.2138,Semi-arid,22.4,26.33,19.04,87.8,1.76,14.41,10.59,34.83
2005-10-12,Krishnagiri,12.5266,78.2138,Semi-arid,23.12,26.78,20.22,88.76,1.13,14.85,14.64,34.74
2005-10-13,Krishnagiri,12.5266,78.2138,Semi-arid,22.95,25.8,20.9,90.59,2.06,22.44,6.91,34.65
2005-10-14,Krishnagiri,12.5266,78.2138,Semi-arid,22.56,25.38,20.6,90.38,1.72,5.94,16.93,34.55
2005-10-15,Krishnagiri,12.5266,78.2138,Semi-arid,23.57,27.87,19.82,85.95,1.33,3.54,21.28,34.46
2005-10-16,Krishnagiri,12.5266,78.2138,Semi-arid,23.68,27.83,20.12,84.72,0.73,6.47,18.34,34.36
2005-10-17,Krishnagiri,12.5266,78.2138,Semi-arid,23.83,27.45,20.76,85.32,0.53,19.06,20.41,34.26
2005-10-18,Krishnagiri,12.5266,78.2138,Semi-arid,22.29,24.74,20.81,93.55,1.16,13.6,16.04,34.17
2005-10-19,Krishnagiri,12.5266,78.2138,Semi-arid,23.54,27.34,20.55,88.94,1.63,8.73,18.51,34.07
2005-10-20,Krishnagiri,12.5266,78.2138,Semi-arid,23.28,26.95,20.44,88.39,1.79,2.67,15.02,33.97
2005-10-21,Krishnagiri,12.5266,78.2138,Semi-arid,23.51,26.96,21.32,89.47,1.14,16.04,16.68,33.87
2005-10-22,Krishnagiri,12.5266,78.2138,Semi-arid,23.89,27.71,21.03,85.89,0.55,55.38,18.18,33.77
2005-10-23,Krishnagiri,12.5266,78.2138,Semi-arid,22.68,25.62,20.87,91.64,1.04,23.44,18.84,33.67
2005-10-24,Krishnagiri,12.5266,78.2138,Semi-arid,22.77,25.79,20.81,90.55,0.97,18.79,14.64,33.56
2005-10-25,Krishnagiri,12.5266,78.2138,Semi-arid,21.83,23.23,20.73,93.73,1.06,49.94,10.1,33.46
2005-10-26,Krishnagiri,12.5266,78.2138,Semi-arid,21.59,24.05,19.44,91.35,1.39,3.93,9.69,33.36
2005-10-27,Krishnagiri,12.5266,78.2138,Semi-arid,21.61,24.74,19.72,92.88,2.54,30.68,2.16,33.26
2005-10-28,Krishnagiri,12.5266,78.2138,Semi-arid,22.44,26.56,19.01,90.22,3.1,3.06,13.25,33.15
2005-10-29,Krishnagiri,12.5266,78.2138,Semi-arid,23.91,28.14,20.87,88.85,2.62,1.08,16.25,33.05
2005-10-30,Krishnagiri,12.5266,78.2138,Semi-arid,23.59,27.33,20.85,91.73,2.78,2.4,14.15,32.95
2005-10-31,Krishnagiri,12.5266,78.2138,Semi-arid,24.09,27.71,21.38,90.31,1.58,0.65,15.03,32.85
2005-11-01,Krishnagiri,12.5266,78.2138,Semi-arid,23.91,27.35,21.15,89.54,1.25,8.11,18.91,32.75
2005-11-02,Krishnagiri,12.5266,78.2138,Semi-arid,22.44,26.07,20.15,90.95,1.43,7.91,13.57,32.65
2005-11-03,Krishnagiri,12.5266,78.2138,Semi-arid,22.42,27.09,18.13,87.52,1.44,6.94,17.39,32.55
2005-11-04,Krishnagiri,12.5266,78.2138,Semi-arid,21.39,25.03,18.44,90.82,1.99,11.98,15.21,32.45
2005-11-05,Krishnagiri,12.5266,78.2138,Semi-arid,21.51,24.54,18.94,91.52,2.04,6.51,12.31,32.35
2005-11-06,Krishnagiri,12.5266,78.2138,Semi-arid,22.05,24.78,19.85,92.79,2.87,18.62,5.19,32.25
2005-11-07,Krishnagiri,12.5266,78.2138,Semi-arid,21.33,23.46,19.8,93.99,2.89,25.19,9.4,32.15
2005-11-08,Krishnagiri,12.5266,78.2138,Semi-arid,21.59,25.0,19.46,92.61,2.53,9.37,9.7,32.05
2005-11-09,Krishnagiri,12.5266,78.2138,Semi-arid,21.42,24.16,19.13,93.89,2.34,2.1,8.14,31.95
2005-11-10,Krishnagiri,12.5266,78.2138,Semi-arid,22.11,26.44,18.74,90.52,2.04,0.41,14.42,31.86
2005-11-11,Krishnagiri,12.5266,78.2138,Semi-arid,22.3,25.88,19.41,93.1,2.48,3.24,10.76,31.76
2005-11-12,Krishnagiri,12.5266,78.2138,Semi-arid,21.27,25.28,18.46,90.61,2.36,1.39,11.2,31.67
2005-11-13,Krishnagiri,12.5266,78.2138,Semi-arid,19.33,25.05,14.93,80.67,1.56,0.23,17.53,31.57
2005-11-14,Krishnagiri,12.5266,78.2138,Semi-arid,18.55,25.02,12.63,83.6,1.71,0.3,21.23,31.47
2005-11-15,Krishnagiri,12.5266,78.2138,Semi-arid,19.51,26.08,14.36,82.87,1.4,0.0,18.44,31.38
2005-11-16,Krishnagiri,12.5266,78.2138,Semi-arid,17.86,23.67,13.06,78.28,1.79,0.0,22.64,31.29
2005-11-17,Krishnagiri,12.5266,78.2138,Semi-arid,17.18,24.19,10.97,81.06,1.69,0.0,22.04,31.19
2005-11-18,Krishnagiri,12.5266,78.2138,Semi-arid,17.11,23.56,11.57,81.52,1.53,0.0,22.08,31.11
2005-11-19,Krishnagiri,12.5266,78.2138,Semi-arid,18.25,24.4,12.49,85.63,1.58,0.0,21.45,31.02
2005-11-20,Krishnagiri,12.5266,78.2138,Semi-arid,19.24,25.21,14.62,84.65,2.05,0.01,18.69,30.94
2005-11-21,Krishnagiri,12.5266,78.2138,Semi-arid,19.58,24.12,15.92,91.4,3.26,15.02,5.94,30.86
2005-11-22,Krishnagiri,12.5266,78.2138,Semi-arid,21.41,23.69,19.87,95.45,3.75,17.37,5.56,30.79
2005-11-23,Krishnagiri,12.5266,78.2138,Semi-arid,20.96,23.19,18.3,94.85,3.97,37.08,2.67,30.71
2005-11-24,Krishnagiri,12.5266,78.2138,Semi-arid,19.62,21.99,17.63,93.02,3.52,21.14,7.17,30.64
2005-11-25,Krishnagiri,12.5266,78.2138,Semi-arid,20.96,24.58,18.81,92.78,2.53,15.86,10.83,30.56
2005-11-26,Krishnagiri,12.5266,78.2138,Semi-arid,20.68,24.22,18.53,91.89,2.61,3.05,8.8,30.49
2005-11-27,Krishnagiri,12.5266,78.2138,Semi-arid,20.33,24.8,17.49,90.82,2.51,1.11,11.65,30.42
2005-11-28,Krishnagiri,12.5266,78.2138,Semi-arid,19.04,24.63,15.22,88.71,2.08,0.17,18.66,30.35
2005-11-29,Krishnagiri,12.5266,78.2138,Semi-arid,18.15,23.91,13.6,86.07,2.06,0.0,18.96,30.29
2005-11-30,Krishnagiri,12.5266,78.2138,Semi-arid,19.2,26.19,12.22,80.9,1.43,0.0,20.89,30.23
2005-12-01,Krishnagiri,12.5266,78.2138,Semi-arid,19.94,26.92,13.85,81.87,1.25,0.1,18.69,30.16
2005-12-02,Krishnagiri,12.5266,78.2138,Semi-arid,20.97,26.56,15.86,89.23,1.58,11.03,14.33,30.1
2005-12-03,Krishnagiri,12.5266,78.2138,Semi-arid,22.12,25.93,18.89,92.48,2.18,20.82,8.94,30.05
2005-12-04,Krishnagiri,12.5266,78.2138,Semi-arid,21.79,24.14,19.87,95.34,2.17,6.36,9.33,30.0
2005-12-05,Krishnagiri,12.5266,78.2138,Semi-arid,21.14,25.44,18.1,91.77,2.29,0.52,13.85,29.95
2005-12-06,Krishnagiri,12.5266,78.2138,Semi-arid,19.84,24.95,15.98,88.38,2.05,0.02,18.75,29.91
2005-12-07,Krishnagiri,12.5266,78.2138,Semi-arid,20.27,26.12,15.82,89.02,1.98,0.0,20.55,29.87
2005-12-08,Krishnagiri,12.5266,78.2138,Semi-arid,17.89,24.85,11.95,77.81,1.88,0.0,21.5,29.83
2005-12-09,Krishnagiri,12.5266,78.2138,Semi-arid,19.13,25.39,14.62,80.44,2.39,5.74,13.53,29.79
2005-12-10,Krishnagiri,12.5266,78.2138,Semi-arid,19.57,24.78,15.13,89.75,3.07,6.25,8.07,29.76
2005-12-11,Krishnagiri,12.5266,78.2138,Semi-arid,20.38,24.2,17.73,92.73,2.96,3.28,7.81,29.72
2005-12-12,Krishnagiri,12.5266,78.2138,Semi-arid,20.96,25.02,18.11,92.25,2.67,4.57,6.79,29.69
2005-12-13,Krishnagiri,12.5266,78.2138,Semi-arid,20.41,23.52,18.05,93.56,2.8,5.47,6.58,29.67
2005-12-14,Krishnagiri,12.5266,78.2138,Semi-arid,21.08,25.66,17.46,89.21,2.48,0.1,11.61,29.64
2005-12-15,Krishnagiri,12.5266,78.2138,Semi-arid,19.61,24.31,16.46,86.65,2.33,0.0,17.71,29.62
2005-12-16,Krishnagiri,12.5266,78.2138,Semi-arid,18.24,24.37,14.12,85.05,2.25,0.0,19.53,29.61
2005-12-17,Krishnagiri,12.5266,78.2138,Semi-arid,19.4,25.43,13.92,89.39,2.86,4.59,12.11,29.6
2005-12-18,Krishnagiri,12.5266,78.2138,Semi-arid,20.08,23.2,18.1,92.72,2.43,3.61,9.36,29.59
2005-12-19,Krishnagiri,12.5266,78.2138,Semi-arid,20.36,24.89,17.11,90.48,2.31,1.52,12.6,29.58
2005-12-20,Krishnagiri,12.5266,78.2138,Semi-arid,21.87,27.14,17.45,88.54,1.94,0.21,13.95,29.58
2005-12-21,Krishnagiri,12.5266,78.2138,Semi-arid,22.12,27.16,17.32,87.4,1.78,0.11,11.73,29.58
2005-12-22,Krishnagiri,12.5266,78.2138,Semi-arid,22.43,27.4,18.01,83.78,1.24,0.51,18.13,29.58
2005-12-23,Krishnagiri,12.5266,78.2138,Semi-arid,22.55,27.49,18.67,81.64,0.81,0.24,16.75,29.59
2005-12-24,Krishnagiri,12.5266,78.2138,Semi-arid,21.74,26.24,18.38,86.78,1.1,0.0,16.33,29.6
2005-12-25,Krishnagiri,12.5266,78.2138,Semi-arid,20.82,25.37,17.71,86.88,1.99,0.0,16.53,29.62
2005-12-26,Krishnagiri,12.5266,78.2138,Semi-arid,18.98,24.16,14.37,85.23,1.75,0.0,16.54,29.64
2005-12-27,Krishnagiri,12.5266,78.2138,Semi-arid,17.17,23.5,12.33,81.07,1.55,0.0,20.71,29.66
2005-12-28,Krishnagiri,12.5266,78.2138,Semi-arid,18.14,24.08,13.34,87.47,1.7,0.14,13.99,29.68
2005-12-29,Krishnagiri,12.5266,78.2138,Semi-arid,17.99,24.36,13.38,83.16,1.37,0.03,18.25,29.7
2005-12-30,Krishnagiri,12.5266,78.2138,Semi-arid,17.63,24.06,12.1,84.78,1.74,0.0,17.07,29.73
2005-12-31,Krishnagiri,12.5266,78.2138,Semi-arid,18.31,23.97,13.9,85.78,2.45,0.02,15.66,29.77
2006-01-01,Krishnagiri,12.5266,78.2138,Semi-arid,17.67,23.93,11.8,85.07,2.21,0.0,17.95,29.8
2006-01-02,Krishnagiri,12.5266,78.2138,Semi-arid,17.95,23.56,13.27,85.85,1.92,0.0,15.72,29.84
2006-01-03,Krishnagiri,12.5266,78.2138,Semi-arid,18.53,24.51,14.21,85.98,1.72,0.0,16.99,29.89
2006-01-04,Krishnagiri,12.5266,78.2138,Semi-arid,19.16,25.16,13.63,86.77,1.72,0.35,16.04,29.93
2006-01-05,Krishnagiri,12.5266,78.2138,Semi-arid,20.5,25.58,16.64,89.21,2.26,0.81,14.47,29.98
2006-01-06,Krishnagiri,12.5266,78.2138,Semi-arid,19.88,24.77,16.04,85.13,2.6,0.0,15.38,30.03
2006-01-07,Krishnagiri,12.5266,78.2138,Semi-arid,21.1,26.17,16.89,88.88,2.23,0.33,14.34,30.08
2006-01-08,Krishnagiri,12.5266,78.2138,Semi-arid,21.17,24.33,18.89,92.35,2.19,3.77,10.12,30.14
2006-01-09,Krishnagiri,12.5266,78.2138,Semi-arid,22.04,26.6,18.78,88.95,2.35,0.22,15.14,30.2
2006-01-10,Krishnagiri,12.5266,78.2138,Semi-arid,20.69,26.11,16.68,85.9,2.51,0.01,19.77,30.27
2006-01-11,Krishnagiri,12.5266,78.2138,Semi-arid,18.9,25.22,15.01,83.16,2.35,0.0,20.42,30.33
2006-01-12,Krishnagiri,12.5266,78.2138,Semi-arid,19.38,26.27,14.57,85.34,2.05,0.0,18.3,30.4
2006-01-13,Krishnagiri,12.5266,78.2138,Semi-arid,19.28,25.64,14.73,82.47,2.1,0.0,21.16,30.47
2006-01-14,Krishnagiri,12.5266,78.2138,Semi-arid,19.5,26.14,14.09,81.53,1.73,0.06,21.34,30.54
2006-01-15,Krishnagiri,12.5266,78.2138,Semi-arid,20.36,26.31,15.08,84.93,1.59,0.01,18.38,30.62
2006-01-16,Krishnagiri,12.5266,78.2138,Semi-arid,20.92,27.63,15.59,84.25,1.54,0.0,19.83,30.7
2006-01-17,Krishnagiri,12.5266,78.2138,Semi-arid,21.18,27.76,16.43,81.07,1.24,0.0,20.68,30.78
2006-01-18,Krishnagiri,12.5266,78.2138,Semi-arid,19.63,27.84,13.68,75.0,1.81,0.0,22.46,30.86
2006-01-19,Krishnagiri,12.5266,78.2138,Semi-arid,18.26,26.74,11.14,70.06,1.72,0.0,22.74,30.94
2006-01-20,Krishnagiri,12.5266,78.2138,Semi-arid,18.72,27.26,11.25,67.63,1.86,0.0,22.67,31.02
2006-01-21,Krishnagiri,12.5266,78.2138,Semi-arid,19.06,27.18,11.99,70.1,1.99,0.0,22.7,31.11
2006-01-22,Krishnagiri,12.5266,78.2138,Semi-arid,19.79,27.46,12.77,65.7,1.29,0.0,22.97,31.2
2006-01-23,Krishnagiri,12.5266,78.2138,Semi-arid,20.04,27.55,13.74,60.05,1.0,0.0,22.9,31.3
2006-01-24,Krishnagiri,12.5266,78.2138,Semi-arid,20.05,28.37,14.13,64.37,1.22,0.0,22.37,31.39
2006-01-25,Krishnagiri,12.5266,78.2138,Semi-arid,18.81,26.21,13.19,76.68,1.73,0.0,20.89,31.49
2006-01-26,Krishnagiri,12.5266,78.2138,Semi-arid,18.1,25.2,10.83,75.44,1.91,0.05,20.69,31.59
2006-01-27,Krishnagiri,12.5266,78.2138,Semi-arid,19.97,25.61,16.19,85.33,2.74,0.12,14.92,31.68
2006-01-28,Krishnagiri,12.5266,78.2138,Semi-arid,19.11,26.09,13.62,78.45,2.21,0.0,22.39,31.78
2006-01-29,Krishnagiri,12.5266,78.2138,Semi-arid,17.72,25.68,11.99,73.56,1.88,0.0,23.02,31.88
2006-01-30,Krishnagiri,12.5266,78.2138,Semi-arid,17.27,25.5,10.47,76.5,1.79,0.0,23.12,31.99
2006-01-31,Krishnagiri,12.5266,78.2138,Semi-arid,17.72,25.59,12.05,79.72,2.1,0.0,22.99,32.09
2006-02-01,Krishnagiri,12.5266,78.2138,Semi-arid,18.25,25.89,12.43,80.91,2.33,0.0,22.1,32.19
2006-02-02,Krishnagiri,12.5266,78.2138,Semi-arid,18.71,26.33,13.08,80.53,2.33,0.0,22.49,32.29
2006-02-03,Krishnagiri,12.5266,78.2138,Semi-arid,19.58,26.75,13.63,81.27,2.19,0.0,17.65,32.4
2006-02-04,Krishnagiri,12.5266,78.2138,Semi-arid,21.46,28.47,15.38,82.57,2.46,0.0,19.78,32.51
2006-02-05,Krishnagiri,12.5266,78.2138,Semi-arid,21.51,29.59,15.38,72.13,2.3,0.0,22.91,32.62
2006-02-06,Krishnagiri,12.5266,78.2138,Semi-arid,19.17,28.35,12.05,63.59,2.1,0.0,24.07,32.72
2006-02-07,Krishnagiri,12.5266,78.2138,Semi-arid,18.71,28.02,11.05,64.69,2.01,0.0,23.81,32.83
2006-02-08,Krishnagiri,12.5266,78.2138,Semi-arid,18.33,27.66,11.34,69.89,2.12,0.0,20.47,32.94
2006-02-09,Krishnagiri,12.5266,78.2138,Semi-arid,19.04,28.14,11.07,68.58,1.6,0.0,21.67,33.05
2006-02-10,Krishnagiri,12.5266,78.2138,Semi-arid,19.96,28.74,14.03,66.19,2.05,0.0,22.84,33.16
2006-02-11,Krishnagiri,12.5266,78.2138,Semi-arid,20.12,28.46,13.36,69.28,2.46,0.0,23.52,33.27
2006-02-12,Krishnagiri,12.5266,78.2138,Semi-arid,19.8,28.17,13.08,66.63,2.34,0.0,24.09,33.38
2006-02-13,Krishnagiri,12.5266,78.2138,Semi-arid,18.99,28.2,11.29,65.49,2.12,0.0,25.02,33.49
2006-02-14,Krishnagiri,12.5266,78.2138,Semi-arid,20.01,29.86,11.93,56.64,2.07,0.0,25.19,33.6
2006-02-15,Krishnagiri,12.5266,78.2138,Semi-arid,21.36,31.37,14.47,57.28,1.35,0.0,23.31,33.71
2006-02-16,Krishnagiri,12.5266,78.2138,Semi-arid,21.94,32.4,14.78,60.29,1.23,0.0,25.02,33.82
2006-02-17,Krishnagiri,12.5266,78.2138,Semi-arid,22.26,33.03,14.83,63.83,1.74,0.0,24.81,33.93
2006-02-18,Krishnagiri,12.5266,78.2138,Semi-arid,22.43,32.46,15.03,64.88,2.28,0.0,24.86,34.04
2006-02-19,Krishnagiri,12.5266,78.2138,Semi-arid,22.89,32.67,16.36,60.22,1.9,0.0,24.94,34.15
2006-02-20,Krishnagiri,12.5266,78.2138,Semi-arid,22.92,33.06,16.03,56.65,2.24,0.0,25.25,34.25
2006-02-21,Krishnagiri,12.5266,78.2138,Semi-arid,22.37,31.96,16.03,58.92,1.95,0.0,24.12,34.36
2006-02-22,Krishnagiri,12.5266,78.2138,Semi-arid,22.02,32.17,14.76,53.63,2.45,0.0,25.68,34.46
2006-02-23,Krishnagiri,12.5266,78.2138,Semi-arid,21.65,31.81,14.57,50.68,2.31,0.0,23.54,34.57
2006-02-24,Krishnagiri,12.5266,78.2138,Semi-arid,21.71,32.3,13.01,47.06,2.34,0.0,26.37,34.67
2006-02-25,Krishnagiri,12.5266,78.2138,Semi-arid,22.65,33.36,15.4,43.1,1.68,0.0,24.35,34.77
2006-02-26,Krishnagiri,12.5266,78.2138,Semi-arid,22.4,32.3,14.4,49.29,1.6,0.0,20.37,34.88
2006-02-27,Krishnagiri,12.5266,78.2138,Semi-arid,23.86,33.68,16.12,59.67,1.22,0.0,24.7,34.98
2006-02-28,Krishnagiri,12.5266,78.2138,Semi-arid,24.86,33.37,18.07,68.67,1.38,0.0,22.72,35.08
2006-03-01,Krishnagiri,12.5266,78.2138,Semi-arid,26.0,34.4,19.87,67.35,1.49,0.0,22.42,35.18
2006-03-02,Krishnagiri,12.5266,78.2138,Semi-arid,25.83,33.72,19.72,67.82,2.09,0.74,24.01,35.27
2006-03-03,Krishnagiri,12.5266,78.2138,Semi-arid,24.74,30.52,21.14,79.4,2.35,13.21,15.06,35.37
2006-03-04,Krishnagiri,12.5266,78.2138,Semi-arid,25.22,32.5,20.53,69.65,1.88,3.62,17.03,35.47
2006-03-05,Krishnagiri,12.5266,78.2138,Semi-arid,26.13,34.72,20.46,68.73,1.48,8.71,23.68,35.56
2006-03-06,Krishnagiri,12.5266,78.2138,Semi-arid,24.78,31.27,20.57,74.79,1.67,19.45,22.24,35.66
2006-03-07,Krishnagiri,12.5266,78.2138,Semi-arid,24.46,31.24,19.83,71.61,1.9,0.32,25.01,35.75
2006-03-08,Krishnagiri,12.5266,78.2138,Semi-arid,24.58,32.61,18.67,61.44,2.04,0.0,24.83,35.84
2006-03-09,Krishnagiri,12.5266,78.2138,Semi-arid,24.24,29.89,20.18,76.94,2.04,3.23,20.41,35.93
2006-03-10,Krishnagiri,12.5266,78.2138,Semi-arid,24.98,31.63,19.68,74.25,1.72,3.82,20.39,36.01
2006-03-11,Krishnagiri,12.5266,78.2138,Semi-arid,25.5,31.83,19.95,75.58,1.16,4.48,18.52,36.1
2006-03-12,Krishnagiri,12.5266,78.2138,Semi-arid,26.09,33.21,20.69,67.22,1.31,0.97,23.51,36.18
2006-03-13,Krishnagiri,12.5266,78.2138,Semi-arid,24.76,30.55,20.28,73.0,1.57,0.0,21.34,36.26
2006-03-14,Krishnagiri,12.5266,78.2138,Semi-arid,25.52,32.57,20.09,70.48,1.87,0.01,20.83,36.35
2006-03-15,Krishnagiri,12.5266,78.2138,Semi-arid,25.57,32.52,19.79,69.07,1.84,0.0,24.47,36.42
2006-03-16,Krishnagiri,12.5266,78.2138,Semi-arid,25.49,32.06,20.82,69.88,1.68,0.0,21.72,36.5
2006-03-17,Krishnagiri,12.5266,78.2138,Semi-arid,25.99,32.79,19.98,66.45,1.16,0.0,19.04,36.58
2006-03-18,Krishnagiri,12.5266,78.2138,Semi-arid,26.37,34.37,19.73,61.74,2.08,0.0,23.92,36.65
2006-03-19,Krishnagiri,12.5266,78.2138,Semi-arid,25.68,33.68,18.8,63.98,2.6,0.0,23.83,36.72
2006-03-20,Krishnagiri,12.5266,78.2138,Semi-arid,25.62,33.82,19.0,61.43,2.36,0.0,24.95,36.79
2006-03-21,Krishnagiri,12.5266,78.2138,Semi-arid,25.61,35.34,18.25,57.66,2.21,0.0,26.36,36.86
2006-03-22,Krishnagiri,12.5266,78.2138,Semi-arid,25.83,35.8,16.78,53.8,1.76,0.0,25.79,36.92
2006-03-23,Krishnagiri,12.5266,78.2138,Semi-arid,26.75,36.58,18.12,52.4,2.05,0.04,23.86,36.99
2006-03-24,Krishnagiri,12.5266,78.2138,Semi-arid,27.05,36.66,18.69,53.06,1.75,0.09,24.85,37.05
2006-03-25,Krishnagiri,12.5266,78.2138,Semi-arid,26.6,36.06,18.67,55.8,1.51,0.0,25.08,37.11
2006-03-26,Krishnagiri,12.5266,78.2138,Semi-arid,27.02,36.76,19.08,50.37,1.47,0.0,25.44,37.16
2006-03-27,Krishnagiri,12.5266,78.2138,Semi-arid,27.45,37.48,18.57,46.75,1.81,0.0,26.07,37.22
2006-03-28,Krishnagiri,12.5266,78.2138,Semi-arid,27.1,37.42,18.94,48.94,2.38,0.0,26.84,37.27
2006-03-29,Krishnagiri,12.5266,78.2138,Semi-arid,26.92,36.58,18.42,55.38,2.21,0.0,26.18,37.32
2006-03-30,Krishnagiri,12.5266,78.2138,Semi-arid,27.91,36.45,20.75,57.21,2.26,0.0,24.44,37.37
2006-03-31,Krishnagiri,12.5266,78.2138,Semi-arid,28.0,36.9,21.04,50.39,2.0,0.0,25.75,37.42
2006-04-01,Krishnagiri,12.5266,78.2138,Semi-arid,28.6,37.49,20.76,43.06,2.06,0.0,26.28,37.46
2006-04-02,Krishnagiri,12.5266,78.2138,Semi-arid,28.68,37.59,20.53,44.79,1.92,0.0,25.95,37.5
2006-04-03,Krishnagiri,12.5266,78.2138,Semi-arid,28.87,36.89,21.12,47.37,1.66,0.29,25.13,37.54
2006-04-04,Krishnagiri,12.5266,78.2138,Semi-arid,29.59,37.44,21.77,44.12,1.87,0.0,25.0,37.58
2006-04-05,Krishnagiri,12.5266,78.2138,Semi-arid,29.78,37.57,23.31,44.99,1.88,0.0,24.85,37.63
2006-04-06,Krishnagiri,12.5266,78.2138,Semi-arid,30.81,39.16,22.91,42.01,1.93,0.0,24.57,37.67
2006-04-07,Krishnagiri,12.5266,78.2138,Semi-arid,31.21,39.61,22.9,38.01,1.58,0.0,24.09,37.71
2006-04-08,Krishnagiri,12.5266,78.2138,Semi-arid,31.03,38.94,23.37,41.81,1.93,0.0,22.85,37.75
2006-04-09,Krishnagiri,12.5266,78.2138,Semi-arid,30.83,38.55,23.83,43.4,2.42,0.0,24.24,37.78
2006-04-10,Krishnagiri,12.5266,78.2138,Semi-arid,30.13,38.44,22.95,47.77,2.55,0.0,24.12,37.81
2006-04-11,Krishnagiri,12.5266,78.2138,Semi-arid,30.09,38.94,22.14,46.57,1.82,0.0,25.84,37.84
2006-04-12,Krishnagiri,12.5266,78.2138,Semi-arid,31.12,39.91,23.44,44.91,2.03,0.0,22.38,37.87
2006-04-13,Krishnagiri,12.5266,78.2138,Semi-arid,30.39,38.46,23.0,46.59,2.37,0.0,25.27,37.89
2006-04-14,Krishnagiri,12.5266,78.2138,Semi-arid,28.91,35.7,23.26,54.12,2.94,0.2,24.87,37.92
2006-04-15,Krishnagiri,12.5266,78.2138,Semi-arid,27.67,34.74,23.7,62.16,2.11,10.73,11.78,37.94
2006-04-16,Krishnagiri,12.5266,78.2138,Semi-arid,24.22,27.43,22.26,81.13,2.68,5.17,17.31,37.96
2006-04-17,Krishnagiri,12.5266,78.2138,Semi-arid,25.03,30.02,21.51,77.88,2.09,9.47,19.34,37.97
2006-04-18,Krishnagiri,12.5266,78.2138,Semi-arid,26.99,34.06,20.98,67.79,2.0,1.28,19.23,37.99
2006-04-19,Krishnagiri,12.5266,78.2138,Semi-arid,27.77,35.62,21.3,61.86,1.78,0.13,22.73,38.0
2006-04-20,Krishnagiri,12.5266,78.2138,Semi-arid,27.55,34.44,21.69,60.66,2.0,0.05,24.69,38.01
2006-04-21,Krishnagiri,12.5266,78.2138,Semi-arid,27.41,35.5,20.83,57.02,2.28,0.0,24.89,38.02
2006-04-22,Krishnagiri,12.5266,78.2138,Semi-arid,27.2,36.62,19.26,48.84,2.07,0.0,24.39,38.03
2006-04-23,Krishnagiri,12.5266,78.2138,Semi-arid,28.26,37.96,19.89,46.41,2.29,0.0,27.2,38.04
2006-04-24,Krishnagiri,12.5266,78.2138,Semi-arid,28.99,37.85,21.17,43.57,2.3,0.0,26.46,38.05
2006-04-25,Krishnagiri,12.5266,78.2138,Semi-arid,30.04,37.48,21.14,44.76,1.25,0.14,23.85,38.05
2006-04-26,Krishnagiri,12.5266,78.2138,Semi-arid,31.36,38.19,23.66,44.95,1.19,0.39,21.41,38.06
2006-04-27,Krishnagiri,12.5266,78.2138,Semi-arid,32.71,39.19,26.21,39.55,1.05,0.0,19.86,38.06
2006-04-28,Krishnagiri,12.5266,78.2138,Semi-arid,33.42,40.67,26.86,38.07,1.41,0.0,21.52,38.06
2006-04-29,Krishnagiri,12.5266,78.2138,Semi-arid,32.04,38.94,26.18,42.22,1.55,0.0,24.1,38.06
2006-04-30,Krishnagiri,12.5266,78.2138,Semi-arid,32.47,41.11,24.86,36.88,2.67,0.0,25.6,38.07
2006-05-01,Krishnagiri,12.5266,78.2138,Semi-arid,32.95,40.85,25.88,33.81,3.04,0.0,21.83,38.07
2006-05-02,Krishnagiri,12.5266,78.2138,Semi-arid,32.24,39.2,26.45,44.3,1.94,3.93,19.7,38.07
2006-05-03,Krishnagiri,12.5266,78.2138,Semi-arid,28.95,35.09,24.56,59.86,2.19,1.58,22.08,38.07
2006-05-04,Krishnagiri,12.5266,78.2138,Semi-arid,28.08,34.44,23.24,61.06,1.79,0.45,20.93,38.06
2006-05-05,Krishnagiri,12.5266,78.2138,Semi-arid,28.38,35.34,22.62,59.31,2.31,0.06,22.71,38.06
2006-05-06,Krishnagiri,12.5266,78.2138,Semi-arid,28.14,33.21,23.85,62.78,1.52,0.11,22.78,38.05
2006-05-07,Krishnagiri,12.5266,78.2138,Semi-arid,30.6,38.57,23.74,47.99,1.9,0.13,23.02,38.04
2006-05-08,Krishnagiri,12.5266,78.2138,Semi-arid,30.14,37.58,23.55,47.83,2.39,0.83,25.37,38.03
2006-05-09,Krishnagiri,12.5266,78.2138,Semi-arid,29.07,37.67,21.59,49.79,2.42,6.1,25.82,38.03
2006-05-10,Krishnagiri,12.5266,78.2138,Semi-arid,28.43,35.6,21.92,62.43,1.5,7.55,24.58,38.02
2006-05-11,Krishnagiri,12.5266,78.2138,Semi-arid,28.69,34.23,23.78,62.93,1.11,6.85,22.65,38.01
2006-05-12,Krishnagiri,12.5266,78.2138,Semi-arid,28.39,33.72,23.69,65.84,1.52,11.0,24.71,38.0
2006-05-13,Krishnagiri,12.5266,78.2138,Semi-arid,26.41,30.7,23.17,73.18,2.0,5.41,22.1,37.98
2006-05-14,Krishnagiri,12.5266,78.2138,Semi-arid,27.74,32.31,22.45,63.64,1.26,0.04,22.11,37.97
2006-05-15,Krishnagiri,12.5266,78.2138,Semi-arid,29.17,35.91,22.78,59.7,1.5,0.61,22.62,37.96
2006-05-16,Krishnagiri,12.5266,78.2138,Semi-arid,27.98,32.6,23.53,68.68,1.68,13.8,24.04,37.94
2006-05-17,Krishnagiri,12.5266,78.2138,Semi-arid,27.54,32.71,23.51,70.79,2.71,4.51,23.58,37.93
2006-05-18,Krishnagiri,12.5266,78.2138,Semi-arid,26.3,31.76,22.84,75.44,2.73,15.69,15.85,37.91
2006-05-19,Krishnagiri,12.5266,78.2138,Semi-arid,27.21,33.41,21.98,68.46,3.62,0.7,24.58,37.9
2006-05-20,Krishnagiri,12.5266,78.2138,Semi-arid,27.38,34.48,21.93,63.15,3.16,0.0,24.22,37.88
2006-05-21,Krishnagiri,12.5266,78.2138,Semi-arid,27.68,34.83,21.56,60.19,3.42,0.79,25.31,37.87
2006-05-22,Krishnagiri,12.5266,78.2138,Semi-arid,28.56,36.61,21.74,60.57,3.45,0.18,26.43,37.86
2006-05-23,Krishnagiri,12.5266,78.2138,Semi-arid,28.8,36.14,22.21,59.93,3.34,0.31,26.1,37.85
2006-05-24,Krishnagiri,12.5266,78.2138,Semi-arid,27.87,33.6,22.95,61.3,4.2,0.23,21.43,37.83
2006-05-25,Krishnagiri,12.5266,78.2138,Semi-arid,25.29,30.02,22.44,74.0,3.89,6.22,21.93,37.82
2006-05-26,Krishnagiri,12.5266,78.2138,Semi-arid,25.47,29.96,21.88,72.37,4.77,9.36,15.13,37.8
2006-05-27,Krishnagiri,12.5266,78.2138,Semi-arid,24.53,30.93,20.83,73.21,4.76,1.34,16.62,37.79
2006-05-28,Krishnagiri,12.5266,78.2138,Semi-arid,24.99,31.5,21.06,76.36,3.86,2.03,19.74,37.77
2006-05-29,Krishnagiri,12.5266,78.2138,Semi-arid,25.94,31.84,21.97,71.07,5.1,2.45,18.45,37.76
2006-05-30,Krishnagiri,12.5266,78.2138,Semi-arid,26.26,33.02,21.75,70.74,4.77,1.0,17.62,37.75
2006-05-31,Krishnagiri,12.5266,78.2138,Semi-arid,25.99,32.25,21.98,67.26,4.97,3.12,19.28,37.73
2006-06-01,Krishnagiri,12.5266,78.2138,Semi-arid,25.74,31.63,21.4,70.82,4.86,1.71,22.13,37.72
2006-06-02,Krishnagiri,12.5266,78.2138,Semi-arid,25.89,32.44,21.35,71.67,3.79,1.61,19.95,37.7
2006-06-03,Krishnagiri,12.5266,78.2138,Semi-arid,25.44,30.96,21.45,74.29,4.1,7.77,21.17,37.69
2006-06-04,Krishnagiri,12.5266,78.2138,Semi-arid,25.27,30.6,21.56,69.18,3.91,1.23,20.37,37.68
2006-06-05,Krishnagiri,12.5266,78.2138,Semi-arid,25.15,31.61,19.99,68.78,4.37,0.12,19.73,37.66
2006-06-06,Krishnagiri,12.5266,78.2138,Semi-arid,24.67,30.75,20.26,70.94,3.63,5.19,21.06,37.65
2006-06-07,Krishnagiri,12.5266,78.2138,Semi-arid,25.03,31.25,20.62,71.33,3.39,1.39,22.27,37.63
2006-06-08,Krishnagiri,12.5266,78.2138,Semi-arid,26.33,33.57,19.84,64.99,2.96,0.02,24.6,37.62
2006-06-09,Krishnagiri,12.5266,78.2138,Semi-arid,27.46,33.7,21.53,65.99,2.67,0.12,25.6,37.61
2006-06-10,Krishnagiri,12.5266,78.2138,Semi-arid,26.85,31.96,22.19,65.7,2.71,0.02,25.41,37.6
2006-06-11,Krishnagiri,12.5266,78.2138,Semi-arid,26.83,32.71,21.7,67.78,2.64,0.0,25.25,37.59
2006-06-12,Krishnagiri,12.5266,78.2138,Semi-arid,27.03,32.95,21.53,65.76,2.99,0.67,25.57,37.58
2006-06-13,Krishnagiri,12.5266,78.2138,Semi-arid,25.07,29.79,22.14,69.18,3.21,5.8,22.06,37.57
2006-06-14,Krishnagiri,12.5266,78.2138,Semi-arid,25.98,31.63,21.81,71.44,2.04,1.14,19.89,37.56
2006-06-15,Krishnagiri,12.5266,78.2138,Semi-arid,25.68,29.82,22.55,76.08,2.05,2.92,22.81,37.55
2006-06-16,Krishnagiri,12.5266,78.2138,Semi-arid,26.06,31.71,22.38,73.33,2.14,8.41,22.83,37.55
2006-06-17,Krishnagiri,12.5266,78.2138,Semi-arid,25.91,30.64,21.35,72.25,1.54,4.19,23.59,37.54
2006-06-18,Krishnagiri,12.5266,78.2138,Semi-arid,26.64,30.58,22.39,72.46,1.46,1.83,21.78,37.53
2006-06-19,Krishnagiri,12.5266,78.2138,Semi-arid,26.35,29.8,23.36,75.85,1.02,25.66,22.53,37.52
2006-06-20,Krishnagiri,12.5266,78.2138,Semi-arid,25.28,31.07,20.03,73.57,2.1,7.63,20.12,37.52
2006-06-21,Krishnagiri,12.5266,78.2138,Semi-arid,24.43,27.98,21.67,81.39,1.94,0.54,20.21,37.51
2006-06-22,Krishnagiri,12.5266,78.2138,Semi-arid,25.69,30.19,22.06,76.93,1.9,3.78,22.64,37.51
2006-06-23,Krishnagiri,12.5266,78.2138,Semi-arid,25.06,29.24,21.95,80.97,3.23,0.87,18.79,37.5
2006-06-24,Krishnagiri,12.5266,78.2138,Semi-arid,25.56,32.08,21.08,74.51,4.31,0.2,20.04,37.5
2006-06-25,Krishnagiri,12.5266,78.2138,Semi-arid,25.39,31.21,21.37,73.97,5.0,3.69,16.59,37.5
2006-06-26,Krishnagiri,12.5266,78.2138,Semi-arid,24.22,28.41,20.87,77.81,4.57,0.61,19.5,37.5
2006-06-27,Krishnagiri,12.5266,78.2138,Semi-arid,25.57,32.0,21.12,75.78,4.26,0.35,19.47,37.49
2006-06-28,Krishnagiri,12.5266,78.2138,Semi-arid,25.11,30.24,21.4,76.75,4.85,0.18,12.39,37.49
2006-06-29,Krishnagiri,12.5266,78.2138,Semi-arid,25.66,31.64,21.54,73.76,4.7,1.1,16.32,37.49
2006-06-30,Krishnagiri,12.5266,78.2138,Semi-arid,24.53,28.89,20.95,75.08,4.95,0.73,12.35,37.49
2006-07-01,Krishnagiri,12.5266,78.2138,Semi-arid,25.87,32.25,21.05,70.11,6.1,0.01,18.41,37.49
2006-07-02,Krishnagiri,12.5266,78.2138,Semi-arid,25.09,29.99,21.1,73.74,6.41,0.03,15.19,37.49
2006-07-03,Krishnagiri,12.5266,78.2138,Semi-arid,25.52,30.69,22.14,70.01,6.7,0.03,16.58,37.49
2006-07-04,Krishnagiri,12.5266,78.2138,Semi-arid,25.92,31.77,22.11,68.1,6.86,0.74,16.8,37.49
2006-07-05,Krishnagiri,12.5266,78.2138,Semi-arid,25.7,31.73,21.35,67.82,6.03,0.01,22.58,37.49
2006-07-06,Krishnagiri,12.5266,78.2138,Semi-arid,25.84,32.42,20.72,69.01,5.51,0.03,23.72,37.5
2006-07-07,Krishnagiri,12.5266,78.2138,Semi-arid,25.8,32.04,20.59,70.16,4.96,0.16,21.42,37.51
2006-07-08,Krishnagiri,12.5266,78.2138,Semi-arid,26.74,33.57,21.37,68.87,5.05,0.1,19.23,37.51
2006-07-09,Krishnagiri,12.5266,78.2138,Semi-arid,26.11,32.03,21.44,70.07,5.06,0.28,19.93,37.51
2006-07-10,Krishnagiri,12.5266,78.2138,Semi-arid,25.69,31.88,20.79,69.88,5.08,0.3,21.34,37.52
2006-07-11,Krishnagiri,12.5266,78.2138,Semi-arid,25.84,32.67,20.83,68.95,5.29,1.25,19.91,37.52
2006-07-12,Krishnagiri,12.5266,78.2138,Semi-arid,25.09,31.29,21.07,73.1,5.05,7.01,15.5,37.53
2006-07-13,Krishnagiri,12.5266,78.2138,Semi-arid,24.6,30.03,20.7,74.19,5.27,2.44,19.86,37.53
2006-07-14,Krishnagiri,12.5266,78.2138,Semi-arid,24.74,30.17,20.86,76.8,4.6,2.67,18.82,37.54
2006-07-15,Krishnagiri,12.5266,78.2138,Semi-arid,25.18,30.79,21.32,76.52,5.06,8.88,13.84,37.54
2006-07-16,Krishnagiri,12.5266,78.2138,Semi-arid,25.59,31.56,20.72,72.36,5.54,0.17,18.7,37.55
2006-07-17,Krishnagiri,12.5266,78.2138,Semi-arid,25.9,32.45,21.02,68.29,6.04,0.9,19.88,37.55
2006-07-18,Krishnagiri,12.5266,78.2138,Semi-arid,25.31,32.0,20.44,71.02,5.58,7.7,22.14,37.56
2006-07-19,Krishnagiri,12.5266,78.2138,Semi-arid,25.96,33.13,20.67,70.03,4.62,1.62,18.73,37.56
2006-07-20,Krishnagiri,12.5266,78.2138,Semi-arid,25.57,32.08,20.49,72.15,4.87,2.87,22.62,37.57
2006-07-21,Krishnagiri,12.5266,78.2138,Semi-arid,25.77,32.07,20.94,70.34,4.82,0.02,20.78,37.58
2006-07-22,Krishnagiri,12.5266,78.2138,Semi-arid,25.5,31.51,20.94,69.6,4.41,0.0,20.79,37.58
2006-07-23,Krishnagiri,12.5266,78.2138,Semi-arid,24.85,31.62,19.85,69.04,4.42,0.52,22.82,37.59
2006-07-24,Krishnagiri,12.5266,78.2138,Semi-arid,26.5,33.96,20.91,65.57,4.02,0.32,24.05,37.59
2006-07-25,Krishnagiri,12.5266,78.2138,Semi-arid,26.02,32.24,20.84,69.75,2.85,0.33,12.88,37.6
2006-07-26,Krishnagiri,12.5266,78.2138,Semi-arid,24.61,29.63,21.47,76.61,3.03,4.37,12.55,37.61
2006-07-27,Krishnagiri,12.5266,78.2138,Semi-arid,24.03,29.25,20.16,74.87,4.48,2.43,14.01,37.61
2006-07-28,Krishnagiri,12.5266,78.2138,Semi-arid,23.98,30.84,19.79,68.98,5.76,0.91,15.34,37.62
2006-07-29,Krishnagiri,12.5266,78.2138,Semi-arid,25.22,32.74,19.82,65.92,5.6,0.06,21.52,37.62
2006-07-30,Krishnagiri,12.5266,78.2138,Semi-arid,25.94,33.61,20.16,67.04,4.67,0.01,21.19,37.63
2006-07-31,Krishnagiri,12.5266,78.2138,Semi-arid,25.41,31.97,20.5,69.05,4.95,0.26,22.74,37.63
2006-08-01,Krishnagiri,12.5266,78.2138,Semi-arid,26.32,34.2,19.91,64.89,4.76,0.09,17.22,37.64
2006-08-02,Krishnagiri,12.5266,78.2138,Semi-arid,25.55,32.19,20.26,65.75,5.22,0.0,19.22,37.64
2006-08-03,Krishnagiri,12.5266,78.2138,Semi-arid,25.64,32.23,20.44,68.69,5.17,0.39,17.65,37.64
2006-08-04,Krishnagiri,12.5266,78.2138,Semi-arid,25.81,31.77,21.09,68.66,4.82,0.04,17.73,37.64
2006-08-05,Krishnagiri,12.5266,78.2138,Semi-arid,25.16,31.14,20.98,70.59,4.69,0.02,19.23,37.64
2006-08-06,Krishnagiri,12.5266,78.2138,Semi-arid,26.09,32.78,19.93,66.16,4.15,0.69,20.31,37.64
2006-08-07,Krishnagiri,12.5266,78.2138,Semi-arid,26.83,34.36,20.65,63.66,3.96,0.09,23.6,37.64
2006-08-08,Krishnagiri,12.5266,78.2138,Semi-arid,25.29,31.53,20.88,67.13,4.3,0.37,23.48,37.64
2006-08-09,Krishnagiri,12.5266,78.2138,Semi-arid,25.31,32.41,19.32,67.88,4.81,2.14,20.74,37.64
2006-08-10,Krishnagiri,12.5266,78.2138,Semi-arid,25.36,31.54,20.36,69.32,5.14,0.34,17.95,37.64
2006-08-11,Krishnagiri,12.5266,78.2138,Semi-arid,25.32,31.27,21.09,70.83,5.49,1.6,15.13,37.63
2006-08-12,Krishnagiri,12.5266,78.2138,Semi-arid,24.79,29.53,21.05,73.43,5.6,3.27,15.52,37.62
2006-08-13,Krishnagiri,12.5266,78.2138,Semi-arid,25.1,30.5,21.23,72.31,5.36,2.62,19.59,37.61
2006-08-14,Krishnagiri,12.5266,78.2138,Semi-arid,25.06,31.96,20.81,70.15,5.3,1.18,22.26,37.6
2006-08-15,Krishnagiri,12.5266,78.2138,Semi-arid,25.57,32.14,20.43,70.26,5.8,1.15,19.26,37.6
2006-08-16,Krishnagiri,12.5266,78.2138,Semi-arid,25.74,31.5,21.33,67.61,6.39,1.43,17.5,37.59
2006-08-17,Krishnagiri,12.5266,78.2138,Semi-arid,26.04,32.53,21.38,67.3,5.78,0.48,15.43,37.58
2006-08-18,Krishnagiri,12.5266,78.2138,Semi-arid,25.51,31.57,20.92,71.35,4.4,3.0,19.16,37.58
2006-08-19,Krishnagiri,12.5266,78.2138,Semi-arid,26.25,33.41,20.56,70.91,2.69,4.15,21.41,37.57
2006-08-20,Krishnagiri,12.5266,78.2138,Semi-arid,25.73,30.86,21.7,73.13,2.74,9.86,22.79,37.56
2006-08-21,Krishnagiri,12.5266,78.2138,Semi-arid,24.51,27.71,22.04,79.34,2.13,7.9,15.79,37.55
2006-08-22,Krishnagiri,12.5266,78.2138,Semi-arid,26.13,33.24,20.85,70.9,2.06,1.49,17.71,37.53
2006-08-23,Krishnagiri,12.5266,78.2138,Semi-arid,24.78,28.61,22.21,74.53,1.7,1.34,20.06,37.51
2006-08-24,Krishnagiri,12.5266,78.2138,Semi-arid,25.75,30.84,21.26,68.56,1.85,4.54,20.45,37.5
2006-08-25,Krishnagiri,12.5266,78.2138,Semi-arid,25.14,30.23,21.04,75.46,1.8,10.35,22.36,37.48
2006-08-26,Krishnagiri,12.5266,78.2138,Semi-arid,25.16,30.5,21.11,73.46,3.13,5.58,24.2,37.45
2006-08-27,Krishnagiri,12.5266,78.2138,Semi-arid,25.7,32.39,20.63,65.88,4.05,0.05,25.65,37.43
2006-08-28,Krishnagiri,12.5266,78.2138,Semi-arid,25.13,32.01,20.12,69.04,4.22,0.43,21.46,37.41
2006-08-29,Krishnagiri,12.5266,78.2138,Semi-arid,25.33,32.68,20.02,66.82,4.26,0.18,16.99,37.39
2006-08-30,Krishnagiri,12.5266,78.2138,Semi-arid,25.17,31.49,20.29,69.95,3.76,0.13,21.98,37.37
2006-08-31,Krishnagiri,12.5266,78.2138,Semi-arid,26.67,34.62,20.22,64.46,3.22,0.24,21.74,37.34
2006-09-01,Krishnagiri,12.5266,78.2138,Semi-arid,26.72,33.71,20.91,67.36,2.39,7.32,23.35,37.31
2006-09-02,Krishnagiri,12.5266,78.2138,Semi-arid,25.59,31.25,21.31,74.19,1.81,7.67,19.6,37.28
2006-09-03,Krishnagiri,12.5266,78.2138,Semi-arid,25.61,29.98,22.26,77.79,1.07,5.89,20.74,37.25
2006-09-04,Krishnagiri,12.5266,78.2138,Semi-arid,24.16,27.11,22.29,84.43,1.33,1.59,15.31,37.22
2006-09-05,Krishnagiri,12.5266,78.2138,Semi-arid,25.66,32.14,21.23,70.06,2.38,0.0,20.91,37.18
2006-09-06,Krishnagiri,12.5266,78.2138,Semi-arid,25.1,29.75,20.85,76.54,1.58,12.65,21.11,37.15
2006-09-07,Krishnagiri,12.5266,78.2138,Semi-arid,25.11,30.53,20.96,78.69,1.97,2.22,20.02,37.11
2006-09-08,Krishnagiri,12.5266,78.2138,Semi-arid,24.83,29.45,21.68,79.0,2.0,0.85,19.97,37.07
2006-09-09,Krishnagiri,12.5266,78.2138,Semi-arid,25.06,31.76,20.52,72.76,2.07,2.4,17.98,37.02
2006-09-10,Krishnagiri,12.5266,78.2138,Semi-arid,24.55,28.83,21.2,79.65,1.59,1.31,21.43,36.98
2006-09-11,Krishnagiri,12.5266,78.2138,Semi-arid,25.29,32.09,20.45,75.67,2.28,0.83,20.0,36.94
2006-09-12,Krishnagiri,12.5266,78.2138,Semi-arid,25.76,31.78,21.22,75.5,2.19,0.85,22.54,36.89
2006-09-13,Krishnagiri,12.5266,78.2138,Semi-arid,24.58,28.48,21.83,81.35,2.96,2.37,21.42,36.84
2006-09-14,Krishnagiri,12.5266,78.2138,Semi-arid,23.81,28.54,20.8,80.79,3.71,3.35,15.96,36.79
2006-09-15,Krishnagiri,12.5266,78.2138,Semi-arid,23.17,27.98,19.99,82.67,3.37,1.08,13.76,36.74
2006-09-16,Krishnagiri,12.5266,78.2138,Semi-arid,23.49,27.89,20.37,79.49,3.91,1.04,15.0,36.69
2006-09-17,Krishnagiri,12.5266,78.2138,Semi-arid,24.62,31.3,20.48,74.35,4.21,0.65,16.19,36.63
2006-09-18,Krishnagiri,12.5266,78.2138,Semi-arid,25.11,32.27,20.1,70.66,4.54,0.24,18.42,36.57
2006-09-19,Krishnagiri,12.5266,78.2138,Semi-arid,25.31,32.48,19.77,71.07,4.33,1.77,18.58,36.52
2006-09-20,Krishnagiri,12.5266,78.2138,Semi-arid,25.47,32.49,20.49,72.29,3.66,0.56,18.59,36.46
2006-09-21,Krishnagiri,12.5266,78.2138,Semi-arid,25.74,32.66,20.25,69.87,3.7,0.24,18.79,36.39
2006-09-22,Krishnagiri,12.5266,78.2138,Semi-arid,24.92,30.62,20.51,71.27,3.56,0.07,20.22,36.33
2006-09-23,Krishnagiri,12.5266,78.2138,Semi-arid,25.71,32.66,19.99,70.78,2.76,0.51,22.09,36.27
2006-09-24,Krishnagiri,12.5266,78.2138,Semi-arid,24.3,28.22,21.2,80.05,2.02,4.74,15.12,36.2
2006-09-25,Krishnagiri,12.5266,78.2138,Semi-arid,23.71,28.34,20.58,79.84,3.1,3.91,16.93,36.13
2006-09-26,Krishnagiri,12.5266,78.2138,Semi-arid,24.85,31.96,19.55,72.17,4.34,1.51,14.07,36.06
2006-09-27,Krishnagiri,12.5266,78.2138,Semi-arid,25.68,33.0,19.82,63.98,2.82,2.02,20.87,35.99
2006-09-28,Krishnagiri,12.5266,78.2138,Semi-arid,26.24,33.15,20.5,69.95,2.79,0.71,21.27,35.92
2006-09-29,Krishnagiri,12.5266,78.2138,Semi-arid,25.92,32.45,20.81,69.73,2.65,1.09,17.81,35.84
2006-09-30,Krishnagiri,12.5266,78.2138,Semi-arid,25.62,32.08,20.61,70.96,2.98,2.9,21.23,35.77
2006-10-01,Krishnagiri,12.5266,78.2138,Semi-arid,26.3,33.89,21.09,69.23,3.31,1.4,21.61,35.69
2006-10-02,Krishnagiri,12.5266,78.2138,Semi-arid,25.89,32.86,20.53,73.29,2.68,9.57,20.96,35.61
2006-10-03,Krishnagiri,12.5266,78.2138,Semi-arid,26.77,33.63,20.72,69.33,1.67,0.66,23.23,35.53
2006-10-04,Krishnagiri,12.5266,78.2138,Semi-arid,25.68,31.52,21.91,72.33,2.39,3.54,18.53,35.45
2006-10-05,Krishnagiri,12.5266,78.2138,Semi-arid,25.64,31.93,20.89,72.49,2.96,0.35,21.85,35.37
2006-10-06,Krishnagiri,12.5266,78.2138,Semi-arid,25.56,31.2,21.11,75.05,2.82,3.59,18.59,35.29
2006-10-07,Krishnagiri,12.5266,78.2138,Semi-arid,25.33,31.1,21.39,77.99,2.13,5.12,19.02,35.2
2006-10-08,Krishnagiri,12.5266,78.2138,Semi-arid,25.26,31.12,22.0,80.3,2.72,10.02,16.92,35.12
2006-10-09,Krishnagiri,12.5266,78.2138,Semi-arid,25.16,30.83,21.54,76.34,1.52,2.03,18.42,35.03
2006-10-10,Krishnagiri,12.5266,78.2138,Semi-arid,24.82,29.99,21.95,78.43,1.34,0.84,20.98,34.94
2006-10-11,Krishnagiri,12.5266,78.2138,Semi-arid,25.64,31.83,20.44,73.38,0.95,3.18,16.56,34.84
2006-10-12,Krishnagiri,12.5266,78.2138,Semi-arid,25.8,32.53,21.0,69.22,1.52,1.26,21.96,34.75
2006-10-13,Krishnagiri,12.5266,78.2138,Semi-arid,25.16,32.51,19.83,66.16,1.66,0.11,22.01,34.66
2006-10-14,Krishnagiri,12.5266,78.2138,Semi-arid,25.28,32.74,19.9,68.24,1.74,0.15,22.29,34.56
2006-10-15,Krishnagiri,12.5266,78.2138,Semi-arid,25.03,31.82,20.42,75.56,1.83,3.49,21.36,34.47
2006-10-16,Krishnagiri,12.5266,78.2138,Semi-arid,24.5,30.04,20.81,78.08,2.15,2.4,17.59,34.37
2006-10-17,Krishnagiri,12.5266,78.2138,Semi-arid,24.74,30.9,20.7,77.54,1.92,2.63,18.61,34.27
2006-10-18,Krishnagiri,12.5266,78.2138,Semi-arid,24.62,30.46,20.67,77.85,2.2,4.64,20.8,34.18
2006-10-19,Krishnagiri,12.5266,78.2138,Semi-arid,23.73,28.57,20.45,83.64,1.85,5.55,17.49,34.08
2006-10-20,Krishnagiri,12.5266,78.2138,Semi-arid,23.69,29.04,20.54,81.19,1.86,6.54,21.55,33.98
2006-10-21,Krishnagiri,12.5266,78.2138,Semi-arid,23.73,29.25,20.14,79.92,2.04,2.37,17.09,33.88
2006-10-22,Krishnagiri,12.5266,78.2138,Semi-arid,23.69,30.18,19.59,75.98,2.37,0.87,22.16,33.78
2006-10-23,Krishnagiri,12.5266,78.2138,Semi-arid,23.42,29.81,19.39,80.64,2.44,8.31,16.32,33.68
2006-10-24,Krishnagiri,12.5266,78.2138,Semi-arid,23.08,28.37,20.0,81.05,2.71,3.59,15.91,33.58
2006-10-25,Krishnagiri,12.5266,78.2138,Semi-arid,23.12,28.53,19.7,84.67,2.87,19.32,13.84,33.48
2006-10-26,Krishnagiri,12.5266,78.2138,Semi-arid,22.92,27.53,19.83,85.0,2.82,15.2,12.95,33.38
2006-10-27,Krishnagiri,12.5266,78.2138,Semi-arid,22.49,26.42,20.27,88.16,3.16,18.98,9.37,33.28
2006-10-28,Krishnagiri,12.5266,78.2138,Semi-arid,22.69,25.51,20.59,90.87,1.39,21.9,11.13,33.18
2006-10-29,Krishnagiri,12.5266,78.2138,Semi-arid,23.35,26.53,21.12,87.91,0.8,9.18,14.58,33.07
2006-10-30,Krishnagiri,12.5266,78.2138,Semi-arid,22.71,25.46,21.18,92.26,0.69,1.67,15.3,32.97
2006-10-31,Krishnagiri,12.5266,78.2138,Semi-arid,22.83,25.61,21.01,91.09,1.61,0.61,12.8,32.87
2006-11-01,Krishnagiri,12.5266,78.2138,Semi-arid,23.03,27.24,20.32,86.69,1.72,12.28,16.36,32.77
2006-11-02,Krishnagiri,12.5266,78.2138,Semi-arid,22.37,26.3,19.95,90.97,2.37,8.19,14.99,32.66
2006-11-03,Krishnagiri,12.5266,78.2138,Semi-arid,21.59,24.45,19.68,89.45,2.21,11.1,10.68,32.56
2006-11-04,Krishnagiri,12.5266,78.2138,Semi-arid,21.69,25.23,18.89,90.72,1.76,11.68,13.68,32.46
2006-11-05,Krishnagiri,12.5266,78.2138,Semi-arid,22.67,27.59,19.3,87.11,1.76,2.89,16.56,32.37
2006-11-06,Krishnagiri,12.5266,78.2138,Semi-arid,22.76,26.58,19.65,88.42,1.62,10.39,15.69,32.27
2006-11-07,Krishnagiri,12.5266,78.2138,Semi-arid,20.83,24.17,18.37,86.84,1.82,4.34,12.73,32.17
2006-11-08,Krishnagiri,12.5266,78.2138,Semi-arid,21.58,26.45,16.92,87.81,1.72,1.96,16.3,32.07
2006-11-09,Krishnagiri,12.5266,78.2138,Semi-arid,21.72,25.2,19.5,90.28,1.25,3.02,16.16,31.97
2006-11-10,Krishnagiri,12.5266,78.2138,Semi-arid,22.63,26.92,19.93,88.95,2.17,3.01,14.68,31.87
2006-11-11,Krishnagiri,12.5266,78.2138,Semi-arid,22.01,25.3,19.52,89.48,2.25,1.53,16.64,31.77
2006-11-12,Krishnagiri,12.5266,78.2138,Semi-arid,22.55,27.13,18.71,87.5,2.88,2.3,17.63,31.67
2006-11-13,Krishnagiri,12.5266,78.2138,Semi-arid,22.05,25.79,19.54,89.43,2.31,2.02,15.04,31.57
2006-11-14,Krishnagiri,12.5266,78.2138,Semi-arid,22.29,26.39,19.17,88.08,2.22,1.5,14.74,31.48
2006-11-15,Krishnagiri,12.5266,78.2138,Semi-arid,21.84,25.04,19.78,90.27,2.59,4.17,11.5,31.39
2006-11-16,Krishnagiri,12.5266,78.2138,Semi-arid,22.12,26.8,18.75,87.56,2.62,1.0,15.34,31.3
2006-11-17,Krishnagiri,12.5266,78.2138,Semi-arid,22.5,27.26,18.85,88.77,2.86,8.81,11.06,31.22
2006-11-18,Krishnagiri,12.5266,78.2138,Semi-arid,22.31,26.5,19.95,90.19,2.77,10.09,10.52,31.13
2006-11-19,Krishnagiri,12.5266,78.2138,Semi-arid,23.03,26.87,20.41,88.86,2.13,1.55,13.91,31.05
2006-11-20,Krishnagiri,12.5266,78.2138,Semi-arid,22.6,27.32,19.75,88.97,2.56,2.68,10.72,30.97
2006-11-21,Krishnagiri,12.5266,78.2138,Semi-arid,21.64,27.02,17.76,85.15,2.17,0.19,17.99,30.88
2006-11-22,Krishnagiri,12.5266,78.2138,Semi-arid,20.95,25.5,18.27,84.28,1.66,0.57,15.61,30.8
2006-11-23,Krishnagiri,12.5266,78.2138,Semi-arid,22.16,27.68,17.89,85.38,1.34,3.31,19.46,30.73
2006-11-24,Krishnagiri,12.5266,78.2138,Semi-arid,21.36,27.89,17.22,81.13,1.49,0.55,20.93,30.65
2006-11-25,Krishnagiri,12.5266,78.2138,Semi-arid,21.59,27.44,16.18,84.41,1.69,0.18,13.02,30.58
2006-11-26,Krishnagiri,12.5266,78.2138,Semi-arid,23.06,28.18,18.91,86.34,1.51,2.24,16.13,30.5
2006-11-27,Krishnagiri,12.5266,78.2138,Semi-arid,22.7,27.07,19.81,88.56,1.92,1.84,14.84,30.44
2006-11-28,Krishnagiri,12.5266,78.2138,Semi-arid,22.48,27.58,19.03,84.06,2.05,0.38,18.1,30.37
2006-11-29,Krishnagiri,12.5266,78.2138,Semi-arid,22.16,27.14,18.29,85.11,2.39,0.06,16.55,30.3
2006-11-30,Krishnagiri,12.5266,78.2138,Semi-arid,21.68,27.38,17.96,82.61,2.29,0.06,16.52,30.24
2006-12-01,Krishnagiri,12.5266,78.2138,Semi-arid,19.9,26.36,15.27,81.19,2.38,0.0,14.95,30.18
2006-12-02,Krishnagiri,12.5266,78.2138,Semi-arid,19.9,26.63,14.48,81.54,2.12,0.0,19.0,30.12
2006-12-03,Krishnagiri,12.5266,78.2138,Semi-arid,21.05,27.05,16.27,83.64,2.79,0.04,13.69,30.06
2006-12-04,Krishnagiri,12.5266,78.2138,Semi-arid,20.75,26.38,16.94,82.71,2.66,0.0,17.0,30.01
2006-12-05,Krishnagiri,12.5266,78.2138,Semi-arid,20.45,26.99,15.64,81.22,2.41,0.0,18.12,29.97
2006-12-06,Krishnagiri,12.5266,78.2138,Semi-arid,19.56,26.24,14.89,78.71,2.35,0.0,16.2,29.92
2006-12-07,Krishnagiri,12.5266,78.2138,Semi-arid,19.31,27.02,13.83,77.87,2.47,0.0,18.39,29.87
2006-12-08,Krishnagiri,12.5266,78.2138,Semi-arid,19.97,27.74,14.27,78.15,2.48,0.0,18.88,29.83
2006-12-09,Krishnagiri,12.5266,78.2138,Semi-arid,19.73,27.05,13.88,78.85,2.19,1.03,17.55,29.79
2006-12-10,Krishnagiri,12.5266,78.2138,Semi-arid,21.42,27.73,16.02,86.86,2.97,9.68,8.18,29.75
2006-12-11,Krishnagiri,12.5266,78.2138,Semi-arid,22.78,28.42,19.19,87.26,2.35,4.84,8.84,29.71
2006-12-12,Krishnagiri,12.5266,78.2138,Semi-arid,22.77,27.87,19.82,84.62,2.3,0.87,13.02,29.68
2006-12-13,Krishnagiri,12.5266,78.2138,Semi-arid,22.08,27.91,18.1,80.68,2.79,0.0,16.17,29.66
2006-12-14,Krishnagiri,12.5266,78.2138,Semi-arid,20.73,27.35,16.29,79.75,2.77,0.0,17.04,29.64
2006-12-15,Krishnagiri,12.5266,78.2138,Semi-arid,20.32,27.45,15.91,78.72,2.7,0.0,17.96,29.62
2006-12-16,Krishnagiri,12.5266,78.2138,Semi-arid,19.58,27.12,14.49,77.34,3.05,0.0,18.82,29.61
2006-12-17,Krishnagiri,12.5266,78.2138,Semi-arid,19.48,26.79,13.69,77.1,2.72,0.0,17.12,29.6
2006-12-18,Krishnagiri,12.5266,78.2138,Semi-arid,19.62,28.29,12.63,75.67,2.16,0.0,18.97,29.59
2006-12-19,Krishnagiri,12.5266,78.2138,Semi-arid,19.54,28.13,13.52,74.57,2.37,0.0,15.26,29.58
2006-12-20,Krishnagiri,12.5266,78.2138,Semi-arid,19.71,26.87,14.88,77.57,2.67,0.01,15.48,29.57
2006-12-21,Krishnagiri,12.5266,78.2138,Semi-arid,20.0,28.05,13.75,76.47,2.65,0.33,12.19,29.57
2006-12-22,Krishnagiri,12.5266,78.2138,Semi-arid,20.45,27.55,15.48,77.83,3.16,0.06,14.18,29.58
2006-12-23,Krishnagiri,12.5266,78.2138,Semi-arid,20.75,28.1,14.74,77.82,3.04,0.04,15.3,29.59
2006-12-24,Krishnagiri,12.5266,78.2138,Semi-arid,21.0,28.26,15.95,76.1,2.69,0.0,12.46,29.6
2006-12-25,Krishnagiri,12.5266,78.2138,Semi-arid,20.63,27.98,15.71,76.14,2.7,0.0,13.65,29.61
2006-12-26,Krishnagiri,12.5266,78.2138,Semi-arid,20.12,27.34,14.73,77.13,2.36,0.0,16.33,29.63
2006-12-27,Krishnagiri,12.5266,78.2138,Semi-arid,20.07,27.84,14.42,75.93,2.31,0.0,17.73,29.65
2006-12-28,Krishnagiri,12.5266,78.2138,Semi-arid,19.74,28.32,13.45,72.88,1.95,0.0,20.48,29.67
2006-12-29,Krishnagiri,12.5266,78.2138,Semi-arid,19.53,28.62,13.84,68.12,1.71,0.0,21.08,29.7
2006-12-30,Krishnagiri,12.5266,78.2138,Semi-arid,18.94,27.96,12.81,69.78,1.82,0.0,19.43,29.73
2006-12-31,Krishnagiri,12.5266,78.2138,Semi-arid,18.95,27.64,11.81,70.79,1.7,0.0,19.31,29.76
2007-01-01,Krishnagiri,12.5266,78.2138,Semi-arid,19.54,27.89,13.94,68.58,1.67,0.0,19.68,29.8
2007-01-02,Krishnagiri,12.5266,78.2138,Semi-arid,19.12,28.86,11.86,67.85,2.07,0.0,19.3,29.83
2007-01-03,Krishnagiri,12.5266,78.2138,Semi-arid,19.07,28.19,12.42,69.36,1.76,0.0,19.43,29.87
2007-01-04,Krishnagiri,12.5266,78.2138,Semi-arid,19.93,29.54,13.89,66.61,1.5,0.0,19.85,29.91
2007-01-05,Krishnagiri,12.5266,78.2138,Semi-arid,19.8,29.31,12.8,71.95,1.95,0.0,19.67,29.96
2007-01-06,Krishnagiri,12.5266,78.2138,Semi-arid,20.03,28.5,14.26,73.53,2.63,0.0,18.78,30.01
2007-01-07,Krishnagiri,12.5266,78.2138,Semi-arid,20.07,28.54,13.78,71.34,2.72,0.0,17.51,30.06
2007-01-08,Krishnagiri,12.5266,78.2138,Semi-arid,20.4,29.37,12.16,70.31,2.66,0.0,15.61,30.12
2007-01-09,Krishnagiri,12.5266,78.2138,Semi-arid,21.59,29.64,15.42,74.08,3.16,0.0,13.56,30.18
2007-01-10,Krishnagiri,12.5266,78.2138,Semi-arid,21.76,29.4,15.7,71.5,2.6,0.0,13.8,30.25
2007-01-11,Krishnagiri,12.5266,78.2138,Semi-arid,22.24,29.96,16.25,73.45,2.59,0.0,12.18,30.31
2007-01-12,Krishnagiri,12.5266,78.2138,Semi-arid,21.94,30.19,16.31,70.22,2.58,0.0,18.28,30.38
2007-01-13,Krishnagiri,12.5266,78.2138,Semi-arid,20.39,30.05,13.79,65.08,2.52,0.0,20.51,30.45
2007-01-14,Krishnagiri,12.5266,78.2138,Semi-arid,20.96,30.69,13.64,65.83,2.38,0.0,21.32,30.52
2007-01-15,Krishnagiri,12.5266,78.2138,Semi-arid,22.38,31.23,15.8,69.12,1.93,0.0,18.19,30.6
2007-01-16,Krishnagiri,12.5266,78.2138,Semi-arid,22.64,31.82,16.48,64.74,1.81,0.0,20.7,30.67
2007-01-17,Krishnagiri,12.5266,78.2138,Semi-arid,21.87,32.21,14.78,61.06,2.1,0.0,20.14,30.75
2007-01-18,Krishnagiri,12.5266,78.2138,Semi-arid,21.3,31.42,14.06,58.42,2.49,0.0,16.65,30.83
2007-01-19,Krishnagiri,12.5266,78.2138,Semi-arid,20.84,30.27,13.55,60.76,2.16,0.0,15.97,30.92
2007-01-20,Krishnagiri,12.5266,78.2138,Semi-arid,22.04,31.39,15.58,66.14,2.18,0.0,20.16,31.0
2007-01-21,Krishnagiri,12.5266,78.2138,Semi-arid,21.36,31.26,14.28,62.95,2.33,0.0,20.76,31.09
2007-01-22,Krishnagiri,12.5266,78.2138,Semi-arid,21.1,30.94,14.46,57.93,1.73,0.0,21.21,31.18
2007-01-23,Krishnagiri,12.5266,78.2138,Semi-arid,22.23,31.76,15.22,51.82,2.26,0.0,21.82,31.27
2007-01-24,Krishnagiri,12.5266,78.2138,Semi-arid,22.38,31.48,15.46,64.39,2.5,0.0,20.72,31.37
2007-01-25,Krishnagiri,12.5266,78.2138,Semi-arid,22.49,30.52,16.66,66.75,2.99,0.0,16.97,31.46
2007-01-26,Krishnagiri,12.5266,78.2138,Semi-arid,23.08,32.42,15.49,62.93,2.76,0.0,21.78,31.56
2007-01-27,Krishnagiri,12.5266,78.2138,Semi-arid,23.71,31.63,17.83,70.55,3.23,0.91,15.9,31.66
2007-01-28,Krishnagiri,12.5266,78.2138,Semi-arid,23.65,31.48,18.41,67.57,3.34,0.12,14.68,31.76
2007-01-29,Krishnagiri,12.5266,78.2138,Semi-arid,23.43,31.27,18.17,67.67,3.32,0.0,16.05,31.86
2007-01-30,Krishnagiri,12.5266,78.2138,Semi-arid,23.0,31.73,16.63,64.36,2.69,0.0,19.25,31.96
2007-01-31,Krishnagiri,12.5266,78.2138,Semi-arid,22.27,32.15,15.21,59.42,2.57,0.0,22.68,32.06
2007-02-01,Krishnagiri,12.5266,78.2138,Semi-arid,22.25,32.58,14.16,53.27,2.5,0.0,22.9,32.16
2007-02-02,Krishnagiri,12.5266,78.2138,Semi-arid,21.69,31.46,13.03,61.11,2.64,0.0,23.21,32.26
2007-02-03,Krishnagiri,12.5266,78.2138,Semi-arid,22.65,32.01,15.55,58.58,2.01,0.0,22.66,32.37
2007-02-04,Krishnagiri,12.5266,78.2138,Semi-arid,22.93,32.75,16.31,55.46,1.51,0.0,22.98,32.48
2007-02-05,Krishnagiri,12.5266,78.2138,Semi-arid,23.06,32.84,15.63,54.81,1.71,0.0,22.86,32.59
2007-02-06,Krishnagiri,12.5266,78.2138,Semi-arid,22.54,32.43,14.71,53.57,2.03,0.0,22.7,32.7
2007-02-07,Krishnagiri,12.5266,78.2138,Semi-arid,22.94,32.74,15.33,50.08,2.1,0.0,23.12,32.81
2007-02-08,Krishnagiri,12.5266,78.2138,Semi-arid,22.74,32.36,15.27,53.78,2.33,0.0,22.04,32.91
2007-02-09,Krishnagiri,12.5266,78.2138,Semi-arid,21.73,31.06,13.17,57.89,3.05,0.0,23.53,33.02
2007-02-10,Krishnagiri,12.5266,78.2138,Semi-arid,22.77,31.35,15.88,64.82,2.75,0.08,19.85,33.13
2007-02-11,Krishnagiri,12.5266,78.2138,Semi-arid,23.77,31.85,15.93,64.64,2.06,0.01,19.02,33.24
2007-02-12,Krishnagiri,12.5266,78.2138,Semi-arid,25.07,32.32,18.97,63.29,1.87,0.0,20.02,33.35
2007-02-13,Krishnagiri,12.5266,78.2138,Semi-arid,25.91,33.31,19.74,58.03,2.0,0.76,17.28,33.46
2007-02-14,Krishnagiri,12.5266,78.2138,Semi-arid,26.41,34.07,18.71,45.17,1.31,0.0,22.99,33.57
2007-02-15,Krishnagiri,12.5266,78.2138,Semi-arid,26.91,34.85,19.18,47.87,1.16,0.0,21.03,33.68
2007-02-16,Krishnagiri,12.5266,78.2138,Semi-arid,26.52,34.08,20.54,53.06,1.23,0.0,19.76,33.79
2007-02-17,Krishnagiri,12.5266,78.2138,Semi-arid,25.11,31.49,20.7,65.13,2.28,5.27,17.28,33.9
2007-02-18,Krishnagiri,12.5266,78.2138,Semi-arid,24.19,29.67,20.34,71.05,2.79,2.55,16.54,34.01
2007-02-19,Krishnagiri,12.5266,78.2138,Semi-arid,24.13,30.92,19.33,66.35,3.53,0.01,16.5,34.11
2007-02-20,Krishnagiri,12.5266,78.2138,Semi-arid,23.59,31.67,18.15,59.39,3.27,0.0,23.22,34.22
2007-02-21,Krishnagiri,12.5266,78.2138,Semi-arid,23.11,31.65,17.02,55.35,2.83,0.0,23.6,34.33
2007-02-22,Krishnagiri,12.5266,78.2138,Semi-arid,22.75,32.31,15.21,54.87,2.45,0.0,24.76,34.43
2007-02-23,Krishnagiri,12.5266,78.2138,Semi-arid,22.58,32.77,14.13,50.81,2.58,0.0,25.64,34.54
2007-02-24,Krishnagiri,12.5266,78.2138,Semi-arid,22.93,33.09,13.33,53.23,2.31,0.0,24.81,34.65
2007-02-25,Krishnagiri,12.5266,78.2138,Semi-arid,25.21,34.86,16.12,51.89,1.74,0.0,24.07,34.75
2007-02-26,Krishnagiri,12.5266,78.2138,Semi-arid,26.67,36.09,18.45,51.31,1.82,0.02,24.24,34.85
2007-02-27,Krishnagiri,12.5266,78.2138,Semi-arid,27.09,35.73,20.42,51.72,2.22,0.03,23.96,34.95
2007-02-28,Krishnagiri,12.5266,78.2138,Semi-arid,26.19,35.17,19.65,49.62,2.48,0.0,24.99,35.06
2007-03-01,Krishnagiri,12.5266,78.2138,Semi-arid,26.4,35.99,18.12,49.46,1.15,0.0,24.78,35.16
2007-03-02,Krishnagiri,12.5266,78.2138,Semi-arid,27.3,35.01,19.19,49.92,1.03,0.0,18.59,35.25
2007-03-03,Krishnagiri,12.5266,78.2138,Semi-arid,27.98,35.56,20.91,49.9,2.33,0.0,18.5,35.35
2007-03-04,Krishnagiri,12.5266,78.2138,Semi-arid,27.14,34.76,21.01,54.43,2.84,0.0,22.13,35.45
2007-03-05,Krishnagiri,12.5266,78.2138,Semi-arid,26.98,35.95,19.02,49.69,2.13,0.0,23.37,35.54
2007-03-06,Krishnagiri,12.5266,78.2138,Semi-arid,26.8,36.17,19.14,45.18,2.13,0.0,25.56,35.64
2007-03-07,Krishnagiri,12.5266,78.2138,Semi-arid,26.48,35.57,18.59,50.77,1.86,0.01,24.34,35.73
2007-03-08,Krishnagiri,12.5266,78.2138,Semi-arid,26.86,35.64,18.3,49.9,2.14,0.03,23.84,35.82
2007-03-09,Krishnagiri,12.5266,78.2138,Semi-arid,26.88,34.88,19.08,49.67,2.72,0.0,23.66,35.9
2007-03-10,Krishnagiri,12.5266,78.2138,Semi-arid,26.89,35.31,19.87,52.32,2.86,0.0,23.13,35.99
2007-03-11,Krishnagiri,12.5266,78.2138,Semi-arid,26.72,35.75,19.35,52.86,2.95,0.0,24.54,36.07
2007-03-12,Krishnagiri,12.5266,78.2138,Semi-arid,25.56,35.16,17.68,47.56,2.76,0.0,25.45,36.16
2007-03-13,Krishnagiri,12.5266,78.2138,Semi-arid,25.96,36.04,16.98,49.46,2.02,0.0,25.91,36.24
2007-03-14,Krishnagiri,12.5266,78.2138,Semi-arid,26.98,35.94,19.74,53.89,2.49,0.0,24.69,36.32
2007-03-15,Krishnagiri,12.5266,78.2138,Semi-arid,27.42,36.81,19.23,50.41,2.23,0.0,26.34,36.4
2007-03-16,Krishnagiri,12.5266,78.2138,Semi-arid,27.76,36.95,19.79,51.85,2.56,0.0,25.86,36.48
2007-03-17,Krishnagiri,12.5266,78.2138,Semi-arid,27.87,36.93,20.25,47.42,2.35,0.0,25.53,36.55
2007-03-18,Krishnagiri,12.5266,78.2138,Semi-arid,27.34,37.1,19.11,45.2,2.15,0.0,25.64,36.62
2007-03-19,Krishnagiri,12.5266,78.2138,Semi-arid,27.97,38.03,19.17,39.76,1.99,0.0,25.4,36.7
2007-03-20,Krishnagiri,12.5266,78.2138,Semi-arid,27.98,37.94,19.08,38.26,2.28,0.0,25.41,36.77
2007-03-21,Krishnagiri,12.5266,78.2138,Semi-arid,28.38,37.47,19.38,34.6,1.77,0.0,23.82,36.84
2007-03-22,Krishnagiri,12.5266,78.2138,Semi-arid,28.52,38.17,20.07,42.1,2.45,0.0,25.22,36.9
2007-03-23,Krishnagiri,12.5266,78.2138,Semi-arid,27.91,37.54,19.15,44.98,2.41,0.0,24.62,36.97
2007-03-24,Krishnagiri,12.5266,78.2138,Semi-arid,28.99,38.79,19.88,37.94,1.83,0.0,24.11,37.03
2007-03-25,Krishnagiri,12.5266,78.2138,Semi-arid,29.99,38.88,20.63,35.51,1.94,0.0,24.31,37.09
2007-03-26,Krishnagiri,12.5266,78.2138,Semi-arid,30.06,38.69,21.93,36.74,2.06,0.03,24.16,37.15
2007-03-27,Krishnagiri,12.5266,78.2138,Semi-arid,29.82,38.38,22.6,37.36,2.2,0.0,24.29,37.21
2007-03-28,Krishnagiri,12.5266,78.2138,Semi-arid,29.55,38.53,21.65,39.38,1.86,0.0,24.1,37.27
2007-03-29,Krishnagiri,12.5266,78.2138,Semi-arid,28.64,37.92,21.08,38.18,2.42,0.0,24.74,37.32
2007-03-30,Krishnagiri,12.5266,78.2138,Semi-arid,27.9,38.14,19.81,41.95,2.69,0.0,26.5,37.37
2007-03-31,Krishnagiri,12.5266,78.2138,Semi-arid,27.62,37.61,18.0,49.16,2.48,0.0,26.48,37.42
2007-04-01,Krishnagiri,12.5266,78.2138,Semi-arid,30.02,39.02,22.43,49.62,2.63,0.01,25.55,37.46
2007-04-02,Krishnagiri,12.5266,78.2138,Semi-arid,30.37,39.38,23.05,41.99,2.58,0.0,26.1,37.51
2007-04-03,Krishnagiri,12.5266,78.2138,Semi-arid,29.48,38.21,21.61,39.05,2.38,0.0,25.53,37.55
2007-04-04,Krishnagiri,12.5266,78.2138,Semi-arid,29.06,38.52,19.94,39.63,2.65,0.0,25.22,37.59
2007-04-05,Krishnagiri,12.5266,78.2138,Semi-arid,28.68,38.15,20.15,47.75,2.94,0.0,27.38,37.63
2007-04-06,Krishnagiri,12.5266,78.2138,Semi-arid,28.14,37.72,19.76,49.86,2.91,0.0,26.24,37.67
2007-04-07,Krishnagiri,12.5266,78.2138,Semi-arid,28.65,38.11,21.35,47.54,2.73,0.0,24.66,37.7
2007-04-08,Krishnagiri,12.5266,78.2138,Semi-arid,28.99,37.83,21.68,49.77,2.81,0.0,24.89,37.74
2007-04-09,Krishnagiri,12.5266,78.2138,Semi-arid,29.22,37.67,23.02,51.72,3.33,0.05,26.27,37.77
2007-04-10,Krishnagiri,12.5266,78.2138,Semi-arid,29.42,38.03,22.65,52.71,2.92,0.01,24.83,37.8
2007-04-11,Krishnagiri,12.5266,78.2138,Semi-arid,29.74,38.66,22.05,50.87,2.37,0.44,24.23,37.83
2007-04-12,Krishnagiri,12.5266,78.2138,Semi-arid,28.81,35.63,23.4,54.76,1.91,5.35,22.13,37.85
2007-04-13,Krishnagiri,12.5266,78.2138,Semi-arid,29.49,37.8,22.83,50.95,2.49,4.36,23.84,37.88
2007-04-14,Krishnagiri,12.5266,78.2138,Semi-arid,28.18,35.94,21.81,56.74,2.17,1.09,23.68,37.9
2007-04-15,Krishnagiri,12.5266,78.2138,Semi-arid,27.96,35.66,21.63,56.49,2.73,0.28,24.38,37.92
2007-04-16,Krishnagiri,12.5266,78.2138,Semi-arid,28.36,36.78,20.31,51.18,2.53,0.02,25.66,37.94
2007-04-17,Krishnagiri,12.5266,78.2138,Semi-arid,29.18,35.98,21.92,51.78,1.21,1.73,22.3,37.96
2007-04-18,Krishnagiri,12.5266,78.2138,Semi-arid,28.44,34.97,22.49,59.26,1.55,5.29,22.19,37.97
2007-04-19,Krishnagiri,12.5266,78.2138,Semi-arid,27.29,32.1,23.09,71.16,1.41,12.87,20.94,37.99
2007-04-20,Krishnagiri,12.5266,78.2138,Semi-arid,27.91,34.46,22.51,68.43,1.48,2.71,23.94,38.0
2007-04-21,Krishnagiri,12.5266,78.2138,Semi-arid,26.57,30.0,22.95,74.32,1.28,33.56,22.89,38.02
2007-04-22,Krishnagiri,12.5266,78.2138,Semi-arid,27.16,32.35,21.84,68.22,0.94,0.47,22.76,38.03
2007-04-23,Krishnagiri,12.5266,78.2138,Semi-arid,27.83,33.74,21.7,64.96,1.14,1.65,24.51,38.04
2007-04-24,Krishnagiri,12.5266,78.2138,Semi-arid,27.9,33.7,22.43,64.09,1.12,0.41,22.96,38.05
2007-04-25,Krishnagiri,12.5266,78.2138,Semi-arid,29.01,37.28,21.96,54.98,2.04,0.0,25.98,38.05
2007-04-26,Krishnagiri,12.5266,78.2138,Semi-arid,28.24,36.74,21.17,59.01,2.14,0.01,26.4,38.06
2007-04-27,Krishnagiri,12.5266,78.2138,Semi-arid,28.3,36.39,21.63,62.68,2.26,0.0,26.38,38.06
2007-04-28,Krishnagiri,12.5266,78.2138,Semi-arid,28.36,35.89,21.81,61.52,1.88,0.0,26.55,38.06
2007-04-29,Krishnagiri,12.5266,78.2138,Semi-arid,29.72,37.75,21.94,54.77,1.9,0.0,24.09,38.06
2007-04-30,Krishnagiri,12.5266,78.2138,Semi-arid,28.46,35.75,23.07,56.72,1.44,0.02,24.87,38.06
2007-05-01,Krishnagiri,12.5266,78.2138,Semi-arid,29.67,37.55,21.77,54.9,1.19,3.11,23.74,38.05
2007-05-02,Krishnagiri,12.5266,78.2138,Semi-arid,29.7,35.27,24.12,60.02,0.88,6.57,18.05,38.05
2007-05-03,Krishnagiri,12.5266,78.2138,Semi-arid,28.27,33.03,23.72,67.67,1.44,6.43,11.57,38.05
2007-05-04,Krishnagiri,12.5266,78.2138,Semi-arid,27.14,32.26,22.94,71.89,2.0,1.11,21.34,38.05
2007-05-05,Krishnagiri,12.5266,78.2138,Semi-arid,27.71,33.14,23.06,70.02,1.25,0.15,21.54,38.05
2007-05-06,Krishnagiri,12.5266,78.2138,Semi-arid,28.06,34.14,23.13,68.91,1.55,11.39,22.06,38.04
2007-05-07,Krishnagiri,12.5266,78.2138,Semi-arid,26.37,31.03,23.04,71.79,1.44,1.68,21.17,38.04
2007-05-08,Krishnagiri,12.5266,78.2138,Semi-arid,26.46,32.19,21.87,68.44,2.44,0.22,22.73,38.03
2007-05-09,Krishnagiri,12.5266,78.2138,Semi-arid,26.47,32.06,23.06,72.39,2.42,0.57,22.76,38.02
2007-05-10,Krishnagiri,12.5266,78.2138,Semi-arid,29.02,37.29,22.15,60.31,3.56,0.0,25.22,38.01
2007-05-11,Krishnagiri,12.5266,78.2138,Semi-arid,29.0,37.86,22.62,62.35,3.33,0.0,24.06,38.0
2007-05-12,Krishnagiri,12.5266,78.2138,Semi-arid,25.58,28.27,23.49,74.04,3.62,0.07,22.85,37.99
2007-05-13,Krishnagiri,12.5266,78.2138,Semi-arid,29.19,38.66,21.69,59.71,3.22,0.0,22.55,37.98
2007-05-14,Krishnagiri,12.5266,78.2138,Semi-arid,29.51,38.29,22.33,58.04,4.45,2.15,25.01,37.97
2007-05-15,Krishnagiri,12.5266,78.2138,Semi-arid,29.66,37.74,22.4,55.99,3.67,0.01,26.04,37.95
2007-05-16,Krishnagiri,12.5266,78.2138,Semi-arid,30.84,38.87,22.38,49.86,2.36,0.0,25.83,37.94
2007-05-17,Krishnagiri,12.5266,78.2138,Semi-arid,30.37,37.61,23.0,51.8,1.84,0.0,24.05,37.93
2007-05-18,Krishnagiri,12.5266,78.2138,Semi-arid,30.11,36.58,24.83,52.03,2.53,0.0,24.0,37.91
2007-05-19,Krishnagiri,12.5266,78.2138,Semi-arid,30.5,37.48,22.87,51.64,1.69,0.0,20.6,37.9
2007-05-20,Krishnagiri,12.5266,78.2138,Semi-arid,30.75,36.72,25.22,49.58,2.09,0.0,23.06,37.89
2007-05-21,Krishnagiri,12.5266,78.2138,Semi-arid,30.31,36.64,24.01,49.67,2.64,0.0,20.13,37.87
2007-05-22,Krishnagiri,12.5266,78.2138,Semi-arid,29.92,35.14,24.95,54.18,1.77,0.72,20.6,37.86
2007-05-23,Krishnagiri,12.5266,78.2138,Semi-arid,28.99,33.65,24.89,59.41,1.1,2.7,15.57,37.85
2007-05-24,Krishnagiri,12.5266,78.2138,Semi-arid,26.6,32.32,23.45,71.82,1.51,8.21,22.72,37.83
2007-05-25,Krishnagiri,12.5266,78.2138,Semi-arid,25.4,29.24,23.08,77.89,2.14,13.48,21.95,37.82
2007-05-26,Krishnagiri,12.5266,78.2138,Semi-arid,26.16,30.9,22.04,75.15,1.9,5.36,21.89,37.8
2007-05-27,Krishnagiri,12.5266,78.2138,Semi-arid,26.82,32.32,22.51,70.94,2.17,5.2,22.54,37.79
2007-05-28,Krishnagiri,12.5266,78.2138,Semi-arid,25.76,30.87,22.99,73.12,2.56,0.48,17.1,37.77
2007-05-29,Krishnagiri,12.5266,78.2138,Semi-arid,25.57,30.47,21.99,72.14,2.13,0.97,23.99,37.76
2007-05-30,Krishnagiri,12.5266,78.2138,Semi-arid,27.04,33.81,21.3,68.19,2.32,0.63,24.55,37.75
2007-05-31,Krishnagiri,12.5266,78.2138,Semi-arid,28.09,34.53,21.45,63.1,2.01,0.0,26.78,37.73
2007-06-01,Krishnagiri,12.5266,78.2138,Semi-arid,29.07,36.65,21.99,59.67,2.02,0.0,23.76,37.72
2007-06-02,Krishnagiri,12.5266,78.2138,Semi-arid,29.03,35.67,22.57,61.52,2.05,0.29,24.54,37.7
2007-06-03,Krishnagiri,12.5266,78.2138,Semi-arid,27.23,31.76,23.35,67.53,2.37,5.53,22.72,37.69
2007-06-04,Krishnagiri,12.5266,78.2138,Semi-arid,28.22,33.86,22.18,64.06,1.68,0.27,23.04,37.67
2007-06-05,Krishnagiri,12.5266,78.2138,Semi-arid,28.83,34.83,24.31,61.68,0.8,6.8,18.79,37.66
2007-06-06,Krishnagiri,12.5266,78.2138,Semi-arid,28.06,33.45,23.35,67.16,1.44,2.56,19.96,37.65
2007-06-07,Krishnagiri,12.5266,78.2138,Semi-arid,25.89,29.53,22.77,76.09,1.47,1.13,13.5,37.63
2007-06-08,Krishnagiri,12.5266,78.2138,Semi-arid,26.88,32.9,21.03,67.39,2.33,4.13,21.13,37.62
2007-06-09,Krishnagiri,12.5266,78.2138,Semi-arid,27.4,33.3,22.66,68.66,2.27,0.33,21.51,37.61
2007-06-10,Krishnagiri,12.5266,78.2138,Semi-arid,26.39,30.27,23.57,74.09,2.54,0.19,22.35,37.6
2007-06-11,Krishnagiri,12.5266,78.2138,Semi-arid,27.08,33.53,22.25,69.42,2.62,0.43,23.12,37.59
2007-06-12,Krishnagiri,12.5266,78.2138,Semi-arid,26.67,32.01,22.29,70.01,2.05,0.18,22.7,37.58
2007-06-13,Krishnagiri,12.5266,78.2138,Semi-arid,27.64,33.38,23.33,68.71,2.05,0.04,23.47,37.57
2007-06-14,Krishnagiri,12.5266,78.2138,Semi-arid,26.34,30.2,23.34,72.32,2.42,0.28,20.69,37.56
2007-06-15,Krishnagiri,12.5266,78.2138,Semi-arid,25.59,29.59,22.27,73.92,1.52,0.78,21.43,37.55
2007-06-16,Krishnagiri,12.5266,78.2138,Semi-arid,24.44,27.18,22.3,81.41,2.27,1.64,21.54,37.54
2007-06-17,Krishnagiri,12.5266,78.2138,Semi-arid,26.4,33.0,21.24,70.42,2.66,0.24,18.14,37.53
2007-06-18,Krishnagiri,12.5266,78.2138,Semi-arid,25.62,31.95,22.14,76.09,3.06,1.74,20.6,37.53
2007-06-19,Krishnagiri,12.5266,78.2138,Semi-arid,24.6,29.05,20.82,75.83,3.91,0.5,14.37,37.52
2007-06-20,Krishnagiri,12.5266,78.2138,Semi-arid,24.27,28.78,20.75,71.77,5.07,0.66,12.76,37.51
2007-06-21,Krishnagiri,12.5266,78.2138,Semi-arid,24.18,30.11,19.82,70.97,4.98,3.3,7.84,37.51
2007-06-22,Krishnagiri,12.5266,78.2138,Semi-arid,24.22,27.98,20.95,78.58,6.37,9.39,9.0,37.5
2007-06-23,Krishnagiri,12.5266,78.2138,Semi-arid,25.66,29.73,22.8,69.9,5.86,0.29,13.97,37.5
2007-06-24,Krishnagiri,12.5266,78.2138,Semi-arid,25.96,31.61,21.56,69.68,4.05,0.52,15.88,37.5
2007-06-25,Krishnagiri,12.5266,78.2138,Semi-arid,26.09,32.02,21.48,67.8,4.16,0.04,15.34,37.49
2007-06-26,Krishnagiri,12.5266,78.2138,Semi-arid,25.81,32.4,21.38,71.14,4.57,1.97,14.82,37.49
2007-06-27,Krishnagiri,12.5266,78.2138,Semi-arid,24.58,28.96,21.35,72.34,4.84,0.56,10.15,37.49
2007-06-28,Krishnagiri,12.5266,78.2138,Semi-arid,25.03,29.91,21.28,71.12,5.6,2.86,14.28,37.49
2007-06-29,Krishnagiri,12.5266,78.2138,Semi-arid,25.28,30.92,21.58,66.68,6.68,1.55,17.22,37.49
2007-06-30,Krishnagiri,12.5266,78.2138,Semi-arid,24.97,30.23,21.17,69.04,5.28,0.69,15.95,37.49
2007-07-01,Krishnagiri,12.5266,78.2138,Semi-arid,24.98,29.47,21.29,73.32,5.04,1.53,18.15,37.49
2007-07-02,Krishnagiri,12.5266,78.2138,Semi-arid,26.46,33.07,22.01,66.56,5.54,0.39,16.16,37.49
2007-07-03,Krishnagiri,12.5266,78.2138,Semi-arid,25.95,31.36,21.92,67.27,5.78,0.05,16.82,37.49
2007-07-04,Krishnagiri,12.5266,78.2138,Semi-arid,26.17,32.97,21.65,66.89,5.31,0.66,16.69,37.5
2007-07-05,Krishnagiri,12.5266,78.2138,Semi-arid,25.67,31.93,20.96,65.51,5.07,0.95,17.35,37.5
2007-07-06,Krishnagiri,12.5266,78.2138,Semi-arid,26.02,31.56,21.78,68.75,5.09,0.13,18.09,37.5
2007-07-07,Krishnagiri,12.5266,78.2138,Semi-arid,25.83,30.03,22.31,67.86,5.26,0.0,13.61,37.5
2007-07-08,Krishnagiri,12.5266,78.2138,Semi-arid,25.6,31.08,21.19,68.77,4.95,0.24,17.58,37.51
2007-07-09,Krishnagiri,12.5266,78.2138,Semi-arid,26.76,33.5,21.53,66.11,4.91,0.82,17.86,37.51
2007-07-10,Krishnagiri,12.5266,78.2138,Semi-arid,25.42,29.63,22.0,73.98,3.89,0.92,17.52,37.51
2007-07-11,Krishnagiri,12.5266,78.2138,Semi-arid,25.8,30.78,21.67,73.89,3.77,1.58,18.6,37.51
2007-07-12,Krishnagiri,12.5266,78.2138,Semi-arid,25.71,30.61,21.94,73.95,4.43,3.67,18.93,37.51
2007-07-13,Krishnagiri,12.5266,78.2138,Semi-arid,25.31,30.19,21.8,76.38,4.72,3.83,15.17,37.52
2007-07-14,Krishnagiri,12.5266,78.2138,Semi-arid,26.14,31.82,21.58,70.87,4.94,0.01,18.32,37.52
2007-07-15,Krishnagiri,12.5266,78.2138,Semi-arid,25.39,30.35,21.67,72.47,5.01,0.19,16.45,37.53
2007-07-16,Krishnagiri,12.5266,78.2138,Semi-arid,24.99,29.37,21.99,75.88,4.28,1.0,15.02,37.54
2007-07-17,Krishnagiri,12.5266,78.2138,Semi-arid,24.83,29.34,21.61,76.58,4.16,5.1,19.8,37.55
2007-07-18,Krishnagiri,12.5266,78.2138,Semi-arid,26.02,32.6,21.12,72.22,2.73,1.42,17.26,37.55
2007-07-19,Krishnagiri,12.5266,78.2138,Semi-arid,24.23,27.94,21.58,80.91,1.66,32.69,20.53,37.56
2007-07-20,Krishnagiri,12.5266,78.2138,Semi-arid,23.74,27.01,21.61,84.02,2.15,6.64,20.01,37.57
2007-07-21,Krishnagiri,12.5266,78.2138,Semi-arid,24.84,30.48,20.81,75.93,2.48,15.54,18.66,37.57
2007-07-22,Krishnagiri,12.5266,78.2138,Semi-arid,23.85,28.03,20.41,80.63,2.05,8.1,17.06,37.58
2007-07-23,Krishnagiri,12.5266,78.2138,Semi-arid,24.05,28.2,20.61,79.89,1.63,5.18,16.02,37.58
2007-07-24,Krishnagiri,12.5266,78.2138,Semi-arid,24.23,28.6,20.63,80.61,1.75,5.32,14.89,37.59
2007-07-25,Krishnagiri,12.5266,78.2138,Semi-arid,23.96,28.01,21.25,81.18,2.18,1.02,18.21,37.6
2007-07-26,Krishnagiri,12.5266,78.2138,Semi-arid,24.72,30.31,20.3,77.55,1.39,2.42,20.25,37.6
2007-07-27,Krishnagiri,12.5266,78.2138,Semi-arid,24.76,29.15,21.62,80.77,2.24,3.64,19.65,37.61
2007-07-28,Krishnagiri,12.5266,78.2138,Semi-arid,24.46,28.5,21.13,82.04,2.7,14.13,14.3,37.62
2007-07-29,Krishnagiri,12.5266,78.2138,Semi-arid,24.17,29.05,20.75,78.94,2.88,8.84,17.1,37.62
2007-07-30,Krishnagiri,12.5266,78.2138,Semi-arid,23.47,27.35,20.33,82.53,2.77,11.43,11.89,37.62
2007-07-31,Krishnagiri,12.5266,78.2138,Semi-arid,23.68,28.22,20.72,82.71,2.63,20.89,13.35,37.63
2007-08-01,Krishnagiri,12.5266,78.2138,Semi-arid,22.59,25.84,20.41,85.77,3.42,8.81,17.72,37.63
2007-08-02,Krishnagiri,12.5266,78.2138,Semi-arid,23.46,28.54,20.02,82.1,3.37,7.51,13.72,37.63
2007-08-03,Krishnagiri,12.5266,78.2138,Semi-arid,23.59,28.67,19.66,80.24,3.76,0.71,16.02,37.64
2007-08-04,Krishnagiri,12.5266,78.2138,Semi-arid,23.69,28.81,19.65,81.95,3.9,3.41,17.54,37.64
2007-08-05,Krishnagiri,12.5266,78.2138,Semi-arid,23.62,27.43,20.86,81.56,4.8,5.31,13.44,37.64
2007-08-06,Krishnagiri,12.5266,78.2138,Semi-arid,23.03,26.98,19.89,83.27,4.75,0.69,16.38,37.64
2007-08-07,Krishnagiri,12.5266,78.2138,Semi-arid,23.9,28.76,20.39,77.78,5.6,0.15,19.23,37.64
2007-08-08,Krishnagiri,12.5266,78.2138,Semi-arid,24.39,30.27,19.8,77.49,5.11,0.88,20.43,37.64
2007-08-09,Krishnagiri,12.5266,78.2138,Semi-arid,24.26,29.46,20.25,80.37,4.57,2.16,17.86,37.63
2007-08-10,Krishnagiri,12.5266,78.2138,Semi-arid,24.22,28.95,20.91,79.51,4.38,0.29,18.04,37.63
2007-08-11,Krishnagiri,12.5266,78.2138,Semi-arid,24.27,29.84,20.57,78.46,4.22,3.23,21.64,37.63
2007-08-12,Krishnagiri,12.5266,78.2138,Semi-arid,23.76,28.86,20.12,77.07,4.23,0.27,17.98,37.63
2007-08-13,Krishnagiri,12.5266,78.2138,Semi-arid,24.08,30.28,19.14,74.31,3.72,0.0,23.7,37.62
2007-08-14,Krishnagiri,12.5266,78.2138,Semi-arid,24.62,31.22,20.15,73.54,3.26,0.0,25.34,37.62
2007-08-15,Krishnagiri,12.5266,78.2138,Semi-arid,24.88,30.57,19.48,73.78,2.16,0.26,23.71,37.61
2007-08-16,Krishnagiri,12.5266,78.2138,Semi-arid,25.27,28.76,21.54,75.04,1.74,4.88,22.76,37.6
2007-08-17,Krishnagiri,12.5266,78.2138,Semi-arid,23.33,26.04,21.77,86.01,1.77,2.68,15.09,37.59
2007-08-18,Krishnagiri,12.5266,78.2138,Semi-arid,24.02,28.25,20.88,80.86,2.69,3.38,20.81,37.58
2007-08-19,Krishnagiri,12.5266,78.2138,Semi-arid,24.63,30.35,20.15,75.2,2.84,0.66,22.46,37.57
2007-08-20,Krishnagiri,12.5266,78.2138,Semi-arid,24.46,29.29,19.58,78.3,3.29,8.48,22.62,37.56
2007-08-21,Krishnagiri,12.5266,78.2138,Semi-arid,24.1,29.07,20.71,81.27,2.95,11.53,20.04,37.55
2007-08-22,Krishnagiri,12.5266,78.2138,Semi-arid,23.15,27.3,20.08,82.74,2.54,19.69,18.18,37.53
2007-08-23,Krishnagiri,12.5266,78.2138,Semi-arid,23.41,27.89,20.09,82.97,2.35,17.68,18.41,37.52
2007-08-24,Krishnagiri,12.5266,78.2138,Semi-arid,24.23,28.86,20.07,80.76,1.94,8.05,18.82,37.5
2007-08-25,Krishnagiri,12.5266,78.2138,Semi-arid,24.35,28.04,20.95,84.23,1.25,11.35,16.36,37.48
2007-08-26,Krishnagiri,12.5266,78.2138,Semi-arid,24.39,28.27,21.4,84.89,2.22,11.75,21.99,37.46
2007-08-27,Krishnagiri,12.5266,78.2138,Semi-arid,24.48,28.94,20.44,83.46,2.11,1.24,20.28,37.44
2007-08-28,Krishnagiri,12.5266,78.2138,Semi-arid,24.21,27.68,20.95,85.02,2.3,0.7,21.62,37.42
2007-08-29,Krishnagiri,12.5266,78.2138,Semi-arid,24.19,27.91,21.39,85.97,2.83,20.77,16.47,37.4
2007-08-30,Krishnagiri,12.5266,78.2138,Semi-arid,23.44,27.16,20.42,86.07,2.91,7.94,14.74,37.37
2007-08-31,Krishnagiri,12.5266,78.2138,Semi-arid,23.46,28.45,19.92,83.23,3.29,4.5,14.49,37.34
2007-09-01,Krishnagiri,12.5266,78.2138,Semi-arid,23.87,28.99,20.15,80.83,3.46,0.8,16.98,37.32
2007-09-02,Krishnagiri,12.5266,78.2138,Semi-arid,23.54,28.47,20.18,84.29,3.03,1.59,17.25,37.28
2007-09-03,Krishnagiri,12.5266,78.2138,Semi-arid,23.49,28.76,19.75,82.04,3.27,0.04,18.27,37.25
2007-09-04,Krishnagiri,12.5266,78.2138,Semi-arid,23.52,28.84,19.08,82.58,2.91,0.03,18.47,37.22
2007-09-05,Krishnagiri,12.5266,78.2138,Semi-arid,23.96,28.45,20.93,85.04,3.26,12.25,17.58,37.18
2007-09-06,Krishnagiri,12.5266,78.2138,Semi-arid,23.29,27.54,20.1,85.38,3.14,0.78,14.61,37.15
2007-09-07,Krishnagiri,12.5266,78.2138,Semi-arid,23.88,28.34,20.09,84.32,2.59,0.01,21.72,37.11
2007-09-08,Krishnagiri,12.5266,78.2138,Semi-arid,23.59,28.04,20.54,85.27,1.93,2.13,21.52,37.07
2007-09-09,Krishnagiri,12.5266,78.2138,Semi-arid,23.78,27.87,20.68,86.41,1.42,7.91,21.82,37.02
2007-09-10,Krishnagiri,12.5266,78.2138,Semi-arid,24.37,29.19,20.38,82.81,1.32,0.88,23.87,36.98
2007-09-11,Krishnagiri,12.5266,78.2138,Semi-arid,24.58,29.4,20.88,83.5,1.35,0.23,21.44,36.94
2007-09-12,Krishnagiri,12.5266,78.2138,Semi-arid,25.08,29.36,20.65,82.57,0.83,21.4,22.26,36.89
2007-09-13,Krishnagiri,12.5266,78.2138,Semi-arid,23.18,24.63,21.68,93.01,1.45,40.96,23.33,36.85
2007-09-14,Krishnagiri,12.5266,78.2138,Semi-arid,23.71,27.91,20.47,84.59,1.66,16.32,12.6,36.8
2007-09-15,Krishnagiri,12.5266,78.2138,Semi-arid,23.13,26.89,20.1,86.99,2.5,12.13,17.46,36.75
2007-09-16,Krishnagiri,12.5266,78.2138,Semi-arid,23.86,28.78,19.54,84.14,2.07,3.66,17.1,36.69
2007-09-17,Krishnagiri,12.5266,78.2138,Semi-arid,23.59,27.84,21.04,87.8,2.46,11.69,15.52,36.64
2007-09-18,Krishnagiri,12.5266,78.2138,Semi-arid,22.72,27.48,19.63,85.79,4.1,3.93,17.09,36.59
2007-09-19,Krishnagiri,12.5266,78.2138,Semi-arid,22.56,27.73,17.9,82.8,4.19,5.29,19.28,36.53
2007-09-20,Krishnagiri,12.5266,78.2138,Semi-arid,23.22,28.15,19.67,84.46,3.66,0.09,15.9,36.47
2007-09-21,Krishnagiri,12.5266,78.2138,Semi-arid,23.49,28.57,19.75,82.29,3.93,0.03,19.39,36.41
2007-09-22,Krishnagiri,12.5266,78.2138,Semi-arid,23.65,28.51,19.75,82.9,3.7,0.06,19.62,36.35
2007-09-23,Krishnagiri,12.5266,78.2138,Semi-arid,23.02,27.2,19.78,85.12,3.67,0.03,20.29,36.28
2007-09-24,Krishnagiri,12.5266,78.2138,Semi-arid,23.76,29.04,19.46,83.91,3.57,0.13,16.94,36.22
2007-09-25,Krishnagiri,12.5266,78.2138,Semi-arid,23.94,28.56,20.84,86.1,2.99,0.94,18.43,36.15
2007-09-26,Krishnagiri,12.5266,78.2138,Semi-arid,23.75,28.3,19.88,83.56,2.13,1.78,21.61,36.08
2007-09-27,Krishnagiri,12.5266,78.2138,Semi-arid,23.47,27.01,20.79,87.73,1.49,7.33,19.8,36.01
2007-09-28,Krishnagiri,12.5266,78.2138,Semi-arid,23.42,27.41,20.33,84.81,2.35,0.14,21.19,35.93
2007-09-29,Krishnagiri,12.5266,78.2138,Semi-arid,23.81,28.01,20.39,85.46,2.36,8.26,22.48,35.86
2007-09-30,Krishnagiri,12.5266,78.2138,Semi-arid,23.51,28.46,19.15,82.81,2.63,3.29,21.47,35.78
2007-10-01,Krishnagiri,12.5266,78.2138,Semi-arid,23.76,27.68,20.75,86.14,2.52,1.55,18.28,35.71
2007-10-02,Krishnagiri,12.5266,78.2138,Semi-arid,23.48,26.92,20.64,86.08,2.14,0.32,17.76,35.63
2007-10-03,Krishnagiri,12.5266,78.2138,Semi-arid,24.25,29.25,20.84,82.07,2.56,0.02,19.11,35.55
2007-10-04,Krishnagiri,12.5266,78.2138,Semi-arid,24.26,28.79,20.7,82.5,2.22,0.02,18.12,35.47
2007-10-05,Krishnagiri,12.5266,78.2138,Semi-arid,22.95,26.62,20.76,83.15,2.67,0.03,18.65,35.38
2007-10-06,Krishnagiri,12.5266,78.2138,Semi-arid,23.69,28.64,19.76,82.22,2.53,0.02,20.97,35.3
2007-10-07,Krishnagiri,12.5266,78.2138,Semi-arid,23.65,28.75,19.4,80.83,2.81,0.0,21.94,35.21
2007-10-08,Krishnagiri,12.5266,78.2138,Semi-arid,23.41,27.98,20.1,79.29,2.49,0.0,19.28,35.13
2007-10-09,Krishnagiri,12.5266,78.2138,Semi-arid,23.85,29.19,18.97,77.97,1.55,0.0,18.29,35.04
2007-10-10,Krishnagiri,12.5266,78.2138,Semi-arid,23.62,29.19,19.53,72.06,1.31,0.0,22.3,34.95
2007-10-11,Krishnagiri,12.5266,78.2138,Semi-arid,23.29,29.57,18.05,78.33,1.53,0.03,18.68,34.86
2007-10-12,Krishnagiri,12.5266,78.2138,Semi-arid,23.99,29.51,19.58,78.75,1.27,0.0,21.78,34.77
2007-10-13,Krishnagiri,12.5266,78.2138,Semi-arid,23.65,29.66,19.5,78.31,1.44,1.52,21.11,34.67
2007-10-14,Krishnagiri,12.5266,78.2138,Semi-arid,23.43,29.35,17.92,76.42,1.2,0.43,20.49,34.58
2007-10-15,Krishnagiri,12.5266,78.2138,Semi-arid,23.93,29.59,19.37,73.56,1.05,1.11,19.45,34.49
2007-10-16,Krishnagiri,12.5266,78.2138,Semi-arid,23.68,29.38,18.89,78.86,1.18,0.03,18.42,34.39
2007-10-17,Krishnagiri,12.5266,78.2138,Semi-arid,23.5,27.95,20.12,83.42,1.72,8.79,16.55,34.3
2007-10-18,Krishnagiri,12.5266,78.2138,Semi-arid,22.81,26.49,20.36,88.15,1.55,8.59,16.36,34.2
2007-10-19,Krishnagiri,12.5266,78.2138,Semi-arid,22.44,25.65,20.24,89.87,1.66,8.49,15.23,34.1
2007-10-20,Krishnagiri,12.5266,78.2138,Semi-arid,22.31,25.35,20.0,90.25,1.32,22.82,17.62,34.01
2007-10-21,Krishnagiri,12.5266,78.2138,Semi-arid,22.76,26.92,19.94,88.85,1.59,10.11,14.25,33.91
2007-10-22,Krishnagiri,12.5266,78.2138,Semi-arid,21.93,24.72,20.04,92.15,1.94,9.47,11.01,33.81
2007-10-23,Krishnagiri,12.5266,78.2138,Semi-arid,21.09,24.48,18.63,89.08,2.68,20.29,10.92,33.71
2007-10-24,Krishnagiri,12.5266,78.2138,Semi-arid,21.81,24.79,18.65,91.54,3.6,20.45,11.4,33.61
2007-10-25,Krishnagiri,12.5266,78.2138,Semi-arid,22.49,25.25,20.86,91.45,2.95,12.31,15.7,33.51
2007-10-26,Krishnagiri,12.5266,78.2138,Semi-arid,22.09,25.2,19.56,92.58,1.95,12.41,8.61,33.4
2007-10-27,Krishnagiri,12.5266,78.2138,Semi-arid,21.78,24.3,19.91,93.25,1.37,7.97,13.53,33.3
2007-10-28,Krishnagiri,12.5266,78.2138,Semi-arid,21.6,24.51,19.63,91.38,1.21,18.24,5.97,33.2
2007-10-29,Krishnagiri,12.5266,78.2138,Semi-arid,22.04,25.24,19.36,88.43,1.26,13.79,15.42,33.1
2007-10-30,Krishnagiri,12.5266,78.2138,Semi-arid,22.42,26.6,19.18,88.8,1.5,11.57,16.52,33.0
2007-10-31,Krishnagiri,12.5266,78.2138,Semi-arid,22.91,25.92,20.2,85.22,1.41,7.41,17.76,32.89
2007-11-01,Krishnagiri,12.5266,78.2138,Semi-arid,23.11,27.7,19.62,87.69,1.15,3.08,14.32,32.79
2007-11-02,Krishnagiri,12.5266,78.2138,Semi-arid,22.47,25.74,19.65,90.08,1.62,6.32,16.3,32.69
2007-11-03,Krishnagiri,12.5266,78.2138,Semi-arid,22.36,25.91,19.39,90.99,1.84,11.85,15.73,32.59
2007-11-04,Krishnagiri,12.5266,78.2138,Semi-arid,22.0,24.57,20.34,93.99,1.55,3.5,8.24,32.49
2007-11-05,Krishnagiri,12.5266,78.2138,Semi-arid,21.8,23.93,19.43,85.62,1.25,0.34,17.07,32.39
2007-11-06,Krishnagiri,12.5266,78.2138,Semi-arid,22.93,28.24,16.96,78.44,1.02,10.8,19.17,32.29
2007-11-07,Krishnagiri,12.5266,78.2138,Semi-arid,23.33,28.29,18.46,81.23,1.0,1.2,19.68,32.19
2007-11-08,Krishnagiri,12.5266,78.2138,Semi-arid,21.45,27.15,16.43,83.86,1.5,0.0,19.06,32.09
2007-11-09,Krishnagiri,12.5266,78.2138,Semi-arid,21.64,26.74,17.5,82.61,1.17,0.01,19.28,31.99
2007-11-10,Krishnagiri,12.5266,78.2138,Semi-arid,20.85,26.55,16.56,83.0,1.56,0.19,20.83,31.89
2007-11-11,Krishnagiri,12.5266,78.2138,Semi-arid,20.38,26.34,15.36,84.92,2.1,0.13,21.15,31.8
2007-11-12,Krishnagiri,12.5266,78.2138,Semi-arid,20.48,26.09,16.22,84.71,2.18,0.0,20.59,31.7
2007-11-13,Krishnagiri,12.5266,78.2138,Semi-arid,19.56,25.84,14.72,78.66,1.97,0.0,21.64,31.61
2007-11-14,Krishnagiri,12.5266,78.2138,Semi-arid,18.22,25.29,12.26,76.66,1.77,0.0,22.17,31.52
2007-11-15,Krishnagiri,12.5266,78.2138,Semi-arid,18.27,25.51,11.41,67.94,1.43,0.0,23.04,31.42
2007-11-16,Krishnagiri,12.5266,78.2138,Semi-arid,18.31,25.57,12.46,71.49,1.6,0.0,21.65,31.33
2007-11-17,Krishnagiri,12.5266,78.2138,Semi-arid,17.31,24.33,10.83,77.6,1.68,0.0,21.36,31.25
2007-11-18,Krishnagiri,12.5266,78.2138,Semi-arid,18.91,25.32,12.11,83.0,1.5,0.32,19.74,31.16
2007-11-19,Krishnagiri,12.5266,78.2138,Semi-arid,21.57,26.81,17.21,90.61,2.53,3.67,10.46,31.07
2007-11-20,Krishnagiri,12.5266,78.2138,Semi-arid,21.89,25.31,19.71,92.27,2.68,9.21,9.19,30.99
2007-11-21,Krishnagiri,12.5266,78.2138,Semi-arid,22.05,26.57,18.59,87.98,2.56,0.23,17.62,30.91
2007-11-22,Krishnagiri,12.5266,78.2138,Semi-arid,21.87,26.86,18.31,87.42,2.35,0.0,16.13,30.83
2007-11-23,Krishnagiri,12.5266,78.2138,Semi-arid,20.3,26.72,15.6,81.13,1.71,0.0,20.07,30.75
2007-11-24,Krishnagiri,12.5266,78.2138,Semi-arid,17.93,25.25,12.57,69.97,1.84,0.0,21.22,30.67
2007-11-25,Krishnagiri,12.5266,78.2138,Semi-arid,16.5,24.31,9.47,70.72,1.71,0.0,21.91,30.6
2007-11-26,Krishnagiri,12.5266,78.2138,Semi-arid,18.81,25.86,11.27,86.05,1.93,0.0,14.87,30.52
2007-11-27,Krishnagiri,12.5266,78.2138,Semi-arid,21.37,26.73,16.63,85.48,1.78,0.12,16.33,30.45
2007-11-28,Krishnagiri,12.5266,78.2138,Semi-arid,21.25,26.25,17.33,86.47,1.89,0.07,14.48,30.38
2007-11-29,Krishnagiri,12.5266,78.2138,Semi-arid,20.81,25.97,17.05,86.63,1.89,0.02,13.91,30.32
2007-11-30,Krishnagiri,12.5266,78.2138,Semi-arid,19.22,24.49,15.4,83.16,2.11,0.01,21.23,30.25
2007-12-01,Krishnagiri,12.5266,78.2138,Semi-arid,19.21,24.93,14.26,83.16,1.88,0.0,19.52,30.19
2007-12-02,Krishnagiri,12.5266,78.2138,Semi-arid,19.53,24.83,13.88,86.88,2.27,0.97,14.8,30.13
2007-12-03,Krishnagiri,12.5266,78.2138,Semi-arid,20.61,25.93,16.74,87.67,2.63,0.93,7.52,30.08
2007-12-04,Krishnagiri,12.5266,78.2138,Semi-arid,20.21,24.97,17.02,86.45,2.99,0.67,15.63,30.02
2007-12-05,Krishnagiri,12.5266,78.2138,Semi-arid,20.08,25.76,16.06,88.28,3.56,1.08,9.17,29.97
2007-12-06,Krishnagiri,12.5266,78.2138,Semi-arid,20.73,25.08,17.91,87.52,3.37,3.6,8.01,29.93
2007-12-07,Krishnagiri,12.5266,78.2138,Semi-arid,20.94,26.29,17.14,87.41,2.87,1.22,8.12,29.88
2007-12-08,Krishnagiri,12.5266,78.2138,Semi-arid,20.83,26.0,17.07,85.75,2.28,0.25,19.05,29.84
2007-12-09,Krishnagiri,12.5266,78.2138,Semi-arid,20.87,26.27,16.68,84.79,1.96,0.01,18.01,29.8
2007-12-10,Krishnagiri,12.5266,78.2138,Semi-arid,20.56,26.02,16.57,83.57,1.79,0.0,17.32,29.76
2007-12-11,Krishnagiri,12.5266,78.2138,Semi-arid,19.88,26.08,15.41,80.29,1.88,0.0,17.76,29.73
2007-12-12,Krishnagiri,12.5266,78.2138,Semi-arid,20.08,26.26,15.11,82.22,1.92,0.0,10.76,29.7
2007-12-13,Krishnagiri,12.5266,78.2138,Semi-arid,19.72,23.59,16.79,87.22,2.5,4.98,10.89,29.67
2007-12-14,Krishnagiri,12.5266,78.2138,Semi-arid,20.34,24.58,17.63,88.74,2.75,5.97,7.37,29.65
2007-12-15,Krishnagiri,12.5266,78.2138,Semi-arid,20.97,25.67,18.05,86.06,3.04,0.71,11.89,29.64
2007-12-16,Krishnagiri,12.5266,78.2138,Semi-arid,20.86,25.93,17.67,83.2,3.76,0.0,14.62,29.62
2007-12-17,Krishnagiri,12.5266,78.2138,Semi-arid,20.15,25.08,16.95,85.52,3.34,5.51,15.49,29.6
2007-12-18,Krishnagiri,12.5266,78.2138,Semi-arid,20.14,23.77,18.34,90.56,4.51,26.28,5.94,29.59
2007-12-19,Krishnagiri,12.5266,78.2138,Semi-arid,21.12,23.34,19.2,94.57,4.05,42.49,1.84,29.58
2007-12-20,Krishnagiri,12.5266,78.2138,Semi-arid,21.2,23.75,19.19,92.34,3.25,13.46,6.49,29.58
2007-12-21,Krishnagiri,12.5266,78.2138,Semi-arid,21.43,26.26,17.93,89.86,2.13,1.16,14.71,29.58
2007-12-22,Krishnagiri,12.5266,78.2138,Semi-arid,20.66,26.11,16.51,83.52,2.02,0.0,20.69,29.58
2007-12-23,Krishnagiri,12.5266,78.2138,Semi-arid,19.27,26.39,14.08,77.92,1.77,0.0,19.52,29.59
2007-12-24,Krishnagiri,12.5266,78.2138,Semi-arid,18.11,26.01,10.79,65.79,1.86,0.0,21.91,29.6
2007-12-25,Krishnagiri,12.5266,78.2138,Semi-arid,18.9,26.95,12.46,60.54,1.63,0.0,20.07,29.61
2007-12-26,Krishnagiri,12.5266,78.2138,Semi-arid,19.33,27.27,13.26,71.05,1.74,0.0,18.9,29.62
2007-12-27,Krishnagiri,12.5266,78.2138,Semi-arid,19.74,26.94,13.91,81.02,1.55,0.0,20.18,29.64
2007-12-28,Krishnagiri,12.5266,78.2138,Semi-arid,20.65,27.25,15.47,78.22,1.26,0.0,18.61,29.66
2007-12-29,Krishnagiri,12.5266,78.2138,Semi-arid,21.03,27.61,16.62,79.1,1.45,0.0,19.01,29.69
2007-12-30,Krishnagiri,12.5266,78.2138,Semi-arid,20.58,27.3,16.09,82.83,1.57,0.0,18.17,29.72
2007-12-31,Krishnagiri,12.5266,78.2138,Semi-arid,19.89,26.16,15.38,83.83,1.87,0.0,16.09,29.75
2008-01-01,Krishnagiri,12.5266,78.2138,Semi-arid,19.42,26.06,14.47,82.39,2.11,0.0,20.82,29.78
2008-01-02,Krishnagiri,12.5266,78.2138,Semi-arid,18.66,25.49,13.73,81.32,2.18,0.0,20.23,29.82
2008-01-03,Krishnagiri,12.5266,78.2138,Semi-arid,18.73,26.12,12.96,79.75,2.17,0.79,20.08,29.87
2008-01-04,Krishnagiri,12.5266,78.2138,Semi-arid,20.21,26.15,15.3,89.6,3.62,16.34,8.74,29.91
2008-01-05,Krishnagiri,12.5266,78.2138,Semi-arid,20.37,25.98,14.9,85.02,2.79,3.37,15.61,29.96
2008-01-06,Krishnagiri,12.5266,78.2138,Semi-arid,18.79,25.78,14.29,82.26,2.71,0.1,18.47,30.0
2008-01-07,Krishnagiri,12.5266,78.2138,Semi-arid,18.22,25.14,13.84,80.79,2.75,0.0,19.83,30.06
2008-01-08,Krishnagiri,12.5266,78.2138,Semi-arid,18.71,25.53,13.96,80.8,2.53,0.0,19.36,30.11
2008-01-09,Krishnagiri,12.5266,78.2138,Semi-arid,18.95,26.18,13.69,79.83,2.16,0.0,20.84,30.17
2008-01-10,Krishnagiri,12.5266,78.2138,Semi-arid,19.34,27.11,13.65,76.34,1.84,0.0,20.8,30.23
2008-01-11,Krishnagiri,12.5266,78.2138,Semi-arid,19.47,27.4,13.81,76.79,2.15,0.0,21.01,30.3
2008-01-12,Krishnagiri,12.5266,78.2138,Semi-arid,19.34,27.39,13.62,78.15,2.2,0.0,21.08,30.37
2008-01-13,Krishnagiri,12.5266,78.2138,Semi-arid,19.34,27.98,12.25,74.16,2.17,0.0,20.61,30.43
2008-01-14,Krishnagiri,12.5266,78.2138,Semi-arid,19.36,28.03,13.32,72.45,1.69,0.0,20.5,30.5
2008-01-15,Krishnagiri,12.5266,78.2138,Semi-arid,18.98,28.08,12.43,71.64,1.94,0.0,20.84,30.58
2008-01-16,Krishnagiri,12.5266,78.2138,Semi-arid,18.83,28.2,11.41,72.66,2.19,0.0,21.14,30.65
2008-01-17,Krishnagiri,12.5266,78.2138,Semi-arid,19.11,28.01,12.44,72.89,2.12,0.0,21.43,30.73
2008-01-18,Krishnagiri,12.5266,78.2138,Semi-arid,19.15,28.2,13.53,70.13,1.61,0.0,21.91,30.81
2008-01-19,Krishnagiri,12.5266,78.2138,Semi-arid,18.88,27.61,13.14,73.67,1.47,0.0,22.01,30.9
2008-01-20,Krishnagiri,12.5266,78.2138,Semi-arid,19.56,29.22,13.1,72.07,1.25,0.0,22.66,30.98
2008-01-21,Krishnagiri,12.5266,78.2138,Semi-arid,20.53,29.19,14.74,73.57,1.69,0.0,21.32,31.07
2008-01-22,Krishnagiri,12.5266,78.2138,Semi-arid,21.19,29.28,16.01,75.69,1.59,0.0,18.81,31.16
2008-01-23,Krishnagiri,12.5266,78.2138,Semi-arid,21.24,29.64,15.86,75.32,1.65,0.0,22.21,31.25
2008-01-24,Krishnagiri,12.5266,78.2138,Semi-arid,21.79,30.63,15.86,71.7,1.09,0.0,21.21,31.35
2008-01-25,Krishnagiri,12.5266,78.2138,Semi-arid,22.02,30.52,15.5,71.75,1.28,0.0,19.08,31.44
2008-01-26,Krishnagiri,12.5266,78.2138,Semi-arid,22.76,30.56,16.28,71.85,1.12,0.0,18.2,31.53
2008-01-27,Krishnagiri,12.5266,78.2138,Semi-arid,23.61,31.08,17.3,71.22,1.2,0.0,16.31,31.63
2008-01-28,Krishnagiri,12.5266,78.2138,Semi-arid,23.4,30.24,18.88,73.77,1.89,0.0,16.05,31.73
2008-01-29,Krishnagiri,12.5266,78.2138,Semi-arid,23.73,31.0,18.09,72.06,1.1,0.0,17.01,31.83
2008-01-30,Krishnagiri,12.5266,78.2138,Semi-arid,23.74,31.19,18.7,66.7,1.45,0.0,17.06,31.93
2008-01-31,Krishnagiri,12.5266,78.2138,Semi-arid,23.59,31.2,16.45,62.44,1.02,0.0,18.19,32.04
2008-02-01,Krishnagiri,12.5266,78.2138,Semi-arid,23.73,30.53,18.41,73.92,1.64,0.0,15.21,32.14
2008-02-02,Krishnagiri,12.5266,78.2138,Semi-arid,23.67,30.15,19.1,74.47,1.42,0.0,14.83,32.24
2008-02-03,Krishnagiri,12.5266,78.2138,Semi-arid,23.42,30.47,18.86,73.69,2.08,0.06,16.64,32.35
2008-02-04,Krishnagiri,12.5266,78.2138,Semi-arid,23.61,30.56,18.78,72.91,1.92,0.05,15.5,32.46
2008-02-05,Krishnagiri,12.5266,78.2138,Semi-arid,23.59,30.8,18.62,72.34,1.97,0.0,17.98,32.56
2008-02-06,Krishnagiri,12.5266,78.2138,Semi-arid,23.61,31.56,17.87,67.35,1.97,0.0,21.12,32.67
2008-02-07,Krishnagiri,12.5266,78.2138,Semi-arid,24.33,32.26,18.65,70.36,1.94,0.0,17.9,32.78
2008-02-08,Krishnagiri,12.5266,78.2138,Semi-arid,24.95,31.78,20.21,73.3,2.08,1.22,15.61,32.89
2008-02-09,Krishnagiri,12.5266,78.2138,Semi-arid,24.12,29.5,20.8,82.09,1.9,7.66,12.43,32.99
2008-02-10,Krishnagiri,12.5266,78.2138,Semi-arid,24.0,29.56,20.78,82.88,1.6,4.97,15.44,33.1
2008-02-11,Krishnagiri,12.5266,78.2138,Semi-arid,23.5,27.62,20.92,83.73,1.98,1.84,17.25,33.21
2008-02-12,Krishnagiri,12.5266,78.2138,Semi-arid,24.28,30.81,20.59,76.83,2.73,1.42,19.37,33.32
2008-02-13,Krishnagiri,12.5266,78.2138,Semi-arid,24.13,31.82,18.93,70.76,2.16,0.25,19.81,33.43
2008-02-14,Krishnagiri,12.5266,78.2138,Semi-arid,24.1,31.32,18.77,71.62,2.54,0.06,16.0,33.54
2008-02-15,Krishnagiri,12.5266,78.2138,Semi-arid,23.59,30.28,19.15,75.87,2.98,1.17,15.16,33.65
2008-02-16,Krishnagiri,12.5266,78.2138,Semi-arid,24.12,32.13,18.61,67.32,2.48,0.02,22.21,33.76
2008-02-17,Krishnagiri,12.5266,78.2138,Semi-arid,23.61,31.8,17.42,66.84,2.06,0.0,23.44,33.87
2008-02-18,Krishnagiri,12.5266,78.2138,Semi-arid,22.54,32.14,15.57,60.51,2.03,0.0,24.66,33.98
2008-02-19,Krishnagiri,12.5266,78.2138,Semi-arid,22.48,32.37,14.87,62.3,1.64,0.0,24.58,34.09
2008-02-20,Krishnagiri,12.5266,78.2138,Semi-arid,23.44,32.55,16.41,63.7,2.01,0.0,24.06,34.2
2008-02-21,Krishnagiri,12.5266,78.2138,Semi-arid,23.91,32.72,16.83,61.47,1.94,0.0,23.5,34.3
2008-02-22,Krishnagiri,12.5266,78.2138,Semi-arid,24.17,32.62,17.4,63.43,2.27,0.0,23.21,34.41
2008-02-23,Krishnagiri,12.5266,78.2138,Semi-arid,23.99,32.94,17.86,61.22,2.33,0.0,24.05,34.52
2008-02-24,Krishnagiri,12.5266,78.2138,Semi-arid,23.32,32.92,16.98,58.82,2.6,0.0,25.15,34.62
2008-02-25,Krishnagiri,12.5266,78.2138,Semi-arid,23.23,34.2,14.65,54.48,2.19,0.0,25.25,34.73
2008-02-26,Krishnagiri,12.5266,78.2138,Semi-arid,23.41,33.45,14.36,53.46,2.81,0.0,25.31,34.83
2008-02-27,Krishnagiri,12.5266,78.2138,Semi-arid,23.71,33.87,15.46,53.32,2.9,0.0,25.15,34.93
2008-02-28,Krishnagiri,12.5266,78.2138,Semi-arid,22.68,32.5,13.71,53.23,3.1,0.0,25.87,35.03
2008-02-29,Krishnagiri,12.5266,78.2138,Semi-arid,23.44,33.98,13.66,51.52,2.56,0.0,24.9,35.13
2008-03-01,Krishnagiri,12.5266,78.2138,Semi-arid,24.38,34.08,15.15,61.23,2.05,0.85,24.53,35.23
2008-03-02,Krishnagiri,12.5266,78.2138,Semi-arid,25.34,34.69,18.62,54.79,2.22,0.28,25.79,35.32
2008-03-03,Krishnagiri,12.5266,78.2138,Semi-arid,23.75,34.16,16.45,47.27,2.43,0.0,26.56,35.42
2008-03-04,Krishnagiri,12.5266,78.2138,Semi-arid,22.78,33.48,14.14,39.96,2.5,0.0,26.81,35.51
2008-03-05,Krishnagiri,12.5266,78.2138,Semi-arid,23.47,34.04,13.47,40.88,3.02,0.0,26.42,35.61
2008-03-06,Krishnagiri,12.5266,78.2138,Semi-arid,23.73,33.87,14.68,53.8,2.86,0.0,26.31,35.7
2008-03-07,Krishnagiri,12.5266,78.2138,Semi-arid,23.03,33.12,14.36,45.94,2.93,0.0,25.68,35.79
2008-03-08,Krishnagiri,12.5266,78.2138,Semi-arid,23.49,33.72,15.27,35.16,3.01,0.0,27.04,35.88
2008-03-09,Krishnagiri,12.5266,78.2138,Semi-arid,23.62,33.97,15.2,33.05,2.84,0.0,25.18,35.96
2008-03-10,Krishnagiri,12.5266,78.2138,Semi-arid,24.96,34.84,16.75,39.77,3.03,0.01,19.3,36.05
2008-03-11,Krishnagiri,12.5266,78.2138,Semi-arid,23.89,31.77,17.84,54.04,2.8,0.24,19.23,36.14
2008-03-12,Krishnagiri,12.5266,78.2138,Semi-arid,23.1,29.77,18.26,77.54,2.97,11.13,12.57,36.22
2008-03-13,Krishnagiri,12.5266,78.2138,Semi-arid,23.93,30.13,19.51,78.07,2.82,3.75,15.86,36.3
2008-03-14,Krishnagiri,12.5266,78.2138,Semi-arid,23.56,27.86,20.79,83.07,2.65,3.8,15.58,36.38
2008-03-15,Krishnagiri,12.5266,78.2138,Semi-arid,24.28,30.49,20.26,75.1,2.05,8.07,15.4,36.46
2008-03-16,Krishnagiri,12.5266,78.2138,Semi-arid,25.3,32.99,20.08,67.75,2.21,0.91,20.81,36.53
2008-03-17,Krishnagiri,12.5266,78.2138,Semi-arid,24.81,31.97,18.83,66.94,2.68,0.02,23.01,36.61
2008-03-18,Krishnagiri,12.5266,78.2138,Semi-arid,25.22,32.58,20.59,69.67,2.77,0.6,24.31,36.68
2008-03-19,Krishnagiri,12.5266,78.2138,Semi-arid,25.06,32.77,19.78,72.91,2.88,2.05,20.32,36.75
2008-03-20,Krishnagiri,12.5266,78.2138,Semi-arid,23.54,28.9,20.77,81.9,2.55,11.95,13.47,36.82
2008-03-21,Krishnagiri,12.5266,78.2138,Semi-arid,22.16,25.55,20.09,87.42,3.39,26.6,10.89,36.89
2008-03-22,Krishnagiri,12.5266,78.2138,Semi-arid,23.2,26.98,20.43,85.06,3.37,10.63,15.05,36.95
2008-03-23,Krishnagiri,12.5266,78.2138,Semi-arid,23.7,27.44,21.07,84.1,2.39,1.93,15.68,37.02
2008-03-24,Krishnagiri,12.5266,78.2138,Semi-arid,24.08,28.43,21.28,81.05,1.55,8.77,20.09,37.08
2008-03-25,Krishnagiri,12.5266,78.2138,Semi-arid,25.12,32.83,18.78,69.01,1.53,0.68,21.45,37.13
2008-03-26,Krishnagiri,12.5266,78.2138,Semi-arid,25.09,31.83,19.52,72.87,1.2,6.9,20.04,37.18
2008-03-27,Krishnagiri,12.5266,78.2138,Semi-arid,25.45,31.53,20.47,74.59,1.21,0.67,19.34,37.24
2008-03-28,Krishnagiri,12.5266,78.2138,Semi-arid,26.12,32.83,20.44,70.38,1.31,1.1,19.2,37.29
2008-03-29,Krishnagiri,12.5266,78.2138,Semi-arid,25.79,31.87,21.08,71.97,1.2,0.13,21.14,37.35
2008-03-30,Krishnagiri,12.5266,78.2138,Semi-arid,26.04,31.95,21.41,72.03,0.99,5.01,15.74,37.4
2008-03-31,Krishnagiri,12.5266,78.2138,Semi-arid,26.13,31.77,22.06,73.48,0.83,9.09,19.6,37.45
2008-04-01,Krishnagiri,12.5266,78.2138,Semi-arid,26.23,31.97,21.97,70.2,1.03,2.89,20.06,37.49
2008-04-02,Krishnagiri,12.5266,78.2138,Semi-arid,26.0,32.02,21.29,72.45,1.63,3.65,18.42,37.54
2008-04-03,Krishnagiri,12.5266,78.2138,Semi-arid,25.38,30.54,21.72,73.88,0.9,0.19,19.9,37.58
2008-04-04,Krishnagiri,12.5266,78.2138,Semi-arid,26.13,32.15,22.01,68.24,1.26,0.68,19.92,37.62
2008-04-05,Krishnagiri,12.5266,78.2138,Semi-arid,25.36,31.53,21.08,72.07,2.23,0.1,22.95,37.65
2008-04-06,Krishnagiri,12.5266,78.2138,Semi-arid,25.47,32.71,20.43,69.28,2.84,0.0,25.49,37.69
2008-04-07,Krishnagiri,12.5266,78.2138,Semi-arid,25.22,33.07,19.16,66.31,2.78,0.0,26.4,37.72
2008-04-08,Krishnagiri,12.5266,78.2138,Semi-arid,24.22,32.28,18.52,65.32,2.32,0.68,27.05,37.75
2008-04-09,Krishnagiri,12.5266,78.2138,Semi-arid,24.66,33.13,18.63,62.71,2.35,0.19,27.62,37.79
2008-04-10,Krishnagiri,12.5266,78.2138,Semi-arid,25.54,33.95,19.31,61.66,2.58,0.0,26.18,37.81
2008-04-11,Krishnagiri,12.5266,78.2138,Semi-arid,25.7,34.49,18.36,56.77,2.15,0.0,26.53,37.84
2008-04-12,Krishnagiri,12.5266,78.2138,Semi-arid,26.02,33.89,19.15,61.76,2.08,0.0,26.36,37.87
2008-04-13,Krishnagiri,12.5266,78.2138,Semi-arid,26.5,35.39,19.88,64.1,2.04,0.0,27.3,37.89
2008-04-14,Krishnagiri,12.5266,78.2138,Semi-arid,27.0,36.1,20.11,61.25,2.07,0.0,27.44,37.91
2008-04-15,Krishnagiri,12.5266,78.2138,Semi-arid,27.14,35.85,20.64,62.96,1.97,0.0,26.41,37.93
2008-04-16,Krishnagiri,12.5266,78.2138,Semi-arid,26.38,34.39,19.63,63.62,1.58,0.0,26.64,37.96
2008-04-17,Krishnagiri,12.5266,78.2138,Semi-arid,26.98,36.78,19.92,59.92,2.12,0.0,24.87,37.97
2008-04-18,Krishnagiri,12.5266,78.2138,Semi-arid,27.39,37.13,18.7,51.63,1.81,0.0,26.99,37.99
2008-04-19,Krishnagiri,12.5266,78.2138,Semi-arid,28.78,37.85,21.12,49.07,2.18,0.0,24.55,38.0
2008-04-20,Krishnagiri,12.5266,78.2138,Semi-arid,28.68,38.53,19.75,45.71,1.93,0.0,25.72,38.02
2008-04-21,Krishnagiri,12.5266,78.2138,Semi-arid,29.15,39.19,20.28,42.84,1.9,0.0,25.68,38.03
2008-04-22,Krishnagiri,12.5266,78.2138,Semi-arid,29.9,39.57,21.37,43.72,2.02,0.92,25.14,38.04
2008-04-23,Krishnagiri,12.5266,78.2138,Semi-arid,29.25,38.92,21.3,46.45,2.38,0.88,24.29,38.05
2008-04-24,Krishnagiri,12.5266,78.2138,Semi-arid,27.54,34.58,21.4,50.78,2.38,0.01,23.97,38.05
2008-04-25,Krishnagiri,12.5266,78.2138,Semi-arid,27.29,36.22,19.17,55.27,2.68,0.63,25.97,38.06
2008-04-26,Krishnagiri,12.5266,78.2138,Semi-arid,27.97,36.28,20.94,57.17,2.27,0.06,25.15,38.06
2008-04-27,Krishnagiri,12.5266,78.2138,Semi-arid,29.6,38.71,21.23,52.35,2.48,0.12,22.53,38.06
2008-04-28,Krishnagiri,12.5266,78.2138,Semi-arid,30.45,38.38,24.03,49.13,2.19,0.02,18.07,38.06
2008-04-29,Krishnagiri,12.5266,78.2138,Semi-arid,30.62,38.94,24.07,49.86,2.72,0.0,17.29,38.06
2008-04-30,Krishnagiri,12.5266,78.2138,Semi-arid,28.72,34.86,24.39,60.46,2.29,5.4,23.5,38.06
2008-05-01,Krishnagiri,12.5266,78.2138,Semi-arid,29.33,36.57,22.74,57.03,2.48,0.29,24.28,38.06
2008-05-02,Krishnagiri,12.5266,78.2138,Semi-arid,30.0,37.6,22.93,54.46,2.56,0.15,24.38,38.05
2008-05-03,Krishnagiri,12.5266,78.2138,Semi-arid,30.74,39.34,23.65,44.83,3.03,0.33,24.51,38.05
2008-05-04,Krishnagiri,12.5266,78.2138,Semi-arid,30.28,39.28,21.97,43.56,2.93,0.01,26.58,38.04
2008-05-05,Krishnagiri,12.5266,78.2138,Semi-arid,30.65,39.23,21.54,43.7,2.91,0.0,25.94,38.04
2008-05-06,Krishnagiri,12.5266,78.2138,Semi-arid,30.51,39.1,22.12,43.93,3.39,0.0,23.41,38.03
2008-05-07,Krishnagiri,12.5266,78.2138,Semi-arid,30.31,38.06,24.51,47.04,2.28,3.8,22.08,38.02
2008-05-08,Krishnagiri,12.5266,78.2138,Semi-arid,28.49,35.08,23.02,57.51,1.62,3.34,22.05,38.01
2008-05-09,Krishnagiri,12.5266,78.2138,Semi-arid,28.85,35.32,23.2,56.28,2.7,0.01,19.74,38.01
2008-05-10,Krishnagiri,12.5266,78.2138,Semi-arid,29.61,36.53,23.21,51.41,3.19,0.27,22.16,38.0
2008-05-11,Krishnagiri,12.5266,78.2138,Semi-arid,29.48,35.5,24.53,51.38,3.03,1.05,20.18,37.99
2008-05-12,Krishnagiri,12.5266,78.2138,Semi-arid,29.05,37.49,23.48,54.41,3.28,2.05,24.02,37.98
2008-05-13,Krishnagiri,12.5266,78.2138,Semi-arid,29.21,37.58,21.99,53.15,2.83,0.92,25.01,37.97
2008-05-14,Krishnagiri,12.5266,78.2138,Semi-arid,29.81,38.57,21.97,49.1,3.57,2.52,24.01,37.96
2008-05-15,Krishnagiri,12.5266,78.2138,Semi-arid,29.3,37.02,22.68,50.89,3.73,0.0,24.79,37.95
2008-05-16,Krishnagiri,12.5266,78.2138,Semi-arid,28.58,35.53,22.62,50.91,3.57,0.0,25.7,37.93
2008-05-17,Krishnagiri,12.5266,78.2138,Semi-arid,29.63,36.94,24.02,47.9,4.21,0.0,23.91,37.92
2008-05-18,Krishnagiri,12.5266,78.2138,Semi-arid,30.64,39.21,23.43,48.06,2.95,0.0,23.43,37.91
2008-05-19,Krishnagiri,12.5266,78.2138,Semi-arid,29.8,35.43,24.95,50.44,2.5,0.36,22.74,37.89
2008-05-20,Krishnagiri,12.5266,78.2138,Semi-arid,29.88,36.24,24.28,51.14,2.8,0.95,22.2,37.88
2008-05-21,Krishnagiri,12.5266,78.2138,Semi-arid,28.04,32.71,23.94,61.87,2.39,8.38,22.62,37.86
2008-05-22,Krishnagiri,12.5266,78.2138,Semi-arid,27.51,33.78,22.31,67.47,2.1,8.69,23.19,37.85
2008-05-23,Krishnagiri,12.5266,78.2138,Semi-arid,27.29,32.89,22.91,67.39,1.87,5.57,21.64,37.83
2008-05-24,Krishnagiri,12.5266,78.2138,Semi-arid,25.15,29.07,22.52,76.11,2.18,5.66,22.57,37.82
2008-05-25,Krishnagiri,12.5266,78.2138,Semi-arid,27.57,33.94,21.71,66.24,1.47,1.54,18.87,37.8
2008-05-26,Krishnagiri,12.5266,78.2138,Semi-arid,26.57,30.96,22.99,71.21,1.91,0.11,23.13,37.79
2008-05-27,Krishnagiri,12.5266,78.2138,Semi-arid,27.64,33.09,22.2,63.99,1.66,0.23,22.45,37.77
2008-05-28,Krishnagiri,12.5266,78.2138,Semi-arid,26.91,31.71,22.88,68.52,1.88,2.82,22.22,37.76
2008-05-29,Krishnagiri,12.5266,78.2138,Semi-arid,27.95,34.57,21.88,64.56,2.6,1.08,23.93,37.74
2008-05-30,Krishnagiri,12.5266,78.2138,Semi-arid,26.45,32.08,22.32,70.68,2.26,1.57,23.15,37.72
2008-05-31,Krishnagiri,12.5266,78.2138,Semi-arid,24.85,28.6,22.7,81.43,2.44,28.16,21.1,37.71
2008-06-01,Krishnagiri,12.5266,78.2138,Semi-arid,25.88,31.28,21.52,73.7,1.94,17.57,21.48,37.7
2008-06-02,Krishnagiri,12.5266,78.2138,Semi-arid,26.31,31.8,21.88,71.86,1.75,1.32,23.67,37.68
2008-06-03,Krishnagiri,12.5266,78.2138,Semi-arid,27.28,33.29,22.12,67.62,1.79,1.17,23.97,37.67
2008-06-04,Krishnagiri,12.5266,78.2138,Semi-arid,27.31,33.89,21.54,64.05,3.07,0.19,26.29,37.65
2008-06-05,Krishnagiri,12.5266,78.2138,Semi-arid,26.23,32.4,21.22,67.11,3.72,0.03,26.26,37.64
2008-06-06,Krishnagiri,12.5266,78.2138,Semi-arid,26.07,31.04,21.88,72.99,3.52,0.17,24.36,37.63
2008-06-07,Krishnagiri,12.5266,78.2138,Semi-arid,25.57,31.72,20.96,74.37,3.0,1.22,20.47,37.62
2008-06-08,Krishnagiri,12.5266,78.2138,Semi-arid,24.44,28.12,22.08,80.77,2.83,9.06,18.53,37.61
2008-06-09,Krishnagiri,12.5266,78.2138,Semi-arid,24.55,29.24,20.97,75.92,3.44,0.72,17.39,37.6
2008-06-10,Krishnagiri,12.5266,78.2138,Semi-arid,23.81,28.69,20.15,68.44,4.2,0.01,16.43,37.59
2008-06-11,Krishnagiri,12.5266,78.2138,Semi-arid,25.17,31.44,20.49,73.63,3.54,7.98,20.89,37.58
2008-06-12,Krishnagiri,12.5266,78.2138,Semi-arid,25.18,31.22,20.97,72.4,4.14,0.1,14.01,37.57
2008-06-13,Krishnagiri,12.5266,78.2138,Semi-arid,24.83,31.18,19.71,65.47,4.94,0.0,12.72,37.56
2008-06-14,Krishnagiri,12.5266,78.2138,Semi-arid,25.57,32.22,19.88,68.62,4.49,0.11,16.67,37.55
2008-06-15,Krishnagiri,12.5266,78.2138,Semi-arid,25.56,31.32,21.03,70.62,4.55,0.0,18.89,37.55
2008-06-16,Krishnagiri,12.5266,78.2138,Semi-arid,26.38,33.15,21.22,67.59,4.4,0.04,17.85,37.54
2008-06-17,Krishnagiri,12.5266,78.2138,Semi-arid,25.83,32.37,21.04,66.9,4.6,0.03,13.18,37.53
2008-06-18,Krishnagiri,12.5266,78.2138,Semi-arid,25.93,32.9,20.42,68.84,3.64,0.27,17.44,37.52
2008-06-19,Krishnagiri,12.5266,78.2138,Semi-arid,26.15,31.86,21.31,70.75,3.53,0.25,17.67,37.52
2008-06-20,Krishnagiri,12.5266,78.2138,Semi-arid,26.24,31.36,21.83,70.81,2.96,0.04,21.53,37.51
2008-06-21,Krishnagiri,12.5266,78.2138,Semi-arid,26.13,31.46,22.05,70.87,3.3,3.38,20.64,37.51
2008-06-22,Krishnagiri,12.5266,78.2138,Semi-arid,25.72,32.93,21.11,66.92,3.8,1.96,19.68,37.5
2008-06-23,Krishnagiri,12.5266,78.2138,Semi-arid,26.08,33.55,20.47,65.45,3.83,0.03,20.94,37.5
2008-06-24,Krishnagiri,12.5266,78.2138,Semi-arid,26.6,33.69,21.17,63.67,4.51,0.0,21.66,37.49
2008-06-25,Krishnagiri,12.5266,78.2138,Semi-arid,25.85,32.05,20.86,67.58,4.42,0.52,20.27,37.49
2008-06-26,Krishnagiri,12.5266,78.2138,Semi-arid,25.77,31.4,21.33,69.23,4.32,0.05,19.58,37.49
2008-06-27,Krishnagiri,12.5266,78.2138,Semi-arid,26.32,32.49,21.3,68.56,4.11,0.01,18.47,37.49
2008-06-28,Krishnagiri,12.5266,78.2138,Semi-arid,26.47,33.19,21.74,66.32,4.4,0.54,15.68,37.48
2008-06-29,Krishnagiri,12.5266,78.2138,Semi-arid,26.6,33.76,21.12,63.88,4.86,0.01,18.35,37.48
2008-06-30,Krishnagiri,12.5266,78.2138,Semi-arid,25.94,32.38,20.84,66.02,5.11,0.01,22.22,37.48
2008-07-01,Krishnagiri,12.5266,78.2138,Semi-arid,25.12,31.78,20.88,68.69,4.31,3.8,17.51,37.48
2008-07-02,Krishnagiri,12.5266,78.2138,Semi-arid,25.16,32.32,20.39,70.64,4.35,7.75,22.77,37.48
2008-07-03,Krishnagiri,12.5266,78.2138,Semi-arid,25.41,32.19,20.08,66.88,3.48,1.89,22.82,37.49
2008-07-04,Krishnagiri,12.5266,78.2138,Semi-arid,26.15,33.35,20.88,64.8,3.52,0.0,21.75,37.49
2008-07-05,Krishnagiri,12.5266,78.2138,Semi-arid,26.65,33.52,20.74,66.41,3.73,0.0,20.58,37.49
2008-07-06,Krishnagiri,12.5266,78.2138,Semi-arid,25.66,30.62,21.44,71.69,3.96,0.16,18.25,37.5
2008-07-07,Krishnagiri,12.5266,78.2138,Semi-arid,25.84,33.23,21.1,66.83,5.33,3.86,19.84,37.5
2008-07-08,Krishnagiri,12.5266,78.2138,Semi-arid,25.71,33.43,20.35,61.93,5.64,0.23,18.03,37.5
2008-07-09,Krishnagiri,12.5266,78.2138,Semi-arid,25.45,32.54,20.34,64.57,5.12,2.59,16.03,37.51
2008-07-10,Krishnagiri,12.5266,78.2138,Semi-arid,25.4,31.83,20.45,66.55,4.39,0.1,16.28,37.51
2008-07-11,Krishnagiri,12.5266,78.2138,Semi-arid,26.14,32.97,20.86,63.46,4.63,0.0,22.52,37.52
2008-07-12,Krishnagiri,12.5266,78.2138,Semi-arid,25.89,31.69,20.54,65.27,4.21,0.0,23.42,37.52
2008-07-13,Krishnagiri,12.5266,78.2138,Semi-arid,26.78,33.33,21.4,64.05,2.53,0.0,22.76,37.53
2008-07-14,Krishnagiri,12.5266,78.2138,Semi-arid,26.2,29.61,22.69,71.69,1.42,15.27,19.15,37.54
2008-07-15,Krishnagiri,12.5266,78.2138,Semi-arid,25.18,28.42,22.24,80.22,1.27,31.68,20.97,37.54
2008-07-16,Krishnagiri,12.5266,78.2138,Semi-arid,24.94,28.53,21.57,77.87,1.59,0.29,22.14,37.55
2008-07-17,Krishnagiri,12.5266,78.2138,Semi-arid,25.22,28.97,21.48,75.97,2.28,1.25,19.67,37.55
2008-07-18,Krishnagiri,12.5266,78.2138,Semi-arid,24.0,26.48,21.9,84.01,2.16,5.02,22.46,37.56
2008-07-19,Krishnagiri,12.5266,78.2138,Semi-arid,23.74,26.81,21.37,83.57,2.19,1.67,21.66,37.57
2008-07-20,Krishnagiri,12.5266,78.2138,Semi-arid,23.72,26.38,21.14,82.34,1.55,52.64,19.89,37.57
2008-07-21,Krishnagiri,12.5266,78.2138,Semi-arid,24.35,28.41,21.1,82.84,1.57,12.36,18.84,37.58
2008-07-22,Krishnagiri,12.5266,78.2138,Semi-arid,23.68,26.33,21.53,84.82,1.02,3.38,21.78,37.58
2008-07-23,Krishnagiri,12.5266,78.2138,Semi-arid,24.98,30.23,20.03,78.37,1.48,0.22,21.22,37.59
2008-07-24,Krishnagiri,12.5266,78.2138,Semi-arid,24.44,29.16,20.75,77.32,2.43,5.55,20.41,37.59
2008-07-25,Krishnagiri,12.5266,78.2138,Semi-arid,23.35,26.6,20.93,81.96,4.25,3.4,13.81,37.6
2008-07-26,Krishnagiri,12.5266,78.2138,Semi-arid,24.2,29.49,19.75,77.07,4.53,1.45,14.65,37.6
2008-07-27,Krishnagiri,12.5266,78.2138,Semi-arid,23.81,28.89,20.71,82.03,4.26,9.15,13.4,37.61
2008-07-28,Krishnagiri,12.5266,78.2138,Semi-arid,24.01,28.66,20.71,79.99,4.76,0.39,16.02,37.61
2008-07-29,Krishnagiri,12.5266,78.2138,Semi-arid,24.16,28.7,20.7,76.17,4.93,1.77,16.25,37.62
2008-07-30,Krishnagiri,12.5266,78.2138,Semi-arid,23.83,28.94,19.71,79.2,4.79,3.24,16.43,37.62
2008-07-31,Krishnagiri,12.5266,78.2138,Semi-arid,24.15,28.87,20.79,80.63,4.11,3.43,17.24,37.62
2008-08-01,Krishnagiri,12.5266,78.2138,Semi-arid,24.52,30.22,20.39,78.55,4.07,2.28,21.59,37.63
2008-08-02,Krishnagiri,12.5266,78.2138,Semi-arid,24.22,29.08,20.77,79.79,3.25,0.07,13.96,37.63
2008-08-03,Krishnagiri,12.5266,78.2138,Semi-arid,24.04,28.27,20.83,82.59,3.03,5.5,16.53,37.63
2008-08-04,Krishnagiri,12.5266,78.2138,Semi-arid,23.93,28.0,20.76,83.19,3.03,2.5,14.29,37.63
2008-08-05,Krishnagiri,12.5266,78.2138,Semi-arid,25.01,30.56,20.8,76.58,3.6,0.34,21.74,37.64
2008-08-06,Krishnagiri,12.5266,78.2138,Semi-arid,24.58,30.15,20.13,76.77,4.08,0.23,17.5,37.64
2008-08-07,Krishnagiri,12.5266,78.2138,Semi-arid,24.88,30.83,20.15,74.3,4.27,0.28,21.7,37.64
2008-08-08,Krishnagiri,12.5266,78.2138,Semi-arid,23.72,27.53,20.57,80.32,4.95,1.29,9.63,37.64
2008-08-09,Krishnagiri,12.5266,78.2138,Semi-arid,23.75,28.42,20.88,74.84,5.92,0.32,10.88,37.63
2008-08-10,Krishnagiri,12.5266,78.2138,Semi-arid,23.19,27.32,20.27,77.7,5.77,0.32,15.58,37.63
2008-08-11,Krishnagiri,12.5266,78.2138,Semi-arid,23.97,29.01,19.79,74.61,5.21,0.22,16.56,37.63
2008-08-12,Krishnagiri,12.5266,78.2138,Semi-arid,24.58,30.12,20.13,76.36,4.15,2.24,16.26,37.62
2008-08-13,Krishnagiri,12.5266,78.2138,Semi-arid,24.07,29.96,19.58,77.3,3.81,2.47,15.43,37.62
2008-08-14,Krishnagiri,12.5266,78.2138,Semi-arid,23.66,28.47,20.25,81.64,3.28,27.09,13.43,37.61
2008-08-15,Krishnagiri,12.5266,78.2138,Semi-arid,24.26,29.82,19.98,80.36,3.36,1.18,13.42,37.61
2008-08-16,Krishnagiri,12.5266,78.2138,Semi-arid,23.96,28.96,19.77,80.38,2.95,2.16,16.54,37.6
2008-08-17,Krishnagiri,12.5266,78.2138,Semi-arid,24.33,28.84,20.07,81.3,2.43,9.79,19.31,37.59
2008-08-18,Krishnagiri,12.5266,78.2138,Semi-arid,23.89,28.14,20.36,81.97,2.21,17.78,17.39,37.58
2008-08-19,Krishnagiri,12.5266,78.2138,Semi-arid,23.78,28.19,21.18,82.45,2.19,10.26,18.09,37.56
2008-08-20,Krishnagiri,12.5266,78.2138,Semi-arid,24.75,30.14,20.19,77.83,2.37,1.22,17.29,37.55
2008-08-21,Krishnagiri,12.5266,78.2138,Semi-arid,24.41,30.05,20.5,77.39,3.25,1.73,20.51,37.54
2008-08-22,Krishnagiri,12.5266,78.2138,Semi-arid,24.44,30.72,19.43,75.77,3.05,2.86,22.8,37.52
2008-08-23,Krishnagiri,12.5266,78.2138,Semi-arid,24.46,29.7,19.99,76.52,2.9,1.22,22.86,37.5
2008-08-24,Krishnagiri,12.5266,78.2138,Semi-arid,24.87,30.15,20.02,76.41,1.92,0.42,22.41,37.48
2008-08-25,Krishnagiri,12.5266,78.2138,Semi-arid,23.81,27.24,21.08,84.58,1.39,12.43,20.05,37.46
2008-08-26,Krishnagiri,12.5266,78.2138,Semi-arid,23.9,27.1,20.39,84.84,1.16,40.62,22.84,37.44
2008-08-27,Krishnagiri,12.5266,78.2138,Semi-arid,24.27,27.96,20.94,84.83,1.03,34.68,23.11,37.42
2008-08-28,Krishnagiri,12.5266,78.2138,Semi-arid,24.55,28.87,20.92,83.86,1.16,4.27,20.92,37.4
2008-08-29,Krishnagiri,12.5266,78.2138,Semi-arid,24.72,28.72,21.19,83.62,1.14,2.17,21.65,37.37
2008-08-30,Krishnagiri,12.5266,78.2138,Semi-arid,24.03,28.04,20.67,84.5,1.11,3.73,21.81,37.34
2008-08-31,Krishnagiri,12.5266,78.2138,Semi-arid,24.03,28.1,20.92,83.82,0.76,10.55,18.11,37.32
2008-09-01,Krishnagiri,12.5266,78.2138,Semi-arid,24.32,28.46,20.15,84.38,1.01,24.94,16.3,37.29
2008-09-02,Krishnagiri,12.5266,78.2138,Semi-arid,24.13,27.13,21.68,85.49,1.06,13.45,22.06,37.26
2008-09-03,Krishnagiri,12.5266,78.2138,Semi-arid,23.67,26.79,21.06,87.88,1.05,5.2,18.39,37.23
2008-09-04,Krishnagiri,12.5266,78.2138,Semi-arid,24.51,28.96,20.83,82.14,0.91,0.44,24.92,37.19
2008-09-05,Krishnagiri,12.5266,78.2138,Semi-arid,24.31,28.53,20.73,82.62,0.87,0.93,22.46,37.16
2008-09-06,Krishnagiri,12.5266,78.2138,Semi-arid,23.92,27.28,20.83,85.74,1.21,7.28,20.39,37.12
2008-09-07,Krishnagiri,12.5266,78.2138,Semi-arid,22.72,25.32,20.92,90.01,2.26,2.04,17.75,37.08
2008-09-08,Krishnagiri,12.5266,78.2138,Semi-arid,22.14,25.62,19.25,87.34,2.95,9.64,14.99,37.04
2008-09-09,Krishnagiri,12.5266,78.2138,Semi-arid,22.77,26.68,19.81,86.88,3.57,2.09,15.77,37.0
2008-09-10,Krishnagiri,12.5266,78.2138,Semi-arid,23.02,27.44,19.55,85.22,3.43,1.59,17.1,36.95
2008-09-11,Krishnagiri,12.5266,78.2138,Semi-arid,23.37,28.41,19.43,82.18,4.2,0.02,19.4,36.91
2008-09-12,Krishnagiri,12.5266,78.2138,Semi-arid,22.34,27.83,18.26,81.25,3.92,0.01,19.81,36.86
2008-09-13,Krishnagiri,12.5266,78.2138,Semi-arid,23.0,28.05,19.24,84.16,3.41,0.0,20.24,36.81
2008-09-14,Krishnagiri,12.5266,78.2138,Semi-arid,23.84,29.17,19.2,83.83,3.17,1.78,21.53,36.76
2008-09-15,Krishnagiri,12.5266,78.2138,Semi-arid,23.46,28.64,19.38,81.25,3.4,0.03,21.42,36.71
2008-09-16,Krishnagiri,12.5266,78.2138,Semi-arid,23.42,29.5,19.18,80.68,4.02,0.0,18.34,36.65
2008-09-17,Krishnagiri,12.5266,78.2138,Semi-arid,22.97,28.16,18.96,82.96,3.72,0.0,22.08,36.6
2008-09-18,Krishnagiri,12.5266,78.2138,Semi-arid,23.37,28.9,18.91,81.79,3.13,0.0,20.74,36.54
2008-09-19,Krishnagiri,12.5266,78.2138,Semi-arid,24.2,29.81,18.83,80.87,2.51,0.46,21.6,36.48
2008-09-20,Krishnagiri,12.5266,78.2138,Semi-arid,23.9,27.95,20.68,83.94,1.76,7.61,14.57,36.42
2008-09-21,Krishnagiri,12.5266,78.2138,Semi-arid,24.1,28.65,19.78,80.45,1.72,0.58,20.59,36.36
2008-09-22,Krishnagiri,12.5266,78.2138,Semi-arid,23.54,27.95,20.32,80.97,2.15,0.0,22.43,36.29
2008-09-23,Krishnagiri,12.5266,78.2138,Semi-arid,23.95,29.04,19.75,81.08,2.1,0.0,21.29,36.23
2008-09-24,Krishnagiri,12.5266,78.2138,Semi-arid,23.66,28.74,20.14,83.3,2.29,3.94,20.73,36.16
2008-09-25,Krishnagiri,12.5266,78.2138,Semi-arid,23.64,27.97,20.37,83.6,2.01,0.2,19.97,36.09
2008-09-26,Krishnagiri,12.5266,78.2138,Semi-arid,24.11,28.86,20.88,81.16,2.23,0.0,23.91,36.02
2008-09-27,Krishnagiri,12.5266,78.2138,Semi-arid,24.07,29.49,19.31,78.46,1.3,1.19,22.88,35.95
2008-09-28,Krishnagiri,12.5266,78.2138,Semi-arid,23.68,29.87,18.31,73.87,2.0,0.41,20.21,35.87
2008-09-29,Krishnagiri,12.5266,78.2138,Semi-arid,24.36,29.79,18.07,70.56,0.98,0.67,21.45,35.8
2008-09-30,Krishnagiri,12.5266,78.2138,Semi-arid,24.95,30.18,19.24,72.55,1.14,0.03,20.05,35.72
2008-10-01,Krishnagiri,12.5266,78.2138,Semi-arid,25.04,29.66,20.6,75.47,0.95,0.0,19.67,35.64
2008-10-02,Krishnagiri,12.5266,78.2138,Semi-arid,25.36,29.9,20.38,73.89,1.07,5.29,21.42,35.56
2008-10-03,Krishnagiri,12.5266,78.2138,Semi-arid,24.64,28.57,21.17,77.42,0.9,6.97,18.15,35.48
2008-10-04,Krishnagiri,12.5266,78.2138,Semi-arid,24.19,29.33,19.66,80.34,1.3,1.36,16.79,35.4
2008-10-05,Krishnagiri,12.5266,78.2138,Semi-arid,24.66,29.25,20.34,80.34,1.21,2.97,19.39,35.32
2008-10-06,Krishnagiri,12.5266,78.2138,Semi-arid,25.16,29.52,20.27,78.91,0.86,13.54,20.21,35.23
2008-10-07,Krishnagiri,12.5266,78.2138,Semi-arid,24.93,28.8,20.92,79.73,0.97,2.8,20.95,35.15
2008-10-08,Krishnagiri,12.5266,78.2138,Semi-arid,25.29,29.71,20.6,77.4,0.94,0.3,20.39,35.06
2008-10-09,Krishnagiri,12.5266,78.2138,Semi-arid,24.46,28.68,21.07,82.36,1.07,0.0,21.54,34.97
2008-10-10,Krishnagiri,12.5266,78.2138,Semi-arid,24.1,28.94,20.8,83.81,1.45,0.27,22.28,34.88
2008-10-11,Krishnagiri,12.5266,78.2138,Semi-arid,23.49,28.93,20.03,84.01,2.04,4.47,18.0,34.79
2008-10-12,Krishnagiri,12.5266,78.2138,Semi-arid,22.75,25.87,20.68,88.36,2.35,9.79,12.83,34.7
2008-10-13,Krishnagiri,12.5266,78.2138,Semi-arid,22.87,26.86,20.32,87.31,2.67,5.66,12.08,34.61
2008-10-14,Krishnagiri,12.5266,78.2138,Semi-arid,22.53,26.08,20.19,90.09,2.49,8.66,12.46,34.51
2008-10-15,Krishnagiri,12.5266,78.2138,Semi-arid,22.76,25.57,20.61,91.88,2.11,11.25,15.95,34.42
2008-10-16,Krishnagiri,12.5266,78.2138,Semi-arid,22.72,26.03,20.64,89.62,2.06,6.45,14.02,34.32
2008-10-17,Krishnagiri,12.5266,78.2138,Semi-arid,23.16,27.63,19.81,88.04,2.27,3.41,17.79,34.23
2008-10-18,Krishnagiri,12.5266,78.2138,Semi-arid,23.05,26.95,20.42,89.19,2.2,9.86,13.09,34.13
2008-10-19,Krishnagiri,12.5266,78.2138,Semi-arid,23.29,27.79,20.54,87.4,2.23,6.13,16.73,34.03
2008-10-20,Krishnagiri,12.5266,78.2138,Semi-arid,23.3,27.86,19.96,88.41,2.28,25.84,16.32,33.93
2008-10-21,Krishnagiri,12.5266,78.2138,Semi-arid,22.84,26.54,21.11,91.91,2.76,13.56,11.49,33.83
2008-10-22,Krishnagiri,12.5266,78.2138,Semi-arid,22.78,25.36,21.1,92.96,2.19,14.14,11.11,33.73
2008-10-23,Krishnagiri,12.5266,78.2138,Semi-arid,22.29,25.18,20.28,92.21,2.09,15.75,15.26,33.63
2008-10-24,Krishnagiri,12.5266,78.2138,Semi-arid,22.95,26.89,20.43,90.79,1.07,21.81,15.16,33.53
2008-10-25,Krishnagiri,12.5266,78.2138,Semi-arid,24.0,28.3,20.72,84.9,1.27,6.43,16.56,33.42
2008-10-26,Krishnagiri,12.5266,78.2138,Semi-arid,23.84,28.24,20.67,85.57,0.82,1.8,14.22,33.32
2008-10-27,Krishnagiri,12.5266,78.2138,Semi-arid,22.52,27.63,18.83,65.76,1.31,0.0,23.07,33.22
2008-10-28,Krishnagiri,12.5266,78.2138,Semi-arid,21.02,27.55,15.7,64.56,1.34,0.0,22.95,33.12
2008-10-29,Krishnagiri,12.5266,78.2138,Semi-arid,20.19,26.68,13.88,71.6,1.25,0.0,23.12,33.02
2008-10-30,Krishnagiri,12.5266,78.2138,Semi-arid,20.9,27.36,15.89,76.44,1.36,0.0,23.44,32.92
2008-10-31,Krishnagiri,12.5266,78.2138,Semi-arid,20.9,27.5,15.13,67.96,1.49,0.0,22.08,32.81
2008-11-01,Krishnagiri,12.5266,78.2138,Semi-arid,19.75,26.63,13.63,67.6,1.44,0.0,22.62,32.71
2008-11-02,Krishnagiri,12.5266,78.2138,Semi-arid,20.26,26.81,13.56,64.0,1.65,0.0,22.18,32.61
2008-11-03,Krishnagiri,12.5266,78.2138,Semi-arid,20.73,26.97,14.5,62.98,1.47,0.0,22.52,32.51
2008-11-04,Krishnagiri,12.5266,78.2138,Semi-arid,20.29,26.88,14.72,69.74,1.45,0.0,22.27,32.41
2008-11-05,Krishnagiri,12.5266,78.2138,Semi-arid,20.09,26.78,14.88,75.12,1.36,0.0,20.92,32.31
2008-11-06,Krishnagiri,12.5266,78.2138,Semi-arid,19.55,26.26,14.37,79.68,1.38,0.0,21.18,32.21
2008-11-07,Krishnagiri,12.5266,78.2138,Semi-arid,20.06,26.71,13.67,80.66,1.38,0.0,21.62,32.11
2008-11-08,Krishnagiri,12.5266,78.2138,Semi-arid,20.72,27.42,15.41,79.22,1.38,0.03,21.51,32.02
2008-11-09,Krishnagiri,12.5266,78.2138,Semi-arid,21.31,27.77,16.28,80.41,1.41,0.0,21.03,31.92
2008-11-10,Krishnagiri,12.5266,78.2138,Semi-arid,22.31,27.62,18.17,86.79,2.06,0.44,17.67,31.82
2008-11-11,Krishnagiri,12.5266,78.2138,Semi-arid,20.88,26.81,17.09,81.44,1.88,0.18,18.49,31.73
2008-11-12,Krishnagiri,12.5266,78.2138,Semi-arid,20.5,26.89,15.76,78.74,2.06,0.02,17.63,31.63
2008-11-13,Krishnagiri,12.5266,78.2138,Semi-arid,21.64,27.7,15.56,81.86,1.75,0.22,18.33,31.54
2008-11-14,Krishnagiri,12.5266,78.2138,Semi-arid,22.21,28.04,17.76,77.95,1.78,0.01,14.0,31.45
2008-11-15,Krishnagiri,12.5266,78.2138,Semi-arid,21.73,28.29,16.77,71.03,2.07,3.81,16.49,31.36
2008-11-16,Krishnagiri,12.5266,78.2138,Semi-arid,22.29,27.41,18.36,83.42,1.83,1.15,15.49,31.27
2008-11-17,Krishnagiri,12.5266,78.2138,Semi-arid,22.71,28.17,18.47,84.65,1.79,1.01,14.68,31.18
2008-11-18,Krishnagiri,12.5266,78.2138,Semi-arid,23.55,28.76,19.41,84.82,2.08,1.69,15.58,31.09
2008-11-19,Krishnagiri,12.5266,78.2138,Semi-arid,22.9,27.52,19.19,88.11,2.38,3.65,11.12,31.01
2008-11-20,Krishnagiri,12.5266,78.2138,Semi-arid,22.57,26.32,20.49,89.11,2.13,0.98,16.87,30.92
2008-11-21,Krishnagiri,12.5266,78.2138,Semi-arid,22.26,27.43,19.38,85.13,2.16,5.26,19.37,30.84
2008-11-22,Krishnagiri,12.5266,78.2138,Semi-arid,21.13,24.27,19.54,91.28,3.11,15.53,7.2,30.76
2008-11-23,Krishnagiri,12.5266,78.2138,Semi-arid,21.29,24.42,19.54,90.14,2.75,20.51,9.5,30.68
2008-11-24,Krishnagiri,12.5266,78.2138,Semi-arid,21.81,25.83,19.27,89.83,2.78,16.76,9.05,30.61
2008-11-25,Krishnagiri,12.5266,78.2138,Semi-arid,21.23,24.81,18.73,88.12,3.35,10.75,9.73,30.54
2008-11-26,Krishnagiri,12.5266,78.2138,Semi-arid,20.53,23.59,18.26,91.95,4.66,31.3,3.27,30.46
2008-11-27,Krishnagiri,12.5266,78.2138,Semi-arid,20.82,22.48,19.2,94.09,5.54,65.55,4.63,30.4
2008-11-28,Krishnagiri,12.5266,78.2138,Semi-arid,21.93,23.04,20.75,96.16,3.43,27.52,7.04,30.33
2008-11-29,Krishnagiri,12.5266,78.2138,Semi-arid,22.45,26.28,19.78,92.0,2.52,4.16,13.27,30.27
2008-11-30,Krishnagiri,12.5266,78.2138,Semi-arid,21.91,26.07,19.32,89.82,2.34,1.79,11.31,30.2
2008-12-01,Krishnagiri,12.5266,78.2138,Semi-arid,21.86,25.62,19.0,91.4,1.64,0.23,16.13,30.15
2008-12-02,Krishnagiri,12.5266,78.2138,Semi-arid,21.86,26.51,18.33,87.78,1.68,0.0,13.68,30.09
2008-12-03,Krishnagiri,12.5266,78.2138,Semi-arid,20.54,26.13,16.23,84.92,1.53,0.0,20.11,30.04
2008-12-04,Krishnagiri,12.5266,78.2138,Semi-arid,19.37,25.15,15.35,85.3,1.61,0.0,21.17,29.99
2008-12-05,Krishnagiri,12.5266,78.2138,Semi-arid,19.68,25.24,16.06,86.27,2.1,0.0,18.33,29.94
2008-12-06,Krishnagiri,12.5266,78.2138,Semi-arid,19.32,24.87,15.28,87.14,2.09,0.0,15.69,29.89
2008-12-07,Krishnagiri,12.5266,78.2138,Semi-arid,19.95,26.48,15.74,86.76,2.15,0.0,18.57,29.85
2008-12-08,Krishnagiri,12.5266,78.2138,Semi-arid,20.83,26.13,16.11,89.54,2.5,3.69,9.57,29.81
2008-12-09,Krishnagiri,12.5266,78.2138,Semi-arid,20.83,24.02,18.55,92.75,2.41,3.64,6.96,29.77
2008-12-10,Krishnagiri,12.5266,78.2138,Semi-arid,21.54,26.39,18.07,87.63,1.72,0.43,13.39,29.74
2008-12-11,Krishnagiri,12.5266,78.2138,Semi-arid,19.99,25.65,15.82,84.42,1.55,0.11,19.25,29.71
2008-12-12,Krishnagiri,12.5266,78.2138,Semi-arid,19.72,25.63,15.07,85.19,1.67,0.0,19.09,29.68
2008-12-13,Krishnagiri,12.5266,78.2138,Semi-arid,20.23,25.61,15.72,87.72,2.32,0.32,14.97,29.66
2008-12-14,Krishnagiri,12.5266,78.2138,Semi-arid,19.98,25.05,16.44,87.15,2.73,2.52,15.22,29.64
2008-12-15,Krishnagiri,12.5266,78.2138,Semi-arid,19.78,25.29,15.57,87.73,2.68,1.7,12.53,29.62
2008-12-16,Krishnagiri,12.5266,78.2138,Semi-arid,19.77,23.67,16.78,88.99,2.3,0.39,15.12,29.6
2008-12-17,Krishnagiri,12.5266,78.2138,Semi-arid,19.88,25.29,16.21,86.26,2.84,0.0,15.97,29.59
2008-12-18,Krishnagiri,12.5266,78.2138,Semi-arid,19.41,24.96,15.72,86.35,2.97,0.01,14.84,29.58
2008-12-19,Krishnagiri,12.5266,78.2138,Semi-arid,19.44,25.32,14.93,85.66,2.32,0.0,14.28,29.58
2008-12-20,Krishnagiri,12.5266,78.2138,Semi-arid,19.1,24.92,14.48,83.74,1.64,0.0,18.85,29.58
2008-12-21,Krishnagiri,12.5266,78.2138,Semi-arid,18.82,25.66,13.99,81.44,1.55,0.0,18.96,29.58
2008-12-22,Krishnagiri,12.5266,78.2138,Semi-arid,18.13,25.24,13.44,82.03,1.73,0.0,21.28,29.58
2008-12-23,Krishnagiri,12.5266,78.2138,Semi-arid,18.15,25.02,12.72,83.96,1.87,0.0,20.11,29.59
2008-12-24,Krishnagiri,12.5266,78.2138,Semi-arid,19.83,25.67,15.31,86.64,2.16,0.05,15.09,29.6
2008-12-25,Krishnagiri,12.5266,78.2138,Semi-arid,19.64,25.78,14.9,83.55,2.02,0.0,18.89,29.62
2008-12-26,Krishnagiri,12.5266,78.2138,Semi-arid,19.44,25.36,15.0,77.88,1.44,0.0,18.9,29.63
2008-12-27,Krishnagiri,12.5266,78.2138,Semi-arid,18.68,26.08,13.96,77.48,1.49,0.0,19.61,29.66
2008-12-28,Krishnagiri,12.5266,78.2138,Semi-arid,17.87,25.33,12.58,68.54,1.32,0.0,20.45,29.68
2008-12-29,Krishnagiri,12.5266,78.2138,Semi-arid,16.98,25.17,11.42,70.36,1.59,0.0,20.69,29.71
2008-12-30,Krishnagiri,12.5266,78.2138,Semi-arid,16.81,24.3,11.09,79.58,1.57,0.0,20.5,29.74
2008-12-31,Krishnagiri,12.5266,78.2138,Semi-arid,17.11,24.46,11.79,79.23,1.54,0.0,21.04,29.77
2009-01-01,Krishnagiri,12.5266,78.2138,Semi-arid,17.79,25.48,12.38,77.85,1.45,0.0,20.85,29.81
2009-01-02,Krishnagiri,12.5266,78.2138,Semi-arid,18.41,25.4,13.23,79.14,1.57,0.0,19.99,29.85
2009-01-03,Krishnagiri,12.5266,78.2138,Semi-arid,18.59,25.56,13.72,79.98,1.81,0.0,19.84,29.89
2009-01-04,Krishnagiri,12.5266,78.2138,Semi-arid,18.47,25.82,13.09,79.22,1.66,0.0,19.44,29.94
2009-01-05,Krishnagiri,12.5266,78.2138,Semi-arid,18.38,25.9,13.22,77.11,1.62,0.0,18.64,29.99
2009-01-06,Krishnagiri,12.5266,78.2138,Semi-arid,18.39,26.26,13.24,75.86,1.38,0.0,20.96,30.04
2009-01-07,Krishnagiri,12.5266,78.2138,Semi-arid,19.08,26.29,12.35,82.48,1.87,2.85,12.76,30.1
2009-01-08,Krishnagiri,12.5266,78.2138,Semi-arid,20.87,26.5,16.9,84.95,2.49,0.75,8.46,30.16
2009-01-09,Krishnagiri,12.5266,78.2138,Semi-arid,20.73,27.46,16.37,80.04,2.65,0.0,18.21,30.22
2009-01-10,Krishnagiri,12.5266,78.2138,Semi-arid,20.31,26.31,15.89,80.38,2.89,0.0,19.2,30.28
2009-01-11,Krishnagiri,12.5266,78.2138,Semi-arid,20.51,27.23,15.51,81.07,2.5,0.0,15.87,30.35
2009-01-12,Krishnagiri,12.5266,78.2138,Semi-arid,19.49,26.72,14.36,76.7,2.74,0.0,20.18,30.42
2009-01-13,Krishnagiri,12.5266,78.2138,Semi-arid,19.22,26.27,13.78,76.32,3.22,0.02,16.86,30.49
2009-01-14,Krishnagiri,12.5266,78.2138,Semi-arid,19.34,25.91,14.88,77.15,3.32,0.13,14.58,30.56
2009-01-15,Krishnagiri,12.5266,78.2138,Semi-arid,19.57,26.36,13.71,80.05,3.38,1.27,18.11,30.64
2009-01-16,Krishnagiri,12.5266,78.2138,Semi-arid,19.69,26.87,14.92,77.57,2.69,0.24,18.68,30.71
2009-01-17,Krishnagiri,12.5266,78.2138,Semi-arid,19.08,27.18,12.63,75.55,2.47,0.0,17.81,30.8
2009-01-18,Krishnagiri,12.5266,78.2138,Semi-arid,19.03,26.97,13.48,74.93,1.92,0.0,17.89,30.88
2009-01-19,Krishnagiri,12.5266,78.2138,Semi-arid,18.45,27.34,11.49,72.31,2.08,0.0,21.95,30.96
2009-01-20,Krishnagiri,12.5266,78.2138,Semi-arid,18.52,27.48,11.95,74.21,2.3,0.0,21.53,31.05
2009-01-21,Krishnagiri,12.5266,78.2138,Semi-arid,19.64,29.28,12.37,70.5,1.9,0.0,21.24,31.14
2009-01-22,Krishnagiri,12.5266,78.2138,Semi-arid,20.79,29.65,15.47,69.74,1.57,0.0,20.88,31.23
2009-01-23,Krishnagiri,12.5266,78.2138,Semi-arid,20.52,30.08,14.13,67.98,1.77,0.0,21.39,31.32
2009-01-24,Krishnagiri,12.5266,78.2138,Semi-arid,20.31,29.42,14.75,71.81,2.02,0.0,21.79,31.41
2009-01-25,Krishnagiri,12.5266,78.2138,Semi-arid,20.58,29.92,14.46,71.01,1.63,0.0,22.19,31.51
2009-01-26,Krishnagiri,12.5266,78.2138,Semi-arid,21.44,30.38,14.73,72.8,1.7,0.1,21.2,31.61
2009-01-27,Krishnagiri,12.5266,78.2138,Semi-arid,22.9,30.18,17.57,73.83,1.51,0.25,19.55,31.7
2009-01-28,Krishnagiri,12.5266,78.2138,Semi-arid,23.36,30.67,18.22,74.55,1.42,0.01,18.77,31.8
2009-01-29,Krishnagiri,12.5266,78.2138,Semi-arid,23.46,32.24,17.14,65.58,1.59,0.0,19.2,31.9
2009-01-30,Krishnagiri,12.5266,78.2138,Semi-arid,21.66,31.22,15.22,60.74,1.71,0.0,22.2,32.01
2009-01-31,Krishnagiri,12.5266,78.2138,Semi-arid,21.42,31.42,14.36,62.69,2.0,0.0,23.13,32.11
2009-02-01,Krishnagiri,12.5266,78.2138,Semi-arid,21.66,31.73,14.76,61.7,1.83,0.0,22.9,32.22
2009-02-02,Krishnagiri,12.5266,78.2138,Semi-arid,21.72,31.63,14.63,64.82,1.82,0.0,22.46,32.32
2009-02-03,Krishnagiri,12.5266,78.2138,Semi-arid,22.15,31.85,15.33,66.52,1.87,0.0,22.24,32.43
2009-02-04,Krishnagiri,12.5266,78.2138,Semi-arid,22.41,31.41,16.11,67.82,1.76,0.0,21.01,32.54
2009-02-05,Krishnagiri,12.5266,78.2138,Semi-arid,22.38,31.72,16.35,65.4,1.96,0.0,22.87,32.64
2009-02-06,Krishnagiri,12.5266,78.2138,Semi-arid,21.79,31.42,14.68,63.62,2.06,0.0,22.49,32.75
2009-02-07,Krishnagiri,12.5266,78.2138,Semi-arid,21.76,31.09,14.66,66.97,2.38,0.0,22.27,32.86
2009-02-08,Krishnagiri,12.5266,78.2138,Semi-arid,22.01,30.71,15.56,67.89,2.35,0.0,21.12,32.97
2009-02-09,Krishnagiri,12.5266,78.2138,Semi-arid,21.76,30.76,15.73,66.06,2.56,0.0,22.25,33.08
2009-02-10,Krishnagiri,12.5266,78.2138,Semi-arid,21.49,31.55,13.76,63.45,2.21,0.0,23.41,33.19
2009-02-11,Krishnagiri,12.5266,78.2138,Semi-arid,22.0,32.75,14.48,59.56,1.4,0.0,24.05,33.3
2009-02-12,Krishnagiri,12.5266,78.2138,Semi-arid,22.8,33.28,15.18,56.09,1.33,0.0,23.6,33.41
2009-02-13,Krishnagiri,12.5266,78.2138,Semi-arid,23.36,33.14,15.55,52.3,1.28,0.0,22.96,33.52
2009-02-14,Krishnagiri,12.5266,78.2138,Semi-arid,23.02,32.96,15.22,55.68,1.65,0.0,22.49,33.63
2009-02-15,Krishnagiri,12.5266,78.2138,Semi-arid,23.35,33.21,16.41,52.49,2.21,0.0,23.38,33.74
2009-02-16,Krishnagiri,12.5266,78.2138,Semi-arid,22.49,32.33,14.98,55.14,2.48,0.0,24.01,33.85
2009-02-17,Krishnagiri,12.5266,78.2138,Semi-arid,22.16,31.77,15.28,60.0,2.83,0.0,23.65,33.95
2009-02-18,Krishnagiri,12.5266,78.2138,Semi-arid,22.18,31.84,14.41,63.01,2.52,0.0,23.38,34.06
2009-02-19,Krishnagiri,12.5266,78.2138,Semi-arid,23.04,33.3,15.05,55.97,2.76,0.0,24.18,34.17
2009-02-20,Krishnagiri,12.5266,78.2138,Semi-arid,22.9,32.21,14.73,63.65,2.67,0.0,22.29,34.27
2009-02-21,Krishnagiri,12.5266,78.2138,Semi-arid,24.93,33.87,17.45,63.47,2.77,0.0,22.95,34.38
2009-02-22,Krishnagiri,12.5266,78.2138,Semi-arid,26.01,35.09,18.35,58.9,2.89,0.0,23.67,34.49
2009-02-23,Krishnagiri,12.5266,78.2138,Semi-arid,26.27,35.58,18.36,58.1,2.35,0.0,24.42,34.59
2009-02-24,Krishnagiri,12.5266,78.2138,Semi-arid,26.7,36.29,19.36,48.54,1.37,0.0,24.59,34.69
2009-02-25,Krishnagiri,12.5266,78.2138,Semi-arid,27.46,37.34,18.83,47.38,1.89,0.0,23.69,34.8
2009-02-26,Krishnagiri,12.5266,78.2138,Semi-arid,27.48,37.11,19.69,43.88,2.09,0.0,23.97,34.9
2009-02-27,Krishnagiri,12.5266,78.2138,Semi-arid,26.18,36.13,18.65,43.68,2.26,0.0,24.54,35.0
2009-02-28,Krishnagiri,12.5266,78.2138,Semi-arid,26.32,36.55,18.82,32.83,2.03,0.0,25.85,35.1
2009-03-01,Krishnagiri,12.5266,78.2138,Semi-arid,27.46,37.89,19.52,30.98,2.05,0.0,25.28,35.2
2009-03-02,Krishnagiri,12.5266,78.2138,Semi-arid,27.43,37.86,19.19,37.13,1.85,0.0,25.01,35.3
2009-03-03,Krishnagiri,12.5266,78.2138,Semi-arid,26.78,36.84,19.18,40.34,1.96,0.0,24.51,35.4
2009-03-04,Krishnagiri,12.5266,78.2138,Semi-arid,26.58,36.76,17.34,38.07,1.19,0.0,24.74,35.49
2009-03-05,Krishnagiri,12.5266,78.2138,Semi-arid,26.77,37.11,18.39,32.0,1.87,0.0,24.77,35.59
2009-03-06,Krishnagiri,12.5266,78.2138,Semi-arid,27.73,37.76,20.19,26.01,1.79,0.0,25.01,35.68
2009-03-07,Krishnagiri,12.5266,78.2138,Semi-arid,27.63,38.07,19.06,33.26,2.43,0.0,24.53,35.77
2009-03-08,Krishnagiri,12.5266,78.2138,Semi-arid,26.07,36.35,17.35,39.19,2.58,0.0,23.29,35.86
2009-03-09,Krishnagiri,12.5266,78.2138,Semi-arid,25.01,35.41,17.01,49.07,3.09,0.56,14.55,35.95
2009-03-10,Krishnagiri,12.5266,78.2138,Semi-arid,23.13,30.59,17.8,62.22,3.84,15.37,11.73,36.04
2009-03-11,Krishnagiri,12.5266,78.2138,Semi-arid,24.03,30.77,19.2,75.28,2.76,0.43,16.72,36.12
2009-03-12,Krishnagiri,12.5266,78.2138,Semi-arid,24.9,30.22,19.91,69.15,0.93,0.98,19.91,36.2
2009-03-13,Krishnagiri,12.5266,78.2138,Semi-arid,25.41,33.53,20.01,53.79,2.02,0.0,21.75,36.28
2009-03-14,Krishnagiri,12.5266,78.2138,Semi-arid,25.67,33.49,19.29,58.17,1.93,0.06,21.57,36.36
2009-03-15,Krishnagiri,12.5266,78.2138,Semi-arid,24.19,31.21,19.38,61.84,1.23,2.81,16.73,36.44
2009-03-16,Krishnagiri,12.5266,78.2138,Semi-arid,24.98,34.15,18.36,54.18,1.57,4.25,23.57,36.52
2009-03-17,Krishnagiri,12.5266,78.2138,Semi-arid,25.1,34.75,17.54,54.53,1.78,0.0,24.06,36.59
2009-03-18,Krishnagiri,12.5266,78.2138,Semi-arid,25.32,35.05,17.51,54.84,1.61,0.0,24.41,36.66
2009-03-19,Krishnagiri,12.5266,78.2138,Semi-arid,25.9,35.6,18.67,44.73,2.16,0.0,24.45,36.73
2009-03-20,Krishnagiri,12.5266,78.2138,Semi-arid,26.2,35.87,17.66,42.18,1.76,0.0,25.01,36.8
2009-03-21,Krishnagiri,12.5266,78.2138,Semi-arid,27.46,36.04,18.3,45.85,1.51,0.0,20.96,36.87
2009-03-22,Krishnagiri,12.5266,78.2138,Semi-arid,28.13,36.08,21.18,48.53,2.47,0.0,22.29,36.93
2009-03-23,Krishnagiri,12.5266,78.2138,Semi-arid,27.36,35.58,20.12,51.5,2.59,0.03,23.14,37.0
2009-03-24,Krishnagiri,12.5266,78.2138,Semi-arid,27.14,35.12,20.32,51.4,2.02,0.11,18.62,37.06
2009-03-25,Krishnagiri,12.5266,78.2138,Semi-arid,27.32,36.1,19.13,49.55,1.95,0.0,23.69,37.12
2009-03-26,Krishnagiri,12.5266,78.2138,Semi-arid,27.87,35.68,19.5,47.57,1.2,0.0,23.68,37.17
2009-03-27,Krishnagiri,12.5266,78.2138,Semi-arid,29.21,37.17,21.08,43.15,1.81,0.0,24.47,37.23
2009-03-28,Krishnagiri,12.5266,78.2138,Semi-arid,29.16,37.49,21.77,43.79,2.43,0.0,23.99,37.28
2009-03-29,Krishnagiri,12.5266,78.2138,Semi-arid,28.33,37.14,20.63,49.42,2.55,0.0,25.93,37.34
2009-03-30,Krishnagiri,12.5266,78.2138,Semi-arid,28.15,37.45,19.65,44.51,2.55,0.0,27.16,37.39
2009-03-31,Krishnagiri,12.5266,78.2138,Semi-arid,28.55,38.09,20.29,39.21,2.66,0.0,27.08,37.44
2009-04-01,Krishnagiri,12.5266,78.2138,Semi-arid,28.96,38.87,19.6,40.3,2.6,0.0,27.13,37.48
2009-04-02,Krishnagiri,12.5266,78.2138,Semi-arid,29.03,38.54,19.98,42.06,2.78,0.0,26.75,37.53
2009-04-03,Krishnagiri,12.5266,78.2138,Semi-arid,28.77,38.05,20.43,42.39,2.62,0.0,27.45,37.57
2009-04-04,Krishnagiri,12.5266,78.2138,Semi-arid,28.67,38.49,20.76,42.56,2.55,0.0,27.29,37.61
2009-04-05,Krishnagiri,12.5266,78.2138,Semi-arid,28.61,38.61,19.59,46.32,2.22,0.0,26.76,37.65
2009-04-06,Krishnagiri,12.5266,78.2138,Semi-arid,30.09,38.85,20.79,46.75,2.02,0.0,24.59,37.69
2009-04-07,Krishnagiri,12.5266,78.2138,Semi-arid,30.42,38.74,23.05,43.84,3.18,0.0,26.54,37.72
2009-04-08,Krishnagiri,12.5266,78.2138,Semi-arid,27.6,34.46,21.41,48.0,1.94,0.0,23.75,37.75
2009-04-09,Krishnagiri,12.5266,78.2138,Semi-arid,28.04,36.08,21.96,54.79,2.89,0.0,26.53,37.78
2009-04-10,Krishnagiri,12.5266,78.2138,Semi-arid,26.89,35.44,20.73,56.95,2.71,7.33,23.28,37.81
2009-04-11,Krishnagiri,12.5266,78.2138,Semi-arid,26.81,35.56,19.55,54.8,2.15,3.64,22.69,37.84
2009-04-12,Krishnagiri,12.5266,78.2138,Semi-arid,27.2,35.71,19.97,51.06,1.82,0.17,17.85,37.87
2009-04-13,Krishnagiri,12.5266,78.2138,Semi-arid,28.98,38.34,20.33,46.98,2.26,0.0,25.25,37.89
2009-04-14,Krishnagiri,12.5266,78.2138,Semi-arid,29.04,35.99,22.41,48.02,2.11,0.0,22.11,37.91
2009-04-15,Krishnagiri,12.5266,78.2138,Semi-arid,30.74,39.19,22.1,43.32,1.36,0.0,22.14,37.93
2009-04-16,Krishnagiri,12.5266,78.2138,Semi-arid,30.1,35.93,24.23,45.72,1.3,0.0,21.39,37.95
2009-04-17,Krishnagiri,12.5266,78.2138,Semi-arid,29.93,35.54,25.01,49.58,1.71,0.06,21.56,37.97
2009-04-18,Krishnagiri,12.5266,78.2138,Semi-arid,31.31,39.31,23.85,44.7,2.32,0.01,24.47,37.98
2009-04-19,Krishnagiri,12.5266,78.2138,Semi-arid,30.31,37.92,22.88,51.19,2.15,4.17,23.06,38.0
2009-04-20,Krishnagiri,12.5266,78.2138,Semi-arid,27.71,31.74,24.46,63.46,1.96,2.58,19.65,38.01
2009-04-21,Krishnagiri,12.5266,78.2138,Semi-arid,28.12,32.76,23.2,61.36,2.0,0.79,22.84,38.02
2009-04-22,Krishnagiri,12.5266,78.2138,Semi-arid,27.68,32.37,24.04,66.27,1.95,9.93,21.01,38.03
2009-04-23,Krishnagiri,12.5266,78.2138,Semi-arid,28.5,35.54,21.93,61.0,1.61,1.95,24.03,38.04
2009-04-24,Krishnagiri,12.5266,78.2138,Semi-arid,29.64,36.85,22.79,55.66,1.05,1.32,23.99,38.04
2009-04-25,Krishnagiri,12.5266,78.2138,Semi-arid,29.75,36.43,23.72,54.33,1.07,1.33,20.25,38.05
2009-04-26,Krishnagiri,12.5266,78.2138,Semi-arid,28.61,36.26,22.65,57.91,1.86,0.0,23.47,38.05
2009-04-27,Krishnagiri,12.5266,78.2138,Semi-arid,29.05,37.39,22.83,53.7,1.85,0.0,24.52,38.06
2009-04-28,Krishnagiri,12.5266,78.2138,Semi-arid,29.93,39.06,22.13,48.51,2.1,0.0,24.47,38.06
2009-04-29,Krishnagiri,12.5266,78.2138,Semi-arid,30.1,39.02,22.03,42.23,1.55,0.0,25.68,38.06
2009-04-30,Krishnagiri,12.5266,78.2138,Semi-arid,30.43,37.61,23.92,41.84,1.17,0.06,25.35,38.06
2009-05-01,Krishnagiri,12.5266,78.2138,Semi-arid,30.6,37.43,23.82,44.81,1.57,0.02,23.9,38.06
2009-05-02,Krishnagiri,12.5266,78.2138,Semi-arid,32.68,41.33,24.89,35.28,1.46,0.0,25.5,38.06
2009-05-03,Krishnagiri,12.5266,78.2138,Semi-arid,32.87,40.51,24.6,37.44,1.0,0.05,24.99,38.05
2009-05-04,Krishnagiri,12.5266,78.2138,Semi-arid,31.33,37.35,24.95,42.35,1.67,1.01,20.28,38.05
2009-05-05,Krishnagiri,12.5266,78.2138,Semi-arid,31.31,39.03,24.12,41.51,1.52,0.16,17.12,38.04
2009-05-06,Krishnagiri,12.5266,78.2138,Semi-arid,30.99,36.97,25.79,41.68,2.5,0.04,23.1,38.04
2009-05-07,Krishnagiri,12.5266,78.2138,Semi-arid,30.97,37.08,24.9,42.49,1.58,0.77,24.98,38.03
2009-05-08,Krishnagiri,12.5266,78.2138,Semi-arid,30.14,35.34,26.52,52.57,1.44,8.78,22.42,38.02
2009-05-09,Krishnagiri,12.5266,78.2138,Semi-arid,27.87,33.06,24.08,59.61,1.96,0.98,22.96,38.02
2009-05-10,Krishnagiri,12.5266,78.2138,Semi-arid,29.96,36.67,23.11,54.63,1.85,0.04,22.96,38.01
2009-05-11,Krishnagiri,12.5266,78.2138,Semi-arid,31.33,39.64,22.61,45.3,2.73,0.0,24.36,38.0
2009-05-12,Krishnagiri,12.5266,78.2138,Semi-arid,32.06,39.89,23.89,43.27,1.82,0.02,23.72,37.99
2009-05-13,Krishnagiri,12.5266,78.2138,Semi-arid,32.18,39.73,25.54,43.09,2.43,0.0,22.85,37.97
2009-05-14,Krishnagiri,12.5266,78.2138,Semi-arid,31.66,39.67,23.62,43.21,3.24,0.0,25.12,37.96
2009-05-15,Krishnagiri,12.5266,78.2138,Semi-arid,29.01,36.85,23.88,55.93,2.32,6.31,22.19,37.95
2009-05-16,Krishnagiri,12.5266,78.2138,Semi-arid,28.63,35.78,23.09,59.96,1.49,1.08,20.17,37.94
2009-05-17,Krishnagiri,12.5266,78.2138,Semi-arid,28.18,32.97,23.34,63.32,1.47,6.65,21.77,37.92
2009-05-18,Krishnagiri,12.5266,78.2138,Semi-arid,28.27,33.19,23.34,66.34,2.35,2.49,17.32,37.91
2009-05-19,Krishnagiri,12.5266,78.2138,Semi-arid,26.96,32.24,23.21,68.93,2.04,3.49,19.57,37.9
2009-05-20,Krishnagiri,12.5266,78.2138,Semi-arid,27.17,33.03,22.05,68.73,2.22,0.64,20.52,37.88
2009-05-21,Krishnagiri,12.5266,78.2138,Semi-arid,25.23,29.36,22.41,76.55,1.95,21.54,17.23,37.86
2009-05-22,Krishnagiri,12.5266,78.2138,Semi-arid,26.97,33.34,21.34,69.11,2.41,0.45,13.71,37.85
2009-05-23,Krishnagiri,12.5266,78.2138,Semi-arid,27.35,33.76,22.32,70.29,2.65,4.09,23.84,37.83
2009-05-24,Krishnagiri,12.5266,78.2138,Semi-arid,27.22,32.94,22.67,70.64,3.66,0.64,14.17,37.82
2009-05-25,Krishnagiri,12.5266,78.2138,Semi-arid,26.0,29.96,22.46,70.61,4.21,0.0,21.07,37.8
2009-05-26,Krishnagiri,12.5266,78.2138,Semi-arid,26.74,32.65,22.37,67.22,2.67,1.94,18.73,37.79
2009-05-27,Krishnagiri,12.5266,78.2138,Semi-arid,26.92,32.92,21.67,67.42,2.05,4.04,21.48,37.77
2009-05-28,Krishnagiri,12.5266,78.2138,Semi-arid,28.14,34.57,22.52,65.63,1.48,3.27,22.98,37.76
2009-05-29,Krishnagiri,12.5266,78.2138,Semi-arid,27.16,32.05,23.33,69.98,2.54,0.06,22.8,37.75
2009-05-30,Krishnagiri,12.5266,78.2138,Semi-arid,27.64,35.2,22.08,65.79,2.34,0.82,21.18,37.73
2009-05-31,Krishnagiri,12.5266,78.2138,Semi-arid,25.5,28.46,23.04,79.27,2.05,35.04,17.51,37.72
2009-06-01,Krishnagiri,12.5266,78.2138,Semi-arid,26.22,31.78,21.44,72.21,1.95,0.09,22.26,37.7
2009-06-02,Krishnagiri,12.5266,78.2138,Semi-arid,27.58,34.85,21.22,64.04,3.7,0.0,25.84,37.69
2009-06-03,Krishnagiri,12.5266,78.2138,Semi-arid,27.96,35.35,21.7,62.91,4.4,0.0,25.53,37.68
2009-06-04,Krishnagiri,12.5266,78.2138,Semi-arid,27.21,34.14,21.14,67.84,4.63,2.15,25.59,37.67
2009-06-05,Krishnagiri,12.5266,78.2138,Semi-arid,26.92,33.34,22.03,69.81,5.83,0.7,21.71,37.65
2009-06-06,Krishnagiri,12.5266,78.2138,Semi-arid,25.03,30.05,21.61,69.09,5.27,0.88,14.18,37.64
2009-06-07,Krishnagiri,12.5266,78.2138,Semi-arid,25.47,32.82,20.32,64.53,5.8,0.06,23.03,37.63
2009-06-08,Krishnagiri,12.5266,78.2138,Semi-arid,25.56,32.18,20.24,65.33,5.37,0.0,20.79,37.62
2009-06-09,Krishnagiri,12.5266,78.2138,Semi-arid,25.48,30.46,21.33,67.83,3.83,0.0,24.18,37.61
2009-06-10,Krishnagiri,12.5266,78.2138,Semi-arid,26.48,32.47,21.96,75.84,2.99,36.1,22.87,37.6
2009-06-11,Krishnagiri,12.5266,78.2138,Semi-arid,24.05,27.29,22.13,84.15,3.08,1.95,18.74,37.58
2009-06-12,Krishnagiri,12.5266,78.2138,Semi-arid,25.33,31.13,20.16,70.81,2.81,1.36,22.54,37.57
2009-06-13,Krishnagiri,12.5266,78.2138,Semi-arid,25.39,30.5,20.9,72.19,2.64,2.0,22.06,37.57
2009-06-14,Krishnagiri,12.5266,78.2138,Semi-arid,24.54,29.39,21.72,78.68,2.99,0.15,21.39,37.56
2009-06-15,Krishnagiri,12.5266,78.2138,Semi-arid,24.89,30.5,21.09,74.81,3.6,6.34,22.97,37.55
2009-06-16,Krishnagiri,12.5266,78.2138,Semi-arid,25.6,32.07,20.18,73.64,3.6,0.02,25.95,37.54
2009-06-17,Krishnagiri,12.5266,78.2138,Semi-arid,25.55,30.69,21.23,74.26,3.44,0.02,24.81,37.53
2009-06-18,Krishnagiri,12.5266,78.2138,Semi-arid,24.85,28.72,22.12,80.16,1.94,1.16,22.75,37.52
2009-06-19,Krishnagiri,12.5266,78.2138,Semi-arid,24.46,27.81,21.64,78.8,1.92,0.14,23.59,37.52
2009-06-20,Krishnagiri,12.5266,78.2138,Semi-arid,24.33,28.39,20.98,81.7,2.49,0.13,22.24,37.51
2009-06-21,Krishnagiri,12.5266,78.2138,Semi-arid,24.85,29.78,20.98,74.79,3.21,0.0,20.73,37.5
2009-06-22,Krishnagiri,12.5266,78.2138,Semi-arid,24.25,28.74,20.87,79.0,3.33,2.51,23.96,37.5
2009-06-23,Krishnagiri,12.5266,78.2138,Semi-arid,26.12,33.77,20.39,68.74,3.89,0.0,25.56,37.5
2009-06-24,Krishnagiri,12.5266,78.2138,Semi-arid,24.98,30.52,20.97,71.25,4.95,0.18,23.54,37.49
2009-06-25,Krishnagiri,12.5266,78.2138,Semi-arid,24.1,29.3,20.34,69.68,4.93,0.43,20.71,37.49
2009-06-26,Krishnagiri,12.5266,78.2138,Semi-arid,24.05,30.33,19.44,71.8,4.85,1.39,21.32,37.49
2009-06-27,Krishnagiri,12.5266,78.2138,Semi-arid,24.49,30.68,19.46,67.14,4.96,0.93,18.53,37.49
2009-06-28,Krishnagiri,12.5266,78.2138,Semi-arid,24.87,30.75,19.89,68.7,4.58,0.55,21.47,37.49
2009-06-29,Krishnagiri,12.5266,78.2138,Semi-arid,25.87,33.35,20.11,70.52,3.81,0.39,22.85,37.49
2009-06-30,Krishnagiri,12.5266,78.2138,Semi-arid,26.06,33.34,20.43,66.95,4.77,0.36,23.5,37.49
2009-07-01,Krishnagiri,12.5266,78.2138,Semi-arid,24.84,30.37,21.77,73.68,4.74,0.8,23.65,37.49
2009-07-02,Krishnagiri,12.5266,78.2138,Semi-arid,23.98,27.58,20.8,78.5,4.7,1.09,18.86,37.49
2009-07-03,Krishnagiri,12.5266,78.2138,Semi-arid,25.06,30.33,21.25,71.56,5.57,0.13,18.46,37.49
2009-07-04,Krishnagiri,12.5266,78.2138,Semi-arid,24.88,29.73,20.99,75.36,4.83,2.35,17.19,37.49
2009-07-05,Krishnagiri,12.5266,78.2138,Semi-arid,24.36,28.87,20.98,73.86,5.05,0.89,12.7,37.5
2009-07-06,Krishnagiri,12.5266,78.2138,Semi-arid,25.21,32.02,20.09,68.75,5.8,0.05,18.3,37.5
2009-07-07,Krishnagiri,12.5266,78.2138,Semi-arid,24.32,28.95,20.46,72.74,4.73,0.03,14.65,37.5
2009-07-08,Krishnagiri,12.5266,78.2138,Semi-arid,24.96,31.36,19.99,69.89,5.3,0.44,13.37,37.51
2009-07-09,Krishnagiri,12.5266,78.2138,Semi-arid,24.62,30.46,20.94,67.54,5.76,1.18,15.08,37.51
2009-07-10,Krishnagiri,12.5266,78.2138,Semi-arid,24.52,31.32,20.13,60.49,5.04,0.25,16.03,37.52
2009-07-11,Krishnagiri,12.5266,78.2138,Semi-arid,25.68,33.15,19.5,66.2,5.22,0.0,21.92,37.52
2009-07-12,Krishnagiri,12.5266,78.2138,Semi-arid,25.31,31.56,20.65,69.32,5.65,0.01,22.25,37.53
2009-07-13,Krishnagiri,12.5266,78.2138,Semi-arid,25.04,30.07,21.04,72.62,6.24,0.03,18.84,37.53
2009-07-14,Krishnagiri,12.5266,78.2138,Semi-arid,25.42,31.26,22.02,67.85,7.41,0.16,15.36,37.53
2009-07-15,Krishnagiri,12.5266,78.2138,Semi-arid,25.12,30.26,21.56,67.91,6.72,2.57,15.62,37.54
2009-07-16,Krishnagiri,12.5266,78.2138,Semi-arid,24.66,30.95,21.27,71.68,6.01,2.6,17.53,37.55
2009-07-17,Krishnagiri,12.5266,78.2138,Semi-arid,25.31,31.5,20.84,71.1,5.38,0.45,16.89,37.55
2009-07-18,Krishnagiri,12.5266,78.2138,Semi-arid,25.27,30.6,21.46,69.31,5.82,0.68,18.16,37.56
2009-07-19,Krishnagiri,12.5266,78.2138,Semi-arid,24.73,30.57,21.01,71.94,4.91,0.42,16.22,37.56
2009-07-20,Krishnagiri,12.5266,78.2138,Semi-arid,25.57,32.0,20.38,67.86,5.67,0.0,16.36,37.57
2009-07-21,Krishnagiri,12.5266,78.2138,Semi-arid,25.2,30.72,20.98,68.98,6.1,0.0,18.38,37.57
2009-07-22,Krishnagiri,12.5266,78.2138,Semi-arid,25.78,32.38,20.36,65.21,5.85,0.0,19.18,37.58
2009-07-23,Krishnagiri,12.5266,78.2138,Semi-arid,25.73,32.12,21.08,64.99,5.04,0.0,22.38,37.59
2009-07-24,Krishnagiri,12.5266,78.2138,Semi-arid,26.18,32.49,20.41,61.69,4.7,0.0,22.45,37.59
2009-07-25,Krishnagiri,12.5266,78.2138,Semi-arid,27.09,34.23,21.0,62.36,4.1,0.14,22.33,37.6
2009-07-26,Krishnagiri,12.5266,78.2138,Semi-arid,27.19,33.86,21.71,61.89,4.52,0.02,23.02,37.6
2009-07-27,Krishnagiri,12.5266,78.2138,Semi-arid,25.72,31.18,21.61,68.01,5.0,1.25,21.77,37.61
2009-07-28,Krishnagiri,12.5266,78.2138,Semi-arid,26.18,32.85,21.05,67.09,5.04,0.27,19.14,37.62
2009-07-29,Krishnagiri,12.5266,78.2138,Semi-arid,25.66,31.9,21.32,69.98,4.68,12.89,19.77,37.62
2009-07-30,Krishnagiri,12.5266,78.2138,Semi-arid,25.11,31.79,19.65,69.16,4.15,7.36,20.55,37.63
2009-07-31,Krishnagiri,12.5266,78.2138,Semi-arid,25.03,31.47,20.93,76.6,3.9,19.2,18.21,37.63
2009-08-01,Krishnagiri,12.5266,78.2138,Semi-arid,25.53,32.01,21.22,72.2,4.45,3.39,21.11,37.63
2009-08-02,Krishnagiri,12.5266,78.2138,Semi-arid,25.75,31.89,20.69,71.4,4.58,0.4,23.43,37.64
2009-08-03,Krishnagiri,12.5266,78.2138,Semi-arid,25.92,32.5,20.72,70.67,4.36,0.0,24.98,37.64
2009-08-04,Krishnagiri,12.5266,78.2138,Semi-arid,26.55,33.95,21.12,67.62,4.94,2.01,22.11,37.64
2009-08-05,Krishnagiri,12.5266,78.2138,Semi-arid,26.21,33.3,20.51,67.46,4.88,0.35,20.57,37.64
2009-08-06,Krishnagiri,12.5266,78.2138,Semi-arid,25.96,32.36,21.6,70.2,4.39,6.32,21.67,37.64
2009-08-07,Krishnagiri,12.5266,78.2138,Semi-arid,25.06,31.13,20.96,72.77,4.31,1.42,23.58,37.64
2009-08-08,Krishnagiri,12.5266,78.2138,Semi-arid,25.32,30.8,20.65,73.42,4.17,3.51,22.85,37.64
2009-08-09,Krishnagiri,12.5266,78.2138,Semi-arid,26.49,33.55,20.87,70.13,4.14,0.27,22.22,37.64
2009-08-10,Krishnagiri,12.5266,78.2138,Semi-arid,26.31,33.41,21.25,70.67,4.36,0.88,21.52,37.63
2009-08-11,Krishnagiri,12.5266,78.2138,Semi-arid,26.11,32.34,21.24,70.57,3.88,0.31,21.42,37.63
2009-08-12,Krishnagiri,12.5266,78.2138,Semi-arid,26.79,33.69,21.47,67.72,3.45,0.15,21.78,37.63
2009-08-13,Krishnagiri,12.5266,78.2138,Semi-arid,26.27,32.95,21.54,71.86,3.14,4.98,21.82,37.62
2009-08-14,Krishnagiri,12.5266,78.2138,Semi-arid,24.33,27.78,21.9,79.94,2.36,4.31,18.83,37.61
2009-08-15,Krishnagiri,12.5266,78.2138,Semi-arid,23.87,27.72,21.53,76.16,2.73,0.96,11.85,37.61
2009-08-16,Krishnagiri,12.5266,78.2138,Semi-arid,24.68,30.98,20.29,71.59,2.33,12.59,15.91,37.6
2009-08-17,Krishnagiri,12.5266,78.2138,Semi-arid,24.65,29.46,21.3,82.34,1.68,31.42,10.2,37.59
2009-08-18,Krishnagiri,12.5266,78.2138,Semi-arid,24.76,28.69,21.6,82.04,2.07,3.17,20.75,37.58
2009-08-19,Krishnagiri,12.5266,78.2138,Semi-arid,24.49,28.8,21.58,80.21,2.35,0.4,21.95,37.57
2009-08-20,Krishnagiri,12.5266,78.2138,Semi-arid,24.09,27.83,21.4,79.64,1.55,0.37,21.39,37.55
2009-08-21,Krishnagiri,12.5266,78.2138,Semi-arid,23.95,28.48,20.65,81.46,2.04,9.45,22.8,37.54
2009-08-22,Krishnagiri,12.5266,78.2138,Semi-arid,24.19,30.37,19.38,76.67,2.66,1.9,19.17,37.52
2009-08-23,Krishnagiri,12.5266,78.2138,Semi-arid,24.38,30.72,20.0,78.49,2.81,2.07,18.74,37.51
2009-08-24,Krishnagiri,12.5266,78.2138,Semi-arid,24.59,29.1,21.41,78.54,3.9,0.5,15.9,37.49
2009-08-25,Krishnagiri,12.5266,78.2138,Semi-arid,24.18,29.84,20.03,75.91,4.37,0.32,15.72,37.47
2009-08-26,Krishnagiri,12.5266,78.2138,Semi-arid,24.32,29.83,20.36,75.67,4.22,2.92,21.19,37.45
2009-08-27,Krishnagiri,12.5266,78.2138,Semi-arid,24.21,30.06,19.37,74.6,4.12,0.3,22.56,37.43
2009-08-28,Krishnagiri,12.5266,78.2138,Semi-arid,25.23,31.84,20.42,72.29,3.96,1.8,22.17,37.41
2009-08-29,Krishnagiri,12.5266,78.2138,Semi-arid,25.44,32.39,20.01,71.0,3.82,0.02,24.81,37.39
2009-08-30,Krishnagiri,12.5266,78.2138,Semi-arid,25.46,31.59,21.02,74.0,2.97,4.03,22.95,37.36
2009-08-31,Krishnagiri,12.5266,78.2138,Semi-arid,24.26,28.24,21.03,81.34,2.81,5.77,13.86,37.33
2009-09-01,Krishnagiri,12.5266,78.2138,Semi-arid,24.83,29.81,21.35,76.29,3.71,8.6,13.35,37.3
2009-09-02,Krishnagiri,12.5266,78.2138,Semi-arid,24.41,30.98,19.76,74.01,3.98,2.02,13.57,37.27
2009-09-03,Krishnagiri,12.5266,78.2138,Semi-arid,24.56,30.28,20.32,77.78,4.06,2.53,17.89,37.24
2009-09-04,Krishnagiri,12.5266,78.2138,Semi-arid,24.76,29.16,21.12,76.72,4.85,0.75,15.49,37.2
2009-09-05,Krishnagiri,12.5266,78.2138,Semi-arid,24.45,28.71,21.5,77.64,5.45,0.01,16.74,37.17
2009-09-06,Krishnagiri,12.5266,78.2138,Semi-arid,24.86,30.3,20.95,73.73,4.96,5.68,17.4,37.13
2009-09-07,Krishnagiri,12.5266,78.2138,Semi-arid,25.26,31.7,20.27,73.86,4.04,1.3,20.98,37.09
2009-09-08,Krishnagiri,12.5266,78.2138,Semi-arid,25.24,31.69,20.12,72.03,3.69,0.05,21.97,37.05
2009-09-09,Krishnagiri,12.5266,78.2138,Semi-arid,25.28,32.08,19.93,70.33,3.28,0.17,24.68,37.01
2009-09-10,Krishnagiri,12.5266,78.2138,Semi-arid,25.85,33.17,19.5,67.02,2.81,0.01,25.14,36.96
2009-09-11,Krishnagiri,12.5266,78.2138,Semi-arid,26.66,33.41,20.23,69.67,1.32,1.16,22.81,36.92
2009-09-12,Krishnagiri,12.5266,78.2138,Semi-arid,26.28,30.98,22.34,76.42,1.26,1.89,17.74,36.87
2009-09-13,Krishnagiri,12.5266,78.2138,Semi-arid,26.27,30.62,22.53,79.64,1.25,31.9,19.21,36.82
2009-09-14,Krishnagiri,12.5266,78.2138,Semi-arid,25.41,30.36,22.07,80.07,2.53,2.86,22.63,36.77
2009-09-15,Krishnagiri,12.5266,78.2138,Semi-arid,24.47,28.88,21.11,82.08,2.25,25.44,22.6,36.72
2009-09-16,Krishnagiri,12.5266,78.2138,Semi-arid,25.11,29.88,20.51,80.04,1.4,7.67,19.44,36.67
2009-09-17,Krishnagiri,12.5266,78.2138,Semi-arid,25.07,29.28,21.31,81.18,1.3,14.46,18.09,36.61
2009-09-18,Krishnagiri,12.5266,78.2138,Semi-arid,24.84,29.06,21.78,81.06,1.44,18.69,19.29,36.55
2009-09-19,Krishnagiri,12.5266,78.2138,Semi-arid,24.28,27.3,20.67,80.33,1.05,11.2,18.44,36.49
2009-09-20,Krishnagiri,12.5266,78.2138,Semi-arid,24.77,29.5,20.36,81.26,0.72,4.75,20.43,36.43
2009-09-21,Krishnagiri,12.5266,78.2138,Semi-arid,25.1,28.67,21.71,80.62,0.66,0.8,19.43,36.37
2009-09-22,Krishnagiri,12.5266,78.2138,Semi-arid,24.43,27.31,22.14,86.66,0.72,5.01,19.24,36.31
2009-09-23,Krishnagiri,12.5266,78.2138,Semi-arid,24.15,27.61,21.29,87.41,1.59,48.65,22.12,36.24
2009-09-24,Krishnagiri,12.5266,78.2138,Semi-arid,24.14,28.38,21.34,85.34,2.49,15.02,21.48,36.18
2009-09-25,Krishnagiri,12.5266,78.2138,Semi-arid,24.13,28.68,19.91,82.42,2.19,0.6,22.22,36.11
2009-09-26,Krishnagiri,12.5266,78.2138,Semi-arid,23.96,28.64,19.99,82.7,2.42,1.68,20.68,36.04
2009-09-27,Krishnagiri,12.5266,78.2138,Semi-arid,24.5,28.94,20.84,82.6,2.33,1.95,18.12,35.97
2009-09-28,Krishnagiri,12.5266,78.2138,Semi-arid,24.04,28.07,21.0,84.82,2.77,1.55,18.03,35.9
2009-09-29,Krishnagiri,12.5266,78.2138,Semi-arid,22.82,25.37,20.73,86.22,3.88,8.01,12.64,35.82
2009-09-30,Krishnagiri,12.5266,78.2138,Semi-arid,23.27,28.65,19.09,83.53,4.27,1.25,13.86,35.75
2009-10-01,Krishnagiri,12.5266,78.2138,Semi-arid,22.23,25.38,20.06,88.05,4.66,2.51,12.02,35.67
2009-10-02,Krishnagiri,12.5266,78.2138,Semi-arid,24.12,29.3,20.19,82.67,4.56,1.29,16.45,35.59
2009-10-03,Krishnagiri,12.5266,78.2138,Semi-arid,23.55,28.0,20.59,82.39,4.41,0.06,17.17,35.51
2009-10-04,Krishnagiri,12.5266,78.2138,Semi-arid,23.47,29.01,19.46,80.86,4.05,0.0,22.31,35.43
2009-10-05,Krishnagiri,12.5266,78.2138,Semi-arid,22.71,27.18,19.23,83.11,3.72,0.0,21.76,35.34
2009-10-06,Krishnagiri,12.5266,78.2138,Semi-arid,23.53,29.57,19.04,81.79,3.31,0.02,22.64,35.26
2009-10-07,Krishnagiri,12.5266,78.2138,Semi-arid,24.18,29.95,19.47,79.0,2.57,0.01,22.65,35.17
2009-10-08,Krishnagiri,12.5266,78.2138,Semi-arid,24.22,28.38,20.62,80.15,2.1,0.0,21.09,35.08
2009-10-09,Krishnagiri,12.5266,78.2138,Semi-arid,24.4,28.87,20.0,79.57,1.23,0.0,13.02,34.99
2009-10-10,Krishnagiri,12.5266,78.2138,Semi-arid,23.77,27.74,21.16,84.9,1.25,18.99,16.0,34.9
2009-10-11,Krishnagiri,12.5266,78.2138,Semi-arid,24.0,28.9,20.22,83.66,1.31,3.3,18.35,34.81
2009-10-12,Krishnagiri,12.5266,78.2138,Semi-arid,23.53,27.64,20.36,86.02,1.91,5.12,14.2,34.72
2009-10-13,Krishnagiri,12.5266,78.2138,Semi-arid,23.92,28.51,20.12,82.01,1.26,1.22,21.21,34.63
2009-10-14,Krishnagiri,12.5266,78.2138,Semi-arid,23.59,28.73,19.28,80.37,1.19,0.01,18.38,34.53
2009-10-15,Krishnagiri,12.5266,78.2138,Semi-arid,22.95,28.4,18.47,79.16,1.39,0.0,22.71,34.44
2009-10-16,Krishnagiri,12.5266,78.2138,Semi-arid,23.34,29.54,17.87,69.91,1.1,0.0,22.11,34.34
2009-10-17,Krishnagiri,12.5266,78.2138,Semi-arid,23.75,30.12,18.57,73.28,1.11,0.0,22.05,34.24
2009-10-18,Krishnagiri,12.5266,78.2138,Semi-arid,24.37,30.66,20.12,71.1,1.18,0.0,22.48,34.15
2009-10-19,Krishnagiri,12.5266,78.2138,Semi-arid,24.33,30.6,18.85,72.05,1.29,0.01,21.84,34.05
2009-10-20,Krishnagiri,12.5266,78.2138,Semi-arid,24.81,30.42,20.4,72.28,1.3,0.0,21.06,33.95
2009-10-21,Krishnagiri,12.5266,78.2138,Semi-arid,24.02,30.61,18.61,69.72,1.59,0.0,21.6,33.85
2009-10-22,Krishnagiri,12.5266,78.2138,Semi-arid,23.26,29.94,17.3,71.0,1.61,0.0,20.91,33.75
2009-10-23,Krishnagiri,12.5266,78.2138,Semi-arid,22.87,29.83,17.34,66.61,1.45,0.0,22.25,33.65
2009-10-24,Krishnagiri,12.5266,78.2138,Semi-arid,22.9,30.02,16.91,65.83,1.07,0.0,20.3,33.55
2009-10-25,Krishnagiri,12.5266,78.2138,Semi-arid,23.0,30.1,17.68,70.92,1.28,0.08,19.75,33.45
2009-10-26,Krishnagiri,12.5266,78.2138,Semi-arid,23.12,30.7,17.54,71.87,1.8,0.0,22.07,33.35
2009-10-27,Krishnagiri,12.5266,78.2138,Semi-arid,23.51,29.91,18.2,79.84,1.93,0.87,15.98,33.24
2009-10-28,Krishnagiri,12.5266,78.2138,Semi-arid,23.05,28.33,19.07,82.56,2.81,6.66,14.01,33.15
2009-10-29,Krishnagiri,12.5266,78.2138,Semi-arid,22.64,27.79,19.64,83.29,3.04,1.94,11.54,33.04
2009-10-30,Krishnagiri,12.5266,78.2138,Semi-arid,23.29,29.6,19.49,75.45,2.8,1.07,15.13,32.94
2009-10-31,Krishnagiri,12.5266,78.2138,Semi-arid,23.27,29.52,19.05,80.28,2.47,2.72,18.83,32.84
2009-11-01,Krishnagiri,12.5266,78.2138,Semi-arid,23.31,29.02,19.34,77.34,2.64,0.74,16.8,32.74
2009-11-02,Krishnagiri,12.5266,78.2138,Semi-arid,23.35,29.74,18.6,77.92,3.33,0.58,20.35,32.64
2009-11-03,Krishnagiri,12.5266,78.2138,Semi-arid,23.3,29.08,19.79,81.84,3.13,5.44,14.61,32.54
2009-11-04,Krishnagiri,12.5266,78.2138,Semi-arid,23.15,29.0,19.6,85.72,3.28,12.37,12.09,32.43
2009-11-05,Krishnagiri,12.5266,78.2138,Semi-arid,22.9,27.46,19.91,85.61,2.51,4.7,11.26,32.33
2009-11-06,Krishnagiri,12.5266,78.2138,Semi-arid,22.36,26.08,20.34,87.83,2.34,6.6,11.84,32.23
2009-11-07,Krishnagiri,12.5266,78.2138,Semi-arid,22.0,24.17,20.5,92.97,2.98,10.47,9.16,32.13
2009-11-08,Krishnagiri,12.5266,78.2138,Semi-arid,22.27,26.1,20.2,90.88,3.57,15.32,5.77,32.04
2009-11-09,Krishnagiri,12.5266,78.2138,Semi-arid,21.85,25.53,19.68,92.1,3.47,17.19,10.97,31.94
2009-11-10,Krishnagiri,12.5266,78.2138,Semi-arid,21.83,25.19,19.6,92.19,2.56,3.2,8.8,31.84
2009-11-11,Krishnagiri,12.5266,78.2138,Semi-arid,22.55,27.45,18.59,85.48,1.1,0.86,15.59,31.75
2009-11-12,Krishnagiri,12.5266,78.2138,Semi-arid,23.56,27.68,20.7,87.98,0.97,0.15,17.03,31.65
2009-11-13,Krishnagiri,12.5266,78.2138,Semi-arid,23.1,26.81,20.56,88.68,1.88,0.89,15.89,31.56
2009-11-14,Krishnagiri,12.5266,78.2138,Semi-arid,21.95,24.58,20.17,92.59,1.88,13.17,6.14,31.47
2009-11-15,Krishnagiri,12.5266,78.2138,Semi-arid,22.0,25.79,18.91,90.43,2.35,2.79,7.59,31.38
2009-11-16,Krishnagiri,12.5266,78.2138,Semi-arid,22.85,27.15,19.89,86.81,1.15,1.61,16.38,31.29
2009-11-17,Krishnagiri,12.5266,78.2138,Semi-arid,22.68,25.93,20.05,90.17,1.27,3.63,14.95,31.2
2009-11-18,Krishnagiri,12.5266,78.2138,Semi-arid,22.98,26.97,19.57,86.73,0.88,5.11,12.43,31.11
2009-11-19,Krishnagiri,12.5266,78.2138,Semi-arid,23.18,27.6,19.73,86.29,1.03,2.42,18.15,31.03
2009-11-20,Krishnagiri,12.5266,78.2138,Semi-arid,22.87,26.5,20.27,89.27,1.81,2.44,17.69,30.94
2009-11-21,Krishnagiri,12.5266,78.2138,Semi-arid,22.69,27.11,19.99,87.44,1.47,2.05,17.22,30.86
2009-11-22,Krishnagiri,12.5266,78.2138,Semi-arid,22.55,26.95,19.61,87.46,1.7,3.91,17.03,30.79
2009-11-23,Krishnagiri,12.5266,78.2138,Semi-arid,21.54,24.82,19.15,89.77,1.41,5.97,18.0,30.71
2009-11-24,Krishnagiri,12.5266,78.2138,Semi-arid,22.68,27.48,19.09,86.73,1.31,0.64,14.25,30.63
2009-11-25,Krishnagiri,12.5266,78.2138,Semi-arid,22.97,28.05,19.63,84.98,1.86,0.01,18.07,30.56
2009-11-26,Krishnagiri,12.5266,78.2138,Semi-arid,22.56,28.26,18.53,82.24,1.91,0.0,18.25,30.49
2009-11-27,Krishnagiri,12.5266,78.2138,Semi-arid,21.42,27.29,16.9,80.0,1.93,0.0,19.64,30.41
2009-11-28,Krishnagiri,12.5266,78.2138,Semi-arid,21.09,27.23,16.2,80.51,2.31,0.02,19.85,30.35
2009-11-29,Krishnagiri,12.5266,78.2138,Semi-arid,21.3,27.9,15.75,79.57,2.12,0.24,18.01,30.28
2009-11-30,Krishnagiri,12.5266,78.2138,Semi-arid,21.52,27.73,16.72,79.15,1.99,0.29,15.92,30.22
2009-12-01,Krishnagiri,12.5266,78.2138,Semi-arid,21.46,27.87,17.66,84.5,2.42,1.68,15.77,30.16
2009-12-02,Krishnagiri,12.5266,78.2138,Semi-arid,21.87,27.47,17.99,85.93,2.73,3.41,11.12,30.1
2009-12-03,Krishnagiri,12.5266,78.2138,Semi-arid,22.51,27.67,19.01,88.13,2.57,2.32,12.44,30.05
2009-12-04,Krishnagiri,12.5266,78.2138,Semi-arid,22.69,27.79,19.45,85.97,2.46,0.64,10.77,30.0
2009-12-05,Krishnagiri,12.5266,78.2138,Semi-arid,21.21,27.93,16.36,78.32,2.07,0.0,17.53,29.95
2009-12-06,Krishnagiri,12.5266,78.2138,Semi-arid,19.01,25.34,14.58,80.23,1.74,0.0,18.21,29.9
2009-12-07,Krishnagiri,12.5266,78.2138,Semi-arid,19.34,27.6,13.27,76.53,1.62,0.0,17.83,29.86
2009-12-08,Krishnagiri,12.5266,78.2138,Semi-arid,20.54,28.41,13.8,76.82,2.03,0.0,19.34,29.82
2009-12-09,Krishnagiri,12.5266,78.2138,Semi-arid,20.79,28.4,15.43,77.88,2.57,0.0,17.21,29.78
2009-12-10,Krishnagiri,12.5266,78.2138,Semi-arid,20.06,27.14,15.22,77.85,2.73,0.0,17.45,29.75
2009-12-11,Krishnagiri,12.5266,78.2138,Semi-arid,20.43,28.38,14.83,74.65,2.73,0.0,15.2,29.71
2009-12-12,Krishnagiri,12.5266,78.2138,Semi-arid,21.58,28.61,15.99,82.62,3.12,2.1,8.58,29.69
2009-12-13,Krishnagiri,12.5266,78.2138,Semi-arid,23.04,28.91,19.49,81.79,2.99,0.81,11.61,29.66
2009-12-14,Krishnagiri,12.5266,78.2138,Semi-arid,22.78,28.75,18.95,81.97,3.03,1.13,17.73,29.64
2009-12-15,Krishnagiri,12.5266,78.2138,Semi-arid,22.86,28.78,19.05,85.47,2.98,11.39,9.67,29.62
2009-12-16,Krishnagiri,12.5266,78.2138,Semi-arid,21.43,25.66,18.75,85.6,2.86,4.33,7.17,29.6
2009-12-17,Krishnagiri,12.5266,78.2138,Semi-arid,21.95,28.05,18.58,84.34,2.42,2.26,6.25,29.59
2009-12-18,Krishnagiri,12.5266,78.2138,Semi-arid,22.36,28.64,17.14,79.47,1.86,0.02,15.48,29.58
2009-12-19,Krishnagiri,12.5266,78.2138,Semi-arid,22.61,28.59,18.52,78.69,2.81,0.03,14.92,29.58
2009-12-20,Krishnagiri,12.5266,78.2138,Semi-arid,22.27,28.64,17.92,78.54,3.09,0.65,13.88,29.58
2009-12-21,Krishnagiri,12.5266,78.2138,Semi-arid,22.07,27.41,19.24,83.64,3.43,1.51,6.38,29.58
2009-12-22,Krishnagiri,12.5266,78.2138,Semi-arid,22.18,27.28,19.36,81.67,3.09,0.49,13.04,29.58
2009-12-23,Krishnagiri,12.5266,78.2138,Semi-arid,21.66,27.18,18.74,80.94,3.07,0.07,14.69,29.59
2009-12-24,Krishnagiri,12.5266,78.2138,Semi-arid,21.31,26.54,17.43,79.31,2.81,0.01,13.85,29.6
2009-12-25,Krishnagiri,12.5266,78.2138,Semi-arid,21.26,26.85,17.26,74.76,2.46,0.0,15.08,29.61
2009-12-26,Krishnagiri,12.5266,78.2138,Semi-arid,22.0,29.1,17.18,75.67,2.23,0.0,16.87,29.63
2009-12-27,Krishnagiri,12.5266,78.2138,Semi-arid,20.72,25.03,17.38,84.77,1.49,5.44,15.51,29.65
2009-12-28,Krishnagiri,12.5266,78.2138,Semi-arid,21.0,26.75,17.46,79.4,1.85,0.24,12.72,29.67
2009-12-29,Krishnagiri,12.5266,78.2138,Semi-arid,21.75,29.17,17.48,76.07,2.05,0.0,17.49,29.7
2009-12-30,Krishnagiri,12.5266,78.2138,Semi-arid,21.84,28.9,17.24,76.14,1.77,0.0,17.2,29.73
2009-12-31,Krishnagiri,12.5266,78.2138,Semi-arid,22.9,30.24,17.42,75.78,1.42,0.02,14.58,29.76
2010-01-01,Krishnagiri,12.5266,78.2138,Semi-arid,22.18,28.51,17.94,75.7,2.52,0.0,18.4,29.8
2010-01-02,Krishnagiri,12.5266,78.2138,Semi-arid,21.43,28.78,16.27,73.54,2.46,0.0,18.09,29.84
2010-01-03,Krishnagiri,12.5266,78.2138,Semi-arid,20.49,27.32,16.03,75.26,1.89,0.0,16.26,29.88
2010-01-04,Krishnagiri,12.5266,78.2138,Semi-arid,21.06,29.87,15.57,70.0,1.61,0.0,18.96,29.93
2010-01-05,Krishnagiri,12.5266,78.2138,Semi-arid,21.02,30.28,14.26,69.34,1.95,0.0,19.72,29.98
2010-01-06,Krishnagiri,12.5266,78.2138,Semi-arid,21.13,28.89,14.85,72.51,2.51,0.0,16.3,30.03
2010-01-07,Krishnagiri,12.5266,78.2138,Semi-arid,21.39,29.25,15.99,73.07,2.41,0.0,12.55,30.08
2010-01-08,Krishnagiri,12.5266,78.2138,Semi-arid,21.84,28.63,15.64,78.06,2.14,0.67,11.84,30.14
2010-01-09,Krishnagiri,12.5266,78.2138,Semi-arid,23.29,29.5,18.87,80.35,2.52,0.72,11.09,30.2
2010-01-10,Krishnagiri,12.5266,78.2138,Semi-arid,23.42,29.34,19.49,80.64,2.07,9.85,15.11,30.27
2010-01-11,Krishnagiri,12.5266,78.2138,Semi-arid,23.86,30.5,19.5,78.14,2.16,0.74,16.54,30.33
2010-01-12,Krishnagiri,12.5266,78.2138,Semi-arid,24.52,31.31,19.59,76.05,1.38,0.06,16.19,30.39
2010-01-13,Krishnagiri,12.5266,78.2138,Semi-arid,24.42,30.7,20.23,77.12,2.17,0.17,16.1,30.46
2010-01-14,Krishnagiri,12.5266,78.2138,Semi-arid,24.43,31.38,19.75,73.34,2.44,0.01,17.66,30.54
2010-01-15,Krishnagiri,12.5266,78.2138,Semi-arid,22.87,29.94,17.62,73.12,2.99,0.0,19.0,30.62
2010-01-16,Krishnagiri,12.5266,78.2138,Semi-arid,21.69,29.57,16.3,72.53,2.93,0.0,17.75,30.7
2010-01-17,Krishnagiri,12.5266,78.2138,Semi-arid,22.23,30.41,16.25,72.19,2.58,0.0,18.02,30.78
2010-01-18,Krishnagiri,12.5266,78.2138,Semi-arid,22.62,30.08,16.94,73.63,2.06,0.0,17.86,30.86
2010-01-19,Krishnagiri,12.5266,78.2138,Semi-arid,23.1,29.97,18.35,72.4,2.24,0.0,15.6,30.94
2010-01-20,Krishnagiri,12.5266,78.2138,Semi-arid,22.48,30.16,17.39,67.82,2.24,0.0,17.52,31.03
2010-01-21,Krishnagiri,12.5266,78.2138,Semi-arid,21.03,29.9,15.12,64.13,2.1,0.0,20.82,31.12
2010-01-22,Krishnagiri,12.5266,78.2138,Semi-arid,20.11,29.87,13.18,63.83,2.07,0.0,21.13,31.21
2010-01-23,Krishnagiri,12.5266,78.2138,Semi-arid,20.01,29.2,13.55,65.62,2.55,0.0,21.78,31.3
2010-01-24,Krishnagiri,12.5266,78.2138,Semi-arid,20.35,29.48,13.75,65.6,2.1,0.0,20.71,31.39
2010-01-25,Krishnagiri,12.5266,78.2138,Semi-arid,21.58,29.86,15.25,69.07,2.13,0.0,19.21,31.49
2010-01-26,Krishnagiri,12.5266,78.2138,Semi-arid,22.39,30.3,16.04,67.64,2.56,0.0,19.41,31.59
2010-01-27,Krishnagiri,12.5266,78.2138,Semi-arid,23.18,30.78,17.54,68.07,2.54,0.01,18.56,31.68
2010-01-28,Krishnagiri,12.5266,78.2138,Semi-arid,22.98,30.1,17.86,68.43,2.97,0.0,18.3,31.79
2010-01-29,Krishnagiri,12.5266,78.2138,Semi-arid,22.94,31.27,16.66,65.23,2.67,0.0,18.33,31.89
2010-01-30,Krishnagiri,12.5266,78.2138,Semi-arid,22.96,32.42,15.95,61.23,2.19,0.0,20.75,31.99
2010-01-31,Krishnagiri,12.5266,78.2138,Semi-arid,23.18,31.89,15.96,63.46,1.94,0.0,19.36,32.09
2010-02-01,Krishnagiri,12.5266,78.2138,Semi-arid,22.26,30.63,16.82,64.32,2.06,0.0,19.06,32.2
2010-02-02,Krishnagiri,12.5266,78.2138,Semi-arid,22.17,31.16,15.41,60.26,2.63,0.0,21.33,32.3
2010-02-03,Krishnagiri,12.5266,78.2138,Semi-arid,22.15,32.08,14.85,58.55,2.71,0.0,22.21,32.41
2010-02-04,Krishnagiri,12.5266,78.2138,Semi-arid,21.58,29.36,14.59,59.5,2.49,0.0,22.5,32.51
2010-02-05,Krishnagiri,12.5266,78.2138,Semi-arid,21.89,31.12,14.24,61.08,2.8,0.0,22.73,32.62
2010-02-06,Krishnagiri,12.5266,78.2138,Semi-arid,21.55,30.76,13.75,61.83,3.11,0.0,21.16,32.73
2010-02-07,Krishnagiri,12.5266,78.2138,Semi-arid,22.03,30.41,15.35,66.95,2.79,0.0,17.44,32.83
2010-02-08,Krishnagiri,12.5266,78.2138,Semi-arid,22.64,32.41,15.4,57.04,2.49,0.0,22.69,32.94
2010-02-09,Krishnagiri,12.5266,78.2138,Semi-arid,23.55,34.2,15.02,57.34,1.55,0.0,22.94,33.06
2010-02-10,Krishnagiri,12.5266,78.2138,Semi-arid,24.46,33.61,17.08,59.24,2.19,0.0,22.48,33.17
2010-02-11,Krishnagiri,12.5266,78.2138,Semi-arid,25.18,33.93,18.53,59.1,2.52,0.0,18.32,33.28
2010-02-12,Krishnagiri,12.5266,78.2138,Semi-arid,25.68,33.82,19.56,59.88,2.49,0.0,19.21,33.39
2010-02-13,Krishnagiri,12.5266,78.2138,Semi-arid,25.77,34.9,19.0,57.64,2.59,0.0,22.28,33.5
2010-02-14,Krishnagiri,12.5266,78.2138,Semi-arid,25.9,35.86,18.33,54.83,2.0,0.0,22.07,33.61
2010-02-15,Krishnagiri,12.5266,78.2138,Semi-arid,25.35,35.47,18.48,57.62,2.66,0.0,22.36,33.72
2010-02-16,Krishnagiri,12.5266,78.2138,Semi-arid,25.07,35.1,17.83,56.4,2.42,0.0,22.81,33.83
2010-02-17,Krishnagiri,12.5266,78.2138,Semi-arid,25.73,35.85,17.09,58.16,2.13,0.0,23.67,33.93
2010-02-18,Krishnagiri,12.5266,78.2138,Semi-arid,25.85,35.81,18.34,51.25,1.75,0.0,22.27,34.04
2010-02-19,Krishnagiri,12.5266,78.2138,Semi-arid,25.11,33.06,19.13,50.52,1.77,0.0,21.72,34.15
2010-02-20,Krishnagiri,12.5266,78.2138,Semi-arid,26.03,36.4,17.57,52.42,2.22,0.0,23.19,34.26
2010-02-21,Krishnagiri,12.5266,78.2138,Semi-arid,26.48,36.17,18.44,54.09,2.17,0.0,23.39,34.37
2010-02-22,Krishnagiri,12.5266,78.2138,Semi-arid,26.67,36.28,18.4,51.64,2.14,0.0,24.33,34.47
2010-02-23,Krishnagiri,12.5266,78.2138,Semi-arid,26.85,36.32,18.53,52.05,1.86,0.0,23.53,34.58
2010-02-24,Krishnagiri,12.5266,78.2138,Semi-arid,27.82,35.93,19.59,51.75,1.61,0.0,21.2,34.68
2010-02-25,Krishnagiri,12.5266,78.2138,Semi-arid,28.1,34.77,22.29,47.64,2.19,0.0,21.71,34.78
2010-02-26,Krishnagiri,12.5266,78.2138,Semi-arid,28.09,35.75,21.86,46.76,1.96,0.0,20.61,34.89
2010-02-27,Krishnagiri,12.5266,78.2138,Semi-arid,27.92,37.06,20.55,44.38,1.9,0.0,23.61,34.99
2010-02-28,Krishnagiri,12.5266,78.2138,Semi-arid,26.9,36.42,18.79,46.05,2.47,0.0,25.1,35.09
2010-03-01,Krishnagiri,12.5266,78.2138,Semi-arid,26.17,35.94,18.24,41.89,2.33,0.0,25.68,35.18
2010-03-02,Krishnagiri,12.5266,78.2138,Semi-arid,25.83,36.34,17.21,42.36,2.43,0.0,25.56,35.28
2010-03-03,Krishnagiri,12.5266,78.2138,Semi-arid,26.6,37.32,17.77,32.71,1.94,0.0,25.47,35.38
2010-03-04,Krishnagiri,12.5266,78.2138,Semi-arid,27.13,37.31,17.59,37.57,1.7,0.0,25.09,35.48
2010-03-05,Krishnagiri,12.5266,78.2138,Semi-arid,27.92,37.82,18.82,40.22,1.75,0.0,24.27,35.57
2010-03-06,Krishnagiri,12.5266,78.2138,Semi-arid,28.94,38.4,20.02,42.8,1.75,0.02,22.5,35.66
2010-03-07,Krishnagiri,12.5266,78.2138,Semi-arid,29.81,38.77,22.03,47.12,1.96,0.0,22.62,35.76
2010-03-08,Krishnagiri,12.5266,78.2138,Semi-arid,28.78,38.17,21.1,46.28,2.71,0.0,24.32,35.85
2010-03-09,Krishnagiri,12.5266,78.2138,Semi-arid,27.68,37.94,18.92,47.64,2.7,0.0,26.24,35.93
2010-03-10,Krishnagiri,12.5266,78.2138,Semi-arid,27.22,36.8,18.91,53.04,2.91,0.0,24.94,36.02
2010-03-11,Krishnagiri,12.5266,78.2138,Semi-arid,27.28,36.39,19.8,55.32,3.42,0.0,23.64,36.11
2010-03-12,Krishnagiri,12.5266,78.2138,Semi-arid,27.09,36.12,20.32,54.47,3.38,0.0,25.55,36.19
2010-03-13,Krishnagiri,12.5266,78.2138,Semi-arid,27.9,37.34,18.92,47.74,2.65,0.0,19.22,36.27
2010-03-14,Krishnagiri,12.5266,78.2138,Semi-arid,28.23,36.06,20.26,44.1,1.88,0.0,20.69,36.35
2010-03-15,Krishnagiri,12.5266,78.2138,Semi-arid,29.92,38.45,22.04,37.93,2.22,0.0,22.46,36.43
2010-03-16,Krishnagiri,12.5266,78.2138,Semi-arid,29.55,36.89,23.92,38.92,2.67,0.0,23.15,36.51
2010-03-17,Krishnagiri,12.5266,78.2138,Semi-arid,27.31,34.04,21.28,44.41,2.49,0.0,23.87,36.58
2010-03-18,Krishnagiri,12.5266,78.2138,Semi-arid,26.28,35.56,18.15,51.16,3.02,0.0,25.14,36.66
2010-03-19,Krishnagiri,12.5266,78.2138,Semi-arid,26.48,35.77,18.55,47.21,2.29,0.0,24.73,36.73
2010-03-20,Krishnagiri,12.5266,78.2138,Semi-arid,28.31,37.74,19.11,40.64,2.68,0.0,24.41,36.8
2010-03-21,Krishnagiri,12.5266,78.2138,Semi-arid,28.77,38.07,21.18,30.85,2.51,0.0,25.39,36.86
2010-03-22,Krishnagiri,12.5266,78.2138,Semi-arid,28.29,38.13,19.75,27.81,2.11,0.0,25.52,36.93
2010-03-23,Krishnagiri,12.5266,78.2138,Semi-arid,28.17,38.08,19.31,35.16,2.35,0.0,25.25,36.99
2010-03-24,Krishnagiri,12.5266,78.2138,Semi-arid,28.07,38.67,18.73,42.44,2.3,0.0,25.52,37.06
2010-03-25,Krishnagiri,12.5266,78.2138,Semi-arid,28.02,38.6,18.57,43.63,2.6,0.0,25.37,37.11
2010-03-26,Krishnagiri,12.5266,78.2138,Semi-arid,28.65,38.34,20.45,51.06,2.33,0.0,25.59,37.17
2010-03-27,Krishnagiri,12.5266,78.2138,Semi-arid,29.75,37.97,22.66,53.05,2.56,0.07,23.0,37.22
2010-03-28,Krishnagiri,12.5266,78.2138,Semi-arid,30.32,38.4,23.9,52.36,3.05,0.13,22.07,37.27
2010-03-29,Krishnagiri,12.5266,78.2138,Semi-arid,30.59,38.86,24.01,50.73,2.47,0.0,24.21,37.33
2010-03-30,Krishnagiri,12.5266,78.2138,Semi-arid,30.97,39.47,23.53,48.73,2.68,0.75,22.36,37.38
2010-03-31,Krishnagiri,12.5266,78.2138,Semi-arid,28.86,34.33,25.57,54.31,1.98,0.55,22.05,37.43
2010-04-01,Krishnagiri,12.5266,78.2138,Semi-arid,31.1,39.62,24.19,34.17,2.43,0.0,24.05,37.48
2010-04-02,Krishnagiri,12.5266,78.2138,Semi-arid,32.45,40.23,24.53,38.76,1.8,0.0,21.19,37.52
2010-04-03,Krishnagiri,12.5266,78.2138,Semi-arid,31.66,39.41,24.66,42.83,2.96,0.0,23.73,37.57
2010-04-04,Krishnagiri,12.5266,78.2138,Semi-arid,30.69,39.0,24.01,42.19,3.05,0.0,25.89,37.61
2010-04-05,Krishnagiri,12.5266,78.2138,Semi-arid,29.55,38.58,21.12,46.54,2.45,0.0,26.52,37.65
2010-04-06,Krishnagiri,12.5266,78.2138,Semi-arid,30.04,38.54,23.24,48.26,2.14,0.0,25.05,37.68
2010-04-07,Krishnagiri,12.5266,78.2138,Semi-arid,30.7,38.72,23.38,42.02,2.82,0.0,26.03,37.72
2010-04-08,Krishnagiri,12.5266,78.2138,Semi-arid,29.88,36.43,23.55,47.61,2.38,0.02,21.35,37.75
2010-04-09,Krishnagiri,12.5266,78.2138,Semi-arid,30.91,39.47,22.96,43.33,2.08,0.0,26.79,37.79
2010-04-10,Krishnagiri,12.5266,78.2138,Semi-arid,30.9,38.6,24.53,39.85,1.68,0.0,25.46,37.81
2010-04-11,Krishnagiri,12.5266,78.2138,Semi-arid,30.61,39.08,23.72,35.38,1.72,0.0,25.16,37.84
2010-04-12,Krishnagiri,12.5266,78.2138,Semi-arid,31.24,38.49,23.7,46.16,1.47,3.49,23.72,37.87
2010-04-13,Krishnagiri,12.5266,78.2138,Semi-arid,31.06,36.74,26.04,47.8,0.82,2.81,23.44,37.89
2010-04-14,Krishnagiri,12.5266,78.2138,Semi-arid,29.67,34.07,25.23,57.82,0.95,6.51,21.85,37.91
2010-04-15,Krishnagiri,12.5266,78.2138,Semi-arid,29.73,35.94,24.64,56.47,1.67,0.11,16.75,37.93
2010-04-16,Krishnagiri,12.5266,78.2138,Semi-arid,29.46,37.8,23.11,53.61,2.07,0.0,26.0,37.95
2010-04-17,Krishnagiri,12.5266,78.2138,Semi-arid,30.27,38.03,23.03,54.23,2.43,0.23,23.94,37.97
2010-04-18,Krishnagiri,12.5266,78.2138,Semi-arid,29.33,33.93,24.69,53.49,1.37,0.25,22.58,37.99
2010-04-19,Krishnagiri,12.5266,78.2138,Semi-arid,29.34,34.1,24.57,53.74,1.13,0.32,22.07,38.0
2010-04-20,Krishnagiri,12.5266,78.2138,Semi-arid,29.41,34.82,23.87,55.22,1.65,1.19,22.83,38.02
2010-04-21,Krishnagiri,12.5266,78.2138,Semi-arid,28.23,33.48,23.46,62.0,1.89,6.08,22.57,38.03
2010-04-22,Krishnagiri,12.5266,78.2138,Semi-arid,29.39,36.53,23.63,56.42,1.63,0.09,23.28,38.04
2010-04-23,Krishnagiri,12.5266,78.2138,Semi-arid,29.98,37.81,22.92,52.62,2.06,0.04,24.32,38.05
2010-04-24,Krishnagiri,12.5266,78.2138,Semi-arid,29.48,36.2,23.65,58.7,1.31,3.68,23.63,38.06
2010-04-25,Krishnagiri,12.5266,78.2138,Semi-arid,28.61,34.97,23.5,58.72,1.74,1.35,21.8,38.06
2010-04-26,Krishnagiri,12.5266,78.2138,Semi-arid,28.98,36.7,22.33,56.69,2.81,0.7,24.15,38.07
2010-04-27,Krishnagiri,12.5266,78.2138,Semi-arid,29.18,36.85,23.06,55.3,2.31,1.65,25.0,38.07
2010-04-28,Krishnagiri,12.5266,78.2138,Semi-arid,29.5,36.67,23.33,51.76,1.73,0.38,24.28,38.08
2010-04-29,Krishnagiri,12.5266,78.2138,Semi-arid,29.37,35.59,23.48,54.55,2.39,0.12,24.39,38.08
2010-04-30,Krishnagiri,12.5266,78.2138,Semi-arid,26.87,32.37,22.93,69.38,2.3,17.33,22.28,38.08
2010-05-01,Krishnagiri,12.5266,78.2138,Semi-arid,26.71,32.1,21.83,62.89,0.92,1.23,24.23,38.07
2010-05-02,Krishnagiri,12.5266,78.2138,Semi-arid,27.25,32.31,22.87,66.56,0.75,0.54,25.15,38.07
2010-05-03,Krishnagiri,12.5266,78.2138,Semi-arid,27.01,31.73,23.39,70.15,1.04,0.52,21.53,38.07
2010-05-04,Krishnagiri,12.5266,78.2138,Semi-arid,27.94,33.66,22.7,67.17,1.32,2.53,22.29,38.07
2010-05-05,Krishnagiri,12.5266,78.2138,Semi-arid,29.24,36.2,22.75,65.35,1.25,2.65,24.36,38.06
2010-05-06,Krishnagiri,12.5266,78.2138,Semi-arid,30.07,37.71,22.76,60.27,1.57,0.47,24.6,38.05
2010-05-07,Krishnagiri,12.5266,78.2138,Semi-arid,30.19,37.79,24.11,59.67,2.44,0.04,23.8,38.04
2010-05-08,Krishnagiri,12.5266,78.2138,Semi-arid,29.74,37.2,23.5,59.72,1.99,0.42,22.95,38.03
2010-05-09,Krishnagiri,12.5266,78.2138,Semi-arid,29.73,36.5,24.11,57.39,1.97,0.02,22.92,38.02
2010-05-10,Krishnagiri,12.5266,78.2138,Semi-arid,31.21,38.95,24.33,52.45,2.14,0.0,23.13,38.01
2010-05-11,Krishnagiri,12.5266,78.2138,Semi-arid,31.77,39.38,24.47,50.16,2.0,0.08,25.12,38.0
2010-05-12,Krishnagiri,12.5266,78.2138,Semi-arid,31.84,38.51,25.71,50.49,1.74,0.0,24.01,37.99
2010-05-13,Krishnagiri,12.5266,78.2138,Semi-arid,32.73,39.46,25.77,46.15,1.56,0.02,24.39,37.98
2010-05-14,Krishnagiri,12.5266,78.2138,Semi-arid,30.68,34.97,26.6,53.48,1.63,0.44,22.94,37.97
2010-05-15,Krishnagiri,12.5266,78.2138,Semi-arid,30.17,35.77,25.46,53.05,1.88,0.46,23.96,37.95
2010-05-16,Krishnagiri,12.5266,78.2138,Semi-arid,30.12,37.54,23.47,56.06,1.41,8.41,21.73,37.94
2010-05-17,Krishnagiri,12.5266,78.2138,Semi-arid,28.83,33.78,24.46,67.24,2.0,6.12,22.93,37.93
2010-05-18,Krishnagiri,12.5266,78.2138,Semi-arid,27.55,31.66,24.32,73.41,2.22,8.94,17.75,37.91
2010-05-19,Krishnagiri,12.5266,78.2138,Semi-arid,26.54,30.37,23.87,76.76,3.81,8.56,3.71,37.9
2010-05-20,Krishnagiri,12.5266,78.2138,Semi-arid,26.69,32.51,22.85,74.58,4.77,4.0,8.86,37.89
2010-05-21,Krishnagiri,12.5266,78.2138,Semi-arid,27.8,33.87,23.85,66.69,5.34,0.61,13.87,37.87
2010-05-22,Krishnagiri,12.5266,78.2138,Semi-arid,27.72,33.93,23.09,70.68,3.06,6.44,23.71,37.86
2010-05-23,Krishnagiri,12.5266,78.2138,Semi-arid,26.84,32.9,22.47,73.63,3.12,10.4,25.01,37.84
2010-05-24,Krishnagiri,12.5266,78.2138,Semi-arid,26.55,31.68,23.18,73.79,3.9,0.02,25.12,37.83
2010-05-25,Krishnagiri,12.5266,78.2138,Semi-arid,25.65,28.89,23.24,78.16,4.32,0.0,24.66,37.82
2010-05-26,Krishnagiri,12.5266,78.2138,Semi-arid,27.09,32.78,22.9,70.93,4.73,0.0,24.12,37.81
2010-05-27,Krishnagiri,12.5266,78.2138,Semi-arid,29.25,37.58,22.49,58.45,4.44,0.0,26.3,37.79
2010-05-28,Krishnagiri,12.5266,78.2138,Semi-arid,28.64,37.09,22.26,65.07,4.04,23.93,26.03,37.78
2010-05-29,Krishnagiri,12.5266,78.2138,Semi-arid,28.14,35.8,22.32,68.27,3.91,2.88,24.92,37.76
2010-05-30,Krishnagiri,12.5266,78.2138,Semi-arid,26.62,32.94,22.89,69.94,4.32,5.76,23.6,37.75
2010-05-31,Krishnagiri,12.5266,78.2138,Semi-arid,26.95,33.3,22.03,70.01,3.94,1.54,25.27,37.73
2010-06-01,Krishnagiri,12.5266,78.2138,Semi-arid,27.95,34.09,22.22,67.35,2.92,1.06,24.74,37.72
2010-06-02,Krishnagiri,12.5266,78.2138,Semi-arid,28.64,35.83,22.24,65.82,2.78,2.39,24.24,37.7
2010-06-03,Krishnagiri,12.5266,78.2138,Semi-arid,27.05,32.52,23.2,71.23,2.96,5.61,24.27,37.69
2010-06-04,Krishnagiri,12.5266,78.2138,Semi-arid,27.2,31.98,22.65,72.71,2.55,21.98,22.95,37.68
2010-06-05,Krishnagiri,12.5266,78.2138,Semi-arid,25.27,29.54,22.69,75.46,2.9,2.53,17.76,37.66
2010-06-06,Krishnagiri,12.5266,78.2138,Semi-arid,23.66,27.4,21.77,77.9,5.39,8.63,15.3,37.65
2010-06-07,Krishnagiri,12.5266,78.2138,Semi-arid,24.04,27.92,21.37,77.3,4.48,0.74,12.51,37.63
2010-06-08,Krishnagiri,12.5266,78.2138,Semi-arid,24.07,27.71,20.29,76.25,3.92,0.17,20.19,37.62
2010-06-09,Krishnagiri,12.5266,78.2138,Semi-arid,25.11,29.77,21.18,79.34,2.97,6.95,11.89,37.61
2010-06-10,Krishnagiri,12.5266,78.2138,Semi-arid,25.18,28.75,22.18,78.82,1.89,11.12,13.68,37.6
2010-06-11,Krishnagiri,12.5266,78.2138,Semi-arid,25.81,31.4,21.45,76.14,1.31,4.14,12.71,37.59
2010-06-12,Krishnagiri,12.5266,78.2138,Semi-arid,25.16,28.93,22.62,79.67,3.93,11.97,18.33,37.58
2010-06-13,Krishnagiri,12.5266,78.2138,Semi-arid,25.27,30.33,21.84,80.94,3.96,1.8,17.84,37.57
2010-06-14,Krishnagiri,12.5266,78.2138,Semi-arid,25.02,30.1,21.77,76.19,4.29,2.07,18.45,37.56
2010-06-15,Krishnagiri,12.5266,78.2138,Semi-arid,25.31,31.91,20.79,72.77,4.45,1.72,18.96,37.55
2010-06-16,Krishnagiri,12.5266,78.2138,Semi-arid,24.61,30.43,20.58,78.1,2.76,0.06,18.91,37.55
2010-06-17,Krishnagiri,12.5266,78.2138,Semi-arid,25.33,31.46,21.09,74.94,3.47,4.49,15.29,37.54
2010-06-18,Krishnagiri,12.5266,78.2138,Semi-arid,24.43,29.84,20.56,75.67,3.33,4.2,17.87,37.53
2010-06-19,Krishnagiri,12.5266,78.2138,Semi-arid,25.82,32.46,20.3,73.43,2.9,2.59,22.0,37.53
2010-06-20,Krishnagiri,12.5266,78.2138,Semi-arid,25.5,29.98,21.55,76.98,2.42,2.78,21.76,37.52
2010-06-21,Krishnagiri,12.5266,78.2138,Semi-arid,25.36,29.85,21.11,77.05,2.22,8.14,20.34,37.51
2010-06-22,Krishnagiri,12.5266,78.2138,Semi-arid,25.32,29.5,21.5,77.56,3.1,1.9,20.65,37.51
2010-06-23,Krishnagiri,12.5266,78.2138,Semi-arid,25.51,31.25,21.61,75.27,4.8,2.04,20.41,37.51
2010-06-24,Krishnagiri,12.5266,78.2138,Semi-arid,24.03,29.1,20.65,76.67,5.08,1.48,18.48,37.51
2010-06-25,Krishnagiri,12.5266,78.2138,Semi-arid,24.65,30.47,20.8,71.78,5.4,0.0,20.65,37.5
2010-06-26,Krishnagiri,12.5266,78.2138,Semi-arid,25.94,32.35,20.84,72.17,5.09,0.11,21.08,37.5
2010-06-27,Krishnagiri,12.5266,78.2138,Semi-arid,26.43,32.71,21.93,71.77,3.9,0.09,23.61,37.5
2010-06-28,Krishnagiri,12.5266,78.2138,Semi-arid,26.85,33.69,21.83,70.68,3.78,0.48,18.55,37.5
2010-06-29,Krishnagiri,12.5266,78.2138,Semi-arid,26.53,32.22,22.14,72.47,3.78,0.34,24.04,37.5
2010-06-30,Krishnagiri,12.5266,78.2138,Semi-arid,25.55,30.72,21.93,72.28,4.66,0.01,20.96,37.5
2010-07-01,Krishnagiri,12.5266,78.2138,Semi-arid,22.98,26.92,20.0,75.42,4.66,0.05,14.19,37.5
2010-07-02,Krishnagiri,12.5266,78.2138,Semi-arid,24.19,30.5,19.29,68.23,4.97,0.0,16.03,37.5
2010-07-03,Krishnagiri,12.5266,78.2138,Semi-arid,24.28,29.88,20.02,70.28,5.13,0.16,16.31,37.5
2010-07-04,Krishnagiri,12.5266,78.2138,Semi-arid,24.78,31.52,20.18,73.19,3.63,0.06,20.37,37.5
2010-07-05,Krishnagiri,12.5266,78.2138,Semi-arid,22.85,25.95,20.59,77.49,4.46,0.32,15.66,37.5
2010-07-06,Krishnagiri,12.5266,78.2138,Semi-arid,23.28,27.83,19.86,78.92,3.94,2.9,14.39,37.5
2010-07-07,Krishnagiri,12.5266,78.2138,Semi-arid,24.15,29.57,20.04,75.59,3.0,1.87,15.41,37.51
2010-07-08,Krishnagiri,12.5266,78.2138,Semi-arid,23.79,28.89,19.84,77.88,1.85,14.64,15.09,37.51
2010-07-09,Krishnagiri,12.5266,78.2138,Semi-arid,22.79,25.59,20.36,85.86,1.51,4.49,20.45,37.51
2010-07-10,Krishnagiri,12.5266,78.2138,Semi-arid,24.92,30.51,19.66,77.07,1.29,10.6,21.37,37.52
2010-07-11,Krishnagiri,12.5266,78.2138,Semi-arid,25.77,30.81,21.76,77.87,1.43,1.27,23.53,37.52
2010-07-12,Krishnagiri,12.5266,78.2138,Semi-arid,25.05,28.9,22.06,80.06,2.15,8.36,19.34,37.53
2010-07-13,Krishnagiri,12.5266,78.2138,Semi-arid,24.97,29.64,21.69,76.36,2.61,1.11,19.66,37.53
2010-07-14,Krishnagiri,12.5266,78.2138,Semi-arid,25.67,32.43,20.17,69.53,3.33,2.92,22.41,37.54
2010-07-15,Krishnagiri,12.5266,78.2138,Semi-arid,25.36,30.48,21.18,76.28,3.25,3.64,23.33,37.54
2010-07-16,Krishnagiri,12.5266,78.2138,Semi-arid,23.66,26.8,20.8,84.19,2.85,16.84,18.02,37.55
2010-07-17,Krishnagiri,12.5266,78.2138,Semi-arid,23.61,27.61,20.58,82.77,3.5,7.9,18.98,37.56
2010-07-18,Krishnagiri,12.5266,78.2138,Semi-arid,24.32,30.34,19.39,78.6,3.64,7.01,19.91,37.57
2010-07-19,Krishnagiri,12.5266,78.2138,Semi-arid,24.21,28.93,20.5,81.67,3.84,1.54,15.43,37.58
2010-07-20,Krishnagiri,12.5266,78.2138,Semi-arid,23.92,27.87,21.17,79.57,4.92,2.0,9.75,37.58
2010-07-21,Krishnagiri,12.5266,78.2138,Semi-arid,23.71,28.29,20.83,82.11,4.02,3.94,11.65,37.58
2010-07-22,Krishnagiri,12.5266,78.2138,Semi-arid,24.35,30.36,19.86,77.19,4.14,0.28,12.32,37.59
2010-07-23,Krishnagiri,12.5266,78.2138,Semi-arid,24.41,29.95,19.94,74.88,4.05,0.0,20.44,37.59
2010-07-24,Krishnagiri,12.5266,78.2138,Semi-arid,24.03,28.76,20.57,75.74,4.71,0.01,13.53,37.6
2010-07-25,Krishnagiri,12.5266,78.2138,Semi-arid,23.18,27.56,19.84,80.41,4.34,0.51,15.36,37.61
2010-07-26,Krishnagiri,12.5266,78.2138,Semi-arid,24.33,29.2,20.49,76.08,4.9,0.2,13.46,37.62
2010-07-27,Krishnagiri,12.5266,78.2138,Semi-arid,24.59,30.24,20.59,77.56,4.22,1.33,18.22,37.62
2010-07-28,Krishnagiri,12.5266,78.2138,Semi-arid,24.65,30.92,20.56,78.38,4.64,3.46,14.37,37.63
2010-07-29,Krishnagiri,12.5266,78.2138,Semi-arid,24.08,29.07,20.76,79.25,4.77,10.39,13.32,37.63
2010-07-30,Krishnagiri,12.5266,78.2138,Semi-arid,24.52,30.86,20.21,75.74,4.84,0.77,18.72,37.64
2010-07-31,Krishnagiri,12.5266,78.2138,Semi-arid,24.49,30.94,19.45,75.56,4.41,0.06,17.47,37.64
2010-08-01,Krishnagiri,12.5266,78.2138,Semi-arid,25.62,32.08,20.32,71.7,4.41,0.0,19.27,37.63
2010-08-02,Krishnagiri,12.5266,78.2138,Semi-arid,25.13,31.18,20.62,74.28,3.78,0.21,20.61,37.63
2010-08-03,Krishnagiri,12.5266,78.2138,Semi-arid,24.94,30.4,20.97,75.49,4.19,0.15,13.47,37.64
2010-08-04,Krishnagiri,12.5266,78.2138,Semi-arid,24.35,28.62,21.17,78.88,4.02,0.25,11.39,37.64
2010-08-05,Krishnagiri,12.5266,78.2138,Semi-arid,25.12,30.28,20.62,75.95,3.76,2.44,20.76,37.64
2010-08-06,Krishnagiri,12.5266,78.2138,Semi-arid,25.71,32.49,20.66,71.73,4.24,0.31,18.49,37.64
2010-08-07,Krishnagiri,12.5266,78.2138,Semi-arid,26.14,32.59,20.7,72.02,3.42,1.46,22.03,37.65
2010-08-08,Krishnagiri,12.5266,78.2138,Semi-arid,25.43,31.04,21.46,75.7,3.44,0.12,20.49,37.64
2010-08-09,Krishnagiri,12.5266,78.2138,Semi-arid,26.02,32.39,21.13,72.29,3.62,2.2,22.11,37.64
2010-08-10,Krishnagiri,12.5266,78.2138,Semi-arid,26.38,33.91,20.71,67.58,4.06,0.24,24.19,37.64
2010-08-11,Krishnagiri,12.5266,78.2138,Semi-arid,25.96,31.95,20.65,72.41,3.6,0.01,15.41,37.64
2010-08-12,Krishnagiri,12.5266,78.2138,Semi-arid,24.89,28.73,22.17,79.71,3.41,4.16,20.57,37.64
2010-08-13,Krishnagiri,12.5266,78.2138,Semi-arid,26.19,31.97,21.46,74.11,2.2,5.46,18.94,37.63
2010-08-14,Krishnagiri,12.5266,78.2138,Semi-arid,25.65,30.25,21.96,77.59,1.87,21.36,19.62,37.63
2010-08-15,Krishnagiri,12.5266,78.2138,Semi-arid,23.89,25.95,22.5,88.01,1.17,6.99,10.36,37.62
2010-08-16,Krishnagiri,12.5266,78.2138,Semi-arid,24.13,28.02,21.64,85.43,2.76,27.45,19.08,37.61
2010-08-17,Krishnagiri,12.5266,78.2138,Semi-arid,23.87,28.1,20.92,80.75,3.05,4.33,17.44,37.6
2010-08-18,Krishnagiri,12.5266,78.2138,Semi-arid,23.71,28.09,20.44,79.26,3.79,0.62,11.98,37.59
2010-08-19,Krishnagiri,12.5266,78.2138,Semi-arid,24.38,29.54,19.95,78.27,2.84,0.43,18.62,37.58
2010-08-20,Krishnagiri,12.5266,78.2138,Semi-arid,22.92,24.7,21.55,90.09,1.82,26.48,16.0,37.57
2010-08-21,Krishnagiri,12.5266,78.2138,Semi-arid,23.01,25.39,21.04,91.73,1.36,22.58,5.54,37.56
2010-08-22,Krishnagiri,12.5266,78.2138,Semi-arid,23.19,26.81,20.36,87.39,2.09,12.44,9.86,37.54
2010-08-23,Krishnagiri,12.5266,78.2138,Semi-arid,23.9,27.52,21.06,85.58,2.65,4.49,12.79,37.52
2010-08-24,Krishnagiri,12.5266,78.2138,Semi-arid,23.88,27.57,21.34,85.73,3.11,7.05,12.31,37.51
2010-08-25,Krishnagiri,12.5266,78.2138,Semi-arid,22.69,25.83,20.53,85.78,3.46,2.67,9.56,37.49
2010-08-26,Krishnagiri,12.5266,78.2138,Semi-arid,23.64,28.6,20.04,83.52,2.95,5.52,15.58,37.47
2010-08-27,Krishnagiri,12.5266,78.2138,Semi-arid,24.35,29.48,20.32,82.28,3.18,0.39,21.05,37.44
2010-08-28,Krishnagiri,12.5266,78.2138,Semi-arid,24.74,29.27,20.34,83.32,2.62,0.68,21.82,37.42
2010-08-29,Krishnagiri,12.5266,78.2138,Semi-arid,23.91,27.47,21.43,87.04,3.07,2.63,14.83,37.39
2010-08-30,Krishnagiri,12.5266,78.2138,Semi-arid,22.69,26.46,19.38,87.46,3.9,9.01,14.11,37.36
2010-08-31,Krishnagiri,12.5266,78.2138,Semi-arid,23.3,29.39,19.15,79.72,4.27,3.03,21.07,37.34
2010-09-01,Krishnagiri,12.5266,78.2138,Semi-arid,24.25,30.21,19.17,78.11,3.57,0.0,25.47,37.31
2010-09-02,Krishnagiri,12.5266,78.2138,Semi-arid,24.15,29.72,19.59,80.42,3.47,0.02,21.91,37.28
2010-09-03,Krishnagiri,12.5266,78.2138,Semi-arid,24.14,29.15,20.5,79.94,3.62,0.44,10.17,37.25
2010-09-04,Krishnagiri,12.5266,78.2138,Semi-arid,23.88,29.53,20.42,80.11,3.27,1.33,16.22,37.22
2010-09-05,Krishnagiri,12.5266,78.2138,Semi-arid,23.94,29.5,19.87,80.32,3.25,0.04,17.46,37.18
2010-09-06,Krishnagiri,12.5266,78.2138,Semi-arid,24.31,30.28,19.61,78.19,3.86,0.0,16.92,37.15
2010-09-07,Krishnagiri,12.5266,78.2138,Semi-arid,23.7,28.57,19.91,80.97,3.79,0.21,16.1,37.11
2010-09-08,Krishnagiri,12.5266,78.2138,Semi-arid,24.2,29.86,19.92,78.56,3.93,0.03,13.05,37.07
2010-09-09,Krishnagiri,12.5266,78.2138,Semi-arid,24.32,29.82,20.48,81.58,2.6,5.38,17.58,37.02
2010-09-10,Krishnagiri,12.5266,78.2138,Semi-arid,24.38,30.16,20.36,82.12,2.25,13.19,19.81,36.98
2010-09-11,Krishnagiri,12.5266,78.2138,Semi-arid,23.76,28.71,20.18,81.75,2.59,10.88,15.56,36.94
2010-09-12,Krishnagiri,12.5266,78.2138,Semi-arid,23.91,28.49,20.54,83.03,2.29,5.54,15.4,36.89
2010-09-13,Krishnagiri,12.5266,78.2138,Semi-arid,23.59,28.36,20.21,82.55,2.45,26.53,17.71,36.85
2010-09-14,Krishnagiri,12.5266,78.2138,Semi-arid,23.53,29.24,19.38,81.31,3.1,7.28,13.12,36.8
2010-09-15,Krishnagiri,12.5266,78.2138,Semi-arid,22.81,27.67,18.78,84.51,3.05,1.0,16.71,36.75
2010-09-16,Krishnagiri,12.5266,78.2138,Semi-arid,23.77,29.59,18.99,81.21,3.31,0.96,17.4,36.69
2010-09-17,Krishnagiri,12.5266,78.2138,Semi-arid,23.43,28.73,19.65,81.66,3.34,0.69,16.51,36.64
2010-09-18,Krishnagiri,12.5266,78.2138,Semi-arid,22.85,26.66,19.6,84.35,2.61,1.49,16.16,36.58
2010-09-19,Krishnagiri,12.5266,78.2138,Semi-arid,24.2,29.38,19.67,79.7,1.92,0.19,22.8,36.52
2010-09-20,Krishnagiri,12.5266,78.2138,Semi-arid,24.66,29.42,20.43,80.96,1.4,2.1,20.61,36.46
2010-09-21,Krishnagiri,12.5266,78.2138,Semi-arid,24.06,27.71,21.46,85.23,0.99,2.41,20.23,36.4
2010-09-22,Krishnagiri,12.5266,78.2138,Semi-arid,23.98,27.88,21.2,85.13,0.87,0.67,23.04,36.34
2010-09-23,Krishnagiri,12.5266,78.2138,Semi-arid,23.74,27.59,20.78,84.87,1.01,0.26,22.51,36.27
2010-09-24,Krishnagiri,12.5266,78.2138,Semi-arid,24.75,30.0,19.59,79.21,0.77,18.32,20.39,36.2
2010-09-25,Krishnagiri,12.5266,78.2138,Semi-arid,24.37,28.21,21.26,83.8,0.78,8.12,21.78,36.13
2010-09-26,Krishnagiri,12.5266,78.2138,Semi-arid,24.34,28.81,21.3,84.39,1.47,9.75,16.4,36.06
2010-09-27,Krishnagiri,12.5266,78.2138,Semi-arid,23.88,27.87,20.72,87.06,2.23,3.01,16.84,35.99
2010-09-28,Krishnagiri,12.5266,78.2138,Semi-arid,23.49,27.58,20.72,87.82,1.97,0.33,18.5,35.92
2010-09-29,Krishnagiri,12.5266,78.2138,Semi-arid,23.08,27.18,20.4,86.29,1.62,4.03,18.29,35.84
2010-09-30,Krishnagiri,12.5266,78.2138,Semi-arid,23.72,29.1,19.48,80.48,1.28,0.74,21.72,35.77
2010-10-01,Krishnagiri,12.5266,78.2138,Semi-arid,23.44,27.66,20.43,86.07,1.32,0.81,17.78,35.69
2010-10-02,Krishnagiri,12.5266,78.2138,Semi-arid,23.56,27.86,20.72,87.02,1.5,5.55,17.72,35.61
2010-10-03,Krishnagiri,12.5266,78.2138,Semi-arid,23.44,27.06,20.85,87.71,1.32,2.66,17.89,35.53
2010-10-04,Krishnagiri,12.5266,78.2138,Semi-arid,24.63,29.27,21.16,81.74,0.55,11.77,22.09,35.45
2010-10-05,Krishnagiri,12.5266,78.2138,Semi-arid,24.54,28.85,20.68,83.21,0.83,2.58,16.45,35.36
2010-10-06,Krishnagiri,12.5266,78.2138,Semi-arid,24.03,27.7,21.5,88.1,2.42,11.78,12.38,35.28
2010-10-07,Krishnagiri,12.5266,78.2138,Semi-arid,24.42,29.02,20.9,82.0,2.01,0.5,17.51,35.19
2010-10-08,Krishnagiri,12.5266,78.2138,Semi-arid,23.93,28.06,20.7,85.41,1.33,0.86,17.63,35.11
2010-10-09,Krishnagiri,12.5266,78.2138,Semi-arid,23.98,27.66,21.66,85.23,1.69,0.45,9.69,35.02
2010-10-10,Krishnagiri,12.5266,78.2138,Semi-arid,23.29,26.26,21.3,87.37,1.82,2.11,17.52,34.93
2010-10-11,Krishnagiri,12.5266,78.2138,Semi-arid,23.72,27.2,21.12,86.69,1.66,1.87,19.69,34.84
2010-10-12,Krishnagiri,12.5266,78.2138,Semi-arid,23.86,28.44,20.16,81.21,2.1,0.07,20.33,34.75
2010-10-13,Krishnagiri,12.5266,78.2138,Semi-arid,23.5,27.43,20.05,83.65,1.85,1.14,17.05,34.66
2010-10-14,Krishnagiri,12.5266,78.2138,Semi-arid,23.15,27.22,20.85,85.71,2.16,6.14,17.7,34.56
2010-10-15,Krishnagiri,12.5266,78.2138,Semi-arid,23.48,27.93,20.51,84.69,2.95,4.7,17.81,34.47
2010-10-16,Krishnagiri,12.5266,78.2138,Semi-arid,23.6,28.53,19.99,82.91,3.34,2.01,22.79,34.37
2010-10-17,Krishnagiri,12.5266,78.2138,Semi-arid,23.06,28.87,18.66,79.78,2.75,0.06,22.93,34.28
2010-10-18,Krishnagiri,12.5266,78.2138,Semi-arid,23.74,29.62,18.16,77.57,2.0,0.0,22.36,34.18
2010-10-19,Krishnagiri,12.5266,78.2138,Semi-arid,23.35,26.49,20.49,86.93,1.36,17.23,21.16,34.08
2010-10-20,Krishnagiri,12.5266,78.2138,Semi-arid,23.34,26.21,20.96,89.57,1.42,5.28,16.4,33.99
2010-10-21,Krishnagiri,12.5266,78.2138,Semi-arid,23.53,26.88,21.14,85.72,1.45,4.47,15.99,33.88
2010-10-22,Krishnagiri,12.5266,78.2138,Semi-arid,23.15,26.25,21.33,90.28,1.82,2.05,18.51,33.78
2010-10-23,Krishnagiri,12.5266,78.2138,Semi-arid,23.63,27.97,19.92,84.81,1.98,0.5,15.75,33.68
2010-10-24,Krishnagiri,12.5266,78.2138,Semi-arid,24.07,28.89,20.14,83.4,2.24,0.14,19.25,33.58
2010-10-25,Krishnagiri,12.5266,78.2138,Semi-arid,24.37,28.83,20.46,82.98,1.68,2.43,18.98,33.48
2010-10-26,Krishnagiri,12.5266,78.2138,Semi-arid,23.28,26.55,20.4,88.63,1.06,9.43,11.72,33.37
2010-10-27,Krishnagiri,12.5266,78.2138,Semi-arid,23.12,26.65,20.42,89.29,1.07,5.76,13.27,33.27
2010-10-28,Krishnagiri,12.5266,78.2138,Semi-arid,22.49,25.72,20.56,90.89,1.39,12.54,13.76,33.17
2010-10-29,Krishnagiri,12.5266,78.2138,Semi-arid,22.26,26.61,19.12,88.04,1.64,5.41,14.65,33.07
2010-10-30,Krishnagiri,12.5266,78.2138,Semi-arid,21.89,24.65,19.29,92.64,1.29,2.47,8.02,32.97
2010-10-31,Krishnagiri,12.5266,78.2138,Semi-arid,22.52,25.84,20.28,88.33,1.55,6.98,13.53,32.87
2010-11-01,Krishnagiri,12.5266,78.2138,Semi-arid,22.36,25.45,19.82,89.26,1.48,21.71,12.96,32.77
2010-11-02,Krishnagiri,12.5266,78.2138,Semi-arid,22.85,26.01,20.13,86.74,0.87,13.4,15.65,32.66
2010-11-03,Krishnagiri,12.5266,78.2138,Semi-arid,22.68,26.24,20.09,89.87,1.22,8.29,13.05,32.56
2010-11-04,Krishnagiri,12.5266,78.2138,Semi-arid,22.86,27.09,19.95,89.0,1.54,6.84,15.8,32.46
2010-11-05,Krishnagiri,12.5266,78.2138,Semi-arid,22.97,27.59,19.97,87.98,1.31,3.24,16.96,32.36
2010-11-06,Krishnagiri,12.5266,78.2138,Semi-arid,22.22,25.47,19.64,88.78,1.14,1.29,13.52,32.27
2010-11-07,Krishnagiri,12.5266,78.2138,Semi-arid,21.27,23.85,18.94,91.64,3.86,44.08,1.64,32.17
2010-11-08,Krishnagiri,12.5266,78.2138,Semi-arid,22.57,26.8,20.05,87.09,3.48,4.37,13.66,32.07
2010-11-09,Krishnagiri,12.5266,78.2138,Semi-arid,23.0,26.31,20.63,92.54,1.66,6.87,11.95,31.97
2010-11-10,Krishnagiri,12.5266,78.2138,Semi-arid,23.21,26.9,20.82,88.49,1.52,2.9,16.49,31.87
2010-11-11,Krishnagiri,12.5266,78.2138,Semi-arid,22.44,25.46,20.51,90.56,1.31,4.96,13.68,31.78
2010-11-12,Krishnagiri,12.5266,78.2138,Semi-arid,22.88,27.74,18.57,86.96,1.21,4.45,18.06,31.68
2010-11-13,Krishnagiri,12.5266,78.2138,Semi-arid,23.28,28.0,19.9,87.8,1.32,0.77,18.1,31.59
2010-11-14,Krishnagiri,12.5266,78.2138,Semi-arid,22.73,27.29,19.63,87.95,1.61,0.09,17.52,31.5
2010-11-15,Krishnagiri,12.5266,78.2138,Semi-arid,22.64,26.88,18.56,88.24,1.63,7.0,13.83,31.4
2010-11-16,Krishnagiri,12.5266,78.2138,Semi-arid,21.85,24.0,19.69,92.09,2.3,17.21,10.39,31.31
2010-11-17,Krishnagiri,12.5266,78.2138,Semi-arid,22.63,26.26,20.75,91.48,4.11,11.02,10.74,31.23
2010-11-18,Krishnagiri,12.5266,78.2138,Semi-arid,21.89,25.19,19.78,90.99,2.06,8.62,13.02,31.14
2010-11-19,Krishnagiri,12.5266,78.2138,Semi-arid,21.44,24.93,19.11,90.43,1.67,1.21,14.41,31.06
2010-11-20,Krishnagiri,12.5266,78.2138,Semi-arid,22.02,26.83,17.96,86.98,1.4,7.0,16.07,30.97
2010-11-21,Krishnagiri,12.5266,78.2138,Semi-arid,22.31,26.48,19.28,88.99,1.12,5.84,13.19,30.89
2010-11-22,Krishnagiri,12.5266,78.2138,Semi-arid,22.25,25.93,19.07,87.55,1.22,8.1,17.03,30.81
2010-11-23,Krishnagiri,12.5266,78.2138,Semi-arid,22.52,26.66,19.14,87.32,1.38,2.18,12.74,30.73
2010-11-24,Krishnagiri,12.5266,78.2138,Semi-arid,21.87,25.26,19.54,89.51,2.04,1.31,9.93,30.65
2010-11-25,Krishnagiri,12.5266,78.2138,Semi-arid,21.49,24.96,19.32,91.12,1.8,0.76,11.43,30.58
2010-11-26,Krishnagiri,12.5266,78.2138,Semi-arid,21.14,25.27,18.49,90.26,2.51,11.95,6.35,30.51
2010-11-27,Krishnagiri,12.5266,78.2138,Semi-arid,19.55,21.55,18.26,91.71,2.24,3.44,8.64,30.44
2010-11-28,Krishnagiri,12.5266,78.2138,Semi-arid,21.36,24.62,19.04,92.04,2.44,2.81,12.84,30.37
2010-11-29,Krishnagiri,12.5266,78.2138,Semi-arid,21.19,25.26,18.61,90.27,2.25,0.03,17.15,30.3
2010-11-30,Krishnagiri,12.5266,78.2138,Semi-arid,21.45,25.75,17.68,89.5,2.85,3.11,14.16,30.23
2010-12-01,Krishnagiri,12.5266,78.2138,Semi-arid,21.54,24.48,19.64,92.8,2.76,15.72,4.18,30.17
2010-12-02,Krishnagiri,12.5266,78.2138,Semi-arid,21.69,24.77,19.77,92.18,2.67,11.2,8.09,30.12
2010-12-03,Krishnagiri,12.5266,78.2138,Semi-arid,20.97,24.26,18.57,90.82,2.4,2.83,12.61,30.06
2010-12-04,Krishnagiri,12.5266,78.2138,Semi-arid,20.38,24.01,18.04,89.54,2.44,0.54,8.41,30.01
2010-12-05,Krishnagiri,12.5266,78.2138,Semi-arid,18.45,21.03,16.07,89.94,3.24,5.67,9.57,29.96
2010-12-06,Krishnagiri,12.5266,78.2138,Semi-arid,18.96,24.32,14.49,87.14,2.92,2.31,6.59,29.91
2010-12-07,Krishnagiri,12.5266,78.2138,Semi-arid,20.49,25.55,17.11,89.3,2.64,1.84,12.19,29.87
2010-12-08,Krishnagiri,12.5266,78.2138,Semi-arid,21.45,24.68,19.56,90.79,1.89,1.9,15.61,29.83
2010-12-09,Krishnagiri,12.5266,78.2138,Semi-arid,22.4,26.86,19.32,88.25,1.39,0.14,16.2,29.79
2010-12-10,Krishnagiri,12.5266,78.2138,Semi-arid,22.07,26.57,19.17,82.23,1.72,2.88,11.49,29.75
2010-12-11,Krishnagiri,12.5266,78.2138,Semi-arid,22.24,27.64,17.43,80.72,1.64,0.84,15.06,29.72
2010-12-12,Krishnagiri,12.5266,78.2138,Semi-arid,22.14,26.39,19.03,82.1,1.16,4.41,15.48,29.7
2010-12-13,Krishnagiri,12.5266,78.2138,Semi-arid,20.64,25.23,15.86,89.33,1.51,3.16,15.41,29.68
2010-12-14,Krishnagiri,12.5266,78.2138,Semi-arid,21.71,25.66,18.7,89.46,1.52,1.4,11.85,29.66
2010-12-15,Krishnagiri,12.5266,78.2138,Semi-arid,22.12,26.32,19.2,90.18,2.24,5.59,12.11,29.64
2010-12-16,Krishnagiri,12.5266,78.2138,Semi-arid,21.72,25.62,19.13,88.84,2.57,2.77,9.7,29.62
2010-12-17,Krishnagiri,12.5266,78.2138,Semi-arid,21.59,26.23,18.44,88.69,2.21,0.46,5.18,29.6
2010-12-18,Krishnagiri,12.5266,78.2138,Semi-arid,20.76,26.06,16.09,86.64,2.21,0.02,10.59,29.6
2010-12-19,Krishnagiri,12.5266,78.2138,Semi-arid,18.86,24.35,12.87,86.8,2.75,2.2,9.86,29.59
2010-12-20,Krishnagiri,12.5266,78.2138,Semi-arid,20.34,24.9,17.3,90.51,3.28,4.1,9.01,29.59
2010-12-21,Krishnagiri,12.5266,78.2138,Semi-arid,19.52,25.64,15.12,83.9,2.56,0.05,18.47,29.59
2010-12-22,Krishnagiri,12.5266,78.2138,Semi-arid,17.48,25.07,11.94,78.06,1.69,0.0,20.81,29.59
2010-12-23,Krishnagiri,12.5266,78.2138,Semi-arid,17.34,24.42,12.26,83.18,1.43,0.0,20.24,29.59
2010-12-24,Krishnagiri,12.5266,78.2138,Semi-arid,17.77,24.42,12.02,83.49,1.67,0.0,18.4,29.6
2010-12-25,Krishnagiri,12.5266,78.2138,Semi-arid,18.15,24.52,12.56,84.81,1.75,0.0,17.53,29.61
2010-12-26,Krishnagiri,12.5266,78.2138,Semi-arid,18.6,24.95,13.79,83.64,1.81,0.0,18.88,29.63
2010-12-27,Krishnagiri,12.5266,78.2138,Semi-arid,18.25,24.67,13.31,83.04,1.84,0.0,18.16,29.65
2010-12-28,Krishnagiri,12.5266,78.2138,Semi-arid,18.78,24.61,12.7,87.09,2.09,0.52,11.6,29.67
2010-12-29,Krishnagiri,12.5266,78.2138,Semi-arid,19.45,23.91,16.69,89.43,2.53,0.04,13.21,29.7
2010-12-30,Krishnagiri,12.5266,78.2138,Semi-arid,20.03,25.46,16.0,86.32,2.07,0.07,16.35,29.73
2010-12-31,Krishnagiri,12.5266,78.2138,Semi-arid,19.88,25.85,15.24,83.62,1.42,0.01,15.81,29.76
2011-01-01,Krishnagiri,12.5266,78.2138,Semi-arid,21.22,27.42,16.48,84.1,1.34,0.0,18.31,29.8
2011-01-02,Krishnagiri,12.5266,78.2138,Semi-arid,21.58,26.81,17.56,86.46,1.67,0.86,16.61,29.83
2011-01-03,Krishnagiri,12.5266,78.2138,Semi-arid,20.95,24.82,18.23,86.35,2.22,0.03,14.36,29.88
2011-01-04,Krishnagiri,12.5266,78.2138,Semi-arid,19.99,23.0,17.59,91.88,2.2,6.02,9.8,29.92
2011-01-05,Krishnagiri,12.5266,78.2138,Semi-arid,20.23,23.98,18.24,89.7,2.46,0.43,10.04,29.97
2011-01-06,Krishnagiri,12.5266,78.2138,Semi-arid,20.16,25.24,16.71,83.02,2.5,0.0,16.29,30.02
2011-01-07,Krishnagiri,12.5266,78.2138,Semi-arid,20.57,27.32,15.24,82.61,2.53,0.0,18.34,30.07
2011-01-08,Krishnagiri,12.5266,78.2138,Semi-arid,21.79,28.45,16.59,83.15,2.3,0.0,18.22,30.13
2011-01-09,Krishnagiri,12.5266,78.2138,Semi-arid,21.29,28.08,16.73,79.76,2.11,0.0,18.76,30.19
2011-01-10,Krishnagiri,12.5266,78.2138,Semi-arid,20.22,27.98,14.52,75.47,2.0,0.0,19.89,30.26
2011-01-11,Krishnagiri,12.5266,78.2138,Semi-arid,18.9,28.19,11.93,63.01,1.81,0.0,21.05,30.32
2011-01-12,Krishnagiri,12.5266,78.2138,Semi-arid,18.01,25.48,12.73,79.43,1.74,0.0,20.98,30.39
2011-01-13,Krishnagiri,12.5266,78.2138,Semi-arid,18.85,27.0,13.43,76.29,1.62,0.0,20.32,30.46
2011-01-14,Krishnagiri,12.5266,78.2138,Semi-arid,18.74,26.12,13.61,79.64,2.29,0.0,20.98,30.53
2011-01-15,Krishnagiri,12.5266,78.2138,Semi-arid,19.38,26.37,13.54,81.39,2.35,0.0,19.47,30.6
2011-01-16,Krishnagiri,12.5266,78.2138,Semi-arid,20.49,27.48,15.28,81.26,1.71,0.0,20.92,30.68
2011-01-17,Krishnagiri,12.5266,78.2138,Semi-arid,20.76,27.93,15.64,79.52,1.19,0.0,21.42,30.76
2011-01-18,Krishnagiri,12.5266,78.2138,Semi-arid,19.9,28.15,14.3,72.96,1.54,0.0,21.02,30.84
2011-01-19,Krishnagiri,12.5266,78.2138,Semi-arid,19.44,28.12,13.91,71.3,1.27,0.0,22.06,30.93
2011-01-20,Krishnagiri,12.5266,78.2138,Semi-arid,19.55,28.04,13.38,73.86,1.61,0.0,22.3,31.01
2011-01-21,Krishnagiri,12.5266,78.2138,Semi-arid,20.07,28.7,14.13,75.2,2.14,0.0,21.58,31.1
2011-01-22,Krishnagiri,12.5266,78.2138,Semi-arid,20.22,27.82,15.15,78.2,2.41,0.0,20.71,31.19
2011-01-23,Krishnagiri,12.5266,78.2138,Semi-arid,19.81,27.11,14.89,78.98,2.53,0.0,20.2,31.28
2011-01-24,Krishnagiri,12.5266,78.2138,Semi-arid,19.51,27.11,14.31,78.3,2.69,0.0,19.1,31.37
2011-01-25,Krishnagiri,12.5266,78.2138,Semi-arid,19.66,27.56,13.94,78.18,2.71,0.0,19.15,31.47
2011-01-26,Krishnagiri,12.5266,78.2138,Semi-arid,20.28,28.11,14.14,79.65,2.85,0.0,15.13,31.56
2011-01-27,Krishnagiri,12.5266,78.2138,Semi-arid,20.47,28.32,15.02,76.59,2.7,0.0,21.64,31.66
2011-01-28,Krishnagiri,12.5266,78.2138,Semi-arid,20.84,29.09,14.71,74.98,2.25,0.0,21.64,31.76
2011-01-29,Krishnagiri,12.5266,78.2138,Semi-arid,21.07,28.86,14.87,75.52,2.7,0.0,21.99,31.86
2011-01-30,Krishnagiri,12.5266,78.2138,Semi-arid,21.35,28.99,16.36,73.73,2.78,0.0,22.07,31.97
2011-01-31,Krishnagiri,12.5266,78.2138,Semi-arid,21.09,29.46,14.8,72.46,2.94,0.0,22.25,32.07
2011-02-01,Krishnagiri,12.5266,78.2138,Semi-arid,20.69,29.78,12.76,62.36,2.79,0.0,22.94,32.17
2011-02-02,Krishnagiri,12.5266,78.2138,Semi-arid,20.11,28.52,14.01,69.97,2.91,0.0,22.52,32.28
2011-02-03,Krishnagiri,12.5266,78.2138,Semi-arid,20.81,28.77,14.48,71.64,2.93,0.0,21.74,32.39
2011-02-04,Krishnagiri,12.5266,78.2138,Semi-arid,20.57,29.72,14.42,68.12,2.34,0.0,20.98,32.49
2011-02-05,Krishnagiri,12.5266,78.2138,Semi-arid,20.14,30.33,12.64,64.95,2.69,0.0,23.08,32.6
2011-02-06,Krishnagiri,12.5266,78.2138,Semi-arid,19.67,30.04,11.73,66.0,2.16,0.0,22.91,32.71
2011-02-07,Krishnagiri,12.5266,78.2138,Semi-arid,20.53,31.04,13.39,65.08,1.96,0.0,22.81,32.82
2011-02-08,Krishnagiri,12.5266,78.2138,Semi-arid,20.76,31.48,13.23,58.37,1.94,0.0,23.15,32.93
2011-02-09,Krishnagiri,12.5266,78.2138,Semi-arid,20.52,31.18,12.65,59.92,1.84,0.0,24.28,33.04
2011-02-10,Krishnagiri,12.5266,78.2138,Semi-arid,20.33,31.08,12.0,52.21,2.21,0.0,24.66,33.15
2011-02-11,Krishnagiri,12.5266,78.2138,Semi-arid,20.13,30.3,11.23,61.37,2.66,0.0,24.3,33.26
2011-02-12,Krishnagiri,12.5266,78.2138,Semi-arid,20.28,30.4,11.85,61.36,2.15,0.0,23.57,33.37
2011-02-13,Krishnagiri,12.5266,78.2138,Semi-arid,20.21,30.19,12.79,57.97,2.43,0.0,24.07,33.47
2011-02-14,Krishnagiri,12.5266,78.2138,Semi-arid,20.4,30.41,12.59,64.69,1.95,0.0,23.59,33.58
2011-02-15,Krishnagiri,12.5266,78.2138,Semi-arid,22.29,32.02,15.25,66.73,1.32,0.0,23.15,33.68
2011-02-16,Krishnagiri,12.5266,78.2138,Semi-arid,23.67,32.42,16.98,68.48,1.14,0.0,21.03,33.79
2011-02-17,Krishnagiri,12.5266,78.2138,Semi-arid,24.61,32.52,18.48,68.47,1.13,0.0,19.66,33.91
2011-02-18,Krishnagiri,12.5266,78.2138,Semi-arid,24.88,32.44,19.03,70.39,1.78,0.0,18.32,34.01
2011-02-19,Krishnagiri,12.5266,78.2138,Semi-arid,25.19,32.37,19.79,70.88,2.0,0.0,19.12,34.12
2011-02-20,Krishnagiri,12.5266,78.2138,Semi-arid,25.39,32.74,20.03,69.44,2.11,0.0,20.79,34.23
2011-02-21,Krishnagiri,12.5266,78.2138,Semi-arid,24.94,31.93,20.05,72.64,1.74,10.0,19.87,34.34
2011-02-22,Krishnagiri,12.5266,78.2138,Semi-arid,24.22,30.73,19.98,76.28,2.61,1.88,12.7,34.45
2011-02-23,Krishnagiri,12.5266,78.2138,Semi-arid,23.92,30.16,19.91,74.88,2.58,0.31,15.85,34.55
2011-02-24,Krishnagiri,12.5266,78.2138,Semi-arid,23.02,28.38,19.43,76.78,1.92,1.03,18.86,34.66
2011-02-25,Krishnagiri,12.5266,78.2138,Semi-arid,24.16,31.43,18.36,71.63,1.44,1.25,19.33,34.76
2011-02-26,Krishnagiri,12.5266,78.2138,Semi-arid,24.19,31.6,18.72,70.6,1.75,0.77,18.21,34.86
2011-02-27,Krishnagiri,12.5266,78.2138,Semi-arid,23.9,31.75,18.33,63.92,2.77,0.0,23.48,34.97
2011-02-28,Krishnagiri,12.5266,78.2138,Semi-arid,23.26,32.42,15.78,62.19,3.04,0.0,24.03,35.07
2011-03-01,Krishnagiri,12.5266,78.2138,Semi-arid,23.1,31.93,16.12,65.39,2.98,0.0,23.59,35.16
2011-03-02,Krishnagiri,12.5266,78.2138,Semi-arid,23.12,32.75,15.62,58.69,2.73,0.0,25.13,35.26
2011-03-03,Krishnagiri,12.5266,78.2138,Semi-arid,22.71,33.21,14.51,50.47,2.5,0.0,26.02,35.35
2011-03-04,Krishnagiri,12.5266,78.2138,Semi-arid,23.7,34.58,14.85,49.21,1.9,0.0,26.53,35.45
2011-03-05,Krishnagiri,12.5266,78.2138,Semi-arid,24.42,35.04,16.38,53.47,1.9,0.0,26.12,35.54
2011-03-06,Krishnagiri,12.5266,78.2138,Semi-arid,24.18,35.46,14.48,45.55,2.58,0.0,26.62,35.64
2011-03-07,Krishnagiri,12.5266,78.2138,Semi-arid,25.07,35.66,16.24,37.73,2.84,0.0,25.94,35.73
2011-03-08,Krishnagiri,12.5266,78.2138,Semi-arid,26.5,36.49,18.63,37.88,2.36,0.0,23.76,35.82
2011-03-09,Krishnagiri,12.5266,78.2138,Semi-arid,26.73,36.35,17.93,36.93,1.8,0.0,24.58,35.9
2011-03-10,Krishnagiri,12.5266,78.2138,Semi-arid,26.21,36.32,18.36,37.46,2.19,0.0,25.86,35.99
2011-03-11,Krishnagiri,12.5266,78.2138,Semi-arid,25.64,35.56,16.87,40.62,2.21,0.0,26.17,36.08
2011-03-12,Krishnagiri,12.5266,78.2138,Semi-arid,25.37,35.21,16.2,55.59,2.83,0.0,26.03,36.17
2011-03-13,Krishnagiri,12.5266,78.2138,Semi-arid,26.48,35.37,19.12,55.26,3.03,0.0,26.21,36.26
2011-03-14,Krishnagiri,12.5266,78.2138,Semi-arid,26.41,35.46,18.97,55.55,3.15,0.0,25.84,36.34
2011-03-15,Krishnagiri,12.5266,78.2138,Semi-arid,26.2,35.36,18.35,54.68,3.07,0.0,26.36,36.42
2011-03-16,Krishnagiri,12.5266,78.2138,Semi-arid,26.2,35.11,18.08,53.83,3.53,0.0,24.94,36.5
2011-03-17,Krishnagiri,12.5266,78.2138,Semi-arid,24.66,34.05,16.04,50.23,3.21,0.0,25.97,36.57
2011-03-18,Krishnagiri,12.5266,78.2138,Semi-arid,24.06,34.29,15.73,53.04,2.68,0.0,26.8,36.64
2011-03-19,Krishnagiri,12.5266,78.2138,Semi-arid,25.29,35.97,16.28,49.24,1.96,0.0,27.12,36.71
2011-03-20,Krishnagiri,12.5266,78.2138,Semi-arid,27.43,37.28,19.44,52.32,1.68,0.0,26.35,36.78
2011-03-21,Krishnagiri,12.5266,78.2138,Semi-arid,28.46,37.66,20.69,53.96,1.81,0.0,24.97,36.85
2011-03-22,Krishnagiri,12.5266,78.2138,Semi-arid,28.96,38.06,21.66,50.54,2.14,0.0,24.8,36.91
2011-03-23,Krishnagiri,12.5266,78.2138,Semi-arid,28.07,37.5,20.01,46.89,2.29,0.0,25.27,36.98
2011-03-24,Krishnagiri,12.5266,78.2138,Semi-arid,27.78,37.44,19.3,46.17,1.92,0.0,25.84,37.04
2011-03-25,Krishnagiri,12.5266,78.2138,Semi-arid,28.38,37.63,21.28,50.49,2.68,0.19,22.1,37.1
2011-03-26,Krishnagiri,12.5266,78.2138,Semi-arid,28.59,37.3,21.62,49.76,2.49,0.0,20.5,37.16
2011-03-27,Krishnagiri,12.5266,78.2138,Semi-arid,28.96,36.9,21.84,49.96,2.13,0.0,23.28,37.22
2011-03-28,Krishnagiri,12.5266,78.2138,Semi-arid,29.37,38.05,21.45,43.98,2.08,0.0,22.76,37.28
2011-03-29,Krishnagiri,12.5266,78.2138,Semi-arid,29.0,37.99,21.05,43.34,1.98,0.0,24.35,37.33
2011-03-30,Krishnagiri,12.5266,78.2138,Semi-arid,28.96,38.2,20.2,39.59,2.09,0.0,25.27,37.38
2011-03-31,Krishnagiri,12.5266,78.2138,Semi-arid,29.2,38.09,20.38,38.46,1.88,0.0,24.33,37.44
2011-04-01,Krishnagiri,12.5266,78.2138,Semi-arid,30.23,38.18,21.57,38.08,1.63,0.0,23.72,37.49
2011-04-02,Krishnagiri,12.5266,78.2138,Semi-arid,30.72,38.55,22.64,39.37,2.5,0.0,23.6,37.53
2011-04-03,Krishnagiri,12.5266,78.2138,Semi-arid,30.28,36.48,23.64,42.15,1.63,0.0,21.84,37.58
2011-04-04,Krishnagiri,12.5266,78.2138,Semi-arid,30.95,38.34,23.49,38.49,2.12,0.0,22.03,37.62
2011-04-05,Krishnagiri,12.5266,78.2138,Semi-arid,29.93,35.9,23.63,39.82,2.14,0.0,22.32,37.65
2011-04-06,Krishnagiri,12.5266,78.2138,Semi-arid,29.56,37.26,23.29,40.64,3.39,0.0,23.81,37.69
2011-04-07,Krishnagiri,12.5266,78.2138,Semi-arid,27.96,36.63,20.56,46.56,2.82,0.0,26.36,37.73
2011-04-08,Krishnagiri,12.5266,78.2138,Semi-arid,28.26,37.1,19.69,48.44,2.54,0.0,26.57,37.76
2011-04-09,Krishnagiri,12.5266,78.2138,Semi-arid,28.95,38.01,21.4,50.32,2.64,0.0,26.28,37.79
2011-04-10,Krishnagiri,12.5266,78.2138,Semi-arid,28.83,37.4,22.18,52.34,3.23,0.0,25.69,37.82
2011-04-11,Krishnagiri,12.5266,78.2138,Semi-arid,29.24,37.72,22.41,48.96,2.75,0.0,24.89,37.85
2011-04-12,Krishnagiri,12.5266,78.2138,Semi-arid,29.14,37.84,20.99,48.07,2.33,0.0,26.61,37.87
2011-04-13,Krishnagiri,12.5266,78.2138,Semi-arid,29.71,38.16,22.94,49.42,2.61,0.0,25.47,37.9
2011-04-14,Krishnagiri,12.5266,78.2138,Semi-arid,29.56,37.13,22.99,49.74,2.25,0.0,22.38,37.92
2011-04-15,Krishnagiri,12.5266,78.2138,Semi-arid,29.51,35.52,23.94,49.72,2.15,3.21,20.28,37.93
2011-04-16,Krishnagiri,12.5266,78.2138,Semi-arid,28.45,35.72,22.91,52.68,2.8,0.0,25.12,37.95
2011-04-17,Krishnagiri,12.5266,78.2138,Semi-arid,28.53,36.37,21.01,50.46,2.52,0.0,25.61,37.97
2011-04-18,Krishnagiri,12.5266,78.2138,Semi-arid,29.43,37.92,21.44,44.83,2.21,0.09,23.89,37.99
2011-04-19,Krishnagiri,12.5266,78.2138,Semi-arid,28.98,35.71,23.48,50.12,1.45,2.03,22.79,38.0
2011-04-20,Krishnagiri,12.5266,78.2138,Semi-arid,27.77,32.71,23.17,53.59,2.04,2.11,21.81,38.02
2011-04-21,Krishnagiri,12.5266,78.2138,Semi-arid,26.3,32.99,21.08,60.83,1.82,13.44,20.69,38.03
2011-04-22,Krishnagiri,12.5266,78.2138,Semi-arid,24.46,29.11,21.79,79.16,2.23,28.19,18.27,38.04
2011-04-23,Krishnagiri,12.5266,78.2138,Semi-arid,23.38,27.05,21.26,84.49,1.44,30.78,16.2,38.05
2011-04-24,Krishnagiri,12.5266,78.2138,Semi-arid,25.39,31.55,20.91,74.47,1.7,2.92,22.49,38.06
2011-04-25,Krishnagiri,12.5266,78.2138,Semi-arid,25.33,30.83,21.63,77.76,2.3,6.13,22.81,38.07
2011-04-26,Krishnagiri,12.5266,78.2138,Semi-arid,26.69,33.93,21.41,70.3,1.68,4.5,25.55,38.07
2011-04-27,Krishnagiri,12.5266,78.2138,Semi-arid,27.07,34.56,21.72,67.92,1.94,0.11,26.92,38.08
2011-04-28,Krishnagiri,12.5266,78.2138,Semi-arid,27.74,35.09,21.28,67.3,1.01,1.76,24.14,38.09
2011-04-29,Krishnagiri,12.5266,78.2138,Semi-arid,27.84,34.37,22.27,67.31,1.92,0.38,24.07,38.09
2011-04-30,Krishnagiri,12.5266,78.2138,Semi-arid,27.46,32.63,22.5,68.7,1.27,0.04,20.47,38.09
2011-05-01,Krishnagiri,12.5266,78.2138,Semi-arid,27.38,32.8,22.42,65.28,0.9,0.12,22.22,38.09
2011-05-02,Krishnagiri,12.5266,78.2138,Semi-arid,28.26,34.72,22.11,63.39,1.1,1.09,23.58,38.08
2011-05-03,Krishnagiri,12.5266,78.2138,Semi-arid,28.22,34.87,22.27,66.75,1.97,3.32,22.96,38.08
2011-05-04,Krishnagiri,12.5266,78.2138,Semi-arid,28.43,35.27,23.52,65.24,2.18,0.4,22.89,38.07
2011-05-05,Krishnagiri,12.5266,78.2138,Semi-arid,27.82,34.95,23.67,64.37,2.67,1.78,24.01,38.07
2011-05-06,Krishnagiri,12.5266,78.2138,Semi-arid,29.49,37.81,22.04,58.96,2.11,0.63,26.03,38.06
2011-05-07,Krishnagiri,12.5266,78.2138,Semi-arid,28.63,35.6,22.03,56.94,3.37,0.0,27.15,38.05
2011-05-08,Krishnagiri,12.5266,78.2138,Semi-arid,28.52,35.75,21.09,58.68,2.35,0.0,27.53,38.05
2011-05-09,Krishnagiri,12.5266,78.2138,Semi-arid,28.55,36.48,21.22,58.0,2.44,0.0,27.36,38.04
2011-05-10,Krishnagiri,12.5266,78.2138,Semi-arid,28.78,36.08,21.46,59.99,2.15,0.0,25.82,38.03
2011-05-11,Krishnagiri,12.5266,78.2138,Semi-arid,29.24,35.68,23.61,58.65,1.77,0.03,24.95,38.02
2011-05-12,Krishnagiri,12.5266,78.2138,Semi-arid,29.16,35.19,22.81,58.7,2.32,0.01,24.85,38.01
2011-05-13,Krishnagiri,12.5266,78.2138,Semi-arid,29.62,36.67,22.46,58.43,1.45,2.57,23.59,38.0
2011-05-14,Krishnagiri,12.5266,78.2138,Semi-arid,28.98,34.99,23.23,61.29,1.65,1.02,22.76,37.98
2011-05-15,Krishnagiri,12.5266,78.2138,Semi-arid,29.77,37.15,23.19,55.08,1.49,0.0,24.28,37.97
2011-05-16,Krishnagiri,12.5266,78.2138,Semi-arid,29.74,37.37,22.9,55.45,1.66,0.0,24.71,37.96
2011-05-17,Krishnagiri,12.5266,78.2138,Semi-arid,29.07,36.12,22.46,59.42,1.66,0.36,24.26,37.95
2011-05-18,Krishnagiri,12.5266,78.2138,Semi-arid,27.85,32.72,23.5,67.37,1.23,6.42,21.48,37.93
2011-05-19,Krishnagiri,12.5266,78.2138,Semi-arid,28.78,34.55,22.23,62.16,1.13,2.29,21.87,37.92
2011-05-20,Krishnagiri,12.5266,78.2138,Semi-arid,27.73,33.8,23.0,68.75,1.52,3.23,20.12,37.91
2011-05-21,Krishnagiri,12.5266,78.2138,Semi-arid,25.09,27.53,23.39,76.86,2.25,0.15,16.29,37.89
2011-05-22,Krishnagiri,12.5266,78.2138,Semi-arid,27.59,33.13,22.01,63.04,2.32,0.0,19.81,37.88
2011-05-23,Krishnagiri,12.5266,78.2138,Semi-arid,29.03,35.28,22.33,60.62,1.85,0.11,24.55,37.86
2011-05-24,Krishnagiri,12.5266,78.2138,Semi-arid,29.23,35.04,23.23,61.44,1.4,1.67,22.26,37.85
2011-05-25,Krishnagiri,12.5266,78.2138,Semi-arid,27.07,30.79,24.11,69.54,2.31,1.27,19.81,37.83
2011-05-26,Krishnagiri,12.5266,78.2138,Semi-arid,28.48,35.18,22.29,61.98,1.57,0.5,22.37,37.82
2011-05-27,Krishnagiri,12.5266,78.2138,Semi-arid,27.77,32.66,23.25,63.1,2.11,0.15,22.25,37.8
2011-05-28,Krishnagiri,12.5266,78.2138,Semi-arid,26.57,30.28,22.98,67.59,2.7,0.05,19.27,37.78
2011-05-29,Krishnagiri,12.5266,78.2138,Semi-arid,27.44,32.92,22.72,64.72,2.33,0.0,21.69,37.77
2011-05-30,Krishnagiri,12.5266,78.2138,Semi-arid,27.43,32.84,23.41,70.98,2.64,5.26,22.74,37.75
2011-05-31,Krishnagiri,12.5266,78.2138,Semi-arid,28.62,36.07,22.57,64.96,2.32,1.55,22.92,37.74
2011-06-01,Krishnagiri,12.5266,78.2138,Semi-arid,26.46,31.68,22.58,70.5,2.94,1.77,20.43,37.73
2011-06-02,Krishnagiri,12.5266,78.2138,Semi-arid,25.82,30.88,22.39,74.8,2.57,0.16,17.06,37.71
2011-06-03,Krishnagiri,12.5266,78.2138,Semi-arid,25.52,29.53,21.95,74.31,2.88,0.14,17.8,37.7
2011-06-04,Krishnagiri,12.5266,78.2138,Semi-arid,26.61,33.61,21.96,69.14,3.6,1.04,20.44,37.69
2011-06-05,Krishnagiri,12.5266,78.2138,Semi-arid,26.76,33.4,21.3,67.32,4.11,0.0,20.9,37.67
2011-06-06,Krishnagiri,12.5266,78.2138,Semi-arid,27.07,34.69,22.05,64.11,4.35,2.93,18.94,37.66
2011-06-07,Krishnagiri,12.5266,78.2138,Semi-arid,26.5,34.3,20.71,60.94,4.04,0.54,22.1,37.65
2011-06-08,Krishnagiri,12.5266,78.2138,Semi-arid,26.2,33.01,20.88,61.76,3.88,0.9,22.98,37.64
2011-06-09,Krishnagiri,12.5266,78.2138,Semi-arid,27.15,34.54,20.29,62.47,3.82,0.02,20.96,37.63
2011-06-10,Krishnagiri,12.5266,78.2138,Semi-arid,26.97,33.14,22.02,65.12,4.53,0.0,22.56,37.62
2011-06-11,Krishnagiri,12.5266,78.2138,Semi-arid,28.25,35.66,22.45,58.76,4.84,0.0,16.79,37.6
2011-06-12,Krishnagiri,12.5266,78.2138,Semi-arid,26.95,31.77,22.78,65.49,4.49,0.0,20.81,37.59
2011-06-13,Krishnagiri,12.5266,78.2138,Semi-arid,27.34,33.59,22.52,59.94,5.75,0.0,19.31,37.58
2011-06-14,Krishnagiri,12.5266,78.2138,Semi-arid,26.63,32.7,22.57,59.89,5.43,0.04,18.83,37.57
2011-06-15,Krishnagiri,12.5266,78.2138,Semi-arid,25.35,30.77,21.79,59.96,5.82,0.0,12.88,37.57
2011-06-16,Krishnagiri,12.5266,78.2138,Semi-arid,26.27,33.45,20.94,58.4,6.34,0.1,20.97,37.56
2011-06-17,Krishnagiri,12.5266,78.2138,Semi-arid,24.98,32.12,20.42,59.95,6.57,0.57,17.7,37.55
2011-06-18,Krishnagiri,12.5266,78.2138,Semi-arid,26.56,33.66,21.84,55.28,7.29,0.03,20.37,37.54
2011-06-19,Krishnagiri,12.5266,78.2138,Semi-arid,27.8,35.51,21.76,60.62,5.99,0.0,18.86,37.54
2011-06-20,Krishnagiri,12.5266,78.2138,Semi-arid,27.75,34.76,21.58,58.75,5.36,0.0,22.02,37.53
2011-06-21,Krishnagiri,12.5266,78.2138,Semi-arid,28.22,36.14,21.18,56.23,5.68,0.0,23.41,37.52
2011-06-22,Krishnagiri,12.5266,78.2138,Semi-arid,28.18,35.81,21.73,57.91,5.86,0.6,21.97,37.52
2011-06-23,Krishnagiri,12.5266,78.2138,Semi-arid,28.48,36.32,21.5,58.82,5.2,0.3,17.58,37.52
2011-06-24,Krishnagiri,12.5266,78.2138,Semi-arid,28.25,34.79,22.59,61.2,4.66,0.45,20.39,37.52
2011-06-25,Krishnagiri,12.5266,78.2138,Semi-arid,27.3,33.7,22.83,65.57,5.31,4.34,20.27,37.51
2011-06-26,Krishnagiri,12.5266,78.2138,Semi-arid,26.06,30.74,22.55,69.37,5.42,1.03,16.98,37.51
2011-06-27,Krishnagiri,12.5266,78.2138,Semi-arid,26.07,32.51,21.25,63.91,6.05,0.01,18.54,37.51
2011-06-28,Krishnagiri,12.5266,78.2138,Semi-arid,25.93,31.92,21.09,59.29,5.93,0.0,15.82,37.51
2011-06-29,Krishnagiri,12.5266,78.2138,Semi-arid,26.35,32.19,21.74,61.41,4.57,0.0,23.02,37.5
2011-06-30,Krishnagiri,12.5266,78.2138,Semi-arid,27.37,33.64,21.22,60.19,3.23,3.12,21.77,37.5
2011-07-01,Krishnagiri,12.5266,78.2138,Semi-arid,25.82,31.19,22.46,72.41,3.37,22.56,20.96,37.5
2011-07-02,Krishnagiri,12.5266,78.2138,Semi-arid,25.39,31.88,20.51,71.34,3.95,5.12,19.67,37.5
2011-07-03,Krishnagiri,12.5266,78.2138,Semi-arid,25.05,31.26,20.52,67.94,4.09,2.97,19.8,37.5
2011-07-04,Krishnagiri,12.5266,78.2138,Semi-arid,25.15,33.05,19.85,66.85,4.88,7.92,19.75,37.5
2011-07-05,Krishnagiri,12.5266,78.2138,Semi-arid,23.93,28.77,20.02,65.23,4.55,3.86,15.06,37.51
2011-07-06,Krishnagiri,12.5266,78.2138,Semi-arid,24.52,32.22,19.46,66.41,4.32,2.43,18.1,37.51
2011-07-07,Krishnagiri,12.5266,78.2138,Semi-arid,24.85,30.82,19.44,68.22,3.41,0.0,16.96,37.51
2011-07-08,Krishnagiri,12.5266,78.2138,Semi-arid,23.84,27.91,20.01,74.02,2.7,0.0,22.16,37.52
2011-07-09,Krishnagiri,12.5266,78.2138,Semi-arid,25.5,31.59,20.99,70.75,3.2,3.58,22.65,37.52
2011-07-10,Krishnagiri,12.5266,78.2138,Semi-arid,26.48,34.46,19.66,61.37,3.45,0.66,24.62,37.52
2011-07-11,Krishnagiri,12.5266,78.2138,Semi-arid,26.19,32.03,22.12,68.51,3.88,0.26,20.51,37.53
2011-07-12,Krishnagiri,12.5266,78.2138,Semi-arid,25.75,32.13,21.66,68.5,5.45,0.02,16.37,37.54
2011-07-13,Krishnagiri,12.5266,78.2138,Semi-arid,24.47,29.98,20.19,65.33,6.15,0.0,12.56,37.55
2011-07-14,Krishnagiri,12.5266,78.2138,Semi-arid,24.76,32.2,19.74,61.65,6.72,0.49,15.89,37.55
2011-07-15,Krishnagiri,12.5266,78.2138,Semi-arid,25.69,33.0,20.36,62.66,6.79,0.08,18.0,37.56
2011-07-16,Krishnagiri,12.5266,78.2138,Semi-arid,25.01,31.19,20.93,69.68,5.54,3.47,15.85,37.56
2011-07-17,Krishnagiri,12.5266,78.2138,Semi-arid,25.24,31.93,20.98,71.6,5.15,0.32,18.35,37.57
2011-07-18,Krishnagiri,12.5266,78.2138,Semi-arid,24.25,29.22,20.84,72.46,5.36,0.04,17.92,37.57
2011-07-19,Krishnagiri,12.5266,78.2138,Semi-arid,25.09,30.33,20.46,71.08,4.87,0.02,18.93,37.58
2011-07-20,Krishnagiri,12.5266,78.2138,Semi-arid,25.09,30.83,21.15,70.58,5.71,0.58,16.2,37.58
2011-07-21,Krishnagiri,12.5266,78.2138,Semi-arid,25.9,33.18,20.72,64.96,5.54,0.05,14.29,37.59
2011-07-22,Krishnagiri,12.5266,78.2138,Semi-arid,26.1,33.22,20.77,65.92,4.87,0.0,17.34,37.6
2011-07-23,Krishnagiri,12.5266,78.2138,Semi-arid,25.76,33.2,20.57,66.46,5.07,0.0,13.45,37.6
2011-07-24,Krishnagiri,12.5266,78.2138,Semi-arid,26.01,32.64,21.09,69.12,4.94,7.58,17.73,37.61
2011-07-25,Krishnagiri,12.5266,78.2138,Semi-arid,25.2,30.79,20.53,73.16,3.3,5.43,19.4,37.61
2011-07-26,Krishnagiri,12.5266,78.2138,Semi-arid,25.39,31.52,21.51,73.9,2.25,15.89,21.51,37.61
2011-07-27,Krishnagiri,12.5266,78.2138,Semi-arid,24.97,32.51,19.96,72.79,4.32,4.67,21.7,37.62
2011-07-28,Krishnagiri,12.5266,78.2138,Semi-arid,23.84,28.4,20.67,78.26,3.71,5.24,19.14,37.62
2011-07-29,Krishnagiri,12.5266,78.2138,Semi-arid,24.07,28.95,19.95,72.77,4.12,0.37,17.14,37.61
2011-07-30,Krishnagiri,12.5266,78.2138,Semi-arid,23.91,28.82,19.84,77.4,3.79,0.54,16.01,37.61
2011-07-31,Krishnagiri,12.5266,78.2138,Semi-arid,25.93,33.76,20.35,67.9,4.58,0.53,12.91,37.61
2011-08-01,Krishnagiri,12.5266,78.2138,Semi-arid,25.57,33.31,19.41,67.54,4.57,0.14,18.17,37.6
2011-08-02,Krishnagiri,12.5266,78.2138,Semi-arid,25.74,32.6,20.32,69.39,5.36,1.08,15.6,37.61
2011-08-03,Krishnagiri,12.5266,78.2138,Semi-arid,24.47,29.7,20.74,75.64,4.17,0.76,15.21,37.62
2011-08-04,Krishnagiri,12.5266,78.2138,Semi-arid,25.43,31.9,20.91,71.74,4.64,2.19,17.65,37.63
2011-08-05,Krishnagiri,12.5266,78.2138,Semi-arid,25.32,32.25,20.5,72.89,4.58,8.2,19.96,37.64
2011-08-06,Krishnagiri,12.5266,78.2138,Semi-arid,25.0,32.22,19.87,71.72,5.44,1.42,18.91,37.64
2011-08-07,Krishnagiri,12.5266,78.2138,Semi-arid,25.27,32.05,21.22,72.68,5.08,7.41,19.42,37.64
2011-08-08,Krishnagiri,12.5266,78.2138,Semi-arid,24.8,30.53,20.28,74.78,4.16,5.04,17.64,37.65
2011-08-09,Krishnagiri,12.5266,78.2138,Semi-arid,25.48,32.62,20.13,71.58,3.93,0.59,21.32,37.65
2011-08-10,Krishnagiri,12.5266,78.2138,Semi-arid,25.47,31.68,20.69,70.19,3.78,3.16,21.21,37.65
2011-08-11,Krishnagiri,12.5266,78.2138,Semi-arid,25.01,30.78,20.75,74.46,3.86,5.19,19.64,37.65
2011-08-12,Krishnagiri,12.5266,78.2138,Semi-arid,25.0,31.0,20.78,73.41,4.0,0.21,19.92,37.65
2011-08-13,Krishnagiri,12.5266,78.2138,Semi-arid,25.65,31.84,20.71,69.76,3.33,0.01,19.77,37.64
2011-08-14,Krishnagiri,12.5266,78.2138,Semi-arid,25.31,30.87,20.86,70.55,2.1,0.0,20.25,37.63
2011-08-15,Krishnagiri,12.5266,78.2138,Semi-arid,25.34,30.68,21.22,74.17,1.68,7.13,20.88,37.63
2011-08-16,Krishnagiri,12.5266,78.2138,Semi-arid,25.2,30.87,21.59,77.18,2.46,14.1,18.81,37.62
2011-08-17,Krishnagiri,12.5266,78.2138,Semi-arid,23.88,27.18,21.02,80.98,1.89,11.58,16.22,37.61
2011-08-18,Krishnagiri,12.5266,78.2138,Semi-arid,23.88,27.88,21.55,81.11,2.53,5.01,17.2,37.6
2011-08-19,Krishnagiri,12.5266,78.2138,Semi-arid,24.26,29.21,20.29,79.31,2.74,0.08,13.62,37.58
2011-08-20,Krishnagiri,12.5266,78.2138,Semi-arid,24.06,28.06,20.92,83.23,2.16,11.76,19.22,37.57
2011-08-21,Krishnagiri,12.5266,78.2138,Semi-arid,23.76,28.07,21.1,81.93,2.35,0.81,12.08,37.55
2011-08-22,Krishnagiri,12.5266,78.2138,Semi-arid,25.12,31.79,18.98,72.26,2.19,0.45,19.45,37.54
2011-08-23,Krishnagiri,12.5266,78.2138,Semi-arid,24.47,29.72,20.33,76.97,2.61,9.96,23.22,37.53
2011-08-24,Krishnagiri,12.5266,78.2138,Semi-arid,23.39,27.08,20.57,82.24,2.9,3.38,17.43,37.51
2011-08-25,Krishnagiri,12.5266,78.2138,Semi-arid,24.04,29.82,20.08,79.37,3.16,10.66,17.21,37.5
2011-08-26,Krishnagiri,12.5266,78.2138,Semi-arid,24.13,29.62,19.85,77.36,3.63,7.84,17.64,37.48
2011-08-27,Krishnagiri,12.5266,78.2138,Semi-arid,24.4,30.72,19.63,75.63,4.14,1.39,18.02,37.46
2011-08-28,Krishnagiri,12.5266,78.2138,Semi-arid,23.88,28.47,20.44,77.65,4.2,0.0,19.8,37.43
2011-08-29,Krishnagiri,12.5266,78.2138,Semi-arid,23.98,28.93,20.2,76.96,4.41,0.22,14.07,37.41
2011-08-30,Krishnagiri,12.5266,78.2138,Semi-arid,24.14,30.48,19.64,69.75,4.82,1.68,16.34,37.38
2011-08-31,Krishnagiri,12.5266,78.2138,Semi-arid,23.97,30.13,19.12,76.96,4.38,0.77,14.34,37.35
2011-09-01,Krishnagiri,12.5266,78.2138,Semi-arid,23.95,28.39,20.63,81.88,3.97,1.99,17.1,37.32
2011-09-02,Krishnagiri,12.5266,78.2138,Semi-arid,24.35,29.6,20.38,79.34,3.73,1.64,15.28,37.29
2011-09-03,Krishnagiri,12.5266,78.2138,Semi-arid,24.44,30.42,20.22,76.26,3.92,0.53,17.43,37.26
2011-09-04,Krishnagiri,12.5266,78.2138,Semi-arid,25.08,31.86,20.12,75.9,3.41,6.2,17.71,37.23
2011-09-05,Krishnagiri,12.5266,78.2138,Semi-arid,25.12,31.78,20.42,75.69,3.46,5.02,20.85,37.19
2011-09-06,Krishnagiri,12.5266,78.2138,Semi-arid,24.18,29.18,20.23,80.3,3.45,5.64,19.42,37.16
2011-09-07,Krishnagiri,12.5266,78.2138,Semi-arid,24.75,30.92,20.41,74.14,3.69,0.01,20.74,37.12
2011-09-08,Krishnagiri,12.5266,78.2138,Semi-arid,25.11,31.59,20.39,75.24,3.25,2.21,20.35,37.08
2011-09-09,Krishnagiri,12.5266,78.2138,Semi-arid,25.39,31.72,20.82,75.98,3.14,1.39,20.82,37.04
2011-09-10,Krishnagiri,12.5266,78.2138,Semi-arid,25.35,31.64,20.92,75.72,2.91,3.33,20.98,37.0
2011-09-11,Krishnagiri,12.5266,78.2138,Semi-arid,25.34,31.64,20.68,73.27,3.42,1.29,22.53,36.95
2011-09-12,Krishnagiri,12.5266,78.2138,Semi-arid,25.44,32.23,20.48,74.26,2.79,7.87,20.6,36.91
2011-09-13,Krishnagiri,12.5266,78.2138,Semi-arid,24.45,30.37,20.04,74.34,2.79,6.06,20.92,36.86
2011-09-14,Krishnagiri,12.5266,78.2138,Semi-arid,24.39,30.26,19.58,76.04,3.04,1.6,19.23,36.81
2011-09-15,Krishnagiri,12.5266,78.2138,Semi-arid,24.55,30.48,19.04,79.03,3.22,2.53,20.23,36.76
2011-09-16,Krishnagiri,12.5266,78.2138,Semi-arid,25.14,31.65,20.26,75.25,3.31,8.01,19.42,36.71
2011-09-17,Krishnagiri,12.5266,78.2138,Semi-arid,25.38,31.85,20.51,72.34,3.18,0.11,18.6,36.65
2011-09-18,Krishnagiri,12.5266,78.2138,Semi-arid,24.56,30.01,20.36,75.41,3.02,0.33,21.75,36.6
2011-09-19,Krishnagiri,12.5266,78.2138,Semi-arid,24.81,29.94,20.51,78.79,2.43,21.25,19.43,36.54
2011-09-20,Krishnagiri,12.5266,78.2138,Semi-arid,23.62,27.53,20.97,83.56,2.65,14.13,14.57,36.48
2011-09-21,Krishnagiri,12.5266,78.2138,Semi-arid,24.15,29.63,19.8,76.08,3.6,0.01,21.92,36.43
2011-09-22,Krishnagiri,12.5266,78.2138,Semi-arid,24.16,30.88,19.08,72.85,3.35,0.0,22.85,36.36
2011-09-23,Krishnagiri,12.5266,78.2138,Semi-arid,24.48,31.72,19.23,67.57,2.99,0.0,24.86,36.29
2011-09-24,Krishnagiri,12.5266,78.2138,Semi-arid,24.77,32.5,18.31,65.02,2.82,0.03,25.18,36.22
2011-09-25,Krishnagiri,12.5266,78.2138,Semi-arid,25.89,32.36,19.2,67.72,1.47,0.72,23.83,36.14
2011-09-26,Krishnagiri,12.5266,78.2138,Semi-arid,26.16,32.87,19.62,67.55,1.72,0.04,22.46,36.06
2011-09-27,Krishnagiri,12.5266,78.2138,Semi-arid,26.57,33.25,19.93,66.33,1.8,0.04,21.49,35.99
2011-09-28,Krishnagiri,12.5266,78.2138,Semi-arid,25.94,31.05,21.05,70.42,1.96,3.33,22.59,35.92
2011-09-29,Krishnagiri,12.5266,78.2138,Semi-arid,25.92,31.7,20.39,70.38,1.99,1.34,18.27,35.85
2011-09-30,Krishnagiri,12.5266,78.2138,Semi-arid,24.9,28.28,21.92,75.51,1.11,22.45,17.2,35.78
2011-10-01,Krishnagiri,12.5266,78.2138,Semi-arid,24.68,29.36,19.99,77.96,1.08,10.07,16.68,35.71
2011-10-02,Krishnagiri,12.5266,78.2138,Semi-arid,24.66,28.94,20.96,79.43,0.87,2.48,15.77,35.64
2011-10-03,Krishnagiri,12.5266,78.2138,Semi-arid,25.1,29.42,21.33,79.06,0.94,2.29,15.23,35.56
2011-10-04,Krishnagiri,12.5266,78.2138,Semi-arid,24.93,30.6,20.33,72.7,1.66,0.88,15.17,35.48
2011-10-05,Krishnagiri,12.5266,78.2138,Semi-arid,24.55,30.96,17.52,67.69,0.99,0.01,23.73,35.4
2011-10-06,Krishnagiri,12.5266,78.2138,Semi-arid,25.32,31.39,19.11,72.82,1.25,2.93,20.73,35.32
2011-10-07,Krishnagiri,12.5266,78.2138,Semi-arid,25.59,30.17,20.85,73.92,0.77,0.66,16.66,35.23
2011-10-08,Krishnagiri,12.5266,78.2138,Semi-arid,25.11,28.79,20.79,77.19,0.98,21.37,19.34,35.14
2011-10-09,Krishnagiri,12.5266,78.2138,Semi-arid,24.96,29.05,20.95,81.99,1.08,12.83,18.57,35.05
2011-10-10,Krishnagiri,12.5266,78.2138,Semi-arid,24.54,28.22,22.06,85.07,1.2,3.32,19.94,34.96
2011-10-11,Krishnagiri,12.5266,78.2138,Semi-arid,24.02,27.13,21.59,83.3,0.53,5.34,14.91,34.87
2011-10-12,Krishnagiri,12.5266,78.2138,Semi-arid,23.66,27.04,20.94,83.3,0.85,11.29,17.34,34.78
2011-10-13,Krishnagiri,12.5266,78.2138,Semi-arid,24.09,28.94,20.07,82.43,1.1,2.29,14.71,34.68
2011-10-14,Krishnagiri,12.5266,78.2138,Semi-arid,23.96,28.49,20.6,84.66,1.2,0.14,18.5,34.59
2011-10-15,Krishnagiri,12.5266,78.2138,Semi-arid,24.17,28.59,20.8,83.23,1.01,5.19,19.94,34.49
2011-10-16,Krishnagiri,12.5266,78.2138,Semi-arid,23.87,28.51,19.93,82.77,1.13,8.52,18.45,34.39
2011-10-17,Krishnagiri,12.5266,78.2138,Semi-arid,24.01,29.04,20.38,82.25,1.31,1.49,19.0,34.3
2011-10-18,Krishnagiri,12.5266,78.2138,Semi-arid,24.35,29.98,19.78,79.38,1.43,0.46,18.86,34.21
2011-10-19,Krishnagiri,12.5266,78.2138,Semi-arid,24.4,29.63,20.65,77.89,1.1,0.17,21.72,34.12
2011-10-20,Krishnagiri,12.5266,78.2138,Semi-arid,24.95,31.32,20.16,75.65,0.91,0.11,20.22,34.03
2011-10-21,Krishnagiri,12.5266,78.2138,Semi-arid,24.5,29.71,20.55,78.28,1.41,0.05,20.13,33.92
2011-10-22,Krishnagiri,12.5266,78.2138,Semi-arid,24.52,30.36,20.2,79.22,1.92,0.31,18.45,33.82
2011-10-23,Krishnagiri,12.5266,78.2138,Semi-arid,23.26,26.87,20.32,83.65,2.2,3.7,17.85,33.72
2011-10-24,Krishnagiri,12.5266,78.2138,Semi-arid,23.09,28.71,19.4,86.26,2.45,10.56,16.55,33.61
2011-10-25,Krishnagiri,12.5266,78.2138,Semi-arid,21.86,25.03,19.98,88.43,2.62,9.88,9.52,33.51
2011-10-26,Krishnagiri,12.5266,78.2138,Semi-arid,21.97,26.1,19.76,88.29,3.46,11.04,10.86,33.41
2011-10-27,Krishnagiri,12.5266,78.2138,Semi-arid,22.22,26.71,19.46,87.61,2.59,3.95,14.25,33.3
2011-10-28,Krishnagiri,12.5266,78.2138,Semi-arid,21.82,26.62,17.8,87.24,2.73,3.23,18.16,33.2
2011-10-29,Krishnagiri,12.5266,78.2138,Semi-arid,21.4,25.18,19.34,88.63,2.32,17.73,14.61,33.1
2011-10-30,Krishnagiri,12.5266,78.2138,Semi-arid,21.72,26.17,18.23,87.85,2.59,4.97,15.38,33.0
2011-10-31,Krishnagiri,12.5266,78.2138,Semi-arid,22.12,26.3,19.42,88.94,2.73,4.33,13.38,32.9
2011-11-01,Krishnagiri,12.5266,78.2138,Semi-arid,22.43,27.24,18.81,89.57,2.88,13.83,9.83,32.81
2011-11-02,Krishnagiri,12.5266,78.2138,Semi-arid,22.3,25.82,20.11,89.79,1.81,4.88,12.0,32.71
2011-11-03,Krishnagiri,12.5266,78.2138,Semi-arid,22.17,26.04,19.42,90.73,1.74,11.13,13.2,32.6
2011-11-04,Krishnagiri,12.5266,78.2138,Semi-arid,22.86,26.54,20.41,89.88,2.62,7.44,13.08,32.49
2011-11-05,Krishnagiri,12.5266,78.2138,Semi-arid,22.95,26.65,20.08,90.91,2.24,11.53,11.79,32.38
2011-11-06,Krishnagiri,12.5266,78.2138,Semi-arid,23.4,28.11,20.35,87.68,2.3,3.97,16.06,32.28
2011-11-07,Krishnagiri,12.5266,78.2138,Semi-arid,21.16,27.07,15.84,77.52,1.69,0.06,21.06,32.18
2011-11-08,Krishnagiri,12.5266,78.2138,Semi-arid,19.61,26.9,13.87,75.72,1.83,0.0,22.52,32.09
2011-11-09,Krishnagiri,12.5266,78.2138,Semi-arid,20.1,26.78,15.15,76.15,1.66,0.0,21.96,31.99
2011-11-10,Krishnagiri,12.5266,78.2138,Semi-arid,19.98,26.41,14.96,78.62,1.73,0.0,20.68,31.9
2011-11-11,Krishnagiri,12.5266,78.2138,Semi-arid,20.36,26.93,14.25,82.0,1.64,0.0,20.39,31.81
2011-11-12,Krishnagiri,12.5266,78.2138,Semi-arid,20.54,27.6,15.69,74.54,1.35,0.0,20.71,31.73
2011-11-13,Krishnagiri,12.5266,78.2138,Semi-arid,20.41,27.53,14.82,80.13,1.58,0.0,22.12,31.64
2011-11-14,Krishnagiri,12.5266,78.2138,Semi-arid,21.19,28.0,15.77,79.92,1.95,0.0,21.48,31.54
2011-11-15,Krishnagiri,12.5266,78.2138,Semi-arid,20.95,27.95,15.51,79.24,2.29,0.0,22.56,31.45
2011-11-16,Krishnagiri,12.5266,78.2138,Semi-arid,21.28,29.11,14.92,74.89,2.5,0.03,21.49,31.36
2011-11-17,Krishnagiri,12.5266,78.2138,Semi-arid,21.96,28.39,16.82,85.36,3.1,2.81,11.26,31.27
2011-11-18,Krishnagiri,12.5266,78.2138,Semi-arid,22.2,27.63,18.6,83.83,2.86,1.34,9.41,31.18
2011-11-19,Krishnagiri,12.5266,78.2138,Semi-arid,20.69,28.2,15.5,72.7,2.61,0.0,21.79,31.1
2011-11-20,Krishnagiri,12.5266,78.2138,Semi-arid,20.07,27.57,14.63,76.63,2.82,0.0,20.38,31.01
2011-11-21,Krishnagiri,12.5266,78.2138,Semi-arid,20.54,27.81,15.05,78.84,2.79,0.0,19.45,30.92
2011-11-22,Krishnagiri,12.5266,78.2138,Semi-arid,20.51,28.02,15.23,75.83,2.62,0.0,19.62,30.84
2011-11-23,Krishnagiri,12.5266,78.2138,Semi-arid,21.04,28.15,14.86,81.03,2.98,0.18,15.44,30.76
2011-11-24,Krishnagiri,12.5266,78.2138,Semi-arid,22.11,28.71,17.51,83.67,3.67,4.38,11.91,30.68
2011-11-25,Krishnagiri,12.5266,78.2138,Semi-arid,22.54,26.23,19.95,88.0,4.32,16.32,5.26,30.6
2011-11-26,Krishnagiri,12.5266,78.2138,Semi-arid,22.11,24.58,20.84,91.26,4.51,13.13,9.12,30.53
2011-11-27,Krishnagiri,12.5266,78.2138,Semi-arid,22.57,25.14,21.38,92.06,3.53,3.7,9.49,30.46
2011-11-28,Krishnagiri,12.5266,78.2138,Semi-arid,22.37,26.19,19.98,90.56,2.99,2.04,10.73,30.4
2011-11-29,Krishnagiri,12.5266,78.2138,Semi-arid,22.79,27.82,19.02,85.99,2.19,0.41,10.58,30.33
2011-11-30,Krishnagiri,12.5266,78.2138,Semi-arid,22.6,27.57,19.33,83.34,2.3,0.13,12.6,30.27
2011-12-01,Krishnagiri,12.5266,78.2138,Semi-arid,22.3,27.81,18.44,82.99,1.48,0.01,14.82,30.21
2011-12-02,Krishnagiri,12.5266,78.2138,Semi-arid,21.59,26.42,17.73,81.69,0.88,0.0,16.21,30.15
2011-12-03,Krishnagiri,12.5266,78.2138,Semi-arid,22.21,29.72,16.7,78.33,1.05,0.0,16.42,30.09
2011-12-04,Krishnagiri,12.5266,78.2138,Semi-arid,21.83,28.78,17.25,78.41,1.16,0.0,16.08,30.04
2011-12-05,Krishnagiri,12.5266,78.2138,Semi-arid,21.62,28.97,16.41,77.11,1.68,0.0,17.9,29.99
2011-12-06,Krishnagiri,12.5266,78.2138,Semi-arid,21.24,28.72,15.17,75.35,2.04,0.0,17.47,29.95
2011-12-07,Krishnagiri,12.5266,78.2138,Semi-arid,20.68,27.73,15.98,77.82,2.53,0.0,18.08,29.9
2011-12-08,Krishnagiri,12.5266,78.2138,Semi-arid,20.67,26.99,15.32,81.11,2.38,0.15,14.91,29.87
2011-12-09,Krishnagiri,12.5266,78.2138,Semi-arid,22.67,28.63,18.4,84.58,2.83,3.7,14.02,29.83
2011-12-10,Krishnagiri,12.5266,78.2138,Semi-arid,23.1,29.16,19.27,81.26,2.32,0.78,16.11,29.79
2011-12-11,Krishnagiri,12.5266,78.2138,Semi-arid,22.76,29.23,18.37,78.94,2.23,0.01,17.78,29.76
2011-12-12,Krishnagiri,12.5266,78.2138,Semi-arid,22.4,29.81,16.73,75.66,2.53,0.0,18.01,29.73
2011-12-13,Krishnagiri,12.5266,78.2138,Semi-arid,21.86,29.19,17.04,74.12,2.78,0.0,15.5,29.7
2011-12-14,Krishnagiri,12.5266,78.2138,Semi-arid,21.97,29.55,16.39,73.27,2.72,0.03,18.33,29.67
2011-12-15,Krishnagiri,12.5266,78.2138,Semi-arid,21.2,27.31,16.54,82.54,3.26,1.25,6.82,29.65
2011-12-16,Krishnagiri,12.5266,78.2138,Semi-arid,20.66,27.88,15.6,75.92,2.88,0.01,15.85,29.64
2011-12-17,Krishnagiri,12.5266,78.2138,Semi-arid,19.24,27.61,12.52,73.68,2.51,0.0,19.14,29.62
2011-12-18,Krishnagiri,12.5266,78.2138,Semi-arid,19.5,27.56,13.75,73.47,3.0,0.0,15.88,29.61
2011-12-19,Krishnagiri,12.5266,78.2138,Semi-arid,19.62,26.46,14.52,73.89,2.24,0.0,15.2,29.6
2011-12-20,Krishnagiri,12.5266,78.2138,Semi-arid,19.67,27.18,14.45,73.26,2.89,0.0,8.91,29.6
2011-12-21,Krishnagiri,12.5266,78.2138,Semi-arid,19.93,27.66,15.7,74.13,2.81,0.0,16.61,29.59
2011-12-22,Krishnagiri,12.5266,78.2138,Semi-arid,19.48,27.57,13.81,72.07,2.58,0.0,17.2,29.59
2011-12-23,Krishnagiri,12.5266,78.2138,Semi-arid,19.77,27.17,13.28,74.4,2.29,0.0,10.73,29.59
2011-12-24,Krishnagiri,12.5266,78.2138,Semi-arid,19.88,28.91,13.46,66.77,2.64,0.0,20.35,29.6
2011-12-25,Krishnagiri,12.5266,78.2138,Semi-arid,19.58,29.78,12.53,65.15,2.56,0.0,20.32,29.62
2011-12-26,Krishnagiri,12.5266,78.2138,Semi-arid,19.31,29.65,11.26,60.17,2.09,0.0,18.99,29.63
2011-12-27,Krishnagiri,12.5266,78.2138,Semi-arid,20.25,31.11,11.83,52.58,1.72,0.0,16.53,29.65
2011-12-28,Krishnagiri,12.5266,78.2138,Semi-arid,21.12,31.65,13.28,46.9,1.73,0.0,17.6,29.67
2011-12-29,Krishnagiri,12.5266,78.2138,Semi-arid,22.27,30.27,15.35,67.91,3.53,5.01,14.31,29.7
2011-12-30,Krishnagiri,12.5266,78.2138,Semi-arid,20.59,24.91,18.31,86.78,5.98,24.47,3.04,29.73
2011-12-31,Krishnagiri,12.5266,78.2138,Semi-arid,21.49,27.61,18.04,81.11,3.47,2.7,10.99,29.77
2012-01-01,Krishnagiri,12.5266,78.2138,Semi-arid,22.64,29.17,17.87,80.64,2.06,0.09,16.32,29.8
2012-01-02,Krishnagiri,12.5266,78.2138,Semi-arid,23.36,30.15,18.65,78.89,1.72,0.01,19.03,29.84
2012-01-03,Krishnagiri,12.5266,78.2138,Semi-arid,23.82,31.18,18.93,77.54,1.59,0.0,19.07,29.88
2012-01-04,Krishnagiri,12.5266,78.2138,Semi-arid,24.17,31.49,18.8,75.02,1.88,0.0,19.21,29.92
2012-01-05,Krishnagiri,12.5266,78.2138,Semi-arid,23.6,31.16,18.54,73.73,1.93,0.0,19.03,29.97
2012-01-06,Krishnagiri,12.5266,78.2138,Semi-arid,21.9,29.87,16.8,71.37,1.64,0.0,19.76,30.02
2012-01-07,Krishnagiri,12.5266,78.2138,Semi-arid,21.63,30.57,15.74,69.25,1.86,0.0,21.31,30.07
2012-01-08,Krishnagiri,12.5266,78.2138,Semi-arid,21.38,30.91,12.65,66.1,1.85,0.0,20.94,30.13
2012-01-09,Krishnagiri,12.5266,78.2138,Semi-arid,22.61,31.44,16.9,70.59,1.46,0.0,19.44,30.18
2012-01-10,Krishnagiri,12.5266,78.2138,Semi-arid,22.78,30.64,17.53,72.87,1.75,0.0,17.85,30.25
2012-01-11,Krishnagiri,12.5266,78.2138,Semi-arid,22.35,29.0,17.95,76.64,1.63,1.59,16.22,30.32
2012-01-12,Krishnagiri,12.5266,78.2138,Semi-arid,22.23,28.73,17.52,74.99,2.09,0.14,16.06,30.38
2012-01-13,Krishnagiri,12.5266,78.2138,Semi-arid,21.92,28.57,17.69,73.21,2.84,0.0,17.12,30.45
2012-01-14,Krishnagiri,12.5266,78.2138,Semi-arid,20.78,29.17,14.52,66.01,2.47,0.0,18.08,30.52
2012-01-15,Krishnagiri,12.5266,78.2138,Semi-arid,19.13,29.02,12.98,63.02,2.29,0.0,21.5,30.6
2012-01-16,Krishnagiri,12.5266,78.2138,Semi-arid,18.76,29.76,11.01,61.8,1.57,0.0,22.06,30.68
2012-01-17,Krishnagiri,12.5266,78.2138,Semi-arid,19.6,30.22,12.63,62.41,1.36,0.0,22.03,30.75
2012-01-18,Krishnagiri,12.5266,78.2138,Semi-arid,20.49,30.73,12.6,60.33,0.99,0.0,22.14,30.83
2012-01-19,Krishnagiri,12.5266,78.2138,Semi-arid,20.84,30.48,13.72,62.78,1.47,0.0,21.87,30.91
2012-01-20,Krishnagiri,12.5266,78.2138,Semi-arid,21.28,30.49,14.86,65.08,1.38,0.0,21.93,30.99
2012-01-21,Krishnagiri,12.5266,78.2138,Semi-arid,21.24,30.66,15.0,63.47,1.75,0.0,21.75,31.08
2012-01-22,Krishnagiri,12.5266,78.2138,Semi-arid,21.15,30.4,14.44,64.26,2.28,0.0,21.84,31.17
2012-01-23,Krishnagiri,12.5266,78.2138,Semi-arid,20.71,29.41,14.92,67.02,2.38,0.0,18.33,31.27
2012-01-24,Krishnagiri,12.5266,78.2138,Semi-arid,18.74,25.76,13.96,70.49,1.92,0.0,20.72,31.36
2012-01-25,Krishnagiri,12.5266,78.2138,Semi-arid,19.51,28.88,12.45,67.14,2.28,0.0,21.07,31.46
2012-01-26,Krishnagiri,12.5266,78.2138,Semi-arid,20.45,29.28,13.83,65.57,2.06,0.0,20.08,31.56
2012-01-27,Krishnagiri,12.5266,78.2138,Semi-arid,21.44,29.92,14.75,66.58,2.03,0.0,18.81,31.66
2012-01-28,Krishnagiri,12.5266,78.2138,Semi-arid,22.28,30.04,16.22,67.84,2.16,0.0,18.43,31.75
2012-01-29,Krishnagiri,12.5266,78.2138,Semi-arid,22.49,30.71,16.05,64.72,2.18,0.0,20.71,31.85
2012-01-30,Krishnagiri,12.5266,78.2138,Semi-arid,22.01,29.96,16.89,65.91,2.96,0.07,18.97,31.96
2012-01-31,Krishnagiri,12.5266,78.2138,Semi-arid,21.27,29.94,14.13,63.76,3.11,0.03,16.68,32.06
2012-02-01,Krishnagiri,12.5266,78.2138,Semi-arid,21.25,30.0,14.68,62.76,3.4,0.0,21.78,32.16
2012-02-02,Krishnagiri,12.5266,78.2138,Semi-arid,20.85,29.66,13.42,66.59,3.32,0.0,20.51,32.26
2012-02-03,Krishnagiri,12.5266,78.2138,Semi-arid,21.64,30.53,15.22,63.23,3.3,0.0,17.79,32.37
2012-02-04,Krishnagiri,12.5266,78.2138,Semi-arid,22.22,32.26,14.26,59.46,2.54,0.0,20.92,32.48
2012-02-05,Krishnagiri,12.5266,78.2138,Semi-arid,23.03,33.36,15.24,58.02,2.49,0.0,21.2,32.59
2012-02-06,Krishnagiri,12.5266,78.2138,Semi-arid,23.06,32.9,15.53,57.04,2.16,0.0,20.16,32.7
2012-02-07,Krishnagiri,12.5266,78.2138,Semi-arid,23.77,32.53,16.39,52.14,1.98,0.0,21.68,32.8
2012-02-08,Krishnagiri,12.5266,78.2138,Semi-arid,24.43,33.84,17.15,55.38,1.89,0.0,22.8,32.91
2012-02-09,Krishnagiri,12.5266,78.2138,Semi-arid,24.41,32.3,17.79,61.62,1.79,0.0,21.5,33.02
2012-02-10,Krishnagiri,12.5266,78.2138,Semi-arid,25.04,33.15,19.02,64.15,2.58,0.0,20.42,33.12
2012-02-11,Krishnagiri,12.5266,78.2138,Semi-arid,25.05,32.92,19.49,60.92,2.31,0.0,18.28,33.23
2012-02-12,Krishnagiri,12.5266,78.2138,Semi-arid,24.9,33.08,18.49,60.06,2.7,0.0,21.93,33.34
2012-02-13,Krishnagiri,12.5266,78.2138,Semi-arid,24.91,34.19,18.12,59.66,2.72,0.0,22.78,33.45
2012-02-14,Krishnagiri,12.5266,78.2138,Semi-arid,24.84,34.27,17.98,55.61,2.2,0.0,24.01,33.57
2012-02-15,Krishnagiri,12.5266,78.2138,Semi-arid,25.36,34.57,18.13,54.18,1.53,0.0,23.07,33.68
2012-02-16,Krishnagiri,12.5266,78.2138,Semi-arid,26.24,35.12,19.01,56.95,2.05,0.0,22.6,33.78
2012-02-17,Krishnagiri,12.5266,78.2138,Semi-arid,25.69,34.39,19.65,56.7,2.97,0.0,23.26,33.89
2012-02-18,Krishnagiri,12.5266,78.2138,Semi-arid,24.63,33.73,17.95,52.15,2.95,0.0,23.96,34.0
2012-02-19,Krishnagiri,12.5266,78.2138,Semi-arid,24.01,34.41,15.7,47.39,2.84,0.0,24.89,34.11
2012-02-20,Krishnagiri,12.5266,78.2138,Semi-arid,24.64,34.91,15.65,41.74,2.34,0.0,24.32,34.21
2012-02-21,Krishnagiri,12.5266,78.2138,Semi-arid,25.36,35.65,16.92,48.39,2.56,0.0,23.37,34.32
2012-02-22,Krishnagiri,12.5266,78.2138,Semi-arid,24.63,34.53,16.48,49.47,2.59,0.0,21.18,34.43
2012-02-23,Krishnagiri,12.5266,78.2138,Semi-arid,24.26,34.96,15.02,41.43,3.04,0.0,20.31,34.53
2012-02-24,Krishnagiri,12.5266,78.2138,Semi-arid,24.76,35.4,16.34,33.63,2.73,0.0,23.47,34.64
2012-02-25,Krishnagiri,12.5266,78.2138,Semi-arid,24.66,34.98,17.0,30.53,2.85,0.0,23.12,34.75
2012-02-26,Krishnagiri,12.5266,78.2138,Semi-arid,24.52,35.0,16.7,29.1,3.05,0.0,24.8,34.86
2012-02-27,Krishnagiri,12.5266,78.2138,Semi-arid,25.05,36.18,15.69,31.26,3.01,0.0,25.42,34.96
2012-02-28,Krishnagiri,12.5266,78.2138,Semi-arid,26.26,37.55,16.54,33.2,1.4,0.0,25.45,35.06
2012-02-29,Krishnagiri,12.5266,78.2138,Semi-arid,27.97,38.18,19.01,46.21,1.9,0.0,24.2,35.16
2012-03-01,Krishnagiri,12.5266,78.2138,Semi-arid,28.44,37.51,20.56,52.69,1.74,0.0,23.45,35.25
2012-03-02,Krishnagiri,12.5266,78.2138,Semi-arid,28.57,36.35,20.6,50.91,1.35,0.0,23.04,35.35
2012-03-03,Krishnagiri,12.5266,78.2138,Semi-arid,29.47,38.54,22.08,36.57,1.23,0.0,24.09,35.45
2012-03-04,Krishnagiri,12.5266,78.2138,Semi-arid,29.22,38.35,21.09,49.24,1.89,0.0,24.21,35.54
2012-03-05,Krishnagiri,12.5266,78.2138,Semi-arid,28.2,36.8,20.74,50.49,2.59,0.0,22.27,35.62
2012-03-06,Krishnagiri,12.5266,78.2138,Semi-arid,27.97,36.43,21.49,44.96,1.62,0.0,23.49,35.7
2012-03-07,Krishnagiri,12.5266,78.2138,Semi-arid,28.23,37.01,19.0,40.63,1.26,0.0,22.22,35.78
2012-03-08,Krishnagiri,12.5266,78.2138,Semi-arid,29.14,37.63,22.46,35.96,1.78,0.0,20.49,35.87
2012-03-09,Krishnagiri,12.5266,78.2138,Semi-arid,28.25,37.31,21.04,32.2,2.25,0.0,21.33,35.97
2012-03-10,Krishnagiri,12.5266,78.2138,Semi-arid,27.7,35.65,20.48,52.89,2.29,0.0,22.55,36.06
2012-03-11,Krishnagiri,12.5266,78.2138,Semi-arid,26.9,35.45,20.3,49.45,3.64,0.0,23.61,36.16
2012-03-12,Krishnagiri,12.5266,78.2138,Semi-arid,26.46,34.51,20.28,59.18,3.21,0.04,19.38,36.25
2012-03-13,Krishnagiri,12.5266,78.2138,Semi-arid,27.65,36.2,21.21,56.87,3.32,0.1,20.88,36.33
2012-03-14,Krishnagiri,12.5266,78.2138,Semi-arid,27.77,35.6,21.04,58.34,3.1,0.06,21.22,36.4
2012-03-15,Krishnagiri,12.5266,78.2138,Semi-arid,28.64,36.23,21.7,53.26,2.92,0.01,23.93,36.48
2012-03-16,Krishnagiri,12.5266,78.2138,Semi-arid,28.84,37.34,20.75,49.94,2.18,0.0,25.38,36.55
2012-03-17,Krishnagiri,12.5266,78.2138,Semi-arid,28.75,37.64,20.74,44.57,2.04,0.0,24.41,36.63
2012-03-18,Krishnagiri,12.5266,78.2138,Semi-arid,28.76,38.37,19.79,41.82,2.13,0.0,25.09,36.7
2012-03-19,Krishnagiri,12.5266,78.2138,Semi-arid,29.08,38.57,20.53,36.57,1.53,0.0,25.03,36.77
2012-03-20,Krishnagiri,12.5266,78.2138,Semi-arid,29.26,38.24,20.56,35.48,1.91,0.0,24.59,36.84
2012-03-21,Krishnagiri,12.5266,78.2138,Semi-arid,29.49,38.71,20.75,43.35,1.89,0.0,24.16,36.91
2012-03-22,Krishnagiri,12.5266,78.2138,Semi-arid,29.37,38.36,21.63,42.72,2.2,0.0,24.33,36.98
2012-03-23,Krishnagiri,12.5266,78.2138,Semi-arid,28.7,38.17,20.55,46.59,2.45,0.0,24.67,37.04
2012-03-24,Krishnagiri,12.5266,78.2138,Semi-arid,27.97,37.6,20.08,39.58,2.65,0.0,25.89,37.1
2012-03-25,Krishnagiri,12.5266,78.2138,Semi-arid,27.14,37.36,18.27,36.17,2.55,0.0,26.24,37.16
2012-03-26,Krishnagiri,12.5266,78.2138,Semi-arid,25.99,36.16,17.26,46.5,2.7,0.0,26.41,37.22
2012-03-27,Krishnagiri,12.5266,78.2138,Semi-arid,26.3,36.31,17.5,49.39,2.28,0.0,26.9,37.27
2012-03-28,Krishnagiri,12.5266,78.2138,Semi-arid,28.11,37.5,20.29,50.16,2.4,0.01,24.47,37.32
2012-03-29,Krishnagiri,12.5266,78.2138,Semi-arid,29.02,38.25,21.24,44.72,1.96,0.0,25.79,37.37
2012-03-30,Krishnagiri,12.5266,78.2138,Semi-arid,29.97,39.16,21.86,43.92,1.94,0.41,24.31,37.43
2012-03-31,Krishnagiri,12.5266,78.2138,Semi-arid,29.65,37.73,21.83,48.72,2.13,1.44,21.9,37.48
2012-04-01,Krishnagiri,12.5266,78.2138,Semi-arid,28.61,37.03,21.11,50.55,2.95,0.74,24.24,37.52
2012-04-02,Krishnagiri,12.5266,78.2138,Semi-arid,28.4,37.24,20.51,46.21,2.66,0.06,26.24,37.57
2012-04-03,Krishnagiri,12.5266,78.2138,Semi-arid,28.56,38.14,20.23,45.88,2.32,0.0,26.64,37.6
2012-04-04,Krishnagiri,12.5266,78.2138,Semi-arid,29.17,38.91,20.02,40.1,2.26,0.0,26.82,37.64
2012-04-05,Krishnagiri,12.5266,78.2138,Semi-arid,30.12,39.51,21.08,38.29,2.21,0.0,25.66,37.68
2012-04-06,Krishnagiri,12.5266,78.2138,Semi-arid,30.39,38.92,22.09,39.45,2.46,0.0,24.75,37.72
2012-04-07,Krishnagiri,12.5266,78.2138,Semi-arid,30.76,38.42,22.87,42.2,2.67,0.0,25.31,37.75
2012-04-08,Krishnagiri,12.5266,78.2138,Semi-arid,30.78,38.11,24.1,43.73,3.04,0.01,23.68,37.79
2012-04-09,Krishnagiri,12.5266,78.2138,Semi-arid,30.32,38.86,22.73,46.08,2.66,1.09,24.3,37.82
2012-04-10,Krishnagiri,12.5266,78.2138,Semi-arid,30.58,38.75,22.92,45.78,2.34,0.12,25.25,37.85
2012-04-11,Krishnagiri,12.5266,78.2138,Semi-arid,30.4,39.01,22.5,45.4,2.86,0.0,26.44,37.87
2012-04-12,Krishnagiri,12.5266,78.2138,Semi-arid,30.56,38.79,22.42,44.84,2.23,0.0,25.45,37.89
2012-04-13,Krishnagiri,12.5266,78.2138,Semi-arid,30.51,37.91,23.62,46.31,2.9,0.01,25.01,37.92
2012-04-14,Krishnagiri,12.5266,78.2138,Semi-arid,29.36,37.66,22.7,48.5,3.2,0.0,26.77,37.94
2012-04-15,Krishnagiri,12.5266,78.2138,Semi-arid,29.08,38.45,21.32,49.11,2.8,0.0,27.3,37.96
2012-04-16,Krishnagiri,12.5266,78.2138,Semi-arid,29.76,39.08,22.44,48.4,2.54,0.09,26.77,37.98
2012-04-17,Krishnagiri,12.5266,78.2138,Semi-arid,30.81,38.82,22.13,45.33,1.93,0.14,25.83,38.0
2012-04-18,Krishnagiri,12.5266,78.2138,Semi-arid,31.81,38.8,24.75,40.0,2.03,0.51,24.09,38.01
2012-04-19,Krishnagiri,12.5266,78.2138,Semi-arid,31.22,38.25,24.84,41.48,1.59,0.02,23.73,38.01
2012-04-20,Krishnagiri,12.5266,78.2138,Semi-arid,29.97,36.78,23.96,44.91,2.38,0.34,21.64,38.02
2012-04-21,Krishnagiri,12.5266,78.2138,Semi-arid,31.6,39.9,23.2,38.83,2.87,0.01,22.38,38.02
2012-04-22,Krishnagiri,12.5266,78.2138,Semi-arid,31.5,39.89,23.29,43.06,2.22,0.0,26.23,38.03
2012-04-23,Krishnagiri,12.5266,78.2138,Semi-arid,30.85,38.51,23.63,43.54,2.73,0.11,25.61,38.04
2012-04-24,Krishnagiri,12.5266,78.2138,Semi-arid,30.29,37.24,24.19,48.12,1.99,2.95,23.46,38.06
2012-04-25,Krishnagiri,12.5266,78.2138,Semi-arid,26.29,30.28,23.12,71.01,1.87,14.44,19.2,38.08
2012-04-26,Krishnagiri,12.5266,78.2138,Semi-arid,24.34,28.6,22.12,79.8,1.61,6.3,19.01,38.08
2012-04-27,Krishnagiri,12.5266,78.2138,Semi-arid,25.07,29.08,21.83,81.08,1.54,2.52,16.99,38.09
2012-04-28,Krishnagiri,12.5266,78.2138,Semi-arid,25.39,29.11,22.89,79.26,2.25,2.13,21.21,38.09
2012-04-29,Krishnagiri,12.5266,78.2138,Semi-arid,26.89,33.25,21.7,69.92,1.82,2.99,19.45,38.09
2012-04-30,Krishnagiri,12.5266,78.2138,Semi-arid,26.86,31.68,23.12,71.3,1.14,4.15,15.39,38.08
2012-05-01,Krishnagiri,12.5266,78.2138,Semi-arid,28.27,34.41,22.58,66.47,1.82,1.34,21.72,38.08
2012-05-02,Krishnagiri,12.5266,78.2138,Semi-arid,27.75,33.22,23.11,66.94,2.08,0.31,23.46,38.07
2012-05-03,Krishnagiri,12.5266,78.2138,Semi-arid,28.82,35.85,22.55,62.65,2.6,0.52,23.88,38.07
2012-05-04,Krishnagiri,12.5266,78.2138,Semi-arid,28.99,36.59,22.63,61.46,2.98,0.49,24.88,38.07
2012-05-05,Krishnagiri,12.5266,78.2138,Semi-arid,29.37,37.51,21.41,56.65,2.73,0.0,25.04,38.06
2012-05-06,Krishnagiri,12.5266,78.2138,Semi-arid,29.67,37.82,21.61,52.52,2.53,0.0,25.25,38.05
2012-05-07,Krishnagiri,12.5266,78.2138,Semi-arid,29.97,38.21,21.84,49.34,2.34,0.0,24.63,38.04
2012-05-08,Krishnagiri,12.5266,78.2138,Semi-arid,29.15,35.02,23.46,59.92,1.06,8.61,20.31,38.03
2012-05-09,Krishnagiri,12.5266,78.2138,Semi-arid,29.21,35.92,23.13,58.6,1.16,0.52,22.05,38.01
2012-05-10,Krishnagiri,12.5266,78.2138,Semi-arid,28.09,33.52,23.94,64.13,1.9,9.64,18.29,37.99
2012-05-11,Krishnagiri,12.5266,78.2138,Semi-arid,27.82,33.1,22.72,64.06,1.47,0.52,21.11,37.98
2012-05-12,Krishnagiri,12.5266,78.2138,Semi-arid,26.63,30.52,23.32,71.36,2.28,7.43,20.25,37.98
2012-05-13,Krishnagiri,12.5266,78.2138,Semi-arid,28.45,35.9,21.38,60.4,1.97,0.15,20.65,37.98
2012-05-14,Krishnagiri,12.5266,78.2138,Semi-arid,29.01,34.69,24.31,60.52,0.81,0.25,19.0,37.98
2012-05-15,Krishnagiri,12.5266,78.2138,Semi-arid,28.21,33.36,23.44,67.27,1.87,7.31,21.7,37.97
2012-05-16,Krishnagiri,12.5266,78.2138,Semi-arid,28.3,33.91,23.0,63.98,1.88,1.35,21.48,37.95
2012-05-17,Krishnagiri,12.5266,78.2138,Semi-arid,28.67,35.2,23.48,62.28,2.61,0.0,24.23,37.93
2012-05-18,Krishnagiri,12.5266,78.2138,Semi-arid,29.49,37.2,22.5,59.32,2.28,3.91,24.59,37.92
2012-05-19,Krishnagiri,12.5266,78.2138,Semi-arid,29.56,36.76,24.19,61.67,1.78,3.58,23.08,37.9
2012-05-20,Krishnagiri,12.5266,78.2138,Semi-arid,25.72,28.2,23.41,75.76,2.01,10.36,21.45,37.89
2012-05-21,Krishnagiri,12.5266,78.2138,Semi-arid,27.42,33.64,22.98,68.02,3.01,1.89,22.51,37.88
2012-05-22,Krishnagiri,12.5266,78.2138,Semi-arid,26.95,33.01,22.77,66.77,2.61,0.19,21.16,37.87
2012-05-23,Krishnagiri,12.5266,78.2138,Semi-arid,27.73,34.39,22.43,62.08,2.8,0.0,23.87,37.86
2012-05-24,Krishnagiri,12.5266,78.2138,Semi-arid,28.37,35.0,23.01,63.05,3.75,0.0,21.71,37.84
2012-05-25,Krishnagiri,12.5266,78.2138,Semi-arid,28.78,36.22,23.14,58.69,3.55,0.0,18.03,37.83
2012-05-26,Krishnagiri,12.5266,78.2138,Semi-arid,27.27,32.71,23.16,67.0,2.88,0.2,16.2,37.81
2012-05-27,Krishnagiri,12.5266,78.2138,Semi-arid,27.49,33.37,22.76,65.28,2.77,0.05,24.08,37.79
2012-05-28,Krishnagiri,12.5266,78.2138,Semi-arid,28.77,35.77,22.82,61.23,3.45,0.0,23.02,37.78
2012-05-29,Krishnagiri,12.5266,78.2138,Semi-arid,27.08,33.74,23.45,67.83,3.73,0.0,19.26,37.76
2012-05-30,Krishnagiri,12.5266,78.2138,Semi-arid,28.07,34.15,22.9,63.03,3.26,0.0,20.46,37.75
2012-05-31,Krishnagiri,12.5266,78.2138,Semi-arid,28.54,34.55,23.38,60.17,3.5,0.0,15.72,37.74
2012-06-01,Krishnagiri,12.5266,78.2138,Semi-arid,27.13,32.68,22.92,62.18,4.1,0.0,22.82,37.73
2012-06-02,Krishnagiri,12.5266,78.2138,Semi-arid,30.04,37.87,22.92,51.53,3.5,0.0,22.8,37.72
2012-06-03,Krishnagiri,12.5266,78.2138,Semi-arid,29.62,37.23,23.98,56.44,3.79,2.01,24.11,37.7
2012-06-04,Krishnagiri,12.5266,78.2138,Semi-arid,28.91,36.42,23.18,58.09,3.77,0.3,23.88,37.68
2012-06-05,Krishnagiri,12.5266,78.2138,Semi-arid,27.84,34.7,22.52,57.0,5.28,0.0,24.06,37.66
2012-06-06,Krishnagiri,12.5266,78.2138,Semi-arid,27.27,33.27,21.32,55.6,4.77,0.0,21.39,37.64
2012-06-07,Krishnagiri,12.5266,78.2138,Semi-arid,26.82,33.57,22.16,56.46,5.05,2.79,24.05,37.64
2012-06-08,Krishnagiri,12.5266,78.2138,Semi-arid,26.45,33.23,21.54,58.33,4.69,3.54,21.52,37.64
2012-06-09,Krishnagiri,12.5266,78.2138,Semi-arid,27.46,34.91,20.98,59.44,5.01,0.16,21.2,37.63
2012-06-10,Krishnagiri,12.5266,78.2138,Semi-arid,28.27,35.93,21.17,54.9,5.09,0.0,20.52,37.63
2012-06-11,Krishnagiri,12.5266,78.2138,Semi-arid,28.37,35.19,22.17,53.94,4.3,0.0,22.87,37.62
2012-06-12,Krishnagiri,12.5266,78.2138,Semi-arid,28.29,36.13,21.95,56.53,4.11,3.98,22.21,37.59
2012-06-13,Krishnagiri,12.5266,78.2138,Semi-arid,27.23,33.99,21.38,60.4,2.97,6.58,21.21,37.57
2012-06-14,Krishnagiri,12.5266,78.2138,Semi-arid,26.28,33.08,21.41,65.24,3.15,5.44,22.56,37.55
2012-06-15,Krishnagiri,12.5266,78.2138,Semi-arid,26.85,33.24,21.57,62.96,3.45,0.36,22.78,37.54
2012-06-16,Krishnagiri,12.5266,78.2138,Semi-arid,26.22,32.06,22.0,67.04,4.2,2.65,20.65,37.54
2012-06-17,Krishnagiri,12.5266,78.2138,Semi-arid,24.45,30.32,21.03,72.17,4.86,2.16,17.19,37.54
2012-06-18,Krishnagiri,12.5266,78.2138,Semi-arid,24.54,28.65,20.91,73.12,5.78,0.22,12.77,37.54
2012-06-19,Krishnagiri,12.5266,78.2138,Semi-arid,26.08,32.41,20.89,60.5,6.76,0.01,18.85,37.53
2012-06-20,Krishnagiri,12.5266,78.2138,Semi-arid,26.57,33.75,21.27,63.34,5.61,0.04,20.58,37.53
2012-06-21,Krishnagiri,12.5266,78.2138,Semi-arid,25.4,30.73,21.29,67.98,4.78,2.44,21.27,37.52
2012-06-22,Krishnagiri,12.5266,78.2138,Semi-arid,26.64,34.04,21.05,61.91,4.79,0.0,20.42,37.52
2012-06-23,Krishnagiri,12.5266,78.2138,Semi-arid,27.45,34.33,21.09,60.22,3.85,0.0,23.25,37.51
2012-06-24,Krishnagiri,12.5266,78.2138,Semi-arid,27.6,33.93,22.05,60.52,3.37,0.0,24.22,37.51
2012-06-25,Krishnagiri,12.5266,78.2138,Semi-arid,27.65,34.08,22.57,60.42,3.47,2.13,19.3,37.51
2012-06-26,Krishnagiri,12.5266,78.2138,Semi-arid,26.68,32.52,22.02,66.24,3.43,4.1,18.06,37.51
2012-06-27,Krishnagiri,12.5266,78.2138,Semi-arid,24.92,30.37,21.45,69.14,3.73,3.76,22.48,37.5
2012-06-28,Krishnagiri,12.5266,78.2138,Semi-arid,24.07,29.16,20.49,73.07,3.63,7.24,19.7,37.5
2012-06-29,Krishnagiri,12.5266,78.2138,Semi-arid,25.2,31.49,20.6,71.15,3.82,2.4,19.37,37.5
2012-06-30,Krishnagiri,12.5266,78.2138,Semi-arid,25.79,32.32,20.98,67.95,5.11,4.45,22.84,37.5
2012-07-01,Krishnagiri,12.5266,78.2138,Semi-arid,24.81,31.07,20.44,67.85,5.09,0.01,15.17,37.49
2012-07-02,Krishnagiri,12.5266,78.2138,Semi-arid,24.73,31.08,20.6,70.52,4.65,1.78,14.32,37.49
2012-07-03,Krishnagiri,12.5266,78.2138,Semi-arid,25.74,31.7,21.17,66.98,5.36,0.15,18.2,37.49
2012-07-04,Krishnagiri,12.5266,78.2138,Semi-arid,26.0,32.88,20.68,65.78,4.99,0.0,22.06,37.49
2012-07-05,Krishnagiri,12.5266,78.2138,Semi-arid,26.34,33.47,19.84,63.06,4.19,0.0,24.63,37.5
2012-07-06,Krishnagiri,12.5266,78.2138,Semi-arid,27.45,34.75,21.0,62.59,3.32,0.0,24.04,37.52
2012-07-07,Krishnagiri,12.5266,78.2138,Semi-arid,27.38,34.08,21.79,63.42,3.61,1.83,21.44,37.53
2012-07-08,Krishnagiri,12.5266,78.2138,Semi-arid,26.9,33.07,21.84,64.98,3.52,0.13,19.22,37.53
2012-07-09,Krishnagiri,12.5266,78.2138,Semi-arid,26.37,31.58,22.24,69.41,2.74,4.06,18.18,37.52
2012-07-10,Krishnagiri,12.5266,78.2138,Semi-arid,25.05,29.55,21.77,72.57,3.54,6.31,20.22,37.51
2012-07-11,Krishnagiri,12.5266,78.2138,Semi-arid,26.24,33.7,19.94,63.87,3.63,0.65,22.37,37.51
2012-07-12,Krishnagiri,12.5266,78.2138,Semi-arid,25.9,30.48,21.36,69.17,3.24,1.93,21.77,37.51
2012-07-13,Krishnagiri,12.5266,78.2138,Semi-arid,26.83,33.68,21.2,68.53,3.25,12.78,21.38,37.52
2012-07-14,Krishnagiri,12.5266,78.2138,Semi-arid,24.84,28.6,21.86,78.26,2.99,20.75,14.99,37.53
2012-07-15,Krishnagiri,12.5266,78.2138,Semi-arid,24.73,29.13,21.34,77.04,2.72,13.61,14.44,37.55
2012-07-16,Krishnagiri,12.5266,78.2138,Semi-arid,25.6,31.34,20.56,71.76,1.62,1.36,18.94,37.56
2012-07-17,Krishnagiri,12.5266,78.2138,Semi-arid,24.79,29.98,21.35,76.05,1.9,12.06,19.51,37.57
2012-07-18,Krishnagiri,12.5266,78.2138,Semi-arid,24.76,31.37,19.54,70.95,3.75,0.08,15.54,37.57
2012-07-19,Krishnagiri,12.5266,78.2138,Semi-arid,25.9,33.36,20.16,65.87,4.59,0.0,20.12,37.58
2012-07-20,Krishnagiri,12.5266,78.2138,Semi-arid,25.76,32.73,20.87,69.7,4.87,0.0,17.61,37.58
2012-07-21,Krishnagiri,12.5266,78.2138,Semi-arid,26.36,33.54,21.02,68.44,5.1,0.33,14.56,37.59
2012-07-22,Krishnagiri,12.5266,78.2138,Semi-arid,25.89,31.76,21.36,70.2,5.24,0.14,16.81,37.6
2012-07-23,Krishnagiri,12.5266,78.2138,Semi-arid,26.39,32.73,21.36,67.58,4.62,0.0,20.11,37.6
2012-07-24,Krishnagiri,12.5266,78.2138,Semi-arid,26.13,32.05,21.56,67.81,4.45,0.0,21.06,37.61
2012-07-25,Krishnagiri,12.5266,78.2138,Semi-arid,26.4,33.87,20.53,66.24,4.56,0.05,20.88,37.62
2012-07-26,Krishnagiri,12.5266,78.2138,Semi-arid,26.4,33.14,20.93,66.27,4.8,0.08,18.0,37.63
2012-07-27,Krishnagiri,12.5266,78.2138,Semi-arid,26.36,33.12,21.18,65.9,4.32,1.79,17.13,37.64
2012-07-28,Krishnagiri,12.5266,78.2138,Semi-arid,26.11,32.88,21.33,66.89,4.58,0.01,16.4,37.64
2012-07-29,Krishnagiri,12.5266,78.2138,Semi-arid,26.33,33.89,20.47,64.07,4.47,0.0,21.06,37.64
2012-07-30,Krishnagiri,12.5266,78.2138,Semi-arid,25.33,31.32,20.48,66.74,4.19,0.0,20.35,37.64
2012-07-31,Krishnagiri,12.5266,78.2138,Semi-arid,26.22,33.36,20.51,64.64,4.81,0.0,21.1,37.64
2012-08-01,Krishnagiri,12.5266,78.2138,Semi-arid,26.46,33.95,20.23,63.02,4.55,0.0,18.92,37.65
2012-08-02,Krishnagiri,12.5266,78.2138,Semi-arid,26.19,33.03,20.57,62.37,5.14,0.03,21.59,37.66
2012-08-03,Krishnagiri,12.5266,78.2138,Semi-arid,25.16,30.71,21.06,68.42,4.57,0.73,16.46,37.67
2012-08-04,Krishnagiri,12.5266,78.2138,Semi-arid,25.4,30.99,20.6,68.32,4.69,1.55,16.03,37.67
2012-08-05,Krishnagiri,12.5266,78.2138,Semi-arid,25.88,32.84,20.29,65.06,4.74,1.51,19.84,37.67
2012-08-06,Krishnagiri,12.5266,78.2138,Semi-arid,25.33,31.53,20.08,64.53,5.28,1.28,17.74,37.67
2012-08-07,Krishnagiri,12.5266,78.2138,Semi-arid,25.55,32.65,19.82,66.51,4.11,0.63,14.83,37.67
2012-08-08,Krishnagiri,12.5266,78.2138,Semi-arid,25.14,31.49,21.29,73.42,4.06,7.17,17.62,37.66
2012-08-09,Krishnagiri,12.5266,78.2138,Semi-arid,25.17,31.33,20.78,71.12,4.85,0.65,16.39,37.66
2012-08-10,Krishnagiri,12.5266,78.2138,Semi-arid,25.26,31.4,20.66,69.95,4.73,0.25,12.36,37.66
2012-08-11,Krishnagiri,12.5266,78.2138,Semi-arid,25.28,30.12,21.03,70.69,4.36,1.06,15.18,37.65
2012-08-12,Krishnagiri,12.5266,78.2138,Semi-arid,24.79,29.61,21.33,70.86,3.14,0.12,17.35,37.64
2012-08-13,Krishnagiri,12.5266,78.2138,Semi-arid,24.69,31.16,20.52,71.13,3.42,7.33,18.12,37.63
2012-08-14,Krishnagiri,12.5266,78.2138,Semi-arid,23.72,28.24,19.98,72.51,2.71,8.17,19.36,37.62
2012-08-15,Krishnagiri,12.5266,78.2138,Semi-arid,25.25,31.68,19.73,71.39,2.93,10.35,21.69,37.61
2012-08-16,Krishnagiri,12.5266,78.2138,Semi-arid,25.98,32.73,20.61,70.98,2.45,2.34,21.82,37.61
2012-08-17,Krishnagiri,12.5266,78.2138,Semi-arid,25.54,30.91,21.45,72.54,2.88,0.57,21.52,37.6
2012-08-18,Krishnagiri,12.5266,78.2138,Semi-arid,25.38,30.99,20.9,69.78,4.39,0.36,18.65,37.59
2012-08-19,Krishnagiri,12.5266,78.2138,Semi-arid,26.1,33.54,20.32,63.6,4.68,0.01,23.59,37.58
2012-08-20,Krishnagiri,12.5266,78.2138,Semi-arid,26.97,34.45,20.11,63.64,2.46,0.0,23.22,37.57
2012-08-21,Krishnagiri,12.5266,78.2138,Semi-arid,26.36,31.5,21.67,68.98,1.71,6.35,21.05,37.55
2012-08-22,Krishnagiri,12.5266,78.2138,Semi-arid,24.62,28.45,22.05,78.6,1.07,2.38,18.93,37.54
2012-08-23,Krishnagiri,12.5266,78.2138,Semi-arid,26.17,32.18,20.81,71.93,0.83,13.47,21.14,37.53
2012-08-24,Krishnagiri,12.5266,78.2138,Semi-arid,25.54,29.29,21.47,75.4,1.07,5.44,23.66,37.51
2012-08-25,Krishnagiri,12.5266,78.2138,Semi-arid,24.14,27.07,22.09,83.38,1.61,8.7,21.03,37.49
2012-08-26,Krishnagiri,12.5266,78.2138,Semi-arid,24.19,29.27,21.46,75.3,3.39,1.87,14.74,37.47
2012-08-27,Krishnagiri,12.5266,78.2138,Semi-arid,24.63,31.34,20.22,72.44,3.79,1.49,14.2,37.45
2012-08-28,Krishnagiri,12.5266,78.2138,Semi-arid,24.17,29.18,20.47,78.8,3.1,7.19,16.33,37.43
2012-08-29,Krishnagiri,12.5266,78.2138,Semi-arid,23.92,28.55,20.98,79.28,3.59,4.06,16.54,37.41
2012-08-30,Krishnagiri,12.5266,78.2138,Semi-arid,23.57,28.93,20.15,80.34,3.41,1.49,15.71,37.38
2012-08-31,Krishnagiri,12.5266,78.2138,Semi-arid,24.56,30.21,20.28,75.44,3.72,0.32,15.96,37.35
2012-09-01,Krishnagiri,12.5266,78.2138,Semi-arid,24.73,30.44,20.08,72.92,4.15,0.0,17.69,37.32
2012-09-02,Krishnagiri,12.5266,78.2138,Semi-arid,24.83,30.37,20.78,76.15,3.99,5.17,20.48,37.29
2012-09-03,Krishnagiri,12.5266,78.2138,Semi-arid,24.91,30.25,21.44,75.94,4.23,2.47,11.99,37.25
2012-09-04,Krishnagiri,12.5266,78.2138,Semi-arid,24.91,30.88,20.95,73.47,4.32,0.54,17.02,37.22
2012-09-05,Krishnagiri,12.5266,78.2138,Semi-arid,25.7,32.76,20.33,71.68,3.88,3.24,19.83,37.19
2012-09-06,Krishnagiri,12.5266,78.2138,Semi-arid,25.13,31.82,20.47,75.98,3.08,9.84,22.52,37.15
2012-09-07,Krishnagiri,12.5266,78.2138,Semi-arid,24.78,31.57,20.26,76.53,3.51,7.87,18.71,37.11
2012-09-08,Krishnagiri,12.5266,78.2138,Semi-arid,24.12,29.57,20.44,79.0,3.17,9.81,16.27,37.06
2012-09-09,Krishnagiri,12.5266,78.2138,Semi-arid,23.39,27.98,20.03,80.89,3.78,5.8,13.69,37.02
2012-09-10,Krishnagiri,12.5266,78.2138,Semi-arid,23.63,29.37,19.92,76.21,4.07,3.74,19.59,36.97
2012-09-11,Krishnagiri,12.5266,78.2138,Semi-arid,23.82,30.33,19.06,76.99,3.43,9.01,19.77,36.93
2012-09-12,Krishnagiri,12.5266,78.2138,Semi-arid,24.98,31.96,18.98,71.56,3.26,0.22,21.01,36.87
2012-09-13,Krishnagiri,12.5266,78.2138,Semi-arid,25.32,31.22,20.5,75.76,2.43,5.49,20.44,36.82
2012-09-14,Krishnagiri,12.5266,78.2138,Semi-arid,25.39,31.66,20.33,73.91,3.06,0.46,20.91,36.77
2012-09-15,Krishnagiri,12.5266,78.2138,Semi-arid,25.65,32.24,21.04,72.63,3.68,0.93,18.04,36.72
2012-09-16,Krishnagiri,12.5266,78.2138,Semi-arid,25.38,32.49,20.09,69.84,3.62,0.13,21.93,36.66
2012-09-17,Krishnagiri,12.5266,78.2138,Semi-arid,25.28,31.42,20.61,71.46,2.75,0.21,21.15,36.61
2012-09-18,Krishnagiri,12.5266,78.2138,Semi-arid,25.53,31.61,20.07,69.61,2.46,0.06,22.77,36.56
2012-09-19,Krishnagiri,12.5266,78.2138,Semi-arid,24.75,29.16,20.88,75.96,1.26,3.27,19.53,36.5
2012-09-20,Krishnagiri,12.5266,78.2138,Semi-arid,25.55,30.44,20.69,72.17,1.06,1.04,19.13,36.45
2012-09-21,Krishnagiri,12.5266,78.2138,Semi-arid,26.1,31.83,20.29,69.26,0.96,0.23,20.66,36.38
2012-09-22,Krishnagiri,12.5266,78.2138,Semi-arid,26.33,32.79,21.63,65.55,2.03,0.0,21.62,36.32
2012-09-23,Krishnagiri,12.5266,78.2138,Semi-arid,25.98,33.51,19.49,63.5,1.7,0.0,21.56,36.25
2012-09-24,Krishnagiri,12.5266,78.2138,Semi-arid,25.95,33.7,20.77,60.69,2.57,0.3,22.8,36.19
2012-09-25,Krishnagiri,12.5266,78.2138,Semi-arid,25.13,32.09,19.55,61.8,2.47,0.0,23.33,36.12
2012-09-26,Krishnagiri,12.5266,78.2138,Semi-arid,25.98,32.61,20.11,68.62,1.6,1.87,21.34,36.06
2012-09-27,Krishnagiri,12.5266,78.2138,Semi-arid,24.56,29.07,21.37,78.51,1.12,4.39,16.58,35.99
2012-09-28,Krishnagiri,12.5266,78.2138,Semi-arid,23.76,28.5,20.32,81.27,1.79,11.29,17.45,35.91
2012-09-29,Krishnagiri,12.5266,78.2138,Semi-arid,24.27,29.54,20.87,79.43,1.3,5.18,15.1,35.83
2012-09-30,Krishnagiri,12.5266,78.2138,Semi-arid,23.08,26.64,21.28,81.64,1.76,6.56,13.51,35.75
2012-10-01,Krishnagiri,12.5266,78.2138,Semi-arid,24.35,28.26,20.66,81.68,1.77,1.99,15.88,35.66
2012-10-02,Krishnagiri,12.5266,78.2138,Semi-arid,25.8,32.77,20.18,70.32,2.47,0.02,21.41,35.58
2012-10-03,Krishnagiri,12.5266,78.2138,Semi-arid,24.77,32.82,18.82,67.14,3.16,0.0,25.32,35.5
2012-10-04,Krishnagiri,12.5266,78.2138,Semi-arid,25.4,33.8,17.49,66.04,2.5,0.0,25.45,35.42
2012-10-05,Krishnagiri,12.5266,78.2138,Semi-arid,27.15,34.35,19.84,63.81,1.67,0.0,24.31,35.33
2012-10-06,Krishnagiri,12.5266,78.2138,Semi-arid,26.69,32.37,21.14,69.1,0.69,3.22,19.95,35.25
2012-10-07,Krishnagiri,12.5266,78.2138,Semi-arid,24.24,27.22,21.75,82.09,1.25,0.56,13.92,35.16
2012-10-08,Krishnagiri,12.5266,78.2138,Semi-arid,25.87,32.19,20.35,74.01,1.03,5.29,19.08,35.07
2012-10-09,Krishnagiri,12.5266,78.2138,Semi-arid,24.79,31.52,20.67,77.66,0.73,3.99,12.13,34.98
2012-10-10,Krishnagiri,12.5266,78.2138,Semi-arid,25.57,32.53,20.62,69.17,1.08,0.18,22.41,34.89
2012-10-11,Krishnagiri,12.5266,78.2138,Semi-arid,25.58,32.04,19.96,67.98,1.23,0.0,20.64,34.8
2012-10-12,Krishnagiri,12.5266,78.2138,Semi-arid,25.32,31.32,20.47,71.98,1.42,0.13,18.41,34.71
2012-10-13,Krishnagiri,12.5266,78.2138,Semi-arid,24.97,29.94,21.5,77.03,1.37,4.2,15.76,34.62
2012-10-14,Krishnagiri,12.5266,78.2138,Semi-arid,23.95,27.79,21.0,85.72,1.02,46.91,17.39,34.52
2012-10-15,Krishnagiri,12.5266,78.2138,Semi-arid,23.31,27.36,21.16,89.31,2.1,13.68,16.14,34.43
2012-10-16,Krishnagiri,12.5266,78.2138,Semi-arid,23.57,28.18,20.61,84.35,2.2,3.21,13.42,34.34
2012-10-17,Krishnagiri,12.5266,78.2138,Semi-arid,22.86,28.63,18.75,81.36,2.49,1.99,20.79,34.25
2012-10-18,Krishnagiri,12.5266,78.2138,Semi-arid,22.52,26.89,19.31,86.13,2.46,18.37,12.68,34.15
2012-10-19,Krishnagiri,12.5266,78.2138,Semi-arid,22.53,26.61,19.94,89.67,2.51,17.81,9.84,34.05
2012-10-20,Krishnagiri,12.5266,78.2138,Semi-arid,21.11,23.68,18.89,89.54,3.53,16.67,6.84,33.96
2012-10-21,Krishnagiri,12.5266,78.2138,Semi-arid,22.26,26.93,18.7,88.31,2.77,9.96,10.88,33.85
2012-10-22,Krishnagiri,12.5266,78.2138,Semi-arid,22.77,26.92,20.15,88.06,2.57,4.33,16.21,33.75
2012-10-23,Krishnagiri,12.5266,78.2138,Semi-arid,22.56,27.0,19.13,88.14,2.51,6.0,13.64,33.65
2012-10-24,Krishnagiri,12.5266,78.2138,Semi-arid,22.49,25.97,20.18,89.1,1.91,1.95,15.75,33.54
2012-10-25,Krishnagiri,12.5266,78.2138,Semi-arid,23.21,28.35,19.37,84.85,1.68,3.57,17.15,33.44
2012-10-26,Krishnagiri,12.5266,78.2138,Semi-arid,22.57,28.33,18.61,81.89,1.84,0.78,21.41,33.34
2012-10-27,Krishnagiri,12.5266,78.2138,Semi-arid,22.42,28.15,17.75,81.42,2.57,0.05,19.53,33.23
2012-10-28,Krishnagiri,12.5266,78.2138,Semi-arid,22.52,28.1,18.32,83.42,3.14,2.17,18.18,33.13
2012-10-29,Krishnagiri,12.5266,78.2138,Semi-arid,22.24,26.83,19.35,84.94,2.69,2.89,15.44,33.03
2012-10-30,Krishnagiri,12.5266,78.2138,Semi-arid,21.36,24.96,18.98,86.79,2.6,7.44,5.51,32.93
2012-10-31,Krishnagiri,12.5266,78.2138,Semi-arid,21.15,23.09,19.35,92.22,4.46,46.87,4.75,32.83
2012-11-01,Krishnagiri,12.5266,78.2138,Semi-arid,21.85,25.67,19.17,89.51,4.94,8.39,8.13,32.73
2012-11-02,Krishnagiri,12.5266,78.2138,Semi-arid,23.09,27.95,19.29,85.48,2.96,0.85,17.11,32.63
2012-11-03,Krishnagiri,12.5266,78.2138,Semi-arid,23.26,28.63,18.94,81.82,2.12,2.51,16.52,32.53
2012-11-04,Krishnagiri,12.5266,78.2138,Semi-arid,23.33,28.13,19.6,85.06,1.54,0.39,18.92,32.43
2012-11-05,Krishnagiri,12.5266,78.2138,Semi-arid,23.67,28.65,20.34,82.41,0.98,0.0,18.96,32.32
2012-11-06,Krishnagiri,12.5266,78.2138,Semi-arid,23.0,28.04,19.32,83.66,1.2,0.0,20.11,32.22
2012-11-07,Krishnagiri,12.5266,78.2138,Semi-arid,23.15,27.33,20.02,87.5,1.23,0.32,20.54,32.13
2012-11-08,Krishnagiri,12.5266,78.2138,Semi-arid,22.93,27.66,19.59,85.22,1.45,0.42,18.86,32.03
2012-11-09,Krishnagiri,12.5266,78.2138,Semi-arid,22.56,28.38,18.46,81.04,1.46,0.0,20.4,31.93
2012-11-10,Krishnagiri,12.5266,78.2138,Semi-arid,22.36,28.01,17.61,83.06,1.86,0.0,20.55,31.83
2012-11-11,Krishnagiri,12.5266,78.2138,Semi-arid,21.97,27.43,18.12,82.62,1.85,0.0,19.32,31.73
2012-11-12,Krishnagiri,12.5266,78.2138,Semi-arid,21.41,27.91,16.47,81.02,2.03,0.0,19.82,31.64
2012-11-13,Krishnagiri,12.5266,78.2138,Semi-arid,20.8,28.0,15.65,76.12,2.07,0.0,20.91,31.55
2012-11-14,Krishnagiri,12.5266,78.2138,Semi-arid,19.1,27.32,12.49,69.97,2.37,0.0,22.32,31.46
2012-11-15,Krishnagiri,12.5266,78.2138,Semi-arid,18.64,27.27,11.03,69.48,1.89,0.0,21.93,31.37
2012-11-16,Krishnagiri,12.5266,78.2138,Semi-arid,19.33,28.0,12.6,68.38,1.84,0.0,20.9,31.28
2012-11-17,Krishnagiri,12.5266,78.2138,Semi-arid,20.05,28.31,13.24,68.76,1.19,0.0,20.93,31.19
2012-11-18,Krishnagiri,12.5266,78.2138,Semi-arid,21.02,29.28,14.54,59.25,1.12,0.0,21.06,31.11
2012-11-19,Krishnagiri,12.5266,78.2138,Semi-arid,21.46,29.26,15.15,55.94,0.93,0.0,21.96,31.02
2012-11-20,Krishnagiri,12.5266,78.2138,Semi-arid,23.34,30.73,17.42,65.57,1.09,0.0,20.01,30.94
2012-11-21,Krishnagiri,12.5266,78.2138,Semi-arid,24.63,30.94,19.55,77.7,1.01,0.87,16.42,30.86
2012-11-22,Krishnagiri,12.5266,78.2138,Semi-arid,24.18,29.86,19.69,84.13,1.75,3.21,14.25,30.78
2012-11-23,Krishnagiri,12.5266,78.2138,Semi-arid,22.72,25.33,20.53,92.88,2.52,13.96,9.19,30.7
2012-11-24,Krishnagiri,12.5266,78.2138,Semi-arid,22.56,28.01,18.22,84.14,2.05,0.14,17.06,30.63
2012-11-25,Krishnagiri,12.5266,78.2138,Semi-arid,22.69,28.55,18.68,80.92,2.18,0.0,17.13,30.56
2012-11-26,Krishnagiri,12.5266,78.2138,Semi-arid,22.63,28.69,17.99,81.18,2.3,0.0,15.78,30.48
2012-11-27,Krishnagiri,12.5266,78.2138,Semi-arid,22.17,28.68,17.93,77.67,2.39,0.0,17.91,30.41
2012-11-28,Krishnagiri,12.5266,78.2138,Semi-arid,20.95,28.59,15.87,73.49,2.06,0.0,19.79,30.34
2012-11-29,Krishnagiri,12.5266,78.2138,Semi-arid,20.32,28.55,14.53,72.71,1.59,0.0,20.89,30.28
2012-11-30,Krishnagiri,12.5266,78.2138,Semi-arid,21.05,29.11,14.88,74.03,1.69,0.0,18.16,30.22
2012-12-01,Krishnagiri,12.5266,78.2138,Semi-arid,21.24,28.99,16.11,73.4,1.73,0.0,17.71,30.15
2012-12-02,Krishnagiri,12.5266,78.2138,Semi-arid,21.19,28.62,16.36,73.81,2.17,0.01,19.2,30.1
2012-12-03,Krishnagiri,12.5266,78.2138,Semi-arid,21.91,28.31,17.01,84.71,3.44,5.8,13.54,30.05
2012-12-04,Krishnagiri,12.5266,78.2138,Semi-arid,22.75,27.67,19.77,87.18,3.22,15.37,9.3,30.0
2012-12-05,Krishnagiri,12.5266,78.2138,Semi-arid,23.5,28.38,20.61,85.67,3.45,3.29,16.33,29.95
2012-12-06,Krishnagiri,12.5266,78.2138,Semi-arid,23.16,28.83,19.59,81.91,2.96,0.5,16.5,29.91
2012-12-07,Krishnagiri,12.5266,78.2138,Semi-arid,22.22,28.51,17.87,81.76,1.91,0.0,19.95,29.87
2012-12-08,Krishnagiri,12.5266,78.2138,Semi-arid,21.89,29.91,16.52,72.93,1.45,0.0,20.12,29.83
2012-12-09,Krishnagiri,12.5266,78.2138,Semi-arid,21.35,29.63,16.21,70.58,1.31,0.0,19.38,29.79
2012-12-10,Krishnagiri,12.5266,78.2138,Semi-arid,21.0,30.07,14.96,72.51,1.31,0.0,20.95,29.75
2012-12-11,Krishnagiri,12.5266,78.2138,Semi-arid,21.84,29.91,16.57,73.27,1.27,0.0,20.01,29.73
2012-12-12,Krishnagiri,12.5266,78.2138,Semi-arid,22.27,30.67,16.88,73.64,1.26,0.0,20.57,29.7
2012-12-13,Krishnagiri,12.5266,78.2138,Semi-arid,22.7,30.26,17.59,71.41,1.23,0.0,18.61,29.68
2012-12-14,Krishnagiri,12.5266,78.2138,Semi-arid,22.3,29.67,17.23,73.58,2.17,0.0,19.69,29.66
2012-12-15,Krishnagiri,12.5266,78.2138,Semi-arid,20.55,27.86,15.3,75.87,2.81,0.0,18.29,29.64
2012-12-16,Krishnagiri,12.5266,78.2138,Semi-arid,20.56,27.9,15.86,74.34,3.44,0.0,13.68,29.62
2012-12-17,Krishnagiri,12.5266,78.2138,Semi-arid,20.97,28.18,15.63,74.26,3.73,0.0,14.91,29.61
2012-12-18,Krishnagiri,12.5266,78.2138,Semi-arid,20.73,28.27,16.12,74.97,3.36,0.0,14.01,29.6
2012-12-19,Krishnagiri,12.5266,78.2138,Semi-arid,21.23,29.48,15.49,73.77,2.66,0.0,15.97,29.59
2012-12-20,Krishnagiri,12.5266,78.2138,Semi-arid,21.89,29.77,15.81,75.15,2.88,0.0,18.95,29.59
2012-12-21,Krishnagiri,12.5266,78.2138,Semi-arid,21.8,29.59,16.95,74.1,2.89,0.0,18.32,29.6
2012-12-22,Krishnagiri,12.5266,78.2138,Semi-arid,21.06,29.64,15.26,70.21,3.06,0.0,18.4,29.6
2012-12-23,Krishnagiri,12.5266,78.2138,Semi-arid,21.6,30.09,16.02,71.98,3.15,0.0,16.21,29.61
2012-12-24,Krishnagiri,12.5266,78.2138,Semi-arid,21.74,30.15,15.8,71.53,2.74,0.0,19.8,29.62
2012-12-25,Krishnagiri,12.5266,78.2138,Semi-arid,22.23,30.14,16.74,70.86,3.28,0.0,16.1,29.64
2012-12-26,Krishnagiri,12.5266,78.2138,Semi-arid,22.75,30.53,17.11,72.73,3.48,0.0,16.34,29.66
2012-12-27,Krishnagiri,12.5266,78.2138,Semi-arid,22.48,29.2,17.05,73.57,3.42,0.0,15.31,29.68
2012-12-28,Krishnagiri,12.5266,78.2138,Semi-arid,22.45,27.31,18.36,81.56,3.03,0.61,10.16,29.7
2012-12-29,Krishnagiri,12.5266,78.2138,Semi-arid,22.99,28.76,19.8,84.95,3.35,3.47,7.08,29.73
2012-12-30,Krishnagiri,12.5266,78.2138,Semi-arid,24.41,31.01,20.36,78.91,3.21,1.07,13.28,29.76
2012-12-31,Krishnagiri,12.5266,78.2138,Semi-arid,24.17,30.55,19.78,77.09,2.42,0.02,16.46,29.79
2013-01-01,Krishnagiri,12.5266,78.2138,Semi-arid,23.69,31.4,18.2,72.26,2.19,0.0,19.67,29.83
2013-01-02,Krishnagiri,12.5266,78.2138,Semi-arid,22.33,31.83,16.01,65.5,1.79,0.0,19.68,29.87
2013-01-03,Krishnagiri,12.5266,78.2138,Semi-arid,22.84,32.4,15.37,67.68,1.65,0.0,19.81,29.91
2013-01-04,Krishnagiri,12.5266,78.2138,Semi-arid,24.47,32.46,18.77,68.36,1.64,0.0,19.87,29.95
2013-01-05,Krishnagiri,12.5266,78.2138,Semi-arid,24.46,32.53,18.62,67.82,1.92,0.0,19.04,30.0
2013-01-06,Krishnagiri,12.5266,78.2138,Semi-arid,24.23,31.31,19.45,70.36,1.75,0.0,18.13,30.06
2013-01-07,Krishnagiri,12.5266,78.2138,Semi-arid,23.7,31.7,18.29,67.17,2.62,0.0,18.71,30.11
2013-01-08,Krishnagiri,12.5266,78.2138,Semi-arid,23.83,32.97,16.8,62.37,2.23,0.0,19.57,30.17
2013-01-09,Krishnagiri,12.5266,78.2138,Semi-arid,23.01,31.16,17.05,65.15,2.53,0.0,19.89,30.23
2013-01-10,Krishnagiri,12.5266,78.2138,Semi-arid,22.75,31.61,16.78,63.82,2.23,0.0,20.53,30.29
2013-01-11,Krishnagiri,12.5266,78.2138,Semi-arid,21.84,30.95,15.61,62.75,2.43,0.0,20.16,30.35
2013-01-12,Krishnagiri,12.5266,78.2138,Semi-arid,21.87,30.92,15.68,64.01,2.26,0.0,20.1,30.41
2013-01-13,Krishnagiri,12.5266,78.2138,Semi-arid,21.79,32.0,14.87,59.0,2.33,0.0,20.09,30.49
2013-01-14,Krishnagiri,12.5266,78.2138,Semi-arid,21.66,31.75,13.57,57.32,2.12,0.0,20.02,30.56
2013-01-15,Krishnagiri,12.5266,78.2138,Semi-arid,21.7,31.59,14.62,61.36,2.24,0.0,21.12,30.64
2013-01-16,Krishnagiri,12.5266,78.2138,Semi-arid,21.95,30.56,15.75,66.88,2.67,0.0,20.19,30.73
2013-01-17,Krishnagiri,12.5266,78.2138,Semi-arid,21.79,30.3,15.79,66.39,2.79,0.0,18.66,30.81
2013-01-18,Krishnagiri,12.5266,78.2138,Semi-arid,21.98,30.65,15.11,64.59,2.53,0.0,20.94,30.9
2013-01-19,Krishnagiri,12.5266,78.2138,Semi-arid,22.37,31.33,16.22,63.44,2.62,0.0,20.69,30.98
2013-01-20,Krishnagiri,12.5266,78.2138,Semi-arid,22.31,31.53,15.04,60.43,2.34,0.0,22.55,31.07
2013-01-21,Krishnagiri,12.5266,78.2138,Semi-arid,23.11,31.9,16.85,58.85,2.24,0.0,20.22,31.15
2013-01-22,Krishnagiri,12.5266,78.2138,Semi-arid,22.14,31.3,15.09,60.38,2.66,0.0,21.86,31.25
2013-01-23,Krishnagiri,12.5266,78.2138,Semi-arid,22.3,31.21,15.71,58.29,2.62,0.0,21.09,31.34
2013-01-24,Krishnagiri,12.5266,78.2138,Semi-arid,22.17,31.85,15.17,56.08,2.41,0.0,21.71,31.44
2013-01-25,Krishnagiri,12.5266,78.2138,Semi-arid,22.14,31.34,15.92,57.11,2.94,0.0,21.55,31.53
2013-01-26,Krishnagiri,12.5266,78.2138,Semi-arid,21.78,31.13,14.49,58.16,3.14,0.0,22.81,31.63
2013-01-27,Krishnagiri,12.5266,78.2138,Semi-arid,22.45,31.22,15.64,61.35,2.7,0.0,21.83,31.73
2013-01-28,Krishnagiri,12.5266,78.2138,Semi-arid,22.99,31.46,16.56,60.98,2.17,0.0,20.91,31.82
2013-01-29,Krishnagiri,12.5266,78.2138,Semi-arid,24.07,32.31,17.44,59.35,1.56,0.0,18.28,31.93
2013-01-30,Krishnagiri,12.5266,78.2138,Semi-arid,24.09,31.9,18.46,60.93,2.69,0.0,17.98,32.03
2013-01-31,Krishnagiri,12.5266,78.2138,Semi-arid,23.38,31.69,17.93,59.54,3.46,0.0,19.84,32.13
2013-02-01,Krishnagiri,12.5266,78.2138,Semi-arid,22.38,31.23,16.37,54.88,3.17,0.0,22.26,32.24
2013-02-02,Krishnagiri,12.5266,78.2138,Semi-arid,21.65,31.17,14.04,53.54,2.67,0.0,22.58,32.34
2013-02-03,Krishnagiri,12.5266,78.2138,Semi-arid,21.93,31.83,13.13,53.26,2.62,0.0,22.41,32.45
2013-02-04,Krishnagiri,12.5266,78.2138,Semi-arid,22.85,32.91,14.36,57.88,2.24,0.0,21.76,32.56
2013-02-05,Krishnagiri,12.5266,78.2138,Semi-arid,24.79,33.27,17.97,66.58,3.15,0.0,16.55,32.66
2013-02-06,Krishnagiri,12.5266,78.2138,Semi-arid,25.43,33.5,19.48,60.29,2.79,0.0,19.15,32.77
2013-02-07,Krishnagiri,12.5266,78.2138,Semi-arid,25.8,34.79,19.1,53.97,1.97,0.0,22.74,32.88
2013-02-08,Krishnagiri,12.5266,78.2138,Semi-arid,26.18,35.07,18.76,54.94,1.93,0.5,20.62,32.99
2013-02-09,Krishnagiri,12.5266,78.2138,Semi-arid,25.58,34.17,19.12,53.72,2.78,0.45,22.47,33.1
2013-02-10,Krishnagiri,12.5266,78.2138,Semi-arid,24.49,33.37,18.36,57.63,3.65,0.0,21.97,33.21
2013-02-11,Krishnagiri,12.5266,78.2138,Semi-arid,24.36,32.54,18.5,60.19,4.34,0.0,18.77,33.32
2013-02-12,Krishnagiri,12.5266,78.2138,Semi-arid,24.72,33.22,18.42,54.96,3.88,0.0,20.76,33.43
2013-02-13,Krishnagiri,12.5266,78.2138,Semi-arid,23.85,30.55,18.0,59.82,3.38,0.0,17.67,33.54
2013-02-14,Krishnagiri,12.5266,78.2138,Semi-arid,24.89,31.11,20.17,64.77,3.33,1.61,16.79,33.65
2013-02-15,Krishnagiri,12.5266,78.2138,Semi-arid,24.17,29.38,20.47,70.51,2.39,3.58,15.04,33.76
2013-02-16,Krishnagiri,12.5266,78.2138,Semi-arid,24.92,32.17,19.08,70.42,1.67,3.88,15.75,33.86
2013-02-17,Krishnagiri,12.5266,78.2138,Semi-arid,26.32,32.89,20.79,67.81,1.47,4.54,17.85,33.97
2013-02-18,Krishnagiri,12.5266,78.2138,Semi-arid,23.64,26.82,21.37,81.49,2.22,3.04,17.13,34.08
2013-02-19,Krishnagiri,12.5266,78.2138,Semi-arid,24.73,31.82,19.21,67.65,2.78,0.1,17.97,34.18
2013-02-20,Krishnagiri,12.5266,78.2138,Semi-arid,24.45,33.3,18.61,61.91,2.93,0.0,22.02,34.29
2013-02-21,Krishnagiri,12.5266,78.2138,Semi-arid,24.19,33.24,17.64,58.22,2.98,0.0,24.12,34.4
2013-02-22,Krishnagiri,12.5266,78.2138,Semi-arid,23.78,32.61,17.0,59.4,3.28,0.0,24.14,34.51
2013-02-23,Krishnagiri,12.5266,78.2138,Semi-arid,24.13,33.48,16.69,54.36,2.78,0.0,24.76,34.61
2013-02-24,Krishnagiri,12.5266,78.2138,Semi-arid,23.64,33.83,16.0,49.49,2.54,0.0,25.98,34.72
2013-02-25,Krishnagiri,12.5266,78.2138,Semi-arid,23.11,33.71,13.21,41.23,2.72,0.0,26.38,34.82
2013-02-26,Krishnagiri,12.5266,78.2138,Semi-arid,23.95,33.95,14.77,39.6,2.91,0.0,25.76,34.92
2013-02-27,Krishnagiri,12.5266,78.2138,Semi-arid,24.38,34.62,15.75,40.73,2.05,0.0,25.64,35.02
2013-02-28,Krishnagiri,12.5266,78.2138,Semi-arid,25.03,35.11,16.26,47.79,2.3,0.0,25.09,35.12
2013-03-01,Krishnagiri,12.5266,78.2138,Semi-arid,25.24,35.24,15.89,39.04,3.15,0.0,25.17,35.22
2013-03-02,Krishnagiri,12.5266,78.2138,Semi-arid,25.45,35.12,16.44,38.07,3.49,0.0,24.58,35.32
2013-03-03,Krishnagiri,12.5266,78.2138,Semi-arid,25.27,35.54,15.59,40.47,3.42,0.0,25.16,35.42
2013-03-04,Krishnagiri,12.5266,78.2138,Semi-arid,25.33,35.58,14.74,52.33,3.55,0.0,22.14,35.52
2013-03-05,Krishnagiri,12.5266,78.2138,Semi-arid,25.46,33.68,19.24,64.2,3.99,1.0,19.88,35.62
2013-03-06,Krishnagiri,12.5266,78.2138,Semi-arid,25.08,32.63,20.13,73.35,3.75,9.64,12.16,35.71
2013-03-07,Krishnagiri,12.5266,78.2138,Semi-arid,25.27,31.85,20.85,73.04,3.35,2.66,16.14,35.8
2013-03-08,Krishnagiri,12.5266,78.2138,Semi-arid,25.15,31.65,20.26,64.92,2.58,0.07,20.39,35.89
2013-03-09,Krishnagiri,12.5266,78.2138,Semi-arid,26.04,33.95,19.68,62.17,2.22,0.02,23.48,35.97
2013-03-10,Krishnagiri,12.5266,78.2138,Semi-arid,26.68,34.55,19.75,59.53,1.76,0.0,24.36,36.06
2013-03-11,Krishnagiri,12.5266,78.2138,Semi-arid,27.07,35.8,20.23,52.66,2.3,0.0,24.16,36.14
2013-03-12,Krishnagiri,12.5266,78.2138,Semi-arid,27.04,35.82,19.58,44.08,1.91,0.0,22.55,36.22
2013-03-13,Krishnagiri,12.5266,78.2138,Semi-arid,27.46,36.6,19.78,41.06,2.18,0.0,24.32,36.3
2013-03-14,Krishnagiri,12.5266,78.2138,Semi-arid,26.22,35.01,18.23,46.74,2.84,0.0,24.56,36.38
2013-03-15,Krishnagiri,12.5266,78.2138,Semi-arid,25.97,35.34,17.43,48.06,2.9,0.0,24.83,36.45
2013-03-16,Krishnagiri,12.5266,78.2138,Semi-arid,26.26,35.25,18.7,52.85,2.68,0.0,23.92,36.53
2013-03-17,Krishnagiri,12.5266,78.2138,Semi-arid,27.19,36.88,19.14,45.88,1.98,0.0,26.16,36.6
2013-03-18,Krishnagiri,12.5266,78.2138,Semi-arid,27.01,36.82,18.52,47.74,2.36,0.0,25.25,36.68
2013-03-19,Krishnagiri,12.5266,78.2138,Semi-arid,27.2,36.22,19.35,49.68,2.14,0.0,24.52,36.75
2013-03-20,Krishnagiri,12.5266,78.2138,Semi-arid,27.74,36.07,20.0,49.24,2.39,0.0,21.58,36.82
2013-03-21,Krishnagiri,12.5266,78.2138,Semi-arid,27.6,35.69,20.08,41.5,2.09,0.0,23.11,36.89
2013-03-22,Krishnagiri,12.5266,78.2138,Semi-arid,28.61,37.76,19.98,34.06,1.79,0.0,24.98,36.96
2013-03-23,Krishnagiri,12.5266,78.2138,Semi-arid,28.04,36.76,19.55,41.52,2.57,0.0,24.97,37.02
2013-03-24,Krishnagiri,12.5266,78.2138,Semi-arid,27.28,36.57,20.15,45.73,2.6,0.0,26.59,37.08
2013-03-25,Krishnagiri,12.5266,78.2138,Semi-arid,27.81,37.9,17.66,42.48,1.76,0.0,22.04,37.14
2013-03-26,Krishnagiri,12.5266,78.2138,Semi-arid,29.61,38.32,20.53,46.98,2.18,0.07,24.34,37.2
2013-03-27,Krishnagiri,12.5266,78.2138,Semi-arid,29.98,38.42,21.9,46.07,2.76,0.0,25.14,37.25
2013-03-28,Krishnagiri,12.5266,78.2138,Semi-arid,29.41,37.62,21.81,48.97,2.27,0.02,25.61,37.31
2013-03-29,Krishnagiri,12.5266,78.2138,Semi-arid,30.16,38.46,23.04,51.41,2.49,0.03,22.5,37.36
2013-03-30,Krishnagiri,12.5266,78.2138,Semi-arid,30.41,38.17,23.64,53.49,2.91,0.0,19.66,37.41
2013-03-31,Krishnagiri,12.5266,78.2138,Semi-arid,30.33,37.23,24.54,54.35,3.08,2.74,23.11,37.46
2013-04-01,Krishnagiri,12.5266,78.2138,Semi-arid,29.96,35.94,24.39,52.75,2.33,0.42,24.12,37.51
2013-04-02,Krishnagiri,12.5266,78.2138,Semi-arid,29.65,37.6,22.99,54.67,2.64,5.32,22.61,37.55
2013-04-03,Krishnagiri,12.5266,78.2138,Semi-arid,29.84,37.13,23.45,54.29,2.27,0.01,21.64,37.59
2013-04-04,Krishnagiri,12.5266,78.2138,Semi-arid,30.92,38.61,23.17,47.42,2.03,0.0,22.68,37.63
2013-04-05,Krishnagiri,12.5266,78.2138,Semi-arid,30.9,37.13,24.27,49.15,1.95,1.16,21.0,37.66
2013-04-06,Krishnagiri,12.5266,78.2138,Semi-arid,31.36,37.71,25.29,43.48,1.48,0.11,21.34,37.7
2013-04-07,Krishnagiri,12.5266,78.2138,Semi-arid,31.6,38.61,24.76,42.36,1.98,0.0,18.67,37.74
2013-04-08,Krishnagiri,12.5266,78.2138,Semi-arid,31.22,37.83,25.42,44.56,2.81,0.0,21.97,37.77
2013-04-09,Krishnagiri,12.5266,78.2138,Semi-arid,31.0,38.42,24.01,46.21,2.84,0.0,24.38,37.8
2013-04-10,Krishnagiri,12.5266,78.2138,Semi-arid,30.14,38.16,23.36,45.46,2.9,0.0,25.88,37.83
2013-04-11,Krishnagiri,12.5266,78.2138,Semi-arid,29.57,38.69,21.56,43.08,2.34,0.0,26.27,37.85
2013-04-12,Krishnagiri,12.5266,78.2138,Semi-arid,29.84,39.03,22.56,49.38,2.9,0.0,26.89,37.88
2013-04-13,Krishnagiri,12.5266,78.2138,Semi-arid,29.64,38.36,22.83,49.62,2.8,0.0,26.74,37.91
2013-04-14,Krishnagiri,12.5266,78.2138,Semi-arid,30.61,38.91,23.87,53.54,2.91,0.0,24.24,37.93
2013-04-15,Krishnagiri,12.5266,78.2138,Semi-arid,30.82,37.39,24.25,51.28,1.93,1.34,21.04,37.95
2013-04-16,Krishnagiri,12.5266,78.2138,Semi-arid,32.17,39.38,26.42,39.15,2.01,0.12,23.79,37.97
2013-04-17,Krishnagiri,12.5266,78.2138,Semi-arid,32.56,39.56,25.08,38.88,1.44,0.11,24.21,37.98
2013-04-18,Krishnagiri,12.5266,78.2138,Semi-arid,30.47,37.59,25.47,46.02,2.18,3.83,21.07,38.0
2013-04-19,Krishnagiri,12.5266,78.2138,Semi-arid,30.64,38.14,23.48,44.14,1.43,0.4,21.4,38.02
2013-04-20,Krishnagiri,12.5266,78.2138,Semi-arid,29.68,36.39,24.92,48.65,2.33,0.32,23.75,38.02
2013-04-21,Krishnagiri,12.5266,78.2138,Semi-arid,29.67,36.25,23.17,53.53,2.49,0.63,22.32,38.03
2013-04-22,Krishnagiri,12.5266,78.2138,Semi-arid,28.5,33.6,24.2,54.98,2.19,0.37,22.4,38.04
2013-04-23,Krishnagiri,12.5266,78.2138,Semi-arid,30.52,37.58,23.3,47.65,2.36,0.18,21.09,38.05
2013-04-24,Krishnagiri,12.5266,78.2138,Semi-arid,28.85,33.49,24.98,56.36,2.29,0.48,16.84,38.06
2013-04-25,Krishnagiri,12.5266,78.2138,Semi-arid,29.18,33.8,24.65,53.77,2.29,0.1,22.08,38.08
2013-04-26,Krishnagiri,12.5266,78.2138,Semi-arid,29.82,36.48,24.33,50.98,2.88,1.05,23.01,38.08
2013-04-27,Krishnagiri,12.5266,78.2138,Semi-arid,30.42,38.14,23.15,49.38,2.49,0.15,22.9,38.09
2013-04-28,Krishnagiri,12.5266,78.2138,Semi-arid,31.15,37.8,24.38,47.93,2.28,0.25,24.16,38.09
2013-04-29,Krishnagiri,12.5266,78.2138,Semi-arid,30.04,34.67,25.14,49.11,1.6,2.53,23.37,38.09
2013-04-30,Krishnagiri,12.5266,78.2138,Semi-arid,30.31,38.04,23.46,50.59,2.8,0.01,26.17,38.08
2013-05-01,Krishnagiri,12.5266,78.2138,Semi-arid,29.96,38.01,23.58,51.18,2.47,0.0,26.39,38.08
2013-05-02,Krishnagiri,12.5266,78.2138,Semi-arid,31.34,39.89,22.59,43.07,2.48,0.0,25.14,38.08
2013-05-03,Krishnagiri,12.5266,78.2138,Semi-arid,31.68,38.6,24.36,45.53,1.55,1.04,21.68,38.07
2013-05-04,Krishnagiri,12.5266,78.2138,Semi-arid,29.94,35.26,25.83,54.07,1.57,1.91,21.62,38.07
2013-05-05,Krishnagiri,12.5266,78.2138,Semi-arid,29.88,36.08,24.89,55.65,2.02,0.17,22.88,38.07
2013-05-06,Krishnagiri,12.5266,78.2138,Semi-arid,30.75,39.07,24.04,50.51,2.8,0.0,20.49,38.06
2013-05-07,Krishnagiri,12.5266,78.2138,Semi-arid,30.52,36.67,24.22,50.18,1.97,0.0,22.58,38.05
2013-05-08,Krishnagiri,12.5266,78.2138,Semi-arid,31.97,38.19,25.25,44.74,1.77,0.01,25.01,38.04
2013-05-09,Krishnagiri,12.5266,78.2138,Semi-arid,31.57,37.05,26.05,49.31,1.95,3.3,24.82,38.04
2013-05-10,Krishnagiri,12.5266,78.2138,Semi-arid,29.89,35.92,25.72,56.06,1.99,3.27,23.33,38.03
2013-05-11,Krishnagiri,12.5266,78.2138,Semi-arid,31.1,37.87,24.79,53.09,1.83,1.52,21.9,38.02
2013-05-12,Krishnagiri,12.5266,78.2138,Semi-arid,29.49,34.53,24.76,56.7,2.58,0.54,19.95,38.0
2013-05-13,Krishnagiri,12.5266,78.2138,Semi-arid,27.01,30.42,23.79,56.92,1.36,0.47,15.12,37.98
2013-05-14,Krishnagiri,12.5266,78.2138,Semi-arid,28.5,33.78,23.39,53.35,3.68,0.0,20.33,37.97
2013-05-15,Krishnagiri,12.5266,78.2138,Semi-arid,29.31,36.18,23.69,52.75,3.32,0.27,23.04,37.96
2013-05-16,Krishnagiri,12.5266,78.2138,Semi-arid,28.84,35.31,23.28,51.73,3.12,0.01,21.13,37.94
2013-05-17,Krishnagiri,12.5266,78.2138,Semi-arid,31.98,39.83,23.92,43.19,1.93,0.03,21.99,37.94
2013-05-18,Krishnagiri,12.5266,78.2138,Semi-arid,31.77,38.43,25.28,47.56,1.6,1.97,23.81,37.93
2013-05-19,Krishnagiri,12.5266,78.2138,Semi-arid,30.7,37.16,24.82,53.01,1.65,1.34,21.81,37.92
2013-05-20,Krishnagiri,12.5266,78.2138,Semi-arid,29.54,36.63,24.63,59.1,2.17,2.3,20.6,37.91
2013-05-21,Krishnagiri,12.5266,78.2138,Semi-arid,29.25,35.97,23.84,56.13,2.67,0.73,23.87,37.9
2013-05-22,Krishnagiri,12.5266,78.2138,Semi-arid,29.11,36.14,23.08,58.63,3.36,9.46,24.45,37.88
2013-05-23,Krishnagiri,12.5266,78.2138,Semi-arid,29.15,36.19,22.85,60.64,3.73,0.34,23.66,37.86
2013-05-24,Krishnagiri,12.5266,78.2138,Semi-arid,29.55,37.28,23.28,57.57,3.56,0.0,22.41,37.84
2013-05-25,Krishnagiri,12.5266,78.2138,Semi-arid,26.12,29.22,23.14,70.0,4.19,0.4,21.67,37.83
2013-05-26,Krishnagiri,12.5266,78.2138,Semi-arid,25.53,30.53,22.2,69.44,3.74,3.63,23.23,37.82
2013-05-27,Krishnagiri,12.5266,78.2138,Semi-arid,26.15,30.41,22.75,72.19,3.65,0.0,18.66,37.81
2013-05-28,Krishnagiri,12.5266,78.2138,Semi-arid,25.33,29.14,22.42,72.3,3.38,1.13,22.71,37.8
2013-05-29,Krishnagiri,12.5266,78.2138,Semi-arid,25.87,31.25,22.27,70.41,3.72,0.03,22.89,37.79
2013-05-30,Krishnagiri,12.5266,78.2138,Semi-arid,26.71,33.22,21.84,69.81,2.61,5.06,14.7,37.77
2013-05-31,Krishnagiri,12.5266,78.2138,Semi-arid,23.94,25.68,22.43,84.72,2.35,45.68,17.25,37.76
2013-06-01,Krishnagiri,12.5266,78.2138,Semi-arid,24.25,28.01,20.6,80.32,3.47,5.99,18.03,37.74
2013-06-02,Krishnagiri,12.5266,78.2138,Semi-arid,24.09,28.41,21.29,81.61,4.11,4.42,17.44,37.71
2013-06-03,Krishnagiri,12.5266,78.2138,Semi-arid,25.26,31.08,20.82,73.73,3.78,3.78,16.61,37.7
2013-06-04,Krishnagiri,12.5266,78.2138,Semi-arid,25.9,31.32,21.4,72.29,3.3,0.0,22.29,37.69
2013-06-05,Krishnagiri,12.5266,78.2138,Semi-arid,26.85,33.43,21.4,67.92,2.79,0.0,19.84,37.68
2013-06-06,Krishnagiri,12.5266,78.2138,Semi-arid,25.54,31.3,21.72,76.59,3.02,13.49,21.38,37.66
2013-06-07,Krishnagiri,12.5266,78.2138,Semi-arid,24.73,28.84,20.92,79.81,3.54,5.35,20.87,37.65
2013-06-08,Krishnagiri,12.5266,78.2138,Semi-arid,23.72,27.95,20.26,75.5,4.34,0.18,19.82,37.64
2013-06-09,Krishnagiri,12.5266,78.2138,Semi-arid,24.22,30.19,19.78,69.02,6.02,0.0,20.42,37.63
2013-06-10,Krishnagiri,12.5266,78.2138,Semi-arid,25.03,32.01,19.81,66.66,5.65,0.0,20.12,37.62
2013-06-11,Krishnagiri,12.5266,78.2138,Semi-arid,24.71,29.94,21.37,73.22,5.64,2.4,16.93,37.61
2013-06-12,Krishnagiri,12.5266,78.2138,Semi-arid,24.6,28.84,20.98,72.5,5.38,0.06,12.13,37.6
2013-06-13,Krishnagiri,12.5266,78.2138,Semi-arid,24.57,30.72,20.45,67.07,6.34,0.0,14.64,37.59
2013-06-14,Krishnagiri,12.5266,78.2138,Semi-arid,24.98,29.51,21.45,65.93,6.6,0.02,16.85,37.58
2013-06-15,Krishnagiri,12.5266,78.2138,Semi-arid,25.85,31.19,22.03,67.82,6.25,0.98,16.46,37.58
2013-06-16,Krishnagiri,12.5266,78.2138,Semi-arid,25.88,31.62,21.67,70.05,5.43,0.03,17.32,37.57
2013-06-17,Krishnagiri,12.5266,78.2138,Semi-arid,25.41,30.94,21.51,69.47,5.46,0.11,16.39,37.56
2013-06-18,Krishnagiri,12.5266,78.2138,Semi-arid,25.12,30.7,20.85,71.15,5.72,4.6,17.57,37.55
2013-06-19,Krishnagiri,12.5266,78.2138,Semi-arid,25.79,32.38,21.24,71.79,5.17,4.48,16.45,37.53
2013-06-20,Krishnagiri,12.5266,78.2138,Semi-arid,25.11,31.06,20.49,71.01,4.76,1.28,20.94,37.53
2013-06-21,Krishnagiri,12.5266,78.2138,Semi-arid,25.28,31.31,20.93,71.86,5.06,3.49,19.03,37.52
2013-06-22,Krishnagiri,12.5266,78.2138,Semi-arid,24.13,28.66,20.99,72.04,5.52,0.88,18.78,37.53
2013-06-23,Krishnagiri,12.5266,78.2138,Semi-arid,24.53,29.98,20.75,67.28,6.44,0.17,18.91,37.53
2013-06-24,Krishnagiri,12.5266,78.2138,Semi-arid,25.18,30.36,21.48,68.75,6.42,1.43,15.23,37.53
2013-06-25,Krishnagiri,12.5266,78.2138,Semi-arid,25.99,32.12,21.39,68.92,5.68,0.54,15.67,37.53
2013-06-26,Krishnagiri,12.5266,78.2138,Semi-arid,25.42,31.76,21.04,76.36,4.45,15.43,16.47,37.52
2013-06-27,Krishnagiri,12.5266,78.2138,Semi-arid,24.83,29.48,21.55,78.11,4.45,2.26,20.69,37.52
2013-06-28,Krishnagiri,12.5266,78.2138,Semi-arid,24.86,30.89,20.39,74.8,3.98,12.13,19.34,37.51
2013-06-29,Krishnagiri,12.5266,78.2138,Semi-arid,24.67,31.12,19.94,71.52,4.27,1.82,19.43,37.51
2013-06-30,Krishnagiri,12.5266,78.2138,Semi-arid,24.06,29.24,19.78,73.4,4.44,0.26,22.85,37.51
2013-07-01,Krishnagiri,12.5266,78.2138,Semi-arid,24.15,29.96,19.6,70.83,5.19,0.03,22.6,37.51
2013-07-02,Krishnagiri,12.5266,78.2138,Semi-arid,24.41,30.91,19.3,68.96,5.91,1.49,18.22,37.51
2013-07-03,Krishnagiri,12.5266,78.2138,Semi-arid,23.53,27.54,19.54,76.46,4.83,1.02,17.14,37.51
2013-07-04,Krishnagiri,12.5266,78.2138,Semi-arid,25.38,31.1,20.89,73.04,4.66,1.65,17.72,37.51
2013-07-05,Krishnagiri,12.5266,78.2138,Semi-arid,25.75,31.95,21.44,72.59,3.7,0.04,13.2,37.5
2013-07-06,Krishnagiri,12.5266,78.2138,Semi-arid,25.78,31.71,21.37,72.51,4.22,5.13,19.93,37.5
2013-07-07,Krishnagiri,12.5266,78.2138,Semi-arid,23.8,27.56,21.07,79.48,4.02,2.78,14.68,37.5
2013-07-08,Krishnagiri,12.5266,78.2138,Semi-arid,24.86,31.06,20.37,72.88,4.2,0.28,14.85,37.51
2013-07-09,Krishnagiri,12.5266,78.2138,Semi-arid,24.34,30.09,20.9,73.24,5.15,2.65,15.38,37.52
2013-07-10,Krishnagiri,12.5266,78.2138,Semi-arid,24.09,29.56,20.67,72.59,5.6,14.14,16.69,37.53
2013-07-11,Krishnagiri,12.5266,78.2138,Semi-arid,24.16,30.52,19.56,70.72,5.2,2.82,15.32,37.55
2013-07-12,Krishnagiri,12.5266,78.2138,Semi-arid,23.86,29.08,19.96,76.49,4.49,0.01,14.42,37.56
2013-07-13,Krishnagiri,12.5266,78.2138,Semi-arid,24.66,30.34,19.77,73.74,4.39,1.0,16.19,37.56
2013-07-14,Krishnagiri,12.5266,78.2138,Semi-arid,24.65,29.99,20.95,75.13,4.19,0.48,16.69,37.56
2013-07-15,Krishnagiri,12.5266,78.2138,Semi-arid,25.16,31.23,20.84,75.43,4.54,1.3,18.16,37.57
2013-07-16,Krishnagiri,12.5266,78.2138,Semi-arid,24.13,28.14,21.53,76.97,4.71,4.72,14.28,37.57
2013-07-17,Krishnagiri,12.5266,78.2138,Semi-arid,24.55,29.28,20.83,75.28,4.39,0.03,10.89,37.58
2013-07-18,Krishnagiri,12.5266,78.2138,Semi-arid,24.62,29.99,21.2,75.43,4.83,1.67,15.33,37.58
2013-07-19,Krishnagiri,12.5266,78.2138,Semi-arid,23.34,26.66,20.85,83.09,4.61,11.56,14.79,37.59
2013-07-20,Krishnagiri,12.5266,78.2138,Semi-arid,23.95,29.05,20.29,78.75,4.88,7.97,16.67,37.6
2013-07-21,Krishnagiri,12.5266,78.2138,Semi-arid,23.66,29.08,19.61,77.1,5.63,1.33,15.31,37.61
2013-07-22,Krishnagiri,12.5266,78.2138,Semi-arid,23.78,28.87,20.19,75.89,5.7,3.03,13.69,37.62
2013-07-23,Krishnagiri,12.5266,78.2138,Semi-arid,24.32,29.73,20.32,74.36,5.66,0.54,14.85,37.62
2013-07-24,Krishnagiri,12.5266,78.2138,Semi-arid,24.0,29.38,20.2,72.86,6.82,0.93,14.42,37.62
2013-07-25,Krishnagiri,12.5266,78.2138,Semi-arid,24.37,30.59,20.24,69.25,6.91,0.06,14.49,37.62
2013-07-26,Krishnagiri,12.5266,78.2138,Semi-arid,24.05,29.34,20.26,73.53,5.93,0.14,13.17,37.63
2013-07-27,Krishnagiri,12.5266,78.2138,Semi-arid,25.15,31.95,20.24,72.73,4.44,0.24,16.62,37.63
2013-07-28,Krishnagiri,12.5266,78.2138,Semi-arid,24.71,30.27,20.29,75.0,4.53,1.53,20.21,37.64
2013-07-29,Krishnagiri,12.5266,78.2138,Semi-arid,23.87,28.97,19.98,72.01,5.15,0.1,16.63,37.64
2013-07-30,Krishnagiri,12.5266,78.2138,Semi-arid,24.25,30.12,19.5,73.6,5.69,0.0,17.83,37.64
2013-07-31,Krishnagiri,12.5266,78.2138,Semi-arid,24.58,30.0,20.87,71.63,7.0,0.09,15.11,37.65
2013-08-01,Krishnagiri,12.5266,78.2138,Semi-arid,24.92,30.65,20.46,72.4,6.43,1.09,16.34,37.65
2013-08-02,Krishnagiri,12.5266,78.2138,Semi-arid,25.0,31.02,20.44,71.57,5.63,0.05,16.81,37.65
2013-08-03,Krishnagiri,12.5266,78.2138,Semi-arid,24.89,31.15,20.3,72.68,4.7,3.34,16.73,37.65
2013-08-04,Krishnagiri,12.5266,78.2138,Semi-arid,25.2,31.15,20.51,74.9,4.64,7.4,18.89,37.66
2013-08-05,Krishnagiri,12.5266,78.2138,Semi-arid,23.99,28.08,21.2,79.57,4.44,7.86,13.87,37.66
2013-08-06,Krishnagiri,12.5266,78.2138,Semi-arid,24.17,29.89,20.28,75.26,4.01,0.65,18.91,37.66
2013-08-07,Krishnagiri,12.5266,78.2138,Semi-arid,25.46,31.9,20.02,72.52,3.58,3.09,19.36,37.66
2013-08-08,Krishnagiri,12.5266,78.2138,Semi-arid,24.47,29.01,21.0,78.77,3.34,4.87,20.48,37.66
2013-08-09,Krishnagiri,12.5266,78.2138,Semi-arid,23.59,27.11,20.49,80.72,3.18,4.14,20.04,37.66
2013-08-10,Krishnagiri,12.5266,78.2138,Semi-arid,24.59,30.0,20.31,77.67,3.75,9.94,15.08,37.66
2013-08-11,Krishnagiri,12.5266,78.2138,Semi-arid,24.51,29.98,20.55,78.63,3.22,6.6,20.28,37.65
2013-08-12,Krishnagiri,12.5266,78.2138,Semi-arid,24.67,30.03,20.42,76.26,3.8,1.34,15.88,37.64
2013-08-13,Krishnagiri,12.5266,78.2138,Semi-arid,24.02,28.23,20.6,78.69,3.67,3.43,19.82,37.63
2013-08-14,Krishnagiri,12.5266,78.2138,Semi-arid,23.6,27.84,20.55,78.62,4.33,14.01,8.88,37.63
2013-08-15,Krishnagiri,12.5266,78.2138,Semi-arid,23.58,28.51,20.25,81.73,3.83,6.04,9.95,37.63
2013-08-16,Krishnagiri,12.5266,78.2138,Semi-arid,23.57,27.89,20.49,82.36,3.54,16.19,14.22,37.62
2013-08-17,Krishnagiri,12.5266,78.2138,Semi-arid,24.25,29.92,20.1,77.05,3.63,1.17,14.72,37.62
2013-08-18,Krishnagiri,12.5266,78.2138,Semi-arid,24.18,29.61,19.88,78.74,3.75,0.38,16.4,37.61
2013-08-19,Krishnagiri,12.5266,78.2138,Semi-arid,24.42,29.47,20.56,78.7,3.77,0.06,16.78,37.6
2013-08-20,Krishnagiri,12.5266,78.2138,Semi-arid,24.79,30.3,20.66,77.34,4.35,2.35,17.92,37.58
2013-08-21,Krishnagiri,12.5266,78.2138,Semi-arid,24.32,29.69,20.08,76.53,4.65,0.17,18.29,37.57
2013-08-22,Krishnagiri,12.5266,78.2138,Semi-arid,25.09,31.67,19.76,72.36,4.64,0.0,22.35,37.55
2013-08-23,Krishnagiri,12.5266,78.2138,Semi-arid,25.22,31.94,19.66,71.75,4.32,0.05,19.69,37.54
2013-08-24,Krishnagiri,12.5266,78.2138,Semi-arid,25.51,32.31,19.81,71.95,3.79,2.81,21.48,37.52
2013-08-25,Krishnagiri,12.5266,78.2138,Semi-arid,24.73,30.35,20.22,75.75,3.58,1.89,20.07,37.5
2013-08-26,Krishnagiri,12.5266,78.2138,Semi-arid,25.16,31.49,20.06,73.06,3.09,0.06,24.14,37.48
2013-08-27,Krishnagiri,12.5266,78.2138,Semi-arid,26.16,33.36,20.19,68.54,2.55,0.01,21.7,37.45
2013-08-28,Krishnagiri,12.5266,78.2138,Semi-arid,25.21,29.84,21.25,75.93,2.1,10.13,19.99,37.43
2013-08-29,Krishnagiri,12.5266,78.2138,Semi-arid,24.29,28.09,21.12,81.9,2.29,19.55,18.63,37.4
2013-08-30,Krishnagiri,12.5266,78.2138,Semi-arid,25.65,31.02,20.71,77.76,1.41,9.56,22.43,37.37
2013-08-31,Krishnagiri,12.5266,78.2138,Semi-arid,25.77,29.97,22.23,79.28,0.62,10.79,21.2,37.34
2013-09-01,Krishnagiri,12.5266,78.2138,Semi-arid,24.96,28.79,21.87,81.31,1.24,16.37,22.16,37.31
2013-09-02,Krishnagiri,12.5266,78.2138,Semi-arid,24.77,29.2,21.09,81.89,1.09,11.81,24.14,37.28
2013-09-03,Krishnagiri,12.5266,78.2138,Semi-arid,22.57,24.83,21.15,86.61,2.45,19.7,23.11,37.25
2013-09-04,Krishnagiri,12.5266,78.2138,Semi-arid,22.68,26.81,19.87,82.63,2.41,1.28,19.57,37.22
2013-09-05,Krishnagiri,12.5266,78.2138,Semi-arid,23.92,28.73,19.4,79.56,2.01,14.34,19.83,37.19
2013-09-06,Krishnagiri,12.5266,78.2138,Semi-arid,23.29,27.57,19.95,81.61,2.38,14.42,19.15,37.15
2013-09-07,Krishnagiri,12.5266,78.2138,Semi-arid,23.36,27.71,20.2,83.63,2.68,5.81,14.92,37.11
2013-09-08,Krishnagiri,12.5266,78.2138,Semi-arid,23.91,28.59,19.88,82.31,1.36,15.81,13.82,37.07
2013-09-09,Krishnagiri,12.5266,78.2138,Semi-arid,23.34,27.47,20.83,86.5,2.4,14.28,16.46,37.03
2013-09-10,Krishnagiri,12.5266,78.2138,Semi-arid,22.6,26.17,20.36,88.55,2.89,28.04,16.79,36.99
2013-09-11,Krishnagiri,12.5266,78.2138,Semi-arid,23.38,27.57,20.3,86.6,2.13,10.48,12.1,36.94
2013-09-12,Krishnagiri,12.5266,78.2138,Semi-arid,23.47,26.79,20.61,86.3,1.78,21.7,13.97,36.89
2013-09-13,Krishnagiri,12.5266,78.2138,Semi-arid,23.98,28.15,20.57,86.96,1.85,5.82,18.25,36.85
2013-09-14,Krishnagiri,12.5266,78.2138,Semi-arid,24.24,28.5,20.62,85.15,1.74,13.98,17.18,36.79
2013-09-15,Krishnagiri,12.5266,78.2138,Semi-arid,24.07,27.76,21.18,87.52,2.37,11.65,20.65,36.74
2013-09-16,Krishnagiri,12.5266,78.2138,Semi-arid,23.95,27.55,20.69,88.24,2.08,9.38,19.89,36.69
2013-09-17,Krishnagiri,12.5266,78.2138,Semi-arid,23.86,28.03,21.18,87.16,2.72,1.52,13.39,36.63
2013-09-18,Krishnagiri,12.5266,78.2138,Semi-arid,23.37,26.99,20.62,87.36,2.83,3.18,19.87,36.57
2013-09-19,Krishnagiri,12.5266,78.2138,Semi-arid,23.32,28.79,19.47,83.69,3.86,0.69,18.72,36.52
2013-09-20,Krishnagiri,12.5266,78.2138,Semi-arid,23.15,27.7,19.52,86.12,4.17,1.44,16.14,36.46
2013-09-21,Krishnagiri,12.5266,78.2138,Semi-arid,23.7,28.99,20.13,82.78,3.37,0.05,17.71,36.39
2013-09-22,Krishnagiri,12.5266,78.2138,Semi-arid,23.61,28.52,20.1,82.79,3.41,0.08,24.5,36.33
2013-09-23,Krishnagiri,12.5266,78.2138,Semi-arid,22.91,28.36,19.02,81.96,2.99,0.0,25.7,36.26
2013-09-24,Krishnagiri,12.5266,78.2138,Semi-arid,23.7,29.74,18.28,81.51,2.67,0.0,23.98,36.2
2013-09-25,Krishnagiri,12.5266,78.2138,Semi-arid,24.33,29.78,19.13,81.62,2.51,0.6,21.34,36.13
2013-09-26,Krishnagiri,12.5266,78.2138,Semi-arid,24.82,29.96,19.89,77.54,1.76,3.79,23.09,36.06
2013-09-27,Krishnagiri,12.5266,78.2138,Semi-arid,24.69,29.52,20.15,78.8,1.67,0.48,23.21,35.98
2013-09-28,Krishnagiri,12.5266,78.2138,Semi-arid,23.69,28.15,20.53,83.3,2.43,0.02,13.84,35.91
2013-09-29,Krishnagiri,12.5266,78.2138,Semi-arid,23.16,28.55,19.4,80.19,3.21,0.0,20.59,35.84
2013-09-30,Krishnagiri,12.5266,78.2138,Semi-arid,23.33,27.77,18.75,84.12,2.82,1.49,21.34,35.76
2013-10-01,Krishnagiri,12.5266,78.2138,Semi-arid,23.92,28.62,20.22,82.91,2.52,1.19,21.27,35.68
2013-10-02,Krishnagiri,12.5266,78.2138,Semi-arid,24.1,28.01,21.58,83.72,2.0,9.17,16.27,35.6
2013-10-03,Krishnagiri,12.5266,78.2138,Semi-arid,23.3,26.96,20.79,85.53,2.02,2.27,18.9,35.52
2013-10-04,Krishnagiri,12.5266,78.2138,Semi-arid,22.61,27.6,18.81,82.44,2.41,0.1,23.34,35.44
2013-10-05,Krishnagiri,12.5266,78.2138,Semi-arid,22.89,28.54,17.74,78.44,2.45,0.0,23.5,35.35
2013-10-06,Krishnagiri,12.5266,78.2138,Semi-arid,24.13,28.95,19.02,80.99,2.1,0.37,21.69,35.27
2013-10-07,Krishnagiri,12.5266,78.2138,Semi-arid,24.35,28.19,21.48,84.98,1.38,3.65,20.12,35.18
2013-10-08,Krishnagiri,12.5266,78.2138,Semi-arid,22.78,24.68,21.24,92.78,1.8,17.35,21.18,35.09
2013-10-09,Krishnagiri,12.5266,78.2138,Semi-arid,23.1,26.53,20.61,88.5,1.2,3.8,18.1,35.01
2013-10-10,Krishnagiri,12.5266,78.2138,Semi-arid,23.6,27.99,20.54,84.46,2.21,1.49,18.55,34.92
2013-10-11,Krishnagiri,12.5266,78.2138,Semi-arid,23.57,28.23,20.11,83.04,2.67,0.07,22.22,34.82
2013-10-12,Krishnagiri,12.5266,78.2138,Semi-arid,23.28,28.98,18.95,80.28,3.48,0.0,22.2,34.72
2013-10-13,Krishnagiri,12.5266,78.2138,Semi-arid,24.15,29.49,19.6,82.12,3.11,0.04,20.16,34.63
2013-10-14,Krishnagiri,12.5266,78.2138,Semi-arid,24.51,29.2,20.09,81.95,2.37,0.09,21.67,34.54
2013-10-15,Krishnagiri,12.5266,78.2138,Semi-arid,24.89,28.42,21.22,82.97,1.13,4.79,12.9,34.45
2013-10-16,Krishnagiri,12.5266,78.2138,Semi-arid,24.53,28.45,21.47,85.99,1.1,4.88,16.54,34.36
2013-10-17,Krishnagiri,12.5266,78.2138,Semi-arid,23.75,27.95,21.39,88.01,1.65,6.72,17.47,34.27
2013-10-18,Krishnagiri,12.5266,78.2138,Semi-arid,23.09,27.02,20.76,88.54,1.74,1.28,19.04,34.17
2013-10-19,Krishnagiri,12.5266,78.2138,Semi-arid,23.67,28.49,20.42,84.6,1.23,4.42,19.53,34.07
2013-10-20,Krishnagiri,12.5266,78.2138,Semi-arid,23.07,27.37,20.59,86.41,1.55,3.43,11.14,33.97
2013-10-21,Krishnagiri,12.5266,78.2138,Semi-arid,22.16,25.67,19.46,88.61,1.87,4.17,10.83,33.86
2013-10-22,Krishnagiri,12.5266,78.2138,Semi-arid,22.37,26.03,19.4,88.48,1.75,3.69,11.84,33.75
2013-10-23,Krishnagiri,12.5266,78.2138,Semi-arid,23.57,28.0,20.66,86.83,2.01,0.72,12.61,33.64
2013-10-24,Krishnagiri,12.5266,78.2138,Semi-arid,23.33,26.97,21.05,89.8,1.61,5.15,14.52,33.54
2013-10-25,Krishnagiri,12.5266,78.2138,Semi-arid,23.57,27.27,20.26,88.54,1.86,3.88,17.1,33.44
2013-10-26,Krishnagiri,12.5266,78.2138,Semi-arid,24.19,28.51,20.63,85.69,1.5,5.75,19.08,33.35
2013-10-27,Krishnagiri,12.5266,78.2138,Semi-arid,23.77,27.76,20.89,84.63,1.92,7.0,18.91,33.25
2013-10-28,Krishnagiri,12.5266,78.2138,Semi-arid,23.39,27.98,19.73,85.34,1.72,2.0,12.56,33.15
2013-10-29,Krishnagiri,12.5266,78.2138,Semi-arid,22.65,26.32,19.74,89.67,1.47,0.72,15.16,33.05
2013-10-30,Krishnagiri,12.5266,78.2138,Semi-arid,22.68,27.58,18.56,86.46,1.55,0.21,14.86,32.94
2013-10-31,Krishnagiri,12.5266,78.2138,Semi-arid,22.91,27.75,19.06,85.04,1.54,0.0,20.56,32.84
2013-11-01,Krishnagiri,12.5266,78.2138,Semi-arid,22.92,27.9,18.52,87.12,1.75,1.74,19.89,32.74
2013-11-02,Krishnagiri,12.5266,78.2138,Semi-arid,23.01,27.42,20.23,88.89,1.97,1.46,17.02,32.64
2013-11-03,Krishnagiri,12.5266,78.2138,Semi-arid,22.38,25.74,19.49,90.57,2.37,2.03,17.02,32.54
2013-11-04,Krishnagiri,12.5266,78.2138,Semi-arid,22.6,26.94,19.53,87.21,2.66,3.15,13.32,32.44
2013-11-05,Krishnagiri,12.5266,78.2138,Semi-arid,22.35,27.23,19.31,85.31,2.66,1.49,15.22,32.34
2013-11-06,Krishnagiri,12.5266,78.2138,Semi-arid,22.12,27.42,18.22,83.85,2.65,0.55,13.96,32.23
2013-11-07,Krishnagiri,12.5266,78.2138,Semi-arid,21.79,27.63,16.97,83.8,2.52,0.05,19.4,32.13
2013-11-08,Krishnagiri,12.5266,78.2138,Semi-arid,21.46,27.42,17.0,79.34,2.12,0.0,18.97,32.04
2013-11-09,Krishnagiri,12.5266,78.2138,Semi-arid,20.29,27.39,14.04,79.06,1.98,0.0,18.29,31.94
2013-11-10,Krishnagiri,12.5266,78.2138,Semi-arid,21.44,28.01,15.72,81.07,1.93,0.0,18.64,31.85
2013-11-11,Krishnagiri,12.5266,78.2138,Semi-arid,22.62,28.74,17.87,80.2,2.11,0.0,17.31,31.76
2013-11-12,Krishnagiri,12.5266,78.2138,Semi-arid,22.21,28.82,17.52,78.84,1.98,0.08,14.75,31.66
2013-11-13,Krishnagiri,12.5266,78.2138,Semi-arid,21.33,27.43,16.43,76.91,1.98,0.02,17.95,31.57
2013-11-14,Krishnagiri,12.5266,78.2138,Semi-arid,22.17,28.87,17.38,76.65,1.94,0.0,18.55,31.47
2013-11-15,Krishnagiri,12.5266,78.2138,Semi-arid,21.24,27.6,16.84,77.67,2.44,0.77,18.89,31.38
2013-11-16,Krishnagiri,12.5266,78.2138,Semi-arid,20.91,23.79,18.18,88.22,3.55,15.74,2.59,31.28
2013-11-17,Krishnagiri,12.5266,78.2138,Semi-arid,21.56,23.89,19.92,92.15,2.82,8.23,14.87,31.2
2013-11-18,Krishnagiri,12.5266,78.2138,Semi-arid,21.88,26.92,17.67,86.67,2.41,5.12,11.19,31.12
2013-11-19,Krishnagiri,12.5266,78.2138,Semi-arid,22.39,27.73,18.69,79.99,1.54,0.28,20.85,31.04
2013-11-20,Krishnagiri,12.5266,78.2138,Semi-arid,22.35,29.05,16.78,78.38,1.71,0.0,18.26,30.95
2013-11-21,Krishnagiri,12.5266,78.2138,Semi-arid,23.02,29.84,17.35,77.09,1.0,0.33,20.27,30.87
2013-11-22,Krishnagiri,12.5266,78.2138,Semi-arid,23.59,29.87,18.6,77.38,0.82,0.03,17.01,30.79
2013-11-23,Krishnagiri,12.5266,78.2138,Semi-arid,23.43,29.02,19.52,83.86,1.03,12.57,15.57,30.72
2013-11-24,Krishnagiri,12.5266,78.2138,Semi-arid,22.31,25.97,19.68,89.09,1.56,4.67,11.88,30.65
2013-11-25,Krishnagiri,12.5266,78.2138,Semi-arid,22.75,27.89,19.01,84.96,1.48,1.68,15.88,30.57
2013-11-26,Krishnagiri,12.5266,78.2138,Semi-arid,23.21,29.03,18.7,80.81,1.43,0.06,20.04,30.5
2013-11-27,Krishnagiri,12.5266,78.2138,Semi-arid,23.09,28.82,18.77,80.91,1.67,0.0,18.79,30.42
2013-11-28,Krishnagiri,12.5266,78.2138,Semi-arid,22.02,29.48,15.89,67.83,1.2,0.0,17.46,30.35
2013-11-29,Krishnagiri,12.5266,78.2138,Semi-arid,21.77,28.21,16.42,80.03,1.81,0.0,14.01,30.29
2013-11-30,Krishnagiri,12.5266,78.2138,Semi-arid,22.88,29.41,17.66,78.48,1.97,0.38,16.16,30.23
2013-12-01,Krishnagiri,12.5266,78.2138,Semi-arid,22.76,27.94,19.62,82.38,2.18,0.95,12.32,30.16
2013-12-02,Krishnagiri,12.5266,78.2138,Semi-arid,22.42,27.89,18.74,83.41,2.29,2.33,12.88,30.11
2013-12-03,Krishnagiri,12.5266,78.2138,Semi-arid,22.09,27.63,18.49,81.51,2.48,0.39,14.01,30.06
2013-12-04,Krishnagiri,12.5266,78.2138,Semi-arid,21.72,27.93,17.76,75.68,3.36,0.16,18.38,30.01
2013-12-05,Krishnagiri,12.5266,78.2138,Semi-arid,21.68,28.73,17.02,75.2,3.13,0.02,18.97,29.96
2013-12-06,Krishnagiri,12.5266,78.2138,Semi-arid,21.46,29.63,15.76,66.15,2.85,0.0,19.25,29.91
2013-12-07,Krishnagiri,12.5266,78.2138,Semi-arid,22.03,29.56,16.15,68.5,2.92,0.0,14.89,29.87
2013-12-08,Krishnagiri,12.5266,78.2138,Semi-arid,22.49,30.2,17.23,73.71,2.76,0.01,16.81,29.83
2013-12-09,Krishnagiri,12.5266,78.2138,Semi-arid,21.77,30.56,15.85,63.83,2.19,0.0,20.32,29.8
2013-12-10,Krishnagiri,12.5266,78.2138,Semi-arid,21.24,31.0,12.62,51.23,1.74,0.0,20.81,29.76
2013-12-11,Krishnagiri,12.5266,78.2138,Semi-arid,22.43,31.51,14.72,53.37,2.01,0.18,19.64,29.73
2013-12-12,Krishnagiri,12.5266,78.2138,Semi-arid,22.05,27.62,18.11,81.1,4.55,3.86,9.56,29.7
2013-12-13,Krishnagiri,12.5266,78.2138,Semi-arid,23.04,29.09,19.63,80.34,3.23,1.48,12.84,29.67
2013-12-14,Krishnagiri,12.5266,78.2138,Semi-arid,23.21,30.32,17.98,79.01,2.28,0.1,10.41,29.65
2013-12-15,Krishnagiri,12.5266,78.2138,Semi-arid,22.27,31.51,14.5,64.31,1.96,0.0,19.73,29.63
2013-12-16,Krishnagiri,12.5266,78.2138,Semi-arid,19.24,29.38,11.09,60.96,2.23,0.0,20.71,29.62
2013-12-17,Krishnagiri,12.5266,78.2138,Semi-arid,19.42,27.77,13.58,74.33,2.59,0.0,16.14,29.61
2013-12-18,Krishnagiri,12.5266,78.2138,Semi-arid,19.92,28.55,13.5,71.95,2.1,0.0,19.79,29.6
2013-12-19,Krishnagiri,12.5266,78.2138,Semi-arid,20.13,29.26,12.74,72.06,1.19,0.0,20.2,29.59
2013-12-20,Krishnagiri,12.5266,78.2138,Semi-arid,20.61,29.68,14.27,68.14,1.27,0.0,20.43,29.59
2013-12-21,Krishnagiri,12.5266,78.2138,Semi-arid,19.83,27.81,14.17,70.92,1.83,0.0,20.55,29.59
2013-12-22,Krishnagiri,12.5266,78.2138,Semi-arid,20.41,28.55,15.28,71.41,2.63,0.0,17.9,29.59
2013-12-23,Krishnagiri,12.5266,78.2138,Semi-arid,20.54,28.34,14.76,72.22,2.75,0.0,15.2,29.6
2013-12-24,Krishnagiri,12.5266,78.2138,Semi-arid,20.89,28.34,15.34,72.66,3.21,0.0,13.94,29.61
2013-12-25,Krishnagiri,12.5266,78.2138,Semi-arid,21.17,29.33,15.91,72.17,2.82,0.0,17.38,29.62
2013-12-26,Krishnagiri,12.5266,78.2138,Semi-arid,20.24,28.43,14.23,70.21,2.32,0.0,16.54,29.64
2013-12-27,Krishnagiri,12.5266,78.2138,Semi-arid,20.33,28.21,15.09,70.97,2.39,0.0,18.71,29.66
2013-12-28,Krishnagiri,12.5266,78.2138,Semi-arid,20.27,28.32,14.22,70.54,1.93,0.0,14.67,29.68
2013-12-29,Krishnagiri,12.5266,78.2138,Semi-arid,19.94,28.33,13.49,68.35,2.23,0.0,18.84,29.71
2013-12-30,Krishnagiri,12.5266,78.2138,Semi-arid,19.85,28.62,12.51,66.73,2.45,0.0,19.74,29.74
2013-12-31,Krishnagiri,12.5266,78.2138,Semi-arid,20.49,28.88,13.24,70.0,2.71,0.0,17.58,29.77
2014-01-01,Krishnagiri,12.5266,78.2138,Semi-arid,21.36,28.86,15.49,72.42,3.01,0.0,14.61,29.81
2014-01-02,Krishnagiri,12.5266,78.2138,Semi-arid,21.6,29.66,16.38,69.32,2.84,0.0,14.22,29.85
2014-01-03,Krishnagiri,12.5266,78.2138,Semi-arid,21.34,28.76,15.61,73.62,2.86,0.0,14.55,29.89
2014-01-04,Krishnagiri,12.5266,78.2138,Semi-arid,21.5,29.61,15.7,66.91,2.53,0.0,14.07,29.93
2014-01-05,Krishnagiri,12.5266,78.2138,Semi-arid,21.34,29.16,15.85,66.31,2.28,0.0,18.91,29.97
2014-01-06,Krishnagiri,12.5266,78.2138,Semi-arid,21.9,31.34,15.15,62.38,2.57,0.0,19.63,30.01
2014-01-07,Krishnagiri,12.5266,78.2138,Semi-arid,21.9,30.61,15.62,64.51,3.15,0.0,20.07,30.06
2014-01-08,Krishnagiri,12.5266,78.2138,Semi-arid,21.98,29.63,16.33,70.39,3.4,0.0,13.39,30.12
2014-01-09,Krishnagiri,12.5266,78.2138,Semi-arid,22.49,30.78,16.38,67.52,2.66,0.0,15.03,30.19
2014-01-10,Krishnagiri,12.5266,78.2138,Semi-arid,22.86,31.21,17.08,66.54,2.35,0.0,19.1,30.26
2014-01-11,Krishnagiri,12.5266,78.2138,Semi-arid,22.57,30.96,17.22,63.48,2.2,0.0,20.03,30.34
2014-01-12,Krishnagiri,12.5266,78.2138,Semi-arid,22.61,31.48,16.47,63.32,2.16,0.0,21.13,30.41
2014-01-13,Krishnagiri,12.5266,78.2138,Semi-arid,22.68,31.07,16.48,61.36,2.75,0.0,20.46,30.49
2014-01-14,Krishnagiri,12.5266,78.2138,Semi-arid,23.03,31.12,17.42,61.88,3.04,0.0,20.67,30.56
2014-01-15,Krishnagiri,12.5266,78.2138,Semi-arid,23.11,31.19,17.41,62.9,2.37,0.0,18.01,30.64
2014-01-16,Krishnagiri,12.5266,78.2138,Semi-arid,23.22,31.04,17.55,65.0,2.36,0.0,17.49,30.72
2014-01-17,Krishnagiri,12.5266,78.2138,Semi-arid,22.82,29.83,18.18,64.49,2.77,0.0,18.16,30.8
2014-01-18,Krishnagiri,12.5266,78.2138,Semi-arid,22.7,30.0,17.84,62.26,2.92,0.0,17.83,30.88
2014-01-19,Krishnagiri,12.5266,78.2138,Semi-arid,22.58,30.2,15.84,68.29,3.39,0.05,15.7,30.96
2014-01-20,Krishnagiri,12.5266,78.2138,Semi-arid,22.77,30.36,17.56,66.45,3.44,0.1,15.24,31.04
2014-01-21,Krishnagiri,12.5266,78.2138,Semi-arid,22.37,30.14,17.07,64.22,3.56,0.0,17.14,31.13
2014-01-22,Krishnagiri,12.5266,78.2138,Semi-arid,22.36,30.27,16.71,62.34,3.44,0.0,16.01,31.22
2014-01-23,Krishnagiri,12.5266,78.2138,Semi-arid,22.05,30.75,14.9,60.12,2.62,0.0,21.21,31.31
2014-01-24,Krishnagiri,12.5266,78.2138,Semi-arid,22.75,31.98,14.4,59.5,2.24,0.0,20.34,31.41
2014-01-25,Krishnagiri,12.5266,78.2138,Semi-arid,23.21,31.29,17.79,60.35,3.21,0.0,19.51,31.5
2014-01-26,Krishnagiri,12.5266,78.2138,Semi-arid,22.18,30.43,16.19,62.92,3.8,0.0,18.65,31.6
2014-01-27,Krishnagiri,12.5266,78.2138,Semi-arid,21.68,29.78,15.31,64.04,3.58,0.0,16.74,31.7
2014-01-28,Krishnagiri,12.5266,78.2138,Semi-arid,21.88,30.32,15.65,59.76,2.98,0.0,20.72,31.8
2014-01-29,Krishnagiri,12.5266,78.2138,Semi-arid,22.49,31.36,15.64,57.52,3.02,0.0,21.4,31.9
2014-01-30,Krishnagiri,12.5266,78.2138,Semi-arid,22.16,31.38,14.35,56.77,2.49,0.0,20.34,32.0
2014-01-31,Krishnagiri,12.5266,78.2138,Semi-arid,22.44,31.6,14.48,57.74,2.65,0.0,21.45,32.09
2014-02-01,Krishnagiri,12.5266,78.2138,Semi-arid,22.85,31.58,16.3,61.73,3.05,0.0,17.29,32.18
2014-02-02,Krishnagiri,12.5266,78.2138,Semi-arid,23.53,31.87,17.82,59.32,3.4,0.0,19.16,32.27
2014-02-03,Krishnagiri,12.5266,78.2138,Semi-arid,22.96,33.05,14.68,55.11,2.52,0.0,22.16,32.37
2014-02-04,Krishnagiri,12.5266,78.2138,Semi-arid,23.44,33.78,16.24,52.21,2.04,0.0,21.57,32.49
2014-02-05,Krishnagiri,12.5266,78.2138,Semi-arid,23.2,33.84,15.14,50.42,1.66,0.0,22.76,32.6
2014-02-06,Krishnagiri,12.5266,78.2138,Semi-arid,23.33,34.37,14.65,49.18,1.94,0.0,23.19,32.73
2014-02-07,Krishnagiri,12.5266,78.2138,Semi-arid,22.97,33.63,14.53,42.42,2.07,0.0,23.58,32.85
2014-02-08,Krishnagiri,12.5266,78.2138,Semi-arid,22.77,33.1,14.4,49.06,1.7,0.0,23.73,32.96
2014-02-09,Krishnagiri,12.5266,78.2138,Semi-arid,23.02,33.24,14.8,48.58,1.6,0.0,23.46,33.07
2014-02-10,Krishnagiri,12.5266,78.2138,Semi-arid,24.02,34.14,15.4,51.96,1.44,0.0,22.97,33.17
2014-02-11,Krishnagiri,12.5266,78.2138,Semi-arid,24.04,33.17,16.57,56.57,2.04,0.0,21.41,33.28
2014-02-12,Krishnagiri,12.5266,78.2138,Semi-arid,24.42,32.99,16.91,54.24,2.05,0.0,21.6,33.38
2014-02-13,Krishnagiri,12.5266,78.2138,Semi-arid,24.93,33.07,18.18,57.11,2.73,0.0,21.17,33.49
2014-02-14,Krishnagiri,12.5266,78.2138,Semi-arid,25.38,33.0,18.79,58.08,1.91,0.0,16.26,33.59
2014-02-15,Krishnagiri,12.5266,78.2138,Semi-arid,25.73,33.2,19.45,58.1,2.18,0.0,17.21,33.7
2014-02-16,Krishnagiri,12.5266,78.2138,Semi-arid,26.81,33.54,20.82,55.06,2.02,0.08,15.13,33.82
2014-02-17,Krishnagiri,12.5266,78.2138,Semi-arid,26.09,33.01,21.39,64.47,2.89,0.01,18.35,33.94
2014-02-18,Krishnagiri,12.5266,78.2138,Semi-arid,25.25,32.04,20.34,63.74,3.69,0.0,16.38,34.05
2014-02-19,Krishnagiri,12.5266,78.2138,Semi-arid,25.18,33.22,19.33,62.05,3.1,0.0,16.95,34.16
2014-02-20,Krishnagiri,12.5266,78.2138,Semi-arid,25.0,32.5,19.01,59.87,2.67,0.0,16.32,34.26
2014-02-21,Krishnagiri,12.5266,78.2138,Semi-arid,25.25,33.62,18.44,54.76,2.31,0.0,19.89,34.37
2014-02-22,Krishnagiri,12.5266,78.2138,Semi-arid,25.27,34.27,17.24,51.37,2.11,0.0,22.96,34.47
2014-02-23,Krishnagiri,12.5266,78.2138,Semi-arid,24.13,33.35,16.62,49.9,2.85,0.0,24.24,34.57
2014-02-24,Krishnagiri,12.5266,78.2138,Semi-arid,24.18,33.66,17.53,67.09,3.8,0.78,13.77,34.68
2014-02-25,Krishnagiri,12.5266,78.2138,Semi-arid,25.08,32.99,19.33,63.44,3.58,0.09,18.25,34.79
2014-02-26,Krishnagiri,12.5266,78.2138,Semi-arid,25.32,34.67,18.81,51.6,2.67,0.0,24.21,34.9
2014-02-27,Krishnagiri,12.5266,78.2138,Semi-arid,25.09,34.55,18.08,51.56,2.2,0.0,24.86,35.0
2014-02-28,Krishnagiri,12.5266,78.2138,Semi-arid,25.91,34.02,19.17,57.34,2.08,0.0,19.38,35.1
2014-03-01,Krishnagiri,12.5266,78.2138,Semi-arid,25.94,32.81,20.21,57.75,2.14,0.46,14.39,35.19
2014-03-02,Krishnagiri,12.5266,78.2138,Semi-arid,24.94,31.59,20.64,60.91,2.31,0.21,16.34,35.29
2014-03-03,Krishnagiri,12.5266,78.2138,Semi-arid,25.72,33.0,20.07,60.49,3.56,0.09,16.75,35.39
2014-03-04,Krishnagiri,12.5266,78.2138,Semi-arid,26.39,34.38,19.79,55.9,2.8,0.16,16.83,35.49
2014-03-05,Krishnagiri,12.5266,78.2138,Semi-arid,26.13,33.5,20.33,59.08,2.79,0.06,18.15,35.59
2014-03-06,Krishnagiri,12.5266,78.2138,Semi-arid,26.02,33.36,20.11,59.74,2.55,1.17,19.9,35.69
2014-03-07,Krishnagiri,12.5266,78.2138,Semi-arid,25.2,32.97,20.09,57.31,3.32,0.33,19.01,35.78
2014-03-08,Krishnagiri,12.5266,78.2138,Semi-arid,25.9,34.56,19.63,55.18,3.31,0.13,24.01,35.87
2014-03-09,Krishnagiri,12.5266,78.2138,Semi-arid,25.27,32.8,19.12,54.26,3.46,0.0,21.29,35.95
2014-03-10,Krishnagiri,12.5266,78.2138,Semi-arid,25.71,33.31,19.79,53.4,3.27,0.0,20.71,36.04
2014-03-11,Krishnagiri,12.5266,78.2138,Semi-arid,24.86,31.77,19.71,55.1,3.32,0.0,23.02,36.12
2014-03-12,Krishnagiri,12.5266,78.2138,Semi-arid,25.54,34.53,18.23,50.8,3.57,0.0,25.46,36.2
2014-03-13,Krishnagiri,12.5266,78.2138,Semi-arid,25.31,34.33,16.96,49.79,3.02,0.0,25.71,36.28
2014-03-14,Krishnagiri,12.5266,78.2138,Semi-arid,25.19,35.2,15.79,43.25,3.0,0.0,26.62,36.36
2014-03-15,Krishnagiri,12.5266,78.2138,Semi-arid,25.21,35.36,15.82,38.38,3.02,0.0,25.92,36.45
2014-03-16,Krishnagiri,12.5266,78.2138,Semi-arid,26.0,35.88,16.31,40.69,3.43,0.0,26.48,36.52
2014-03-17,Krishnagiri,12.5266,78.2138,Semi-arid,26.38,36.48,17.02,39.64,3.12,0.0,26.65,36.6
2014-03-18,Krishnagiri,12.5266,78.2138,Semi-arid,26.76,37.24,16.17,41.95,2.72,0.0,26.7,36.68
2014-03-19,Krishnagiri,12.5266,78.2138,Semi-arid,27.51,36.7,18.01,44.13,2.89,0.0,24.69,36.75
2014-03-20,Krishnagiri,12.5266,78.2138,Semi-arid,28.52,37.92,20.12,44.8,2.16,0.0,25.51,36.81
2014-03-21,Krishnagiri,12.5266,78.2138,Semi-arid,28.55,37.49,20.06,40.73,1.87,0.0,25.08,36.88
2014-03-22,Krishnagiri,12.5266,78.2138,Semi-arid,28.81,37.48,20.37,40.82,2.16,0.0,24.17,36.95
2014-03-23,Krishnagiri,12.5266,78.2138,Semi-arid,28.4,37.41,20.44,45.32,2.91,0.0,25.46,37.01
2014-03-24,Krishnagiri,12.5266,78.2138,Semi-arid,27.24,36.78,18.78,43.11,2.56,0.0,26.92,37.07
2014-03-25,Krishnagiri,12.5266,78.2138,Semi-arid,27.44,37.32,18.54,39.53,2.9,0.0,26.84,37.13
2014-03-26,Krishnagiri,12.5266,78.2138,Semi-arid,27.0,36.77,17.68,38.67,3.19,0.0,25.83,37.2
2014-03-27,Krishnagiri,12.5266,78.2138,Semi-arid,26.92,36.97,17.98,33.75,2.3,0.0,27.35,37.25
2014-03-28,Krishnagiri,12.5266,78.2138,Semi-arid,27.49,37.58,18.48,29.28,2.52,0.0,23.91,37.31
2014-03-29,Krishnagiri,12.5266,78.2138,Semi-arid,28.93,38.31,21.23,27.48,2.44,0.0,26.09,37.36
2014-03-30,Krishnagiri,12.5266,78.2138,Semi-arid,29.41,38.98,20.82,27.85,2.06,0.0,24.77,37.41
2014-03-31,Krishnagiri,12.5266,78.2138,Semi-arid,29.35,38.48,20.49,27.15,2.0,0.0,24.56,37.46
2014-04-01,Krishnagiri,12.5266,78.2138,Semi-arid,29.61,39.06,20.69,30.07,1.93,0.0,24.5,37.5
2014-04-02,Krishnagiri,12.5266,78.2138,Semi-arid,29.95,38.63,21.73,35.57,2.22,0.0,22.97,37.54
2014-04-03,Krishnagiri,12.5266,78.2138,Semi-arid,29.16,38.42,20.79,35.59,2.65,0.0,23.26,37.57
2014-04-04,Krishnagiri,12.5266,78.2138,Semi-arid,28.63,38.15,19.88,36.07,2.62,0.0,26.12,37.61
2014-04-05,Krishnagiri,12.5266,78.2138,Semi-arid,28.99,38.38,19.7,43.01,2.63,0.0,25.66,37.66
2014-04-06,Krishnagiri,12.5266,78.2138,Semi-arid,28.92,37.77,21.19,47.97,2.89,0.0,26.12,37.7
2014-04-07,Krishnagiri,12.5266,78.2138,Semi-arid,29.49,38.41,19.93,45.04,2.18,0.0,27.08,37.74
2014-04-08,Krishnagiri,12.5266,78.2138,Semi-arid,30.16,37.86,22.03,41.14,2.22,0.0,25.08,37.77
2014-04-09,Krishnagiri,12.5266,78.2138,Semi-arid,30.86,37.12,23.91,40.21,1.12,0.54,20.58,37.81
2014-04-10,Krishnagiri,12.5266,78.2138,Semi-arid,30.68,36.73,25.66,39.42,1.4,0.33,18.17,37.84
2014-04-11,Krishnagiri,12.5266,78.2138,Semi-arid,31.01,37.24,23.73,38.54,1.8,0.06,22.9,37.86
2014-04-12,Krishnagiri,12.5266,78.2138,Semi-arid,31.2,37.68,24.38,38.29,2.1,0.14,19.73,37.89
2014-04-13,Krishnagiri,12.5266,78.2138,Semi-arid,30.58,37.44,23.92,44.05,2.66,0.27,22.95,37.91
2014-04-14,Krishnagiri,12.5266,78.2138,Semi-arid,29.56,37.53,23.47,50.96,3.11,0.07,21.4,37.92
2014-04-15,Krishnagiri,12.5266,78.2138,Semi-arid,29.7,37.86,22.96,49.59,2.57,0.4,21.52,37.93
2014-04-16,Krishnagiri,12.5266,78.2138,Semi-arid,30.19,37.51,22.65,40.71,2.11,0.0,23.89,37.95
2014-04-17,Krishnagiri,12.5266,78.2138,Semi-arid,31.01,39.21,22.9,37.43,1.91,0.0,24.57,37.97
2014-04-18,Krishnagiri,12.5266,78.2138,Semi-arid,31.13,39.45,23.0,41.42,2.67,0.01,23.21,37.99
2014-04-19,Krishnagiri,12.5266,78.2138,Semi-arid,30.69,39.61,23.49,42.16,2.44,0.0,26.42,38.02
2014-04-20,Krishnagiri,12.5266,78.2138,Semi-arid,29.56,36.81,23.05,38.6,2.32,0.07,26.84,38.04
2014-04-21,Krishnagiri,12.5266,78.2138,Semi-arid,29.44,38.05,21.34,41.73,2.6,0.0,26.86,38.05
2014-04-22,Krishnagiri,12.5266,78.2138,Semi-arid,29.53,37.68,21.22,43.03,2.61,0.0,26.52,38.06
2014-04-23,Krishnagiri,12.5266,78.2138,Semi-arid,30.48,39.07,22.35,43.39,2.34,0.0,23.93,38.07
2014-04-24,Krishnagiri,12.5266,78.2138,Semi-arid,31.54,39.87,23.43,42.74,2.45,0.09,25.15,38.07
2014-04-25,Krishnagiri,12.5266,78.2138,Semi-arid,32.28,40.27,24.7,39.81,2.12,0.0,25.02,38.08
2014-04-26,Krishnagiri,12.5266,78.2138,Semi-arid,31.98,39.37,24.54,41.52,2.38,0.0,24.82,38.08
2014-04-27,Krishnagiri,12.5266,78.2138,Semi-arid,31.56,39.26,25.29,44.8,3.18,0.0,24.51,38.09
2014-04-28,Krishnagiri,12.5266,78.2138,Semi-arid,30.43,37.37,23.34,46.83,1.85,0.0,21.46,38.09
2014-04-29,Krishnagiri,12.5266,78.2138,Semi-arid,30.7,37.41,24.71,42.33,2.49,0.0,24.88,38.08
2014-04-30,Krishnagiri,12.5266,78.2138,Semi-arid,30.78,38.17,24.11,39.09,2.59,0.0,23.75,38.08
2014-05-01,Krishnagiri,12.5266,78.2138,Semi-arid,29.54,35.91,23.83,45.25,1.9,0.48,23.56,38.07
2014-05-02,Krishnagiri,12.5266,78.2138,Semi-arid,30.38,38.06,23.73,45.23,2.55,1.44,23.33,38.06
2014-05-03,Krishnagiri,12.5266,78.2138,Semi-arid,30.03,37.97,23.76,51.57,3.15,0.67,23.84,38.06
2014-05-04,Krishnagiri,12.5266,78.2138,Semi-arid,28.81,36.87,23.42,57.95,3.18,3.26,22.28,38.06
2014-05-05,Krishnagiri,12.5266,78.2138,Semi-arid,28.26,36.39,22.11,60.99,3.25,1.27,20.54,38.06
2014-05-06,Krishnagiri,12.5266,78.2138,Semi-arid,25.78,30.64,22.65,74.79,3.51,11.34,14.28,38.06
2014-05-07,Krishnagiri,12.5266,78.2138,Semi-arid,24.63,28.7,22.15,80.05,3.7,15.81,14.31,38.05
2014-05-08,Krishnagiri,12.5266,78.2138,Semi-arid,24.86,30.29,22.11,81.53,4.65,8.94,14.31,38.04
2014-05-09,Krishnagiri,12.5266,78.2138,Semi-arid,26.7,33.23,21.64,70.06,3.28,0.7,20.22,38.03
2014-05-10,Krishnagiri,12.5266,78.2138,Semi-arid,28.29,35.01,22.39,65.8,1.68,0.67,23.11,38.02
2014-05-11,Krishnagiri,12.5266,78.2138,Semi-arid,27.56,32.0,23.83,67.5,1.63,0.32,19.91,38.01
2014-05-12,Krishnagiri,12.5266,78.2138,Semi-arid,28.02,33.36,23.38,64.08,1.49,0.02,22.98,38.0
2014-05-13,Krishnagiri,12.5266,78.2138,Semi-arid,27.9,33.69,23.08,64.55,1.66,0.01,19.98,37.99
2014-05-14,Krishnagiri,12.5266,78.2138,Semi-arid,29.39,36.46,23.65,57.91,2.26,0.05,18.76,37.98
2014-05-15,Krishnagiri,12.5266,78.2138,Semi-arid,29.61,36.98,22.8,54.05,2.18,0.24,23.11,37.98
2014-05-16,Krishnagiri,12.5266,78.2138,Semi-arid,30.07,37.86,22.1,52.73,1.98,0.01,21.59,37.97
2014-05-17,Krishnagiri,12.5266,78.2138,Semi-arid,28.94,36.3,22.91,57.71,2.01,3.63,16.31,37.96
2014-05-18,Krishnagiri,12.5266,78.2138,Semi-arid,28.57,34.12,23.36,60.52,1.36,0.03,22.34,37.95
2014-05-19,Krishnagiri,12.5266,78.2138,Semi-arid,29.29,36.31,22.96,57.55,1.34,0.01,23.05,37.93
2014-05-20,Krishnagiri,12.5266,78.2138,Semi-arid,27.8,32.4,22.45,65.42,1.94,2.5,19.3,37.91
2014-05-21,Krishnagiri,12.5266,78.2138,Semi-arid,28.26,36.63,20.92,55.24,2.35,1.39,22.83,37.89
2014-05-22,Krishnagiri,12.5266,78.2138,Semi-arid,28.33,34.64,23.63,65.62,2.91,13.18,23.66,37.88
2014-05-23,Krishnagiri,12.5266,78.2138,Semi-arid,28.04,33.9,23.74,68.15,2.86,4.54,23.58,37.86
2014-05-24,Krishnagiri,12.5266,78.2138,Semi-arid,28.69,35.89,23.51,68.68,2.47,8.36,23.48,37.85
2014-05-25,Krishnagiri,12.5266,78.2138,Semi-arid,26.96,31.11,23.5,72.46,2.09,1.24,19.47,37.83
2014-05-26,Krishnagiri,12.5266,78.2138,Semi-arid,27.19,31.11,23.73,71.78,1.93,7.23,20.62,37.82
2014-05-27,Krishnagiri,12.5266,78.2138,Semi-arid,28.56,33.98,23.06,65.96,1.18,6.78,21.38,37.8
2014-05-28,Krishnagiri,12.5266,78.2138,Semi-arid,28.74,34.82,23.64,65.7,0.97,2.82,23.46,37.78
2014-05-29,Krishnagiri,12.5266,78.2138,Semi-arid,28.55,34.52,23.26,66.4,1.36,7.85,23.26,37.77
2014-05-30,Krishnagiri,12.5266,78.2138,Semi-arid,28.79,35.15,23.48,65.25,1.92,0.57,24.9,37.76
2014-05-31,Krishnagiri,12.5266,78.2138,Semi-arid,30.08,37.77,22.92,61.38,2.06,1.15,24.91,37.74
2014-06-01,Krishnagiri,12.5266,78.2138,Semi-arid,29.85,36.48,23.46,61.68,2.03,0.19,23.11,37.73
2014-06-02,Krishnagiri,12.5266,78.2138,Semi-arid,26.52,29.34,23.51,75.38,1.65,28.73,19.64,37.72
2014-06-03,Krishnagiri,12.5266,78.2138,Semi-arid,25.96,31.8,22.45,73.03,2.45,3.08,20.86,37.7
2014-06-04,Krishnagiri,12.5266,78.2138,Semi-arid,27.96,34.95,21.62,64.64,2.08,0.0,21.71,37.69
2014-06-05,Krishnagiri,12.5266,78.2138,Semi-arid,27.7,33.1,23.27,72.2,2.38,10.63,22.31,37.68
2014-06-06,Krishnagiri,12.5266,78.2138,Semi-arid,27.15,32.12,23.38,75.56,2.24,1.73,23.28,37.66
2014-06-07,Krishnagiri,12.5266,78.2138,Semi-arid,26.97,32.06,23.12,72.26,4.01,0.02,24.59,37.63
2014-06-08,Krishnagiri,12.5266,78.2138,Semi-arid,27.1,33.76,21.93,69.86,3.85,3.15,21.52,37.62
2014-06-09,Krishnagiri,12.5266,78.2138,Semi-arid,25.15,30.02,22.27,78.9,3.3,9.73,9.4,37.61
2014-06-10,Krishnagiri,12.5266,78.2138,Semi-arid,26.39,32.53,21.63,72.67,4.06,0.06,16.03,37.6
2014-06-11,Krishnagiri,12.5266,78.2138,Semi-arid,27.23,34.6,21.65,65.86,4.64,0.0,25.55,37.6
2014-06-12,Krishnagiri,12.5266,78.2138,Semi-arid,27.08,34.46,21.47,64.21,4.87,0.0,23.01,37.6
2014-06-13,Krishnagiri,12.5266,78.2138,Semi-arid,26.45,33.12,20.99,67.36,4.73,0.42,21.91,37.6
2014-06-14,Krishnagiri,12.5266,78.2138,Semi-arid,27.07,33.83,22.16,65.73,4.57,0.01,22.29,37.59
2014-06-15,Krishnagiri,12.5266,78.2138,Semi-arid,26.52,33.96,20.96,60.31,4.77,0.0,22.99,37.57
2014-06-16,Krishnagiri,12.5266,78.2138,Semi-arid,27.35,35.67,20.09,59.53,4.14,0.01,25.63,37.56
2014-06-17,Krishnagiri,12.5266,78.2138,Semi-arid,27.08,34.06,22.09,66.0,5.3,0.0,23.26,37.55
2014-06-18,Krishnagiri,12.5266,78.2138,Semi-arid,26.74,33.45,21.51,66.84,5.27,0.03,18.16,37.55
2014-06-19,Krishnagiri,12.5266,78.2138,Semi-arid,26.91,32.93,22.17,68.44,5.21,0.0,18.36,37.54
2014-06-20,Krishnagiri,12.5266,78.2138,Semi-arid,26.99,33.6,22.07,68.47,4.97,0.39,20.24,37.53
2014-06-21,Krishnagiri,12.5266,78.2138,Semi-arid,26.81,33.69,22.08,70.21,5.31,8.55,20.64,37.53
2014-06-22,Krishnagiri,12.5266,78.2138,Semi-arid,26.05,32.39,21.67,67.92,5.04,0.89,19.83,37.52
2014-06-23,Krishnagiri,12.5266,78.2138,Semi-arid,26.52,33.33,21.09,68.1,4.34,0.58,20.92,37.52
2014-06-24,Krishnagiri,12.5266,78.2138,Semi-arid,27.12,32.85,21.75,66.26,4.51,0.0,22.96,37.51
2014-06-25,Krishnagiri,12.5266,78.2138,Semi-arid,27.93,35.58,21.32,61.21,4.38,0.0,21.11,37.51
2014-06-26,Krishnagiri,12.5266,78.2138,Semi-arid,28.44,35.26,21.51,61.61,2.89,0.0,21.42,37.5
2014-06-27,Krishnagiri,12.5266,78.2138,Semi-arid,28.38,33.33,22.88,63.46,1.44,0.0,21.87,37.5
2014-06-28,Krishnagiri,12.5266,78.2138,Semi-arid,27.07,30.72,23.73,70.28,1.59,7.28,14.23,37.5
2014-06-29,Krishnagiri,12.5266,78.2138,Semi-arid,26.0,31.33,22.09,69.78,3.0,12.58,21.97,37.51
2014-06-30,Krishnagiri,12.5266,78.2138,Semi-arid,26.37,32.19,21.62,73.54,2.91,5.78,22.37,37.51
2014-07-01,Krishnagiri,12.5266,78.2138,Semi-arid,25.48,29.71,22.57,77.79,3.01,2.81,22.77,37.51
2014-07-02,Krishnagiri,12.5266,78.2138,Semi-arid,26.42,32.92,21.68,67.7,4.1,0.01,23.31,37.51
2014-07-03,Krishnagiri,12.5266,78.2138,Semi-arid,26.7,33.34,20.98,64.95,3.82,0.0,24.79,37.5
2014-07-04,Krishnagiri,12.5266,78.2138,Semi-arid,26.88,33.96,21.53,66.17,4.19,0.26,22.97,37.5
2014-07-05,Krishnagiri,12.5266,78.2138,Semi-arid,26.44,32.74,21.86,71.05,3.59,5.71,18.6,37.49
2014-07-06,Krishnagiri,12.5266,78.2138,Semi-arid,25.96,32.27,20.8,68.51,3.15,0.41,17.0,37.49
2014-07-07,Krishnagiri,12.5266,78.2138,Semi-arid,24.92,30.67,20.45,72.03,3.21,0.72,19.45,37.49
2014-07-08,Krishnagiri,12.5266,78.2138,Semi-arid,24.8,30.02,20.59,71.06,4.07,0.35,17.03,37.5
2014-07-09,Krishnagiri,12.5266,78.2138,Semi-arid,24.38,29.92,20.37,68.31,5.14,2.5,17.22,37.52
2014-07-10,Krishnagiri,12.5266,78.2138,Semi-arid,24.95,31.29,20.13,71.65,5.51,3.39,14.88,37.53
2014-07-11,Krishnagiri,12.5266,78.2138,Semi-arid,24.84,29.54,21.41,70.19,5.14,1.71,14.82,37.54
2014-07-12,Krishnagiri,12.5266,78.2138,Semi-arid,25.34,30.73,21.07,70.37,5.99,0.58,19.0,37.55
2014-07-13,Krishnagiri,12.5266,78.2138,Semi-arid,24.89,30.28,20.76,67.02,6.78,1.69,14.91,37.56
2014-07-14,Krishnagiri,12.5266,78.2138,Semi-arid,25.1,30.88,20.5,69.15,6.29,0.02,15.3,37.56
2014-07-15,Krishnagiri,12.5266,78.2138,Semi-arid,25.19,29.49,21.66,71.31,5.65,0.16,13.5,37.57
2014-07-16,Krishnagiri,12.5266,78.2138,Semi-arid,25.67,32.13,21.1,69.93,5.09,0.06,16.6,37.57
2014-07-17,Krishnagiri,12.5266,78.2138,Semi-arid,26.47,33.26,21.17,68.97,5.01,0.0,19.43,37.58
2014-07-18,Krishnagiri,12.5266,78.2138,Semi-arid,26.02,32.32,21.65,69.15,4.76,0.3,22.17,37.58
2014-07-19,Krishnagiri,12.5266,78.2138,Semi-arid,25.87,31.64,21.54,70.85,5.41,0.19,14.74,37.58
2014-07-20,Krishnagiri,12.5266,78.2138,Semi-arid,26.13,32.42,21.58,70.84,5.48,0.26,17.33,37.58
2014-07-21,Krishnagiri,12.5266,78.2138,Semi-arid,25.71,31.73,21.2,69.79,5.85,0.05,18.81,37.58
2014-07-22,Krishnagiri,12.5266,78.2138,Semi-arid,25.58,31.51,21.07,68.16,6.68,0.61,19.95,37.59
2014-07-23,Krishnagiri,12.5266,78.2138,Semi-arid,25.2,31.03,21.29,68.22,7.07,0.81,18.94,37.6
2014-07-24,Krishnagiri,12.5266,78.2138,Semi-arid,25.6,31.8,20.94,67.26,6.24,0.02,18.56,37.6
2014-07-25,Krishnagiri,12.5266,78.2138,Semi-arid,26.28,33.06,20.93,67.86,5.52,0.26,18.35,37.61
2014-07-26,Krishnagiri,12.5266,78.2138,Semi-arid,25.83,31.68,21.48,72.64,4.9,4.73,19.33,37.62
2014-07-27,Krishnagiri,12.5266,78.2138,Semi-arid,25.14,30.24,21.33,74.77,5.05,0.66,17.77,37.63
2014-07-28,Krishnagiri,12.5266,78.2138,Semi-arid,25.96,31.75,21.39,68.68,5.3,0.01,11.71,37.64
2014-07-29,Krishnagiri,12.5266,78.2138,Semi-arid,25.99,32.04,21.05,68.01,5.34,0.0,20.81,37.64
2014-07-30,Krishnagiri,12.5266,78.2138,Semi-arid,25.69,32.33,20.74,70.34,5.53,0.47,16.62,37.65
2014-07-31,Krishnagiri,12.5266,78.2138,Semi-arid,25.55,31.51,21.28,70.52,5.34,0.35,15.76,37.66
2014-08-01,Krishnagiri,12.5266,78.2138,Semi-arid,26.06,31.68,21.51,70.98,5.18,0.34,16.25,37.67
2014-08-02,Krishnagiri,12.5266,78.2138,Semi-arid,26.11,31.82,21.86,69.62,5.09,0.01,9.44,37.67
2014-08-03,Krishnagiri,12.5266,78.2138,Semi-arid,26.0,31.61,21.79,71.51,5.46,0.83,15.81,37.67
2014-08-04,Krishnagiri,12.5266,78.2138,Semi-arid,25.16,29.9,21.8,72.34,6.05,1.92,18.26,37.67
2014-08-05,Krishnagiri,12.5266,78.2138,Semi-arid,25.24,30.4,21.33,72.12,5.56,0.55,18.71,37.67
2014-08-06,Krishnagiri,12.5266,78.2138,Semi-arid,25.64,32.1,20.61,68.24,4.93,0.03,16.63,37.67
2014-08-07,Krishnagiri,12.5266,78.2138,Semi-arid,25.35,31.8,20.92,70.2,4.28,0.03,14.28,37.67
2014-08-08,Krishnagiri,12.5266,78.2138,Semi-arid,25.04,31.12,21.25,72.74,4.44,14.94,16.63,37.66
2014-08-09,Krishnagiri,12.5266,78.2138,Semi-arid,24.42,30.26,19.84,76.03,3.57,5.13,20.39,37.66
2014-08-10,Krishnagiri,12.5266,78.2138,Semi-arid,24.89,31.2,20.23,74.12,3.9,1.52,20.59,37.66
2014-08-11,Krishnagiri,12.5266,78.2138,Semi-arid,24.44,29.58,20.47,75.86,3.19,4.44,20.43,37.65
2014-08-12,Krishnagiri,12.5266,78.2138,Semi-arid,24.84,29.9,20.72,74.32,2.96,2.77,20.41,37.65
2014-08-13,Krishnagiri,12.5266,78.2138,Semi-arid,24.74,30.75,20.44,72.17,3.52,1.31,16.69,37.64
2014-08-14,Krishnagiri,12.5266,78.2138,Semi-arid,24.9,31.23,20.19,74.49,2.99,1.68,21.06,37.63
2014-08-15,Krishnagiri,12.5266,78.2138,Semi-arid,23.44,27.09,21.04,79.29,2.98,4.64,21.11,37.62
2014-08-16,Krishnagiri,12.5266,78.2138,Semi-arid,24.6,30.43,20.39,74.39,2.31,4.3,21.77,37.61
2014-08-17,Krishnagiri,12.5266,78.2138,Semi-arid,24.64,29.99,20.54,76.53,2.28,9.46,20.59,37.6
2014-08-18,Krishnagiri,12.5266,78.2138,Semi-arid,23.13,26.21,21.24,86.01,2.29,7.07,16.84,37.59
2014-08-19,Krishnagiri,12.5266,78.2138,Semi-arid,24.51,29.29,20.31,77.7,1.42,1.04,21.36,37.58
2014-08-20,Krishnagiri,12.5266,78.2138,Semi-arid,26.26,31.73,20.76,70.77,0.9,2.37,22.69,37.57
2014-08-21,Krishnagiri,12.5266,78.2138,Semi-arid,26.25,31.47,21.28,72.37,1.81,0.22,22.46,37.55
2014-08-22,Krishnagiri,12.5266,78.2138,Semi-arid,26.54,33.29,21.49,72.2,2.4,2.39,22.64,37.54
2014-08-23,Krishnagiri,12.5266,78.2138,Semi-arid,25.66,30.88,22.08,77.47,2.85,2.13,16.28,37.53
2014-08-24,Krishnagiri,12.5266,78.2138,Semi-arid,25.12,30.22,20.8,77.54,1.8,5.96,21.04,37.51
2014-08-25,Krishnagiri,12.5266,78.2138,Semi-arid,23.87,27.39,21.37,79.82,2.12,0.71,21.08,37.49
2014-08-26,Krishnagiri,12.5266,78.2138,Semi-arid,24.86,31.8,20.3,71.09,3.81,0.0,18.44,37.47
2014-08-27,Krishnagiri,12.5266,78.2138,Semi-arid,24.32,29.67,20.41,73.67,3.8,0.13,10.53,37.45
2014-08-28,Krishnagiri,12.5266,78.2138,Semi-arid,24.36,29.34,20.56,73.33,4.46,0.13,14.89,37.43
2014-08-29,Krishnagiri,12.5266,78.2138,Semi-arid,24.81,31.02,20.04,71.39,4.78,0.14,14.93,37.41
2014-08-30,Krishnagiri,12.5266,78.2138,Semi-arid,25.0,31.76,20.17,68.34,5.74,0.3,18.5,37.38
2014-08-31,Krishnagiri,12.5266,78.2138,Semi-arid,24.63,30.99,20.24,65.77,5.92,0.29,19.12,37.36
2014-09-01,Krishnagiri,12.5266,78.2138,Semi-arid,24.6,30.63,20.2,73.38,4.35,1.26,16.63,37.33
2014-09-02,Krishnagiri,12.5266,78.2138,Semi-arid,24.99,31.37,20.49,71.72,3.37,0.41,15.97,37.29
2014-09-03,Krishnagiri,12.5266,78.2138,Semi-arid,24.78,30.44,20.4,73.49,3.14,8.05,17.87,37.26
2014-09-04,Krishnagiri,12.5266,78.2138,Semi-arid,25.08,32.01,20.67,72.46,2.87,1.98,17.05,37.23
2014-09-05,Krishnagiri,12.5266,78.2138,Semi-arid,24.59,31.46,20.38,70.02,4.09,1.2,18.34,37.2
2014-09-06,Krishnagiri,12.5266,78.2138,Semi-arid,24.4,31.79,19.04,71.2,4.33,0.77,17.58,37.16
2014-09-07,Krishnagiri,12.5266,78.2138,Semi-arid,24.75,30.74,20.63,71.48,3.97,2.33,16.89,37.12
2014-09-08,Krishnagiri,12.5266,78.2138,Semi-arid,25.38,33.41,19.19,68.89,3.85,0.19,19.36,37.07
2014-09-09,Krishnagiri,12.5266,78.2138,Semi-arid,25.64,33.07,20.09,68.46,3.86,0.83,22.17,37.02
2014-09-10,Krishnagiri,12.5266,78.2138,Semi-arid,26.24,34.06,20.3,66.11,3.39,0.38,23.97,36.98
2014-09-11,Krishnagiri,12.5266,78.2138,Semi-arid,26.41,34.37,19.8,63.22,3.07,0.09,23.77,36.94
2014-09-12,Krishnagiri,12.5266,78.2138,Semi-arid,26.55,33.34,20.5,67.03,2.33,4.06,21.38,36.9
2014-09-13,Krishnagiri,12.5266,78.2138,Semi-arid,26.32,33.51,20.77,68.71,2.52,2.34,18.91,36.86
2014-09-14,Krishnagiri,12.5266,78.2138,Semi-arid,25.39,31.33,20.92,73.29,2.55,6.36,20.85,36.81
2014-09-15,Krishnagiri,12.5266,78.2138,Semi-arid,24.36,29.83,20.8,78.45,3.32,16.88,21.24,36.76
2014-09-16,Krishnagiri,12.5266,78.2138,Semi-arid,24.45,31.08,20.79,74.48,3.66,10.0,17.75,36.7
2014-09-17,Krishnagiri,12.5266,78.2138,Semi-arid,24.53,31.4,19.56,74.61,3.74,2.22,17.99,36.65
2014-09-18,Krishnagiri,12.5266,78.2138,Semi-arid,25.0,31.22,20.54,71.28,3.36,0.03,13.68,36.59
2014-09-19,Krishnagiri,12.5266,78.2138,Semi-arid,25.35,32.29,20.2,69.93,2.91,3.62,17.61,36.53
2014-09-20,Krishnagiri,12.5266,78.2138,Semi-arid,25.0,30.56,20.07,74.9,3.19,1.34,14.97,36.47
2014-09-21,Krishnagiri,12.5266,78.2138,Semi-arid,25.44,30.88,21.19,77.46,1.91,9.28,16.53,36.41
2014-09-22,Krishnagiri,12.5266,78.2138,Semi-arid,25.24,29.91,21.95,81.13,1.68,22.42,15.76,36.34
2014-09-23,Krishnagiri,12.5266,78.2138,Semi-arid,25.03,28.97,21.27,82.89,1.28,13.25,19.91,36.27
2014-09-24,Krishnagiri,12.5266,78.2138,Semi-arid,25.14,29.23,21.6,84.1,0.93,8.8,19.43,36.21
2014-09-25,Krishnagiri,12.5266,78.2138,Semi-arid,24.53,28.77,21.41,85.77,1.65,17.39,21.08,36.14
2014-09-26,Krishnagiri,12.5266,78.2138,Semi-arid,24.53,29.1,21.35,84.63,1.7,2.89,22.02,36.07
2014-09-27,Krishnagiri,12.5266,78.2138,Semi-arid,24.13,28.24,20.79,82.11,1.82,0.4,21.92,36.0
2014-09-28,Krishnagiri,12.5266,78.2138,Semi-arid,23.7,27.7,20.89,83.47,1.83,3.61,20.34,35.93
2014-09-29,Krishnagiri,12.5266,78.2138,Semi-arid,24.55,30.06,20.44,81.18,1.71,1.11,21.74,35.85
2014-09-30,Krishnagiri,12.5266,78.2138,Semi-arid,24.78,30.12,21.01,80.93,1.88,2.39,20.4,35.78
2014-10-01,Krishnagiri,12.5266,78.2138,Semi-arid,24.4,29.98,20.37,77.19,1.51,0.18,22.06,35.7
2014-10-02,Krishnagiri,12.5266,78.2138,Semi-arid,24.65,31.64,18.92,71.79,1.61,0.0,23.26,35.62
2014-10-03,Krishnagiri,12.5266,78.2138,Semi-arid,25.51,31.23,20.74,72.79,0.88,0.0,20.52,35.54
2014-10-04,Krishnagiri,12.5266,78.2138,Semi-arid,25.77,31.26,20.92,72.93,0.94,2.32,19.93,35.47
2014-10-05,Krishnagiri,12.5266,78.2138,Semi-arid,25.63,31.53,20.61,75.61,1.2,6.11,18.14,35.39
2014-10-06,Krishnagiri,12.5266,78.2138,Semi-arid,25.69,31.01,21.93,75.98,0.93,2.44,16.32,35.3
2014-10-07,Krishnagiri,12.5266,78.2138,Semi-arid,23.93,27.56,21.15,83.03,1.67,12.61,16.55,35.22
2014-10-08,Krishnagiri,12.5266,78.2138,Semi-arid,23.09,26.35,20.13,85.98,1.41,20.16,16.67,35.13
2014-10-09,Krishnagiri,12.5266,78.2138,Semi-arid,24.48,28.66,20.66,82.26,0.89,2.74,18.57,35.03
2014-10-10,Krishnagiri,12.5266,78.2138,Semi-arid,25.04,29.72,21.05,81.81,0.47,2.53,18.81,34.94
2014-10-11,Krishnagiri,12.5266,78.2138,Semi-arid,24.88,30.24,20.37,80.62,2.34,0.35,13.52,34.85
2014-10-12,Krishnagiri,12.5266,78.2138,Semi-arid,23.17,28.06,18.92,80.11,2.52,0.24,17.04,34.76
2014-10-13,Krishnagiri,12.5266,78.2138,Semi-arid,25.7,31.6,20.32,70.94,1.65,0.01,19.51,34.66
2014-10-14,Krishnagiri,12.5266,78.2138,Semi-arid,25.18,30.07,21.36,73.89,1.23,0.06,20.88,34.57
2014-10-15,Krishnagiri,12.5266,78.2138,Semi-arid,24.23,28.44,20.86,84.03,2.21,8.62,16.86,34.47
2014-10-16,Krishnagiri,12.5266,78.2138,Semi-arid,23.23,28.52,19.52,80.91,2.09,3.03,16.84,34.38
2014-10-17,Krishnagiri,12.5266,78.2138,Semi-arid,23.07,28.55,19.49,79.39,1.97,8.52,12.26,34.28
2014-10-18,Krishnagiri,12.5266,78.2138,Semi-arid,22.27,25.8,20.23,87.69,2.55,10.44,11.99,34.18
2014-10-19,Krishnagiri,12.5266,78.2138,Semi-arid,21.99,26.13,19.13,87.43,2.49,10.96,12.17,34.07
2014-10-20,Krishnagiri,12.5266,78.2138,Semi-arid,20.72,23.76,18.14,81.75,2.15,6.58,10.95,33.95
2014-10-21,Krishnagiri,12.5266,78.2138,Semi-arid,22.1,27.25,18.96,83.15,2.5,2.63,13.68,33.83
2014-10-22,Krishnagiri,12.5266,78.2138,Semi-arid,22.15,26.96,18.39,86.84,2.31,5.74,14.42,33.72
2014-10-23,Krishnagiri,12.5266,78.2138,Semi-arid,22.1,25.99,19.36,89.76,2.14,9.35,11.54,33.61
2014-10-24,Krishnagiri,12.5266,78.2138,Semi-arid,22.87,27.57,19.05,85.85,1.59,1.56,15.06,33.52
2014-10-25,Krishnagiri,12.5266,78.2138,Semi-arid,23.25,27.3,20.12,87.48,1.56,16.15,15.23,33.43
2014-10-26,Krishnagiri,12.5266,78.2138,Semi-arid,22.23,24.47,20.98,92.71,1.14,4.29,16.89,33.35
2014-10-27,Krishnagiri,12.5266,78.2138,Semi-arid,22.67,26.75,20.22,90.62,1.15,19.73,16.24,33.26
2014-10-28,Krishnagiri,12.5266,78.2138,Semi-arid,23.36,28.21,19.26,83.66,1.19,7.69,15.25,33.17
2014-10-29,Krishnagiri,12.5266,78.2138,Semi-arid,23.05,28.05,19.26,85.17,1.91,0.83,17.89,33.08
2014-10-30,Krishnagiri,12.5266,78.2138,Semi-arid,22.57,27.95,18.89,82.42,2.17,0.01,19.05,32.98
2014-10-31,Krishnagiri,12.5266,78.2138,Semi-arid,20.81,26.02,16.36,78.63,1.63,0.01,17.83,32.88
2014-11-01,Krishnagiri,12.5266,78.2138,Semi-arid,21.72,25.83,18.66,87.01,2.15,2.53,16.55,32.79
2014-11-02,Krishnagiri,12.5266,78.2138,Semi-arid,21.83,25.68,18.4,84.5,1.89,0.47,13.33,32.68
2014-11-03,Krishnagiri,12.5266,78.2138,Semi-arid,21.65,26.84,17.49,81.89,1.63,0.31,8.75,32.58
2014-11-04,Krishnagiri,12.5266,78.2138,Semi-arid,22.05,26.85,17.99,76.33,1.25,0.01,14.86,32.48
2014-11-05,Krishnagiri,12.5266,78.2138,Semi-arid,20.58,26.02,16.7,71.21,1.65,0.0,16.78,32.38
2014-11-06,Krishnagiri,12.5266,78.2138,Semi-arid,21.55,28.61,15.22,65.82,1.78,0.0,20.63,32.28
2014-11-07,Krishnagiri,12.5266,78.2138,Semi-arid,22.3,28.59,17.41,69.72,1.35,0.0,16.88,32.18
2014-11-08,Krishnagiri,12.5266,78.2138,Semi-arid,22.56,29.19,17.16,71.84,1.09,0.0,18.19,32.08
2014-11-09,Krishnagiri,12.5266,78.2138,Semi-arid,23.74,29.87,17.87,70.83,0.59,0.03,13.58,31.98
2014-11-10,Krishnagiri,12.5266,78.2138,Semi-arid,23.16,29.03,18.54,82.0,1.46,0.02,16.75,31.89
2014-11-11,Krishnagiri,12.5266,78.2138,Semi-arid,23.28,29.41,19.05,81.17,1.95,1.62,18.95,31.79
2014-11-12,Krishnagiri,12.5266,78.2138,Semi-arid,22.35,26.48,19.44,86.61,2.75,3.24,12.21,31.7
2014-11-13,Krishnagiri,12.5266,78.2138,Semi-arid,21.22,23.0,19.67,94.15,3.21,16.56,5.94,31.61
2014-11-14,Krishnagiri,12.5266,78.2138,Semi-arid,22.31,25.58,20.24,90.61,2.46,5.01,11.79,31.52
2014-11-15,Krishnagiri,12.5266,78.2138,Semi-arid,22.79,27.73,19.41,86.25,2.37,0.21,16.09,31.43
2014-11-16,Krishnagiri,12.5266,78.2138,Semi-arid,21.04,27.23,16.13,80.37,2.17,0.02,16.81,31.33
2014-11-17,Krishnagiri,12.5266,78.2138,Semi-arid,20.57,27.11,15.92,80.76,2.41,0.01,20.26,31.23
2014-11-18,Krishnagiri,12.5266,78.2138,Semi-arid,21.18,27.41,15.88,82.38,2.79,0.01,13.97,31.14
2014-11-19,Krishnagiri,12.5266,78.2138,Semi-arid,21.85,28.15,17.78,80.13,2.69,0.1,17.03,31.05
2014-11-20,Krishnagiri,12.5266,78.2138,Semi-arid,21.62,28.24,17.34,80.29,2.42,0.0,16.07,30.97
2014-11-21,Krishnagiri,12.5266,78.2138,Semi-arid,21.41,28.23,17.08,79.65,1.96,0.02,18.97,30.89
2014-11-22,Krishnagiri,12.5266,78.2138,Semi-arid,21.54,28.87,15.54,77.96,1.59,0.21,16.76,30.81
2014-11-23,Krishnagiri,12.5266,78.2138,Semi-arid,21.49,28.42,16.34,77.28,2.35,0.06,19.3,30.74
2014-11-24,Krishnagiri,12.5266,78.2138,Semi-arid,21.47,28.23,17.44,76.36,2.79,0.0,18.79,30.66
2014-11-25,Krishnagiri,12.5266,78.2138,Semi-arid,20.79,27.66,15.93,76.49,2.81,0.0,16.42,30.58
2014-11-26,Krishnagiri,12.5266,78.2138,Semi-arid,20.74,28.61,14.62,74.69,2.54,0.0,17.68,30.51
2014-11-27,Krishnagiri,12.5266,78.2138,Semi-arid,21.14,29.37,15.67,72.61,2.25,0.04,17.92,30.44
2014-11-28,Krishnagiri,12.5266,78.2138,Semi-arid,19.89,26.65,15.51,71.82,2.15,0.94,9.18,30.37
2014-11-29,Krishnagiri,12.5266,78.2138,Semi-arid,20.46,28.42,15.48,69.34,2.35,0.47,7.51,30.31
2014-11-30,Krishnagiri,12.5266,78.2138,Semi-arid,20.43,25.7,17.12,72.95,3.11,0.95,10.45,30.24
2014-12-01,Krishnagiri,12.5266,78.2138,Semi-arid,21.39,27.96,16.78,76.15,3.1,0.17,17.01,30.18
2014-12-02,Krishnagiri,12.5266,78.2138,Semi-arid,21.71,29.72,16.44,73.7,2.2,0.05,15.62,30.13
2014-12-03,Krishnagiri,12.5266,78.2138,Semi-arid,20.62,29.78,13.78,68.13,1.83,0.0,20.29,30.07
2014-12-04,Krishnagiri,12.5266,78.2138,Semi-arid,20.44,29.56,14.21,69.47,1.85,0.0,20.07,30.03
2014-12-05,Krishnagiri,12.5266,78.2138,Semi-arid,20.28,28.72,14.75,72.19,1.66,0.0,20.21,29.98
2014-12-06,Krishnagiri,12.5266,78.2138,Semi-arid,20.69,28.56,15.07,72.4,2.01,0.0,17.01,29.94
2014-12-07,Krishnagiri,12.5266,78.2138,Semi-arid,22.76,30.53,16.44,73.98,1.89,0.0,14.75,29.89
2014-12-08,Krishnagiri,12.5266,78.2138,Semi-arid,23.31,29.86,18.64,75.14,1.91,0.0,12.95,29.85
2014-12-09,Krishnagiri,12.5266,78.2138,Semi-arid,23.35,29.24,19.33,79.23,1.85,3.21,15.86,29.81
2014-12-10,Krishnagiri,12.5266,78.2138,Semi-arid,22.66,28.32,19.72,84.32,2.12,6.39,11.87,29.78
2014-12-11,Krishnagiri,12.5266,78.2138,Semi-arid,22.46,28.84,17.52,79.36,1.94,2.22,12.7,29.75
2014-12-12,Krishnagiri,12.5266,78.2138,Semi-arid,22.56,28.09,19.34,82.0,2.27,1.53,11.46,29.72
2014-12-13,Krishnagiri,12.5266,78.2138,Semi-arid,21.55,26.72,17.65,84.87,2.29,4.65,10.16,29.69
2014-12-14,Krishnagiri,12.5266,78.2138,Semi-arid,22.63,28.69,18.78,79.73,2.18,0.65,7.59,29.67
2014-12-15,Krishnagiri,12.5266,78.2138,Semi-arid,23.13,30.35,18.45,72.72,2.18,0.0,18.2,29.64
2014-12-16,Krishnagiri,12.5266,78.2138,Semi-arid,22.65,28.29,18.89,80.54,3.2,0.7,12.17,29.62
2014-12-17,Krishnagiri,12.5266,78.2138,Semi-arid,22.19,28.77,18.18,78.44,3.4,1.18,11.25,29.59
2014-12-18,Krishnagiri,12.5266,78.2138,Semi-arid,22.02,27.98,18.54,81.55,3.69,1.0,10.23,29.58
2014-12-19,Krishnagiri,12.5266,78.2138,Semi-arid,22.27,28.43,18.75,79.37,3.78,0.16,9.2,29.58
2014-12-20,Krishnagiri,12.5266,78.2138,Semi-arid,21.05,26.59,17.07,76.11,2.35,0.0,11.6,29.58
2014-12-21,Krishnagiri,12.5266,78.2138,Semi-arid,21.27,29.02,16.22,73.38,2.42,0.0,12.93,29.59
2014-12-22,Krishnagiri,12.5266,78.2138,Semi-arid,21.18,28.67,15.04,74.54,2.67,0.0,15.18,29.6
2014-12-23,Krishnagiri,12.5266,78.2138,Semi-arid,22.19,30.32,15.95,72.81,2.23,0.0,16.28,29.61
2014-12-24,Krishnagiri,12.5266,78.2138,Semi-arid,22.06,29.7,17.22,73.31,2.47,0.0,11.55,29.62
2014-12-25,Krishnagiri,12.5266,78.2138,Semi-arid,21.03,29.79,15.68,66.16,2.14,0.0,16.51,29.63
2014-12-26,Krishnagiri,12.5266,78.2138,Semi-arid,19.42,28.2,13.43,68.66,2.47,0.0,18.28,29.65
2014-12-27,Krishnagiri,12.5266,78.2138,Semi-arid,20.11,28.38,13.79,68.57,2.63,0.1,12.95,29.67
2014-12-28,Krishnagiri,12.5266,78.2138,Semi-arid,19.92,23.45,16.41,83.86,2.54,1.0,7.12,29.69
2014-12-29,Krishnagiri,12.5266,78.2138,Semi-arid,22.28,29.6,17.85,78.27,2.79,1.19,6.82,29.72
2014-12-30,Krishnagiri,12.5266,78.2138,Semi-arid,23.01,31.01,16.68,72.6,2.53,0.11,14.53,29.74
2014-12-31,Krishnagiri,12.5266,78.2138,Semi-arid,23.76,32.0,17.08,70.24,1.37,0.34,17.31,29.77
2015-01-01,Krishnagiri,12.5266,78.2138,Semi-arid,22.41,27.62,19.2,84.16,1.92,2.4,11.96,29.8
2015-01-02,Krishnagiri,12.5266,78.2138,Semi-arid,23.89,30.56,19.59,76.85,2.31,0.09,15.42,29.84
2015-01-03,Krishnagiri,12.5266,78.2138,Semi-arid,23.48,30.71,18.74,72.33,1.87,0.0,17.03,29.88
2015-01-04,Krishnagiri,12.5266,78.2138,Semi-arid,23.8,31.17,18.86,72.17,1.75,0.0,17.62,29.93
2015-01-05,Krishnagiri,12.5266,78.2138,Semi-arid,23.11,30.14,18.25,71.01,1.87,0.0,18.89,29.98
2015-01-06,Krishnagiri,12.5266,78.2138,Semi-arid,22.5,30.33,17.12,69.5,1.69,0.0,16.27,30.04
2015-01-07,Krishnagiri,12.5266,78.2138,Semi-arid,22.57,31.17,16.68,67.61,1.33,0.0,16.77,30.1
2015-01-08,Krishnagiri,12.5266,78.2138,Semi-arid,22.87,30.67,17.16,68.24,1.1,0.0,15.42,30.16
2015-01-09,Krishnagiri,12.5266,78.2138,Semi-arid,22.05,29.38,16.95,70.62,1.81,0.0,13.52,30.22
2015-01-10,Krishnagiri,12.5266,78.2138,Semi-arid,20.57,30.65,13.65,54.52,1.86,0.0,20.6,30.28
2015-01-11,Krishnagiri,12.5266,78.2138,Semi-arid,19.05,29.0,10.27,61.36,2.39,0.0,21.02,30.34
2015-01-12,Krishnagiri,12.5266,78.2138,Semi-arid,19.37,28.81,12.6,62.36,2.2,0.0,21.29,30.41
2015-01-13,Krishnagiri,12.5266,78.2138,Semi-arid,19.61,29.64,12.73,57.92,2.14,0.0,21.56,30.48
2015-01-14,Krishnagiri,12.5266,78.2138,Semi-arid,19.51,29.61,11.13,59.77,1.8,0.0,20.42,30.56
2015-01-15,Krishnagiri,12.5266,78.2138,Semi-arid,20.47,30.26,13.42,63.07,1.74,0.0,21.5,30.63
2015-01-16,Krishnagiri,12.5266,78.2138,Semi-arid,22.2,30.58,16.01,66.26,1.97,0.0,17.46,30.71
2015-01-17,Krishnagiri,12.5266,78.2138,Semi-arid,22.46,30.81,16.42,62.04,2.31,0.0,16.7,30.79
2015-01-18,Krishnagiri,12.5266,78.2138,Semi-arid,21.91,30.79,14.51,62.95,2.05,0.0,17.95,30.87
2015-01-19,Krishnagiri,12.5266,78.2138,Semi-arid,21.59,30.5,14.57,63.83,2.25,0.0,19.35,30.94
2015-01-20,Krishnagiri,12.5266,78.2138,Semi-arid,21.77,30.25,15.46,64.34,2.14,0.0,19.5,31.03
2015-01-21,Krishnagiri,12.5266,78.2138,Semi-arid,21.22,29.56,15.99,63.86,2.64,0.0,18.07,31.12
2015-01-22,Krishnagiri,12.5266,78.2138,Semi-arid,21.27,30.58,12.69,63.06,2.18,0.0,21.19,31.21
2015-01-23,Krishnagiri,12.5266,78.2138,Semi-arid,22.71,30.43,16.63,68.15,2.66,0.11,13.65,31.3
2015-01-24,Krishnagiri,12.5266,78.2138,Semi-arid,23.01,30.2,17.83,68.28,2.68,0.09,13.77,31.39
2015-01-25,Krishnagiri,12.5266,78.2138,Semi-arid,22.17,31.31,15.67,56.52,2.86,0.0,22.36,31.48
2015-01-26,Krishnagiri,12.5266,78.2138,Semi-arid,21.08,29.86,14.18,64.52,2.99,0.0,19.87,31.57
2015-01-27,Krishnagiri,12.5266,78.2138,Semi-arid,22.25,30.47,15.74,66.7,3.19,0.0,16.29,31.67
2015-01-28,Krishnagiri,12.5266,78.2138,Semi-arid,22.9,31.45,16.88,63.69,2.49,0.0,15.38,31.77
2015-01-29,Krishnagiri,12.5266,78.2138,Semi-arid,23.63,32.04,17.06,63.46,2.24,0.0,15.08,31.88
2015-01-30,Krishnagiri,12.5266,78.2138,Semi-arid,23.27,31.65,17.27,61.82,2.62,0.0,13.56,31.99
2015-01-31,Krishnagiri,12.5266,78.2138,Semi-arid,23.01,31.8,16.32,59.85,2.98,0.0,21.5,32.1
2015-02-01,Krishnagiri,12.5266,78.2138,Semi-arid,22.72,31.46,16.47,60.2,2.73,0.0,20.98,32.2
2015-02-02,Krishnagiri,12.5266,78.2138,Semi-arid,22.41,30.69,16.98,62.04,3.41,0.0,19.19,32.31
2015-02-03,Krishnagiri,12.5266,78.2138,Semi-arid,21.93,30.58,15.72,60.84,3.42,0.0,21.04,32.42
2015-02-04,Krishnagiri,12.5266,78.2138,Semi-arid,22.01,30.64,15.39,59.45,3.16,0.0,20.16,32.53
2015-02-05,Krishnagiri,12.5266,78.2138,Semi-arid,22.22,31.74,13.91,56.85,2.78,0.0,21.05,32.64
2015-02-06,Krishnagiri,12.5266,78.2138,Semi-arid,22.56,32.0,15.71,56.42,2.61,0.0,22.31,32.75
2015-02-07,Krishnagiri,12.5266,78.2138,Semi-arid,22.59,31.8,15.25,55.04,2.63,0.0,22.22,32.85
2015-02-08,Krishnagiri,12.5266,78.2138,Semi-arid,23.22,32.64,15.49,54.28,2.26,0.0,22.98,32.96
2015-02-09,Krishnagiri,12.5266,78.2138,Semi-arid,22.38,30.46,16.21,55.77,2.9,0.0,22.36,33.07
2015-02-10,Krishnagiri,12.5266,78.2138,Semi-arid,21.35,29.17,14.07,60.62,2.66,0.0,21.17,33.18
2015-02-11,Krishnagiri,12.5266,78.2138,Semi-arid,23.61,32.46,16.48,60.29,2.53,0.0,22.21,33.29
2015-02-12,Krishnagiri,12.5266,78.2138,Semi-arid,24.51,33.59,17.63,55.02,2.24,0.0,22.73,33.39
2015-02-13,Krishnagiri,12.5266,78.2138,Semi-arid,24.33,34.43,16.65,47.65,1.89,0.0,23.4,33.5
2015-02-14,Krishnagiri,12.5266,78.2138,Semi-arid,24.57,35.18,16.18,50.14,1.54,0.0,23.66,33.61
2015-02-15,Krishnagiri,12.5266,78.2138,Semi-arid,24.66,34.75,16.31,49.61,1.88,0.0,23.79,33.71
2015-02-16,Krishnagiri,12.5266,78.2138,Semi-arid,23.95,33.48,16.16,53.19,2.07,0.0,23.39,33.82
2015-02-17,Krishnagiri,12.5266,78.2138,Semi-arid,24.1,34.03,16.57,50.42,1.82,0.0,23.97,33.93
2015-02-18,Krishnagiri,12.5266,78.2138,Semi-arid,24.09,34.28,15.77,46.22,1.94,0.0,23.27,34.04
2015-02-19,Krishnagiri,12.5266,78.2138,Semi-arid,24.23,34.26,15.97,49.71,2.29,0.0,23.24,34.15
2015-02-20,Krishnagiri,12.5266,78.2138,Semi-arid,23.26,32.91,15.24,53.12,2.89,0.0,24.16,34.26
2015-02-21,Krishnagiri,12.5266,78.2138,Semi-arid,23.62,32.58,15.66,53.5,3.25,0.0,23.9,34.36
2015-02-22,Krishnagiri,12.5266,78.2138,Semi-arid,23.64,32.69,15.77,52.21,3.24,0.0,24.36,34.47
2015-02-23,Krishnagiri,12.5266,78.2138,Semi-arid,23.18,33.24,13.86,46.12,2.99,0.0,25.53,34.57
2015-02-24,Krishnagiri,12.5266,78.2138,Semi-arid,22.98,33.91,13.08,42.19,2.23,0.0,26.34,34.68
2015-02-25,Krishnagiri,12.5266,78.2138,Semi-arid,24.15,35.16,14.42,48.17,1.59,0.0,24.59,34.79
2015-02-26,Krishnagiri,12.5266,78.2138,Semi-arid,26.52,35.34,18.72,53.2,1.77,0.0,24.47,34.89
2015-02-27,Krishnagiri,12.5266,78.2138,Semi-arid,27.3,35.22,20.27,56.33,1.93,0.0,19.4,34.99
2015-02-28,Krishnagiri,12.5266,78.2138,Semi-arid,25.89,32.51,21.41,65.75,2.23,0.59,19.08,35.1
2015-03-01,Krishnagiri,12.5266,78.2138,Semi-arid,26.54,33.58,21.31,61.32,3.42,0.47,19.58,35.2
2015-03-02,Krishnagiri,12.5266,78.2138,Semi-arid,27.09,34.35,21.17,59.58,2.23,1.49,19.35,35.3
2015-03-03,Krishnagiri,12.5266,78.2138,Semi-arid,25.56,31.71,21.43,67.94,1.66,6.79,16.15,35.4
2015-03-04,Krishnagiri,12.5266,78.2138,Semi-arid,25.58,32.08,21.22,65.36,1.69,2.46,17.52,35.5
2015-03-05,Krishnagiri,12.5266,78.2138,Semi-arid,26.73,34.7,19.5,57.79,2.14,0.02,23.16,35.59
2015-03-06,Krishnagiri,12.5266,78.2138,Semi-arid,26.69,33.78,21.29,60.74,2.11,2.37,20.3,35.69
2015-03-07,Krishnagiri,12.5266,78.2138,Semi-arid,25.98,32.4,20.73,64.29,1.95,2.11,20.59,35.78
2015-03-08,Krishnagiri,12.5266,78.2138,Semi-arid,25.85,33.29,19.99,59.28,2.7,0.08,22.3,35.86
2015-03-09,Krishnagiri,12.5266,78.2138,Semi-arid,25.77,33.45,19.57,59.56,2.58,0.02,21.47,35.95
2015-03-10,Krishnagiri,12.5266,78.2138,Semi-arid,25.28,34.06,18.91,52.11,3.14,0.0,25.09,36.03
2015-03-11,Krishnagiri,12.5266,78.2138,Semi-arid,24.46,33.77,15.56,56.75,3.15,0.0,25.61,36.1
2015-03-12,Krishnagiri,12.5266,78.2138,Semi-arid,25.72,34.68,18.56,58.88,3.59,0.0,21.44,36.18
2015-03-13,Krishnagiri,12.5266,78.2138,Semi-arid,25.87,34.9,19.1,56.74,3.48,0.0,24.71,36.27
2015-03-14,Krishnagiri,12.5266,78.2138,Semi-arid,25.95,34.7,18.46,55.82,3.17,0.01,25.01,36.35
2015-03-15,Krishnagiri,12.5266,78.2138,Semi-arid,26.82,34.78,20.65,56.63,3.21,0.05,22.75,36.43
2015-03-16,Krishnagiri,12.5266,78.2138,Semi-arid,25.92,33.47,19.89,53.13,2.27,1.73,25.42,36.51
2015-03-17,Krishnagiri,12.5266,78.2138,Semi-arid,25.77,35.43,18.32,48.82,1.99,0.0,26.25,36.58
2015-03-18,Krishnagiri,12.5266,78.2138,Semi-arid,26.61,36.96,17.26,38.73,1.73,0.0,25.98,36.66
2015-03-19,Krishnagiri,12.5266,78.2138,Semi-arid,26.97,37.21,18.65,40.7,2.4,0.0,25.31,36.73
2015-03-20,Krishnagiri,12.5266,78.2138,Semi-arid,26.3,36.38,17.82,49.93,2.63,0.0,25.78,36.8
2015-03-21,Krishnagiri,12.5266,78.2138,Semi-arid,26.39,36.47,17.1,46.96,2.64,0.0,25.98,36.87
2015-03-22,Krishnagiri,12.5266,78.2138,Semi-arid,27.49,37.56,18.47,41.63,2.17,0.0,24.88,36.93
2015-03-23,Krishnagiri,12.5266,78.2138,Semi-arid,28.45,37.52,19.89,40.26,1.86,0.0,22.33,37.0
2015-03-24,Krishnagiri,12.5266,78.2138,Semi-arid,28.72,37.67,20.77,44.2,2.54,0.0,23.08,37.06
2015-03-25,Krishnagiri,12.5266,78.2138,Semi-arid,27.67,36.58,19.48,50.14,2.66,0.0,22.1,37.12
2015-03-26,Krishnagiri,12.5266,78.2138,Semi-arid,27.33,35.83,20.64,49.52,3.08,0.0,23.65,37.18
2015-03-27,Krishnagiri,12.5266,78.2138,Semi-arid,26.81,35.56,18.7,48.22,2.69,0.0,25.21,37.24
2015-03-28,Krishnagiri,12.5266,78.2138,Semi-arid,26.61,36.31,17.37,49.05,2.2,0.0,26.52,37.3
2015-03-29,Krishnagiri,12.5266,78.2138,Semi-arid,27.95,36.77,20.64,50.69,2.57,0.0,26.71,37.35
2015-03-30,Krishnagiri,12.5266,78.2138,Semi-arid,27.89,36.43,21.29,51.34,2.71,0.0,25.57,37.41
2015-03-31,Krishnagiri,12.5266,78.2138,Semi-arid,27.65,33.66,22.35,54.92,2.07,0.23,20.04,37.46
2015-04-01,Krishnagiri,12.5266,78.2138,Semi-arid,28.86,36.58,22.23,52.98,2.31,1.07,21.31,37.51
2015-04-02,Krishnagiri,12.5266,78.2138,Semi-arid,30.03,37.81,22.3,48.19,1.77,0.03,23.91,37.56
2015-04-03,Krishnagiri,12.5266,78.2138,Semi-arid,30.59,37.17,23.5,46.03,1.61,2.85,22.88,37.6
2015-04-04,Krishnagiri,12.5266,78.2138,Semi-arid,30.64,37.53,23.56,47.08,1.91,0.03,22.36,37.64
2015-04-05,Krishnagiri,12.5266,78.2138,Semi-arid,30.79,37.02,24.75,46.16,2.0,0.0,23.85,37.67
2015-04-06,Krishnagiri,12.5266,78.2138,Semi-arid,30.57,38.02,24.49,46.44,3.12,0.0,24.91,37.7
2015-04-07,Krishnagiri,12.5266,78.2138,Semi-arid,29.67,37.61,23.23,49.76,3.14,0.01,25.75,37.74
2015-04-08,Krishnagiri,12.5266,78.2138,Semi-arid,29.16,36.57,23.07,52.98,2.76,0.01,22.97,37.77
2015-04-09,Krishnagiri,12.5266,78.2138,Semi-arid,29.47,37.55,22.82,51.81,2.83,0.03,22.7,37.8
2015-04-10,Krishnagiri,12.5266,78.2138,Semi-arid,29.57,37.15,23.17,51.97,2.41,2.0,23.7,37.83
2015-04-11,Krishnagiri,12.5266,78.2138,Semi-arid,27.53,32.11,23.0,59.97,1.67,3.84,24.64,37.86
2015-04-12,Krishnagiri,12.5266,78.2138,Semi-arid,26.52,32.16,22.73,65.62,1.84,7.33,17.06,37.88
2015-04-13,Krishnagiri,12.5266,78.2138,Semi-arid,23.4,26.53,20.64,77.61,2.3,10.9,19.16,37.91
2015-04-14,Krishnagiri,12.5266,78.2138,Semi-arid,24.6,31.72,19.74,73.1,1.73,5.07,23.88,37.93
2015-04-15,Krishnagiri,12.5266,78.2138,Semi-arid,23.48,27.39,21.04,79.99,2.59,8.31,19.77,37.94
2015-04-16,Krishnagiri,12.5266,78.2138,Semi-arid,24.94,30.8,20.77,74.36,1.79,5.73,20.95,37.96
2015-04-17,Krishnagiri,12.5266,78.2138,Semi-arid,26.1,32.59,20.52,69.96,1.16,9.13,22.85,37.98
2015-04-18,Krishnagiri,12.5266,78.2138,Semi-arid,27.08,34.55,20.82,64.24,1.65,0.87,24.21,38.0
2015-04-19,Krishnagiri,12.5266,78.2138,Semi-arid,27.79,35.75,21.75,60.97,2.17,0.01,26.66,38.01
2015-04-20,Krishnagiri,12.5266,78.2138,Semi-arid,27.6,35.99,20.98,62.09,2.35,0.0,24.44,38.04
2015-04-21,Krishnagiri,12.5266,78.2138,Semi-arid,27.55,35.26,21.92,63.06,2.44,0.25,22.36,38.05
2015-04-22,Krishnagiri,12.5266,78.2138,Semi-arid,27.61,35.38,21.47,63.38,2.21,0.1,23.7,38.07
2015-04-23,Krishnagiri,12.5266,78.2138,Semi-arid,27.49,34.28,21.63,64.9,1.63,5.8,21.0,38.08
2015-04-24,Krishnagiri,12.5266,78.2138,Semi-arid,27.17,33.27,21.45,68.11,0.93,25.71,24.11,38.08
2015-04-25,Krishnagiri,12.5266,78.2138,Semi-arid,25.09,29.09,22.5,75.93,2.16,19.73,18.11,38.09
2015-04-26,Krishnagiri,12.5266,78.2138,Semi-arid,25.86,31.35,21.63,71.16,1.28,3.61,21.75,38.09
2015-04-27,Krishnagiri,12.5266,78.2138,Semi-arid,26.39,33.62,21.09,68.75,1.81,0.47,24.5,38.1
2015-04-28,Krishnagiri,12.5266,78.2138,Semi-arid,27.01,35.19,20.16,64.53,1.44,0.0,26.84,38.1
2015-04-29,Krishnagiri,12.5266,78.2138,Semi-arid,27.99,35.99,20.39,64.07,1.43,0.69,23.43,38.1
2015-04-30,Krishnagiri,12.5266,78.2138,Semi-arid,28.37,35.42,21.79,64.6,1.56,3.16,25.27,38.1
2015-05-01,Krishnagiri,12.5266,78.2138,Semi-arid,28.43,36.14,22.29,61.88,1.96,2.19,24.65,38.1
2015-05-02,Krishnagiri,12.5266,78.2138,Semi-arid,27.05,32.15,22.98,69.93,1.58,5.32,22.52,38.1
2015-05-03,Krishnagiri,12.5266,78.2138,Semi-arid,27.35,32.48,23.09,67.64,1.15,1.6,23.4,38.09
2015-05-04,Krishnagiri,12.5266,78.2138,Semi-arid,27.01,33.62,21.87,67.68,1.83,0.13,21.01,38.08
2015-05-05,Krishnagiri,12.5266,78.2138,Semi-arid,27.21,33.85,21.65,64.42,1.48,0.0,23.22,38.07
2015-05-06,Krishnagiri,12.5266,78.2138,Semi-arid,26.65,31.8,21.69,69.57,1.35,0.79,17.65,38.06
2015-05-07,Krishnagiri,12.5266,78.2138,Semi-arid,27.23,33.46,22.11,70.21,1.26,1.89,19.2,38.05
2015-05-08,Krishnagiri,12.5266,78.2138,Semi-arid,27.63,33.02,22.44,66.42,1.29,0.75,24.38,38.04
2015-05-09,Krishnagiri,12.5266,78.2138,Semi-arid,27.16,32.65,22.21,66.91,1.24,0.83,22.31,38.04
2015-05-10,Krishnagiri,12.5266,78.2138,Semi-arid,27.31,32.96,22.57,64.86,1.35,1.33,17.16,38.02
2015-05-11,Krishnagiri,12.5266,78.2138,Semi-arid,26.65,32.72,22.76,58.67,1.78,1.88,15.82,38.02
2015-05-12,Krishnagiri,12.5266,78.2138,Semi-arid,27.17,34.5,21.41,58.71,2.04,0.8,17.91,38.01
2015-05-13,Krishnagiri,12.5266,78.2138,Semi-arid,25.41,30.83,22.3,72.97,2.08,13.55,13.45,38.0
2015-05-14,Krishnagiri,12.5266,78.2138,Semi-arid,25.1,32.32,20.97,69.77,3.03,1.56,14.03,37.99
2015-05-15,Krishnagiri,12.5266,78.2138,Semi-arid,24.58,28.59,21.23,81.93,1.75,8.75,17.0,37.98
2015-05-16,Krishnagiri,12.5266,78.2138,Semi-arid,24.88,28.03,22.34,83.75,1.69,21.55,17.29,37.97
2015-05-17,Krishnagiri,12.5266,78.2138,Semi-arid,25.45,31.05,21.22,78.32,1.36,12.25,20.97,37.96
2015-05-18,Krishnagiri,12.5266,78.2138,Semi-arid,26.32,31.31,21.59,74.96,2.45,1.07,18.31,37.95
2015-05-19,Krishnagiri,12.5266,78.2138,Semi-arid,27.99,35.27,21.68,68.56,2.04,8.51,23.47,37.94
2015-05-20,Krishnagiri,12.5266,78.2138,Semi-arid,27.89,34.29,22.54,69.77,2.7,1.55,24.78,37.92
2015-05-21,Krishnagiri,12.5266,78.2138,Semi-arid,28.03,35.41,22.38,65.13,4.18,0.0,25.01,37.91
2015-05-22,Krishnagiri,12.5266,78.2138,Semi-arid,25.1,28.36,22.69,77.04,3.9,0.0,22.18,37.89
2015-05-23,Krishnagiri,12.5266,78.2138,Semi-arid,26.1,31.45,22.57,69.38,4.65,0.0,19.06,37.87
2015-05-24,Krishnagiri,12.5266,78.2138,Semi-arid,27.32,34.81,20.91,66.34,3.76,2.15,24.09,37.85
2015-05-25,Krishnagiri,12.5266,78.2138,Semi-arid,26.21,30.92,22.39,72.88,4.08,0.14,25.95,37.84
2015-05-26,Krishnagiri,12.5266,78.2138,Semi-arid,28.17,35.63,21.83,62.8,3.26,0.1,22.82,37.83
2015-05-27,Krishnagiri,12.5266,78.2138,Semi-arid,25.56,31.53,22.7,78.16,3.3,10.52,21.07,37.81
2015-05-28,Krishnagiri,12.5266,78.2138,Semi-arid,23.37,27.84,19.19,73.22,3.56,3.1,11.18,37.8
2015-05-29,Krishnagiri,12.5266,78.2138,Semi-arid,27.03,34.11,21.54,70.6,2.45,5.86,21.77,37.78
2015-05-30,Krishnagiri,12.5266,78.2138,Semi-arid,27.57,33.87,22.13,68.11,1.97,1.76,24.01,37.77
2015-05-31,Krishnagiri,12.5266,78.2138,Semi-arid,27.93,34.11,22.73,68.94,1.36,6.6,22.6,37.75
2015-06-01,Krishnagiri,12.5266,78.2138,Semi-arid,26.74,31.83,22.71,73.67,2.28,8.05,17.18,37.74
2015-06-02,Krishnagiri,12.5266,78.2138,Semi-arid,25.35,29.4,22.17,78.81,2.38,3.59,19.47,37.73
2015-06-03,Krishnagiri,12.5266,78.2138,Semi-arid,25.43,29.85,22.41,79.23,1.49,1.98,23.39,37.72
2015-06-04,Krishnagiri,12.5266,78.2138,Semi-arid,25.71,30.32,21.86,79.75,1.35,16.27,20.46,37.71
2015-06-05,Krishnagiri,12.5266,78.2138,Semi-arid,24.88,28.91,21.66,83.2,1.59,5.41,21.76,37.69
2015-06-06,Krishnagiri,12.5266,78.2138,Semi-arid,25.95,30.96,21.98,75.77,1.45,0.01,22.97,37.68
2015-06-07,Krishnagiri,12.5266,78.2138,Semi-arid,26.98,33.36,21.92,68.33,2.58,0.01,25.47,37.66
2015-06-08,Krishnagiri,12.5266,78.2138,Semi-arid,25.96,32.47,20.62,70.27,2.46,0.15,24.44,37.65
2015-06-09,Krishnagiri,12.5266,78.2138,Semi-arid,25.93,31.08,21.71,75.37,2.42,5.2,24.09,37.64
2015-06-10,Krishnagiri,12.5266,78.2138,Semi-arid,26.06,31.84,22.11,74.1,2.68,1.56,23.89,37.63
2015-06-11,Krishnagiri,12.5266,78.2138,Semi-arid,26.72,33.35,21.74,71.96,2.91,6.95,24.41,37.62
2015-06-12,Krishnagiri,12.5266,78.2138,Semi-arid,24.88,28.46,22.03,78.69,3.3,0.64,19.95,37.62
2015-06-13,Krishnagiri,12.5266,78.2138,Semi-arid,25.71,31.77,20.98,74.35,3.16,5.6,23.6,37.6
2015-06-14,Krishnagiri,12.5266,78.2138,Semi-arid,25.03,31.15,20.71,72.17,4.3,1.79,22.41,37.59
2015-06-15,Krishnagiri,12.5266,78.2138,Semi-arid,24.7,31.08,19.98,68.07,5.14,0.44,21.79,37.58
2015-06-16,Krishnagiri,12.5266,78.2138,Semi-arid,24.53,31.41,20.17,68.45,4.78,0.74,17.85,37.56
2015-06-17,Krishnagiri,12.5266,78.2138,Semi-arid,24.54,30.3,20.69,72.12,4.77,1.01,12.76,37.55
2015-06-18,Krishnagiri,12.5266,78.2138,Semi-arid,23.71,29.05,19.87,72.4,4.81,2.21,13.3,37.54
2015-06-19,Krishnagiri,12.5266,78.2138,Semi-arid,24.73,30.09,20.7,74.01,5.04,2.34,11.77,37.52
2015-06-20,Krishnagiri,12.5266,78.2138,Semi-arid,25.6,31.96,21.34,68.95,6.44,1.51,14.66,37.51
2015-06-21,Krishnagiri,12.5266,78.2138,Semi-arid,25.39,30.29,21.91,69.02,6.66,2.95,16.49,37.5
2015-06-22,Krishnagiri,12.5266,78.2138,Semi-arid,25.73,30.03,22.6,70.4,6.27,0.53,19.65,37.5
2015-06-23,Krishnagiri,12.5266,78.2138,Semi-arid,25.53,30.78,22.11,76.7,4.69,4.65,19.56,37.5
2015-06-24,Krishnagiri,12.5266,78.2138,Semi-arid,25.14,29.95,21.62,77.48,4.24,0.69,22.2,37.5
2015-06-25,Krishnagiri,12.5266,78.2138,Semi-arid,26.12,31.84,21.35,73.4,5.28,0.72,21.36,37.51
2015-06-26,Krishnagiri,12.5266,78.2138,Semi-arid,25.71,30.8,22.05,70.14,6.42,0.51,15.03,37.51
2015-06-27,Krishnagiri,12.5266,78.2138,Semi-arid,26.08,32.03,21.77,68.53,5.52,0.01,16.58,37.51
2015-06-28,Krishnagiri,12.5266,78.2138,Semi-arid,25.84,30.9,21.9,73.43,4.1,0.63,20.85,37.51
2015-06-29,Krishnagiri,12.5266,78.2138,Semi-arid,26.29,32.36,21.22,71.74,3.65,0.67,22.75,37.51
2015-06-30,Krishnagiri,12.5266,78.2138,Semi-arid,26.92,33.87,21.8,64.48,3.84,0.04,23.57,37.52
2015-07-01,Krishnagiri,12.5266,78.2138,Semi-arid,26.61,33.69,20.47,66.53,3.75,0.0,24.29,37.52
2015-07-02,Krishnagiri,12.5266,78.2138,Semi-arid,26.98,33.85,21.18,65.48,3.68,0.01,22.87,37.52
2015-07-03,Krishnagiri,12.5266,78.2138,Semi-arid,26.96,33.27,21.67,68.26,3.86,0.64,21.82,37.52
2015-07-04,Krishnagiri,12.5266,78.2138,Semi-arid,27.37,34.19,22.23,66.9,4.16,0.04,22.63,37.52
2015-07-05,Krishnagiri,12.5266,78.2138,Semi-arid,27.57,34.88,21.61,63.45,4.44,0.0,24.6,37.52
2015-07-06,Krishnagiri,12.5266,78.2138,Semi-arid,27.27,34.52,21.22,61.96,5.12,0.14,25.07,37.52
2015-07-07,Krishnagiri,12.5266,78.2138,Semi-arid,26.84,34.76,20.56,61.46,5.29,0.35,23.9,37.52
2015-07-08,Krishnagiri,12.5266,78.2138,Semi-arid,26.99,34.28,20.95,64.79,4.92,0.42,23.23,37.53
2015-07-09,Krishnagiri,12.5266,78.2138,Semi-arid,27.35,34.5,21.87,65.26,5.08,1.27,20.95,37.53
2015-07-10,Krishnagiri,12.5266,78.2138,Semi-arid,25.51,29.93,22.19,75.4,4.54,3.94,17.86,37.54
2015-07-11,Krishnagiri,12.5266,78.2138,Semi-arid,25.94,31.3,21.77,71.69,4.68,0.7,17.81,37.54
2015-07-12,Krishnagiri,12.5266,78.2138,Semi-arid,27.48,35.25,21.1,63.24,4.15,0.3,23.26,37.55
2015-07-13,Krishnagiri,12.5266,78.2138,Semi-arid,27.77,35.26,21.24,62.15,3.6,0.08,22.75,37.55
2015-07-14,Krishnagiri,12.5266,78.2138,Semi-arid,27.89,34.85,22.22,62.97,3.2,0.15,19.54,37.56
2015-07-15,Krishnagiri,12.5266,78.2138,Semi-arid,26.29,30.67,22.82,71.28,3.9,0.9,16.8,37.56
2015-07-16,Krishnagiri,12.5266,78.2138,Semi-arid,26.68,33.66,21.82,67.15,4.58,1.5,21.3,37.57
2015-07-17,Krishnagiri,12.5266,78.2138,Semi-arid,26.0,32.83,21.26,69.57,5.16,1.26,18.68,37.57
2015-07-18,Krishnagiri,12.5266,78.2138,Semi-arid,26.26,32.51,21.9,68.69,5.25,1.88,17.86,37.58
2015-07-19,Krishnagiri,12.5266,78.2138,Semi-arid,25.17,31.05,21.67,70.71,6.07,1.71,14.68,37.58
2015-07-20,Krishnagiri,12.5266,78.2138,Semi-arid,25.83,32.6,20.71,69.47,5.24,4.68,18.37,37.58
2015-07-21,Krishnagiri,12.5266,78.2138,Semi-arid,25.43,31.79,21.6,75.13,4.01,4.44,17.32,37.59
2015-07-22,Krishnagiri,12.5266,78.2138,Semi-arid,25.72,31.44,21.29,73.33,3.87,1.44,21.68,37.6
2015-07-23,Krishnagiri,12.5266,78.2138,Semi-arid,26.0,32.63,21.46,68.48,3.98,1.66,20.52,37.6
2015-07-24,Krishnagiri,12.5266,78.2138,Semi-arid,26.07,32.83,20.35,65.77,3.63,0.98,23.51,37.61
2015-07-25,Krishnagiri,12.5266,78.2138,Semi-arid,25.33,31.93,20.67,68.95,3.96,2.54,22.29,37.62
2015-07-26,Krishnagiri,12.5266,78.2138,Semi-arid,24.65,30.85,20.3,69.96,3.7,0.41,16.71,37.62
2015-07-27,Krishnagiri,12.5266,78.2138,Semi-arid,25.74,33.57,19.5,64.9,3.47,1.47,20.47,37.63
2015-07-28,Krishnagiri,12.5266,78.2138,Semi-arid,26.95,34.92,20.22,58.81,3.83,0.24,23.51,37.64
2015-07-29,Krishnagiri,12.5266,78.2138,Semi-arid,27.05,35.19,19.99,60.74,3.62,0.01,25.32,37.65
2015-07-30,Krishnagiri,12.5266,78.2138,Semi-arid,27.31,35.41,20.26,59.32,3.89,0.0,21.32,37.65
2015-07-31,Krishnagiri,12.5266,78.2138,Semi-arid,26.69,33.55,21.05,64.3,3.5,0.19,21.14,37.66
2015-08-01,Krishnagiri,12.5266,78.2138,Semi-arid,25.42,31.1,20.97,69.21,3.43,1.58,17.0,37.66
2015-08-02,Krishnagiri,12.5266,78.2138,Semi-arid,25.83,32.15,20.73,66.78,3.59,0.22,18.02,37.66
2015-08-03,Krishnagiri,12.5266,78.2138,Semi-arid,25.78,31.58,21.21,70.16,3.82,2.64,19.34,37.67
2015-08-04,Krishnagiri,12.5266,78.2138,Semi-arid,26.47,33.72,21.13,67.1,4.7,2.71,21.7,37.67
2015-08-05,Krishnagiri,12.5266,78.2138,Semi-arid,25.82,33.33,20.94,65.64,5.12,1.64,21.87,37.66
2015-08-06,Krishnagiri,12.5266,78.2138,Semi-arid,26.43,33.07,20.7,63.49,5.0,0.34,22.05,37.65
2015-08-07,Krishnagiri,12.5266,78.2138,Semi-arid,27.14,34.89,21.25,65.68,4.51,2.46,20.3,37.65
2015-08-08,Krishnagiri,12.5266,78.2138,Semi-arid,26.86,33.81,21.16,64.62,4.47,0.51,21.35,37.64
2015-08-09,Krishnagiri,12.5266,78.2138,Semi-arid,26.28,32.27,21.37,66.68,4.55,0.31,19.38,37.64
2015-08-10,Krishnagiri,12.5266,78.2138,Semi-arid,25.97,32.03,21.77,71.98,3.79,1.94,18.45,37.64
2015-08-11,Krishnagiri,12.5266,78.2138,Semi-arid,25.4,30.51,21.82,73.95,4.03,4.76,20.56,37.65
2015-08-12,Krishnagiri,12.5266,78.2138,Semi-arid,25.92,32.82,21.42,67.85,4.05,0.42,16.77,37.65
2015-08-13,Krishnagiri,12.5266,78.2138,Semi-arid,25.82,31.72,21.09,69.57,3.87,1.17,19.48,37.64
2015-08-14,Krishnagiri,12.5266,78.2138,Semi-arid,27.46,35.57,20.73,61.97,3.98,0.1,22.0,37.63
2015-08-15,Krishnagiri,12.5266,78.2138,Semi-arid,27.48,34.52,21.54,66.02,3.11,4.78,22.78,37.63
2015-08-16,Krishnagiri,12.5266,78.2138,Semi-arid,26.08,31.57,21.72,73.07,2.59,10.42,14.33,37.62
2015-08-17,Krishnagiri,12.5266,78.2138,Semi-arid,25.44,29.57,22.69,78.21,1.12,5.17,20.08,37.61
2015-08-18,Krishnagiri,12.5266,78.2138,Semi-arid,26.46,32.25,21.63,72.63,1.89,0.43,23.71,37.6
2015-08-19,Krishnagiri,12.5266,78.2138,Semi-arid,26.2,31.62,22.03,73.21,2.2,0.29,23.11,37.59
2015-08-20,Krishnagiri,12.5266,78.2138,Semi-arid,26.53,31.77,21.66,73.84,1.39,4.86,22.43,37.58
2015-08-21,Krishnagiri,12.5266,78.2138,Semi-arid,25.55,30.9,21.83,75.82,2.32,11.3,18.15,37.56
2015-08-22,Krishnagiri,12.5266,78.2138,Semi-arid,25.41,31.1,21.58,75.05,2.85,15.98,15.68,37.54
2015-08-23,Krishnagiri,12.5266,78.2138,Semi-arid,25.45,32.71,20.15,69.01,3.44,1.35,21.97,37.51
2015-08-24,Krishnagiri,12.5266,78.2138,Semi-arid,25.81,33.38,19.31,65.1,3.42,0.04,23.87,37.49
2015-08-25,Krishnagiri,12.5266,78.2138,Semi-arid,25.74,32.04,20.78,67.48,2.94,0.0,24.4,37.48
2015-08-26,Krishnagiri,12.5266,78.2138,Semi-arid,26.67,34.17,20.93,66.16,3.44,0.49,23.55,37.47
2015-08-27,Krishnagiri,12.5266,78.2138,Semi-arid,25.86,32.05,21.42,71.82,3.75,2.41,13.86,37.46
2015-08-28,Krishnagiri,12.5266,78.2138,Semi-arid,26.57,33.29,20.94,65.75,3.62,0.06,22.99,37.44
2015-08-29,Krishnagiri,12.5266,78.2138,Semi-arid,27.55,35.19,21.0,62.14,3.45,0.0,24.68,37.42
2015-08-30,Krishnagiri,12.5266,78.2138,Semi-arid,27.62,34.62,21.78,65.08,2.54,0.11,20.73,37.4
2015-08-31,Krishnagiri,12.5266,78.2138,Semi-arid,27.34,34.26,21.97,65.46,2.26,0.06,24.85,37.37
2015-09-01,Krishnagiri,12.5266,78.2138,Semi-arid,26.91,32.69,22.58,66.63,1.61,0.13,22.2,37.34
2015-09-02,Krishnagiri,12.5266,78.2138,Semi-arid,27.32,34.52,20.77,62.96,1.55,0.17,19.66,37.31
2015-09-03,Krishnagiri,12.5266,78.2138,Semi-arid,26.19,31.04,22.27,71.19,1.23,0.82,15.54,37.27
2015-09-04,Krishnagiri,12.5266,78.2138,Semi-arid,26.19,31.68,21.98,69.97,1.46,7.19,21.47,37.24
2015-09-05,Krishnagiri,12.5266,78.2138,Semi-arid,26.18,32.45,21.29,69.32,1.71,1.47,21.02,37.2
2015-09-06,Krishnagiri,12.5266,78.2138,Semi-arid,25.77,30.94,21.8,73.88,1.62,7.27,18.56,37.17
2015-09-07,Krishnagiri,12.5266,78.2138,Semi-arid,24.12,28.14,21.69,81.32,2.01,14.79,15.54,37.13
2015-09-08,Krishnagiri,12.5266,78.2138,Semi-arid,24.99,31.56,20.31,69.5,2.95,0.57,19.32,37.09
2015-09-09,Krishnagiri,12.5266,78.2138,Semi-arid,25.5,32.15,19.91,68.61,2.71,0.06,19.51,37.04
2015-09-10,Krishnagiri,12.5266,78.2138,Semi-arid,25.09,31.11,20.43,70.9,2.62,1.09,18.78,37.0
2015-09-11,Krishnagiri,12.5266,78.2138,Semi-arid,25.5,31.89,20.61,69.51,3.09,0.23,18.98,36.95
2015-09-12,Krishnagiri,12.5266,78.2138,Semi-arid,26.44,34.41,20.58,63.74,3.33,0.62,19.2,36.9
2015-09-13,Krishnagiri,12.5266,78.2138,Semi-arid,26.56,35.09,19.8,63.95,3.49,0.86,23.96,36.85
2015-09-14,Krishnagiri,12.5266,78.2138,Semi-arid,26.16,33.49,20.43,66.58,4.37,1.57,20.66,36.81
2015-09-15,Krishnagiri,12.5266,78.2138,Semi-arid,26.49,34.12,20.46,64.62,4.67,0.01,22.29,36.76
2015-09-16,Krishnagiri,12.5266,78.2138,Semi-arid,26.12,33.75,21.23,64.05,5.12,0.01,19.59,36.7
2015-09-17,Krishnagiri,12.5266,78.2138,Semi-arid,25.89,32.37,20.24,65.75,4.11,0.0,18.3,36.64
2015-09-18,Krishnagiri,12.5266,78.2138,Semi-arid,27.31,35.07,21.2,65.71,3.16,0.18,20.77,36.59
2015-09-19,Krishnagiri,12.5266,78.2138,Semi-arid,27.82,34.4,21.86,65.57,2.33,0.13,19.3,36.53
2015-09-20,Krishnagiri,12.5266,78.2138,Semi-arid,26.43,32.4,22.24,70.2,2.47,4.21,18.05,36.48
2015-09-21,Krishnagiri,12.5266,78.2138,Semi-arid,26.34,33.13,20.33,65.41,1.77,0.53,21.37,36.42
2015-09-22,Krishnagiri,12.5266,78.2138,Semi-arid,27.56,34.82,21.07,64.93,1.13,1.29,21.07,36.36
2015-09-23,Krishnagiri,12.5266,78.2138,Semi-arid,25.15,28.24,22.97,81.46,1.48,2.94,19.42,36.3
2015-09-24,Krishnagiri,12.5266,78.2138,Semi-arid,24.77,28.12,21.95,81.95,1.28,21.77,20.87,36.23
2015-09-25,Krishnagiri,12.5266,78.2138,Semi-arid,26.93,33.7,20.51,70.0,0.95,1.04,22.34,36.15
2015-09-26,Krishnagiri,12.5266,78.2138,Semi-arid,25.72,30.36,22.39,76.09,1.12,7.0,21.83,36.07
2015-09-27,Krishnagiri,12.5266,78.2138,Semi-arid,25.49,30.84,21.02,76.47,1.27,11.08,19.75,36.0
2015-09-28,Krishnagiri,12.5266,78.2138,Semi-arid,25.82,31.97,21.58,74.32,0.94,4.39,18.08,35.93
2015-09-29,Krishnagiri,12.5266,78.2138,Semi-arid,23.75,26.98,21.75,86.61,1.85,5.04,18.31,35.86
2015-09-30,Krishnagiri,12.5266,78.2138,Semi-arid,24.45,29.97,20.56,80.39,1.92,6.92,15.35,35.79
2015-10-01,Krishnagiri,12.5266,78.2138,Semi-arid,24.33,28.89,20.52,79.34,1.37,1.05,16.48,35.72
2015-10-02,Krishnagiri,12.5266,78.2138,Semi-arid,25.4,30.55,20.87,77.29,1.29,4.59,19.85,35.64
2015-10-03,Krishnagiri,12.5266,78.2138,Semi-arid,25.2,30.61,21.71,76.87,2.19,1.83,16.94,35.56
2015-10-04,Krishnagiri,12.5266,78.2138,Semi-arid,24.99,30.58,21.42,80.55,1.52,10.15,15.21,35.48
2015-10-05,Krishnagiri,12.5266,78.2138,Semi-arid,24.43,29.34,22.04,82.38,1.24,10.25,17.27,35.39
2015-10-06,Krishnagiri,12.5266,78.2138,Semi-arid,25.03,30.34,20.04,76.32,1.35,4.04,20.62,35.31
2015-10-07,Krishnagiri,12.5266,78.2138,Semi-arid,24.59,29.05,20.39,79.83,1.26,4.56,22.6,35.22
2015-10-08,Krishnagiri,12.5266,78.2138,Semi-arid,24.65,30.67,20.01,75.36,2.18,0.66,18.48,35.13
2015-10-09,Krishnagiri,12.5266,78.2138,Semi-arid,25.02,31.45,19.25,75.83,1.8,1.03,21.29,35.04
2015-10-10,Krishnagiri,12.5266,78.2138,Semi-arid,25.71,31.82,20.81,77.0,1.85,9.95,19.6,34.96
2015-10-11,Krishnagiri,12.5266,78.2138,Semi-arid,24.66,29.67,21.73,82.3,1.17,13.65,16.95,34.87
2015-10-12,Krishnagiri,12.5266,78.2138,Semi-arid,24.19,28.15,21.76,84.08,1.12,5.24,18.55,34.78
2015-10-13,Krishnagiri,12.5266,78.2138,Semi-arid,24.48,31.06,20.06,73.48,1.51,0.0,22.47,34.68
2015-10-14,Krishnagiri,12.5266,78.2138,Semi-arid,23.91,31.22,18.59,66.29,1.59,0.0,22.96,34.59
2015-10-15,Krishnagiri,12.5266,78.2138,Semi-arid,24.03,31.52,18.73,68.0,1.42,0.0,22.62,34.5
2015-10-16,Krishnagiri,12.5266,78.2138,Semi-arid,24.3,31.69,18.66,72.85,1.68,0.0,20.31,34.41
2015-10-17,Krishnagiri,12.5266,78.2138,Semi-arid,24.46,31.82,18.91,74.25,1.88,0.0,22.73,34.31
2015-10-18,Krishnagiri,12.5266,78.2138,Semi-arid,25.16,32.61,20.18,71.49,1.96,0.05,22.64,34.22
2015-10-19,Krishnagiri,12.5266,78.2138,Semi-arid,25.12,32.9,19.49,70.56,1.96,0.06,19.95,34.12
2015-10-20,Krishnagiri,12.5266,78.2138,Semi-arid,25.21,32.69,20.16,72.14,1.95,0.34,22.48,34.02
2015-10-21,Krishnagiri,12.5266,78.2138,Semi-arid,24.74,32.36,19.4,72.19,1.98,0.29,21.54,33.92
2015-10-22,Krishnagiri,12.5266,78.2138,Semi-arid,24.1,32.15,18.85,65.9,1.92,0.0,22.76,33.82
2015-10-23,Krishnagiri,12.5266,78.2138,Semi-arid,23.84,32.68,16.46,59.43,1.92,0.0,22.98,33.72
2015-10-24,Krishnagiri,12.5266,78.2138,Semi-arid,23.57,32.46,17.02,61.75,2.46,0.0,23.16,33.62
2015-10-25,Krishnagiri,12.5266,78.2138,Semi-arid,22.91,31.18,16.13,72.62,2.8,0.0,19.04,33.52
2015-10-26,Krishnagiri,12.5266,78.2138,Semi-arid,23.22,30.91,16.41,71.78,2.7,0.03,18.78,33.42
2015-10-27,Krishnagiri,12.5266,78.2138,Semi-arid,24.42,32.53,17.84,69.1,2.28,0.13,16.23,33.32
2015-10-28,Krishnagiri,12.5266,78.2138,Semi-arid,23.63,29.36,20.16,80.28,1.99,9.92,15.85,33.22
2015-10-29,Krishnagiri,12.5266,78.2138,Semi-arid,24.3,31.65,18.92,72.08,1.98,0.23,19.31,33.11
2015-10-30,Krishnagiri,12.5266,78.2138,Semi-arid,24.9,32.03,18.78,71.42,2.17,0.05,19.22,33.0
2015-10-31,Krishnagiri,12.5266,78.2138,Semi-arid,24.97,30.62,20.97,77.05,1.96,0.31,16.22,32.89
2015-11-01,Krishnagiri,12.5266,78.2138,Semi-arid,24.5,30.37,20.94,80.03,2.13,7.01,13.11,32.79
2015-11-02,Krishnagiri,12.5266,78.2138,Semi-arid,23.27,27.73,20.72,86.07,1.51,28.06,16.33,32.68
2015-11-03,Krishnagiri,12.5266,78.2138,Semi-arid,23.71,28.67,20.33,85.59,1.26,8.23,12.08,32.58
2015-11-04,Krishnagiri,12.5266,78.2138,Semi-arid,24.02,29.29,20.95,83.94,1.38,8.12,16.23,32.48
2015-11-05,Krishnagiri,12.5266,78.2138,Semi-arid,23.72,28.87,20.07,83.62,2.05,5.62,16.62,32.39
2015-11-06,Krishnagiri,12.5266,78.2138,Semi-arid,23.68,29.21,19.35,80.13,2.43,0.27,17.75,32.29
2015-11-07,Krishnagiri,12.5266,78.2138,Semi-arid,23.07,28.19,18.68,80.99,2.8,0.25,16.0,32.2
2015-11-08,Krishnagiri,12.5266,78.2138,Semi-arid,22.58,28.03,19.63,86.78,3.19,2.89,8.9,32.1
2015-11-09,Krishnagiri,12.5266,78.2138,Semi-arid,21.84,25.04,19.01,89.2,3.95,38.23,2.29,32.0
2015-11-10,Krishnagiri,12.5266,78.2138,Semi-arid,21.14,24.68,18.47,90.24,3.14,22.35,5.71,31.9
2015-11-11,Krishnagiri,12.5266,78.2138,Semi-arid,21.76,24.89,19.23,92.12,1.99,4.06,9.22,31.81
2015-11-12,Krishnagiri,12.5266,78.2138,Semi-arid,23.19,27.74,19.55,88.15,1.8,4.55,12.82,31.71
2015-11-13,Krishnagiri,12.5266,78.2138,Semi-arid,21.57,25.83,18.25,85.66,2.54,3.98,7.28,31.62
2015-11-14,Krishnagiri,12.5266,78.2138,Semi-arid,20.25,24.56,16.76,83.51,2.51,0.8,6.47,31.54
2015-11-15,Krishnagiri,12.5266,78.2138,Semi-arid,20.87,23.57,18.79,89.6,3.1,8.14,3.88,31.45
2015-11-16,Krishnagiri,12.5266,78.2138,Semi-arid,21.4,24.64,19.25,92.34,2.83,9.65,9.31,31.36
2015-11-17,Krishnagiri,12.5266,78.2138,Semi-arid,22.13,27.61,17.95,86.95,2.4,2.45,10.1,31.26
2015-11-18,Krishnagiri,12.5266,78.2138,Semi-arid,22.83,26.67,19.86,91.07,1.93,6.03,10.23,31.18
2015-11-19,Krishnagiri,12.5266,78.2138,Semi-arid,22.66,25.78,20.3,91.01,2.4,3.03,10.74,31.09
2015-11-20,Krishnagiri,12.5266,78.2138,Semi-arid,22.67,26.52,19.87,89.96,2.29,6.7,11.73,31.01
2015-11-21,Krishnagiri,12.5266,78.2138,Semi-arid,22.19,25.96,19.9,88.76,2.37,0.88,14.6,30.93
2015-11-22,Krishnagiri,12.5266,78.2138,Semi-arid,22.28,25.59,20.12,90.93,2.84,7.59,7.02,30.84
2015-11-23,Krishnagiri,12.5266,78.2138,Semi-arid,22.84,26.34,20.36,90.3,2.17,11.23,9.56,30.77
2015-11-24,Krishnagiri,12.5266,78.2138,Semi-arid,22.24,26.46,19.29,88.79,2.16,1.22,15.13,30.69
2015-11-25,Krishnagiri,12.5266,78.2138,Semi-arid,20.05,25.94,15.77,82.11,1.87,0.0,21.72,30.61
2015-11-26,Krishnagiri,12.5266,78.2138,Semi-arid,20.48,26.91,14.65,84.29,1.64,0.02,16.85,30.54
2015-11-27,Krishnagiri,12.5266,78.2138,Semi-arid,21.61,27.42,17.25,85.07,1.62,0.03,19.98,30.46
2015-11-28,Krishnagiri,12.5266,78.2138,Semi-arid,20.64,26.33,16.69,80.0,1.58,0.0,20.53,30.39
2015-11-29,Krishnagiri,12.5266,78.2138,Semi-arid,21.36,25.1,18.04,89.44,2.48,4.84,7.88,30.33
2015-11-30,Krishnagiri,12.5266,78.2138,Semi-arid,21.83,25.75,19.57,88.96,2.26,3.85,12.27,30.26
2015-12-01,Krishnagiri,12.5266,78.2138,Semi-arid,21.85,25.81,19.55,88.35,3.46,5.02,6.24,30.2
2015-12-02,Krishnagiri,12.5266,78.2138,Semi-arid,21.77,26.61,19.0,89.5,2.76,5.44,8.68,30.14
2015-12-03,Krishnagiri,12.5266,78.2138,Semi-arid,21.98,27.09,18.36,86.85,3.04,0.38,6.97,30.09
2015-12-04,Krishnagiri,12.5266,78.2138,Semi-arid,21.81,27.07,18.3,85.23,3.19,1.07,16.69,30.04
2015-12-05,Krishnagiri,12.5266,78.2138,Semi-arid,21.72,26.32,18.2,86.67,3.83,3.35,10.94,29.99
2015-12-06,Krishnagiri,12.5266,78.2138,Semi-arid,21.38,24.72,18.88,91.37,3.6,1.21,8.22,29.94
2015-12-07,Krishnagiri,12.5266,78.2138,Semi-arid,22.31,27.91,18.79,85.43,3.36,0.33,15.77,29.89
2015-12-08,Krishnagiri,12.5266,78.2138,Semi-arid,20.26,24.3,17.82,82.76,2.82,2.04,13.25,29.85
2015-12-09,Krishnagiri,12.5266,78.2138,Semi-arid,21.76,27.64,16.89,86.16,2.92,1.02,7.99,29.81
2015-12-10,Krishnagiri,12.5266,78.2138,Semi-arid,22.85,27.8,19.83,87.13,2.42,0.2,7.46,29.78
2015-12-11,Krishnagiri,12.5266,78.2138,Semi-arid,23.41,29.09,18.82,84.13,1.51,0.0,16.27,29.75
2015-12-12,Krishnagiri,12.5266,78.2138,Semi-arid,23.52,29.44,19.48,80.46,1.43,0.01,16.8,29.72
2015-12-13,Krishnagiri,12.5266,78.2138,Semi-arid,23.25,29.62,19.16,78.46,1.03,0.0,17.25,29.7
2015-12-14,Krishnagiri,12.5266,78.2138,Semi-arid,23.05,30.12,18.83,77.76,1.37,0.04,15.43,29.67
2015-12-15,Krishnagiri,12.5266,78.2138,Semi-arid,22.33,29.56,17.41,77.94,1.51,0.04,15.76,29.65
2015-12-16,Krishnagiri,12.5266,78.2138,Semi-arid,21.48,29.2,17.41,75.72,1.33,0.0,17.14,29.62
2015-12-17,Krishnagiri,12.5266,78.2138,Semi-arid,21.05,28.33,15.25,80.81,1.67,0.0,20.19,29.61
2015-12-18,Krishnagiri,12.5266,78.2138,Semi-arid,22.48,29.11,17.16,81.77,1.73,0.0,14.49,29.6
2015-12-19,Krishnagiri,12.5266,78.2138,Semi-arid,22.79,29.55,18.43,80.17,1.79,0.0,17.37,29.59
2015-12-20,Krishnagiri,12.5266,78.2138,Semi-arid,22.03,28.65,17.6,80.19,1.95,0.0,17.21,29.59
2015-12-21,Krishnagiri,12.5266,78.2138,Semi-arid,21.69,29.29,16.64,72.21,1.25,0.0,20.41,29.59
2015-12-22,Krishnagiri,12.5266,78.2138,Semi-arid,21.05,29.16,14.63,74.11,1.83,0.0,20.2,29.6
2015-12-23,Krishnagiri,12.5266,78.2138,Semi-arid,21.51,28.74,16.64,77.55,1.87,0.0,18.11,29.6
2015-12-24,Krishnagiri,12.5266,78.2138,Semi-arid,21.45,29.13,16.19,74.24,1.78,0.0,19.19,29.61
2015-12-25,Krishnagiri,12.5266,78.2138,Semi-arid,21.24,28.21,16.0,78.85,2.3,0.0,18.01,29.62
2015-12-26,Krishnagiri,12.5266,78.2138,Semi-arid,20.83,27.38,14.69,78.81,2.59,0.0,18.44,29.63
2015-12-27,Krishnagiri,12.5266,78.2138,Semi-arid,21.34,27.81,17.07,79.6,3.25,0.0,11.4,29.65
2015-12-28,Krishnagiri,12.5266,78.2138,Semi-arid,20.26,28.04,15.45,76.98,2.86,0.0,15.72,29.67
2015-12-29,Krishnagiri,12.5266,78.2138,Semi-arid,19.78,28.49,13.2,74.25,2.68,0.0,19.26,29.7
2015-12-30,Krishnagiri,12.5266,78.2138,Semi-arid,19.93,28.6,13.0,71.24,2.51,0.0,20.98,29.73
2015-12-31,Krishnagiri,12.5266,78.2138,Semi-arid,19.78,27.39,14.39,78.98,2.66,0.0,19.19,29.77
2016-01-01,Krishnagiri,12.5266,78.2138,Semi-arid,19.46,26.68,14.54,79.18,2.67,0.0,17.49,29.8
2016-01-02,Krishnagiri,12.5266,78.2138,Semi-arid,19.47,27.93,13.74,72.81,2.25,0.0,20.8,29.84
2016-01-03,Krishnagiri,12.5266,78.2138,Semi-arid,19.33,28.31,12.91,72.45,2.12,0.0,21.13,29.88
2016-01-04,Krishnagiri,12.5266,78.2138,Semi-arid,19.46,28.02,13.63,71.8,2.12,0.0,21.11,29.92
2016-01-05,Krishnagiri,12.5266,78.2138,Semi-arid,19.37,28.16,12.64,72.45,1.87,0.0,20.13,29.97
2016-01-06,Krishnagiri,12.5266,78.2138,Semi-arid,20.21,29.1,13.3,70.1,1.84,0.0,18.01,30.02
2016-01-07,Krishnagiri,12.5266,78.2138,Semi-arid,19.97,28.27,14.35,72.44,2.1,0.0,14.34,30.07
2016-01-08,Krishnagiri,12.5266,78.2138,Semi-arid,20.03,28.09,14.68,71.51,1.93,0.0,17.31,30.13
2016-01-09,Krishnagiri,12.5266,78.2138,Semi-arid,20.22,29.17,14.6,66.92,2.1,0.0,19.8,30.19
2016-01-10,Krishnagiri,12.5266,78.2138,Semi-arid,19.54,28.81,12.28,65.92,1.88,0.0,21.14,30.25
2016-01-11,Krishnagiri,12.5266,78.2138,Semi-arid,19.44,28.19,12.07,69.6,2.11,0.0,20.27,30.31
2016-01-12,Krishnagiri,12.5266,78.2138,Semi-arid,19.98,29.06,12.95,68.26,1.97,0.0,20.43,30.38
2016-01-13,Krishnagiri,12.5266,78.2138,Semi-arid,18.92,25.42,14.57,72.13,1.25,0.0,14.8,30.45
2016-01-14,Krishnagiri,12.5266,78.2138,Semi-arid,20.09,29.25,13.43,67.58,1.94,0.0,19.76,30.52
2016-01-15,Krishnagiri,12.5266,78.2138,Semi-arid,20.5,28.87,14.63,72.28,1.94,0.0,20.46,30.6
2016-01-16,Krishnagiri,12.5266,78.2138,Semi-arid,21.29,29.71,14.92,70.73,1.22,0.0,18.99,30.68
2016-01-17,Krishnagiri,12.5266,78.2138,Semi-arid,21.41,29.53,15.36,70.36,1.32,0.0,15.48,30.76
2016-01-18,Krishnagiri,12.5266,78.2138,Semi-arid,22.06,30.07,15.41,69.54,1.62,0.01,17.73,30.84
2016-01-19,Krishnagiri,12.5266,78.2138,Semi-arid,23.49,30.68,17.97,70.51,1.92,0.07,12.38,30.93
2016-01-20,Krishnagiri,12.5266,78.2138,Semi-arid,23.04,29.41,18.66,76.73,1.82,1.08,10.52,31.01
2016-01-21,Krishnagiri,12.5266,78.2138,Semi-arid,23.79,30.82,19.05,75.03,1.93,0.54,14.27,31.09
2016-01-22,Krishnagiri,12.5266,78.2138,Semi-arid,22.42,28.38,19.04,72.59,2.47,0.05,12.75,31.18
2016-01-23,Krishnagiri,12.5266,78.2138,Semi-arid,23.29,30.76,18.26,76.02,3.42,0.01,9.98,31.27
2016-01-24,Krishnagiri,12.5266,78.2138,Semi-arid,23.95,31.27,18.44,72.28,2.78,0.0,12.88,31.36
2016-01-25,Krishnagiri,12.5266,78.2138,Semi-arid,24.15,31.2,18.63,70.74,2.34,0.0,17.0,31.46
2016-01-26,Krishnagiri,12.5266,78.2138,Semi-arid,24.37,31.66,19.11,69.0,1.91,0.0,18.14,31.56
2016-01-27,Krishnagiri,12.5266,78.2138,Semi-arid,24.42,33.16,18.6,65.98,1.93,0.0,18.97,31.65
2016-01-28,Krishnagiri,12.5266,78.2138,Semi-arid,23.87,33.04,17.47,62.01,1.72,0.0,21.47,31.75
2016-01-29,Krishnagiri,12.5266,78.2138,Semi-arid,23.36,32.83,17.0,61.48,2.22,0.0,21.23,31.85
2016-01-30,Krishnagiri,12.5266,78.2138,Semi-arid,22.53,31.78,15.98,64.4,2.11,0.0,21.71,31.95
2016-01-31,Krishnagiri,12.5266,78.2138,Semi-arid,22.32,32.34,15.21,61.46,2.38,0.0,21.59,32.05
2016-02-01,Krishnagiri,12.5266,78.2138,Semi-arid,22.2,32.74,14.22,56.82,2.31,0.0,22.64,32.16
2016-02-02,Krishnagiri,12.5266,78.2138,Semi-arid,22.57,33.11,14.75,53.71,2.23,0.0,22.05,32.27
2016-02-03,Krishnagiri,12.5266,78.2138,Semi-arid,22.78,32.18,15.99,53.56,2.04,0.0,20.42,32.37
2016-02-04,Krishnagiri,12.5266,78.2138,Semi-arid,22.35,31.89,15.26,60.84,2.39,0.0,22.3,32.48
2016-02-05,Krishnagiri,12.5266,78.2138,Semi-arid,22.88,32.13,16.14,62.95,2.13,0.0,21.0,32.59
2016-02-06,Krishnagiri,12.5266,78.2138,Semi-arid,23.58,32.69,16.53,62.57,2.19,0.0,19.91,32.7
2016-02-07,Krishnagiri,12.5266,78.2138,Semi-arid,24.95,33.51,18.63,63.89,1.65,0.0,19.83,32.8
2016-02-08,Krishnagiri,12.5266,78.2138,Semi-arid,25.1,33.68,19.25,65.09,2.41,0.0,20.08,32.91
2016-02-09,Krishnagiri,12.5266,78.2138,Semi-arid,24.51,33.08,18.75,59.72,2.21,0.0,21.84,33.02
2016-02-10,Krishnagiri,12.5266,78.2138,Semi-arid,24.69,33.84,17.34,58.88,1.81,0.0,22.0,33.13
2016-02-11,Krishnagiri,12.5266,78.2138,Semi-arid,25.36,34.15,18.14,58.22,1.88,0.0,21.38,33.24
2016-02-12,Krishnagiri,12.5266,78.2138,Semi-arid,25.31,34.05,18.5,55.25,2.18,0.0,21.2,33.35
2016-02-13,Krishnagiri,12.5266,78.2138,Semi-arid,25.19,33.82,18.01,56.94,2.17,0.0,20.93,33.46
2016-02-14,Krishnagiri,12.5266,78.2138,Semi-arid,24.12,32.6,18.01,58.74,2.93,0.0,23.35,33.57
2016-02-15,Krishnagiri,12.5266,78.2138,Semi-arid,23.63,32.61,16.19,64.53,2.78,0.0,20.25,33.68
2016-02-16,Krishnagiri,12.5266,78.2138,Semi-arid,24.49,33.52,17.97,62.46,2.92,0.0,23.08,33.79
2016-02-17,Krishnagiri,12.5266,78.2138,Semi-arid,24.03,32.11,16.95,63.61,3.36,0.0,18.51,33.9
2016-02-18,Krishnagiri,12.5266,78.2138,Semi-arid,24.55,32.36,19.05,62.29,3.28,0.0,19.72,34.01
2016-02-19,Krishnagiri,12.5266,78.2138,Semi-arid,24.13,33.21,16.26,61.02,2.54,0.0,22.67,34.11
2016-02-20,Krishnagiri,12.5266,78.2138,Semi-arid,26.48,36.17,18.44,60.5,2.34,0.0,23.78,34.22
2016-02-21,Krishnagiri,12.5266,78.2138,Semi-arid,27.73,37.5,20.53,55.72,1.99,0.0,23.59,34.33
2016-02-22,Krishnagiri,12.5266,78.2138,Semi-arid,27.28,37.43,19.97,53.27,2.21,0.0,24.63,34.44
2016-02-23,Krishnagiri,12.5266,78.2138,Semi-arid,26.06,36.68,18.41,52.95,2.16,0.0,25.39,34.55
2016-02-24,Krishnagiri,12.5266,78.2138,Semi-arid,26.23,36.75,17.75,51.85,1.96,0.0,25.11,34.65
2016-02-25,Krishnagiri,12.5266,78.2138,Semi-arid,26.92,37.03,18.73,57.16,2.51,0.0,24.02,34.75
2016-02-26,Krishnagiri,12.5266,78.2138,Semi-arid,26.49,35.08,20.45,59.81,3.31,0.0,22.29,34.85
2016-02-27,Krishnagiri,12.5266,78.2138,Semi-arid,24.72,32.92,18.59,64.66,2.89,0.0,22.67,34.95
2016-02-28,Krishnagiri,12.5266,78.2138,Semi-arid,26.48,34.61,20.81,61.16,3.17,0.0,20.77,35.05
2016-02-29,Krishnagiri,12.5266,78.2138,Semi-arid,25.37,32.68,19.67,60.39,3.05,0.0,18.83,35.15
2016-03-01,Krishnagiri,12.5266,78.2138,Semi-arid,25.73,34.03,20.04,60.8,2.96,0.0,20.34,35.25
2016-03-02,Krishnagiri,12.5266,78.2138,Semi-arid,24.43,30.59,20.33,61.8,2.5,0.0,20.01,35.35
2016-03-03,Krishnagiri,12.5266,78.2138,Semi-arid,26.0,34.02,19.29,55.73,3.22,0.0,23.48,35.45
2016-03-04,Krishnagiri,12.5266,78.2138,Semi-arid,24.79,32.51,18.76,52.4,2.28,0.0,22.02,35.54
2016-03-05,Krishnagiri,12.5266,78.2138,Semi-arid,25.61,34.52,18.68,54.58,2.37,0.0,24.65,35.64
2016-03-06,Krishnagiri,12.5266,78.2138,Semi-arid,26.32,36.1,19.61,52.95,2.49,0.0,25.56,35.73
2016-03-07,Krishnagiri,12.5266,78.2138,Semi-arid,26.53,36.12,19.55,53.05,2.55,0.0,24.34,35.82
2016-03-08,Krishnagiri,12.5266,78.2138,Semi-arid,26.9,36.91,19.11,53.02,2.26,0.0,25.4,35.91
2016-03-09,Krishnagiri,12.5266,78.2138,Semi-arid,27.52,36.8,20.01,48.66,1.93,0.0,24.42,35.99
2016-03-10,Krishnagiri,12.5266,78.2138,Semi-arid,27.19,37.3,20.67,54.4,2.49,0.0,21.99,36.08
2016-03-11,Krishnagiri,12.5266,78.2138,Semi-arid,28.35,38.52,19.66,48.45,1.61,0.0,24.22,36.17
2016-03-12,Krishnagiri,12.5266,78.2138,Semi-arid,28.59,37.12,21.19,52.63,2.17,0.0,22.76,36.25
2016-03-13,Krishnagiri,12.5266,78.2138,Semi-arid,29.25,36.41,22.55,49.72,1.88,0.14,22.62,36.33
2016-03-14,Krishnagiri,12.5266,78.2138,Semi-arid,28.36,34.32,22.82,53.73,1.99,0.37,20.86,36.4
2016-03-15,Krishnagiri,12.5266,78.2138,Semi-arid,27.93,36.17,20.96,60.79,1.72,14.31,21.76,36.48
2016-03-16,Krishnagiri,12.5266,78.2138,Semi-arid,27.83,35.92,20.76,60.44,1.61,0.68,22.25,36.56
2016-03-17,Krishnagiri,12.5266,78.2138,Semi-arid,27.99,35.28,22.09,61.37,1.48,3.91,21.23,36.63
2016-03-18,Krishnagiri,12.5266,78.2138,Semi-arid,28.1,36.65,21.13,52.67,1.83,0.0,23.04,36.71
2016-03-19,Krishnagiri,12.5266,78.2138,Semi-arid,28.33,37.32,19.88,47.64,1.26,0.0,25.46,36.78
2016-03-20,Krishnagiri,12.5266,78.2138,Semi-arid,28.84,38.12,19.92,44.29,1.85,0.0,25.04,36.84
2016-03-21,Krishnagiri,12.5266,78.2138,Semi-arid,30.29,38.98,21.51,36.57,1.16,0.0,23.59,36.91
2016-03-22,Krishnagiri,12.5266,78.2138,Semi-arid,31.52,39.1,23.46,38.84,1.65,0.0,21.28,36.97
2016-03-23,Krishnagiri,12.5266,78.2138,Semi-arid,31.59,38.42,24.83,43.21,2.32,0.0,22.2,37.04
2016-03-24,Krishnagiri,12.5266,78.2138,Semi-arid,30.11,38.17,22.63,45.03,2.55,0.0,24.53,37.1
2016-03-25,Krishnagiri,12.5266,78.2138,Semi-arid,28.61,38.16,21.0,44.22,2.14,0.0,24.55,37.16
2016-03-26,Krishnagiri,12.5266,78.2138,Semi-arid,27.87,38.03,19.77,45.77,2.25,0.0,25.3,37.21
2016-03-27,Krishnagiri,12.5266,78.2138,Semi-arid,27.52,38.02,18.12,46.3,1.94,0.0,25.97,37.27
2016-03-28,Krishnagiri,12.5266,78.2138,Semi-arid,28.63,38.36,20.87,52.75,2.32,0.0,25.75,37.32
2016-03-29,Krishnagiri,12.5266,78.2138,Semi-arid,29.22,37.79,22.35,53.75,2.68,0.0,25.61,37.37
2016-03-30,Krishnagiri,12.5266,78.2138,Semi-arid,29.14,38.19,21.78,50.42,2.52,0.0,25.49,37.42
2016-03-31,Krishnagiri,12.5266,78.2138,Semi-arid,29.06,37.84,21.47,49.08,2.1,0.0,25.3,37.46
2016-04-01,Krishnagiri,12.5266,78.2138,Semi-arid,29.34,38.31,21.86,47.98,2.38,0.0,26.02,37.51
2016-04-02,Krishnagiri,12.5266,78.2138,Semi-arid,29.74,39.1,21.31,46.35,2.4,0.0,26.17,37.55
2016-04-03,Krishnagiri,12.5266,78.2138,Semi-arid,29.91,38.92,21.36,42.77,2.17,0.0,25.63,37.6
2016-04-04,Krishnagiri,12.5266,78.2138,Semi-arid,29.65,39.06,21.41,38.51,2.34,0.0,26.34,37.63
2016-04-05,Krishnagiri,12.5266,78.2138,Semi-arid,29.37,38.79,20.63,39.74,1.92,0.0,27.28,37.67
2016-04-06,Krishnagiri,12.5266,78.2138,Semi-arid,30.54,38.94,22.32,49.5,2.15,0.0,24.98,37.71
2016-04-07,Krishnagiri,12.5266,78.2138,Semi-arid,31.25,39.19,23.82,49.44,2.37,0.15,23.34,37.74
2016-04-08,Krishnagiri,12.5266,78.2138,Semi-arid,30.97,37.99,24.78,49.83,2.38,0.66,21.87,37.77
2016-04-09,Krishnagiri,12.5266,78.2138,Semi-arid,28.79,33.4,24.35,55.68,1.93,0.09,21.94,37.8
2016-04-10,Krishnagiri,12.5266,78.2138,Semi-arid,30.0,37.4,23.81,49.07,2.39,0.0,24.26,37.82
2016-04-11,Krishnagiri,12.5266,78.2138,Semi-arid,31.43,39.67,23.27,44.35,2.14,0.0,24.7,37.84
2016-04-12,Krishnagiri,12.5266,78.2138,Semi-arid,32.11,40.57,23.74,42.02,2.11,0.0,25.79,37.86
2016-04-13,Krishnagiri,12.5266,78.2138,Semi-arid,32.98,40.11,25.77,41.62,1.9,0.0,23.44,37.89
2016-04-14,Krishnagiri,12.5266,78.2138,Semi-arid,33.26,39.86,27.36,42.7,3.21,0.0,23.28,37.91
2016-04-15,Krishnagiri,12.5266,78.2138,Semi-arid,32.03,39.94,25.91,48.59,3.06,0.0,24.21,37.93
2016-04-16,Krishnagiri,12.5266,78.2138,Semi-arid,31.83,39.67,25.62,47.81,2.74,0.0,25.42,37.96
2016-04-17,Krishnagiri,12.5266,78.2138,Semi-arid,32.28,40.71,24.97,44.4,2.97,0.0,25.4,37.98
2016-04-18,Krishnagiri,12.5266,78.2138,Semi-arid,31.17,39.81,23.61,47.72,2.65,0.0,27.16,38.01
2016-04-19,Krishnagiri,12.5266,78.2138,Semi-arid,31.55,40.14,24.47,49.87,2.88,0.0,26.16,38.02
2016-04-20,Krishnagiri,12.5266,78.2138,Semi-arid,31.97,39.86,25.11,46.45,2.38,0.0,25.8,38.03
2016-04-21,Krishnagiri,12.5266,78.2138,Semi-arid,32.84,40.58,24.9,43.44,2.36,0.2,25.67,38.04
2016-04-22,Krishnagiri,12.5266,78.2138,Semi-arid,33.82,41.33,26.21,39.33,1.72,0.16,25.28,38.05
2016-04-23,Krishnagiri,12.5266,78.2138,Semi-arid,34.78,41.45,28.09,30.46,1.93,0.0,23.66,38.06
2016-04-24,Krishnagiri,12.5266,78.2138,Semi-arid,34.92,42.42,27.06,32.92,2.24,0.0,23.41,38.06
2016-04-25,Krishnagiri,12.5266,78.2138,Semi-arid,33.13,39.35,27.58,43.04,2.89,3.26,23.42,38.07
2016-04-26,Krishnagiri,12.5266,78.2138,Semi-arid,30.82,36.64,26.17,50.21,3.01,0.78,23.87,38.07
2016-04-27,Krishnagiri,12.5266,78.2138,Semi-arid,30.63,39.49,22.97,48.96,2.69,0.0,26.85,38.07
2016-04-28,Krishnagiri,12.5266,78.2138,Semi-arid,30.56,39.02,23.78,45.4,2.25,0.0,27.39,38.08
2016-04-29,Krishnagiri,12.5266,78.2138,Semi-arid,30.93,39.34,22.67,40.96,2.54,0.0,26.99,38.08
2016-04-30,Krishnagiri,12.5266,78.2138,Semi-arid,31.02,39.68,23.19,40.39,2.34,0.0,26.54,38.07
2016-05-01,Krishnagiri,12.5266,78.2138,Semi-arid,31.84,40.25,23.96,40.78,2.37,0.0,27.45,38.07
2016-05-02,Krishnagiri,12.5266,78.2138,Semi-arid,32.66,40.7,24.65,42.15,2.07,0.34,26.3,38.07
2016-05-03,Krishnagiri,12.5266,78.2138,Semi-arid,32.49,40.12,25.14,41.15,2.77,0.12,26.22,38.07
2016-05-04,Krishnagiri,12.5266,78.2138,Semi-arid,31.82,38.8,24.73,43.75,2.61,0.03,25.78,38.06
2016-05-05,Krishnagiri,12.5266,78.2138,Semi-arid,31.05,36.91,25.43,45.32,2.39,0.53,23.29,38.06
2016-05-06,Krishnagiri,12.5266,78.2138,Semi-arid,28.83,34.16,24.81,61.56,1.58,17.13,20.54,38.05
2016-05-07,Krishnagiri,12.5266,78.2138,Semi-arid,27.39,32.47,23.62,71.66,1.45,11.83,23.02,38.04
2016-05-08,Krishnagiri,12.5266,78.2138,Semi-arid,26.41,30.34,23.67,77.01,1.19,10.07,19.5,38.03
2016-05-09,Krishnagiri,12.5266,78.2138,Semi-arid,28.23,34.63,23.36,62.71,1.7,0.55,22.14,38.02
2016-05-10,Krishnagiri,12.5266,78.2138,Semi-arid,27.8,34.07,23.03,65.88,1.82,4.35,24.41,38.01
2016-05-11,Krishnagiri,12.5266,78.2138,Semi-arid,28.16,35.09,21.63,59.27,1.45,0.19,22.34,38.0
2016-05-12,Krishnagiri,12.5266,78.2138,Semi-arid,28.55,36.11,22.13,56.35,1.95,0.65,22.55,37.99
2016-05-13,Krishnagiri,12.5266,78.2138,Semi-arid,29.52,37.22,22.46,58.28,1.33,0.62,23.78,37.98
2016-05-14,Krishnagiri,12.5266,78.2138,Semi-arid,29.56,37.29,22.95,58.33,2.0,0.17,23.22,37.97
2016-05-15,Krishnagiri,12.5266,78.2138,Semi-arid,28.37,35.58,22.83,58.07,2.13,0.04,24.54,37.96
2016-05-16,Krishnagiri,12.5266,78.2138,Semi-arid,26.92,32.81,22.84,64.33,1.57,3.04,7.26,37.94
2016-05-17,Krishnagiri,12.5266,78.2138,Semi-arid,26.4,32.91,21.02,63.26,2.72,6.44,4.17,37.92
2016-05-18,Krishnagiri,12.5266,78.2138,Semi-arid,26.66,32.38,22.72,70.58,3.54,11.97,6.98,37.91
2016-05-19,Krishnagiri,12.5266,78.2138,Semi-arid,26.07,30.99,22.95,79.25,3.44,31.55,10.49,37.89
2016-05-20,Krishnagiri,12.5266,78.2138,Semi-arid,26.95,32.91,22.41,70.76,4.09,0.82,19.65,37.88
2016-05-21,Krishnagiri,12.5266,78.2138,Semi-arid,27.39,33.36,22.04,64.43,3.99,0.0,23.94,37.86
2016-05-22,Krishnagiri,12.5266,78.2138,Semi-arid,28.77,36.2,23.14,59.61,3.86,0.0,25.53,37.85
2016-05-23,Krishnagiri,12.5266,78.2138,Semi-arid,29.3,36.52,22.85,60.74,3.92,0.0,25.19,37.84
2016-05-24,Krishnagiri,12.5266,78.2138,Semi-arid,29.92,37.79,22.98,58.25,3.84,0.0,27.08,37.83
2016-05-25,Krishnagiri,12.5266,78.2138,Semi-arid,29.75,37.5,23.08,59.19,3.57,0.21,26.2,37.82
2016-05-26,Krishnagiri,12.5266,78.2138,Semi-arid,29.39,36.75,23.45,61.11,3.31,0.01,25.82,37.8
2016-05-27,Krishnagiri,12.5266,78.2138,Semi-arid,28.6,35.16,23.84,63.19,2.06,3.51,22.05,37.79
2016-05-28,Krishnagiri,12.5266,78.2138,Semi-arid,25.12,28.65,23.31,75.89,2.96,3.96,21.96,37.77
2016-05-29,Krishnagiri,12.5266,78.2138,Semi-arid,27.42,33.05,22.98,70.09,2.47,8.06,17.93,37.76
2016-05-30,Krishnagiri,12.5266,78.2138,Semi-arid,26.91,33.06,22.52,70.66,1.99,1.2,22.42,37.74
2016-05-31,Krishnagiri,12.5266,78.2138,Semi-arid,28.49,34.75,22.93,64.99,1.94,1.24,20.02,37.73
2016-06-01,Krishnagiri,12.5266,78.2138,Semi-arid,26.07,30.1,23.19,76.28,2.32,20.99,22.68,37.72
2016-06-02,Krishnagiri,12.5266,78.2138,Semi-arid,25.42,29.22,22.15,80.8,1.88,16.64,18.06,37.7
2016-06-03,Krishnagiri,12.5266,78.2138,Semi-arid,27.13,32.83,21.64,70.55,1.45,1.44,21.87,37.69
2016-06-04,Krishnagiri,12.5266,78.2138,Semi-arid,26.76,31.63,22.12,72.13,2.66,5.46,18.91,37.68
2016-06-05,Krishnagiri,12.5266,78.2138,Semi-arid,27.34,33.81,22.27,70.06,2.53,2.18,20.39,37.66
2016-06-06,Krishnagiri,12.5266,78.2138,Semi-arid,26.71,31.47,23.24,74.89,2.71,12.53,22.96,37.65
2016-06-07,Krishnagiri,12.5266,78.2138,Semi-arid,26.39,30.68,22.18,77.26,2.39,4.45,20.56,37.64
2016-06-08,Krishnagiri,12.5266,78.2138,Semi-arid,26.24,31.42,22.42,74.53,2.93,5.04,18.06,37.63
2016-06-09,Krishnagiri,12.5266,78.2138,Semi-arid,26.31,33.63,20.51,69.17,3.56,0.68,20.25,37.61
2016-06-10,Krishnagiri,12.5266,78.2138,Semi-arid,26.39,33.33,21.05,66.47,4.36,0.29,18.22,37.6
2016-06-11,Krishnagiri,12.5266,78.2138,Semi-arid,26.21,33.09,20.64,67.66,4.86,0.98,21.73,37.59
2016-06-12,Krishnagiri,12.5266,78.2138,Semi-arid,25.61,32.53,20.7,67.95,4.63,0.52,19.85,37.58
2016-06-13,Krishnagiri,12.5266,78.2138,Semi-arid,25.03,31.71,20.41,64.72,5.0,4.39,20.8,37.57
2016-06-14,Krishnagiri,12.5266,78.2138,Semi-arid,25.85,33.53,19.5,65.64,4.49,0.57,20.87,37.56
2016-06-15,Krishnagiri,12.5266,78.2138,Semi-arid,26.72,33.99,20.8,63.57,5.0,0.21,23.87,37.55
2016-06-16,Krishnagiri,12.5266,78.2138,Semi-arid,25.61,31.39,20.83,70.96,3.75,4.29,21.69,37.54
2016-06-17,Krishnagiri,12.5266,78.2138,Semi-arid,25.68,30.83,21.86,72.05,3.33,4.07,20.21,37.54
2016-06-18,Krishnagiri,12.5266,78.2138,Semi-arid,25.52,30.37,21.8,72.77,3.86,0.64,18.61,37.53
2016-06-19,Krishnagiri,12.5266,78.2138,Semi-arid,24.68,29.3,20.68,72.68,2.9,1.72,20.07,37.53
2016-06-20,Krishnagiri,12.5266,78.2138,Semi-arid,24.4,28.4,21.71,79.56,2.07,1.59,19.19,37.53
2016-06-21,Krishnagiri,12.5266,78.2138,Semi-arid,24.43,29.17,21.44,79.08,2.81,2.08,15.33,37.52
2016-06-22,Krishnagiri,12.5266,78.2138,Semi-arid,24.04,30.23,19.96,75.48,4.0,14.47,17.51,37.52
2016-06-23,Krishnagiri,12.5266,78.2138,Semi-arid,22.9,26.97,19.97,78.75,4.6,7.54,13.24,37.51
2016-06-24,Krishnagiri,12.5266,78.2138,Semi-arid,24.0,29.72,19.8,73.35,4.61,2.15,15.63,37.51
2016-06-25,Krishnagiri,12.5266,78.2138,Semi-arid,23.72,29.77,19.28,72.79,5.0,2.86,13.07,37.5
2016-06-26,Krishnagiri,12.5266,78.2138,Semi-arid,24.88,30.95,20.17,73.98,3.79,0.09,13.79,37.5
2016-06-27,Krishnagiri,12.5266,78.2138,Semi-arid,24.53,29.38,20.89,74.52,4.59,2.83,12.65,37.5
2016-06-28,Krishnagiri,12.5266,78.2138,Semi-arid,24.61,29.17,20.93,75.61,4.94,2.75,12.65,37.5
2016-06-29,Krishnagiri,12.5266,78.2138,Semi-arid,24.41,28.69,21.34,78.78,4.85,3.4,10.33,37.5
2016-06-30,Krishnagiri,12.5266,78.2138,Semi-arid,24.66,29.85,20.83,75.44,5.44,4.57,10.27,37.5
2016-07-01,Krishnagiri,12.5266,78.2138,Semi-arid,24.92,30.06,21.14,74.23,5.52,0.15,18.57,37.5
2016-07-02,Krishnagiri,12.5266,78.2138,Semi-arid,25.68,32.37,20.82,70.31,5.6,0.01,21.16,37.5
2016-07-03,Krishnagiri,12.5266,78.2138,Semi-arid,25.86,31.85,21.04,71.28,4.99,0.0,20.65,37.5
2016-07-04,Krishnagiri,12.5266,78.2138,Semi-arid,25.87,32.24,20.83,70.75,4.42,0.84,19.99,37.5
2016-07-05,Krishnagiri,12.5266,78.2138,Semi-arid,26.01,31.82,21.49,72.43,3.78,0.37,15.03,37.51
2016-07-06,Krishnagiri,12.5266,78.2138,Semi-arid,25.18,29.57,21.84,77.04,3.89,0.92,18.61,37.51
2016-07-07,Krishnagiri,12.5266,78.2138,Semi-arid,24.53,29.2,21.29,75.65,4.23,1.96,13.71,37.52
2016-07-08,Krishnagiri,12.5266,78.2138,Semi-arid,25.5,31.54,20.81,70.43,4.82,0.07,14.9,37.52
2016-07-09,Krishnagiri,12.5266,78.2138,Semi-arid,25.41,30.56,21.24,72.31,5.5,0.48,17.81,37.53
2016-07-10,Krishnagiri,12.5266,78.2138,Semi-arid,26.09,32.63,21.28,69.22,6.22,0.36,18.75,37.53
2016-07-11,Krishnagiri,12.5266,78.2138,Semi-arid,25.74,31.22,21.64,68.77,6.12,0.14,18.96,37.54
2016-07-12,Krishnagiri,12.5266,78.2138,Semi-arid,25.5,31.32,21.61,70.04,5.13,0.09,18.86,37.54
2016-07-13,Krishnagiri,12.5266,78.2138,Semi-arid,26.35,33.24,20.79,67.94,4.61,0.0,21.01,37.55
2016-07-14,Krishnagiri,12.5266,78.2138,Semi-arid,26.74,33.47,20.95,67.84,3.33,0.18,23.55,37.55
2016-07-15,Krishnagiri,12.5266,78.2138,Semi-arid,26.42,32.37,21.96,71.49,2.2,1.53,17.98,37.55
2016-07-16,Krishnagiri,12.5266,78.2138,Semi-arid,25.58,30.22,22.34,74.69,1.9,4.72,20.93,37.55
2016-07-17,Krishnagiri,12.5266,78.2138,Semi-arid,24.6,27.62,22.17,77.05,1.42,3.55,18.92,37.55
2016-07-18,Krishnagiri,12.5266,78.2138,Semi-arid,24.48,28.72,21.29,78.4,1.88,15.08,21.53,37.56
2016-07-19,Krishnagiri,12.5266,78.2138,Semi-arid,24.56,30.02,20.63,75.6,2.92,2.35,18.69,37.56
2016-07-20,Krishnagiri,12.5266,78.2138,Semi-arid,25.05,30.55,20.51,74.61,3.11,4.0,16.49,37.57
2016-07-21,Krishnagiri,12.5266,78.2138,Semi-arid,24.0,28.55,20.41,76.51,4.22,3.7,15.89,37.58
2016-07-22,Krishnagiri,12.5266,78.2138,Semi-arid,24.42,29.77,20.09,74.64,4.07,0.5,15.34,37.59
2016-07-23,Krishnagiri,12.5266,78.2138,Semi-arid,25.36,31.82,20.38,72.62,3.3,0.64,16.93,37.6
2016-07-24,Krishnagiri,12.5266,78.2138,Semi-arid,24.66,30.47,20.72,77.9,2.64,5.68,21.34,37.61
2016-07-25,Krishnagiri,12.5266,78.2138,Semi-arid,25.26,31.11,20.66,73.5,1.63,21.48,21.74,37.61
2016-07-26,Krishnagiri,12.5266,78.2138,Semi-arid,24.62,28.56,21.58,77.87,1.23,14.1,20.63,37.62
2016-07-27,Krishnagiri,12.5266,78.2138,Semi-arid,24.22,28.18,21.15,82.45,1.53,13.8,19.04,37.62
2016-07-28,Krishnagiri,12.5266,78.2138,Semi-arid,24.57,29.79,20.99,83.34,1.65,27.62,20.33,37.62
2016-07-29,Krishnagiri,12.5266,78.2138,Semi-arid,24.25,28.64,20.88,82.29,2.69,5.17,16.01,37.63
2016-07-30,Krishnagiri,12.5266,78.2138,Semi-arid,22.95,26.24,20.14,82.86,3.05,5.11,16.35,37.63
2016-07-31,Krishnagiri,12.5266,78.2138,Semi-arid,23.99,30.57,18.76,73.88,4.2,0.23,20.77,37.64
2016-08-01,Krishnagiri,12.5266,78.2138,Semi-arid,24.03,29.64,19.65,74.7,4.93,0.32,19.65,37.64
2016-08-02,Krishnagiri,12.5266,78.2138,Semi-arid,23.81,28.95,19.87,76.84,5.32,0.01,20.39,37.64
2016-08-03,Krishnagiri,12.5266,78.2138,Semi-arid,24.69,31.3,20.06,73.44,5.31,0.0,20.19,37.65
2016-08-04,Krishnagiri,12.5266,78.2138,Semi-arid,24.64,30.47,20.15,74.94,4.9,0.0,20.22,37.65
2016-08-05,Krishnagiri,12.5266,78.2138,Semi-arid,24.7,29.9,20.21,74.43,4.91,0.0,16.63,37.65
2016-08-06,Krishnagiri,12.5266,78.2138,Semi-arid,24.78,30.61,20.6,74.86,4.41,0.04,22.41,37.65
2016-08-07,Krishnagiri,12.5266,78.2138,Semi-arid,24.61,30.4,20.44,76.13,4.2,0.04,22.42,37.65
2016-08-08,Krishnagiri,12.5266,78.2138,Semi-arid,25.38,31.72,20.28,72.76,3.95,0.01,24.93,37.65
2016-08-09,Krishnagiri,12.5266,78.2138,Semi-arid,25.91,32.71,20.37,71.07,3.85,0.03,25.04,37.65
2016-08-10,Krishnagiri,12.5266,78.2138,Semi-arid,25.63,31.76,20.5,71.6,3.86,0.01,23.35,37.64
2016-08-11,Krishnagiri,12.5266,78.2138,Semi-arid,25.57,31.59,20.32,71.7,3.47,0.0,24.24,37.64
2016-08-12,Krishnagiri,12.5266,78.2138,Semi-arid,25.87,31.84,20.65,72.97,3.44,1.87,24.1,37.63
2016-08-13,Krishnagiri,12.5266,78.2138,Semi-arid,25.76,31.33,20.93,74.34,3.55,0.94,20.79,37.63
2016-08-14,Krishnagiri,12.5266,78.2138,Semi-arid,25.05,30.2,20.71,74.93,3.99,1.5,20.69,37.62
2016-08-15,Krishnagiri,12.5266,78.2138,Semi-arid,25.57,32.33,19.95,71.11,4.7,1.92,21.92,37.61
2016-08-16,Krishnagiri,12.5266,78.2138,Semi-arid,25.83,33.47,20.24,69.47,5.12,1.2,19.88,37.61
2016-08-17,Krishnagiri,12.5266,78.2138,Semi-arid,25.67,32.55,20.18,70.7,4.59,1.27,19.69,37.6
2016-08-18,Krishnagiri,12.5266,78.2138,Semi-arid,26.1,33.28,20.47,70.15,3.72,0.08,23.53,37.59
2016-08-19,Krishnagiri,12.5266,78.2138,Semi-arid,26.38,32.9,20.29,69.24,3.55,0.19,23.55,37.58
2016-08-20,Krishnagiri,12.5266,78.2138,Semi-arid,26.96,33.76,20.61,67.19,2.66,0.3,23.98,37.56
2016-08-21,Krishnagiri,12.5266,78.2138,Semi-arid,27.34,33.75,21.42,66.18,2.06,0.85,22.52,37.55
2016-08-22,Krishnagiri,12.5266,78.2138,Semi-arid,27.3,34.13,22.17,67.87,2.52,1.27,22.34,37.53
2016-08-23,Krishnagiri,12.5266,78.2138,Semi-arid,26.3,32.26,21.38,69.99,2.84,0.83,21.97,37.51
2016-08-24,Krishnagiri,12.5266,78.2138,Semi-arid,25.92,31.96,21.12,72.96,2.97,0.18,22.13,37.5
2016-08-25,Krishnagiri,12.5266,78.2138,Semi-arid,25.25,29.88,21.4,77.21,2.58,4.12,16.45,37.48
2016-08-26,Krishnagiri,12.5266,78.2138,Semi-arid,25.09,29.49,21.26,77.47,2.57,9.84,14.17,37.46
2016-08-27,Krishnagiri,12.5266,78.2138,Semi-arid,25.34,30.46,20.87,75.21,2.36,4.39,15.04,37.43
2016-08-28,Krishnagiri,12.5266,78.2138,Semi-arid,25.77,32.18,21.04,70.69,2.84,0.1,20.04,37.41
2016-08-29,Krishnagiri,12.5266,78.2138,Semi-arid,25.63,31.5,21.17,72.56,2.85,1.19,17.25,37.38
2016-08-30,Krishnagiri,12.5266,78.2138,Semi-arid,24.5,28.55,21.71,80.56,2.39,6.19,15.3,37.36
2016-08-31,Krishnagiri,12.5266,78.2138,Semi-arid,23.7,27.72,20.54,80.63,3.3,14.94,12.88,37.33
2016-09-01,Krishnagiri,12.5266,78.2138,Semi-arid,24.03,30.29,18.9,72.36,3.28,0.48,19.05,37.3
2016-09-02,Krishnagiri,12.5266,78.2138,Semi-arid,24.02,29.49,19.5,71.79,3.17,0.91,19.48,37.26
2016-09-03,Krishnagiri,12.5266,78.2138,Semi-arid,23.82,29.25,19.38,73.61,2.91,0.19,18.58,37.23
2016-09-04,Krishnagiri,12.5266,78.2138,Semi-arid,24.63,30.65,19.74,71.12,3.01,0.79,15.34,37.19
2016-09-05,Krishnagiri,12.5266,78.2138,Semi-arid,24.73,31.89,19.68,70.01,3.25,0.15,21.03,37.16
2016-09-06,Krishnagiri,12.5266,78.2138,Semi-arid,24.83,31.41,19.73,69.58,3.38,0.61,19.68,37.12
2016-09-07,Krishnagiri,12.5266,78.2138,Semi-arid,25.08,31.94,19.12,68.35,3.0,0.09,23.34,37.08
2016-09-08,Krishnagiri,12.5266,78.2138,Semi-arid,25.93,33.17,19.65,63.38,2.7,0.01,22.78,37.04
2016-09-09,Krishnagiri,12.5266,78.2138,Semi-arid,26.41,33.04,19.9,63.82,2.2,1.38,20.78,37.0
2016-09-10,Krishnagiri,12.5266,78.2138,Semi-arid,25.79,32.64,19.98,69.89,2.37,4.91,18.03,36.96
2016-09-11,Krishnagiri,12.5266,78.2138,Semi-arid,24.24,29.91,20.23,71.34,2.7,1.0,15.52,36.92
2016-09-12,Krishnagiri,12.5266,78.2138,Semi-arid,24.35,29.55,20.4,72.01,2.55,0.16,12.4,36.87
2016-09-13,Krishnagiri,12.5266,78.2138,Semi-arid,25.1,31.89,20.4,68.64,3.03,0.49,15.49,36.82
2016-09-14,Krishnagiri,12.5266,78.2138,Semi-arid,26.02,33.35,20.43,69.57,3.06,1.75,15.87,36.77
2016-09-15,Krishnagiri,12.5266,78.2138,Semi-arid,25.07,30.66,20.27,70.91,3.33,1.42,18.79,36.72
2016-09-16,Krishnagiri,12.5266,78.2138,Semi-arid,25.31,32.26,20.48,70.85,3.17,1.85,19.68,36.67
2016-09-17,Krishnagiri,12.5266,78.2138,Semi-arid,24.55,30.25,20.35,71.32,3.19,0.3,17.1,36.61
2016-09-18,Krishnagiri,12.5266,78.2138,Semi-arid,25.15,32.05,20.0,68.72,3.42,0.01,21.77,36.55
2016-09-19,Krishnagiri,12.5266,78.2138,Semi-arid,25.83,33.22,19.77,65.8,3.17,0.0,23.35,36.49
2016-09-20,Krishnagiri,12.5266,78.2138,Semi-arid,25.26,31.58,20.01,66.83,3.27,0.05,15.38,36.43
2016-09-21,Krishnagiri,12.5266,78.2138,Semi-arid,24.76,30.71,20.71,70.89,3.7,0.89,13.6,36.37
2016-09-22,Krishnagiri,12.5266,78.2138,Semi-arid,25.37,32.27,19.66,66.3,4.12,0.06,16.58,36.3
2016-09-23,Krishnagiri,12.5266,78.2138,Semi-arid,25.83,33.53,20.0,68.0,3.94,0.79,17.72,36.24
2016-09-24,Krishnagiri,12.5266,78.2138,Semi-arid,25.97,33.44,20.38,67.33,4.48,0.12,14.67,36.17
2016-09-25,Krishnagiri,12.5266,78.2138,Semi-arid,26.49,33.98,20.21,66.83,3.57,0.02,16.11,36.1
2016-09-26,Krishnagiri,12.5266,78.2138,Semi-arid,26.9,34.16,20.64,67.65,2.57,0.65,16.21,36.03
2016-09-27,Krishnagiri,12.5266,78.2138,Semi-arid,24.16,26.9,22.45,85.75,1.97,4.37,15.58,35.96
2016-09-28,Krishnagiri,12.5266,78.2138,Semi-arid,25.21,30.47,21.42,80.52,1.38,4.44,15.25,35.88
2016-09-29,Krishnagiri,12.5266,78.2138,Semi-arid,25.37,30.19,21.75,77.61,1.53,4.27,14.66,35.81
2016-09-30,Krishnagiri,12.5266,78.2138,Semi-arid,26.47,33.09,20.93,67.94,2.46,0.35,19.56,35.73
2016-10-01,Krishnagiri,12.5266,78.2138,Semi-arid,25.58,31.9,20.35,65.31,2.38,0.0,20.74,35.65
2016-10-02,Krishnagiri,12.5266,78.2138,Semi-arid,25.18,30.67,20.1,67.16,1.46,0.01,21.7,35.57
2016-10-03,Krishnagiri,12.5266,78.2138,Semi-arid,26.3,33.23,19.55,65.21,0.94,0.66,20.63,35.49
2016-10-04,Krishnagiri,12.5266,78.2138,Semi-arid,26.25,32.44,20.79,69.63,1.5,0.84,17.17,35.41
2016-10-05,Krishnagiri,12.5266,78.2138,Semi-arid,26.86,34.05,20.56,64.35,1.79,0.04,22.06,35.32
2016-10-06,Krishnagiri,12.5266,78.2138,Semi-arid,26.12,32.07,20.39,61.4,1.86,0.01,22.21,35.23
2016-10-07,Krishnagiri,12.5266,78.2138,Semi-arid,24.98,32.33,19.19,61.14,2.08,0.0,20.66,35.15
2016-10-08,Krishnagiri,12.5266,78.2138,Semi-arid,26.4,34.42,19.71,61.2,2.56,0.0,22.18,35.06
2016-10-09,Krishnagiri,12.5266,78.2138,Semi-arid,26.22,32.63,20.48,63.21,3.0,0.5,21.8,34.97
2016-10-10,Krishnagiri,12.5266,78.2138,Semi-arid,26.38,33.5,20.37,65.01,2.92,0.32,20.19,34.88
2016-10-11,Krishnagiri,12.5266,78.2138,Semi-arid,26.17,32.1,21.86,69.99,1.86,10.08,18.54,34.79
2016-10-12,Krishnagiri,12.5266,78.2138,Semi-arid,24.68,28.62,21.51,80.63,1.4,17.25,15.77,34.7
2016-10-13,Krishnagiri,12.5266,78.2138,Semi-arid,24.79,29.7,21.89,78.67,0.84,4.45,16.58,34.61
2016-10-14,Krishnagiri,12.5266,78.2138,Semi-arid,25.46,31.78,20.37,70.1,1.29,1.0,18.64,34.52
2016-10-15,Krishnagiri,12.5266,78.2138,Semi-arid,24.87,32.49,19.68,65.58,1.4,0.0,20.78,34.42
2016-10-16,Krishnagiri,12.5266,78.2138,Semi-arid,24.59,32.83,18.86,65.79,1.11,0.0,21.88,34.32
2016-10-17,Krishnagiri,12.5266,78.2138,Semi-arid,25.17,32.95,18.01,62.73,0.71,0.0,20.63,34.23
2016-10-18,Krishnagiri,12.5266,78.2138,Semi-arid,25.6,33.11,18.69,59.91,1.11,0.0,19.83,34.13
2016-10-19,Krishnagiri,12.5266,78.2138,Semi-arid,26.12,32.65,19.71,62.63,0.5,0.0,19.74,34.03
2016-10-20,Krishnagiri,12.5266,78.2138,Semi-arid,25.95,32.58,20.94,66.62,0.89,0.01,18.55,33.93
2016-10-21,Krishnagiri,12.5266,78.2138,Semi-arid,25.62,32.88,20.35,65.06,1.1,0.02,13.96,33.83
2016-10-22,Krishnagiri,12.5266,78.2138,Semi-arid,25.75,33.38,19.85,62.76,0.92,0.01,16.19,33.73
2016-10-23,Krishnagiri,12.5266,78.2138,Semi-arid,25.97,33.5,20.25,57.95,1.14,0.0,17.66,33.63
2016-10-24,Krishnagiri,12.5266,78.2138,Semi-arid,24.26,32.1,18.24,54.99,1.53,0.0,18.76,33.53
2016-10-25,Krishnagiri,12.5266,78.2138,Semi-arid,24.74,32.08,18.68,56.29,0.84,0.0,18.95,33.43
2016-10-26,Krishnagiri,12.5266,78.2138,Semi-arid,24.86,33.33,18.4,58.23,1.05,0.0,20.19,33.33
2016-10-27,Krishnagiri,12.5266,78.2138,Semi-arid,24.87,32.67,17.95,56.28,1.22,0.0,17.29,33.22
2016-10-28,Krishnagiri,12.5266,78.2138,Semi-arid,26.64,34.41,19.79,46.69,1.17,0.0,19.21,33.12
2016-10-29,Krishnagiri,12.5266,78.2138,Semi-arid,26.98,35.03,19.99,58.73,1.43,0.07,17.75,33.02
2016-10-30,Krishnagiri,12.5266,78.2138,Semi-arid,25.84,33.23,21.4,65.49,2.68,0.69,14.44,32.92
2016-10-31,Krishnagiri,12.5266,78.2138,Semi-arid,25.89,33.6,20.36,66.19,2.76,0.3,16.35,32.82
2016-11-01,Krishnagiri,12.5266,78.2138,Semi-arid,25.69,33.54,20.34,64.69,2.6,1.18,18.19,32.72
2016-11-02,Krishnagiri,12.5266,78.2138,Semi-arid,24.45,31.27,19.66,73.99,2.3,0.56,13.25,32.62
2016-11-03,Krishnagiri,12.5266,78.2138,Semi-arid,25.4,32.2,20.21,67.31,2.16,0.03,19.66,32.51
2016-11-04,Krishnagiri,12.5266,78.2138,Semi-arid,26.92,34.11,20.52,58.35,1.21,0.0,18.84,32.41
2016-11-05,Krishnagiri,12.5266,78.2138,Semi-arid,26.6,34.4,19.76,45.27,1.56,0.0,20.14,32.31
2016-11-06,Krishnagiri,12.5266,78.2138,Semi-arid,26.7,34.6,19.3,46.76,1.19,0.0,18.75,32.22
2016-11-07,Krishnagiri,12.5266,78.2138,Semi-arid,25.93,33.05,20.57,56.24,1.28,0.0,16.49,32.12
2016-11-08,Krishnagiri,12.5266,78.2138,Semi-arid,24.7,32.54,18.62,57.32,1.78,0.0,18.67,32.02
2016-11-09,Krishnagiri,12.5266,78.2138,Semi-arid,23.19,32.25,16.84,52.29,1.86,0.01,20.71,31.92
2016-11-10,Krishnagiri,12.5266,78.2138,Semi-arid,23.21,32.92,15.49,49.8,1.56,0.0,20.44,31.82
2016-11-11,Krishnagiri,12.5266,78.2138,Semi-arid,23.81,33.03,16.33,57.15,1.47,0.0,19.1,31.73
2016-11-12,Krishnagiri,12.5266,78.2138,Semi-arid,25.11,33.66,18.75,57.07,1.9,0.0,19.06,31.63
2016-11-13,Krishnagiri,12.5266,78.2138,Semi-arid,25.62,33.23,19.5,67.08,2.42,0.16,16.49,31.54
2016-11-14,Krishnagiri,12.5266,78.2138,Semi-arid,26.4,34.0,20.84,65.84,2.65,0.2,16.15,31.45
2016-11-15,Krishnagiri,12.5266,78.2138,Semi-arid,25.43,32.69,20.24,61.59,2.57,0.15,18.0,31.36
2016-11-16,Krishnagiri,12.5266,78.2138,Semi-arid,25.67,33.21,20.04,64.08,3.11,0.01,18.07,31.27
2016-11-17,Krishnagiri,12.5266,78.2138,Semi-arid,24.96,31.89,20.3,66.38,3.34,0.01,15.28,31.18
2016-11-18,Krishnagiri,12.5266,78.2138,Semi-arid,23.47,31.52,17.98,62.95,2.69,0.0,18.39,31.1
2016-11-19,Krishnagiri,12.5266,78.2138,Semi-arid,23.37,31.81,16.74,60.74,2.46,0.0,16.27,31.01
2016-11-20,Krishnagiri,12.5266,78.2138,Semi-arid,22.0,28.6,17.7,60.83,2.08,0.0,18.77,30.93
2016-11-21,Krishnagiri,12.5266,78.2138,Semi-arid,23.27,32.25,15.27,59.52,2.5,0.0,19.38,30.85
2016-11-22,Krishnagiri,12.5266,78.2138,Semi-arid,23.66,33.41,15.63,50.58,1.87,0.0,20.6,30.77
2016-11-23,Krishnagiri,12.5266,78.2138,Semi-arid,23.26,33.32,15.03,51.31,2.4,0.0,20.94,30.69
2016-11-24,Krishnagiri,12.5266,78.2138,Semi-arid,22.38,32.93,14.19,52.83,2.18,0.0,20.53,30.61
2016-11-25,Krishnagiri,12.5266,78.2138,Semi-arid,22.14,32.62,13.6,53.82,2.36,0.0,21.02,30.54
2016-11-26,Krishnagiri,12.5266,78.2138,Semi-arid,22.88,34.27,13.87,50.59,1.89,0.0,20.37,30.47
2016-11-27,Krishnagiri,12.5266,78.2138,Semi-arid,23.41,35.32,13.79,43.96,1.94,0.0,18.99,30.4
2016-11-28,Krishnagiri,12.5266,78.2138,Semi-arid,23.87,35.08,15.21,37.53,1.76,0.0,18.93,30.33
2016-11-29,Krishnagiri,12.5266,78.2138,Semi-arid,23.66,34.72,15.21,49.12,1.78,0.0,14.05,30.27
2016-11-30,Krishnagiri,12.5266,78.2138,Semi-arid,22.34,30.23,15.78,56.53,1.87,0.0,15.18,30.21
2016-12-01,Krishnagiri,12.5266,78.2138,Semi-arid,21.62,28.06,16.92,60.57,3.3,2.21,6.92,30.15
2016-12-02,Krishnagiri,12.5266,78.2138,Semi-arid,22.81,29.63,18.35,78.25,3.61,4.54,7.08,30.09
2016-12-03,Krishnagiri,12.5266,78.2138,Semi-arid,23.29,28.81,19.68,80.63,3.38,1.92,10.36,30.04
2016-12-04,Krishnagiri,12.5266,78.2138,Semi-arid,24.4,31.65,19.24,73.07,2.5,0.19,16.78,29.99
2016-12-05,Krishnagiri,12.5266,78.2138,Semi-arid,24.31,30.98,19.6,70.01,2.25,0.28,16.37,29.94
2016-12-06,Krishnagiri,12.5266,78.2138,Semi-arid,23.04,31.07,17.25,64.89,2.85,0.0,16.37,29.9
2016-12-07,Krishnagiri,12.5266,78.2138,Semi-arid,22.35,31.13,13.36,69.0,2.29,0.01,13.46,29.85
2016-12-08,Krishnagiri,12.5266,78.2138,Semi-arid,24.1,31.45,18.47,67.57,1.9,0.0,15.47,29.81
2016-12-09,Krishnagiri,12.5266,78.2138,Semi-arid,24.06,33.63,17.14,50.39,1.65,0.0,18.39,29.78
2016-12-10,Krishnagiri,12.5266,78.2138,Semi-arid,22.78,33.29,13.97,25.42,1.9,0.0,16.31,29.74
2016-12-11,Krishnagiri,12.5266,78.2138,Semi-arid,22.18,31.35,14.1,24.8,1.89,0.0,15.38,29.71
2016-12-12,Krishnagiri,12.5266,78.2138,Semi-arid,22.8,28.13,19.19,50.21,4.59,31.61,5.48,29.69
2016-12-13,Krishnagiri,12.5266,78.2138,Semi-arid,21.68,27.07,18.35,81.53,2.71,12.64,7.07,29.66
2016-12-14,Krishnagiri,12.5266,78.2138,Semi-arid,22.8,28.34,19.43,80.52,2.8,1.99,10.24,29.64
2016-12-15,Krishnagiri,12.5266,78.2138,Semi-arid,22.14,29.38,17.31,73.14,2.12,0.08,18.6,29.62
2016-12-16,Krishnagiri,12.5266,78.2138,Semi-arid,22.15,28.85,17.52,79.0,2.42,0.58,10.29,29.61
2016-12-17,Krishnagiri,12.5266,78.2138,Semi-arid,22.35,30.34,16.83,72.77,2.02,0.01,18.03,29.6
2016-12-18,Krishnagiri,12.5266,78.2138,Semi-arid,21.99,30.54,16.02,70.1,1.92,0.0,19.05,29.59
2016-12-19,Krishnagiri,12.5266,78.2138,Semi-arid,21.33,30.78,14.24,63.79,2.18,0.0,20.02,29.58
2016-12-20,Krishnagiri,12.5266,78.2138,Semi-arid,21.46,29.9,14.25,65.88,2.26,0.0,14.61,29.58
2016-12-21,Krishnagiri,12.5266,78.2138,Semi-arid,22.09,31.1,15.33,67.53,1.51,0.0,17.94,29.58
2016-12-22,Krishnagiri,12.5266,78.2138,Semi-arid,21.7,31.96,15.38,58.52,1.64,0.0,19.52,29.59
2016-12-23,Krishnagiri,12.5266,78.2138,Semi-arid,20.86,31.13,14.33,44.74,1.58,0.0,20.79,29.6
2016-12-24,Krishnagiri,12.5266,78.2138,Semi-arid,20.42,31.07,13.68,56.65,1.49,0.0,20.37,29.61
2016-12-25,Krishnagiri,12.5266,78.2138,Semi-arid,20.31,30.91,14.16,63.56,0.85,0.0,20.04,29.62
2016-12-26,Krishnagiri,12.5266,78.2138,Semi-arid,20.74,31.64,12.81,58.26,1.85,0.0,19.65,29.64
2016-12-27,Krishnagiri,12.5266,78.2138,Semi-arid,21.32,31.37,13.07,60.91,2.59,0.0,20.83,29.66
2016-12-28,Krishnagiri,12.5266,78.2138,Semi-arid,21.35,31.02,14.16,67.64,2.47,0.04,16.28,29.69
2016-12-29,Krishnagiri,12.5266,78.2138,Semi-arid,20.77,30.31,14.37,64.75,2.26,0.0,20.25,29.71
2016-12-30,Krishnagiri,12.5266,78.2138,Semi-arid,20.44,29.2,14.37,67.0,2.13,0.0,18.56,29.75
2016-12-31,Krishnagiri,12.5266,78.2138,Semi-arid,20.19,29.39,13.98,65.27,2.07,0.0,19.8,29.78
2017-01-01,Krishnagiri,12.5266,78.2138,Semi-arid,20.61,29.46,13.03,67.05,2.15,0.0,17.74,29.81
2017-01-02,Krishnagiri,12.5266,78.2138,Semi-arid,21.09,30.52,14.61,59.42,1.86,0.0,20.15,29.85
2017-01-03,Krishnagiri,12.5266,78.2138,Semi-arid,20.78,30.77,12.6,55.97,2.25,0.0,21.28,29.89
2017-01-04,Krishnagiri,12.5266,78.2138,Semi-arid,21.23,30.85,13.26,59.46,1.88,0.0,20.16,29.94
2017-01-05,Krishnagiri,12.5266,78.2138,Semi-arid,21.46,30.96,14.87,60.04,1.96,0.0,18.62,29.99
2017-01-06,Krishnagiri,12.5266,78.2138,Semi-arid,21.49,31.39,15.01,58.84,1.48,0.0,19.45,30.04
2017-01-07,Krishnagiri,12.5266,78.2138,Semi-arid,21.87,30.89,15.46,61.35,1.21,0.0,18.62,30.09
2017-01-08,Krishnagiri,12.5266,78.2138,Semi-arid,21.64,31.25,14.96,60.6,1.73,0.0,19.0,30.15
2017-01-09,Krishnagiri,12.5266,78.2138,Semi-arid,21.27,30.82,14.75,56.54,1.65,0.0,20.65,30.21
2017-01-10,Krishnagiri,12.5266,78.2138,Semi-arid,21.82,31.14,13.65,56.47,0.8,0.0,19.51,30.28
2017-01-11,Krishnagiri,12.5266,78.2138,Semi-arid,22.26,30.9,14.95,59.56,1.19,0.0,16.61,30.34
2017-01-12,Krishnagiri,12.5266,78.2138,Semi-arid,22.79,30.19,16.89,63.76,1.62,0.0,15.92,30.41
2017-01-13,Krishnagiri,12.5266,78.2138,Semi-arid,22.98,30.26,17.47,64.73,1.88,0.0,14.25,30.48
2017-01-14,Krishnagiri,12.5266,78.2138,Semi-arid,22.13,29.33,17.22,63.45,2.66,0.0,15.81,30.56
2017-01-15,Krishnagiri,12.5266,78.2138,Semi-arid,21.82,30.27,14.9,61.37,2.69,0.0,17.24,30.63
2017-01-16,Krishnagiri,12.5266,78.2138,Semi-arid,22.34,31.25,16.45,58.94,2.22,0.0,17.91,30.71
2017-01-17,Krishnagiri,12.5266,78.2138,Semi-arid,21.38,30.59,14.99,55.92,2.41,0.0,20.91,30.79
2017-01-18,Krishnagiri,12.5266,78.2138,Semi-arid,20.7,29.86,13.55,59.8,3.08,0.0,19.19,30.88
2017-01-19,Krishnagiri,12.5266,78.2138,Semi-arid,21.13,29.76,14.28,63.39,3.09,0.0,15.96,30.96
2017-01-20,Krishnagiri,12.5266,78.2138,Semi-arid,21.74,30.91,13.13,65.41,3.13,0.31,17.72,31.05
2017-01-21,Krishnagiri,12.5266,78.2138,Semi-arid,22.71,30.09,16.84,72.03,3.73,0.29,9.34,31.14
2017-01-22,Krishnagiri,12.5266,78.2138,Semi-arid,23.14,32.0,16.53,59.03,3.24,0.0,20.95,31.22
2017-01-23,Krishnagiri,12.5266,78.2138,Semi-arid,21.99,31.29,13.64,53.55,3.17,0.0,19.51,31.32
2017-01-24,Krishnagiri,12.5266,78.2138,Semi-arid,22.7,31.6,14.96,57.48,3.33,0.0,21.04,31.41
2017-01-25,Krishnagiri,12.5266,78.2138,Semi-arid,22.77,31.03,16.37,61.8,3.29,0.0,18.15,31.51
2017-01-26,Krishnagiri,12.5266,78.2138,Semi-arid,22.32,28.58,17.02,73.41,2.69,2.84,8.56,31.6
2017-01-27,Krishnagiri,12.5266,78.2138,Semi-arid,23.15,30.37,18.96,79.29,2.9,1.97,10.03,31.7
2017-01-28,Krishnagiri,12.5266,78.2138,Semi-arid,23.93,31.02,19.31,75.0,3.16,1.03,10.8,31.81
2017-01-29,Krishnagiri,12.5266,78.2138,Semi-arid,24.1,32.49,17.16,61.0,2.74,0.06,18.44,31.91
2017-01-30,Krishnagiri,12.5266,78.2138,Semi-arid,23.53,32.44,16.68,60.81,2.49,0.01,21.69,32.01
2017-01-31,Krishnagiri,12.5266,78.2138,Semi-arid,23.67,33.64,16.72,54.56,2.31,0.0,22.27,32.11
2017-02-01,Krishnagiri,12.5266,78.2138,Semi-arid,21.97,32.37,14.59,53.14,2.15,0.0,23.02,32.23
2017-02-02,Krishnagiri,12.5266,78.2138,Semi-arid,21.6,31.54,13.58,57.57,2.54,0.0,23.68,32.34
2017-02-03,Krishnagiri,12.5266,78.2138,Semi-arid,21.9,31.41,13.96,57.85,2.29,0.0,22.06,32.44
2017-02-04,Krishnagiri,12.5266,78.2138,Semi-arid,22.33,31.79,15.39,57.36,2.37,0.0,21.4,32.55
2017-02-05,Krishnagiri,12.5266,78.2138,Semi-arid,22.05,32.23,15.1,56.43,1.84,0.0,22.95,32.66
2017-02-06,Krishnagiri,12.5266,78.2138,Semi-arid,22.79,33.75,14.95,50.85,1.36,0.0,23.31,32.76
2017-02-07,Krishnagiri,12.5266,78.2138,Semi-arid,23.33,34.16,15.06,44.23,1.69,0.0,23.28,32.87
2017-02-08,Krishnagiri,12.5266,78.2138,Semi-arid,23.18,33.89,15.03,44.07,2.24,0.0,23.37,32.98
2017-02-09,Krishnagiri,12.5266,78.2138,Semi-arid,23.05,34.33,14.61,50.9,1.93,0.0,23.19,33.09
2017-02-10,Krishnagiri,12.5266,78.2138,Semi-arid,23.0,33.47,15.71,51.98,1.96,0.0,22.95,33.2
2017-02-11,Krishnagiri,12.5266,78.2138,Semi-arid,22.73,33.02,15.5,53.08,2.07,0.0,23.73,33.31
2017-02-12,Krishnagiri,12.5266,78.2138,Semi-arid,22.45,31.6,16.11,57.6,2.83,0.0,22.82,33.42
2017-02-13,Krishnagiri,12.5266,78.2138,Semi-arid,22.46,31.39,14.9,60.13,3.36,0.0,23.19,33.53
2017-02-14,Krishnagiri,12.5266,78.2138,Semi-arid,23.37,31.86,16.25,64.44,4.17,0.0,15.05,33.64
2017-02-15,Krishnagiri,12.5266,78.2138,Semi-arid,23.73,32.55,15.84,55.1,3.23,0.0,23.51,33.75
2017-02-16,Krishnagiri,12.5266,78.2138,Semi-arid,22.25,31.61,14.92,54.08,3.42,0.0,24.39,33.86
2017-02-17,Krishnagiri,12.5266,78.2138,Semi-arid,21.71,31.76,12.7,53.01,3.06,0.0,24.05,33.97
2017-02-18,Krishnagiri,12.5266,78.2138,Semi-arid,22.57,32.77,13.36,51.21,2.7,0.0,24.97,34.08
2017-02-19,Krishnagiri,12.5266,78.2138,Semi-arid,24.5,35.18,15.31,45.38,1.96,0.0,22.35,34.18
2017-02-20,Krishnagiri,12.5266,78.2138,Semi-arid,25.95,36.22,16.26,35.74,1.28,0.0,21.43,34.29
2017-02-21,Krishnagiri,12.5266,78.2138,Semi-arid,26.65,37.12,18.08,35.0,1.43,0.0,22.14,34.4
2017-02-22,Krishnagiri,12.5266,78.2138,Semi-arid,26.85,37.35,18.51,37.79,1.61,0.0,23.95,34.5
2017-02-23,Krishnagiri,12.5266,78.2138,Semi-arid,25.97,36.55,17.6,48.11,2.12,0.0,25.07,34.61
2017-02-24,Krishnagiri,12.5266,78.2138,Semi-arid,25.97,36.5,17.64,45.28,2.69,0.0,25.17,34.71
2017-02-25,Krishnagiri,12.5266,78.2138,Semi-arid,26.27,36.46,17.62,40.9,2.46,0.0,25.19,34.81
2017-02-26,Krishnagiri,12.5266,78.2138,Semi-arid,25.22,33.8,17.95,46.21,2.42,0.0,23.62,34.92
2017-02-27,Krishnagiri,12.5266,78.2138,Semi-arid,24.37,33.06,17.31,48.02,2.73,0.0,17.62,35.02
2017-02-28,Krishnagiri,12.5266,78.2138,Semi-arid,24.63,34.57,14.57,38.92,2.95,0.0,24.88,35.12
2017-03-01,Krishnagiri,12.5266,78.2138,Semi-arid,24.28,34.38,15.26,36.34,3.04,0.0,21.9,35.21
2017-03-02,Krishnagiri,12.5266,78.2138,Semi-arid,24.41,34.62,14.52,33.5,2.48,0.0,19.53,35.31
2017-03-03,Krishnagiri,12.5266,78.2138,Semi-arid,25.51,34.66,15.93,48.8,2.44,0.01,23.61,35.41
2017-03-04,Krishnagiri,12.5266,78.2138,Semi-arid,26.34,33.67,20.26,64.97,2.49,0.65,18.68,35.51
2017-03-05,Krishnagiri,12.5266,78.2138,Semi-arid,27.65,34.13,21.25,58.67,1.53,0.29,20.85,35.6
2017-03-06,Krishnagiri,12.5266,78.2138,Semi-arid,28.17,35.45,21.89,56.9,2.0,1.1,16.8,35.69
2017-03-07,Krishnagiri,12.5266,78.2138,Semi-arid,26.35,31.49,22.66,66.57,1.85,9.46,19.3,35.78
2017-03-08,Krishnagiri,12.5266,78.2138,Semi-arid,26.58,32.73,21.83,69.57,1.57,4.51,17.7,35.87
2017-03-09,Krishnagiri,12.5266,78.2138,Semi-arid,27.46,34.01,22.09,63.25,1.65,0.05,19.36,35.96
2017-03-10,Krishnagiri,12.5266,78.2138,Semi-arid,26.29,32.93,21.88,69.32,1.92,4.35,20.04,36.05
2017-03-11,Krishnagiri,12.5266,78.2138,Semi-arid,27.13,34.61,20.9,63.03,1.48,0.27,21.3,36.13
2017-03-12,Krishnagiri,12.5266,78.2138,Semi-arid,27.64,35.03,20.31,58.69,1.58,0.0,21.68,36.22
2017-03-13,Krishnagiri,12.5266,78.2138,Semi-arid,27.78,34.78,21.55,60.55,1.6,3.37,20.33,36.3
2017-03-14,Krishnagiri,12.5266,78.2138,Semi-arid,25.82,31.74,21.69,72.04,2.27,5.75,15.04,36.38
2017-03-15,Krishnagiri,12.5266,78.2138,Semi-arid,25.89,32.95,20.8,65.06,2.63,0.42,20.9,36.45
2017-03-16,Krishnagiri,12.5266,78.2138,Semi-arid,25.73,33.0,19.66,63.48,1.64,0.14,20.14,36.53
2017-03-17,Krishnagiri,12.5266,78.2138,Semi-arid,27.27,34.33,20.04,60.55,0.85,0.54,22.96,36.6
2017-03-18,Krishnagiri,12.5266,78.2138,Semi-arid,28.76,36.3,21.15,52.13,0.99,0.19,20.84,36.68
2017-03-19,Krishnagiri,12.5266,78.2138,Semi-arid,29.22,37.4,21.43,47.8,1.4,0.01,21.95,36.75
2017-03-20,Krishnagiri,12.5266,78.2138,Semi-arid,28.83,35.89,21.47,50.97,1.7,0.39,19.93,36.82
2017-03-21,Krishnagiri,12.5266,78.2138,Semi-arid,28.38,34.3,22.98,52.34,1.94,0.86,20.31,36.88
2017-03-22,Krishnagiri,12.5266,78.2138,Semi-arid,28.11,35.83,21.0,48.41,2.41,0.0,23.3,36.95
2017-03-23,Krishnagiri,12.5266,78.2138,Semi-arid,27.48,36.76,19.98,47.85,2.34,0.0,25.67,37.01
2017-03-24,Krishnagiri,12.5266,78.2138,Semi-arid,27.06,36.96,18.76,41.88,2.37,0.0,26.35,37.07
2017-03-25,Krishnagiri,12.5266,78.2138,Semi-arid,27.32,37.33,18.63,36.93,2.63,0.0,26.85,37.13
2017-03-26,Krishnagiri,12.5266,78.2138,Semi-arid,27.6,37.71,18.89,40.14,2.84,0.0,26.73,37.19
2017-03-27,Krishnagiri,12.5266,78.2138,Semi-arid,26.88,36.67,17.81,41.22,2.56,0.0,26.35,37.24
2017-03-28,Krishnagiri,12.5266,78.2138,Semi-arid,27.79,37.56,18.17,42.12,2.67,0.0,26.15,37.29
2017-03-29,Krishnagiri,12.5266,78.2138,Semi-arid,28.45,38.02,20.67,39.25,2.32,0.0,26.07,37.34
2017-03-30,Krishnagiri,12.5266,78.2138,Semi-arid,28.26,37.96,19.28,40.15,2.18,0.0,26.89,37.39
2017-03-31,Krishnagiri,12.5266,78.2138,Semi-arid,28.29,37.39,20.25,49.11,2.63,0.0,26.88,37.43
2017-04-01,Krishnagiri,12.5266,78.2138,Semi-arid,29.05,38.76,19.5,41.12,2.19,0.0,25.89,37.47
2017-04-02,Krishnagiri,12.5266,78.2138,Semi-arid,29.89,39.12,21.6,35.82,2.43,0.0,25.34,37.52
2017-04-03,Krishnagiri,12.5266,78.2138,Semi-arid,29.84,38.75,22.07,46.7,2.53,0.0,25.58,37.57
2017-04-04,Krishnagiri,12.5266,78.2138,Semi-arid,30.2,38.68,22.93,49.23,2.58,0.25,24.37,37.61
2017-04-05,Krishnagiri,12.5266,78.2138,Semi-arid,30.45,38.1,22.74,46.78,2.05,2.75,23.76,37.66
2017-04-06,Krishnagiri,12.5266,78.2138,Semi-arid,30.78,37.8,24.12,45.05,1.62,1.13,22.58,37.7
2017-04-07,Krishnagiri,12.5266,78.2138,Semi-arid,30.3,37.96,22.94,43.2,1.99,2.27,23.37,37.73
2017-04-08,Krishnagiri,12.5266,78.2138,Semi-arid,30.23,38.39,22.39,44.59,2.44,0.0,24.45,37.76
2017-04-09,Krishnagiri,12.5266,78.2138,Semi-arid,30.1,38.61,22.03,41.14,2.36,0.0,24.5,37.79
2017-04-10,Krishnagiri,12.5266,78.2138,Semi-arid,30.74,38.9,22.44,41.97,1.81,0.48,22.25,37.83
2017-04-11,Krishnagiri,12.5266,78.2138,Semi-arid,31.0,39.53,23.6,40.98,2.33,1.14,20.39,37.85
2017-04-12,Krishnagiri,12.5266,78.2138,Semi-arid,31.01,39.43,23.43,43.92,2.31,0.0,23.98,37.88
2017-04-13,Krishnagiri,12.5266,78.2138,Semi-arid,30.16,39.05,22.3,43.35,2.48,0.02,24.89,37.9
2017-04-14,Krishnagiri,12.5266,78.2138,Semi-arid,30.14,39.78,21.82,41.29,2.27,0.0,20.64,37.92
2017-04-15,Krishnagiri,12.5266,78.2138,Semi-arid,30.78,40.13,22.47,35.12,2.0,0.0,23.15,37.94
2017-04-16,Krishnagiri,12.5266,78.2138,Semi-arid,31.8,40.35,22.94,36.54,1.6,0.33,23.1,37.96
2017-04-17,Krishnagiri,12.5266,78.2138,Semi-arid,32.15,39.37,25.33,43.88,1.81,6.37,22.46,37.98
2017-04-18,Krishnagiri,12.5266,78.2138,Semi-arid,31.26,38.02,24.08,45.29,1.52,0.06,22.62,38.0
2017-04-19,Krishnagiri,12.5266,78.2138,Semi-arid,31.94,38.91,24.3,43.38,1.55,0.15,23.55,38.01
2017-04-20,Krishnagiri,12.5266,78.2138,Semi-arid,31.86,37.86,26.77,44.2,1.65,1.57,18.49,38.03
2017-04-21,Krishnagiri,12.5266,78.2138,Semi-arid,28.93,35.04,24.78,60.95,2.47,10.44,21.66,38.04
2017-04-22,Krishnagiri,12.5266,78.2138,Semi-arid,29.12,35.81,23.4,61.47,1.91,3.78,22.69,38.04
2017-04-23,Krishnagiri,12.5266,78.2138,Semi-arid,30.81,38.49,22.54,51.07,2.08,0.01,22.94,38.05
2017-04-24,Krishnagiri,12.5266,78.2138,Semi-arid,31.46,38.94,24.27,47.43,2.12,0.51,21.74,38.06
2017-04-25,Krishnagiri,12.5266,78.2138,Semi-arid,30.47,37.63,23.91,52.23,1.81,1.02,18.81,38.06
2017-04-26,Krishnagiri,12.5266,78.2138,Semi-arid,28.96,33.54,24.66,59.01,0.97,0.16,24.27,38.07
2017-04-27,Krishnagiri,12.5266,78.2138,Semi-arid,29.84,37.3,24.74,48.1,1.67,0.0,25.38,38.07
2017-04-28,Krishnagiri,12.5266,78.2138,Semi-arid,30.64,38.83,21.94,40.03,1.35,0.19,25.32,38.07
2017-04-29,Krishnagiri,12.5266,78.2138,Semi-arid,31.7,39.03,23.98,39.07,1.34,2.41,24.14,38.07
2017-04-30,Krishnagiri,12.5266,78.2138,Semi-arid,30.97,37.95,23.47,43.76,1.3,1.05,22.82,38.07
2017-05-01,Krishnagiri,12.5266,78.2138,Semi-arid,29.07,33.6,24.22,54.05,1.35,4.13,22.45,38.07
2017-05-02,Krishnagiri,12.5266,78.2138,Semi-arid,28.27,34.13,22.9,56.69,1.51,5.75,23.72,38.07
2017-05-03,Krishnagiri,12.5266,78.2138,Semi-arid,28.8,36.51,21.83,56.51,1.97,0.35,25.0,38.06
2017-05-04,Krishnagiri,12.5266,78.2138,Semi-arid,29.76,37.89,22.67,51.24,1.53,0.03,26.74,38.05
2017-05-05,Krishnagiri,12.5266,78.2138,Semi-arid,30.77,38.94,22.84,51.11,2.12,0.25,25.92,38.05
2017-05-06,Krishnagiri,12.5266,78.2138,Semi-arid,30.91,38.06,24.38,51.23,2.1,0.08,25.02,38.04
2017-05-07,Krishnagiri,12.5266,78.2138,Semi-arid,29.41,35.27,24.62,56.9,1.82,7.95,24.26,38.04
2017-05-08,Krishnagiri,12.5266,78.2138,Semi-arid,26.84,30.44,23.72,62.55,1.49,12.49,23.92,38.03
2017-05-09,Krishnagiri,12.5266,78.2138,Semi-arid,28.76,36.27,20.64,57.51,1.6,1.47,21.66,38.02
2017-05-10,Krishnagiri,12.5266,78.2138,Semi-arid,28.24,33.7,24.31,65.19,1.42,2.29,22.16,38.01
2017-05-11,Krishnagiri,12.5266,78.2138,Semi-arid,25.98,29.03,23.11,77.62,1.45,2.54,17.78,38.0
2017-05-12,Krishnagiri,12.5266,78.2138,Semi-arid,27.39,33.57,22.48,69.21,1.55,0.16,22.96,37.99
2017-05-13,Krishnagiri,12.5266,78.2138,Semi-arid,28.12,34.91,22.76,64.78,0.98,0.1,24.31,37.98
2017-05-14,Krishnagiri,12.5266,78.2138,Semi-arid,30.09,37.53,23.17,59.23,1.47,4.22,22.59,37.97
2017-05-15,Krishnagiri,12.5266,78.2138,Semi-arid,28.61,34.17,23.39,65.46,2.47,1.28,20.84,37.95
2017-05-16,Krishnagiri,12.5266,78.2138,Semi-arid,31.22,39.64,24.17,51.71,2.29,2.1,22.43,37.94
2017-05-17,Krishnagiri,12.5266,78.2138,Semi-arid,30.4,37.66,24.73,60.26,2.46,4.79,21.41,37.93
2017-05-18,Krishnagiri,12.5266,78.2138,Semi-arid,27.83,34.93,23.9,69.3,3.21,20.3,20.66,37.92
2017-05-19,Krishnagiri,12.5266,78.2138,Semi-arid,26.22,31.1,23.33,75.82,3.31,3.49,21.68,37.9
2017-05-20,Krishnagiri,12.5266,78.2138,Semi-arid,26.54,31.38,22.87,73.51,2.49,7.89,18.1,37.89
2017-05-21,Krishnagiri,12.5266,78.2138,Semi-arid,25.58,30.22,22.93,77.38,2.64,12.52,19.13,37.87
2017-05-22,Krishnagiri,12.5266,78.2138,Semi-arid,26.65,31.6,22.37,75.31,1.73,13.77,19.03,37.86
2017-05-23,Krishnagiri,12.5266,78.2138,Semi-arid,28.28,36.09,21.96,64.12,2.02,0.27,19.88,37.84
2017-05-24,Krishnagiri,12.5266,78.2138,Semi-arid,28.5,35.08,22.6,66.19,1.55,4.34,18.56,37.83
2017-05-25,Krishnagiri,12.5266,78.2138,Semi-arid,26.99,31.81,23.13,72.23,3.11,4.48,19.48,37.81
2017-05-26,Krishnagiri,12.5266,78.2138,Semi-arid,26.83,32.12,23.09,74.59,2.57,10.77,21.3,37.8
2017-05-27,Krishnagiri,12.5266,78.2138,Semi-arid,25.63,28.78,23.45,84.04,2.26,36.32,15.61,37.78
2017-05-28,Krishnagiri,12.5266,78.2138,Semi-arid,26.09,30.5,22.56,79.51,3.25,2.84,18.0,37.77
2017-05-29,Krishnagiri,12.5266,78.2138,Semi-arid,27.0,33.41,22.28,71.63,4.5,0.01,23.8,37.75
2017-05-30,Krishnagiri,12.5266,78.2138,Semi-arid,27.3,34.58,21.63,68.59,4.89,0.03,24.35,37.74
2017-05-31,Krishnagiri,12.5266,78.2138,Semi-arid,26.78,33.29,21.68,71.2,3.53,0.01,21.69,37.72
2017-06-01,Krishnagiri,12.5266,78.2138,Semi-arid,27.16,33.35,21.22,67.64,2.52,0.01,24.27,37.71
2017-06-02,Krishnagiri,12.5266,78.2138,Semi-arid,27.14,33.32,21.54,68.26,2.48,1.02,24.22,37.7
2017-06-03,Krishnagiri,12.5266,78.2138,Semi-arid,26.21,32.3,21.86,69.94,4.32,0.05,25.21,37.69
2017-06-04,Krishnagiri,12.5266,78.2138,Semi-arid,27.19,33.85,21.75,67.73,3.35,0.02,25.0,37.67
2017-06-05,Krishnagiri,12.5266,78.2138,Semi-arid,27.51,33.46,22.23,66.97,3.21,0.14,24.32,37.66
2017-06-06,Krishnagiri,12.5266,78.2138,Semi-arid,26.31,30.99,22.44,72.23,3.11,5.69,21.68,37.65
2017-06-07,Krishnagiri,12.5266,78.2138,Semi-arid,25.19,30.95,21.11,67.48,3.98,1.01,14.66,37.64
2017-06-08,Krishnagiri,12.5266,78.2138,Semi-arid,25.51,31.96,19.96,62.98,4.63,0.32,17.18,37.62
2017-06-09,Krishnagiri,12.5266,78.2138,Semi-arid,25.28,30.5,21.28,71.73,4.62,2.3,16.58,37.61
2017-06-10,Krishnagiri,12.5266,78.2138,Semi-arid,25.42,31.2,21.33,71.2,5.02,0.46,18.58,37.6
2017-06-11,Krishnagiri,12.5266,78.2138,Semi-arid,25.89,31.99,21.23,67.78,5.21,0.53,17.77,37.59
2017-06-12,Krishnagiri,12.5266,78.2138,Semi-arid,25.4,30.44,21.41,74.48,3.56,1.4,14.11,37.58
2017-06-13,Krishnagiri,12.5266,78.2138,Semi-arid,26.91,33.33,21.9,71.5,2.92,0.24,17.07,37.57
2017-06-14,Krishnagiri,12.5266,78.2138,Semi-arid,27.33,33.24,22.5,70.74,2.88,0.13,21.58,37.57
2017-06-15,Krishnagiri,12.5266,78.2138,Semi-arid,27.26,33.65,22.25,67.82,3.11,0.03,18.45,37.56
2017-06-16,Krishnagiri,12.5266,78.2138,Semi-arid,26.34,31.82,22.53,70.76,2.83,4.44,15.21,37.55
2017-06-17,Krishnagiri,12.5266,78.2138,Semi-arid,25.43,31.67,20.73,66.26,3.79,0.86,22.18,37.54
2017-06-18,Krishnagiri,12.5266,78.2138,Semi-arid,27.22,34.95,20.39,62.56,3.6,0.1,22.6,37.53
2017-06-19,Krishnagiri,12.5266,78.2138,Semi-arid,25.44,31.13,21.45,66.86,3.6,1.61,17.17,37.53
2017-06-20,Krishnagiri,12.5266,78.2138,Semi-arid,26.41,34.22,20.59,65.07,3.89,1.09,18.55,37.52
2017-06-21,Krishnagiri,12.5266,78.2138,Semi-arid,26.2,32.67,21.16,67.43,3.52,0.37,21.55,37.52
2017-06-22,Krishnagiri,12.5266,78.2138,Semi-arid,26.36,32.99,21.15,67.51,3.71,0.16,19.11,37.51
2017-06-23,Krishnagiri,12.5266,78.2138,Semi-arid,26.66,32.69,21.58,67.77,4.29,0.77,23.64,37.51
2017-06-24,Krishnagiri,12.5266,78.2138,Semi-arid,25.42,30.58,22.04,65.2,4.34,2.53,16.98,37.5
2017-06-25,Krishnagiri,12.5266,78.2138,Semi-arid,25.4,30.8,21.34,70.34,4.67,1.16,18.29,37.5
2017-06-26,Krishnagiri,12.5266,78.2138,Semi-arid,25.56,30.11,22.18,70.61,4.52,0.3,15.86,37.49
2017-06-27,Krishnagiri,12.5266,78.2138,Semi-arid,25.05,30.3,21.68,67.75,4.72,4.28,18.86,37.49
2017-06-28,Krishnagiri,12.5266,78.2138,Semi-arid,25.13,31.61,20.82,67.24,4.67,0.29,17.32,37.49
2017-06-29,Krishnagiri,12.5266,78.2138,Semi-arid,24.83,30.73,20.14,66.68,4.3,0.84,19.13,37.49
2017-06-30,Krishnagiri,12.5266,78.2138,Semi-arid,25.34,30.86,21.19,69.06,4.0,0.2,17.3,37.5
2017-07-01,Krishnagiri,12.5266,78.2138,Semi-arid,26.73,33.0,21.38,65.23,3.54,0.01,17.95,37.5
2017-07-02,Krishnagiri,12.5266,78.2138,Semi-arid,25.53,31.32,21.58,72.1,3.74,1.23,21.7,37.5
2017-07-03,Krishnagiri,12.5266,78.2138,Semi-arid,26.39,33.8,21.25,64.97,4.14,1.18,18.99,37.5
2017-07-04,Krishnagiri,12.5266,78.2138,Semi-arid,25.57,32.24,20.42,64.3,4.53,1.45,18.57,37.5
2017-07-05,Krishnagiri,12.5266,78.2138,Semi-arid,25.33,33.02,19.88,69.76,3.91,2.36,18.58,37.5
2017-07-06,Krishnagiri,12.5266,78.2138,Semi-arid,26.18,32.46,21.13,70.47,3.68,2.0,18.46,37.51
2017-07-07,Krishnagiri,12.5266,78.2138,Semi-arid,26.13,32.46,21.22,68.69,3.08,0.78,14.37,37.51
2017-07-08,Krishnagiri,12.5266,78.2138,Semi-arid,25.75,31.74,20.76,65.41,3.24,0.03,12.68,37.51
2017-07-09,Krishnagiri,12.5266,78.2138,Semi-arid,26.18,33.06,20.89,65.37,2.77,0.09,20.67,37.5
2017-07-10,Krishnagiri,12.5266,78.2138,Semi-arid,25.65,30.58,21.87,71.44,2.64,0.01,23.01,37.5
2017-07-11,Krishnagiri,12.5266,78.2138,Semi-arid,25.12,29.42,21.77,74.56,3.76,1.21,19.27,37.51
2017-07-12,Krishnagiri,12.5266,78.2138,Semi-arid,25.8,33.22,20.59,64.42,4.06,2.58,13.57,37.52
2017-07-13,Krishnagiri,12.5266,78.2138,Semi-arid,26.09,32.87,20.66,62.78,4.37,0.11,17.53,37.53
2017-07-14,Krishnagiri,12.5266,78.2138,Semi-arid,25.85,33.37,19.82,59.24,5.04,0.01,12.44,37.53
2017-07-15,Krishnagiri,12.5266,78.2138,Semi-arid,26.23,33.07,20.49,62.2,4.57,0.17,16.67,37.55
2017-07-16,Krishnagiri,12.5266,78.2138,Semi-arid,26.79,34.07,21.56,62.15,5.2,0.02,15.45,37.56
2017-07-17,Krishnagiri,12.5266,78.2138,Semi-arid,26.12,31.89,21.52,63.35,5.33,0.0,14.67,37.56
2017-07-18,Krishnagiri,12.5266,78.2138,Semi-arid,25.82,30.84,22.17,69.83,4.96,0.42,14.93,37.57
2017-07-19,Krishnagiri,12.5266,78.2138,Semi-arid,25.92,31.02,21.91,69.28,5.53,3.1,16.58,37.57
2017-07-20,Krishnagiri,12.5266,78.2138,Semi-arid,25.65,31.42,21.38,65.28,5.42,0.47,18.5,37.58
2017-07-21,Krishnagiri,12.5266,78.2138,Semi-arid,26.57,33.51,21.34,64.96,4.73,0.09,19.59,37.58
2017-07-22,Krishnagiri,12.5266,78.2138,Semi-arid,27.67,35.05,21.35,60.98,4.22,0.01,23.0,37.59
2017-07-23,Krishnagiri,12.5266,78.2138,Semi-arid,27.87,34.63,21.49,60.44,4.2,0.01,22.42,37.59
2017-07-24,Krishnagiri,12.5266,78.2138,Semi-arid,27.19,33.19,22.04,62.25,4.47,0.0,23.54,37.6
2017-07-25,Krishnagiri,12.5266,78.2138,Semi-arid,28.26,36.07,21.47,58.74,4.24,0.02,22.32,37.6
2017-07-26,Krishnagiri,12.5266,78.2138,Semi-arid,28.47,35.75,22.15,57.11,4.14,0.03,20.96,37.61
2017-07-27,Krishnagiri,12.5266,78.2138,Semi-arid,27.9,35.11,21.66,59.91,4.31,2.34,24.21,37.62
2017-07-28,Krishnagiri,12.5266,78.2138,Semi-arid,27.33,34.85,21.66,64.62,4.04,3.76,23.2,37.62
2017-07-29,Krishnagiri,12.5266,78.2138,Semi-arid,26.05,31.4,21.62,71.94,2.92,4.36,20.61,37.62
2017-07-30,Krishnagiri,12.5266,78.2138,Semi-arid,25.47,29.93,22.39,75.55,2.15,9.01,16.75,37.63
2017-07-31,Krishnagiri,12.5266,78.2138,Semi-arid,25.87,30.26,22.21,75.76,1.83,19.13,19.04,37.63
2017-08-01,Krishnagiri,12.5266,78.2138,Semi-arid,27.16,32.88,22.07,68.07,2.26,3.63,23.11,37.64
2017-08-02,Krishnagiri,12.5266,78.2138,Semi-arid,26.84,32.69,21.37,67.65,2.99,1.21,21.01,37.64
2017-08-03,Krishnagiri,12.5266,78.2138,Semi-arid,26.6,32.85,21.39,65.88,4.27,0.06,20.62,37.64
2017-08-04,Krishnagiri,12.5266,78.2138,Semi-arid,26.25,32.14,21.66,70.4,4.05,0.19,16.34,37.65
2017-08-05,Krishnagiri,12.5266,78.2138,Semi-arid,26.54,32.17,21.84,69.96,4.14,0.7,14.18,37.64
2017-08-06,Krishnagiri,12.5266,78.2138,Semi-arid,27.24,33.49,21.82,68.26,3.56,1.96,19.95,37.65
2017-08-07,Krishnagiri,12.5266,78.2138,Semi-arid,26.74,32.59,21.78,69.51,2.78,0.35,21.17,37.65
2017-08-08,Krishnagiri,12.5266,78.2138,Semi-arid,26.27,31.18,22.85,72.14,1.82,2.31,19.98,37.65
2017-08-09,Krishnagiri,12.5266,78.2138,Semi-arid,25.53,29.58,22.57,74.65,1.52,9.46,13.53,37.65
2017-08-10,Krishnagiri,12.5266,78.2138,Semi-arid,24.65,28.08,21.92,76.25,1.52,6.96,18.53,37.64
2017-08-11,Krishnagiri,12.5266,78.2138,Semi-arid,24.64,28.33,21.46,79.89,1.9,9.26,16.23,37.64
2017-08-12,Krishnagiri,12.5266,78.2138,Semi-arid,24.71,29.32,20.99,78.46,2.24,3.89,18.31,37.64
2017-08-13,Krishnagiri,12.5266,78.2138,Semi-arid,24.23,28.08,21.7,80.74,1.49,2.6,12.13,37.63
2017-08-14,Krishnagiri,12.5266,78.2138,Semi-arid,24.13,28.4,20.79,78.81,0.86,28.28,17.92,37.62
2017-08-15,Krishnagiri,12.5266,78.2138,Semi-arid,24.2,28.14,20.65,81.31,1.04,23.05,19.22,37.61
2017-08-16,Krishnagiri,12.5266,78.2138,Semi-arid,24.62,29.19,20.6,80.9,1.72,11.79,20.92,37.6
2017-08-17,Krishnagiri,12.5266,78.2138,Semi-arid,24.42,28.3,21.46,82.98,2.55,10.14,17.3,37.59
2017-08-18,Krishnagiri,12.5266,78.2138,Semi-arid,24.34,29.21,21.16,81.09,3.13,3.9,17.58,37.57
2017-08-19,Krishnagiri,12.5266,78.2138,Semi-arid,24.53,29.66,20.73,76.39,3.99,7.09,18.87,37.56
2017-08-20,Krishnagiri,12.5266,78.2138,Semi-arid,23.98,29.2,20.1,78.62,3.69,9.16,16.95,37.54
2017-08-21,Krishnagiri,12.5266,78.2138,Semi-arid,24.21,29.75,20.07,78.88,3.32,6.5,18.66,37.53
2017-08-22,Krishnagiri,12.5266,78.2138,Semi-arid,24.33,29.59,20.63,80.37,2.83,2.16,18.26,37.52
2017-08-23,Krishnagiri,12.5266,78.2138,Semi-arid,24.97,30.73,20.42,80.07,2.55,16.34,19.58,37.5
2017-08-24,Krishnagiri,12.5266,78.2138,Semi-arid,23.55,26.84,21.06,84.6,2.76,8.05,13.79,37.49
2017-08-25,Krishnagiri,12.5266,78.2138,Semi-arid,24.39,29.05,20.81,80.6,3.14,5.18,12.44,37.47
2017-08-26,Krishnagiri,12.5266,78.2138,Semi-arid,24.39,28.73,20.75,82.81,3.0,4.86,19.17,37.45
2017-08-27,Krishnagiri,12.5266,78.2138,Semi-arid,24.56,30.17,20.47,77.35,3.82,2.09,15.43,37.43
2017-08-28,Krishnagiri,12.5266,78.2138,Semi-arid,23.79,28.48,20.17,83.63,3.25,1.26,13.3,37.41
2017-08-29,Krishnagiri,12.5266,78.2138,Semi-arid,24.47,29.35,20.85,79.59,3.64,0.56,15.31,37.39
2017-08-30,Krishnagiri,12.5266,78.2138,Semi-arid,25.41,31.63,20.13,77.83,2.99,0.96,21.25,37.36
2017-08-31,Krishnagiri,12.5266,78.2138,Semi-arid,25.56,29.95,21.04,76.46,2.02,12.65,20.94,37.33
2017-09-01,Krishnagiri,12.5266,78.2138,Semi-arid,25.08,28.82,21.87,83.35,1.46,14.35,12.76,37.29
2017-09-02,Krishnagiri,12.5266,78.2138,Semi-arid,24.52,28.13,22.2,86.88,1.14,21.62,20.43,37.26
2017-09-03,Krishnagiri,12.5266,78.2138,Semi-arid,24.92,29.47,21.05,83.08,1.38,16.67,21.6,37.22
2017-09-04,Krishnagiri,12.5266,78.2138,Semi-arid,25.39,28.51,22.13,80.11,0.84,5.12,20.6,37.17
2017-09-05,Krishnagiri,12.5266,78.2138,Semi-arid,25.34,29.14,21.5,81.77,1.32,19.16,21.75,37.13
2017-09-06,Krishnagiri,12.5266,78.2138,Semi-arid,23.79,26.0,21.99,91.36,1.26,20.9,20.1,37.1
2017-09-07,Krishnagiri,12.5266,78.2138,Semi-arid,24.32,28.31,21.24,86.97,1.27,3.83,18.48,37.07
2017-09-08,Krishnagiri,12.5266,78.2138,Semi-arid,24.48,29.25,20.81,83.54,1.39,15.99,17.22,37.05
2017-09-09,Krishnagiri,12.5266,78.2138,Semi-arid,24.63,28.93,21.19,83.29,0.94,16.39,15.37,37.02
2017-09-10,Krishnagiri,12.5266,78.2138,Semi-arid,24.19,28.37,21.31,86.68,1.43,4.83,18.74,36.97
2017-09-11,Krishnagiri,12.5266,78.2138,Semi-arid,24.56,28.91,20.99,86.06,1.88,0.84,18.1,36.93
2017-09-12,Krishnagiri,12.5266,78.2138,Semi-arid,24.5,28.11,21.68,86.46,1.89,4.52,21.9,36.88
2017-09-13,Krishnagiri,12.5266,78.2138,Semi-arid,24.42,28.42,21.05,86.68,1.8,2.06,22.1,36.83
2017-09-14,Krishnagiri,12.5266,78.2138,Semi-arid,24.24,28.38,21.36,85.06,1.04,2.8,20.21,36.77
2017-09-15,Krishnagiri,12.5266,78.2138,Semi-arid,23.63,26.77,21.29,88.16,1.6,0.49,18.92,36.72
2017-09-16,Krishnagiri,12.5266,78.2138,Semi-arid,23.92,28.08,20.83,85.79,2.25,5.46,16.85,36.67
2017-09-17,Krishnagiri,12.5266,78.2138,Semi-arid,22.88,27.76,19.66,84.14,3.62,13.16,11.55,36.61
2017-09-18,Krishnagiri,12.5266,78.2138,Semi-arid,23.25,28.38,19.57,81.05,4.21,1.51,17.83,36.55
2017-09-19,Krishnagiri,12.5266,78.2138,Semi-arid,23.56,29.46,19.48,82.14,3.83,0.4,18.3,36.5
2017-09-20,Krishnagiri,12.5266,78.2138,Semi-arid,23.37,29.31,19.48,81.17,3.51,0.03,22.97,36.44
2017-09-21,Krishnagiri,12.5266,78.2138,Semi-arid,23.56,29.56,18.43,80.83,3.08,0.04,23.5,36.37
2017-09-22,Krishnagiri,12.5266,78.2138,Semi-arid,23.97,29.19,19.39,79.07,2.41,0.02,18.43,36.31
2017-09-23,Krishnagiri,12.5266,78.2138,Semi-arid,25.17,29.61,20.57,79.06,1.08,0.01,21.75,36.24
2017-09-24,Krishnagiri,12.5266,78.2138,Semi-arid,23.58,25.97,21.81,89.77,1.55,19.32,14.13,36.18
2017-09-25,Krishnagiri,12.5266,78.2138,Semi-arid,22.83,24.95,20.73,92.17,1.65,25.28,17.77,36.11
2017-09-26,Krishnagiri,12.5266,78.2138,Semi-arid,23.15,26.44,19.94,87.45,1.63,25.97,13.43,36.04
2017-09-27,Krishnagiri,12.5266,78.2138,Semi-arid,22.41,24.7,20.44,90.31,1.82,28.28,15.59,35.97
2017-09-28,Krishnagiri,12.5266,78.2138,Semi-arid,23.04,26.69,20.57,89.94,1.83,6.06,15.6,35.89
2017-09-29,Krishnagiri,12.5266,78.2138,Semi-arid,23.01,27.02,19.03,85.81,2.13,7.33,17.73,35.81
2017-09-30,Krishnagiri,12.5266,78.2138,Semi-arid,24.45,27.72,21.28,84.55,1.21,2.26,14.73,35.74
2017-10-01,Krishnagiri,12.5266,78.2138,Semi-arid,24.13,27.28,21.77,86.9,1.19,6.15,16.52,35.66
2017-10-02,Krishnagiri,12.5266,78.2138,Semi-arid,24.42,28.01,21.22,85.42,1.15,10.72,20.0,35.58
2017-10-03,Krishnagiri,12.5266,78.2138,Semi-arid,23.81,27.0,21.13,89.1,1.32,1.61,22.27,35.51
2017-10-04,Krishnagiri,12.5266,78.2138,Semi-arid,23.93,27.51,21.1,89.32,1.62,6.97,19.51,35.43
2017-10-05,Krishnagiri,12.5266,78.2138,Semi-arid,23.45,26.26,20.93,89.2,1.03,27.14,15.55,35.35
2017-10-06,Krishnagiri,12.5266,78.2138,Semi-arid,23.98,27.58,21.41,87.04,0.59,17.41,15.56,35.26
2017-10-07,Krishnagiri,12.5266,78.2138,Semi-arid,23.71,27.41,20.72,87.05,1.38,8.37,18.29,35.17
2017-10-08,Krishnagiri,12.5266,78.2138,Semi-arid,24.41,28.73,20.89,87.04,1.09,7.49,19.32,35.08
2017-10-09,Krishnagiri,12.5266,78.2138,Semi-arid,24.7,27.78,21.67,86.76,0.92,10.85,19.8,34.99
2017-10-10,Krishnagiri,12.5266,78.2138,Semi-arid,23.98,26.52,21.79,90.07,1.32,14.13,20.03,34.9
2017-10-11,Krishnagiri,12.5266,78.2138,Semi-arid,23.86,27.16,21.57,86.96,1.02,21.06,21.36,34.81
2017-10-12,Krishnagiri,12.5266,78.2138,Semi-arid,24.33,28.44,20.67,83.61,1.05,18.68,11.85,34.72
2017-10-13,Krishnagiri,12.5266,78.2138,Semi-arid,23.68,27.33,20.77,87.81,1.31,8.41,12.15,34.63
2017-10-14,Krishnagiri,12.5266,78.2138,Semi-arid,22.68,24.6,21.24,91.74,1.84,22.4,14.02,34.53
2017-10-15,Krishnagiri,12.5266,78.2138,Semi-arid,22.96,27.33,18.99,87.43,2.31,0.22,13.33,34.44
2017-10-16,Krishnagiri,12.5266,78.2138,Semi-arid,22.83,26.25,20.3,90.01,2.52,0.83,8.37,34.34
2017-10-17,Krishnagiri,12.5266,78.2138,Semi-arid,22.72,26.09,20.32,88.83,2.09,0.06,9.3,34.24
2017-10-18,Krishnagiri,12.5266,78.2138,Semi-arid,23.31,27.48,20.15,84.73,1.92,0.0,12.36,34.15
2017-10-19,Krishnagiri,12.5266,78.2138,Semi-arid,24.32,29.29,19.24,75.63,1.38,0.0,20.56,34.05
2017-10-20,Krishnagiri,12.5266,78.2138,Semi-arid,23.97,27.91,20.03,84.15,1.48,0.0,17.97,33.95
2017-10-21,Krishnagiri,12.5266,78.2138,Semi-arid,24.11,28.57,19.91,83.62,1.45,0.6,17.15,33.85
2017-10-22,Krishnagiri,12.5266,78.2138,Semi-arid,24.23,28.16,20.51,82.75,1.23,0.4,18.71,33.75
2017-10-23,Krishnagiri,12.5266,78.2138,Semi-arid,22.81,27.37,18.22,76.25,1.62,0.0,20.76,33.65
2017-10-24,Krishnagiri,12.5266,78.2138,Semi-arid,22.77,28.05,16.86,74.27,1.12,0.0,19.76,33.56
2017-10-25,Krishnagiri,12.5266,78.2138,Semi-arid,22.8,26.38,19.65,88.85,1.47,2.17,19.56,33.45
2017-10-26,Krishnagiri,12.5266,78.2138,Semi-arid,22.99,27.26,19.81,88.47,1.7,0.47,17.78,33.35
2017-10-27,Krishnagiri,12.5266,78.2138,Semi-arid,22.71,27.19,19.83,87.22,2.03,2.35,16.5,33.25
2017-10-28,Krishnagiri,12.5266,78.2138,Semi-arid,22.33,26.96,19.02,86.06,2.37,2.12,18.47,33.15
2017-10-29,Krishnagiri,12.5266,78.2138,Semi-arid,22.18,27.01,18.62,85.06,2.39,0.09,19.41,33.05
2017-10-30,Krishnagiri,12.5266,78.2138,Semi-arid,22.01,26.59,18.45,90.14,3.0,1.68,8.7,32.95
2017-10-31,Krishnagiri,12.5266,78.2138,Semi-arid,21.79,25.09,19.11,90.24,2.59,0.52,9.43,32.84
2017-11-01,Krishnagiri,12.5266,78.2138,Semi-arid,22.02,25.93,19.31,88.94,2.52,0.56,10.99,32.74
2017-11-02,Krishnagiri,12.5266,78.2138,Semi-arid,21.97,26.34,18.91,88.27,2.61,1.92,13.65,32.64
2017-11-03,Krishnagiri,12.5266,78.2138,Semi-arid,21.19,24.73,18.29,88.73,3.08,0.79,16.23,32.54
2017-11-04,Krishnagiri,12.5266,78.2138,Semi-arid,21.18,24.86,18.45,90.15,2.8,2.49,11.07,32.44
2017-11-05,Krishnagiri,12.5266,78.2138,Semi-arid,22.19,27.16,18.37,89.56,3.0,4.45,14.92,32.34
2017-11-06,Krishnagiri,12.5266,78.2138,Semi-arid,21.84,25.05,19.93,90.3,2.43,5.33,13.52,32.23
2017-11-07,Krishnagiri,12.5266,78.2138,Semi-arid,21.95,25.95,19.12,89.52,2.06,4.52,14.17,32.14
2017-11-08,Krishnagiri,12.5266,78.2138,Semi-arid,22.03,26.42,18.93,88.41,2.32,1.87,17.5,32.04
2017-11-09,Krishnagiri,12.5266,78.2138,Semi-arid,21.13,26.68,16.69,83.74,2.11,0.04,21.8,31.94
2017-11-10,Krishnagiri,12.5266,78.2138,Semi-arid,21.14,26.9,15.71,86.27,2.32,0.19,16.57,31.84
2017-11-11,Krishnagiri,12.5266,78.2138,Semi-arid,21.45,26.88,17.91,83.98,2.4,0.01,14.43,31.75
2017-11-12,Krishnagiri,12.5266,78.2138,Semi-arid,21.44,27.36,17.09,81.22,2.72,0.0,13.93,31.65
2017-11-13,Krishnagiri,12.5266,78.2138,Semi-arid,22.0,26.73,17.94,85.22,2.09,0.22,12.29,31.56
2017-11-14,Krishnagiri,12.5266,78.2138,Semi-arid,22.72,27.51,18.74,86.12,1.53,1.06,13.8,31.47
2017-11-15,Krishnagiri,12.5266,78.2138,Semi-arid,23.48,28.46,19.27,85.66,1.54,0.57,12.14,31.37
2017-11-16,Krishnagiri,12.5266,78.2138,Semi-arid,23.27,27.77,19.92,86.57,1.68,1.44,14.68,31.28
2017-11-17,Krishnagiri,12.5266,78.2138,Semi-arid,23.46,27.43,21.08,87.51,1.03,0.42,14.37,31.2
2017-11-18,Krishnagiri,12.5266,78.2138,Semi-arid,23.18,27.69,19.73,87.09,1.33,0.01,17.13,31.11
2017-11-19,Krishnagiri,12.5266,78.2138,Semi-arid,23.34,28.04,19.77,87.38,1.68,0.13,17.17,31.03
2017-11-20,Krishnagiri,12.5266,78.2138,Semi-arid,22.5,26.01,19.99,87.65,1.5,0.4,18.15,30.94
2017-11-21,Krishnagiri,12.5266,78.2138,Semi-arid,22.58,27.41,19.29,87.17,1.85,1.34,16.12,30.86
2017-11-22,Krishnagiri,12.5266,78.2138,Semi-arid,22.23,27.05,18.5,87.39,1.98,0.36,17.76,30.78
2017-11-23,Krishnagiri,12.5266,78.2138,Semi-arid,21.74,27.53,16.57,84.14,1.52,0.0,18.91,30.71
2017-11-24,Krishnagiri,12.5266,78.2138,Semi-arid,22.36,27.64,18.57,86.4,1.53,0.0,15.9,30.63
2017-11-25,Krishnagiri,12.5266,78.2138,Semi-arid,21.75,26.58,18.75,85.92,2.03,0.0,14.38,30.56
2017-11-26,Krishnagiri,12.5266,78.2138,Semi-arid,21.26,25.34,17.89,87.88,2.52,0.92,9.84,30.48
2017-11-27,Krishnagiri,12.5266,78.2138,Semi-arid,22.12,27.0,18.74,89.14,2.73,0.38,9.4,30.41
2017-11-28,Krishnagiri,12.5266,78.2138,Semi-arid,21.65,26.73,17.88,85.52,2.54,0.02,16.88,30.35
2017-11-29,Krishnagiri,12.5266,78.2138,Semi-arid,21.33,26.37,17.04,84.64,3.17,0.65,12.85,30.28
2017-11-30,Krishnagiri,12.5266,78.2138,Semi-arid,21.72,25.26,18.81,92.41,3.73,9.54,9.75,30.22
2017-12-01,Krishnagiri,12.5266,78.2138,Semi-arid,22.3,24.65,20.32,94.09,4.18,9.45,4.63,30.16
2017-12-02,Krishnagiri,12.5266,78.2138,Semi-arid,20.12,22.27,18.55,92.29,3.4,10.77,7.81,30.1
2017-12-03,Krishnagiri,12.5266,78.2138,Semi-arid,20.87,24.71,17.93,88.33,2.25,0.07,9.49,30.05
2017-12-04,Krishnagiri,12.5266,78.2138,Semi-arid,21.68,26.66,17.53,86.72,1.54,0.02,12.91,30.0
2017-12-05,Krishnagiri,12.5266,78.2138,Semi-arid,21.8,27.16,17.53,86.22,1.24,0.01,11.82,29.95
2017-12-06,Krishnagiri,12.5266,78.2138,Semi-arid,22.08,27.2,18.21,86.57,1.4,0.0,16.22,29.9
2017-12-07,Krishnagiri,12.5266,78.2138,Semi-arid,21.47,27.33,16.66,83.73,1.51,0.0,15.73,29.86
2017-12-08,Krishnagiri,12.5266,78.2138,Semi-arid,20.27,27.58,13.76,70.25,1.57,0.0,19.54,29.82
2017-12-09,Krishnagiri,12.5266,78.2138,Semi-arid,20.36,27.29,14.25,66.27,1.38,0.0,19.31,29.78
2017-12-10,Krishnagiri,12.5266,78.2138,Semi-arid,20.23,26.38,15.45,72.83,1.7,0.0,18.9,29.75
2017-12-11,Krishnagiri,12.5266,78.2138,Semi-arid,20.9,27.42,16.32,77.4,1.17,0.0,19.27,29.72
2017-12-12,Krishnagiri,12.5266,78.2138,Semi-arid,22.03,27.56,16.91,83.1,0.73,0.0,17.16,29.69
2017-12-13,Krishnagiri,12.5266,78.2138,Semi-arid,21.3,25.55,18.47,86.12,1.08,0.05,14.81,29.66
2017-12-14,Krishnagiri,12.5266,78.2138,Semi-arid,21.36,27.04,17.42,82.52,1.67,0.01,18.88,29.64
2017-12-15,Krishnagiri,12.5266,78.2138,Semi-arid,20.99,26.92,16.34,85.2,2.24,0.0,14.71,29.62
2017-12-16,Krishnagiri,12.5266,78.2138,Semi-arid,20.38,26.19,16.42,85.11,2.64,0.0,15.04,29.61
2017-12-17,Krishnagiri,12.5266,78.2138,Semi-arid,19.5,25.49,15.43,83.35,2.96,0.0,17.52,29.6
2017-12-18,Krishnagiri,12.5266,78.2138,Semi-arid,19.03,25.34,14.25,82.97,2.66,0.0,16.8,29.59
2017-12-19,Krishnagiri,12.5266,78.2138,Semi-arid,19.87,26.27,14.37,83.93,2.56,0.0,18.71,29.58
2017-12-20,Krishnagiri,12.5266,78.2138,Semi-arid,19.3,26.4,13.75,79.87,2.71,0.0,19.8,29.58
2017-12-21,Krishnagiri,12.5266,78.2138,Semi-arid,19.44,26.68,12.27,81.91,2.68,0.04,14.24,29.58
2017-12-22,Krishnagiri,12.5266,78.2138,Semi-arid,20.63,26.49,16.51,80.27,2.49,0.01,19.07,29.58
2017-12-23,Krishnagiri,12.5266,78.2138,Semi-arid,19.86,26.63,15.18,79.75,2.3,0.0,19.22,29.59
2017-12-24,Krishnagiri,12.5266,78.2138,Semi-arid,19.48,26.63,14.07,79.43,2.08,0.0,19.03,29.6
2017-12-25,Krishnagiri,12.5266,78.2138,Semi-arid,19.86,27.74,13.37,80.28,2.19,0.0,12.44,29.62
2017-12-26,Krishnagiri,12.5266,78.2138,Semi-arid,19.71,27.52,13.88,76.93,2.45,0.0,19.29,29.63
2017-12-27,Krishnagiri,12.5266,78.2138,Semi-arid,19.52,27.12,14.12,77.54,2.28,0.0,17.98,29.66
2017-12-28,Krishnagiri,12.5266,78.2138,Semi-arid,18.24,25.6,13.42,77.59,2.29,0.0,19.74,29.68
2017-12-29,Krishnagiri,12.5266,78.2138,Semi-arid,19.06,26.6,12.88,78.98,2.17,0.0,19.13,29.71
2017-12-30,Krishnagiri,12.5266,78.2138,Semi-arid,20.18,27.19,14.84,76.53,2.01,0.0,17.56,29.74
2017-12-31,Krishnagiri,12.5266,78.2138,Semi-arid,20.65,28.36,13.33,75.16,1.68,0.0,19.88,29.77
2018-01-01,Krishnagiri,12.5266,78.2138,Semi-arid,22.21,29.34,15.37,69.95,0.89,0.0,18.51,29.81
2018-01-02,Krishnagiri,12.5266,78.2138,Semi-arid,22.18,29.02,16.22,74.5,1.08,0.0,17.46,29.85
2018-01-03,Krishnagiri,12.5266,78.2138,Semi-arid,22.26,29.03,17.61,73.38,1.61,0.0,16.36,29.89
2018-01-04,Krishnagiri,12.5266,78.2138,Semi-arid,21.45,28.86,16.04,74.21,2.12,0.0,15.92,29.93
2018-01-05,Krishnagiri,12.5266,78.2138,Semi-arid,19.54,27.82,13.71,70.75,1.85,0.0,18.41,29.98
2018-01-06,Krishnagiri,12.5266,78.2138,Semi-arid,18.92,27.89,12.13,69.06,1.4,0.0,17.39,30.04
2018-01-07,Krishnagiri,12.5266,78.2138,Semi-arid,19.03,27.75,12.51,67.04,1.59,0.0,19.47,30.09
2018-01-08,Krishnagiri,12.5266,78.2138,Semi-arid,18.96,27.83,11.57,69.16,2.18,0.0,19.53,30.15
2018-01-09,Krishnagiri,12.5266,78.2138,Semi-arid,20.28,27.06,14.48,78.02,2.48,0.17,14.89,30.21
2018-01-10,Krishnagiri,12.5266,78.2138,Semi-arid,22.1,28.8,16.99,79.46,3.1,0.08,12.83,30.27
2018-01-11,Krishnagiri,12.5266,78.2138,Semi-arid,23.0,29.68,17.94,78.73,2.29,0.01,15.75,30.33
2018-01-12,Krishnagiri,12.5266,78.2138,Semi-arid,23.01,30.55,17.61,72.65,2.22,0.0,17.56,30.4
2018-01-13,Krishnagiri,12.5266,78.2138,Semi-arid,21.88,29.9,16.14,71.5,1.84,0.0,19.62,30.47
2018-01-14,Krishnagiri,12.5266,78.2138,Semi-arid,21.67,30.76,14.8,69.24,2.04,0.0,20.56,30.54
2018-01-15,Krishnagiri,12.5266,78.2138,Semi-arid,22.2,31.13,15.59,70.08,2.15,0.0,20.17,30.62
2018-01-16,Krishnagiri,12.5266,78.2138,Semi-arid,22.35,30.23,16.58,71.79,1.57,0.0,16.95,30.7
2018-01-17,Krishnagiri,12.5266,78.2138,Semi-arid,21.69,29.86,15.75,70.26,1.84,0.0,19.32,30.78
2018-01-18,Krishnagiri,12.5266,78.2138,Semi-arid,20.13,29.29,13.98,67.28,2.24,0.0,21.65,30.86
2018-01-19,Krishnagiri,12.5266,78.2138,Semi-arid,19.65,28.89,13.39,69.28,2.12,0.0,20.59,30.95
2018-01-20,Krishnagiri,12.5266,78.2138,Semi-arid,20.06,29.56,13.39,67.27,1.73,0.0,21.12,31.03
2018-01-21,Krishnagiri,12.5266,78.2138,Semi-arid,20.02,29.39,13.53,67.94,2.14,0.0,20.14,31.12
2018-01-22,Krishnagiri,12.5266,78.2138,Semi-arid,20.64,30.03,14.27,66.84,1.74,0.0,20.72,31.21
2018-01-23,Krishnagiri,12.5266,78.2138,Semi-arid,21.63,30.33,14.69,69.29,1.03,0.0,19.43,31.3
2018-01-24,Krishnagiri,12.5266,78.2138,Semi-arid,22.51,30.45,16.22,69.64,1.27,0.0,16.61,31.4
2018-01-25,Krishnagiri,12.5266,78.2138,Semi-arid,22.24,31.38,15.45,62.4,1.84,0.0,19.79,31.49
2018-01-26,Krishnagiri,12.5266,78.2138,Semi-arid,21.41,30.29,14.91,64.56,1.91,0.0,19.7,31.59
2018-01-27,Krishnagiri,12.5266,78.2138,Semi-arid,21.5,30.69,15.14,65.66,1.75,0.0,18.97,31.69
2018-01-28,Krishnagiri,12.5266,78.2138,Semi-arid,21.85,30.82,15.53,65.44,2.19,0.0,19.56,31.79
2018-01-29,Krishnagiri,12.5266,78.2138,Semi-arid,21.45,30.75,14.29,62.62,2.62,0.0,21.68,31.89
2018-01-30,Krishnagiri,12.5266,78.2138,Semi-arid,21.52,31.24,14.37,61.97,2.49,0.0,22.44,31.99
2018-01-31,Krishnagiri,12.5266,78.2138,Semi-arid,21.16,31.55,13.19,58.08,2.34,0.0,22.27,32.1
2018-02-01,Krishnagiri,12.5266,78.2138,Semi-arid,21.03,31.82,12.49,51.28,2.09,0.0,23.06,32.2
2018-02-02,Krishnagiri,12.5266,78.2138,Semi-arid,21.53,32.16,13.83,47.91,2.11,0.0,23.68,32.31
2018-02-03,Krishnagiri,12.5266,78.2138,Semi-arid,20.53,31.18,12.09,55.91,2.28,0.0,23.97,32.41
2018-02-04,Krishnagiri,12.5266,78.2138,Semi-arid,20.53,30.61,12.76,57.59,2.08,0.0,23.7,32.52
2018-02-05,Krishnagiri,12.5266,78.2138,Semi-arid,22.09,32.27,13.97,58.06,2.41,0.0,23.3,32.63
2018-02-06,Krishnagiri,12.5266,78.2138,Semi-arid,23.91,33.19,15.89,66.33,2.33,0.01,21.09,32.73
2018-02-07,Krishnagiri,12.5266,78.2138,Semi-arid,23.5,28.45,19.71,76.73,1.09,4.45,16.21,32.84
2018-02-08,Krishnagiri,12.5266,78.2138,Semi-arid,24.12,30.55,18.88,65.52,1.15,0.31,18.41,32.95
2018-02-09,Krishnagiri,12.5266,78.2138,Semi-arid,24.27,31.07,19.1,67.79,0.75,1.76,21.55,33.06
2018-02-10,Krishnagiri,12.5266,78.2138,Semi-arid,22.93,29.22,18.72,67.6,1.35,0.04,19.82,33.16
2018-02-11,Krishnagiri,12.5266,78.2138,Semi-arid,24.08,32.38,18.07,66.27,2.74,0.0,21.56,33.27
2018-02-12,Krishnagiri,12.5266,78.2138,Semi-arid,23.34,30.46,19.22,66.2,2.56,0.0,20.05,33.38
2018-02-13,Krishnagiri,12.5266,78.2138,Semi-arid,22.45,28.96,18.35,66.37,2.38,0.0,20.19,33.5
2018-02-14,Krishnagiri,12.5266,78.2138,Semi-arid,22.16,28.81,17.26,67.74,2.69,0.0,21.26,33.61
2018-02-15,Krishnagiri,12.5266,78.2138,Semi-arid,21.92,29.06,15.8,67.44,2.75,0.0,21.32,33.72
2018-02-16,Krishnagiri,12.5266,78.2138,Semi-arid,22.62,31.34,15.47,58.49,2.28,0.0,23.97,33.83
2018-02-17,Krishnagiri,12.5266,78.2138,Semi-arid,23.77,33.19,16.75,57.33,1.83,0.0,21.64,33.93
2018-02-18,Krishnagiri,12.5266,78.2138,Semi-arid,23.9,34.13,16.61,55.3,2.09,0.0,23.83,34.04
2018-02-19,Krishnagiri,12.5266,78.2138,Semi-arid,23.41,33.59,15.63,56.81,2.14,0.0,24.5,34.15
2018-02-20,Krishnagiri,12.5266,78.2138,Semi-arid,23.89,33.82,16.02,57.35,2.72,0.0,23.91,34.26
2018-02-21,Krishnagiri,12.5266,78.2138,Semi-arid,23.55,33.33,15.41,54.35,2.88,0.0,24.39,34.36
2018-02-22,Krishnagiri,12.5266,78.2138,Semi-arid,24.03,34.26,15.21,48.97,2.74,0.0,24.59,34.47
2018-02-23,Krishnagiri,12.5266,78.2138,Semi-arid,23.46,33.45,14.73,50.11,2.73,0.0,25.33,34.58
2018-02-24,Krishnagiri,12.5266,78.2138,Semi-arid,23.4,33.58,15.09,53.96,2.36,0.0,24.86,34.68
2018-02-25,Krishnagiri,12.5266,78.2138,Semi-arid,24.27,33.93,16.4,53.76,3.05,0.0,25.73,34.79
2018-02-26,Krishnagiri,12.5266,78.2138,Semi-arid,24.83,34.97,15.19,48.52,2.29,0.0,26.18,34.89
2018-02-27,Krishnagiri,12.5266,78.2138,Semi-arid,24.81,34.95,15.97,45.06,2.7,0.0,25.51,34.99
2018-02-28,Krishnagiri,12.5266,78.2138,Semi-arid,24.9,34.94,15.87,39.81,2.62,0.0,25.14,35.09
2018-03-01,Krishnagiri,12.5266,78.2138,Semi-arid,24.79,35.1,15.23,43.92,2.6,0.0,25.08,35.19
2018-03-02,Krishnagiri,12.5266,78.2138,Semi-arid,25.25,35.56,16.47,38.06,2.75,0.0,26.38,35.29
2018-03-03,Krishnagiri,12.5266,78.2138,Semi-arid,25.63,36.63,17.11,32.51,2.23,0.0,26.79,35.39
2018-03-04,Krishnagiri,12.5266,78.2138,Semi-arid,25.73,36.17,17.33,30.65,2.33,0.0,25.48,35.48
2018-03-05,Krishnagiri,12.5266,78.2138,Semi-arid,25.08,35.9,15.88,35.22,2.51,0.0,27.35,35.58
2018-03-06,Krishnagiri,12.5266,78.2138,Semi-arid,25.21,36.29,15.39,37.83,2.49,0.0,27.32,35.67
2018-03-07,Krishnagiri,12.5266,78.2138,Semi-arid,25.44,36.03,15.62,43.0,2.65,0.0,26.01,35.76
2018-03-08,Krishnagiri,12.5266,78.2138,Semi-arid,25.76,35.75,17.11,39.82,2.74,0.0,25.68,35.85
2018-03-09,Krishnagiri,12.5266,78.2138,Semi-arid,25.86,35.61,17.03,45.07,2.74,0.0,23.41,35.94
2018-03-10,Krishnagiri,12.5266,78.2138,Semi-arid,26.6,35.97,18.11,41.99,2.7,0.0,20.96,36.02
2018-03-11,Krishnagiri,12.5266,78.2138,Semi-arid,26.13,35.39,17.5,47.22,2.99,0.0,24.98,36.11
2018-03-12,Krishnagiri,12.5266,78.2138,Semi-arid,25.92,34.93,17.54,54.91,3.23,0.0,23.06,36.19
2018-03-13,Krishnagiri,12.5266,78.2138,Semi-arid,26.2,33.99,19.31,62.85,3.15,0.12,20.66,36.27
2018-03-14,Krishnagiri,12.5266,78.2138,Semi-arid,26.42,32.89,20.92,58.21,2.35,0.11,22.3,36.35
2018-03-15,Krishnagiri,12.5266,78.2138,Semi-arid,27.16,32.87,22.21,55.79,1.48,3.72,23.39,36.43
2018-03-16,Krishnagiri,12.5266,78.2138,Semi-arid,26.98,32.53,22.41,64.61,1.13,2.15,16.8,36.5
2018-03-17,Krishnagiri,12.5266,78.2138,Semi-arid,24.99,30.14,21.28,72.31,2.57,14.97,16.74,36.58
2018-03-18,Krishnagiri,12.5266,78.2138,Semi-arid,25.59,32.93,20.2,67.78,2.17,0.41,21.18,36.65
2018-03-19,Krishnagiri,12.5266,78.2138,Semi-arid,25.57,34.19,20.1,58.91,2.42,0.01,25.23,36.72
2018-03-20,Krishnagiri,12.5266,78.2138,Semi-arid,25.98,35.35,18.88,51.23,2.21,0.0,25.59,36.79
2018-03-21,Krishnagiri,12.5266,78.2138,Semi-arid,26.96,36.29,17.94,49.36,1.09,0.0,24.77,36.86
2018-03-22,Krishnagiri,12.5266,78.2138,Semi-arid,28.55,36.42,20.86,47.73,1.09,0.02,20.41,36.93
2018-03-23,Krishnagiri,12.5266,78.2138,Semi-arid,29.27,37.4,22.34,44.04,2.08,0.03,20.87,36.99
2018-03-24,Krishnagiri,12.5266,78.2138,Semi-arid,29.19,36.91,22.96,46.42,2.39,0.05,21.67,37.05
2018-03-25,Krishnagiri,12.5266,78.2138,Semi-arid,27.97,37.02,20.02,49.02,2.82,0.0,23.08,37.11
2018-03-26,Krishnagiri,12.5266,78.2138,Semi-arid,27.78,37.16,19.52,42.62,2.63,0.0,23.75,37.17
2018-03-27,Krishnagiri,12.5266,78.2138,Semi-arid,28.4,37.81,20.02,40.41,1.73,0.0,24.31,37.23
2018-03-28,Krishnagiri,12.5266,78.2138,Semi-arid,29.52,37.62,22.2,49.88,1.35,0.0,23.34,37.28
2018-03-29,Krishnagiri,12.5266,78.2138,Semi-arid,29.74,35.48,22.57,47.89,1.01,0.0,22.9,37.34
2018-03-30,Krishnagiri,12.5266,78.2138,Semi-arid,29.83,35.72,24.19,48.31,1.68,1.15,21.16,37.39
2018-03-31,Krishnagiri,12.5266,78.2138,Semi-arid,28.19,32.41,23.71,54.2,1.33,0.33,21.9,37.44
2018-04-01,Krishnagiri,12.5266,78.2138,Semi-arid,29.29,37.14,21.87,53.54,2.5,0.07,22.3,37.48
2018-04-02,Krishnagiri,12.5266,78.2138,Semi-arid,29.26,36.65,22.61,50.56,2.41,0.86,21.01,37.53
2018-04-03,Krishnagiri,12.5266,78.2138,Semi-arid,29.31,36.93,22.12,50.09,2.04,1.87,22.3,37.57
2018-04-04,Krishnagiri,12.5266,78.2138,Semi-arid,29.31,37.62,21.86,47.22,2.35,0.0,24.03,37.61
2018-04-05,Krishnagiri,12.5266,78.2138,Semi-arid,28.12,36.05,20.83,52.05,2.52,0.0,24.28,37.65
2018-04-06,Krishnagiri,12.5266,78.2138,Semi-arid,28.03,36.45,20.41,49.59,2.09,0.0,24.62,37.69
2018-04-07,Krishnagiri,12.5266,78.2138,Semi-arid,28.51,37.25,20.4,49.87,2.62,0.0,24.52,37.72
2018-04-08,Krishnagiri,12.5266,78.2138,Semi-arid,28.1,36.64,20.82,53.86,3.2,0.0,26.68,37.75
2018-04-09,Krishnagiri,12.5266,78.2138,Semi-arid,27.94,35.77,21.33,55.58,3.05,0.03,24.83,37.78
2018-04-10,Krishnagiri,12.5266,78.2138,Semi-arid,28.12,36.06,21.58,55.09,3.1,0.01,24.91,37.81
2018-04-11,Krishnagiri,12.5266,78.2138,Semi-arid,28.75,35.73,22.72,54.51,2.41,0.06,25.01,37.84
2018-04-12,Krishnagiri,12.5266,78.2138,Semi-arid,29.69,37.58,22.8,51.99,2.54,0.0,25.16,37.86
2018-04-13,Krishnagiri,12.5266,78.2138,Semi-arid,29.7,36.7,22.71,51.82,2.83,0.0,24.9,37.89
2018-04-14,Krishnagiri,12.5266,78.2138,Semi-arid,30.35,38.77,23.58,51.07,2.94,0.19,24.81,37.91
2018-04-15,Krishnagiri,12.5266,78.2138,Semi-arid,29.9,37.66,23.67,54.47,2.89,0.21,23.45,37.93
2018-04-16,Krishnagiri,12.5266,78.2138,Semi-arid,30.35,38.07,23.81,52.01,2.37,2.03,22.74,37.95
2018-04-17,Krishnagiri,12.5266,78.2138,Semi-arid,30.72,38.72,23.41,47.72,2.45,0.01,24.87,37.97
2018-04-18,Krishnagiri,12.5266,78.2138,Semi-arid,31.29,39.76,22.79,42.18,2.27,0.0,24.83,37.99
2018-04-19,Krishnagiri,12.5266,78.2138,Semi-arid,31.23,37.93,23.67,43.62,2.02,0.21,21.81,38.0
2018-04-20,Krishnagiri,12.5266,78.2138,Semi-arid,30.38,36.51,24.86,47.16,1.59,2.98,22.52,38.02
2018-04-21,Krishnagiri,12.5266,78.2138,Semi-arid,29.72,35.38,24.02,54.92,1.34,3.98,22.52,38.03
2018-04-22,Krishnagiri,12.5266,78.2138,Semi-arid,30.67,38.22,23.34,52.01,1.52,3.64,24.91,38.04
2018-04-23,Krishnagiri,12.5266,78.2138,Semi-arid,31.01,38.26,23.95,49.87,1.49,0.25,24.56,38.05
2018-04-24,Krishnagiri,12.5266,78.2138,Semi-arid,31.1,38.43,24.55,45.29,1.74,0.71,22.43,38.05
2018-04-25,Krishnagiri,12.5266,78.2138,Semi-arid,30.49,37.81,23.61,50.57,1.49,0.9,23.7,38.06
2018-04-26,Krishnagiri,12.5266,78.2138,Semi-arid,30.44,37.22,24.32,49.66,1.92,1.16,21.95,38.07
2018-04-27,Krishnagiri,12.5266,78.2138,Semi-arid,30.07,36.94,24.38,51.96,2.72,0.17,24.77,38.07
2018-04-28,Krishnagiri,12.5266,78.2138,Semi-arid,30.0,37.55,23.51,53.1,2.83,0.0,25.22,38.07
2018-04-29,Krishnagiri,12.5266,78.2138,Semi-arid,31.02,38.88,23.76,47.04,1.57,0.01,24.2,38.07
2018-04-30,Krishnagiri,12.5266,78.2138,Semi-arid,30.17,36.57,25.38,55.42,1.59,7.7,22.36,38.07
2018-05-01,Krishnagiri,12.5266,78.2138,Semi-arid,28.75,34.51,23.75,66.67,1.7,9.75,21.9,38.07
2018-05-02,Krishnagiri,12.5266,78.2138,Semi-arid,28.54,33.57,24.72,67.23,1.4,0.74,19.71,38.07
2018-05-03,Krishnagiri,12.5266,78.2138,Semi-arid,28.39,34.14,23.93,67.03,1.74,14.76,19.6,38.06
2018-05-04,Krishnagiri,12.5266,78.2138,Semi-arid,27.25,33.25,23.48,69.95,1.8,7.63,22.61,38.06
2018-05-05,Krishnagiri,12.5266,78.2138,Semi-arid,27.61,34.1,22.14,66.06,1.98,0.1,24.26,38.05
2018-05-06,Krishnagiri,12.5266,78.2138,Semi-arid,28.14,35.53,22.08,64.64,1.82,0.62,24.13,38.05
2018-05-07,Krishnagiri,12.5266,78.2138,Semi-arid,28.76,36.59,22.12,62.65,2.1,0.45,23.19,38.04
2018-05-08,Krishnagiri,12.5266,78.2138,Semi-arid,27.42,33.02,23.51,68.17,1.7,4.49,15.82,38.03
2018-05-09,Krishnagiri,12.5266,78.2138,Semi-arid,26.18,31.1,22.51,72.11,1.9,2.67,17.98,38.02
2018-05-10,Krishnagiri,12.5266,78.2138,Semi-arid,26.42,31.94,22.31,72.34,1.4,12.48,22.63,38.01
2018-05-11,Krishnagiri,12.5266,78.2138,Semi-arid,26.16,30.63,22.34,77.37,1.35,16.01,23.39,38.0
2018-05-12,Krishnagiri,12.5266,78.2138,Semi-arid,27.07,32.21,21.87,71.26,0.9,1.89,23.16,37.99
2018-05-13,Krishnagiri,12.5266,78.2138,Semi-arid,27.67,32.83,22.57,68.77,1.23,7.44,21.9,37.98
2018-05-14,Krishnagiri,12.5266,78.2138,Semi-arid,26.4,30.21,22.65,72.42,1.49,2.81,21.91,37.97
2018-05-15,Krishnagiri,12.5266,78.2138,Semi-arid,25.98,31.98,21.74,65.67,2.01,3.5,20.9,37.95
2018-05-16,Krishnagiri,12.5266,78.2138,Semi-arid,27.06,34.56,20.66,61.99,1.24,3.48,22.95,37.94
2018-05-17,Krishnagiri,12.5266,78.2138,Semi-arid,27.46,33.97,22.28,66.14,1.36,3.88,22.78,37.93
2018-05-18,Krishnagiri,12.5266,78.2138,Semi-arid,27.75,34.13,21.95,68.32,1.67,4.38,18.13,37.92
2018-05-19,Krishnagiri,12.5266,78.2138,Semi-arid,28.71,35.08,22.8,64.19,1.39,5.91,19.68,37.9
2018-05-20,Krishnagiri,12.5266,78.2138,Semi-arid,27.94,33.92,22.32,67.97,1.5,4.05,22.34,37.89
2018-05-21,Krishnagiri,12.5266,78.2138,Semi-arid,28.16,33.64,22.89,67.44,1.13,8.56,19.87,37.87
2018-05-22,Krishnagiri,12.5266,78.2138,Semi-arid,27.69,33.45,22.55,67.5,1.51,2.34,22.46,37.86
2018-05-23,Krishnagiri,12.5266,78.2138,Semi-arid,27.97,34.55,22.46,67.01,1.36,4.64,21.36,37.85
2018-05-24,Krishnagiri,12.5266,78.2138,Semi-arid,28.03,34.24,22.42,68.94,1.55,3.75,21.08,37.83
2018-05-25,Krishnagiri,12.5266,78.2138,Semi-arid,26.31,30.28,22.77,78.15,1.6,23.26,16.46,37.82
2018-05-26,Krishnagiri,12.5266,78.2138,Semi-arid,26.29,31.95,22.47,76.42,2.02,2.87,19.45,37.81
2018-05-27,Krishnagiri,12.5266,78.2138,Semi-arid,26.13,30.8,22.1,77.24,1.99,3.46,21.48,37.79
2018-05-28,Krishnagiri,12.5266,78.2138,Semi-arid,26.02,30.02,22.51,78.84,1.68,0.12,22.58,37.77
2018-05-29,Krishnagiri,12.5266,78.2138,Semi-arid,27.01,32.62,21.95,71.19,2.67,0.22,25.23,37.76
2018-05-30,Krishnagiri,12.5266,78.2138,Semi-arid,27.23,31.64,22.71,75.38,2.48,7.28,21.76,37.74
2018-05-31,Krishnagiri,12.5266,78.2138,Semi-arid,27.41,31.54,22.99,76.37,1.85,1.02,19.58,37.73
2018-06-01,Krishnagiri,12.5266,78.2138,Semi-arid,26.57,30.02,23.56,77.35,1.55,9.79,16.39,37.72
2018-06-02,Krishnagiri,12.5266,78.2138,Semi-arid,26.69,30.6,22.5,72.81,0.98,3.79,16.28,37.7
2018-06-03,Krishnagiri,12.5266,78.2138,Semi-arid,25.02,29.21,22.42,84.28,1.44,6.63,19.88,37.69
2018-06-04,Krishnagiri,12.5266,78.2138,Semi-arid,24.93,28.35,22.59,82.61,1.98,1.94,20.42,37.68
2018-06-05,Krishnagiri,12.5266,78.2138,Semi-arid,26.12,31.52,21.84,73.57,2.45,1.41,22.13,37.66
2018-06-06,Krishnagiri,12.5266,78.2138,Semi-arid,26.19,32.27,21.41,70.01,3.43,2.73,23.11,37.65
2018-06-07,Krishnagiri,12.5266,78.2138,Semi-arid,25.13,30.19,21.28,75.73,4.25,2.6,19.43,37.63
2018-06-08,Krishnagiri,12.5266,78.2138,Semi-arid,25.12,29.03,21.46,73.58,5.15,0.5,13.61,37.62
2018-06-09,Krishnagiri,12.5266,78.2138,Semi-arid,25.05,30.03,21.67,73.11,6.04,1.42,13.22,37.61
2018-06-10,Krishnagiri,12.5266,78.2138,Semi-arid,25.76,30.47,21.1,73.51,5.5,0.76,18.65,37.6
2018-06-11,Krishnagiri,12.5266,78.2138,Semi-arid,26.02,30.03,22.71,76.72,4.94,0.47,14.3,37.59
2018-06-12,Krishnagiri,12.5266,78.2138,Semi-arid,26.02,30.37,22.35,75.74,4.54,0.03,15.27,37.58
2018-06-13,Krishnagiri,12.5266,78.2138,Semi-arid,26.13,31.0,21.72,74.51,4.33,0.51,17.02,37.57
2018-06-14,Krishnagiri,12.5266,78.2138,Semi-arid,26.1,32.07,22.15,64.84,3.97,1.2,15.73,37.56
2018-06-15,Krishnagiri,12.5266,78.2138,Semi-arid,26.24,33.44,20.62,64.21,3.79,2.64,20.4,37.55
2018-06-16,Krishnagiri,12.5266,78.2138,Semi-arid,25.64,33.39,19.94,59.77,4.14,3.7,21.85,37.54
2018-06-17,Krishnagiri,12.5266,78.2138,Semi-arid,25.4,32.93,19.15,60.86,4.28,1.18,21.15,37.54
2018-06-18,Krishnagiri,12.5266,78.2138,Semi-arid,25.29,32.84,19.32,64.5,4.19,1.28,23.05,37.53
2018-06-19,Krishnagiri,12.5266,78.2138,Semi-arid,25.96,32.4,20.96,70.85,4.32,0.09,22.76,37.52
2018-06-20,Krishnagiri,12.5266,78.2138,Semi-arid,25.81,31.12,22.05,73.62,3.77,0.0,20.54,37.52
2018-06-21,Krishnagiri,12.5266,78.2138,Semi-arid,25.61,30.68,21.61,72.74,3.36,1.09,19.6,37.51
2018-06-22,Krishnagiri,12.5266,78.2138,Semi-arid,25.32,31.19,20.57,69.54,3.79,0.17,17.06,37.51
2018-06-23,Krishnagiri,12.5266,78.2138,Semi-arid,25.43,31.8,20.33,70.33,3.49,4.16,18.25,37.51
2018-06-24,Krishnagiri,12.5266,78.2138,Semi-arid,25.62,32.29,20.53,66.43,3.95,0.6,18.87,37.5
2018-06-25,Krishnagiri,12.5266,78.2138,Semi-arid,25.46,32.02,20.03,62.5,4.22,0.05,19.59,37.5
2018-06-26,Krishnagiri,12.5266,78.2138,Semi-arid,25.56,33.2,19.78,66.83,4.83,1.98,19.66,37.5
2018-06-27,Krishnagiri,12.5266,78.2138,Semi-arid,25.33,31.57,20.99,73.06,4.16,6.02,15.45,37.5
2018-06-28,Krishnagiri,12.5266,78.2138,Semi-arid,24.94,30.17,21.17,73.74,3.67,0.27,15.65,37.5
2018-06-29,Krishnagiri,12.5266,78.2138,Semi-arid,25.09,30.46,21.09,70.61,2.69,0.17,19.22,37.5
2018-06-30,Krishnagiri,12.5266,78.2138,Semi-arid,25.6,31.55,21.02,65.15,2.28,0.78,18.74,37.5
2018-07-01,Krishnagiri,12.5266,78.2138,Semi-arid,25.69,30.64,20.9,68.29,1.58,11.3,19.67,37.5
2018-07-02,Krishnagiri,12.5266,78.2138,Semi-arid,25.28,32.03,20.29,73.19,2.91,19.67,22.41,37.5
2018-07-03,Krishnagiri,12.5266,78.2138,Semi-arid,24.6,29.83,20.74,73.87,3.12,4.54,19.15,37.5
2018-07-04,Krishnagiri,12.5266,78.2138,Semi-arid,25.74,32.34,20.52,69.63,3.72,0.01,19.56,37.5
2018-07-05,Krishnagiri,12.5266,78.2138,Semi-arid,25.92,33.23,20.37,66.68,4.33,0.0,24.88,37.5
2018-07-06,Krishnagiri,12.5266,78.2138,Semi-arid,25.31,31.28,20.69,71.82,4.49,0.32,16.02,37.5
2018-07-07,Krishnagiri,12.5266,78.2138,Semi-arid,24.83,30.12,21.32,74.16,4.13,0.07,13.22,37.5
2018-07-08,Krishnagiri,12.5266,78.2138,Semi-arid,25.26,30.1,21.55,71.54,4.28,0.32,13.54,37.51
2018-07-09,Krishnagiri,12.5266,78.2138,Semi-arid,25.27,30.58,21.11,73.55,4.11,2.47,17.52,37.51
2018-07-10,Krishnagiri,12.5266,78.2138,Semi-arid,24.43,28.89,21.02,75.41,3.62,7.48,15.16,37.52
2018-07-11,Krishnagiri,12.5266,78.2138,Semi-arid,24.23,28.21,20.71,77.89,4.93,5.8,14.17,37.52
2018-07-12,Krishnagiri,12.5266,78.2138,Semi-arid,25.43,30.91,21.46,70.42,5.77,0.2,15.73,37.53
2018-07-13,Krishnagiri,12.5266,78.2138,Semi-arid,24.3,28.59,21.02,75.42,4.81,1.48,13.8,37.53
2018-07-14,Krishnagiri,12.5266,78.2138,Semi-arid,24.9,29.93,21.09,75.56,4.78,0.42,15.24,37.54
2018-07-15,Krishnagiri,12.5266,78.2138,Semi-arid,25.8,31.67,21.17,70.27,5.54,0.07,15.58,37.54
2018-07-16,Krishnagiri,12.5266,78.2138,Semi-arid,24.68,29.66,21.43,72.18,5.93,0.51,17.11,37.55
2018-07-17,Krishnagiri,12.5266,78.2138,Semi-arid,25.62,31.44,21.32,67.53,6.36,0.06,16.77,37.56
2018-07-18,Krishnagiri,12.5266,78.2138,Semi-arid,25.31,30.95,20.83,71.09,4.92,0.01,18.24,37.56
2018-07-19,Krishnagiri,12.5266,78.2138,Semi-arid,25.49,30.98,21.63,74.24,4.77,1.46,13.43,37.57
2018-07-20,Krishnagiri,12.5266,78.2138,Semi-arid,25.29,30.23,21.64,73.23,5.2,0.68,15.38,37.58
2018-07-21,Krishnagiri,12.5266,78.2138,Semi-arid,25.27,30.2,21.27,72.76,5.2,0.04,12.77,37.58
2018-07-22,Krishnagiri,12.5266,78.2138,Semi-arid,26.24,32.81,20.89,67.51,5.06,0.02,17.33,37.58
2018-07-23,Krishnagiri,12.5266,78.2138,Semi-arid,26.04,32.85,21.18,70.46,4.6,5.31,15.62,37.59
2018-07-24,Krishnagiri,12.5266,78.2138,Semi-arid,25.86,32.64,20.65,71.95,4.5,2.6,16.33,37.6
2018-07-25,Krishnagiri,12.5266,78.2138,Semi-arid,25.92,31.51,20.84,71.98,3.92,0.85,20.05,37.6
2018-07-26,Krishnagiri,12.5266,78.2138,Semi-arid,26.22,32.88,21.09,70.1,4.03,0.63,18.62,37.61
2018-07-27,Krishnagiri,12.5266,78.2138,Semi-arid,26.15,32.78,20.72,69.31,4.24,0.25,15.94,37.61
2018-07-28,Krishnagiri,12.5266,78.2138,Semi-arid,25.96,32.65,20.96,71.07,3.49,2.03,16.72,37.62
2018-07-29,Krishnagiri,12.5266,78.2138,Semi-arid,25.8,31.27,21.31,72.35,3.42,0.67,17.57,37.62
2018-07-30,Krishnagiri,12.5266,78.2138,Semi-arid,26.07,31.76,21.4,71.37,3.58,1.08,17.7,37.63
2018-07-31,Krishnagiri,12.5266,78.2138,Semi-arid,24.93,29.5,21.28,75.8,4.04,2.38,16.49,37.63
2018-08-01,Krishnagiri,12.5266,78.2138,Semi-arid,25.14,31.11,20.29,73.27,4.01,4.85,18.39,37.63
2018-08-02,Krishnagiri,12.5266,78.2138,Semi-arid,25.78,32.9,20.4,70.32,3.56,0.63,19.52,37.63
2018-08-03,Krishnagiri,12.5266,78.2138,Semi-arid,25.16,30.95,20.7,69.26,4.26,0.63,14.4,37.64
2018-08-04,Krishnagiri,12.5266,78.2138,Semi-arid,25.27,31.65,20.05,68.94,4.39,0.07,18.98,37.64
2018-08-05,Krishnagiri,12.5266,78.2138,Semi-arid,25.57,31.53,21.11,68.3,4.23,0.05,17.2,37.64
2018-08-06,Krishnagiri,12.5266,78.2138,Semi-arid,25.8,32.93,20.43,67.62,5.12,4.0,17.78,37.64
2018-08-07,Krishnagiri,12.5266,78.2138,Semi-arid,24.77,30.78,19.99,70.29,5.24,1.03,14.18,37.64
2018-08-08,Krishnagiri,12.5266,78.2138,Semi-arid,24.83,30.27,20.76,73.02,4.59,2.4,16.06,37.64
2018-08-09,Krishnagiri,12.5266,78.2138,Semi-arid,25.45,32.12,20.86,69.15,4.71,0.54,19.09,37.64
2018-08-10,Krishnagiri,12.5266,78.2138,Semi-arid,24.88,30.87,20.71,71.52,4.24,1.75,14.95,37.64
2018-08-11,Krishnagiri,12.5266,78.2138,Semi-arid,24.86,30.49,20.48,71.82,5.19,1.5,9.3,37.63
2018-08-12,Krishnagiri,12.5266,78.2138,Semi-arid,24.08,29.37,20.78,73.47,5.27,2.32,12.53,37.63
2018-08-13,Krishnagiri,12.5266,78.2138,Semi-arid,24.96,31.53,20.38,66.83,5.72,0.87,14.2,37.62
2018-08-14,Krishnagiri,12.5266,78.2138,Semi-arid,24.7,31.3,20.44,75.5,5.29,4.62,12.06,37.62
2018-08-15,Krishnagiri,12.5266,78.2138,Semi-arid,24.38,28.55,22.04,82.73,4.33,7.47,14.12,37.61
2018-08-16,Krishnagiri,12.5266,78.2138,Semi-arid,25.1,30.59,21.58,73.87,5.68,0.49,14.47,37.6
2018-08-17,Krishnagiri,12.5266,78.2138,Semi-arid,25.89,32.37,21.73,69.16,5.93,0.04,16.1,37.59
2018-08-18,Krishnagiri,12.5266,78.2138,Semi-arid,25.8,32.34,20.94,68.33,5.33,0.16,16.31,37.58
2018-08-19,Krishnagiri,12.5266,78.2138,Semi-arid,26.03,32.26,20.52,66.6,4.96,0.01,14.43,37.57
2018-08-20,Krishnagiri,12.5266,78.2138,Semi-arid,25.67,32.87,20.38,66.57,5.37,0.07,15.71,37.56
2018-08-21,Krishnagiri,12.5266,78.2138,Semi-arid,26.31,33.82,20.25,64.94,4.82,0.18,19.13,37.55
2018-08-22,Krishnagiri,12.5266,78.2138,Semi-arid,25.86,32.69,20.16,64.99,4.19,0.04,21.48,37.53
2018-08-23,Krishnagiri,12.5266,78.2138,Semi-arid,26.27,32.3,21.24,67.16,3.75,0.85,20.36,37.52
2018-08-24,Krishnagiri,12.5266,78.2138,Semi-arid,25.53,31.25,20.83,71.8,3.45,8.24,16.86,37.5
2018-08-25,Krishnagiri,12.5266,78.2138,Semi-arid,25.5,31.34,20.67,72.1,2.99,1.53,17.82,37.48
2018-08-26,Krishnagiri,12.5266,78.2138,Semi-arid,25.85,32.84,20.62,68.94,3.29,2.29,20.26,37.46
2018-08-27,Krishnagiri,12.5266,78.2138,Semi-arid,25.46,32.38,20.29,70.06,3.87,1.53,15.91,37.44
2018-08-28,Krishnagiri,12.5266,78.2138,Semi-arid,25.1,31.93,19.77,70.93,3.67,2.79,19.37,37.41
2018-08-29,Krishnagiri,12.5266,78.2138,Semi-arid,25.79,33.31,20.06,68.82,3.62,0.84,16.73,37.39
2018-08-30,Krishnagiri,12.5266,78.2138,Semi-arid,26.21,33.56,20.65,70.64,3.06,8.01,19.15,37.36
2018-08-31,Krishnagiri,12.5266,78.2138,Semi-arid,25.81,32.2,20.64,71.29,3.01,2.44,17.58,37.34
2018-09-01,Krishnagiri,12.5266,78.2138,Semi-arid,25.4,31.72,20.72,71.93,2.29,0.48,19.34,37.31
2018-09-02,Krishnagiri,12.5266,78.2138,Semi-arid,26.41,32.08,20.88,65.41,2.41,0.0,16.19,37.28
2018-09-03,Krishnagiri,12.5266,78.2138,Semi-arid,25.51,32.5,20.59,63.18,2.71,0.0,24.36,37.24
2018-09-04,Krishnagiri,12.5266,78.2138,Semi-arid,26.81,34.19,19.87,62.59,2.07,0.12,24.14,37.21
2018-09-05,Krishnagiri,12.5266,78.2138,Semi-arid,25.9,32.38,20.54,63.59,2.97,0.02,22.32,37.17
2018-09-06,Krishnagiri,12.5266,78.2138,Semi-arid,26.58,34.38,19.74,60.45,3.48,0.0,22.25,37.14
2018-09-07,Krishnagiri,12.5266,78.2138,Semi-arid,26.42,34.15,19.55,60.5,3.9,0.0,20.89,37.1
2018-09-08,Krishnagiri,12.5266,78.2138,Semi-arid,26.91,34.52,19.77,60.52,3.29,0.0,24.19,37.06
2018-09-09,Krishnagiri,12.5266,78.2138,Semi-arid,27.28,33.92,21.33,62.97,1.37,3.36,19.43,37.02
2018-09-10,Krishnagiri,12.5266,78.2138,Semi-arid,26.3,31.37,22.3,72.22,0.83,3.38,11.96,36.97
2018-09-11,Krishnagiri,12.5266,78.2138,Semi-arid,27.45,34.32,21.62,67.34,1.65,0.62,19.58,36.93
2018-09-12,Krishnagiri,12.5266,78.2138,Semi-arid,26.56,31.76,22.59,69.77,2.22,7.02,20.57,36.88
2018-09-13,Krishnagiri,12.5266,78.2138,Semi-arid,27.19,33.78,21.13,67.64,1.03,3.96,18.69,36.83
2018-09-14,Krishnagiri,12.5266,78.2138,Semi-arid,26.76,33.82,21.23,69.69,0.8,10.33,20.97,36.78
2018-09-15,Krishnagiri,12.5266,78.2138,Semi-arid,25.16,30.23,21.76,76.64,1.64,17.69,20.47,36.73
2018-09-16,Krishnagiri,12.5266,78.2138,Semi-arid,24.52,29.29,21.31,81.01,1.38,12.75,16.51,36.68
2018-09-17,Krishnagiri,12.5266,78.2138,Semi-arid,24.8,30.22,21.37,77.14,2.53,5.23,15.65,36.62
2018-09-18,Krishnagiri,12.5266,78.2138,Semi-arid,25.58,31.95,20.48,72.2,2.74,0.86,19.59,36.57
2018-09-19,Krishnagiri,12.5266,78.2138,Semi-arid,25.14,32.18,20.5,66.71,3.54,0.04,15.52,36.51
2018-09-20,Krishnagiri,12.5266,78.2138,Semi-arid,25.3,32.5,19.39,69.82,2.62,3.94,18.17,36.45
2018-09-21,Krishnagiri,12.5266,78.2138,Semi-arid,25.29,30.11,21.14,73.69,2.52,2.82,16.37,36.39
2018-09-22,Krishnagiri,12.5266,78.2138,Semi-arid,26.24,34.07,18.41,64.21,1.76,2.27,23.74,36.32
2018-09-23,Krishnagiri,12.5266,78.2138,Semi-arid,25.95,31.17,21.81,75.28,1.14,11.51,20.48,36.26
2018-09-24,Krishnagiri,12.5266,78.2138,Semi-arid,24.77,28.58,21.85,80.66,1.04,11.43,20.64,36.19
2018-09-25,Krishnagiri,12.5266,78.2138,Semi-arid,25.29,30.62,20.77,77.47,0.92,2.73,20.14,36.12
2018-09-26,Krishnagiri,12.5266,78.2138,Semi-arid,25.35,30.98,21.19,78.26,1.4,10.72,21.45,36.05
2018-09-27,Krishnagiri,12.5266,78.2138,Semi-arid,25.6,32.33,20.91,75.8,1.47,5.33,21.46,35.98
2018-09-28,Krishnagiri,12.5266,78.2138,Semi-arid,25.17,30.66,21.07,79.03,1.74,3.39,20.88,35.91
2018-09-29,Krishnagiri,12.5266,78.2138,Semi-arid,25.66,31.76,20.66,76.14,1.95,1.0,22.5,35.84
2018-09-30,Krishnagiri,12.5266,78.2138,Semi-arid,26.02,32.83,21.14,74.95,1.9,1.1,23.41,35.76
2018-10-01,Krishnagiri,12.5266,78.2138,Semi-arid,25.68,31.78,21.48,76.67,2.21,0.62,23.15,35.68
2018-10-02,Krishnagiri,12.5266,78.2138,Semi-arid,25.38,31.06,21.34,76.53,2.02,0.09,20.58,35.6
2018-10-03,Krishnagiri,12.5266,78.2138,Semi-arid,24.58,29.87,21.04,80.62,1.85,8.09,18.45,35.52
2018-10-04,Krishnagiri,12.5266,78.2138,Semi-arid,23.95,28.39,21.65,83.14,2.43,9.94,3.63,35.44
2018-10-05,Krishnagiri,12.5266,78.2138,Semi-arid,23.36,27.37,20.61,86.97,2.62,9.93,10.39,35.36
2018-10-06,Krishnagiri,12.5266,78.2138,Semi-arid,23.33,27.04,20.88,88.28,2.32,6.91,14.57,35.27
2018-10-07,Krishnagiri,12.5266,78.2138,Semi-arid,24.44,29.98,20.18,81.47,1.82,0.29,21.44,35.18
2018-10-08,Krishnagiri,12.5266,78.2138,Semi-arid,24.1,28.38,20.81,77.95,1.27,9.5,16.87,35.1
2018-10-09,Krishnagiri,12.5266,78.2138,Semi-arid,23.59,27.35,20.09,77.59,1.25,7.61,20.4,35.01
2018-10-10,Krishnagiri,12.5266,78.2138,Semi-arid,23.99,30.86,18.99,66.84,1.84,0.0,20.71,34.92
2018-10-11,Krishnagiri,12.5266,78.2138,Semi-arid,24.89,32.56,16.8,52.9,1.76,0.0,21.32,34.83
2018-10-12,Krishnagiri,12.5266,78.2138,Semi-arid,25.7,32.91,18.45,61.78,1.37,0.0,21.27,34.74
2018-10-13,Krishnagiri,12.5266,78.2138,Semi-arid,25.15,31.66,19.58,70.28,1.24,2.66,18.98,34.65
2018-10-14,Krishnagiri,12.5266,78.2138,Semi-arid,25.28,30.63,20.52,78.28,0.82,9.95,16.09,34.55
2018-10-15,Krishnagiri,12.5266,78.2138,Semi-arid,24.95,29.09,21.84,80.26,0.99,3.54,18.39,34.46
2018-10-16,Krishnagiri,12.5266,78.2138,Semi-arid,24.01,28.26,20.66,83.76,1.24,5.9,15.22,34.36
2018-10-17,Krishnagiri,12.5266,78.2138,Semi-arid,23.29,27.02,20.99,84.41,1.32,17.18,19.29,34.27
2018-10-18,Krishnagiri,12.5266,78.2138,Semi-arid,22.85,27.4,19.22,84.04,1.06,2.17,18.43,34.17
2018-10-19,Krishnagiri,12.5266,78.2138,Semi-arid,23.66,28.7,20.07,81.24,1.34,0.48,18.38,34.07
2018-10-20,Krishnagiri,12.5266,78.2138,Semi-arid,23.41,29.52,18.47,74.41,1.68,0.03,21.53,33.97
2018-10-21,Krishnagiri,12.5266,78.2138,Semi-arid,23.63,29.92,18.19,77.98,1.81,0.34,12.68,33.87
2018-10-22,Krishnagiri,12.5266,78.2138,Semi-arid,23.27,30.34,18.54,69.73,1.97,0.04,22.42,33.77
2018-10-23,Krishnagiri,12.5266,78.2138,Semi-arid,22.89,31.12,16.17,67.83,1.94,0.0,20.52,33.67
2018-10-24,Krishnagiri,12.5266,78.2138,Semi-arid,22.84,31.23,16.26,70.44,1.99,0.0,22.53,33.57
2018-10-25,Krishnagiri,12.5266,78.2138,Semi-arid,22.92,31.0,16.2,72.98,2.5,0.0,19.34,33.47
2018-10-26,Krishnagiri,12.5266,78.2138,Semi-arid,23.5,30.81,18.35,74.75,2.66,0.0,18.98,33.37
2018-10-27,Krishnagiri,12.5266,78.2138,Semi-arid,23.22,31.0,17.41,70.27,2.5,0.0,21.59,33.27
2018-10-28,Krishnagiri,12.5266,78.2138,Semi-arid,22.93,31.3,16.72,67.06,2.54,0.0,22.15,33.17
2018-10-29,Krishnagiri,12.5266,78.2138,Semi-arid,22.99,32.16,16.0,54.68,1.97,0.0,19.55,33.07
2018-10-30,Krishnagiri,12.5266,78.2138,Semi-arid,23.82,32.76,16.02,62.29,1.96,0.0,21.64,32.96
2018-10-31,Krishnagiri,12.5266,78.2138,Semi-arid,24.77,32.17,19.0,76.25,2.79,0.15,19.74,32.86
2018-11-01,Krishnagiri,12.5266,78.2138,Semi-arid,24.48,30.79,20.57,77.69,2.73,0.51,16.92,32.76
2018-11-02,Krishnagiri,12.5266,78.2138,Semi-arid,22.85,26.75,20.46,85.74,2.42,2.7,12.84,32.66
2018-11-03,Krishnagiri,12.5266,78.2138,Semi-arid,23.38,28.48,20.19,84.09,2.57,1.93,14.49,32.55
2018-11-04,Krishnagiri,12.5266,78.2138,Semi-arid,24.26,31.24,18.93,78.18,2.73,0.27,16.63,32.45
2018-11-05,Krishnagiri,12.5266,78.2138,Semi-arid,24.55,31.58,19.83,73.45,2.52,0.02,20.68,32.35
2018-11-06,Krishnagiri,12.5266,78.2138,Semi-arid,23.93,31.13,19.09,73.2,2.1,0.0,17.86,32.25
2018-11-07,Krishnagiri,12.5266,78.2138,Semi-arid,23.38,31.73,17.83,66.04,2.16,0.0,18.91,32.15
2018-11-08,Krishnagiri,12.5266,78.2138,Semi-arid,23.14,31.47,15.27,70.44,2.14,0.05,16.87,32.06
2018-11-09,Krishnagiri,12.5266,78.2138,Semi-arid,23.72,31.44,18.03,70.23,2.41,0.0,19.94,31.96
2018-11-10,Krishnagiri,12.5266,78.2138,Semi-arid,23.66,31.84,17.72,67.93,1.95,0.0,20.37,31.86
2018-11-11,Krishnagiri,12.5266,78.2138,Semi-arid,23.57,31.8,18.08,67.58,1.64,0.0,19.71,31.77
2018-11-12,Krishnagiri,12.5266,78.2138,Semi-arid,23.27,32.31,16.02,62.75,1.69,0.0,19.45,31.67
2018-11-13,Krishnagiri,12.5266,78.2138,Semi-arid,23.27,32.63,17.11,49.11,1.29,0.0,20.2,31.58
2018-11-14,Krishnagiri,12.5266,78.2138,Semi-arid,23.29,32.9,16.0,44.49,1.3,0.0,21.82,31.49
2018-11-15,Krishnagiri,12.5266,78.2138,Semi-arid,23.07,30.38,15.51,69.38,2.8,2.0,12.09,31.39
2018-11-16,Krishnagiri,12.5266,78.2138,Semi-arid,23.34,27.5,21.12,84.82,3.3,3.2,7.95,31.31
2018-11-17,Krishnagiri,12.5266,78.2138,Semi-arid,24.81,31.29,20.45,76.38,1.58,0.13,19.15,31.22
2018-11-18,Krishnagiri,12.5266,78.2138,Semi-arid,25.03,31.74,20.76,76.81,1.93,0.89,16.68,31.13
2018-11-19,Krishnagiri,12.5266,78.2138,Semi-arid,25.35,32.62,20.34,71.92,2.34,0.17,16.48,31.05
2018-11-20,Krishnagiri,12.5266,78.2138,Semi-arid,23.77,29.39,20.43,75.8,2.63,0.18,18.4,30.96
2018-11-21,Krishnagiri,12.5266,78.2138,Semi-arid,22.22,27.78,18.89,81.06,3.52,2.26,8.15,30.88
2018-11-22,Krishnagiri,12.5266,78.2138,Semi-arid,21.94,25.88,19.67,86.75,3.7,5.37,6.09,30.8
2018-11-23,Krishnagiri,12.5266,78.2138,Semi-arid,23.45,29.18,20.19,84.23,2.84,10.74,7.84,30.72
2018-11-24,Krishnagiri,12.5266,78.2138,Semi-arid,23.79,30.66,19.79,74.96,2.34,0.73,16.4,30.65
2018-11-25,Krishnagiri,12.5266,78.2138,Semi-arid,23.85,31.52,19.35,73.43,1.98,0.0,16.12,30.57
2018-11-26,Krishnagiri,12.5266,78.2138,Semi-arid,22.42,30.33,17.04,71.16,2.16,0.0,17.16,30.5
2018-11-27,Krishnagiri,12.5266,78.2138,Semi-arid,20.79,28.77,15.12,71.83,2.24,0.0,18.78,30.43
2018-11-28,Krishnagiri,12.5266,78.2138,Semi-arid,21.6,29.92,15.12,75.7,2.48,0.06,19.04,30.36
2018-11-29,Krishnagiri,12.5266,78.2138,Semi-arid,22.63,29.14,17.8,79.71,2.75,1.29,10.4,30.3
2018-11-30,Krishnagiri,12.5266,78.2138,Semi-arid,23.11,30.57,17.82,73.11,2.34,0.08,17.82,30.23
2018-12-01,Krishnagiri,12.5266,78.2138,Semi-arid,22.51,30.71,17.06,69.72,2.15,0.0,17.7,30.17
2018-12-02,Krishnagiri,12.5266,78.2138,Semi-arid,22.35,30.02,17.21,71.16,2.36,0.0,20.21,30.11
2018-12-03,Krishnagiri,12.5266,78.2138,Semi-arid,23.09,30.89,17.28,72.21,2.43,0.0,14.41,30.06
2018-12-04,Krishnagiri,12.5266,78.2138,Semi-arid,22.44,26.98,19.18,84.43,2.14,2.51,10.89,30.01
2018-12-05,Krishnagiri,12.5266,78.2138,Semi-arid,24.14,30.82,19.44,79.73,2.04,0.46,15.28,29.96
2018-12-06,Krishnagiri,12.5266,78.2138,Semi-arid,24.38,31.19,20.74,73.31,2.44,0.09,15.36,29.91
2018-12-07,Krishnagiri,12.5266,78.2138,Semi-arid,23.96,31.18,18.78,72.87,2.51,0.01,15.36,29.87
2018-12-08,Krishnagiri,12.5266,78.2138,Semi-arid,23.74,30.92,18.72,73.76,2.62,0.0,14.9,29.83
2018-12-09,Krishnagiri,12.5266,78.2138,Semi-arid,23.54,31.25,17.72,69.32,2.55,0.0,17.07,29.79
2018-12-10,Krishnagiri,12.5266,78.2138,Semi-arid,23.7,31.47,18.37,69.25,1.84,0.0,16.14,29.75
2018-12-11,Krishnagiri,12.5266,78.2138,Semi-arid,23.59,32.25,17.59,67.38,1.72,0.0,16.52,29.72
2018-12-12,Krishnagiri,12.5266,78.2138,Semi-arid,24.04,32.31,18.13,65.96,1.45,0.0,16.81,29.69
2018-12-13,Krishnagiri,12.5266,78.2138,Semi-arid,24.03,32.21,18.5,66.11,1.58,0.0,14.3,29.67
2018-12-14,Krishnagiri,12.5266,78.2138,Semi-arid,23.12,30.93,16.6,65.33,2.58,0.0,18.99,29.65
2018-12-15,Krishnagiri,12.5266,78.2138,Semi-arid,22.87,30.32,17.6,67.73,3.61,0.0,16.22,29.63
2018-12-16,Krishnagiri,12.5266,78.2138,Semi-arid,22.27,29.85,16.82,63.75,2.82,0.0,11.38,29.61
2018-12-17,Krishnagiri,12.5266,78.2138,Semi-arid,23.07,32.92,14.95,52.2,2.32,0.0,14.16,29.6
2018-12-18,Krishnagiri,12.5266,78.2138,Semi-arid,22.66,32.18,14.59,48.65,1.37,0.0,17.04,29.59
2018-12-19,Krishnagiri,12.5266,78.2138,Semi-arid,20.27,26.89,15.83,69.38,1.52,0.0,15.59,29.59
2018-12-20,Krishnagiri,12.5266,78.2138,Semi-arid,22.13,30.84,15.48,66.47,2.07,0.0,18.13,29.58
2018-12-21,Krishnagiri,12.5266,78.2138,Semi-arid,23.86,32.28,17.42,66.91,2.07,0.0,17.06,29.58
2018-12-22,Krishnagiri,12.5266,78.2138,Semi-arid,23.12,29.74,18.4,69.85,2.98,0.13,16.32,29.59
2018-12-23,Krishnagiri,12.5266,78.2138,Semi-arid,24.06,31.11,18.72,71.85,3.09,0.11,12.04,29.59
2018-12-24,Krishnagiri,12.5266,78.2138,Semi-arid,24.37,31.86,19.3,66.64,2.77,0.01,17.2,29.6
2018-12-25,Krishnagiri,12.5266,78.2138,Semi-arid,24.03,32.32,18.2,63.22,2.36,0.0,17.06,29.62
2018-12-26,Krishnagiri,12.5266,78.2138,Semi-arid,23.83,33.0,17.21,62.43,1.77,0.0,18.91,29.63
2018-12-27,Krishnagiri,12.5266,78.2138,Semi-arid,24.72,32.72,17.81,59.94,0.89,0.0,17.03,29.65
2018-12-28,Krishnagiri,12.5266,78.2138,Semi-arid,23.62,30.19,18.44,68.56,1.67,0.9,12.52,29.67
2018-12-29,Krishnagiri,12.5266,78.2138,Semi-arid,23.06,30.54,17.69,65.63,2.81,0.6,12.1,29.7
2018-12-30,Krishnagiri,12.5266,78.2138,Semi-arid,21.87,29.78,16.09,63.81,2.96,0.0,15.74,29.73
2018-12-31,Krishnagiri,12.5266,78.2138,Semi-arid,21.56,29.84,15.28,61.29,2.53,0.0,17.71,29.76
2019-01-01,Krishnagiri,12.5266,78.2138,Semi-arid,19.73,29.99,11.45,57.08,2.27,0.0,21.01,29.8
2019-01-02,Krishnagiri,12.5266,78.2138,Semi-arid,19.6,29.77,11.89,61.43,2.65,0.0,20.69,29.83
2019-01-03,Krishnagiri,12.5266,78.2138,Semi-arid,20.34,30.31,13.4,59.73,2.41,0.0,21.1,29.88
2019-01-04,Krishnagiri,12.5266,78.2138,Semi-arid,19.79,29.63,12.17,61.51,2.74,0.0,20.95,29.92
2019-01-05,Krishnagiri,12.5266,78.2138,Semi-arid,20.16,30.58,12.07,63.24,2.21,0.0,20.76,29.97
2019-01-06,Krishnagiri,12.5266,78.2138,Semi-arid,21.11,30.91,14.2,62.07,2.21,0.0,20.03,30.02
2019-01-07,Krishnagiri,12.5266,78.2138,Semi-arid,21.46,31.35,14.15,61.66,2.2,0.0,20.88,30.08
2019-01-08,Krishnagiri,12.5266,78.2138,Semi-arid,21.68,32.11,13.71,55.26,2.19,0.0,20.94,30.13
2019-01-09,Krishnagiri,12.5266,78.2138,Semi-arid,21.44,32.08,13.41,54.62,2.17,0.0,21.26,30.19
2019-01-10,Krishnagiri,12.5266,78.2138,Semi-arid,21.52,31.79,14.14,59.6,2.25,0.0,21.3,30.25
2019-01-11,Krishnagiri,12.5266,78.2138,Semi-arid,21.93,32.33,15.04,59.74,2.01,0.0,20.49,30.32
2019-01-12,Krishnagiri,12.5266,78.2138,Semi-arid,21.5,31.33,14.14,60.08,2.47,0.0,19.86,30.39
2019-01-13,Krishnagiri,12.5266,78.2138,Semi-arid,21.78,32.03,14.13,56.65,2.33,0.0,19.85,30.46
2019-01-14,Krishnagiri,12.5266,78.2138,Semi-arid,21.89,32.29,14.62,56.88,2.32,0.0,20.33,30.53
2019-01-15,Krishnagiri,12.5266,78.2138,Semi-arid,21.32,31.64,12.24,49.24,2.64,0.0,18.58,30.61
2019-01-16,Krishnagiri,12.5266,78.2138,Semi-arid,21.55,31.42,13.7,57.92,2.52,0.0,20.79,30.68
2019-01-17,Krishnagiri,12.5266,78.2138,Semi-arid,22.05,31.12,15.4,61.83,2.56,0.0,19.18,30.76
2019-01-18,Krishnagiri,12.5266,78.2138,Semi-arid,21.68,31.2,14.47,60.66,2.53,0.0,19.21,30.85
2019-01-19,Krishnagiri,12.5266,78.2138,Semi-arid,21.54,31.35,14.4,56.18,2.44,0.0,21.63,30.93
2019-01-20,Krishnagiri,12.5266,78.2138,Semi-arid,21.33,31.9,13.63,54.46,2.49,0.0,19.02,31.02
2019-01-21,Krishnagiri,12.5266,78.2138,Semi-arid,21.25,31.81,13.22,55.76,2.4,0.0,17.76,31.1
2019-01-22,Krishnagiri,12.5266,78.2138,Semi-arid,22.07,32.65,14.42,55.72,1.84,0.0,20.97,31.19
2019-01-23,Krishnagiri,12.5266,78.2138,Semi-arid,23.46,33.02,16.39,58.62,1.76,0.0,20.25,31.29
2019-01-24,Krishnagiri,12.5266,78.2138,Semi-arid,24.19,33.1,17.46,58.17,1.88,0.0,21.0,31.38
2019-01-25,Krishnagiri,12.5266,78.2138,Semi-arid,24.67,32.38,18.33,62.68,2.4,0.0,18.79,31.47
2019-01-26,Krishnagiri,12.5266,78.2138,Semi-arid,25.35,32.61,19.8,63.66,2.32,0.0,16.49,31.57
2019-01-27,Krishnagiri,12.5266,78.2138,Semi-arid,24.71,31.4,20.23,64.1,2.49,0.14,14.49,31.67
2019-01-28,Krishnagiri,12.5266,78.2138,Semi-arid,23.88,31.34,19.11,63.82,2.38,1.36,14.11,31.77
2019-01-29,Krishnagiri,12.5266,78.2138,Semi-arid,22.82,29.77,18.46,63.7,2.75,0.55,16.65,31.87
2019-01-30,Krishnagiri,12.5266,78.2138,Semi-arid,23.05,31.28,17.15,59.9,2.83,0.0,20.45,31.97
2019-01-31,Krishnagiri,12.5266,78.2138,Semi-arid,22.68,31.31,16.29,56.63,2.87,0.0,18.94,32.07
2019-02-01,Krishnagiri,12.5266,78.2138,Semi-arid,23.08,31.16,16.61,59.59,2.6,0.0,18.85,32.18
2019-02-02,Krishnagiri,12.5266,78.2138,Semi-arid,23.99,32.48,17.09,57.27,2.24,0.0,18.94,32.28
2019-02-03,Krishnagiri,12.5266,78.2138,Semi-arid,24.65,33.5,17.35,57.24,2.59,0.0,21.09,32.39
2019-02-04,Krishnagiri,12.5266,78.2138,Semi-arid,25.05,33.45,18.53,57.34,3.44,0.0,20.19,32.49
2019-02-05,Krishnagiri,12.5266,78.2138,Semi-arid,24.38,31.57,19.1,58.15,3.09,0.0,18.09,32.6
2019-02-06,Krishnagiri,12.5266,78.2138,Semi-arid,24.78,33.9,16.52,53.17,2.36,0.0,21.73,32.71
2019-02-07,Krishnagiri,12.5266,78.2138,Semi-arid,25.53,34.52,17.77,55.46,2.19,0.0,21.4,32.82
2019-02-08,Krishnagiri,12.5266,78.2138,Semi-arid,26.55,35.31,19.17,53.83,1.8,0.0,22.04,32.93
2019-02-09,Krishnagiri,12.5266,78.2138,Semi-arid,26.81,34.53,20.44,60.83,1.54,4.58,16.38,33.04
2019-02-10,Krishnagiri,12.5266,78.2138,Semi-arid,24.78,30.42,21.02,72.14,2.44,12.36,19.19,33.15
2019-02-11,Krishnagiri,12.5266,78.2138,Semi-arid,24.61,31.42,19.93,67.93,3.54,0.05,15.89,33.25
2019-02-12,Krishnagiri,12.5266,78.2138,Semi-arid,23.97,31.97,18.57,62.79,3.58,0.0,21.23,33.37
2019-02-13,Krishnagiri,12.5266,78.2138,Semi-arid,23.6,32.35,16.89,61.79,2.99,0.0,23.1,33.48
2019-02-14,Krishnagiri,12.5266,78.2138,Semi-arid,24.37,33.24,16.02,63.9,2.78,0.0,22.53,33.59
2019-02-15,Krishnagiri,12.5266,78.2138,Semi-arid,25.73,34.29,18.56,61.21,1.81,0.0,21.7,33.7
2019-02-16,Krishnagiri,12.5266,78.2138,Semi-arid,27.34,35.41,19.94,55.6,1.3,0.0,20.11,33.81
2019-02-17,Krishnagiri,12.5266,78.2138,Semi-arid,27.73,35.58,20.8,54.94,1.47,0.0,20.29,33.92
2019-02-18,Krishnagiri,12.5266,78.2138,Semi-arid,28.01,35.21,21.82,54.87,1.35,0.0,21.35,34.03
2019-02-19,Krishnagiri,12.5266,78.2138,Semi-arid,27.71,35.49,21.92,58.27,2.77,0.05,20.01,34.13
2019-02-20,Krishnagiri,12.5266,78.2138,Semi-arid,26.69,35.06,20.93,56.93,3.36,0.03,23.09,34.24
2019-02-21,Krishnagiri,12.5266,78.2138,Semi-arid,25.53,34.03,19.2,54.25,3.11,0.0,24.48,34.35
2019-02-22,Krishnagiri,12.5266,78.2138,Semi-arid,24.57,34.82,15.88,46.5,2.9,0.0,25.46,34.45
2019-02-23,Krishnagiri,12.5266,78.2138,Semi-arid,25.42,35.82,17.22,36.65,2.73,0.0,25.13,34.56
2019-02-24,Krishnagiri,12.5266,78.2138,Semi-arid,25.49,35.7,16.95,42.62,2.68,0.0,25.5,34.66
2019-02-25,Krishnagiri,12.5266,78.2138,Semi-arid,25.65,37.01,16.29,43.81,2.05,0.0,25.95,34.76
2019-02-26,Krishnagiri,12.5266,78.2138,Semi-arid,26.62,36.94,16.54,50.03,1.59,0.0,24.52,34.87
2019-02-27,Krishnagiri,12.5266,78.2138,Semi-arid,28.78,36.52,21.28,53.12,2.36,0.0,21.38,34.97
2019-02-28,Krishnagiri,12.5266,78.2138,Semi-arid,28.25,34.67,23.2,53.08,1.84,0.02,20.39,35.07
2019-03-01,Krishnagiri,12.5266,78.2138,Semi-arid,28.56,36.71,21.64,55.73,2.63,0.07,20.02,35.16
2019-03-02,Krishnagiri,12.5266,78.2138,Semi-arid,27.66,35.58,21.86,56.6,3.39,0.29,22.07,35.26
2019-03-03,Krishnagiri,12.5266,78.2138,Semi-arid,27.89,35.65,21.31,52.89,2.25,0.0,23.52,35.36
2019-03-04,Krishnagiri,12.5266,78.2138,Semi-arid,28.77,37.38,20.89,48.2,2.14,0.0,24.05,35.46
2019-03-05,Krishnagiri,12.5266,78.2138,Semi-arid,30.36,37.9,22.69,41.32,1.65,0.0,21.32,35.55
2019-03-06,Krishnagiri,12.5266,78.2138,Semi-arid,31.87,39.32,24.13,32.16,1.53,0.0,22.68,35.64
2019-03-07,Krishnagiri,12.5266,78.2138,Semi-arid,32.07,39.86,24.33,38.56,2.35,0.0,23.73,35.74
2019-03-08,Krishnagiri,12.5266,78.2138,Semi-arid,30.65,36.92,24.4,43.95,2.73,0.0,22.49,35.83
2019-03-09,Krishnagiri,12.5266,78.2138,Semi-arid,29.67,36.47,23.11,49.6,2.55,0.05,20.37,35.92
2019-03-10,Krishnagiri,12.5266,78.2138,Semi-arid,29.81,37.57,22.99,47.51,2.63,0.0,23.49,36.0
2019-03-11,Krishnagiri,12.5266,78.2138,Semi-arid,29.05,37.21,22.61,42.67,2.95,0.0,25.03,36.09
2019-03-12,Krishnagiri,12.5266,78.2138,Semi-arid,27.74,36.67,19.71,40.3,2.82,0.0,25.8,36.17
2019-03-13,Krishnagiri,12.5266,78.2138,Semi-arid,27.19,36.24,19.81,35.25,2.96,0.0,25.11,36.26
2019-03-14,Krishnagiri,12.5266,78.2138,Semi-arid,27.44,36.77,18.83,33.44,3.14,0.0,25.73,36.34
2019-03-15,Krishnagiri,12.5266,78.2138,Semi-arid,27.59,36.39,20.54,32.65,2.98,0.0,25.44,36.42
2019-03-16,Krishnagiri,12.5266,78.2138,Semi-arid,26.67,36.13,17.87,44.57,2.82,0.0,25.77,36.49
2019-03-17,Krishnagiri,12.5266,78.2138,Semi-arid,26.55,36.13,17.67,46.71,2.31,0.0,26.24,36.57
2019-03-18,Krishnagiri,12.5266,78.2138,Semi-arid,27.56,36.96,19.21,52.61,2.3,0.0,26.19,36.64
2019-03-19,Krishnagiri,12.5266,78.2138,Semi-arid,28.72,37.55,19.95,48.83,2.33,0.0,25.11,36.71
2019-03-20,Krishnagiri,12.5266,78.2138,Semi-arid,28.75,36.99,21.31,46.62,2.94,0.0,24.41,36.78
2019-03-21,Krishnagiri,12.5266,78.2138,Semi-arid,28.23,37.0,20.27,43.31,2.11,0.0,26.57,36.85
2019-03-22,Krishnagiri,12.5266,78.2138,Semi-arid,28.65,38.01,19.81,45.8,2.12,0.0,25.86,36.92
2019-03-23,Krishnagiri,12.5266,78.2138,Semi-arid,29.79,38.75,21.65,45.75,2.03,0.0,25.31,36.98
2019-03-24,Krishnagiri,12.5266,78.2138,Semi-arid,30.24,39.21,22.06,38.12,2.39,0.0,25.11,37.04
2019-03-25,Krishnagiri,12.5266,78.2138,Semi-arid,29.46,38.6,21.45,39.5,2.6,0.0,26.07,37.1
2019-03-26,Krishnagiri,12.5266,78.2138,Semi-arid,28.89,37.49,21.18,40.43,2.58,0.0,26.38,37.16
2019-03-27,Krishnagiri,12.5266,78.2138,Semi-arid,28.82,38.31,20.99,36.24,2.32,0.0,27.05,37.22
2019-03-28,Krishnagiri,12.5266,78.2138,Semi-arid,29.21,39.83,19.7,39.97,2.38,0.0,27.01,37.27
2019-03-29,Krishnagiri,12.5266,78.2138,Semi-arid,30.36,39.81,21.29,28.65,1.86,0.0,25.83,37.32
2019-03-30,Krishnagiri,12.5266,78.2138,Semi-arid,30.12,38.96,21.68,32.61,2.14,0.0,26.06,37.37
2019-03-31,Krishnagiri,12.5266,78.2138,Semi-arid,30.53,39.63,22.26,32.14,1.87,0.0,26.28,37.42
2019-04-01,Krishnagiri,12.5266,78.2138,Semi-arid,30.31,39.28,21.65,35.93,2.58,0.0,26.61,37.47
2019-04-02,Krishnagiri,12.5266,78.2138,Semi-arid,30.19,39.06,21.59,39.54,2.51,0.0,24.8,37.51
2019-04-03,Krishnagiri,12.5266,78.2138,Semi-arid,29.68,38.55,21.72,42.74,2.94,0.01,26.11,37.56
2019-04-04,Krishnagiri,12.5266,78.2138,Semi-arid,28.81,38.02,19.69,43.03,2.61,0.0,27.43,37.6
2019-04-05,Krishnagiri,12.5266,78.2138,Semi-arid,29.64,38.68,21.32,43.6,2.59,0.0,26.56,37.64
2019-04-06,Krishnagiri,12.5266,78.2138,Semi-arid,29.78,39.04,20.96,37.48,2.59,0.0,27.35,37.68
2019-04-07,Krishnagiri,12.5266,78.2138,Semi-arid,29.99,39.23,20.88,39.97,2.39,0.0,25.63,37.71
2019-04-08,Krishnagiri,12.5266,78.2138,Semi-arid,30.34,38.8,21.99,47.6,2.37,0.81,25.86,37.74
2019-04-09,Krishnagiri,12.5266,78.2138,Semi-arid,31.0,38.17,24.06,47.05,2.31,1.81,22.19,37.78
2019-04-10,Krishnagiri,12.5266,78.2138,Semi-arid,30.81,38.92,23.25,45.14,2.9,0.11,26.05,37.8
2019-04-11,Krishnagiri,12.5266,78.2138,Semi-arid,30.36,38.78,21.9,43.29,2.09,0.05,26.38,37.83
2019-04-12,Krishnagiri,12.5266,78.2138,Semi-arid,30.95,39.7,22.92,35.41,2.36,0.0,26.54,37.85
2019-04-13,Krishnagiri,12.5266,78.2138,Semi-arid,30.29,39.4,21.91,38.27,2.65,0.0,27.18,37.88
2019-04-14,Krishnagiri,12.5266,78.2138,Semi-arid,30.31,39.12,22.81,31.27,2.9,0.0,27.11,37.9
2019-04-15,Krishnagiri,12.5266,78.2138,Semi-arid,29.72,38.85,20.72,29.2,2.27,0.0,27.75,37.92
2019-04-16,Krishnagiri,12.5266,78.2138,Semi-arid,30.67,39.5,21.98,41.43,2.33,0.0,27.58,37.95
2019-04-17,Krishnagiri,12.5266,78.2138,Semi-arid,31.23,39.12,23.42,40.68,1.64,4.05,23.51,37.97
2019-04-18,Krishnagiri,12.5266,78.2138,Semi-arid,30.95,38.22,24.93,46.7,2.05,5.88,21.67,37.99
2019-04-19,Krishnagiri,12.5266,78.2138,Semi-arid,29.7,36.58,24.35,56.12,1.71,4.55,23.77,38.0
2019-04-20,Krishnagiri,12.5266,78.2138,Semi-arid,28.17,33.76,23.64,63.35,1.69,5.2,22.74,38.02
2019-04-21,Krishnagiri,12.5266,78.2138,Semi-arid,29.08,36.18,22.73,60.06,1.34,0.89,24.11,38.03
2019-04-22,Krishnagiri,12.5266,78.2138,Semi-arid,29.13,36.49,23.72,59.47,1.66,5.36,21.56,38.04
2019-04-23,Krishnagiri,12.5266,78.2138,Semi-arid,28.37,35.52,21.98,60.64,1.83,4.22,24.86,38.04
2019-04-24,Krishnagiri,12.5266,78.2138,Semi-arid,28.94,36.98,22.85,50.26,1.94,0.0,24.78,38.05
2019-04-25,Krishnagiri,12.5266,78.2138,Semi-arid,28.88,37.48,21.92,48.35,1.65,0.0,25.0,38.06
2019-04-26,Krishnagiri,12.5266,78.2138,Semi-arid,29.55,38.2,21.61,50.96,2.33,0.0,23.14,38.06
2019-04-27,Krishnagiri,12.5266,78.2138,Semi-arid,30.58,39.46,21.88,46.41,2.54,0.03,23.77,38.07
2019-04-28,Krishnagiri,12.5266,78.2138,Semi-arid,29.35,35.38,23.11,50.28,1.85,0.0,17.59,38.07
2019-04-29,Krishnagiri,12.5266,78.2138,Semi-arid,30.2,37.44,23.33,50.16,1.76,0.0,20.89,38.07
2019-04-30,Krishnagiri,12.5266,78.2138,Semi-arid,30.57,38.02,25.47,54.15,1.75,18.12,17.31,38.07
2019-05-01,Krishnagiri,12.5266,78.2138,Semi-arid,27.64,33.59,23.22,67.74,2.77,23.73,16.97,38.07
2019-05-02,Krishnagiri,12.5266,78.2138,Semi-arid,29.47,38.55,21.57,54.66,3.58,0.0,20.35,38.06
2019-05-03,Krishnagiri,12.5266,78.2138,Semi-arid,29.59,38.15,22.03,52.5,2.7,0.0,23.34,38.06
2019-05-04,Krishnagiri,12.5266,78.2138,Semi-arid,29.45,37.77,21.73,53.47,2.4,0.0,21.59,38.05
2019-05-05,Krishnagiri,12.5266,78.2138,Semi-arid,30.36,38.17,23.17,53.97,1.65,0.6,22.65,38.05
2019-05-06,Krishnagiri,12.5266,78.2138,Semi-arid,30.81,37.43,25.09,56.55,0.99,0.22,22.38,38.04
2019-05-07,Krishnagiri,12.5266,78.2138,Semi-arid,29.78,36.54,25.05,58.97,2.0,11.82,17.93,38.04
2019-05-08,Krishnagiri,12.5266,78.2138,Semi-arid,26.61,30.79,23.57,74.39,2.87,7.17,20.85,38.03
2019-05-09,Krishnagiri,12.5266,78.2138,Semi-arid,29.3,36.48,21.92,61.31,2.27,3.25,20.93,38.02
2019-05-10,Krishnagiri,12.5266,78.2138,Semi-arid,30.43,37.9,22.97,55.92,1.91,0.28,22.51,38.01
2019-05-11,Krishnagiri,12.5266,78.2138,Semi-arid,29.9,36.1,24.93,57.51,1.15,0.48,20.46,38.0
2019-05-12,Krishnagiri,12.5266,78.2138,Semi-arid,29.79,36.62,23.6,59.22,1.08,1.75,21.09,37.99
2019-05-13,Krishnagiri,12.5266,78.2138,Semi-arid,30.14,36.28,24.42,60.47,1.05,1.03,20.38,37.98
2019-05-14,Krishnagiri,12.5266,78.2138,Semi-arid,29.64,36.51,23.45,59.55,2.24,4.12,20.31,37.97
2019-05-15,Krishnagiri,12.5266,78.2138,Semi-arid,28.95,34.02,23.99,65.59,1.45,5.39,21.16,37.96
2019-05-16,Krishnagiri,12.5266,78.2138,Semi-arid,29.45,36.53,24.08,61.51,1.3,2.01,22.86,37.95
2019-05-17,Krishnagiri,12.5266,78.2138,Semi-arid,28.14,32.83,23.46,67.13,0.96,8.09,22.44,37.93
2019-05-18,Krishnagiri,12.5266,78.2138,Semi-arid,28.94,34.89,23.57,61.99,1.14,1.71,23.93,37.92
2019-05-19,Krishnagiri,12.5266,78.2138,Semi-arid,30.07,38.03,23.29,55.22,1.66,1.22,25.42,37.91
2019-05-20,Krishnagiri,12.5266,78.2138,Semi-arid,29.64,37.81,23.35,55.08,1.79,0.0,24.92,37.9
2019-05-21,Krishnagiri,12.5266,78.2138,Semi-arid,29.39,37.8,22.09,55.4,1.94,0.48,24.96,37.88
2019-05-22,Krishnagiri,12.5266,78.2138,Semi-arid,28.64,34.24,23.64,63.89,1.04,3.68,23.88,37.86
2019-05-23,Krishnagiri,12.5266,78.2138,Semi-arid,28.59,33.76,23.18,66.47,0.86,2.07,22.51,37.85
2019-05-24,Krishnagiri,12.5266,78.2138,Semi-arid,29.4,35.62,23.33,62.4,1.12,0.92,22.2,37.83
2019-05-25,Krishnagiri,12.5266,78.2138,Semi-arid,28.46,33.2,23.91,68.09,2.24,6.89,22.54,37.82
2019-05-26,Krishnagiri,12.5266,78.2138,Semi-arid,29.05,34.66,22.94,67.24,2.0,11.45,23.47,37.8
2019-05-27,Krishnagiri,12.5266,78.2138,Semi-arid,30.12,36.63,23.59,63.0,1.67,2.71,24.71,37.79
2019-05-28,Krishnagiri,12.5266,78.2138,Semi-arid,29.71,35.07,24.62,64.47,1.38,5.18,22.06,37.77
2019-05-29,Krishnagiri,12.5266,78.2138,Semi-arid,26.96,30.98,24.52,75.46,1.9,8.35,21.18,37.76
2019-05-30,Krishnagiri,12.5266,78.2138,Semi-arid,27.88,32.78,23.63,67.3,2.08,4.37,21.62,37.74
2019-05-31,Krishnagiri,12.5266,78.2138,Semi-arid,26.51,30.6,23.54,74.94,2.06,2.83,21.42,37.73
2019-06-01,Krishnagiri,12.5266,78.2138,Semi-arid,27.76,33.59,21.9,68.3,2.36,3.46,21.3,37.72
2019-06-02,Krishnagiri,12.5266,78.2138,Semi-arid,29.53,36.78,22.95,65.91,1.77,14.17,20.33,37.7
2019-06-03,Krishnagiri,12.5266,78.2138,Semi-arid,26.76,30.23,23.83,74.51,2.37,1.22,20.06,37.69
2019-06-04,Krishnagiri,12.5266,78.2138,Semi-arid,28.07,33.54,23.04,70.76,1.49,7.61,21.89,37.68
2019-06-05,Krishnagiri,12.5266,78.2138,Semi-arid,27.56,31.65,23.6,75.44,1.48,12.83,20.32,37.66
2019-06-06,Krishnagiri,12.5266,78.2138,Semi-arid,27.37,32.25,23.1,75.22,1.24,1.48,23.86,37.65
2019-06-07,Krishnagiri,12.5266,78.2138,Semi-arid,27.78,32.31,23.2,73.52,1.07,3.8,18.69,37.64
2019-06-08,Krishnagiri,12.5266,78.2138,Semi-arid,26.66,30.84,22.95,75.22,1.98,0.34,21.09,37.63
2019-06-09,Krishnagiri,12.5266,78.2138,Semi-arid,27.7,35.04,22.1,64.7,3.35,1.24,23.8,37.62
2019-06-10,Krishnagiri,12.5266,78.2138,Semi-arid,26.56,33.02,21.16,66.93,3.17,0.02,22.06,37.61
2019-06-11,Krishnagiri,12.5266,78.2138,Semi-arid,27.09,33.52,21.87,65.17,3.84,0.0,23.0,37.59
2019-06-12,Krishnagiri,12.5266,78.2138,Semi-arid,27.35,33.6,22.36,66.71,4.02,0.0,19.28,37.58
2019-06-13,Krishnagiri,12.5266,78.2138,Semi-arid,26.56,31.91,22.1,68.84,3.91,0.03,19.22,37.57
2019-06-14,Krishnagiri,12.5266,78.2138,Semi-arid,26.89,33.74,21.7,62.55,4.35,0.96,21.56,37.56
2019-06-15,Krishnagiri,12.5266,78.2138,Semi-arid,27.99,35.54,21.8,61.61,3.86,2.23,25.35,37.55
2019-06-16,Krishnagiri,12.5266,78.2138,Semi-arid,28.3,35.3,22.42,64.48,3.35,0.23,24.38,37.54
2019-06-17,Krishnagiri,12.5266,78.2138,Semi-arid,27.76,34.02,22.6,63.14,3.86,0.0,21.32,37.54
2019-06-18,Krishnagiri,12.5266,78.2138,Semi-arid,27.4,32.86,22.45,64.96,3.04,0.17,19.71,37.53
2019-06-19,Krishnagiri,12.5266,78.2138,Semi-arid,28.54,35.71,22.77,63.28,3.57,3.25,22.74,37.52
2019-06-20,Krishnagiri,12.5266,78.2138,Semi-arid,27.76,34.7,22.66,59.94,4.12,0.42,22.71,37.52
2019-06-21,Krishnagiri,12.5266,78.2138,Semi-arid,26.2,32.13,21.45,64.57,3.39,0.03,16.89,37.51
2019-06-22,Krishnagiri,12.5266,78.2138,Semi-arid,26.34,32.14,21.84,69.71,3.7,0.84,19.84,37.51
2019-06-23,Krishnagiri,12.5266,78.2138,Semi-arid,26.03,31.83,21.37,68.99,3.41,4.91,20.19,37.5
2019-06-24,Krishnagiri,12.5266,78.2138,Semi-arid,26.76,32.83,21.48,67.72,3.07,2.01,18.89,37.5
2019-06-25,Krishnagiri,12.5266,78.2138,Semi-arid,27.3,34.11,21.63,67.24,2.59,0.87,19.01,37.49
2019-06-26,Krishnagiri,12.5266,78.2138,Semi-arid,25.81,29.59,22.49,74.15,2.36,1.69,15.41,37.49
2019-06-27,Krishnagiri,12.5266,78.2138,Semi-arid,27.23,33.87,21.8,67.5,3.46,2.15,20.68,37.49
2019-06-28,Krishnagiri,12.5266,78.2138,Semi-arid,26.96,32.92,21.87,66.74,4.3,0.28,24.06,37.49
2019-06-29,Krishnagiri,12.5266,78.2138,Semi-arid,27.03,32.61,22.61,65.76,4.72,0.0,22.89,37.49
2019-06-30,Krishnagiri,12.5266,78.2138,Semi-arid,26.24,31.03,21.92,67.96,4.31,0.03,15.63,37.49
2019-07-01,Krishnagiri,12.5266,78.2138,Semi-arid,28.0,35.01,22.07,63.24,4.28,0.1,21.52,37.49
2019-07-02,Krishnagiri,12.5266,78.2138,Semi-arid,27.22,33.41,22.07,66.67,4.35,0.03,19.19,37.49
2019-07-03,Krishnagiri,12.5266,78.2138,Semi-arid,26.53,31.24,22.47,69.0,3.87,0.01,20.86,37.49
2019-07-04,Krishnagiri,12.5266,78.2138,Semi-arid,26.5,31.32,22.26,69.56,4.05,0.57,19.11,37.5
2019-07-05,Krishnagiri,12.5266,78.2138,Semi-arid,26.57,32.46,22.19,69.65,4.57,1.01,15.99,37.5
2019-07-06,Krishnagiri,12.5266,78.2138,Semi-arid,25.86,30.02,22.31,71.33,4.55,0.54,17.84,37.5
2019-07-07,Krishnagiri,12.5266,78.2138,Semi-arid,26.21,32.24,21.49,67.66,4.31,0.2,20.97,37.5
2019-07-08,Krishnagiri,12.5266,78.2138,Semi-arid,26.77,33.32,21.71,66.32,4.73,0.02,20.16,37.51
2019-07-09,Krishnagiri,12.5266,78.2138,Semi-arid,25.99,31.57,21.41,69.95,4.18,0.41,16.96,37.51
2019-07-10,Krishnagiri,12.5266,78.2138,Semi-arid,25.64,31.6,21.24,67.89,3.93,3.62,19.8,37.51
2019-07-11,Krishnagiri,12.5266,78.2138,Semi-arid,25.69,32.2,21.23,66.08,3.82,1.33,19.2,37.52
2019-07-12,Krishnagiri,12.5266,78.2138,Semi-arid,27.0,32.94,21.15,63.54,1.95,2.18,21.37,37.52
2019-07-13,Krishnagiri,12.5266,78.2138,Semi-arid,27.02,33.05,21.73,66.46,2.63,9.83,17.97,37.53
2019-07-14,Krishnagiri,12.5266,78.2138,Semi-arid,25.87,30.12,22.37,76.13,2.54,16.35,18.57,37.53
2019-07-15,Krishnagiri,12.5266,78.2138,Semi-arid,26.49,32.82,22.01,67.66,2.84,1.58,23.38,37.54
2019-07-16,Krishnagiri,12.5266,78.2138,Semi-arid,25.47,31.41,21.48,71.41,3.03,0.89,20.24,37.55
2019-07-17,Krishnagiri,12.5266,78.2138,Semi-arid,26.23,32.27,21.53,66.02,3.34,2.17,17.64,37.55
2019-07-18,Krishnagiri,12.5266,78.2138,Semi-arid,22.93,25.13,20.97,80.08,3.55,8.18,18.6,37.56
2019-07-19,Krishnagiri,12.5266,78.2138,Semi-arid,24.57,29.96,21.0,76.59,3.03,1.55,16.92,37.56
2019-07-20,Krishnagiri,12.5266,78.2138,Semi-arid,25.5,30.97,21.3,71.2,3.58,0.12,18.35,37.57
2019-07-21,Krishnagiri,12.5266,78.2138,Semi-arid,26.25,33.1,21.43,69.84,3.81,0.54,19.13,37.57
2019-07-22,Krishnagiri,12.5266,78.2138,Semi-arid,24.38,28.15,21.8,78.83,3.5,5.66,10.37,37.58
2019-07-23,Krishnagiri,12.5266,78.2138,Semi-arid,24.9,31.59,20.45,73.88,4.16,7.26,15.92,37.59
2019-07-24,Krishnagiri,12.5266,78.2138,Semi-arid,25.49,31.93,20.19,72.22,3.75,0.66,21.88,37.59
2019-07-25,Krishnagiri,12.5266,78.2138,Semi-arid,25.69,32.77,20.75,70.68,3.48,6.81,16.66,37.6
2019-07-26,Krishnagiri,12.5266,78.2138,Semi-arid,24.99,30.26,20.64,72.03,4.1,0.36,9.89,37.6
2019-07-27,Krishnagiri,12.5266,78.2138,Semi-arid,25.09,31.6,20.15,70.91,3.48,0.06,17.44,37.61
2019-07-28,Krishnagiri,12.5266,78.2138,Semi-arid,25.4,31.87,20.83,70.32,4.21,0.94,18.05,37.61
2019-07-29,Krishnagiri,12.5266,78.2138,Semi-arid,25.61,31.8,20.81,71.28,3.94,0.49,15.22,37.62
2019-07-30,Krishnagiri,12.5266,78.2138,Semi-arid,25.39,31.89,21.26,67.26,4.19,0.0,15.86,37.62
2019-07-31,Krishnagiri,12.5266,78.2138,Semi-arid,26.17,33.54,19.9,62.54,3.87,0.0,22.9,37.62
2019-08-01,Krishnagiri,12.5266,78.2138,Semi-arid,27.02,33.87,21.07,64.66,3.82,0.02,21.56,37.63
2019-08-02,Krishnagiri,12.5266,78.2138,Semi-arid,26.08,32.64,21.51,66.01,4.65,0.01,13.38,37.63
2019-08-03,Krishnagiri,12.5266,78.2138,Semi-arid,25.81,31.48,21.66,68.58,4.54,0.13,18.3,37.63
2019-08-04,Krishnagiri,12.5266,78.2138,Semi-arid,25.8,32.54,20.35,62.07,4.89,0.29,16.83,37.63
2019-08-05,Krishnagiri,12.5266,78.2138,Semi-arid,24.27,28.53,20.99,73.11,5.43,1.71,12.58,37.64
2019-08-06,Krishnagiri,12.5266,78.2138,Semi-arid,25.09,32.28,20.54,69.53,5.7,3.5,11.98,37.64
2019-08-07,Krishnagiri,12.5266,78.2138,Semi-arid,24.94,29.6,21.27,73.74,5.96,3.56,13.12,37.64
2019-08-08,Krishnagiri,12.5266,78.2138,Semi-arid,25.66,31.16,21.99,72.71,6.56,9.54,13.61,37.64
2019-08-09,Krishnagiri,12.5266,78.2138,Semi-arid,25.53,30.97,22.18,72.31,5.94,3.99,13.06,37.64
2019-08-10,Krishnagiri,12.5266,78.2138,Semi-arid,25.35,30.75,21.71,68.85,5.87,0.02,15.04,37.63
2019-08-11,Krishnagiri,12.5266,78.2138,Semi-arid,25.87,33.15,20.91,68.49,4.83,1.63,18.94,37.63
2019-08-12,Krishnagiri,12.5266,78.2138,Semi-arid,25.85,32.51,20.51,67.91,4.7,4.37,17.78,37.63
2019-08-13,Krishnagiri,12.5266,78.2138,Semi-arid,25.89,31.89,20.82,70.31,4.02,2.11,17.43,37.62
2019-08-14,Krishnagiri,12.5266,78.2138,Semi-arid,25.71,31.95,21.47,74.13,3.49,3.58,19.25,37.62
2019-08-15,Krishnagiri,12.5266,78.2138,Semi-arid,25.6,32.61,20.75,72.02,3.61,1.11,21.07,37.61
2019-08-16,Krishnagiri,12.5266,78.2138,Semi-arid,25.3,30.73,21.5,75.79,3.27,21.03,15.73,37.6
2019-08-17,Krishnagiri,12.5266,78.2138,Semi-arid,24.58,29.44,21.21,80.97,3.29,16.87,8.1,37.59
2019-08-18,Krishnagiri,12.5266,78.2138,Semi-arid,23.53,26.4,21.21,85.74,2.82,27.28,5.49,37.58
2019-08-19,Krishnagiri,12.5266,78.2138,Semi-arid,24.84,28.7,21.22,82.2,1.68,12.77,20.78,37.57
2019-08-20,Krishnagiri,12.5266,78.2138,Semi-arid,24.2,27.56,22.17,87.29,1.85,16.58,16.19,37.56
2019-08-21,Krishnagiri,12.5266,78.2138,Semi-arid,23.36,26.79,21.14,86.1,3.36,10.44,18.22,37.55
2019-08-22,Krishnagiri,12.5266,78.2138,Semi-arid,23.19,27.32,20.27,84.23,2.98,1.46,14.46,37.53
2019-08-23,Krishnagiri,12.5266,78.2138,Semi-arid,23.2,27.33,19.86,82.93,3.83,2.49,20.64,37.51
2019-08-24,Krishnagiri,12.5266,78.2138,Semi-arid,23.4,28.06,19.19,81.5,3.32,0.06,20.89,37.5
2019-08-25,Krishnagiri,12.5266,78.2138,Semi-arid,23.55,28.8,19.57,78.68,3.47,0.68,20.43,37.48
2019-08-26,Krishnagiri,12.5266,78.2138,Semi-arid,24.33,30.72,19.13,75.84,3.59,0.48,18.84,37.46
2019-08-27,Krishnagiri,12.5266,78.2138,Semi-arid,24.34,30.08,19.27,75.59,3.08,0.06,19.99,37.44
2019-08-28,Krishnagiri,12.5266,78.2138,Semi-arid,24.59,30.92,20.33,75.73,3.13,1.62,22.05,37.41
2019-08-29,Krishnagiri,12.5266,78.2138,Semi-arid,24.71,29.81,20.8,80.07,2.74,9.4,22.34,37.39
2019-08-30,Krishnagiri,12.5266,78.2138,Semi-arid,24.21,29.31,20.74,77.5,3.9,0.56,21.76,37.36
2019-08-31,Krishnagiri,12.5266,78.2138,Semi-arid,24.5,29.66,20.92,78.08,3.74,0.3,15.13,37.34
2019-09-01,Krishnagiri,12.5266,78.2138,Semi-arid,23.49,27.78,20.41,81.9,3.21,1.12,12.53,37.31
2019-09-02,Krishnagiri,12.5266,78.2138,Semi-arid,23.62,28.15,20.54,81.94,3.23,4.81,14.56,37.28
2019-09-03,Krishnagiri,12.5266,78.2138,Semi-arid,24.3,30.22,19.55,80.29,3.57,6.84,14.64,37.25
2019-09-04,Krishnagiri,12.5266,78.2138,Semi-arid,23.91,29.82,20.46,77.92,4.2,1.04,16.54,37.21
2019-09-05,Krishnagiri,12.5266,78.2138,Semi-arid,24.48,30.56,20.33,76.77,4.49,1.63,16.78,37.18
2019-09-06,Krishnagiri,12.5266,78.2138,Semi-arid,24.85,29.86,20.67,78.93,4.28,1.29,17.08,37.14
2019-09-07,Krishnagiri,12.5266,78.2138,Semi-arid,24.89,30.63,20.71,76.93,4.23,0.57,18.56,37.11
2019-09-08,Krishnagiri,12.5266,78.2138,Semi-arid,25.04,31.11,21.21,76.01,3.89,0.35,17.93,37.07
2019-09-09,Krishnagiri,12.5266,78.2138,Semi-arid,24.69,29.78,20.09,76.54,3.6,0.05,18.14,37.02
2019-09-10,Krishnagiri,12.5266,78.2138,Semi-arid,25.85,31.26,20.89,76.43,2.69,0.77,21.53,36.98
2019-09-11,Krishnagiri,12.5266,78.2138,Semi-arid,25.32,30.42,21.59,79.79,2.72,2.91,15.78,36.94
2019-09-12,Krishnagiri,12.5266,78.2138,Semi-arid,24.2,28.53,21.32,83.51,2.7,7.13,20.61,36.89
2019-09-13,Krishnagiri,12.5266,78.2138,Semi-arid,24.32,28.92,20.6,81.57,2.26,5.61,19.85,36.84
2019-09-14,Krishnagiri,12.5266,78.2138,Semi-arid,24.79,30.41,20.05,78.97,2.26,3.33,20.88,36.79
2019-09-15,Krishnagiri,12.5266,78.2138,Semi-arid,24.74,29.75,21.61,78.62,2.5,2.37,20.35,36.74
2019-09-16,Krishnagiri,12.5266,78.2138,Semi-arid,25.24,31.4,21.26,77.84,3.11,13.45,17.36,36.69
2019-09-17,Krishnagiri,12.5266,78.2138,Semi-arid,24.14,28.78,20.84,83.69,1.96,10.24,16.02,36.64
2019-09-18,Krishnagiri,12.5266,78.2138,Semi-arid,24.98,30.05,21.58,82.16,1.99,7.09,13.88,36.58
2019-09-19,Krishnagiri,12.5266,78.2138,Semi-arid,23.59,26.93,21.15,85.23,2.34,3.23,14.98,36.52
2019-09-20,Krishnagiri,12.5266,78.2138,Semi-arid,24.06,28.35,19.78,77.25,1.86,0.54,17.44,36.46
2019-09-21,Krishnagiri,12.5266,78.2138,Semi-arid,25.26,30.57,20.71,79.11,1.34,1.02,20.15,36.4
2019-09-22,Krishnagiri,12.5266,78.2138,Semi-arid,23.78,25.75,22.08,91.19,0.98,33.08,15.34,36.34
2019-09-23,Krishnagiri,12.5266,78.2138,Semi-arid,24.37,28.48,21.03,87.39,1.09,29.03,19.96,36.27
2019-09-24,Krishnagiri,12.5266,78.2138,Semi-arid,24.26,27.57,21.78,87.46,1.71,32.7,19.47,36.21
2019-09-25,Krishnagiri,12.5266,78.2138,Semi-arid,23.39,26.25,21.53,91.74,2.89,20.94,16.79,36.14
2019-09-26,Krishnagiri,12.5266,78.2138,Semi-arid,23.16,26.01,21.14,87.43,2.34,3.37,18.57,36.07
2019-09-27,Krishnagiri,12.5266,78.2138,Semi-arid,24.0,28.98,20.25,80.46,1.36,1.0,22.65,36.0
2019-09-28,Krishnagiri,12.5266,78.2138,Semi-arid,23.88,28.83,20.2,84.73,1.45,1.08,21.0,35.92
2019-09-29,Krishnagiri,12.5266,78.2138,Semi-arid,23.54,27.81,20.42,83.85,1.79,0.21,22.14,35.85
2019-09-30,Krishnagiri,12.5266,78.2138,Semi-arid,22.16,25.8,19.35,85.93,1.55,0.18,20.11,35.77
2019-10-01,Krishnagiri,12.5266,78.2138,Semi-arid,23.85,28.18,19.04,81.11,0.9,9.56,21.66,35.7
2019-10-02,Krishnagiri,12.5266,78.2138,Semi-arid,24.57,29.89,20.34,81.47,1.02,8.57,23.23,35.62
2019-10-03,Krishnagiri,12.5266,78.2138,Semi-arid,24.6,29.81,20.34,82.31,1.12,4.9,22.02,35.54
2019-10-04,Krishnagiri,12.5266,78.2138,Semi-arid,24.67,28.9,21.54,84.56,1.07,10.04,21.43,35.46
2019-10-05,Krishnagiri,12.5266,78.2138,Semi-arid,23.56,26.63,21.51,89.54,1.24,7.87,21.92,35.37
2019-10-06,Krishnagiri,12.5266,78.2138,Semi-arid,23.85,27.48,20.66,86.48,1.19,1.65,20.27,35.29
2019-10-07,Krishnagiri,12.5266,78.2138,Semi-arid,24.12,27.74,20.88,87.03,1.1,19.0,20.27,35.2
2019-10-08,Krishnagiri,12.5266,78.2138,Semi-arid,24.71,28.96,21.27,84.22,0.86,8.56,21.48,35.12
2019-10-09,Krishnagiri,12.5266,78.2138,Semi-arid,24.35,28.05,21.35,87.91,1.86,2.61,20.44,35.03
2019-10-10,Krishnagiri,12.5266,78.2138,Semi-arid,23.79,26.8,21.54,87.79,1.81,0.56,18.44,34.94
2019-10-11,Krishnagiri,12.5266,78.2138,Semi-arid,23.9,27.73,20.64,86.94,1.43,0.8,19.1,34.85
2019-10-12,Krishnagiri,12.5266,78.2138,Semi-arid,24.04,28.49,20.69,85.33,1.49,0.64,21.68,34.76
2019-10-13,Krishnagiri,12.5266,78.2138,Semi-arid,23.97,28.24,20.79,87.57,1.53,1.53,20.86,34.67
2019-10-14,Krishnagiri,12.5266,78.2138,Semi-arid,23.79,27.53,21.32,87.92,1.47,0.19,22.9,34.57
2019-10-15,Krishnagiri,12.5266,78.2138,Semi-arid,23.6,27.2,21.06,89.62,1.84,1.88,17.41,34.48
2019-10-16,Krishnagiri,12.5266,78.2138,Semi-arid,23.1,26.17,20.87,90.09,2.01,13.71,16.17,34.39
2019-10-17,Krishnagiri,12.5266,78.2138,Semi-arid,22.97,27.08,20.02,87.93,1.89,4.11,12.06,34.29
2019-10-18,Krishnagiri,12.5266,78.2138,Semi-arid,23.08,26.7,20.44,89.87,1.73,11.39,15.09,34.19
2019-10-19,Krishnagiri,12.5266,78.2138,Semi-arid,22.94,26.54,20.32,90.21,1.87,4.75,16.28,34.09
2019-10-20,Krishnagiri,12.5266,78.2138,Semi-arid,22.9,26.84,20.43,89.9,2.14,7.63,15.68,33.99
2019-10-21,Krishnagiri,12.5266,78.2138,Semi-arid,22.5,25.8,20.21,90.21,1.59,10.72,12.16,33.9
2019-10-22,Krishnagiri,12.5266,78.2138,Semi-arid,23.62,28.07,20.27,86.68,1.48,26.02,9.62,33.79
2019-10-23,Krishnagiri,12.5266,78.2138,Semi-arid,23.21,27.2,20.27,87.27,2.1,2.3,18.36,33.69
2019-10-24,Krishnagiri,12.5266,78.2138,Semi-arid,23.0,27.63,19.54,87.25,2.43,0.06,16.63,33.59
2019-10-25,Krishnagiri,12.5266,78.2138,Semi-arid,22.29,25.67,20.03,89.09,1.69,4.73,16.23,33.49
2019-10-26,Krishnagiri,12.5266,78.2138,Semi-arid,22.68,26.76,19.5,88.14,1.58,0.68,17.98,33.39
2019-10-27,Krishnagiri,12.5266,78.2138,Semi-arid,23.19,27.21,20.25,86.69,1.02,9.96,18.21,33.29
2019-10-28,Krishnagiri,12.5266,78.2138,Semi-arid,22.45,25.53,20.02,90.47,1.81,2.97,14.05,33.19
2019-10-29,Krishnagiri,12.5266,78.2138,Semi-arid,21.47,23.99,19.87,88.08,2.65,6.25,10.73,33.09
2019-10-30,Krishnagiri,12.5266,78.2138,Semi-arid,22.41,25.53,20.42,92.54,3.13,7.56,10.96,32.98
2019-10-31,Krishnagiri,12.5266,78.2138,Semi-arid,22.59,25.79,20.66,91.69,2.51,2.26,12.98,32.88
2019-11-01,Krishnagiri,12.5266,78.2138,Semi-arid,23.28,27.3,20.66,87.26,1.27,0.25,18.61,32.78
2019-11-02,Krishnagiri,12.5266,78.2138,Semi-arid,22.87,26.81,20.18,87.54,1.46,0.03,21.11,32.68
2019-11-03,Krishnagiri,12.5266,78.2138,Semi-arid,22.9,27.59,19.58,86.3,1.49,0.07,20.02,32.58
2019-11-04,Krishnagiri,12.5266,78.2138,Semi-arid,22.93,28.8,18.72,81.9,1.39,0.01,20.63,32.48
2019-11-05,Krishnagiri,12.5266,78.2138,Semi-arid,23.48,29.12,18.08,81.33,1.35,0.0,20.43,32.38
2019-11-06,Krishnagiri,12.5266,78.2138,Semi-arid,24.13,29.36,19.88,78.92,0.87,0.01,17.4,32.28
2019-11-07,Krishnagiri,12.5266,78.2138,Semi-arid,23.95,28.57,19.62,81.95,0.38,8.1,16.94,32.18
2019-11-08,Krishnagiri,12.5266,78.2138,Semi-arid,23.86,27.7,20.83,87.46,0.82,7.44,14.69,32.08
2019-11-09,Krishnagiri,12.5266,78.2138,Semi-arid,23.73,27.63,20.88,89.5,1.19,13.45,15.81,31.98
2019-11-10,Krishnagiri,12.5266,78.2138,Semi-arid,24.33,28.24,21.25,81.84,1.04,6.75,16.54,31.89
2019-11-11,Krishnagiri,12.5266,78.2138,Semi-arid,22.23,26.54,18.41,84.18,1.39,0.04,18.32,31.79
2019-11-12,Krishnagiri,12.5266,78.2138,Semi-arid,21.91,26.04,18.69,87.46,1.85,0.02,19.56,31.7
2019-11-13,Krishnagiri,12.5266,78.2138,Semi-arid,22.06,27.09,17.87,87.25,2.18,0.02,20.3,31.6
2019-11-14,Krishnagiri,12.5266,78.2138,Semi-arid,22.61,27.28,18.46,89.22,2.22,5.3,11.47,31.51
2019-11-15,Krishnagiri,12.5266,78.2138,Semi-arid,22.93,27.39,19.57,88.68,1.87,0.71,14.23,31.42
2019-11-16,Krishnagiri,12.5266,78.2138,Semi-arid,23.09,27.65,19.92,87.27,2.08,0.45,16.62,31.33
2019-11-17,Krishnagiri,12.5266,78.2138,Semi-arid,22.48,27.56,18.35,83.47,1.75,0.19,21.19,31.24
2019-11-18,Krishnagiri,12.5266,78.2138,Semi-arid,23.25,28.45,18.9,88.74,2.53,0.43,15.21,31.15
2019-11-19,Krishnagiri,12.5266,78.2138,Semi-arid,23.34,28.16,19.63,85.87,1.53,0.16,19.81,31.07
2019-11-20,Krishnagiri,12.5266,78.2138,Semi-arid,22.92,26.55,20.13,90.75,1.93,3.7,12.44,30.98
2019-11-21,Krishnagiri,12.5266,78.2138,Semi-arid,23.28,27.94,20.06,88.1,2.58,1.7,12.83,30.9
2019-11-22,Krishnagiri,12.5266,78.2138,Semi-arid,21.62,26.45,18.0,86.55,2.61,0.13,10.54,30.82
2019-11-23,Krishnagiri,12.5266,78.2138,Semi-arid,20.99,26.49,16.24,86.18,2.71,0.03,17.24,30.74
2019-11-24,Krishnagiri,12.5266,78.2138,Semi-arid,21.62,26.86,17.27,87.43,2.29,0.01,15.77,30.66
2019-11-25,Krishnagiri,12.5266,78.2138,Semi-arid,21.61,26.95,16.99,86.92,2.82,0.0,15.14,30.59
2019-11-26,Krishnagiri,12.5266,78.2138,Semi-arid,21.39,26.5,17.16,86.62,2.74,1.22,19.06,30.51
2019-11-27,Krishnagiri,12.5266,78.2138,Semi-arid,22.31,27.02,18.86,88.39,2.85,3.21,11.9,30.44
2019-11-28,Krishnagiri,12.5266,78.2138,Semi-arid,22.67,26.52,19.75,90.42,2.93,1.43,11.34,30.38
2019-11-29,Krishnagiri,12.5266,78.2138,Semi-arid,23.04,27.34,20.32,87.88,3.11,0.83,14.45,30.31
2019-11-30,Krishnagiri,12.5266,78.2138,Semi-arid,22.66,27.0,19.08,91.35,2.95,2.26,7.21,30.25
2019-12-01,Krishnagiri,12.5266,78.2138,Semi-arid,22.93,25.92,20.93,91.1,3.03,10.07,7.1,30.19
2019-12-02,Krishnagiri,12.5266,78.2138,Semi-arid,22.0,25.18,20.05,90.08,2.42,1.65,10.94,30.13
2019-12-03,Krishnagiri,12.5266,78.2138,Semi-arid,21.87,25.96,19.36,88.11,2.87,0.71,11.51,30.07
2019-12-04,Krishnagiri,12.5266,78.2138,Semi-arid,21.81,26.62,18.46,86.32,3.32,0.03,11.72,30.02
2019-12-05,Krishnagiri,12.5266,78.2138,Semi-arid,20.81,26.04,17.31,85.5,3.09,0.0,13.98,29.97
2019-12-06,Krishnagiri,12.5266,78.2138,Semi-arid,20.21,25.53,16.17,84.7,2.77,0.0,13.81,29.93
2019-12-07,Krishnagiri,12.5266,78.2138,Semi-arid,21.31,27.55,16.89,86.69,2.94,0.23,8.25,29.88
2019-12-08,Krishnagiri,12.5266,78.2138,Semi-arid,21.64,27.01,17.79,85.49,2.68,0.05,10.27,29.84
2019-12-09,Krishnagiri,12.5266,78.2138,Semi-arid,21.05,26.3,17.16,83.94,2.5,0.01,18.66,29.8
2019-12-10,Krishnagiri,12.5266,78.2138,Semi-arid,20.76,26.71,15.7,83.59,2.09,0.0,16.42,29.77
2019-12-11,Krishnagiri,12.5266,78.2138,Semi-arid,21.36,27.63,16.64,80.53,1.8,0.0,19.48,29.73
2019-12-12,Krishnagiri,12.5266,78.2138,Semi-arid,21.37,27.96,15.72,81.21,1.83,0.01,17.81,29.7
2019-12-13,Krishnagiri,12.5266,78.2138,Semi-arid,22.37,28.14,17.52,83.17,2.1,0.15,13.2,29.68
2019-12-14,Krishnagiri,12.5266,78.2138,Semi-arid,21.96,26.15,19.3,88.42,2.62,4.27,6.98,29.66
2019-12-15,Krishnagiri,12.5266,78.2138,Semi-arid,21.76,27.33,18.23,83.45,2.4,0.18,15.15,29.64
2019-12-16,Krishnagiri,12.5266,78.2138,Semi-arid,21.93,27.9,17.02,83.74,2.4,0.29,16.76,29.62
2019-12-17,Krishnagiri,12.5266,78.2138,Semi-arid,21.72,27.28,18.03,80.53,2.99,0.05,13.79,29.6
2019-12-18,Krishnagiri,12.5266,78.2138,Semi-arid,21.96,28.17,16.73,81.86,2.97,0.0,13.86,29.59
2019-12-19,Krishnagiri,12.5266,78.2138,Semi-arid,21.77,28.08,17.69,81.2,2.81,0.0,13.11,29.59
2019-12-20,Krishnagiri,12.5266,78.2138,Semi-arid,21.69,28.01,17.06,81.68,2.24,0.0,12.73,29.58
2019-12-21,Krishnagiri,12.5266,78.2138,Semi-arid,22.11,28.36,17.85,80.99,2.24,0.0,14.77,29.58
2019-12-22,Krishnagiri,12.5266,78.2138,Semi-arid,22.12,28.53,18.27,79.04,2.08,0.0,17.26,29.58
2019-12-23,Krishnagiri,12.5266,78.2138,Semi-arid,21.45,28.38,16.4,76.45,2.15,0.0,14.62,29.59
2019-12-24,Krishnagiri,12.5266,78.2138,Semi-arid,22.12,28.89,16.1,80.85,2.12,0.4,11.01,29.6
2019-12-25,Krishnagiri,12.5266,78.2138,Semi-arid,23.05,29.12,19.18,80.91,2.55,0.08,7.8,29.61
2019-12-26,Krishnagiri,12.5266,78.2138,Semi-arid,23.37,30.91,18.45,75.57,1.72,0.01,17.87,29.62
2019-12-27,Krishnagiri,12.5266,78.2138,Semi-arid,22.81,30.84,17.89,74.6,1.83,0.0,17.85,29.64
2019-12-28,Krishnagiri,12.5266,78.2138,Semi-arid,22.18,28.79,17.36,77.84,2.23,0.0,17.82,29.67
2019-12-29,Krishnagiri,12.5266,78.2138,Semi-arid,22.33,28.94,17.71,77.62,2.38,0.0,16.95,29.69
2019-12-30,Krishnagiri,12.5266,78.2138,Semi-arid,22.38,28.67,17.69,78.12,2.28,0.06,15.29,29.72
2019-12-31,Krishnagiri,12.5266,78.2138,Semi-arid,22.9,29.25,18.19,79.07,2.3,0.06,15.0,29.75
2020-01-01,Krishnagiri,12.5266,78.2138,Semi-arid,23.19,29.78,18.2,80.09,2.4,0.1,9.58,29.79
2020-01-02,Krishnagiri,12.5266,78.2138,Semi-arid,23.89,30.32,19.11,77.45,1.94,0.0,15.11,29.83
2020-01-03,Krishnagiri,12.5266,78.2138,Semi-arid,24.35,31.49,19.08,75.06,1.72,0.0,18.63,29.87
2020-01-04,Krishnagiri,12.5266,78.2138,Semi-arid,24.98,31.78,20.27,75.18,1.22,0.0,17.86,29.91
2020-01-05,Krishnagiri,12.5266,78.2138,Semi-arid,24.44,30.41,20.55,78.15,2.24,0.01,15.83,29.96
2020-01-06,Krishnagiri,12.5266,78.2138,Semi-arid,23.56,29.67,19.66,77.65,3.01,0.09,12.45,30.01
2020-01-07,Krishnagiri,12.5266,78.2138,Semi-arid,22.95,29.8,18.1,75.94,2.67,0.03,16.84,30.07
2020-01-08,Krishnagiri,12.5266,78.2138,Semi-arid,22.92,30.36,17.69,73.29,1.95,0.0,19.67,30.12
2020-01-09,Krishnagiri,12.5266,78.2138,Semi-arid,22.73,30.89,17.01,71.78,1.76,0.0,20.27,30.18
2020-01-10,Krishnagiri,12.5266,78.2138,Semi-arid,21.9,29.01,16.81,75.43,2.72,0.0,19.07,30.25
2020-01-11,Krishnagiri,12.5266,78.2138,Semi-arid,21.18,29.22,15.24,71.18,2.52,0.0,20.41,30.31
2020-01-12,Krishnagiri,12.5266,78.2138,Semi-arid,21.88,29.48,16.52,74.15,2.43,0.0,16.43,30.38
2020-01-13,Krishnagiri,12.5266,78.2138,Semi-arid,22.33,30.48,16.96,71.86,1.54,0.0,18.51,30.44
2020-01-14,Krishnagiri,12.5266,78.2138,Semi-arid,21.73,30.99,15.57,65.1,1.66,0.0,20.13,30.52
2020-01-15,Krishnagiri,12.5266,78.2138,Semi-arid,20.47,29.65,13.74,66.85,2.02,0.0,21.93,30.59
2020-01-16,Krishnagiri,12.5266,78.2138,Semi-arid,20.91,29.78,13.57,69.26,1.84,0.0,21.94,30.67
2020-01-17,Krishnagiri,12.5266,78.2138,Semi-arid,22.41,30.97,15.63,70.76,2.09,0.0,21.37,30.75
2020-01-18,Krishnagiri,12.5266,78.2138,Semi-arid,23.63,30.99,18.43,77.07,2.85,0.27,7.8,30.83
2020-01-19,Krishnagiri,12.5266,78.2138,Semi-arid,23.79,31.02,19.03,73.52,2.51,0.05,19.2,30.91
2020-01-20,Krishnagiri,12.5266,78.2138,Semi-arid,23.46,31.83,17.61,66.16,2.51,0.0,21.5,30.99
2020-01-21,Krishnagiri,12.5266,78.2138,Semi-arid,22.42,31.27,15.76,64.64,2.72,0.0,21.91,31.08
2020-01-22,Krishnagiri,12.5266,78.2138,Semi-arid,22.63,31.41,15.92,69.48,3.24,0.0,19.97,31.17
2020-01-23,Krishnagiri,12.5266,78.2138,Semi-arid,23.22,31.68,17.3,68.68,2.98,0.0,17.7,31.26
2020-01-24,Krishnagiri,12.5266,78.2138,Semi-arid,22.51,32.01,15.95,58.64,2.5,0.0,21.49,31.35
2020-01-25,Krishnagiri,12.5266,78.2138,Semi-arid,21.75,32.38,13.7,51.85,1.95,0.0,22.98,31.45
2020-01-26,Krishnagiri,12.5266,78.2138,Semi-arid,22.69,33.29,14.78,58.1,1.7,0.0,22.56,31.54
2020-01-27,Krishnagiri,12.5266,78.2138,Semi-arid,23.72,33.67,16.21,58.08,1.75,0.0,21.44,31.64
2020-01-28,Krishnagiri,12.5266,78.2138,Semi-arid,24.16,32.9,17.07,62.38,1.94,0.0,21.24,31.74
2020-01-29,Krishnagiri,12.5266,78.2138,Semi-arid,24.57,33.8,17.59,61.58,1.81,0.0,21.94,31.84
2020-01-30,Krishnagiri,12.5266,78.2138,Semi-arid,25.0,34.69,18.01,58.7,1.47,0.0,21.45,31.95
2020-01-31,Krishnagiri,12.5266,78.2138,Semi-arid,24.91,33.84,18.7,60.88,2.02,0.0,22.19,32.05
2020-02-01,Krishnagiri,12.5266,78.2138,Semi-arid,24.07,31.31,18.49,67.21,2.74,0.0,20.01,32.16
2020-02-02,Krishnagiri,12.5266,78.2138,Semi-arid,23.97,31.85,18.74,63.25,3.14,0.0,19.8,32.26
2020-02-03,Krishnagiri,12.5266,78.2138,Semi-arid,23.73,32.29,16.98,62.08,2.76,0.0,22.62,32.37
2020-02-04,Krishnagiri,12.5266,78.2138,Semi-arid,24.02,32.44,17.57,61.87,2.63,0.0,19.85,32.47
2020-02-05,Krishnagiri,12.5266,78.2138,Semi-arid,24.07,32.74,17.3,61.24,2.47,0.02,22.0,32.58
2020-02-06,Krishnagiri,12.5266,78.2138,Semi-arid,24.26,33.44,17.36,57.66,1.98,0.0,21.69,32.69
2020-02-07,Krishnagiri,12.5266,78.2138,Semi-arid,24.44,32.98,17.35,61.84,2.15,0.0,21.04,32.8
2020-02-08,Krishnagiri,12.5266,78.2138,Semi-arid,25.16,33.34,18.25,59.83,2.08,0.0,18.83,32.91
2020-02-09,Krishnagiri,12.5266,78.2138,Semi-arid,24.53,31.75,19.18,63.48,3.06,0.02,19.56,33.02
2020-02-10,Krishnagiri,12.5266,78.2138,Semi-arid,24.55,32.84,18.62,62.34,3.48,0.01,20.59,33.12
2020-02-11,Krishnagiri,12.5266,78.2138,Semi-arid,24.3,32.7,18.3,60.65,3.6,0.01,21.92,33.23
2020-02-12,Krishnagiri,12.5266,78.2138,Semi-arid,23.84,32.57,16.26,59.03,3.09,0.0,18.07,33.34
2020-02-13,Krishnagiri,12.5266,78.2138,Semi-arid,24.22,33.89,15.25,56.22,2.62,0.0,23.64,33.45
2020-02-14,Krishnagiri,12.5266,78.2138,Semi-arid,24.92,35.08,16.62,53.6,1.6,0.0,22.83,33.56
2020-02-15,Krishnagiri,12.5266,78.2138,Semi-arid,25.48,36.18,17.42,47.34,1.59,0.0,23.66,33.67
2020-02-16,Krishnagiri,12.5266,78.2138,Semi-arid,24.2,34.66,15.86,46.38,2.47,0.0,24.39,33.78
2020-02-17,Krishnagiri,12.5266,78.2138,Semi-arid,23.09,33.92,13.86,47.91,2.39,0.0,25.12,33.89
2020-02-18,Krishnagiri,12.5266,78.2138,Semi-arid,23.88,34.05,15.05,53.75,2.6,0.0,24.76,33.99
2020-02-19,Krishnagiri,12.5266,78.2138,Semi-arid,23.83,32.8,16.59,60.25,2.44,0.0,23.22,34.1
2020-02-20,Krishnagiri,12.5266,78.2138,Semi-arid,23.92,33.7,16.66,55.02,2.82,0.0,24.74,34.21
2020-02-21,Krishnagiri,12.5266,78.2138,Semi-arid,24.27,34.75,15.82,52.82,2.9,0.0,23.95,34.32
2020-02-22,Krishnagiri,12.5266,78.2138,Semi-arid,24.75,34.02,17.38,61.51,3.46,0.0,21.16,34.42
2020-02-23,Krishnagiri,12.5266,78.2138,Semi-arid,25.14,34.15,18.17,58.14,3.3,0.0,20.14,34.53
2020-02-24,Krishnagiri,12.5266,78.2138,Semi-arid,25.65,34.45,19.16,56.54,3.08,0.0,18.94,34.63
2020-02-25,Krishnagiri,12.5266,78.2138,Semi-arid,26.36,35.6,19.19,56.09,2.21,0.0,24.6,34.74
2020-02-26,Krishnagiri,12.5266,78.2138,Semi-arid,26.69,35.12,20.11,57.22,2.69,0.0,21.78,34.84
2020-02-27,Krishnagiri,12.5266,78.2138,Semi-arid,26.71,34.32,20.69,57.15,2.79,0.0,21.4,34.94
2020-02-28,Krishnagiri,12.5266,78.2138,Semi-arid,26.45,34.08,20.73,57.88,3.23,0.0,18.77,35.04
2020-02-29,Krishnagiri,12.5266,78.2138,Semi-arid,26.62,34.97,20.24,56.74,2.83,0.0,21.68,35.14
2020-03-01,Krishnagiri,12.5266,78.2138,Semi-arid,27.06,35.13,20.7,54.97,2.71,0.23,22.31,35.24
2020-03-02,Krishnagiri,12.5266,78.2138,Semi-arid,25.82,32.61,19.3,57.39,1.16,0.38,19.65,35.34
2020-03-03,Krishnagiri,12.5266,78.2138,Semi-arid,28.02,35.86,20.05,49.01,1.4,0.05,20.52,35.44
2020-03-04,Krishnagiri,12.5266,78.2138,Semi-arid,28.4,34.23,22.9,46.42,1.94,0.17,17.45,35.53
2020-03-05,Krishnagiri,12.5266,78.2138,Semi-arid,28.47,35.51,21.68,46.53,2.53,0.07,18.99,35.63
2020-03-06,Krishnagiri,12.5266,78.2138,Semi-arid,27.28,34.66,21.44,54.87,2.77,0.36,17.54,35.72
2020-03-07,Krishnagiri,12.5266,78.2138,Semi-arid,27.07,34.22,21.9,63.03,3.08,0.79,17.1,35.81
2020-03-08,Krishnagiri,12.5266,78.2138,Semi-arid,28.03,35.35,21.87,58.86,2.56,0.03,21.25,35.9
2020-03-09,Krishnagiri,12.5266,78.2138,Semi-arid,28.17,36.23,21.8,53.96,2.4,0.01,21.26,35.99
2020-03-10,Krishnagiri,12.5266,78.2138,Semi-arid,28.1,37.36,20.67,49.13,2.33,0.0,24.91,36.07
2020-03-11,Krishnagiri,12.5266,78.2138,Semi-arid,27.78,36.73,20.27,48.38,1.98,0.0,23.21,36.16
2020-03-12,Krishnagiri,12.5266,78.2138,Semi-arid,27.69,36.92,19.88,47.53,2.24,0.0,25.46,36.24
2020-03-13,Krishnagiri,12.5266,78.2138,Semi-arid,26.94,36.27,18.61,46.23,2.71,0.0,25.93,36.32
2020-03-14,Krishnagiri,12.5266,78.2138,Semi-arid,27.36,36.97,19.12,52.36,2.82,0.0,25.91,36.4
2020-03-15,Krishnagiri,12.5266,78.2138,Semi-arid,27.78,37.02,20.81,53.25,3.14,0.0,25.49,36.47
2020-03-16,Krishnagiri,12.5266,78.2138,Semi-arid,28.21,37.51,20.96,51.79,3.15,0.0,24.76,36.55
2020-03-17,Krishnagiri,12.5266,78.2138,Semi-arid,27.49,36.88,20.06,50.68,3.19,0.0,25.8,36.62
2020-03-18,Krishnagiri,12.5266,78.2138,Semi-arid,27.31,37.26,17.95,47.37,2.57,0.0,26.23,36.7
2020-03-19,Krishnagiri,12.5266,78.2138,Semi-arid,28.21,38.03,18.95,42.56,1.73,0.0,26.34,36.76
2020-03-20,Krishnagiri,12.5266,78.2138,Semi-arid,28.35,36.8,20.42,48.47,1.64,2.08,22.75,36.83
2020-03-21,Krishnagiri,12.5266,78.2138,Semi-arid,28.85,35.92,21.98,48.4,1.87,0.12,22.28,36.9
2020-03-22,Krishnagiri,12.5266,78.2138,Semi-arid,29.45,37.0,21.4,42.31,1.87,0.0,24.43,36.96
2020-03-23,Krishnagiri,12.5266,78.2138,Semi-arid,28.85,36.0,23.4,47.23,2.34,2.78,22.31,37.03
2020-03-24,Krishnagiri,12.5266,78.2138,Semi-arid,28.56,37.2,21.33,46.57,2.44,0.1,25.15,37.09
2020-03-25,Krishnagiri,12.5266,78.2138,Semi-arid,28.04,36.54,20.14,49.61,2.6,0.0,23.89,37.15
2020-03-26,Krishnagiri,12.5266,78.2138,Semi-arid,27.82,36.65,20.09,49.61,2.85,0.0,25.11,37.2
2020-03-27,Krishnagiri,12.5266,78.2138,Semi-arid,27.53,36.57,20.2,51.84,2.78,0.0,26.1,37.26
2020-03-28,Krishnagiri,12.5266,78.2138,Semi-arid,27.53,37.34,19.13,42.32,2.15,0.0,26.65,37.31
2020-03-29,Krishnagiri,12.5266,78.2138,Semi-arid,27.59,37.54,18.35,40.19,2.27,0.0,27.16,37.36
2020-03-30,Krishnagiri,12.5266,78.2138,Semi-arid,27.92,37.47,19.64,36.71,2.76,0.0,27.46,37.41
2020-03-31,Krishnagiri,12.5266,78.2138,Semi-arid,28.09,37.71,19.39,40.64,2.76,0.0,26.4,37.46
2020-04-01,Krishnagiri,12.5266,78.2138,Semi-arid,28.64,37.89,20.01,44.29,2.56,0.0,25.99,37.5
2020-04-02,Krishnagiri,12.5266,78.2138,Semi-arid,29.53,38.69,20.82,42.04,2.65,0.0,25.91,37.55
2020-04-03,Krishnagiri,12.5266,78.2138,Semi-arid,29.07,38.45,20.83,45.69,2.76,0.0,26.36,37.59
2020-04-04,Krishnagiri,12.5266,78.2138,Semi-arid,28.54,38.56,19.59,48.65,2.48,0.0,27.35,37.63
2020-04-05,Krishnagiri,12.5266,78.2138,Semi-arid,30.03,38.46,21.89,52.23,2.87,0.21,24.97,37.67
2020-04-06,Krishnagiri,12.5266,78.2138,Semi-arid,29.95,37.3,23.62,54.16,1.96,2.9,19.61,37.71
2020-04-07,Krishnagiri,12.5266,78.2138,Semi-arid,26.21,29.84,23.8,64.78,1.07,7.96,12.33,37.74
2020-04-08,Krishnagiri,12.5266,78.2138,Semi-arid,28.86,35.61,22.35,53.27,0.93,1.5,21.34,37.77
2020-04-09,Krishnagiri,12.5266,78.2138,Semi-arid,27.67,33.61,22.74,64.05,2.02,11.94,22.53,37.8
2020-04-10,Krishnagiri,12.5266,78.2138,Semi-arid,27.23,35.07,20.82,59.57,2.2,0.83,21.93,37.83
2020-04-11,Krishnagiri,12.5266,78.2138,Semi-arid,27.09,35.21,21.18,59.87,2.39,0.0,24.91,37.86
2020-04-12,Krishnagiri,12.5266,78.2138,Semi-arid,27.75,36.2,20.49,53.52,2.14,0.0,26.98,37.88
2020-04-13,Krishnagiri,12.5266,78.2138,Semi-arid,28.23,36.98,21.36,47.69,2.41,0.0,27.19,37.9
2020-04-14,Krishnagiri,12.5266,78.2138,Semi-arid,27.84,37.39,19.9,45.29,2.73,0.0,27.63,37.93
2020-04-15,Krishnagiri,12.5266,78.2138,Semi-arid,27.9,37.6,19.22,48.12,1.96,0.0,27.86,37.94
2020-04-16,Krishnagiri,12.5266,78.2138,Semi-arid,28.6,37.68,20.05,51.0,2.37,0.0,27.01,37.96
2020-04-17,Krishnagiri,12.5266,78.2138,Semi-arid,29.73,38.41,22.26,51.78,2.59,0.0,25.71,37.98
2020-04-18,Krishnagiri,12.5266,78.2138,Semi-arid,30.1,38.48,22.94,50.71,2.86,0.0,25.81,37.99
2020-04-19,Krishnagiri,12.5266,78.2138,Semi-arid,29.81,38.14,23.25,52.14,3.25,0.0,25.18,38.01
2020-04-20,Krishnagiri,12.5266,78.2138,Semi-arid,29.16,37.86,21.84,51.38,2.83,0.0,27.58,38.02
2020-04-21,Krishnagiri,12.5266,78.2138,Semi-arid,29.44,38.9,20.08,46.54,2.01,0.0,28.07,38.03
2020-04-22,Krishnagiri,12.5266,78.2138,Semi-arid,30.72,38.76,22.07,48.18,2.49,0.0,26.02,38.04
2020-04-23,Krishnagiri,12.5266,78.2138,Semi-arid,31.25,38.04,24.73,48.9,1.88,1.24,23.64,38.05
2020-04-24,Krishnagiri,12.5266,78.2138,Semi-arid,30.26,36.9,24.93,55.6,2.13,3.82,20.37,38.05
2020-04-25,Krishnagiri,12.5266,78.2138,Semi-arid,29.55,35.0,25.12,58.91,1.73,0.29,20.68,38.06
2020-04-26,Krishnagiri,12.5266,78.2138,Semi-arid,29.1,36.0,24.71,60.81,3.32,1.28,16.0,38.06
2020-04-27,Krishnagiri,12.5266,78.2138,Semi-arid,28.11,33.32,24.37,63.43,1.25,0.78,20.84,38.07
2020-04-28,Krishnagiri,12.5266,78.2138,Semi-arid,27.66,34.18,23.61,68.15,2.03,8.53,19.37,38.07
2020-04-29,Krishnagiri,12.5266,78.2138,Semi-arid,25.49,29.49,23.08,76.38,1.71,18.09,12.2,38.07
2020-04-30,Krishnagiri,12.5266,78.2138,Semi-arid,28.21,35.73,21.65,61.72,1.65,0.03,24.95,38.07
2020-05-01,Krishnagiri,12.5266,78.2138,Semi-arid,29.11,36.97,22.07,60.25,1.69,0.6,22.22,38.07
2020-05-02,Krishnagiri,12.5266,78.2138,Semi-arid,30.01,37.22,23.47,56.78,1.49,0.13,21.41,38.07
2020-05-03,Krishnagiri,12.5266,78.2138,Semi-arid,29.83,37.3,23.4,55.53,2.02,0.59,23.33,38.06
2020-05-04,Krishnagiri,12.5266,78.2138,Semi-arid,30.12,38.22,22.71,52.8,2.13,0.14,25.1,38.06
2020-05-05,Krishnagiri,12.5266,78.2138,Semi-arid,30.61,38.21,24.39,50.08,2.39,0.0,26.17,38.05
2020-05-06,Krishnagiri,12.5266,78.2138,Semi-arid,30.29,36.98,23.62,52.97,2.07,0.2,22.24,38.04
2020-05-07,Krishnagiri,12.5266,78.2138,Semi-arid,30.55,36.83,24.53,54.67,1.78,0.41,21.15,38.04
2020-05-08,Krishnagiri,12.5266,78.2138,Semi-arid,30.77,37.85,23.96,51.32,2.47,0.04,22.4,38.03
2020-05-09,Krishnagiri,12.5266,78.2138,Semi-arid,31.05,38.75,24.32,48.69,3.08,0.0,26.54,38.02
2020-05-10,Krishnagiri,12.5266,78.2138,Semi-arid,30.58,38.32,23.55,48.02,2.88,0.0,25.05,38.01
2020-05-11,Krishnagiri,12.5266,78.2138,Semi-arid,29.62,37.21,23.35,51.72,2.69,0.0,22.53,38.0
2020-05-12,Krishnagiri,12.5266,78.2138,Semi-arid,28.04,33.15,23.64,55.81,2.22,0.06,23.22,37.98
2020-05-13,Krishnagiri,12.5266,78.2138,Semi-arid,30.13,38.41,22.45,39.76,2.27,0.14,24.0,37.97
2020-05-14,Krishnagiri,12.5266,78.2138,Semi-arid,30.61,37.32,24.99,51.01,2.77,0.08,25.16,37.96
2020-05-15,Krishnagiri,12.5266,78.2138,Semi-arid,30.78,39.88,24.06,46.92,2.34,0.0,24.92,37.95
2020-05-16,Krishnagiri,12.5266,78.2138,Semi-arid,31.47,39.29,24.4,46.45,2.92,0.01,20.66,37.93
2020-05-17,Krishnagiri,12.5266,78.2138,Semi-arid,30.42,36.71,25.4,52.69,1.86,2.84,17.28,37.92
2020-05-18,Krishnagiri,12.5266,78.2138,Semi-arid,28.56,34.6,24.1,61.25,5.22,2.24,17.31,37.91
2020-05-19,Krishnagiri,12.5266,78.2138,Semi-arid,29.93,36.72,23.99,54.33,5.65,0.02,20.04,37.89
2020-05-20,Krishnagiri,12.5266,78.2138,Semi-arid,30.75,38.14,23.71,50.86,4.3,0.0,21.07,37.88
2020-05-21,Krishnagiri,12.5266,78.2138,Semi-arid,30.61,38.41,24.36,49.04,3.15,0.69,22.18,37.86
2020-05-22,Krishnagiri,12.5266,78.2138,Semi-arid,31.29,40.12,23.5,43.6,3.35,0.01,21.49,37.85
2020-05-23,Krishnagiri,12.5266,78.2138,Semi-arid,32.96,40.61,25.18,37.73,1.95,0.0,22.87,37.84
2020-05-24,Krishnagiri,12.5266,78.2138,Semi-arid,32.41,38.91,27.51,43.63,2.11,4.15,23.03,37.82
2020-05-25,Krishnagiri,12.5266,78.2138,Semi-arid,30.36,36.33,25.25,62.04,1.1,7.07,22.06,37.81
2020-05-26,Krishnagiri,12.5266,78.2138,Semi-arid,30.12,36.26,25.13,61.96,1.2,6.36,22.73,37.79
2020-05-27,Krishnagiri,12.5266,78.2138,Semi-arid,28.93,33.35,24.37,68.62,1.59,8.4,21.15,37.78
2020-05-28,Krishnagiri,12.5266,78.2138,Semi-arid,28.7,34.0,24.3,69.89,1.89,7.78,22.74,37.76
2020-05-29,Krishnagiri,12.5266,78.2138,Semi-arid,27.22,31.53,23.79,73.2,1.82,14.29,22.4,37.75
2020-05-30,Krishnagiri,12.5266,78.2138,Semi-arid,27.9,33.76,23.53,67.84,1.31,1.0,19.76,37.74
2020-05-31,Krishnagiri,12.5266,78.2138,Semi-arid,27.95,33.01,23.89,67.32,2.12,0.28,21.34,37.72
2020-06-01,Krishnagiri,12.5266,78.2138,Semi-arid,26.5,30.55,23.22,76.35,1.92,1.72,19.69,37.71
2020-06-02,Krishnagiri,12.5266,78.2138,Semi-arid,25.92,29.82,22.86,73.67,2.15,0.9,21.15,37.69
2020-06-03,Krishnagiri,12.5266,78.2138,Semi-arid,25.34,29.07,22.44,77.15,2.49,0.09,23.2,37.68
2020-06-04,Krishnagiri,12.5266,78.2138,Semi-arid,25.7,30.2,21.75,74.22,2.89,0.01,22.18,37.67
2020-06-05,Krishnagiri,12.5266,78.2138,Semi-arid,26.71,32.8,21.48,71.07,2.61,1.61,21.84,37.66
2020-06-06,Krishnagiri,12.5266,78.2138,Semi-arid,25.9,32.03,21.59,73.24,2.77,4.36,21.6,37.64
2020-06-07,Krishnagiri,12.5266,78.2138,Semi-arid,27.66,35.48,21.56,63.51,3.5,0.29,20.44,37.63
2020-06-08,Krishnagiri,12.5266,78.2138,Semi-arid,26.97,33.21,22.3,62.4,3.87,0.09,22.93,37.62
2020-06-09,Krishnagiri,12.5266,78.2138,Semi-arid,27.13,33.62,21.35,57.12,3.35,0.01,20.89,37.61
2020-06-10,Krishnagiri,12.5266,78.2138,Semi-arid,26.97,33.82,21.92,64.82,3.9,0.58,16.23,37.6
2020-06-11,Krishnagiri,12.5266,78.2138,Semi-arid,25.69,30.88,22.22,72.35,4.59,2.51,12.49,37.58
2020-06-12,Krishnagiri,12.5266,78.2138,Semi-arid,25.68,31.87,20.85,66.83,5.18,5.88,14.85,37.57
2020-06-13,Krishnagiri,12.5266,78.2138,Semi-arid,26.65,33.88,20.74,61.67,4.7,1.48,20.2,37.56
2020-06-14,Krishnagiri,12.5266,78.2138,Semi-arid,26.23,32.51,21.6,63.6,5.48,0.19,20.23,37.56
2020-06-15,Krishnagiri,12.5266,78.2138,Semi-arid,27.59,34.66,21.9,63.65,4.4,0.52,21.65,37.55
2020-06-16,Krishnagiri,12.5266,78.2138,Semi-arid,27.4,33.68,23.03,66.13,3.98,0.05,19.98,37.54
2020-06-17,Krishnagiri,12.5266,78.2138,Semi-arid,26.48,31.95,22.84,69.7,3.46,0.35,18.14,37.53
2020-06-18,Krishnagiri,12.5266,78.2138,Semi-arid,26.63,33.16,21.88,66.18,4.16,0.37,17.29,37.52
2020-06-19,Krishnagiri,12.5266,78.2138,Semi-arid,26.94,33.32,21.82,63.37,3.96,0.04,20.68,37.52
2020-06-20,Krishnagiri,12.5266,78.2138,Semi-arid,26.52,32.71,21.93,63.49,4.0,0.18,20.35,37.51
2020-06-21,Krishnagiri,12.5266,78.2138,Semi-arid,26.57,32.79,21.5,66.15,3.4,2.08,19.95,37.51
2020-06-22,Krishnagiri,12.5266,78.2138,Semi-arid,26.77,33.39,21.84,63.58,4.18,1.02,21.43,37.5
2020-06-23,Krishnagiri,12.5266,78.2138,Semi-arid,25.96,32.26,20.73,60.03,3.72,2.64,20.3,37.5
2020-06-24,Krishnagiri,12.5266,78.2138,Semi-arid,26.67,33.56,20.92,66.1,2.58,12.14,21.33,37.5
2020-06-25,Krishnagiri,12.5266,78.2138,Semi-arid,25.46,30.6,22.25,77.13,1.38,29.98,19.44,37.5
2020-06-26,Krishnagiri,12.5266,78.2138,Semi-arid,25.99,31.16,22.11,75.48,1.76,7.3,20.16,37.49
2020-06-27,Krishnagiri,12.5266,78.2138,Semi-arid,26.07,29.94,22.21,77.14,1.97,36.61,20.26,37.49
2020-06-28,Krishnagiri,12.5266,78.2138,Semi-arid,25.38,29.14,22.42,83.34,2.35,8.61,16.71,37.49
2020-06-29,Krishnagiri,12.5266,78.2138,Semi-arid,25.5,29.62,22.44,81.92,1.94,3.06,16.72,37.49
2020-06-30,Krishnagiri,12.5266,78.2138,Semi-arid,25.43,30.55,21.93,79.93,2.72,2.5,20.69,37.49
2020-07-01,Krishnagiri,12.5266,78.2138,Semi-arid,25.19,30.16,21.8,75.86,3.06,0.03,16.62,37.49
2020-07-02,Krishnagiri,12.5266,78.2138,Semi-arid,24.39,29.67,20.62,75.2,4.34,5.33,13.8,37.5
2020-07-03,Krishnagiri,12.5266,78.2138,Semi-arid,24.0,28.72,20.36,80.64,4.12,11.23,18.96,37.5
2020-07-04,Krishnagiri,12.5266,78.2138,Semi-arid,25.03,30.46,20.42,73.96,4.56,2.33,17.64,37.5
2020-07-05,Krishnagiri,12.5266,78.2138,Semi-arid,24.01,29.44,20.45,76.57,3.61,1.3,12.46,37.5
2020-07-06,Krishnagiri,12.5266,78.2138,Semi-arid,24.87,30.56,19.88,75.38,3.55,0.54,15.41,37.51
2020-07-07,Krishnagiri,12.5266,78.2138,Semi-arid,24.88,29.42,21.02,75.34,3.9,1.61,22.46,37.51
2020-07-08,Krishnagiri,12.5266,78.2138,Semi-arid,24.61,28.66,21.8,81.06,2.25,8.53,19.6,37.51
2020-07-09,Krishnagiri,12.5266,78.2138,Semi-arid,23.95,27.04,21.38,82.78,2.18,20.76,22.69,37.52
2020-07-10,Krishnagiri,12.5266,78.2138,Semi-arid,24.75,29.93,20.63,78.75,2.37,6.91,14.42,37.52
2020-07-11,Krishnagiri,12.5266,78.2138,Semi-arid,24.42,28.38,21.9,80.47,1.92,1.1,20.33,37.52
2020-07-12,Krishnagiri,12.5266,78.2138,Semi-arid,25.41,30.27,21.3,78.41,2.37,1.1,23.55,37.53
2020-07-13,Krishnagiri,12.5266,78.2138,Semi-arid,24.75,28.32,22.18,79.96,2.26,0.28,17.65,37.53
2020-07-14,Krishnagiri,12.5266,78.2138,Semi-arid,24.39,27.98,21.32,82.94,2.67,0.27,14.52,37.54
2020-07-15,Krishnagiri,12.5266,78.2138,Semi-arid,24.36,28.52,21.04,82.17,3.15,7.05,14.24,37.54
2020-07-16,Krishnagiri,12.5266,78.2138,Semi-arid,24.22,28.67,20.37,81.74,3.13,7.1,14.05,37.55
2020-07-17,Krishnagiri,12.5266,78.2138,Semi-arid,23.91,27.49,21.05,81.68,2.76,0.5,16.15,37.55
2020-07-18,Krishnagiri,12.5266,78.2138,Semi-arid,24.92,30.31,20.74,78.74,1.68,2.1,17.13,37.56
2020-07-19,Krishnagiri,12.5266,78.2138,Semi-arid,24.8,28.55,21.68,80.5,1.89,12.31,19.71,37.57
2020-07-20,Krishnagiri,12.5266,78.2138,Semi-arid,24.6,28.57,21.88,84.97,1.92,13.8,21.18,37.57
2020-07-21,Krishnagiri,12.5266,78.2138,Semi-arid,24.54,28.81,21.08,81.77,1.21,0.97,24.56,37.58
2020-07-22,Krishnagiri,12.5266,78.2138,Semi-arid,24.55,28.36,21.41,82.98,1.61,2.18,22.43,37.58
2020-07-23,Krishnagiri,12.5266,78.2138,Semi-arid,23.78,25.85,21.78,89.69,1.53,11.97,17.86,37.59
2020-07-24,Krishnagiri,12.5266,78.2138,Semi-arid,24.3,27.68,21.2,83.65,1.79,6.26,16.8,37.6
2020-07-25,Krishnagiri,12.5266,78.2138,Semi-arid,24.33,29.5,20.87,79.89,1.44,9.07,22.92,37.6
2020-07-26,Krishnagiri,12.5266,78.2138,Semi-arid,24.02,28.34,20.9,81.15,2.81,0.24,22.67,37.61
2020-07-27,Krishnagiri,12.5266,78.2138,Semi-arid,24.59,29.52,20.29,78.86,3.03,2.32,22.41,37.61
2020-07-28,Krishnagiri,12.5266,78.2138,Semi-arid,24.75,29.1,21.07,82.12,2.56,10.79,22.07,37.62
2020-07-29,Krishnagiri,12.5266,78.2138,Semi-arid,23.82,26.56,21.72,87.74,1.87,8.58,11.85,37.62
2020-07-30,Krishnagiri,12.5266,78.2138,Semi-arid,24.29,28.13,21.46,85.54,2.29,2.49,22.88,37.63
2020-07-31,Krishnagiri,12.5266,78.2138,Semi-arid,24.75,28.92,21.23,82.19,1.98,1.54,21.99,37.64
2020-08-01,Krishnagiri,12.5266,78.2138,Semi-arid,24.23,28.02,21.56,84.6,2.41,9.92,16.7,37.64
2020-08-02,Krishnagiri,12.5266,78.2138,Semi-arid,22.99,26.13,20.35,86.9,3.72,4.46,19.61,37.64
2020-08-03,Krishnagiri,12.5266,78.2138,Semi-arid,24.06,28.45,20.29,82.79,4.34,2.39,12.49,37.64
2020-08-04,Krishnagiri,12.5266,78.2138,Semi-arid,23.82,28.33,21.0,78.09,5.54,3.82,11.83,37.65
2020-08-05,Krishnagiri,12.5266,78.2138,Semi-arid,23.98,28.23,21.0,77.5,6.27,3.47,16.33,37.65
2020-08-06,Krishnagiri,12.5266,78.2138,Semi-arid,25.14,30.01,21.33,80.28,4.26,1.67,16.91,37.65
2020-08-07,Krishnagiri,12.5266,78.2138,Semi-arid,24.99,29.97,21.8,80.93,4.25,0.51,17.72,37.65
2020-08-08,Krishnagiri,12.5266,78.2138,Semi-arid,24.13,28.82,20.96,81.96,3.99,4.54,16.91,37.64
2020-08-09,Krishnagiri,12.5266,78.2138,Semi-arid,23.17,26.7,20.44,85.25,3.8,9.16,13.5,37.64
2020-08-10,Krishnagiri,12.5266,78.2138,Semi-arid,23.52,28.24,19.83,83.87,2.94,0.32,17.42,37.64
2020-08-11,Krishnagiri,12.5266,78.2138,Semi-arid,24.35,28.72,20.83,82.13,3.32,7.53,16.86,37.63
2020-08-12,Krishnagiri,12.5266,78.2138,Semi-arid,24.45,29.63,20.57,80.78,3.66,0.15,14.52,37.63
2020-08-13,Krishnagiri,12.5266,78.2138,Semi-arid,24.4,29.81,20.78,80.39,3.7,0.0,15.59,37.62
2020-08-14,Krishnagiri,12.5266,78.2138,Semi-arid,24.64,30.08,20.47,78.07,3.81,0.01,14.39,37.62
2020-08-15,Krishnagiri,12.5266,78.2138,Semi-arid,24.1,29.42,20.05,79.84,3.52,0.05,12.7,37.61
2020-08-16,Krishnagiri,12.5266,78.2138,Semi-arid,24.62,29.75,20.54,80.04,3.33,0.36,12.6,37.6
2020-08-17,Krishnagiri,12.5266,78.2138,Semi-arid,24.88,30.2,20.58,80.11,2.98,0.78,16.77,37.59
2020-08-18,Krishnagiri,12.5266,78.2138,Semi-arid,25.13,30.71,20.68,79.55,3.25,0.65,16.68,37.58
2020-08-19,Krishnagiri,12.5266,78.2138,Semi-arid,24.76,29.91,20.77,80.53,3.34,0.66,17.0,37.56
2020-08-20,Krishnagiri,12.5266,78.2138,Semi-arid,24.65,30.22,20.64,80.33,3.24,0.04,14.25,37.55
2020-08-21,Krishnagiri,12.5266,78.2138,Semi-arid,25.39,31.52,20.61,78.03,2.64,0.0,19.74,37.54
2020-08-22,Krishnagiri,12.5266,78.2138,Semi-arid,25.24,30.16,21.06,80.1,2.37,8.63,20.28,37.52
2020-08-23,Krishnagiri,12.5266,78.2138,Semi-arid,24.81,29.14,20.88,81.73,2.03,11.64,15.75,37.5
2020-08-24,Krishnagiri,12.5266,78.2138,Semi-arid,24.72,28.73,21.96,80.65,1.56,7.69,18.96,37.49
2020-08-25,Krishnagiri,12.5266,78.2138,Semi-arid,25.39,29.25,21.48,78.44,1.46,0.1,20.89,37.47
2020-08-26,Krishnagiri,12.5266,78.2138,Semi-arid,24.59,28.02,21.61,82.53,1.37,3.67,17.5,37.45
2020-08-27,Krishnagiri,12.5266,78.2138,Semi-arid,24.59,28.55,21.32,78.74,1.95,0.79,21.12,37.43
2020-08-28,Krishnagiri,12.5266,78.2138,Semi-arid,25.47,31.05,20.5,73.34,2.27,0.01,24.86,37.4
2020-08-29,Krishnagiri,12.5266,78.2138,Semi-arid,25.68,30.73,21.34,74.79,2.22,0.0,24.38,37.38
2020-08-30,Krishnagiri,12.5266,78.2138,Semi-arid,25.8,29.12,21.79,77.67,1.72,8.82,23.69,37.35
2020-08-31,Krishnagiri,12.5266,78.2138,Semi-arid,25.17,28.76,22.24,82.37,1.55,9.81,22.65,37.32
2020-09-01,Krishnagiri,12.5266,78.2138,Semi-arid,23.35,24.98,22.11,90.46,2.36,9.41,19.71,37.29
2020-09-02,Krishnagiri,12.5266,78.2138,Semi-arid,23.25,26.04,21.48,90.18,1.66,33.34,13.49,37.26
2020-09-03,Krishnagiri,12.5266,78.2138,Semi-arid,23.89,27.51,20.54,86.45,1.6,5.94,19.41,37.23
2020-09-04,Krishnagiri,12.5266,78.2138,Semi-arid,24.67,28.82,21.09,85.09,1.35,3.27,19.8,37.19
2020-09-05,Krishnagiri,12.5266,78.2138,Semi-arid,24.68,28.5,21.75,85.52,1.51,2.74,17.75,37.16
2020-09-06,Krishnagiri,12.5266,78.2138,Semi-arid,24.71,28.7,21.63,86.78,1.2,2.49,20.34,37.12
2020-09-07,Krishnagiri,12.5266,78.2138,Semi-arid,24.38,28.49,21.09,86.78,1.78,6.26,21.29,37.08
2020-09-08,Krishnagiri,12.5266,78.2138,Semi-arid,24.62,29.55,20.85,81.59,1.3,10.99,18.54,37.04
2020-09-09,Krishnagiri,12.5266,78.2138,Semi-arid,24.29,28.32,21.0,86.1,1.8,24.51,15.33,36.99
2020-09-10,Krishnagiri,12.5266,78.2138,Semi-arid,23.11,26.29,20.66,89.52,1.69,8.71,16.68,36.95
2020-09-11,Krishnagiri,12.5266,78.2138,Semi-arid,23.12,26.65,21.04,86.92,3.13,1.93,16.68,36.9
2020-09-12,Krishnagiri,12.5266,78.2138,Semi-arid,22.89,27.29,19.86,86.93,2.78,3.02,13.63,36.86
2020-09-13,Krishnagiri,12.5266,78.2138,Semi-arid,22.27,27.11,18.95,83.89,3.64,4.87,9.77,36.81
2020-09-14,Krishnagiri,12.5266,78.2138,Semi-arid,23.07,28.85,18.78,80.87,4.12,10.28,14.46,36.76
2020-09-15,Krishnagiri,12.5266,78.2138,Semi-arid,23.88,29.62,18.76,82.6,3.21,1.27,17.11,36.7
2020-09-16,Krishnagiri,12.5266,78.2138,Semi-arid,23.84,28.47,20.73,84.4,3.08,0.03,18.09,36.65
2020-09-17,Krishnagiri,12.5266,78.2138,Semi-arid,24.31,29.8,20.29,82.64,2.96,0.15,18.24,36.59
2020-09-18,Krishnagiri,12.5266,78.2138,Semi-arid,24.11,29.18,20.51,82.74,3.77,1.9,15.77,36.53
2020-09-19,Krishnagiri,12.5266,78.2138,Semi-arid,23.63,28.55,20.49,84.45,3.63,7.48,12.71,36.48
2020-09-20,Krishnagiri,12.5266,78.2138,Semi-arid,22.23,26.48,18.71,82.56,5.31,4.12,10.02,36.41
2020-09-21,Krishnagiri,12.5266,78.2138,Semi-arid,22.9,27.36,19.61,81.61,4.69,1.88,13.91,36.35
2020-09-22,Krishnagiri,12.5266,78.2138,Semi-arid,22.35,27.92,18.9,77.6,4.28,0.43,16.47,36.29
2020-09-23,Krishnagiri,12.5266,78.2138,Semi-arid,23.38,29.75,17.43,79.22,3.1,0.08,22.58,36.22
2020-09-24,Krishnagiri,12.5266,78.2138,Semi-arid,24.09,28.95,19.95,80.72,2.58,0.02,23.23,36.16
2020-09-25,Krishnagiri,12.5266,78.2138,Semi-arid,23.15,26.55,19.78,83.3,1.58,5.73,18.18,36.09
2020-09-26,Krishnagiri,12.5266,78.2138,Semi-arid,22.09,25.2,19.85,87.51,2.55,0.64,11.63,36.02
2020-09-27,Krishnagiri,12.5266,78.2138,Semi-arid,23.33,28.35,19.33,83.99,1.85,0.56,17.61,35.95
2020-09-28,Krishnagiri,12.5266,78.2138,Semi-arid,24.62,29.12,20.19,81.37,1.62,1.06,18.6,35.88
2020-09-29,Krishnagiri,12.5266,78.2138,Semi-arid,24.01,27.44,21.3,88.6,2.01,44.15,17.62,35.8
2020-09-30,Krishnagiri,12.5266,78.2138,Semi-arid,22.97,26.16,20.88,88.82,2.53,4.79,14.71,35.72
2020-10-01,Krishnagiri,12.5266,78.2138,Semi-arid,23.27,28.25,19.89,81.92,2.8,0.09,18.06,35.65
2020-10-02,Krishnagiri,12.5266,78.2138,Semi-arid,24.24,29.81,18.73,79.98,1.81,3.08,20.59,35.57
2020-10-03,Krishnagiri,12.5266,78.2138,Semi-arid,23.41,27.42,21.06,86.01,2.93,8.82,18.9,35.48
2020-10-04,Krishnagiri,12.5266,78.2138,Semi-arid,23.07,27.97,20.08,84.08,2.69,0.98,17.02,35.4
2020-10-05,Krishnagiri,12.5266,78.2138,Semi-arid,24.04,29.69,19.9,79.83,2.64,0.09,20.39,35.32
2020-10-06,Krishnagiri,12.5266,78.2138,Semi-arid,24.93,30.15,19.4,77.43,1.88,3.74,21.87,35.23
2020-10-07,Krishnagiri,12.5266,78.2138,Semi-arid,25.24,29.75,21.45,81.29,1.44,7.13,20.51,35.14
2020-10-08,Krishnagiri,12.5266,78.2138,Semi-arid,24.5,28.67,20.51,81.82,1.23,5.8,20.47,35.05
2020-10-09,Krishnagiri,12.5266,78.2138,Semi-arid,24.15,27.63,21.85,84.47,0.82,21.22,18.11,34.97
2020-10-10,Krishnagiri,12.5266,78.2138,Semi-arid,23.76,27.32,20.89,88.66,1.8,26.02,17.62,34.87
2020-10-11,Krishnagiri,12.5266,78.2138,Semi-arid,22.59,25.4,20.76,88.88,2.56,3.5,12.87,34.78
2020-10-12,Krishnagiri,12.5266,78.2138,Semi-arid,23.0,27.95,19.42,86.24,3.04,10.14,15.15,34.69
2020-10-13,Krishnagiri,12.5266,78.2138,Semi-arid,22.73,26.53,19.98,88.37,3.41,6.97,14.44,34.6
2020-10-14,Krishnagiri,12.5266,78.2138,Semi-arid,22.75,28.05,19.3,82.64,3.57,0.9,19.32,34.5
2020-10-15,Krishnagiri,12.5266,78.2138,Semi-arid,22.8,27.63,19.05,85.61,2.41,0.35,20.61,34.41
2020-10-16,Krishnagiri,12.5266,78.2138,Semi-arid,23.28,28.5,19.52,84.48,1.89,0.35,21.0,34.31
2020-10-17,Krishnagiri,12.5266,78.2138,Semi-arid,22.79,26.97,19.48,84.95,1.59,2.58,15.12,34.22
2020-10-18,Krishnagiri,12.5266,78.2138,Semi-arid,23.56,28.33,19.06,83.35,1.15,10.4,9.97,34.12
2020-10-19,Krishnagiri,12.5266,78.2138,Semi-arid,22.86,25.57,20.89,91.41,1.36,18.85,11.73,34.02
2020-10-20,Krishnagiri,12.5266,78.2138,Semi-arid,23.39,26.38,20.73,88.15,1.2,18.55,9.44,33.92
2020-10-21,Krishnagiri,12.5266,78.2138,Semi-arid,23.39,26.89,20.96,90.11,1.22,12.91,14.37,33.82
2020-10-22,Krishnagiri,12.5266,78.2138,Semi-arid,23.41,27.29,20.07,88.55,1.57,9.6,16.99,33.72
2020-10-23,Krishnagiri,12.5266,78.2138,Semi-arid,23.51,27.13,20.95,89.61,1.35,3.02,15.23,33.62
2020-10-24,Krishnagiri,12.5266,78.2138,Semi-arid,23.82,28.02,20.62,86.8,1.51,4.01,10.63,33.52
2020-10-25,Krishnagiri,12.5266,78.2138,Semi-arid,24.03,27.92,19.99,79.75,0.74,1.07,16.4,33.42
2020-10-26,Krishnagiri,12.5266,78.2138,Semi-arid,24.05,28.42,20.08,81.56,1.08,0.09,20.09,33.32
2020-10-27,Krishnagiri,12.5266,78.2138,Semi-arid,22.91,28.2,18.47,83.72,1.54,0.0,18.4,33.22
2020-10-28,Krishnagiri,12.5266,78.2138,Semi-arid,22.71,27.87,18.42,83.63,1.83,0.02,20.4,33.12
2020-10-29,Krishnagiri,12.5266,78.2138,Semi-arid,22.15,26.96,18.13,86.32,1.92,0.63,11.86,33.01
2020-10-30,Krishnagiri,12.5266,78.2138,Semi-arid,22.59,27.69,18.16,82.12,1.63,0.08,18.67,32.91
2020-10-31,Krishnagiri,12.5266,78.2138,Semi-arid,23.37,28.65,19.22,76.85,1.09,0.0,20.2,32.81
2020-11-01,Krishnagiri,12.5266,78.2138,Semi-arid,23.38,28.82,18.44,79.5,0.98,0.04,20.18,32.71
2020-11-02,Krishnagiri,12.5266,78.2138,Semi-arid,23.68,28.41,20.07,83.54,0.96,0.95,18.22,32.61
2020-11-03,Krishnagiri,12.5266,78.2138,Semi-arid,23.34,27.97,19.74,85.52,1.5,0.03,18.43,32.51
2020-11-04,Krishnagiri,12.5266,78.2138,Semi-arid,23.97,28.3,20.22,86.86,1.61,0.1,15.22,32.41
2020-11-05,Krishnagiri,12.5266,78.2138,Semi-arid,23.76,28.15,20.44,85.04,1.9,4.93,17.4,32.3
2020-11-06,Krishnagiri,12.5266,78.2138,Semi-arid,23.24,28.05,19.49,86.03,1.69,4.38,18.09,32.2
2020-11-07,Krishnagiri,12.5266,78.2138,Semi-arid,23.58,28.1,20.18,87.64,1.86,0.61,18.25,32.1
2020-11-08,Krishnagiri,12.5266,78.2138,Semi-arid,22.99,26.82,20.16,89.26,2.45,1.74,13.67,32.01
2020-11-09,Krishnagiri,12.5266,78.2138,Semi-arid,22.15,27.86,17.99,85.04,2.03,0.06,19.12,31.91
2020-11-10,Krishnagiri,12.5266,78.2138,Semi-arid,19.91,26.37,14.45,80.71,2.0,0.0,20.48,31.82
2020-11-11,Krishnagiri,12.5266,78.2138,Semi-arid,21.23,27.45,15.06,85.61,2.54,1.34,16.11,31.72
2020-11-12,Krishnagiri,12.5266,78.2138,Semi-arid,22.49,25.63,20.15,92.13,2.55,5.18,16.11,31.63
2020-11-13,Krishnagiri,12.5266,78.2138,Semi-arid,22.83,26.51,20.6,90.42,2.36,9.11,9.03,31.54
2020-11-14,Krishnagiri,12.5266,78.2138,Semi-arid,22.78,27.25,19.68,88.72,2.75,1.07,16.8,31.44
2020-11-15,Krishnagiri,12.5266,78.2138,Semi-arid,22.99,27.43,19.52,91.45,2.94,7.64,8.68,31.35
2020-11-16,Krishnagiri,12.5266,78.2138,Semi-arid,22.76,26.0,20.95,91.3,2.48,13.05,6.97,31.26
2020-11-17,Krishnagiri,12.5266,78.2138,Semi-arid,22.35,26.76,19.03,89.4,2.45,3.1,12.4,31.17
2020-11-18,Krishnagiri,12.5266,78.2138,Semi-arid,22.77,27.18,19.92,87.99,1.96,0.7,15.88,31.09
2020-11-19,Krishnagiri,12.5266,78.2138,Semi-arid,22.28,26.9,18.64,87.57,2.05,0.09,16.83,31.01
2020-11-20,Krishnagiri,12.5266,78.2138,Semi-arid,21.86,26.95,17.87,85.35,1.96,0.0,19.74,30.92
2020-11-21,Krishnagiri,12.5266,78.2138,Semi-arid,20.31,26.48,15.92,79.94,1.54,0.0,22.26,30.84
2020-11-22,Krishnagiri,12.5266,78.2138,Semi-arid,19.56,26.04,15.25,79.87,1.4,0.0,19.08,30.76
2020-11-23,Krishnagiri,12.5266,78.2138,Semi-arid,19.51,26.01,13.92,84.35,1.91,0.01,15.68,30.68
2020-11-24,Krishnagiri,12.5266,78.2138,Semi-arid,20.93,25.76,16.6,88.84,2.72,0.24,12.96,30.61
2020-11-25,Krishnagiri,12.5266,78.2138,Semi-arid,21.99,27.05,19.31,87.98,3.55,4.33,6.96,30.54
2020-11-26,Krishnagiri,12.5266,78.2138,Semi-arid,20.99,23.29,19.3,90.51,6.62,25.03,3.12,30.46
2020-11-27,Krishnagiri,12.5266,78.2138,Semi-arid,20.64,23.52,18.16,90.95,2.34,0.75,13.23,30.39
2020-11-28,Krishnagiri,12.5266,78.2138,Semi-arid,21.32,25.6,17.98,88.43,1.83,0.3,13.13,30.32
2020-11-29,Krishnagiri,12.5266,78.2138,Semi-arid,22.1,26.42,19.23,88.47,2.39,0.62,12.52,30.26
2020-11-30,Krishnagiri,12.5266,78.2138,Semi-arid,21.75,26.25,18.93,87.74,2.71,0.3,15.07,30.2
2020-12-01,Krishnagiri,12.5266,78.2138,Semi-arid,20.59,24.98,17.03,84.59,2.44,0.0,17.73,30.14
2020-12-02,Krishnagiri,12.5266,78.2138,Semi-arid,21.22,26.68,16.83,83.11,3.15,1.32,12.08,30.09
2020-12-03,Krishnagiri,12.5266,78.2138,Semi-arid,21.11,23.83,18.39,93.52,3.11,9.11,6.35,30.04
2020-12-04,Krishnagiri,12.5266,78.2138,Semi-arid,21.55,23.75,19.62,91.29,3.75,4.22,6.36,30.0
2020-12-05,Krishnagiri,12.5266,78.2138,Semi-arid,22.17,26.74,19.03,89.06,3.04,1.02,10.23,29.95
2020-12-06,Krishnagiri,12.5266,78.2138,Semi-arid,22.26,26.19,19.58,89.04,3.04,5.87,10.81,29.9
2020-12-07,Krishnagiri,12.5266,78.2138,Semi-arid,22.54,26.63,19.79,89.6,3.04,5.97,12.24,29.85
2020-12-08,Krishnagiri,12.5266,78.2138,Semi-arid,22.17,26.04,19.99,90.33,2.72,3.79,11.09,29.81
2020-12-09,Krishnagiri,12.5266,78.2138,Semi-arid,22.08,27.25,18.75,88.52,2.42,0.56,11.17,29.78
2020-12-10,Krishnagiri,12.5266,78.2138,Semi-arid,20.28,25.84,16.36,83.0,1.71,0.01,19.22,29.74
2020-12-11,Krishnagiri,12.5266,78.2138,Semi-arid,19.51,25.94,15.09,82.19,1.6,0.0,19.31,29.71
2020-12-12,Krishnagiri,12.5266,78.2138,Semi-arid,19.37,25.85,13.77,82.45,1.55,0.0,17.98,29.69
2020-12-13,Krishnagiri,12.5266,78.2138,Semi-arid,19.35,26.11,13.58,80.55,1.42,0.0,17.46,29.66
2020-12-14,Krishnagiri,12.5266,78.2138,Semi-arid,19.13,25.78,14.16,82.25,1.53,0.0,18.0,29.64
2020-12-15,Krishnagiri,12.5266,78.2138,Semi-arid,19.57,25.83,13.49,83.87,2.14,0.09,15.5,29.62
2020-12-16,Krishnagiri,12.5266,78.2138,Semi-arid,21.38,26.38,17.07,86.85,2.56,2.59,8.66,29.61
2020-12-17,Krishnagiri,12.5266,78.2138,Semi-arid,21.39,25.47,18.59,88.47,2.82,0.71,9.34,29.6
2020-12-18,Krishnagiri,12.5266,78.2138,Semi-arid,20.68,24.82,18.05,86.25,2.44,0.12,15.44,29.59
2020-12-19,Krishnagiri,12.5266,78.2138,Semi-arid,20.78,26.5,16.87,85.67,2.83,0.07,13.27,29.59
2020-12-20,Krishnagiri,12.5266,78.2138,Semi-arid,20.24,26.2,15.62,83.24,2.77,0.0,14.3,29.59
2020-12-21,Krishnagiri,12.5266,78.2138,Semi-arid,18.63,25.48,13.57,81.88,2.57,0.0,19.32,29.59
2020-12-22,Krishnagiri,12.5266,78.2138,Semi-arid,19.25,26.34,13.37,79.48,2.1,0.0,18.33,29.59
2020-12-23,Krishnagiri,12.5266,78.2138,Semi-arid,20.06,26.69,15.15,79.29,1.72,0.0,16.38,29.6
2020-12-24,Krishnagiri,12.5266,78.2138,Semi-arid,20.8,27.98,15.57,81.15,1.88,0.0,18.44,29.61
2020-12-25,Krishnagiri,12.5266,78.2138,Semi-arid,20.42,27.14,15.97,81.25,2.03,0.0,19.25,29.63
2020-12-26,Krishnagiri,12.5266,78.2138,Semi-arid,19.48,26.7,14.82,79.94,2.19,0.0,19.39,29.64
2020-12-27,Krishnagiri,12.5266,78.2138,Semi-arid,19.3,27.62,12.75,79.97,2.02,0.0,20.03,29.66
2020-12-28,Krishnagiri,12.5266,78.2138,Semi-arid,19.59,27.21,13.75,77.11,1.66,0.0,18.1,29.69
2020-12-29,Krishnagiri,12.5266,78.2138,Semi-arid,20.85,27.1,15.35,81.01,2.43,0.17,14.71,29.72
2020-12-30,Krishnagiri,12.5266,78.2138,Semi-arid,21.8,28.11,17.15,84.35,3.01,2.71,14.35,29.75
2020-12-31,Krishnagiri,12.5266,78.2138,Semi-arid,21.83,27.66,18.18,85.83,3.31,2.45,10.08,29.79
2021-01-01,Krishnagiri,12.5266,78.2138,Semi-arid,20.34,26.53,15.96,80.98,2.91,0.19,14.72,29.83
2021-01-02,Krishnagiri,12.5266,78.2138,Semi-arid,20.92,27.53,15.32,83.92,2.77,0.78,10.94,29.87
2021-01-03,Krishnagiri,12.5266,78.2138,Semi-arid,22.06,28.09,17.94,82.93,2.98,0.66,10.1,29.91
2021-01-04,Krishnagiri,12.5266,78.2138,Semi-arid,22.16,27.86,18.84,81.41,3.12,0.18,11.89,29.95
2021-01-05,Krishnagiri,12.5266,78.2138,Semi-arid,21.96,26.49,18.5,87.71,2.36,1.07,9.81,30.0
2021-01-06,Krishnagiri,12.5266,78.2138,Semi-arid,22.24,26.93,18.98,87.56,2.22,12.27,7.3,30.06
2021-01-07,Krishnagiri,12.5266,78.2138,Semi-arid,22.41,26.88,19.64,87.55,2.3,7.17,8.21,30.11
2021-01-08,Krishnagiri,12.5266,78.2138,Semi-arid,23.11,28.26,18.98,85.03,2.17,0.74,11.7,30.17
2021-01-09,Krishnagiri,12.5266,78.2138,Semi-arid,22.85,27.64,19.69,84.22,2.57,0.24,9.81,30.23
2021-01-10,Krishnagiri,12.5266,78.2138,Semi-arid,22.16,27.19,18.73,85.58,2.37,0.23,11.8,30.29
2021-01-11,Krishnagiri,12.5266,78.2138,Semi-arid,21.98,26.81,18.83,84.71,2.5,0.34,11.73,30.36
2021-01-12,Krishnagiri,12.5266,78.2138,Semi-arid,21.04,25.14,17.95,86.95,3.17,0.9,7.65,30.43
2021-01-13,Krishnagiri,12.5266,78.2138,Semi-arid,21.82,27.77,18.1,81.11,3.16,0.63,14.38,30.5
2021-01-14,Krishnagiri,12.5266,78.2138,Semi-arid,21.46,27.34,17.02,83.56,2.81,1.24,10.93,30.57
2021-01-15,Krishnagiri,12.5266,78.2138,Semi-arid,22.06,28.59,17.83,78.55,2.62,0.12,16.07,30.65
2021-01-16,Krishnagiri,12.5266,78.2138,Semi-arid,21.9,29.51,16.83,74.9,2.08,0.01,19.53,30.73
2021-01-17,Krishnagiri,12.5266,78.2138,Semi-arid,21.4,29.71,15.74,76.48,2.24,0.0,18.09,30.81
2021-01-18,Krishnagiri,12.5266,78.2138,Semi-arid,20.74,28.74,14.94,76.1,2.51,0.0,20.94,30.89
2021-01-19,Krishnagiri,12.5266,78.2138,Semi-arid,20.86,28.99,15.39,76.18,2.02,0.0,17.64,30.98
2021-01-20,Krishnagiri,12.5266,78.2138,Semi-arid,22.28,30.95,15.38,73.88,1.73,0.0,19.26,31.07
2021-01-21,Krishnagiri,12.5266,78.2138,Semi-arid,23.54,30.92,17.47,75.85,1.45,0.0,18.4,31.16
2021-01-22,Krishnagiri,12.5266,78.2138,Semi-arid,23.84,30.91,19.11,75.27,1.93,0.01,17.78,31.25
2021-01-23,Krishnagiri,12.5266,78.2138,Semi-arid,22.8,30.23,17.98,73.05,1.96,0.01,18.84,31.34
2021-01-24,Krishnagiri,12.5266,78.2138,Semi-arid,22.21,30.66,16.53,71.41,1.72,0.0,21.21,31.44
2021-01-25,Krishnagiri,12.5266,78.2138,Semi-arid,21.04,29.33,14.89,70.91,1.88,0.0,21.54,31.53
2021-01-26,Krishnagiri,12.5266,78.2138,Semi-arid,20.65,29.84,14.19,66.27,1.99,0.0,22.32,31.63
2021-01-27,Krishnagiri,12.5266,78.2138,Semi-arid,20.17,28.86,13.32,69.55,2.06,0.0,19.87,31.73
2021-01-28,Krishnagiri,12.5266,78.2138,Semi-arid,21.13,29.04,15.36,73.88,2.52,0.0,18.87,31.83
2021-01-29,Krishnagiri,12.5266,78.2138,Semi-arid,21.51,29.19,15.29,75.0,2.33,0.0,15.15,31.93
2021-01-30,Krishnagiri,12.5266,78.2138,Semi-arid,22.33,30.77,15.28,66.73,2.25,0.0,20.1,32.03
2021-01-31,Krishnagiri,12.5266,78.2138,Semi-arid,22.24,30.6,16.68,68.35,2.61,0.0,21.72,32.13
2021-02-01,Krishnagiri,12.5266,78.2138,Semi-arid,21.18,30.12,13.51,67.15,2.85,0.01,22.19,32.24
2021-02-02,Krishnagiri,12.5266,78.2138,Semi-arid,21.87,29.94,15.78,70.02,2.91,0.0,19.19,32.34
2021-02-03,Krishnagiri,12.5266,78.2138,Semi-arid,21.98,28.9,17.13,72.32,2.84,0.01,18.54,32.45
2021-02-04,Krishnagiri,12.5266,78.2138,Semi-arid,21.86,29.92,16.4,64.93,2.4,0.0,21.56,32.55
2021-02-05,Krishnagiri,12.5266,78.2138,Semi-arid,21.42,31.04,13.88,65.27,2.25,0.0,21.99,32.66
2021-02-06,Krishnagiri,12.5266,78.2138,Semi-arid,21.33,31.11,14.19,63.26,2.47,0.0,22.45,32.77
2021-02-07,Krishnagiri,12.5266,78.2138,Semi-arid,21.02,31.0,12.83,55.33,2.75,0.0,23.35,32.88
2021-02-08,Krishnagiri,12.5266,78.2138,Semi-arid,20.87,30.49,12.56,63.52,2.99,0.0,23.43,32.99
2021-02-09,Krishnagiri,12.5266,78.2138,Semi-arid,20.69,29.73,14.21,67.16,2.87,0.0,21.84,33.1
2021-02-10,Krishnagiri,12.5266,78.2138,Semi-arid,20.4,30.97,12.6,60.49,2.27,0.0,24.0,33.21
2021-02-11,Krishnagiri,12.5266,78.2138,Semi-arid,20.79,31.12,13.2,61.73,2.27,0.0,23.82,33.32
2021-02-12,Krishnagiri,12.5266,78.2138,Semi-arid,21.0,31.38,13.51,61.35,2.37,0.0,24.63,33.43
2021-02-13,Krishnagiri,12.5266,78.2138,Semi-arid,21.37,31.77,14.01,60.04,2.17,0.0,24.21,33.54
2021-02-14,Krishnagiri,12.5266,78.2138,Semi-arid,22.01,32.96,13.33,56.72,1.53,0.0,23.86,33.65
2021-02-15,Krishnagiri,12.5266,78.2138,Semi-arid,23.43,33.53,15.47,55.05,1.32,0.0,23.52,33.76
2021-02-16,Krishnagiri,12.5266,78.2138,Semi-arid,23.5,33.17,15.36,58.36,1.66,0.0,23.28,33.87
2021-02-17,Krishnagiri,12.5266,78.2138,Semi-arid,23.32,32.34,16.37,61.32,2.51,0.0,22.89,33.98
2021-02-18,Krishnagiri,12.5266,78.2138,Semi-arid,23.02,31.27,17.54,64.66,3.07,0.0,20.29,34.08
2021-02-19,Krishnagiri,12.5266,78.2138,Semi-arid,23.07,31.38,16.5,69.32,2.6,2.54,21.2,34.19
2021-02-20,Krishnagiri,12.5266,78.2138,Semi-arid,23.1,29.43,18.81,74.67,3.17,3.74,16.32,34.3
2021-02-21,Krishnagiri,12.5266,78.2138,Semi-arid,22.2,26.49,18.65,77.02,3.88,3.51,14.42,34.41
2021-02-22,Krishnagiri,12.5266,78.2138,Semi-arid,23.32,31.48,17.32,68.92,2.48,0.49,18.78,34.51
2021-02-23,Krishnagiri,12.5266,78.2138,Semi-arid,24.28,33.06,17.79,63.48,2.41,0.08,23.82,34.62
2021-02-24,Krishnagiri,12.5266,78.2138,Semi-arid,24.28,33.9,16.89,58.43,2.04,0.0,24.1,34.72
2021-02-25,Krishnagiri,12.5266,78.2138,Semi-arid,24.99,35.22,17.43,55.87,1.69,0.0,24.68,34.82
2021-02-26,Krishnagiri,12.5266,78.2138,Semi-arid,25.5,35.31,17.93,48.96,1.82,0.0,24.08,34.93
2021-02-27,Krishnagiri,12.5266,78.2138,Semi-arid,25.83,35.88,17.61,48.62,1.83,0.0,24.39,35.03
2021-02-28,Krishnagiri,12.5266,78.2138,Semi-arid,25.36,34.91,17.98,50.25,2.65,0.0,24.2,35.13
2021-03-01,Krishnagiri,12.5266,78.2138,Semi-arid,25.14,35.05,17.43,50.93,2.04,0.0,25.27,35.23
2021-03-02,Krishnagiri,12.5266,78.2138,Semi-arid,25.25,34.66,17.94,52.95,2.38,0.0,23.87,35.32
2021-03-03,Krishnagiri,12.5266,78.2138,Semi-arid,24.87,34.4,17.89,48.5,2.68,0.0,24.71,35.42
2021-03-04,Krishnagiri,12.5266,78.2138,Semi-arid,23.77,33.55,15.98,55.47,2.81,0.0,26.52,35.51
2021-03-05,Krishnagiri,12.5266,78.2138,Semi-arid,24.4,35.07,15.35,51.98,2.2,0.0,26.4,35.61
2021-03-06,Krishnagiri,12.5266,78.2138,Semi-arid,26.04,37.1,16.61,50.51,2.06,0.0,26.15,35.7
2021-03-07,Krishnagiri,12.5266,78.2138,Semi-arid,26.21,36.23,18.0,51.87,2.07,0.0,25.84,35.79
2021-03-08,Krishnagiri,12.5266,78.2138,Semi-arid,25.66,35.12,18.08,54.84,2.68,0.0,26.76,35.88
2021-03-09,Krishnagiri,12.5266,78.2138,Semi-arid,25.99,34.94,18.29,55.57,2.95,0.0,25.74,35.97
2021-03-10,Krishnagiri,12.5266,78.2138,Semi-arid,26.9,35.82,19.65,57.99,2.73,0.02,25.95,36.05
2021-03-11,Krishnagiri,12.5266,78.2138,Semi-arid,26.97,34.95,20.28,55.53,2.88,0.19,25.97,36.14
2021-03-12,Krishnagiri,12.5266,78.2138,Semi-arid,25.93,34.85,19.1,51.53,2.62,0.14,26.75,36.22
2021-03-13,Krishnagiri,12.5266,78.2138,Semi-arid,25.38,35.0,15.91,53.45,2.8,0.0,26.83,36.3
2021-03-14,Krishnagiri,12.5266,78.2138,Semi-arid,26.05,35.69,18.07,52.52,2.69,0.0,26.7,36.38
2021-03-15,Krishnagiri,12.5266,78.2138,Semi-arid,26.64,36.37,18.06,48.88,2.3,0.0,26.28,36.46
2021-03-16,Krishnagiri,12.5266,78.2138,Semi-arid,27.01,36.78,18.88,47.63,2.33,0.0,25.66,36.54
2021-03-17,Krishnagiri,12.5266,78.2138,Semi-arid,26.8,35.67,18.66,47.87,2.73,0.0,22.97,36.61
2021-03-18,Krishnagiri,12.5266,78.2138,Semi-arid,25.83,34.41,18.99,51.76,2.52,0.0,23.2,36.68
2021-03-19,Krishnagiri,12.5266,78.2138,Semi-arid,24.75,31.5,18.51,51.01,2.2,0.0,25.67,36.76
2021-03-20,Krishnagiri,12.5266,78.2138,Semi-arid,26.38,36.01,18.13,41.36,2.36,0.0,24.72,36.83
2021-03-21,Krishnagiri,12.5266,78.2138,Semi-arid,26.87,35.6,19.41,41.43,2.32,0.0,25.34,36.89
2021-03-22,Krishnagiri,12.5266,78.2138,Semi-arid,27.52,36.99,19.5,45.51,2.5,0.0,25.54,36.96
2021-03-23,Krishnagiri,12.5266,78.2138,Semi-arid,27.65,37.5,18.95,49.15,2.55,0.0,25.43,37.02
2021-03-24,Krishnagiri,12.5266,78.2138,Semi-arid,27.74,37.28,18.91,50.04,2.61,0.0,24.24,37.08
2021-03-25,Krishnagiri,12.5266,78.2138,Semi-arid,28.18,36.88,21.04,45.51,2.71,0.06,22.96,37.14
2021-03-26,Krishnagiri,12.5266,78.2138,Semi-arid,27.99,36.97,20.31,49.52,2.75,0.01,24.45,37.2
2021-03-27,Krishnagiri,12.5266,78.2138,Semi-arid,27.8,35.85,20.23,52.97,2.44,0.0,23.33,37.26
2021-03-28,Krishnagiri,12.5266,78.2138,Semi-arid,28.3,36.91,20.64,50.77,2.2,0.0,20.22,37.31
2021-03-29,Krishnagiri,12.5266,78.2138,Semi-arid,28.73,36.85,21.28,45.26,2.34,0.0,19.02,37.36
2021-03-30,Krishnagiri,12.5266,78.2138,Semi-arid,30.18,38.82,21.93,40.38,2.28,0.0,22.78,37.41
2021-03-31,Krishnagiri,12.5266,78.2138,Semi-arid,32.14,40.92,23.67,34.23,1.79,0.0,23.19,37.46
2021-04-01,Krishnagiri,12.5266,78.2138,Semi-arid,31.82,40.87,24.36,33.06,2.3,0.0,24.72,37.5
2021-04-02,Krishnagiri,12.5266,78.2138,Semi-arid,31.36,40.24,23.25,35.96,2.26,0.0,26.53,37.54
2021-04-03,Krishnagiri,12.5266,78.2138,Semi-arid,32.03,39.74,23.35,37.9,1.88,0.0,23.3,37.58
2021-04-04,Krishnagiri,12.5266,78.2138,Semi-arid,32.21,39.53,25.54,36.38,2.46,0.46,21.46,37.62
2021-04-05,Krishnagiri,12.5266,78.2138,Semi-arid,31.0,39.01,23.65,42.27,2.56,0.5,20.45,37.66
2021-04-06,Krishnagiri,12.5266,78.2138,Semi-arid,29.22,37.0,22.36,49.18,2.97,0.02,22.75,37.7
2021-04-07,Krishnagiri,12.5266,78.2138,Semi-arid,29.21,38.0,21.35,45.0,2.69,0.0,25.55,37.73
2021-04-08,Krishnagiri,12.5266,78.2138,Semi-arid,28.83,38.02,20.22,38.16,2.57,0.0,23.79,37.77
2021-04-09,Krishnagiri,12.5266,78.2138,Semi-arid,28.53,37.48,20.52,47.13,2.84,0.0,23.87,37.79
2021-04-10,Krishnagiri,12.5266,78.2138,Semi-arid,28.6,37.17,21.24,51.23,3.0,0.0,24.88,37.83
2021-04-11,Krishnagiri,12.5266,78.2138,Semi-arid,28.87,37.28,21.39,51.86,2.89,0.0,24.31,37.85
2021-04-12,Krishnagiri,12.5266,78.2138,Semi-arid,28.56,35.93,22.22,55.97,2.85,2.32,21.09,37.88
2021-04-13,Krishnagiri,12.5266,78.2138,Semi-arid,28.5,35.59,22.39,55.45,2.55,0.34,20.76,37.9
2021-04-14,Krishnagiri,12.5266,78.2138,Semi-arid,27.96,33.8,23.02,58.01,1.85,5.55,17.77,37.92
2021-04-15,Krishnagiri,12.5266,78.2138,Semi-arid,25.25,29.43,22.35,75.71,1.58,9.1,20.15,37.95
2021-04-16,Krishnagiri,12.5266,78.2138,Semi-arid,27.27,34.66,20.62,63.82,1.63,0.69,22.73,37.97
2021-04-17,Krishnagiri,12.5266,78.2138,Semi-arid,27.82,33.68,22.61,62.6,1.22,0.05,22.77,37.98
2021-04-18,Krishnagiri,12.5266,78.2138,Semi-arid,28.64,36.07,22.39,56.89,1.89,0.01,23.59,38.0
2021-04-19,Krishnagiri,12.5266,78.2138,Semi-arid,28.78,35.13,22.82,56.9,1.16,0.46,22.11,38.01
2021-04-20,Krishnagiri,12.5266,78.2138,Semi-arid,28.6,34.83,23.12,59.88,1.32,2.71,18.19,38.02
2021-04-21,Krishnagiri,12.5266,78.2138,Semi-arid,27.94,33.19,23.38,64.9,1.07,7.89,22.25,38.04
2021-04-22,Krishnagiri,12.5266,78.2138,Semi-arid,28.83,35.6,22.52,61.87,1.09,1.18,23.09,38.05
2021-04-23,Krishnagiri,12.5266,78.2138,Semi-arid,27.74,32.23,22.3,65.57,0.67,30.48,19.49,38.06
2021-04-24,Krishnagiri,12.5266,78.2138,Semi-arid,26.58,31.3,22.94,72.93,1.2,6.02,18.81,38.06
2021-04-25,Krishnagiri,12.5266,78.2138,Semi-arid,27.57,34.29,22.66,66.91,1.79,1.53,22.91,38.07
2021-04-26,Krishnagiri,12.5266,78.2138,Semi-arid,26.73,32.57,22.31,70.06,1.45,0.07,23.2,38.07
2021-04-27,Krishnagiri,12.5266,78.2138,Semi-arid,27.19,34.31,21.55,66.8,1.46,0.0,23.39,38.07
2021-04-28,Krishnagiri,12.5266,78.2138,Semi-arid,27.97,35.48,22.3,59.28,1.7,0.01,25.28,38.08
2021-04-29,Krishnagiri,12.5266,78.2138,Semi-arid,28.25,35.95,22.34,61.37,1.72,0.05,23.62,38.08
2021-04-30,Krishnagiri,12.5266,78.2138,Semi-arid,27.51,33.35,22.51,66.82,1.81,0.85,21.55,38.08
2021-05-01,Krishnagiri,12.5266,78.2138,Semi-arid,27.65,34.03,22.88,68.24,2.23,1.62,23.65,38.07
2021-05-02,Krishnagiri,12.5266,78.2138,Semi-arid,27.6,34.12,22.78,66.79,1.88,0.15,23.99,38.07
2021-05-03,Krishnagiri,12.5266,78.2138,Semi-arid,27.89,34.77,22.81,64.85,1.95,0.43,24.26,38.07
2021-05-04,Krishnagiri,12.5266,78.2138,Semi-arid,28.38,35.19,22.89,63.41,1.99,0.25,20.41,38.06
2021-05-05,Krishnagiri,12.5266,78.2138,Semi-arid,28.58,35.51,22.87,60.88,2.1,0.04,25.11,38.05
2021-05-06,Krishnagiri,12.5266,78.2138,Semi-arid,28.78,36.23,22.62,60.03,2.5,0.02,25.19,38.05
2021-05-07,Krishnagiri,12.5266,78.2138,Semi-arid,28.48,36.2,22.8,62.69,2.63,1.54,24.08,38.04
2021-05-08,Krishnagiri,12.5266,78.2138,Semi-arid,28.17,35.01,22.68,62.89,2.4,0.12,22.64,38.03
2021-05-09,Krishnagiri,12.5266,78.2138,Semi-arid,29.24,36.76,23.43,59.55,2.18,0.02,24.98,38.02
2021-05-10,Krishnagiri,12.5266,78.2138,Semi-arid,29.3,35.84,23.78,60.56,1.81,0.29,22.95,38.01
2021-05-11,Krishnagiri,12.5266,78.2138,Semi-arid,29.27,33.89,24.18,62.08,0.82,0.32,22.67,38.0
2021-05-12,Krishnagiri,12.5266,78.2138,Semi-arid,29.2,34.33,24.54,65.8,1.04,12.86,20.39,37.99
2021-05-13,Krishnagiri,12.5266,78.2138,Semi-arid,27.46,31.67,24.09,74.88,1.07,12.73,19.18,37.98
2021-05-14,Krishnagiri,12.5266,78.2138,Semi-arid,28.37,35.78,22.76,65.08,2.89,4.13,23.31,37.97
2021-05-15,Krishnagiri,12.5266,78.2138,Semi-arid,25.79,30.01,22.42,76.32,3.31,2.73,14.43,37.96
2021-05-16,Krishnagiri,12.5266,78.2138,Semi-arid,26.02,30.79,22.61,76.38,3.24,0.43,16.5,37.95
2021-05-17,Krishnagiri,12.5266,78.2138,Semi-arid,28.1,35.26,21.36,67.15,1.8,0.43,24.44,37.93
2021-05-18,Krishnagiri,12.5266,78.2138,Semi-arid,27.68,33.09,23.22,69.84,1.73,0.6,24.18,37.92
2021-05-19,Krishnagiri,12.5266,78.2138,Semi-arid,26.27,29.42,23.13,82.72,1.68,144.91,23.01,37.91
2021-05-20,Krishnagiri,12.5266,78.2138,Semi-arid,25.56,29.31,22.61,81.81,2.18,56.23,18.7,37.89
2021-05-21,Krishnagiri,12.5266,78.2138,Semi-arid,24.35,28.07,21.5,83.24,2.22,10.13,15.4,37.88
2021-05-22,Krishnagiri,12.5266,78.2138,Semi-arid,25.32,30.49,21.18,78.71,2.62,4.59,18.93,37.86
2021-05-23,Krishnagiri,12.5266,78.2138,Semi-arid,25.8,30.47,21.75,76.06,3.01,1.02,19.83,37.85
2021-05-24,Krishnagiri,12.5266,78.2138,Semi-arid,25.47,29.59,22.08,75.19,3.2,0.03,21.15,37.83
2021-05-25,Krishnagiri,12.5266,78.2138,Semi-arid,24.04,27.4,21.62,84.4,3.56,16.46,21.29,37.82
2021-05-26,Krishnagiri,12.5266,78.2138,Semi-arid,25.07,31.15,20.51,75.25,4.78,2.35,22.88,37.8
2021-05-27,Krishnagiri,12.5266,78.2138,Semi-arid,25.5,31.14,21.0,73.44,3.39,0.0,25.2,37.79
2021-05-28,Krishnagiri,12.5266,78.2138,Semi-arid,26.32,32.88,20.89,70.83,3.6,0.0,25.58,37.77
2021-05-29,Krishnagiri,12.5266,78.2138,Semi-arid,26.3,32.76,21.02,70.55,3.25,0.52,24.93,37.76
2021-05-30,Krishnagiri,12.5266,78.2138,Semi-arid,26.19,32.85,20.88,72.21,3.35,1.01,24.87,37.74
2021-05-31,Krishnagiri,12.5266,78.2138,Semi-arid,26.43,32.08,21.22,71.75,2.91,0.1,24.69,37.73
2021-06-01,Krishnagiri,12.5266,78.2138,Semi-arid,27.2,32.94,21.58,72.96,2.34,2.17,23.79,37.71
2021-06-02,Krishnagiri,12.5266,78.2138,Semi-arid,26.9,30.15,22.94,74.15,1.18,3.59,21.96,37.7
2021-06-03,Krishnagiri,12.5266,78.2138,Semi-arid,26.39,29.55,23.14,77.92,0.71,14.06,18.06,37.69
2021-06-04,Krishnagiri,12.5266,78.2138,Semi-arid,24.5,26.53,22.97,90.06,1.83,16.04,19.51,37.67
2021-06-05,Krishnagiri,12.5266,78.2138,Semi-arid,23.56,26.52,21.11,83.2,1.88,9.26,18.54,37.66
2021-06-06,Krishnagiri,12.5266,78.2138,Semi-arid,25.3,31.01,20.11,73.56,1.89,0.29,22.02,37.65
2021-06-07,Krishnagiri,12.5266,78.2138,Semi-arid,25.28,30.76,20.76,73.87,2.58,0.38,24.37,37.64
2021-06-08,Krishnagiri,12.5266,78.2138,Semi-arid,26.14,32.45,20.94,71.35,3.09,0.09,23.07,37.62
2021-06-09,Krishnagiri,12.5266,78.2138,Semi-arid,25.38,31.04,20.95,77.07,3.68,2.03,23.38,37.61
2021-06-10,Krishnagiri,12.5266,78.2138,Semi-arid,25.59,31.29,21.05,72.77,3.78,0.05,22.18,37.6
2021-06-11,Krishnagiri,12.5266,78.2138,Semi-arid,24.3,28.72,21.06,76.78,3.97,0.0,17.94,37.59
2021-06-12,Krishnagiri,12.5266,78.2138,Semi-arid,24.28,29.75,20.83,73.45,5.06,2.11,19.89,37.58
2021-06-13,Krishnagiri,12.5266,78.2138,Semi-arid,24.84,31.5,20.12,68.98,5.22,0.53,18.8,37.57
2021-06-14,Krishnagiri,12.5266,78.2138,Semi-arid,23.94,29.13,20.2,73.51,5.72,0.89,15.2,37.57
2021-06-15,Krishnagiri,12.5266,78.2138,Semi-arid,24.26,29.24,20.69,74.39,5.01,1.16,18.79,37.56
2021-06-16,Krishnagiri,12.5266,78.2138,Semi-arid,25.03,30.14,21.06,73.84,4.28,1.42,17.8,37.55
2021-06-17,Krishnagiri,12.5266,78.2138,Semi-arid,25.13,31.0,21.08,75.63,4.2,1.15,20.21,37.54
2021-06-18,Krishnagiri,12.5266,78.2138,Semi-arid,24.71,29.92,21.13,74.15,4.46,0.04,16.2,37.54
2021-06-19,Krishnagiri,12.5266,78.2138,Semi-arid,24.64,29.89,20.87,77.88,3.55,0.03,19.95,37.53
2021-06-20,Krishnagiri,12.5266,78.2138,Semi-arid,24.96,30.02,20.89,75.96,3.37,0.0,22.05,37.52
2021-06-21,Krishnagiri,12.5266,78.2138,Semi-arid,25.75,31.83,20.86,72.81,3.2,0.06,22.56,37.52
2021-06-22,Krishnagiri,12.5266,78.2138,Semi-arid,25.6,30.86,21.5,73.09,2.75,0.56,18.47,37.52
2021-06-23,Krishnagiri,12.5266,78.2138,Semi-arid,25.64,31.34,21.58,74.79,2.33,5.72,17.5,37.51
2021-06-24,Krishnagiri,12.5266,78.2138,Semi-arid,25.56,30.83,21.67,72.99,3.24,0.94,21.75,37.51
2021-06-25,Krishnagiri,12.5266,78.2138,Semi-arid,25.36,32.06,20.7,69.83,3.8,0.0,23.32,37.51
2021-06-26,Krishnagiri,12.5266,78.2138,Semi-arid,25.3,31.44,20.4,71.2,4.12,1.49,15.78,37.51
2021-06-27,Krishnagiri,12.5266,78.2138,Semi-arid,24.0,28.89,20.27,70.81,3.54,0.99,12.17,37.5
2021-06-28,Krishnagiri,12.5266,78.2138,Semi-arid,24.81,31.73,19.27,67.0,1.93,0.39,17.34,37.5
2021-06-29,Krishnagiri,12.5266,78.2138,Semi-arid,26.41,33.17,19.9,69.77,1.93,0.42,21.03,37.5
2021-06-30,Krishnagiri,12.5266,78.2138,Semi-arid,26.85,31.58,22.44,75.6,1.69,2.18,22.97,37.49
2021-07-01,Krishnagiri,12.5266,78.2138,Semi-arid,25.05,27.5,22.97,86.65,1.73,24.5,15.06,37.49
2021-07-02,Krishnagiri,12.5266,78.2138,Semi-arid,25.28,28.75,22.87,81.76,2.25,1.98,22.06,37.5
2021-07-03,Krishnagiri,12.5266,78.2138,Semi-arid,24.94,29.11,21.12,79.85,1.66,2.75,17.62,37.5
2021-07-04,Krishnagiri,12.5266,78.2138,Semi-arid,24.75,27.47,21.84,79.96,1.56,32.76,19.68,37.51
2021-07-05,Krishnagiri,12.5266,78.2138,Semi-arid,25.41,28.79,21.45,77.94,1.71,3.67,24.38,37.51
2021-07-06,Krishnagiri,12.5266,78.2138,Semi-arid,25.32,29.13,21.9,80.83,1.52,0.52,23.32,37.51
2021-07-07,Krishnagiri,12.5266,78.2138,Semi-arid,24.84,27.87,22.6,83.46,1.83,1.32,18.93,37.51
2021-07-08,Krishnagiri,12.5266,78.2138,Semi-arid,24.49,27.38,21.44,82.53,2.3,7.05,23.66,37.52
2021-07-09,Krishnagiri,12.5266,78.2138,Semi-arid,24.78,28.95,21.79,83.06,2.53,4.47,18.45,37.52
2021-07-10,Krishnagiri,12.5266,78.2138,Semi-arid,23.52,27.76,20.25,80.55,3.76,1.29,14.78,37.52
2021-07-11,Krishnagiri,12.5266,78.2138,Semi-arid,23.44,28.82,19.3,77.24,4.33,0.02,15.88,37.53
2021-07-12,Krishnagiri,12.5266,78.2138,Semi-arid,23.29,27.43,20.03,78.16,4.32,0.06,16.65,37.53
2021-07-13,Krishnagiri,12.5266,78.2138,Semi-arid,24.66,30.24,20.41,78.14,4.55,2.79,13.06,37.54
2021-07-14,Krishnagiri,12.5266,78.2138,Semi-arid,24.48,29.4,20.82,80.27,4.52,13.08,13.76,37.54
2021-07-15,Krishnagiri,12.5266,78.2138,Semi-arid,23.43,26.89,20.88,84.71,3.62,6.7,7.6,37.55
2021-07-16,Krishnagiri,12.5266,78.2138,Semi-arid,24.73,30.09,20.87,81.36,2.76,5.68,18.66,37.56
2021-07-17,Krishnagiri,12.5266,78.2138,Semi-arid,24.08,27.77,21.07,84.8,2.7,14.34,16.24,37.56
2021-07-18,Krishnagiri,12.5266,78.2138,Semi-arid,23.93,27.17,21.69,85.74,4.27,7.73,16.69,37.57
2021-07-19,Krishnagiri,12.5266,78.2138,Semi-arid,24.76,30.45,20.75,79.44,4.23,2.63,20.57,37.58
2021-07-20,Krishnagiri,12.5266,78.2138,Semi-arid,24.63,30.09,20.88,78.76,4.89,0.67,21.89,37.58
2021-07-21,Krishnagiri,12.5266,78.2138,Semi-arid,24.26,29.32,20.47,79.59,4.44,1.19,13.48,37.59
2021-07-22,Krishnagiri,12.5266,78.2138,Semi-arid,23.89,28.4,20.9,80.89,5.7,1.64,11.12,37.6
2021-07-23,Krishnagiri,12.5266,78.2138,Semi-arid,24.86,30.46,20.55,76.3,5.09,0.99,14.61,37.61
2021-07-24,Krishnagiri,12.5266,78.2138,Semi-arid,25.31,30.98,20.81,78.0,4.2,5.29,21.19,37.61
2021-07-25,Krishnagiri,12.5266,78.2138,Semi-arid,24.27,29.05,21.06,81.69,4.23,20.33,20.9,37.62
2021-07-26,Krishnagiri,12.5266,78.2138,Semi-arid,24.08,29.25,20.61,82.05,3.83,8.18,20.97,37.63
2021-07-27,Krishnagiri,12.5266,78.2138,Semi-arid,24.32,29.96,20.38,80.33,3.67,0.38,21.25,37.63
2021-07-28,Krishnagiri,12.5266,78.2138,Semi-arid,25.07,31.28,20.46,75.28,4.13,0.01,21.78,37.63
2021-07-29,Krishnagiri,12.5266,78.2138,Semi-arid,24.47,30.09,20.11,78.62,3.94,0.0,21.0,37.64
2021-07-30,Krishnagiri,12.5266,78.2138,Semi-arid,24.47,29.83,20.11,78.47,3.94,0.0,20.18,37.64
2021-07-31,Krishnagiri,12.5266,78.2138,Semi-arid,24.97,31.09,20.47,76.61,3.93,0.08,19.85,37.64
2021-08-01,Krishnagiri,12.5266,78.2138,Semi-arid,24.84,30.37,20.53,76.17,3.85,0.02,18.1,37.64
2021-08-02,Krishnagiri,12.5266,78.2138,Semi-arid,24.73,30.81,20.08,73.0,4.24,0.04,20.71,37.64
2021-08-03,Krishnagiri,12.5266,78.2138,Semi-arid,25.15,31.87,20.05,74.17,3.98,0.25,19.06,37.64
2021-08-04,Krishnagiri,12.5266,78.2138,Semi-arid,25.35,31.3,20.83,74.96,4.51,0.22,15.98,37.65
2021-08-05,Krishnagiri,12.5266,78.2138,Semi-arid,25.37,31.85,20.01,74.51,4.54,2.24,16.15,37.65
2021-08-06,Krishnagiri,12.5266,78.2138,Semi-arid,25.65,31.9,20.73,76.66,3.92,5.97,18.05,37.65
2021-08-07,Krishnagiri,12.5266,78.2138,Semi-arid,25.43,30.45,21.46,79.13,3.34,3.67,21.86,37.65
2021-08-08,Krishnagiri,12.5266,78.2138,Semi-arid,25.82,31.3,21.23,76.71,2.1,0.87,23.68,37.65
2021-08-09,Krishnagiri,12.5266,78.2138,Semi-arid,25.82,31.41,21.17,76.74,2.32,4.22,22.47,37.65
2021-08-10,Krishnagiri,12.5266,78.2138,Semi-arid,24.89,30.44,20.91,78.93,3.35,5.85,20.74,37.64
2021-08-11,Krishnagiri,12.5266,78.2138,Semi-arid,25.09,30.35,21.49,77.56,2.78,0.71,20.81,37.64
2021-08-12,Krishnagiri,12.5266,78.2138,Semi-arid,24.14,27.71,21.84,82.25,3.1,1.1,16.72,37.63
2021-08-13,Krishnagiri,12.5266,78.2138,Semi-arid,24.65,29.73,21.26,79.89,2.99,10.12,17.44,37.63
2021-08-14,Krishnagiri,12.5266,78.2138,Semi-arid,24.19,28.75,20.98,79.65,3.25,0.84,19.31,37.62
2021-08-15,Krishnagiri,12.5266,78.2138,Semi-arid,24.11,29.49,20.24,77.05,3.67,0.03,14.9,37.62
2021-08-16,Krishnagiri,12.5266,78.2138,Semi-arid,24.92,31.33,20.2,74.68,3.15,2.35,14.65,37.61
2021-08-17,Krishnagiri,12.5266,78.2138,Semi-arid,25.46,31.61,20.31,73.55,2.57,0.92,16.1,37.6
2021-08-18,Krishnagiri,12.5266,78.2138,Semi-arid,24.77,30.16,20.4,72.8,3.2,3.04,19.66,37.59
2021-08-19,Krishnagiri,12.5266,78.2138,Semi-arid,24.34,30.98,18.95,71.63,3.85,1.08,19.67,37.58
2021-08-20,Krishnagiri,12.5266,78.2138,Semi-arid,24.24,30.02,19.82,74.91,2.48,8.96,20.21,37.57
2021-08-21,Krishnagiri,12.5266,78.2138,Semi-arid,23.5,27.79,20.21,81.53,1.35,5.36,9.87,37.55
2021-08-22,Krishnagiri,12.5266,78.2138,Semi-arid,24.25,29.46,20.17,79.63,1.43,2.86,20.64,37.54
2021-08-23,Krishnagiri,12.5266,78.2138,Semi-arid,24.77,28.96,21.75,79.14,1.75,1.46,16.05,37.52
2021-08-24,Krishnagiri,12.5266,78.2138,Semi-arid,26.0,31.19,20.89,73.38,1.49,2.51,21.19,37.51
2021-08-25,Krishnagiri,12.5266,78.2138,Semi-arid,25.88,30.76,21.4,74.14,2.27,0.6,20.53,37.48
2021-08-26,Krishnagiri,12.5266,78.2138,Semi-arid,26.05,30.96,21.69,75.57,1.55,3.78,21.87,37.46
2021-08-27,Krishnagiri,12.5266,78.2138,Semi-arid,25.15,30.28,21.82,81.31,2.29,13.25,17.85,37.44
2021-08-28,Krishnagiri,12.5266,78.2138,Semi-arid,24.52,29.52,21.31,79.63,2.91,5.09,14.61,37.41
2021-08-29,Krishnagiri,12.5266,78.2138,Semi-arid,23.94,28.85,20.69,77.24,3.5,2.32,13.65,37.39
2021-08-30,Krishnagiri,12.5266,78.2138,Semi-arid,23.83,29.11,19.52,76.64,3.57,0.31,17.46,37.36
2021-08-31,Krishnagiri,12.5266,78.2138,Semi-arid,25.34,31.71,20.21,73.5,2.39,0.32,21.22,37.34
2021-09-01,Krishnagiri,12.5266,78.2138,Semi-arid,25.31,30.27,20.96,73.58,1.75,3.9,17.29,37.31
2021-09-02,Krishnagiri,12.5266,78.2138,Semi-arid,23.71,27.0,21.26,84.38,1.58,28.84,13.8,37.28
2021-09-03,Krishnagiri,12.5266,78.2138,Semi-arid,24.46,29.66,20.9,79.03,2.2,9.45,13.26,37.24
2021-09-04,Krishnagiri,12.5266,78.2138,Semi-arid,23.49,28.24,20.53,84.08,2.96,5.83,13.03,37.2
2021-09-05,Krishnagiri,12.5266,78.2138,Semi-arid,24.24,30.19,19.96,79.52,3.71,8.95,18.7,37.16
2021-09-06,Krishnagiri,12.5266,78.2138,Semi-arid,23.43,29.01,20.14,78.03,4.32,6.65,15.91,37.12
2021-09-07,Krishnagiri,12.5266,78.2138,Semi-arid,23.4,28.61,19.95,79.04,3.78,1.09,20.02,37.08
2021-09-08,Krishnagiri,12.5266,78.2138,Semi-arid,23.47,27.82,20.15,84.34,2.74,4.85,18.64,37.04
2021-09-09,Krishnagiri,12.5266,78.2138,Semi-arid,24.34,30.32,19.73,79.55,2.92,0.65,20.94,37.0
2021-09-10,Krishnagiri,12.5266,78.2138,Semi-arid,24.15,28.64,20.45,81.05,3.25,0.01,21.09,36.96
2021-09-11,Krishnagiri,12.5266,78.2138,Semi-arid,23.86,28.27,20.41,82.87,3.38,0.98,20.25,36.92
2021-09-12,Krishnagiri,12.5266,78.2138,Semi-arid,24.34,29.35,20.45,80.91,3.64,0.88,18.4,36.88
2021-09-13,Krishnagiri,12.5266,78.2138,Semi-arid,24.15,29.02,20.48,81.16,3.98,0.21,18.0,36.83
2021-09-14,Krishnagiri,12.5266,78.2138,Semi-arid,25.11,30.76,20.56,78.84,2.88,0.02,19.9,36.78
2021-09-15,Krishnagiri,12.5266,78.2138,Semi-arid,25.38,31.03,20.58,78.6,2.43,0.59,22.22,36.73
2021-09-16,Krishnagiri,12.5266,78.2138,Semi-arid,25.17,29.65,20.92,79.26,2.44,0.14,21.63,36.67
2021-09-17,Krishnagiri,12.5266,78.2138,Semi-arid,25.69,30.45,21.34,74.19,1.93,0.16,21.77,36.62
2021-09-18,Krishnagiri,12.5266,78.2138,Semi-arid,25.98,31.11,21.0,73.11,1.14,0.14,19.3,36.56
2021-09-19,Krishnagiri,12.5266,78.2138,Semi-arid,25.35,30.26,21.52,77.85,1.32,13.32,19.16,36.5
2021-09-20,Krishnagiri,12.5266,78.2138,Semi-arid,24.77,28.67,21.61,83.93,1.17,16.03,18.94,36.44
2021-09-21,Krishnagiri,12.5266,78.2138,Semi-arid,24.57,29.36,21.05,81.69,2.15,2.93,22.66,36.38
2021-09-22,Krishnagiri,12.5266,78.2138,Semi-arid,25.03,30.64,19.92,78.89,2.34,3.62,18.26,36.32
2021-09-23,Krishnagiri,12.5266,78.2138,Semi-arid,25.13,29.16,21.61,80.25,1.57,7.02,16.67,36.25
2021-09-24,Krishnagiri,12.5266,78.2138,Semi-arid,25.2,29.59,21.87,78.79,1.62,1.76,20.43,36.19
2021-09-25,Krishnagiri,12.5266,78.2138,Semi-arid,24.9,29.26,21.44,83.12,1.63,8.6,20.06,36.12
2021-09-26,Krishnagiri,12.5266,78.2138,Semi-arid,23.53,27.32,20.81,84.5,2.59,2.17,17.11,36.05
2021-09-27,Krishnagiri,12.5266,78.2138,Semi-arid,24.32,29.96,20.49,80.36,3.54,4.15,18.13,35.98
2021-09-28,Krishnagiri,12.5266,78.2138,Semi-arid,23.13,27.75,20.04,83.15,2.85,2.71,17.51,35.9
2021-09-29,Krishnagiri,12.5266,78.2138,Semi-arid,24.09,30.32,19.46,76.75,2.49,0.77,20.69,35.82
2021-09-30,Krishnagiri,12.5266,78.2138,Semi-arid,24.68,30.6,18.8,73.43,1.41,4.46,18.23,35.75
2021-10-01,Krishnagiri,12.5266,78.2138,Semi-arid,25.05,29.76,21.14,79.53,1.48,1.83,15.76,35.67
2021-10-02,Krishnagiri,12.5266,78.2138,Semi-arid,23.98,27.74,21.23,87.63,1.61,5.91,17.66,35.59
2021-10-03,Krishnagiri,12.5266,78.2138,Semi-arid,24.13,28.43,21.36,84.43,1.82,8.65,17.12,35.5
2021-10-04,Krishnagiri,12.5266,78.2138,Semi-arid,24.04,28.19,20.33,86.26,1.4,13.77,19.21,35.42
2021-10-05,Krishnagiri,12.5266,78.2138,Semi-arid,23.75,27.54,21.28,88.75,1.26,19.13,6.27,35.34
2021-10-06,Krishnagiri,12.5266,78.2138,Semi-arid,24.19,28.95,20.49,84.52,1.14,4.68,14.84,35.25
2021-10-07,Krishnagiri,12.5266,78.2138,Semi-arid,24.97,29.95,20.81,82.5,1.11,1.24,19.94,35.17
2021-10-08,Krishnagiri,12.5266,78.2138,Semi-arid,24.67,28.19,21.49,86.49,1.65,5.44,14.51,35.08
2021-10-09,Krishnagiri,12.5266,78.2138,Semi-arid,24.05,27.62,21.6,88.21,2.55,5.37,12.24,34.99
2021-10-10,Krishnagiri,12.5266,78.2138,Semi-arid,23.75,27.59,21.02,87.3,1.95,9.5,17.06,34.9
2021-10-11,Krishnagiri,12.5266,78.2138,Semi-arid,24.28,28.72,20.73,84.93,1.62,11.75,14.94,34.81
2021-10-12,Krishnagiri,12.5266,78.2138,Semi-arid,23.59,27.34,20.71,87.42,1.67,17.92,18.72,34.72
2021-10-13,Krishnagiri,12.5266,78.2138,Semi-arid,23.35,27.7,20.42,86.37,2.63,4.46,18.41,34.63
2021-10-14,Krishnagiri,12.5266,78.2138,Semi-arid,24.74,29.14,20.34,79.22,1.49,16.19,19.64,34.53
2021-10-15,Krishnagiri,12.5266,78.2138,Semi-arid,24.34,28.4,21.47,86.32,0.72,18.4,13.3,34.44
2021-10-16,Krishnagiri,12.5266,78.2138,Semi-arid,24.5,28.11,21.62,88.34,1.2,14.11,15.84,34.34
2021-10-17,Krishnagiri,12.5266,78.2138,Semi-arid,23.58,25.57,22.19,92.67,1.64,3.42,14.49,34.25
2021-10-18,Krishnagiri,12.5266,78.2138,Semi-arid,23.93,27.54,20.82,87.91,2.1,3.13,12.85,34.15
2021-10-19,Krishnagiri,12.5266,78.2138,Semi-arid,23.5,25.91,21.31,87.02,1.32,5.31,15.46,34.05
2021-10-20,Krishnagiri,12.5266,78.2138,Semi-arid,23.88,28.0,20.33,87.33,1.07,7.79,13.1,33.95
2021-10-21,Krishnagiri,12.5266,78.2138,Semi-arid,23.55,26.4,21.45,90.0,0.86,13.97,18.7,33.85
2021-10-22,Krishnagiri,12.5266,78.2138,Semi-arid,23.91,27.49,21.22,87.61,1.16,2.95,20.15,33.75
2021-10-23,Krishnagiri,12.5266,78.2138,Semi-arid,23.57,27.3,20.91,88.66,1.36,7.53,19.07,33.65
2021-10-24,Krishnagiri,12.5266,78.2138,Semi-arid,23.93,29.06,19.69,82.7,0.95,7.0,18.34,33.55
2021-10-25,Krishnagiri,12.5266,78.2138,Semi-arid,23.4,27.55,20.53,87.12,1.65,1.35,14.35,33.45
2021-10-26,Krishnagiri,12.5266,78.2138,Semi-arid,23.35,27.77,19.97,86.54,1.36,1.71,16.34,33.35
2021-10-27,Krishnagiri,12.5266,78.2138,Semi-arid,23.06,28.21,19.38,85.56,1.66,0.27,15.94,33.25
2021-10-28,Krishnagiri,12.5266,78.2138,Semi-arid,23.2,27.98,20.07,83.62,1.78,0.05,11.31,33.15
2021-10-29,Krishnagiri,12.5266,78.2138,Semi-arid,22.32,25.88,19.6,87.72,2.02,2.43,9.47,33.04
2021-10-30,Krishnagiri,12.5266,78.2138,Semi-arid,22.56,26.13,20.05,90.24,2.27,2.85,13.41,32.94
2021-10-31,Krishnagiri,12.5266,78.2138,Semi-arid,22.53,25.71,20.25,91.36,2.14,2.03,11.7,32.84
2021-11-01,Krishnagiri,12.5266,78.2138,Semi-arid,22.36,25.15,19.96,93.07,2.08,3.7,12.07,32.74
2021-11-02,Krishnagiri,12.5266,78.2138,Semi-arid,22.03,24.68,20.41,91.39,2.8,7.86,9.48,32.64
2021-11-03,Krishnagiri,12.5266,78.2138,Semi-arid,22.13,25.07,20.15,92.07,2.09,2.5,8.89,32.53
2021-11-04,Krishnagiri,12.5266,78.2138,Semi-arid,22.41,25.81,20.14,90.92,1.46,27.56,14.08,32.43
2021-11-05,Krishnagiri,12.5266,78.2138,Semi-arid,22.9,27.48,19.7,87.06,0.79,9.66,14.38,32.33
2021-11-06,Krishnagiri,12.5266,78.2138,Semi-arid,22.91,26.6,20.01,89.12,1.22,2.13,15.01,32.23
2021-11-07,Krishnagiri,12.5266,78.2138,Semi-arid,22.75,26.41,19.19,88.45,1.46,6.02,7.38,32.14
2021-11-08,Krishnagiri,12.5266,78.2138,Semi-arid,22.11,24.26,20.36,94.91,1.22,4.26,5.2,32.03
2021-11-09,Krishnagiri,12.5266,78.2138,Semi-arid,21.24,24.61,19.01,90.78,1.75,1.98,14.23,31.94
2021-11-10,Krishnagiri,12.5266,78.2138,Semi-arid,20.64,25.41,18.26,87.69,2.26,3.63,6.98,31.84
2021-11-11,Krishnagiri,12.5266,78.2138,Semi-arid,20.16,23.26,18.16,89.4,4.22,12.63,4.88,31.75
2021-11-12,Krishnagiri,12.5266,78.2138,Semi-arid,21.79,26.45,18.29,90.42,3.42,19.21,7.14,31.65
2021-11-13,Krishnagiri,12.5266,78.2138,Semi-arid,23.52,27.14,20.69,85.14,0.82,7.31,8.87,31.56
2021-11-14,Krishnagiri,12.5266,78.2138,Semi-arid,23.65,27.63,20.49,85.88,0.59,5.53,9.27,31.47
2021-11-15,Krishnagiri,12.5266,78.2138,Semi-arid,23.28,26.56,21.16,90.49,0.92,24.23,13.54,31.38
2021-11-16,Krishnagiri,12.5266,78.2138,Semi-arid,22.93,26.06,20.56,92.14,1.47,5.07,13.3,31.29
2021-11-17,Krishnagiri,12.5266,78.2138,Semi-arid,22.95,26.27,19.99,91.8,1.48,7.57,8.49,31.2
2021-11-18,Krishnagiri,12.5266,78.2138,Semi-arid,21.03,23.33,18.84,92.54,3.67,34.73,1.68,31.11
2021-11-19,Krishnagiri,12.5266,78.2138,Semi-arid,23.3,27.27,20.46,91.99,3.27,23.19,6.94,31.03
2021-11-20,Krishnagiri,12.5266,78.2138,Semi-arid,23.19,26.96,20.93,92.64,2.62,4.25,10.51,30.95
2021-11-21,Krishnagiri,12.5266,78.2138,Semi-arid,22.49,26.95,18.89,79.63,1.25,2.52,15.74,30.87
2021-11-22,Krishnagiri,12.5266,78.2138,Semi-arid,22.51,26.51,19.36,90.69,1.57,1.73,14.96,30.79
2021-11-23,Krishnagiri,12.5266,78.2138,Semi-arid,22.7,26.43,20.42,91.5,1.66,1.03,17.97,30.71
2021-11-24,Krishnagiri,12.5266,78.2138,Semi-arid,22.47,26.63,19.35,89.47,1.88,1.83,16.06,30.63
2021-11-25,Krishnagiri,12.5266,78.2138,Semi-arid,22.03,25.0,19.72,91.93,2.3,1.86,11.18,30.56
2021-11-26,Krishnagiri,12.5266,78.2138,Semi-arid,22.14,26.16,19.91,89.64,2.83,4.35,6.48,30.49
2021-11-27,Krishnagiri,12.5266,78.2138,Semi-arid,21.28,23.78,19.81,92.48,3.09,2.03,7.03,30.42
2021-11-28,Krishnagiri,12.5266,78.2138,Semi-arid,21.05,23.37,19.11,93.2,2.96,3.0,6.5,30.35
2021-11-29,Krishnagiri,12.5266,78.2138,Semi-arid,21.02,23.95,19.06,93.14,2.26,4.44,7.26,30.29
2021-11-30,Krishnagiri,12.5266,78.2138,Semi-arid,21.62,24.58,19.45,93.14,2.16,1.33,14.64,30.22
2021-12-01,Krishnagiri,12.5266,78.2138,Semi-arid,22.54,26.38,20.2,90.28,2.86,0.66,9.18,30.16
2021-12-02,Krishnagiri,12.5266,78.2138,Semi-arid,22.3,26.97,19.1,88.45,2.08,0.24,11.17,30.11
2021-12-03,Krishnagiri,12.5266,78.2138,Semi-arid,21.1,24.48,18.24,82.39,1.12,0.28,15.77,30.05
2021-12-04,Krishnagiri,12.5266,78.2138,Semi-arid,22.46,27.09,18.02,76.6,0.74,0.46,16.0,30.0
2021-12-05,Krishnagiri,12.5266,78.2138,Semi-arid,23.42,28.63,18.63,81.0,0.99,0.35,14.61,29.95
2021-12-06,Krishnagiri,12.5266,78.2138,Semi-arid,23.19,27.58,19.41,87.77,0.91,1.0,10.07,29.91
2021-12-07,Krishnagiri,12.5266,78.2138,Semi-arid,22.53,26.71,18.89,87.65,1.93,0.23,13.56,29.86
2021-12-08,Krishnagiri,12.5266,78.2138,Semi-arid,21.59,26.52,17.68,87.44,1.87,0.09,18.47,29.82
2021-12-09,Krishnagiri,12.5266,78.2138,Semi-arid,22.36,27.31,18.85,89.67,2.15,2.37,13.34,29.79
2021-12-10,Krishnagiri,12.5266,78.2138,Semi-arid,21.56,26.1,18.17,88.11,2.36,0.35,19.31,29.75
2021-12-11,Krishnagiri,12.5266,78.2138,Semi-arid,21.85,26.05,18.87,89.51,2.74,0.5,12.72,29.72
2021-12-12,Krishnagiri,12.5266,78.2138,Semi-arid,21.67,25.81,18.84,89.38,2.95,0.64,12.0,29.69
2021-12-13,Krishnagiri,12.5266,78.2138,Semi-arid,21.81,26.49,18.89,89.5,2.81,1.57,10.95,29.67
2021-12-14,Krishnagiri,12.5266,78.2138,Semi-arid,20.89,24.74,18.91,90.55,2.66,0.72,12.34,29.65
2021-12-15,Krishnagiri,12.5266,78.2138,Semi-arid,20.89,25.27,18.28,87.52,2.53,0.08,13.19,29.63
2021-12-16,Krishnagiri,12.5266,78.2138,Semi-arid,20.36,25.72,16.62,86.49,2.47,0.0,16.41,29.62
2021-12-17,Krishnagiri,12.5266,78.2138,Semi-arid,20.19,26.0,16.15,85.08,1.98,0.0,18.08,29.6
2021-12-18,Krishnagiri,12.5266,78.2138,Semi-arid,19.26,25.33,15.25,84.0,2.21,0.0,17.33,29.6
2021-12-19,Krishnagiri,12.5266,78.2138,Semi-arid,18.05,24.31,13.64,82.91,2.28,0.0,19.56,29.6
2021-12-20,Krishnagiri,12.5266,78.2138,Semi-arid,18.16,24.68,12.64,85.39,1.87,0.0,17.12,29.59
2021-12-21,Krishnagiri,12.5266,78.2138,Semi-arid,18.23,25.54,12.34,77.77,1.18,0.0,18.21,29.6
2021-12-22,Krishnagiri,12.5266,78.2138,Semi-arid,18.59,25.59,13.66,81.85,1.07,0.0,16.71,29.6
2021-12-23,Krishnagiri,12.5266,78.2138,Semi-arid,18.38,25.8,13.63,79.75,1.13,0.0,19.0,29.6
2021-12-24,Krishnagiri,12.5266,78.2138,Semi-arid,18.18,25.62,12.55,76.71,1.21,0.0,20.15,29.61
2021-12-25,Krishnagiri,12.5266,78.2138,Semi-arid,18.95,26.67,13.71,82.12,1.29,0.0,20.07,29.62
2021-12-26,Krishnagiri,12.5266,78.2138,Semi-arid,19.14,25.9,14.36,84.72,1.42,0.0,18.89,29.64
2021-12-27,Krishnagiri,12.5266,78.2138,Semi-arid,19.46,25.41,14.44,85.07,1.68,0.0,19.69,29.66
2021-12-28,Krishnagiri,12.5266,78.2138,Semi-arid,19.45,25.15,14.8,85.96,1.9,0.0,17.35,29.68
2021-12-29,Krishnagiri,12.5266,78.2138,Semi-arid,19.67,25.54,15.01,85.53,1.84,0.0,17.88,29.71
2021-12-30,Krishnagiri,12.5266,78.2138,Semi-arid,20.23,25.44,14.98,87.27,2.59,0.89,12.58,29.74
2021-12-31,Krishnagiri,12.5266,78.2138,Semi-arid,21.63,26.48,18.6,88.72,3.59,2.55,10.45,29.78
2022-01-01,Krishnagiri,12.5266,78.2138,Semi-arid,21.73,26.35,19.2,87.95,3.38,2.21,12.22,29.82
2022-01-02,Krishnagiri,12.5266,78.2138,Semi-arid,21.01,25.94,17.71,86.56,2.9,0.21,16.93,29.86
2022-01-03,Krishnagiri,12.5266,78.2138,Semi-arid,20.38,26.33,15.55,84.66,2.11,0.0,17.32,29.9
2022-01-04,Krishnagiri,12.5266,78.2138,Semi-arid,20.26,26.02,16.38,85.25,2.08,0.0,16.63,29.94
2022-01-05,Krishnagiri,12.5266,78.2138,Semi-arid,20.26,27.23,14.65,81.4,1.24,0.0,19.0,29.99
2022-01-06,Krishnagiri,12.5266,78.2138,Semi-arid,20.42,26.29,15.87,84.32,1.81,0.0,17.04,30.04
2022-01-07,Krishnagiri,12.5266,78.2138,Semi-arid,20.97,26.68,16.84,84.6,1.7,0.0,17.96,30.09
2022-01-08,Krishnagiri,12.5266,78.2138,Semi-arid,21.23,26.63,17.01,85.79,1.96,0.0,15.96,30.15
2022-01-09,Krishnagiri,12.5266,78.2138,Semi-arid,21.06,27.05,16.87,83.82,1.67,0.0,18.83,30.21
2022-01-10,Krishnagiri,12.5266,78.2138,Semi-arid,20.87,27.29,16.28,80.86,1.6,0.0,19.03,30.28
2022-01-11,Krishnagiri,12.5266,78.2138,Semi-arid,21.23,27.74,16.16,81.65,1.59,0.0,19.16,30.34
2022-01-12,Krishnagiri,12.5266,78.2138,Semi-arid,21.83,27.74,17.15,81.82,1.44,0.0,17.75,30.41
2022-01-13,Krishnagiri,12.5266,78.2138,Semi-arid,22.32,27.93,17.55,82.16,1.34,0.0,18.29,30.49
2022-01-14,Krishnagiri,12.5266,78.2138,Semi-arid,22.96,28.41,18.77,82.54,1.28,0.0,16.96,30.56
2022-01-15,Krishnagiri,12.5266,78.2138,Semi-arid,23.11,28.66,19.35,80.93,1.07,0.0,17.65,30.64
2022-01-16,Krishnagiri,12.5266,78.2138,Semi-arid,22.31,27.79,18.41,82.39,2.4,0.14,16.98,30.72
2022-01-17,Krishnagiri,12.5266,78.2138,Semi-arid,21.87,27.56,18.25,81.75,2.72,0.08,17.05,30.8
2022-01-18,Krishnagiri,12.5266,78.2138,Semi-arid,20.99,26.61,16.23,81.02,2.3,0.0,17.57,30.89
2022-01-19,Krishnagiri,12.5266,78.2138,Semi-arid,20.89,28.13,15.46,76.16,1.7,0.0,19.5,30.97
2022-01-20,Krishnagiri,12.5266,78.2138,Semi-arid,20.74,29.02,14.68,73.01,1.17,0.0,19.66,31.06
2022-01-21,Krishnagiri,12.5266,78.2138,Semi-arid,21.89,30.26,14.72,69.2,0.97,0.0,20.29,31.15
2022-01-22,Krishnagiri,12.5266,78.2138,Semi-arid,22.99,30.8,15.07,61.79,1.41,0.0,20.34,31.24
2022-01-23,Krishnagiri,12.5266,78.2138,Semi-arid,22.92,30.06,16.71,59.92,1.15,0.01,18.39,31.33
2022-01-24,Krishnagiri,12.5266,78.2138,Semi-arid,21.37,29.33,13.7,70.81,1.29,0.01,18.22,31.42
2022-01-25,Krishnagiri,12.5266,78.2138,Semi-arid,22.67,28.51,18.54,78.77,1.55,0.05,16.43,31.51
2022-01-26,Krishnagiri,12.5266,78.2138,Semi-arid,22.5,28.58,18.84,78.59,2.31,0.07,16.04,31.61
2022-01-27,Krishnagiri,12.5266,78.2138,Semi-arid,22.08,28.08,17.83,76.3,2.5,0.13,13.96,31.71
2022-01-28,Krishnagiri,12.5266,78.2138,Semi-arid,21.47,28.09,16.33,78.18,3.02,0.15,11.94,31.8
2022-01-29,Krishnagiri,12.5266,78.2138,Semi-arid,21.91,28.77,16.44,78.43,2.93,0.02,14.25,31.9
2022-01-30,Krishnagiri,12.5266,78.2138,Semi-arid,23.07,30.37,16.98,76.41,1.64,0.0,16.47,32.0
2022-01-31,Krishnagiri,12.5266,78.2138,Semi-arid,24.09,31.78,18.43,73.36,1.45,0.0,17.53,32.1
2022-02-01,Krishnagiri,12.5266,78.2138,Semi-arid,23.45,31.31,18.2,73.2,1.72,0.0,16.77,32.21
2022-02-02,Krishnagiri,12.5266,78.2138,Semi-arid,22.58,31.59,16.84,67.78,1.55,0.0,20.73,32.32
2022-02-03,Krishnagiri,12.5266,78.2138,Semi-arid,22.04,30.68,15.41,69.11,1.18,0.0,20.78,32.43
2022-02-04,Krishnagiri,12.5266,78.2138,Semi-arid,23.52,31.92,16.13,63.87,1.45,0.0,21.37,32.54
2022-02-05,Krishnagiri,12.5266,78.2138,Semi-arid,23.41,30.91,17.28,72.93,1.88,0.0,17.08,32.64
2022-02-06,Krishnagiri,12.5266,78.2138,Semi-arid,23.3,29.76,18.91,74.43,2.44,0.0,17.55,32.75
2022-02-07,Krishnagiri,12.5266,78.2138,Semi-arid,22.83,30.64,17.54,71.62,1.93,0.0,18.93,32.86
2022-02-08,Krishnagiri,12.5266,78.2138,Semi-arid,22.62,31.05,16.41,68.98,2.12,0.0,20.3,32.97
2022-02-09,Krishnagiri,12.5266,78.2138,Semi-arid,21.92,30.77,16.08,68.99,2.63,0.0,21.83,33.09
2022-02-10,Krishnagiri,12.5266,78.2138,Semi-arid,21.24,30.98,14.09,62.16,2.38,0.0,22.85,33.2
2022-02-11,Krishnagiri,12.5266,78.2138,Semi-arid,21.9,30.56,14.71,66.78,3.25,0.06,21.08,33.31
2022-02-12,Krishnagiri,12.5266,78.2138,Semi-arid,22.62,29.92,17.03,68.59,3.12,0.03,20.4,33.42
2022-02-13,Krishnagiri,12.5266,78.2138,Semi-arid,22.23,30.42,16.38,66.88,2.68,0.0,20.07,33.53
2022-02-14,Krishnagiri,12.5266,78.2138,Semi-arid,22.67,31.1,16.9,67.52,2.31,0.0,17.95,33.64
2022-02-15,Krishnagiri,12.5266,78.2138,Semi-arid,22.65,30.68,17.04,67.24,2.42,0.0,20.01,33.75
2022-02-16,Krishnagiri,12.5266,78.2138,Semi-arid,23.04,31.93,16.12,63.72,1.87,0.0,19.04,33.85
2022-02-17,Krishnagiri,12.5266,78.2138,Semi-arid,23.24,31.46,16.86,62.9,2.3,0.0,21.06,33.97
2022-02-18,Krishnagiri,12.5266,78.2138,Semi-arid,22.95,31.54,16.63,66.3,2.7,0.0,21.51,34.07
2022-02-19,Krishnagiri,12.5266,78.2138,Semi-arid,23.2,32.01,15.48,64.93,2.75,0.0,20.08,34.18
2022-02-20,Krishnagiri,12.5266,78.2138,Semi-arid,24.34,33.95,16.83,60.33,1.63,0.0,23.06,34.29
2022-02-21,Krishnagiri,12.5266,78.2138,Semi-arid,25.72,34.82,17.54,61.09,1.17,0.0,21.8,34.39
2022-02-22,Krishnagiri,12.5266,78.2138,Semi-arid,25.94,34.19,19.7,58.06,2.41,0.0,21.24,34.5
2022-02-23,Krishnagiri,12.5266,78.2138,Semi-arid,24.44,33.05,18.53,61.21,3.07,0.0,23.45,34.6
2022-02-24,Krishnagiri,12.5266,78.2138,Semi-arid,23.49,32.76,16.25,58.57,2.36,0.0,24.14,34.71
2022-02-25,Krishnagiri,12.5266,78.2138,Semi-arid,23.2,33.5,15.68,54.87,2.66,0.0,25.41,34.81
2022-02-26,Krishnagiri,12.5266,78.2138,Semi-arid,22.99,32.78,14.49,62.59,2.81,0.0,25.41,34.91
2022-02-27,Krishnagiri,12.5266,78.2138,Semi-arid,24.68,33.36,18.59,60.31,2.95,0.0,24.7,35.01
2022-02-28,Krishnagiri,12.5266,78.2138,Semi-arid,24.26,33.65,16.44,53.77,2.32,0.0,26.0,35.11
2022-03-01,Krishnagiri,12.5266,78.2138,Semi-arid,24.38,33.65,15.85,51.43,2.7,0.0,26.2,35.21
2022-03-02,Krishnagiri,12.5266,78.2138,Semi-arid,23.97,33.75,15.14,44.18,2.87,0.0,22.92,35.31
2022-03-03,Krishnagiri,12.5266,78.2138,Semi-arid,23.59,33.11,15.12,48.71,3.22,0.0,21.62,35.4
2022-03-04,Krishnagiri,12.5266,78.2138,Semi-arid,24.39,33.91,15.51,43.81,3.36,0.0,23.62,35.5
2022-03-05,Krishnagiri,12.5266,78.2138,Semi-arid,24.85,32.91,18.05,52.96,3.29,0.0,22.97,35.59
2022-03-06,Krishnagiri,12.5266,78.2138,Semi-arid,24.94,32.74,18.69,55.33,3.75,0.04,19.97,35.69
2022-03-07,Krishnagiri,12.5266,78.2138,Semi-arid,23.85,31.26,17.6,61.67,3.26,0.54,12.88,35.78
2022-03-08,Krishnagiri,12.5266,78.2138,Semi-arid,25.81,34.66,18.49,55.79,2.74,0.01,24.78,35.87
2022-03-09,Krishnagiri,12.5266,78.2138,Semi-arid,26.41,36.13,18.28,48.88,2.41,0.0,25.06,35.96
2022-03-10,Krishnagiri,12.5266,78.2138,Semi-arid,26.3,35.28,18.59,43.38,3.08,0.0,25.0,36.05
2022-03-11,Krishnagiri,12.5266,78.2138,Semi-arid,25.87,35.31,17.32,39.34,3.15,0.0,25.48,36.13
2022-03-12,Krishnagiri,12.5266,78.2138,Semi-arid,26.09,35.8,17.66,36.58,3.06,0.0,24.81,36.22
2022-03-13,Krishnagiri,12.5266,78.2138,Semi-arid,25.9,34.93,18.31,39.06,3.0,0.0,23.67,36.3
2022-03-14,Krishnagiri,12.5266,78.2138,Semi-arid,27.0,36.3,18.97,42.08,2.61,0.0,23.68,36.38
2022-03-15,Krishnagiri,12.5266,78.2138,Semi-arid,27.48,37.17,18.8,41.95,2.07,0.0,20.9,36.46
2022-03-16,Krishnagiri,12.5266,78.2138,Semi-arid,27.72,37.71,19.4,37.16,1.98,0.0,23.06,36.54
2022-03-17,Krishnagiri,12.5266,78.2138,Semi-arid,28.42,38.08,20.24,33.51,2.35,0.0,21.11,36.61
2022-03-18,Krishnagiri,12.5266,78.2138,Semi-arid,28.28,37.7,19.85,36.8,2.05,0.0,22.45,36.69
2022-03-19,Krishnagiri,12.5266,78.2138,Semi-arid,29.23,37.52,20.11,40.8,1.09,0.01,20.59,36.76
2022-03-20,Krishnagiri,12.5266,78.2138,Semi-arid,27.7,34.08,23.32,53.77,1.96,1.27,14.85,36.83
2022-03-21,Krishnagiri,12.5266,78.2138,Semi-arid,28.1,35.65,22.69,56.51,1.19,9.04,18.45,36.89
2022-03-22,Krishnagiri,12.5266,78.2138,Semi-arid,27.71,34.85,21.75,62.92,1.53,5.36,15.28,36.96
2022-03-23,Krishnagiri,12.5266,78.2138,Semi-arid,27.85,34.33,21.82,62.52,1.61,0.81,17.83,37.02
2022-03-24,Krishnagiri,12.5266,78.2138,Semi-arid,28.13,35.48,22.25,58.87,1.45,0.32,18.85,37.08
2022-03-25,Krishnagiri,12.5266,78.2138,Semi-arid,27.79,35.59,21.33,60.67,1.63,0.2,19.92,37.14
2022-03-26,Krishnagiri,12.5266,78.2138,Semi-arid,28.53,36.51,21.24,58.09,1.77,0.26,20.36,37.2
2022-03-27,Krishnagiri,12.5266,78.2138,Semi-arid,29.0,37.4,22.41,56.06,2.36,0.06,22.45,37.24
2022-03-28,Krishnagiri,12.5266,78.2138,Semi-arid,29.43,37.66,22.46,53.96,2.67,0.0,24.54,37.3
2022-03-29,Krishnagiri,12.5266,78.2138,Semi-arid,29.71,37.76,21.8,49.06,2.02,0.01,23.6,37.35
2022-03-30,Krishnagiri,12.5266,78.2138,Semi-arid,30.37,37.97,22.59,44.87,2.29,0.06,22.21,37.39
2022-03-31,Krishnagiri,12.5266,78.2138,Semi-arid,30.29,37.59,24.0,45.06,2.08,0.0,22.08,37.45
2022-04-01,Krishnagiri,12.5266,78.2138,Semi-arid,29.86,37.66,23.17,47.38,2.48,0.31,22.2,37.5
2022-04-02,Krishnagiri,12.5266,78.2138,Semi-arid,29.19,37.62,22.73,51.33,2.44,0.08,22.78,37.54
2022-04-03,Krishnagiri,12.5266,78.2138,Semi-arid,29.17,37.46,22.74,52.69,2.76,0.0,24.87,37.59
2022-04-04,Krishnagiri,12.5266,78.2138,Semi-arid,29.0,37.8,21.97,52.25,2.87,0.0,24.45,37.63
2022-04-05,Krishnagiri,12.5266,78.2138,Semi-arid,28.59,37.4,21.07,49.56,2.83,0.0,25.2,37.67
2022-04-06,Krishnagiri,12.5266,78.2138,Semi-arid,28.62,37.91,19.85,50.01,2.5,0.3,26.1,37.72
2022-04-07,Krishnagiri,12.5266,78.2138,Semi-arid,28.66,36.25,21.74,52.65,2.51,1.31,25.97,37.76
2022-04-08,Krishnagiri,12.5266,78.2138,Semi-arid,28.53,36.08,21.88,58.2,2.59,1.35,24.46,37.79
2022-04-09,Krishnagiri,12.5266,78.2138,Semi-arid,28.55,36.74,22.22,57.19,2.52,0.21,22.51,37.82
2022-04-10,Krishnagiri,12.5266,78.2138,Semi-arid,28.84,37.45,21.08,50.22,2.54,0.09,21.88,37.85
2022-04-11,Krishnagiri,12.5266,78.2138,Semi-arid,28.44,35.99,20.82,53.91,2.12,0.01,22.86,37.87
2022-04-12,Krishnagiri,12.5266,78.2138,Semi-arid,29.09,37.36,22.29,53.93,2.46,0.07,22.08,37.9
2022-04-13,Krishnagiri,12.5266,78.2138,Semi-arid,28.12,34.04,23.73,60.74,2.36,4.2,16.74,37.92
2022-04-14,Krishnagiri,12.5266,78.2138,Semi-arid,25.86,32.5,21.05,70.05,1.66,21.08,21.05,37.95
2022-04-15,Krishnagiri,12.5266,78.2138,Semi-arid,28.79,36.6,20.96,59.27,0.85,0.13,25.89,37.97
2022-04-16,Krishnagiri,12.5266,78.2138,Semi-arid,29.83,37.13,22.95,57.48,1.31,2.71,24.1,37.98
2022-04-17,Krishnagiri,12.5266,78.2138,Semi-arid,28.1,34.0,23.57,67.3,1.63,19.48,22.6,38.0
2022-04-18,Krishnagiri,12.5266,78.2138,Semi-arid,27.73,34.59,22.01,65.34,2.06,10.14,21.46,38.01
2022-04-19,Krishnagiri,12.5266,78.2138,Semi-arid,28.28,34.8,22.79,64.87,1.17,2.09,21.69,38.02
2022-04-20,Krishnagiri,12.5266,78.2138,Semi-arid,28.35,36.47,21.49,61.65,2.1,0.07,24.79,38.03
2022-04-21,Krishnagiri,12.5266,78.2138,Semi-arid,27.3,34.11,23.01,68.45,2.23,0.0,25.64,38.03
2022-04-22,Krishnagiri,12.5266,78.2138,Semi-arid,27.16,33.61,21.93,68.57,2.01,0.03,25.71,38.04
2022-04-23,Krishnagiri,12.5266,78.2138,Semi-arid,25.85,30.57,22.82,74.31,1.98,5.26,22.53,38.05
2022-04-24,Krishnagiri,12.5266,78.2138,Semi-arid,28.0,36.64,20.66,58.58,1.83,0.28,24.32,38.07
2022-04-25,Krishnagiri,12.5266,78.2138,Semi-arid,27.73,36.0,20.61,61.08,1.58,0.01,25.74,38.07
2022-04-26,Krishnagiri,12.5266,78.2138,Semi-arid,28.21,36.74,21.11,59.44,1.75,0.03,25.56,38.09
2022-04-27,Krishnagiri,12.5266,78.2138,Semi-arid,28.49,37.01,21.39,59.62,2.15,0.0,26.57,38.1
2022-04-28,Krishnagiri,12.5266,78.2138,Semi-arid,29.05,37.4,21.33,58.79,1.68,0.0,26.83,38.1
2022-04-29,Krishnagiri,12.5266,78.2138,Semi-arid,29.99,38.89,23.0,55.37,2.31,0.04,25.25,38.1
2022-04-30,Krishnagiri,12.5266,78.2138,Semi-arid,30.42,37.77,23.08,58.22,1.35,0.46,23.21,38.1
2022-05-01,Krishnagiri,12.5266,78.2138,Semi-arid,30.56,38.22,24.06,57.34,1.49,12.32,19.83,38.09
2022-05-02,Krishnagiri,12.5266,78.2138,Semi-arid,29.53,35.72,23.78,63.0,1.57,7.79,24.04,38.09
2022-05-03,Krishnagiri,12.5266,78.2138,Semi-arid,28.23,33.7,24.05,69.32,1.62,6.7,21.38,38.09
2022-05-04,Krishnagiri,12.5266,78.2138,Semi-arid,28.91,36.02,23.5,64.82,1.8,2.23,20.04,38.08
2022-05-05,Krishnagiri,12.5266,78.2138,Semi-arid,28.06,35.05,22.73,66.66,1.22,2.68,19.03,38.07
2022-05-06,Krishnagiri,12.5266,78.2138,Semi-arid,27.62,34.12,22.17,65.32,1.44,3.83,22.01,38.07
2022-05-07,Krishnagiri,12.5266,78.2138,Semi-arid,28.65,35.59,22.24,61.74,1.21,16.42,20.86,38.06
2022-05-08,Krishnagiri,12.5266,78.2138,Semi-arid,29.15,36.31,22.78,65.01,1.56,2.25,17.9,38.06
2022-05-09,Krishnagiri,12.5266,78.2138,Semi-arid,28.56,34.82,23.4,66.19,1.75,6.19,16.38,38.05
2022-05-10,Krishnagiri,12.5266,78.2138,Semi-arid,27.49,33.0,23.73,66.9,3.51,2.47,7.23,38.04
2022-05-11,Krishnagiri,12.5266,78.2138,Semi-arid,26.68,32.45,22.64,70.07,5.07,5.32,13.14,38.03
2022-05-12,Krishnagiri,12.5266,78.2138,Semi-arid,25.26,30.65,21.98,76.31,4.06,4.59,7.25,38.01
2022-05-13,Krishnagiri,12.5266,78.2138,Semi-arid,26.65,32.89,21.43,73.65,2.77,2.65,15.5,38.0
2022-05-14,Krishnagiri,12.5266,78.2138,Semi-arid,26.38,32.2,21.65,75.22,2.29,6.02,14.97,38.0
2022-05-15,Krishnagiri,12.5266,78.2138,Semi-arid,24.89,27.43,23.0,87.31,1.88,23.99,20.16,37.99
2022-05-16,Krishnagiri,12.5266,78.2138,Semi-arid,25.91,30.09,22.47,83.27,1.93,22.92,12.8,37.98
2022-05-17,Krishnagiri,12.5266,78.2138,Semi-arid,25.7,29.64,22.38,76.2,0.88,46.34,19.65,37.96
2022-05-18,Krishnagiri,12.5266,78.2138,Semi-arid,25.75,30.42,22.08,79.22,0.9,16.14,15.2,37.94
2022-05-19,Krishnagiri,12.5266,78.2138,Semi-arid,23.84,26.33,21.04,87.28,3.11,3.04,13.76,37.92
2022-05-20,Krishnagiri,12.5266,78.2138,Semi-arid,23.25,28.12,19.5,79.89,3.94,1.06,20.97,37.91
2022-05-21,Krishnagiri,12.5266,78.2138,Semi-arid,24.91,31.31,19.2,74.65,4.41,1.24,20.87,37.89
2022-05-22,Krishnagiri,12.5266,78.2138,Semi-arid,25.56,31.73,20.76,75.73,4.22,0.06,18.33,37.88
2022-05-23,Krishnagiri,12.5266,78.2138,Semi-arid,26.47,33.2,20.57,74.37,3.46,0.0,25.25,37.87
2022-05-24,Krishnagiri,12.5266,78.2138,Semi-arid,27.52,33.77,22.18,71.29,2.68,0.1,25.69,37.87
2022-05-25,Krishnagiri,12.5266,78.2138,Semi-arid,27.47,32.24,22.4,70.86,1.59,0.95,22.52,37.85
2022-05-26,Krishnagiri,12.5266,78.2138,Semi-arid,26.56,31.09,22.42,74.41,2.06,0.73,21.56,37.83
2022-05-27,Krishnagiri,12.5266,78.2138,Semi-arid,25.87,31.08,21.76,74.3,3.0,0.24,24.57,37.82
2022-05-28,Krishnagiri,12.5266,78.2138,Semi-arid,26.02,31.89,21.67,72.7,3.42,0.05,24.95,37.79
2022-05-29,Krishnagiri,12.5266,78.2138,Semi-arid,25.54,31.98,20.15,69.03,3.09,0.06,25.24,37.78
2022-05-30,Krishnagiri,12.5266,78.2138,Semi-arid,26.13,31.87,21.45,71.88,2.69,5.55,23.09,37.76
2022-05-31,Krishnagiri,12.5266,78.2138,Semi-arid,25.12,30.24,21.63,77.83,2.88,5.56,22.83,37.75
2022-06-01,Krishnagiri,12.5266,78.2138,Semi-arid,25.02,29.9,21.59,76.11,3.29,0.35,23.14,37.73
2022-06-02,Krishnagiri,12.5266,78.2138,Semi-arid,26.64,33.1,21.42,70.28,2.34,0.04,21.7,37.72
2022-06-03,Krishnagiri,12.5266,78.2138,Semi-arid,26.1,31.41,21.36,73.56,1.92,4.81,22.83,37.71
2022-06-04,Krishnagiri,12.5266,78.2138,Semi-arid,25.22,29.59,22.27,72.5,2.31,6.81,22.81,37.7
2022-06-05,Krishnagiri,12.5266,78.2138,Semi-arid,26.23,30.78,21.31,70.98,1.38,7.91,21.73,37.69
2022-06-06,Krishnagiri,12.5266,78.2138,Semi-arid,24.81,28.73,22.01,81.34,1.56,7.7,21.54,37.67
2022-06-07,Krishnagiri,12.5266,78.2138,Semi-arid,25.7,30.85,22.03,77.21,2.39,1.61,16.46,37.66
2022-06-08,Krishnagiri,12.5266,78.2138,Semi-arid,25.62,30.9,21.61,74.83,3.31,0.07,23.81,37.65
2022-06-09,Krishnagiri,12.5266,78.2138,Semi-arid,26.17,32.5,20.98,71.22,2.93,0.02,23.71,37.64
2022-06-10,Krishnagiri,12.5266,78.2138,Semi-arid,26.1,32.91,20.71,70.84,3.87,0.03,21.06,37.64
2022-06-11,Krishnagiri,12.5266,78.2138,Semi-arid,25.81,31.94,20.55,69.81,3.43,0.03,21.7,37.63
2022-06-12,Krishnagiri,12.5266,78.2138,Semi-arid,25.03,30.9,20.57,69.71,3.04,0.61,23.76,37.62
2022-06-13,Krishnagiri,12.5266,78.2138,Semi-arid,25.44,31.04,20.0,71.54,2.35,0.94,22.95,37.61
2022-06-14,Krishnagiri,12.5266,78.2138,Semi-arid,25.83,31.38,21.25,75.4,2.44,9.71,24.21,37.59
2022-06-15,Krishnagiri,12.5266,78.2138,Semi-arid,24.76,29.38,21.38,79.92,2.43,20.57,20.94,37.58
2022-06-16,Krishnagiri,12.5266,78.2138,Semi-arid,24.8,28.05,21.94,82.29,1.57,10.69,21.76,37.57
2022-06-17,Krishnagiri,12.5266,78.2138,Semi-arid,24.34,28.08,22.22,85.15,1.19,28.94,20.4,37.57
2022-06-18,Krishnagiri,12.5266,78.2138,Semi-arid,23.84,26.81,21.22,84.8,1.5,5.3,19.77,37.56
2022-06-19,Krishnagiri,12.5266,78.2138,Semi-arid,24.5,28.02,21.22,84.31,1.64,12.37,21.32,37.56
2022-06-20,Krishnagiri,12.5266,78.2138,Semi-arid,24.66,29.7,20.38,78.14,2.8,5.41,20.63,37.55
2022-06-21,Krishnagiri,12.5266,78.2138,Semi-arid,24.45,29.36,21.06,80.5,3.16,2.9,20.24,37.54
2022-06-22,Krishnagiri,12.5266,78.2138,Semi-arid,24.09,29.02,20.11,82.08,2.3,0.33,17.29,37.53
2022-06-23,Krishnagiri,12.5266,78.2138,Semi-arid,24.86,29.55,20.7,79.36,2.29,0.02,16.19,37.52
2022-06-24,Krishnagiri,12.5266,78.2138,Semi-arid,23.89,28.34,20.99,79.41,3.81,0.09,23.4,37.52
2022-06-25,Krishnagiri,12.5266,78.2138,Semi-arid,23.92,29.37,20.14,79.02,3.75,0.57,15.75,37.52
2022-06-26,Krishnagiri,12.5266,78.2138,Semi-arid,24.38,30.4,20.15,76.93,3.96,0.04,20.42,37.51
2022-06-27,Krishnagiri,12.5266,78.2138,Semi-arid,24.78,30.46,20.52,75.29,3.59,0.0,18.82,37.51
2022-06-28,Krishnagiri,12.5266,78.2138,Semi-arid,25.34,31.44,20.74,74.94,3.2,0.02,19.53,37.51
2022-06-29,Krishnagiri,12.5266,78.2138,Semi-arid,25.73,31.24,21.19,76.06,2.96,1.9,22.21,37.51
2022-06-30,Krishnagiri,12.5266,78.2138,Semi-arid,24.89,29.44,21.31,80.43,3.4,3.48,19.65,37.51
2022-07-01,Krishnagiri,12.5266,78.2138,Semi-arid,24.73,29.22,21.12,80.79,3.62,1.84,21.57,37.51
2022-07-02,Krishnagiri,12.5266,78.2138,Semi-arid,24.5,29.09,20.8,80.63,3.66,0.73,20.18,37.52
2022-07-03,Krishnagiri,12.5266,78.2138,Semi-arid,25.0,29.74,21.61,78.67,3.92,0.07,17.11,37.52
2022-07-04,Krishnagiri,12.5266,78.2138,Semi-arid,24.5,29.15,20.95,77.32,5.0,0.94,15.09,37.52
2022-07-05,Krishnagiri,12.5266,78.2138,Semi-arid,24.13,28.62,20.77,78.93,4.68,0.8,14.38,37.52
2022-07-06,Krishnagiri,12.5266,78.2138,Semi-arid,24.24,29.2,20.93,77.46,4.22,1.2,10.2,37.53
2022-07-07,Krishnagiri,12.5266,78.2138,Semi-arid,23.83,28.69,20.62,80.5,4.36,5.61,13.72,37.53
2022-07-08,Krishnagiri,12.5266,78.2138,Semi-arid,24.36,29.6,20.55,76.09,5.22,1.98,13.05,37.53
2022-07-09,Krishnagiri,12.5266,78.2138,Semi-arid,24.29,29.2,20.69,80.04,4.62,4.97,12.15,37.53
2022-07-10,Krishnagiri,12.5266,78.2138,Semi-arid,24.71,30.47,20.34,76.6,4.78,1.17,12.81,37.53
2022-07-11,Krishnagiri,12.5266,78.2138,Semi-arid,24.71,29.93,20.89,76.12,4.77,1.99,11.31,37.54
2022-07-12,Krishnagiri,12.5266,78.2138,Semi-arid,24.46,29.22,20.78,75.0,5.75,1.05,19.55,37.54
2022-07-13,Krishnagiri,12.5266,78.2138,Semi-arid,24.72,30.3,21.03,73.38,6.47,1.13,17.61,37.55
2022-07-14,Krishnagiri,12.5266,78.2138,Semi-arid,24.34,29.3,20.74,71.72,6.9,0.73,17.55,37.56
2022-07-15,Krishnagiri,12.5266,78.2138,Semi-arid,24.87,30.68,20.46,73.07,5.16,0.36,18.04,37.56
2022-07-16,Krishnagiri,12.5266,78.2138,Semi-arid,25.0,30.29,21.0,78.26,4.18,10.59,15.13,37.57
2022-07-17,Krishnagiri,12.5266,78.2138,Semi-arid,25.2,31.52,20.68,76.14,4.76,1.97,17.12,37.58
2022-07-18,Krishnagiri,12.5266,78.2138,Semi-arid,24.08,28.16,21.07,78.22,3.56,3.43,14.34,37.58
2022-07-19,Krishnagiri,12.5266,78.2138,Semi-arid,25.01,30.39,20.6,76.78,2.4,0.51,22.77,37.59
2022-07-20,Krishnagiri,12.5266,78.2138,Semi-arid,25.84,30.16,21.81,76.97,1.79,22.46,18.75,37.6
2022-07-21,Krishnagiri,12.5266,78.2138,Semi-arid,25.45,29.48,22.09,79.46,1.9,9.73,21.64,37.6
2022-07-22,Krishnagiri,12.5266,78.2138,Semi-arid,24.07,27.5,22.12,85.14,2.16,13.63,14.31,37.6
2022-07-23,Krishnagiri,12.5266,78.2138,Semi-arid,24.42,29.44,20.83,80.33,3.02,0.22,18.04,37.61
2022-07-24,Krishnagiri,12.5266,78.2138,Semi-arid,24.01,28.36,20.34,79.98,3.12,0.05,16.7,37.61
2022-07-25,Krishnagiri,12.5266,78.2138,Semi-arid,24.57,29.28,20.64,77.59,2.54,1.59,20.1,37.62
2022-07-26,Krishnagiri,12.5266,78.2138,Semi-arid,24.08,28.32,20.77,80.54,2.4,6.69,16.13,37.63
2022-07-27,Krishnagiri,12.5266,78.2138,Semi-arid,24.24,28.92,21.19,83.76,1.62,9.25,19.53,37.63
2022-07-28,Krishnagiri,12.5266,78.2138,Semi-arid,25.06,29.26,21.5,78.08,0.84,2.08,23.6,37.63
2022-07-29,Krishnagiri,12.5266,78.2138,Semi-arid,24.58,28.46,21.39,79.05,0.79,8.73,21.16,37.64
2022-07-30,Krishnagiri,12.5266,78.2138,Semi-arid,25.53,30.53,20.3,75.39,0.81,15.2,21.57,37.64
2022-07-31,Krishnagiri,12.5266,78.2138,Semi-arid,24.99,29.29,21.64,83.86,1.18,10.84,20.23,37.64
2022-08-01,Krishnagiri,12.5266,78.2138,Semi-arid,25.39,29.44,21.79,81.59,1.67,39.56,21.73,37.65
2022-08-02,Krishnagiri,12.5266,78.2138,Semi-arid,24.87,28.7,21.33,82.65,1.8,18.4,17.64,37.65
2022-08-03,Krishnagiri,12.5266,78.2138,Semi-arid,23.61,26.93,20.88,85.63,1.91,30.84,9.8,37.66
2022-08-04,Krishnagiri,12.5266,78.2138,Semi-arid,23.2,26.66,20.12,88.22,1.17,16.97,10.1,37.66
2022-08-05,Krishnagiri,12.5266,78.2138,Semi-arid,23.87,28.23,20.91,82.95,4.45,3.63,10.02,37.67
2022-08-06,Krishnagiri,12.5266,78.2138,Semi-arid,23.61,28.72,19.48,82.55,4.8,2.42,12.03,37.67
2022-08-07,Krishnagiri,12.5266,78.2138,Semi-arid,23.46,27.95,19.98,84.32,4.87,3.05,13.49,37.68
2022-08-08,Krishnagiri,12.5266,78.2138,Semi-arid,23.79,28.18,20.51,82.72,5.2,1.63,15.24,37.67
2022-08-09,Krishnagiri,12.5266,78.2138,Semi-arid,23.71,28.8,20.09,79.9,5.32,0.85,18.96,37.67
2022-08-10,Krishnagiri,12.5266,78.2138,Semi-arid,23.4,29.09,19.08,79.87,4.67,0.16,19.21,37.66
2022-08-11,Krishnagiri,12.5266,78.2138,Semi-arid,23.88,29.81,19.06,80.86,4.06,0.49,19.13,37.66
2022-08-12,Krishnagiri,12.5266,78.2138,Semi-arid,24.16,30.57,19.53,80.49,3.84,0.17,18.87,37.66
2022-08-13,Krishnagiri,12.5266,78.2138,Semi-arid,23.58,28.4,19.74,81.64,3.21,0.02,21.89,37.65
2022-08-14,Krishnagiri,12.5266,78.2138,Semi-arid,24.46,30.84,19.27,77.0,3.62,0.0,18.59,37.64
2022-08-15,Krishnagiri,12.5266,78.2138,Semi-arid,25.2,30.56,19.86,76.23,2.57,0.01,20.77,37.63
2022-08-16,Krishnagiri,12.5266,78.2138,Semi-arid,25.66,30.26,21.51,77.62,1.05,0.02,22.2,37.62
2022-08-17,Krishnagiri,12.5266,78.2138,Semi-arid,25.37,29.34,21.65,80.43,1.45,0.34,21.3,37.61
2022-08-18,Krishnagiri,12.5266,78.2138,Semi-arid,24.27,27.45,21.82,85.4,2.44,266.32,21.12,37.6
2022-08-19,Krishnagiri,12.5266,78.2138,Semi-arid,24.65,29.32,20.69,82.54,3.19,33.92,17.67,37.59
2022-08-20,Krishnagiri,12.5266,78.2138,Semi-arid,24.21,28.85,20.48,83.06,3.23,0.03,17.66,37.58
2022-08-21,Krishnagiri,12.5266,78.2138,Semi-arid,24.37,29.13,20.16,83.8,3.38,6.44,20.45,37.56
2022-08-22,Krishnagiri,12.5266,78.2138,Semi-arid,24.21,28.61,20.88,84.66,3.58,2.96,17.5,37.54
2022-08-23,Krishnagiri,12.5266,78.2138,Semi-arid,24.7,30.0,20.14,82.29,3.36,1.57,21.5,37.52
2022-08-24,Krishnagiri,12.5266,78.2138,Semi-arid,23.8,27.4,20.81,84.86,2.65,9.24,16.35,37.5
2022-08-25,Krishnagiri,12.5266,78.2138,Semi-arid,23.82,27.12,20.76,84.49,2.33,18.49,15.04,37.48
2022-08-26,Krishnagiri,12.5266,78.2138,Semi-arid,23.7,27.4,20.57,87.74,2.01,40.7,16.95,37.46
2022-08-27,Krishnagiri,12.5266,78.2138,Semi-arid,23.7,27.38,21.09,87.85,2.12,15.54,16.11,37.44
2022-08-28,Krishnagiri,12.5266,78.2138,Semi-arid,23.97,28.16,20.16,84.67,2.0,15.76,21.03,37.42
2022-08-29,Krishnagiri,12.5266,78.2138,Semi-arid,23.74,27.32,21.55,90.22,1.55,34.04,16.59,37.39
2022-08-30,Krishnagiri,12.5266,78.2138,Semi-arid,24.17,28.27,20.9,87.51,1.64,1.69,20.66,37.36
2022-08-31,Krishnagiri,12.5266,78.2138,Semi-arid,23.23,26.28,21.28,90.36,1.48,5.45,13.24,37.34
2022-09-01,Krishnagiri,12.5266,78.2138,Semi-arid,23.81,28.26,20.46,84.64,0.92,5.94,10.75,37.32
2022-09-02,Krishnagiri,12.5266,78.2138,Semi-arid,23.91,27.78,20.73,86.36,1.32,3.93,21.06,37.29
2022-09-03,Krishnagiri,12.5266,78.2138,Semi-arid,25.04,29.97,20.88,82.54,0.79,8.32,21.22,37.27
2022-09-04,Krishnagiri,12.5266,78.2138,Semi-arid,24.73,27.51,21.49,86.6,0.94,41.96,20.17,37.23
2022-09-05,Krishnagiri,12.5266,78.2138,Semi-arid,24.77,28.12,21.84,87.07,0.84,28.69,23.53,37.2
2022-09-06,Krishnagiri,12.5266,78.2138,Semi-arid,24.55,28.31,21.86,83.75,1.0,18.85,19.93,37.16
2022-09-07,Krishnagiri,12.5266,78.2138,Semi-arid,23.84,27.51,20.83,85.99,1.39,12.24,15.48,37.13
2022-09-08,Krishnagiri,12.5266,78.2138,Semi-arid,23.36,27.08,20.45,88.7,2.17,3.05,10.76,37.09
2022-09-09,Krishnagiri,12.5266,78.2138,Semi-arid,23.86,27.86,20.46,88.27,2.44,0.5,19.2,37.05
2022-09-10,Krishnagiri,12.5266,78.2138,Semi-arid,23.71,28.24,20.26,87.19,3.39,2.29,14.54,37.01
2022-09-11,Krishnagiri,12.5266,78.2138,Semi-arid,23.12,27.0,20.3,87.64,3.35,0.17,14.91,36.96
2022-09-12,Krishnagiri,12.5266,78.2138,Semi-arid,23.29,28.02,19.57,85.87,3.51,0.01,20.89,36.9
2022-09-13,Krishnagiri,12.5266,78.2138,Semi-arid,23.81,28.61,19.29,86.43,2.52,2.08,20.1,36.85
2022-09-14,Krishnagiri,12.5266,78.2138,Semi-arid,24.23,28.36,20.2,85.6,2.27,4.67,22.83,36.81
2022-09-15,Krishnagiri,12.5266,78.2138,Semi-arid,23.41,27.46,19.79,85.95,2.31,0.31,18.15,36.76
2022-09-16,Krishnagiri,12.5266,78.2138,Semi-arid,23.81,27.86,19.95,85.54,2.52,0.02,21.79,36.7
2022-09-17,Krishnagiri,12.5266,78.2138,Semi-arid,23.97,28.79,20.12,84.93,2.36,0.04,22.19,36.64
2022-09-18,Krishnagiri,12.5266,78.2138,Semi-arid,24.34,28.89,19.84,82.64,2.44,0.18,20.29,36.58
2022-09-19,Krishnagiri,12.5266,78.2138,Semi-arid,23.79,27.21,20.7,85.91,2.62,0.02,18.73,36.52
2022-09-20,Krishnagiri,12.5266,78.2138,Semi-arid,22.81,27.88,18.82,80.76,2.78,0.01,19.16,36.46
2022-09-21,Krishnagiri,12.5266,78.2138,Semi-arid,23.47,29.1,18.59,82.24,2.67,0.03,22.08,36.4
2022-09-22,Krishnagiri,12.5266,78.2138,Semi-arid,23.64,28.94,19.23,79.53,2.77,0.0,22.83,36.34
2022-09-23,Krishnagiri,12.5266,78.2138,Semi-arid,22.62,26.67,19.51,82.67,2.51,0.01,24.05,36.27
2022-09-24,Krishnagiri,12.5266,78.2138,Semi-arid,23.85,29.35,19.23,82.16,2.65,2.48,20.73,36.2
2022-09-25,Krishnagiri,12.5266,78.2138,Semi-arid,24.62,29.76,19.85,79.62,2.06,2.68,20.57,36.13
2022-09-26,Krishnagiri,12.5266,78.2138,Semi-arid,24.65,28.99,20.54,83.92,1.74,2.18,14.42,36.06
2022-09-27,Krishnagiri,12.5266,78.2138,Semi-arid,23.16,26.28,20.62,88.03,1.98,1.39,15.79,35.99
2022-09-28,Krishnagiri,12.5266,78.2138,Semi-arid,23.68,28.15,20.76,85.43,2.25,2.18,12.51,35.92
2022-09-29,Krishnagiri,12.5266,78.2138,Semi-arid,23.26,27.63,20.45,85.53,2.04,0.83,14.42,35.85
2022-09-30,Krishnagiri,12.5266,78.2138,Semi-arid,22.57,26.0,20.29,88.33,2.67,7.43,12.04,35.78
2022-10-01,Krishnagiri,12.5266,78.2138,Semi-arid,22.32,26.16,19.64,88.34,2.86,5.46,13.69,35.7
2022-10-02,Krishnagiri,12.5266,78.2138,Semi-arid,22.74,27.34,18.92,84.52,2.91,0.61,13.96,35.62
2022-10-03,Krishnagiri,12.5266,78.2138,Semi-arid,23.39,27.45,19.93,84.55,2.98,0.02,13.59,35.54
2022-10-04,Krishnagiri,12.5266,78.2138,Semi-arid,23.26,26.67,20.52,87.53,2.36,0.08,14.37,35.45
2022-10-05,Krishnagiri,12.5266,78.2138,Semi-arid,23.16,26.69,20.68,88.84,2.08,8.99,10.45,35.37
2022-10-06,Krishnagiri,12.5266,78.2138,Semi-arid,23.1,26.43,20.55,85.06,1.94,0.61,10.67,35.29
2022-10-07,Krishnagiri,12.5266,78.2138,Semi-arid,23.54,28.02,19.48,83.15,1.33,0.27,17.92,35.2
2022-10-08,Krishnagiri,12.5266,78.2138,Semi-arid,22.19,24.12,20.75,90.49,1.57,1.68,13.48,35.12
2022-10-09,Krishnagiri,12.5266,78.2138,Semi-arid,23.28,27.01,20.0,89.07,1.92,12.95,12.74,35.03
2022-10-10,Krishnagiri,12.5266,78.2138,Semi-arid,23.78,27.66,20.69,90.19,2.03,23.72,13.7,34.94
2022-10-11,Krishnagiri,12.5266,78.2138,Semi-arid,23.59,27.33,20.98,90.94,1.71,6.12,15.97,34.85
2022-10-12,Krishnagiri,12.5266,78.2138,Semi-arid,23.84,27.91,20.5,88.1,1.34,3.19,18.09,34.77
2022-10-13,Krishnagiri,12.5266,78.2138,Semi-arid,23.92,27.93,20.75,88.22,1.43,17.74,18.25,34.68
2022-10-14,Krishnagiri,12.5266,78.2138,Semi-arid,24.72,29.88,21.28,84.42,0.8,14.68,18.33,34.58
2022-10-15,Krishnagiri,12.5266,78.2138,Semi-arid,24.09,28.19,21.0,87.54,1.49,20.67,19.04,34.48
2022-10-16,Krishnagiri,12.5266,78.2138,Semi-arid,24.16,28.25,21.14,89.05,1.69,26.26,16.86,34.38
2022-10-17,Krishnagiri,12.5266,78.2138,Semi-arid,24.25,27.96,21.52,89.63,1.79,6.11,15.27,34.28
2022-10-18,Krishnagiri,12.5266,78.2138,Semi-arid,23.96,27.64,21.25,88.21,0.85,6.22,17.3,34.19
2022-10-19,Krishnagiri,12.5266,78.2138,Semi-arid,23.93,27.51,21.13,84.95,0.79,30.34,20.98,34.09
2022-10-20,Krishnagiri,12.5266,78.2138,Semi-arid,24.1,28.65,20.91,84.61,1.26,9.06,17.75,33.99
2022-10-21,Krishnagiri,12.5266,78.2138,Semi-arid,23.18,26.47,21.03,89.72,1.49,2.31,16.31,33.89
2022-10-22,Krishnagiri,12.5266,78.2138,Semi-arid,23.15,27.02,20.06,88.94,1.92,1.08,19.0,33.79
2022-10-23,Krishnagiri,12.5266,78.2138,Semi-arid,22.93,28.23,18.49,83.47,1.64,0.03,19.6,33.69
2022-10-24,Krishnagiri,12.5266,78.2138,Semi-arid,20.82,27.19,15.9,76.38,2.14,0.0,21.8,33.59
2022-10-25,Krishnagiri,12.5266,78.2138,Semi-arid,20.57,27.7,14.22,70.73,1.63,0.0,23.52,33.49
2022-10-26,Krishnagiri,12.5266,78.2138,Semi-arid,20.91,27.52,15.06,73.06,1.18,0.0,22.59,33.38
2022-10-27,Krishnagiri,12.5266,78.2138,Semi-arid,20.98,27.23,14.75,80.01,1.63,0.02,19.64,33.28
2022-10-28,Krishnagiri,12.5266,78.2138,Semi-arid,21.88,26.31,17.51,88.86,1.91,1.26,15.83,33.18
2022-10-29,Krishnagiri,12.5266,78.2138,Semi-arid,22.64,27.46,18.81,88.88,2.41,3.31,9.0,33.08
2022-10-30,Krishnagiri,12.5266,78.2138,Semi-arid,22.64,27.42,18.76,87.21,2.1,0.33,11.76,32.98
2022-10-31,Krishnagiri,12.5266,78.2138,Semi-arid,21.73,25.2,19.2,88.06,1.94,0.08,15.56,32.88
2022-11-01,Krishnagiri,12.5266,78.2138,Semi-arid,21.58,24.26,19.17,91.46,2.16,9.56,6.66,32.78
2022-11-02,Krishnagiri,12.5266,78.2138,Semi-arid,21.3,26.1,18.34,88.81,2.22,7.02,7.18,32.68
2022-11-03,Krishnagiri,12.5266,78.2138,Semi-arid,21.32,26.45,16.67,86.44,2.28,6.76,12.09,32.58
2022-11-04,Krishnagiri,12.5266,78.2138,Semi-arid,21.32,26.19,17.85,87.7,2.19,3.71,13.27,32.48
2022-11-05,Krishnagiri,12.5266,78.2138,Semi-arid,21.76,26.91,18.04,87.15,1.95,1.05,16.55,32.38
2022-11-06,Krishnagiri,12.5266,78.2138,Semi-arid,21.63,25.95,18.17,89.62,2.07,0.85,13.43,32.28
2022-11-07,Krishnagiri,12.5266,78.2138,Semi-arid,21.77,27.03,17.61,86.28,2.12,0.09,20.45,32.18
2022-11-08,Krishnagiri,12.5266,78.2138,Semi-arid,22.53,27.11,18.88,87.86,2.19,0.01,16.84,32.08
2022-11-09,Krishnagiri,12.5266,78.2138,Semi-arid,22.55,27.58,18.6,85.78,2.06,0.01,19.5,31.98
2022-11-10,Krishnagiri,12.5266,78.2138,Semi-arid,22.41,27.64,17.92,86.87,2.29,1.62,15.75,31.88
2022-11-11,Krishnagiri,12.5266,78.2138,Semi-arid,21.07,24.43,18.92,90.84,3.17,13.2,2.34,31.78
2022-11-12,Krishnagiri,12.5266,78.2138,Semi-arid,21.86,24.31,20.17,92.38,3.07,14.77,5.28,31.68
2022-11-13,Krishnagiri,12.5266,78.2138,Semi-arid,22.02,26.04,19.05,90.46,2.42,3.69,8.6,31.59
2022-11-14,Krishnagiri,12.5266,78.2138,Semi-arid,22.25,26.74,18.8,88.92,1.62,0.93,15.24,31.5
2022-11-15,Krishnagiri,12.5266,78.2138,Semi-arid,22.24,26.29,19.56,88.53,1.49,0.63,16.11,31.41
2022-11-16,Krishnagiri,12.5266,78.2138,Semi-arid,21.78,26.86,18.16,87.69,1.54,0.0,16.6,31.32
2022-11-17,Krishnagiri,12.5266,78.2138,Semi-arid,20.04,26.52,15.16,78.72,1.91,0.0,19.73,31.23
2022-11-18,Krishnagiri,12.5266,78.2138,Semi-arid,19.0,26.0,12.88,78.78,1.87,0.0,19.84,31.14
2022-11-19,Krishnagiri,12.5266,78.2138,Semi-arid,19.03,25.29,13.81,81.09,1.94,0.0,17.71,31.06
2022-11-20,Krishnagiri,12.5266,78.2138,Semi-arid,18.36,24.03,12.49,78.73,1.56,0.0,14.9,30.97
2022-11-21,Krishnagiri,12.5266,78.2138,Semi-arid,18.73,23.6,14.66,85.48,1.92,0.05,13.56,30.89
2022-11-22,Krishnagiri,12.5266,78.2138,Semi-arid,21.3,26.33,17.29,87.98,1.64,1.13,8.49,30.81
2022-11-23,Krishnagiri,12.5266,78.2138,Semi-arid,22.45,27.57,18.51,87.51,1.15,6.32,7.91,30.73
2022-11-24,Krishnagiri,12.5266,78.2138,Semi-arid,22.41,26.85,19.44,89.09,1.85,3.5,8.09,30.66
2022-11-25,Krishnagiri,12.5266,78.2138,Semi-arid,22.2,26.75,18.65,88.14,1.62,0.63,16.04,30.59
2022-11-26,Krishnagiri,12.5266,78.2138,Semi-arid,22.51,27.65,18.71,86.1,1.36,0.06,17.26,30.52
2022-11-27,Krishnagiri,12.5266,78.2138,Semi-arid,22.97,28.09,19.34,85.96,1.01,0.37,14.42,30.45
2022-11-28,Krishnagiri,12.5266,78.2138,Semi-arid,23.16,28.22,19.41,86.98,1.08,0.56,13.47,30.38
2022-11-29,Krishnagiri,12.5266,78.2138,Semi-arid,22.03,27.21,18.01,85.99,1.73,0.15,14.22,30.31
2022-11-30,Krishnagiri,12.5266,78.2138,Semi-arid,19.84,25.88,15.08,82.31,1.67,0.01,18.34,30.25
2022-12-01,Krishnagiri,12.5266,78.2138,Semi-arid,22.15,27.0,17.96,89.17,1.88,0.82,9.35,30.19
2022-12-02,Krishnagiri,12.5266,78.2138,Semi-arid,22.68,27.63,19.36,87.35,1.69,0.31,17.11,30.13
2022-12-03,Krishnagiri,12.5266,78.2138,Semi-arid,22.39,27.29,18.79,87.68,2.05,0.12,17.31,30.08
2022-12-04,Krishnagiri,12.5266,78.2138,Semi-arid,21.76,24.99,19.41,90.31,2.12,0.24,15.27,30.02
2022-12-05,Krishnagiri,12.5266,78.2138,Semi-arid,21.9,27.49,18.52,87.87,2.14,0.3,13.46,29.97
2022-12-06,Krishnagiri,12.5266,78.2138,Semi-arid,21.66,27.03,18.23,86.51,1.7,0.0,12.52,29.92
2022-12-07,Krishnagiri,12.5266,78.2138,Semi-arid,20.04,26.02,16.18,82.23,2.03,0.0,14.65,29.87
2022-12-08,Krishnagiri,12.5266,78.2138,Semi-arid,18.6,24.1,14.58,77.25,2.43,0.15,8.77,29.83
2022-12-09,Krishnagiri,12.5266,78.2138,Semi-arid,19.03,22.69,15.63,83.9,3.9,2.27,5.7,29.8
2022-12-10,Krishnagiri,12.5266,78.2138,Semi-arid,20.58,24.03,18.24,92.54,3.96,24.32,4.35,29.76
2022-12-11,Krishnagiri,12.5266,78.2138,Semi-arid,21.81,24.66,19.85,93.14,2.99,8.57,6.69,29.73
2022-12-12,Krishnagiri,12.5266,78.2138,Semi-arid,21.77,24.14,20.06,93.44,1.72,20.01,9.6,29.7
2022-12-13,Krishnagiri,12.5266,78.2138,Semi-arid,22.05,25.59,19.89,90.92,2.66,10.15,6.74,29.68
2022-12-14,Krishnagiri,12.5266,78.2138,Semi-arid,21.76,26.35,18.42,88.54,1.89,1.45,15.25,29.66
2022-12-15,Krishnagiri,12.5266,78.2138,Semi-arid,20.87,26.6,15.92,83.65,1.69,0.03,20.3,29.64
2022-12-16,Krishnagiri,12.5266,78.2138,Semi-arid,19.97,26.96,14.05,78.93,1.68,0.0,20.4,29.62
2022-12-17,Krishnagiri,12.5266,78.2138,Semi-arid,20.78,26.55,15.83,86.14,1.96,0.0,17.56,29.61
2022-12-18,Krishnagiri,12.5266,78.2138,Semi-arid,21.29,26.96,17.73,88.21,2.48,0.0,12.64,29.6
2022-12-19,Krishnagiri,12.5266,78.2138,Semi-arid,19.42,25.11,16.27,85.15,2.25,0.0,18.19,29.6
2022-12-20,Krishnagiri,12.5266,78.2138,Semi-arid,20.09,26.91,14.85,83.8,2.05,0.0,17.25,29.6
2022-12-21,Krishnagiri,12.5266,78.2138,Semi-arid,19.65,26.56,14.03,79.71,1.99,0.0,14.38,29.6
2022-12-22,Krishnagiri,12.5266,78.2138,Semi-arid,19.39,25.86,14.64,80.93,2.27,0.0,19.29,29.6
2022-12-23,Krishnagiri,12.5266,78.2138,Semi-arid,20.73,27.39,15.5,86.6,2.22,0.0,18.63,29.6
2022-12-24,Krishnagiri,12.5266,78.2138,Semi-arid,21.64,27.29,17.09,85.29,2.21,0.04,17.28,29.61
2022-12-25,Krishnagiri,12.5266,78.2138,Semi-arid,22.29,27.78,18.45,88.06,3.1,6.0,6.37,29.62
2022-12-26,Krishnagiri,12.5266,78.2138,Semi-arid,22.13,26.58,19.46,88.84,2.77,1.55,9.39,29.64
2022-12-27,Krishnagiri,12.5266,78.2138,Semi-arid,22.04,26.73,18.38,89.18,2.31,0.64,7.7,29.67
2022-12-28,Krishnagiri,12.5266,78.2138,Semi-arid,22.16,27.16,18.56,87.2,1.81,0.07,18.65,29.69
2022-12-29,Krishnagiri,12.5266,78.2138,Semi-arid,21.6,27.32,17.36,83.8,1.58,0.0,20.32,29.72
2022-12-30,Krishnagiri,12.5266,78.2138,Semi-arid,20.66,27.03,16.02,80.99,1.43,0.0,20.73,29.74
2022-12-31,Krishnagiri,12.5266,78.2138,Semi-arid,20.19,26.93,15.65,74.95,0.94,0.0,20.05,29.78
2023-01-01,Krishnagiri,12.5266,78.2138,Semi-arid,19.6,26.71,14.85,78.48,1.42,0.0,20.33,29.81
2023-01-02,Krishnagiri,12.5266,78.2138,Semi-arid,19.71,26.09,14.65,83.01,1.94,0.0,19.65,29.86
2023-01-03,Krishnagiri,12.5266,78.2138,Semi-arid,19.85,25.76,15.39,83.37,1.84,0.0,17.54,29.9
2023-01-04,Krishnagiri,12.5266,78.2138,Semi-arid,20.06,26.22,15.39,82.97,1.93,0.0,17.79,29.95
2023-01-05,Krishnagiri,12.5266,78.2138,Semi-arid,19.74,25.81,15.23,81.18,2.44,0.0,13.14,30.0
2023-01-06,Krishnagiri,12.5266,78.2138,Semi-arid,19.99,26.15,15.37,82.52,2.92,0.0,13.94,30.06
2023-01-07,Krishnagiri,12.5266,78.2138,Semi-arid,20.28,26.47,15.8,82.93,2.7,0.0,14.23,30.11
2023-01-08,Krishnagiri,12.5266,78.2138,Semi-arid,20.59,26.77,16.06,81.79,1.98,0.0,16.03,30.16
2023-01-09,Krishnagiri,12.5266,78.2138,Semi-arid,19.22,26.45,13.76,74.48,1.91,0.0,21.22,30.22
2023-01-10,Krishnagiri,12.5266,78.2138,Semi-arid,17.79,26.35,10.28,77.83,2.27,0.0,21.5,30.28
2023-01-11,Krishnagiri,12.5266,78.2138,Semi-arid,18.5,27.4,12.43,74.26,1.63,0.0,21.18,30.34
2023-01-12,Krishnagiri,12.5266,78.2138,Semi-arid,19.17,29.12,12.6,68.81,1.36,0.0,21.82,30.4
2023-01-13,Krishnagiri,12.5266,78.2138,Semi-arid,19.48,29.06,13.26,72.24,1.16,0.0,19.57,30.47
2023-01-14,Krishnagiri,12.5266,78.2138,Semi-arid,19.19,29.3,13.01,69.29,1.28,0.0,21.41,30.54
2023-01-15,Krishnagiri,12.5266,78.2138,Semi-arid,19.22,29.17,12.85,70.23,1.36,0.0,21.56,30.61
2023-01-16,Krishnagiri,12.5266,78.2138,Semi-arid,19.52,29.77,12.46,70.28,1.7,0.0,22.02,30.69
2023-01-17,Krishnagiri,12.5266,78.2138,Semi-arid,19.29,29.05,12.8,72.32,1.48,0.0,21.79,30.76
2023-01-18,Krishnagiri,12.5266,78.2138,Semi-arid,19.48,28.65,13.35,73.85,1.88,0.0,21.08,30.84
2023-01-19,Krishnagiri,12.5266,78.2138,Semi-arid,19.51,28.89,13.44,71.06,1.95,0.0,22.11,30.93
2023-01-20,Krishnagiri,12.5266,78.2138,Semi-arid,19.91,27.48,13.82,78.49,2.11,0.0,16.08,31.02
2023-01-21,Krishnagiri,12.5266,78.2138,Semi-arid,20.89,28.4,15.39,75.44,2.19,0.0,16.81,31.12
2023-01-22,Krishnagiri,12.5266,78.2138,Semi-arid,20.51,28.18,15.01,71.18,2.28,0.0,18.28,31.21
2023-01-23,Krishnagiri,12.5266,78.2138,Semi-arid,21.45,28.57,15.99,79.05,2.49,0.03,8.6,31.31
2023-01-24,Krishnagiri,12.5266,78.2138,Semi-arid,22.05,29.77,16.94,74.79,2.2,0.5,16.24,31.41
2023-01-25,Krishnagiri,12.5266,78.2138,Semi-arid,20.9,29.53,15.26,72.63,1.98,0.15,21.12,31.51
2023-01-26,Krishnagiri,12.5266,78.2138,Semi-arid,20.61,29.2,14.42,72.85,2.05,0.0,20.02,31.6
2023-01-27,Krishnagiri,12.5266,78.2138,Semi-arid,20.19,29.07,14.5,69.79,2.32,0.0,21.19,31.7
2023-01-28,Krishnagiri,12.5266,78.2138,Semi-arid,19.9,29.33,12.21,67.44,2.31,0.0,21.18,31.8
2023-01-29,Krishnagiri,12.5266,78.2138,Semi-arid,20.53,29.16,12.36,73.04,2.5,0.0,18.74,31.9
2023-01-30,Krishnagiri,12.5266,78.2138,Semi-arid,22.27,29.08,17.39,77.02,2.31,0.0,12.72,32.01
2023-01-31,Krishnagiri,12.5266,78.2138,Semi-arid,22.65,29.98,17.53,70.33,2.66,0.0,17.34,32.11
2023-02-01,Krishnagiri,12.5266,78.2138,Semi-arid,22.8,30.64,17.44,65.5,2.89,0.01,19.09,32.22
2023-02-02,Krishnagiri,12.5266,78.2138,Semi-arid,22.42,29.06,17.44,64.63,3.1,0.01,13.78,32.33
2023-02-03,Krishnagiri,12.5266,78.2138,Semi-arid,23.12,30.94,17.46,71.32,2.99,0.11,7.33,32.43
2023-02-04,Krishnagiri,12.5266,78.2138,Semi-arid,23.26,31.57,17.83,67.36,3.04,1.0,22.07,32.54
2023-02-05,Krishnagiri,12.5266,78.2138,Semi-arid,23.1,32.3,15.48,60.32,2.38,0.0,22.81,32.65
2023-02-06,Krishnagiri,12.5266,78.2138,Semi-arid,22.34,31.6,14.96,64.93,1.87,0.0,21.5,32.76
2023-02-07,Krishnagiri,12.5266,78.2138,Semi-arid,22.25,31.17,15.43,64.04,1.05,0.0,22.81,32.86
2023-02-08,Krishnagiri,12.5266,78.2138,Semi-arid,22.98,32.38,15.68,64.43,2.16,0.0,21.86,32.96
2023-02-09,Krishnagiri,12.5266,78.2138,Semi-arid,22.84,31.82,16.43,62.18,2.02,0.0,22.29,33.07
2023-02-10,Krishnagiri,12.5266,78.2138,Semi-arid,23.11,32.41,16.52,61.68,2.07,0.0,22.75,33.18
2023-02-11,Krishnagiri,12.5266,78.2138,Semi-arid,22.81,32.7,15.28,57.4,1.99,0.0,20.14,33.29
2023-02-12,Krishnagiri,12.5266,78.2138,Semi-arid,23.68,33.65,17.14,52.34,2.07,0.0,23.91,33.4
2023-02-13,Krishnagiri,12.5266,78.2138,Semi-arid,23.49,33.73,16.31,48.88,2.45,0.0,24.05,33.51
2023-02-14,Krishnagiri,12.5266,78.2138,Semi-arid,22.98,33.37,15.48,55.36,1.95,0.0,24.28,33.61
2023-02-15,Krishnagiri,12.5266,78.2138,Semi-arid,23.23,33.72,15.53,55.59,2.09,0.0,24.28,33.71
2023-02-16,Krishnagiri,12.5266,78.2138,Semi-arid,22.92,32.88,15.08,57.19,2.62,0.0,23.97,33.82
2023-02-17,Krishnagiri,12.5266,78.2138,Semi-arid,22.75,32.71,15.16,59.53,2.21,0.0,24.32,33.93
2023-02-18,Krishnagiri,12.5266,78.2138,Semi-arid,23.01,32.91,15.8,58.9,1.93,0.0,24.87,34.05
2023-02-19,Krishnagiri,12.5266,78.2138,Semi-arid,23.53,33.41,16.12,57.79,2.02,0.0,24.64,34.16
2023-02-20,Krishnagiri,12.5266,78.2138,Semi-arid,23.86,34.26,15.95,52.21,1.57,0.0,25.02,34.27
2023-02-21,Krishnagiri,12.5266,78.2138,Semi-arid,24.18,34.32,16.3,51.43,2.06,0.0,23.94,34.38
2023-02-22,Krishnagiri,12.5266,78.2138,Semi-arid,23.99,34.22,16.19,52.52,2.54,0.0,23.79,34.48
2023-02-23,Krishnagiri,12.5266,78.2138,Semi-arid,22.81,33.48,14.67,54.68,2.42,0.0,25.91,34.58
2023-02-24,Krishnagiri,12.5266,78.2138,Semi-arid,23.5,34.72,14.94,50.29,2.12,0.0,26.19,34.68
2023-02-25,Krishnagiri,12.5266,78.2138,Semi-arid,24.18,35.05,14.89,43.22,2.72,0.0,25.55,34.78
2023-02-26,Krishnagiri,12.5266,78.2138,Semi-arid,23.77,33.9,15.5,46.06,2.89,0.0,25.09,34.89
2023-02-27,Krishnagiri,12.5266,78.2138,Semi-arid,22.75,32.87,14.91,52.06,2.62,0.0,25.67,35.0
2023-02-28,Krishnagiri,12.5266,78.2138,Semi-arid,23.06,32.09,13.32,56.9,2.8,0.0,21.38,35.1
2023-03-01,Krishnagiri,12.5266,78.2138,Semi-arid,25.08,33.26,18.97,59.88,3.17,0.0,23.1,35.21
2023-03-02,Krishnagiri,12.5266,78.2138,Semi-arid,23.44,33.4,15.4,51.35,3.08,0.0,26.3,35.31
2023-03-03,Krishnagiri,12.5266,78.2138,Semi-arid,23.22,33.66,13.34,49.2,3.35,0.0,25.96,35.41
2023-03-04,Krishnagiri,12.5266,78.2138,Semi-arid,23.9,34.33,14.42,44.9,3.22,0.0,25.44,35.51
2023-03-05,Krishnagiri,12.5266,78.2138,Semi-arid,24.53,34.54,15.64,41.52,3.09,0.0,25.41,35.6
2023-03-06,Krishnagiri,12.5266,78.2138,Semi-arid,24.0,33.67,15.02,42.79,3.02,0.0,25.95,35.69
2023-03-07,Krishnagiri,12.5266,78.2138,Semi-arid,24.19,33.29,15.87,45.54,2.88,0.0,22.05,35.78
2023-03-08,Krishnagiri,12.5266,78.2138,Semi-arid,24.54,33.83,16.2,50.63,3.25,0.0,25.01,35.87
2023-03-09,Krishnagiri,12.5266,78.2138,Semi-arid,24.44,33.6,15.99,51.98,2.89,0.0,20.25,35.96
2023-03-10,Krishnagiri,12.5266,78.2138,Semi-arid,24.95,33.32,16.4,50.07,3.09,0.0,20.27,36.05
2023-03-11,Krishnagiri,12.5266,78.2138,Semi-arid,25.22,34.53,17.1,53.76,3.19,0.0,24.56,36.14
2023-03-12,Krishnagiri,12.5266,78.2138,Semi-arid,25.32,34.35,17.06,56.91,3.1,0.0,25.23,36.23
2023-03-13,Krishnagiri,12.5266,78.2138,Semi-arid,26.11,35.19,17.79,53.84,2.92,0.0,24.17,36.31
2023-03-14,Krishnagiri,12.5266,78.2138,Semi-arid,26.53,35.65,17.86,47.97,2.49,0.0,23.05,36.38
2023-03-15,Krishnagiri,12.5266,78.2138,Semi-arid,27.33,36.47,19.42,51.85,2.62,0.0,22.88,36.46
2023-03-16,Krishnagiri,12.5266,78.2138,Semi-arid,27.71,35.53,20.93,54.32,1.98,0.36,17.74,36.54
2023-03-17,Krishnagiri,12.5266,78.2138,Semi-arid,26.33,33.39,22.03,64.1,2.3,8.01,18.91,36.61
2023-03-18,Krishnagiri,12.5266,78.2138,Semi-arid,26.19,33.31,21.12,68.09,2.68,4.62,20.38,36.69
2023-03-19,Krishnagiri,12.5266,78.2138,Semi-arid,26.51,33.23,21.61,65.46,2.01,3.18,18.24,36.75
2023-03-20,Krishnagiri,12.5266,78.2138,Semi-arid,26.52,34.56,20.13,63.7,1.78,1.04,20.74,36.82
2023-03-21,Krishnagiri,12.5266,78.2138,Semi-arid,27.25,36.3,18.88,52.41,1.51,0.03,24.63,36.89
2023-03-22,Krishnagiri,12.5266,78.2138,Semi-arid,27.62,35.93,18.95,48.4,1.43,0.0,20.8,36.94
2023-03-23,Krishnagiri,12.5266,78.2138,Semi-arid,28.54,35.33,22.04,54.12,1.75,0.71,20.0,37.01
2023-03-24,Krishnagiri,12.5266,78.2138,Semi-arid,27.88,34.44,21.51,59.5,2.0,2.39,21.33,37.06
2023-03-25,Krishnagiri,12.5266,78.2138,Semi-arid,26.95,33.28,21.78,66.15,2.02,4.13,19.4,37.12
2023-03-26,Krishnagiri,12.5266,78.2138,Semi-arid,27.57,33.66,22.73,62.41,1.09,0.89,19.46,37.19
2023-03-27,Krishnagiri,12.5266,78.2138,Semi-arid,27.88,34.25,22.06,61.14,1.14,0.55,21.09,37.25
2023-03-28,Krishnagiri,12.5266,78.2138,Semi-arid,29.03,36.7,21.8,55.11,1.93,0.1,22.11,37.31
2023-03-29,Krishnagiri,12.5266,78.2138,Semi-arid,29.0,37.29,21.43,52.65,2.22,1.05,24.25,37.37
2023-03-30,Krishnagiri,12.5266,78.2138,Semi-arid,28.59,36.59,20.99,49.75,1.8,1.07,21.25,37.42
2023-03-31,Krishnagiri,12.5266,78.2138,Semi-arid,29.61,37.5,22.01,46.06,1.72,0.01,21.91,37.47
2023-04-01,Krishnagiri,12.5266,78.2138,Semi-arid,28.92,35.63,23.05,51.63,1.91,0.49,19.12,37.52
2023-04-02,Krishnagiri,12.5266,78.2138,Semi-arid,28.52,34.99,23.39,56.88,1.76,0.65,16.98,37.56
2023-04-03,Krishnagiri,12.5266,78.2138,Semi-arid,28.95,35.63,22.4,52.31,2.21,0.48,22.64,37.61
2023-04-04,Krishnagiri,12.5266,78.2138,Semi-arid,27.06,31.72,23.18,65.39,1.7,7.63,20.78,37.65
2023-04-05,Krishnagiri,12.5266,78.2138,Semi-arid,27.85,34.96,22.43,59.57,1.89,0.7,22.58,37.69
2023-04-06,Krishnagiri,12.5266,78.2138,Semi-arid,28.03,35.96,22.03,56.83,2.15,0.09,23.81,37.73
2023-04-07,Krishnagiri,12.5266,78.2138,Semi-arid,27.97,35.99,21.4,56.03,2.68,0.0,24.81,37.77
2023-04-08,Krishnagiri,12.5266,78.2138,Semi-arid,27.44,35.66,20.51,54.58,3.14,0.0,25.93,37.8
2023-04-09,Krishnagiri,12.5266,78.2138,Semi-arid,27.55,36.57,19.47,53.07,2.76,0.0,26.13,37.83
2023-04-10,Krishnagiri,12.5266,78.2138,Semi-arid,28.02,37.0,19.97,51.15,2.84,0.0,26.3,37.85
2023-04-11,Krishnagiri,12.5266,78.2138,Semi-arid,28.23,38.09,19.52,40.48,2.24,0.0,27.42,37.88
2023-04-12,Krishnagiri,12.5266,78.2138,Semi-arid,28.2,37.21,20.31,37.17,2.2,0.0,27.41,37.91
2023-04-13,Krishnagiri,12.5266,78.2138,Semi-arid,29.75,38.96,21.9,27.59,2.19,0.0,27.29,37.93
2023-04-14,Krishnagiri,12.5266,78.2138,Semi-arid,29.19,36.7,22.2,30.51,2.03,0.0,26.79,37.95
2023-04-15,Krishnagiri,12.5266,78.2138,Semi-arid,30.13,38.71,22.54,31.64,2.21,0.0,22.45,37.97
2023-04-16,Krishnagiri,12.5266,78.2138,Semi-arid,28.73,36.94,22.33,37.42,2.07,0.0,26.05,37.99
2023-04-17,Krishnagiri,12.5266,78.2138,Semi-arid,29.49,37.92,21.85,35.0,2.51,0.0,26.82,38.01
2023-04-18,Krishnagiri,12.5266,78.2138,Semi-arid,29.7,39.22,20.64,37.78,2.37,0.0,26.81,38.02
2023-04-19,Krishnagiri,12.5266,78.2138,Semi-arid,30.05,39.35,20.62,38.03,1.84,0.0,26.42,38.03
2023-04-20,Krishnagiri,12.5266,78.2138,Semi-arid,31.4,39.54,22.56,43.53,1.98,0.0,25.59,38.04
2023-04-21,Krishnagiri,12.5266,78.2138,Semi-arid,32.12,39.53,24.41,42.32,1.97,0.57,21.34,38.06
2023-04-22,Krishnagiri,12.5266,78.2138,Semi-arid,30.98,36.99,25.33,48.56,1.73,2.48,20.43,38.08
2023-04-23,Krishnagiri,12.5266,78.2138,Semi-arid,30.3,36.76,24.32,51.75,1.83,1.62,18.01,38.09
2023-04-24,Krishnagiri,12.5266,78.2138,Semi-arid,29.16,35.9,24.07,54.45,3.04,0.44,23.53,38.1
2023-04-25,Krishnagiri,12.5266,78.2138,Semi-arid,29.0,36.0,23.37,55.67,2.87,1.49,23.29,38.1
2023-04-26,Krishnagiri,12.5266,78.2138,Semi-arid,29.17,35.55,23.98,52.2,2.55,0.03,21.86,38.1
2023-04-27,Krishnagiri,12.5266,78.2138,Semi-arid,29.4,36.04,23.74,51.92,2.58,0.0,21.42,38.1
2023-04-28,Krishnagiri,12.5266,78.2138,Semi-arid,29.37,37.02,22.66,53.05,3.0,0.02,24.32,38.09
2023-04-29,Krishnagiri,12.5266,78.2138,Semi-arid,28.55,36.32,23.13,60.37,2.43,14.09,20.55,38.09
2023-04-30,Krishnagiri,12.5266,78.2138,Semi-arid,27.79,34.66,22.5,64.58,2.22,2.93,21.51,38.1
2023-05-01,Krishnagiri,12.5266,78.2138,Semi-arid,25.5,29.13,22.63,77.71,1.46,20.04,16.85,38.11
2023-05-02,Krishnagiri,12.5266,78.2138,Semi-arid,25.81,31.53,21.77,76.16,1.89,7.5,18.63,38.11
2023-05-03,Krishnagiri,12.5266,78.2138,Semi-arid,25.9,30.54,22.92,77.57,1.81,2.46,17.63,38.1
2023-05-04,Krishnagiri,12.5266,78.2138,Semi-arid,25.95,30.53,23.08,75.74,0.94,7.34,18.17,38.09
2023-05-05,Krishnagiri,12.5266,78.2138,Semi-arid,24.36,27.49,22.27,82.64,1.57,22.99,16.89,38.09
2023-05-06,Krishnagiri,12.5266,78.2138,Semi-arid,24.83,30.21,21.44,81.0,1.04,5.65,13.47,38.07
2023-05-07,Krishnagiri,12.5266,78.2138,Semi-arid,25.55,30.78,22.52,81.76,1.68,12.73,16.24,38.06
2023-05-08,Krishnagiri,12.5266,78.2138,Semi-arid,25.55,29.79,22.18,80.48,1.39,9.22,19.72,38.05
2023-05-09,Krishnagiri,12.5266,78.2138,Semi-arid,26.71,32.62,21.17,74.21,1.63,0.74,23.0,38.04
2023-05-10,Krishnagiri,12.5266,78.2138,Semi-arid,27.27,33.76,21.83,69.63,1.78,0.16,21.68,38.04
2023-05-11,Krishnagiri,12.5266,78.2138,Semi-arid,27.77,33.09,23.74,67.02,1.21,0.12,21.14,38.04
2023-05-12,Krishnagiri,12.5266,78.2138,Semi-arid,29.18,35.76,22.65,62.97,1.29,5.83,20.02,38.03
2023-05-13,Krishnagiri,12.5266,78.2138,Semi-arid,28.78,35.23,23.52,64.86,2.94,0.0,18.62,38.02
2023-05-14,Krishnagiri,12.5266,78.2138,Semi-arid,29.09,35.88,24.04,64.55,3.04,0.0,24.64,38.01
2023-05-15,Krishnagiri,12.5266,78.2138,Semi-arid,29.9,36.35,23.6,62.29,2.6,0.16,24.68,37.99
2023-05-16,Krishnagiri,12.5266,78.2138,Semi-arid,30.48,37.41,23.06,57.85,2.17,0.13,24.89,37.98
2023-05-17,Krishnagiri,12.5266,78.2138,Semi-arid,30.84,38.23,25.25,56.34,1.6,0.96,24.49,37.97
2023-05-18,Krishnagiri,12.5266,78.2138,Semi-arid,30.05,37.3,23.37,57.91,1.42,0.04,21.74,37.95
2023-05-19,Krishnagiri,12.5266,78.2138,Semi-arid,28.51,34.35,24.98,66.9,1.01,0.06,23.12,37.94
2023-05-20,Krishnagiri,12.5266,78.2138,Semi-arid,29.4,34.72,23.63,61.45,1.48,3.03,23.85,37.92
2023-05-21,Krishnagiri,12.5266,78.2138,Semi-arid,29.09,34.69,23.93,67.29,1.2,15.42,23.23,37.9
2023-05-22,Krishnagiri,12.5266,78.2138,Semi-arid,28.5,34.27,23.63,67.18,1.38,5.15,21.28,37.88
2023-05-23,Krishnagiri,12.5266,78.2138,Semi-arid,28.25,34.19,23.59,66.35,1.06,4.63,23.16,37.85
2023-05-24,Krishnagiri,12.5266,78.2138,Semi-arid,27.34,33.03,22.7,68.49,1.94,1.32,22.88,37.84
2023-05-25,Krishnagiri,12.5266,78.2138,Semi-arid,27.71,34.07,22.35,67.21,2.14,2.54,22.54,37.83
2023-05-26,Krishnagiri,12.5266,78.2138,Semi-arid,28.06,33.82,23.19,67.21,2.46,5.82,22.91,37.81
2023-05-27,Krishnagiri,12.5266,78.2138,Semi-arid,29.15,35.78,21.78,62.32,1.95,0.49,23.77,37.8
2023-05-28,Krishnagiri,12.5266,78.2138,Semi-arid,28.98,34.45,24.12,63.35,1.18,0.06,21.26,37.79
2023-05-29,Krishnagiri,12.5266,78.2138,Semi-arid,29.43,35.84,23.55,59.79,1.74,0.05,24.39,37.78
2023-05-30,Krishnagiri,12.5266,78.2138,Semi-arid,27.93,34.12,23.58,69.02,1.38,5.41,19.23,37.77
2023-05-31,Krishnagiri,12.5266,78.2138,Semi-arid,26.62,30.01,23.19,72.63,0.89,13.28,22.78,37.76
2023-06-01,Krishnagiri,12.5266,78.2138,Semi-arid,27.89,34.72,21.84,65.89,2.04,2.95,21.81,37.75
2023-06-02,Krishnagiri,12.5266,78.2138,Semi-arid,28.32,34.66,22.38,63.14,2.51,0.96,22.16,37.73
2023-06-03,Krishnagiri,12.5266,78.2138,Semi-arid,29.31,35.64,22.95,63.39,2.25,0.01,22.12,37.72
2023-06-04,Krishnagiri,12.5266,78.2138,Semi-arid,29.46,36.07,23.64,62.05,2.18,0.04,19.99,37.7
2023-06-05,Krishnagiri,12.5266,78.2138,Semi-arid,27.43,32.41,23.72,70.96,2.61,0.09,21.22,37.69
2023-06-06,Krishnagiri,12.5266,78.2138,Semi-arid,27.82,33.88,22.43,67.3,2.98,1.83,23.77,37.68
2023-06-07,Krishnagiri,12.5266,78.2138,Semi-arid,27.99,33.8,23.02,68.27,2.7,0.43,20.34,37.68
2023-06-08,Krishnagiri,12.5266,78.2138,Semi-arid,26.78,31.77,23.27,69.9,3.16,0.54,21.59,37.66
2023-06-09,Krishnagiri,12.5266,78.2138,Semi-arid,27.67,34.01,22.72,66.05,3.39,3.57,22.71,37.65
2023-06-10,Krishnagiri,12.5266,78.2138,Semi-arid,27.69,35.3,21.55,62.87,4.66,0.35,24.46,37.64
2023-06-11,Krishnagiri,12.5266,78.2138,Semi-arid,28.28,35.99,21.84,60.6,3.87,0.02,22.64,37.63
2023-06-12,Krishnagiri,12.5266,78.2138,Semi-arid,27.41,33.35,22.54,70.66,3.45,17.01,23.45,37.62
2023-06-13,Krishnagiri,12.5266,78.2138,Semi-arid,27.95,34.64,22.26,67.57,3.51,0.59,24.5,37.62
2023-06-14,Krishnagiri,12.5266,78.2138,Semi-arid,27.23,32.12,22.89,69.46,3.64,1.3,23.7,37.61
2023-06-15,Krishnagiri,12.5266,78.2138,Semi-arid,28.53,35.49,22.21,64.49,3.14,0.09,23.94,37.6
2023-06-16,Krishnagiri,12.5266,78.2138,Semi-arid,28.8,35.51,22.44,62.63,3.38,0.01,25.61,37.59
2023-06-17,Krishnagiri,12.5266,78.2138,Semi-arid,27.43,32.58,23.65,68.57,2.69,0.05,19.13,37.57
2023-06-18,Krishnagiri,12.5266,78.2138,Semi-arid,26.25,30.58,23.39,70.67,3.53,0.34,10.01,37.56
2023-06-19,Krishnagiri,12.5266,78.2138,Semi-arid,26.33,32.15,22.26,71.46,3.18,1.41,9.11,37.55
2023-06-20,Krishnagiri,12.5266,78.2138,Semi-arid,25.79,30.34,22.47,75.4,2.15,6.53,9.15,37.55
2023-06-21,Krishnagiri,12.5266,78.2138,Semi-arid,25.74,30.08,21.98,75.44,1.58,12.7,13.33,37.55
2023-06-22,Krishnagiri,12.5266,78.2138,Semi-arid,26.78,32.01,22.13,68.65,1.71,14.68,17.15,37.54
2023-06-23,Krishnagiri,12.5266,78.2138,Semi-arid,25.92,31.96,21.58,69.27,2.84,6.55,18.91,37.55
2023-06-24,Krishnagiri,12.5266,78.2138,Semi-arid,24.88,29.79,20.99,76.39,3.58,0.22,18.35,37.54
2023-06-25,Krishnagiri,12.5266,78.2138,Semi-arid,24.95,29.16,22.16,79.94,2.44,1.34,19.36,37.54
2023-06-26,Krishnagiri,12.5266,78.2138,Semi-arid,25.43,31.58,20.44,67.99,3.6,0.07,16.25,37.53
2023-06-27,Krishnagiri,12.5266,78.2138,Semi-arid,25.93,33.05,20.45,66.36,3.61,0.45,19.42,37.52
2023-06-28,Krishnagiri,12.5266,78.2138,Semi-arid,26.44,33.33,19.97,62.29,3.95,0.06,20.45,37.51
2023-06-29,Krishnagiri,12.5266,78.2138,Semi-arid,26.61,34.05,20.66,66.36,3.76,2.85,20.27,37.5
2023-06-30,Krishnagiri,12.5266,78.2138,Semi-arid,26.64,34.28,20.58,63.08,4.14,0.6,23.48,37.51
2023-07-01,Krishnagiri,12.5266,78.2138,Semi-arid,26.33,32.13,21.65,65.93,3.66,1.01,20.92,37.52
2023-07-02,Krishnagiri,12.5266,78.2138,Semi-arid,24.94,29.86,21.18,73.69,3.48,2.3,12.43,37.52
2023-07-03,Krishnagiri,12.5266,78.2138,Semi-arid,25.56,31.4,21.61,75.21,3.7,3.72,17.9,37.53
2023-07-04,Krishnagiri,12.5266,78.2138,Semi-arid,25.04,30.08,21.86,77.4,4.42,5.17,16.78,37.54
2023-07-05,Krishnagiri,12.5266,78.2138,Semi-arid,24.53,29.25,21.34,74.33,5.02,1.08,15.95,37.53
2023-07-06,Krishnagiri,12.5266,78.2138,Semi-arid,24.78,29.98,20.42,71.37,5.23,0.35,13.62,37.53
2023-07-07,Krishnagiri,12.5266,78.2138,Semi-arid,25.21,30.93,20.3,73.39,3.69,2.51,15.92,37.53
2023-07-08,Krishnagiri,12.5266,78.2138,Semi-arid,25.39,30.78,20.88,72.81,3.45,3.02,16.14,37.53
2023-07-09,Krishnagiri,12.5266,78.2138,Semi-arid,25.92,31.91,20.4,71.77,3.13,1.89,19.54,37.53
2023-07-10,Krishnagiri,12.5266,78.2138,Semi-arid,25.91,31.98,21.77,71.82,3.04,5.21,13.87,37.53
2023-07-11,Krishnagiri,12.5266,78.2138,Semi-arid,25.48,31.09,21.7,69.88,3.59,9.54,13.05,37.53
2023-07-12,Krishnagiri,12.5266,78.2138,Semi-arid,25.48,32.78,20.02,66.6,4.08,6.66,19.02,37.54
2023-07-13,Krishnagiri,12.5266,78.2138,Semi-arid,25.4,32.96,19.47,70.39,3.74,8.55,20.75,37.54
2023-07-14,Krishnagiri,12.5266,78.2138,Semi-arid,26.03,32.46,20.84,70.28,4.08,0.62,20.48,37.54
2023-07-15,Krishnagiri,12.5266,78.2138,Semi-arid,25.81,31.48,20.77,69.88,3.76,0.84,22.59,37.55
2023-07-16,Krishnagiri,12.5266,78.2138,Semi-arid,26.64,32.98,21.22,70.53,3.51,0.12,16.65,37.56
2023-07-17,Krishnagiri,12.5266,78.2138,Semi-arid,26.31,32.03,21.38,71.2,4.13,0.05,20.85,37.56
2023-07-18,Krishnagiri,12.5266,78.2138,Semi-arid,26.77,33.13,21.7,67.09,5.09,0.02,21.46,37.57
2023-07-19,Krishnagiri,12.5266,78.2138,Semi-arid,26.28,31.78,22.1,68.13,5.9,0.07,16.48,37.57
2023-07-20,Krishnagiri,12.5266,78.2138,Semi-arid,26.25,31.7,22.25,66.03,6.26,0.03,19.36,37.58
2023-07-21,Krishnagiri,12.5266,78.2138,Semi-arid,26.06,31.66,22.42,70.28,6.48,0.07,16.38,37.59
2023-07-22,Krishnagiri,12.5266,78.2138,Semi-arid,26.21,31.88,22.18,66.92,6.08,1.12,11.13,37.6
2023-07-23,Krishnagiri,12.5266,78.2138,Semi-arid,25.65,31.46,21.2,71.91,5.09,3.58,11.95,37.61
2023-07-24,Krishnagiri,12.5266,78.2138,Semi-arid,24.48,29.14,21.25,78.84,4.82,8.41,9.49,37.62
2023-07-25,Krishnagiri,12.5266,78.2138,Semi-arid,23.3,27.52,20.63,82.19,4.46,10.56,9.3,37.62
2023-07-26,Krishnagiri,12.5266,78.2138,Semi-arid,24.71,30.62,20.03,76.77,5.23,3.99,11.71,37.63
2023-07-27,Krishnagiri,12.5266,78.2138,Semi-arid,24.78,30.59,20.66,71.73,6.03,0.06,18.46,37.64
2023-07-28,Krishnagiri,12.5266,78.2138,Semi-arid,26.09,33.48,20.22,67.88,5.41,0.33,19.74,37.64
2023-07-29,Krishnagiri,12.5266,78.2138,Semi-arid,26.63,34.15,20.59,67.31,5.17,0.13,20.24,37.65
2023-07-30,Krishnagiri,12.5266,78.2138,Semi-arid,27.12,34.95,20.6,65.42,4.8,0.02,22.0,37.65
2023-07-31,Krishnagiri,12.5266,78.2138,Semi-arid,27.37,34.57,21.39,65.34,4.59,0.0,21.85,37.65
2023-08-01,Krishnagiri,12.5266,78.2138,Semi-arid,27.01,34.44,21.1,65.85,5.07,0.0,18.08,37.65
2023-08-02,Krishnagiri,12.5266,78.2138,Semi-arid,26.65,33.89,20.63,65.58,5.03,0.0,21.61,37.66
2023-08-03,Krishnagiri,12.5266,78.2138,Semi-arid,27.06,34.35,20.95,65.53,4.65,0.0,20.63,37.66
2023-08-04,Krishnagiri,12.5266,78.2138,Semi-arid,27.15,34.55,20.59,66.05,4.33,0.17,19.12,37.67
2023-08-05,Krishnagiri,12.5266,78.2138,Semi-arid,27.5,34.79,21.14,64.02,4.14,0.01,21.45,37.68
2023-08-06,Krishnagiri,12.5266,78.2138,Semi-arid,27.35,33.64,21.76,66.98,3.24,0.33,21.4,37.68
2023-08-07,Krishnagiri,12.5266,78.2138,Semi-arid,27.73,34.9,21.65,63.78,3.13,0.21,22.62,37.68
2023-08-08,Krishnagiri,12.5266,78.2138,Semi-arid,27.6,34.69,21.53,63.85,2.8,0.06,19.71,37.68
2023-08-09,Krishnagiri,12.5266,78.2138,Semi-arid,27.63,33.99,21.97,65.63,2.23,6.77,20.19,37.67
2023-08-10,Krishnagiri,12.5266,78.2138,Semi-arid,25.74,29.58,22.92,76.21,1.74,10.59,18.86,37.67
2023-08-11,Krishnagiri,12.5266,78.2138,Semi-arid,26.16,31.47,21.74,73.63,1.37,4.86,16.23,37.67
2023-08-12,Krishnagiri,12.5266,78.2138,Semi-arid,25.98,30.74,21.85,73.55,2.23,1.0,14.47,37.67
2023-08-13,Krishnagiri,12.5266,78.2138,Semi-arid,26.96,33.02,21.66,67.41,2.34,0.16,21.75,37.67
2023-08-14,Krishnagiri,12.5266,78.2138,Semi-arid,26.96,32.06,21.65,67.31,1.76,0.08,18.34,37.66
2023-08-15,Krishnagiri,12.5266,78.2138,Semi-arid,26.64,32.05,20.73,66.29,1.94,0.14,22.98,37.65
2023-08-16,Krishnagiri,12.5266,78.2138,Semi-arid,27.81,34.33,21.22,64.9,2.04,0.11,23.03,37.63
2023-08-17,Krishnagiri,12.5266,78.2138,Semi-arid,27.62,33.86,22.79,64.8,2.92,0.06,23.47,37.62
2023-08-18,Krishnagiri,12.5266,78.2138,Semi-arid,27.18,33.81,21.51,62.81,4.11,0.0,19.51,37.61
2023-08-19,Krishnagiri,12.5266,78.2138,Semi-arid,26.8,34.22,21.09,65.46,4.35,2.86,18.99,37.61
2023-08-20,Krishnagiri,12.5266,78.2138,Semi-arid,27.5,35.04,21.25,65.45,3.35,0.35,19.77,37.6
2023-08-21,Krishnagiri,12.5266,78.2138,Semi-arid,28.06,35.44,21.22,62.92,2.45,0.25,23.14,37.58
2023-08-22,Krishnagiri,12.5266,78.2138,Semi-arid,27.29,31.66,22.82,68.16,0.93,1.02,18.06,37.56
2023-08-23,Krishnagiri,12.5266,78.2138,Semi-arid,26.64,31.13,22.93,69.23,1.79,0.48,18.83,37.54
2023-08-24,Krishnagiri,12.5266,78.2138,Semi-arid,27.62,33.3,22.82,65.0,1.87,0.14,21.18,37.52
2023-08-25,Krishnagiri,12.5266,78.2138,Semi-arid,27.33,32.36,22.0,64.38,1.81,0.0,22.53,37.5
2023-08-26,Krishnagiri,12.5266,78.2138,Semi-arid,26.68,31.85,22.82,69.72,1.92,2.27,20.75,37.48
2023-08-27,Krishnagiri,12.5266,78.2138,Semi-arid,26.73,31.6,22.18,70.73,1.81,6.93,14.9,37.46
2023-08-28,Krishnagiri,12.5266,78.2138,Semi-arid,26.96,32.88,22.07,66.04,2.13,0.48,20.45,37.44
2023-08-29,Krishnagiri,12.5266,78.2138,Semi-arid,26.74,32.67,22.33,67.72,2.03,1.78,20.73,37.42
2023-08-30,Krishnagiri,12.5266,78.2138,Semi-arid,27.48,34.72,22.01,70.02,2.1,7.34,21.62,37.4
2023-08-31,Krishnagiri,12.5266,78.2138,Semi-arid,24.94,28.15,22.6,81.18,1.53,26.31,15.42,37.37
2023-09-01,Krishnagiri,12.5266,78.2138,Semi-arid,25.04,29.07,22.46,84.6,1.79,35.24,19.51,37.35
2023-09-02,Krishnagiri,12.5266,78.2138,Semi-arid,24.74,29.07,22.05,81.96,2.44,7.29,20.44,37.32
2023-09-03,Krishnagiri,12.5266,78.2138,Semi-arid,24.74,30.13,21.37,78.88,2.55,2.45,20.8,37.29
2023-09-04,Krishnagiri,12.5266,78.2138,Semi-arid,23.98,28.77,21.14,76.12,4.02,0.32,12.44,37.25
2023-09-05,Krishnagiri,12.5266,78.2138,Semi-arid,24.72,30.94,20.34,77.62,3.36,13.49,9.71,37.22
2023-09-06,Krishnagiri,12.5266,78.2138,Semi-arid,24.39,29.04,21.0,80.51,2.85,3.98,19.68,37.18
2023-09-07,Krishnagiri,12.5266,78.2138,Semi-arid,24.27,30.24,20.5,75.48,3.41,4.75,19.43,37.14
2023-09-08,Krishnagiri,12.5266,78.2138,Semi-arid,24.43,30.09,20.0,75.31,3.46,0.96,18.76,37.1
2023-09-09,Krishnagiri,12.5266,78.2138,Semi-arid,24.99,30.36,20.62,75.99,3.31,3.15,23.88,37.06
2023-09-10,Krishnagiri,12.5266,78.2138,Semi-arid,25.14,29.83,21.43,77.57,3.05,0.78,18.56,37.01
2023-09-11,Krishnagiri,12.5266,78.2138,Semi-arid,24.98,30.65,21.14,77.55,3.55,2.11,18.61,36.96
2023-09-12,Krishnagiri,12.5266,78.2138,Semi-arid,24.34,29.31,20.08,79.95,2.96,2.3,20.18,36.92
2023-09-13,Krishnagiri,12.5266,78.2138,Semi-arid,25.66,33.01,20.46,72.37,3.49,4.45,22.41,36.87
2023-09-14,Krishnagiri,12.5266,78.2138,Semi-arid,25.64,32.81,20.45,72.84,3.42,1.32,19.24,36.83
2023-09-15,Krishnagiri,12.5266,78.2138,Semi-arid,24.72,30.8,19.73,73.06,3.46,0.19,19.41,36.78
2023-09-16,Krishnagiri,12.5266,78.2138,Semi-arid,25.29,31.27,21.24,76.16,3.19,4.92,17.42,36.73
2023-09-17,Krishnagiri,12.5266,78.2138,Semi-arid,25.8,32.33,21.15,77.58,2.57,13.32,18.98,36.67
2023-09-18,Krishnagiri,12.5266,78.2138,Semi-arid,25.63,31.31,20.91,78.18,2.57,12.63,20.7,36.61
2023-09-19,Krishnagiri,12.5266,78.2138,Semi-arid,25.51,30.31,21.45,79.39,2.22,3.77,22.27,36.55
2023-09-20,Krishnagiri,12.5266,78.2138,Semi-arid,24.89,29.62,21.36,81.18,2.01,7.89,21.51,36.49
2023-09-21,Krishnagiri,12.5266,78.2138,Semi-arid,23.56,26.03,21.58,85.8,1.65,14.73,15.82,36.42
2023-09-22,Krishnagiri,12.5266,78.2138,Semi-arid,25.06,29.65,20.45,81.93,1.43,2.48,20.51,36.35
2023-09-23,Krishnagiri,12.5266,78.2138,Semi-arid,25.19,29.14,22.32,84.07,1.9,1.31,22.15,36.29
2023-09-24,Krishnagiri,12.5266,78.2138,Semi-arid,24.22,28.25,21.61,86.79,2.2,8.27,20.62,36.22
2023-09-25,Krishnagiri,12.5266,78.2138,Semi-arid,23.61,26.78,21.27,86.12,2.67,3.34,18.36,36.16
2023-09-26,Krishnagiri,12.5266,78.2138,Semi-arid,25.05,30.44,21.1,80.6,1.76,6.08,21.08,36.1
2023-09-27,Krishnagiri,12.5266,78.2138,Semi-arid,25.03,29.73,21.22,78.08,2.29,1.33,20.68,36.03
2023-09-28,Krishnagiri,12.5266,78.2138,Semi-arid,23.62,28.58,19.69,83.57,2.68,3.25,20.32,35.97
2023-09-29,Krishnagiri,12.5266,78.2138,Semi-arid,24.06,28.52,20.47,83.11,2.45,0.47,19.37,35.89
2023-09-30,Krishnagiri,12.5266,78.2138,Semi-arid,24.28,30.58,19.41,74.82,3.14,1.02,17.52,35.82
2023-10-01,Krishnagiri,12.5266,78.2138,Semi-arid,24.48,30.59,20.11,78.77,3.17,0.72,16.05,35.74
2023-10-02,Krishnagiri,12.5266,78.2138,Semi-arid,24.53,30.51,20.31,78.5,3.13,0.82,21.59,35.66
2023-10-03,Krishnagiri,12.5266,78.2138,Semi-arid,25.22,31.97,19.95,72.14,2.59,0.0,22.79,35.58
2023-10-04,Krishnagiri,12.5266,78.2138,Semi-arid,25.72,31.37,20.81,71.47,1.96,0.05,20.39,35.5
2023-10-05,Krishnagiri,12.5266,78.2138,Semi-arid,25.74,31.87,20.72,75.73,1.6,0.13,18.13,35.42
2023-10-06,Krishnagiri,12.5266,78.2138,Semi-arid,26.1,31.0,22.15,74.59,1.58,0.89,12.33,35.33
2023-10-07,Krishnagiri,12.5266,78.2138,Semi-arid,25.93,31.37,21.2,76.92,1.2,5.72,15.96,35.25
2023-10-08,Krishnagiri,12.5266,78.2138,Semi-arid,26.4,32.21,22.7,74.88,1.02,2.12,14.8,35.16
2023-10-09,Krishnagiri,12.5266,78.2138,Semi-arid,25.63,30.02,21.84,82.43,0.97,11.77,16.47,35.07
2023-10-10,Krishnagiri,12.5266,78.2138,Semi-arid,25.51,29.85,22.82,84.48,0.64,20.77,18.59,34.98
2023-10-11,Krishnagiri,12.5266,78.2138,Semi-arid,23.81,26.08,21.64,91.56,1.34,8.03,17.07,34.89
2023-10-12,Krishnagiri,12.5266,78.2138,Semi-arid,24.1,29.69,20.24,81.39,1.85,0.3,18.73,34.8
2023-10-13,Krishnagiri,12.5266,78.2138,Semi-arid,23.44,30.29,18.96,74.56,1.61,0.4,22.31,34.7
2023-10-14,Krishnagiri,12.5266,78.2138,Semi-arid,24.01,29.93,19.21,80.71,1.41,2.45,17.66,34.61
2023-10-15,Krishnagiri,12.5266,78.2138,Semi-arid,24.71,30.11,21.18,78.33,1.26,2.5,17.61,34.51
2023-10-16,Krishnagiri,12.5266,78.2138,Semi-arid,24.13,28.64,20.82,86.05,1.6,16.12,16.8,34.42
2023-10-17,Krishnagiri,12.5266,78.2138,Semi-arid,24.59,29.98,21.04,82.03,1.68,0.45,19.45,34.32
2023-10-18,Krishnagiri,12.5266,78.2138,Semi-arid,23.9,28.96,19.75,81.72,1.62,0.77,19.92,34.22
2023-10-19,Krishnagiri,12.5266,78.2138,Semi-arid,24.03,30.07,19.02,76.91,1.74,0.02,20.73,34.12
2023-10-20,Krishnagiri,12.5266,78.2138,Semi-arid,24.37,30.87,19.4,78.31,1.77,0.01,20.28,34.02
2023-10-21,Krishnagiri,12.5266,78.2138,Semi-arid,24.54,31.5,19.39,78.37,1.94,0.02,17.79,33.92
2023-10-22,Krishnagiri,12.5266,78.2138,Semi-arid,25.23,31.53,20.56,74.73,1.78,0.0,19.36,33.82
2023-10-23,Krishnagiri,12.5266,78.2138,Semi-arid,25.32,31.71,20.29,63.05,1.37,0.0,17.03,33.72
2023-10-24,Krishnagiri,12.5266,78.2138,Semi-arid,24.38,31.82,18.91,59.98,0.91,0.0,20.53,33.63
2023-10-25,Krishnagiri,12.5266,78.2138,Semi-arid,24.87,31.97,19.52,69.3,0.93,0.0,20.49,33.53
2023-10-26,Krishnagiri,12.5266,78.2138,Semi-arid,24.54,31.73,19.56,71.29,1.37,0.0,19.81,33.43
2023-10-27,Krishnagiri,12.5266,78.2138,Semi-arid,24.85,31.57,19.73,73.89,1.98,0.0,20.8,33.33
2023-10-28,Krishnagiri,12.5266,78.2138,Semi-arid,25.1,31.18,20.79,74.77,2.04,0.04,20.33,33.23
2023-10-29,Krishnagiri,12.5266,78.2138,Semi-arid,24.28,29.1,20.95,82.09,1.99,2.62,16.27,33.13
2023-10-30,Krishnagiri,12.5266,78.2138,Semi-arid,22.88,26.82,20.43,86.83,1.67,4.59,13.64,33.02
2023-10-31,Krishnagiri,12.5266,78.2138,Semi-arid,23.18,28.04,19.45,82.92,1.79,0.92,14.59,32.91
2023-11-01,Krishnagiri,12.5266,78.2138,Semi-arid,24.85,31.07,20.19,76.78,2.13,0.39,15.84,32.81
2023-11-02,Krishnagiri,12.5266,78.2138,Semi-arid,25.34,31.26,21.6,77.39,1.96,0.13,15.76,32.72
2023-11-03,Krishnagiri,12.5266,78.2138,Semi-arid,24.73,30.72,20.95,80.17,2.07,2.02,15.95,32.62
2023-11-04,Krishnagiri,12.5266,78.2138,Semi-arid,23.95,28.4,20.92,84.69,1.86,11.86,13.29,32.52
2023-11-05,Krishnagiri,12.5266,78.2138,Semi-arid,23.9,28.91,21.08,82.84,2.28,2.1,14.66,32.41
2023-11-06,Krishnagiri,12.5266,78.2138,Semi-arid,24.12,28.81,21.06,83.65,0.8,22.06,15.83,32.31
2023-11-07,Krishnagiri,12.5266,78.2138,Semi-arid,24.01,28.11,21.34,87.77,1.8,16.93,13.67,32.21
2023-11-08,Krishnagiri,12.5266,78.2138,Semi-arid,24.0,28.45,20.99,85.46,1.56,2.84,15.54,32.11
2023-11-09,Krishnagiri,12.5266,78.2138,Semi-arid,22.69,25.78,19.83,84.19,1.55,4.32,14.39,32.01
2023-11-10,Krishnagiri,12.5266,78.2138,Semi-arid,23.05,27.53,19.32,85.48,1.86,1.08,14.63,31.91
2023-11-11,Krishnagiri,12.5266,78.2138,Semi-arid,22.83,28.28,19.27,79.06,2.25,0.01,19.1,31.81
2023-11-12,Krishnagiri,12.5266,78.2138,Semi-arid,22.28,28.63,17.77,79.76,2.53,0.0,18.55,31.72
2023-11-13,Krishnagiri,12.5266,78.2138,Semi-arid,22.98,29.48,17.64,80.91,2.59,0.12,17.58,31.62
2023-11-14,Krishnagiri,12.5266,78.2138,Semi-arid,22.07,26.05,19.64,79.26,2.88,1.81,6.25,31.53
2023-11-15,Krishnagiri,12.5266,78.2138,Semi-arid,23.15,28.84,18.99,80.66,2.19,0.06,13.21,31.44
2023-11-16,Krishnagiri,12.5266,78.2138,Semi-arid,24.45,31.19,18.93,73.47,1.54,0.0,16.4,31.35
2023-11-17,Krishnagiri,12.5266,78.2138,Semi-arid,24.65,31.18,20.06,76.04,1.75,0.01,17.71,31.26
2023-11-18,Krishnagiri,12.5266,78.2138,Semi-arid,24.62,31.43,19.64,75.68,2.54,0.0,19.54,31.17
2023-11-19,Krishnagiri,12.5266,78.2138,Semi-arid,23.9,29.86,19.63,77.88,2.87,0.0,18.38,31.09
2023-11-20,Krishnagiri,12.5266,78.2138,Semi-arid,23.76,28.69,19.69,78.73,2.71,0.01,12.2,31.01
2023-11-21,Krishnagiri,12.5266,78.2138,Semi-arid,24.71,30.49,20.44,80.44,2.18,0.15,11.41,30.93
2023-11-22,Krishnagiri,12.5266,78.2138,Semi-arid,24.25,29.49,21.48,85.31,2.48,5.22,10.82,30.84
2023-11-23,Krishnagiri,12.5266,78.2138,Semi-arid,24.06,29.7,20.68,82.02,2.01,1.66,12.31,30.76
2023-11-24,Krishnagiri,12.5266,78.2138,Semi-arid,24.19,29.55,20.62,83.05,2.07,1.6,12.14,30.68
2023-11-25,Krishnagiri,12.5266,78.2138,Semi-arid,24.05,29.21,20.57,82.93,2.6,1.75,10.16,30.61
2023-11-26,Krishnagiri,12.5266,78.2138,Semi-arid,23.59,29.43,19.75,82.35,3.2,0.99,13.13,30.54
2023-11-27,Krishnagiri,12.5266,78.2138,Semi-arid,24.19,30.33,20.48,79.8,2.63,0.78,14.85,30.47
2023-11-28,Krishnagiri,12.5266,78.2138,Semi-arid,24.3,30.42,19.32,80.34,2.54,0.52,14.25,30.4
2023-11-29,Krishnagiri,12.5266,78.2138,Semi-arid,23.88,29.55,20.42,81.14,2.56,2.4,11.44,30.34
2023-11-30,Krishnagiri,12.5266,78.2138,Semi-arid,23.54,29.32,19.59,81.95,2.34,1.3,11.55,30.28
2023-12-01,Krishnagiri,12.5266,78.2138,Semi-arid,23.34,28.75,18.55,80.8,2.13,0.4,13.0,30.22
2023-12-02,Krishnagiri,12.5266,78.2138,Semi-arid,23.95,30.51,18.98,79.65,3.16,2.11,12.21,30.16
2023-12-03,Krishnagiri,12.5266,78.2138,Semi-arid,24.02,29.88,20.38,84.79,3.03,2.82,8.94,30.1
2023-12-04,Krishnagiri,12.5266,78.2138,Semi-arid,24.43,31.0,20.26,76.01,3.57,1.18,3.87,30.04
2023-12-05,Krishnagiri,12.5266,78.2138,Semi-arid,25.59,32.03,20.41,67.51,2.58,0.14,12.5,29.98
2023-12-06,Krishnagiri,12.5266,78.2138,Semi-arid,25.49,32.54,19.4,70.92,1.34,0.2,16.86,29.94
2023-12-07,Krishnagiri,12.5266,78.2138,Semi-arid,25.63,32.3,20.96,77.3,1.21,0.32,14.41,29.9
2023-12-08,Krishnagiri,12.5266,78.2138,Semi-arid,24.86,29.32,22.29,79.66,2.24,0.43,11.99,29.85
2023-12-09,Krishnagiri,12.5266,78.2138,Semi-arid,24.11,30.15,20.19,78.13,2.86,0.65,11.61,29.82
2023-12-10,Krishnagiri,12.5266,78.2138,Semi-arid,23.79,31.15,18.95,74.65,2.55,0.15,14.27,29.78
2023-12-11,Krishnagiri,12.5266,78.2138,Semi-arid,23.42,30.65,18.53,73.9,2.14,0.09,13.8,29.75
2023-12-12,Krishnagiri,12.5266,78.2138,Semi-arid,22.94,30.52,17.88,73.83,2.14,0.09,13.83,29.72
2023-12-13,Krishnagiri,12.5266,78.2138,Semi-arid,22.32,29.96,17.51,71.36,2.56,0.0,13.51,29.69
2023-12-14,Krishnagiri,12.5266,78.2138,Semi-arid,21.65,29.17,15.95,71.84,2.72,0.0,15.86,29.67
2023-12-15,Krishnagiri,12.5266,78.2138,Semi-arid,22.97,30.53,16.82,78.97,2.92,0.26,7.54,29.65
2023-12-16,Krishnagiri,12.5266,78.2138,Semi-arid,23.69,30.62,19.92,81.92,3.28,0.68,10.65,29.64
2023-12-17,Krishnagiri,12.5266,78.2138,Semi-arid,22.55,26.67,20.28,82.45,3.48,0.28,9.03,29.63
2023-12-18,Krishnagiri,12.5266,78.2138,Semi-arid,22.59,28.43,19.57,79.81,3.4,0.11,8.35,29.62
2023-12-19,Krishnagiri,12.5266,78.2138,Semi-arid,22.02,28.05,18.04,76.5,3.16,0.01,14.92,29.62
2023-12-20,Krishnagiri,12.5266,78.2138,Semi-arid,22.46,29.98,17.28,74.96,2.99,0.01,12.32,29.61
2023-12-21,Krishnagiri,12.5266,78.2138,Semi-arid,23.09,30.41,17.54,76.2,2.66,0.02,11.91,29.61
2023-12-22,Krishnagiri,12.5266,78.2138,Semi-arid,23.33,31.58,18.29,72.49,2.07,0.0,15.48,29.61
2023-12-23,Krishnagiri,12.5266,78.2138,Semi-arid,19.88,26.07,16.24,74.66,2.01,0.0,14.92,29.62
2023-12-24,Krishnagiri,12.5266,78.2138,Semi-arid,21.99,30.14,14.99,76.14,2.59,0.0,17.61,29.62
2023-12-25,Krishnagiri,12.5266,78.2138,Semi-arid,23.29,31.26,18.31,75.28,3.21,0.05,10.03,29.64
2023-12-26,Krishnagiri,12.5266,78.2138,Semi-arid,21.83,30.48,15.43,72.22,2.73,0.01,20.83,29.66
2023-12-27,Krishnagiri,12.5266,78.2138,Semi-arid,21.92,31.21,15.96,71.24,2.82,0.0,21.0,29.68
2023-12-28,Krishnagiri,12.5266,78.2138,Semi-arid,22.84,30.93,16.76,76.3,3.29,0.01,14.79,29.7
2023-12-29,Krishnagiri,12.5266,78.2138,Semi-arid,23.39,30.88,17.86,75.12,3.19,0.02,12.87,29.73
2023-12-30,Krishnagiri,12.5266,78.2138,Semi-arid,22.75,30.79,17.99,71.3,2.81,0.02,16.06,29.75
2023-12-31,Krishnagiri,12.5266,78.2138,Semi-arid,22.0,30.91,15.52,70.36,2.63,0.0,15.29,29.78
2024-01-01,Krishnagiri,12.5266,78.2138,Semi-arid,22.64,31.54,15.88,67.45,2.04,0.0,18.17,29.82
2024-01-02,Krishnagiri,12.5266,78.2138,Semi-arid,22.62,30.48,17.23,68.61,2.62,0.0,14.05,29.86
2024-01-03,Krishnagiri,12.5266,78.2138,Semi-arid,22.98,30.2,17.73,70.37,2.51,0.03,13.76,29.9
2024-01-04,Krishnagiri,12.5266,78.2138,Semi-arid,22.64,28.25,19.03,75.88,2.16,0.43,11.83,29.94
2024-01-05,Krishnagiri,12.5266,78.2138,Semi-arid,23.64,30.66,19.7,72.32,2.43,0.24,8.73,29.99
2024-01-06,Krishnagiri,12.5266,78.2138,Semi-arid,23.66,31.61,18.48,66.13,3.02,0.07,11.66,30.04
2024-01-07,Krishnagiri,12.5266,78.2138,Semi-arid,22.82,29.5,17.88,75.29,3.82,1.31,11.84,30.09
2024-01-08,Krishnagiri,12.5266,78.2138,Semi-arid,23.02,30.01,19.15,79.23,4.17,3.95,5.15,30.15
2024-01-09,Krishnagiri,12.5266,78.2138,Semi-arid,22.16,27.15,19.26,79.04,3.57,0.61,12.18,30.21
2024-01-10,Krishnagiri,12.5266,78.2138,Semi-arid,22.21,28.5,17.8,73.09,3.06,0.08,14.73,30.27
2024-01-11,Krishnagiri,12.5266,78.2138,Semi-arid,22.55,31.18,17.42,67.94,3.07,0.0,20.08,30.33
2024-01-12,Krishnagiri,12.5266,78.2138,Semi-arid,22.73,30.61,17.36,73.37,3.3,0.0,18.29,30.4
2024-01-13,Krishnagiri,12.5266,78.2138,Semi-arid,23.38,31.31,17.34,72.16,2.77,0.0,14.93,30.47
2024-01-14,Krishnagiri,12.5266,78.2138,Semi-arid,23.68,32.39,18.13,66.45,2.51,0.0,17.67,30.54
2024-01-15,Krishnagiri,12.5266,78.2138,Semi-arid,23.34,32.37,17.57,66.6,2.21,0.0,18.96,30.62
2024-01-16,Krishnagiri,12.5266,78.2138,Semi-arid,22.89,31.56,16.9,67.23,1.87,0.0,19.36,30.7
2024-01-17,Krishnagiri,12.5266,78.2138,Semi-arid,23.05,31.7,16.71,66.72,1.66,0.0,20.59,30.78
2024-01-18,Krishnagiri,12.5266,78.2138,Semi-arid,23.37,31.71,17.31,64.91,1.54,0.0,20.54,30.86
2024-01-19,Krishnagiri,12.5266,78.2138,Semi-arid,24.22,33.07,17.29,65.41,2.12,0.0,19.49,30.94
2024-01-20,Krishnagiri,12.5266,78.2138,Semi-arid,24.53,32.21,19.07,67.12,2.45,0.0,16.17,31.03
2024-01-21,Krishnagiri,12.5266,78.2138,Semi-arid,24.42,32.92,18.21,61.88,2.35,0.0,21.16,31.11
2024-01-22,Krishnagiri,12.5266,78.2138,Semi-arid,24.76,33.49,18.49,62.2,2.17,0.0,21.26,31.19
2024-01-23,Krishnagiri,12.5266,78.2138,Semi-arid,24.25,32.67,17.87,64.33,1.93,0.0,19.9,31.28
2024-01-24,Krishnagiri,12.5266,78.2138,Semi-arid,24.88,33.02,18.82,62.31,1.98,0.0,19.49,31.38
2024-01-25,Krishnagiri,12.5266,78.2138,Semi-arid,24.38,32.61,18.41,62.96,2.51,0.0,20.18,31.48
2024-01-26,Krishnagiri,12.5266,78.2138,Semi-arid,23.58,31.9,17.42,64.11,2.86,0.0,21.01,31.58
2024-01-27,Krishnagiri,12.5266,78.2138,Semi-arid,23.73,31.58,17.6,64.99,3.42,0.0,19.63,31.68
2024-01-28,Krishnagiri,12.5266,78.2138,Semi-arid,23.71,31.65,18.42,65.12,3.46,0.0,16.26,31.79
2024-01-29,Krishnagiri,12.5266,78.2138,Semi-arid,23.46,32.68,17.55,57.38,3.04,0.0,18.65,31.89
2024-01-30,Krishnagiri,12.5266,78.2138,Semi-arid,23.71,34.04,15.25,57.1,1.78,0.0,21.14,31.98
2024-01-31,Krishnagiri,12.5266,78.2138,Semi-arid,25.39,34.16,18.34,60.3,1.63,0.0,21.33,32.08
2024-02-01,Krishnagiri,12.5266,78.2138,Semi-arid,26.46,34.75,20.04,61.64,1.74,0.0,17.94,32.19
2024-02-02,Krishnagiri,12.5266,78.2138,Semi-arid,26.7,33.88,21.25,63.05,2.11,0.0,16.0,32.29
2024-02-03,Krishnagiri,12.5266,78.2138,Semi-arid,26.44,34.38,21.07,61.67,3.02,0.0,19.49,32.39
2024-02-04,Krishnagiri,12.5266,78.2138,Semi-arid,24.79,33.17,18.94,59.68,2.84,0.0,22.39,32.5
2024-02-05,Krishnagiri,12.5266,78.2138,Semi-arid,24.54,34.09,17.47,59.23,2.94,0.0,22.24,32.61
2024-02-06,Krishnagiri,12.5266,78.2138,Semi-arid,24.67,34.57,17.07,59.64,2.8,0.0,22.44,32.72
2024-02-07,Krishnagiri,12.5266,78.2138,Semi-arid,24.97,35.44,16.39,55.13,2.59,0.0,23.75,32.82
2024-02-08,Krishnagiri,12.5266,78.2138,Semi-arid,25.54,36.39,16.45,52.66,2.59,0.0,21.7,32.92
2024-02-09,Krishnagiri,12.5266,78.2138,Semi-arid,25.01,34.77,17.25,58.81,2.53,0.0,22.81,33.03
2024-02-10,Krishnagiri,12.5266,78.2138,Semi-arid,25.09,33.59,18.93,62.28,3.35,0.0,20.14,33.14
2024-02-11,Krishnagiri,12.5266,78.2138,Semi-arid,24.7,33.34,18.29,62.02,3.25,0.0,21.63,33.25
2024-02-12,Krishnagiri,12.5266,78.2138,Semi-arid,23.89,34.02,16.09,58.68,3.25,0.0,23.93,33.36
2024-02-13,Krishnagiri,12.5266,78.2138,Semi-arid,24.24,33.63,16.35,64.62,3.08,0.0,21.3,33.47
2024-02-14,Krishnagiri,12.5266,78.2138,Semi-arid,25.08,33.62,18.51,60.93,3.42,0.0,21.93,33.59
2024-02-15,Krishnagiri,12.5266,78.2138,Semi-arid,24.02,33.57,16.27,59.21,3.41,0.0,22.91,33.71
2024-02-16,Krishnagiri,12.5266,78.2138,Semi-arid,24.14,33.69,16.73,59.94,3.47,0.0,22.12,33.82
2024-02-17,Krishnagiri,12.5266,78.2138,Semi-arid,24.65,34.84,16.07,52.53,3.18,0.0,24.5,33.93
2024-02-18,Krishnagiri,12.5266,78.2138,Semi-arid,24.87,34.95,16.0,50.22,2.26,0.0,24.53,34.03
2024-02-19,Krishnagiri,12.5266,78.2138,Semi-arid,25.45,34.85,17.34,56.38,2.2,0.0,23.6,34.14
2024-02-20,Krishnagiri,12.5266,78.2138,Semi-arid,26.4,35.09,19.42,53.67,2.03,0.0,23.36,34.25
2024-02-21,Krishnagiri,12.5266,78.2138,Semi-arid,27.4,35.1,19.21,52.56,1.85,0.0,20.55,34.35
2024-02-22,Krishnagiri,12.5266,78.2138,Semi-arid,28.46,35.99,21.75,48.98,2.13,0.0,18.74,34.45
2024-02-23,Krishnagiri,12.5266,78.2138,Semi-arid,29.02,37.44,21.36,51.26,2.26,0.0,19.95,34.55
2024-02-24,Krishnagiri,12.5266,78.2138,Semi-arid,27.97,35.04,22.28,59.39,2.77,0.0,17.01,34.64
2024-02-25,Krishnagiri,12.5266,78.2138,Semi-arid,27.06,35.47,21.14,56.53,3.47,0.0,22.0,34.74
2024-02-26,Krishnagiri,12.5266,78.2138,Semi-arid,26.12,34.87,20.01,59.59,4.17,0.0,20.4,34.85
2024-02-27,Krishnagiri,12.5266,78.2138,Semi-arid,26.56,35.37,19.92,57.34,3.88,0.0,21.55,34.96
2024-02-28,Krishnagiri,12.5266,78.2138,Semi-arid,26.54,36.24,19.11,49.89,3.01,0.0,25.07,35.06
2024-02-29,Krishnagiri,12.5266,78.2138,Semi-arid,25.65,35.33,16.38,45.54,2.75,0.0,24.75,35.17
2024-03-01,Krishnagiri,12.5266,78.2138,Semi-arid,25.46,34.55,17.47,52.72,2.93,0.0,24.39,35.27
2024-03-02,Krishnagiri,12.5266,78.2138,Semi-arid,26.41,36.22,17.52,40.29,2.3,0.0,20.61,35.37
2024-03-03,Krishnagiri,12.5266,78.2138,Semi-arid,27.0,36.65,18.83,42.75,1.89,0.0,24.03,35.47
2024-03-04,Krishnagiri,12.5266,78.2138,Semi-arid,27.57,37.61,18.24,47.67,2.1,0.0,24.68,35.58
2024-03-05,Krishnagiri,12.5266,78.2138,Semi-arid,27.79,37.29,19.47,43.5,2.21,0.0,23.85,35.67
2024-03-06,Krishnagiri,12.5266,78.2138,Semi-arid,28.12,37.86,18.77,36.8,1.92,0.0,22.14,35.75
2024-03-07,Krishnagiri,12.5266,78.2138,Semi-arid,27.65,35.48,19.99,37.88,1.89,0.0,24.19,35.84
2024-03-08,Krishnagiri,12.5266,78.2138,Semi-arid,28.2,37.09,19.59,38.63,2.44,0.0,23.32,35.93
2024-03-09,Krishnagiri,12.5266,78.2138,Semi-arid,28.81,37.46,21.73,43.86,2.23,0.0,22.71,36.02
2024-03-10,Krishnagiri,12.5266,78.2138,Semi-arid,28.39,36.66,20.85,48.69,2.54,0.0,22.33,36.11
2024-03-11,Krishnagiri,12.5266,78.2138,Semi-arid,28.15,36.64,20.73,50.92,2.68,0.0,22.42,36.19
2024-03-12,Krishnagiri,12.5266,78.2138,Semi-arid,28.32,37.28,20.05,47.69,2.11,0.0,23.63,36.28
2024-03-13,Krishnagiri,12.5266,78.2138,Semi-arid,28.78,37.65,20.3,39.31,1.82,0.0,22.55,36.36
2024-03-14,Krishnagiri,12.5266,78.2138,Semi-arid,29.63,37.9,21.37,37.45,1.89,0.0,22.36,36.44
2024-03-15,Krishnagiri,12.5266,78.2138,Semi-arid,29.46,38.33,21.38,36.39,2.52,0.0,22.59,36.51
2024-03-16,Krishnagiri,12.5266,78.2138,Semi-arid,28.32,36.9,20.43,47.33,2.91,0.0,23.8,36.59
2024-03-17,Krishnagiri,12.5266,78.2138,Semi-arid,27.86,36.79,20.18,48.23,3.08,0.0,24.57,36.66
2024-03-18,Krishnagiri,12.5266,78.2138,Semi-arid,27.84,36.81,19.36,41.3,2.27,0.0,25.05,36.74
2024-03-19,Krishnagiri,12.5266,78.2138,Semi-arid,28.17,37.19,20.2,40.53,2.56,0.0,24.58,36.81
2024-03-20,Krishnagiri,12.5266,78.2138,Semi-arid,27.75,37.4,19.79,48.71,2.57,0.0,25.83,36.88
2024-03-21,Krishnagiri,12.5266,78.2138,Semi-arid,28.0,36.16,21.56,55.09,3.22,0.0,22.86,36.94
2024-03-22,Krishnagiri,12.5266,78.2138,Semi-arid,28.79,36.76,22.13,53.74,2.69,0.0,22.94,37.0
2024-03-23,Krishnagiri,12.5266,78.2138,Semi-arid,28.81,37.71,20.73,48.3,2.66,0.0,25.31,37.04
2024-03-24,Krishnagiri,12.5266,78.2138,Semi-arid,28.57,38.13,20.27,43.94,2.78,0.0,23.93,37.1
2024-03-25,Krishnagiri,12.5266,78.2138,Semi-arid,28.01,37.46,18.88,44.77,2.99,0.0,25.09,37.16
2024-03-26,Krishnagiri,12.5266,78.2138,Semi-arid,28.03,38.09,19.33,37.83,2.97,0.0,26.66,37.22
2024-03-27,Krishnagiri,12.5266,78.2138,Semi-arid,27.73,38.24,19.05,31.5,2.58,0.0,27.44,37.29
2024-03-28,Krishnagiri,12.5266,78.2138,Semi-arid,28.61,38.67,19.97,33.2,2.08,0.0,26.65,37.35
2024-03-29,Krishnagiri,12.5266,78.2138,Semi-arid,29.18,38.32,20.34,39.59,2.64,0.0,25.79,37.4
2024-03-30,Krishnagiri,12.5266,78.2138,Semi-arid,29.21,38.59,21.83,37.18,2.56,0.0,27.14,37.46
2024-03-31,Krishnagiri,12.5266,78.2138,Semi-arid,28.39,38.52,18.86,43.45,1.98,0.0,27.58,37.51
2024-04-01,Krishnagiri,12.5266,78.2138,Semi-arid,29.84,39.23,21.6,49.36,1.55,0.0,25.44,37.55
2024-04-02,Krishnagiri,12.5266,78.2138,Semi-arid,30.56,39.85,22.57,45.07,2.2,0.0,26.52,37.59
2024-04-03,Krishnagiri,12.5266,78.2138,Semi-arid,29.83,39.55,20.62,43.83,2.35,0.27,26.67,37.63
2024-04-04,Krishnagiri,12.5266,78.2138,Semi-arid,30.29,39.75,21.9,45.55,2.61,0.0,26.91,37.67
2024-04-05,Krishnagiri,12.5266,78.2138,Semi-arid,30.82,40.34,22.32,37.54,2.36,0.0,26.1,37.7
2024-04-06,Krishnagiri,12.5266,78.2138,Semi-arid,30.55,39.11,22.59,33.89,2.47,0.0,26.01,37.74
2024-04-07,Krishnagiri,12.5266,78.2138,Semi-arid,30.59,39.89,22.33,32.96,2.74,0.0,26.41,37.77
2024-04-08,Krishnagiri,12.5266,78.2138,Semi-arid,30.15,39.89,21.27,45.77,3.02,0.0,26.89,37.81
2024-04-09,Krishnagiri,12.5266,78.2138,Semi-arid,29.53,38.69,22.06,49.78,3.42,0.0,26.09,37.83
2024-04-10,Krishnagiri,12.5266,78.2138,Semi-arid,29.26,38.2,20.4,52.16,3.02,0.0,26.66,37.86
2024-04-11,Krishnagiri,12.5266,78.2138,Semi-arid,29.84,38.78,21.43,50.58,3.08,0.01,26.4,37.88
2024-04-12,Krishnagiri,12.5266,78.2138,Semi-arid,29.69,38.42,22.43,53.87,3.67,0.35,23.49,37.91
2024-04-13,Krishnagiri,12.5266,78.2138,Semi-arid,29.25,37.69,21.51,51.69,2.98,0.01,23.73,37.94
2024-04-14,Krishnagiri,12.5266,78.2138,Semi-arid,29.62,38.21,21.89,48.05,2.97,0.0,25.62,37.97
2024-04-15,Krishnagiri,12.5266,78.2138,Semi-arid,29.56,38.93,20.41,48.37,3.07,0.0,26.11,37.99
2024-04-16,Krishnagiri,12.5266,78.2138,Semi-arid,30.25,39.55,21.17,45.6,2.52,0.0,26.98,38.01
2024-04-17,Krishnagiri,12.5266,78.2138,Semi-arid,31.57,39.95,23.42,43.08,2.43,0.0,22.73,38.03
2024-04-18,Krishnagiri,12.5266,78.2138,Semi-arid,33.16,41.47,24.62,40.16,2.24,0.0,22.54,38.03
2024-04-19,Krishnagiri,12.5266,78.2138,Semi-arid,33.37,40.28,26.7,38.32,2.5,0.0,23.23,38.04
2024-04-20,Krishnagiri,12.5266,78.2138,Semi-arid,32.98,41.28,25.33,38.27,2.94,0.0,20.36,38.05
2024-04-21,Krishnagiri,12.5266,78.2138,Semi-arid,31.57,40.21,23.49,46.62,2.66,0.0,25.63,38.07
2024-04-22,Krishnagiri,12.5266,78.2138,Semi-arid,31.48,40.21,23.04,44.77,2.38,0.0,27.02,38.09
2024-04-23,Krishnagiri,12.5266,78.2138,Semi-arid,31.12,39.77,23.47,42.73,2.97,0.0,27.64,38.1
2024-04-24,Krishnagiri,12.5266,78.2138,Semi-arid,31.19,39.83,22.07,40.54,2.9,0.0,26.03,38.11
2024-04-25,Krishnagiri,12.5266,78.2138,Semi-arid,31.68,39.83,24.22,38.34,2.82,0.0,24.56,38.12
2024-04-26,Krishnagiri,12.5266,78.2138,Semi-arid,31.42,40.0,23.92,39.29,2.83,0.0,25.96,38.11
2024-04-27,Krishnagiri,12.5266,78.2138,Semi-arid,31.02,40.37,22.35,39.14,2.74,0.0,27.5,38.1
2024-04-28,Krishnagiri,12.5266,78.2138,Semi-arid,31.57,41.21,22.36,38.21,2.5,0.0,27.21,38.1
2024-04-29,Krishnagiri,12.5266,78.2138,Semi-arid,31.5,41.08,22.82,39.43,2.17,0.0,27.52,38.1
2024-04-30,Krishnagiri,12.5266,78.2138,Semi-arid,31.54,41.44,21.58,39.98,2.14,0.0,26.46,38.1
2024-05-01,Krishnagiri,12.5266,78.2138,Semi-arid,33.68,41.51,24.8,43.39,2.17,0.0,25.1,38.1
2024-05-02,Krishnagiri,12.5266,78.2138,Semi-arid,33.84,39.67,28.77,42.38,1.5,0.38,21.67,38.1
2024-05-03,Krishnagiri,12.5266,78.2138,Semi-arid,32.64,39.97,26.16,48.87,2.24,4.68,14.92,38.08
2024-05-04,Krishnagiri,12.5266,78.2138,Semi-arid,30.27,36.36,25.35,62.61,1.92,9.49,21.17,38.06
2024-05-05,Krishnagiri,12.5266,78.2138,Semi-arid,31.74,39.3,24.73,53.6,2.06,0.3,23.53,38.05
2024-05-06,Krishnagiri,12.5266,78.2138,Semi-arid,31.81,39.77,24.87,53.16,1.9,4.96,22.51,38.04
2024-05-07,Krishnagiri,12.5266,78.2138,Semi-arid,29.73,36.84,24.63,63.81,2.02,13.88,22.07,38.03
2024-05-08,Krishnagiri,12.5266,78.2138,Semi-arid,28.13,33.3,24.37,72.04,1.4,7.7,18.28,38.01
2024-05-09,Krishnagiri,12.5266,78.2138,Semi-arid,28.65,34.82,23.85,66.0,1.39,3.5,21.26,37.99
2024-05-10,Krishnagiri,12.5266,78.2138,Semi-arid,28.18,33.75,23.68,66.9,1.38,0.42,20.73,38.0
2024-05-11,Krishnagiri,12.5266,78.2138,Semi-arid,27.78,33.1,23.75,70.26,1.58,10.03,21.24,38.01
2024-05-12,Krishnagiri,12.5266,78.2138,Semi-arid,27.83,33.54,22.71,71.06,1.6,8.76,20.61,38.02
2024-05-13,Krishnagiri,12.5266,78.2138,Semi-arid,27.28,32.33,23.29,73.53,1.8,13.51,21.44,38.03
2024-05-14,Krishnagiri,12.5266,78.2138,Semi-arid,27.59,33.64,23.24,69.21,1.7,1.57,19.95,38.01
2024-05-15,Krishnagiri,12.5266,78.2138,Semi-arid,28.4,35.79,22.73,63.39,2.17,0.7,19.06,38.0
2024-05-16,Krishnagiri,12.5266,78.2138,Semi-arid,25.6,29.1,22.66,75.02,1.67,6.91,15.52,37.99
2024-05-17,Krishnagiri,12.5266,78.2138,Semi-arid,27.58,34.7,21.75,65.77,1.24,5.23,11.49,37.97
2024-05-18,Krishnagiri,12.5266,78.2138,Semi-arid,27.17,33.29,22.51,73.9,1.51,14.5,19.9,37.96
2024-05-19,Krishnagiri,12.5266,78.2138,Semi-arid,26.46,32.37,22.89,76.65,1.94,9.0,17.59,37.94
2024-05-20,Krishnagiri,12.5266,78.2138,Semi-arid,25.88,30.65,22.22,77.56,1.68,10.07,16.17,37.93
2024-05-21,Krishnagiri,12.5266,78.2138,Semi-arid,26.0,30.12,23.3,81.11,1.44,22.24,15.63,37.9
2024-05-22,Krishnagiri,12.5266,78.2138,Semi-arid,27.33,33.44,22.53,73.92,1.77,10.56,18.91,37.88
2024-05-23,Krishnagiri,12.5266,78.2138,Semi-arid,27.54,33.16,23.29,74.76,1.38,0.61,20.63,37.87
2024-05-24,Krishnagiri,12.5266,78.2138,Semi-arid,28.19,33.52,23.32,70.75,1.25,1.66,18.03,37.86
2024-05-25,Krishnagiri,12.5266,78.2138,Semi-arid,25.17,27.97,22.76,77.42,4.42,1.2,14.25,37.84
2024-05-26,Krishnagiri,12.5266,78.2138,Semi-arid,26.89,33.52,21.62,71.26,4.68,0.0,17.31,37.83
2024-05-27,Krishnagiri,12.5266,78.2138,Semi-arid,27.37,34.14,21.35,70.64,4.35,0.0,18.66,37.81
2024-05-28,Krishnagiri,12.5266,78.2138,Semi-arid,27.85,34.29,22.77,67.84,4.45,0.0,21.24,37.8
2024-05-29,Krishnagiri,12.5266,78.2138,Semi-arid,27.73,34.11,22.88,68.82,4.33,0.11,20.51,37.78
2024-05-30,Krishnagiri,12.5266,78.2138,Semi-arid,28.08,34.36,22.95,72.55,2.96,2.92,22.82,37.77
2024-05-31,Krishnagiri,12.5266,78.2138,Semi-arid,28.97,34.74,24.06,69.92,2.88,0.66,23.49,37.75
2024-06-01,Krishnagiri,12.5266,78.2138,Semi-arid,28.01,31.83,25.02,76.61,2.8,6.03,19.58,37.74
2024-06-02,Krishnagiri,12.5266,78.2138,Semi-arid,26.14,29.37,23.41,76.2,1.36,34.54,21.27,37.72
2024-06-03,Krishnagiri,12.5266,78.2138,Semi-arid,26.53,31.12,22.15,77.72,1.45,17.27,19.59,37.71
2024-06-04,Krishnagiri,12.5266,78.2138,Semi-arid,26.83,31.1,22.9,78.94,1.29,4.79,19.27,37.7
2024-06-05,Krishnagiri,12.5266,78.2138,Semi-arid,26.22,29.35,23.49,83.06,1.4,10.71,16.33,37.69
2024-06-06,Krishnagiri,12.5266,78.2138,Semi-arid,25.86,29.5,23.31,81.18,1.54,6.8,18.38,37.67
2024-06-07,Krishnagiri,12.5266,78.2138,Semi-arid,25.32,28.8,21.99,80.85,1.85,10.82,18.67,37.67
2024-06-08,Krishnagiri,12.5266,78.2138,Semi-arid,25.93,31.7,21.79,78.09,2.96,0.83,20.74,37.66
2024-06-09,Krishnagiri,12.5266,78.2138,Semi-arid,25.3,30.56,21.42,77.02,3.73,0.39,20.4,37.65
2024-06-10,Krishnagiri,12.5266,78.2138,Semi-arid,25.03,30.42,20.75,75.41,4.71,5.73,21.59,37.64
2024-06-11,Krishnagiri,12.5266,78.2138,Semi-arid,24.71,29.97,20.63,70.98,4.76,1.92,17.64,37.63
2024-06-12,Krishnagiri,12.5266,78.2138,Semi-arid,24.31,28.74,21.12,75.62,4.36,0.15,15.79,37.62
2024-06-13,Krishnagiri,12.5266,78.2138,Semi-arid,25.25,32.22,19.72,67.77,4.59,0.36,20.57,37.61
2024-06-14,Krishnagiri,12.5266,78.2138,Semi-arid,24.3,29.81,20.49,69.26,3.75,3.69,20.6,37.59
2024-06-15,Krishnagiri,12.5266,78.2138,Semi-arid,25.89,32.18,20.8,73.13,3.34,0.0,21.78,37.58
2024-06-16,Krishnagiri,12.5266,78.2138,Semi-arid,26.45,33.54,20.98,68.76,3.41,0.62,23.47,37.56
2024-06-17,Krishnagiri,12.5266,78.2138,Semi-arid,26.41,32.61,20.36,65.7,2.91,1.48,23.26,37.54
2024-06-18,Krishnagiri,12.5266,78.2138,Semi-arid,26.29,32.33,21.77,70.72,3.16,5.37,18.31,37.53
2024-06-19,Krishnagiri,12.5266,78.2138,Semi-arid,25.16,30.43,21.23,74.39,3.66,10.72,19.9,37.52
2024-06-20,Krishnagiri,12.5266,78.2138,Semi-arid,25.42,31.72,21.43,74.46,3.96,1.25,21.26,37.51
2024-06-21,Krishnagiri,12.5266,78.2138,Semi-arid,24.47,28.7,20.98,77.37,4.08,4.15,21.62,37.52
2024-06-22,Krishnagiri,12.5266,78.2138,Semi-arid,25.17,30.83,20.41,75.17,3.71,0.91,20.27,37.53
2024-06-23,Krishnagiri,12.5266,78.2138,Semi-arid,24.89,29.77,21.27,77.39,3.82,2.21,20.99,37.54
2024-06-24,Krishnagiri,12.5266,78.2138,Semi-arid,24.55,30.03,20.58,76.68,4.4,0.08,18.94,37.53
2024-06-25,Krishnagiri,12.5266,78.2138,Semi-arid,24.22,29.04,20.61,72.94,5.25,1.36,17.15,37.53
2024-06-26,Krishnagiri,12.5266,78.2138,Semi-arid,24.28,29.47,20.49,70.72,5.45,0.69,16.41,37.53
2024-06-27,Krishnagiri,12.5266,78.2138,Semi-arid,23.38,27.87,20.07,73.05,5.03,0.07,12.85,37.53
2024-06-28,Krishnagiri,12.5266,78.2138,Semi-arid,24.5,30.7,19.75,68.81,4.05,0.06,20.04,37.53
2024-06-29,Krishnagiri,12.5266,78.2138,Semi-arid,25.93,33.36,19.98,72.04,3.71,2.28,21.48,37.54
2024-06-30,Krishnagiri,12.5266,78.2138,Semi-arid,25.83,32.14,21.28,70.75,3.3,0.4,15.14,37.54
2024-07-01,Krishnagiri,12.5266,78.2138,Semi-arid,24.04,27.77,20.87,78.32,3.87,2.77,13.4,37.54
2024-07-02,Krishnagiri,12.5266,78.2138,Semi-arid,26.19,33.22,20.28,64.83,4.08,0.1,17.96,37.54
2024-07-03,Krishnagiri,12.5266,78.2138,Semi-arid,25.97,32.36,20.58,72.26,3.82,1.1,20.18,37.54
2024-07-04,Krishnagiri,12.5266,78.2138,Semi-arid,26.38,32.86,21.57,71.27,3.9,3.89,15.9,37.54
2024-07-05,Krishnagiri,12.5266,78.2138,Semi-arid,24.9,30.02,21.4,75.25,3.59,6.4,20.48,37.54
2024-07-06,Krishnagiri,12.5266,78.2138,Semi-arid,24.23,28.63,20.82,79.0,4.06,0.72,12.44,37.55
2024-07-07,Krishnagiri,12.5266,78.2138,Semi-arid,25.46,31.68,21.0,72.78,4.05,1.47,19.73,37.55
2024-07-08,Krishnagiri,12.5266,78.2138,Semi-arid,25.12,30.95,20.62,75.96,3.79,6.31,14.44,37.55
2024-07-09,Krishnagiri,12.5266,78.2138,Semi-arid,24.8,30.57,20.29,77.9,3.57,0.5,16.51,37.55
2024-07-10,Krishnagiri,12.5266,78.2138,Semi-arid,24.8,29.54,21.3,78.5,2.58,1.36,22.27,37.55
2024-07-11,Krishnagiri,12.5266,78.2138,Semi-arid,25.62,31.52,21.0,72.34,3.29,0.01,19.65,37.56
2024-07-12,Krishnagiri,12.5266,78.2138,Semi-arid,25.41,30.81,20.95,72.45,3.77,8.23,21.08,37.56
2024-07-13,Krishnagiri,12.5266,78.2138,Semi-arid,24.79,31.29,20.22,73.22,5.23,1.16,14.61,37.56
2024-07-14,Krishnagiri,12.5266,78.2138,Semi-arid,24.8,30.49,21.11,74.23,5.3,2.05,11.45,37.57
2024-07-15,Krishnagiri,12.5266,78.2138,Semi-arid,24.87,29.48,21.54,79.34,5.49,4.81,7.35,37.59
2024-07-16,Krishnagiri,12.5266,78.2138,Semi-arid,24.59,28.08,21.97,80.3,5.67,0.98,12.14,37.6
2024-07-17,Krishnagiri,12.5266,78.2138,Semi-arid,24.42,28.67,21.3,77.93,5.52,2.02,14.85,37.61
2024-07-18,Krishnagiri,12.5266,78.2138,Semi-arid,24.09,28.25,21.28,78.79,6.46,5.55,12.36,37.62
2024-07-19,Krishnagiri,12.5266,78.2138,Semi-arid,24.46,28.31,21.43,79.4,6.11,4.34,10.74,37.62
2024-07-20,Krishnagiri,12.5266,78.2138,Semi-arid,25.14,30.42,21.59,76.26,5.66,3.91,16.12,37.62
2024-07-21,Krishnagiri,12.5266,78.2138,Semi-arid,25.2,31.45,20.67,76.4,5.6,2.65,15.95,37.62
2024-07-22,Krishnagiri,12.5266,78.2138,Semi-arid,25.27,31.86,20.93,72.12,5.82,1.05,16.88,37.63
2024-07-23,Krishnagiri,12.5266,78.2138,Semi-arid,25.22,31.2,20.72,70.06,5.99,1.14,16.58,37.64
2024-07-24,Krishnagiri,12.5266,78.2138,Semi-arid,24.89,30.68,20.63,73.34,5.71,0.67,16.23,37.65
2024-07-25,Krishnagiri,12.5266,78.2138,Semi-arid,25.21,31.19,20.79,71.11,6.78,2.37,16.89,37.65
2024-07-26,Krishnagiri,12.5266,78.2138,Semi-arid,25.16,30.22,21.8,72.15,6.39,1.44,13.08,37.64
2024-07-27,Krishnagiri,12.5266,78.2138,Semi-arid,25.54,31.72,21.3,70.52,6.13,0.04,16.07,37.64
2024-07-28,Krishnagiri,12.5266,78.2138,Semi-arid,25.48,31.63,20.76,70.8,5.83,0.0,15.36,37.61
2024-07-29,Krishnagiri,12.5266,78.2138,Semi-arid,26.16,32.3,21.36,73.47,4.89,1.09,14.17,37.62
2024-07-30,Krishnagiri,12.5266,78.2138,Semi-arid,24.94,29.21,22.13,78.47,3.86,2.39,16.42,37.63
2024-07-31,Krishnagiri,12.5266,78.2138,Semi-arid,25.71,31.59,21.63,77.29,3.65,9.77,16.3,37.63
2024-08-01,Krishnagiri,12.5266,78.2138,Semi-arid,26.07,32.06,22.1,75.48,4.1,4.49,19.56,37.65
2024-08-02,Krishnagiri,12.5266,78.2138,Semi-arid,25.4,30.75,20.95,73.23,4.58,0.92,16.8,37.66
2024-08-03,Krishnagiri,12.5266,78.2138,Semi-arid,24.97,30.16,20.7,75.58,3.84,0.96,19.77,37.66
2024-08-04,Krishnagiri,12.5266,78.2138,Semi-arid,24.24,29.38,21.42,78.89,3.4,2.8,20.28,37.66
2024-08-05,Krishnagiri,12.5266,78.2138,Semi-arid,25.86,32.37,20.55,74.1,2.19,8.74,16.72,37.65
2024-08-06,Krishnagiri,12.5266,78.2138,Semi-arid,24.14,26.93,22.4,85.41,2.27,16.63,16.26,37.65
2024-08-07,Krishnagiri,12.5266,78.2138,Semi-arid,24.37,28.17,21.23,83.5,2.18,4.7,15.15,37.64
2024-08-08,Krishnagiri,12.5266,78.2138,Semi-arid,25.6,31.0,21.61,77.26,2.34,2.51,16.92,37.64
2024-08-09,Krishnagiri,12.5266,78.2138,Semi-arid,26.06,31.18,21.43,76.9,1.91,8.93,18.96,37.65
2024-08-10,Krishnagiri,12.5266,78.2138,Semi-arid,25.61,29.55,22.48,81.5,1.59,21.33,20.08,37.65
2024-08-11,Krishnagiri,12.5266,78.2138,Semi-arid,25.66,29.35,22.28,82.5,1.83,18.15,20.24,37.65
2024-08-12,Krishnagiri,12.5266,78.2138,Semi-arid,25.54,29.3,22.52,85.35,1.59,32.94,21.11,37.64
2024-08-13,Krishnagiri,12.5266,78.2138,Semi-arid,26.04,30.47,22.29,82.35,1.45,7.13,22.48,37.64
2024-08-14,Krishnagiri,12.5266,78.2138,Semi-arid,25.89,29.75,22.43,82.68,1.24,0.71,23.36,37.64
2024-08-15,Krishnagiri,12.5266,78.2138,Semi-arid,25.63,30.03,21.58,81.41,1.18,8.88,20.34,37.64
2024-08-16,Krishnagiri,12.5266,78.2138,Semi-arid,25.81,30.42,22.31,83.62,1.45,6.4,19.59,37.64
2024-08-17,Krishnagiri,12.5266,78.2138,Semi-arid,25.59,28.65,22.9,88.19,1.6,2.88,22.3,37.63
2024-08-18,Krishnagiri,12.5266,78.2138,Semi-arid,25.63,30.18,22.02,82.05,1.29,3.18,22.01,37.61
2024-08-19,Krishnagiri,12.5266,78.2138,Semi-arid,25.36,29.26,22.26,84.93,1.26,2.21,19.53,37.59
2024-08-20,Krishnagiri,12.5266,78.2138,Semi-arid,25.34,29.61,21.64,83.13,1.33,9.85,19.88,37.57
2024-08-21,Krishnagiri,12.5266,78.2138,Semi-arid,24.94,28.81,22.2,84.31,3.23,1.27,18.92,37.54
2024-08-22,Krishnagiri,12.5266,78.2138,Semi-arid,24.39,28.47,21.03,84.99,2.28,0.01,21.15,37.52
2024-08-23,Krishnagiri,12.5266,78.2138,Semi-arid,25.16,29.79,20.89,80.17,2.29,0.0,23.38,37.5
2024-08-24,Krishnagiri,12.5266,78.2138,Semi-arid,24.7,29.95,20.92,79.03,3.37,0.5,21.88,37.48
2024-08-25,Krishnagiri,12.5266,78.2138,Semi-arid,24.6,29.76,20.78,80.95,3.48,0.51,17.96,37.47
2024-08-26,Krishnagiri,12.5266,78.2138,Semi-arid,24.88,30.52,20.67,78.28,3.82,0.08,18.94,37.46
2024-08-27,Krishnagiri,12.5266,78.2138,Semi-arid,24.36,28.74,20.96,82.77,2.96,2.26,17.33,37.45
2024-08-28,Krishnagiri,12.5266,78.2138,Semi-arid,24.13,29.61,20.74,80.13,3.48,0.27,15.01,37.44
2024-08-29,Krishnagiri,12.5266,78.2138,Semi-arid,24.18,28.82,20.58,83.7,3.36,11.56,14.92,37.42
2024-08-30,Krishnagiri,12.5266,78.2138,Semi-arid,23.99,27.4,21.34,86.38,3.73,10.96,15.22,37.39
2024-08-31,Krishnagiri,12.5266,78.2138,Semi-arid,23.74,28.02,20.95,82.27,3.92,6.01,14.77,37.36
2024-09-01,Krishnagiri,12.5266,78.2138,Semi-arid,24.34,29.24,21.0,77.66,4.36,2.75,19.31,37.33
2024-09-02,Krishnagiri,12.5266,78.2138,Semi-arid,24.42,30.48,19.53,77.46,3.89,1.27,19.59,37.3
2024-09-03,Krishnagiri,12.5266,78.2138,Semi-arid,24.95,30.66,20.17,79.8,3.04,2.57,17.82,37.27
2024-09-04,Krishnagiri,12.5266,78.2138,Semi-arid,24.63,29.03,21.44,82.8,3.14,1.19,19.78,37.23
2024-09-05,Krishnagiri,12.5266,78.2138,Semi-arid,24.83,30.22,21.12,82.31,3.11,0.47,20.53,37.2
2024-09-06,Krishnagiri,12.5266,78.2138,Semi-arid,24.88,29.49,21.37,81.3,3.3,0.4,15.5,37.16
2024-09-07,Krishnagiri,12.5266,78.2138,Semi-arid,24.57,29.13,21.31,81.4,3.4,0.08,17.7,37.13
2024-09-08,Krishnagiri,12.5266,78.2138,Semi-arid,24.92,30.27,21.17,79.2,3.64,0.25,18.2,37.09
2024-09-09,Krishnagiri,12.5266,78.2138,Semi-arid,25.1,30.35,21.42,78.26,3.69,0.15,17.32,37.04
2024-09-10,Krishnagiri,12.5266,78.2138,Semi-arid,25.36,30.99,20.86,77.86,3.99,0.71,19.74,36.99
2024-09-11,Krishnagiri,12.5266,78.2138,Semi-arid,25.49,31.31,21.03,74.56,3.71,0.04,18.98,36.94
2024-09-12,Krishnagiri,12.5266,78.2138,Semi-arid,24.89,30.61,20.66,77.19,3.25,0.01,20.07,36.9
2024-09-13,Krishnagiri,12.5266,78.2138,Semi-arid,25.98,32.9,20.66,70.77,3.15,0.0,22.34,36.86
2024-09-14,Krishnagiri,12.5266,78.2138,Semi-arid,26.05,32.59,21.36,69.74,3.19,0.0,21.55,36.8
2024-09-15,Krishnagiri,12.5266,78.2138,Semi-arid,26.02,33.37,20.97,69.47,3.63,0.0,22.2,36.75
2024-09-16,Krishnagiri,12.5266,78.2138,Semi-arid,25.73,33.14,20.07,70.75,3.62,0.0,23.06,36.69
2024-09-17,Krishnagiri,12.5266,78.2138,Semi-arid,26.23,33.45,20.47,69.27,3.41,0.0,22.27,36.63
2024-09-18,Krishnagiri,12.5266,78.2138,Semi-arid,25.85,31.39,20.22,67.84,2.68,0.03,23.17,36.57
2024-09-19,Krishnagiri,12.5266,78.2138,Semi-arid,26.17,32.77,20.03,67.94,2.14,0.07,22.04,36.51
2024-09-20,Krishnagiri,12.5266,78.2138,Semi-arid,25.13,29.91,21.52,75.26,1.72,0.63,19.22,36.45
2024-09-21,Krishnagiri,12.5266,78.2138,Semi-arid,26.32,32.56,21.86,71.88,2.46,0.6,17.96,36.39
2024-09-22,Krishnagiri,12.5266,78.2138,Semi-arid,26.25,33.06,21.21,71.87,2.86,2.21,17.16,36.33
2024-09-23,Krishnagiri,12.5266,78.2138,Semi-arid,25.74,32.07,20.94,75.75,2.54,0.57,18.47,36.26
2024-09-24,Krishnagiri,12.5266,78.2138,Semi-arid,25.61,30.57,21.74,77.8,2.96,3.9,17.03,36.2
2024-09-25,Krishnagiri,12.5266,78.2138,Semi-arid,26.09,32.4,21.23,74.99,3.17,0.13,19.82,36.14
2024-09-26,Krishnagiri,12.5266,78.2138,Semi-arid,24.94,30.05,21.37,74.83,2.61,0.08,14.96,36.07
2024-09-27,Krishnagiri,12.5266,78.2138,Semi-arid,25.61,31.94,20.08,72.19,1.91,0.94,16.1,36.0
2024-09-28,Krishnagiri,12.5266,78.2138,Semi-arid,25.74,31.8,21.79,78.21,1.4,6.26,16.43,35.92
2024-09-29,Krishnagiri,12.5266,78.2138,Semi-arid,25.62,31.76,21.61,76.8,1.76,12.86,20.82,35.84
2024-09-30,Krishnagiri,12.5266,78.2138,Semi-arid,25.28,30.01,21.75,76.0,1.3,0.07,21.4,35.76
2024-10-01,Krishnagiri,12.5266,78.2138,Semi-arid,26.37,33.06,20.9,72.5,1.38,0.28,22.85,35.67
2024-10-02,Krishnagiri,12.5266,78.2138,Semi-arid,26.65,32.66,21.31,74.24,1.47,7.3,22.84,35.58
2024-10-03,Krishnagiri,12.5266,78.2138,Semi-arid,25.92,30.18,22.6,81.56,1.44,6.74,20.13,35.49
2024-10-04,Krishnagiri,12.5266,78.2138,Semi-arid,24.77,28.34,21.99,85.86,1.13,18.46,18.88,35.39
2024-10-05,Krishnagiri,12.5266,78.2138,Semi-arid,24.57,28.61,21.98,85.14,1.46,13.15,15.44,35.31
2024-10-06,Krishnagiri,12.5266,78.2138,Semi-arid,23.2,26.07,21.06,85.3,1.04,17.94,15.74,35.23
2024-10-07,Krishnagiri,12.5266,78.2138,Semi-arid,23.65,28.29,20.29,78.86,1.69,1.17,14.46,35.15
2024-10-08,Krishnagiri,12.5266,78.2138,Semi-arid,24.38,28.76,20.76,84.85,1.67,12.25,18.69,35.06
2024-10-09,Krishnagiri,12.5266,78.2138,Semi-arid,24.42,29.03,21.15,85.69,1.67,5.94,19.61,34.97
2024-10-10,Krishnagiri,12.5266,78.2138,Semi-arid,24.15,28.38,20.92,86.69,1.49,2.98,17.17,34.88
2024-10-11,Krishnagiri,12.5266,78.2138,Semi-arid,24.31,28.76,21.47,86.22,1.89,3.11,15.76,34.79
2024-10-12,Krishnagiri,12.5266,78.2138,Semi-arid,23.72,27.16,21.25,89.9,1.8,6.72,14.58,34.7
2024-10-13,Krishnagiri,12.5266,78.2138,Semi-arid,23.53,26.27,21.61,91.15,1.65,6.78,16.19,34.61
2024-10-14,Krishnagiri,12.5266,78.2138,Semi-arid,23.61,27.68,21.21,87.35,1.77,8.06,9.83,34.53
2024-10-15,Krishnagiri,12.5266,78.2138,Semi-arid,22.9,25.8,20.92,91.83,1.69,20.08,4.73,34.44
2024-10-16,Krishnagiri,12.5266,78.2138,Semi-arid,22.81,24.48,21.08,93.69,1.5,15.37,11.11,34.34
2024-10-17,Krishnagiri,12.5266,78.2138,Semi-arid,24.93,28.97,22.11,88.02,1.47,0.44,14.21,34.24
2024-10-18,Krishnagiri,12.5266,78.2138,Semi-arid,24.09,27.57,20.72,78.34,1.26,16.52,16.12,34.15
2024-10-19,Krishnagiri,12.5266,78.2138,Semi-arid,23.67,27.17,20.78,85.41,0.94,11.71,10.02,34.05
2024-10-20,Krishnagiri,12.5266,78.2138,Semi-arid,24.28,28.68,20.89,86.93,0.99,12.91,18.24,33.96
2024-10-21,Krishnagiri,12.5266,78.2138,Semi-arid,24.37,28.46,21.39,87.66,1.29,14.69,17.74,33.86
2024-10-22,Krishnagiri,12.5266,78.2138,Semi-arid,24.44,28.33,21.28,87.14,1.0,9.1,18.52,33.77
2024-10-23,Krishnagiri,12.5266,78.2138,Semi-arid,24.95,29.78,21.3,83.14,0.58,18.89,19.4,33.66
2024-10-24,Krishnagiri,12.5266,78.2138,Semi-arid,24.01,27.51,21.74,87.21,0.94,10.84,12.48,33.56
2024-10-25,Krishnagiri,12.5266,78.2138,Semi-arid,23.96,28.72,20.71,82.24,1.17,3.57,16.99,33.45
2024-10-26,Krishnagiri,12.5266,78.2138,Semi-arid,23.76,28.99,18.95,77.41,1.69,0.24,17.35,33.34
2024-10-27,Krishnagiri,12.5266,78.2138,Semi-arid,23.72,28.75,19.47,80.51,1.79,0.08,15.02,33.23
2024-10-28,Krishnagiri,12.5266,78.2138,Semi-arid,24.21,28.81,19.7,80.49,1.2,0.07,18.09,33.13
2024-10-29,Krishnagiri,12.5266,78.2138,Semi-arid,24.85,29.83,20.32,79.6,0.99,0.01,17.06,33.02
2024-10-30,Krishnagiri,12.5266,78.2138,Semi-arid,24.73,29.19,21.37,84.05,1.14,0.95,14.73,32.92
2024-10-31,Krishnagiri,12.5266,78.2138,Semi-arid,24.57,28.62,21.89,87.03,1.23,4.39,13.94,32.82
2024-11-01,Krishnagiri,12.5266,78.2138,Semi-arid,24.0,28.25,20.9,87.38,1.37,0.57,17.21,32.72
2024-11-02,Krishnagiri,12.5266,78.2138,Semi-arid,23.9,28.44,20.84,86.4,1.86,2.78,17.83,32.62
2024-11-03,Krishnagiri,12.5266,78.2138,Semi-arid,23.35,27.64,19.56,86.19,1.87,0.95,18.4,32.52
2024-11-04,Krishnagiri,12.5266,78.2138,Semi-arid,23.33,27.88,20.22,85.7,1.99,0.74,15.54,32.42
2024-11-05,Krishnagiri,12.5266,78.2138,Semi-arid,22.64,27.72,18.71,84.35,1.66,1.8,18.45,32.31
2024-11-06,Krishnagiri,12.5266,78.2138,Semi-arid,23.05,28.86,18.02,82.51,1.85,0.01,18.61,32.22
2024-11-07,Krishnagiri,12.5266,78.2138,Semi-arid,24.01,28.59,20.25,86.61,2.23,0.13,10.51,32.12
2024-11-08,Krishnagiri,12.5266,78.2138,Semi-arid,23.52,28.54,20.26,85.59,2.42,0.0,19.51,32.02
2024-11-09,Krishnagiri,12.5266,78.2138,Semi-arid,22.81,27.97,19.15,85.79,2.37,0.0,19.09,31.93
2024-11-10,Krishnagiri,12.5266,78.2138,Semi-arid,22.22,27.85,17.65,83.64,1.99,0.01,20.98,31.83
2024-11-11,Krishnagiri,12.5266,78.2138,Semi-arid,22.37,27.89,18.19,81.58,1.94,0.0,18.51,31.74
2024-11-12,Krishnagiri,12.5266,78.2138,Semi-arid,22.81,27.66,18.73,84.94,2.06,1.32,8.01,31.65
2024-11-13,Krishnagiri,12.5266,78.2138,Semi-arid,23.14,27.0,20.03,89.01,2.73,0.91,10.91,31.56
2024-11-14,Krishnagiri,12.5266,78.2138,Semi-arid,23.45,27.34,20.7,88.79,1.98,5.0,9.79,31.46
2024-11-15,Krishnagiri,12.5266,78.2138,Semi-arid,22.95,26.15,21.11,91.36,1.91,6.01,11.66,31.38
2024-11-16,Krishnagiri,12.5266,78.2138,Semi-arid,22.91,26.2,20.18,90.84,2.2,7.17,12.34,31.29
2024-11-17,Krishnagiri,12.5266,78.2138,Semi-arid,23.02,27.74,20.16,87.03,2.4,0.41,14.76,31.2
2024-11-18,Krishnagiri,12.5266,78.2138,Semi-arid,22.76,27.75,19.25,86.13,2.54,0.09,14.02,31.12
2024-11-19,Krishnagiri,12.5266,78.2138,Semi-arid,22.48,27.53,18.81,85.05,2.44,0.02,17.62,31.04
2024-11-20,Krishnagiri,12.5266,78.2138,Semi-arid,21.69,27.4,18.18,83.84,2.16,0.0,12.13,30.96
2024-11-21,Krishnagiri,12.5266,78.2138,Semi-arid,21.83,27.88,17.21,80.12,1.68,0.01,14.44,30.88
2024-11-22,Krishnagiri,12.5266,78.2138,Semi-arid,22.17,28.71,17.52,81.92,1.98,0.0,19.43,30.79
2024-11-23,Krishnagiri,12.5266,78.2138,Semi-arid,22.13,28.57,16.53,80.47,1.7,0.01,15.99,30.71
2024-11-24,Krishnagiri,12.5266,78.2138,Semi-arid,22.64,28.6,18.87,82.07,1.95,0.0,14.68,30.63
2024-11-25,Krishnagiri,12.5266,78.2138,Semi-arid,21.53,26.18,17.95,82.14,2.19,0.0,14.62,30.55
2024-11-26,Krishnagiri,12.5266,78.2138,Semi-arid,21.29,24.72,18.82,88.76,2.41,2.26,6.99,30.48
2024-11-27,Krishnagiri,12.5266,78.2138,Semi-arid,21.95,25.73,19.0,84.01,3.23,0.07,9.07,30.41
2024-11-28,Krishnagiri,12.5266,78.2138,Semi-arid,22.15,27.39,17.57,74.92,3.54,0.05,16.14,30.35
2024-11-29,Krishnagiri,12.5266,78.2138,Semi-arid,22.75,27.6,19.0,83.61,3.25,0.13,8.05,30.28
2024-11-30,Krishnagiri,12.5266,78.2138,Semi-arid,23.38,27.27,21.26,85.19,4.64,20.31,1.94,30.22
2024-12-01,Krishnagiri,12.5266,78.2138,Semi-arid,22.81,25.6,20.93,91.36,5.13,30.62,2.24,30.17
2024-12-02,Krishnagiri,12.5266,78.2138,Semi-arid,23.1,25.08,21.77,94.21,3.56,52.88,4.41,30.11
2024-12-03,Krishnagiri,12.5266,78.2138,Semi-arid,24.02,27.55,21.79,90.74,2.8,18.76,12.8,30.07
2024-12-04,Krishnagiri,12.5266,78.2138,Semi-arid,23.5,27.63,20.01,89.08,2.19,2.05,11.22,30.02
2024-12-05,Krishnagiri,12.5266,78.2138,Semi-arid,23.03,26.94,20.04,88.57,1.53,0.47,17.04,29.97
2024-12-06,Krishnagiri,12.5266,78.2138,Semi-arid,22.95,28.17,19.56,85.88,1.29,0.43,19.16,29.93
2024-12-07,Krishnagiri,12.5266,78.2138,Semi-arid,23.04,27.73,20.06,87.79,1.52,0.21,16.95,29.88
2024-12-08,Krishnagiri,12.5266,78.2138,Semi-arid,22.47,27.6,18.65,86.06,1.37,0.04,19.0,29.84
2024-12-09,Krishnagiri,12.5266,78.2138,Semi-arid,22.84,28.03,19.12,85.79,1.26,0.0,16.93,29.81
2024-12-10,Krishnagiri,12.5266,78.2138,Semi-arid,22.9,27.62,19.47,86.23,1.89,0.0,16.44,29.77
2024-12-11,Krishnagiri,12.5266,78.2138,Semi-arid,22.44,26.8,19.38,87.76,2.68,0.46,8.84,29.74
2024-12-12,Krishnagiri,12.5266,78.2138,Semi-arid,22.06,24.03,20.37,93.67,2.68,18.06,4.51,29.71
2024-12-13,Krishnagiri,12.5266,78.2138,Semi-arid,21.81,25.36,19.96,90.07,2.96,1.54,8.06,29.69
2024-12-14,Krishnagiri,12.5266,78.2138,Semi-arid,21.2,26.4,17.65,85.46,2.66,0.21,14.1,29.67
2024-12-15,Krishnagiri,12.5266,78.2138,Semi-arid,19.44,24.99,15.77,85.45,2.36,0.0,17.53,29.65
2024-12-16,Krishnagiri,12.5266,78.2138,Semi-arid,18.63,25.41,13.94,82.13,2.14,0.0,18.98,29.63
2024-12-17,Krishnagiri,12.5266,78.2138,Semi-arid,20.98,26.96,15.73,82.6,1.59,0.08,12.93,29.62
2024-12-18,Krishnagiri,12.5266,78.2138,Semi-arid,22.03,27.76,16.91,85.9,1.97,0.08,13.2,29.61
2024-12-19,Krishnagiri,12.5266,78.2138,Semi-arid,23.27,28.22,19.21,86.53,1.56,0.06,12.5,29.61
2024-12-20,Krishnagiri,12.5266,78.2138,Semi-arid,24.09,29.64,19.48,82.82,1.22,0.03,14.1,29.61
2024-12-21,Krishnagiri,12.5266,78.2138,Semi-arid,24.41,29.7,19.98,81.68,0.82,0.99,16.82,29.61
2024-12-22,Krishnagiri,12.5266,78.2138,Semi-arid,23.31,28.48,20.01,84.67,1.34,1.75,13.93,29.61
2024-12-23,Krishnagiri,12.5266,78.2138,Semi-arid,22.39,28.23,18.32,81.27,1.3,0.0,17.43,29.61
2024-12-24,Krishnagiri,12.5266,78.2138,Semi-arid,22.57,29.01,16.69,79.6,1.1,0.0,15.32,29.62
2024-12-25,Krishnagiri,12.5266,78.2138,Semi-arid,22.86,28.98,17.88,83.08,1.63,0.12,12.48,29.63
2024-12-26,Krishnagiri,12.5266,78.2138,Semi-arid,23.0,28.24,18.77,86.12,2.75,4.28,7.13,29.65
2024-12-27,Krishnagiri,12.5266,78.2138,Semi-arid,22.27,26.94,19.25,87.28,3.16,2.14,7.39,29.67
2024-12-28,Krishnagiri,12.5266,78.2138,Semi-arid,21.81,27.36,18.24,82.77,2.62,0.11,16.07,29.7
2024-12-29,Krishnagiri,12.5266,78.2138,Semi-arid,21.64,27.94,17.06,82.92,2.42,0.04,17.79,29.74
2024-12-30,Krishnagiri,12.5266,78.2138,Semi-arid,21.7,27.6,17.16,81.87,3.16,0.06,11.13,29.77
2024-12-31,Krishnagiri,12.5266,78.2138,Semi-arid,21.62,27.84,17.24,82.11,3.04,0.0,19.57,29.81
