date,location,latitude,longitude,zone,T2M,T2M_MAX,T2M_MIN,RH2M,WS2M,PRECTOTCORR,ALLSKY_SFC_SW_DWN,TOA_SW_DWN
2005-01-01,Madurai,9.9252,78.1198,Irrigated,23.41,28.26,20.26,82.6,1.61,0.05,15.0,31.33
2005-01-02,Madurai,9.9252,78.1198,Irrigated,23.06,28.61,19.41,83.36,1.86,0.09,18.53,31.37
2005-01-03,Madurai,9.9252,78.1198,Irrigated,23.45,29.15,18.07,83.9,1.77,0.08,19.84,31.4
2005-01-04,Madurai,9.9252,78.1198,Irrigated,23.0,28.85,18.9,79.99,2.09,0.0,21.46,31.45
2005-01-05,Madurai,9.9252,78.1198,Irrigated,22.7,28.71,18.09,81.6,2.3,0.0,19.45,31.49
2005-01-06,Madurai,9.9252,78.1198,Irrigated,21.8,28.29,16.56,79.47,2.27,0.0,20.74,31.54
2005-01-07,Madurai,9.9252,78.1198,Irrigated,22.57,29.08,17.04,80.18,2.76,0.0,18.52,31.59
2005-01-08,Madurai,9.9252,78.1198,Irrigated,23.04,29.32,17.71,79.58,2.41,0.0,15.73,31.64
2005-01-09,Madurai,9.9252,78.1198,Irrigated,21.93,27.6,17.62,81.2,2.34,0.0,15.13,31.69
2005-01-10,Madurai,9.9252,78.1198,Irrigated,22.01,29.55,16.21,74.65,1.74,0.0,15.05,31.75
2005-01-11,Madurai,9.9252,78.1198,Irrigated,22.18,30.57,14.92,69.24,1.62,0.0,18.18,31.8
2005-01-12,Madurai,9.9252,78.1198,Irrigated,22.23,30.43,14.81,68.16,1.69,0.0,21.19,31.86
2005-01-13,Madurai,9.9252,78.1198,Irrigated,22.38,29.77,16.79,74.09,2.07,0.0,20.42,31.91
2005-01-14,Madurai,9.9252,78.1198,Irrigated,22.37,29.23,16.38,75.68,2.36,0.0,20.33,31.96
2005-01-15,Madurai,9.9252,78.1198,Irrigated,22.14,29.63,16.24,74.34,2.06,0.0,20.66,32.02
2005-01-16,Madurai,9.9252,78.1198,Irrigated,22.69,30.32,15.67,76.7,1.77,0.0,20.69,32.09
2005-01-17,Madurai,9.9252,78.1198,Irrigated,23.81,31.2,17.43,76.23,1.52,0.01,19.98,32.18
2005-01-18,Madurai,9.9252,78.1198,Irrigated,24.76,31.96,18.48,77.25,1.62,0.36,19.4,32.27
2005-01-19,Madurai,9.9252,78.1198,Irrigated,25.41,31.91,20.32,77.06,1.68,0.05,19.28,32.36
2005-01-20,Madurai,9.9252,78.1198,Irrigated,25.35,32.41,20.45,75.02,2.69,0.35,13.29,32.44
2005-01-21,Madurai,9.9252,78.1198,Irrigated,24.75,30.09,21.46,79.27,3.28,1.79,11.63,32.52
2005-01-22,Madurai,9.9252,78.1198,Irrigated,24.99,31.04,21.1,80.34,2.71,1.91,10.82,32.6
2005-01-23,Madurai,9.9252,78.1198,Irrigated,25.48,32.32,20.27,75.0,2.24,0.13,19.72,32.69
2005-01-24,Madurai,9.9252,78.1198,Irrigated,24.99,31.32,20.88,79.52,1.73,0.04,19.49,32.77
2005-01-25,Madurai,9.9252,78.1198,Irrigated,25.43,32.67,20.09,73.56,2.0,0.0,21.13,32.85
2005-01-26,Madurai,9.9252,78.1198,Irrigated,25.49,32.66,19.92,72.1,1.96,0.0,21.81,32.94
2005-01-27,Madurai,9.9252,78.1198,Irrigated,25.19,31.91,20.65,73.97,1.62,0.7,19.4,33.02
2005-01-28,Madurai,9.9252,78.1198,Irrigated,24.47,29.89,20.99,76.5,1.22,0.2,17.47,33.11
2005-01-29,Madurai,9.9252,78.1198,Irrigated,24.86,32.0,19.67,74.71,1.49,4.63,19.76,33.2
2005-01-30,Madurai,9.9252,78.1198,Irrigated,24.98,31.41,20.33,78.03,1.6,3.59,16.87,33.28
2005-01-31,Madurai,9.9252,78.1198,Irrigated,25.92,32.39,21.29,77.82,1.88,1.83,15.51,33.37
2005-02-01,Madurai,9.9252,78.1198,Irrigated,26.25,31.95,22.68,78.19,1.97,0.34,12.5,33.46
2005-02-02,Madurai,9.9252,78.1198,Irrigated,26.28,32.49,22.39,73.87,2.24,0.16,20.16,33.56
2005-02-03,Madurai,9.9252,78.1198,Irrigated,25.99,32.53,21.3,72.58,2.25,0.34,19.15,33.65
2005-02-04,Madurai,9.9252,78.1198,Irrigated,26.19,33.31,20.72,71.09,2.25,0.02,20.19,33.74
2005-02-05,Madurai,9.9252,78.1198,Irrigated,26.15,33.19,20.85,69.98,1.94,0.01,21.52,33.84
2005-02-06,Madurai,9.9252,78.1198,Irrigated,25.59,33.52,19.75,66.24,2.11,0.0,23.2,33.93
2005-02-07,Madurai,9.9252,78.1198,Irrigated,24.34,33.03,16.85,67.8,2.05,0.0,23.22,34.03
2005-02-08,Madurai,9.9252,78.1198,Irrigated,25.09,33.68,19.02,68.73,2.54,0.0,23.46,34.12
2005-02-09,Madurai,9.9252,78.1198,Irrigated,24.97,33.32,19.61,67.85,3.16,0.0,23.43,34.21
2005-02-10,Madurai,9.9252,78.1198,Irrigated,25.31,34.0,19.49,67.04,3.09,0.0,21.25,34.3
2005-02-11,Madurai,9.9252,78.1198,Irrigated,24.98,34.02,18.07,65.8,2.69,0.0,22.87,34.39
2005-02-12,Madurai,9.9252,78.1198,Irrigated,24.65,33.77,18.84,64.9,2.86,0.0,22.42,34.48
2005-02-13,Madurai,9.9252,78.1198,Irrigated,24.4,34.38,17.22,62.45,2.47,0.0,24.1,34.57
2005-02-14,Madurai,9.9252,78.1198,Irrigated,24.6,35.13,15.53,61.02,1.92,0.0,25.05,34.67
2005-02-15,Madurai,9.9252,78.1198,Irrigated,26.0,36.71,16.94,54.01,1.26,0.0,24.66,34.76
2005-02-16,Madurai,9.9252,78.1198,Irrigated,26.71,37.01,19.39,52.27,1.54,0.0,25.27,34.86
2005-02-17,Madurai,9.9252,78.1198,Irrigated,26.83,37.3,18.87,55.94,1.64,0.0,24.84,34.95
2005-02-18,Madurai,9.9252,78.1198,Irrigated,26.96,36.66,19.92,53.08,1.77,0.0,24.8,35.04
2005-02-19,Madurai,9.9252,78.1198,Irrigated,26.28,35.98,18.94,58.2,1.77,0.0,24.73,35.13
2005-02-20,Madurai,9.9252,78.1198,Irrigated,25.8,33.74,20.08,66.37,1.4,0.0,22.25,35.22
2005-02-21,Madurai,9.9252,78.1198,Irrigated,26.77,34.41,21.43,67.14,1.39,0.04,20.89,35.31
2005-02-22,Madurai,9.9252,78.1198,Irrigated,27.58,34.53,22.6,69.19,1.75,1.74,19.87,35.4
2005-02-23,Madurai,9.9252,78.1198,Irrigated,28.43,35.34,23.31,66.52,2.1,0.37,21.78,35.49
2005-02-24,Madurai,9.9252,78.1198,Irrigated,28.38,35.07,23.52,65.31,2.08,0.0,22.62,35.57
2005-02-25,Madurai,9.9252,78.1198,Irrigated,27.58,35.46,22.2,61.93,1.9,0.0,23.83,35.66
2005-02-26,Madurai,9.9252,78.1198,Irrigated,26.93,35.33,20.71,56.57,1.87,0.0,25.21,35.74
2005-02-27,Madurai,9.9252,78.1198,Irrigated,26.75,36.07,18.73,58.04,1.76,0.0,25.21,35.82
2005-02-28,Madurai,9.9252,78.1198,Irrigated,26.29,34.94,18.35,57.05,1.87,0.0,25.18,35.9
2005-03-01,Madurai,9.9252,78.1198,Irrigated,26.54,34.92,20.46,64.53,1.87,0.0,24.41,35.98
2005-03-02,Madurai,9.9252,78.1198,Irrigated,27.52,36.77,20.22,61.83,1.92,0.0,24.37,36.05
2005-03-03,Madurai,9.9252,78.1198,Irrigated,28.07,37.18,21.2,60.85,1.9,0.0,24.72,36.13
2005-03-04,Madurai,9.9252,78.1198,Irrigated,28.92,37.52,21.87,59.88,1.97,0.09,23.43,36.21
2005-03-05,Madurai,9.9252,78.1198,Irrigated,28.95,35.43,24.45,65.33,1.93,3.01,20.81,36.28
2005-03-06,Madurai,9.9252,78.1198,Irrigated,28.29,34.07,24.67,66.63,1.79,0.82,19.4,36.35
2005-03-07,Madurai,9.9252,78.1198,Irrigated,28.14,34.69,23.25,66.78,2.06,0.05,19.93,36.43
2005-03-08,Madurai,9.9252,78.1198,Irrigated,27.37,32.84,23.28,67.37,1.62,0.0,21.69,36.5
2005-03-09,Madurai,9.9252,78.1198,Irrigated,27.55,33.39,22.86,67.56,1.72,0.0,18.67,36.56
2005-03-10,Madurai,9.9252,78.1198,Irrigated,27.63,33.34,23.46,66.76,1.26,1.13,20.34,36.63
2005-03-11,Madurai,9.9252,78.1198,Irrigated,28.04,34.87,23.03,65.79,1.54,1.95,20.81,36.69
2005-03-12,Madurai,9.9252,78.1198,Irrigated,29.14,36.87,22.47,60.8,1.85,0.29,22.64,36.75
2005-03-13,Madurai,9.9252,78.1198,Irrigated,29.22,35.81,23.51,64.56,1.57,6.48,22.42,36.81
2005-03-14,Madurai,9.9252,78.1198,Irrigated,28.01,33.71,24.09,71.48,1.87,4.71,23.18,36.87
2005-03-15,Madurai,9.9252,78.1198,Irrigated,28.08,35.65,22.41,62.72,1.85,0.0,23.85,36.92
2005-03-16,Madurai,9.9252,78.1198,Irrigated,27.92,36.08,21.46,59.26,1.92,0.0,24.31,36.98
2005-03-17,Madurai,9.9252,78.1198,Irrigated,27.42,36.12,20.56,60.01,2.35,0.0,25.03,37.04
2005-03-18,Madurai,9.9252,78.1198,Irrigated,27.74,36.6,20.39,61.39,1.76,0.42,24.35,37.09
2005-03-19,Madurai,9.9252,78.1198,Irrigated,28.81,37.51,22.37,61.25,1.87,1.83,25.3,37.14
2005-03-20,Madurai,9.9252,78.1198,Irrigated,29.53,37.68,23.26,58.22,1.63,0.01,23.6,37.19
2005-03-21,Madurai,9.9252,78.1198,Irrigated,30.23,38.53,23.03,55.42,1.95,0.01,23.53,37.24
2005-03-22,Madurai,9.9252,78.1198,Irrigated,30.75,39.38,23.77,50.62,1.71,0.0,22.02,37.28
2005-03-23,Madurai,9.9252,78.1198,Irrigated,31.73,40.17,24.1,49.98,1.78,0.0,23.04,37.32
2005-03-24,Madurai,9.9252,78.1198,Irrigated,32.03,39.9,25.0,51.45,1.95,0.26,23.94,37.36
2005-03-25,Madurai,9.9252,78.1198,Irrigated,32.09,39.19,25.43,49.31,1.73,0.03,24.07,37.4
2005-03-26,Madurai,9.9252,78.1198,Irrigated,31.75,38.23,27.01,47.58,1.84,0.0,17.57,37.44
2005-03-27,Madurai,9.9252,78.1198,Irrigated,32.38,39.78,26.14,46.09,2.21,0.04,21.9,37.47
2005-03-28,Madurai,9.9252,78.1198,Irrigated,32.46,39.95,27.23,45.31,2.23,0.0,22.36,37.5
2005-03-29,Madurai,9.9252,78.1198,Irrigated,33.34,40.81,26.76,44.27,1.54,0.0,17.12,37.53
2005-03-30,Madurai,9.9252,78.1198,Irrigated,32.93,39.62,27.77,46.75,1.93,1.2,21.04,37.56
2005-03-31,Madurai,9.9252,78.1198,Irrigated,31.73,37.79,27.06,50.44,1.89,0.09,21.86,37.59
2005-04-01,Madurai,9.9252,78.1198,Irrigated,31.75,40.09,24.99,54.01,2.62,0.0,21.32,37.61
2005-04-02,Madurai,9.9252,78.1198,Irrigated,30.63,37.41,26.29,61.82,2.43,4.56,19.03,37.64
2005-04-03,Madurai,9.9252,78.1198,Irrigated,27.08,30.37,24.58,79.53,1.94,20.05,8.33,37.66
2005-04-04,Madurai,9.9252,78.1198,Irrigated,24.93,26.83,23.75,89.5,3.45,29.71,13.13,37.68
2005-04-05,Madurai,9.9252,78.1198,Irrigated,25.38,27.78,23.71,87.62,2.25,17.68,8.08,37.7
2005-04-06,Madurai,9.9252,78.1198,Irrigated,26.03,29.63,23.38,86.15,1.47,27.5,17.83,37.72
2005-04-07,Madurai,9.9252,78.1198,Irrigated,26.43,30.62,23.98,83.45,1.75,16.14,15.66,37.73
2005-04-08,Madurai,9.9252,78.1198,Irrigated,26.41,30.35,23.05,82.06,1.4,0.8,19.51,37.74
2005-04-09,Madurai,9.9252,78.1198,Irrigated,27.66,31.95,23.85,75.76,1.19,0.09,20.68,37.75
2005-04-10,Madurai,9.9252,78.1198,Irrigated,28.05,32.25,24.27,75.36,0.88,0.58,22.21,37.76
2005-04-11,Madurai,9.9252,78.1198,Irrigated,27.72,31.75,24.41,80.18,1.1,3.18,19.94,37.77
2005-04-12,Madurai,9.9252,78.1198,Irrigated,27.56,31.32,24.34,80.75,1.01,0.59,22.9,37.77
2005-04-13,Madurai,9.9252,78.1198,Irrigated,27.4,31.4,24.67,80.05,1.28,1.35,24.28,37.78
2005-04-14,Madurai,9.9252,78.1198,Irrigated,28.03,34.2,23.64,74.66,1.33,0.05,24.66,37.78
2005-04-15,Madurai,9.9252,78.1198,Irrigated,27.95,33.84,23.4,74.37,1.52,0.2,24.68,37.78
2005-04-16,Madurai,9.9252,78.1198,Irrigated,28.46,35.44,22.67,70.08,1.49,3.27,24.84,37.78
2005-04-17,Madurai,9.9252,78.1198,Irrigated,28.42,35.38,22.42,68.34,1.68,0.91,25.22,37.78
2005-04-18,Madurai,9.9252,78.1198,Irrigated,28.16,34.01,22.89,70.31,1.53,0.93,25.3,37.77
2005-04-19,Madurai,9.9252,78.1198,Irrigated,27.97,34.06,23.09,75.31,1.74,3.71,17.97,37.77
2005-04-20,Madurai,9.9252,78.1198,Irrigated,26.67,31.2,23.86,82.43,1.62,11.93,14.96,37.76
2005-04-21,Madurai,9.9252,78.1198,Irrigated,26.88,31.72,22.86,77.83,1.34,2.27,22.74,37.76
2005-04-22,Madurai,9.9252,78.1198,Irrigated,26.8,31.05,23.81,78.21,1.16,0.4,23.88,37.75
2005-04-23,Madurai,9.9252,78.1198,Irrigated,27.79,33.52,23.11,74.64,1.73,0.15,21.92,37.74
2005-04-24,Madurai,9.9252,78.1198,Irrigated,28.11,33.41,24.21,75.07,1.4,0.1,20.86,37.73
2005-04-25,Madurai,9.9252,78.1198,Irrigated,27.94,32.87,24.11,75.27,1.01,1.85,19.17,37.71
2005-04-26,Madurai,9.9252,78.1198,Irrigated,28.94,34.76,24.15,69.7,1.21,0.06,24.3,37.7
2005-04-27,Madurai,9.9252,78.1198,Irrigated,29.2,35.05,24.66,69.41,1.18,0.08,24.84,37.68
2005-04-28,Madurai,9.9252,78.1198,Irrigated,30.02,36.57,25.17,67.32,1.26,0.01,25.49,37.65
2005-04-29,Madurai,9.9252,78.1198,Irrigated,30.54,36.97,25.46,66.57,1.46,0.02,24.61,37.63
2005-04-30,Madurai,9.9252,78.1198,Irrigated,29.25,33.93,25.71,75.72,1.28,22.48,23.27,37.61
2005-05-01,Madurai,9.9252,78.1198,Irrigated,29.1,33.9,25.42,75.84,1.07,6.6,20.04,37.59
2005-05-02,Madurai,9.9252,78.1198,Irrigated,27.75,30.92,25.16,82.53,1.04,9.49,13.82,37.58
2005-05-03,Madurai,9.9252,78.1198,Irrigated,29.13,35.55,24.3,73.5,1.43,2.61,22.5,37.57
2005-05-04,Madurai,9.9252,78.1198,Irrigated,28.21,33.13,24.92,77.19,0.93,2.88,20.53,37.56
2005-05-05,Madurai,9.9252,78.1198,Irrigated,28.64,33.6,24.63,73.27,1.22,0.18,19.95,37.54
2005-05-06,Madurai,9.9252,78.1198,Irrigated,28.61,33.69,25.2,71.32,1.54,0.92,23.05,37.52
2005-05-07,Madurai,9.9252,78.1198,Irrigated,28.58,34.47,24.33,70.8,1.68,0.66,23.97,37.5
2005-05-08,Madurai,9.9252,78.1198,Irrigated,28.89,33.47,24.39,68.67,1.34,0.0,21.84,37.47
2005-05-09,Madurai,9.9252,78.1198,Irrigated,30.79,37.91,24.87,62.41,1.27,0.05,23.55,37.44
2005-05-10,Madurai,9.9252,78.1198,Irrigated,29.65,36.39,24.51,61.13,1.99,0.0,21.37,37.41
2005-05-11,Madurai,9.9252,78.1198,Irrigated,28.56,33.88,24.65,69.06,2.26,0.06,24.73,37.38
2005-05-12,Madurai,9.9252,78.1198,Irrigated,29.48,35.36,24.72,70.17,1.92,0.31,23.67,37.36
2005-05-13,Madurai,9.9252,78.1198,Irrigated,29.9,36.61,24.56,68.44,1.87,0.02,24.33,37.34
2005-05-14,Madurai,9.9252,78.1198,Irrigated,29.37,35.24,25.27,70.73,2.03,1.23,24.62,37.32
2005-05-15,Madurai,9.9252,78.1198,Irrigated,30.03,37.14,24.96,68.02,2.06,1.43,24.3,37.29
2005-05-16,Madurai,9.9252,78.1198,Irrigated,28.72,33.53,24.69,68.77,1.53,0.02,24.69,37.27
2005-05-17,Madurai,9.9252,78.1198,Irrigated,30.69,38.21,24.11,58.23,1.2,0.0,24.54,37.24
2005-05-18,Madurai,9.9252,78.1198,Irrigated,31.31,39.43,24.15,58.99,1.62,0.0,24.1,37.22
2005-05-19,Madurai,9.9252,78.1198,Irrigated,31.65,39.36,25.38,59.67,1.93,0.0,23.95,37.2
2005-05-20,Madurai,9.9252,78.1198,Irrigated,31.31,38.86,25.34,62.39,2.18,0.01,23.61,37.17
2005-05-21,Madurai,9.9252,78.1198,Irrigated,31.07,37.93,25.26,63.56,1.95,0.01,24.06,37.15
2005-05-22,Madurai,9.9252,78.1198,Irrigated,31.36,37.31,26.42,62.4,1.59,0.15,22.33,37.13
2005-05-23,Madurai,9.9252,78.1198,Irrigated,31.72,38.23,26.58,60.8,1.2,0.03,21.89,37.1
2005-05-24,Madurai,9.9252,78.1198,Irrigated,30.52,35.22,26.44,65.01,1.19,0.0,20.56,37.08
2005-05-25,Madurai,9.9252,78.1198,Irrigated,30.14,35.06,26.0,64.78,1.49,0.06,20.86,37.05
2005-05-26,Madurai,9.9252,78.1198,Irrigated,29.93,35.63,25.85,67.52,1.59,21.35,23.61,37.02
2005-05-27,Madurai,9.9252,78.1198,Irrigated,28.8,32.81,26.04,73.84,1.69,2.41,18.98,36.99
2005-05-28,Madurai,9.9252,78.1198,Irrigated,27.74,30.92,25.19,72.43,1.33,2.25,22.06,36.97
2005-05-29,Madurai,9.9252,78.1198,Irrigated,28.43,34.26,23.5,71.88,1.75,22.06,20.26,36.95
2005-05-30,Madurai,9.9252,78.1198,Irrigated,28.75,34.29,25.06,71.41,1.99,1.22,17.13,36.94
2005-05-31,Madurai,9.9252,78.1198,Irrigated,28.67,34.67,23.82,70.11,2.11,1.3,21.74,36.92
2005-06-01,Madurai,9.9252,78.1198,Irrigated,28.85,34.36,24.87,71.81,2.32,0.26,24.0,36.9
2005-06-02,Madurai,9.9252,78.1198,Irrigated,29.58,35.48,24.72,69.82,2.26,0.02,23.3,36.87
2005-06-03,Madurai,9.9252,78.1198,Irrigated,29.0,32.98,25.3,73.04,1.14,0.04,23.79,36.85
2005-06-04,Madurai,9.9252,78.1198,Irrigated,28.58,33.51,24.84,74.58,1.49,3.46,20.89,36.83
2005-06-05,Madurai,9.9252,78.1198,Irrigated,28.14,32.64,24.95,77.35,1.72,6.29,16.61,36.81
2005-06-06,Madurai,9.9252,78.1198,Irrigated,28.3,33.98,24.16,74.23,2.13,0.63,20.35,36.78
2005-06-07,Madurai,9.9252,78.1198,Irrigated,27.95,32.15,24.42,75.7,2.37,1.77,23.66,36.76
2005-06-08,Madurai,9.9252,78.1198,Irrigated,28.7,34.09,24.37,76.04,2.73,3.05,23.07,36.74
2005-06-09,Madurai,9.9252,78.1198,Irrigated,26.96,30.72,24.21,78.77,3.46,10.7,21.24,36.72
2005-06-10,Madurai,9.9252,78.1198,Irrigated,27.1,31.56,23.93,69.83,3.33,3.21,17.02,36.7
2005-06-11,Madurai,9.9252,78.1198,Irrigated,28.21,33.42,24.07,72.89,2.49,1.15,23.17,36.69
2005-06-12,Madurai,9.9252,78.1198,Irrigated,29.44,36.76,23.74,65.33,2.41,1.79,23.14,36.68
2005-06-13,Madurai,9.9252,78.1198,Irrigated,28.59,34.75,24.05,68.38,2.7,2.48,21.69,36.67
2005-06-14,Madurai,9.9252,78.1198,Irrigated,27.37,31.06,24.61,72.84,2.17,0.05,21.36,36.67
2005-06-15,Madurai,9.9252,78.1198,Irrigated,28.75,35.07,23.5,66.01,2.3,1.9,24.66,36.66
2005-06-16,Madurai,9.9252,78.1198,Irrigated,28.23,33.1,24.44,73.59,2.6,9.75,23.68,36.64
2005-06-17,Madurai,9.9252,78.1198,Irrigated,27.73,31.68,24.73,74.06,2.97,2.32,21.27,36.63
2005-06-18,Madurai,9.9252,78.1198,Irrigated,27.02,31.65,23.88,70.64,3.1,0.79,17.08,36.63
2005-06-19,Madurai,9.9252,78.1198,Irrigated,27.44,32.21,24.14,73.58,3.02,6.83,21.31,36.63
2005-06-20,Madurai,9.9252,78.1198,Irrigated,26.96,31.35,23.93,76.24,2.69,8.24,18.61,36.62
2005-06-21,Madurai,9.9252,78.1198,Irrigated,27.13,31.22,23.96,72.46,3.04,1.26,10.86,36.62
2005-06-22,Madurai,9.9252,78.1198,Irrigated,27.41,32.52,23.94,68.86,3.12,0.46,16.82,36.62
2005-06-23,Madurai,9.9252,78.1198,Irrigated,27.97,33.88,23.25,66.11,2.71,0.01,22.83,36.61
2005-06-24,Madurai,9.9252,78.1198,Irrigated,28.64,35.58,23.48,64.82,3.16,1.09,23.78,36.61
2005-06-25,Madurai,9.9252,78.1198,Irrigated,28.51,34.22,24.11,70.1,2.21,4.27,20.72,36.61
2005-06-26,Madurai,9.9252,78.1198,Irrigated,28.17,34.35,24.19,70.75,2.68,1.15,22.95,36.62
2005-06-27,Madurai,9.9252,78.1198,Irrigated,28.02,34.13,23.37,69.65,2.65,0.14,17.81,36.62
2005-06-28,Madurai,9.9252,78.1198,Irrigated,27.89,34.42,23.11,68.51,2.71,0.32,21.76,36.62
2005-06-29,Madurai,9.9252,78.1198,Irrigated,26.96,33.2,22.64,71.36,2.47,0.62,21.5,36.62
2005-06-30,Madurai,9.9252,78.1198,Irrigated,27.83,35.22,21.9,71.07,2.41,4.03,24.19,36.62
2005-07-01,Madurai,9.9252,78.1198,Irrigated,27.57,32.39,23.45,75.11,2.29,2.7,23.4,36.62
2005-07-02,Madurai,9.9252,78.1198,Irrigated,27.77,33.16,23.64,71.32,2.12,1.18,24.54,36.61
2005-07-03,Madurai,9.9252,78.1198,Irrigated,27.55,33.46,23.6,71.5,2.52,1.93,22.97,36.61
2005-07-04,Madurai,9.9252,78.1198,Irrigated,27.37,32.64,23.22,74.11,2.15,3.7,20.99,36.62
2005-07-05,Madurai,9.9252,78.1198,Irrigated,27.37,31.92,23.48,72.4,3.01,0.73,19.17,36.63
2005-07-06,Madurai,9.9252,78.1198,Irrigated,27.34,31.82,24.45,67.29,3.68,0.14,17.63,36.64
2005-07-07,Madurai,9.9252,78.1198,Irrigated,28.19,34.31,23.21,61.52,3.61,0.06,20.7,36.65
2005-07-08,Madurai,9.9252,78.1198,Irrigated,28.85,35.01,23.71,66.08,2.78,0.99,21.64,36.66
2005-07-09,Madurai,9.9252,78.1198,Irrigated,27.75,32.5,24.35,68.32,3.62,5.44,19.71,36.68
2005-07-10,Madurai,9.9252,78.1198,Irrigated,26.42,30.43,23.34,75.62,2.3,3.73,20.48,36.69
2005-07-11,Madurai,9.9252,78.1198,Irrigated,27.14,32.93,22.78,70.15,2.7,1.05,19.35,36.7
2005-07-12,Madurai,9.9252,78.1198,Irrigated,27.79,32.84,23.07,69.08,2.02,0.0,21.85,36.71
2005-07-13,Madurai,9.9252,78.1198,Irrigated,26.59,29.94,24.23,76.99,2.02,1.83,19.74,36.73
2005-07-14,Madurai,9.9252,78.1198,Irrigated,27.24,31.66,23.7,75.05,1.62,15.78,16.21,36.75
2005-07-15,Madurai,9.9252,78.1198,Irrigated,27.05,31.21,23.48,76.23,1.18,3.11,14.84,36.76
2005-07-16,Madurai,9.9252,78.1198,Irrigated,27.3,31.46,23.99,76.07,1.21,1.8,18.86,36.78
2005-07-17,Madurai,9.9252,78.1198,Irrigated,27.32,31.91,23.86,75.5,1.82,2.67,19.96,36.79
2005-07-18,Madurai,9.9252,78.1198,Irrigated,28.27,34.33,23.21,70.75,1.76,0.42,23.62,36.8
2005-07-19,Madurai,9.9252,78.1198,Irrigated,28.08,32.53,24.56,71.54,1.83,0.06,22.86,36.82
2005-07-20,Madurai,9.9252,78.1198,Irrigated,27.83,32.35,24.45,71.87,1.94,0.79,22.09,36.84
2005-07-21,Madurai,9.9252,78.1198,Irrigated,27.57,32.51,23.92,68.35,2.67,0.0,23.16,36.85
2005-07-22,Madurai,9.9252,78.1198,Irrigated,27.6,33.45,23.23,68.92,2.63,1.95,19.79,36.87
2005-07-23,Madurai,9.9252,78.1198,Irrigated,27.14,32.69,23.14,71.94,2.87,1.7,19.31,36.89
2005-07-24,Madurai,9.9252,78.1198,Irrigated,27.71,33.58,23.58,67.19,3.81,0.52,22.24,36.91
2005-07-25,Madurai,9.9252,78.1198,Irrigated,27.3,32.54,23.7,64.4,4.65,0.29,18.56,36.93
2005-07-26,Madurai,9.9252,78.1198,Irrigated,27.73,32.9,23.92,64.48,5.07,3.08,21.37,36.94
2005-07-27,Madurai,9.9252,78.1198,Irrigated,27.62,33.17,23.86,68.91,3.87,4.81,21.48,36.96
2005-07-28,Madurai,9.9252,78.1198,Irrigated,27.48,33.45,22.83,70.88,3.11,5.57,21.05,36.98
2005-07-29,Madurai,9.9252,78.1198,Irrigated,26.7,31.76,23.81,73.63,3.09,9.98,20.14,37.0
2005-07-30,Madurai,9.9252,78.1198,Irrigated,27.08,32.29,23.42,69.31,4.11,5.66,20.48,37.01
2005-07-31,Madurai,9.9252,78.1198,Irrigated,27.78,33.09,24.37,66.57,4.85,4.24,18.48,37.03
2005-08-01,Madurai,9.9252,78.1198,Irrigated,27.54,32.17,24.36,68.14,4.82,5.23,17.84,37.05
2005-08-02,Madurai,9.9252,78.1198,Irrigated,27.31,32.38,23.61,65.24,4.76,1.65,21.62,37.06
2005-08-03,Madurai,9.9252,78.1198,Irrigated,27.29,34.23,22.2,61.11,3.62,0.22,23.05,37.08
2005-08-04,Madurai,9.9252,78.1198,Irrigated,26.92,33.77,22.02,68.12,3.0,0.23,22.9,37.09
2005-08-05,Madurai,9.9252,78.1198,Irrigated,27.67,34.34,23.05,65.44,3.56,0.17,21.98,37.1
2005-08-06,Madurai,9.9252,78.1198,Irrigated,28.35,35.82,22.16,62.53,3.13,0.0,25.28,37.12
2005-08-07,Madurai,9.9252,78.1198,Irrigated,28.63,36.96,21.99,62.21,2.87,0.0,25.41,37.13
2005-08-08,Madurai,9.9252,78.1198,Irrigated,28.35,35.85,21.99,62.83,2.67,0.0,24.42,37.15
2005-08-09,Madurai,9.9252,78.1198,Irrigated,27.49,33.39,22.95,67.82,2.25,0.29,15.97,37.16
2005-08-10,Madurai,9.9252,78.1198,Irrigated,28.32,34.93,23.19,66.6,3.15,0.19,23.56,37.18
2005-08-11,Madurai,9.9252,78.1198,Irrigated,28.09,33.77,23.92,66.84,3.26,0.62,21.35,37.19
2005-08-12,Madurai,9.9252,78.1198,Irrigated,28.45,34.97,23.79,61.64,3.96,0.08,21.62,37.2
2005-08-13,Madurai,9.9252,78.1198,Irrigated,28.73,35.59,23.47,62.62,3.09,0.12,22.34,37.21
2005-08-14,Madurai,9.9252,78.1198,Irrigated,28.82,36.04,23.11,63.47,3.12,0.5,22.74,37.22
2005-08-15,Madurai,9.9252,78.1198,Irrigated,29.3,36.84,23.29,60.41,3.42,0.34,21.96,37.23
2005-08-16,Madurai,9.9252,78.1198,Irrigated,28.55,35.27,24.15,62.24,3.27,0.26,22.23,37.24
2005-08-17,Madurai,9.9252,78.1198,Irrigated,28.1,34.81,23.42,63.51,3.04,0.0,24.4,37.25
2005-08-18,Madurai,9.9252,78.1198,Irrigated,28.32,35.15,23.11,59.49,2.93,0.0,22.99,37.26
2005-08-19,Madurai,9.9252,78.1198,Irrigated,28.38,34.46,23.3,62.12,2.56,0.06,21.49,37.26
2005-08-20,Madurai,9.9252,78.1198,Irrigated,28.81,35.95,22.77,59.35,2.44,0.0,24.06,37.27
2005-08-21,Madurai,9.9252,78.1198,Irrigated,29.52,37.44,22.6,57.71,1.63,0.11,23.45,37.27
2005-08-22,Madurai,9.9252,78.1198,Irrigated,28.92,34.77,23.99,61.99,1.69,0.11,24.39,37.28
2005-08-23,Madurai,9.9252,78.1198,Irrigated,28.79,34.26,24.22,64.71,1.55,1.87,23.9,37.28
2005-08-24,Madurai,9.9252,78.1198,Irrigated,28.57,34.18,23.53,64.62,1.49,0.65,23.69,37.28
2005-08-25,Madurai,9.9252,78.1198,Irrigated,28.22,34.39,23.52,67.28,1.65,15.55,24.31,37.29
2005-08-26,Madurai,9.9252,78.1198,Irrigated,27.78,33.27,23.17,70.88,1.47,8.95,23.87,37.29
2005-08-27,Madurai,9.9252,78.1198,Irrigated,26.87,30.28,23.98,77.43,1.48,2.96,21.58,37.29
2005-08-28,Madurai,9.9252,78.1198,Irrigated,28.57,34.62,23.69,69.62,1.62,0.13,22.25,37.28
2005-08-29,Madurai,9.9252,78.1198,Irrigated,28.85,34.29,23.71,69.39,1.96,0.06,22.43,37.28
2005-08-30,Madurai,9.9252,78.1198,Irrigated,29.91,36.64,24.0,61.93,1.62,1.09,22.33,37.27
2005-08-31,Madurai,9.9252,78.1198,Irrigated,28.68,34.67,25.02,68.96,1.79,8.06,23.17,37.25
2005-09-01,Madurai,9.9252,78.1198,Irrigated,28.64,33.47,24.36,71.07,1.56,1.6,23.92,37.24
2005-09-02,Madurai,9.9252,78.1198,Irrigated,27.37,30.88,24.75,80.44,1.44,32.75,17.47,37.23
2005-09-03,Madurai,9.9252,78.1198,Irrigated,26.74,29.69,24.49,84.11,1.33,7.48,18.23,37.22
2005-09-04,Madurai,9.9252,78.1198,Irrigated,26.86,30.84,23.93,83.05,1.56,18.99,19.87,37.2
2005-09-05,Madurai,9.9252,78.1198,Irrigated,26.45,30.93,23.32,80.17,1.95,6.56,17.12,37.19
2005-09-06,Madurai,9.9252,78.1198,Irrigated,26.44,30.87,22.92,77.27,2.06,2.85,14.4,37.17
2005-09-07,Madurai,9.9252,78.1198,Irrigated,26.37,31.18,22.87,79.26,1.88,5.85,15.65,37.15
2005-09-08,Madurai,9.9252,78.1198,Irrigated,27.38,33.16,23.24,74.99,2.65,0.49,18.42,37.13
2005-09-09,Madurai,9.9252,78.1198,Irrigated,27.85,33.78,23.8,70.63,2.55,0.2,21.48,37.1
2005-09-10,Madurai,9.9252,78.1198,Irrigated,27.13,31.78,23.57,74.69,2.66,6.48,15.67,37.07
2005-09-11,Madurai,9.9252,78.1198,Irrigated,26.24,30.99,22.59,76.52,2.62,5.64,14.98,37.04
2005-09-12,Madurai,9.9252,78.1198,Irrigated,26.51,31.59,23.12,75.17,2.64,0.71,16.18,37.01
2005-09-13,Madurai,9.9252,78.1198,Irrigated,26.79,31.57,23.16,73.6,2.4,0.41,18.63,36.98
2005-09-14,Madurai,9.9252,78.1198,Irrigated,27.59,33.99,22.7,72.22,1.68,0.03,17.98,36.96
2005-09-15,Madurai,9.9252,78.1198,Irrigated,26.47,31.4,22.79,75.25,1.64,23.21,17.43,36.93
2005-09-16,Madurai,9.9252,78.1198,Irrigated,27.1,33.31,21.83,75.85,1.61,0.13,24.0,36.91
2005-09-17,Madurai,9.9252,78.1198,Irrigated,28.03,34.83,22.45,69.26,1.7,0.0,24.53,36.89
2005-09-18,Madurai,9.9252,78.1198,Irrigated,27.64,35.55,21.59,67.85,2.59,0.0,24.33,36.86
2005-09-19,Madurai,9.9252,78.1198,Irrigated,26.53,33.33,21.42,68.95,3.3,0.36,23.74,36.82
2005-09-20,Madurai,9.9252,78.1198,Irrigated,27.01,33.4,22.38,71.1,3.34,0.88,21.24,36.77
2005-09-21,Madurai,9.9252,78.1198,Irrigated,27.42,34.09,22.29,71.36,2.48,0.33,23.49,36.73
2005-09-22,Madurai,9.9252,78.1198,Irrigated,28.57,36.25,22.08,67.81,1.65,0.27,22.77,36.68
2005-09-23,Madurai,9.9252,78.1198,Irrigated,28.03,34.7,21.98,69.23,1.55,0.0,22.18,36.64
2005-09-24,Madurai,9.9252,78.1198,Irrigated,28.16,35.36,21.8,67.56,1.53,0.52,20.7,36.59
2005-09-25,Madurai,9.9252,78.1198,Irrigated,28.5,35.01,22.85,67.39,1.39,1.92,23.98,36.54
2005-09-26,Madurai,9.9252,78.1198,Irrigated,28.3,34.54,23.12,67.0,1.46,0.01,20.92,36.49
2005-09-27,Madurai,9.9252,78.1198,Irrigated,28.57,34.59,23.0,64.06,1.2,0.0,21.51,36.44
2005-09-28,Madurai,9.9252,78.1198,Irrigated,27.77,32.73,23.45,69.58,1.36,7.53,19.88,36.39
2005-09-29,Madurai,9.9252,78.1198,Irrigated,28.78,36.35,22.06,65.76,1.28,0.09,24.22,36.33
2005-09-30,Madurai,9.9252,78.1198,Irrigated,28.79,35.31,23.54,64.75,1.34,0.03,20.35,36.28
2005-10-01,Madurai,9.9252,78.1198,Irrigated,28.02,34.45,22.1,65.77,1.56,0.06,23.3,36.22
2005-10-02,Madurai,9.9252,78.1198,Irrigated,27.49,31.07,24.13,72.24,0.94,4.19,17.99,36.16
2005-10-03,Madurai,9.9252,78.1198,Irrigated,28.45,34.05,23.61,69.42,1.27,1.63,20.31,36.1
2005-10-04,Madurai,9.9252,78.1198,Irrigated,27.73,31.41,24.24,74.96,1.09,20.57,19.03,36.03
2005-10-05,Madurai,9.9252,78.1198,Irrigated,27.95,32.58,23.66,72.09,1.23,2.18,20.6,35.97
2005-10-06,Madurai,9.9252,78.1198,Irrigated,28.33,34.25,23.29,70.64,1.29,0.02,20.26,35.91
2005-10-07,Madurai,9.9252,78.1198,Irrigated,27.95,32.84,24.13,75.48,1.23,1.2,18.87,35.84
2005-10-08,Madurai,9.9252,78.1198,Irrigated,27.22,31.39,23.91,80.21,1.2,36.72,20.32,35.78
2005-10-09,Madurai,9.9252,78.1198,Irrigated,26.03,30.42,22.81,80.16,1.63,6.02,18.43,35.71
2005-10-10,Madurai,9.9252,78.1198,Irrigated,26.27,30.84,22.75,81.75,1.4,12.86,19.32,35.64
2005-10-11,Madurai,9.9252,78.1198,Irrigated,25.48,29.36,22.95,84.4,1.23,20.71,18.66,35.57
2005-10-12,Madurai,9.9252,78.1198,Irrigated,25.28,28.23,23.27,89.95,1.12,16.64,13.78,35.5
2005-10-13,Madurai,9.9252,78.1198,Irrigated,25.53,29.54,22.92,84.55,1.82,2.23,17.12,35.43
2005-10-14,Madurai,9.9252,78.1198,Irrigated,26.46,32.37,22.19,79.45,1.79,0.71,22.79,35.35
2005-10-15,Madurai,9.9252,78.1198,Irrigated,26.55,31.37,22.65,81.34,1.36,0.03,23.54,35.28
2005-10-16,Madurai,9.9252,78.1198,Irrigated,27.2,31.66,23.22,76.97,0.64,0.04,20.44,35.2
2005-10-17,Madurai,9.9252,78.1198,Irrigated,26.52,30.03,23.52,81.22,0.79,0.17,17.6,35.12
2005-10-18,Madurai,9.9252,78.1198,Irrigated,25.72,28.75,23.7,84.95,0.79,11.36,12.95,35.04
2005-10-19,Madurai,9.9252,78.1198,Irrigated,26.49,31.28,22.94,80.21,1.18,1.72,17.77,34.96
2005-10-20,Madurai,9.9252,78.1198,Irrigated,26.8,31.79,22.64,77.16,0.92,0.53,20.53,34.88
2005-10-21,Madurai,9.9252,78.1198,Irrigated,26.42,29.78,23.33,83.66,0.98,72.85,16.25,34.8
2005-10-22,Madurai,9.9252,78.1198,Irrigated,26.02,28.8,23.66,88.22,0.6,44.37,20.17,34.71
2005-10-23,Madurai,9.9252,78.1198,Irrigated,26.13,30.38,23.37,85.16,1.4,7.04,20.7,34.63
2005-10-24,Madurai,9.9252,78.1198,Irrigated,25.44,29.45,22.49,87.15,0.8,54.81,15.52,34.54
2005-10-25,Madurai,9.9252,78.1198,Irrigated,24.96,27.42,23.09,90.04,1.33,21.24,13.96,34.46
2005-10-26,Madurai,9.9252,78.1198,Irrigated,25.34,29.18,22.56,82.84,1.1,2.56,15.18,34.37
2005-10-27,Madurai,9.9252,78.1198,Irrigated,25.7,30.49,21.97,82.65,1.58,0.95,16.64,34.29
2005-10-28,Madurai,9.9252,78.1198,Irrigated,26.31,31.45,22.01,81.42,1.74,0.17,22.24,34.2
2005-10-29,Madurai,9.9252,78.1198,Irrigated,26.97,31.8,22.37,79.62,1.33,3.99,22.4,34.11
2005-10-30,Madurai,9.9252,78.1198,Irrigated,26.69,31.45,22.75,84.01,1.19,10.66,21.06,34.03
2005-10-31,Madurai,9.9252,78.1198,Irrigated,26.72,31.07,23.77,84.94,1.12,0.96,17.97,33.94
2005-11-01,Madurai,9.9252,78.1198,Irrigated,26.41,29.82,23.39,83.65,0.97,8.67,20.53,33.86
2005-11-02,Madurai,9.9252,78.1198,Irrigated,24.91,27.21,23.2,88.76,1.0,7.65,16.15,33.77
2005-11-03,Madurai,9.9252,78.1198,Irrigated,24.22,27.24,22.46,88.9,1.77,2.75,12.69,33.69
2005-11-04,Madurai,9.9252,78.1198,Irrigated,23.93,26.46,22.06,91.28,1.7,16.31,3.9,33.6
2005-11-05,Madurai,9.9252,78.1198,Irrigated,23.78,26.7,22.17,90.96,2.54,21.81,12.0,33.52
2005-11-06,Madurai,9.9252,78.1198,Irrigated,24.06,26.59,22.24,92.53,2.4,29.46,10.99,33.43
2005-11-07,Madurai,9.9252,78.1198,Irrigated,24.09,26.88,22.17,90.64,3.37,20.74,11.75,33.35
2005-11-08,Madurai,9.9252,78.1198,Irrigated,24.09,26.79,22.44,92.42,2.76,18.71,9.96,33.26
2005-11-09,Madurai,9.9252,78.1198,Irrigated,23.78,25.89,21.83,91.61,2.58,6.7,14.87,33.18
2005-11-10,Madurai,9.9252,78.1198,Irrigated,23.68,25.17,22.67,93.78,1.31,4.41,15.6,33.1
2005-11-11,Madurai,9.9252,78.1198,Irrigated,24.27,26.4,22.31,91.27,1.06,9.04,12.14,33.01
2005-11-12,Madurai,9.9252,78.1198,Irrigated,23.85,25.87,21.96,94.29,1.74,15.19,10.62,32.93
2005-11-13,Madurai,9.9252,78.1198,Irrigated,21.24,22.59,19.61,93.21,1.66,25.98,9.55,32.85
2005-11-14,Madurai,9.9252,78.1198,Irrigated,22.91,26.91,19.55,83.01,1.46,0.87,17.98,32.76
2005-11-15,Madurai,9.9252,78.1198,Irrigated,23.15,27.71,19.25,85.8,1.43,0.0,18.19,32.68
2005-11-16,Madurai,9.9252,78.1198,Irrigated,21.71,26.77,17.51,85.17,2.03,0.0,21.08,32.6
2005-11-17,Madurai,9.9252,78.1198,Irrigated,20.78,26.42,15.69,80.48,1.89,0.0,18.73,32.52
2005-11-18,Madurai,9.9252,78.1198,Irrigated,21.25,26.52,16.71,80.47,1.85,0.05,20.38,32.44
2005-11-19,Madurai,9.9252,78.1198,Irrigated,21.66,25.65,18.19,86.77,1.83,1.54,16.47,32.37
2005-11-20,Madurai,9.9252,78.1198,Irrigated,22.17,25.47,19.66,88.74,1.84,1.12,7.19,32.3
2005-11-21,Madurai,9.9252,78.1198,Irrigated,22.6,24.1,20.28,92.9,3.05,16.43,11.58,32.23
2005-11-22,Madurai,9.9252,78.1198,Irrigated,23.95,25.59,21.91,95.84,4.44,35.3,8.05,32.16
2005-11-23,Madurai,9.9252,78.1198,Irrigated,24.18,25.46,22.82,95.89,2.07,76.93,8.63,32.1
2005-11-24,Madurai,9.9252,78.1198,Irrigated,22.96,23.94,21.9,94.45,3.14,65.28,9.27,32.03
2005-11-25,Madurai,9.9252,78.1198,Irrigated,23.55,26.45,21.55,92.08,1.93,9.0,17.96,31.97
2005-11-26,Madurai,9.9252,78.1198,Irrigated,23.57,27.21,20.76,91.11,1.94,2.26,15.71,31.9
2005-11-27,Madurai,9.9252,78.1198,Irrigated,24.0,28.08,20.75,90.88,2.36,2.14,18.0,31.84
2005-11-28,Madurai,9.9252,78.1198,Irrigated,22.99,27.06,19.46,89.38,2.45,0.15,13.17,31.79
2005-11-29,Madurai,9.9252,78.1198,Irrigated,20.71,25.27,16.78,87.41,2.14,0.36,18.48,31.73
2005-11-30,Madurai,9.9252,78.1198,Irrigated,22.52,27.98,17.62,78.95,1.4,4.82,19.96,31.68
2005-12-01,Madurai,9.9252,78.1198,Irrigated,24.28,29.6,19.06,82.35,0.88,0.06,18.41,31.62
2005-12-02,Madurai,9.9252,78.1198,Irrigated,25.08,29.19,21.88,85.43,0.39,5.36,15.23,31.56
2005-12-03,Madurai,9.9252,78.1198,Irrigated,24.45,27.4,21.58,90.15,1.34,21.81,18.46,31.51
2005-12-04,Madurai,9.9252,78.1198,Irrigated,25.15,28.11,22.61,88.68,1.09,8.5,12.07,31.47
2005-12-05,Madurai,9.9252,78.1198,Irrigated,24.16,27.12,22.23,91.41,2.43,4.31,11.48,31.43
2005-12-06,Madurai,9.9252,78.1198,Irrigated,23.38,26.87,20.44,90.06,2.23,0.39,16.36,31.4
2005-12-07,Madurai,9.9252,78.1198,Irrigated,22.63,26.96,18.78,88.81,1.95,0.0,19.92,31.36
2005-12-08,Madurai,9.9252,78.1198,Irrigated,21.41,26.31,17.57,81.7,1.86,0.0,21.45,31.32
2005-12-09,Madurai,9.9252,78.1198,Irrigated,23.16,27.62,19.0,81.2,1.94,8.81,11.94,31.29
2005-12-10,Madurai,9.9252,78.1198,Irrigated,23.18,27.1,19.77,88.92,3.14,30.84,3.76,31.26
2005-12-11,Madurai,9.9252,78.1198,Irrigated,23.3,26.02,21.19,94.07,3.07,15.74,9.06,31.23
2005-12-12,Madurai,9.9252,78.1198,Irrigated,23.47,26.01,21.66,94.01,1.96,3.39,17.54,31.21
2005-12-13,Madurai,9.9252,78.1198,Irrigated,24.13,27.07,22.04,93.77,2.59,5.95,15.82,31.18
2005-12-14,Madurai,9.9252,78.1198,Irrigated,23.68,27.52,21.47,90.61,2.51,1.61,16.17,31.16
2005-12-15,Madurai,9.9252,78.1198,Irrigated,22.69,26.34,20.31,89.55,2.49,0.23,17.43,31.15
2005-12-16,Madurai,9.9252,78.1198,Irrigated,21.51,25.71,18.68,87.18,2.46,0.01,19.17,31.13
2005-12-17,Madurai,9.9252,78.1198,Irrigated,22.37,26.5,18.14,89.52,2.42,0.94,12.08,31.12
2005-12-18,Madurai,9.9252,78.1198,Irrigated,23.53,26.49,21.37,89.98,2.42,2.46,12.8,31.12
2005-12-19,Madurai,9.9252,78.1198,Irrigated,24.34,28.9,20.74,85.65,1.72,0.06,18.97,31.11
2005-12-20,Madurai,9.9252,78.1198,Irrigated,24.81,29.15,21.05,85.06,1.43,0.16,20.18,31.11
2005-12-21,Madurai,9.9252,78.1198,Irrigated,25.05,29.07,21.2,85.27,1.33,0.09,15.66,31.11
2005-12-22,Madurai,9.9252,78.1198,Irrigated,24.84,29.0,21.27,86.35,1.03,1.87,18.2,31.11
2005-12-23,Madurai,9.9252,78.1198,Irrigated,24.38,28.33,22.04,88.87,1.24,2.71,15.68,31.12
2005-12-24,Madurai,9.9252,78.1198,Irrigated,23.88,28.19,20.83,88.55,1.62,0.0,17.18,31.13
2005-12-25,Madurai,9.9252,78.1198,Irrigated,23.04,27.26,20.16,88.86,1.68,0.0,18.01,31.14
2005-12-26,Madurai,9.9252,78.1198,Irrigated,22.02,26.22,18.96,87.18,2.15,0.0,19.02,31.16
2005-12-27,Madurai,9.9252,78.1198,Irrigated,21.05,26.09,16.19,84.41,1.86,0.0,20.01,31.18
2005-12-28,Madurai,9.9252,78.1198,Irrigated,21.51,26.56,16.22,87.52,1.85,0.07,20.64,31.2
2005-12-29,Madurai,9.9252,78.1198,Irrigated,21.78,26.47,18.34,87.47,1.87,0.0,18.42,31.22
2005-12-30,Madurai,9.9252,78.1198,Irrigated,20.76,25.87,16.48,84.09,1.87,0.0,20.0,31.25
2005-12-31,Madurai,9.9252,78.1198,Irrigated,21.22,26.34,16.65,86.19,2.17,0.01,14.73,31.28
2006-01-01,Madurai,9.9252,78.1198,Irrigated,21.19,26.41,16.38,85.15,2.52,0.02,19.84,31.31
2006-01-02,Madurai,9.9252,78.1198,Irrigated,21.28,26.11,17.76,86.17,2.16,0.01,16.59,31.35
2006-01-03,Madurai,9.9252,78.1198,Irrigated,21.55,26.59,16.85,88.52,1.98,0.0,18.07,31.39
2006-01-04,Madurai,9.9252,78.1198,Irrigated,22.53,27.12,18.27,88.1,1.86,0.26,17.65,31.43
2006-01-05,Madurai,9.9252,78.1198,Irrigated,23.35,27.66,20.59,90.44,2.54,1.61,10.4,31.48
2006-01-06,Madurai,9.9252,78.1198,Irrigated,23.06,27.18,20.53,87.48,2.49,0.01,16.77,31.52
2006-01-07,Madurai,9.9252,78.1198,Irrigated,23.72,28.0,20.29,89.54,2.39,0.82,16.67,31.57
2006-01-08,Madurai,9.9252,78.1198,Irrigated,23.43,25.6,21.78,93.09,2.4,12.21,13.8,31.62
2006-01-09,Madurai,9.9252,78.1198,Irrigated,23.93,27.87,21.23,90.32,2.28,0.89,15.19,31.68
2006-01-10,Madurai,9.9252,78.1198,Irrigated,23.56,27.72,19.65,88.7,2.59,0.05,16.26,31.73
2006-01-11,Madurai,9.9252,78.1198,Irrigated,22.05,27.04,17.19,87.77,2.27,0.08,16.99,31.79
2006-01-12,Madurai,9.9252,78.1198,Irrigated,22.8,27.22,19.03,89.05,2.55,0.17,13.34,31.85
2006-01-13,Madurai,9.9252,78.1198,Irrigated,22.63,26.5,19.29,88.49,2.61,0.36,15.68,31.92
2006-01-14,Madurai,9.9252,78.1198,Irrigated,23.03,26.59,20.23,91.98,2.02,1.0,12.05,31.98
2006-01-15,Madurai,9.9252,78.1198,Irrigated,24.05,28.62,20.84,89.46,2.0,0.19,13.87,32.05
2006-01-16,Madurai,9.9252,78.1198,Irrigated,24.2,28.5,21.26,88.6,2.13,3.87,14.86,32.12
2006-01-17,Madurai,9.9252,78.1198,Irrigated,23.57,28.36,19.96,87.91,1.69,0.19,18.54,32.19
2006-01-18,Madurai,9.9252,78.1198,Irrigated,22.23,28.54,17.33,83.46,1.77,0.0,22.59,32.26
2006-01-19,Madurai,9.9252,78.1198,Irrigated,20.72,27.03,15.32,82.17,1.63,0.0,22.24,32.34
2006-01-20,Madurai,9.9252,78.1198,Irrigated,20.43,26.99,14.09,80.32,1.56,0.0,22.99,32.41
2006-01-21,Madurai,9.9252,78.1198,Irrigated,20.94,27.33,14.97,80.05,1.44,0.0,23.51,32.49
2006-01-22,Madurai,9.9252,78.1198,Irrigated,21.54,27.62,14.87,75.22,1.39,0.0,22.94,32.57
2006-01-23,Madurai,9.9252,78.1198,Irrigated,21.99,28.29,15.96,65.86,1.15,0.0,23.52,32.65
2006-01-24,Madurai,9.9252,78.1198,Irrigated,22.22,29.11,15.4,66.44,1.27,0.0,23.29,32.74
2006-01-25,Madurai,9.9252,78.1198,Irrigated,22.17,27.99,17.12,77.07,1.51,0.0,20.24,32.82
2006-01-26,Madurai,9.9252,78.1198,Irrigated,21.54,27.42,16.47,79.75,2.06,0.0,22.43,32.91
2006-01-27,Madurai,9.9252,78.1198,Irrigated,22.27,28.32,17.11,84.63,2.71,0.24,16.45,33.0
2006-01-28,Madurai,9.9252,78.1198,Irrigated,22.05,27.94,17.42,83.4,2.52,0.0,21.16,33.08
2006-01-29,Madurai,9.9252,78.1198,Irrigated,20.64,27.4,15.36,77.91,2.33,0.0,22.79,33.17
2006-01-30,Madurai,9.9252,78.1198,Irrigated,20.7,27.39,14.37,79.26,2.02,0.0,22.22,33.26
2006-01-31,Madurai,9.9252,78.1198,Irrigated,21.56,27.92,16.12,80.17,2.43,0.0,20.94,33.35
2006-02-01,Madurai,9.9252,78.1198,Irrigated,22.04,28.3,16.62,79.45,2.53,0.0,22.22,33.44
2006-02-02,Madurai,9.9252,78.1198,Irrigated,22.57,29.06,16.96,80.09,2.4,0.0,22.49,33.53
2006-02-03,Madurai,9.9252,78.1198,Irrigated,23.34,29.8,17.88,81.38,2.57,0.07,19.99,33.62
2006-02-04,Madurai,9.9252,78.1198,Irrigated,24.2,30.02,19.76,82.74,2.9,0.25,15.08,33.71
2006-02-05,Madurai,9.9252,78.1198,Irrigated,24.33,30.53,19.5,80.76,2.54,0.01,21.71,33.81
2006-02-06,Madurai,9.9252,78.1198,Irrigated,22.68,29.88,17.22,77.9,2.32,0.0,22.59,33.9
2006-02-07,Madurai,9.9252,78.1198,Irrigated,21.22,29.27,14.51,75.68,2.19,0.0,23.65,34.0
2006-02-08,Madurai,9.9252,78.1198,Irrigated,21.19,28.79,14.33,75.69,2.3,0.0,20.35,34.09
2006-02-09,Madurai,9.9252,78.1198,Irrigated,22.88,29.73,16.7,79.12,2.16,0.01,19.25,34.18
2006-02-10,Madurai,9.9252,78.1198,Irrigated,23.25,30.61,18.12,73.83,2.34,0.02,20.44,34.28
2006-02-11,Madurai,9.9252,78.1198,Irrigated,23.45,30.67,17.24,74.9,2.43,0.0,21.3,34.37
2006-02-12,Madurai,9.9252,78.1198,Irrigated,23.84,30.25,18.83,74.22,2.51,0.0,21.21,34.47
2006-02-13,Madurai,9.9252,78.1198,Irrigated,21.96,28.37,17.51,76.56,2.02,0.0,21.09,34.56
2006-02-14,Madurai,9.9252,78.1198,Irrigated,22.38,30.74,14.53,69.37,1.61,0.0,22.7,34.65
2006-02-15,Madurai,9.9252,78.1198,Irrigated,23.91,32.01,16.9,71.04,1.53,0.0,22.61,34.74
2006-02-16,Madurai,9.9252,78.1198,Irrigated,24.39,32.57,17.92,68.76,1.45,0.0,23.62,34.84
2006-02-17,Madurai,9.9252,78.1198,Irrigated,24.67,32.97,17.77,67.12,1.39,0.0,23.07,34.93
2006-02-18,Madurai,9.9252,78.1198,Irrigated,24.61,33.03,17.57,69.46,1.71,0.0,23.79,35.02
2006-02-19,Madurai,9.9252,78.1198,Irrigated,24.96,33.2,18.9,68.76,1.67,0.0,25.16,35.11
2006-02-20,Madurai,9.9252,78.1198,Irrigated,24.62,33.81,17.1,65.21,1.99,0.0,25.11,35.2
2006-02-21,Madurai,9.9252,78.1198,Irrigated,24.2,33.16,16.54,65.55,1.84,0.0,24.24,35.29
2006-02-22,Madurai,9.9252,78.1198,Irrigated,24.02,32.95,16.7,64.51,1.81,0.0,25.41,35.38
2006-02-23,Madurai,9.9252,78.1198,Irrigated,24.05,33.14,16.59,65.08,2.02,0.0,24.37,35.46
2006-02-24,Madurai,9.9252,78.1198,Irrigated,24.5,33.05,16.52,65.01,1.85,0.0,23.32,35.55
2006-02-25,Madurai,9.9252,78.1198,Irrigated,25.94,34.33,19.4,65.83,1.51,0.0,21.13,35.63
2006-02-26,Madurai,9.9252,78.1198,Irrigated,26.54,34.76,19.67,65.17,1.67,0.0,19.7,35.71
2006-02-27,Madurai,9.9252,78.1198,Irrigated,27.17,34.61,21.35,67.48,1.69,0.0,22.13,35.8
2006-02-28,Madurai,9.9252,78.1198,Irrigated,28.35,36.01,23.18,66.47,1.44,0.0,22.29,35.88
2006-03-01,Madurai,9.9252,78.1198,Irrigated,28.48,36.01,23.32,66.41,1.44,0.0,20.91,35.95
2006-03-02,Madurai,9.9252,78.1198,Irrigated,28.41,35.83,22.78,69.48,1.86,1.24,21.24,36.03
2006-03-03,Madurai,9.9252,78.1198,Irrigated,26.18,29.97,23.49,83.34,1.25,22.39,18.44,36.11
2006-03-04,Madurai,9.9252,78.1198,Irrigated,26.28,32.09,22.02,77.85,1.63,3.66,13.61,36.18
2006-03-05,Madurai,9.9252,78.1198,Irrigated,27.92,35.43,21.85,71.73,1.9,0.17,23.08,36.26
2006-03-06,Madurai,9.9252,78.1198,Irrigated,27.27,33.28,22.97,75.49,1.49,2.87,22.14,36.33
2006-03-07,Madurai,9.9252,78.1198,Irrigated,26.58,31.07,23.07,77.19,1.04,0.2,22.68,36.4
2006-03-08,Madurai,9.9252,78.1198,Irrigated,27.02,33.5,21.67,72.64,1.87,0.13,21.99,36.48
2006-03-09,Madurai,9.9252,78.1198,Irrigated,25.8,29.21,23.06,82.28,1.39,2.44,20.7,36.54
2006-03-10,Madurai,9.9252,78.1198,Irrigated,26.72,32.29,22.16,77.04,1.53,0.91,16.37,36.61
2006-03-11,Madurai,9.9252,78.1198,Irrigated,27.41,33.36,23.33,77.57,1.12,13.67,18.44,36.67
2006-03-12,Madurai,9.9252,78.1198,Irrigated,26.54,30.98,23.43,81.27,1.45,2.93,22.34,36.74
2006-03-13,Madurai,9.9252,78.1198,Irrigated,27.62,33.96,22.66,72.46,1.34,0.0,22.02,36.8
2006-03-14,Madurai,9.9252,78.1198,Irrigated,26.91,31.35,23.09,73.76,1.2,0.0,20.33,36.86
2006-03-15,Madurai,9.9252,78.1198,Irrigated,28.11,34.93,22.81,65.2,1.48,0.05,23.83,36.92
2006-03-16,Madurai,9.9252,78.1198,Irrigated,27.21,32.19,23.12,69.67,0.96,0.0,21.51,36.97
2006-03-17,Madurai,9.9252,78.1198,Irrigated,28.21,34.44,23.09,65.2,1.56,0.0,15.92,37.03
2006-03-18,Madurai,9.9252,78.1198,Irrigated,28.35,35.49,22.16,63.66,2.03,0.0,23.57,37.08
2006-03-19,Madurai,9.9252,78.1198,Irrigated,27.87,35.37,21.47,65.95,2.36,0.0,22.8,37.13
2006-03-20,Madurai,9.9252,78.1198,Irrigated,27.78,35.46,21.8,64.27,2.17,0.0,24.03,37.17
2006-03-21,Madurai,9.9252,78.1198,Irrigated,27.35,35.62,20.75,61.04,2.25,0.0,20.06,37.22
2006-03-22,Madurai,9.9252,78.1198,Irrigated,27.65,36.57,20.5,54.28,1.6,0.03,26.32,37.27
2006-03-23,Madurai,9.9252,78.1198,Irrigated,28.65,37.49,21.67,58.28,2.07,0.0,24.84,37.31
2006-03-24,Madurai,9.9252,78.1198,Irrigated,29.22,38.34,22.08,58.55,1.67,0.12,25.39,37.35
2006-03-25,Madurai,9.9252,78.1198,Irrigated,29.33,37.5,23.0,59.79,1.78,0.0,25.05,37.39
2006-03-26,Madurai,9.9252,78.1198,Irrigated,29.34,37.68,22.59,56.39,1.97,0.95,24.61,37.42
2006-03-27,Madurai,9.9252,78.1198,Irrigated,29.71,38.82,22.4,54.99,2.01,0.01,25.53,37.46
2006-03-28,Madurai,9.9252,78.1198,Irrigated,29.37,37.97,22.72,57.91,1.9,0.0,25.38,37.49
2006-03-29,Madurai,9.9252,78.1198,Irrigated,29.47,37.14,23.05,59.68,1.78,0.0,22.02,37.52
2006-03-30,Madurai,9.9252,78.1198,Irrigated,29.4,35.79,24.88,64.14,1.98,0.45,19.77,37.55
2006-03-31,Madurai,9.9252,78.1198,Irrigated,29.72,37.25,24.19,60.17,1.88,0.08,22.77,37.57
2006-04-01,Madurai,9.9252,78.1198,Irrigated,29.69,37.9,22.99,55.16,1.84,0.0,25.01,37.6
2006-04-02,Madurai,9.9252,78.1198,Irrigated,29.56,38.04,22.72,49.66,1.76,0.0,25.54,37.62
2006-04-03,Madurai,9.9252,78.1198,Irrigated,29.65,38.09,23.18,49.41,1.82,0.0,24.81,37.63
2006-04-04,Madurai,9.9252,78.1198,Irrigated,30.13,38.73,23.17,53.17,1.87,0.0,24.63,37.65
2006-04-05,Madurai,9.9252,78.1198,Irrigated,30.52,38.93,23.53,55.26,2.11,0.0,25.3,37.67
2006-04-06,Madurai,9.9252,78.1198,Irrigated,31.22,39.92,23.66,50.71,2.02,0.0,24.62,37.7
2006-04-07,Madurai,9.9252,78.1198,Irrigated,31.56,40.14,24.19,49.84,1.87,0.0,23.7,37.72
2006-04-08,Madurai,9.9252,78.1198,Irrigated,31.32,39.54,24.47,49.43,2.02,0.0,24.02,37.74
2006-04-09,Madurai,9.9252,78.1198,Irrigated,31.14,39.47,24.75,50.59,2.08,0.01,24.66,37.75
2006-04-10,Madurai,9.9252,78.1198,Irrigated,31.09,39.65,24.2,48.36,2.15,0.08,24.3,37.76
2006-04-11,Madurai,9.9252,78.1198,Irrigated,31.52,39.85,23.92,51.11,2.07,0.13,23.33,37.77
2006-04-12,Madurai,9.9252,78.1198,Irrigated,32.32,39.62,26.19,51.44,2.16,0.13,24.93,37.77
2006-04-13,Madurai,9.9252,78.1198,Irrigated,31.57,38.12,26.26,53.43,1.85,1.44,25.62,37.78
2006-04-14,Madurai,9.9252,78.1198,Irrigated,29.27,34.19,25.84,65.23,1.93,1.13,21.94,37.78
2006-04-15,Madurai,9.9252,78.1198,Irrigated,29.64,35.77,24.74,62.51,1.62,0.33,19.51,37.78
2006-04-16,Madurai,9.9252,78.1198,Irrigated,27.57,29.94,25.85,70.86,2.11,0.21,20.21,37.78
2006-04-17,Madurai,9.9252,78.1198,Irrigated,28.36,33.58,24.38,68.88,1.13,28.65,21.4,37.78
2006-04-18,Madurai,9.9252,78.1198,Irrigated,28.11,34.29,23.73,72.14,1.93,5.74,15.33,37.78
2006-04-19,Madurai,9.9252,78.1198,Irrigated,29.47,35.95,24.47,63.44,1.91,0.16,23.28,37.77
2006-04-20,Madurai,9.9252,78.1198,Irrigated,29.21,35.38,24.41,65.22,1.82,0.3,20.63,37.77
2006-04-21,Madurai,9.9252,78.1198,Irrigated,29.45,36.62,23.58,63.43,1.56,1.71,22.39,37.76
2006-04-22,Madurai,9.9252,78.1198,Irrigated,29.6,37.67,23.68,59.14,1.61,0.04,19.27,37.75
2006-04-23,Madurai,9.9252,78.1198,Irrigated,30.09,38.34,23.14,56.25,1.88,0.0,25.17,37.74
2006-04-24,Madurai,9.9252,78.1198,Irrigated,30.21,38.41,23.16,55.57,1.97,0.0,23.2,37.73
2006-04-25,Madurai,9.9252,78.1198,Irrigated,30.95,38.57,23.87,53.45,1.81,0.15,23.01,37.71
2006-04-26,Madurai,9.9252,78.1198,Irrigated,31.81,38.52,26.03,54.65,1.33,0.03,21.47,37.7
2006-04-27,Madurai,9.9252,78.1198,Irrigated,32.65,40.29,26.01,52.81,1.4,0.0,23.37,37.69
2006-04-28,Madurai,9.9252,78.1198,Irrigated,31.95,38.84,27.41,54.88,1.98,0.0,23.52,37.67
2006-04-29,Madurai,9.9252,78.1198,Irrigated,30.94,37.33,26.58,56.97,1.7,0.0,23.48,37.65
2006-04-30,Madurai,9.9252,78.1198,Irrigated,33.3,41.32,25.86,48.76,1.46,0.0,24.27,37.64
2006-05-01,Madurai,9.9252,78.1198,Irrigated,33.83,41.6,27.0,47.05,1.74,0.0,24.9,37.62
2006-05-02,Madurai,9.9252,78.1198,Irrigated,33.64,40.15,27.67,48.31,1.94,0.01,23.45,37.61
2006-05-03,Madurai,9.9252,78.1198,Irrigated,32.21,37.7,27.78,53.82,2.04,0.38,19.14,37.59
2006-05-04,Madurai,9.9252,78.1198,Irrigated,29.95,34.1,26.94,64.44,2.12,0.23,17.97,37.57
2006-05-05,Madurai,9.9252,78.1198,Irrigated,29.51,34.54,25.87,66.97,2.36,0.02,18.59,37.55
2006-05-06,Madurai,9.9252,78.1198,Irrigated,30.27,35.25,25.77,62.17,1.55,0.0,22.73,37.53
2006-05-07,Madurai,9.9252,78.1198,Irrigated,31.05,36.41,25.99,55.16,1.86,0.07,22.85,37.5
2006-05-08,Madurai,9.9252,78.1198,Irrigated,30.74,36.35,25.83,58.51,2.16,0.1,22.58,37.48
2006-05-09,Madurai,9.9252,78.1198,Irrigated,30.55,36.94,25.65,58.87,2.2,0.03,23.95,37.46
2006-05-10,Madurai,9.9252,78.1198,Irrigated,30.26,35.65,25.71,60.88,1.81,0.43,25.41,37.43
2006-05-11,Madurai,9.9252,78.1198,Irrigated,31.85,39.26,25.61,54.27,2.34,0.22,24.33,37.41
2006-05-12,Madurai,9.9252,78.1198,Irrigated,33.0,39.97,26.48,48.54,1.64,0.03,22.41,37.39
2006-05-13,Madurai,9.9252,78.1198,Irrigated,32.33,37.35,27.57,48.35,1.36,0.0,23.66,37.36
2006-05-14,Madurai,9.9252,78.1198,Irrigated,32.64,39.1,26.67,46.8,1.43,0.1,23.72,37.34
2006-05-15,Madurai,9.9252,78.1198,Irrigated,32.55,38.47,27.39,47.97,1.94,0.98,23.63,37.31
2006-05-16,Madurai,9.9252,78.1198,Irrigated,30.44,36.19,26.31,63.22,1.79,19.72,23.77,37.28
2006-05-17,Madurai,9.9252,78.1198,Irrigated,29.67,35.08,25.0,66.3,1.46,1.09,22.62,37.25
2006-05-18,Madurai,9.9252,78.1198,Irrigated,26.61,29.16,24.87,82.08,1.83,35.39,20.49,37.23
2006-05-19,Madurai,9.9252,78.1198,Irrigated,27.55,32.65,24.54,73.8,2.36,5.67,15.56,37.2
2006-05-20,Madurai,9.9252,78.1198,Irrigated,29.48,36.48,23.51,60.27,1.8,0.0,23.69,37.17
2006-05-21,Madurai,9.9252,78.1198,Irrigated,29.09,35.12,24.06,64.93,2.04,1.99,23.07,37.15
2006-05-22,Madurai,9.9252,78.1198,Irrigated,29.82,36.87,24.78,63.68,2.02,3.54,23.53,37.13
2006-05-23,Madurai,9.9252,78.1198,Irrigated,28.95,35.33,24.35,69.48,2.49,8.75,24.36,37.1
2006-05-24,Madurai,9.9252,78.1198,Irrigated,29.07,35.76,23.93,66.28,2.49,3.91,23.62,37.08
2006-05-25,Madurai,9.9252,78.1198,Irrigated,28.85,35.05,24.11,66.49,2.9,1.37,23.85,37.05
2006-05-26,Madurai,9.9252,78.1198,Irrigated,27.84,33.87,24.44,69.06,2.85,10.43,20.46,37.03
2006-05-27,Madurai,9.9252,78.1198,Irrigated,26.56,30.89,23.79,71.46,3.37,4.14,19.12,37.01
2006-05-28,Madurai,9.9252,78.1198,Irrigated,26.83,31.57,23.86,76.54,3.06,9.57,19.74,36.98
2006-05-29,Madurai,9.9252,78.1198,Irrigated,27.1,31.75,23.66,74.33,3.65,10.32,20.38,36.96
2006-05-30,Madurai,9.9252,78.1198,Irrigated,27.64,32.23,24.17,74.29,3.52,13.03,15.56,36.94
2006-05-31,Madurai,9.9252,78.1198,Irrigated,27.25,32.14,23.41,75.18,3.02,6.01,19.36,36.92
2006-06-01,Madurai,9.9252,78.1198,Irrigated,27.88,34.58,22.56,69.9,2.3,0.18,22.18,36.9
2006-06-02,Madurai,9.9252,78.1198,Irrigated,27.94,33.61,23.85,72.46,1.61,2.22,24.19,36.87
2006-06-03,Madurai,9.9252,78.1198,Irrigated,28.59,35.52,23.03,68.51,1.88,0.56,24.14,36.85
2006-06-04,Madurai,9.9252,78.1198,Irrigated,28.05,33.99,24.26,65.2,2.37,0.46,18.92,36.83
2006-06-05,Madurai,9.9252,78.1198,Irrigated,27.44,32.83,23.42,68.2,2.41,1.55,20.55,36.81
2006-06-06,Madurai,9.9252,78.1198,Irrigated,28.02,34.13,22.9,68.42,1.71,0.05,19.2,36.79
2006-06-07,Madurai,9.9252,78.1198,Irrigated,27.37,33.69,23.13,68.43,1.77,0.01,22.47,36.77
2006-06-08,Madurai,9.9252,78.1198,Irrigated,28.6,35.2,22.88,62.76,1.8,0.0,23.32,36.75
2006-06-09,Madurai,9.9252,78.1198,Irrigated,28.27,33.97,23.64,65.73,2.0,0.28,22.35,36.74
2006-06-10,Madurai,9.9252,78.1198,Irrigated,28.74,35.6,23.58,64.57,2.24,0.0,23.75,36.73
2006-06-11,Madurai,9.9252,78.1198,Irrigated,28.71,36.53,21.93,62.37,2.08,0.0,23.87,36.71
2006-06-12,Madurai,9.9252,78.1198,Irrigated,29.5,37.54,21.71,60.41,1.51,0.0,25.51,36.7
2006-06-13,Madurai,9.9252,78.1198,Irrigated,29.93,37.72,22.49,59.23,1.29,0.22,25.46,36.69
2006-06-14,Madurai,9.9252,78.1198,Irrigated,30.13,36.93,23.85,57.98,1.45,0.03,24.18,36.68
2006-06-15,Madurai,9.9252,78.1198,Irrigated,29.97,35.63,25.27,62.77,1.02,0.54,23.39,36.67
2006-06-16,Madurai,9.9252,78.1198,Irrigated,27.12,29.38,25.22,76.2,1.92,4.55,23.76,36.66
2006-06-17,Madurai,9.9252,78.1198,Irrigated,29.04,35.34,23.63,63.21,1.71,0.12,23.88,36.64
2006-06-18,Madurai,9.9252,78.1198,Irrigated,29.24,35.11,23.11,64.24,1.43,0.33,20.38,36.64
2006-06-19,Madurai,9.9252,78.1198,Irrigated,29.13,33.62,25.53,66.64,1.64,0.13,21.3,36.63
2006-06-20,Madurai,9.9252,78.1198,Irrigated,27.21,31.56,24.55,76.01,2.05,11.31,19.91,36.62
2006-06-21,Madurai,9.9252,78.1198,Irrigated,27.46,31.24,24.09,77.21,1.18,12.33,20.42,36.62
2006-06-22,Madurai,9.9252,78.1198,Irrigated,26.89,31.48,23.92,80.72,2.38,9.22,22.25,36.61
2006-06-23,Madurai,9.9252,78.1198,Irrigated,27.22,32.51,23.54,76.6,3.44,14.43,21.07,36.61
2006-06-24,Madurai,9.9252,78.1198,Irrigated,27.92,33.75,23.91,72.44,3.03,4.29,20.69,36.61
2006-06-25,Madurai,9.9252,78.1198,Irrigated,27.39,32.6,23.85,68.5,3.36,1.08,21.84,36.61
2006-06-26,Madurai,9.9252,78.1198,Irrigated,27.46,33.04,22.71,70.78,2.22,0.88,21.36,36.61
2006-06-27,Madurai,9.9252,78.1198,Irrigated,28.7,35.24,23.41,69.22,1.94,0.29,22.03,36.61
2006-06-28,Madurai,9.9252,78.1198,Irrigated,27.75,33.05,24.21,69.24,2.68,1.33,15.81,36.61
2006-06-29,Madurai,9.9252,78.1198,Irrigated,27.31,32.96,23.49,69.65,2.99,6.39,20.76,36.61
2006-06-30,Madurai,9.9252,78.1198,Irrigated,27.77,33.05,23.9,69.26,3.06,0.58,19.18,36.61
2006-07-01,Madurai,9.9252,78.1198,Irrigated,28.11,34.01,24.36,63.0,4.54,0.28,20.98,36.61
2006-07-02,Madurai,9.9252,78.1198,Irrigated,27.29,31.99,23.96,66.58,3.97,1.34,21.23,36.62
2006-07-03,Madurai,9.9252,78.1198,Irrigated,27.14,31.42,23.99,67.51,4.31,5.66,20.62,36.62
2006-07-04,Madurai,9.9252,78.1198,Irrigated,26.87,30.95,24.26,69.44,4.3,7.96,18.98,36.63
2006-07-05,Madurai,9.9252,78.1198,Irrigated,27.47,32.6,23.56,67.85,3.51,3.6,18.72,36.63
2006-07-06,Madurai,9.9252,78.1198,Irrigated,27.56,33.84,22.97,68.64,2.78,1.43,22.52,36.65
2006-07-07,Madurai,9.9252,78.1198,Irrigated,28.01,35.19,22.25,67.33,2.76,1.84,21.41,36.66
2006-07-08,Madurai,9.9252,78.1198,Irrigated,29.01,36.28,23.66,64.93,3.03,0.11,23.37,36.67
2006-07-09,Madurai,9.9252,78.1198,Irrigated,28.15,35.05,22.9,65.71,2.99,0.13,22.41,36.68
2006-07-10,Madurai,9.9252,78.1198,Irrigated,28.18,34.93,23.74,67.17,2.91,8.78,22.02,36.69
2006-07-11,Madurai,9.9252,78.1198,Irrigated,27.64,33.57,23.02,69.26,3.07,2.87,20.73,36.7
2006-07-12,Madurai,9.9252,78.1198,Irrigated,26.74,31.36,23.7,74.42,2.99,5.96,18.88,36.71
2006-07-13,Madurai,9.9252,78.1198,Irrigated,26.54,31.32,23.08,71.11,3.47,1.23,19.16,36.73
2006-07-14,Madurai,9.9252,78.1198,Irrigated,26.91,31.42,23.1,69.78,2.87,0.46,20.04,36.74
2006-07-15,Madurai,9.9252,78.1198,Irrigated,27.59,32.7,23.93,68.82,3.55,0.69,20.63,36.75
2006-07-16,Madurai,9.9252,78.1198,Irrigated,28.28,34.64,23.23,65.54,3.62,0.23,19.53,36.77
2006-07-17,Madurai,9.9252,78.1198,Irrigated,27.8,33.75,23.54,67.08,3.45,0.86,17.69,36.78
2006-07-18,Madurai,9.9252,78.1198,Irrigated,27.18,33.34,22.87,68.73,3.16,0.37,21.94,36.79
2006-07-19,Madurai,9.9252,78.1198,Irrigated,28.11,35.37,22.98,65.55,2.74,0.18,22.66,36.81
2006-07-20,Madurai,9.9252,78.1198,Irrigated,28.17,34.6,22.9,65.78,2.84,0.97,21.67,36.83
2006-07-21,Madurai,9.9252,78.1198,Irrigated,28.45,34.93,23.64,63.17,3.08,0.02,19.21,36.84
2006-07-22,Madurai,9.9252,78.1198,Irrigated,28.0,34.88,23.19,63.44,2.15,0.0,22.39,36.86
2006-07-23,Madurai,9.9252,78.1198,Irrigated,29.18,37.44,22.09,60.44,2.13,0.03,24.49,36.88
2006-07-24,Madurai,9.9252,78.1198,Irrigated,28.53,34.53,23.29,62.76,2.03,0.0,23.14,36.89
2006-07-25,Madurai,9.9252,78.1198,Irrigated,28.29,33.34,24.14,66.17,1.35,0.3,18.69,36.91
2006-07-26,Madurai,9.9252,78.1198,Irrigated,27.44,31.84,23.98,69.85,1.42,0.8,14.51,36.93
2006-07-27,Madurai,9.9252,78.1198,Irrigated,27.02,33.63,22.61,66.78,2.93,1.27,17.82,36.95
2006-07-28,Madurai,9.9252,78.1198,Irrigated,27.04,34.23,21.9,61.74,3.96,0.53,17.68,36.97
2006-07-29,Madurai,9.9252,78.1198,Irrigated,27.4,34.58,21.92,64.98,2.99,0.84,18.38,36.98
2006-07-30,Madurai,9.9252,78.1198,Irrigated,27.86,34.71,22.2,65.05,2.47,0.15,23.18,37.0
2006-07-31,Madurai,9.9252,78.1198,Irrigated,27.66,34.23,22.01,65.19,3.0,0.34,24.31,37.02
2006-08-01,Madurai,9.9252,78.1198,Irrigated,27.78,34.08,22.22,64.84,2.56,0.1,22.07,37.04
2006-08-02,Madurai,9.9252,78.1198,Irrigated,28.82,36.65,22.76,59.78,3.4,0.04,22.41,37.05
2006-08-03,Madurai,9.9252,78.1198,Irrigated,27.97,34.67,23.74,60.49,3.9,0.32,19.49,37.07
2006-08-04,Madurai,9.9252,78.1198,Irrigated,27.05,32.7,22.98,65.58,2.97,0.73,21.47,37.08
2006-08-05,Madurai,9.9252,78.1198,Irrigated,27.9,36.46,21.65,61.07,2.64,0.02,23.21,37.1
2006-08-06,Madurai,9.9252,78.1198,Irrigated,29.14,37.67,21.44,58.95,2.15,0.0,24.92,37.11
2006-08-07,Madurai,9.9252,78.1198,Irrigated,29.64,37.9,22.57,58.75,2.21,0.35,25.07,37.13
2006-08-08,Madurai,9.9252,78.1198,Irrigated,28.94,36.57,22.83,59.25,2.64,0.12,24.4,37.15
2006-08-09,Madurai,9.9252,78.1198,Irrigated,28.35,36.26,21.74,63.08,2.87,3.18,21.97,37.16
2006-08-10,Madurai,9.9252,78.1198,Irrigated,27.07,32.92,23.4,69.1,3.04,8.94,16.42,37.17
2006-08-11,Madurai,9.9252,78.1198,Irrigated,27.9,34.3,23.01,69.16,3.31,3.26,21.63,37.18
2006-08-12,Madurai,9.9252,78.1198,Irrigated,27.46,32.68,23.29,68.34,3.52,3.07,20.0,37.19
2006-08-13,Madurai,9.9252,78.1198,Irrigated,27.33,32.35,23.04,66.05,3.78,1.77,19.88,37.19
2006-08-14,Madurai,9.9252,78.1198,Irrigated,27.41,33.36,23.53,67.88,3.28,7.26,20.92,37.2
2006-08-15,Madurai,9.9252,78.1198,Irrigated,27.72,34.07,22.98,68.63,3.71,6.26,21.19,37.21
2006-08-16,Madurai,9.9252,78.1198,Irrigated,26.58,30.89,23.67,61.85,5.25,1.44,20.14,37.22
2006-08-17,Madurai,9.9252,78.1198,Irrigated,27.54,33.89,23.33,62.21,4.1,1.29,21.1,37.23
2006-08-18,Madurai,9.9252,78.1198,Irrigated,27.58,34.79,22.05,67.58,2.73,12.45,22.09,37.25
2006-08-19,Madurai,9.9252,78.1198,Irrigated,28.16,34.83,23.2,69.67,1.92,0.12,23.21,37.26
2006-08-20,Madurai,9.9252,78.1198,Irrigated,27.23,31.58,23.83,75.1,1.6,46.8,22.24,37.27
2006-08-21,Madurai,9.9252,78.1198,Irrigated,26.13,29.11,23.76,83.92,1.22,30.29,20.7,37.27
2006-08-22,Madurai,9.9252,78.1198,Irrigated,26.3,29.62,23.72,81.54,0.96,2.46,19.07,37.27
2006-08-23,Madurai,9.9252,78.1198,Irrigated,26.99,31.36,23.16,76.33,1.11,2.77,18.35,37.27
2006-08-24,Madurai,9.9252,78.1198,Irrigated,26.67,30.43,23.34,77.86,1.3,26.26,23.34,37.27
2006-08-25,Madurai,9.9252,78.1198,Irrigated,26.72,31.27,22.91,78.67,1.81,10.83,22.32,37.27
2006-08-26,Madurai,9.9252,78.1198,Irrigated,26.22,31.51,22.25,73.95,2.1,0.0,23.96,37.27
2006-08-27,Madurai,9.9252,78.1198,Irrigated,25.71,31.66,21.57,74.45,1.98,0.0,25.36,37.26
2006-08-28,Madurai,9.9252,78.1198,Irrigated,26.77,34.14,20.36,69.49,2.51,0.13,24.33,37.26
2006-08-29,Madurai,9.9252,78.1198,Irrigated,27.01,33.12,22.2,70.65,2.83,0.38,21.97,37.26
2006-08-30,Madurai,9.9252,78.1198,Irrigated,27.9,34.88,21.84,68.85,1.84,0.02,25.17,37.26
2006-08-31,Madurai,9.9252,78.1198,Irrigated,28.05,34.32,22.86,69.56,1.45,0.91,21.6,37.25
2006-09-01,Madurai,9.9252,78.1198,Irrigated,27.96,33.32,23.09,71.91,1.09,28.43,19.7,37.24
2006-09-02,Madurai,9.9252,78.1198,Irrigated,26.87,30.06,23.95,79.67,1.26,8.96,20.34,37.23
2006-09-03,Madurai,9.9252,78.1198,Irrigated,26.99,30.46,23.91,81.46,1.08,1.06,23.52,37.21
2006-09-04,Madurai,9.9252,78.1198,Irrigated,26.97,30.2,23.96,79.02,0.96,1.35,17.37,37.2
2006-09-05,Madurai,9.9252,78.1198,Irrigated,26.78,30.74,23.73,76.82,1.24,0.0,22.76,37.19
2006-09-06,Madurai,9.9252,78.1198,Irrigated,26.48,30.82,22.7,78.89,1.36,0.28,19.99,37.17
2006-09-07,Madurai,9.9252,78.1198,Irrigated,25.76,28.85,23.43,86.68,1.29,11.4,11.55,37.16
2006-09-08,Madurai,9.9252,78.1198,Irrigated,26.18,30.79,22.77,83.99,2.3,8.23,18.46,37.13
2006-09-09,Madurai,9.9252,78.1198,Irrigated,25.23,29.2,22.57,86.32,2.97,8.61,17.94,37.11
2006-09-10,Madurai,9.9252,78.1198,Irrigated,25.5,30.02,21.91,83.56,2.76,1.62,22.11,37.09
2006-09-11,Madurai,9.9252,78.1198,Irrigated,25.38,29.84,22.12,84.64,2.73,6.87,20.96,37.06
2006-09-12,Madurai,9.9252,78.1198,Irrigated,26.27,31.72,22.46,79.64,2.25,5.01,23.64,37.04
2006-09-13,Madurai,9.9252,78.1198,Irrigated,26.55,32.24,22.49,76.71,2.37,2.35,21.39,37.01
2006-09-14,Madurai,9.9252,78.1198,Irrigated,25.05,28.87,22.3,80.94,1.8,0.47,22.03,36.98
2006-09-15,Madurai,9.9252,78.1198,Irrigated,25.53,29.89,21.97,82.74,2.56,13.12,16.09,36.95
2006-09-16,Madurai,9.9252,78.1198,Irrigated,25.18,29.02,23.06,87.06,2.61,9.07,19.3,36.92
2006-09-17,Madurai,9.9252,78.1198,Irrigated,25.28,29.23,22.33,84.83,2.52,3.11,19.06,36.88
2006-09-18,Madurai,9.9252,78.1198,Irrigated,25.61,29.68,22.38,84.02,2.48,12.36,20.24,36.85
2006-09-19,Madurai,9.9252,78.1198,Irrigated,26.56,33.04,21.82,77.54,2.12,0.23,22.86,36.81
2006-09-20,Madurai,9.9252,78.1198,Irrigated,26.09,31.28,21.83,81.85,2.34,0.54,20.92,36.77
2006-09-21,Madurai,9.9252,78.1198,Irrigated,26.26,31.03,22.53,80.73,2.24,4.72,18.38,36.73
2006-09-22,Madurai,9.9252,78.1198,Irrigated,26.64,32.42,21.96,77.68,1.64,1.11,21.05,36.68
2006-09-23,Madurai,9.9252,78.1198,Irrigated,26.48,31.47,22.53,79.86,1.43,0.08,22.36,36.64
2006-09-24,Madurai,9.9252,78.1198,Irrigated,25.82,30.06,22.76,84.7,1.74,20.16,21.25,36.59
2006-09-25,Madurai,9.9252,78.1198,Irrigated,24.88,28.39,22.31,84.03,1.38,12.82,14.71,36.55
2006-09-26,Madurai,9.9252,78.1198,Irrigated,25.82,31.46,21.44,77.21,2.15,0.15,20.87,36.5
2006-09-27,Madurai,9.9252,78.1198,Irrigated,26.29,33.11,20.89,73.43,1.93,1.31,24.2,36.44
2006-09-28,Madurai,9.9252,78.1198,Irrigated,26.75,33.54,22.5,71.29,2.15,1.22,22.7,36.39
2006-09-29,Madurai,9.9252,78.1198,Irrigated,25.69,31.03,21.62,75.06,2.07,2.11,21.3,36.34
2006-09-30,Madurai,9.9252,78.1198,Irrigated,27.16,33.52,21.88,72.65,1.94,0.27,23.16,36.28
2006-10-01,Madurai,9.9252,78.1198,Irrigated,27.06,33.85,22.14,71.37,2.04,0.21,24.01,36.23
2006-10-02,Madurai,9.9252,78.1198,Irrigated,26.96,34.23,20.71,71.06,1.65,0.17,24.9,36.17
2006-10-03,Madurai,9.9252,78.1198,Irrigated,27.35,34.33,20.85,72.07,1.62,0.01,23.62,36.11
2006-10-04,Madurai,9.9252,78.1198,Irrigated,27.74,33.77,22.97,74.02,1.79,7.43,22.3,36.05
2006-10-05,Madurai,9.9252,78.1198,Irrigated,27.87,34.59,22.45,72.19,1.86,0.05,23.15,35.99
2006-10-06,Madurai,9.9252,78.1198,Irrigated,27.27,34.0,21.48,75.57,2.17,11.35,22.84,35.93
2006-10-07,Madurai,9.9252,78.1198,Irrigated,25.86,29.34,23.55,87.25,1.88,35.96,20.89,35.86
2006-10-08,Madurai,9.9252,78.1198,Irrigated,26.27,31.39,23.12,79.66,2.19,3.14,18.42,35.79
2006-10-09,Madurai,9.9252,78.1198,Irrigated,25.62,31.06,21.79,79.09,1.69,0.86,20.59,35.72
2006-10-10,Madurai,9.9252,78.1198,Irrigated,26.43,31.82,22.41,81.08,1.1,1.52,19.55,35.65
2006-10-11,Madurai,9.9252,78.1198,Irrigated,26.91,31.75,23.36,78.49,1.43,0.5,18.63,35.58
2006-10-12,Madurai,9.9252,78.1198,Irrigated,26.92,32.23,22.35,77.79,1.35,1.03,21.3,35.51
2006-10-13,Madurai,9.9252,78.1198,Irrigated,27.0,32.43,23.24,76.56,1.26,0.48,20.2,35.43
2006-10-14,Madurai,9.9252,78.1198,Irrigated,26.28,30.79,23.34,80.37,1.12,2.59,18.46,35.36
2006-10-15,Madurai,9.9252,78.1198,Irrigated,26.21,30.35,23.04,82.11,1.09,13.09,20.28,35.28
2006-10-16,Madurai,9.9252,78.1198,Irrigated,26.2,30.55,23.17,83.87,1.39,7.26,17.95,35.2
2006-10-17,Madurai,9.9252,78.1198,Irrigated,25.57,29.06,23.29,87.76,1.55,9.69,15.65,35.12
2006-10-18,Madurai,9.9252,78.1198,Irrigated,26.07,30.71,22.67,86.0,1.74,24.64,15.9,35.04
2006-10-19,Madurai,9.9252,78.1198,Irrigated,25.3,28.51,23.07,89.26,1.41,26.31,16.04,34.97
2006-10-20,Madurai,9.9252,78.1198,Irrigated,25.24,28.43,22.44,86.01,1.6,17.84,17.13,34.88
2006-10-21,Madurai,9.9252,78.1198,Irrigated,25.32,29.5,22.03,83.01,1.52,4.95,16.18,34.8
2006-10-22,Madurai,9.9252,78.1198,Irrigated,25.21,29.99,21.24,84.32,2.1,4.18,18.31,34.72
2006-10-23,Madurai,9.9252,78.1198,Irrigated,24.45,27.51,22.42,90.36,2.09,23.13,17.78,34.64
2006-10-24,Madurai,9.9252,78.1198,Irrigated,24.39,27.59,21.95,91.06,2.22,8.16,14.43,34.55
2006-10-25,Madurai,9.9252,78.1198,Irrigated,24.78,28.49,21.83,88.54,2.34,4.5,15.03,34.47
2006-10-26,Madurai,9.9252,78.1198,Irrigated,24.71,27.47,22.39,91.09,2.15,17.59,16.3,34.38
2006-10-27,Madurai,9.9252,78.1198,Irrigated,24.19,26.59,22.16,93.48,1.98,25.11,10.94,34.3
2006-10-28,Madurai,9.9252,78.1198,Irrigated,24.98,28.8,21.97,86.95,1.04,29.27,12.49,34.22
2006-10-29,Madurai,9.9252,78.1198,Irrigated,25.27,28.75,22.67,89.05,2.09,5.03,18.16,34.13
2006-10-30,Madurai,9.9252,78.1198,Irrigated,25.34,29.17,22.25,89.15,1.61,7.57,20.44,34.05
2006-10-31,Madurai,9.9252,78.1198,Irrigated,24.94,28.58,22.36,87.94,2.04,0.77,14.91,33.96
2006-11-01,Madurai,9.9252,78.1198,Irrigated,25.17,28.68,22.79,87.4,1.22,4.06,18.1,33.87
2006-11-02,Madurai,9.9252,78.1198,Irrigated,24.7,28.25,22.21,91.93,1.7,12.84,15.28,33.79
2006-11-03,Madurai,9.9252,78.1198,Irrigated,24.18,26.82,22.56,92.89,1.99,14.7,13.36,33.7
2006-11-04,Madurai,9.9252,78.1198,Irrigated,23.49,25.64,21.74,91.41,1.2,3.45,11.67,33.61
2006-11-05,Madurai,9.9252,78.1198,Irrigated,24.63,28.79,21.4,88.8,1.62,0.36,19.25,33.53
2006-11-06,Madurai,9.9252,78.1198,Irrigated,24.33,26.92,22.12,91.23,1.18,12.59,18.6,33.45
2006-11-07,Madurai,9.9252,78.1198,Irrigated,23.73,25.9,22.15,93.33,1.75,5.2,11.69,33.36
2006-11-08,Madurai,9.9252,78.1198,Irrigated,23.91,26.82,21.39,90.79,1.44,2.69,19.59,33.28
2006-11-09,Madurai,9.9252,78.1198,Irrigated,24.06,26.77,22.11,91.65,1.24,6.73,17.74,33.19
2006-11-10,Madurai,9.9252,78.1198,Irrigated,24.34,27.79,21.61,91.0,1.57,9.18,20.18,33.11
2006-11-11,Madurai,9.9252,78.1198,Irrigated,24.34,27.32,22.48,91.15,1.77,7.18,10.44,33.02
2006-11-12,Madurai,9.9252,78.1198,Irrigated,24.24,27.22,22.16,91.87,1.68,1.49,13.68,32.93
2006-11-13,Madurai,9.9252,78.1198,Irrigated,23.72,26.43,21.97,92.4,1.51,1.39,15.27,32.85
2006-11-14,Madurai,9.9252,78.1198,Irrigated,24.11,27.59,21.59,91.63,2.09,2.09,17.22,32.77
2006-11-15,Madurai,9.9252,78.1198,Irrigated,24.26,27.23,22.21,91.5,2.05,3.81,14.14,32.69
2006-11-16,Madurai,9.9252,78.1198,Irrigated,24.22,27.58,21.89,90.71,2.06,2.08,17.97,32.61
2006-11-17,Madurai,9.9252,78.1198,Irrigated,23.98,26.98,22.09,94.1,1.75,27.07,15.79,32.54
2006-11-18,Madurai,9.9252,78.1198,Irrigated,24.23,27.06,21.99,91.85,1.45,16.38,8.01,32.47
2006-11-19,Madurai,9.9252,78.1198,Irrigated,24.68,27.91,22.35,91.33,1.74,1.71,18.48,32.4
2006-11-20,Madurai,9.9252,78.1198,Irrigated,24.73,28.19,22.68,91.05,1.68,4.3,13.4,32.32
2006-11-21,Madurai,9.9252,78.1198,Irrigated,24.32,27.44,22.31,92.42,2.39,14.14,16.73,32.25
2006-11-22,Madurai,9.9252,78.1198,Irrigated,23.3,25.65,21.62,93.38,1.64,5.39,12.41,32.18
2006-11-23,Madurai,9.9252,78.1198,Irrigated,23.79,27.92,20.58,87.16,1.63,7.53,20.88,32.11
2006-11-24,Madurai,9.9252,78.1198,Irrigated,23.75,28.34,20.15,87.65,1.7,4.52,20.65,32.04
2006-11-25,Madurai,9.9252,78.1198,Irrigated,23.97,28.5,19.82,89.89,1.59,0.23,19.33,31.98
2006-11-26,Madurai,9.9252,78.1198,Irrigated,24.95,29.06,21.64,89.95,1.71,10.98,17.8,31.92
2006-11-27,Madurai,9.9252,78.1198,Irrigated,24.36,26.69,22.67,93.76,1.62,15.31,17.51,31.86
2006-11-28,Madurai,9.9252,78.1198,Irrigated,24.62,28.36,21.78,88.27,1.92,0.55,19.52,31.8
2006-11-29,Madurai,9.9252,78.1198,Irrigated,23.86,28.53,20.13,88.77,2.14,0.0,18.33,31.74
2006-11-30,Madurai,9.9252,78.1198,Irrigated,23.56,28.37,20.08,88.85,2.34,0.0,19.32,31.68
2006-12-01,Madurai,9.9252,78.1198,Irrigated,22.63,27.56,18.78,87.73,2.34,0.0,19.25,31.63
2006-12-02,Madurai,9.9252,78.1198,Irrigated,22.39,27.44,17.5,86.56,2.24,0.19,19.89,31.58
2006-12-03,Madurai,9.9252,78.1198,Irrigated,22.8,27.74,19.31,87.97,2.6,0.33,15.3,31.53
2006-12-04,Madurai,9.9252,78.1198,Irrigated,22.81,27.64,19.39,87.81,2.6,0.22,14.97,31.49
2006-12-05,Madurai,9.9252,78.1198,Irrigated,22.85,27.51,19.51,87.15,2.76,0.01,16.98,31.45
2006-12-06,Madurai,9.9252,78.1198,Irrigated,21.86,26.64,18.23,86.12,2.22,0.0,19.69,31.4
2006-12-07,Madurai,9.9252,78.1198,Irrigated,21.8,27.29,16.99,84.4,2.36,0.0,18.99,31.36
2006-12-08,Madurai,9.9252,78.1198,Irrigated,21.89,27.64,16.61,85.1,2.17,0.0,21.46,31.32
2006-12-09,Madurai,9.9252,78.1198,Irrigated,22.07,27.54,17.03,84.22,1.97,0.67,20.71,31.29
2006-12-10,Madurai,9.9252,78.1198,Irrigated,23.11,28.31,18.86,89.25,2.35,3.29,18.87,31.25
2006-12-11,Madurai,9.9252,78.1198,Irrigated,24.55,28.87,21.42,90.44,1.89,10.7,15.41,31.22
2006-12-12,Madurai,9.9252,78.1198,Irrigated,24.71,28.58,22.22,89.83,2.11,3.29,14.75,31.19
2006-12-13,Madurai,9.9252,78.1198,Irrigated,23.84,27.72,20.64,87.57,2.63,0.01,16.72,31.17
2006-12-14,Madurai,9.9252,78.1198,Irrigated,22.8,27.56,19.41,85.79,2.77,0.0,18.49,31.16
2006-12-15,Madurai,9.9252,78.1198,Irrigated,22.37,27.55,18.51,86.0,2.64,0.0,17.94,31.14
2006-12-16,Madurai,9.9252,78.1198,Irrigated,21.56,27.29,17.12,84.16,3.03,0.0,16.83,31.13
2006-12-17,Madurai,9.9252,78.1198,Irrigated,21.71,26.8,17.43,85.45,2.81,0.0,17.9,31.12
2006-12-18,Madurai,9.9252,78.1198,Irrigated,22.27,27.4,17.5,85.18,2.4,0.0,17.89,31.11
2006-12-19,Madurai,9.9252,78.1198,Irrigated,22.93,28.03,18.86,84.88,2.65,0.16,18.29,31.1
2006-12-20,Madurai,9.9252,78.1198,Irrigated,22.67,27.34,19.3,85.93,2.61,0.6,17.81,31.1
2006-12-21,Madurai,9.9252,78.1198,Irrigated,22.3,27.68,18.71,86.95,2.96,0.5,8.36,31.1
2006-12-22,Madurai,9.9252,78.1198,Irrigated,22.61,27.89,18.12,86.46,2.92,0.0,13.94,31.11
2006-12-23,Madurai,9.9252,78.1198,Irrigated,22.87,27.92,18.68,85.28,2.98,0.23,16.19,31.11
2006-12-24,Madurai,9.9252,78.1198,Irrigated,22.43,27.27,19.16,86.86,2.67,0.01,12.0,31.13
2006-12-25,Madurai,9.9252,78.1198,Irrigated,22.1,26.79,18.06,84.52,2.63,0.03,16.36,31.14
2006-12-26,Madurai,9.9252,78.1198,Irrigated,21.95,27.83,17.16,82.85,2.44,0.01,16.66,31.15
2006-12-27,Madurai,9.9252,78.1198,Irrigated,22.22,28.19,17.01,84.03,2.44,0.0,17.24,31.17
2006-12-28,Madurai,9.9252,78.1198,Irrigated,21.99,28.35,16.65,81.49,2.26,0.0,20.09,31.19
2006-12-29,Madurai,9.9252,78.1198,Irrigated,21.32,27.89,15.94,80.72,2.2,0.0,20.44,31.22
2006-12-30,Madurai,9.9252,78.1198,Irrigated,20.92,27.93,15.31,78.2,1.95,0.0,21.07,31.24
2006-12-31,Madurai,9.9252,78.1198,Irrigated,21.62,28.06,15.1,78.64,1.86,0.0,19.62,31.28
2007-01-01,Madurai,9.9252,78.1198,Irrigated,22.39,28.07,17.46,80.2,1.74,0.0,15.62,31.31
2007-01-02,Madurai,9.9252,78.1198,Irrigated,21.55,28.53,15.95,76.16,2.06,0.0,19.53,31.34
2007-01-03,Madurai,9.9252,78.1198,Irrigated,21.46,27.88,15.41,80.04,1.78,0.0,17.29,31.38
2007-01-04,Madurai,9.9252,78.1198,Irrigated,21.72,28.61,16.29,78.22,1.73,0.0,19.06,31.42
2007-01-05,Madurai,9.9252,78.1198,Irrigated,21.63,28.92,15.42,78.8,1.92,0.0,20.05,31.46
2007-01-06,Madurai,9.9252,78.1198,Irrigated,22.26,28.86,16.48,77.96,2.38,0.01,19.65,31.5
2007-01-07,Madurai,9.9252,78.1198,Irrigated,22.29,29.1,16.51,77.48,2.49,0.0,19.27,31.55
2007-01-08,Madurai,9.9252,78.1198,Irrigated,23.23,29.93,17.31,79.07,2.82,0.08,13.56,31.6
2007-01-09,Madurai,9.9252,78.1198,Irrigated,24.36,30.37,20.16,77.76,3.25,0.04,13.61,31.66
2007-01-10,Madurai,9.9252,78.1198,Irrigated,24.41,30.51,19.97,78.02,2.88,0.0,18.7,31.71
2007-01-11,Madurai,9.9252,78.1198,Irrigated,24.79,31.0,20.0,77.27,2.64,0.0,19.59,31.77
2007-01-12,Madurai,9.9252,78.1198,Irrigated,24.3,30.64,19.6,75.72,2.53,0.0,16.48,31.83
2007-01-13,Madurai,9.9252,78.1198,Irrigated,23.1,30.8,17.06,72.53,2.23,0.0,20.31,31.9
2007-01-14,Madurai,9.9252,78.1198,Irrigated,23.65,30.78,17.46,75.73,2.38,0.01,19.24,31.96
2007-01-15,Madurai,9.9252,78.1198,Irrigated,24.94,31.38,20.43,77.04,2.28,0.0,19.65,32.03
2007-01-16,Madurai,9.9252,78.1198,Irrigated,24.54,31.9,19.32,74.46,2.01,0.0,18.52,32.1
2007-01-17,Madurai,9.9252,78.1198,Irrigated,23.68,31.71,17.53,72.52,1.96,0.0,18.34,32.17
2007-01-18,Madurai,9.9252,78.1198,Irrigated,23.03,31.52,17.19,69.96,2.34,0.0,20.33,32.24
2007-01-19,Madurai,9.9252,78.1198,Irrigated,22.97,31.27,16.91,71.52,2.16,0.0,20.83,32.32
2007-01-20,Madurai,9.9252,78.1198,Irrigated,23.46,31.89,16.95,72.04,2.07,0.0,20.82,32.39
2007-01-21,Madurai,9.9252,78.1198,Irrigated,23.2,31.16,16.81,73.72,2.09,0.0,20.06,32.47
2007-01-22,Madurai,9.9252,78.1198,Irrigated,23.57,32.25,17.94,70.53,1.94,0.0,22.5,32.55
2007-01-23,Madurai,9.9252,78.1198,Irrigated,23.48,32.42,15.83,69.77,2.03,0.0,21.96,32.63
2007-01-24,Madurai,9.9252,78.1198,Irrigated,23.9,32.15,17.38,72.27,2.42,0.0,21.35,32.72
2007-01-25,Madurai,9.9252,78.1198,Irrigated,24.28,32.13,18.52,71.63,2.48,0.0,17.03,32.8
2007-01-26,Madurai,9.9252,78.1198,Irrigated,25.01,32.43,19.13,71.36,2.6,0.0,19.79,32.88
2007-01-27,Madurai,9.9252,78.1198,Irrigated,24.93,30.71,21.18,78.52,3.09,2.49,8.91,32.97
2007-01-28,Madurai,9.9252,78.1198,Irrigated,25.25,30.95,21.38,76.33,2.98,1.2,11.97,33.06
2007-01-29,Madurai,9.9252,78.1198,Irrigated,25.48,32.59,19.88,72.82,3.0,0.03,17.83,33.14
2007-01-30,Madurai,9.9252,78.1198,Irrigated,25.36,32.53,20.37,70.99,2.9,0.0,21.22,33.23
2007-01-31,Madurai,9.9252,78.1198,Irrigated,24.55,32.79,18.39,69.35,2.5,0.0,21.6,33.32
2007-02-01,Madurai,9.9252,78.1198,Irrigated,23.88,32.91,17.59,66.5,2.11,0.0,22.97,33.41
2007-02-02,Madurai,9.9252,78.1198,Irrigated,24.06,32.35,17.29,71.6,2.36,0.0,21.31,33.5
2007-02-03,Madurai,9.9252,78.1198,Irrigated,24.6,32.75,17.66,68.9,2.1,0.01,20.59,33.59
2007-02-04,Madurai,9.9252,78.1198,Irrigated,24.65,32.93,18.2,67.18,1.9,0.0,21.52,33.69
2007-02-05,Madurai,9.9252,78.1198,Irrigated,24.65,33.64,17.91,62.93,1.92,0.0,23.28,33.78
2007-02-06,Madurai,9.9252,78.1198,Irrigated,24.04,33.23,16.66,63.6,1.99,0.0,23.77,33.88
2007-02-07,Madurai,9.9252,78.1198,Irrigated,24.22,33.44,16.31,65.51,1.92,0.0,23.32,33.97
2007-02-08,Madurai,9.9252,78.1198,Irrigated,24.71,33.5,18.61,63.53,1.93,0.0,23.5,34.07
2007-02-09,Madurai,9.9252,78.1198,Irrigated,24.4,32.51,17.07,68.94,2.39,0.14,20.19,34.16
2007-02-10,Madurai,9.9252,78.1198,Irrigated,25.03,31.62,20.08,72.23,2.79,0.36,10.84,34.25
2007-02-11,Madurai,9.9252,78.1198,Irrigated,26.32,33.09,20.74,66.72,1.98,0.03,20.25,34.35
2007-02-12,Madurai,9.9252,78.1198,Irrigated,27.31,34.6,21.61,65.08,1.42,0.0,20.67,34.44
2007-02-13,Madurai,9.9252,78.1198,Irrigated,28.12,35.98,21.56,60.94,1.31,0.0,19.98,34.53
2007-02-14,Madurai,9.9252,78.1198,Irrigated,28.26,36.25,21.64,55.76,0.92,0.0,19.83,34.62
2007-02-15,Madurai,9.9252,78.1198,Irrigated,28.13,36.66,20.45,50.71,0.86,0.0,22.51,34.72
2007-02-16,Madurai,9.9252,78.1198,Irrigated,27.6,35.92,20.15,57.38,1.61,0.0,22.81,34.81
2007-02-17,Madurai,9.9252,78.1198,Irrigated,27.78,34.97,21.75,58.81,1.38,0.5,21.41,34.9
2007-02-18,Madurai,9.9252,78.1198,Irrigated,26.58,32.44,21.83,69.08,2.12,0.57,13.66,34.99
2007-02-19,Madurai,9.9252,78.1198,Irrigated,26.5,31.81,22.41,65.27,2.78,0.23,16.91,35.08
2007-02-20,Madurai,9.9252,78.1198,Irrigated,26.5,34.1,21.31,59.59,3.25,0.01,20.4,35.17
2007-02-21,Madurai,9.9252,78.1198,Irrigated,25.53,34.22,19.13,55.72,2.67,0.0,24.24,35.26
2007-02-22,Madurai,9.9252,78.1198,Irrigated,24.97,34.33,17.31,56.8,2.62,0.0,24.41,35.35
2007-02-23,Madurai,9.9252,78.1198,Irrigated,25.17,34.47,17.9,59.77,2.1,0.0,23.71,35.44
2007-02-24,Madurai,9.9252,78.1198,Irrigated,25.84,34.51,18.28,61.07,1.97,0.17,19.98,35.53
2007-02-25,Madurai,9.9252,78.1198,Irrigated,26.69,33.36,21.24,64.7,1.52,0.83,11.91,35.61
2007-02-26,Madurai,9.9252,78.1198,Irrigated,28.43,36.81,21.83,59.64,2.0,0.03,22.66,35.69
2007-02-27,Madurai,9.9252,78.1198,Irrigated,29.07,37.36,22.88,59.84,1.94,0.17,21.05,35.78
2007-02-28,Madurai,9.9252,78.1198,Irrigated,28.9,37.16,22.67,56.94,2.08,0.0,21.72,35.86
2007-03-01,Madurai,9.9252,78.1198,Irrigated,28.72,36.86,22.66,55.84,1.43,0.0,24.15,35.94
2007-03-02,Madurai,9.9252,78.1198,Irrigated,29.25,37.12,22.35,58.3,1.94,0.19,22.88,36.02
2007-03-03,Madurai,9.9252,78.1198,Irrigated,29.41,37.0,23.22,57.18,1.99,0.02,20.48,36.09
2007-03-04,Madurai,9.9252,78.1198,Irrigated,28.87,37.04,23.12,56.51,2.25,0.0,24.65,36.17
2007-03-05,Madurai,9.9252,78.1198,Irrigated,28.37,37.08,21.29,54.52,1.92,0.0,23.96,36.25
2007-03-06,Madurai,9.9252,78.1198,Irrigated,28.34,37.09,20.61,54.71,2.08,0.0,22.57,36.32
2007-03-07,Madurai,9.9252,78.1198,Irrigated,28.21,36.94,20.97,51.68,1.75,0.0,25.6,36.39
2007-03-08,Madurai,9.9252,78.1198,Irrigated,28.4,37.33,20.49,50.95,1.84,0.08,24.44,36.46
2007-03-09,Madurai,9.9252,78.1198,Irrigated,28.39,37.11,21.3,54.37,2.18,0.0,25.02,36.53
2007-03-10,Madurai,9.9252,78.1198,Irrigated,28.75,37.53,21.93,58.55,2.14,0.0,23.23,36.59
2007-03-11,Madurai,9.9252,78.1198,Irrigated,28.62,37.17,22.39,56.06,2.13,0.0,23.85,36.66
2007-03-12,Madurai,9.9252,78.1198,Irrigated,28.03,36.93,20.5,56.14,2.07,0.0,23.67,36.72
2007-03-13,Madurai,9.9252,78.1198,Irrigated,28.94,36.1,23.23,60.03,2.06,0.18,20.27,36.78
2007-03-14,Madurai,9.9252,78.1198,Irrigated,29.51,38.12,22.69,55.45,2.27,0.0,23.18,36.84
2007-03-15,Madurai,9.9252,78.1198,Irrigated,29.61,38.09,22.7,56.14,2.2,0.0,23.74,36.9
2007-03-16,Madurai,9.9252,78.1198,Irrigated,30.12,38.55,23.06,56.13,2.4,0.01,22.86,36.95
2007-03-17,Madurai,9.9252,78.1198,Irrigated,30.62,38.6,24.0,57.12,2.66,0.0,23.21,37.01
2007-03-18,Madurai,9.9252,78.1198,Irrigated,30.02,38.41,24.27,49.71,2.19,0.0,25.89,37.06
2007-03-19,Madurai,9.9252,78.1198,Irrigated,29.71,39.25,22.55,42.38,1.82,0.0,26.34,37.11
2007-03-20,Madurai,9.9252,78.1198,Irrigated,29.91,39.54,22.52,41.15,1.95,0.0,26.0,37.16
2007-03-21,Madurai,9.9252,78.1198,Irrigated,29.96,39.58,21.81,43.96,2.03,0.0,25.17,37.21
2007-03-22,Madurai,9.9252,78.1198,Irrigated,30.3,39.5,23.33,47.09,1.96,0.0,25.38,37.25
2007-03-23,Madurai,9.9252,78.1198,Irrigated,29.6,38.45,22.76,48.23,1.98,0.0,26.12,37.3
2007-03-24,Madurai,9.9252,78.1198,Irrigated,30.66,40.37,22.44,41.48,2.14,0.0,24.71,37.34
2007-03-25,Madurai,9.9252,78.1198,Irrigated,31.36,40.44,23.63,41.33,2.04,0.0,24.67,37.38
2007-03-26,Madurai,9.9252,78.1198,Irrigated,31.66,40.4,24.32,41.04,2.01,0.0,25.05,37.42
2007-03-27,Madurai,9.9252,78.1198,Irrigated,31.23,39.77,24.93,44.34,2.06,0.0,25.72,37.45
2007-03-28,Madurai,9.9252,78.1198,Irrigated,30.97,39.73,23.52,45.61,2.13,0.0,25.74,37.49
2007-03-29,Madurai,9.9252,78.1198,Irrigated,30.33,38.85,24.12,44.65,2.11,0.0,23.74,37.52
2007-03-30,Madurai,9.9252,78.1198,Irrigated,30.01,39.05,22.23,47.61,2.47,0.0,25.73,37.55
2007-03-31,Madurai,9.9252,78.1198,Irrigated,30.13,38.75,22.45,53.1,2.47,0.02,24.27,37.58
2007-04-01,Madurai,9.9252,78.1198,Irrigated,29.96,35.99,25.35,60.31,2.18,0.12,21.67,37.6
2007-04-02,Madurai,9.9252,78.1198,Irrigated,31.21,39.74,24.28,53.54,2.18,0.0,24.74,37.63
2007-04-03,Madurai,9.9252,78.1198,Irrigated,31.85,40.81,24.93,45.84,2.02,0.0,26.27,37.65
2007-04-04,Madurai,9.9252,78.1198,Irrigated,31.22,39.8,24.49,49.19,2.27,0.0,25.92,37.67
2007-04-05,Madurai,9.9252,78.1198,Irrigated,30.6,39.26,24.56,58.72,2.69,0.09,25.32,37.69
2007-04-06,Madurai,9.9252,78.1198,Irrigated,29.03,33.84,24.89,62.89,2.09,0.36,20.48,37.7
2007-04-07,Madurai,9.9252,78.1198,Irrigated,29.73,36.58,24.87,61.91,2.39,1.82,17.74,37.72
2007-04-08,Madurai,9.9252,78.1198,Irrigated,29.34,34.92,25.31,63.87,1.98,1.11,14.87,37.73
2007-04-09,Madurai,9.9252,78.1198,Irrigated,29.13,35.25,24.77,64.49,2.08,3.03,17.56,37.74
2007-04-10,Madurai,9.9252,78.1198,Irrigated,28.83,34.42,24.65,67.83,1.74,2.46,17.82,37.75
2007-04-11,Madurai,9.9252,78.1198,Irrigated,28.93,34.93,24.4,66.92,1.79,1.68,18.84,37.76
2007-04-12,Madurai,9.9252,78.1198,Irrigated,30.01,36.59,24.09,61.27,1.56,1.32,23.94,37.76
2007-04-13,Madurai,9.9252,78.1198,Irrigated,30.0,35.87,25.08,60.11,1.54,1.27,21.04,37.77
2007-04-14,Madurai,9.9252,78.1198,Irrigated,30.25,37.44,24.54,61.79,2.04,2.9,21.88,37.77
2007-04-15,Madurai,9.9252,78.1198,Irrigated,29.68,36.25,24.44,61.02,2.02,0.77,20.99,37.77
2007-04-16,Madurai,9.9252,78.1198,Irrigated,30.75,38.46,24.15,54.62,2.26,0.01,25.13,37.77
2007-04-17,Madurai,9.9252,78.1198,Irrigated,31.27,38.61,24.85,56.15,1.12,4.44,24.31,37.77
2007-04-18,Madurai,9.9252,78.1198,Irrigated,30.24,36.56,24.85,64.07,1.31,7.92,23.72,37.77
2007-04-19,Madurai,9.9252,78.1198,Irrigated,30.69,37.12,25.53,60.5,1.62,0.4,22.97,37.76
2007-04-20,Madurai,9.9252,78.1198,Irrigated,30.76,37.33,25.24,60.48,1.86,0.04,21.31,37.76
2007-04-21,Madurai,9.9252,78.1198,Irrigated,30.75,37.42,25.37,61.47,1.87,2.24,22.13,37.75
2007-04-22,Madurai,9.9252,78.1198,Irrigated,29.78,34.99,25.38,65.15,1.15,0.57,23.21,37.75
2007-04-23,Madurai,9.9252,78.1198,Irrigated,30.0,34.96,25.78,64.76,1.19,7.67,24.44,37.74
2007-04-24,Madurai,9.9252,78.1198,Irrigated,29.12,34.08,25.15,67.19,1.1,3.33,24.96,37.73
2007-04-25,Madurai,9.9252,78.1198,Irrigated,30.47,38.55,23.94,56.56,2.07,0.04,24.61,37.72
2007-04-26,Madurai,9.9252,78.1198,Irrigated,30.49,37.45,24.37,58.61,1.62,0.02,21.8,37.7
2007-04-27,Madurai,9.9252,78.1198,Irrigated,28.94,33.64,25.79,70.77,1.29,1.44,19.16,37.69
2007-04-28,Madurai,9.9252,78.1198,Irrigated,30.32,37.77,24.34,63.28,2.1,0.57,23.09,37.67
2007-04-29,Madurai,9.9252,78.1198,Irrigated,30.78,38.45,24.46,60.4,2.32,0.41,24.79,37.65
2007-04-30,Madurai,9.9252,78.1198,Irrigated,31.24,38.85,25.31,55.74,2.3,0.04,24.21,37.63
2007-05-01,Madurai,9.9252,78.1198,Irrigated,32.58,40.38,25.92,47.47,2.18,0.0,24.6,37.62
2007-05-02,Madurai,9.9252,78.1198,Irrigated,33.04,39.85,26.57,50.64,1.21,1.41,23.35,37.6
2007-05-03,Madurai,9.9252,78.1198,Irrigated,30.37,34.56,26.65,65.52,1.71,19.83,19.68,37.58
2007-05-04,Madurai,9.9252,78.1198,Irrigated,29.9,35.63,25.29,65.61,1.62,0.66,21.38,37.56
2007-05-05,Madurai,9.9252,78.1198,Irrigated,28.91,32.26,25.99,72.68,1.33,3.47,21.15,37.55
2007-05-06,Madurai,9.9252,78.1198,Irrigated,30.25,36.57,24.91,64.17,1.84,0.12,21.7,37.52
2007-05-07,Madurai,9.9252,78.1198,Irrigated,30.87,37.13,25.51,61.67,1.25,0.0,24.36,37.5
2007-05-08,Madurai,9.9252,78.1198,Irrigated,29.1,33.02,26.21,70.33,1.53,1.28,23.66,37.48
2007-05-09,Madurai,9.9252,78.1198,Irrigated,28.02,32.66,25.17,76.84,1.61,3.01,20.78,37.45
2007-05-10,Madurai,9.9252,78.1198,Irrigated,29.86,36.12,24.92,65.1,2.22,0.09,24.86,37.43
2007-05-11,Madurai,9.9252,78.1198,Irrigated,31.98,40.97,24.05,53.75,2.24,0.0,24.33,37.4
2007-05-12,Madurai,9.9252,78.1198,Irrigated,30.65,38.32,25.66,55.35,2.59,0.0,23.34,37.38
2007-05-13,Madurai,9.9252,78.1198,Irrigated,30.85,37.95,24.22,56.61,1.66,0.01,20.26,37.36
2007-05-14,Madurai,9.9252,78.1198,Irrigated,32.88,41.0,26.2,50.33,2.54,0.04,23.56,37.33
2007-05-15,Madurai,9.9252,78.1198,Irrigated,32.62,39.45,26.52,49.1,1.66,0.0,21.99,37.31
2007-05-16,Madurai,9.9252,78.1198,Irrigated,30.7,36.12,26.68,50.99,2.23,0.0,23.9,37.28
2007-05-17,Madurai,9.9252,78.1198,Irrigated,32.73,40.94,25.05,44.94,1.69,0.0,23.71,37.25
2007-05-18,Madurai,9.9252,78.1198,Irrigated,32.77,41.13,25.55,44.08,2.33,0.0,25.4,37.23
2007-05-19,Madurai,9.9252,78.1198,Irrigated,32.63,40.73,24.67,43.14,1.71,0.0,25.14,37.2
2007-05-20,Madurai,9.9252,78.1198,Irrigated,33.32,41.25,25.63,42.77,1.75,0.0,24.76,37.18
2007-05-21,Madurai,9.9252,78.1198,Irrigated,33.0,39.64,26.59,44.85,2.24,0.0,24.88,37.15
2007-05-22,Madurai,9.9252,78.1198,Irrigated,32.27,38.36,27.23,51.83,1.85,3.7,24.66,37.13
2007-05-23,Madurai,9.9252,78.1198,Irrigated,30.72,35.07,26.7,60.98,1.57,1.25,21.86,37.11
2007-05-24,Madurai,9.9252,78.1198,Irrigated,30.44,35.51,26.39,60.97,1.84,1.05,21.83,37.08
2007-05-25,Madurai,9.9252,78.1198,Irrigated,28.77,32.1,25.84,66.26,1.47,0.1,21.53,37.06
2007-05-26,Madurai,9.9252,78.1198,Irrigated,30.5,36.92,25.54,60.76,1.6,5.95,24.31,37.03
2007-05-27,Madurai,9.9252,78.1198,Irrigated,29.79,35.72,25.51,67.91,1.76,4.39,21.59,37.01
2007-05-28,Madurai,9.9252,78.1198,Irrigated,28.54,33.86,24.9,66.31,2.46,0.67,23.43,36.99
2007-05-29,Madurai,9.9252,78.1198,Irrigated,28.93,35.23,23.99,63.0,2.03,0.93,21.47,36.96
2007-05-30,Madurai,9.9252,78.1198,Irrigated,29.74,36.67,23.78,61.55,2.2,1.13,24.88,36.94
2007-05-31,Madurai,9.9252,78.1198,Irrigated,30.69,36.76,24.92,58.16,2.47,0.0,25.69,36.92
2007-06-01,Madurai,9.9252,78.1198,Irrigated,32.04,39.56,24.89,51.47,1.75,0.0,25.5,36.9
2007-06-02,Madurai,9.9252,78.1198,Irrigated,32.97,40.44,26.27,47.62,1.97,0.01,24.98,36.88
2007-06-03,Madurai,9.9252,78.1198,Irrigated,32.73,39.88,26.73,46.79,2.43,0.0,24.07,36.85
2007-06-04,Madurai,9.9252,78.1198,Irrigated,32.87,38.2,27.55,46.48,1.56,0.0,23.08,36.83
2007-06-05,Madurai,9.9252,78.1198,Irrigated,29.73,32.88,27.05,61.55,1.64,0.61,22.13,36.81
2007-06-06,Madurai,9.9252,78.1198,Irrigated,31.2,36.35,26.09,53.96,0.99,0.36,22.59,36.79
2007-06-07,Madurai,9.9252,78.1198,Irrigated,29.57,33.33,26.82,61.58,1.36,2.46,21.92,36.78
2007-06-08,Madurai,9.9252,78.1198,Irrigated,28.5,33.2,25.58,72.59,2.23,24.96,22.12,36.76
2007-06-09,Madurai,9.9252,78.1198,Irrigated,28.15,32.99,24.4,72.58,2.69,1.01,23.09,36.75
2007-06-10,Madurai,9.9252,78.1198,Irrigated,29.37,35.25,24.73,67.0,2.13,0.31,23.55,36.73
2007-06-11,Madurai,9.9252,78.1198,Irrigated,29.24,34.28,24.81,69.13,1.77,1.77,23.43,36.72
2007-06-12,Madurai,9.9252,78.1198,Irrigated,29.17,34.78,24.87,66.19,1.9,0.61,22.13,36.7
2007-06-13,Madurai,9.9252,78.1198,Irrigated,29.25,34.61,25.54,67.59,1.47,0.61,21.26,36.69
2007-06-14,Madurai,9.9252,78.1198,Irrigated,28.02,31.83,25.04,72.26,1.58,0.03,18.93,36.67
2007-06-15,Madurai,9.9252,78.1198,Irrigated,27.77,32.28,24.3,73.29,1.44,4.7,14.51,36.66
2007-06-16,Madurai,9.9252,78.1198,Irrigated,28.01,33.03,24.06,71.27,2.7,0.39,19.78,36.65
2007-06-17,Madurai,9.9252,78.1198,Irrigated,28.06,33.59,24.35,71.13,1.78,3.0,17.55,36.64
2007-06-18,Madurai,9.9252,78.1198,Irrigated,27.45,32.36,24.17,73.61,2.87,1.59,18.14,36.63
2007-06-19,Madurai,9.9252,78.1198,Irrigated,27.65,32.94,23.85,70.85,2.42,1.4,15.22,36.62
2007-06-20,Madurai,9.9252,78.1198,Irrigated,27.69,32.74,23.81,63.7,3.92,2.01,14.79,36.62
2007-06-21,Madurai,9.9252,78.1198,Irrigated,27.38,32.62,23.17,67.83,3.13,6.19,12.59,36.61
2007-06-22,Madurai,9.9252,78.1198,Irrigated,27.14,30.87,24.39,74.6,4.07,3.11,9.42,36.61
2007-06-23,Madurai,9.9252,78.1198,Irrigated,27.35,31.77,24.38,69.71,3.78,4.57,14.25,36.61
2007-06-24,Madurai,9.9252,78.1198,Irrigated,28.86,35.87,23.44,64.68,2.81,0.46,17.83,36.6
2007-06-25,Madurai,9.9252,78.1198,Irrigated,28.33,34.13,23.71,63.83,2.55,0.0,22.16,36.6
2007-06-26,Madurai,9.9252,78.1198,Irrigated,29.12,35.77,23.23,63.18,1.99,0.14,21.89,36.6
2007-06-27,Madurai,9.9252,78.1198,Irrigated,28.43,34.21,24.62,58.44,3.56,0.0,12.83,36.6
2007-06-28,Madurai,9.9252,78.1198,Irrigated,28.5,34.38,23.35,61.37,3.81,0.28,19.45,36.6
2007-06-29,Madurai,9.9252,78.1198,Irrigated,27.96,33.79,24.14,58.24,4.07,0.82,18.35,36.61
2007-06-30,Madurai,9.9252,78.1198,Irrigated,27.88,34.15,23.2,65.85,3.63,1.36,21.08,36.61
2007-07-01,Madurai,9.9252,78.1198,Irrigated,28.35,34.11,23.54,66.85,3.14,1.09,21.58,36.61
2007-07-02,Madurai,9.9252,78.1198,Irrigated,28.81,35.23,24.12,66.69,2.84,3.47,20.36,36.62
2007-07-03,Madurai,9.9252,78.1198,Irrigated,28.01,33.44,23.56,67.4,2.4,0.7,20.17,36.62
2007-07-04,Madurai,9.9252,78.1198,Irrigated,28.0,33.0,24.39,68.45,2.5,0.22,22.86,36.63
2007-07-05,Madurai,9.9252,78.1198,Irrigated,27.86,33.57,23.78,63.94,3.25,0.26,20.81,36.64
2007-07-06,Madurai,9.9252,78.1198,Irrigated,27.06,30.98,24.28,62.44,4.43,0.73,21.67,36.65
2007-07-07,Madurai,9.9252,78.1198,Irrigated,28.45,34.86,23.34,61.29,3.57,0.56,20.75,36.65
2007-07-08,Madurai,9.9252,78.1198,Irrigated,28.6,35.13,23.68,60.73,3.31,0.37,23.78,36.66
2007-07-09,Madurai,9.9252,78.1198,Irrigated,28.12,34.4,23.44,64.86,2.68,1.64,23.09,36.67
2007-07-10,Madurai,9.9252,78.1198,Irrigated,28.38,34.06,24.52,66.79,2.91,1.0,17.79,36.68
2007-07-11,Madurai,9.9252,78.1198,Irrigated,28.8,33.96,24.7,65.57,2.49,1.18,19.97,36.68
2007-07-12,Madurai,9.9252,78.1198,Irrigated,28.63,34.3,24.22,65.61,3.04,0.74,21.18,36.69
2007-07-13,Madurai,9.9252,78.1198,Irrigated,29.17,35.1,24.24,62.72,3.36,0.24,19.74,36.71
2007-07-14,Madurai,9.9252,78.1198,Irrigated,29.3,35.34,24.58,60.88,3.51,0.1,20.88,36.72
2007-07-15,Madurai,9.9252,78.1198,Irrigated,29.35,36.35,24.2,60.58,3.77,0.78,20.48,36.74
2007-07-16,Madurai,9.9252,78.1198,Irrigated,28.48,32.72,25.14,67.01,3.28,5.3,19.8,36.76
2007-07-17,Madurai,9.9252,78.1198,Irrigated,28.43,34.82,24.74,63.38,3.51,0.99,20.55,36.77
2007-07-18,Madurai,9.9252,78.1198,Irrigated,28.2,34.52,23.98,66.75,1.62,3.11,20.18,36.79
2007-07-19,Madurai,9.9252,78.1198,Irrigated,26.51,29.33,24.25,77.37,1.42,5.08,19.51,36.8
2007-07-20,Madurai,9.9252,78.1198,Irrigated,26.61,30.71,23.56,76.79,2.04,6.03,19.94,36.82
2007-07-21,Madurai,9.9252,78.1198,Irrigated,26.87,30.82,23.65,73.35,1.47,0.49,19.73,36.84
2007-07-22,Madurai,9.9252,78.1198,Irrigated,27.46,33.0,22.74,68.12,1.92,0.39,15.84,36.85
2007-07-23,Madurai,9.9252,78.1198,Irrigated,27.24,31.57,23.21,66.53,1.39,10.38,12.77,36.87
2007-07-24,Madurai,9.9252,78.1198,Irrigated,26.82,31.29,23.56,76.43,1.81,3.86,15.35,36.89
2007-07-25,Madurai,9.9252,78.1198,Irrigated,27.61,33.13,23.42,71.63,1.76,0.38,16.29,36.91
2007-07-26,Madurai,9.9252,78.1198,Irrigated,27.49,32.83,23.3,71.42,1.52,0.56,17.75,36.92
2007-07-27,Madurai,9.9252,78.1198,Irrigated,27.59,32.56,24.06,72.6,1.68,0.61,20.78,36.94
2007-07-28,Madurai,9.9252,78.1198,Irrigated,27.77,32.46,23.74,70.31,1.6,0.53,20.24,36.96
2007-07-29,Madurai,9.9252,78.1198,Irrigated,28.53,34.99,23.39,65.72,1.42,1.88,18.4,36.98
2007-07-30,Madurai,9.9252,78.1198,Irrigated,27.4,32.74,23.38,68.44,1.41,1.04,12.45,37.0
2007-07-31,Madurai,9.9252,78.1198,Irrigated,26.74,31.53,23.18,75.11,1.76,29.0,16.85,37.01
2007-08-01,Madurai,9.9252,78.1198,Irrigated,26.61,31.14,22.85,73.93,2.26,1.99,16.01,37.03
2007-08-02,Madurai,9.9252,78.1198,Irrigated,27.06,32.71,22.53,71.7,2.1,2.37,18.78,37.05
2007-08-03,Madurai,9.9252,78.1198,Irrigated,27.29,33.48,22.16,71.16,2.37,0.03,22.19,37.06
2007-08-04,Madurai,9.9252,78.1198,Irrigated,28.32,35.17,22.76,67.29,2.72,0.33,21.58,37.08
2007-08-05,Madurai,9.9252,78.1198,Irrigated,27.45,34.24,22.64,68.37,3.67,1.32,22.57,37.09
2007-08-06,Madurai,9.9252,78.1198,Irrigated,26.78,32.09,22.92,67.83,3.66,0.66,21.44,37.11
2007-08-07,Madurai,9.9252,78.1198,Irrigated,27.57,34.96,22.43,65.97,3.22,0.11,25.18,37.12
2007-08-08,Madurai,9.9252,78.1198,Irrigated,28.18,35.96,22.13,66.74,3.18,2.31,25.28,37.13
2007-08-09,Madurai,9.9252,78.1198,Irrigated,27.18,32.06,23.43,70.69,2.86,1.99,22.58,37.15
2007-08-10,Madurai,9.9252,78.1198,Irrigated,27.73,34.35,23.64,65.81,3.05,1.44,18.72,37.16
2007-08-11,Madurai,9.9252,78.1198,Irrigated,28.16,35.79,22.63,59.65,2.54,0.14,21.69,37.17
2007-08-12,Madurai,9.9252,78.1198,Irrigated,28.17,34.85,23.13,61.86,2.38,0.13,20.88,37.19
2007-08-13,Madurai,9.9252,78.1198,Irrigated,28.5,36.78,22.23,58.32,2.59,0.0,23.13,37.2
2007-08-14,Madurai,9.9252,78.1198,Irrigated,28.26,35.9,22.32,58.12,1.95,0.0,24.84,37.21
2007-08-15,Madurai,9.9252,78.1198,Irrigated,28.74,35.19,22.56,61.81,1.33,1.29,22.65,37.22
2007-08-16,Madurai,9.9252,78.1198,Irrigated,28.21,32.01,24.2,70.06,1.1,12.64,22.61,37.23
2007-08-17,Madurai,9.9252,78.1198,Irrigated,28.08,32.13,24.52,73.65,1.21,1.83,22.89,37.24
2007-08-18,Madurai,9.9252,78.1198,Irrigated,28.39,33.95,24.05,69.1,1.45,3.65,22.04,37.24
2007-08-19,Madurai,9.9252,78.1198,Irrigated,28.96,35.5,23.62,63.16,1.88,0.08,22.34,37.25
2007-08-20,Madurai,9.9252,78.1198,Irrigated,28.59,35.34,22.91,64.69,1.96,5.3,23.51,37.26
2007-08-21,Madurai,9.9252,78.1198,Irrigated,27.2,31.37,24.34,74.66,1.63,3.21,17.76,37.26
2007-08-22,Madurai,9.9252,78.1198,Irrigated,27.53,33.52,23.02,65.56,1.89,0.06,21.02,37.27
2007-08-23,Madurai,9.9252,78.1198,Irrigated,27.08,31.59,23.42,72.99,1.15,18.41,20.51,37.27
2007-08-24,Madurai,9.9252,78.1198,Irrigated,26.69,31.11,23.6,77.71,1.49,9.92,19.6,37.27
2007-08-25,Madurai,9.9252,78.1198,Irrigated,26.91,31.4,23.2,77.17,1.29,0.93,22.26,37.27
2007-08-26,Madurai,9.9252,78.1198,Irrigated,26.97,31.96,22.89,76.71,2.31,5.71,22.88,37.27
2007-08-27,Madurai,9.9252,78.1198,Irrigated,28.07,35.15,22.06,68.78,2.16,0.14,23.73,37.27
2007-08-28,Madurai,9.9252,78.1198,Irrigated,28.09,33.9,23.68,72.07,2.1,3.75,22.7,37.26
2007-08-29,Madurai,9.9252,78.1198,Irrigated,27.32,31.9,24.05,75.12,2.14,5.85,20.43,37.26
2007-08-30,Madurai,9.9252,78.1198,Irrigated,27.34,33.24,22.77,72.32,1.82,1.39,15.9,37.25
2007-08-31,Madurai,9.9252,78.1198,Irrigated,27.32,34.24,22.73,68.23,2.58,1.06,19.45,37.25
2007-09-01,Madurai,9.9252,78.1198,Irrigated,27.0,32.77,23.09,68.98,2.49,0.33,17.07,37.24
2007-09-02,Madurai,9.9252,78.1198,Irrigated,27.06,32.86,22.21,70.67,2.3,0.55,21.23,37.22
2007-09-03,Madurai,9.9252,78.1198,Irrigated,26.77,31.65,22.83,73.22,1.83,0.0,18.62,37.21
2007-09-04,Madurai,9.9252,78.1198,Irrigated,27.69,34.29,22.8,69.57,1.94,2.84,23.33,37.2
2007-09-05,Madurai,9.9252,78.1198,Irrigated,27.16,32.42,23.27,72.59,2.15,2.06,19.61,37.18
2007-09-06,Madurai,9.9252,78.1198,Irrigated,27.29,32.91,23.18,71.48,1.72,0.55,21.09,37.17
2007-09-07,Madurai,9.9252,78.1198,Irrigated,27.8,33.71,22.83,69.98,1.21,0.14,22.5,37.15
2007-09-08,Madurai,9.9252,78.1198,Irrigated,26.81,31.06,24.32,76.55,1.24,0.39,20.84,37.13
2007-09-09,Madurai,9.9252,78.1198,Irrigated,27.09,31.71,23.48,75.64,1.53,10.46,19.34,37.11
2007-09-10,Madurai,9.9252,78.1198,Irrigated,27.41,32.92,22.79,73.42,1.6,3.04,19.29,37.09
2007-09-11,Madurai,9.9252,78.1198,Irrigated,27.49,32.79,23.15,75.54,1.83,4.12,21.87,37.06
2007-09-12,Madurai,9.9252,78.1198,Irrigated,27.84,33.19,23.41,74.71,1.99,1.35,20.09,37.04
2007-09-13,Madurai,9.9252,78.1198,Irrigated,27.36,32.51,23.64,76.79,1.72,9.0,22.66,37.01
2007-09-14,Madurai,9.9252,78.1198,Irrigated,26.56,30.64,23.11,78.18,1.32,2.18,11.05,36.98
2007-09-15,Madurai,9.9252,78.1198,Irrigated,27.62,33.64,23.3,72.96,2.21,3.55,19.8,36.95
2007-09-16,Madurai,9.9252,78.1198,Irrigated,27.89,33.6,23.59,72.84,1.9,5.63,16.76,36.92
2007-09-17,Madurai,9.9252,78.1198,Irrigated,27.27,31.98,23.94,76.51,1.93,3.64,16.87,36.88
2007-09-18,Madurai,9.9252,78.1198,Irrigated,26.3,32.03,22.29,69.79,3.4,1.03,17.39,36.85
2007-09-19,Madurai,9.9252,78.1198,Irrigated,26.88,33.2,21.79,70.07,2.93,1.08,19.01,36.81
2007-09-20,Madurai,9.9252,78.1198,Irrigated,27.61,34.55,22.18,70.29,2.68,0.98,22.07,36.78
2007-09-21,Madurai,9.9252,78.1198,Irrigated,27.65,34.62,22.52,69.64,2.59,1.5,20.51,36.74
2007-09-22,Madurai,9.9252,78.1198,Irrigated,27.54,33.81,22.8,71.48,2.8,1.66,20.49,36.69
2007-09-23,Madurai,9.9252,78.1198,Irrigated,27.71,34.59,23.37,70.03,2.87,1.36,19.62,36.65
2007-09-24,Madurai,9.9252,78.1198,Irrigated,27.37,33.54,23.42,70.07,3.04,1.53,22.81,36.61
2007-09-25,Madurai,9.9252,78.1198,Irrigated,27.66,34.03,23.68,71.65,2.78,1.15,22.84,36.56
2007-09-26,Madurai,9.9252,78.1198,Irrigated,27.9,34.41,22.84,68.0,1.45,0.06,23.18,36.51
2007-09-27,Madurai,9.9252,78.1198,Irrigated,27.81,33.54,23.89,72.51,1.31,2.01,19.59,36.46
2007-09-28,Madurai,9.9252,78.1198,Irrigated,26.86,32.34,23.24,76.38,1.44,1.35,18.81,36.41
2007-09-29,Madurai,9.9252,78.1198,Irrigated,28.32,35.95,22.19,65.47,2.33,0.03,23.27,36.35
2007-09-30,Madurai,9.9252,78.1198,Irrigated,28.55,35.77,22.59,66.25,1.64,0.47,22.17,36.3
2007-10-01,Madurai,9.9252,78.1198,Irrigated,26.96,32.37,23.34,72.2,2.58,0.66,21.59,36.24
2007-10-02,Madurai,9.9252,78.1198,Irrigated,26.88,33.86,22.24,67.43,2.06,0.64,23.45,36.18
2007-10-03,Madurai,9.9252,78.1198,Irrigated,28.46,37.02,20.77,62.23,1.87,0.04,22.18,36.12
2007-10-04,Madurai,9.9252,78.1198,Irrigated,28.83,36.67,22.62,61.59,2.18,0.01,21.72,36.06
2007-10-05,Madurai,9.9252,78.1198,Irrigated,27.84,35.13,22.5,61.78,2.12,0.01,22.15,35.99
2007-10-06,Madurai,9.9252,78.1198,Irrigated,27.03,34.41,20.51,64.45,2.3,0.03,23.67,35.93
2007-10-07,Madurai,9.9252,78.1198,Irrigated,27.53,36.14,21.17,65.25,2.68,2.73,22.16,35.86
2007-10-08,Madurai,9.9252,78.1198,Irrigated,27.61,36.06,20.61,61.94,2.46,0.02,21.48,35.8
2007-10-09,Madurai,9.9252,78.1198,Irrigated,28.6,35.4,21.92,60.3,1.54,0.0,20.54,35.73
2007-10-10,Madurai,9.9252,78.1198,Irrigated,29.03,36.24,23.76,60.69,1.23,0.93,22.14,35.66
2007-10-11,Madurai,9.9252,78.1198,Irrigated,27.72,33.51,23.09,70.95,1.38,3.14,18.58,35.59
2007-10-12,Madurai,9.9252,78.1198,Irrigated,27.34,31.43,23.89,74.22,0.94,0.33,18.92,35.52
2007-10-13,Madurai,9.9252,78.1198,Irrigated,27.42,31.56,23.55,74.58,1.02,7.37,20.18,35.44
2007-10-14,Madurai,9.9252,78.1198,Irrigated,26.39,30.19,23.76,77.87,0.73,1.9,18.62,35.37
2007-10-15,Madurai,9.9252,78.1198,Irrigated,27.11,32.04,23.17,73.26,1.43,1.98,14.73,35.29
2007-10-16,Madurai,9.9252,78.1198,Irrigated,26.96,31.99,23.46,74.53,1.13,1.23,19.83,35.22
2007-10-17,Madurai,9.9252,78.1198,Irrigated,26.35,31.17,23.22,78.05,1.48,4.99,16.61,35.14
2007-10-18,Madurai,9.9252,78.1198,Irrigated,25.27,29.01,22.87,83.25,0.73,7.77,13.67,35.06
2007-10-19,Madurai,9.9252,78.1198,Irrigated,24.94,28.54,22.56,85.77,1.28,23.57,14.84,34.99
2007-10-20,Madurai,9.9252,78.1198,Irrigated,25.4,29.45,22.96,83.26,1.92,5.2,16.84,34.91
2007-10-21,Madurai,9.9252,78.1198,Irrigated,25.46,29.41,22.48,80.05,0.62,12.14,17.97,34.83
2007-10-22,Madurai,9.9252,78.1198,Irrigated,25.48,29.95,22.14,81.58,1.51,8.85,13.92,34.74
2007-10-23,Madurai,9.9252,78.1198,Irrigated,23.54,25.52,21.75,89.73,3.02,33.05,5.69,34.66
2007-10-24,Madurai,9.9252,78.1198,Irrigated,24.27,28.06,21.42,88.57,2.02,24.13,11.99,34.58
2007-10-25,Madurai,9.9252,78.1198,Irrigated,24.83,27.26,22.98,89.31,1.75,9.1,13.09,34.49
2007-10-26,Madurai,9.9252,78.1198,Irrigated,24.54,27.9,21.88,87.57,1.27,14.67,15.02,34.41
2007-10-27,Madurai,9.9252,78.1198,Irrigated,24.89,29.26,21.48,83.74,0.65,5.95,17.09,34.32
2007-10-28,Madurai,9.9252,78.1198,Irrigated,25.16,29.29,22.32,83.88,1.33,2.86,16.78,34.24
2007-10-29,Madurai,9.9252,78.1198,Irrigated,25.11,29.4,21.53,83.66,1.24,4.56,15.9,34.15
2007-10-30,Madurai,9.9252,78.1198,Irrigated,26.05,31.5,21.43,80.33,1.65,3.58,22.14,34.06
2007-10-31,Madurai,9.9252,78.1198,Irrigated,26.22,29.93,22.63,76.72,0.84,0.57,21.67,33.98
2007-11-01,Madurai,9.9252,78.1198,Irrigated,25.94,29.84,22.39,78.18,1.06,0.75,16.59,33.89
2007-11-02,Madurai,9.9252,78.1198,Irrigated,25.53,30.08,21.71,81.04,1.21,2.03,19.34,33.81
2007-11-03,Madurai,9.9252,78.1198,Irrigated,25.18,29.4,21.92,85.47,1.57,5.06,17.51,33.72
2007-11-04,Madurai,9.9252,78.1198,Irrigated,24.5,27.35,22.36,90.78,1.46,2.26,15.18,33.63
2007-11-05,Madurai,9.9252,78.1198,Irrigated,24.78,27.95,21.94,84.61,1.28,0.54,19.19,33.55
2007-11-06,Madurai,9.9252,78.1198,Irrigated,25.28,29.0,21.54,82.19,0.83,8.56,15.29,33.46
2007-11-07,Madurai,9.9252,78.1198,Irrigated,25.72,29.62,22.36,82.86,0.76,1.04,19.88,33.38
2007-11-08,Madurai,9.9252,78.1198,Irrigated,25.23,29.92,21.8,83.53,1.43,7.87,18.32,33.29
2007-11-09,Madurai,9.9252,78.1198,Irrigated,24.95,29.77,20.68,81.18,1.21,1.0,19.18,33.21
2007-11-10,Madurai,9.9252,78.1198,Irrigated,24.72,29.16,21.2,80.73,1.56,1.14,13.51,33.12
2007-11-11,Madurai,9.9252,78.1198,Irrigated,24.5,30.26,19.82,80.15,2.19,0.82,19.44,33.04
2007-11-12,Madurai,9.9252,78.1198,Irrigated,24.75,30.23,20.53,80.77,2.27,1.97,18.61,32.96
2007-11-13,Madurai,9.9252,78.1198,Irrigated,24.42,30.5,19.61,76.86,1.98,0.49,21.7,32.88
2007-11-14,Madurai,9.9252,78.1198,Irrigated,23.34,30.41,18.12,71.46,2.03,0.02,21.44,32.8
2007-11-15,Madurai,9.9252,78.1198,Irrigated,22.66,29.86,17.09,66.61,1.65,0.0,22.23,32.72
2007-11-16,Madurai,9.9252,78.1198,Irrigated,22.48,30.53,15.56,63.22,1.63,0.0,22.63,32.64
2007-11-17,Madurai,9.9252,78.1198,Irrigated,21.9,29.51,16.13,72.09,1.86,0.0,22.03,32.57
2007-11-18,Madurai,9.9252,78.1198,Irrigated,22.85,30.31,15.53,73.35,1.75,0.18,21.96,32.49
2007-11-19,Madurai,9.9252,78.1198,Irrigated,24.41,29.81,20.31,85.68,1.78,2.51,14.97,32.41
2007-11-20,Madurai,9.9252,78.1198,Irrigated,24.72,28.71,21.82,89.12,1.88,21.11,18.26,32.34
2007-11-21,Madurai,9.9252,78.1198,Irrigated,24.65,28.62,21.79,87.33,2.59,13.74,16.1,32.27
2007-11-22,Madurai,9.9252,78.1198,Irrigated,24.64,29.74,20.85,84.22,2.43,1.47,10.13,32.2
2007-11-23,Madurai,9.9252,78.1198,Irrigated,24.37,29.73,20.85,78.85,2.0,0.0,18.94,32.13
2007-11-24,Madurai,9.9252,78.1198,Irrigated,22.81,29.0,17.81,77.17,2.12,2.45,19.12,32.06
2007-11-25,Madurai,9.9252,78.1198,Irrigated,21.17,28.75,15.09,70.52,2.18,0.14,20.77,32.0
2007-11-26,Madurai,9.9252,78.1198,Irrigated,22.94,30.21,15.53,75.96,1.88,0.0,22.03,31.93
2007-11-27,Madurai,9.9252,78.1198,Irrigated,24.94,31.21,20.32,78.45,1.78,0.21,19.91,31.87
2007-11-28,Madurai,9.9252,78.1198,Irrigated,25.11,30.72,20.79,83.35,2.36,0.67,20.04,31.81
2007-11-29,Madurai,9.9252,78.1198,Irrigated,24.72,29.79,21.61,83.32,2.93,2.73,18.19,31.75
2007-11-30,Madurai,9.9252,78.1198,Irrigated,23.76,29.26,19.96,77.14,2.85,0.13,18.13,31.7
2007-12-01,Madurai,9.9252,78.1198,Irrigated,24.02,30.12,18.51,78.25,2.74,0.0,16.77,31.64
2007-12-02,Madurai,9.9252,78.1198,Irrigated,24.33,30.45,19.42,78.53,2.66,0.02,14.28,31.59
2007-12-03,Madurai,9.9252,78.1198,Irrigated,23.74,28.66,20.51,83.52,2.7,0.03,13.65,31.54
2007-12-04,Madurai,9.9252,78.1198,Irrigated,23.7,29.76,19.33,76.39,2.92,0.02,18.02,31.5
2007-12-05,Madurai,9.9252,78.1198,Irrigated,23.55,29.23,19.16,79.75,3.47,0.94,18.5,31.45
2007-12-06,Madurai,9.9252,78.1198,Irrigated,23.41,29.4,18.51,82.63,3.07,1.37,18.25,31.41
2007-12-07,Madurai,9.9252,78.1198,Irrigated,24.17,30.41,19.7,78.5,2.61,0.36,19.69,31.37
2007-12-08,Madurai,9.9252,78.1198,Irrigated,24.02,29.92,19.07,80.96,2.62,0.83,13.9,31.33
2007-12-09,Madurai,9.9252,78.1198,Irrigated,24.6,30.5,20.41,77.97,2.48,0.05,16.98,31.3
2007-12-10,Madurai,9.9252,78.1198,Irrigated,24.51,30.52,20.38,77.06,2.41,0.0,17.83,31.26
2007-12-11,Madurai,9.9252,78.1198,Irrigated,23.94,31.09,18.91,75.18,2.51,0.17,20.14,31.24
2007-12-12,Madurai,9.9252,78.1198,Irrigated,23.43,29.0,18.91,78.84,2.05,1.0,14.58,31.21
2007-12-13,Madurai,9.9252,78.1198,Irrigated,22.13,24.44,20.2,88.05,2.85,11.75,8.74,31.18
2007-12-14,Madurai,9.9252,78.1198,Irrigated,22.74,25.65,21.19,91.16,3.42,15.51,5.36,31.17
2007-12-15,Madurai,9.9252,78.1198,Irrigated,24.13,28.96,21.17,84.19,3.17,1.17,5.83,31.15
2007-12-16,Madurai,9.9252,78.1198,Irrigated,24.36,29.96,20.83,78.76,3.5,0.55,17.07,31.14
2007-12-17,Madurai,9.9252,78.1198,Irrigated,23.73,29.27,19.63,82.26,3.31,9.8,12.25,31.13
2007-12-18,Madurai,9.9252,78.1198,Irrigated,22.77,25.09,20.69,90.38,5.55,47.62,3.6,31.12
2007-12-19,Madurai,9.9252,78.1198,Irrigated,23.89,25.58,22.18,95.44,3.13,59.14,6.93,31.11
2007-12-20,Madurai,9.9252,78.1198,Irrigated,23.34,25.38,21.62,94.15,2.45,17.63,3.1,31.11
2007-12-21,Madurai,9.9252,78.1198,Irrigated,23.43,26.47,20.86,91.77,2.08,1.96,13.64,31.11
2007-12-22,Madurai,9.9252,78.1198,Irrigated,23.48,26.97,20.61,88.26,2.19,0.05,15.86,31.11
2007-12-23,Madurai,9.9252,78.1198,Irrigated,22.69,27.09,19.46,86.35,1.99,0.02,15.19,31.12
2007-12-24,Madurai,9.9252,78.1198,Irrigated,21.12,26.55,16.51,80.2,1.57,0.0,20.88,31.12
2007-12-25,Madurai,9.9252,78.1198,Irrigated,20.89,27.57,15.0,70.58,1.37,0.0,22.23,31.14
2007-12-26,Madurai,9.9252,78.1198,Irrigated,20.83,26.65,14.38,76.84,1.59,0.0,21.47,31.15
2007-12-27,Madurai,9.9252,78.1198,Irrigated,21.91,27.97,16.25,84.24,1.6,0.0,19.17,31.17
2007-12-28,Madurai,9.9252,78.1198,Irrigated,22.55,28.39,17.22,82.69,1.51,0.0,19.07,31.19
2007-12-29,Madurai,9.9252,78.1198,Irrigated,22.89,28.64,17.86,82.17,1.34,0.0,19.58,31.21
2007-12-30,Madurai,9.9252,78.1198,Irrigated,22.96,28.67,18.4,84.32,1.69,0.0,19.08,31.23
2007-12-31,Madurai,9.9252,78.1198,Irrigated,22.48,28.08,18.13,85.09,1.86,0.0,19.09,31.26
2008-01-01,Madurai,9.9252,78.1198,Irrigated,21.88,27.89,17.07,82.74,2.41,0.0,21.66,31.3
2008-01-02,Madurai,9.9252,78.1198,Irrigated,21.33,27.37,16.68,81.48,2.38,0.07,20.33,31.33
2008-01-03,Madurai,9.9252,78.1198,Irrigated,22.14,28.38,16.24,81.49,2.43,0.07,19.37,31.37
2008-01-04,Madurai,9.9252,78.1198,Irrigated,23.74,29.17,18.82,84.89,2.53,1.01,15.39,31.41
2008-01-05,Madurai,9.9252,78.1198,Irrigated,24.18,28.92,20.38,86.22,3.12,2.56,15.79,31.45
2008-01-06,Madurai,9.9252,78.1198,Irrigated,22.5,28.34,18.19,80.86,2.93,0.03,19.95,31.5
2008-01-07,Madurai,9.9252,78.1198,Irrigated,22.01,28.04,17.65,80.7,3.1,0.0,18.78,31.55
2008-01-08,Madurai,9.9252,78.1198,Irrigated,22.39,28.42,17.75,80.93,2.99,0.0,18.88,31.6
2008-01-09,Madurai,9.9252,78.1198,Irrigated,22.61,29.14,17.36,78.12,2.35,0.0,20.88,31.65
2008-01-10,Madurai,9.9252,78.1198,Irrigated,22.92,29.61,17.45,78.96,2.09,0.0,20.21,31.71
2008-01-11,Madurai,9.9252,78.1198,Irrigated,22.82,29.26,18.16,79.94,2.49,0.0,20.13,31.76
2008-01-12,Madurai,9.9252,78.1198,Irrigated,22.35,29.03,16.97,81.42,2.54,0.0,21.27,31.82
2008-01-13,Madurai,9.9252,78.1198,Irrigated,22.45,29.59,17.56,80.94,2.55,0.0,20.37,31.88
2008-01-14,Madurai,9.9252,78.1198,Irrigated,22.31,29.55,17.3,79.92,2.13,0.0,20.0,31.95
2008-01-15,Madurai,9.9252,78.1198,Irrigated,22.09,29.69,16.81,79.58,2.18,0.0,20.98,32.01
2008-01-16,Madurai,9.9252,78.1198,Irrigated,22.49,29.73,17.56,79.36,2.39,0.0,19.99,32.08
2008-01-17,Madurai,9.9252,78.1198,Irrigated,21.96,29.31,16.96,77.41,2.49,0.0,21.92,32.15
2008-01-18,Madurai,9.9252,78.1198,Irrigated,21.21,29.28,15.13,74.75,1.99,0.0,22.97,32.23
2008-01-19,Madurai,9.9252,78.1198,Irrigated,21.19,29.33,14.61,73.4,1.81,0.0,22.82,32.3
2008-01-20,Madurai,9.9252,78.1198,Irrigated,21.9,30.38,14.77,73.25,1.82,0.0,22.75,32.37
2008-01-21,Madurai,9.9252,78.1198,Irrigated,23.94,31.14,17.88,78.57,2.24,0.0,16.51,32.45
2008-01-22,Madurai,9.9252,78.1198,Irrigated,24.63,31.62,19.83,77.27,2.1,0.0,16.98,32.53
2008-01-23,Madurai,9.9252,78.1198,Irrigated,23.6,31.45,18.01,74.66,1.91,0.0,19.73,32.61
2008-01-24,Madurai,9.9252,78.1198,Irrigated,23.41,31.65,18.02,71.61,1.61,0.0,19.89,32.7
2008-01-25,Madurai,9.9252,78.1198,Irrigated,23.98,32.44,16.65,70.51,1.38,0.0,19.63,32.78
2008-01-26,Madurai,9.9252,78.1198,Irrigated,25.12,33.31,19.27,68.08,1.35,0.0,18.43,32.86
2008-01-27,Madurai,9.9252,78.1198,Irrigated,25.64,33.08,19.86,69.88,1.08,0.0,19.78,32.95
2008-01-28,Madurai,9.9252,78.1198,Irrigated,25.68,32.95,19.24,72.4,1.63,0.0,18.53,33.04
2008-01-29,Madurai,9.9252,78.1198,Irrigated,25.84,32.45,20.76,73.73,1.49,0.0,17.9,33.13
2008-01-30,Madurai,9.9252,78.1198,Irrigated,26.87,33.91,22.06,69.58,1.09,0.0,19.79,33.21
2008-01-31,Madurai,9.9252,78.1198,Irrigated,26.85,34.23,21.46,67.41,1.38,0.0,21.38,33.3
2008-02-01,Madurai,9.9252,78.1198,Irrigated,26.49,33.27,21.12,68.53,1.47,0.0,19.56,33.4
2008-02-02,Madurai,9.9252,78.1198,Irrigated,26.66,33.43,21.59,68.97,1.39,0.0,19.79,33.49
2008-02-03,Madurai,9.9252,78.1198,Irrigated,26.16,32.44,21.39,71.3,1.87,0.18,18.67,33.58
2008-02-04,Madurai,9.9252,78.1198,Irrigated,26.65,33.42,21.36,69.14,1.85,0.01,16.52,33.67
2008-02-05,Madurai,9.9252,78.1198,Irrigated,26.6,33.41,21.57,66.73,2.0,0.0,20.8,33.76
2008-02-06,Madurai,9.9252,78.1198,Irrigated,26.47,33.91,20.23,66.61,1.78,0.0,19.03,33.86
2008-02-07,Madurai,9.9252,78.1198,Irrigated,26.78,32.95,22.49,71.89,2.04,0.02,16.41,33.95
2008-02-08,Madurai,9.9252,78.1198,Irrigated,25.87,29.97,22.79,78.2,1.23,3.52,15.93,34.04
2008-02-09,Madurai,9.9252,78.1198,Irrigated,24.74,27.24,22.79,88.24,0.74,11.66,17.99,34.13
2008-02-10,Madurai,9.9252,78.1198,Irrigated,26.45,31.92,22.38,79.04,1.66,1.33,17.47,34.23
2008-02-11,Madurai,9.9252,78.1198,Irrigated,25.43,29.13,22.81,83.72,0.97,3.76,18.75,34.32
2008-02-12,Madurai,9.9252,78.1198,Irrigated,26.55,33.0,22.02,75.35,2.05,2.96,18.89,34.41
2008-02-13,Madurai,9.9252,78.1198,Irrigated,26.79,33.59,21.66,72.8,1.91,0.23,20.46,34.51
2008-02-14,Madurai,9.9252,78.1198,Irrigated,26.77,34.02,21.77,70.28,2.55,0.24,19.29,34.6
2008-02-15,Madurai,9.9252,78.1198,Irrigated,26.36,34.03,20.51,68.95,2.54,0.05,21.33,34.69
2008-02-16,Madurai,9.9252,78.1198,Irrigated,26.54,33.55,20.43,69.95,2.47,0.01,21.33,34.79
2008-02-17,Madurai,9.9252,78.1198,Irrigated,26.54,33.7,21.34,66.27,2.5,0.0,22.64,34.88
2008-02-18,Madurai,9.9252,78.1198,Irrigated,25.28,33.97,18.91,60.71,2.25,0.0,24.8,34.97
2008-02-19,Madurai,9.9252,78.1198,Irrigated,24.47,33.75,16.96,62.17,1.9,0.0,25.38,35.06
2008-02-20,Madurai,9.9252,78.1198,Irrigated,25.14,34.33,17.35,62.14,1.99,0.0,24.71,35.15
2008-02-21,Madurai,9.9252,78.1198,Irrigated,26.3,34.85,19.46,65.08,2.13,0.0,23.71,35.24
2008-02-22,Madurai,9.9252,78.1198,Irrigated,26.26,34.55,19.1,62.43,2.46,0.0,22.69,35.33
2008-02-23,Madurai,9.9252,78.1198,Irrigated,25.93,34.4,19.52,63.07,1.98,0.0,24.28,35.42
2008-02-24,Madurai,9.9252,78.1198,Irrigated,25.07,33.75,18.22,62.2,2.51,0.0,24.16,35.5
2008-02-25,Madurai,9.9252,78.1198,Irrigated,25.21,34.63,17.35,57.56,2.21,0.0,25.04,35.59
2008-02-26,Madurai,9.9252,78.1198,Irrigated,25.01,34.22,16.78,61.21,2.38,0.01,24.76,35.67
2008-02-27,Madurai,9.9252,78.1198,Irrigated,26.01,34.7,20.03,60.07,3.03,0.01,20.4,35.75
2008-02-28,Madurai,9.9252,78.1198,Irrigated,25.77,34.0,19.44,62.99,3.01,1.73,20.91,35.84
2008-02-29,Madurai,9.9252,78.1198,Irrigated,26.08,33.87,20.06,60.4,2.64,0.44,15.85,35.92
2008-03-01,Madurai,9.9252,78.1198,Irrigated,24.88,28.56,22.37,81.22,1.79,1.89,15.4,35.99
2008-03-02,Madurai,9.9252,78.1198,Irrigated,25.94,30.46,22.46,74.71,1.61,0.85,18.39,36.07
2008-03-03,Madurai,9.9252,78.1198,Irrigated,26.47,35.47,19.18,58.86,2.41,0.08,24.53,36.15
2008-03-04,Madurai,9.9252,78.1198,Irrigated,24.43,34.48,15.52,54.22,1.75,0.55,25.15,36.22
2008-03-05,Madurai,9.9252,78.1198,Irrigated,25.75,35.34,16.67,58.0,2.18,0.0,23.27,36.3
2008-03-06,Madurai,9.9252,78.1198,Irrigated,25.76,35.04,18.48,61.21,2.54,0.38,19.34,36.37
2008-03-07,Madurai,9.9252,78.1198,Irrigated,25.42,35.04,18.31,59.29,2.49,0.17,18.38,36.44
2008-03-08,Madurai,9.9252,78.1198,Irrigated,25.51,34.82,18.27,57.44,2.45,0.0,25.08,36.5
2008-03-09,Madurai,9.9252,78.1198,Irrigated,26.88,35.43,20.02,56.95,2.43,0.02,21.59,36.57
2008-03-10,Madurai,9.9252,78.1198,Irrigated,26.32,33.71,20.21,61.14,2.01,3.44,20.68,36.64
2008-03-11,Madurai,9.9252,78.1198,Irrigated,25.04,29.62,21.95,73.12,1.84,2.48,17.79,36.7
2008-03-12,Madurai,9.9252,78.1198,Irrigated,23.98,27.37,21.6,83.63,3.5,6.64,13.39,36.76
2008-03-13,Madurai,9.9252,78.1198,Irrigated,25.33,30.13,22.11,84.28,2.05,8.58,19.61,36.82
2008-03-14,Madurai,9.9252,78.1198,Irrigated,25.62,29.91,23.11,83.41,1.72,3.47,19.44,36.88
2008-03-15,Madurai,9.9252,78.1198,Irrigated,24.58,27.4,22.76,86.99,1.35,11.13,15.31,36.94
2008-03-16,Madurai,9.9252,78.1198,Irrigated,26.21,32.97,21.43,73.45,2.28,2.88,15.16,36.99
2008-03-17,Madurai,9.9252,78.1198,Irrigated,24.86,29.05,21.93,80.48,2.24,1.03,8.88,37.05
2008-03-18,Madurai,9.9252,78.1198,Irrigated,25.39,29.92,22.4,83.77,1.98,4.62,13.13,37.1
2008-03-19,Madurai,9.9252,78.1198,Irrigated,25.44,29.36,23.04,83.78,2.09,5.6,20.27,37.15
2008-03-20,Madurai,9.9252,78.1198,Irrigated,23.92,26.1,22.63,91.57,2.89,19.91,12.65,37.2
2008-03-21,Madurai,9.9252,78.1198,Irrigated,24.58,27.54,22.55,89.59,2.88,20.13,9.57,37.24
2008-03-22,Madurai,9.9252,78.1198,Irrigated,25.19,28.0,23.24,91.25,2.64,23.83,7.28,37.29
2008-03-23,Madurai,9.9252,78.1198,Irrigated,25.53,28.96,22.61,87.96,2.04,4.81,9.25,37.33
2008-03-24,Madurai,9.9252,78.1198,Irrigated,26.3,31.39,22.4,79.23,1.37,0.12,22.34,37.37
2008-03-25,Madurai,9.9252,78.1198,Irrigated,27.03,34.92,19.94,66.41,1.12,0.0,26.5,37.4
2008-03-26,Madurai,9.9252,78.1198,Irrigated,26.99,33.52,21.65,70.24,1.42,0.0,24.95,37.43
2008-03-27,Madurai,9.9252,78.1198,Irrigated,27.66,34.81,21.88,68.61,1.42,0.27,25.08,37.47
2008-03-28,Madurai,9.9252,78.1198,Irrigated,27.85,34.79,22.45,70.58,1.38,0.53,22.56,37.5
2008-03-29,Madurai,9.9252,78.1198,Irrigated,27.21,32.04,23.04,74.28,1.09,0.06,22.16,37.53
2008-03-30,Madurai,9.9252,78.1198,Irrigated,26.66,31.18,22.97,80.56,1.19,21.78,23.14,37.56
2008-03-31,Madurai,9.9252,78.1198,Irrigated,27.23,31.46,22.91,77.52,1.18,3.41,23.2,37.59
2008-04-01,Madurai,9.9252,78.1198,Irrigated,28.03,33.73,23.09,71.84,1.25,0.19,21.6,37.62
2008-04-02,Madurai,9.9252,78.1198,Irrigated,27.24,32.44,23.16,76.34,1.6,4.41,19.95,37.64
2008-04-03,Madurai,9.9252,78.1198,Irrigated,27.55,33.59,22.89,74.48,1.32,0.67,23.6,37.66
2008-04-04,Madurai,9.9252,78.1198,Irrigated,27.69,34.56,22.08,71.31,1.73,0.27,20.68,37.68
2008-04-05,Madurai,9.9252,78.1198,Irrigated,27.35,33.18,22.51,73.19,1.79,0.29,22.62,37.69
2008-04-06,Madurai,9.9252,78.1198,Irrigated,27.43,34.21,22.42,71.21,2.04,0.65,19.97,37.71
2008-04-07,Madurai,9.9252,78.1198,Irrigated,26.89,33.39,21.52,75.0,2.02,2.14,19.72,37.72
2008-04-08,Madurai,9.9252,78.1198,Irrigated,25.74,29.45,22.97,83.38,1.69,9.23,17.58,37.73
2008-04-09,Madurai,9.9252,78.1198,Irrigated,26.03,30.16,23.1,81.83,1.72,2.71,20.45,37.74
2008-04-10,Madurai,9.9252,78.1198,Irrigated,26.92,32.95,21.89,75.67,2.06,2.12,23.31,37.75
2008-04-11,Madurai,9.9252,78.1198,Irrigated,27.1,33.33,22.08,72.31,1.58,0.07,19.77,37.76
2008-04-12,Madurai,9.9252,78.1198,Irrigated,27.21,33.32,22.46,74.53,2.28,2.27,17.44,37.76
2008-04-13,Madurai,9.9252,78.1198,Irrigated,27.18,32.64,23.39,76.4,1.56,0.3,22.26,37.77
2008-04-14,Madurai,9.9252,78.1198,Irrigated,27.85,34.18,22.99,71.35,1.82,0.19,23.22,37.77
2008-04-15,Madurai,9.9252,78.1198,Irrigated,28.1,35.25,22.43,70.05,1.64,0.05,22.26,37.77
2008-04-16,Madurai,9.9252,78.1198,Irrigated,28.17,35.46,22.29,69.43,1.9,0.65,21.75,37.77
2008-04-17,Madurai,9.9252,78.1198,Irrigated,28.3,35.36,23.06,70.08,1.44,0.66,23.43,37.77
2008-04-18,Madurai,9.9252,78.1198,Irrigated,28.93,35.93,23.26,66.69,1.65,0.3,24.78,37.77
2008-04-19,Madurai,9.9252,78.1198,Irrigated,29.7,37.72,23.8,60.96,1.98,0.01,21.64,37.76
2008-04-20,Madurai,9.9252,78.1198,Irrigated,29.43,38.01,22.12,59.76,1.52,0.0,24.14,37.76
2008-04-21,Madurai,9.9252,78.1198,Irrigated,29.27,36.73,23.5,58.81,1.42,0.0,24.38,37.75
2008-04-22,Madurai,9.9252,78.1198,Irrigated,30.06,38.33,23.2,56.77,1.64,0.0,25.08,37.74
2008-04-23,Madurai,9.9252,78.1198,Irrigated,29.68,37.52,23.93,57.16,1.65,0.0,23.76,37.73
2008-04-24,Madurai,9.9252,78.1198,Irrigated,28.71,36.16,22.93,59.11,1.65,0.23,23.26,37.72
2008-04-25,Madurai,9.9252,78.1198,Irrigated,28.37,34.94,22.4,64.42,1.59,0.55,22.87,37.71
2008-04-26,Madurai,9.9252,78.1198,Irrigated,27.88,32.72,23.86,71.13,1.26,0.66,20.5,37.69
2008-04-27,Madurai,9.9252,78.1198,Irrigated,29.1,35.43,23.98,66.74,1.43,0.06,22.19,37.68
2008-04-28,Madurai,9.9252,78.1198,Irrigated,30.63,37.41,25.33,59.93,2.37,0.03,20.05,37.66
2008-04-29,Madurai,9.9252,78.1198,Irrigated,29.85,35.39,25.46,64.3,2.22,0.65,20.03,37.64
2008-04-30,Madurai,9.9252,78.1198,Irrigated,29.63,35.17,25.15,65.37,2.27,0.01,23.36,37.62
2008-05-01,Madurai,9.9252,78.1198,Irrigated,30.47,36.91,25.49,63.44,1.9,0.0,23.45,37.6
2008-05-02,Madurai,9.9252,78.1198,Irrigated,31.11,39.92,24.05,54.45,2.0,0.0,23.37,37.58
2008-05-03,Madurai,9.9252,78.1198,Irrigated,30.77,39.54,23.29,53.64,1.69,0.59,23.77,37.56
2008-05-04,Madurai,9.9252,78.1198,Irrigated,31.0,38.31,24.99,59.88,1.79,0.19,23.57,37.54
2008-05-05,Madurai,9.9252,78.1198,Irrigated,30.89,38.64,24.94,57.55,2.66,0.04,24.22,37.52
2008-05-06,Madurai,9.9252,78.1198,Irrigated,30.71,39.1,24.57,53.47,1.93,0.0,24.25,37.5
2008-05-07,Madurai,9.9252,78.1198,Irrigated,29.67,36.78,24.65,64.86,1.41,22.91,24.17,37.48
2008-05-08,Madurai,9.9252,78.1198,Irrigated,29.33,35.29,24.57,67.42,1.25,8.8,23.38,37.45
2008-05-09,Madurai,9.9252,78.1198,Irrigated,29.88,36.49,24.76,61.04,1.62,0.19,23.14,37.43
2008-05-10,Madurai,9.9252,78.1198,Irrigated,30.24,36.91,24.2,62.66,1.54,1.7,23.04,37.41
2008-05-11,Madurai,9.9252,78.1198,Irrigated,29.29,34.2,25.02,66.0,1.32,1.33,23.35,37.38
2008-05-12,Madurai,9.9252,78.1198,Irrigated,27.4,31.13,24.34,71.89,2.03,0.65,23.39,37.36
2008-05-13,Madurai,9.9252,78.1198,Irrigated,29.0,35.93,22.77,64.05,2.15,0.01,23.44,37.34
2008-05-14,Madurai,9.9252,78.1198,Irrigated,29.99,38.2,23.38,59.18,2.04,1.94,24.53,37.31
2008-05-15,Madurai,9.9252,78.1198,Irrigated,29.65,36.91,23.42,59.12,1.54,0.13,23.88,37.29
2008-05-16,Madurai,9.9252,78.1198,Irrigated,29.28,35.19,25.02,59.64,2.0,0.01,23.68,37.26
2008-05-17,Madurai,9.9252,78.1198,Irrigated,30.65,37.49,24.92,56.37,2.18,0.0,24.04,37.24
2008-05-18,Madurai,9.9252,78.1198,Irrigated,30.58,36.77,25.64,58.55,1.82,0.0,22.98,37.21
2008-05-19,Madurai,9.9252,78.1198,Irrigated,29.97,36.02,24.89,62.12,2.16,0.21,23.56,37.19
2008-05-20,Madurai,9.9252,78.1198,Irrigated,29.85,36.13,24.53,63.48,2.72,0.18,24.78,37.16
2008-05-21,Madurai,9.9252,78.1198,Irrigated,29.88,35.95,25.36,64.36,2.19,0.04,24.63,37.14
2008-05-22,Madurai,9.9252,78.1198,Irrigated,30.59,36.83,24.64,58.32,1.09,0.06,22.87,37.11
2008-05-23,Madurai,9.9252,78.1198,Irrigated,29.7,34.48,25.8,60.61,1.56,0.06,22.6,37.09
2008-05-24,Madurai,9.9252,78.1198,Irrigated,29.3,34.16,24.99,63.34,1.58,0.42,24.27,37.06
2008-05-25,Madurai,9.9252,78.1198,Irrigated,29.81,36.07,24.77,60.73,1.82,1.26,20.24,37.04
2008-05-26,Madurai,9.9252,78.1198,Irrigated,28.94,33.92,24.62,66.39,1.48,0.74,23.04,37.01
2008-05-27,Madurai,9.9252,78.1198,Irrigated,30.04,35.73,25.42,60.03,1.33,0.0,24.1,36.98
2008-05-28,Madurai,9.9252,78.1198,Irrigated,29.5,34.85,25.23,63.78,1.71,2.1,24.0,36.96
2008-05-29,Madurai,9.9252,78.1198,Irrigated,28.73,33.75,25.09,69.11,2.21,2.58,23.11,36.94
2008-05-30,Madurai,9.9252,78.1198,Irrigated,28.84,34.42,24.57,68.84,2.12,10.3,22.19,36.91
2008-05-31,Madurai,9.9252,78.1198,Irrigated,27.57,31.38,24.19,72.71,1.27,0.12,22.7,36.89
2008-06-01,Madurai,9.9252,78.1198,Irrigated,29.24,35.57,24.12,65.13,1.63,1.05,20.15,36.87
2008-06-02,Madurai,9.9252,78.1198,Irrigated,29.49,36.87,23.68,62.31,2.04,0.74,21.05,36.85
2008-06-03,Madurai,9.9252,78.1198,Irrigated,29.35,35.76,24.32,63.82,2.19,1.04,22.71,36.83
2008-06-04,Madurai,9.9252,78.1198,Irrigated,29.25,35.88,24.5,60.77,2.84,0.75,23.82,36.81
2008-06-05,Madurai,9.9252,78.1198,Irrigated,28.31,34.06,24.41,63.97,2.53,0.33,22.44,36.79
2008-06-06,Madurai,9.9252,78.1198,Irrigated,28.17,33.95,23.67,64.0,2.47,0.5,21.98,36.77
2008-06-07,Madurai,9.9252,78.1198,Irrigated,25.88,28.84,23.59,76.02,1.73,3.14,22.22,36.76
2008-06-08,Madurai,9.9252,78.1198,Irrigated,27.22,32.26,23.23,73.67,1.7,2.02,20.05,36.74
2008-06-09,Madurai,9.9252,78.1198,Irrigated,26.5,31.19,23.49,75.61,2.1,0.6,16.17,36.73
2008-06-10,Madurai,9.9252,78.1198,Irrigated,27.98,34.49,22.88,64.96,1.79,0.33,17.17,36.71
2008-06-11,Madurai,9.9252,78.1198,Irrigated,28.91,36.73,22.68,61.48,2.69,0.1,22.73,36.7
2008-06-12,Madurai,9.9252,78.1198,Irrigated,28.45,34.27,23.71,63.54,2.43,0.0,15.61,36.69
2008-06-13,Madurai,9.9252,78.1198,Irrigated,28.42,33.25,24.67,63.27,2.42,0.02,20.66,36.68
2008-06-14,Madurai,9.9252,78.1198,Irrigated,28.81,36.55,22.83,60.48,3.48,0.05,22.28,36.67
2008-06-15,Madurai,9.9252,78.1198,Irrigated,29.01,36.61,22.96,58.17,3.25,0.0,23.7,36.66
2008-06-16,Madurai,9.9252,78.1198,Irrigated,28.29,35.25,22.98,62.85,2.91,0.66,21.65,36.65
2008-06-17,Madurai,9.9252,78.1198,Irrigated,29.35,36.62,23.44,58.84,3.07,0.13,20.71,36.64
2008-06-18,Madurai,9.9252,78.1198,Irrigated,29.25,36.74,23.58,57.32,2.76,0.41,21.42,36.63
2008-06-19,Madurai,9.9252,78.1198,Irrigated,30.05,36.62,24.34,57.08,2.13,0.0,21.77,36.62
2008-06-20,Madurai,9.9252,78.1198,Irrigated,30.23,36.05,24.42,57.2,1.53,0.34,22.33,36.62
2008-06-21,Madurai,9.9252,78.1198,Irrigated,30.14,36.12,26.1,56.44,2.3,1.62,21.13,36.61
2008-06-22,Madurai,9.9252,78.1198,Irrigated,30.02,36.68,24.21,56.21,2.06,0.92,20.72,36.61
2008-06-23,Madurai,9.9252,78.1198,Irrigated,29.23,34.97,24.83,57.6,2.14,0.01,22.36,36.6
2008-06-24,Madurai,9.9252,78.1198,Irrigated,29.93,36.93,24.73,53.39,3.12,0.03,22.46,36.6
2008-06-25,Madurai,9.9252,78.1198,Irrigated,29.35,36.25,23.84,57.92,3.12,0.04,21.98,36.6
2008-06-26,Madurai,9.9252,78.1198,Irrigated,29.22,35.97,24.17,55.33,3.04,0.01,22.8,36.6
2008-06-27,Madurai,9.9252,78.1198,Irrigated,30.04,37.36,23.78,57.53,3.44,0.42,22.71,36.6
2008-06-28,Madurai,9.9252,78.1198,Irrigated,28.85,34.12,24.25,62.88,2.81,1.43,21.3,36.6
2008-06-29,Madurai,9.9252,78.1198,Irrigated,28.56,33.85,24.7,61.12,2.92,0.8,21.41,36.6
2008-06-30,Madurai,9.9252,78.1198,Irrigated,29.49,36.33,24.22,57.72,2.98,1.1,22.34,36.6
2008-07-01,Madurai,9.9252,78.1198,Irrigated,27.67,32.25,24.64,62.82,2.43,1.39,17.89,36.61
2008-07-02,Madurai,9.9252,78.1198,Irrigated,30.15,37.65,23.15,51.56,2.18,0.0,24.59,36.61
2008-07-03,Madurai,9.9252,78.1198,Irrigated,30.37,36.61,24.83,51.77,2.5,0.0,23.25,36.62
2008-07-04,Madurai,9.9252,78.1198,Irrigated,30.03,34.63,25.61,52.6,1.5,0.0,20.84,36.63
2008-07-05,Madurai,9.9252,78.1198,Irrigated,31.03,38.19,24.59,50.35,1.73,0.0,22.59,36.64
2008-07-06,Madurai,9.9252,78.1198,Irrigated,31.09,37.92,24.88,51.67,2.39,0.12,22.67,36.64
2008-07-07,Madurai,9.9252,78.1198,Irrigated,29.28,35.7,24.78,51.42,4.41,0.0,21.53,36.65
2008-07-08,Madurai,9.9252,78.1198,Irrigated,29.72,36.75,24.84,46.9,4.59,0.06,21.02,36.66
2008-07-09,Madurai,9.9252,78.1198,Irrigated,29.89,36.82,24.93,48.06,4.1,0.26,20.99,36.68
2008-07-10,Madurai,9.9252,78.1198,Irrigated,29.73,36.6,24.42,48.15,3.46,0.43,21.36,36.69
2008-07-11,Madurai,9.9252,78.1198,Irrigated,29.84,37.41,24.39,49.95,3.7,0.44,21.18,36.7
2008-07-12,Madurai,9.9252,78.1198,Irrigated,30.05,37.2,23.82,49.94,2.32,0.07,22.8,36.71
2008-07-13,Madurai,9.9252,78.1198,Irrigated,30.76,36.52,25.12,49.65,1.25,0.0,21.48,36.73
2008-07-14,Madurai,9.9252,78.1198,Irrigated,30.5,35.13,26.25,54.09,1.69,0.15,19.22,36.74
2008-07-15,Madurai,9.9252,78.1198,Irrigated,29.66,34.5,25.7,60.64,1.87,3.46,21.05,36.76
2008-07-16,Madurai,9.9252,78.1198,Irrigated,29.0,33.89,25.49,61.96,2.56,0.38,22.82,36.77
2008-07-17,Madurai,9.9252,78.1198,Irrigated,29.2,34.11,24.8,61.01,1.87,0.87,22.85,36.79
2008-07-18,Madurai,9.9252,78.1198,Irrigated,28.71,34.65,24.98,69.04,1.87,22.17,23.1,36.8
2008-07-19,Madurai,9.9252,78.1198,Irrigated,27.86,33.08,23.58,67.76,1.56,1.02,14.22,36.82
2008-07-20,Madurai,9.9252,78.1198,Irrigated,26.75,29.81,24.08,77.07,0.94,74.72,18.89,36.83
2008-07-21,Madurai,9.9252,78.1198,Irrigated,25.41,27.38,24.12,87.56,1.23,10.18,17.78,36.85
2008-07-22,Madurai,9.9252,78.1198,Irrigated,25.84,28.53,23.42,80.38,0.71,0.64,19.9,36.87
2008-07-23,Madurai,9.9252,78.1198,Irrigated,27.43,32.03,23.71,74.38,1.64,0.58,19.22,36.88
2008-07-24,Madurai,9.9252,78.1198,Irrigated,26.87,31.73,23.46,71.48,2.83,0.63,21.75,36.9
2008-07-25,Madurai,9.9252,78.1198,Irrigated,27.18,33.27,22.89,67.43,3.33,0.18,19.42,36.91
2008-07-26,Madurai,9.9252,78.1198,Irrigated,27.57,33.42,23.22,67.18,3.55,0.95,21.13,36.93
2008-07-27,Madurai,9.9252,78.1198,Irrigated,26.28,30.69,23.25,71.96,3.79,3.91,14.2,36.95
2008-07-28,Madurai,9.9252,78.1198,Irrigated,25.64,29.5,23.07,74.98,4.02,2.15,13.39,36.96
2008-07-29,Madurai,9.9252,78.1198,Irrigated,26.26,32.04,22.27,70.94,3.6,1.54,21.41,36.98
2008-07-30,Madurai,9.9252,78.1198,Irrigated,26.09,31.2,22.2,70.19,3.16,0.82,17.84,37.0
2008-07-31,Madurai,9.9252,78.1198,Irrigated,27.15,34.04,21.82,67.29,2.97,0.54,21.15,37.02
2008-08-01,Madurai,9.9252,78.1198,Irrigated,28.16,35.1,22.93,65.32,2.14,0.07,22.44,37.03
2008-08-02,Madurai,9.9252,78.1198,Irrigated,27.72,32.86,23.74,69.73,1.73,0.0,15.63,37.05
2008-08-03,Madurai,9.9252,78.1198,Irrigated,27.8,32.65,23.58,69.91,1.44,0.06,20.18,37.07
2008-08-04,Madurai,9.9252,78.1198,Irrigated,27.99,33.14,23.67,69.04,1.65,0.0,18.51,37.08
2008-08-05,Madurai,9.9252,78.1198,Irrigated,28.5,34.42,23.62,66.51,1.76,0.16,23.08,37.1
2008-08-06,Madurai,9.9252,78.1198,Irrigated,28.66,35.6,22.52,63.91,2.0,0.01,23.16,37.12
2008-08-07,Madurai,9.9252,78.1198,Irrigated,28.36,35.36,23.3,63.24,2.68,0.18,23.85,37.13
2008-08-08,Madurai,9.9252,78.1198,Irrigated,27.98,34.37,23.35,64.67,3.73,0.36,19.38,37.15
2008-08-09,Madurai,9.9252,78.1198,Irrigated,27.38,33.24,23.51,64.75,3.75,0.17,16.83,37.16
2008-08-10,Madurai,9.9252,78.1198,Irrigated,27.56,34.13,23.07,64.68,3.57,0.27,18.07,37.17
2008-08-11,Madurai,9.9252,78.1198,Irrigated,26.78,32.4,23.04,66.75,3.62,2.11,19.87,37.19
2008-08-12,Madurai,9.9252,78.1198,Irrigated,26.41,32.02,22.73,72.51,2.08,1.11,21.46,37.2
2008-08-13,Madurai,9.9252,78.1198,Irrigated,27.3,34.42,22.29,63.79,2.7,0.49,20.29,37.21
2008-08-14,Madurai,9.9252,78.1198,Irrigated,27.94,35.81,22.58,67.63,1.82,2.87,19.62,37.22
2008-08-15,Madurai,9.9252,78.1198,Irrigated,26.79,30.59,23.01,72.8,1.76,0.63,19.38,37.23
2008-08-16,Madurai,9.9252,78.1198,Irrigated,27.42,33.52,22.19,67.79,1.55,4.77,18.49,37.24
2008-08-17,Madurai,9.9252,78.1198,Irrigated,27.53,32.36,22.8,71.87,0.86,10.89,21.43,37.25
2008-08-18,Madurai,9.9252,78.1198,Irrigated,27.29,31.92,23.53,74.26,1.04,4.78,19.08,37.25
2008-08-19,Madurai,9.9252,78.1198,Irrigated,27.54,32.26,22.97,72.21,0.93,0.19,19.88,37.26
2008-08-20,Madurai,9.9252,78.1198,Irrigated,28.37,34.04,23.71,67.56,1.04,1.03,21.81,37.26
2008-08-21,Madurai,9.9252,78.1198,Irrigated,27.76,34.16,23.33,67.26,2.58,2.67,22.95,37.27
2008-08-22,Madurai,9.9252,78.1198,Irrigated,28.05,35.19,21.85,63.52,1.62,0.01,22.79,37.27
2008-08-23,Madurai,9.9252,78.1198,Irrigated,28.12,34.96,23.27,64.14,2.11,2.02,22.1,37.27
2008-08-24,Madurai,9.9252,78.1198,Irrigated,27.51,32.25,23.05,68.45,1.39,1.89,21.32,37.27
2008-08-25,Madurai,9.9252,78.1198,Irrigated,27.08,31.57,24.14,74.72,1.02,3.94,21.5,37.27
2008-08-26,Madurai,9.9252,78.1198,Irrigated,26.86,30.9,23.42,75.81,1.03,78.92,20.72,37.26
2008-08-27,Madurai,9.9252,78.1198,Irrigated,26.52,30.62,22.72,79.07,1.03,10.22,23.92,37.26
2008-08-28,Madurai,9.9252,78.1198,Irrigated,27.03,31.23,23.06,77.94,1.01,0.65,19.71,37.26
2008-08-29,Madurai,9.9252,78.1198,Irrigated,27.07,31.11,23.37,78.56,1.27,3.2,20.21,37.25
2008-08-30,Madurai,9.9252,78.1198,Irrigated,26.44,29.91,23.06,82.25,1.0,7.1,18.96,37.24
2008-08-31,Madurai,9.9252,78.1198,Irrigated,25.85,29.98,23.23,85.03,2.17,5.99,17.65,37.23
2008-09-01,Madurai,9.9252,78.1198,Irrigated,26.77,31.17,23.38,80.33,1.08,3.61,23.19,37.22
2008-09-02,Madurai,9.9252,78.1198,Irrigated,27.25,32.07,23.62,76.71,1.16,0.26,23.52,37.21
2008-09-03,Madurai,9.9252,78.1198,Irrigated,27.05,30.95,23.64,78.88,1.3,2.15,22.6,37.2
2008-09-04,Madurai,9.9252,78.1198,Irrigated,27.02,31.14,23.44,79.27,0.97,0.1,21.87,37.19
2008-09-05,Madurai,9.9252,78.1198,Irrigated,26.63,30.15,23.67,80.1,1.0,1.9,21.67,37.17
2008-09-06,Madurai,9.9252,78.1198,Irrigated,27.0,31.55,23.4,80.11,1.42,10.35,19.42,37.16
2008-09-07,Madurai,9.9252,78.1198,Irrigated,25.94,29.71,23.28,81.93,1.84,3.39,15.3,37.14
2008-09-08,Madurai,9.9252,78.1198,Irrigated,25.63,30.46,21.89,79.45,2.11,6.25,18.53,37.12
2008-09-09,Madurai,9.9252,78.1198,Irrigated,26.66,33.39,21.91,74.51,2.86,1.12,20.94,37.09
2008-09-10,Madurai,9.9252,78.1198,Irrigated,26.38,31.82,22.62,75.19,3.03,2.18,20.5,37.07
2008-09-11,Madurai,9.9252,78.1198,Irrigated,26.37,32.08,22.47,72.97,2.91,2.36,20.16,37.05
2008-09-12,Madurai,9.9252,78.1198,Irrigated,26.14,32.48,21.27,69.53,2.76,0.21,20.02,37.02
2008-09-13,Madurai,9.9252,78.1198,Irrigated,26.8,33.22,22.29,74.99,2.08,0.01,23.79,36.99
2008-09-14,Madurai,9.9252,78.1198,Irrigated,27.43,34.85,21.37,72.15,1.95,0.73,23.28,36.96
2008-09-15,Madurai,9.9252,78.1198,Irrigated,26.91,33.91,22.02,71.22,1.95,0.01,23.2,36.93
2008-09-16,Madurai,9.9252,78.1198,Irrigated,26.58,33.7,21.53,71.73,2.38,0.0,21.97,36.89
2008-09-17,Madurai,9.9252,78.1198,Irrigated,27.4,35.23,21.11,68.77,1.86,0.0,25.43,36.86
2008-09-18,Madurai,9.9252,78.1198,Irrigated,27.81,36.24,20.96,65.94,1.41,0.0,25.32,36.82
2008-09-19,Madurai,9.9252,78.1198,Irrigated,27.96,36.21,20.49,65.5,1.35,1.93,25.08,36.78
2008-09-20,Madurai,9.9252,78.1198,Irrigated,27.56,33.92,22.75,73.7,1.64,0.84,22.5,36.74
2008-09-21,Madurai,9.9252,78.1198,Irrigated,27.51,32.47,22.84,72.66,1.35,0.0,15.88,36.7
2008-09-22,Madurai,9.9252,78.1198,Irrigated,28.13,34.45,23.12,70.37,1.69,0.0,23.77,36.66
2008-09-23,Madurai,9.9252,78.1198,Irrigated,28.65,35.72,22.27,65.82,1.41,0.0,23.36,36.61
2008-09-24,Madurai,9.9252,78.1198,Irrigated,28.92,35.67,23.46,66.48,1.5,0.0,22.82,36.57
2008-09-25,Madurai,9.9252,78.1198,Irrigated,28.61,35.28,22.65,66.33,1.56,0.0,21.53,36.52
2008-09-26,Madurai,9.9252,78.1198,Irrigated,28.27,34.14,22.87,65.67,1.17,0.0,23.59,36.47
2008-09-27,Madurai,9.9252,78.1198,Irrigated,28.16,34.0,22.49,69.02,0.71,6.48,23.51,36.41
2008-09-28,Madurai,9.9252,78.1198,Irrigated,28.44,34.23,23.44,61.41,1.1,0.09,23.01,36.36
2008-09-29,Madurai,9.9252,78.1198,Irrigated,28.59,35.4,21.89,61.44,0.93,0.0,22.91,36.31
2008-09-30,Madurai,9.9252,78.1198,Irrigated,29.0,36.1,21.81,59.45,1.39,0.0,23.77,36.25
2008-10-01,Madurai,9.9252,78.1198,Irrigated,29.56,36.33,23.13,59.29,1.16,0.0,23.7,36.19
2008-10-02,Madurai,9.9252,78.1198,Irrigated,29.37,37.07,21.96,54.93,1.07,0.0,24.81,36.13
2008-10-03,Madurai,9.9252,78.1198,Irrigated,28.74,36.27,21.7,58.4,1.41,0.13,24.29,36.07
2008-10-04,Madurai,9.9252,78.1198,Irrigated,28.79,35.8,22.77,62.0,1.33,0.01,21.23,36.01
2008-10-05,Madurai,9.9252,78.1198,Irrigated,28.9,35.49,23.0,63.58,0.87,0.0,22.47,35.95
2008-10-06,Madurai,9.9252,78.1198,Irrigated,28.66,35.05,23.21,65.97,1.41,0.5,23.27,35.88
2008-10-07,Madurai,9.9252,78.1198,Irrigated,28.83,35.42,23.82,65.45,1.54,0.69,22.35,35.81
2008-10-08,Madurai,9.9252,78.1198,Irrigated,28.77,35.05,23.28,67.25,1.24,0.52,23.09,35.75
2008-10-09,Madurai,9.9252,78.1198,Irrigated,29.29,35.9,23.88,63.93,1.72,0.01,21.9,35.68
2008-10-10,Madurai,9.9252,78.1198,Irrigated,28.54,34.07,24.24,68.22,1.51,0.67,22.13,35.61
2008-10-11,Madurai,9.9252,78.1198,Irrigated,27.82,33.18,23.59,70.98,1.91,2.68,20.3,35.54
2008-10-12,Madurai,9.9252,78.1198,Irrigated,26.04,29.75,23.52,77.89,2.36,5.71,14.41,35.46
2008-10-13,Madurai,9.9252,78.1198,Irrigated,25.53,29.37,23.04,83.48,2.39,6.94,15.72,35.39
2008-10-14,Madurai,9.9252,78.1198,Irrigated,25.66,28.55,23.71,89.24,2.39,16.08,13.41,35.32
2008-10-15,Madurai,9.9252,78.1198,Irrigated,25.52,28.74,23.46,87.23,1.99,8.97,14.3,35.24
2008-10-16,Madurai,9.9252,78.1198,Irrigated,25.79,29.4,22.87,83.41,1.49,3.32,17.65,35.16
2008-10-17,Madurai,9.9252,78.1198,Irrigated,26.08,30.77,22.73,82.08,2.27,2.4,13.91,35.08
2008-10-18,Madurai,9.9252,78.1198,Irrigated,25.91,29.64,23.16,84.24,1.89,2.89,16.35,35.0
2008-10-19,Madurai,9.9252,78.1198,Irrigated,25.88,29.93,23.0,83.26,1.75,9.35,17.81,34.92
2008-10-20,Madurai,9.9252,78.1198,Irrigated,26.18,31.16,22.94,83.28,1.73,22.48,18.09,34.84
2008-10-21,Madurai,9.9252,78.1198,Irrigated,25.5,28.77,23.52,87.68,0.92,31.28,14.9,34.76
2008-10-22,Madurai,9.9252,78.1198,Irrigated,25.57,29.15,23.3,88.3,2.05,32.34,14.8,34.68
2008-10-23,Madurai,9.9252,78.1198,Irrigated,24.55,28.14,21.97,87.16,1.92,9.26,11.17,34.59
2008-10-24,Madurai,9.9252,78.1198,Irrigated,25.76,30.77,22.17,82.81,2.0,4.81,11.2,34.51
2008-10-25,Madurai,9.9252,78.1198,Irrigated,25.51,30.13,22.52,85.1,1.83,5.95,19.08,34.42
2008-10-26,Madurai,9.9252,78.1198,Irrigated,25.85,30.6,22.65,82.55,1.52,0.15,15.45,34.34
2008-10-27,Madurai,9.9252,78.1198,Irrigated,25.84,31.04,20.66,75.88,1.41,0.0,19.25,34.25
2008-10-28,Madurai,9.9252,78.1198,Irrigated,25.68,30.97,21.69,72.93,1.49,0.0,21.08,34.17
2008-10-29,Madurai,9.9252,78.1198,Irrigated,25.03,30.64,19.39,68.31,1.09,0.0,20.13,34.08
2008-10-30,Madurai,9.9252,78.1198,Irrigated,24.73,30.88,19.3,70.22,1.39,0.01,20.44,34.0
2008-10-31,Madurai,9.9252,78.1198,Irrigated,24.62,31.14,18.58,66.41,1.29,0.0,23.02,33.91
2008-11-01,Madurai,9.9252,78.1198,Irrigated,24.76,31.38,18.98,65.72,1.05,0.0,20.73,33.83
2008-11-02,Madurai,9.9252,78.1198,Irrigated,23.77,30.89,17.53,64.28,1.53,0.0,20.93,33.74
2008-11-03,Madurai,9.9252,78.1198,Irrigated,24.88,31.48,18.31,56.23,1.23,0.0,21.17,33.65
2008-11-04,Madurai,9.9252,78.1198,Irrigated,24.7,31.4,18.89,62.2,1.34,0.0,20.81,33.57
2008-11-05,Madurai,9.9252,78.1198,Irrigated,24.13,31.28,18.21,68.52,1.46,0.01,19.8,33.48
2008-11-06,Madurai,9.9252,78.1198,Irrigated,24.25,31.1,18.44,71.78,1.54,0.19,20.67,33.4
2008-11-07,Madurai,9.9252,78.1198,Irrigated,25.19,32.06,19.34,75.2,1.72,0.04,19.82,33.31
2008-11-08,Madurai,9.9252,78.1198,Irrigated,25.78,31.85,21.17,78.21,2.0,2.03,19.25,33.23
2008-11-09,Madurai,9.9252,78.1198,Irrigated,26.07,32.35,21.59,77.39,1.95,4.69,19.46,33.15
2008-11-10,Madurai,9.9252,78.1198,Irrigated,25.49,30.93,22.05,81.06,2.02,1.83,13.96,33.07
2008-11-11,Madurai,9.9252,78.1198,Irrigated,25.24,32.26,20.83,73.68,2.14,0.39,19.85,32.98
2008-11-12,Madurai,9.9252,78.1198,Irrigated,24.47,30.47,19.53,70.41,1.96,1.5,12.3,32.9
2008-11-13,Madurai,9.9252,78.1198,Irrigated,25.0,29.68,20.88,75.18,1.16,0.73,16.56,32.82
2008-11-14,Madurai,9.9252,78.1198,Irrigated,26.35,31.99,21.17,71.04,1.07,0.0,14.5,32.74
2008-11-15,Madurai,9.9252,78.1198,Irrigated,27.04,33.38,21.42,67.49,0.97,0.0,19.16,32.66
2008-11-16,Madurai,9.9252,78.1198,Irrigated,26.86,34.01,20.76,66.03,1.2,0.0,19.61,32.58
2008-11-17,Madurai,9.9252,78.1198,Irrigated,26.31,32.46,21.33,74.8,1.58,3.29,19.08,32.51
2008-11-18,Madurai,9.9252,78.1198,Irrigated,26.56,32.15,22.63,78.21,1.76,2.15,17.75,32.43
2008-11-19,Madurai,9.9252,78.1198,Irrigated,25.24,28.84,22.52,88.08,1.92,6.39,6.7,32.36
2008-11-20,Madurai,9.9252,78.1198,Irrigated,24.97,27.75,23.0,90.73,2.02,6.2,8.96,32.28
2008-11-21,Madurai,9.9252,78.1198,Irrigated,24.98,29.01,22.57,85.72,2.05,1.79,15.39,32.21
2008-11-22,Madurai,9.9252,78.1198,Irrigated,23.77,26.93,21.48,89.28,2.5,3.72,11.02,32.14
2008-11-23,Madurai,9.9252,78.1198,Irrigated,23.95,26.7,22.23,89.39,2.82,25.8,7.07,32.07
2008-11-24,Madurai,9.9252,78.1198,Irrigated,23.6,26.47,21.41,90.4,2.99,33.99,6.46,32.01
2008-11-25,Madurai,9.9252,78.1198,Irrigated,23.75,27.3,21.92,87.17,3.8,38.68,4.28,31.94
2008-11-26,Madurai,9.9252,78.1198,Irrigated,22.92,24.87,21.18,91.37,4.14,49.87,2.58,31.88
2008-11-27,Madurai,9.9252,78.1198,Irrigated,24.1,27.12,21.91,89.7,2.17,76.89,8.61,31.82
2008-11-28,Madurai,9.9252,78.1198,Irrigated,24.8,28.25,22.71,92.24,1.95,9.55,16.21,31.76
2008-11-29,Madurai,9.9252,78.1198,Irrigated,24.9,28.56,22.43,90.6,1.6,1.21,16.19,31.71
2008-11-30,Madurai,9.9252,78.1198,Irrigated,24.31,26.8,22.71,92.95,2.55,0.54,17.3,31.65
2008-12-01,Madurai,9.9252,78.1198,Irrigated,24.86,28.87,21.57,88.42,1.63,0.49,20.08,31.6
2008-12-02,Madurai,9.9252,78.1198,Irrigated,23.77,28.35,20.14,86.76,1.67,0.01,19.89,31.55
2008-12-03,Madurai,9.9252,78.1198,Irrigated,22.26,27.58,18.07,85.07,1.48,0.0,20.64,31.51
2008-12-04,Madurai,9.9252,78.1198,Irrigated,21.74,27.27,16.54,85.23,1.62,0.0,20.3,31.46
2008-12-05,Madurai,9.9252,78.1198,Irrigated,21.85,27.02,16.88,86.37,2.06,0.0,17.82,31.42
2008-12-06,Madurai,9.9252,78.1198,Irrigated,22.48,26.9,18.72,86.7,2.27,4.63,12.41,31.38
2008-12-07,Madurai,9.9252,78.1198,Irrigated,23.34,27.32,19.73,87.23,2.44,1.5,5.15,31.34
2008-12-08,Madurai,9.9252,78.1198,Irrigated,23.85,26.18,21.6,93.55,2.72,6.31,9.69,31.31
2008-12-09,Madurai,9.9252,78.1198,Irrigated,23.96,26.21,22.66,94.89,2.29,4.19,12.27,31.28
2008-12-10,Madurai,9.9252,78.1198,Irrigated,23.51,25.36,22.06,94.9,2.2,4.13,13.2,31.25
2008-12-11,Madurai,9.9252,78.1198,Irrigated,23.22,27.88,18.98,87.16,2.02,0.0,18.34,31.22
2008-12-12,Madurai,9.9252,78.1198,Irrigated,22.43,27.64,17.21,86.83,1.83,0.0,17.66,31.2
2008-12-13,Madurai,9.9252,78.1198,Irrigated,23.7,28.06,19.63,87.94,2.2,0.76,15.88,31.17
2008-12-14,Madurai,9.9252,78.1198,Irrigated,23.57,27.88,20.48,88.94,2.85,4.45,11.07,31.16
2008-12-15,Madurai,9.9252,78.1198,Irrigated,23.32,27.31,20.72,90.56,2.87,7.22,14.33,31.14
2008-12-16,Madurai,9.9252,78.1198,Irrigated,23.1,26.65,20.82,90.58,2.33,0.76,10.14,31.13
2008-12-17,Madurai,9.9252,78.1198,Irrigated,23.14,27.78,20.17,87.61,3.03,0.0,10.9,31.12
2008-12-18,Madurai,9.9252,78.1198,Irrigated,22.65,26.58,19.34,87.72,3.23,0.73,7.06,31.11
2008-12-19,Madurai,9.9252,78.1198,Irrigated,22.98,27.62,19.6,86.83,2.96,0.04,7.8,31.11
2008-12-20,Madurai,9.9252,78.1198,Irrigated,22.72,27.8,18.83,85.86,2.09,0.08,20.26,31.1
2008-12-21,Madurai,9.9252,78.1198,Irrigated,22.57,27.76,18.22,86.05,1.87,0.06,20.11,31.11
2008-12-22,Madurai,9.9252,78.1198,Irrigated,21.18,26.9,16.36,82.13,1.76,0.0,21.13,31.11
2008-12-23,Madurai,9.9252,78.1198,Irrigated,21.35,27.24,15.87,85.71,2.19,0.09,19.55,31.12
2008-12-24,Madurai,9.9252,78.1198,Irrigated,22.6,28.05,18.09,87.77,2.08,0.24,17.59,31.13
2008-12-25,Madurai,9.9252,78.1198,Irrigated,22.92,27.81,19.31,87.22,2.48,0.16,18.96,31.14
2008-12-26,Madurai,9.9252,78.1198,Irrigated,22.04,27.57,17.47,83.01,1.7,0.06,21.55,31.16
2008-12-27,Madurai,9.9252,78.1198,Irrigated,21.3,27.25,16.52,81.12,1.8,0.0,20.86,31.18
2008-12-28,Madurai,9.9252,78.1198,Irrigated,20.49,27.36,14.85,78.05,1.68,0.0,20.84,31.2
2008-12-29,Madurai,9.9252,78.1198,Irrigated,19.91,26.89,13.64,80.1,1.92,0.0,21.19,31.23
2008-12-30,Madurai,9.9252,78.1198,Irrigated,20.5,26.86,15.14,81.59,1.94,0.0,18.29,31.26
2008-12-31,Madurai,9.9252,78.1198,Irrigated,20.27,26.48,14.56,79.57,1.83,0.0,21.33,31.29
2009-01-01,Madurai,9.9252,78.1198,Irrigated,21.6,28.04,15.57,80.29,1.94,0.0,21.21,31.32
2009-01-02,Madurai,9.9252,78.1198,Irrigated,22.02,28.14,16.48,79.42,2.01,0.0,20.33,31.36
2009-01-03,Madurai,9.9252,78.1198,Irrigated,21.78,28.01,16.18,80.7,2.03,0.0,18.26,31.4
2009-01-04,Madurai,9.9252,78.1198,Irrigated,21.58,28.08,15.62,78.52,2.07,0.0,21.81,31.44
2009-01-05,Madurai,9.9252,78.1198,Irrigated,21.79,28.38,16.98,77.35,2.0,0.0,20.7,31.48
2009-01-06,Madurai,9.9252,78.1198,Irrigated,21.55,28.88,15.33,77.99,1.71,0.09,20.29,31.53
2009-01-07,Madurai,9.9252,78.1198,Irrigated,22.89,28.78,17.32,85.18,2.13,0.75,15.48,31.58
2009-01-08,Madurai,9.9252,78.1198,Irrigated,23.96,29.76,19.92,80.52,2.23,0.04,19.13,31.64
2009-01-09,Madurai,9.9252,78.1198,Irrigated,22.17,25.42,19.58,87.67,2.29,0.05,14.84,31.69
2009-01-10,Madurai,9.9252,78.1198,Irrigated,23.45,29.38,19.47,79.63,2.87,0.0,19.17,31.75
2009-01-11,Madurai,9.9252,78.1198,Irrigated,23.22,29.78,18.13,81.01,2.64,0.09,17.9,31.81
2009-01-12,Madurai,9.9252,78.1198,Irrigated,22.62,28.89,17.53,79.47,2.83,0.04,21.78,31.87
2009-01-13,Madurai,9.9252,78.1198,Irrigated,22.88,29.45,16.98,73.98,3.15,0.07,20.91,31.93
2009-01-14,Madurai,9.9252,78.1198,Irrigated,23.05,29.07,18.6,73.97,3.26,0.13,18.37,32.0
2009-01-15,Madurai,9.9252,78.1198,Irrigated,22.39,27.57,18.67,81.11,3.48,3.76,15.29,32.07
2009-01-16,Madurai,9.9252,78.1198,Irrigated,22.59,29.38,16.91,75.66,2.74,0.1,22.09,32.14
2009-01-17,Madurai,9.9252,78.1198,Irrigated,22.74,29.71,16.48,75.74,2.56,0.0,20.75,32.21
2009-01-18,Madurai,9.9252,78.1198,Irrigated,22.68,29.82,16.62,74.57,2.46,0.0,19.05,32.28
2009-01-19,Madurai,9.9252,78.1198,Irrigated,22.62,29.74,16.89,75.9,2.58,0.0,19.65,32.36
2009-01-20,Madurai,9.9252,78.1198,Irrigated,22.13,29.62,15.85,74.17,2.48,0.0,22.05,32.43
2009-01-21,Madurai,9.9252,78.1198,Irrigated,21.89,30.15,15.23,74.32,2.16,0.0,22.5,32.51
2009-01-22,Madurai,9.9252,78.1198,Irrigated,21.45,27.91,15.95,77.41,1.75,0.0,21.47,32.59
2009-01-23,Madurai,9.9252,78.1198,Irrigated,21.72,28.52,15.89,78.32,1.8,0.0,21.64,32.67
2009-01-24,Madurai,9.9252,78.1198,Irrigated,22.53,30.55,15.23,74.61,2.02,0.0,22.04,32.76
2009-01-25,Madurai,9.9252,78.1198,Irrigated,23.77,31.45,17.23,72.5,1.94,0.0,19.18,32.84
2009-01-26,Madurai,9.9252,78.1198,Irrigated,24.12,30.42,18.34,79.85,1.97,2.64,12.03,32.93
2009-01-27,Madurai,9.9252,78.1198,Irrigated,25.1,30.51,20.87,81.08,1.84,0.42,14.65,33.01
2009-01-28,Madurai,9.9252,78.1198,Irrigated,26.12,32.87,21.33,77.55,1.79,0.06,17.18,33.1
2009-01-29,Madurai,9.9252,78.1198,Irrigated,25.34,32.74,19.53,73.7,1.73,0.0,19.52,33.19
2009-01-30,Madurai,9.9252,78.1198,Irrigated,23.73,32.65,16.87,66.61,1.74,0.0,22.81,33.28
2009-01-31,Madurai,9.9252,78.1198,Irrigated,23.14,32.32,16.14,67.55,1.78,0.0,21.82,33.37
2009-02-01,Madurai,9.9252,78.1198,Irrigated,23.42,32.34,16.36,69.36,1.57,0.0,23.23,33.46
2009-02-02,Madurai,9.9252,78.1198,Irrigated,23.32,32.46,15.49,68.51,1.81,0.0,23.51,33.55
2009-02-03,Madurai,9.9252,78.1198,Irrigated,23.97,32.79,16.64,68.99,1.77,0.0,22.89,33.65
2009-02-04,Madurai,9.9252,78.1198,Irrigated,24.62,32.55,19.23,68.8,1.56,0.0,22.41,33.74
2009-02-05,Madurai,9.9252,78.1198,Irrigated,24.08,33.03,17.64,63.49,1.97,0.0,23.59,33.83
2009-02-06,Madurai,9.9252,78.1198,Irrigated,23.55,32.7,15.94,65.76,2.18,0.0,23.41,33.93
2009-02-07,Madurai,9.9252,78.1198,Irrigated,23.97,32.46,17.52,68.81,2.26,0.0,22.91,34.02
2009-02-08,Madurai,9.9252,78.1198,Irrigated,24.15,31.98,18.04,68.67,2.41,0.0,21.73,34.12
2009-02-09,Madurai,9.9252,78.1198,Irrigated,23.74,32.36,17.24,66.24,2.64,0.0,23.41,34.21
2009-02-10,Madurai,9.9252,78.1198,Irrigated,23.27,32.04,15.83,64.1,2.08,0.0,23.68,34.3
2009-02-11,Madurai,9.9252,78.1198,Irrigated,24.01,33.59,15.93,60.29,1.8,0.0,24.45,34.4
2009-02-12,Madurai,9.9252,78.1198,Irrigated,24.94,33.97,17.96,57.38,1.42,0.0,24.1,34.49
2009-02-13,Madurai,9.9252,78.1198,Irrigated,25.66,34.71,18.83,58.24,1.57,0.0,24.06,34.58
2009-02-14,Madurai,9.9252,78.1198,Irrigated,25.38,34.18,18.46,59.2,1.72,0.0,24.62,34.67
2009-02-15,Madurai,9.9252,78.1198,Irrigated,25.1,34.29,17.75,54.66,2.01,0.0,24.95,34.77
2009-02-16,Madurai,9.9252,78.1198,Irrigated,24.48,33.67,16.53,58.86,1.97,0.0,24.61,34.86
2009-02-17,Madurai,9.9252,78.1198,Irrigated,24.79,33.41,18.53,66.05,2.61,0.0,23.27,34.95
2009-02-18,Madurai,9.9252,78.1198,Irrigated,24.56,33.44,17.25,64.21,2.48,0.0,23.69,35.04
2009-02-19,Madurai,9.9252,78.1198,Irrigated,24.83,34.16,17.82,64.75,2.74,0.0,24.17,35.13
2009-02-20,Madurai,9.9252,78.1198,Irrigated,25.81,33.96,18.9,69.04,2.5,0.0,20.8,35.22
2009-02-21,Madurai,9.9252,78.1198,Irrigated,27.23,35.07,20.81,66.67,2.5,0.0,18.98,35.3
2009-02-22,Madurai,9.9252,78.1198,Irrigated,27.65,36.07,21.43,65.39,2.48,0.0,20.84,35.39
2009-02-23,Madurai,9.9252,78.1198,Irrigated,28.14,36.32,21.55,64.15,1.92,0.0,19.62,35.48
2009-02-24,Madurai,9.9252,78.1198,Irrigated,28.87,37.43,21.73,59.04,1.53,0.0,22.03,35.56
2009-02-25,Madurai,9.9252,78.1198,Irrigated,29.49,38.29,22.58,53.75,1.74,0.0,23.92,35.65
2009-02-26,Madurai,9.9252,78.1198,Irrigated,28.81,36.3,23.01,55.25,1.54,0.0,23.97,35.73
2009-02-27,Madurai,9.9252,78.1198,Irrigated,28.25,37.47,21.19,51.66,1.69,0.0,24.12,35.81
2009-02-28,Madurai,9.9252,78.1198,Irrigated,27.78,37.38,19.62,47.88,1.64,0.0,25.89,35.89
2009-03-01,Madurai,9.9252,78.1198,Irrigated,28.66,38.88,20.97,42.1,1.68,0.0,25.55,35.97
2009-03-02,Madurai,9.9252,78.1198,Irrigated,28.85,38.66,21.02,46.63,1.63,0.0,25.11,36.05
2009-03-03,Madurai,9.9252,78.1198,Irrigated,28.75,37.97,20.94,44.45,1.6,0.0,24.85,36.13
2009-03-04,Madurai,9.9252,78.1198,Irrigated,28.5,38.4,20.49,44.86,1.61,0.0,25.38,36.2
2009-03-05,Madurai,9.9252,78.1198,Irrigated,28.87,38.72,20.85,40.45,1.54,0.0,25.63,36.28
2009-03-06,Madurai,9.9252,78.1198,Irrigated,29.48,39.36,22.59,35.22,1.94,0.0,26.01,36.35
2009-03-07,Madurai,9.9252,78.1198,Irrigated,29.25,39.04,21.58,39.77,2.06,0.0,25.51,36.42
2009-03-08,Madurai,9.9252,78.1198,Irrigated,28.43,37.87,20.73,49.37,1.88,0.0,20.95,36.49
2009-03-09,Madurai,9.9252,78.1198,Irrigated,26.26,33.3,20.9,65.8,2.83,5.0,11.07,36.56
2009-03-10,Madurai,9.9252,78.1198,Irrigated,24.93,32.62,19.74,66.32,4.12,4.31,14.25,36.63
2009-03-11,Madurai,9.9252,78.1198,Irrigated,24.95,28.22,22.76,83.85,3.42,2.95,18.61,36.69
2009-03-12,Madurai,9.9252,78.1198,Irrigated,27.06,32.7,23.1,72.21,1.1,1.59,23.4,36.75
2009-03-13,Madurai,9.9252,78.1198,Irrigated,26.31,31.2,22.11,72.05,1.27,2.67,21.97,36.81
2009-03-14,Madurai,9.9252,78.1198,Irrigated,26.7,32.89,22.46,73.22,1.65,4.13,15.38,36.87
2009-03-15,Madurai,9.9252,78.1198,Irrigated,27.5,34.44,22.21,67.79,1.31,0.35,21.5,36.93
2009-03-16,Madurai,9.9252,78.1198,Irrigated,28.08,35.55,22.4,64.63,1.54,0.04,24.1,36.98
2009-03-17,Madurai,9.9252,78.1198,Irrigated,27.48,36.21,20.97,58.75,1.52,0.0,23.85,37.04
2009-03-18,Madurai,9.9252,78.1198,Irrigated,27.82,37.15,20.18,52.94,1.66,0.0,24.85,37.09
2009-03-19,Madurai,9.9252,78.1198,Irrigated,28.49,37.5,21.2,54.0,1.58,0.0,25.51,37.13
2009-03-20,Madurai,9.9252,78.1198,Irrigated,28.67,37.85,20.25,50.93,1.68,0.0,24.54,37.18
2009-03-21,Madurai,9.9252,78.1198,Irrigated,29.57,38.66,21.5,47.84,1.99,0.0,24.54,37.23
2009-03-22,Madurai,9.9252,78.1198,Irrigated,29.67,37.53,23.16,53.68,2.1,0.38,24.06,37.27
2009-03-23,Madurai,9.9252,78.1198,Irrigated,29.15,37.38,22.83,55.34,2.04,0.31,22.93,37.31
2009-03-24,Madurai,9.9252,78.1198,Irrigated,29.18,37.04,22.69,57.04,2.08,0.58,20.12,37.35
2009-03-25,Madurai,9.9252,78.1198,Irrigated,29.45,37.78,22.51,55.16,2.0,0.02,23.34,37.39
2009-03-26,Madurai,9.9252,78.1198,Irrigated,30.3,38.66,22.96,51.36,1.96,0.0,22.57,37.43
2009-03-27,Madurai,9.9252,78.1198,Irrigated,30.69,38.06,24.09,52.25,1.59,0.29,23.43,37.46
2009-03-28,Madurai,9.9252,78.1198,Irrigated,31.14,39.16,24.82,50.4,2.29,0.01,23.02,37.5
2009-03-29,Madurai,9.9252,78.1198,Irrigated,30.24,38.47,24.16,53.14,1.98,0.19,23.07,37.53
2009-03-30,Madurai,9.9252,78.1198,Irrigated,30.08,38.47,23.32,51.69,2.01,0.15,24.8,37.55
2009-03-31,Madurai,9.9252,78.1198,Irrigated,30.03,38.87,23.3,49.84,1.99,0.0,25.07,37.58
2009-04-01,Madurai,9.9252,78.1198,Irrigated,30.56,40.0,22.74,46.4,2.02,0.0,26.3,37.61
2009-04-02,Madurai,9.9252,78.1198,Irrigated,30.21,39.43,22.59,51.82,2.13,0.0,25.28,37.63
2009-04-03,Madurai,9.9252,78.1198,Irrigated,30.06,38.54,23.23,53.03,2.03,0.02,24.41,37.65
2009-04-04,Madurai,9.9252,78.1198,Irrigated,30.27,38.95,22.4,52.46,1.88,0.04,25.42,37.67
2009-04-05,Madurai,9.9252,78.1198,Irrigated,30.78,39.01,23.98,54.22,2.13,0.68,22.24,37.69
2009-04-06,Madurai,9.9252,78.1198,Irrigated,30.35,36.87,25.16,55.52,1.73,0.52,25.47,37.71
2009-04-07,Madurai,9.9252,78.1198,Irrigated,30.92,39.27,24.72,55.25,2.43,0.56,26.0,37.72
2009-04-08,Madurai,9.9252,78.1198,Irrigated,30.4,37.61,24.77,57.98,2.32,0.27,19.04,37.73
2009-04-09,Madurai,9.9252,78.1198,Irrigated,29.88,36.15,25.44,58.94,2.32,1.61,20.52,37.75
2009-04-10,Madurai,9.9252,78.1198,Irrigated,28.49,35.5,24.08,65.32,2.4,6.64,8.56,37.76
2009-04-11,Madurai,9.9252,78.1198,Irrigated,25.57,29.0,23.06,74.18,1.35,13.55,5.93,37.76
2009-04-12,Madurai,9.9252,78.1198,Irrigated,27.78,34.45,22.03,58.96,1.28,1.05,15.46,37.77
2009-04-13,Madurai,9.9252,78.1198,Irrigated,30.29,38.25,23.55,58.38,1.51,1.12,15.49,37.77
2009-04-14,Madurai,9.9252,78.1198,Irrigated,31.19,39.5,24.37,54.58,2.1,0.68,21.23,37.77
2009-04-15,Madurai,9.9252,78.1198,Irrigated,32.14,39.91,25.32,53.0,1.21,0.0,22.28,37.77
2009-04-16,Madurai,9.9252,78.1198,Irrigated,31.07,36.47,26.9,55.8,1.51,0.0,19.34,37.77
2009-04-17,Madurai,9.9252,78.1198,Irrigated,30.34,35.63,25.52,58.35,1.51,0.0,22.49,37.77
2009-04-18,Madurai,9.9252,78.1198,Irrigated,31.6,39.45,25.31,54.56,2.17,0.01,23.95,37.77
2009-04-19,Madurai,9.9252,78.1198,Irrigated,31.52,38.06,26.04,54.13,2.46,0.51,24.7,37.76
2009-04-20,Madurai,9.9252,78.1198,Irrigated,30.36,34.72,26.02,60.74,1.19,0.94,24.93,37.75
2009-04-21,Madurai,9.9252,78.1198,Irrigated,30.37,34.69,26.2,60.34,1.26,0.16,22.55,37.75
2009-04-22,Madurai,9.9252,78.1198,Irrigated,31.47,37.74,25.57,52.97,1.38,0.02,23.71,37.74
2009-04-23,Madurai,9.9252,78.1198,Irrigated,32.32,39.87,25.62,50.31,1.66,0.0,25.11,37.73
2009-04-24,Madurai,9.9252,78.1198,Irrigated,32.16,39.18,26.69,51.47,1.95,0.0,25.42,37.72
2009-04-25,Madurai,9.9252,78.1198,Irrigated,32.59,40.65,25.44,49.75,2.33,0.01,22.99,37.7
2009-04-26,Madurai,9.9252,78.1198,Irrigated,32.09,39.77,25.93,54.13,2.45,0.0,23.93,37.69
2009-04-27,Madurai,9.9252,78.1198,Irrigated,31.67,39.56,25.7,54.53,2.26,0.0,23.27,37.68
2009-04-28,Madurai,9.9252,78.1198,Irrigated,32.14,40.7,25.17,51.15,2.46,0.02,24.28,37.66
2009-04-29,Madurai,9.9252,78.1198,Irrigated,32.67,40.85,25.55,49.37,2.33,0.01,23.78,37.64
2009-04-30,Madurai,9.9252,78.1198,Irrigated,33.09,40.5,26.59,47.38,1.79,0.03,22.27,37.63
2009-05-01,Madurai,9.9252,78.1198,Irrigated,33.62,40.71,26.79,45.85,1.51,0.0,24.29,37.61
2009-05-02,Madurai,9.9252,78.1198,Irrigated,34.44,42.45,27.0,43.28,1.59,0.0,24.52,37.59
2009-05-03,Madurai,9.9252,78.1198,Irrigated,33.83,41.49,28.16,46.05,1.89,0.0,25.16,37.57
2009-05-04,Madurai,9.9252,78.1198,Irrigated,33.67,41.14,26.89,44.93,1.54,0.66,24.48,37.55
2009-05-05,Madurai,9.9252,78.1198,Irrigated,33.48,40.89,27.21,43.72,1.61,0.02,23.23,37.53
2009-05-06,Madurai,9.9252,78.1198,Irrigated,33.01,38.41,27.6,44.34,1.66,0.0,22.99,37.51
2009-05-07,Madurai,9.9252,78.1198,Irrigated,33.85,40.33,27.65,41.12,1.47,0.0,23.89,37.49
2009-05-08,Madurai,9.9252,78.1198,Irrigated,32.58,37.67,27.62,47.7,1.39,1.81,24.47,37.47
2009-05-09,Madurai,9.9252,78.1198,Irrigated,31.38,35.83,27.41,53.96,1.95,0.43,23.83,37.44
2009-05-10,Madurai,9.9252,78.1198,Irrigated,33.19,40.84,26.0,47.05,1.18,0.0,22.9,37.42
2009-05-11,Madurai,9.9252,78.1198,Irrigated,33.72,40.0,27.56,44.42,1.56,0.0,23.44,37.4
2009-05-12,Madurai,9.9252,78.1198,Irrigated,34.15,41.5,27.34,45.0,1.66,0.71,23.39,37.37
2009-05-13,Madurai,9.9252,78.1198,Irrigated,33.59,40.06,28.93,45.64,1.43,0.02,19.95,37.35
2009-05-14,Madurai,9.9252,78.1198,Irrigated,32.78,38.07,27.85,48.31,1.65,0.0,22.94,37.32
2009-05-15,Madurai,9.9252,78.1198,Irrigated,29.44,33.16,26.49,61.75,2.13,8.45,21.86,37.3
2009-05-16,Madurai,9.9252,78.1198,Irrigated,30.55,37.67,24.79,55.76,1.88,1.4,20.96,37.27
2009-05-17,Madurai,9.9252,78.1198,Irrigated,30.98,37.15,25.45,56.04,1.21,0.06,21.24,37.25
2009-05-18,Madurai,9.9252,78.1198,Irrigated,30.57,34.77,26.46,59.28,1.4,2.2,19.34,37.22
2009-05-19,Madurai,9.9252,78.1198,Irrigated,28.6,32.91,25.39,68.61,1.27,3.51,18.36,37.19
2009-05-20,Madurai,9.9252,78.1198,Irrigated,27.96,33.25,24.66,64.43,2.84,2.77,16.9,37.17
2009-05-21,Madurai,9.9252,78.1198,Irrigated,27.55,32.04,24.15,70.26,1.35,0.14,18.97,37.14
2009-05-22,Madurai,9.9252,78.1198,Irrigated,29.14,35.42,23.75,65.57,1.95,1.09,20.38,37.11
2009-05-23,Madurai,9.9252,78.1198,Irrigated,30.39,37.48,24.59,60.36,2.06,1.34,23.0,37.09
2009-05-24,Madurai,9.9252,78.1198,Irrigated,28.95,35.35,24.69,63.14,3.01,3.38,19.59,37.06
2009-05-25,Madurai,9.9252,78.1198,Irrigated,28.87,35.93,24.3,63.58,3.8,4.12,17.78,37.04
2009-05-26,Madurai,9.9252,78.1198,Irrigated,29.06,34.34,24.96,67.67,2.73,0.98,17.18,37.01
2009-05-27,Madurai,9.9252,78.1198,Irrigated,29.82,35.95,24.66,59.06,2.36,0.03,20.46,36.99
2009-05-28,Madurai,9.9252,78.1198,Irrigated,30.61,36.69,24.85,59.0,1.55,0.0,24.1,36.97
2009-05-29,Madurai,9.9252,78.1198,Irrigated,30.98,36.77,25.99,56.68,2.25,0.39,24.25,36.95
2009-05-30,Madurai,9.9252,78.1198,Irrigated,29.77,34.08,26.72,64.91,1.69,2.13,19.84,36.92
2009-05-31,Madurai,9.9252,78.1198,Irrigated,29.76,35.6,25.09,61.21,1.83,0.14,22.87,36.9
2009-06-01,Madurai,9.9252,78.1198,Irrigated,30.95,39.15,23.61,55.19,2.61,0.09,25.13,36.88
2009-06-02,Madurai,9.9252,78.1198,Irrigated,31.06,39.15,24.27,51.44,2.89,0.02,25.5,36.86
2009-06-03,Madurai,9.9252,78.1198,Irrigated,32.07,41.1,24.23,49.78,3.45,0.05,24.67,36.84
2009-06-04,Madurai,9.9252,78.1198,Irrigated,32.05,40.2,26.19,49.28,4.08,0.01,25.06,36.82
2009-06-05,Madurai,9.9252,78.1198,Irrigated,30.89,38.64,25.55,53.42,4.39,1.36,24.07,36.8
2009-06-06,Madurai,9.9252,78.1198,Irrigated,28.28,32.35,24.95,59.92,4.71,2.67,15.68,36.79
2009-06-07,Madurai,9.9252,78.1198,Irrigated,28.46,34.62,23.94,55.45,4.5,1.14,21.24,36.77
2009-06-08,Madurai,9.9252,78.1198,Irrigated,29.7,37.39,23.75,57.67,4.03,0.36,22.61,36.75
2009-06-09,Madurai,9.9252,78.1198,Irrigated,30.87,39.17,24.03,51.58,3.4,0.28,24.34,36.74
2009-06-10,Madurai,9.9252,78.1198,Irrigated,30.94,36.53,25.91,55.23,2.13,0.02,23.7,36.72
2009-06-11,Madurai,9.9252,78.1198,Irrigated,28.94,33.3,25.75,61.61,1.48,3.03,22.62,36.71
2009-06-12,Madurai,9.9252,78.1198,Irrigated,30.16,38.17,23.48,60.03,2.13,0.9,23.08,36.69
2009-06-13,Madurai,9.9252,78.1198,Irrigated,30.31,37.11,24.53,55.69,2.23,0.07,21.27,36.68
2009-06-14,Madurai,9.9252,78.1198,Irrigated,31.06,38.48,24.97,53.27,2.6,0.0,23.5,36.67
2009-06-15,Madurai,9.9252,78.1198,Irrigated,30.18,36.2,25.6,55.3,3.31,0.32,23.07,36.66
2009-06-16,Madurai,9.9252,78.1198,Irrigated,29.81,37.14,24.1,58.06,3.98,0.37,25.11,36.65
2009-06-17,Madurai,9.9252,78.1198,Irrigated,29.84,36.45,24.89,57.9,3.51,0.55,22.99,36.64
2009-06-18,Madurai,9.9252,78.1198,Irrigated,28.4,33.72,24.59,66.64,2.9,10.28,24.09,36.63
2009-06-19,Madurai,9.9252,78.1198,Irrigated,27.02,30.94,23.73,74.95,2.47,1.35,22.1,36.62
2009-06-20,Madurai,9.9252,78.1198,Irrigated,28.43,34.14,23.43,67.38,2.79,0.31,21.96,36.61
2009-06-21,Madurai,9.9252,78.1198,Irrigated,28.44,34.38,24.0,66.71,2.51,0.5,23.76,36.61
2009-06-22,Madurai,9.9252,78.1198,Irrigated,27.76,32.36,23.75,70.52,2.43,0.19,22.58,36.61
2009-06-23,Madurai,9.9252,78.1198,Irrigated,28.7,34.78,23.83,63.37,2.84,0.85,21.39,36.6
2009-06-24,Madurai,9.9252,78.1198,Irrigated,29.29,36.62,24.33,56.69,3.13,0.3,22.63,36.6
2009-06-25,Madurai,9.9252,78.1198,Irrigated,28.78,34.93,23.77,53.67,3.85,0.65,22.07,36.6
2009-06-26,Madurai,9.9252,78.1198,Irrigated,27.84,33.34,24.49,60.13,3.56,0.19,21.19,36.6
2009-06-27,Madurai,9.9252,78.1198,Irrigated,28.38,35.23,23.53,55.8,3.08,0.32,20.07,36.6
2009-06-28,Madurai,9.9252,78.1198,Irrigated,29.75,38.15,22.49,50.71,3.67,0.18,23.53,36.6
2009-06-29,Madurai,9.9252,78.1198,Irrigated,30.25,38.21,23.9,54.96,2.88,2.4,22.56,36.61
2009-06-30,Madurai,9.9252,78.1198,Irrigated,29.37,35.0,25.71,58.64,3.37,2.41,19.97,36.61
2009-07-01,Madurai,9.9252,78.1198,Irrigated,27.78,32.82,24.42,63.16,3.39,1.14,21.21,36.62
2009-07-02,Madurai,9.9252,78.1198,Irrigated,27.93,33.27,23.83,62.31,3.81,1.41,19.13,36.62
2009-07-03,Madurai,9.9252,78.1198,Irrigated,28.05,34.66,23.72,62.6,3.13,0.62,20.46,36.63
2009-07-04,Madurai,9.9252,78.1198,Irrigated,27.64,31.96,24.12,65.19,3.39,0.33,18.47,36.63
2009-07-05,Madurai,9.9252,78.1198,Irrigated,28.01,33.9,23.84,60.41,3.55,1.38,14.95,36.64
2009-07-06,Madurai,9.9252,78.1198,Irrigated,28.07,33.41,24.36,62.74,3.15,0.34,14.97,36.65
2009-07-07,Madurai,9.9252,78.1198,Irrigated,27.84,33.41,23.82,62.06,2.88,0.12,16.58,36.66
2009-07-08,Madurai,9.9252,78.1198,Irrigated,28.87,36.28,23.55,57.3,3.3,2.46,19.35,36.67
2009-07-09,Madurai,9.9252,78.1198,Irrigated,28.2,34.36,23.54,59.73,3.4,0.64,19.47,36.68
2009-07-10,Madurai,9.9252,78.1198,Irrigated,29.63,37.83,22.6,51.1,2.84,0.02,17.64,36.69
2009-07-11,Madurai,9.9252,78.1198,Irrigated,29.34,35.66,24.05,57.67,2.54,0.01,21.93,36.7
2009-07-12,Madurai,9.9252,78.1198,Irrigated,29.24,36.01,23.86,55.88,3.51,0.44,22.22,36.71
2009-07-13,Madurai,9.9252,78.1198,Irrigated,29.79,37.17,24.63,54.9,4.27,0.49,22.14,36.73
2009-07-14,Madurai,9.9252,78.1198,Irrigated,28.69,33.15,25.49,56.52,4.68,0.06,20.51,36.74
2009-07-15,Madurai,9.9252,78.1198,Irrigated,27.67,32.36,24.61,58.22,4.57,1.5,17.64,36.75
2009-07-16,Madurai,9.9252,78.1198,Irrigated,28.16,34.53,23.8,61.03,4.03,2.68,19.29,36.77
2009-07-17,Madurai,9.9252,78.1198,Irrigated,27.05,31.15,24.09,71.74,3.32,4.69,17.92,36.78
2009-07-18,Madurai,9.9252,78.1198,Irrigated,28.02,34.38,23.79,62.57,4.32,0.21,17.16,36.8
2009-07-19,Madurai,9.9252,78.1198,Irrigated,27.93,33.62,23.51,59.35,4.3,0.08,21.64,36.81
2009-07-20,Madurai,9.9252,78.1198,Irrigated,28.97,36.07,23.27,56.28,4.17,0.29,19.87,36.83
2009-07-21,Madurai,9.9252,78.1198,Irrigated,29.19,36.91,23.88,51.67,4.68,0.02,21.21,36.84
2009-07-22,Madurai,9.9252,78.1198,Irrigated,29.32,37.49,22.52,50.77,4.19,0.01,21.32,36.86
2009-07-23,Madurai,9.9252,78.1198,Irrigated,29.87,37.6,24.11,49.56,3.72,0.09,21.54,36.88
2009-07-24,Madurai,9.9252,78.1198,Irrigated,29.94,36.62,24.16,48.25,2.1,0.0,22.66,36.9
2009-07-25,Madurai,9.9252,78.1198,Irrigated,31.62,39.15,24.64,48.02,1.67,0.0,22.27,36.91
2009-07-26,Madurai,9.9252,78.1198,Irrigated,30.56,36.13,25.93,49.37,2.24,0.0,20.88,36.93
2009-07-27,Madurai,9.9252,78.1198,Irrigated,30.36,37.19,24.91,53.71,3.29,0.19,21.15,36.95
2009-07-28,Madurai,9.9252,78.1198,Irrigated,30.42,37.32,24.42,54.32,2.94,0.37,22.01,36.97
2009-07-29,Madurai,9.9252,78.1198,Irrigated,29.85,36.26,24.46,57.45,2.48,2.43,19.65,36.99
2009-07-30,Madurai,9.9252,78.1198,Irrigated,30.09,36.33,24.33,51.96,2.71,0.09,20.79,37.0
2009-07-31,Madurai,9.9252,78.1198,Irrigated,29.38,35.22,25.16,57.89,2.54,2.96,18.21,37.02
2009-08-01,Madurai,9.9252,78.1198,Irrigated,28.82,34.26,24.73,55.43,3.8,0.1,20.6,37.04
2009-08-02,Madurai,9.9252,78.1198,Irrigated,29.24,35.86,23.66,54.58,3.34,0.0,20.41,37.05
2009-08-03,Madurai,9.9252,78.1198,Irrigated,30.68,38.72,24.02,53.61,3.24,0.0,24.04,37.07
2009-08-04,Madurai,9.9252,78.1198,Irrigated,29.95,36.99,24.43,55.32,3.66,0.24,22.44,37.09
2009-08-05,Madurai,9.9252,78.1198,Irrigated,30.07,37.68,24.32,54.53,3.6,0.13,21.71,37.1
2009-08-06,Madurai,9.9252,78.1198,Irrigated,30.87,39.01,25.11,52.81,3.05,0.0,21.12,37.12
2009-08-07,Madurai,9.9252,78.1198,Irrigated,30.81,37.51,25.43,50.91,3.27,0.0,22.01,37.13
2009-08-08,Madurai,9.9252,78.1198,Irrigated,30.5,37.3,24.66,53.08,2.74,0.0,22.78,37.15
2009-08-09,Madurai,9.9252,78.1198,Irrigated,31.16,38.75,25.17,51.46,2.9,0.0,22.19,37.16
2009-08-10,Madurai,9.9252,78.1198,Irrigated,31.23,39.16,25.55,52.25,3.58,0.51,20.63,37.17
2009-08-11,Madurai,9.9252,78.1198,Irrigated,31.19,38.03,25.77,52.59,2.13,0.52,20.01,37.18
2009-08-12,Madurai,9.9252,78.1198,Irrigated,31.26,37.0,26.28,51.11,2.31,0.47,22.29,37.2
2009-08-13,Madurai,9.9252,78.1198,Irrigated,29.42,34.36,26.18,62.13,1.51,19.15,20.69,37.21
2009-08-14,Madurai,9.9252,78.1198,Irrigated,28.43,33.2,24.93,69.5,1.52,1.75,22.08,37.22
2009-08-15,Madurai,9.9252,78.1198,Irrigated,27.87,32.52,24.78,65.47,1.78,0.07,14.35,37.22
2009-08-16,Madurai,9.9252,78.1198,Irrigated,27.94,33.63,23.6,66.51,1.51,17.45,15.3,37.23
2009-08-17,Madurai,9.9252,78.1198,Irrigated,25.96,29.98,22.84,73.82,1.59,1.49,10.73,37.24
2009-08-18,Madurai,9.9252,78.1198,Irrigated,27.77,33.69,22.86,68.54,1.69,1.69,20.19,37.25
2009-08-19,Madurai,9.9252,78.1198,Irrigated,27.9,33.98,23.22,67.51,1.76,0.19,23.2,37.25
2009-08-20,Madurai,9.9252,78.1198,Irrigated,26.16,29.38,23.61,78.85,1.06,4.01,21.01,37.26
2009-08-21,Madurai,9.9252,78.1198,Irrigated,26.46,31.17,22.82,74.42,3.02,1.01,21.23,37.26
2009-08-22,Madurai,9.9252,78.1198,Irrigated,26.86,32.76,21.73,68.63,2.8,0.34,23.58,37.27
2009-08-23,Madurai,9.9252,78.1198,Irrigated,27.61,34.82,21.83,69.29,2.95,5.19,23.85,37.27
2009-08-24,Madurai,9.9252,78.1198,Irrigated,28.13,34.75,23.16,66.01,3.11,0.16,22.18,37.27
2009-08-25,Madurai,9.9252,78.1198,Irrigated,28.6,36.2,22.44,61.79,2.86,0.1,21.37,37.27
2009-08-26,Madurai,9.9252,78.1198,Irrigated,27.44,32.83,23.77,66.32,2.59,0.86,21.79,37.27
2009-08-27,Madurai,9.9252,78.1198,Irrigated,27.85,34.92,22.34,63.12,2.37,0.28,21.83,37.27
2009-08-28,Madurai,9.9252,78.1198,Irrigated,28.91,36.95,22.6,61.67,2.5,0.06,23.82,37.26
2009-08-29,Madurai,9.9252,78.1198,Irrigated,29.15,36.7,22.93,60.12,2.46,0.31,24.59,37.26
2009-08-30,Madurai,9.9252,78.1198,Irrigated,29.19,36.36,23.07,61.45,1.44,0.04,21.13,37.25
2009-08-31,Madurai,9.9252,78.1198,Irrigated,27.82,32.2,24.33,67.79,1.65,1.55,16.07,37.24
2009-09-01,Madurai,9.9252,78.1198,Irrigated,28.03,33.85,23.68,67.95,2.17,1.46,16.39,37.23
2009-09-02,Madurai,9.9252,78.1198,Irrigated,27.51,33.42,23.75,65.85,2.76,1.93,17.25,37.22
2009-09-03,Madurai,9.9252,78.1198,Irrigated,28.42,35.2,23.4,61.29,3.08,0.29,20.74,37.21
2009-09-04,Madurai,9.9252,78.1198,Irrigated,27.68,33.56,23.98,61.96,4.17,0.21,20.09,37.2
2009-09-05,Madurai,9.9252,78.1198,Irrigated,28.44,34.4,23.96,60.11,4.62,0.25,20.89,37.18
2009-09-06,Madurai,9.9252,78.1198,Irrigated,28.38,33.94,24.86,61.94,4.03,0.4,21.01,37.16
2009-09-07,Madurai,9.9252,78.1198,Irrigated,28.94,36.56,23.24,61.54,3.58,0.01,22.68,37.14
2009-09-08,Madurai,9.9252,78.1198,Irrigated,29.73,37.87,23.62,57.89,2.87,0.0,21.07,37.12
2009-09-09,Madurai,9.9252,78.1198,Irrigated,30.18,38.52,22.98,55.74,1.64,0.0,24.03,37.1
2009-09-10,Madurai,9.9252,78.1198,Irrigated,30.1,37.6,22.76,53.96,0.96,0.0,24.14,37.08
2009-09-11,Madurai,9.9252,78.1198,Irrigated,31.44,39.17,23.79,49.37,1.01,0.0,24.44,37.05
2009-09-12,Madurai,9.9252,78.1198,Irrigated,31.26,38.12,25.57,53.98,1.75,2.86,23.0,37.02
2009-09-13,Madurai,9.9252,78.1198,Irrigated,31.24,37.4,26.01,57.01,0.93,0.52,21.82,36.99
2009-09-14,Madurai,9.9252,78.1198,Irrigated,30.86,36.79,26.06,55.51,1.66,0.04,22.16,36.97
2009-09-15,Madurai,9.9252,78.1198,Irrigated,30.71,37.38,24.39,52.65,0.93,1.59,21.77,36.93
2009-09-16,Madurai,9.9252,78.1198,Irrigated,29.25,34.52,25.36,66.12,1.42,16.46,19.77,36.9
2009-09-17,Madurai,9.9252,78.1198,Irrigated,27.55,31.52,24.85,75.83,1.41,4.92,21.35,36.87
2009-09-18,Madurai,9.9252,78.1198,Irrigated,28.08,33.64,24.1,71.04,1.71,6.9,19.99,36.83
2009-09-19,Madurai,9.9252,78.1198,Irrigated,28.2,33.59,23.59,67.83,1.11,0.4,21.22,36.79
2009-09-20,Madurai,9.9252,78.1198,Irrigated,28.63,35.49,23.13,65.47,1.24,2.25,23.34,36.75
2009-09-21,Madurai,9.9252,78.1198,Irrigated,28.97,34.37,24.3,67.75,0.93,0.1,19.84,36.71
2009-09-22,Madurai,9.9252,78.1198,Irrigated,28.08,32.72,24.96,69.3,1.75,0.64,18.54,36.67
2009-09-23,Madurai,9.9252,78.1198,Irrigated,28.63,34.11,24.01,68.17,1.47,1.69,21.73,36.62
2009-09-24,Madurai,9.9252,78.1198,Irrigated,27.54,32.2,24.57,72.07,1.11,0.07,21.28,36.58
2009-09-25,Madurai,9.9252,78.1198,Irrigated,28.19,34.91,23.43,65.85,2.06,8.37,23.2,36.53
2009-09-26,Madurai,9.9252,78.1198,Irrigated,27.81,34.96,22.69,66.16,2.53,3.85,22.16,36.48
2009-09-27,Madurai,9.9252,78.1198,Irrigated,27.74,32.72,23.34,70.07,2.1,0.91,20.24,36.43
2009-09-28,Madurai,9.9252,78.1198,Irrigated,28.89,35.18,24.06,67.7,2.06,0.18,21.81,36.38
2009-09-29,Madurai,9.9252,78.1198,Irrigated,28.63,36.4,23.82,63.22,2.86,0.02,22.44,36.33
2009-09-30,Madurai,9.9252,78.1198,Irrigated,28.25,35.64,23.04,64.41,3.1,0.09,22.35,36.27
2009-10-01,Madurai,9.9252,78.1198,Irrigated,27.85,34.84,23.45,63.82,3.88,0.9,20.11,36.21
2009-10-02,Madurai,9.9252,78.1198,Irrigated,26.79,31.16,23.02,71.58,3.46,0.49,16.94,36.15
2009-10-03,Madurai,9.9252,78.1198,Irrigated,28.07,34.33,24.02,62.64,4.38,0.45,23.26,36.09
2009-10-04,Madurai,9.9252,78.1198,Irrigated,28.52,36.84,22.3,61.99,3.25,0.0,24.23,36.03
2009-10-05,Madurai,9.9252,78.1198,Irrigated,28.74,37.95,21.81,59.94,2.77,0.0,23.4,35.96
2009-10-06,Madurai,9.9252,78.1198,Irrigated,28.82,36.46,20.96,57.99,1.55,0.0,24.23,35.9
2009-10-07,Madurai,9.9252,78.1198,Irrigated,29.86,38.12,22.47,55.08,1.17,0.0,23.38,35.83
2009-10-08,Madurai,9.9252,78.1198,Irrigated,29.29,35.97,24.0,61.62,1.07,6.72,22.85,35.76
2009-10-09,Madurai,9.9252,78.1198,Irrigated,29.81,36.09,24.33,62.35,0.71,0.01,22.37,35.69
2009-10-10,Madurai,9.9252,78.1198,Irrigated,29.8,36.38,24.75,61.36,1.24,1.39,22.95,35.62
2009-10-11,Madurai,9.9252,78.1198,Irrigated,29.57,35.87,24.43,62.22,1.15,1.03,22.2,35.55
2009-10-12,Madurai,9.9252,78.1198,Irrigated,28.97,34.98,24.34,63.46,1.87,1.37,20.09,35.48
2009-10-13,Madurai,9.9252,78.1198,Irrigated,28.28,33.66,23.6,66.28,1.48,0.18,20.47,35.4
2009-10-14,Madurai,9.9252,78.1198,Irrigated,28.88,34.62,24.03,62.25,1.44,0.01,21.78,35.33
2009-10-15,Madurai,9.9252,78.1198,Irrigated,28.94,34.45,24.53,60.87,1.37,0.0,20.49,35.25
2009-10-16,Madurai,9.9252,78.1198,Irrigated,29.97,37.1,24.06,53.13,1.12,0.0,22.55,35.18
2009-10-17,Madurai,9.9252,78.1198,Irrigated,30.27,37.19,23.79,53.3,1.54,0.0,21.41,35.1
2009-10-18,Madurai,9.9252,78.1198,Irrigated,30.7,37.72,25.1,52.63,1.85,0.17,20.09,35.02
2009-10-19,Madurai,9.9252,78.1198,Irrigated,30.39,37.09,25.31,52.8,1.85,0.48,17.92,34.94
2009-10-20,Madurai,9.9252,78.1198,Irrigated,30.47,37.81,24.17,52.69,2.02,0.0,22.43,34.86
2009-10-21,Madurai,9.9252,78.1198,Irrigated,30.44,37.23,25.07,50.06,2.01,0.0,19.94,34.78
2009-10-22,Madurai,9.9252,78.1198,Irrigated,30.03,37.08,23.51,47.63,2.38,0.0,20.3,34.7
2009-10-23,Madurai,9.9252,78.1198,Irrigated,29.58,36.65,23.32,46.38,2.0,0.0,20.63,34.61
2009-10-24,Madurai,9.9252,78.1198,Irrigated,29.25,35.91,23.41,50.15,1.55,0.0,18.59,34.53
2009-10-25,Madurai,9.9252,78.1198,Irrigated,29.67,36.27,24.06,51.54,1.48,0.03,18.36,34.45
2009-10-26,Madurai,9.9252,78.1198,Irrigated,30.11,37.06,24.64,50.75,2.33,0.08,19.67,34.36
2009-10-27,Madurai,9.9252,78.1198,Irrigated,29.95,37.24,23.95,55.52,2.15,0.41,20.79,34.27
2009-10-28,Madurai,9.9252,78.1198,Irrigated,27.86,33.64,24.23,69.49,2.58,7.14,17.19,34.19
2009-10-29,Madurai,9.9252,78.1198,Irrigated,25.89,30.25,23.23,82.46,2.67,15.92,15.09,34.11
2009-10-30,Madurai,9.9252,78.1198,Irrigated,26.31,32.33,22.13,73.06,2.64,5.35,17.82,34.02
2009-10-31,Madurai,9.9252,78.1198,Irrigated,26.26,31.49,22.9,79.39,2.49,8.95,11.68,33.93
2009-11-01,Madurai,9.9252,78.1198,Irrigated,26.27,31.2,22.59,77.33,2.36,4.33,19.42,33.85
2009-11-02,Madurai,9.9252,78.1198,Irrigated,26.97,33.24,22.72,73.53,3.43,2.16,20.66,33.76
2009-11-03,Madurai,9.9252,78.1198,Irrigated,26.48,32.0,22.54,77.99,2.84,5.64,15.77,33.68
2009-11-04,Madurai,9.9252,78.1198,Irrigated,25.06,28.36,23.45,89.26,2.64,27.08,13.07,33.59
2009-11-05,Madurai,9.9252,78.1198,Irrigated,25.33,29.91,22.69,84.57,2.49,18.35,12.87,33.5
2009-11-06,Madurai,9.9252,78.1198,Irrigated,24.68,28.18,22.37,88.36,1.9,11.8,12.0,33.42
2009-11-07,Madurai,9.9252,78.1198,Irrigated,24.86,28.18,21.99,88.51,2.82,29.25,10.95,33.33
2009-11-08,Madurai,9.9252,78.1198,Irrigated,24.76,26.5,23.79,94.75,3.34,36.76,6.3,33.25
2009-11-09,Madurai,9.9252,78.1198,Irrigated,24.8,26.95,23.44,92.32,3.27,26.02,13.68,33.16
2009-11-10,Madurai,9.9252,78.1198,Irrigated,25.13,29.27,22.04,84.46,2.07,7.45,16.56,33.08
2009-11-11,Madurai,9.9252,78.1198,Irrigated,25.35,30.05,20.94,80.59,0.76,7.21,19.35,33.0
2009-11-12,Madurai,9.9252,78.1198,Irrigated,25.88,29.61,22.61,84.57,0.95,2.5,18.57,32.92
2009-11-13,Madurai,9.9252,78.1198,Irrigated,25.04,28.38,22.8,88.74,1.43,1.95,11.99,32.83
2009-11-14,Madurai,9.9252,78.1198,Irrigated,24.01,26.45,22.19,91.4,1.77,29.82,8.37,32.76
2009-11-15,Madurai,9.9252,78.1198,Irrigated,23.69,26.02,22.13,93.43,1.61,15.21,11.71,32.68
2009-11-16,Madurai,9.9252,78.1198,Irrigated,25.11,28.86,22.79,89.33,1.45,3.92,9.68,32.6
2009-11-17,Madurai,9.9252,78.1198,Irrigated,25.83,29.55,22.72,87.24,0.91,8.35,21.04,32.53
2009-11-18,Madurai,9.9252,78.1198,Irrigated,24.95,27.34,22.83,85.56,0.98,3.65,12.66,32.45
2009-11-19,Madurai,9.9252,78.1198,Irrigated,25.45,29.57,22.07,85.49,1.05,4.79,19.24,32.37
2009-11-20,Madurai,9.9252,78.1198,Irrigated,25.15,28.84,22.69,88.44,1.17,2.09,17.0,32.3
2009-11-21,Madurai,9.9252,78.1198,Irrigated,24.51,27.0,22.64,89.01,0.82,7.33,15.67,32.23
2009-11-22,Madurai,9.9252,78.1198,Irrigated,24.04,26.48,22.03,92.57,1.43,13.73,16.6,32.16
2009-11-23,Madurai,9.9252,78.1198,Irrigated,24.69,28.75,21.53,88.72,1.65,1.55,20.26,32.1
2009-11-24,Madurai,9.9252,78.1198,Irrigated,25.19,29.78,22.03,83.84,0.97,0.1,20.8,32.03
2009-11-25,Madurai,9.9252,78.1198,Irrigated,24.92,29.22,21.35,86.36,1.43,1.42,20.05,31.96
2009-11-26,Madurai,9.9252,78.1198,Irrigated,24.03,28.22,19.89,85.27,1.71,0.12,20.34,31.9
2009-11-27,Madurai,9.9252,78.1198,Irrigated,22.78,28.33,18.1,81.06,1.75,0.0,20.37,31.84
2009-11-28,Madurai,9.9252,78.1198,Irrigated,22.93,28.14,18.22,85.31,2.04,0.41,20.48,31.78
2009-11-29,Madurai,9.9252,78.1198,Irrigated,23.6,28.43,19.44,87.38,2.11,1.0,18.14,31.72
2009-11-30,Madurai,9.9252,78.1198,Irrigated,23.83,28.23,20.28,87.52,2.21,1.16,16.23,31.67
2009-12-01,Madurai,9.9252,78.1198,Irrigated,23.11,25.48,21.11,92.34,2.07,5.04,13.39,31.62
2009-12-02,Madurai,9.9252,78.1198,Irrigated,24.04,28.37,20.87,90.37,2.07,5.15,13.15,31.56
2009-12-03,Madurai,9.9252,78.1198,Irrigated,24.78,29.07,21.55,88.17,1.39,0.8,18.32,31.52
2009-12-04,Madurai,9.9252,78.1198,Irrigated,24.94,29.42,21.69,86.56,1.44,0.05,19.11,31.47
2009-12-05,Madurai,9.9252,78.1198,Irrigated,24.17,28.35,20.16,84.8,2.23,0.01,19.02,31.43
2009-12-06,Madurai,9.9252,78.1198,Irrigated,21.84,27.42,17.1,81.12,1.93,0.0,21.16,31.39
2009-12-07,Madurai,9.9252,78.1198,Irrigated,21.84,28.3,16.68,82.42,1.93,0.0,19.96,31.35
2009-12-08,Madurai,9.9252,78.1198,Irrigated,23.12,29.56,17.08,83.55,1.98,0.0,20.33,31.31
2009-12-09,Madurai,9.9252,78.1198,Irrigated,23.65,29.39,19.36,84.38,2.58,0.04,20.32,31.28
2009-12-10,Madurai,9.9252,78.1198,Irrigated,22.47,27.56,18.55,80.35,2.9,0.01,19.71,31.25
2009-12-11,Madurai,9.9252,78.1198,Irrigated,23.09,29.08,18.11,80.94,2.83,0.07,19.13,31.22
2009-12-12,Madurai,9.9252,78.1198,Irrigated,23.91,28.5,19.76,86.15,2.88,8.08,10.93,31.2
2009-12-13,Madurai,9.9252,78.1198,Irrigated,24.9,29.25,21.92,87.77,2.32,5.63,12.61,31.18
2009-12-14,Madurai,9.9252,78.1198,Irrigated,24.68,29.22,22.2,87.42,3.33,3.94,11.86,31.16
2009-12-15,Madurai,9.9252,78.1198,Irrigated,23.99,26.68,22.14,92.67,2.39,6.12,3.46,31.14
2009-12-16,Madurai,9.9252,78.1198,Irrigated,24.49,29.01,21.37,85.82,1.49,3.74,10.0,31.12
2009-12-17,Madurai,9.9252,78.1198,Irrigated,23.7,27.11,21.2,89.97,1.71,1.74,12.75,31.11
2009-12-18,Madurai,9.9252,78.1198,Irrigated,23.6,27.84,20.32,87.72,2.22,0.16,15.01,31.11
2009-12-19,Madurai,9.9252,78.1198,Irrigated,24.35,29.02,20.28,86.22,2.1,0.26,16.9,31.11
2009-12-20,Madurai,9.9252,78.1198,Irrigated,24.75,29.41,20.48,85.64,2.67,1.04,16.73,31.11
2009-12-21,Madurai,9.9252,78.1198,Irrigated,24.43,27.51,22.45,90.23,3.25,5.31,16.08,31.11
2009-12-22,Madurai,9.9252,78.1198,Irrigated,24.18,27.76,21.82,89.25,2.58,4.61,8.0,31.11
2009-12-23,Madurai,9.9252,78.1198,Irrigated,23.66,27.76,21.36,88.63,3.07,2.93,10.33,31.12
2009-12-24,Madurai,9.9252,78.1198,Irrigated,23.6,28.12,20.56,86.75,2.79,1.25,14.0,31.13
2009-12-25,Madurai,9.9252,78.1198,Irrigated,23.37,28.04,20.29,82.04,2.36,0.02,12.98,31.14
2009-12-26,Madurai,9.9252,78.1198,Irrigated,23.56,29.15,19.24,83.44,2.22,0.01,15.13,31.16
2009-12-27,Madurai,9.9252,78.1198,Irrigated,22.63,26.41,19.61,86.35,1.79,0.26,10.5,31.17
2009-12-28,Madurai,9.9252,78.1198,Irrigated,22.93,26.93,20.02,86.21,1.64,0.0,11.25,31.2
2009-12-29,Madurai,9.9252,78.1198,Irrigated,23.35,28.73,19.6,81.01,1.87,0.0,14.8,31.22
2009-12-30,Madurai,9.9252,78.1198,Irrigated,23.43,29.39,18.89,82.39,1.83,0.0,18.37,31.25
2009-12-31,Madurai,9.9252,78.1198,Irrigated,23.71,30.16,18.58,81.24,1.55,0.0,18.01,31.28
2010-01-01,Madurai,9.9252,78.1198,Irrigated,23.79,29.87,19.21,81.18,2.21,0.0,19.21,31.31
2010-01-02,Madurai,9.9252,78.1198,Irrigated,23.4,29.6,19.01,80.44,2.43,0.0,18.33,31.35
2010-01-03,Madurai,9.9252,78.1198,Irrigated,22.99,29.22,18.66,79.33,2.33,0.02,13.88,31.39
2010-01-04,Madurai,9.9252,78.1198,Irrigated,22.53,29.34,17.57,77.92,1.79,0.0,18.6,31.43
2010-01-05,Madurai,9.9252,78.1198,Irrigated,22.33,30.33,16.1,75.76,1.78,0.0,20.89,31.47
2010-01-06,Madurai,9.9252,78.1198,Irrigated,22.59,29.57,16.36,78.98,2.27,0.0,17.76,31.52
2010-01-07,Madurai,9.9252,78.1198,Irrigated,23.5,30.1,18.73,78.86,2.38,0.13,17.93,31.57
2010-01-08,Madurai,9.9252,78.1198,Irrigated,23.38,28.42,18.82,83.44,2.08,0.72,12.5,31.62
2010-01-09,Madurai,9.9252,78.1198,Irrigated,23.99,28.04,21.16,88.32,2.04,2.99,10.53,31.68
2010-01-10,Madurai,9.9252,78.1198,Irrigated,24.38,28.35,21.53,84.56,1.38,2.98,17.04,31.73
2010-01-11,Madurai,9.9252,78.1198,Irrigated,25.19,31.44,21.18,80.18,1.55,0.83,14.44,31.79
2010-01-12,Madurai,9.9252,78.1198,Irrigated,25.82,31.64,21.82,79.26,1.36,0.04,18.71,31.85
2010-01-13,Madurai,9.9252,78.1198,Irrigated,25.88,31.48,21.9,80.44,1.73,0.37,16.25,31.91
2010-01-14,Madurai,9.9252,78.1198,Irrigated,25.61,31.59,21.63,79.19,2.07,0.09,19.44,31.98
2010-01-15,Madurai,9.9252,78.1198,Irrigated,24.53,31.22,19.65,76.64,2.58,0.0,19.69,32.05
2010-01-16,Madurai,9.9252,78.1198,Irrigated,24.18,31.09,18.23,78.7,2.67,0.0,19.22,32.12
2010-01-17,Madurai,9.9252,78.1198,Irrigated,24.3,30.74,19.73,76.33,2.63,0.0,21.03,32.19
2010-01-18,Madurai,9.9252,78.1198,Irrigated,24.46,31.78,18.7,75.38,2.15,0.0,19.69,32.26
2010-01-19,Madurai,9.9252,78.1198,Irrigated,24.91,32.02,20.02,76.09,2.29,0.0,19.36,32.34
2010-01-20,Madurai,9.9252,78.1198,Irrigated,24.54,31.63,19.79,74.78,2.34,0.01,19.8,32.41
2010-01-21,Madurai,9.9252,78.1198,Irrigated,23.49,31.02,17.99,70.05,2.53,0.0,20.14,32.49
2010-01-22,Madurai,9.9252,78.1198,Irrigated,22.58,31.18,16.01,68.19,2.57,0.0,21.77,32.57
2010-01-23,Madurai,9.9252,78.1198,Irrigated,22.51,30.84,15.69,71.4,2.49,0.0,22.23,32.65
2010-01-24,Madurai,9.9252,78.1198,Irrigated,23.2,30.93,16.68,71.61,2.25,0.05,20.87,32.74
2010-01-25,Madurai,9.9252,78.1198,Irrigated,24.33,31.87,17.21,73.75,2.2,0.0,21.23,32.82
2010-01-26,Madurai,9.9252,78.1198,Irrigated,25.06,31.72,20.09,72.94,2.62,0.0,21.68,32.91
2010-01-27,Madurai,9.9252,78.1198,Irrigated,25.35,32.77,19.79,72.91,2.42,0.0,20.04,33.0
2010-01-28,Madurai,9.9252,78.1198,Irrigated,25.38,32.07,20.78,73.03,2.88,0.0,19.26,33.08
2010-01-29,Madurai,9.9252,78.1198,Irrigated,24.54,31.82,18.84,72.35,2.71,0.0,20.91,33.17
2010-01-30,Madurai,9.9252,78.1198,Irrigated,24.63,32.93,18.52,68.85,2.46,0.0,21.51,33.26
2010-01-31,Madurai,9.9252,78.1198,Irrigated,24.79,32.64,19.04,70.56,2.34,0.0,19.4,33.35
2010-02-01,Madurai,9.9252,78.1198,Irrigated,23.97,30.82,19.01,70.13,2.12,0.0,17.01,33.44
2010-02-02,Madurai,9.9252,78.1198,Irrigated,24.26,32.65,17.7,67.23,2.52,0.0,20.84,33.53
2010-02-03,Madurai,9.9252,78.1198,Irrigated,24.05,33.21,17.0,65.95,2.71,0.0,22.18,33.63
2010-02-04,Madurai,9.9252,78.1198,Irrigated,23.96,32.06,17.86,66.92,2.39,0.0,22.65,33.72
2010-02-05,Madurai,9.9252,78.1198,Irrigated,23.53,31.33,18.33,69.66,2.51,0.0,22.76,33.81
2010-02-06,Madurai,9.9252,78.1198,Irrigated,23.58,32.51,16.72,68.5,2.67,0.0,21.96,33.91
2010-02-07,Madurai,9.9252,78.1198,Irrigated,24.3,32.48,18.12,68.35,2.7,0.0,20.43,34.0
2010-02-08,Madurai,9.9252,78.1198,Irrigated,24.6,33.5,17.86,63.8,2.51,0.0,23.16,34.09
2010-02-09,Madurai,9.9252,78.1198,Irrigated,24.71,34.01,17.37,61.93,2.25,0.0,23.05,34.19
2010-02-10,Madurai,9.9252,78.1198,Irrigated,25.5,33.72,19.36,64.55,1.84,0.0,20.09,34.28
2010-02-11,Madurai,9.9252,78.1198,Irrigated,26.35,34.51,20.17,63.7,2.09,0.0,13.68,34.38
2010-02-12,Madurai,9.9252,78.1198,Irrigated,26.97,35.06,21.07,64.76,2.25,0.0,16.15,34.47
2010-02-13,Madurai,9.9252,78.1198,Irrigated,27.29,35.7,21.3,64.58,2.21,0.01,16.94,34.57
2010-02-14,Madurai,9.9252,78.1198,Irrigated,27.01,36.03,20.51,61.94,2.0,0.0,23.13,34.66
2010-02-15,Madurai,9.9252,78.1198,Irrigated,25.11,31.2,20.91,70.68,1.59,0.0,23.29,34.75
2010-02-16,Madurai,9.9252,78.1198,Irrigated,26.47,35.22,20.14,63.24,1.75,0.0,23.79,34.84
2010-02-17,Madurai,9.9252,78.1198,Irrigated,27.14,34.54,21.28,65.92,2.08,0.0,17.28,34.93
2010-02-18,Madurai,9.9252,78.1198,Irrigated,26.65,34.01,21.02,61.19,1.3,0.0,20.15,35.03
2010-02-19,Madurai,9.9252,78.1198,Irrigated,26.74,35.35,21.01,61.13,1.46,0.0,17.96,35.12
2010-02-20,Madurai,9.9252,78.1198,Irrigated,26.83,36.25,19.79,62.97,1.53,0.0,24.07,35.21
2010-02-21,Madurai,9.9252,78.1198,Irrigated,27.91,36.9,21.51,63.35,1.88,0.0,23.63,35.29
2010-02-22,Madurai,9.9252,78.1198,Irrigated,28.23,37.41,21.11,60.84,1.99,0.0,24.28,35.38
2010-02-23,Madurai,9.9252,78.1198,Irrigated,28.49,37.44,21.67,59.91,1.63,0.0,23.16,35.47
2010-02-24,Madurai,9.9252,78.1198,Irrigated,28.93,38.04,21.64,54.42,2.11,0.0,23.33,35.55
2010-02-25,Madurai,9.9252,78.1198,Irrigated,28.87,37.78,21.5,55.83,2.15,0.0,22.63,35.64
2010-02-26,Madurai,9.9252,78.1198,Irrigated,29.26,37.76,22.71,52.74,1.9,0.0,20.73,35.72
2010-02-27,Madurai,9.9252,78.1198,Irrigated,29.38,38.03,22.2,51.49,2.13,0.0,24.24,35.8
2010-02-28,Madurai,9.9252,78.1198,Irrigated,28.75,37.82,21.79,50.92,2.04,0.0,24.61,35.88
2010-03-01,Madurai,9.9252,78.1198,Irrigated,28.17,37.66,20.03,48.69,1.95,0.0,25.38,35.96
2010-03-02,Madurai,9.9252,78.1198,Irrigated,27.66,38.11,18.68,46.7,2.19,0.0,24.39,36.04
2010-03-03,Madurai,9.9252,78.1198,Irrigated,27.76,38.67,18.18,39.99,2.16,0.0,26.51,36.12
2010-03-04,Madurai,9.9252,78.1198,Irrigated,28.84,39.01,20.36,40.21,1.95,0.0,25.35,36.2
2010-03-05,Madurai,9.9252,78.1198,Irrigated,29.59,39.47,21.87,47.33,2.1,0.0,23.58,36.27
2010-03-06,Madurai,9.9252,78.1198,Irrigated,30.66,39.17,23.19,53.71,2.17,0.0,22.8,36.34
2010-03-07,Madurai,9.9252,78.1198,Irrigated,31.55,40.45,24.62,51.21,2.57,0.0,24.65,36.41
2010-03-08,Madurai,9.9252,78.1198,Irrigated,30.26,39.31,23.56,53.92,2.08,0.0,24.64,36.48
2010-03-09,Madurai,9.9252,78.1198,Irrigated,29.55,38.57,22.88,55.65,2.01,0.0,23.89,36.55
2010-03-10,Madurai,9.9252,78.1198,Irrigated,29.49,38.06,23.23,58.21,2.35,0.0,24.05,36.62
2010-03-11,Madurai,9.9252,78.1198,Irrigated,29.44,38.03,23.38,58.89,2.99,0.0,23.31,36.68
2010-03-12,Madurai,9.9252,78.1198,Irrigated,29.32,37.6,23.32,57.09,2.92,0.0,22.48,36.74
2010-03-13,Madurai,9.9252,78.1198,Irrigated,29.37,37.85,22.18,58.18,2.45,0.0,20.75,36.8
2010-03-14,Madurai,9.9252,78.1198,Irrigated,30.41,38.85,23.19,49.37,2.05,0.0,24.29,36.86
2010-03-15,Madurai,9.9252,78.1198,Irrigated,30.59,38.82,24.62,43.07,1.97,0.0,25.09,36.92
2010-03-16,Madurai,9.9252,78.1198,Irrigated,29.61,36.21,24.35,46.94,1.69,0.0,24.83,36.98
2010-03-17,Madurai,9.9252,78.1198,Irrigated,29.36,38.01,22.38,52.65,2.41,0.01,23.71,37.03
2010-03-18,Madurai,9.9252,78.1198,Irrigated,28.81,36.89,22.61,58.23,2.73,0.0,23.68,37.09
2010-03-19,Madurai,9.9252,78.1198,Irrigated,29.04,37.66,22.16,54.56,2.29,0.0,23.14,37.14
2010-03-20,Madurai,9.9252,78.1198,Irrigated,30.11,39.14,21.72,50.4,2.08,0.0,24.19,37.18
2010-03-21,Madurai,9.9252,78.1198,Irrigated,30.39,39.53,22.67,42.82,1.9,0.0,24.24,37.23
2010-03-22,Madurai,9.9252,78.1198,Irrigated,30.29,39.51,22.39,45.59,1.69,0.0,24.44,37.27
2010-03-23,Madurai,9.9252,78.1198,Irrigated,30.78,40.09,23.25,48.46,2.01,0.0,25.3,37.32
2010-03-24,Madurai,9.9252,78.1198,Irrigated,31.04,40.03,24.08,46.94,1.81,0.0,24.41,37.36
2010-03-25,Madurai,9.9252,78.1198,Irrigated,30.99,39.65,24.28,53.77,2.16,0.0,24.44,37.39
2010-03-26,Madurai,9.9252,78.1198,Irrigated,31.78,40.38,24.94,50.68,2.14,0.1,23.84,37.43
2010-03-27,Madurai,9.9252,78.1198,Irrigated,31.9,39.22,25.42,52.6,2.04,0.06,23.34,37.46
2010-03-28,Madurai,9.9252,78.1198,Irrigated,31.56,38.52,26.51,52.54,2.37,0.0,24.01,37.49
2010-03-29,Madurai,9.9252,78.1198,Irrigated,31.93,40.33,25.29,52.95,2.56,0.01,21.67,37.52
2010-03-30,Madurai,9.9252,78.1198,Irrigated,32.78,40.73,25.92,50.8,2.02,0.27,24.24,37.55
2010-03-31,Madurai,9.9252,78.1198,Irrigated,31.98,37.71,27.12,52.91,1.63,4.01,24.39,37.58
2010-04-01,Madurai,9.9252,78.1198,Irrigated,32.61,40.62,25.57,49.62,1.98,0.03,25.55,37.61
2010-04-02,Madurai,9.9252,78.1198,Irrigated,33.28,41.33,26.88,46.76,2.56,0.0,24.54,37.63
2010-04-03,Madurai,9.9252,78.1198,Irrigated,31.5,37.65,26.97,56.87,2.38,0.0,24.14,37.66
2010-04-04,Madurai,9.9252,78.1198,Irrigated,31.25,38.91,25.07,55.07,2.28,0.01,23.61,37.68
2010-04-05,Madurai,9.9252,78.1198,Irrigated,30.89,36.47,26.01,55.98,1.8,0.64,19.19,37.7
2010-04-06,Madurai,9.9252,78.1198,Irrigated,31.3,38.49,25.31,46.37,1.86,0.02,21.98,37.71
2010-04-07,Madurai,9.9252,78.1198,Irrigated,31.44,38.8,25.38,50.66,2.41,0.15,23.24,37.73
2010-04-08,Madurai,9.9252,78.1198,Irrigated,30.07,35.43,25.92,58.08,2.02,0.9,19.64,37.74
2010-04-09,Madurai,9.9252,78.1198,Irrigated,30.57,37.08,24.92,57.82,1.75,0.02,24.99,37.75
2010-04-10,Madurai,9.9252,78.1198,Irrigated,31.17,37.45,26.25,49.25,1.49,0.0,25.64,37.76
2010-04-11,Madurai,9.9252,78.1198,Irrigated,32.01,40.8,24.87,52.67,2.5,0.0,25.17,37.77
2010-04-12,Madurai,9.9252,78.1198,Irrigated,32.8,39.99,26.73,51.93,2.38,0.0,23.76,37.77
2010-04-13,Madurai,9.9252,78.1198,Irrigated,33.66,40.91,27.55,47.48,1.93,0.0,24.46,37.78
2010-04-14,Madurai,9.9252,78.1198,Irrigated,33.05,39.21,27.42,48.27,1.75,0.0,20.62,37.78
2010-04-15,Madurai,9.9252,78.1198,Irrigated,32.03,38.81,26.96,54.64,2.12,0.0,21.59,37.78
2010-04-16,Madurai,9.9252,78.1198,Irrigated,31.92,39.26,25.78,54.69,2.43,0.03,20.49,37.78
2010-04-17,Madurai,9.9252,78.1198,Irrigated,31.82,37.94,26.78,53.22,2.5,0.18,18.74,37.78
2010-04-18,Madurai,9.9252,78.1198,Irrigated,32.77,40.52,26.35,49.34,2.79,3.09,22.57,37.78
2010-04-19,Madurai,9.9252,78.1198,Irrigated,32.42,38.49,26.83,51.87,1.61,0.78,23.05,37.77
2010-04-20,Madurai,9.9252,78.1198,Irrigated,32.94,38.31,28.17,48.96,1.34,0.24,20.79,37.77
2010-04-21,Madurai,9.9252,78.1198,Irrigated,33.12,39.11,27.57,48.7,1.07,0.04,21.53,37.76
2010-04-22,Madurai,9.9252,78.1198,Irrigated,33.63,41.39,27.79,47.05,2.65,0.01,22.66,37.75
2010-04-23,Madurai,9.9252,78.1198,Irrigated,32.93,40.65,26.73,54.01,2.72,0.07,23.21,37.74
2010-04-24,Madurai,9.9252,78.1198,Irrigated,32.08,37.17,27.26,52.62,1.39,0.02,21.14,37.73
2010-04-25,Madurai,9.9252,78.1198,Irrigated,32.4,38.26,27.11,50.74,1.88,0.08,20.92,37.72
2010-04-26,Madurai,9.9252,78.1198,Irrigated,30.7,34.72,27.11,55.09,2.29,1.2,14.63,37.71
2010-04-27,Madurai,9.9252,78.1198,Irrigated,30.52,36.28,25.17,54.16,1.85,1.38,18.91,37.7
2010-04-28,Madurai,9.9252,78.1198,Irrigated,31.93,39.34,25.66,52.23,2.41,0.19,20.02,37.68
2010-04-29,Madurai,9.9252,78.1198,Irrigated,30.65,36.06,26.34,60.97,2.47,0.05,20.12,37.67
2010-04-30,Madurai,9.9252,78.1198,Irrigated,29.12,33.85,25.91,69.99,1.96,13.85,19.87,37.65
2010-05-01,Madurai,9.9252,78.1198,Irrigated,29.2,35.12,25.07,68.02,1.31,1.85,23.52,37.63
2010-05-02,Madurai,9.9252,78.1198,Irrigated,29.14,32.83,25.55,73.04,1.0,26.95,24.42,37.61
2010-05-03,Madurai,9.9252,78.1198,Irrigated,28.57,32.04,25.66,77.23,0.85,7.82,22.16,37.59
2010-05-04,Madurai,9.9252,78.1198,Irrigated,28.69,32.71,25.55,77.98,1.02,7.49,23.79,37.57
2010-05-05,Madurai,9.9252,78.1198,Irrigated,30.74,36.56,25.33,67.1,1.22,0.55,21.17,37.55
2010-05-06,Madurai,9.9252,78.1198,Irrigated,31.7,38.75,25.72,61.54,1.75,0.74,24.13,37.53
2010-05-07,Madurai,9.9252,78.1198,Irrigated,31.5,37.88,26.22,64.17,1.57,0.1,22.4,37.5
2010-05-08,Madurai,9.9252,78.1198,Irrigated,30.24,34.45,26.44,68.19,0.89,0.08,22.02,37.48
2010-05-09,Madurai,9.9252,78.1198,Irrigated,29.87,34.19,26.53,66.93,1.09,0.03,19.04,37.46
2010-05-10,Madurai,9.9252,78.1198,Irrigated,31.33,39.07,24.77,55.48,2.16,0.02,22.89,37.43
2010-05-11,Madurai,9.9252,78.1198,Irrigated,31.51,38.72,25.79,61.16,2.38,0.01,23.9,37.4
2010-05-12,Madurai,9.9252,78.1198,Irrigated,32.1,38.74,26.04,60.47,1.56,0.0,23.7,37.38
2010-05-13,Madurai,9.9252,78.1198,Irrigated,31.84,37.36,27.0,61.4,1.63,0.0,22.25,37.35
2010-05-14,Madurai,9.9252,78.1198,Irrigated,30.92,35.4,27.51,64.67,1.46,0.0,21.09,37.33
2010-05-15,Madurai,9.9252,78.1198,Irrigated,30.47,35.94,26.04,60.23,1.62,0.12,24.74,37.3
2010-05-16,Madurai,9.9252,78.1198,Irrigated,31.9,39.35,26.07,58.05,0.99,0.11,20.82,37.28
2010-05-17,Madurai,9.9252,78.1198,Irrigated,31.16,36.87,26.47,63.28,1.65,9.23,22.47,37.25
2010-05-18,Madurai,9.9252,78.1198,Irrigated,29.68,34.14,26.44,70.74,2.82,8.69,20.32,37.23
2010-05-19,Madurai,9.9252,78.1198,Irrigated,28.51,33.54,25.07,69.11,3.01,0.64,17.01,37.2
2010-05-20,Madurai,9.9252,78.1198,Irrigated,30.68,37.87,25.54,61.0,3.85,0.11,16.89,37.18
2010-05-21,Madurai,9.9252,78.1198,Irrigated,30.23,36.85,25.38,61.79,2.92,0.17,14.96,37.15
2010-05-22,Madurai,9.9252,78.1198,Irrigated,29.86,35.46,24.98,64.34,1.98,0.0,17.83,37.13
2010-05-23,Madurai,9.9252,78.1198,Irrigated,29.98,36.14,25.86,64.58,2.57,0.18,19.28,37.1
2010-05-24,Madurai,9.9252,78.1198,Irrigated,30.01,35.23,25.69,67.35,2.09,0.04,22.37,37.08
2010-05-25,Madurai,9.9252,78.1198,Irrigated,30.43,37.14,24.95,58.93,3.1,0.06,22.73,37.06
2010-05-26,Madurai,9.9252,78.1198,Irrigated,31.43,39.37,24.81,54.19,2.72,0.01,23.24,37.03
2010-05-27,Madurai,9.9252,78.1198,Irrigated,31.74,39.27,25.82,56.61,2.46,0.16,24.26,37.01
2010-05-28,Madurai,9.9252,78.1198,Irrigated,30.97,38.06,26.05,62.91,2.64,8.38,23.17,36.99
2010-05-29,Madurai,9.9252,78.1198,Irrigated,30.59,37.55,25.42,62.63,3.28,0.27,20.98,36.96
2010-05-30,Madurai,9.9252,78.1198,Irrigated,30.69,38.96,25.01,58.87,2.76,0.2,24.31,36.94
2010-05-31,Madurai,9.9252,78.1198,Irrigated,30.06,37.08,25.27,55.62,2.92,0.03,23.42,36.92
2010-06-01,Madurai,9.9252,78.1198,Irrigated,30.72,37.34,25.42,55.65,2.17,0.0,24.9,36.9
2010-06-02,Madurai,9.9252,78.1198,Irrigated,32.73,40.03,25.57,53.39,1.79,0.62,22.92,36.87
2010-06-03,Madurai,9.9252,78.1198,Irrigated,31.66,36.79,27.7,56.73,2.14,0.06,21.67,36.85
2010-06-04,Madurai,9.9252,78.1198,Irrigated,30.05,33.79,26.91,70.63,1.3,35.96,22.9,36.83
2010-06-05,Madurai,9.9252,78.1198,Irrigated,28.77,33.53,25.53,69.9,2.65,2.2,23.39,36.81
2010-06-06,Madurai,9.9252,78.1198,Irrigated,28.6,34.93,23.96,63.43,2.78,0.76,21.43,36.79
2010-06-07,Madurai,9.9252,78.1198,Irrigated,27.97,33.06,23.85,65.7,2.01,0.09,20.33,36.78
2010-06-08,Madurai,9.9252,78.1198,Irrigated,28.64,34.06,24.12,63.57,2.47,0.0,15.12,36.76
2010-06-09,Madurai,9.9252,78.1198,Irrigated,29.2,35.5,24.87,66.55,1.85,4.27,20.01,36.74
2010-06-10,Madurai,9.9252,78.1198,Irrigated,27.78,30.92,25.13,75.66,2.77,0.62,18.99,36.73
2010-06-11,Madurai,9.9252,78.1198,Irrigated,27.41,31.44,24.26,75.4,2.38,0.88,17.59,36.71
2010-06-12,Madurai,9.9252,78.1198,Irrigated,28.14,32.15,24.79,68.3,3.35,1.1,16.23,36.7
2010-06-13,Madurai,9.9252,78.1198,Irrigated,27.35,31.84,24.63,75.12,3.86,0.19,18.42,36.69
2010-06-14,Madurai,9.9252,78.1198,Irrigated,28.87,35.77,24.11,63.07,3.1,0.03,20.44,36.68
2010-06-15,Madurai,9.9252,78.1198,Irrigated,29.87,38.33,23.01,57.98,2.17,0.0,20.13,36.66
2010-06-16,Madurai,9.9252,78.1198,Irrigated,28.7,34.65,24.19,67.63,0.68,0.88,14.99,36.66
2010-06-17,Madurai,9.9252,78.1198,Irrigated,28.16,33.6,24.4,69.47,2.29,3.86,19.45,36.65
2010-06-18,Madurai,9.9252,78.1198,Irrigated,27.27,32.29,23.23,71.88,1.89,7.0,21.54,36.64
2010-06-19,Madurai,9.9252,78.1198,Irrigated,28.8,36.03,23.0,64.79,2.5,2.7,21.87,36.63
2010-06-20,Madurai,9.9252,78.1198,Irrigated,28.59,33.98,23.7,67.63,1.92,0.25,20.74,36.62
2010-06-21,Madurai,9.9252,78.1198,Irrigated,29.97,37.39,23.8,60.75,1.5,2.52,22.31,36.62
2010-06-22,Madurai,9.9252,78.1198,Irrigated,28.36,33.15,24.47,69.11,2.48,1.79,20.65,36.62
2010-06-23,Madurai,9.9252,78.1198,Irrigated,27.98,33.85,24.65,68.46,3.55,1.19,21.62,36.62
2010-06-24,Madurai,9.9252,78.1198,Irrigated,27.59,32.66,24.14,62.37,3.48,0.09,21.61,36.61
2010-06-25,Madurai,9.9252,78.1198,Irrigated,27.62,32.64,23.82,59.9,3.99,0.07,21.95,36.61
2010-06-26,Madurai,9.9252,78.1198,Irrigated,29.09,36.14,23.62,56.75,4.02,0.06,18.94,36.61
2010-06-27,Madurai,9.9252,78.1198,Irrigated,29.64,36.35,24.4,58.78,2.94,0.04,23.78,36.61
2010-06-28,Madurai,9.9252,78.1198,Irrigated,28.92,34.67,25.08,66.19,2.7,2.14,22.73,36.61
2010-06-29,Madurai,9.9252,78.1198,Irrigated,29.26,34.64,24.83,62.59,2.41,0.16,22.92,36.61
2010-06-30,Madurai,9.9252,78.1198,Irrigated,29.13,36.3,24.48,58.9,3.7,0.01,22.88,36.62
2010-07-01,Madurai,9.9252,78.1198,Irrigated,26.69,31.38,23.18,59.66,3.36,0.06,15.55,36.62
2010-07-02,Madurai,9.9252,78.1198,Irrigated,28.21,35.83,22.37,57.09,3.39,0.17,20.24,36.62
2010-07-03,Madurai,9.9252,78.1198,Irrigated,28.59,36.34,23.42,57.37,3.45,0.62,21.61,36.63
2010-07-04,Madurai,9.9252,78.1198,Irrigated,28.49,34.44,23.7,61.1,2.45,0.28,21.57,36.64
2010-07-05,Madurai,9.9252,78.1198,Irrigated,28.67,35.08,24.27,58.1,3.26,0.09,17.16,36.64
2010-07-06,Madurai,9.9252,78.1198,Irrigated,27.3,32.5,23.04,59.73,2.6,0.04,16.87,36.65
2010-07-07,Madurai,9.9252,78.1198,Irrigated,27.75,33.26,23.0,64.01,1.37,5.95,21.02,36.66
2010-07-08,Madurai,9.9252,78.1198,Irrigated,27.18,31.32,23.38,68.76,1.11,3.87,14.1,36.67
2010-07-09,Madurai,9.9252,78.1198,Irrigated,27.42,31.64,23.76,71.08,0.86,1.78,19.9,36.68
2010-07-10,Madurai,9.9252,78.1198,Irrigated,28.36,33.81,24.41,68.2,1.64,0.62,23.11,36.69
2010-07-11,Madurai,9.9252,78.1198,Irrigated,29.23,36.12,23.65,63.58,2.41,0.01,23.92,36.7
2010-07-12,Madurai,9.9252,78.1198,Irrigated,29.08,35.61,23.95,63.02,2.64,0.72,22.88,36.71
2010-07-13,Madurai,9.9252,78.1198,Irrigated,27.33,32.33,24.05,72.69,1.73,18.6,23.07,36.73
2010-07-14,Madurai,9.9252,78.1198,Irrigated,27.98,34.25,23.08,69.74,2.06,5.9,21.4,36.74
2010-07-15,Madurai,9.9252,78.1198,Irrigated,28.22,33.96,23.71,68.65,1.93,7.19,23.29,36.75
2010-07-16,Madurai,9.9252,78.1198,Irrigated,27.34,31.71,23.78,69.21,2.95,0.28,19.48,36.77
2010-07-17,Madurai,9.9252,78.1198,Irrigated,27.31,32.5,23.52,64.31,3.31,1.12,19.19,36.79
2010-07-18,Madurai,9.9252,78.1198,Irrigated,27.55,32.91,23.54,68.48,2.95,1.04,19.32,36.8
2010-07-19,Madurai,9.9252,78.1198,Irrigated,27.05,32.3,23.83,68.49,3.14,0.78,13.05,36.82
2010-07-20,Madurai,9.9252,78.1198,Irrigated,27.13,32.05,23.95,67.21,3.6,0.11,16.62,36.84
2010-07-21,Madurai,9.9252,78.1198,Irrigated,28.15,33.81,23.73,66.36,2.56,0.35,15.72,36.85
2010-07-22,Madurai,9.9252,78.1198,Irrigated,27.94,34.94,23.56,65.27,2.3,0.01,17.89,36.87
2010-07-23,Madurai,9.9252,78.1198,Irrigated,28.81,36.61,22.69,58.71,2.51,0.03,21.16,36.88
2010-07-24,Madurai,9.9252,78.1198,Irrigated,27.56,34.0,23.06,60.05,3.22,0.0,21.64,36.9
2010-07-25,Madurai,9.9252,78.1198,Irrigated,27.4,34.69,22.12,58.98,3.47,0.03,17.45,36.92
2010-07-26,Madurai,9.9252,78.1198,Irrigated,28.43,34.69,24.22,57.61,3.45,0.2,21.9,36.94
2010-07-27,Madurai,9.9252,78.1198,Irrigated,28.12,34.85,23.43,64.29,3.17,0.07,18.81,36.96
2010-07-28,Madurai,9.9252,78.1198,Irrigated,28.41,35.33,23.71,59.04,3.63,0.05,14.53,36.98
2010-07-29,Madurai,9.9252,78.1198,Irrigated,28.65,35.27,24.23,58.71,3.4,0.12,16.11,36.99
2010-07-30,Madurai,9.9252,78.1198,Irrigated,28.71,34.9,24.05,56.91,3.14,0.01,20.64,37.01
2010-07-31,Madurai,9.9252,78.1198,Irrigated,28.51,35.44,22.92,57.6,3.05,0.0,20.15,37.02
2010-08-01,Madurai,9.9252,78.1198,Irrigated,30.35,38.09,24.07,54.52,2.15,0.0,22.53,37.03
2010-08-02,Madurai,9.9252,78.1198,Irrigated,30.28,37.72,24.17,52.94,2.63,0.03,22.01,37.05
2010-08-03,Madurai,9.9252,78.1198,Irrigated,28.97,36.17,24.22,54.85,3.75,0.06,20.68,37.07
2010-08-04,Madurai,9.9252,78.1198,Irrigated,29.28,36.27,24.26,57.36,3.84,0.02,20.32,37.08
2010-08-05,Madurai,9.9252,78.1198,Irrigated,29.16,35.02,24.09,60.16,1.9,0.13,22.6,37.1
2010-08-06,Madurai,9.9252,78.1198,Irrigated,29.8,37.06,23.63,54.67,3.26,0.0,21.52,37.12
2010-08-07,Madurai,9.9252,78.1198,Irrigated,29.98,37.05,23.87,55.78,2.21,0.02,22.6,37.13
2010-08-08,Madurai,9.9252,78.1198,Irrigated,29.65,36.68,24.3,59.57,2.66,2.75,18.08,37.15
2010-08-09,Madurai,9.9252,78.1198,Irrigated,29.44,36.22,24.64,61.9,2.62,6.16,22.16,37.16
2010-08-10,Madurai,9.9252,78.1198,Irrigated,29.63,36.07,24.1,59.83,2.55,0.17,23.19,37.17
2010-08-11,Madurai,9.9252,78.1198,Irrigated,29.96,36.22,23.77,56.36,2.74,0.07,21.69,37.19
2010-08-12,Madurai,9.9252,78.1198,Irrigated,28.54,34.5,24.86,65.89,1.8,0.22,18.52,37.2
2010-08-13,Madurai,9.9252,78.1198,Irrigated,27.97,33.01,25.08,70.25,1.21,9.47,19.61,37.22
2010-08-14,Madurai,9.9252,78.1198,Irrigated,27.39,31.74,24.35,73.57,1.63,1.33,21.4,37.22
2010-08-15,Madurai,9.9252,78.1198,Irrigated,27.06,31.31,24.09,77.67,1.89,1.98,13.97,37.23
2010-08-16,Madurai,9.9252,78.1198,Irrigated,27.27,32.86,23.73,72.49,1.89,1.56,20.5,37.24
2010-08-17,Madurai,9.9252,78.1198,Irrigated,27.97,34.76,23.54,64.29,2.53,0.1,20.02,37.25
2010-08-18,Madurai,9.9252,78.1198,Irrigated,28.01,33.95,23.77,58.76,2.97,0.0,20.72,37.26
2010-08-19,Madurai,9.9252,78.1198,Irrigated,28.79,34.74,23.31,61.32,1.75,1.1,20.11,37.27
2010-08-20,Madurai,9.9252,78.1198,Irrigated,26.86,30.18,24.02,73.68,1.11,11.15,9.66,37.27
2010-08-21,Madurai,9.9252,78.1198,Irrigated,26.42,31.84,22.8,75.45,1.16,7.86,5.16,37.28
2010-08-22,Madurai,9.9252,78.1198,Irrigated,27.21,32.76,22.52,71.64,1.82,0.69,18.26,37.28
2010-08-23,Madurai,9.9252,78.1198,Irrigated,28.12,33.86,23.73,66.73,1.79,1.17,17.92,37.28
2010-08-24,Madurai,9.9252,78.1198,Irrigated,27.39,31.99,24.2,71.67,2.43,0.62,13.18,37.28
2010-08-25,Madurai,9.9252,78.1198,Irrigated,27.7,33.89,22.85,65.89,2.61,0.14,14.8,37.28
2010-08-26,Madurai,9.9252,78.1198,Irrigated,28.35,35.36,23.6,63.3,2.75,0.0,20.32,37.28
2010-08-27,Madurai,9.9252,78.1198,Irrigated,28.86,34.7,23.62,62.51,1.84,0.16,20.19,37.27
2010-08-28,Madurai,9.9252,78.1198,Irrigated,28.28,34.09,23.84,69.9,1.62,1.83,21.44,37.27
2010-08-29,Madurai,9.9252,78.1198,Irrigated,27.81,33.35,24.6,74.53,1.96,4.18,20.21,37.26
2010-08-30,Madurai,9.9252,78.1198,Irrigated,26.38,30.62,23.09,70.62,2.85,1.4,15.64,37.25
2010-08-31,Madurai,9.9252,78.1198,Irrigated,26.88,33.59,21.93,63.34,1.8,0.92,21.02,37.25
2010-09-01,Madurai,9.9252,78.1198,Irrigated,27.31,34.57,21.45,62.97,1.89,0.0,25.71,37.24
2010-09-02,Madurai,9.9252,78.1198,Irrigated,28.96,34.97,22.56,60.02,1.95,0.17,25.27,37.23
2010-09-03,Madurai,9.9252,78.1198,Irrigated,29.08,34.81,24.09,63.34,1.8,3.7,16.89,37.22
2010-09-04,Madurai,9.9252,78.1198,Irrigated,28.65,35.53,23.2,61.53,1.85,0.02,19.62,37.2
2010-09-05,Madurai,9.9252,78.1198,Irrigated,29.06,35.96,22.62,60.73,1.95,0.0,22.65,37.19
2010-09-06,Madurai,9.9252,78.1198,Irrigated,28.47,35.09,22.41,59.61,2.06,0.01,24.63,37.17
2010-09-07,Madurai,9.9252,78.1198,Irrigated,28.99,36.05,22.74,60.24,2.48,0.02,22.75,37.15
2010-09-08,Madurai,9.9252,78.1198,Irrigated,28.73,35.4,23.62,59.98,2.52,0.09,21.25,37.13
2010-09-09,Madurai,9.9252,78.1198,Irrigated,28.17,34.26,23.56,66.03,1.7,8.82,22.46,37.11
2010-09-10,Madurai,9.9252,78.1198,Irrigated,27.17,32.62,23.53,75.05,1.55,8.11,19.78,37.09
2010-09-11,Madurai,9.9252,78.1198,Irrigated,28.45,34.79,23.4,64.75,1.62,3.52,18.05,37.07
2010-09-12,Madurai,9.9252,78.1198,Irrigated,28.59,34.68,23.15,64.43,1.07,4.61,14.24,37.04
2010-09-13,Madurai,9.9252,78.1198,Irrigated,27.22,32.08,23.45,68.19,2.04,10.92,17.32,37.02
2010-09-14,Madurai,9.9252,78.1198,Irrigated,27.92,35.83,22.17,63.19,2.3,0.81,16.25,36.99
2010-09-15,Madurai,9.9252,78.1198,Irrigated,28.42,36.11,22.85,65.72,1.95,1.94,21.16,36.95
2010-09-16,Madurai,9.9252,78.1198,Irrigated,27.56,33.69,22.65,66.75,2.15,2.84,23.14,36.92
2010-09-17,Madurai,9.9252,78.1198,Irrigated,29.12,37.56,22.85,61.81,2.4,0.15,22.59,36.89
2010-09-18,Madurai,9.9252,78.1198,Irrigated,27.53,33.74,23.38,66.4,2.13,5.15,20.95,36.85
2010-09-19,Madurai,9.9252,78.1198,Irrigated,28.51,35.57,22.47,61.94,1.17,0.27,22.65,36.81
2010-09-20,Madurai,9.9252,78.1198,Irrigated,28.07,34.09,23.18,65.53,1.31,0.4,19.73,36.78
2010-09-21,Madurai,9.9252,78.1198,Irrigated,27.79,32.51,23.9,70.46,1.52,0.5,17.35,36.73
2010-09-22,Madurai,9.9252,78.1198,Irrigated,26.24,29.05,23.81,80.38,1.15,7.3,16.44,36.69
2010-09-23,Madurai,9.9252,78.1198,Irrigated,26.7,30.96,23.6,78.08,1.07,3.63,20.12,36.64
2010-09-24,Madurai,9.9252,78.1198,Irrigated,27.18,32.63,23.32,74.86,1.68,12.4,21.5,36.59
2010-09-25,Madurai,9.9252,78.1198,Irrigated,28.07,34.32,22.91,66.99,1.42,0.12,23.47,36.54
2010-09-26,Madurai,9.9252,78.1198,Irrigated,26.97,32.48,23.13,74.93,1.65,20.2,15.46,36.49
2010-09-27,Madurai,9.9252,78.1198,Irrigated,26.65,31.59,23.4,79.78,2.09,8.32,15.77,36.44
2010-09-28,Madurai,9.9252,78.1198,Irrigated,26.16,30.01,22.88,81.43,1.58,9.66,18.91,36.39
2010-09-29,Madurai,9.9252,78.1198,Irrigated,25.72,29.56,23.09,83.34,1.64,9.14,8.91,36.34
2010-09-30,Madurai,9.9252,78.1198,Irrigated,25.97,30.7,22.39,79.81,1.17,4.47,22.67,36.28
2010-10-01,Madurai,9.9252,78.1198,Irrigated,26.96,32.81,22.64,75.3,1.45,2.05,17.64,36.23
2010-10-02,Madurai,9.9252,78.1198,Irrigated,26.45,31.29,22.76,78.81,1.45,9.34,18.33,36.17
2010-10-03,Madurai,9.9252,78.1198,Irrigated,25.89,29.09,22.8,82.68,0.92,12.88,13.16,36.11
2010-10-04,Madurai,9.9252,78.1198,Irrigated,27.04,31.7,22.91,78.3,1.15,2.86,22.43,36.05
2010-10-05,Madurai,9.9252,78.1198,Irrigated,26.13,29.49,24.07,85.8,1.37,4.38,15.91,35.98
2010-10-06,Madurai,9.9252,78.1198,Irrigated,26.37,30.34,23.72,80.87,2.33,1.81,18.19,35.92
2010-10-07,Madurai,9.9252,78.1198,Irrigated,26.79,31.96,23.53,79.18,2.13,3.12,20.45,35.85
2010-10-08,Madurai,9.9252,78.1198,Irrigated,26.24,29.45,23.56,84.47,1.79,11.84,19.72,35.78
2010-10-09,Madurai,9.9252,78.1198,Irrigated,27.22,32.45,22.97,77.53,1.39,1.96,19.27,35.72
2010-10-10,Madurai,9.9252,78.1198,Irrigated,27.59,33.61,22.7,72.46,1.16,0.03,20.21,35.65
2010-10-11,Madurai,9.9252,78.1198,Irrigated,27.13,32.24,22.89,73.84,1.34,0.0,22.69,35.58
2010-10-12,Madurai,9.9252,78.1198,Irrigated,27.0,32.55,22.02,72.02,1.45,0.0,21.37,35.5
2010-10-13,Madurai,9.9252,78.1198,Irrigated,28.09,34.67,22.16,69.8,1.53,0.23,21.09,35.43
2010-10-14,Madurai,9.9252,78.1198,Irrigated,27.11,32.28,23.09,73.77,1.61,0.47,20.81,35.36
2010-10-15,Madurai,9.9252,78.1198,Irrigated,27.1,33.1,22.99,72.95,2.37,0.24,20.76,35.28
2010-10-16,Madurai,9.9252,78.1198,Irrigated,27.4,35.35,21.42,67.61,2.35,0.03,23.64,35.2
2010-10-17,Madurai,9.9252,78.1198,Irrigated,27.21,35.09,20.01,69.27,1.74,0.07,23.51,35.13
2010-10-18,Madurai,9.9252,78.1198,Irrigated,27.57,34.86,22.19,71.43,1.61,16.92,20.82,35.05
2010-10-19,Madurai,9.9252,78.1198,Irrigated,27.68,33.8,21.95,73.46,1.04,9.64,23.17,34.97
2010-10-20,Madurai,9.9252,78.1198,Irrigated,26.6,30.36,23.88,80.2,1.15,0.73,19.91,34.89
2010-10-21,Madurai,9.9252,78.1198,Irrigated,27.63,33.15,23.14,75.09,0.68,7.38,16.89,34.81
2010-10-22,Madurai,9.9252,78.1198,Irrigated,26.67,31.91,23.33,78.49,1.93,0.4,21.97,34.72
2010-10-23,Madurai,9.9252,78.1198,Irrigated,27.61,34.77,21.86,72.63,1.5,1.14,23.25,34.64
2010-10-24,Madurai,9.9252,78.1198,Irrigated,28.07,35.31,21.13,67.23,1.1,0.02,22.93,34.56
2010-10-25,Madurai,9.9252,78.1198,Irrigated,28.52,34.93,22.85,68.28,0.92,0.0,23.24,34.47
2010-10-26,Madurai,9.9252,78.1198,Irrigated,27.58,32.38,23.5,75.72,0.96,8.69,21.51,34.38
2010-10-27,Madurai,9.9252,78.1198,Irrigated,26.66,30.69,23.67,82.02,0.78,11.03,19.64,34.29
2010-10-28,Madurai,9.9252,78.1198,Irrigated,25.73,29.52,23.27,82.33,0.82,17.08,16.95,34.21
2010-10-29,Madurai,9.9252,78.1198,Irrigated,25.49,30.22,22.28,83.23,1.3,13.88,18.65,34.13
2010-10-30,Madurai,9.9252,78.1198,Irrigated,25.49,29.62,22.18,82.35,0.84,4.92,13.99,34.04
2010-10-31,Madurai,9.9252,78.1198,Irrigated,24.92,27.86,22.56,88.7,0.67,8.48,17.73,33.96
2010-11-01,Madurai,9.9252,78.1198,Irrigated,25.48,29.67,22.83,81.61,0.82,11.01,14.06,33.87
2010-11-02,Madurai,9.9252,78.1198,Irrigated,25.63,30.1,21.94,81.89,1.02,0.07,20.84,33.79
2010-11-03,Madurai,9.9252,78.1198,Irrigated,26.17,29.91,22.65,82.73,0.94,17.88,19.51,33.7
2010-11-04,Madurai,9.9252,78.1198,Irrigated,25.71,28.9,23.62,86.76,1.29,11.59,18.54,33.61
2010-11-05,Madurai,9.9252,78.1198,Irrigated,25.7,29.6,22.69,85.18,0.84,39.27,18.01,33.53
2010-11-06,Madurai,9.9252,78.1198,Irrigated,24.86,28.09,22.6,83.67,1.22,10.44,7.84,33.45
2010-11-07,Madurai,9.9252,78.1198,Irrigated,23.88,27.1,21.36,87.71,1.6,0.57,8.15,33.36
2010-11-08,Madurai,9.9252,78.1198,Irrigated,25.38,30.53,20.17,85.82,1.65,0.95,19.97,33.28
2010-11-09,Madurai,9.9252,78.1198,Irrigated,25.67,29.67,22.13,85.55,0.86,3.62,18.12,33.19
2010-11-10,Madurai,9.9252,78.1198,Irrigated,25.4,28.23,22.59,87.91,1.18,19.74,18.72,33.11
2010-11-11,Madurai,9.9252,78.1198,Irrigated,25.09,28.28,22.32,86.41,1.42,13.69,15.89,33.03
2010-11-12,Madurai,9.9252,78.1198,Irrigated,25.19,30.38,20.39,82.17,0.85,9.53,19.3,32.94
2010-11-13,Madurai,9.9252,78.1198,Irrigated,25.53,29.88,22.41,86.22,1.13,2.45,17.08,32.86
2010-11-14,Madurai,9.9252,78.1198,Irrigated,25.16,29.55,21.88,85.94,1.4,0.1,18.65,32.78
2010-11-15,Madurai,9.9252,78.1198,Irrigated,25.08,29.45,21.0,86.38,1.22,0.32,17.69,32.7
2010-11-16,Madurai,9.9252,78.1198,Irrigated,24.96,28.2,22.07,87.58,1.26,24.99,12.43,32.63
2010-11-17,Madurai,9.9252,78.1198,Irrigated,24.53,27.99,22.13,89.01,1.71,8.83,15.44,32.55
2010-11-18,Madurai,9.9252,78.1198,Irrigated,24.62,28.34,21.89,88.34,1.6,5.17,18.21,32.48
2010-11-19,Madurai,9.9252,78.1198,Irrigated,24.42,28.25,21.88,87.37,1.52,3.38,10.79,32.4
2010-11-20,Madurai,9.9252,78.1198,Irrigated,24.4,27.93,20.98,88.91,1.13,26.88,19.19,32.33
2010-11-21,Madurai,9.9252,78.1198,Irrigated,24.22,26.96,21.84,85.79,0.66,12.1,15.91,32.26
2010-11-22,Madurai,9.9252,78.1198,Irrigated,23.96,28.21,20.45,86.66,1.43,41.99,17.84,32.19
2010-11-23,Madurai,9.9252,78.1198,Irrigated,24.33,28.08,21.88,88.0,0.89,7.66,17.89,32.12
2010-11-24,Madurai,9.9252,78.1198,Irrigated,23.89,26.76,21.83,91.79,1.57,15.66,15.18,32.05
2010-11-25,Madurai,9.9252,78.1198,Irrigated,23.52,25.52,21.99,93.33,2.67,20.89,9.69,31.98
2010-11-26,Madurai,9.9252,78.1198,Irrigated,23.01,25.04,21.41,93.78,2.27,14.43,3.29,31.92
2010-11-27,Madurai,9.9252,78.1198,Irrigated,22.35,24.47,20.72,92.48,1.84,11.44,7.55,31.86
2010-11-28,Madurai,9.9252,78.1198,Irrigated,23.12,25.27,20.59,93.82,2.25,28.24,10.62,31.8
2010-11-29,Madurai,9.9252,78.1198,Irrigated,23.88,27.04,21.73,90.63,2.01,2.07,16.98,31.73
2010-11-30,Madurai,9.9252,78.1198,Irrigated,23.99,27.35,21.19,91.16,2.04,11.23,15.94,31.68
2010-12-01,Madurai,9.9252,78.1198,Irrigated,23.84,26.33,22.36,95.16,1.88,9.7,7.59,31.62
2010-12-02,Madurai,9.9252,78.1198,Irrigated,24.22,27.26,21.43,91.71,1.58,16.25,12.55,31.58
2010-12-03,Madurai,9.9252,78.1198,Irrigated,23.7,25.88,22.1,93.52,2.55,11.55,4.47,31.53
2010-12-04,Madurai,9.9252,78.1198,Irrigated,22.51,24.4,21.14,92.82,2.82,1.64,10.15,31.49
2010-12-05,Madurai,9.9252,78.1198,Irrigated,21.63,23.52,20.17,91.05,2.15,3.0,6.76,31.44
2010-12-06,Madurai,9.9252,78.1198,Irrigated,22.85,26.36,19.67,80.45,1.41,0.03,13.97,31.4
2010-12-07,Madurai,9.9252,78.1198,Irrigated,24.4,29.59,19.65,81.8,0.93,7.21,15.94,31.36
2010-12-08,Madurai,9.9252,78.1198,Irrigated,24.62,28.0,21.2,88.01,1.27,10.77,6.85,31.32
2010-12-09,Madurai,9.9252,78.1198,Irrigated,24.46,27.3,22.29,89.0,0.99,0.32,17.26,31.29
2010-12-10,Madurai,9.9252,78.1198,Irrigated,24.81,28.69,21.15,82.24,1.04,0.35,19.51,31.26
2010-12-11,Madurai,9.9252,78.1198,Irrigated,24.61,29.17,19.72,80.79,0.99,0.49,19.61,31.23
2010-12-12,Madurai,9.9252,78.1198,Irrigated,24.84,29.42,20.89,81.81,0.87,3.52,19.06,31.21
2010-12-13,Madurai,9.9252,78.1198,Irrigated,24.1,28.72,20.12,84.99,0.99,0.52,17.82,31.19
2010-12-14,Madurai,9.9252,78.1198,Irrigated,24.11,28.04,21.5,87.45,1.05,3.83,17.55,31.17
2010-12-15,Madurai,9.9252,78.1198,Irrigated,23.2,27.34,20.75,91.42,1.41,12.26,13.95,31.16
2010-12-16,Madurai,9.9252,78.1198,Irrigated,24.0,28.04,21.26,89.04,1.46,6.38,12.38,31.14
2010-12-17,Madurai,9.9252,78.1198,Irrigated,24.12,28.25,20.7,89.07,1.51,2.17,15.71,31.13
2010-12-18,Madurai,9.9252,78.1198,Irrigated,23.73,27.44,20.77,89.63,2.35,0.44,12.41,31.12
2010-12-19,Madurai,9.9252,78.1198,Irrigated,21.94,26.24,17.31,87.82,2.48,1.17,18.86,31.12
2010-12-20,Madurai,9.9252,78.1198,Irrigated,23.78,27.75,20.83,89.56,2.34,3.51,15.51,31.11
2010-12-21,Madurai,9.9252,78.1198,Irrigated,22.89,26.35,19.99,90.26,3.05,1.18,13.13,31.11
2010-12-22,Madurai,9.9252,78.1198,Irrigated,20.84,25.8,17.47,84.9,2.1,0.0,19.87,31.12
2010-12-23,Madurai,9.9252,78.1198,Irrigated,20.55,26.16,15.47,85.78,1.74,0.0,19.45,31.12
2010-12-24,Madurai,9.9252,78.1198,Irrigated,20.72,24.95,17.03,86.86,1.8,0.01,11.16,31.13
2010-12-25,Madurai,9.9252,78.1198,Irrigated,21.86,26.36,18.75,85.68,2.09,0.0,13.9,31.14
2010-12-26,Madurai,9.9252,78.1198,Irrigated,22.06,26.71,18.51,86.08,2.12,0.0,19.1,31.16
2010-12-27,Madurai,9.9252,78.1198,Irrigated,21.52,26.71,17.0,85.01,1.99,0.04,19.87,31.17
2010-12-28,Madurai,9.9252,78.1198,Irrigated,20.89,24.42,17.04,90.62,1.87,2.75,8.47,31.2
2010-12-29,Madurai,9.9252,78.1198,Irrigated,21.89,24.56,19.95,93.58,2.32,0.8,11.17,31.22
2010-12-30,Madurai,9.9252,78.1198,Irrigated,23.08,27.27,20.01,89.24,2.43,0.96,10.66,31.25
2010-12-31,Madurai,9.9252,78.1198,Irrigated,23.17,27.74,19.51,88.34,2.04,0.17,15.8,31.28
2011-01-01,Madurai,9.9252,78.1198,Irrigated,23.5,27.7,20.0,87.22,1.43,0.25,20.2,31.31
2011-01-02,Madurai,9.9252,78.1198,Irrigated,23.94,28.15,20.33,88.31,1.59,0.14,18.5,31.34
2011-01-03,Madurai,9.9252,78.1198,Irrigated,23.3,26.71,20.7,89.04,1.77,0.06,18.9,31.38
2011-01-04,Madurai,9.9252,78.1198,Irrigated,22.31,26.6,19.86,91.07,2.22,1.77,15.97,31.42
2011-01-05,Madurai,9.9252,78.1198,Irrigated,22.29,25.86,19.96,90.39,2.66,0.23,13.49,31.47
2011-01-06,Madurai,9.9252,78.1198,Irrigated,22.82,27.4,19.53,87.56,2.4,0.05,17.89,31.51
2011-01-07,Madurai,9.9252,78.1198,Irrigated,23.02,27.12,19.36,87.98,2.64,0.06,17.9,31.56
2011-01-08,Madurai,9.9252,78.1198,Irrigated,24.15,28.72,20.41,86.56,2.24,0.0,17.6,31.61
2011-01-09,Madurai,9.9252,78.1198,Irrigated,24.02,28.29,20.86,83.42,1.99,0.05,13.08,31.67
2011-01-10,Madurai,9.9252,78.1198,Irrigated,23.14,26.87,19.72,85.03,1.59,0.13,15.16,31.72
2011-01-11,Madurai,9.9252,78.1198,Irrigated,22.5,28.13,18.56,79.19,1.7,0.0,20.3,31.78
2011-01-12,Madurai,9.9252,78.1198,Irrigated,20.52,25.17,17.15,83.79,1.86,0.0,17.87,31.84
2011-01-13,Madurai,9.9252,78.1198,Irrigated,20.57,26.59,15.27,83.12,2.1,0.0,8.18,31.9
2011-01-14,Madurai,9.9252,78.1198,Irrigated,21.27,26.76,16.19,86.14,2.32,0.0,16.01,31.97
2011-01-15,Madurai,9.9252,78.1198,Irrigated,22.43,27.21,18.46,87.25,2.53,1.1,10.8,32.04
2011-01-16,Madurai,9.9252,78.1198,Irrigated,23.17,28.14,19.78,88.15,2.41,0.91,11.65,32.11
2011-01-17,Madurai,9.9252,78.1198,Irrigated,23.45,28.71,19.46,86.44,1.49,0.0,17.55,32.18
2011-01-18,Madurai,9.9252,78.1198,Irrigated,22.41,28.29,17.57,83.56,1.62,0.0,21.64,32.25
2011-01-19,Madurai,9.9252,78.1198,Irrigated,20.79,27.52,14.88,81.24,1.55,0.0,23.24,32.33
2011-01-20,Madurai,9.9252,78.1198,Irrigated,21.06,27.6,15.1,82.99,1.58,0.0,23.25,32.4
2011-01-21,Madurai,9.9252,78.1198,Irrigated,21.64,27.92,16.33,84.66,1.94,0.0,22.2,32.48
2011-01-22,Madurai,9.9252,78.1198,Irrigated,21.79,27.97,16.94,83.8,2.33,0.0,21.96,32.55
2011-01-23,Madurai,9.9252,78.1198,Irrigated,22.0,28.22,17.17,84.45,2.6,0.0,19.94,32.63
2011-01-24,Madurai,9.9252,78.1198,Irrigated,21.91,28.02,17.08,82.19,2.69,0.0,20.0,32.72
2011-01-25,Madurai,9.9252,78.1198,Irrigated,21.95,28.26,16.57,81.87,2.54,0.0,19.14,32.8
2011-01-26,Madurai,9.9252,78.1198,Irrigated,22.76,28.82,17.71,83.5,2.98,0.07,17.31,32.89
2011-01-27,Madurai,9.9252,78.1198,Irrigated,23.06,28.93,18.81,81.14,2.99,0.01,18.93,32.98
2011-01-28,Madurai,9.9252,78.1198,Irrigated,23.05,29.07,17.88,83.42,2.4,0.0,17.19,33.06
2011-01-29,Madurai,9.9252,78.1198,Irrigated,23.83,29.48,19.56,81.74,2.73,0.01,21.59,33.15
2011-01-30,Madurai,9.9252,78.1198,Irrigated,23.67,29.32,19.75,82.34,2.89,0.14,14.67,33.24
2011-01-31,Madurai,9.9252,78.1198,Irrigated,23.37,29.75,18.8,80.02,3.02,0.0,17.56,33.33
2011-02-01,Madurai,9.9252,78.1198,Irrigated,23.36,30.14,18.55,78.01,2.85,0.0,21.52,33.42
2011-02-02,Madurai,9.9252,78.1198,Irrigated,22.86,28.9,18.51,76.66,3.11,0.0,17.57,33.52
2011-02-03,Madurai,9.9252,78.1198,Irrigated,23.03,27.28,19.79,79.39,2.82,0.01,16.46,33.61
2011-02-04,Madurai,9.9252,78.1198,Irrigated,23.58,28.7,20.47,76.67,2.52,0.0,17.47,33.7
2011-02-05,Madurai,9.9252,78.1198,Irrigated,23.4,30.26,17.93,74.64,2.62,0.0,22.95,33.8
2011-02-06,Madurai,9.9252,78.1198,Irrigated,23.35,29.76,17.73,76.52,2.44,0.0,18.07,33.89
2011-02-07,Madurai,9.9252,78.1198,Irrigated,24.07,30.49,19.34,76.68,2.32,0.0,11.96,33.99
2011-02-08,Madurai,9.9252,78.1198,Irrigated,23.8,31.5,18.73,69.13,1.99,0.0,22.22,34.08
2011-02-09,Madurai,9.9252,78.1198,Irrigated,23.59,31.43,17.08,73.36,1.94,0.09,23.46,34.17
2011-02-10,Madurai,9.9252,78.1198,Irrigated,23.25,31.78,17.21,69.61,2.25,0.22,24.34,34.27
2011-02-11,Madurai,9.9252,78.1198,Irrigated,22.66,30.72,15.84,74.46,2.25,0.0,21.48,34.36
2011-02-12,Madurai,9.9252,78.1198,Irrigated,23.24,31.01,17.3,72.64,2.15,0.0,22.31,34.45
2011-02-13,Madurai,9.9252,78.1198,Irrigated,22.65,30.96,15.59,69.62,2.23,0.0,23.42,34.54
2011-02-14,Madurai,9.9252,78.1198,Irrigated,23.1,31.19,15.85,71.96,1.65,0.0,22.78,34.63
2011-02-15,Madurai,9.9252,78.1198,Irrigated,24.86,33.02,17.75,70.18,1.33,0.0,21.68,34.72
2011-02-16,Madurai,9.9252,78.1198,Irrigated,25.92,33.58,19.66,71.35,1.2,0.0,21.62,34.82
2011-02-17,Madurai,9.9252,78.1198,Irrigated,26.53,33.55,21.51,72.4,1.2,0.0,20.98,34.91
2011-02-18,Madurai,9.9252,78.1198,Irrigated,26.9,33.77,21.84,72.43,1.42,0.0,18.6,35.0
2011-02-19,Madurai,9.9252,78.1198,Irrigated,27.33,33.94,22.94,72.41,1.41,0.0,20.27,35.09
2011-02-20,Madurai,9.9252,78.1198,Irrigated,27.45,34.59,22.78,71.26,1.73,0.0,19.95,35.18
2011-02-21,Madurai,9.9252,78.1198,Irrigated,27.02,33.32,22.7,73.43,1.57,0.08,14.84,35.27
2011-02-22,Madurai,9.9252,78.1198,Irrigated,26.08,31.43,22.42,77.87,1.77,2.88,15.63,35.36
2011-02-23,Madurai,9.9252,78.1198,Irrigated,26.05,31.99,21.79,76.8,1.85,6.13,18.94,35.45
2011-02-24,Madurai,9.9252,78.1198,Irrigated,25.44,30.72,21.56,80.12,1.53,16.48,16.69,35.53
2011-02-25,Madurai,9.9252,78.1198,Irrigated,26.06,32.46,20.97,73.05,1.61,0.88,19.39,35.62
2011-02-26,Madurai,9.9252,78.1198,Irrigated,25.97,32.37,20.65,72.42,1.74,1.52,19.81,35.7
2011-02-27,Madurai,9.9252,78.1198,Irrigated,25.75,33.35,20.65,68.67,2.25,0.0,23.57,35.79
2011-02-28,Madurai,9.9252,78.1198,Irrigated,25.67,33.97,19.95,69.26,2.63,0.0,22.0,35.87
2011-03-01,Madurai,9.9252,78.1198,Irrigated,25.4,33.42,19.65,69.9,2.7,0.0,22.17,35.94
2011-03-02,Madurai,9.9252,78.1198,Irrigated,25.13,33.58,18.33,66.11,2.46,0.0,25.22,36.02
2011-03-03,Madurai,9.9252,78.1198,Irrigated,25.2,33.83,17.43,67.99,2.22,0.0,24.73,36.1
2011-03-04,Madurai,9.9252,78.1198,Irrigated,26.12,34.16,19.09,69.37,1.8,0.0,21.6,36.17
2011-03-05,Madurai,9.9252,78.1198,Irrigated,27.11,34.82,21.18,67.51,1.68,0.0,23.49,36.24
2011-03-06,Madurai,9.9252,78.1198,Irrigated,26.87,35.49,20.89,63.81,1.8,0.0,24.32,36.32
2011-03-07,Madurai,9.9252,78.1198,Irrigated,26.21,35.17,18.4,59.01,2.0,0.0,24.82,36.39
2011-03-08,Madurai,9.9252,78.1198,Irrigated,27.03,36.72,18.56,54.94,2.05,0.0,24.51,36.46
2011-03-09,Madurai,9.9252,78.1198,Irrigated,27.83,37.01,21.27,50.05,1.77,0.0,24.95,36.52
2011-03-10,Madurai,9.9252,78.1198,Irrigated,27.25,36.59,20.26,51.63,1.73,0.0,26.02,36.59
2011-03-11,Madurai,9.9252,78.1198,Irrigated,26.6,36.1,19.4,53.17,1.52,0.0,26.47,36.66
2011-03-12,Madurai,9.9252,78.1198,Irrigated,27.38,36.03,19.39,62.63,2.12,0.03,24.66,36.73
2011-03-13,Madurai,9.9252,78.1198,Irrigated,28.35,35.93,22.62,65.0,2.8,0.09,23.85,36.8
2011-03-14,Madurai,9.9252,78.1198,Irrigated,28.25,36.06,22.64,64.39,3.04,0.06,24.36,36.86
2011-03-15,Madurai,9.9252,78.1198,Irrigated,27.95,36.66,22.13,59.8,2.73,0.0,25.6,36.92
2011-03-16,Madurai,9.9252,78.1198,Irrigated,27.45,35.8,21.32,61.16,2.8,0.0,25.85,36.98
2011-03-17,Madurai,9.9252,78.1198,Irrigated,27.03,35.65,20.7,59.7,2.88,0.0,24.63,37.03
2011-03-18,Madurai,9.9252,78.1198,Irrigated,26.61,35.15,18.84,63.42,2.24,0.0,24.19,37.08
2011-03-19,Madurai,9.9252,78.1198,Irrigated,28.7,36.85,21.53,61.37,1.96,0.0,24.14,37.13
2011-03-20,Madurai,9.9252,78.1198,Irrigated,29.61,36.84,24.19,61.58,1.74,0.0,23.64,37.17
2011-03-21,Madurai,9.9252,78.1198,Irrigated,30.24,37.67,24.14,57.5,1.73,0.0,23.28,37.22
2011-03-22,Madurai,9.9252,78.1198,Irrigated,30.12,38.2,23.93,58.69,2.17,0.0,23.77,37.26
2011-03-23,Madurai,9.9252,78.1198,Irrigated,29.89,38.08,23.84,56.86,1.82,0.01,24.73,37.31
2011-03-24,Madurai,9.9252,78.1198,Irrigated,29.84,37.81,23.95,56.43,1.75,0.03,24.43,37.35
2011-03-25,Madurai,9.9252,78.1198,Irrigated,30.18,37.55,24.24,60.03,1.81,0.51,22.63,37.39
2011-03-26,Madurai,9.9252,78.1198,Irrigated,30.22,38.0,24.16,57.66,2.18,0.04,22.38,37.43
2011-03-27,Madurai,9.9252,78.1198,Irrigated,30.41,37.91,24.21,57.77,1.98,0.0,22.88,37.46
2011-03-28,Madurai,9.9252,78.1198,Irrigated,30.57,37.76,24.28,53.86,1.59,0.0,23.08,37.5
2011-03-29,Madurai,9.9252,78.1198,Irrigated,30.97,38.52,25.17,51.13,1.86,0.03,23.94,37.53
2011-03-30,Madurai,9.9252,78.1198,Irrigated,30.35,39.0,23.34,51.67,2.01,0.0,24.79,37.56
2011-03-31,Madurai,9.9252,78.1198,Irrigated,30.26,39.13,23.08,51.42,1.98,0.0,24.73,37.6
2011-04-01,Madurai,9.9252,78.1198,Irrigated,31.04,40.07,22.89,46.69,2.01,0.0,23.76,37.62
2011-04-02,Madurai,9.9252,78.1198,Irrigated,31.56,39.98,23.91,48.21,2.53,0.0,24.26,37.65
2011-04-03,Madurai,9.9252,78.1198,Irrigated,32.06,39.25,25.59,47.94,1.82,0.02,23.69,37.67
2011-04-04,Madurai,9.9252,78.1198,Irrigated,32.31,39.61,26.61,45.68,1.9,0.21,23.42,37.69
2011-04-05,Madurai,9.9252,78.1198,Irrigated,31.83,39.28,26.31,45.41,2.31,0.01,24.06,37.71
2011-04-06,Madurai,9.9252,78.1198,Irrigated,30.13,37.89,24.07,51.17,2.5,0.0,25.28,37.73
2011-04-07,Madurai,9.9252,78.1198,Irrigated,29.88,38.39,22.85,48.17,2.32,0.0,26.29,37.74
2011-04-08,Madurai,9.9252,78.1198,Irrigated,30.07,38.39,22.1,51.72,2.1,0.01,24.7,37.75
2011-04-09,Madurai,9.9252,78.1198,Irrigated,31.08,39.05,25.17,53.71,2.23,1.09,21.88,37.77
2011-04-10,Madurai,9.9252,78.1198,Irrigated,29.98,37.2,24.65,60.5,2.27,1.8,20.11,37.77
2011-04-11,Madurai,9.9252,78.1198,Irrigated,30.38,37.41,25.19,58.07,2.24,0.08,19.4,37.78
2011-04-12,Madurai,9.9252,78.1198,Irrigated,30.74,38.15,24.88,56.47,2.4,0.16,22.88,37.78
2011-04-13,Madurai,9.9252,78.1198,Irrigated,31.34,39.52,24.94,54.44,2.47,0.1,22.29,37.79
2011-04-14,Madurai,9.9252,78.1198,Irrigated,31.67,38.86,25.22,52.01,1.79,0.03,21.7,37.79
2011-04-15,Madurai,9.9252,78.1198,Irrigated,30.52,35.77,26.43,55.69,2.02,0.41,23.28,37.79
2011-04-16,Madurai,9.9252,78.1198,Irrigated,30.43,38.16,24.6,53.9,2.53,0.02,21.92,37.78
2011-04-17,Madurai,9.9252,78.1198,Irrigated,30.66,37.45,24.89,53.57,1.96,0.24,19.06,37.78
2011-04-18,Madurai,9.9252,78.1198,Irrigated,30.75,38.17,25.2,53.64,2.58,0.25,19.88,37.78
2011-04-19,Madurai,9.9252,78.1198,Irrigated,29.79,34.68,25.52,57.66,1.94,0.21,21.08,37.77
2011-04-20,Madurai,9.9252,78.1198,Irrigated,29.37,33.79,25.11,54.35,2.14,1.36,18.91,37.77
2011-04-21,Madurai,9.9252,78.1198,Irrigated,29.22,35.27,24.53,58.99,1.94,3.09,21.73,37.77
2011-04-22,Madurai,9.9252,78.1198,Irrigated,27.34,32.77,24.45,76.68,2.29,13.58,19.72,37.76
2011-04-23,Madurai,9.9252,78.1198,Irrigated,25.32,27.85,23.92,87.5,2.2,17.83,11.8,37.75
2011-04-24,Madurai,9.9252,78.1198,Irrigated,27.59,33.36,22.8,73.5,1.0,8.68,20.29,37.74
2011-04-25,Madurai,9.9252,78.1198,Irrigated,26.72,32.16,23.58,78.46,1.15,3.22,15.97,37.73
2011-04-26,Madurai,9.9252,78.1198,Irrigated,28.67,34.76,23.38,68.83,1.57,0.68,22.04,37.72
2011-04-27,Madurai,9.9252,78.1198,Irrigated,29.18,35.18,24.57,69.04,1.47,0.16,21.71,37.71
2011-04-28,Madurai,9.9252,78.1198,Irrigated,28.91,33.71,24.86,68.96,1.04,0.09,20.71,37.7
2011-04-29,Madurai,9.9252,78.1198,Irrigated,30.17,36.59,24.85,64.01,1.37,0.26,21.76,37.68
2011-04-30,Madurai,9.9252,78.1198,Irrigated,30.13,35.88,25.95,63.29,1.3,0.03,21.42,37.67
2011-05-01,Madurai,9.9252,78.1198,Irrigated,30.23,35.2,25.4,62.64,1.02,0.27,21.81,37.65
2011-05-02,Madurai,9.9252,78.1198,Irrigated,30.09,35.44,25.31,62.69,1.27,0.02,21.72,37.63
2011-05-03,Madurai,9.9252,78.1198,Irrigated,29.72,35.38,25.16,67.89,1.47,18.21,21.5,37.6
2011-05-04,Madurai,9.9252,78.1198,Irrigated,29.25,35.13,24.92,66.69,2.11,0.02,17.77,37.58
2011-05-05,Madurai,9.9252,78.1198,Irrigated,28.65,33.89,25.32,67.83,1.91,0.03,20.92,37.56
2011-05-06,Madurai,9.9252,78.1198,Irrigated,30.03,35.72,24.71,63.15,1.97,0.0,21.64,37.54
2011-05-07,Madurai,9.9252,78.1198,Irrigated,31.09,38.0,25.48,57.87,1.41,0.0,23.2,37.52
2011-05-08,Madurai,9.9252,78.1198,Irrigated,31.09,39.89,23.46,50.71,1.2,0.0,24.9,37.5
2011-05-09,Madurai,9.9252,78.1198,Irrigated,30.4,39.08,22.36,51.78,1.23,0.0,25.84,37.47
2011-05-10,Madurai,9.9252,78.1198,Irrigated,30.8,38.92,23.24,55.07,1.85,0.0,26.14,37.45
2011-05-11,Madurai,9.9252,78.1198,Irrigated,30.93,38.8,23.96,54.27,1.8,0.0,26.37,37.43
2011-05-12,Madurai,9.9252,78.1198,Irrigated,30.96,38.73,24.08,54.99,1.76,0.0,26.77,37.4
2011-05-13,Madurai,9.9252,78.1198,Irrigated,31.56,39.48,24.46,53.37,1.94,0.3,26.07,37.38
2011-05-14,Madurai,9.9252,78.1198,Irrigated,32.25,40.31,25.09,52.66,1.42,0.01,25.55,37.35
2011-05-15,Madurai,9.9252,78.1198,Irrigated,32.27,39.33,25.44,53.0,1.16,0.0,24.75,37.32
2011-05-16,Madurai,9.9252,78.1198,Irrigated,31.75,39.54,25.54,54.12,2.25,0.0,24.99,37.3
2011-05-17,Madurai,9.9252,78.1198,Irrigated,31.74,38.82,25.61,52.99,2.47,0.0,24.42,37.27
2011-05-18,Madurai,9.9252,78.1198,Irrigated,31.95,38.4,26.36,53.3,1.9,0.0,24.17,37.25
2011-05-19,Madurai,9.9252,78.1198,Irrigated,30.93,36.1,26.94,57.71,2.3,1.09,23.14,37.22
2011-05-20,Madurai,9.9252,78.1198,Irrigated,29.84,35.3,25.59,67.64,1.92,20.92,24.06,37.2
2011-05-21,Madurai,9.9252,78.1198,Irrigated,29.54,35.78,25.14,67.11,1.96,0.36,21.03,37.17
2011-05-22,Madurai,9.9252,78.1198,Irrigated,30.57,37.15,24.48,58.73,1.24,0.0,23.84,37.15
2011-05-23,Madurai,9.9252,78.1198,Irrigated,31.53,37.65,25.58,56.81,0.99,0.06,24.52,37.12
2011-05-24,Madurai,9.9252,78.1198,Irrigated,31.27,36.54,26.29,60.44,1.17,0.32,22.81,37.1
2011-05-25,Madurai,9.9252,78.1198,Irrigated,30.98,35.41,26.56,62.82,1.28,0.01,22.83,37.07
2011-05-26,Madurai,9.9252,78.1198,Irrigated,30.2,34.65,26.49,62.5,1.51,0.03,23.47,37.05
2011-05-27,Madurai,9.9252,78.1198,Irrigated,30.21,36.0,25.2,61.11,1.8,0.93,23.05,37.02
2011-05-28,Madurai,9.9252,78.1198,Irrigated,29.97,35.14,25.55,59.45,2.33,0.13,22.37,36.99
2011-05-29,Madurai,9.9252,78.1198,Irrigated,29.64,35.37,24.93,58.38,2.44,0.06,23.43,36.97
2011-05-30,Madurai,9.9252,78.1198,Irrigated,30.37,36.1,25.27,63.5,2.4,1.94,24.37,36.95
2011-05-31,Madurai,9.9252,78.1198,Irrigated,29.05,35.46,24.9,68.07,3.0,22.58,24.2,36.93
2011-06-01,Madurai,9.9252,78.1198,Irrigated,28.28,34.2,24.54,70.71,2.85,3.98,20.42,36.91
2011-06-02,Madurai,9.9252,78.1198,Irrigated,27.33,31.24,24.35,72.41,4.1,1.49,17.61,36.88
2011-06-03,Madurai,9.9252,78.1198,Irrigated,27.46,33.58,24.2,75.46,1.69,2.61,18.39,36.86
2011-06-04,Madurai,9.9252,78.1198,Irrigated,28.37,33.93,23.66,72.04,2.19,1.09,21.91,36.84
2011-06-05,Madurai,9.9252,78.1198,Irrigated,28.96,35.34,23.78,66.84,2.75,0.12,19.05,36.83
2011-06-06,Madurai,9.9252,78.1198,Irrigated,29.66,37.02,24.33,60.29,2.86,0.08,21.45,36.81
2011-06-07,Madurai,9.9252,78.1198,Irrigated,29.71,37.47,23.6,59.37,2.09,0.0,22.19,36.8
2011-06-08,Madurai,9.9252,78.1198,Irrigated,29.59,37.21,24.27,60.3,2.07,0.0,24.01,36.78
2011-06-09,Madurai,9.9252,78.1198,Irrigated,29.02,35.49,24.31,66.0,2.34,0.66,24.03,36.76
2011-06-10,Madurai,9.9252,78.1198,Irrigated,29.46,35.88,24.63,64.93,2.85,0.01,21.27,36.74
2011-06-11,Madurai,9.9252,78.1198,Irrigated,29.37,35.57,24.73,63.79,2.54,0.0,19.52,36.73
2011-06-12,Madurai,9.9252,78.1198,Irrigated,29.05,35.27,24.36,65.24,2.56,0.0,22.86,36.71
2011-06-13,Madurai,9.9252,78.1198,Irrigated,28.38,34.88,23.59,59.77,3.61,0.4,21.15,36.7
2011-06-14,Madurai,9.9252,78.1198,Irrigated,27.3,34.65,22.94,64.83,3.77,0.24,20.83,36.69
2011-06-15,Madurai,9.9252,78.1198,Irrigated,28.06,34.57,23.14,57.56,3.0,0.02,21.41,36.68
2011-06-16,Madurai,9.9252,78.1198,Irrigated,27.46,32.45,23.95,63.07,3.3,0.07,20.49,36.67
2011-06-17,Madurai,9.9252,78.1198,Irrigated,27.83,33.79,22.53,57.07,3.65,0.4,20.52,36.66
2011-06-18,Madurai,9.9252,78.1198,Irrigated,28.47,35.37,22.07,53.04,3.53,0.13,22.71,36.65
2011-06-19,Madurai,9.9252,78.1198,Irrigated,29.69,37.15,24.01,57.54,3.45,0.08,22.87,36.64
2011-06-20,Madurai,9.9252,78.1198,Irrigated,30.39,38.83,22.98,54.57,3.37,0.0,23.31,36.63
2011-06-21,Madurai,9.9252,78.1198,Irrigated,29.4,35.35,25.01,55.89,2.82,0.01,24.0,36.63
2011-06-22,Madurai,9.9252,78.1198,Irrigated,29.59,37.25,23.0,55.69,3.16,0.03,23.6,36.63
2011-06-23,Madurai,9.9252,78.1198,Irrigated,31.17,39.46,23.35,52.14,2.64,0.01,22.93,36.62
2011-06-24,Madurai,9.9252,78.1198,Irrigated,31.53,38.79,25.37,51.23,3.15,0.07,21.78,36.62
2011-06-25,Madurai,9.9252,78.1198,Irrigated,30.57,34.49,27.21,55.26,3.39,0.28,18.17,36.62
2011-06-26,Madurai,9.9252,78.1198,Irrigated,30.57,36.84,25.8,53.94,4.26,0.03,20.95,36.62
2011-06-27,Madurai,9.9252,78.1198,Irrigated,29.9,36.79,24.82,50.49,4.62,0.03,20.63,36.62
2011-06-28,Madurai,9.9252,78.1198,Irrigated,29.41,35.24,25.04,46.23,4.69,0.03,22.02,36.62
2011-06-29,Madurai,9.9252,78.1198,Irrigated,31.01,38.1,24.63,42.53,2.47,0.0,22.58,36.62
2011-06-30,Madurai,9.9252,78.1198,Irrigated,31.73,38.68,25.11,42.88,1.64,0.02,22.11,36.62
2011-07-01,Madurai,9.9252,78.1198,Irrigated,31.24,36.61,26.02,49.16,1.54,2.03,19.6,36.62
2011-07-02,Madurai,9.9252,78.1198,Irrigated,30.29,36.09,25.56,49.15,2.73,0.07,22.02,36.63
2011-07-03,Madurai,9.9252,78.1198,Irrigated,30.06,36.77,24.15,49.39,2.19,0.28,15.68,36.63
2011-07-04,Madurai,9.9252,78.1198,Irrigated,30.65,38.86,24.17,46.67,3.92,0.5,21.8,36.64
2011-07-05,Madurai,9.9252,78.1198,Irrigated,27.78,34.03,23.7,55.76,3.22,13.61,18.9,36.65
2011-07-06,Madurai,9.9252,78.1198,Irrigated,28.16,35.69,22.57,59.55,3.0,0.34,18.98,36.66
2011-07-07,Madurai,9.9252,78.1198,Irrigated,28.23,34.94,23.66,61.5,2.09,16.33,21.56,36.66
2011-07-08,Madurai,9.9252,78.1198,Irrigated,27.75,33.4,23.38,64.63,2.17,0.16,21.07,36.67
2011-07-09,Madurai,9.9252,78.1198,Irrigated,27.65,32.94,23.43,68.73,1.19,14.08,22.25,36.68
2011-07-10,Madurai,9.9252,78.1198,Irrigated,28.4,34.64,22.9,61.64,1.83,0.37,21.92,36.69
2011-07-11,Madurai,9.9252,78.1198,Irrigated,28.53,34.75,23.68,65.39,2.15,0.17,20.56,36.71
2011-07-12,Madurai,9.9252,78.1198,Irrigated,27.32,32.83,23.76,61.87,3.84,0.05,19.96,36.72
2011-07-13,Madurai,9.9252,78.1198,Irrigated,27.37,32.58,22.81,54.58,4.31,0.03,20.77,36.74
2011-07-14,Madurai,9.9252,78.1198,Irrigated,27.84,34.2,23.28,50.0,4.98,0.06,19.88,36.75
2011-07-15,Madurai,9.9252,78.1198,Irrigated,27.63,34.25,23.21,54.02,4.32,0.09,20.36,36.76
2011-07-16,Madurai,9.9252,78.1198,Irrigated,28.33,34.42,23.58,59.22,4.48,0.3,19.27,36.78
2011-07-17,Madurai,9.9252,78.1198,Irrigated,28.11,34.18,23.77,61.18,3.67,0.13,22.11,36.79
2011-07-18,Madurai,9.9252,78.1198,Irrigated,28.21,34.4,23.67,61.58,3.71,0.05,21.25,36.81
2011-07-19,Madurai,9.9252,78.1198,Irrigated,28.38,35.28,23.39,58.53,3.47,0.03,21.71,36.82
2011-07-20,Madurai,9.9252,78.1198,Irrigated,28.66,34.75,24.23,57.46,4.02,0.01,21.53,36.84
2011-07-21,Madurai,9.9252,78.1198,Irrigated,29.24,37.24,23.03,54.56,3.49,0.03,23.23,36.85
2011-07-22,Madurai,9.9252,78.1198,Irrigated,28.47,35.03,23.5,56.44,3.38,0.01,19.61,36.87
2011-07-23,Madurai,9.9252,78.1198,Irrigated,28.81,36.7,22.79,58.23,3.56,0.04,20.49,36.89
2011-07-24,Madurai,9.9252,78.1198,Irrigated,27.83,33.27,23.91,59.75,3.56,0.02,21.41,36.9
2011-07-25,Madurai,9.9252,78.1198,Irrigated,28.55,35.44,22.68,56.26,1.82,0.19,17.27,36.92
2011-07-26,Madurai,9.9252,78.1198,Irrigated,29.69,38.15,23.18,51.82,2.26,0.99,19.65,36.93
2011-07-27,Madurai,9.9252,78.1198,Irrigated,28.15,34.54,22.92,54.6,3.43,0.09,20.61,36.95
2011-07-28,Madurai,9.9252,78.1198,Irrigated,28.34,35.86,23.3,55.08,2.91,4.13,20.89,36.96
2011-07-29,Madurai,9.9252,78.1198,Irrigated,26.87,32.33,23.16,59.66,3.38,0.05,19.08,36.97
2011-07-30,Madurai,9.9252,78.1198,Irrigated,27.19,31.55,22.82,63.29,1.9,0.01,21.28,36.98
2011-07-31,Madurai,9.9252,78.1198,Irrigated,29.72,37.06,23.56,57.6,2.73,0.0,21.03,36.99
2011-08-01,Madurai,9.9252,78.1198,Irrigated,30.22,38.66,23.19,53.11,3.22,0.03,22.64,37.0
2011-08-02,Madurai,9.9252,78.1198,Irrigated,30.21,38.21,23.58,54.3,3.66,0.04,21.9,37.02
2011-08-03,Madurai,9.9252,78.1198,Irrigated,28.44,33.23,24.86,60.43,3.35,0.04,18.32,37.04
2011-08-04,Madurai,9.9252,78.1198,Irrigated,29.35,36.39,23.74,54.64,3.7,0.09,22.24,37.07
2011-08-05,Madurai,9.9252,78.1198,Irrigated,28.88,35.01,24.66,55.71,3.27,2.12,22.66,37.09
2011-08-06,Madurai,9.9252,78.1198,Irrigated,29.02,35.97,23.94,54.19,3.75,0.37,23.28,37.11
2011-08-07,Madurai,9.9252,78.1198,Irrigated,29.75,36.13,24.68,54.37,3.81,0.04,21.85,37.13
2011-08-08,Madurai,9.9252,78.1198,Irrigated,28.97,35.12,25.12,62.25,2.18,7.06,23.15,37.15
2011-08-09,Madurai,9.9252,78.1198,Irrigated,29.08,35.94,23.63,62.46,1.91,1.69,23.03,37.17
2011-08-10,Madurai,9.9252,78.1198,Irrigated,30.09,37.68,23.92,56.65,2.04,0.32,23.1,37.18
2011-08-11,Madurai,9.9252,78.1198,Irrigated,29.36,35.98,24.32,58.06,2.9,0.32,20.72,37.2
2011-08-12,Madurai,9.9252,78.1198,Irrigated,29.28,35.98,23.8,54.53,2.56,0.05,19.7,37.21
2011-08-13,Madurai,9.9252,78.1198,Irrigated,29.35,34.63,24.45,55.08,1.65,0.04,15.9,37.22
2011-08-14,Madurai,9.9252,78.1198,Irrigated,29.38,34.22,24.56,51.69,1.26,0.01,18.18,37.23
2011-08-15,Madurai,9.9252,78.1198,Irrigated,28.58,34.28,24.79,62.78,1.12,18.41,18.62,37.24
2011-08-16,Madurai,9.9252,78.1198,Irrigated,28.0,33.79,22.96,67.71,1.47,0.7,20.41,37.25
2011-08-17,Madurai,9.9252,78.1198,Irrigated,27.13,32.11,24.44,72.15,1.44,11.7,19.03,37.26
2011-08-18,Madurai,9.9252,78.1198,Irrigated,27.83,33.64,23.38,67.88,2.02,0.1,20.75,37.26
2011-08-19,Madurai,9.9252,78.1198,Irrigated,28.28,34.12,23.39,64.46,1.33,0.03,20.64,37.27
2011-08-20,Madurai,9.9252,78.1198,Irrigated,28.38,34.75,23.92,67.28,1.49,1.71,20.6,37.27
2011-08-21,Madurai,9.9252,78.1198,Irrigated,28.41,33.61,24.83,63.91,1.96,0.08,19.85,37.27
2011-08-22,Madurai,9.9252,78.1198,Irrigated,28.56,35.02,23.48,62.92,1.44,0.04,19.98,37.27
2011-08-23,Madurai,9.9252,78.1198,Irrigated,29.19,36.55,24.16,61.13,2.26,0.02,21.74,37.28
2011-08-24,Madurai,9.9252,78.1198,Irrigated,27.33,33.36,23.37,66.54,2.76,9.11,19.24,37.29
2011-08-25,Madurai,9.9252,78.1198,Irrigated,27.98,35.57,22.43,66.8,2.31,0.97,22.36,37.29
2011-08-26,Madurai,9.9252,78.1198,Irrigated,28.41,34.85,23.26,63.95,1.84,0.16,16.7,37.29
2011-08-27,Madurai,9.9252,78.1198,Irrigated,28.08,34.24,23.15,63.83,2.95,0.0,19.92,37.29
2011-08-28,Madurai,9.9252,78.1198,Irrigated,28.53,35.04,23.36,62.84,2.26,0.06,20.79,37.28
2011-08-29,Madurai,9.9252,78.1198,Irrigated,27.87,34.43,23.33,63.7,3.36,0.13,20.51,37.27
2011-08-30,Madurai,9.9252,78.1198,Irrigated,27.17,32.97,22.75,60.22,3.0,0.17,21.46,37.27
2011-08-31,Madurai,9.9252,78.1198,Irrigated,28.21,35.44,22.38,62.57,2.91,1.4,21.85,37.26
2011-09-01,Madurai,9.9252,78.1198,Irrigated,28.78,35.79,24.38,61.49,3.9,0.37,18.55,37.25
2011-09-02,Madurai,9.9252,78.1198,Irrigated,28.31,34.71,23.98,67.58,2.47,3.69,19.53,37.24
2011-09-03,Madurai,9.9252,78.1198,Irrigated,28.13,34.54,23.79,65.64,2.89,0.05,22.16,37.23
2011-09-04,Madurai,9.9252,78.1198,Irrigated,29.31,36.58,23.55,61.3,2.09,0.14,22.34,37.21
2011-09-05,Madurai,9.9252,78.1198,Irrigated,30.14,37.86,24.52,57.92,2.08,0.84,22.63,37.2
2011-09-06,Madurai,9.9252,78.1198,Irrigated,28.42,34.04,24.64,60.69,2.62,0.55,19.71,37.18
2011-09-07,Madurai,9.9252,78.1198,Irrigated,29.05,35.95,23.4,58.11,2.47,0.01,22.37,37.16
2011-09-08,Madurai,9.9252,78.1198,Irrigated,28.66,36.02,23.06,66.9,1.57,18.01,23.44,37.14
2011-09-09,Madurai,9.9252,78.1198,Irrigated,28.02,33.61,23.48,69.78,1.27,3.36,22.64,37.12
2011-09-10,Madurai,9.9252,78.1198,Irrigated,28.37,34.59,23.39,66.69,1.95,2.8,21.28,37.1
2011-09-11,Madurai,9.9252,78.1198,Irrigated,28.09,35.52,22.9,64.79,2.59,0.76,22.01,37.08
2011-09-12,Madurai,9.9252,78.1198,Irrigated,27.69,34.3,23.15,66.87,1.96,25.7,20.17,37.05
2011-09-13,Madurai,9.9252,78.1198,Irrigated,27.24,34.89,21.82,57.6,3.18,0.2,20.68,37.02
2011-09-14,Madurai,9.9252,78.1198,Irrigated,27.76,34.57,22.47,59.28,2.81,0.08,21.29,36.99
2011-09-15,Madurai,9.9252,78.1198,Irrigated,27.89,34.5,22.88,64.67,2.63,5.7,20.1,36.96
2011-09-16,Madurai,9.9252,78.1198,Irrigated,28.77,35.99,23.39,64.2,1.9,0.43,22.53,36.93
2011-09-17,Madurai,9.9252,78.1198,Irrigated,28.74,35.25,22.99,64.39,1.58,0.92,23.39,36.9
2011-09-18,Madurai,9.9252,78.1198,Irrigated,28.43,35.1,22.65,65.42,1.52,0.0,23.24,36.86
2011-09-19,Madurai,9.9252,78.1198,Irrigated,29.47,36.84,23.3,61.9,1.27,0.07,24.19,36.83
2011-09-20,Madurai,9.9252,78.1198,Irrigated,29.26,36.03,24.2,63.32,1.72,0.04,18.17,36.79
2011-09-21,Madurai,9.9252,78.1198,Irrigated,27.71,33.6,23.24,66.62,2.21,8.32,19.35,36.76
2011-09-22,Madurai,9.9252,78.1198,Irrigated,28.57,35.96,21.96,63.67,1.42,0.01,23.24,36.71
2011-09-23,Madurai,9.9252,78.1198,Irrigated,28.86,36.33,22.69,58.2,1.62,0.0,22.78,36.66
2011-09-24,Madurai,9.9252,78.1198,Irrigated,29.04,37.59,21.24,61.12,0.78,2.22,23.54,36.61
2011-09-25,Madurai,9.9252,78.1198,Irrigated,29.81,36.08,24.43,62.12,0.87,0.18,23.2,36.55
2011-09-26,Madurai,9.9252,78.1198,Irrigated,30.14,36.33,24.73,60.09,0.98,4.86,23.54,36.49
2011-09-27,Madurai,9.9252,78.1198,Irrigated,29.7,36.09,23.71,61.03,0.97,0.03,22.97,36.44
2011-09-28,Madurai,9.9252,78.1198,Irrigated,29.89,36.4,23.62,59.72,0.88,0.0,21.38,36.39
2011-09-29,Madurai,9.9252,78.1198,Irrigated,29.11,34.13,24.7,61.76,1.24,6.1,21.16,36.34
2011-09-30,Madurai,9.9252,78.1198,Irrigated,27.19,30.78,24.66,77.45,1.12,27.58,19.26,36.29
2011-10-01,Madurai,9.9252,78.1198,Irrigated,26.73,29.91,24.15,80.39,0.85,5.78,21.21,36.24
2011-10-02,Madurai,9.9252,78.1198,Irrigated,27.56,31.78,23.63,75.2,0.63,4.7,22.45,36.19
2011-10-03,Madurai,9.9252,78.1198,Irrigated,28.3,33.59,23.43,70.73,0.92,3.59,22.04,36.14
2011-10-04,Madurai,9.9252,78.1198,Irrigated,28.19,33.24,24.66,71.96,1.02,5.11,22.54,36.08
2011-10-05,Madurai,9.9252,78.1198,Irrigated,27.34,31.91,23.65,73.95,1.09,6.12,22.41,36.01
2011-10-06,Madurai,9.9252,78.1198,Irrigated,27.88,33.45,22.96,71.87,1.21,3.71,22.99,35.95
2011-10-07,Madurai,9.9252,78.1198,Irrigated,27.44,32.31,23.21,75.51,0.88,2.87,21.39,35.88
2011-10-08,Madurai,9.9252,78.1198,Irrigated,28.75,34.75,23.23,68.63,0.66,0.76,22.39,35.81
2011-10-09,Madurai,9.9252,78.1198,Irrigated,28.78,34.92,23.29,67.91,0.95,2.03,21.69,35.74
2011-10-10,Madurai,9.9252,78.1198,Irrigated,28.26,33.28,24.51,71.64,0.77,0.1,20.71,35.67
2011-10-11,Madurai,9.9252,78.1198,Irrigated,27.75,32.66,24.09,72.0,1.21,1.12,15.42,35.6
2011-10-12,Madurai,9.9252,78.1198,Irrigated,26.25,29.31,23.64,77.0,0.82,14.74,18.28,35.53
2011-10-13,Madurai,9.9252,78.1198,Irrigated,26.59,30.71,23.17,79.89,1.18,12.05,20.49,35.45
2011-10-14,Madurai,9.9252,78.1198,Irrigated,27.27,31.97,23.43,77.9,0.9,4.03,17.34,35.38
2011-10-15,Madurai,9.9252,78.1198,Irrigated,26.83,30.69,24.08,80.72,1.05,2.47,18.12,35.3
2011-10-16,Madurai,9.9252,78.1198,Irrigated,25.92,28.74,24.12,87.79,0.95,11.28,18.76,35.22
2011-10-17,Madurai,9.9252,78.1198,Irrigated,25.33,28.45,23.18,85.17,1.22,8.43,18.23,35.15
2011-10-18,Madurai,9.9252,78.1198,Irrigated,25.48,29.58,22.49,85.38,1.04,24.32,19.53,35.07
2011-10-19,Madurai,9.9252,78.1198,Irrigated,26.6,30.93,23.03,80.06,0.96,2.49,20.96,35.0
2011-10-20,Madurai,9.9252,78.1198,Irrigated,27.19,32.7,22.49,75.06,1.27,0.06,20.76,34.93
2011-10-21,Madurai,9.9252,78.1198,Irrigated,27.19,32.88,23.05,74.83,1.11,0.19,21.5,34.84
2011-10-22,Madurai,9.9252,78.1198,Irrigated,26.25,30.99,23.43,82.19,1.46,4.0,18.22,34.76
2011-10-23,Madurai,9.9252,78.1198,Irrigated,24.81,27.91,22.4,85.93,1.41,2.72,14.83,34.67
2011-10-24,Madurai,9.9252,78.1198,Irrigated,25.6,30.73,21.42,83.01,1.78,5.51,18.74,34.58
2011-10-25,Madurai,9.9252,78.1198,Irrigated,24.76,28.37,22.11,85.17,2.26,10.62,12.96,34.5
2011-10-26,Madurai,9.9252,78.1198,Irrigated,24.58,27.58,23.01,88.67,3.01,9.25,5.73,34.41
2011-10-27,Madurai,9.9252,78.1198,Irrigated,25.32,29.63,22.52,85.25,2.1,9.03,15.38,34.33
2011-10-28,Madurai,9.9252,78.1198,Irrigated,24.84,28.49,22.04,87.24,2.36,5.53,15.84,34.24
2011-10-29,Madurai,9.9252,78.1198,Irrigated,23.92,26.31,22.23,89.47,2.63,23.3,16.2,34.16
2011-10-30,Madurai,9.9252,78.1198,Irrigated,23.45,26.17,21.77,93.09,2.37,14.45,15.53,34.07
2011-10-31,Madurai,9.9252,78.1198,Irrigated,24.48,28.14,21.48,89.12,2.03,7.31,10.12,33.99
2011-11-01,Madurai,9.9252,78.1198,Irrigated,24.02,25.66,22.92,94.66,2.48,10.25,5.8,33.91
2011-11-02,Madurai,9.9252,78.1198,Irrigated,23.83,25.99,22.08,89.23,1.15,2.07,8.6,33.83
2011-11-03,Madurai,9.9252,78.1198,Irrigated,24.78,28.22,21.59,81.21,0.97,17.16,15.19,33.73
2011-11-04,Madurai,9.9252,78.1198,Irrigated,24.93,29.8,20.82,78.48,0.98,1.46,18.89,33.64
2011-11-05,Madurai,9.9252,78.1198,Irrigated,25.38,29.48,22.41,84.45,1.04,3.09,17.16,33.55
2011-11-06,Madurai,9.9252,78.1198,Irrigated,25.42,28.88,22.98,87.03,0.92,4.35,18.55,33.46
2011-11-07,Madurai,9.9252,78.1198,Irrigated,25.2,29.91,21.32,86.91,1.79,1.74,18.79,33.37
2011-11-08,Madurai,9.9252,78.1198,Irrigated,22.98,28.77,18.47,81.55,1.96,0.0,22.59,33.29
2011-11-09,Madurai,9.9252,78.1198,Irrigated,22.37,28.45,17.1,79.12,1.92,0.0,22.49,33.21
2011-11-10,Madurai,9.9252,78.1198,Irrigated,22.57,28.65,16.67,75.16,1.75,0.0,22.29,33.13
2011-11-11,Madurai,9.9252,78.1198,Irrigated,23.84,29.29,18.35,79.52,1.67,0.01,18.43,33.06
2011-11-12,Madurai,9.9252,78.1198,Irrigated,24.41,28.56,21.2,84.18,1.62,0.0,20.57,32.98
2011-11-13,Madurai,9.9252,78.1198,Irrigated,24.29,29.59,20.04,81.18,1.72,0.07,18.88,32.91
2011-11-14,Madurai,9.9252,78.1198,Irrigated,24.72,29.72,20.83,85.28,2.13,0.73,17.15,32.83
2011-11-15,Madurai,9.9252,78.1198,Irrigated,24.15,29.67,20.11,81.91,2.31,0.17,21.57,32.75
2011-11-16,Madurai,9.9252,78.1198,Irrigated,23.82,30.07,19.37,80.27,2.28,3.29,18.13,32.67
2011-11-17,Madurai,9.9252,78.1198,Irrigated,24.55,29.41,20.96,85.85,2.68,5.22,11.85,32.59
2011-11-18,Madurai,9.9252,78.1198,Irrigated,25.12,30.09,21.44,85.76,2.61,4.78,17.62,32.51
2011-11-19,Madurai,9.9252,78.1198,Irrigated,23.99,28.99,20.33,83.11,3.0,2.68,18.06,32.44
2011-11-20,Madurai,9.9252,78.1198,Irrigated,23.38,28.2,19.65,82.67,3.17,0.61,16.95,32.36
2011-11-21,Madurai,9.9252,78.1198,Irrigated,24.28,29.26,20.51,82.88,3.17,0.95,14.19,32.29
2011-11-22,Madurai,9.9252,78.1198,Irrigated,24.2,29.1,21.0,82.11,3.21,0.74,16.64,32.21
2011-11-23,Madurai,9.9252,78.1198,Irrigated,24.17,29.44,19.8,82.85,3.48,1.59,18.39,32.14
2011-11-24,Madurai,9.9252,78.1198,Irrigated,24.46,27.91,21.51,89.75,3.95,15.95,13.64,32.07
2011-11-25,Madurai,9.9252,78.1198,Irrigated,24.49,26.35,23.45,93.81,4.04,32.44,9.04,32.01
2011-11-26,Madurai,9.9252,78.1198,Irrigated,24.66,26.61,23.52,93.68,4.41,25.94,12.22,31.94
2011-11-27,Madurai,9.9252,78.1198,Irrigated,24.34,26.42,22.72,93.43,2.75,13.05,12.57,31.88
2011-11-28,Madurai,9.9252,78.1198,Irrigated,24.3,27.55,22.45,91.99,1.5,7.53,15.55,31.83
2011-11-29,Madurai,9.9252,78.1198,Irrigated,24.88,28.91,21.79,88.48,1.52,1.35,16.58,31.77
2011-11-30,Madurai,9.9252,78.1198,Irrigated,24.95,28.93,22.46,90.37,2.49,2.86,13.78,31.71
2011-12-01,Madurai,9.9252,78.1198,Irrigated,24.73,28.82,21.74,87.55,1.64,2.33,11.58,31.66
2011-12-02,Madurai,9.9252,78.1198,Irrigated,24.63,28.97,21.61,86.35,1.2,0.28,17.28,31.61
2011-12-03,Madurai,9.9252,78.1198,Irrigated,24.74,29.94,21.0,81.83,0.84,0.25,17.06,31.56
2011-12-04,Madurai,9.9252,78.1198,Irrigated,24.15,28.86,20.64,85.74,1.07,0.32,17.67,31.51
2011-12-05,Madurai,9.9252,78.1198,Irrigated,23.43,28.41,19.3,84.49,1.64,0.08,19.84,31.47
2011-12-06,Madurai,9.9252,78.1198,Irrigated,22.72,28.08,18.88,85.59,2.0,0.0,20.25,31.43
2011-12-07,Madurai,9.9252,78.1198,Irrigated,22.17,27.54,17.8,83.36,2.59,0.0,19.98,31.39
2011-12-08,Madurai,9.9252,78.1198,Irrigated,22.45,27.98,17.35,84.41,2.22,0.17,16.26,31.36
2011-12-09,Madurai,9.9252,78.1198,Irrigated,24.07,29.17,19.91,87.61,1.86,0.73,15.46,31.33
2011-12-10,Madurai,9.9252,78.1198,Irrigated,24.69,29.37,20.78,86.66,1.93,0.82,18.65,31.29
2011-12-11,Madurai,9.9252,78.1198,Irrigated,24.45,28.5,20.95,87.16,1.94,0.5,16.22,31.26
2011-12-12,Madurai,9.9252,78.1198,Irrigated,23.35,26.58,20.9,89.56,2.01,0.19,17.17,31.24
2011-12-13,Madurai,9.9252,78.1198,Irrigated,23.72,27.49,21.02,87.68,2.94,1.08,11.25,31.21
2011-12-14,Madurai,9.9252,78.1198,Irrigated,23.77,27.87,20.97,87.12,3.15,1.62,17.18,31.19
2011-12-15,Madurai,9.9252,78.1198,Irrigated,23.8,28.36,20.36,87.25,2.05,2.55,15.39,31.17
2011-12-16,Madurai,9.9252,78.1198,Irrigated,23.63,28.46,20.31,82.22,2.99,0.9,18.58,31.16
2011-12-17,Madurai,9.9252,78.1198,Irrigated,22.67,28.46,18.19,78.61,2.96,0.02,20.26,31.15
2011-12-18,Madurai,9.9252,78.1198,Irrigated,22.18,27.41,18.27,83.65,3.49,3.51,13.14,31.14
2011-12-19,Madurai,9.9252,78.1198,Irrigated,22.03,25.75,19.2,84.97,2.84,2.71,10.76,31.13
2011-12-20,Madurai,9.9252,78.1198,Irrigated,21.84,26.22,19.05,82.21,2.87,0.04,12.07,31.12
2011-12-21,Madurai,9.9252,78.1198,Irrigated,22.3,27.89,18.15,80.63,2.89,0.0,18.44,31.12
2011-12-22,Madurai,9.9252,78.1198,Irrigated,22.46,27.7,18.5,78.83,2.85,0.0,17.1,31.12
2011-12-23,Madurai,9.9252,78.1198,Irrigated,22.2,26.81,18.08,80.57,2.28,0.02,9.92,31.12
2011-12-24,Madurai,9.9252,78.1198,Irrigated,22.45,29.09,18.21,78.42,2.43,0.16,18.85,31.13
2011-12-25,Madurai,9.9252,78.1198,Irrigated,22.23,29.44,16.46,78.11,2.44,0.02,20.14,31.14
2011-12-26,Madurai,9.9252,78.1198,Irrigated,22.07,29.37,15.98,72.69,2.14,0.0,19.1,31.16
2011-12-27,Madurai,9.9252,78.1198,Irrigated,23.79,31.5,17.08,59.24,1.35,0.0,14.14,31.17
2011-12-28,Madurai,9.9252,78.1198,Irrigated,24.48,32.3,17.56,54.98,0.97,0.0,14.98,31.2
2011-12-29,Madurai,9.9252,78.1198,Irrigated,25.21,33.46,17.52,60.02,1.44,0.61,15.34,31.23
2011-12-30,Madurai,9.9252,78.1198,Irrigated,25.46,31.2,21.76,78.39,2.06,11.01,12.44,31.25
2011-12-31,Madurai,9.9252,78.1198,Irrigated,24.39,28.89,19.56,84.59,3.09,4.44,13.38,31.28
2012-01-01,Madurai,9.9252,78.1198,Irrigated,23.37,30.63,18.37,78.85,1.47,0.04,21.71,31.31
2012-01-02,Madurai,9.9252,78.1198,Irrigated,24.75,31.56,20.25,79.03,1.1,0.0,20.4,31.35
2012-01-03,Madurai,9.9252,78.1198,Irrigated,25.17,31.82,20.99,79.06,1.53,0.01,20.86,31.38
2012-01-04,Madurai,9.9252,78.1198,Irrigated,25.39,31.78,20.22,81.24,2.2,0.0,16.19,31.43
2012-01-05,Madurai,9.9252,78.1198,Irrigated,25.5,31.73,21.19,80.41,2.15,0.0,19.19,31.47
2012-01-06,Madurai,9.9252,78.1198,Irrigated,24.67,31.26,20.17,79.08,2.28,0.0,19.73,31.52
2012-01-07,Madurai,9.9252,78.1198,Irrigated,23.8,30.15,19.54,79.29,2.21,0.02,20.46,31.56
2012-01-08,Madurai,9.9252,78.1198,Irrigated,24.65,31.48,20.04,81.54,2.88,1.26,14.69,31.61
2012-01-09,Madurai,9.9252,78.1198,Irrigated,25.51,31.8,21.14,79.67,1.89,0.35,18.98,31.66
2012-01-10,Madurai,9.9252,78.1198,Irrigated,25.46,32.17,20.98,76.06,1.84,0.39,19.57,31.72
2012-01-11,Madurai,9.9252,78.1198,Irrigated,24.54,30.98,19.71,77.72,1.6,2.55,19.18,31.78
2012-01-12,Madurai,9.9252,78.1198,Irrigated,24.53,31.11,19.71,75.91,2.02,0.23,18.4,31.84
2012-01-13,Madurai,9.9252,78.1198,Irrigated,24.15,30.32,19.42,76.47,2.6,0.01,20.02,31.9
2012-01-14,Madurai,9.9252,78.1198,Irrigated,23.65,30.56,18.68,73.0,2.8,0.01,19.01,31.97
2012-01-15,Madurai,9.9252,78.1198,Irrigated,21.99,29.94,16.51,70.32,2.72,0.0,20.93,32.03
2012-01-16,Madurai,9.9252,78.1198,Irrigated,21.21,29.67,14.35,70.55,2.17,0.0,22.8,32.1
2012-01-17,Madurai,9.9252,78.1198,Irrigated,21.6,30.13,14.75,69.22,1.87,0.0,20.12,32.17
2012-01-18,Madurai,9.9252,78.1198,Irrigated,22.28,31.15,15.29,64.1,1.51,0.0,22.54,32.24
2012-01-19,Madurai,9.9252,78.1198,Irrigated,23.15,31.64,16.87,65.71,1.52,0.0,22.2,32.31
2012-01-20,Madurai,9.9252,78.1198,Irrigated,23.37,31.84,17.29,66.56,1.36,0.0,22.27,32.38
2012-01-21,Madurai,9.9252,78.1198,Irrigated,23.41,31.55,16.78,69.98,1.77,0.0,22.28,32.46
2012-01-22,Madurai,9.9252,78.1198,Irrigated,22.59,30.34,16.45,70.31,2.32,0.0,21.8,32.54
2012-01-23,Madurai,9.9252,78.1198,Irrigated,22.59,30.99,15.36,70.25,2.59,0.0,22.61,32.63
2012-01-24,Madurai,9.9252,78.1198,Irrigated,23.01,31.16,16.78,65.81,2.34,0.0,21.38,32.72
2012-01-25,Madurai,9.9252,78.1198,Irrigated,22.36,30.52,14.92,68.25,2.26,0.0,22.5,32.8
2012-01-26,Madurai,9.9252,78.1198,Irrigated,23.53,31.84,16.3,66.81,2.32,0.08,22.05,32.89
2012-01-27,Madurai,9.9252,78.1198,Irrigated,24.14,31.69,17.49,71.23,1.97,0.15,20.24,32.97
2012-01-28,Madurai,9.9252,78.1198,Irrigated,24.59,31.74,19.37,70.87,2.18,0.0,19.06,33.06
2012-01-29,Madurai,9.9252,78.1198,Irrigated,24.64,31.91,19.0,67.57,2.19,0.0,20.28,33.15
2012-01-30,Madurai,9.9252,78.1198,Irrigated,24.58,31.87,18.81,66.19,2.61,0.14,20.95,33.24
2012-01-31,Madurai,9.9252,78.1198,Irrigated,23.89,31.3,17.63,68.57,2.7,0.75,15.95,33.32
2012-02-01,Madurai,9.9252,78.1198,Irrigated,23.86,31.63,17.85,66.79,3.26,0.01,21.15,33.41
2012-02-02,Madurai,9.9252,78.1198,Irrigated,23.88,31.19,16.98,69.32,3.38,0.01,17.71,33.51
2012-02-03,Madurai,9.9252,78.1198,Irrigated,25.02,32.42,19.48,65.67,3.66,0.0,17.14,33.6
2012-02-04,Madurai,9.9252,78.1198,Irrigated,25.43,33.51,18.93,63.84,2.89,0.0,18.78,33.69
2012-02-05,Madurai,9.9252,78.1198,Irrigated,25.05,32.32,19.35,68.93,2.59,0.0,18.91,33.79
2012-02-06,Madurai,9.9252,78.1198,Irrigated,24.98,30.87,20.48,73.94,2.29,0.0,18.48,33.88
2012-02-07,Madurai,9.9252,78.1198,Irrigated,27.04,34.47,21.95,65.51,2.53,0.0,20.59,33.97
2012-02-08,Madurai,9.9252,78.1198,Irrigated,26.25,32.51,21.73,69.68,1.97,0.0,19.26,34.06
2012-02-09,Madurai,9.9252,78.1198,Irrigated,26.83,33.0,21.86,71.5,1.81,0.0,15.66,34.16
2012-02-10,Madurai,9.9252,78.1198,Irrigated,26.72,33.19,22.55,68.98,2.06,0.1,16.61,34.25
2012-02-11,Madurai,9.9252,78.1198,Irrigated,26.16,32.71,21.99,69.54,1.89,0.14,20.25,34.34
2012-02-12,Madurai,9.9252,78.1198,Irrigated,26.49,34.71,20.68,63.95,2.27,0.0,21.81,34.43
2012-02-13,Madurai,9.9252,78.1198,Irrigated,26.13,34.63,19.53,66.03,2.42,0.0,22.2,34.53
2012-02-14,Madurai,9.9252,78.1198,Irrigated,26.68,35.18,20.39,66.11,2.32,0.0,21.27,34.62
2012-02-15,Madurai,9.9252,78.1198,Irrigated,26.87,34.06,21.58,63.71,1.62,0.0,18.71,34.72
2012-02-16,Madurai,9.9252,78.1198,Irrigated,27.75,35.76,21.19,60.09,1.88,0.0,22.34,34.81
2012-02-17,Madurai,9.9252,78.1198,Irrigated,26.72,33.96,21.79,64.66,1.78,0.0,21.62,34.9
2012-02-18,Madurai,9.9252,78.1198,Irrigated,25.86,32.78,20.94,63.64,2.38,0.0,22.21,34.99
2012-02-19,Madurai,9.9252,78.1198,Irrigated,25.69,34.84,18.53,63.17,2.6,0.0,22.9,35.08
2012-02-20,Madurai,9.9252,78.1198,Irrigated,25.96,36.05,17.66,57.75,2.3,0.0,23.48,35.16
2012-02-21,Madurai,9.9252,78.1198,Irrigated,26.68,35.57,18.99,56.62,2.18,0.0,23.76,35.25
2012-02-22,Madurai,9.9252,78.1198,Irrigated,26.13,35.26,18.6,54.6,2.47,0.0,22.39,35.35
2012-02-23,Madurai,9.9252,78.1198,Irrigated,25.7,35.76,17.77,56.34,2.64,0.0,21.69,35.44
2012-02-24,Madurai,9.9252,78.1198,Irrigated,25.15,34.17,17.14,53.15,2.4,0.0,24.8,35.53
2012-02-25,Madurai,9.9252,78.1198,Irrigated,26.02,36.31,17.73,49.28,2.82,0.0,22.8,35.61
2012-02-26,Madurai,9.9252,78.1198,Irrigated,26.3,36.25,17.64,48.6,2.48,0.0,24.04,35.7
2012-02-27,Madurai,9.9252,78.1198,Irrigated,27.35,37.27,18.64,50.07,2.31,0.0,24.19,35.78
2012-02-28,Madurai,9.9252,78.1198,Irrigated,28.63,37.88,20.56,56.73,2.05,0.0,23.03,35.86
2012-02-29,Madurai,9.9252,78.1198,Irrigated,30.5,39.37,22.98,54.87,2.04,0.0,22.85,35.94
2012-03-01,Madurai,9.9252,78.1198,Irrigated,30.16,38.51,23.17,58.33,2.32,0.0,23.01,36.02
2012-03-02,Madurai,9.9252,78.1198,Irrigated,30.78,39.3,24.07,52.82,2.21,0.0,23.26,36.1
2012-03-03,Madurai,9.9252,78.1198,Irrigated,31.28,39.26,24.62,50.45,2.02,0.0,22.64,36.18
2012-03-04,Madurai,9.9252,78.1198,Irrigated,30.82,38.47,24.6,51.29,2.46,0.0,23.22,36.25
2012-03-05,Madurai,9.9252,78.1198,Irrigated,29.72,37.36,23.58,57.87,2.29,0.0,20.38,36.31
2012-03-06,Madurai,9.9252,78.1198,Irrigated,30.22,38.78,23.54,51.59,1.83,0.0,22.96,36.37
2012-03-07,Madurai,9.9252,78.1198,Irrigated,30.63,39.3,23.51,48.15,1.65,0.0,22.44,36.43
2012-03-08,Madurai,9.9252,78.1198,Irrigated,30.82,37.77,25.12,49.37,1.06,0.0,21.59,36.5
2012-03-09,Madurai,9.9252,78.1198,Irrigated,30.53,36.2,25.78,46.76,1.73,0.0,19.96,36.57
2012-03-10,Madurai,9.9252,78.1198,Irrigated,30.53,37.51,25.48,49.73,1.97,0.0,19.45,36.65
2012-03-11,Madurai,9.9252,78.1198,Irrigated,29.55,36.87,24.13,53.53,2.72,0.02,22.27,36.72
2012-03-12,Madurai,9.9252,78.1198,Irrigated,27.31,31.97,24.1,66.63,2.09,1.9,13.69,36.79
2012-03-13,Madurai,9.9252,78.1198,Irrigated,28.91,36.5,23.35,63.18,2.75,0.92,19.46,36.85
2012-03-14,Madurai,9.9252,78.1198,Irrigated,29.72,37.34,23.87,58.16,2.48,0.03,22.23,36.91
2012-03-15,Madurai,9.9252,78.1198,Irrigated,30.16,38.2,23.95,57.45,2.45,0.84,21.26,36.96
2012-03-16,Madurai,9.9252,78.1198,Irrigated,30.27,37.57,24.01,55.96,1.92,0.2,21.01,37.01
2012-03-17,Madurai,9.9252,78.1198,Irrigated,30.65,39.1,24.07,50.86,2.16,0.0,24.88,37.07
2012-03-18,Madurai,9.9252,78.1198,Irrigated,30.25,39.25,22.53,47.31,2.07,0.0,25.08,37.12
2012-03-19,Madurai,9.9252,78.1198,Irrigated,30.77,40.11,23.63,43.02,2.14,0.0,25.37,37.17
2012-03-20,Madurai,9.9252,78.1198,Irrigated,30.75,40.11,22.92,45.38,2.37,0.0,25.21,37.22
2012-03-21,Madurai,9.9252,78.1198,Irrigated,30.64,39.6,23.27,50.23,2.41,0.0,24.44,37.27
2012-03-22,Madurai,9.9252,78.1198,Irrigated,30.94,39.7,23.99,50.38,2.33,0.06,23.28,37.31
2012-03-23,Madurai,9.9252,78.1198,Irrigated,30.48,39.13,23.97,49.53,1.92,0.01,24.63,37.35
2012-03-24,Madurai,9.9252,78.1198,Irrigated,29.58,38.84,22.71,44.18,2.04,0.0,26.79,37.39
2012-03-25,Madurai,9.9252,78.1198,Irrigated,28.81,37.89,20.96,44.85,2.11,0.0,26.54,37.43
2012-03-26,Madurai,9.9252,78.1198,Irrigated,28.49,37.23,20.84,45.17,2.09,0.0,25.63,37.46
2012-03-27,Madurai,9.9252,78.1198,Irrigated,29.03,36.61,22.61,58.28,2.14,0.15,23.25,37.5
2012-03-28,Madurai,9.9252,78.1198,Irrigated,30.54,38.26,24.48,54.53,2.4,0.29,22.09,37.53
2012-03-29,Madurai,9.9252,78.1198,Irrigated,29.45,34.09,25.2,58.33,1.71,0.06,23.45,37.56
2012-03-30,Madurai,9.9252,78.1198,Irrigated,31.69,39.98,24.32,48.05,1.19,0.01,22.18,37.59
2012-03-31,Madurai,9.9252,78.1198,Irrigated,31.11,38.48,25.18,52.02,2.23,6.87,22.79,37.62
2012-04-01,Madurai,9.9252,78.1198,Irrigated,28.59,34.96,24.33,69.34,1.63,13.08,23.31,37.65
2012-04-02,Madurai,9.9252,78.1198,Irrigated,28.0,34.11,24.0,66.04,1.66,0.07,23.5,37.67
2012-04-03,Madurai,9.9252,78.1198,Irrigated,28.9,36.8,22.68,59.96,1.69,0.0,24.16,37.68
2012-04-04,Madurai,9.9252,78.1198,Irrigated,29.79,38.0,22.69,57.31,1.75,0.02,25.23,37.7
2012-04-05,Madurai,9.9252,78.1198,Irrigated,30.6,39.31,22.98,54.54,1.89,0.01,25.9,37.72
2012-04-06,Madurai,9.9252,78.1198,Irrigated,31.02,39.79,23.65,53.11,2.04,0.04,25.5,37.74
2012-04-07,Madurai,9.9252,78.1198,Irrigated,30.84,39.14,23.78,56.95,2.26,0.02,25.29,37.75
2012-04-08,Madurai,9.9252,78.1198,Irrigated,30.82,39.01,24.24,57.53,2.45,0.0,24.12,37.76
2012-04-09,Madurai,9.9252,78.1198,Irrigated,31.05,38.56,24.81,55.82,2.08,0.08,24.14,37.77
2012-04-10,Madurai,9.9252,78.1198,Irrigated,31.63,39.88,25.05,53.81,2.43,0.02,22.73,37.78
2012-04-11,Madurai,9.9252,78.1198,Irrigated,31.73,39.78,24.96,53.39,2.66,0.03,24.03,37.79
2012-04-12,Madurai,9.9252,78.1198,Irrigated,31.91,39.24,25.34,51.06,2.27,0.11,20.64,37.79
2012-04-13,Madurai,9.9252,78.1198,Irrigated,30.99,37.58,25.76,54.13,2.21,0.02,22.07,37.79
2012-04-14,Madurai,9.9252,78.1198,Irrigated,28.87,33.1,25.25,65.98,1.71,0.78,18.3,37.8
2012-04-15,Madurai,9.9252,78.1198,Irrigated,29.14,34.36,24.59,63.82,2.01,0.17,20.26,37.8
2012-04-16,Madurai,9.9252,78.1198,Irrigated,30.05,37.28,24.66,60.48,1.97,0.01,24.39,37.8
2012-04-17,Madurai,9.9252,78.1198,Irrigated,32.37,40.26,24.52,48.6,1.57,0.01,24.74,37.8
2012-04-18,Madurai,9.9252,78.1198,Irrigated,32.73,40.33,26.61,45.78,2.55,0.0,24.46,37.79
2012-04-19,Madurai,9.9252,78.1198,Irrigated,31.7,37.85,27.03,51.37,2.1,0.0,23.64,37.77
2012-04-20,Madurai,9.9252,78.1198,Irrigated,30.89,36.72,25.64,53.99,2.29,0.06,21.83,37.76
2012-04-21,Madurai,9.9252,78.1198,Irrigated,32.76,40.66,26.51,46.89,2.56,0.03,22.19,37.74
2012-04-22,Madurai,9.9252,78.1198,Irrigated,32.47,39.5,26.03,48.49,2.13,0.01,24.54,37.73
2012-04-23,Madurai,9.9252,78.1198,Irrigated,32.17,38.18,26.84,50.1,1.95,0.29,20.6,37.73
2012-04-24,Madurai,9.9252,78.1198,Irrigated,29.17,32.49,26.02,69.71,1.02,28.36,8.63,37.73
2012-04-25,Madurai,9.9252,78.1198,Irrigated,26.55,30.4,23.86,80.45,1.88,4.74,19.75,37.73
2012-04-26,Madurai,9.9252,78.1198,Irrigated,27.38,31.77,23.76,76.28,1.0,9.69,16.87,37.72
2012-04-27,Madurai,9.9252,78.1198,Irrigated,28.11,32.47,24.89,74.19,1.53,2.42,20.07,37.7
2012-04-28,Madurai,9.9252,78.1198,Irrigated,28.92,34.66,24.48,67.29,2.01,0.05,24.19,37.69
2012-04-29,Madurai,9.9252,78.1198,Irrigated,28.55,33.36,24.07,70.85,1.71,1.57,21.89,37.67
2012-04-30,Madurai,9.9252,78.1198,Irrigated,29.11,33.6,25.07,70.92,1.12,0.85,22.33,37.65
2012-05-01,Madurai,9.9252,78.1198,Irrigated,29.25,33.89,25.5,70.4,1.51,5.24,22.99,37.62
2012-05-02,Madurai,9.9252,78.1198,Irrigated,29.36,33.7,25.1,67.94,1.08,0.09,23.85,37.6
2012-05-03,Madurai,9.9252,78.1198,Irrigated,29.97,35.66,24.73,65.73,1.57,0.14,25.47,37.59
2012-05-04,Madurai,9.9252,78.1198,Irrigated,28.61,33.19,25.52,71.64,2.05,0.41,23.73,37.57
2012-05-05,Madurai,9.9252,78.1198,Irrigated,29.18,35.29,25.1,63.84,2.24,0.13,22.42,37.55
2012-05-06,Madurai,9.9252,78.1198,Irrigated,30.69,38.71,23.34,56.74,1.66,0.0,22.4,37.52
2012-05-07,Madurai,9.9252,78.1198,Irrigated,31.57,39.52,25.34,56.2,1.37,4.66,22.84,37.5
2012-05-08,Madurai,9.9252,78.1198,Irrigated,29.98,34.89,25.5,69.68,0.85,23.35,22.58,37.47
2012-05-09,Madurai,9.9252,78.1198,Irrigated,30.72,37.41,24.69,61.68,1.23,1.79,21.21,37.44
2012-05-10,Madurai,9.9252,78.1198,Irrigated,29.93,35.81,24.49,65.3,1.07,20.95,22.05,37.4
2012-05-11,Madurai,9.9252,78.1198,Irrigated,29.46,34.05,25.21,70.08,0.9,5.18,17.81,37.38
2012-05-12,Madurai,9.9252,78.1198,Irrigated,29.73,35.03,25.24,67.06,1.01,0.37,22.3,37.36
2012-05-13,Madurai,9.9252,78.1198,Irrigated,30.31,36.34,25.05,63.87,1.38,0.0,22.75,37.35
2012-05-14,Madurai,9.9252,78.1198,Irrigated,29.85,34.86,25.22,67.61,1.21,0.49,19.4,37.33
2012-05-15,Madurai,9.9252,78.1198,Irrigated,29.75,34.5,25.69,68.97,1.5,1.55,24.01,37.31
2012-05-16,Madurai,9.9252,78.1198,Irrigated,30.75,37.5,24.68,64.36,1.28,0.07,24.43,37.28
2012-05-17,Madurai,9.9252,78.1198,Irrigated,30.71,36.09,25.76,64.51,1.6,0.0,23.95,37.25
2012-05-18,Madurai,9.9252,78.1198,Irrigated,28.8,32.61,25.92,71.75,1.31,0.45,23.27,37.22
2012-05-19,Madurai,9.9252,78.1198,Irrigated,30.97,36.69,26.29,64.8,1.46,0.1,21.55,37.19
2012-05-20,Madurai,9.9252,78.1198,Irrigated,29.92,34.87,25.94,67.26,0.95,0.48,20.46,37.17
2012-05-21,Madurai,9.9252,78.1198,Irrigated,28.43,32.74,24.82,66.55,2.7,0.46,21.05,37.15
2012-05-22,Madurai,9.9252,78.1198,Irrigated,28.3,33.16,24.23,67.59,1.61,0.0,20.8,37.13
2012-05-23,Madurai,9.9252,78.1198,Irrigated,29.75,35.89,24.79,61.27,1.97,0.02,21.71,37.11
2012-05-24,Madurai,9.9252,78.1198,Irrigated,30.74,38.39,24.72,58.72,2.51,0.0,20.81,37.08
2012-05-25,Madurai,9.9252,78.1198,Irrigated,28.94,34.61,25.93,65.05,2.19,0.0,21.63,37.06
2012-05-26,Madurai,9.9252,78.1198,Irrigated,26.99,29.47,25.2,72.83,2.02,0.0,20.49,37.03
2012-05-27,Madurai,9.9252,78.1198,Irrigated,29.72,36.44,24.73,64.05,2.69,0.0,20.06,37.01
2012-05-28,Madurai,9.9252,78.1198,Irrigated,30.06,36.01,25.22,62.0,2.06,0.0,21.16,36.98
2012-05-29,Madurai,9.9252,78.1198,Irrigated,28.52,32.67,25.65,68.81,2.15,0.0,22.0,36.96
2012-05-30,Madurai,9.9252,78.1198,Irrigated,29.52,34.48,24.87,64.22,1.93,0.0,20.04,36.94
2012-05-31,Madurai,9.9252,78.1198,Irrigated,29.91,36.61,25.23,61.02,2.9,0.0,19.18,36.92
2012-06-01,Madurai,9.9252,78.1198,Irrigated,29.99,37.2,24.9,55.93,2.71,0.0,20.93,36.9
2012-06-02,Madurai,9.9252,78.1198,Irrigated,31.53,40.13,24.77,55.09,2.34,0.0,22.67,36.89
2012-06-03,Madurai,9.9252,78.1198,Irrigated,30.51,37.5,25.73,62.56,2.97,10.3,22.65,36.86
2012-06-04,Madurai,9.9252,78.1198,Irrigated,29.53,35.6,25.45,67.34,2.41,0.37,23.6,36.84
2012-06-05,Madurai,9.9252,78.1198,Irrigated,29.74,37.01,24.32,57.84,3.49,0.04,24.12,36.81
2012-06-06,Madurai,9.9252,78.1198,Irrigated,28.7,35.14,23.56,57.13,3.89,0.1,22.46,36.79
2012-06-07,Madurai,9.9252,78.1198,Irrigated,28.25,33.23,24.52,60.74,3.7,0.04,22.69,36.78
2012-06-08,Madurai,9.9252,78.1198,Irrigated,29.65,37.88,23.73,54.95,3.17,0.07,21.42,36.77
2012-06-09,Madurai,9.9252,78.1198,Irrigated,29.24,35.64,23.99,54.28,3.64,0.01,21.21,36.76
2012-06-10,Madurai,9.9252,78.1198,Irrigated,29.1,34.95,24.19,58.61,2.83,0.0,20.6,36.75
2012-06-11,Madurai,9.9252,78.1198,Irrigated,30.26,38.77,22.83,54.47,2.59,0.0,19.65,36.74
2012-06-12,Madurai,9.9252,78.1198,Irrigated,30.03,37.92,23.4,54.68,3.34,0.02,20.08,36.71
2012-06-13,Madurai,9.9252,78.1198,Irrigated,28.22,34.34,23.55,57.72,2.48,5.14,20.24,36.68
2012-06-14,Madurai,9.9252,78.1198,Irrigated,27.75,33.99,23.83,67.98,2.22,11.09,22.19,36.66
2012-06-15,Madurai,9.9252,78.1198,Irrigated,29.19,37.32,22.99,63.18,2.42,1.25,22.87,36.65
2012-06-16,Madurai,9.9252,78.1198,Irrigated,28.96,35.5,25.17,63.31,3.13,2.56,21.31,36.65
2012-06-17,Madurai,9.9252,78.1198,Irrigated,27.56,33.45,24.15,60.13,4.15,6.41,17.74,36.64
2012-06-18,Madurai,9.9252,78.1198,Irrigated,27.41,33.18,22.71,60.68,3.72,0.21,12.56,36.64
2012-06-19,Madurai,9.9252,78.1198,Irrigated,28.76,34.86,24.21,61.22,3.43,0.18,20.04,36.64
2012-06-20,Madurai,9.9252,78.1198,Irrigated,27.89,32.79,24.51,63.25,3.35,0.0,17.6,36.63
2012-06-21,Madurai,9.9252,78.1198,Irrigated,27.9,33.78,22.91,63.49,2.75,0.24,21.94,36.63
2012-06-22,Madurai,9.9252,78.1198,Irrigated,28.89,35.99,23.23,60.41,2.9,0.02,22.95,36.62
2012-06-23,Madurai,9.9252,78.1198,Irrigated,30.38,38.66,23.06,56.31,2.16,0.0,24.27,36.62
2012-06-24,Madurai,9.9252,78.1198,Irrigated,30.59,37.4,24.32,56.08,1.52,0.0,24.16,36.62
2012-06-25,Madurai,9.9252,78.1198,Irrigated,30.21,36.78,24.74,57.27,1.15,0.0,22.75,36.62
2012-06-26,Madurai,9.9252,78.1198,Irrigated,29.77,35.47,24.55,59.36,1.26,0.51,22.17,36.62
2012-06-27,Madurai,9.9252,78.1198,Irrigated,29.44,35.8,25.24,55.59,2.0,0.04,19.0,36.62
2012-06-28,Madurai,9.9252,78.1198,Irrigated,27.68,31.92,24.18,63.93,1.87,0.85,22.56,36.62
2012-06-29,Madurai,9.9252,78.1198,Irrigated,28.31,33.44,23.56,62.64,2.27,0.04,22.63,36.62
2012-06-30,Madurai,9.9252,78.1198,Irrigated,28.65,34.78,24.15,58.45,3.07,0.04,22.14,36.62
2012-07-01,Madurai,9.9252,78.1198,Irrigated,28.42,33.87,23.87,58.18,3.65,0.18,18.77,36.62
2012-07-02,Madurai,9.9252,78.1198,Irrigated,27.7,32.82,24.38,60.26,3.77,0.22,17.62,36.62
2012-07-03,Madurai,9.9252,78.1198,Irrigated,29.15,35.77,24.06,53.67,4.25,0.03,22.14,36.62
2012-07-04,Madurai,9.9252,78.1198,Irrigated,29.95,38.0,23.52,54.25,3.39,0.0,24.28,36.63
2012-07-05,Madurai,9.9252,78.1198,Irrigated,30.84,39.22,23.53,52.13,2.68,0.0,24.7,36.65
2012-07-06,Madurai,9.9252,78.1198,Irrigated,30.84,38.38,24.04,51.58,2.12,0.0,24.31,36.67
2012-07-07,Madurai,9.9252,78.1198,Irrigated,30.34,36.69,25.31,54.11,2.38,0.01,22.49,36.68
2012-07-08,Madurai,9.9252,78.1198,Irrigated,30.53,36.37,25.72,52.51,2.53,0.01,20.85,36.69
2012-07-09,Madurai,9.9252,78.1198,Irrigated,29.2,33.58,26.19,59.35,2.39,0.75,22.35,36.68
2012-07-10,Madurai,9.9252,78.1198,Irrigated,29.66,35.24,25.45,55.54,3.0,0.21,21.63,36.68
2012-07-11,Madurai,9.9252,78.1198,Irrigated,30.41,37.58,24.82,51.81,3.71,0.09,23.15,36.69
2012-07-12,Madurai,9.9252,78.1198,Irrigated,30.59,36.72,25.64,52.34,3.26,0.2,22.75,36.7
2012-07-13,Madurai,9.9252,78.1198,Irrigated,30.44,36.88,25.87,56.58,2.61,9.64,19.99,36.72
2012-07-14,Madurai,9.9252,78.1198,Irrigated,28.06,32.11,24.83,67.36,1.74,1.79,18.02,36.74
2012-07-15,Madurai,9.9252,78.1198,Irrigated,28.55,32.55,24.86,64.95,1.2,0.83,14.8,36.76
2012-07-16,Madurai,9.9252,78.1198,Irrigated,27.99,31.54,25.19,67.14,0.99,0.72,18.9,36.79
2012-07-17,Madurai,9.9252,78.1198,Irrigated,28.93,33.21,25.12,66.06,0.49,5.2,21.51,36.8
2012-07-18,Madurai,9.9252,78.1198,Irrigated,29.37,36.17,23.58,58.61,1.62,0.02,21.07,36.82
2012-07-19,Madurai,9.9252,78.1198,Irrigated,28.88,35.84,23.63,58.62,2.59,0.0,22.88,36.83
2012-07-20,Madurai,9.9252,78.1198,Irrigated,29.46,37.52,22.84,59.54,3.02,0.02,21.33,36.85
2012-07-21,Madurai,9.9252,78.1198,Irrigated,29.21,35.31,24.35,58.15,3.38,0.01,19.74,36.86
2012-07-22,Madurai,9.9252,78.1198,Irrigated,30.38,37.59,24.85,53.15,4.09,0.04,21.31,36.88
2012-07-23,Madurai,9.9252,78.1198,Irrigated,30.48,37.01,25.46,53.0,3.12,0.01,21.69,36.9
2012-07-24,Madurai,9.9252,78.1198,Irrigated,30.73,37.14,25.06,52.18,2.72,0.01,21.59,36.92
2012-07-25,Madurai,9.9252,78.1198,Irrigated,30.65,37.75,25.03,52.69,3.63,0.02,19.64,36.94
2012-07-26,Madurai,9.9252,78.1198,Irrigated,30.94,38.48,25.27,50.93,3.91,0.0,21.98,36.96
2012-07-27,Madurai,9.9252,78.1198,Irrigated,30.32,36.14,24.97,51.72,3.22,0.0,22.8,36.98
2012-07-28,Madurai,9.9252,78.1198,Irrigated,30.65,37.13,25.61,51.16,3.27,0.01,22.62,36.99
2012-07-29,Madurai,9.9252,78.1198,Irrigated,29.72,35.37,24.96,54.4,2.84,0.0,22.36,37.01
2012-07-30,Madurai,9.9252,78.1198,Irrigated,30.26,37.93,24.2,51.55,2.84,0.0,22.91,37.02
2012-07-31,Madurai,9.9252,78.1198,Irrigated,29.68,36.61,24.01,53.44,2.97,0.0,23.25,37.04
2012-08-01,Madurai,9.9252,78.1198,Irrigated,30.66,39.91,23.1,49.49,2.41,0.0,24.82,37.06
2012-08-02,Madurai,9.9252,78.1198,Irrigated,30.55,39.56,23.15,51.9,3.06,0.0,22.93,37.08
2012-08-03,Madurai,9.9252,78.1198,Irrigated,31.03,39.02,24.77,50.33,3.3,0.0,20.25,37.1
2012-08-04,Madurai,9.9252,78.1198,Irrigated,30.9,38.92,24.84,49.86,3.62,0.01,21.27,37.12
2012-08-05,Madurai,9.9252,78.1198,Irrigated,30.89,38.86,23.96,51.66,3.45,0.08,22.68,37.13
2012-08-06,Madurai,9.9252,78.1198,Irrigated,30.8,37.08,24.69,49.56,3.07,0.02,21.01,37.15
2012-08-07,Madurai,9.9252,78.1198,Irrigated,30.62,37.5,25.11,48.66,2.7,2.92,20.39,37.16
2012-08-08,Madurai,9.9252,78.1198,Irrigated,29.28,34.5,25.32,59.21,2.53,1.95,18.64,37.17
2012-08-09,Madurai,9.9252,78.1198,Irrigated,28.86,33.92,24.67,60.03,2.88,0.11,16.06,37.18
2012-08-10,Madurai,9.9252,78.1198,Irrigated,29.3,35.7,24.35,56.2,3.05,0.11,14.58,37.2
2012-08-11,Madurai,9.9252,78.1198,Irrigated,28.45,36.02,24.69,64.37,2.05,15.18,22.03,37.21
2012-08-12,Madurai,9.9252,78.1198,Irrigated,27.81,32.57,23.83,69.33,1.75,0.11,22.43,37.22
2012-08-13,Madurai,9.9252,78.1198,Irrigated,28.46,33.33,24.3,65.13,1.17,0.03,23.14,37.22
2012-08-14,Madurai,9.9252,78.1198,Irrigated,28.52,34.86,23.78,60.4,1.69,0.68,22.24,37.23
2012-08-15,Madurai,9.9252,78.1198,Irrigated,28.35,35.02,23.47,65.11,1.88,4.9,19.2,37.24
2012-08-16,Madurai,9.9252,78.1198,Irrigated,27.24,31.98,24.06,73.47,1.37,16.93,20.97,37.25
2012-08-17,Madurai,9.9252,78.1198,Irrigated,26.78,31.9,23.45,73.57,2.01,5.69,17.53,37.26
2012-08-18,Madurai,9.9252,78.1198,Irrigated,27.27,33.3,23.12,66.55,2.49,0.08,20.51,37.26
2012-08-19,Madurai,9.9252,78.1198,Irrigated,28.56,36.25,22.93,56.31,2.8,0.01,24.34,37.27
2012-08-20,Madurai,9.9252,78.1198,Irrigated,29.62,36.99,22.18,56.64,1.28,0.0,25.31,37.28
2012-08-21,Madurai,9.9252,78.1198,Irrigated,29.13,35.04,23.77,61.45,0.98,8.02,22.83,37.28
2012-08-22,Madurai,9.9252,78.1198,Irrigated,28.99,34.73,24.05,63.56,1.33,0.08,22.5,37.29
2012-08-23,Madurai,9.9252,78.1198,Irrigated,29.66,35.98,24.27,62.38,1.91,0.24,24.17,37.29
2012-08-24,Madurai,9.9252,78.1198,Irrigated,28.95,34.71,23.84,67.28,0.96,21.55,21.83,37.29
2012-08-25,Madurai,9.9252,78.1198,Irrigated,27.77,31.6,24.49,72.13,1.79,0.15,20.74,37.29
2012-08-26,Madurai,9.9252,78.1198,Irrigated,27.03,30.8,23.93,71.52,2.08,0.03,20.1,37.29
2012-08-27,Madurai,9.9252,78.1198,Irrigated,28.14,35.67,22.41,60.58,2.5,0.06,19.56,37.29
2012-08-28,Madurai,9.9252,78.1198,Irrigated,28.76,36.37,22.7,61.22,2.19,0.38,20.53,37.29
2012-08-29,Madurai,9.9252,78.1198,Irrigated,27.48,32.42,23.81,68.11,2.5,0.51,21.91,37.29
2012-08-30,Madurai,9.9252,78.1198,Irrigated,26.63,31.43,23.25,73.41,1.94,0.16,18.31,37.28
2012-08-31,Madurai,9.9252,78.1198,Irrigated,27.25,32.71,23.59,71.35,2.92,0.67,18.4,37.27
2012-09-01,Madurai,9.9252,78.1198,Irrigated,28.36,35.44,22.83,62.89,2.39,0.04,19.88,37.26
2012-09-02,Madurai,9.9252,78.1198,Irrigated,29.49,37.24,23.18,58.99,2.75,0.41,23.1,37.25
2012-09-03,Madurai,9.9252,78.1198,Irrigated,28.16,32.8,24.64,68.69,2.28,0.16,18.27,37.23
2012-09-04,Madurai,9.9252,78.1198,Irrigated,27.56,33.42,23.2,62.99,3.41,0.07,16.55,37.22
2012-09-05,Madurai,9.9252,78.1198,Irrigated,29.88,38.71,22.42,58.18,1.84,0.21,22.82,37.2
2012-09-06,Madurai,9.9252,78.1198,Irrigated,29.81,37.49,23.69,62.06,1.41,2.47,23.45,37.19
2012-09-07,Madurai,9.9252,78.1198,Irrigated,29.09,35.4,24.17,63.99,1.81,2.44,19.21,37.16
2012-09-08,Madurai,9.9252,78.1198,Irrigated,28.31,34.56,23.49,61.1,2.21,1.44,16.2,37.14
2012-09-09,Madurai,9.9252,78.1198,Irrigated,27.24,31.84,23.88,66.54,2.29,2.97,19.79,37.12
2012-09-10,Madurai,9.9252,78.1198,Irrigated,27.76,33.87,22.79,57.9,2.95,0.01,19.18,37.09
2012-09-11,Madurai,9.9252,78.1198,Irrigated,28.31,35.28,22.78,54.82,2.49,0.63,21.92,37.06
2012-09-12,Madurai,9.9252,78.1198,Irrigated,29.07,37.02,22.31,55.24,2.28,0.01,22.98,37.03
2012-09-13,Madurai,9.9252,78.1198,Irrigated,29.33,36.5,23.92,60.35,1.67,0.54,23.73,37.0
2012-09-14,Madurai,9.9252,78.1198,Irrigated,29.39,35.89,24.67,61.5,2.3,0.5,22.64,36.97
2012-09-15,Madurai,9.9252,78.1198,Irrigated,28.78,34.28,24.37,62.83,2.21,1.62,20.4,36.94
2012-09-16,Madurai,9.9252,78.1198,Irrigated,29.71,37.52,23.84,54.33,2.43,0.92,22.96,36.9
2012-09-17,Madurai,9.9252,78.1198,Irrigated,29.93,37.7,24.01,59.32,1.32,4.81,23.65,36.87
2012-09-18,Madurai,9.9252,78.1198,Irrigated,29.16,35.46,23.96,63.49,1.51,5.31,20.94,36.84
2012-09-19,Madurai,9.9252,78.1198,Irrigated,29.55,35.94,23.66,61.56,1.02,0.13,21.24,36.8
2012-09-20,Madurai,9.9252,78.1198,Irrigated,30.71,37.92,24.3,56.84,1.4,0.11,19.52,36.77
2012-09-21,Madurai,9.9252,78.1198,Irrigated,30.24,35.9,25.37,57.58,1.41,0.23,20.33,36.73
2012-09-22,Madurai,9.9252,78.1198,Irrigated,30.52,37.43,25.52,57.22,2.08,0.8,22.65,36.68
2012-09-23,Madurai,9.9252,78.1198,Irrigated,30.01,36.7,24.14,57.36,1.81,0.2,16.43,36.64
2012-09-24,Madurai,9.9252,78.1198,Irrigated,30.2,37.5,24.6,58.7,1.18,7.21,22.39,36.59
2012-09-25,Madurai,9.9252,78.1198,Irrigated,29.59,37.0,23.29,58.88,1.03,0.64,21.42,36.55
2012-09-26,Madurai,9.9252,78.1198,Irrigated,29.41,34.82,24.29,60.35,0.97,1.07,21.52,36.5
2012-09-27,Madurai,9.9252,78.1198,Irrigated,27.59,31.56,24.15,72.4,1.21,10.39,19.78,36.45
2012-09-28,Madurai,9.9252,78.1198,Irrigated,27.47,31.79,23.63,72.33,1.08,8.95,22.29,36.4
2012-09-29,Madurai,9.9252,78.1198,Irrigated,28.46,34.47,23.54,64.91,1.22,1.6,22.84,36.34
2012-09-30,Madurai,9.9252,78.1198,Irrigated,28.26,34.4,23.26,66.29,1.63,4.33,23.19,36.28
2012-10-01,Madurai,9.9252,78.1198,Irrigated,27.81,35.62,21.27,63.89,2.05,0.04,23.68,36.21
2012-10-02,Madurai,9.9252,78.1198,Irrigated,28.31,36.61,20.92,63.22,2.34,0.0,25.58,36.15
2012-10-03,Madurai,9.9252,78.1198,Irrigated,29.48,38.08,22.35,60.43,1.97,0.0,25.25,36.09
2012-10-04,Madurai,9.9252,78.1198,Irrigated,29.66,38.36,21.4,59.15,1.42,0.0,25.58,36.03
2012-10-05,Madurai,9.9252,78.1198,Irrigated,30.34,38.27,23.1,56.0,1.14,0.0,25.27,35.96
2012-10-06,Madurai,9.9252,78.1198,Irrigated,30.06,36.63,23.87,57.01,1.33,0.0,24.08,35.9
2012-10-07,Madurai,9.9252,78.1198,Irrigated,28.22,32.32,25.2,72.86,1.09,27.47,22.71,35.83
2012-10-08,Madurai,9.9252,78.1198,Irrigated,27.48,31.47,24.0,76.62,0.86,5.17,20.08,35.76
2012-10-09,Madurai,9.9252,78.1198,Irrigated,27.31,32.57,23.49,74.38,1.59,6.09,17.78,35.69
2012-10-10,Madurai,9.9252,78.1198,Irrigated,28.37,35.19,23.44,68.77,1.09,1.24,21.33,35.62
2012-10-11,Madurai,9.9252,78.1198,Irrigated,28.35,33.88,24.57,70.16,1.25,1.85,20.88,35.55
2012-10-12,Madurai,9.9252,78.1198,Irrigated,26.92,30.88,24.09,79.05,1.42,1.92,19.95,35.48
2012-10-13,Madurai,9.9252,78.1198,Irrigated,26.77,31.04,23.39,77.33,1.63,0.77,17.8,35.4
2012-10-14,Madurai,9.9252,78.1198,Irrigated,25.78,29.93,23.16,84.56,1.82,24.17,20.54,35.32
2012-10-15,Madurai,9.9252,78.1198,Irrigated,25.74,29.97,22.76,82.95,1.67,8.05,11.1,35.25
2012-10-16,Madurai,9.9252,78.1198,Irrigated,25.33,29.28,22.9,84.77,1.47,11.12,16.58,35.18
2012-10-17,Madurai,9.9252,78.1198,Irrigated,25.73,30.82,22.15,81.13,1.53,14.36,14.96,35.11
2012-10-18,Madurai,9.9252,78.1198,Irrigated,25.95,31.08,22.53,81.57,2.21,10.62,18.61,35.03
2012-10-19,Madurai,9.9252,78.1198,Irrigated,24.77,27.61,22.97,90.21,2.23,25.21,11.3,34.95
2012-10-20,Madurai,9.9252,78.1198,Irrigated,23.94,26.78,22.21,90.56,3.54,7.39,11.02,34.87
2012-10-21,Madurai,9.9252,78.1198,Irrigated,24.5,27.2,22.22,91.21,2.38,16.71,17.96,34.78
2012-10-22,Madurai,9.9252,78.1198,Irrigated,25.07,28.4,22.95,89.33,2.11,10.02,15.13,34.7
2012-10-23,Madurai,9.9252,78.1198,Irrigated,25.13,28.35,22.52,89.21,2.14,10.39,9.61,34.62
2012-10-24,Madurai,9.9252,78.1198,Irrigated,25.0,28.07,22.67,88.66,1.61,7.41,15.17,34.53
2012-10-25,Madurai,9.9252,78.1198,Irrigated,25.18,29.27,22.14,86.51,1.61,0.4,21.64,34.44
2012-10-26,Madurai,9.9252,78.1198,Irrigated,25.68,30.37,21.94,85.16,1.95,0.56,17.48,34.36
2012-10-27,Madurai,9.9252,78.1198,Irrigated,25.56,29.9,21.69,83.89,2.2,1.51,16.98,34.27
2012-10-28,Madurai,9.9252,78.1198,Irrigated,25.6,29.99,22.38,84.55,2.88,4.91,17.28,34.18
2012-10-29,Madurai,9.9252,78.1198,Irrigated,25.02,28.52,22.85,86.88,2.31,5.14,7.04,34.1
2012-10-30,Madurai,9.9252,78.1198,Irrigated,24.11,26.86,22.35,87.65,1.89,3.93,8.21,34.02
2012-10-31,Madurai,9.9252,78.1198,Irrigated,24.1,27.46,21.55,84.74,2.37,16.32,7.94,33.93
2012-11-01,Madurai,9.9252,78.1198,Irrigated,24.74,27.82,22.52,89.3,3.58,0.46,13.16,33.84
2012-11-02,Madurai,9.9252,78.1198,Irrigated,25.93,31.63,21.15,81.27,1.93,0.05,18.92,33.76
2012-11-03,Madurai,9.9252,78.1198,Irrigated,26.39,32.4,20.7,74.98,1.47,0.0,22.38,33.67
2012-11-04,Madurai,9.9252,78.1198,Irrigated,25.86,31.12,21.02,76.77,1.33,0.0,22.35,33.59
2012-11-05,Madurai,9.9252,78.1198,Irrigated,25.97,31.47,21.55,78.44,1.16,0.0,20.82,33.5
2012-11-06,Madurai,9.9252,78.1198,Irrigated,25.8,30.8,22.24,81.94,1.31,1.0,19.26,33.41
2012-11-07,Madurai,9.9252,78.1198,Irrigated,25.57,30.24,22.49,84.52,1.15,1.08,18.63,33.33
2012-11-08,Madurai,9.9252,78.1198,Irrigated,25.43,29.31,22.63,84.37,0.9,2.84,15.91,33.24
2012-11-09,Madurai,9.9252,78.1198,Irrigated,25.31,29.0,22.46,85.34,1.27,1.71,16.82,33.16
2012-11-10,Madurai,9.9252,78.1198,Irrigated,25.69,31.24,21.32,82.39,1.83,0.1,20.73,33.07
2012-11-11,Madurai,9.9252,78.1198,Irrigated,25.12,30.29,21.43,79.0,1.94,0.07,19.23,32.99
2012-11-12,Madurai,9.9252,78.1198,Irrigated,24.71,30.8,19.64,79.61,2.03,0.0,20.77,32.91
2012-11-13,Madurai,9.9252,78.1198,Irrigated,24.36,30.7,19.64,76.62,2.12,0.0,20.55,32.83
2012-11-14,Madurai,9.9252,78.1198,Irrigated,23.57,30.77,18.68,69.21,2.26,0.0,21.25,32.75
2012-11-15,Madurai,9.9252,78.1198,Irrigated,23.2,31.15,16.71,69.57,1.95,0.0,21.37,32.67
2012-11-16,Madurai,9.9252,78.1198,Irrigated,23.48,31.21,18.24,70.29,2.03,0.0,17.48,32.6
2012-11-17,Madurai,9.9252,78.1198,Irrigated,24.54,31.97,18.95,73.19,1.53,0.04,19.11,32.52
2012-11-18,Madurai,9.9252,78.1198,Irrigated,25.7,32.64,20.25,70.95,0.96,0.0,19.96,32.45
2012-11-19,Madurai,9.9252,78.1198,Irrigated,26.29,32.58,22.27,75.62,1.15,0.0,19.72,32.37
2012-11-20,Madurai,9.9252,78.1198,Irrigated,26.4,32.75,22.27,73.58,1.04,0.0,20.77,32.3
2012-11-21,Madurai,9.9252,78.1198,Irrigated,27.09,33.76,21.5,72.14,1.14,0.0,19.02,32.23
2012-11-22,Madurai,9.9252,78.1198,Irrigated,27.33,33.09,22.99,74.3,0.82,1.42,16.96,32.16
2012-11-23,Madurai,9.9252,78.1198,Irrigated,26.82,31.49,23.45,81.01,1.43,7.89,15.09,32.09
2012-11-24,Madurai,9.9252,78.1198,Irrigated,25.69,29.71,23.11,82.42,2.27,4.01,11.59,32.03
2012-11-25,Madurai,9.9252,78.1198,Irrigated,24.85,28.21,22.61,88.02,2.5,4.26,7.52,31.96
2012-11-26,Madurai,9.9252,78.1198,Irrigated,24.65,28.31,22.46,84.26,2.36,0.21,14.82,31.9
2012-11-27,Madurai,9.9252,78.1198,Irrigated,25.28,31.08,21.47,77.57,2.68,0.0,17.32,31.84
2012-11-28,Madurai,9.9252,78.1198,Irrigated,24.67,31.33,20.24,73.72,2.48,0.0,20.07,31.78
2012-11-29,Madurai,9.9252,78.1198,Irrigated,24.05,30.85,19.0,72.41,2.15,0.0,20.02,31.72
2012-11-30,Madurai,9.9252,78.1198,Irrigated,23.27,30.45,18.7,73.06,1.93,0.0,20.71,31.67
2012-12-01,Madurai,9.9252,78.1198,Irrigated,23.51,30.99,17.9,70.48,2.02,0.0,20.67,31.61
2012-12-02,Madurai,9.9252,78.1198,Irrigated,23.97,31.53,18.1,71.79,2.26,0.04,20.25,31.56
2012-12-03,Madurai,9.9252,78.1198,Irrigated,25.21,31.9,19.63,79.06,2.69,1.11,17.95,31.52
2012-12-04,Madurai,9.9252,78.1198,Irrigated,25.31,29.5,22.74,84.74,2.61,0.32,16.98,31.47
2012-12-05,Madurai,9.9252,78.1198,Irrigated,25.89,32.19,21.02,77.53,2.72,0.05,15.76,31.43
2012-12-06,Madurai,9.9252,78.1198,Irrigated,26.07,31.2,22.96,81.09,3.03,4.92,8.5,31.4
2012-12-07,Madurai,9.9252,78.1198,Irrigated,25.64,32.08,21.16,78.82,2.67,0.43,16.23,31.36
2012-12-08,Madurai,9.9252,78.1198,Irrigated,25.73,32.17,20.61,78.5,2.15,0.05,15.65,31.32
2012-12-09,Madurai,9.9252,78.1198,Irrigated,25.0,32.18,20.05,74.63,1.73,1.31,19.53,31.29
2012-12-10,Madurai,9.9252,78.1198,Irrigated,24.18,32.26,18.34,74.06,1.75,0.0,21.89,31.26
2012-12-11,Madurai,9.9252,78.1198,Irrigated,24.69,32.16,19.46,75.67,1.71,0.0,19.08,31.23
2012-12-12,Madurai,9.9252,78.1198,Irrigated,25.16,32.87,20.12,74.19,1.7,0.0,20.33,31.21
2012-12-13,Madurai,9.9252,78.1198,Irrigated,25.31,32.93,19.5,72.22,1.9,0.0,21.15,31.19
2012-12-14,Madurai,9.9252,78.1198,Irrigated,24.87,32.08,20.05,73.66,2.41,0.0,19.77,31.17
2012-12-15,Madurai,9.9252,78.1198,Irrigated,24.18,30.94,17.93,74.85,2.99,0.0,16.49,31.16
2012-12-16,Madurai,9.9252,78.1198,Irrigated,24.49,30.5,20.26,70.38,3.65,0.0,13.5,31.15
2012-12-17,Madurai,9.9252,78.1198,Irrigated,24.81,31.13,20.16,67.27,4.38,0.0,11.31,31.14
2012-12-18,Madurai,9.9252,78.1198,Irrigated,24.76,30.8,20.88,71.5,3.66,0.18,12.37,31.13
2012-12-19,Madurai,9.9252,78.1198,Irrigated,24.92,31.11,19.91,73.27,2.99,0.7,11.16,31.12
2012-12-20,Madurai,9.9252,78.1198,Irrigated,25.51,31.37,21.04,75.37,3.25,0.14,14.0,31.12
2012-12-21,Madurai,9.9252,78.1198,Irrigated,25.94,32.07,22.04,72.84,3.31,0.13,14.49,31.13
2012-12-22,Madurai,9.9252,78.1198,Irrigated,25.06,31.55,20.19,69.95,3.13,0.01,15.49,31.13
2012-12-23,Madurai,9.9252,78.1198,Irrigated,25.28,32.56,20.27,67.53,3.53,0.01,17.26,31.14
2012-12-24,Madurai,9.9252,78.1198,Irrigated,25.6,32.36,20.36,69.9,3.1,0.04,18.68,31.15
2012-12-25,Madurai,9.9252,78.1198,Irrigated,25.53,31.36,21.4,74.11,3.62,0.47,11.72,31.17
2012-12-26,Madurai,9.9252,78.1198,Irrigated,25.95,32.66,21.76,75.08,3.39,2.11,11.63,31.18
2012-12-27,Madurai,9.9252,78.1198,Irrigated,24.75,29.83,21.66,82.76,3.51,3.54,5.62,31.2
2012-12-28,Madurai,9.9252,78.1198,Irrigated,24.48,27.89,22.22,86.89,2.92,1.24,13.41,31.23
2012-12-29,Madurai,9.9252,78.1198,Irrigated,25.71,30.57,22.99,84.94,3.28,1.56,13.4,31.25
2012-12-30,Madurai,9.9252,78.1198,Irrigated,26.72,32.25,22.93,78.7,2.13,0.29,17.75,31.27
2012-12-31,Madurai,9.9252,78.1198,Irrigated,26.78,33.51,22.84,72.51,2.43,0.04,17.67,31.3
2013-01-01,Madurai,9.9252,78.1198,Irrigated,26.61,33.6,21.04,70.65,2.06,0.0,18.75,31.34
2013-01-02,Madurai,9.9252,78.1198,Irrigated,25.62,33.84,19.71,66.5,1.9,0.0,19.01,31.37
2013-01-03,Madurai,9.9252,78.1198,Irrigated,26.15,34.17,19.7,70.07,2.04,0.0,19.23,31.41
2013-01-04,Madurai,9.9252,78.1198,Irrigated,26.68,33.62,21.11,70.06,1.57,0.0,17.01,31.45
2013-01-05,Madurai,9.9252,78.1198,Irrigated,26.7,33.44,21.99,70.69,1.94,0.0,18.02,31.5
2013-01-06,Madurai,9.9252,78.1198,Irrigated,26.99,33.63,22.13,69.89,2.28,0.0,16.7,31.54
2013-01-07,Madurai,9.9252,78.1198,Irrigated,26.56,33.73,21.39,66.86,2.52,0.79,16.57,31.59
2013-01-08,Madurai,9.9252,78.1198,Irrigated,25.64,31.19,21.48,78.53,2.16,4.85,7.08,31.64
2013-01-09,Madurai,9.9252,78.1198,Irrigated,25.18,29.82,22.14,77.59,2.37,0.75,6.26,31.7
2013-01-10,Madurai,9.9252,78.1198,Irrigated,25.36,32.57,20.64,69.22,2.42,0.01,19.96,31.75
2013-01-11,Madurai,9.9252,78.1198,Irrigated,25.07,33.11,19.33,68.29,2.43,0.0,20.24,31.81
2013-01-12,Madurai,9.9252,78.1198,Irrigated,24.71,33.01,18.36,66.58,2.33,0.0,17.76,31.87
2013-01-13,Madurai,9.9252,78.1198,Irrigated,24.39,33.03,18.37,62.12,2.44,0.0,18.43,31.93
2013-01-14,Madurai,9.9252,78.1198,Irrigated,23.46,30.24,18.04,65.6,1.92,0.0,21.61,32.0
2013-01-15,Madurai,9.9252,78.1198,Irrigated,24.44,33.09,17.95,67.92,2.31,0.0,20.57,32.07
2013-01-16,Madurai,9.9252,78.1198,Irrigated,24.34,32.67,17.64,67.04,2.5,0.0,20.77,32.15
2013-01-17,Madurai,9.9252,78.1198,Irrigated,24.45,32.75,17.51,65.74,2.54,0.0,17.64,32.22
2013-01-18,Madurai,9.9252,78.1198,Irrigated,24.96,32.96,17.49,65.46,2.39,0.0,19.06,32.3
2013-01-19,Madurai,9.9252,78.1198,Irrigated,25.38,33.92,18.72,61.1,2.5,0.0,20.8,32.38
2013-01-20,Madurai,9.9252,78.1198,Irrigated,25.56,34.07,17.94,64.02,2.25,0.01,21.02,32.45
2013-01-21,Madurai,9.9252,78.1198,Irrigated,26.5,34.41,20.87,62.48,2.59,0.0,19.75,32.53
2013-01-22,Madurai,9.9252,78.1198,Irrigated,25.7,34.39,18.6,56.9,2.67,0.0,23.2,32.61
2013-01-23,Madurai,9.9252,78.1198,Irrigated,26.04,34.52,19.06,62.05,2.61,0.0,20.94,32.69
2013-01-24,Madurai,9.9252,78.1198,Irrigated,26.14,34.18,19.98,61.38,2.45,0.0,20.74,32.78
2013-01-25,Madurai,9.9252,78.1198,Irrigated,25.99,34.28,20.31,59.29,2.75,0.0,20.99,32.86
2013-01-26,Madurai,9.9252,78.1198,Irrigated,25.65,33.96,18.76,57.81,2.67,0.0,22.24,32.95
2013-01-27,Madurai,9.9252,78.1198,Irrigated,25.74,33.78,19.03,61.15,2.59,0.0,22.48,33.03
2013-01-28,Madurai,9.9252,78.1198,Irrigated,26.38,34.79,19.36,59.36,2.26,0.0,21.21,33.12
2013-01-29,Madurai,9.9252,78.1198,Irrigated,26.67,34.83,20.0,59.38,1.87,0.0,21.25,33.21
2013-01-30,Madurai,9.9252,78.1198,Irrigated,26.72,34.79,20.45,60.81,2.53,0.0,21.27,33.3
2013-01-31,Madurai,9.9252,78.1198,Irrigated,26.18,34.58,20.57,59.5,3.11,0.0,21.53,33.39
2013-02-01,Madurai,9.9252,78.1198,Irrigated,25.19,34.48,17.26,55.44,2.65,0.0,22.31,33.48
2013-02-02,Madurai,9.9252,78.1198,Irrigated,25.57,34.35,18.9,59.43,2.45,0.0,23.17,33.57
2013-02-03,Madurai,9.9252,78.1198,Irrigated,25.89,34.38,19.36,59.39,2.63,0.0,22.42,33.66
2013-02-04,Madurai,9.9252,78.1198,Irrigated,26.82,35.27,20.47,62.05,2.25,0.02,21.49,33.76
2013-02-05,Madurai,9.9252,78.1198,Irrigated,27.23,33.8,22.2,68.17,2.52,0.57,10.26,33.85
2013-02-06,Madurai,9.9252,78.1198,Irrigated,27.86,34.75,22.56,63.81,2.75,0.4,15.62,33.95
2013-02-07,Madurai,9.9252,78.1198,Irrigated,28.48,36.92,22.22,55.53,2.02,0.0,22.83,34.04
2013-02-08,Madurai,9.9252,78.1198,Irrigated,28.67,36.85,22.53,60.36,2.0,0.0,21.19,34.14
2013-02-09,Madurai,9.9252,78.1198,Irrigated,28.45,36.67,22.53,59.66,2.56,0.0,20.64,34.23
2013-02-10,Madurai,9.9252,78.1198,Irrigated,27.92,36.21,22.1,57.68,3.19,0.0,21.55,34.32
2013-02-11,Madurai,9.9252,78.1198,Irrigated,27.63,34.69,22.12,60.99,3.85,0.9,17.76,34.41
2013-02-12,Madurai,9.9252,78.1198,Irrigated,27.94,34.44,22.26,60.79,3.76,0.68,18.9,34.51
2013-02-13,Madurai,9.9252,78.1198,Irrigated,26.0,30.05,23.57,73.97,2.99,3.54,13.53,34.6
2013-02-14,Madurai,9.9252,78.1198,Irrigated,25.32,30.85,22.34,76.73,2.14,8.2,7.04,34.7
2013-02-15,Madurai,9.9252,78.1198,Irrigated,25.55,31.22,22.06,73.79,1.76,1.33,13.31,34.79
2013-02-16,Madurai,9.9252,78.1198,Irrigated,27.66,35.51,21.29,65.61,1.89,0.22,20.68,34.88
2013-02-17,Madurai,9.9252,78.1198,Irrigated,29.01,36.61,21.89,59.87,1.26,0.66,22.38,34.97
2013-02-18,Madurai,9.9252,78.1198,Irrigated,28.91,35.66,23.96,63.41,1.51,2.67,18.85,35.06
2013-02-19,Madurai,9.9252,78.1198,Irrigated,26.57,30.45,23.84,76.81,2.23,5.03,14.83,35.14
2013-02-20,Madurai,9.9252,78.1198,Irrigated,27.46,35.14,22.14,65.93,2.35,0.22,21.88,35.23
2013-02-21,Madurai,9.9252,78.1198,Irrigated,27.05,35.24,21.73,59.85,2.95,0.0,24.31,35.32
2013-02-22,Madurai,9.9252,78.1198,Irrigated,26.34,35.11,19.75,60.74,2.63,0.0,24.43,35.41
2013-02-23,Madurai,9.9252,78.1198,Irrigated,26.7,35.45,20.22,60.32,2.33,0.0,23.89,35.5
2013-02-24,Madurai,9.9252,78.1198,Irrigated,26.83,35.58,20.21,59.22,2.0,0.0,24.44,35.59
2013-02-25,Madurai,9.9252,78.1198,Irrigated,26.79,35.96,20.02,55.02,1.87,0.0,24.44,35.67
2013-02-26,Madurai,9.9252,78.1198,Irrigated,26.34,35.82,17.67,52.68,2.14,0.0,25.49,35.75
2013-02-27,Madurai,9.9252,78.1198,Irrigated,27.12,36.59,18.38,51.45,2.26,0.0,25.31,35.84
2013-02-28,Madurai,9.9252,78.1198,Irrigated,28.03,36.74,19.88,51.71,2.19,0.0,24.18,35.91
2013-03-01,Madurai,9.9252,78.1198,Irrigated,28.24,37.56,20.9,50.76,2.44,0.0,24.29,35.99
2013-03-02,Madurai,9.9252,78.1198,Irrigated,27.56,37.39,19.28,52.59,2.96,0.0,23.5,36.08
2013-03-03,Madurai,9.9252,78.1198,Irrigated,27.88,37.95,19.73,50.94,2.79,0.0,23.11,36.16
2013-03-04,Madurai,9.9252,78.1198,Irrigated,27.95,36.72,20.02,59.95,3.17,1.14,17.56,36.24
2013-03-05,Madurai,9.9252,78.1198,Irrigated,26.67,31.23,23.89,76.91,3.29,11.57,9.76,36.31
2013-03-06,Madurai,9.9252,78.1198,Irrigated,26.86,32.11,23.44,77.62,2.62,5.13,19.82,36.39
2013-03-07,Madurai,9.9252,78.1198,Irrigated,27.86,34.13,23.38,71.76,3.29,0.55,20.82,36.45
2013-03-08,Madurai,9.9252,78.1198,Irrigated,26.59,30.99,23.1,75.62,2.13,2.28,16.96,36.52
2013-03-09,Madurai,9.9252,78.1198,Irrigated,27.84,34.31,23.1,71.88,1.97,0.67,20.38,36.58
2013-03-10,Madurai,9.9252,78.1198,Irrigated,28.77,36.15,23.44,63.39,1.75,0.0,22.63,36.65
2013-03-11,Madurai,9.9252,78.1198,Irrigated,28.63,36.75,22.89,59.92,2.0,0.05,22.61,36.71
2013-03-12,Madurai,9.9252,78.1198,Irrigated,28.35,36.46,22.16,55.03,1.74,0.0,23.25,36.77
2013-03-13,Madurai,9.9252,78.1198,Irrigated,28.89,37.73,22.23,49.74,1.82,0.0,24.41,36.83
2013-03-14,Madurai,9.9252,78.1198,Irrigated,28.13,35.92,21.98,56.41,1.79,0.0,24.94,36.88
2013-03-15,Madurai,9.9252,78.1198,Irrigated,28.5,37.0,21.84,61.78,2.2,0.93,20.27,36.94
2013-03-16,Madurai,9.9252,78.1198,Irrigated,28.35,35.67,23.2,62.23,2.34,1.99,20.83,36.99
2013-03-17,Madurai,9.9252,78.1198,Irrigated,29.43,37.79,22.62,57.29,2.18,0.0,23.86,37.05
2013-03-18,Madurai,9.9252,78.1198,Irrigated,29.52,38.23,22.86,53.23,2.0,0.0,24.08,37.1
2013-03-19,Madurai,9.9252,78.1198,Irrigated,29.06,37.3,22.13,56.35,1.94,0.0,25.1,37.15
2013-03-20,Madurai,9.9252,78.1198,Irrigated,30.05,38.01,23.85,55.83,2.2,0.0,24.43,37.2
2013-03-21,Madurai,9.9252,78.1198,Irrigated,29.76,38.16,23.14,52.49,2.08,0.0,24.9,37.25
2013-03-22,Madurai,9.9252,78.1198,Irrigated,29.91,39.19,22.11,44.9,2.26,0.0,25.71,37.29
2013-03-23,Madurai,9.9252,78.1198,Irrigated,29.64,38.65,22.44,43.3,2.19,0.0,25.71,37.34
2013-03-24,Madurai,9.9252,78.1198,Irrigated,29.81,38.55,22.65,49.54,2.32,0.03,23.89,37.38
2013-03-25,Madurai,9.9252,78.1198,Irrigated,30.5,38.72,24.03,51.01,1.88,0.11,21.53,37.42
2013-03-26,Madurai,9.9252,78.1198,Irrigated,31.08,39.34,24.3,53.13,2.42,0.07,23.96,37.45
2013-03-27,Madurai,9.9252,78.1198,Irrigated,31.14,39.22,24.77,54.14,2.48,0.02,24.57,37.49
2013-03-28,Madurai,9.9252,78.1198,Irrigated,31.62,40.01,24.14,52.48,2.37,0.0,23.93,37.52
2013-03-29,Madurai,9.9252,78.1198,Irrigated,32.24,40.32,25.48,52.08,2.16,0.02,24.04,37.55
2013-03-30,Madurai,9.9252,78.1198,Irrigated,31.25,37.44,25.89,57.04,2.06,0.0,21.65,37.58
2013-03-31,Madurai,9.9252,78.1198,Irrigated,31.15,37.76,25.76,57.8,2.32,0.0,22.66,37.61
2013-04-01,Madurai,9.9252,78.1198,Irrigated,31.91,40.49,24.88,51.7,2.19,0.0,25.45,37.64
2013-04-02,Madurai,9.9252,78.1198,Irrigated,32.4,40.79,25.96,50.65,2.5,0.0,23.21,37.66
2013-04-03,Madurai,9.9252,78.1198,Irrigated,31.4,38.69,26.28,55.68,2.68,0.0,21.01,37.67
2013-04-04,Madurai,9.9252,78.1198,Irrigated,32.79,41.49,25.0,50.01,2.01,0.0,23.89,37.69
2013-04-05,Madurai,9.9252,78.1198,Irrigated,33.34,40.57,26.86,45.83,1.79,0.0,24.75,37.71
2013-04-06,Madurai,9.9252,78.1198,Irrigated,33.95,42.22,27.41,44.42,2.08,0.0,24.43,37.72
2013-04-07,Madurai,9.9252,78.1198,Irrigated,33.51,41.2,28.09,47.94,2.28,0.0,24.34,37.74
2013-04-08,Madurai,9.9252,78.1198,Irrigated,32.15,39.52,27.06,53.53,2.7,0.0,24.55,37.75
2013-04-09,Madurai,9.9252,78.1198,Irrigated,31.79,39.7,25.16,55.84,3.03,0.03,23.43,37.76
2013-04-10,Madurai,9.9252,78.1198,Irrigated,31.89,40.09,25.27,50.53,2.84,0.0,24.8,37.77
2013-04-11,Madurai,9.9252,78.1198,Irrigated,31.99,39.8,25.51,50.34,2.3,0.0,24.78,37.78
2013-04-12,Madurai,9.9252,78.1198,Irrigated,31.91,39.78,25.71,53.06,2.73,0.05,24.82,37.78
2013-04-13,Madurai,9.9252,78.1198,Irrigated,32.21,40.34,25.46,51.83,2.54,0.05,20.53,37.79
2013-04-14,Madurai,9.9252,78.1198,Irrigated,31.5,36.66,27.38,56.76,2.46,0.09,23.02,37.79
2013-04-15,Madurai,9.9252,78.1198,Irrigated,30.48,34.43,27.15,59.58,1.04,4.78,20.62,37.79
2013-04-16,Madurai,9.9252,78.1198,Irrigated,32.55,40.52,24.93,50.32,1.63,0.14,24.75,37.79
2013-04-17,Madurai,9.9252,78.1198,Irrigated,33.05,39.93,26.91,49.78,1.89,0.08,24.34,37.79
2013-04-18,Madurai,9.9252,78.1198,Irrigated,32.61,39.09,27.52,48.08,1.39,0.0,22.46,37.78
2013-04-19,Madurai,9.9252,78.1198,Irrigated,33.7,41.75,27.09,41.87,2.59,0.0,25.8,37.78
2013-04-20,Madurai,9.9252,78.1198,Irrigated,33.14,41.39,26.06,46.98,1.59,0.0,25.6,37.77
2013-04-21,Madurai,9.9252,78.1198,Irrigated,32.37,39.5,27.03,49.47,2.32,0.92,25.06,37.76
2013-04-22,Madurai,9.9252,78.1198,Irrigated,32.42,39.87,26.23,49.59,2.49,0.18,24.45,37.75
2013-04-23,Madurai,9.9252,78.1198,Irrigated,32.5,40.01,26.24,50.02,2.59,0.06,23.67,37.74
2013-04-24,Madurai,9.9252,78.1198,Irrigated,31.3,36.73,26.73,56.73,1.67,4.24,23.32,37.74
2013-04-25,Madurai,9.9252,78.1198,Irrigated,30.4,35.06,26.48,61.12,2.1,1.9,22.61,37.73
2013-04-26,Madurai,9.9252,78.1198,Irrigated,29.7,34.62,26.07,64.43,1.95,0.15,17.8,37.72
2013-04-27,Madurai,9.9252,78.1198,Irrigated,31.18,38.58,25.03,57.16,2.15,0.0,20.75,37.7
2013-04-28,Madurai,9.9252,78.1198,Irrigated,32.87,39.91,26.19,50.48,1.87,0.05,25.11,37.69
2013-04-29,Madurai,9.9252,78.1198,Irrigated,32.98,38.52,27.75,50.3,1.55,1.14,23.47,37.67
2013-04-30,Madurai,9.9252,78.1198,Irrigated,31.1,35.79,27.6,60.6,2.13,0.26,24.4,37.65
2013-05-01,Madurai,9.9252,78.1198,Irrigated,30.36,36.23,26.14,59.53,1.98,1.22,20.05,37.63
2013-05-02,Madurai,9.9252,78.1198,Irrigated,31.68,38.79,25.11,55.24,2.11,0.45,22.04,37.61
2013-05-03,Madurai,9.9252,78.1198,Irrigated,32.08,37.66,27.11,53.95,2.24,0.0,18.78,37.59
2013-05-04,Madurai,9.9252,78.1198,Irrigated,32.79,39.28,27.38,52.17,1.74,0.06,20.65,37.57
2013-05-05,Madurai,9.9252,78.1198,Irrigated,31.87,37.71,27.8,54.52,1.86,0.01,18.66,37.55
2013-05-06,Madurai,9.9252,78.1198,Irrigated,31.18,36.41,26.75,56.71,1.35,0.07,20.61,37.53
2013-05-07,Madurai,9.9252,78.1198,Irrigated,31.59,36.92,26.89,55.34,1.08,4.04,19.48,37.51
2013-05-08,Madurai,9.9252,78.1198,Irrigated,32.29,39.3,26.69,52.35,1.77,2.66,20.08,37.48
2013-05-09,Madurai,9.9252,78.1198,Irrigated,32.12,38.91,26.38,50.53,2.49,0.16,24.19,37.46
2013-05-10,Madurai,9.9252,78.1198,Irrigated,32.67,39.62,26.78,47.55,2.08,0.0,22.83,37.44
2013-05-11,Madurai,9.9252,78.1198,Irrigated,33.89,41.23,27.82,45.31,2.44,0.01,20.04,37.42
2013-05-12,Madurai,9.9252,78.1198,Irrigated,32.58,38.51,27.45,47.87,2.59,0.23,20.95,37.39
2013-05-13,Madurai,9.9252,78.1198,Irrigated,28.85,33.4,25.56,60.41,1.68,0.03,10.74,37.36
2013-05-14,Madurai,9.9252,78.1198,Irrigated,30.97,36.3,26.0,52.68,2.38,0.01,19.44,37.33
2013-05-15,Madurai,9.9252,78.1198,Irrigated,32.84,40.35,26.9,44.78,2.09,0.0,20.56,37.3
2013-05-16,Madurai,9.9252,78.1198,Irrigated,31.79,36.44,27.54,46.75,1.81,0.0,22.22,37.28
2013-05-17,Madurai,9.9252,78.1198,Irrigated,33.36,41.15,27.74,43.53,1.79,0.0,22.72,37.26
2013-05-18,Madurai,9.9252,78.1198,Irrigated,33.18,40.25,27.0,43.58,1.93,0.0,24.9,37.24
2013-05-19,Madurai,9.9252,78.1198,Irrigated,33.91,41.13,27.23,43.9,2.05,0.51,24.88,37.22
2013-05-20,Madurai,9.9252,78.1198,Irrigated,32.18,37.3,28.06,52.35,2.35,0.33,22.05,37.2
2013-05-21,Madurai,9.9252,78.1198,Irrigated,32.46,39.61,26.87,43.44,2.72,0.02,23.85,37.18
2013-05-22,Madurai,9.9252,78.1198,Irrigated,33.03,39.94,26.56,46.46,3.24,0.03,24.46,37.15
2013-05-23,Madurai,9.9252,78.1198,Irrigated,32.84,39.79,26.89,48.56,3.18,0.02,23.21,37.11
2013-05-24,Madurai,9.9252,78.1198,Irrigated,32.47,38.83,27.24,51.69,3.16,0.04,21.87,37.08
2013-05-25,Madurai,9.9252,78.1198,Irrigated,31.22,36.1,27.12,51.13,3.65,3.97,22.32,37.06
2013-05-26,Madurai,9.9252,78.1198,Irrigated,28.92,35.62,25.11,56.81,3.26,0.34,22.01,37.04
2013-05-27,Madurai,9.9252,78.1198,Irrigated,29.27,35.39,24.99,60.33,2.62,0.04,22.86,37.02
2013-05-28,Madurai,9.9252,78.1198,Irrigated,28.73,31.87,26.03,60.79,2.52,0.02,21.23,37.0
2013-05-29,Madurai,9.9252,78.1198,Irrigated,29.29,34.35,25.34,58.31,1.97,0.01,22.11,36.98
2013-05-30,Madurai,9.9252,78.1198,Irrigated,29.5,35.73,25.11,60.84,1.52,17.12,22.78,36.96
2013-05-31,Madurai,9.9252,78.1198,Irrigated,27.51,31.42,24.38,71.58,2.34,4.13,18.64,36.94
2013-06-01,Madurai,9.9252,78.1198,Irrigated,27.99,33.51,23.94,66.44,2.55,0.26,18.3,36.91
2013-06-02,Madurai,9.9252,78.1198,Irrigated,28.46,34.96,24.23,61.52,3.88,0.79,20.88,36.88
2013-06-03,Madurai,9.9252,78.1198,Irrigated,29.62,36.17,24.9,58.85,3.18,0.08,19.4,36.86
2013-06-04,Madurai,9.9252,78.1198,Irrigated,29.99,36.76,24.83,57.84,2.19,0.52,22.56,36.84
2013-06-05,Madurai,9.9252,78.1198,Irrigated,30.27,37.64,24.35,55.33,2.7,0.01,22.14,36.83
2013-06-06,Madurai,9.9252,78.1198,Irrigated,29.66,35.88,24.79,60.83,1.9,1.55,21.56,36.81
2013-06-07,Madurai,9.9252,78.1198,Irrigated,28.62,33.86,24.7,63.33,2.63,0.51,20.42,36.79
2013-06-08,Madurai,9.9252,78.1198,Irrigated,27.85,32.51,24.66,65.01,2.74,0.11,19.17,36.77
2013-06-09,Madurai,9.9252,78.1198,Irrigated,29.11,35.04,24.46,56.47,3.4,0.04,20.07,36.76
2013-06-10,Madurai,9.9252,78.1198,Irrigated,29.52,36.31,24.82,53.5,3.51,0.02,19.75,36.74
2013-06-11,Madurai,9.9252,78.1198,Irrigated,29.02,34.75,25.87,57.86,3.76,0.25,20.52,36.73
2013-06-12,Madurai,9.9252,78.1198,Irrigated,28.08,32.32,25.59,55.74,4.81,0.15,14.5,36.71
2013-06-13,Madurai,9.9252,78.1198,Irrigated,29.05,34.52,24.61,51.2,5.25,0.05,14.61,36.7
2013-06-14,Madurai,9.9252,78.1198,Irrigated,29.66,33.71,26.55,55.7,4.36,0.01,20.27,36.69
2013-06-15,Madurai,9.9252,78.1198,Irrigated,30.21,36.26,25.9,54.61,4.57,0.39,18.14,36.69
2013-06-16,Madurai,9.9252,78.1198,Irrigated,29.95,34.49,26.25,55.23,4.6,0.27,20.77,36.68
2013-06-17,Madurai,9.9252,78.1198,Irrigated,28.52,32.98,25.85,55.28,4.48,0.24,16.12,36.67
2013-06-18,Madurai,9.9252,78.1198,Irrigated,28.78,33.96,24.38,53.85,3.81,0.47,16.88,36.65
2013-06-19,Madurai,9.9252,78.1198,Irrigated,29.44,35.35,25.14,55.77,4.12,0.51,16.32,36.64
2013-06-20,Madurai,9.9252,78.1198,Irrigated,29.49,35.81,25.16,53.73,3.98,0.06,21.5,36.63
2013-06-21,Madurai,9.9252,78.1198,Irrigated,29.34,35.18,25.41,54.58,4.43,0.34,17.82,36.63
2013-06-22,Madurai,9.9252,78.1198,Irrigated,28.47,33.52,25.07,52.8,4.99,0.42,15.49,36.63
2013-06-23,Madurai,9.9252,78.1198,Irrigated,29.49,35.62,24.7,52.91,5.0,0.19,14.52,36.64
2013-06-24,Madurai,9.9252,78.1198,Irrigated,29.74,34.69,26.46,56.42,4.38,0.21,15.72,36.64
2013-06-25,Madurai,9.9252,78.1198,Irrigated,29.73,35.44,25.44,57.12,3.94,0.23,19.93,36.64
2013-06-26,Madurai,9.9252,78.1198,Irrigated,29.26,33.94,25.19,58.35,3.16,0.91,20.79,36.63
2013-06-27,Madurai,9.9252,78.1198,Irrigated,30.28,36.74,25.13,53.7,2.93,0.73,21.0,36.63
2013-06-28,Madurai,9.9252,78.1198,Irrigated,29.79,35.88,24.92,50.13,2.46,0.05,17.51,36.63
2013-06-29,Madurai,9.9252,78.1198,Irrigated,30.38,36.58,24.9,49.75,1.95,0.25,22.25,36.63
2013-06-30,Madurai,9.9252,78.1198,Irrigated,30.28,37.7,24.64,51.17,3.26,0.07,21.9,36.63
2013-07-01,Madurai,9.9252,78.1198,Irrigated,28.53,33.35,25.16,50.91,4.13,0.03,22.45,36.64
2013-07-02,Madurai,9.9252,78.1198,Irrigated,28.89,35.43,24.65,49.69,4.55,0.04,20.82,36.64
2013-07-03,Madurai,9.9252,78.1198,Irrigated,28.62,34.08,24.65,52.53,4.52,0.08,21.7,36.64
2013-07-04,Madurai,9.9252,78.1198,Irrigated,29.56,35.51,24.81,53.14,4.19,0.1,20.38,36.64
2013-07-05,Madurai,9.9252,78.1198,Irrigated,29.73,34.0,26.01,52.69,3.05,0.03,19.8,36.64
2013-07-06,Madurai,9.9252,78.1198,Irrigated,30.44,36.29,25.67,49.46,3.75,0.1,21.82,36.65
2013-07-07,Madurai,9.9252,78.1198,Irrigated,29.12,34.25,26.05,55.3,3.35,0.4,19.68,36.66
2013-07-08,Madurai,9.9252,78.1198,Irrigated,29.4,35.84,24.9,54.06,3.73,0.25,19.89,36.67
2013-07-09,Madurai,9.9252,78.1198,Irrigated,28.59,33.33,25.22,55.4,3.99,0.14,16.21,36.69
2013-07-10,Madurai,9.9252,78.1198,Irrigated,28.57,33.95,24.54,54.47,4.46,0.53,15.06,36.71
2013-07-11,Madurai,9.9252,78.1198,Irrigated,28.61,34.24,24.73,51.37,4.41,0.04,17.43,36.73
2013-07-12,Madurai,9.9252,78.1198,Irrigated,29.57,35.55,25.05,51.86,4.08,0.05,18.5,36.74
2013-07-13,Madurai,9.9252,78.1198,Irrigated,28.9,34.75,24.41,52.98,3.59,0.0,22.76,36.76
2013-07-14,Madurai,9.9252,78.1198,Irrigated,30.08,36.8,24.04,52.14,3.17,0.05,23.14,36.77
2013-07-15,Madurai,9.9252,78.1198,Irrigated,29.15,34.97,24.57,56.52,3.35,0.02,17.62,36.78
2013-07-16,Madurai,9.9252,78.1198,Irrigated,29.37,35.3,25.9,53.11,4.73,0.2,13.36,36.79
2013-07-17,Madurai,9.9252,78.1198,Irrigated,29.16,34.8,25.15,53.1,3.88,0.08,19.61,36.81
2013-07-18,Madurai,9.9252,78.1198,Irrigated,29.45,36.26,25.06,53.25,4.51,0.25,18.82,36.82
2013-07-19,Madurai,9.9252,78.1198,Irrigated,29.01,34.77,25.24,56.69,4.17,0.56,15.91,36.84
2013-07-20,Madurai,9.9252,78.1198,Irrigated,28.8,35.0,24.76,56.92,3.79,0.23,16.21,36.86
2013-07-21,Madurai,9.9252,78.1198,Irrigated,28.58,34.37,24.61,55.9,4.23,0.29,16.19,36.88
2013-07-22,Madurai,9.9252,78.1198,Irrigated,28.99,34.57,24.28,55.07,4.18,0.06,18.43,36.9
2013-07-23,Madurai,9.9252,78.1198,Irrigated,28.31,33.4,24.8,54.52,4.79,0.11,19.78,36.91
2013-07-24,Madurai,9.9252,78.1198,Irrigated,28.69,34.38,24.33,55.31,5.04,0.31,16.84,36.92
2013-07-25,Madurai,9.9252,78.1198,Irrigated,28.86,35.0,24.83,54.89,4.9,0.06,21.09,36.94
2013-07-26,Madurai,9.9252,78.1198,Irrigated,28.78,34.25,24.56,54.02,4.23,0.1,20.03,36.95
2013-07-27,Madurai,9.9252,78.1198,Irrigated,29.73,36.46,24.03,53.2,3.15,0.03,19.99,36.97
2013-07-28,Madurai,9.9252,78.1198,Irrigated,30.58,37.42,24.83,52.57,3.03,0.08,21.11,36.99
2013-07-29,Madurai,9.9252,78.1198,Irrigated,28.59,33.69,24.92,50.54,4.54,0.0,22.45,37.01
2013-07-30,Madurai,9.9252,78.1198,Irrigated,29.66,37.05,23.85,46.06,4.23,0.0,23.26,37.02
2013-07-31,Madurai,9.9252,78.1198,Irrigated,29.46,35.75,24.92,51.5,5.2,0.01,23.84,37.04
2013-08-01,Madurai,9.9252,78.1198,Irrigated,29.13,35.07,24.97,54.66,4.87,0.07,17.61,37.06
2013-08-02,Madurai,9.9252,78.1198,Irrigated,29.36,35.0,25.67,52.64,4.92,0.04,19.97,37.07
2013-08-03,Madurai,9.9252,78.1198,Irrigated,29.63,36.58,25.02,50.04,4.44,0.09,21.22,37.09
2013-08-04,Madurai,9.9252,78.1198,Irrigated,28.44,33.53,25.11,57.48,4.49,7.08,18.06,37.1
2013-08-05,Madurai,9.9252,78.1198,Irrigated,27.53,32.33,23.98,60.05,4.57,4.47,18.53,37.12
2013-08-06,Madurai,9.9252,78.1198,Irrigated,27.45,33.09,23.09,61.32,3.75,0.22,18.46,37.14
2013-08-07,Madurai,9.9252,78.1198,Irrigated,28.06,33.86,23.15,60.45,2.66,0.46,21.3,37.15
2013-08-08,Madurai,9.9252,78.1198,Irrigated,28.92,34.78,23.78,59.98,1.79,0.81,19.76,37.16
2013-08-09,Madurai,9.9252,78.1198,Irrigated,27.49,32.23,24.61,68.8,2.44,7.52,19.29,37.18
2013-08-10,Madurai,9.9252,78.1198,Irrigated,27.32,32.87,23.37,74.68,1.62,35.88,17.19,37.2
2013-08-11,Madurai,9.9252,78.1198,Irrigated,27.74,33.47,23.19,69.94,1.83,0.92,21.27,37.21
2013-08-12,Madurai,9.9252,78.1198,Irrigated,27.99,33.39,23.62,65.58,2.13,0.07,19.99,37.21
2013-08-13,Madurai,9.9252,78.1198,Irrigated,27.61,33.06,23.09,66.15,2.32,0.05,17.36,37.22
2013-08-14,Madurai,9.9252,78.1198,Irrigated,27.82,33.51,23.23,61.4,3.15,0.2,13.8,37.23
2013-08-15,Madurai,9.9252,78.1198,Irrigated,28.81,36.27,22.98,61.72,1.74,0.22,19.68,37.25
2013-08-16,Madurai,9.9252,78.1198,Irrigated,28.59,34.74,24.01,64.88,1.91,2.65,20.73,37.26
2013-08-17,Madurai,9.9252,78.1198,Irrigated,28.69,35.97,22.82,64.3,1.84,3.62,19.31,37.27
2013-08-18,Madurai,9.9252,78.1198,Irrigated,28.65,35.92,22.95,65.25,2.09,1.17,22.57,37.28
2013-08-19,Madurai,9.9252,78.1198,Irrigated,28.55,36.06,23.64,62.5,1.91,0.04,21.5,37.28
2013-08-20,Madurai,9.9252,78.1198,Irrigated,29.07,36.94,22.41,60.5,2.87,0.0,22.42,37.29
2013-08-21,Madurai,9.9252,78.1198,Irrigated,28.99,36.46,23.49,60.76,2.91,0.0,21.88,37.29
2013-08-22,Madurai,9.9252,78.1198,Irrigated,28.77,36.14,22.79,59.75,2.91,0.0,21.81,37.29
2013-08-23,Madurai,9.9252,78.1198,Irrigated,29.27,37.08,23.02,59.49,2.34,0.0,22.03,37.3
2013-08-24,Madurai,9.9252,78.1198,Irrigated,28.69,35.61,23.23,59.07,2.38,0.0,23.81,37.3
2013-08-25,Madurai,9.9252,78.1198,Irrigated,29.88,37.0,23.82,57.99,1.43,0.14,22.25,37.3
2013-08-26,Madurai,9.9252,78.1198,Irrigated,29.28,34.79,24.76,63.76,1.5,7.02,21.47,37.29
2013-08-27,Madurai,9.9252,78.1198,Irrigated,28.5,33.41,24.16,69.4,1.2,28.98,21.41,37.29
2013-08-28,Madurai,9.9252,78.1198,Irrigated,28.01,31.24,24.35,73.37,0.98,28.49,19.6,37.28
2013-08-29,Madurai,9.9252,78.1198,Irrigated,27.94,32.2,23.95,72.99,1.42,5.94,22.1,37.27
2013-08-30,Madurai,9.9252,78.1198,Irrigated,27.77,31.62,24.43,74.74,1.18,0.29,20.5,37.26
2013-08-31,Madurai,9.9252,78.1198,Irrigated,28.09,32.56,24.9,73.02,1.07,0.54,22.88,37.25
2013-09-01,Madurai,9.9252,78.1198,Irrigated,27.61,32.27,24.24,73.67,1.46,0.43,22.01,37.24
2013-09-02,Madurai,9.9252,78.1198,Irrigated,27.67,32.68,23.78,73.69,1.82,0.64,20.02,37.23
2013-09-03,Madurai,9.9252,78.1198,Irrigated,27.72,32.68,24.13,71.94,2.32,6.07,22.18,37.22
2013-09-04,Madurai,9.9252,78.1198,Irrigated,26.99,31.2,23.64,72.67,1.48,3.6,21.82,37.21
2013-09-05,Madurai,9.9252,78.1198,Irrigated,27.02,32.2,23.55,74.16,1.36,12.87,22.58,37.2
2013-09-06,Madurai,9.9252,78.1198,Irrigated,24.96,27.12,23.26,83.03,1.86,12.23,12.88,37.18
2013-09-07,Madurai,9.9252,78.1198,Irrigated,26.69,32.47,22.61,73.35,1.94,0.74,13.88,37.16
2013-09-08,Madurai,9.9252,78.1198,Irrigated,26.48,31.82,22.59,74.49,1.57,5.86,20.81,37.14
2013-09-09,Madurai,9.9252,78.1198,Irrigated,26.69,32.66,22.42,71.57,1.75,0.91,18.0,37.12
2013-09-10,Madurai,9.9252,78.1198,Irrigated,26.99,32.51,22.06,72.28,1.69,6.3,17.36,37.1
2013-09-11,Madurai,9.9252,78.1198,Irrigated,27.03,33.4,22.3,74.99,1.82,6.02,19.99,37.07
2013-09-12,Madurai,9.9252,78.1198,Irrigated,26.72,32.14,22.55,75.66,1.81,1.42,14.26,37.05
2013-09-13,Madurai,9.9252,78.1198,Irrigated,26.33,30.21,22.99,78.07,1.99,0.11,18.03,37.02
2013-09-14,Madurai,9.9252,78.1198,Irrigated,28.03,34.16,23.19,71.49,1.67,0.07,19.47,36.99
2013-09-15,Madurai,9.9252,78.1198,Irrigated,27.92,33.79,23.55,70.26,2.82,0.12,22.94,36.96
2013-09-16,Madurai,9.9252,78.1198,Irrigated,27.62,32.94,23.3,74.95,2.73,0.34,22.39,36.92
2013-09-17,Madurai,9.9252,78.1198,Irrigated,27.2,31.5,24.09,74.46,2.67,3.64,20.96,36.89
2013-09-18,Madurai,9.9252,78.1198,Irrigated,27.34,33.41,23.4,70.06,2.51,0.22,18.11,36.85
2013-09-19,Madurai,9.9252,78.1198,Irrigated,27.13,33.32,22.4,67.98,3.11,0.1,20.56,36.81
2013-09-20,Madurai,9.9252,78.1198,Irrigated,27.76,33.72,23.37,68.67,3.13,0.02,21.53,36.77
2013-09-21,Madurai,9.9252,78.1198,Irrigated,27.57,33.35,23.24,70.54,2.4,0.0,22.34,36.73
2013-09-22,Madurai,9.9252,78.1198,Irrigated,28.14,35.72,22.24,65.75,2.23,0.0,23.28,36.69
2013-09-23,Madurai,9.9252,78.1198,Irrigated,28.96,37.49,21.9,62.81,1.47,0.0,24.89,36.64
2013-09-24,Madurai,9.9252,78.1198,Irrigated,29.14,37.22,21.66,63.03,0.89,0.0,24.85,36.6
2013-09-25,Madurai,9.9252,78.1198,Irrigated,29.7,37.0,22.71,61.98,1.23,2.74,23.41,36.55
2013-09-26,Madurai,9.9252,78.1198,Irrigated,29.61,36.6,23.17,63.74,0.85,0.0,22.51,36.5
2013-09-27,Madurai,9.9252,78.1198,Irrigated,30.19,37.25,24.12,60.14,0.95,0.0,22.94,36.45
2013-09-28,Madurai,9.9252,78.1198,Irrigated,29.59,35.57,24.58,60.75,1.21,0.0,22.56,36.39
2013-09-29,Madurai,9.9252,78.1198,Irrigated,29.28,37.16,23.17,60.34,1.93,0.07,19.37,36.34
2013-09-30,Madurai,9.9252,78.1198,Irrigated,28.62,36.04,22.22,62.66,1.91,0.05,23.13,36.28
2013-10-01,Madurai,9.9252,78.1198,Irrigated,29.25,36.38,23.47,63.9,1.32,0.13,23.47,36.22
2013-10-02,Madurai,9.9252,78.1198,Irrigated,29.29,35.75,24.09,64.41,1.21,0.34,20.03,36.16
2013-10-03,Madurai,9.9252,78.1198,Irrigated,28.08,32.43,24.4,69.11,1.3,1.59,21.16,36.1
2013-10-04,Madurai,9.9252,78.1198,Irrigated,28.37,35.78,21.85,61.7,1.66,0.0,24.32,36.04
2013-10-05,Madurai,9.9252,78.1198,Irrigated,28.26,37.12,20.73,56.32,1.57,0.0,24.83,35.98
2013-10-06,Madurai,9.9252,78.1198,Irrigated,28.3,35.69,21.44,63.61,1.26,0.0,24.46,35.91
2013-10-07,Madurai,9.9252,78.1198,Irrigated,29.3,36.55,23.42,62.17,1.36,0.07,23.54,35.85
2013-10-08,Madurai,9.9252,78.1198,Irrigated,27.91,32.5,24.68,74.01,0.92,15.53,20.7,35.78
2013-10-09,Madurai,9.9252,78.1198,Irrigated,26.45,30.37,23.77,71.51,1.86,0.43,17.67,35.71
2013-10-10,Madurai,9.9252,78.1198,Irrigated,27.77,34.35,22.52,67.79,1.23,2.16,18.51,35.64
2013-10-11,Madurai,9.9252,78.1198,Irrigated,28.87,35.97,22.78,64.41,1.19,0.03,22.03,35.56
2013-10-12,Madurai,9.9252,78.1198,Irrigated,28.03,34.75,22.74,62.4,2.12,0.01,22.35,35.49
2013-10-13,Madurai,9.9252,78.1198,Irrigated,29.05,36.85,22.8,62.65,2.04,0.02,20.49,35.41
2013-10-14,Madurai,9.9252,78.1198,Irrigated,29.59,36.65,23.36,61.71,0.95,0.05,23.32,35.34
2013-10-15,Madurai,9.9252,78.1198,Irrigated,29.08,34.08,25.13,68.47,0.97,10.18,21.38,35.27
2013-10-16,Madurai,9.9252,78.1198,Irrigated,27.63,31.3,24.25,79.24,0.58,23.47,21.05,35.2
2013-10-17,Madurai,9.9252,78.1198,Irrigated,26.55,29.66,24.39,82.14,1.2,4.27,20.08,35.12
2013-10-18,Madurai,9.9252,78.1198,Irrigated,25.12,27.37,23.26,87.58,0.85,6.59,16.23,35.04
2013-10-19,Madurai,9.9252,78.1198,Irrigated,25.11,28.09,23.09,87.24,0.93,43.69,13.42,34.96
2013-10-20,Madurai,9.9252,78.1198,Irrigated,24.73,27.25,22.7,85.74,0.43,13.81,16.71,34.88
2013-10-21,Madurai,9.9252,78.1198,Irrigated,24.97,28.21,22.4,85.97,0.99,18.64,17.14,34.79
2013-10-22,Madurai,9.9252,78.1198,Irrigated,25.44,28.86,22.98,87.15,0.85,4.1,17.03,34.7
2013-10-23,Madurai,9.9252,78.1198,Irrigated,26.33,30.81,23.24,81.46,1.46,0.04,15.27,34.6
2013-10-24,Madurai,9.9252,78.1198,Irrigated,26.55,31.59,22.67,78.82,1.3,0.79,20.51,34.52
2013-10-25,Madurai,9.9252,78.1198,Irrigated,26.82,32.02,22.78,79.29,1.55,2.72,19.73,34.44
2013-10-26,Madurai,9.9252,78.1198,Irrigated,26.91,31.45,22.56,77.75,1.12,0.27,20.24,34.36
2013-10-27,Madurai,9.9252,78.1198,Irrigated,27.81,32.97,23.27,71.37,0.81,0.0,20.4,34.28
2013-10-28,Madurai,9.9252,78.1198,Irrigated,26.53,32.09,22.18,73.53,0.98,0.0,22.16,34.2
2013-10-29,Madurai,9.9252,78.1198,Irrigated,26.75,32.53,22.26,74.4,1.46,0.14,20.45,34.11
2013-10-30,Madurai,9.9252,78.1198,Irrigated,26.7,32.2,21.78,74.49,1.44,0.01,19.27,34.02
2013-10-31,Madurai,9.9252,78.1198,Irrigated,25.78,29.23,23.23,82.73,1.14,2.55,16.67,33.93
2013-11-01,Madurai,9.9252,78.1198,Irrigated,25.81,30.01,22.37,81.36,1.37,0.69,20.67,33.85
2013-11-02,Madurai,9.9252,78.1198,Irrigated,25.36,28.34,23.03,88.39,1.54,6.84,14.76,33.77
2013-11-03,Madurai,9.9252,78.1198,Irrigated,25.29,28.78,22.97,86.96,1.95,3.48,11.35,33.68
2013-11-04,Madurai,9.9252,78.1198,Irrigated,24.99,28.4,22.54,85.86,1.6,5.86,16.48,33.6
2013-11-05,Madurai,9.9252,78.1198,Irrigated,25.12,28.45,22.78,87.78,2.38,9.57,16.03,33.51
2013-11-06,Madurai,9.9252,78.1198,Irrigated,25.47,30.21,22.13,83.19,2.52,3.08,17.91,33.42
2013-11-07,Madurai,9.9252,78.1198,Irrigated,25.21,30.56,21.6,81.7,2.99,0.25,20.08,33.33
2013-11-08,Madurai,9.9252,78.1198,Irrigated,25.16,30.62,21.03,77.01,2.45,0.06,19.44,33.25
2013-11-09,Madurai,9.9252,78.1198,Irrigated,24.74,30.81,19.25,76.0,2.2,0.03,20.31,33.17
2013-11-10,Madurai,9.9252,78.1198,Irrigated,25.85,31.86,20.73,74.71,2.19,0.13,19.81,33.09
2013-11-11,Madurai,9.9252,78.1198,Irrigated,26.11,32.05,21.49,75.82,2.37,0.09,18.8,33.01
2013-11-12,Madurai,9.9252,78.1198,Irrigated,25.73,31.02,21.55,77.38,1.85,1.34,12.4,32.93
2013-11-13,Madurai,9.9252,78.1198,Irrigated,24.76,29.35,21.04,73.67,1.8,0.82,13.84,32.85
2013-11-14,Madurai,9.9252,78.1198,Irrigated,25.15,29.69,21.53,74.38,1.28,0.11,17.28,32.76
2013-11-15,Madurai,9.9252,78.1198,Irrigated,24.9,30.95,21.2,75.34,2.43,2.41,18.15,32.68
2013-11-16,Madurai,9.9252,78.1198,Irrigated,24.49,29.15,20.61,81.87,3.1,16.9,16.17,32.6
2013-11-17,Madurai,9.9252,78.1198,Irrigated,24.79,28.71,21.74,85.53,1.74,13.24,17.05,32.52
2013-11-18,Madurai,9.9252,78.1198,Irrigated,25.21,29.99,21.51,84.6,2.43,4.97,15.41,32.45
2013-11-19,Madurai,9.9252,78.1198,Irrigated,25.34,30.13,21.82,81.81,1.76,1.55,18.64,32.38
2013-11-20,Madurai,9.9252,78.1198,Irrigated,25.94,31.67,20.45,74.82,1.18,3.77,18.74,32.31
2013-11-21,Madurai,9.9252,78.1198,Irrigated,26.12,31.39,22.1,77.69,1.0,2.63,17.68,32.24
2013-11-22,Madurai,9.9252,78.1198,Irrigated,26.35,32.06,22.34,78.79,0.94,0.67,18.46,32.17
2013-11-23,Madurai,9.9252,78.1198,Irrigated,26.07,31.49,22.21,79.83,1.14,2.13,17.91,32.11
2013-11-24,Madurai,9.9252,78.1198,Irrigated,25.24,30.01,22.39,83.54,0.82,5.7,9.55,32.04
2013-11-25,Madurai,9.9252,78.1198,Irrigated,25.21,30.45,21.18,82.64,1.5,1.03,19.86,31.98
2013-11-26,Madurai,9.9252,78.1198,Irrigated,25.79,31.76,21.34,78.72,1.41,0.14,20.52,31.91
2013-11-27,Madurai,9.9252,78.1198,Irrigated,25.69,31.01,21.67,78.19,1.48,0.04,18.86,31.85
2013-11-28,Madurai,9.9252,78.1198,Irrigated,25.44,31.77,21.15,76.4,1.28,0.0,17.63,31.78
2013-11-29,Madurai,9.9252,78.1198,Irrigated,25.05,31.33,21.16,76.1,1.43,0.0,15.73,31.73
2013-11-30,Madurai,9.9252,78.1198,Irrigated,24.72,31.1,19.18,80.97,2.07,1.26,14.62,31.67
2013-12-01,Madurai,9.9252,78.1198,Irrigated,24.42,27.97,21.95,87.19,2.22,8.76,8.97,31.62
2013-12-02,Madurai,9.9252,78.1198,Irrigated,23.39,26.3,21.29,89.18,2.02,12.51,10.08,31.57
2013-12-03,Madurai,9.9252,78.1198,Irrigated,23.55,27.59,20.73,87.07,2.19,7.02,16.33,31.53
2013-12-04,Madurai,9.9252,78.1198,Irrigated,23.59,27.36,20.79,87.75,2.78,2.8,14.81,31.48
2013-12-05,Madurai,9.9252,78.1198,Irrigated,24.29,29.31,20.69,81.62,2.81,0.54,12.36,31.44
2013-12-06,Madurai,9.9252,78.1198,Irrigated,24.72,30.68,20.78,75.88,2.6,0.0,19.37,31.4
2013-12-07,Madurai,9.9252,78.1198,Irrigated,24.72,31.24,19.44,72.9,2.21,0.0,14.98,31.36
2013-12-08,Madurai,9.9252,78.1198,Irrigated,26.2,31.98,21.61,76.07,1.82,0.0,15.86,31.33
2013-12-09,Madurai,9.9252,78.1198,Irrigated,25.34,30.18,22.17,80.14,1.21,0.0,15.52,31.3
2013-12-10,Madurai,9.9252,78.1198,Irrigated,25.63,31.48,21.63,78.99,1.27,0.0,14.85,31.27
2013-12-11,Madurai,9.9252,78.1198,Irrigated,26.07,32.43,21.93,74.0,1.16,0.07,15.94,31.24
2013-12-12,Madurai,9.9252,78.1198,Irrigated,25.07,29.05,21.33,79.71,2.12,31.69,7.26,31.21
2013-12-13,Madurai,9.9252,78.1198,Irrigated,24.51,27.89,21.92,89.01,2.91,12.98,10.56,31.19
2013-12-14,Madurai,9.9252,78.1198,Irrigated,24.87,30.02,20.56,84.99,1.77,1.07,15.26,31.17
2013-12-15,Madurai,9.9252,78.1198,Irrigated,24.59,30.45,19.48,82.0,2.26,0.14,18.96,31.15
2013-12-16,Madurai,9.9252,78.1198,Irrigated,21.81,28.82,16.85,74.18,2.29,0.0,20.89,31.14
2013-12-17,Madurai,9.9252,78.1198,Irrigated,21.63,28.15,16.01,79.03,2.55,0.0,17.89,31.13
2013-12-18,Madurai,9.9252,78.1198,Irrigated,22.63,28.8,17.55,79.77,2.3,0.0,19.85,31.12
2013-12-19,Madurai,9.9252,78.1198,Irrigated,23.15,29.79,17.98,79.21,1.93,0.0,18.95,31.12
2013-12-20,Madurai,9.9252,78.1198,Irrigated,23.11,29.55,17.98,79.57,1.97,0.0,19.03,31.12
2013-12-21,Madurai,9.9252,78.1198,Irrigated,22.86,29.51,17.73,77.74,1.9,0.0,20.05,31.12
2013-12-22,Madurai,9.9252,78.1198,Irrigated,22.39,29.4,16.89,76.92,2.2,0.0,17.12,31.12
2013-12-23,Madurai,9.9252,78.1198,Irrigated,22.47,29.9,15.89,75.7,2.39,0.0,21.46,31.13
2013-12-24,Madurai,9.9252,78.1198,Irrigated,23.35,29.22,19.56,77.59,2.97,0.0,12.5,31.14
2013-12-25,Madurai,9.9252,78.1198,Irrigated,23.76,30.52,18.65,73.36,2.69,0.0,10.3,31.15
2013-12-26,Madurai,9.9252,78.1198,Irrigated,23.1,29.78,17.4,75.68,2.43,0.0,15.57,31.16
2013-12-27,Madurai,9.9252,78.1198,Irrigated,23.15,30.06,17.2,73.04,2.31,0.0,18.05,31.18
2013-12-28,Madurai,9.9252,78.1198,Irrigated,23.3,30.44,17.05,71.65,1.73,0.0,15.1,31.21
2013-12-29,Madurai,9.9252,78.1198,Irrigated,22.81,30.14,16.73,71.02,2.16,0.0,17.49,31.23
2013-12-30,Madurai,9.9252,78.1198,Irrigated,22.66,30.47,15.83,69.38,2.32,0.0,20.38,31.26
2013-12-31,Madurai,9.9252,78.1198,Irrigated,23.28,30.7,16.72,72.93,2.38,0.01,19.65,31.29
2014-01-01,Madurai,9.9252,78.1198,Irrigated,23.52,30.86,18.36,74.58,2.7,0.01,17.41,31.33
2014-01-02,Madurai,9.9252,78.1198,Irrigated,23.45,30.63,17.18,73.75,2.54,0.0,18.4,31.36
2014-01-03,Madurai,9.9252,78.1198,Irrigated,23.86,30.31,18.88,75.6,2.42,0.0,14.1,31.4
2014-01-04,Madurai,9.9252,78.1198,Irrigated,23.91,29.84,19.84,72.72,2.63,0.02,11.78,31.43
2014-01-05,Madurai,9.9252,78.1198,Irrigated,24.03,31.62,17.98,70.53,2.41,0.08,17.82,31.46
2014-01-06,Madurai,9.9252,78.1198,Irrigated,24.24,31.26,18.81,71.68,2.82,0.63,16.84,31.5
2014-01-07,Madurai,9.9252,78.1198,Irrigated,24.04,30.17,20.68,78.36,3.35,5.71,10.2,31.54
2014-01-08,Madurai,9.9252,78.1198,Irrigated,23.77,28.98,20.4,82.46,2.93,3.4,8.25,31.59
2014-01-09,Madurai,9.9252,78.1198,Irrigated,24.56,30.97,20.51,76.8,2.61,0.38,13.34,31.66
2014-01-10,Madurai,9.9252,78.1198,Irrigated,24.14,31.63,18.95,72.22,2.11,0.0,17.92,31.73
2014-01-11,Madurai,9.9252,78.1198,Irrigated,23.79,31.58,18.13,72.6,1.75,0.0,21.01,31.8
2014-01-12,Madurai,9.9252,78.1198,Irrigated,24.49,32.45,18.68,71.15,1.83,0.0,20.29,31.87
2014-01-13,Madurai,9.9252,78.1198,Irrigated,24.59,30.87,19.72,74.42,2.11,0.33,14.92,31.94
2014-01-14,Madurai,9.9252,78.1198,Irrigated,25.02,31.24,20.8,73.99,2.38,0.63,9.99,32.0
2014-01-15,Madurai,9.9252,78.1198,Irrigated,24.82,31.41,19.83,71.93,1.92,0.08,15.21,32.07
2014-01-16,Madurai,9.9252,78.1198,Irrigated,25.11,32.32,19.56,71.94,2.14,0.0,18.37,32.14
2014-01-17,Madurai,9.9252,78.1198,Irrigated,24.55,31.2,20.14,70.05,2.17,0.02,17.45,32.21
2014-01-18,Madurai,9.9252,78.1198,Irrigated,24.39,32.22,19.18,67.19,2.37,0.0,19.48,32.28
2014-01-19,Madurai,9.9252,78.1198,Irrigated,24.56,32.31,18.74,72.52,2.53,0.0,17.29,32.36
2014-01-20,Madurai,9.9252,78.1198,Irrigated,24.83,32.02,19.18,67.58,2.67,0.0,19.25,32.43
2014-01-21,Madurai,9.9252,78.1198,Irrigated,24.71,32.54,17.89,66.6,2.67,0.0,20.14,32.51
2014-01-22,Madurai,9.9252,78.1198,Irrigated,24.75,32.15,18.8,69.16,2.53,0.07,19.71,32.59
2014-01-23,Madurai,9.9252,78.1198,Irrigated,25.03,32.76,18.35,68.34,2.27,0.04,20.58,32.67
2014-01-24,Madurai,9.9252,78.1198,Irrigated,25.44,33.25,19.88,67.81,2.22,0.04,19.47,32.75
2014-01-25,Madurai,9.9252,78.1198,Irrigated,25.01,32.4,20.03,67.19,2.69,0.0,19.19,32.83
2014-01-26,Madurai,9.9252,78.1198,Irrigated,24.22,32.04,18.31,65.77,3.17,0.0,19.88,32.92
2014-01-27,Madurai,9.9252,78.1198,Irrigated,24.25,32.31,17.6,66.45,2.94,0.0,20.8,33.01
2014-01-28,Madurai,9.9252,78.1198,Irrigated,24.75,32.7,18.9,63.57,2.63,0.0,20.85,33.1
2014-01-29,Madurai,9.9252,78.1198,Irrigated,24.6,33.13,17.35,60.28,2.5,0.0,20.02,33.19
2014-01-30,Madurai,9.9252,78.1198,Irrigated,24.86,33.13,18.28,61.52,2.59,0.0,21.15,33.27
2014-01-31,Madurai,9.9252,78.1198,Irrigated,25.39,33.44,18.9,65.15,2.69,0.0,20.78,33.35
2014-02-01,Madurai,9.9252,78.1198,Irrigated,26.0,33.39,20.72,65.49,2.92,0.01,19.05,33.42
2014-02-02,Madurai,9.9252,78.1198,Irrigated,25.81,33.4,20.45,66.43,3.04,0.11,18.81,33.5
2014-02-03,Madurai,9.9252,78.1198,Irrigated,25.08,33.48,18.97,64.05,2.33,0.0,22.71,33.59
2014-02-04,Madurai,9.9252,78.1198,Irrigated,24.57,33.7,18.19,63.22,1.86,0.0,23.12,33.69
2014-02-05,Madurai,9.9252,78.1198,Irrigated,24.47,34.28,17.15,60.67,1.94,0.0,23.78,33.79
2014-02-06,Madurai,9.9252,78.1198,Irrigated,24.59,34.11,16.76,62.46,2.06,0.0,23.24,33.9
2014-02-07,Madurai,9.9252,78.1198,Irrigated,24.54,33.94,17.11,60.69,2.02,0.0,24.01,34.01
2014-02-08,Madurai,9.9252,78.1198,Irrigated,24.7,34.08,16.83,61.3,2.01,0.0,24.09,34.11
2014-02-09,Madurai,9.9252,78.1198,Irrigated,24.91,34.33,17.04,56.72,1.43,0.0,24.42,34.2
2014-02-10,Madurai,9.9252,78.1198,Irrigated,25.93,35.22,18.32,54.86,1.76,0.0,24.12,34.29
2014-02-11,Madurai,9.9252,78.1198,Irrigated,26.21,35.09,19.25,55.92,1.62,0.0,24.04,34.38
2014-02-12,Madurai,9.9252,78.1198,Irrigated,27.11,35.36,20.28,53.74,1.53,0.0,22.61,34.47
2014-02-13,Madurai,9.9252,78.1198,Irrigated,27.32,35.52,20.83,58.94,1.91,0.0,22.19,34.55
2014-02-14,Madurai,9.9252,78.1198,Irrigated,27.91,36.04,21.32,59.0,1.85,0.0,20.5,34.64
2014-02-15,Madurai,9.9252,78.1198,Irrigated,28.33,35.83,22.09,58.28,1.67,0.01,18.39,34.74
2014-02-16,Madurai,9.9252,78.1198,Irrigated,28.95,35.96,23.43,58.58,1.98,0.01,17.83,34.84
2014-02-17,Madurai,9.9252,78.1198,Irrigated,29.31,36.91,23.23,60.75,2.17,0.0,19.87,34.94
2014-02-18,Madurai,9.9252,78.1198,Irrigated,28.4,34.97,23.69,60.65,3.29,0.0,18.09,35.03
2014-02-19,Madurai,9.9252,78.1198,Irrigated,28.13,35.58,22.39,59.17,2.68,0.0,20.9,35.12
2014-02-20,Madurai,9.9252,78.1198,Irrigated,28.02,35.04,22.72,60.3,2.71,0.02,17.06,35.21
2014-02-21,Madurai,9.9252,78.1198,Irrigated,27.81,35.53,21.89,56.35,2.63,0.15,22.93,35.3
2014-02-22,Madurai,9.9252,78.1198,Irrigated,27.62,35.8,20.84,55.44,2.21,0.06,22.95,35.38
2014-02-23,Madurai,9.9252,78.1198,Irrigated,27.24,35.84,20.26,53.61,2.36,0.0,23.54,35.46
2014-02-24,Madurai,9.9252,78.1198,Irrigated,26.38,31.8,22.04,71.08,3.44,2.82,15.34,35.55
2014-02-25,Madurai,9.9252,78.1198,Irrigated,26.97,33.88,21.94,66.14,3.28,0.33,21.92,35.65
2014-02-26,Madurai,9.9252,78.1198,Irrigated,27.43,36.1,20.44,56.69,2.47,0.0,25.35,35.74
2014-02-27,Madurai,9.9252,78.1198,Irrigated,27.7,36.05,21.3,59.96,2.19,0.31,18.64,35.82
2014-02-28,Madurai,9.9252,78.1198,Irrigated,28.42,34.69,22.94,60.49,2.34,0.52,19.09,35.9
2014-03-01,Madurai,9.9252,78.1198,Irrigated,28.54,35.42,23.18,57.78,2.52,0.06,15.97,35.97
2014-03-02,Madurai,9.9252,78.1198,Irrigated,28.17,34.18,23.48,57.4,2.22,0.02,17.93,36.05
2014-03-03,Madurai,9.9252,78.1198,Irrigated,28.69,35.78,23.62,57.53,2.68,0.02,19.84,36.13
2014-03-04,Madurai,9.9252,78.1198,Irrigated,28.93,36.48,23.55,59.19,2.88,0.18,21.6,36.21
2014-03-05,Madurai,9.9252,78.1198,Irrigated,28.19,33.47,23.55,60.46,2.8,0.66,19.65,36.29
2014-03-06,Madurai,9.9252,78.1198,Irrigated,29.06,36.93,23.35,56.26,2.87,0.37,21.06,36.37
2014-03-07,Madurai,9.9252,78.1198,Irrigated,28.28,34.08,23.76,57.99,2.82,0.03,21.33,36.44
2014-03-08,Madurai,9.9252,78.1198,Irrigated,28.38,35.18,23.11,59.23,2.81,0.0,21.54,36.51
2014-03-09,Madurai,9.9252,78.1198,Irrigated,28.34,35.25,22.8,56.17,3.21,0.0,18.11,36.57
2014-03-10,Madurai,9.9252,78.1198,Irrigated,28.95,36.93,23.29,54.2,3.01,0.0,22.74,36.63
2014-03-11,Madurai,9.9252,78.1198,Irrigated,28.32,36.11,22.79,54.73,3.25,0.0,24.14,36.69
2014-03-12,Madurai,9.9252,78.1198,Irrigated,27.69,36.68,21.42,54.97,2.76,0.0,23.75,36.75
2014-03-13,Madurai,9.9252,78.1198,Irrigated,27.51,36.41,20.38,58.8,2.65,0.0,23.84,36.81
2014-03-14,Madurai,9.9252,78.1198,Irrigated,27.77,36.93,20.57,55.59,2.59,0.0,25.63,36.88
2014-03-15,Madurai,9.9252,78.1198,Irrigated,27.39,36.98,18.64,51.32,2.56,0.0,23.23,36.94
2014-03-16,Madurai,9.9252,78.1198,Irrigated,27.85,37.6,19.9,50.74,2.78,0.0,22.85,36.99
2014-03-17,Madurai,9.9252,78.1198,Irrigated,28.58,37.96,20.0,55.4,2.88,0.0,21.94,37.05
2014-03-18,Madurai,9.9252,78.1198,Irrigated,29.9,39.07,22.35,51.48,2.77,0.0,22.49,37.1
2014-03-19,Madurai,9.9252,78.1198,Irrigated,29.55,37.33,22.38,55.28,2.57,0.0,19.93,37.15
2014-03-20,Madurai,9.9252,78.1198,Irrigated,30.48,38.06,24.08,56.45,2.28,0.08,21.36,37.2
2014-03-21,Madurai,9.9252,78.1198,Irrigated,30.67,39.12,23.81,49.53,1.91,0.01,23.9,37.25
2014-03-22,Madurai,9.9252,78.1198,Irrigated,31.13,39.38,24.67,45.43,2.09,0.0,23.97,37.29
2014-03-23,Madurai,9.9252,78.1198,Irrigated,30.56,38.85,23.95,46.25,2.07,0.0,24.05,37.33
2014-03-24,Madurai,9.9252,78.1198,Irrigated,29.95,38.6,23.39,48.3,2.02,0.0,24.61,37.37
2014-03-25,Madurai,9.9252,78.1198,Irrigated,29.46,38.77,21.95,47.06,2.11,0.0,24.59,37.41
2014-03-26,Madurai,9.9252,78.1198,Irrigated,28.81,38.52,20.25,51.24,2.52,0.0,23.91,37.45
2014-03-27,Madurai,9.9252,78.1198,Irrigated,28.76,38.06,20.15,53.12,2.07,0.0,24.73,37.49
2014-03-28,Madurai,9.9252,78.1198,Irrigated,28.91,38.06,20.67,47.09,1.9,0.0,24.12,37.52
2014-03-29,Madurai,9.9252,78.1198,Irrigated,30.06,39.51,22.64,39.08,1.9,0.0,26.95,37.56
2014-03-30,Madurai,9.9252,78.1198,Irrigated,30.09,39.45,22.28,35.73,1.89,0.0,26.46,37.59
2014-03-31,Madurai,9.9252,78.1198,Irrigated,30.84,40.1,22.91,35.78,2.14,0.0,25.33,37.61
2014-04-01,Madurai,9.9252,78.1198,Irrigated,31.5,40.34,23.34,42.72,2.15,0.0,22.48,37.63
2014-04-02,Madurai,9.9252,78.1198,Irrigated,31.71,40.51,24.51,44.18,2.51,0.0,22.01,37.65
2014-04-03,Madurai,9.9252,78.1198,Irrigated,30.5,38.86,23.19,56.48,1.93,0.0,23.68,37.66
2014-04-04,Madurai,9.9252,78.1198,Irrigated,30.71,39.57,23.34,51.36,2.02,0.0,25.29,37.68
2014-04-05,Madurai,9.9252,78.1198,Irrigated,30.91,39.05,24.39,54.59,2.26,0.0,21.8,37.7
2014-04-06,Madurai,9.9252,78.1198,Irrigated,30.32,37.22,24.76,57.01,2.34,0.01,22.87,37.73
2014-04-07,Madurai,9.9252,78.1198,Irrigated,30.74,37.41,24.42,54.19,2.26,0.06,22.8,37.74
2014-04-08,Madurai,9.9252,78.1198,Irrigated,31.48,38.14,25.71,49.44,1.9,0.01,22.22,37.76
2014-04-09,Madurai,9.9252,78.1198,Irrigated,32.55,40.31,25.85,45.15,1.96,0.0,24.13,37.77
2014-04-10,Madurai,9.9252,78.1198,Irrigated,31.56,38.89,25.38,50.8,2.25,0.0,23.73,37.78
2014-04-11,Madurai,9.9252,78.1198,Irrigated,32.02,39.35,25.09,42.7,1.33,0.0,24.49,37.79
2014-04-12,Madurai,9.9252,78.1198,Irrigated,33.03,40.37,26.44,43.71,2.15,0.08,23.89,37.79
2014-04-13,Madurai,9.9252,78.1198,Irrigated,32.32,38.87,26.73,49.49,2.33,0.01,22.7,37.79
2014-04-14,Madurai,9.9252,78.1198,Irrigated,30.11,35.14,25.55,60.41,2.31,0.06,21.97,37.79
2014-04-15,Madurai,9.9252,78.1198,Irrigated,29.33,34.65,25.2,59.64,1.7,0.03,21.87,37.78
2014-04-16,Madurai,9.9252,78.1198,Irrigated,31.42,39.67,23.75,48.47,2.22,0.01,23.76,37.78
2014-04-17,Madurai,9.9252,78.1198,Irrigated,32.89,41.14,25.49,45.63,2.08,0.01,24.56,37.78
2014-04-18,Madurai,9.9252,78.1198,Irrigated,32.15,38.8,25.65,48.2,2.3,0.0,25.24,37.78
2014-04-19,Madurai,9.9252,78.1198,Irrigated,30.87,37.12,25.68,55.59,2.27,0.02,24.19,37.79
2014-04-20,Madurai,9.9252,78.1198,Irrigated,31.21,38.35,25.7,53.46,2.1,0.0,24.63,37.79
2014-04-21,Madurai,9.9252,78.1198,Irrigated,31.03,37.27,25.1,54.42,2.03,0.0,23.5,37.79
2014-04-22,Madurai,9.9252,78.1198,Irrigated,30.36,35.94,25.44,55.48,1.81,0.02,22.72,37.77
2014-04-23,Madurai,9.9252,78.1198,Irrigated,30.81,37.03,25.79,56.42,2.11,4.56,19.95,37.76
2014-04-24,Madurai,9.9252,78.1198,Irrigated,31.35,37.43,26.34,55.08,1.63,0.54,23.32,37.75
2014-04-25,Madurai,9.9252,78.1198,Irrigated,32.3,39.47,26.32,52.21,1.97,0.02,23.28,37.74
2014-04-26,Madurai,9.9252,78.1198,Irrigated,31.31,36.54,26.77,56.08,1.8,0.0,23.43,37.72
2014-04-27,Madurai,9.9252,78.1198,Irrigated,31.73,38.26,26.2,55.84,2.36,0.14,23.36,37.71
2014-04-28,Madurai,9.9252,78.1198,Irrigated,31.51,37.15,26.52,55.87,1.29,0.02,22.05,37.69
2014-04-29,Madurai,9.9252,78.1198,Irrigated,30.35,35.46,26.51,52.02,1.95,0.14,15.83,37.67
2014-04-30,Madurai,9.9252,78.1198,Irrigated,30.52,37.62,25.47,50.62,2.25,7.27,19.51,37.65
2014-05-01,Madurai,9.9252,78.1198,Irrigated,29.67,36.26,24.61,58.62,1.69,1.43,22.65,37.62
2014-05-02,Madurai,9.9252,78.1198,Irrigated,30.32,37.21,25.01,59.87,2.18,0.73,19.95,37.6
2014-05-03,Madurai,9.9252,78.1198,Irrigated,30.2,36.08,25.57,63.43,1.92,0.98,20.71,37.58
2014-05-04,Madurai,9.9252,78.1198,Irrigated,28.86,33.73,25.53,71.9,1.72,9.53,14.57,37.57
2014-05-05,Madurai,9.9252,78.1198,Irrigated,27.23,31.69,24.78,79.46,1.84,9.45,7.24,37.55
2014-05-06,Madurai,9.9252,78.1198,Irrigated,25.89,28.39,24.16,87.29,2.36,34.35,12.63,37.54
2014-05-07,Madurai,9.9252,78.1198,Irrigated,25.84,28.64,24.23,88.9,4.22,40.03,9.09,37.51
2014-05-08,Madurai,9.9252,78.1198,Irrigated,26.88,31.06,23.88,81.47,4.01,6.37,17.88,37.49
2014-05-09,Madurai,9.9252,78.1198,Irrigated,28.13,33.75,23.52,78.5,2.36,0.22,24.18,37.46
2014-05-10,Madurai,9.9252,78.1198,Irrigated,29.31,35.69,24.01,70.45,1.53,0.0,24.49,37.43
2014-05-11,Madurai,9.9252,78.1198,Irrigated,29.17,33.69,25.15,70.9,1.47,0.02,23.37,37.41
2014-05-12,Madurai,9.9252,78.1198,Irrigated,29.11,33.0,25.72,75.08,1.07,12.03,23.76,37.39
2014-05-13,Madurai,9.9252,78.1198,Irrigated,28.83,33.49,25.67,74.94,1.18,8.83,22.95,37.37
2014-05-14,Madurai,9.9252,78.1198,Irrigated,29.58,35.07,24.48,69.26,1.31,0.34,20.05,37.34
2014-05-15,Madurai,9.9252,78.1198,Irrigated,28.64,32.27,25.81,69.66,1.71,0.0,21.55,37.33
2014-05-16,Madurai,9.9252,78.1198,Irrigated,29.47,35.72,25.27,63.37,1.51,0.0,23.2,37.31
2014-05-17,Madurai,9.9252,78.1198,Irrigated,28.81,34.89,24.19,63.33,1.43,0.0,23.43,37.28
2014-05-18,Madurai,9.9252,78.1198,Irrigated,29.79,35.56,24.58,64.78,1.72,0.0,21.78,37.26
2014-05-19,Madurai,9.9252,78.1198,Irrigated,30.11,36.34,24.79,65.74,1.42,0.05,23.5,37.23
2014-05-20,Madurai,9.9252,78.1198,Irrigated,29.83,35.18,25.64,70.31,1.24,6.85,23.79,37.2
2014-05-21,Madurai,9.9252,78.1198,Irrigated,29.12,35.27,24.76,67.31,1.93,6.87,22.65,37.17
2014-05-22,Madurai,9.9252,78.1198,Irrigated,30.13,37.67,23.48,65.28,1.85,0.21,23.49,37.15
2014-05-23,Madurai,9.9252,78.1198,Irrigated,30.0,35.63,25.4,66.39,1.8,0.62,22.18,37.12
2014-05-24,Madurai,9.9252,78.1198,Irrigated,28.98,34.06,24.8,72.56,1.7,4.65,16.3,37.09
2014-05-25,Madurai,9.9252,78.1198,Irrigated,28.4,32.87,24.89,71.63,2.21,0.03,19.33,37.07
2014-05-26,Madurai,9.9252,78.1198,Irrigated,29.46,35.74,24.09,68.31,1.84,10.97,20.59,37.04
2014-05-27,Madurai,9.9252,78.1198,Irrigated,29.63,36.11,24.33,66.53,1.71,0.36,20.32,37.02
2014-05-28,Madurai,9.9252,78.1198,Irrigated,29.5,34.68,25.81,72.22,1.64,7.35,21.07,36.99
2014-05-29,Madurai,9.9252,78.1198,Irrigated,29.46,34.89,25.06,70.37,1.53,0.29,22.79,36.97
2014-05-30,Madurai,9.9252,78.1198,Irrigated,29.85,35.47,24.7,67.13,1.41,0.0,23.64,36.95
2014-05-31,Madurai,9.9252,78.1198,Irrigated,31.17,38.22,24.67,63.1,1.35,0.0,24.33,36.93
2014-06-01,Madurai,9.9252,78.1198,Irrigated,30.79,36.29,26.16,68.36,1.6,6.44,22.75,36.91
2014-06-02,Madurai,9.9252,78.1198,Irrigated,29.16,33.46,25.73,71.91,1.72,3.47,20.36,36.89
2014-06-03,Madurai,9.9252,78.1198,Irrigated,27.61,30.92,24.84,74.21,1.23,0.12,18.77,36.87
2014-06-04,Madurai,9.9252,78.1198,Irrigated,29.76,36.45,24.36,65.14,1.81,0.01,23.7,36.85
2014-06-05,Madurai,9.9252,78.1198,Irrigated,29.73,35.51,24.71,66.43,1.69,0.12,23.93,36.83
2014-06-06,Madurai,9.9252,78.1198,Irrigated,29.87,35.48,24.96,66.04,2.0,0.04,23.96,36.8
2014-06-07,Madurai,9.9252,78.1198,Irrigated,29.88,37.23,24.88,61.59,3.58,0.08,24.94,36.78
2014-06-08,Madurai,9.9252,78.1198,Irrigated,30.53,38.22,25.55,56.69,3.87,0.08,22.29,36.76
2014-06-09,Madurai,9.9252,78.1198,Irrigated,28.94,33.79,25.46,67.89,2.3,0.05,19.95,36.74
2014-06-10,Madurai,9.9252,78.1198,Irrigated,28.43,33.34,24.72,69.98,2.76,0.06,21.85,36.73
2014-06-11,Madurai,9.9252,78.1198,Irrigated,29.07,35.69,24.65,63.23,3.2,0.1,24.96,36.72
2014-06-12,Madurai,9.9252,78.1198,Irrigated,29.24,36.04,24.54,62.87,2.89,0.03,23.63,36.72
2014-06-13,Madurai,9.9252,78.1198,Irrigated,28.72,34.38,23.89,61.4,2.84,0.04,20.96,36.71
2014-06-14,Madurai,9.9252,78.1198,Irrigated,29.36,35.61,24.16,62.52,2.65,0.32,22.86,36.7
2014-06-15,Madurai,9.9252,78.1198,Irrigated,29.48,37.34,23.02,56.84,3.06,0.0,24.52,36.68
2014-06-16,Madurai,9.9252,78.1198,Irrigated,29.74,38.25,22.87,59.59,3.0,0.0,24.83,36.67
2014-06-17,Madurai,9.9252,78.1198,Irrigated,29.99,37.95,24.2,59.65,3.54,0.03,21.91,36.66
2014-06-18,Madurai,9.9252,78.1198,Irrigated,29.62,36.0,25.26,61.75,3.54,0.15,21.34,36.65
2014-06-19,Madurai,9.9252,78.1198,Irrigated,29.45,36.45,24.99,62.83,3.36,0.1,20.85,36.64
2014-06-20,Madurai,9.9252,78.1198,Irrigated,29.47,34.93,25.02,63.31,3.38,0.0,21.09,36.64
2014-06-21,Madurai,9.9252,78.1198,Irrigated,30.04,36.97,25.64,56.04,4.4,0.28,21.85,36.63
2014-06-22,Madurai,9.9252,78.1198,Irrigated,29.56,36.47,24.23,57.36,3.23,0.36,23.12,36.63
2014-06-23,Madurai,9.9252,78.1198,Irrigated,30.12,37.74,23.67,58.21,3.24,0.0,23.91,36.62
2014-06-24,Madurai,9.9252,78.1198,Irrigated,30.83,38.46,24.54,57.32,3.59,0.0,23.02,36.62
2014-06-25,Madurai,9.9252,78.1198,Irrigated,30.23,36.76,25.52,56.95,3.55,0.0,22.89,36.61
2014-06-26,Madurai,9.9252,78.1198,Irrigated,30.56,36.49,25.2,57.89,1.57,0.0,21.42,36.61
2014-06-27,Madurai,9.9252,78.1198,Irrigated,30.54,36.06,25.71,60.75,1.29,0.0,23.89,36.61
2014-06-28,Madurai,9.9252,78.1198,Irrigated,29.87,34.59,25.62,64.69,1.22,0.8,24.4,36.62
2014-06-29,Madurai,9.9252,78.1198,Irrigated,30.98,38.1,25.12,58.33,1.93,0.27,24.13,36.63
2014-06-30,Madurai,9.9252,78.1198,Irrigated,29.92,36.58,24.56,61.43,2.08,10.89,16.96,36.63
2014-07-01,Madurai,9.9252,78.1198,Irrigated,28.79,34.05,24.89,69.4,2.03,0.53,20.63,36.64
2014-07-02,Madurai,9.9252,78.1198,Irrigated,29.42,36.18,24.68,62.38,2.04,0.0,21.85,36.64
2014-07-03,Madurai,9.9252,78.1198,Irrigated,29.52,35.42,24.12,58.93,2.58,0.0,23.66,36.63
2014-07-04,Madurai,9.9252,78.1198,Irrigated,30.1,37.02,24.11,57.84,2.96,0.14,24.02,36.64
2014-07-05,Madurai,9.9252,78.1198,Irrigated,30.12,35.71,25.86,60.17,2.45,0.43,22.2,36.64
2014-07-06,Madurai,9.9252,78.1198,Irrigated,30.2,37.47,24.81,54.65,2.55,1.12,22.26,36.64
2014-07-07,Madurai,9.9252,78.1198,Irrigated,28.65,35.79,24.59,57.18,3.26,2.8,20.69,36.64
2014-07-08,Madurai,9.9252,78.1198,Irrigated,28.26,34.29,23.9,56.84,3.46,0.01,20.3,36.66
2014-07-09,Madurai,9.9252,78.1198,Irrigated,28.96,35.47,23.64,53.03,3.73,0.05,21.14,36.69
2014-07-10,Madurai,9.9252,78.1198,Irrigated,28.98,35.3,24.93,55.86,4.37,0.11,14.18,36.7
2014-07-11,Madurai,9.9252,78.1198,Irrigated,28.66,33.72,24.5,61.3,3.72,0.01,16.79,36.72
2014-07-12,Madurai,9.9252,78.1198,Irrigated,29.16,34.47,25.08,58.56,4.38,0.01,20.09,36.74
2014-07-13,Madurai,9.9252,78.1198,Irrigated,29.32,34.99,25.72,54.56,5.03,0.12,18.96,36.75
2014-07-14,Madurai,9.9252,78.1198,Irrigated,29.33,35.02,25.76,52.82,4.88,0.11,19.09,36.77
2014-07-15,Madurai,9.9252,78.1198,Irrigated,29.08,34.21,25.04,54.88,4.2,0.43,19.77,36.78
2014-07-16,Madurai,9.9252,78.1198,Irrigated,29.0,34.88,24.63,55.7,3.62,0.0,23.02,36.79
2014-07-17,Madurai,9.9252,78.1198,Irrigated,29.57,35.84,24.57,55.14,2.83,0.0,24.83,36.8
2014-07-18,Madurai,9.9252,78.1198,Irrigated,30.12,37.2,23.7,52.45,3.36,0.04,22.41,36.82
2014-07-19,Madurai,9.9252,78.1198,Irrigated,30.47,37.82,25.45,51.86,4.37,0.04,22.7,36.83
2014-07-20,Madurai,9.9252,78.1198,Irrigated,30.43,36.75,25.62,52.63,4.37,0.07,22.79,36.84
2014-07-21,Madurai,9.9252,78.1198,Irrigated,29.55,34.48,25.92,55.64,4.08,0.14,20.94,36.85
2014-07-22,Madurai,9.9252,78.1198,Irrigated,29.46,35.45,25.49,52.8,4.6,0.04,21.18,36.87
2014-07-23,Madurai,9.9252,78.1198,Irrigated,29.02,34.34,25.45,52.39,5.33,0.31,20.08,36.89
2014-07-24,Madurai,9.9252,78.1198,Irrigated,29.87,36.67,25.39,44.93,4.58,0.04,23.8,36.91
2014-07-25,Madurai,9.9252,78.1198,Irrigated,28.94,35.28,24.37,51.66,4.19,0.05,23.17,36.92
2014-07-26,Madurai,9.9252,78.1198,Irrigated,30.43,38.21,24.31,47.75,4.49,0.09,21.58,36.94
2014-07-27,Madurai,9.9252,78.1198,Irrigated,29.82,36.21,24.69,53.42,3.94,0.02,20.94,36.96
2014-07-28,Madurai,9.9252,78.1198,Irrigated,29.76,35.69,25.92,53.25,4.47,0.02,20.67,36.98
2014-07-29,Madurai,9.9252,78.1198,Irrigated,30.48,37.27,25.71,50.38,4.37,0.01,21.98,37.01
2014-07-30,Madurai,9.9252,78.1198,Irrigated,30.74,39.36,23.82,50.96,4.24,0.01,23.56,37.03
2014-07-31,Madurai,9.9252,78.1198,Irrigated,30.18,36.07,25.36,53.68,3.81,0.6,22.08,37.04
2014-08-01,Madurai,9.9252,78.1198,Irrigated,29.7,34.63,26.22,58.38,3.75,0.47,19.88,37.07
2014-08-02,Madurai,9.9252,78.1198,Irrigated,29.31,34.81,25.54,55.6,3.49,0.11,18.61,37.08
2014-08-03,Madurai,9.9252,78.1198,Irrigated,29.89,37.2,24.53,54.86,3.9,0.17,20.04,37.1
2014-08-04,Madurai,9.9252,78.1198,Irrigated,29.42,35.06,25.83,50.84,4.84,0.18,21.28,37.11
2014-08-05,Madurai,9.9252,78.1198,Irrigated,29.73,35.95,25.84,51.23,4.6,0.06,20.52,37.13
2014-08-06,Madurai,9.9252,78.1198,Irrigated,30.18,37.66,24.83,50.78,3.51,0.81,23.32,37.14
2014-08-07,Madurai,9.9252,78.1198,Irrigated,30.2,37.39,24.43,50.21,2.79,0.36,20.21,37.16
2014-08-08,Madurai,9.9252,78.1198,Irrigated,30.09,37.0,25.34,51.52,3.15,1.02,17.85,37.17
2014-08-09,Madurai,9.9252,78.1198,Irrigated,28.33,33.95,24.05,62.19,1.54,13.26,19.14,37.18
2014-08-10,Madurai,9.9252,78.1198,Irrigated,27.73,33.59,22.67,65.14,2.05,4.54,17.66,37.19
2014-08-11,Madurai,9.9252,78.1198,Irrigated,27.94,33.71,23.73,64.41,2.1,0.59,18.87,37.2
2014-08-12,Madurai,9.9252,78.1198,Irrigated,27.61,32.47,23.42,67.96,1.65,0.03,21.77,37.21
2014-08-13,Madurai,9.9252,78.1198,Irrigated,27.29,31.05,24.02,67.06,1.4,0.19,18.98,37.22
2014-08-14,Madurai,9.9252,78.1198,Irrigated,27.54,32.59,23.79,66.65,1.52,0.16,20.76,37.23
2014-08-15,Madurai,9.9252,78.1198,Irrigated,26.93,31.86,23.79,70.75,1.18,2.28,20.61,37.24
2014-08-16,Madurai,9.9252,78.1198,Irrigated,26.52,30.78,23.5,72.34,1.71,19.12,21.29,37.24
2014-08-17,Madurai,9.9252,78.1198,Irrigated,27.01,31.85,23.24,71.68,1.19,4.53,20.19,37.25
2014-08-18,Madurai,9.9252,78.1198,Irrigated,26.79,30.66,23.63,77.79,1.36,39.61,20.35,37.26
2014-08-19,Madurai,9.9252,78.1198,Irrigated,27.53,32.07,23.7,75.35,1.13,2.95,20.97,37.27
2014-08-20,Madurai,9.9252,78.1198,Irrigated,28.26,33.55,23.87,70.71,1.82,0.34,20.9,37.27
2014-08-21,Madurai,9.9252,78.1198,Irrigated,28.6,34.37,23.77,70.89,1.62,0.34,21.56,37.28
2014-08-22,Madurai,9.9252,78.1198,Irrigated,27.51,32.08,24.2,77.15,1.84,6.45,19.08,37.28
2014-08-23,Madurai,9.9252,78.1198,Irrigated,26.99,32.69,22.5,76.07,3.46,10.81,17.97,37.29
2014-08-24,Madurai,9.9252,78.1198,Irrigated,27.29,32.28,22.99,74.87,2.14,2.4,23.36,37.29
2014-08-25,Madurai,9.9252,78.1198,Irrigated,27.91,34.58,22.6,67.68,1.73,0.01,24.47,37.29
2014-08-26,Madurai,9.9252,78.1198,Irrigated,27.37,33.4,23.23,69.61,2.3,0.0,24.28,37.29
2014-08-27,Madurai,9.9252,78.1198,Irrigated,26.97,33.21,22.38,70.38,2.49,0.01,20.51,37.29
2014-08-28,Madurai,9.9252,78.1198,Irrigated,27.49,33.57,22.72,67.92,2.86,0.08,21.16,37.29
2014-08-29,Madurai,9.9252,78.1198,Irrigated,27.59,33.71,22.74,67.77,2.92,0.34,19.1,37.28
2014-08-30,Madurai,9.9252,78.1198,Irrigated,28.01,35.05,23.1,64.8,3.68,0.52,19.72,37.27
2014-08-31,Madurai,9.9252,78.1198,Irrigated,27.46,33.66,22.79,66.32,2.93,0.19,21.24,37.26
2014-09-01,Madurai,9.9252,78.1198,Irrigated,27.92,34.35,22.73,69.16,2.95,0.15,22.05,37.26
2014-09-02,Madurai,9.9252,78.1198,Irrigated,27.98,34.56,23.1,69.84,2.5,2.35,21.48,37.24
2014-09-03,Madurai,9.9252,78.1198,Irrigated,26.92,32.11,23.57,69.01,2.65,0.49,21.19,37.23
2014-09-04,Madurai,9.9252,78.1198,Irrigated,28.37,36.07,22.81,63.74,1.6,0.05,14.92,37.22
2014-09-05,Madurai,9.9252,78.1198,Irrigated,27.78,34.35,22.82,62.71,2.3,2.96,21.91,37.2
2014-09-06,Madurai,9.9252,78.1198,Irrigated,27.66,34.88,22.48,61.35,3.0,0.07,19.8,37.19
2014-09-07,Madurai,9.9252,78.1198,Irrigated,26.68,31.72,23.12,66.91,2.93,0.1,22.31,37.16
2014-09-08,Madurai,9.9252,78.1198,Irrigated,28.42,36.41,22.8,63.0,2.73,0.0,24.37,37.14
2014-09-09,Madurai,9.9252,78.1198,Irrigated,28.52,35.57,22.9,62.14,2.31,0.17,23.47,37.11
2014-09-10,Madurai,9.9252,78.1198,Irrigated,29.22,36.82,22.91,60.6,1.84,0.44,24.13,37.09
2014-09-11,Madurai,9.9252,78.1198,Irrigated,29.5,36.54,23.05,58.12,1.64,0.0,24.43,37.07
2014-09-12,Madurai,9.9252,78.1198,Irrigated,27.61,32.74,23.69,68.02,1.81,19.02,22.61,37.05
2014-09-13,Madurai,9.9252,78.1198,Irrigated,28.63,35.06,23.13,64.76,1.57,0.06,21.7,37.03
2014-09-14,Madurai,9.9252,78.1198,Irrigated,28.6,34.7,24.45,66.94,1.86,1.7,22.3,37.0
2014-09-15,Madurai,9.9252,78.1198,Irrigated,28.63,34.58,24.24,64.42,2.04,0.02,22.49,36.97
2014-09-16,Madurai,9.9252,78.1198,Irrigated,28.07,33.91,23.37,64.3,2.3,0.0,19.69,36.94
2014-09-17,Madurai,9.9252,78.1198,Irrigated,29.3,37.87,22.74,61.44,2.72,0.0,21.34,36.9
2014-09-18,Madurai,9.9252,78.1198,Irrigated,28.58,35.61,23.01,61.75,2.44,0.0,18.82,36.86
2014-09-19,Madurai,9.9252,78.1198,Irrigated,29.28,37.21,22.98,60.76,2.09,0.0,21.38,36.83
2014-09-20,Madurai,9.9252,78.1198,Irrigated,29.51,37.53,22.02,58.5,2.21,0.0,24.28,36.78
2014-09-21,Madurai,9.9252,78.1198,Irrigated,29.47,35.45,24.48,61.19,1.28,0.11,22.85,36.74
2014-09-22,Madurai,9.9252,78.1198,Irrigated,29.12,34.17,25.21,67.26,1.48,1.09,20.44,36.7
2014-09-23,Madurai,9.9252,78.1198,Irrigated,29.74,35.2,25.39,68.31,0.77,4.84,22.51,36.65
2014-09-24,Madurai,9.9252,78.1198,Irrigated,28.87,33.87,25.4,72.89,0.8,3.11,21.48,36.6
2014-09-25,Madurai,9.9252,78.1198,Irrigated,28.19,32.96,24.31,73.24,1.52,4.41,19.6,36.55
2014-09-26,Madurai,9.9252,78.1198,Irrigated,27.84,32.83,24.62,74.15,1.36,3.51,19.19,36.51
2014-09-27,Madurai,9.9252,78.1198,Irrigated,26.71,30.85,24.12,81.28,1.32,8.59,19.14,36.46
2014-09-28,Madurai,9.9252,78.1198,Irrigated,26.19,29.82,23.67,82.54,1.31,8.64,19.78,36.4
2014-09-29,Madurai,9.9252,78.1198,Irrigated,26.81,31.47,23.67,80.02,1.32,6.58,21.65,36.35
2014-09-30,Madurai,9.9252,78.1198,Irrigated,26.63,31.32,23.79,81.53,1.36,10.99,18.69,36.3
2014-10-01,Madurai,9.9252,78.1198,Irrigated,27.42,32.64,23.46,75.34,1.23,1.32,22.01,36.24
2014-10-02,Madurai,9.9252,78.1198,Irrigated,28.37,35.11,23.98,68.37,1.53,0.09,22.1,36.18
2014-10-03,Madurai,9.9252,78.1198,Irrigated,28.38,34.29,23.9,67.15,1.16,0.02,19.01,36.12
2014-10-04,Madurai,9.9252,78.1198,Irrigated,27.73,31.84,23.37,71.86,0.73,0.23,19.65,36.07
2014-10-05,Madurai,9.9252,78.1198,Irrigated,28.26,32.44,24.65,71.77,1.06,1.68,20.74,36.01
2014-10-06,Madurai,9.9252,78.1198,Irrigated,28.39,33.71,23.95,71.14,1.03,8.46,19.87,35.94
2014-10-07,Madurai,9.9252,78.1198,Irrigated,27.61,32.92,23.51,72.74,1.46,3.01,21.62,35.88
2014-10-08,Madurai,9.9252,78.1198,Irrigated,28.01,34.48,22.71,70.07,1.23,2.68,20.88,35.81
2014-10-09,Madurai,9.9252,78.1198,Irrigated,28.08,33.13,23.75,72.49,1.06,4.66,18.15,35.73
2014-10-10,Madurai,9.9252,78.1198,Irrigated,27.85,31.84,24.61,75.69,0.91,0.44,17.9,35.66
2014-10-11,Madurai,9.9252,78.1198,Irrigated,28.13,35.91,23.26,61.17,2.32,0.0,21.97,35.59
2014-10-12,Madurai,9.9252,78.1198,Irrigated,27.97,35.67,21.17,62.0,1.68,0.17,20.63,35.51
2014-10-13,Madurai,9.9252,78.1198,Irrigated,28.68,34.88,23.52,68.51,1.46,0.51,21.65,35.44
2014-10-14,Madurai,9.9252,78.1198,Irrigated,27.81,32.04,25.21,76.9,1.33,0.41,19.83,35.36
2014-10-15,Madurai,9.9252,78.1198,Irrigated,27.13,31.6,24.44,79.24,1.7,7.02,16.75,35.28
2014-10-16,Madurai,9.9252,78.1198,Irrigated,27.0,32.58,23.39,75.41,1.79,8.72,16.45,35.21
2014-10-17,Madurai,9.9252,78.1198,Irrigated,25.05,27.84,22.45,80.11,1.14,28.52,12.1,35.13
2014-10-18,Madurai,9.9252,78.1198,Irrigated,24.57,27.66,22.52,87.63,2.67,14.69,6.8,35.05
2014-10-19,Madurai,9.9252,78.1198,Irrigated,24.46,28.63,21.76,85.89,2.31,17.17,9.1,34.96
2014-10-20,Madurai,9.9252,78.1198,Irrigated,24.44,28.37,21.75,86.59,1.91,9.69,11.41,34.86
2014-10-21,Madurai,9.9252,78.1198,Irrigated,24.27,27.61,21.97,86.09,2.2,9.01,7.3,34.75
2014-10-22,Madurai,9.9252,78.1198,Irrigated,24.61,28.47,20.99,86.17,2.09,10.06,16.81,34.65
2014-10-23,Madurai,9.9252,78.1198,Irrigated,25.27,29.86,21.92,85.35,1.5,6.21,11.47,34.57
2014-10-24,Madurai,9.9252,78.1198,Irrigated,25.61,30.18,21.85,81.94,1.2,0.86,20.4,34.49
2014-10-25,Madurai,9.9252,78.1198,Irrigated,26.05,29.99,22.93,85.54,1.38,24.99,19.07,34.42
2014-10-26,Madurai,9.9252,78.1198,Irrigated,25.21,27.02,23.85,89.1,0.73,5.65,19.37,34.35
2014-10-27,Madurai,9.9252,78.1198,Irrigated,25.43,29.17,22.4,86.5,1.2,7.89,21.09,34.29
2014-10-28,Madurai,9.9252,78.1198,Irrigated,25.81,29.99,22.56,84.15,1.09,2.59,21.34,34.22
2014-10-29,Madurai,9.9252,78.1198,Irrigated,24.85,27.57,22.18,87.83,0.92,8.61,16.34,34.14
2014-10-30,Madurai,9.9252,78.1198,Irrigated,24.77,27.83,22.72,88.39,1.62,2.72,16.09,34.05
2014-10-31,Madurai,9.9252,78.1198,Irrigated,24.69,28.41,21.51,79.95,1.4,0.01,10.37,33.97
2014-11-01,Madurai,9.9252,78.1198,Irrigated,24.39,27.86,21.02,84.13,1.04,41.63,18.16,33.89
2014-11-02,Madurai,9.9252,78.1198,Irrigated,24.85,28.39,21.49,83.79,1.28,31.05,12.59,33.8
2014-11-03,Madurai,9.9252,78.1198,Irrigated,24.61,28.75,21.9,82.95,1.39,20.69,12.95,33.72
2014-11-04,Madurai,9.9252,78.1198,Irrigated,23.62,26.88,21.16,84.37,0.93,2.28,7.41,33.63
2014-11-05,Madurai,9.9252,78.1198,Irrigated,25.41,30.45,21.54,77.11,1.45,0.01,16.87,33.55
2014-11-06,Madurai,9.9252,78.1198,Irrigated,25.04,30.44,19.99,67.44,1.48,0.0,18.55,33.46
2014-11-07,Madurai,9.9252,78.1198,Irrigated,25.47,30.67,20.52,65.5,0.95,0.0,20.16,33.38
2014-11-08,Madurai,9.9252,78.1198,Irrigated,25.43,30.37,21.15,76.97,0.87,0.0,18.83,33.29
2014-11-09,Madurai,9.9252,78.1198,Irrigated,25.92,30.67,22.24,82.68,0.78,0.53,17.39,33.21
2014-11-10,Madurai,9.9252,78.1198,Irrigated,25.61,29.91,22.31,84.42,1.39,0.26,17.16,33.12
2014-11-11,Madurai,9.9252,78.1198,Irrigated,25.52,29.89,22.38,86.03,1.51,3.14,17.59,33.04
2014-11-12,Madurai,9.9252,78.1198,Irrigated,24.94,28.29,22.64,87.89,2.3,3.58,15.95,32.96
2014-11-13,Madurai,9.9252,78.1198,Irrigated,24.24,27.01,21.91,90.77,1.48,10.13,11.21,32.89
2014-11-14,Madurai,9.9252,78.1198,Irrigated,25.11,28.27,23.43,90.54,1.92,6.7,16.87,32.81
2014-11-15,Madurai,9.9252,78.1198,Irrigated,25.15,29.08,22.35,88.27,2.17,8.37,17.52,32.73
2014-11-16,Madurai,9.9252,78.1198,Irrigated,24.39,28.39,21.71,88.61,2.11,1.96,18.67,32.64
2014-11-17,Madurai,9.9252,78.1198,Irrigated,24.23,28.62,21.19,87.37,2.7,1.95,16.28,32.56
2014-11-18,Madurai,9.9252,78.1198,Irrigated,24.1,28.6,20.56,88.85,2.91,7.97,5.92,32.48
2014-11-19,Madurai,9.9252,78.1198,Irrigated,24.49,28.51,22.14,89.08,3.08,3.83,16.47,32.4
2014-11-20,Madurai,9.9252,78.1198,Irrigated,24.06,28.16,21.12,87.92,2.8,3.43,13.78,32.33
2014-11-21,Madurai,9.9252,78.1198,Irrigated,23.59,26.78,20.91,90.56,2.38,9.13,10.55,32.26
2014-11-22,Madurai,9.9252,78.1198,Irrigated,24.2,28.39,21.03,88.03,2.16,3.71,8.51,32.19
2014-11-23,Madurai,9.9252,78.1198,Irrigated,23.66,26.85,21.84,90.59,2.3,2.38,15.78,32.12
2014-11-24,Madurai,9.9252,78.1198,Irrigated,23.73,28.21,20.56,87.33,3.05,0.68,8.98,32.06
2014-11-25,Madurai,9.9252,78.1198,Irrigated,22.71,27.43,19.19,84.71,2.76,0.12,9.62,31.99
2014-11-26,Madurai,9.9252,78.1198,Irrigated,22.75,26.55,19.73,86.25,2.4,0.6,9.85,31.93
2014-11-27,Madurai,9.9252,78.1198,Irrigated,22.81,26.52,20.1,88.64,2.09,11.31,6.27,31.86
2014-11-28,Madurai,9.9252,78.1198,Irrigated,21.02,24.65,19.49,87.85,2.13,8.63,9.29,31.8
2014-11-29,Madurai,9.9252,78.1198,Irrigated,20.54,23.37,18.88,84.12,2.17,7.06,10.04,31.74
2014-11-30,Madurai,9.9252,78.1198,Irrigated,21.43,24.52,18.46,85.38,3.38,2.11,12.59,31.69
2014-12-01,Madurai,9.9252,78.1198,Irrigated,22.59,25.42,20.33,90.51,3.21,5.29,8.03,31.64
2014-12-02,Madurai,9.9252,78.1198,Irrigated,23.49,27.92,20.61,86.75,2.94,0.11,10.01,31.59
2014-12-03,Madurai,9.9252,78.1198,Irrigated,22.67,28.1,18.12,81.55,2.17,0.0,20.07,31.54
2014-12-04,Madurai,9.9252,78.1198,Irrigated,21.46,27.43,16.85,84.03,1.87,0.0,20.08,31.5
2014-12-05,Madurai,9.9252,78.1198,Irrigated,21.32,27.13,16.15,83.75,1.84,0.0,17.6,31.46
2014-12-06,Madurai,9.9252,78.1198,Irrigated,22.24,27.82,17.34,84.9,1.98,0.0,19.38,31.42
2014-12-07,Madurai,9.9252,78.1198,Irrigated,23.7,28.54,19.4,87.66,1.83,0.07,17.18,31.38
2014-12-08,Madurai,9.9252,78.1198,Irrigated,24.45,28.42,21.47,88.04,1.96,1.16,12.2,31.35
2014-12-09,Madurai,9.9252,78.1198,Irrigated,24.14,27.82,21.77,88.3,1.74,0.86,15.57,31.31
2014-12-10,Madurai,9.9252,78.1198,Irrigated,24.2,28.22,21.11,89.72,1.76,5.94,14.04,31.28
2014-12-11,Madurai,9.9252,78.1198,Irrigated,23.71,27.44,20.86,88.94,1.52,0.47,16.21,31.26
2014-12-12,Madurai,9.9252,78.1198,Irrigated,23.9,27.71,21.51,89.02,1.79,1.99,14.67,31.23
2014-12-13,Madurai,9.9252,78.1198,Irrigated,23.93,27.8,21.05,88.53,1.89,0.67,13.32,31.21
2014-12-14,Madurai,9.9252,78.1198,Irrigated,24.18,28.27,21.22,87.95,1.98,1.34,14.82,31.19
2014-12-15,Madurai,9.9252,78.1198,Irrigated,24.26,29.67,19.99,84.59,1.88,0.05,20.29,31.17
2014-12-16,Madurai,9.9252,78.1198,Irrigated,24.77,29.35,21.78,88.43,2.83,1.7,12.52,31.14
2014-12-17,Madurai,9.9252,78.1198,Irrigated,24.16,27.84,22.13,89.14,3.55,4.92,7.67,31.12
2014-12-18,Madurai,9.9252,78.1198,Irrigated,23.96,27.27,21.61,88.9,3.59,3.28,12.74,31.1
2014-12-19,Madurai,9.9252,78.1198,Irrigated,24.1,28.71,21.73,87.83,3.67,2.07,10.67,31.1
2014-12-20,Madurai,9.9252,78.1198,Irrigated,22.4,25.88,20.25,87.06,2.74,0.19,9.61,31.11
2014-12-21,Madurai,9.9252,78.1198,Irrigated,23.26,28.32,19.34,82.18,2.27,0.01,19.32,31.12
2014-12-22,Madurai,9.9252,78.1198,Irrigated,23.58,28.45,19.51,83.23,2.62,0.0,13.22,31.13
2014-12-23,Madurai,9.9252,78.1198,Irrigated,24.38,29.91,20.1,82.79,2.45,0.22,18.65,31.14
2014-12-24,Madurai,9.9252,78.1198,Irrigated,24.5,29.93,21.12,83.42,2.81,0.43,13.61,31.15
2014-12-25,Madurai,9.9252,78.1198,Irrigated,24.09,29.92,20.41,79.61,2.54,0.0,16.14,31.16
2014-12-26,Madurai,9.9252,78.1198,Irrigated,22.53,29.0,18.32,74.08,2.34,0.0,7.34,31.17
2014-12-27,Madurai,9.9252,78.1198,Irrigated,22.58,28.05,18.09,76.34,2.31,0.43,13.01,31.19
2014-12-28,Madurai,9.9252,78.1198,Irrigated,22.29,25.87,19.51,86.41,2.24,3.05,9.84,31.21
2014-12-29,Madurai,9.9252,78.1198,Irrigated,24.6,30.2,20.85,81.63,2.29,2.75,14.59,31.24
2014-12-30,Madurai,9.9252,78.1198,Irrigated,25.75,31.35,20.97,76.07,1.46,0.1,14.05,31.26
2014-12-31,Madurai,9.9252,78.1198,Irrigated,24.63,28.25,22.58,87.57,1.93,7.44,14.68,31.29
2015-01-01,Madurai,9.9252,78.1198,Irrigated,25.97,31.46,22.25,82.08,1.82,3.08,16.57,31.32
2015-01-02,Madurai,9.9252,78.1198,Irrigated,25.08,31.31,20.36,76.53,1.34,0.0,19.84,31.35
2015-01-03,Madurai,9.9252,78.1198,Irrigated,24.3,30.87,19.33,75.08,1.23,0.0,21.3,31.38
2015-01-04,Madurai,9.9252,78.1198,Irrigated,24.9,31.05,20.89,79.61,1.32,0.0,19.6,31.43
2015-01-05,Madurai,9.9252,78.1198,Irrigated,24.59,31.06,20.02,78.88,1.76,0.0,21.03,31.48
2015-01-06,Madurai,9.9252,78.1198,Irrigated,24.46,30.82,19.83,77.93,1.6,0.0,20.54,31.53
2015-01-07,Madurai,9.9252,78.1198,Irrigated,23.84,30.71,18.37,77.8,1.68,0.0,20.73,31.59
2015-01-08,Madurai,9.9252,78.1198,Irrigated,24.23,30.75,19.28,77.66,1.47,0.0,18.79,31.64
2015-01-09,Madurai,9.9252,78.1198,Irrigated,24.06,29.87,19.87,78.98,1.96,0.0,18.19,31.69
2015-01-10,Madurai,9.9252,78.1198,Irrigated,23.32,30.37,17.71,72.12,2.42,0.0,17.52,31.75
2015-01-11,Madurai,9.9252,78.1198,Irrigated,21.87,29.58,15.73,71.68,2.62,0.0,21.71,31.81
2015-01-12,Madurai,9.9252,78.1198,Irrigated,21.75,29.63,15.26,69.75,2.31,0.0,21.37,31.86
2015-01-13,Madurai,9.9252,78.1198,Irrigated,21.79,29.84,15.28,71.14,2.31,0.0,22.1,31.93
2015-01-14,Madurai,9.9252,78.1198,Irrigated,22.35,30.19,15.84,72.3,1.97,0.0,20.13,32.0
2015-01-15,Madurai,9.9252,78.1198,Irrigated,22.31,30.35,15.81,70.64,1.9,0.0,21.4,32.07
2015-01-16,Madurai,9.9252,78.1198,Irrigated,23.71,31.1,17.08,76.72,2.03,0.0,20.02,32.14
2015-01-17,Madurai,9.9252,78.1198,Irrigated,24.39,31.28,19.27,76.96,2.35,0.0,18.53,32.21
2015-01-18,Madurai,9.9252,78.1198,Irrigated,24.01,31.15,18.59,74.22,2.26,0.0,19.74,32.27
2015-01-19,Madurai,9.9252,78.1198,Irrigated,23.51,30.95,17.73,71.23,2.29,0.01,20.25,32.34
2015-01-20,Madurai,9.9252,78.1198,Irrigated,23.03,30.45,17.15,73.48,2.03,0.0,20.26,32.42
2015-01-21,Madurai,9.9252,78.1198,Irrigated,22.84,30.27,17.61,73.37,2.45,0.02,19.69,32.5
2015-01-22,Madurai,9.9252,78.1198,Irrigated,23.65,31.43,16.66,74.14,2.29,0.14,21.5,32.58
2015-01-23,Madurai,9.9252,78.1198,Irrigated,25.01,31.75,20.2,75.31,2.33,0.37,18.95,32.66
2015-01-24,Madurai,9.9252,78.1198,Irrigated,24.92,31.25,20.15,74.75,2.51,0.13,19.66,32.74
2015-01-25,Madurai,9.9252,78.1198,Irrigated,24.89,32.14,19.55,67.59,2.7,0.0,21.41,32.82
2015-01-26,Madurai,9.9252,78.1198,Irrigated,24.02,31.44,18.17,71.63,2.64,0.0,21.46,32.9
2015-01-27,Madurai,9.9252,78.1198,Irrigated,24.47,31.76,18.43,72.93,2.7,0.0,19.39,32.98
2015-01-28,Madurai,9.9252,78.1198,Irrigated,25.14,31.98,19.82,72.72,2.49,0.0,16.44,33.07
2015-01-29,Madurai,9.9252,78.1198,Irrigated,25.41,32.33,20.28,70.95,2.19,0.0,16.84,33.17
2015-01-30,Madurai,9.9252,78.1198,Irrigated,25.39,31.65,20.27,70.41,2.09,0.0,14.29,33.26
2015-01-31,Madurai,9.9252,78.1198,Irrigated,25.05,32.58,19.66,64.78,2.65,0.0,19.58,33.36
2015-02-01,Madurai,9.9252,78.1198,Irrigated,24.57,32.49,18.29,70.02,2.39,0.0,21.04,33.45
2015-02-02,Madurai,9.9252,78.1198,Irrigated,24.39,32.49,18.5,67.25,2.86,0.0,20.9,33.55
2015-02-03,Madurai,9.9252,78.1198,Irrigated,24.77,32.24,19.22,67.97,3.3,0.0,21.05,33.64
2015-02-04,Madurai,9.9252,78.1198,Irrigated,23.68,28.46,19.89,74.05,2.77,0.57,13.31,33.74
2015-02-05,Madurai,9.9252,78.1198,Irrigated,25.18,32.37,19.39,69.1,2.82,0.16,15.98,33.83
2015-02-06,Madurai,9.9252,78.1198,Irrigated,24.87,31.6,19.8,68.78,2.56,0.01,21.33,33.93
2015-02-07,Madurai,9.9252,78.1198,Irrigated,24.96,32.02,20.08,66.62,2.3,0.05,21.96,34.02
2015-02-08,Madurai,9.9252,78.1198,Irrigated,25.22,33.61,19.17,62.32,2.24,0.0,23.14,34.11
2015-02-09,Madurai,9.9252,78.1198,Irrigated,25.34,33.36,19.66,65.58,2.45,0.0,20.45,34.2
2015-02-10,Madurai,9.9252,78.1198,Irrigated,24.99,30.99,20.3,68.34,2.56,0.0,14.02,34.3
2015-02-11,Madurai,9.9252,78.1198,Irrigated,26.21,32.9,20.96,67.38,2.57,0.0,21.38,34.39
2015-02-12,Madurai,9.9252,78.1198,Irrigated,26.9,34.28,21.62,66.59,2.81,0.02,21.59,34.48
2015-02-13,Madurai,9.9252,78.1198,Irrigated,27.07,34.54,21.51,65.8,2.3,0.01,21.32,34.57
2015-02-14,Madurai,9.9252,78.1198,Irrigated,26.67,34.81,20.52,62.71,2.03,0.0,21.57,34.66
2015-02-15,Madurai,9.9252,78.1198,Irrigated,26.17,34.82,18.87,59.0,2.12,0.0,24.62,34.75
2015-02-16,Madurai,9.9252,78.1198,Irrigated,25.65,34.53,18.46,59.95,2.08,0.0,23.33,34.84
2015-02-17,Madurai,9.9252,78.1198,Irrigated,25.31,34.07,18.49,57.34,1.68,0.0,23.33,34.93
2015-02-18,Madurai,9.9252,78.1198,Irrigated,25.29,34.24,18.02,55.1,1.66,0.0,21.36,35.03
2015-02-19,Madurai,9.9252,78.1198,Irrigated,25.62,34.64,18.52,55.14,1.74,0.0,24.75,35.12
2015-02-20,Madurai,9.9252,78.1198,Irrigated,25.39,34.66,17.97,59.16,2.46,0.0,25.09,35.21
2015-02-21,Madurai,9.9252,78.1198,Irrigated,25.46,34.56,18.53,61.56,2.66,0.0,23.8,35.3
2015-02-22,Madurai,9.9252,78.1198,Irrigated,25.45,35.05,17.94,57.65,2.77,0.0,25.1,35.38
2015-02-23,Madurai,9.9252,78.1198,Irrigated,25.66,35.48,18.11,57.49,2.43,0.0,24.71,35.47
2015-02-24,Madurai,9.9252,78.1198,Irrigated,26.35,35.5,17.84,57.26,2.14,0.0,21.33,35.56
2015-02-25,Madurai,9.9252,78.1198,Irrigated,27.77,36.04,20.95,61.74,2.16,0.0,19.31,35.65
2015-02-26,Madurai,9.9252,78.1198,Irrigated,28.55,35.98,22.78,63.38,1.79,1.55,20.73,35.73
2015-02-27,Madurai,9.9252,78.1198,Irrigated,28.2,34.36,23.39,67.34,1.75,1.66,20.23,35.82
2015-02-28,Madurai,9.9252,78.1198,Irrigated,28.53,35.24,23.34,64.18,2.19,0.2,21.15,35.9
2015-03-01,Madurai,9.9252,78.1198,Irrigated,28.88,36.66,23.03,62.02,2.38,0.01,20.62,35.98
2015-03-02,Madurai,9.9252,78.1198,Irrigated,29.39,36.71,23.59,62.27,2.22,0.1,19.96,36.06
2015-03-03,Madurai,9.9252,78.1198,Irrigated,29.28,36.02,24.09,59.4,2.38,0.16,20.82,36.14
2015-03-04,Madurai,9.9252,78.1198,Irrigated,28.38,34.05,23.64,53.55,1.39,0.05,22.0,36.22
2015-03-05,Madurai,9.9252,78.1198,Irrigated,29.46,37.15,23.33,57.0,2.11,0.0,21.07,36.3
2015-03-06,Madurai,9.9252,78.1198,Irrigated,29.94,37.43,24.22,57.79,2.1,0.58,20.96,36.37
2015-03-07,Madurai,9.9252,78.1198,Irrigated,29.36,36.51,23.7,59.44,2.37,1.55,21.6,36.44
2015-03-08,Madurai,9.9252,78.1198,Irrigated,28.55,35.88,23.02,59.1,2.34,0.51,22.11,36.5
2015-03-09,Madurai,9.9252,78.1198,Irrigated,28.74,36.46,22.73,59.92,2.37,0.02,20.18,36.57
2015-03-10,Madurai,9.9252,78.1198,Irrigated,28.23,36.68,21.9,54.29,2.37,0.0,24.05,36.63
2015-03-11,Madurai,9.9252,78.1198,Irrigated,27.79,36.21,21.41,57.18,2.76,0.0,23.34,36.68
2015-03-12,Madurai,9.9252,78.1198,Irrigated,28.8,37.07,22.22,58.78,3.31,0.0,20.68,36.74
2015-03-13,Madurai,9.9252,78.1198,Irrigated,28.94,37.06,23.28,58.39,3.24,0.01,22.9,36.81
2015-03-14,Madurai,9.9252,78.1198,Irrigated,28.11,34.76,22.79,62.31,2.82,3.02,16.97,36.86
2015-03-15,Madurai,9.9252,78.1198,Irrigated,27.93,33.94,23.9,69.25,2.42,2.33,21.69,36.92
2015-03-16,Madurai,9.9252,78.1198,Irrigated,27.71,33.95,23.74,70.66,2.32,4.49,17.39,36.98
2015-03-17,Madurai,9.9252,78.1198,Irrigated,27.11,34.32,22.8,65.01,1.75,1.54,24.21,37.04
2015-03-18,Madurai,9.9252,78.1198,Irrigated,27.31,36.29,20.98,56.04,1.53,0.0,24.9,37.09
2015-03-19,Madurai,9.9252,78.1198,Irrigated,27.44,35.81,20.29,49.88,1.46,0.0,25.28,37.14
2015-03-20,Madurai,9.9252,78.1198,Irrigated,28.2,36.75,20.96,56.75,1.84,0.0,24.2,37.19
2015-03-21,Madurai,9.9252,78.1198,Irrigated,28.55,37.54,22.28,56.04,2.18,0.0,24.63,37.23
2015-03-22,Madurai,9.9252,78.1198,Irrigated,28.98,38.7,20.54,54.64,1.92,0.0,25.26,37.28
2015-03-23,Madurai,9.9252,78.1198,Irrigated,29.94,38.84,22.27,51.17,1.92,0.0,24.42,37.33
2015-03-24,Madurai,9.9252,78.1198,Irrigated,30.35,38.67,24.22,53.24,2.14,0.0,23.39,37.37
2015-03-25,Madurai,9.9252,78.1198,Irrigated,29.44,37.69,23.18,56.45,2.17,0.0,23.48,37.41
2015-03-26,Madurai,9.9252,78.1198,Irrigated,29.48,37.89,22.47,54.2,2.27,0.0,24.2,37.45
2015-03-27,Madurai,9.9252,78.1198,Irrigated,29.52,38.51,21.9,54.84,2.49,0.01,22.17,37.48
2015-03-28,Madurai,9.9252,78.1198,Irrigated,29.62,38.0,23.01,58.12,2.58,0.18,21.61,37.52
2015-03-29,Madurai,9.9252,78.1198,Irrigated,30.29,38.24,24.62,57.65,2.63,0.37,22.5,37.55
2015-03-30,Madurai,9.9252,78.1198,Irrigated,30.45,38.02,24.9,55.28,2.48,0.11,21.57,37.58
2015-03-31,Madurai,9.9252,78.1198,Irrigated,30.14,36.71,25.21,58.23,2.01,0.68,20.95,37.62
2015-04-01,Madurai,9.9252,78.1198,Irrigated,29.39,37.07,25.06,66.78,1.98,14.64,22.08,37.65
2015-04-02,Madurai,9.9252,78.1198,Irrigated,29.25,36.42,23.48,67.31,1.85,3.18,19.53,37.67
2015-04-03,Madurai,9.9252,78.1198,Irrigated,30.95,38.56,24.07,59.53,1.41,0.07,25.61,37.69
2015-04-04,Madurai,9.9252,78.1198,Irrigated,30.98,36.89,26.09,60.62,1.41,0.06,24.24,37.71
2015-04-05,Madurai,9.9252,78.1198,Irrigated,30.56,37.74,26.02,61.73,2.3,0.0,25.16,37.73
2015-04-06,Madurai,9.9252,78.1198,Irrigated,30.12,37.33,24.41,63.67,2.26,0.07,25.02,37.74
2015-04-07,Madurai,9.9252,78.1198,Irrigated,29.49,35.38,24.79,66.1,2.09,0.26,25.59,37.75
2015-04-08,Madurai,9.9252,78.1198,Irrigated,28.44,33.21,25.19,64.03,1.06,0.64,15.24,37.76
2015-04-09,Madurai,9.9252,78.1198,Irrigated,28.46,34.04,23.58,60.86,1.76,0.54,23.01,37.77
2015-04-10,Madurai,9.9252,78.1198,Irrigated,28.9,34.67,25.0,67.53,1.49,0.4,23.3,37.78
2015-04-11,Madurai,9.9252,78.1198,Irrigated,30.35,38.55,23.34,60.4,2.06,1.13,24.41,37.79
2015-04-12,Madurai,9.9252,78.1198,Irrigated,28.67,34.08,24.87,68.67,1.27,3.68,22.69,37.79
2015-04-13,Madurai,9.9252,78.1198,Irrigated,26.83,30.93,23.24,71.86,1.92,3.7,18.79,37.8
2015-04-14,Madurai,9.9252,78.1198,Irrigated,27.36,33.65,21.91,68.08,1.3,1.83,25.2,37.8
2015-04-15,Madurai,9.9252,78.1198,Irrigated,26.46,30.75,23.8,80.48,2.23,31.26,23.2,37.79
2015-04-16,Madurai,9.9252,78.1198,Irrigated,26.8,31.24,23.64,80.57,1.4,17.22,21.32,37.79
2015-04-17,Madurai,9.9252,78.1198,Irrigated,27.54,31.75,23.36,74.95,1.09,22.97,23.48,37.79
2015-04-18,Madurai,9.9252,78.1198,Irrigated,28.18,33.97,23.6,71.92,1.32,6.93,25.32,37.79
2015-04-19,Madurai,9.9252,78.1198,Irrigated,28.62,34.18,24.16,71.41,1.32,0.11,21.01,37.79
2015-04-20,Madurai,9.9252,78.1198,Irrigated,28.58,34.73,23.78,72.06,1.73,2.57,19.09,37.79
2015-04-21,Madurai,9.9252,78.1198,Irrigated,27.62,32.09,23.92,76.19,1.56,2.8,19.78,37.79
2015-04-22,Madurai,9.9252,78.1198,Irrigated,26.84,30.6,23.76,78.2,1.1,1.03,22.63,37.78
2015-04-23,Madurai,9.9252,78.1198,Irrigated,29.01,35.63,23.51,67.13,1.63,1.12,26.04,37.78
2015-04-24,Madurai,9.9252,78.1198,Irrigated,28.78,35.51,24.04,69.89,1.39,3.38,20.25,37.76
2015-04-25,Madurai,9.9252,78.1198,Irrigated,27.08,31.01,24.18,71.99,1.19,6.6,18.55,37.75
2015-04-26,Madurai,9.9252,78.1198,Irrigated,28.29,35.37,22.74,64.33,1.68,1.4,24.39,37.74
2015-04-27,Madurai,9.9252,78.1198,Irrigated,28.19,34.37,23.13,70.78,1.58,0.15,21.99,37.73
2015-04-28,Madurai,9.9252,78.1198,Irrigated,28.81,35.37,23.57,69.31,1.59,0.01,23.92,37.71
2015-04-29,Madurai,9.9252,78.1198,Irrigated,29.55,36.84,23.45,66.0,2.02,0.14,25.26,37.7
2015-04-30,Madurai,9.9252,78.1198,Irrigated,30.47,37.91,24.53,63.36,1.53,0.1,24.69,37.68
2015-05-01,Madurai,9.9252,78.1198,Irrigated,29.76,35.85,25.03,65.07,1.98,0.0,23.83,37.66
2015-05-02,Madurai,9.9252,78.1198,Irrigated,30.28,37.69,24.55,61.2,1.43,0.0,23.8,37.64
2015-05-03,Madurai,9.9252,78.1198,Irrigated,30.28,36.62,24.94,63.78,1.58,0.0,23.26,37.61
2015-05-04,Madurai,9.9252,78.1198,Irrigated,29.38,34.44,25.52,69.37,1.42,1.15,21.23,37.59
2015-05-05,Madurai,9.9252,78.1198,Irrigated,29.01,35.14,25.01,69.98,1.25,3.81,19.72,37.56
2015-05-06,Madurai,9.9252,78.1198,Irrigated,28.11,32.17,24.88,75.1,1.13,6.56,22.39,37.54
2015-05-07,Madurai,9.9252,78.1198,Irrigated,27.75,32.79,24.62,77.14,1.36,10.71,21.43,37.52
2015-05-08,Madurai,9.9252,78.1198,Irrigated,29.4,35.27,24.32,69.38,1.26,12.37,22.58,37.49
2015-05-09,Madurai,9.9252,78.1198,Irrigated,28.77,32.84,25.27,74.18,0.92,13.73,22.24,37.47
2015-05-10,Madurai,9.9252,78.1198,Irrigated,28.74,33.59,24.93,68.88,1.47,2.49,12.32,37.44
2015-05-11,Madurai,9.9252,78.1198,Irrigated,27.03,31.04,23.95,71.6,1.57,12.8,6.49,37.42
2015-05-12,Madurai,9.9252,78.1198,Irrigated,27.66,32.77,23.21,65.03,1.08,19.01,13.57,37.4
2015-05-13,Madurai,9.9252,78.1198,Irrigated,26.69,31.72,23.32,76.12,1.36,13.03,13.71,37.37
2015-05-14,Madurai,9.9252,78.1198,Irrigated,27.29,32.16,23.52,78.57,1.22,13.53,18.35,37.36
2015-05-15,Madurai,9.9252,78.1198,Irrigated,26.19,28.43,24.44,88.66,1.24,29.37,14.81,37.34
2015-05-16,Madurai,9.9252,78.1198,Irrigated,26.77,29.76,24.76,87.75,2.04,3.86,9.98,37.31
2015-05-17,Madurai,9.9252,78.1198,Irrigated,26.1,28.66,24.47,90.75,2.65,8.18,14.63,37.29
2015-05-18,Madurai,9.9252,78.1198,Irrigated,27.57,32.47,23.63,80.15,2.08,3.12,22.9,37.26
2015-05-19,Madurai,9.9252,78.1198,Irrigated,27.83,32.87,23.79,78.26,2.34,0.9,23.61,37.24
2015-05-20,Madurai,9.9252,78.1198,Irrigated,28.31,33.85,23.63,74.79,2.35,0.15,24.93,37.21
2015-05-21,Madurai,9.9252,78.1198,Irrigated,28.83,34.95,24.13,72.29,2.59,0.02,23.43,37.19
2015-05-22,Madurai,9.9252,78.1198,Irrigated,29.0,34.68,24.53,72.78,2.77,0.0,22.95,37.16
2015-05-23,Madurai,9.9252,78.1198,Irrigated,29.0,33.52,25.28,72.9,2.34,0.24,22.06,37.13
2015-05-24,Madurai,9.9252,78.1198,Irrigated,29.19,35.22,23.67,68.2,1.84,0.06,23.07,37.1
2015-05-25,Madurai,9.9252,78.1198,Irrigated,29.58,35.41,24.92,67.61,1.84,0.0,23.21,37.08
2015-05-26,Madurai,9.9252,78.1198,Irrigated,29.73,35.76,24.63,67.7,2.47,0.0,24.06,37.06
2015-05-27,Madurai,9.9252,78.1198,Irrigated,28.56,33.76,25.38,72.47,1.97,3.78,23.23,37.03
2015-05-28,Madurai,9.9252,78.1198,Irrigated,28.23,33.48,23.57,67.4,1.89,2.36,17.52,37.01
2015-05-29,Madurai,9.9252,78.1198,Irrigated,29.37,35.55,23.38,67.73,1.48,0.3,22.52,36.99
2015-05-30,Madurai,9.9252,78.1198,Irrigated,28.67,34.64,24.99,74.87,1.76,13.79,21.17,36.96
2015-05-31,Madurai,9.9252,78.1198,Irrigated,28.56,33.52,24.4,73.98,1.73,2.52,21.2,36.94
2015-06-01,Madurai,9.9252,78.1198,Irrigated,28.58,34.43,24.49,70.77,2.33,0.17,22.15,36.92
2015-06-02,Madurai,9.9252,78.1198,Irrigated,28.04,34.08,23.61,75.53,1.29,28.78,24.03,36.9
2015-06-03,Madurai,9.9252,78.1198,Irrigated,28.21,32.54,24.57,77.12,1.24,2.18,17.89,36.88
2015-06-04,Madurai,9.9252,78.1198,Irrigated,28.01,32.11,24.62,78.88,0.96,1.02,20.61,36.86
2015-06-05,Madurai,9.9252,78.1198,Irrigated,26.93,29.68,24.67,83.84,1.16,9.61,20.52,36.84
2015-06-06,Madurai,9.9252,78.1198,Irrigated,28.71,34.24,24.06,71.29,0.79,0.05,21.92,36.83
2015-06-07,Madurai,9.9252,78.1198,Irrigated,28.43,34.51,23.7,72.0,2.39,0.8,23.25,36.8
2015-06-08,Madurai,9.9252,78.1198,Irrigated,27.77,34.39,22.64,72.6,2.42,0.65,23.49,36.79
2015-06-09,Madurai,9.9252,78.1198,Irrigated,28.43,35.27,22.9,71.13,1.5,0.08,24.65,36.77
2015-06-10,Madurai,9.9252,78.1198,Irrigated,27.89,31.31,24.52,76.58,1.39,0.54,24.07,36.76
2015-06-11,Madurai,9.9252,78.1198,Irrigated,28.23,33.95,23.62,73.43,1.8,1.31,19.43,36.75
2015-06-12,Madurai,9.9252,78.1198,Irrigated,27.84,32.91,24.36,73.04,1.9,0.07,22.34,36.73
2015-06-13,Madurai,9.9252,78.1198,Irrigated,27.56,34.09,22.91,73.92,2.05,4.08,23.71,36.72
2015-06-14,Madurai,9.9252,78.1198,Irrigated,27.79,34.18,23.21,69.23,2.24,0.27,23.86,36.7
2015-06-15,Madurai,9.9252,78.1198,Irrigated,27.88,35.18,23.09,65.32,2.87,0.43,21.9,36.69
2015-06-16,Madurai,9.9252,78.1198,Irrigated,26.4,31.42,22.91,68.09,2.89,0.56,19.5,36.67
2015-06-17,Madurai,9.9252,78.1198,Irrigated,26.61,31.2,23.33,68.97,2.79,0.48,16.13,36.66
2015-06-18,Madurai,9.9252,78.1198,Irrigated,27.06,33.51,22.42,69.93,2.85,1.12,13.4,36.64
2015-06-19,Madurai,9.9252,78.1198,Irrigated,27.87,34.37,23.15,66.77,3.64,0.9,19.13,36.63
2015-06-20,Madurai,9.9252,78.1198,Irrigated,28.54,34.8,23.86,65.66,3.91,0.36,21.53,36.61
2015-06-21,Madurai,9.9252,78.1198,Irrigated,28.13,32.98,24.47,67.27,4.16,1.02,22.12,36.61
2015-06-22,Madurai,9.9252,78.1198,Irrigated,28.74,35.23,23.96,67.08,3.57,0.36,21.97,36.61
2015-06-23,Madurai,9.9252,78.1198,Irrigated,28.09,33.23,24.04,73.75,2.82,0.79,22.58,36.61
2015-06-24,Madurai,9.9252,78.1198,Irrigated,28.74,35.84,23.51,70.07,3.12,0.22,22.72,36.61
2015-06-25,Madurai,9.9252,78.1198,Irrigated,28.33,33.82,24.14,73.17,2.87,0.55,22.92,36.61
2015-06-26,Madurai,9.9252,78.1198,Irrigated,27.0,30.02,23.42,63.02,4.55,1.59,16.56,36.62
2015-06-27,Madurai,9.9252,78.1198,Irrigated,27.81,34.89,22.18,62.72,3.99,0.8,19.16,36.62
2015-06-28,Madurai,9.9252,78.1198,Irrigated,29.11,35.95,23.54,67.12,2.39,0.59,20.23,36.63
2015-06-29,Madurai,9.9252,78.1198,Irrigated,27.76,32.44,24.02,69.97,3.43,1.35,20.82,36.63
2015-06-30,Madurai,9.9252,78.1198,Irrigated,28.8,36.79,22.69,59.71,2.95,10.61,23.14,36.64
2015-07-01,Madurai,9.9252,78.1198,Irrigated,27.9,33.91,22.5,74.48,2.01,14.76,24.31,36.64
2015-07-02,Madurai,9.9252,78.1198,Irrigated,29.19,36.41,23.26,65.76,2.19,0.04,23.09,36.64
2015-07-03,Madurai,9.9252,78.1198,Irrigated,29.25,36.23,23.23,66.41,2.17,0.09,23.61,36.65
2015-07-04,Madurai,9.9252,78.1198,Irrigated,29.12,35.31,24.07,67.09,2.46,0.22,23.56,36.66
2015-07-05,Madurai,9.9252,78.1198,Irrigated,29.46,35.9,23.99,64.9,3.14,0.04,22.65,36.66
2015-07-06,Madurai,9.9252,78.1198,Irrigated,28.55,33.83,24.64,63.41,3.69,0.0,21.51,36.67
2015-07-07,Madurai,9.9252,78.1198,Irrigated,28.21,34.96,23.18,63.81,3.06,0.02,21.75,36.68
2015-07-08,Madurai,9.9252,78.1198,Irrigated,28.24,34.7,23.25,64.8,2.88,0.18,21.33,36.69
2015-07-09,Madurai,9.9252,78.1198,Irrigated,29.76,37.2,24.18,61.64,3.17,0.13,21.74,36.7
2015-07-10,Madurai,9.9252,78.1198,Irrigated,29.06,35.51,24.06,65.57,2.96,0.44,19.97,36.71
2015-07-11,Madurai,9.9252,78.1198,Irrigated,28.54,34.08,24.12,67.42,2.79,0.24,20.48,36.72
2015-07-12,Madurai,9.9252,78.1198,Irrigated,29.19,36.36,23.3,61.12,2.77,0.03,22.22,36.73
2015-07-13,Madurai,9.9252,78.1198,Irrigated,29.4,36.12,23.96,61.18,2.53,0.09,23.58,36.75
2015-07-14,Madurai,9.9252,78.1198,Irrigated,29.73,36.85,24.14,62.6,3.0,0.27,22.4,36.76
2015-07-15,Madurai,9.9252,78.1198,Irrigated,29.04,34.02,25.54,65.81,2.96,0.31,17.98,36.77
2015-07-16,Madurai,9.9252,78.1198,Irrigated,29.34,34.97,24.98,61.07,3.53,0.14,21.33,36.79
2015-07-17,Madurai,9.9252,78.1198,Irrigated,28.12,33.54,24.99,59.91,4.51,1.34,17.76,36.8
2015-07-18,Madurai,9.9252,78.1198,Irrigated,28.52,35.15,23.98,57.59,4.6,0.28,19.87,36.81
2015-07-19,Madurai,9.9252,78.1198,Irrigated,27.33,32.15,23.77,62.62,3.7,1.64,19.69,36.83
2015-07-20,Madurai,9.9252,78.1198,Irrigated,27.8,34.58,22.11,64.2,2.77,0.41,20.56,36.84
2015-07-21,Madurai,9.9252,78.1198,Irrigated,28.59,35.33,23.57,65.88,2.56,3.24,17.77,36.86
2015-07-22,Madurai,9.9252,78.1198,Irrigated,28.32,34.29,24.1,65.23,2.67,1.03,19.87,36.87
2015-07-23,Madurai,9.9252,78.1198,Irrigated,28.24,34.3,23.38,64.97,1.93,1.28,20.88,36.89
2015-07-24,Madurai,9.9252,78.1198,Irrigated,28.13,33.88,23.18,66.93,2.17,0.21,22.09,36.91
2015-07-25,Madurai,9.9252,78.1198,Irrigated,28.23,34.3,22.9,63.99,1.92,0.2,22.36,36.93
2015-07-26,Madurai,9.9252,78.1198,Irrigated,27.76,34.52,23.01,62.06,2.15,0.02,21.08,36.94
2015-07-27,Madurai,9.9252,78.1198,Irrigated,29.16,36.96,22.44,57.02,2.16,0.08,22.77,36.96
2015-07-28,Madurai,9.9252,78.1198,Irrigated,29.21,36.2,23.55,62.21,1.52,8.82,21.39,36.98
2015-07-29,Madurai,9.9252,78.1198,Irrigated,28.71,35.0,22.66,63.69,1.18,3.68,23.29,37.0
2015-07-30,Madurai,9.9252,78.1198,Irrigated,28.63,34.8,22.9,62.43,1.77,0.0,23.61,37.02
2015-07-31,Madurai,9.9252,78.1198,Irrigated,29.25,36.26,23.43,60.27,1.81,0.02,23.05,37.04
2015-08-01,Madurai,9.9252,78.1198,Irrigated,28.82,34.81,23.76,63.05,1.87,0.97,23.12,37.06
2015-08-02,Madurai,9.9252,78.1198,Irrigated,28.92,34.4,23.82,62.94,1.61,1.02,17.28,37.07
2015-08-03,Madurai,9.9252,78.1198,Irrigated,28.21,33.87,24.14,66.33,2.08,2.11,20.68,37.09
2015-08-04,Madurai,9.9252,78.1198,Irrigated,29.16,37.3,22.69,60.75,2.55,0.28,21.42,37.1
2015-08-05,Madurai,9.9252,78.1198,Irrigated,28.6,36.09,22.79,59.48,3.36,0.06,21.82,37.11
2015-08-06,Madurai,9.9252,78.1198,Irrigated,29.38,37.15,23.06,56.47,3.13,0.03,24.8,37.12
2015-08-07,Madurai,9.9252,78.1198,Irrigated,28.23,34.22,23.46,62.96,2.71,0.04,24.86,37.13
2015-08-08,Madurai,9.9252,78.1198,Irrigated,29.65,36.65,23.44,60.55,2.37,0.66,24.23,37.14
2015-08-09,Madurai,9.9252,78.1198,Irrigated,29.5,35.69,24.13,59.83,3.34,0.13,22.94,37.16
2015-08-10,Madurai,9.9252,78.1198,Irrigated,29.08,35.17,25.1,60.07,3.44,0.98,19.8,37.18
2015-08-11,Madurai,9.9252,78.1198,Irrigated,29.54,37.15,23.96,61.11,2.42,0.08,21.72,37.19
2015-08-12,Madurai,9.9252,78.1198,Irrigated,29.45,34.93,24.77,59.04,3.05,0.09,19.9,37.21
2015-08-13,Madurai,9.9252,78.1198,Irrigated,28.65,33.77,24.84,64.24,2.56,0.58,22.17,37.22
2015-08-14,Madurai,9.9252,78.1198,Irrigated,30.27,37.76,23.51,56.75,2.53,0.64,21.76,37.23
2015-08-15,Madurai,9.9252,78.1198,Irrigated,29.92,35.84,24.88,61.85,1.86,1.51,20.51,37.24
2015-08-16,Madurai,9.9252,78.1198,Irrigated,27.3,30.73,24.58,75.97,1.79,25.32,19.03,37.25
2015-08-17,Madurai,9.9252,78.1198,Irrigated,28.62,34.94,23.86,69.0,1.59,4.71,22.86,37.26
2015-08-18,Madurai,9.9252,78.1198,Irrigated,28.24,33.95,23.85,72.16,2.13,4.81,22.28,37.26
2015-08-19,Madurai,9.9252,78.1198,Irrigated,27.49,32.9,23.73,74.3,2.52,3.02,24.65,37.27
2015-08-20,Madurai,9.9252,78.1198,Irrigated,27.84,32.81,23.11,70.2,2.52,0.03,25.18,37.27
2015-08-21,Madurai,9.9252,78.1198,Irrigated,28.62,35.29,23.42,69.19,2.33,4.85,22.05,37.27
2015-08-22,Madurai,9.9252,78.1198,Irrigated,28.63,34.32,24.09,68.76,1.33,5.06,13.12,37.27
2015-08-23,Madurai,9.9252,78.1198,Irrigated,28.64,36.25,23.16,61.15,1.91,1.01,19.81,37.27
2015-08-24,Madurai,9.9252,78.1198,Irrigated,28.62,35.29,22.51,60.64,1.65,0.18,22.67,37.26
2015-08-25,Madurai,9.9252,78.1198,Irrigated,29.19,36.2,23.81,58.07,2.05,0.02,24.3,37.27
2015-08-26,Madurai,9.9252,78.1198,Irrigated,29.12,36.46,23.86,58.35,1.92,0.0,21.01,37.28
2015-08-27,Madurai,9.9252,78.1198,Irrigated,28.45,35.25,23.22,63.8,2.27,0.01,23.84,37.29
2015-08-28,Madurai,9.9252,78.1198,Irrigated,29.39,37.25,22.77,59.45,2.15,0.0,23.88,37.29
2015-08-29,Madurai,9.9252,78.1198,Irrigated,30.31,38.3,23.14,60.11,1.96,0.0,24.68,37.29
2015-08-30,Madurai,9.9252,78.1198,Irrigated,30.89,38.63,23.45,55.4,1.28,0.0,25.24,37.28
2015-08-31,Madurai,9.9252,78.1198,Irrigated,30.93,38.43,23.73,55.06,1.2,0.0,25.31,37.27
2015-09-01,Madurai,9.9252,78.1198,Irrigated,30.36,36.37,25.48,61.19,1.05,1.67,22.5,37.26
2015-09-02,Madurai,9.9252,78.1198,Irrigated,28.3,33.58,25.21,70.39,1.58,15.55,20.84,37.25
2015-09-03,Madurai,9.9252,78.1198,Irrigated,28.43,33.21,24.45,70.18,0.79,8.82,17.65,37.24
2015-09-04,Madurai,9.9252,78.1198,Irrigated,27.83,31.97,25.04,71.89,1.34,0.36,18.51,37.22
2015-09-05,Madurai,9.9252,78.1198,Irrigated,27.78,33.26,23.87,73.2,2.25,4.77,19.35,37.21
2015-09-06,Madurai,9.9252,78.1198,Irrigated,26.91,31.68,23.42,76.74,2.59,1.82,21.69,37.19
2015-09-07,Madurai,9.9252,78.1198,Irrigated,26.36,30.02,23.28,74.88,2.62,0.91,12.09,37.17
2015-09-08,Madurai,9.9252,78.1198,Irrigated,27.57,34.76,21.94,63.97,2.96,0.55,19.14,37.15
2015-09-09,Madurai,9.9252,78.1198,Irrigated,27.46,33.92,22.06,67.12,2.69,0.82,22.58,37.13
2015-09-10,Madurai,9.9252,78.1198,Irrigated,28.02,34.88,22.76,67.97,2.54,0.6,22.05,37.1
2015-09-11,Madurai,9.9252,78.1198,Irrigated,27.71,33.23,23.11,71.27,2.24,0.68,21.25,37.07
2015-09-12,Madurai,9.9252,78.1198,Irrigated,29.22,37.14,23.61,63.45,2.4,0.31,21.3,37.04
2015-09-13,Madurai,9.9252,78.1198,Irrigated,28.96,36.4,23.21,63.01,2.26,0.01,22.96,37.02
2015-09-14,Madurai,9.9252,78.1198,Irrigated,29.56,38.38,22.54,59.42,3.12,0.03,24.18,36.99
2015-09-15,Madurai,9.9252,78.1198,Irrigated,28.51,35.99,22.82,65.84,2.98,0.25,22.63,36.96
2015-09-16,Madurai,9.9252,78.1198,Irrigated,29.31,37.78,22.92,62.81,3.5,0.95,21.76,36.92
2015-09-17,Madurai,9.9252,78.1198,Irrigated,28.49,34.31,23.97,60.28,3.14,0.28,21.47,36.89
2015-09-18,Madurai,9.9252,78.1198,Irrigated,29.17,35.78,23.51,61.0,2.06,0.31,21.65,36.85
2015-09-19,Madurai,9.9252,78.1198,Irrigated,29.12,35.23,24.49,64.54,2.01,0.44,20.24,36.82
2015-09-20,Madurai,9.9252,78.1198,Irrigated,28.92,34.96,24.37,66.89,1.69,0.42,20.77,36.79
2015-09-21,Madurai,9.9252,78.1198,Irrigated,28.29,34.28,23.64,63.42,1.43,0.02,21.92,36.75
2015-09-22,Madurai,9.9252,78.1198,Irrigated,30.62,38.07,23.95,60.53,1.08,0.07,22.51,36.71
2015-09-23,Madurai,9.9252,78.1198,Irrigated,29.15,32.83,25.67,67.38,1.19,0.9,19.7,36.67
2015-09-24,Madurai,9.9252,78.1198,Irrigated,29.27,35.43,25.33,64.58,2.35,0.54,20.62,36.62
2015-09-25,Madurai,9.9252,78.1198,Irrigated,30.31,37.75,23.84,61.47,1.59,0.77,22.65,36.56
2015-09-26,Madurai,9.9252,78.1198,Irrigated,31.1,38.72,25.08,58.28,1.75,1.39,22.16,36.51
2015-09-27,Madurai,9.9252,78.1198,Irrigated,26.94,29.58,24.91,82.36,1.14,47.98,18.35,36.46
2015-09-28,Madurai,9.9252,78.1198,Irrigated,27.28,32.37,23.51,76.33,1.6,6.03,19.96,36.4
2015-09-29,Madurai,9.9252,78.1198,Irrigated,25.83,29.38,23.65,87.27,1.57,47.74,18.81,36.35
2015-09-30,Madurai,9.9252,78.1198,Irrigated,25.97,29.97,22.84,80.96,1.43,4.17,15.77,36.3
2015-10-01,Madurai,9.9252,78.1198,Irrigated,25.68,29.47,22.45,83.05,2.04,2.76,12.72,36.25
2015-10-02,Madurai,9.9252,78.1198,Irrigated,26.23,30.45,22.83,81.98,2.2,6.85,21.18,36.19
2015-10-03,Madurai,9.9252,78.1198,Irrigated,28.03,34.71,22.07,74.15,1.33,1.81,21.35,36.13
2015-10-04,Madurai,9.9252,78.1198,Irrigated,27.05,30.72,24.31,77.97,1.33,1.38,16.93,36.07
2015-10-05,Madurai,9.9252,78.1198,Irrigated,26.51,31.29,23.2,81.25,1.04,6.46,14.66,36.01
2015-10-06,Madurai,9.9252,78.1198,Irrigated,27.73,34.92,22.61,69.59,1.55,3.83,20.83,35.94
2015-10-07,Madurai,9.9252,78.1198,Irrigated,27.34,34.27,21.73,72.93,1.93,3.12,22.8,35.87
2015-10-08,Madurai,9.9252,78.1198,Irrigated,27.08,32.93,23.12,75.81,2.28,2.15,23.52,35.81
2015-10-09,Madurai,9.9252,78.1198,Irrigated,27.09,33.85,22.69,73.18,2.25,0.98,23.18,35.74
2015-10-10,Madurai,9.9252,78.1198,Irrigated,27.28,32.85,23.04,75.79,1.86,1.54,23.28,35.67
2015-10-11,Madurai,9.9252,78.1198,Irrigated,27.72,33.02,23.03,75.21,0.94,3.79,22.6,35.6
2015-10-12,Madurai,9.9252,78.1198,Irrigated,26.03,29.0,24.05,87.17,1.27,10.2,20.98,35.53
2015-10-13,Madurai,9.9252,78.1198,Irrigated,26.8,32.27,23.04,76.28,1.27,0.4,18.77,35.45
2015-10-14,Madurai,9.9252,78.1198,Irrigated,27.05,32.68,23.11,74.71,1.41,1.1,20.06,35.38
2015-10-15,Madurai,9.9252,78.1198,Irrigated,27.03,33.07,22.93,73.02,1.21,0.23,21.14,35.31
2015-10-16,Madurai,9.9252,78.1198,Irrigated,27.24,33.77,21.95,71.07,1.51,0.06,20.74,35.23
2015-10-17,Madurai,9.9252,78.1198,Irrigated,27.04,33.73,21.55,74.27,1.89,0.1,22.02,35.16
2015-10-18,Madurai,9.9252,78.1198,Irrigated,26.41,30.24,23.15,84.75,1.66,7.61,11.96,35.08
2015-10-19,Madurai,9.9252,78.1198,Irrigated,26.41,29.81,24.1,85.51,1.54,6.54,18.34,35.0
2015-10-20,Madurai,9.9252,78.1198,Irrigated,26.89,31.88,23.2,80.29,1.56,1.71,19.62,34.92
2015-10-21,Madurai,9.9252,78.1198,Irrigated,27.46,33.34,23.1,75.22,1.71,0.11,19.05,34.84
2015-10-22,Madurai,9.9252,78.1198,Irrigated,27.43,33.46,22.68,73.45,1.54,0.15,20.36,34.76
2015-10-23,Madurai,9.9252,78.1198,Irrigated,27.48,33.64,22.78,70.65,1.36,0.36,20.35,34.68
2015-10-24,Madurai,9.9252,78.1198,Irrigated,26.94,31.97,22.85,78.55,1.94,4.42,11.92,34.59
2015-10-25,Madurai,9.9252,78.1198,Irrigated,26.3,32.38,21.23,73.07,2.52,2.06,21.57,34.51
2015-10-26,Madurai,9.9252,78.1198,Irrigated,26.36,32.43,21.15,71.29,2.19,0.06,11.81,34.43
2015-10-27,Madurai,9.9252,78.1198,Irrigated,25.91,30.68,22.48,73.44,1.41,1.36,11.31,34.34
2015-10-28,Madurai,9.9252,78.1198,Irrigated,25.35,28.7,22.97,82.78,1.55,5.97,16.24,34.26
2015-10-29,Madurai,9.9252,78.1198,Irrigated,26.28,32.23,21.13,75.16,1.87,0.73,16.15,34.17
2015-10-30,Madurai,9.9252,78.1198,Irrigated,25.75,29.84,22.25,81.16,1.57,5.37,12.33,34.08
2015-10-31,Madurai,9.9252,78.1198,Irrigated,24.78,27.37,23.34,90.15,1.61,11.49,10.89,33.98
2015-11-01,Madurai,9.9252,78.1198,Irrigated,25.31,28.93,23.1,88.35,2.43,11.63,10.4,33.89
2015-11-02,Madurai,9.9252,78.1198,Irrigated,24.99,28.47,22.2,87.18,1.43,12.71,12.14,33.8
2015-11-03,Madurai,9.9252,78.1198,Irrigated,26.11,31.13,22.53,82.18,1.13,8.49,17.38,33.71
2015-11-04,Madurai,9.9252,78.1198,Irrigated,26.01,30.69,23.1,84.51,1.36,16.11,18.18,33.63
2015-11-05,Madurai,9.9252,78.1198,Irrigated,25.9,29.43,23.07,84.91,0.93,12.0,16.84,33.55
2015-11-06,Madurai,9.9252,78.1198,Irrigated,25.77,30.03,22.7,84.53,1.68,4.81,19.8,33.47
2015-11-07,Madurai,9.9252,78.1198,Irrigated,25.1,28.58,22.72,89.14,2.12,11.03,16.36,33.39
2015-11-08,Madurai,9.9252,78.1198,Irrigated,24.62,27.19,22.58,90.33,1.85,7.87,5.98,33.3
2015-11-09,Madurai,9.9252,78.1198,Irrigated,25.1,28.73,22.47,86.71,2.0,5.25,8.2,33.22
2015-11-10,Madurai,9.9252,78.1198,Irrigated,26.6,31.96,22.66,79.64,1.56,2.69,19.63,33.14
2015-11-11,Madurai,9.9252,78.1198,Irrigated,25.36,29.94,21.72,83.64,1.16,1.79,17.82,33.05
2015-11-12,Madurai,9.9252,78.1198,Irrigated,25.71,29.12,22.96,84.58,1.15,3.12,15.57,32.97
2015-11-13,Madurai,9.9252,78.1198,Irrigated,23.94,27.16,22.14,88.99,1.95,9.68,7.4,32.9
2015-11-14,Madurai,9.9252,78.1198,Irrigated,23.83,26.38,22.14,90.27,2.13,3.63,5.65,32.82
2015-11-15,Madurai,9.9252,78.1198,Irrigated,24.29,28.25,21.85,88.19,1.8,6.98,8.96,32.74
2015-11-16,Madurai,9.9252,78.1198,Irrigated,24.51,27.98,21.84,87.32,1.38,4.25,14.68,32.67
2015-11-17,Madurai,9.9252,78.1198,Irrigated,25.13,28.6,22.44,88.1,1.22,4.5,19.06,32.59
2015-11-18,Madurai,9.9252,78.1198,Irrigated,24.68,26.37,23.38,93.63,1.8,13.7,15.69,32.51
2015-11-19,Madurai,9.9252,78.1198,Irrigated,24.77,26.78,23.54,92.13,1.48,2.5,14.63,32.43
2015-11-20,Madurai,9.9252,78.1198,Irrigated,24.78,27.77,22.48,91.26,1.69,4.89,18.77,32.36
2015-11-21,Madurai,9.9252,78.1198,Irrigated,24.7,28.25,22.73,87.3,2.08,5.77,17.29,32.29
2015-11-22,Madurai,9.9252,78.1198,Irrigated,24.8,28.15,22.77,91.4,2.63,23.21,15.19,32.22
2015-11-23,Madurai,9.9252,78.1198,Irrigated,24.55,26.81,22.64,89.49,1.42,5.29,17.17,32.15
2015-11-24,Madurai,9.9252,78.1198,Irrigated,25.23,29.09,22.77,89.49,2.23,2.51,20.42,32.08
2015-11-25,Madurai,9.9252,78.1198,Irrigated,24.09,28.68,19.98,85.36,2.23,0.03,22.21,32.01
2015-11-26,Madurai,9.9252,78.1198,Irrigated,23.46,28.87,18.71,85.53,1.88,0.01,21.31,31.95
2015-11-27,Madurai,9.9252,78.1198,Irrigated,24.18,28.2,21.13,88.82,1.96,0.13,17.11,31.88
2015-11-28,Madurai,9.9252,78.1198,Irrigated,23.99,28.14,20.95,86.24,1.92,0.26,18.13,31.82
2015-11-29,Madurai,9.9252,78.1198,Irrigated,24.1,28.06,21.14,89.98,2.19,28.29,15.12,31.76
2015-11-30,Madurai,9.9252,78.1198,Irrigated,23.92,26.85,21.88,89.81,2.05,10.0,16.67,31.71
2015-12-01,Madurai,9.9252,78.1198,Irrigated,24.38,27.31,22.27,90.27,2.32,2.0,13.84,31.66
2015-12-02,Madurai,9.9252,78.1198,Irrigated,24.19,26.0,22.68,93.26,1.02,4.93,15.03,31.6
2015-12-03,Madurai,9.9252,78.1198,Irrigated,24.43,28.93,21.28,88.01,2.77,2.32,13.24,31.56
2015-12-04,Madurai,9.9252,78.1198,Irrigated,24.56,28.29,22.22,89.22,3.07,4.6,13.33,31.51
2015-12-05,Madurai,9.9252,78.1198,Irrigated,24.04,26.58,22.43,93.08,3.28,7.27,9.38,31.46
2015-12-06,Madurai,9.9252,78.1198,Irrigated,24.48,26.54,23.02,94.72,2.99,5.37,14.69,31.42
2015-12-07,Madurai,9.9252,78.1198,Irrigated,24.57,27.47,22.63,92.55,2.99,13.24,9.16,31.38
2015-12-08,Madurai,9.9252,78.1198,Irrigated,23.18,25.38,21.89,91.86,3.36,8.77,8.07,31.34
2015-12-09,Madurai,9.9252,78.1198,Irrigated,23.69,26.82,21.21,92.49,2.07,3.18,13.54,31.31
2015-12-10,Madurai,9.9252,78.1198,Irrigated,24.62,28.06,22.26,92.72,1.88,7.28,15.48,31.28
2015-12-11,Madurai,9.9252,78.1198,Irrigated,24.8,28.5,22.23,90.06,1.69,3.15,14.84,31.26
2015-12-12,Madurai,9.9252,78.1198,Irrigated,24.72,28.05,22.57,91.06,1.52,3.51,16.71,31.23
2015-12-13,Madurai,9.9252,78.1198,Irrigated,25.06,29.09,22.06,87.06,0.99,0.6,18.01,31.21
2015-12-14,Madurai,9.9252,78.1198,Irrigated,25.32,29.37,22.07,89.2,1.43,7.73,14.01,31.19
2015-12-15,Madurai,9.9252,78.1198,Irrigated,24.94,29.37,21.89,88.57,1.72,1.89,13.68,31.17
2015-12-16,Madurai,9.9252,78.1198,Irrigated,23.06,27.95,19.21,87.24,1.81,0.05,18.81,31.15
2015-12-17,Madurai,9.9252,78.1198,Irrigated,23.49,28.59,18.47,88.2,1.49,0.57,18.22,31.13
2015-12-18,Madurai,9.9252,78.1198,Irrigated,24.16,28.19,21.23,90.62,1.77,9.66,12.74,31.12
2015-12-19,Madurai,9.9252,78.1198,Irrigated,24.41,28.68,21.54,89.91,2.12,6.43,15.35,31.12
2015-12-20,Madurai,9.9252,78.1198,Irrigated,24.06,28.15,21.19,89.62,2.05,1.6,16.74,31.12
2015-12-21,Madurai,9.9252,78.1198,Irrigated,22.66,27.9,18.88,82.17,1.58,0.02,20.97,31.12
2015-12-22,Madurai,9.9252,78.1198,Irrigated,22.18,28.09,17.23,84.89,1.66,0.0,21.27,31.13
2015-12-23,Madurai,9.9252,78.1198,Irrigated,22.93,27.91,18.96,86.99,1.86,0.0,19.45,31.13
2015-12-24,Madurai,9.9252,78.1198,Irrigated,22.62,27.93,17.99,86.63,1.79,0.0,17.13,31.14
2015-12-25,Madurai,9.9252,78.1198,Irrigated,22.5,28.05,17.56,85.94,2.21,0.0,20.19,31.15
2015-12-26,Madurai,9.9252,78.1198,Irrigated,22.72,27.64,18.49,87.11,2.65,0.0,16.93,31.16
2015-12-27,Madurai,9.9252,78.1198,Irrigated,23.62,28.68,20.06,87.11,3.17,3.36,13.96,31.17
2015-12-28,Madurai,9.9252,78.1198,Irrigated,23.51,28.01,20.11,86.8,3.64,1.01,8.64,31.2
2015-12-29,Madurai,9.9252,78.1198,Irrigated,23.6,28.71,19.06,86.15,3.02,0.47,11.29,31.22
2015-12-30,Madurai,9.9252,78.1198,Irrigated,23.33,28.66,19.48,82.17,2.53,0.01,20.05,31.25
2015-12-31,Madurai,9.9252,78.1198,Irrigated,22.51,28.26,17.71,83.83,2.64,0.0,18.84,31.29
2016-01-01,Madurai,9.9252,78.1198,Irrigated,22.0,28.05,16.53,82.02,2.67,0.0,19.63,31.32
2016-01-02,Madurai,9.9252,78.1198,Irrigated,21.91,28.43,17.06,81.18,2.57,0.0,19.14,31.35
2016-01-03,Madurai,9.9252,78.1198,Irrigated,21.35,28.31,16.11,78.93,2.23,0.0,21.46,31.38
2016-01-04,Madurai,9.9252,78.1198,Irrigated,21.59,28.23,16.07,82.24,2.12,0.0,21.1,31.42
2016-01-05,Madurai,9.9252,78.1198,Irrigated,22.67,29.05,17.27,81.54,2.1,0.0,19.82,31.47
2016-01-06,Madurai,9.9252,78.1198,Irrigated,23.26,29.06,18.36,81.91,2.22,0.01,16.14,31.51
2016-01-07,Madurai,9.9252,78.1198,Irrigated,23.18,28.54,18.55,83.88,2.14,0.0,18.39,31.56
2016-01-08,Madurai,9.9252,78.1198,Irrigated,22.85,28.77,18.0,80.82,2.13,0.0,17.75,31.61
2016-01-09,Madurai,9.9252,78.1198,Irrigated,22.84,28.69,19.11,81.3,2.0,0.0,18.1,31.67
2016-01-10,Madurai,9.9252,78.1198,Irrigated,22.63,29.08,17.47,81.58,2.27,0.0,19.5,31.72
2016-01-11,Madurai,9.9252,78.1198,Irrigated,22.42,28.98,17.36,78.82,2.25,0.0,20.76,31.78
2016-01-12,Madurai,9.9252,78.1198,Irrigated,22.0,29.14,16.39,78.35,2.21,0.0,20.55,31.84
2016-01-13,Madurai,9.9252,78.1198,Irrigated,22.41,29.27,17.01,78.45,1.85,0.0,19.01,31.9
2016-01-14,Madurai,9.9252,78.1198,Irrigated,21.27,26.94,17.26,78.19,1.85,0.0,20.4,31.97
2016-01-15,Madurai,9.9252,78.1198,Irrigated,21.14,27.68,15.91,78.58,1.76,0.0,21.2,32.03
2016-01-16,Madurai,9.9252,78.1198,Irrigated,22.48,29.6,16.16,78.4,1.83,0.0,20.45,32.1
2016-01-17,Madurai,9.9252,78.1198,Irrigated,23.0,28.92,18.9,78.69,1.76,0.0,18.69,32.18
2016-01-18,Madurai,9.9252,78.1198,Irrigated,23.44,30.03,17.44,77.53,1.76,0.0,19.07,32.25
2016-01-19,Madurai,9.9252,78.1198,Irrigated,24.66,30.94,19.62,79.03,1.62,0.0,19.54,32.33
2016-01-20,Madurai,9.9252,78.1198,Irrigated,25.35,31.7,20.64,78.32,1.68,0.23,17.51,32.4
2016-01-21,Madurai,9.9252,78.1198,Irrigated,25.6,31.77,21.38,79.97,1.99,0.23,13.79,32.48
2016-01-22,Madurai,9.9252,78.1198,Irrigated,25.2,31.3,20.75,78.39,2.0,0.03,18.0,32.55
2016-01-23,Madurai,9.9252,78.1198,Irrigated,25.26,31.54,20.96,78.53,2.43,0.01,20.21,32.63
2016-01-24,Madurai,9.9252,78.1198,Irrigated,25.88,32.44,20.79,77.08,2.45,0.02,17.85,32.72
2016-01-25,Madurai,9.9252,78.1198,Irrigated,25.89,31.97,21.77,77.33,2.37,0.0,16.57,32.8
2016-01-26,Madurai,9.9252,78.1198,Irrigated,25.44,32.23,20.5,75.34,2.02,0.0,20.6,32.89
2016-01-27,Madurai,9.9252,78.1198,Irrigated,25.22,32.14,20.37,75.13,2.0,0.01,20.73,32.97
2016-01-28,Madurai,9.9252,78.1198,Irrigated,24.53,32.49,18.91,70.66,1.69,0.0,23.04,33.05
2016-01-29,Madurai,9.9252,78.1198,Irrigated,24.02,32.33,17.35,69.93,1.97,0.0,22.19,33.14
2016-01-30,Madurai,9.9252,78.1198,Irrigated,23.7,31.57,17.69,74.24,2.03,0.0,22.34,33.23
2016-01-31,Madurai,9.9252,78.1198,Irrigated,23.47,31.08,18.06,76.63,2.08,0.0,20.47,33.32
2016-02-01,Madurai,9.9252,78.1198,Irrigated,23.63,30.94,18.17,72.8,1.7,0.0,18.93,33.41
2016-02-02,Madurai,9.9252,78.1198,Irrigated,23.35,31.81,16.33,71.84,2.03,0.0,22.08,33.51
2016-02-03,Madurai,9.9252,78.1198,Irrigated,23.58,31.79,17.81,68.53,1.75,0.0,22.41,33.6
2016-02-04,Madurai,9.9252,78.1198,Irrigated,23.59,32.36,16.67,67.97,2.17,0.0,22.28,33.69
2016-02-05,Madurai,9.9252,78.1198,Irrigated,24.26,31.99,17.62,69.29,1.94,0.0,20.63,33.79
2016-02-06,Madurai,9.9252,78.1198,Irrigated,24.59,30.91,18.93,73.19,1.69,0.0,19.3,33.88
2016-02-07,Madurai,9.9252,78.1198,Irrigated,26.1,32.75,20.48,72.16,1.68,0.33,21.26,33.97
2016-02-08,Madurai,9.9252,78.1198,Irrigated,26.56,34.12,21.37,71.94,2.03,0.14,20.63,34.06
2016-02-09,Madurai,9.9252,78.1198,Irrigated,26.13,33.58,20.22,69.22,1.76,0.02,20.88,34.16
2016-02-10,Madurai,9.9252,78.1198,Irrigated,26.1,34.19,19.96,67.19,1.77,0.16,21.23,34.25
2016-02-11,Madurai,9.9252,78.1198,Irrigated,26.14,34.44,20.06,65.39,1.77,0.25,21.92,34.35
2016-02-12,Madurai,9.9252,78.1198,Irrigated,26.1,34.32,19.82,63.12,1.85,0.0,21.9,34.44
2016-02-13,Madurai,9.9252,78.1198,Irrigated,26.4,34.52,19.62,63.36,1.73,0.0,22.99,34.54
2016-02-14,Madurai,9.9252,78.1198,Irrigated,25.89,33.54,20.04,66.74,1.97,0.0,22.0,34.63
2016-02-15,Madurai,9.9252,78.1198,Irrigated,26.37,34.48,19.27,67.38,2.2,0.0,21.71,34.73
2016-02-16,Madurai,9.9252,78.1198,Irrigated,26.92,34.4,21.28,66.35,2.44,0.0,21.16,34.82
2016-02-17,Madurai,9.9252,78.1198,Irrigated,26.63,32.86,21.32,68.14,2.68,0.0,18.73,34.91
2016-02-18,Madurai,9.9252,78.1198,Irrigated,27.26,33.72,22.59,67.8,3.1,0.0,18.85,35.0
2016-02-19,Madurai,9.9252,78.1198,Irrigated,27.46,34.69,21.62,67.24,2.53,0.0,19.28,35.08
2016-02-20,Madurai,9.9252,78.1198,Irrigated,28.26,36.42,21.63,66.72,2.18,0.11,20.12,35.17
2016-02-21,Madurai,9.9252,78.1198,Irrigated,28.62,36.97,22.92,65.28,1.82,0.53,22.94,35.27
2016-02-22,Madurai,9.9252,78.1198,Irrigated,28.45,37.19,22.34,61.34,1.8,0.17,24.53,35.36
2016-02-23,Madurai,9.9252,78.1198,Irrigated,27.38,36.39,21.19,59.98,1.54,0.0,25.47,35.45
2016-02-24,Madurai,9.9252,78.1198,Irrigated,27.61,37.04,20.31,56.26,1.51,0.0,24.56,35.53
2016-02-25,Madurai,9.9252,78.1198,Irrigated,28.56,37.37,21.31,60.83,1.87,0.0,21.04,35.62
2016-02-26,Madurai,9.9252,78.1198,Irrigated,28.51,36.32,23.19,65.21,2.64,0.04,21.17,35.7
2016-02-27,Madurai,9.9252,78.1198,Irrigated,27.73,35.11,21.03,65.97,2.99,0.01,19.7,35.78
2016-02-28,Madurai,9.9252,78.1198,Irrigated,28.5,34.91,23.37,66.37,2.65,0.48,20.71,35.86
2016-02-29,Madurai,9.9252,78.1198,Irrigated,26.77,31.58,22.94,67.98,2.39,0.14,20.26,35.94
2016-03-01,Madurai,9.9252,78.1198,Irrigated,27.83,34.14,22.07,66.35,2.49,0.1,22.35,36.02
2016-03-02,Madurai,9.9252,78.1198,Irrigated,28.32,35.83,22.19,63.55,2.49,0.0,19.6,36.1
2016-03-03,Madurai,9.9252,78.1198,Irrigated,26.57,32.29,22.56,64.97,2.0,0.0,24.0,36.18
2016-03-04,Madurai,9.9252,78.1198,Irrigated,26.72,34.03,20.42,64.49,2.05,0.0,20.54,36.25
2016-03-05,Madurai,9.9252,78.1198,Irrigated,28.47,37.11,21.45,60.79,2.11,0.0,23.16,36.32
2016-03-06,Madurai,9.9252,78.1198,Irrigated,28.85,36.99,22.98,57.79,2.04,0.0,23.43,36.39
2016-03-07,Madurai,9.9252,78.1198,Irrigated,29.1,37.37,23.4,58.03,2.05,0.0,23.25,36.46
2016-03-08,Madurai,9.9252,78.1198,Irrigated,28.36,36.13,22.01,59.36,2.01,0.0,23.83,36.53
2016-03-09,Madurai,9.9252,78.1198,Irrigated,29.39,37.44,23.14,57.92,1.69,0.0,20.8,36.6
2016-03-10,Madurai,9.9252,78.1198,Irrigated,29.36,35.99,24.58,60.68,1.61,0.0,21.14,36.67
2016-03-11,Madurai,9.9252,78.1198,Irrigated,30.63,38.78,24.49,56.96,1.76,0.09,22.27,36.73
2016-03-12,Madurai,9.9252,78.1198,Irrigated,30.64,39.1,24.24,55.27,2.1,0.12,22.89,36.79
2016-03-13,Madurai,9.9252,78.1198,Irrigated,30.22,36.4,24.58,55.0,1.39,0.4,23.61,36.85
2016-03-14,Madurai,9.9252,78.1198,Irrigated,30.74,39.52,23.72,57.08,2.26,0.0,20.97,36.91
2016-03-15,Madurai,9.9252,78.1198,Irrigated,31.29,40.19,23.66,53.04,2.05,0.06,22.48,36.96
2016-03-16,Madurai,9.9252,78.1198,Irrigated,30.98,39.2,24.56,56.81,2.25,0.88,23.51,37.02
2016-03-17,Madurai,9.9252,78.1198,Irrigated,31.36,39.94,24.61,53.62,2.07,0.14,22.34,37.07
2016-03-18,Madurai,9.9252,78.1198,Irrigated,31.06,39.53,24.2,50.3,2.19,0.0,25.0,37.12
2016-03-19,Madurai,9.9252,78.1198,Irrigated,31.33,40.6,24.13,42.62,1.97,0.0,26.36,37.17
2016-03-20,Madurai,9.9252,78.1198,Irrigated,31.31,40.32,24.57,42.72,2.09,0.0,25.81,37.22
2016-03-21,Madurai,9.9252,78.1198,Irrigated,31.6,40.67,24.11,43.16,2.27,0.0,23.84,37.26
2016-03-22,Madurai,9.9252,78.1198,Irrigated,32.52,40.88,24.97,43.86,2.16,0.56,24.77,37.3
2016-03-23,Madurai,9.9252,78.1198,Irrigated,32.54,41.06,25.94,50.13,2.67,0.13,24.85,37.35
2016-03-24,Madurai,9.9252,78.1198,Irrigated,31.28,39.58,25.16,52.03,2.23,0.02,24.97,37.39
2016-03-25,Madurai,9.9252,78.1198,Irrigated,30.16,38.94,23.35,49.97,2.12,0.07,26.26,37.42
2016-03-26,Madurai,9.9252,78.1198,Irrigated,30.03,38.92,22.86,48.79,2.13,0.0,26.81,37.46
2016-03-27,Madurai,9.9252,78.1198,Irrigated,30.57,39.26,23.37,50.85,1.95,0.02,24.83,37.49
2016-03-28,Madurai,9.9252,78.1198,Irrigated,31.14,39.51,24.65,55.83,2.52,3.02,21.48,37.52
2016-03-29,Madurai,9.9252,78.1198,Irrigated,30.42,37.26,25.74,63.46,2.38,1.32,20.7,37.55
2016-03-30,Madurai,9.9252,78.1198,Irrigated,30.65,38.53,24.88,61.04,2.23,2.02,24.98,37.58
2016-03-31,Madurai,9.9252,78.1198,Irrigated,30.76,38.53,24.87,57.27,1.9,0.03,24.11,37.6
2016-04-01,Madurai,9.9252,78.1198,Irrigated,31.1,39.52,24.36,54.42,1.86,0.07,25.86,37.63
2016-04-02,Madurai,9.9252,78.1198,Irrigated,31.53,39.78,24.89,52.47,2.01,0.0,25.83,37.65
2016-04-03,Madurai,9.9252,78.1198,Irrigated,32.1,40.93,24.67,49.28,2.06,0.01,25.33,37.67
2016-04-04,Madurai,9.9252,78.1198,Irrigated,31.86,40.3,25.1,49.51,2.1,0.01,25.54,37.69
2016-04-05,Madurai,9.9252,78.1198,Irrigated,32.21,40.76,24.88,49.03,2.29,0.0,24.69,37.71
2016-04-06,Madurai,9.9252,78.1198,Irrigated,32.6,40.34,26.06,51.75,2.12,0.01,24.59,37.73
2016-04-07,Madurai,9.9252,78.1198,Irrigated,32.22,39.34,26.76,53.9,2.41,0.47,23.64,37.74
2016-04-08,Madurai,9.9252,78.1198,Irrigated,31.87,39.79,25.95,57.71,2.4,0.78,23.42,37.75
2016-04-09,Madurai,9.9252,78.1198,Irrigated,30.44,36.12,26.26,67.31,1.29,17.42,19.2,37.76
2016-04-10,Madurai,9.9252,78.1198,Irrigated,29.48,35.4,25.49,71.07,1.25,6.25,22.22,37.76
2016-04-11,Madurai,9.9252,78.1198,Irrigated,30.97,38.72,24.71,61.55,1.65,0.19,24.61,37.76
2016-04-12,Madurai,9.9252,78.1198,Irrigated,31.71,38.59,25.53,58.41,1.87,0.0,25.47,37.76
2016-04-13,Madurai,9.9252,78.1198,Irrigated,32.91,40.72,25.91,54.31,1.48,0.0,25.82,37.76
2016-04-14,Madurai,9.9252,78.1198,Irrigated,32.24,38.34,27.91,59.0,2.03,0.63,22.96,37.77
2016-04-15,Madurai,9.9252,78.1198,Irrigated,32.03,39.52,26.18,59.96,2.22,0.24,22.9,37.77
2016-04-16,Madurai,9.9252,78.1198,Irrigated,32.18,38.91,26.54,57.65,2.12,0.04,23.72,37.78
2016-04-17,Madurai,9.9252,78.1198,Irrigated,31.04,36.27,26.83,60.32,1.42,0.0,23.2,37.78
2016-04-18,Madurai,9.9252,78.1198,Irrigated,31.68,39.03,26.5,59.88,2.23,0.02,22.34,37.78
2016-04-19,Madurai,9.9252,78.1198,Irrigated,31.42,38.44,26.34,62.59,2.44,0.56,21.82,37.78
2016-04-20,Madurai,9.9252,78.1198,Irrigated,31.55,38.72,26.11,60.33,2.09,1.06,23.0,37.77
2016-04-21,Madurai,9.9252,78.1198,Irrigated,32.19,39.01,25.94,54.66,1.4,0.15,21.28,37.76
2016-04-22,Madurai,9.9252,78.1198,Irrigated,33.55,41.25,26.5,49.74,1.64,0.08,24.05,37.75
2016-04-23,Madurai,9.9252,78.1198,Irrigated,35.19,43.34,27.22,41.96,1.73,0.24,25.6,37.74
2016-04-24,Madurai,9.9252,78.1198,Irrigated,34.85,42.03,28.54,45.62,2.36,0.14,24.73,37.73
2016-04-25,Madurai,9.9252,78.1198,Irrigated,34.1,41.26,28.83,48.12,2.63,0.03,24.15,37.72
2016-04-26,Madurai,9.9252,78.1198,Irrigated,32.35,39.25,27.37,54.57,2.52,0.13,24.68,37.71
2016-04-27,Madurai,9.9252,78.1198,Irrigated,31.17,35.96,26.87,57.71,1.91,0.19,23.62,37.69
2016-04-28,Madurai,9.9252,78.1198,Irrigated,32.42,40.23,26.0,54.21,2.57,0.13,25.53,37.67
2016-04-29,Madurai,9.9252,78.1198,Irrigated,32.14,39.61,26.23,53.51,2.34,0.05,24.98,37.66
2016-04-30,Madurai,9.9252,78.1198,Irrigated,32.61,40.98,25.86,50.5,2.79,0.03,24.13,37.64
2016-05-01,Madurai,9.9252,78.1198,Irrigated,32.78,41.19,25.9,50.2,2.71,0.02,24.97,37.62
2016-05-02,Madurai,9.9252,78.1198,Irrigated,33.81,42.31,26.87,48.03,2.5,0.01,26.14,37.6
2016-05-03,Madurai,9.9252,78.1198,Irrigated,33.16,40.07,28.06,50.26,2.33,0.0,25.31,37.58
2016-05-04,Madurai,9.9252,78.1198,Irrigated,33.18,40.8,26.71,52.26,2.52,0.06,24.77,37.56
2016-05-05,Madurai,9.9252,78.1198,Irrigated,32.75,39.86,27.01,52.29,2.42,0.42,22.26,37.54
2016-05-06,Madurai,9.9252,78.1198,Irrigated,32.92,39.64,27.04,51.54,1.81,4.59,22.13,37.52
2016-05-07,Madurai,9.9252,78.1198,Irrigated,31.27,36.59,27.44,60.47,1.57,5.13,22.5,37.49
2016-05-08,Madurai,9.9252,78.1198,Irrigated,31.61,37.95,26.16,60.54,1.69,3.05,24.24,37.47
2016-05-09,Madurai,9.9252,78.1198,Irrigated,30.63,36.08,26.99,62.96,2.08,0.64,22.03,37.44
2016-05-10,Madurai,9.9252,78.1198,Irrigated,30.9,37.66,25.72,58.26,2.11,1.23,18.66,37.42
2016-05-11,Madurai,9.9252,78.1198,Irrigated,28.75,33.24,25.46,68.79,1.32,11.15,17.3,37.39
2016-05-12,Madurai,9.9252,78.1198,Irrigated,30.07,36.98,24.79,61.73,1.72,0.22,16.55,37.37
2016-05-13,Madurai,9.9252,78.1198,Irrigated,31.25,38.72,24.99,57.89,1.73,0.31,22.71,37.35
2016-05-14,Madurai,9.9252,78.1198,Irrigated,29.84,35.28,26.06,67.66,1.75,5.37,18.09,37.33
2016-05-15,Madurai,9.9252,78.1198,Irrigated,27.91,32.39,24.63,74.28,1.7,13.99,6.2,37.3
2016-05-16,Madurai,9.9252,78.1198,Irrigated,26.56,31.3,23.53,70.94,3.2,23.14,5.52,37.27
2016-05-17,Madurai,9.9252,78.1198,Irrigated,26.54,30.02,24.48,69.88,3.29,7.99,9.53,37.24
2016-05-18,Madurai,9.9252,78.1198,Irrigated,29.39,36.2,24.15,67.42,2.85,1.03,16.43,37.21
2016-05-19,Madurai,9.9252,78.1198,Irrigated,29.7,36.62,24.73,67.83,2.69,4.22,22.03,37.18
2016-05-20,Madurai,9.9252,78.1198,Irrigated,29.16,35.22,25.44,69.47,2.67,0.72,17.84,37.16
2016-05-21,Madurai,9.9252,78.1198,Irrigated,31.4,39.13,24.85,59.08,1.96,0.0,23.64,37.13
2016-05-22,Madurai,9.9252,78.1198,Irrigated,31.58,38.42,26.54,60.13,1.88,0.02,24.29,37.11
2016-05-23,Madurai,9.9252,78.1198,Irrigated,32.5,39.61,26.5,56.65,2.0,0.01,24.62,37.09
2016-05-24,Madurai,9.9252,78.1198,Irrigated,31.06,37.26,26.75,61.29,2.26,0.04,23.85,37.07
2016-05-25,Madurai,9.9252,78.1198,Irrigated,30.59,36.08,26.88,65.87,2.26,1.9,23.89,37.05
2016-05-26,Madurai,9.9252,78.1198,Irrigated,30.21,35.72,25.67,63.53,2.52,0.35,24.59,37.02
2016-05-27,Madurai,9.9252,78.1198,Irrigated,29.51,36.35,25.76,68.34,1.45,2.03,22.29,37.0
2016-05-28,Madurai,9.9252,78.1198,Irrigated,29.17,35.14,24.95,69.13,2.57,3.63,22.84,36.98
2016-05-29,Madurai,9.9252,78.1198,Irrigated,28.25,32.36,25.12,69.83,2.68,0.53,23.39,36.95
2016-05-30,Madurai,9.9252,78.1198,Irrigated,28.97,34.55,24.3,66.74,1.89,5.64,23.58,36.93
2016-05-31,Madurai,9.9252,78.1198,Irrigated,29.29,36.59,23.99,66.75,2.14,3.62,23.33,36.91
2016-06-01,Madurai,9.9252,78.1198,Irrigated,29.57,35.19,25.13,66.12,1.6,0.6,23.02,36.89
2016-06-02,Madurai,9.9252,78.1198,Irrigated,28.74,33.5,24.85,69.34,1.61,3.17,22.07,36.87
2016-06-03,Madurai,9.9252,78.1198,Irrigated,28.73,33.84,24.47,69.5,2.15,0.71,18.33,36.85
2016-06-04,Madurai,9.9252,78.1198,Irrigated,29.91,35.79,24.69,63.56,1.32,1.03,22.86,36.83
2016-06-05,Madurai,9.9252,78.1198,Irrigated,30.05,36.73,24.99,64.3,2.12,1.04,22.17,36.81
2016-06-06,Madurai,9.9252,78.1198,Irrigated,29.25,35.55,24.63,66.45,2.92,0.41,22.82,36.79
2016-06-07,Madurai,9.9252,78.1198,Irrigated,28.13,31.65,25.57,79.67,2.73,4.69,20.0,36.77
2016-06-08,Madurai,9.9252,78.1198,Irrigated,28.09,33.3,24.46,75.54,2.4,3.03,16.81,36.76
2016-06-09,Madurai,9.9252,78.1198,Irrigated,27.37,32.04,23.02,77.12,2.93,1.3,19.67,36.74
2016-06-10,Madurai,9.9252,78.1198,Irrigated,28.25,33.83,24.23,67.28,3.07,0.6,21.77,36.73
2016-06-11,Madurai,9.9252,78.1198,Irrigated,28.35,34.92,23.1,68.1,2.67,2.09,21.66,36.71
2016-06-12,Madurai,9.9252,78.1198,Irrigated,28.85,35.17,23.67,62.65,3.14,0.19,20.87,36.7
2016-06-13,Madurai,9.9252,78.1198,Irrigated,29.19,36.16,24.63,60.42,3.01,0.09,23.67,36.68
2016-06-14,Madurai,9.9252,78.1198,Irrigated,29.89,37.85,23.35,57.61,3.02,0.02,23.43,36.67
2016-06-15,Madurai,9.9252,78.1198,Irrigated,29.79,37.69,23.73,56.82,3.82,0.03,25.06,36.66
2016-06-16,Madurai,9.9252,78.1198,Irrigated,29.75,37.45,23.61,59.64,3.46,0.13,21.61,36.65
2016-06-17,Madurai,9.9252,78.1198,Irrigated,28.86,33.97,25.19,63.49,2.47,0.56,21.6,36.65
2016-06-18,Madurai,9.9252,78.1198,Irrigated,27.77,31.85,23.99,63.7,2.7,2.32,14.91,36.64
2016-06-19,Madurai,9.9252,78.1198,Irrigated,28.66,35.86,23.25,62.52,2.01,2.12,19.41,36.63
2016-06-20,Madurai,9.9252,78.1198,Irrigated,28.58,34.27,24.76,64.81,1.41,0.29,18.6,36.63
2016-06-21,Madurai,9.9252,78.1198,Irrigated,28.21,33.0,24.4,66.45,1.51,0.27,18.34,36.63
2016-06-22,Madurai,9.9252,78.1198,Irrigated,28.11,34.0,23.36,59.94,2.84,0.41,16.93,36.62
2016-06-23,Madurai,9.9252,78.1198,Irrigated,26.6,31.09,23.23,62.67,4.0,1.82,14.29,36.62
2016-06-24,Madurai,9.9252,78.1198,Irrigated,27.5,33.16,23.01,59.64,3.18,0.05,11.77,36.61
2016-06-25,Madurai,9.9252,78.1198,Irrigated,28.95,36.39,22.83,56.61,3.46,0.03,19.5,36.61
2016-06-26,Madurai,9.9252,78.1198,Irrigated,29.45,37.08,24.01,59.41,2.71,0.43,17.62,36.61
2016-06-27,Madurai,9.9252,78.1198,Irrigated,29.59,36.88,23.94,60.36,3.4,1.12,20.48,36.61
2016-06-28,Madurai,9.9252,78.1198,Irrigated,28.61,34.28,24.18,60.87,3.66,0.66,13.22,36.61
2016-06-29,Madurai,9.9252,78.1198,Irrigated,28.28,33.62,24.21,63.91,3.59,2.2,16.05,36.62
2016-06-30,Madurai,9.9252,78.1198,Irrigated,29.07,34.77,25.04,57.05,4.38,0.07,17.73,36.62
2016-07-01,Madurai,9.9252,78.1198,Irrigated,29.62,35.16,25.41,53.24,4.61,0.07,23.86,36.63
2016-07-02,Madurai,9.9252,78.1198,Irrigated,29.92,35.53,26.22,50.13,4.4,0.05,23.78,36.63
2016-07-03,Madurai,9.9252,78.1198,Irrigated,30.21,37.46,24.88,50.56,4.28,0.23,24.06,36.64
2016-07-04,Madurai,9.9252,78.1198,Irrigated,29.74,35.86,25.32,53.85,3.27,0.54,20.57,36.64
2016-07-05,Madurai,9.9252,78.1198,Irrigated,31.09,38.54,24.99,53.27,2.62,0.15,22.84,36.65
2016-07-06,Madurai,9.9252,78.1198,Irrigated,30.26,36.61,25.99,60.55,2.72,1.78,21.31,36.66
2016-07-07,Madurai,9.9252,78.1198,Irrigated,30.03,36.49,25.7,54.04,3.12,0.3,21.0,36.67
2016-07-08,Madurai,9.9252,78.1198,Irrigated,29.08,34.7,25.32,49.38,4.9,0.9,20.66,36.68
2016-07-09,Madurai,9.9252,78.1198,Irrigated,29.01,35.13,23.57,56.55,4.37,1.08,20.38,36.7
2016-07-10,Madurai,9.9252,78.1198,Irrigated,29.45,34.08,25.96,59.4,4.45,0.27,21.92,36.71
2016-07-11,Madurai,9.9252,78.1198,Irrigated,29.98,36.45,25.3,56.85,4.13,0.57,20.38,36.72
2016-07-12,Madurai,9.9252,78.1198,Irrigated,29.76,35.36,25.71,56.38,3.87,0.39,18.9,36.73
2016-07-13,Madurai,9.9252,78.1198,Irrigated,30.54,38.11,24.75,51.16,3.21,0.11,22.71,36.75
2016-07-14,Madurai,9.9252,78.1198,Irrigated,30.81,37.32,25.48,53.04,2.05,2.57,21.78,36.76
2016-07-15,Madurai,9.9252,78.1198,Irrigated,29.65,35.33,25.38,60.55,1.72,3.66,20.56,36.76
2016-07-16,Madurai,9.9252,78.1198,Irrigated,28.34,32.93,25.08,69.08,1.35,14.96,20.93,36.77
2016-07-17,Madurai,9.9252,78.1198,Irrigated,26.56,30.08,24.02,77.15,1.23,6.8,15.55,36.79
2016-07-18,Madurai,9.9252,78.1198,Irrigated,26.61,31.01,23.4,75.48,1.39,4.26,21.05,36.8
2016-07-19,Madurai,9.9252,78.1198,Irrigated,28.12,34.97,22.28,64.92,2.04,0.3,20.45,36.82
2016-07-20,Madurai,9.9252,78.1198,Irrigated,28.66,34.48,23.68,59.9,2.15,0.24,19.09,36.83
2016-07-21,Madurai,9.9252,78.1198,Irrigated,28.68,35.15,23.46,58.82,2.92,0.22,16.1,36.85
2016-07-22,Madurai,9.9252,78.1198,Irrigated,28.39,34.83,23.81,58.73,3.28,0.18,18.96,36.88
2016-07-23,Madurai,9.9252,78.1198,Irrigated,27.83,33.84,23.73,61.53,2.84,0.43,16.05,36.9
2016-07-24,Madurai,9.9252,78.1198,Irrigated,27.79,32.83,23.89,70.15,1.6,5.89,20.18,36.91
2016-07-25,Madurai,9.9252,78.1198,Irrigated,27.51,32.72,23.62,72.93,0.94,36.86,19.92,36.93
2016-07-26,Madurai,9.9252,78.1198,Irrigated,25.37,27.82,23.34,81.46,1.03,29.82,20.47,36.95
2016-07-27,Madurai,9.9252,78.1198,Irrigated,25.98,29.43,23.31,81.99,1.08,11.4,21.16,36.96
2016-07-28,Madurai,9.9252,78.1198,Irrigated,26.99,30.93,23.02,77.71,1.07,5.43,21.62,36.98
2016-07-29,Madurai,9.9252,78.1198,Irrigated,27.69,32.69,23.27,71.47,1.93,1.03,18.23,37.0
2016-07-30,Madurai,9.9252,78.1198,Irrigated,27.27,32.68,23.12,71.05,1.87,1.32,20.8,37.01
2016-07-31,Madurai,9.9252,78.1198,Irrigated,28.04,36.03,21.68,67.44,2.54,0.21,22.53,37.03
2016-08-01,Madurai,9.9252,78.1198,Irrigated,27.42,33.56,22.25,69.0,2.78,0.15,23.77,37.05
2016-08-02,Madurai,9.9252,78.1198,Irrigated,27.11,34.22,22.29,66.92,3.01,0.02,24.52,37.06
2016-08-03,Madurai,9.9252,78.1198,Irrigated,27.48,34.78,22.01,67.02,3.28,0.06,22.21,37.08
2016-08-04,Madurai,9.9252,78.1198,Irrigated,28.01,35.14,22.76,66.5,3.17,0.14,21.61,37.1
2016-08-05,Madurai,9.9252,78.1198,Irrigated,27.49,32.82,23.36,65.42,3.18,0.2,19.02,37.11
2016-08-06,Madurai,9.9252,78.1198,Irrigated,28.22,35.36,22.98,62.97,2.86,0.11,25.52,37.13
2016-08-07,Madurai,9.9252,78.1198,Irrigated,28.65,36.31,22.66,64.04,2.26,0.07,23.91,37.14
2016-08-08,Madurai,9.9252,78.1198,Irrigated,29.12,36.22,23.1,63.17,1.89,0.13,24.68,37.16
2016-08-09,Madurai,9.9252,78.1198,Irrigated,29.31,35.84,24.34,62.31,2.31,1.14,22.73,37.17
2016-08-10,Madurai,9.9252,78.1198,Irrigated,29.29,36.1,23.5,62.47,1.97,0.15,24.52,37.19
2016-08-11,Madurai,9.9252,78.1198,Irrigated,28.85,34.74,23.28,62.9,1.68,0.08,24.81,37.2
2016-08-12,Madurai,9.9252,78.1198,Irrigated,29.16,35.38,23.73,62.96,2.34,0.16,22.59,37.21
2016-08-13,Madurai,9.9252,78.1198,Irrigated,29.85,36.84,23.96,62.39,2.0,0.56,23.32,37.22
2016-08-14,Madurai,9.9252,78.1198,Irrigated,29.6,37.09,23.95,60.33,2.7,0.22,22.37,37.23
2016-08-15,Madurai,9.9252,78.1198,Irrigated,28.87,35.59,23.62,61.26,3.36,0.35,22.78,37.24
2016-08-16,Madurai,9.9252,78.1198,Irrigated,28.98,36.65,23.34,60.12,3.99,0.16,23.66,37.25
2016-08-17,Madurai,9.9252,78.1198,Irrigated,29.08,36.61,23.43,59.78,3.36,0.17,21.79,37.26
2016-08-18,Madurai,9.9252,78.1198,Irrigated,29.82,37.56,23.89,59.43,3.07,0.08,23.44,37.27
2016-08-19,Madurai,9.9252,78.1198,Irrigated,29.96,37.43,23.77,57.68,2.54,0.19,23.46,37.27
2016-08-20,Madurai,9.9252,78.1198,Irrigated,29.96,36.81,23.83,61.41,1.55,0.39,23.11,37.27
2016-08-21,Madurai,9.9252,78.1198,Irrigated,30.43,37.14,24.95,60.76,2.02,3.23,19.62,37.28
2016-08-22,Madurai,9.9252,78.1198,Irrigated,29.38,35.12,24.79,64.3,2.0,0.69,21.92,37.28
2016-08-23,Madurai,9.9252,78.1198,Irrigated,28.17,33.05,24.49,68.63,2.0,4.36,19.42,37.28
2016-08-24,Madurai,9.9252,78.1198,Irrigated,28.58,34.28,23.62,66.75,1.85,0.45,23.13,37.28
2016-08-25,Madurai,9.9252,78.1198,Irrigated,27.77,32.1,24.57,68.95,1.65,0.37,21.34,37.28
2016-08-26,Madurai,9.9252,78.1198,Irrigated,27.98,33.89,23.48,71.07,1.49,14.4,20.05,37.28
2016-08-27,Madurai,9.9252,78.1198,Irrigated,27.69,33.85,23.7,69.83,2.3,9.94,16.18,37.27
2016-08-28,Madurai,9.9252,78.1198,Irrigated,28.53,35.9,22.99,64.66,2.22,3.03,23.28,37.27
2016-08-29,Madurai,9.9252,78.1198,Irrigated,28.81,36.82,23.05,59.33,2.75,0.86,22.62,37.26
2016-08-30,Madurai,9.9252,78.1198,Irrigated,27.08,32.82,23.46,69.01,2.31,10.64,16.42,37.26
2016-08-31,Madurai,9.9252,78.1198,Irrigated,26.86,33.81,21.95,66.94,2.23,7.35,20.26,37.25
2016-09-01,Madurai,9.9252,78.1198,Irrigated,26.63,32.31,22.25,65.16,2.32,7.74,21.36,37.24
2016-09-02,Madurai,9.9252,78.1198,Irrigated,26.75,32.63,22.39,67.83,2.05,0.77,18.95,37.22
2016-09-03,Madurai,9.9252,78.1198,Irrigated,27.98,34.61,22.2,64.29,1.67,0.46,23.08,37.2
2016-09-04,Madurai,9.9252,78.1198,Irrigated,28.41,34.81,23.27,65.35,1.86,0.26,17.98,37.19
2016-09-05,Madurai,9.9252,78.1198,Irrigated,28.04,35.34,22.48,62.99,2.01,0.0,23.0,37.17
2016-09-06,Madurai,9.9252,78.1198,Irrigated,27.23,34.03,21.71,64.27,2.5,0.01,22.84,37.16
2016-09-07,Madurai,9.9252,78.1198,Irrigated,28.18,36.97,20.99,57.83,2.45,0.0,24.01,37.14
2016-09-08,Madurai,9.9252,78.1198,Irrigated,28.33,35.98,22.18,59.47,2.13,0.0,25.14,37.12
2016-09-09,Madurai,9.9252,78.1198,Irrigated,29.36,36.06,23.48,61.44,1.36,0.3,24.05,37.1
2016-09-10,Madurai,9.9252,78.1198,Irrigated,29.18,35.35,24.7,65.23,1.55,2.0,21.21,37.08
2016-09-11,Madurai,9.9252,78.1198,Irrigated,28.6,34.78,23.42,61.04,1.89,0.06,19.98,37.06
2016-09-12,Madurai,9.9252,78.1198,Irrigated,28.72,34.94,23.4,59.08,2.07,0.04,24.41,37.03
2016-09-13,Madurai,9.9252,78.1198,Irrigated,29.0,36.7,23.49,61.32,2.2,0.1,21.31,37.0
2016-09-14,Madurai,9.9252,78.1198,Irrigated,29.11,35.25,23.85,62.14,2.04,0.1,21.11,36.97
2016-09-15,Madurai,9.9252,78.1198,Irrigated,29.32,37.03,23.79,61.62,1.73,0.17,21.47,36.94
2016-09-16,Madurai,9.9252,78.1198,Irrigated,29.62,37.76,23.42,60.35,2.18,0.11,22.98,36.91
2016-09-17,Madurai,9.9252,78.1198,Irrigated,29.11,36.6,22.94,60.34,2.12,0.03,22.76,36.87
2016-09-18,Madurai,9.9252,78.1198,Irrigated,28.32,35.19,22.81,61.24,2.42,0.11,22.04,36.83
2016-09-19,Madurai,9.9252,78.1198,Irrigated,29.7,37.93,23.15,57.77,1.94,0.19,23.99,36.79
2016-09-20,Madurai,9.9252,78.1198,Irrigated,29.11,36.0,23.9,58.6,2.68,1.7,22.97,36.75
2016-09-21,Madurai,9.9252,78.1198,Irrigated,29.08,36.08,23.37,60.04,2.47,0.33,19.41,36.71
2016-09-22,Madurai,9.9252,78.1198,Irrigated,28.15,34.2,23.69,60.1,2.85,0.01,23.84,36.67
2016-09-23,Madurai,9.9252,78.1198,Irrigated,28.89,36.14,22.01,56.46,2.62,0.05,24.2,36.62
2016-09-24,Madurai,9.9252,78.1198,Irrigated,29.16,37.97,23.25,55.68,3.21,0.1,24.5,36.58
2016-09-25,Madurai,9.9252,78.1198,Irrigated,29.72,38.57,22.13,55.6,2.49,0.1,23.17,36.53
2016-09-26,Madurai,9.9252,78.1198,Irrigated,30.69,38.77,23.4,53.03,2.19,0.5,22.63,36.47
2016-09-27,Madurai,9.9252,78.1198,Irrigated,29.78,37.12,24.34,58.3,1.51,1.2,21.7,36.42
2016-09-28,Madurai,9.9252,78.1198,Irrigated,28.89,34.0,25.46,68.26,1.2,7.81,16.97,36.37
2016-09-29,Madurai,9.9252,78.1198,Irrigated,28.51,33.65,24.11,71.1,1.08,2.78,18.25,36.32
2016-09-30,Madurai,9.9252,78.1198,Irrigated,28.69,35.26,23.92,63.83,1.98,0.23,15.64,36.26
2016-10-01,Madurai,9.9252,78.1198,Irrigated,29.78,37.68,23.01,57.09,1.0,0.0,23.18,36.2
2016-10-02,Madurai,9.9252,78.1198,Irrigated,30.12,38.2,23.05,55.06,1.19,0.0,23.64,36.14
2016-10-03,Madurai,9.9252,78.1198,Irrigated,30.45,37.82,23.67,55.53,1.15,0.0,24.47,36.08
2016-10-04,Madurai,9.9252,78.1198,Irrigated,30.89,37.22,25.42,53.92,1.15,0.18,23.84,36.02
2016-10-05,Madurai,9.9252,78.1198,Irrigated,29.38,34.48,24.8,59.69,1.73,9.09,22.81,35.95
2016-10-06,Madurai,9.9252,78.1198,Irrigated,29.06,35.61,22.94,64.04,1.36,1.98,22.67,35.88
2016-10-07,Madurai,9.9252,78.1198,Irrigated,29.09,35.08,23.77,59.32,1.02,0.03,23.14,35.82
2016-10-08,Madurai,9.9252,78.1198,Irrigated,29.56,36.36,23.89,55.22,1.03,0.0,24.35,35.75
2016-10-09,Madurai,9.9252,78.1198,Irrigated,29.71,37.51,23.31,55.29,2.02,0.0,24.06,35.68
2016-10-10,Madurai,9.9252,78.1198,Irrigated,30.2,38.87,22.51,52.7,1.55,0.0,24.49,35.61
2016-10-11,Madurai,9.9252,78.1198,Irrigated,30.56,38.79,23.02,49.67,1.07,0.02,24.07,35.54
2016-10-12,Madurai,9.9252,78.1198,Irrigated,30.21,37.64,24.39,54.57,1.51,0.91,21.96,35.47
2016-10-13,Madurai,9.9252,78.1198,Irrigated,28.24,33.15,25.26,69.33,1.02,11.02,17.64,35.4
2016-10-14,Madurai,9.9252,78.1198,Irrigated,27.9,32.83,24.2,70.54,1.05,1.41,18.87,35.32
2016-10-15,Madurai,9.9252,78.1198,Irrigated,27.86,33.06,24.15,69.26,1.58,0.72,12.6,35.24
2016-10-16,Madurai,9.9252,78.1198,Irrigated,28.27,34.33,23.62,66.04,1.56,0.53,18.7,35.16
2016-10-17,Madurai,9.9252,78.1198,Irrigated,28.08,34.48,23.96,68.59,1.39,0.1,18.15,35.09
2016-10-18,Madurai,9.9252,78.1198,Irrigated,28.38,34.04,24.44,66.72,1.1,0.16,17.53,35.01
2016-10-19,Madurai,9.9252,78.1198,Irrigated,28.83,34.02,24.32,63.2,0.98,0.27,16.88,34.93
2016-10-20,Madurai,9.9252,78.1198,Irrigated,27.88,33.89,24.31,69.72,1.34,2.05,9.78,34.85
2016-10-21,Madurai,9.9252,78.1198,Irrigated,25.65,28.25,23.39,80.61,1.41,7.2,9.44,34.76
2016-10-22,Madurai,9.9252,78.1198,Irrigated,26.73,32.91,22.09,71.96,0.67,2.94,18.21,34.68
2016-10-23,Madurai,9.9252,78.1198,Irrigated,27.91,34.32,22.91,69.76,1.05,3.85,18.34,34.6
2016-10-24,Madurai,9.9252,78.1198,Irrigated,28.3,34.57,22.6,65.1,1.19,0.35,19.8,34.51
2016-10-25,Madurai,9.9252,78.1198,Irrigated,27.89,33.45,23.52,65.55,1.27,0.36,16.96,34.43
2016-10-26,Madurai,9.9252,78.1198,Irrigated,27.97,34.3,23.27,65.6,1.44,0.23,17.8,34.34
2016-10-27,Madurai,9.9252,78.1198,Irrigated,27.67,33.83,23.1,66.24,1.25,0.05,17.52,34.26
2016-10-28,Madurai,9.9252,78.1198,Irrigated,28.98,35.81,22.71,59.81,1.16,0.0,19.47,34.17
2016-10-29,Madurai,9.9252,78.1198,Irrigated,30.26,37.85,23.71,57.91,1.1,0.72,18.55,34.09
2016-10-30,Madurai,9.9252,78.1198,Irrigated,28.09,32.74,24.32,71.24,1.48,6.61,10.62,34.0
2016-10-31,Madurai,9.9252,78.1198,Irrigated,25.76,28.07,24.27,87.95,0.74,20.53,14.89,33.92
2016-11-01,Madurai,9.9252,78.1198,Irrigated,26.68,31.97,23.12,72.46,1.64,1.08,16.8,33.83
2016-11-02,Madurai,9.9252,78.1198,Irrigated,26.68,32.87,22.79,75.81,1.94,7.76,10.98,33.75
2016-11-03,Madurai,9.9252,78.1198,Irrigated,26.06,30.59,22.86,77.97,1.34,3.48,10.66,33.66
2016-11-04,Madurai,9.9252,78.1198,Irrigated,26.85,32.68,23.29,77.75,1.35,1.78,12.93,33.57
2016-11-05,Madurai,9.9252,78.1198,Irrigated,28.41,34.41,23.67,67.89,1.48,0.14,18.82,33.49
2016-11-06,Madurai,9.9252,78.1198,Irrigated,28.51,35.66,23.38,63.13,1.31,0.04,17.69,33.4
2016-11-07,Madurai,9.9252,78.1198,Irrigated,27.95,35.1,22.38,59.71,1.87,0.01,20.33,33.32
2016-11-08,Madurai,9.9252,78.1198,Irrigated,26.65,32.67,22.14,69.69,1.72,0.98,16.14,33.23
2016-11-09,Madurai,9.9252,78.1198,Irrigated,25.85,32.57,21.1,66.31,2.16,1.28,13.2,33.15
2016-11-10,Madurai,9.9252,78.1198,Irrigated,25.38,33.3,18.92,60.73,1.74,0.0,19.4,33.07
2016-11-11,Madurai,9.9252,78.1198,Irrigated,25.99,33.46,19.98,68.47,1.52,0.01,19.22,32.98
2016-11-12,Madurai,9.9252,78.1198,Irrigated,27.02,34.08,21.55,69.61,1.73,0.12,19.79,32.9
2016-11-13,Madurai,9.9252,78.1198,Irrigated,27.24,33.63,22.77,74.28,2.04,1.39,14.45,32.82
2016-11-14,Madurai,9.9252,78.1198,Irrigated,26.99,33.15,22.91,77.04,2.02,3.5,14.13,32.74
2016-11-15,Madurai,9.9252,78.1198,Irrigated,27.01,34.14,22.34,71.41,2.18,1.75,19.96,32.67
2016-11-16,Madurai,9.9252,78.1198,Irrigated,26.5,33.35,20.68,74.78,2.58,1.36,13.98,32.59
2016-11-17,Madurai,9.9252,78.1198,Irrigated,26.14,31.32,22.75,76.94,2.81,2.5,15.17,32.51
2016-11-18,Madurai,9.9252,78.1198,Irrigated,26.69,33.58,21.58,69.64,2.84,0.25,13.73,32.44
2016-11-19,Madurai,9.9252,78.1198,Irrigated,25.59,31.52,21.18,73.66,2.18,1.39,10.26,32.36
2016-11-20,Madurai,9.9252,78.1198,Irrigated,25.77,32.12,21.52,71.32,2.03,0.3,11.33,32.29
2016-11-21,Madurai,9.9252,78.1198,Irrigated,25.42,31.6,20.9,74.24,2.03,0.39,11.84,32.22
2016-11-22,Madurai,9.9252,78.1198,Irrigated,26.63,34.1,21.04,68.76,2.36,0.23,15.18,32.15
2016-11-23,Madurai,9.9252,78.1198,Irrigated,25.95,33.61,21.21,68.76,2.56,0.14,19.87,32.08
2016-11-24,Madurai,9.9252,78.1198,Irrigated,24.78,33.4,18.66,64.35,2.33,0.03,20.55,32.01
2016-11-25,Madurai,9.9252,78.1198,Irrigated,25.08,33.85,18.44,66.11,2.16,0.0,20.24,31.95
2016-11-26,Madurai,9.9252,78.1198,Irrigated,25.5,34.1,19.46,64.61,1.93,0.0,19.24,31.88
2016-11-27,Madurai,9.9252,78.1198,Irrigated,24.99,33.69,19.07,61.07,1.96,0.0,20.49,31.82
2016-11-28,Madurai,9.9252,78.1198,Irrigated,24.38,33.53,17.93,56.69,1.69,0.0,16.93,31.76
2016-11-29,Madurai,9.9252,78.1198,Irrigated,24.47,32.75,18.52,56.98,1.65,0.0,15.09,31.71
2016-11-30,Madurai,9.9252,78.1198,Irrigated,24.31,30.58,19.02,57.28,1.85,0.0,13.15,31.66
2016-12-01,Madurai,9.9252,78.1198,Irrigated,24.41,30.59,19.84,54.21,2.29,2.36,5.76,31.6
2016-12-02,Madurai,9.9252,78.1198,Irrigated,23.87,29.55,20.38,81.95,2.56,38.49,10.27,31.56
2016-12-03,Madurai,9.9252,78.1198,Irrigated,25.06,30.99,21.63,82.42,1.86,8.19,13.07,31.51
2016-12-04,Madurai,9.9252,78.1198,Irrigated,25.65,32.1,21.28,77.91,1.61,3.25,16.34,31.46
2016-12-05,Madurai,9.9252,78.1198,Irrigated,26.34,32.9,21.28,74.81,1.96,0.15,17.41,31.42
2016-12-06,Madurai,9.9252,78.1198,Irrigated,25.11,32.32,20.05,68.33,2.68,0.19,18.5,31.38
2016-12-07,Madurai,9.9252,78.1198,Irrigated,24.96,32.86,17.45,69.45,1.79,0.0,18.87,31.35
2016-12-08,Madurai,9.9252,78.1198,Irrigated,25.94,31.42,21.56,75.4,1.74,1.57,16.06,31.31
2016-12-09,Madurai,9.9252,78.1198,Irrigated,26.2,32.53,21.26,73.66,1.4,0.8,15.51,31.28
2016-12-10,Madurai,9.9252,78.1198,Irrigated,27.21,34.3,22.63,66.68,0.98,0.0,13.04,31.25
2016-12-11,Madurai,9.9252,78.1198,Irrigated,26.21,34.32,19.93,57.11,1.1,0.0,16.65,31.22
2016-12-12,Madurai,9.9252,78.1198,Irrigated,26.78,35.32,19.37,57.34,2.09,0.02,17.44,31.2
2016-12-13,Madurai,9.9252,78.1198,Irrigated,26.8,32.91,22.27,66.26,1.26,0.87,19.52,31.18
2016-12-14,Madurai,9.9252,78.1198,Irrigated,25.76,32.98,21.03,66.94,1.52,0.41,18.97,31.16
2016-12-15,Madurai,9.9252,78.1198,Irrigated,25.57,32.66,19.86,72.39,1.95,0.13,18.17,31.14
2016-12-16,Madurai,9.9252,78.1198,Irrigated,25.86,32.75,20.09,71.59,2.16,0.02,19.12,31.13
2016-12-17,Madurai,9.9252,78.1198,Irrigated,25.72,33.31,20.55,66.62,2.27,0.0,19.52,31.12
2016-12-18,Madurai,9.9252,78.1198,Irrigated,25.29,33.35,19.35,67.23,2.12,0.0,18.65,31.11
2016-12-19,Madurai,9.9252,78.1198,Irrigated,25.62,33.47,19.16,63.03,2.63,0.03,16.61,31.11
2016-12-20,Madurai,9.9252,78.1198,Irrigated,25.49,31.93,20.87,76.0,3.01,1.7,13.1,31.11
2016-12-21,Madurai,9.9252,78.1198,Irrigated,26.2,33.01,21.72,75.57,2.35,0.26,17.61,31.11
2016-12-22,Madurai,9.9252,78.1198,Irrigated,25.77,33.79,20.24,67.14,1.7,0.0,19.83,31.12
2016-12-23,Madurai,9.9252,78.1198,Irrigated,24.23,33.29,17.59,62.23,1.52,0.03,20.45,31.12
2016-12-24,Madurai,9.9252,78.1198,Irrigated,23.49,32.21,16.94,61.27,1.51,0.0,20.5,31.14
2016-12-25,Madurai,9.9252,78.1198,Irrigated,23.63,32.71,17.22,63.68,1.49,0.0,20.91,31.15
2016-12-26,Madurai,9.9252,78.1198,Irrigated,24.38,33.56,16.51,61.93,1.75,0.0,18.93,31.17
2016-12-27,Madurai,9.9252,78.1198,Irrigated,26.08,34.2,19.33,64.98,2.58,0.89,17.24,31.19
2016-12-28,Madurai,9.9252,78.1198,Irrigated,25.53,32.15,21.25,77.92,3.23,3.91,14.3,31.21
2016-12-29,Madurai,9.9252,78.1198,Irrigated,25.31,32.51,20.4,71.93,3.2,0.6,18.64,31.23
2016-12-30,Madurai,9.9252,78.1198,Irrigated,24.52,32.49,18.5,66.87,2.58,0.0,19.68,31.26
2016-12-31,Madurai,9.9252,78.1198,Irrigated,23.8,32.38,16.99,63.49,2.16,0.0,21.36,31.29
2017-01-01,Madurai,9.9252,78.1198,Irrigated,24.61,32.96,17.0,64.88,2.2,0.0,19.08,31.32
2017-01-02,Madurai,9.9252,78.1198,Irrigated,25.47,33.37,20.04,64.01,2.3,0.0,19.67,31.35
2017-01-03,Madurai,9.9252,78.1198,Irrigated,25.07,33.97,18.96,59.38,2.35,0.0,21.04,31.39
2017-01-04,Madurai,9.9252,78.1198,Irrigated,24.41,33.08,16.93,57.02,2.15,0.0,21.79,31.44
2017-01-05,Madurai,9.9252,78.1198,Irrigated,24.58,33.09,17.9,61.62,2.08,0.0,19.52,31.48
2017-01-06,Madurai,9.9252,78.1198,Irrigated,24.61,33.09,17.63,61.84,1.89,0.0,19.17,31.53
2017-01-07,Madurai,9.9252,78.1198,Irrigated,24.62,32.92,18.52,62.34,1.86,0.0,19.22,31.58
2017-01-08,Madurai,9.9252,78.1198,Irrigated,24.4,32.86,17.89,59.86,2.01,0.0,20.41,31.63
2017-01-09,Madurai,9.9252,78.1198,Irrigated,23.81,32.99,16.67,55.99,1.8,0.0,22.43,31.69
2017-01-10,Madurai,9.9252,78.1198,Irrigated,24.49,33.43,16.32,55.62,1.47,0.0,22.01,31.74
2017-01-11,Madurai,9.9252,78.1198,Irrigated,25.47,33.62,19.01,56.33,1.48,0.0,18.21,31.8
2017-01-12,Madurai,9.9252,78.1198,Irrigated,25.63,33.08,19.46,59.63,1.53,0.0,18.77,31.86
2017-01-13,Madurai,9.9252,78.1198,Irrigated,25.73,32.83,19.98,62.17,1.92,0.0,17.82,31.93
2017-01-14,Madurai,9.9252,78.1198,Irrigated,25.88,33.03,20.54,59.65,2.69,0.0,16.24,31.99
2017-01-15,Madurai,9.9252,78.1198,Irrigated,25.28,33.38,18.47,60.93,2.65,0.0,18.62,32.06
2017-01-16,Madurai,9.9252,78.1198,Irrigated,25.36,33.62,19.05,60.38,2.26,0.0,16.12,32.13
2017-01-17,Madurai,9.9252,78.1198,Irrigated,24.33,33.12,17.67,54.74,2.47,0.0,20.69,32.2
2017-01-18,Madurai,9.9252,78.1198,Irrigated,23.76,32.42,15.9,59.96,3.01,0.0,19.97,32.28
2017-01-19,Madurai,9.9252,78.1198,Irrigated,24.96,33.26,17.64,58.65,2.95,0.0,17.69,32.36
2017-01-20,Madurai,9.9252,78.1198,Irrigated,25.84,34.01,18.58,63.36,3.22,1.62,18.66,32.43
2017-01-21,Madurai,9.9252,78.1198,Irrigated,24.26,28.91,21.34,83.32,3.47,22.13,11.03,32.51
2017-01-22,Madurai,9.9252,78.1198,Irrigated,24.78,31.29,20.08,74.33,2.98,4.99,15.47,32.59
2017-01-23,Madurai,9.9252,78.1198,Irrigated,24.32,32.27,17.42,70.4,2.84,0.0,20.06,32.67
2017-01-24,Madurai,9.9252,78.1198,Irrigated,24.51,32.02,19.02,66.87,2.94,0.0,15.58,32.75
2017-01-25,Madurai,9.9252,78.1198,Irrigated,24.74,30.78,20.23,71.13,2.98,0.27,9.89,32.84
2017-01-26,Madurai,9.9252,78.1198,Irrigated,25.01,30.19,21.32,77.96,2.96,1.12,9.88,32.92
2017-01-27,Madurai,9.9252,78.1198,Irrigated,25.01,29.49,22.14,83.48,2.69,5.26,8.94,33.01
2017-01-28,Madurai,9.9252,78.1198,Irrigated,25.34,31.32,21.74,79.53,2.47,4.49,15.44,33.1
2017-01-29,Madurai,9.9252,78.1198,Irrigated,25.84,32.54,21.47,76.99,2.59,2.48,17.05,33.19
2017-01-30,Madurai,9.9252,78.1198,Irrigated,26.07,33.86,20.35,67.25,2.38,0.01,17.9,33.28
2017-01-31,Madurai,9.9252,78.1198,Irrigated,25.24,33.55,19.71,66.99,2.07,0.0,21.25,33.37
2017-02-01,Madurai,9.9252,78.1198,Irrigated,23.81,32.46,17.11,65.75,2.1,0.0,23.49,33.47
2017-02-02,Madurai,9.9252,78.1198,Irrigated,23.53,32.5,15.96,65.6,2.08,0.0,23.58,33.57
2017-02-03,Madurai,9.9252,78.1198,Irrigated,23.54,32.58,16.4,66.6,2.29,0.0,24.61,33.66
2017-02-04,Madurai,9.9252,78.1198,Irrigated,23.9,32.68,16.93,65.53,2.32,0.0,23.99,33.75
2017-02-05,Madurai,9.9252,78.1198,Irrigated,23.54,32.35,16.24,64.45,1.99,0.0,23.68,33.84
2017-02-06,Madurai,9.9252,78.1198,Irrigated,24.26,33.23,17.33,63.45,1.57,0.0,21.93,33.94
2017-02-07,Madurai,9.9252,78.1198,Irrigated,24.73,33.89,17.9,59.65,1.6,0.0,23.64,34.03
2017-02-08,Madurai,9.9252,78.1198,Irrigated,24.3,34.1,16.35,51.57,2.24,0.0,24.5,34.12
2017-02-09,Madurai,9.9252,78.1198,Irrigated,23.91,33.66,15.72,60.3,2.21,0.0,24.33,34.22
2017-02-10,Madurai,9.9252,78.1198,Irrigated,24.43,33.89,16.7,60.98,1.99,0.0,23.72,34.31
2017-02-11,Madurai,9.9252,78.1198,Irrigated,24.78,33.82,17.18,61.52,2.21,0.0,24.09,34.41
2017-02-12,Madurai,9.9252,78.1198,Irrigated,24.87,33.48,17.4,61.15,2.56,0.0,23.21,34.5
2017-02-13,Madurai,9.9252,78.1198,Irrigated,25.44,34.03,17.08,62.56,2.85,0.08,22.15,34.59
2017-02-14,Madurai,9.9252,78.1198,Irrigated,26.23,33.32,21.34,69.08,4.52,1.78,13.28,34.69
2017-02-15,Madurai,9.9252,78.1198,Irrigated,26.65,34.61,21.28,59.2,3.82,0.0,19.87,34.78
2017-02-16,Madurai,9.9252,78.1198,Irrigated,25.33,34.21,18.16,61.88,3.49,0.0,22.15,34.87
2017-02-17,Madurai,9.9252,78.1198,Irrigated,24.41,33.62,16.73,58.68,3.0,0.0,23.99,34.96
2017-02-18,Madurai,9.9252,78.1198,Irrigated,25.02,34.42,17.08,57.49,2.45,0.0,23.73,35.05
2017-02-19,Madurai,9.9252,78.1198,Irrigated,25.52,35.93,17.09,56.16,1.91,0.0,22.49,35.14
2017-02-20,Madurai,9.9252,78.1198,Irrigated,26.85,35.77,18.79,45.69,1.36,0.0,23.91,35.23
2017-02-21,Madurai,9.9252,78.1198,Irrigated,28.43,38.02,20.51,48.47,1.91,0.0,18.94,35.32
2017-02-22,Madurai,9.9252,78.1198,Irrigated,28.87,38.45,21.89,50.68,1.92,0.0,24.66,35.41
2017-02-23,Madurai,9.9252,78.1198,Irrigated,28.11,37.39,21.14,54.25,1.75,0.0,25.04,35.49
2017-02-24,Madurai,9.9252,78.1198,Irrigated,27.74,37.18,20.99,53.45,2.23,0.0,23.68,35.58
2017-02-25,Madurai,9.9252,78.1198,Irrigated,27.32,37.37,18.85,50.99,2.06,0.0,23.86,35.66
2017-02-26,Madurai,9.9252,78.1198,Irrigated,27.84,36.54,20.44,46.98,2.3,0.0,19.4,35.75
2017-02-27,Madurai,9.9252,78.1198,Irrigated,27.38,35.65,20.41,55.16,2.48,0.0,18.47,35.83
2017-02-28,Madurai,9.9252,78.1198,Irrigated,27.94,36.39,20.92,58.71,3.15,0.0,18.62,35.91
2017-03-01,Madurai,9.9252,78.1198,Irrigated,26.85,34.64,20.74,55.84,2.63,0.0,21.48,35.99
2017-03-02,Madurai,9.9252,78.1198,Irrigated,27.17,35.27,21.35,56.6,2.74,0.08,17.28,36.07
2017-03-03,Madurai,9.9252,78.1198,Irrigated,28.15,35.75,21.83,60.91,2.29,5.59,13.61,36.14
2017-03-04,Madurai,9.9252,78.1198,Irrigated,27.12,32.73,23.57,75.21,1.63,6.95,15.83,36.22
2017-03-05,Madurai,9.9252,78.1198,Irrigated,28.7,36.43,22.39,65.43,1.95,0.71,20.7,36.29
2017-03-06,Madurai,9.9252,78.1198,Irrigated,28.49,34.35,23.55,68.9,2.04,0.87,20.0,36.36
2017-03-07,Madurai,9.9252,78.1198,Irrigated,29.54,36.98,23.24,61.69,2.03,0.1,20.31,36.43
2017-03-08,Madurai,9.9252,78.1198,Irrigated,29.19,35.68,24.44,63.44,2.43,1.05,19.93,36.5
2017-03-09,Madurai,9.9252,78.1198,Irrigated,29.2,36.5,23.71,65.38,2.08,1.95,19.77,36.57
2017-03-10,Madurai,9.9252,78.1198,Irrigated,27.42,31.71,24.42,76.09,1.09,8.17,21.33,36.64
2017-03-11,Madurai,9.9252,78.1198,Irrigated,27.62,32.73,24.16,74.23,1.01,6.85,19.98,36.7
2017-03-12,Madurai,9.9252,78.1198,Irrigated,28.4,35.34,22.79,67.89,1.33,3.17,20.86,36.76
2017-03-13,Madurai,9.9252,78.1198,Irrigated,28.32,33.94,23.27,69.14,1.73,1.14,19.78,36.82
2017-03-14,Madurai,9.9252,78.1198,Irrigated,26.71,31.13,23.71,78.65,1.45,5.05,19.71,36.88
2017-03-15,Madurai,9.9252,78.1198,Irrigated,26.3,31.09,23.19,80.11,1.72,9.38,15.01,36.94
2017-03-16,Madurai,9.9252,78.1198,Irrigated,26.0,30.78,22.96,77.28,1.63,1.46,19.25,36.99
2017-03-17,Madurai,9.9252,78.1198,Irrigated,28.1,35.63,22.21,65.93,1.39,0.42,21.51,37.05
2017-03-18,Madurai,9.9252,78.1198,Irrigated,28.68,36.03,22.59,63.56,1.7,0.21,22.82,37.1
2017-03-19,Madurai,9.9252,78.1198,Irrigated,29.54,37.19,23.02,61.21,1.62,0.09,23.29,37.15
2017-03-20,Madurai,9.9252,78.1198,Irrigated,29.9,37.45,23.65,59.64,1.63,1.14,22.19,37.2
2017-03-21,Madurai,9.9252,78.1198,Irrigated,29.46,36.72,23.69,61.63,1.63,1.54,21.93,37.24
2017-03-22,Madurai,9.9252,78.1198,Irrigated,28.99,35.5,23.63,61.6,1.96,0.01,23.86,37.29
2017-03-23,Madurai,9.9252,78.1198,Irrigated,28.56,36.76,22.55,59.14,1.89,0.0,25.22,37.33
2017-03-24,Madurai,9.9252,78.1198,Irrigated,27.85,36.69,20.95,55.12,1.84,0.0,25.95,37.37
2017-03-25,Madurai,9.9252,78.1198,Irrigated,28.01,37.41,20.36,50.66,2.12,0.0,27.04,37.41
2017-03-26,Madurai,9.9252,78.1198,Irrigated,27.9,37.7,19.54,55.53,2.34,0.0,26.62,37.44
2017-03-27,Madurai,9.9252,78.1198,Irrigated,28.07,37.2,20.45,54.35,1.47,0.0,26.79,37.47
2017-03-28,Madurai,9.9252,78.1198,Irrigated,29.49,38.01,22.38,56.41,1.79,0.0,24.02,37.5
2017-03-29,Madurai,9.9252,78.1198,Irrigated,30.05,38.29,23.64,52.61,1.61,0.0,22.34,37.53
2017-03-30,Madurai,9.9252,78.1198,Irrigated,30.49,38.4,23.73,53.54,1.77,0.05,23.59,37.55
2017-03-31,Madurai,9.9252,78.1198,Irrigated,30.05,36.2,25.63,60.65,1.97,0.41,23.08,37.58
2017-04-01,Madurai,9.9252,78.1198,Irrigated,30.44,39.06,23.98,51.74,1.69,0.0,26.78,37.6
2017-04-02,Madurai,9.9252,78.1198,Irrigated,30.58,39.41,23.51,50.42,2.11,0.02,26.55,37.62
2017-04-03,Madurai,9.9252,78.1198,Irrigated,31.38,39.96,24.01,54.35,2.46,0.11,25.34,37.65
2017-04-04,Madurai,9.9252,78.1198,Irrigated,31.82,39.86,25.18,54.4,2.39,0.0,24.77,37.68
2017-04-05,Madurai,9.9252,78.1198,Irrigated,32.3,40.18,26.07,50.07,2.47,0.0,25.39,37.7
2017-04-06,Madurai,9.9252,78.1198,Irrigated,32.11,40.21,26.08,50.06,2.19,0.26,25.25,37.72
2017-04-07,Madurai,9.9252,78.1198,Irrigated,31.79,39.37,25.06,48.64,2.07,0.19,25.19,37.73
2017-04-08,Madurai,9.9252,78.1198,Irrigated,31.69,40.02,25.66,48.5,2.16,0.02,24.32,37.74
2017-04-09,Madurai,9.9252,78.1198,Irrigated,31.31,38.94,25.08,51.54,2.29,0.4,24.77,37.76
2017-04-10,Madurai,9.9252,78.1198,Irrigated,32.0,40.05,25.0,46.75,1.89,0.03,23.03,37.77
2017-04-11,Madurai,9.9252,78.1198,Irrigated,32.2,38.28,26.39,47.36,1.75,0.42,22.01,37.77
2017-04-12,Madurai,9.9252,78.1198,Irrigated,31.58,37.74,26.64,54.6,2.17,0.16,23.3,37.78
2017-04-13,Madurai,9.9252,78.1198,Irrigated,31.72,38.93,25.69,56.8,2.56,0.14,22.58,37.78
2017-04-14,Madurai,9.9252,78.1198,Irrigated,32.04,39.78,26.01,50.98,1.84,0.15,20.98,37.78
2017-04-15,Madurai,9.9252,78.1198,Irrigated,32.98,41.19,25.71,45.99,2.38,0.0,23.54,37.79
2017-04-16,Madurai,9.9252,78.1198,Irrigated,33.84,41.79,26.38,43.13,2.14,0.05,24.19,37.78
2017-04-17,Madurai,9.9252,78.1198,Irrigated,34.6,42.7,26.9,38.03,1.54,0.03,23.85,37.78
2017-04-18,Madurai,9.9252,78.1198,Irrigated,34.95,42.74,27.63,35.11,1.59,0.01,24.05,37.78
2017-04-19,Madurai,9.9252,78.1198,Irrigated,34.54,42.63,27.05,40.17,1.82,0.04,24.41,37.78
2017-04-20,Madurai,9.9252,78.1198,Irrigated,33.86,41.37,27.57,44.45,1.99,0.48,24.43,37.77
2017-04-21,Madurai,9.9252,78.1198,Irrigated,33.8,40.91,27.3,43.69,1.51,0.06,24.59,37.76
2017-04-22,Madurai,9.9252,78.1198,Irrigated,34.44,41.85,28.24,41.21,1.77,0.66,23.0,37.75
2017-04-23,Madurai,9.9252,78.1198,Irrigated,33.78,40.46,27.73,46.57,2.06,0.83,23.31,37.74
2017-04-24,Madurai,9.9252,78.1198,Irrigated,34.48,41.55,28.09,42.9,2.04,0.12,23.16,37.73
2017-04-25,Madurai,9.9252,78.1198,Irrigated,34.55,41.52,28.3,41.69,1.53,0.01,22.91,37.72
2017-04-26,Madurai,9.9252,78.1198,Irrigated,33.43,39.77,28.33,46.91,1.57,1.57,23.64,37.7
2017-04-27,Madurai,9.9252,78.1198,Irrigated,33.09,40.74,28.18,48.3,2.21,0.24,25.34,37.69
2017-04-28,Madurai,9.9252,78.1198,Irrigated,32.78,41.11,26.05,48.35,2.44,0.05,25.95,37.68
2017-04-29,Madurai,9.9252,78.1198,Irrigated,32.92,41.11,26.13,45.69,2.42,0.07,25.11,37.66
2017-04-30,Madurai,9.9252,78.1198,Irrigated,32.51,40.39,26.58,47.0,2.49,1.16,24.87,37.64
2017-05-01,Madurai,9.9252,78.1198,Irrigated,31.85,39.04,25.79,51.01,1.92,1.44,21.94,37.62
2017-05-02,Madurai,9.9252,78.1198,Irrigated,31.53,38.93,25.98,54.23,2.19,4.79,22.44,37.6
2017-05-03,Madurai,9.9252,78.1198,Irrigated,30.59,37.63,25.5,59.03,2.16,2.13,20.36,37.58
2017-05-04,Madurai,9.9252,78.1198,Irrigated,31.43,38.9,25.29,54.27,2.09,0.55,23.46,37.56
2017-05-05,Madurai,9.9252,78.1198,Irrigated,31.72,39.29,25.76,54.94,2.69,0.74,21.71,37.54
2017-05-06,Madurai,9.9252,78.1198,Irrigated,30.35,36.39,26.41,65.44,2.03,7.76,21.74,37.52
2017-05-07,Madurai,9.9252,78.1198,Irrigated,29.88,34.95,25.52,68.36,1.42,1.12,21.75,37.5
2017-05-08,Madurai,9.9252,78.1198,Irrigated,30.41,36.9,25.98,53.31,2.24,1.4,21.49,37.47
2017-05-09,Madurai,9.9252,78.1198,Irrigated,31.5,39.49,23.55,50.3,1.41,1.45,22.92,37.45
2017-05-10,Madurai,9.9252,78.1198,Irrigated,29.87,33.83,26.62,66.18,1.31,1.94,21.76,37.42
2017-05-11,Madurai,9.9252,78.1198,Irrigated,29.55,33.71,25.86,66.9,0.98,0.61,20.66,37.4
2017-05-12,Madurai,9.9252,78.1198,Irrigated,29.47,34.17,26.04,68.83,1.26,9.84,20.14,37.37
2017-05-13,Madurai,9.9252,78.1198,Irrigated,29.03,33.2,26.0,74.87,0.94,13.38,22.27,37.35
2017-05-14,Madurai,9.9252,78.1198,Irrigated,30.74,37.11,24.95,64.92,1.67,5.51,23.43,37.33
2017-05-15,Madurai,9.9252,78.1198,Irrigated,30.87,36.61,25.98,62.67,1.67,0.02,23.81,37.3
2017-05-16,Madurai,9.9252,78.1198,Irrigated,30.98,37.24,25.34,60.64,2.2,0.13,20.55,37.28
2017-05-17,Madurai,9.9252,78.1198,Irrigated,32.23,40.15,25.12,57.61,1.9,0.89,20.4,37.25
2017-05-18,Madurai,9.9252,78.1198,Irrigated,30.41,35.92,26.3,63.39,2.35,5.17,17.79,37.23
2017-05-19,Madurai,9.9252,78.1198,Irrigated,31.22,39.15,24.73,57.16,1.69,0.17,20.73,37.2
2017-05-20,Madurai,9.9252,78.1198,Irrigated,30.94,38.55,26.08,60.64,1.84,18.24,21.75,37.18
2017-05-21,Madurai,9.9252,78.1198,Irrigated,30.53,36.34,25.46,64.33,1.3,2.98,18.3,37.15
2017-05-22,Madurai,9.9252,78.1198,Irrigated,30.45,36.17,26.36,64.97,1.84,1.5,14.5,37.12
2017-05-23,Madurai,9.9252,78.1198,Irrigated,29.51,34.3,25.54,66.26,1.72,0.34,18.88,37.1
2017-05-24,Madurai,9.9252,78.1198,Irrigated,29.85,34.53,26.29,68.01,1.32,1.62,15.25,37.07
2017-05-25,Madurai,9.9252,78.1198,Irrigated,29.68,35.17,25.44,67.63,2.17,2.21,18.23,37.05
2017-05-26,Madurai,9.9252,78.1198,Irrigated,28.6,32.42,25.98,72.47,1.8,0.44,18.73,37.02
2017-05-27,Madurai,9.9252,78.1198,Irrigated,29.03,33.44,25.19,71.15,1.84,4.23,21.39,37.0
2017-05-28,Madurai,9.9252,78.1198,Irrigated,28.4,33.01,25.14,74.92,2.44,4.83,17.63,36.98
2017-05-29,Madurai,9.9252,78.1198,Irrigated,29.23,34.83,25.43,68.76,2.35,1.56,18.32,36.95
2017-05-30,Madurai,9.9252,78.1198,Irrigated,29.44,34.84,25.23,67.22,3.25,0.94,21.32,36.93
2017-05-31,Madurai,9.9252,78.1198,Irrigated,29.56,36.23,24.89,64.73,2.63,7.94,22.41,36.91
2017-06-01,Madurai,9.9252,78.1198,Irrigated,29.22,36.63,23.58,62.94,2.72,3.7,21.12,36.89
2017-06-02,Madurai,9.9252,78.1198,Irrigated,28.29,33.8,24.04,69.83,3.06,6.92,22.41,36.87
2017-06-03,Madurai,9.9252,78.1198,Irrigated,28.75,34.11,24.59,68.17,2.69,0.37,21.03,36.85
2017-06-04,Madurai,9.9252,78.1198,Irrigated,29.41,35.9,24.74,61.9,3.01,0.83,22.32,36.83
2017-06-05,Madurai,9.9252,78.1198,Irrigated,29.49,35.91,24.85,66.71,2.11,4.38,22.98,36.81
2017-06-06,Madurai,9.9252,78.1198,Irrigated,29.09,34.5,24.79,68.84,1.38,1.45,22.67,36.79
2017-06-07,Madurai,9.9252,78.1198,Irrigated,28.08,33.39,23.97,69.36,1.84,6.32,17.46,36.78
2017-06-08,Madurai,9.9252,78.1198,Irrigated,29.43,37.54,23.08,60.59,2.45,0.04,20.95,36.76
2017-06-09,Madurai,9.9252,78.1198,Irrigated,27.98,33.07,23.86,64.78,2.79,0.42,21.32,36.74
2017-06-10,Madurai,9.9252,78.1198,Irrigated,28.48,34.7,24.06,65.14,3.01,1.23,21.53,36.73
2017-06-11,Madurai,9.9252,78.1198,Irrigated,28.1,33.84,24.03,64.18,3.16,0.16,18.73,36.72
2017-06-12,Madurai,9.9252,78.1198,Irrigated,29.29,36.1,23.87,65.21,2.11,0.3,19.13,36.7
2017-06-13,Madurai,9.9252,78.1198,Irrigated,29.86,36.32,24.79,66.1,1.91,0.23,21.07,36.69
2017-06-14,Madurai,9.9252,78.1198,Irrigated,29.3,34.66,24.89,71.65,1.86,11.67,21.71,36.68
2017-06-15,Madurai,9.9252,78.1198,Irrigated,28.5,33.04,24.72,74.24,1.22,2.63,21.46,36.67
2017-06-16,Madurai,9.9252,78.1198,Irrigated,27.79,32.32,24.46,74.71,1.47,8.04,21.46,36.66
2017-06-17,Madurai,9.9252,78.1198,Irrigated,28.77,36.9,22.96,61.19,1.99,2.29,22.08,36.65
2017-06-18,Madurai,9.9252,78.1198,Irrigated,29.73,37.19,23.3,61.44,1.91,0.18,24.41,36.64
2017-06-19,Madurai,9.9252,78.1198,Irrigated,29.3,35.15,24.51,66.72,1.48,4.4,22.55,36.63
2017-06-20,Madurai,9.9252,78.1198,Irrigated,27.55,33.21,23.22,71.11,1.72,1.67,20.09,36.63
2017-06-21,Madurai,9.9252,78.1198,Irrigated,28.17,34.9,22.8,67.88,1.72,0.22,20.55,36.62
2017-06-22,Madurai,9.9252,78.1198,Irrigated,28.6,35.05,23.84,67.62,1.64,0.82,21.4,36.62
2017-06-23,Madurai,9.9252,78.1198,Irrigated,28.75,35.33,23.81,65.27,2.75,0.58,20.85,36.61
2017-06-24,Madurai,9.9252,78.1198,Irrigated,27.35,32.25,24.08,64.81,3.32,0.88,19.03,36.61
2017-06-25,Madurai,9.9252,78.1198,Irrigated,28.05,34.24,23.14,63.62,3.62,0.86,17.02,36.61
2017-06-26,Madurai,9.9252,78.1198,Irrigated,27.84,33.63,23.37,66.21,3.78,2.79,14.83,36.6
2017-06-27,Madurai,9.9252,78.1198,Irrigated,27.19,31.85,23.86,69.23,3.33,2.33,16.4,36.6
2017-06-28,Madurai,9.9252,78.1198,Irrigated,27.57,33.22,23.49,67.19,2.79,0.71,21.24,36.61
2017-06-29,Madurai,9.9252,78.1198,Irrigated,28.01,35.04,23.32,61.19,2.83,0.11,22.7,36.61
2017-06-30,Madurai,9.9252,78.1198,Irrigated,28.4,33.88,23.85,65.49,1.77,0.14,20.07,36.62
2017-07-01,Madurai,9.9252,78.1198,Irrigated,29.02,35.7,24.54,61.28,2.79,0.37,22.65,36.62
2017-07-02,Madurai,9.9252,78.1198,Irrigated,28.87,35.18,24.08,58.75,1.85,0.23,19.23,36.63
2017-07-03,Madurai,9.9252,78.1198,Irrigated,28.59,35.6,23.71,59.96,2.89,2.89,22.14,36.63
2017-07-04,Madurai,9.9252,78.1198,Irrigated,29.2,37.05,23.36,56.34,2.66,0.2,23.82,36.64
2017-07-05,Madurai,9.9252,78.1198,Irrigated,28.09,34.05,22.85,64.46,2.03,0.16,20.15,36.65
2017-07-06,Madurai,9.9252,78.1198,Irrigated,28.97,36.27,23.33,61.78,2.11,0.89,19.74,36.65
2017-07-07,Madurai,9.9252,78.1198,Irrigated,28.46,34.88,24.11,61.5,2.75,0.28,18.68,36.66
2017-07-08,Madurai,9.9252,78.1198,Irrigated,27.93,33.57,24.26,66.28,2.02,2.67,18.33,36.67
2017-07-09,Madurai,9.9252,78.1198,Irrigated,27.74,33.84,22.87,67.18,1.8,12.03,18.05,36.67
2017-07-10,Madurai,9.9252,78.1198,Irrigated,28.56,35.31,22.94,63.77,1.98,1.04,22.39,36.68
2017-07-11,Madurai,9.9252,78.1198,Irrigated,28.7,35.18,23.7,64.0,2.66,0.17,19.55,36.69
2017-07-12,Madurai,9.9252,78.1198,Irrigated,28.85,34.93,23.81,61.08,1.75,0.19,17.72,36.71
2017-07-13,Madurai,9.9252,78.1198,Irrigated,28.51,35.14,23.05,61.46,2.77,1.07,18.59,36.72
2017-07-14,Madurai,9.9252,78.1198,Irrigated,28.04,34.78,21.76,54.51,2.93,0.02,17.37,36.74
2017-07-15,Madurai,9.9252,78.1198,Irrigated,28.12,34.14,22.65,64.32,2.58,0.05,19.96,36.76
2017-07-16,Madurai,9.9252,78.1198,Irrigated,28.58,35.68,23.14,59.32,2.65,0.04,18.67,36.78
2017-07-17,Madurai,9.9252,78.1198,Irrigated,27.86,34.01,22.94,60.8,3.08,0.19,20.54,36.79
2017-07-18,Madurai,9.9252,78.1198,Irrigated,28.3,34.02,24.12,64.18,3.3,0.51,18.81,36.81
2017-07-19,Madurai,9.9252,78.1198,Irrigated,28.63,35.3,23.9,63.61,3.56,0.61,17.79,36.82
2017-07-20,Madurai,9.9252,78.1198,Irrigated,29.14,36.22,23.7,63.03,3.55,0.2,20.15,36.84
2017-07-21,Madurai,9.9252,78.1198,Irrigated,29.01,34.92,24.72,59.6,2.75,0.24,21.27,36.85
2017-07-22,Madurai,9.9252,78.1198,Irrigated,30.35,37.42,24.21,59.83,1.94,0.12,22.2,36.87
2017-07-23,Madurai,9.9252,78.1198,Irrigated,30.81,37.77,24.99,56.94,1.57,0.01,21.95,36.88
2017-07-24,Madurai,9.9252,78.1198,Irrigated,31.43,39.05,25.09,51.59,2.7,0.0,24.07,36.9
2017-07-25,Madurai,9.9252,78.1198,Irrigated,31.53,39.02,25.05,50.63,2.15,0.0,24.59,36.92
2017-07-26,Madurai,9.9252,78.1198,Irrigated,31.41,38.53,25.48,50.84,2.35,0.03,23.81,36.94
2017-07-27,Madurai,9.9252,78.1198,Irrigated,30.8,38.49,25.51,52.63,2.87,4.14,23.19,36.95
2017-07-28,Madurai,9.9252,78.1198,Irrigated,30.55,38.18,24.37,58.23,2.44,2.53,22.33,36.97
2017-07-29,Madurai,9.9252,78.1198,Irrigated,29.6,35.44,24.91,61.72,1.54,11.45,21.47,36.99
2017-07-30,Madurai,9.9252,78.1198,Irrigated,27.91,31.74,25.17,74.07,1.36,10.67,15.87,37.01
2017-07-31,Madurai,9.9252,78.1198,Irrigated,28.39,32.87,24.93,72.5,1.68,14.52,20.72,37.02
2017-08-01,Madurai,9.9252,78.1198,Irrigated,29.59,36.02,24.11,65.89,1.56,10.16,20.75,37.04
2017-08-02,Madurai,9.9252,78.1198,Irrigated,28.98,34.28,24.36,69.31,1.6,6.07,21.84,37.06
2017-08-03,Madurai,9.9252,78.1198,Irrigated,29.33,36.58,24.04,62.24,2.96,1.01,22.7,37.08
2017-08-04,Madurai,9.9252,78.1198,Irrigated,29.25,35.92,24.26,63.93,3.02,0.61,19.39,37.09
2017-08-05,Madurai,9.9252,78.1198,Irrigated,28.85,34.65,24.91,64.43,3.17,0.59,16.36,37.11
2017-08-06,Madurai,9.9252,78.1198,Irrigated,29.56,36.49,24.27,63.03,2.26,0.55,19.75,37.12
2017-08-07,Madurai,9.9252,78.1198,Irrigated,28.67,33.6,24.71,67.39,1.81,5.18,17.27,37.14
2017-08-08,Madurai,9.9252,78.1198,Irrigated,27.89,32.77,23.58,68.56,1.25,10.64,21.16,37.15
2017-08-09,Madurai,9.9252,78.1198,Irrigated,28.06,33.5,23.96,72.19,0.96,9.01,20.89,37.17
2017-08-10,Madurai,9.9252,78.1198,Irrigated,28.06,32.68,24.42,70.64,1.58,5.39,19.57,37.18
2017-08-11,Madurai,9.9252,78.1198,Irrigated,27.6,32.64,24.13,71.22,2.05,1.4,23.8,37.2
2017-08-12,Madurai,9.9252,78.1198,Irrigated,28.6,34.65,23.53,64.08,1.21,6.92,23.7,37.21
2017-08-13,Madurai,9.9252,78.1198,Irrigated,26.21,28.56,24.0,78.24,1.33,27.97,20.37,37.22
2017-08-14,Madurai,9.9252,78.1198,Irrigated,25.57,27.73,23.96,83.93,0.75,21.68,15.93,37.22
2017-08-15,Madurai,9.9252,78.1198,Irrigated,27.14,31.93,22.66,70.46,0.99,4.15,15.64,37.23
2017-08-16,Madurai,9.9252,78.1198,Irrigated,27.29,31.91,23.52,73.02,1.41,1.12,19.71,37.24
2017-08-17,Madurai,9.9252,78.1198,Irrigated,27.25,32.75,22.55,76.01,1.97,2.55,22.12,37.25
2017-08-18,Madurai,9.9252,78.1198,Irrigated,27.36,32.94,23.3,75.0,2.22,3.0,17.7,37.25
2017-08-19,Madurai,9.9252,78.1198,Irrigated,27.38,33.74,22.81,70.92,3.0,0.38,15.0,37.25
2017-08-20,Madurai,9.9252,78.1198,Irrigated,27.1,32.57,23.02,71.4,2.75,0.71,21.05,37.25
2017-08-21,Madurai,9.9252,78.1198,Irrigated,26.95,32.4,23.33,71.04,2.58,0.66,18.96,37.26
2017-08-22,Madurai,9.9252,78.1198,Irrigated,27.38,32.7,22.79,70.73,1.96,0.15,21.84,37.26
2017-08-23,Madurai,9.9252,78.1198,Irrigated,28.11,33.48,23.81,70.15,1.3,5.05,21.6,37.27
2017-08-24,Madurai,9.9252,78.1198,Irrigated,27.15,31.25,23.76,75.6,1.64,4.56,17.44,37.27
2017-08-25,Madurai,9.9252,78.1198,Irrigated,28.37,34.63,23.5,68.87,2.07,0.06,18.47,37.27
2017-08-26,Madurai,9.9252,78.1198,Irrigated,27.67,33.3,23.06,70.42,2.19,0.32,23.91,37.27
2017-08-27,Madurai,9.9252,78.1198,Irrigated,27.5,32.33,24.22,74.0,2.63,0.87,19.84,37.27
2017-08-28,Madurai,9.9252,78.1198,Irrigated,27.76,33.85,23.8,71.9,2.98,1.83,19.29,37.27
2017-08-29,Madurai,9.9252,78.1198,Irrigated,27.49,33.85,23.71,71.56,3.18,0.94,18.76,37.26
2017-08-30,Madurai,9.9252,78.1198,Irrigated,28.25,35.19,23.12,71.06,1.59,12.66,22.38,37.26
2017-08-31,Madurai,9.9252,78.1198,Irrigated,27.79,32.25,23.21,72.98,1.35,4.85,23.15,37.24
2017-09-01,Madurai,9.9252,78.1198,Irrigated,27.29,30.21,24.64,81.44,1.13,31.96,19.85,37.23
2017-09-02,Madurai,9.9252,78.1198,Irrigated,27.37,31.17,24.51,78.72,0.58,12.75,22.53,37.21
2017-09-03,Madurai,9.9252,78.1198,Irrigated,26.99,31.59,23.13,76.85,1.42,1.88,18.95,37.19
2017-09-04,Madurai,9.9252,78.1198,Irrigated,27.78,31.63,24.05,77.85,0.74,14.73,21.8,37.16
2017-09-05,Madurai,9.9252,78.1198,Irrigated,28.0,31.93,24.63,77.74,0.82,7.18,20.58,37.15
2017-09-06,Madurai,9.9252,78.1198,Irrigated,27.08,30.94,23.86,81.9,1.11,4.15,21.18,37.13
2017-09-07,Madurai,9.9252,78.1198,Irrigated,26.74,30.59,23.83,82.19,1.14,2.5,16.95,37.13
2017-09-08,Madurai,9.9252,78.1198,Irrigated,25.92,29.08,23.19,87.91,1.6,39.31,17.73,37.12
2017-09-09,Madurai,9.9252,78.1198,Irrigated,26.38,29.25,23.65,82.54,1.22,10.18,12.19,37.11
2017-09-10,Madurai,9.9252,78.1198,Irrigated,26.84,31.13,23.12,79.55,1.27,1.68,20.88,37.09
2017-09-11,Madurai,9.9252,78.1198,Irrigated,26.49,30.63,23.3,83.6,1.88,1.2,20.21,37.06
2017-09-12,Madurai,9.9252,78.1198,Irrigated,26.09,30.21,22.58,85.39,2.11,5.86,22.64,37.03
2017-09-13,Madurai,9.9252,78.1198,Irrigated,25.9,29.29,23.56,87.39,1.92,13.18,17.04,37.0
2017-09-14,Madurai,9.9252,78.1198,Irrigated,25.78,29.6,22.93,86.05,2.13,2.81,18.01,36.97
2017-09-15,Madurai,9.9252,78.1198,Irrigated,26.03,30.43,22.62,84.26,1.71,0.82,22.08,36.94
2017-09-16,Madurai,9.9252,78.1198,Irrigated,25.93,29.95,22.9,85.93,2.09,2.92,20.56,36.9
2017-09-17,Madurai,9.9252,78.1198,Irrigated,25.83,30.01,23.19,82.21,2.95,8.68,12.35,36.87
2017-09-18,Madurai,9.9252,78.1198,Irrigated,26.39,32.3,22.35,79.18,3.21,0.42,22.04,36.83
2017-09-19,Madurai,9.9252,78.1198,Irrigated,26.26,31.46,22.29,80.87,2.38,0.2,22.59,36.79
2017-09-20,Madurai,9.9252,78.1198,Irrigated,26.28,32.28,21.86,78.98,1.9,0.1,23.17,36.76
2017-09-21,Madurai,9.9252,78.1198,Irrigated,25.97,31.54,21.56,77.87,1.83,0.08,25.07,36.71
2017-09-22,Madurai,9.9252,78.1198,Irrigated,27.39,33.27,22.16,73.82,1.21,0.02,24.12,36.67
2017-09-23,Madurai,9.9252,78.1198,Irrigated,27.51,32.99,22.29,74.53,1.28,0.08,23.62,36.62
2017-09-24,Madurai,9.9252,78.1198,Irrigated,27.14,31.25,23.37,78.76,0.94,1.96,19.03,36.58
2017-09-25,Madurai,9.9252,78.1198,Irrigated,26.57,30.25,23.42,79.1,1.21,1.91,20.83,36.53
2017-09-26,Madurai,9.9252,78.1198,Irrigated,26.6,30.24,23.29,80.64,0.98,7.96,16.71,36.48
2017-09-27,Madurai,9.9252,78.1198,Irrigated,26.77,31.3,23.25,80.6,1.51,3.02,21.91,36.43
2017-09-28,Madurai,9.9252,78.1198,Irrigated,25.9,30.86,22.24,79.34,2.3,3.27,18.32,36.38
2017-09-29,Madurai,9.9252,78.1198,Irrigated,26.58,32.92,21.71,77.2,1.96,0.17,21.48,36.32
2017-09-30,Madurai,9.9252,78.1198,Irrigated,27.39,33.12,22.42,78.04,1.79,0.29,23.23,36.26
2017-10-01,Madurai,9.9252,78.1198,Irrigated,27.56,33.3,23.04,76.21,1.89,0.34,23.44,36.21
2017-10-02,Madurai,9.9252,78.1198,Irrigated,27.84,33.73,22.58,75.66,1.47,0.07,23.19,36.15
2017-10-03,Madurai,9.9252,78.1198,Irrigated,28.14,33.04,24.33,76.96,1.44,0.43,24.61,36.09
2017-10-04,Madurai,9.9252,78.1198,Irrigated,27.92,32.03,23.94,77.08,0.77,4.5,21.49,36.03
2017-10-05,Madurai,9.9252,78.1198,Irrigated,26.64,30.3,24.2,84.87,1.18,16.66,20.94,35.97
2017-10-06,Madurai,9.9252,78.1198,Irrigated,25.88,28.62,23.82,83.87,1.76,7.81,20.03,35.9
2017-10-07,Madurai,9.9252,78.1198,Irrigated,26.7,31.57,22.78,78.61,1.52,1.15,19.62,35.84
2017-10-08,Madurai,9.9252,78.1198,Irrigated,27.17,31.52,22.87,80.98,1.09,1.4,22.42,35.77
2017-10-09,Madurai,9.9252,78.1198,Irrigated,27.03,30.45,24.26,82.35,1.01,0.26,18.44,35.7
2017-10-10,Madurai,9.9252,78.1198,Irrigated,26.89,30.14,24.4,81.88,1.0,1.97,20.63,35.63
2017-10-11,Madurai,9.9252,78.1198,Irrigated,26.02,29.77,23.64,81.45,1.61,5.0,19.41,35.55
2017-10-12,Madurai,9.9252,78.1198,Irrigated,26.92,32.26,22.1,75.83,1.18,2.76,13.52,35.48
2017-10-13,Madurai,9.9252,78.1198,Irrigated,26.43,30.64,22.98,80.14,1.07,4.11,15.37,35.41
2017-10-14,Madurai,9.9252,78.1198,Irrigated,26.06,30.03,23.19,81.2,1.4,2.09,15.75,35.33
2017-10-15,Madurai,9.9252,78.1198,Irrigated,25.53,30.31,21.53,79.26,1.85,0.42,15.7,35.25
2017-10-16,Madurai,9.9252,78.1198,Irrigated,26.59,31.97,22.55,77.8,1.63,0.08,18.09,35.18
2017-10-17,Madurai,9.9252,78.1198,Irrigated,26.34,31.46,22.42,76.38,1.81,2.27,10.9,35.1
2017-10-18,Madurai,9.9252,78.1198,Irrigated,27.12,33.07,22.46,73.32,1.76,0.8,22.08,35.02
2017-10-19,Madurai,9.9252,78.1198,Irrigated,28.26,33.77,23.44,73.49,0.93,0.14,21.03,34.94
2017-10-20,Madurai,9.9252,78.1198,Irrigated,27.61,32.31,24.02,76.81,1.67,0.06,19.34,34.86
2017-10-21,Madurai,9.9252,78.1198,Irrigated,26.64,31.11,23.27,82.54,2.42,12.82,17.77,34.78
2017-10-22,Madurai,9.9252,78.1198,Irrigated,27.0,31.5,22.91,79.63,1.47,1.44,22.26,34.7
2017-10-23,Madurai,9.9252,78.1198,Irrigated,27.63,32.73,23.07,72.14,0.96,0.11,16.71,34.62
2017-10-24,Madurai,9.9252,78.1198,Irrigated,26.79,31.38,22.75,76.28,1.23,0.32,16.94,34.53
2017-10-25,Madurai,9.9252,78.1198,Irrigated,26.65,30.55,23.47,80.92,1.29,1.0,19.13,34.45
2017-10-26,Madurai,9.9252,78.1198,Irrigated,26.68,31.21,23.25,81.31,1.18,8.19,15.34,34.37
2017-10-27,Madurai,9.9252,78.1198,Irrigated,25.92,28.68,23.52,82.98,0.95,13.28,15.68,34.28
2017-10-28,Madurai,9.9252,78.1198,Irrigated,25.26,28.15,23.31,86.39,1.66,3.98,14.79,34.19
2017-10-29,Madurai,9.9252,78.1198,Irrigated,25.76,30.0,22.66,80.68,1.82,0.31,17.1,34.11
2017-10-30,Madurai,9.9252,78.1198,Irrigated,24.32,26.41,22.7,89.33,2.37,3.88,13.77,34.03
2017-10-31,Madurai,9.9252,78.1198,Irrigated,24.32,27.38,22.28,89.03,2.19,3.8,11.84,33.94
2017-11-01,Madurai,9.9252,78.1198,Irrigated,24.97,29.25,22.16,86.74,2.19,6.49,16.15,33.85
2017-11-02,Madurai,9.9252,78.1198,Irrigated,24.66,28.83,22.2,88.82,2.44,9.38,14.13,33.77
2017-11-03,Madurai,9.9252,78.1198,Irrigated,24.72,28.25,22.09,88.02,2.32,2.24,16.55,33.68
2017-11-04,Madurai,9.9252,78.1198,Irrigated,24.43,28.01,21.95,89.31,2.15,3.9,10.14,33.59
2017-11-05,Madurai,9.9252,78.1198,Irrigated,25.0,28.66,22.32,87.72,2.24,6.61,15.18,33.51
2017-11-06,Madurai,9.9252,78.1198,Irrigated,24.19,26.6,22.46,90.49,2.46,6.12,14.48,33.42
2017-11-07,Madurai,9.9252,78.1198,Irrigated,24.65,28.75,22.19,88.2,2.1,2.79,14.91,33.33
2017-11-08,Madurai,9.9252,78.1198,Irrigated,24.13,27.89,21.16,89.3,1.78,28.14,14.06,33.25
2017-11-09,Madurai,9.9252,78.1198,Irrigated,24.64,29.52,21.54,81.56,1.97,0.44,20.81,33.17
2017-11-10,Madurai,9.9252,78.1198,Irrigated,24.26,28.75,20.44,82.72,2.3,0.11,16.76,33.08
2017-11-11,Madurai,9.9252,78.1198,Irrigated,24.65,28.74,21.64,82.31,1.95,0.04,11.36,33.0
2017-11-12,Madurai,9.9252,78.1198,Irrigated,25.55,30.83,21.14,77.77,1.65,0.01,15.03,32.92
2017-11-13,Madurai,9.9252,78.1198,Irrigated,26.39,30.74,22.88,79.18,0.82,2.82,16.93,32.84
2017-11-14,Madurai,9.9252,78.1198,Irrigated,25.42,28.66,22.85,83.17,0.78,1.62,13.53,32.76
2017-11-15,Madurai,9.9252,78.1198,Irrigated,25.75,29.08,23.2,83.25,0.86,0.32,17.72,32.68
2017-11-16,Madurai,9.9252,78.1198,Irrigated,25.86,32.31,20.58,71.12,1.05,0.01,20.46,32.6
2017-11-17,Madurai,9.9252,78.1198,Irrigated,25.01,31.43,19.58,72.54,1.44,0.05,20.68,32.52
2017-11-18,Madurai,9.9252,78.1198,Irrigated,25.64,31.11,21.04,79.23,1.23,1.23,18.75,32.45
2017-11-19,Madurai,9.9252,78.1198,Irrigated,25.8,30.06,22.73,84.63,1.33,1.5,15.42,32.37
2017-11-20,Madurai,9.9252,78.1198,Irrigated,26.05,30.88,22.7,83.92,1.45,0.76,17.87,32.3
2017-11-21,Madurai,9.9252,78.1198,Irrigated,25.16,28.38,22.83,88.5,1.55,5.12,17.25,32.23
2017-11-22,Madurai,9.9252,78.1198,Irrigated,25.1,28.94,22.26,86.67,1.93,1.32,16.29,32.16
2017-11-23,Madurai,9.9252,78.1198,Irrigated,25.38,31.34,20.65,81.6,1.94,0.19,17.04,32.09
2017-11-24,Madurai,9.9252,78.1198,Irrigated,25.4,30.66,20.83,81.41,1.72,0.08,16.52,32.03
2017-11-25,Madurai,9.9252,78.1198,Irrigated,24.96,29.68,21.97,81.27,2.01,0.1,12.6,31.96
2017-11-26,Madurai,9.9252,78.1198,Irrigated,23.79,26.42,21.78,88.57,2.05,6.5,12.82,31.9
2017-11-27,Madurai,9.9252,78.1198,Irrigated,24.74,27.74,22.92,91.44,1.7,8.78,9.56,31.84
2017-11-28,Madurai,9.9252,78.1198,Irrigated,25.03,29.01,22.84,87.91,2.8,2.49,11.6,31.78
2017-11-29,Madurai,9.9252,78.1198,Irrigated,24.7,27.61,22.27,89.93,3.87,6.75,9.36,31.72
2017-11-30,Madurai,9.9252,78.1198,Irrigated,24.39,25.81,23.01,94.8,3.96,58.3,8.5,31.67
2017-12-01,Madurai,9.9252,78.1198,Irrigated,24.36,26.19,22.64,94.79,2.22,24.15,12.91,31.62
2017-12-02,Madurai,9.9252,78.1198,Irrigated,24.36,27.42,21.89,90.3,0.98,2.62,12.13,31.57
2017-12-03,Madurai,9.9252,78.1198,Irrigated,24.49,28.5,22.05,88.67,1.74,0.87,17.14,31.52
2017-12-04,Madurai,9.9252,78.1198,Irrigated,24.48,28.82,20.9,86.76,1.47,0.03,18.86,31.47
2017-12-05,Madurai,9.9252,78.1198,Irrigated,24.27,28.72,20.51,87.35,1.39,0.08,17.45,31.43
2017-12-06,Madurai,9.9252,78.1198,Irrigated,24.56,28.58,21.78,88.02,1.84,1.28,15.93,31.39
2017-12-07,Madurai,9.9252,78.1198,Irrigated,24.35,28.91,21.42,87.46,1.56,0.77,16.75,31.35
2017-12-08,Madurai,9.9252,78.1198,Irrigated,23.97,29.37,19.55,80.59,1.12,0.0,18.19,31.31
2017-12-09,Madurai,9.9252,78.1198,Irrigated,23.89,29.5,18.72,72.75,0.94,0.06,20.02,31.28
2017-12-10,Madurai,9.9252,78.1198,Irrigated,24.46,29.39,20.47,77.6,1.16,0.06,18.69,31.25
2017-12-11,Madurai,9.9252,78.1198,Irrigated,24.74,29.69,20.84,83.05,1.23,0.05,16.79,31.23
2017-12-12,Madurai,9.9252,78.1198,Irrigated,24.93,29.66,21.13,84.27,0.97,0.45,17.05,31.2
2017-12-13,Madurai,9.9252,78.1198,Irrigated,23.86,26.14,22.29,89.87,1.08,1.62,16.86,31.18
2017-12-14,Madurai,9.9252,78.1198,Irrigated,24.4,29.51,21.11,84.33,1.55,0.04,19.69,31.16
2017-12-15,Madurai,9.9252,78.1198,Irrigated,24.16,28.99,20.41,87.14,2.27,0.73,14.67,31.14
2017-12-16,Madurai,9.9252,78.1198,Irrigated,23.98,29.25,20.4,85.14,2.66,0.05,16.13,31.13
2017-12-17,Madurai,9.9252,78.1198,Irrigated,23.31,28.88,18.88,83.64,2.86,0.0,18.87,31.12
2017-12-18,Madurai,9.9252,78.1198,Irrigated,22.58,28.74,17.43,79.19,2.85,0.0,18.64,31.11
2017-12-19,Madurai,9.9252,78.1198,Irrigated,23.37,28.85,18.42,80.5,2.8,0.55,13.23,31.11
2017-12-20,Madurai,9.9252,78.1198,Irrigated,23.83,29.1,20.26,82.04,3.48,0.59,13.65,31.11
2017-12-21,Madurai,9.9252,78.1198,Irrigated,22.36,26.39,18.5,84.56,2.82,3.06,11.21,31.11
2017-12-22,Madurai,9.9252,78.1198,Irrigated,23.56,29.56,19.42,83.16,2.89,0.16,17.57,31.11
2017-12-23,Madurai,9.9252,78.1198,Irrigated,23.14,28.87,18.8,79.56,2.7,0.01,18.23,31.12
2017-12-24,Madurai,9.9252,78.1198,Irrigated,22.86,29.46,16.8,77.85,2.26,0.0,20.49,31.13
2017-12-25,Madurai,9.9252,78.1198,Irrigated,24.16,30.35,19.02,80.92,2.51,0.11,17.55,31.14
2017-12-26,Madurai,9.9252,78.1198,Irrigated,24.09,30.07,19.99,78.07,2.73,0.04,14.01,31.16
2017-12-27,Madurai,9.9252,78.1198,Irrigated,22.95,28.7,18.91,80.17,2.47,0.0,18.99,31.18
2017-12-28,Madurai,9.9252,78.1198,Irrigated,21.93,28.35,17.53,77.03,2.68,0.0,21.06,31.2
2017-12-29,Madurai,9.9252,78.1198,Irrigated,22.32,29.53,16.05,74.8,2.47,0.0,20.38,31.23
2017-12-30,Madurai,9.9252,78.1198,Irrigated,23.13,30.42,17.07,74.3,2.31,0.0,20.41,31.25
2017-12-31,Madurai,9.9252,78.1198,Irrigated,23.29,31.0,16.68,73.58,1.73,0.0,21.99,31.29
2018-01-01,Madurai,9.9252,78.1198,Irrigated,25.01,31.53,19.57,75.26,0.96,0.0,21.16,31.32
2018-01-02,Madurai,9.9252,78.1198,Irrigated,25.81,32.15,21.31,74.78,0.88,0.0,15.75,31.35
2018-01-03,Madurai,9.9252,78.1198,Irrigated,25.18,31.27,21.2,75.28,1.8,0.0,17.89,31.39
2018-01-04,Madurai,9.9252,78.1198,Irrigated,24.44,30.9,19.67,73.41,2.35,0.0,17.07,31.43
2018-01-05,Madurai,9.9252,78.1198,Irrigated,22.87,30.05,17.53,71.15,2.35,0.0,18.55,31.48
2018-01-06,Madurai,9.9252,78.1198,Irrigated,22.33,30.08,16.29,70.83,1.67,0.0,18.73,31.53
2018-01-07,Madurai,9.9252,78.1198,Irrigated,22.14,29.88,16.12,70.79,1.95,0.0,19.22,31.57
2018-01-08,Madurai,9.9252,78.1198,Irrigated,22.38,30.11,16.1,69.56,2.35,0.0,20.34,31.62
2018-01-09,Madurai,9.9252,78.1198,Irrigated,23.31,29.62,17.36,76.83,2.01,2.57,16.29,31.68
2018-01-10,Madurai,9.9252,78.1198,Irrigated,24.69,30.71,20.91,81.08,3.01,2.04,13.66,31.74
2018-01-11,Madurai,9.9252,78.1198,Irrigated,25.64,32.12,21.28,76.91,2.2,0.24,17.87,31.79
2018-01-12,Madurai,9.9252,78.1198,Irrigated,24.77,29.73,21.3,81.97,1.98,0.01,13.29,31.86
2018-01-13,Madurai,9.9252,78.1198,Irrigated,24.47,31.32,19.65,78.68,2.12,0.0,13.92,31.92
2018-01-14,Madurai,9.9252,78.1198,Irrigated,24.1,32.24,18.05,72.2,2.18,0.0,22.68,31.98
2018-01-15,Madurai,9.9252,78.1198,Irrigated,24.44,32.44,19.31,74.26,2.42,0.0,21.06,32.05
2018-01-16,Madurai,9.9252,78.1198,Irrigated,24.71,32.08,19.01,74.04,2.1,0.0,18.04,32.12
2018-01-17,Madurai,9.9252,78.1198,Irrigated,24.56,31.26,19.57,71.18,2.09,0.0,19.31,32.19
2018-01-18,Madurai,9.9252,78.1198,Irrigated,23.08,31.38,17.04,65.51,2.56,0.0,21.78,32.27
2018-01-19,Madurai,9.9252,78.1198,Irrigated,22.5,30.49,15.99,71.63,2.27,0.0,20.35,32.34
2018-01-20,Madurai,9.9252,78.1198,Irrigated,22.73,31.05,15.96,68.85,2.18,0.0,18.93,32.42
2018-01-21,Madurai,9.9252,78.1198,Irrigated,22.95,31.05,16.21,69.15,2.29,0.0,21.93,32.5
2018-01-22,Madurai,9.9252,78.1198,Irrigated,23.41,31.83,16.48,68.59,1.84,0.0,20.17,32.58
2018-01-23,Madurai,9.9252,78.1198,Irrigated,24.2,31.5,17.95,69.46,1.47,0.0,19.16,32.66
2018-01-24,Madurai,9.9252,78.1198,Irrigated,24.67,31.32,19.0,71.03,1.63,0.0,19.2,32.74
2018-01-25,Madurai,9.9252,78.1198,Irrigated,25.14,33.4,18.96,66.13,2.05,0.02,19.48,32.83
2018-01-26,Madurai,9.9252,78.1198,Irrigated,24.36,32.78,18.13,66.19,2.24,0.01,20.68,32.91
2018-01-27,Madurai,9.9252,78.1198,Irrigated,24.48,32.21,17.72,66.78,2.09,0.0,20.1,33.0
2018-01-28,Madurai,9.9252,78.1198,Irrigated,24.23,30.64,18.91,66.05,2.22,0.01,17.52,33.09
2018-01-29,Madurai,9.9252,78.1198,Irrigated,25.02,32.89,18.9,64.32,2.71,0.0,18.71,33.18
2018-01-30,Madurai,9.9252,78.1198,Irrigated,25.0,33.73,18.28,62.86,2.66,0.0,20.19,33.27
2018-01-31,Madurai,9.9252,78.1198,Irrigated,24.23,33.55,18.08,57.38,2.83,0.0,22.54,33.36
2018-02-01,Madurai,9.9252,78.1198,Irrigated,23.61,33.34,15.93,57.76,2.35,0.0,23.08,33.45
2018-02-02,Madurai,9.9252,78.1198,Irrigated,23.46,33.49,15.42,59.07,2.38,0.0,24.3,33.54
2018-02-03,Madurai,9.9252,78.1198,Irrigated,23.1,33.02,14.85,60.52,2.37,0.0,24.08,33.63
2018-02-04,Madurai,9.9252,78.1198,Irrigated,23.67,33.09,16.28,62.88,2.2,0.0,23.31,33.73
2018-02-05,Madurai,9.9252,78.1198,Irrigated,25.52,34.0,18.76,60.33,2.58,0.0,22.6,33.82
2018-02-06,Madurai,9.9252,78.1198,Irrigated,26.48,33.21,20.73,70.88,2.46,0.55,16.63,33.91
2018-02-07,Madurai,9.9252,78.1198,Irrigated,25.9,30.73,22.53,79.61,1.59,7.2,18.38,34.0
2018-02-08,Madurai,9.9252,78.1198,Irrigated,25.77,31.65,21.71,76.38,1.6,2.59,19.35,34.1
2018-02-09,Madurai,9.9252,78.1198,Irrigated,26.66,33.69,21.62,66.68,1.54,0.08,21.59,34.19
2018-02-10,Madurai,9.9252,78.1198,Irrigated,25.57,31.62,21.35,65.95,1.67,0.01,22.64,34.28
2018-02-11,Madurai,9.9252,78.1198,Irrigated,25.5,31.27,21.23,70.65,1.74,0.01,22.26,34.37
2018-02-12,Madurai,9.9252,78.1198,Irrigated,26.08,32.07,21.4,69.23,2.37,0.02,18.46,34.47
2018-02-13,Madurai,9.9252,78.1198,Irrigated,24.51,29.63,20.54,70.9,2.17,0.0,19.52,34.56
2018-02-14,Madurai,9.9252,78.1198,Irrigated,25.91,33.92,19.21,67.27,2.53,0.0,19.71,34.66
2018-02-15,Madurai,9.9252,78.1198,Irrigated,25.95,32.28,20.43,67.84,2.8,0.0,19.0,34.75
2018-02-16,Madurai,9.9252,78.1198,Irrigated,26.3,34.43,20.85,60.65,2.94,0.0,21.01,34.84
2018-02-17,Madurai,9.9252,78.1198,Irrigated,25.52,33.9,19.32,60.34,2.0,0.0,22.31,34.93
2018-02-18,Madurai,9.9252,78.1198,Irrigated,26.14,34.92,19.44,59.58,2.2,0.0,24.18,35.02
2018-02-19,Madurai,9.9252,78.1198,Irrigated,25.37,34.43,17.88,61.19,2.37,0.0,24.8,35.11
2018-02-20,Madurai,9.9252,78.1198,Irrigated,25.64,34.82,18.31,62.78,2.63,0.0,25.46,35.2
2018-02-21,Madurai,9.9252,78.1198,Irrigated,25.83,34.91,19.02,59.46,2.27,0.0,24.74,35.29
2018-02-22,Madurai,9.9252,78.1198,Irrigated,25.63,35.44,17.77,55.66,2.59,0.0,24.8,35.38
2018-02-23,Madurai,9.9252,78.1198,Irrigated,25.56,35.03,18.15,59.66,2.56,0.0,24.39,35.47
2018-02-24,Madurai,9.9252,78.1198,Irrigated,26.53,35.32,19.57,63.89,2.58,0.0,21.95,35.55
2018-02-25,Madurai,9.9252,78.1198,Irrigated,27.22,35.68,19.98,62.84,2.96,0.0,21.84,35.64
2018-02-26,Madurai,9.9252,78.1198,Irrigated,27.75,35.78,20.52,61.03,2.49,0.0,20.84,35.72
2018-02-27,Madurai,9.9252,78.1198,Irrigated,27.74,34.41,22.13,63.02,2.68,0.0,21.06,35.81
2018-02-28,Madurai,9.9252,78.1198,Irrigated,28.39,36.74,21.9,60.82,2.87,0.16,21.68,35.89
2018-03-01,Madurai,9.9252,78.1198,Irrigated,28.09,35.47,22.7,64.89,2.65,1.6,20.58,35.97
2018-03-02,Madurai,9.9252,78.1198,Irrigated,27.73,36.99,19.81,55.4,2.28,0.0,24.74,36.05
2018-03-03,Madurai,9.9252,78.1198,Irrigated,27.56,37.41,18.88,55.28,1.86,0.0,21.87,36.12
2018-03-04,Madurai,9.9252,78.1198,Irrigated,28.19,37.99,20.44,48.06,1.89,0.01,23.48,36.2
2018-03-05,Madurai,9.9252,78.1198,Irrigated,27.62,37.82,18.98,50.49,1.91,0.0,24.93,36.27
2018-03-06,Madurai,9.9252,78.1198,Irrigated,27.79,38.1,19.45,48.79,2.14,0.0,25.6,36.35
2018-03-07,Madurai,9.9252,78.1198,Irrigated,27.73,37.59,18.67,55.33,2.15,0.0,24.13,36.42
2018-03-08,Madurai,9.9252,78.1198,Irrigated,28.4,37.46,20.67,56.18,2.32,0.0,22.27,36.48
2018-03-09,Madurai,9.9252,78.1198,Irrigated,28.15,37.27,20.18,54.2,2.61,0.0,19.94,36.55
2018-03-10,Madurai,9.9252,78.1198,Irrigated,28.46,37.81,20.25,51.2,2.59,0.0,22.7,36.62
2018-03-11,Madurai,9.9252,78.1198,Irrigated,28.65,37.55,21.89,56.93,2.62,0.0,22.22,36.68
2018-03-12,Madurai,9.9252,78.1198,Irrigated,28.27,35.6,23.0,63.61,3.37,0.8,14.81,36.74
2018-03-13,Madurai,9.9252,78.1198,Irrigated,27.15,32.0,23.7,72.14,2.7,4.09,14.22,36.8
2018-03-14,Madurai,9.9252,78.1198,Irrigated,28.04,34.4,23.51,64.79,1.91,1.06,17.08,36.86
2018-03-15,Madurai,9.9252,78.1198,Irrigated,27.99,32.86,24.32,67.46,1.4,0.7,20.77,36.92
2018-03-16,Madurai,9.9252,78.1198,Irrigated,29.32,35.31,23.81,61.84,1.56,0.19,22.88,36.97
2018-03-17,Madurai,9.9252,78.1198,Irrigated,26.91,31.48,23.69,73.77,2.14,0.68,16.63,37.03
2018-03-18,Madurai,9.9252,78.1198,Irrigated,28.43,35.99,23.07,65.8,2.14,3.57,22.5,37.08
2018-03-19,Madurai,9.9252,78.1198,Irrigated,28.64,36.59,23.02,59.22,2.27,0.55,23.83,37.13
2018-03-20,Madurai,9.9252,78.1198,Irrigated,28.48,37.35,21.3,53.37,1.94,0.0,26.27,37.18
2018-03-21,Madurai,9.9252,78.1198,Irrigated,29.95,39.05,22.72,46.16,1.66,0.11,25.78,37.22
2018-03-22,Madurai,9.9252,78.1198,Irrigated,31.18,39.46,23.31,48.03,2.09,0.09,23.33,37.27
2018-03-23,Madurai,9.9252,78.1198,Irrigated,31.58,39.26,25.53,47.86,1.96,1.94,22.78,37.31
2018-03-24,Madurai,9.9252,78.1198,Irrigated,30.58,38.32,25.24,54.91,2.02,0.82,21.53,37.35
2018-03-25,Madurai,9.9252,78.1198,Irrigated,29.5,37.94,23.11,55.38,2.35,0.0,22.27,37.39
2018-03-26,Madurai,9.9252,78.1198,Irrigated,29.33,38.55,21.53,52.65,2.17,0.01,21.5,37.43
2018-03-27,Madurai,9.9252,78.1198,Irrigated,29.54,35.75,23.51,59.48,1.99,0.05,21.0,37.47
2018-03-28,Madurai,9.9252,78.1198,Irrigated,31.35,38.91,25.44,56.22,2.0,0.01,22.29,37.5
2018-03-29,Madurai,9.9252,78.1198,Irrigated,32.04,39.82,25.16,50.86,1.61,0.02,24.6,37.53
2018-03-30,Madurai,9.9252,78.1198,Irrigated,30.41,36.16,26.11,58.73,1.19,0.45,24.51,37.56
2018-03-31,Madurai,9.9252,78.1198,Irrigated,31.23,39.0,24.99,56.82,1.05,1.42,22.48,37.59
2018-04-01,Madurai,9.9252,78.1198,Irrigated,31.38,39.0,25.79,53.86,2.36,0.92,22.23,37.61
2018-04-02,Madurai,9.9252,78.1198,Irrigated,30.62,37.98,24.61,59.19,2.27,0.15,22.6,37.64
2018-04-03,Madurai,9.9252,78.1198,Irrigated,30.82,38.1,25.04,55.88,2.02,0.17,21.73,37.66
2018-04-04,Madurai,9.9252,78.1198,Irrigated,30.43,37.94,24.65,55.54,2.07,0.0,22.43,37.68
2018-04-05,Madurai,9.9252,78.1198,Irrigated,30.2,37.27,25.05,56.15,2.2,0.0,22.21,37.7
2018-04-06,Madurai,9.9252,78.1198,Irrigated,30.12,36.86,24.41,53.51,1.72,0.0,18.04,37.71
2018-04-07,Madurai,9.9252,78.1198,Irrigated,30.66,38.61,24.22,56.84,2.34,0.03,24.51,37.73
2018-04-08,Madurai,9.9252,78.1198,Irrigated,29.99,36.18,24.66,60.61,2.47,0.37,23.43,37.74
2018-04-09,Madurai,9.9252,78.1198,Irrigated,29.28,34.96,25.41,64.34,2.44,1.56,20.83,37.75
2018-04-10,Madurai,9.9252,78.1198,Irrigated,28.72,34.56,24.33,70.23,2.22,5.47,20.5,37.76
2018-04-11,Madurai,9.9252,78.1198,Irrigated,28.2,32.66,24.86,73.91,1.42,3.09,21.32,37.76
2018-04-12,Madurai,9.9252,78.1198,Irrigated,29.02,35.02,24.47,68.91,1.88,1.01,20.62,37.77
2018-04-13,Madurai,9.9252,78.1198,Irrigated,28.95,35.54,24.9,69.67,1.86,4.36,16.98,37.77
2018-04-14,Madurai,9.9252,78.1198,Irrigated,28.38,33.64,24.59,73.85,1.54,7.89,21.39,37.78
2018-04-15,Madurai,9.9252,78.1198,Irrigated,27.44,31.66,24.65,78.48,1.72,5.26,22.03,37.78
2018-04-16,Madurai,9.9252,78.1198,Irrigated,29.01,35.4,23.92,69.84,1.72,1.42,21.19,37.78
2018-04-17,Madurai,9.9252,78.1198,Irrigated,29.52,36.13,25.48,66.26,1.4,0.11,24.36,37.77
2018-04-18,Madurai,9.9252,78.1198,Irrigated,29.67,36.57,24.55,63.46,2.02,0.11,23.15,37.77
2018-04-19,Madurai,9.9252,78.1198,Irrigated,30.4,37.85,24.07,60.46,2.3,0.02,23.84,37.77
2018-04-20,Madurai,9.9252,78.1198,Irrigated,31.23,39.13,24.93,57.69,1.78,0.52,23.03,37.76
2018-04-21,Madurai,9.9252,78.1198,Irrigated,30.52,37.52,25.52,61.75,2.12,0.27,25.21,37.76
2018-04-22,Madurai,9.9252,78.1198,Irrigated,30.93,38.65,24.75,60.76,2.07,0.4,24.75,37.75
2018-04-23,Madurai,9.9252,78.1198,Irrigated,30.9,37.68,25.55,58.79,2.11,0.02,24.42,37.74
2018-04-24,Madurai,9.9252,78.1198,Irrigated,31.57,39.78,24.89,57.69,2.15,0.06,25.14,37.73
2018-04-25,Madurai,9.9252,78.1198,Irrigated,32.06,39.86,25.36,56.45,1.89,0.43,25.18,37.72
2018-04-26,Madurai,9.9252,78.1198,Irrigated,31.34,38.31,26.31,60.03,2.31,1.26,24.62,37.7
2018-04-27,Madurai,9.9252,78.1198,Irrigated,30.34,35.23,26.28,65.72,1.88,2.08,24.0,37.69
2018-04-28,Madurai,9.9252,78.1198,Irrigated,29.38,33.71,25.89,68.27,2.01,0.04,21.17,37.68
2018-04-29,Madurai,9.9252,78.1198,Irrigated,31.58,39.32,25.1,57.76,2.31,0.02,20.73,37.66
2018-04-30,Madurai,9.9252,78.1198,Irrigated,31.75,37.93,26.24,58.04,1.4,3.31,24.49,37.64
2018-05-01,Madurai,9.9252,78.1198,Irrigated,30.72,35.77,26.15,64.36,1.0,1.82,21.25,37.62
2018-05-02,Madurai,9.9252,78.1198,Irrigated,30.5,35.38,26.5,66.14,1.17,5.31,21.55,37.6
2018-05-03,Madurai,9.9252,78.1198,Irrigated,29.7,33.98,26.03,71.93,1.44,3.34,22.49,37.58
2018-05-04,Madurai,9.9252,78.1198,Irrigated,28.39,33.32,25.22,76.74,1.74,7.76,21.83,37.56
2018-05-05,Madurai,9.9252,78.1198,Irrigated,28.69,34.55,24.52,68.81,1.68,5.99,16.42,37.54
2018-05-06,Madurai,9.9252,78.1198,Irrigated,28.95,35.28,24.26,69.01,2.35,2.9,17.71,37.52
2018-05-07,Madurai,9.9252,78.1198,Irrigated,29.82,36.3,24.34,66.34,1.62,0.67,20.7,37.5
2018-05-08,Madurai,9.9252,78.1198,Irrigated,29.11,33.7,25.45,70.93,1.05,6.06,23.15,37.48
2018-05-09,Madurai,9.9252,78.1198,Irrigated,26.72,31.23,24.02,80.07,1.83,34.27,19.6,37.45
2018-05-10,Madurai,9.9252,78.1198,Irrigated,27.16,31.87,23.54,79.05,1.84,9.76,18.61,37.43
2018-05-11,Madurai,9.9252,78.1198,Irrigated,28.9,34.33,24.36,71.0,1.72,0.87,23.3,37.4
2018-05-12,Madurai,9.9252,78.1198,Irrigated,29.33,34.41,24.79,70.78,0.73,3.22,20.04,37.38
2018-05-13,Madurai,9.9252,78.1198,Irrigated,29.64,35.25,25.22,66.81,1.53,3.19,23.48,37.35
2018-05-14,Madurai,9.9252,78.1198,Irrigated,28.32,32.6,24.59,73.73,1.14,3.93,19.9,37.33
2018-05-15,Madurai,9.9252,78.1198,Irrigated,28.75,33.86,24.63,70.26,1.64,2.74,17.68,37.3
2018-05-16,Madurai,9.9252,78.1198,Irrigated,27.83,31.9,24.79,73.53,1.13,1.25,17.86,37.28
2018-05-17,Madurai,9.9252,78.1198,Irrigated,28.05,32.58,24.44,71.51,1.95,0.34,15.94,37.25
2018-05-18,Madurai,9.9252,78.1198,Irrigated,28.75,34.27,23.83,69.66,1.35,2.67,21.16,37.23
2018-05-19,Madurai,9.9252,78.1198,Irrigated,30.22,37.71,23.53,63.81,1.52,0.33,20.15,37.2
2018-05-20,Madurai,9.9252,78.1198,Irrigated,29.94,35.16,25.19,66.53,1.53,0.54,20.32,37.18
2018-05-21,Madurai,9.9252,78.1198,Irrigated,29.48,34.06,25.76,66.41,1.16,0.28,16.29,37.15
2018-05-22,Madurai,9.9252,78.1198,Irrigated,30.1,35.83,24.87,62.58,1.23,3.05,19.48,37.13
2018-05-23,Madurai,9.9252,78.1198,Irrigated,29.41,33.76,25.69,70.74,1.19,2.51,16.99,37.1
2018-05-24,Madurai,9.9252,78.1198,Irrigated,28.45,32.02,25.77,75.28,1.19,6.34,15.54,37.08
2018-05-25,Madurai,9.9252,78.1198,Irrigated,27.43,31.53,24.7,77.93,1.27,13.08,15.09,37.06
2018-05-26,Madurai,9.9252,78.1198,Irrigated,26.35,29.12,24.1,85.85,3.32,2.43,17.9,37.03
2018-05-27,Madurai,9.9252,78.1198,Irrigated,27.85,32.86,24.42,76.8,3.43,1.44,19.42,37.01
2018-05-28,Madurai,9.9252,78.1198,Irrigated,27.74,31.22,24.86,80.07,3.84,6.81,20.22,36.98
2018-05-29,Madurai,9.9252,78.1198,Irrigated,29.42,34.33,25.63,68.78,3.33,0.88,23.34,36.96
2018-05-30,Madurai,9.9252,78.1198,Irrigated,29.47,35.24,24.85,67.7,2.52,0.08,21.5,36.94
2018-05-31,Madurai,9.9252,78.1198,Irrigated,29.55,34.32,25.7,67.44,2.26,0.14,24.01,36.91
2018-06-01,Madurai,9.9252,78.1198,Irrigated,29.21,33.52,25.08,70.02,1.51,0.1,22.85,36.89
2018-06-02,Madurai,9.9252,78.1198,Irrigated,28.29,31.29,25.82,75.61,1.3,0.56,21.57,36.87
2018-06-03,Madurai,9.9252,78.1198,Irrigated,28.06,32.6,24.95,77.46,1.62,1.22,21.01,36.85
2018-06-04,Madurai,9.9252,78.1198,Irrigated,28.15,31.82,25.15,76.67,1.08,4.8,21.79,36.83
2018-06-05,Madurai,9.9252,78.1198,Irrigated,28.79,34.04,24.11,70.03,1.25,1.29,17.93,36.81
2018-06-06,Madurai,9.9252,78.1198,Irrigated,29.16,35.39,24.2,64.45,1.46,0.39,22.21,36.79
2018-06-07,Madurai,9.9252,78.1198,Irrigated,28.94,35.16,24.22,67.09,2.82,0.79,20.73,36.77
2018-06-08,Madurai,9.9252,78.1198,Irrigated,29.43,34.83,24.91,66.62,3.4,0.82,22.35,36.76
2018-06-09,Madurai,9.9252,78.1198,Irrigated,28.84,33.73,25.23,66.75,3.99,1.47,17.05,36.74
2018-06-10,Madurai,9.9252,78.1198,Irrigated,28.85,32.86,25.21,68.59,3.81,0.9,18.31,36.73
2018-06-11,Madurai,9.9252,78.1198,Irrigated,29.29,34.71,25.34,66.36,3.89,1.65,17.41,36.71
2018-06-12,Madurai,9.9252,78.1198,Irrigated,29.17,35.32,24.8,67.58,3.1,0.85,19.27,36.7
2018-06-13,Madurai,9.9252,78.1198,Irrigated,28.92,35.86,24.28,63.54,3.44,1.49,20.06,36.69
2018-06-14,Madurai,9.9252,78.1198,Irrigated,28.48,34.63,24.42,61.74,3.84,0.38,20.71,36.68
2018-06-15,Madurai,9.9252,78.1198,Irrigated,28.79,36.38,22.95,58.83,2.78,0.3,20.97,36.66
2018-06-16,Madurai,9.9252,78.1198,Irrigated,28.58,35.86,23.8,62.1,2.58,8.73,19.86,36.65
2018-06-17,Madurai,9.9252,78.1198,Irrigated,27.78,34.55,22.9,64.48,2.67,0.34,20.19,36.64
2018-06-18,Madurai,9.9252,78.1198,Irrigated,28.74,36.4,22.74,57.68,3.03,0.35,21.37,36.64
2018-06-19,Madurai,9.9252,78.1198,Irrigated,28.87,36.2,23.43,66.52,3.13,0.5,21.59,36.63
2018-06-20,Madurai,9.9252,78.1198,Irrigated,28.04,33.01,23.85,70.25,3.07,0.98,20.21,36.62
2018-06-21,Madurai,9.9252,78.1198,Irrigated,27.71,31.98,24.2,70.21,2.6,0.49,16.84,36.62
2018-06-22,Madurai,9.9252,78.1198,Irrigated,28.67,36.21,23.44,61.13,2.62,0.45,20.36,36.62
2018-06-23,Madurai,9.9252,78.1198,Irrigated,29.4,37.28,23.04,59.5,2.43,0.07,18.55,36.61
2018-06-24,Madurai,9.9252,78.1198,Irrigated,29.44,36.37,24.42,60.25,2.24,0.08,21.56,36.61
2018-06-25,Madurai,9.9252,78.1198,Irrigated,27.95,33.88,23.7,60.6,2.61,0.19,22.45,36.61
2018-06-26,Madurai,9.9252,78.1198,Irrigated,28.38,34.89,23.25,59.0,3.28,0.28,22.78,36.61
2018-06-27,Madurai,9.9252,78.1198,Irrigated,27.64,32.35,23.92,62.11,3.45,0.53,22.24,36.61
2018-06-28,Madurai,9.9252,78.1198,Irrigated,27.42,32.51,23.71,61.42,3.67,0.53,20.37,36.61
2018-06-29,Madurai,9.9252,78.1198,Irrigated,28.23,35.15,23.36,60.62,2.21,0.9,22.47,36.61
2018-06-30,Madurai,9.9252,78.1198,Irrigated,27.9,33.24,23.49,63.28,1.35,11.41,22.18,36.62
2018-07-01,Madurai,9.9252,78.1198,Irrigated,28.5,34.33,23.34,65.2,0.95,11.57,19.48,36.62
2018-07-02,Madurai,9.9252,78.1198,Irrigated,27.95,34.42,22.87,68.05,1.55,8.91,20.73,36.62
2018-07-03,Madurai,9.9252,78.1198,Irrigated,27.85,33.21,23.12,68.73,0.82,6.9,23.84,36.63
2018-07-04,Madurai,9.9252,78.1198,Irrigated,28.98,35.76,23.03,64.09,1.5,0.01,23.73,36.63
2018-07-05,Madurai,9.9252,78.1198,Irrigated,28.98,36.48,22.24,61.59,1.91,0.1,23.8,36.64
2018-07-06,Madurai,9.9252,78.1198,Irrigated,29.09,37.44,22.55,59.8,3.15,0.38,22.65,36.65
2018-07-07,Madurai,9.9252,78.1198,Irrigated,27.92,32.85,24.82,59.24,3.92,0.24,17.07,36.66
2018-07-08,Madurai,9.9252,78.1198,Irrigated,27.8,32.33,24.33,63.63,3.37,0.41,16.86,36.67
2018-07-09,Madurai,9.9252,78.1198,Irrigated,27.45,31.64,24.68,73.18,2.89,2.61,15.27,36.68
2018-07-10,Madurai,9.9252,78.1198,Irrigated,27.4,32.03,24.09,71.64,3.02,3.02,18.08,36.69
2018-07-11,Madurai,9.9252,78.1198,Irrigated,27.52,32.84,23.71,66.97,3.85,1.76,15.53,36.7
2018-07-12,Madurai,9.9252,78.1198,Irrigated,27.45,33.1,23.17,62.32,3.83,0.6,23.12,36.71
2018-07-13,Madurai,9.9252,78.1198,Irrigated,28.29,33.98,23.81,64.15,3.94,1.11,16.03,36.73
2018-07-14,Madurai,9.9252,78.1198,Irrigated,28.14,32.45,24.57,66.63,3.87,0.56,20.07,36.74
2018-07-15,Madurai,9.9252,78.1198,Irrigated,27.48,31.74,24.56,70.13,3.71,4.25,12.92,36.75
2018-07-16,Madurai,9.9252,78.1198,Irrigated,27.56,32.98,23.31,66.15,4.11,3.58,13.42,36.77
2018-07-17,Madurai,9.9252,78.1198,Irrigated,28.36,34.61,23.42,59.09,4.65,0.62,21.98,36.79
2018-07-18,Madurai,9.9252,78.1198,Irrigated,28.03,32.54,24.9,62.91,3.82,1.26,22.94,36.8
2018-07-19,Madurai,9.9252,78.1198,Irrigated,28.75,35.14,24.0,62.91,3.7,0.66,16.96,36.82
2018-07-20,Madurai,9.9252,78.1198,Irrigated,28.3,33.57,24.47,62.15,4.0,0.15,16.57,36.83
2018-07-21,Madurai,9.9252,78.1198,Irrigated,27.96,32.79,24.82,61.34,3.9,0.32,19.02,36.85
2018-07-22,Madurai,9.9252,78.1198,Irrigated,28.74,34.97,24.11,60.41,3.55,0.11,21.58,36.86
2018-07-23,Madurai,9.9252,78.1198,Irrigated,29.41,36.35,24.13,60.36,3.17,0.26,21.82,36.88
2018-07-24,Madurai,9.9252,78.1198,Irrigated,29.1,36.24,23.45,61.53,2.8,1.08,19.33,36.9
2018-07-25,Madurai,9.9252,78.1198,Irrigated,29.53,36.47,24.28,61.65,2.19,1.35,22.64,36.91
2018-07-26,Madurai,9.9252,78.1198,Irrigated,28.51,33.51,24.83,62.32,2.98,0.25,19.67,36.93
2018-07-27,Madurai,9.9252,78.1198,Irrigated,29.41,36.71,23.4,59.69,2.6,0.05,19.76,36.95
2018-07-28,Madurai,9.9252,78.1198,Irrigated,29.57,36.5,23.46,60.53,1.63,0.41,20.75,36.97
2018-07-29,Madurai,9.9252,78.1198,Irrigated,29.14,35.33,24.94,64.04,1.68,0.27,21.32,36.98
2018-07-30,Madurai,9.9252,78.1198,Irrigated,28.04,32.6,25.09,70.19,2.01,0.62,18.06,37.0
2018-07-31,Madurai,9.9252,78.1198,Irrigated,28.45,34.05,24.75,65.98,2.44,2.22,17.91,37.02
2018-08-01,Madurai,9.9252,78.1198,Irrigated,28.74,36.01,23.31,63.38,2.54,0.23,21.04,37.03
2018-08-02,Madurai,9.9252,78.1198,Irrigated,29.41,37.74,22.97,61.99,1.61,7.5,21.12,37.05
2018-08-03,Madurai,9.9252,78.1198,Irrigated,26.97,31.36,23.84,70.31,2.05,9.87,17.0,37.07
2018-08-04,Madurai,9.9252,78.1198,Irrigated,27.76,35.4,22.48,61.58,2.76,3.02,17.81,37.08
2018-08-05,Madurai,9.9252,78.1198,Irrigated,28.29,35.13,23.18,61.6,2.89,0.16,18.16,37.1
2018-08-06,Madurai,9.9252,78.1198,Irrigated,28.06,34.9,23.15,63.47,3.56,0.2,22.88,37.12
2018-08-07,Madurai,9.9252,78.1198,Irrigated,27.83,35.78,22.05,62.41,3.82,0.76,20.46,37.13
2018-08-08,Madurai,9.9252,78.1198,Irrigated,27.41,33.11,23.06,62.68,4.15,3.15,18.03,37.14
2018-08-09,Madurai,9.9252,78.1198,Irrigated,28.25,35.36,23.14,60.67,3.64,0.9,18.64,37.16
2018-08-10,Madurai,9.9252,78.1198,Irrigated,28.24,34.13,23.82,61.68,3.21,1.65,16.14,37.17
2018-08-11,Madurai,9.9252,78.1198,Irrigated,28.64,35.3,23.91,56.58,4.51,0.1,12.52,37.18
2018-08-12,Madurai,9.9252,78.1198,Irrigated,27.56,33.19,24.0,62.68,4.43,0.9,19.26,37.19
2018-08-13,Madurai,9.9252,78.1198,Irrigated,27.73,33.31,23.02,61.82,3.86,1.17,21.03,37.21
2018-08-14,Madurai,9.9252,78.1198,Irrigated,28.02,33.94,23.8,60.41,4.79,2.69,15.89,37.22
2018-08-15,Madurai,9.9252,78.1198,Irrigated,27.94,33.08,24.85,64.97,5.19,11.63,15.53,37.23
2018-08-16,Madurai,9.9252,78.1198,Irrigated,27.43,31.68,24.26,65.47,4.84,5.33,19.54,37.24
2018-08-17,Madurai,9.9252,78.1198,Irrigated,28.7,34.92,24.78,62.67,4.59,1.15,20.32,37.24
2018-08-18,Madurai,9.9252,78.1198,Irrigated,27.59,32.71,24.46,62.77,4.34,0.37,16.73,37.25
2018-08-19,Madurai,9.9252,78.1198,Irrigated,27.89,33.57,23.95,63.13,3.88,0.2,19.32,37.26
2018-08-20,Madurai,9.9252,78.1198,Irrigated,28.34,34.51,23.84,61.34,3.56,0.1,20.23,37.26
2018-08-21,Madurai,9.9252,78.1198,Irrigated,28.81,37.26,22.56,59.27,3.1,0.06,23.94,37.27
2018-08-22,Madurai,9.9252,78.1198,Irrigated,28.75,36.01,22.41,59.38,2.23,0.01,22.55,37.27
2018-08-23,Madurai,9.9252,78.1198,Irrigated,29.05,35.06,23.9,61.08,2.01,0.4,20.72,37.27
2018-08-24,Madurai,9.9252,78.1198,Irrigated,28.97,34.72,24.44,64.34,1.6,5.41,16.07,37.27
2018-08-25,Madurai,9.9252,78.1198,Irrigated,29.46,35.43,23.81,63.84,1.23,1.17,19.06,37.27
2018-08-26,Madurai,9.9252,78.1198,Irrigated,28.44,35.09,23.53,64.51,2.36,4.04,15.36,37.27
2018-08-27,Madurai,9.9252,78.1198,Irrigated,27.87,34.79,22.6,67.01,2.29,5.26,18.46,37.27
2018-08-28,Madurai,9.9252,78.1198,Irrigated,28.54,36.19,22.3,62.42,2.35,0.82,19.52,37.27
2018-08-29,Madurai,9.9252,78.1198,Irrigated,28.24,34.7,23.11,62.25,2.11,0.64,20.15,37.26
2018-08-30,Madurai,9.9252,78.1198,Irrigated,28.56,35.01,23.51,66.28,1.91,9.86,20.33,37.25
2018-08-31,Madurai,9.9252,78.1198,Irrigated,27.41,32.8,23.75,71.21,1.62,8.07,17.19,37.24
2018-09-01,Madurai,9.9252,78.1198,Irrigated,27.72,34.5,23.17,70.71,1.1,9.73,21.08,37.24
2018-09-02,Madurai,9.9252,78.1198,Irrigated,27.83,33.27,23.04,68.59,1.11,0.77,21.23,37.23
2018-09-03,Madurai,9.9252,78.1198,Irrigated,29.51,36.19,23.53,59.32,1.06,0.05,20.24,37.21
2018-09-04,Madurai,9.9252,78.1198,Irrigated,30.05,36.86,23.9,59.3,1.4,0.03,23.84,37.2
2018-09-05,Madurai,9.9252,78.1198,Irrigated,29.35,37.44,22.57,57.29,1.39,0.0,25.6,37.18
2018-09-06,Madurai,9.9252,78.1198,Irrigated,29.35,38.02,22.49,58.3,2.05,0.0,25.1,37.16
2018-09-07,Madurai,9.9252,78.1198,Irrigated,28.71,37.12,21.36,56.21,2.81,0.0,26.21,37.15
2018-09-08,Madurai,9.9252,78.1198,Irrigated,29.66,37.86,21.91,56.96,1.59,0.0,26.08,37.13
2018-09-09,Madurai,9.9252,78.1198,Irrigated,30.36,37.5,23.79,56.98,1.29,0.65,23.52,37.1
2018-09-10,Madurai,9.9252,78.1198,Irrigated,28.92,34.79,24.72,65.94,1.36,8.23,21.05,37.08
2018-09-11,Madurai,9.9252,78.1198,Irrigated,29.68,36.7,23.8,63.29,1.41,0.46,23.54,37.06
2018-09-12,Madurai,9.9252,78.1198,Irrigated,30.4,37.71,23.99,59.56,1.3,0.0,24.11,37.03
2018-09-13,Madurai,9.9252,78.1198,Irrigated,30.63,37.17,25.0,60.63,0.67,0.89,22.78,37.0
2018-09-14,Madurai,9.9252,78.1198,Irrigated,29.5,35.33,25.15,67.25,1.14,5.05,22.18,36.97
2018-09-15,Madurai,9.9252,78.1198,Irrigated,27.68,32.34,24.08,67.04,1.45,2.39,21.43,36.94
2018-09-16,Madurai,9.9252,78.1198,Irrigated,26.36,31.38,22.18,66.55,1.85,2.85,17.45,36.91
2018-09-17,Madurai,9.9252,78.1198,Irrigated,27.94,33.8,23.21,66.77,1.19,0.25,15.53,36.88
2018-09-18,Madurai,9.9252,78.1198,Irrigated,28.63,35.84,23.09,61.05,2.6,0.06,20.01,36.84
2018-09-19,Madurai,9.9252,78.1198,Irrigated,28.46,36.43,22.92,64.94,2.07,3.26,18.75,36.8
2018-09-20,Madurai,9.9252,78.1198,Irrigated,28.74,37.45,22.27,60.63,2.38,0.67,20.66,36.76
2018-09-21,Madurai,9.9252,78.1198,Irrigated,28.79,38.53,21.58,56.67,1.73,0.12,24.91,36.72
2018-09-22,Madurai,9.9252,78.1198,Irrigated,28.72,35.94,22.1,62.5,1.09,0.23,24.26,36.68
2018-09-23,Madurai,9.9252,78.1198,Irrigated,29.03,34.13,24.45,68.58,1.16,4.88,23.4,36.63
2018-09-24,Madurai,9.9252,78.1198,Irrigated,27.82,31.02,24.87,76.08,0.6,8.73,19.02,36.59
2018-09-25,Madurai,9.9252,78.1198,Irrigated,28.19,33.04,23.85,72.08,1.07,4.79,22.26,36.54
2018-09-26,Madurai,9.9252,78.1198,Irrigated,27.98,32.92,23.86,71.0,1.55,1.38,22.8,36.49
2018-09-27,Madurai,9.9252,78.1198,Irrigated,28.21,35.13,23.64,72.0,1.74,15.26,20.18,36.44
2018-09-28,Madurai,9.9252,78.1198,Irrigated,26.94,31.4,23.82,81.19,1.23,18.15,15.63,36.39
2018-09-29,Madurai,9.9252,78.1198,Irrigated,27.13,32.09,23.76,79.06,1.74,11.16,18.7,36.33
2018-09-30,Madurai,9.9252,78.1198,Irrigated,27.55,32.9,23.46,76.21,1.52,4.89,18.48,36.28
2018-10-01,Madurai,9.9252,78.1198,Irrigated,27.32,32.22,23.73,78.99,1.38,7.04,19.32,36.22
2018-10-02,Madurai,9.9252,78.1198,Irrigated,26.92,31.2,23.64,80.69,1.53,9.37,15.58,36.16
2018-10-03,Madurai,9.9252,78.1198,Irrigated,26.4,30.04,23.68,82.04,1.45,6.19,7.52,36.1
2018-10-04,Madurai,9.9252,78.1198,Irrigated,25.47,28.6,23.19,84.97,2.07,12.77,10.71,36.04
2018-10-05,Madurai,9.9252,78.1198,Irrigated,25.76,29.7,23.29,87.2,2.46,10.9,8.35,35.98
2018-10-06,Madurai,9.9252,78.1198,Irrigated,25.99,29.4,23.77,86.46,1.89,13.32,12.29,35.91
2018-10-07,Madurai,9.9252,78.1198,Irrigated,26.37,30.46,23.27,82.74,1.0,8.76,17.37,35.84
2018-10-08,Madurai,9.9252,78.1198,Irrigated,26.29,29.93,23.26,81.77,0.77,20.6,15.59,35.78
2018-10-09,Madurai,9.9252,78.1198,Irrigated,25.89,30.17,23.15,81.99,1.12,4.62,16.2,35.71
2018-10-10,Madurai,9.9252,78.1198,Irrigated,27.08,31.97,22.54,74.95,1.13,0.11,21.63,35.64
2018-10-11,Madurai,9.9252,78.1198,Irrigated,28.01,34.2,22.9,70.38,1.16,0.05,20.99,35.57
2018-10-12,Madurai,9.9252,78.1198,Irrigated,27.59,33.43,22.85,75.51,1.55,0.06,20.32,35.49
2018-10-13,Madurai,9.9252,78.1198,Irrigated,27.2,32.71,23.08,78.25,2.2,0.77,20.68,35.42
2018-10-14,Madurai,9.9252,78.1198,Irrigated,26.84,32.07,22.91,80.44,1.49,10.28,19.35,35.35
2018-10-15,Madurai,9.9252,78.1198,Irrigated,26.58,30.36,23.62,81.51,0.87,1.24,18.77,35.27
2018-10-16,Madurai,9.9252,78.1198,Irrigated,25.75,29.09,23.26,84.22,1.39,9.09,15.56,35.19
2018-10-17,Madurai,9.9252,78.1198,Irrigated,25.87,29.91,22.58,78.88,0.85,2.01,16.54,35.12
2018-10-18,Madurai,9.9252,78.1198,Irrigated,26.17,30.58,22.76,79.14,1.15,1.07,16.72,35.04
2018-10-19,Madurai,9.9252,78.1198,Irrigated,26.21,31.2,22.52,80.42,1.13,2.08,22.18,34.96
2018-10-20,Madurai,9.9252,78.1198,Irrigated,26.13,30.64,22.29,81.03,1.22,4.32,15.13,34.88
2018-10-21,Madurai,9.9252,78.1198,Irrigated,26.21,30.9,22.96,82.32,1.27,2.97,16.98,34.8
2018-10-22,Madurai,9.9252,78.1198,Irrigated,25.79,29.09,23.17,83.95,1.4,3.74,14.79,34.71
2018-10-23,Madurai,9.9252,78.1198,Irrigated,25.97,31.29,21.73,71.08,1.34,0.8,17.48,34.63
2018-10-24,Madurai,9.9252,78.1198,Irrigated,25.96,31.76,20.73,73.11,1.49,2.33,16.91,34.55
2018-10-25,Madurai,9.9252,78.1198,Irrigated,25.69,30.08,22.25,81.74,1.9,4.41,9.04,34.46
2018-10-26,Madurai,9.9252,78.1198,Irrigated,25.87,31.61,21.83,77.68,2.57,0.23,12.41,34.38
2018-10-27,Madurai,9.9252,78.1198,Irrigated,25.96,31.8,20.84,78.1,2.02,0.23,18.24,34.3
2018-10-28,Madurai,9.9252,78.1198,Irrigated,26.29,33.16,21.18,69.52,2.25,0.03,21.31,34.21
2018-10-29,Madurai,9.9252,78.1198,Irrigated,27.15,33.77,20.97,60.9,1.57,0.0,17.22,34.12
2018-10-30,Madurai,9.9252,78.1198,Irrigated,27.7,33.78,21.22,60.86,0.93,0.18,19.12,34.04
2018-10-31,Madurai,9.9252,78.1198,Irrigated,26.53,30.44,23.86,81.9,1.71,3.07,14.87,33.95
2018-11-01,Madurai,9.9252,78.1198,Irrigated,26.04,29.84,23.59,85.73,2.35,8.59,8.67,33.87
2018-11-02,Madurai,9.9252,78.1198,Irrigated,25.56,29.58,23.08,86.27,1.91,10.15,12.64,33.78
2018-11-03,Madurai,9.9252,78.1198,Irrigated,25.01,28.13,22.81,89.25,1.79,22.17,14.32,33.69
2018-11-04,Madurai,9.9252,78.1198,Irrigated,25.6,30.65,21.63,82.53,1.99,1.87,20.35,33.61
2018-11-05,Madurai,9.9252,78.1198,Irrigated,25.27,30.34,21.62,82.45,1.54,0.21,20.76,33.52
2018-11-06,Madurai,9.9252,78.1198,Irrigated,25.09,29.61,21.46,83.04,1.92,0.89,10.3,33.43
2018-11-07,Madurai,9.9252,78.1198,Irrigated,25.22,30.36,21.72,78.37,1.88,0.59,14.61,33.35
2018-11-08,Madurai,9.9252,78.1198,Irrigated,24.29,28.38,21.27,84.53,1.57,1.68,11.4,33.27
2018-11-09,Madurai,9.9252,78.1198,Irrigated,25.16,29.43,22.33,84.55,1.68,1.31,16.34,33.18
2018-11-10,Madurai,9.9252,78.1198,Irrigated,25.44,31.33,21.02,78.08,2.04,0.04,21.65,33.1
2018-11-11,Madurai,9.9252,78.1198,Irrigated,25.54,32.24,20.82,73.23,1.72,0.06,18.39,33.02
2018-11-12,Madurai,9.9252,78.1198,Irrigated,25.69,32.09,19.78,71.81,1.25,0.01,17.26,32.93
2018-11-13,Madurai,9.9252,78.1198,Irrigated,26.24,32.87,20.42,71.32,1.08,0.0,18.09,32.85
2018-11-14,Madurai,9.9252,78.1198,Irrigated,26.44,32.82,21.46,73.6,1.07,0.0,18.57,32.77
2018-11-15,Madurai,9.9252,78.1198,Irrigated,26.8,33.88,20.69,73.92,1.44,8.86,18.84,32.69
2018-11-16,Madurai,9.9252,78.1198,Irrigated,24.5,27.18,22.03,92.21,2.13,48.82,5.14,32.62
2018-11-17,Madurai,9.9252,78.1198,Irrigated,25.28,30.03,21.37,84.43,1.1,0.06,16.74,32.54
2018-11-18,Madurai,9.9252,78.1198,Irrigated,25.74,30.09,23.03,84.98,1.28,1.58,15.53,32.47
2018-11-19,Madurai,9.9252,78.1198,Irrigated,25.75,30.35,22.41,85.15,1.56,4.26,15.98,32.39
2018-11-20,Madurai,9.9252,78.1198,Irrigated,24.42,27.48,22.42,87.83,1.8,3.45,13.8,32.32
2018-11-21,Madurai,9.9252,78.1198,Irrigated,24.76,29.31,22.04,81.49,2.6,0.35,19.32,32.25
2018-11-22,Madurai,9.9252,78.1198,Irrigated,24.02,26.21,21.79,89.05,2.62,3.51,14.9,32.18
2018-11-23,Madurai,9.9252,78.1198,Irrigated,24.77,27.5,22.53,88.59,1.43,5.9,13.24,32.11
2018-11-24,Madurai,9.9252,78.1198,Irrigated,24.74,28.86,22.06,87.78,1.86,2.79,13.27,32.04
2018-11-25,Madurai,9.9252,78.1198,Irrigated,24.31,29.33,20.39,85.26,1.94,0.12,17.2,31.98
2018-11-26,Madurai,9.9252,78.1198,Irrigated,23.89,29.43,19.49,80.98,2.16,0.0,14.28,31.91
2018-11-27,Madurai,9.9252,78.1198,Irrigated,22.9,29.24,17.09,79.81,2.18,0.0,18.6,31.85
2018-11-28,Madurai,9.9252,78.1198,Irrigated,23.9,29.76,18.55,81.31,2.31,0.83,17.56,31.79
2018-11-29,Madurai,9.9252,78.1198,Irrigated,24.51,29.34,21.58,87.9,2.82,9.9,10.31,31.74
2018-11-30,Madurai,9.9252,78.1198,Irrigated,24.89,30.18,21.39,85.78,2.49,1.65,15.98,31.68
2018-12-01,Madurai,9.9252,78.1198,Irrigated,24.32,29.23,20.57,83.36,2.16,0.18,19.4,31.63
2018-12-02,Madurai,9.9252,78.1198,Irrigated,23.95,30.02,18.91,80.07,1.97,0.0,20.9,31.57
2018-12-03,Madurai,9.9252,78.1198,Irrigated,24.79,30.87,19.24,82.26,2.1,1.72,18.91,31.53
2018-12-04,Madurai,9.9252,78.1198,Irrigated,25.22,29.63,22.41,86.53,1.82,6.11,13.75,31.48
2018-12-05,Madurai,9.9252,78.1198,Irrigated,25.44,30.17,21.91,84.68,1.74,0.65,14.5,31.44
2018-12-06,Madurai,9.9252,78.1198,Irrigated,25.32,30.13,22.16,83.88,1.8,0.49,18.34,31.4
2018-12-07,Madurai,9.9252,78.1198,Irrigated,25.2,30.79,20.48,82.75,2.21,0.07,17.83,31.36
2018-12-08,Madurai,9.9252,78.1198,Irrigated,25.12,31.12,21.27,80.54,2.32,0.0,15.39,31.32
2018-12-09,Madurai,9.9252,78.1198,Irrigated,24.73,31.6,19.88,79.89,2.24,0.0,16.48,31.29
2018-12-10,Madurai,9.9252,78.1198,Irrigated,24.57,31.24,19.53,76.92,1.84,0.0,16.58,31.26
2018-12-11,Madurai,9.9252,78.1198,Irrigated,23.99,30.26,19.4,76.94,1.55,0.0,17.43,31.23
2018-12-12,Madurai,9.9252,78.1198,Irrigated,24.69,31.63,18.84,75.33,1.56,0.0,17.04,31.2
2018-12-13,Madurai,9.9252,78.1198,Irrigated,24.93,31.86,19.79,75.02,1.58,0.0,15.33,31.18
2018-12-14,Madurai,9.9252,78.1198,Irrigated,24.78,31.73,19.35,74.87,2.08,0.0,19.21,31.16
2018-12-15,Madurai,9.9252,78.1198,Irrigated,24.83,31.85,19.49,75.57,2.68,0.0,15.43,31.15
2018-12-16,Madurai,9.9252,78.1198,Irrigated,24.43,31.31,19.65,68.02,1.72,0.0,14.43,31.13
2018-12-17,Madurai,9.9252,78.1198,Irrigated,25.52,33.59,18.47,64.43,1.15,0.0,17.32,31.12
2018-12-18,Madurai,9.9252,78.1198,Irrigated,25.64,31.37,21.41,77.36,1.57,0.0,15.33,31.12
2018-12-19,Madurai,9.9252,78.1198,Irrigated,24.78,30.11,20.77,77.63,2.22,0.0,14.44,31.11
2018-12-20,Madurai,9.9252,78.1198,Irrigated,24.25,31.33,19.41,74.85,1.73,0.0,20.03,31.11
2018-12-21,Madurai,9.9252,78.1198,Irrigated,25.33,32.36,19.76,76.84,1.89,0.23,15.64,31.11
2018-12-22,Madurai,9.9252,78.1198,Irrigated,23.04,26.58,20.68,82.72,2.8,1.65,7.4,31.11
2018-12-23,Madurai,9.9252,78.1198,Irrigated,25.0,29.64,22.04,85.08,2.73,3.27,12.48,31.12
2018-12-24,Madurai,9.9252,78.1198,Irrigated,24.34,27.94,22.0,86.71,1.96,0.72,13.08,31.13
2018-12-25,Madurai,9.9252,78.1198,Irrigated,25.25,32.2,20.16,74.78,2.16,0.07,16.8,31.14
2018-12-26,Madurai,9.9252,78.1198,Irrigated,25.21,32.71,20.15,72.49,1.63,0.01,18.48,31.16
2018-12-27,Madurai,9.9252,78.1198,Irrigated,24.86,32.44,19.33,72.87,1.64,0.0,19.61,31.18
2018-12-28,Madurai,9.9252,78.1198,Irrigated,24.94,31.13,20.24,74.86,1.41,0.02,17.11,31.2
2018-12-29,Madurai,9.9252,78.1198,Irrigated,24.74,29.74,21.28,78.05,2.65,0.11,10.47,31.22
2018-12-30,Madurai,9.9252,78.1198,Irrigated,24.24,30.81,19.6,74.11,2.91,0.01,15.23,31.25
2018-12-31,Madurai,9.9252,78.1198,Irrigated,23.72,30.32,18.83,73.8,2.78,0.01,14.52,31.28
2019-01-01,Madurai,9.9252,78.1198,Irrigated,22.52,30.45,16.63,70.59,2.34,0.0,17.47,31.31
2019-01-02,Madurai,9.9252,78.1198,Irrigated,21.65,29.7,15.09,72.09,2.53,0.0,20.89,31.34
2019-01-03,Madurai,9.9252,78.1198,Irrigated,22.17,30.68,15.28,70.99,2.46,0.0,20.82,31.38
2019-01-04,Madurai,9.9252,78.1198,Irrigated,22.3,30.35,15.52,71.34,2.81,0.0,22.02,31.42
2019-01-05,Madurai,9.9252,78.1198,Irrigated,22.77,31.04,15.95,71.78,2.28,0.0,20.03,31.47
2019-01-06,Madurai,9.9252,78.1198,Irrigated,22.76,30.47,16.0,72.41,2.22,0.0,19.95,31.51
2019-01-07,Madurai,9.9252,78.1198,Irrigated,23.59,31.49,16.74,70.65,1.96,0.0,19.85,31.56
2019-01-08,Madurai,9.9252,78.1198,Irrigated,23.68,32.36,17.7,68.26,2.25,0.0,20.47,31.61
2019-01-09,Madurai,9.9252,78.1198,Irrigated,22.85,32.15,15.57,68.27,2.21,0.0,22.55,31.67
2019-01-10,Madurai,9.9252,78.1198,Irrigated,22.89,32.18,15.29,68.68,2.25,0.0,22.12,31.72
2019-01-11,Madurai,9.9252,78.1198,Irrigated,23.34,32.1,16.62,69.21,2.37,0.0,20.99,31.78
2019-01-12,Madurai,9.9252,78.1198,Irrigated,23.53,32.24,16.64,65.29,2.68,0.0,21.58,31.84
2019-01-13,Madurai,9.9252,78.1198,Irrigated,23.97,32.2,16.31,71.92,2.3,0.0,15.3,31.91
2019-01-14,Madurai,9.9252,78.1198,Irrigated,24.49,31.88,19.22,70.08,2.27,0.33,18.49,31.97
2019-01-15,Madurai,9.9252,78.1198,Irrigated,24.19,32.4,17.98,65.05,2.44,1.44,19.86,32.04
2019-01-16,Madurai,9.9252,78.1198,Irrigated,24.2,32.92,17.83,64.11,2.65,0.0,18.58,32.11
2019-01-17,Madurai,9.9252,78.1198,Irrigated,23.39,31.94,16.38,65.33,2.44,0.0,19.18,32.18
2019-01-18,Madurai,9.9252,78.1198,Irrigated,22.98,31.59,15.88,64.51,2.32,0.0,18.3,32.25
2019-01-19,Madurai,9.9252,78.1198,Irrigated,22.97,31.9,15.72,65.18,2.16,0.0,20.16,32.33
2019-01-20,Madurai,9.9252,78.1198,Irrigated,22.9,32.09,15.41,64.78,2.54,0.0,17.09,32.41
2019-01-21,Madurai,9.9252,78.1198,Irrigated,23.01,32.6,15.15,62.84,2.03,0.0,17.29,32.48
2019-01-22,Madurai,9.9252,78.1198,Irrigated,23.57,32.87,15.76,66.03,1.85,0.0,21.18,32.56
2019-01-23,Madurai,9.9252,78.1198,Irrigated,24.71,33.29,17.98,67.7,2.07,0.0,21.73,32.64
2019-01-24,Madurai,9.9252,78.1198,Irrigated,25.51,33.54,18.44,68.01,2.03,0.0,20.12,32.73
2019-01-25,Madurai,9.9252,78.1198,Irrigated,26.57,33.82,20.48,68.61,1.83,0.0,17.86,32.81
2019-01-26,Madurai,9.9252,78.1198,Irrigated,27.27,34.37,21.72,68.85,2.03,0.0,17.97,32.9
2019-01-27,Madurai,9.9252,78.1198,Irrigated,27.18,34.14,22.09,65.99,2.2,0.09,18.16,32.98
2019-01-28,Madurai,9.9252,78.1198,Irrigated,27.19,34.11,22.27,62.9,2.01,0.11,19.01,33.07
2019-01-29,Madurai,9.9252,78.1198,Irrigated,26.53,33.36,22.08,61.58,2.76,0.0,17.17,33.16
2019-01-30,Madurai,9.9252,78.1198,Irrigated,26.02,33.65,20.32,63.36,3.0,0.0,20.76,33.25
2019-01-31,Madurai,9.9252,78.1198,Irrigated,25.75,33.34,18.97,63.72,2.59,0.0,19.65,33.34
2019-02-01,Madurai,9.9252,78.1198,Irrigated,26.0,33.48,20.03,63.26,2.23,0.0,17.52,33.43
2019-02-02,Madurai,9.9252,78.1198,Irrigated,26.44,34.51,20.51,61.74,2.2,0.0,20.33,33.52
2019-02-03,Madurai,9.9252,78.1198,Irrigated,26.9,35.18,20.6,59.62,2.45,0.0,20.78,33.61
2019-02-04,Madurai,9.9252,78.1198,Irrigated,27.18,34.94,21.22,63.96,3.17,0.04,14.2,33.7
2019-02-05,Madurai,9.9252,78.1198,Irrigated,27.46,33.8,22.56,64.59,3.06,0.04,13.17,33.79
2019-02-06,Madurai,9.9252,78.1198,Irrigated,27.33,35.33,21.08,59.95,2.49,0.02,19.71,33.89
2019-02-07,Madurai,9.9252,78.1198,Irrigated,27.45,35.83,20.75,60.06,2.08,0.0,20.1,33.98
2019-02-08,Madurai,9.9252,78.1198,Irrigated,28.61,36.95,21.71,61.83,1.8,0.0,19.05,34.08
2019-02-09,Madurai,9.9252,78.1198,Irrigated,27.84,34.15,23.56,70.23,1.78,3.08,15.4,34.17
2019-02-10,Madurai,9.9252,78.1198,Irrigated,27.61,34.09,23.2,69.09,1.88,2.27,15.49,34.26
2019-02-11,Madurai,9.9252,78.1198,Irrigated,27.67,35.59,22.28,63.05,2.92,0.21,19.39,34.36
2019-02-12,Madurai,9.9252,78.1198,Irrigated,27.46,35.25,22.39,61.53,3.47,0.0,19.04,34.45
2019-02-13,Madurai,9.9252,78.1198,Irrigated,27.25,35.5,21.04,59.64,3.23,0.0,20.89,34.55
2019-02-14,Madurai,9.9252,78.1198,Irrigated,28.03,35.99,21.26,63.86,2.82,0.0,20.23,34.64
2019-02-15,Madurai,9.9252,78.1198,Irrigated,28.7,36.27,22.9,61.78,2.44,0.09,18.42,34.74
2019-02-16,Madurai,9.9252,78.1198,Irrigated,29.61,37.66,22.55,57.46,1.84,0.04,20.72,34.83
2019-02-17,Madurai,9.9252,78.1198,Irrigated,30.09,37.81,24.06,60.07,1.67,0.11,20.83,34.92
2019-02-18,Madurai,9.9252,78.1198,Irrigated,30.37,37.85,24.5,58.84,2.27,0.09,19.0,35.01
2019-02-19,Madurai,9.9252,78.1198,Irrigated,29.6,36.79,23.82,60.88,2.44,0.09,20.08,35.1
2019-02-20,Madurai,9.9252,78.1198,Irrigated,28.74,36.57,23.53,59.62,2.87,0.01,23.0,35.19
2019-02-21,Madurai,9.9252,78.1198,Irrigated,28.16,36.66,21.59,58.35,2.68,0.0,23.68,35.28
2019-02-22,Madurai,9.9252,78.1198,Irrigated,27.24,36.78,20.06,53.78,2.78,0.0,25.41,35.37
2019-02-23,Madurai,9.9252,78.1198,Irrigated,27.02,36.62,18.79,54.09,2.34,0.0,25.06,35.45
2019-02-24,Madurai,9.9252,78.1198,Irrigated,27.31,37.12,19.15,56.62,2.27,0.0,25.28,35.54
2019-02-25,Madurai,9.9252,78.1198,Irrigated,27.79,38.23,18.74,53.8,1.86,0.0,24.99,35.62
2019-02-26,Madurai,9.9252,78.1198,Irrigated,29.53,39.22,21.33,52.57,1.88,0.0,21.38,35.7
2019-02-27,Madurai,9.9252,78.1198,Irrigated,30.74,39.58,23.5,53.21,1.99,0.01,21.73,35.79
2019-02-28,Madurai,9.9252,78.1198,Irrigated,30.75,38.13,24.45,53.24,2.11,0.07,21.18,35.87
2019-03-01,Madurai,9.9252,78.1198,Irrigated,30.36,38.35,24.17,58.52,2.53,0.2,20.29,35.95
2019-03-02,Madurai,9.9252,78.1198,Irrigated,29.6,37.44,24.2,56.78,2.98,0.08,22.62,36.03
2019-03-03,Madurai,9.9252,78.1198,Irrigated,29.91,38.2,23.63,55.84,2.66,0.01,24.2,36.1
2019-03-04,Madurai,9.9252,78.1198,Irrigated,29.96,38.26,23.84,52.83,2.14,0.0,21.09,36.18
2019-03-05,Madurai,9.9252,78.1198,Irrigated,31.18,40.64,23.34,46.26,1.93,0.0,24.75,36.25
2019-03-06,Madurai,9.9252,78.1198,Irrigated,31.74,40.96,24.29,48.69,2.28,0.7,24.37,36.32
2019-03-07,Madurai,9.9252,78.1198,Irrigated,31.85,40.86,25.18,53.71,2.42,0.64,24.73,36.4
2019-03-08,Madurai,9.9252,78.1198,Irrigated,31.32,39.35,25.14,55.72,2.87,0.01,24.42,36.47
2019-03-09,Madurai,9.9252,78.1198,Irrigated,30.73,37.9,25.72,56.74,1.99,2.57,21.91,36.54
2019-03-10,Madurai,9.9252,78.1198,Irrigated,30.57,38.29,24.7,56.9,2.32,0.98,24.07,36.6
2019-03-11,Madurai,9.9252,78.1198,Irrigated,29.74,37.84,23.77,51.1,2.18,0.0,25.64,36.67
2019-03-12,Madurai,9.9252,78.1198,Irrigated,28.76,37.62,22.15,51.15,2.15,0.0,25.47,36.73
2019-03-13,Madurai,9.9252,78.1198,Irrigated,28.51,37.49,20.87,49.82,2.38,0.0,23.43,36.79
2019-03-14,Madurai,9.9252,78.1198,Irrigated,28.78,38.13,21.03,46.86,2.53,0.0,25.74,36.85
2019-03-15,Madurai,9.9252,78.1198,Irrigated,29.11,37.58,22.21,45.33,2.54,0.0,24.85,36.91
2019-03-16,Madurai,9.9252,78.1198,Irrigated,28.87,37.85,21.37,55.03,2.34,0.0,22.02,36.97
2019-03-17,Madurai,9.9252,78.1198,Irrigated,29.3,38.19,22.17,56.47,2.33,0.0,22.95,37.02
2019-03-18,Madurai,9.9252,78.1198,Irrigated,30.1,38.56,23.34,56.82,2.43,0.05,24.03,37.08
2019-03-19,Madurai,9.9252,78.1198,Irrigated,30.1,37.42,24.39,56.09,2.26,0.04,24.08,37.13
2019-03-20,Madurai,9.9252,78.1198,Irrigated,30.07,38.32,24.06,51.77,2.23,0.07,24.48,37.17
2019-03-21,Madurai,9.9252,78.1198,Irrigated,29.73,38.42,23.18,52.77,2.03,0.0,24.54,37.22
2019-03-22,Madurai,9.9252,78.1198,Irrigated,30.34,39.06,23.54,53.26,1.97,0.0,23.48,37.27
2019-03-23,Madurai,9.9252,78.1198,Irrigated,30.97,39.74,24.56,53.2,2.09,0.0,24.1,37.31
2019-03-24,Madurai,9.9252,78.1198,Irrigated,31.18,40.04,24.25,45.66,2.11,0.0,25.56,37.35
2019-03-25,Madurai,9.9252,78.1198,Irrigated,30.89,39.6,24.58,43.66,2.42,0.0,26.16,37.39
2019-03-26,Madurai,9.9252,78.1198,Irrigated,30.21,39.04,23.71,47.77,2.18,0.0,26.38,37.42
2019-03-27,Madurai,9.9252,78.1198,Irrigated,30.08,39.17,22.16,45.88,1.82,0.0,25.23,37.46
2019-03-28,Madurai,9.9252,78.1198,Irrigated,30.42,39.57,22.94,45.56,2.27,0.0,26.52,37.49
2019-03-29,Madurai,9.9252,78.1198,Irrigated,31.14,40.35,23.52,38.15,2.27,0.0,26.39,37.52
2019-03-30,Madurai,9.9252,78.1198,Irrigated,31.38,40.09,25.09,40.31,2.24,0.0,25.56,37.55
2019-03-31,Madurai,9.9252,78.1198,Irrigated,32.19,41.36,24.56,41.68,1.79,0.0,26.07,37.58
2019-04-01,Madurai,9.9252,78.1198,Irrigated,32.21,40.92,25.24,48.18,2.34,0.0,25.56,37.6
2019-04-02,Madurai,9.9252,78.1198,Irrigated,31.62,40.17,24.82,50.18,2.22,0.0,25.72,37.63
2019-04-03,Madurai,9.9252,78.1198,Irrigated,30.85,39.72,23.91,52.75,2.4,0.0,25.54,37.65
2019-04-04,Madurai,9.9252,78.1198,Irrigated,30.91,39.22,23.94,52.11,2.26,0.1,24.88,37.67
2019-04-05,Madurai,9.9252,78.1198,Irrigated,32.12,39.92,25.24,49.95,2.2,0.11,24.15,37.69
2019-04-06,Madurai,9.9252,78.1198,Irrigated,32.2,40.19,25.44,46.57,2.14,0.01,26.55,37.71
2019-04-07,Madurai,9.9252,78.1198,Irrigated,32.02,40.84,24.85,49.23,2.26,0.0,25.72,37.72
2019-04-08,Madurai,9.9252,78.1198,Irrigated,31.98,40.0,25.59,55.67,2.6,0.0,23.48,37.74
2019-04-09,Madurai,9.9252,78.1198,Irrigated,32.44,40.42,26.15,51.58,2.51,0.04,23.09,37.75
2019-04-10,Madurai,9.9252,78.1198,Irrigated,31.95,39.88,25.25,54.51,2.48,0.02,23.44,37.75
2019-04-11,Madurai,9.9252,78.1198,Irrigated,32.06,40.22,25.51,49.5,1.87,0.0,24.24,37.76
2019-04-12,Madurai,9.9252,78.1198,Irrigated,32.33,40.83,25.26,49.02,2.24,0.0,25.3,37.76
2019-04-13,Madurai,9.9252,78.1198,Irrigated,32.01,40.4,25.18,49.01,2.01,0.0,23.99,37.77
2019-04-14,Madurai,9.9252,78.1198,Irrigated,32.07,40.09,25.28,46.3,2.1,0.0,22.73,37.77
2019-04-15,Madurai,9.9252,78.1198,Irrigated,32.42,40.9,25.19,46.52,2.37,0.0,23.52,37.77
2019-04-16,Madurai,9.9252,78.1198,Irrigated,32.27,40.96,25.88,51.1,2.48,3.36,23.98,37.78
2019-04-17,Madurai,9.9252,78.1198,Irrigated,30.28,35.35,26.86,61.73,1.43,6.63,16.84,37.78
2019-04-18,Madurai,9.9252,78.1198,Irrigated,30.76,37.03,26.57,61.18,2.03,1.57,22.85,37.78
2019-04-19,Madurai,9.9252,78.1198,Irrigated,30.44,37.1,25.62,63.72,1.82,5.79,21.8,37.78
2019-04-20,Madurai,9.9252,78.1198,Irrigated,29.43,35.55,25.14,67.57,2.1,10.01,19.8,37.77
2019-04-21,Madurai,9.9252,78.1198,Irrigated,30.82,38.45,23.98,58.79,1.73,0.5,18.79,37.76
2019-04-22,Madurai,9.9252,78.1198,Irrigated,31.63,39.5,25.43,55.47,2.01,6.3,23.6,37.75
2019-04-23,Madurai,9.9252,78.1198,Irrigated,30.64,36.92,26.18,62.34,1.8,3.41,20.19,37.74
2019-04-24,Madurai,9.9252,78.1198,Irrigated,30.0,35.95,25.33,60.9,1.42,0.46,21.27,37.73
2019-04-25,Madurai,9.9252,78.1198,Irrigated,30.62,37.5,24.88,58.85,1.65,1.06,21.92,37.72
2019-04-26,Madurai,9.9252,78.1198,Irrigated,30.45,36.7,25.64,62.11,1.61,1.17,23.18,37.71
2019-04-27,Madurai,9.9252,78.1198,Irrigated,31.09,38.01,25.93,60.69,1.89,0.0,20.94,37.69
2019-04-28,Madurai,9.9252,78.1198,Irrigated,31.92,39.24,25.88,58.53,1.92,0.0,22.93,37.68
2019-04-29,Madurai,9.9252,78.1198,Irrigated,31.58,37.44,27.47,61.61,1.37,5.17,20.49,37.66
2019-04-30,Madurai,9.9252,78.1198,Irrigated,31.4,38.36,26.07,59.81,1.86,0.51,16.26,37.64
2019-05-01,Madurai,9.9252,78.1198,Irrigated,31.4,38.85,26.29,55.96,2.52,0.14,18.37,37.62
2019-05-02,Madurai,9.9252,78.1198,Irrigated,32.78,41.11,25.86,49.79,1.57,0.0,20.77,37.6
2019-05-03,Madurai,9.9252,78.1198,Irrigated,32.75,40.46,26.39,47.53,1.99,0.0,22.03,37.58
2019-05-04,Madurai,9.9252,78.1198,Irrigated,33.29,40.88,26.47,47.77,1.15,0.0,21.56,37.57
2019-05-05,Madurai,9.9252,78.1198,Irrigated,33.61,41.47,27.4,46.35,2.15,0.0,21.6,37.55
2019-05-06,Madurai,9.9252,78.1198,Irrigated,33.84,41.55,27.68,47.82,2.02,0.28,24.18,37.52
2019-05-07,Madurai,9.9252,78.1198,Irrigated,33.52,41.06,27.51,49.99,1.8,1.08,22.96,37.5
2019-05-08,Madurai,9.9252,78.1198,Irrigated,30.87,37.33,26.6,52.08,2.17,0.51,18.85,37.48
2019-05-09,Madurai,9.9252,78.1198,Irrigated,33.19,40.5,25.97,47.63,1.74,1.38,21.34,37.45
2019-05-10,Madurai,9.9252,78.1198,Irrigated,33.37,40.3,27.2,51.16,1.96,1.28,22.88,37.43
2019-05-11,Madurai,9.9252,78.1198,Irrigated,34.05,41.42,27.76,48.31,1.79,0.01,23.83,37.41
2019-05-12,Madurai,9.9252,78.1198,Irrigated,34.39,41.24,28.27,46.94,1.61,0.03,23.47,37.38
2019-05-13,Madurai,9.9252,78.1198,Irrigated,34.39,40.33,28.95,44.95,1.4,0.01,23.31,37.36
2019-05-14,Madurai,9.9252,78.1198,Irrigated,34.62,40.87,28.43,43.39,1.68,0.02,22.78,37.34
2019-05-15,Madurai,9.9252,78.1198,Irrigated,34.22,40.49,28.94,45.53,1.08,2.79,22.46,37.31
2019-05-16,Madurai,9.9252,78.1198,Irrigated,33.33,38.83,28.23,51.63,1.32,0.47,22.07,37.29
2019-05-17,Madurai,9.9252,78.1198,Irrigated,33.89,40.05,28.2,48.26,0.93,1.15,20.89,37.26
2019-05-18,Madurai,9.9252,78.1198,Irrigated,33.94,40.95,28.18,48.39,1.81,0.21,22.54,37.24
2019-05-19,Madurai,9.9252,78.1198,Irrigated,33.73,41.26,27.65,48.49,2.54,0.0,23.4,37.21
2019-05-20,Madurai,9.9252,78.1198,Irrigated,33.3,41.42,27.33,48.91,2.67,0.0,25.06,37.19
2019-05-21,Madurai,9.9252,78.1198,Irrigated,33.63,41.41,26.43,48.05,2.05,0.01,24.31,37.16
2019-05-22,Madurai,9.9252,78.1198,Irrigated,32.97,38.65,28.77,51.46,2.28,0.02,23.11,37.13
2019-05-23,Madurai,9.9252,78.1198,Irrigated,32.2,36.62,28.39,55.65,2.0,0.16,21.92,37.11
2019-05-24,Madurai,9.9252,78.1198,Irrigated,32.3,36.72,28.18,53.88,2.02,0.54,15.98,37.08
2019-05-25,Madurai,9.9252,78.1198,Irrigated,32.17,36.74,28.19,54.28,2.09,0.54,20.79,37.06
2019-05-26,Madurai,9.9252,78.1198,Irrigated,33.45,40.06,27.14,48.64,1.08,0.31,24.64,37.03
2019-05-27,Madurai,9.9252,78.1198,Irrigated,34.3,40.95,27.91,48.64,1.59,0.2,24.42,37.01
2019-05-28,Madurai,9.9252,78.1198,Irrigated,34.47,40.5,28.97,47.92,1.56,1.43,23.59,36.98
2019-05-29,Madurai,9.9252,78.1198,Irrigated,32.79,36.38,29.64,54.71,0.97,2.01,20.9,36.96
2019-05-30,Madurai,9.9252,78.1198,Irrigated,31.73,36.01,28.13,59.7,1.49,2.67,21.64,36.94
2019-05-31,Madurai,9.9252,78.1198,Irrigated,28.43,31.8,24.91,68.32,2.8,8.32,19.75,36.92
2019-06-01,Madurai,9.9252,78.1198,Irrigated,30.64,38.07,23.95,62.76,1.38,0.43,22.53,36.89
2019-06-02,Madurai,9.9252,78.1198,Irrigated,31.58,37.82,26.59,59.85,2.08,0.2,20.57,36.87
2019-06-03,Madurai,9.9252,78.1198,Irrigated,29.11,33.65,26.61,69.74,1.26,0.56,18.26,36.85
2019-06-04,Madurai,9.9252,78.1198,Irrigated,29.91,34.74,25.64,65.73,1.56,3.33,22.49,36.83
2019-06-05,Madurai,9.9252,78.1198,Irrigated,29.18,33.3,25.97,72.28,1.62,16.96,21.0,36.82
2019-06-06,Madurai,9.9252,78.1198,Irrigated,29.82,35.06,24.96,70.18,1.33,0.5,22.68,36.8
2019-06-07,Madurai,9.9252,78.1198,Irrigated,29.61,34.82,26.28,70.41,2.57,8.99,22.52,36.78
2019-06-08,Madurai,9.9252,78.1198,Irrigated,29.67,35.59,25.16,67.43,2.47,2.2,24.63,36.76
2019-06-09,Madurai,9.9252,78.1198,Irrigated,29.09,34.63,25.36,69.05,3.91,1.74,23.07,36.75
2019-06-10,Madurai,9.9252,78.1198,Irrigated,28.77,34.46,25.0,70.99,3.26,1.86,15.96,36.73
2019-06-11,Madurai,9.9252,78.1198,Irrigated,29.46,36.5,24.5,66.43,3.28,0.93,22.42,36.72
2019-06-12,Madurai,9.9252,78.1198,Irrigated,29.51,35.29,25.13,65.96,2.78,0.3,20.96,36.7
2019-06-13,Madurai,9.9252,78.1198,Irrigated,29.51,35.34,24.98,64.53,2.57,0.48,23.52,36.69
2019-06-14,Madurai,9.9252,78.1198,Irrigated,29.49,37.48,23.84,57.23,2.92,0.49,23.03,36.68
2019-06-15,Madurai,9.9252,78.1198,Irrigated,30.64,39.0,23.43,53.25,2.37,0.09,23.57,36.66
2019-06-16,Madurai,9.9252,78.1198,Irrigated,31.29,38.47,24.85,57.5,2.05,0.15,22.85,36.65
2019-06-17,Madurai,9.9252,78.1198,Irrigated,31.45,38.48,25.76,55.61,2.76,0.02,21.17,36.64
2019-06-18,Madurai,9.9252,78.1198,Irrigated,31.72,39.6,25.99,53.1,2.07,0.06,18.64,36.64
2019-06-19,Madurai,9.9252,78.1198,Irrigated,30.67,37.49,25.79,56.43,2.58,0.38,21.67,36.63
2019-06-20,Madurai,9.9252,78.1198,Irrigated,30.67,38.07,24.56,52.47,3.65,0.33,21.1,36.62
2019-06-21,Madurai,9.9252,78.1198,Irrigated,29.03,33.45,25.45,62.21,2.86,0.59,19.05,36.62
2019-06-22,Madurai,9.9252,78.1198,Irrigated,29.84,35.4,25.65,61.8,3.24,1.16,18.41,36.61
2019-06-23,Madurai,9.9252,78.1198,Irrigated,29.28,35.09,25.27,63.01,2.51,0.86,20.82,36.61
2019-06-24,Madurai,9.9252,78.1198,Irrigated,30.74,38.8,23.18,57.03,2.15,0.68,22.43,36.61
2019-06-25,Madurai,9.9252,78.1198,Irrigated,30.14,35.69,25.19,62.21,1.6,1.38,21.75,36.6
2019-06-26,Madurai,9.9252,78.1198,Irrigated,30.72,36.99,25.71,58.35,1.56,0.01,19.6,36.6
2019-06-27,Madurai,9.9252,78.1198,Irrigated,31.02,37.98,25.17,55.01,2.41,0.0,20.11,36.6
2019-06-28,Madurai,9.9252,78.1198,Irrigated,31.39,39.37,24.6,51.7,2.53,0.0,22.53,36.6
2019-06-29,Madurai,9.9252,78.1198,Irrigated,31.22,38.12,24.86,50.96,3.34,0.0,24.34,36.61
2019-06-30,Madurai,9.9252,78.1198,Irrigated,30.49,36.29,26.32,53.05,3.68,0.0,18.09,36.61
2019-07-01,Madurai,9.9252,78.1198,Irrigated,31.79,39.75,24.63,51.51,3.29,0.0,17.77,36.61
2019-07-02,Madurai,9.9252,78.1198,Irrigated,30.85,37.08,25.78,56.16,3.67,0.2,20.22,36.62
2019-07-03,Madurai,9.9252,78.1198,Irrigated,30.74,37.3,25.27,57.15,2.98,0.17,20.53,36.62
2019-07-04,Madurai,9.9252,78.1198,Irrigated,31.05,38.07,25.37,57.95,3.15,0.72,21.16,36.63
2019-07-05,Madurai,9.9252,78.1198,Irrigated,30.54,36.81,25.65,58.08,3.46,0.2,20.74,36.64
2019-07-06,Madurai,9.9252,78.1198,Irrigated,30.14,36.4,25.14,59.36,3.29,0.23,16.67,36.64
2019-07-07,Madurai,9.9252,78.1198,Irrigated,30.28,36.93,25.02,57.74,2.82,0.23,20.07,36.65
2019-07-08,Madurai,9.9252,78.1198,Irrigated,31.07,38.44,24.76,56.87,2.84,0.25,21.53,36.66
2019-07-09,Madurai,9.9252,78.1198,Irrigated,29.84,35.62,25.66,57.96,2.63,0.8,19.65,36.67
2019-07-10,Madurai,9.9252,78.1198,Irrigated,30.09,37.05,24.21,50.8,3.11,0.67,18.53,36.68
2019-07-11,Madurai,9.9252,78.1198,Irrigated,31.27,37.3,25.24,44.74,2.12,0.35,17.27,36.7
2019-07-12,Madurai,9.9252,78.1198,Irrigated,31.78,38.18,25.98,44.8,1.2,0.05,21.11,36.71
2019-07-13,Madurai,9.9252,78.1198,Irrigated,31.85,37.08,26.68,46.9,0.98,0.23,16.8,36.72
2019-07-14,Madurai,9.9252,78.1198,Irrigated,31.31,36.63,26.89,50.74,1.22,0.75,20.49,36.73
2019-07-15,Madurai,9.9252,78.1198,Irrigated,30.08,35.88,25.38,58.3,2.47,6.13,18.75,36.75
2019-07-16,Madurai,9.9252,78.1198,Irrigated,29.4,36.42,23.7,61.11,2.19,2.34,21.76,36.76
2019-07-17,Madurai,9.9252,78.1198,Irrigated,29.47,35.29,24.42,59.57,2.18,0.6,19.42,36.78
2019-07-18,Madurai,9.9252,78.1198,Irrigated,27.85,31.61,24.69,67.77,2.19,10.28,17.32,36.79
2019-07-19,Madurai,9.9252,78.1198,Irrigated,27.31,31.43,24.39,73.25,2.34,2.89,18.1,36.81
2019-07-20,Madurai,9.9252,78.1198,Irrigated,28.72,34.97,24.46,64.15,3.14,0.85,18.39,36.82
2019-07-21,Madurai,9.9252,78.1198,Irrigated,29.11,35.73,24.39,60.61,3.22,1.05,19.5,36.84
2019-07-22,Madurai,9.9252,78.1198,Irrigated,27.96,32.49,24.83,65.51,2.62,0.7,12.46,36.86
2019-07-23,Madurai,9.9252,78.1198,Irrigated,29.0,35.76,23.03,55.53,3.03,0.22,19.83,36.87
2019-07-24,Madurai,9.9252,78.1198,Irrigated,29.33,36.63,24.36,61.35,1.56,4.26,20.08,36.89
2019-07-25,Madurai,9.9252,78.1198,Irrigated,28.78,34.94,24.37,61.96,1.93,3.92,20.14,36.91
2019-07-26,Madurai,9.9252,78.1198,Irrigated,28.01,34.73,22.59,63.3,1.99,1.71,14.68,36.92
2019-07-27,Madurai,9.9252,78.1198,Irrigated,29.79,37.18,23.41,58.52,1.39,0.0,17.16,36.94
2019-07-28,Madurai,9.9252,78.1198,Irrigated,29.44,36.23,23.86,56.47,2.51,0.02,19.8,36.96
2019-07-29,Madurai,9.9252,78.1198,Irrigated,28.51,34.94,23.47,60.88,2.17,0.01,19.62,36.98
2019-07-30,Madurai,9.9252,78.1198,Irrigated,30.1,38.28,23.71,54.14,2.38,0.0,21.35,36.99
2019-07-31,Madurai,9.9252,78.1198,Irrigated,29.8,36.01,24.26,54.61,1.49,0.0,20.77,37.01
2019-08-01,Madurai,9.9252,78.1198,Irrigated,30.71,38.08,23.9,52.21,1.95,0.05,23.44,37.02
2019-08-02,Madurai,9.9252,78.1198,Irrigated,29.88,36.0,24.69,56.0,2.67,0.11,20.85,37.04
2019-08-03,Madurai,9.9252,78.1198,Irrigated,30.07,37.73,24.73,53.29,3.5,0.05,20.68,37.06
2019-08-04,Madurai,9.9252,78.1198,Irrigated,30.07,37.83,24.06,58.28,3.62,0.49,18.49,37.08
2019-08-05,Madurai,9.9252,78.1198,Irrigated,28.82,33.57,25.16,56.18,3.92,1.48,14.52,37.09
2019-08-06,Madurai,9.9252,78.1198,Irrigated,28.46,35.6,23.35,60.48,3.77,2.3,17.2,37.11
2019-08-07,Madurai,9.9252,78.1198,Irrigated,28.47,34.55,24.17,64.46,4.22,4.25,18.26,37.12
2019-08-08,Madurai,9.9252,78.1198,Irrigated,27.92,32.72,24.73,67.97,4.4,10.56,11.64,37.14
2019-08-09,Madurai,9.9252,78.1198,Irrigated,27.7,33.52,24.09,68.24,4.09,8.05,15.52,37.15
2019-08-10,Madurai,9.9252,78.1198,Irrigated,27.22,31.77,23.65,66.13,3.12,1.43,15.61,37.16
2019-08-11,Madurai,9.9252,78.1198,Irrigated,27.78,34.82,23.29,62.22,3.28,0.57,20.24,37.18
2019-08-12,Madurai,9.9252,78.1198,Irrigated,29.4,36.54,24.2,57.89,4.05,0.24,21.5,37.19
2019-08-13,Madurai,9.9252,78.1198,Irrigated,28.11,32.74,24.55,64.43,2.37,4.04,18.65,37.2
2019-08-14,Madurai,9.9252,78.1198,Irrigated,29.32,36.58,23.97,64.66,2.97,3.23,20.32,37.21
2019-08-15,Madurai,9.9252,78.1198,Irrigated,29.08,35.13,24.31,63.01,1.9,0.21,20.96,37.22
2019-08-16,Madurai,9.9252,78.1198,Irrigated,28.54,34.07,23.77,60.52,2.19,6.48,14.9,37.23
2019-08-17,Madurai,9.9252,78.1198,Irrigated,26.64,30.84,23.38,73.75,1.22,8.47,15.86,37.24
2019-08-18,Madurai,9.9252,78.1198,Irrigated,26.85,31.72,23.46,74.98,1.38,18.75,16.96,37.25
2019-08-19,Madurai,9.9252,78.1198,Irrigated,28.2,34.3,23.58,72.63,1.22,13.93,20.97,37.25
2019-08-20,Madurai,9.9252,78.1198,Irrigated,28.61,34.86,23.88,71.62,1.34,5.44,21.83,37.26
2019-08-21,Madurai,9.9252,78.1198,Irrigated,27.46,33.24,24.21,75.97,1.84,2.52,19.81,37.26
2019-08-22,Madurai,9.9252,78.1198,Irrigated,27.52,34.31,23.57,69.78,2.53,3.34,15.74,37.27
2019-08-23,Madurai,9.9252,78.1198,Irrigated,27.22,33.31,22.86,64.2,2.99,0.33,17.7,37.27
2019-08-24,Madurai,9.9252,78.1198,Irrigated,27.34,33.31,22.77,63.37,2.36,0.69,19.5,37.27
2019-08-25,Madurai,9.9252,78.1198,Irrigated,27.14,33.81,22.7,67.25,2.85,1.61,19.74,37.27
2019-08-26,Madurai,9.9252,78.1198,Irrigated,26.38,31.29,22.6,75.65,2.63,0.94,20.48,37.27
2019-08-27,Madurai,9.9252,78.1198,Irrigated,28.11,35.62,22.44,65.35,3.1,0.57,20.24,37.26
2019-08-28,Madurai,9.9252,78.1198,Irrigated,27.72,34.56,23.24,66.51,2.62,0.3,20.21,37.26
2019-08-29,Madurai,9.9252,78.1198,Irrigated,26.82,31.53,23.31,71.74,2.65,6.09,20.79,37.25
2019-08-30,Madurai,9.9252,78.1198,Irrigated,27.83,35.38,21.85,62.36,3.35,0.35,22.73,37.25
2019-08-31,Madurai,9.9252,78.1198,Irrigated,26.52,31.3,23.42,68.07,3.06,0.45,21.6,37.24
2019-09-01,Madurai,9.9252,78.1198,Irrigated,28.36,35.76,22.77,69.17,2.64,0.6,19.18,37.23
2019-09-02,Madurai,9.9252,78.1198,Irrigated,27.25,31.8,23.79,75.06,2.14,1.54,19.57,37.22
2019-09-03,Madurai,9.9252,78.1198,Irrigated,27.89,34.45,22.96,71.03,2.13,0.85,20.49,37.21
2019-09-04,Madurai,9.9252,78.1198,Irrigated,28.52,35.96,22.9,66.74,2.96,0.55,18.94,37.2
2019-09-05,Madurai,9.9252,78.1198,Irrigated,28.24,34.27,23.94,66.68,2.94,0.59,19.03,37.18
2019-09-06,Madurai,9.9252,78.1198,Irrigated,28.63,35.53,22.94,67.14,2.82,0.79,20.6,37.17
2019-09-07,Madurai,9.9252,78.1198,Irrigated,28.7,36.16,23.39,64.57,2.89,0.37,21.77,37.15
2019-09-08,Madurai,9.9252,78.1198,Irrigated,28.4,35.59,23.0,62.24,2.61,0.49,23.36,37.13
2019-09-09,Madurai,9.9252,78.1198,Irrigated,29.1,37.27,22.01,58.86,1.94,0.28,24.34,37.11
2019-09-10,Madurai,9.9252,78.1198,Irrigated,29.26,34.87,24.21,66.72,1.16,6.04,21.47,37.09
2019-09-11,Madurai,9.9252,78.1198,Irrigated,28.31,34.37,24.21,73.77,1.21,10.31,18.14,37.06
2019-09-12,Madurai,9.9252,78.1198,Irrigated,27.99,33.19,24.21,70.81,1.07,2.61,14.77,37.04
2019-09-13,Madurai,9.9252,78.1198,Irrigated,27.81,33.69,23.54,70.79,1.04,22.15,17.29,37.01
2019-09-14,Madurai,9.9252,78.1198,Irrigated,27.83,33.11,23.32,71.63,1.16,4.39,20.56,36.98
2019-09-15,Madurai,9.9252,78.1198,Irrigated,28.13,34.73,23.25,70.17,1.23,6.26,16.87,36.95
2019-09-16,Madurai,9.9252,78.1198,Irrigated,27.97,34.04,23.73,72.65,1.91,11.69,17.81,36.92
2019-09-17,Madurai,9.9252,78.1198,Irrigated,27.73,34.58,22.77,70.4,1.66,3.72,20.63,36.88
2019-09-18,Madurai,9.9252,78.1198,Irrigated,27.89,33.08,24.06,75.35,1.75,3.36,16.19,36.85
2019-09-19,Madurai,9.9252,78.1198,Irrigated,27.71,33.62,23.68,73.87,2.09,4.93,18.63,36.81
2019-09-20,Madurai,9.9252,78.1198,Irrigated,26.95,32.07,22.65,71.92,0.91,2.42,19.49,36.77
2019-09-21,Madurai,9.9252,78.1198,Irrigated,28.3,34.45,23.62,70.37,1.58,0.43,21.66,36.73
2019-09-22,Madurai,9.9252,78.1198,Irrigated,27.93,33.41,23.92,74.53,1.32,5.61,19.26,36.69
2019-09-23,Madurai,9.9252,78.1198,Irrigated,26.58,29.65,24.79,85.37,0.89,27.03,19.63,36.64
2019-09-24,Madurai,9.9252,78.1198,Irrigated,26.21,29.61,23.74,83.68,1.65,8.68,17.58,36.6
2019-09-25,Madurai,9.9252,78.1198,Irrigated,25.63,28.76,23.0,85.67,2.78,6.34,20.26,36.55
2019-09-26,Madurai,9.9252,78.1198,Irrigated,25.68,29.77,23.06,81.43,2.44,1.48,21.2,36.5
2019-09-27,Madurai,9.9252,78.1198,Irrigated,26.45,31.89,21.75,75.29,1.54,6.54,18.03,36.45
2019-09-28,Madurai,9.9252,78.1198,Irrigated,26.43,30.32,23.35,77.28,1.13,6.24,17.6,36.39
2019-09-29,Madurai,9.9252,78.1198,Irrigated,25.87,29.79,23.13,81.1,1.24,10.07,19.76,36.34
2019-09-30,Madurai,9.9252,78.1198,Irrigated,25.04,28.02,23.0,86.07,1.45,21.45,17.38,36.29
2019-10-01,Madurai,9.9252,78.1198,Irrigated,26.8,32.32,21.69,76.18,1.35,1.34,23.03,36.23
2019-10-02,Madurai,9.9252,78.1198,Irrigated,26.3,30.32,22.92,81.88,1.07,3.62,22.75,36.17
2019-10-03,Madurai,9.9252,78.1198,Irrigated,26.97,32.42,22.31,78.94,1.07,1.34,21.39,36.11
2019-10-04,Madurai,9.9252,78.1198,Irrigated,27.34,32.4,22.71,76.71,1.01,0.21,19.88,36.05
2019-10-05,Madurai,9.9252,78.1198,Irrigated,27.14,31.39,23.78,77.42,1.62,0.41,19.18,35.99
2019-10-06,Madurai,9.9252,78.1198,Irrigated,26.31,30.03,23.17,81.07,1.3,2.42,16.87,35.92
2019-10-07,Madurai,9.9252,78.1198,Irrigated,26.9,31.51,22.64,78.44,1.06,3.77,19.67,35.86
2019-10-08,Madurai,9.9252,78.1198,Irrigated,26.83,31.54,23.07,80.11,1.15,9.18,21.96,35.79
2019-10-09,Madurai,9.9252,78.1198,Irrigated,27.2,31.6,23.43,79.08,1.15,1.38,18.8,35.72
2019-10-10,Madurai,9.9252,78.1198,Irrigated,26.92,31.07,23.99,80.27,1.38,0.47,17.17,35.66
2019-10-11,Madurai,9.9252,78.1198,Irrigated,25.59,29.16,23.41,85.54,1.04,11.37,18.21,35.58
2019-10-12,Madurai,9.9252,78.1198,Irrigated,26.22,30.88,22.35,82.68,1.08,6.27,18.06,35.51
2019-10-13,Madurai,9.9252,78.1198,Irrigated,26.46,30.55,23.48,83.52,1.11,15.92,18.16,35.44
2019-10-14,Madurai,9.9252,78.1198,Irrigated,26.34,30.08,23.21,84.77,1.17,7.8,21.06,35.36
2019-10-15,Madurai,9.9252,78.1198,Irrigated,25.9,28.85,23.82,87.87,1.25,10.04,8.06,35.29
2019-10-16,Madurai,9.9252,78.1198,Irrigated,24.76,26.97,22.98,90.04,1.37,30.92,13.25,35.21
2019-10-17,Madurai,9.9252,78.1198,Irrigated,24.8,28.2,22.36,90.45,2.14,19.57,18.23,35.13
2019-10-18,Madurai,9.9252,78.1198,Irrigated,25.12,27.8,22.78,88.66,1.1,7.57,17.17,35.06
2019-10-19,Madurai,9.9252,78.1198,Irrigated,25.41,28.73,22.91,88.24,1.33,7.66,17.45,34.98
2019-10-20,Madurai,9.9252,78.1198,Irrigated,25.13,27.87,22.91,90.61,1.18,15.41,14.03,34.9
2019-10-21,Madurai,9.9252,78.1198,Irrigated,24.77,26.43,23.5,94.06,1.26,29.84,14.23,34.81
2019-10-22,Madurai,9.9252,78.1198,Irrigated,24.97,27.8,22.7,87.99,1.0,6.56,13.96,34.73
2019-10-23,Madurai,9.9252,78.1198,Irrigated,25.95,30.56,22.12,83.24,0.75,22.36,16.96,34.65
2019-10-24,Madurai,9.9252,78.1198,Irrigated,24.52,28.14,22.19,87.39,1.63,1.89,10.84,34.56
2019-10-25,Madurai,9.9252,78.1198,Irrigated,24.85,28.72,21.77,85.81,1.37,0.84,17.92,34.48
2019-10-26,Madurai,9.9252,78.1198,Irrigated,24.78,28.54,21.86,88.05,1.57,1.23,13.75,34.4
2019-10-27,Madurai,9.9252,78.1198,Irrigated,24.15,25.99,22.31,87.38,1.22,2.6,17.62,34.31
2019-10-28,Madurai,9.9252,78.1198,Irrigated,24.87,28.39,22.4,84.52,1.51,2.96,10.93,34.23
2019-10-29,Madurai,9.9252,78.1198,Irrigated,23.9,26.12,21.88,89.57,1.97,24.47,13.44,34.14
2019-10-30,Madurai,9.9252,78.1198,Irrigated,24.37,26.76,22.51,92.88,1.87,45.08,6.76,34.05
2019-10-31,Madurai,9.9252,78.1198,Irrigated,25.05,27.2,23.03,93.33,2.34,6.97,15.32,33.97
2019-11-01,Madurai,9.9252,78.1198,Irrigated,25.54,29.69,22.12,83.68,0.95,0.46,20.94,33.88
2019-11-02,Madurai,9.9252,78.1198,Irrigated,25.09,27.76,22.51,86.32,0.95,1.16,19.15,33.8
2019-11-03,Madurai,9.9252,78.1198,Irrigated,25.17,28.69,21.95,86.74,1.2,3.87,17.97,33.71
2019-11-04,Madurai,9.9252,78.1198,Irrigated,25.44,29.0,22.39,86.06,1.08,2.07,19.91,33.63
2019-11-05,Madurai,9.9252,78.1198,Irrigated,25.81,30.32,21.73,82.92,0.98,0.1,18.93,33.54
2019-11-06,Madurai,9.9252,78.1198,Irrigated,26.29,30.63,22.43,83.17,0.86,0.29,19.08,33.46
2019-11-07,Madurai,9.9252,78.1198,Irrigated,25.49,27.6,23.9,89.44,0.65,9.73,18.3,33.37
2019-11-08,Madurai,9.9252,78.1198,Irrigated,25.89,29.35,22.99,86.0,0.77,4.07,18.54,33.29
2019-11-09,Madurai,9.9252,78.1198,Irrigated,26.25,30.16,23.34,86.49,1.07,5.4,18.15,33.2
2019-11-10,Madurai,9.9252,78.1198,Irrigated,25.99,29.96,22.76,86.9,1.33,4.36,19.61,33.12
2019-11-11,Madurai,9.9252,78.1198,Irrigated,25.74,29.58,22.53,86.43,1.12,1.19,17.66,33.04
2019-11-12,Madurai,9.9252,78.1198,Irrigated,25.08,28.65,22.47,88.32,1.69,1.0,20.76,32.96
2019-11-13,Madurai,9.9252,78.1198,Irrigated,24.93,29.22,21.64,88.15,2.18,0.11,17.97,32.88
2019-11-14,Madurai,9.9252,78.1198,Irrigated,25.25,29.56,21.56,89.29,1.97,5.09,16.62,32.8
2019-11-15,Madurai,9.9252,78.1198,Irrigated,25.37,29.47,22.57,90.16,1.98,7.52,17.94,32.72
2019-11-16,Madurai,9.9252,78.1198,Irrigated,25.37,29.29,22.3,88.68,1.67,4.1,18.58,32.64
2019-11-17,Madurai,9.9252,78.1198,Irrigated,25.41,29.26,22.16,88.14,1.79,1.15,18.55,32.56
2019-11-18,Madurai,9.9252,78.1198,Irrigated,25.83,30.32,22.3,88.96,2.04,1.13,18.44,32.48
2019-11-19,Madurai,9.9252,78.1198,Irrigated,25.66,29.85,22.4,86.84,1.63,0.5,16.32,32.41
2019-11-20,Madurai,9.9252,78.1198,Irrigated,25.17,28.64,22.17,89.88,1.72,5.26,19.97,32.33
2019-11-21,Madurai,9.9252,78.1198,Irrigated,25.2,29.24,22.05,88.7,1.95,2.12,19.97,32.26
2019-11-22,Madurai,9.9252,78.1198,Irrigated,24.65,27.83,22.43,91.16,2.04,5.85,13.32,32.19
2019-11-23,Madurai,9.9252,78.1198,Irrigated,24.46,27.97,21.94,89.32,2.82,1.07,17.05,32.12
2019-11-24,Madurai,9.9252,78.1198,Irrigated,24.58,29.0,21.11,88.98,2.28,4.04,11.69,32.05
2019-11-25,Madurai,9.9252,78.1198,Irrigated,24.76,29.17,21.8,88.59,2.86,2.05,10.85,31.99
2019-11-26,Madurai,9.9252,78.1198,Irrigated,24.64,29.09,21.32,86.88,2.5,0.36,17.32,31.93
2019-11-27,Madurai,9.9252,78.1198,Irrigated,25.37,29.9,21.73,87.93,2.28,4.25,19.27,31.86
2019-11-28,Madurai,9.9252,78.1198,Irrigated,25.28,28.57,23.16,91.2,2.09,11.74,17.08,31.8
2019-11-29,Madurai,9.9252,78.1198,Irrigated,25.36,29.08,22.84,91.09,2.54,15.36,9.13,31.75
2019-11-30,Madurai,9.9252,78.1198,Irrigated,24.39,26.27,22.71,93.71,1.89,26.11,10.19,31.69
2019-12-01,Madurai,9.9252,78.1198,Irrigated,24.41,26.45,22.85,93.73,1.57,12.01,7.51,31.64
2019-12-02,Madurai,9.9252,78.1198,Irrigated,24.46,27.56,22.2,91.35,1.83,11.83,12.05,31.59
2019-12-03,Madurai,9.9252,78.1198,Irrigated,24.59,27.97,22.29,91.7,1.92,3.58,13.02,31.54
2019-12-04,Madurai,9.9252,78.1198,Irrigated,24.31,28.74,21.16,88.24,2.77,1.33,15.84,31.49
2019-12-05,Madurai,9.9252,78.1198,Irrigated,23.68,27.82,20.83,88.89,3.02,4.51,14.58,31.45
2019-12-06,Madurai,9.9252,78.1198,Irrigated,23.42,27.3,20.31,88.51,3.25,1.77,8.55,31.41
2019-12-07,Madurai,9.9252,78.1198,Irrigated,23.81,28.32,21.15,90.14,2.74,3.97,11.88,31.37
2019-12-08,Madurai,9.9252,78.1198,Irrigated,23.38,28.08,19.91,87.61,2.17,0.12,14.04,31.33
2019-12-09,Madurai,9.9252,78.1198,Irrigated,23.2,28.18,19.07,87.8,2.17,0.0,17.69,31.3
2019-12-10,Madurai,9.9252,78.1198,Irrigated,23.32,27.79,19.81,86.05,1.97,0.01,15.58,31.27
2019-12-11,Madurai,9.9252,78.1198,Irrigated,23.5,28.56,19.22,85.98,1.83,0.0,14.32,31.24
2019-12-12,Madurai,9.9252,78.1198,Irrigated,23.75,28.63,19.41,88.34,2.23,0.05,17.78,31.21
2019-12-13,Madurai,9.9252,78.1198,Irrigated,24.55,29.07,20.94,90.08,2.38,6.13,13.41,31.19
2019-12-14,Madurai,9.9252,78.1198,Irrigated,24.55,28.31,22.12,90.6,2.39,6.04,9.79,31.17
2019-12-15,Madurai,9.9252,78.1198,Irrigated,23.88,28.17,20.73,89.04,2.39,1.18,15.62,31.15
2019-12-16,Madurai,9.9252,78.1198,Irrigated,23.3,27.49,19.79,90.57,1.9,0.43,17.49,31.14
2019-12-17,Madurai,9.9252,78.1198,Irrigated,23.91,28.1,20.92,89.93,2.79,1.29,8.94,31.13
2019-12-18,Madurai,9.9252,78.1198,Irrigated,24.09,28.61,20.57,88.96,2.88,0.22,14.74,31.12
2019-12-19,Madurai,9.9252,78.1198,Irrigated,24.22,28.68,21.23,88.7,2.84,0.11,13.22,31.11
2019-12-20,Madurai,9.9252,78.1198,Irrigated,24.15,28.78,20.7,89.49,2.6,3.39,12.07,31.11
2019-12-21,Madurai,9.9252,78.1198,Irrigated,23.24,26.65,20.44,89.22,1.86,0.15,12.27,31.11
2019-12-22,Madurai,9.9252,78.1198,Irrigated,23.87,28.51,20.06,87.81,2.01,0.13,17.57,31.11
2019-12-23,Madurai,9.9252,78.1198,Irrigated,23.65,28.41,19.78,87.14,2.04,0.01,14.79,31.12
2019-12-24,Madurai,9.9252,78.1198,Irrigated,23.94,28.26,19.97,88.93,2.14,1.08,15.26,31.12
2019-12-25,Madurai,9.9252,78.1198,Irrigated,24.57,28.87,21.59,90.32,2.58,2.7,11.36,31.14
2019-12-26,Madurai,9.9252,78.1198,Irrigated,23.93,29.19,19.99,87.78,1.72,0.03,15.98,31.15
2019-12-27,Madurai,9.9252,78.1198,Irrigated,23.49,28.72,19.45,86.03,1.83,0.0,18.98,31.17
2019-12-28,Madurai,9.9252,78.1198,Irrigated,23.34,28.65,18.64,84.27,1.76,0.01,19.16,31.19
2019-12-29,Madurai,9.9252,78.1198,Irrigated,23.78,28.55,19.28,86.76,2.0,0.01,14.26,31.21
2019-12-30,Madurai,9.9252,78.1198,Irrigated,23.83,28.54,20.35,86.33,1.94,0.0,18.56,31.24
2019-12-31,Madurai,9.9252,78.1198,Irrigated,24.33,29.52,20.08,85.2,1.65,0.02,16.62,31.27
2020-01-01,Madurai,9.9252,78.1198,Irrigated,24.73,30.2,20.29,86.73,1.98,0.01,15.83,31.3
2020-01-02,Madurai,9.9252,78.1198,Irrigated,25.33,30.19,21.58,85.55,1.82,0.0,16.4,31.34
2020-01-03,Madurai,9.9252,78.1198,Irrigated,25.44,30.39,21.73,85.26,1.53,0.0,16.39,31.37
2020-01-04,Madurai,9.9252,78.1198,Irrigated,25.9,30.9,22.14,84.04,1.38,0.1,17.41,31.42
2020-01-05,Madurai,9.9252,78.1198,Irrigated,25.59,30.29,22.21,84.63,1.74,0.08,16.85,31.46
2020-01-06,Madurai,9.9252,78.1198,Irrigated,24.84,29.7,21.37,84.78,2.27,0.32,19.36,31.5
2020-01-07,Madurai,9.9252,78.1198,Irrigated,24.59,29.92,20.88,84.02,2.23,0.43,16.73,31.55
2020-01-08,Madurai,9.9252,78.1198,Irrigated,24.43,30.31,20.41,80.95,2.0,0.05,18.92,31.61
2020-01-09,Madurai,9.9252,78.1198,Irrigated,23.83,30.42,19.26,78.08,1.84,0.0,21.84,31.66
2020-01-10,Madurai,9.9252,78.1198,Irrigated,23.57,30.07,17.89,77.3,2.16,0.0,20.72,31.72
2020-01-11,Madurai,9.9252,78.1198,Irrigated,23.04,29.43,17.58,77.9,2.31,0.0,21.02,31.77
2020-01-12,Madurai,9.9252,78.1198,Irrigated,23.08,30.21,16.8,78.35,2.19,0.0,20.01,31.83
2020-01-13,Madurai,9.9252,78.1198,Irrigated,23.39,30.23,18.02,78.11,1.83,0.0,17.47,31.89
2020-01-14,Madurai,9.9252,78.1198,Irrigated,22.97,30.49,17.17,76.02,1.72,0.0,21.43,31.96
2020-01-15,Madurai,9.9252,78.1198,Irrigated,22.49,29.79,16.8,74.25,1.91,0.0,21.81,32.03
2020-01-16,Madurai,9.9252,78.1198,Irrigated,23.28,30.72,16.81,75.21,1.59,0.0,22.07,32.09
2020-01-17,Madurai,9.9252,78.1198,Irrigated,24.64,31.26,19.14,80.11,1.86,0.34,15.4,32.16
2020-01-18,Madurai,9.9252,78.1198,Irrigated,25.48,31.43,20.98,81.92,2.25,0.74,12.26,32.24
2020-01-19,Madurai,9.9252,78.1198,Irrigated,25.05,30.55,20.93,80.65,2.5,1.02,12.67,32.31
2020-01-20,Madurai,9.9252,78.1198,Irrigated,24.86,31.86,19.73,77.13,2.21,0.0,20.07,32.39
2020-01-21,Madurai,9.9252,78.1198,Irrigated,24.54,31.6,18.59,75.49,2.46,0.0,20.99,32.46
2020-01-22,Madurai,9.9252,78.1198,Irrigated,24.94,31.86,19.12,76.4,2.96,0.0,18.9,32.54
2020-01-23,Madurai,9.9252,78.1198,Irrigated,25.23,31.44,21.29,78.89,2.89,0.0,16.82,32.62
2020-01-24,Madurai,9.9252,78.1198,Irrigated,24.46,31.98,19.04,74.89,2.64,0.0,20.93,32.7
2020-01-25,Madurai,9.9252,78.1198,Irrigated,23.9,32.31,17.0,71.27,1.96,0.0,23.0,32.79
2020-01-26,Madurai,9.9252,78.1198,Irrigated,24.1,32.28,17.5,70.7,1.77,0.0,23.22,32.87
2020-01-27,Madurai,9.9252,78.1198,Irrigated,24.31,32.34,18.39,67.26,1.46,0.0,22.45,32.96
2020-01-28,Madurai,9.9252,78.1198,Irrigated,24.89,32.71,19.01,69.22,1.69,0.0,22.19,33.05
2020-01-29,Madurai,9.9252,78.1198,Irrigated,25.29,33.25,19.44,70.7,1.52,0.0,22.07,33.14
2020-01-30,Madurai,9.9252,78.1198,Irrigated,25.62,33.99,19.49,69.41,1.52,0.0,23.24,33.23
2020-01-31,Madurai,9.9252,78.1198,Irrigated,25.38,33.44,19.29,71.86,1.85,0.0,22.65,33.32
2020-02-01,Madurai,9.9252,78.1198,Irrigated,25.63,33.07,20.48,71.71,1.81,0.0,21.59,33.41
2020-02-02,Madurai,9.9252,78.1198,Irrigated,25.32,32.74,19.46,70.0,2.23,0.0,22.91,33.5
2020-02-03,Madurai,9.9252,78.1198,Irrigated,25.2,32.96,18.46,68.18,2.22,0.0,21.51,33.59
2020-02-04,Madurai,9.9252,78.1198,Irrigated,25.61,33.17,18.87,69.07,2.17,0.02,17.82,33.68
2020-02-05,Madurai,9.9252,78.1198,Irrigated,25.98,32.76,20.93,69.19,2.23,0.11,17.59,33.78
2020-02-06,Madurai,9.9252,78.1198,Irrigated,25.74,33.92,19.0,64.36,2.07,0.03,20.72,33.87
2020-02-07,Madurai,9.9252,78.1198,Irrigated,26.15,33.34,19.63,66.68,2.03,0.03,20.67,33.97
2020-02-08,Madurai,9.9252,78.1198,Irrigated,26.9,33.88,21.72,64.13,1.56,0.0,20.79,34.06
2020-02-09,Madurai,9.9252,78.1198,Irrigated,26.92,33.94,21.35,63.46,2.05,0.01,20.8,34.15
2020-02-10,Madurai,9.9252,78.1198,Irrigated,26.64,33.63,20.85,65.35,2.6,0.0,22.77,34.25
2020-02-11,Madurai,9.9252,78.1198,Irrigated,26.54,34.26,21.06,65.21,2.84,0.0,21.37,34.34
2020-02-12,Madurai,9.9252,78.1198,Irrigated,26.57,34.47,19.46,67.42,2.89,0.0,20.18,34.43
2020-02-13,Madurai,9.9252,78.1198,Irrigated,26.75,34.65,21.37,65.47,2.7,0.0,18.52,34.53
2020-02-14,Madurai,9.9252,78.1198,Irrigated,26.07,34.84,18.55,64.55,1.93,0.18,23.13,34.62
2020-02-15,Madurai,9.9252,78.1198,Irrigated,27.0,36.06,20.05,60.79,1.83,0.05,23.35,34.71
2020-02-16,Madurai,9.9252,78.1198,Irrigated,26.32,35.75,19.0,59.66,2.15,0.0,23.72,34.8
2020-02-17,Madurai,9.9252,78.1198,Irrigated,26.34,35.26,19.52,61.0,2.34,0.0,24.63,34.89
2020-02-18,Madurai,9.9252,78.1198,Irrigated,25.43,33.6,18.38,61.71,2.19,0.0,25.11,34.99
2020-02-19,Madurai,9.9252,78.1198,Irrigated,25.53,33.9,19.01,61.84,2.25,0.0,24.58,35.07
2020-02-20,Madurai,9.9252,78.1198,Irrigated,25.67,34.61,17.94,63.57,2.45,0.0,23.28,35.16
2020-02-21,Madurai,9.9252,78.1198,Irrigated,26.39,34.63,18.62,69.4,3.02,0.64,17.54,35.25
2020-02-22,Madurai,9.9252,78.1198,Irrigated,27.55,34.52,22.82,67.52,3.7,1.07,16.72,35.34
2020-02-23,Madurai,9.9252,78.1198,Irrigated,27.05,34.37,21.58,65.57,3.09,0.0,20.97,35.43
2020-02-24,Madurai,9.9252,78.1198,Irrigated,27.14,34.4,21.27,63.99,2.61,0.0,21.05,35.51
2020-02-25,Madurai,9.9252,78.1198,Irrigated,27.29,34.85,21.83,66.48,1.83,0.0,23.2,35.6
2020-02-26,Madurai,9.9252,78.1198,Irrigated,27.83,36.22,21.36,63.45,2.19,0.0,23.21,35.68
2020-02-27,Madurai,9.9252,78.1198,Irrigated,27.94,35.85,21.28,63.44,2.35,0.01,23.26,35.77
2020-02-28,Madurai,9.9252,78.1198,Irrigated,28.36,35.45,23.12,60.93,2.69,0.04,21.46,35.85
2020-02-29,Madurai,9.9252,78.1198,Irrigated,28.04,35.78,21.78,60.23,2.32,0.0,21.52,35.93
2020-03-01,Madurai,9.9252,78.1198,Irrigated,28.37,35.9,21.97,57.49,2.22,0.18,21.28,36.01
2020-03-02,Madurai,9.9252,78.1198,Irrigated,28.87,35.91,22.52,55.83,1.63,0.14,23.35,36.09
2020-03-03,Madurai,9.9252,78.1198,Irrigated,28.12,32.92,24.35,53.51,0.92,0.03,22.11,36.16
2020-03-04,Madurai,9.9252,78.1198,Irrigated,27.22,31.81,23.98,63.5,1.45,0.16,21.85,36.24
2020-03-05,Madurai,9.9252,78.1198,Irrigated,29.36,37.23,23.65,53.44,1.63,0.07,19.1,36.31
2020-03-06,Madurai,9.9252,78.1198,Irrigated,30.38,37.66,24.58,53.07,2.15,0.01,18.58,36.39
2020-03-07,Madurai,9.9252,78.1198,Irrigated,30.24,37.73,24.29,59.01,2.72,0.0,19.32,36.46
2020-03-08,Madurai,9.9252,78.1198,Irrigated,29.87,37.98,23.5,59.89,2.5,0.06,20.21,36.52
2020-03-09,Madurai,9.9252,78.1198,Irrigated,30.28,38.81,24.13,56.24,2.43,0.05,21.64,36.59
2020-03-10,Madurai,9.9252,78.1198,Irrigated,29.55,38.55,23.06,54.66,2.43,0.0,25.87,36.66
2020-03-11,Madurai,9.9252,78.1198,Irrigated,29.14,37.84,23.11,56.59,1.99,0.14,24.14,36.72
2020-03-12,Madurai,9.9252,78.1198,Irrigated,29.14,38.28,22.38,56.59,2.18,0.13,23.86,36.78
2020-03-13,Madurai,9.9252,78.1198,Irrigated,28.96,37.86,21.07,57.28,2.36,0.0,25.51,36.84
2020-03-14,Madurai,9.9252,78.1198,Irrigated,29.86,38.63,23.24,57.18,2.36,0.0,24.9,36.9
2020-03-15,Madurai,9.9252,78.1198,Irrigated,29.81,38.24,23.84,56.05,2.81,0.0,25.19,36.95
2020-03-16,Madurai,9.9252,78.1198,Irrigated,30.36,38.93,23.83,57.96,3.04,0.0,23.88,37.01
2020-03-17,Madurai,9.9252,78.1198,Irrigated,30.05,38.47,23.92,57.34,2.8,0.0,20.4,37.06
2020-03-18,Madurai,9.9252,78.1198,Irrigated,30.46,38.42,24.36,58.79,2.68,0.0,23.82,37.11
2020-03-19,Madurai,9.9252,78.1198,Irrigated,30.85,39.76,23.58,52.84,2.12,0.0,22.86,37.16
2020-03-20,Madurai,9.9252,78.1198,Irrigated,31.42,39.96,24.08,48.83,2.18,0.01,24.27,37.21
2020-03-21,Madurai,9.9252,78.1198,Irrigated,30.98,39.09,24.48,52.62,2.16,0.71,23.66,37.25
2020-03-22,Madurai,9.9252,78.1198,Irrigated,31.05,39.22,24.23,52.77,2.06,0.13,22.84,37.3
2020-03-23,Madurai,9.9252,78.1198,Irrigated,30.82,38.89,24.49,51.57,2.33,0.23,22.28,37.34
2020-03-24,Madurai,9.9252,78.1198,Irrigated,30.38,38.11,23.72,52.16,2.41,0.0,21.66,37.37
2020-03-25,Madurai,9.9252,78.1198,Irrigated,30.35,38.16,24.03,53.44,2.24,0.13,23.26,37.41
2020-03-26,Madurai,9.9252,78.1198,Irrigated,30.18,38.53,22.96,52.83,2.66,0.0,22.32,37.45
2020-03-27,Madurai,9.9252,78.1198,Irrigated,30.03,38.13,24.11,55.9,2.77,0.0,22.9,37.48
2020-03-28,Madurai,9.9252,78.1198,Irrigated,30.1,39.14,22.71,51.73,2.14,0.0,26.41,37.51
2020-03-29,Madurai,9.9252,78.1198,Irrigated,30.17,39.18,22.88,47.73,1.95,0.0,26.22,37.54
2020-03-30,Madurai,9.9252,78.1198,Irrigated,30.46,39.68,22.91,42.57,2.07,0.06,25.87,37.57
2020-03-31,Madurai,9.9252,78.1198,Irrigated,29.9,38.88,21.35,49.25,2.37,0.16,26.2,37.6
2020-04-01,Madurai,9.9252,78.1198,Irrigated,30.03,39.3,22.21,51.9,2.3,0.0,26.64,37.63
2020-04-02,Madurai,9.9252,78.1198,Irrigated,30.62,39.84,23.07,54.34,2.26,0.0,26.36,37.65
2020-04-03,Madurai,9.9252,78.1198,Irrigated,30.51,39.25,23.99,52.73,2.1,0.0,26.42,37.67
2020-04-04,Madurai,9.9252,78.1198,Irrigated,30.85,39.62,23.86,54.0,2.35,0.08,26.01,37.69
2020-04-05,Madurai,9.9252,78.1198,Irrigated,28.84,32.15,26.18,68.58,1.64,2.6,20.34,37.71
2020-04-06,Madurai,9.9252,78.1198,Irrigated,30.95,38.05,25.0,58.85,2.17,0.1,23.59,37.72
2020-04-07,Madurai,9.9252,78.1198,Irrigated,30.58,35.7,25.32,55.75,1.35,0.16,21.48,37.74
2020-04-08,Madurai,9.9252,78.1198,Irrigated,30.92,36.56,26.16,53.72,1.59,0.93,22.19,37.75
2020-04-09,Madurai,9.9252,78.1198,Irrigated,30.64,37.88,25.42,60.18,2.21,4.13,23.22,37.76
2020-04-10,Madurai,9.9252,78.1198,Irrigated,29.97,37.29,24.46,62.12,2.28,2.81,24.56,37.76
2020-04-11,Madurai,9.9252,78.1198,Irrigated,30.16,37.5,24.38,60.84,2.3,0.4,24.85,37.77
2020-04-12,Madurai,9.9252,78.1198,Irrigated,30.65,38.48,24.36,56.25,1.99,0.0,24.16,37.78
2020-04-13,Madurai,9.9252,78.1198,Irrigated,30.77,38.65,23.75,52.81,1.86,0.0,24.98,37.78
2020-04-14,Madurai,9.9252,78.1198,Irrigated,31.04,39.2,24.46,51.84,2.22,0.11,24.8,37.78
2020-04-15,Madurai,9.9252,78.1198,Irrigated,31.16,39.36,24.73,56.1,2.4,0.33,24.83,37.78
2020-04-16,Madurai,9.9252,78.1198,Irrigated,31.38,39.12,25.18,55.21,2.26,0.02,24.77,37.78
2020-04-17,Madurai,9.9252,78.1198,Irrigated,31.75,39.68,24.96,54.32,2.47,0.03,25.06,37.78
2020-04-18,Madurai,9.9252,78.1198,Irrigated,31.87,39.35,25.44,54.7,2.63,0.28,24.48,37.77
2020-04-19,Madurai,9.9252,78.1198,Irrigated,30.64,36.76,25.83,59.43,2.18,1.86,21.69,37.77
2020-04-20,Madurai,9.9252,78.1198,Irrigated,30.58,36.86,25.31,60.46,2.28,0.19,23.92,37.76
2020-04-21,Madurai,9.9252,78.1198,Irrigated,31.63,39.87,24.65,55.34,2.28,0.16,22.57,37.75
2020-04-22,Madurai,9.9252,78.1198,Irrigated,32.3,40.21,26.13,53.16,2.3,0.35,21.85,37.74
2020-04-23,Madurai,9.9252,78.1198,Irrigated,33.12,40.83,26.39,51.77,2.34,0.61,23.57,37.73
2020-04-24,Madurai,9.9252,78.1198,Irrigated,32.22,38.79,27.37,56.56,2.1,4.2,20.53,37.72
2020-04-25,Madurai,9.9252,78.1198,Irrigated,30.06,34.74,26.73,70.98,1.71,9.76,22.21,37.71
2020-04-26,Madurai,9.9252,78.1198,Irrigated,28.4,31.06,26.41,80.91,1.48,6.7,21.7,37.69
2020-04-27,Madurai,9.9252,78.1198,Irrigated,30.03,35.64,25.53,68.88,1.3,1.91,24.07,37.68
2020-04-28,Madurai,9.9252,78.1198,Irrigated,28.64,31.69,26.48,74.96,1.58,1.49,20.94,37.67
2020-04-29,Madurai,9.9252,78.1198,Irrigated,29.78,35.02,25.16,66.68,1.14,2.16,19.76,37.65
2020-04-30,Madurai,9.9252,78.1198,Irrigated,30.18,35.91,26.32,62.92,1.35,0.13,17.63,37.63
2020-05-01,Madurai,9.9252,78.1198,Irrigated,31.38,38.58,24.75,57.94,1.8,0.03,24.63,37.62
2020-05-02,Madurai,9.9252,78.1198,Irrigated,31.83,39.42,25.88,57.64,2.1,1.15,25.02,37.6
2020-05-03,Madurai,9.9252,78.1198,Irrigated,29.45,34.3,25.68,70.1,1.41,1.96,22.51,37.58
2020-05-04,Madurai,9.9252,78.1198,Irrigated,30.9,37.86,24.96,61.02,1.88,0.12,23.07,37.55
2020-05-05,Madurai,9.9252,78.1198,Irrigated,30.54,36.97,25.69,61.52,2.25,0.07,22.3,37.53
2020-05-06,Madurai,9.9252,78.1198,Irrigated,30.47,36.31,26.03,63.9,2.25,1.13,22.13,37.51
2020-05-07,Madurai,9.9252,78.1198,Irrigated,30.42,37.8,25.2,63.95,3.01,6.18,22.78,37.49
2020-05-08,Madurai,9.9252,78.1198,Irrigated,29.04,33.87,25.49,72.86,2.02,3.34,21.17,37.46
2020-05-09,Madurai,9.9252,78.1198,Irrigated,30.06,35.97,25.43,68.16,1.99,0.53,20.7,37.44
2020-05-10,Madurai,9.9252,78.1198,Irrigated,29.77,35.09,25.48,70.01,1.92,0.83,20.41,37.42
2020-05-11,Madurai,9.9252,78.1198,Irrigated,28.72,33.26,25.71,74.39,1.86,2.2,17.63,37.39
2020-05-12,Madurai,9.9252,78.1198,Irrigated,30.2,37.46,24.92,63.58,2.22,0.45,21.11,37.37
2020-05-13,Madurai,9.9252,78.1198,Irrigated,29.84,35.93,25.3,63.01,1.47,2.88,18.19,37.34
2020-05-14,Madurai,9.9252,78.1198,Irrigated,30.6,36.21,25.43,62.42,1.43,0.23,24.04,37.32
2020-05-15,Madurai,9.9252,78.1198,Irrigated,30.29,34.74,26.84,66.11,1.13,0.93,21.62,37.29
2020-05-16,Madurai,9.9252,78.1198,Irrigated,31.34,37.09,26.53,57.79,1.96,0.52,16.28,37.26
2020-05-17,Madurai,9.9252,78.1198,Irrigated,31.12,37.15,26.8,60.13,2.2,3.92,18.77,37.24
2020-05-18,Madurai,9.9252,78.1198,Irrigated,29.9,36.84,25.32,61.37,4.09,1.7,15.71,37.21
2020-05-19,Madurai,9.9252,78.1198,Irrigated,30.97,36.98,26.95,55.92,4.21,0.08,17.67,37.19
2020-05-20,Madurai,9.9252,78.1198,Irrigated,32.46,39.31,26.73,51.76,2.55,0.25,20.31,37.16
2020-05-21,Madurai,9.9252,78.1198,Irrigated,30.66,36.44,26.95,55.35,3.08,1.21,23.6,37.14
2020-05-22,Madurai,9.9252,78.1198,Irrigated,32.61,40.4,25.69,49.54,1.87,0.35,19.36,37.11
2020-05-23,Madurai,9.9252,78.1198,Irrigated,33.89,41.22,27.57,48.02,1.65,0.35,22.15,37.09
2020-05-24,Madurai,9.9252,78.1198,Irrigated,34.07,40.42,28.51,48.32,1.79,0.23,21.89,37.06
2020-05-25,Madurai,9.9252,78.1198,Irrigated,33.08,38.11,29.14,52.56,1.6,1.5,18.75,37.04
2020-05-26,Madurai,9.9252,78.1198,Irrigated,32.56,37.79,27.71,53.67,1.21,0.15,20.8,37.01
2020-05-27,Madurai,9.9252,78.1198,Irrigated,32.63,38.32,28.07,52.13,1.63,1.41,19.07,36.99
2020-05-28,Madurai,9.9252,78.1198,Irrigated,30.63,36.13,26.87,66.27,1.55,25.49,19.87,36.97
2020-05-29,Madurai,9.9252,78.1198,Irrigated,30.98,38.23,25.1,57.53,1.64,1.01,14.52,36.95
2020-05-30,Madurai,9.9252,78.1198,Irrigated,29.97,35.65,26.1,65.55,2.52,0.23,21.18,36.92
2020-05-31,Madurai,9.9252,78.1198,Irrigated,29.32,35.24,24.52,68.83,3.48,0.64,23.26,36.9
2020-06-01,Madurai,9.9252,78.1198,Irrigated,28.89,34.17,25.26,71.17,2.92,2.53,21.4,36.88
2020-06-02,Madurai,9.9252,78.1198,Irrigated,28.29,33.46,24.56,71.6,2.73,7.17,22.31,36.86
2020-06-03,Madurai,9.9252,78.1198,Irrigated,27.99,32.24,24.42,70.57,2.75,0.11,21.78,36.84
2020-06-04,Madurai,9.9252,78.1198,Irrigated,28.52,34.7,23.65,65.92,3.08,0.53,20.95,36.82
2020-06-05,Madurai,9.9252,78.1198,Irrigated,28.26,34.29,23.62,70.59,2.61,2.0,20.73,36.8
2020-06-06,Madurai,9.9252,78.1198,Irrigated,28.9,35.33,24.34,68.54,2.19,2.11,20.89,36.79
2020-06-07,Madurai,9.9252,78.1198,Irrigated,28.14,33.87,24.39,69.97,1.97,3.4,19.43,36.77
2020-06-08,Madurai,9.9252,78.1198,Irrigated,29.79,37.41,23.82,58.47,2.75,0.01,20.03,36.75
2020-06-09,Madurai,9.9252,78.1198,Irrigated,29.7,37.19,23.55,56.34,2.75,0.13,21.64,36.74
2020-06-10,Madurai,9.9252,78.1198,Irrigated,29.55,36.55,23.75,57.11,2.83,0.3,18.94,36.72
2020-06-11,Madurai,9.9252,78.1198,Irrigated,28.36,33.38,24.84,61.02,2.6,1.33,15.4,36.71
2020-06-12,Madurai,9.9252,78.1198,Irrigated,28.3,34.62,24.17,61.44,3.09,0.2,22.27,36.69
2020-06-13,Madurai,9.9252,78.1198,Irrigated,29.46,36.81,23.37,58.76,2.69,0.41,22.36,36.68
2020-06-14,Madurai,9.9252,78.1198,Irrigated,29.8,36.27,24.88,59.05,2.99,0.08,24.14,36.67
2020-06-15,Madurai,9.9252,78.1198,Irrigated,30.54,37.54,25.15,58.96,2.07,0.05,24.4,36.66
2020-06-16,Madurai,9.9252,78.1198,Irrigated,29.75,34.71,25.93,65.08,2.21,0.3,23.16,36.65
2020-06-17,Madurai,9.9252,78.1198,Irrigated,29.41,35.23,25.1,63.46,2.43,0.4,22.07,36.64
2020-06-18,Madurai,9.9252,78.1198,Irrigated,29.64,36.46,24.44,57.2,2.53,0.13,22.09,36.63
2020-06-19,Madurai,9.9252,78.1198,Irrigated,29.51,36.34,24.82,56.95,2.72,0.16,22.58,36.62
2020-06-20,Madurai,9.9252,78.1198,Irrigated,29.72,34.79,25.44,56.37,3.19,0.03,22.05,36.62
2020-06-21,Madurai,9.9252,78.1198,Irrigated,27.97,32.89,24.14,60.91,3.31,0.99,19.31,36.61
2020-06-22,Madurai,9.9252,78.1198,Irrigated,29.7,35.88,25.01,55.13,2.56,1.06,18.34,36.61
2020-06-23,Madurai,9.9252,78.1198,Irrigated,30.58,37.32,25.17,49.45,2.58,0.02,13.24,36.61
2020-06-24,Madurai,9.9252,78.1198,Irrigated,30.0,36.2,25.64,55.09,1.52,6.34,17.78,36.6
2020-06-25,Madurai,9.9252,78.1198,Irrigated,27.42,33.02,24.09,71.87,1.6,21.32,17.46,36.6
2020-06-26,Madurai,9.9252,78.1198,Irrigated,27.8,33.43,24.12,74.64,2.05,6.54,22.89,36.6
2020-06-27,Madurai,9.9252,78.1198,Irrigated,29.43,35.64,24.84,66.84,1.85,0.48,24.52,36.61
2020-06-28,Madurai,9.9252,78.1198,Irrigated,29.3,35.32,24.33,70.95,2.0,8.21,19.76,36.61
2020-06-29,Madurai,9.9252,78.1198,Irrigated,28.68,32.87,24.78,73.01,1.5,4.3,19.59,36.61
2020-06-30,Madurai,9.9252,78.1198,Irrigated,29.13,35.11,24.04,67.14,1.97,0.69,23.43,36.62
2020-07-01,Madurai,9.9252,78.1198,Irrigated,27.83,33.9,24.03,65.93,1.59,0.01,22.96,36.62
2020-07-02,Madurai,9.9252,78.1198,Irrigated,28.93,35.47,23.67,63.16,2.18,1.33,19.62,36.63
2020-07-03,Madurai,9.9252,78.1198,Irrigated,27.06,31.98,23.58,65.2,3.05,0.78,18.6,36.63
2020-07-04,Madurai,9.9252,78.1198,Irrigated,27.16,32.45,22.97,67.47,2.93,0.89,20.01,36.64
2020-07-05,Madurai,9.9252,78.1198,Irrigated,27.86,33.77,23.36,62.39,2.17,0.34,20.65,36.65
2020-07-06,Madurai,9.9252,78.1198,Irrigated,27.48,33.02,23.16,66.29,2.7,1.01,21.99,36.66
2020-07-07,Madurai,9.9252,78.1198,Irrigated,28.15,35.1,22.67,66.79,1.96,3.93,23.28,36.67
2020-07-08,Madurai,9.9252,78.1198,Irrigated,27.25,31.8,23.77,74.23,1.01,14.15,16.44,36.68
2020-07-09,Madurai,9.9252,78.1198,Irrigated,26.48,30.5,23.76,79.1,1.22,21.6,17.29,36.69
2020-07-10,Madurai,9.9252,78.1198,Irrigated,26.42,29.86,24.05,79.5,1.52,1.97,19.19,36.7
2020-07-11,Madurai,9.9252,78.1198,Irrigated,27.52,32.69,23.44,73.74,1.16,6.29,21.24,36.71
2020-07-12,Madurai,9.9252,78.1198,Irrigated,28.59,34.93,22.94,68.88,1.94,0.82,24.04,36.72
2020-07-13,Madurai,9.9252,78.1198,Irrigated,27.92,32.11,24.02,72.98,0.98,3.72,14.82,36.73
2020-07-14,Madurai,9.9252,78.1198,Irrigated,27.92,32.06,24.11,74.47,1.69,3.19,23.0,36.75
2020-07-15,Madurai,9.9252,78.1198,Irrigated,28.29,32.9,24.35,72.18,1.35,0.99,17.78,36.76
2020-07-16,Madurai,9.9252,78.1198,Irrigated,27.54,32.61,23.24,72.01,2.0,1.77,14.43,36.77
2020-07-17,Madurai,9.9252,78.1198,Irrigated,27.41,32.49,23.7,70.31,2.18,0.94,15.81,36.79
2020-07-18,Madurai,9.9252,78.1198,Irrigated,27.61,31.48,23.93,69.71,1.01,0.38,18.39,36.8
2020-07-19,Madurai,9.9252,78.1198,Irrigated,27.1,31.02,23.76,73.81,1.31,4.29,19.19,36.82
2020-07-20,Madurai,9.9252,78.1198,Irrigated,27.01,31.74,23.86,79.15,1.83,14.52,20.1,36.84
2020-07-21,Madurai,9.9252,78.1198,Irrigated,26.77,30.55,23.79,78.05,1.19,1.11,19.75,36.85
2020-07-22,Madurai,9.9252,78.1198,Irrigated,26.78,30.84,23.67,79.52,2.42,0.34,20.84,36.87
2020-07-23,Madurai,9.9252,78.1198,Irrigated,27.33,31.94,23.33,76.89,2.71,9.01,18.56,36.89
2020-07-24,Madurai,9.9252,78.1198,Irrigated,26.81,31.71,23.59,78.2,2.64,6.53,21.59,36.9
2020-07-25,Madurai,9.9252,78.1198,Irrigated,27.35,33.84,22.98,71.07,1.99,1.23,20.06,36.92
2020-07-26,Madurai,9.9252,78.1198,Irrigated,26.98,31.68,23.18,74.12,1.41,1.38,16.06,36.94
2020-07-27,Madurai,9.9252,78.1198,Irrigated,27.73,32.79,23.45,70.99,1.49,1.08,22.5,36.95
2020-07-28,Madurai,9.9252,78.1198,Irrigated,27.67,32.35,23.91,70.59,2.04,2.73,12.81,36.97
2020-07-29,Madurai,9.9252,78.1198,Irrigated,26.86,32.07,23.11,74.5,1.76,6.55,14.03,36.99
2020-07-30,Madurai,9.9252,78.1198,Irrigated,28.34,35.03,23.62,70.58,2.08,1.15,21.91,37.01
2020-07-31,Madurai,9.9252,78.1198,Irrigated,27.91,33.12,23.61,74.06,2.01,3.44,22.17,37.03
2020-08-01,Madurai,9.9252,78.1198,Irrigated,27.92,33.96,23.98,69.59,2.25,3.29,20.41,37.05
2020-08-02,Madurai,9.9252,78.1198,Irrigated,27.14,33.3,23.13,69.22,3.24,1.21,16.54,37.06
2020-08-03,Madurai,9.9252,78.1198,Irrigated,27.19,33.02,23.13,71.82,3.68,2.38,16.74,37.08
2020-08-04,Madurai,9.9252,78.1198,Irrigated,26.82,32.13,22.6,66.36,3.91,1.8,17.15,37.1
2020-08-05,Madurai,9.9252,78.1198,Irrigated,27.66,33.05,24.07,62.35,4.68,0.87,16.99,37.11
2020-08-06,Madurai,9.9252,78.1198,Irrigated,28.47,34.24,24.18,67.27,3.72,3.45,16.54,37.13
2020-08-07,Madurai,9.9252,78.1198,Irrigated,28.87,35.64,24.21,65.58,3.85,1.73,20.05,37.14
2020-08-08,Madurai,9.9252,78.1198,Irrigated,27.17,32.7,23.57,73.06,2.29,12.73,17.98,37.15
2020-08-09,Madurai,9.9252,78.1198,Irrigated,25.95,29.56,23.1,78.2,2.49,6.3,12.89,37.17
2020-08-10,Madurai,9.9252,78.1198,Irrigated,27.03,32.59,22.6,71.19,2.58,0.21,20.61,37.18
2020-08-11,Madurai,9.9252,78.1198,Irrigated,28.3,35.34,22.61,70.25,2.21,0.78,21.42,37.19
2020-08-12,Madurai,9.9252,78.1198,Irrigated,28.63,36.25,22.91,66.67,2.5,0.32,21.6,37.2
2020-08-13,Madurai,9.9252,78.1198,Irrigated,28.39,35.19,23.36,68.45,1.69,0.33,23.39,37.21
2020-08-14,Madurai,9.9252,78.1198,Irrigated,28.14,34.89,22.88,68.24,2.0,0.07,22.59,37.22
2020-08-15,Madurai,9.9252,78.1198,Irrigated,27.51,34.54,22.35,68.98,2.16,0.02,18.89,37.23
2020-08-16,Madurai,9.9252,78.1198,Irrigated,28.14,35.81,22.89,68.47,1.95,0.05,21.66,37.24
2020-08-17,Madurai,9.9252,78.1198,Irrigated,28.76,36.28,22.8,68.2,1.9,0.1,19.46,37.25
2020-08-18,Madurai,9.9252,78.1198,Irrigated,29.25,36.43,22.96,65.76,1.81,0.26,22.15,37.25
2020-08-19,Madurai,9.9252,78.1198,Irrigated,29.05,35.28,23.63,67.08,1.26,0.03,22.01,37.26
2020-08-20,Madurai,9.9252,78.1198,Irrigated,28.43,34.05,24.29,68.1,1.74,0.0,15.94,37.26
2020-08-21,Madurai,9.9252,78.1198,Irrigated,29.74,36.28,23.59,61.78,0.8,0.14,22.25,37.27
2020-08-22,Madurai,9.9252,78.1198,Irrigated,29.81,36.25,24.35,66.77,0.98,4.54,22.77,37.27
2020-08-23,Madurai,9.9252,78.1198,Irrigated,29.26,34.43,25.37,70.33,0.92,7.07,21.27,37.27
2020-08-24,Madurai,9.9252,78.1198,Irrigated,28.61,33.46,24.84,72.99,1.01,15.4,22.1,37.27
2020-08-25,Madurai,9.9252,78.1198,Irrigated,28.35,32.77,24.81,76.17,0.91,5.7,21.38,37.27
2020-08-26,Madurai,9.9252,78.1198,Irrigated,27.74,31.3,24.88,76.77,0.82,5.53,19.25,37.27
2020-08-27,Madurai,9.9252,78.1198,Irrigated,28.68,33.34,24.12,68.35,0.96,0.3,23.89,37.27
2020-08-28,Madurai,9.9252,78.1198,Irrigated,29.67,36.53,23.17,63.65,1.17,4.81,23.15,37.26
2020-08-29,Madurai,9.9252,78.1198,Irrigated,29.36,35.76,24.09,64.7,1.69,1.57,23.59,37.26
2020-08-30,Madurai,9.9252,78.1198,Irrigated,29.04,33.87,23.51,66.77,1.06,0.05,22.88,37.25
2020-08-31,Madurai,9.9252,78.1198,Irrigated,28.4,32.76,25.01,71.73,1.33,4.03,21.45,37.24
2020-09-01,Madurai,9.9252,78.1198,Irrigated,27.79,31.69,23.82,73.95,1.53,13.16,19.68,37.23
2020-09-02,Madurai,9.9252,78.1198,Irrigated,26.66,30.63,23.97,76.27,1.35,6.88,8.46,37.22
2020-09-03,Madurai,9.9252,78.1198,Irrigated,26.95,31.36,23.33,79.42,1.24,15.34,23.4,37.21
2020-09-04,Madurai,9.9252,78.1198,Irrigated,27.76,32.64,23.57,77.58,1.09,4.6,20.77,37.19
2020-09-05,Madurai,9.9252,78.1198,Irrigated,27.37,32.37,23.86,77.53,1.95,1.12,18.56,37.18
2020-09-06,Madurai,9.9252,78.1198,Irrigated,27.27,33.17,22.6,75.7,2.54,8.37,19.08,37.16
2020-09-07,Madurai,9.9252,78.1198,Irrigated,27.65,33.21,22.95,74.16,2.02,1.56,20.22,37.14
2020-09-08,Madurai,9.9252,78.1198,Irrigated,27.48,32.4,23.7,77.2,1.4,7.73,21.9,37.12
2020-09-09,Madurai,9.9252,78.1198,Irrigated,26.72,31.61,23.5,80.06,2.4,10.6,17.22,37.09
2020-09-10,Madurai,9.9252,78.1198,Irrigated,25.82,30.45,22.75,80.24,3.12,3.11,15.23,37.07
2020-09-11,Madurai,9.9252,78.1198,Irrigated,25.55,29.95,22.66,77.25,2.75,0.97,21.68,37.04
2020-09-12,Madurai,9.9252,78.1198,Irrigated,27.04,33.79,22.24,70.03,2.02,1.05,18.3,37.02
2020-09-13,Madurai,9.9252,78.1198,Irrigated,26.24,31.03,22.16,75.67,1.58,1.8,13.41,36.99
2020-09-14,Madurai,9.9252,78.1198,Irrigated,26.95,33.21,22.17,69.02,2.49,0.27,17.31,36.96
2020-09-15,Madurai,9.9252,78.1198,Irrigated,26.2,31.85,22.43,73.33,1.81,1.66,21.72,36.92
2020-09-16,Madurai,9.9252,78.1198,Irrigated,27.97,35.0,22.84,71.1,1.83,0.7,20.36,36.89
2020-09-17,Madurai,9.9252,78.1198,Irrigated,27.9,34.52,22.73,73.18,1.84,2.51,22.68,36.85
2020-09-18,Madurai,9.9252,78.1198,Irrigated,27.94,34.65,23.47,69.81,2.78,0.91,20.82,36.82
2020-09-19,Madurai,9.9252,78.1198,Irrigated,27.02,32.96,23.11,69.99,3.39,1.77,13.35,36.78
2020-09-20,Madurai,9.9252,78.1198,Irrigated,26.03,30.82,22.95,67.86,4.17,1.73,13.06,36.74
2020-09-21,Madurai,9.9252,78.1198,Irrigated,26.64,32.98,22.57,70.52,3.1,0.7,16.15,36.7
2020-09-22,Madurai,9.9252,78.1198,Irrigated,27.11,33.88,22.56,66.82,2.78,0.31,18.02,36.65
2020-09-23,Madurai,9.9252,78.1198,Irrigated,28.02,35.21,22.7,67.89,2.0,0.13,22.27,36.61
2020-09-24,Madurai,9.9252,78.1198,Irrigated,27.84,32.97,22.95,70.76,0.95,0.39,20.22,36.56
2020-09-25,Madurai,9.9252,78.1198,Irrigated,26.09,28.8,24.15,78.32,1.12,6.2,11.98,36.52
2020-09-26,Madurai,9.9252,78.1198,Irrigated,26.32,31.23,23.1,77.79,1.49,0.9,18.3,36.47
2020-09-27,Madurai,9.9252,78.1198,Irrigated,28.14,34.63,21.96,68.92,0.59,5.07,20.26,36.42
2020-09-28,Madurai,9.9252,78.1198,Irrigated,27.64,31.75,23.82,75.41,0.8,6.25,21.06,36.36
2020-09-29,Madurai,9.9252,78.1198,Irrigated,27.11,32.87,22.57,75.68,1.19,5.37,15.08,36.31
2020-09-30,Madurai,9.9252,78.1198,Irrigated,27.03,32.65,22.47,74.59,1.46,3.93,19.99,36.25
2020-10-01,Madurai,9.9252,78.1198,Irrigated,27.31,34.72,22.22,69.43,1.65,0.04,22.98,36.19
2020-10-02,Madurai,9.9252,78.1198,Irrigated,27.09,33.02,21.85,68.39,1.37,0.03,16.78,36.14
2020-10-03,Madurai,9.9252,78.1198,Irrigated,26.93,32.2,21.89,70.43,1.82,0.04,23.83,36.07
2020-10-04,Madurai,9.9252,78.1198,Irrigated,27.2,35.03,21.84,66.79,1.99,0.02,24.58,36.01
2020-10-05,Madurai,9.9252,78.1198,Irrigated,27.95,34.64,22.62,62.87,1.47,0.0,25.5,35.95
2020-10-06,Madurai,9.9252,78.1198,Irrigated,28.95,36.16,22.73,67.14,0.95,22.18,22.6,35.88
2020-10-07,Madurai,9.9252,78.1198,Irrigated,28.59,33.9,24.2,75.26,1.64,14.54,22.1,35.81
2020-10-08,Madurai,9.9252,78.1198,Irrigated,27.23,30.36,24.67,81.1,1.14,6.89,15.46,35.74
2020-10-09,Madurai,9.9252,78.1198,Irrigated,26.25,28.86,24.14,85.43,0.67,20.61,19.96,35.67
2020-10-10,Madurai,9.9252,78.1198,Irrigated,26.72,32.12,22.55,77.21,1.11,2.81,18.97,35.6
2020-10-11,Madurai,9.9252,78.1198,Irrigated,25.37,29.66,22.26,79.27,1.85,0.89,12.82,35.53
2020-10-12,Madurai,9.9252,78.1198,Irrigated,26.51,33.25,21.55,74.27,2.4,0.29,18.58,35.46
2020-10-13,Madurai,9.9252,78.1198,Irrigated,26.2,31.89,22.49,73.97,2.97,0.17,17.91,35.38
2020-10-14,Madurai,9.9252,78.1198,Irrigated,26.8,33.6,22.15,71.54,2.63,0.12,13.34,35.31
2020-10-15,Madurai,9.9252,78.1198,Irrigated,27.07,34.07,22.58,72.61,1.98,0.2,19.71,35.23
2020-10-16,Madurai,9.9252,78.1198,Irrigated,27.16,34.33,21.44,76.76,1.28,0.42,20.55,35.15
2020-10-17,Madurai,9.9252,78.1198,Irrigated,27.38,32.31,22.9,74.69,0.78,1.04,18.24,35.07
2020-10-18,Madurai,9.9252,78.1198,Irrigated,27.15,31.8,23.42,75.29,1.0,3.0,17.6,34.99
2020-10-19,Madurai,9.9252,78.1198,Irrigated,27.73,33.82,22.82,72.89,1.04,2.9,21.45,34.91
2020-10-20,Madurai,9.9252,78.1198,Irrigated,26.29,30.04,23.61,81.73,1.23,15.96,20.22,34.83
2020-10-21,Madurai,9.9252,78.1198,Irrigated,27.01,32.98,22.23,75.82,1.35,2.12,19.88,34.75
2020-10-22,Madurai,9.9252,78.1198,Irrigated,25.65,31.33,21.65,79.18,1.63,1.92,16.62,34.67
2020-10-23,Madurai,9.9252,78.1198,Irrigated,26.93,32.85,21.56,72.34,1.22,0.0,22.44,34.59
2020-10-24,Madurai,9.9252,78.1198,Irrigated,26.47,33.5,20.92,68.35,1.15,0.0,22.38,34.51
2020-10-25,Madurai,9.9252,78.1198,Irrigated,27.05,33.35,21.59,74.01,1.14,105.44,19.29,34.42
2020-10-26,Madurai,9.9252,78.1198,Irrigated,26.65,29.99,23.37,82.14,1.05,43.61,18.95,34.34
2020-10-27,Madurai,9.9252,78.1198,Irrigated,26.72,30.16,23.89,79.3,1.1,0.11,19.36,34.25
2020-10-28,Madurai,9.9252,78.1198,Irrigated,26.69,30.14,23.3,78.42,0.8,4.17,16.94,34.17
2020-10-29,Madurai,9.9252,78.1198,Irrigated,26.39,30.57,22.17,79.47,0.98,4.86,19.53,34.08
2020-10-30,Madurai,9.9252,78.1198,Irrigated,25.47,28.35,23.0,83.68,0.95,14.44,18.42,34.0
2020-10-31,Madurai,9.9252,78.1198,Irrigated,26.63,29.99,23.37,75.6,0.64,21.28,19.65,33.91
2020-11-01,Madurai,9.9252,78.1198,Irrigated,26.57,30.72,22.62,75.87,0.71,0.7,19.3,33.83
2020-11-02,Madurai,9.9252,78.1198,Irrigated,26.88,30.81,23.08,79.34,0.86,2.25,19.45,33.74
2020-11-03,Madurai,9.9252,78.1198,Irrigated,26.65,30.7,23.91,81.0,1.16,0.4,19.15,33.65
2020-11-04,Madurai,9.9252,78.1198,Irrigated,26.44,29.93,23.79,83.4,1.08,2.51,17.83,33.57
2020-11-05,Madurai,9.9252,78.1198,Irrigated,25.95,30.05,22.87,85.6,1.26,23.58,12.86,33.48
2020-11-06,Madurai,9.9252,78.1198,Irrigated,25.03,29.05,21.96,88.46,1.68,12.27,10.44,33.39
2020-11-07,Madurai,9.9252,78.1198,Irrigated,25.41,29.46,22.62,88.32,2.03,0.67,20.21,33.31
2020-11-08,Madurai,9.9252,78.1198,Irrigated,25.25,29.4,22.14,89.22,2.14,5.18,13.67,33.22
2020-11-09,Madurai,9.9252,78.1198,Irrigated,25.11,30.55,21.37,80.99,2.41,0.1,19.91,33.14
2020-11-10,Madurai,9.9252,78.1198,Irrigated,24.32,29.72,19.65,78.8,2.04,0.15,16.8,33.06
2020-11-11,Madurai,9.9252,78.1198,Irrigated,24.98,30.2,20.28,82.63,2.23,1.98,17.87,32.98
2020-11-12,Madurai,9.9252,78.1198,Irrigated,24.94,27.84,23.14,92.11,1.84,12.04,14.93,32.9
2020-11-13,Madurai,9.9252,78.1198,Irrigated,25.26,28.84,22.67,89.77,1.75,13.92,9.99,32.82
2020-11-14,Madurai,9.9252,78.1198,Irrigated,25.52,29.55,22.79,88.19,2.4,1.64,18.08,32.74
2020-11-15,Madurai,9.9252,78.1198,Irrigated,25.21,27.94,22.67,91.88,2.44,5.85,12.35,32.66
2020-11-16,Madurai,9.9252,78.1198,Irrigated,24.96,27.35,23.37,92.91,2.02,38.45,7.43,32.58
2020-11-17,Madurai,9.9252,78.1198,Irrigated,24.9,28.26,22.62,90.47,2.49,44.74,7.71,32.5
2020-11-18,Madurai,9.9252,78.1198,Irrigated,24.65,27.98,22.09,91.33,1.54,18.75,18.36,32.43
2020-11-19,Madurai,9.9252,78.1198,Irrigated,24.98,28.63,22.29,89.2,1.84,6.08,15.95,32.36
2020-11-20,Madurai,9.9252,78.1198,Irrigated,24.62,28.55,21.69,88.56,2.0,0.92,15.2,32.28
2020-11-21,Madurai,9.9252,78.1198,Irrigated,24.13,28.97,20.1,84.91,2.03,0.02,21.61,32.21
2020-11-22,Madurai,9.9252,78.1198,Irrigated,23.18,27.85,18.63,83.3,1.55,0.0,17.98,32.14
2020-11-23,Madurai,9.9252,78.1198,Irrigated,23.55,27.3,20.37,84.7,1.99,0.01,13.43,32.07
2020-11-24,Madurai,9.9252,78.1198,Irrigated,23.34,26.72,20.93,87.26,2.43,0.03,10.47,32.01
2020-11-25,Madurai,9.9252,78.1198,Irrigated,25.0,28.61,22.38,86.55,2.39,1.97,6.12,31.95
2020-11-26,Madurai,9.9252,78.1198,Irrigated,25.25,28.88,22.59,86.9,1.89,3.9,14.55,31.88
2020-11-27,Madurai,9.9252,78.1198,Irrigated,25.18,29.41,21.33,86.58,0.93,16.84,19.4,31.82
2020-11-28,Madurai,9.9252,78.1198,Irrigated,24.88,28.47,22.88,89.05,2.02,3.26,15.2,31.76
2020-11-29,Madurai,9.9252,78.1198,Irrigated,24.49,27.24,22.31,90.83,1.88,1.25,14.68,31.7
2020-11-30,Madurai,9.9252,78.1198,Irrigated,24.55,27.74,22.04,89.83,2.47,0.85,16.15,31.65
2020-12-01,Madurai,9.9252,78.1198,Irrigated,23.83,28.29,19.87,84.72,2.56,0.02,19.34,31.6
2020-12-02,Madurai,9.9252,78.1198,Irrigated,24.11,28.16,21.01,85.47,2.98,6.54,5.71,31.56
2020-12-03,Madurai,9.9252,78.1198,Irrigated,23.73,26.95,21.97,90.09,3.89,25.92,3.58,31.51
2020-12-04,Madurai,9.9252,78.1198,Irrigated,24.34,27.08,22.67,94.25,3.89,17.71,8.53,31.47
2020-12-05,Madurai,9.9252,78.1198,Irrigated,24.09,26.06,22.66,94.44,3.25,4.35,8.81,31.43
2020-12-06,Madurai,9.9252,78.1198,Irrigated,24.38,27.23,22.1,91.56,3.34,10.76,12.29,31.39
2020-12-07,Madurai,9.9252,78.1198,Irrigated,24.37,26.62,23.04,93.56,2.6,15.63,11.6,31.35
2020-12-08,Madurai,9.9252,78.1198,Irrigated,24.74,28.3,22.37,90.79,1.82,7.6,14.91,31.31
2020-12-09,Madurai,9.9252,78.1198,Irrigated,24.59,28.61,21.75,89.13,1.77,2.84,19.89,31.28
2020-12-10,Madurai,9.9252,78.1198,Irrigated,23.68,27.79,20.57,87.34,1.84,0.23,15.68,31.25
2020-12-11,Madurai,9.9252,78.1198,Irrigated,23.05,27.71,19.22,86.47,1.89,0.04,19.68,31.22
2020-12-12,Madurai,9.9252,78.1198,Irrigated,22.91,27.94,18.08,86.58,1.79,0.06,18.54,31.2
2020-12-13,Madurai,9.9252,78.1198,Irrigated,22.8,27.72,18.64,84.69,1.71,0.01,19.1,31.18
2020-12-14,Madurai,9.9252,78.1198,Irrigated,22.38,27.22,17.84,83.23,1.84,0.0,20.09,31.16
2020-12-15,Madurai,9.9252,78.1198,Irrigated,22.94,27.65,18.3,87.71,2.11,5.42,14.16,31.15
2020-12-16,Madurai,9.9252,78.1198,Irrigated,22.83,24.77,21.07,94.03,2.24,9.04,11.85,31.13
2020-12-17,Madurai,9.9252,78.1198,Irrigated,23.66,25.93,21.38,92.75,2.14,8.86,11.65,31.12
2020-12-18,Madurai,9.9252,78.1198,Irrigated,23.72,26.97,21.53,91.71,2.63,5.87,9.02,31.12
2020-12-19,Madurai,9.9252,78.1198,Irrigated,22.81,26.5,20.44,88.81,3.08,1.96,6.95,31.11
2020-12-20,Madurai,9.9252,78.1198,Irrigated,22.81,27.48,19.61,87.92,2.77,0.03,13.6,31.11
2020-12-21,Madurai,9.9252,78.1198,Irrigated,21.71,25.71,18.16,88.24,2.54,0.0,16.44,31.12
2020-12-22,Madurai,9.9252,78.1198,Irrigated,21.68,24.93,18.69,87.9,2.14,0.12,10.52,31.12
2020-12-23,Madurai,9.9252,78.1198,Irrigated,22.44,25.75,19.23,90.57,1.71,0.26,12.4,31.13
2020-12-24,Madurai,9.9252,78.1198,Irrigated,23.22,27.86,20.04,87.92,2.08,0.0,17.14,31.14
2020-12-25,Madurai,9.9252,78.1198,Irrigated,22.58,27.55,18.53,86.78,2.11,0.0,20.17,31.15
2020-12-26,Madurai,9.9252,78.1198,Irrigated,21.43,27.03,16.87,85.38,2.13,0.0,21.16,31.17
2020-12-27,Madurai,9.9252,78.1198,Irrigated,22.13,27.87,16.97,85.07,2.18,0.01,14.21,31.19
2020-12-28,Madurai,9.9252,78.1198,Irrigated,22.38,27.86,17.75,83.4,1.9,0.01,16.44,31.21
2020-12-29,Madurai,9.9252,78.1198,Irrigated,23.15,28.27,18.24,87.54,2.04,0.69,10.9,31.24
2020-12-30,Madurai,9.9252,78.1198,Irrigated,24.07,28.7,20.66,89.32,3.14,4.44,18.21,31.27
2020-12-31,Madurai,9.9252,78.1198,Irrigated,23.99,27.83,21.49,91.52,2.94,14.57,8.8,31.3
2021-01-01,Madurai,9.9252,78.1198,Irrigated,22.68,27.16,19.43,87.58,2.52,1.16,18.98,31.34
2021-01-02,Madurai,9.9252,78.1198,Irrigated,22.97,27.72,18.2,89.36,2.43,0.95,15.14,31.37
2021-01-03,Madurai,9.9252,78.1198,Irrigated,24.18,28.12,21.69,90.79,2.6,7.69,11.26,31.41
2021-01-04,Madurai,9.9252,78.1198,Irrigated,24.31,28.14,21.93,90.15,2.7,12.42,9.77,31.45
2021-01-05,Madurai,9.9252,78.1198,Irrigated,24.11,27.8,21.95,90.54,2.11,1.86,13.01,31.5
2021-01-06,Madurai,9.9252,78.1198,Irrigated,24.18,27.97,21.37,89.18,1.1,15.42,14.3,31.54
2021-01-07,Madurai,9.9252,78.1198,Irrigated,24.28,27.1,22.03,92.54,1.7,19.8,14.74,31.59
2021-01-08,Madurai,9.9252,78.1198,Irrigated,24.73,28.41,22.19,90.01,1.4,9.33,11.37,31.65
2021-01-09,Madurai,9.9252,78.1198,Irrigated,23.82,26.42,22.06,93.87,1.8,7.69,11.03,31.7
2021-01-10,Madurai,9.9252,78.1198,Irrigated,23.27,25.58,21.62,93.21,1.69,6.78,11.1,31.76
2021-01-11,Madurai,9.9252,78.1198,Irrigated,23.5,26.24,21.33,91.87,2.42,8.3,7.35,31.82
2021-01-12,Madurai,9.9252,78.1198,Irrigated,23.24,25.17,21.92,94.18,3.38,19.31,6.7,31.88
2021-01-13,Madurai,9.9252,78.1198,Irrigated,23.47,25.68,21.92,94.03,2.86,20.53,8.93,31.94
2021-01-14,Madurai,9.9252,78.1198,Irrigated,23.74,27.09,21.31,92.3,2.43,14.7,7.85,32.01
2021-01-15,Madurai,9.9252,78.1198,Irrigated,23.36,25.72,21.57,94.46,2.34,22.66,10.82,32.08
2021-01-16,Madurai,9.9252,78.1198,Irrigated,23.93,28.0,21.01,91.4,2.19,23.11,8.89,32.15
2021-01-17,Madurai,9.9252,78.1198,Irrigated,22.65,27.66,18.38,87.12,1.94,1.26,20.13,32.22
2021-01-18,Madurai,9.9252,78.1198,Irrigated,21.48,26.88,16.49,87.15,2.24,0.03,22.11,32.3
2021-01-19,Madurai,9.9252,78.1198,Irrigated,21.92,27.42,16.88,84.36,1.91,0.0,21.76,32.37
2021-01-20,Madurai,9.9252,78.1198,Irrigated,23.06,27.47,19.04,86.43,1.67,0.02,16.31,32.45
2021-01-21,Madurai,9.9252,78.1198,Irrigated,24.75,29.4,21.45,89.51,1.61,0.08,18.57,32.53
2021-01-22,Madurai,9.9252,78.1198,Irrigated,25.05,29.45,21.68,88.36,1.56,0.28,20.02,32.61
2021-01-23,Madurai,9.9252,78.1198,Irrigated,24.0,28.16,20.87,88.04,1.89,0.16,18.41,32.69
2021-01-24,Madurai,9.9252,78.1198,Irrigated,23.05,27.91,19.29,86.07,1.96,0.0,20.08,32.78
2021-01-25,Madurai,9.9252,78.1198,Irrigated,22.23,27.44,17.99,85.97,1.76,0.0,21.97,32.86
2021-01-26,Madurai,9.9252,78.1198,Irrigated,21.84,27.36,16.92,83.71,1.84,0.0,20.45,32.95
2021-01-27,Madurai,9.9252,78.1198,Irrigated,21.36,26.77,16.16,82.13,1.8,0.0,19.41,33.04
2021-01-28,Madurai,9.9252,78.1198,Irrigated,22.06,27.58,16.96,84.97,2.16,0.0,18.37,33.13
2021-01-29,Madurai,9.9252,78.1198,Irrigated,23.03,28.38,18.37,87.16,2.27,0.08,15.01,33.21
2021-01-30,Madurai,9.9252,78.1198,Irrigated,23.64,28.33,19.74,87.18,1.99,0.1,18.3,33.3
2021-01-31,Madurai,9.9252,78.1198,Irrigated,23.26,28.63,19.38,85.72,2.16,0.0,20.76,33.39
2021-02-01,Madurai,9.9252,78.1198,Irrigated,22.79,28.43,18.58,85.59,2.51,0.08,21.8,33.48
2021-02-02,Madurai,9.9252,78.1198,Irrigated,22.72,28.28,18.13,85.97,2.37,0.11,17.97,33.57
2021-02-03,Madurai,9.9252,78.1198,Irrigated,22.86,28.12,18.9,86.13,2.32,0.03,19.79,33.66
2021-02-04,Madurai,9.9252,78.1198,Irrigated,22.34,27.92,17.65,82.11,2.02,0.0,21.96,33.76
2021-02-05,Madurai,9.9252,78.1198,Irrigated,21.84,27.92,16.66,82.6,2.14,0.0,22.52,33.85
2021-02-06,Madurai,9.9252,78.1198,Irrigated,22.1,28.32,17.21,82.27,2.13,0.0,22.02,33.94
2021-02-07,Madurai,9.9252,78.1198,Irrigated,21.42,28.25,15.86,79.71,2.34,0.0,22.78,34.04
2021-02-08,Madurai,9.9252,78.1198,Irrigated,21.38,28.05,16.03,81.02,2.7,0.0,23.53,34.13
2021-02-09,Madurai,9.9252,78.1198,Irrigated,21.22,27.83,15.69,81.67,2.6,0.0,21.6,34.22
2021-02-10,Madurai,9.9252,78.1198,Irrigated,20.73,27.59,14.86,80.53,2.18,0.0,24.37,34.32
2021-02-11,Madurai,9.9252,78.1198,Irrigated,20.7,27.94,14.39,78.99,1.98,0.0,25.2,34.41
2021-02-12,Madurai,9.9252,78.1198,Irrigated,20.77,27.97,14.16,79.2,1.91,0.0,23.67,34.5
2021-02-13,Madurai,9.9252,78.1198,Irrigated,21.64,28.71,15.09,77.6,1.68,0.0,24.33,34.6
2021-02-14,Madurai,9.9252,78.1198,Irrigated,22.31,29.6,16.2,75.95,1.69,0.0,21.66,34.69
2021-02-15,Madurai,9.9252,78.1198,Irrigated,23.32,30.82,16.75,77.67,1.59,0.0,24.67,34.78
2021-02-16,Madurai,9.9252,78.1198,Irrigated,24.27,30.88,19.33,78.93,1.55,0.0,17.76,34.88
2021-02-17,Madurai,9.9252,78.1198,Irrigated,24.0,30.38,18.95,79.29,1.8,0.0,22.4,34.97
2021-02-18,Madurai,9.9252,78.1198,Irrigated,24.05,30.07,18.98,80.34,1.96,0.09,16.56,35.06
2021-02-19,Madurai,9.9252,78.1198,Irrigated,24.51,31.05,18.47,81.16,1.87,0.08,23.71,35.15
2021-02-20,Madurai,9.9252,78.1198,Irrigated,25.32,30.99,21.26,81.95,2.74,3.28,18.04,35.24
2021-02-21,Madurai,9.9252,78.1198,Irrigated,25.72,31.14,21.83,80.8,2.49,1.27,20.32,35.33
2021-02-22,Madurai,9.9252,78.1198,Irrigated,25.34,31.04,21.25,79.57,2.59,0.08,19.91,35.42
2021-02-23,Madurai,9.9252,78.1198,Irrigated,25.28,32.35,19.85,77.0,2.16,0.01,23.88,35.5
2021-02-24,Madurai,9.9252,78.1198,Irrigated,24.96,31.93,20.22,75.24,1.83,0.0,23.8,35.59
2021-02-25,Madurai,9.9252,78.1198,Irrigated,25.27,32.72,19.58,71.6,1.64,0.0,24.0,35.67
2021-02-26,Madurai,9.9252,78.1198,Irrigated,25.88,34.06,19.44,65.06,1.62,0.11,25.29,35.76
2021-02-27,Madurai,9.9252,78.1198,Irrigated,26.2,34.49,20.23,63.11,1.48,0.03,25.38,35.84
2021-02-28,Madurai,9.9252,78.1198,Irrigated,25.28,33.54,18.92,66.89,1.73,0.0,25.77,35.92
2021-03-01,Madurai,9.9252,78.1198,Irrigated,25.12,33.15,18.18,69.41,1.72,0.0,25.23,36.0
2021-03-02,Madurai,9.9252,78.1198,Irrigated,25.07,33.23,18.75,70.97,1.91,0.0,24.92,36.07
2021-03-03,Madurai,9.9252,78.1198,Irrigated,24.3,32.88,17.88,71.28,2.23,0.0,25.21,36.15
2021-03-04,Madurai,9.9252,78.1198,Irrigated,24.47,32.5,18.28,72.06,1.95,0.0,24.83,36.22
2021-03-05,Madurai,9.9252,78.1198,Irrigated,25.07,33.42,17.83,70.36,1.76,0.0,24.8,36.3
2021-03-06,Madurai,9.9252,78.1198,Irrigated,26.12,34.66,18.96,68.43,1.69,0.0,24.43,36.37
2021-03-07,Madurai,9.9252,78.1198,Irrigated,26.89,34.86,19.9,70.36,1.96,0.0,25.53,36.44
2021-03-08,Madurai,9.9252,78.1198,Irrigated,27.16,33.89,21.94,73.16,2.06,0.02,21.88,36.51
2021-03-09,Madurai,9.9252,78.1198,Irrigated,27.27,34.36,22.2,70.99,2.44,0.04,25.25,36.58
2021-03-10,Madurai,9.9252,78.1198,Irrigated,26.59,32.6,21.53,76.4,2.21,1.79,21.09,36.64
2021-03-11,Madurai,9.9252,78.1198,Irrigated,26.77,32.75,23.15,75.09,2.09,2.68,24.24,36.71
2021-03-12,Madurai,9.9252,78.1198,Irrigated,26.54,33.52,21.57,69.77,1.99,0.45,25.08,36.77
2021-03-13,Madurai,9.9252,78.1198,Irrigated,26.53,34.22,19.96,70.35,1.98,0.0,23.72,36.83
2021-03-14,Madurai,9.9252,78.1198,Irrigated,27.17,35.26,20.76,68.31,2.17,0.0,25.37,36.89
2021-03-15,Madurai,9.9252,78.1198,Irrigated,27.14,35.64,20.25,63.46,2.05,0.0,25.03,36.94
2021-03-16,Madurai,9.9252,78.1198,Irrigated,27.41,35.92,20.0,63.48,1.94,0.0,24.49,37.0
2021-03-17,Madurai,9.9252,78.1198,Irrigated,27.36,35.56,20.9,64.43,2.07,0.0,23.19,37.05
2021-03-18,Madurai,9.9252,78.1198,Irrigated,26.4,33.14,21.28,65.82,1.81,0.0,22.14,37.11
2021-03-19,Madurai,9.9252,78.1198,Irrigated,27.16,34.84,20.34,61.5,1.9,0.0,22.68,37.16
2021-03-20,Madurai,9.9252,78.1198,Irrigated,27.98,35.42,22.65,63.21,1.62,0.01,21.83,37.2
2021-03-21,Madurai,9.9252,78.1198,Irrigated,28.38,35.93,22.68,57.89,1.54,0.0,23.85,37.25
2021-03-22,Madurai,9.9252,78.1198,Irrigated,27.91,35.05,22.37,65.65,1.74,3.43,23.02,37.29
2021-03-23,Madurai,9.9252,78.1198,Irrigated,28.37,36.05,22.84,65.83,1.93,0.07,23.9,37.34
2021-03-24,Madurai,9.9252,78.1198,Irrigated,27.69,33.34,22.5,67.15,1.57,0.07,21.14,37.38
2021-03-25,Madurai,9.9252,78.1198,Irrigated,27.85,33.08,24.54,65.7,1.46,0.36,20.36,37.42
2021-03-26,Madurai,9.9252,78.1198,Irrigated,28.15,34.86,22.73,67.24,1.9,0.12,24.36,37.45
2021-03-27,Madurai,9.9252,78.1198,Irrigated,28.9,36.51,22.81,64.79,1.89,0.34,21.01,37.49
2021-03-28,Madurai,9.9252,78.1198,Irrigated,28.75,35.12,24.36,65.28,1.56,1.51,24.11,37.52
2021-03-29,Madurai,9.9252,78.1198,Irrigated,29.34,37.0,23.56,62.77,2.03,0.45,24.77,37.55
2021-03-30,Madurai,9.9252,78.1198,Irrigated,30.24,38.65,22.71,56.72,2.17,0.28,25.85,37.58
2021-03-31,Madurai,9.9252,78.1198,Irrigated,31.38,40.19,23.86,52.78,1.85,0.02,25.0,37.6
2021-04-01,Madurai,9.9252,78.1198,Irrigated,31.78,39.47,25.27,55.94,1.51,1.94,23.34,37.63
2021-04-02,Madurai,9.9252,78.1198,Irrigated,31.6,38.95,26.31,55.87,1.98,0.49,23.94,37.65
2021-04-03,Madurai,9.9252,78.1198,Irrigated,32.43,40.55,25.6,48.75,1.47,0.0,24.8,37.67
2021-04-04,Madurai,9.9252,78.1198,Irrigated,32.29,40.86,24.67,46.64,1.9,0.04,24.14,37.69
2021-04-05,Madurai,9.9252,78.1198,Irrigated,32.17,39.59,26.01,48.97,2.3,0.03,23.18,37.7
2021-04-06,Madurai,9.9252,78.1198,Irrigated,30.23,36.88,25.16,60.05,1.96,0.14,20.58,37.72
2021-04-07,Madurai,9.9252,78.1198,Irrigated,29.64,38.0,23.58,57.81,1.87,0.07,23.0,37.73
2021-04-08,Madurai,9.9252,78.1198,Irrigated,29.55,37.49,22.99,56.45,1.55,0.07,24.46,37.74
2021-04-09,Madurai,9.9252,78.1198,Irrigated,30.06,38.04,23.53,58.47,2.16,0.07,25.1,37.76
2021-04-10,Madurai,9.9252,78.1198,Irrigated,29.46,36.39,24.08,62.33,2.04,1.62,22.06,37.76
2021-04-11,Madurai,9.9252,78.1198,Irrigated,29.01,35.46,24.03,65.98,1.63,6.48,22.01,37.77
2021-04-12,Madurai,9.9252,78.1198,Irrigated,28.51,34.77,24.25,70.39,1.74,5.27,17.07,37.78
2021-04-13,Madurai,9.9252,78.1198,Irrigated,27.37,32.28,24.25,76.97,1.83,2.82,18.86,37.78
2021-04-14,Madurai,9.9252,78.1198,Irrigated,27.98,33.81,24.05,74.14,1.6,4.94,17.8,37.78
2021-04-15,Madurai,9.9252,78.1198,Irrigated,26.63,30.21,23.91,80.27,0.94,13.78,20.69,37.79
2021-04-16,Madurai,9.9252,78.1198,Irrigated,27.3,31.65,23.94,77.65,0.93,8.05,23.8,37.79
2021-04-17,Madurai,9.9252,78.1198,Irrigated,29.42,35.85,23.52,67.4,1.14,0.03,24.25,37.79
2021-04-18,Madurai,9.9252,78.1198,Irrigated,29.62,35.12,25.05,65.75,1.28,0.21,23.02,37.78
2021-04-19,Madurai,9.9252,78.1198,Irrigated,31.13,38.49,24.97,59.25,1.11,0.4,24.29,37.78
2021-04-20,Madurai,9.9252,78.1198,Irrigated,30.06,35.48,25.27,64.39,0.85,0.4,18.52,37.77
2021-04-21,Madurai,9.9252,78.1198,Irrigated,30.07,35.82,25.66,64.84,1.11,1.24,23.01,37.76
2021-04-22,Madurai,9.9252,78.1198,Irrigated,29.41,34.92,24.71,67.69,1.53,0.18,24.26,37.76
2021-04-23,Madurai,9.9252,78.1198,Irrigated,29.77,36.24,24.91,66.18,1.47,1.76,23.59,37.74
2021-04-24,Madurai,9.9252,78.1198,Irrigated,29.49,35.59,24.47,68.91,1.56,2.41,20.66,37.73
2021-04-25,Madurai,9.9252,78.1198,Irrigated,29.76,36.16,25.01,67.99,1.86,0.63,22.16,37.72
2021-04-26,Madurai,9.9252,78.1198,Irrigated,30.15,36.3,25.48,63.79,1.58,0.11,21.98,37.7
2021-04-27,Madurai,9.9252,78.1198,Irrigated,29.01,33.43,25.41,69.49,1.08,0.25,22.95,37.69
2021-04-28,Madurai,9.9252,78.1198,Irrigated,29.87,36.18,24.78,62.22,1.62,0.03,23.54,37.68
2021-04-29,Madurai,9.9252,78.1198,Irrigated,30.23,36.49,24.66,62.27,1.56,0.18,21.76,37.66
2021-04-30,Madurai,9.9252,78.1198,Irrigated,29.9,36.1,25.15,66.53,1.91,1.57,22.76,37.64
2021-05-01,Madurai,9.9252,78.1198,Irrigated,28.63,33.35,25.52,77.49,1.74,3.04,20.27,37.62
2021-05-02,Madurai,9.9252,78.1198,Irrigated,29.22,35.34,24.85,71.54,1.82,2.38,22.25,37.6
2021-05-03,Madurai,9.9252,78.1198,Irrigated,28.55,33.47,25.09,74.7,1.98,2.71,19.8,37.58
2021-05-04,Madurai,9.9252,78.1198,Irrigated,28.65,35.12,24.29,73.37,1.8,5.71,21.41,37.56
2021-05-05,Madurai,9.9252,78.1198,Irrigated,28.37,33.95,23.93,74.59,1.66,1.23,21.55,37.54
2021-05-06,Madurai,9.9252,78.1198,Irrigated,29.37,35.19,25.14,68.56,1.81,1.34,22.35,37.52
2021-05-07,Madurai,9.9252,78.1198,Irrigated,27.77,32.16,25.33,78.76,1.53,12.49,20.86,37.5
2021-05-08,Madurai,9.9252,78.1198,Irrigated,27.72,31.37,24.83,78.05,1.84,1.67,20.67,37.47
2021-05-09,Madurai,9.9252,78.1198,Irrigated,28.38,32.6,25.0,75.74,1.45,1.39,18.33,37.45
2021-05-10,Madurai,9.9252,78.1198,Irrigated,28.44,33.24,24.82,75.83,1.6,2.53,19.36,37.42
2021-05-11,Madurai,9.9252,78.1198,Irrigated,29.15,33.46,25.63,72.62,1.29,0.91,21.71,37.4
2021-05-12,Madurai,9.9252,78.1198,Irrigated,29.9,35.28,25.72,69.68,1.35,0.45,18.58,37.37
2021-05-13,Madurai,9.9252,78.1198,Irrigated,30.24,37.68,24.58,65.14,1.86,10.69,14.16,37.35
2021-05-14,Madurai,9.9252,78.1198,Irrigated,29.01,35.74,24.43,70.1,3.26,6.06,21.18,37.33
2021-05-15,Madurai,9.9252,78.1198,Irrigated,27.6,32.83,24.31,75.83,4.32,3.72,14.32,37.3
2021-05-16,Madurai,9.9252,78.1198,Irrigated,27.86,32.38,24.32,74.59,2.69,0.93,20.24,37.28
2021-05-17,Madurai,9.9252,78.1198,Irrigated,28.91,35.59,23.73,72.16,1.95,6.62,24.15,37.25
2021-05-18,Madurai,9.9252,78.1198,Irrigated,29.8,36.23,24.77,70.61,1.33,0.33,24.78,37.23
2021-05-19,Madurai,9.9252,78.1198,Irrigated,28.87,33.6,25.67,75.34,2.14,6.99,23.14,37.2
2021-05-20,Madurai,9.9252,78.1198,Irrigated,27.52,31.29,24.64,79.36,1.93,6.9,21.34,37.18
2021-05-21,Madurai,9.9252,78.1198,Irrigated,27.47,32.36,23.8,74.66,2.31,1.47,16.05,37.15
2021-05-22,Madurai,9.9252,78.1198,Irrigated,27.14,32.0,23.73,75.51,2.41,1.82,19.61,37.12
2021-05-23,Madurai,9.9252,78.1198,Irrigated,29.47,37.62,22.94,64.18,2.25,0.22,20.75,37.1
2021-05-24,Madurai,9.9252,78.1198,Irrigated,29.72,36.48,24.24,63.27,2.88,0.02,23.16,37.07
2021-05-25,Madurai,9.9252,78.1198,Irrigated,27.63,31.78,23.95,70.11,3.39,1.32,22.4,37.05
2021-05-26,Madurai,9.9252,78.1198,Irrigated,27.19,32.03,23.17,69.59,3.77,3.71,13.91,37.02
2021-05-27,Madurai,9.9252,78.1198,Irrigated,29.16,36.84,23.83,61.84,3.11,0.08,24.37,37.0
2021-05-28,Madurai,9.9252,78.1198,Irrigated,29.97,38.58,22.79,57.6,2.57,0.1,24.65,36.98
2021-05-29,Madurai,9.9252,78.1198,Irrigated,30.05,37.9,23.17,58.78,2.05,0.2,20.22,36.96
2021-05-30,Madurai,9.9252,78.1198,Irrigated,30.48,38.24,24.1,57.63,2.63,0.14,24.13,36.93
2021-05-31,Madurai,9.9252,78.1198,Irrigated,30.31,38.42,23.77,60.7,1.93,2.96,24.28,36.91
2021-06-01,Madurai,9.9252,78.1198,Irrigated,29.94,35.99,24.88,65.45,1.75,0.52,23.48,36.89
2021-06-02,Madurai,9.9252,78.1198,Irrigated,31.12,38.23,24.51,60.17,1.5,1.22,22.66,36.87
2021-06-03,Madurai,9.9252,78.1198,Irrigated,28.27,31.64,25.84,80.28,1.53,8.87,20.45,36.85
2021-06-04,Madurai,9.9252,78.1198,Irrigated,26.54,29.15,24.83,83.66,1.32,15.16,15.38,36.83
2021-06-05,Madurai,9.9252,78.1198,Irrigated,26.84,31.21,24.19,77.22,1.66,17.08,12.91,36.81
2021-06-06,Madurai,9.9252,78.1198,Irrigated,28.17,34.32,23.11,72.45,1.41,2.4,21.08,36.79
2021-06-07,Madurai,9.9252,78.1198,Irrigated,29.4,35.32,24.38,69.73,1.39,0.12,21.4,36.77
2021-06-08,Madurai,9.9252,78.1198,Irrigated,28.86,34.81,24.5,68.45,1.82,3.08,18.83,36.76
2021-06-09,Madurai,9.9252,78.1198,Irrigated,28.36,34.33,23.66,70.11,2.11,0.73,19.74,36.74
2021-06-10,Madurai,9.9252,78.1198,Irrigated,29.0,36.6,23.56,65.29,2.55,0.11,22.74,36.73
2021-06-11,Madurai,9.9252,78.1198,Irrigated,28.81,35.94,22.7,64.36,2.38,0.13,24.2,36.72
2021-06-12,Madurai,9.9252,78.1198,Irrigated,28.61,34.86,23.21,65.48,3.06,1.36,22.06,36.7
2021-06-13,Madurai,9.9252,78.1198,Irrigated,27.33,31.92,23.74,72.26,2.86,1.06,18.51,36.69
2021-06-14,Madurai,9.9252,78.1198,Irrigated,27.25,32.6,22.87,61.24,4.13,0.52,16.74,36.68
2021-06-15,Madurai,9.9252,78.1198,Irrigated,28.6,35.86,22.32,65.99,3.18,0.37,21.46,36.67
2021-06-16,Madurai,9.9252,78.1198,Irrigated,28.21,33.58,24.26,70.71,2.8,0.91,22.9,36.66
2021-06-17,Madurai,9.9252,78.1198,Irrigated,28.22,34.39,23.94,67.87,2.77,0.27,21.27,36.65
2021-06-18,Madurai,9.9252,78.1198,Irrigated,28.51,35.44,22.7,66.53,2.42,0.08,20.62,36.64
2021-06-19,Madurai,9.9252,78.1198,Irrigated,28.09,35.46,23.1,64.45,2.07,0.07,22.38,36.63
2021-06-20,Madurai,9.9252,78.1198,Irrigated,28.91,35.42,23.11,65.69,1.53,0.09,22.18,36.63
2021-06-21,Madurai,9.9252,78.1198,Irrigated,29.29,35.38,23.95,65.09,1.82,1.63,23.14,36.62
2021-06-22,Madurai,9.9252,78.1198,Irrigated,28.63,33.87,24.61,68.28,1.41,3.75,16.51,36.62
2021-06-23,Madurai,9.9252,78.1198,Irrigated,28.33,32.98,24.34,71.2,1.23,12.06,21.3,36.62
2021-06-24,Madurai,9.9252,78.1198,Irrigated,28.52,34.82,23.93,68.85,1.79,0.55,20.48,36.62
2021-06-25,Madurai,9.9252,78.1198,Irrigated,28.9,36.34,23.17,62.0,1.87,0.03,23.63,36.62
2021-06-26,Madurai,9.9252,78.1198,Irrigated,28.08,34.65,22.73,65.33,2.26,1.15,22.76,36.62
2021-06-27,Madurai,9.9252,78.1198,Irrigated,28.62,35.09,23.43,64.24,1.68,0.34,13.88,36.62
2021-06-28,Madurai,9.9252,78.1198,Irrigated,28.37,34.89,22.67,63.26,1.32,0.95,19.62,36.62
2021-06-29,Madurai,9.9252,78.1198,Irrigated,28.95,35.14,23.8,66.53,1.5,4.09,21.58,36.61
2021-06-30,Madurai,9.9252,78.1198,Irrigated,28.93,34.11,24.49,72.34,1.17,2.14,22.49,36.61
2021-07-01,Madurai,9.9252,78.1198,Irrigated,28.47,32.79,25.03,74.91,1.45,25.73,20.91,36.62
2021-07-02,Madurai,9.9252,78.1198,Irrigated,28.17,32.79,24.82,75.11,1.76,4.73,20.36,36.62
2021-07-03,Madurai,9.9252,78.1198,Irrigated,27.85,32.18,23.93,75.28,0.72,5.8,18.23,36.63
2021-07-04,Madurai,9.9252,78.1198,Irrigated,26.88,30.5,24.68,76.86,1.83,15.03,20.76,36.64
2021-07-05,Madurai,9.9252,78.1198,Irrigated,28.24,33.21,23.93,73.91,1.08,5.21,23.37,36.65
2021-07-06,Madurai,9.9252,78.1198,Irrigated,27.06,30.3,24.65,78.34,1.24,0.32,21.27,36.66
2021-07-07,Madurai,9.9252,78.1198,Irrigated,27.97,32.61,23.78,75.54,1.04,2.23,22.07,36.67
2021-07-08,Madurai,9.9252,78.1198,Irrigated,28.93,34.61,23.9,72.72,1.17,13.73,23.37,36.68
2021-07-09,Madurai,9.9252,78.1198,Irrigated,27.73,32.73,24.08,76.34,1.99,2.76,18.48,36.69
2021-07-10,Madurai,9.9252,78.1198,Irrigated,26.15,30.6,23.29,71.54,3.66,1.6,13.51,36.7
2021-07-11,Madurai,9.9252,78.1198,Irrigated,26.56,32.24,22.75,65.41,3.79,0.27,15.84,36.71
2021-07-12,Madurai,9.9252,78.1198,Irrigated,27.12,33.14,22.85,67.44,3.64,0.25,19.67,36.72
2021-07-13,Madurai,9.9252,78.1198,Irrigated,27.45,33.27,23.19,68.0,3.08,0.43,18.54,36.74
2021-07-14,Madurai,9.9252,78.1198,Irrigated,26.72,31.47,22.5,69.36,3.06,2.32,15.99,36.75
2021-07-15,Madurai,9.9252,78.1198,Irrigated,27.67,33.92,22.89,66.42,3.01,1.67,17.14,36.76
2021-07-16,Madurai,9.9252,78.1198,Irrigated,28.17,33.64,23.58,70.27,1.7,1.09,16.02,36.78
2021-07-17,Madurai,9.9252,78.1198,Irrigated,27.55,32.27,23.46,70.96,1.69,0.58,17.31,36.79
2021-07-18,Madurai,9.9252,78.1198,Irrigated,27.31,31.69,23.95,73.61,2.52,1.02,14.29,36.81
2021-07-19,Madurai,9.9252,78.1198,Irrigated,27.66,33.81,23.37,70.49,2.45,0.06,23.6,36.83
2021-07-20,Madurai,9.9252,78.1198,Irrigated,28.25,35.58,23.15,67.06,3.06,0.09,20.19,36.85
2021-07-21,Madurai,9.9252,78.1198,Irrigated,28.21,34.38,23.07,66.62,3.24,0.41,19.55,36.86
2021-07-22,Madurai,9.9252,78.1198,Irrigated,28.24,33.87,24.09,65.99,4.26,2.01,20.98,36.88
2021-07-23,Madurai,9.9252,78.1198,Irrigated,28.03,33.41,24.13,65.05,4.53,1.23,18.38,36.9
2021-07-24,Madurai,9.9252,78.1198,Irrigated,28.62,35.17,24.11,64.13,3.36,0.48,18.34,36.92
2021-07-25,Madurai,9.9252,78.1198,Irrigated,28.2,35.9,23.59,63.53,2.92,1.29,19.92,36.94
2021-07-26,Madurai,9.9252,78.1198,Irrigated,28.69,36.49,23.19,64.99,2.57,1.48,20.16,36.95
2021-07-27,Madurai,9.9252,78.1198,Irrigated,27.34,32.12,23.64,71.88,1.88,0.4,23.14,36.97
2021-07-28,Madurai,9.9252,78.1198,Irrigated,28.26,35.03,23.55,65.45,2.24,0.51,21.4,36.99
2021-07-29,Madurai,9.9252,78.1198,Irrigated,29.3,37.9,22.58,63.05,2.19,0.03,23.01,37.0
2021-07-30,Madurai,9.9252,78.1198,Irrigated,28.97,36.08,23.63,64.0,2.12,0.07,23.47,37.02
2021-07-31,Madurai,9.9252,78.1198,Irrigated,29.39,37.29,23.1,61.82,2.55,0.08,24.94,37.03
2021-08-01,Madurai,9.9252,78.1198,Irrigated,29.45,37.36,23.22,58.76,2.74,0.01,21.56,37.05
2021-08-02,Madurai,9.9252,78.1198,Irrigated,29.29,37.16,22.46,57.07,2.56,0.14,23.8,37.06
2021-08-03,Madurai,9.9252,78.1198,Irrigated,28.41,35.01,23.08,60.82,2.68,0.1,21.52,37.08
2021-08-04,Madurai,9.9252,78.1198,Irrigated,29.37,37.35,23.58,56.32,3.5,0.09,23.54,37.09
2021-08-05,Madurai,9.9252,78.1198,Irrigated,29.21,35.87,24.11,61.57,2.7,0.63,20.77,37.11
2021-08-06,Madurai,9.9252,78.1198,Irrigated,28.52,33.81,24.01,67.8,2.11,0.99,19.01,37.12
2021-08-07,Madurai,9.9252,78.1198,Irrigated,29.03,35.51,24.41,64.41,2.58,1.91,18.6,37.14
2021-08-08,Madurai,9.9252,78.1198,Irrigated,28.65,34.32,24.1,64.52,1.72,1.74,22.91,37.15
2021-08-09,Madurai,9.9252,78.1198,Irrigated,27.48,32.29,23.45,67.64,2.37,21.53,23.33,37.17
2021-08-10,Madurai,9.9252,78.1198,Irrigated,27.69,33.29,23.52,66.66,2.38,0.9,18.57,37.18
2021-08-11,Madurai,9.9252,78.1198,Irrigated,28.01,33.84,23.57,67.47,1.88,3.4,18.23,37.19
2021-08-12,Madurai,9.9252,78.1198,Irrigated,26.4,30.71,23.62,71.27,1.99,0.48,17.0,37.2
2021-08-13,Madurai,9.9252,78.1198,Irrigated,27.94,34.55,22.51,66.58,1.65,1.28,17.03,37.22
2021-08-14,Madurai,9.9252,78.1198,Irrigated,28.27,34.6,23.81,65.94,2.24,1.03,17.09,37.23
2021-08-15,Madurai,9.9252,78.1198,Irrigated,28.74,36.0,23.1,61.42,2.44,0.64,16.74,37.24
2021-08-16,Madurai,9.9252,78.1198,Irrigated,28.84,35.9,23.06,61.02,2.07,0.28,20.0,37.25
2021-08-17,Madurai,9.9252,78.1198,Irrigated,27.18,33.04,23.0,68.11,1.86,7.02,20.53,37.26
2021-08-18,Madurai,9.9252,78.1198,Irrigated,25.99,31.41,21.59,70.38,2.77,1.93,16.23,37.26
2021-08-19,Madurai,9.9252,78.1198,Irrigated,28.22,36.26,21.82,61.44,2.75,1.14,22.02,37.27
2021-08-20,Madurai,9.9252,78.1198,Irrigated,27.24,33.75,23.21,65.14,1.4,0.8,20.66,37.28
2021-08-21,Madurai,9.9252,78.1198,Irrigated,26.56,31.27,23.07,74.77,0.89,7.6,9.88,37.28
2021-08-22,Madurai,9.9252,78.1198,Irrigated,26.89,31.09,23.58,75.9,0.97,9.47,9.21,37.28
2021-08-23,Madurai,9.9252,78.1198,Irrigated,27.71,33.32,22.43,71.23,1.13,13.55,17.91,37.29
2021-08-24,Madurai,9.9252,78.1198,Irrigated,28.46,34.66,23.63,68.32,1.64,1.07,21.57,37.29
2021-08-25,Madurai,9.9252,78.1198,Irrigated,28.69,36.09,22.31,67.45,1.98,6.76,23.88,37.28
2021-08-26,Madurai,9.9252,78.1198,Irrigated,28.67,34.93,23.43,71.62,1.99,5.07,22.45,37.28
2021-08-27,Madurai,9.9252,78.1198,Irrigated,27.62,31.74,24.41,77.55,1.77,2.33,16.4,37.28
2021-08-28,Madurai,9.9252,78.1198,Irrigated,26.8,30.94,23.74,76.03,2.02,1.34,14.96,37.27
2021-08-29,Madurai,9.9252,78.1198,Irrigated,27.35,33.05,23.66,72.67,2.45,0.97,14.22,37.26
2021-08-30,Madurai,9.9252,78.1198,Irrigated,27.52,34.01,23.27,68.42,2.58,0.12,16.18,37.25
2021-08-31,Madurai,9.9252,78.1198,Irrigated,28.47,35.98,22.56,69.12,1.53,7.14,21.3,37.25
2021-09-01,Madurai,9.9252,78.1198,Irrigated,28.12,33.44,23.5,70.51,1.04,4.9,21.1,37.24
2021-09-02,Madurai,9.9252,78.1198,Irrigated,26.49,30.35,23.49,77.21,1.53,17.4,16.72,37.23
2021-09-03,Madurai,9.9252,78.1198,Irrigated,26.4,30.75,23.05,77.25,1.38,2.67,15.12,37.21
2021-09-04,Madurai,9.9252,78.1198,Irrigated,27.35,33.74,22.3,74.36,1.85,5.39,18.21,37.2
2021-09-05,Madurai,9.9252,78.1198,Irrigated,27.84,34.85,22.75,70.54,2.62,5.18,19.3,37.18
2021-09-06,Madurai,9.9252,78.1198,Irrigated,26.53,32.86,22.13,67.72,3.22,1.13,17.18,37.15
2021-09-07,Madurai,9.9252,78.1198,Irrigated,26.99,33.55,21.83,71.98,2.61,0.58,21.61,37.13
2021-09-08,Madurai,9.9252,78.1198,Irrigated,27.35,33.58,22.68,73.04,2.11,0.59,23.7,37.11
2021-09-09,Madurai,9.9252,78.1198,Irrigated,28.42,35.19,22.02,67.92,1.13,0.06,24.69,37.09
2021-09-10,Madurai,9.9252,78.1198,Irrigated,28.55,34.54,23.31,66.82,2.06,0.01,22.61,37.08
2021-09-11,Madurai,9.9252,78.1198,Irrigated,28.7,36.08,22.8,67.15,2.14,0.61,22.69,37.06
2021-09-12,Madurai,9.9252,78.1198,Irrigated,27.51,32.95,23.43,72.61,2.56,0.69,21.75,37.03
2021-09-13,Madurai,9.9252,78.1198,Irrigated,27.62,33.8,23.23,71.98,2.5,0.46,22.84,37.01
2021-09-14,Madurai,9.9252,78.1198,Irrigated,28.46,34.66,23.84,70.75,1.65,0.09,22.35,36.98
2021-09-15,Madurai,9.9252,78.1198,Irrigated,27.98,33.1,23.89,75.42,1.42,20.9,22.52,36.94
2021-09-16,Madurai,9.9252,78.1198,Irrigated,27.61,31.59,23.43,76.62,1.1,7.62,20.17,36.91
2021-09-17,Madurai,9.9252,78.1198,Irrigated,27.87,33.18,23.67,75.12,0.95,15.17,17.76,36.87
2021-09-18,Madurai,9.9252,78.1198,Irrigated,27.85,31.68,24.17,76.32,0.56,9.85,15.73,36.84
2021-09-19,Madurai,9.9252,78.1198,Irrigated,27.38,31.14,24.35,77.76,1.48,2.29,19.22,36.8
2021-09-20,Madurai,9.9252,78.1198,Irrigated,27.95,32.29,24.23,72.93,0.68,3.79,18.89,36.76
2021-09-21,Madurai,9.9252,78.1198,Irrigated,28.25,33.96,23.9,69.77,1.33,0.02,21.11,36.72
2021-09-22,Madurai,9.9252,78.1198,Irrigated,28.92,35.05,23.34,64.68,1.46,0.84,23.49,36.68
2021-09-23,Madurai,9.9252,78.1198,Irrigated,28.62,34.5,23.7,72.38,1.25,6.94,22.12,36.63
2021-09-24,Madurai,9.9252,78.1198,Irrigated,27.99,32.24,24.18,74.29,1.44,36.47,21.9,36.59
2021-09-25,Madurai,9.9252,78.1198,Irrigated,27.27,31.35,24.43,80.79,1.46,13.63,22.55,36.54
2021-09-26,Madurai,9.9252,78.1198,Irrigated,26.79,31.41,23.23,77.49,1.29,0.55,15.85,36.49
2021-09-27,Madurai,9.9252,78.1198,Irrigated,26.31,31.48,22.93,77.69,2.63,1.72,18.82,36.44
2021-09-28,Madurai,9.9252,78.1198,Irrigated,25.6,30.41,22.32,73.19,2.49,0.27,19.59,36.39
2021-09-29,Madurai,9.9252,78.1198,Irrigated,27.0,34.41,20.98,69.04,1.61,0.26,22.29,36.33
2021-09-30,Madurai,9.9252,78.1198,Irrigated,27.24,33.03,21.58,71.74,0.96,32.7,22.27,36.27
2021-10-01,Madurai,9.9252,78.1198,Irrigated,26.18,29.79,23.37,82.82,0.81,14.26,14.65,36.21
2021-10-02,Madurai,9.9252,78.1198,Irrigated,25.87,28.66,23.76,86.88,1.1,8.49,12.28,36.15
2021-10-03,Madurai,9.9252,78.1198,Irrigated,26.69,30.54,23.52,83.69,1.02,12.05,17.36,36.09
2021-10-04,Madurai,9.9252,78.1198,Irrigated,26.72,30.47,23.86,83.49,0.9,5.77,12.99,36.03
2021-10-05,Madurai,9.9252,78.1198,Irrigated,26.14,29.51,23.5,86.27,1.02,9.25,13.09,35.96
2021-10-06,Madurai,9.9252,78.1198,Irrigated,26.14,30.01,23.27,85.02,1.2,2.54,17.08,35.9
2021-10-07,Madurai,9.9252,78.1198,Irrigated,26.72,31.89,22.35,80.63,1.77,0.14,21.08,35.83
2021-10-08,Madurai,9.9252,78.1198,Irrigated,26.87,31.35,23.13,83.7,2.16,9.14,20.17,35.76
2021-10-09,Madurai,9.9252,78.1198,Irrigated,26.61,30.99,23.46,83.91,1.73,1.92,12.24,35.69
2021-10-10,Madurai,9.9252,78.1198,Irrigated,27.33,32.03,22.94,79.48,1.14,0.47,20.17,35.62
2021-10-11,Madurai,9.9252,78.1198,Irrigated,26.4,30.78,23.24,80.53,1.49,11.29,17.64,35.55
2021-10-12,Madurai,9.9252,78.1198,Irrigated,25.7,30.4,22.8,80.83,1.5,1.68,18.94,35.48
2021-10-13,Madurai,9.9252,78.1198,Irrigated,26.65,32.64,21.74,77.17,1.49,0.35,22.88,35.41
2021-10-14,Madurai,9.9252,78.1198,Irrigated,27.41,32.91,22.84,79.34,1.63,1.18,21.17,35.33
2021-10-15,Madurai,9.9252,78.1198,Irrigated,27.12,31.98,23.33,81.39,1.88,0.59,21.75,35.26
2021-10-16,Madurai,9.9252,78.1198,Irrigated,26.38,30.18,23.58,88.32,2.4,8.69,14.73,35.18
2021-10-17,Madurai,9.9252,78.1198,Irrigated,26.65,31.16,23.82,84.89,2.29,4.02,15.9,35.1
2021-10-18,Madurai,9.9252,78.1198,Irrigated,27.11,31.8,22.85,80.46,1.44,2.41,22.58,35.03
2021-10-19,Madurai,9.9252,78.1198,Irrigated,26.83,31.21,22.78,80.83,1.1,0.24,18.24,34.95
2021-10-20,Madurai,9.9252,78.1198,Irrigated,26.16,29.03,23.59,86.9,0.93,18.45,15.62,34.86
2021-10-21,Madurai,9.9252,78.1198,Irrigated,26.34,29.38,23.7,85.5,0.59,9.56,19.13,34.78
2021-10-22,Madurai,9.9252,78.1198,Irrigated,26.05,28.86,23.81,87.44,0.94,6.27,20.14,34.7
2021-10-23,Madurai,9.9252,78.1198,Irrigated,26.04,30.05,23.49,85.84,1.32,9.4,16.67,34.62
2021-10-24,Madurai,9.9252,78.1198,Irrigated,26.24,29.36,22.62,78.43,0.81,10.54,22.58,34.53
2021-10-25,Madurai,9.9252,78.1198,Irrigated,25.83,30.02,22.23,82.3,1.22,13.19,16.11,34.45
2021-10-26,Madurai,9.9252,78.1198,Irrigated,25.81,29.77,22.73,84.49,1.17,2.04,10.57,34.36
2021-10-27,Madurai,9.9252,78.1198,Irrigated,25.58,29.55,22.33,86.05,1.41,3.51,14.8,34.28
2021-10-28,Madurai,9.9252,78.1198,Irrigated,25.17,28.2,23.17,86.42,1.3,7.98,15.98,34.19
2021-10-29,Madurai,9.9252,78.1198,Irrigated,24.23,27.16,22.45,89.46,2.24,11.61,11.75,34.11
2021-10-30,Madurai,9.9252,78.1198,Irrigated,24.32,27.78,22.26,89.44,2.5,12.18,8.54,34.02
2021-10-31,Madurai,9.9252,78.1198,Irrigated,24.66,27.94,22.04,90.85,2.01,7.56,8.38,33.94
2021-11-01,Madurai,9.9252,78.1198,Irrigated,24.6,27.52,22.86,90.21,1.93,9.72,13.74,33.85
2021-11-02,Madurai,9.9252,78.1198,Irrigated,24.93,28.12,23.0,90.92,2.72,18.35,14.22,33.77
2021-11-03,Madurai,9.9252,78.1198,Irrigated,24.62,27.48,22.74,92.2,1.71,12.85,11.44,33.68
2021-11-04,Madurai,9.9252,78.1198,Irrigated,24.79,28.17,22.34,88.31,0.7,7.45,11.28,33.59
2021-11-05,Madurai,9.9252,78.1198,Irrigated,24.6,27.17,22.71,89.69,1.06,8.82,18.6,33.5
2021-11-06,Madurai,9.9252,78.1198,Irrigated,25.13,28.2,21.54,84.52,0.95,21.72,16.73,33.42
2021-11-07,Madurai,9.9252,78.1198,Irrigated,25.16,28.72,21.84,85.56,0.97,9.62,12.77,33.33
2021-11-08,Madurai,9.9252,78.1198,Irrigated,24.66,27.05,22.57,88.16,1.12,9.05,8.53,33.25
2021-11-09,Madurai,9.9252,78.1198,Irrigated,23.14,25.52,21.6,90.61,1.85,9.53,5.17,33.16
2021-11-10,Madurai,9.9252,78.1198,Irrigated,23.25,25.73,21.55,89.26,2.13,3.65,14.03,33.08
2021-11-11,Madurai,9.9252,78.1198,Irrigated,24.61,27.98,21.94,85.76,1.7,2.12,17.21,33.0
2021-11-12,Madurai,9.9252,78.1198,Irrigated,25.66,30.36,22.02,86.28,1.74,6.61,10.52,32.92
2021-11-13,Madurai,9.9252,78.1198,Irrigated,25.66,30.6,21.23,86.83,1.78,1.99,17.8,32.84
2021-11-14,Madurai,9.9252,78.1198,Irrigated,25.06,27.62,22.82,89.99,1.72,3.15,14.88,32.76
2021-11-15,Madurai,9.9252,78.1198,Irrigated,26.03,30.6,22.61,85.55,0.74,5.2,16.12,32.68
2021-11-16,Madurai,9.9252,78.1198,Irrigated,25.82,28.86,23.52,88.04,0.73,5.01,13.7,32.6
2021-11-17,Madurai,9.9252,78.1198,Irrigated,24.98,27.62,23.01,91.98,1.19,33.21,10.79,32.53
2021-11-18,Madurai,9.9252,78.1198,Irrigated,25.04,28.68,22.82,88.62,1.77,6.4,7.17,32.45
2021-11-19,Madurai,9.9252,78.1198,Irrigated,25.32,29.7,22.34,87.28,2.55,4.16,18.61,32.38
2021-11-20,Madurai,9.9252,78.1198,Irrigated,25.99,30.63,22.68,86.36,1.9,0.72,19.97,32.31
2021-11-21,Madurai,9.9252,78.1198,Irrigated,25.17,29.96,20.0,83.38,1.01,0.07,21.64,32.23
2021-11-22,Madurai,9.9252,78.1198,Irrigated,24.86,28.91,21.89,88.77,1.74,3.12,18.62,32.17
2021-11-23,Madurai,9.9252,78.1198,Irrigated,24.49,27.29,22.33,92.61,1.73,7.76,12.76,32.1
2021-11-24,Madurai,9.9252,78.1198,Irrigated,24.26,26.75,22.36,92.07,1.66,2.49,4.8,32.03
2021-11-25,Madurai,9.9252,78.1198,Irrigated,24.01,25.84,22.3,92.74,1.98,50.88,5.63,31.97
2021-11-26,Madurai,9.9252,78.1198,Irrigated,24.67,27.23,22.68,93.93,2.04,7.48,10.31,31.9
2021-11-27,Madurai,9.9252,78.1198,Irrigated,23.65,26.23,21.5,92.74,2.62,7.1,14.62,31.84
2021-11-28,Madurai,9.9252,78.1198,Irrigated,24.44,27.51,22.46,92.48,2.55,8.91,12.08,31.78
2021-11-29,Madurai,9.9252,78.1198,Irrigated,24.28,27.52,22.4,92.36,2.34,33.95,10.29,31.73
2021-11-30,Madurai,9.9252,78.1198,Irrigated,23.92,26.29,22.29,94.73,1.67,20.72,16.41,31.67
2021-12-01,Madurai,9.9252,78.1198,Irrigated,25.03,28.81,21.92,89.86,1.45,3.84,18.04,31.62
2021-12-02,Madurai,9.9252,78.1198,Irrigated,24.99,29.03,22.11,90.61,1.95,0.79,16.68,31.57
2021-12-03,Madurai,9.9252,78.1198,Irrigated,23.99,27.8,20.59,85.25,1.27,3.85,19.35,31.52
2021-12-04,Madurai,9.9252,78.1198,Irrigated,25.05,29.36,21.11,79.05,0.61,7.09,13.27,31.48
2021-12-05,Madurai,9.9252,78.1198,Irrigated,25.93,30.3,22.69,86.52,0.99,4.73,17.88,31.43
2021-12-06,Madurai,9.9252,78.1198,Irrigated,26.04,30.3,22.82,85.0,1.31,1.29,15.55,31.39
2021-12-07,Madurai,9.9252,78.1198,Irrigated,25.0,28.77,22.43,89.2,1.6,0.18,17.5,31.35
2021-12-08,Madurai,9.9252,78.1198,Irrigated,24.58,28.55,21.59,90.19,1.79,0.19,18.41,31.32
2021-12-09,Madurai,9.9252,78.1198,Irrigated,23.76,26.96,21.63,94.08,1.88,5.19,15.71,31.29
2021-12-10,Madurai,9.9252,78.1198,Irrigated,23.65,28.19,19.94,89.52,2.17,0.73,15.9,31.26
2021-12-11,Madurai,9.9252,78.1198,Irrigated,24.26,28.42,21.21,90.8,2.37,4.0,19.8,31.23
2021-12-12,Madurai,9.9252,78.1198,Irrigated,24.27,28.24,21.72,90.27,2.76,3.48,15.7,31.21
2021-12-13,Madurai,9.9252,78.1198,Irrigated,24.05,28.0,21.26,90.38,2.42,1.14,17.75,31.19
2021-12-14,Madurai,9.9252,78.1198,Irrigated,24.18,28.21,21.88,90.88,2.55,1.4,18.45,31.17
2021-12-15,Madurai,9.9252,78.1198,Irrigated,24.06,27.62,21.68,91.02,2.49,0.8,18.52,31.15
2021-12-16,Madurai,9.9252,78.1198,Irrigated,23.57,27.38,20.59,87.81,3.08,0.1,18.38,31.14
2021-12-17,Madurai,9.9252,78.1198,Irrigated,22.96,26.91,20.47,86.22,2.43,0.02,18.58,31.13
2021-12-18,Madurai,9.9252,78.1198,Irrigated,22.62,27.04,19.23,86.6,2.64,0.0,18.71,31.12
2021-12-19,Madurai,9.9252,78.1198,Irrigated,21.77,26.66,17.92,85.76,2.34,0.0,18.59,31.12
2021-12-20,Madurai,9.9252,78.1198,Irrigated,21.92,27.0,17.05,85.6,2.22,0.0,20.94,31.12
2021-12-21,Madurai,9.9252,78.1198,Irrigated,21.99,27.45,17.46,83.38,1.69,0.0,19.07,31.12
2021-12-22,Madurai,9.9252,78.1198,Irrigated,21.76,27.29,17.07,84.32,1.48,0.0,17.98,31.13
2021-12-23,Madurai,9.9252,78.1198,Irrigated,20.94,26.6,16.11,83.06,1.52,0.0,19.53,31.13
2021-12-24,Madurai,9.9252,78.1198,Irrigated,20.96,27.05,14.92,83.18,1.59,0.0,20.3,31.14
2021-12-25,Madurai,9.9252,78.1198,Irrigated,21.31,27.15,15.82,85.71,1.61,0.0,21.15,31.15
2021-12-26,Madurai,9.9252,78.1198,Irrigated,21.73,27.35,16.28,86.31,1.58,0.0,20.71,31.16
2021-12-27,Madurai,9.9252,78.1198,Irrigated,22.15,27.63,17.08,86.07,1.78,0.0,21.2,31.18
2021-12-28,Madurai,9.9252,78.1198,Irrigated,22.18,27.71,16.94,85.84,1.86,0.0,20.46,31.21
2021-12-29,Madurai,9.9252,78.1198,Irrigated,22.23,27.8,17.26,84.07,1.72,0.0,22.14,31.23
2021-12-30,Madurai,9.9252,78.1198,Irrigated,22.76,26.6,18.46,88.15,2.22,4.71,16.95,31.26
2021-12-31,Madurai,9.9252,78.1198,Irrigated,24.39,29.05,21.08,89.96,2.9,5.25,15.88,31.29
2022-01-01,Madurai,9.9252,78.1198,Irrigated,24.64,28.88,22.36,90.06,3.2,14.33,14.22,31.33
2022-01-02,Madurai,9.9252,78.1198,Irrigated,23.98,28.42,21.15,89.28,3.24,5.43,13.24,31.36
2022-01-03,Madurai,9.9252,78.1198,Irrigated,23.17,27.5,19.87,86.7,2.45,0.09,17.56,31.4
2022-01-04,Madurai,9.9252,78.1198,Irrigated,23.02,27.64,19.73,86.9,2.41,0.04,17.99,31.44
2022-01-05,Madurai,9.9252,78.1198,Irrigated,22.16,27.94,17.16,85.02,1.9,0.0,20.09,31.49
2022-01-06,Madurai,9.9252,78.1198,Irrigated,23.28,28.44,18.87,88.16,1.95,0.0,16.21,31.53
2022-01-07,Madurai,9.9252,78.1198,Irrigated,23.68,28.41,19.37,88.09,1.89,0.02,15.7,31.58
2022-01-08,Madurai,9.9252,78.1198,Irrigated,23.43,28.09,19.41,87.29,2.12,0.01,18.72,31.63
2022-01-09,Madurai,9.9252,78.1198,Irrigated,23.02,28.17,18.77,86.26,1.78,0.0,17.43,31.68
2022-01-10,Madurai,9.9252,78.1198,Irrigated,23.6,28.96,19.67,85.67,1.54,0.0,20.93,31.74
2022-01-11,Madurai,9.9252,78.1198,Irrigated,23.93,29.17,19.62,85.99,1.51,0.0,20.09,31.8
2022-01-12,Madurai,9.9252,78.1198,Irrigated,24.28,29.74,19.32,84.43,1.25,0.0,19.61,31.87
2022-01-13,Madurai,9.9252,78.1198,Irrigated,24.93,29.96,20.82,84.51,1.15,0.0,20.28,31.93
2022-01-14,Madurai,9.9252,78.1198,Irrigated,25.29,30.17,21.6,83.4,1.31,0.0,19.76,32.0
2022-01-15,Madurai,9.9252,78.1198,Irrigated,25.15,30.01,21.5,83.46,1.63,0.02,19.94,32.07
2022-01-16,Madurai,9.9252,78.1198,Irrigated,24.69,29.52,20.89,84.6,2.14,0.09,18.35,32.14
2022-01-17,Madurai,9.9252,78.1198,Irrigated,24.23,29.18,20.45,84.59,2.45,0.06,19.07,32.22
2022-01-18,Madurai,9.9252,78.1198,Irrigated,23.5,28.78,19.26,82.83,2.56,0.02,20.01,32.29
2022-01-19,Madurai,9.9252,78.1198,Irrigated,23.21,29.19,18.08,81.94,1.91,0.0,20.75,32.37
2022-01-20,Madurai,9.9252,78.1198,Irrigated,22.92,29.55,17.29,76.77,1.51,0.0,20.11,32.45
2022-01-21,Madurai,9.9252,78.1198,Irrigated,23.94,30.88,18.16,74.96,0.95,0.0,19.14,32.52
2022-01-22,Madurai,9.9252,78.1198,Irrigated,25.6,32.73,19.15,73.47,1.15,0.0,21.18,32.6
2022-01-23,Madurai,9.9252,78.1198,Irrigated,25.94,31.64,21.23,77.17,0.77,0.0,20.45,32.68
2022-01-24,Madurai,9.9252,78.1198,Irrigated,25.6,30.12,22.24,79.41,1.21,0.0,16.81,32.77
2022-01-25,Madurai,9.9252,78.1198,Irrigated,25.43,30.26,22.56,79.68,1.71,0.01,18.73,32.85
2022-01-26,Madurai,9.9252,78.1198,Irrigated,24.37,29.14,21.3,79.81,2.11,0.31,17.55,32.93
2022-01-27,Madurai,9.9252,78.1198,Irrigated,24.57,30.46,20.1,75.54,2.07,0.1,19.8,33.02
2022-01-28,Madurai,9.9252,78.1198,Irrigated,24.09,29.98,19.73,78.48,2.82,0.02,21.16,33.1
2022-01-29,Madurai,9.9252,78.1198,Irrigated,24.77,30.74,20.41,80.2,3.21,0.01,14.52,33.18
2022-01-30,Madurai,9.9252,78.1198,Irrigated,25.43,31.79,20.53,78.29,2.34,0.01,16.32,33.27
2022-01-31,Madurai,9.9252,78.1198,Irrigated,25.37,31.68,20.78,78.86,1.92,0.0,18.84,33.36
2022-02-01,Madurai,9.9252,78.1198,Irrigated,25.34,31.91,20.83,78.13,1.89,0.01,20.48,33.45
2022-02-02,Madurai,9.9252,78.1198,Irrigated,23.71,31.32,18.53,73.77,1.83,0.0,22.99,33.55
2022-02-03,Madurai,9.9252,78.1198,Irrigated,23.48,31.71,16.77,69.67,1.13,0.0,24.54,33.65
2022-02-04,Madurai,9.9252,78.1198,Irrigated,25.37,33.76,18.2,69.64,1.03,0.0,22.88,33.74
2022-02-05,Madurai,9.9252,78.1198,Irrigated,26.02,33.0,20.35,74.4,1.74,0.0,20.94,33.84
2022-02-06,Madurai,9.9252,78.1198,Irrigated,25.61,31.73,21.4,74.61,1.92,0.0,20.25,33.93
2022-02-07,Madurai,9.9252,78.1198,Irrigated,25.24,32.3,19.94,73.27,2.03,0.0,20.32,34.03
2022-02-08,Madurai,9.9252,78.1198,Irrigated,24.13,31.39,18.25,71.87,2.29,0.0,22.6,34.12
2022-02-09,Madurai,9.9252,78.1198,Irrigated,23.54,31.52,17.19,69.7,2.36,0.0,20.85,34.22
2022-02-10,Madurai,9.9252,78.1198,Irrigated,24.56,32.47,17.7,65.86,2.45,0.03,20.1,34.32
2022-02-11,Madurai,9.9252,78.1198,Irrigated,25.14,31.0,21.28,79.58,2.94,0.72,13.48,34.41
2022-02-12,Madurai,9.9252,78.1198,Irrigated,24.63,29.86,21.42,80.35,2.87,3.88,10.18,34.5
2022-02-13,Madurai,9.9252,78.1198,Irrigated,24.58,30.87,20.01,76.59,2.71,0.73,13.17,34.6
2022-02-14,Madurai,9.9252,78.1198,Irrigated,25.07,31.77,20.1,73.53,2.53,0.38,19.38,34.69
2022-02-15,Madurai,9.9252,78.1198,Irrigated,24.71,31.79,19.28,70.1,2.5,0.3,19.48,34.78
2022-02-16,Madurai,9.9252,78.1198,Irrigated,25.03,32.85,18.93,64.81,2.24,0.0,22.16,34.87
2022-02-17,Madurai,9.9252,78.1198,Irrigated,25.51,33.64,19.14,62.77,2.16,0.0,21.24,34.96
2022-02-18,Madurai,9.9252,78.1198,Irrigated,25.92,33.18,20.27,68.95,2.3,0.0,21.54,35.05
2022-02-19,Madurai,9.9252,78.1198,Irrigated,26.14,32.95,20.26,69.33,2.51,0.0,17.83,35.14
2022-02-20,Madurai,9.9252,78.1198,Irrigated,27.07,34.87,20.71,67.26,1.74,0.0,23.07,35.23
2022-02-21,Madurai,9.9252,78.1198,Irrigated,28.14,35.37,22.52,65.65,1.14,0.0,22.18,35.32
2022-02-22,Madurai,9.9252,78.1198,Irrigated,28.03,35.87,22.45,61.87,1.85,0.02,22.98,35.41
2022-02-23,Madurai,9.9252,78.1198,Irrigated,26.51,34.76,20.73,65.33,2.61,0.34,23.62,35.49
2022-02-24,Madurai,9.9252,78.1198,Irrigated,25.56,33.64,18.38,66.93,2.37,0.54,17.11,35.58
2022-02-25,Madurai,9.9252,78.1198,Irrigated,26.01,33.72,19.66,61.2,2.47,0.0,24.84,35.66
2022-02-26,Madurai,9.9252,78.1198,Irrigated,26.19,34.45,18.98,68.14,2.38,0.47,19.92,35.74
2022-02-27,Madurai,9.9252,78.1198,Irrigated,26.78,34.08,21.8,67.53,2.98,0.9,21.15,35.83
2022-02-28,Madurai,9.9252,78.1198,Irrigated,26.16,34.48,19.58,63.8,2.28,0.02,25.03,35.91
2022-03-01,Madurai,9.9252,78.1198,Irrigated,26.36,35.53,19.1,58.66,2.56,0.0,25.36,35.99
2022-03-02,Madurai,9.9252,78.1198,Irrigated,25.59,35.15,17.96,59.12,2.7,0.0,21.27,36.07
2022-03-03,Madurai,9.9252,78.1198,Irrigated,25.65,33.67,19.16,63.75,2.85,0.0,18.45,36.14
2022-03-04,Madurai,9.9252,78.1198,Irrigated,26.82,34.8,19.9,60.03,3.23,0.17,18.66,36.22
2022-03-05,Madurai,9.9252,78.1198,Irrigated,27.67,35.25,21.28,60.81,2.86,0.0,24.48,36.29
2022-03-06,Madurai,9.9252,78.1198,Irrigated,27.54,35.44,21.88,62.53,2.89,0.3,23.38,36.37
2022-03-07,Madurai,9.9252,78.1198,Irrigated,27.22,34.57,21.6,65.0,2.84,1.62,17.33,36.44
2022-03-08,Madurai,9.9252,78.1198,Irrigated,27.38,34.65,22.1,68.03,2.28,4.82,20.96,36.51
2022-03-09,Madurai,9.9252,78.1198,Irrigated,27.62,36.27,20.91,62.37,2.0,0.0,24.3,36.58
2022-03-10,Madurai,9.9252,78.1198,Irrigated,27.08,36.34,19.09,58.89,2.07,0.0,24.63,36.64
2022-03-11,Madurai,9.9252,78.1198,Irrigated,27.11,36.41,19.92,60.41,2.37,0.0,24.98,36.71
2022-03-12,Madurai,9.9252,78.1198,Irrigated,26.87,36.8,18.54,55.74,2.42,0.0,24.72,36.77
2022-03-13,Madurai,9.9252,78.1198,Irrigated,27.07,36.27,19.61,57.65,2.61,0.0,24.7,36.83
2022-03-14,Madurai,9.9252,78.1198,Irrigated,27.87,37.08,20.87,54.66,2.33,0.0,22.26,36.89
2022-03-15,Madurai,9.9252,78.1198,Irrigated,26.91,33.3,20.41,53.73,1.36,0.0,23.59,36.95
2022-03-16,Madurai,9.9252,78.1198,Irrigated,29.01,37.99,22.13,51.01,1.74,0.22,20.66,37.01
2022-03-17,Madurai,9.9252,78.1198,Irrigated,29.29,38.6,21.61,51.57,2.03,0.33,22.07,37.06
2022-03-18,Madurai,9.9252,78.1198,Irrigated,29.77,38.69,23.06,48.84,1.7,0.11,23.8,37.11
2022-03-19,Madurai,9.9252,78.1198,Irrigated,30.19,38.22,22.34,50.99,1.37,0.32,21.89,37.16
2022-03-20,Madurai,9.9252,78.1198,Irrigated,31.44,38.67,24.38,49.94,1.03,0.98,20.96,37.21
2022-03-21,Madurai,9.9252,78.1198,Irrigated,31.74,39.57,24.6,50.38,1.23,0.6,22.08,37.25
2022-03-22,Madurai,9.9252,78.1198,Irrigated,30.14,35.43,26.33,56.3,1.46,0.9,20.9,37.3
2022-03-23,Madurai,9.9252,78.1198,Irrigated,29.61,35.05,25.7,65.29,1.32,12.74,18.36,37.34
2022-03-24,Madurai,9.9252,78.1198,Irrigated,29.3,35.63,24.46,68.01,1.35,0.65,18.29,37.38
2022-03-25,Madurai,9.9252,78.1198,Irrigated,28.7,34.55,24.44,68.4,1.24,2.22,21.55,37.42
2022-03-26,Madurai,9.9252,78.1198,Irrigated,29.04,35.61,23.69,67.46,1.59,1.28,21.17,37.45
2022-03-27,Madurai,9.9252,78.1198,Irrigated,29.69,36.72,23.83,64.44,1.6,0.38,22.29,37.48
2022-03-28,Madurai,9.9252,78.1198,Irrigated,29.78,36.88,24.32,64.17,1.94,0.25,24.78,37.51
2022-03-29,Madurai,9.9252,78.1198,Irrigated,30.4,38.34,23.49,60.84,2.11,0.23,25.55,37.54
2022-03-30,Madurai,9.9252,78.1198,Irrigated,30.18,37.45,24.47,61.83,2.26,0.96,25.15,37.57
2022-03-31,Madurai,9.9252,78.1198,Irrigated,30.35,38.26,23.77,59.54,2.15,0.06,25.81,37.6
2022-04-01,Madurai,9.9252,78.1198,Irrigated,30.28,38.43,23.44,58.69,2.54,0.29,24.64,37.63
2022-04-02,Madurai,9.9252,78.1198,Irrigated,30.25,37.42,24.44,60.44,1.83,0.37,23.04,37.65
2022-04-03,Madurai,9.9252,78.1198,Irrigated,29.65,36.17,24.79,64.33,1.92,2.28,22.97,37.68
2022-04-04,Madurai,9.9252,78.1198,Irrigated,29.86,37.6,24.11,62.75,2.01,0.46,23.57,37.7
2022-04-05,Madurai,9.9252,78.1198,Irrigated,29.94,37.17,24.43,60.55,1.97,0.88,21.5,37.72
2022-04-06,Madurai,9.9252,78.1198,Irrigated,28.32,33.65,24.56,66.37,1.69,3.02,21.36,37.74
2022-04-07,Madurai,9.9252,78.1198,Irrigated,29.85,37.03,24.27,62.11,1.83,0.34,23.41,37.76
2022-04-08,Madurai,9.9252,78.1198,Irrigated,28.77,34.69,24.57,70.07,1.47,14.57,18.88,37.78
2022-04-09,Madurai,9.9252,78.1198,Irrigated,27.95,33.42,24.04,73.77,1.49,6.3,18.77,37.79
2022-04-10,Madurai,9.9252,78.1198,Irrigated,28.62,35.76,23.11,68.99,1.56,13.39,16.34,37.79
2022-04-11,Madurai,9.9252,78.1198,Irrigated,27.9,32.73,23.75,75.69,1.58,20.72,14.75,37.8
2022-04-12,Madurai,9.9252,78.1198,Irrigated,27.38,32.84,23.59,75.53,1.18,13.59,17.95,37.8
2022-04-13,Madurai,9.9252,78.1198,Irrigated,26.88,31.74,23.49,79.66,1.77,14.1,18.26,37.81
2022-04-14,Madurai,9.9252,78.1198,Irrigated,27.3,33.19,23.01,71.31,1.81,1.57,21.49,37.81
2022-04-15,Madurai,9.9252,78.1198,Irrigated,29.27,35.9,23.52,67.47,1.73,0.78,24.55,37.81
2022-04-16,Madurai,9.9252,78.1198,Irrigated,29.74,36.13,24.24,69.09,1.68,0.77,23.47,37.81
2022-04-17,Madurai,9.9252,78.1198,Irrigated,29.34,34.56,25.1,71.54,1.16,2.69,19.1,37.81
2022-04-18,Madurai,9.9252,78.1198,Irrigated,29.22,34.3,25.32,72.23,1.31,6.98,24.98,37.8
2022-04-19,Madurai,9.9252,78.1198,Irrigated,29.24,35.16,24.29,66.1,1.45,1.12,20.73,37.79
2022-04-20,Madurai,9.9252,78.1198,Irrigated,29.84,36.6,24.11,65.63,1.81,0.0,24.68,37.78
2022-04-21,Madurai,9.9252,78.1198,Irrigated,28.53,33.47,25.34,76.55,1.72,0.03,23.5,37.76
2022-04-22,Madurai,9.9252,78.1198,Irrigated,28.05,33.32,24.7,77.26,1.84,4.29,19.96,37.75
2022-04-23,Madurai,9.9252,78.1198,Irrigated,27.47,31.51,23.58,75.64,1.1,14.03,19.11,37.74
2022-04-24,Madurai,9.9252,78.1198,Irrigated,29.01,36.02,23.52,68.51,1.59,0.44,23.16,37.74
2022-04-25,Madurai,9.9252,78.1198,Irrigated,28.88,35.41,23.67,70.86,1.69,0.0,23.64,37.73
2022-04-26,Madurai,9.9252,78.1198,Irrigated,29.28,36.4,23.88,67.71,1.68,0.0,25.44,37.73
2022-04-27,Madurai,9.9252,78.1198,Irrigated,29.27,36.43,23.26,67.96,1.77,0.0,25.21,37.72
2022-04-28,Madurai,9.9252,78.1198,Irrigated,29.28,35.57,23.91,68.53,2.0,0.05,21.86,37.71
2022-04-29,Madurai,9.9252,78.1198,Irrigated,29.97,36.31,24.73,68.2,1.68,0.05,23.19,37.69
2022-04-30,Madurai,9.9252,78.1198,Irrigated,30.42,36.8,25.34,66.14,1.5,0.01,24.63,37.67
2022-05-01,Madurai,9.9252,78.1198,Irrigated,30.71,36.58,25.48,63.77,1.3,1.16,21.94,37.65
2022-05-02,Madurai,9.9252,78.1198,Irrigated,31.2,37.62,25.76,62.7,1.52,0.49,22.9,37.63
2022-05-03,Madurai,9.9252,78.1198,Irrigated,30.23,34.88,26.52,69.82,1.13,1.28,22.03,37.61
2022-05-04,Madurai,9.9252,78.1198,Irrigated,29.62,34.95,25.45,70.55,1.23,3.41,19.76,37.58
2022-05-05,Madurai,9.9252,78.1198,Irrigated,29.9,35.72,24.66,68.03,1.54,1.07,22.45,37.56
2022-05-06,Madurai,9.9252,78.1198,Irrigated,29.06,34.86,25.25,57.97,1.63,0.24,20.94,37.54
2022-05-07,Madurai,9.9252,78.1198,Irrigated,30.82,38.61,23.07,55.94,1.31,0.45,20.71,37.52
2022-05-08,Madurai,9.9252,78.1198,Irrigated,31.44,37.3,25.89,59.23,1.38,0.36,19.48,37.5
2022-05-09,Madurai,9.9252,78.1198,Irrigated,29.86,34.89,26.19,67.19,2.09,0.96,13.28,37.48
2022-05-10,Madurai,9.9252,78.1198,Irrigated,28.92,34.56,25.3,66.65,2.92,0.46,12.72,37.45
2022-05-11,Madurai,9.9252,78.1198,Irrigated,29.98,37.55,24.77,60.66,3.62,0.29,12.85,37.43
2022-05-12,Madurai,9.9252,78.1198,Irrigated,29.83,37.68,23.72,61.81,2.67,0.37,19.66,37.4
2022-05-13,Madurai,9.9252,78.1198,Irrigated,29.93,37.45,25.09,62.27,2.62,0.33,20.96,37.38
2022-05-14,Madurai,9.9252,78.1198,Irrigated,28.55,35.45,24.26,70.43,2.25,8.05,20.71,37.36
2022-05-15,Madurai,9.9252,78.1198,Irrigated,28.06,33.3,24.1,75.8,1.89,5.02,21.02,37.33
2022-05-16,Madurai,9.9252,78.1198,Irrigated,27.21,30.76,24.6,81.58,1.68,20.06,19.71,37.31
2022-05-17,Madurai,9.9252,78.1198,Irrigated,28.57,34.03,24.13,73.68,1.77,6.26,19.68,37.29
2022-05-18,Madurai,9.9252,78.1198,Irrigated,29.25,35.6,24.85,70.56,2.6,1.54,16.93,37.25
2022-05-19,Madurai,9.9252,78.1198,Irrigated,28.57,34.61,24.09,71.42,2.79,1.99,19.3,37.22
2022-05-20,Madurai,9.9252,78.1198,Irrigated,28.84,36.67,22.53,66.52,2.9,0.64,22.97,37.19
2022-05-21,Madurai,9.9252,78.1198,Irrigated,29.3,36.45,23.89,67.58,2.5,0.24,23.27,37.17
2022-05-22,Madurai,9.9252,78.1198,Irrigated,29.33,37.05,23.12,62.96,3.01,0.14,24.22,37.15
2022-05-23,Madurai,9.9252,78.1198,Irrigated,29.93,36.33,24.46,66.21,1.97,0.7,20.93,37.13
2022-05-24,Madurai,9.9252,78.1198,Irrigated,30.38,36.93,24.68,65.5,1.56,3.78,21.08,37.11
2022-05-25,Madurai,9.9252,78.1198,Irrigated,29.85,34.29,25.69,69.64,0.99,1.7,22.84,37.09
2022-05-26,Madurai,9.9252,78.1198,Irrigated,29.02,35.59,23.81,67.77,1.74,5.12,23.33,37.06
2022-05-27,Madurai,9.9252,78.1198,Irrigated,29.14,37.39,22.1,63.36,1.35,3.07,24.36,37.03
2022-05-28,Madurai,9.9252,78.1198,Irrigated,29.32,35.64,23.75,68.3,1.51,11.52,23.54,37.0
2022-05-29,Madurai,9.9252,78.1198,Irrigated,27.62,32.53,24.07,75.0,1.58,12.19,24.22,36.98
2022-05-30,Madurai,9.9252,78.1198,Irrigated,28.74,35.3,22.83,68.36,1.72,2.96,22.92,36.95
2022-05-31,Madurai,9.9252,78.1198,Irrigated,29.23,36.36,23.59,64.22,2.29,1.42,21.52,36.93
2022-06-01,Madurai,9.9252,78.1198,Irrigated,27.73,32.98,23.75,71.99,2.31,3.73,24.37,36.91
2022-06-02,Madurai,9.9252,78.1198,Irrigated,28.85,35.35,23.4,69.02,1.83,1.33,24.15,36.89
2022-06-03,Madurai,9.9252,78.1198,Irrigated,28.78,34.2,24.07,66.03,1.35,0.01,22.39,36.87
2022-06-04,Madurai,9.9252,78.1198,Irrigated,28.8,33.38,24.22,67.16,1.62,0.04,22.19,36.85
2022-06-05,Madurai,9.9252,78.1198,Irrigated,29.95,35.39,24.79,65.22,1.21,6.79,20.96,36.84
2022-06-06,Madurai,9.9252,78.1198,Irrigated,28.43,32.6,25.31,75.2,1.26,10.15,18.38,36.82
2022-06-07,Madurai,9.9252,78.1198,Irrigated,27.76,31.44,24.87,77.4,1.24,4.49,12.12,36.8
2022-06-08,Madurai,9.9252,78.1198,Irrigated,28.54,34.28,23.84,69.92,1.65,0.06,21.51,36.79
2022-06-09,Madurai,9.9252,78.1198,Irrigated,28.76,34.82,23.6,66.78,1.44,0.01,21.83,36.77
2022-06-10,Madurai,9.9252,78.1198,Irrigated,28.49,34.46,23.75,68.54,1.85,0.52,20.65,36.76
2022-06-11,Madurai,9.9252,78.1198,Irrigated,28.69,36.19,23.11,65.67,2.02,1.66,21.08,36.75
2022-06-12,Madurai,9.9252,78.1198,Irrigated,26.73,32.53,22.83,69.96,2.18,6.27,20.52,36.74
2022-06-13,Madurai,9.9252,78.1198,Irrigated,28.64,35.55,21.88,64.95,1.01,2.44,21.79,36.73
2022-06-14,Madurai,9.9252,78.1198,Irrigated,29.17,35.64,24.14,66.93,1.71,2.74,20.65,36.71
2022-06-15,Madurai,9.9252,78.1198,Irrigated,27.5,32.23,24.2,75.89,1.6,14.14,19.39,36.69
2022-06-16,Madurai,9.9252,78.1198,Irrigated,26.14,29.83,23.5,80.01,1.45,12.03,20.33,36.68
2022-06-17,Madurai,9.9252,78.1198,Irrigated,25.99,29.65,23.47,80.69,0.89,14.59,17.95,36.67
2022-06-18,Madurai,9.9252,78.1198,Irrigated,27.03,31.0,23.63,77.47,0.84,2.9,20.05,36.67
2022-06-19,Madurai,9.9252,78.1198,Irrigated,27.07,30.93,23.77,78.43,1.05,1.76,18.75,36.66
2022-06-20,Madurai,9.9252,78.1198,Irrigated,28.21,34.02,23.24,70.3,1.24,0.3,21.87,36.65
2022-06-21,Madurai,9.9252,78.1198,Irrigated,28.05,33.57,23.6,69.0,1.82,0.19,21.02,36.64
2022-06-22,Madurai,9.9252,78.1198,Irrigated,28.07,33.73,22.56,68.13,1.06,0.33,19.76,36.63
2022-06-23,Madurai,9.9252,78.1198,Irrigated,28.04,33.67,23.45,70.48,1.11,0.95,20.64,36.63
2022-06-24,Madurai,9.9252,78.1198,Irrigated,27.17,33.05,23.19,70.67,2.21,0.59,23.58,36.63
2022-06-25,Madurai,9.9252,78.1198,Irrigated,27.31,33.86,22.75,68.88,2.75,0.32,16.72,36.62
2022-06-26,Madurai,9.9252,78.1198,Irrigated,27.68,34.98,23.02,63.01,2.54,0.05,23.02,36.62
2022-06-27,Madurai,9.9252,78.1198,Irrigated,28.56,36.4,22.61,66.02,2.26,0.14,21.63,36.62
2022-06-28,Madurai,9.9252,78.1198,Irrigated,28.01,34.42,23.39,67.36,2.39,0.46,20.59,36.62
2022-06-29,Madurai,9.9252,78.1198,Irrigated,28.44,35.08,23.5,65.82,2.78,0.34,21.41,36.63
2022-06-30,Madurai,9.9252,78.1198,Irrigated,27.24,31.59,23.99,71.61,2.73,3.5,19.09,36.63
2022-07-01,Madurai,9.9252,78.1198,Irrigated,28.1,33.96,23.51,68.47,2.42,0.74,21.54,36.64
2022-07-02,Madurai,9.9252,78.1198,Irrigated,27.44,31.89,23.78,69.46,2.49,1.08,20.16,36.64
2022-07-03,Madurai,9.9252,78.1198,Irrigated,27.31,32.15,23.95,71.81,2.78,1.97,17.84,36.65
2022-07-04,Madurai,9.9252,78.1198,Irrigated,27.43,32.96,23.36,65.78,3.56,0.49,23.04,36.65
2022-07-05,Madurai,9.9252,78.1198,Irrigated,27.44,32.72,23.9,62.95,4.15,0.89,11.69,36.66
2022-07-06,Madurai,9.9252,78.1198,Irrigated,27.61,33.33,23.38,64.27,3.17,0.73,14.74,36.68
2022-07-07,Madurai,9.9252,78.1198,Irrigated,26.96,32.49,22.86,66.64,2.88,1.48,12.71,36.69
2022-07-08,Madurai,9.9252,78.1198,Irrigated,27.47,33.07,22.88,64.33,3.33,1.23,20.7,36.69
2022-07-09,Madurai,9.9252,78.1198,Irrigated,26.8,31.7,22.71,66.33,3.54,0.52,15.55,36.7
2022-07-10,Madurai,9.9252,78.1198,Irrigated,27.09,32.66,22.99,62.27,3.82,0.71,17.71,36.7
2022-07-11,Madurai,9.9252,78.1198,Irrigated,27.42,34.03,23.27,60.85,4.16,1.08,12.8,36.72
2022-07-12,Madurai,9.9252,78.1198,Irrigated,27.07,33.42,22.25,64.37,3.71,0.42,18.24,36.73
2022-07-13,Madurai,9.9252,78.1198,Irrigated,27.92,34.43,23.21,64.74,4.14,1.88,20.94,36.74
2022-07-14,Madurai,9.9252,78.1198,Irrigated,28.08,34.43,23.7,62.27,4.5,1.04,21.8,36.76
2022-07-15,Madurai,9.9252,78.1198,Irrigated,27.4,32.65,23.26,67.29,3.23,0.58,20.15,36.77
2022-07-16,Madurai,9.9252,78.1198,Irrigated,27.57,33.41,22.89,70.36,2.16,0.58,19.69,36.79
2022-07-17,Madurai,9.9252,78.1198,Irrigated,27.56,33.11,23.27,73.34,1.87,15.27,20.12,36.81
2022-07-18,Madurai,9.9252,78.1198,Irrigated,27.25,32.25,23.31,71.08,1.84,6.77,17.14,36.82
2022-07-19,Madurai,9.9252,78.1198,Irrigated,28.45,34.08,23.35,68.63,1.11,7.99,22.38,36.84
2022-07-20,Madurai,9.9252,78.1198,Irrigated,27.37,30.49,24.62,77.22,1.38,1.79,19.92,36.85
2022-07-21,Madurai,9.9252,78.1198,Irrigated,27.86,32.11,24.25,72.52,1.89,9.06,19.43,36.87
2022-07-22,Madurai,9.9252,78.1198,Irrigated,26.88,30.74,24.04,78.71,1.68,14.32,20.32,36.88
2022-07-23,Madurai,9.9252,78.1198,Irrigated,27.32,32.84,23.39,72.62,1.98,4.9,21.4,36.9
2022-07-24,Madurai,9.9252,78.1198,Irrigated,26.98,31.57,23.14,69.84,2.16,13.66,17.88,36.92
2022-07-25,Madurai,9.9252,78.1198,Irrigated,28.04,33.5,23.0,70.45,2.13,8.36,23.13,36.93
2022-07-26,Madurai,9.9252,78.1198,Irrigated,26.12,29.46,23.9,79.77,1.4,5.03,18.33,36.95
2022-07-27,Madurai,9.9252,78.1198,Irrigated,26.0,29.36,23.16,83.93,1.03,32.99,22.45,36.97
2022-07-28,Madurai,9.9252,78.1198,Irrigated,26.94,30.91,23.35,78.06,0.98,4.69,21.28,36.98
2022-07-29,Madurai,9.9252,78.1198,Irrigated,27.41,32.37,23.65,75.24,1.29,14.17,13.28,37.0
2022-07-30,Madurai,9.9252,78.1198,Irrigated,27.31,32.1,23.27,76.0,1.18,15.29,21.15,37.01
2022-07-31,Madurai,9.9252,78.1198,Irrigated,26.83,30.42,23.81,81.91,1.48,24.38,18.62,37.03
2022-08-01,Madurai,9.9252,78.1198,Irrigated,26.11,29.64,23.57,85.78,2.03,22.45,19.38,37.05
2022-08-02,Madurai,9.9252,78.1198,Irrigated,26.23,29.63,23.39,81.93,1.49,5.32,18.65,37.07
2022-08-03,Madurai,9.9252,78.1198,Irrigated,25.61,28.76,23.61,87.71,0.74,2.24,16.37,37.09
2022-08-04,Madurai,9.9252,78.1198,Irrigated,25.54,28.26,23.52,84.64,2.74,8.89,14.81,37.11
2022-08-05,Madurai,9.9252,78.1198,Irrigated,26.09,30.59,22.83,76.83,3.19,1.09,17.21,37.12
2022-08-06,Madurai,9.9252,78.1198,Irrigated,26.09,30.91,22.02,78.38,2.31,2.22,18.05,37.15
2022-08-07,Madurai,9.9252,78.1198,Irrigated,25.96,31.34,22.13,77.51,3.06,1.14,22.38,37.16
2022-08-08,Madurai,9.9252,78.1198,Irrigated,26.12,31.59,22.2,78.48,3.19,1.47,17.73,37.18
2022-08-09,Madurai,9.9252,78.1198,Irrigated,26.26,32.24,22.02,76.97,3.15,0.61,18.89,37.19
2022-08-10,Madurai,9.9252,78.1198,Irrigated,26.18,32.54,21.64,75.85,2.7,0.1,22.24,37.2
2022-08-11,Madurai,9.9252,78.1198,Irrigated,26.81,32.88,21.83,72.89,2.78,0.11,25.01,37.21
2022-08-12,Madurai,9.9252,78.1198,Irrigated,27.19,33.63,22.53,73.15,2.21,0.06,21.11,37.22
2022-08-13,Madurai,9.9252,78.1198,Irrigated,26.67,32.91,21.59,73.95,2.08,0.0,21.16,37.23
2022-08-14,Madurai,9.9252,78.1198,Irrigated,27.51,34.16,21.66,68.79,2.06,0.0,21.72,37.24
2022-08-15,Madurai,9.9252,78.1198,Irrigated,28.17,34.1,22.72,68.37,1.67,0.0,23.21,37.25
2022-08-16,Madurai,9.9252,78.1198,Irrigated,28.08,33.22,23.84,74.99,1.32,0.03,22.39,37.25
2022-08-17,Madurai,9.9252,78.1198,Irrigated,27.92,31.6,24.62,78.3,0.97,0.21,23.3,37.26
2022-08-18,Madurai,9.9252,78.1198,Irrigated,27.79,31.74,24.4,76.02,1.64,13.01,21.43,37.27
2022-08-19,Madurai,9.9252,78.1198,Irrigated,27.64,32.36,24.03,77.2,1.73,3.89,21.95,37.28
2022-08-20,Madurai,9.9252,78.1198,Irrigated,27.78,33.26,23.75,74.44,1.72,0.57,16.7,37.28
2022-08-21,Madurai,9.9252,78.1198,Irrigated,27.67,33.71,22.91,72.35,2.07,2.07,22.23,37.28
2022-08-22,Madurai,9.9252,78.1198,Irrigated,27.31,33.22,23.11,74.38,2.54,3.47,21.31,37.28
2022-08-23,Madurai,9.9252,78.1198,Irrigated,27.04,33.05,22.58,74.26,2.31,1.13,20.43,37.28
2022-08-24,Madurai,9.9252,78.1198,Irrigated,26.23,30.97,22.8,78.44,1.59,0.85,12.91,37.28
2022-08-25,Madurai,9.9252,78.1198,Irrigated,25.39,28.09,23.33,81.28,2.08,1.8,18.92,37.28
2022-08-26,Madurai,9.9252,78.1198,Irrigated,25.46,29.34,22.89,82.91,1.7,18.86,16.81,37.28
2022-08-27,Madurai,9.9252,78.1198,Irrigated,24.39,27.57,22.06,84.69,2.14,12.0,17.36,37.27
2022-08-28,Madurai,9.9252,78.1198,Irrigated,25.77,30.35,21.32,79.56,1.62,5.11,21.2,37.27
2022-08-29,Madurai,9.9252,78.1198,Irrigated,26.8,31.5,22.94,79.58,1.13,3.66,18.94,37.26
2022-08-30,Madurai,9.9252,78.1198,Irrigated,26.52,31.0,23.34,82.61,1.34,30.01,18.97,37.26
2022-08-31,Madurai,9.9252,78.1198,Irrigated,25.23,28.92,22.79,87.0,0.96,12.13,16.62,37.25
2022-09-01,Madurai,9.9252,78.1198,Irrigated,25.84,30.21,22.78,82.86,0.94,4.5,10.04,37.25
2022-09-02,Madurai,9.9252,78.1198,Irrigated,26.17,30.69,22.26,82.16,2.12,4.19,20.12,37.24
2022-09-03,Madurai,9.9252,78.1198,Irrigated,26.89,32.15,22.39,80.19,1.56,0.9,23.02,37.23
2022-09-04,Madurai,9.9252,78.1198,Irrigated,27.13,30.84,23.6,83.12,1.0,13.88,22.48,37.22
2022-09-05,Madurai,9.9252,78.1198,Irrigated,27.25,31.64,23.82,81.9,1.46,12.71,18.94,37.21
2022-09-06,Madurai,9.9252,78.1198,Irrigated,26.71,32.17,23.3,77.56,1.56,6.14,19.63,37.19
2022-09-07,Madurai,9.9252,78.1198,Irrigated,26.05,29.77,22.91,82.97,1.6,8.89,18.85,37.18
2022-09-08,Madurai,9.9252,78.1198,Irrigated,25.74,30.55,21.92,81.1,1.72,0.38,20.02,37.16
2022-09-09,Madurai,9.9252,78.1198,Irrigated,25.52,30.31,22.01,83.79,2.08,0.75,22.66,37.14
2022-09-10,Madurai,9.9252,78.1198,Irrigated,26.5,32.35,21.85,79.65,2.19,0.49,21.98,37.11
2022-09-11,Madurai,9.9252,78.1198,Irrigated,26.37,31.64,22.92,80.65,2.25,0.34,21.62,37.09
2022-09-12,Madurai,9.9252,78.1198,Irrigated,26.76,33.08,21.84,78.13,2.17,0.18,22.2,37.05
2022-09-13,Madurai,9.9252,78.1198,Irrigated,27.13,32.73,21.25,76.67,1.19,0.77,23.6,37.03
2022-09-14,Madurai,9.9252,78.1198,Irrigated,27.5,32.64,22.53,74.21,0.94,3.67,22.05,37.0
2022-09-15,Madurai,9.9252,78.1198,Irrigated,28.04,33.26,22.88,72.87,0.65,0.77,22.81,36.97
2022-09-16,Madurai,9.9252,78.1198,Irrigated,27.69,32.45,23.0,71.88,0.92,0.26,23.11,36.93
2022-09-17,Madurai,9.9252,78.1198,Irrigated,28.05,33.07,23.22,74.25,0.86,0.21,21.38,36.89
2022-09-18,Madurai,9.9252,78.1198,Irrigated,27.22,31.73,23.18,76.51,1.43,5.1,21.66,36.85
2022-09-19,Madurai,9.9252,78.1198,Irrigated,26.79,31.41,23.02,78.18,1.51,0.45,19.88,36.82
2022-09-20,Madurai,9.9252,78.1198,Irrigated,27.06,32.61,22.07,74.63,1.63,0.0,22.69,36.78
2022-09-21,Madurai,9.9252,78.1198,Irrigated,27.45,34.04,21.43,71.74,1.58,0.0,24.52,36.74
2022-09-22,Madurai,9.9252,78.1198,Irrigated,27.54,34.4,21.05,71.14,1.56,0.0,24.89,36.69
2022-09-23,Madurai,9.9252,78.1198,Irrigated,27.24,33.87,21.28,70.13,1.7,0.0,23.26,36.64
2022-09-24,Madurai,9.9252,78.1198,Irrigated,27.24,33.24,21.92,70.14,1.82,0.09,24.88,36.6
2022-09-25,Madurai,9.9252,78.1198,Irrigated,27.89,32.93,22.91,69.71,1.43,8.24,24.37,36.55
2022-09-26,Madurai,9.9252,78.1198,Irrigated,27.75,31.96,23.18,73.14,1.02,4.58,18.35,36.5
2022-09-27,Madurai,9.9252,78.1198,Irrigated,28.1,33.55,23.05,71.44,1.42,0.95,21.96,36.45
2022-09-28,Madurai,9.9252,78.1198,Irrigated,27.92,33.44,23.13,71.48,1.31,2.53,19.8,36.4
2022-09-29,Madurai,9.9252,78.1198,Irrigated,26.81,32.08,22.83,73.26,1.32,1.31,20.6,36.35
2022-09-30,Madurai,9.9252,78.1198,Irrigated,26.6,32.95,22.29,74.35,1.95,0.42,20.36,36.3
2022-10-01,Madurai,9.9252,78.1198,Irrigated,25.94,32.15,21.69,70.81,2.5,0.08,20.44,36.24
2022-10-02,Madurai,9.9252,78.1198,Irrigated,27.14,33.96,22.44,67.77,2.12,2.45,16.69,36.18
2022-10-03,Madurai,9.9252,78.1198,Irrigated,27.1,32.85,21.71,70.9,2.48,0.84,18.91,36.12
2022-10-04,Madurai,9.9252,78.1198,Irrigated,27.15,31.76,22.99,74.02,2.17,0.55,18.26,36.05
2022-10-05,Madurai,9.9252,78.1198,Irrigated,27.05,32.52,23.38,72.61,1.76,0.28,13.44,35.99
2022-10-06,Madurai,9.9252,78.1198,Irrigated,26.48,32.31,21.87,68.49,1.85,0.0,15.07,35.93
2022-10-07,Madurai,9.9252,78.1198,Irrigated,27.27,34.07,20.98,68.02,1.09,0.07,18.05,35.86
2022-10-08,Madurai,9.9252,78.1198,Irrigated,27.34,33.88,21.52,65.64,1.57,5.38,18.66,35.8
2022-10-09,Madurai,9.9252,78.1198,Irrigated,25.78,29.41,22.45,80.82,1.37,30.37,9.51,35.73
2022-10-10,Madurai,9.9252,78.1198,Irrigated,26.37,30.46,23.57,82.61,1.29,20.58,15.82,35.66
2022-10-11,Madurai,9.9252,78.1198,Irrigated,26.69,31.15,23.13,80.91,1.49,14.18,18.9,35.59
2022-10-12,Madurai,9.9252,78.1198,Irrigated,26.35,30.83,22.85,82.86,1.02,8.76,19.04,35.53
2022-10-13,Madurai,9.9252,78.1198,Irrigated,26.5,30.93,23.02,83.55,1.11,7.52,16.11,35.45
2022-10-14,Madurai,9.9252,78.1198,Irrigated,26.77,31.08,22.76,82.31,0.99,13.79,20.28,35.38
2022-10-15,Madurai,9.9252,78.1198,Irrigated,25.04,28.05,23.26,85.8,1.28,19.89,19.15,35.29
2022-10-16,Madurai,9.9252,78.1198,Irrigated,26.23,30.72,22.19,83.33,1.45,8.57,17.67,35.21
2022-10-17,Madurai,9.9252,78.1198,Irrigated,26.07,29.74,22.85,85.94,1.74,4.36,14.42,35.13
2022-10-18,Madurai,9.9252,78.1198,Irrigated,26.3,30.63,22.63,84.06,1.12,8.34,19.08,35.06
2022-10-19,Madurai,9.9252,78.1198,Irrigated,25.83,29.23,23.0,83.02,0.94,8.84,16.13,34.98
2022-10-20,Madurai,9.9252,78.1198,Irrigated,26.22,29.57,23.23,83.78,0.69,15.83,17.71,34.9
2022-10-21,Madurai,9.9252,78.1198,Irrigated,25.26,28.17,23.08,86.88,0.9,26.14,12.19,34.81
2022-10-22,Madurai,9.9252,78.1198,Irrigated,25.73,29.04,22.57,83.66,1.26,0.69,18.73,34.73
2022-10-23,Madurai,9.9252,78.1198,Irrigated,25.91,29.4,23.0,79.2,0.8,1.68,16.22,34.65
2022-10-24,Madurai,9.9252,78.1198,Irrigated,25.45,28.96,22.73,86.01,0.96,1.81,13.75,34.56
2022-10-25,Madurai,9.9252,78.1198,Irrigated,26.39,31.12,22.59,82.33,1.02,0.3,18.28,34.48
2022-10-26,Madurai,9.9252,78.1198,Irrigated,25.58,29.98,22.3,81.87,1.28,4.17,17.65,34.39
2022-10-27,Madurai,9.9252,78.1198,Irrigated,24.54,30.2,19.82,79.09,1.63,0.32,16.87,34.31
2022-10-28,Madurai,9.9252,78.1198,Irrigated,24.94,30.51,20.12,82.33,1.6,0.16,19.23,34.22
2022-10-29,Madurai,9.9252,78.1198,Irrigated,25.0,29.91,20.7,86.58,1.87,2.24,11.45,34.14
2022-10-30,Madurai,9.9252,78.1198,Irrigated,24.94,27.99,22.45,88.59,1.77,3.33,13.65,34.06
2022-10-31,Madurai,9.9252,78.1198,Irrigated,24.8,27.82,22.47,87.21,1.66,1.02,17.78,33.97
2022-11-01,Madurai,9.9252,78.1198,Irrigated,23.68,25.28,22.34,92.35,1.55,3.61,10.77,33.89
2022-11-02,Madurai,9.9252,78.1198,Irrigated,24.46,28.61,21.02,87.74,1.27,12.93,16.72,33.8
2022-11-03,Madurai,9.9252,78.1198,Irrigated,23.82,25.6,22.41,93.65,2.16,28.44,11.69,33.72
2022-11-04,Madurai,9.9252,78.1198,Irrigated,24.03,27.2,21.64,90.55,1.76,9.09,9.9,33.64
2022-11-05,Madurai,9.9252,78.1198,Irrigated,24.1,27.91,21.14,88.31,1.81,3.79,11.74,33.55
2022-11-06,Madurai,9.9252,78.1198,Irrigated,24.51,28.4,21.53,89.35,1.99,5.65,15.22,33.46
2022-11-07,Madurai,9.9252,78.1198,Irrigated,24.88,29.03,22.06,87.29,1.88,0.84,20.32,33.37
2022-11-08,Madurai,9.9252,78.1198,Irrigated,24.63,28.68,21.61,88.45,1.98,1.15,15.48,33.29
2022-11-09,Madurai,9.9252,78.1198,Irrigated,24.63,28.24,21.78,88.48,1.82,0.51,15.33,33.2
2022-11-10,Madurai,9.9252,78.1198,Irrigated,24.9,29.39,21.34,86.05,1.86,2.16,19.24,33.12
2022-11-11,Madurai,9.9252,78.1198,Irrigated,23.07,24.97,21.87,91.42,2.78,33.6,9.15,33.03
2022-11-12,Madurai,9.9252,78.1198,Irrigated,23.68,26.49,21.74,92.42,3.03,24.25,13.58,32.95
2022-11-13,Madurai,9.9252,78.1198,Irrigated,24.31,27.13,21.82,92.48,2.03,8.92,9.69,32.86
2022-11-14,Madurai,9.9252,78.1198,Irrigated,24.16,27.98,20.23,89.02,1.49,10.11,11.24,32.79
2022-11-15,Madurai,9.9252,78.1198,Irrigated,24.0,26.09,21.81,90.8,1.42,1.36,17.19,32.71
2022-11-16,Madurai,9.9252,78.1198,Irrigated,24.69,28.99,21.46,87.37,1.59,0.98,17.0,32.63
2022-11-17,Madurai,9.9252,78.1198,Irrigated,23.52,28.5,19.72,82.38,1.87,0.11,15.42,32.55
2022-11-18,Madurai,9.9252,78.1198,Irrigated,22.02,28.1,17.97,79.59,1.96,0.01,19.83,32.48
2022-11-19,Madurai,9.9252,78.1198,Irrigated,21.96,27.51,17.22,80.92,2.04,0.0,14.85,32.4
2022-11-20,Madurai,9.9252,78.1198,Irrigated,21.66,24.92,18.43,77.57,1.63,0.0,14.37,32.33
2022-11-21,Madurai,9.9252,78.1198,Irrigated,23.38,28.61,18.14,75.92,1.23,0.0,18.72,32.25
2022-11-22,Madurai,9.9252,78.1198,Irrigated,24.79,29.87,19.08,73.12,0.74,0.0,19.1,32.18
2022-11-23,Madurai,9.9252,78.1198,Irrigated,25.55,30.51,20.32,77.38,0.76,0.0,20.12,32.12
2022-11-24,Madurai,9.9252,78.1198,Irrigated,25.11,29.97,21.15,84.28,1.32,0.0,20.76,32.05
2022-11-25,Madurai,9.9252,78.1198,Irrigated,24.7,28.8,21.66,86.73,1.33,0.0,17.82,31.99
2022-11-26,Madurai,9.9252,78.1198,Irrigated,24.83,29.24,21.33,86.28,1.13,0.24,15.85,31.93
2022-11-27,Madurai,9.9252,78.1198,Irrigated,25.18,29.23,22.33,87.2,1.26,2.73,12.43,31.87
2022-11-28,Madurai,9.9252,78.1198,Irrigated,25.31,29.87,22.06,85.42,0.92,4.22,14.32,31.81
2022-11-29,Madurai,9.9252,78.1198,Irrigated,24.48,28.37,21.84,88.75,1.85,9.25,13.3,31.75
2022-11-30,Madurai,9.9252,78.1198,Irrigated,23.24,28.06,19.75,83.16,1.75,0.11,17.97,31.69
2022-12-01,Madurai,9.9252,78.1198,Irrigated,23.84,27.95,20.4,89.8,1.78,3.1,17.15,31.64
2022-12-02,Madurai,9.9252,78.1198,Irrigated,24.67,28.71,21.74,88.86,1.61,1.58,16.96,31.59
2022-12-03,Madurai,9.9252,78.1198,Irrigated,24.35,27.98,21.5,90.85,1.94,1.92,9.66,31.54
2022-12-04,Madurai,9.9252,78.1198,Irrigated,24.45,27.72,21.03,90.07,1.75,12.76,16.55,31.49
2022-12-05,Madurai,9.9252,78.1198,Irrigated,24.22,27.92,21.29,90.45,2.09,0.93,14.74,31.44
2022-12-06,Madurai,9.9252,78.1198,Irrigated,23.91,28.92,19.96,85.34,1.73,0.0,12.23,31.4
2022-12-07,Madurai,9.9252,78.1198,Irrigated,22.62,26.37,19.84,83.32,1.56,0.0,7.78,31.36
2022-12-08,Madurai,9.9252,78.1198,Irrigated,22.13,26.76,18.94,75.44,1.86,3.24,7.75,31.33
2022-12-09,Madurai,9.9252,78.1198,Irrigated,21.28,24.23,18.75,86.64,2.38,33.72,8.87,31.3
2022-12-10,Madurai,9.9252,78.1198,Irrigated,23.95,29.48,19.6,82.6,2.21,4.56,14.83,31.27
2022-12-11,Madurai,9.9252,78.1198,Irrigated,25.07,29.39,21.14,85.42,1.27,1.75,14.1,31.24
2022-12-12,Madurai,9.9252,78.1198,Irrigated,24.84,29.24,21.51,86.73,1.32,5.86,13.78,31.22
2022-12-13,Madurai,9.9252,78.1198,Irrigated,24.48,29.17,21.25,84.95,1.11,2.77,17.85,31.19
2022-12-14,Madurai,9.9252,78.1198,Irrigated,24.06,28.29,21.01,89.17,1.6,6.53,14.16,31.17
2022-12-15,Madurai,9.9252,78.1198,Irrigated,23.58,28.83,19.67,86.21,1.78,0.12,20.69,31.16
2022-12-16,Madurai,9.9252,78.1198,Irrigated,23.01,28.63,17.69,85.02,1.66,0.0,19.01,31.14
2022-12-17,Madurai,9.9252,78.1198,Irrigated,23.45,28.37,18.97,86.81,2.21,0.0,17.77,31.13
2022-12-18,Madurai,9.9252,78.1198,Irrigated,23.45,28.46,19.58,87.1,2.56,0.0,14.19,31.13
2022-12-19,Madurai,9.9252,78.1198,Irrigated,22.86,27.7,18.18,85.59,2.12,0.15,12.36,31.13
2022-12-20,Madurai,9.9252,78.1198,Irrigated,23.21,26.52,20.77,88.38,2.02,0.06,13.78,31.12
2022-12-21,Madurai,9.9252,78.1198,Irrigated,23.71,27.72,20.39,86.67,2.22,15.24,16.47,31.12
2022-12-22,Madurai,9.9252,78.1198,Irrigated,23.17,27.3,20.56,84.25,2.22,2.01,17.35,31.12
2022-12-23,Madurai,9.9252,78.1198,Irrigated,23.94,29.45,19.46,82.36,2.06,0.0,19.26,31.13
2022-12-24,Madurai,9.9252,78.1198,Irrigated,24.66,29.9,20.76,84.38,2.06,0.0,18.56,31.14
2022-12-25,Madurai,9.9252,78.1198,Irrigated,24.66,28.59,21.99,87.87,2.51,6.58,11.95,31.15
2022-12-26,Madurai,9.9252,78.1198,Irrigated,24.88,28.69,22.19,89.37,3.08,9.14,15.08,31.17
2022-12-27,Madurai,9.9252,78.1198,Irrigated,24.57,28.2,22.19,89.38,2.1,6.2,16.09,31.19
2022-12-28,Madurai,9.9252,78.1198,Irrigated,24.27,28.95,20.63,87.56,1.94,0.71,16.38,31.22
2022-12-29,Madurai,9.9252,78.1198,Irrigated,23.91,28.89,20.08,86.85,1.89,0.03,19.5,31.24
2022-12-30,Madurai,9.9252,78.1198,Irrigated,23.24,28.66,19.23,84.58,1.69,0.0,20.34,31.26
2022-12-31,Madurai,9.9252,78.1198,Irrigated,23.14,28.81,18.79,82.22,1.45,0.0,20.48,31.29
2023-01-01,Madurai,9.9252,78.1198,Irrigated,22.79,28.71,18.21,81.28,1.61,0.0,20.99,31.33
2023-01-02,Madurai,9.9252,78.1198,Irrigated,22.33,27.92,17.95,82.18,1.84,0.0,19.03,31.37
2023-01-03,Madurai,9.9252,78.1198,Irrigated,22.59,28.18,17.36,83.28,2.1,0.0,17.15,31.41
2023-01-04,Madurai,9.9252,78.1198,Irrigated,22.76,28.38,18.4,81.98,2.1,0.0,19.19,31.45
2023-01-05,Madurai,9.9252,78.1198,Irrigated,22.97,28.9,17.34,81.64,2.19,0.0,18.26,31.5
2023-01-06,Madurai,9.9252,78.1198,Irrigated,23.3,28.5,19.52,79.73,2.98,0.03,12.92,31.55
2023-01-07,Madurai,9.9252,78.1198,Irrigated,23.14,28.43,19.39,81.34,2.66,0.01,15.67,31.59
2023-01-08,Madurai,9.9252,78.1198,Irrigated,23.4,29.0,18.42,82.24,2.44,0.0,13.55,31.64
2023-01-09,Madurai,9.9252,78.1198,Irrigated,22.87,29.16,17.98,79.36,2.25,0.0,17.72,31.69
2023-01-10,Madurai,9.9252,78.1198,Irrigated,21.58,28.6,15.7,77.18,2.41,0.0,21.49,31.75
2023-01-11,Madurai,9.9252,78.1198,Irrigated,22.06,29.12,16.16,76.27,1.95,0.0,21.75,31.8
2023-01-12,Madurai,9.9252,78.1198,Irrigated,21.85,29.4,15.74,76.71,1.88,0.0,19.17,31.86
2023-01-13,Madurai,9.9252,78.1198,Irrigated,21.96,29.81,15.85,75.94,1.7,0.0,21.63,31.92
2023-01-14,Madurai,9.9252,78.1198,Irrigated,21.73,29.71,15.57,76.33,1.72,0.0,20.4,31.98
2023-01-15,Madurai,9.9252,78.1198,Irrigated,21.54,28.77,15.5,77.42,1.54,0.0,21.48,32.04
2023-01-16,Madurai,9.9252,78.1198,Irrigated,22.39,30.12,16.03,75.7,1.84,0.0,19.66,32.11
2023-01-17,Madurai,9.9252,78.1198,Irrigated,22.51,30.21,16.52,78.02,1.83,0.0,18.76,32.18
2023-01-18,Madurai,9.9252,78.1198,Irrigated,22.04,29.71,15.4,76.52,2.25,0.0,19.45,32.25
2023-01-19,Madurai,9.9252,78.1198,Irrigated,22.02,29.73,15.6,73.68,2.25,0.0,20.66,32.33
2023-01-20,Madurai,9.9252,78.1198,Irrigated,22.48,30.09,15.67,75.06,2.43,0.0,18.57,32.41
2023-01-21,Madurai,9.9252,78.1198,Irrigated,23.42,30.79,17.2,74.71,2.34,0.0,18.15,32.5
2023-01-22,Madurai,9.9252,78.1198,Irrigated,23.67,29.72,18.59,74.15,2.27,0.0,15.2,32.58
2023-01-23,Madurai,9.9252,78.1198,Irrigated,24.43,30.61,20.0,78.53,2.06,2.15,9.1,32.67
2023-01-24,Madurai,9.9252,78.1198,Irrigated,23.94,27.95,21.14,84.07,1.59,4.07,13.12,32.76
2023-01-25,Madurai,9.9252,78.1198,Irrigated,23.85,31.09,18.44,74.38,2.0,0.03,22.42,32.84
2023-01-26,Madurai,9.9252,78.1198,Irrigated,23.35,31.13,17.12,73.09,1.9,0.0,18.86,32.93
2023-01-27,Madurai,9.9252,78.1198,Irrigated,23.17,30.96,16.78,71.61,1.94,0.0,18.94,33.02
2023-01-28,Madurai,9.9252,78.1198,Irrigated,23.24,31.27,16.71,71.3,2.16,0.0,23.19,33.1
2023-01-29,Madurai,9.9252,78.1198,Irrigated,23.85,31.33,16.49,74.92,2.3,0.0,16.23,33.19
2023-01-30,Madurai,9.9252,78.1198,Irrigated,25.23,31.25,20.58,77.01,2.02,0.95,10.72,33.29
2023-01-31,Madurai,9.9252,78.1198,Irrigated,25.39,32.3,21.04,71.39,2.64,0.29,17.53,33.38
2023-02-01,Madurai,9.9252,78.1198,Irrigated,24.44,29.58,20.66,70.96,2.53,1.09,12.91,33.47
2023-02-02,Madurai,9.9252,78.1198,Irrigated,24.25,29.15,21.0,79.02,2.99,10.47,4.39,33.56
2023-02-03,Madurai,9.9252,78.1198,Irrigated,24.8,30.77,20.69,81.03,2.45,4.0,15.33,33.66
2023-02-04,Madurai,9.9252,78.1198,Irrigated,25.21,31.75,20.81,77.7,2.69,1.7,10.42,33.75
2023-02-05,Madurai,9.9252,78.1198,Irrigated,24.57,33.08,18.66,68.07,2.17,0.01,23.02,33.84
2023-02-06,Madurai,9.9252,78.1198,Irrigated,24.25,31.6,18.24,68.78,2.1,0.23,17.62,33.94
2023-02-07,Madurai,9.9252,78.1198,Irrigated,24.92,33.71,17.77,69.46,1.84,0.0,22.59,34.03
2023-02-08,Madurai,9.9252,78.1198,Irrigated,25.07,33.57,18.48,70.06,2.1,0.0,22.78,34.11
2023-02-09,Madurai,9.9252,78.1198,Irrigated,24.75,33.11,18.36,69.61,1.84,0.0,21.48,34.2
2023-02-10,Madurai,9.9252,78.1198,Irrigated,24.48,33.33,17.47,68.43,2.06,0.0,22.58,34.3
2023-02-11,Madurai,9.9252,78.1198,Irrigated,24.18,33.09,16.81,66.61,1.99,0.0,18.36,34.4
2023-02-12,Madurai,9.9252,78.1198,Irrigated,24.33,34.01,16.8,62.3,1.81,0.0,24.17,34.49
2023-02-13,Madurai,9.9252,78.1198,Irrigated,24.39,33.84,17.27,62.78,2.25,0.0,24.31,34.58
2023-02-14,Madurai,9.9252,78.1198,Irrigated,24.24,33.38,17.06,66.55,1.79,0.0,24.94,34.66
2023-02-15,Madurai,9.9252,78.1198,Irrigated,24.76,34.54,16.63,62.81,2.02,0.0,25.32,34.75
2023-02-16,Madurai,9.9252,78.1198,Irrigated,24.32,33.75,16.64,66.81,2.42,0.0,24.51,34.85
2023-02-17,Madurai,9.9252,78.1198,Irrigated,24.37,33.39,17.11,68.03,2.13,0.0,25.08,34.94
2023-02-18,Madurai,9.9252,78.1198,Irrigated,25.02,33.88,17.61,66.83,1.8,0.0,23.54,35.03
2023-02-19,Madurai,9.9252,78.1198,Irrigated,26.06,34.94,18.91,65.5,2.02,0.0,23.72,35.13
2023-02-20,Madurai,9.9252,78.1198,Irrigated,26.53,35.47,20.19,64.28,1.87,0.0,24.33,35.22
2023-02-21,Madurai,9.9252,78.1198,Irrigated,25.95,34.57,19.03,59.95,2.15,0.0,25.19,35.31
2023-02-22,Madurai,9.9252,78.1198,Irrigated,25.47,34.85,18.14,56.94,2.29,0.0,24.92,35.39
2023-02-23,Madurai,9.9252,78.1198,Irrigated,24.94,33.75,16.9,63.97,2.11,0.0,24.54,35.47
2023-02-24,Madurai,9.9252,78.1198,Irrigated,26.37,35.2,19.11,62.72,1.8,0.0,23.27,35.55
2023-02-25,Madurai,9.9252,78.1198,Irrigated,26.04,35.73,18.28,58.39,2.29,0.0,26.09,35.64
2023-02-26,Madurai,9.9252,78.1198,Irrigated,25.08,34.51,17.51,59.86,2.6,0.0,25.96,35.73
2023-02-27,Madurai,9.9252,78.1198,Irrigated,24.97,34.09,16.85,60.37,2.27,0.0,24.52,35.82
2023-02-28,Madurai,9.9252,78.1198,Irrigated,25.68,32.56,19.07,68.72,2.7,1.24,16.96,35.9
2023-03-01,Madurai,9.9252,78.1198,Irrigated,26.88,33.77,22.04,68.93,3.0,0.99,19.45,35.99
2023-03-02,Madurai,9.9252,78.1198,Irrigated,26.63,35.08,20.49,61.77,2.55,0.08,23.54,36.07
2023-03-03,Madurai,9.9252,78.1198,Irrigated,25.42,35.44,17.34,52.83,2.71,0.0,24.97,36.15
2023-03-04,Madurai,9.9252,78.1198,Irrigated,26.74,35.7,18.99,63.49,2.75,0.0,23.89,36.23
2023-03-05,Madurai,9.9252,78.1198,Irrigated,27.31,35.26,21.72,65.66,2.36,2.19,21.71,36.3
2023-03-06,Madurai,9.9252,78.1198,Irrigated,27.08,35.75,19.17,60.25,2.21,0.03,23.63,36.37
2023-03-07,Madurai,9.9252,78.1198,Irrigated,26.26,33.2,20.55,66.07,2.12,0.0,22.03,36.44
2023-03-08,Madurai,9.9252,78.1198,Irrigated,27.19,35.19,21.26,63.68,2.88,0.0,21.21,36.51
2023-03-09,Madurai,9.9252,78.1198,Irrigated,26.87,34.49,20.7,62.35,2.63,0.0,22.84,36.58
2023-03-10,Madurai,9.9252,78.1198,Irrigated,27.23,34.22,22.4,62.06,2.48,0.0,19.7,36.65
2023-03-11,Madurai,9.9252,78.1198,Irrigated,26.35,33.16,22.06,66.57,2.32,0.0,22.29,36.72
2023-03-12,Madurai,9.9252,78.1198,Irrigated,27.72,36.2,20.23,64.3,2.75,0.0,23.29,36.78
2023-03-13,Madurai,9.9252,78.1198,Irrigated,28.28,36.43,22.75,60.51,2.51,0.0,22.07,36.84
2023-03-14,Madurai,9.9252,78.1198,Irrigated,28.15,36.76,21.11,59.1,2.12,0.0,23.51,36.9
2023-03-15,Madurai,9.9252,78.1198,Irrigated,28.76,37.2,22.07,60.05,1.92,0.01,22.03,36.96
2023-03-16,Madurai,9.9252,78.1198,Irrigated,28.64,35.68,23.12,64.47,1.93,0.71,22.09,37.01
2023-03-17,Madurai,9.9252,78.1198,Irrigated,28.81,36.87,23.4,65.58,2.04,6.64,22.91,37.07
2023-03-18,Madurai,9.9252,78.1198,Irrigated,28.3,35.19,23.26,69.04,2.01,3.09,22.72,37.12
2023-03-19,Madurai,9.9252,78.1198,Irrigated,28.04,35.21,22.85,69.84,1.23,2.36,23.56,37.16
2023-03-20,Madurai,9.9252,78.1198,Irrigated,28.18,35.4,22.7,70.92,1.14,3.75,19.41,37.21
2023-03-21,Madurai,9.9252,78.1198,Irrigated,29.34,37.56,23.09,64.24,1.38,5.74,22.76,37.25
2023-03-22,Madurai,9.9252,78.1198,Irrigated,29.17,36.36,23.55,66.12,1.75,1.85,22.6,37.29
2023-03-23,Madurai,9.9252,78.1198,Irrigated,29.44,37.57,22.84,61.24,1.85,1.67,22.89,37.33
2023-03-24,Madurai,9.9252,78.1198,Irrigated,29.49,36.58,24.02,65.3,1.88,1.23,22.36,37.37
2023-03-25,Madurai,9.9252,78.1198,Irrigated,29.14,35.7,24.03,64.68,1.58,0.7,23.03,37.41
2023-03-26,Madurai,9.9252,78.1198,Irrigated,29.79,37.69,24.02,60.28,1.58,2.99,22.37,37.45
2023-03-27,Madurai,9.9252,78.1198,Irrigated,30.39,37.79,24.34,61.46,1.04,0.15,24.99,37.49
2023-03-28,Madurai,9.9252,78.1198,Irrigated,29.77,36.2,25.41,64.38,1.67,4.57,23.62,37.53
2023-03-29,Madurai,9.9252,78.1198,Irrigated,29.45,36.59,24.23,66.48,1.76,1.02,20.9,37.57
2023-03-30,Madurai,9.9252,78.1198,Irrigated,29.79,38.2,23.81,61.95,1.74,0.96,25.33,37.6
2023-03-31,Madurai,9.9252,78.1198,Irrigated,30.18,38.58,23.42,60.73,1.59,1.78,26.35,37.63
2023-04-01,Madurai,9.9252,78.1198,Irrigated,30.37,38.28,23.72,58.55,1.99,0.34,24.94,37.66
2023-04-02,Madurai,9.9252,78.1198,Irrigated,30.29,37.01,24.78,59.85,1.48,2.43,25.34,37.68
2023-04-03,Madurai,9.9252,78.1198,Irrigated,30.0,37.1,25.58,61.97,1.61,2.11,24.83,37.7
2023-04-04,Madurai,9.9252,78.1198,Irrigated,28.78,35.1,24.62,68.52,1.93,2.74,21.18,37.72
2023-04-05,Madurai,9.9252,78.1198,Irrigated,29.25,36.42,23.9,63.95,2.08,0.19,24.33,37.74
2023-04-06,Madurai,9.9252,78.1198,Irrigated,29.69,36.7,24.05,60.71,2.01,0.09,25.37,37.76
2023-04-07,Madurai,9.9252,78.1198,Irrigated,29.79,37.32,23.9,60.04,2.19,0.17,25.42,37.78
2023-04-08,Madurai,9.9252,78.1198,Irrigated,29.74,37.65,23.27,58.72,2.96,0.01,19.3,37.79
2023-04-09,Madurai,9.9252,78.1198,Irrigated,29.75,37.39,23.82,59.74,2.48,0.17,19.05,37.8
2023-04-10,Madurai,9.9252,78.1198,Irrigated,30.11,37.74,24.52,56.39,2.47,0.76,25.55,37.8
2023-04-11,Madurai,9.9252,78.1198,Irrigated,30.28,38.23,23.99,59.03,2.24,0.71,24.7,37.81
2023-04-12,Madurai,9.9252,78.1198,Irrigated,30.72,39.34,23.84,55.26,1.97,0.0,24.93,37.81
2023-04-13,Madurai,9.9252,78.1198,Irrigated,31.15,40.07,23.84,47.45,1.71,0.0,25.57,37.82
2023-04-14,Madurai,9.9252,78.1198,Irrigated,30.44,37.78,23.42,46.61,1.61,0.0,25.68,37.82
2023-04-15,Madurai,9.9252,78.1198,Irrigated,31.41,40.02,24.12,47.7,2.02,0.0,23.54,37.82
2023-04-16,Madurai,9.9252,78.1198,Irrigated,30.41,36.85,23.45,50.5,1.73,0.0,25.2,37.82
2023-04-17,Madurai,9.9252,78.1198,Irrigated,31.01,39.62,23.77,51.99,2.23,0.0,25.62,37.82
2023-04-18,Madurai,9.9252,78.1198,Irrigated,31.59,40.66,23.46,49.12,2.27,0.0,25.67,37.81
2023-04-19,Madurai,9.9252,78.1198,Irrigated,31.98,40.29,24.38,50.09,2.27,0.0,25.31,37.8
2023-04-20,Madurai,9.9252,78.1198,Irrigated,33.12,41.47,25.48,50.23,2.42,0.0,24.62,37.8
2023-04-21,Madurai,9.9252,78.1198,Irrigated,33.11,40.68,26.73,51.11,2.04,5.07,22.58,37.79
2023-04-22,Madurai,9.9252,78.1198,Irrigated,31.73,38.99,25.98,58.62,2.19,2.95,23.48,37.79
2023-04-23,Madurai,9.9252,78.1198,Irrigated,32.11,39.81,26.29,57.38,2.09,1.49,22.97,37.79
2023-04-24,Madurai,9.9252,78.1198,Irrigated,29.42,35.31,25.8,72.88,2.05,8.19,22.72,37.77
2023-04-25,Madurai,9.9252,78.1198,Irrigated,28.34,33.02,25.43,77.14,1.67,7.62,16.33,37.76
2023-04-26,Madurai,9.9252,78.1198,Irrigated,27.16,29.88,24.91,79.57,1.43,11.59,19.22,37.74
2023-04-27,Madurai,9.9252,78.1198,Irrigated,28.67,34.77,24.5,71.36,1.85,9.02,16.48,37.72
2023-04-28,Madurai,9.9252,78.1198,Irrigated,28.19,32.91,24.4,75.19,1.53,11.37,21.3,37.7
2023-04-29,Madurai,9.9252,78.1198,Irrigated,28.39,33.62,24.74,75.9,1.7,18.62,20.19,37.68
2023-04-30,Madurai,9.9252,78.1198,Irrigated,27.41,30.94,24.7,79.93,1.65,9.41,19.24,37.67
2023-05-01,Madurai,9.9252,78.1198,Irrigated,27.72,32.55,24.62,78.77,1.62,10.13,15.25,37.66
2023-05-02,Madurai,9.9252,78.1198,Irrigated,26.62,29.5,24.24,86.58,1.99,21.09,13.84,37.65
2023-05-03,Madurai,9.9252,78.1198,Irrigated,27.56,31.57,24.1,78.69,1.78,14.07,19.07,37.63
2023-05-04,Madurai,9.9252,78.1198,Irrigated,26.85,29.94,24.53,81.16,0.95,11.7,20.18,37.6
2023-05-05,Madurai,9.9252,78.1198,Irrigated,27.57,32.22,23.56,74.6,0.9,0.76,12.47,37.58
2023-05-06,Madurai,9.9252,78.1198,Irrigated,27.16,31.21,24.07,77.63,1.1,3.19,16.97,37.55
2023-05-07,Madurai,9.9252,78.1198,Irrigated,26.5,30.32,24.11,79.43,1.33,1.47,10.39,37.52
2023-05-08,Madurai,9.9252,78.1198,Irrigated,26.38,31.48,23.91,81.5,1.62,5.88,18.65,37.5
2023-05-09,Madurai,9.9252,78.1198,Irrigated,27.54,33.46,23.6,76.77,2.05,2.18,22.27,37.48
2023-05-10,Madurai,9.9252,78.1198,Irrigated,28.88,35.13,23.33,71.13,1.3,0.73,20.68,37.46
2023-05-11,Madurai,9.9252,78.1198,Irrigated,28.81,32.77,25.3,75.04,1.44,1.57,21.44,37.45
2023-05-12,Madurai,9.9252,78.1198,Irrigated,28.7,33.28,25.37,72.79,2.21,0.56,19.07,37.42
2023-05-13,Madurai,9.9252,78.1198,Irrigated,29.97,36.87,24.29,65.35,2.62,0.0,20.11,37.4
2023-05-14,Madurai,9.9252,78.1198,Irrigated,29.87,35.38,25.54,68.37,2.17,0.0,21.96,37.37
2023-05-15,Madurai,9.9252,78.1198,Irrigated,31.36,38.11,25.04,64.49,1.33,0.0,22.58,37.34
2023-05-16,Madurai,9.9252,78.1198,Irrigated,31.24,37.51,26.06,65.3,1.51,0.0,23.24,37.32
2023-05-17,Madurai,9.9252,78.1198,Irrigated,30.81,36.12,26.29,64.64,1.04,0.44,22.47,37.29
2023-05-18,Madurai,9.9252,78.1198,Irrigated,29.27,34.03,25.38,70.15,1.78,0.2,22.17,37.27
2023-05-19,Madurai,9.9252,78.1198,Irrigated,29.65,34.57,25.49,71.36,1.27,0.12,21.32,37.24
2023-05-20,Madurai,9.9252,78.1198,Irrigated,30.02,35.12,25.01,68.47,1.28,0.75,22.73,37.21
2023-05-21,Madurai,9.9252,78.1198,Irrigated,29.81,35.02,25.32,68.76,1.34,1.0,22.15,37.18
2023-05-22,Madurai,9.9252,78.1198,Irrigated,28.78,32.9,25.68,75.34,1.33,1.46,22.35,37.15
2023-05-23,Madurai,9.9252,78.1198,Irrigated,29.07,34.78,24.66,70.93,1.25,0.07,25.36,37.11
2023-05-24,Madurai,9.9252,78.1198,Irrigated,30.19,36.73,24.42,67.48,1.09,3.74,25.78,37.09
2023-05-25,Madurai,9.9252,78.1198,Irrigated,30.64,37.12,24.68,66.81,1.15,1.79,25.21,37.06
2023-05-26,Madurai,9.9252,78.1198,Irrigated,31.1,37.59,25.28,63.34,1.42,2.16,24.15,37.04
2023-05-27,Madurai,9.9252,78.1198,Irrigated,30.95,37.32,25.17,64.21,1.23,5.87,24.57,37.02
2023-05-28,Madurai,9.9252,78.1198,Irrigated,30.47,34.35,26.23,65.86,1.11,0.53,20.19,37.0
2023-05-29,Madurai,9.9252,78.1198,Irrigated,29.94,34.31,26.45,69.45,1.24,2.33,19.73,36.99
2023-05-30,Madurai,9.9252,78.1198,Irrigated,30.74,37.63,25.03,65.6,1.37,1.05,23.09,36.96
2023-05-31,Madurai,9.9252,78.1198,Irrigated,29.67,35.0,25.65,67.4,2.04,2.73,23.34,36.95
2023-06-01,Madurai,9.9252,78.1198,Irrigated,30.82,38.13,24.44,63.29,1.81,0.13,23.66,36.92
2023-06-02,Madurai,9.9252,78.1198,Irrigated,28.45,32.58,24.94,69.95,2.08,1.27,18.77,36.9
2023-06-03,Madurai,9.9252,78.1198,Irrigated,29.55,35.93,25.37,66.59,2.06,0.36,22.26,36.88
2023-06-04,Madurai,9.9252,78.1198,Irrigated,29.8,36.19,25.09,66.45,2.26,0.4,21.8,36.86
2023-06-05,Madurai,9.9252,78.1198,Irrigated,28.64,33.0,25.5,73.6,1.86,5.76,22.96,36.85
2023-06-06,Madurai,9.9252,78.1198,Irrigated,29.77,36.81,24.16,67.54,1.54,12.12,22.76,36.83
2023-06-07,Madurai,9.9252,78.1198,Irrigated,28.81,34.2,24.57,75.0,1.75,4.86,22.51,36.82
2023-06-08,Madurai,9.9252,78.1198,Irrigated,29.12,34.69,24.93,70.39,1.62,0.1,20.52,36.8
2023-06-09,Madurai,9.9252,78.1198,Irrigated,29.94,36.21,25.0,64.82,1.98,0.16,22.81,36.78
2023-06-10,Madurai,9.9252,78.1198,Irrigated,30.29,38.6,24.18,60.47,2.86,0.08,23.98,36.77
2023-06-11,Madurai,9.9252,78.1198,Irrigated,30.46,38.12,24.32,60.99,1.8,0.01,23.33,36.75
2023-06-12,Madurai,9.9252,78.1198,Irrigated,30.05,36.24,25.52,67.75,1.95,5.34,21.92,36.74
2023-06-13,Madurai,9.9252,78.1198,Irrigated,29.91,36.07,24.85,65.68,2.12,0.49,21.78,36.73
2023-06-14,Madurai,9.9252,78.1198,Irrigated,29.19,34.16,25.49,66.46,1.68,0.65,23.75,36.72
2023-06-15,Madurai,9.9252,78.1198,Irrigated,30.87,38.31,24.24,56.83,1.71,0.09,23.22,36.71
2023-06-16,Madurai,9.9252,78.1198,Irrigated,31.25,38.45,25.73,57.47,2.36,0.11,23.63,36.69
2023-06-17,Madurai,9.9252,78.1198,Irrigated,29.4,33.89,25.68,66.02,1.66,0.74,17.07,36.68
2023-06-18,Madurai,9.9252,78.1198,Irrigated,28.42,34.17,24.84,70.08,1.68,1.58,9.38,36.66
2023-06-19,Madurai,9.9252,78.1198,Irrigated,30.45,37.23,23.68,57.91,1.38,0.01,17.6,36.66
2023-06-20,Madurai,9.9252,78.1198,Irrigated,29.5,35.03,25.22,64.5,0.97,2.27,15.96,36.65
2023-06-21,Madurai,9.9252,78.1198,Irrigated,29.1,33.84,25.28,69.52,1.18,6.09,14.14,36.65
2023-06-22,Madurai,9.9252,78.1198,Irrigated,30.1,36.92,23.91,62.89,1.07,1.82,21.27,36.65
2023-06-23,Madurai,9.9252,78.1198,Irrigated,28.71,34.38,24.63,63.01,2.05,0.4,21.39,36.65
2023-06-24,Madurai,9.9252,78.1198,Irrigated,28.36,34.47,23.88,66.3,1.9,0.09,20.17,36.65
2023-06-25,Madurai,9.9252,78.1198,Irrigated,28.16,32.62,24.85,69.52,1.61,0.42,20.53,36.64
2023-06-26,Madurai,9.9252,78.1198,Irrigated,28.66,34.86,23.7,61.12,2.38,0.2,21.33,36.64
2023-06-27,Madurai,9.9252,78.1198,Irrigated,27.9,33.78,22.79,64.18,2.37,1.51,20.62,36.63
2023-06-28,Madurai,9.9252,78.1198,Irrigated,29.07,37.37,22.83,62.1,2.06,0.15,22.23,36.62
2023-06-29,Madurai,9.9252,78.1198,Irrigated,29.83,38.16,23.38,60.46,2.26,2.59,20.82,36.62
2023-06-30,Madurai,9.9252,78.1198,Irrigated,29.61,37.73,22.85,62.23,1.69,0.87,20.74,36.63
2023-07-01,Madurai,9.9252,78.1198,Irrigated,29.86,36.38,23.99,60.38,1.21,0.14,21.76,36.64
2023-07-02,Madurai,9.9252,78.1198,Irrigated,28.81,34.46,24.37,63.44,1.4,21.31,16.32,36.65
2023-07-03,Madurai,9.9252,78.1198,Irrigated,27.66,33.26,23.34,71.19,2.76,7.42,14.11,36.66
2023-07-04,Madurai,9.9252,78.1198,Irrigated,28.19,33.65,24.17,65.94,4.01,0.99,15.54,36.67
2023-07-05,Madurai,9.9252,78.1198,Irrigated,27.98,33.5,24.48,64.29,4.05,2.74,17.22,36.67
2023-07-06,Madurai,9.9252,78.1198,Irrigated,27.83,33.47,23.65,69.08,3.12,1.06,16.26,36.68
2023-07-07,Madurai,9.9252,78.1198,Irrigated,28.18,34.27,23.64,65.81,2.79,0.49,17.21,36.68
2023-07-08,Madurai,9.9252,78.1198,Irrigated,28.26,35.42,23.66,65.55,1.96,0.98,20.94,36.68
2023-07-09,Madurai,9.9252,78.1198,Irrigated,29.65,36.42,23.21,60.54,1.47,0.83,24.01,36.69
2023-07-10,Madurai,9.9252,78.1198,Irrigated,29.45,34.72,24.91,67.14,1.1,10.73,16.07,36.7
2023-07-11,Madurai,9.9252,78.1198,Irrigated,28.83,35.14,24.23,68.32,1.36,15.45,16.55,36.71
2023-07-12,Madurai,9.9252,78.1198,Irrigated,28.9,36.03,22.72,60.64,2.34,1.14,21.1,36.72
2023-07-13,Madurai,9.9252,78.1198,Irrigated,28.21,35.15,23.22,60.73,2.51,0.67,21.87,36.73
2023-07-14,Madurai,9.9252,78.1198,Irrigated,28.65,35.59,23.5,59.75,2.93,0.65,24.09,36.74
2023-07-15,Madurai,9.9252,78.1198,Irrigated,29.18,36.09,23.1,62.32,1.84,0.14,23.76,36.76
2023-07-16,Madurai,9.9252,78.1198,Irrigated,29.48,36.67,24.35,63.36,1.97,0.97,21.55,36.77
2023-07-17,Madurai,9.9252,78.1198,Irrigated,29.08,35.69,23.41,65.07,2.17,0.05,21.66,36.79
2023-07-18,Madurai,9.9252,78.1198,Irrigated,28.87,35.85,23.46,65.35,3.12,0.2,19.78,36.8
2023-07-19,Madurai,9.9252,78.1198,Irrigated,28.82,35.85,24.15,63.26,3.9,0.33,23.3,36.82
2023-07-20,Madurai,9.9252,78.1198,Irrigated,28.67,34.86,24.34,60.69,4.19,0.14,23.53,36.83
2023-07-21,Madurai,9.9252,78.1198,Irrigated,29.0,35.3,24.45,59.38,3.81,0.09,19.77,36.85
2023-07-22,Madurai,9.9252,78.1198,Irrigated,28.17,34.39,23.91,59.39,4.04,0.32,21.3,36.88
2023-07-23,Madurai,9.9252,78.1198,Irrigated,27.93,33.68,22.81,62.65,3.09,2.6,17.17,36.9
2023-07-24,Madurai,9.9252,78.1198,Irrigated,27.21,32.75,22.83,66.67,2.8,1.0,12.87,36.92
2023-07-25,Madurai,9.9252,78.1198,Irrigated,27.22,33.28,22.56,67.01,2.45,0.47,16.01,36.93
2023-07-26,Madurai,9.9252,78.1198,Irrigated,28.74,36.12,22.77,63.42,3.15,0.38,16.71,36.95
2023-07-27,Madurai,9.9252,78.1198,Irrigated,29.19,36.86,23.31,60.07,3.31,0.03,23.68,36.97
2023-07-28,Madurai,9.9252,78.1198,Irrigated,29.16,36.09,23.36,58.03,3.28,0.01,23.8,36.99
2023-07-29,Madurai,9.9252,78.1198,Irrigated,29.83,38.39,22.57,57.13,3.58,0.0,23.36,37.01
2023-07-30,Madurai,9.9252,78.1198,Irrigated,30.36,38.75,23.89,55.59,3.8,0.0,23.51,37.02
2023-07-31,Madurai,9.9252,78.1198,Irrigated,30.59,37.58,25.37,55.45,3.66,0.0,22.56,37.03
2023-08-01,Madurai,9.9252,78.1198,Irrigated,30.49,39.14,23.75,55.85,3.5,0.0,21.76,37.05
2023-08-02,Madurai,9.9252,78.1198,Irrigated,29.65,37.67,23.48,57.57,2.66,0.03,23.54,37.07
2023-08-03,Madurai,9.9252,78.1198,Irrigated,30.62,39.29,23.29,56.54,2.9,0.07,25.47,37.09
2023-08-04,Madurai,9.9252,78.1198,Irrigated,31.09,39.39,23.84,54.23,2.76,0.03,22.25,37.11
2023-08-05,Madurai,9.9252,78.1198,Irrigated,30.53,37.3,24.2,53.82,2.41,0.0,23.27,37.13
2023-08-06,Madurai,9.9252,78.1198,Irrigated,30.84,37.16,25.49,57.12,1.74,5.33,22.71,37.15
2023-08-07,Madurai,9.9252,78.1198,Irrigated,30.67,36.94,24.78,59.67,1.57,0.91,21.78,37.16
2023-08-08,Madurai,9.9252,78.1198,Irrigated,29.86,36.35,24.53,64.06,1.48,16.07,20.64,37.18
2023-08-09,Madurai,9.9252,78.1198,Irrigated,28.73,34.3,24.41,69.25,1.66,9.98,19.89,37.19
2023-08-10,Madurai,9.9252,78.1198,Irrigated,28.5,33.39,24.2,73.35,1.32,6.62,17.46,37.2
2023-08-11,Madurai,9.9252,78.1198,Irrigated,28.19,32.43,24.5,75.21,0.85,7.33,20.64,37.22
2023-08-12,Madurai,9.9252,78.1198,Irrigated,29.03,34.88,24.79,71.71,1.66,13.18,22.06,37.23
2023-08-13,Madurai,9.9252,78.1198,Irrigated,29.32,34.38,24.33,67.25,1.1,1.64,20.96,37.25
2023-08-14,Madurai,9.9252,78.1198,Irrigated,28.89,33.81,24.99,66.17,1.56,0.53,20.93,37.25
2023-08-15,Madurai,9.9252,78.1198,Irrigated,29.39,36.26,23.41,63.68,1.27,4.31,22.6,37.26
2023-08-16,Madurai,9.9252,78.1198,Irrigated,29.95,37.4,22.83,59.83,1.5,0.2,24.36,37.26
2023-08-17,Madurai,9.9252,78.1198,Irrigated,30.32,38.46,23.46,58.02,2.21,0.0,24.6,37.27
2023-08-18,Madurai,9.9252,78.1198,Irrigated,29.28,36.41,23.18,61.62,2.67,0.02,23.21,37.28
2023-08-19,Madurai,9.9252,78.1198,Irrigated,29.34,37.32,22.83,61.27,2.62,0.02,22.9,37.29
2023-08-20,Madurai,9.9252,78.1198,Irrigated,30.68,38.65,23.19,58.69,1.75,0.08,24.8,37.3
2023-08-21,Madurai,9.9252,78.1198,Irrigated,30.86,37.74,24.5,58.07,1.55,0.02,23.84,37.3
2023-08-22,Madurai,9.9252,78.1198,Irrigated,30.14,35.15,25.79,66.06,1.2,2.86,22.96,37.3
2023-08-23,Madurai,9.9252,78.1198,Irrigated,30.31,36.09,25.11,64.76,1.02,4.71,23.41,37.3
2023-08-24,Madurai,9.9252,78.1198,Irrigated,31.03,38.52,24.34,57.64,1.45,0.15,24.63,37.3
2023-08-25,Madurai,9.9252,78.1198,Irrigated,30.58,37.02,24.92,58.57,1.07,0.0,24.55,37.29
2023-08-26,Madurai,9.9252,78.1198,Irrigated,30.92,37.02,24.87,58.71,0.98,0.0,24.36,37.29
2023-08-27,Madurai,9.9252,78.1198,Irrigated,31.32,37.79,25.37,59.38,0.75,0.0,24.12,37.29
2023-08-28,Madurai,9.9252,78.1198,Irrigated,31.24,37.38,26.09,60.15,1.21,3.1,21.89,37.29
2023-08-29,Madurai,9.9252,78.1198,Irrigated,27.98,33.31,25.07,73.58,1.08,13.18,21.44,37.28
2023-08-30,Madurai,9.9252,78.1198,Irrigated,26.63,29.64,24.39,79.66,1.83,13.61,19.07,37.28
2023-08-31,Madurai,9.9252,78.1198,Irrigated,28.17,32.34,24.02,71.64,0.83,5.42,21.3,37.28
2023-09-01,Madurai,9.9252,78.1198,Irrigated,28.83,34.13,24.03,70.65,1.32,9.81,20.07,37.27
2023-09-02,Madurai,9.9252,78.1198,Irrigated,28.49,34.09,25.0,74.98,1.59,18.18,20.42,37.26
2023-09-03,Madurai,9.9252,78.1198,Irrigated,27.01,31.43,23.79,76.35,2.1,10.24,19.97,37.25
2023-09-04,Madurai,9.9252,78.1198,Irrigated,27.61,34.0,23.01,72.2,2.11,0.72,17.56,37.23
2023-09-05,Madurai,9.9252,78.1198,Irrigated,26.78,31.52,23.7,74.52,2.4,0.29,13.29,37.22
2023-09-06,Madurai,9.9252,78.1198,Irrigated,27.6,34.57,22.68,66.88,2.51,1.21,18.0,37.2
2023-09-07,Madurai,9.9252,78.1198,Irrigated,27.26,33.62,23.1,69.51,2.46,1.56,16.72,37.18
2023-09-08,Madurai,9.9252,78.1198,Irrigated,27.73,34.97,21.63,65.85,2.86,1.47,21.66,37.17
2023-09-09,Madurai,9.9252,78.1198,Irrigated,28.54,35.98,23.25,64.42,2.95,0.71,21.6,37.14
2023-09-10,Madurai,9.9252,78.1198,Irrigated,27.49,33.66,23.32,62.62,2.79,0.55,21.18,37.11
2023-09-11,Madurai,9.9252,78.1198,Irrigated,27.48,33.86,22.7,65.76,2.53,1.33,16.92,37.09
2023-09-12,Madurai,9.9252,78.1198,Irrigated,27.54,32.9,22.85,68.27,1.69,0.11,22.02,37.06
2023-09-13,Madurai,9.9252,78.1198,Irrigated,28.67,35.45,23.35,65.44,1.89,0.16,19.29,37.04
2023-09-14,Madurai,9.9252,78.1198,Irrigated,28.64,36.5,22.83,61.94,2.55,0.63,20.87,37.01
2023-09-15,Madurai,9.9252,78.1198,Irrigated,27.67,33.82,23.31,68.35,2.45,0.36,20.58,36.99
2023-09-16,Madurai,9.9252,78.1198,Irrigated,28.9,35.69,23.49,68.84,1.92,1.15,18.97,36.95
2023-09-17,Madurai,9.9252,78.1198,Irrigated,27.75,32.88,24.29,76.3,1.53,4.1,18.52,36.92
2023-09-18,Madurai,9.9252,78.1198,Irrigated,27.75,33.74,23.35,77.8,1.92,22.21,17.83,36.88
2023-09-19,Madurai,9.9252,78.1198,Irrigated,27.53,34.19,23.56,78.55,1.23,13.15,20.31,36.84
2023-09-20,Madurai,9.9252,78.1198,Irrigated,28.26,34.05,23.54,73.96,0.99,3.87,22.18,36.8
2023-09-21,Madurai,9.9252,78.1198,Irrigated,27.45,31.76,24.5,77.03,1.14,4.03,20.25,36.75
2023-09-22,Madurai,9.9252,78.1198,Irrigated,28.36,34.05,23.34,72.66,1.23,3.26,20.56,36.7
2023-09-23,Madurai,9.9252,78.1198,Irrigated,28.63,34.56,23.82,73.95,1.49,3.49,22.42,36.66
2023-09-24,Madurai,9.9252,78.1198,Irrigated,27.4,31.5,24.31,77.39,1.3,2.62,22.43,36.61
2023-09-25,Madurai,9.9252,78.1198,Irrigated,28.4,34.28,23.37,72.1,1.12,1.05,17.76,36.57
2023-09-26,Madurai,9.9252,78.1198,Irrigated,28.09,32.91,24.04,71.87,1.19,2.04,17.15,36.53
2023-09-27,Madurai,9.9252,78.1198,Irrigated,27.65,33.84,23.31,71.19,1.57,6.71,21.35,36.48
2023-09-28,Madurai,9.9252,78.1198,Irrigated,27.46,34.71,21.34,68.54,2.16,4.17,20.36,36.44
2023-09-29,Madurai,9.9252,78.1198,Irrigated,26.72,32.57,22.97,75.35,2.8,1.75,18.62,36.39
2023-09-30,Madurai,9.9252,78.1198,Irrigated,27.37,33.91,22.11,74.03,2.41,2.38,19.27,36.33
2023-10-01,Madurai,9.9252,78.1198,Irrigated,27.68,34.82,22.37,72.7,2.87,0.8,15.22,36.27
2023-10-02,Madurai,9.9252,78.1198,Irrigated,28.06,34.79,22.77,74.11,2.66,0.94,17.46,36.21
2023-10-03,Madurai,9.9252,78.1198,Irrigated,29.17,36.66,23.34,68.8,2.19,0.71,21.13,36.15
2023-10-04,Madurai,9.9252,78.1198,Irrigated,28.86,35.93,23.12,69.08,1.76,1.02,22.15,36.09
2023-10-05,Madurai,9.9252,78.1198,Irrigated,29.0,35.94,23.44,70.13,1.45,6.48,20.29,36.03
2023-10-06,Madurai,9.9252,78.1198,Irrigated,29.42,36.61,23.51,65.73,1.31,1.62,20.93,35.97
2023-10-07,Madurai,9.9252,78.1198,Irrigated,29.56,36.27,23.62,65.83,1.31,0.0,19.75,35.9
2023-10-08,Madurai,9.9252,78.1198,Irrigated,28.83,34.58,24.63,72.93,1.49,7.71,20.16,35.83
2023-10-09,Madurai,9.9252,78.1198,Irrigated,28.32,34.13,23.65,74.12,1.62,0.87,19.38,35.76
2023-10-10,Madurai,9.9252,78.1198,Irrigated,28.42,33.91,24.1,74.03,1.66,2.33,18.93,35.69
2023-10-11,Madurai,9.9252,78.1198,Irrigated,28.39,34.14,24.08,75.05,1.13,17.99,18.38,35.62
2023-10-12,Madurai,9.9252,78.1198,Irrigated,26.6,30.01,24.44,84.65,1.53,26.78,16.84,35.55
2023-10-13,Madurai,9.9252,78.1198,Irrigated,26.94,31.32,23.58,79.53,0.94,0.41,16.17,35.47
2023-10-14,Madurai,9.9252,78.1198,Irrigated,27.14,31.88,23.85,79.4,1.38,9.22,13.18,35.4
2023-10-15,Madurai,9.9252,78.1198,Irrigated,27.45,31.9,23.61,79.37,1.54,17.15,16.43,35.32
2023-10-16,Madurai,9.9252,78.1198,Irrigated,26.73,30.87,23.82,83.75,0.74,10.48,11.0,35.25
2023-10-17,Madurai,9.9252,78.1198,Irrigated,26.29,29.91,23.63,84.55,1.8,11.09,16.13,35.17
2023-10-18,Madurai,9.9252,78.1198,Irrigated,26.67,31.33,22.7,81.05,1.56,0.64,16.84,35.09
2023-10-19,Madurai,9.9252,78.1198,Irrigated,26.91,31.93,23.46,77.32,1.3,0.25,18.45,35.01
2023-10-20,Madurai,9.9252,78.1198,Irrigated,26.89,31.99,23.36,77.69,1.13,0.3,17.79,34.93
2023-10-21,Madurai,9.9252,78.1198,Irrigated,27.24,32.98,23.15,75.77,1.24,2.74,19.95,34.84
2023-10-22,Madurai,9.9252,78.1198,Irrigated,27.04,31.64,22.9,77.01,1.55,3.72,16.73,34.76
2023-10-23,Madurai,9.9252,78.1198,Irrigated,26.65,31.53,23.63,79.29,1.34,0.78,14.12,34.68
2023-10-24,Madurai,9.9252,78.1198,Irrigated,26.62,31.79,23.61,78.72,1.22,1.68,17.7,34.6
2023-10-25,Madurai,9.9252,78.1198,Irrigated,26.7,31.57,22.9,78.48,1.14,1.81,15.39,34.52
2023-10-26,Madurai,9.9252,78.1198,Irrigated,27.36,32.81,23.24,76.58,1.13,0.94,18.65,34.44
2023-10-27,Madurai,9.9252,78.1198,Irrigated,27.21,32.29,23.25,77.16,1.63,0.17,17.23,34.36
2023-10-28,Madurai,9.9252,78.1198,Irrigated,26.95,32.1,23.01,78.14,1.45,0.56,15.62,34.27
2023-10-29,Madurai,9.9252,78.1198,Irrigated,25.92,29.62,23.32,85.57,1.51,10.88,11.63,34.18
2023-10-30,Madurai,9.9252,78.1198,Irrigated,25.2,28.83,22.69,86.4,1.41,15.42,11.01,34.09
2023-10-31,Madurai,9.9252,78.1198,Irrigated,25.64,29.92,21.97,83.63,1.81,3.76,18.22,34.0
2023-11-01,Madurai,9.9252,78.1198,Irrigated,25.69,30.31,22.76,87.02,1.08,7.67,18.44,33.92
2023-11-02,Madurai,9.9252,78.1198,Irrigated,25.51,28.41,23.44,83.76,0.81,7.44,12.99,33.84
2023-11-03,Madurai,9.9252,78.1198,Irrigated,25.7,29.22,22.85,87.23,1.39,23.43,15.11,33.75
2023-11-04,Madurai,9.9252,78.1198,Irrigated,24.8,27.15,23.4,90.79,0.93,33.84,14.97,33.67
2023-11-05,Madurai,9.9252,78.1198,Irrigated,24.65,27.19,22.29,87.93,1.35,12.4,16.25,33.58
2023-11-06,Madurai,9.9252,78.1198,Irrigated,26.0,30.51,21.95,84.1,0.91,19.94,19.31,33.49
2023-11-07,Madurai,9.9252,78.1198,Irrigated,25.33,28.37,23.24,89.7,0.86,32.53,13.51,33.4
2023-11-08,Madurai,9.9252,78.1198,Irrigated,25.36,27.69,23.15,86.2,0.59,18.92,15.29,33.31
2023-11-09,Madurai,9.9252,78.1198,Irrigated,25.28,28.1,22.65,84.79,0.95,19.6,13.33,33.23
2023-11-10,Madurai,9.9252,78.1198,Irrigated,25.18,29.09,21.84,87.32,1.54,2.81,13.11,33.15
2023-11-11,Madurai,9.9252,78.1198,Irrigated,24.83,27.47,22.89,90.96,1.89,2.44,12.77,33.06
2023-11-12,Madurai,9.9252,78.1198,Irrigated,24.94,29.6,21.16,83.78,2.26,0.23,19.75,32.98
2023-11-13,Madurai,9.9252,78.1198,Irrigated,24.47,28.18,20.79,87.92,1.83,0.87,16.77,32.9
2023-11-14,Madurai,9.9252,78.1198,Irrigated,24.5,28.18,21.99,87.02,2.36,4.81,9.99,32.82
2023-11-15,Madurai,9.9252,78.1198,Irrigated,24.87,29.09,21.43,85.56,2.05,1.07,17.34,32.74
2023-11-16,Madurai,9.9252,78.1198,Irrigated,25.7,29.27,22.95,87.37,1.19,0.2,16.86,32.66
2023-11-17,Madurai,9.9252,78.1198,Irrigated,25.97,29.79,23.16,87.17,1.42,0.33,18.25,32.58
2023-11-18,Madurai,9.9252,78.1198,Irrigated,25.63,28.88,23.18,89.92,1.59,1.52,14.32,32.51
2023-11-19,Madurai,9.9252,78.1198,Irrigated,24.95,27.62,22.92,91.1,1.88,3.74,6.79,32.43
2023-11-20,Madurai,9.9252,78.1198,Irrigated,25.62,29.87,21.85,89.57,1.66,0.13,17.71,32.36
2023-11-21,Madurai,9.9252,78.1198,Irrigated,25.87,29.54,22.83,87.93,1.48,2.05,19.17,32.29
2023-11-22,Madurai,9.9252,78.1198,Irrigated,25.77,29.21,23.64,89.03,1.3,20.87,12.99,32.22
2023-11-23,Madurai,9.9252,78.1198,Irrigated,25.23,29.4,22.45,89.26,1.94,4.76,14.68,32.15
2023-11-24,Madurai,9.9252,78.1198,Irrigated,25.46,29.68,22.08,87.63,1.28,1.82,19.12,32.08
2023-11-25,Madurai,9.9252,78.1198,Irrigated,25.4,28.92,22.82,90.59,1.98,4.57,15.76,32.01
2023-11-26,Madurai,9.9252,78.1198,Irrigated,25.09,27.8,23.47,92.19,2.72,3.95,18.03,31.95
2023-11-27,Madurai,9.9252,78.1198,Irrigated,25.37,29.34,22.82,89.61,2.06,5.25,11.43,31.89
2023-11-28,Madurai,9.9252,78.1198,Irrigated,25.33,29.63,22.19,89.32,1.92,5.59,16.43,31.83
2023-11-29,Madurai,9.9252,78.1198,Irrigated,25.08,28.64,22.76,89.76,1.85,3.63,15.39,31.78
2023-11-30,Madurai,9.9252,78.1198,Irrigated,24.57,28.25,21.84,90.06,1.47,2.33,13.87,31.73
2023-12-01,Madurai,9.9252,78.1198,Irrigated,24.68,28.24,21.72,89.71,1.64,1.54,15.09,31.67
2023-12-02,Madurai,9.9252,78.1198,Irrigated,25.35,28.81,22.37,86.59,1.64,0.84,15.94,31.62
2023-12-03,Madurai,9.9252,78.1198,Irrigated,26.63,30.62,23.26,82.96,1.51,1.12,13.79,31.57
2023-12-04,Madurai,9.9252,78.1198,Irrigated,26.64,31.09,23.66,85.51,1.2,0.77,16.96,31.51
2023-12-05,Madurai,9.9252,78.1198,Irrigated,26.65,31.26,23.22,85.08,1.06,0.93,18.29,31.46
2023-12-06,Madurai,9.9252,78.1198,Irrigated,25.84,29.77,22.87,87.63,1.13,0.2,18.44,31.42
2023-12-07,Madurai,9.9252,78.1198,Irrigated,26.16,30.64,22.41,87.12,1.19,2.96,18.17,31.38
2023-12-08,Madurai,9.9252,78.1198,Irrigated,26.14,29.83,23.56,88.15,1.11,10.31,14.77,31.35
2023-12-09,Madurai,9.9252,78.1198,Irrigated,25.62,28.92,23.28,89.39,1.93,4.41,15.14,31.31
2023-12-10,Madurai,9.9252,78.1198,Irrigated,25.14,29.28,22.25,89.0,2.05,1.8,14.19,31.28
2023-12-11,Madurai,9.9252,78.1198,Irrigated,24.8,29.32,21.56,87.52,2.08,0.71,12.03,31.26
2023-12-12,Madurai,9.9252,78.1198,Irrigated,24.47,28.71,21.81,88.32,2.05,0.68,13.66,31.23
2023-12-13,Madurai,9.9252,78.1198,Irrigated,23.56,27.84,20.32,86.31,2.31,0.02,15.68,31.21
2023-12-14,Madurai,9.9252,78.1198,Irrigated,23.22,27.89,18.96,84.02,2.38,0.03,17.08,31.19
2023-12-15,Madurai,9.9252,78.1198,Irrigated,24.15,27.99,21.0,88.38,2.6,0.07,10.34,31.17
2023-12-16,Madurai,9.9252,78.1198,Irrigated,24.99,29.01,22.46,89.34,2.86,4.81,6.94,31.16
2023-12-17,Madurai,9.9252,78.1198,Irrigated,24.18,26.17,22.93,94.1,3.52,48.31,6.05,31.16
2023-12-18,Madurai,9.9252,78.1198,Irrigated,23.61,26.35,21.78,91.8,3.41,24.9,4.97,31.15
2023-12-19,Madurai,9.9252,78.1198,Irrigated,23.01,26.51,21.06,89.85,2.63,2.11,7.8,31.15
2023-12-20,Madurai,9.9252,78.1198,Irrigated,23.74,28.18,20.28,88.67,3.01,2.85,11.77,31.14
2023-12-21,Madurai,9.9252,78.1198,Irrigated,23.39,26.7,21.16,92.9,2.41,4.36,7.52,31.14
2023-12-22,Madurai,9.9252,78.1198,Irrigated,24.01,28.75,20.68,88.67,2.2,0.22,18.95,31.14
2023-12-23,Madurai,9.9252,78.1198,Irrigated,22.79,27.64,18.98,86.23,2.02,0.0,19.8,31.15
2023-12-24,Madurai,9.9252,78.1198,Irrigated,23.08,27.28,19.38,87.24,2.25,0.11,13.62,31.15
2023-12-25,Madurai,9.9252,78.1198,Irrigated,24.64,29.51,21.8,89.3,2.96,1.52,18.11,31.17
2023-12-26,Madurai,9.9252,78.1198,Irrigated,23.73,28.7,20.47,87.1,2.81,0.07,19.32,31.19
2023-12-27,Madurai,9.9252,78.1198,Irrigated,23.6,28.56,19.39,87.06,3.14,0.16,18.4,31.21
2023-12-28,Madurai,9.9252,78.1198,Irrigated,24.39,29.38,20.54,87.56,3.47,0.09,15.08,31.23
2023-12-29,Madurai,9.9252,78.1198,Irrigated,24.79,29.31,22.02,87.87,3.26,0.43,13.9,31.25
2023-12-30,Madurai,9.9252,78.1198,Irrigated,24.29,28.4,21.25,87.59,2.79,0.11,14.59,31.27
2023-12-31,Madurai,9.9252,78.1198,Irrigated,23.2,28.06,18.96,85.9,2.19,0.01,18.33,31.3
2024-01-01,Madurai,9.9252,78.1198,Irrigated,23.52,28.89,18.43,84.62,1.77,0.0,16.89,31.33
2024-01-02,Madurai,9.9252,78.1198,Irrigated,23.69,28.44,20.16,85.64,1.95,0.04,13.91,31.37
2024-01-03,Madurai,9.9252,78.1198,Irrigated,23.54,28.21,19.69,86.35,1.71,1.06,15.97,31.4
2024-01-04,Madurai,9.9252,78.1198,Irrigated,24.32,28.69,20.9,87.95,1.77,3.86,15.2,31.44
2024-01-05,Madurai,9.9252,78.1198,Irrigated,24.59,28.54,21.96,88.53,1.94,2.76,11.66,31.48
2024-01-06,Madurai,9.9252,78.1198,Irrigated,24.56,29.06,21.23,87.2,1.94,1.69,13.72,31.53
2024-01-07,Madurai,9.9252,78.1198,Irrigated,24.49,29.38,21.28,85.86,2.45,0.79,14.04,31.58
2024-01-08,Madurai,9.9252,78.1198,Irrigated,24.41,28.27,22.45,90.27,2.38,0.99,13.64,31.63
2024-01-09,Madurai,9.9252,78.1198,Irrigated,23.83,26.93,21.74,91.03,3.06,11.26,4.39,31.68
2024-01-10,Madurai,9.9252,78.1198,Irrigated,23.41,27.09,20.94,87.8,2.45,0.7,10.84,31.74
2024-01-11,Madurai,9.9252,78.1198,Irrigated,23.62,28.76,20.16,83.86,2.62,0.01,15.79,31.8
2024-01-12,Madurai,9.9252,78.1198,Irrigated,23.65,29.04,19.82,83.92,2.53,0.0,16.25,31.86
2024-01-13,Madurai,9.9252,78.1198,Irrigated,23.76,29.42,19.18,84.63,2.28,0.0,18.37,31.92
2024-01-14,Madurai,9.9252,78.1198,Irrigated,23.69,29.64,19.74,82.67,2.25,0.0,17.57,31.99
2024-01-15,Madurai,9.9252,78.1198,Irrigated,23.07,29.36,18.24,81.73,1.81,0.0,19.57,32.06
2024-01-16,Madurai,9.9252,78.1198,Irrigated,22.47,28.85,17.36,79.66,1.6,0.0,21.69,32.12
2024-01-17,Madurai,9.9252,78.1198,Irrigated,22.52,29.49,17.43,77.71,1.32,0.0,22.28,32.2
2024-01-18,Madurai,9.9252,78.1198,Irrigated,23.73,30.04,17.55,82.57,1.36,0.23,16.1,32.27
2024-01-19,Madurai,9.9252,78.1198,Irrigated,24.93,30.82,20.26,83.78,1.81,1.94,14.31,32.34
2024-01-20,Madurai,9.9252,78.1198,Irrigated,25.19,30.4,21.7,83.82,2.18,1.12,10.1,32.42
2024-01-21,Madurai,9.9252,78.1198,Irrigated,25.04,31.12,20.85,80.15,1.96,0.04,17.11,32.49
2024-01-22,Madurai,9.9252,78.1198,Irrigated,24.96,31.66,20.23,79.67,1.95,0.0,20.34,32.57
2024-01-23,Madurai,9.9252,78.1198,Irrigated,24.24,30.74,19.27,78.68,1.8,0.01,22.01,32.64
2024-01-24,Madurai,9.9252,78.1198,Irrigated,24.46,31.39,19.36,77.19,1.53,0.02,21.22,32.73
2024-01-25,Madurai,9.9252,78.1198,Irrigated,24.52,31.12,19.47,76.82,1.58,0.0,21.38,32.82
2024-01-26,Madurai,9.9252,78.1198,Irrigated,24.19,31.14,18.25,75.96,2.39,0.0,19.9,32.91
2024-01-27,Madurai,9.9252,78.1198,Irrigated,23.95,31.0,18.79,76.52,2.47,0.0,21.95,33.0
2024-01-28,Madurai,9.9252,78.1198,Irrigated,24.7,31.34,19.88,76.79,2.61,0.0,18.23,33.09
2024-01-29,Madurai,9.9252,78.1198,Irrigated,24.14,31.86,18.21,73.58,2.31,0.0,18.57,33.18
2024-01-30,Madurai,9.9252,78.1198,Irrigated,24.74,32.42,19.1,74.44,2.11,0.0,21.42,33.26
2024-01-31,Madurai,9.9252,78.1198,Irrigated,25.58,32.52,20.12,76.67,1.62,0.78,19.79,33.35
2024-02-01,Madurai,9.9252,78.1198,Irrigated,26.38,33.11,21.25,77.06,1.42,2.57,13.68,33.44
2024-02-02,Madurai,9.9252,78.1198,Irrigated,26.82,32.94,22.27,77.14,1.61,0.34,17.88,33.53
2024-02-03,Madurai,9.9252,78.1198,Irrigated,26.88,33.82,21.98,74.69,1.99,0.0,21.3,33.62
2024-02-04,Madurai,9.9252,78.1198,Irrigated,25.79,33.34,20.39,72.07,2.36,0.0,22.65,33.71
2024-02-05,Madurai,9.9252,78.1198,Irrigated,24.71,32.64,19.03,73.19,2.27,0.0,22.36,33.81
2024-02-06,Madurai,9.9252,78.1198,Irrigated,24.37,32.48,18.13,75.0,2.3,0.0,22.95,33.9
2024-02-07,Madurai,9.9252,78.1198,Irrigated,24.62,33.27,17.81,72.77,2.05,0.0,24.18,33.99
2024-02-08,Madurai,9.9252,78.1198,Irrigated,25.22,34.32,18.15,72.45,2.1,0.0,23.26,34.07
2024-02-09,Madurai,9.9252,78.1198,Irrigated,25.51,33.64,19.55,73.15,2.28,0.0,21.85,34.17
2024-02-10,Madurai,9.9252,78.1198,Irrigated,25.76,33.15,20.15,74.32,2.63,0.01,20.2,34.26
2024-02-11,Madurai,9.9252,78.1198,Irrigated,26.01,33.72,20.59,70.06,2.91,0.02,21.42,34.36
2024-02-12,Madurai,9.9252,78.1198,Irrigated,25.07,33.66,18.62,70.41,2.75,0.0,22.04,34.45
2024-02-13,Madurai,9.9252,78.1198,Irrigated,26.0,33.83,19.33,72.36,2.82,0.0,21.14,34.55
2024-02-14,Madurai,9.9252,78.1198,Irrigated,26.59,33.85,21.36,70.39,3.07,0.0,20.76,34.65
2024-02-15,Madurai,9.9252,78.1198,Irrigated,25.87,33.43,19.79,69.95,2.77,0.0,19.98,34.75
2024-02-16,Madurai,9.9252,78.1198,Irrigated,26.58,34.16,20.75,69.23,2.9,0.0,21.63,34.85
2024-02-17,Madurai,9.9252,78.1198,Irrigated,26.83,35.33,20.32,65.85,2.59,0.0,22.94,34.94
2024-02-18,Madurai,9.9252,78.1198,Irrigated,26.47,34.9,20.23,66.56,2.26,0.0,21.51,35.02
2024-02-19,Madurai,9.9252,78.1198,Irrigated,27.14,35.08,21.41,68.75,2.32,0.0,22.16,35.11
2024-02-20,Madurai,9.9252,78.1198,Irrigated,27.6,35.51,22.05,66.2,1.92,0.0,22.27,35.2
2024-02-21,Madurai,9.9252,78.1198,Irrigated,28.25,36.38,22.29,60.15,1.49,0.01,23.44,35.28
2024-02-22,Madurai,9.9252,78.1198,Irrigated,28.76,36.52,22.42,62.56,1.47,0.0,21.53,35.37
2024-02-23,Madurai,9.9252,78.1198,Irrigated,29.54,36.91,24.36,62.62,1.74,0.0,22.3,35.44
2024-02-24,Madurai,9.9252,78.1198,Irrigated,29.11,36.04,23.64,64.52,1.92,0.0,18.87,35.53
2024-02-25,Madurai,9.9252,78.1198,Irrigated,28.46,36.08,23.24,63.06,2.36,0.01,20.43,35.6
2024-02-26,Madurai,9.9252,78.1198,Irrigated,28.17,35.86,22.16,64.96,3.32,0.17,19.3,35.69
2024-02-27,Madurai,9.9252,78.1198,Irrigated,28.31,35.82,23.43,64.78,3.39,0.02,19.81,35.78
2024-02-28,Madurai,9.9252,78.1198,Irrigated,28.23,36.32,22.07,61.68,2.96,0.0,20.96,35.87
2024-02-29,Madurai,9.9252,78.1198,Irrigated,27.99,36.14,22.12,61.7,2.54,0.0,22.4,35.95
2024-03-01,Madurai,9.9252,78.1198,Irrigated,27.26,35.33,21.04,62.99,2.77,0.0,18.72,36.03
2024-03-02,Madurai,9.9252,78.1198,Irrigated,26.56,33.97,20.12,61.06,1.59,0.0,23.25,36.12
2024-03-03,Madurai,9.9252,78.1198,Irrigated,27.88,36.35,20.86,59.37,1.72,0.0,23.36,36.2
2024-03-04,Madurai,9.9252,78.1198,Irrigated,27.99,37.08,19.93,57.86,1.88,0.0,25.5,36.28
2024-03-05,Madurai,9.9252,78.1198,Irrigated,28.15,37.38,20.38,56.35,1.85,0.0,24.57,36.35
2024-03-06,Madurai,9.9252,78.1198,Irrigated,28.49,36.92,21.94,52.27,1.84,0.0,20.37,36.42
2024-03-07,Madurai,9.9252,78.1198,Irrigated,28.52,37.01,22.03,50.44,1.67,0.0,23.32,36.48
2024-03-08,Madurai,9.9252,78.1198,Irrigated,29.07,37.57,22.09,48.72,1.93,0.0,24.69,36.55
2024-03-09,Madurai,9.9252,78.1198,Irrigated,29.66,38.3,22.26,49.53,2.1,0.0,24.31,36.62
2024-03-10,Madurai,9.9252,78.1198,Irrigated,29.77,38.05,23.82,52.26,1.89,0.0,23.72,36.69
2024-03-11,Madurai,9.9252,78.1198,Irrigated,29.41,37.73,22.43,54.58,2.14,0.0,23.51,36.76
2024-03-12,Madurai,9.9252,78.1198,Irrigated,29.35,38.04,22.48,53.7,2.04,0.0,24.74,36.82
2024-03-13,Madurai,9.9252,78.1198,Irrigated,29.63,38.37,22.82,46.11,1.61,0.0,25.18,36.88
2024-03-14,Madurai,9.9252,78.1198,Irrigated,30.54,39.76,23.25,41.88,1.74,0.03,25.22,36.94
2024-03-15,Madurai,9.9252,78.1198,Irrigated,30.5,39.99,23.57,50.39,2.06,0.03,24.53,36.99
2024-03-16,Madurai,9.9252,78.1198,Irrigated,29.62,38.8,22.74,54.83,2.06,0.12,25.9,37.05
2024-03-17,Madurai,9.9252,78.1198,Irrigated,29.2,38.26,22.38,53.5,2.3,0.0,26.65,37.1
2024-03-18,Madurai,9.9252,78.1198,Irrigated,29.23,38.36,21.37,50.0,1.83,0.0,26.28,37.16
2024-03-19,Madurai,9.9252,78.1198,Irrigated,29.61,38.79,22.21,45.86,2.06,0.0,25.46,37.21
2024-03-20,Madurai,9.9252,78.1198,Irrigated,29.37,38.65,21.68,52.56,2.08,0.0,26.19,37.25
2024-03-21,Madurai,9.9252,78.1198,Irrigated,30.41,38.65,24.09,60.18,3.07,0.39,14.7,37.3
2024-03-22,Madurai,9.9252,78.1198,Irrigated,30.67,38.58,24.54,59.78,3.04,0.52,22.22,37.33
2024-03-23,Madurai,9.9252,78.1198,Irrigated,30.96,39.45,25.07,53.57,2.53,0.07,24.19,37.35
2024-03-24,Madurai,9.9252,78.1198,Irrigated,29.93,38.98,22.96,56.41,2.36,0.09,24.83,37.39
2024-03-25,Madurai,9.9252,78.1198,Irrigated,29.6,39.22,21.67,53.57,2.47,0.0,25.96,37.42
2024-03-26,Madurai,9.9252,78.1198,Irrigated,29.55,39.06,22.33,49.94,2.17,0.01,25.26,37.47
2024-03-27,Madurai,9.9252,78.1198,Irrigated,29.76,39.68,20.91,47.75,2.05,0.0,22.98,37.51
2024-03-28,Madurai,9.9252,78.1198,Irrigated,31.43,40.61,24.56,46.68,1.94,0.34,23.25,37.55
2024-03-29,Madurai,9.9252,78.1198,Irrigated,31.3,39.73,24.48,47.85,2.01,0.05,24.9,37.58
2024-03-30,Madurai,9.9252,78.1198,Irrigated,31.3,39.71,24.72,46.46,2.16,0.0,26.58,37.62
2024-03-31,Madurai,9.9252,78.1198,Irrigated,31.63,40.27,24.66,49.71,2.34,0.0,25.1,37.65
2024-04-01,Madurai,9.9252,78.1198,Irrigated,32.35,40.64,25.89,52.74,2.38,0.0,22.92,37.67
2024-04-02,Madurai,9.9252,78.1198,Irrigated,32.5,40.72,25.81,51.27,2.27,0.44,24.34,37.69
2024-04-03,Madurai,9.9252,78.1198,Irrigated,31.7,39.78,25.32,56.54,2.38,1.08,21.53,37.71
2024-04-04,Madurai,9.9252,78.1198,Irrigated,31.8,39.65,25.73,57.85,2.46,0.03,22.86,37.72
2024-04-05,Madurai,9.9252,78.1198,Irrigated,32.69,41.87,25.3,51.77,2.31,0.03,24.01,37.74
2024-04-06,Madurai,9.9252,78.1198,Irrigated,32.79,41.28,25.96,52.54,2.24,0.0,26.08,37.75
2024-04-07,Madurai,9.9252,78.1198,Irrigated,32.61,40.78,26.13,52.72,2.33,0.0,25.01,37.77
2024-04-08,Madurai,9.9252,78.1198,Irrigated,32.34,40.94,25.7,56.15,2.64,0.12,25.23,37.78
2024-04-09,Madurai,9.9252,78.1198,Irrigated,32.0,40.03,25.77,54.2,2.69,0.03,24.37,37.79
2024-04-10,Madurai,9.9252,78.1198,Irrigated,31.57,39.92,24.51,54.36,2.79,0.13,24.51,37.79
2024-04-11,Madurai,9.9252,78.1198,Irrigated,31.83,39.92,25.23,55.61,2.84,0.78,21.44,37.8
2024-04-12,Madurai,9.9252,78.1198,Irrigated,30.59,37.57,25.85,63.5,2.86,7.07,17.83,37.8
2024-04-13,Madurai,9.9252,78.1198,Irrigated,30.03,36.77,25.66,66.26,2.07,3.07,19.83,37.81
2024-04-14,Madurai,9.9252,78.1198,Irrigated,30.35,38.02,24.63,63.23,2.38,2.43,23.52,37.82
2024-04-15,Madurai,9.9252,78.1198,Irrigated,30.4,38.32,24.04,63.62,2.6,1.38,17.18,37.83
2024-04-16,Madurai,9.9252,78.1198,Irrigated,31.35,39.07,25.28,59.67,2.32,0.09,21.44,37.83
2024-04-17,Madurai,9.9252,78.1198,Irrigated,32.39,40.35,25.7,55.14,2.34,0.0,24.54,37.82
2024-04-18,Madurai,9.9252,78.1198,Irrigated,32.94,40.39,26.39,54.16,1.91,0.0,23.68,37.81
2024-04-19,Madurai,9.9252,78.1198,Irrigated,32.88,39.03,27.37,52.44,1.62,0.0,20.22,37.8
2024-04-20,Madurai,9.9252,78.1198,Irrigated,33.24,40.24,27.3,50.56,2.11,0.01,24.55,37.79
2024-04-21,Madurai,9.9252,78.1198,Irrigated,32.89,40.69,26.96,57.91,2.44,0.06,24.4,37.79
2024-04-22,Madurai,9.9252,78.1198,Irrigated,32.77,39.02,27.56,54.78,1.7,0.1,22.85,37.79
2024-04-23,Madurai,9.9252,78.1198,Irrigated,32.79,40.48,27.47,53.49,2.46,0.05,24.21,37.78
2024-04-24,Madurai,9.9252,78.1198,Irrigated,31.86,38.63,26.11,53.83,1.95,0.11,23.84,37.78
2024-04-25,Madurai,9.9252,78.1198,Irrigated,32.09,39.64,26.24,48.17,2.43,0.01,24.19,37.76
2024-04-26,Madurai,9.9252,78.1198,Irrigated,32.76,41.04,25.65,47.64,2.26,0.0,24.21,37.74
2024-04-27,Madurai,9.9252,78.1198,Irrigated,32.69,40.72,26.47,47.51,2.26,0.0,25.84,37.72
2024-04-28,Madurai,9.9252,78.1198,Irrigated,32.88,41.28,25.7,48.74,2.23,0.01,22.49,37.69
2024-04-29,Madurai,9.9252,78.1198,Irrigated,32.98,41.2,26.44,51.72,2.25,0.18,21.57,37.68
2024-04-30,Madurai,9.9252,78.1198,Irrigated,33.6,42.27,27.11,51.58,2.69,0.1,22.92,37.66
2024-05-01,Madurai,9.9252,78.1198,Irrigated,33.87,40.6,27.4,51.4,2.2,0.07,25.21,37.65
2024-05-02,Madurai,9.9252,78.1198,Irrigated,34.41,40.91,29.63,50.69,2.6,0.0,23.71,37.63
2024-05-03,Madurai,9.9252,78.1198,Irrigated,34.55,42.49,27.92,50.42,2.37,0.0,21.01,37.59
2024-05-04,Madurai,9.9252,78.1198,Irrigated,34.2,39.83,29.99,49.77,2.24,0.05,23.28,37.56
2024-05-05,Madurai,9.9252,78.1198,Irrigated,34.59,42.33,28.1,49.69,1.87,0.86,23.32,37.53
2024-05-06,Madurai,9.9252,78.1198,Irrigated,35.04,42.31,29.18,47.16,2.23,0.13,24.46,37.51
2024-05-07,Madurai,9.9252,78.1198,Irrigated,33.76,39.45,29.42,49.87,2.5,0.09,24.35,37.48
2024-05-08,Madurai,9.9252,78.1198,Irrigated,31.87,36.41,28.66,59.59,2.17,1.99,22.47,37.44
2024-05-09,Madurai,9.9252,78.1198,Irrigated,31.45,36.42,27.53,61.47,1.57,5.0,18.09,37.42
2024-05-10,Madurai,9.9252,78.1198,Irrigated,29.41,33.38,26.6,71.73,1.48,8.36,18.5,37.41
2024-05-11,Madurai,9.9252,78.1198,Irrigated,30.59,37.45,25.51,65.95,1.9,3.21,16.78,37.41
2024-05-12,Madurai,9.9252,78.1198,Irrigated,30.86,37.78,25.36,62.9,1.72,2.76,20.25,37.4
2024-05-13,Madurai,9.9252,78.1198,Irrigated,28.35,31.47,26.02,78.32,1.44,6.94,18.53,37.39
2024-05-14,Madurai,9.9252,78.1198,Irrigated,28.85,34.08,25.27,72.49,1.02,4.31,18.34,37.37
2024-05-15,Madurai,9.9252,78.1198,Irrigated,29.69,35.92,24.95,70.17,1.79,9.53,16.41,37.34
2024-05-16,Madurai,9.9252,78.1198,Irrigated,28.46,32.88,25.65,75.56,1.33,20.03,13.01,37.32
2024-05-17,Madurai,9.9252,78.1198,Irrigated,27.65,32.02,24.79,77.7,1.44,14.09,8.42,37.29
2024-05-18,Madurai,9.9252,78.1198,Irrigated,28.86,34.54,24.23,74.68,1.23,7.92,18.13,37.26
2024-05-19,Madurai,9.9252,78.1198,Irrigated,28.29,32.31,25.62,78.34,1.12,11.82,12.87,37.24
2024-05-20,Madurai,9.9252,78.1198,Irrigated,27.05,30.47,25.07,86.35,1.42,27.5,12.96,37.21
2024-05-21,Madurai,9.9252,78.1198,Irrigated,27.49,31.4,24.66,79.12,2.42,12.14,20.57,37.18
2024-05-22,Madurai,9.9252,78.1198,Irrigated,27.73,31.26,24.95,85.99,2.18,6.34,15.51,37.14
2024-05-23,Madurai,9.9252,78.1198,Irrigated,27.61,31.14,25.31,84.55,1.93,3.95,16.98,37.12
2024-05-24,Madurai,9.9252,78.1198,Irrigated,28.83,34.08,25.24,77.29,1.76,3.87,19.0,37.1
2024-05-25,Madurai,9.9252,78.1198,Irrigated,28.32,32.47,25.14,76.3,2.08,1.68,13.54,37.07
2024-05-26,Madurai,9.9252,78.1198,Irrigated,29.4,35.89,24.37,68.67,2.41,0.3,15.08,37.05
2024-05-27,Madurai,9.9252,78.1198,Irrigated,29.93,36.77,25.19,69.28,2.56,0.15,19.11,37.02
2024-05-28,Madurai,9.9252,78.1198,Irrigated,28.58,33.58,25.42,74.3,2.76,1.43,18.86,37.0
2024-05-29,Madurai,9.9252,78.1198,Irrigated,29.84,36.68,24.37,69.54,1.77,2.27,21.13,36.97
2024-05-30,Madurai,9.9252,78.1198,Irrigated,30.27,36.61,24.7,69.32,1.84,1.79,22.2,36.96
2024-05-31,Madurai,9.9252,78.1198,Irrigated,30.24,35.27,26.36,69.95,1.49,2.84,21.49,36.93
2024-06-01,Madurai,9.9252,78.1198,Irrigated,30.42,34.68,26.72,74.47,1.56,3.33,19.9,36.91
2024-06-02,Madurai,9.9252,78.1198,Irrigated,28.55,32.06,25.64,74.55,1.58,4.61,17.65,36.89
2024-06-03,Madurai,9.9252,78.1198,Irrigated,28.83,33.46,25.26,74.76,1.11,5.54,15.56,36.87
2024-06-04,Madurai,9.9252,78.1198,Irrigated,29.11,33.25,25.43,73.87,1.3,0.75,17.68,36.85
2024-06-05,Madurai,9.9252,78.1198,Irrigated,28.66,33.58,25.33,77.26,1.79,5.6,21.0,36.83
2024-06-06,Madurai,9.9252,78.1198,Irrigated,27.82,31.26,25.11,82.1,1.8,32.15,18.7,36.82
2024-06-07,Madurai,9.9252,78.1198,Irrigated,27.79,32.95,23.85,77.44,1.92,6.29,16.6,36.81
2024-06-08,Madurai,9.9252,78.1198,Irrigated,27.41,32.23,23.75,80.93,2.56,2.09,18.95,36.79
2024-06-09,Madurai,9.9252,78.1198,Irrigated,27.7,32.73,23.85,78.46,1.96,0.27,21.83,36.78
2024-06-10,Madurai,9.9252,78.1198,Irrigated,28.33,34.91,23.59,72.45,2.3,0.1,23.91,36.77
2024-06-11,Madurai,9.9252,78.1198,Irrigated,28.0,34.36,23.63,68.69,2.21,0.23,23.03,36.75
2024-06-12,Madurai,9.9252,78.1198,Irrigated,27.24,32.83,23.67,71.87,2.19,0.35,17.9,36.74
2024-06-13,Madurai,9.9252,78.1198,Irrigated,28.4,36.34,21.8,64.05,1.73,0.08,22.17,36.72
2024-06-14,Madurai,9.9252,78.1198,Irrigated,29.3,36.65,22.55,63.16,1.29,0.0,21.67,36.7
2024-06-15,Madurai,9.9252,78.1198,Irrigated,29.92,37.15,23.65,64.05,1.28,0.48,23.64,36.69
2024-06-16,Madurai,9.9252,78.1198,Irrigated,29.75,37.02,23.86,66.93,1.24,0.54,22.44,36.66
2024-06-17,Madurai,9.9252,78.1198,Irrigated,29.04,35.82,23.68,67.14,1.56,4.1,23.2,36.65
2024-06-18,Madurai,9.9252,78.1198,Irrigated,28.23,34.66,23.4,72.46,2.1,9.56,21.15,36.64
2024-06-19,Madurai,9.9252,78.1198,Irrigated,28.31,35.01,23.45,71.74,2.35,4.37,17.65,36.62
2024-06-20,Madurai,9.9252,78.1198,Irrigated,27.66,34.03,23.15,69.94,2.44,0.46,21.63,36.62
2024-06-21,Madurai,9.9252,78.1198,Irrigated,27.71,34.38,22.78,68.34,2.51,0.28,19.21,36.63
2024-06-22,Madurai,9.9252,78.1198,Irrigated,27.88,34.31,23.04,71.67,1.59,2.7,20.11,36.64
2024-06-23,Madurai,9.9252,78.1198,Irrigated,27.67,34.05,23.77,71.27,3.13,1.85,20.95,36.64
2024-06-24,Madurai,9.9252,78.1198,Irrigated,27.02,32.44,23.81,71.34,3.08,1.34,17.89,36.64
2024-06-25,Madurai,9.9252,78.1198,Irrigated,26.49,31.75,23.52,70.15,3.47,1.92,17.91,36.64
2024-06-26,Madurai,9.9252,78.1198,Irrigated,27.48,33.67,22.59,70.22,3.18,1.62,16.49,36.64
2024-06-27,Madurai,9.9252,78.1198,Irrigated,27.9,34.18,23.96,67.37,2.6,0.55,13.08,36.64
2024-06-28,Madurai,9.9252,78.1198,Irrigated,28.57,36.0,23.43,64.18,1.76,0.13,22.69,36.64
2024-06-29,Madurai,9.9252,78.1198,Irrigated,28.34,35.97,22.06,67.31,1.47,0.3,22.05,36.65
2024-06-30,Madurai,9.9252,78.1198,Irrigated,28.66,33.89,24.24,68.68,0.99,1.45,20.64,36.66
2024-07-01,Madurai,9.9252,78.1198,Irrigated,27.69,32.34,24.73,70.79,1.62,3.77,19.04,36.66
2024-07-02,Madurai,9.9252,78.1198,Irrigated,28.89,35.47,23.5,63.06,1.31,0.25,21.03,36.67
2024-07-03,Madurai,9.9252,78.1198,Irrigated,28.23,34.65,23.75,64.93,1.85,0.2,21.16,36.68
2024-07-04,Madurai,9.9252,78.1198,Irrigated,29.64,36.56,23.25,59.4,1.68,0.07,20.18,36.68
2024-07-05,Madurai,9.9252,78.1198,Irrigated,29.11,34.8,25.01,65.12,1.45,3.73,20.3,36.69
2024-07-06,Madurai,9.9252,78.1198,Irrigated,27.1,32.38,23.35,71.08,2.1,1.92,16.69,36.7
2024-07-07,Madurai,9.9252,78.1198,Irrigated,28.86,35.58,24.22,64.76,2.45,0.21,20.99,36.7
2024-07-08,Madurai,9.9252,78.1198,Irrigated,27.36,32.26,24.01,71.53,2.42,0.49,20.27,36.71
2024-07-09,Madurai,9.9252,78.1198,Irrigated,27.44,33.47,22.92,70.81,2.09,0.21,19.75,36.72
2024-07-10,Madurai,9.9252,78.1198,Irrigated,27.86,32.89,23.49,71.76,1.61,3.84,21.84,36.73
2024-07-11,Madurai,9.9252,78.1198,Irrigated,28.57,34.61,23.39,67.67,1.29,1.31,21.75,36.74
2024-07-12,Madurai,9.9252,78.1198,Irrigated,28.93,35.68,23.66,67.45,1.92,9.89,21.29,36.75
2024-07-13,Madurai,9.9252,78.1198,Irrigated,27.81,33.51,23.34,67.22,3.04,0.39,15.62,36.76
2024-07-14,Madurai,9.9252,78.1198,Irrigated,28.7,36.68,23.18,61.31,3.6,1.16,15.15,36.78
2024-07-15,Madurai,9.9252,78.1198,Irrigated,27.55,32.47,24.8,67.97,4.54,8.09,14.7,36.8
2024-07-16,Madurai,9.9252,78.1198,Irrigated,28.02,33.91,24.44,65.34,4.42,1.25,13.93,36.82
2024-07-17,Madurai,9.9252,78.1198,Irrigated,27.61,32.7,23.78,67.97,3.51,2.08,15.84,36.84
2024-07-18,Madurai,9.9252,78.1198,Irrigated,27.51,32.32,24.4,65.87,4.38,1.08,17.11,36.86
2024-07-19,Madurai,9.9252,78.1198,Irrigated,28.38,34.14,23.57,64.66,4.37,0.44,18.55,36.87
2024-07-20,Madurai,9.9252,78.1198,Irrigated,28.5,35.04,24.0,63.91,3.53,0.45,20.47,36.88
2024-07-21,Madurai,9.9252,78.1198,Irrigated,28.32,34.63,23.14,66.1,3.45,0.17,19.72,36.89
2024-07-22,Madurai,9.9252,78.1198,Irrigated,28.24,35.23,23.47,64.54,3.12,0.22,19.56,36.91
2024-07-23,Madurai,9.9252,78.1198,Irrigated,28.83,36.49,23.22,62.82,2.87,0.13,20.29,36.93
2024-07-24,Madurai,9.9252,78.1198,Irrigated,28.59,35.41,23.51,63.54,3.38,0.84,22.06,36.95
2024-07-25,Madurai,9.9252,78.1198,Irrigated,28.82,35.09,23.81,63.01,3.67,1.47,16.96,36.97
2024-07-26,Madurai,9.9252,78.1198,Irrigated,27.99,32.93,24.24,64.33,4.23,1.63,21.18,36.97
2024-07-27,Madurai,9.9252,78.1198,Irrigated,28.49,34.0,24.87,60.04,5.12,0.2,19.07,36.98
2024-07-28,Madurai,9.9252,78.1198,Irrigated,28.55,34.78,23.57,59.03,4.01,0.75,17.06,36.97
2024-07-29,Madurai,9.9252,78.1198,Irrigated,28.77,35.63,24.55,64.34,3.74,4.96,16.34,36.98
2024-07-30,Madurai,9.9252,78.1198,Irrigated,27.6,32.41,24.51,71.3,2.33,0.58,18.62,37.01
2024-07-31,Madurai,9.9252,78.1198,Irrigated,28.56,34.42,24.16,68.39,1.88,0.35,18.27,37.03
2024-08-01,Madurai,9.9252,78.1198,Irrigated,29.01,34.88,24.42,68.66,2.15,1.33,22.54,37.06
2024-08-02,Madurai,9.9252,78.1198,Irrigated,28.32,33.93,24.01,63.6,3.04,0.11,22.42,37.08
2024-08-03,Madurai,9.9252,78.1198,Irrigated,29.03,35.68,23.9,63.46,1.29,0.9,21.15,37.1
2024-08-04,Madurai,9.9252,78.1198,Irrigated,28.9,34.52,24.29,67.04,2.25,5.75,20.92,37.11
2024-08-05,Madurai,9.9252,78.1198,Irrigated,28.1,32.84,24.52,70.09,1.07,2.88,19.78,37.12
2024-08-06,Madurai,9.9252,78.1198,Irrigated,28.74,34.34,24.35,69.22,1.15,7.77,21.06,37.13
2024-08-07,Madurai,9.9252,78.1198,Irrigated,27.15,30.69,24.52,77.76,1.33,11.78,19.4,37.13
2024-08-08,Madurai,9.9252,78.1198,Irrigated,27.12,31.53,23.97,77.26,1.56,8.11,19.96,37.15
2024-08-09,Madurai,9.9252,78.1198,Irrigated,28.26,33.57,23.57,74.46,1.35,11.91,23.3,37.17
2024-08-10,Madurai,9.9252,78.1198,Irrigated,27.95,32.19,24.7,77.24,1.49,9.66,21.86,37.19
2024-08-11,Madurai,9.9252,78.1198,Irrigated,27.64,30.76,24.98,79.1,1.88,6.68,20.74,37.21
2024-08-12,Madurai,9.9252,78.1198,Irrigated,29.08,34.14,24.84,75.44,1.43,4.6,23.64,37.22
2024-08-13,Madurai,9.9252,78.1198,Irrigated,28.13,30.97,25.2,79.29,0.78,18.77,18.68,37.23
2024-08-14,Madurai,9.9252,78.1198,Irrigated,27.68,31.79,24.91,77.31,1.06,20.16,19.73,37.25
2024-08-15,Madurai,9.9252,78.1198,Irrigated,28.71,34.35,24.01,75.97,1.08,9.32,21.36,37.27
2024-08-16,Madurai,9.9252,78.1198,Irrigated,28.27,32.8,25.04,81.32,1.2,4.45,21.58,37.28
2024-08-17,Madurai,9.9252,78.1198,Irrigated,27.94,32.63,24.67,80.38,1.9,2.42,16.5,37.29
2024-08-18,Madurai,9.9252,78.1198,Irrigated,27.69,31.25,24.88,80.69,1.06,7.57,21.51,37.29
2024-08-19,Madurai,9.9252,78.1198,Irrigated,28.25,33.18,24.29,78.36,1.88,3.72,17.02,37.29
2024-08-20,Madurai,9.9252,78.1198,Irrigated,27.42,31.54,24.39,81.52,2.0,6.92,20.53,37.28
2024-08-21,Madurai,9.9252,78.1198,Irrigated,26.09,30.61,23.01,80.95,3.82,6.1,16.47,37.27
2024-08-22,Madurai,9.9252,78.1198,Irrigated,26.86,31.49,22.41,77.98,2.4,0.02,16.53,37.27
2024-08-23,Madurai,9.9252,78.1198,Irrigated,27.81,34.63,22.04,70.95,2.15,0.0,23.56,37.27
2024-08-24,Madurai,9.9252,78.1198,Irrigated,27.7,33.68,22.95,74.59,2.27,0.08,22.9,37.27
2024-08-25,Madurai,9.9252,78.1198,Irrigated,27.56,33.84,22.7,74.05,2.28,0.07,23.53,37.28
2024-08-26,Madurai,9.9252,78.1198,Irrigated,27.77,34.92,22.54,71.69,2.66,0.1,22.94,37.28
2024-08-27,Madurai,9.9252,78.1198,Irrigated,27.85,34.26,22.94,73.02,2.19,0.13,21.92,37.29
2024-08-28,Madurai,9.9252,78.1198,Irrigated,27.7,33.64,22.96,72.42,1.96,0.12,15.58,37.3
2024-08-29,Madurai,9.9252,78.1198,Irrigated,27.89,33.98,22.72,71.83,2.39,1.54,19.34,37.3
2024-08-30,Madurai,9.9252,78.1198,Irrigated,27.15,32.18,23.78,78.21,2.23,1.42,15.91,37.29
2024-08-31,Madurai,9.9252,78.1198,Irrigated,27.27,32.82,23.35,72.79,2.85,0.49,20.02,37.28
2024-09-01,Madurai,9.9252,78.1198,Irrigated,27.18,32.69,23.69,70.49,2.61,0.49,19.38,37.27
2024-09-02,Madurai,9.9252,78.1198,Irrigated,27.56,34.26,22.9,69.47,2.46,0.24,20.51,37.26
2024-09-03,Madurai,9.9252,78.1198,Irrigated,27.59,32.93,23.5,74.74,2.28,0.78,20.63,37.24
2024-09-04,Madurai,9.9252,78.1198,Irrigated,28.47,35.04,23.53,71.26,2.16,0.4,21.54,37.23
2024-09-05,Madurai,9.9252,78.1198,Irrigated,29.04,35.94,23.18,68.01,2.09,0.11,22.98,37.22
2024-09-06,Madurai,9.9252,78.1198,Irrigated,28.36,33.52,24.12,71.67,1.94,0.59,19.57,37.2
2024-09-07,Madurai,9.9252,78.1198,Irrigated,28.84,35.4,23.6,68.8,2.16,0.28,20.57,37.19
2024-09-08,Madurai,9.9252,78.1198,Irrigated,28.07,33.23,24.42,71.54,2.35,0.42,19.13,37.17
2024-09-09,Madurai,9.9252,78.1198,Irrigated,27.86,33.59,23.89,70.31,2.43,0.47,20.71,37.14
2024-09-10,Madurai,9.9252,78.1198,Irrigated,28.68,35.97,23.64,70.79,2.84,0.29,21.19,37.11
2024-09-11,Madurai,9.9252,78.1198,Irrigated,28.94,36.3,24.06,69.0,2.65,1.07,21.51,37.08
2024-09-12,Madurai,9.9252,78.1198,Irrigated,28.57,35.58,23.79,65.16,2.6,0.18,22.82,37.06
2024-09-13,Madurai,9.9252,78.1198,Irrigated,28.98,36.8,23.03,65.1,2.0,0.48,21.48,37.04
2024-09-14,Madurai,9.9252,78.1198,Irrigated,28.98,36.6,23.31,65.41,2.27,0.57,20.13,37.0
2024-09-15,Madurai,9.9252,78.1198,Irrigated,29.65,37.65,22.83,59.93,2.91,0.07,22.74,36.97
2024-09-16,Madurai,9.9252,78.1198,Irrigated,29.8,37.65,23.59,58.76,2.9,0.0,24.04,36.93
2024-09-17,Madurai,9.9252,78.1198,Irrigated,30.02,38.17,23.27,59.2,2.86,0.0,24.83,36.9
2024-09-18,Madurai,9.9252,78.1198,Irrigated,29.03,36.28,23.89,60.27,2.53,0.0,24.46,36.86
2024-09-19,Madurai,9.9252,78.1198,Irrigated,28.44,35.28,22.82,62.58,2.11,0.51,23.37,36.82
2024-09-20,Madurai,9.9252,78.1198,Irrigated,29.08,36.9,22.08,61.19,1.61,0.13,22.19,36.77
2024-09-21,Madurai,9.9252,78.1198,Irrigated,28.92,34.82,24.45,64.15,2.14,0.52,23.54,36.73
2024-09-22,Madurai,9.9252,78.1198,Irrigated,29.6,37.79,22.93,61.76,2.27,0.6,22.63,36.69
2024-09-23,Madurai,9.9252,78.1198,Irrigated,29.38,35.79,23.44,61.32,2.74,0.35,18.74,36.65
2024-09-24,Madurai,9.9252,78.1198,Irrigated,29.47,37.16,24.63,61.46,2.36,0.29,20.91,36.61
2024-09-25,Madurai,9.9252,78.1198,Irrigated,30.0,38.58,23.11,58.76,2.82,0.05,22.66,36.57
2024-09-26,Madurai,9.9252,78.1198,Irrigated,30.26,38.08,24.14,59.25,1.51,0.36,20.0,36.52
2024-09-27,Madurai,9.9252,78.1198,Irrigated,30.06,37.51,23.38,57.76,1.24,0.3,19.77,36.47
2024-09-28,Madurai,9.9252,78.1198,Irrigated,29.61,35.52,24.59,64.58,1.77,2.05,20.09,36.41
2024-09-29,Madurai,9.9252,78.1198,Irrigated,27.9,32.51,24.67,77.2,1.57,4.38,22.09,36.35
2024-09-30,Madurai,9.9252,78.1198,Irrigated,27.79,32.75,24.85,77.12,1.5,5.2,16.76,36.29
2024-10-01,Madurai,9.9252,78.1198,Irrigated,27.45,31.79,24.44,78.47,1.31,5.89,18.16,36.22
2024-10-02,Madurai,9.9252,78.1198,Irrigated,27.0,31.07,23.4,79.98,2.33,9.73,17.89,36.15
2024-10-03,Madurai,9.9252,78.1198,Irrigated,28.5,33.81,24.02,73.13,1.85,0.11,20.61,36.08
2024-10-04,Madurai,9.9252,78.1198,Irrigated,28.04,32.48,25.02,76.76,0.93,9.91,19.36,36.0
2024-10-05,Madurai,9.9252,78.1198,Irrigated,27.66,32.2,24.58,76.48,0.64,14.34,14.28,35.94
2024-10-06,Madurai,9.9252,78.1198,Irrigated,26.47,30.31,23.92,81.38,1.04,6.48,9.58,35.89
2024-10-07,Madurai,9.9252,78.1198,Irrigated,26.31,31.55,22.9,82.22,2.59,4.67,13.27,35.82
2024-10-08,Madurai,9.9252,78.1198,Irrigated,26.12,29.8,23.06,83.45,1.47,7.35,17.33,35.75
2024-10-09,Madurai,9.9252,78.1198,Irrigated,27.96,34.02,24.18,76.24,1.81,3.85,14.02,35.68
2024-10-10,Madurai,9.9252,78.1198,Irrigated,27.42,32.64,23.61,76.87,1.06,1.99,17.66,35.61
2024-10-11,Madurai,9.9252,78.1198,Irrigated,26.41,30.31,23.88,80.58,1.11,18.19,14.59,35.54
2024-10-12,Madurai,9.9252,78.1198,Irrigated,26.63,30.57,23.52,82.88,0.95,38.48,16.5,35.46
2024-10-13,Madurai,9.9252,78.1198,Irrigated,26.28,29.28,23.64,86.26,0.86,21.26,12.45,35.4
2024-10-14,Madurai,9.9252,78.1198,Irrigated,25.48,28.49,23.45,88.32,1.07,14.4,7.41,35.34
2024-10-15,Madurai,9.9252,78.1198,Irrigated,25.1,27.88,22.43,85.22,1.42,8.28,13.89,35.26
2024-10-16,Madurai,9.9252,78.1198,Irrigated,26.1,32.26,21.69,77.12,1.27,2.15,17.17,35.18
2024-10-17,Madurai,9.9252,78.1198,Irrigated,26.76,33.07,21.57,79.68,1.47,1.36,21.17,35.1
2024-10-18,Madurai,9.9252,78.1198,Irrigated,27.3,32.78,22.69,78.87,0.96,1.78,21.64,35.03
2024-10-19,Madurai,9.9252,78.1198,Irrigated,26.25,28.79,24.28,82.89,0.91,5.26,15.71,34.95
2024-10-20,Madurai,9.9252,78.1198,Irrigated,26.58,30.23,23.27,83.71,0.96,15.15,15.25,34.88
2024-10-21,Madurai,9.9252,78.1198,Irrigated,26.53,29.33,24.48,85.58,0.59,5.41,13.19,34.8
2024-10-22,Madurai,9.9252,78.1198,Irrigated,27.04,30.8,23.86,79.69,0.75,16.82,13.59,34.72
2024-10-23,Madurai,9.9252,78.1198,Irrigated,26.76,31.05,23.39,81.94,0.99,4.56,18.7,34.63
2024-10-24,Madurai,9.9252,78.1198,Irrigated,25.97,29.25,23.58,82.92,1.28,8.39,16.47,34.55
2024-10-25,Madurai,9.9252,78.1198,Irrigated,26.5,30.9,22.73,83.13,0.96,26.61,15.21,34.46
2024-10-26,Madurai,9.9252,78.1198,Irrigated,27.17,31.23,23.31,80.08,1.08,4.19,21.41,34.36
2024-10-27,Madurai,9.9252,78.1198,Irrigated,26.76,30.61,22.84,81.58,1.23,0.54,18.76,34.27
2024-10-28,Madurai,9.9252,78.1198,Irrigated,27.16,31.54,22.85,78.84,1.1,1.36,20.18,34.18
2024-10-29,Madurai,9.9252,78.1198,Irrigated,27.39,32.17,23.14,75.81,0.92,0.77,19.49,34.09
2024-10-30,Madurai,9.9252,78.1198,Irrigated,26.99,31.49,23.27,81.21,0.88,0.46,20.05,34.01
2024-10-31,Madurai,9.9252,78.1198,Irrigated,26.57,30.58,23.09,85.59,1.12,4.21,20.05,33.92
2024-11-01,Madurai,9.9252,78.1198,Irrigated,26.6,29.95,24.25,88.22,0.9,6.55,14.81,33.84
2024-11-02,Madurai,9.9252,78.1198,Irrigated,25.4,27.82,23.74,91.41,1.29,10.8,16.39,33.75
2024-11-03,Madurai,9.9252,78.1198,Irrigated,25.19,27.61,23.23,92.02,1.2,4.3,17.28,33.67
2024-11-04,Madurai,9.9252,78.1198,Irrigated,25.63,29.82,22.29,85.85,1.5,2.42,15.74,33.58
2024-11-05,Madurai,9.9252,78.1198,Irrigated,25.21,29.78,21.47,83.64,1.4,0.75,22.38,33.49
2024-11-06,Madurai,9.9252,78.1198,Irrigated,25.81,30.67,21.53,78.79,1.52,0.05,20.48,33.41
2024-11-07,Madurai,9.9252,78.1198,Irrigated,25.44,28.64,22.28,85.53,1.56,2.57,15.81,33.32
2024-11-08,Madurai,9.9252,78.1198,Irrigated,25.84,29.5,23.05,88.25,1.88,4.0,8.46,33.24
2024-11-09,Madurai,9.9252,78.1198,Irrigated,25.63,30.04,22.63,84.9,2.09,1.42,14.29,33.16
2024-11-10,Madurai,9.9252,78.1198,Irrigated,25.02,30.05,20.8,82.2,2.26,0.0,22.13,33.08
2024-11-11,Madurai,9.9252,78.1198,Irrigated,25.18,30.24,20.61,80.65,1.93,0.0,21.49,33.0
2024-11-12,Madurai,9.9252,78.1198,Irrigated,25.71,30.34,22.06,80.11,1.71,0.13,18.9,32.92
2024-11-13,Madurai,9.9252,78.1198,Irrigated,25.35,28.43,23.03,90.56,1.6,0.53,12.65,32.84
2024-11-14,Madurai,9.9252,78.1198,Irrigated,25.68,28.65,23.9,90.66,1.85,7.49,14.26,32.76
2024-11-15,Madurai,9.9252,78.1198,Irrigated,25.06,28.13,22.9,90.3,1.77,6.54,10.48,32.68
2024-11-16,Madurai,9.9252,78.1198,Irrigated,25.05,28.82,21.98,90.24,1.81,7.83,15.65,32.61
2024-11-17,Madurai,9.9252,78.1198,Irrigated,25.71,29.74,22.92,88.56,2.29,7.22,15.44,32.53
2024-11-18,Madurai,9.9252,78.1198,Irrigated,25.13,29.46,22.18,88.42,2.53,6.12,13.46,32.46
2024-11-19,Madurai,9.9252,78.1198,Irrigated,25.07,29.44,22.35,87.48,2.77,7.8,7.09,32.39
2024-11-20,Madurai,9.9252,78.1198,Irrigated,24.07,28.03,21.59,88.68,2.86,6.15,3.13,32.32
2024-11-21,Madurai,9.9252,78.1198,Irrigated,24.29,29.04,20.86,86.03,2.24,5.08,6.81,32.25
2024-11-22,Madurai,9.9252,78.1198,Irrigated,24.1,28.16,20.87,86.37,1.69,0.23,17.24,32.18
2024-11-23,Madurai,9.9252,78.1198,Irrigated,24.72,29.2,20.93,86.31,2.34,0.03,13.76,32.11
2024-11-24,Madurai,9.9252,78.1198,Irrigated,24.8,29.32,21.75,87.36,2.11,0.01,10.5,32.03
2024-11-25,Madurai,9.9252,78.1198,Irrigated,23.87,27.05,21.24,84.83,2.02,0.01,10.03,31.96
2024-11-26,Madurai,9.9252,78.1198,Irrigated,23.44,26.22,21.57,89.98,2.61,11.46,3.98,31.9
2024-11-27,Madurai,9.9252,78.1198,Irrigated,23.71,26.33,21.98,90.3,2.9,5.2,3.38,31.84
2024-11-28,Madurai,9.9252,78.1198,Irrigated,24.15,27.82,21.26,81.44,2.3,1.3,8.94,31.78
2024-11-29,Madurai,9.9252,78.1198,Irrigated,24.38,28.13,21.83,84.45,2.65,3.63,9.16,31.73
2024-11-30,Madurai,9.9252,78.1198,Irrigated,25.1,28.65,22.84,89.13,1.84,1.84,10.97,31.67
2024-12-01,Madurai,9.9252,78.1198,Irrigated,26.1,29.61,23.66,86.39,2.37,3.81,7.04,31.62
2024-12-02,Madurai,9.9252,78.1198,Irrigated,25.88,30.1,23.37,89.06,2.33,11.83,16.91,31.58
2024-12-03,Madurai,9.9252,78.1198,Irrigated,26.17,30.97,22.86,86.41,1.69,1.04,17.87,31.54
2024-12-04,Madurai,9.9252,78.1198,Irrigated,25.48,29.88,22.04,85.78,1.4,1.35,17.66,31.49
2024-12-05,Madurai,9.9252,78.1198,Irrigated,25.19,29.27,22.06,87.05,1.15,1.41,17.14,31.46
2024-12-06,Madurai,9.9252,78.1198,Irrigated,25.26,29.62,21.72,86.36,1.52,0.14,19.58,31.42
2024-12-07,Madurai,9.9252,78.1198,Irrigated,25.42,30.11,22.07,85.83,1.56,0.04,19.57,31.38
2024-12-08,Madurai,9.9252,78.1198,Irrigated,24.62,28.28,21.28,86.75,1.31,0.07,18.77,31.34
2024-12-09,Madurai,9.9252,78.1198,Irrigated,25.17,30.28,20.89,83.38,1.53,0.01,17.5,31.31
2024-12-10,Madurai,9.9252,78.1198,Irrigated,25.04,29.9,21.44,83.01,1.85,0.0,17.27,31.28
2024-12-11,Madurai,9.9252,78.1198,Irrigated,24.38,28.07,21.91,87.92,2.42,3.41,9.48,31.25
2024-12-12,Madurai,9.9252,78.1198,Irrigated,23.9,26.48,22.26,92.39,2.98,43.68,8.12,31.23
2024-12-13,Madurai,9.9252,78.1198,Irrigated,24.19,26.09,22.78,95.53,3.23,48.14,10.01,31.21
2024-12-14,Madurai,9.9252,78.1198,Irrigated,23.98,27.91,21.24,90.2,2.85,17.15,8.09,31.19
2024-12-15,Madurai,9.9252,78.1198,Irrigated,22.59,27.14,19.08,86.01,2.39,0.95,20.68,31.17
2024-12-16,Madurai,9.9252,78.1198,Irrigated,22.53,26.34,19.99,86.52,1.93,0.0,15.66,31.16
2024-12-17,Madurai,9.9252,78.1198,Irrigated,24.19,29.06,19.97,82.32,1.64,0.0,14.35,31.15
2024-12-18,Madurai,9.9252,78.1198,Irrigated,25.16,30.19,20.48,83.22,1.23,0.0,17.73,31.14
2024-12-19,Madurai,9.9252,78.1198,Irrigated,25.94,30.01,22.02,82.81,0.92,0.0,15.19,31.14
2024-12-20,Madurai,9.9252,78.1198,Irrigated,26.56,30.95,22.79,80.38,0.75,0.05,18.04,31.14
2024-12-21,Madurai,9.9252,78.1198,Irrigated,26.15,30.54,22.06,82.28,1.03,1.76,17.81,31.14
2024-12-22,Madurai,9.9252,78.1198,Irrigated,25.13,28.71,22.63,87.96,1.37,4.87,17.4,31.14
2024-12-23,Madurai,9.9252,78.1198,Irrigated,24.78,29.03,21.75,84.69,1.05,1.63,14.01,31.14
2024-12-24,Madurai,9.9252,78.1198,Irrigated,25.13,29.96,20.51,77.93,0.61,0.03,19.6,31.14
2024-12-25,Madurai,9.9252,78.1198,Irrigated,24.96,29.55,20.61,80.77,0.97,0.0,19.36,31.16
2024-12-26,Madurai,9.9252,78.1198,Irrigated,25.31,30.08,21.89,85.88,1.59,0.06,15.57,31.18
2024-12-27,Madurai,9.9252,78.1198,Irrigated,24.85,29.63,21.54,89.21,2.22,4.06,15.51,31.2
2024-12-28,Madurai,9.9252,78.1198,Irrigated,23.93,28.34,21.06,85.81,2.26,0.43,17.33,31.23
2024-12-29,Madurai,9.9252,78.1198,Irrigated,24.16,28.94,20.05,85.52,2.37,0.13,19.14,31.26
2024-12-30,Madurai,9.9252,78.1198,Irrigated,24.25,28.01,21.48,89.8,2.77,2.63,11.09,31.29
2024-12-31,Madurai,9.9252,78.1198,Irrigated,24.4,28.76,21.62,88.12,3.56,1.85,12.3,31.33
