date,location,latitude,longitude,zone,T2M,T2M_MAX,T2M_MIN,RH2M,WS2M,PRECTOTCORR,ALLSKY_SFC_SW_DWN,TOA_SW_DWN
2005-01-01,Nagapattinam,10.7672,79.8449,Delta,25.18,26.57,24.1,79.57,3.46,0.43,15.61,30.84
2005-01-02,Nagapattinam,10.7672,79.8449,Delta,25.45,27.09,24.2,78.21,3.67,0.5,19.79,30.87
2005-01-03,Nagapattinam,10.7672,79.8449,Delta,25.57,27.35,24.4,76.91,3.51,0.46,18.8,30.91
2005-01-04,Nagapattinam,10.7672,79.8449,Delta,25.83,27.54,24.42,77.65,4.53,0.29,20.47,30.95
2005-01-05,Nagapattinam,10.7672,79.8449,Delta,25.73,27.23,24.61,76.07,4.66,0.3,18.27,31.0
2005-01-06,Nagapattinam,10.7672,79.8449,Delta,25.53,27.04,24.25,73.63,4.71,0.96,19.59,31.05
2005-01-07,Nagapattinam,10.7672,79.8449,Delta,26.06,27.68,24.84,75.46,5.21,1.78,19.06,31.1
2005-01-08,Nagapattinam,10.7672,79.8449,Delta,25.92,27.65,24.89,73.67,4.79,0.38,13.93,31.15
2005-01-09,Nagapattinam,10.7672,79.8449,Delta,25.49,26.96,24.55,74.46,4.9,0.31,15.7,31.21
2005-01-10,Nagapattinam,10.7672,79.8449,Delta,24.9,26.87,23.26,75.86,3.64,0.0,15.57,31.27
2005-01-11,Nagapattinam,10.7672,79.8449,Delta,24.55,27.04,22.77,74.59,2.52,0.0,16.16,31.33
2005-01-12,Nagapattinam,10.7672,79.8449,Delta,24.93,27.22,23.26,79.54,3.15,0.0,18.0,31.38
2005-01-13,Nagapattinam,10.7672,79.8449,Delta,25.14,27.14,23.37,76.46,4.23,0.0,18.79,31.43
2005-01-14,Nagapattinam,10.7672,79.8449,Delta,25.31,27.19,23.5,74.26,4.51,0.23,18.59,31.49
2005-01-15,Nagapattinam,10.7672,79.8449,Delta,25.13,26.92,23.71,69.91,4.22,1.49,19.68,31.55
2005-01-16,Nagapattinam,10.7672,79.8449,Delta,25.4,27.29,23.91,75.05,3.93,0.06,19.94,31.63
2005-01-17,Nagapattinam,10.7672,79.8449,Delta,25.83,27.88,23.92,75.39,3.32,0.33,19.12,31.71
2005-01-18,Nagapattinam,10.7672,79.8449,Delta,26.12,27.97,24.5,79.6,3.27,0.45,13.61,31.81
2005-01-19,Nagapattinam,10.7672,79.8449,Delta,26.51,28.44,24.86,81.01,4.13,0.25,18.78,31.9
2005-01-20,Nagapattinam,10.7672,79.8449,Delta,26.54,28.2,25.25,80.5,5.4,1.31,14.34,31.99
2005-01-21,Nagapattinam,10.7672,79.8449,Delta,26.78,28.21,25.84,78.71,5.93,3.07,10.41,32.07
2005-01-22,Nagapattinam,10.7672,79.8449,Delta,26.51,28.04,25.43,78.23,5.23,0.93,14.36,32.15
2005-01-23,Nagapattinam,10.7672,79.8449,Delta,26.4,28.09,25.2,77.97,4.14,0.36,20.4,32.24
2005-01-24,Nagapattinam,10.7672,79.8449,Delta,26.49,28.41,24.92,79.62,3.56,0.27,18.93,32.33
2005-01-25,Nagapattinam,10.7672,79.8449,Delta,26.35,28.54,24.76,78.37,3.5,0.02,20.52,32.41
2005-01-26,Nagapattinam,10.7672,79.8449,Delta,25.91,28.22,24.4,80.08,3.54,0.0,20.95,32.5
2005-01-27,Nagapattinam,10.7672,79.8449,Delta,25.73,27.89,24.18,79.04,3.41,0.01,19.77,32.6
2005-01-28,Nagapattinam,10.7672,79.8449,Delta,26.38,28.5,24.99,72.63,2.95,0.12,18.19,32.69
2005-01-29,Nagapattinam,10.7672,79.8449,Delta,26.27,28.3,24.82,74.04,3.46,0.26,20.33,32.78
2005-01-30,Nagapattinam,10.7672,79.8449,Delta,26.66,28.8,25.05,72.78,3.48,0.62,19.23,32.87
2005-01-31,Nagapattinam,10.7672,79.8449,Delta,26.58,28.4,25.34,76.47,3.72,0.66,17.67,32.96
2005-02-01,Nagapattinam,10.7672,79.8449,Delta,26.42,28.1,25.29,79.7,3.77,0.77,17.2,33.06
2005-02-02,Nagapattinam,10.7672,79.8449,Delta,26.41,28.17,25.2,77.62,4.27,0.35,18.44,33.15
2005-02-03,Nagapattinam,10.7672,79.8449,Delta,26.57,28.41,25.21,77.12,4.57,1.28,19.21,33.25
2005-02-04,Nagapattinam,10.7672,79.8449,Delta,26.6,28.5,25.22,75.93,4.55,0.53,20.08,33.35
2005-02-05,Nagapattinam,10.7672,79.8449,Delta,26.4,28.5,24.93,72.76,3.83,0.0,21.27,33.45
2005-02-06,Nagapattinam,10.7672,79.8449,Delta,26.06,28.63,24.35,71.79,4.14,0.0,22.07,33.55
2005-02-07,Nagapattinam,10.7672,79.8449,Delta,25.89,28.37,23.98,71.81,4.11,0.0,22.1,33.65
2005-02-08,Nagapattinam,10.7672,79.8449,Delta,26.24,28.43,24.41,73.68,4.78,0.0,21.86,33.75
2005-02-09,Nagapattinam,10.7672,79.8449,Delta,26.68,28.58,25.25,72.03,5.47,0.16,22.58,33.84
2005-02-10,Nagapattinam,10.7672,79.8449,Delta,27.18,29.44,25.62,69.59,5.44,0.0,22.38,33.94
2005-02-11,Nagapattinam,10.7672,79.8449,Delta,27.01,29.23,25.49,70.36,5.08,0.0,23.26,34.04
2005-02-12,Nagapattinam,10.7672,79.8449,Delta,26.6,28.97,24.78,67.79,5.14,0.0,23.1,34.13
2005-02-13,Nagapattinam,10.7672,79.8449,Delta,26.41,29.32,24.3,70.34,4.26,0.0,24.26,34.23
2005-02-14,Nagapattinam,10.7672,79.8449,Delta,26.18,29.36,23.77,69.49,2.92,0.0,24.49,34.33
2005-02-15,Nagapattinam,10.7672,79.8449,Delta,26.89,30.59,24.55,67.56,2.14,0.0,23.19,34.43
2005-02-16,Nagapattinam,10.7672,79.8449,Delta,26.84,30.35,23.97,71.76,3.22,0.0,24.17,34.53
2005-02-17,Nagapattinam,10.7672,79.8449,Delta,26.94,30.33,24.26,73.8,3.29,0.0,23.94,34.62
2005-02-18,Nagapattinam,10.7672,79.8449,Delta,26.69,29.99,24.16,75.21,2.88,0.0,23.96,34.72
2005-02-19,Nagapattinam,10.7672,79.8449,Delta,26.68,29.93,24.58,76.19,2.81,0.0,24.08,34.82
2005-02-20,Nagapattinam,10.7672,79.8449,Delta,26.64,29.55,24.4,75.86,3.36,0.0,22.66,34.92
2005-02-21,Nagapattinam,10.7672,79.8449,Delta,26.98,29.43,25.31,74.58,3.38,0.06,20.78,35.01
2005-02-22,Nagapattinam,10.7672,79.8449,Delta,27.58,30.02,25.57,75.11,3.54,0.51,20.55,35.11
2005-02-23,Nagapattinam,10.7672,79.8449,Delta,27.91,30.14,26.23,77.02,3.58,0.35,21.54,35.2
2005-02-24,Nagapattinam,10.7672,79.8449,Delta,27.81,30.23,25.91,76.88,3.81,0.02,22.15,35.29
2005-02-25,Nagapattinam,10.7672,79.8449,Delta,27.53,30.37,25.52,71.51,3.31,0.0,24.07,35.38
2005-02-26,Nagapattinam,10.7672,79.8449,Delta,27.43,30.33,25.53,69.72,2.92,0.0,24.58,35.47
2005-02-27,Nagapattinam,10.7672,79.8449,Delta,27.37,30.48,25.28,65.42,3.37,0.0,24.61,35.56
2005-02-28,Nagapattinam,10.7672,79.8449,Delta,27.22,30.14,24.9,70.15,3.36,0.0,25.13,35.64
2005-03-01,Nagapattinam,10.7672,79.8449,Delta,27.17,29.66,25.41,74.49,3.74,0.0,22.76,35.73
2005-03-02,Nagapattinam,10.7672,79.8449,Delta,27.35,30.17,25.49,73.26,3.47,0.0,24.31,35.81
2005-03-03,Nagapattinam,10.7672,79.8449,Delta,27.32,30.23,25.05,75.84,3.51,0.0,24.29,35.9
2005-03-04,Nagapattinam,10.7672,79.8449,Delta,27.86,30.57,25.56,75.42,3.38,0.09,24.06,35.98
2005-03-05,Nagapattinam,10.7672,79.8449,Delta,28.23,30.43,26.41,77.56,3.7,4.17,20.13,36.06
2005-03-06,Nagapattinam,10.7672,79.8449,Delta,28.03,29.8,26.76,75.72,3.59,0.94,22.28,36.14
2005-03-07,Nagapattinam,10.7672,79.8449,Delta,28.17,30.21,26.6,75.74,3.64,0.61,21.11,36.22
2005-03-08,Nagapattinam,10.7672,79.8449,Delta,28.45,30.21,26.94,72.52,3.43,0.79,23.91,36.3
2005-03-09,Nagapattinam,10.7672,79.8449,Delta,27.96,29.41,26.88,77.5,3.26,1.22,15.06,36.37
2005-03-10,Nagapattinam,10.7672,79.8449,Delta,28.22,30.46,26.61,73.75,2.49,0.86,20.91,36.44
2005-03-11,Nagapattinam,10.7672,79.8449,Delta,28.42,30.71,26.71,74.78,2.85,0.54,21.77,36.51
2005-03-12,Nagapattinam,10.7672,79.8449,Delta,28.85,31.22,26.67,73.72,3.44,0.45,22.4,36.57
2005-03-13,Nagapattinam,10.7672,79.8449,Delta,28.63,30.71,27.28,75.86,3.48,4.97,21.0,36.64
2005-03-14,Nagapattinam,10.7672,79.8449,Delta,28.09,30.4,26.51,75.08,3.12,0.26,22.25,36.71
2005-03-15,Nagapattinam,10.7672,79.8449,Delta,27.88,30.75,25.98,71.33,3.35,0.0,24.07,36.77
2005-03-16,Nagapattinam,10.7672,79.8449,Delta,27.87,30.73,25.88,69.74,3.33,0.0,24.95,36.84
2005-03-17,Nagapattinam,10.7672,79.8449,Delta,27.44,30.17,25.34,71.87,3.83,0.0,25.07,36.9
2005-03-18,Nagapattinam,10.7672,79.8449,Delta,27.68,30.54,25.45,72.41,2.94,0.13,25.56,36.96
2005-03-19,Nagapattinam,10.7672,79.8449,Delta,28.04,31.01,25.61,74.66,3.44,0.31,25.24,37.02
2005-03-20,Nagapattinam,10.7672,79.8449,Delta,28.54,31.22,26.54,72.72,3.17,0.11,23.77,37.08
2005-03-21,Nagapattinam,10.7672,79.8449,Delta,28.64,31.4,26.61,72.94,2.96,0.01,23.75,37.13
2005-03-22,Nagapattinam,10.7672,79.8449,Delta,28.71,31.68,26.25,71.22,3.12,0.0,22.0,37.18
2005-03-23,Nagapattinam,10.7672,79.8449,Delta,29.16,32.24,26.51,71.77,3.93,0.0,22.26,37.23
2005-03-24,Nagapattinam,10.7672,79.8449,Delta,29.92,32.57,27.87,72.56,4.37,0.28,22.18,37.27
2005-03-25,Nagapattinam,10.7672,79.8449,Delta,29.92,32.23,28.25,73.74,4.04,0.59,22.41,37.32
2005-03-26,Nagapattinam,10.7672,79.8449,Delta,29.9,32.03,28.38,73.43,3.26,0.48,18.77,37.36
2005-03-27,Nagapattinam,10.7672,79.8449,Delta,29.74,32.09,28.15,73.28,3.36,1.15,19.55,37.4
2005-03-28,Nagapattinam,10.7672,79.8449,Delta,29.64,32.28,27.75,68.54,3.21,0.0,21.82,37.44
2005-03-29,Nagapattinam,10.7672,79.8449,Delta,29.93,33.26,27.49,69.89,3.54,0.01,18.72,37.48
2005-03-30,Nagapattinam,10.7672,79.8449,Delta,30.26,32.72,28.52,73.77,3.77,0.04,19.84,37.52
2005-03-31,Nagapattinam,10.7672,79.8449,Delta,29.98,32.34,28.36,73.76,4.08,4.03,19.16,37.55
2005-04-01,Nagapattinam,10.7672,79.8449,Delta,29.74,32.36,27.85,74.04,3.46,0.27,22.0,37.58
2005-04-02,Nagapattinam,10.7672,79.8449,Delta,29.7,31.96,28.37,74.95,3.74,1.84,20.53,37.61
2005-04-03,Nagapattinam,10.7672,79.8449,Delta,28.02,28.85,27.28,84.55,4.96,15.6,7.49,37.64
2005-04-04,Nagapattinam,10.7672,79.8449,Delta,27.99,28.59,27.28,89.15,7.17,34.16,9.81,37.67
2005-04-05,Nagapattinam,10.7672,79.8449,Delta,27.73,28.56,26.85,87.38,4.72,17.59,5.81,37.69
2005-04-06,Nagapattinam,10.7672,79.8449,Delta,27.5,28.6,26.63,84.28,2.03,9.3,17.28,37.72
2005-04-07,Nagapattinam,10.7672,79.8449,Delta,27.87,29.44,26.78,84.21,3.87,7.16,17.88,37.74
2005-04-08,Nagapattinam,10.7672,79.8449,Delta,28.01,29.76,26.37,80.36,4.04,6.03,8.35,37.76
2005-04-09,Nagapattinam,10.7672,79.8449,Delta,28.72,30.73,27.3,79.86,3.65,5.53,14.74,37.78
2005-04-10,Nagapattinam,10.7672,79.8449,Delta,28.64,30.27,27.13,83.56,3.42,3.31,16.81,37.79
2005-04-11,Nagapattinam,10.7672,79.8449,Delta,28.51,29.75,27.5,85.88,3.7,2.38,17.47,37.81
2005-04-12,Nagapattinam,10.7672,79.8449,Delta,28.49,29.66,27.39,85.57,3.14,0.73,19.83,37.82
2005-04-13,Nagapattinam,10.7672,79.8449,Delta,28.73,30.18,27.37,79.9,2.73,0.32,24.08,37.83
2005-04-14,Nagapattinam,10.7672,79.8449,Delta,28.88,30.81,27.34,77.63,2.29,0.2,25.14,37.84
2005-04-15,Nagapattinam,10.7672,79.8449,Delta,29.21,31.4,27.47,75.13,2.48,0.09,24.82,37.85
2005-04-16,Nagapattinam,10.7672,79.8449,Delta,29.34,31.9,27.2,74.85,2.57,0.27,25.24,37.85
2005-04-17,Nagapattinam,10.7672,79.8449,Delta,29.61,32.36,27.17,72.45,2.77,0.37,25.87,37.86
2005-04-18,Nagapattinam,10.7672,79.8449,Delta,29.67,32.04,27.52,76.68,2.99,1.93,24.51,37.86
2005-04-19,Nagapattinam,10.7672,79.8449,Delta,29.52,31.43,28.08,77.69,2.85,3.41,23.57,37.86
2005-04-20,Nagapattinam,10.7672,79.8449,Delta,28.83,30.29,27.44,79.12,2.76,8.09,11.5,37.86
2005-04-21,Nagapattinam,10.7672,79.8449,Delta,28.86,31.13,27.3,73.32,2.71,0.71,24.41,37.86
2005-04-22,Nagapattinam,10.7672,79.8449,Delta,28.73,30.06,27.46,76.09,2.12,0.28,25.32,37.86
2005-04-23,Nagapattinam,10.7672,79.8449,Delta,29.17,30.95,27.57,77.46,2.84,1.53,23.23,37.85
2005-04-24,Nagapattinam,10.7672,79.8449,Delta,29.72,31.79,28.03,74.82,3.03,0.36,23.62,37.85
2005-04-25,Nagapattinam,10.7672,79.8449,Delta,29.85,31.34,28.62,74.68,2.48,0.42,23.28,37.84
2005-04-26,Nagapattinam,10.7672,79.8449,Delta,30.24,32.16,28.52,71.18,2.5,0.17,25.09,37.83
2005-04-27,Nagapattinam,10.7672,79.8449,Delta,30.63,33.13,28.52,71.33,2.76,0.73,23.88,37.82
2005-04-28,Nagapattinam,10.7672,79.8449,Delta,30.82,33.23,28.97,73.69,3.01,0.98,25.2,37.79
2005-04-29,Nagapattinam,10.7672,79.8449,Delta,31.04,33.48,28.93,73.41,3.38,2.15,24.85,37.78
2005-04-30,Nagapattinam,10.7672,79.8449,Delta,30.52,32.15,29.16,75.56,3.93,4.64,21.84,37.76
2005-05-01,Nagapattinam,10.7672,79.8449,Delta,30.34,32.22,28.71,75.47,3.26,5.92,21.44,37.75
2005-05-02,Nagapattinam,10.7672,79.8449,Delta,29.55,30.62,28.61,79.9,2.97,6.81,17.06,37.74
2005-05-03,Nagapattinam,10.7672,79.8449,Delta,29.73,31.77,28.23,78.86,3.34,5.63,24.55,37.74
2005-05-04,Nagapattinam,10.7672,79.8449,Delta,29.09,30.51,27.81,81.21,3.3,10.38,18.8,37.73
2005-05-05,Nagapattinam,10.7672,79.8449,Delta,29.44,31.44,27.49,76.97,2.94,2.14,18.04,37.72
2005-05-06,Nagapattinam,10.7672,79.8449,Delta,29.77,31.58,28.61,77.86,3.4,2.32,20.58,37.7
2005-05-07,Nagapattinam,10.7672,79.8449,Delta,30.56,33.75,28.41,74.22,4.0,1.19,23.66,37.69
2005-05-08,Nagapattinam,10.7672,79.8449,Delta,31.04,33.63,28.72,72.56,4.04,0.61,19.78,37.67
2005-05-09,Nagapattinam,10.7672,79.8449,Delta,31.22,33.93,29.0,72.87,4.62,2.12,22.3,37.64
2005-05-10,Nagapattinam,10.7672,79.8449,Delta,30.87,34.32,28.01,70.79,5.0,0.79,23.78,37.62
2005-05-11,Nagapattinam,10.7672,79.8449,Delta,30.78,33.01,28.64,73.31,4.81,0.76,24.0,37.6
2005-05-12,Nagapattinam,10.7672,79.8449,Delta,30.29,32.28,28.63,78.39,5.13,0.31,23.63,37.58
2005-05-13,Nagapattinam,10.7672,79.8449,Delta,30.49,33.34,28.52,75.99,5.34,0.23,23.93,37.56
2005-05-14,Nagapattinam,10.7672,79.8449,Delta,30.25,32.48,28.84,78.52,5.54,0.19,23.1,37.54
2005-05-15,Nagapattinam,10.7672,79.8449,Delta,30.3,32.86,28.43,78.0,5.87,0.32,23.33,37.52
2005-05-16,Nagapattinam,10.7672,79.8449,Delta,30.15,32.8,28.26,75.73,5.23,0.04,24.34,37.5
2005-05-17,Nagapattinam,10.7672,79.8449,Delta,30.44,33.46,28.1,73.72,5.0,0.01,24.58,37.48
2005-05-18,Nagapattinam,10.7672,79.8449,Delta,30.63,33.92,28.12,71.89,4.66,0.02,23.63,37.46
2005-05-19,Nagapattinam,10.7672,79.8449,Delta,30.5,33.24,28.22,73.57,4.23,0.05,24.77,37.44
2005-05-20,Nagapattinam,10.7672,79.8449,Delta,30.58,33.14,28.61,75.21,4.6,0.14,23.4,37.42
2005-05-21,Nagapattinam,10.7672,79.8449,Delta,30.73,33.5,28.64,74.81,4.76,0.39,23.03,37.4
2005-05-22,Nagapattinam,10.7672,79.8449,Delta,30.36,32.42,28.86,78.76,4.29,0.78,22.17,37.38
2005-05-23,Nagapattinam,10.7672,79.8449,Delta,30.38,32.87,28.68,78.81,4.4,0.51,22.62,37.36
2005-05-24,Nagapattinam,10.7672,79.8449,Delta,30.32,32.42,28.69,78.75,4.77,0.61,23.07,37.34
2005-05-25,Nagapattinam,10.7672,79.8449,Delta,30.2,32.29,28.53,80.28,4.18,1.01,20.34,37.31
2005-05-26,Nagapattinam,10.7672,79.8449,Delta,30.33,32.51,28.76,78.88,3.59,4.36,22.99,37.29
2005-05-27,Nagapattinam,10.7672,79.8449,Delta,30.03,31.52,28.67,77.64,2.72,4.83,20.64,37.27
2005-05-28,Nagapattinam,10.7672,79.8449,Delta,30.08,32.1,28.53,75.89,3.96,3.64,22.19,37.25
2005-05-29,Nagapattinam,10.7672,79.8449,Delta,29.7,31.85,27.7,75.68,3.63,5.54,20.88,37.23
2005-05-30,Nagapattinam,10.7672,79.8449,Delta,29.49,31.01,28.09,78.33,4.21,5.08,20.88,37.22
2005-05-31,Nagapattinam,10.7672,79.8449,Delta,30.3,32.64,28.34,74.44,5.01,1.73,22.37,37.2
2005-06-01,Nagapattinam,10.7672,79.8449,Delta,30.62,33.3,28.21,73.81,5.66,1.41,24.18,37.18
2005-06-02,Nagapattinam,10.7672,79.8449,Delta,30.95,33.61,28.63,72.55,5.87,0.93,23.5,37.16
2005-06-03,Nagapattinam,10.7672,79.8449,Delta,30.31,31.98,28.71,76.33,3.8,1.44,22.95,37.14
2005-06-04,Nagapattinam,10.7672,79.8449,Delta,30.23,32.21,28.8,79.23,4.66,1.85,21.92,37.12
2005-06-05,Nagapattinam,10.7672,79.8449,Delta,29.84,31.74,28.52,78.53,5.44,2.45,18.51,37.1
2005-06-06,Nagapattinam,10.7672,79.8449,Delta,29.44,31.13,28.15,78.95,5.65,1.23,22.07,37.08
2005-06-07,Nagapattinam,10.7672,79.8449,Delta,29.86,31.95,28.15,78.6,4.91,1.24,22.59,37.06
2005-06-08,Nagapattinam,10.7672,79.8449,Delta,30.14,32.34,28.35,78.94,6.02,1.06,22.76,37.04
2005-06-09,Nagapattinam,10.7672,79.8449,Delta,29.35,31.96,27.31,79.4,6.36,3.92,18.18,37.02
2005-06-10,Nagapattinam,10.7672,79.8449,Delta,28.91,31.08,26.89,74.84,5.22,2.26,11.56,37.0
2005-06-11,Nagapattinam,10.7672,79.8449,Delta,30.14,33.04,27.49,73.65,5.1,0.98,22.94,36.99
2005-06-12,Nagapattinam,10.7672,79.8449,Delta,30.78,34.06,28.4,70.08,5.23,0.45,22.54,36.98
2005-06-13,Nagapattinam,10.7672,79.8449,Delta,30.19,33.11,27.8,73.33,6.01,0.65,23.33,36.98
2005-06-14,Nagapattinam,10.7672,79.8449,Delta,30.49,33.11,28.09,69.22,4.82,0.74,21.98,36.97
2005-06-15,Nagapattinam,10.7672,79.8449,Delta,30.47,33.15,27.75,70.16,4.53,0.36,23.98,36.96
2005-06-16,Nagapattinam,10.7672,79.8449,Delta,30.73,33.13,28.3,69.28,4.76,0.38,22.18,36.95
2005-06-17,Nagapattinam,10.7672,79.8449,Delta,30.46,33.35,28.47,69.5,6.31,0.17,23.6,36.94
2005-06-18,Nagapattinam,10.7672,79.8449,Delta,30.22,32.8,27.94,68.49,6.2,0.38,20.5,36.94
2005-06-19,Nagapattinam,10.7672,79.8449,Delta,30.2,32.68,27.93,69.5,5.73,0.36,21.31,36.93
2005-06-20,Nagapattinam,10.7672,79.8449,Delta,29.58,31.44,27.97,72.8,5.57,0.58,19.13,36.93
2005-06-21,Nagapattinam,10.7672,79.8449,Delta,29.4,31.34,27.72,72.41,5.45,1.03,11.09,36.93
2005-06-22,Nagapattinam,10.7672,79.8449,Delta,30.35,33.43,27.71,66.36,5.69,1.55,17.04,36.92
2005-06-23,Nagapattinam,10.7672,79.8449,Delta,30.43,33.28,27.51,63.14,4.47,0.12,20.0,36.92
2005-06-24,Nagapattinam,10.7672,79.8449,Delta,30.67,33.55,27.95,67.63,4.39,0.38,23.02,36.92
2005-06-25,Nagapattinam,10.7672,79.8449,Delta,30.65,33.65,28.29,69.46,5.02,0.88,20.01,36.92
2005-06-26,Nagapattinam,10.7672,79.8449,Delta,30.79,33.51,28.58,68.4,5.0,0.97,23.21,36.92
2005-06-27,Nagapattinam,10.7672,79.8449,Delta,30.43,32.92,27.93,68.25,5.17,0.74,14.58,36.92
2005-06-28,Nagapattinam,10.7672,79.8449,Delta,30.12,32.89,27.71,68.04,5.47,0.27,21.01,36.92
2005-06-29,Nagapattinam,10.7672,79.8449,Delta,29.76,32.59,27.19,67.56,5.88,0.02,20.06,36.92
2005-06-30,Nagapattinam,10.7672,79.8449,Delta,30.17,33.33,27.24,68.14,5.19,0.06,22.95,36.92
2005-07-01,Nagapattinam,10.7672,79.8449,Delta,30.1,31.97,28.26,71.5,4.96,0.55,21.86,36.92
2005-07-02,Nagapattinam,10.7672,79.8449,Delta,30.05,32.47,27.98,70.52,4.53,0.77,24.18,36.91
2005-07-03,Nagapattinam,10.7672,79.8449,Delta,30.06,31.93,27.98,71.03,4.89,0.66,23.28,36.91
2005-07-04,Nagapattinam,10.7672,79.8449,Delta,29.83,31.58,28.05,72.55,5.7,1.51,21.14,36.92
2005-07-05,Nagapattinam,10.7672,79.8449,Delta,29.9,31.9,27.93,71.36,5.92,1.3,19.02,36.93
2005-07-06,Nagapattinam,10.7672,79.8449,Delta,29.94,32.03,28.23,69.43,5.9,0.52,17.85,36.93
2005-07-07,Nagapattinam,10.7672,79.8449,Delta,30.1,33.08,27.37,66.11,5.42,0.94,21.07,36.94
2005-07-08,Nagapattinam,10.7672,79.8449,Delta,30.14,32.43,28.16,70.0,5.38,0.55,20.65,36.95
2005-07-09,Nagapattinam,10.7672,79.8449,Delta,30.56,33.38,28.48,66.88,5.87,0.85,19.95,36.96
2005-07-10,Nagapattinam,10.7672,79.8449,Delta,29.91,32.61,27.53,67.24,6.32,0.54,21.01,36.97
2005-07-11,Nagapattinam,10.7672,79.8449,Delta,30.26,33.59,27.22,66.71,5.1,0.34,22.2,36.98
2005-07-12,Nagapattinam,10.7672,79.8449,Delta,29.97,32.37,27.93,68.76,4.01,0.86,22.79,36.99
2005-07-13,Nagapattinam,10.7672,79.8449,Delta,29.5,31.47,27.85,75.59,3.9,2.11,22.21,37.01
2005-07-14,Nagapattinam,10.7672,79.8449,Delta,28.98,30.99,27.35,75.96,2.93,5.36,16.96,37.02
2005-07-15,Nagapattinam,10.7672,79.8449,Delta,28.04,29.65,26.78,80.73,3.02,3.39,12.84,37.03
2005-07-16,Nagapattinam,10.7672,79.8449,Delta,28.15,29.94,26.58,81.7,3.13,4.28,16.04,37.04
2005-07-17,Nagapattinam,10.7672,79.8449,Delta,28.73,30.74,26.88,78.3,3.61,1.44,20.69,37.06
2005-07-18,Nagapattinam,10.7672,79.8449,Delta,29.67,32.34,27.26,72.32,3.93,0.15,23.97,37.07
2005-07-19,Nagapattinam,10.7672,79.8449,Delta,30.01,32.44,27.75,73.26,4.16,1.21,23.68,37.08
2005-07-20,Nagapattinam,10.7672,79.8449,Delta,29.97,32.59,27.88,72.26,4.62,2.34,24.12,37.09
2005-07-21,Nagapattinam,10.7672,79.8449,Delta,30.13,32.43,27.68,71.17,4.83,1.92,23.22,37.11
2005-07-22,Nagapattinam,10.7672,79.8449,Delta,30.15,33.2,27.55,68.99,5.33,2.95,17.68,37.12
2005-07-23,Nagapattinam,10.7672,79.8449,Delta,29.65,31.9,27.46,72.63,5.68,9.52,17.49,37.14
2005-07-24,Nagapattinam,10.7672,79.8449,Delta,29.97,33.2,26.89,68.68,6.41,1.53,20.85,37.15
2005-07-25,Nagapattinam,10.7672,79.8449,Delta,29.82,32.9,27.43,66.17,8.09,1.32,17.8,37.16
2005-07-26,Nagapattinam,10.7672,79.8449,Delta,30.29,33.77,27.3,64.49,7.88,0.27,20.26,37.18
2005-07-27,Nagapattinam,10.7672,79.8449,Delta,30.06,32.88,27.47,68.21,7.2,0.98,20.91,37.19
2005-07-28,Nagapattinam,10.7672,79.8449,Delta,29.9,32.87,27.24,68.36,6.49,0.58,22.49,37.21
2005-07-29,Nagapattinam,10.7672,79.8449,Delta,29.89,32.42,27.63,66.84,6.99,0.58,21.1,37.22
2005-07-30,Nagapattinam,10.7672,79.8449,Delta,30.04,33.53,27.01,65.97,7.12,0.75,17.86,37.23
2005-07-31,Nagapattinam,10.7672,79.8449,Delta,30.43,33.95,27.58,66.42,7.09,0.21,21.13,37.24
2005-08-01,Nagapattinam,10.7672,79.8449,Delta,30.09,33.51,27.37,65.73,7.35,0.83,18.79,37.25
2005-08-02,Nagapattinam,10.7672,79.8449,Delta,30.04,33.27,27.64,64.5,7.07,0.74,20.05,37.27
2005-08-03,Nagapattinam,10.7672,79.8449,Delta,30.04,33.44,26.79,62.46,5.98,0.02,20.6,37.27
2005-08-04,Nagapattinam,10.7672,79.8449,Delta,29.86,32.91,27.03,66.04,5.59,0.02,22.7,37.29
2005-08-05,Nagapattinam,10.7672,79.8449,Delta,30.31,33.61,26.92,64.73,4.76,0.11,22.71,37.29
2005-08-06,Nagapattinam,10.7672,79.8449,Delta,30.86,34.27,27.43,61.51,4.54,0.0,24.91,37.3
2005-08-07,Nagapattinam,10.7672,79.8449,Delta,31.03,34.52,27.63,61.2,4.27,0.02,24.84,37.31
2005-08-08,Nagapattinam,10.7672,79.8449,Delta,30.67,34.14,27.53,62.35,4.6,0.2,23.73,37.32
2005-08-09,Nagapattinam,10.7672,79.8449,Delta,30.5,33.61,27.92,63.98,4.39,0.52,13.12,37.33
2005-08-10,Nagapattinam,10.7672,79.8449,Delta,30.46,33.71,27.99,65.63,4.06,1.3,21.97,37.34
2005-08-11,Nagapattinam,10.7672,79.8449,Delta,30.43,32.95,27.89,68.09,4.45,3.3,22.14,37.35
2005-08-12,Nagapattinam,10.7672,79.8449,Delta,29.91,32.98,27.4,70.2,4.41,4.26,22.21,37.36
2005-08-13,Nagapattinam,10.7672,79.8449,Delta,30.25,33.62,27.53,67.07,4.61,0.73,22.66,37.36
2005-08-14,Nagapattinam,10.7672,79.8449,Delta,30.13,33.04,28.04,68.06,5.06,1.74,22.42,37.36
2005-08-15,Nagapattinam,10.7672,79.8449,Delta,29.92,32.78,27.75,68.07,4.59,2.45,20.39,37.37
2005-08-16,Nagapattinam,10.7672,79.8449,Delta,29.81,32.08,27.81,66.47,4.72,1.37,17.26,37.37
2005-08-17,Nagapattinam,10.7672,79.8449,Delta,30.52,33.98,27.53,63.44,4.24,0.25,22.12,37.38
2005-08-18,Nagapattinam,10.7672,79.8449,Delta,30.52,33.23,27.68,63.94,3.54,0.27,19.83,37.38
2005-08-19,Nagapattinam,10.7672,79.8449,Delta,30.42,32.62,28.36,66.04,4.11,0.33,23.14,37.38
2005-08-20,Nagapattinam,10.7672,79.8449,Delta,30.35,33.22,27.96,64.91,3.9,0.18,22.66,37.38
2005-08-21,Nagapattinam,10.7672,79.8449,Delta,30.55,33.23,28.55,64.62,4.13,0.1,23.98,37.38
2005-08-22,Nagapattinam,10.7672,79.8449,Delta,29.92,31.53,28.48,69.91,3.38,0.96,23.96,37.37
2005-08-23,Nagapattinam,10.7672,79.8449,Delta,29.6,31.43,27.99,72.48,4.43,2.38,22.81,37.37
2005-08-24,Nagapattinam,10.7672,79.8449,Delta,29.49,31.95,27.63,73.19,4.49,5.12,23.36,37.37
2005-08-25,Nagapattinam,10.7672,79.8449,Delta,29.34,31.11,27.75,73.65,3.34,6.71,22.72,37.37
2005-08-26,Nagapattinam,10.7672,79.8449,Delta,28.32,29.74,27.01,79.24,2.54,6.14,24.26,37.36
2005-08-27,Nagapattinam,10.7672,79.8449,Delta,28.53,30.38,27.13,78.81,3.55,1.89,24.0,37.35
2005-08-28,Nagapattinam,10.7672,79.8449,Delta,29.37,31.45,27.39,75.89,3.28,2.55,23.98,37.34
2005-08-29,Nagapattinam,10.7672,79.8449,Delta,29.62,31.86,27.66,74.15,4.02,1.99,23.3,37.33
2005-08-30,Nagapattinam,10.7672,79.8449,Delta,30.08,33.07,27.55,72.36,3.25,0.84,24.23,37.31
2005-08-31,Nagapattinam,10.7672,79.8449,Delta,30.44,32.87,28.63,71.8,3.28,6.08,22.91,37.29
2005-09-01,Nagapattinam,10.7672,79.8449,Delta,29.6,31.11,27.92,76.22,2.43,2.18,22.15,37.28
2005-09-02,Nagapattinam,10.7672,79.8449,Delta,29.33,31.21,28.0,79.72,3.34,6.17,20.29,37.26
2005-09-03,Nagapattinam,10.7672,79.8449,Delta,28.62,30.24,26.95,81.97,3.6,4.21,18.35,37.24
2005-09-04,Nagapattinam,10.7672,79.8449,Delta,28.79,30.79,27.38,82.57,3.53,5.84,18.69,37.22
2005-09-05,Nagapattinam,10.7672,79.8449,Delta,28.64,30.72,27.08,79.07,4.29,3.19,17.46,37.19
2005-09-06,Nagapattinam,10.7672,79.8449,Delta,28.39,30.77,26.75,78.92,4.6,6.14,12.73,37.17
2005-09-07,Nagapattinam,10.7672,79.8449,Delta,28.37,30.75,26.26,79.57,4.05,12.4,14.45,37.14
2005-09-08,Nagapattinam,10.7672,79.8449,Delta,28.91,30.98,26.94,77.03,4.8,1.2,21.68,37.12
2005-09-09,Nagapattinam,10.7672,79.8449,Delta,29.08,31.91,26.73,76.65,5.38,1.57,22.54,37.08
2005-09-10,Nagapattinam,10.7672,79.8449,Delta,28.8,30.87,27.16,77.19,6.01,5.28,17.2,37.05
2005-09-11,Nagapattinam,10.7672,79.8449,Delta,29.07,32.23,26.54,74.02,5.51,4.32,15.91,37.01
2005-09-12,Nagapattinam,10.7672,79.8449,Delta,28.95,31.69,26.73,75.6,5.86,1.47,21.03,36.97
2005-09-13,Nagapattinam,10.7672,79.8449,Delta,29.09,31.55,26.9,74.13,5.26,0.6,21.85,36.94
2005-09-14,Nagapattinam,10.7672,79.8449,Delta,28.59,30.66,27.07,78.61,5.38,1.73,19.73,36.9
2005-09-15,Nagapattinam,10.7672,79.8449,Delta,28.97,31.26,27.42,75.65,4.72,7.6,16.75,36.87
2005-09-16,Nagapattinam,10.7672,79.8449,Delta,28.52,30.94,26.62,80.72,4.51,2.47,23.05,36.84
2005-09-17,Nagapattinam,10.7672,79.8449,Delta,29.16,32.07,26.83,74.0,3.82,1.16,23.48,36.81
2005-09-18,Nagapattinam,10.7672,79.8449,Delta,30.03,33.08,27.07,68.46,4.11,0.14,24.94,36.78
2005-09-19,Nagapattinam,10.7672,79.8449,Delta,29.8,33.28,26.22,65.85,6.35,0.05,21.7,36.73
2005-09-20,Nagapattinam,10.7672,79.8449,Delta,29.52,33.01,26.63,69.44,6.64,0.22,20.44,36.68
2005-09-21,Nagapattinam,10.7672,79.8449,Delta,29.76,33.09,27.02,69.96,5.92,0.05,24.23,36.62
2005-09-22,Nagapattinam,10.7672,79.8449,Delta,29.56,32.9,26.86,71.78,4.64,0.17,22.88,36.57
2005-09-23,Nagapattinam,10.7672,79.8449,Delta,29.2,32.14,27.25,74.69,4.62,0.67,21.83,36.52
2005-09-24,Nagapattinam,10.7672,79.8449,Delta,29.33,32.21,27.11,74.02,4.55,1.0,22.75,36.47
2005-09-25,Nagapattinam,10.7672,79.8449,Delta,29.4,32.14,27.26,73.99,3.58,1.15,23.49,36.41
2005-09-26,Nagapattinam,10.7672,79.8449,Delta,29.21,31.21,27.34,75.12,2.78,0.85,20.96,36.36
2005-09-27,Nagapattinam,10.7672,79.8449,Delta,28.95,31.14,27.5,75.54,2.95,1.3,22.56,36.3
2005-09-28,Nagapattinam,10.7672,79.8449,Delta,28.68,30.82,26.98,77.56,2.13,9.08,19.57,36.24
2005-09-29,Nagapattinam,10.7672,79.8449,Delta,28.96,31.6,26.86,76.57,2.73,3.13,22.23,36.18
2005-09-30,Nagapattinam,10.7672,79.8449,Delta,29.0,30.72,27.39,76.46,1.8,4.48,19.3,36.11
2005-10-01,Nagapattinam,10.7672,79.8449,Delta,29.09,30.73,27.17,74.44,2.54,1.4,20.3,36.05
2005-10-02,Nagapattinam,10.7672,79.8449,Delta,28.72,30.08,27.33,75.37,2.66,3.04,18.51,35.98
2005-10-03,Nagapattinam,10.7672,79.8449,Delta,29.24,31.75,26.78,72.71,2.56,1.36,22.04,35.91
2005-10-04,Nagapattinam,10.7672,79.8449,Delta,29.28,31.36,27.46,75.22,2.15,5.12,20.59,35.84
2005-10-05,Nagapattinam,10.7672,79.8449,Delta,29.08,31.26,27.31,75.45,2.06,0.43,20.79,35.78
2005-10-06,Nagapattinam,10.7672,79.8449,Delta,29.13,31.05,27.6,74.55,2.05,0.65,20.34,35.71
2005-10-07,Nagapattinam,10.7672,79.8449,Delta,28.88,30.61,27.55,73.15,2.31,2.18,19.15,35.63
2005-10-08,Nagapattinam,10.7672,79.8449,Delta,28.83,30.92,27.46,72.96,1.59,8.52,19.37,35.56
2005-10-09,Nagapattinam,10.7672,79.8449,Delta,28.68,30.67,27.12,74.49,2.35,5.01,18.03,35.49
2005-10-10,Nagapattinam,10.7672,79.8449,Delta,27.53,28.76,26.67,82.12,3.63,13.2,17.52,35.41
2005-10-11,Nagapattinam,10.7672,79.8449,Delta,27.34,29.01,26.38,85.39,2.72,26.26,16.26,35.33
2005-10-12,Nagapattinam,10.7672,79.8449,Delta,27.04,28.5,26.08,87.3,3.93,16.09,11.15,35.26
2005-10-13,Nagapattinam,10.7672,79.8449,Delta,27.55,29.6,26.13,84.44,6.13,10.29,14.3,35.18
2005-10-14,Nagapattinam,10.7672,79.8449,Delta,28.11,30.49,26.05,80.5,5.2,5.02,19.27,35.1
2005-10-15,Nagapattinam,10.7672,79.8449,Delta,28.57,30.16,27.38,81.34,3.85,1.41,20.92,35.01
2005-10-16,Nagapattinam,10.7672,79.8449,Delta,28.42,29.76,27.05,81.91,2.53,1.23,19.94,34.93
2005-10-17,Nagapattinam,10.7672,79.8449,Delta,28.1,29.29,27.16,81.86,1.74,2.59,17.41,34.84
2005-10-18,Nagapattinam,10.7672,79.8449,Delta,27.72,29.02,26.76,81.01,2.75,10.95,6.97,34.76
2005-10-19,Nagapattinam,10.7672,79.8449,Delta,27.51,29.42,26.44,82.97,4.23,10.87,18.08,34.67
2005-10-20,Nagapattinam,10.7672,79.8449,Delta,28.06,30.11,26.08,80.95,3.04,7.45,18.34,34.58
2005-10-21,Nagapattinam,10.7672,79.8449,Delta,27.75,29.01,26.82,85.02,2.24,15.44,18.11,34.5
2005-10-22,Nagapattinam,10.7672,79.8449,Delta,27.55,28.77,26.51,84.07,1.31,10.04,19.11,34.41
2005-10-23,Nagapattinam,10.7672,79.8449,Delta,27.76,29.36,26.67,85.5,3.02,12.54,20.34,34.32
2005-10-24,Nagapattinam,10.7672,79.8449,Delta,27.19,27.97,26.25,81.95,2.42,22.4,10.33,34.23
2005-10-25,Nagapattinam,10.7672,79.8449,Delta,26.83,27.56,26.19,84.51,2.47,26.38,8.49,34.14
2005-10-26,Nagapattinam,10.7672,79.8449,Delta,27.04,28.86,25.48,83.54,5.04,11.47,12.44,34.04
2005-10-27,Nagapattinam,10.7672,79.8449,Delta,27.03,29.53,25.1,84.55,5.1,14.66,9.88,33.95
2005-10-28,Nagapattinam,10.7672,79.8449,Delta,27.47,29.84,25.49,84.38,5.15,2.32,20.77,33.86
2005-10-29,Nagapattinam,10.7672,79.8449,Delta,28.08,29.98,26.28,83.27,4.11,1.11,21.73,33.77
2005-10-30,Nagapattinam,10.7672,79.8449,Delta,28.2,30.03,27.01,83.34,3.99,2.44,19.56,33.68
2005-10-31,Nagapattinam,10.7672,79.8449,Delta,27.82,28.84,27.07,85.99,3.52,1.69,18.06,33.59
2005-11-01,Nagapattinam,10.7672,79.8449,Delta,27.55,28.67,26.73,86.67,2.2,4.05,19.39,33.5
2005-11-02,Nagapattinam,10.7672,79.8449,Delta,27.02,28.21,26.03,86.17,1.93,10.31,16.39,33.41
2005-11-03,Nagapattinam,10.7672,79.8449,Delta,26.56,27.51,25.72,86.82,4.18,8.91,14.31,33.32
2005-11-04,Nagapattinam,10.7672,79.8449,Delta,26.49,27.21,26.06,89.13,4.3,22.63,2.57,33.23
2005-11-05,Nagapattinam,10.7672,79.8449,Delta,26.89,27.66,26.2,86.77,5.28,23.96,7.97,33.14
2005-11-06,Nagapattinam,10.7672,79.8449,Delta,26.9,27.48,26.46,88.68,6.6,47.19,4.9,33.05
2005-11-07,Nagapattinam,10.7672,79.8449,Delta,26.81,27.31,26.31,90.91,7.07,45.88,1.97,32.96
2005-11-08,Nagapattinam,10.7672,79.8449,Delta,26.63,26.84,26.39,91.36,5.02,32.56,4.26,32.87
2005-11-09,Nagapattinam,10.7672,79.8449,Delta,27.03,27.67,26.42,90.53,4.76,12.63,7.99,32.78
2005-11-10,Nagapattinam,10.7672,79.8449,Delta,26.23,26.66,25.79,90.88,4.17,7.74,11.36,32.69
2005-11-11,Nagapattinam,10.7672,79.8449,Delta,26.76,27.7,26.0,90.38,3.54,9.58,14.6,32.61
2005-11-12,Nagapattinam,10.7672,79.8449,Delta,26.57,27.24,25.94,88.79,4.99,22.55,5.62,32.52
2005-11-13,Nagapattinam,10.7672,79.8449,Delta,25.72,26.36,25.17,82.04,5.03,1.91,7.64,32.43
2005-11-14,Nagapattinam,10.7672,79.8449,Delta,25.94,27.6,24.23,82.91,4.79,1.51,17.67,32.34
2005-11-15,Nagapattinam,10.7672,79.8449,Delta,26.1,27.32,25.08,80.91,4.84,0.01,13.78,32.26
2005-11-16,Nagapattinam,10.7672,79.8449,Delta,25.55,27.22,24.02,73.35,4.5,0.0,20.7,32.17
2005-11-17,Nagapattinam,10.7672,79.8449,Delta,25.6,27.15,23.99,72.75,4.32,0.0,19.73,32.09
2005-11-18,Nagapattinam,10.7672,79.8449,Delta,26.06,27.68,24.69,75.63,4.47,0.53,20.46,32.01
2005-11-19,Nagapattinam,10.7672,79.8449,Delta,25.96,27.08,24.78,81.91,5.18,2.41,14.84,31.93
2005-11-20,Nagapattinam,10.7672,79.8449,Delta,25.71,26.56,25.1,87.54,5.91,11.37,4.95,31.85
2005-11-21,Nagapattinam,10.7672,79.8449,Delta,26.1,27.39,24.05,90.32,6.22,33.46,4.07,31.78
2005-11-22,Nagapattinam,10.7672,79.8449,Delta,27.11,27.59,26.63,89.47,6.33,23.77,8.88,31.71
2005-11-23,Nagapattinam,10.7672,79.8449,Delta,26.55,27.04,26.03,88.66,6.7,59.72,9.08,31.64
2005-11-24,Nagapattinam,10.7672,79.8449,Delta,25.83,26.18,25.63,88.67,5.38,43.25,8.85,31.57
2005-11-25,Nagapattinam,10.7672,79.8449,Delta,26.47,27.57,25.75,83.19,4.12,22.97,15.73,31.51
2005-11-26,Nagapattinam,10.7672,79.8449,Delta,26.25,27.27,25.42,83.1,4.51,4.49,18.13,31.44
2005-11-27,Nagapattinam,10.7672,79.8449,Delta,26.2,27.23,25.43,84.95,4.92,3.57,13.54,31.38
2005-11-28,Nagapattinam,10.7672,79.8449,Delta,25.82,26.87,24.92,79.36,5.29,0.33,16.36,31.32
2005-11-29,Nagapattinam,10.7672,79.8449,Delta,25.25,26.5,24.2,79.97,5.14,0.35,17.2,31.26
2005-11-30,Nagapattinam,10.7672,79.8449,Delta,24.98,26.89,22.91,84.55,5.0,1.08,20.24,31.2
2005-12-01,Nagapattinam,10.7672,79.8449,Delta,25.49,27.42,23.56,82.92,4.6,0.97,19.09,31.14
2005-12-02,Nagapattinam,10.7672,79.8449,Delta,25.38,26.92,24.07,89.25,4.96,12.61,16.92,31.08
2005-12-03,Nagapattinam,10.7672,79.8449,Delta,25.89,27.18,24.85,89.71,4.28,18.46,14.69,31.03
2005-12-04,Nagapattinam,10.7672,79.8449,Delta,26.39,27.31,25.58,87.46,3.96,9.42,15.62,30.99
2005-12-05,Nagapattinam,10.7672,79.8449,Delta,26.24,27.35,25.06,86.86,4.29,3.95,16.12,30.95
2005-12-06,Nagapattinam,10.7672,79.8449,Delta,26.33,27.57,25.44,80.35,5.01,0.48,18.86,30.91
2005-12-07,Nagapattinam,10.7672,79.8449,Delta,25.59,26.93,24.35,80.75,5.61,0.01,19.06,30.87
2005-12-08,Nagapattinam,10.7672,79.8449,Delta,24.61,26.04,23.14,82.74,6.18,0.41,20.36,30.83
2005-12-09,Nagapattinam,10.7672,79.8449,Delta,24.83,26.48,22.82,89.11,6.65,15.31,8.34,30.8
2005-12-10,Nagapattinam,10.7672,79.8449,Delta,25.75,26.49,24.93,92.36,6.17,16.36,1.91,30.77
2005-12-11,Nagapattinam,10.7672,79.8449,Delta,25.92,26.44,25.54,90.42,4.25,9.35,15.04,30.74
2005-12-12,Nagapattinam,10.7672,79.8449,Delta,26.08,26.78,25.49,90.86,4.15,8.37,14.59,30.71
2005-12-13,Nagapattinam,10.7672,79.8449,Delta,26.17,26.93,25.57,88.63,5.2,8.89,15.16,30.68
2005-12-14,Nagapattinam,10.7672,79.8449,Delta,25.87,27.02,25.06,85.23,5.36,2.04,15.43,30.66
2005-12-15,Nagapattinam,10.7672,79.8449,Delta,25.22,26.06,24.59,83.41,5.42,0.92,15.3,30.65
2005-12-16,Nagapattinam,10.7672,79.8449,Delta,25.17,26.49,24.24,82.77,6.48,0.54,14.76,30.63
2005-12-17,Nagapattinam,10.7672,79.8449,Delta,25.06,25.91,23.73,91.02,6.25,12.52,12.06,30.62
2005-12-18,Nagapattinam,10.7672,79.8449,Delta,25.86,26.95,24.99,91.39,6.34,11.47,11.96,30.61
2005-12-19,Nagapattinam,10.7672,79.8449,Delta,24.93,26.05,23.75,90.75,6.25,5.83,13.39,30.61
2005-12-20,Nagapattinam,10.7672,79.8449,Delta,25.2,27.11,23.85,91.74,5.54,6.96,17.94,30.6
2005-12-21,Nagapattinam,10.7672,79.8449,Delta,25.66,27.19,24.51,89.98,5.15,2.27,15.92,30.6
2005-12-22,Nagapattinam,10.7672,79.8449,Delta,25.66,27.37,24.08,87.6,3.73,1.12,18.06,30.61
2005-12-23,Nagapattinam,10.7672,79.8449,Delta,25.43,26.9,24.2,85.32,2.82,0.15,12.57,30.61
2005-12-24,Nagapattinam,10.7672,79.8449,Delta,25.39,26.95,24.34,83.51,2.51,0.01,17.9,30.63
2005-12-25,Nagapattinam,10.7672,79.8449,Delta,25.1,26.37,24.03,82.85,3.53,0.02,17.74,30.64
2005-12-26,Nagapattinam,10.7672,79.8449,Delta,24.92,26.52,23.75,75.72,4.12,0.0,17.73,30.66
2005-12-27,Nagapattinam,10.7672,79.8449,Delta,25.03,26.73,23.73,72.42,3.94,0.08,17.81,30.68
2005-12-28,Nagapattinam,10.7672,79.8449,Delta,24.9,26.37,23.59,79.74,3.74,0.49,17.09,30.7
2005-12-29,Nagapattinam,10.7672,79.8449,Delta,24.75,26.36,23.51,74.88,3.71,0.08,14.98,30.72
2005-12-30,Nagapattinam,10.7672,79.8449,Delta,24.83,26.47,23.41,70.5,3.43,0.01,19.95,30.75
2005-12-31,Nagapattinam,10.7672,79.8449,Delta,25.28,26.83,24.11,71.09,4.67,0.44,18.27,30.78
2006-01-01,Nagapattinam,10.7672,79.8449,Delta,25.26,26.71,24.25,72.07,4.95,0.46,18.31,30.82
2006-01-02,Nagapattinam,10.7672,79.8449,Delta,24.75,26.24,23.64,76.45,4.68,0.41,16.76,30.86
2006-01-03,Nagapattinam,10.7672,79.8449,Delta,24.86,26.07,23.79,82.57,4.57,0.15,16.34,30.9
2006-01-04,Nagapattinam,10.7672,79.8449,Delta,24.98,26.34,23.65,85.94,4.87,0.83,13.41,30.94
2006-01-05,Nagapattinam,10.7672,79.8449,Delta,25.23,26.27,24.33,87.9,4.97,3.86,6.63,30.98
2006-01-06,Nagapattinam,10.7672,79.8449,Delta,25.03,26.23,24.1,83.73,4.71,0.05,17.46,31.03
2006-01-07,Nagapattinam,10.7672,79.8449,Delta,25.5,26.48,24.66,89.6,4.9,3.9,14.55,31.08
2006-01-08,Nagapattinam,10.7672,79.8449,Delta,25.13,25.68,24.62,92.24,4.34,3.78,14.35,31.14
2006-01-09,Nagapattinam,10.7672,79.8449,Delta,25.56,26.79,24.52,90.45,4.37,2.03,14.35,31.19
2006-01-10,Nagapattinam,10.7672,79.8449,Delta,25.39,26.85,23.8,83.2,5.15,0.18,15.96,31.25
2006-01-11,Nagapattinam,10.7672,79.8449,Delta,24.93,26.37,23.73,81.65,5.0,0.3,11.96,31.31
2006-01-12,Nagapattinam,10.7672,79.8449,Delta,25.07,26.56,24.25,83.86,5.06,0.33,15.91,31.38
2006-01-13,Nagapattinam,10.7672,79.8449,Delta,25.0,26.14,24.12,83.52,4.73,0.76,15.2,31.44
2006-01-14,Nagapattinam,10.7672,79.8449,Delta,25.07,26.33,24.12,86.68,3.93,1.08,12.84,31.51
2006-01-15,Nagapattinam,10.7672,79.8449,Delta,25.27,26.7,24.25,87.44,3.93,1.08,16.16,31.58
2006-01-16,Nagapattinam,10.7672,79.8449,Delta,25.35,26.92,24.29,83.72,3.55,0.27,15.95,31.65
2006-01-17,Nagapattinam,10.7672,79.8449,Delta,24.82,26.52,23.38,82.7,3.1,0.0,18.03,31.73
2006-01-18,Nagapattinam,10.7672,79.8449,Delta,24.04,25.96,22.54,83.35,3.31,0.0,21.91,31.8
2006-01-19,Nagapattinam,10.7672,79.8449,Delta,23.74,25.69,22.29,78.35,2.38,0.0,21.74,31.88
2006-01-20,Nagapattinam,10.7672,79.8449,Delta,23.48,25.42,21.84,78.35,1.84,0.0,22.49,31.96
2006-01-21,Nagapattinam,10.7672,79.8449,Delta,23.85,25.89,22.03,78.92,1.9,0.0,22.44,32.04
2006-01-22,Nagapattinam,10.7672,79.8449,Delta,24.25,26.49,22.36,76.91,1.7,0.0,22.3,32.12
2006-01-23,Nagapattinam,10.7672,79.8449,Delta,24.39,26.7,22.68,67.95,1.32,0.0,22.23,32.21
2006-01-24,Nagapattinam,10.7672,79.8449,Delta,24.65,27.44,22.26,72.1,1.92,0.0,21.64,32.3
2006-01-25,Nagapattinam,10.7672,79.8449,Delta,24.85,26.62,23.52,79.4,3.22,0.0,19.71,32.39
2006-01-26,Nagapattinam,10.7672,79.8449,Delta,24.82,26.81,23.09,78.26,4.36,0.52,21.19,32.48
2006-01-27,Nagapattinam,10.7672,79.8449,Delta,25.38,26.88,24.1,78.62,5.85,1.8,16.24,32.57
2006-01-28,Nagapattinam,10.7672,79.8449,Delta,24.76,26.28,23.57,76.52,5.62,0.01,19.84,32.66
2006-01-29,Nagapattinam,10.7672,79.8449,Delta,24.43,26.27,23.24,70.54,4.5,0.0,21.16,32.75
2006-01-30,Nagapattinam,10.7672,79.8449,Delta,24.63,26.57,23.09,69.25,3.61,0.04,19.51,32.84
2006-01-31,Nagapattinam,10.7672,79.8449,Delta,24.93,26.79,23.48,70.86,4.2,0.2,17.21,32.94
2006-02-01,Nagapattinam,10.7672,79.8449,Delta,25.27,27.08,23.76,71.95,4.29,0.26,20.81,33.03
2006-02-02,Nagapattinam,10.7672,79.8449,Delta,25.35,26.97,23.98,76.35,4.11,0.41,21.79,33.13
2006-02-03,Nagapattinam,10.7672,79.8449,Delta,25.66,27.29,24.37,80.22,4.7,0.69,16.7,33.22
2006-02-04,Nagapattinam,10.7672,79.8449,Delta,26.14,27.74,24.97,81.81,5.38,0.26,16.96,33.32
2006-02-05,Nagapattinam,10.7672,79.8449,Delta,25.67,27.56,23.86,84.34,4.58,0.3,21.41,33.42
2006-02-06,Nagapattinam,10.7672,79.8449,Delta,25.07,27.34,23.44,75.17,4.47,0.0,22.43,33.52
2006-02-07,Nagapattinam,10.7672,79.8449,Delta,24.73,26.86,23.11,71.17,4.11,0.0,23.14,33.62
2006-02-08,Nagapattinam,10.7672,79.8449,Delta,24.72,26.72,22.99,73.36,4.34,0.0,18.63,33.72
2006-02-09,Nagapattinam,10.7672,79.8449,Delta,25.11,26.58,23.79,81.2,4.41,0.91,17.3,33.82
2006-02-10,Nagapattinam,10.7672,79.8449,Delta,25.42,27.23,24.11,80.6,4.85,0.54,20.31,33.92
2006-02-11,Nagapattinam,10.7672,79.8449,Delta,25.58,27.58,23.93,80.69,4.65,0.01,20.91,34.01
2006-02-12,Nagapattinam,10.7672,79.8449,Delta,25.42,27.34,23.87,73.3,4.6,0.0,21.08,34.11
2006-02-13,Nagapattinam,10.7672,79.8449,Delta,24.97,26.6,23.57,71.56,4.01,0.0,19.69,34.21
2006-02-14,Nagapattinam,10.7672,79.8449,Delta,24.56,27.1,22.24,70.53,2.71,0.0,23.27,34.31
2006-02-15,Nagapattinam,10.7672,79.8449,Delta,24.56,27.06,22.69,80.2,2.52,0.0,22.24,34.41
2006-02-16,Nagapattinam,10.7672,79.8449,Delta,25.07,27.75,22.93,78.66,2.3,0.0,23.66,34.51
2006-02-17,Nagapattinam,10.7672,79.8449,Delta,25.46,28.06,23.43,80.0,2.45,0.0,23.15,34.61
2006-02-18,Nagapattinam,10.7672,79.8449,Delta,25.63,28.14,23.65,81.08,2.56,0.0,23.57,34.7
2006-02-19,Nagapattinam,10.7672,79.8449,Delta,25.44,27.91,23.82,79.15,2.5,0.01,24.71,34.8
2006-02-20,Nagapattinam,10.7672,79.8449,Delta,25.51,28.28,23.59,77.64,3.03,0.0,24.85,34.9
2006-02-21,Nagapattinam,10.7672,79.8449,Delta,25.34,27.79,23.74,78.96,2.7,0.0,24.04,34.99
2006-02-22,Nagapattinam,10.7672,79.8449,Delta,25.23,27.88,23.2,75.03,2.48,0.0,24.84,35.08
2006-02-23,Nagapattinam,10.7672,79.8449,Delta,25.51,28.11,23.59,75.82,3.18,0.0,23.48,35.17
2006-02-24,Nagapattinam,10.7672,79.8449,Delta,26.0,28.45,24.02,74.52,3.21,0.0,24.2,35.26
2006-02-25,Nagapattinam,10.7672,79.8449,Delta,26.42,29.24,24.31,72.02,2.84,0.0,23.04,35.35
2006-02-26,Nagapattinam,10.7672,79.8449,Delta,26.36,28.81,24.02,81.56,2.64,0.0,18.31,35.44
2006-02-27,Nagapattinam,10.7672,79.8449,Delta,26.97,29.29,24.95,81.7,2.72,0.13,22.28,35.53
2006-02-28,Nagapattinam,10.7672,79.8449,Delta,27.23,28.84,25.92,81.84,2.94,0.04,21.23,35.62
2006-03-01,Nagapattinam,10.7672,79.8449,Delta,27.75,30.22,26.07,77.49,3.05,0.0,21.72,35.71
2006-03-02,Nagapattinam,10.7672,79.8449,Delta,27.85,29.67,26.3,83.4,3.54,4.87,17.75,35.79
2006-03-03,Nagapattinam,10.7672,79.8449,Delta,27.39,28.6,26.19,84.43,3.38,11.17,15.18,35.87
2006-03-04,Nagapattinam,10.7672,79.8449,Delta,27.28,29.36,25.84,81.79,2.56,2.52,16.73,35.96
2006-03-05,Nagapattinam,10.7672,79.8449,Delta,27.38,30.01,25.53,82.08,3.08,0.39,21.91,36.04
2006-03-06,Nagapattinam,10.7672,79.8449,Delta,27.4,29.79,25.57,78.99,3.23,0.58,22.78,36.12
2006-03-07,Nagapattinam,10.7672,79.8449,Delta,27.36,29.51,25.82,73.77,2.96,0.0,23.7,36.2
2006-03-08,Nagapattinam,10.7672,79.8449,Delta,27.41,29.45,25.66,77.91,3.06,0.25,22.68,36.27
2006-03-09,Nagapattinam,10.7672,79.8449,Delta,27.16,28.37,26.16,80.24,2.62,2.45,19.92,36.35
2006-03-10,Nagapattinam,10.7672,79.8449,Delta,27.6,29.42,26.21,76.91,2.72,0.24,22.01,36.42
2006-03-11,Nagapattinam,10.7672,79.8449,Delta,27.77,29.84,26.31,77.71,2.91,6.3,16.12,36.49
2006-03-12,Nagapattinam,10.7672,79.8449,Delta,26.99,27.96,26.27,80.23,2.75,3.21,21.93,36.56
2006-03-13,Nagapattinam,10.7672,79.8449,Delta,27.72,29.61,26.21,77.33,2.59,0.76,22.93,36.63
2006-03-14,Nagapattinam,10.7672,79.8449,Delta,27.8,30.02,25.97,76.45,3.15,0.01,21.52,36.7
2006-03-15,Nagapattinam,10.7672,79.8449,Delta,28.17,30.53,26.17,73.86,3.09,0.01,23.79,36.76
2006-03-16,Nagapattinam,10.7672,79.8449,Delta,28.19,30.22,26.57,74.02,2.54,0.02,20.26,36.83
2006-03-17,Nagapattinam,10.7672,79.8449,Delta,28.47,30.81,26.8,68.97,2.43,0.73,18.16,36.89
2006-03-18,Nagapattinam,10.7672,79.8449,Delta,28.59,31.01,26.94,68.23,3.02,0.0,23.43,36.95
2006-03-19,Nagapattinam,10.7672,79.8449,Delta,28.24,30.5,26.28,75.92,4.21,0.82,23.15,37.0
2006-03-20,Nagapattinam,10.7672,79.8449,Delta,28.1,30.67,26.21,70.19,3.91,0.0,24.2,37.06
2006-03-21,Nagapattinam,10.7672,79.8449,Delta,27.35,30.22,25.22,70.67,3.38,0.01,22.56,37.11
2006-03-22,Nagapattinam,10.7672,79.8449,Delta,27.49,30.74,24.8,64.17,2.32,0.0,25.73,37.16
2006-03-23,Nagapattinam,10.7672,79.8449,Delta,27.63,30.65,25.31,66.77,2.65,0.01,23.87,37.21
2006-03-24,Nagapattinam,10.7672,79.8449,Delta,28.49,32.12,25.3,69.03,3.11,0.0,24.96,37.26
2006-03-25,Nagapattinam,10.7672,79.8449,Delta,28.62,31.37,26.27,71.2,2.82,0.0,22.86,37.3
2006-03-26,Nagapattinam,10.7672,79.8449,Delta,28.68,31.48,26.47,73.19,2.93,0.3,24.07,37.35
2006-03-27,Nagapattinam,10.7672,79.8449,Delta,29.17,32.98,26.57,69.37,3.16,0.62,25.44,37.39
2006-03-28,Nagapattinam,10.7672,79.8449,Delta,28.81,31.66,26.6,75.14,3.04,0.16,24.62,37.43
2006-03-29,Nagapattinam,10.7672,79.8449,Delta,28.76,30.99,26.89,75.52,3.0,1.08,21.03,37.46
2006-03-30,Nagapattinam,10.7672,79.8449,Delta,29.03,31.35,27.51,73.21,3.16,0.61,22.0,37.5
2006-03-31,Nagapattinam,10.7672,79.8449,Delta,28.76,31.48,26.96,70.53,2.46,0.08,23.17,37.53
2006-04-01,Nagapattinam,10.7672,79.8449,Delta,28.79,31.54,26.68,73.14,3.02,0.0,25.47,37.56
2006-04-02,Nagapattinam,10.7672,79.8449,Delta,28.8,31.64,26.48,74.11,3.24,0.0,25.38,37.59
2006-04-03,Nagapattinam,10.7672,79.8449,Delta,28.84,31.72,26.53,70.21,3.34,0.01,24.1,37.61
2006-04-04,Nagapattinam,10.7672,79.8449,Delta,29.16,31.93,26.76,70.61,3.11,0.0,23.53,37.64
2006-04-05,Nagapattinam,10.7672,79.8449,Delta,29.73,32.32,27.38,73.09,3.48,0.04,23.73,37.67
2006-04-06,Nagapattinam,10.7672,79.8449,Delta,30.25,33.31,27.55,71.38,3.78,0.02,24.24,37.7
2006-04-07,Nagapattinam,10.7672,79.8449,Delta,30.37,33.88,27.63,71.36,3.76,0.04,24.6,37.73
2006-04-08,Nagapattinam,10.7672,79.8449,Delta,30.01,32.87,27.81,73.4,3.92,0.06,23.07,37.76
2006-04-09,Nagapattinam,10.7672,79.8449,Delta,29.53,32.02,27.67,74.6,3.95,0.05,23.9,37.77
2006-04-10,Nagapattinam,10.7672,79.8449,Delta,29.49,32.13,27.7,72.98,3.31,0.11,23.62,37.79
2006-04-11,Nagapattinam,10.7672,79.8449,Delta,29.73,32.45,27.61,71.98,3.2,0.06,23.2,37.8
2006-04-12,Nagapattinam,10.7672,79.8449,Delta,29.93,32.26,27.88,73.63,3.12,0.16,24.42,37.82
2006-04-13,Nagapattinam,10.7672,79.8449,Delta,30.26,32.57,28.18,73.1,3.72,0.63,25.06,37.83
2006-04-14,Nagapattinam,10.7672,79.8449,Delta,28.99,30.33,27.69,77.3,3.45,1.31,19.62,37.84
2006-04-15,Nagapattinam,10.7672,79.8449,Delta,28.69,30.78,26.65,73.51,2.26,2.04,16.6,37.85
2006-04-16,Nagapattinam,10.7672,79.8449,Delta,29.05,30.06,27.64,75.15,3.39,3.06,20.06,37.85
2006-04-17,Nagapattinam,10.7672,79.8449,Delta,28.69,30.09,27.68,79.03,3.21,10.05,19.24,37.86
2006-04-18,Nagapattinam,10.7672,79.8449,Delta,28.51,29.88,27.55,81.54,2.53,4.76,19.67,37.86
2006-04-19,Nagapattinam,10.7672,79.8449,Delta,29.32,31.69,27.36,75.69,2.7,1.34,22.44,37.86
2006-04-20,Nagapattinam,10.7672,79.8449,Delta,29.49,31.51,27.93,71.5,2.2,0.44,21.4,37.86
2006-04-21,Nagapattinam,10.7672,79.8449,Delta,29.64,32.25,27.83,65.61,2.02,0.44,21.45,37.86
2006-04-22,Nagapattinam,10.7672,79.8449,Delta,29.77,32.53,27.69,60.51,1.97,0.0,22.87,37.85
2006-04-23,Nagapattinam,10.7672,79.8449,Delta,30.25,33.32,27.92,61.36,2.08,0.0,25.27,37.85
2006-04-24,Nagapattinam,10.7672,79.8449,Delta,30.39,33.33,27.77,65.44,2.37,0.04,23.49,37.84
2006-04-25,Nagapattinam,10.7672,79.8449,Delta,30.99,34.6,28.01,69.36,3.46,0.02,22.24,37.84
2006-04-26,Nagapattinam,10.7672,79.8449,Delta,30.94,34.27,28.47,70.18,3.72,0.31,21.36,37.83
2006-04-27,Nagapattinam,10.7672,79.8449,Delta,31.39,35.25,28.71,71.12,4.6,0.35,23.57,37.82
2006-04-28,Nagapattinam,10.7672,79.8449,Delta,31.41,34.95,28.89,71.11,5.5,0.51,23.62,37.81
2006-04-29,Nagapattinam,10.7672,79.8449,Delta,31.48,34.87,29.02,68.15,4.96,0.28,23.74,37.8
2006-04-30,Nagapattinam,10.7672,79.8449,Delta,31.36,34.92,29.25,71.3,5.08,0.21,24.54,37.79
2006-05-01,Nagapattinam,10.7672,79.8449,Delta,31.11,34.62,29.06,71.12,5.18,1.17,24.3,37.78
2006-05-02,Nagapattinam,10.7672,79.8449,Delta,30.55,33.06,28.88,75.89,4.11,2.19,22.57,37.77
2006-05-03,Nagapattinam,10.7672,79.8449,Delta,29.26,30.73,27.96,82.19,3.18,3.35,19.57,37.76
2006-05-04,Nagapattinam,10.7672,79.8449,Delta,28.55,29.7,27.48,80.87,2.14,3.17,15.49,37.74
2006-05-05,Nagapattinam,10.7672,79.8449,Delta,28.83,30.63,27.85,79.54,4.37,2.18,17.03,37.73
2006-05-06,Nagapattinam,10.7672,79.8449,Delta,29.49,31.47,27.53,75.66,3.66,0.93,21.95,37.71
2006-05-07,Nagapattinam,10.7672,79.8449,Delta,29.85,31.9,28.17,77.72,4.45,0.54,22.72,37.69
2006-05-08,Nagapattinam,10.7672,79.8449,Delta,29.54,31.24,28.23,80.0,4.38,0.74,24.58,37.67
2006-05-09,Nagapattinam,10.7672,79.8449,Delta,29.58,31.58,27.7,78.56,4.08,0.63,25.14,37.66
2006-05-10,Nagapattinam,10.7672,79.8449,Delta,29.72,31.65,28.21,77.63,4.84,0.47,24.71,37.64
2006-05-11,Nagapattinam,10.7672,79.8449,Delta,30.37,33.14,28.18,76.13,4.78,0.63,23.96,37.62
2006-05-12,Nagapattinam,10.7672,79.8449,Delta,30.56,33.26,28.76,74.34,5.02,1.03,22.5,37.6
2006-05-13,Nagapattinam,10.7672,79.8449,Delta,30.07,32.04,28.7,78.92,4.41,1.34,23.58,37.58
2006-05-14,Nagapattinam,10.7672,79.8449,Delta,29.97,32.05,28.62,79.73,4.1,1.11,23.53,37.56
2006-05-15,Nagapattinam,10.7672,79.8449,Delta,30.34,32.6,28.54,78.13,4.7,0.69,23.98,37.54
2006-05-16,Nagapattinam,10.7672,79.8449,Delta,30.23,32.04,28.91,79.0,4.72,5.23,22.89,37.51
2006-05-17,Nagapattinam,10.7672,79.8449,Delta,30.29,32.64,28.26,75.0,5.42,1.64,22.82,37.49
2006-05-18,Nagapattinam,10.7672,79.8449,Delta,29.5,31.52,27.89,77.77,5.69,17.88,18.32,37.47
2006-05-19,Nagapattinam,10.7672,79.8449,Delta,29.05,31.05,26.69,78.17,5.39,5.67,13.69,37.44
2006-05-20,Nagapattinam,10.7672,79.8449,Delta,29.8,32.18,27.8,69.73,5.54,1.54,22.78,37.42
2006-05-21,Nagapattinam,10.7672,79.8449,Delta,29.93,31.73,27.88,70.87,4.48,0.73,22.6,37.4
2006-05-22,Nagapattinam,10.7672,79.8449,Delta,30.75,34.22,27.7,69.54,5.07,0.44,23.46,37.38
2006-05-23,Nagapattinam,10.7672,79.8449,Delta,30.89,34.27,28.01,69.35,5.85,0.87,25.19,37.36
2006-05-24,Nagapattinam,10.7672,79.8449,Delta,30.47,33.36,27.84,69.49,4.97,0.63,21.65,37.34
2006-05-25,Nagapattinam,10.7672,79.8449,Delta,29.91,31.97,27.62,70.93,4.21,1.88,22.18,37.32
2006-05-26,Nagapattinam,10.7672,79.8449,Delta,29.45,32.28,27.07,73.25,5.56,4.7,18.29,37.3
2006-05-27,Nagapattinam,10.7672,79.8449,Delta,29.19,31.86,26.99,71.2,6.43,2.62,18.92,37.28
2006-05-28,Nagapattinam,10.7672,79.8449,Delta,29.41,32.72,27.08,74.31,6.22,1.81,20.63,37.26
2006-05-29,Nagapattinam,10.7672,79.8449,Delta,29.78,33.04,27.44,72.14,6.69,0.47,22.4,37.24
2006-05-30,Nagapattinam,10.7672,79.8449,Delta,29.25,31.3,27.39,76.04,6.36,1.42,18.5,37.22
2006-05-31,Nagapattinam,10.7672,79.8449,Delta,29.4,31.62,27.46,73.66,6.42,0.44,21.16,37.2
2006-06-01,Nagapattinam,10.7672,79.8449,Delta,29.82,32.91,26.89,69.93,4.92,0.12,22.74,37.18
2006-06-02,Nagapattinam,10.7672,79.8449,Delta,29.92,32.54,27.63,71.43,5.06,0.84,22.89,37.16
2006-06-03,Nagapattinam,10.7672,79.8449,Delta,30.06,33.24,27.13,70.72,4.94,1.71,23.7,37.14
2006-06-04,Nagapattinam,10.7672,79.8449,Delta,29.54,31.94,27.81,72.32,4.99,2.15,17.26,37.12
2006-06-05,Nagapattinam,10.7672,79.8449,Delta,29.78,32.85,27.49,70.43,5.48,1.67,20.94,37.11
2006-06-06,Nagapattinam,10.7672,79.8449,Delta,29.8,32.18,27.59,71.2,4.97,1.0,17.98,37.09
2006-06-07,Nagapattinam,10.7672,79.8449,Delta,29.63,31.94,27.68,72.3,4.21,1.38,20.49,37.07
2006-06-08,Nagapattinam,10.7672,79.8449,Delta,29.5,32.1,27.3,70.55,4.34,0.42,23.07,37.05
2006-06-09,Nagapattinam,10.7672,79.8449,Delta,29.85,32.28,27.78,72.13,5.59,0.38,21.93,37.04
2006-06-10,Nagapattinam,10.7672,79.8449,Delta,29.49,31.78,27.68,72.46,5.41,0.39,22.85,37.03
2006-06-11,Nagapattinam,10.7672,79.8449,Delta,29.95,32.9,27.6,68.92,5.31,0.03,23.84,37.02
2006-06-12,Nagapattinam,10.7672,79.8449,Delta,30.19,33.61,27.21,67.53,4.87,0.03,25.21,37.0
2006-06-13,Nagapattinam,10.7672,79.8449,Delta,30.31,33.58,27.91,70.07,4.17,1.31,24.47,36.99
2006-06-14,Nagapattinam,10.7672,79.8449,Delta,29.44,31.66,28.07,73.05,3.38,1.27,22.09,36.98
2006-06-15,Nagapattinam,10.7672,79.8449,Delta,29.84,32.14,27.95,74.41,3.43,2.47,23.98,36.97
2006-06-16,Nagapattinam,10.7672,79.8449,Delta,29.72,31.51,28.3,75.85,3.99,1.88,23.47,36.96
2006-06-17,Nagapattinam,10.7672,79.8449,Delta,30.0,32.82,27.41,70.9,3.74,1.37,23.78,36.95
2006-06-18,Nagapattinam,10.7672,79.8449,Delta,29.99,32.13,28.08,71.8,4.23,1.35,21.32,36.94
2006-06-19,Nagapattinam,10.7672,79.8449,Delta,29.62,31.33,28.28,78.15,4.11,1.82,19.45,36.94
2006-06-20,Nagapattinam,10.7672,79.8449,Delta,29.01,31.05,27.68,76.73,4.05,3.45,18.47,36.93
2006-06-21,Nagapattinam,10.7672,79.8449,Delta,29.21,31.14,27.31,75.63,3.95,3.8,20.15,36.93
2006-06-22,Nagapattinam,10.7672,79.8449,Delta,29.26,30.86,27.4,76.62,4.21,2.01,21.54,36.92
2006-06-23,Nagapattinam,10.7672,79.8449,Delta,29.93,32.48,27.26,72.68,5.65,0.63,21.91,36.92
2006-06-24,Nagapattinam,10.7672,79.8449,Delta,30.36,33.66,27.48,69.66,5.07,0.23,21.8,36.92
2006-06-25,Nagapattinam,10.7672,79.8449,Delta,30.67,33.9,28.11,65.48,6.29,1.91,18.8,36.91
2006-06-26,Nagapattinam,10.7672,79.8449,Delta,30.19,32.93,27.45,68.63,3.92,0.7,19.2,36.91
2006-06-27,Nagapattinam,10.7672,79.8449,Delta,30.29,33.15,27.74,70.37,4.45,2.86,20.11,36.91
2006-06-28,Nagapattinam,10.7672,79.8449,Delta,29.79,32.14,27.68,72.1,4.84,14.19,12.58,36.91
2006-06-29,Nagapattinam,10.7672,79.8449,Delta,30.15,33.22,27.71,67.87,5.58,0.3,19.67,36.91
2006-06-30,Nagapattinam,10.7672,79.8449,Delta,29.92,31.84,27.54,69.34,5.04,0.71,15.85,36.91
2006-07-01,Nagapattinam,10.7672,79.8449,Delta,30.28,33.27,27.69,67.01,5.99,0.22,20.45,36.91
2006-07-02,Nagapattinam,10.7672,79.8449,Delta,29.97,33.08,27.42,66.36,7.05,1.83,18.56,36.92
2006-07-03,Nagapattinam,10.7672,79.8449,Delta,30.33,33.4,27.45,64.58,7.42,0.08,20.2,36.92
2006-07-04,Nagapattinam,10.7672,79.8449,Delta,30.21,32.9,27.85,64.59,7.78,0.02,18.52,36.92
2006-07-05,Nagapattinam,10.7672,79.8449,Delta,30.64,34.19,27.55,64.2,6.27,0.0,23.26,36.93
2006-07-06,Nagapattinam,10.7672,79.8449,Delta,30.77,33.92,27.38,63.05,5.72,0.0,20.0,36.94
2006-07-07,Nagapattinam,10.7672,79.8449,Delta,30.87,34.22,27.62,63.37,4.73,0.01,22.8,36.95
2006-07-08,Nagapattinam,10.7672,79.8449,Delta,31.16,34.6,27.89,65.16,4.61,0.13,22.95,36.96
2006-07-09,Nagapattinam,10.7672,79.8449,Delta,31.1,34.08,28.18,64.4,4.5,0.17,23.03,36.97
2006-07-10,Nagapattinam,10.7672,79.8449,Delta,30.53,32.85,28.1,65.67,5.11,0.13,21.63,36.98
2006-07-11,Nagapattinam,10.7672,79.8449,Delta,30.81,34.27,27.72,64.36,5.66,0.25,21.03,36.98
2006-07-12,Nagapattinam,10.7672,79.8449,Delta,29.72,31.5,28.03,67.47,5.75,0.7,18.46,36.99
2006-07-13,Nagapattinam,10.7672,79.8449,Delta,29.91,32.99,27.14,65.91,6.52,0.4,20.25,37.0
2006-07-14,Nagapattinam,10.7672,79.8449,Delta,29.46,32.12,27.27,69.75,5.99,4.64,20.53,37.01
2006-07-15,Nagapattinam,10.7672,79.8449,Delta,30.18,33.02,27.63,69.27,5.19,2.52,18.34,37.02
2006-07-16,Nagapattinam,10.7672,79.8449,Delta,30.56,33.29,27.69,66.15,5.49,0.68,20.06,37.04
2006-07-17,Nagapattinam,10.7672,79.8449,Delta,29.98,32.54,27.6,66.42,6.19,0.76,20.39,37.05
2006-07-18,Nagapattinam,10.7672,79.8449,Delta,30.05,33.43,26.91,67.15,5.75,3.16,22.91,37.06
2006-07-19,Nagapattinam,10.7672,79.8449,Delta,29.83,32.99,27.26,68.05,4.78,0.46,23.28,37.07
2006-07-20,Nagapattinam,10.7672,79.8449,Delta,30.16,33.26,27.38,67.78,4.55,0.47,21.53,37.08
2006-07-21,Nagapattinam,10.7672,79.8449,Delta,30.3,33.08,27.58,66.79,4.16,0.86,20.06,37.1
2006-07-22,Nagapattinam,10.7672,79.8449,Delta,30.2,32.88,28.1,65.71,4.3,0.27,20.73,37.11
2006-07-23,Nagapattinam,10.7672,79.8449,Delta,29.97,32.77,27.4,64.99,3.82,0.2,24.1,37.12
2006-07-24,Nagapattinam,10.7672,79.8449,Delta,29.78,32.0,28.22,67.32,3.47,0.14,23.64,37.14
2006-07-25,Nagapattinam,10.7672,79.8449,Delta,29.3,31.12,27.95,71.85,3.59,2.25,12.91,37.15
2006-07-26,Nagapattinam,10.7672,79.8449,Delta,28.84,30.79,27.1,70.73,3.68,4.98,12.7,37.17
2006-07-27,Nagapattinam,10.7672,79.8449,Delta,29.48,32.17,26.81,69.5,3.72,3.32,16.2,37.18
2006-07-28,Nagapattinam,10.7672,79.8449,Delta,29.79,33.55,26.65,61.85,5.12,2.22,17.51,37.19
2006-07-29,Nagapattinam,10.7672,79.8449,Delta,29.93,32.91,26.98,63.6,5.5,0.12,18.21,37.21
2006-07-30,Nagapattinam,10.7672,79.8449,Delta,30.49,33.59,27.2,64.02,5.38,0.09,22.32,37.22
2006-07-31,Nagapattinam,10.7672,79.8449,Delta,30.38,33.15,27.53,64.6,5.09,0.33,23.57,37.23
2006-08-01,Nagapattinam,10.7672,79.8449,Delta,30.12,32.81,27.4,65.48,4.74,0.06,15.36,37.25
2006-08-02,Nagapattinam,10.7672,79.8449,Delta,30.65,33.6,27.87,62.85,4.26,0.03,22.08,37.26
2006-08-03,Nagapattinam,10.7672,79.8449,Delta,30.55,33.71,27.69,62.19,5.62,0.93,20.02,37.27
2006-08-04,Nagapattinam,10.7672,79.8449,Delta,30.25,33.31,27.45,64.77,6.04,0.01,19.36,37.28
2006-08-05,Nagapattinam,10.7672,79.8449,Delta,30.02,33.24,27.28,65.41,5.6,0.0,21.44,37.29
2006-08-06,Nagapattinam,10.7672,79.8449,Delta,30.04,33.39,27.46,65.76,5.68,0.04,22.71,37.3
2006-08-07,Nagapattinam,10.7672,79.8449,Delta,29.82,33.29,27.48,68.27,5.68,0.13,23.58,37.31
2006-08-08,Nagapattinam,10.7672,79.8449,Delta,29.86,32.65,27.55,68.95,5.46,0.36,23.06,37.32
2006-08-09,Nagapattinam,10.7672,79.8449,Delta,30.07,33.09,27.35,66.54,5.44,1.25,23.07,37.33
2006-08-10,Nagapattinam,10.7672,79.8449,Delta,29.67,31.98,27.47,66.72,5.77,1.33,19.24,37.34
2006-08-11,Nagapattinam,10.7672,79.8449,Delta,29.55,32.46,27.04,70.05,6.47,0.76,21.27,37.34
2006-08-12,Nagapattinam,10.7672,79.8449,Delta,29.38,32.3,27.02,70.31,6.29,2.98,19.34,37.34
2006-08-13,Nagapattinam,10.7672,79.8449,Delta,30.16,33.44,27.17,65.85,6.16,0.58,20.79,37.34
2006-08-14,Nagapattinam,10.7672,79.8449,Delta,29.88,32.8,27.32,66.83,6.04,0.29,23.07,37.35
2006-08-15,Nagapattinam,10.7672,79.8449,Delta,29.9,33.01,27.35,66.87,6.07,1.15,22.49,37.35
2006-08-16,Nagapattinam,10.7672,79.8449,Delta,29.67,32.54,27.56,64.64,7.34,0.49,20.69,37.36
2006-08-17,Nagapattinam,10.7672,79.8449,Delta,30.16,33.6,27.18,62.82,5.84,0.01,21.84,37.36
2006-08-18,Nagapattinam,10.7672,79.8449,Delta,29.57,32.91,27.02,68.2,5.05,2.31,23.3,37.37
2006-08-19,Nagapattinam,10.7672,79.8449,Delta,29.39,32.35,27.16,72.4,4.42,0.24,23.9,37.37
2006-08-20,Nagapattinam,10.7672,79.8449,Delta,28.78,31.01,27.35,77.61,3.19,8.53,23.46,37.37
2006-08-21,Nagapattinam,10.7672,79.8449,Delta,27.89,29.11,26.92,83.3,3.1,6.97,21.46,37.37
2006-08-22,Nagapattinam,10.7672,79.8449,Delta,27.67,28.87,26.72,85.71,4.34,8.4,18.98,37.37
2006-08-23,Nagapattinam,10.7672,79.8449,Delta,27.94,29.55,26.6,81.8,3.52,9.41,20.25,37.36
2006-08-24,Nagapattinam,10.7672,79.8449,Delta,28.08,29.78,26.45,80.68,3.14,8.03,22.82,37.36
2006-08-25,Nagapattinam,10.7672,79.8449,Delta,28.57,30.56,26.8,79.43,4.85,4.46,21.32,37.35
2006-08-26,Nagapattinam,10.7672,79.8449,Delta,29.0,31.61,26.58,73.04,5.31,0.78,23.91,37.34
2006-08-27,Nagapattinam,10.7672,79.8449,Delta,28.84,31.83,26.35,69.86,5.63,0.0,24.35,37.33
2006-08-28,Nagapattinam,10.7672,79.8449,Delta,28.94,32.61,25.14,70.19,4.35,1.56,24.4,37.32
2006-08-29,Nagapattinam,10.7672,79.8449,Delta,29.6,33.09,26.58,70.34,4.03,1.53,19.79,37.32
2006-08-30,Nagapattinam,10.7672,79.8449,Delta,29.63,32.88,26.58,69.49,4.29,0.21,24.33,37.3
2006-08-31,Nagapattinam,10.7672,79.8449,Delta,29.41,31.99,27.08,72.04,3.65,1.03,21.81,37.29
2006-09-01,Nagapattinam,10.7672,79.8449,Delta,28.96,30.89,27.45,76.84,3.34,6.58,21.35,37.27
2006-09-02,Nagapattinam,10.7672,79.8449,Delta,28.69,30.36,27.11,79.24,2.52,5.66,23.14,37.25
2006-09-03,Nagapattinam,10.7672,79.8449,Delta,28.91,30.9,26.85,78.15,2.67,1.87,23.82,37.24
2006-09-04,Nagapattinam,10.7672,79.8449,Delta,28.93,30.53,27.66,79.33,4.21,1.8,16.97,37.22
2006-09-05,Nagapattinam,10.7672,79.8449,Delta,28.15,29.17,26.96,80.48,4.2,1.58,19.94,37.2
2006-09-06,Nagapattinam,10.7672,79.8449,Delta,28.79,30.47,27.17,77.0,3.2,1.04,21.4,37.18
2006-09-07,Nagapattinam,10.7672,79.8449,Delta,28.29,29.5,27.21,80.74,3.73,4.93,14.15,37.15
2006-09-08,Nagapattinam,10.7672,79.8449,Delta,27.97,29.62,26.8,79.71,3.38,4.97,17.28,37.12
2006-09-09,Nagapattinam,10.7672,79.8449,Delta,27.45,28.55,26.36,82.11,4.95,3.3,9.81,37.09
2006-09-10,Nagapattinam,10.7672,79.8449,Delta,28.35,30.42,26.41,77.32,5.81,0.96,19.67,37.06
2006-09-11,Nagapattinam,10.7672,79.8449,Delta,28.64,30.91,26.64,77.9,5.62,1.81,19.6,37.03
2006-09-12,Nagapattinam,10.7672,79.8449,Delta,29.14,31.84,26.65,74.99,4.92,0.34,23.11,37.0
2006-09-13,Nagapattinam,10.7672,79.8449,Delta,29.22,32.14,26.53,74.36,4.52,2.01,22.27,36.97
2006-09-14,Nagapattinam,10.7672,79.8449,Delta,27.81,29.35,26.21,76.33,5.74,1.3,18.52,36.93
2006-09-15,Nagapattinam,10.7672,79.8449,Delta,28.11,30.62,26.19,77.04,5.9,2.73,15.28,36.89
2006-09-16,Nagapattinam,10.7672,79.8449,Delta,27.7,29.58,26.3,83.01,6.78,7.38,17.54,36.85
2006-09-17,Nagapattinam,10.7672,79.8449,Delta,27.86,29.89,26.17,80.98,6.36,3.77,16.19,36.81
2006-09-18,Nagapattinam,10.7672,79.8449,Delta,28.24,30.17,26.3,79.27,6.33,1.05,19.38,36.77
2006-09-19,Nagapattinam,10.7672,79.8449,Delta,28.83,31.93,26.13,76.47,6.08,0.45,21.18,36.72
2006-09-20,Nagapattinam,10.7672,79.8449,Delta,28.62,31.32,26.53,78.63,6.46,1.17,19.47,36.68
2006-09-21,Nagapattinam,10.7672,79.8449,Delta,28.51,30.98,26.58,78.64,5.59,1.84,20.15,36.63
2006-09-22,Nagapattinam,10.7672,79.8449,Delta,28.58,31.06,26.29,76.13,5.0,0.11,21.61,36.58
2006-09-23,Nagapattinam,10.7672,79.8449,Delta,28.75,31.25,26.76,77.38,4.69,0.58,22.59,36.53
2006-09-24,Nagapattinam,10.7672,79.8449,Delta,27.77,28.9,26.7,83.93,4.93,4.15,16.37,36.47
2006-09-25,Nagapattinam,10.7672,79.8449,Delta,27.54,29.63,25.99,77.04,5.05,4.87,15.03,36.42
2006-09-26,Nagapattinam,10.7672,79.8449,Delta,27.68,31.23,25.19,76.48,3.93,1.85,15.17,36.36
2006-09-27,Nagapattinam,10.7672,79.8449,Delta,27.11,29.51,25.14,77.1,3.48,6.44,23.71,36.3
2006-09-28,Nagapattinam,10.7672,79.8449,Delta,28.58,31.55,26.22,76.63,2.5,3.19,21.77,36.24
2006-09-29,Nagapattinam,10.7672,79.8449,Delta,28.25,31.35,25.81,76.79,4.33,5.6,21.45,36.18
2006-09-30,Nagapattinam,10.7672,79.8449,Delta,29.11,32.37,26.0,73.52,4.13,1.24,22.84,36.12
2006-10-01,Nagapattinam,10.7672,79.8449,Delta,29.19,32.02,26.47,73.85,4.88,1.18,22.92,36.06
2006-10-02,Nagapattinam,10.7672,79.8449,Delta,29.29,32.48,26.41,72.66,4.27,1.1,24.05,36.0
2006-10-03,Nagapattinam,10.7672,79.8449,Delta,29.17,32.22,26.83,74.24,4.28,0.4,22.46,35.93
2006-10-04,Nagapattinam,10.7672,79.8449,Delta,29.14,31.96,27.03,76.61,4.68,2.39,22.03,35.86
2006-10-05,Nagapattinam,10.7672,79.8449,Delta,29.17,32.18,26.25,74.65,4.53,1.1,20.01,35.8
2006-10-06,Nagapattinam,10.7672,79.8449,Delta,29.17,32.1,26.67,75.31,4.82,2.07,20.03,35.72
2006-10-07,Nagapattinam,10.7672,79.8449,Delta,27.83,29.33,27.0,83.51,4.81,6.31,19.91,35.65
2006-10-08,Nagapattinam,10.7672,79.8449,Delta,28.43,31.01,26.28,81.54,4.42,4.85,19.6,35.58
2006-10-09,Nagapattinam,10.7672,79.8449,Delta,27.91,31.18,24.43,75.97,4.26,1.69,21.41,35.5
2006-10-10,Nagapattinam,10.7672,79.8449,Delta,28.55,30.98,26.42,76.73,3.91,1.14,20.37,35.42
2006-10-11,Nagapattinam,10.7672,79.8449,Delta,28.83,31.47,26.38,76.46,2.54,2.32,19.73,35.35
2006-10-12,Nagapattinam,10.7672,79.8449,Delta,28.59,31.25,26.88,77.46,2.71,0.73,19.25,35.27
2006-10-13,Nagapattinam,10.7672,79.8449,Delta,28.15,30.32,26.41,76.3,2.6,0.42,20.0,35.19
2006-10-14,Nagapattinam,10.7672,79.8449,Delta,28.22,30.32,26.47,75.13,2.4,0.29,18.8,35.1
2006-10-15,Nagapattinam,10.7672,79.8449,Delta,27.86,29.37,26.81,80.01,2.66,2.88,20.0,35.02
2006-10-16,Nagapattinam,10.7672,79.8449,Delta,27.87,29.49,26.61,82.15,3.13,4.83,16.79,34.94
2006-10-17,Nagapattinam,10.7672,79.8449,Delta,27.59,28.67,26.74,82.7,2.82,5.14,14.75,34.85
2006-10-18,Nagapattinam,10.7672,79.8449,Delta,28.36,30.01,26.99,81.53,3.7,5.57,15.61,34.77
2006-10-19,Nagapattinam,10.7672,79.8449,Delta,27.85,29.05,26.92,81.6,2.65,8.16,8.08,34.68
2006-10-20,Nagapattinam,10.7672,79.8449,Delta,27.7,29.29,26.58,81.97,2.83,8.78,17.9,34.59
2006-10-21,Nagapattinam,10.7672,79.8449,Delta,27.66,29.58,26.31,79.84,3.35,8.98,17.08,34.51
2006-10-22,Nagapattinam,10.7672,79.8449,Delta,27.77,29.52,26.69,81.77,4.3,4.36,15.69,34.42
2006-10-23,Nagapattinam,10.7672,79.8449,Delta,27.03,27.84,26.37,86.0,4.19,30.52,13.1,34.33
2006-10-24,Nagapattinam,10.7672,79.8449,Delta,26.97,27.85,26.4,87.07,4.29,18.1,13.05,34.24
2006-10-25,Nagapattinam,10.7672,79.8449,Delta,27.25,28.03,26.51,84.5,4.61,17.86,17.88,34.15
2006-10-26,Nagapattinam,10.7672,79.8449,Delta,27.43,28.61,26.73,83.86,4.58,24.97,12.48,34.06
2006-10-27,Nagapattinam,10.7672,79.8449,Delta,27.01,27.74,26.43,84.22,4.83,38.37,9.92,33.97
2006-10-28,Nagapattinam,10.7672,79.8449,Delta,26.94,28.27,25.73,82.9,3.01,22.16,4.95,33.88
2006-10-29,Nagapattinam,10.7672,79.8449,Delta,27.21,28.17,26.29,86.53,4.88,8.18,16.16,33.79
2006-10-30,Nagapattinam,10.7672,79.8449,Delta,27.17,28.23,26.28,85.84,3.78,5.86,11.9,33.7
2006-10-31,Nagapattinam,10.7672,79.8449,Delta,27.03,27.99,26.28,85.41,2.53,5.5,16.52,33.61
2006-11-01,Nagapattinam,10.7672,79.8449,Delta,26.69,27.74,26.0,84.08,2.38,6.37,17.36,33.51
2006-11-02,Nagapattinam,10.7672,79.8449,Delta,26.83,27.7,25.86,87.7,3.71,8.03,17.47,33.42
2006-11-03,Nagapattinam,10.7672,79.8449,Delta,26.56,27.19,26.05,85.69,3.56,11.69,9.72,33.33
2006-11-04,Nagapattinam,10.7672,79.8449,Delta,26.63,27.77,25.73,84.22,2.83,4.43,15.54,33.24
2006-11-05,Nagapattinam,10.7672,79.8449,Delta,26.95,28.13,25.99,86.0,3.12,2.78,17.44,33.15
2006-11-06,Nagapattinam,10.7672,79.8449,Delta,26.88,27.88,26.14,87.1,2.93,5.9,15.06,33.06
2006-11-07,Nagapattinam,10.7672,79.8449,Delta,26.04,26.55,25.54,90.0,3.67,10.74,10.31,32.98
2006-11-08,Nagapattinam,10.7672,79.8449,Delta,25.73,26.18,25.21,88.84,3.45,8.51,16.26,32.89
2006-11-09,Nagapattinam,10.7672,79.8449,Delta,25.98,26.77,25.18,87.15,2.85,6.33,12.89,32.8
2006-11-10,Nagapattinam,10.7672,79.8449,Delta,26.45,27.43,25.44,88.4,3.77,6.76,16.38,32.7
2006-11-11,Nagapattinam,10.7672,79.8449,Delta,26.87,27.76,26.34,85.07,4.17,4.52,8.22,32.61
2006-11-12,Nagapattinam,10.7672,79.8449,Delta,26.64,27.47,25.84,87.18,3.63,9.65,11.03,32.52
2006-11-13,Nagapattinam,10.7672,79.8449,Delta,26.74,27.97,25.66,83.62,3.81,11.16,13.36,32.43
2006-11-14,Nagapattinam,10.7672,79.8449,Delta,26.73,27.71,25.98,84.83,4.2,7.1,18.34,32.34
2006-11-15,Nagapattinam,10.7672,79.8449,Delta,26.51,27.17,25.83,86.84,4.54,14.09,8.25,32.26
2006-11-16,Nagapattinam,10.7672,79.8449,Delta,26.79,27.93,25.92,84.5,4.42,8.69,16.73,32.18
2006-11-17,Nagapattinam,10.7672,79.8449,Delta,26.82,27.56,26.15,86.69,4.31,17.74,6.88,32.11
2006-11-18,Nagapattinam,10.7672,79.8449,Delta,26.24,26.92,25.76,90.73,3.8,8.81,16.13,32.03
2006-11-19,Nagapattinam,10.7672,79.8449,Delta,26.65,27.86,25.56,87.51,3.64,4.76,16.75,31.96
2006-11-20,Nagapattinam,10.7672,79.8449,Delta,27.09,28.38,26.11,85.47,4.26,10.92,15.22,31.88
2006-11-21,Nagapattinam,10.7672,79.8449,Delta,26.81,27.8,26.19,85.47,4.8,10.04,13.75,31.8
2006-11-22,Nagapattinam,10.7672,79.8449,Delta,26.46,27.6,25.63,81.85,4.06,1.6,11.9,31.73
2006-11-23,Nagapattinam,10.7672,79.8449,Delta,26.41,28.08,25.17,76.71,3.65,0.15,19.28,31.66
2006-11-24,Nagapattinam,10.7672,79.8449,Delta,26.29,27.8,24.9,80.98,3.55,0.38,20.03,31.59
2006-11-25,Nagapattinam,10.7672,79.8449,Delta,26.88,28.39,25.82,82.74,3.66,1.55,18.18,31.52
2006-11-26,Nagapattinam,10.7672,79.8449,Delta,26.74,27.78,25.72,87.64,3.4,5.5,17.65,31.45
2006-11-27,Nagapattinam,10.7672,79.8449,Delta,27.09,28.07,26.35,84.59,3.59,4.7,17.4,31.39
2006-11-28,Nagapattinam,10.7672,79.8449,Delta,27.1,28.46,26.12,79.61,3.97,0.63,18.35,31.33
2006-11-29,Nagapattinam,10.7672,79.8449,Delta,27.07,28.38,26.26,78.87,4.79,0.73,18.07,31.27
2006-11-30,Nagapattinam,10.7672,79.8449,Delta,26.75,28.16,25.84,77.7,4.86,1.16,15.25,31.21
2006-12-01,Nagapattinam,10.7672,79.8449,Delta,26.58,28.07,25.56,74.44,4.76,0.65,16.03,31.15
2006-12-02,Nagapattinam,10.7672,79.8449,Delta,26.68,28.24,25.22,74.08,4.61,1.41,17.99,31.1
2006-12-03,Nagapattinam,10.7672,79.8449,Delta,26.82,28.36,25.86,75.37,5.37,3.58,15.59,31.05
2006-12-04,Nagapattinam,10.7672,79.8449,Delta,26.67,28.06,25.64,75.71,5.49,3.36,17.48,31.0
2006-12-05,Nagapattinam,10.7672,79.8449,Delta,26.3,27.57,25.35,75.45,5.48,0.53,16.53,30.96
2006-12-06,Nagapattinam,10.7672,79.8449,Delta,25.69,27.09,24.57,74.31,4.81,0.01,17.95,30.92
2006-12-07,Nagapattinam,10.7672,79.8449,Delta,25.88,27.38,24.72,76.13,5.04,0.05,17.12,30.88
2006-12-08,Nagapattinam,10.7672,79.8449,Delta,26.08,27.67,24.87,73.87,4.68,0.11,20.03,30.83
2006-12-09,Nagapattinam,10.7672,79.8449,Delta,26.08,27.6,24.91,78.08,4.79,1.65,19.21,30.79
2006-12-10,Nagapattinam,10.7672,79.8449,Delta,26.54,27.96,25.4,85.5,5.1,15.52,14.0,30.76
2006-12-11,Nagapattinam,10.7672,79.8449,Delta,26.59,27.87,25.38,85.31,4.35,17.74,13.02,30.73
2006-12-12,Nagapattinam,10.7672,79.8449,Delta,26.87,28.07,26.12,83.42,4.09,1.81,14.99,30.7
2006-12-13,Nagapattinam,10.7672,79.8449,Delta,26.78,28.14,25.9,78.64,5.09,0.21,15.2,30.68
2006-12-14,Nagapattinam,10.7672,79.8449,Delta,26.53,27.88,25.42,75.32,5.62,0.2,17.7,30.66
2006-12-15,Nagapattinam,10.7672,79.8449,Delta,26.29,27.54,25.4,75.6,5.53,0.65,16.45,30.64
2006-12-16,Nagapattinam,10.7672,79.8449,Delta,26.05,27.47,25.03,72.69,5.74,0.14,17.97,30.63
2006-12-17,Nagapattinam,10.7672,79.8449,Delta,26.03,27.44,25.05,72.49,5.17,2.31,16.9,30.62
2006-12-18,Nagapattinam,10.7672,79.8449,Delta,25.96,27.52,24.69,77.22,4.93,3.08,16.14,30.61
2006-12-19,Nagapattinam,10.7672,79.8449,Delta,25.82,27.34,24.75,81.93,5.53,1.54,14.87,30.6
2006-12-20,Nagapattinam,10.7672,79.8449,Delta,25.81,27.19,24.92,80.66,5.32,2.39,15.7,30.6
2006-12-21,Nagapattinam,10.7672,79.8449,Delta,26.11,27.37,25.3,78.75,5.68,2.83,12.82,30.6
2006-12-22,Nagapattinam,10.7672,79.8449,Delta,26.11,27.46,25.05,77.6,5.68,0.64,12.71,30.6
2006-12-23,Nagapattinam,10.7672,79.8449,Delta,25.86,27.32,24.82,77.6,5.42,0.92,12.93,30.61
2006-12-24,Nagapattinam,10.7672,79.8449,Delta,25.73,27.13,24.85,78.48,5.32,1.04,13.27,30.62
2006-12-25,Nagapattinam,10.7672,79.8449,Delta,25.64,27.02,24.73,74.37,5.35,0.74,16.91,30.64
2006-12-26,Nagapattinam,10.7672,79.8449,Delta,25.56,27.14,24.29,73.03,4.58,1.44,14.65,30.65
2006-12-27,Nagapattinam,10.7672,79.8449,Delta,25.75,27.26,24.71,72.54,4.35,0.58,16.66,30.67
2006-12-28,Nagapattinam,10.7672,79.8449,Delta,25.54,27.18,24.24,70.22,4.16,0.04,18.48,30.69
2006-12-29,Nagapattinam,10.7672,79.8449,Delta,25.01,26.75,23.62,71.13,4.12,0.0,19.47,30.72
2006-12-30,Nagapattinam,10.7672,79.8449,Delta,24.93,26.77,23.25,69.94,3.71,0.0,18.5,30.75
2006-12-31,Nagapattinam,10.7672,79.8449,Delta,25.29,27.0,24.07,73.03,3.84,0.67,13.32,30.78
2007-01-01,Nagapattinam,10.7672,79.8449,Delta,25.51,27.36,24.05,67.85,3.37,0.38,19.15,30.81
2007-01-02,Nagapattinam,10.7672,79.8449,Delta,25.28,26.81,24.17,69.61,3.8,0.0,16.75,30.85
2007-01-03,Nagapattinam,10.7672,79.8449,Delta,24.92,26.53,23.63,70.73,3.37,0.0,13.39,30.88
2007-01-04,Nagapattinam,10.7672,79.8449,Delta,24.83,26.93,23.26,69.32,3.07,0.0,17.13,30.92
2007-01-05,Nagapattinam,10.7672,79.8449,Delta,24.62,26.49,22.73,75.42,3.78,0.03,17.95,30.96
2007-01-06,Nagapattinam,10.7672,79.8449,Delta,25.15,26.91,23.8,71.23,4.5,0.73,18.78,31.01
2007-01-07,Nagapattinam,10.7672,79.8449,Delta,25.3,27.08,23.99,73.5,4.8,0.56,17.4,31.06
2007-01-08,Nagapattinam,10.7672,79.8449,Delta,25.76,27.47,24.23,79.83,5.44,0.72,11.74,31.12
2007-01-09,Nagapattinam,10.7672,79.8449,Delta,26.17,27.63,25.21,78.03,5.8,1.03,12.44,31.17
2007-01-10,Nagapattinam,10.7672,79.8449,Delta,25.81,27.29,24.83,79.4,5.47,0.45,16.03,31.23
2007-01-11,Nagapattinam,10.7672,79.8449,Delta,25.87,27.7,24.64,79.74,5.11,0.16,17.13,31.29
2007-01-12,Nagapattinam,10.7672,79.8449,Delta,25.68,27.54,24.46,77.71,4.79,0.84,14.79,31.36
2007-01-13,Nagapattinam,10.7672,79.8449,Delta,25.36,27.45,23.57,73.05,4.4,0.01,19.6,31.42
2007-01-14,Nagapattinam,10.7672,79.8449,Delta,25.75,27.62,24.09,78.13,4.46,0.28,15.4,31.49
2007-01-15,Nagapattinam,10.7672,79.8449,Delta,26.13,27.99,24.69,78.66,4.23,0.24,18.31,31.56
2007-01-16,Nagapattinam,10.7672,79.8449,Delta,25.31,27.45,23.62,80.21,3.86,0.0,18.95,31.63
2007-01-17,Nagapattinam,10.7672,79.8449,Delta,25.11,27.45,23.19,76.68,3.77,0.0,17.54,31.7
2007-01-18,Nagapattinam,10.7672,79.8449,Delta,25.26,27.76,23.26,76.94,4.66,0.0,19.16,31.78
2007-01-19,Nagapattinam,10.7672,79.8449,Delta,25.3,27.51,23.84,76.91,4.29,0.0,20.39,31.86
2007-01-20,Nagapattinam,10.7672,79.8449,Delta,25.36,27.72,23.36,78.16,4.17,0.0,17.79,31.94
2007-01-21,Nagapattinam,10.7672,79.8449,Delta,25.69,27.84,24.1,73.28,4.17,0.0,19.57,32.02
2007-01-22,Nagapattinam,10.7672,79.8449,Delta,25.41,27.61,23.97,73.58,3.39,0.0,21.91,32.1
2007-01-23,Nagapattinam,10.7672,79.8449,Delta,25.53,28.06,23.35,74.8,3.52,0.0,20.79,32.19
2007-01-24,Nagapattinam,10.7672,79.8449,Delta,25.71,27.9,23.97,75.82,4.59,0.0,20.41,32.27
2007-01-25,Nagapattinam,10.7672,79.8449,Delta,25.71,27.53,24.34,75.12,5.21,0.11,17.62,32.36
2007-01-26,Nagapattinam,10.7672,79.8449,Delta,26.08,27.98,24.51,76.4,4.75,0.27,19.39,32.45
2007-01-27,Nagapattinam,10.7672,79.8449,Delta,26.49,28.18,25.24,78.89,5.55,1.59,11.83,32.54
2007-01-28,Nagapattinam,10.7672,79.8449,Delta,26.57,28.33,25.31,73.86,5.09,0.44,15.64,32.63
2007-01-29,Nagapattinam,10.7672,79.8449,Delta,26.32,28.02,24.86,76.18,5.17,0.32,17.37,32.72
2007-01-30,Nagapattinam,10.7672,79.8449,Delta,26.14,28.08,24.66,73.93,4.62,0.2,20.84,32.81
2007-01-31,Nagapattinam,10.7672,79.8449,Delta,26.26,28.44,24.66,68.96,4.37,0.02,21.44,32.91
2007-02-01,Nagapattinam,10.7672,79.8449,Delta,25.55,27.83,24.18,70.91,3.95,0.0,22.91,33.0
2007-02-02,Nagapattinam,10.7672,79.8449,Delta,26.09,28.3,24.18,71.38,4.2,0.01,20.95,33.1
2007-02-03,Nagapattinam,10.7672,79.8449,Delta,25.96,28.25,24.39,71.1,3.81,0.02,20.19,33.19
2007-02-04,Nagapattinam,10.7672,79.8449,Delta,25.74,28.3,23.87,67.31,3.37,0.0,21.3,33.29
2007-02-05,Nagapattinam,10.7672,79.8449,Delta,25.52,28.24,23.73,67.64,3.4,0.0,22.88,33.39
2007-02-06,Nagapattinam,10.7672,79.8449,Delta,25.26,27.93,23.29,71.64,3.4,0.0,23.11,33.49
2007-02-07,Nagapattinam,10.7672,79.8449,Delta,25.65,28.53,23.41,71.32,3.34,0.0,23.09,33.59
2007-02-08,Nagapattinam,10.7672,79.8449,Delta,25.78,28.57,23.75,68.0,3.53,0.0,23.13,33.69
2007-02-09,Nagapattinam,10.7672,79.8449,Delta,25.85,28.08,23.87,75.75,4.48,1.28,16.28,33.79
2007-02-10,Nagapattinam,10.7672,79.8449,Delta,26.4,28.31,24.91,74.1,4.78,1.14,16.4,33.89
2007-02-11,Nagapattinam,10.7672,79.8449,Delta,26.65,28.77,25.21,77.53,4.05,0.76,17.1,33.99
2007-02-12,Nagapattinam,10.7672,79.8449,Delta,26.98,29.39,25.14,74.78,3.1,0.1,20.99,34.08
2007-02-13,Nagapattinam,10.7672,79.8449,Delta,27.16,29.74,25.18,76.72,3.58,0.16,17.98,34.18
2007-02-14,Nagapattinam,10.7672,79.8449,Delta,27.64,30.33,25.39,77.36,3.67,0.2,20.35,34.28
2007-02-15,Nagapattinam,10.7672,79.8449,Delta,27.65,30.52,25.22,73.99,3.21,0.46,22.5,34.38
2007-02-16,Nagapattinam,10.7672,79.8449,Delta,27.32,29.56,25.35,74.71,2.86,0.69,22.22,34.48
2007-02-17,Nagapattinam,10.7672,79.8449,Delta,26.84,28.78,25.79,81.13,3.29,5.01,17.84,34.58
2007-02-18,Nagapattinam,10.7672,79.8449,Delta,26.71,28.68,25.56,79.33,3.78,2.94,14.43,34.67
2007-02-19,Nagapattinam,10.7672,79.8449,Delta,26.98,28.66,25.8,72.12,4.95,0.06,19.65,34.77
2007-02-20,Nagapattinam,10.7672,79.8449,Delta,26.69,28.66,25.21,68.45,5.68,0.11,22.3,34.86
2007-02-21,Nagapattinam,10.7672,79.8449,Delta,26.07,28.37,24.15,64.86,5.18,0.0,23.71,34.96
2007-02-22,Nagapattinam,10.7672,79.8449,Delta,25.79,28.08,24.04,66.63,5.07,0.0,23.37,35.05
2007-02-23,Nagapattinam,10.7672,79.8449,Delta,25.61,28.13,23.5,69.37,4.3,0.03,21.12,35.15
2007-02-24,Nagapattinam,10.7672,79.8449,Delta,26.09,28.3,24.02,74.12,4.24,0.71,20.65,35.24
2007-02-25,Nagapattinam,10.7672,79.8449,Delta,26.78,29.16,24.88,73.45,3.7,0.57,15.83,35.33
2007-02-26,Nagapattinam,10.7672,79.8449,Delta,26.9,29.49,24.93,76.06,3.15,0.08,22.03,35.42
2007-02-27,Nagapattinam,10.7672,79.8449,Delta,27.17,30.03,25.15,77.02,3.06,0.19,22.94,35.51
2007-02-28,Nagapattinam,10.7672,79.8449,Delta,26.62,29.39,24.39,78.4,3.61,0.06,23.25,35.6
2007-03-01,Nagapattinam,10.7672,79.8449,Delta,27.12,29.94,24.88,76.08,3.11,0.04,23.12,35.69
2007-03-02,Nagapattinam,10.7672,79.8449,Delta,27.51,30.48,25.05,74.84,3.37,0.02,21.53,35.77
2007-03-03,Nagapattinam,10.7672,79.8449,Delta,27.28,29.75,25.38,79.57,3.23,0.66,21.09,35.86
2007-03-04,Nagapattinam,10.7672,79.8449,Delta,27.03,29.81,25.04,75.17,3.49,0.0,24.06,35.94
2007-03-05,Nagapattinam,10.7672,79.8449,Delta,26.82,29.65,24.65,72.91,3.19,0.0,23.01,36.02
2007-03-06,Nagapattinam,10.7672,79.8449,Delta,27.03,30.0,24.76,72.4,3.43,0.0,23.59,36.1
2007-03-07,Nagapattinam,10.7672,79.8449,Delta,26.95,29.77,24.67,71.97,3.51,0.0,23.9,36.18
2007-03-08,Nagapattinam,10.7672,79.8449,Delta,27.37,30.27,25.22,68.95,3.43,0.0,23.07,36.25
2007-03-09,Nagapattinam,10.7672,79.8449,Delta,27.49,30.18,25.38,72.66,4.07,0.0,23.43,36.33
2007-03-10,Nagapattinam,10.7672,79.8449,Delta,27.41,30.12,25.44,72.93,3.9,0.0,23.01,36.4
2007-03-11,Nagapattinam,10.7672,79.8449,Delta,27.1,30.09,24.79,72.01,3.75,0.0,24.14,36.47
2007-03-12,Nagapattinam,10.7672,79.8449,Delta,26.72,29.45,24.34,74.54,3.31,0.08,23.45,36.54
2007-03-13,Nagapattinam,10.7672,79.8449,Delta,27.21,29.67,25.34,76.41,3.59,0.07,22.12,36.61
2007-03-14,Nagapattinam,10.7672,79.8449,Delta,27.54,30.36,25.34,75.29,3.58,0.0,23.6,36.68
2007-03-15,Nagapattinam,10.7672,79.8449,Delta,27.97,30.63,25.69,73.55,3.28,0.09,22.54,36.74
2007-03-16,Nagapattinam,10.7672,79.8449,Delta,28.41,30.83,26.42,70.83,3.28,0.49,21.5,36.8
2007-03-17,Nagapattinam,10.7672,79.8449,Delta,28.43,31.15,26.5,72.88,3.57,0.17,23.08,36.87
2007-03-18,Nagapattinam,10.7672,79.8449,Delta,28.16,31.26,25.74,66.66,3.02,0.0,25.2,36.93
2007-03-19,Nagapattinam,10.7672,79.8449,Delta,27.94,31.19,25.52,68.1,2.89,0.0,25.01,36.98
2007-03-20,Nagapattinam,10.7672,79.8449,Delta,28.14,31.49,25.38,65.7,2.76,0.0,25.01,37.04
2007-03-21,Nagapattinam,10.7672,79.8449,Delta,28.16,31.26,25.52,67.92,4.12,0.0,24.67,37.09
2007-03-22,Nagapattinam,10.7672,79.8449,Delta,27.87,30.73,25.69,67.95,3.69,0.0,24.63,37.15
2007-03-23,Nagapattinam,10.7672,79.8449,Delta,27.55,30.33,25.51,71.17,3.43,0.0,24.75,37.2
2007-03-24,Nagapattinam,10.7672,79.8449,Delta,28.04,31.68,25.38,68.77,2.85,0.0,24.87,37.25
2007-03-25,Nagapattinam,10.7672,79.8449,Delta,28.76,32.22,25.8,65.77,3.58,0.0,24.16,37.29
2007-03-26,Nagapattinam,10.7672,79.8449,Delta,29.07,32.34,26.4,66.03,3.48,0.0,24.24,37.34
2007-03-27,Nagapattinam,10.7672,79.8449,Delta,28.81,31.93,26.54,70.67,3.49,0.0,24.52,37.38
2007-03-28,Nagapattinam,10.7672,79.8449,Delta,28.7,31.89,26.29,68.63,3.13,0.0,24.9,37.43
2007-03-29,Nagapattinam,10.7672,79.8449,Delta,28.3,31.34,26.26,70.74,3.23,0.0,23.67,37.46
2007-03-30,Nagapattinam,10.7672,79.8449,Delta,27.82,30.94,25.27,71.84,3.69,0.01,25.44,37.5
2007-03-31,Nagapattinam,10.7672,79.8449,Delta,28.57,31.13,26.55,74.14,3.43,0.71,23.14,37.54
2007-04-01,Nagapattinam,10.7672,79.8449,Delta,29.08,31.28,27.33,74.95,2.92,1.14,22.27,37.57
2007-04-02,Nagapattinam,10.7672,79.8449,Delta,29.29,32.31,27.21,69.41,2.43,0.0,24.63,37.6
2007-04-03,Nagapattinam,10.7672,79.8449,Delta,29.06,32.08,26.61,71.74,3.13,0.0,25.61,37.63
2007-04-04,Nagapattinam,10.7672,79.8449,Delta,29.06,32.0,26.87,73.78,3.54,0.0,24.44,37.65
2007-04-05,Nagapattinam,10.7672,79.8449,Delta,28.78,31.49,26.76,76.32,3.66,0.8,25.01,37.68
2007-04-06,Nagapattinam,10.7672,79.8449,Delta,28.97,30.84,27.61,74.89,3.56,0.65,22.98,37.7
2007-04-07,Nagapattinam,10.7672,79.8449,Delta,29.16,30.98,27.64,74.17,3.35,0.88,19.52,37.72
2007-04-08,Nagapattinam,10.7672,79.8449,Delta,29.2,31.35,27.66,74.61,3.24,0.51,18.09,37.74
2007-04-09,Nagapattinam,10.7672,79.8449,Delta,28.54,30.34,27.37,77.6,3.28,2.84,18.29,37.76
2007-04-10,Nagapattinam,10.7672,79.8449,Delta,28.17,29.37,27.18,81.41,3.23,3.38,19.18,37.78
2007-04-11,Nagapattinam,10.7672,79.8449,Delta,28.22,29.97,26.78,79.91,2.79,1.58,18.76,37.79
2007-04-12,Nagapattinam,10.7672,79.8449,Delta,29.03,31.51,26.89,76.37,2.75,0.28,24.66,37.8
2007-04-13,Nagapattinam,10.7672,79.8449,Delta,29.22,31.55,27.57,76.26,2.81,0.59,23.64,37.82
2007-04-14,Nagapattinam,10.7672,79.8449,Delta,29.02,31.27,27.34,76.36,3.3,1.19,23.41,37.82
2007-04-15,Nagapattinam,10.7672,79.8449,Delta,28.88,30.88,27.31,77.21,3.73,1.62,20.32,37.83
2007-04-16,Nagapattinam,10.7672,79.8449,Delta,28.92,31.49,26.91,76.82,3.8,2.15,22.13,37.84
2007-04-17,Nagapattinam,10.7672,79.8449,Delta,29.37,32.36,27.1,70.91,2.62,0.17,24.94,37.84
2007-04-18,Nagapattinam,10.7672,79.8449,Delta,29.25,31.21,27.63,73.94,2.67,3.02,23.35,37.85
2007-04-19,Nagapattinam,10.7672,79.8449,Delta,29.41,31.23,27.86,76.25,3.15,2.45,22.27,37.85
2007-04-20,Nagapattinam,10.7672,79.8449,Delta,29.5,31.51,27.93,75.79,3.5,1.57,23.0,37.85
2007-04-21,Nagapattinam,10.7672,79.8449,Delta,29.28,31.0,27.86,77.67,3.04,1.64,22.46,37.85
2007-04-22,Nagapattinam,10.7672,79.8449,Delta,29.48,31.48,28.04,77.25,3.26,1.58,19.21,37.85
2007-04-23,Nagapattinam,10.7672,79.8449,Delta,30.1,32.58,27.87,74.67,3.04,2.42,24.2,37.85
2007-04-24,Nagapattinam,10.7672,79.8449,Delta,30.25,32.65,28.3,73.45,3.67,1.3,25.09,37.84
2007-04-25,Nagapattinam,10.7672,79.8449,Delta,30.13,32.96,27.74,71.27,3.79,0.24,24.81,37.84
2007-04-26,Nagapattinam,10.7672,79.8449,Delta,29.64,31.73,28.05,76.0,3.19,0.85,24.25,37.83
2007-04-27,Nagapattinam,10.7672,79.8449,Delta,29.34,30.71,27.97,78.15,2.91,0.71,23.85,37.83
2007-04-28,Nagapattinam,10.7672,79.8449,Delta,29.63,31.46,27.99,75.34,2.71,0.65,23.83,37.81
2007-04-29,Nagapattinam,10.7672,79.8449,Delta,30.1,32.53,28.02,72.46,3.55,0.24,24.29,37.8
2007-04-30,Nagapattinam,10.7672,79.8449,Delta,29.87,32.02,28.08,74.62,2.98,0.26,24.35,37.79
2007-05-01,Nagapattinam,10.7672,79.8449,Delta,30.43,33.18,28.34,73.37,3.47,0.74,24.75,37.77
2007-05-02,Nagapattinam,10.7672,79.8449,Delta,30.5,32.96,28.49,74.52,3.93,2.24,23.65,37.76
2007-05-03,Nagapattinam,10.7672,79.8449,Delta,30.14,31.75,28.85,78.64,2.48,6.12,21.65,37.75
2007-05-04,Nagapattinam,10.7672,79.8449,Delta,29.92,31.6,28.19,77.02,1.65,3.38,20.08,37.74
2007-05-05,Nagapattinam,10.7672,79.8449,Delta,30.49,32.17,28.9,76.64,2.71,2.55,22.9,37.72
2007-05-06,Nagapattinam,10.7672,79.8449,Delta,30.58,32.64,28.82,75.55,4.22,1.59,22.64,37.71
2007-05-07,Nagapattinam,10.7672,79.8449,Delta,30.64,32.84,28.74,75.86,3.96,1.0,22.72,37.69
2007-05-08,Nagapattinam,10.7672,79.8449,Delta,30.51,32.45,29.13,76.71,5.22,1.54,23.19,37.67
2007-05-09,Nagapattinam,10.7672,79.8449,Delta,30.58,32.92,28.7,74.43,6.73,1.71,21.42,37.65
2007-05-10,Nagapattinam,10.7672,79.8449,Delta,31.3,34.45,28.42,69.83,5.6,0.43,23.72,37.63
2007-05-11,Nagapattinam,10.7672,79.8449,Delta,31.64,35.7,28.23,66.73,5.37,0.16,24.45,37.61
2007-05-12,Nagapattinam,10.7672,79.8449,Delta,30.96,34.17,29.11,64.75,4.81,0.45,22.76,37.59
2007-05-13,Nagapattinam,10.7672,79.8449,Delta,30.54,32.99,28.61,68.68,5.25,0.5,16.82,37.57
2007-05-14,Nagapattinam,10.7672,79.8449,Delta,31.45,35.17,28.89,69.01,5.32,1.42,24.25,37.55
2007-05-15,Nagapattinam,10.7672,79.8449,Delta,31.17,34.87,28.52,69.15,5.58,0.31,22.52,37.53
2007-05-16,Nagapattinam,10.7672,79.8449,Delta,31.36,34.53,28.81,68.93,5.33,0.22,23.62,37.51
2007-05-17,Nagapattinam,10.7672,79.8449,Delta,30.89,34.26,28.84,69.47,5.3,0.01,23.3,37.49
2007-05-18,Nagapattinam,10.7672,79.8449,Delta,30.79,34.3,28.46,68.37,6.21,0.0,24.59,37.47
2007-05-19,Nagapattinam,10.7672,79.8449,Delta,30.6,33.84,28.59,70.1,5.57,0.01,24.92,37.45
2007-05-20,Nagapattinam,10.7672,79.8449,Delta,30.47,33.69,28.4,71.29,5.14,0.0,24.42,37.42
2007-05-21,Nagapattinam,10.7672,79.8449,Delta,30.19,32.75,28.7,73.65,4.67,0.36,24.37,37.4
2007-05-22,Nagapattinam,10.7672,79.8449,Delta,30.08,32.22,28.65,76.86,4.76,1.39,23.7,37.38
2007-05-23,Nagapattinam,10.7672,79.8449,Delta,29.83,31.68,28.43,78.48,4.16,1.24,22.05,37.36
2007-05-24,Nagapattinam,10.7672,79.8449,Delta,29.89,32.32,28.16,78.49,3.7,1.44,19.03,37.34
2007-05-25,Nagapattinam,10.7672,79.8449,Delta,29.1,30.54,27.55,75.86,3.74,1.42,22.11,37.32
2007-05-26,Nagapattinam,10.7672,79.8449,Delta,29.46,31.23,28.06,79.31,3.9,5.18,21.69,37.3
2007-05-27,Nagapattinam,10.7672,79.8449,Delta,29.91,32.15,28.1,75.33,4.85,2.75,21.77,37.28
2007-05-28,Nagapattinam,10.7672,79.8449,Delta,29.64,31.89,27.59,73.98,5.4,1.11,19.56,37.26
2007-05-29,Nagapattinam,10.7672,79.8449,Delta,29.71,31.87,27.45,67.38,3.79,0.06,22.04,37.24
2007-05-30,Nagapattinam,10.7672,79.8449,Delta,30.71,33.88,27.66,65.9,4.48,0.28,24.18,37.22
2007-05-31,Nagapattinam,10.7672,79.8449,Delta,30.81,33.7,28.37,66.65,4.76,0.03,25.82,37.2
2007-06-01,Nagapattinam,10.7672,79.8449,Delta,31.01,34.18,28.45,67.38,4.53,0.18,24.88,37.18
2007-06-02,Nagapattinam,10.7672,79.8449,Delta,30.96,33.98,28.72,69.84,4.29,0.57,24.51,37.16
2007-06-03,Nagapattinam,10.7672,79.8449,Delta,31.11,34.02,28.88,69.06,3.48,0.83,23.33,37.14
2007-06-04,Nagapattinam,10.7672,79.8449,Delta,31.08,33.51,29.26,71.72,3.52,1.88,23.04,37.12
2007-06-05,Nagapattinam,10.7672,79.8449,Delta,30.62,32.49,29.2,72.83,3.68,2.26,22.53,37.1
2007-06-06,Nagapattinam,10.7672,79.8449,Delta,30.63,32.78,28.91,73.29,3.54,2.29,22.16,37.09
2007-06-07,Nagapattinam,10.7672,79.8449,Delta,30.01,31.46,28.91,77.39,4.25,6.36,19.38,37.07
2007-06-08,Nagapattinam,10.7672,79.8449,Delta,29.43,31.07,28.15,78.63,4.97,8.21,21.29,37.06
2007-06-09,Nagapattinam,10.7672,79.8449,Delta,29.79,32.21,27.85,74.95,5.93,2.36,23.37,37.04
2007-06-10,Nagapattinam,10.7672,79.8449,Delta,30.42,32.85,28.09,72.29,4.69,0.79,24.4,37.03
2007-06-11,Nagapattinam,10.7672,79.8449,Delta,30.56,32.65,28.47,71.22,4.29,0.73,23.94,37.02
2007-06-12,Nagapattinam,10.7672,79.8449,Delta,30.52,32.85,28.41,72.13,4.39,0.13,22.12,37.0
2007-06-13,Nagapattinam,10.7672,79.8449,Delta,30.75,33.17,28.57,70.96,3.75,0.32,21.33,36.99
2007-06-14,Nagapattinam,10.7672,79.8449,Delta,29.87,31.45,28.62,74.87,3.32,0.93,21.27,36.98
2007-06-15,Nagapattinam,10.7672,79.8449,Delta,29.41,30.86,27.71,75.66,3.43,8.0,13.78,36.97
2007-06-16,Nagapattinam,10.7672,79.8449,Delta,30.21,32.54,27.66,70.32,3.7,1.9,10.99,36.96
2007-06-17,Nagapattinam,10.7672,79.8449,Delta,30.15,32.29,28.02,68.54,4.31,0.61,16.46,36.95
2007-06-18,Nagapattinam,10.7672,79.8449,Delta,29.82,31.93,27.91,71.57,4.32,7.12,13.58,36.94
2007-06-19,Nagapattinam,10.7672,79.8449,Delta,29.55,32.5,27.19,69.47,4.56,2.51,12.73,36.93
2007-06-20,Nagapattinam,10.7672,79.8449,Delta,29.44,32.37,27.23,70.22,5.9,5.53,13.63,36.93
2007-06-21,Nagapattinam,10.7672,79.8449,Delta,29.17,32.32,26.36,68.08,5.89,2.94,11.56,36.92
2007-06-22,Nagapattinam,10.7672,79.8449,Delta,29.25,31.4,27.06,74.05,7.6,3.41,11.09,36.92
2007-06-23,Nagapattinam,10.7672,79.8449,Delta,29.36,31.77,27.65,72.5,6.39,5.15,16.94,36.91
2007-06-24,Nagapattinam,10.7672,79.8449,Delta,29.68,32.5,27.19,71.81,4.81,3.17,16.85,36.91
2007-06-25,Nagapattinam,10.7672,79.8449,Delta,30.01,32.26,27.48,70.17,3.56,1.09,22.96,36.91
2007-06-26,Nagapattinam,10.7672,79.8449,Delta,30.07,32.97,27.9,68.61,3.97,2.37,20.73,36.91
2007-06-27,Nagapattinam,10.7672,79.8449,Delta,30.45,33.24,28.17,63.85,4.72,1.74,12.58,36.91
2007-06-28,Nagapattinam,10.7672,79.8449,Delta,30.25,32.8,27.72,65.94,5.93,4.41,15.89,36.91
2007-06-29,Nagapattinam,10.7672,79.8449,Delta,30.53,33.84,27.8,62.54,7.08,1.46,18.3,36.91
2007-06-30,Nagapattinam,10.7672,79.8449,Delta,29.7,32.78,27.42,70.01,6.79,0.84,19.04,36.91
2007-07-01,Nagapattinam,10.7672,79.8449,Delta,29.65,32.83,27.31,71.39,5.2,0.35,19.73,36.91
2007-07-02,Nagapattinam,10.7672,79.8449,Delta,30.04,32.87,27.42,71.25,5.45,0.7,20.02,36.92
2007-07-03,Nagapattinam,10.7672,79.8449,Delta,29.87,31.98,27.77,69.89,5.55,0.31,20.06,36.92
2007-07-04,Nagapattinam,10.7672,79.8449,Delta,30.49,33.54,27.83,66.39,5.58,0.06,20.3,36.93
2007-07-05,Nagapattinam,10.7672,79.8449,Delta,30.15,33.2,27.37,65.11,5.77,0.88,22.17,36.93
2007-07-06,Nagapattinam,10.7672,79.8449,Delta,30.17,33.14,27.73,66.03,6.9,0.11,21.15,36.94
2007-07-07,Nagapattinam,10.7672,79.8449,Delta,30.6,34.26,27.67,62.99,6.21,0.05,19.34,36.95
2007-07-08,Nagapattinam,10.7672,79.8449,Delta,30.72,33.92,27.8,64.36,5.63,0.13,22.43,36.95
2007-07-09,Nagapattinam,10.7672,79.8449,Delta,30.37,33.36,27.64,65.59,5.3,0.58,23.68,36.96
2007-07-10,Nagapattinam,10.7672,79.8449,Delta,30.22,32.67,27.91,69.26,5.1,1.05,18.59,36.96
2007-07-11,Nagapattinam,10.7672,79.8449,Delta,30.16,32.43,28.04,70.17,5.02,1.3,21.76,36.97
2007-07-12,Nagapattinam,10.7672,79.8449,Delta,30.42,33.03,27.93,69.22,5.25,1.39,22.38,36.98
2007-07-13,Nagapattinam,10.7672,79.8449,Delta,30.45,33.04,28.05,69.05,5.41,1.3,21.87,36.99
2007-07-14,Nagapattinam,10.7672,79.8449,Delta,30.67,33.42,28.03,67.14,5.6,0.57,20.11,37.0
2007-07-15,Nagapattinam,10.7672,79.8449,Delta,31.02,34.38,28.09,64.73,5.94,0.52,20.23,37.01
2007-07-16,Nagapattinam,10.7672,79.8449,Delta,30.27,32.72,28.38,69.3,5.34,0.76,21.03,37.03
2007-07-17,Nagapattinam,10.7672,79.8449,Delta,30.43,33.29,27.99,68.04,5.26,0.13,20.04,37.04
2007-07-18,Nagapattinam,10.7672,79.8449,Delta,30.12,33.07,27.46,67.75,4.27,0.32,23.14,37.05
2007-07-19,Nagapattinam,10.7672,79.8449,Delta,28.68,30.19,27.45,76.92,3.76,1.33,21.65,37.07
2007-07-20,Nagapattinam,10.7672,79.8449,Delta,28.86,31.03,27.01,75.91,4.09,3.91,19.28,37.08
2007-07-21,Nagapattinam,10.7672,79.8449,Delta,28.67,30.84,27.03,75.61,3.98,3.2,19.54,37.09
2007-07-22,Nagapattinam,10.7672,79.8449,Delta,28.85,30.92,26.53,73.32,2.76,3.19,18.66,37.1
2007-07-23,Nagapattinam,10.7672,79.8449,Delta,28.34,29.52,26.84,76.16,2.72,5.28,14.41,37.12
2007-07-24,Nagapattinam,10.7672,79.8449,Delta,28.17,29.79,26.8,79.71,3.97,1.96,14.06,37.13
2007-07-25,Nagapattinam,10.7672,79.8449,Delta,28.76,30.88,26.58,74.78,3.72,2.54,14.47,37.15
2007-07-26,Nagapattinam,10.7672,79.8449,Delta,28.81,30.86,27.27,74.9,3.79,2.87,20.4,37.16
2007-07-27,Nagapattinam,10.7672,79.8449,Delta,28.87,31.05,26.99,76.47,4.34,3.78,22.51,37.18
2007-07-28,Nagapattinam,10.7672,79.8449,Delta,29.02,30.99,27.26,75.14,3.62,3.33,19.69,37.19
2007-07-29,Nagapattinam,10.7672,79.8449,Delta,28.16,29.55,26.89,78.36,3.29,6.94,14.0,37.2
2007-07-30,Nagapattinam,10.7672,79.8449,Delta,28.47,30.77,26.79,75.05,3.45,6.54,12.63,37.22
2007-07-31,Nagapattinam,10.7672,79.8449,Delta,28.11,30.17,26.72,78.03,4.14,12.54,14.52,37.23
2007-08-01,Nagapattinam,10.7672,79.8449,Delta,28.17,30.45,26.32,77.88,5.39,3.68,18.15,37.24
2007-08-02,Nagapattinam,10.7672,79.8449,Delta,28.44,30.93,26.31,75.36,5.57,2.5,19.25,37.25
2007-08-03,Nagapattinam,10.7672,79.8449,Delta,28.68,31.18,26.34,74.55,5.55,3.24,18.55,37.26
2007-08-04,Nagapattinam,10.7672,79.8449,Delta,28.82,31.1,26.54,75.62,5.66,2.15,22.06,37.28
2007-08-05,Nagapattinam,10.7672,79.8449,Delta,28.94,32.44,26.87,72.08,5.75,2.25,21.65,37.29
2007-08-06,Nagapattinam,10.7672,79.8449,Delta,28.7,31.49,26.15,70.37,6.32,0.84,17.78,37.29
2007-08-07,Nagapattinam,10.7672,79.8449,Delta,29.48,32.95,26.59,68.15,5.33,0.01,23.82,37.3
2007-08-08,Nagapattinam,10.7672,79.8449,Delta,29.88,33.44,26.58,67.87,5.75,0.14,23.72,37.31
2007-08-09,Nagapattinam,10.7672,79.8449,Delta,29.37,31.8,26.97,71.17,5.69,0.83,23.54,37.32
2007-08-10,Nagapattinam,10.7672,79.8449,Delta,28.82,30.79,27.09,73.18,5.06,0.75,21.49,37.33
2007-08-11,Nagapattinam,10.7672,79.8449,Delta,29.25,32.16,26.52,68.51,5.46,0.37,23.1,37.34
2007-08-12,Nagapattinam,10.7672,79.8449,Delta,29.19,31.78,26.6,70.54,4.88,0.75,20.39,37.34
2007-08-13,Nagapattinam,10.7672,79.8449,Delta,29.49,32.4,26.78,67.79,4.25,0.05,24.35,37.35
2007-08-14,Nagapattinam,10.7672,79.8449,Delta,29.16,32.25,26.59,70.16,4.11,0.14,24.69,37.36
2007-08-15,Nagapattinam,10.7672,79.8449,Delta,29.01,31.6,26.92,73.64,3.31,0.34,22.97,37.36
2007-08-16,Nagapattinam,10.7672,79.8449,Delta,28.86,30.89,27.25,78.36,3.71,2.87,22.83,37.36
2007-08-17,Nagapattinam,10.7672,79.8449,Delta,28.65,30.46,27.23,81.61,3.83,3.19,21.57,37.37
2007-08-18,Nagapattinam,10.7672,79.8449,Delta,28.58,30.38,26.83,80.3,3.21,5.06,22.02,37.37
2007-08-19,Nagapattinam,10.7672,79.8449,Delta,28.81,31.33,26.68,75.76,2.96,2.89,19.56,37.37
2007-08-20,Nagapattinam,10.7672,79.8449,Delta,29.29,32.32,27.02,71.99,3.85,2.27,24.05,37.37
2007-08-21,Nagapattinam,10.7672,79.8449,Delta,28.42,30.37,27.03,78.59,3.84,5.84,21.85,37.37
2007-08-22,Nagapattinam,10.7672,79.8449,Delta,28.49,30.77,26.17,73.95,3.45,2.58,19.25,37.37
2007-08-23,Nagapattinam,10.7672,79.8449,Delta,28.26,30.4,26.19,76.34,3.09,7.27,22.15,37.36
2007-08-24,Nagapattinam,10.7672,79.8449,Delta,28.03,30.53,26.12,79.41,3.33,2.76,19.7,37.36
2007-08-25,Nagapattinam,10.7672,79.8449,Delta,28.18,29.87,26.51,79.22,4.03,0.84,22.86,37.35
2007-08-26,Nagapattinam,10.7672,79.8449,Delta,28.57,30.92,26.85,78.9,5.09,5.46,24.06,37.35
2007-08-27,Nagapattinam,10.7672,79.8449,Delta,28.67,31.13,26.4,77.13,4.71,0.88,23.73,37.34
2007-08-28,Nagapattinam,10.7672,79.8449,Delta,28.79,30.85,26.96,78.09,4.35,1.28,22.9,37.33
2007-08-29,Nagapattinam,10.7672,79.8449,Delta,28.32,30.26,26.82,81.74,4.05,7.97,22.25,37.32
2007-08-30,Nagapattinam,10.7672,79.8449,Delta,27.91,30.04,26.01,79.23,4.24,3.51,14.93,37.3
2007-08-31,Nagapattinam,10.7672,79.8449,Delta,28.36,30.79,26.28,75.04,4.4,2.68,16.31,37.29
2007-09-01,Nagapattinam,10.7672,79.8449,Delta,28.36,30.85,26.0,74.78,4.62,8.68,13.39,37.27
2007-09-02,Nagapattinam,10.7672,79.8449,Delta,28.53,31.23,25.85,74.45,4.9,1.71,21.84,37.26
2007-09-03,Nagapattinam,10.7672,79.8449,Delta,28.1,29.67,26.57,77.22,5.15,0.39,19.15,37.24
2007-09-04,Nagapattinam,10.7672,79.8449,Delta,28.91,31.46,26.38,73.89,4.77,0.37,23.7,37.22
2007-09-05,Nagapattinam,10.7672,79.8449,Delta,28.67,31.2,26.66,78.4,4.44,6.13,22.83,37.2
2007-09-06,Nagapattinam,10.7672,79.8449,Delta,28.56,31.32,26.31,76.14,3.74,0.84,21.27,37.17
2007-09-07,Nagapattinam,10.7672,79.8449,Delta,29.02,31.83,26.47,73.73,3.52,0.2,24.12,37.15
2007-09-08,Nagapattinam,10.7672,79.8449,Delta,28.11,29.18,27.16,80.56,2.96,1.52,22.16,37.12
2007-09-09,Nagapattinam,10.7672,79.8449,Delta,27.89,29.36,26.4,81.57,2.14,2.66,20.73,37.09
2007-09-10,Nagapattinam,10.7672,79.8449,Delta,28.12,29.53,26.69,79.97,2.59,1.43,20.67,37.06
2007-09-11,Nagapattinam,10.7672,79.8449,Delta,28.37,30.06,26.65,78.0,3.54,0.92,19.99,37.03
2007-09-12,Nagapattinam,10.7672,79.8449,Delta,28.81,30.7,27.07,78.87,4.3,2.51,20.82,37.0
2007-09-13,Nagapattinam,10.7672,79.8449,Delta,28.36,29.92,27.11,80.69,4.22,6.33,21.11,36.97
2007-09-14,Nagapattinam,10.7672,79.8449,Delta,28.18,30.17,26.46,77.5,3.49,3.97,8.39,36.93
2007-09-15,Nagapattinam,10.7672,79.8449,Delta,28.69,31.17,26.5,77.05,3.79,5.02,22.06,36.89
2007-09-16,Nagapattinam,10.7672,79.8449,Delta,28.75,31.64,26.19,77.33,3.37,7.4,17.27,36.85
2007-09-17,Nagapattinam,10.7672,79.8449,Delta,28.23,30.16,26.68,82.23,4.35,11.81,19.97,36.81
2007-09-18,Nagapattinam,10.7672,79.8449,Delta,28.5,31.64,25.85,74.89,6.11,2.43,17.95,36.77
2007-09-19,Nagapattinam,10.7672,79.8449,Delta,28.71,32.09,25.76,70.3,5.93,0.34,18.12,36.73
2007-09-20,Nagapattinam,10.7672,79.8449,Delta,29.12,32.18,26.31,72.97,4.69,0.66,21.04,36.68
2007-09-21,Nagapattinam,10.7672,79.8449,Delta,29.28,32.7,26.6,73.02,4.63,1.92,20.06,36.64
2007-09-22,Nagapattinam,10.7672,79.8449,Delta,29.42,32.43,26.51,72.3,5.51,0.43,20.31,36.59
2007-09-23,Nagapattinam,10.7672,79.8449,Delta,29.05,31.56,26.92,74.05,5.04,0.29,18.78,36.54
2007-09-24,Nagapattinam,10.7672,79.8449,Delta,29.4,32.23,26.93,72.65,4.77,0.22,23.39,36.49
2007-09-25,Nagapattinam,10.7672,79.8449,Delta,29.33,31.89,27.16,73.97,4.45,1.16,23.18,36.43
2007-09-26,Nagapattinam,10.7672,79.8449,Delta,28.8,31.47,26.69,74.88,3.5,1.47,24.18,36.38
2007-09-27,Nagapattinam,10.7672,79.8449,Delta,28.42,30.03,27.19,80.82,2.5,4.05,20.81,36.32
2007-09-28,Nagapattinam,10.7672,79.8449,Delta,27.68,28.94,26.49,82.96,3.67,3.36,20.31,36.26
2007-09-29,Nagapattinam,10.7672,79.8449,Delta,28.94,31.76,26.63,77.69,4.59,2.17,23.2,36.2
2007-09-30,Nagapattinam,10.7672,79.8449,Delta,28.83,31.18,26.85,75.85,4.47,2.02,22.43,36.14
2007-10-01,Nagapattinam,10.7672,79.8449,Delta,28.62,30.73,26.87,78.38,5.14,2.52,16.6,36.07
2007-10-02,Nagapattinam,10.7672,79.8449,Delta,28.79,30.81,26.41,74.04,3.74,0.25,21.09,36.01
2007-10-03,Nagapattinam,10.7672,79.8449,Delta,28.5,30.65,26.54,74.32,3.93,0.33,17.99,35.94
2007-10-04,Nagapattinam,10.7672,79.8449,Delta,28.83,31.33,26.48,75.54,3.69,1.14,20.99,35.87
2007-10-05,Nagapattinam,10.7672,79.8449,Delta,29.08,31.79,26.47,71.15,4.33,0.77,20.44,35.8
2007-10-06,Nagapattinam,10.7672,79.8449,Delta,29.32,32.16,26.32,67.71,4.8,0.05,23.03,35.73
2007-10-07,Nagapattinam,10.7672,79.8449,Delta,29.42,33.06,25.92,67.37,5.29,0.17,22.76,35.66
2007-10-08,Nagapattinam,10.7672,79.8449,Delta,29.26,32.36,25.97,67.35,3.49,0.05,21.05,35.58
2007-10-09,Nagapattinam,10.7672,79.8449,Delta,29.37,31.65,27.39,68.74,1.35,0.05,20.04,35.51
2007-10-10,Nagapattinam,10.7672,79.8449,Delta,29.4,31.99,27.34,69.19,2.4,0.18,20.86,35.43
2007-10-11,Nagapattinam,10.7672,79.8449,Delta,28.5,29.82,27.3,74.21,2.37,1.82,21.23,35.36
2007-10-12,Nagapattinam,10.7672,79.8449,Delta,28.05,29.18,27.24,76.44,1.41,2.35,18.48,35.28
2007-10-13,Nagapattinam,10.7672,79.8449,Delta,28.4,30.11,26.92,74.6,1.6,2.45,20.14,35.2
2007-10-14,Nagapattinam,10.7672,79.8449,Delta,28.93,31.15,27.2,69.74,2.06,1.64,19.04,35.12
2007-10-15,Nagapattinam,10.7672,79.8449,Delta,28.72,30.73,27.45,69.88,2.25,0.69,18.27,35.04
2007-10-16,Nagapattinam,10.7672,79.8449,Delta,28.36,30.41,26.73,73.35,2.28,0.78,20.17,34.95
2007-10-17,Nagapattinam,10.7672,79.8449,Delta,27.58,29.13,26.41,77.99,2.13,6.14,14.62,34.87
2007-10-18,Nagapattinam,10.7672,79.8449,Delta,26.92,27.98,26.32,80.49,1.6,8.37,9.59,34.79
2007-10-19,Nagapattinam,10.7672,79.8449,Delta,27.02,28.15,26.12,83.66,2.02,11.24,15.52,34.7
2007-10-20,Nagapattinam,10.7672,79.8449,Delta,27.09,28.58,25.98,80.76,2.0,6.66,15.03,34.62
2007-10-21,Nagapattinam,10.7672,79.8449,Delta,26.86,27.9,26.06,82.61,2.19,8.12,16.7,34.53
2007-10-22,Nagapattinam,10.7672,79.8449,Delta,26.91,28.38,25.65,84.29,4.17,12.64,7.98,34.44
2007-10-23,Nagapattinam,10.7672,79.8449,Delta,27.25,28.0,26.3,84.1,6.91,37.94,2.6,34.35
2007-10-24,Nagapattinam,10.7672,79.8449,Delta,27.74,28.34,27.13,86.56,3.89,32.61,9.37,34.26
2007-10-25,Nagapattinam,10.7672,79.8449,Delta,27.39,28.48,26.46,85.73,4.6,13.63,13.51,34.17
2007-10-26,Nagapattinam,10.7672,79.8449,Delta,26.48,27.28,25.84,87.05,3.17,27.27,13.58,34.08
2007-10-27,Nagapattinam,10.7672,79.8449,Delta,26.22,27.07,25.49,86.49,2.2,21.5,14.68,33.99
2007-10-28,Nagapattinam,10.7672,79.8449,Delta,26.28,27.22,25.05,91.22,4.32,48.16,8.19,33.9
2007-10-29,Nagapattinam,10.7672,79.8449,Delta,26.9,27.83,26.08,86.2,3.21,7.82,17.58,33.81
2007-10-30,Nagapattinam,10.7672,79.8449,Delta,27.65,29.75,25.69,81.77,3.44,5.91,21.75,33.72
2007-10-31,Nagapattinam,10.7672,79.8449,Delta,27.18,28.28,26.01,82.7,2.57,5.45,16.35,33.63
2007-11-01,Nagapattinam,10.7672,79.8449,Delta,26.96,27.9,25.84,81.84,1.27,11.7,8.84,33.53
2007-11-02,Nagapattinam,10.7672,79.8449,Delta,26.59,27.92,25.56,84.61,2.23,3.07,18.85,33.44
2007-11-03,Nagapattinam,10.7672,79.8449,Delta,26.49,27.73,25.51,86.54,2.77,6.59,19.49,33.35
2007-11-04,Nagapattinam,10.7672,79.8449,Delta,26.91,27.61,26.37,87.03,2.16,8.98,14.28,33.26
2007-11-05,Nagapattinam,10.7672,79.8449,Delta,27.11,27.98,26.0,81.98,1.58,4.59,16.28,33.17
2007-11-06,Nagapattinam,10.7672,79.8449,Delta,27.13,28.17,26.02,81.24,1.12,2.35,16.6,33.08
2007-11-07,Nagapattinam,10.7672,79.8449,Delta,27.04,27.98,26.14,82.41,1.47,0.39,17.69,32.99
2007-11-08,Nagapattinam,10.7672,79.8449,Delta,26.8,28.09,25.66,83.09,2.91,0.22,19.35,32.9
2007-11-09,Nagapattinam,10.7672,79.8449,Delta,27.14,28.89,25.58,77.47,3.36,0.11,19.47,32.81
2007-11-10,Nagapattinam,10.7672,79.8449,Delta,27.01,28.46,25.38,81.89,4.32,2.02,20.43,32.72
2007-11-11,Nagapattinam,10.7672,79.8449,Delta,26.91,28.32,25.96,82.32,4.87,2.22,16.87,32.64
2007-11-12,Nagapattinam,10.7672,79.8449,Delta,27.1,28.4,25.95,80.5,5.05,2.5,17.02,32.55
2007-11-13,Nagapattinam,10.7672,79.8449,Delta,26.74,28.58,25.18,76.04,5.41,0.29,20.87,32.46
2007-11-14,Nagapattinam,10.7672,79.8449,Delta,26.03,27.85,23.93,72.66,4.98,0.0,22.19,32.38
2007-11-15,Nagapattinam,10.7672,79.8449,Delta,26.01,27.94,23.85,63.99,3.08,0.0,22.51,32.3
2007-11-16,Nagapattinam,10.7672,79.8449,Delta,25.82,27.67,23.96,64.43,3.06,0.0,21.94,32.22
2007-11-17,Nagapattinam,10.7672,79.8449,Delta,25.53,27.46,23.86,68.58,3.58,0.0,21.35,32.13
2007-11-18,Nagapattinam,10.7672,79.8449,Delta,25.63,27.18,23.79,79.55,4.08,1.85,14.66,32.06
2007-11-19,Nagapattinam,10.7672,79.8449,Delta,26.37,27.92,25.42,87.37,3.45,8.39,9.92,31.98
2007-11-20,Nagapattinam,10.7672,79.8449,Delta,26.68,27.95,25.22,87.23,3.68,16.96,12.7,31.9
2007-11-21,Nagapattinam,10.7672,79.8449,Delta,26.98,28.19,26.18,81.27,5.25,2.7,18.55,31.82
2007-11-22,Nagapattinam,10.7672,79.8449,Delta,26.87,28.23,25.94,80.98,5.5,1.11,12.56,31.75
2007-11-23,Nagapattinam,10.7672,79.8449,Delta,26.26,27.7,25.21,79.63,5.11,0.09,18.65,31.68
2007-11-24,Nagapattinam,10.7672,79.8449,Delta,25.37,27.08,24.1,75.86,5.14,0.01,20.01,31.61
2007-11-25,Nagapattinam,10.7672,79.8449,Delta,25.01,27.11,23.09,72.99,4.6,0.0,20.7,31.54
2007-11-26,Nagapattinam,10.7672,79.8449,Delta,25.41,27.32,23.2,82.48,4.31,1.17,20.42,31.47
2007-11-27,Nagapattinam,10.7672,79.8449,Delta,26.47,27.77,25.09,83.34,3.6,0.75,19.26,31.41
2007-11-28,Nagapattinam,10.7672,79.8449,Delta,26.58,27.86,25.94,84.85,4.4,2.92,15.92,31.34
2007-11-29,Nagapattinam,10.7672,79.8449,Delta,26.29,27.64,24.98,79.31,4.72,0.37,14.57,31.28
2007-11-30,Nagapattinam,10.7672,79.8449,Delta,25.85,27.49,24.35,72.75,4.41,0.14,20.77,31.22
2007-12-01,Nagapattinam,10.7672,79.8449,Delta,26.31,28.1,24.95,78.08,4.45,0.29,9.82,31.17
2007-12-02,Nagapattinam,10.7672,79.8449,Delta,26.28,27.9,25.2,78.43,4.6,1.2,16.29,31.11
2007-12-03,Nagapattinam,10.7672,79.8449,Delta,26.23,27.37,25.37,77.68,5.28,0.95,13.24,31.06
2007-12-04,Nagapattinam,10.7672,79.8449,Delta,26.46,27.84,25.48,71.77,5.63,1.18,17.69,31.01
2007-12-05,Nagapattinam,10.7672,79.8449,Delta,26.3,27.7,25.44,75.48,5.73,1.57,18.07,30.97
2007-12-06,Nagapattinam,10.7672,79.8449,Delta,26.14,27.22,25.35,79.21,5.31,2.34,16.69,30.92
2007-12-07,Nagapattinam,10.7672,79.8449,Delta,26.08,27.59,25.04,77.36,4.81,1.48,19.7,30.88
2007-12-08,Nagapattinam,10.7672,79.8449,Delta,26.14,27.61,25.0,79.13,4.73,5.05,13.29,30.84
2007-12-09,Nagapattinam,10.7672,79.8449,Delta,25.97,27.33,24.98,81.15,4.53,0.43,17.74,30.81
2007-12-10,Nagapattinam,10.7672,79.8449,Delta,25.9,27.55,24.68,79.78,4.5,0.21,18.32,30.77
2007-12-11,Nagapattinam,10.7672,79.8449,Delta,25.48,26.92,24.07,81.82,4.65,1.53,14.0,30.74
2007-12-12,Nagapattinam,10.7672,79.8449,Delta,25.64,26.73,24.75,81.4,5.25,9.73,8.49,30.71
2007-12-13,Nagapattinam,10.7672,79.8449,Delta,25.39,26.19,24.73,88.98,6.1,42.47,6.48,30.69
2007-12-14,Nagapattinam,10.7672,79.8449,Delta,25.57,26.45,25.06,88.55,6.11,15.42,3.75,30.67
2007-12-15,Nagapattinam,10.7672,79.8449,Delta,26.26,27.61,25.06,83.17,5.27,2.3,10.58,30.66
2007-12-16,Nagapattinam,10.7672,79.8449,Delta,26.35,27.61,25.43,78.39,5.97,1.18,15.23,30.64
2007-12-17,Nagapattinam,10.7672,79.8449,Delta,25.87,27.17,25.01,84.97,7.1,18.53,9.49,30.63
2007-12-18,Nagapattinam,10.7672,79.8449,Delta,25.56,26.09,24.9,90.71,8.28,74.08,2.36,30.61
2007-12-19,Nagapattinam,10.7672,79.8449,Delta,26.1,26.57,25.72,89.9,6.04,47.85,3.99,30.61
2007-12-20,Nagapattinam,10.7672,79.8449,Delta,25.88,26.85,24.99,89.96,4.39,11.51,8.65,30.61
2007-12-21,Nagapattinam,10.7672,79.8449,Delta,25.92,27.04,24.95,89.76,4.34,2.81,15.97,30.6
2007-12-22,Nagapattinam,10.7672,79.8449,Delta,25.69,26.78,24.75,85.5,4.24,4.8,17.34,30.61
2007-12-23,Nagapattinam,10.7672,79.8449,Delta,24.72,26.22,23.27,83.42,3.74,0.29,18.1,30.61
2007-12-24,Nagapattinam,10.7672,79.8449,Delta,24.1,26.11,22.18,76.52,2.45,0.0,21.53,30.62
2007-12-25,Nagapattinam,10.7672,79.8449,Delta,23.73,26.13,21.43,75.57,1.66,0.0,21.37,30.63
2007-12-26,Nagapattinam,10.7672,79.8449,Delta,24.1,26.02,22.51,79.12,2.37,0.0,19.76,30.65
2007-12-27,Nagapattinam,10.7672,79.8449,Delta,24.65,26.41,22.89,83.31,3.01,0.49,18.2,30.67
2007-12-28,Nagapattinam,10.7672,79.8449,Delta,25.01,26.93,23.22,80.77,2.56,0.0,18.74,30.69
2007-12-29,Nagapattinam,10.7672,79.8449,Delta,25.2,27.03,23.9,79.12,2.39,0.0,18.39,30.71
2007-12-30,Nagapattinam,10.7672,79.8449,Delta,25.11,26.67,23.7,83.05,3.09,0.03,17.74,30.74
2007-12-31,Nagapattinam,10.7672,79.8449,Delta,25.16,26.77,23.7,78.5,3.74,0.05,16.69,30.77
2008-01-01,Nagapattinam,10.7672,79.8449,Delta,25.1,26.79,24.0,73.78,4.89,0.09,20.36,30.8
2008-01-02,Nagapattinam,10.7672,79.8449,Delta,24.64,26.26,23.43,77.27,5.18,0.36,19.51,30.84
2008-01-03,Nagapattinam,10.7672,79.8449,Delta,24.85,26.64,23.46,84.72,5.51,4.52,17.62,30.88
2008-01-04,Nagapattinam,10.7672,79.8449,Delta,25.53,27.0,23.55,88.89,4.57,16.72,14.29,30.92
2008-01-05,Nagapattinam,10.7672,79.8449,Delta,25.81,27.22,24.62,83.11,5.69,4.84,13.13,30.96
2008-01-06,Nagapattinam,10.7672,79.8449,Delta,25.13,26.57,24.15,78.54,5.28,0.56,19.16,31.01
2008-01-07,Nagapattinam,10.7672,79.8449,Delta,25.03,26.46,24.13,77.32,5.63,0.57,18.32,31.06
2008-01-08,Nagapattinam,10.7672,79.8449,Delta,25.01,26.49,23.99,78.56,5.12,0.42,18.58,31.11
2008-01-09,Nagapattinam,10.7672,79.8449,Delta,24.79,26.29,23.49,78.92,4.36,0.23,20.08,31.16
2008-01-10,Nagapattinam,10.7672,79.8449,Delta,24.97,26.66,23.75,80.25,3.91,0.34,17.85,31.22
2008-01-11,Nagapattinam,10.7672,79.8449,Delta,24.88,26.47,23.73,79.92,4.36,0.24,17.98,31.28
2008-01-12,Nagapattinam,10.7672,79.8449,Delta,24.86,26.3,23.61,79.17,4.63,0.35,19.49,31.34
2008-01-13,Nagapattinam,10.7672,79.8449,Delta,24.87,26.48,23.81,82.23,4.37,0.15,19.63,31.41
2008-01-14,Nagapattinam,10.7672,79.8449,Delta,24.52,26.22,23.15,81.7,3.74,0.0,18.58,31.47
2008-01-15,Nagapattinam,10.7672,79.8449,Delta,24.32,26.19,22.71,83.75,3.75,0.0,20.29,31.54
2008-01-16,Nagapattinam,10.7672,79.8449,Delta,24.58,26.24,23.4,81.25,4.32,0.04,18.85,31.61
2008-01-17,Nagapattinam,10.7672,79.8449,Delta,24.19,25.97,22.71,77.99,4.04,0.0,20.78,31.69
2008-01-18,Nagapattinam,10.7672,79.8449,Delta,23.67,25.41,22.28,74.9,3.24,0.0,20.62,31.76
2008-01-19,Nagapattinam,10.7672,79.8449,Delta,23.71,25.6,22.13,71.13,2.66,0.0,21.13,31.84
2008-01-20,Nagapattinam,10.7672,79.8449,Delta,24.34,26.03,22.47,75.4,2.73,0.01,22.56,31.92
2008-01-21,Nagapattinam,10.7672,79.8449,Delta,25.11,26.83,23.66,84.64,3.88,0.23,18.87,32.0
2008-01-22,Nagapattinam,10.7672,79.8449,Delta,24.96,26.86,23.57,81.52,3.44,0.03,19.13,32.08
2008-01-23,Nagapattinam,10.7672,79.8449,Delta,24.87,26.92,23.25,76.3,3.29,0.0,21.38,32.17
2008-01-24,Nagapattinam,10.7672,79.8449,Delta,24.79,26.76,23.35,74.42,2.16,0.0,21.64,32.25
2008-01-25,Nagapattinam,10.7672,79.8449,Delta,25.49,27.5,23.83,78.59,1.89,0.01,19.03,32.34
2008-01-26,Nagapattinam,10.7672,79.8449,Delta,25.66,27.86,23.89,80.26,1.74,0.0,18.03,32.43
2008-01-27,Nagapattinam,10.7672,79.8449,Delta,25.51,27.96,23.66,81.73,2.1,0.0,20.55,32.52
2008-01-28,Nagapattinam,10.7672,79.8449,Delta,25.67,27.57,23.9,85.31,3.36,0.22,16.54,32.61
2008-01-29,Nagapattinam,10.7672,79.8449,Delta,25.66,27.32,24.44,84.54,3.45,0.14,16.97,32.7
2008-01-30,Nagapattinam,10.7672,79.8449,Delta,25.91,27.86,24.51,80.02,2.19,0.01,18.12,32.8
2008-01-31,Nagapattinam,10.7672,79.8449,Delta,26.42,28.62,24.68,77.64,2.07,0.0,20.09,32.89
2008-02-01,Nagapattinam,10.7672,79.8449,Delta,26.34,28.36,24.95,76.77,2.25,0.0,17.86,32.99
2008-02-02,Nagapattinam,10.7672,79.8449,Delta,26.2,28.03,24.81,78.67,2.51,0.0,19.14,33.08
2008-02-03,Nagapattinam,10.7672,79.8449,Delta,26.05,27.76,24.75,80.68,3.53,0.0,17.89,33.18
2008-02-04,Nagapattinam,10.7672,79.8449,Delta,26.14,28.04,24.69,79.02,3.22,0.06,18.25,33.27
2008-02-05,Nagapattinam,10.7672,79.8449,Delta,26.0,27.95,24.75,78.58,3.64,0.01,20.26,33.37
2008-02-06,Nagapattinam,10.7672,79.8449,Delta,26.08,27.97,24.6,80.39,3.22,0.22,18.83,33.47
2008-02-07,Nagapattinam,10.7672,79.8449,Delta,26.32,27.96,24.99,82.98,3.48,0.28,17.16,33.57
2008-02-08,Nagapattinam,10.7672,79.8449,Delta,26.44,27.9,25.36,86.54,2.74,4.6,16.49,33.67
2008-02-09,Nagapattinam,10.7672,79.8449,Delta,26.89,28.67,25.57,83.82,3.38,5.15,17.13,33.76
2008-02-10,Nagapattinam,10.7672,79.8449,Delta,26.92,28.36,25.81,85.03,3.28,2.21,17.47,33.86
2008-02-11,Nagapattinam,10.7672,79.8449,Delta,26.76,28.15,25.61,84.23,3.36,1.59,17.71,33.96
2008-02-12,Nagapattinam,10.7672,79.8449,Delta,27.16,29.02,25.83,77.82,3.58,0.62,18.37,34.06
2008-02-13,Nagapattinam,10.7672,79.8449,Delta,26.78,28.73,25.3,77.34,3.27,0.17,19.07,34.16
2008-02-14,Nagapattinam,10.7672,79.8449,Delta,26.89,28.83,25.52,75.65,4.16,0.1,19.04,34.26
2008-02-15,Nagapattinam,10.7672,79.8449,Delta,27.02,28.83,25.39,75.2,4.22,0.31,20.5,34.36
2008-02-16,Nagapattinam,10.7672,79.8449,Delta,27.12,28.93,25.88,76.05,4.2,0.18,20.47,34.45
2008-02-17,Nagapattinam,10.7672,79.8449,Delta,26.4,28.58,24.42,71.61,4.04,0.0,22.61,34.55
2008-02-18,Nagapattinam,10.7672,79.8449,Delta,25.61,28.12,23.6,71.87,3.67,0.0,24.72,34.65
2008-02-19,Nagapattinam,10.7672,79.8449,Delta,25.14,27.88,23.01,71.08,2.69,0.0,24.43,34.75
2008-02-20,Nagapattinam,10.7672,79.8449,Delta,25.69,28.46,23.33,73.74,2.86,0.01,24.65,34.84
2008-02-21,Nagapattinam,10.7672,79.8449,Delta,26.58,29.17,24.78,77.33,3.15,0.03,23.93,34.94
2008-02-22,Nagapattinam,10.7672,79.8449,Delta,26.56,29.21,24.39,76.08,3.85,0.0,22.74,35.03
2008-02-23,Nagapattinam,10.7672,79.8449,Delta,26.3,28.63,24.61,70.66,3.7,0.0,22.29,35.13
2008-02-24,Nagapattinam,10.7672,79.8449,Delta,25.86,28.2,23.96,67.63,3.85,0.0,23.07,35.22
2008-02-25,Nagapattinam,10.7672,79.8449,Delta,25.67,28.25,23.83,68.95,2.93,0.0,23.76,35.31
2008-02-26,Nagapattinam,10.7672,79.8449,Delta,25.9,28.64,23.52,74.85,3.99,0.0,24.01,35.4
2008-02-27,Nagapattinam,10.7672,79.8449,Delta,26.66,29.36,24.57,76.4,5.11,0.03,20.24,35.49
2008-02-28,Nagapattinam,10.7672,79.8449,Delta,26.68,29.13,24.56,70.15,5.02,0.15,22.96,35.58
2008-02-29,Nagapattinam,10.7672,79.8449,Delta,26.96,28.77,25.47,77.51,4.99,3.32,12.04,35.66
2008-03-01,Nagapattinam,10.7672,79.8449,Delta,27.2,28.45,26.35,81.02,3.78,5.62,16.37,35.75
2008-03-02,Nagapattinam,10.7672,79.8449,Delta,27.19,29.57,25.23,77.44,3.57,0.6,21.53,35.83
2008-03-03,Nagapattinam,10.7672,79.8449,Delta,26.2,29.02,23.98,70.42,3.59,0.0,24.84,35.92
2008-03-04,Nagapattinam,10.7672,79.8449,Delta,25.83,28.98,23.57,66.85,2.67,0.0,25.86,36.0
2008-03-05,Nagapattinam,10.7672,79.8449,Delta,26.12,29.17,23.56,78.19,3.61,0.35,24.17,36.08
2008-03-06,Nagapattinam,10.7672,79.8449,Delta,26.49,29.33,24.49,77.5,4.12,0.4,22.58,36.15
2008-03-07,Nagapattinam,10.7672,79.8449,Delta,26.45,29.4,24.43,72.9,4.04,0.01,23.17,36.23
2008-03-08,Nagapattinam,10.7672,79.8449,Delta,26.28,29.11,24.05,73.58,3.87,0.0,25.59,36.31
2008-03-09,Nagapattinam,10.7672,79.8449,Delta,26.65,29.54,24.23,74.94,3.8,0.02,22.84,36.38
2008-03-10,Nagapattinam,10.7672,79.8449,Delta,26.77,29.27,24.68,78.1,3.81,14.55,18.83,36.45
2008-03-11,Nagapattinam,10.7672,79.8449,Delta,26.21,27.23,25.64,84.79,4.63,23.85,15.8,36.52
2008-03-12,Nagapattinam,10.7672,79.8449,Delta,26.06,27.04,25.33,86.22,5.89,12.64,3.26,36.59
2008-03-13,Nagapattinam,10.7672,79.8449,Delta,26.67,28.0,25.27,87.04,4.1,6.92,18.13,36.66
2008-03-14,Nagapattinam,10.7672,79.8449,Delta,26.65,27.67,25.73,86.97,2.83,6.31,19.58,36.73
2008-03-15,Nagapattinam,10.7672,79.8449,Delta,26.39,27.22,25.7,84.7,3.0,4.65,17.74,36.79
2008-03-16,Nagapattinam,10.7672,79.8449,Delta,26.76,28.14,25.79,78.42,3.55,3.02,15.12,36.85
2008-03-17,Nagapattinam,10.7672,79.8449,Delta,27.17,28.56,26.23,84.16,3.92,1.42,13.85,36.91
2008-03-18,Nagapattinam,10.7672,79.8449,Delta,27.39,28.97,26.17,83.76,3.72,1.97,12.76,36.97
2008-03-19,Nagapattinam,10.7672,79.8449,Delta,27.01,28.21,26.11,86.6,3.7,5.36,17.87,37.03
2008-03-20,Nagapattinam,10.7672,79.8449,Delta,26.03,26.6,25.53,89.67,3.25,14.23,19.62,37.08
2008-03-21,Nagapattinam,10.7672,79.8449,Delta,26.55,27.25,25.89,89.13,3.7,11.65,14.63,37.13
2008-03-22,Nagapattinam,10.7672,79.8449,Delta,27.42,28.35,26.61,85.03,3.47,9.23,12.85,37.19
2008-03-23,Nagapattinam,10.7672,79.8449,Delta,27.45,28.35,26.54,85.99,3.42,4.45,10.14,37.23
2008-03-24,Nagapattinam,10.7672,79.8449,Delta,27.62,28.81,26.65,84.82,3.16,4.02,20.92,37.28
2008-03-25,Nagapattinam,10.7672,79.8449,Delta,27.49,28.83,26.42,83.94,2.27,3.19,23.41,37.32
2008-03-26,Nagapattinam,10.7672,79.8449,Delta,27.55,28.87,26.49,81.76,2.04,1.16,21.88,37.36
2008-03-27,Nagapattinam,10.7672,79.8449,Delta,27.53,29.09,26.24,81.81,1.79,0.88,23.1,37.4
2008-03-28,Nagapattinam,10.7672,79.8449,Delta,27.89,29.73,26.29,80.99,2.19,0.17,23.54,37.44
2008-03-29,Nagapattinam,10.7672,79.8449,Delta,28.01,29.81,26.46,79.23,2.26,0.28,20.05,37.48
2008-03-30,Nagapattinam,10.7672,79.8449,Delta,28.15,29.59,26.78,80.02,2.95,4.56,20.58,37.52
2008-03-31,Nagapattinam,10.7672,79.8449,Delta,28.51,30.52,26.78,80.89,3.17,5.59,21.31,37.55
2008-04-01,Nagapattinam,10.7672,79.8449,Delta,28.3,30.08,26.94,81.43,2.68,1.78,17.86,37.59
2008-04-02,Nagapattinam,10.7672,79.8449,Delta,28.06,29.54,26.9,81.1,2.64,1.35,21.83,37.62
2008-04-03,Nagapattinam,10.7672,79.8449,Delta,28.16,29.89,26.94,79.37,2.29,0.81,24.01,37.64
2008-04-04,Nagapattinam,10.7672,79.8449,Delta,28.12,30.27,26.39,77.96,2.64,0.65,24.53,37.67
2008-04-05,Nagapattinam,10.7672,79.8449,Delta,28.06,29.9,26.6,79.01,3.26,0.55,24.99,37.69
2008-04-06,Nagapattinam,10.7672,79.8449,Delta,28.21,30.19,26.65,75.64,3.62,0.47,25.26,37.71
2008-04-07,Nagapattinam,10.7672,79.8449,Delta,28.16,29.97,26.82,77.56,3.79,2.46,22.67,37.73
2008-04-08,Nagapattinam,10.7672,79.8449,Delta,27.77,28.99,26.88,82.06,3.24,4.75,17.5,37.75
2008-04-09,Nagapattinam,10.7672,79.8449,Delta,28.0,29.57,26.79,79.21,2.91,1.32,19.62,37.77
2008-04-10,Nagapattinam,10.7672,79.8449,Delta,28.17,29.63,27.09,78.08,3.16,0.82,23.33,37.78
2008-04-11,Nagapattinam,10.7672,79.8449,Delta,28.4,30.5,26.93,73.44,2.47,0.28,19.0,37.8
2008-04-12,Nagapattinam,10.7672,79.8449,Delta,28.69,30.71,27.04,76.13,3.75,0.58,21.38,37.81
2008-04-13,Nagapattinam,10.7672,79.8449,Delta,28.49,30.48,27.04,77.06,2.65,0.68,22.48,37.82
2008-04-14,Nagapattinam,10.7672,79.8449,Delta,28.7,30.94,26.88,77.53,2.92,0.12,25.21,37.83
2008-04-15,Nagapattinam,10.7672,79.8449,Delta,28.77,30.97,27.03,76.49,2.98,0.17,24.66,37.84
2008-04-16,Nagapattinam,10.7672,79.8449,Delta,28.65,30.72,26.97,77.05,2.74,0.81,24.35,37.84
2008-04-17,Nagapattinam,10.7672,79.8449,Delta,29.08,31.62,26.81,75.15,2.83,0.12,24.73,37.85
2008-04-18,Nagapattinam,10.7672,79.8449,Delta,29.47,32.09,27.2,75.97,3.35,0.46,25.32,37.85
2008-04-19,Nagapattinam,10.7672,79.8449,Delta,29.53,32.52,27.14,75.51,3.65,0.76,23.91,37.85
2008-04-20,Nagapattinam,10.7672,79.8449,Delta,29.54,32.79,26.73,74.98,3.74,0.46,24.11,37.86
2008-04-21,Nagapattinam,10.7672,79.8449,Delta,29.51,32.12,27.27,77.76,3.66,0.06,25.35,37.85
2008-04-22,Nagapattinam,10.7672,79.8449,Delta,30.07,33.66,27.39,72.32,4.1,0.52,25.13,37.85
2008-04-23,Nagapattinam,10.7672,79.8449,Delta,29.92,32.7,27.66,71.07,3.89,0.28,24.23,37.85
2008-04-24,Nagapattinam,10.7672,79.8449,Delta,29.91,31.9,28.13,71.18,3.18,0.06,22.99,37.84
2008-04-25,Nagapattinam,10.7672,79.8449,Delta,29.15,30.53,28.03,73.54,2.67,1.51,21.95,37.84
2008-04-26,Nagapattinam,10.7672,79.8449,Delta,28.94,30.5,27.77,71.1,1.44,2.45,18.85,37.83
2008-04-27,Nagapattinam,10.7672,79.8449,Delta,29.72,32.51,27.14,74.49,3.36,0.7,19.38,37.82
2008-04-28,Nagapattinam,10.7672,79.8449,Delta,30.63,34.19,27.94,73.95,4.64,2.25,18.2,37.81
2008-04-29,Nagapattinam,10.7672,79.8449,Delta,30.43,32.9,28.65,74.4,5.39,5.09,18.46,37.79
2008-04-30,Nagapattinam,10.7672,79.8449,Delta,30.66,33.66,28.18,73.28,5.39,5.42,23.09,37.78
2008-05-01,Nagapattinam,10.7672,79.8449,Delta,30.35,32.51,28.66,78.34,5.91,1.73,23.19,37.77
2008-05-02,Nagapattinam,10.7672,79.8449,Delta,30.25,33.61,28.04,74.14,5.41,0.25,23.83,37.75
2008-05-03,Nagapattinam,10.7672,79.8449,Delta,30.85,35.1,28.23,70.28,5.51,0.28,23.46,37.73
2008-05-04,Nagapattinam,10.7672,79.8449,Delta,30.55,33.7,28.18,71.64,6.12,0.08,23.48,37.72
2008-05-05,Nagapattinam,10.7672,79.8449,Delta,30.6,33.89,28.18,71.32,6.4,0.25,24.11,37.7
2008-05-06,Nagapattinam,10.7672,79.8449,Delta,30.34,33.56,27.98,69.31,5.93,0.4,24.08,37.69
2008-05-07,Nagapattinam,10.7672,79.8449,Delta,29.96,32.84,27.76,73.6,5.63,2.48,23.63,37.67
2008-05-08,Nagapattinam,10.7672,79.8449,Delta,29.65,32.28,27.62,76.65,5.4,3.71,23.44,37.65
2008-05-09,Nagapattinam,10.7672,79.8449,Delta,30.05,33.42,27.46,73.02,5.55,1.76,23.44,37.63
2008-05-10,Nagapattinam,10.7672,79.8449,Delta,29.92,32.73,27.85,75.04,4.92,1.36,23.46,37.61
2008-05-11,Nagapattinam,10.7672,79.8449,Delta,30.08,32.64,28.08,74.55,4.74,0.9,22.92,37.59
2008-05-12,Nagapattinam,10.7672,79.8449,Delta,29.73,31.95,28.15,77.06,5.03,3.21,22.01,37.58
2008-05-13,Nagapattinam,10.7672,79.8449,Delta,30.16,33.35,27.44,71.61,6.03,1.15,23.58,37.56
2008-05-14,Nagapattinam,10.7672,79.8449,Delta,30.01,33.17,27.69,73.27,6.04,3.67,23.59,37.54
2008-05-15,Nagapattinam,10.7672,79.8449,Delta,30.26,33.97,27.59,71.29,5.18,0.84,23.92,37.52
2008-05-16,Nagapattinam,10.7672,79.8449,Delta,30.16,33.28,27.37,69.16,5.09,0.17,23.56,37.5
2008-05-17,Nagapattinam,10.7672,79.8449,Delta,30.3,33.51,27.78,71.37,4.78,0.08,24.15,37.48
2008-05-18,Nagapattinam,10.7672,79.8449,Delta,30.4,33.36,28.38,72.66,4.84,0.01,22.91,37.45
2008-05-19,Nagapattinam,10.7672,79.8449,Delta,30.03,32.46,28.33,75.44,5.14,0.07,23.39,37.43
2008-05-20,Nagapattinam,10.7672,79.8449,Delta,30.13,32.83,28.03,73.34,5.9,0.16,24.19,37.41
2008-05-21,Nagapattinam,10.7672,79.8449,Delta,29.83,31.88,27.99,75.14,5.34,0.91,24.3,37.39
2008-05-22,Nagapattinam,10.7672,79.8449,Delta,29.82,32.42,27.66,73.74,4.12,1.92,24.61,37.37
2008-05-23,Nagapattinam,10.7672,79.8449,Delta,29.61,31.72,28.16,75.28,4.26,0.22,23.47,37.35
2008-05-24,Nagapattinam,10.7672,79.8449,Delta,29.34,31.37,27.79,75.77,4.22,0.08,24.19,37.32
2008-05-25,Nagapattinam,10.7672,79.8449,Delta,29.71,32.08,27.76,74.22,4.85,1.01,19.89,37.3
2008-05-26,Nagapattinam,10.7672,79.8449,Delta,29.36,30.85,27.9,76.82,4.52,0.82,23.39,37.28
2008-05-27,Nagapattinam,10.7672,79.8449,Delta,29.96,32.4,27.92,76.13,4.39,0.29,23.92,37.26
2008-05-28,Nagapattinam,10.7672,79.8449,Delta,29.6,31.6,28.16,79.13,4.94,0.68,22.84,37.24
2008-05-29,Nagapattinam,10.7672,79.8449,Delta,29.59,31.72,27.73,76.93,5.54,0.66,22.09,37.21
2008-05-30,Nagapattinam,10.7672,79.8449,Delta,29.78,32.32,27.62,73.46,4.73,1.42,22.35,37.19
2008-05-31,Nagapattinam,10.7672,79.8449,Delta,29.31,31.2,27.42,75.86,4.74,1.55,22.55,37.17
2008-06-01,Nagapattinam,10.7672,79.8449,Delta,29.33,31.45,27.4,76.52,4.2,1.39,20.67,37.15
2008-06-02,Nagapattinam,10.7672,79.8449,Delta,29.56,31.86,27.43,74.43,4.51,1.1,22.77,37.14
2008-06-03,Nagapattinam,10.7672,79.8449,Delta,29.79,32.12,27.53,72.61,4.72,3.41,23.06,37.12
2008-06-04,Nagapattinam,10.7672,79.8449,Delta,30.33,33.41,27.45,69.4,4.19,2.63,25.2,37.1
2008-06-05,Nagapattinam,10.7672,79.8449,Delta,29.76,32.8,27.33,69.23,4.55,0.38,24.1,37.08
2008-06-06,Nagapattinam,10.7672,79.8449,Delta,29.97,32.13,27.81,68.99,4.43,0.94,23.19,37.07
2008-06-07,Nagapattinam,10.7672,79.8449,Delta,28.8,31.17,26.42,73.43,4.18,2.34,23.56,37.05
2008-06-08,Nagapattinam,10.7672,79.8449,Delta,27.81,29.04,26.53,80.5,4.27,3.57,20.75,37.04
2008-06-09,Nagapattinam,10.7672,79.8449,Delta,28.06,29.19,26.9,79.71,4.64,6.25,18.09,37.03
2008-06-10,Nagapattinam,10.7672,79.8449,Delta,28.76,31.3,26.66,70.6,4.05,0.76,17.62,37.01
2008-06-11,Nagapattinam,10.7672,79.8449,Delta,29.91,33.02,27.22,70.97,4.19,3.84,22.25,37.0
2008-06-12,Nagapattinam,10.7672,79.8449,Delta,29.33,31.31,27.44,73.17,5.24,1.16,12.55,36.99
2008-06-13,Nagapattinam,10.7672,79.8449,Delta,30.27,33.43,27.32,65.66,5.56,0.21,18.36,36.98
2008-06-14,Nagapattinam,10.7672,79.8449,Delta,30.32,33.58,27.22,65.58,5.72,0.52,21.81,36.97
2008-06-15,Nagapattinam,10.7672,79.8449,Delta,30.59,34.12,27.37,64.67,5.69,0.15,22.71,36.96
2008-06-16,Nagapattinam,10.7672,79.8449,Delta,30.42,33.23,27.6,66.03,6.06,0.05,20.39,36.95
2008-06-17,Nagapattinam,10.7672,79.8449,Delta,30.42,33.63,27.58,67.31,5.65,0.13,20.27,36.95
2008-06-18,Nagapattinam,10.7672,79.8449,Delta,30.21,32.99,27.63,68.14,5.34,0.25,20.74,36.94
2008-06-19,Nagapattinam,10.7672,79.8449,Delta,30.22,32.8,28.17,70.2,5.33,0.49,20.27,36.93
2008-06-20,Nagapattinam,10.7672,79.8449,Delta,30.08,32.46,28.47,72.39,4.87,0.37,22.69,36.92
2008-06-21,Nagapattinam,10.7672,79.8449,Delta,30.23,32.54,28.57,73.66,4.81,1.42,22.27,36.92
2008-06-22,Nagapattinam,10.7672,79.8449,Delta,29.99,32.66,27.72,69.88,5.12,1.37,21.1,36.91
2008-06-23,Nagapattinam,10.7672,79.8449,Delta,29.99,32.51,28.28,68.45,5.9,0.68,21.97,36.91
2008-06-24,Nagapattinam,10.7672,79.8449,Delta,30.59,33.74,27.84,64.86,5.2,0.12,21.7,36.91
2008-06-25,Nagapattinam,10.7672,79.8449,Delta,30.12,32.73,27.81,66.32,6.07,0.27,20.9,36.9
2008-06-26,Nagapattinam,10.7672,79.8449,Delta,30.25,32.98,27.75,65.15,5.75,0.09,20.98,36.9
2008-06-27,Nagapattinam,10.7672,79.8449,Delta,30.48,33.34,27.75,67.35,5.81,1.04,22.61,36.9
2008-06-28,Nagapattinam,10.7672,79.8449,Delta,29.82,31.76,27.97,70.79,5.81,0.97,19.92,36.9
2008-06-29,Nagapattinam,10.7672,79.8449,Delta,29.93,31.98,27.83,68.0,5.51,0.09,19.04,36.9
2008-06-30,Nagapattinam,10.7672,79.8449,Delta,30.3,33.28,27.73,66.38,4.78,0.05,23.41,36.91
2008-07-01,Nagapattinam,10.7672,79.8449,Delta,29.53,31.53,27.82,67.43,5.01,0.5,20.19,36.91
2008-07-02,Nagapattinam,10.7672,79.8449,Delta,29.98,33.13,27.26,63.83,4.7,0.01,24.43,36.91
2008-07-03,Nagapattinam,10.7672,79.8449,Delta,30.34,33.0,28.16,67.15,4.59,0.35,23.69,36.92
2008-07-04,Nagapattinam,10.7672,79.8449,Delta,29.02,30.64,27.82,75.06,4.02,2.31,22.1,36.92
2008-07-05,Nagapattinam,10.7672,79.8449,Delta,29.62,32.28,28.04,73.7,4.75,1.31,22.42,36.93
2008-07-06,Nagapattinam,10.7672,79.8449,Delta,29.8,32.15,28.15,73.76,4.86,0.9,22.47,36.94
2008-07-07,Nagapattinam,10.7672,79.8449,Delta,30.5,33.24,27.76,66.11,4.94,1.4,22.15,36.94
2008-07-08,Nagapattinam,10.7672,79.8449,Delta,30.38,33.45,27.76,61.22,4.74,0.13,20.66,36.95
2008-07-09,Nagapattinam,10.7672,79.8449,Delta,30.53,33.53,27.9,62.39,5.15,0.43,20.05,36.96
2008-07-10,Nagapattinam,10.7672,79.8449,Delta,30.0,32.52,27.78,65.02,5.32,0.37,19.52,36.97
2008-07-11,Nagapattinam,10.7672,79.8449,Delta,30.34,33.44,27.48,63.81,5.14,0.03,22.82,36.98
2008-07-12,Nagapattinam,10.7672,79.8449,Delta,30.09,33.47,27.41,65.3,4.88,0.05,22.23,36.99
2008-07-13,Nagapattinam,10.7672,79.8449,Delta,30.19,32.58,28.58,67.85,3.66,0.46,22.21,37.0
2008-07-14,Nagapattinam,10.7672,79.8449,Delta,29.66,31.34,28.24,73.52,3.9,0.85,21.7,37.02
2008-07-15,Nagapattinam,10.7672,79.8449,Delta,29.29,31.28,27.83,77.27,4.89,1.9,21.61,37.03
2008-07-16,Nagapattinam,10.7672,79.8449,Delta,29.56,32.29,27.54,72.96,4.49,1.39,22.43,37.04
2008-07-17,Nagapattinam,10.7672,79.8449,Delta,29.95,32.12,27.95,70.82,4.04,1.3,23.47,37.05
2008-07-18,Nagapattinam,10.7672,79.8449,Delta,29.57,31.41,28.04,74.2,3.53,3.46,23.66,37.06
2008-07-19,Nagapattinam,10.7672,79.8449,Delta,28.62,30.99,26.86,76.47,4.16,1.5,21.75,37.08
2008-07-20,Nagapattinam,10.7672,79.8449,Delta,28.33,30.0,26.83,77.64,3.49,14.43,21.6,37.09
2008-07-21,Nagapattinam,10.7672,79.8449,Delta,28.4,29.79,26.99,80.58,2.53,5.32,21.33,37.1
2008-07-22,Nagapattinam,10.7672,79.8449,Delta,28.47,30.33,26.53,77.88,3.16,3.71,22.1,37.11
2008-07-23,Nagapattinam,10.7672,79.8449,Delta,28.81,30.5,26.88,77.61,3.2,3.54,20.46,37.13
2008-07-24,Nagapattinam,10.7672,79.8449,Delta,28.96,31.48,26.72,73.99,4.53,3.04,22.17,37.14
2008-07-25,Nagapattinam,10.7672,79.8449,Delta,29.04,31.91,26.37,70.63,5.89,1.41,16.84,37.15
2008-07-26,Nagapattinam,10.7672,79.8449,Delta,29.44,32.39,26.69,70.63,5.96,1.35,20.14,37.16
2008-07-27,Nagapattinam,10.7672,79.8449,Delta,28.74,31.08,26.91,72.37,7.26,2.47,13.48,37.18
2008-07-28,Nagapattinam,10.7672,79.8449,Delta,28.69,31.03,26.56,72.36,7.82,0.62,16.75,37.19
2008-07-29,Nagapattinam,10.7672,79.8449,Delta,29.24,32.91,26.66,69.71,6.52,0.76,20.69,37.2
2008-07-30,Nagapattinam,10.7672,79.8449,Delta,29.02,32.23,26.14,69.84,6.08,0.84,20.13,37.22
2008-07-31,Nagapattinam,10.7672,79.8449,Delta,29.19,32.5,26.18,70.96,4.84,3.49,21.1,37.23
2008-08-01,Nagapattinam,10.7672,79.8449,Delta,29.23,32.65,26.21,72.95,5.16,1.8,23.06,37.24
2008-08-02,Nagapattinam,10.7672,79.8449,Delta,29.31,31.8,26.99,73.25,3.97,0.7,15.78,37.25
2008-08-03,Nagapattinam,10.7672,79.8449,Delta,28.82,30.44,27.36,76.74,3.54,3.81,18.15,37.27
2008-08-04,Nagapattinam,10.7672,79.8449,Delta,28.67,30.65,27.18,75.68,3.24,2.42,14.26,37.28
2008-08-05,Nagapattinam,10.7672,79.8449,Delta,28.85,30.88,27.23,77.11,4.6,1.68,23.39,37.29
2008-08-06,Nagapattinam,10.7672,79.8449,Delta,29.07,31.79,26.46,72.73,4.83,0.71,23.42,37.3
2008-08-07,Nagapattinam,10.7672,79.8449,Delta,28.99,31.35,27.04,73.08,5.3,1.04,23.91,37.31
2008-08-08,Nagapattinam,10.7672,79.8449,Delta,29.31,32.41,26.63,68.98,6.37,0.97,17.59,37.32
2008-08-09,Nagapattinam,10.7672,79.8449,Delta,29.4,32.26,27.0,66.31,6.98,0.88,16.7,37.33
2008-08-10,Nagapattinam,10.7672,79.8449,Delta,29.3,32.51,26.69,68.04,6.36,0.76,16.68,37.34
2008-08-11,Nagapattinam,10.7672,79.8449,Delta,29.08,32.2,26.64,67.37,6.3,0.49,20.76,37.34
2008-08-12,Nagapattinam,10.7672,79.8449,Delta,28.91,31.69,26.76,69.81,5.58,0.81,22.34,37.35
2008-08-13,Nagapattinam,10.7672,79.8449,Delta,28.65,31.6,26.18,70.84,4.96,1.67,21.36,37.36
2008-08-14,Nagapattinam,10.7672,79.8449,Delta,29.19,32.89,26.32,70.22,4.35,1.09,20.66,37.36
2008-08-15,Nagapattinam,10.7672,79.8449,Delta,28.74,31.46,26.41,74.31,4.69,2.46,17.5,37.37
2008-08-16,Nagapattinam,10.7672,79.8449,Delta,28.51,31.72,25.73,72.42,4.43,1.55,19.29,37.37
2008-08-17,Nagapattinam,10.7672,79.8449,Delta,28.27,30.18,26.54,78.38,3.32,5.21,22.32,37.37
2008-08-18,Nagapattinam,10.7672,79.8449,Delta,27.98,29.5,26.63,81.24,3.25,4.13,19.86,37.37
2008-08-19,Nagapattinam,10.7672,79.8449,Delta,28.16,29.62,26.75,80.81,3.62,3.56,17.13,37.37
2008-08-20,Nagapattinam,10.7672,79.8449,Delta,28.57,30.72,27.01,80.09,4.06,3.69,21.3,37.37
2008-08-21,Nagapattinam,10.7672,79.8449,Delta,29.06,31.61,27.02,74.92,4.37,2.56,22.15,37.37
2008-08-22,Nagapattinam,10.7672,79.8449,Delta,28.94,32.18,25.97,71.28,4.32,0.77,23.17,37.36
2008-08-23,Nagapattinam,10.7672,79.8449,Delta,29.29,32.06,27.08,72.46,3.91,0.48,22.86,37.36
2008-08-24,Nagapattinam,10.7672,79.8449,Delta,28.42,29.97,27.04,76.27,2.87,3.19,23.46,37.35
2008-08-25,Nagapattinam,10.7672,79.8449,Delta,28.48,30.28,26.73,78.03,2.94,3.05,22.79,37.34
2008-08-26,Nagapattinam,10.7672,79.8449,Delta,28.62,30.4,26.78,76.46,3.07,13.26,22.03,37.34
2008-08-27,Nagapattinam,10.7672,79.8449,Delta,28.11,29.4,26.74,77.67,2.3,8.09,23.86,37.32
2008-08-28,Nagapattinam,10.7672,79.8449,Delta,28.46,29.98,27.06,77.11,2.61,2.7,20.52,37.31
2008-08-29,Nagapattinam,10.7672,79.8449,Delta,28.49,30.19,26.67,79.37,3.05,2.69,21.71,37.3
2008-08-30,Nagapattinam,10.7672,79.8449,Delta,28.18,29.56,27.03,81.56,4.14,3.37,19.94,37.29
2008-08-31,Nagapattinam,10.7672,79.8449,Delta,28.11,29.58,26.92,82.02,3.89,4.71,10.55,37.27
2008-09-01,Nagapattinam,10.7672,79.8449,Delta,28.21,30.07,26.38,78.76,2.91,2.07,21.31,37.26
2008-09-02,Nagapattinam,10.7672,79.8449,Delta,28.97,30.83,27.18,77.03,2.52,1.63,21.45,37.24
2008-09-03,Nagapattinam,10.7672,79.8449,Delta,28.63,30.02,27.5,79.01,4.02,3.34,21.81,37.22
2008-09-04,Nagapattinam,10.7672,79.8449,Delta,28.47,29.99,27.16,80.75,3.64,2.63,22.05,37.2
2008-09-05,Nagapattinam,10.7672,79.8449,Delta,28.6,30.25,27.18,81.19,3.94,2.05,23.84,37.18
2008-09-06,Nagapattinam,10.7672,79.8449,Delta,28.76,30.48,27.26,80.84,3.76,4.86,20.48,37.15
2008-09-07,Nagapattinam,10.7672,79.8449,Delta,27.76,29.02,26.75,83.0,4.54,2.19,9.99,37.13
2008-09-08,Nagapattinam,10.7672,79.8449,Delta,27.63,30.13,25.64,77.98,5.39,4.1,14.07,37.1
2008-09-09,Nagapattinam,10.7672,79.8449,Delta,28.97,32.32,25.99,73.41,5.7,1.05,17.38,37.07
2008-09-10,Nagapattinam,10.7672,79.8449,Delta,28.92,31.98,26.06,73.67,5.64,0.99,18.64,37.04
2008-09-11,Nagapattinam,10.7672,79.8449,Delta,29.07,31.68,26.73,72.99,6.21,0.35,22.47,37.01
2008-09-12,Nagapattinam,10.7672,79.8449,Delta,28.72,31.72,26.04,67.98,5.83,0.58,22.6,36.98
2008-09-13,Nagapattinam,10.7672,79.8449,Delta,28.8,31.58,26.43,74.44,4.78,0.7,23.74,36.94
2008-09-14,Nagapattinam,10.7672,79.8449,Delta,29.37,32.66,25.97,72.44,4.67,1.18,24.05,36.9
2008-09-15,Nagapattinam,10.7672,79.8449,Delta,29.28,32.17,26.51,71.29,4.5,1.55,20.07,36.87
2008-09-16,Nagapattinam,10.7672,79.8449,Delta,29.44,32.61,25.93,70.02,5.33,0.76,19.65,36.83
2008-09-17,Nagapattinam,10.7672,79.8449,Delta,29.06,32.32,25.86,70.94,4.55,0.07,23.96,36.78
2008-09-18,Nagapattinam,10.7672,79.8449,Delta,29.49,33.04,25.85,69.08,3.99,0.01,24.17,36.74
2008-09-19,Nagapattinam,10.7672,79.8449,Delta,29.51,32.73,26.71,70.61,4.5,0.08,23.12,36.69
2008-09-20,Nagapattinam,10.7672,79.8449,Delta,29.16,31.11,27.58,75.51,4.74,2.78,21.13,36.65
2008-09-21,Nagapattinam,10.7672,79.8449,Delta,28.29,29.52,27.13,78.43,4.09,1.96,17.1,36.6
2008-09-22,Nagapattinam,10.7672,79.8449,Delta,28.85,31.06,27.06,78.36,4.94,1.29,21.2,36.55
2008-09-23,Nagapattinam,10.7672,79.8449,Delta,29.37,32.08,27.06,73.68,4.53,0.33,22.06,36.5
2008-09-24,Nagapattinam,10.7672,79.8449,Delta,29.07,31.0,27.43,76.15,5.3,0.61,20.85,36.44
2008-09-25,Nagapattinam,10.7672,79.8449,Delta,29.59,32.49,26.94,70.66,4.28,0.24,17.35,36.39
2008-09-26,Nagapattinam,10.7672,79.8449,Delta,29.53,32.36,26.96,69.74,2.85,1.28,22.2,36.33
2008-09-27,Nagapattinam,10.7672,79.8449,Delta,29.65,32.27,27.44,72.81,3.39,1.43,22.11,36.27
2008-09-28,Nagapattinam,10.7672,79.8449,Delta,29.38,32.1,26.99,69.45,2.63,0.08,19.42,36.21
2008-09-29,Nagapattinam,10.7672,79.8449,Delta,29.57,32.32,27.31,70.08,3.4,0.02,23.0,36.15
2008-09-30,Nagapattinam,10.7672,79.8449,Delta,29.46,32.27,27.26,69.84,3.32,0.08,22.47,36.08
2008-10-01,Nagapattinam,10.7672,79.8449,Delta,29.59,32.41,27.3,71.2,3.49,0.15,22.4,36.02
2008-10-02,Nagapattinam,10.7672,79.8449,Delta,29.62,32.52,27.24,70.24,3.14,0.52,22.21,35.95
2008-10-03,Nagapattinam,10.7672,79.8449,Delta,29.32,31.56,27.62,71.39,3.52,1.79,21.21,35.89
2008-10-04,Nagapattinam,10.7672,79.8449,Delta,28.79,30.79,27.1,73.69,3.31,0.98,20.12,35.82
2008-10-05,Nagapattinam,10.7672,79.8449,Delta,29.25,31.55,27.34,70.58,3.23,0.64,22.29,35.75
2008-10-06,Nagapattinam,10.7672,79.8449,Delta,29.39,31.61,27.38,71.05,3.26,0.44,23.02,35.68
2008-10-07,Nagapattinam,10.7672,79.8449,Delta,29.45,31.81,27.56,72.41,4.23,1.38,21.9,35.6
2008-10-08,Nagapattinam,10.7672,79.8449,Delta,29.56,32.11,27.22,71.1,3.73,0.88,22.56,35.53
2008-10-09,Nagapattinam,10.7672,79.8449,Delta,29.25,31.2,27.6,73.76,3.03,0.69,21.94,35.45
2008-10-10,Nagapattinam,10.7672,79.8449,Delta,29.13,31.54,27.41,72.86,2.91,0.29,22.47,35.38
2008-10-11,Nagapattinam,10.7672,79.8449,Delta,28.12,29.31,26.84,79.14,3.16,5.55,19.52,35.3
2008-10-12,Nagapattinam,10.7672,79.8449,Delta,27.5,28.82,26.59,82.12,3.96,10.16,16.41,35.22
2008-10-13,Nagapattinam,10.7672,79.8449,Delta,27.63,28.57,26.78,84.57,4.67,9.85,16.41,35.14
2008-10-14,Nagapattinam,10.7672,79.8449,Delta,27.66,28.66,26.91,87.38,4.11,12.75,12.25,35.06
2008-10-15,Nagapattinam,10.7672,79.8449,Delta,27.67,28.81,26.75,85.65,3.28,8.78,17.41,34.98
2008-10-16,Nagapattinam,10.7672,79.8449,Delta,27.52,28.92,26.42,84.26,2.5,7.19,16.11,34.89
2008-10-17,Nagapattinam,10.7672,79.8449,Delta,27.58,28.71,26.66,84.59,3.43,6.53,16.93,34.81
2008-10-18,Nagapattinam,10.7672,79.8449,Delta,27.74,28.88,26.84,86.4,3.51,12.78,15.36,34.72
2008-10-19,Nagapattinam,10.7672,79.8449,Delta,27.75,29.29,26.56,84.0,3.16,7.05,19.38,34.64
2008-10-20,Nagapattinam,10.7672,79.8449,Delta,27.58,28.46,26.82,85.16,3.42,20.35,17.63,34.55
2008-10-21,Nagapattinam,10.7672,79.8449,Delta,27.56,28.56,27.0,86.58,3.13,25.46,10.76,34.46
2008-10-22,Nagapattinam,10.7672,79.8449,Delta,27.26,28.2,26.58,85.49,2.19,21.89,13.27,34.37
2008-10-23,Nagapattinam,10.7672,79.8449,Delta,27.41,28.33,26.61,85.1,3.27,16.06,9.51,34.28
2008-10-24,Nagapattinam,10.7672,79.8449,Delta,27.44,29.05,25.9,83.75,3.5,7.36,9.76,34.19
2008-10-25,Nagapattinam,10.7672,79.8449,Delta,28.06,29.93,26.53,83.24,4.18,4.05,19.5,34.1
2008-10-26,Nagapattinam,10.7672,79.8449,Delta,27.56,28.52,26.57,83.95,2.92,6.23,11.54,34.01
2008-10-27,Nagapattinam,10.7672,79.8449,Delta,27.82,29.54,26.0,69.19,2.1,1.84,16.19,33.92
2008-10-28,Nagapattinam,10.7672,79.8449,Delta,27.32,29.41,25.19,63.85,3.15,0.01,21.66,33.83
2008-10-29,Nagapattinam,10.7672,79.8449,Delta,27.49,29.34,25.77,66.82,2.72,0.0,22.73,33.74
2008-10-30,Nagapattinam,10.7672,79.8449,Delta,27.15,29.05,25.67,64.65,3.15,0.0,22.73,33.65
2008-10-31,Nagapattinam,10.7672,79.8449,Delta,27.31,29.51,25.54,59.72,2.11,0.0,22.72,33.56
2008-11-01,Nagapattinam,10.7672,79.8449,Delta,27.15,29.1,25.9,67.04,2.27,0.0,19.63,33.46
2008-11-02,Nagapattinam,10.7672,79.8449,Delta,27.13,29.36,24.68,63.35,2.69,0.0,20.63,33.37
2008-11-03,Nagapattinam,10.7672,79.8449,Delta,27.5,29.7,25.56,57.97,2.02,0.0,21.35,33.28
2008-11-04,Nagapattinam,10.7672,79.8449,Delta,27.3,29.51,25.72,61.37,2.88,0.0,21.11,33.19
2008-11-05,Nagapattinam,10.7672,79.8449,Delta,27.06,29.14,25.37,63.07,2.92,0.0,19.35,33.1
2008-11-06,Nagapattinam,10.7672,79.8449,Delta,27.24,29.01,25.57,70.66,3.05,0.1,18.87,33.01
2008-11-07,Nagapattinam,10.7672,79.8449,Delta,27.2,28.92,25.65,78.8,4.06,0.84,15.04,32.92
2008-11-08,Nagapattinam,10.7672,79.8449,Delta,27.54,29.24,26.19,80.53,4.53,3.88,18.21,32.84
2008-11-09,Nagapattinam,10.7672,79.8449,Delta,27.73,29.66,26.03,80.03,4.52,1.14,19.63,32.75
2008-11-10,Nagapattinam,10.7672,79.8449,Delta,27.87,29.68,26.82,78.75,4.65,0.97,16.73,32.66
2008-11-11,Nagapattinam,10.7672,79.8449,Delta,27.62,29.2,26.47,75.85,5.23,1.62,19.8,32.57
2008-11-12,Nagapattinam,10.7672,79.8449,Delta,27.18,28.8,26.11,79.82,5.37,5.62,11.83,32.49
2008-11-13,Nagapattinam,10.7672,79.8449,Delta,27.15,28.84,25.7,81.65,5.12,7.3,16.31,32.4
2008-11-14,Nagapattinam,10.7672,79.8449,Delta,27.18,29.56,24.68,73.43,4.21,0.14,13.0,32.32
2008-11-15,Nagapattinam,10.7672,79.8449,Delta,27.78,30.57,25.21,72.86,2.93,0.93,17.93,32.24
2008-11-16,Nagapattinam,10.7672,79.8449,Delta,27.9,30.34,25.89,74.98,2.86,0.32,18.73,32.15
2008-11-17,Nagapattinam,10.7672,79.8449,Delta,27.47,28.76,26.63,80.93,2.99,1.75,15.05,32.07
2008-11-18,Nagapattinam,10.7672,79.8449,Delta,27.77,29.49,26.33,80.7,3.69,2.14,18.06,31.99
2008-11-19,Nagapattinam,10.7672,79.8449,Delta,27.61,28.58,26.82,85.61,4.6,15.13,3.64,31.91
2008-11-20,Nagapattinam,10.7672,79.8449,Delta,27.64,28.57,26.98,86.08,4.53,9.26,12.04,31.84
2008-11-21,Nagapattinam,10.7672,79.8449,Delta,26.97,27.86,25.98,86.82,4.75,13.37,14.81,31.76
2008-11-22,Nagapattinam,10.7672,79.8449,Delta,26.61,27.31,26.06,87.37,6.07,22.67,8.75,31.69
2008-11-23,Nagapattinam,10.7672,79.8449,Delta,27.21,28.36,26.32,85.16,5.91,24.59,3.94,31.62
2008-11-24,Nagapattinam,10.7672,79.8449,Delta,26.96,28.08,26.02,85.28,6.59,35.96,5.91,31.55
2008-11-25,Nagapattinam,10.7672,79.8449,Delta,26.44,26.93,25.87,89.59,8.18,90.58,2.4,31.48
2008-11-26,Nagapattinam,10.7672,79.8449,Delta,26.73,27.27,25.98,91.25,8.24,89.61,2.31,31.42
2008-11-27,Nagapattinam,10.7672,79.8449,Delta,26.17,26.9,25.22,90.55,6.45,45.1,3.23,31.35
2008-11-28,Nagapattinam,10.7672,79.8449,Delta,26.77,27.39,26.36,89.63,4.07,28.2,15.23,31.29
2008-11-29,Nagapattinam,10.7672,79.8449,Delta,26.83,27.86,26.0,89.37,3.92,18.5,18.55,31.23
2008-11-30,Nagapattinam,10.7672,79.8449,Delta,26.43,27.54,25.62,89.04,3.73,3.6,18.19,31.18
2008-12-01,Nagapattinam,10.7672,79.8449,Delta,26.48,27.89,25.38,83.89,3.79,0.96,17.34,31.12
2008-12-02,Nagapattinam,10.7672,79.8449,Delta,25.94,27.38,24.7,75.87,3.16,0.0,19.98,31.07
2008-12-03,Nagapattinam,10.7672,79.8449,Delta,25.48,27.08,24.33,74.82,2.72,0.22,21.1,31.02
2008-12-04,Nagapattinam,10.7672,79.8449,Delta,25.3,26.86,23.9,80.88,3.39,0.58,20.51,30.98
2008-12-05,Nagapattinam,10.7672,79.8449,Delta,25.88,27.17,24.74,83.01,4.85,1.81,16.99,30.93
2008-12-06,Nagapattinam,10.7672,79.8449,Delta,26.39,27.7,25.3,81.43,5.64,5.67,10.83,30.89
2008-12-07,Nagapattinam,10.7672,79.8449,Delta,26.49,27.42,25.6,86.59,5.87,5.13,5.94,30.85
2008-12-08,Nagapattinam,10.7672,79.8449,Delta,26.82,27.47,26.34,88.36,4.97,10.15,10.1,30.82
2008-12-09,Nagapattinam,10.7672,79.8449,Delta,26.66,27.27,26.31,88.03,4.86,13.6,12.81,30.78
2008-12-10,Nagapattinam,10.7672,79.8449,Delta,26.49,27.6,25.01,83.41,4.16,2.39,10.95,30.75
2008-12-11,Nagapattinam,10.7672,79.8449,Delta,25.27,26.62,24.07,84.9,3.97,0.23,19.55,30.72
2008-12-12,Nagapattinam,10.7672,79.8449,Delta,25.38,27.09,24.09,85.62,3.97,2.5,13.46,30.7
2008-12-13,Nagapattinam,10.7672,79.8449,Delta,25.82,26.75,24.71,85.6,4.76,3.28,12.57,30.68
2008-12-14,Nagapattinam,10.7672,79.8449,Delta,26.22,27.44,25.23,84.32,5.51,7.27,10.91,30.66
2008-12-15,Nagapattinam,10.7672,79.8449,Delta,26.38,27.33,25.62,82.64,5.56,6.71,10.7,30.64
2008-12-16,Nagapattinam,10.7672,79.8449,Delta,26.37,27.46,25.69,80.35,5.02,1.06,13.1,30.63
2008-12-17,Nagapattinam,10.7672,79.8449,Delta,26.22,27.32,25.55,78.41,5.75,0.5,13.31,30.62
2008-12-18,Nagapattinam,10.7672,79.8449,Delta,26.06,27.14,25.41,80.06,5.82,1.2,6.62,30.61
2008-12-19,Nagapattinam,10.7672,79.8449,Delta,25.92,27.07,25.14,79.85,5.16,1.11,10.55,30.6
2008-12-20,Nagapattinam,10.7672,79.8449,Delta,25.89,27.25,24.65,80.4,4.29,0.58,18.16,30.6
2008-12-21,Nagapattinam,10.7672,79.8449,Delta,25.84,27.48,24.66,77.63,4.02,0.98,19.22,30.6
2008-12-22,Nagapattinam,10.7672,79.8449,Delta,25.59,27.47,23.99,71.39,3.69,0.1,21.0,30.61
2008-12-23,Nagapattinam,10.7672,79.8449,Delta,25.62,27.21,24.62,78.64,4.57,0.39,17.86,30.62
2008-12-24,Nagapattinam,10.7672,79.8449,Delta,25.59,27.06,24.24,83.51,4.4,1.67,17.66,30.63
2008-12-25,Nagapattinam,10.7672,79.8449,Delta,25.86,27.33,24.72,80.36,4.58,0.76,17.01,30.64
2008-12-26,Nagapattinam,10.7672,79.8449,Delta,25.58,27.07,24.29,75.16,3.08,0.0,19.78,30.66
2008-12-27,Nagapattinam,10.7672,79.8449,Delta,25.12,26.79,23.79,75.77,3.04,0.0,19.97,30.68
2008-12-28,Nagapattinam,10.7672,79.8449,Delta,24.75,26.76,23.05,73.84,3.04,0.0,20.67,30.7
2008-12-29,Nagapattinam,10.7672,79.8449,Delta,24.5,26.24,22.93,76.15,3.78,0.04,19.78,30.73
2008-12-30,Nagapattinam,10.7672,79.8449,Delta,24.71,26.34,23.38,69.79,3.56,0.0,20.05,30.76
2008-12-31,Nagapattinam,10.7672,79.8449,Delta,24.88,26.61,22.97,68.32,3.41,0.08,18.04,30.79
2009-01-01,Nagapattinam,10.7672,79.8449,Delta,25.6,27.22,24.43,72.0,3.9,0.61,19.75,30.82
2009-01-02,Nagapattinam,10.7672,79.8449,Delta,25.7,27.56,24.49,70.53,3.81,0.39,18.53,30.86
2009-01-03,Nagapattinam,10.7672,79.8449,Delta,25.35,27.06,24.12,72.88,3.94,0.5,18.33,30.9
2009-01-04,Nagapattinam,10.7672,79.8449,Delta,25.48,27.2,24.11,70.11,3.85,0.16,20.03,30.95
2009-01-05,Nagapattinam,10.7672,79.8449,Delta,25.46,27.13,24.27,68.62,3.38,0.0,19.35,30.99
2009-01-06,Nagapattinam,10.7672,79.8449,Delta,25.53,27.25,24.29,74.6,3.35,2.61,18.86,31.04
2009-01-07,Nagapattinam,10.7672,79.8449,Delta,25.08,26.06,23.88,83.58,3.91,9.36,11.23,31.1
2009-01-08,Nagapattinam,10.7672,79.8449,Delta,25.75,27.3,24.64,79.72,4.27,0.86,18.46,31.15
2009-01-09,Nagapattinam,10.7672,79.8449,Delta,25.42,26.38,24.75,81.26,4.97,1.36,16.74,31.21
2009-01-10,Nagapattinam,10.7672,79.8449,Delta,25.5,26.8,24.68,78.78,5.0,0.48,17.51,31.27
2009-01-11,Nagapattinam,10.7672,79.8449,Delta,25.52,27.08,24.53,78.69,4.73,0.99,18.56,31.33
2009-01-12,Nagapattinam,10.7672,79.8449,Delta,25.15,26.47,23.96,75.8,4.91,0.29,19.34,31.39
2009-01-13,Nagapattinam,10.7672,79.8449,Delta,25.7,27.27,24.51,71.31,5.53,0.38,19.83,31.46
2009-01-14,Nagapattinam,10.7672,79.8449,Delta,25.65,27.08,24.82,73.5,5.72,0.97,19.91,31.53
2009-01-15,Nagapattinam,10.7672,79.8449,Delta,25.71,27.08,24.63,76.43,6.12,2.15,15.91,31.6
2009-01-16,Nagapattinam,10.7672,79.8449,Delta,25.77,27.48,24.44,68.72,4.9,0.07,20.37,31.67
2009-01-17,Nagapattinam,10.7672,79.8449,Delta,25.63,27.37,24.21,72.51,4.89,0.05,19.68,31.74
2009-01-18,Nagapattinam,10.7672,79.8449,Delta,25.43,27.2,24.3,72.99,4.3,0.05,17.38,31.82
2009-01-19,Nagapattinam,10.7672,79.8449,Delta,25.07,26.71,23.99,73.88,4.51,0.01,20.24,31.9
2009-01-20,Nagapattinam,10.7672,79.8449,Delta,24.77,26.64,23.56,72.4,4.38,0.0,20.61,31.98
2009-01-21,Nagapattinam,10.7672,79.8449,Delta,24.52,26.41,23.29,73.31,3.6,0.02,20.4,32.06
2009-01-22,Nagapattinam,10.7672,79.8449,Delta,24.78,26.59,23.58,74.68,3.49,0.01,19.54,32.14
2009-01-23,Nagapattinam,10.7672,79.8449,Delta,24.4,25.91,23.27,75.19,3.73,0.0,20.45,32.23
2009-01-24,Nagapattinam,10.7672,79.8449,Delta,25.18,27.05,23.64,70.12,3.28,0.11,20.67,32.32
2009-01-25,Nagapattinam,10.7672,79.8449,Delta,25.16,27.16,23.76,75.58,3.49,0.27,20.7,32.4
2009-01-26,Nagapattinam,10.7672,79.8449,Delta,25.33,26.88,23.83,83.32,3.97,0.9,14.77,32.49
2009-01-27,Nagapattinam,10.7672,79.8449,Delta,25.89,27.59,24.63,86.14,3.53,2.2,11.18,32.58
2009-01-28,Nagapattinam,10.7672,79.8449,Delta,25.68,27.38,24.02,84.68,2.93,0.39,18.18,32.68
2009-01-29,Nagapattinam,10.7672,79.8449,Delta,24.69,26.85,23.28,82.71,2.73,0.01,18.29,32.77
2009-01-30,Nagapattinam,10.7672,79.8449,Delta,24.6,26.91,23.07,79.19,2.58,0.0,21.51,32.86
2009-01-31,Nagapattinam,10.7672,79.8449,Delta,24.86,27.13,23.25,76.79,2.96,0.0,21.7,32.96
2009-02-01,Nagapattinam,10.7672,79.8449,Delta,24.84,26.97,23.35,76.15,2.68,0.24,21.96,33.05
2009-02-02,Nagapattinam,10.7672,79.8449,Delta,25.06,27.41,23.55,76.55,2.63,0.0,22.09,33.15
2009-02-03,Nagapattinam,10.7672,79.8449,Delta,25.27,27.64,23.64,79.36,2.74,0.0,21.89,33.25
2009-02-04,Nagapattinam,10.7672,79.8449,Delta,25.15,27.5,23.46,76.61,2.59,0.0,21.76,33.35
2009-02-05,Nagapattinam,10.7672,79.8449,Delta,25.04,27.58,23.17,71.89,3.24,0.0,22.68,33.45
2009-02-06,Nagapattinam,10.7672,79.8449,Delta,25.0,27.27,23.44,75.01,3.45,0.0,22.05,33.54
2009-02-07,Nagapattinam,10.7672,79.8449,Delta,25.03,27.1,23.3,77.41,3.72,0.0,22.19,33.64
2009-02-08,Nagapattinam,10.7672,79.8449,Delta,25.51,27.4,23.97,72.54,4.33,0.07,20.17,33.74
2009-02-09,Nagapattinam,10.7672,79.8449,Delta,25.43,27.54,23.84,67.39,4.52,0.0,22.77,33.84
2009-02-10,Nagapattinam,10.7672,79.8449,Delta,24.75,27.03,23.04,68.17,3.23,0.0,21.19,33.94
2009-02-11,Nagapattinam,10.7672,79.8449,Delta,24.97,27.69,23.08,69.3,2.43,0.0,23.95,34.04
2009-02-12,Nagapattinam,10.7672,79.8449,Delta,24.79,27.64,22.8,69.35,1.98,0.0,23.26,34.14
2009-02-13,Nagapattinam,10.7672,79.8449,Delta,25.41,28.4,23.32,69.72,2.16,0.0,23.39,34.24
2009-02-14,Nagapattinam,10.7672,79.8449,Delta,25.63,28.48,23.65,70.61,2.73,0.0,23.47,34.34
2009-02-15,Nagapattinam,10.7672,79.8449,Delta,25.68,28.37,23.88,65.1,2.66,0.0,24.22,34.43
2009-02-16,Nagapattinam,10.7672,79.8449,Delta,25.33,27.78,23.74,75.68,3.4,0.0,22.88,34.53
2009-02-17,Nagapattinam,10.7672,79.8449,Delta,25.81,27.98,24.06,72.36,4.45,0.0,21.27,34.63
2009-02-18,Nagapattinam,10.7672,79.8449,Delta,25.93,28.22,24.43,71.01,4.5,0.0,22.9,34.72
2009-02-19,Nagapattinam,10.7672,79.8449,Delta,25.78,28.07,23.91,74.92,4.47,0.0,23.45,34.82
2009-02-20,Nagapattinam,10.7672,79.8449,Delta,26.61,28.65,24.63,75.92,4.18,0.0,21.4,34.91
2009-02-21,Nagapattinam,10.7672,79.8449,Delta,27.23,29.45,25.65,75.92,4.19,0.01,22.43,35.01
2009-02-22,Nagapattinam,10.7672,79.8449,Delta,26.85,29.36,25.05,80.52,3.41,0.0,22.47,35.1
2009-02-23,Nagapattinam,10.7672,79.8449,Delta,27.19,29.91,25.09,78.45,2.65,0.0,22.71,35.19
2009-02-24,Nagapattinam,10.7672,79.8449,Delta,27.49,30.37,25.49,78.01,2.2,0.0,23.29,35.28
2009-02-25,Nagapattinam,10.7672,79.8449,Delta,27.37,30.31,24.86,78.29,2.45,0.0,23.42,35.37
2009-02-26,Nagapattinam,10.7672,79.8449,Delta,27.66,30.72,25.59,76.59,2.42,0.0,23.81,35.46
2009-02-27,Nagapattinam,10.7672,79.8449,Delta,27.34,30.67,24.99,72.78,2.43,0.0,24.07,35.55
2009-02-28,Nagapattinam,10.7672,79.8449,Delta,27.81,31.08,25.07,65.46,2.36,0.0,25.0,35.64
2009-03-01,Nagapattinam,10.7672,79.8449,Delta,28.11,31.76,25.34,64.76,2.6,0.0,25.12,35.73
2009-03-02,Nagapattinam,10.7672,79.8449,Delta,28.0,31.39,25.73,69.23,2.55,0.0,24.77,35.81
2009-03-03,Nagapattinam,10.7672,79.8449,Delta,27.81,31.05,25.33,68.4,2.28,0.0,24.34,35.89
2009-03-04,Nagapattinam,10.7672,79.8449,Delta,27.92,31.43,25.04,65.08,2.48,0.0,24.47,35.98
2009-03-05,Nagapattinam,10.7672,79.8449,Delta,28.06,32.08,24.78,63.48,2.35,0.0,24.76,36.06
2009-03-06,Nagapattinam,10.7672,79.8449,Delta,27.9,31.86,24.56,69.42,2.54,0.0,25.46,36.14
2009-03-07,Nagapattinam,10.7672,79.8449,Delta,27.44,31.2,24.75,71.61,2.8,0.0,24.52,36.22
2009-03-08,Nagapattinam,10.7672,79.8449,Delta,27.29,30.37,24.85,74.82,3.28,0.0,19.52,36.29
2009-03-09,Nagapattinam,10.7672,79.8449,Delta,26.25,28.27,24.31,77.14,4.73,29.01,8.51,36.37
2009-03-10,Nagapattinam,10.7672,79.8449,Delta,25.77,26.39,25.13,82.83,8.42,35.32,6.22,36.44
2009-03-11,Nagapattinam,10.7672,79.8449,Delta,27.02,28.23,26.29,83.23,3.71,3.79,20.87,36.51
2009-03-12,Nagapattinam,10.7672,79.8449,Delta,27.33,29.33,25.83,76.44,2.11,0.3,22.48,36.58
2009-03-13,Nagapattinam,10.7672,79.8449,Delta,27.32,28.92,26.1,78.22,2.16,0.4,22.43,36.65
2009-03-14,Nagapattinam,10.7672,79.8449,Delta,26.99,28.42,25.86,83.36,2.61,1.56,19.93,36.71
2009-03-15,Nagapattinam,10.7672,79.8449,Delta,27.14,29.24,25.68,79.93,2.5,1.28,21.24,36.78
2009-03-16,Nagapattinam,10.7672,79.8449,Delta,27.1,29.68,25.25,73.87,2.43,0.0,23.3,36.84
2009-03-17,Nagapattinam,10.7672,79.8449,Delta,27.12,30.04,25.04,71.76,2.22,0.0,23.28,36.9
2009-03-18,Nagapattinam,10.7672,79.8449,Delta,27.24,30.19,25.08,74.73,2.31,0.0,24.76,36.96
2009-03-19,Nagapattinam,10.7672,79.8449,Delta,27.81,30.96,25.35,73.86,2.23,0.01,25.08,37.01
2009-03-20,Nagapattinam,10.7672,79.8449,Delta,27.78,30.76,25.23,77.5,2.64,0.09,25.27,37.07
2009-03-21,Nagapattinam,10.7672,79.8449,Delta,27.86,30.71,25.66,74.36,2.84,0.05,23.76,37.12
2009-03-22,Nagapattinam,10.7672,79.8449,Delta,27.69,30.3,25.88,75.27,3.01,0.03,22.64,37.17
2009-03-23,Nagapattinam,10.7672,79.8449,Delta,27.64,30.34,25.59,76.55,3.32,0.09,23.68,37.22
2009-03-24,Nagapattinam,10.7672,79.8449,Delta,27.6,30.29,25.43,75.5,3.29,0.04,23.6,37.27
2009-03-25,Nagapattinam,10.7672,79.8449,Delta,27.93,30.69,25.67,73.25,3.14,0.01,24.16,37.31
2009-03-26,Nagapattinam,10.7672,79.8449,Delta,28.03,30.84,25.74,74.09,2.65,0.05,24.61,37.35
2009-03-27,Nagapattinam,10.7672,79.8449,Delta,28.34,31.14,26.31,76.03,2.81,0.39,23.77,37.4
2009-03-28,Nagapattinam,10.7672,79.8449,Delta,28.23,30.77,26.34,77.86,3.02,0.16,23.34,37.44
2009-03-29,Nagapattinam,10.7672,79.8449,Delta,28.49,31.29,26.19,74.63,2.95,0.2,24.71,37.47
2009-03-30,Nagapattinam,10.7672,79.8449,Delta,28.68,31.52,26.44,72.21,2.97,0.08,26.26,37.51
2009-03-31,Nagapattinam,10.7672,79.8449,Delta,28.7,31.57,26.47,73.93,3.19,0.02,26.24,37.55
2009-04-01,Nagapattinam,10.7672,79.8449,Delta,28.75,31.9,26.43,71.54,3.14,0.0,26.67,37.58
2009-04-02,Nagapattinam,10.7672,79.8449,Delta,28.81,31.76,26.79,71.42,2.94,0.02,26.28,37.61
2009-04-03,Nagapattinam,10.7672,79.8449,Delta,28.84,31.75,26.62,73.67,3.14,0.03,25.47,37.64
2009-04-04,Nagapattinam,10.7672,79.8449,Delta,28.8,31.5,26.65,74.33,3.06,0.19,26.22,37.66
2009-04-05,Nagapattinam,10.7672,79.8449,Delta,29.2,31.48,27.41,75.02,2.26,1.0,23.72,37.69
2009-04-06,Nagapattinam,10.7672,79.8449,Delta,29.1,31.2,27.69,78.08,2.52,1.17,22.21,37.71
2009-04-07,Nagapattinam,10.7672,79.8449,Delta,29.18,31.65,27.38,76.83,3.26,0.65,24.92,37.73
2009-04-08,Nagapattinam,10.7672,79.8449,Delta,29.11,31.27,27.63,76.79,2.68,3.99,20.74,37.75
2009-04-09,Nagapattinam,10.7672,79.8449,Delta,28.45,29.39,27.72,81.37,3.15,4.58,20.55,37.77
2009-04-10,Nagapattinam,10.7672,79.8449,Delta,28.44,29.66,27.35,79.55,3.69,7.24,6.44,37.79
2009-04-11,Nagapattinam,10.7672,79.8449,Delta,28.47,30.3,27.32,75.32,2.98,26.68,11.31,37.8
2009-04-12,Nagapattinam,10.7672,79.8449,Delta,28.6,30.95,27.23,73.95,2.53,4.46,10.46,37.81
2009-04-13,Nagapattinam,10.7672,79.8449,Delta,29.21,32.75,26.13,67.06,2.28,0.8,19.4,37.82
2009-04-14,Nagapattinam,10.7672,79.8449,Delta,29.5,32.85,27.08,69.93,3.15,0.0,20.22,37.83
2009-04-15,Nagapattinam,10.7672,79.8449,Delta,29.52,32.63,26.84,71.95,2.33,0.01,23.3,37.84
2009-04-16,Nagapattinam,10.7672,79.8449,Delta,30.21,32.5,28.25,75.95,3.04,0.08,21.53,37.84
2009-04-17,Nagapattinam,10.7672,79.8449,Delta,30.19,32.17,28.78,78.74,4.73,0.22,22.15,37.85
2009-04-18,Nagapattinam,10.7672,79.8449,Delta,30.41,32.59,28.85,74.56,4.31,0.1,24.01,37.85
2009-04-19,Nagapattinam,10.7672,79.8449,Delta,30.24,32.53,28.57,75.74,4.97,0.13,24.88,37.85
2009-04-20,Nagapattinam,10.7672,79.8449,Delta,30.03,32.01,28.57,77.49,4.81,0.33,24.1,37.85
2009-04-21,Nagapattinam,10.7672,79.8449,Delta,29.85,31.74,28.4,81.11,4.69,0.54,22.8,37.85
2009-04-22,Nagapattinam,10.7672,79.8449,Delta,29.53,31.53,27.82,81.82,4.67,0.33,23.96,37.84
2009-04-23,Nagapattinam,10.7672,79.8449,Delta,29.89,32.17,28.05,80.31,4.05,0.3,24.75,37.84
2009-04-24,Nagapattinam,10.7672,79.8449,Delta,30.11,32.96,27.78,77.14,3.88,0.15,24.94,37.84
2009-04-25,Nagapattinam,10.7672,79.8449,Delta,29.81,32.35,27.74,77.8,3.57,0.29,22.77,37.83
2009-04-26,Nagapattinam,10.7672,79.8449,Delta,29.27,30.52,28.17,80.15,2.62,0.55,23.56,37.82
2009-04-27,Nagapattinam,10.7672,79.8449,Delta,29.3,31.55,27.58,77.3,2.8,0.32,23.68,37.81
2009-04-28,Nagapattinam,10.7672,79.8449,Delta,29.6,32.42,27.32,72.77,3.15,0.02,24.1,37.8
2009-04-29,Nagapattinam,10.7672,79.8449,Delta,30.42,33.59,28.12,72.18,3.83,0.11,24.59,37.79
2009-04-30,Nagapattinam,10.7672,79.8449,Delta,30.42,33.65,28.28,74.36,5.12,0.45,23.63,37.78
2009-05-01,Nagapattinam,10.7672,79.8449,Delta,30.45,33.68,28.26,74.92,4.77,0.66,24.34,37.77
2009-05-02,Nagapattinam,10.7672,79.8449,Delta,30.01,33.08,28.26,79.62,4.43,0.65,24.59,37.76
2009-05-03,Nagapattinam,10.7672,79.8449,Delta,29.71,32.21,28.11,81.04,4.57,0.75,24.72,37.74
2009-05-04,Nagapattinam,10.7672,79.8449,Delta,30.3,33.36,27.98,76.6,5.09,0.75,24.44,37.73
2009-05-05,Nagapattinam,10.7672,79.8449,Delta,30.38,33.45,28.1,74.5,4.25,0.82,23.28,37.71
2009-05-06,Nagapattinam,10.7672,79.8449,Delta,30.26,32.96,27.79,76.95,4.0,0.49,23.77,37.7
2009-05-07,Nagapattinam,10.7672,79.8449,Delta,30.99,33.57,29.26,73.42,4.05,0.06,23.75,37.68
2009-05-08,Nagapattinam,10.7672,79.8449,Delta,30.51,32.61,28.93,76.32,4.66,0.2,23.6,37.66
2009-05-09,Nagapattinam,10.7672,79.8449,Delta,31.26,33.96,29.06,71.98,4.26,0.29,23.57,37.64
2009-05-10,Nagapattinam,10.7672,79.8449,Delta,31.48,35.12,28.59,69.69,4.3,0.56,23.38,37.63
2009-05-11,Nagapattinam,10.7672,79.8449,Delta,31.47,34.8,29.39,73.05,4.62,0.84,23.05,37.61
2009-05-12,Nagapattinam,10.7672,79.8449,Delta,31.16,34.31,29.04,74.58,4.89,0.37,23.35,37.59
2009-05-13,Nagapattinam,10.7672,79.8449,Delta,31.11,33.93,29.24,74.27,4.86,0.78,21.99,37.57
2009-05-14,Nagapattinam,10.7672,79.8449,Delta,31.14,33.79,29.42,72.95,5.33,0.49,24.19,37.54
2009-05-15,Nagapattinam,10.7672,79.8449,Delta,30.54,32.26,28.84,72.79,3.93,4.13,23.12,37.52
2009-05-16,Nagapattinam,10.7672,79.8449,Delta,30.1,32.9,28.01,73.61,3.39,0.48,20.96,37.5
2009-05-17,Nagapattinam,10.7672,79.8449,Delta,30.09,31.88,28.47,74.26,4.53,2.86,20.64,37.48
2009-05-18,Nagapattinam,10.7672,79.8449,Delta,30.17,32.19,28.43,75.41,3.81,5.09,19.34,37.46
2009-05-19,Nagapattinam,10.7672,79.8449,Delta,29.4,30.97,27.99,77.26,4.21,5.18,18.03,37.44
2009-05-20,Nagapattinam,10.7672,79.8449,Delta,29.21,31.45,27.4,71.93,4.87,7.34,12.89,37.41
2009-05-21,Nagapattinam,10.7672,79.8449,Delta,28.16,29.22,27.12,77.72,3.21,3.76,13.16,37.39
2009-05-22,Nagapattinam,10.7672,79.8449,Delta,30.22,33.65,27.17,71.62,4.29,3.64,19.18,37.37
2009-05-23,Nagapattinam,10.7672,79.8449,Delta,30.16,32.36,28.11,73.16,4.31,5.53,22.93,37.35
2009-05-24,Nagapattinam,10.7672,79.8449,Delta,30.46,33.4,27.51,70.69,5.53,8.94,17.0,37.33
2009-05-25,Nagapattinam,10.7672,79.8449,Delta,29.79,31.85,27.27,70.54,4.41,3.31,17.55,37.3
2009-05-26,Nagapattinam,10.7672,79.8449,Delta,29.76,31.45,28.09,73.94,4.42,1.71,20.23,37.28
2009-05-27,Nagapattinam,10.7672,79.8449,Delta,29.85,32.29,27.9,73.6,5.07,0.95,19.4,37.26
2009-05-28,Nagapattinam,10.7672,79.8449,Delta,30.09,32.8,28.12,75.12,4.45,0.9,24.53,37.24
2009-05-29,Nagapattinam,10.7672,79.8449,Delta,30.58,33.65,28.03,71.95,4.35,0.46,23.63,37.22
2009-05-30,Nagapattinam,10.7672,79.8449,Delta,30.36,32.15,28.8,75.04,3.68,1.67,17.29,37.2
2009-05-31,Nagapattinam,10.7672,79.8449,Delta,29.29,31.65,27.67,77.82,4.8,1.76,20.74,37.18
2009-06-01,Nagapattinam,10.7672,79.8449,Delta,30.28,33.01,27.76,71.77,4.88,0.55,23.96,37.16
2009-06-02,Nagapattinam,10.7672,79.8449,Delta,30.88,34.07,28.14,66.86,5.29,0.02,25.66,37.15
2009-06-03,Nagapattinam,10.7672,79.8449,Delta,31.59,35.21,28.4,64.29,5.12,0.35,22.48,37.13
2009-06-04,Nagapattinam,10.7672,79.8449,Delta,31.53,35.04,28.77,63.97,5.57,0.48,24.4,37.11
2009-06-05,Nagapattinam,10.7672,79.8449,Delta,31.16,34.06,28.94,63.81,6.43,0.75,23.34,37.1
2009-06-06,Nagapattinam,10.7672,79.8449,Delta,30.23,31.93,28.26,65.51,7.37,0.07,16.11,37.08
2009-06-07,Nagapattinam,10.7672,79.8449,Delta,30.06,33.51,26.91,62.02,7.17,0.06,20.63,37.07
2009-06-08,Nagapattinam,10.7672,79.8449,Delta,31.0,34.72,27.16,62.44,6.2,0.17,21.68,37.05
2009-06-09,Nagapattinam,10.7672,79.8449,Delta,30.71,33.72,28.08,66.7,4.44,0.19,23.64,37.04
2009-06-10,Nagapattinam,10.7672,79.8449,Delta,30.65,33.25,28.77,70.03,5.0,0.76,23.07,37.02
2009-06-11,Nagapattinam,10.7672,79.8449,Delta,30.04,32.22,27.75,70.47,4.84,0.95,22.8,37.01
2009-06-12,Nagapattinam,10.7672,79.8449,Delta,30.12,33.49,27.38,67.83,4.69,0.55,23.46,37.0
2009-06-13,Nagapattinam,10.7672,79.8449,Delta,29.97,32.69,27.9,70.59,4.92,0.45,22.6,36.99
2009-06-14,Nagapattinam,10.7672,79.8449,Delta,30.2,33.02,27.74,68.08,4.93,0.76,23.69,36.97
2009-06-15,Nagapattinam,10.7672,79.8449,Delta,30.49,32.89,28.32,67.79,4.61,0.55,23.05,36.96
2009-06-16,Nagapattinam,10.7672,79.8449,Delta,30.95,34.13,27.83,63.67,5.64,0.34,25.18,36.95
2009-06-17,Nagapattinam,10.7672,79.8449,Delta,30.94,33.88,28.27,65.07,5.56,0.35,23.6,36.94
2009-06-18,Nagapattinam,10.7672,79.8449,Delta,29.73,31.57,28.11,71.0,5.93,1.52,23.2,36.94
2009-06-19,Nagapattinam,10.7672,79.8449,Delta,29.2,31.08,27.47,74.6,5.74,0.66,23.82,36.93
2009-06-20,Nagapattinam,10.7672,79.8449,Delta,29.65,32.05,27.5,71.98,5.66,0.45,21.22,36.92
2009-06-21,Nagapattinam,10.7672,79.8449,Delta,29.86,32.0,27.59,70.02,5.06,0.24,23.61,36.92
2009-06-22,Nagapattinam,10.7672,79.8449,Delta,29.78,32.22,27.5,71.99,5.0,0.98,23.57,36.91
2009-06-23,Nagapattinam,10.7672,79.8449,Delta,30.02,32.77,27.64,69.61,4.82,0.49,22.46,36.91
2009-06-24,Nagapattinam,10.7672,79.8449,Delta,29.93,32.91,27.32,66.65,5.25,0.8,22.79,36.91
2009-06-25,Nagapattinam,10.7672,79.8449,Delta,29.94,32.54,27.22,65.93,3.98,1.03,21.79,36.91
2009-06-26,Nagapattinam,10.7672,79.8449,Delta,29.44,32.33,26.92,63.46,6.32,0.67,21.79,36.91
2009-06-27,Nagapattinam,10.7672,79.8449,Delta,29.7,33.04,27.09,61.67,5.26,0.25,19.0,36.91
2009-06-28,Nagapattinam,10.7672,79.8449,Delta,30.26,33.47,27.08,63.29,4.07,0.38,23.64,36.91
2009-06-29,Nagapattinam,10.7672,79.8449,Delta,30.16,33.09,27.6,67.51,4.68,0.56,22.8,36.91
2009-06-30,Nagapattinam,10.7672,79.8449,Delta,30.45,33.03,28.35,67.15,4.55,0.95,23.6,36.91
2009-07-01,Nagapattinam,10.7672,79.8449,Delta,29.76,32.26,27.71,66.02,6.21,0.44,22.49,36.92
2009-07-02,Nagapattinam,10.7672,79.8449,Delta,29.66,32.73,26.94,67.09,6.02,0.28,20.97,36.92
2009-07-03,Nagapattinam,10.7672,79.8449,Delta,29.56,32.28,27.25,68.27,5.78,3.36,20.16,36.92
2009-07-04,Nagapattinam,10.7672,79.8449,Delta,29.07,31.79,26.99,71.25,6.2,0.84,21.58,36.93
2009-07-05,Nagapattinam,10.7672,79.8449,Delta,29.67,32.81,26.53,67.19,6.05,0.45,17.35,36.93
2009-07-06,Nagapattinam,10.7672,79.8449,Delta,29.75,32.76,27.22,66.96,6.23,0.41,15.51,36.94
2009-07-07,Nagapattinam,10.7672,79.8449,Delta,29.17,31.78,26.98,68.59,6.34,3.43,16.09,36.95
2009-07-08,Nagapattinam,10.7672,79.8449,Delta,30.0,33.53,26.88,65.51,5.63,1.03,19.92,36.96
2009-07-09,Nagapattinam,10.7672,79.8449,Delta,29.71,32.3,27.11,65.04,5.89,0.16,20.43,36.97
2009-07-10,Nagapattinam,10.7672,79.8449,Delta,30.06,33.22,27.28,62.01,4.79,0.01,17.6,36.98
2009-07-11,Nagapattinam,10.7672,79.8449,Delta,30.31,33.23,27.53,65.53,4.81,0.06,22.98,36.99
2009-07-12,Nagapattinam,10.7672,79.8449,Delta,30.28,32.94,27.6,66.0,4.97,0.02,22.44,36.99
2009-07-13,Nagapattinam,10.7672,79.8449,Delta,30.53,33.6,27.75,64.09,6.31,0.44,20.0,37.0
2009-07-14,Nagapattinam,10.7672,79.8449,Delta,30.28,32.77,28.0,65.24,7.13,0.48,20.16,37.01
2009-07-15,Nagapattinam,10.7672,79.8449,Delta,29.92,32.7,27.67,63.68,7.42,3.58,17.77,37.02
2009-07-16,Nagapattinam,10.7672,79.8449,Delta,29.36,32.17,26.71,68.27,6.49,1.98,19.89,37.04
2009-07-17,Nagapattinam,10.7672,79.8449,Delta,28.7,31.56,26.9,72.93,6.87,0.54,18.72,37.05
2009-07-18,Nagapattinam,10.7672,79.8449,Delta,29.77,32.77,26.87,67.13,6.59,0.22,19.37,37.06
2009-07-19,Nagapattinam,10.7672,79.8449,Delta,30.13,33.09,27.45,64.8,5.51,0.51,20.43,37.07
2009-07-20,Nagapattinam,10.7672,79.8449,Delta,30.35,34.17,26.99,64.06,5.56,0.75,19.5,37.08
2009-07-21,Nagapattinam,10.7672,79.8449,Delta,30.35,33.49,27.4,63.56,6.04,0.15,22.13,37.1
2009-07-22,Nagapattinam,10.7672,79.8449,Delta,30.44,33.85,26.96,61.31,5.74,0.01,22.73,37.11
2009-07-23,Nagapattinam,10.7672,79.8449,Delta,30.2,33.12,27.17,63.46,4.97,0.08,18.92,37.12
2009-07-24,Nagapattinam,10.7672,79.8449,Delta,30.35,33.59,27.69,62.1,4.38,0.06,21.59,37.14
2009-07-25,Nagapattinam,10.7672,79.8449,Delta,30.24,33.39,28.19,67.07,3.93,0.1,23.4,37.15
2009-07-26,Nagapattinam,10.7672,79.8449,Delta,29.87,32.23,28.33,69.42,4.57,0.52,20.85,37.16
2009-07-27,Nagapattinam,10.7672,79.8449,Delta,30.23,33.22,27.94,67.75,4.73,0.65,23.07,37.18
2009-07-28,Nagapattinam,10.7672,79.8449,Delta,30.1,32.85,27.75,67.81,5.29,0.21,21.69,37.19
2009-07-29,Nagapattinam,10.7672,79.8449,Delta,29.88,32.76,27.57,70.07,4.74,4.47,21.37,37.21
2009-07-30,Nagapattinam,10.7672,79.8449,Delta,29.91,32.86,27.62,69.05,4.2,2.91,23.8,37.22
2009-07-31,Nagapattinam,10.7672,79.8449,Delta,29.39,31.57,27.9,73.5,4.61,6.86,18.21,37.23
2009-08-01,Nagapattinam,10.7672,79.8449,Delta,29.56,32.4,26.98,70.41,4.65,1.9,20.7,37.25
2009-08-02,Nagapattinam,10.7672,79.8449,Delta,29.97,32.88,27.05,67.19,4.8,0.1,21.92,37.26
2009-08-03,Nagapattinam,10.7672,79.8449,Delta,30.46,33.62,27.18,67.08,4.23,0.1,24.15,37.27
2009-08-04,Nagapattinam,10.7672,79.8449,Delta,30.52,33.57,27.57,66.82,4.83,0.14,23.1,37.28
2009-08-05,Nagapattinam,10.7672,79.8449,Delta,30.25,33.22,27.62,65.52,5.04,0.03,21.55,37.29
2009-08-06,Nagapattinam,10.7672,79.8449,Delta,30.3,33.25,27.55,67.81,4.81,0.01,22.0,37.3
2009-08-07,Nagapattinam,10.7672,79.8449,Delta,30.48,33.46,27.87,65.71,4.52,0.03,23.14,37.31
2009-08-08,Nagapattinam,10.7672,79.8449,Delta,30.24,32.98,27.82,67.26,4.82,0.03,23.74,37.32
2009-08-09,Nagapattinam,10.7672,79.8449,Delta,30.43,33.39,28.06,67.75,4.74,0.39,22.55,37.33
2009-08-10,Nagapattinam,10.7672,79.8449,Delta,30.42,33.25,28.27,68.11,4.53,1.97,21.33,37.34
2009-08-11,Nagapattinam,10.7672,79.8449,Delta,29.98,32.39,27.91,70.51,3.92,1.14,21.6,37.34
2009-08-12,Nagapattinam,10.7672,79.8449,Delta,29.86,32.65,27.84,71.96,4.03,2.02,22.13,37.35
2009-08-13,Nagapattinam,10.7672,79.8449,Delta,29.64,31.48,28.37,73.65,3.92,3.62,22.37,37.36
2009-08-14,Nagapattinam,10.7672,79.8449,Delta,29.18,31.02,27.78,75.93,3.67,2.99,21.73,37.36
2009-08-15,Nagapattinam,10.7672,79.8449,Delta,27.59,28.46,26.79,81.19,3.33,4.6,17.59,37.36
2009-08-16,Nagapattinam,10.7672,79.8449,Delta,28.68,30.92,26.85,73.13,2.13,8.61,16.65,37.37
2009-08-17,Nagapattinam,10.7672,79.8449,Delta,27.92,29.61,26.25,77.68,3.16,13.47,7.55,37.37
2009-08-18,Nagapattinam,10.7672,79.8449,Delta,28.22,29.94,26.63,78.33,3.24,3.0,19.82,37.37
2009-08-19,Nagapattinam,10.7672,79.8449,Delta,28.29,29.7,27.1,79.16,3.28,1.47,22.3,37.37
2009-08-20,Nagapattinam,10.7672,79.8449,Delta,28.05,29.52,26.83,79.64,2.7,2.76,19.96,37.37
2009-08-21,Nagapattinam,10.7672,79.8449,Delta,28.29,29.89,26.9,78.83,4.72,1.83,22.92,37.37
2009-08-22,Nagapattinam,10.7672,79.8449,Delta,28.96,31.61,26.96,74.46,6.1,1.33,21.79,37.36
2009-08-23,Nagapattinam,10.7672,79.8449,Delta,29.37,32.31,26.77,71.5,6.2,2.07,23.48,37.36
2009-08-24,Nagapattinam,10.7672,79.8449,Delta,29.56,32.43,26.7,71.44,5.52,1.74,20.03,37.36
2009-08-25,Nagapattinam,10.7672,79.8449,Delta,29.4,32.32,26.6,69.6,5.36,0.93,17.66,37.35
2009-08-26,Nagapattinam,10.7672,79.8449,Delta,29.92,32.8,27.12,67.69,5.51,0.46,21.07,37.34
2009-08-27,Nagapattinam,10.7672,79.8449,Delta,29.65,32.95,26.75,67.48,5.48,0.37,23.37,37.33
2009-08-28,Nagapattinam,10.7672,79.8449,Delta,29.98,33.32,26.99,67.65,5.31,0.14,24.01,37.32
2009-08-29,Nagapattinam,10.7672,79.8449,Delta,30.04,33.16,27.12,67.49,4.32,0.16,23.94,37.31
2009-08-30,Nagapattinam,10.7672,79.8449,Delta,29.15,31.27,27.55,71.31,4.71,1.37,21.97,37.3
2009-08-31,Nagapattinam,10.7672,79.8449,Delta,28.73,30.32,27.15,74.11,4.25,2.58,11.98,37.28
2009-09-01,Nagapattinam,10.7672,79.8449,Delta,28.39,31.5,26.05,77.32,4.61,6.96,14.56,37.27
2009-09-02,Nagapattinam,10.7672,79.8449,Delta,29.22,32.43,26.39,69.38,5.67,1.93,19.05,37.25
2009-09-03,Nagapattinam,10.7672,79.8449,Delta,29.41,31.99,26.58,68.87,4.88,0.88,20.86,37.23
2009-09-04,Nagapattinam,10.7672,79.8449,Delta,29.82,32.95,27.09,67.25,6.31,0.13,20.89,37.21
2009-09-05,Nagapattinam,10.7672,79.8449,Delta,30.08,33.68,27.11,66.2,7.02,0.25,18.51,37.19
2009-09-06,Nagapattinam,10.7672,79.8449,Delta,30.18,33.41,27.52,66.86,6.73,0.29,21.05,37.16
2009-09-07,Nagapattinam,10.7672,79.8449,Delta,30.58,34.06,27.19,67.58,5.38,0.52,23.26,37.14
2009-09-08,Nagapattinam,10.7672,79.8449,Delta,30.08,32.98,27.52,69.38,5.18,0.1,22.79,37.11
2009-09-09,Nagapattinam,10.7672,79.8449,Delta,30.02,33.13,27.36,68.87,4.82,0.01,23.63,37.08
2009-09-10,Nagapattinam,10.7672,79.8449,Delta,29.85,32.98,27.75,69.86,4.06,0.0,23.67,37.05
2009-09-11,Nagapattinam,10.7672,79.8449,Delta,29.83,32.87,27.46,73.28,3.6,0.02,24.38,37.02
2009-09-12,Nagapattinam,10.7672,79.8449,Delta,29.79,32.04,27.81,72.22,3.11,0.02,21.98,36.98
2009-09-13,Nagapattinam,10.7672,79.8449,Delta,29.98,32.37,27.9,71.17,3.67,0.33,21.53,36.95
2009-09-14,Nagapattinam,10.7672,79.8449,Delta,30.19,33.14,27.74,73.17,3.94,4.07,21.55,36.91
2009-09-15,Nagapattinam,10.7672,79.8449,Delta,29.55,31.87,27.9,72.43,3.4,7.67,23.31,36.87
2009-09-16,Nagapattinam,10.7672,79.8449,Delta,29.73,31.91,27.89,75.37,2.96,3.99,18.94,36.83
2009-09-17,Nagapattinam,10.7672,79.8449,Delta,29.37,31.58,27.57,75.93,3.49,2.98,20.98,36.79
2009-09-18,Nagapattinam,10.7672,79.8449,Delta,29.2,31.18,27.5,76.76,3.7,3.54,19.64,36.75
2009-09-19,Nagapattinam,10.7672,79.8449,Delta,28.87,30.86,27.06,76.28,3.63,2.32,21.92,36.7
2009-09-20,Nagapattinam,10.7672,79.8449,Delta,29.18,31.87,26.71,73.17,3.32,1.62,22.36,36.66
2009-09-21,Nagapattinam,10.7672,79.8449,Delta,29.41,31.54,27.75,76.29,3.52,1.79,20.49,36.61
2009-09-22,Nagapattinam,10.7672,79.8449,Delta,29.21,30.78,28.0,77.49,4.25,2.5,17.76,36.56
2009-09-23,Nagapattinam,10.7672,79.8449,Delta,29.36,31.41,27.59,75.31,4.57,2.4,20.84,36.51
2009-09-24,Nagapattinam,10.7672,79.8449,Delta,29.35,31.24,27.65,73.91,4.44,2.35,20.57,36.46
2009-09-25,Nagapattinam,10.7672,79.8449,Delta,29.92,32.76,27.66,70.4,3.87,1.38,23.9,36.4
2009-09-26,Nagapattinam,10.7672,79.8449,Delta,29.78,33.13,26.93,71.81,3.62,3.55,21.42,36.35
2009-09-27,Nagapattinam,10.7672,79.8449,Delta,29.76,32.6,26.95,72.61,4.46,1.86,20.86,36.29
2009-09-28,Nagapattinam,10.7672,79.8449,Delta,29.42,31.77,27.55,75.83,4.93,2.0,20.42,36.23
2009-09-29,Nagapattinam,10.7672,79.8449,Delta,30.11,33.48,27.42,69.64,5.66,1.42,21.25,36.17
2009-09-30,Nagapattinam,10.7672,79.8449,Delta,29.87,33.17,26.62,67.74,5.9,0.34,22.45,36.11
2009-10-01,Nagapattinam,10.7672,79.8449,Delta,29.71,33.5,27.23,68.44,6.66,0.3,17.82,36.04
2009-10-02,Nagapattinam,10.7672,79.8449,Delta,28.56,31.24,25.95,73.46,7.65,0.08,19.66,35.98
2009-10-03,Nagapattinam,10.7672,79.8449,Delta,29.92,33.12,27.0,67.86,6.91,0.17,18.88,35.91
2009-10-04,Nagapattinam,10.7672,79.8449,Delta,30.18,33.51,26.84,65.47,5.31,0.0,22.97,35.84
2009-10-05,Nagapattinam,10.7672,79.8449,Delta,30.3,33.73,26.84,65.21,4.75,0.0,22.94,35.77
2009-10-06,Nagapattinam,10.7672,79.8449,Delta,29.79,33.57,26.59,65.25,5.07,0.0,22.8,35.7
2009-10-07,Nagapattinam,10.7672,79.8449,Delta,29.96,33.0,27.59,69.02,3.78,0.0,23.0,35.62
2009-10-08,Nagapattinam,10.7672,79.8449,Delta,29.83,32.41,27.78,70.19,3.01,0.18,22.34,35.55
2009-10-09,Nagapattinam,10.7672,79.8449,Delta,29.73,32.12,27.86,70.55,2.67,0.82,19.78,35.47
2009-10-10,Nagapattinam,10.7672,79.8449,Delta,29.12,30.84,27.69,73.75,2.85,1.17,20.65,35.39
2009-10-11,Nagapattinam,10.7672,79.8449,Delta,29.05,31.04,27.39,72.88,2.89,3.98,19.56,35.32
2009-10-12,Nagapattinam,10.7672,79.8449,Delta,28.09,29.38,27.08,77.03,2.35,1.91,21.12,35.24
2009-10-13,Nagapattinam,10.7672,79.8449,Delta,28.46,30.78,26.67,73.0,1.87,0.92,19.98,35.16
2009-10-14,Nagapattinam,10.7672,79.8449,Delta,28.96,31.26,27.1,67.39,2.25,0.1,21.38,35.07
2009-10-15,Nagapattinam,10.7672,79.8449,Delta,28.79,31.01,27.22,65.93,2.47,0.0,20.31,34.99
2009-10-16,Nagapattinam,10.7672,79.8449,Delta,28.78,31.48,26.8,66.06,2.21,0.0,21.79,34.91
2009-10-17,Nagapattinam,10.7672,79.8449,Delta,28.98,31.59,27.17,70.61,2.6,0.36,20.92,34.82
2009-10-18,Nagapattinam,10.7672,79.8449,Delta,29.04,31.47,27.33,70.96,2.56,2.38,19.63,34.74
2009-10-19,Nagapattinam,10.7672,79.8449,Delta,28.77,30.88,27.31,73.02,2.53,3.88,15.71,34.65
2009-10-20,Nagapattinam,10.7672,79.8449,Delta,29.04,31.67,26.96,68.35,2.63,0.03,21.76,34.57
2009-10-21,Nagapattinam,10.7672,79.8449,Delta,29.28,31.91,27.39,66.36,3.46,0.0,21.26,34.48
2009-10-22,Nagapattinam,10.7672,79.8449,Delta,29.23,31.71,27.3,63.36,3.66,0.0,20.38,34.39
2009-10-23,Nagapattinam,10.7672,79.8449,Delta,29.09,31.43,26.99,60.78,3.65,0.0,20.82,34.3
2009-10-24,Nagapattinam,10.7672,79.8449,Delta,29.1,31.47,27.24,61.06,2.91,0.0,20.39,34.22
2009-10-25,Nagapattinam,10.7672,79.8449,Delta,29.02,31.15,27.42,64.75,3.25,0.0,18.3,34.12
2009-10-26,Nagapattinam,10.7672,79.8449,Delta,28.71,31.05,27.09,68.69,3.64,0.0,20.16,34.03
2009-10-27,Nagapattinam,10.7672,79.8449,Delta,28.55,30.8,26.74,75.53,2.8,1.35,20.73,33.94
2009-10-28,Nagapattinam,10.7672,79.8449,Delta,28.05,29.12,27.26,80.35,4.67,10.63,10.74,33.85
2009-10-29,Nagapattinam,10.7672,79.8449,Delta,27.69,28.57,27.14,81.64,4.88,12.79,11.05,33.76
2009-10-30,Nagapattinam,10.7672,79.8449,Delta,28.88,30.98,27.49,74.11,5.38,6.78,14.75,33.67
2009-10-31,Nagapattinam,10.7672,79.8449,Delta,28.2,29.44,27.33,82.2,4.35,11.08,9.72,33.58
2009-11-01,Nagapattinam,10.7672,79.8449,Delta,28.38,30.0,27.27,78.22,4.64,6.18,16.98,33.49
2009-11-02,Nagapattinam,10.7672,79.8449,Delta,28.67,30.36,27.4,75.91,5.81,7.41,19.33,33.4
2009-11-03,Nagapattinam,10.7672,79.8449,Delta,28.3,29.74,27.16,78.17,5.07,11.56,13.69,33.31
2009-11-04,Nagapattinam,10.7672,79.8449,Delta,27.63,28.32,26.95,84.02,4.92,39.91,9.36,33.21
2009-11-05,Nagapattinam,10.7672,79.8449,Delta,27.0,27.71,26.38,87.85,4.24,15.99,13.34,33.12
2009-11-06,Nagapattinam,10.7672,79.8449,Delta,26.96,27.61,26.54,88.96,4.89,30.82,11.4,33.03
2009-11-07,Nagapattinam,10.7672,79.8449,Delta,27.16,27.7,26.85,87.49,5.01,48.83,9.73,32.94
2009-11-08,Nagapattinam,10.7672,79.8449,Delta,27.13,28.12,26.44,87.99,5.37,31.89,12.07,32.85
2009-11-09,Nagapattinam,10.7672,79.8449,Delta,26.97,27.94,26.37,87.23,4.46,16.66,17.2,32.76
2009-11-10,Nagapattinam,10.7672,79.8449,Delta,26.54,27.12,26.13,87.51,3.43,14.46,14.97,32.68
2009-11-11,Nagapattinam,10.7672,79.8449,Delta,27.37,29.5,25.6,79.35,2.06,15.77,16.29,32.59
2009-11-12,Nagapattinam,10.7672,79.8449,Delta,27.38,28.68,26.54,83.22,1.93,2.8,18.74,32.5
2009-11-13,Nagapattinam,10.7672,79.8449,Delta,27.18,28.06,26.65,87.59,2.63,5.24,13.25,32.42
2009-11-14,Nagapattinam,10.7672,79.8449,Delta,26.88,27.67,25.88,87.47,3.17,27.85,10.9,32.33
2009-11-15,Nagapattinam,10.7672,79.8449,Delta,26.78,27.48,25.68,88.73,4.68,12.31,8.13,32.25
2009-11-16,Nagapattinam,10.7672,79.8449,Delta,26.97,27.81,26.02,88.06,2.33,5.1,13.03,32.17
2009-11-17,Nagapattinam,10.7672,79.8449,Delta,27.26,28.29,26.36,84.84,2.45,9.77,18.1,32.09
2009-11-18,Nagapattinam,10.7672,79.8449,Delta,27.18,28.3,26.24,84.8,2.22,6.71,14.14,32.01
2009-11-19,Nagapattinam,10.7672,79.8449,Delta,27.26,28.66,26.26,83.3,2.12,1.96,18.94,31.93
2009-11-20,Nagapattinam,10.7672,79.8449,Delta,27.32,28.61,26.5,84.21,2.72,3.37,16.37,31.86
2009-11-21,Nagapattinam,10.7672,79.8449,Delta,27.08,28.07,26.44,83.87,2.39,7.0,17.74,31.78
2009-11-22,Nagapattinam,10.7672,79.8449,Delta,27.13,27.98,26.49,85.18,3.1,8.5,15.23,31.71
2009-11-23,Nagapattinam,10.7672,79.8449,Delta,27.13,28.37,26.2,83.92,2.67,2.85,16.29,31.64
2009-11-24,Nagapattinam,10.7672,79.8449,Delta,26.92,27.95,26.0,82.76,1.91,1.07,18.24,31.57
2009-11-25,Nagapattinam,10.7672,79.8449,Delta,27.06,28.43,25.66,83.42,3.72,0.53,16.91,31.5
2009-11-26,Nagapattinam,10.7672,79.8449,Delta,27.16,28.76,26.0,71.76,3.92,0.0,19.6,31.44
2009-11-27,Nagapattinam,10.7672,79.8449,Delta,26.97,28.58,25.81,69.57,3.84,0.12,20.09,31.37
2009-11-28,Nagapattinam,10.7672,79.8449,Delta,26.75,27.92,25.86,78.29,4.63,2.86,19.84,31.31
2009-11-29,Nagapattinam,10.7672,79.8449,Delta,26.72,27.94,26.06,83.51,5.23,14.72,7.84,31.25
2009-11-30,Nagapattinam,10.7672,79.8449,Delta,26.59,27.52,25.78,84.45,5.29,14.71,10.9,31.19
2009-12-01,Nagapattinam,10.7672,79.8449,Delta,26.51,27.55,25.72,88.94,4.71,24.49,8.83,31.14
2009-12-02,Nagapattinam,10.7672,79.8449,Delta,26.61,27.74,25.78,87.02,3.61,10.01,11.32,31.09
2009-12-03,Nagapattinam,10.7672,79.8449,Delta,26.55,27.95,25.61,84.84,2.51,6.58,15.24,31.03
2009-12-04,Nagapattinam,10.7672,79.8449,Delta,26.42,27.67,25.48,86.69,3.53,6.24,16.05,30.99
2009-12-05,Nagapattinam,10.7672,79.8449,Delta,26.23,27.8,24.82,77.0,4.56,0.25,17.78,30.94
2009-12-06,Nagapattinam,10.7672,79.8449,Delta,25.99,27.57,24.83,70.46,3.45,0.69,18.83,30.9
2009-12-07,Nagapattinam,10.7672,79.8449,Delta,25.71,27.14,23.96,75.29,3.72,0.01,19.67,30.86
2009-12-08,Nagapattinam,10.7672,79.8449,Delta,26.3,27.88,24.9,81.08,4.76,0.15,19.02,30.82
2009-12-09,Nagapattinam,10.7672,79.8449,Delta,26.59,27.82,25.91,80.8,5.88,0.38,17.55,30.79
2009-12-10,Nagapattinam,10.7672,79.8449,Delta,26.33,27.61,25.51,76.38,6.47,0.59,18.12,30.76
2009-12-11,Nagapattinam,10.7672,79.8449,Delta,26.39,27.63,25.49,80.77,6.57,4.47,10.27,30.73
2009-12-12,Nagapattinam,10.7672,79.8449,Delta,26.68,27.75,25.53,88.68,5.83,27.73,8.3,30.7
2009-12-13,Nagapattinam,10.7672,79.8449,Delta,27.03,28.19,26.31,85.63,5.85,11.79,14.0,30.68
2009-12-14,Nagapattinam,10.7672,79.8449,Delta,26.89,27.85,26.23,85.48,5.53,11.83,10.23,30.66
2009-12-15,Nagapattinam,10.7672,79.8449,Delta,26.76,27.86,26.07,83.22,4.66,29.72,3.31,30.64
2009-12-16,Nagapattinam,10.7672,79.8449,Delta,26.29,27.79,25.11,84.11,3.75,12.18,3.63,30.62
2009-12-17,Nagapattinam,10.7672,79.8449,Delta,25.36,26.08,24.92,89.89,4.71,9.8,5.92,30.61
2009-12-18,Nagapattinam,10.7672,79.8449,Delta,26.07,27.32,25.19,81.55,3.74,1.19,16.21,30.61
2009-12-19,Nagapattinam,10.7672,79.8449,Delta,26.36,27.81,25.1,83.42,4.22,0.75,13.21,30.6
2009-12-20,Nagapattinam,10.7672,79.8449,Delta,26.44,27.62,25.38,87.42,5.03,4.79,13.13,30.6
2009-12-21,Nagapattinam,10.7672,79.8449,Delta,26.41,27.13,25.95,89.1,5.59,9.97,14.55,30.6
2009-12-22,Nagapattinam,10.7672,79.8449,Delta,26.13,26.74,25.67,88.02,5.44,11.74,5.9,30.61
2009-12-23,Nagapattinam,10.7672,79.8449,Delta,26.06,26.82,25.66,84.85,5.65,22.13,9.15,30.62
2009-12-24,Nagapattinam,10.7672,79.8449,Delta,25.99,26.92,25.3,82.73,5.4,1.61,13.01,30.63
2009-12-25,Nagapattinam,10.7672,79.8449,Delta,25.85,27.05,25.13,80.22,4.77,0.52,12.18,30.64
2009-12-26,Nagapattinam,10.7672,79.8449,Delta,25.7,27.14,24.79,80.7,4.7,0.09,14.64,30.66
2009-12-27,Nagapattinam,10.7672,79.8449,Delta,25.54,26.8,24.41,81.49,4.13,0.22,13.24,30.67
2009-12-28,Nagapattinam,10.7672,79.8449,Delta,25.75,27.24,24.82,79.7,3.67,0.05,12.68,30.7
2009-12-29,Nagapattinam,10.7672,79.8449,Delta,25.44,26.91,24.27,78.82,3.93,0.25,16.56,30.72
2009-12-30,Nagapattinam,10.7672,79.8449,Delta,25.57,27.11,24.44,79.13,3.4,0.44,17.69,30.75
2009-12-31,Nagapattinam,10.7672,79.8449,Delta,25.52,27.19,24.14,80.42,3.09,0.95,15.22,30.78
2010-01-01,Nagapattinam,10.7672,79.8449,Delta,25.89,27.49,24.49,81.11,4.49,0.07,18.16,30.81
2010-01-02,Nagapattinam,10.7672,79.8449,Delta,25.46,26.74,24.29,80.71,5.02,0.77,14.83,30.85
2010-01-03,Nagapattinam,10.7672,79.8449,Delta,25.11,26.4,24.23,79.45,4.85,0.91,11.44,30.89
2010-01-04,Nagapattinam,10.7672,79.8449,Delta,24.83,26.4,23.61,75.16,3.85,0.0,18.91,30.94
2010-01-05,Nagapattinam,10.7672,79.8449,Delta,24.4,26.36,22.32,78.18,3.3,0.0,20.08,30.98
2010-01-06,Nagapattinam,10.7672,79.8449,Delta,25.2,26.87,23.76,79.19,4.8,0.02,16.64,31.03
2010-01-07,Nagapattinam,10.7672,79.8449,Delta,25.44,26.88,24.18,80.24,5.05,0.58,17.48,31.08
2010-01-08,Nagapattinam,10.7672,79.8449,Delta,25.75,26.76,24.83,88.38,5.07,8.93,9.7,31.14
2010-01-09,Nagapattinam,10.7672,79.8449,Delta,25.83,26.79,25.08,90.17,3.15,5.22,11.35,31.19
2010-01-10,Nagapattinam,10.7672,79.8449,Delta,25.7,27.09,24.57,89.55,2.71,3.22,14.12,31.25
2010-01-11,Nagapattinam,10.7672,79.8449,Delta,25.87,27.47,24.74,88.64,2.56,0.38,18.48,31.31
2010-01-12,Nagapattinam,10.7672,79.8449,Delta,25.74,27.21,24.5,88.11,2.53,0.74,18.14,31.37
2010-01-13,Nagapattinam,10.7672,79.8449,Delta,25.98,27.44,24.87,88.04,3.2,0.66,17.0,31.44
2010-01-14,Nagapattinam,10.7672,79.8449,Delta,26.23,27.84,24.92,83.18,3.59,0.11,20.15,31.51
2010-01-15,Nagapattinam,10.7672,79.8449,Delta,25.81,27.17,24.82,77.41,4.71,0.1,19.71,31.58
2010-01-16,Nagapattinam,10.7672,79.8449,Delta,25.93,27.23,24.9,80.75,4.9,0.27,18.23,31.65
2010-01-17,Nagapattinam,10.7672,79.8449,Delta,26.04,27.57,25.01,77.07,4.67,0.31,19.59,31.73
2010-01-18,Nagapattinam,10.7672,79.8449,Delta,26.06,27.7,24.8,78.46,3.85,0.3,17.51,31.8
2010-01-19,Nagapattinam,10.7672,79.8449,Delta,25.68,27.38,24.46,81.79,4.23,0.0,18.24,31.88
2010-01-20,Nagapattinam,10.7672,79.8449,Delta,25.41,27.13,24.12,79.81,4.41,0.01,17.83,31.96
2010-01-21,Nagapattinam,10.7672,79.8449,Delta,24.6,26.33,23.15,72.5,4.84,0.0,19.8,32.04
2010-01-22,Nagapattinam,10.7672,79.8449,Delta,24.14,26.07,22.46,72.84,4.21,0.0,20.81,32.13
2010-01-23,Nagapattinam,10.7672,79.8449,Delta,24.57,26.35,23.15,76.6,4.15,0.0,21.12,32.21
2010-01-24,Nagapattinam,10.7672,79.8449,Delta,25.0,26.85,23.71,75.19,3.52,0.01,18.31,32.3
2010-01-25,Nagapattinam,10.7672,79.8449,Delta,25.08,26.63,23.92,82.33,4.31,0.01,20.07,32.39
2010-01-26,Nagapattinam,10.7672,79.8449,Delta,25.46,27.26,24.12,83.22,4.49,0.11,20.85,32.48
2010-01-27,Nagapattinam,10.7672,79.8449,Delta,25.67,27.38,24.15,83.52,4.7,0.25,18.86,32.57
2010-01-28,Nagapattinam,10.7672,79.8449,Delta,25.84,27.5,24.55,80.04,4.77,0.09,18.92,32.66
2010-01-29,Nagapattinam,10.7672,79.8449,Delta,25.51,27.23,24.21,76.62,4.75,0.0,19.94,32.75
2010-01-30,Nagapattinam,10.7672,79.8449,Delta,25.53,27.49,24.13,75.48,4.53,0.0,20.78,32.85
2010-01-31,Nagapattinam,10.7672,79.8449,Delta,25.47,27.32,24.07,77.01,4.22,0.0,18.98,32.94
2010-02-01,Nagapattinam,10.7672,79.8449,Delta,25.29,27.12,23.91,76.95,3.97,0.0,14.81,33.04
2010-02-02,Nagapattinam,10.7672,79.8449,Delta,25.11,27.07,23.52,75.16,4.49,0.01,21.01,33.13
2010-02-03,Nagapattinam,10.7672,79.8449,Delta,24.97,26.98,23.42,75.68,4.69,0.0,21.89,33.23
2010-02-04,Nagapattinam,10.7672,79.8449,Delta,24.86,26.41,23.54,74.32,4.11,0.0,20.99,33.33
2010-02-05,Nagapattinam,10.7672,79.8449,Delta,24.93,26.51,23.74,75.77,4.39,2.21,21.09,33.43
2010-02-06,Nagapattinam,10.7672,79.8449,Delta,25.19,27.22,23.46,76.19,5.0,0.0,21.24,33.52
2010-02-07,Nagapattinam,10.7672,79.8449,Delta,25.09,26.97,23.77,75.85,4.62,1.8,20.34,33.62
2010-02-08,Nagapattinam,10.7672,79.8449,Delta,24.44,26.59,22.86,73.88,4.23,0.0,22.35,33.72
2010-02-09,Nagapattinam,10.7672,79.8449,Delta,24.45,26.65,22.68,78.53,3.13,0.0,22.08,33.82
2010-02-10,Nagapattinam,10.7672,79.8449,Delta,25.09,27.15,23.38,79.41,2.97,0.0,21.68,33.92
2010-02-11,Nagapattinam,10.7672,79.8449,Delta,25.73,27.66,24.1,81.26,3.32,0.14,16.01,34.02
2010-02-12,Nagapattinam,10.7672,79.8449,Delta,26.13,28.16,24.74,79.62,3.53,0.13,16.43,34.12
2010-02-13,Nagapattinam,10.7672,79.8449,Delta,25.8,28.08,24.32,81.25,3.32,0.47,19.4,34.22
2010-02-14,Nagapattinam,10.7672,79.8449,Delta,25.73,27.93,24.19,79.38,3.09,0.01,21.78,34.32
2010-02-15,Nagapattinam,10.7672,79.8449,Delta,26.03,28.32,24.49,76.75,2.86,0.02,20.85,34.42
2010-02-16,Nagapattinam,10.7672,79.8449,Delta,26.25,28.52,24.56,74.44,3.12,0.08,23.31,34.51
2010-02-17,Nagapattinam,10.7672,79.8449,Delta,26.43,28.69,24.62,80.04,3.41,0.01,13.49,34.61
2010-02-18,Nagapattinam,10.7672,79.8449,Delta,26.27,28.72,24.54,77.21,2.53,0.0,21.05,34.71
2010-02-19,Nagapattinam,10.7672,79.8449,Delta,26.08,28.55,24.29,78.56,2.62,0.0,21.01,34.8
2010-02-20,Nagapattinam,10.7672,79.8449,Delta,26.35,29.06,24.4,79.3,2.56,0.0,23.59,34.9
2010-02-21,Nagapattinam,10.7672,79.8449,Delta,26.64,29.28,24.75,79.81,2.94,0.0,23.0,34.99
2010-02-22,Nagapattinam,10.7672,79.8449,Delta,26.9,29.6,24.93,77.66,3.08,0.0,23.65,35.09
2010-02-23,Nagapattinam,10.7672,79.8449,Delta,27.0,29.68,24.99,77.67,2.79,0.03,21.6,35.18
2010-02-24,Nagapattinam,10.7672,79.8449,Delta,27.25,30.22,24.9,76.41,3.2,0.0,22.44,35.27
2010-02-25,Nagapattinam,10.7672,79.8449,Delta,27.46,30.16,25.42,76.22,3.13,0.0,22.42,35.36
2010-02-26,Nagapattinam,10.7672,79.8449,Delta,27.46,30.07,25.67,73.55,2.74,0.0,21.08,35.45
2010-02-27,Nagapattinam,10.7672,79.8449,Delta,27.49,30.29,25.63,73.44,2.79,0.0,23.27,35.54
2010-02-28,Nagapattinam,10.7672,79.8449,Delta,27.52,30.59,25.33,70.5,2.62,0.0,24.09,35.63
2010-03-01,Nagapattinam,10.7672,79.8449,Delta,27.25,30.26,25.11,70.66,3.05,0.0,24.79,35.71
2010-03-02,Nagapattinam,10.7672,79.8449,Delta,26.81,30.15,24.58,64.73,2.76,0.0,24.47,35.8
2010-03-03,Nagapattinam,10.7672,79.8449,Delta,26.97,30.73,24.36,62.74,2.5,0.0,25.76,35.89
2010-03-04,Nagapattinam,10.7672,79.8449,Delta,27.11,30.4,24.46,68.85,3.22,0.0,25.54,35.97
2010-03-05,Nagapattinam,10.7672,79.8449,Delta,27.6,30.66,24.85,72.04,3.66,0.0,24.38,36.05
2010-03-06,Nagapattinam,10.7672,79.8449,Delta,28.23,31.29,25.25,73.69,3.77,0.0,22.81,36.13
2010-03-07,Nagapattinam,10.7672,79.8449,Delta,28.35,31.29,26.39,76.15,3.16,0.06,24.16,36.2
2010-03-08,Nagapattinam,10.7672,79.8449,Delta,27.96,30.85,26.04,77.15,3.09,0.0,24.19,36.28
2010-03-09,Nagapattinam,10.7672,79.8449,Delta,27.92,30.7,25.76,76.69,3.3,0.0,24.19,36.36
2010-03-10,Nagapattinam,10.7672,79.8449,Delta,28.08,30.58,26.42,75.53,3.5,0.01,23.55,36.43
2010-03-11,Nagapattinam,10.7672,79.8449,Delta,28.08,30.57,26.22,76.71,4.08,0.28,22.36,36.5
2010-03-12,Nagapattinam,10.7672,79.8449,Delta,28.12,30.42,26.56,72.34,4.0,0.21,22.57,36.57
2010-03-13,Nagapattinam,10.7672,79.8449,Delta,28.16,30.71,26.31,75.44,3.21,0.42,21.81,36.63
2010-03-14,Nagapattinam,10.7672,79.8449,Delta,28.6,31.52,26.49,69.72,2.29,0.0,23.58,36.7
2010-03-15,Nagapattinam,10.7672,79.8449,Delta,28.83,31.83,26.51,69.89,2.81,0.0,24.17,36.77
2010-03-16,Nagapattinam,10.7672,79.8449,Delta,28.66,31.06,26.92,72.21,2.79,0.0,23.89,36.83
2010-03-17,Nagapattinam,10.7672,79.8449,Delta,28.51,31.15,26.88,72.39,3.36,0.01,23.01,36.89
2010-03-18,Nagapattinam,10.7672,79.8449,Delta,28.32,30.64,26.58,72.31,4.13,0.1,23.16,36.95
2010-03-19,Nagapattinam,10.7672,79.8449,Delta,28.83,31.59,26.6,72.96,3.48,0.1,22.11,37.01
2010-03-20,Nagapattinam,10.7672,79.8449,Delta,29.27,32.25,26.79,68.29,2.52,0.0,23.72,37.06
2010-03-21,Nagapattinam,10.7672,79.8449,Delta,29.39,32.59,27.16,63.61,2.35,0.0,24.45,37.12
2010-03-22,Nagapattinam,10.7672,79.8449,Delta,28.9,32.15,26.1,71.8,2.58,0.0,24.66,37.17
2010-03-23,Nagapattinam,10.7672,79.8449,Delta,28.76,31.97,25.98,72.35,3.22,0.01,24.9,37.22
2010-03-24,Nagapattinam,10.7672,79.8449,Delta,28.77,32.0,26.3,73.65,3.22,0.0,23.5,37.27
2010-03-25,Nagapattinam,10.7672,79.8449,Delta,28.89,31.69,26.42,74.06,3.36,0.03,23.56,37.31
2010-03-26,Nagapattinam,10.7672,79.8449,Delta,29.57,32.0,27.55,74.94,3.35,0.63,22.51,37.35
2010-03-27,Nagapattinam,10.7672,79.8449,Delta,29.82,32.17,27.83,75.98,3.55,1.06,22.84,37.39
2010-03-28,Nagapattinam,10.7672,79.8449,Delta,29.92,31.52,28.76,73.54,3.37,0.54,22.62,37.43
2010-03-29,Nagapattinam,10.7672,79.8449,Delta,29.8,31.72,28.28,75.67,2.91,0.87,23.32,37.47
2010-03-30,Nagapattinam,10.7672,79.8449,Delta,29.98,32.08,27.98,75.88,3.76,0.51,25.19,37.51
2010-03-31,Nagapattinam,10.7672,79.8449,Delta,30.42,32.95,28.42,73.89,4.73,0.26,23.42,37.54
2010-04-01,Nagapattinam,10.7672,79.8449,Delta,30.9,34.08,28.8,72.35,4.24,0.46,23.94,37.58
2010-04-02,Nagapattinam,10.7672,79.8449,Delta,30.6,32.99,28.66,73.29,4.09,0.31,24.16,37.61
2010-04-03,Nagapattinam,10.7672,79.8449,Delta,30.12,32.41,28.3,73.58,3.71,0.2,23.44,37.64
2010-04-04,Nagapattinam,10.7672,79.8449,Delta,29.45,31.47,27.54,74.81,3.35,0.06,24.65,37.67
2010-04-05,Nagapattinam,10.7672,79.8449,Delta,29.63,31.65,28.24,74.66,2.84,0.31,24.41,37.69
2010-04-06,Nagapattinam,10.7672,79.8449,Delta,29.84,31.88,27.79,72.68,2.95,0.24,22.83,37.71
2010-04-07,Nagapattinam,10.7672,79.8449,Delta,29.68,31.31,28.32,74.34,2.9,0.48,24.85,37.74
2010-04-08,Nagapattinam,10.7672,79.8449,Delta,29.63,31.13,28.39,78.48,3.02,2.16,18.3,37.76
2010-04-09,Nagapattinam,10.7672,79.8449,Delta,29.81,31.72,28.26,75.83,2.24,0.14,25.47,37.77
2010-04-10,Nagapattinam,10.7672,79.8449,Delta,30.2,32.23,28.31,73.56,3.6,0.0,25.27,37.79
2010-04-11,Nagapattinam,10.7672,79.8449,Delta,30.99,33.84,28.91,69.08,4.1,0.05,25.2,37.8
2010-04-12,Nagapattinam,10.7672,79.8449,Delta,30.64,33.37,28.45,73.28,4.26,0.54,23.92,37.82
2010-04-13,Nagapattinam,10.7672,79.8449,Delta,31.04,33.77,28.93,73.15,4.34,0.57,23.63,37.83
2010-04-14,Nagapattinam,10.7672,79.8449,Delta,30.97,33.23,29.19,74.71,3.98,0.15,22.67,37.84
2010-04-15,Nagapattinam,10.7672,79.8449,Delta,30.65,32.28,29.44,75.36,3.13,0.85,17.28,37.84
2010-04-16,Nagapattinam,10.7672,79.8449,Delta,30.13,31.85,28.81,76.6,3.44,0.68,24.29,37.85
2010-04-17,Nagapattinam,10.7672,79.8449,Delta,30.04,31.72,28.85,79.29,3.62,1.85,20.64,37.85
2010-04-18,Nagapattinam,10.7672,79.8449,Delta,30.58,33.38,28.49,74.1,3.63,0.76,24.21,37.86
2010-04-19,Nagapattinam,10.7672,79.8449,Delta,31.28,34.18,28.96,71.92,4.81,0.65,24.74,37.86
2010-04-20,Nagapattinam,10.7672,79.8449,Delta,31.31,33.73,29.6,73.31,4.76,0.71,23.32,37.86
2010-04-21,Nagapattinam,10.7672,79.8449,Delta,30.9,33.31,29.27,75.44,4.71,0.84,23.52,37.86
2010-04-22,Nagapattinam,10.7672,79.8449,Delta,30.86,33.5,28.88,74.15,3.5,0.75,23.54,37.86
2010-04-23,Nagapattinam,10.7672,79.8449,Delta,30.67,32.59,29.14,76.62,3.65,0.74,23.11,37.86
2010-04-24,Nagapattinam,10.7672,79.8449,Delta,30.79,33.17,28.82,73.7,3.39,0.82,22.25,37.85
2010-04-25,Nagapattinam,10.7672,79.8449,Delta,30.98,33.04,29.28,71.44,3.89,0.91,22.05,37.85
2010-04-26,Nagapattinam,10.7672,79.8449,Delta,30.35,32.0,29.24,73.94,3.89,3.14,21.05,37.84
2010-04-27,Nagapattinam,10.7672,79.8449,Delta,30.23,32.31,28.74,73.31,3.06,5.44,21.51,37.83
2010-04-28,Nagapattinam,10.7672,79.8449,Delta,29.95,31.5,28.66,76.72,3.13,2.24,19.88,37.82
2010-04-29,Nagapattinam,10.7672,79.8449,Delta,29.79,31.04,28.71,78.65,3.28,2.8,23.12,37.81
2010-04-30,Nagapattinam,10.7672,79.8449,Delta,29.28,30.06,28.61,83.11,3.54,18.44,22.64,37.8
2010-05-01,Nagapattinam,10.7672,79.8449,Delta,30.11,32.19,28.61,72.48,2.5,4.73,20.77,37.79
2010-05-02,Nagapattinam,10.7672,79.8449,Delta,30.39,32.51,28.55,72.77,2.68,1.3,25.6,37.77
2010-05-03,Nagapattinam,10.7672,79.8449,Delta,30.09,31.45,28.84,73.76,1.74,1.46,21.77,37.76
2010-05-04,Nagapattinam,10.7672,79.8449,Delta,29.82,30.9,29.05,76.84,2.37,5.6,23.32,37.75
2010-05-05,Nagapattinam,10.7672,79.8449,Delta,30.91,33.5,28.97,74.21,3.44,3.59,22.8,37.73
2010-05-06,Nagapattinam,10.7672,79.8449,Delta,31.5,34.61,29.08,74.73,3.8,2.33,24.45,37.71
2010-05-07,Nagapattinam,10.7672,79.8449,Delta,31.0,33.09,29.04,76.2,3.31,2.07,20.95,37.69
2010-05-08,Nagapattinam,10.7672,79.8449,Delta,31.02,32.62,29.66,73.8,3.16,1.04,21.87,37.67
2010-05-09,Nagapattinam,10.7672,79.8449,Delta,31.08,32.92,29.44,74.25,4.06,1.13,22.16,37.65
2010-05-10,Nagapattinam,10.7672,79.8449,Delta,31.52,34.65,29.11,69.88,4.78,1.25,23.2,37.63
2010-05-11,Nagapattinam,10.7672,79.8449,Delta,31.82,35.24,29.29,71.23,5.23,0.34,24.09,37.61
2010-05-12,Nagapattinam,10.7672,79.8449,Delta,31.96,34.64,29.82,72.06,4.68,0.06,23.76,37.59
2010-05-13,Nagapattinam,10.7672,79.8449,Delta,31.4,33.07,29.69,76.23,3.69,0.1,22.77,37.57
2010-05-14,Nagapattinam,10.7672,79.8449,Delta,31.39,33.11,29.85,77.45,4.54,0.17,23.71,37.55
2010-05-15,Nagapattinam,10.7672,79.8449,Delta,31.19,33.19,29.63,74.91,3.95,0.39,24.72,37.53
2010-05-16,Nagapattinam,10.7672,79.8449,Delta,31.75,34.76,29.46,71.18,4.22,3.08,21.88,37.51
2010-05-17,Nagapattinam,10.7672,79.8449,Delta,31.2,33.43,29.54,72.18,3.26,2.52,20.7,37.49
2010-05-18,Nagapattinam,10.7672,79.8449,Delta,30.58,32.79,28.58,78.36,4.28,13.69,13.09,37.47
2010-05-19,Nagapattinam,10.7672,79.8449,Delta,30.4,33.65,27.9,73.39,7.08,12.81,13.06,37.45
2010-05-20,Nagapattinam,10.7672,79.8449,Delta,30.33,33.17,27.98,75.61,6.91,6.44,11.7,37.42
2010-05-21,Nagapattinam,10.7672,79.8449,Delta,30.75,34.27,27.99,72.5,6.4,0.81,18.99,37.4
2010-05-22,Nagapattinam,10.7672,79.8449,Delta,31.08,33.62,29.3,71.15,5.49,0.4,19.84,37.38
2010-05-23,Nagapattinam,10.7672,79.8449,Delta,30.69,33.69,28.41,72.59,6.11,0.78,17.3,37.36
2010-05-24,Nagapattinam,10.7672,79.8449,Delta,30.93,33.46,28.8,73.41,6.26,0.64,23.32,37.34
2010-05-25,Nagapattinam,10.7672,79.8449,Delta,30.9,33.84,28.77,70.86,5.41,0.42,22.3,37.32
2010-05-26,Nagapattinam,10.7672,79.8449,Delta,31.05,34.83,27.79,67.64,5.63,0.57,23.03,37.3
2010-05-27,Nagapattinam,10.7672,79.8449,Delta,31.35,34.91,28.76,70.26,5.73,0.35,24.27,37.28
2010-05-28,Nagapattinam,10.7672,79.8449,Delta,31.04,33.78,28.91,73.7,5.77,3.2,22.87,37.26
2010-05-29,Nagapattinam,10.7672,79.8449,Delta,31.06,34.56,28.07,72.62,5.59,1.84,23.91,37.24
2010-05-30,Nagapattinam,10.7672,79.8449,Delta,30.62,33.57,28.17,70.71,5.3,0.74,24.33,37.22
2010-05-31,Nagapattinam,10.7672,79.8449,Delta,30.56,33.68,27.36,65.99,6.24,0.29,23.69,37.2
2010-06-01,Nagapattinam,10.7672,79.8449,Delta,31.16,34.64,28.24,68.06,5.03,0.04,24.12,37.18
2010-06-02,Nagapattinam,10.7672,79.8449,Delta,31.24,34.51,28.71,71.08,4.07,1.69,23.1,37.16
2010-06-03,Nagapattinam,10.7672,79.8449,Delta,30.98,33.18,29.23,74.42,3.5,2.22,23.09,37.14
2010-06-04,Nagapattinam,10.7672,79.8449,Delta,30.56,32.35,29.33,79.79,4.58,4.22,22.77,37.12
2010-06-05,Nagapattinam,10.7672,79.8449,Delta,29.68,31.45,27.94,77.54,5.03,2.25,22.35,37.11
2010-06-06,Nagapattinam,10.7672,79.8449,Delta,30.11,33.42,27.7,67.95,4.5,0.8,19.47,37.09
2010-06-07,Nagapattinam,10.7672,79.8449,Delta,29.02,31.1,27.32,72.08,4.54,1.77,14.61,37.07
2010-06-08,Nagapattinam,10.7672,79.8449,Delta,29.97,32.87,27.53,68.08,4.65,0.72,14.85,37.06
2010-06-09,Nagapattinam,10.7672,79.8449,Delta,29.98,33.22,27.73,70.27,3.41,4.18,14.81,37.04
2010-06-10,Nagapattinam,10.7672,79.8449,Delta,28.76,30.38,27.62,79.04,4.05,10.35,16.84,37.03
2010-06-11,Nagapattinam,10.7672,79.8449,Delta,28.87,31.41,27.07,78.16,5.06,7.9,16.3,37.01
2010-06-12,Nagapattinam,10.7672,79.8449,Delta,29.66,32.19,27.53,73.45,6.32,2.36,18.94,37.0
2010-06-13,Nagapattinam,10.7672,79.8449,Delta,29.65,31.92,27.63,74.91,7.71,0.24,17.77,36.99
2010-06-14,Nagapattinam,10.7672,79.8449,Delta,30.37,33.56,27.39,69.1,5.63,0.18,19.77,36.98
2010-06-15,Nagapattinam,10.7672,79.8449,Delta,30.1,33.38,27.35,69.07,5.14,1.34,19.53,36.97
2010-06-16,Nagapattinam,10.7672,79.8449,Delta,29.08,30.18,28.03,72.63,3.33,1.44,16.54,36.96
2010-06-17,Nagapattinam,10.7672,79.8449,Delta,29.39,31.67,27.6,74.73,4.5,7.93,20.67,36.95
2010-06-18,Nagapattinam,10.7672,79.8449,Delta,29.4,31.71,27.19,71.75,4.9,4.58,21.52,36.94
2010-06-19,Nagapattinam,10.7672,79.8449,Delta,29.62,32.21,27.46,74.13,5.81,5.7,21.97,36.94
2010-06-20,Nagapattinam,10.7672,79.8449,Delta,29.36,31.34,27.77,76.2,5.23,4.05,19.61,36.93
2010-06-21,Nagapattinam,10.7672,79.8449,Delta,29.58,32.18,27.67,74.63,4.41,9.95,22.09,36.93
2010-06-22,Nagapattinam,10.7672,79.8449,Delta,29.17,31.48,27.36,77.52,4.96,4.57,20.57,36.93
2010-06-23,Nagapattinam,10.7672,79.8449,Delta,29.57,32.52,27.05,74.46,6.34,5.44,22.13,36.92
2010-06-24,Nagapattinam,10.7672,79.8449,Delta,28.99,31.77,26.49,71.14,5.25,0.41,21.24,36.92
2010-06-25,Nagapattinam,10.7672,79.8449,Delta,29.63,33.22,26.57,67.63,5.42,0.97,22.39,36.92
2010-06-26,Nagapattinam,10.7672,79.8449,Delta,30.12,33.64,26.87,67.93,5.0,0.03,21.53,36.92
2010-06-27,Nagapattinam,10.7672,79.8449,Delta,30.34,33.24,27.52,68.13,5.05,0.13,24.18,36.92
2010-06-28,Nagapattinam,10.7672,79.8449,Delta,30.24,32.57,28.39,72.99,4.49,0.9,22.33,36.92
2010-06-29,Nagapattinam,10.7672,79.8449,Delta,29.83,32.17,27.74,74.79,5.36,1.67,23.4,36.92
2010-06-30,Nagapattinam,10.7672,79.8449,Delta,29.94,32.56,28.04,70.38,5.37,0.77,23.32,36.92
2010-07-01,Nagapattinam,10.7672,79.8449,Delta,29.07,31.79,26.93,67.08,5.87,1.93,17.08,36.92
2010-07-02,Nagapattinam,10.7672,79.8449,Delta,29.5,32.94,26.16,65.52,5.4,0.12,21.4,36.92
2010-07-03,Nagapattinam,10.7672,79.8449,Delta,29.43,32.25,26.86,65.77,5.86,0.39,21.05,36.93
2010-07-04,Nagapattinam,10.7672,79.8449,Delta,28.93,31.25,26.64,71.19,4.53,3.85,21.72,36.93
2010-07-05,Nagapattinam,10.7672,79.8449,Delta,30.01,33.45,27.2,66.26,4.49,1.85,20.99,36.94
2010-07-06,Nagapattinam,10.7672,79.8449,Delta,28.92,31.65,26.26,68.5,4.0,0.52,14.53,36.94
2010-07-07,Nagapattinam,10.7672,79.8449,Delta,29.38,31.72,27.18,67.43,2.94,1.67,19.29,36.95
2010-07-08,Nagapattinam,10.7672,79.8449,Delta,28.52,29.75,27.31,73.98,2.39,5.88,14.62,36.96
2010-07-09,Nagapattinam,10.7672,79.8449,Delta,28.15,29.45,26.86,79.38,2.23,4.39,21.68,36.97
2010-07-10,Nagapattinam,10.7672,79.8449,Delta,28.93,30.61,27.42,77.05,3.15,3.3,23.93,36.98
2010-07-11,Nagapattinam,10.7672,79.8449,Delta,29.28,31.78,27.52,76.33,4.79,0.91,24.19,36.99
2010-07-12,Nagapattinam,10.7672,79.8449,Delta,29.09,31.31,27.53,76.66,6.0,2.63,22.35,36.99
2010-07-13,Nagapattinam,10.7672,79.8449,Delta,29.07,31.25,27.08,74.53,4.82,2.54,22.08,37.01
2010-07-14,Nagapattinam,10.7672,79.8449,Delta,29.28,31.92,26.69,72.54,3.94,1.44,22.63,37.02
2010-07-15,Nagapattinam,10.7672,79.8449,Delta,29.26,31.85,26.82,74.15,4.26,1.35,24.26,37.03
2010-07-16,Nagapattinam,10.7672,79.8449,Delta,28.88,30.98,26.88,73.98,4.47,2.5,22.35,37.04
2010-07-17,Nagapattinam,10.7672,79.8449,Delta,28.89,31.49,26.41,71.05,4.94,1.19,22.3,37.05
2010-07-18,Nagapattinam,10.7672,79.8449,Delta,29.28,32.06,26.49,70.77,4.77,0.69,18.82,37.07
2010-07-19,Nagapattinam,10.7672,79.8449,Delta,29.18,31.69,27.09,72.48,5.45,3.6,10.66,37.08
2010-07-20,Nagapattinam,10.7672,79.8449,Delta,28.59,31.2,26.18,73.19,5.58,4.97,15.41,37.1
2010-07-21,Nagapattinam,10.7672,79.8449,Delta,29.36,31.84,27.05,71.27,4.64,2.39,16.09,37.11
2010-07-22,Nagapattinam,10.7672,79.8449,Delta,29.54,32.69,26.71,71.69,4.55,4.04,20.62,37.12
2010-07-23,Nagapattinam,10.7672,79.8449,Delta,29.81,32.92,26.91,69.12,4.54,1.32,22.57,37.13
2010-07-24,Nagapattinam,10.7672,79.8449,Delta,30.21,33.84,27.09,65.48,5.76,0.03,21.94,37.14
2010-07-25,Nagapattinam,10.7672,79.8449,Delta,29.66,32.86,26.89,65.63,5.98,3.28,19.17,37.16
2010-07-26,Nagapattinam,10.7672,79.8449,Delta,29.97,33.17,26.97,65.21,5.44,2.48,20.61,37.18
2010-07-27,Nagapattinam,10.7672,79.8449,Delta,29.67,32.67,27.2,69.33,4.88,2.42,19.4,37.19
2010-07-28,Nagapattinam,10.7672,79.8449,Delta,29.45,32.88,26.59,68.31,5.23,2.61,14.9,37.21
2010-07-29,Nagapattinam,10.7672,79.8449,Delta,29.16,32.36,25.85,69.95,5.0,0.98,14.96,37.22
2010-07-30,Nagapattinam,10.7672,79.8449,Delta,29.39,32.29,26.75,68.81,5.22,0.27,21.57,37.23
2010-07-31,Nagapattinam,10.7672,79.8449,Delta,29.87,33.54,26.62,67.1,4.54,0.08,21.69,37.24
2010-08-01,Nagapattinam,10.7672,79.8449,Delta,30.1,33.14,27.24,68.16,4.6,0.16,23.88,37.24
2010-08-02,Nagapattinam,10.7672,79.8449,Delta,30.39,33.63,27.8,67.52,3.8,1.06,23.21,37.25
2010-08-03,Nagapattinam,10.7672,79.8449,Delta,30.04,32.43,27.97,68.1,4.19,4.73,21.37,37.27
2010-08-04,Nagapattinam,10.7672,79.8449,Delta,29.66,32.68,26.56,67.95,4.56,2.65,20.03,37.28
2010-08-05,Nagapattinam,10.7672,79.8449,Delta,29.86,32.57,27.49,70.24,4.66,0.68,23.81,37.29
2010-08-06,Nagapattinam,10.7672,79.8449,Delta,30.18,33.23,27.25,69.89,5.0,1.15,21.89,37.3
2010-08-07,Nagapattinam,10.7672,79.8449,Delta,30.23,33.09,27.61,69.46,4.74,1.46,22.52,37.31
2010-08-08,Nagapattinam,10.7672,79.8449,Delta,30.48,33.01,27.79,69.23,4.32,0.28,20.33,37.32
2010-08-09,Nagapattinam,10.7672,79.8449,Delta,30.4,33.72,27.85,68.94,4.12,0.29,23.51,37.33
2010-08-10,Nagapattinam,10.7672,79.8449,Delta,30.32,32.65,28.21,67.21,3.25,0.39,23.29,37.34
2010-08-11,Nagapattinam,10.7672,79.8449,Delta,30.78,33.9,28.15,67.51,3.84,1.6,21.03,37.35
2010-08-12,Nagapattinam,10.7672,79.8449,Delta,28.53,30.01,27.31,78.7,4.82,2.22,19.96,37.36
2010-08-13,Nagapattinam,10.7672,79.8449,Delta,29.12,30.8,27.49,76.21,3.55,1.44,22.41,37.37
2010-08-14,Nagapattinam,10.7672,79.8449,Delta,28.51,30.07,27.31,78.52,3.88,4.46,22.05,37.37
2010-08-15,Nagapattinam,10.7672,79.8449,Delta,28.22,29.62,27.15,80.74,4.34,2.55,12.57,37.37
2010-08-16,Nagapattinam,10.7672,79.8449,Delta,28.58,30.89,26.6,76.88,4.97,3.71,21.86,37.38
2010-08-17,Nagapattinam,10.7672,79.8449,Delta,29.56,32.35,27.01,70.77,4.03,2.06,21.73,37.38
2010-08-18,Nagapattinam,10.7672,79.8449,Delta,29.43,32.3,26.74,69.69,3.55,1.75,21.51,37.38
2010-08-19,Nagapattinam,10.7672,79.8449,Delta,29.33,32.08,27.08,69.81,3.11,3.31,19.13,37.38
2010-08-20,Nagapattinam,10.7672,79.8449,Delta,27.76,28.33,26.88,82.02,3.11,10.33,12.99,37.38
2010-08-21,Nagapattinam,10.7672,79.8449,Delta,27.31,28.61,26.3,81.19,3.25,21.17,5.22,37.38
2010-08-22,Nagapattinam,10.7672,79.8449,Delta,27.8,30.29,25.42,78.87,3.85,17.12,10.93,37.38
2010-08-23,Nagapattinam,10.7672,79.8449,Delta,28.37,30.27,26.6,79.5,3.25,14.89,12.81,37.37
2010-08-24,Nagapattinam,10.7672,79.8449,Delta,27.82,30.09,26.54,83.37,3.38,10.61,5.34,37.37
2010-08-25,Nagapattinam,10.7672,79.8449,Delta,28.1,30.61,26.13,78.63,4.28,3.66,17.81,37.36
2010-08-26,Nagapattinam,10.7672,79.8449,Delta,28.89,31.39,26.32,75.19,4.25,0.51,21.96,37.35
2010-08-27,Nagapattinam,10.7672,79.8449,Delta,28.95,31.91,26.35,74.97,4.74,0.13,23.81,37.34
2010-08-28,Nagapattinam,10.7672,79.8449,Delta,28.82,31.35,26.9,78.26,4.49,1.69,23.02,37.33
2010-08-29,Nagapattinam,10.7672,79.8449,Delta,28.33,30.2,26.73,82.8,4.4,6.75,22.22,37.32
2010-08-30,Nagapattinam,10.7672,79.8449,Delta,27.77,29.4,26.46,80.55,5.53,10.61,16.72,37.3
2010-08-31,Nagapattinam,10.7672,79.8449,Delta,27.81,30.77,25.04,75.96,4.12,3.38,20.54,37.29
2010-09-01,Nagapattinam,10.7672,79.8449,Delta,28.67,31.87,25.82,73.93,4.3,0.01,25.51,37.28
2010-09-02,Nagapattinam,10.7672,79.8449,Delta,29.09,32.19,26.44,73.45,3.25,2.07,24.57,37.26
2010-09-03,Nagapattinam,10.7672,79.8449,Delta,28.84,31.04,27.01,77.32,3.61,2.65,10.9,37.24
2010-09-04,Nagapattinam,10.7672,79.8449,Delta,28.77,31.24,27.0,77.95,4.5,1.42,13.24,37.22
2010-09-05,Nagapattinam,10.7672,79.8449,Delta,29.23,32.06,26.81,75.04,4.83,0.39,20.41,37.2
2010-09-06,Nagapattinam,10.7672,79.8449,Delta,28.92,31.72,26.58,74.44,5.13,1.04,22.85,37.18
2010-09-07,Nagapattinam,10.7672,79.8449,Delta,28.85,31.45,26.47,75.74,5.2,1.39,21.48,37.15
2010-09-08,Nagapattinam,10.7672,79.8449,Delta,28.76,31.59,26.37,76.33,5.02,2.11,21.74,37.12
2010-09-09,Nagapattinam,10.7672,79.8449,Delta,28.69,31.04,26.53,76.98,4.31,3.13,22.77,37.09
2010-09-10,Nagapattinam,10.7672,79.8449,Delta,28.07,29.73,26.77,81.27,4.16,8.38,18.3,37.06
2010-09-11,Nagapattinam,10.7672,79.8449,Delta,28.38,30.62,25.96,74.78,3.52,8.38,15.61,37.04
2010-09-12,Nagapattinam,10.7672,79.8449,Delta,28.58,30.3,26.73,75.92,2.46,7.39,15.97,37.0
2010-09-13,Nagapattinam,10.7672,79.8449,Delta,28.4,30.74,26.64,76.31,3.14,9.8,17.76,36.97
2010-09-14,Nagapattinam,10.7672,79.8449,Delta,28.44,31.78,25.69,75.62,4.59,2.23,15.88,36.93
2010-09-15,Nagapattinam,10.7672,79.8449,Delta,28.59,31.55,25.92,76.28,4.67,4.44,19.24,36.9
2010-09-16,Nagapattinam,10.7672,79.8449,Delta,28.45,31.16,25.87,75.9,4.6,3.84,23.37,36.86
2010-09-17,Nagapattinam,10.7672,79.8449,Delta,29.16,32.17,26.4,75.76,4.04,1.05,18.38,36.81
2010-09-18,Nagapattinam,10.7672,79.8449,Delta,28.91,31.49,26.48,73.65,3.63,1.76,18.12,36.77
2010-09-19,Nagapattinam,10.7672,79.8449,Delta,28.75,31.83,25.89,73.65,3.68,0.58,22.81,36.73
2010-09-20,Nagapattinam,10.7672,79.8449,Delta,28.83,30.92,27.03,76.11,2.68,3.45,22.92,36.68
2010-09-21,Nagapattinam,10.7672,79.8449,Delta,28.13,29.63,26.94,79.64,2.21,4.75,15.97,36.64
2010-09-22,Nagapattinam,10.7672,79.8449,Delta,27.41,28.56,26.11,81.93,1.4,6.23,20.51,36.58
2010-09-23,Nagapattinam,10.7672,79.8449,Delta,28.11,29.98,26.67,80.09,2.04,5.06,18.33,36.53
2010-09-24,Nagapattinam,10.7672,79.8449,Delta,27.96,29.36,26.57,81.53,2.67,7.01,20.91,36.47
2010-09-25,Nagapattinam,10.7672,79.8449,Delta,27.6,28.97,26.58,79.45,3.32,3.94,19.0,36.42
2010-09-26,Nagapattinam,10.7672,79.8449,Delta,28.06,29.53,26.96,76.83,2.03,3.06,8.19,36.36
2010-09-27,Nagapattinam,10.7672,79.8449,Delta,28.05,29.5,26.71,79.31,2.71,1.84,17.69,36.3
2010-09-28,Nagapattinam,10.7672,79.8449,Delta,27.79,28.67,27.02,82.73,2.57,8.27,20.42,36.24
2010-09-29,Nagapattinam,10.7672,79.8449,Delta,27.34,28.78,26.5,82.45,2.98,5.55,12.56,36.18
2010-09-30,Nagapattinam,10.7672,79.8449,Delta,27.83,29.27,26.36,77.06,1.69,2.09,21.71,36.12
2010-10-01,Nagapattinam,10.7672,79.8449,Delta,28.14,29.68,27.11,77.11,1.94,2.45,17.54,36.06
2010-10-02,Nagapattinam,10.7672,79.8449,Delta,27.83,29.04,27.0,79.32,1.47,7.83,16.04,35.99
2010-10-03,Nagapattinam,10.7672,79.8449,Delta,27.88,29.26,26.91,79.54,1.07,5.27,16.7,35.93
2010-10-04,Nagapattinam,10.7672,79.8449,Delta,28.5,30.32,26.85,77.47,1.93,4.83,21.68,35.86
2010-10-05,Nagapattinam,10.7672,79.8449,Delta,28.38,29.99,27.19,81.91,3.18,4.77,14.19,35.79
2010-10-06,Nagapattinam,10.7672,79.8449,Delta,28.59,31.19,26.86,82.35,5.18,9.33,13.79,35.72
2010-10-07,Nagapattinam,10.7672,79.8449,Delta,28.39,30.44,26.63,82.25,4.87,1.88,20.12,35.64
2010-10-08,Nagapattinam,10.7672,79.8449,Delta,28.25,30.01,26.86,85.23,4.83,3.37,21.34,35.57
2010-10-09,Nagapattinam,10.7672,79.8449,Delta,28.73,31.02,26.94,81.84,4.42,2.73,16.85,35.49
2010-10-10,Nagapattinam,10.7672,79.8449,Delta,28.37,29.96,27.05,81.65,4.5,2.32,17.15,35.42
2010-10-11,Nagapattinam,10.7672,79.8449,Delta,28.36,30.34,26.95,80.43,3.75,1.53,20.94,35.34
2010-10-12,Nagapattinam,10.7672,79.8449,Delta,28.46,30.96,26.27,78.7,3.59,1.27,22.07,35.26
2010-10-13,Nagapattinam,10.7672,79.8449,Delta,29.02,31.38,26.69,76.49,3.47,1.94,18.07,35.18
2010-10-14,Nagapattinam,10.7672,79.8449,Delta,27.84,29.9,26.48,80.52,5.23,0.94,19.21,35.1
2010-10-15,Nagapattinam,10.7672,79.8449,Delta,28.17,30.52,26.18,79.93,4.67,1.34,19.99,35.02
2010-10-16,Nagapattinam,10.7672,79.8449,Delta,29.12,32.6,26.11,74.34,4.6,0.24,23.62,34.94
2010-10-17,Nagapattinam,10.7672,79.8449,Delta,28.81,32.13,25.54,72.39,4.71,0.07,23.42,34.85
2010-10-18,Nagapattinam,10.7672,79.8449,Delta,29.21,31.74,26.84,75.01,3.95,0.07,22.18,34.77
2010-10-19,Nagapattinam,10.7672,79.8449,Delta,29.1,31.29,27.0,76.44,2.92,3.27,21.96,34.69
2010-10-20,Nagapattinam,10.7672,79.8449,Delta,28.89,30.8,27.24,79.27,2.85,2.52,19.99,34.6
2010-10-21,Nagapattinam,10.7672,79.8449,Delta,28.49,30.6,26.62,81.54,3.9,6.23,18.39,34.51
2010-10-22,Nagapattinam,10.7672,79.8449,Delta,28.68,30.83,27.0,80.6,4.7,3.37,19.91,34.42
2010-10-23,Nagapattinam,10.7672,79.8449,Delta,28.96,31.85,26.41,75.96,4.51,0.91,21.6,34.33
2010-10-24,Nagapattinam,10.7672,79.8449,Delta,29.24,32.0,27.11,76.18,4.13,1.76,22.16,34.24
2010-10-25,Nagapattinam,10.7672,79.8449,Delta,29.04,31.46,27.03,77.6,4.0,3.45,21.56,34.15
2010-10-26,Nagapattinam,10.7672,79.8449,Delta,28.67,30.1,27.25,79.98,2.63,2.44,18.05,34.06
2010-10-27,Nagapattinam,10.7672,79.8449,Delta,27.99,29.04,26.96,82.58,1.65,5.33,16.29,33.96
2010-10-28,Nagapattinam,10.7672,79.8449,Delta,27.35,28.55,26.64,80.25,2.69,11.17,12.97,33.87
2010-10-29,Nagapattinam,10.7672,79.8449,Delta,27.2,28.58,26.35,81.96,3.55,16.41,17.31,33.78
2010-10-30,Nagapattinam,10.7672,79.8449,Delta,27.07,27.72,26.6,87.94,3.79,16.86,11.99,33.69
2010-10-31,Nagapattinam,10.7672,79.8449,Delta,27.06,28.29,26.03,83.52,3.16,18.16,15.84,33.6
2010-11-01,Nagapattinam,10.7672,79.8449,Delta,26.74,27.86,25.83,85.6,2.41,14.76,13.44,33.51
2010-11-02,Nagapattinam,10.7672,79.8449,Delta,26.96,28.3,25.63,84.07,2.22,3.84,17.27,33.42
2010-11-03,Nagapattinam,10.7672,79.8449,Delta,27.8,29.15,26.67,82.61,2.31,2.28,17.12,33.33
2010-11-04,Nagapattinam,10.7672,79.8449,Delta,27.38,28.45,26.56,83.91,2.49,4.71,16.88,33.24
2010-11-05,Nagapattinam,10.7672,79.8449,Delta,27.15,28.28,26.35,85.01,2.39,6.5,15.84,33.15
2010-11-06,Nagapattinam,10.7672,79.8449,Delta,26.86,27.86,26.06,86.11,4.02,29.99,8.1,33.06
2010-11-07,Nagapattinam,10.7672,79.8449,Delta,26.29,27.77,24.9,86.77,7.55,17.94,2.49,32.97
2010-11-08,Nagapattinam,10.7672,79.8449,Delta,27.53,29.11,25.77,83.7,4.41,2.23,19.36,32.88
2010-11-09,Nagapattinam,10.7672,79.8449,Delta,27.73,29.15,26.79,85.22,2.81,9.51,17.61,32.8
2010-11-10,Nagapattinam,10.7672,79.8449,Delta,27.17,28.28,26.42,85.32,2.31,6.49,19.01,32.71
2010-11-11,Nagapattinam,10.7672,79.8449,Delta,27.06,27.83,26.13,82.14,1.87,7.26,16.28,32.62
2010-11-12,Nagapattinam,10.7672,79.8449,Delta,27.08,28.51,25.98,80.95,1.45,0.64,20.37,32.53
2010-11-13,Nagapattinam,10.7672,79.8449,Delta,27.37,28.92,26.29,81.37,2.38,0.1,19.54,32.45
2010-11-14,Nagapattinam,10.7672,79.8449,Delta,27.29,28.91,26.26,81.7,2.94,0.18,20.69,32.36
2010-11-15,Nagapattinam,10.7672,79.8449,Delta,27.08,28.53,26.03,83.77,2.91,3.9,12.49,32.28
2010-11-16,Nagapattinam,10.7672,79.8449,Delta,26.68,28.16,25.23,85.56,4.31,18.94,10.55,32.2
2010-11-17,Nagapattinam,10.7672,79.8449,Delta,26.75,28.03,25.28,84.83,4.27,10.38,18.94,32.12
2010-11-18,Nagapattinam,10.7672,79.8449,Delta,26.72,27.84,25.75,84.86,2.94,9.52,16.36,32.04
2010-11-19,Nagapattinam,10.7672,79.8449,Delta,26.49,27.93,25.18,79.6,2.76,11.72,9.03,31.96
2010-11-20,Nagapattinam,10.7672,79.8449,Delta,26.42,27.44,25.72,87.92,2.82,16.56,16.43,31.88
2010-11-21,Nagapattinam,10.7672,79.8449,Delta,26.47,27.25,25.6,83.38,1.61,5.75,14.26,31.81
2010-11-22,Nagapattinam,10.7672,79.8449,Delta,26.53,27.61,25.97,82.12,2.01,7.42,17.46,31.74
2010-11-23,Nagapattinam,10.7672,79.8449,Delta,26.69,28.25,25.64,81.54,1.9,5.52,13.05,31.66
2010-11-24,Nagapattinam,10.7672,79.8449,Delta,26.99,28.23,25.61,84.5,4.08,11.33,14.9,31.59
2010-11-25,Nagapattinam,10.7672,79.8449,Delta,26.91,27.5,26.41,88.27,5.36,31.96,3.06,31.52
2010-11-26,Nagapattinam,10.7672,79.8449,Delta,26.42,27.27,25.63,88.72,4.72,49.92,6.01,31.46
2010-11-27,Nagapattinam,10.7672,79.8449,Delta,25.47,26.24,25.0,88.98,3.42,24.4,6.57,31.39
2010-11-28,Nagapattinam,10.7672,79.8449,Delta,27.07,27.91,26.43,87.63,4.79,25.37,3.01,31.33
2010-11-29,Nagapattinam,10.7672,79.8449,Delta,27.06,28.19,26.38,83.73,4.49,2.53,18.1,31.26
2010-11-30,Nagapattinam,10.7672,79.8449,Delta,26.95,28.02,26.17,84.49,4.76,17.82,12.77,31.2
2010-12-01,Nagapattinam,10.7672,79.8449,Delta,26.62,27.41,25.85,88.75,4.37,25.53,4.09,31.15
2010-12-02,Nagapattinam,10.7672,79.8449,Delta,26.59,27.45,25.58,88.16,4.42,15.28,11.9,31.1
2010-12-03,Nagapattinam,10.7672,79.8449,Delta,26.58,27.21,26.03,89.95,5.3,22.0,2.72,31.05
2010-12-04,Nagapattinam,10.7672,79.8449,Delta,25.9,26.71,24.97,89.65,7.01,32.3,7.72,31.0
2010-12-05,Nagapattinam,10.7672,79.8449,Delta,24.36,25.3,22.92,93.04,7.99,44.11,4.41,30.95
2010-12-06,Nagapattinam,10.7672,79.8449,Delta,23.14,23.99,21.88,91.73,6.69,28.72,8.98,30.91
2010-12-07,Nagapattinam,10.7672,79.8449,Delta,25.43,27.29,23.47,86.8,4.13,3.26,19.13,30.87
2010-12-08,Nagapattinam,10.7672,79.8449,Delta,26.2,27.14,25.29,90.43,4.67,3.32,10.54,30.83
2010-12-09,Nagapattinam,10.7672,79.8449,Delta,26.41,27.49,25.75,89.11,3.7,2.65,17.48,30.79
2010-12-10,Nagapattinam,10.7672,79.8449,Delta,26.17,27.52,25.3,86.89,3.07,1.12,18.53,30.76
2010-12-11,Nagapattinam,10.7672,79.8449,Delta,26.5,28.18,24.89,84.36,2.78,1.11,18.78,30.74
2010-12-12,Nagapattinam,10.7672,79.8449,Delta,26.53,28.06,24.88,83.65,2.22,4.23,18.23,30.71
2010-12-13,Nagapattinam,10.7672,79.8449,Delta,25.8,27.52,23.9,82.98,1.83,2.32,11.33,30.69
2010-12-14,Nagapattinam,10.7672,79.8449,Delta,26.09,27.37,25.14,86.77,3.0,3.45,17.37,30.67
2010-12-15,Nagapattinam,10.7672,79.8449,Delta,26.34,27.48,25.41,84.61,3.09,6.0,14.54,30.66
2010-12-16,Nagapattinam,10.7672,79.8449,Delta,26.3,27.38,25.26,83.69,3.3,3.2,13.91,30.64
2010-12-17,Nagapattinam,10.7672,79.8449,Delta,25.72,26.98,24.69,85.83,4.0,5.45,10.11,30.63
2010-12-18,Nagapattinam,10.7672,79.8449,Delta,25.45,26.86,24.28,79.91,5.07,0.73,12.09,30.62
2010-12-19,Nagapattinam,10.7672,79.8449,Delta,25.47,26.65,24.15,82.97,5.29,5.67,9.3,30.61
2010-12-20,Nagapattinam,10.7672,79.8449,Delta,26.47,27.59,25.59,86.51,4.54,7.65,16.16,30.61
2010-12-21,Nagapattinam,10.7672,79.8449,Delta,25.76,26.89,24.7,82.56,6.08,3.53,16.59,30.61
2010-12-22,Nagapattinam,10.7672,79.8449,Delta,24.73,26.07,23.63,77.66,4.79,0.14,19.03,30.61
2010-12-23,Nagapattinam,10.7672,79.8449,Delta,24.97,26.44,23.53,75.77,3.92,0.58,18.32,30.62
2010-12-24,Nagapattinam,10.7672,79.8449,Delta,25.18,26.4,24.24,78.78,4.97,2.6,9.72,30.63
2010-12-25,Nagapattinam,10.7672,79.8449,Delta,25.16,26.12,24.48,81.67,4.99,2.45,14.8,30.64
2010-12-26,Nagapattinam,10.7672,79.8449,Delta,25.4,26.83,24.43,76.26,4.82,2.01,17.21,30.65
2010-12-27,Nagapattinam,10.7672,79.8449,Delta,25.37,26.9,24.39,76.04,4.63,1.43,17.54,30.67
2010-12-28,Nagapattinam,10.7672,79.8449,Delta,24.67,25.35,24.05,88.78,5.48,17.37,4.6,30.69
2010-12-29,Nagapattinam,10.7672,79.8449,Delta,25.63,26.5,25.04,84.97,5.74,4.3,11.8,30.72
2010-12-30,Nagapattinam,10.7672,79.8449,Delta,25.55,26.77,24.76,80.29,4.57,1.18,10.51,30.75
2010-12-31,Nagapattinam,10.7672,79.8449,Delta,25.6,26.91,24.65,81.95,3.82,2.43,14.84,30.78
2011-01-01,Nagapattinam,10.7672,79.8449,Delta,25.78,27.1,24.58,84.56,3.43,1.72,14.8,30.81
2011-01-02,Nagapattinam,10.7672,79.8449,Delta,26.04,27.4,24.78,84.7,3.81,2.87,13.1,30.85
2011-01-03,Nagapattinam,10.7672,79.8449,Delta,25.99,27.2,25.28,81.65,4.66,1.51,17.01,30.89
2011-01-04,Nagapattinam,10.7672,79.8449,Delta,24.94,25.41,24.49,87.1,4.87,10.51,8.61,30.93
2011-01-05,Nagapattinam,10.7672,79.8449,Delta,25.06,25.72,24.42,84.49,6.48,2.09,10.56,30.97
2011-01-06,Nagapattinam,10.7672,79.8449,Delta,25.65,26.94,24.91,81.53,5.93,1.93,14.5,31.02
2011-01-07,Nagapattinam,10.7672,79.8449,Delta,25.44,26.6,24.6,88.73,6.06,4.3,15.7,31.07
2011-01-08,Nagapattinam,10.7672,79.8449,Delta,25.74,26.94,24.71,87.84,5.96,1.85,14.65,31.13
2011-01-09,Nagapattinam,10.7672,79.8449,Delta,26.01,27.22,25.02,87.0,5.79,2.08,12.0,31.18
2011-01-10,Nagapattinam,10.7672,79.8449,Delta,25.79,26.59,24.98,90.18,5.74,3.12,13.8,31.24
2011-01-11,Nagapattinam,10.7672,79.8449,Delta,25.13,26.72,23.67,83.67,5.37,0.23,18.75,31.3
2011-01-12,Nagapattinam,10.7672,79.8449,Delta,24.82,26.4,23.74,80.61,4.75,0.0,16.35,31.36
2011-01-13,Nagapattinam,10.7672,79.8449,Delta,24.44,26.05,22.8,78.89,5.03,0.86,10.15,31.43
2011-01-14,Nagapattinam,10.7672,79.8449,Delta,25.18,26.61,24.06,78.58,5.18,1.87,16.0,31.5
2011-01-15,Nagapattinam,10.7672,79.8449,Delta,25.77,27.06,24.73,79.68,5.3,3.52,10.71,31.57
2011-01-16,Nagapattinam,10.7672,79.8449,Delta,25.55,26.91,24.41,80.14,4.48,0.59,14.12,31.64
2011-01-17,Nagapattinam,10.7672,79.8449,Delta,25.25,26.96,23.96,80.18,2.98,0.0,18.11,31.71
2011-01-18,Nagapattinam,10.7672,79.8449,Delta,24.47,26.33,23.01,76.11,3.15,0.0,21.04,31.79
2011-01-19,Nagapattinam,10.7672,79.8449,Delta,24.27,26.04,23.11,75.88,2.72,0.0,21.45,31.87
2011-01-20,Nagapattinam,10.7672,79.8449,Delta,24.35,26.19,22.94,78.34,2.89,0.0,22.15,31.95
2011-01-21,Nagapattinam,10.7672,79.8449,Delta,24.65,26.52,23.16,80.63,3.67,0.0,20.68,32.03
2011-01-22,Nagapattinam,10.7672,79.8449,Delta,25.09,26.76,23.85,76.83,4.38,0.13,20.69,32.11
2011-01-23,Nagapattinam,10.7672,79.8449,Delta,25.15,26.77,23.85,78.03,4.81,0.22,18.62,32.19
2011-01-24,Nagapattinam,10.7672,79.8449,Delta,25.51,27.03,24.35,73.63,4.91,0.14,20.2,32.28
2011-01-25,Nagapattinam,10.7672,79.8449,Delta,25.52,26.96,24.51,72.87,4.84,0.21,19.89,32.37
2011-01-26,Nagapattinam,10.7672,79.8449,Delta,25.52,27.0,24.34,80.51,5.34,0.87,17.42,32.46
2011-01-27,Nagapattinam,10.7672,79.8449,Delta,25.53,27.13,24.53,76.99,5.14,0.46,18.49,32.55
2011-01-28,Nagapattinam,10.7672,79.8449,Delta,25.63,27.18,24.48,81.86,4.72,0.57,17.32,32.64
2011-01-29,Nagapattinam,10.7672,79.8449,Delta,25.98,27.44,25.01,79.76,5.21,0.85,19.55,32.73
2011-01-30,Nagapattinam,10.7672,79.8449,Delta,25.87,27.33,24.87,80.33,5.58,1.2,15.87,32.83
2011-01-31,Nagapattinam,10.7672,79.8449,Delta,25.82,27.38,24.68,79.67,5.94,0.7,17.63,32.92
2011-02-01,Nagapattinam,10.7672,79.8449,Delta,25.83,27.22,24.68,81.52,6.06,2.86,19.44,33.02
2011-02-02,Nagapattinam,10.7672,79.8449,Delta,25.8,27.18,24.86,75.97,6.43,0.09,15.52,33.11
2011-02-03,Nagapattinam,10.7672,79.8449,Delta,25.78,26.89,25.11,79.24,6.12,0.63,13.7,33.21
2011-02-04,Nagapattinam,10.7672,79.8449,Delta,25.49,26.86,24.7,79.49,5.84,0.8,14.31,33.31
2011-02-05,Nagapattinam,10.7672,79.8449,Delta,25.31,27.04,23.96,78.03,5.35,1.07,21.64,33.41
2011-02-06,Nagapattinam,10.7672,79.8449,Delta,25.25,26.8,24.04,79.93,5.11,0.95,15.28,33.51
2011-02-07,Nagapattinam,10.7672,79.8449,Delta,25.24,26.88,24.17,80.46,4.77,0.0,14.55,33.61
2011-02-08,Nagapattinam,10.7672,79.8449,Delta,24.91,26.73,23.55,79.79,4.12,0.03,20.78,33.7
2011-02-09,Nagapattinam,10.7672,79.8449,Delta,25.02,27.23,23.41,76.98,3.53,0.23,23.33,33.8
2011-02-10,Nagapattinam,10.7672,79.8449,Delta,24.89,27.1,22.86,75.8,4.15,0.0,23.62,33.9
2011-02-11,Nagapattinam,10.7672,79.8449,Delta,25.21,27.14,23.38,76.63,4.13,0.0,19.66,34.0
2011-02-12,Nagapattinam,10.7672,79.8449,Delta,25.35,27.52,23.78,70.15,3.49,0.0,21.76,34.1
2011-02-13,Nagapattinam,10.7672,79.8449,Delta,24.87,26.94,23.06,71.09,3.85,0.0,22.33,34.19
2011-02-14,Nagapattinam,10.7672,79.8449,Delta,25.04,26.91,23.58,72.97,2.86,0.0,20.72,34.29
2011-02-15,Nagapattinam,10.7672,79.8449,Delta,25.5,27.44,24.0,74.67,2.55,0.02,21.66,34.39
2011-02-16,Nagapattinam,10.7672,79.8449,Delta,25.95,27.99,24.55,78.67,2.18,0.0,21.64,34.48
2011-02-17,Nagapattinam,10.7672,79.8449,Delta,26.23,28.49,24.49,82.23,2.05,0.0,20.38,34.58
2011-02-18,Nagapattinam,10.7672,79.8449,Delta,26.54,28.71,24.77,80.08,1.87,0.0,20.66,34.68
2011-02-19,Nagapattinam,10.7672,79.8449,Delta,26.83,28.75,25.4,80.43,2.37,0.0,19.5,34.78
2011-02-20,Nagapattinam,10.7672,79.8449,Delta,27.12,29.14,25.5,80.86,2.94,0.06,21.1,34.87
2011-02-21,Nagapattinam,10.7672,79.8449,Delta,27.0,28.84,25.5,82.47,2.76,1.42,20.76,34.97
2011-02-22,Nagapattinam,10.7672,79.8449,Delta,26.94,28.63,25.6,82.53,3.91,1.97,15.37,35.07
2011-02-23,Nagapattinam,10.7672,79.8449,Delta,26.82,28.45,25.76,79.35,3.94,1.4,16.87,35.16
2011-02-24,Nagapattinam,10.7672,79.8449,Delta,26.74,28.51,25.58,77.33,3.74,0.7,19.66,35.25
2011-02-25,Nagapattinam,10.7672,79.8449,Delta,26.31,28.23,24.89,73.08,3.33,0.0,19.85,35.34
2011-02-26,Nagapattinam,10.7672,79.8449,Delta,26.13,28.12,24.69,74.9,3.46,0.0,16.26,35.43
2011-02-27,Nagapattinam,10.7672,79.8449,Delta,25.97,27.9,24.76,76.95,4.07,0.61,21.63,35.52
2011-02-28,Nagapattinam,10.7672,79.8449,Delta,26.29,28.27,24.76,77.34,4.87,1.37,20.32,35.61
2011-03-01,Nagapattinam,10.7672,79.8449,Delta,26.63,28.77,24.94,74.16,4.99,0.49,22.26,35.69
2011-03-02,Nagapattinam,10.7672,79.8449,Delta,26.35,28.51,24.47,72.21,4.41,0.0,24.73,35.77
2011-03-03,Nagapattinam,10.7672,79.8449,Delta,26.28,28.69,24.12,73.86,3.78,0.31,23.93,35.86
2011-03-04,Nagapattinam,10.7672,79.8449,Delta,26.65,29.09,24.58,75.93,3.15,0.38,22.69,35.94
2011-03-05,Nagapattinam,10.7672,79.8449,Delta,26.79,29.42,24.81,75.36,3.02,0.09,23.31,36.02
2011-03-06,Nagapattinam,10.7672,79.8449,Delta,26.0,28.61,23.97,77.71,3.17,0.0,23.27,36.1
2011-03-07,Nagapattinam,10.7672,79.8449,Delta,26.07,29.11,23.58,77.73,2.67,0.0,23.97,36.18
2011-03-08,Nagapattinam,10.7672,79.8449,Delta,27.06,30.59,24.21,67.97,1.85,0.0,24.1,36.26
2011-03-09,Nagapattinam,10.7672,79.8449,Delta,27.66,31.16,25.05,65.99,2.51,0.0,25.17,36.33
2011-03-10,Nagapattinam,10.7672,79.8449,Delta,27.07,30.41,24.65,68.38,2.54,0.0,25.89,36.4
2011-03-11,Nagapattinam,10.7672,79.8449,Delta,26.6,29.64,24.26,72.51,2.71,0.0,26.06,36.47
2011-03-12,Nagapattinam,10.7672,79.8449,Delta,27.62,30.04,25.42,79.06,4.2,0.53,23.42,36.55
2011-03-13,Nagapattinam,10.7672,79.8449,Delta,27.71,29.65,26.31,78.74,5.12,0.61,23.34,36.63
2011-03-14,Nagapattinam,10.7672,79.8449,Delta,27.75,29.8,26.36,79.16,5.25,0.67,21.78,36.7
2011-03-15,Nagapattinam,10.7672,79.8449,Delta,27.79,30.02,26.19,78.07,4.82,0.25,23.49,36.77
2011-03-16,Nagapattinam,10.7672,79.8449,Delta,27.48,29.85,25.74,78.31,4.87,0.08,24.49,36.83
2011-03-17,Nagapattinam,10.7672,79.8449,Delta,27.17,29.67,25.38,73.04,4.9,0.1,24.93,36.89
2011-03-18,Nagapattinam,10.7672,79.8449,Delta,27.15,29.38,25.41,70.4,4.06,0.03,23.82,36.95
2011-03-19,Nagapattinam,10.7672,79.8449,Delta,27.61,30.13,25.53,76.82,3.1,0.01,24.58,37.0
2011-03-20,Nagapattinam,10.7672,79.8449,Delta,27.95,30.46,26.17,74.53,2.63,0.09,23.48,37.06
2011-03-21,Nagapattinam,10.7672,79.8449,Delta,27.99,30.32,26.15,78.43,3.08,1.04,23.01,37.11
2011-03-22,Nagapattinam,10.7672,79.8449,Delta,28.16,30.86,26.32,77.74,2.77,0.11,24.23,37.15
2011-03-23,Nagapattinam,10.7672,79.8449,Delta,27.86,30.84,25.67,74.51,2.62,0.0,24.43,37.21
2011-03-24,Nagapattinam,10.7672,79.8449,Delta,28.18,31.09,25.69,74.77,3.13,0.11,23.89,37.26
2011-03-25,Nagapattinam,10.7672,79.8449,Delta,28.36,30.69,26.96,77.17,3.42,0.14,21.83,37.31
2011-03-26,Nagapattinam,10.7672,79.8449,Delta,28.61,31.16,26.79,73.52,2.9,0.14,22.66,37.35
2011-03-27,Nagapattinam,10.7672,79.8449,Delta,28.84,31.54,26.69,71.63,2.59,0.09,23.51,37.39
2011-03-28,Nagapattinam,10.7672,79.8449,Delta,28.83,31.55,26.88,71.23,2.63,0.09,23.46,37.44
2011-03-29,Nagapattinam,10.7672,79.8449,Delta,28.94,31.69,27.02,71.79,2.77,0.01,24.68,37.48
2011-03-30,Nagapattinam,10.7672,79.8449,Delta,28.87,31.72,26.51,71.18,3.05,0.0,24.29,37.51
2011-03-31,Nagapattinam,10.7672,79.8449,Delta,29.29,32.65,26.55,67.22,3.63,0.0,24.59,37.55
2011-04-01,Nagapattinam,10.7672,79.8449,Delta,29.52,32.89,26.92,72.99,3.72,0.03,23.88,37.59
2011-04-02,Nagapattinam,10.7672,79.8449,Delta,29.6,32.12,27.31,73.56,4.13,0.03,23.74,37.62
2011-04-03,Nagapattinam,10.7672,79.8449,Delta,29.52,31.88,27.42,73.55,3.95,0.14,23.45,37.65
2011-04-04,Nagapattinam,10.7672,79.8449,Delta,29.84,32.58,27.6,71.41,4.09,0.15,23.31,37.68
2011-04-05,Nagapattinam,10.7672,79.8449,Delta,29.65,31.93,27.87,69.48,4.03,0.02,23.87,37.7
2011-04-06,Nagapattinam,10.7672,79.8449,Delta,29.02,31.46,27.21,64.31,3.88,0.0,24.17,37.73
2011-04-07,Nagapattinam,10.7672,79.8449,Delta,28.45,31.12,26.58,67.63,3.7,0.0,25.25,37.75
2011-04-08,Nagapattinam,10.7672,79.8449,Delta,28.72,31.24,26.54,72.77,3.18,0.18,25.42,37.77
2011-04-09,Nagapattinam,10.7672,79.8449,Delta,29.09,31.67,27.22,72.74,3.13,0.19,24.64,37.79
2011-04-10,Nagapattinam,10.7672,79.8449,Delta,28.75,30.97,27.12,76.04,3.17,1.02,23.28,37.8
2011-04-11,Nagapattinam,10.7672,79.8449,Delta,28.88,31.03,27.32,74.97,2.76,0.7,24.59,37.81
2011-04-12,Nagapattinam,10.7672,79.8449,Delta,29.12,31.31,27.46,74.91,2.9,0.75,24.38,37.82
2011-04-13,Nagapattinam,10.7672,79.8449,Delta,29.44,31.83,27.68,74.92,2.86,0.37,23.9,37.83
2011-04-14,Nagapattinam,10.7672,79.8449,Delta,29.32,31.37,27.57,74.5,2.89,0.88,22.55,37.84
2011-04-15,Nagapattinam,10.7672,79.8449,Delta,28.99,30.43,27.98,76.38,2.76,0.58,23.66,37.84
2011-04-16,Nagapattinam,10.7672,79.8449,Delta,28.96,30.72,27.46,75.89,2.89,0.63,23.71,37.85
2011-04-17,Nagapattinam,10.7672,79.8449,Delta,29.37,31.38,27.86,71.37,2.6,1.37,20.89,37.86
2011-04-18,Nagapattinam,10.7672,79.8449,Delta,29.83,31.92,28.09,66.75,2.96,1.47,20.92,37.86
2011-04-19,Nagapattinam,10.7672,79.8449,Delta,29.42,31.46,27.46,72.92,3.22,1.43,20.61,37.86
2011-04-20,Nagapattinam,10.7672,79.8449,Delta,28.79,29.51,27.86,70.29,2.4,3.26,17.93,37.87
2011-04-21,Nagapattinam,10.7672,79.8449,Delta,28.39,29.75,27.31,78.79,2.85,12.08,21.23,37.87
2011-04-22,Nagapattinam,10.7672,79.8449,Delta,27.79,28.7,27.06,83.22,2.75,14.24,22.85,37.87
2011-04-23,Nagapattinam,10.7672,79.8449,Delta,27.61,28.08,27.1,86.38,4.0,15.79,12.52,37.86
2011-04-24,Nagapattinam,10.7672,79.8449,Delta,27.94,29.64,26.6,80.86,3.71,13.54,16.88,37.86
2011-04-25,Nagapattinam,10.7672,79.8449,Delta,28.29,29.6,27.06,79.24,3.05,6.54,13.08,37.85
2011-04-26,Nagapattinam,10.7672,79.8449,Delta,28.83,30.56,27.7,73.78,2.13,3.92,17.67,37.85
2011-04-27,Nagapattinam,10.7672,79.8449,Delta,28.7,30.59,27.34,77.42,2.58,2.01,21.9,37.84
2011-04-28,Nagapattinam,10.7672,79.8449,Delta,29.65,32.22,27.51,74.04,2.1,2.07,19.52,37.84
2011-04-29,Nagapattinam,10.7672,79.8449,Delta,30.18,32.46,28.11,74.53,2.95,2.6,20.59,37.83
2011-04-30,Nagapattinam,10.7672,79.8449,Delta,30.29,32.18,28.67,76.69,3.11,3.2,20.24,37.82
2011-05-01,Nagapattinam,10.7672,79.8449,Delta,30.33,32.66,28.46,75.12,3.13,3.05,21.49,37.81
2011-05-02,Nagapattinam,10.7672,79.8449,Delta,29.95,31.88,28.36,77.9,2.94,2.49,16.42,37.79
2011-05-03,Nagapattinam,10.7672,79.8449,Delta,30.9,34.21,28.28,74.69,3.87,3.77,21.9,37.77
2011-05-04,Nagapattinam,10.7672,79.8449,Delta,30.45,33.26,27.76,71.94,4.02,1.17,20.89,37.76
2011-05-05,Nagapattinam,10.7672,79.8449,Delta,30.5,32.78,28.22,74.56,4.44,1.17,21.75,37.74
2011-05-06,Nagapattinam,10.7672,79.8449,Delta,30.57,33.58,28.28,73.22,4.78,2.98,22.63,37.72
2011-05-07,Nagapattinam,10.7672,79.8449,Delta,30.78,33.34,29.07,72.62,4.78,2.46,23.82,37.71
2011-05-08,Nagapattinam,10.7672,79.8449,Delta,30.4,32.8,28.45,69.57,4.09,0.15,25.37,37.69
2011-05-09,Nagapattinam,10.7672,79.8449,Delta,30.43,34.1,27.61,69.2,5.53,0.02,25.74,37.67
2011-05-10,Nagapattinam,10.7672,79.8449,Delta,30.54,33.97,27.88,68.22,5.77,0.03,25.67,37.65
2011-05-11,Nagapattinam,10.7672,79.8449,Delta,30.27,33.6,27.86,67.58,5.58,0.01,25.8,37.63
2011-05-12,Nagapattinam,10.7672,79.8449,Delta,30.26,33.67,27.81,68.31,5.4,0.0,25.75,37.62
2011-05-13,Nagapattinam,10.7672,79.8449,Delta,30.27,33.65,27.81,70.45,5.11,0.02,24.84,37.59
2011-05-14,Nagapattinam,10.7672,79.8449,Delta,30.57,34.1,27.98,69.68,4.98,0.1,23.99,37.57
2011-05-15,Nagapattinam,10.7672,79.8449,Delta,30.45,33.58,28.24,72.42,5.03,0.14,24.37,37.55
2011-05-16,Nagapattinam,10.7672,79.8449,Delta,30.21,32.89,28.34,74.21,4.45,0.35,25.08,37.53
2011-05-17,Nagapattinam,10.7672,79.8449,Delta,29.79,32.06,28.05,76.3,4.29,1.53,23.96,37.51
2011-05-18,Nagapattinam,10.7672,79.8449,Delta,30.06,32.14,28.4,73.4,4.37,0.45,23.08,37.49
2011-05-19,Nagapattinam,10.7672,79.8449,Delta,30.18,32.68,28.25,74.27,5.4,0.65,23.28,37.47
2011-05-20,Nagapattinam,10.7672,79.8449,Delta,29.78,31.72,28.45,79.1,5.67,5.69,22.57,37.44
2011-05-21,Nagapattinam,10.7672,79.8449,Delta,29.89,32.14,27.95,76.48,4.87,0.73,18.63,37.42
2011-05-22,Nagapattinam,10.7672,79.8449,Delta,30.38,33.36,27.95,70.91,4.37,0.1,24.27,37.4
2011-05-23,Nagapattinam,10.7672,79.8449,Delta,30.64,33.58,28.44,72.67,4.04,0.15,24.13,37.38
2011-05-24,Nagapattinam,10.7672,79.8449,Delta,30.85,33.86,28.84,75.34,4.19,0.15,23.39,37.36
2011-05-25,Nagapattinam,10.7672,79.8449,Delta,30.69,32.88,28.98,77.27,3.59,0.21,23.71,37.33
2011-05-26,Nagapattinam,10.7672,79.8449,Delta,30.4,32.11,28.79,76.49,3.27,0.77,23.09,37.31
2011-05-27,Nagapattinam,10.7672,79.8449,Delta,30.75,32.87,28.83,72.06,4.62,1.01,23.24,37.29
2011-05-28,Nagapattinam,10.7672,79.8449,Delta,30.23,32.27,28.47,72.88,3.63,0.68,21.52,37.27
2011-05-29,Nagapattinam,10.7672,79.8449,Delta,30.64,33.9,28.02,68.59,4.6,0.41,22.73,37.25
2011-05-30,Nagapattinam,10.7672,79.8449,Delta,31.08,33.56,28.69,71.28,5.29,0.41,23.62,37.23
2011-05-31,Nagapattinam,10.7672,79.8449,Delta,30.88,33.38,28.88,72.74,5.28,3.84,24.04,37.21
2011-06-01,Nagapattinam,10.7672,79.8449,Delta,30.19,32.84,27.54,74.28,5.07,2.53,19.7,37.19
2011-06-02,Nagapattinam,10.7672,79.8449,Delta,29.42,31.67,27.82,72.84,7.13,0.36,14.86,37.17
2011-06-03,Nagapattinam,10.7672,79.8449,Delta,29.41,31.5,27.43,74.17,5.58,1.72,19.81,37.15
2011-06-04,Nagapattinam,10.7672,79.8449,Delta,30.44,33.3,27.6,72.25,4.99,2.34,22.76,37.13
2011-06-05,Nagapattinam,10.7672,79.8449,Delta,30.65,33.51,27.66,69.85,4.97,0.86,21.44,37.12
2011-06-06,Nagapattinam,10.7672,79.8449,Delta,30.83,33.79,28.38,69.18,4.98,2.53,23.67,37.11
2011-06-07,Nagapattinam,10.7672,79.8449,Delta,30.6,33.53,27.91,67.44,4.33,0.52,22.78,37.09
2011-06-08,Nagapattinam,10.7672,79.8449,Delta,30.36,33.18,28.15,69.75,5.5,0.83,25.17,37.08
2011-06-09,Nagapattinam,10.7672,79.8449,Delta,30.64,33.43,28.39,70.51,5.58,1.46,22.51,37.06
2011-06-10,Nagapattinam,10.7672,79.8449,Delta,30.7,33.24,28.41,69.79,5.59,1.55,23.13,37.04
2011-06-11,Nagapattinam,10.7672,79.8449,Delta,30.49,32.91,28.56,69.86,6.04,1.05,19.17,37.03
2011-06-12,Nagapattinam,10.7672,79.8449,Delta,30.57,33.13,28.33,70.08,5.67,0.81,18.58,37.02
2011-06-13,Nagapattinam,10.7672,79.8449,Delta,30.79,33.52,28.27,65.64,7.23,0.21,21.58,37.0
2011-06-14,Nagapattinam,10.7672,79.8449,Delta,30.08,34.2,27.19,65.5,7.11,0.36,19.22,36.99
2011-06-15,Nagapattinam,10.7672,79.8449,Delta,29.88,33.43,26.23,63.96,6.01,0.38,19.81,36.98
2011-06-16,Nagapattinam,10.7672,79.8449,Delta,30.37,33.43,27.67,63.04,7.04,0.6,20.44,36.97
2011-06-17,Nagapattinam,10.7672,79.8449,Delta,29.99,33.06,27.17,58.81,6.98,0.48,19.61,36.96
2011-06-18,Nagapattinam,10.7672,79.8449,Delta,30.71,34.76,27.17,57.01,5.78,0.02,16.65,36.96
2011-06-19,Nagapattinam,10.7672,79.8449,Delta,30.8,34.05,27.57,65.24,5.76,0.0,21.59,36.95
2011-06-20,Nagapattinam,10.7672,79.8449,Delta,30.61,33.75,27.53,65.34,5.39,0.02,22.75,36.94
2011-06-21,Nagapattinam,10.7672,79.8449,Delta,30.72,33.63,28.01,64.02,5.65,0.0,23.61,36.94
2011-06-22,Nagapattinam,10.7672,79.8449,Delta,31.07,34.42,27.9,63.19,5.61,0.02,22.82,36.93
2011-06-23,Nagapattinam,10.7672,79.8449,Delta,31.04,34.38,28.2,64.11,4.82,0.15,21.05,36.93
2011-06-24,Nagapattinam,10.7672,79.8449,Delta,30.6,33.07,28.45,68.61,4.72,0.92,20.94,36.93
2011-06-25,Nagapattinam,10.7672,79.8449,Delta,29.87,32.14,27.5,71.79,5.47,1.04,16.86,36.93
2011-06-26,Nagapattinam,10.7672,79.8449,Delta,30.84,33.38,28.1,66.35,5.16,0.15,21.09,36.93
2011-06-27,Nagapattinam,10.7672,79.8449,Delta,30.85,34.12,28.04,63.64,5.7,0.04,19.97,36.92
2011-06-28,Nagapattinam,10.7672,79.8449,Delta,30.41,33.03,27.52,61.34,5.65,0.04,19.82,36.92
2011-06-29,Nagapattinam,10.7672,79.8449,Delta,30.58,33.62,27.93,62.25,4.72,0.01,22.77,36.92
2011-06-30,Nagapattinam,10.7672,79.8449,Delta,30.61,33.53,27.89,64.25,3.78,0.01,22.4,36.92
2011-07-01,Nagapattinam,10.7672,79.8449,Delta,30.66,33.44,28.66,68.5,3.93,1.61,21.73,36.92
2011-07-02,Nagapattinam,10.7672,79.8449,Delta,30.28,32.96,28.18,67.48,3.79,3.33,22.78,36.93
2011-07-03,Nagapattinam,10.7672,79.8449,Delta,29.89,32.66,27.67,67.89,3.99,2.83,14.69,36.93
2011-07-04,Nagapattinam,10.7672,79.8449,Delta,30.41,33.85,27.4,66.28,3.99,7.36,21.32,36.94
2011-07-05,Nagapattinam,10.7672,79.8449,Delta,29.08,32.81,26.95,65.68,5.27,6.32,17.0,36.94
2011-07-06,Nagapattinam,10.7672,79.8449,Delta,30.08,33.84,27.24,64.46,5.09,0.24,19.57,36.95
2011-07-07,Nagapattinam,10.7672,79.8449,Delta,30.35,33.43,27.64,64.25,4.56,0.04,21.87,36.96
2011-07-08,Nagapattinam,10.7672,79.8449,Delta,30.12,32.28,27.9,65.42,3.23,1.19,22.58,36.96
2011-07-09,Nagapattinam,10.7672,79.8449,Delta,29.92,32.47,27.28,66.99,4.06,3.24,23.13,36.97
2011-07-10,Nagapattinam,10.7672,79.8449,Delta,29.0,30.82,27.43,71.18,3.81,3.72,22.25,36.98
2011-07-11,Nagapattinam,10.7672,79.8449,Delta,29.59,32.27,27.67,71.17,3.95,2.04,20.18,36.99
2011-07-12,Nagapattinam,10.7672,79.8449,Delta,29.39,32.6,27.33,69.12,6.51,1.15,18.84,37.0
2011-07-13,Nagapattinam,10.7672,79.8449,Delta,29.69,32.89,26.67,62.92,5.94,0.13,19.51,37.02
2011-07-14,Nagapattinam,10.7672,79.8449,Delta,30.2,33.89,27.18,58.52,7.44,0.01,19.3,37.03
2011-07-15,Nagapattinam,10.7672,79.8449,Delta,29.75,33.39,27.09,61.31,7.63,0.2,20.42,37.04
2011-07-16,Nagapattinam,10.7672,79.8449,Delta,30.2,33.86,27.13,63.91,6.81,0.6,19.19,37.05
2011-07-17,Nagapattinam,10.7672,79.8449,Delta,30.06,32.84,27.27,66.43,6.01,0.34,22.69,37.06
2011-07-18,Nagapattinam,10.7672,79.8449,Delta,30.03,32.99,27.45,65.51,5.91,0.03,22.34,37.07
2011-07-19,Nagapattinam,10.7672,79.8449,Delta,30.01,32.94,27.23,65.61,5.54,0.01,20.92,37.09
2011-07-20,Nagapattinam,10.7672,79.8449,Delta,29.96,33.17,27.39,67.11,6.15,1.37,22.92,37.1
2011-07-21,Nagapattinam,10.7672,79.8449,Delta,30.25,33.5,27.43,64.49,5.72,0.13,21.67,37.11
2011-07-22,Nagapattinam,10.7672,79.8449,Delta,29.88,32.57,27.3,65.34,5.37,0.3,17.13,37.12
2011-07-23,Nagapattinam,10.7672,79.8449,Delta,29.94,32.76,26.9,65.35,5.31,0.51,19.78,37.14
2011-07-24,Nagapattinam,10.7672,79.8449,Delta,29.86,32.47,27.36,67.08,5.55,2.17,19.68,37.15
2011-07-25,Nagapattinam,10.7672,79.8449,Delta,28.95,31.63,26.97,70.51,5.12,4.59,14.71,37.16
2011-07-26,Nagapattinam,10.7672,79.8449,Delta,29.26,32.26,26.98,67.8,3.66,2.96,20.79,37.17
2011-07-27,Nagapattinam,10.7672,79.8449,Delta,29.24,32.23,26.46,67.67,4.84,0.94,21.72,37.18
2011-07-28,Nagapattinam,10.7672,79.8449,Delta,28.51,31.07,26.19,70.23,5.11,1.54,18.77,37.19
2011-07-29,Nagapattinam,10.7672,79.8449,Delta,29.15,32.2,26.66,65.67,4.82,1.6,17.32,37.19
2011-07-30,Nagapattinam,10.7672,79.8449,Delta,27.12,29.12,25.25,75.58,4.93,2.88,17.93,37.2
2011-07-31,Nagapattinam,10.7672,79.8449,Delta,30.18,33.29,27.11,67.48,4.87,1.68,21.2,37.2
2011-08-01,Nagapattinam,10.7672,79.8449,Delta,30.48,33.63,26.63,64.84,4.73,0.39,21.93,37.21
2011-08-02,Nagapattinam,10.7672,79.8449,Delta,30.71,34.16,27.49,65.88,5.35,2.66,20.96,37.22
2011-08-03,Nagapattinam,10.7672,79.8449,Delta,29.57,31.47,28.06,69.47,5.81,2.83,18.63,37.24
2011-08-04,Nagapattinam,10.7672,79.8449,Delta,30.16,33.1,27.28,65.74,5.72,0.76,21.75,37.27
2011-08-05,Nagapattinam,10.7672,79.8449,Delta,30.02,32.92,27.73,67.15,5.42,1.5,22.35,37.29
2011-08-06,Nagapattinam,10.7672,79.8449,Delta,30.2,33.51,27.03,64.1,5.62,0.27,23.25,37.3
2011-08-07,Nagapattinam,10.7672,79.8449,Delta,30.14,32.72,27.51,65.98,5.03,0.24,23.5,37.31
2011-08-08,Nagapattinam,10.7672,79.8449,Delta,29.92,32.76,27.37,68.86,4.89,1.42,23.29,37.32
2011-08-09,Nagapattinam,10.7672,79.8449,Delta,29.72,32.16,27.42,69.72,4.72,1.11,23.62,37.34
2011-08-10,Nagapattinam,10.7672,79.8449,Delta,30.11,33.07,27.46,68.95,4.51,1.57,24.21,37.35
2011-08-11,Nagapattinam,10.7672,79.8449,Delta,29.78,32.47,27.46,70.89,4.56,3.44,19.16,37.36
2011-08-12,Nagapattinam,10.7672,79.8449,Delta,29.45,32.24,27.19,68.66,4.43,0.53,18.32,37.37
2011-08-13,Nagapattinam,10.7672,79.8449,Delta,29.79,32.23,27.51,68.1,3.9,0.62,20.43,37.37
2011-08-14,Nagapattinam,10.7672,79.8449,Delta,28.85,30.1,27.56,69.43,2.4,0.3,23.27,37.38
2011-08-15,Nagapattinam,10.7672,79.8449,Delta,28.84,30.42,27.79,74.5,3.39,5.09,20.13,37.38
2011-08-16,Nagapattinam,10.7672,79.8449,Delta,29.09,31.6,26.99,72.96,3.52,4.44,15.5,37.38
2011-08-17,Nagapattinam,10.7672,79.8449,Delta,27.76,28.89,26.91,79.45,2.56,10.43,21.38,37.39
2011-08-18,Nagapattinam,10.7672,79.8449,Delta,28.68,31.29,26.55,74.8,3.1,5.54,23.01,37.39
2011-08-19,Nagapattinam,10.7672,79.8449,Delta,28.98,30.9,26.9,71.11,3.11,1.21,18.87,37.38
2011-08-20,Nagapattinam,10.7672,79.8449,Delta,29.23,31.7,27.03,72.72,3.79,3.17,23.05,37.38
2011-08-21,Nagapattinam,10.7672,79.8449,Delta,29.2,31.53,27.05,73.14,4.35,1.82,17.65,37.38
2011-08-22,Nagapattinam,10.7672,79.8449,Delta,29.21,31.42,27.04,70.93,4.52,1.49,21.49,37.37
2011-08-23,Nagapattinam,10.7672,79.8449,Delta,30.01,33.18,27.58,68.97,4.21,1.37,24.5,37.37
2011-08-24,Nagapattinam,10.7672,79.8449,Delta,29.29,31.86,27.33,71.49,5.17,11.88,21.83,37.37
2011-08-25,Nagapattinam,10.7672,79.8449,Delta,28.67,31.54,25.71,74.77,5.03,11.82,21.73,37.37
2011-08-26,Nagapattinam,10.7672,79.8449,Delta,28.98,31.95,26.37,72.73,5.43,3.11,14.49,37.37
2011-08-27,Nagapattinam,10.7672,79.8449,Delta,29.56,32.54,26.82,69.57,5.61,2.22,17.77,37.35
2011-08-28,Nagapattinam,10.7672,79.8449,Delta,29.18,31.38,26.95,71.39,5.37,0.39,22.76,37.34
2011-08-29,Nagapattinam,10.7672,79.8449,Delta,29.76,32.61,27.05,67.72,5.5,0.57,20.78,37.33
2011-08-30,Nagapattinam,10.7672,79.8449,Delta,29.54,32.22,27.02,65.91,5.66,0.65,22.05,37.32
2011-08-31,Nagapattinam,10.7672,79.8449,Delta,29.33,32.52,26.52,69.06,5.21,2.03,21.7,37.3
2011-09-01,Nagapattinam,10.7672,79.8449,Delta,29.61,32.37,27.42,70.69,5.12,2.51,19.39,37.28
2011-09-02,Nagapattinam,10.7672,79.8449,Delta,28.91,31.13,27.18,75.03,4.5,3.63,19.66,37.27
2011-09-03,Nagapattinam,10.7672,79.8449,Delta,29.26,32.11,26.79,71.67,4.51,0.23,21.12,37.25
2011-09-04,Nagapattinam,10.7672,79.8449,Delta,29.46,32.31,27.05,71.27,4.79,0.76,23.0,37.23
2011-09-05,Nagapattinam,10.7672,79.8449,Delta,29.57,32.21,27.56,71.82,4.07,3.39,23.07,37.21
2011-09-06,Nagapattinam,10.7672,79.8449,Delta,29.38,32.01,27.06,71.65,4.56,1.91,18.4,37.18
2011-09-07,Nagapattinam,10.7672,79.8449,Delta,29.48,32.31,27.07,70.42,5.02,0.84,21.03,37.16
2011-09-08,Nagapattinam,10.7672,79.8449,Delta,29.51,32.45,27.08,71.19,4.48,0.64,23.4,37.13
2011-09-09,Nagapattinam,10.7672,79.8449,Delta,29.37,32.06,27.15,73.86,3.78,2.01,21.47,37.11
2011-09-10,Nagapattinam,10.7672,79.8449,Delta,28.96,31.48,26.57,74.85,4.28,2.8,20.71,37.08
2011-09-11,Nagapattinam,10.7672,79.8449,Delta,29.15,31.67,26.77,73.12,4.18,5.14,21.7,37.05
2011-09-12,Nagapattinam,10.7672,79.8449,Delta,28.48,30.15,26.87,76.75,3.67,12.57,17.97,37.01
2011-09-13,Nagapattinam,10.7672,79.8449,Delta,28.23,30.69,25.67,71.1,3.64,2.13,21.52,36.98
2011-09-14,Nagapattinam,10.7672,79.8449,Delta,28.53,31.35,25.92,72.04,4.66,1.88,22.06,36.94
2011-09-15,Nagapattinam,10.7672,79.8449,Delta,28.59,31.47,25.77,73.8,4.65,4.07,21.67,36.9
2011-09-16,Nagapattinam,10.7672,79.8449,Delta,29.1,31.9,26.44,73.25,4.38,2.98,23.12,36.87
2011-09-17,Nagapattinam,10.7672,79.8449,Delta,29.29,32.25,26.7,74.48,4.53,0.71,21.38,36.83
2011-09-18,Nagapattinam,10.7672,79.8449,Delta,29.4,32.27,27.17,73.21,4.62,0.47,23.44,36.79
2011-09-19,Nagapattinam,10.7672,79.8449,Delta,29.43,32.03,27.08,72.59,4.01,3.11,22.74,36.74
2011-09-20,Nagapattinam,10.7672,79.8449,Delta,28.65,30.51,26.76,75.93,3.97,2.74,13.36,36.7
2011-09-21,Nagapattinam,10.7672,79.8449,Delta,29.14,32.15,26.63,73.05,4.37,5.35,22.06,36.66
2011-09-22,Nagapattinam,10.7672,79.8449,Delta,29.37,32.7,26.15,69.29,4.1,0.34,23.47,36.61
2011-09-23,Nagapattinam,10.7672,79.8449,Delta,29.65,32.6,26.91,67.94,3.39,0.08,20.11,36.55
2011-09-24,Nagapattinam,10.7672,79.8449,Delta,29.34,32.32,26.96,68.33,3.76,0.51,22.88,36.49
2011-09-25,Nagapattinam,10.7672,79.8449,Delta,29.5,32.27,27.32,74.32,3.67,1.27,23.29,36.42
2011-09-26,Nagapattinam,10.7672,79.8449,Delta,29.56,32.3,27.3,73.62,3.58,1.35,22.08,36.36
2011-09-27,Nagapattinam,10.7672,79.8449,Delta,29.59,32.42,27.57,72.93,3.01,0.69,23.3,36.3
2011-09-28,Nagapattinam,10.7672,79.8449,Delta,29.17,31.33,27.58,74.8,2.99,2.16,22.34,36.25
2011-09-29,Nagapattinam,10.7672,79.8449,Delta,28.9,30.78,27.31,76.01,2.61,2.95,21.14,36.19
2011-09-30,Nagapattinam,10.7672,79.8449,Delta,28.81,30.28,27.47,79.0,2.19,7.52,21.06,36.13
2011-10-01,Nagapattinam,10.7672,79.8449,Delta,28.52,30.6,26.93,77.89,2.64,2.54,21.79,36.07
2011-10-02,Nagapattinam,10.7672,79.8449,Delta,28.6,30.52,26.97,79.55,2.94,2.28,21.7,36.02
2011-10-03,Nagapattinam,10.7672,79.8449,Delta,28.87,30.49,26.94,76.6,2.16,1.71,19.9,35.96
2011-10-04,Nagapattinam,10.7672,79.8449,Delta,28.72,30.48,27.04,77.78,2.59,1.96,17.18,35.89
2011-10-05,Nagapattinam,10.7672,79.8449,Delta,28.66,30.54,26.95,77.19,2.33,0.96,22.46,35.82
2011-10-06,Nagapattinam,10.7672,79.8449,Delta,29.09,31.32,27.13,76.86,2.68,4.09,21.81,35.75
2011-10-07,Nagapattinam,10.7672,79.8449,Delta,28.68,30.09,27.49,79.11,3.11,1.92,20.44,35.67
2011-10-08,Nagapattinam,10.7672,79.8449,Delta,28.93,31.11,27.03,77.52,3.01,3.38,21.73,35.6
2011-10-09,Nagapattinam,10.7672,79.8449,Delta,28.95,31.25,26.84,76.38,2.7,3.19,21.55,35.53
2011-10-10,Nagapattinam,10.7672,79.8449,Delta,28.72,30.41,27.12,78.14,2.24,3.76,21.14,35.45
2011-10-11,Nagapattinam,10.7672,79.8449,Delta,28.31,29.57,27.03,77.57,1.57,6.97,10.51,35.37
2011-10-12,Nagapattinam,10.7672,79.8449,Delta,27.89,28.83,26.78,77.89,1.48,6.55,18.62,35.29
2011-10-13,Nagapattinam,10.7672,79.8449,Delta,28.3,29.71,27.04,75.02,1.14,2.84,18.52,35.21
2011-10-14,Nagapattinam,10.7672,79.8449,Delta,28.75,30.71,27.33,75.06,1.65,3.08,17.48,35.12
2011-10-15,Nagapattinam,10.7672,79.8449,Delta,28.33,29.73,27.41,78.61,1.6,4.78,17.71,35.04
2011-10-16,Nagapattinam,10.7672,79.8449,Delta,28.1,29.44,26.99,80.16,2.07,5.31,16.68,34.96
2011-10-17,Nagapattinam,10.7672,79.8449,Delta,28.93,31.21,27.17,73.51,3.03,2.17,18.58,34.88
2011-10-18,Nagapattinam,10.7672,79.8449,Delta,28.81,30.42,27.07,73.94,1.85,2.61,18.81,34.8
2011-10-19,Nagapattinam,10.7672,79.8449,Delta,28.68,30.6,27.0,74.03,2.19,0.74,17.69,34.72
2011-10-20,Nagapattinam,10.7672,79.8449,Delta,28.74,30.4,27.57,74.23,1.68,0.67,18.18,34.64
2011-10-21,Nagapattinam,10.7672,79.8449,Delta,28.91,30.85,27.44,73.51,1.88,1.13,20.31,34.55
2011-10-22,Nagapattinam,10.7672,79.8449,Delta,28.58,30.08,27.56,77.42,2.7,5.09,16.7,34.45
2011-10-23,Nagapattinam,10.7672,79.8449,Delta,27.89,29.32,26.77,78.21,3.22,13.05,14.11,34.36
2011-10-24,Nagapattinam,10.7672,79.8449,Delta,27.95,29.58,26.91,80.39,3.36,11.17,14.07,34.27
2011-10-25,Nagapattinam,10.7672,79.8449,Delta,27.16,27.95,26.42,83.6,3.99,28.42,5.94,34.18
2011-10-26,Nagapattinam,10.7672,79.8449,Delta,27.55,28.5,26.73,81.07,5.19,23.25,7.48,34.09
2011-10-27,Nagapattinam,10.7672,79.8449,Delta,28.18,29.49,27.2,78.57,4.07,12.62,9.02,34.0
2011-10-28,Nagapattinam,10.7672,79.8449,Delta,27.61,28.75,26.78,83.92,4.31,12.3,15.25,33.9
2011-10-29,Nagapattinam,10.7672,79.8449,Delta,26.74,27.54,26.1,82.99,4.13,23.17,13.8,33.82
2011-10-30,Nagapattinam,10.7672,79.8449,Delta,27.84,29.17,26.47,80.06,4.43,18.34,15.37,33.73
2011-10-31,Nagapattinam,10.7672,79.8449,Delta,27.13,27.75,26.4,84.34,3.81,13.99,12.44,33.64
2011-11-01,Nagapattinam,10.7672,79.8449,Delta,26.91,27.42,26.32,87.88,3.95,40.29,6.08,33.55
2011-11-02,Nagapattinam,10.7672,79.8449,Delta,26.36,26.93,25.5,87.03,2.43,7.08,8.25,33.46
2011-11-03,Nagapattinam,10.7672,79.8449,Delta,26.71,27.23,26.3,87.55,2.95,13.23,15.89,33.37
2011-11-04,Nagapattinam,10.7672,79.8449,Delta,27.1,28.44,25.81,80.02,2.07,6.41,14.71,33.27
2011-11-05,Nagapattinam,10.7672,79.8449,Delta,27.66,28.82,26.82,79.42,1.93,7.8,15.8,33.17
2011-11-06,Nagapattinam,10.7672,79.8449,Delta,27.6,28.92,26.71,81.37,2.43,10.7,16.86,33.08
2011-11-07,Nagapattinam,10.7672,79.8449,Delta,27.29,28.95,26.13,79.83,4.01,1.74,16.32,32.98
2011-11-08,Nagapattinam,10.7672,79.8449,Delta,26.85,28.71,25.19,71.49,3.78,0.0,22.21,32.9
2011-11-09,Nagapattinam,10.7672,79.8449,Delta,27.02,28.84,25.31,65.6,3.34,0.0,21.55,32.81
2011-11-10,Nagapattinam,10.7672,79.8449,Delta,27.04,29.04,25.07,69.13,3.36,0.14,20.85,32.73
2011-11-11,Nagapattinam,10.7672,79.8449,Delta,26.88,28.39,25.63,81.32,3.77,1.13,17.16,32.65
2011-11-12,Nagapattinam,10.7672,79.8449,Delta,27.05,28.56,25.83,79.99,3.6,1.69,18.17,32.57
2011-11-13,Nagapattinam,10.7672,79.8449,Delta,26.98,28.46,25.71,80.31,3.34,1.38,17.83,32.49
2011-11-14,Nagapattinam,10.7672,79.8449,Delta,26.94,28.22,25.98,81.3,3.69,0.7,16.14,32.41
2011-11-15,Nagapattinam,10.7672,79.8449,Delta,27.18,28.54,25.94,78.79,4.9,1.74,20.95,32.32
2011-11-16,Nagapattinam,10.7672,79.8449,Delta,26.87,27.67,25.8,85.05,6.08,7.24,7.82,32.24
2011-11-17,Nagapattinam,10.7672,79.8449,Delta,27.46,28.81,26.22,82.39,4.39,9.04,10.28,32.16
2011-11-18,Nagapattinam,10.7672,79.8449,Delta,26.92,28.38,25.81,84.12,4.62,12.32,15.69,32.08
2011-11-19,Nagapattinam,10.7672,79.8449,Delta,26.99,28.4,26.0,78.29,5.63,2.63,18.19,32.0
2011-11-20,Nagapattinam,10.7672,79.8449,Delta,27.12,28.49,26.07,75.64,5.44,0.72,16.39,31.92
2011-11-21,Nagapattinam,10.7672,79.8449,Delta,27.26,28.53,26.34,78.87,5.47,2.32,15.41,31.84
2011-11-22,Nagapattinam,10.7672,79.8449,Delta,27.07,28.44,26.12,76.79,5.45,2.77,14.59,31.76
2011-11-23,Nagapattinam,10.7672,79.8449,Delta,27.24,28.82,26.12,80.32,5.98,6.72,16.98,31.69
2011-11-24,Nagapattinam,10.7672,79.8449,Delta,27.15,28.12,26.22,86.62,6.23,32.48,9.88,31.62
2011-11-25,Nagapattinam,10.7672,79.8449,Delta,27.12,27.64,26.85,89.01,6.22,41.22,9.64,31.55
2011-11-26,Nagapattinam,10.7672,79.8449,Delta,27.04,27.56,26.57,88.33,6.01,27.75,8.53,31.48
2011-11-27,Nagapattinam,10.7672,79.8449,Delta,26.49,26.94,25.85,88.87,3.17,12.21,15.25,31.42
2011-11-28,Nagapattinam,10.7672,79.8449,Delta,26.47,27.1,25.91,85.24,3.41,6.34,15.03,31.36
2011-11-29,Nagapattinam,10.7672,79.8449,Delta,26.69,27.74,25.47,85.22,3.39,2.32,15.41,31.3
2011-11-30,Nagapattinam,10.7672,79.8449,Delta,27.2,28.47,26.44,83.35,4.63,1.44,12.93,31.24
2011-12-01,Nagapattinam,10.7672,79.8449,Delta,26.82,28.23,25.75,81.37,3.22,0.34,13.7,31.18
2011-12-02,Nagapattinam,10.7672,79.8449,Delta,26.68,28.18,25.61,78.93,2.59,0.17,16.41,31.13
2011-12-03,Nagapattinam,10.7672,79.8449,Delta,26.54,28.2,25.39,73.31,2.15,0.0,17.61,31.07
2011-12-04,Nagapattinam,10.7672,79.8449,Delta,26.19,27.62,25.04,72.86,2.28,0.0,16.7,31.03
2011-12-05,Nagapattinam,10.7672,79.8449,Delta,26.26,28.0,24.69,78.4,3.37,0.02,18.46,30.98
2011-12-06,Nagapattinam,10.7672,79.8449,Delta,26.31,27.86,25.08,78.15,4.35,0.1,19.52,30.94
2011-12-07,Nagapattinam,10.7672,79.8449,Delta,26.23,27.46,24.81,72.54,5.05,0.09,19.25,30.9
2011-12-08,Nagapattinam,10.7672,79.8449,Delta,26.77,28.39,25.53,77.68,4.12,1.51,16.15,30.87
2011-12-09,Nagapattinam,10.7672,79.8449,Delta,27.12,28.65,25.83,83.52,3.81,3.08,15.52,30.83
2011-12-10,Nagapattinam,10.7672,79.8449,Delta,27.32,28.83,26.19,81.98,4.1,1.62,17.41,30.8
2011-12-11,Nagapattinam,10.7672,79.8449,Delta,27.05,28.45,26.16,82.07,4.39,1.02,12.13,30.77
2011-12-12,Nagapattinam,10.7672,79.8449,Delta,26.67,27.41,26.14,85.2,5.67,5.07,16.69,30.74
2011-12-13,Nagapattinam,10.7672,79.8449,Delta,26.5,27.27,26.04,86.06,5.6,8.66,9.47,30.72
2011-12-14,Nagapattinam,10.7672,79.8449,Delta,26.51,27.59,25.8,86.45,5.44,4.9,11.24,30.69
2011-12-15,Nagapattinam,10.7672,79.8449,Delta,26.58,28.12,25.24,82.54,4.72,8.1,13.61,30.67
2011-12-16,Nagapattinam,10.7672,79.8449,Delta,26.56,28.12,25.42,71.99,5.18,0.63,17.64,30.66
2011-12-17,Nagapattinam,10.7672,79.8449,Delta,26.24,28.02,25.15,73.56,5.37,1.44,18.2,30.65
2011-12-18,Nagapattinam,10.7672,79.8449,Delta,25.83,27.08,24.72,81.11,6.07,4.11,9.63,30.64
2011-12-19,Nagapattinam,10.7672,79.8449,Delta,25.9,27.0,25.09,80.16,5.85,4.65,6.0,30.63
2011-12-20,Nagapattinam,10.7672,79.8449,Delta,25.75,26.88,25.05,78.29,5.64,2.25,10.6,30.62
2011-12-21,Nagapattinam,10.7672,79.8449,Delta,25.92,27.29,25.0,75.55,5.57,2.48,17.37,30.62
2011-12-22,Nagapattinam,10.7672,79.8449,Delta,25.67,27.05,24.87,75.28,5.36,2.37,14.47,30.62
2011-12-23,Nagapattinam,10.7672,79.8449,Delta,25.46,26.59,24.61,80.38,5.25,6.95,7.89,30.62
2011-12-24,Nagapattinam,10.7672,79.8449,Delta,25.46,26.94,24.32,78.0,5.54,0.6,15.84,30.63
2011-12-25,Nagapattinam,10.7672,79.8449,Delta,25.43,27.23,24.28,79.88,5.91,0.9,18.53,30.64
2011-12-26,Nagapattinam,10.7672,79.8449,Delta,25.05,26.96,23.16,82.44,5.69,0.29,15.8,30.65
2011-12-27,Nagapattinam,10.7672,79.8449,Delta,24.71,27.04,22.55,81.85,4.5,0.0,15.03,30.67
2011-12-28,Nagapattinam,10.7672,79.8449,Delta,24.48,27.26,21.9,78.17,4.3,0.14,15.58,30.7
2011-12-29,Nagapattinam,10.7672,79.8449,Delta,25.22,28.15,22.61,85.11,7.42,18.18,7.17,30.73
2011-12-30,Nagapattinam,10.7672,79.8449,Delta,25.51,25.88,24.93,88.33,6.69,23.81,3.56,30.75
2011-12-31,Nagapattinam,10.7672,79.8449,Delta,25.93,27.41,24.7,79.46,3.91,1.07,17.54,30.78
2012-01-01,Nagapattinam,10.7672,79.8449,Delta,26.05,27.61,24.73,84.98,2.17,1.54,20.04,30.82
2012-01-02,Nagapattinam,10.7672,79.8449,Delta,26.17,27.86,25.02,85.38,2.41,0.05,18.63,30.85
2012-01-03,Nagapattinam,10.7672,79.8449,Delta,26.11,27.84,24.76,85.41,2.76,0.07,18.07,30.89
2012-01-04,Nagapattinam,10.7672,79.8449,Delta,26.32,27.95,25.11,86.42,3.68,0.32,16.78,30.93
2012-01-05,Nagapattinam,10.7672,79.8449,Delta,26.21,27.84,25.11,84.53,3.76,0.06,19.44,30.98
2012-01-06,Nagapattinam,10.7672,79.8449,Delta,25.93,27.78,24.57,81.32,3.51,0.2,18.64,31.03
2012-01-07,Nagapattinam,10.7672,79.8449,Delta,25.57,27.17,24.17,81.55,3.82,0.25,17.87,31.07
2012-01-08,Nagapattinam,10.7672,79.8449,Delta,25.93,27.52,24.85,84.82,4.49,2.19,14.67,31.12
2012-01-09,Nagapattinam,10.7672,79.8449,Delta,25.84,27.61,24.7,82.51,3.51,0.67,17.66,31.18
2012-01-10,Nagapattinam,10.7672,79.8449,Delta,25.55,27.23,24.28,78.34,3.05,0.16,19.46,31.24
2012-01-11,Nagapattinam,10.7672,79.8449,Delta,25.51,27.42,23.95,76.18,3.12,0.52,16.58,31.3
2012-01-12,Nagapattinam,10.7672,79.8449,Delta,25.52,27.24,24.2,79.24,3.85,0.84,18.49,31.36
2012-01-13,Nagapattinam,10.7672,79.8449,Delta,25.78,27.44,24.59,77.81,5.05,0.65,18.44,31.43
2012-01-14,Nagapattinam,10.7672,79.8449,Delta,25.16,26.84,23.59,73.72,5.57,0.22,18.46,31.49
2012-01-15,Nagapattinam,10.7672,79.8449,Delta,24.14,26.0,22.71,72.1,4.98,0.0,16.37,31.56
2012-01-16,Nagapattinam,10.7672,79.8449,Delta,24.06,26.05,22.66,70.72,3.52,0.01,21.71,31.64
2012-01-17,Nagapattinam,10.7672,79.8449,Delta,24.05,26.17,22.49,69.11,2.62,0.0,20.78,31.71
2012-01-18,Nagapattinam,10.7672,79.8449,Delta,24.16,26.48,22.65,69.44,1.95,0.0,22.47,31.78
2012-01-19,Nagapattinam,10.7672,79.8449,Delta,24.41,26.69,22.49,73.37,2.35,0.0,22.23,31.85
2012-01-20,Nagapattinam,10.7672,79.8449,Delta,24.51,26.86,22.81,73.0,2.33,0.0,22.41,31.92
2012-01-21,Nagapattinam,10.7672,79.8449,Delta,24.49,26.71,22.92,75.17,3.39,0.0,21.64,32.01
2012-01-22,Nagapattinam,10.7672,79.8449,Delta,24.53,26.68,22.61,72.52,4.33,0.0,20.19,32.09
2012-01-23,Nagapattinam,10.7672,79.8449,Delta,24.75,26.34,23.29,71.63,4.58,0.0,19.57,32.18
2012-01-24,Nagapattinam,10.7672,79.8449,Delta,24.98,27.16,23.48,69.04,3.79,0.14,18.88,32.27
2012-01-25,Nagapattinam,10.7672,79.8449,Delta,25.07,27.11,23.24,67.93,3.79,0.03,19.87,32.36
2012-01-26,Nagapattinam,10.7672,79.8449,Delta,25.49,27.32,24.19,72.53,3.86,0.68,20.28,32.45
2012-01-27,Nagapattinam,10.7672,79.8449,Delta,25.54,27.36,24.23,76.4,3.71,0.85,19.24,32.54
2012-01-28,Nagapattinam,10.7672,79.8449,Delta,25.52,27.55,23.87,75.74,4.03,0.04,19.37,32.63
2012-01-29,Nagapattinam,10.7672,79.8449,Delta,25.33,27.48,23.5,72.53,4.08,0.0,20.49,32.72
2012-01-30,Nagapattinam,10.7672,79.8449,Delta,25.66,27.6,23.92,69.31,4.52,0.46,21.27,32.82
2012-01-31,Nagapattinam,10.7672,79.8449,Delta,25.8,27.77,24.4,69.65,4.91,1.43,11.72,32.91
2012-02-01,Nagapattinam,10.7672,79.8449,Delta,25.72,27.48,24.01,71.0,5.5,0.08,20.77,33.0
2012-02-02,Nagapattinam,10.7672,79.8449,Delta,25.91,27.64,23.98,73.3,5.77,0.35,18.76,33.1
2012-02-03,Nagapattinam,10.7672,79.8449,Delta,26.19,27.97,24.98,71.64,5.86,0.12,19.36,33.2
2012-02-04,Nagapattinam,10.7672,79.8449,Delta,25.84,27.89,24.41,74.28,4.77,0.02,17.53,33.3
2012-02-05,Nagapattinam,10.7672,79.8449,Delta,25.87,27.85,24.45,79.35,4.32,0.2,20.49,33.4
2012-02-06,Nagapattinam,10.7672,79.8449,Delta,26.14,27.66,24.87,82.46,3.86,1.36,16.96,33.5
2012-02-07,Nagapattinam,10.7672,79.8449,Delta,26.38,28.42,24.82,78.44,3.99,0.17,20.27,33.59
2012-02-08,Nagapattinam,10.7672,79.8449,Delta,26.65,28.79,25.09,76.04,3.3,0.06,21.1,33.69
2012-02-09,Nagapattinam,10.7672,79.8449,Delta,26.83,28.94,25.45,78.52,3.16,0.2,18.16,33.79
2012-02-10,Nagapattinam,10.7672,79.8449,Delta,26.7,28.74,25.29,78.66,3.36,0.47,19.38,33.88
2012-02-11,Nagapattinam,10.7672,79.8449,Delta,26.4,27.96,25.08,78.2,3.25,0.34,19.83,33.98
2012-02-12,Nagapattinam,10.7672,79.8449,Delta,26.31,28.66,24.77,74.61,3.41,0.0,21.58,34.08
2012-02-13,Nagapattinam,10.7672,79.8449,Delta,26.19,28.54,24.48,78.94,4.09,0.07,21.78,34.18
2012-02-14,Nagapattinam,10.7672,79.8449,Delta,26.21,28.67,24.66,77.96,3.89,0.44,21.57,34.28
2012-02-15,Nagapattinam,10.7672,79.8449,Delta,26.5,29.27,24.47,74.67,2.47,0.01,21.41,34.38
2012-02-16,Nagapattinam,10.7672,79.8449,Delta,26.86,29.5,25.04,74.79,2.86,0.0,22.39,34.48
2012-02-17,Nagapattinam,10.7672,79.8449,Delta,26.44,29.05,24.53,77.47,3.62,0.0,21.36,34.57
2012-02-18,Nagapattinam,10.7672,79.8449,Delta,26.24,28.58,24.44,73.17,4.03,0.0,20.8,34.67
2012-02-19,Nagapattinam,10.7672,79.8449,Delta,26.44,28.92,24.73,74.42,4.24,0.01,22.42,34.77
2012-02-20,Nagapattinam,10.7672,79.8449,Delta,26.68,29.67,24.38,69.98,3.51,0.0,23.6,34.86
2012-02-21,Nagapattinam,10.7672,79.8449,Delta,26.88,29.77,24.8,68.56,3.09,0.0,22.49,34.95
2012-02-22,Nagapattinam,10.7672,79.8449,Delta,26.52,29.38,24.62,70.75,3.66,0.0,20.86,35.05
2012-02-23,Nagapattinam,10.7672,79.8449,Delta,26.2,29.11,24.04,72.05,3.64,0.0,21.36,35.15
2012-02-24,Nagapattinam,10.7672,79.8449,Delta,26.53,29.73,24.34,66.69,3.01,0.0,23.38,35.24
2012-02-25,Nagapattinam,10.7672,79.8449,Delta,26.63,29.59,24.26,68.35,3.99,0.0,17.52,35.34
2012-02-26,Nagapattinam,10.7672,79.8449,Delta,26.57,29.38,24.06,70.22,4.1,0.0,24.45,35.43
2012-02-27,Nagapattinam,10.7672,79.8449,Delta,26.83,29.93,24.15,71.79,3.59,0.0,23.41,35.52
2012-02-28,Nagapattinam,10.7672,79.8449,Delta,27.48,31.05,24.48,71.93,2.7,0.24,23.52,35.6
2012-02-29,Nagapattinam,10.7672,79.8449,Delta,28.37,31.55,25.78,77.4,3.59,1.71,22.18,35.69
2012-03-01,Nagapattinam,10.7672,79.8449,Delta,28.26,31.04,26.28,77.82,3.32,0.0,22.86,35.78
2012-03-02,Nagapattinam,10.7672,79.8449,Delta,28.36,31.1,26.53,75.69,3.65,0.0,23.47,35.86
2012-03-03,Nagapattinam,10.7672,79.8449,Delta,28.72,31.63,26.66,75.36,4.23,0.37,22.26,35.94
2012-03-04,Nagapattinam,10.7672,79.8449,Delta,28.69,31.69,26.29,75.59,4.12,0.29,22.47,36.02
2012-03-05,Nagapattinam,10.7672,79.8449,Delta,27.74,30.0,26.08,77.33,3.03,0.04,21.71,36.09
2012-03-06,Nagapattinam,10.7672,79.8449,Delta,27.96,31.37,25.55,70.46,2.58,0.02,22.63,36.16
2012-03-07,Nagapattinam,10.7672,79.8449,Delta,28.22,31.52,25.37,67.28,3.32,0.0,21.51,36.22
2012-03-08,Nagapattinam,10.7672,79.8449,Delta,29.27,32.49,26.68,69.76,3.62,0.06,21.29,36.3
2012-03-09,Nagapattinam,10.7672,79.8449,Delta,29.1,31.76,27.15,73.06,3.19,0.3,19.96,36.38
2012-03-10,Nagapattinam,10.7672,79.8449,Delta,28.45,31.33,26.39,72.9,3.08,0.0,20.6,36.46
2012-03-11,Nagapattinam,10.7672,79.8449,Delta,27.96,30.42,26.16,73.13,4.03,0.33,21.96,36.54
2012-03-12,Nagapattinam,10.7672,79.8449,Delta,28.11,29.86,26.82,74.86,3.95,3.94,11.19,36.62
2012-03-13,Nagapattinam,10.7672,79.8449,Delta,27.99,29.37,26.71,80.06,3.72,0.46,20.8,36.69
2012-03-14,Nagapattinam,10.7672,79.8449,Delta,28.59,30.98,26.81,75.49,3.55,0.22,21.37,36.75
2012-03-15,Nagapattinam,10.7672,79.8449,Delta,28.77,31.4,26.73,74.66,3.58,0.83,22.08,36.81
2012-03-16,Nagapattinam,10.7672,79.8449,Delta,29.03,31.4,27.01,72.58,3.0,0.41,22.62,36.87
2012-03-17,Nagapattinam,10.7672,79.8449,Delta,29.04,31.99,27.0,70.55,2.85,0.0,24.64,36.93
2012-03-18,Nagapattinam,10.7672,79.8449,Delta,28.58,31.68,26.17,71.75,2.94,0.0,24.72,36.99
2012-03-19,Nagapattinam,10.7672,79.8449,Delta,28.82,32.18,25.96,67.82,3.39,0.0,24.85,37.05
2012-03-20,Nagapattinam,10.7672,79.8449,Delta,29.26,32.66,26.71,71.25,4.27,0.05,24.73,37.1
2012-03-21,Nagapattinam,10.7672,79.8449,Delta,29.24,32.16,26.88,72.44,3.89,0.12,23.63,37.16
2012-03-22,Nagapattinam,10.7672,79.8449,Delta,29.15,32.08,26.98,72.57,3.56,0.02,23.56,37.21
2012-03-23,Nagapattinam,10.7672,79.8449,Delta,28.76,31.95,26.33,69.94,3.42,0.0,24.21,37.26
2012-03-24,Nagapattinam,10.7672,79.8449,Delta,28.44,31.61,26.14,64.42,3.41,0.0,26.18,37.31
2012-03-25,Nagapattinam,10.7672,79.8449,Delta,28.11,31.06,25.86,64.83,3.38,0.0,26.02,37.35
2012-03-26,Nagapattinam,10.7672,79.8449,Delta,27.93,30.55,25.85,64.34,3.3,0.0,25.77,37.39
2012-03-27,Nagapattinam,10.7672,79.8449,Delta,28.22,30.5,26.44,73.17,3.67,0.83,22.8,37.43
2012-03-28,Nagapattinam,10.7672,79.8449,Delta,28.87,31.23,27.01,71.04,3.08,0.78,23.62,37.47
2012-03-29,Nagapattinam,10.7672,79.8449,Delta,29.19,31.81,27.34,72.64,2.81,0.74,24.31,37.51
2012-03-30,Nagapattinam,10.7672,79.8449,Delta,29.59,32.66,26.93,72.17,3.43,0.7,22.85,37.55
2012-03-31,Nagapattinam,10.7672,79.8449,Delta,29.23,31.6,27.33,72.84,3.97,0.99,21.54,37.58
2012-04-01,Nagapattinam,10.7672,79.8449,Delta,28.7,31.11,26.86,74.99,3.81,0.85,23.39,37.62
2012-04-02,Nagapattinam,10.7672,79.8449,Delta,28.91,31.36,27.05,71.05,3.23,0.34,23.96,37.64
2012-04-03,Nagapattinam,10.7672,79.8449,Delta,29.32,32.14,27.15,66.76,2.64,0.01,26.22,37.67
2012-04-04,Nagapattinam,10.7672,79.8449,Delta,29.58,32.64,26.61,68.18,3.26,0.03,25.27,37.69
2012-04-05,Nagapattinam,10.7672,79.8449,Delta,30.05,33.51,27.17,68.06,3.8,0.16,25.55,37.72
2012-04-06,Nagapattinam,10.7672,79.8449,Delta,30.05,32.91,27.76,70.4,3.87,0.52,24.83,37.74
2012-04-07,Nagapattinam,10.7672,79.8449,Delta,30.01,32.61,28.12,73.2,3.73,0.9,24.72,37.76
2012-04-08,Nagapattinam,10.7672,79.8449,Delta,29.84,32.32,28.06,73.46,3.85,0.81,23.75,37.78
2012-04-09,Nagapattinam,10.7672,79.8449,Delta,29.88,32.39,27.62,71.78,3.63,0.65,24.23,37.8
2012-04-10,Nagapattinam,10.7672,79.8449,Delta,30.16,32.87,28.1,70.9,3.56,0.44,24.04,37.81
2012-04-11,Nagapattinam,10.7672,79.8449,Delta,30.25,33.05,28.47,70.35,3.7,0.5,24.5,37.83
2012-04-12,Nagapattinam,10.7672,79.8449,Delta,30.05,32.61,28.0,72.19,3.51,1.61,21.79,37.84
2012-04-13,Nagapattinam,10.7672,79.8449,Delta,29.86,31.88,28.32,72.61,3.24,0.52,23.07,37.84
2012-04-14,Nagapattinam,10.7672,79.8449,Delta,29.55,31.01,28.5,74.42,3.15,1.1,20.01,37.86
2012-04-15,Nagapattinam,10.7672,79.8449,Delta,29.36,31.22,28.18,75.25,2.8,0.95,19.57,37.86
2012-04-16,Nagapattinam,10.7672,79.8449,Delta,29.35,31.24,28.15,75.17,2.48,1.62,23.51,37.87
2012-04-17,Nagapattinam,10.7672,79.8449,Delta,30.36,33.51,27.64,71.63,3.51,1.2,24.21,37.87
2012-04-18,Nagapattinam,10.7672,79.8449,Delta,30.63,33.28,28.6,72.13,4.12,0.81,24.32,37.87
2012-04-19,Nagapattinam,10.7672,79.8449,Delta,30.64,33.3,28.56,70.01,3.85,0.71,22.98,37.86
2012-04-20,Nagapattinam,10.7672,79.8449,Delta,30.67,32.83,29.05,68.03,3.56,0.93,15.39,37.85
2012-04-21,Nagapattinam,10.7672,79.8449,Delta,30.55,33.54,28.29,67.63,3.38,0.21,21.26,37.85
2012-04-22,Nagapattinam,10.7672,79.8449,Delta,29.94,32.4,27.89,72.24,2.98,0.48,21.09,37.84
2012-04-23,Nagapattinam,10.7672,79.8449,Delta,29.87,31.93,28.2,74.84,2.52,1.31,21.22,37.85
2012-04-24,Nagapattinam,10.7672,79.8449,Delta,29.67,31.46,28.26,75.01,2.15,7.64,14.38,37.85
2012-04-25,Nagapattinam,10.7672,79.8449,Delta,28.62,29.81,27.49,77.23,3.45,5.14,20.48,37.85
2012-04-26,Nagapattinam,10.7672,79.8449,Delta,28.74,29.45,27.9,80.7,4.46,3.65,20.75,37.85
2012-04-27,Nagapattinam,10.7672,79.8449,Delta,29.59,31.32,27.83,77.41,4.54,1.83,20.19,37.84
2012-04-28,Nagapattinam,10.7672,79.8449,Delta,30.13,32.37,28.12,73.79,5.04,0.76,24.1,37.83
2012-04-29,Nagapattinam,10.7672,79.8449,Delta,29.85,31.59,28.13,76.89,4.79,0.98,21.95,37.82
2012-04-30,Nagapattinam,10.7672,79.8449,Delta,30.11,32.25,28.26,77.33,3.99,1.34,22.8,37.8
2012-05-01,Nagapattinam,10.7672,79.8449,Delta,30.12,31.97,28.55,76.6,4.95,1.33,21.27,37.79
2012-05-02,Nagapattinam,10.7672,79.8449,Delta,30.13,31.94,28.46,75.51,4.53,0.62,22.75,37.77
2012-05-03,Nagapattinam,10.7672,79.8449,Delta,30.08,31.83,28.42,76.54,5.36,0.5,22.77,37.76
2012-05-04,Nagapattinam,10.7672,79.8449,Delta,30.18,31.91,28.42,75.32,5.49,0.56,22.43,37.75
2012-05-05,Nagapattinam,10.7672,79.8449,Delta,30.25,32.18,28.3,71.16,5.63,1.61,20.3,37.73
2012-05-06,Nagapattinam,10.7672,79.8449,Delta,31.08,34.44,27.92,67.24,4.34,0.59,21.28,37.71
2012-05-07,Nagapattinam,10.7672,79.8449,Delta,31.18,34.56,28.51,68.4,3.79,1.01,23.89,37.69
2012-05-08,Nagapattinam,10.7672,79.8449,Delta,31.08,33.83,28.7,69.71,3.94,1.78,22.61,37.67
2012-05-09,Nagapattinam,10.7672,79.8449,Delta,30.37,33.29,28.49,75.22,4.62,2.36,23.02,37.64
2012-05-10,Nagapattinam,10.7672,79.8449,Delta,29.85,32.42,28.16,77.7,4.11,7.13,21.37,37.61
2012-05-11,Nagapattinam,10.7672,79.8449,Delta,29.72,31.83,27.84,78.34,3.8,1.6,22.04,37.59
2012-05-12,Nagapattinam,10.7672,79.8449,Delta,29.9,31.77,28.37,76.6,4.26,0.71,20.9,37.58
2012-05-13,Nagapattinam,10.7672,79.8449,Delta,30.04,32.33,28.19,74.37,3.57,0.72,22.47,37.57
2012-05-14,Nagapattinam,10.7672,79.8449,Delta,29.81,31.34,28.44,78.88,4.64,3.21,18.52,37.56
2012-05-15,Nagapattinam,10.7672,79.8449,Delta,30.29,32.3,28.45,77.09,4.81,0.76,22.92,37.54
2012-05-16,Nagapattinam,10.7672,79.8449,Delta,30.36,32.73,28.33,75.34,4.42,0.47,24.15,37.52
2012-05-17,Nagapattinam,10.7672,79.8449,Delta,30.61,33.12,28.54,76.09,4.71,1.14,23.79,37.49
2012-05-18,Nagapattinam,10.7672,79.8449,Delta,30.29,32.53,28.45,75.36,4.06,0.77,22.98,37.46
2012-05-19,Nagapattinam,10.7672,79.8449,Delta,30.35,32.99,28.3,78.78,4.99,0.55,21.85,37.44
2012-05-20,Nagapattinam,10.7672,79.8449,Delta,30.32,32.26,28.66,76.73,3.61,0.77,20.31,37.42
2012-05-21,Nagapattinam,10.7672,79.8449,Delta,30.08,32.09,28.28,73.7,5.52,1.57,21.66,37.4
2012-05-22,Nagapattinam,10.7672,79.8449,Delta,30.27,32.65,27.62,70.4,5.44,0.64,21.08,37.39
2012-05-23,Nagapattinam,10.7672,79.8449,Delta,30.73,33.42,28.41,69.72,5.29,0.3,21.11,37.37
2012-05-24,Nagapattinam,10.7672,79.8449,Delta,31.02,34.04,28.19,68.85,5.64,0.83,20.91,37.34
2012-05-25,Nagapattinam,10.7672,79.8449,Delta,30.25,33.21,27.78,72.39,6.53,0.29,22.24,37.32
2012-05-26,Nagapattinam,10.7672,79.8449,Delta,29.21,31.38,27.26,72.91,6.33,1.91,17.18,37.3
2012-05-27,Nagapattinam,10.7672,79.8449,Delta,30.32,33.28,27.38,70.57,5.86,0.43,20.86,37.28
2012-05-28,Nagapattinam,10.7672,79.8449,Delta,30.7,33.31,28.21,71.16,5.68,0.29,19.31,37.26
2012-05-29,Nagapattinam,10.7672,79.8449,Delta,29.96,32.39,28.3,73.22,4.92,0.76,21.77,37.23
2012-05-30,Nagapattinam,10.7672,79.8449,Delta,30.33,32.69,28.28,73.05,5.38,0.07,21.14,37.22
2012-05-31,Nagapattinam,10.7672,79.8449,Delta,30.89,33.47,28.85,70.25,5.52,0.27,17.19,37.2
2012-06-01,Nagapattinam,10.7672,79.8449,Delta,30.6,33.4,28.23,66.19,4.95,0.05,21.87,37.19
2012-06-02,Nagapattinam,10.7672,79.8449,Delta,30.83,34.69,28.11,68.21,5.6,0.02,22.72,37.17
2012-06-03,Nagapattinam,10.7672,79.8449,Delta,31.11,34.09,28.59,69.69,5.55,0.33,23.33,37.15
2012-06-04,Nagapattinam,10.7672,79.8449,Delta,30.67,32.87,28.77,71.6,4.93,0.24,23.14,37.13
2012-06-05,Nagapattinam,10.7672,79.8449,Delta,31.17,34.31,28.04,66.1,5.72,0.0,23.99,37.1
2012-06-06,Nagapattinam,10.7672,79.8449,Delta,31.35,34.77,27.73,61.65,6.04,0.36,22.97,37.08
2012-06-07,Nagapattinam,10.7672,79.8449,Delta,31.18,34.28,28.19,61.7,6.15,0.02,23.38,37.08
2012-06-08,Nagapattinam,10.7672,79.8449,Delta,30.39,33.62,27.73,65.13,5.22,1.07,22.97,37.07
2012-06-09,Nagapattinam,10.7672,79.8449,Delta,30.9,33.8,27.95,61.78,4.58,0.16,19.86,37.06
2012-06-10,Nagapattinam,10.7672,79.8449,Delta,30.38,32.86,28.39,64.74,4.89,0.41,18.66,37.05
2012-06-11,Nagapattinam,10.7672,79.8449,Delta,30.53,33.7,27.81,66.25,5.3,0.17,19.92,37.04
2012-06-12,Nagapattinam,10.7672,79.8449,Delta,30.5,33.61,27.82,66.44,5.95,0.09,21.76,37.01
2012-06-13,Nagapattinam,10.7672,79.8449,Delta,29.99,32.96,27.41,64.8,5.62,2.15,21.19,36.99
2012-06-14,Nagapattinam,10.7672,79.8449,Delta,29.88,32.77,27.6,69.88,5.29,4.42,22.58,36.97
2012-06-15,Nagapattinam,10.7672,79.8449,Delta,30.25,33.62,27.13,67.69,5.42,0.16,23.3,36.95
2012-06-16,Nagapattinam,10.7672,79.8449,Delta,29.82,31.92,28.13,71.33,5.22,3.58,22.23,36.95
2012-06-17,Nagapattinam,10.7672,79.8449,Delta,28.88,31.99,26.89,71.03,6.48,3.02,15.07,36.95
2012-06-18,Nagapattinam,10.7672,79.8449,Delta,28.94,32.53,25.98,67.65,6.59,0.68,13.67,36.95
2012-06-19,Nagapattinam,10.7672,79.8449,Delta,29.97,32.86,27.08,64.96,7.09,2.46,19.34,36.95
2012-06-20,Nagapattinam,10.7672,79.8449,Delta,29.94,32.71,27.38,67.36,6.58,0.24,18.52,36.94
2012-06-21,Nagapattinam,10.7672,79.8449,Delta,29.61,32.36,26.83,68.3,6.1,0.63,19.5,36.94
2012-06-22,Nagapattinam,10.7672,79.8449,Delta,29.71,32.39,27.05,69.09,5.53,0.27,23.72,36.93
2012-06-23,Nagapattinam,10.7672,79.8449,Delta,29.99,33.59,26.87,69.61,5.62,0.18,24.02,36.93
2012-06-24,Nagapattinam,10.7672,79.8449,Delta,29.76,32.28,28.16,72.25,5.26,0.48,23.85,36.93
2012-06-25,Nagapattinam,10.7672,79.8449,Delta,29.6,31.55,28.0,73.58,4.6,0.27,21.47,36.92
2012-06-26,Nagapattinam,10.7672,79.8449,Delta,29.38,31.41,28.03,74.88,5.04,0.75,20.92,36.92
2012-06-27,Nagapattinam,10.7672,79.8449,Delta,29.46,31.71,27.56,70.62,4.41,1.61,20.49,36.92
2012-06-28,Nagapattinam,10.7672,79.8449,Delta,28.91,30.99,26.88,70.55,4.69,1.24,21.4,36.92
2012-06-29,Nagapattinam,10.7672,79.8449,Delta,29.56,32.52,26.53,68.53,5.16,0.07,22.52,36.93
2012-06-30,Nagapattinam,10.7672,79.8449,Delta,29.37,31.87,27.1,69.34,5.65,0.5,21.49,36.92
2012-07-01,Nagapattinam,10.7672,79.8449,Delta,29.9,32.62,27.08,64.2,6.45,0.26,17.0,36.92
2012-07-02,Nagapattinam,10.7672,79.8449,Delta,29.28,32.07,26.97,66.55,6.46,3.72,18.72,36.92
2012-07-03,Nagapattinam,10.7672,79.8449,Delta,30.04,33.31,26.95,62.72,6.33,0.04,21.28,36.92
2012-07-04,Nagapattinam,10.7672,79.8449,Delta,30.4,33.64,27.23,65.23,5.7,0.07,23.19,36.93
2012-07-05,Nagapattinam,10.7672,79.8449,Delta,30.55,33.69,27.54,65.68,5.4,0.03,24.81,36.94
2012-07-06,Nagapattinam,10.7672,79.8449,Delta,29.89,32.55,27.67,69.0,4.94,0.03,23.96,36.96
2012-07-07,Nagapattinam,10.7672,79.8449,Delta,29.85,32.23,28.12,71.28,4.82,0.81,23.01,36.97
2012-07-08,Nagapattinam,10.7672,79.8449,Delta,29.78,32.14,27.61,70.47,3.69,0.13,22.53,36.98
2012-07-09,Nagapattinam,10.7672,79.8449,Delta,29.13,29.86,28.3,72.83,3.5,1.19,21.5,36.97
2012-07-10,Nagapattinam,10.7672,79.8449,Delta,30.2,32.82,27.8,67.78,4.34,0.88,23.27,36.97
2012-07-11,Nagapattinam,10.7672,79.8449,Delta,30.31,32.96,27.8,63.91,3.45,0.34,23.94,36.97
2012-07-12,Nagapattinam,10.7672,79.8449,Delta,30.59,33.11,28.17,66.14,3.48,1.75,23.67,36.98
2012-07-13,Nagapattinam,10.7672,79.8449,Delta,30.58,32.87,28.61,67.86,3.61,5.39,16.15,36.99
2012-07-14,Nagapattinam,10.7672,79.8449,Delta,28.06,28.78,27.29,78.96,3.83,11.32,17.74,37.01
2012-07-15,Nagapattinam,10.7672,79.8449,Delta,28.11,29.51,27.0,78.45,2.99,5.8,15.26,37.04
2012-07-16,Nagapattinam,10.7672,79.8449,Delta,28.66,30.11,27.2,77.04,3.04,1.84,18.23,37.06
2012-07-17,Nagapattinam,10.7672,79.8449,Delta,29.48,31.31,27.71,75.4,3.83,2.63,21.65,37.07
2012-07-18,Nagapattinam,10.7672,79.8449,Delta,29.88,32.27,27.96,70.67,4.05,1.66,21.69,37.08
2012-07-19,Nagapattinam,10.7672,79.8449,Delta,30.19,33.26,27.22,67.83,4.7,0.35,23.03,37.09
2012-07-20,Nagapattinam,10.7672,79.8449,Delta,30.23,33.4,26.92,68.06,4.58,0.08,18.58,37.1
2012-07-21,Nagapattinam,10.7672,79.8449,Delta,30.14,32.64,27.6,67.98,5.2,0.42,21.16,37.11
2012-07-22,Nagapattinam,10.7672,79.8449,Delta,30.17,32.79,27.49,67.64,5.0,0.29,20.28,37.13
2012-07-23,Nagapattinam,10.7672,79.8449,Delta,30.28,33.5,27.38,68.79,5.14,0.36,21.8,37.14
2012-07-24,Nagapattinam,10.7672,79.8449,Delta,30.25,33.16,27.69,68.8,4.81,0.2,20.91,37.16
2012-07-25,Nagapattinam,10.7672,79.8449,Delta,30.32,33.28,27.79,67.93,4.27,0.27,21.64,37.18
2012-07-26,Nagapattinam,10.7672,79.8449,Delta,30.51,33.61,27.99,67.02,4.43,0.15,21.71,37.19
2012-07-27,Nagapattinam,10.7672,79.8449,Delta,30.17,32.66,27.82,67.41,4.43,0.03,21.88,37.21
2012-07-28,Nagapattinam,10.7672,79.8449,Delta,30.13,32.69,28.17,68.65,4.77,0.27,19.97,37.22
2012-07-29,Nagapattinam,10.7672,79.8449,Delta,29.97,32.27,27.64,68.9,4.67,0.26,22.9,37.23
2012-07-30,Nagapattinam,10.7672,79.8449,Delta,30.08,33.06,27.26,67.7,4.55,0.07,22.25,37.24
2012-07-31,Nagapattinam,10.7672,79.8449,Delta,29.98,32.7,27.59,66.13,5.25,0.02,22.49,37.25
2012-08-01,Nagapattinam,10.7672,79.8449,Delta,30.19,33.78,26.73,65.59,5.32,0.04,24.76,37.26
2012-08-02,Nagapattinam,10.7672,79.8449,Delta,30.58,33.85,27.29,64.6,5.25,0.1,24.07,37.28
2012-08-03,Nagapattinam,10.7672,79.8449,Delta,30.36,33.29,27.5,65.77,5.11,1.84,21.52,37.3
2012-08-04,Nagapattinam,10.7672,79.8449,Delta,30.15,33.01,27.45,67.02,4.92,2.05,16.72,37.31
2012-08-05,Nagapattinam,10.7672,79.8449,Delta,30.42,33.54,27.34,65.9,4.78,0.96,21.33,37.32
2012-08-06,Nagapattinam,10.7672,79.8449,Delta,30.14,32.86,27.89,67.85,5.1,1.08,20.02,37.33
2012-08-07,Nagapattinam,10.7672,79.8449,Delta,29.57,32.85,27.28,69.25,5.12,1.45,20.26,37.34
2012-08-08,Nagapattinam,10.7672,79.8449,Delta,29.01,30.81,27.59,73.08,4.98,3.34,20.02,37.35
2012-08-09,Nagapattinam,10.7672,79.8449,Delta,29.47,32.27,26.86,70.75,4.99,1.03,14.75,37.35
2012-08-10,Nagapattinam,10.7672,79.8449,Delta,29.57,32.27,27.5,69.91,5.08,1.66,14.64,37.36
2012-08-11,Nagapattinam,10.7672,79.8449,Delta,29.28,31.53,27.63,71.22,5.09,3.57,21.79,37.37
2012-08-12,Nagapattinam,10.7672,79.8449,Delta,28.93,30.84,27.35,73.0,5.04,0.36,21.17,37.37
2012-08-13,Nagapattinam,10.7672,79.8449,Delta,29.2,31.32,27.44,73.09,4.17,2.16,23.31,37.37
2012-08-14,Nagapattinam,10.7672,79.8449,Delta,29.16,31.83,27.23,73.9,3.88,3.92,22.04,37.37
2012-08-15,Nagapattinam,10.7672,79.8449,Delta,29.11,31.36,27.2,73.91,4.06,4.55,18.0,37.37
2012-08-16,Nagapattinam,10.7672,79.8449,Delta,28.8,30.86,26.89,74.05,4.08,2.98,21.44,37.38
2012-08-17,Nagapattinam,10.7672,79.8449,Delta,28.48,30.57,26.25,74.97,4.81,3.9,18.21,37.38
2012-08-18,Nagapattinam,10.7672,79.8449,Delta,28.59,31.9,26.29,72.73,4.85,1.05,21.16,37.38
2012-08-19,Nagapattinam,10.7672,79.8449,Delta,29.54,33.11,26.39,65.89,4.52,0.14,24.0,37.38
2012-08-20,Nagapattinam,10.7672,79.8449,Delta,29.62,32.79,26.9,68.44,4.37,0.08,24.68,37.39
2012-08-21,Nagapattinam,10.7672,79.8449,Delta,29.21,31.61,27.56,74.06,3.78,3.29,22.57,37.39
2012-08-22,Nagapattinam,10.7672,79.8449,Delta,29.17,31.51,27.3,74.67,3.58,0.78,22.19,37.38
2012-08-23,Nagapattinam,10.7672,79.8449,Delta,29.27,31.87,27.2,73.64,4.75,1.29,23.31,37.38
2012-08-24,Nagapattinam,10.7672,79.8449,Delta,29.42,31.85,27.37,73.31,4.15,4.45,23.03,37.38
2012-08-25,Nagapattinam,10.7672,79.8449,Delta,28.8,30.65,27.41,76.56,4.31,1.72,23.05,37.37
2012-08-26,Nagapattinam,10.7672,79.8449,Delta,28.68,30.56,26.73,73.35,4.1,1.74,19.97,37.36
2012-08-27,Nagapattinam,10.7672,79.8449,Delta,28.88,31.23,26.52,68.4,3.99,0.32,18.3,37.36
2012-08-28,Nagapattinam,10.7672,79.8449,Delta,28.34,31.17,25.83,72.25,4.95,0.89,15.47,37.35
2012-08-29,Nagapattinam,10.7672,79.8449,Delta,28.44,30.22,26.79,75.95,4.48,2.06,20.94,37.34
2012-08-30,Nagapattinam,10.7672,79.8449,Delta,28.69,30.98,26.75,74.19,5.11,0.88,17.62,37.32
2012-08-31,Nagapattinam,10.7672,79.8449,Delta,28.72,31.1,27.09,76.08,6.25,1.73,21.34,37.31
2012-09-01,Nagapattinam,10.7672,79.8449,Delta,29.26,32.05,26.63,71.41,5.26,1.75,23.15,37.29
2012-09-02,Nagapattinam,10.7672,79.8449,Delta,29.99,32.88,27.46,69.51,4.02,1.14,23.26,37.27
2012-09-03,Nagapattinam,10.7672,79.8449,Delta,29.14,30.95,27.9,74.88,4.94,1.9,17.1,37.25
2012-09-04,Nagapattinam,10.7672,79.8449,Delta,29.37,31.81,27.03,70.1,6.02,2.49,16.38,37.23
2012-09-05,Nagapattinam,10.7672,79.8449,Delta,29.67,33.13,26.76,68.19,4.89,0.49,23.84,37.21
2012-09-06,Nagapattinam,10.7672,79.8449,Delta,29.65,32.62,27.75,72.88,4.52,2.93,22.81,37.18
2012-09-07,Nagapattinam,10.7672,79.8449,Delta,28.89,31.19,27.35,75.66,4.43,6.12,22.04,37.16
2012-09-08,Nagapattinam,10.7672,79.8449,Delta,28.27,29.94,26.61,77.77,3.78,4.63,10.27,37.13
2012-09-09,Nagapattinam,10.7672,79.8449,Delta,28.49,30.63,26.41,75.79,4.57,6.68,19.29,37.1
2012-09-10,Nagapattinam,10.7672,79.8449,Delta,29.03,31.95,25.87,69.59,4.18,0.51,20.61,37.06
2012-09-11,Nagapattinam,10.7672,79.8449,Delta,29.25,32.53,26.22,67.64,4.43,0.88,22.53,37.03
2012-09-12,Nagapattinam,10.7672,79.8449,Delta,29.29,32.15,26.36,69.86,4.21,0.43,23.57,36.99
2012-09-13,Nagapattinam,10.7672,79.8449,Delta,29.37,31.92,27.06,71.84,4.31,1.44,23.22,36.95
2012-09-14,Nagapattinam,10.7672,79.8449,Delta,29.13,31.06,27.39,74.31,4.14,2.71,22.9,36.91
2012-09-15,Nagapattinam,10.7672,79.8449,Delta,28.83,30.87,27.12,77.03,4.67,8.45,18.75,36.87
2012-09-16,Nagapattinam,10.7672,79.8449,Delta,29.47,32.65,26.48,70.88,3.73,0.43,23.5,36.83
2012-09-17,Nagapattinam,10.7672,79.8449,Delta,29.19,31.72,26.92,74.3,2.97,1.86,23.4,36.8
2012-09-18,Nagapattinam,10.7672,79.8449,Delta,28.93,30.6,27.53,75.28,2.99,1.84,21.18,36.76
2012-09-19,Nagapattinam,10.7672,79.8449,Delta,29.28,31.08,27.78,74.71,3.24,1.13,21.43,36.72
2012-09-20,Nagapattinam,10.7672,79.8449,Delta,29.55,31.98,27.64,74.5,4.3,1.6,20.09,36.67
2012-09-21,Nagapattinam,10.7672,79.8449,Delta,29.43,31.57,27.72,74.46,4.83,1.63,20.84,36.63
2012-09-22,Nagapattinam,10.7672,79.8449,Delta,29.92,32.89,27.6,71.74,5.05,0.97,22.2,36.57
2012-09-23,Nagapattinam,10.7672,79.8449,Delta,29.49,31.77,27.75,73.52,4.13,1.94,17.2,36.52
2012-09-24,Nagapattinam,10.7672,79.8449,Delta,29.72,32.47,27.6,70.98,3.55,2.84,22.23,36.47
2012-09-25,Nagapattinam,10.7672,79.8449,Delta,29.21,31.75,27.19,72.08,3.63,1.75,21.12,36.42
2012-09-26,Nagapattinam,10.7672,79.8449,Delta,29.24,31.42,27.78,76.76,3.02,9.88,22.22,36.37
2012-09-27,Nagapattinam,10.7672,79.8449,Delta,27.41,28.78,26.17,79.28,1.67,6.59,16.42,36.31
2012-09-28,Nagapattinam,10.7672,79.8449,Delta,27.77,29.69,25.83,75.89,1.44,8.93,19.71,36.24
2012-09-29,Nagapattinam,10.7672,79.8449,Delta,27.43,28.6,26.34,78.26,1.4,8.98,20.28,36.18
2012-09-30,Nagapattinam,10.7672,79.8449,Delta,28.32,29.75,26.93,78.26,2.46,4.82,16.49,36.11
2012-10-01,Nagapattinam,10.7672,79.8449,Delta,28.85,31.31,26.88,76.17,4.58,0.29,21.38,36.04
2012-10-02,Nagapattinam,10.7672,79.8449,Delta,28.81,31.4,26.4,74.54,5.4,0.6,24.13,35.97
2012-10-03,Nagapattinam,10.7672,79.8449,Delta,29.32,32.24,27.1,72.92,4.89,0.22,23.94,35.9
2012-10-04,Nagapattinam,10.7672,79.8449,Delta,29.45,32.76,26.89,70.7,4.36,0.44,23.75,35.84
2012-10-05,Nagapattinam,10.7672,79.8449,Delta,29.71,32.98,27.3,71.85,3.98,0.13,23.57,35.76
2012-10-06,Nagapattinam,10.7672,79.8449,Delta,28.97,31.01,27.45,77.19,3.59,1.06,21.33,35.69
2012-10-07,Nagapattinam,10.7672,79.8449,Delta,28.78,30.43,27.45,76.53,2.51,3.06,19.57,35.61
2012-10-08,Nagapattinam,10.7672,79.8449,Delta,28.88,30.78,27.1,71.21,1.59,2.99,18.94,35.54
2012-10-09,Nagapattinam,10.7672,79.8449,Delta,28.47,30.12,27.42,74.63,2.14,4.93,20.08,35.46
2012-10-10,Nagapattinam,10.7672,79.8449,Delta,28.25,29.64,26.94,77.2,2.06,2.14,20.06,35.39
2012-10-11,Nagapattinam,10.7672,79.8449,Delta,28.49,30.26,27.05,77.33,2.05,1.02,20.29,35.31
2012-10-12,Nagapattinam,10.7672,79.8449,Delta,28.13,28.92,27.4,79.71,2.12,1.86,19.51,35.23
2012-10-13,Nagapattinam,10.7672,79.8449,Delta,27.98,29.13,27.01,81.1,2.08,6.12,16.94,35.15
2012-10-14,Nagapattinam,10.7672,79.8449,Delta,27.73,28.99,26.63,82.79,2.78,15.68,17.98,35.07
2012-10-15,Nagapattinam,10.7672,79.8449,Delta,27.16,28.23,26.34,83.48,2.18,11.84,16.55,34.99
2012-10-16,Nagapattinam,10.7672,79.8449,Delta,27.46,28.99,25.9,78.5,1.21,11.37,10.56,34.91
2012-10-17,Nagapattinam,10.7672,79.8449,Delta,27.57,29.15,26.12,80.76,3.23,8.68,14.49,34.83
2012-10-18,Nagapattinam,10.7672,79.8449,Delta,27.83,29.31,26.57,79.9,3.9,15.68,17.62,34.75
2012-10-19,Nagapattinam,10.7672,79.8449,Delta,27.09,27.7,26.53,87.86,4.27,38.52,6.5,34.66
2012-10-20,Nagapattinam,10.7672,79.8449,Delta,26.96,27.39,26.48,84.49,5.87,32.01,10.19,34.57
2012-10-21,Nagapattinam,10.7672,79.8449,Delta,27.64,28.5,26.96,81.77,4.31,22.91,17.35,34.48
2012-10-22,Nagapattinam,10.7672,79.8449,Delta,27.44,28.53,26.65,84.35,3.75,10.54,14.38,34.39
2012-10-23,Nagapattinam,10.7672,79.8449,Delta,27.42,28.33,26.43,86.49,4.07,20.16,14.68,34.3
2012-10-24,Nagapattinam,10.7672,79.8449,Delta,27.37,28.02,26.82,85.58,2.9,9.55,7.99,34.21
2012-10-25,Nagapattinam,10.7672,79.8449,Delta,27.39,28.66,26.5,84.26,3.2,4.85,21.56,34.12
2012-10-26,Nagapattinam,10.7672,79.8449,Delta,27.7,29.24,26.63,81.28,3.96,2.79,19.23,34.03
2012-10-27,Nagapattinam,10.7672,79.8449,Delta,27.84,29.27,26.67,80.17,5.13,5.83,16.89,33.93
2012-10-28,Nagapattinam,10.7672,79.8449,Delta,27.79,28.76,27.03,83.54,6.0,27.02,8.24,33.84
2012-10-29,Nagapattinam,10.7672,79.8449,Delta,27.52,28.5,26.01,81.85,6.81,15.18,5.49,33.75
2012-10-30,Nagapattinam,10.7672,79.8449,Delta,26.66,27.14,25.95,87.53,7.09,44.48,3.77,33.66
2012-10-31,Nagapattinam,10.7672,79.8449,Delta,26.1,26.66,25.12,88.93,9.79,68.89,2.51,33.57
2012-11-01,Nagapattinam,10.7672,79.8449,Delta,27.13,28.06,26.45,86.96,7.57,5.1,14.46,33.48
2012-11-02,Nagapattinam,10.7672,79.8449,Delta,27.58,28.78,26.31,85.82,5.33,1.82,18.35,33.39
2012-11-03,Nagapattinam,10.7672,79.8449,Delta,27.89,29.63,26.44,82.8,3.97,0.48,21.58,33.3
2012-11-04,Nagapattinam,10.7672,79.8449,Delta,27.58,29.29,26.03,83.28,2.66,0.24,21.33,33.21
2012-11-05,Nagapattinam,10.7672,79.8449,Delta,27.18,28.78,25.73,83.78,2.84,0.0,19.21,33.12
2012-11-06,Nagapattinam,10.7672,79.8449,Delta,27.18,28.71,26.07,84.46,2.43,1.53,16.66,33.03
2012-11-07,Nagapattinam,10.7672,79.8449,Delta,27.12,28.22,26.39,84.4,2.27,1.8,17.46,32.94
2012-11-08,Nagapattinam,10.7672,79.8449,Delta,27.14,28.26,26.14,83.52,2.03,3.17,17.51,32.85
2012-11-09,Nagapattinam,10.7672,79.8449,Delta,27.18,28.31,26.26,82.26,2.73,1.26,18.1,32.76
2012-11-10,Nagapattinam,10.7672,79.8449,Delta,27.19,28.62,26.03,83.37,3.88,0.07,18.41,32.67
2012-11-11,Nagapattinam,10.7672,79.8449,Delta,27.18,28.66,26.16,79.53,4.46,0.11,18.4,32.58
2012-11-12,Nagapattinam,10.7672,79.8449,Delta,27.07,28.51,25.99,82.37,4.88,1.08,19.42,32.5
2012-11-13,Nagapattinam,10.7672,79.8449,Delta,26.65,28.11,25.52,80.96,6.0,1.81,18.9,32.41
2012-11-14,Nagapattinam,10.7672,79.8449,Delta,26.23,28.18,24.56,78.72,5.96,0.82,19.46,32.33
2012-11-15,Nagapattinam,10.7672,79.8449,Delta,25.99,27.73,24.13,79.08,5.13,0.23,19.82,32.25
2012-11-16,Nagapattinam,10.7672,79.8449,Delta,25.81,27.4,24.09,78.28,4.98,0.08,18.66,32.17
2012-11-17,Nagapattinam,10.7672,79.8449,Delta,25.75,27.53,24.03,74.96,3.81,0.09,19.64,32.09
2012-11-18,Nagapattinam,10.7672,79.8449,Delta,25.6,27.32,23.84,71.1,3.06,0.0,19.52,32.01
2012-11-19,Nagapattinam,10.7672,79.8449,Delta,25.92,28.07,23.78,70.74,2.64,0.0,20.52,31.93
2012-11-20,Nagapattinam,10.7672,79.8449,Delta,26.67,28.65,24.5,78.0,2.01,0.16,20.46,31.86
2012-11-21,Nagapattinam,10.7672,79.8449,Delta,27.43,29.32,25.4,82.65,1.86,0.8,17.98,31.78
2012-11-22,Nagapattinam,10.7672,79.8449,Delta,27.06,28.32,26.2,89.07,2.53,7.49,15.94,31.71
2012-11-23,Nagapattinam,10.7672,79.8449,Delta,26.92,28.05,26.11,87.26,3.2,8.48,11.35,31.64
2012-11-24,Nagapattinam,10.7672,79.8449,Delta,26.84,28.29,25.78,84.94,3.95,1.06,18.37,31.57
2012-11-25,Nagapattinam,10.7672,79.8449,Delta,26.75,27.48,26.13,88.14,4.59,8.17,6.96,31.5
2012-11-26,Nagapattinam,10.7672,79.8449,Delta,26.86,28.04,26.23,81.94,5.01,0.92,15.8,31.43
2012-11-27,Nagapattinam,10.7672,79.8449,Delta,26.68,27.93,25.79,79.17,5.19,1.56,15.38,31.37
2012-11-28,Nagapattinam,10.7672,79.8449,Delta,26.07,27.51,24.94,77.39,4.91,0.0,18.95,31.31
2012-11-29,Nagapattinam,10.7672,79.8449,Delta,25.84,27.47,24.61,74.53,4.05,0.85,19.74,31.25
2012-11-30,Nagapattinam,10.7672,79.8449,Delta,25.28,27.08,23.66,74.77,3.37,0.0,18.81,31.19
2012-12-01,Nagapattinam,10.7672,79.8449,Delta,25.74,27.68,24.14,72.06,3.95,0.0,19.77,31.13
2012-12-02,Nagapattinam,10.7672,79.8449,Delta,25.82,27.21,24.59,77.97,4.77,2.59,19.06,31.08
2012-12-03,Nagapattinam,10.7672,79.8449,Delta,26.54,28.22,25.17,88.04,5.59,8.84,11.65,31.03
2012-12-04,Nagapattinam,10.7672,79.8449,Delta,26.72,28.16,25.67,85.17,4.18,0.86,18.91,30.99
2012-12-05,Nagapattinam,10.7672,79.8449,Delta,26.81,28.34,25.7,84.96,4.1,1.67,18.22,30.95
2012-12-06,Nagapattinam,10.7672,79.8449,Delta,26.9,28.28,25.96,83.99,5.12,1.91,15.3,30.91
2012-12-07,Nagapattinam,10.7672,79.8449,Delta,26.67,28.22,25.66,81.05,4.06,1.01,18.76,30.87
2012-12-08,Nagapattinam,10.7672,79.8449,Delta,26.26,27.82,25.01,83.65,3.75,0.3,17.68,30.83
2012-12-09,Nagapattinam,10.7672,79.8449,Delta,25.59,27.36,24.08,79.52,2.79,0.0,20.05,30.8
2012-12-10,Nagapattinam,10.7672,79.8449,Delta,25.48,27.37,23.93,79.53,2.73,0.0,21.16,30.77
2012-12-11,Nagapattinam,10.7672,79.8449,Delta,25.92,27.57,24.78,79.49,2.97,0.04,18.31,30.74
2012-12-12,Nagapattinam,10.7672,79.8449,Delta,25.95,27.7,24.75,80.1,2.89,0.0,18.68,30.72
2012-12-13,Nagapattinam,10.7672,79.8449,Delta,26.12,27.91,24.82,79.76,3.13,0.01,19.14,30.69
2012-12-14,Nagapattinam,10.7672,79.8449,Delta,26.03,27.72,24.56,79.7,4.4,1.7,19.14,30.68
2012-12-15,Nagapattinam,10.7672,79.8449,Delta,26.37,27.93,25.37,78.03,5.6,2.3,15.93,30.66
2012-12-16,Nagapattinam,10.7672,79.8449,Delta,26.29,27.61,25.39,76.39,6.52,2.63,13.07,30.65
2012-12-17,Nagapattinam,10.7672,79.8449,Delta,26.27,27.77,25.2,76.01,6.83,4.6,13.53,30.63
2012-12-18,Nagapattinam,10.7672,79.8449,Delta,26.23,27.66,25.45,78.13,6.06,3.41,13.17,30.62
2012-12-19,Nagapattinam,10.7672,79.8449,Delta,26.19,27.62,25.22,80.01,5.02,3.05,11.39,30.62
2012-12-20,Nagapattinam,10.7672,79.8449,Delta,26.4,27.89,25.34,81.65,5.08,1.99,11.87,30.62
2012-12-21,Nagapattinam,10.7672,79.8449,Delta,26.53,28.0,25.59,78.63,5.24,2.68,16.82,30.62
2012-12-22,Nagapattinam,10.7672,79.8449,Delta,26.18,27.55,25.23,77.88,5.81,0.23,16.41,30.63
2012-12-23,Nagapattinam,10.7672,79.8449,Delta,26.04,27.45,25.0,77.41,5.64,0.19,14.32,30.64
2012-12-24,Nagapattinam,10.7672,79.8449,Delta,26.27,27.76,25.12,79.73,5.41,0.5,15.74,30.65
2012-12-25,Nagapattinam,10.7672,79.8449,Delta,26.3,27.54,25.46,84.74,6.12,4.99,11.22,30.66
2012-12-26,Nagapattinam,10.7672,79.8449,Delta,26.54,28.17,25.56,86.21,5.99,10.14,8.86,30.68
2012-12-27,Nagapattinam,10.7672,79.8449,Delta,26.25,27.33,25.45,88.45,6.54,6.69,8.82,30.7
2012-12-28,Nagapattinam,10.7672,79.8449,Delta,26.42,27.24,25.96,89.25,5.38,10.45,8.22,30.72
2012-12-29,Nagapattinam,10.7672,79.8449,Delta,26.84,27.93,26.15,89.09,5.31,7.74,9.47,30.75
2012-12-30,Nagapattinam,10.7672,79.8449,Delta,27.12,28.59,26.15,84.34,4.47,2.11,16.97,30.78
2012-12-31,Nagapattinam,10.7672,79.8449,Delta,27.18,28.83,25.97,77.76,3.97,0.61,18.61,30.8
2013-01-01,Nagapattinam,10.7672,79.8449,Delta,26.77,28.54,25.09,78.34,3.92,0.7,18.06,30.84
2013-01-02,Nagapattinam,10.7672,79.8449,Delta,26.14,28.03,24.44,77.97,3.59,0.09,18.7,30.88
2013-01-03,Nagapattinam,10.7672,79.8449,Delta,26.81,28.84,25.23,81.27,3.42,0.56,18.16,30.92
2013-01-04,Nagapattinam,10.7672,79.8449,Delta,26.89,28.72,25.41,81.86,3.0,0.43,17.37,30.96
2013-01-05,Nagapattinam,10.7672,79.8449,Delta,26.65,28.15,25.44,82.66,3.83,0.0,16.1,31.01
2013-01-06,Nagapattinam,10.7672,79.8449,Delta,26.86,28.62,25.65,79.96,4.48,0.1,15.92,31.06
2013-01-07,Nagapattinam,10.7672,79.8449,Delta,26.67,28.45,25.21,77.84,4.77,0.18,17.45,31.11
2013-01-08,Nagapattinam,10.7672,79.8449,Delta,26.66,27.96,25.59,85.05,5.03,4.32,10.8,31.16
2013-01-09,Nagapattinam,10.7672,79.8449,Delta,26.75,27.92,25.86,80.36,5.65,2.94,6.07,31.21
2013-01-10,Nagapattinam,10.7672,79.8449,Delta,26.39,28.32,24.86,77.33,5.11,0.67,20.09,31.27
2013-01-11,Nagapattinam,10.7672,79.8449,Delta,25.84,27.77,24.2,80.07,4.42,0.03,19.85,31.33
2013-01-12,Nagapattinam,10.7672,79.8449,Delta,25.83,27.81,24.36,72.07,4.72,0.0,19.45,31.39
2013-01-13,Nagapattinam,10.7672,79.8449,Delta,25.37,27.6,23.55,69.33,4.39,0.0,19.44,31.46
2013-01-14,Nagapattinam,10.7672,79.8449,Delta,25.46,27.67,23.5,73.6,3.67,0.0,19.54,31.53
2013-01-15,Nagapattinam,10.7672,79.8449,Delta,25.54,27.64,23.73,75.42,4.11,0.03,19.47,31.6
2013-01-16,Nagapattinam,10.7672,79.8449,Delta,26.05,28.03,24.56,69.68,4.59,0.03,20.11,31.68
2013-01-17,Nagapattinam,10.7672,79.8449,Delta,25.84,27.51,24.61,70.75,4.46,0.01,19.45,31.76
2013-01-18,Nagapattinam,10.7672,79.8449,Delta,26.29,28.32,24.87,68.52,4.29,0.04,18.52,31.84
2013-01-19,Nagapattinam,10.7672,79.8449,Delta,26.16,28.47,24.36,68.4,3.97,0.07,20.33,31.92
2013-01-20,Nagapattinam,10.7672,79.8449,Delta,26.26,28.52,24.4,78.07,4.58,0.11,15.41,32.0
2013-01-21,Nagapattinam,10.7672,79.8449,Delta,26.34,28.57,24.65,71.38,5.16,0.0,20.89,32.08
2013-01-22,Nagapattinam,10.7672,79.8449,Delta,25.89,28.01,23.96,72.07,5.09,0.06,22.25,32.16
2013-01-23,Nagapattinam,10.7672,79.8449,Delta,26.21,28.31,24.49,75.44,5.23,1.18,19.53,32.25
2013-01-24,Nagapattinam,10.7672,79.8449,Delta,26.35,28.55,24.84,73.02,4.99,0.49,19.38,32.34
2013-01-25,Nagapattinam,10.7672,79.8449,Delta,25.97,28.03,24.53,73.02,4.88,0.01,19.87,32.43
2013-01-26,Nagapattinam,10.7672,79.8449,Delta,26.1,28.22,24.45,70.29,4.83,0.0,20.46,32.52
2013-01-27,Nagapattinam,10.7672,79.8449,Delta,26.24,28.4,24.68,71.06,4.8,0.02,20.86,32.61
2013-01-28,Nagapattinam,10.7672,79.8449,Delta,26.23,28.49,24.6,71.55,4.51,0.0,20.01,32.7
2013-01-29,Nagapattinam,10.7672,79.8449,Delta,26.12,28.42,24.24,73.71,4.13,0.0,19.43,32.79
2013-01-30,Nagapattinam,10.7672,79.8449,Delta,26.08,28.44,24.36,74.73,4.58,0.0,18.64,32.89
2013-01-31,Nagapattinam,10.7672,79.8449,Delta,25.81,27.93,24.3,70.01,5.29,0.0,19.89,32.98
2013-02-01,Nagapattinam,10.7672,79.8449,Delta,25.7,28.06,23.8,70.38,4.97,0.01,22.33,33.07
2013-02-02,Nagapattinam,10.7672,79.8449,Delta,25.7,27.89,24.11,73.34,4.7,0.57,22.29,33.17
2013-02-03,Nagapattinam,10.7672,79.8449,Delta,25.89,28.25,24.2,74.24,4.62,0.09,21.49,33.27
2013-02-04,Nagapattinam,10.7672,79.8449,Delta,26.51,28.63,24.68,77.3,4.16,2.0,19.46,33.37
2013-02-05,Nagapattinam,10.7672,79.8449,Delta,26.84,28.74,25.46,77.95,4.6,4.75,12.93,33.47
2013-02-06,Nagapattinam,10.7672,79.8449,Delta,27.01,29.09,25.44,75.65,4.21,0.11,18.58,33.57
2013-02-07,Nagapattinam,10.7672,79.8449,Delta,26.73,29.35,24.96,75.58,3.06,0.18,22.34,33.67
2013-02-08,Nagapattinam,10.7672,79.8449,Delta,26.87,29.71,24.76,76.26,2.47,0.0,19.88,33.76
2013-02-09,Nagapattinam,10.7672,79.8449,Delta,26.71,29.2,24.93,76.76,4.1,0.28,20.65,33.86
2013-02-10,Nagapattinam,10.7672,79.8449,Delta,26.89,28.95,25.25,73.91,5.38,0.01,20.0,33.96
2013-02-11,Nagapattinam,10.7672,79.8449,Delta,27.23,29.02,25.93,73.95,5.61,0.55,14.76,34.06
2013-02-12,Nagapattinam,10.7672,79.8449,Delta,27.12,28.82,25.71,75.16,5.49,0.21,16.01,34.16
2013-02-13,Nagapattinam,10.7672,79.8449,Delta,27.26,28.53,26.33,78.54,4.89,1.49,15.09,34.26
2013-02-14,Nagapattinam,10.7672,79.8449,Delta,27.24,28.93,26.02,78.37,3.59,9.23,5.79,34.36
2013-02-15,Nagapattinam,10.7672,79.8449,Delta,26.67,27.69,25.7,74.96,2.16,1.23,15.9,34.45
2013-02-16,Nagapattinam,10.7672,79.8449,Delta,27.93,30.46,26.01,72.6,3.05,0.46,19.87,34.55
2013-02-17,Nagapattinam,10.7672,79.8449,Delta,28.29,30.85,26.46,76.08,3.22,1.31,21.88,34.64
2013-02-18,Nagapattinam,10.7672,79.8449,Delta,27.78,29.48,26.62,78.38,3.18,1.45,18.35,34.74
2013-02-19,Nagapattinam,10.7672,79.8449,Delta,27.39,29.18,25.95,79.06,4.26,1.51,14.0,34.83
2013-02-20,Nagapattinam,10.7672,79.8449,Delta,27.16,29.33,25.68,75.91,4.53,0.07,21.95,34.93
2013-02-21,Nagapattinam,10.7672,79.8449,Delta,26.97,29.27,25.28,70.73,5.17,0.03,22.95,35.02
2013-02-22,Nagapattinam,10.7672,79.8449,Delta,26.76,29.28,24.68,71.77,5.02,0.0,23.73,35.12
2013-02-23,Nagapattinam,10.7672,79.8449,Delta,26.77,29.28,24.86,69.31,4.24,0.03,22.45,35.21
2013-02-24,Nagapattinam,10.7672,79.8449,Delta,26.25,29.15,23.99,71.43,3.54,0.0,24.11,35.31
2013-02-25,Nagapattinam,10.7672,79.8449,Delta,26.38,29.46,24.01,69.5,3.42,0.0,25.15,35.4
2013-02-26,Nagapattinam,10.7672,79.8449,Delta,26.67,29.78,24.11,69.47,3.87,0.0,24.73,35.49
2013-02-27,Nagapattinam,10.7672,79.8449,Delta,27.16,30.19,24.54,70.17,4.01,0.0,24.71,35.58
2013-02-28,Nagapattinam,10.7672,79.8449,Delta,27.73,30.55,25.45,69.62,4.32,0.0,23.76,35.66
2013-03-01,Nagapattinam,10.7672,79.8449,Delta,27.42,30.16,25.24,69.71,4.27,0.0,23.78,35.75
2013-03-02,Nagapattinam,10.7672,79.8449,Delta,27.43,30.16,25.12,70.65,4.95,0.0,24.36,35.84
2013-03-03,Nagapattinam,10.7672,79.8449,Delta,27.52,30.3,25.33,67.85,5.05,0.0,23.56,35.92
2013-03-04,Nagapattinam,10.7672,79.8449,Delta,27.93,30.08,25.95,74.03,4.99,1.84,17.06,36.01
2013-03-05,Nagapattinam,10.7672,79.8449,Delta,27.71,28.88,27.04,81.27,5.29,9.22,12.85,36.09
2013-03-06,Nagapattinam,10.7672,79.8449,Delta,27.4,28.61,26.51,84.47,4.52,9.49,15.25,36.17
2013-03-07,Nagapattinam,10.7672,79.8449,Delta,27.8,29.66,26.36,80.3,5.12,1.74,17.56,36.25
2013-03-08,Nagapattinam,10.7672,79.8449,Delta,27.99,29.99,26.54,76.56,4.07,1.16,17.88,36.32
2013-03-09,Nagapattinam,10.7672,79.8449,Delta,28.3,30.7,26.63,74.6,3.4,0.3,21.28,36.39
2013-03-10,Nagapattinam,10.7672,79.8449,Delta,28.25,30.9,26.14,75.24,3.24,0.0,21.59,36.46
2013-03-11,Nagapattinam,10.7672,79.8449,Delta,28.02,30.92,26.01,71.71,3.2,0.0,23.82,36.54
2013-03-12,Nagapattinam,10.7672,79.8449,Delta,27.85,30.61,25.74,68.43,2.82,0.0,22.96,36.6
2013-03-13,Nagapattinam,10.7672,79.8449,Delta,27.95,31.01,25.69,69.33,2.81,0.0,23.68,36.66
2013-03-14,Nagapattinam,10.7672,79.8449,Delta,27.83,30.58,25.65,74.74,3.31,0.0,25.29,36.72
2013-03-15,Nagapattinam,10.7672,79.8449,Delta,27.83,30.51,25.59,74.99,3.98,0.63,19.36,36.79
2013-03-16,Nagapattinam,10.7672,79.8449,Delta,28.09,30.48,26.29,71.7,3.73,2.88,22.46,36.85
2013-03-17,Nagapattinam,10.7672,79.8449,Delta,28.16,30.83,26.23,68.17,3.74,0.0,23.98,36.91
2013-03-18,Nagapattinam,10.7672,79.8449,Delta,27.66,30.48,25.67,70.0,3.15,0.0,24.42,36.97
2013-03-19,Nagapattinam,10.7672,79.8449,Delta,28.14,30.98,25.84,72.09,3.0,0.02,24.21,37.03
2013-03-20,Nagapattinam,10.7672,79.8449,Delta,28.22,31.04,26.21,74.94,3.03,0.01,22.43,37.09
2013-03-21,Nagapattinam,10.7672,79.8449,Delta,28.15,31.27,25.73,68.02,2.89,0.0,24.38,37.14
2013-03-22,Nagapattinam,10.7672,79.8449,Delta,28.38,31.52,25.79,66.88,2.93,0.0,25.07,37.19
2013-03-23,Nagapattinam,10.7672,79.8449,Delta,28.32,31.47,26.0,69.05,3.29,0.0,24.81,37.24
2013-03-24,Nagapattinam,10.7672,79.8449,Delta,27.77,30.38,25.83,71.93,3.28,8.57,19.95,37.29
2013-03-25,Nagapattinam,10.7672,79.8449,Delta,28.53,31.64,26.03,71.26,2.65,0.39,21.91,37.34
2013-03-26,Nagapattinam,10.7672,79.8449,Delta,29.15,32.26,26.71,72.13,2.97,0.01,22.59,37.38
2013-03-27,Nagapattinam,10.7672,79.8449,Delta,29.32,31.96,27.24,75.0,3.08,0.05,23.81,37.42
2013-03-28,Nagapattinam,10.7672,79.8449,Delta,29.37,32.13,27.18,73.89,3.08,0.92,23.15,37.46
2013-03-29,Nagapattinam,10.7672,79.8449,Delta,29.28,31.6,27.67,77.32,3.32,2.04,22.0,37.5
2013-03-30,Nagapattinam,10.7672,79.8449,Delta,29.37,31.62,27.67,75.67,3.56,0.53,20.21,37.53
2013-03-31,Nagapattinam,10.7672,79.8449,Delta,29.3,31.58,27.53,73.99,3.45,0.11,22.15,37.57
2013-04-01,Nagapattinam,10.7672,79.8449,Delta,29.69,32.57,27.26,74.46,3.6,0.03,24.7,37.61
2013-04-02,Nagapattinam,10.7672,79.8449,Delta,29.79,32.07,28.21,74.7,3.92,5.14,23.05,37.63
2013-04-03,Nagapattinam,10.7672,79.8449,Delta,29.53,32.21,27.59,69.44,2.89,0.09,20.34,37.66
2013-04-04,Nagapattinam,10.7672,79.8449,Delta,30.09,33.41,26.96,68.05,3.9,0.0,23.25,37.68
2013-04-05,Nagapattinam,10.7672,79.8449,Delta,30.53,33.8,27.99,71.05,4.51,2.17,24.69,37.7
2013-04-06,Nagapattinam,10.7672,79.8449,Delta,30.42,32.83,28.48,72.86,4.23,0.46,23.53,37.73
2013-04-07,Nagapattinam,10.7672,79.8449,Delta,30.61,33.34,28.46,71.38,4.44,0.1,24.12,37.75
2013-04-08,Nagapattinam,10.7672,79.8449,Delta,30.15,32.22,28.61,74.52,3.8,0.52,22.96,37.77
2013-04-09,Nagapattinam,10.7672,79.8449,Delta,29.86,32.1,28.12,76.67,3.67,0.23,23.62,37.79
2013-04-10,Nagapattinam,10.7672,79.8449,Delta,29.84,32.41,28.05,71.1,3.77,0.02,25.45,37.8
2013-04-11,Nagapattinam,10.7672,79.8449,Delta,29.65,31.71,27.89,72.48,3.0,0.09,24.81,37.81
2013-04-12,Nagapattinam,10.7672,79.8449,Delta,29.86,32.56,27.9,74.25,3.48,0.25,25.18,37.82
2013-04-13,Nagapattinam,10.7672,79.8449,Delta,29.73,31.77,27.99,75.57,3.46,0.83,24.17,37.84
2013-04-14,Nagapattinam,10.7672,79.8449,Delta,29.85,31.24,28.91,77.62,3.75,2.05,22.85,37.85
2013-04-15,Nagapattinam,10.7672,79.8449,Delta,30.35,32.25,28.64,73.87,3.7,0.84,23.22,37.86
2013-04-16,Nagapattinam,10.7672,79.8449,Delta,31.48,34.85,28.72,68.73,3.79,0.31,24.22,37.86
2013-04-17,Nagapattinam,10.7672,79.8449,Delta,31.05,33.6,29.25,72.25,5.2,0.13,23.37,37.86
2013-04-18,Nagapattinam,10.7672,79.8449,Delta,31.34,34.17,29.53,69.93,4.85,0.2,23.81,37.87
2013-04-19,Nagapattinam,10.7672,79.8449,Delta,30.97,33.62,29.04,70.02,4.42,0.08,25.25,37.87
2013-04-20,Nagapattinam,10.7672,79.8449,Delta,30.83,33.48,28.67,71.01,3.95,0.16,24.77,37.87
2013-04-21,Nagapattinam,10.7672,79.8449,Delta,30.43,32.52,28.63,71.85,4.18,1.07,24.22,37.86
2013-04-22,Nagapattinam,10.7672,79.8449,Delta,30.58,32.84,28.67,70.68,3.81,1.71,24.35,37.86
2013-04-23,Nagapattinam,10.7672,79.8449,Delta,30.4,32.38,28.75,72.14,3.38,1.57,21.84,37.86
2013-04-24,Nagapattinam,10.7672,79.8449,Delta,30.09,31.66,29.0,75.11,3.01,1.62,21.47,37.86
2013-04-25,Nagapattinam,10.7672,79.8449,Delta,29.89,31.78,28.43,76.21,3.32,0.97,22.07,37.86
2013-04-26,Nagapattinam,10.7672,79.8449,Delta,30.29,32.41,28.5,72.17,3.24,0.73,20.39,37.85
2013-04-27,Nagapattinam,10.7672,79.8449,Delta,30.62,33.08,28.53,66.76,2.97,0.06,22.45,37.84
2013-04-28,Nagapattinam,10.7672,79.8449,Delta,30.78,32.72,29.0,71.37,3.58,0.52,24.44,37.83
2013-04-29,Nagapattinam,10.7672,79.8449,Delta,31.33,33.85,29.23,71.34,3.69,1.11,22.7,37.82
2013-04-30,Nagapattinam,10.7672,79.8449,Delta,30.88,33.06,29.43,74.15,3.67,0.6,24.53,37.8
2013-05-01,Nagapattinam,10.7672,79.8449,Delta,30.4,31.69,29.28,74.43,2.92,0.96,24.61,37.79
2013-05-02,Nagapattinam,10.7672,79.8449,Delta,30.83,33.34,28.79,72.89,4.03,2.15,19.77,37.78
2013-05-03,Nagapattinam,10.7672,79.8449,Delta,31.24,33.55,29.36,72.4,5.07,1.0,19.05,37.76
2013-05-04,Nagapattinam,10.7672,79.8449,Delta,31.23,33.67,29.41,73.39,5.0,1.65,19.6,37.75
2013-05-05,Nagapattinam,10.7672,79.8449,Delta,30.33,31.86,29.16,76.01,3.92,1.88,19.86,37.73
2013-05-06,Nagapattinam,10.7672,79.8449,Delta,29.89,31.21,28.76,77.44,2.21,2.24,19.6,37.72
2013-05-07,Nagapattinam,10.7672,79.8449,Delta,31.02,33.66,28.77,72.46,3.47,2.97,21.63,37.7
2013-05-08,Nagapattinam,10.7672,79.8449,Delta,31.46,34.19,29.25,70.52,4.09,2.05,23.47,37.68
2013-05-09,Nagapattinam,10.7672,79.8449,Delta,31.72,34.36,30.04,71.22,4.85,2.22,25.1,37.66
2013-05-10,Nagapattinam,10.7672,79.8449,Delta,31.67,34.42,29.5,71.67,4.46,1.63,24.27,37.65
2013-05-11,Nagapattinam,10.7672,79.8449,Delta,31.86,35.39,29.28,70.23,4.74,1.55,19.89,37.63
2013-05-12,Nagapattinam,10.7672,79.8449,Delta,31.76,34.49,29.91,68.14,4.62,3.95,18.67,37.6
2013-05-13,Nagapattinam,10.7672,79.8449,Delta,31.05,33.39,29.31,63.54,3.74,4.11,7.95,37.58
2013-05-14,Nagapattinam,10.7672,79.8449,Delta,30.68,32.91,28.81,70.33,6.01,9.45,17.31,37.55
2013-05-15,Nagapattinam,10.7672,79.8449,Delta,31.25,33.83,29.29,68.4,5.15,1.7,20.88,37.53
2013-05-16,Nagapattinam,10.7672,79.8449,Delta,31.78,34.17,29.73,64.31,4.56,0.37,21.92,37.51
2013-05-17,Nagapattinam,10.7672,79.8449,Delta,31.17,33.74,29.48,71.07,4.78,0.01,23.66,37.49
2013-05-18,Nagapattinam,10.7672,79.8449,Delta,31.26,34.65,29.15,70.56,4.81,0.17,24.87,37.48
2013-05-19,Nagapattinam,10.7672,79.8449,Delta,31.01,33.87,29.02,71.9,4.97,0.19,23.95,37.46
2013-05-20,Nagapattinam,10.7672,79.8449,Delta,30.3,32.19,28.98,78.13,5.72,0.3,22.84,37.45
2013-05-21,Nagapattinam,10.7672,79.8449,Delta,30.61,33.75,28.08,67.65,4.94,0.43,22.84,37.43
2013-05-22,Nagapattinam,10.7672,79.8449,Delta,30.75,33.95,28.57,70.57,6.73,0.71,23.57,37.4
2013-05-23,Nagapattinam,10.7672,79.8449,Delta,31.41,34.36,29.09,68.18,6.1,0.34,22.8,37.37
2013-05-24,Nagapattinam,10.7672,79.8449,Delta,31.35,34.17,29.09,68.9,5.78,0.24,22.65,37.35
2013-05-25,Nagapattinam,10.7672,79.8449,Delta,31.25,33.93,28.63,65.27,4.46,1.12,21.38,37.33
2013-05-26,Nagapattinam,10.7672,79.8449,Delta,29.81,31.76,27.96,63.67,4.06,0.13,22.45,37.31
2013-05-27,Nagapattinam,10.7672,79.8449,Delta,29.99,32.57,27.44,70.24,4.69,0.58,21.25,37.29
2013-05-28,Nagapattinam,10.7672,79.8449,Delta,28.79,31.42,26.67,74.93,5.45,0.83,21.88,37.28
2013-05-29,Nagapattinam,10.7672,79.8449,Delta,28.7,31.27,26.48,74.76,3.99,0.27,23.54,37.26
2013-05-30,Nagapattinam,10.7672,79.8449,Delta,29.3,31.8,26.71,74.26,3.99,4.83,21.89,37.24
2013-05-31,Nagapattinam,10.7672,79.8449,Delta,29.37,31.41,27.72,74.86,4.79,4.73,20.35,37.22
2013-06-01,Nagapattinam,10.7672,79.8449,Delta,29.75,32.17,27.44,70.52,5.42,1.13,18.08,37.19
2013-06-02,Nagapattinam,10.7672,79.8449,Delta,29.38,32.47,26.86,70.23,6.46,1.73,20.27,37.17
2013-06-03,Nagapattinam,10.7672,79.8449,Delta,30.0,32.9,26.73,69.76,3.88,2.49,19.85,37.15
2013-06-04,Nagapattinam,10.7672,79.8449,Delta,29.86,32.55,27.89,71.47,2.29,0.23,22.6,37.13
2013-06-05,Nagapattinam,10.7672,79.8449,Delta,29.99,32.28,27.87,71.17,2.61,1.47,20.29,37.12
2013-06-06,Nagapattinam,10.7672,79.8449,Delta,29.62,31.76,28.36,76.25,3.79,9.28,21.51,37.1
2013-06-07,Nagapattinam,10.7672,79.8449,Delta,29.48,31.7,27.35,74.47,4.67,3.23,19.55,37.09
2013-06-08,Nagapattinam,10.7672,79.8449,Delta,28.79,29.86,27.47,71.81,5.89,0.31,22.03,37.07
2013-06-09,Nagapattinam,10.7672,79.8449,Delta,30.52,33.95,27.1,62.18,6.29,0.43,21.38,37.06
2013-06-10,Nagapattinam,10.7672,79.8449,Delta,30.57,33.83,27.41,62.08,5.59,0.39,22.18,37.04
2013-06-11,Nagapattinam,10.7672,79.8449,Delta,30.29,33.04,28.07,65.82,6.27,0.57,21.07,37.03
2013-06-12,Nagapattinam,10.7672,79.8449,Delta,30.05,32.64,27.94,63.5,6.94,1.36,13.5,37.02
2013-06-13,Nagapattinam,10.7672,79.8449,Delta,30.5,33.46,27.61,60.33,7.0,0.17,12.85,37.01
2013-06-14,Nagapattinam,10.7672,79.8449,Delta,30.95,34.25,28.2,62.07,7.08,0.46,18.18,36.99
2013-06-15,Nagapattinam,10.7672,79.8449,Delta,30.94,34.02,28.25,64.6,5.97,0.16,18.94,36.99
2013-06-16,Nagapattinam,10.7672,79.8449,Delta,31.06,33.81,28.42,64.13,6.61,0.51,20.95,36.98
2013-06-17,Nagapattinam,10.7672,79.8449,Delta,30.23,32.74,28.39,64.45,6.25,0.23,18.38,36.97
2013-06-18,Nagapattinam,10.7672,79.8449,Delta,30.74,34.22,27.73,63.54,6.05,0.3,19.01,36.96
2013-06-19,Nagapattinam,10.7672,79.8449,Delta,30.61,33.53,28.22,66.08,6.09,0.82,19.28,36.95
2013-06-20,Nagapattinam,10.7672,79.8449,Delta,30.61,33.7,27.43,64.33,5.67,0.28,21.79,36.94
2013-06-21,Nagapattinam,10.7672,79.8449,Delta,30.75,33.48,28.23,65.52,5.51,0.42,20.45,36.94
2013-06-22,Nagapattinam,10.7672,79.8449,Delta,30.06,32.97,27.55,65.12,6.37,1.83,20.36,36.94
2013-06-23,Nagapattinam,10.7672,79.8449,Delta,30.72,34.67,26.91,61.35,6.37,1.61,16.1,36.95
2013-06-24,Nagapattinam,10.7672,79.8449,Delta,30.91,33.76,28.27,62.66,6.16,0.83,15.48,36.95
2013-06-25,Nagapattinam,10.7672,79.8449,Delta,30.96,33.71,28.19,65.05,6.09,0.46,21.94,36.95
2013-06-26,Nagapattinam,10.7672,79.8449,Delta,30.16,32.65,28.19,68.38,5.58,1.89,21.73,36.94
2013-06-27,Nagapattinam,10.7672,79.8449,Delta,29.67,32.28,27.28,72.68,4.63,2.94,22.88,36.93
2013-06-28,Nagapattinam,10.7672,79.8449,Delta,29.45,32.12,27.07,71.35,5.12,2.89,17.78,36.93
2013-06-29,Nagapattinam,10.7672,79.8449,Delta,29.48,31.99,27.56,71.66,4.74,2.99,22.92,36.93
2013-06-30,Nagapattinam,10.7672,79.8449,Delta,29.46,32.26,27.66,70.31,4.69,2.94,19.67,36.93
2013-07-01,Nagapattinam,10.7672,79.8449,Delta,29.69,32.2,27.44,64.48,5.85,0.62,21.47,36.94
2013-07-02,Nagapattinam,10.7672,79.8449,Delta,29.65,33.24,26.88,63.83,5.91,0.04,22.24,36.94
2013-07-03,Nagapattinam,10.7672,79.8449,Delta,29.49,32.19,27.27,64.18,6.44,0.18,22.05,36.94
2013-07-04,Nagapattinam,10.7672,79.8449,Delta,30.23,33.06,27.56,65.57,4.82,0.46,20.48,36.94
2013-07-05,Nagapattinam,10.7672,79.8449,Delta,29.93,32.15,28.0,68.21,3.59,0.23,17.19,36.94
2013-07-06,Nagapattinam,10.7672,79.8449,Delta,29.41,31.95,27.45,71.51,3.21,4.22,22.37,36.94
2013-07-07,Nagapattinam,10.7672,79.8449,Delta,28.17,30.66,26.1,76.81,4.82,3.82,19.2,36.95
2013-07-08,Nagapattinam,10.7672,79.8449,Delta,29.07,32.02,26.66,70.17,4.63,7.71,17.69,36.96
2013-07-09,Nagapattinam,10.7672,79.8449,Delta,29.56,31.98,27.2,67.04,5.23,1.16,16.55,36.97
2013-07-10,Nagapattinam,10.7672,79.8449,Delta,29.4,32.48,26.89,66.77,4.0,2.49,13.41,36.99
2013-07-11,Nagapattinam,10.7672,79.8449,Delta,29.95,33.09,27.32,62.39,5.12,1.0,15.39,37.01
2013-07-12,Nagapattinam,10.7672,79.8449,Delta,30.0,33.15,27.24,65.03,5.1,1.19,17.55,37.02
2013-07-13,Nagapattinam,10.7672,79.8449,Delta,30.05,32.64,27.65,65.18,4.68,0.29,22.92,37.03
2013-07-14,Nagapattinam,10.7672,79.8449,Delta,29.86,32.58,27.4,69.69,4.09,0.71,22.5,37.04
2013-07-15,Nagapattinam,10.7672,79.8449,Delta,30.11,32.73,28.06,69.03,3.84,3.53,18.08,37.05
2013-07-16,Nagapattinam,10.7672,79.8449,Delta,30.02,32.43,27.79,67.8,4.48,3.58,11.28,37.06
2013-07-17,Nagapattinam,10.7672,79.8449,Delta,29.87,32.53,27.28,66.18,5.28,0.81,19.87,37.07
2013-07-18,Nagapattinam,10.7672,79.8449,Delta,29.97,32.45,27.65,65.89,5.61,0.59,18.53,37.09
2013-07-19,Nagapattinam,10.7672,79.8449,Delta,29.45,32.03,27.35,68.29,5.83,3.36,11.56,37.1
2013-07-20,Nagapattinam,10.7672,79.8449,Delta,29.75,32.83,27.23,68.27,5.31,6.92,16.49,37.12
2013-07-21,Nagapattinam,10.7672,79.8449,Delta,29.03,31.96,26.39,70.54,4.85,10.05,15.28,37.13
2013-07-22,Nagapattinam,10.7672,79.8449,Delta,29.48,32.67,26.34,67.99,5.52,8.64,18.41,37.15
2013-07-23,Nagapattinam,10.7672,79.8449,Delta,30.16,33.79,27.26,63.39,6.7,0.15,21.11,37.15
2013-07-24,Nagapattinam,10.7672,79.8449,Delta,30.17,33.72,27.23,60.84,7.46,1.44,15.73,37.17
2013-07-25,Nagapattinam,10.7672,79.8449,Delta,29.83,32.97,27.34,63.45,6.91,0.27,19.54,37.18
2013-07-26,Nagapattinam,10.7672,79.8449,Delta,30.09,33.44,27.07,63.45,6.13,0.44,18.75,37.19
2013-07-27,Nagapattinam,10.7672,79.8449,Delta,29.82,32.75,27.04,65.72,4.92,0.18,21.28,37.2
2013-07-28,Nagapattinam,10.7672,79.8449,Delta,30.16,32.7,27.94,66.55,3.74,0.3,22.13,37.22
2013-07-29,Nagapattinam,10.7672,79.8449,Delta,29.77,31.82,27.36,63.3,5.01,0.05,19.04,37.23
2013-07-30,Nagapattinam,10.7672,79.8449,Delta,30.43,33.57,27.44,60.64,5.1,0.12,22.27,37.24
2013-07-31,Nagapattinam,10.7672,79.8449,Delta,30.47,33.63,27.69,61.33,6.9,0.04,20.93,37.25
2013-08-01,Nagapattinam,10.7672,79.8449,Delta,30.42,33.87,27.34,62.72,6.56,0.67,18.39,37.26
2013-08-02,Nagapattinam,10.7672,79.8449,Delta,30.17,32.99,27.66,64.56,5.96,0.81,19.64,37.27
2013-08-03,Nagapattinam,10.7672,79.8449,Delta,29.09,31.94,26.88,66.93,4.72,0.54,18.21,37.29
2013-08-04,Nagapattinam,10.7672,79.8449,Delta,29.15,31.04,27.53,69.39,4.49,1.66,18.29,37.3
2013-08-05,Nagapattinam,10.7672,79.8449,Delta,28.05,30.05,26.13,75.07,4.95,5.15,20.19,37.31
2013-08-06,Nagapattinam,10.7672,79.8449,Delta,28.98,32.19,25.87,68.55,3.79,0.51,19.72,37.32
2013-08-07,Nagapattinam,10.7672,79.8449,Delta,29.38,31.68,26.82,68.91,3.57,0.81,21.1,37.33
2013-08-08,Nagapattinam,10.7672,79.8449,Delta,28.97,31.39,26.95,73.69,4.08,4.86,21.19,37.34
2013-08-09,Nagapattinam,10.7672,79.8449,Delta,27.6,28.63,26.64,77.48,4.72,5.46,15.09,37.35
2013-08-10,Nagapattinam,10.7672,79.8449,Delta,28.0,30.14,26.09,77.87,3.86,8.94,14.59,37.36
2013-08-11,Nagapattinam,10.7672,79.8449,Delta,28.4,30.5,26.34,76.66,2.97,4.53,22.22,37.36
2013-08-12,Nagapattinam,10.7672,79.8449,Delta,28.83,31.17,26.5,74.47,3.14,3.41,18.59,37.37
2013-08-13,Nagapattinam,10.7672,79.8449,Delta,28.9,31.25,26.73,74.23,3.03,6.51,15.0,37.37
2013-08-14,Nagapattinam,10.7672,79.8449,Delta,28.53,31.57,26.09,72.86,3.66,13.4,11.18,37.38
2013-08-15,Nagapattinam,10.7672,79.8449,Delta,28.3,31.42,26.11,74.82,3.88,3.8,9.93,37.38
2013-08-16,Nagapattinam,10.7672,79.8449,Delta,28.89,31.6,27.04,75.58,4.59,6.18,20.94,37.39
2013-08-17,Nagapattinam,10.7672,79.8449,Delta,28.94,32.13,26.13,73.36,5.17,0.64,20.66,37.4
2013-08-18,Nagapattinam,10.7672,79.8449,Delta,29.35,32.35,27.03,72.44,5.64,0.79,22.39,37.4
2013-08-19,Nagapattinam,10.7672,79.8449,Delta,29.36,32.2,26.92,71.46,4.75,0.63,21.41,37.4
2013-08-20,Nagapattinam,10.7672,79.8449,Delta,29.5,32.38,26.63,71.03,5.2,0.62,23.36,37.4
2013-08-21,Nagapattinam,10.7672,79.8449,Delta,29.84,32.97,26.88,69.24,4.89,0.55,23.08,37.4
2013-08-22,Nagapattinam,10.7672,79.8449,Delta,29.83,32.65,26.73,67.62,4.62,0.49,23.79,37.39
2013-08-23,Nagapattinam,10.7672,79.8449,Delta,29.75,33.28,26.73,68.62,4.55,0.1,23.89,37.39
2013-08-24,Nagapattinam,10.7672,79.8449,Delta,29.96,33.19,27.66,67.32,4.03,0.45,24.4,37.38
2013-08-25,Nagapattinam,10.7672,79.8449,Delta,29.34,31.57,27.3,70.27,3.69,0.56,24.08,37.38
2013-08-26,Nagapattinam,10.7672,79.8449,Delta,29.43,32.05,27.59,70.99,3.48,1.49,23.96,37.37
2013-08-27,Nagapattinam,10.7672,79.8449,Delta,29.24,31.22,27.74,74.7,2.8,2.52,21.55,37.36
2013-08-28,Nagapattinam,10.7672,79.8449,Delta,29.05,30.53,27.63,78.15,2.82,10.24,21.77,37.34
2013-08-29,Nagapattinam,10.7672,79.8449,Delta,29.21,31.15,27.46,75.93,2.25,2.1,22.68,37.33
2013-08-30,Nagapattinam,10.7672,79.8449,Delta,29.37,31.18,27.79,75.49,2.28,1.14,21.56,37.31
2013-08-31,Nagapattinam,10.7672,79.8449,Delta,29.48,31.44,27.81,75.72,2.77,0.74,23.62,37.29
2013-09-01,Nagapattinam,10.7672,79.8449,Delta,29.24,30.85,27.77,77.13,3.61,1.34,21.99,37.28
2013-09-02,Nagapattinam,10.7672,79.8449,Delta,28.7,30.17,27.33,79.9,4.42,2.05,22.62,37.26
2013-09-03,Nagapattinam,10.7672,79.8449,Delta,28.89,31.57,26.9,77.02,5.15,12.93,19.36,37.24
2013-09-04,Nagapattinam,10.7672,79.8449,Delta,27.64,29.45,26.33,79.34,4.43,5.18,20.23,37.22
2013-09-05,Nagapattinam,10.7672,79.8449,Delta,28.62,31.06,26.54,75.65,4.61,9.08,22.53,37.2
2013-09-06,Nagapattinam,10.7672,79.8449,Delta,27.13,28.32,25.94,83.73,3.5,15.93,14.58,37.18
2013-09-07,Nagapattinam,10.7672,79.8449,Delta,27.68,30.07,25.5,79.16,2.91,7.7,14.26,37.16
2013-09-08,Nagapattinam,10.7672,79.8449,Delta,26.97,28.12,25.84,84.32,2.66,16.01,19.71,37.13
2013-09-09,Nagapattinam,10.7672,79.8449,Delta,27.57,29.78,25.25,79.61,4.31,5.43,19.79,37.1
2013-09-10,Nagapattinam,10.7672,79.8449,Delta,28.07,30.9,25.76,78.21,4.71,5.06,13.52,37.07
2013-09-11,Nagapattinam,10.7672,79.8449,Delta,28.06,29.96,26.08,78.64,4.11,7.89,14.05,37.04
2013-09-12,Nagapattinam,10.7672,79.8449,Delta,26.91,28.15,25.64,85.34,4.22,7.43,9.9,37.01
2013-09-13,Nagapattinam,10.7672,79.8449,Delta,27.87,29.97,26.0,81.14,4.0,3.09,19.22,36.97
2013-09-14,Nagapattinam,10.7672,79.8449,Delta,28.19,30.38,26.01,79.66,3.55,1.71,17.94,36.94
2013-09-15,Nagapattinam,10.7672,79.8449,Delta,28.27,30.12,26.72,81.74,4.45,1.6,23.6,36.9
2013-09-16,Nagapattinam,10.7672,79.8449,Delta,28.48,30.57,26.44,80.98,5.62,0.75,22.74,36.86
2013-09-17,Nagapattinam,10.7672,79.8449,Delta,28.46,30.2,26.74,81.85,4.95,3.91,21.4,36.81
2013-09-18,Nagapattinam,10.7672,79.8449,Delta,28.49,31.07,26.53,79.04,5.24,0.25,22.2,36.77
2013-09-19,Nagapattinam,10.7672,79.8449,Delta,28.93,31.91,26.2,74.74,5.23,0.71,23.01,36.72
2013-09-20,Nagapattinam,10.7672,79.8449,Delta,29.07,31.96,26.38,74.1,5.96,0.3,22.93,36.68
2013-09-21,Nagapattinam,10.7672,79.8449,Delta,28.88,31.18,26.63,76.41,5.22,0.16,22.45,36.63
2013-09-22,Nagapattinam,10.7672,79.8449,Delta,28.89,31.82,26.28,75.21,4.68,0.09,24.25,36.58
2013-09-23,Nagapattinam,10.7672,79.8449,Delta,29.23,32.72,25.63,72.23,3.51,0.22,24.7,36.53
2013-09-24,Nagapattinam,10.7672,79.8449,Delta,29.36,32.74,26.27,72.06,4.09,0.12,24.92,36.48
2013-09-25,Nagapattinam,10.7672,79.8449,Delta,29.55,32.48,27.35,72.9,3.52,1.11,23.49,36.42
2013-09-26,Nagapattinam,10.7672,79.8449,Delta,29.29,31.92,27.36,76.52,3.68,0.36,22.74,36.36
2013-09-27,Nagapattinam,10.7672,79.8449,Delta,29.41,32.09,27.28,76.11,3.83,0.32,22.04,36.3
2013-09-28,Nagapattinam,10.7672,79.8449,Delta,29.6,31.88,27.58,74.74,3.81,0.92,18.01,36.24
2013-09-29,Nagapattinam,10.7672,79.8449,Delta,29.6,32.32,27.17,71.71,4.11,0.67,20.95,36.18
2013-09-30,Nagapattinam,10.7672,79.8449,Delta,29.71,33.02,26.88,68.96,4.7,0.11,23.53,36.12
2013-10-01,Nagapattinam,10.7672,79.8449,Delta,29.66,32.49,27.47,71.5,4.2,0.42,23.32,36.05
2013-10-02,Nagapattinam,10.7672,79.8449,Delta,28.67,29.99,27.67,77.94,4.29,1.56,19.45,35.99
2013-10-03,Nagapattinam,10.7672,79.8449,Delta,28.59,29.99,27.5,78.34,4.54,2.08,21.07,35.92
2013-10-04,Nagapattinam,10.7672,79.8449,Delta,28.49,30.96,26.54,74.03,4.56,0.41,23.07,35.85
2013-10-05,Nagapattinam,10.7672,79.8449,Delta,29.02,32.26,26.32,69.81,4.25,0.0,23.79,35.78
2013-10-06,Nagapattinam,10.7672,79.8449,Delta,29.13,32.23,26.25,70.63,4.35,0.0,23.35,35.71
2013-10-07,Nagapattinam,10.7672,79.8449,Delta,29.32,32.16,27.19,74.43,4.09,1.21,22.89,35.64
2013-10-08,Nagapattinam,10.7672,79.8449,Delta,28.74,30.51,27.35,80.63,4.1,12.92,21.64,35.56
2013-10-09,Nagapattinam,10.7672,79.8449,Delta,27.63,28.33,27.0,82.68,3.75,6.65,16.93,35.49
2013-10-10,Nagapattinam,10.7672,79.8449,Delta,27.33,28.2,26.21,79.29,3.2,8.52,17.53,35.41
2013-10-11,Nagapattinam,10.7672,79.8449,Delta,28.46,30.84,26.53,77.37,3.56,4.95,21.83,35.32
2013-10-12,Nagapattinam,10.7672,79.8449,Delta,28.76,31.31,26.78,72.63,4.85,1.28,22.0,35.24
2013-10-13,Nagapattinam,10.7672,79.8449,Delta,29.33,32.71,26.07,73.42,4.4,0.53,22.48,35.16
2013-10-14,Nagapattinam,10.7672,79.8449,Delta,29.3,31.67,27.26,74.14,3.41,0.71,23.14,35.09
2013-10-15,Nagapattinam,10.7672,79.8449,Delta,29.31,31.19,27.41,76.77,2.83,1.76,17.72,35.0
2013-10-16,Nagapattinam,10.7672,79.8449,Delta,28.91,30.99,27.02,79.21,2.41,1.41,19.22,34.93
2013-10-17,Nagapattinam,10.7672,79.8449,Delta,28.45,29.9,27.39,79.55,2.24,0.96,17.8,34.85
2013-10-18,Nagapattinam,10.7672,79.8449,Delta,27.75,29.34,26.43,80.86,2.85,4.93,18.78,34.76
2013-10-19,Nagapattinam,10.7672,79.8449,Delta,27.37,28.8,26.02,78.28,2.55,4.71,14.26,34.67
2013-10-20,Nagapattinam,10.7672,79.8449,Delta,27.1,28.82,25.76,80.08,2.58,8.99,12.16,34.58
2013-10-21,Nagapattinam,10.7672,79.8449,Delta,26.9,28.03,26.09,86.0,3.5,18.15,15.57,34.49
2013-10-22,Nagapattinam,10.7672,79.8449,Delta,27.9,29.94,25.94,79.46,2.98,13.19,15.13,34.39
2013-10-23,Nagapattinam,10.7672,79.8449,Delta,27.93,29.47,26.58,84.27,4.16,12.77,11.79,34.29
2013-10-24,Nagapattinam,10.7672,79.8449,Delta,28.05,29.65,26.63,82.52,4.1,4.17,19.07,34.2
2013-10-25,Nagapattinam,10.7672,79.8449,Delta,28.41,30.4,27.07,81.4,4.74,4.49,17.92,34.12
2013-10-26,Nagapattinam,10.7672,79.8449,Delta,28.26,29.82,27.03,81.34,4.2,3.01,19.05,34.03
2013-10-27,Nagapattinam,10.7672,79.8449,Delta,28.6,30.3,27.0,79.46,3.88,0.81,18.38,33.94
2013-10-28,Nagapattinam,10.7672,79.8449,Delta,28.68,30.76,26.71,77.1,2.55,0.32,19.85,33.86
2013-10-29,Nagapattinam,10.7672,79.8449,Delta,28.38,30.5,26.54,77.97,2.12,0.4,19.07,33.77
2013-10-30,Nagapattinam,10.7672,79.8449,Delta,28.14,29.61,26.89,77.13,2.2,0.79,18.66,33.67
2013-10-31,Nagapattinam,10.7672,79.8449,Delta,27.94,29.03,26.72,80.58,3.61,0.93,18.67,33.58
2013-11-01,Nagapattinam,10.7672,79.8449,Delta,28.0,29.61,26.84,81.7,3.55,1.64,19.69,33.49
2013-11-02,Nagapattinam,10.7672,79.8449,Delta,27.51,28.39,26.74,86.55,3.89,4.93,14.95,33.4
2013-11-03,Nagapattinam,10.7672,79.8449,Delta,27.52,28.41,26.73,86.56,3.92,3.93,17.13,33.31
2013-11-04,Nagapattinam,10.7672,79.8449,Delta,27.75,28.4,27.09,83.98,4.33,6.49,12.39,33.22
2013-11-05,Nagapattinam,10.7672,79.8449,Delta,27.91,29.27,27.02,80.54,5.31,6.98,15.65,33.13
2013-11-06,Nagapattinam,10.7672,79.8449,Delta,27.68,29.2,26.6,79.42,5.37,2.11,15.42,33.03
2013-11-07,Nagapattinam,10.7672,79.8449,Delta,27.69,29.23,26.71,79.99,5.23,5.0,15.95,32.94
2013-11-08,Nagapattinam,10.7672,79.8449,Delta,27.81,29.95,26.42,69.82,4.67,1.71,20.33,32.85
2013-11-09,Nagapattinam,10.7672,79.8449,Delta,27.47,29.36,25.86,72.58,4.67,1.34,15.72,32.77
2013-11-10,Nagapattinam,10.7672,79.8449,Delta,27.71,29.59,26.25,77.86,4.9,1.99,16.9,32.69
2013-11-11,Nagapattinam,10.7672,79.8449,Delta,27.8,29.7,26.42,77.04,5.24,0.07,15.99,32.6
2013-11-12,Nagapattinam,10.7672,79.8449,Delta,27.54,29.51,25.93,75.04,5.02,0.01,16.77,32.52
2013-11-13,Nagapattinam,10.7672,79.8449,Delta,27.19,29.26,25.38,79.68,5.35,2.76,18.88,32.43
2013-11-14,Nagapattinam,10.7672,79.8449,Delta,26.95,28.74,25.64,79.25,5.64,3.47,15.85,32.34
2013-11-15,Nagapattinam,10.7672,79.8449,Delta,26.19,27.45,25.26,82.78,6.72,13.88,14.34,32.25
2013-11-16,Nagapattinam,10.7672,79.8449,Delta,26.36,27.18,25.73,88.73,6.83,35.87,6.79,32.17
2013-11-17,Nagapattinam,10.7672,79.8449,Delta,27.04,28.47,26.01,82.15,4.32,6.52,19.23,32.09
2013-11-18,Nagapattinam,10.7672,79.8449,Delta,26.95,28.23,26.02,82.61,4.49,10.14,12.9,32.02
2013-11-19,Nagapattinam,10.7672,79.8449,Delta,27.05,28.86,25.74,80.56,3.87,3.43,19.23,31.94
2013-11-20,Nagapattinam,10.7672,79.8449,Delta,26.9,29.13,24.89,82.09,4.23,0.42,17.47,31.87
2013-11-21,Nagapattinam,10.7672,79.8449,Delta,27.1,28.91,25.74,81.49,2.03,1.08,19.11,31.79
2013-11-22,Nagapattinam,10.7672,79.8449,Delta,27.29,29.12,25.74,79.38,2.11,0.72,18.1,31.72
2013-11-23,Nagapattinam,10.7672,79.8449,Delta,27.09,28.8,25.97,83.34,2.82,4.66,17.17,31.65
2013-11-24,Nagapattinam,10.7672,79.8449,Delta,26.35,26.91,25.8,86.41,2.5,7.72,4.67,31.59
2013-11-25,Nagapattinam,10.7672,79.8449,Delta,26.52,27.92,25.56,85.93,3.05,2.28,18.53,31.52
2013-11-26,Nagapattinam,10.7672,79.8449,Delta,26.93,28.75,25.63,79.81,3.07,0.3,20.27,31.45
2013-11-27,Nagapattinam,10.7672,79.8449,Delta,26.67,28.57,25.25,80.92,3.43,0.0,18.5,31.38
2013-11-28,Nagapattinam,10.7672,79.8449,Delta,26.31,28.38,24.59,75.34,2.09,0.03,16.87,31.32
2013-11-29,Nagapattinam,10.7672,79.8449,Delta,26.37,28.14,24.81,76.8,3.0,0.0,15.38,31.26
2013-11-30,Nagapattinam,10.7672,79.8449,Delta,26.64,28.06,25.63,83.67,4.24,9.39,13.16,31.2
2013-12-01,Nagapattinam,10.7672,79.8449,Delta,26.29,27.3,25.52,86.32,3.93,14.74,8.58,31.14
2013-12-02,Nagapattinam,10.7672,79.8449,Delta,26.25,27.51,25.35,82.87,3.77,23.78,8.83,31.09
2013-12-03,Nagapattinam,10.7672,79.8449,Delta,26.47,27.97,25.46,81.67,4.85,7.68,12.71,31.05
2013-12-04,Nagapattinam,10.7672,79.8449,Delta,26.32,27.29,25.39,84.29,5.39,20.69,10.1,31.0
2013-12-05,Nagapattinam,10.7672,79.8449,Delta,26.62,27.86,25.82,83.9,5.57,17.73,8.01,30.96
2013-12-06,Nagapattinam,10.7672,79.8449,Delta,25.9,26.92,25.13,86.7,6.75,14.25,14.4,30.91
2013-12-07,Nagapattinam,10.7672,79.8449,Delta,25.91,27.54,24.45,86.01,6.8,6.99,12.05,30.87
2013-12-08,Nagapattinam,10.7672,79.8449,Delta,25.9,27.6,24.72,86.85,6.04,7.42,15.3,30.84
2013-12-09,Nagapattinam,10.7672,79.8449,Delta,25.37,27.53,23.73,78.88,4.09,0.81,14.15,30.81
2013-12-10,Nagapattinam,10.7672,79.8449,Delta,25.4,27.39,23.09,70.89,2.14,0.0,18.32,30.78
2013-12-11,Nagapattinam,10.7672,79.8449,Delta,26.04,28.34,23.67,71.6,2.27,0.69,18.46,30.74
2013-12-12,Nagapattinam,10.7672,79.8449,Delta,25.78,27.62,24.22,89.0,4.63,12.76,3.53,30.72
2013-12-13,Nagapattinam,10.7672,79.8449,Delta,26.15,27.6,25.18,84.0,3.95,5.45,12.32,30.69
2013-12-14,Nagapattinam,10.7672,79.8449,Delta,26.34,27.95,25.37,84.33,3.76,1.69,13.98,30.67
2013-12-15,Nagapattinam,10.7672,79.8449,Delta,25.77,27.43,23.87,79.29,5.1,0.12,18.18,30.65
2013-12-16,Nagapattinam,10.7672,79.8449,Delta,24.64,26.63,22.65,74.85,5.12,0.0,19.37,30.64
2013-12-17,Nagapattinam,10.7672,79.8449,Delta,25.24,26.95,23.96,73.12,4.79,0.55,16.38,30.63
2013-12-18,Nagapattinam,10.7672,79.8449,Delta,25.18,26.63,24.16,76.76,4.49,0.88,18.89,30.62
2013-12-19,Nagapattinam,10.7672,79.8449,Delta,24.95,26.67,23.67,77.0,4.26,0.83,18.17,30.62
2013-12-20,Nagapattinam,10.7672,79.8449,Delta,24.95,26.77,23.64,77.1,4.11,0.0,18.21,30.61
2013-12-21,Nagapattinam,10.7672,79.8449,Delta,24.72,26.66,23.43,76.4,3.79,0.08,19.48,30.61
2013-12-22,Nagapattinam,10.7672,79.8449,Delta,24.97,26.87,23.17,72.89,4.43,0.01,19.49,30.62
2013-12-23,Nagapattinam,10.7672,79.8449,Delta,25.66,27.37,24.42,73.01,4.67,0.38,18.69,30.62
2013-12-24,Nagapattinam,10.7672,79.8449,Delta,25.76,27.32,24.7,74.97,5.55,0.92,14.69,30.63
2013-12-25,Nagapattinam,10.7672,79.8449,Delta,25.8,27.78,24.45,73.63,5.54,0.43,14.71,30.65
2013-12-26,Nagapattinam,10.7672,79.8449,Delta,25.11,26.95,23.92,76.0,4.48,1.34,13.2,30.66
2013-12-27,Nagapattinam,10.7672,79.8449,Delta,25.58,27.61,23.7,69.85,4.12,0.27,16.55,30.68
2013-12-28,Nagapattinam,10.7672,79.8449,Delta,25.81,27.67,24.23,66.81,3.59,0.02,16.18,30.71
2013-12-29,Nagapattinam,10.7672,79.8449,Delta,25.48,27.53,23.59,64.83,4.07,0.02,18.93,30.73
2013-12-30,Nagapattinam,10.7672,79.8449,Delta,25.55,27.54,24.01,67.77,4.34,0.14,19.09,30.76
2013-12-31,Nagapattinam,10.7672,79.8449,Delta,25.66,27.62,24.25,72.79,4.56,0.29,18.81,30.79
2014-01-01,Nagapattinam,10.7672,79.8449,Delta,25.68,27.56,24.38,72.85,5.08,1.19,15.83,30.83
2014-01-02,Nagapattinam,10.7672,79.8449,Delta,25.53,27.15,24.44,75.1,5.32,2.16,18.4,30.87
2014-01-03,Nagapattinam,10.7672,79.8449,Delta,25.61,27.27,24.36,78.78,5.13,2.74,13.2,30.9
2014-01-04,Nagapattinam,10.7672,79.8449,Delta,25.28,26.33,24.47,77.74,5.45,0.52,11.91,30.94
2014-01-05,Nagapattinam,10.7672,79.8449,Delta,25.4,27.06,24.19,79.0,6.37,2.46,10.08,30.97
2014-01-06,Nagapattinam,10.7672,79.8449,Delta,25.43,26.46,24.52,81.49,6.36,4.93,11.51,31.01
2014-01-07,Nagapattinam,10.7672,79.8449,Delta,25.86,27.32,24.82,78.15,5.57,2.47,8.44,31.05
2014-01-08,Nagapattinam,10.7672,79.8449,Delta,25.91,27.23,24.84,77.91,5.37,2.33,7.92,31.11
2014-01-09,Nagapattinam,10.7672,79.8449,Delta,25.77,27.53,24.61,75.64,4.85,0.61,15.51,31.18
2014-01-10,Nagapattinam,10.7672,79.8449,Delta,25.16,27.16,23.67,74.83,4.21,0.71,17.41,31.25
2014-01-11,Nagapattinam,10.7672,79.8449,Delta,25.24,27.55,23.43,74.37,3.36,0.03,18.95,31.32
2014-01-12,Nagapattinam,10.7672,79.8449,Delta,25.41,27.58,23.68,78.02,4.19,0.33,18.91,31.39
2014-01-13,Nagapattinam,10.7672,79.8449,Delta,26.07,27.72,24.75,78.28,5.06,1.02,9.59,31.46
2014-01-14,Nagapattinam,10.7672,79.8449,Delta,26.03,27.87,24.77,73.22,4.7,0.02,16.6,31.53
2014-01-15,Nagapattinam,10.7672,79.8449,Delta,26.01,28.07,24.56,71.8,4.13,0.02,14.0,31.6
2014-01-16,Nagapattinam,10.7672,79.8449,Delta,25.74,27.64,24.27,76.75,4.27,0.0,16.68,31.67
2014-01-17,Nagapattinam,10.7672,79.8449,Delta,25.43,27.39,24.09,74.39,4.79,0.0,17.57,31.75
2014-01-18,Nagapattinam,10.7672,79.8449,Delta,25.45,27.73,23.82,73.77,4.33,0.0,17.84,31.82
2014-01-19,Nagapattinam,10.7672,79.8449,Delta,25.81,27.93,24.06,76.67,4.65,0.29,16.49,31.9
2014-01-20,Nagapattinam,10.7672,79.8449,Delta,26.06,28.09,24.32,70.71,4.92,0.05,18.44,31.98
2014-01-21,Nagapattinam,10.7672,79.8449,Delta,26.04,28.08,24.5,72.43,5.28,0.01,19.01,32.06
2014-01-22,Nagapattinam,10.7672,79.8449,Delta,26.04,28.0,24.59,71.34,4.89,0.02,19.08,32.14
2014-01-23,Nagapattinam,10.7672,79.8449,Delta,25.91,27.88,24.34,73.56,4.87,0.08,17.74,32.22
2014-01-24,Nagapattinam,10.7672,79.8449,Delta,25.71,27.98,23.8,74.16,4.46,0.02,19.9,32.31
2014-01-25,Nagapattinam,10.7672,79.8449,Delta,25.74,27.67,24.28,70.7,4.95,0.0,19.75,32.4
2014-01-26,Nagapattinam,10.7672,79.8449,Delta,25.57,27.48,24.04,70.6,5.35,0.14,20.34,32.49
2014-01-27,Nagapattinam,10.7672,79.8449,Delta,26.03,28.12,24.45,70.01,5.35,0.3,19.0,32.58
2014-01-28,Nagapattinam,10.7672,79.8449,Delta,25.95,27.9,24.68,67.91,5.08,0.29,19.26,32.68
2014-01-29,Nagapattinam,10.7672,79.8449,Delta,25.94,28.17,24.08,68.96,4.93,0.1,16.2,32.77
2014-01-30,Nagapattinam,10.7672,79.8449,Delta,25.67,27.78,23.87,74.33,5.39,0.01,20.3,32.86
2014-01-31,Nagapattinam,10.7672,79.8449,Delta,26.11,28.28,24.62,75.7,5.22,0.01,19.91,32.94
2014-02-01,Nagapattinam,10.7672,79.8449,Delta,25.96,27.9,24.48,77.03,5.44,0.08,20.32,33.02
2014-02-02,Nagapattinam,10.7672,79.8449,Delta,25.63,27.6,24.15,77.79,5.25,0.16,20.31,33.1
2014-02-03,Nagapattinam,10.7672,79.8449,Delta,25.5,27.85,23.9,72.72,4.39,0.01,22.44,33.19
2014-02-04,Nagapattinam,10.7672,79.8449,Delta,25.11,27.96,22.9,72.14,3.8,0.0,21.28,33.3
2014-02-05,Nagapattinam,10.7672,79.8449,Delta,24.97,28.06,22.79,70.45,3.5,0.0,23.08,33.41
2014-02-06,Nagapattinam,10.7672,79.8449,Delta,25.33,28.37,23.11,71.93,3.67,0.0,22.04,33.52
2014-02-07,Nagapattinam,10.7672,79.8449,Delta,25.6,28.57,23.33,69.56,3.61,0.0,22.81,33.63
2014-02-08,Nagapattinam,10.7672,79.8449,Delta,25.53,28.39,23.45,67.52,3.35,0.0,23.61,33.74
2014-02-09,Nagapattinam,10.7672,79.8449,Delta,25.67,28.75,23.24,64.15,2.99,0.0,23.72,33.83
2014-02-10,Nagapattinam,10.7672,79.8449,Delta,25.77,28.62,23.44,67.58,3.63,0.0,23.37,33.93
2014-02-11,Nagapattinam,10.7672,79.8449,Delta,25.95,28.64,23.97,67.71,3.51,0.0,22.23,34.02
2014-02-12,Nagapattinam,10.7672,79.8449,Delta,26.52,29.19,24.12,67.72,3.31,0.0,20.56,34.11
2014-02-13,Nagapattinam,10.7672,79.8449,Delta,26.77,29.11,24.92,69.21,3.52,0.0,20.62,34.21
2014-02-14,Nagapattinam,10.7672,79.8449,Delta,26.61,28.86,25.02,70.17,3.55,0.0,18.77,34.3
2014-02-15,Nagapattinam,10.7672,79.8449,Delta,26.76,29.27,25.0,70.91,2.87,0.0,18.21,34.4
2014-02-16,Nagapattinam,10.7672,79.8449,Delta,27.24,29.43,25.29,73.95,3.18,0.11,16.12,34.51
2014-02-17,Nagapattinam,10.7672,79.8449,Delta,27.48,29.72,25.94,76.44,3.67,0.07,19.43,34.62
2014-02-18,Nagapattinam,10.7672,79.8449,Delta,27.2,29.2,25.87,74.56,4.86,0.11,20.49,34.72
2014-02-19,Nagapattinam,10.7672,79.8449,Delta,27.05,29.09,25.72,74.25,4.91,0.22,18.59,34.81
2014-02-20,Nagapattinam,10.7672,79.8449,Delta,26.66,28.68,25.42,72.1,4.52,0.01,15.89,34.91
2014-02-21,Nagapattinam,10.7672,79.8449,Delta,26.37,28.77,24.63,70.8,4.16,0.0,21.92,35.0
2014-02-22,Nagapattinam,10.7672,79.8449,Delta,26.39,28.96,24.45,69.95,3.89,0.0,22.24,35.08
2014-02-23,Nagapattinam,10.7672,79.8449,Delta,26.53,28.96,24.34,73.43,4.16,0.13,23.45,35.17
2014-02-24,Nagapattinam,10.7672,79.8449,Delta,27.08,28.64,25.93,77.33,5.76,3.19,13.47,35.27
2014-02-25,Nagapattinam,10.7672,79.8449,Delta,27.16,29.11,25.62,72.64,5.13,0.43,21.71,35.37
2014-02-26,Nagapattinam,10.7672,79.8449,Delta,26.81,29.26,25.03,68.23,4.01,0.15,24.99,35.47
2014-02-27,Nagapattinam,10.7672,79.8449,Delta,26.61,29.19,24.49,73.33,3.87,0.23,20.38,35.56
2014-02-28,Nagapattinam,10.7672,79.8449,Delta,27.11,29.54,25.32,71.08,3.91,0.16,19.02,35.64
2014-03-01,Nagapattinam,10.7672,79.8449,Delta,26.9,29.24,25.25,71.39,4.16,0.13,19.81,35.72
2014-03-02,Nagapattinam,10.7672,79.8449,Delta,27.29,29.6,25.39,71.05,3.72,0.07,18.93,35.81
2014-03-03,Nagapattinam,10.7672,79.8449,Delta,27.72,29.88,26.12,69.94,4.18,0.01,21.4,35.89
2014-03-04,Nagapattinam,10.7672,79.8449,Delta,27.71,29.94,26.34,70.0,4.29,0.1,21.77,35.98
2014-03-05,Nagapattinam,10.7672,79.8449,Delta,27.39,29.62,25.69,72.39,4.35,0.16,19.65,36.07
2014-03-06,Nagapattinam,10.7672,79.8449,Delta,27.58,30.01,25.98,71.3,4.24,0.03,21.42,36.15
2014-03-07,Nagapattinam,10.7672,79.8449,Delta,27.39,29.71,26.05,72.57,4.28,0.28,21.81,36.23
2014-03-08,Nagapattinam,10.7672,79.8449,Delta,27.47,29.67,26.02,71.91,4.4,0.68,22.25,36.3
2014-03-09,Nagapattinam,10.7672,79.8449,Delta,27.38,29.29,26.12,72.33,4.75,0.24,19.56,36.38
2014-03-10,Nagapattinam,10.7672,79.8449,Delta,27.6,29.79,26.26,71.09,4.37,0.07,19.93,36.44
2014-03-11,Nagapattinam,10.7672,79.8449,Delta,27.44,29.57,26.14,70.01,4.81,0.0,23.83,36.51
2014-03-12,Nagapattinam,10.7672,79.8449,Delta,27.38,29.89,25.77,68.75,4.15,0.01,24.85,36.58
2014-03-13,Nagapattinam,10.7672,79.8449,Delta,27.14,29.46,25.27,72.82,4.28,0.03,22.69,36.65
2014-03-14,Nagapattinam,10.7672,79.8449,Delta,27.07,29.91,24.91,70.24,3.75,0.0,25.21,36.72
2014-03-15,Nagapattinam,10.7672,79.8449,Delta,27.16,30.12,24.69,70.36,4.02,0.03,22.55,36.78
2014-03-16,Nagapattinam,10.7672,79.8449,Delta,27.4,30.36,24.96,72.8,4.38,0.0,23.58,36.85
2014-03-17,Nagapattinam,10.7672,79.8449,Delta,27.77,30.76,25.16,74.19,4.09,0.0,23.88,36.91
2014-03-18,Nagapattinam,10.7672,79.8449,Delta,28.39,31.53,25.93,69.77,3.83,0.0,23.74,36.97
2014-03-19,Nagapattinam,10.7672,79.8449,Delta,28.37,31.14,26.0,75.05,3.37,0.03,20.21,37.03
2014-03-20,Nagapattinam,10.7672,79.8449,Delta,28.82,31.78,26.61,73.46,3.09,0.5,21.83,37.08
2014-03-21,Nagapattinam,10.7672,79.8449,Delta,28.88,31.9,26.65,71.11,3.01,0.52,23.57,37.14
2014-03-22,Nagapattinam,10.7672,79.8449,Delta,29.0,31.89,26.84,71.12,3.24,0.01,23.33,37.19
2014-03-23,Nagapattinam,10.7672,79.8449,Delta,28.76,31.74,26.61,70.04,3.67,0.0,25.54,37.23
2014-03-24,Nagapattinam,10.7672,79.8449,Delta,28.53,31.62,26.25,68.5,3.25,0.0,25.27,37.28
2014-03-25,Nagapattinam,10.7672,79.8449,Delta,28.3,31.56,25.85,70.07,3.2,0.0,25.24,37.33
2014-03-26,Nagapattinam,10.7672,79.8449,Delta,28.45,31.68,25.93,69.94,3.74,0.0,23.61,37.38
2014-03-27,Nagapattinam,10.7672,79.8449,Delta,28.19,31.39,25.74,69.68,3.19,0.17,25.01,37.42
2014-03-28,Nagapattinam,10.7672,79.8449,Delta,28.35,31.54,25.81,65.86,2.75,0.0,25.28,37.46
2014-03-29,Nagapattinam,10.7672,79.8449,Delta,29.0,32.4,26.3,61.6,2.38,0.0,25.67,37.5
2014-03-30,Nagapattinam,10.7672,79.8449,Delta,29.37,32.94,26.2,61.86,2.89,0.0,25.81,37.54
2014-03-31,Nagapattinam,10.7672,79.8449,Delta,29.55,33.12,26.41,60.96,3.1,0.0,25.69,37.57
2014-04-01,Nagapattinam,10.7672,79.8449,Delta,29.78,33.53,26.84,67.63,3.5,0.0,23.01,37.6
2014-04-02,Nagapattinam,10.7672,79.8449,Delta,29.55,32.96,27.11,71.27,3.59,0.03,23.13,37.62
2014-04-03,Nagapattinam,10.7672,79.8449,Delta,29.02,32.53,26.18,72.0,3.39,0.06,23.89,37.64
2014-04-04,Nagapattinam,10.7672,79.8449,Delta,29.28,32.43,26.6,72.04,3.48,0.27,24.95,37.67
2014-04-05,Nagapattinam,10.7672,79.8449,Delta,29.68,32.64,27.45,73.64,3.66,0.57,23.05,37.7
2014-04-06,Nagapattinam,10.7672,79.8449,Delta,29.65,32.02,27.72,74.17,3.63,0.39,24.41,37.73
2014-04-07,Nagapattinam,10.7672,79.8449,Delta,29.99,32.46,27.79,71.51,3.25,0.61,24.62,37.75
2014-04-08,Nagapattinam,10.7672,79.8449,Delta,30.5,33.21,28.22,69.43,4.03,0.32,24.76,37.77
2014-04-09,Nagapattinam,10.7672,79.8449,Delta,30.18,32.86,28.44,72.7,3.81,0.54,23.6,37.79
2014-04-10,Nagapattinam,10.7672,79.8449,Delta,30.01,32.71,27.46,73.27,3.17,0.23,23.39,37.81
2014-04-11,Nagapattinam,10.7672,79.8449,Delta,30.47,33.8,27.69,70.83,3.6,0.25,23.8,37.82
2014-04-12,Nagapattinam,10.7672,79.8449,Delta,30.14,32.57,28.31,72.25,3.62,0.12,23.48,37.83
2014-04-13,Nagapattinam,10.7672,79.8449,Delta,29.49,31.29,28.18,76.89,3.48,0.22,22.52,37.84
2014-04-14,Nagapattinam,10.7672,79.8449,Delta,29.37,31.16,27.93,76.1,3.49,0.17,22.28,37.85
2014-04-15,Nagapattinam,10.7672,79.8449,Delta,29.29,31.56,27.45,71.75,2.77,0.05,22.28,37.84
2014-04-16,Nagapattinam,10.7672,79.8449,Delta,29.77,32.48,27.63,67.69,3.02,0.77,24.54,37.84
2014-04-17,Nagapattinam,10.7672,79.8449,Delta,30.34,33.47,27.96,69.09,3.44,0.4,24.39,37.85
2014-04-18,Nagapattinam,10.7672,79.8449,Delta,30.15,32.8,28.45,72.79,3.44,0.37,25.34,37.86
2014-04-19,Nagapattinam,10.7672,79.8449,Delta,29.74,31.88,28.09,69.77,2.35,0.16,24.71,37.87
2014-04-20,Nagapattinam,10.7672,79.8449,Delta,29.62,32.11,27.67,70.07,2.73,0.11,25.5,37.88
2014-04-21,Nagapattinam,10.7672,79.8449,Delta,29.55,32.09,27.59,72.73,3.02,0.42,23.65,37.89
2014-04-22,Nagapattinam,10.7672,79.8449,Delta,29.73,32.21,27.75,72.02,3.23,0.44,24.38,37.88
2014-04-23,Nagapattinam,10.7672,79.8449,Delta,29.95,32.07,28.03,72.83,2.51,0.72,23.8,37.87
2014-04-24,Nagapattinam,10.7672,79.8449,Delta,30.41,32.88,28.29,70.17,2.89,0.64,23.82,37.87
2014-04-25,Nagapattinam,10.7672,79.8449,Delta,30.67,33.01,28.89,73.93,3.53,0.56,24.16,37.86
2014-04-26,Nagapattinam,10.7672,79.8449,Delta,30.35,32.13,28.79,75.26,3.59,1.16,23.94,37.86
2014-04-27,Nagapattinam,10.7672,79.8449,Delta,30.02,31.51,28.89,76.47,3.52,0.85,23.65,37.85
2014-04-28,Nagapattinam,10.7672,79.8449,Delta,30.08,32.06,28.42,74.34,2.98,1.04,22.16,37.84
2014-04-29,Nagapattinam,10.7672,79.8449,Delta,29.73,31.34,28.37,76.94,3.55,1.16,22.67,37.82
2014-04-30,Nagapattinam,10.7672,79.8449,Delta,29.55,31.24,28.12,73.58,3.36,1.32,20.44,37.8
2014-05-01,Nagapattinam,10.7672,79.8449,Delta,30.09,32.64,27.48,68.63,2.85,3.4,22.7,37.78
2014-05-02,Nagapattinam,10.7672,79.8449,Delta,30.04,31.94,28.44,75.18,4.24,3.5,22.78,37.76
2014-05-03,Nagapattinam,10.7672,79.8449,Delta,29.71,31.45,28.41,75.86,3.96,6.43,19.86,37.75
2014-05-04,Nagapattinam,10.7672,79.8449,Delta,29.22,30.75,28.15,76.64,4.09,8.24,21.99,37.74
2014-05-05,Nagapattinam,10.7672,79.8449,Delta,28.32,29.86,27.38,80.91,3.44,14.2,5.74,37.74
2014-05-06,Nagapattinam,10.7672,79.8449,Delta,28.18,28.81,27.68,83.73,4.58,18.05,15.23,37.72
2014-05-07,Nagapattinam,10.7672,79.8449,Delta,28.62,29.65,27.97,81.69,4.71,18.01,20.56,37.7
2014-05-08,Nagapattinam,10.7672,79.8449,Delta,29.39,31.2,27.85,77.26,5.81,8.48,14.12,37.68
2014-05-09,Nagapattinam,10.7672,79.8449,Delta,30.04,32.27,28.08,77.6,6.06,2.97,22.64,37.66
2014-05-10,Nagapattinam,10.7672,79.8449,Delta,30.21,32.75,27.99,76.97,5.06,1.85,24.2,37.64
2014-05-11,Nagapattinam,10.7672,79.8449,Delta,29.44,30.53,28.47,79.95,3.74,1.36,22.29,37.62
2014-05-12,Nagapattinam,10.7672,79.8449,Delta,30.29,32.26,28.67,80.43,3.77,0.76,23.26,37.6
2014-05-13,Nagapattinam,10.7672,79.8449,Delta,30.32,32.33,28.72,77.85,4.11,0.84,21.54,37.58
2014-05-14,Nagapattinam,10.7672,79.8449,Delta,30.67,33.29,28.13,75.39,4.09,1.04,20.5,37.57
2014-05-15,Nagapattinam,10.7672,79.8449,Delta,30.1,31.97,28.64,72.62,4.31,1.06,19.05,37.55
2014-05-16,Nagapattinam,10.7672,79.8449,Delta,30.85,33.97,28.17,69.87,4.88,0.42,20.88,37.54
2014-05-17,Nagapattinam,10.7672,79.8449,Delta,31.27,34.48,28.83,68.39,4.04,1.0,23.45,37.52
2014-05-18,Nagapattinam,10.7672,79.8449,Delta,30.75,33.09,28.78,72.29,2.81,0.18,19.42,37.5
2014-05-19,Nagapattinam,10.7672,79.8449,Delta,30.66,33.45,28.52,74.99,3.73,1.16,24.07,37.47
2014-05-20,Nagapattinam,10.7672,79.8449,Delta,30.55,32.92,28.83,76.57,4.47,3.1,21.77,37.45
2014-05-21,Nagapattinam,10.7672,79.8449,Delta,30.67,33.61,28.58,71.02,5.25,2.21,22.62,37.42
2014-05-22,Nagapattinam,10.7672,79.8449,Delta,30.66,34.13,27.79,74.03,5.67,0.95,23.56,37.4
2014-05-23,Nagapattinam,10.7672,79.8449,Delta,30.25,32.05,28.85,77.7,4.3,2.22,21.98,37.38
2014-05-24,Nagapattinam,10.7672,79.8449,Delta,30.12,32.34,28.26,78.06,4.69,4.4,21.66,37.35
2014-05-25,Nagapattinam,10.7672,79.8449,Delta,30.01,32.15,27.96,74.04,5.35,1.45,19.25,37.33
2014-05-26,Nagapattinam,10.7672,79.8449,Delta,29.98,32.32,28.0,78.29,4.83,2.24,21.33,37.31
2014-05-27,Nagapattinam,10.7672,79.8449,Delta,30.02,32.17,28.26,79.01,4.44,1.42,20.96,37.29
2014-05-28,Nagapattinam,10.7672,79.8449,Delta,30.18,32.27,28.72,80.48,4.94,1.28,21.78,37.27
2014-05-29,Nagapattinam,10.7672,79.8449,Delta,30.23,32.25,28.63,78.6,4.93,0.72,23.5,37.25
2014-05-30,Nagapattinam,10.7672,79.8449,Delta,30.62,33.69,28.03,74.87,4.71,0.41,23.53,37.23
2014-05-31,Nagapattinam,10.7672,79.8449,Delta,30.96,34.39,28.37,74.82,4.34,1.26,24.04,37.21
2014-06-01,Nagapattinam,10.7672,79.8449,Delta,30.54,32.94,28.82,78.92,4.29,2.92,22.44,37.19
2014-06-02,Nagapattinam,10.7672,79.8449,Delta,30.7,33.48,28.91,77.14,4.59,9.18,21.31,37.17
2014-06-03,Nagapattinam,10.7672,79.8449,Delta,29.33,31.0,27.86,76.15,4.34,1.27,18.08,37.16
2014-06-04,Nagapattinam,10.7672,79.8449,Delta,30.21,32.87,28.06,74.93,4.68,0.74,20.86,37.14
2014-06-05,Nagapattinam,10.7672,79.8449,Delta,30.4,32.77,28.16,74.27,4.83,2.53,20.7,37.12
2014-06-06,Nagapattinam,10.7672,79.8449,Delta,30.74,33.05,28.49,72.32,4.25,1.63,22.53,37.1
2014-06-07,Nagapattinam,10.7672,79.8449,Delta,31.25,34.43,28.47,69.27,4.95,0.35,24.01,37.07
2014-06-08,Nagapattinam,10.7672,79.8449,Delta,30.62,33.98,28.64,70.03,4.86,0.21,22.14,37.05
2014-06-09,Nagapattinam,10.7672,79.8449,Delta,29.95,32.38,28.12,72.0,4.14,0.85,14.96,37.04
2014-06-10,Nagapattinam,10.7672,79.8449,Delta,30.76,33.04,28.31,69.25,5.37,0.12,17.03,37.03
2014-06-11,Nagapattinam,10.7672,79.8449,Delta,31.35,34.7,28.07,65.07,5.45,0.45,24.61,37.03
2014-06-12,Nagapattinam,10.7672,79.8449,Delta,30.75,33.55,28.33,67.49,4.7,1.97,23.24,37.02
2014-06-13,Nagapattinam,10.7672,79.8449,Delta,30.72,33.54,27.83,65.3,4.81,0.75,16.52,37.02
2014-06-14,Nagapattinam,10.7672,79.8449,Delta,30.74,33.52,28.38,69.27,3.74,2.16,21.85,37.0
2014-06-15,Nagapattinam,10.7672,79.8449,Delta,31.25,34.58,27.94,63.97,2.55,0.37,24.16,36.99
2014-06-16,Nagapattinam,10.7672,79.8449,Delta,30.85,34.0,27.44,64.55,4.74,0.0,24.58,36.97
2014-06-17,Nagapattinam,10.7672,79.8449,Delta,31.41,34.56,28.45,65.13,5.27,0.15,22.97,36.97
2014-06-18,Nagapattinam,10.7672,79.8449,Delta,31.01,33.89,28.07,66.19,5.32,0.01,21.3,36.96
2014-06-19,Nagapattinam,10.7672,79.8449,Delta,30.85,33.71,28.27,67.64,5.93,0.01,20.68,36.95
2014-06-20,Nagapattinam,10.7672,79.8449,Delta,30.57,32.87,28.46,70.19,5.54,1.39,20.74,36.94
2014-06-21,Nagapattinam,10.7672,79.8449,Delta,30.59,33.72,28.07,68.99,5.53,0.2,21.49,36.94
2014-06-22,Nagapattinam,10.7672,79.8449,Delta,30.23,33.51,27.39,68.6,4.88,0.77,22.82,36.94
2014-06-23,Nagapattinam,10.7672,79.8449,Delta,30.56,33.67,27.25,68.01,4.18,0.05,22.71,36.93
2014-06-24,Nagapattinam,10.7672,79.8449,Delta,31.19,34.13,28.11,66.34,4.31,0.35,22.54,36.92
2014-06-25,Nagapattinam,10.7672,79.8449,Delta,30.91,33.6,28.49,65.97,4.12,0.25,22.55,36.92
2014-06-26,Nagapattinam,10.7672,79.8449,Delta,30.55,33.52,28.7,68.84,4.09,0.19,20.28,36.92
2014-06-27,Nagapattinam,10.7672,79.8449,Delta,30.29,33.07,28.47,74.85,4.64,0.73,22.59,36.92
2014-06-28,Nagapattinam,10.7672,79.8449,Delta,29.9,31.86,28.39,77.03,4.96,0.95,21.8,36.92
2014-06-29,Nagapattinam,10.7672,79.8449,Delta,30.09,32.19,28.29,76.61,4.98,3.71,23.08,36.93
2014-06-30,Nagapattinam,10.7672,79.8449,Delta,30.24,33.13,28.05,70.54,5.79,2.31,16.49,36.94
2014-07-01,Nagapattinam,10.7672,79.8449,Delta,30.01,32.23,27.89,74.62,4.36,3.01,21.52,36.94
2014-07-02,Nagapattinam,10.7672,79.8449,Delta,30.47,33.51,27.9,69.8,3.74,0.92,22.2,36.94
2014-07-03,Nagapattinam,10.7672,79.8449,Delta,30.96,33.82,28.54,65.99,4.02,0.03,23.15,36.93
2014-07-04,Nagapattinam,10.7672,79.8449,Delta,31.28,34.33,28.31,65.56,4.25,0.15,24.53,36.93
2014-07-05,Nagapattinam,10.7672,79.8449,Delta,30.32,33.09,28.43,71.44,4.69,2.78,20.98,36.93
2014-07-06,Nagapattinam,10.7672,79.8449,Delta,29.11,31.66,26.33,70.39,4.53,7.49,22.72,36.93
2014-07-07,Nagapattinam,10.7672,79.8449,Delta,30.01,33.13,27.54,68.71,4.05,1.43,21.45,36.93
2014-07-08,Nagapattinam,10.7672,79.8449,Delta,29.79,32.55,27.04,67.4,4.46,0.41,19.28,36.95
2014-07-09,Nagapattinam,10.7672,79.8449,Delta,30.09,33.08,27.42,63.18,4.78,4.58,19.92,36.97
2014-07-10,Nagapattinam,10.7672,79.8449,Delta,30.17,33.13,27.34,65.47,6.03,1.53,13.0,36.99
2014-07-11,Nagapattinam,10.7672,79.8449,Delta,30.17,32.97,27.64,65.26,6.25,1.07,12.09,37.0
2014-07-12,Nagapattinam,10.7672,79.8449,Delta,30.59,33.82,27.82,64.9,6.48,0.03,19.89,37.02
2014-07-13,Nagapattinam,10.7672,79.8449,Delta,30.55,34.09,27.88,62.96,7.11,0.18,18.0,37.03
2014-07-14,Nagapattinam,10.7672,79.8449,Delta,30.3,33.6,27.35,64.24,6.63,1.49,18.29,37.04
2014-07-15,Nagapattinam,10.7672,79.8449,Delta,30.11,33.03,27.13,66.53,5.9,0.71,19.63,37.05
2014-07-16,Nagapattinam,10.7672,79.8449,Delta,30.42,33.52,27.8,66.14,5.51,0.01,21.79,37.06
2014-07-17,Nagapattinam,10.7672,79.8449,Delta,30.36,33.68,27.55,67.23,5.11,0.0,24.08,37.07
2014-07-18,Nagapattinam,10.7672,79.8449,Delta,30.43,33.55,27.62,65.75,5.2,0.0,23.08,37.08
2014-07-19,Nagapattinam,10.7672,79.8449,Delta,30.6,33.54,28.25,64.36,5.92,0.1,21.83,37.09
2014-07-20,Nagapattinam,10.7672,79.8449,Delta,30.67,33.56,28.0,64.75,5.67,0.08,21.82,37.09
2014-07-21,Nagapattinam,10.7672,79.8449,Delta,30.67,33.44,28.12,65.29,6.01,0.03,18.68,37.11
2014-07-22,Nagapattinam,10.7672,79.8449,Delta,30.59,33.92,27.82,63.38,6.03,0.05,18.48,37.12
2014-07-23,Nagapattinam,10.7672,79.8449,Delta,30.47,33.81,27.34,63.07,6.23,0.03,21.97,37.14
2014-07-24,Nagapattinam,10.7672,79.8449,Delta,30.78,33.97,27.64,60.58,5.73,0.07,22.65,37.15
2014-07-25,Nagapattinam,10.7672,79.8449,Delta,30.7,33.88,27.76,62.96,5.54,0.53,19.39,37.16
2014-07-26,Nagapattinam,10.7672,79.8449,Delta,30.48,33.43,27.87,66.11,3.8,0.55,21.3,37.18
2014-07-27,Nagapattinam,10.7672,79.8449,Delta,30.37,32.85,28.03,67.12,4.53,2.41,19.95,37.19
2014-07-28,Nagapattinam,10.7672,79.8449,Delta,30.05,32.58,27.72,66.81,5.55,1.08,20.84,37.21
2014-07-29,Nagapattinam,10.7672,79.8449,Delta,30.92,34.21,27.85,61.72,5.56,0.03,19.38,37.23
2014-07-30,Nagapattinam,10.7672,79.8449,Delta,30.84,34.53,27.74,63.28,5.77,0.43,22.36,37.24
2014-07-31,Nagapattinam,10.7672,79.8449,Delta,30.29,33.2,28.21,65.93,5.28,0.77,21.77,37.26
2014-08-01,Nagapattinam,10.7672,79.8449,Delta,30.64,32.99,28.49,66.06,5.24,0.18,20.87,37.28
2014-08-02,Nagapattinam,10.7672,79.8449,Delta,30.27,32.91,27.87,66.88,5.08,0.03,15.81,37.29
2014-08-03,Nagapattinam,10.7672,79.8449,Delta,30.38,32.9,27.87,66.91,5.31,0.41,22.2,37.3
2014-08-04,Nagapattinam,10.7672,79.8449,Delta,30.39,33.53,27.83,64.12,5.74,0.42,22.17,37.31
2014-08-05,Nagapattinam,10.7672,79.8449,Delta,30.27,33.49,27.47,65.46,5.53,2.2,23.13,37.32
2014-08-06,Nagapattinam,10.7672,79.8449,Delta,30.25,33.46,27.61,65.78,5.45,0.08,23.11,37.33
2014-08-07,Nagapattinam,10.7672,79.8449,Delta,30.01,32.28,27.5,64.75,3.7,0.15,15.5,37.34
2014-08-08,Nagapattinam,10.7672,79.8449,Delta,29.71,31.86,27.71,68.59,4.38,3.65,19.84,37.34
2014-08-09,Nagapattinam,10.7672,79.8449,Delta,29.3,32.2,26.77,68.54,3.38,1.09,19.77,37.35
2014-08-10,Nagapattinam,10.7672,79.8449,Delta,29.56,32.46,27.01,68.59,4.19,0.17,17.49,37.36
2014-08-11,Nagapattinam,10.7672,79.8449,Delta,28.83,30.63,26.75,72.96,4.08,1.65,19.09,37.36
2014-08-12,Nagapattinam,10.7672,79.8449,Delta,29.08,31.08,26.72,71.36,3.82,1.2,23.28,37.37
2014-08-13,Nagapattinam,10.7672,79.8449,Delta,28.78,30.83,27.01,70.19,4.46,1.2,14.23,37.37
2014-08-14,Nagapattinam,10.7672,79.8449,Delta,29.12,31.89,27.18,71.02,4.56,2.2,21.48,37.38
2014-08-15,Nagapattinam,10.7672,79.8449,Delta,28.55,30.36,27.08,74.96,3.58,8.62,22.65,37.37
2014-08-16,Nagapattinam,10.7672,79.8449,Delta,28.24,29.89,26.58,76.3,2.41,14.54,22.67,37.37
2014-08-17,Nagapattinam,10.7672,79.8449,Delta,27.56,29.06,26.26,78.49,2.67,2.13,19.98,37.38
2014-08-18,Nagapattinam,10.7672,79.8449,Delta,28.15,29.79,26.58,78.67,2.97,9.52,17.5,37.38
2014-08-19,Nagapattinam,10.7672,79.8449,Delta,28.42,29.93,26.89,79.35,3.08,3.16,22.83,37.38
2014-08-20,Nagapattinam,10.7672,79.8449,Delta,29.25,31.58,27.34,75.52,3.88,0.82,21.14,37.38
2014-08-21,Nagapattinam,10.7672,79.8449,Delta,29.24,31.34,27.56,76.11,4.36,0.65,23.02,37.38
2014-08-22,Nagapattinam,10.7672,79.8449,Delta,29.01,30.84,27.48,77.79,3.8,2.29,21.51,37.38
2014-08-23,Nagapattinam,10.7672,79.8449,Delta,28.87,31.05,27.02,76.36,5.84,3.84,18.73,37.38
2014-08-24,Nagapattinam,10.7672,79.8449,Delta,29.17,31.42,26.96,74.28,5.32,2.87,23.62,37.37
2014-08-25,Nagapattinam,10.7672,79.8449,Delta,29.2,31.56,27.29,72.96,4.08,1.27,22.96,37.36
2014-08-26,Nagapattinam,10.7672,79.8449,Delta,29.4,32.15,26.98,71.48,5.26,1.48,22.42,37.36
2014-08-27,Nagapattinam,10.7672,79.8449,Delta,29.16,31.93,26.6,71.12,4.91,3.45,15.73,37.35
2014-08-28,Nagapattinam,10.7672,79.8449,Delta,29.21,31.85,26.72,70.44,5.66,1.86,17.08,37.35
2014-08-29,Nagapattinam,10.7672,79.8449,Delta,29.65,32.69,26.88,68.79,6.39,0.27,20.49,37.33
2014-08-30,Nagapattinam,10.7672,79.8449,Delta,29.68,32.6,27.03,67.44,6.99,0.44,20.64,37.32
2014-08-31,Nagapattinam,10.7672,79.8449,Delta,29.58,32.85,26.52,66.45,6.36,0.32,20.63,37.3
2014-09-01,Nagapattinam,10.7672,79.8449,Delta,29.43,31.82,26.91,71.66,5.35,0.56,20.82,37.29
2014-09-02,Nagapattinam,10.7672,79.8449,Delta,29.29,31.63,27.26,74.37,5.16,1.0,23.52,37.27
2014-09-03,Nagapattinam,10.7672,79.8449,Delta,28.52,30.36,27.07,75.14,5.09,3.41,20.08,37.25
2014-09-04,Nagapattinam,10.7672,79.8449,Delta,28.59,30.9,26.45,73.95,3.93,1.04,14.66,37.23
2014-09-05,Nagapattinam,10.7672,79.8449,Delta,28.72,31.18,26.75,73.82,4.06,4.38,22.54,37.21
2014-09-06,Nagapattinam,10.7672,79.8449,Delta,29.0,32.18,26.14,69.75,4.9,2.42,19.67,37.19
2014-09-07,Nagapattinam,10.7672,79.8449,Delta,29.11,31.63,26.96,69.75,5.28,1.88,20.58,37.16
2014-09-08,Nagapattinam,10.7672,79.8449,Delta,29.37,32.46,26.24,70.1,5.52,0.93,23.59,37.13
2014-09-09,Nagapattinam,10.7672,79.8449,Delta,29.34,32.28,26.78,70.76,4.46,2.62,23.33,37.09
2014-09-10,Nagapattinam,10.7672,79.8449,Delta,29.4,32.17,26.91,69.73,3.94,0.26,24.07,37.06
2014-09-11,Nagapattinam,10.7672,79.8449,Delta,29.49,32.18,27.31,71.57,3.79,1.38,24.12,37.04
2014-09-12,Nagapattinam,10.7672,79.8449,Delta,29.61,31.89,27.66,71.22,2.9,0.83,22.58,37.01
2014-09-13,Nagapattinam,10.7672,79.8449,Delta,28.21,28.98,27.6,73.79,3.32,0.77,21.12,36.98
2014-09-14,Nagapattinam,10.7672,79.8449,Delta,29.39,31.78,27.45,73.64,3.36,2.12,21.12,36.95
2014-09-15,Nagapattinam,10.7672,79.8449,Delta,28.89,31.29,26.99,73.81,3.83,3.81,22.59,36.91
2014-09-16,Nagapattinam,10.7672,79.8449,Delta,28.99,31.73,26.42,70.97,4.18,2.68,20.73,36.87
2014-09-17,Nagapattinam,10.7672,79.8449,Delta,29.05,32.59,26.34,72.76,4.24,3.45,20.53,36.83
2014-09-18,Nagapattinam,10.7672,79.8449,Delta,29.24,31.94,27.29,71.37,3.74,1.37,19.16,36.78
2014-09-19,Nagapattinam,10.7672,79.8449,Delta,29.61,32.64,27.34,72.02,3.22,2.5,20.39,36.74
2014-09-20,Nagapattinam,10.7672,79.8449,Delta,29.51,32.49,27.23,71.75,3.74,1.45,22.83,36.69
2014-09-21,Nagapattinam,10.7672,79.8449,Delta,28.85,30.78,27.32,76.52,2.65,3.7,21.51,36.64
2014-09-22,Nagapattinam,10.7672,79.8449,Delta,29.47,31.54,27.49,73.75,2.6,2.64,18.45,36.59
2014-09-23,Nagapattinam,10.7672,79.8449,Delta,29.51,31.78,27.53,75.91,3.15,1.82,22.93,36.53
2014-09-24,Nagapattinam,10.7672,79.8449,Delta,29.54,31.52,27.88,76.1,3.07,1.5,21.34,36.48
2014-09-25,Nagapattinam,10.7672,79.8449,Delta,29.2,30.99,27.78,77.23,3.24,1.83,20.44,36.43
2014-09-26,Nagapattinam,10.7672,79.8449,Delta,28.38,29.69,27.34,79.55,2.15,2.75,21.03,36.37
2014-09-27,Nagapattinam,10.7672,79.8449,Delta,28.17,29.74,26.82,77.5,1.48,2.81,19.31,36.31
2014-09-28,Nagapattinam,10.7672,79.8449,Delta,28.1,29.65,26.73,78.28,2.06,3.35,20.42,36.26
2014-09-29,Nagapattinam,10.7672,79.8449,Delta,28.18,29.48,27.05,80.84,2.26,3.48,20.53,36.2
2014-09-30,Nagapattinam,10.7672,79.8449,Delta,28.25,29.48,27.25,80.17,2.57,2.14,21.11,36.14
2014-10-01,Nagapattinam,10.7672,79.8449,Delta,28.56,30.37,27.16,77.02,2.41,1.43,22.28,36.07
2014-10-02,Nagapattinam,10.7672,79.8449,Delta,28.86,31.14,26.99,73.68,2.81,0.4,21.45,36.01
2014-10-03,Nagapattinam,10.7672,79.8449,Delta,29.28,31.35,27.42,70.06,2.15,0.07,19.23,35.94
2014-10-04,Nagapattinam,10.7672,79.8449,Delta,29.74,31.8,27.84,69.8,1.85,0.4,19.37,35.88
2014-10-05,Nagapattinam,10.7672,79.8449,Delta,30.02,31.67,28.39,73.91,2.08,2.67,18.53,35.81
2014-10-06,Nagapattinam,10.7672,79.8449,Delta,30.27,32.94,27.99,72.59,2.75,3.74,20.8,35.74
2014-10-07,Nagapattinam,10.7672,79.8449,Delta,29.35,31.16,27.86,76.09,3.15,5.13,16.5,35.67
2014-10-08,Nagapattinam,10.7672,79.8449,Delta,28.63,30.25,27.0,76.44,2.76,3.72,17.83,35.59
2014-10-09,Nagapattinam,10.7672,79.8449,Delta,28.48,29.39,27.63,76.98,1.57,3.16,19.47,35.51
2014-10-10,Nagapattinam,10.7672,79.8449,Delta,29.29,31.04,27.56,76.51,2.18,2.47,17.6,35.43
2014-10-11,Nagapattinam,10.7672,79.8449,Delta,29.46,32.61,27.14,72.25,4.58,3.46,17.56,35.35
2014-10-12,Nagapattinam,10.7672,79.8449,Delta,28.55,31.34,25.36,72.49,4.8,2.7,18.19,35.27
2014-10-13,Nagapattinam,10.7672,79.8449,Delta,29.26,31.12,27.57,77.71,4.4,1.88,19.63,35.19
2014-10-14,Nagapattinam,10.7672,79.8449,Delta,28.95,30.49,27.71,80.62,3.3,2.1,20.32,35.11
2014-10-15,Nagapattinam,10.7672,79.8449,Delta,28.23,29.68,27.09,81.44,2.92,7.04,17.58,35.02
2014-10-16,Nagapattinam,10.7672,79.8449,Delta,28.42,30.77,26.71,73.14,3.95,6.18,19.69,34.94
2014-10-17,Nagapattinam,10.7672,79.8449,Delta,27.65,29.05,26.48,76.57,2.98,19.28,13.34,34.86
2014-10-18,Nagapattinam,10.7672,79.8449,Delta,27.01,27.83,26.4,85.64,4.54,25.0,5.94,34.77
2014-10-19,Nagapattinam,10.7672,79.8449,Delta,26.91,27.92,26.13,83.02,4.63,38.69,6.76,34.67
2014-10-20,Nagapattinam,10.7672,79.8449,Delta,27.7,29.1,26.72,79.59,4.32,28.35,9.89,34.57
2014-10-21,Nagapattinam,10.7672,79.8449,Delta,27.57,29.0,26.45,77.07,4.46,13.08,10.82,34.46
2014-10-22,Nagapattinam,10.7672,79.8449,Delta,27.74,29.25,26.43,79.46,3.77,7.51,16.45,34.35
2014-10-23,Nagapattinam,10.7672,79.8449,Delta,26.71,27.67,25.82,82.96,2.66,6.58,8.09,34.26
2014-10-24,Nagapattinam,10.7672,79.8449,Delta,27.33,28.69,26.05,79.01,1.83,5.47,18.32,34.18
2014-10-25,Nagapattinam,10.7672,79.8449,Delta,27.83,29.12,26.75,81.39,2.41,11.41,17.91,34.1
2014-10-26,Nagapattinam,10.7672,79.8449,Delta,27.68,28.79,26.88,83.93,2.65,7.17,18.75,34.03
2014-10-27,Nagapattinam,10.7672,79.8449,Delta,27.71,28.75,26.84,81.52,2.28,2.68,20.37,33.96
2014-10-28,Nagapattinam,10.7672,79.8449,Delta,27.74,29.14,26.5,82.26,2.98,4.26,21.06,33.88
2014-10-29,Nagapattinam,10.7672,79.8449,Delta,27.46,28.17,26.77,86.87,3.94,5.96,17.69,33.79
2014-10-30,Nagapattinam,10.7672,79.8449,Delta,27.54,28.6,26.75,85.66,4.8,1.89,17.65,33.71
2014-10-31,Nagapattinam,10.7672,79.8449,Delta,26.98,27.84,26.28,86.02,4.98,3.27,8.85,33.62
2014-11-01,Nagapattinam,10.7672,79.8449,Delta,26.73,27.75,25.94,89.52,4.62,14.1,17.43,33.53
2014-11-02,Nagapattinam,10.7672,79.8449,Delta,26.72,27.63,25.91,89.52,6.63,10.32,10.66,33.44
2014-11-03,Nagapattinam,10.7672,79.8449,Delta,25.85,26.42,24.89,87.96,5.52,22.7,6.08,33.35
2014-11-04,Nagapattinam,10.7672,79.8449,Delta,25.46,26.94,23.44,81.68,4.32,13.69,9.02,33.26
2014-11-05,Nagapattinam,10.7672,79.8449,Delta,26.59,28.37,25.08,73.73,2.95,3.74,14.53,33.17
2014-11-06,Nagapattinam,10.7672,79.8449,Delta,26.74,29.47,23.92,70.39,3.37,0.0,19.99,33.08
2014-11-07,Nagapattinam,10.7672,79.8449,Delta,27.62,29.83,25.77,72.82,2.41,0.0,17.44,32.99
2014-11-08,Nagapattinam,10.7672,79.8449,Delta,27.56,29.2,26.01,73.27,2.14,0.0,18.44,32.9
2014-11-09,Nagapattinam,10.7672,79.8449,Delta,27.54,29.46,25.36,74.44,1.86,0.17,16.33,32.81
2014-11-10,Nagapattinam,10.7672,79.8449,Delta,27.42,28.91,26.39,81.53,2.78,1.28,13.36,32.72
2014-11-11,Nagapattinam,10.7672,79.8449,Delta,27.23,28.57,26.07,84.56,3.93,5.46,17.58,32.63
2014-11-12,Nagapattinam,10.7672,79.8449,Delta,26.82,27.62,26.08,85.89,5.0,16.37,9.5,32.55
2014-11-13,Nagapattinam,10.7672,79.8449,Delta,26.5,27.21,25.7,90.09,4.08,27.52,9.1,32.47
2014-11-14,Nagapattinam,10.7672,79.8449,Delta,27.15,27.85,26.39,86.74,3.59,8.72,12.46,32.39
2014-11-15,Nagapattinam,10.7672,79.8449,Delta,27.09,28.35,26.32,84.1,4.3,4.14,18.79,32.3
2014-11-16,Nagapattinam,10.7672,79.8449,Delta,26.78,28.13,25.84,84.63,4.4,1.36,19.0,32.21
2014-11-17,Nagapattinam,10.7672,79.8449,Delta,26.89,28.3,25.85,80.82,5.16,1.31,17.59,32.12
2014-11-18,Nagapattinam,10.7672,79.8449,Delta,27.17,28.37,26.26,84.13,5.23,6.71,5.94,32.04
2014-11-19,Nagapattinam,10.7672,79.8449,Delta,27.13,28.23,26.52,82.91,5.37,4.72,16.28,31.96
2014-11-20,Nagapattinam,10.7672,79.8449,Delta,27.19,28.53,26.21,78.94,5.48,4.06,11.68,31.88
2014-11-21,Nagapattinam,10.7672,79.8449,Delta,27.0,28.33,26.26,82.61,4.78,10.87,11.68,31.81
2014-11-22,Nagapattinam,10.7672,79.8449,Delta,26.61,27.79,25.7,85.38,4.12,3.13,11.71,31.74
2014-11-23,Nagapattinam,10.7672,79.8449,Delta,26.66,27.86,25.59,83.66,4.52,4.79,14.02,31.67
2014-11-24,Nagapattinam,10.7672,79.8449,Delta,26.44,27.32,25.68,80.98,5.54,4.38,11.78,31.6
2014-11-25,Nagapattinam,10.7672,79.8449,Delta,26.18,27.22,25.39,78.35,5.58,3.29,11.73,31.53
2014-11-26,Nagapattinam,10.7672,79.8449,Delta,26.36,27.74,25.5,79.14,5.72,3.42,10.56,31.46
2014-11-27,Nagapattinam,10.7672,79.8449,Delta,25.9,27.32,24.89,83.73,5.61,13.04,3.02,31.4
2014-11-28,Nagapattinam,10.7672,79.8449,Delta,25.27,26.02,24.33,88.23,6.66,29.89,3.73,31.33
2014-11-29,Nagapattinam,10.7672,79.8449,Delta,25.2,26.05,24.3,90.02,6.78,18.85,5.05,31.27
2014-11-30,Nagapattinam,10.7672,79.8449,Delta,26.0,26.64,25.07,87.34,6.94,13.24,8.35,31.22
2014-12-01,Nagapattinam,10.7672,79.8449,Delta,26.63,27.47,26.08,82.72,5.96,6.29,2.73,31.16
2014-12-02,Nagapattinam,10.7672,79.8449,Delta,26.44,27.55,25.59,80.24,5.34,0.9,7.24,31.11
2014-12-03,Nagapattinam,10.7672,79.8449,Delta,25.55,26.83,24.46,78.92,4.41,0.01,19.89,31.06
2014-12-04,Nagapattinam,10.7672,79.8449,Delta,25.1,26.85,23.83,76.64,4.06,0.02,18.04,31.02
2014-12-05,Nagapattinam,10.7672,79.8449,Delta,25.26,26.99,23.94,74.52,3.81,0.4,17.17,30.97
2014-12-06,Nagapattinam,10.7672,79.8449,Delta,25.42,26.84,24.34,82.4,4.53,0.67,16.98,30.93
2014-12-07,Nagapattinam,10.7672,79.8449,Delta,25.56,26.7,24.71,88.66,4.11,3.21,16.56,30.89
2014-12-08,Nagapattinam,10.7672,79.8449,Delta,25.8,26.93,24.95,89.42,3.9,2.01,14.38,30.86
2014-12-09,Nagapattinam,10.7672,79.8449,Delta,25.83,26.91,24.91,89.04,3.55,5.81,13.38,30.82
2014-12-10,Nagapattinam,10.7672,79.8449,Delta,25.96,27.18,25.23,89.94,3.48,3.27,15.25,30.79
2014-12-11,Nagapattinam,10.7672,79.8449,Delta,25.93,27.01,25.04,89.61,3.38,1.0,16.1,30.76
2014-12-12,Nagapattinam,10.7672,79.8449,Delta,25.84,26.64,25.26,89.47,3.74,4.23,16.16,30.73
2014-12-13,Nagapattinam,10.7672,79.8449,Delta,25.65,26.55,24.85,89.87,4.36,2.59,14.21,30.71
2014-12-14,Nagapattinam,10.7672,79.8449,Delta,26.28,27.64,25.4,84.56,4.3,0.21,16.66,30.69
2014-12-15,Nagapattinam,10.7672,79.8449,Delta,26.31,27.79,25.07,86.06,4.47,1.62,16.92,30.67
2014-12-16,Nagapattinam,10.7672,79.8449,Delta,26.81,27.96,26.01,87.9,5.26,5.11,12.56,30.64
2014-12-17,Nagapattinam,10.7672,79.8449,Delta,26.5,27.39,25.85,86.61,5.94,21.24,7.91,30.62
2014-12-18,Nagapattinam,10.7672,79.8449,Delta,26.28,27.13,25.66,85.25,6.12,20.81,14.12,30.6
2014-12-19,Nagapattinam,10.7672,79.8449,Delta,26.04,27.1,25.33,84.57,6.62,5.73,6.46,30.6
2014-12-20,Nagapattinam,10.7672,79.8449,Delta,25.42,26.52,24.83,81.56,5.55,0.98,8.55,30.61
2014-12-21,Nagapattinam,10.7672,79.8449,Delta,25.68,27.09,24.57,82.86,5.26,0.61,12.92,30.62
2014-12-22,Nagapattinam,10.7672,79.8449,Delta,25.72,26.98,24.75,84.98,5.49,0.41,9.42,30.63
2014-12-23,Nagapattinam,10.7672,79.8449,Delta,26.0,27.42,24.94,84.19,5.0,0.96,14.06,30.64
2014-12-24,Nagapattinam,10.7672,79.8449,Delta,25.91,27.32,25.13,83.35,5.55,0.61,14.37,30.65
2014-12-25,Nagapattinam,10.7672,79.8449,Delta,25.67,27.27,24.38,82.82,5.98,0.48,15.92,30.66
2014-12-26,Nagapattinam,10.7672,79.8449,Delta,24.96,26.31,23.81,78.59,5.57,6.78,10.53,30.67
2014-12-27,Nagapattinam,10.7672,79.8449,Delta,25.09,26.02,24.4,83.9,5.85,7.73,7.78,30.69
2014-12-28,Nagapattinam,10.7672,79.8449,Delta,25.15,26.06,24.39,90.01,6.0,19.05,3.79,30.71
2014-12-29,Nagapattinam,10.7672,79.8449,Delta,25.13,26.05,24.14,90.07,8.86,15.3,9.4,30.74
2014-12-30,Nagapattinam,10.7672,79.8449,Delta,25.12,27.17,23.23,88.51,6.74,2.53,14.28,30.76
2014-12-31,Nagapattinam,10.7672,79.8449,Delta,25.29,26.97,23.69,87.75,3.25,0.12,16.89,30.79
2015-01-01,Nagapattinam,10.7672,79.8449,Delta,25.57,27.1,24.39,84.91,2.76,0.58,14.96,30.82
2015-01-02,Nagapattinam,10.7672,79.8449,Delta,25.87,27.49,24.69,86.43,2.85,0.22,17.7,30.85
2015-01-03,Nagapattinam,10.7672,79.8449,Delta,25.85,27.39,24.69,86.22,2.51,0.25,18.69,30.89
2015-01-04,Nagapattinam,10.7672,79.8449,Delta,25.64,27.27,24.52,85.07,2.81,0.02,19.35,30.94
2015-01-05,Nagapattinam,10.7672,79.8449,Delta,25.64,27.5,24.28,85.4,3.6,0.02,20.04,30.99
2015-01-06,Nagapattinam,10.7672,79.8449,Delta,25.34,27.19,23.87,83.82,3.56,0.0,20.36,31.04
2015-01-07,Nagapattinam,10.7672,79.8449,Delta,25.05,26.8,23.46,83.55,3.4,0.0,20.24,31.1
2015-01-08,Nagapattinam,10.7672,79.8449,Delta,25.2,26.67,24.13,81.45,2.55,0.01,17.41,31.15
2015-01-09,Nagapattinam,10.7672,79.8449,Delta,25.18,26.63,24.2,80.35,3.47,0.02,15.78,31.21
2015-01-10,Nagapattinam,10.7672,79.8449,Delta,24.8,26.47,23.58,74.69,4.59,0.0,18.77,31.27
2015-01-11,Nagapattinam,10.7672,79.8449,Delta,24.67,26.44,23.08,72.43,4.88,0.0,20.0,31.32
2015-01-12,Nagapattinam,10.7672,79.8449,Delta,24.78,26.55,23.47,68.88,4.79,0.0,19.4,31.39
2015-01-13,Nagapattinam,10.7672,79.8449,Delta,24.86,26.66,23.11,73.09,4.42,0.0,20.66,31.46
2015-01-14,Nagapattinam,10.7672,79.8449,Delta,24.75,26.81,23.01,70.04,3.75,0.0,20.1,31.53
2015-01-15,Nagapattinam,10.7672,79.8449,Delta,24.61,26.68,23.05,74.2,3.19,0.0,21.29,31.6
2015-01-16,Nagapattinam,10.7672,79.8449,Delta,25.1,27.03,23.5,82.67,4.21,0.6,17.55,31.67
2015-01-17,Nagapattinam,10.7672,79.8449,Delta,25.22,26.68,24.16,82.68,4.65,0.28,16.16,31.74
2015-01-18,Nagapattinam,10.7672,79.8449,Delta,25.03,26.78,23.51,77.7,4.57,0.0,17.9,31.81
2015-01-19,Nagapattinam,10.7672,79.8449,Delta,24.79,26.65,23.3,74.43,4.53,0.0,18.32,31.88
2015-01-20,Nagapattinam,10.7672,79.8449,Delta,24.56,26.5,22.95,76.96,4.15,0.0,19.0,31.96
2015-01-21,Nagapattinam,10.7672,79.8449,Delta,24.43,26.18,23.05,78.39,4.38,0.02,18.88,32.05
2015-01-22,Nagapattinam,10.7672,79.8449,Delta,24.99,26.59,23.52,84.67,4.79,0.93,17.97,32.13
2015-01-23,Nagapattinam,10.7672,79.8449,Delta,25.49,27.11,24.45,82.36,4.33,2.38,14.53,32.21
2015-01-24,Nagapattinam,10.7672,79.8449,Delta,25.45,26.81,24.54,82.55,4.83,0.33,17.91,32.3
2015-01-25,Nagapattinam,10.7672,79.8449,Delta,25.18,27.17,23.88,76.15,4.53,0.05,21.09,32.38
2015-01-26,Nagapattinam,10.7672,79.8449,Delta,25.27,26.95,24.02,76.85,4.61,0.86,17.19,32.47
2015-01-27,Nagapattinam,10.7672,79.8449,Delta,25.72,27.49,24.51,76.16,4.61,0.22,14.08,32.55
2015-01-28,Nagapattinam,10.7672,79.8449,Delta,25.49,27.33,24.11,77.78,4.46,0.18,16.75,32.65
2015-01-29,Nagapattinam,10.7672,79.8449,Delta,25.73,27.64,24.28,77.21,4.13,0.33,14.7,32.75
2015-01-30,Nagapattinam,10.7672,79.8449,Delta,25.57,27.44,24.31,75.24,4.16,0.01,14.61,32.85
2015-01-31,Nagapattinam,10.7672,79.8449,Delta,25.36,27.41,23.75,75.05,4.77,0.0,19.2,32.95
2015-02-01,Nagapattinam,10.7672,79.8449,Delta,25.49,27.45,24.05,77.03,4.81,0.27,20.2,33.05
2015-02-02,Nagapattinam,10.7672,79.8449,Delta,25.35,27.2,23.76,73.56,5.51,0.1,20.2,33.15
2015-02-03,Nagapattinam,10.7672,79.8449,Delta,25.85,27.49,24.39,74.58,5.72,0.26,18.21,33.24
2015-02-04,Nagapattinam,10.7672,79.8449,Delta,25.62,26.81,24.79,77.45,5.36,0.43,12.48,33.34
2015-02-05,Nagapattinam,10.7672,79.8449,Delta,25.78,27.49,24.42,77.27,4.84,0.55,18.56,33.44
2015-02-06,Nagapattinam,10.7672,79.8449,Delta,25.83,27.44,24.72,75.58,4.24,0.23,19.67,33.54
2015-02-07,Nagapattinam,10.7672,79.8449,Delta,25.75,27.8,24.29,73.82,4.36,0.32,21.32,33.64
2015-02-08,Nagapattinam,10.7672,79.8449,Delta,25.74,27.92,24.25,73.77,4.14,0.11,21.6,33.74
2015-02-09,Nagapattinam,10.7672,79.8449,Delta,25.82,27.79,24.18,74.0,4.5,0.48,19.16,33.83
2015-02-10,Nagapattinam,10.7672,79.8449,Delta,25.98,27.56,24.85,77.64,4.7,1.33,15.06,33.93
2015-02-11,Nagapattinam,10.7672,79.8449,Delta,26.28,27.96,24.97,80.83,4.45,1.08,18.99,34.03
2015-02-12,Nagapattinam,10.7672,79.8449,Delta,26.35,28.29,25.0,79.14,4.93,0.21,21.25,34.13
2015-02-13,Nagapattinam,10.7672,79.8449,Delta,26.55,28.91,24.82,78.11,3.7,0.09,20.62,34.22
2015-02-14,Nagapattinam,10.7672,79.8449,Delta,25.87,28.55,23.86,75.95,3.23,0.0,22.05,34.32
2015-02-15,Nagapattinam,10.7672,79.8449,Delta,26.22,28.88,24.28,68.49,2.9,0.0,23.71,34.41
2015-02-16,Nagapattinam,10.7672,79.8449,Delta,26.17,28.96,24.19,71.07,3.36,0.0,23.24,34.51
2015-02-17,Nagapattinam,10.7672,79.8449,Delta,25.92,28.75,23.96,68.0,3.04,0.0,23.27,34.61
2015-02-18,Nagapattinam,10.7672,79.8449,Delta,25.84,28.68,23.54,68.56,3.19,0.0,20.82,34.71
2015-02-19,Nagapattinam,10.7672,79.8449,Delta,26.11,28.96,23.97,64.47,3.13,0.0,23.84,34.81
2015-02-20,Nagapattinam,10.7672,79.8449,Delta,25.97,28.68,23.95,70.77,4.25,0.0,24.73,34.9
2015-02-21,Nagapattinam,10.7672,79.8449,Delta,26.24,28.84,24.43,73.64,4.62,0.02,23.5,34.99
2015-02-22,Nagapattinam,10.7672,79.8449,Delta,26.28,29.01,24.09,71.87,4.86,0.0,24.36,35.09
2015-02-23,Nagapattinam,10.7672,79.8449,Delta,26.3,29.08,24.16,69.64,4.23,0.0,25.1,35.18
2015-02-24,Nagapattinam,10.7672,79.8449,Delta,26.35,29.0,24.23,72.31,3.94,0.26,23.77,35.28
2015-02-25,Nagapattinam,10.7672,79.8449,Delta,26.9,29.18,24.74,76.66,3.56,0.46,17.88,35.37
2015-02-26,Nagapattinam,10.7672,79.8449,Delta,27.15,29.34,25.53,77.1,3.18,1.13,20.27,35.46
2015-02-27,Nagapattinam,10.7672,79.8449,Delta,27.72,30.27,25.69,74.17,2.63,0.3,20.35,35.55
2015-02-28,Nagapattinam,10.7672,79.8449,Delta,27.57,29.63,25.91,76.43,3.61,0.45,21.52,35.64
2015-03-01,Nagapattinam,10.7672,79.8449,Delta,27.74,30.03,26.0,74.28,3.87,0.19,22.43,35.73
2015-03-02,Nagapattinam,10.7672,79.8449,Delta,27.64,29.98,25.86,73.98,3.56,0.05,21.95,35.82
2015-03-03,Nagapattinam,10.7672,79.8449,Delta,27.76,30.13,25.92,71.89,3.08,0.01,22.98,35.9
2015-03-04,Nagapattinam,10.7672,79.8449,Delta,28.25,30.91,26.2,71.07,2.78,0.19,23.61,35.99
2015-03-05,Nagapattinam,10.7672,79.8449,Delta,28.11,30.29,26.44,79.31,3.49,0.49,22.96,36.07
2015-03-06,Nagapattinam,10.7672,79.8449,Delta,28.23,30.64,26.42,75.66,3.2,0.16,23.49,36.15
2015-03-07,Nagapattinam,10.7672,79.8449,Delta,28.08,30.53,26.38,73.01,3.56,0.14,23.14,36.23
2015-03-08,Nagapattinam,10.7672,79.8449,Delta,27.68,30.02,25.82,75.26,3.54,0.29,22.64,36.3
2015-03-09,Nagapattinam,10.7672,79.8449,Delta,27.72,30.07,26.07,72.97,3.7,0.06,22.12,36.37
2015-03-10,Nagapattinam,10.7672,79.8449,Delta,27.25,29.6,25.5,67.24,4.26,0.0,23.73,36.44
2015-03-11,Nagapattinam,10.7672,79.8449,Delta,27.51,29.85,25.69,69.32,3.95,0.06,23.67,36.5
2015-03-12,Nagapattinam,10.7672,79.8449,Delta,28.01,30.33,26.38,72.4,4.65,0.74,21.8,36.57
2015-03-13,Nagapattinam,10.7672,79.8449,Delta,27.94,30.13,26.45,70.97,4.32,0.65,23.25,36.64
2015-03-14,Nagapattinam,10.7672,79.8449,Delta,27.97,29.99,26.24,73.28,4.13,1.9,20.43,36.7
2015-03-15,Nagapattinam,10.7672,79.8449,Delta,28.06,30.11,26.88,75.52,3.89,0.7,16.8,36.77
2015-03-16,Nagapattinam,10.7672,79.8449,Delta,27.81,30.21,26.1,74.32,3.79,0.36,23.75,36.83
2015-03-17,Nagapattinam,10.7672,79.8449,Delta,27.39,30.15,25.5,71.37,2.95,0.05,24.07,36.9
2015-03-18,Nagapattinam,10.7672,79.8449,Delta,28.01,31.26,25.82,63.31,2.3,0.0,24.16,36.96
2015-03-19,Nagapattinam,10.7672,79.8449,Delta,27.99,31.04,25.72,66.85,2.76,0.0,24.85,37.01
2015-03-20,Nagapattinam,10.7672,79.8449,Delta,27.87,30.64,25.8,73.43,3.44,0.05,23.94,37.07
2015-03-21,Nagapattinam,10.7672,79.8449,Delta,28.07,31.09,25.73,70.52,3.19,0.29,25.22,37.12
2015-03-22,Nagapattinam,10.7672,79.8449,Delta,28.71,32.0,26.21,67.13,2.71,0.0,24.61,37.18
2015-03-23,Nagapattinam,10.7672,79.8449,Delta,28.88,32.1,26.23,70.97,2.88,0.01,23.27,37.23
2015-03-24,Nagapattinam,10.7672,79.8449,Delta,28.57,31.5,26.38,73.59,3.5,0.02,23.47,37.28
2015-03-25,Nagapattinam,10.7672,79.8449,Delta,28.51,31.19,26.4,71.6,3.81,0.01,23.13,37.32
2015-03-26,Nagapattinam,10.7672,79.8449,Delta,28.49,31.33,26.33,73.05,3.68,0.13,23.97,37.37
2015-03-27,Nagapattinam,10.7672,79.8449,Delta,28.5,31.24,26.52,74.64,4.18,0.16,22.28,37.41
2015-03-28,Nagapattinam,10.7672,79.8449,Delta,28.27,30.7,26.38,77.65,3.69,0.42,23.16,37.46
2015-03-29,Nagapattinam,10.7672,79.8449,Delta,28.54,31.19,26.38,75.84,3.6,0.19,23.8,37.5
2015-03-30,Nagapattinam,10.7672,79.8449,Delta,28.8,31.21,26.98,75.49,3.31,0.23,23.66,37.54
2015-03-31,Nagapattinam,10.7672,79.8449,Delta,28.73,30.82,27.32,77.76,3.31,0.79,21.77,37.57
2015-04-01,Nagapattinam,10.7672,79.8449,Delta,29.0,31.4,27.34,75.48,2.98,1.87,21.37,37.61
2015-04-02,Nagapattinam,10.7672,79.8449,Delta,29.35,32.04,27.19,73.85,3.23,0.64,20.04,37.64
2015-04-03,Nagapattinam,10.7672,79.8449,Delta,30.34,33.79,27.77,70.81,3.63,0.15,24.31,37.67
2015-04-04,Nagapattinam,10.7672,79.8449,Delta,30.39,33.28,28.37,71.96,3.95,0.57,23.49,37.7
2015-04-05,Nagapattinam,10.7672,79.8449,Delta,30.06,32.41,28.49,74.8,4.23,0.68,23.84,37.72
2015-04-06,Nagapattinam,10.7672,79.8449,Delta,29.63,32.1,28.0,73.99,4.29,0.3,24.82,37.74
2015-04-07,Nagapattinam,10.7672,79.8449,Delta,29.63,31.54,28.26,75.82,3.76,0.93,25.52,37.76
2015-04-08,Nagapattinam,10.7672,79.8449,Delta,28.81,29.96,27.99,79.01,3.04,3.76,18.08,37.77
2015-04-09,Nagapattinam,10.7672,79.8449,Delta,28.77,30.16,27.69,79.1,3.18,2.06,23.48,37.79
2015-04-10,Nagapattinam,10.7672,79.8449,Delta,29.4,31.6,27.85,74.54,3.24,0.4,25.09,37.81
2015-04-11,Nagapattinam,10.7672,79.8449,Delta,29.43,32.06,27.31,73.56,3.57,0.19,25.25,37.82
2015-04-12,Nagapattinam,10.7672,79.8449,Delta,29.07,30.34,28.05,75.72,3.07,1.36,21.54,37.84
2015-04-13,Nagapattinam,10.7672,79.8449,Delta,28.76,30.59,27.53,73.53,3.52,2.77,19.53,37.84
2015-04-14,Nagapattinam,10.7672,79.8449,Delta,28.64,30.88,27.08,71.07,2.78,6.56,24.31,37.85
2015-04-15,Nagapattinam,10.7672,79.8449,Delta,28.36,29.8,27.09,76.93,3.48,11.29,22.11,37.85
2015-04-16,Nagapattinam,10.7672,79.8449,Delta,28.4,29.59,27.43,76.99,2.63,8.14,15.29,37.86
2015-04-17,Nagapattinam,10.7672,79.8449,Delta,28.84,30.96,26.82,74.86,2.68,5.36,23.18,37.86
2015-04-18,Nagapattinam,10.7672,79.8449,Delta,28.92,30.75,27.38,72.6,1.98,2.94,25.24,37.87
2015-04-19,Nagapattinam,10.7672,79.8449,Delta,29.61,32.26,27.71,70.44,2.43,0.16,22.48,37.87
2015-04-20,Nagapattinam,10.7672,79.8449,Delta,29.36,31.93,27.52,71.6,2.76,1.39,23.34,37.88
2015-04-21,Nagapattinam,10.7672,79.8449,Delta,28.99,30.34,27.95,77.65,2.81,3.64,21.57,37.89
2015-04-22,Nagapattinam,10.7672,79.8449,Delta,28.88,30.12,27.64,79.31,2.51,2.91,23.0,37.89
2015-04-23,Nagapattinam,10.7672,79.8449,Delta,29.91,32.33,28.15,77.11,4.35,0.99,25.24,37.89
2015-04-24,Nagapattinam,10.7672,79.8449,Delta,29.65,31.6,28.17,78.29,3.82,3.75,22.34,37.88
2015-04-25,Nagapattinam,10.7672,79.8449,Delta,29.71,32.0,28.21,70.86,3.27,4.51,19.13,37.87
2015-04-26,Nagapattinam,10.7672,79.8449,Delta,29.46,31.56,27.72,72.79,3.48,0.93,19.84,37.87
2015-04-27,Nagapattinam,10.7672,79.8449,Delta,29.44,31.46,27.89,73.85,3.39,1.38,19.92,37.86
2015-04-28,Nagapattinam,10.7672,79.8449,Delta,29.78,32.23,27.7,71.4,2.98,0.63,25.32,37.85
2015-04-29,Nagapattinam,10.7672,79.8449,Delta,30.19,32.77,27.99,72.28,3.8,0.22,25.04,37.84
2015-04-30,Nagapattinam,10.7672,79.8449,Delta,30.33,33.08,28.06,73.71,3.94,0.97,24.24,37.83
2015-05-01,Nagapattinam,10.7672,79.8449,Delta,30.02,32.21,28.3,77.6,3.59,0.95,22.84,37.82
2015-05-02,Nagapattinam,10.7672,79.8449,Delta,30.28,33.41,27.81,75.39,4.4,1.01,23.74,37.8
2015-05-03,Nagapattinam,10.7672,79.8449,Delta,29.6,31.08,28.31,79.16,3.42,1.44,23.13,37.78
2015-05-04,Nagapattinam,10.7672,79.8449,Delta,29.62,31.44,28.1,76.35,3.4,1.38,20.73,37.76
2015-05-05,Nagapattinam,10.7672,79.8449,Delta,29.92,31.91,28.33,70.27,2.44,0.75,20.77,37.74
2015-05-06,Nagapattinam,10.7672,79.8449,Delta,29.9,31.64,28.53,71.47,2.59,0.34,22.24,37.72
2015-05-07,Nagapattinam,10.7672,79.8449,Delta,29.86,31.46,28.42,72.49,2.64,4.25,20.07,37.71
2015-05-08,Nagapattinam,10.7672,79.8449,Delta,30.48,33.16,27.56,68.26,2.52,4.85,22.57,37.69
2015-05-09,Nagapattinam,10.7672,79.8449,Delta,30.16,31.39,29.01,76.22,3.08,7.99,22.77,37.67
2015-05-10,Nagapattinam,10.7672,79.8449,Delta,30.49,32.59,28.6,71.24,2.84,6.03,16.91,37.65
2015-05-11,Nagapattinam,10.7672,79.8449,Delta,30.6,32.34,28.84,56.27,2.17,9.16,12.82,37.63
2015-05-12,Nagapattinam,10.7672,79.8449,Delta,30.0,32.11,28.25,70.02,3.09,1.09,10.23,37.61
2015-05-13,Nagapattinam,10.7672,79.8449,Delta,28.23,29.42,27.44,82.3,3.73,16.32,15.97,37.59
2015-05-14,Nagapattinam,10.7672,79.8449,Delta,28.47,30.29,26.92,79.59,2.48,24.5,17.12,37.58
2015-05-15,Nagapattinam,10.7672,79.8449,Delta,29.08,30.17,28.07,81.14,2.18,11.73,16.08,37.56
2015-05-16,Nagapattinam,10.7672,79.8449,Delta,29.25,30.62,28.51,83.31,4.34,19.8,5.71,37.54
2015-05-17,Nagapattinam,10.7672,79.8449,Delta,28.83,30.08,28.05,81.01,5.71,0.93,7.93,37.52
2015-05-18,Nagapattinam,10.7672,79.8449,Delta,29.68,32.58,27.03,77.96,5.96,1.4,23.59,37.5
2015-05-19,Nagapattinam,10.7672,79.8449,Delta,29.72,31.87,28.32,82.27,6.29,2.71,21.45,37.48
2015-05-20,Nagapattinam,10.7672,79.8449,Delta,29.93,32.39,27.92,80.27,6.28,1.84,22.46,37.46
2015-05-21,Nagapattinam,10.7672,79.8449,Delta,30.23,33.16,27.85,78.91,6.28,0.95,21.46,37.44
2015-05-22,Nagapattinam,10.7672,79.8449,Delta,30.06,32.47,28.03,80.31,5.96,0.15,21.07,37.41
2015-05-23,Nagapattinam,10.7672,79.8449,Delta,29.79,32.06,28.22,78.25,5.94,0.15,22.51,37.39
2015-05-24,Nagapattinam,10.7672,79.8449,Delta,29.9,32.95,27.52,76.31,5.9,0.26,22.62,37.36
2015-05-25,Nagapattinam,10.7672,79.8449,Delta,30.28,33.12,28.14,77.05,4.82,0.27,23.82,37.34
2015-05-26,Nagapattinam,10.7672,79.8449,Delta,29.51,30.88,28.27,79.94,4.19,2.46,22.92,37.32
2015-05-27,Nagapattinam,10.7672,79.8449,Delta,28.78,30.12,27.29,77.79,4.73,11.51,21.46,37.3
2015-05-28,Nagapattinam,10.7672,79.8449,Delta,29.3,33.16,25.11,69.78,4.96,2.11,16.01,37.28
2015-05-29,Nagapattinam,10.7672,79.8449,Delta,29.89,32.67,27.61,77.83,4.94,1.55,22.31,37.26
2015-05-30,Nagapattinam,10.7672,79.8449,Delta,29.87,32.22,27.91,80.53,3.9,1.21,22.03,37.24
2015-05-31,Nagapattinam,10.7672,79.8449,Delta,29.85,31.88,28.47,77.59,6.25,2.52,20.82,37.22
2015-06-01,Nagapattinam,10.7672,79.8449,Delta,29.33,31.4,27.66,78.98,4.88,3.81,19.65,37.2
2015-06-02,Nagapattinam,10.7672,79.8449,Delta,29.65,32.51,27.09,76.03,4.0,3.19,22.1,37.18
2015-06-03,Nagapattinam,10.7672,79.8449,Delta,29.78,32.23,27.38,77.98,3.82,2.25,14.65,37.17
2015-06-04,Nagapattinam,10.7672,79.8449,Delta,29.51,31.14,28.26,80.24,3.93,6.57,19.08,37.15
2015-06-05,Nagapattinam,10.7672,79.8449,Delta,28.87,30.0,27.97,81.91,3.94,5.29,22.3,37.14
2015-06-06,Nagapattinam,10.7672,79.8449,Delta,29.53,31.44,27.96,77.18,3.18,2.63,22.14,37.12
2015-06-07,Nagapattinam,10.7672,79.8449,Delta,29.75,31.74,28.2,80.06,4.89,2.1,23.82,37.1
2015-06-08,Nagapattinam,10.7672,79.8449,Delta,29.93,32.69,27.53,73.95,5.65,0.57,23.37,37.08
2015-06-09,Nagapattinam,10.7672,79.8449,Delta,29.2,31.97,26.67,74.6,4.43,1.04,24.3,37.07
2015-06-10,Nagapattinam,10.7672,79.8449,Delta,28.43,29.57,27.35,80.11,4.78,3.95,24.01,37.06
2015-06-11,Nagapattinam,10.7672,79.8449,Delta,29.82,32.52,27.71,77.36,4.62,11.21,19.39,37.05
2015-06-12,Nagapattinam,10.7672,79.8449,Delta,29.13,31.04,27.31,76.57,4.85,2.98,20.16,37.04
2015-06-13,Nagapattinam,10.7672,79.8449,Delta,29.92,33.08,26.94,73.84,5.09,3.39,24.76,37.02
2015-06-14,Nagapattinam,10.7672,79.8449,Delta,30.03,33.35,26.94,72.55,5.17,1.26,24.26,37.01
2015-06-15,Nagapattinam,10.7672,79.8449,Delta,30.17,33.38,27.53,68.83,4.9,0.35,22.71,36.99
2015-06-16,Nagapattinam,10.7672,79.8449,Delta,29.46,32.14,27.5,69.44,5.48,3.17,17.29,36.98
2015-06-17,Nagapattinam,10.7672,79.8449,Delta,28.72,30.98,26.88,72.94,5.84,10.76,10.74,36.97
2015-06-18,Nagapattinam,10.7672,79.8449,Delta,29.61,32.94,26.53,70.65,4.76,2.51,12.55,36.95
2015-06-19,Nagapattinam,10.7672,79.8449,Delta,29.61,33.14,26.89,71.97,5.46,1.13,17.69,36.93
2015-06-20,Nagapattinam,10.7672,79.8449,Delta,30.09,33.43,27.1,71.34,6.38,0.17,20.98,36.92
2015-06-21,Nagapattinam,10.7672,79.8449,Delta,30.1,33.25,27.63,70.27,6.77,0.73,22.25,36.92
2015-06-22,Nagapattinam,10.7672,79.8449,Delta,30.38,33.62,27.52,71.04,6.29,0.01,21.92,36.91
2015-06-23,Nagapattinam,10.7672,79.8449,Delta,29.49,31.4,27.52,77.06,6.16,1.29,22.38,36.91
2015-06-24,Nagapattinam,10.7672,79.8449,Delta,30.09,33.16,27.37,74.08,6.13,0.48,23.29,36.92
2015-06-25,Nagapattinam,10.7672,79.8449,Delta,29.99,32.58,27.58,74.73,6.06,0.38,23.07,36.92
2015-06-26,Nagapattinam,10.7672,79.8449,Delta,30.1,33.68,27.83,67.93,7.51,0.28,16.07,36.92
2015-06-27,Nagapattinam,10.7672,79.8449,Delta,30.16,33.52,27.17,66.77,5.9,0.44,18.32,36.93
2015-06-28,Nagapattinam,10.7672,79.8449,Delta,29.93,32.75,27.33,73.15,4.9,0.45,22.31,36.93
2015-06-29,Nagapattinam,10.7672,79.8449,Delta,29.8,31.97,27.65,74.78,5.4,0.84,22.42,36.94
2015-06-30,Nagapattinam,10.7672,79.8449,Delta,29.67,32.94,26.66,70.97,4.44,0.28,23.02,36.94
2015-07-01,Nagapattinam,10.7672,79.8449,Delta,29.72,32.48,27.18,75.73,5.59,0.7,24.11,36.94
2015-07-02,Nagapattinam,10.7672,79.8449,Delta,30.26,33.38,27.62,72.24,4.8,0.31,23.99,36.95
2015-07-03,Nagapattinam,10.7672,79.8449,Delta,30.43,33.18,27.92,71.86,5.26,0.36,24.19,36.95
2015-07-04,Nagapattinam,10.7672,79.8449,Delta,30.43,33.08,27.95,71.52,4.84,0.58,23.45,36.96
2015-07-05,Nagapattinam,10.7672,79.8449,Delta,30.65,33.84,27.65,70.18,4.6,0.26,23.38,36.96
2015-07-06,Nagapattinam,10.7672,79.8449,Delta,30.82,33.91,27.97,65.37,5.02,0.07,22.25,36.96
2015-07-07,Nagapattinam,10.7672,79.8449,Delta,30.12,33.13,27.62,65.9,5.37,0.16,23.39,36.97
2015-07-08,Nagapattinam,10.7672,79.8449,Delta,30.05,33.56,27.39,68.81,5.17,0.19,21.8,36.98
2015-07-09,Nagapattinam,10.7672,79.8449,Delta,30.56,33.53,27.72,68.27,5.07,0.68,20.32,36.99
2015-07-10,Nagapattinam,10.7672,79.8449,Delta,30.31,32.76,28.02,70.1,5.02,0.72,21.66,36.99
2015-07-11,Nagapattinam,10.7672,79.8449,Delta,30.39,33.02,27.8,70.05,5.12,0.38,19.31,37.0
2015-07-12,Nagapattinam,10.7672,79.8449,Delta,30.37,33.68,27.74,68.43,4.25,0.38,23.41,37.01
2015-07-13,Nagapattinam,10.7672,79.8449,Delta,30.64,33.87,28.11,68.06,4.41,0.75,23.64,37.03
2015-07-14,Nagapattinam,10.7672,79.8449,Delta,30.21,32.54,28.2,71.83,4.1,1.13,22.05,37.04
2015-07-15,Nagapattinam,10.7672,79.8449,Delta,29.58,31.77,27.92,74.36,3.5,3.11,20.36,37.05
2015-07-16,Nagapattinam,10.7672,79.8449,Delta,29.86,32.57,27.14,71.37,4.18,1.19,21.33,37.06
2015-07-17,Nagapattinam,10.7672,79.8449,Delta,30.08,32.53,27.79,67.29,6.27,0.78,21.51,37.07
2015-07-18,Nagapattinam,10.7672,79.8449,Delta,30.15,33.44,27.12,66.26,5.54,2.01,21.38,37.08
2015-07-19,Nagapattinam,10.7672,79.8449,Delta,29.29,31.88,27.35,67.58,6.9,1.5,19.98,37.09
2015-07-20,Nagapattinam,10.7672,79.8449,Delta,29.73,33.21,26.27,68.24,5.01,1.05,20.09,37.1
2015-07-21,Nagapattinam,10.7672,79.8449,Delta,29.88,32.57,27.3,71.33,4.65,3.38,20.16,37.11
2015-07-22,Nagapattinam,10.7672,79.8449,Delta,29.64,32.3,27.57,74.03,4.72,5.19,19.53,37.13
2015-07-23,Nagapattinam,10.7672,79.8449,Delta,29.56,32.12,27.99,72.65,4.87,2.46,22.0,37.14
2015-07-24,Nagapattinam,10.7672,79.8449,Delta,29.82,32.83,27.2,69.95,5.07,1.28,22.48,37.15
2015-07-25,Nagapattinam,10.7672,79.8449,Delta,29.66,32.62,27.01,69.11,4.96,3.4,23.33,37.17
2015-07-26,Nagapattinam,10.7672,79.8449,Delta,29.39,31.93,26.81,70.16,4.6,3.13,22.16,37.18
2015-07-27,Nagapattinam,10.7672,79.8449,Delta,29.83,33.01,26.59,67.87,4.13,1.82,22.5,37.19
2015-07-28,Nagapattinam,10.7672,79.8449,Delta,29.55,31.89,27.55,70.76,3.22,5.56,22.1,37.21
2015-07-29,Nagapattinam,10.7672,79.8449,Delta,29.01,31.21,27.47,76.85,4.21,6.33,21.32,37.23
2015-07-30,Nagapattinam,10.7672,79.8449,Delta,29.36,32.08,27.49,73.02,4.79,1.71,22.95,37.24
2015-07-31,Nagapattinam,10.7672,79.8449,Delta,29.41,31.89,27.79,71.69,4.96,0.68,23.88,37.26
2015-08-01,Nagapattinam,10.7672,79.8449,Delta,29.65,32.05,27.72,71.77,3.34,1.38,20.81,37.27
2015-08-02,Nagapattinam,10.7672,79.8449,Delta,29.47,31.51,27.63,72.74,2.99,2.32,14.0,37.28
2015-08-03,Nagapattinam,10.7672,79.8449,Delta,29.52,31.7,27.68,73.87,3.89,4.55,21.19,37.29
2015-08-04,Nagapattinam,10.7672,79.8449,Delta,29.35,32.22,26.78,74.38,4.87,2.85,22.87,37.3
2015-08-05,Nagapattinam,10.7672,79.8449,Delta,29.82,32.45,27.15,67.6,5.43,1.17,23.02,37.31
2015-08-06,Nagapattinam,10.7672,79.8449,Delta,30.54,34.21,26.75,64.15,4.69,0.31,24.93,37.31
2015-08-07,Nagapattinam,10.7672,79.8449,Delta,30.6,33.68,27.71,66.93,4.95,0.93,22.58,37.31
2015-08-08,Nagapattinam,10.7672,79.8449,Delta,30.28,33.07,28.16,69.34,4.76,1.23,23.78,37.32
2015-08-09,Nagapattinam,10.7672,79.8449,Delta,30.69,33.52,27.94,67.15,4.62,0.79,23.49,37.33
2015-08-10,Nagapattinam,10.7672,79.8449,Delta,29.62,31.56,27.71,70.72,3.56,0.87,21.79,37.34
2015-08-11,Nagapattinam,10.7672,79.8449,Delta,29.81,32.39,27.6,70.98,3.96,1.11,22.53,37.36
2015-08-12,Nagapattinam,10.7672,79.8449,Delta,30.06,32.39,28.02,70.65,4.39,0.91,20.56,37.37
2015-08-13,Nagapattinam,10.7672,79.8449,Delta,30.51,33.14,27.97,67.71,3.64,0.28,21.63,37.37
2015-08-14,Nagapattinam,10.7672,79.8449,Delta,30.28,33.4,27.65,68.17,3.63,0.68,22.39,37.38
2015-08-15,Nagapattinam,10.7672,79.8449,Delta,30.15,33.0,28.43,71.49,3.6,1.33,21.49,37.38
2015-08-16,Nagapattinam,10.7672,79.8449,Delta,28.44,29.48,27.63,81.45,3.04,15.54,19.14,37.38
2015-08-17,Nagapattinam,10.7672,79.8449,Delta,28.66,30.37,26.95,77.78,2.81,1.38,22.18,37.38
2015-08-18,Nagapattinam,10.7672,79.8449,Delta,29.08,30.78,27.62,76.94,3.11,3.01,22.34,37.39
2015-08-19,Nagapattinam,10.7672,79.8449,Delta,29.03,30.71,27.64,78.77,3.99,2.89,23.92,37.39
2015-08-20,Nagapattinam,10.7672,79.8449,Delta,29.28,31.19,27.8,76.0,5.59,3.21,24.44,37.39
2015-08-21,Nagapattinam,10.7672,79.8449,Delta,29.1,31.33,27.42,77.49,4.68,14.17,14.77,37.38
2015-08-22,Nagapattinam,10.7672,79.8449,Delta,28.36,30.23,26.7,81.64,3.57,17.63,11.76,37.37
2015-08-23,Nagapattinam,10.7672,79.8449,Delta,29.02,31.86,26.9,76.67,3.95,7.4,21.1,37.36
2015-08-24,Nagapattinam,10.7672,79.8449,Delta,29.56,33.18,26.46,70.61,4.34,0.9,24.05,37.35
2015-08-25,Nagapattinam,10.7672,79.8449,Delta,30.05,33.27,27.73,70.57,3.57,0.37,24.69,37.35
2015-08-26,Nagapattinam,10.7672,79.8449,Delta,29.75,32.39,27.81,73.09,3.84,0.54,20.37,37.35
2015-08-27,Nagapattinam,10.7672,79.8449,Delta,29.46,32.05,27.37,74.14,4.54,1.68,22.15,37.35
2015-08-28,Nagapattinam,10.7672,79.8449,Delta,29.29,32.27,26.89,74.69,5.16,0.98,24.07,37.35
2015-08-29,Nagapattinam,10.7672,79.8449,Delta,29.98,33.0,27.3,71.8,4.94,0.28,24.92,37.34
2015-08-30,Nagapattinam,10.7672,79.8449,Delta,29.65,31.99,27.86,73.62,4.74,0.99,24.49,37.33
2015-08-31,Nagapattinam,10.7672,79.8449,Delta,29.78,32.32,27.83,73.05,3.36,0.94,23.95,37.32
2015-09-01,Nagapattinam,10.7672,79.8449,Delta,29.42,31.4,27.83,77.55,3.27,2.68,23.07,37.3
2015-09-02,Nagapattinam,10.7672,79.8449,Delta,29.21,31.54,27.51,79.12,2.56,4.14,20.02,37.28
2015-09-03,Nagapattinam,10.7672,79.8449,Delta,28.87,30.13,27.66,81.11,1.97,4.56,15.17,37.26
2015-09-04,Nagapattinam,10.7672,79.8449,Delta,29.36,30.87,27.96,78.21,2.85,1.2,21.77,37.24
2015-09-05,Nagapattinam,10.7672,79.8449,Delta,29.09,31.09,27.79,77.33,4.97,3.48,19.02,37.22
2015-09-06,Nagapattinam,10.7672,79.8449,Delta,28.49,30.04,27.42,81.17,6.02,5.6,19.44,37.19
2015-09-07,Nagapattinam,10.7672,79.8449,Delta,27.71,29.17,26.85,82.38,5.98,4.93,8.25,37.17
2015-09-08,Nagapattinam,10.7672,79.8449,Delta,28.6,31.44,26.2,73.26,5.75,1.11,19.39,37.14
2015-09-09,Nagapattinam,10.7672,79.8449,Delta,29.03,32.09,26.72,73.9,5.5,1.21,23.28,37.11
2015-09-10,Nagapattinam,10.7672,79.8449,Delta,29.16,31.91,26.95,73.79,4.9,1.54,20.54,37.08
2015-09-11,Nagapattinam,10.7672,79.8449,Delta,28.86,30.86,26.98,76.98,5.38,1.22,21.96,37.04
2015-09-12,Nagapattinam,10.7672,79.8449,Delta,29.16,31.8,26.69,74.95,4.47,2.2,21.63,37.01
2015-09-13,Nagapattinam,10.7672,79.8449,Delta,29.02,31.71,26.82,75.35,4.57,0.56,24.29,36.97
2015-09-14,Nagapattinam,10.7672,79.8449,Delta,29.85,33.07,26.85,67.67,5.21,0.2,23.73,36.94
2015-09-15,Nagapattinam,10.7672,79.8449,Delta,29.68,32.34,26.7,68.63,6.09,0.38,22.64,36.9
2015-09-16,Nagapattinam,10.7672,79.8449,Delta,30.06,33.16,27.2,70.1,4.98,0.4,23.22,36.86
2015-09-17,Nagapattinam,10.7672,79.8449,Delta,30.14,33.28,27.38,68.54,5.0,0.86,21.94,36.82
2015-09-18,Nagapattinam,10.7672,79.8449,Delta,29.53,32.07,27.37,71.54,4.71,0.84,20.88,36.78
2015-09-19,Nagapattinam,10.7672,79.8449,Delta,29.19,31.41,27.62,75.81,4.51,6.5,16.17,36.74
2015-09-20,Nagapattinam,10.7672,79.8449,Delta,29.71,32.15,27.79,74.84,3.94,1.91,21.43,36.7
2015-09-21,Nagapattinam,10.7672,79.8449,Delta,29.18,31.19,27.47,73.97,2.89,2.96,23.73,36.65
2015-09-22,Nagapattinam,10.7672,79.8449,Delta,29.7,32.38,27.59,74.77,3.79,0.83,23.13,36.61
2015-09-23,Nagapattinam,10.7672,79.8449,Delta,29.15,30.62,28.08,79.34,3.27,2.94,21.07,36.55
2015-09-24,Nagapattinam,10.7672,79.8449,Delta,29.0,31.56,27.43,75.79,4.74,1.13,20.98,36.5
2015-09-25,Nagapattinam,10.7672,79.8449,Delta,29.17,31.85,26.96,76.45,4.1,0.57,22.32,36.44
2015-09-26,Nagapattinam,10.7672,79.8449,Delta,29.61,32.4,27.55,76.88,3.58,3.24,22.02,36.37
2015-09-27,Nagapattinam,10.7672,79.8449,Delta,29.14,30.95,27.35,74.86,2.65,5.71,18.63,36.32
2015-09-28,Nagapattinam,10.7672,79.8449,Delta,28.97,31.14,27.35,75.79,2.6,4.33,19.13,36.26
2015-09-29,Nagapattinam,10.7672,79.8449,Delta,28.42,30.15,27.15,78.17,3.04,9.46,16.59,36.2
2015-09-30,Nagapattinam,10.7672,79.8449,Delta,27.44,28.87,26.23,78.97,2.19,9.64,17.0,36.14
2015-10-01,Nagapattinam,10.7672,79.8449,Delta,28.26,29.68,26.95,80.24,4.46,8.55,9.93,36.08
2015-10-02,Nagapattinam,10.7672,79.8449,Delta,29.15,31.56,27.39,78.66,4.93,7.99,22.28,36.02
2015-10-03,Nagapattinam,10.7672,79.8449,Delta,29.39,32.13,26.95,75.23,3.29,3.5,16.9,35.95
2015-10-04,Nagapattinam,10.7672,79.8449,Delta,28.3,29.05,27.56,81.63,1.94,7.7,16.54,35.88
2015-10-05,Nagapattinam,10.7672,79.8449,Delta,27.18,28.04,26.47,81.44,1.65,21.9,12.33,35.81
2015-10-06,Nagapattinam,10.7672,79.8449,Delta,28.83,31.59,26.42,74.19,2.91,5.64,21.53,35.74
2015-10-07,Nagapattinam,10.7672,79.8449,Delta,28.85,30.81,27.45,79.53,3.91,12.33,22.52,35.67
2015-10-08,Nagapattinam,10.7672,79.8449,Delta,28.75,30.26,27.53,82.07,4.39,5.74,23.15,35.59
2015-10-09,Nagapattinam,10.7672,79.8449,Delta,28.77,31.03,26.58,77.09,4.51,0.6,21.82,35.52
2015-10-10,Nagapattinam,10.7672,79.8449,Delta,29.26,31.95,26.88,77.75,4.12,2.61,23.36,35.44
2015-10-11,Nagapattinam,10.7672,79.8449,Delta,28.33,29.95,27.06,80.31,2.31,7.39,21.74,35.37
2015-10-12,Nagapattinam,10.7672,79.8449,Delta,28.23,29.47,27.44,79.35,1.55,6.17,20.19,35.29
2015-10-13,Nagapattinam,10.7672,79.8449,Delta,28.57,30.52,27.05,77.38,2.2,1.62,21.36,35.21
2015-10-14,Nagapattinam,10.7672,79.8449,Delta,28.78,30.93,27.26,72.54,2.28,0.46,21.69,35.13
2015-10-15,Nagapattinam,10.7672,79.8449,Delta,28.71,30.88,27.18,71.43,2.46,0.16,21.97,35.05
2015-10-16,Nagapattinam,10.7672,79.8449,Delta,28.5,30.72,27.02,73.13,3.01,0.0,20.99,34.97
2015-10-17,Nagapattinam,10.7672,79.8449,Delta,28.35,30.31,26.53,77.62,3.4,1.07,17.99,34.88
2015-10-18,Nagapattinam,10.7672,79.8449,Delta,28.68,30.07,27.72,80.5,3.49,5.53,15.26,34.8
2015-10-19,Nagapattinam,10.7672,79.8449,Delta,28.73,30.06,27.73,80.79,2.86,4.27,20.72,34.72
2015-10-20,Nagapattinam,10.7672,79.8449,Delta,28.14,29.45,27.2,81.08,2.63,0.88,21.5,34.63
2015-10-21,Nagapattinam,10.7672,79.8449,Delta,28.33,30.46,26.88,77.91,2.84,0.39,21.77,34.54
2015-10-22,Nagapattinam,10.7672,79.8449,Delta,28.54,30.75,26.9,73.46,3.31,0.06,21.11,34.45
2015-10-23,Nagapattinam,10.7672,79.8449,Delta,28.54,30.49,26.9,77.21,3.99,1.56,20.65,34.37
2015-10-24,Nagapattinam,10.7672,79.8449,Delta,28.62,30.27,27.25,76.58,4.22,4.21,15.23,34.28
2015-10-25,Nagapattinam,10.7672,79.8449,Delta,28.45,30.39,26.95,71.71,4.78,0.63,20.06,34.19
2015-10-26,Nagapattinam,10.7672,79.8449,Delta,28.93,30.96,27.3,66.12,4.38,0.53,12.25,34.1
2015-10-27,Nagapattinam,10.7672,79.8449,Delta,28.4,30.14,26.85,77.33,4.5,21.75,12.69,34.01
2015-10-28,Nagapattinam,10.7672,79.8449,Delta,27.36,28.86,26.2,80.86,2.75,13.07,12.26,33.92
2015-10-29,Nagapattinam,10.7672,79.8449,Delta,27.71,29.27,26.35,79.51,3.85,2.14,12.31,33.82
2015-10-30,Nagapattinam,10.7672,79.8449,Delta,27.39,28.85,25.96,81.81,3.22,16.95,13.68,33.73
2015-10-31,Nagapattinam,10.7672,79.8449,Delta,27.42,28.34,26.58,85.6,3.43,15.08,11.51,33.63
2015-11-01,Nagapattinam,10.7672,79.8449,Delta,27.15,28.41,26.26,85.63,2.5,15.25,15.84,33.53
2015-11-02,Nagapattinam,10.7672,79.8449,Delta,27.13,28.21,26.07,81.18,1.27,24.17,14.94,33.43
2015-11-03,Nagapattinam,10.7672,79.8449,Delta,27.35,28.45,26.39,80.7,1.39,3.45,16.58,33.34
2015-11-04,Nagapattinam,10.7672,79.8449,Delta,27.72,29.2,26.43,81.66,2.44,6.15,16.6,33.26
2015-11-05,Nagapattinam,10.7672,79.8449,Delta,27.43,28.6,26.72,83.7,2.54,9.05,12.99,33.17
2015-11-06,Nagapattinam,10.7672,79.8449,Delta,27.41,28.43,26.55,84.84,4.09,12.08,15.96,33.09
2015-11-07,Nagapattinam,10.7672,79.8449,Delta,27.33,28.33,26.46,86.07,3.95,28.93,15.23,33.0
2015-11-08,Nagapattinam,10.7672,79.8449,Delta,27.47,27.94,27.1,84.97,4.0,29.81,2.74,32.91
2015-11-09,Nagapattinam,10.7672,79.8449,Delta,27.0,27.55,26.55,90.84,5.71,91.9,2.52,32.82
2015-11-10,Nagapattinam,10.7672,79.8449,Delta,28.01,29.72,26.37,83.34,5.54,10.26,16.8,32.73
2015-11-11,Nagapattinam,10.7672,79.8449,Delta,27.83,28.96,27.01,85.12,3.28,7.56,15.86,32.65
2015-11-12,Nagapattinam,10.7672,79.8449,Delta,27.51,28.77,26.53,83.33,2.55,4.07,17.04,32.56
2015-11-13,Nagapattinam,10.7672,79.8449,Delta,26.74,27.66,26.08,89.7,3.06,17.64,11.37,32.48
2015-11-14,Nagapattinam,10.7672,79.8449,Delta,26.41,27.1,25.95,89.56,3.87,24.8,7.15,32.4
2015-11-15,Nagapattinam,10.7672,79.8449,Delta,26.75,27.43,25.88,90.93,4.54,69.89,6.6,32.32
2015-11-16,Nagapattinam,10.7672,79.8449,Delta,26.75,27.3,26.12,92.05,6.36,18.29,9.99,32.24
2015-11-17,Nagapattinam,10.7672,79.8449,Delta,26.56,27.83,25.44,85.68,2.28,6.33,16.43,32.15
2015-11-18,Nagapattinam,10.7672,79.8449,Delta,26.88,27.67,25.96,87.23,2.33,11.68,9.56,32.07
2015-11-19,Nagapattinam,10.7672,79.8449,Delta,26.88,27.85,26.24,89.07,3.67,14.81,15.32,31.99
2015-11-20,Nagapattinam,10.7672,79.8449,Delta,27.1,28.09,26.19,87.73,3.9,8.17,18.37,31.92
2015-11-21,Nagapattinam,10.7672,79.8449,Delta,26.85,27.7,26.16,88.33,4.03,6.36,15.47,31.84
2015-11-22,Nagapattinam,10.7672,79.8449,Delta,27.09,27.89,26.47,89.2,4.41,40.35,3.72,31.77
2015-11-23,Nagapattinam,10.7672,79.8449,Delta,27.39,28.56,26.15,86.67,3.62,18.76,13.68,31.7
2015-11-24,Nagapattinam,10.7672,79.8449,Delta,27.34,28.38,26.72,85.16,4.66,4.48,18.82,31.62
2015-11-25,Nagapattinam,10.7672,79.8449,Delta,26.77,27.78,26.03,82.0,4.42,0.37,21.81,31.55
2015-11-26,Nagapattinam,10.7672,79.8449,Delta,26.6,27.87,25.45,85.25,4.08,5.61,19.29,31.49
2015-11-27,Nagapattinam,10.7672,79.8449,Delta,26.72,27.79,25.81,84.83,4.15,6.8,15.55,31.42
2015-11-28,Nagapattinam,10.7672,79.8449,Delta,26.53,27.33,25.86,84.65,4.65,4.76,14.45,31.35
2015-11-29,Nagapattinam,10.7672,79.8449,Delta,26.4,27.13,25.77,88.63,4.66,17.46,11.64,31.29
2015-11-30,Nagapattinam,10.7672,79.8449,Delta,26.27,26.9,25.59,91.67,5.04,62.8,12.16,31.23
2015-12-01,Nagapattinam,10.7672,79.8449,Delta,26.27,27.08,25.41,91.08,4.47,23.63,6.82,31.18
2015-12-02,Nagapattinam,10.7672,79.8449,Delta,26.44,27.29,25.52,91.23,4.02,32.63,8.12,31.13
2015-12-03,Nagapattinam,10.7672,79.8449,Delta,25.86,26.6,24.92,93.24,5.33,35.37,4.1,31.07
2015-12-04,Nagapattinam,10.7672,79.8449,Delta,26.75,27.47,26.18,89.81,5.46,16.96,8.99,31.03
2015-12-05,Nagapattinam,10.7672,79.8449,Delta,26.95,27.69,26.51,88.03,5.22,21.54,7.12,30.98
2015-12-06,Nagapattinam,10.7672,79.8449,Delta,27.05,27.49,26.79,89.29,5.29,34.33,9.83,30.93
2015-12-07,Nagapattinam,10.7672,79.8449,Delta,26.91,27.67,26.38,89.53,5.82,15.57,4.67,30.89
2015-12-08,Nagapattinam,10.7672,79.8449,Delta,26.48,26.91,26.18,89.19,6.37,35.55,2.33,30.85
2015-12-09,Nagapattinam,10.7672,79.8449,Delta,26.9,28.02,26.13,87.3,3.98,4.88,13.22,30.82
2015-12-10,Nagapattinam,10.7672,79.8449,Delta,26.96,27.93,26.19,89.32,4.28,5.67,16.28,30.79
2015-12-11,Nagapattinam,10.7672,79.8449,Delta,26.93,28.19,26.12,86.61,3.51,1.52,13.89,30.76
2015-12-12,Nagapattinam,10.7672,79.8449,Delta,26.99,28.3,26.04,80.02,3.01,7.5,16.06,30.74
2015-12-13,Nagapattinam,10.7672,79.8449,Delta,27.01,28.32,26.01,79.93,2.42,1.84,19.46,30.71
2015-12-14,Nagapattinam,10.7672,79.8449,Delta,26.75,27.87,25.95,84.68,3.54,0.71,11.22,30.69
2015-12-15,Nagapattinam,10.7672,79.8449,Delta,26.4,27.74,25.2,79.77,3.36,0.19,16.57,30.67
2015-12-16,Nagapattinam,10.7672,79.8449,Delta,25.97,27.2,24.6,76.9,3.21,0.12,19.06,30.65
2015-12-17,Nagapattinam,10.7672,79.8449,Delta,26.91,28.34,25.79,78.12,3.45,0.77,17.48,30.63
2015-12-18,Nagapattinam,10.7672,79.8449,Delta,26.68,27.87,25.76,82.32,3.76,3.26,14.59,30.62
2015-12-19,Nagapattinam,10.7672,79.8449,Delta,26.6,27.86,25.58,82.93,3.81,1.36,14.48,30.62
2015-12-20,Nagapattinam,10.7672,79.8449,Delta,26.41,27.84,24.97,79.83,4.17,0.25,16.38,30.62
2015-12-21,Nagapattinam,10.7672,79.8449,Delta,25.86,27.57,24.56,74.85,3.04,0.0,20.31,30.62
2015-12-22,Nagapattinam,10.7672,79.8449,Delta,26.35,28.01,24.83,77.12,3.28,0.02,19.58,30.62
2015-12-23,Nagapattinam,10.7672,79.8449,Delta,26.67,28.12,25.54,77.76,4.07,0.09,17.13,30.63
2015-12-24,Nagapattinam,10.7672,79.8449,Delta,26.53,28.07,25.38,75.92,3.87,0.07,18.9,30.64
2015-12-25,Nagapattinam,10.7672,79.8449,Delta,26.42,27.81,25.34,76.69,4.42,0.07,18.15,30.64
2015-12-26,Nagapattinam,10.7672,79.8449,Delta,26.23,27.43,25.35,80.93,5.21,0.22,19.02,30.66
2015-12-27,Nagapattinam,10.7672,79.8449,Delta,26.52,27.74,25.8,81.55,6.34,2.09,10.59,30.67
2015-12-28,Nagapattinam,10.7672,79.8449,Delta,26.17,27.38,25.39,84.75,6.12,3.07,11.27,30.69
2015-12-29,Nagapattinam,10.7672,79.8449,Delta,26.22,27.61,25.15,84.37,5.56,1.28,13.7,30.72
2015-12-30,Nagapattinam,10.7672,79.8449,Delta,25.84,27.1,24.68,80.71,4.74,0.25,19.26,30.75
2015-12-31,Nagapattinam,10.7672,79.8449,Delta,26.23,27.66,25.2,74.2,5.14,0.12,17.97,30.79
2016-01-01,Nagapattinam,10.7672,79.8449,Delta,26.11,27.66,24.9,73.06,4.93,0.01,17.97,30.82
2016-01-02,Nagapattinam,10.7672,79.8449,Delta,25.85,27.53,24.76,74.0,4.89,0.01,18.1,30.85
2016-01-03,Nagapattinam,10.7672,79.8449,Delta,25.24,27.05,23.62,74.93,4.1,0.08,20.94,30.89
2016-01-04,Nagapattinam,10.7672,79.8449,Delta,25.49,27.17,24.03,73.94,4.2,0.18,19.14,30.93
2016-01-05,Nagapattinam,10.7672,79.8449,Delta,25.79,27.36,24.51,78.35,4.62,0.37,16.51,30.97
2016-01-06,Nagapattinam,10.7672,79.8449,Delta,25.93,27.33,24.97,79.46,4.98,1.21,13.59,31.02
2016-01-07,Nagapattinam,10.7672,79.8449,Delta,25.6,27.21,24.49,78.37,4.19,0.74,17.78,31.07
2016-01-08,Nagapattinam,10.7672,79.8449,Delta,25.25,26.76,23.96,80.37,4.28,0.56,17.48,31.12
2016-01-09,Nagapattinam,10.7672,79.8449,Delta,25.21,26.84,23.98,78.98,3.7,0.11,16.93,31.18
2016-01-10,Nagapattinam,10.7672,79.8449,Delta,25.3,26.87,24.2,77.99,3.94,0.2,18.83,31.24
2016-01-11,Nagapattinam,10.7672,79.8449,Delta,25.28,26.93,24.02,76.06,4.06,0.27,18.99,31.3
2016-01-12,Nagapattinam,10.7672,79.8449,Delta,25.15,26.76,24.04,74.38,3.88,0.26,19.73,31.36
2016-01-13,Nagapattinam,10.7672,79.8449,Delta,24.97,26.55,23.65,75.75,3.39,0.02,17.68,31.42
2016-01-14,Nagapattinam,10.7672,79.8449,Delta,24.75,26.75,23.11,73.37,3.85,0.0,19.41,31.49
2016-01-15,Nagapattinam,10.7672,79.8449,Delta,24.71,26.52,23.27,72.56,3.3,0.25,20.22,31.56
2016-01-16,Nagapattinam,10.7672,79.8449,Delta,24.61,26.25,23.26,75.65,3.22,0.04,19.35,31.64
2016-01-17,Nagapattinam,10.7672,79.8449,Delta,24.77,26.33,23.5,74.53,3.02,0.0,17.67,31.71
2016-01-18,Nagapattinam,10.7672,79.8449,Delta,25.32,26.9,23.62,75.53,2.63,0.03,17.86,31.79
2016-01-19,Nagapattinam,10.7672,79.8449,Delta,25.98,27.56,24.92,77.45,2.92,0.11,18.49,31.87
2016-01-20,Nagapattinam,10.7672,79.8449,Delta,26.18,27.78,24.78,77.97,2.88,0.04,15.17,31.95
2016-01-21,Nagapattinam,10.7672,79.8449,Delta,26.42,27.97,25.4,79.87,3.47,0.01,13.3,32.02
2016-01-22,Nagapattinam,10.7672,79.8449,Delta,26.36,27.9,25.27,80.74,3.79,0.06,16.22,32.1
2016-01-23,Nagapattinam,10.7672,79.8449,Delta,26.3,27.78,25.1,82.49,4.26,0.19,18.39,32.19
2016-01-24,Nagapattinam,10.7672,79.8449,Delta,26.45,28.04,25.13,84.3,4.58,0.86,14.73,32.27
2016-01-25,Nagapattinam,10.7672,79.8449,Delta,26.45,28.03,25.4,80.4,4.03,0.03,18.31,32.36
2016-01-26,Nagapattinam,10.7672,79.8449,Delta,26.1,27.73,24.94,79.14,3.46,0.0,19.17,32.45
2016-01-27,Nagapattinam,10.7672,79.8449,Delta,25.89,27.86,24.51,74.14,3.3,0.0,20.27,32.54
2016-01-28,Nagapattinam,10.7672,79.8449,Delta,25.78,27.81,24.29,74.29,2.76,0.0,21.81,32.63
2016-01-29,Nagapattinam,10.7672,79.8449,Delta,25.77,27.75,24.5,76.7,3.14,0.0,21.77,32.72
2016-01-30,Nagapattinam,10.7672,79.8449,Delta,25.65,27.61,24.28,78.93,3.67,0.0,20.8,32.81
2016-01-31,Nagapattinam,10.7672,79.8449,Delta,25.29,27.23,23.69,81.37,3.82,0.15,20.29,32.9
2016-02-01,Nagapattinam,10.7672,79.8449,Delta,25.48,27.64,23.99,74.54,2.92,0.21,18.62,33.0
2016-02-02,Nagapattinam,10.7672,79.8449,Delta,25.46,27.65,23.89,77.12,3.1,0.05,21.95,33.1
2016-02-03,Nagapattinam,10.7672,79.8449,Delta,25.53,27.74,24.07,77.92,2.74,0.01,21.69,33.2
2016-02-04,Nagapattinam,10.7672,79.8449,Delta,26.14,28.35,24.2,72.59,3.66,0.16,20.91,33.3
2016-02-05,Nagapattinam,10.7672,79.8449,Delta,26.25,27.95,25.06,72.69,3.5,0.78,19.3,33.4
2016-02-06,Nagapattinam,10.7672,79.8449,Delta,26.26,27.86,24.87,76.02,3.1,0.21,18.58,33.49
2016-02-07,Nagapattinam,10.7672,79.8449,Delta,26.63,28.36,25.3,79.59,3.09,0.41,18.86,33.59
2016-02-08,Nagapattinam,10.7672,79.8449,Delta,26.83,28.84,25.38,76.61,3.2,0.1,19.2,33.69
2016-02-09,Nagapattinam,10.7672,79.8449,Delta,26.68,28.75,25.1,76.38,2.81,0.07,21.05,33.79
2016-02-10,Nagapattinam,10.7672,79.8449,Delta,26.1,28.22,24.57,77.33,2.73,0.02,20.5,33.89
2016-02-11,Nagapattinam,10.7672,79.8449,Delta,26.0,28.19,24.45,74.65,2.83,0.0,21.86,33.99
2016-02-12,Nagapattinam,10.7672,79.8449,Delta,26.21,28.58,24.31,72.3,2.97,0.0,21.35,34.09
2016-02-13,Nagapattinam,10.7672,79.8449,Delta,26.32,28.52,24.72,76.62,2.86,0.0,21.64,34.19
2016-02-14,Nagapattinam,10.7672,79.8449,Delta,26.07,27.99,24.29,74.78,3.23,0.23,22.36,34.29
2016-02-15,Nagapattinam,10.7672,79.8449,Delta,27.04,29.11,25.43,73.63,3.78,0.41,21.87,34.39
2016-02-16,Nagapattinam,10.7672,79.8449,Delta,26.85,28.74,25.39,77.09,4.08,0.04,21.98,34.49
2016-02-17,Nagapattinam,10.7672,79.8449,Delta,27.41,29.18,26.0,76.84,4.9,0.16,18.99,34.58
2016-02-18,Nagapattinam,10.7672,79.8449,Delta,27.39,29.18,26.24,77.1,4.7,0.22,20.77,34.68
2016-02-19,Nagapattinam,10.7672,79.8449,Delta,27.23,29.04,25.82,78.36,3.87,0.46,20.8,34.77
2016-02-20,Nagapattinam,10.7672,79.8449,Delta,27.45,29.66,25.87,80.85,3.11,0.15,21.36,34.87
2016-02-21,Nagapattinam,10.7672,79.8449,Delta,27.34,29.77,25.8,78.4,2.76,0.02,22.99,34.96
2016-02-22,Nagapattinam,10.7672,79.8449,Delta,27.23,29.82,25.38,76.75,2.97,0.0,23.97,35.06
2016-02-23,Nagapattinam,10.7672,79.8449,Delta,26.92,29.62,24.86,72.47,3.34,0.0,24.37,35.16
2016-02-24,Nagapattinam,10.7672,79.8449,Delta,27.39,30.25,24.89,69.66,2.98,0.0,24.93,35.25
2016-02-25,Nagapattinam,10.7672,79.8449,Delta,28.27,30.61,26.24,75.07,3.27,0.02,22.56,35.34
2016-02-26,Nagapattinam,10.7672,79.8449,Delta,28.11,30.08,26.83,72.34,4.17,0.02,23.05,35.43
2016-02-27,Nagapattinam,10.7672,79.8449,Delta,27.98,29.89,26.51,78.0,4.37,0.26,20.07,35.51
2016-02-28,Nagapattinam,10.7672,79.8449,Delta,27.92,29.75,26.55,79.03,4.55,0.17,19.54,35.6
2016-02-29,Nagapattinam,10.7672,79.8449,Delta,27.68,29.41,26.53,76.28,4.23,0.02,20.73,35.68
2016-03-01,Nagapattinam,10.7672,79.8449,Delta,27.99,29.89,26.76,75.12,4.05,0.06,20.02,35.77
2016-03-02,Nagapattinam,10.7672,79.8449,Delta,27.79,29.88,26.52,73.83,3.92,0.04,21.15,35.86
2016-03-03,Nagapattinam,10.7672,79.8449,Delta,27.36,28.78,26.22,75.81,3.54,0.0,22.65,35.95
2016-03-04,Nagapattinam,10.7672,79.8449,Delta,27.55,29.71,25.91,77.66,3.46,0.02,19.6,36.03
2016-03-05,Nagapattinam,10.7672,79.8449,Delta,27.7,29.86,26.23,75.91,3.43,0.1,21.84,36.1
2016-03-06,Nagapattinam,10.7672,79.8449,Delta,27.72,30.23,26.01,74.13,3.39,0.0,23.4,36.18
2016-03-07,Nagapattinam,10.7672,79.8449,Delta,27.85,30.27,26.01,72.33,3.48,0.19,23.54,36.26
2016-03-08,Nagapattinam,10.7672,79.8449,Delta,27.78,30.18,25.83,72.22,3.28,1.21,22.8,36.33
2016-03-09,Nagapattinam,10.7672,79.8449,Delta,28.01,30.56,26.05,71.73,2.58,0.19,21.02,36.41
2016-03-10,Nagapattinam,10.7672,79.8449,Delta,28.21,30.54,26.42,76.77,2.94,0.03,20.69,36.48
2016-03-11,Nagapattinam,10.7672,79.8449,Delta,28.37,31.04,26.68,77.32,2.71,0.05,22.77,36.55
2016-03-12,Nagapattinam,10.7672,79.8449,Delta,28.31,30.91,26.47,73.94,2.83,0.08,23.49,36.62
2016-03-13,Nagapattinam,10.7672,79.8449,Delta,28.34,31.22,26.16,74.83,2.76,0.01,24.32,36.69
2016-03-14,Nagapattinam,10.7672,79.8449,Delta,28.24,31.12,26.01,75.89,3.43,0.01,24.44,36.75
2016-03-15,Nagapattinam,10.7672,79.8449,Delta,28.18,31.09,26.02,74.32,3.16,0.02,24.36,36.81
2016-03-16,Nagapattinam,10.7672,79.8449,Delta,28.42,31.34,26.11,76.44,2.98,0.96,21.98,36.87
2016-03-17,Nagapattinam,10.7672,79.8449,Delta,28.69,31.47,26.88,73.08,2.71,1.21,22.98,36.94
2016-03-18,Nagapattinam,10.7672,79.8449,Delta,28.44,31.39,26.31,71.53,2.98,0.0,24.32,37.0
2016-03-19,Nagapattinam,10.7672,79.8449,Delta,28.6,31.97,26.02,70.37,2.8,0.04,26.05,37.05
2016-03-20,Nagapattinam,10.7672,79.8449,Delta,28.87,31.88,26.41,69.34,3.4,0.0,24.99,37.1
2016-03-21,Nagapattinam,10.7672,79.8449,Delta,29.44,32.61,26.59,65.99,3.47,0.0,22.99,37.16
2016-03-22,Nagapattinam,10.7672,79.8449,Delta,30.22,33.44,27.63,73.38,3.89,0.0,23.46,37.2
2016-03-23,Nagapattinam,10.7672,79.8449,Delta,30.08,33.01,27.86,74.93,3.8,0.02,24.04,37.25
2016-03-24,Nagapattinam,10.7672,79.8449,Delta,29.29,32.11,27.2,71.7,3.49,0.0,24.2,37.3
2016-03-25,Nagapattinam,10.7672,79.8449,Delta,28.57,31.23,26.6,73.37,3.77,0.0,24.18,37.35
2016-03-26,Nagapattinam,10.7672,79.8449,Delta,28.74,31.72,26.4,66.58,3.28,0.0,25.26,37.39
2016-03-27,Nagapattinam,10.7672,79.8449,Delta,28.9,31.72,26.77,67.47,3.43,0.0,24.67,37.43
2016-03-28,Nagapattinam,10.7672,79.8449,Delta,29.5,32.23,27.19,73.39,3.88,1.47,23.22,37.47
2016-03-29,Nagapattinam,10.7672,79.8449,Delta,29.7,31.61,28.11,74.92,3.68,0.48,24.14,37.5
2016-03-30,Nagapattinam,10.7672,79.8449,Delta,29.41,32.03,27.37,75.51,3.52,0.11,25.71,37.54
2016-03-31,Nagapattinam,10.7672,79.8449,Delta,29.45,32.09,27.39,73.91,3.3,0.09,25.06,37.57
2016-04-01,Nagapattinam,10.7672,79.8449,Delta,29.54,32.34,27.36,72.29,3.39,0.18,25.38,37.6
2016-04-02,Nagapattinam,10.7672,79.8449,Delta,29.56,32.45,27.23,71.22,3.14,0.02,25.45,37.63
2016-04-03,Nagapattinam,10.7672,79.8449,Delta,29.77,32.79,27.41,71.12,3.21,0.04,25.22,37.66
2016-04-04,Nagapattinam,10.7672,79.8449,Delta,29.62,32.46,27.28,70.72,3.26,0.03,25.54,37.69
2016-04-05,Nagapattinam,10.7672,79.8449,Delta,29.85,32.74,27.29,72.88,3.67,0.12,24.53,37.71
2016-04-06,Nagapattinam,10.7672,79.8449,Delta,30.4,32.78,28.59,72.38,3.71,2.91,23.48,37.73
2016-04-07,Nagapattinam,10.7672,79.8449,Delta,30.07,31.98,28.65,76.65,3.31,1.85,23.7,37.75
2016-04-08,Nagapattinam,10.7672,79.8449,Delta,30.12,32.44,28.59,75.66,3.32,0.58,23.65,37.77
2016-04-09,Nagapattinam,10.7672,79.8449,Delta,30.15,32.49,28.17,71.78,3.45,0.25,23.1,37.78
2016-04-10,Nagapattinam,10.7672,79.8449,Delta,30.06,32.29,28.5,73.07,3.63,0.56,23.66,37.79
2016-04-11,Nagapattinam,10.7672,79.8449,Delta,30.26,32.89,28.22,71.79,3.19,0.09,24.34,37.8
2016-04-12,Nagapattinam,10.7672,79.8449,Delta,31.04,33.79,28.63,72.14,3.87,0.03,24.99,37.81
2016-04-13,Nagapattinam,10.7672,79.8449,Delta,31.79,35.11,29.14,70.25,3.87,0.02,24.74,37.82
2016-04-14,Nagapattinam,10.7672,79.8449,Delta,31.46,33.72,29.96,73.17,4.46,0.04,23.06,37.83
2016-04-15,Nagapattinam,10.7672,79.8449,Delta,31.16,33.33,29.63,73.09,3.03,0.11,23.21,37.84
2016-04-16,Nagapattinam,10.7672,79.8449,Delta,30.77,32.17,29.56,74.89,3.9,0.76,23.1,37.85
2016-04-17,Nagapattinam,10.7672,79.8449,Delta,30.77,32.43,29.41,73.97,3.66,0.29,21.94,37.86
2016-04-18,Nagapattinam,10.7672,79.8449,Delta,30.6,32.75,28.94,74.95,3.78,0.59,23.1,37.87
2016-04-19,Nagapattinam,10.7672,79.8449,Delta,30.7,32.85,29.23,72.58,3.76,0.38,24.01,37.87
2016-04-20,Nagapattinam,10.7672,79.8449,Delta,30.8,33.43,28.67,73.09,3.14,0.13,25.08,37.87
2016-04-21,Nagapattinam,10.7672,79.8449,Delta,31.41,33.98,29.6,73.34,4.17,0.27,23.09,37.87
2016-04-22,Nagapattinam,10.7672,79.8449,Delta,31.79,34.86,29.58,71.83,4.41,0.12,23.01,37.86
2016-04-23,Nagapattinam,10.7672,79.8449,Delta,32.04,35.13,30.01,71.12,5.02,0.12,24.15,37.86
2016-04-24,Nagapattinam,10.7672,79.8449,Delta,31.97,34.92,30.12,71.41,5.01,0.19,24.05,37.85
2016-04-25,Nagapattinam,10.7672,79.8449,Delta,31.31,33.37,29.99,73.71,4.5,0.27,23.92,37.85
2016-04-26,Nagapattinam,10.7672,79.8449,Delta,30.67,32.33,29.17,75.44,3.54,0.32,23.31,37.84
2016-04-27,Nagapattinam,10.7672,79.8449,Delta,30.05,31.53,28.75,77.88,2.76,0.59,24.67,37.83
2016-04-28,Nagapattinam,10.7672,79.8449,Delta,30.83,33.27,28.88,72.37,3.32,0.26,25.07,37.82
2016-04-29,Nagapattinam,10.7672,79.8449,Delta,30.88,33.29,29.02,72.69,2.86,0.41,24.47,37.81
2016-04-30,Nagapattinam,10.7672,79.8449,Delta,31.05,33.53,29.19,71.63,3.74,0.22,25.08,37.79
2016-05-01,Nagapattinam,10.7672,79.8449,Delta,31.33,34.14,29.12,69.62,3.65,0.15,25.1,37.78
2016-05-02,Nagapattinam,10.7672,79.8449,Delta,31.84,34.87,29.4,69.23,4.18,0.28,25.75,37.77
2016-05-03,Nagapattinam,10.7672,79.8449,Delta,31.46,33.77,29.7,71.69,4.13,0.54,25.44,37.76
2016-05-04,Nagapattinam,10.7672,79.8449,Delta,31.26,33.43,29.76,72.21,3.85,0.58,24.02,37.74
2016-05-05,Nagapattinam,10.7672,79.8449,Delta,31.08,33.05,29.69,71.56,3.22,0.44,21.51,37.72
2016-05-06,Nagapattinam,10.7672,79.8449,Delta,30.86,32.73,29.44,72.69,3.2,2.15,21.24,37.71
2016-05-07,Nagapattinam,10.7672,79.8449,Delta,30.56,32.0,29.29,74.38,3.12,3.12,22.51,37.69
2016-05-08,Nagapattinam,10.7672,79.8449,Delta,30.51,32.3,29.33,75.6,2.76,7.23,23.14,37.67
2016-05-09,Nagapattinam,10.7672,79.8449,Delta,29.97,31.5,28.94,76.62,2.65,5.45,18.44,37.65
2016-05-10,Nagapattinam,10.7672,79.8449,Delta,30.51,32.66,28.94,72.74,3.18,1.08,20.12,37.63
2016-05-11,Nagapattinam,10.7672,79.8449,Delta,30.93,32.74,28.96,59.72,2.67,1.78,18.77,37.61
2016-05-12,Nagapattinam,10.7672,79.8449,Delta,31.07,33.31,28.86,65.07,3.22,0.2,19.97,37.59
2016-05-13,Nagapattinam,10.7672,79.8449,Delta,31.18,33.74,29.08,69.35,3.19,1.22,23.69,37.57
2016-05-14,Nagapattinam,10.7672,79.8449,Delta,30.49,32.26,29.41,73.69,3.31,2.9,18.87,37.55
2016-05-15,Nagapattinam,10.7672,79.8449,Delta,30.02,31.44,29.16,73.42,3.16,16.18,8.87,37.53
2016-05-16,Nagapattinam,10.7672,79.8449,Delta,29.42,30.48,28.48,83.78,5.8,69.96,3.61,37.51
2016-05-17,Nagapattinam,10.7672,79.8449,Delta,28.37,29.45,27.11,86.27,6.72,134.66,8.13,37.48
2016-05-18,Nagapattinam,10.7672,79.8449,Delta,29.68,32.75,27.22,78.08,6.9,11.47,12.09,37.45
2016-05-19,Nagapattinam,10.7672,79.8449,Delta,29.52,31.7,27.99,81.24,6.16,11.58,20.07,37.43
2016-05-20,Nagapattinam,10.7672,79.8449,Delta,29.96,32.09,28.48,80.71,6.11,1.72,16.3,37.41
2016-05-21,Nagapattinam,10.7672,79.8449,Delta,30.09,33.11,27.57,78.44,5.24,0.41,20.7,37.39
2016-05-22,Nagapattinam,10.7672,79.8449,Delta,30.42,32.74,28.74,82.42,5.08,0.14,23.81,37.37
2016-05-23,Nagapattinam,10.7672,79.8449,Delta,30.07,32.21,28.61,82.62,4.85,0.36,23.74,37.35
2016-05-24,Nagapattinam,10.7672,79.8449,Delta,30.25,32.54,28.9,81.81,5.34,0.3,24.88,37.33
2016-05-25,Nagapattinam,10.7672,79.8449,Delta,30.71,33.91,28.45,76.81,5.12,0.15,25.22,37.31
2016-05-26,Nagapattinam,10.7672,79.8449,Delta,30.63,33.08,28.48,77.63,4.36,0.41,25.01,37.29
2016-05-27,Nagapattinam,10.7672,79.8449,Delta,29.59,31.52,27.94,78.99,3.81,4.97,22.55,37.27
2016-05-28,Nagapattinam,10.7672,79.8449,Delta,29.63,31.8,27.72,80.21,4.87,1.09,22.31,37.25
2016-05-29,Nagapattinam,10.7672,79.8449,Delta,29.61,31.56,27.52,79.35,3.46,0.65,23.9,37.23
2016-05-30,Nagapattinam,10.7672,79.8449,Delta,29.7,31.88,27.45,77.89,3.79,1.08,23.99,37.21
2016-05-31,Nagapattinam,10.7672,79.8449,Delta,29.63,32.2,27.43,78.39,3.57,0.59,24.01,37.19
2016-06-01,Nagapattinam,10.7672,79.8449,Delta,29.8,32.01,27.79,79.71,3.43,1.5,23.72,37.18
2016-06-02,Nagapattinam,10.7672,79.8449,Delta,29.79,32.03,27.55,78.63,3.82,2.74,23.45,37.16
2016-06-03,Nagapattinam,10.7672,79.8449,Delta,30.08,32.52,28.03,77.04,4.38,1.11,21.19,37.14
2016-06-04,Nagapattinam,10.7672,79.8449,Delta,29.67,31.6,28.08,78.64,3.7,3.92,22.26,37.12
2016-06-05,Nagapattinam,10.7672,79.8449,Delta,29.7,31.86,27.94,79.53,4.62,7.22,22.32,37.1
2016-06-06,Nagapattinam,10.7672,79.8449,Delta,29.61,32.09,27.57,78.75,5.95,2.53,24.09,37.09
2016-06-07,Nagapattinam,10.7672,79.8449,Delta,29.24,30.52,28.2,83.61,6.21,7.13,18.84,37.07
2016-06-08,Nagapattinam,10.7672,79.8449,Delta,29.35,31.0,28.18,83.2,5.39,1.81,17.55,37.06
2016-06-09,Nagapattinam,10.7672,79.8449,Delta,29.01,30.96,27.4,81.17,6.09,0.29,19.63,37.04
2016-06-10,Nagapattinam,10.7672,79.8449,Delta,29.43,31.92,27.57,77.74,6.09,0.34,22.3,37.03
2016-06-11,Nagapattinam,10.7672,79.8449,Delta,29.98,33.27,27.32,73.26,5.88,0.19,23.34,37.02
2016-06-12,Nagapattinam,10.7672,79.8449,Delta,30.26,33.67,27.27,72.1,5.36,0.24,21.11,37.0
2016-06-13,Nagapattinam,10.7672,79.8449,Delta,29.89,32.41,27.53,73.44,4.83,0.43,23.41,36.99
2016-06-14,Nagapattinam,10.7672,79.8449,Delta,30.0,33.39,26.67,70.07,4.67,0.42,23.14,36.98
2016-06-15,Nagapattinam,10.7672,79.8449,Delta,30.77,34.44,27.46,67.59,5.35,0.29,24.54,36.97
2016-06-16,Nagapattinam,10.7672,79.8449,Delta,30.51,33.92,27.49,69.67,5.28,0.47,20.84,36.96
2016-06-17,Nagapattinam,10.7672,79.8449,Delta,30.03,32.35,28.07,71.63,4.35,5.79,20.57,36.95
2016-06-18,Nagapattinam,10.7672,79.8449,Delta,28.92,30.66,27.25,75.25,4.73,7.93,16.78,36.95
2016-06-19,Nagapattinam,10.7672,79.8449,Delta,28.89,31.3,26.72,72.42,3.85,1.24,21.52,36.94
2016-06-20,Nagapattinam,10.7672,79.8449,Delta,28.49,29.82,27.18,76.96,2.81,3.13,21.77,36.94
2016-06-21,Nagapattinam,10.7672,79.8449,Delta,27.42,28.5,26.54,82.18,3.63,3.43,16.52,36.93
2016-06-22,Nagapattinam,10.7672,79.8449,Delta,27.75,29.83,26.0,76.36,4.11,5.77,14.82,36.93
2016-06-23,Nagapattinam,10.7672,79.8449,Delta,27.77,29.54,26.22,78.07,4.79,10.76,10.63,36.92
2016-06-24,Nagapattinam,10.7672,79.8449,Delta,27.83,30.07,25.58,73.69,3.2,3.88,11.65,36.92
2016-06-25,Nagapattinam,10.7672,79.8449,Delta,28.54,31.0,26.38,70.0,3.22,4.27,15.89,36.92
2016-06-26,Nagapattinam,10.7672,79.8449,Delta,29.31,32.22,26.9,70.94,3.41,0.65,19.89,36.92
2016-06-27,Nagapattinam,10.7672,79.8449,Delta,29.66,32.78,26.91,72.76,3.64,1.77,18.58,36.92
2016-06-28,Nagapattinam,10.7672,79.8449,Delta,29.36,31.74,27.17,71.75,5.42,0.73,11.84,36.92
2016-06-29,Nagapattinam,10.7672,79.8449,Delta,29.69,32.76,27.13,70.91,5.82,2.48,15.05,36.92
2016-06-30,Nagapattinam,10.7672,79.8449,Delta,29.87,32.77,27.28,69.61,5.77,2.4,18.99,36.92
2016-07-01,Nagapattinam,10.7672,79.8449,Delta,30.19,33.72,27.11,67.55,6.36,0.07,21.97,36.93
2016-07-02,Nagapattinam,10.7672,79.8449,Delta,29.96,33.16,27.07,67.8,5.67,0.02,22.87,36.93
2016-07-03,Nagapattinam,10.7672,79.8449,Delta,30.33,33.44,27.6,69.09,4.76,0.04,23.37,36.93
2016-07-04,Nagapattinam,10.7672,79.8449,Delta,30.08,32.77,27.56,68.71,4.47,0.14,22.09,36.94
2016-07-05,Nagapattinam,10.7672,79.8449,Delta,29.79,32.22,27.45,72.53,4.23,0.34,22.94,36.95
2016-07-06,Nagapattinam,10.7672,79.8449,Delta,29.67,31.97,27.93,75.91,4.41,3.85,19.74,36.95
2016-07-07,Nagapattinam,10.7672,79.8449,Delta,29.95,32.7,28.05,71.17,3.66,0.5,18.51,36.96
2016-07-08,Nagapattinam,10.7672,79.8449,Delta,30.15,33.64,27.53,64.33,6.22,0.87,20.53,36.97
2016-07-09,Nagapattinam,10.7672,79.8449,Delta,30.44,34.07,27.29,63.88,6.57,0.25,21.66,36.98
2016-07-10,Nagapattinam,10.7672,79.8449,Delta,30.49,33.44,27.98,67.71,6.88,0.18,20.2,36.99
2016-07-11,Nagapattinam,10.7672,79.8449,Delta,30.44,33.4,27.82,67.36,6.09,0.05,19.87,37.0
2016-07-12,Nagapattinam,10.7672,79.8449,Delta,30.17,32.95,27.55,67.74,5.06,0.06,22.06,37.01
2016-07-13,Nagapattinam,10.7672,79.8449,Delta,30.02,33.39,27.22,69.63,5.11,0.02,23.07,37.02
2016-07-14,Nagapattinam,10.7672,79.8449,Delta,30.18,33.27,27.86,68.84,4.09,0.06,23.44,37.03
2016-07-15,Nagapattinam,10.7672,79.8449,Delta,29.61,31.9,28.13,74.16,4.25,3.43,21.41,37.04
2016-07-16,Nagapattinam,10.7672,79.8449,Delta,29.06,30.53,27.72,76.18,3.21,2.51,22.24,37.04
2016-07-17,Nagapattinam,10.7672,79.8449,Delta,28.59,30.13,27.2,76.13,3.32,3.66,13.13,37.05
2016-07-18,Nagapattinam,10.7672,79.8449,Delta,28.05,29.71,26.51,78.07,3.21,6.88,21.36,37.06
2016-07-19,Nagapattinam,10.7672,79.8449,Delta,28.15,30.44,25.89,73.89,3.58,2.81,18.96,37.08
2016-07-20,Nagapattinam,10.7672,79.8449,Delta,28.98,31.18,26.71,71.7,2.52,3.96,16.94,37.09
2016-07-21,Nagapattinam,10.7672,79.8449,Delta,28.98,31.87,26.37,71.93,3.06,3.24,17.25,37.11
2016-07-22,Nagapattinam,10.7672,79.8449,Delta,29.42,32.38,26.92,69.55,3.83,4.52,16.48,37.12
2016-07-23,Nagapattinam,10.7672,79.8449,Delta,29.03,31.34,26.77,71.52,4.52,4.88,14.65,37.14
2016-07-24,Nagapattinam,10.7672,79.8449,Delta,28.76,31.25,26.96,74.84,4.29,2.76,20.71,37.15
2016-07-25,Nagapattinam,10.7672,79.8449,Delta,28.51,30.67,27.01,78.65,2.75,9.73,21.27,37.17
2016-07-26,Nagapattinam,10.7672,79.8449,Delta,27.95,29.3,26.75,82.95,3.33,7.79,20.31,37.18
2016-07-27,Nagapattinam,10.7672,79.8449,Delta,27.7,28.96,26.28,82.75,3.06,5.34,22.06,37.19
2016-07-28,Nagapattinam,10.7672,79.8449,Delta,28.16,29.51,26.8,81.16,2.87,4.23,22.06,37.21
2016-07-29,Nagapattinam,10.7672,79.8449,Delta,28.54,30.18,27.15,78.75,3.39,3.78,19.98,37.22
2016-07-30,Nagapattinam,10.7672,79.8449,Delta,28.82,31.0,27.39,77.41,4.43,4.37,16.49,37.23
2016-07-31,Nagapattinam,10.7672,79.8449,Delta,29.48,33.1,25.91,71.82,5.2,1.12,21.6,37.24
2016-08-01,Nagapattinam,10.7672,79.8449,Delta,29.45,32.26,26.39,71.71,5.46,0.87,22.68,37.25
2016-08-02,Nagapattinam,10.7672,79.8449,Delta,29.15,32.32,26.34,70.47,6.27,0.06,22.68,37.27
2016-08-03,Nagapattinam,10.7672,79.8449,Delta,29.84,33.87,26.32,67.83,6.52,0.22,23.14,37.28
2016-08-04,Nagapattinam,10.7672,79.8449,Delta,29.8,32.98,26.76,68.47,5.64,0.02,22.19,37.29
2016-08-05,Nagapattinam,10.7672,79.8449,Delta,29.65,32.39,26.67,69.17,5.28,0.08,18.54,37.3
2016-08-06,Nagapattinam,10.7672,79.8449,Delta,29.85,32.76,26.79,68.41,4.26,0.09,24.97,37.31
2016-08-07,Nagapattinam,10.7672,79.8449,Delta,29.92,32.96,27.05,69.7,4.52,0.18,24.52,37.32
2016-08-08,Nagapattinam,10.7672,79.8449,Delta,30.08,33.13,27.41,68.61,3.66,0.15,24.81,37.33
2016-08-09,Nagapattinam,10.7672,79.8449,Delta,30.19,33.1,27.77,69.02,4.08,0.86,23.32,37.34
2016-08-10,Nagapattinam,10.7672,79.8449,Delta,30.15,33.56,27.2,69.56,4.31,1.39,25.13,37.35
2016-08-11,Nagapattinam,10.7672,79.8449,Delta,29.63,32.32,27.29,71.49,3.74,1.83,24.63,37.36
2016-08-12,Nagapattinam,10.7672,79.8449,Delta,30.01,32.43,27.8,71.03,3.77,0.97,23.21,37.36
2016-08-13,Nagapattinam,10.7672,79.8449,Delta,30.0,32.86,27.56,72.25,4.16,1.95,22.21,37.36
2016-08-14,Nagapattinam,10.7672,79.8449,Delta,29.99,32.81,27.26,70.93,4.45,1.43,21.12,37.37
2016-08-15,Nagapattinam,10.7672,79.8449,Delta,30.2,33.14,27.15,68.06,4.94,0.42,23.22,37.37
2016-08-16,Nagapattinam,10.7672,79.8449,Delta,30.32,33.57,27.06,66.94,5.19,0.18,22.94,37.38
2016-08-17,Nagapattinam,10.7672,79.8449,Delta,30.01,32.92,27.02,67.94,4.89,0.32,21.87,37.38
2016-08-18,Nagapattinam,10.7672,79.8449,Delta,30.49,33.79,27.63,67.24,4.42,0.69,23.62,37.39
2016-08-19,Nagapattinam,10.7672,79.8449,Delta,30.38,33.47,27.74,66.34,4.14,0.24,23.51,37.38
2016-08-20,Nagapattinam,10.7672,79.8449,Delta,30.3,33.27,28.19,69.65,3.48,0.51,23.88,37.38
2016-08-21,Nagapattinam,10.7672,79.8449,Delta,29.83,31.63,28.18,72.43,2.59,1.22,20.31,37.38
2016-08-22,Nagapattinam,10.7672,79.8449,Delta,29.95,32.03,28.23,72.15,3.0,0.89,21.8,37.37
2016-08-23,Nagapattinam,10.7672,79.8449,Delta,29.89,31.67,28.32,72.35,3.23,1.33,21.03,37.37
2016-08-24,Nagapattinam,10.7672,79.8449,Delta,29.95,32.69,27.39,70.73,3.7,1.0,23.34,37.36
2016-08-25,Nagapattinam,10.7672,79.8449,Delta,28.49,30.59,26.52,78.11,4.37,8.47,17.31,37.36
2016-08-26,Nagapattinam,10.7672,79.8449,Delta,27.79,29.26,26.42,81.62,2.89,10.76,15.36,37.35
2016-08-27,Nagapattinam,10.7672,79.8449,Delta,28.39,30.58,26.65,80.18,4.04,10.36,16.88,37.33
2016-08-28,Nagapattinam,10.7672,79.8449,Delta,28.78,31.52,26.63,75.63,4.15,8.33,22.19,37.32
2016-08-29,Nagapattinam,10.7672,79.8449,Delta,28.77,30.85,26.69,76.88,3.66,6.32,22.66,37.31
2016-08-30,Nagapattinam,10.7672,79.8449,Delta,28.41,30.39,26.43,78.76,4.05,15.35,19.14,37.3
2016-08-31,Nagapattinam,10.7672,79.8449,Delta,28.02,30.6,25.63,77.18,4.39,10.68,18.89,37.29
2016-09-01,Nagapattinam,10.7672,79.8449,Delta,27.98,30.47,25.87,73.8,4.27,1.13,20.04,37.27
2016-09-02,Nagapattinam,10.7672,79.8449,Delta,28.54,31.44,26.13,73.57,4.5,1.09,21.65,37.25
2016-09-03,Nagapattinam,10.7672,79.8449,Delta,28.65,31.59,26.02,73.31,4.21,0.67,23.46,37.22
2016-09-04,Nagapattinam,10.7672,79.8449,Delta,29.15,31.61,27.34,74.77,3.98,1.03,17.83,37.2
2016-09-05,Nagapattinam,10.7672,79.8449,Delta,29.26,31.87,27.02,72.26,3.52,0.42,21.79,37.18
2016-09-06,Nagapattinam,10.7672,79.8449,Delta,29.39,32.49,26.78,70.15,3.73,1.01,21.43,37.16
2016-09-07,Nagapattinam,10.7672,79.8449,Delta,29.25,32.36,26.26,68.75,4.12,0.39,22.66,37.13
2016-09-08,Nagapattinam,10.7672,79.8449,Delta,29.02,31.7,26.39,70.78,4.2,0.14,24.06,37.11
2016-09-09,Nagapattinam,10.7672,79.8449,Delta,29.49,32.81,26.86,71.33,3.57,0.52,23.07,37.08
2016-09-10,Nagapattinam,10.7672,79.8449,Delta,29.42,32.12,27.55,75.52,3.84,3.94,20.25,37.05
2016-09-11,Nagapattinam,10.7672,79.8449,Delta,28.2,29.74,26.9,78.43,2.96,5.54,17.85,37.02
2016-09-12,Nagapattinam,10.7672,79.8449,Delta,29.29,31.72,27.2,71.76,2.77,2.97,22.28,36.99
2016-09-13,Nagapattinam,10.7672,79.8449,Delta,29.16,31.4,27.21,73.03,2.73,3.67,15.52,36.95
2016-09-14,Nagapattinam,10.7672,79.8449,Delta,29.12,31.44,27.04,74.85,3.33,3.53,19.36,36.92
2016-09-15,Nagapattinam,10.7672,79.8449,Delta,29.62,32.22,27.73,73.24,3.89,2.4,23.49,36.88
2016-09-16,Nagapattinam,10.7672,79.8449,Delta,29.64,32.82,27.26,73.66,4.45,2.16,24.2,36.84
2016-09-17,Nagapattinam,10.7672,79.8449,Delta,29.29,31.9,26.91,73.57,4.69,1.88,20.69,36.79
2016-09-18,Nagapattinam,10.7672,79.8449,Delta,29.51,32.72,26.7,70.9,3.7,1.13,23.97,36.75
2016-09-19,Nagapattinam,10.7672,79.8449,Delta,29.66,32.7,27.21,68.59,3.77,0.94,22.59,36.7
2016-09-20,Nagapattinam,10.7672,79.8449,Delta,29.25,31.63,27.57,72.37,3.36,3.6,20.98,36.66
2016-09-21,Nagapattinam,10.7672,79.8449,Delta,29.41,32.33,27.32,71.74,3.35,3.61,16.51,36.61
2016-09-22,Nagapattinam,10.7672,79.8449,Delta,29.86,33.34,27.21,69.76,3.94,2.73,21.24,36.56
2016-09-23,Nagapattinam,10.7672,79.8449,Delta,30.1,33.45,27.23,66.39,4.81,0.29,22.44,36.51
2016-09-24,Nagapattinam,10.7672,79.8449,Delta,30.24,33.77,27.47,67.24,4.93,0.64,22.82,36.45
2016-09-25,Nagapattinam,10.7672,79.8449,Delta,29.9,33.57,26.76,67.96,4.89,0.23,22.86,36.4
2016-09-26,Nagapattinam,10.7672,79.8449,Delta,30.06,33.33,27.82,69.72,3.84,0.59,21.68,36.34
2016-09-27,Nagapattinam,10.7672,79.8449,Delta,29.65,31.71,27.7,74.19,2.72,1.68,19.07,36.28
2016-09-28,Nagapattinam,10.7672,79.8449,Delta,29.37,31.49,27.48,75.99,2.84,3.38,17.5,36.22
2016-09-29,Nagapattinam,10.7672,79.8449,Delta,28.84,30.73,27.38,77.49,2.72,10.36,15.08,36.16
2016-09-30,Nagapattinam,10.7672,79.8449,Delta,28.72,31.02,26.82,80.4,3.34,6.0,16.9,36.09
2016-10-01,Nagapattinam,10.7672,79.8449,Delta,29.23,32.05,27.07,73.72,3.51,1.93,22.19,36.03
2016-10-02,Nagapattinam,10.7672,79.8449,Delta,29.28,32.4,27.11,72.81,3.73,0.6,22.69,35.96
2016-10-03,Nagapattinam,10.7672,79.8449,Delta,29.1,31.78,27.11,73.06,3.8,0.16,21.74,35.9
2016-10-04,Nagapattinam,10.7672,79.8449,Delta,29.51,32.81,26.99,72.1,3.22,1.75,22.26,35.83
2016-10-05,Nagapattinam,10.7672,79.8449,Delta,28.04,29.56,26.88,79.11,2.56,4.48,19.45,35.75
2016-10-06,Nagapattinam,10.7672,79.8449,Delta,28.89,30.78,27.03,74.89,2.6,1.49,22.53,35.68
2016-10-07,Nagapattinam,10.7672,79.8449,Delta,29.11,31.39,27.05,72.58,3.25,1.04,21.05,35.6
2016-10-08,Nagapattinam,10.7672,79.8449,Delta,29.12,31.91,27.4,72.63,4.31,0.96,22.05,35.53
2016-10-09,Nagapattinam,10.7672,79.8449,Delta,29.73,32.86,27.12,71.36,3.75,1.49,22.78,35.45
2016-10-10,Nagapattinam,10.7672,79.8449,Delta,29.72,33.15,27.14,69.33,3.94,0.59,23.19,35.38
2016-10-11,Nagapattinam,10.7672,79.8449,Delta,29.3,31.29,27.55,73.72,3.42,1.42,19.92,35.3
2016-10-12,Nagapattinam,10.7672,79.8449,Delta,28.93,30.39,27.36,73.96,2.82,4.15,16.18,35.23
2016-10-13,Nagapattinam,10.7672,79.8449,Delta,29.17,31.65,27.03,73.53,2.12,3.21,18.27,35.14
2016-10-14,Nagapattinam,10.7672,79.8449,Delta,28.87,30.96,26.95,70.36,1.77,1.31,18.07,35.06
2016-10-15,Nagapattinam,10.7672,79.8449,Delta,29.0,31.17,27.28,66.53,2.54,0.05,17.98,34.98
2016-10-16,Nagapattinam,10.7672,79.8449,Delta,28.59,30.98,26.8,66.53,2.5,0.02,18.94,34.89
2016-10-17,Nagapattinam,10.7672,79.8449,Delta,28.88,31.24,27.25,64.58,2.12,0.0,19.05,34.81
2016-10-18,Nagapattinam,10.7672,79.8449,Delta,28.91,31.1,27.29,65.06,1.93,0.09,18.48,34.73
2016-10-19,Nagapattinam,10.7672,79.8449,Delta,29.31,31.41,27.75,63.34,1.67,0.74,17.05,34.64
2016-10-20,Nagapattinam,10.7672,79.8449,Delta,28.87,30.54,27.6,70.64,1.75,3.09,12.82,34.55
2016-10-21,Nagapattinam,10.7672,79.8449,Delta,27.64,28.71,26.77,77.08,2.47,3.37,6.11,34.46
2016-10-22,Nagapattinam,10.7672,79.8449,Delta,27.82,29.45,26.29,74.69,1.23,5.17,14.81,34.38
2016-10-23,Nagapattinam,10.7672,79.8449,Delta,27.96,29.9,26.45,75.79,1.85,5.19,14.49,34.29
2016-10-24,Nagapattinam,10.7672,79.8449,Delta,27.89,29.59,26.47,75.61,1.99,2.89,15.5,34.2
2016-10-25,Nagapattinam,10.7672,79.8449,Delta,28.57,31.0,26.75,63.04,1.82,0.17,17.69,34.1
2016-10-26,Nagapattinam,10.7672,79.8449,Delta,28.67,31.1,26.72,62.69,2.14,0.01,19.22,34.01
2016-10-27,Nagapattinam,10.7672,79.8449,Delta,29.15,31.29,27.41,60.6,1.72,0.12,16.46,33.92
2016-10-28,Nagapattinam,10.7672,79.8449,Delta,29.41,32.05,27.04,67.85,2.64,0.36,18.61,33.83
2016-10-29,Nagapattinam,10.7672,79.8449,Delta,29.6,32.7,27.42,72.13,3.12,5.08,17.54,33.74
2016-10-30,Nagapattinam,10.7672,79.8449,Delta,28.49,30.17,27.43,76.69,1.85,7.13,14.93,33.65
2016-10-31,Nagapattinam,10.7672,79.8449,Delta,28.0,29.49,26.81,79.39,3.72,4.33,13.86,33.56
2016-11-01,Nagapattinam,10.7672,79.8449,Delta,28.28,30.21,26.83,75.08,4.32,2.64,17.22,33.47
2016-11-02,Nagapattinam,10.7672,79.8449,Delta,27.15,27.94,26.48,85.45,4.17,13.9,7.23,33.38
2016-11-03,Nagapattinam,10.7672,79.8449,Delta,27.48,28.86,26.24,84.56,3.65,9.05,10.8,33.29
2016-11-04,Nagapattinam,10.7672,79.8449,Delta,28.36,30.92,26.31,78.11,3.35,2.71,17.59,33.2
2016-11-05,Nagapattinam,10.7672,79.8449,Delta,28.31,30.48,26.83,78.47,3.16,0.89,18.78,33.11
2016-11-06,Nagapattinam,10.7672,79.8449,Delta,28.16,30.32,26.26,74.92,2.05,0.48,16.27,33.02
2016-11-07,Nagapattinam,10.7672,79.8449,Delta,28.21,30.33,26.64,67.31,2.35,0.27,13.57,32.93
2016-11-08,Nagapattinam,10.7672,79.8449,Delta,28.01,29.87,26.59,69.6,3.86,0.17,15.8,32.84
2016-11-09,Nagapattinam,10.7672,79.8449,Delta,27.57,29.9,25.86,63.74,3.97,0.01,18.04,32.75
2016-11-10,Nagapattinam,10.7672,79.8449,Delta,27.26,29.4,25.55,68.68,3.59,0.06,18.61,32.66
2016-11-11,Nagapattinam,10.7672,79.8449,Delta,27.4,29.46,25.71,72.7,3.22,0.25,18.56,32.57
2016-11-12,Nagapattinam,10.7672,79.8449,Delta,27.48,29.36,25.91,78.3,3.81,1.37,16.52,32.49
2016-11-13,Nagapattinam,10.7672,79.8449,Delta,27.64,29.62,26.31,81.52,3.64,5.96,14.66,32.4
2016-11-14,Nagapattinam,10.7672,79.8449,Delta,28.06,29.78,26.56,77.88,3.76,1.46,16.35,32.32
2016-11-15,Nagapattinam,10.7672,79.8449,Delta,28.09,30.07,26.82,73.94,3.83,0.53,18.89,32.24
2016-11-16,Nagapattinam,10.7672,79.8449,Delta,27.9,29.42,26.47,80.07,5.12,3.89,14.53,32.16
2016-11-17,Nagapattinam,10.7672,79.8449,Delta,28.24,30.03,27.24,77.23,5.42,6.41,14.45,32.08
2016-11-18,Nagapattinam,10.7672,79.8449,Delta,27.9,29.72,26.62,77.04,5.93,3.99,12.86,32.0
2016-11-19,Nagapattinam,10.7672,79.8449,Delta,27.67,29.41,26.6,76.12,5.24,4.93,8.43,31.92
2016-11-20,Nagapattinam,10.7672,79.8449,Delta,27.43,29.25,26.15,76.16,4.97,1.22,9.43,31.84
2016-11-21,Nagapattinam,10.7672,79.8449,Delta,27.37,29.13,26.17,77.14,4.58,1.31,16.48,31.77
2016-11-22,Nagapattinam,10.7672,79.8449,Delta,27.37,29.52,25.6,76.55,4.72,0.34,16.28,31.69
2016-11-23,Nagapattinam,10.7672,79.8449,Delta,26.9,28.92,25.45,73.82,4.59,0.16,18.95,31.62
2016-11-24,Nagapattinam,10.7672,79.8449,Delta,26.48,28.79,24.89,70.45,4.64,0.07,19.69,31.55
2016-11-25,Nagapattinam,10.7672,79.8449,Delta,26.66,29.24,24.88,73.45,4.74,0.05,17.63,31.49
2016-11-26,Nagapattinam,10.7672,79.8449,Delta,26.33,28.72,24.32,73.93,4.39,0.05,19.39,31.42
2016-11-27,Nagapattinam,10.7672,79.8449,Delta,25.79,28.4,23.63,70.12,4.32,0.0,19.21,31.36
2016-11-28,Nagapattinam,10.7672,79.8449,Delta,25.65,28.04,23.89,70.14,2.84,0.0,15.54,31.29
2016-11-29,Nagapattinam,10.7672,79.8449,Delta,25.71,28.07,23.45,73.05,3.45,0.0,13.72,31.24
2016-11-30,Nagapattinam,10.7672,79.8449,Delta,26.1,27.81,24.43,73.76,4.69,1.26,13.54,31.18
2016-12-01,Nagapattinam,10.7672,79.8449,Delta,25.53,26.94,24.17,86.22,7.6,23.23,5.28,31.13
2016-12-02,Nagapattinam,10.7672,79.8449,Delta,26.34,27.96,24.94,82.52,5.65,6.81,6.78,31.08
2016-12-03,Nagapattinam,10.7672,79.8449,Delta,26.87,28.62,25.38,81.45,3.51,2.53,17.77,31.03
2016-12-04,Nagapattinam,10.7672,79.8449,Delta,27.17,29.07,25.94,79.08,3.09,1.92,17.18,30.98
2016-12-05,Nagapattinam,10.7672,79.8449,Delta,27.03,29.09,25.66,78.93,4.56,1.16,18.61,30.93
2016-12-06,Nagapattinam,10.7672,79.8449,Delta,26.49,28.5,24.76,70.87,5.39,0.01,19.21,30.89
2016-12-07,Nagapattinam,10.7672,79.8449,Delta,26.53,28.43,24.65,80.74,5.01,3.27,15.72,30.86
2016-12-08,Nagapattinam,10.7672,79.8449,Delta,26.86,28.76,25.6,78.01,4.78,1.23,16.18,30.82
2016-12-09,Nagapattinam,10.7672,79.8449,Delta,26.65,29.07,24.84,70.42,4.06,0.0,16.14,30.79
2016-12-10,Nagapattinam,10.7672,79.8449,Delta,25.82,28.54,23.3,64.91,4.06,0.0,14.17,30.75
2016-12-11,Nagapattinam,10.7672,79.8449,Delta,26.37,30.05,21.92,57.31,4.01,0.23,13.6,30.73
2016-12-12,Nagapattinam,10.7672,79.8449,Delta,26.78,30.56,24.0,67.74,4.19,13.83,13.29,30.7
2016-12-13,Nagapattinam,10.7672,79.8449,Delta,27.2,29.54,25.41,76.21,3.2,3.82,18.41,30.68
2016-12-14,Nagapattinam,10.7672,79.8449,Delta,26.49,28.4,25.09,79.87,3.32,0.13,18.65,30.66
2016-12-15,Nagapattinam,10.7672,79.8449,Delta,26.27,28.39,24.88,78.77,3.69,0.07,18.61,30.65
2016-12-16,Nagapattinam,10.7672,79.8449,Delta,26.15,27.95,24.5,81.4,4.29,3.51,15.65,30.63
2016-12-17,Nagapattinam,10.7672,79.8449,Delta,26.21,28.34,24.75,76.94,4.64,0.22,17.36,30.62
2016-12-18,Nagapattinam,10.7672,79.8449,Delta,25.99,28.21,24.17,76.28,4.5,0.02,17.98,30.61
2016-12-19,Nagapattinam,10.7672,79.8449,Delta,26.22,28.23,24.45,76.18,5.78,0.1,17.13,30.61
2016-12-20,Nagapattinam,10.7672,79.8449,Delta,26.43,28.35,25.06,84.95,5.33,4.59,8.33,30.61
2016-12-21,Nagapattinam,10.7672,79.8449,Delta,26.31,28.41,24.83,82.33,4.75,0.98,15.28,30.61
2016-12-22,Nagapattinam,10.7672,79.8449,Delta,25.74,28.42,23.68,71.21,3.85,0.0,19.63,30.61
2016-12-23,Nagapattinam,10.7672,79.8449,Delta,25.03,27.69,23.17,67.32,3.45,0.0,20.02,30.62
2016-12-24,Nagapattinam,10.7672,79.8449,Delta,24.54,26.99,22.73,69.84,3.25,0.0,19.21,30.63
2016-12-25,Nagapattinam,10.7672,79.8449,Delta,24.75,27.53,22.77,68.56,3.01,0.0,20.09,30.65
2016-12-26,Nagapattinam,10.7672,79.8449,Delta,25.74,28.32,23.18,74.19,4.61,0.08,17.79,30.67
2016-12-27,Nagapattinam,10.7672,79.8449,Delta,26.68,28.85,24.96,78.11,5.5,1.26,14.1,30.68
2016-12-28,Nagapattinam,10.7672,79.8449,Delta,26.53,28.44,25.44,83.58,5.67,9.72,12.75,30.71
2016-12-29,Nagapattinam,10.7672,79.8449,Delta,26.25,28.11,25.07,77.36,5.62,0.72,17.57,30.74
2016-12-30,Nagapattinam,10.7672,79.8449,Delta,26.1,28.04,24.61,67.04,4.51,0.01,19.52,30.76
2016-12-31,Nagapattinam,10.7672,79.8449,Delta,26.17,28.35,24.68,65.18,4.24,0.0,20.21,30.8
2017-01-01,Nagapattinam,10.7672,79.8449,Delta,25.96,27.88,24.59,77.45,4.96,0.35,15.88,30.82
2017-01-02,Nagapattinam,10.7672,79.8449,Delta,26.08,28.08,24.48,78.11,5.25,0.66,18.25,30.86
2017-01-03,Nagapattinam,10.7672,79.8449,Delta,26.14,28.67,24.12,72.47,4.86,0.0,20.53,30.9
2017-01-04,Nagapattinam,10.7672,79.8449,Delta,25.57,28.01,23.12,69.93,4.63,0.0,20.79,30.94
2017-01-05,Nagapattinam,10.7672,79.8449,Delta,25.72,28.13,23.74,70.03,4.33,0.0,19.21,30.99
2017-01-06,Nagapattinam,10.7672,79.8449,Delta,25.48,28.05,23.29,73.59,4.17,0.0,19.22,31.04
2017-01-07,Nagapattinam,10.7672,79.8449,Delta,25.45,27.86,23.66,67.29,4.0,0.0,17.88,31.09
2017-01-08,Nagapattinam,10.7672,79.8449,Delta,25.11,27.75,23.12,64.16,3.89,0.0,19.95,31.15
2017-01-09,Nagapattinam,10.7672,79.8449,Delta,25.02,27.71,22.94,62.98,3.7,0.0,21.62,31.2
2017-01-10,Nagapattinam,10.7672,79.8449,Delta,25.29,27.87,22.86,66.26,3.54,0.0,20.51,31.26
2017-01-11,Nagapattinam,10.7672,79.8449,Delta,25.86,28.33,23.99,66.6,3.49,0.0,18.25,31.32
2017-01-12,Nagapattinam,10.7672,79.8449,Delta,26.02,28.22,24.25,70.69,3.33,0.0,18.03,31.39
2017-01-13,Nagapattinam,10.7672,79.8449,Delta,25.93,28.07,24.25,69.87,4.0,0.0,16.8,31.45
2017-01-14,Nagapattinam,10.7672,79.8449,Delta,25.94,28.0,24.25,69.96,4.69,0.01,16.56,31.52
2017-01-15,Nagapattinam,10.7672,79.8449,Delta,25.7,27.76,24.05,71.57,4.7,0.03,18.03,31.59
2017-01-16,Nagapattinam,10.7672,79.8449,Delta,25.39,27.69,23.64,69.26,4.64,0.03,18.22,31.67
2017-01-17,Nagapattinam,10.7672,79.8449,Delta,24.78,27.12,22.63,68.8,4.68,0.01,18.98,31.74
2017-01-18,Nagapattinam,10.7672,79.8449,Delta,25.57,27.71,23.61,65.03,5.34,0.25,19.12,31.82
2017-01-19,Nagapattinam,10.7672,79.8449,Delta,26.08,28.05,24.55,68.32,5.32,0.23,16.52,31.9
2017-01-20,Nagapattinam,10.7672,79.8449,Delta,26.03,28.01,24.63,78.25,6.1,11.08,14.83,31.98
2017-01-21,Nagapattinam,10.7672,79.8449,Delta,26.27,27.75,25.15,82.8,5.94,18.03,7.6,32.06
2017-01-22,Nagapattinam,10.7672,79.8449,Delta,26.08,28.08,24.67,75.51,5.4,1.27,17.58,32.14
2017-01-23,Nagapattinam,10.7672,79.8449,Delta,25.94,28.17,24.26,75.3,5.58,0.2,18.81,32.23
2017-01-24,Nagapattinam,10.7672,79.8449,Delta,26.03,27.74,24.56,73.94,5.86,0.05,14.88,32.31
2017-01-25,Nagapattinam,10.7672,79.8449,Delta,26.22,28.03,24.93,76.39,5.49,3.14,11.82,32.4
2017-01-26,Nagapattinam,10.7672,79.8449,Delta,26.22,27.94,25.15,83.5,5.01,6.53,8.45,32.49
2017-01-27,Nagapattinam,10.7672,79.8449,Delta,25.89,27.19,25.0,88.31,4.54,14.39,9.58,32.58
2017-01-28,Nagapattinam,10.7672,79.8449,Delta,25.84,27.5,24.68,86.92,4.25,6.73,17.37,32.68
2017-01-29,Nagapattinam,10.7672,79.8449,Delta,26.22,28.11,24.89,82.95,4.52,0.64,17.22,32.77
2017-01-30,Nagapattinam,10.7672,79.8449,Delta,25.62,27.87,23.99,80.05,4.21,0.35,21.26,32.86
2017-01-31,Nagapattinam,10.7672,79.8449,Delta,25.34,27.87,23.45,74.28,3.47,0.0,20.42,32.96
2017-02-01,Nagapattinam,10.7672,79.8449,Delta,25.3,27.94,23.18,70.47,3.73,0.0,22.78,33.07
2017-02-02,Nagapattinam,10.7672,79.8449,Delta,25.38,27.72,23.61,69.05,4.04,0.0,22.6,33.16
2017-02-03,Nagapattinam,10.7672,79.8449,Delta,25.37,27.75,23.73,70.15,4.36,0.0,22.93,33.26
2017-02-04,Nagapattinam,10.7672,79.8449,Delta,25.37,27.81,23.58,69.34,4.14,0.02,22.13,33.36
2017-02-05,Nagapattinam,10.7672,79.8449,Delta,25.4,28.0,23.21,64.91,3.03,0.01,20.36,33.46
2017-02-06,Nagapattinam,10.7672,79.8449,Delta,25.37,28.21,23.24,63.73,2.75,0.0,22.69,33.55
2017-02-07,Nagapattinam,10.7672,79.8449,Delta,25.05,28.03,23.07,63.18,2.71,0.0,23.15,33.65
2017-02-08,Nagapattinam,10.7672,79.8449,Delta,25.07,27.98,22.82,67.07,3.68,0.0,23.63,33.75
2017-02-09,Nagapattinam,10.7672,79.8449,Delta,25.07,27.75,23.07,69.67,3.63,0.01,23.25,33.85
2017-02-10,Nagapattinam,10.7672,79.8449,Delta,25.36,28.01,23.11,67.25,3.0,0.02,20.9,33.95
2017-02-11,Nagapattinam,10.7672,79.8449,Delta,25.69,28.33,23.72,66.43,3.67,0.06,20.98,34.05
2017-02-12,Nagapattinam,10.7672,79.8449,Delta,25.84,28.16,23.61,65.87,4.08,0.12,21.35,34.15
2017-02-13,Nagapattinam,10.7672,79.8449,Delta,26.7,28.81,25.15,69.26,5.12,0.68,20.88,34.25
2017-02-14,Nagapattinam,10.7672,79.8449,Delta,26.86,28.67,25.46,75.82,6.66,2.14,17.57,34.35
2017-02-15,Nagapattinam,10.7672,79.8449,Delta,26.6,28.6,25.32,71.48,5.64,0.09,22.26,34.45
2017-02-16,Nagapattinam,10.7672,79.8449,Delta,26.34,28.33,24.98,67.22,5.68,0.17,22.85,34.54
2017-02-17,Nagapattinam,10.7672,79.8449,Delta,25.86,28.12,24.18,63.48,4.86,0.01,22.43,34.64
2017-02-18,Nagapattinam,10.7672,79.8449,Delta,25.82,28.24,23.96,66.33,3.93,0.02,23.93,34.74
2017-02-19,Nagapattinam,10.7672,79.8449,Delta,25.69,28.87,23.48,67.71,3.1,0.0,23.38,34.83
2017-02-20,Nagapattinam,10.7672,79.8449,Delta,25.95,29.92,23.03,63.97,2.25,0.0,20.85,34.93
2017-02-21,Nagapattinam,10.7672,79.8449,Delta,26.65,30.43,23.77,68.89,2.86,0.07,19.12,35.02
2017-02-22,Nagapattinam,10.7672,79.8449,Delta,26.45,29.52,24.07,75.15,2.92,0.25,24.19,35.12
2017-02-23,Nagapattinam,10.7672,79.8449,Delta,26.54,29.64,24.26,72.61,2.88,0.06,24.91,35.21
2017-02-24,Nagapattinam,10.7672,79.8449,Delta,26.18,29.19,24.07,73.4,3.11,0.0,24.24,35.3
2017-02-25,Nagapattinam,10.7672,79.8449,Delta,26.28,29.66,23.88,73.0,2.9,0.0,24.9,35.39
2017-02-26,Nagapattinam,10.7672,79.8449,Delta,26.28,29.13,24.28,74.93,3.07,0.03,21.93,35.48
2017-02-27,Nagapattinam,10.7672,79.8449,Delta,26.5,29.05,24.35,75.22,4.2,0.37,15.33,35.57
2017-02-28,Nagapattinam,10.7672,79.8449,Delta,26.76,29.37,24.97,77.35,4.88,0.49,20.05,35.65
2017-03-01,Nagapattinam,10.7672,79.8449,Delta,26.59,29.32,24.53,71.7,4.48,0.19,20.84,35.74
2017-03-02,Nagapattinam,10.7672,79.8449,Delta,26.8,29.03,25.02,70.41,4.35,0.02,14.74,35.83
2017-03-03,Nagapattinam,10.7672,79.8449,Delta,27.09,29.26,25.48,78.28,3.99,2.59,13.92,35.91
2017-03-04,Nagapattinam,10.7672,79.8449,Delta,26.63,27.99,25.68,83.53,3.06,16.42,9.09,35.99
2017-03-05,Nagapattinam,10.7672,79.8449,Delta,27.3,29.5,25.31,80.57,2.93,2.93,21.66,36.07
2017-03-06,Nagapattinam,10.7672,79.8449,Delta,28.01,30.43,25.89,79.23,3.2,1.73,21.4,36.15
2017-03-07,Nagapattinam,10.7672,79.8449,Delta,27.98,29.95,26.3,80.07,3.42,2.31,22.15,36.23
2017-03-08,Nagapattinam,10.7672,79.8449,Delta,28.09,29.97,26.67,79.3,3.99,1.37,20.55,36.3
2017-03-09,Nagapattinam,10.7672,79.8449,Delta,28.05,29.89,26.72,80.97,4.03,1.65,21.57,36.38
2017-03-10,Nagapattinam,10.7672,79.8449,Delta,27.94,29.26,26.62,82.02,3.75,1.29,21.98,36.45
2017-03-11,Nagapattinam,10.7672,79.8449,Delta,28.44,30.42,26.57,80.17,3.46,1.43,22.34,36.52
2017-03-12,Nagapattinam,10.7672,79.8449,Delta,28.42,30.09,26.76,78.21,3.2,1.52,20.65,36.59
2017-03-13,Nagapattinam,10.7672,79.8449,Delta,28.11,29.68,26.76,79.52,2.85,2.9,23.02,36.66
2017-03-14,Nagapattinam,10.7672,79.8449,Delta,27.72,29.3,26.44,81.17,3.16,3.46,17.13,36.72
2017-03-15,Nagapattinam,10.7672,79.8449,Delta,27.87,30.06,26.2,77.46,3.35,2.16,14.66,36.79
2017-03-16,Nagapattinam,10.7672,79.8449,Delta,27.84,30.08,26.12,75.28,2.85,0.43,19.46,36.85
2017-03-17,Nagapattinam,10.7672,79.8449,Delta,28.14,30.74,26.03,69.02,2.81,0.0,24.13,36.91
2017-03-18,Nagapattinam,10.7672,79.8449,Delta,28.32,31.0,26.11,71.42,3.34,0.0,23.1,36.97
2017-03-19,Nagapattinam,10.7672,79.8449,Delta,28.54,31.4,26.26,73.39,3.24,0.02,23.15,37.03
2017-03-20,Nagapattinam,10.7672,79.8449,Delta,28.85,31.7,26.61,74.48,3.15,0.38,22.99,37.08
2017-03-21,Nagapattinam,10.7672,79.8449,Delta,28.71,31.08,26.99,75.75,3.39,1.38,21.83,37.13
2017-03-22,Nagapattinam,10.7672,79.8449,Delta,28.35,30.95,26.49,74.08,3.22,0.03,23.92,37.18
2017-03-23,Nagapattinam,10.7672,79.8449,Delta,27.96,30.78,25.84,70.41,3.0,0.0,25.14,37.23
2017-03-24,Nagapattinam,10.7672,79.8449,Delta,27.5,30.47,25.19,65.04,3.23,0.0,26.42,37.28
2017-03-25,Nagapattinam,10.7672,79.8449,Delta,27.82,30.75,25.64,67.16,3.24,0.0,26.98,37.32
2017-03-26,Nagapattinam,10.7672,79.8449,Delta,27.58,30.52,25.52,69.02,3.19,0.0,27.08,37.37
2017-03-27,Nagapattinam,10.7672,79.8449,Delta,28.12,31.09,25.68,70.29,2.85,0.0,27.04,37.41
2017-03-28,Nagapattinam,10.7672,79.8449,Delta,28.35,31.41,26.02,74.15,2.85,0.05,23.1,37.44
2017-03-29,Nagapattinam,10.7672,79.8449,Delta,28.56,31.55,26.09,70.47,2.51,0.0,23.44,37.48
2017-03-30,Nagapattinam,10.7672,79.8449,Delta,29.11,31.71,26.79,75.33,2.87,0.36,25.93,37.51
2017-03-31,Nagapattinam,10.7672,79.8449,Delta,29.2,31.63,27.22,75.03,3.49,0.22,24.56,37.54
2017-04-01,Nagapattinam,10.7672,79.8449,Delta,28.95,32.01,26.67,74.07,3.25,0.0,25.1,37.57
2017-04-02,Nagapattinam,10.7672,79.8449,Delta,29.29,32.26,26.62,74.82,3.84,0.1,26.21,37.6
2017-04-03,Nagapattinam,10.7672,79.8449,Delta,29.71,32.49,27.83,75.74,3.44,0.42,25.55,37.63
2017-04-04,Nagapattinam,10.7672,79.8449,Delta,29.52,31.77,27.78,77.55,3.79,0.64,23.87,37.67
2017-04-05,Nagapattinam,10.7672,79.8449,Delta,29.76,32.27,27.96,74.99,3.34,0.38,24.64,37.7
2017-04-06,Nagapattinam,10.7672,79.8449,Delta,29.75,32.13,27.87,76.38,4.01,0.26,24.59,37.72
2017-04-07,Nagapattinam,10.7672,79.8449,Delta,29.96,32.68,27.82,71.92,3.26,0.1,25.13,37.74
2017-04-08,Nagapattinam,10.7672,79.8449,Delta,30.01,32.67,27.7,68.17,3.87,0.01,23.26,37.76
2017-04-09,Nagapattinam,10.7672,79.8449,Delta,29.85,32.47,27.72,71.36,3.62,0.05,23.79,37.78
2017-04-10,Nagapattinam,10.7672,79.8449,Delta,30.01,33.26,26.84,71.61,3.3,0.14,23.42,37.8
2017-04-11,Nagapattinam,10.7672,79.8449,Delta,29.98,32.14,28.39,75.3,3.03,2.03,24.18,37.81
2017-04-12,Nagapattinam,10.7672,79.8449,Delta,29.48,30.99,28.3,76.84,2.54,1.68,23.16,37.82
2017-04-13,Nagapattinam,10.7672,79.8449,Delta,29.74,32.16,28.07,73.37,2.89,0.2,22.82,37.83
2017-04-14,Nagapattinam,10.7672,79.8449,Delta,29.62,32.62,27.76,71.77,2.21,0.17,22.58,37.84
2017-04-15,Nagapattinam,10.7672,79.8449,Delta,30.06,33.19,27.66,69.82,2.37,0.11,23.28,37.85
2017-04-16,Nagapattinam,10.7672,79.8449,Delta,30.91,34.32,28.36,71.56,4.25,0.22,24.76,37.86
2017-04-17,Nagapattinam,10.7672,79.8449,Delta,31.17,34.58,28.47,70.29,4.65,0.08,23.03,37.86
2017-04-18,Nagapattinam,10.7672,79.8449,Delta,30.8,34.14,28.32,71.52,4.45,0.09,23.87,37.86
2017-04-19,Nagapattinam,10.7672,79.8449,Delta,30.64,34.03,28.2,72.89,4.55,0.07,24.53,37.87
2017-04-20,Nagapattinam,10.7672,79.8449,Delta,30.49,33.73,28.11,73.33,5.1,0.02,22.9,37.87
2017-04-21,Nagapattinam,10.7672,79.8449,Delta,31.05,34.44,28.74,68.95,4.98,0.07,22.91,37.86
2017-04-22,Nagapattinam,10.7672,79.8449,Delta,30.91,34.13,28.94,71.87,4.08,0.41,23.43,37.86
2017-04-23,Nagapattinam,10.7672,79.8449,Delta,30.71,33.69,28.84,74.43,4.38,0.58,23.99,37.86
2017-04-24,Nagapattinam,10.7672,79.8449,Delta,31.03,34.39,28.67,72.67,4.35,0.46,23.6,37.85
2017-04-25,Nagapattinam,10.7672,79.8449,Delta,30.88,34.19,28.63,71.69,4.37,0.27,23.68,37.84
2017-04-26,Nagapattinam,10.7672,79.8449,Delta,30.5,33.6,28.44,74.43,3.75,0.18,23.83,37.84
2017-04-27,Nagapattinam,10.7672,79.8449,Delta,30.26,33.33,28.08,74.94,4.02,0.11,25.58,37.83
2017-04-28,Nagapattinam,10.7672,79.8449,Delta,30.44,33.78,27.84,73.59,3.87,0.06,25.73,37.82
2017-04-29,Nagapattinam,10.7672,79.8449,Delta,30.48,33.36,28.21,72.48,3.77,0.11,24.93,37.81
2017-04-30,Nagapattinam,10.7672,79.8449,Delta,30.37,32.96,28.43,70.93,3.52,0.15,24.23,37.8
2017-05-01,Nagapattinam,10.7672,79.8449,Delta,30.11,32.46,28.25,70.19,3.47,0.29,23.36,37.78
2017-05-02,Nagapattinam,10.7672,79.8449,Delta,30.08,32.38,28.59,71.17,3.34,0.5,24.45,37.76
2017-05-03,Nagapattinam,10.7672,79.8449,Delta,29.87,31.58,28.36,71.28,3.17,0.46,21.23,37.75
2017-05-04,Nagapattinam,10.7672,79.8449,Delta,29.94,31.59,28.61,73.07,2.97,1.23,24.02,37.73
2017-05-05,Nagapattinam,10.7672,79.8449,Delta,30.25,32.2,28.29,73.23,3.36,0.95,23.92,37.72
2017-05-06,Nagapattinam,10.7672,79.8449,Delta,30.21,31.66,28.79,77.7,3.71,3.61,24.48,37.7
2017-05-07,Nagapattinam,10.7672,79.8449,Delta,30.25,32.15,28.46,76.89,3.83,2.26,22.58,37.69
2017-05-08,Nagapattinam,10.7672,79.8449,Delta,30.97,33.79,28.8,71.55,3.32,1.45,22.7,37.67
2017-05-09,Nagapattinam,10.7672,79.8449,Delta,30.94,33.89,28.64,71.28,4.23,1.76,23.48,37.65
2017-05-10,Nagapattinam,10.7672,79.8449,Delta,29.77,30.77,28.78,77.74,2.72,3.07,20.8,37.63
2017-05-11,Nagapattinam,10.7672,79.8449,Delta,29.86,31.33,28.56,78.14,3.32,1.89,19.46,37.61
2017-05-12,Nagapattinam,10.7672,79.8449,Delta,29.79,30.66,28.82,77.69,2.93,1.37,22.35,37.59
2017-05-13,Nagapattinam,10.7672,79.8449,Delta,30.6,32.45,28.91,73.92,3.22,1.13,23.74,37.57
2017-05-14,Nagapattinam,10.7672,79.8449,Delta,31.64,34.87,28.93,71.41,4.8,0.56,22.51,37.55
2017-05-15,Nagapattinam,10.7672,79.8449,Delta,32.05,34.62,29.68,68.3,5.32,0.82,23.02,37.53
2017-05-16,Nagapattinam,10.7672,79.8449,Delta,31.66,34.14,29.85,70.96,5.3,1.07,19.57,37.51
2017-05-17,Nagapattinam,10.7672,79.8449,Delta,31.49,34.07,29.35,73.32,5.17,1.43,19.09,37.49
2017-05-18,Nagapattinam,10.7672,79.8449,Delta,31.18,32.82,29.75,72.82,5.26,3.33,19.52,37.47
2017-05-19,Nagapattinam,10.7672,79.8449,Delta,31.42,35.41,28.34,68.35,5.14,0.8,19.07,37.44
2017-05-20,Nagapattinam,10.7672,79.8449,Delta,30.85,33.44,28.9,72.6,4.68,1.89,21.66,37.42
2017-05-21,Nagapattinam,10.7672,79.8449,Delta,30.84,33.03,29.05,74.81,4.54,2.61,19.45,37.4
2017-05-22,Nagapattinam,10.7672,79.8449,Delta,30.97,32.98,28.97,74.94,3.36,3.98,18.59,37.38
2017-05-23,Nagapattinam,10.7672,79.8449,Delta,30.61,32.91,29.14,75.46,3.64,4.47,14.55,37.36
2017-05-24,Nagapattinam,10.7672,79.8449,Delta,31.03,33.91,29.02,72.28,4.16,1.2,13.4,37.34
2017-05-25,Nagapattinam,10.7672,79.8449,Delta,31.21,33.49,29.25,72.18,4.12,1.07,17.41,37.31
2017-05-26,Nagapattinam,10.7672,79.8449,Delta,30.44,32.66,28.91,74.67,3.7,4.26,15.56,37.29
2017-05-27,Nagapattinam,10.7672,79.8449,Delta,30.68,32.72,28.52,74.63,3.23,0.82,19.4,37.27
2017-05-28,Nagapattinam,10.7672,79.8449,Delta,30.67,32.79,28.63,73.41,5.29,1.59,19.24,37.25
2017-05-29,Nagapattinam,10.7672,79.8449,Delta,30.61,33.17,28.88,72.11,5.21,3.7,18.28,37.23
2017-05-30,Nagapattinam,10.7672,79.8449,Delta,31.24,34.01,28.81,68.48,5.72,2.79,23.32,37.21
2017-05-31,Nagapattinam,10.7672,79.8449,Delta,31.02,33.51,28.71,70.22,4.78,1.12,23.71,37.19
2017-06-01,Nagapattinam,10.7672,79.8449,Delta,30.67,33.05,28.23,68.63,4.46,0.42,23.0,37.17
2017-06-02,Nagapattinam,10.7672,79.8449,Delta,31.09,33.85,28.15,65.63,5.25,0.69,23.53,37.15
2017-06-03,Nagapattinam,10.7672,79.8449,Delta,31.08,33.61,28.26,66.75,5.3,0.31,23.47,37.14
2017-06-04,Nagapattinam,10.7672,79.8449,Delta,31.34,34.68,28.31,64.58,5.29,0.38,23.98,37.12
2017-06-05,Nagapattinam,10.7672,79.8449,Delta,31.17,33.68,28.93,68.66,5.02,2.21,24.03,37.1
2017-06-06,Nagapattinam,10.7672,79.8449,Delta,29.48,31.48,28.08,72.98,4.7,5.5,23.05,37.09
2017-06-07,Nagapattinam,10.7672,79.8449,Delta,29.62,31.61,27.94,72.65,2.57,3.42,16.28,37.07
2017-06-08,Nagapattinam,10.7672,79.8449,Delta,30.84,33.88,27.52,64.51,3.6,0.6,19.23,37.06
2017-06-09,Nagapattinam,10.7672,79.8449,Delta,30.74,33.21,28.22,65.09,4.81,1.03,19.3,37.04
2017-06-10,Nagapattinam,10.7672,79.8449,Delta,30.47,32.81,28.39,66.91,6.01,3.48,20.1,37.03
2017-06-11,Nagapattinam,10.7672,79.8449,Delta,30.42,33.27,27.65,65.92,6.33,0.86,17.81,37.02
2017-06-12,Nagapattinam,10.7672,79.8449,Delta,30.71,33.44,28.19,67.38,5.63,0.13,18.71,37.01
2017-06-13,Nagapattinam,10.7672,79.8449,Delta,30.94,33.46,29.27,70.67,5.26,0.42,21.58,36.99
2017-06-14,Nagapattinam,10.7672,79.8449,Delta,30.6,33.18,29.03,73.69,5.7,2.18,20.98,36.98
2017-06-15,Nagapattinam,10.7672,79.8449,Delta,30.13,32.1,28.63,75.79,4.94,1.76,21.27,36.97
2017-06-16,Nagapattinam,10.7672,79.8449,Delta,30.04,31.8,28.61,75.92,4.1,4.07,20.59,36.96
2017-06-17,Nagapattinam,10.7672,79.8449,Delta,30.13,33.34,27.94,71.69,5.0,1.61,23.41,36.95
2017-06-18,Nagapattinam,10.7672,79.8449,Delta,30.44,33.5,27.8,68.05,4.18,0.49,24.41,36.95
2017-06-19,Nagapattinam,10.7672,79.8449,Delta,30.28,32.82,28.48,72.92,4.7,2.14,22.2,36.94
2017-06-20,Nagapattinam,10.7672,79.8449,Delta,29.5,32.04,27.52,75.15,5.15,8.96,19.07,36.93
2017-06-21,Nagapattinam,10.7672,79.8449,Delta,30.06,32.45,27.91,72.2,4.65,0.78,20.99,36.93
2017-06-22,Nagapattinam,10.7672,79.8449,Delta,30.07,32.29,27.86,71.1,4.87,0.96,22.09,36.92
2017-06-23,Nagapattinam,10.7672,79.8449,Delta,30.67,33.19,28.14,69.22,5.22,1.29,23.25,36.92
2017-06-24,Nagapattinam,10.7672,79.8449,Delta,30.35,32.76,28.19,65.96,5.86,1.7,18.08,36.92
2017-06-25,Nagapattinam,10.7672,79.8449,Delta,30.18,32.91,27.64,65.98,5.9,0.27,16.5,36.91
2017-06-26,Nagapattinam,10.7672,79.8449,Delta,30.16,32.59,27.69,66.17,6.93,0.46,18.14,36.91
2017-06-27,Nagapattinam,10.7672,79.8449,Delta,29.91,32.02,27.97,67.25,6.23,2.22,18.19,36.91
2017-06-28,Nagapattinam,10.7672,79.8449,Delta,30.32,33.0,27.79,63.79,5.8,0.31,19.91,36.91
2017-06-29,Nagapattinam,10.7672,79.8449,Delta,30.64,34.01,27.78,61.95,5.04,0.37,23.35,36.91
2017-06-30,Nagapattinam,10.7672,79.8449,Delta,30.01,32.13,28.04,70.03,3.28,1.59,21.49,36.92
2017-07-01,Nagapattinam,10.7672,79.8449,Delta,30.6,32.93,28.36,68.92,3.32,2.08,20.54,36.92
2017-07-02,Nagapattinam,10.7672,79.8449,Delta,30.49,33.17,28.53,66.71,3.19,0.94,18.26,36.93
2017-07-03,Nagapattinam,10.7672,79.8449,Delta,30.95,33.93,28.16,64.53,4.35,0.81,23.08,36.93
2017-07-04,Nagapattinam,10.7672,79.8449,Delta,30.41,33.36,28.03,64.66,3.87,1.47,22.06,36.93
2017-07-05,Nagapattinam,10.7672,79.8449,Delta,30.36,32.91,27.82,66.14,4.12,1.7,20.1,36.94
2017-07-06,Nagapattinam,10.7672,79.8449,Delta,29.97,33.44,27.8,70.38,4.97,4.07,18.44,36.95
2017-07-07,Nagapattinam,10.7672,79.8449,Delta,29.84,32.57,27.35,70.48,3.54,4.23,15.77,36.95
2017-07-08,Nagapattinam,10.7672,79.8449,Delta,29.53,32.2,26.84,70.39,4.2,4.87,17.23,36.96
2017-07-09,Nagapattinam,10.7672,79.8449,Delta,30.08,32.92,27.64,66.83,4.68,3.9,16.61,36.96
2017-07-10,Nagapattinam,10.7672,79.8449,Delta,30.07,32.83,27.5,67.29,4.42,2.76,22.65,36.96
2017-07-11,Nagapattinam,10.7672,79.8449,Delta,30.37,32.76,27.9,68.6,3.93,2.18,23.69,36.97
2017-07-12,Nagapattinam,10.7672,79.8449,Delta,29.6,32.0,27.4,68.39,2.76,4.12,15.0,36.99
2017-07-13,Nagapattinam,10.7672,79.8449,Delta,30.93,34.0,28.25,64.99,4.4,1.24,16.31,37.0
2017-07-14,Nagapattinam,10.7672,79.8449,Delta,30.31,33.28,27.49,60.2,4.9,0.32,15.44,37.01
2017-07-15,Nagapattinam,10.7672,79.8449,Delta,30.31,32.96,27.57,66.28,4.95,1.78,19.93,37.03
2017-07-16,Nagapattinam,10.7672,79.8449,Delta,30.54,33.56,27.95,63.92,5.29,0.81,17.85,37.05
2017-07-17,Nagapattinam,10.7672,79.8449,Delta,30.57,33.71,27.85,62.18,6.11,0.26,16.38,37.06
2017-07-18,Nagapattinam,10.7672,79.8449,Delta,30.63,33.14,28.34,65.12,6.23,1.14,17.03,37.07
2017-07-19,Nagapattinam,10.7672,79.8449,Delta,30.62,33.34,28.2,65.19,6.33,0.76,16.65,37.08
2017-07-20,Nagapattinam,10.7672,79.8449,Delta,30.77,34.03,27.79,65.6,6.12,0.22,21.68,37.09
2017-07-21,Nagapattinam,10.7672,79.8449,Delta,30.85,33.56,28.46,64.6,5.42,0.25,23.77,37.11
2017-07-22,Nagapattinam,10.7672,79.8449,Delta,30.71,33.3,28.52,67.15,4.77,0.21,22.0,37.12
2017-07-23,Nagapattinam,10.7672,79.8449,Delta,30.79,33.88,28.73,68.47,4.82,0.18,21.89,37.13
2017-07-24,Nagapattinam,10.7672,79.8449,Delta,30.8,33.56,28.91,67.41,3.9,0.39,23.44,37.14
2017-07-25,Nagapattinam,10.7672,79.8449,Delta,31.27,34.43,28.97,65.0,3.61,0.73,24.07,37.16
2017-07-26,Nagapattinam,10.7672,79.8449,Delta,31.17,33.82,29.17,67.2,3.43,1.09,23.87,37.17
2017-07-27,Nagapattinam,10.7672,79.8449,Delta,30.95,33.94,28.9,66.19,4.1,2.59,23.63,37.18
2017-07-28,Nagapattinam,10.7672,79.8449,Delta,30.66,33.95,28.45,68.37,3.98,3.22,21.8,37.2
2017-07-29,Nagapattinam,10.7672,79.8449,Delta,29.83,31.58,28.46,72.47,3.39,4.03,22.51,37.21
2017-07-30,Nagapattinam,10.7672,79.8449,Delta,29.5,30.74,28.43,76.3,3.16,10.63,16.7,37.22
2017-07-31,Nagapattinam,10.7672,79.8449,Delta,29.27,30.54,28.22,79.94,3.14,19.76,21.54,37.24
2017-08-01,Nagapattinam,10.7672,79.8449,Delta,29.79,31.97,27.78,74.16,3.11,2.56,21.89,37.25
2017-08-02,Nagapattinam,10.7672,79.8449,Delta,30.05,32.88,27.97,72.56,3.57,2.68,21.35,37.26
2017-08-03,Nagapattinam,10.7672,79.8449,Delta,30.28,32.73,27.93,70.03,4.18,1.29,23.15,37.28
2017-08-04,Nagapattinam,10.7672,79.8449,Delta,30.38,32.92,27.79,70.48,4.35,0.98,20.02,37.29
2017-08-05,Nagapattinam,10.7672,79.8449,Delta,30.34,32.6,28.01,70.18,4.54,1.56,17.4,37.3
2017-08-06,Nagapattinam,10.7672,79.8449,Delta,30.22,32.81,27.77,70.7,4.22,1.69,19.75,37.31
2017-08-07,Nagapattinam,10.7672,79.8449,Delta,28.98,31.08,27.09,78.73,4.14,13.3,19.89,37.32
2017-08-08,Nagapattinam,10.7672,79.8449,Delta,29.35,30.96,28.05,76.81,3.14,7.68,22.33,37.33
2017-08-09,Nagapattinam,10.7672,79.8449,Delta,28.96,30.65,27.45,78.58,3.0,14.56,22.07,37.34
2017-08-10,Nagapattinam,10.7672,79.8449,Delta,28.66,30.17,27.24,78.37,1.46,5.52,17.86,37.35
2017-08-11,Nagapattinam,10.7672,79.8449,Delta,29.52,31.55,27.88,75.81,3.41,5.38,20.43,37.35
2017-08-12,Nagapattinam,10.7672,79.8449,Delta,28.93,30.63,26.71,74.72,2.89,3.81,23.13,37.36
2017-08-13,Nagapattinam,10.7672,79.8449,Delta,27.33,28.21,26.35,84.63,3.19,17.31,18.42,37.36
2017-08-14,Nagapattinam,10.7672,79.8449,Delta,28.13,29.7,26.17,79.12,1.5,7.34,18.6,37.37
2017-08-15,Nagapattinam,10.7672,79.8449,Delta,28.68,31.01,26.43,74.48,2.94,2.08,14.59,37.37
2017-08-16,Nagapattinam,10.7672,79.8449,Delta,28.95,31.12,27.04,76.97,4.07,5.14,21.3,37.37
2017-08-17,Nagapattinam,10.7672,79.8449,Delta,28.82,31.22,26.73,78.7,4.85,5.7,18.57,37.37
2017-08-18,Nagapattinam,10.7672,79.8449,Delta,28.82,31.01,26.75,78.34,4.76,8.94,16.99,37.37
2017-08-19,Nagapattinam,10.7672,79.8449,Delta,29.31,32.59,26.85,75.29,5.53,3.85,16.52,37.36
2017-08-20,Nagapattinam,10.7672,79.8449,Delta,29.43,32.72,26.53,73.71,5.51,1.77,21.01,37.36
2017-08-21,Nagapattinam,10.7672,79.8449,Delta,29.27,32.25,26.54,75.18,4.27,2.9,20.65,37.36
2017-08-22,Nagapattinam,10.7672,79.8449,Delta,29.26,32.07,26.37,74.52,3.51,2.97,21.29,37.36
2017-08-23,Nagapattinam,10.7672,79.8449,Delta,29.01,31.36,27.26,76.59,3.25,4.36,22.58,37.36
2017-08-24,Nagapattinam,10.7672,79.8449,Delta,27.97,28.52,27.54,83.39,2.29,15.37,15.17,37.35
2017-08-25,Nagapattinam,10.7672,79.8449,Delta,29.18,31.5,26.91,76.25,2.77,1.58,12.97,37.35
2017-08-26,Nagapattinam,10.7672,79.8449,Delta,29.46,32.01,27.42,76.23,3.99,2.93,24.97,37.34
2017-08-27,Nagapattinam,10.7672,79.8449,Delta,29.36,32.09,27.17,77.26,4.86,5.73,18.72,37.33
2017-08-28,Nagapattinam,10.7672,79.8449,Delta,29.38,31.82,27.31,76.46,5.26,1.33,18.97,37.32
2017-08-29,Nagapattinam,10.7672,79.8449,Delta,29.72,32.64,27.24,73.18,5.43,0.84,19.93,37.32
2017-08-30,Nagapattinam,10.7672,79.8449,Delta,29.83,32.95,27.27,72.5,4.43,0.76,24.5,37.3
2017-08-31,Nagapattinam,10.7672,79.8449,Delta,29.0,30.74,27.29,78.73,2.61,2.83,18.13,37.28
2017-09-01,Nagapattinam,10.7672,79.8449,Delta,28.02,28.58,27.25,82.19,1.51,8.17,20.22,37.26
2017-09-02,Nagapattinam,10.7672,79.8449,Delta,29.28,31.13,27.69,77.19,2.03,4.14,22.51,37.24
2017-09-03,Nagapattinam,10.7672,79.8449,Delta,28.92,31.42,26.66,76.8,2.54,3.29,20.39,37.21
2017-09-04,Nagapattinam,10.7672,79.8449,Delta,28.99,30.77,27.29,79.62,2.02,2.0,21.07,37.18
2017-09-05,Nagapattinam,10.7672,79.8449,Delta,29.2,30.91,27.66,81.13,3.12,3.4,21.03,37.15
2017-09-06,Nagapattinam,10.7672,79.8449,Delta,28.83,30.39,27.55,81.56,3.92,3.58,20.7,37.13
2017-09-07,Nagapattinam,10.7672,79.8449,Delta,28.66,30.34,27.49,82.78,4.11,3.63,17.8,37.12
2017-09-08,Nagapattinam,10.7672,79.8449,Delta,28.38,30.05,27.2,82.06,3.3,9.18,19.14,37.11
2017-09-09,Nagapattinam,10.7672,79.8449,Delta,28.17,29.66,26.97,81.53,2.9,3.85,8.12,37.09
2017-09-10,Nagapattinam,10.7672,79.8449,Delta,28.48,30.2,27.0,76.44,1.42,1.66,20.04,37.06
2017-09-11,Nagapattinam,10.7672,79.8449,Delta,28.7,30.28,27.05,80.97,3.36,2.42,19.39,37.03
2017-09-12,Nagapattinam,10.7672,79.8449,Delta,28.72,30.34,27.29,79.27,2.72,2.82,22.39,36.99
2017-09-13,Nagapattinam,10.7672,79.8449,Delta,28.24,29.31,27.14,82.99,3.33,3.88,21.86,36.96
2017-09-14,Nagapattinam,10.7672,79.8449,Delta,28.13,29.24,27.01,83.86,4.14,4.96,14.65,36.92
2017-09-15,Nagapattinam,10.7672,79.8449,Delta,28.41,29.93,26.85,81.07,3.76,2.52,21.03,36.88
2017-09-16,Nagapattinam,10.7672,79.8449,Delta,28.32,29.92,26.99,84.35,5.07,12.36,20.0,36.84
2017-09-17,Nagapattinam,10.7672,79.8449,Delta,28.59,31.16,27.13,79.15,6.29,2.15,12.27,36.79
2017-09-18,Nagapattinam,10.7672,79.8449,Delta,28.95,32.05,26.66,76.96,5.83,2.09,20.88,36.75
2017-09-19,Nagapattinam,10.7672,79.8449,Delta,29.09,32.2,26.33,76.98,5.43,0.84,21.37,36.71
2017-09-20,Nagapattinam,10.7672,79.8449,Delta,29.15,32.12,26.39,76.3,5.18,0.23,20.8,36.66
2017-09-21,Nagapattinam,10.7672,79.8449,Delta,29.09,32.17,26.12,72.36,4.93,0.08,24.5,36.61
2017-09-22,Nagapattinam,10.7672,79.8449,Delta,29.0,31.62,26.28,73.04,3.24,0.44,23.11,36.56
2017-09-23,Nagapattinam,10.7672,79.8449,Delta,29.24,31.36,27.33,76.61,3.28,1.81,20.48,36.51
2017-09-24,Nagapattinam,10.7672,79.8449,Delta,28.61,29.92,27.37,80.91,3.4,6.96,20.33,36.46
2017-09-25,Nagapattinam,10.7672,79.8449,Delta,28.36,30.23,26.92,79.09,3.11,4.47,17.76,36.4
2017-09-26,Nagapattinam,10.7672,79.8449,Delta,28.38,30.48,26.71,80.2,3.96,5.61,17.21,36.35
2017-09-27,Nagapattinam,10.7672,79.8449,Delta,28.45,30.45,26.95,79.95,3.95,5.98,18.05,36.29
2017-09-28,Nagapattinam,10.7672,79.8449,Delta,28.15,30.01,26.59,82.21,4.95,13.5,15.18,36.23
2017-09-29,Nagapattinam,10.7672,79.8449,Delta,28.64,31.8,25.7,76.04,4.57,0.32,19.59,36.16
2017-09-30,Nagapattinam,10.7672,79.8449,Delta,29.18,32.02,26.72,77.87,4.77,0.59,21.21,36.1
2017-10-01,Nagapattinam,10.7672,79.8449,Delta,29.2,31.67,27.13,78.19,4.9,1.22,20.7,36.04
2017-10-02,Nagapattinam,10.7672,79.8449,Delta,29.25,32.02,26.91,76.64,4.05,0.88,22.42,35.97
2017-10-03,Nagapattinam,10.7672,79.8449,Delta,29.27,31.63,27.47,79.22,4.08,1.74,22.68,35.91
2017-10-04,Nagapattinam,10.7672,79.8449,Delta,28.88,30.95,27.26,80.94,2.66,3.35,18.72,35.84
2017-10-05,Nagapattinam,10.7672,79.8449,Delta,28.52,29.85,27.26,82.92,2.13,5.09,21.52,35.77
2017-10-06,Nagapattinam,10.7672,79.8449,Delta,28.35,29.41,27.33,82.92,4.01,8.07,18.42,35.7
2017-10-07,Nagapattinam,10.7672,79.8449,Delta,28.61,30.44,26.72,78.46,3.37,2.16,19.25,35.63
2017-10-08,Nagapattinam,10.7672,79.8449,Delta,29.26,31.45,27.5,77.58,3.8,0.72,20.99,35.55
2017-10-09,Nagapattinam,10.7672,79.8449,Delta,29.01,30.6,27.57,81.32,2.61,3.42,21.13,35.47
2017-10-10,Nagapattinam,10.7672,79.8449,Delta,28.89,30.53,27.49,81.6,2.36,2.44,19.57,35.4
2017-10-11,Nagapattinam,10.7672,79.8449,Delta,28.33,29.68,27.26,76.02,3.98,21.99,17.68,35.32
2017-10-12,Nagapattinam,10.7672,79.8449,Delta,28.67,30.96,26.53,74.88,2.65,9.09,10.04,35.24
2017-10-13,Nagapattinam,10.7672,79.8449,Delta,27.93,28.8,26.88,82.21,3.39,4.21,11.38,35.16
2017-10-14,Nagapattinam,10.7672,79.8449,Delta,28.16,30.24,26.57,80.17,3.17,12.87,14.04,35.08
2017-10-15,Nagapattinam,10.7672,79.8449,Delta,28.47,31.14,26.56,75.37,4.5,6.55,13.05,34.99
2017-10-16,Nagapattinam,10.7672,79.8449,Delta,27.84,29.79,26.22,78.94,3.83,4.5,9.42,34.91
2017-10-17,Nagapattinam,10.7672,79.8449,Delta,27.76,29.54,26.29,80.82,3.77,7.02,8.36,34.83
2017-10-18,Nagapattinam,10.7672,79.8449,Delta,28.84,31.88,26.1,75.13,2.94,0.39,19.26,34.74
2017-10-19,Nagapattinam,10.7672,79.8449,Delta,29.32,31.41,27.63,77.54,3.62,0.76,20.38,34.65
2017-10-20,Nagapattinam,10.7672,79.8449,Delta,29.09,31.18,27.63,80.83,4.72,1.09,19.47,34.57
2017-10-21,Nagapattinam,10.7672,79.8449,Delta,28.89,30.85,27.5,82.45,5.86,6.41,14.14,34.48
2017-10-22,Nagapattinam,10.7672,79.8449,Delta,29.22,31.53,27.34,79.59,4.29,3.55,19.56,34.39
2017-10-23,Nagapattinam,10.7672,79.8449,Delta,28.26,30.18,26.14,79.94,2.77,1.42,15.22,34.31
2017-10-24,Nagapattinam,10.7672,79.8449,Delta,28.3,29.83,27.21,79.94,1.17,2.56,16.8,34.22
2017-10-25,Nagapattinam,10.7672,79.8449,Delta,27.96,29.39,27.03,81.59,2.01,2.55,17.43,34.13
2017-10-26,Nagapattinam,10.7672,79.8449,Delta,27.9,29.24,26.75,80.35,2.56,4.06,18.18,34.04
2017-10-27,Nagapattinam,10.7672,79.8449,Delta,28.15,29.56,27.04,77.89,3.02,6.08,16.6,33.95
2017-10-28,Nagapattinam,10.7672,79.8449,Delta,28.29,29.71,27.08,78.52,4.19,5.2,12.72,33.86
2017-10-29,Nagapattinam,10.7672,79.8449,Delta,28.58,29.96,27.62,79.17,5.19,5.0,16.8,33.77
2017-10-30,Nagapattinam,10.7672,79.8449,Delta,27.25,27.73,26.53,86.75,5.22,69.83,4.55,33.68
2017-10-31,Nagapattinam,10.7672,79.8449,Delta,26.79,27.34,26.2,87.36,4.62,22.91,7.06,33.59
2017-11-01,Nagapattinam,10.7672,79.8449,Delta,26.52,27.1,26.01,89.94,4.39,12.41,11.31,33.49
2017-11-02,Nagapattinam,10.7672,79.8449,Delta,26.73,27.64,26.17,88.41,4.4,28.17,7.69,33.4
2017-11-03,Nagapattinam,10.7672,79.8449,Delta,26.7,27.6,25.91,87.27,4.02,31.55,9.59,33.31
2017-11-04,Nagapattinam,10.7672,79.8449,Delta,26.87,27.62,25.87,86.07,4.34,42.58,3.63,33.22
2017-11-05,Nagapattinam,10.7672,79.8449,Delta,27.32,28.23,26.5,86.59,4.68,18.14,16.76,33.13
2017-11-06,Nagapattinam,10.7672,79.8449,Delta,27.26,27.78,26.75,85.23,3.79,13.49,8.56,33.03
2017-11-07,Nagapattinam,10.7672,79.8449,Delta,26.93,27.75,26.28,88.37,3.59,11.75,11.33,32.94
2017-11-08,Nagapattinam,10.7672,79.8449,Delta,27.03,27.93,26.11,85.99,4.3,7.77,14.24,32.85
2017-11-09,Nagapattinam,10.7672,79.8449,Delta,27.47,29.02,26.2,81.46,5.37,0.76,21.02,32.77
2017-11-10,Nagapattinam,10.7672,79.8449,Delta,26.82,27.64,26.17,86.96,7.06,46.89,6.45,32.68
2017-11-11,Nagapattinam,10.7672,79.8449,Delta,26.71,27.59,25.22,87.0,6.26,15.66,11.2,32.59
2017-11-12,Nagapattinam,10.7672,79.8449,Delta,25.78,26.95,24.53,87.72,5.53,4.5,12.55,32.5
2017-11-13,Nagapattinam,10.7672,79.8449,Delta,25.93,27.55,24.74,89.43,5.34,5.87,14.39,32.42
2017-11-14,Nagapattinam,10.7672,79.8449,Delta,26.99,28.93,25.46,86.11,3.76,6.45,14.24,32.34
2017-11-15,Nagapattinam,10.7672,79.8449,Delta,27.28,29.21,25.42,85.41,2.94,3.93,11.0,32.25
2017-11-16,Nagapattinam,10.7672,79.8449,Delta,27.53,29.13,26.32,83.83,2.7,2.94,16.44,32.17
2017-11-17,Nagapattinam,10.7672,79.8449,Delta,27.65,29.34,26.15,78.22,1.82,0.28,19.33,32.09
2017-11-18,Nagapattinam,10.7672,79.8449,Delta,27.58,29.29,25.99,78.47,1.44,0.13,19.16,32.01
2017-11-19,Nagapattinam,10.7672,79.8449,Delta,27.24,28.27,26.33,86.38,2.73,1.17,14.54,31.93
2017-11-20,Nagapattinam,10.7672,79.8449,Delta,27.19,28.04,26.35,88.07,3.25,1.35,18.31,31.86
2017-11-21,Nagapattinam,10.7672,79.8449,Delta,27.38,28.19,26.84,87.37,3.63,2.33,16.78,31.78
2017-11-22,Nagapattinam,10.7672,79.8449,Delta,27.48,28.47,26.69,84.43,4.33,1.92,16.63,31.71
2017-11-23,Nagapattinam,10.7672,79.8449,Delta,27.56,29.05,26.5,80.06,3.93,0.22,16.35,31.64
2017-11-24,Nagapattinam,10.7672,79.8449,Delta,27.32,28.83,26.11,81.62,3.99,0.98,13.94,31.57
2017-11-25,Nagapattinam,10.7672,79.8449,Delta,26.86,28.04,26.14,82.06,5.3,3.5,13.59,31.5
2017-11-26,Nagapattinam,10.7672,79.8449,Delta,27.09,27.69,26.42,87.91,4.65,29.79,12.53,31.43
2017-11-27,Nagapattinam,10.7672,79.8449,Delta,27.43,28.23,26.99,86.87,4.18,12.49,11.76,31.37
2017-11-28,Nagapattinam,10.7672,79.8449,Delta,27.31,28.42,26.79,85.74,5.77,9.81,11.06,31.31
2017-11-29,Nagapattinam,10.7672,79.8449,Delta,27.49,28.28,26.62,86.71,6.11,20.95,11.71,31.25
2017-11-30,Nagapattinam,10.7672,79.8449,Delta,27.47,28.02,27.04,86.33,5.63,13.8,14.07,31.19
2017-12-01,Nagapattinam,10.7672,79.8449,Delta,27.17,27.7,26.44,88.76,4.98,30.74,12.8,31.14
2017-12-02,Nagapattinam,10.7672,79.8449,Delta,26.71,27.66,25.86,86.31,2.59,46.55,10.28,31.09
2017-12-03,Nagapattinam,10.7672,79.8449,Delta,26.55,27.42,25.8,82.56,4.36,6.79,11.91,31.03
2017-12-04,Nagapattinam,10.7672,79.8449,Delta,26.62,27.86,25.74,82.08,3.63,0.22,17.03,30.99
2017-12-05,Nagapattinam,10.7672,79.8449,Delta,26.5,27.88,25.39,85.07,4.03,5.9,14.55,30.94
2017-12-06,Nagapattinam,10.7672,79.8449,Delta,26.27,27.46,25.46,82.6,4.13,0.81,16.31,30.9
2017-12-07,Nagapattinam,10.7672,79.8449,Delta,25.78,27.24,24.57,80.65,3.9,0.02,16.97,30.86
2017-12-08,Nagapattinam,10.7672,79.8449,Delta,25.1,26.97,23.37,78.38,2.64,0.14,19.68,30.82
2017-12-09,Nagapattinam,10.7672,79.8449,Delta,26.22,27.97,24.7,69.3,1.29,0.02,19.08,30.79
2017-12-10,Nagapattinam,10.7672,79.8449,Delta,26.54,28.02,25.46,78.68,2.13,0.34,15.96,30.76
2017-12-11,Nagapattinam,10.7672,79.8449,Delta,26.54,28.15,25.32,81.56,2.04,0.62,17.66,30.73
2017-12-12,Nagapattinam,10.7672,79.8449,Delta,26.33,27.85,25.24,81.87,2.15,0.03,18.02,30.7
2017-12-13,Nagapattinam,10.7672,79.8449,Delta,26.23,27.71,25.14,83.71,2.93,0.03,17.77,30.68
2017-12-14,Nagapattinam,10.7672,79.8449,Delta,26.41,27.73,25.29,85.68,4.05,0.99,17.63,30.66
2017-12-15,Nagapattinam,10.7672,79.8449,Delta,26.37,27.53,25.63,85.48,4.7,1.09,14.0,30.64
2017-12-16,Nagapattinam,10.7672,79.8449,Delta,26.58,27.82,25.63,78.86,5.04,0.26,17.74,30.63
2017-12-17,Nagapattinam,10.7672,79.8449,Delta,26.27,27.35,25.44,77.28,5.43,0.13,16.07,30.62
2017-12-18,Nagapattinam,10.7672,79.8449,Delta,26.17,27.67,25.28,72.53,5.42,0.09,17.93,30.61
2017-12-19,Nagapattinam,10.7672,79.8449,Delta,25.93,26.88,24.96,82.39,5.78,4.73,7.75,30.61
2017-12-20,Nagapattinam,10.7672,79.8449,Delta,25.97,27.19,25.15,83.13,6.19,1.68,17.25,30.61
2017-12-21,Nagapattinam,10.7672,79.8449,Delta,25.56,27.19,24.06,84.46,5.63,7.74,7.22,30.61
2017-12-22,Nagapattinam,10.7672,79.8449,Delta,26.04,27.48,24.88,82.26,5.13,1.13,14.9,30.61
2017-12-23,Nagapattinam,10.7672,79.8449,Delta,25.87,27.29,24.58,74.92,4.83,0.26,19.48,30.62
2017-12-24,Nagapattinam,10.7672,79.8449,Delta,25.37,26.72,24.1,82.42,4.68,0.51,18.04,30.63
2017-12-25,Nagapattinam,10.7672,79.8449,Delta,25.78,27.28,24.78,84.27,5.17,2.27,9.93,30.64
2017-12-26,Nagapattinam,10.7672,79.8449,Delta,25.58,26.78,24.85,82.23,5.62,0.11,16.42,30.66
2017-12-27,Nagapattinam,10.7672,79.8449,Delta,25.4,26.66,24.41,78.53,5.13,0.02,17.15,30.68
2017-12-28,Nagapattinam,10.7672,79.8449,Delta,25.07,26.56,23.91,72.27,4.68,0.0,17.8,30.7
2017-12-29,Nagapattinam,10.7672,79.8449,Delta,25.46,27.12,24.2,72.1,4.26,0.02,19.43,30.73
2017-12-30,Nagapattinam,10.7672,79.8449,Delta,25.38,26.95,24.1,76.65,4.12,0.0,19.13,30.75
2017-12-31,Nagapattinam,10.7672,79.8449,Delta,25.4,27.18,23.81,84.0,3.97,0.07,20.57,30.79
2018-01-01,Nagapattinam,10.7672,79.8449,Delta,25.51,27.46,23.68,83.05,3.11,0.06,20.35,30.82
2018-01-02,Nagapattinam,10.7672,79.8449,Delta,25.53,27.41,23.8,81.9,3.35,0.04,17.48,30.86
2018-01-03,Nagapattinam,10.7672,79.8449,Delta,25.47,27.17,24.21,83.16,4.21,0.01,18.22,30.9
2018-01-04,Nagapattinam,10.7672,79.8449,Delta,25.29,27.11,24.04,73.24,4.84,0.0,17.83,30.94
2018-01-05,Nagapattinam,10.7672,79.8449,Delta,24.63,26.4,23.31,71.73,4.54,0.0,18.16,30.99
2018-01-06,Nagapattinam,10.7672,79.8449,Delta,24.35,26.29,22.81,67.7,3.86,0.0,17.71,31.04
2018-01-07,Nagapattinam,10.7672,79.8449,Delta,24.11,25.95,22.52,71.81,4.3,0.0,18.42,31.09
2018-01-08,Nagapattinam,10.7672,79.8449,Delta,24.74,26.68,22.74,76.9,4.81,0.16,19.5,31.14
2018-01-09,Nagapattinam,10.7672,79.8449,Delta,25.29,26.58,24.0,85.9,5.22,9.64,6.85,31.2
2018-01-10,Nagapattinam,10.7672,79.8449,Delta,25.82,27.1,24.96,86.74,4.49,4.45,12.04,31.25
2018-01-11,Nagapattinam,10.7672,79.8449,Delta,25.82,27.31,24.87,87.02,3.7,1.68,13.91,31.32
2018-01-12,Nagapattinam,10.7672,79.8449,Delta,25.86,27.26,24.97,84.23,3.75,1.21,17.1,31.38
2018-01-13,Nagapattinam,10.7672,79.8449,Delta,25.36,27.0,23.77,85.53,3.67,0.01,15.23,31.44
2018-01-14,Nagapattinam,10.7672,79.8449,Delta,24.81,26.65,23.23,85.56,3.53,0.05,20.26,31.51
2018-01-15,Nagapattinam,10.7672,79.8449,Delta,25.16,26.92,24.03,81.41,3.79,0.06,19.64,31.58
2018-01-16,Nagapattinam,10.7672,79.8449,Delta,25.3,27.18,24.01,81.18,3.4,0.02,17.54,31.65
2018-01-17,Nagapattinam,10.7672,79.8449,Delta,24.84,26.77,23.33,73.61,3.8,0.0,18.13,31.73
2018-01-18,Nagapattinam,10.7672,79.8449,Delta,24.27,26.13,22.57,73.71,4.53,0.0,21.04,31.81
2018-01-19,Nagapattinam,10.7672,79.8449,Delta,24.27,25.96,23.13,75.24,4.37,0.08,16.65,31.88
2018-01-20,Nagapattinam,10.7672,79.8449,Delta,24.13,25.86,22.53,74.5,4.15,0.07,19.81,31.96
2018-01-21,Nagapattinam,10.7672,79.8449,Delta,24.01,25.72,22.44,76.43,4.25,0.2,18.94,32.05
2018-01-22,Nagapattinam,10.7672,79.8449,Delta,24.45,26.36,23.0,74.53,3.59,0.13,17.64,32.13
2018-01-23,Nagapattinam,10.7672,79.8449,Delta,24.64,26.6,23.05,75.07,3.02,0.01,18.44,32.22
2018-01-24,Nagapattinam,10.7672,79.8449,Delta,24.55,26.48,22.95,78.54,3.46,0.0,18.94,32.3
2018-01-25,Nagapattinam,10.7672,79.8449,Delta,24.76,26.85,22.99,80.65,3.96,0.01,19.0,32.39
2018-01-26,Nagapattinam,10.7672,79.8449,Delta,24.89,27.09,23.12,75.33,3.97,0.0,20.22,32.48
2018-01-27,Nagapattinam,10.7672,79.8449,Delta,24.93,27.07,23.17,72.62,4.37,0.0,17.81,32.57
2018-01-28,Nagapattinam,10.7672,79.8449,Delta,24.96,26.8,23.64,77.54,4.7,0.0,16.23,32.66
2018-01-29,Nagapattinam,10.7672,79.8449,Delta,25.19,26.97,23.6,78.62,5.15,0.45,17.06,32.76
2018-01-30,Nagapattinam,10.7672,79.8449,Delta,25.01,26.99,23.58,76.17,5.14,0.09,21.04,32.85
2018-01-31,Nagapattinam,10.7672,79.8449,Delta,24.5,26.74,22.8,74.81,4.65,0.0,22.83,32.95
2018-02-01,Nagapattinam,10.7672,79.8449,Delta,23.98,26.43,22.03,76.21,3.92,0.0,23.34,33.04
2018-02-02,Nagapattinam,10.7672,79.8449,Delta,24.07,26.61,21.96,72.46,3.86,0.0,23.66,33.14
2018-02-03,Nagapattinam,10.7672,79.8449,Delta,24.04,26.32,22.13,73.02,3.92,0.0,22.0,33.24
2018-02-04,Nagapattinam,10.7672,79.8449,Delta,24.31,26.02,22.57,73.48,3.84,0.0,22.91,33.33
2018-02-05,Nagapattinam,10.7672,79.8449,Delta,25.14,26.92,23.45,76.75,4.24,0.09,21.08,33.43
2018-02-06,Nagapattinam,10.7672,79.8449,Delta,25.78,27.08,24.62,85.17,4.14,2.38,16.71,33.53
2018-02-07,Nagapattinam,10.7672,79.8449,Delta,26.16,27.55,25.18,83.94,2.95,0.32,17.71,33.63
2018-02-08,Nagapattinam,10.7672,79.8449,Delta,25.93,27.34,24.83,83.06,2.58,0.07,19.91,33.72
2018-02-09,Nagapattinam,10.7672,79.8449,Delta,25.72,27.65,24.45,80.59,2.69,0.01,21.76,33.82
2018-02-10,Nagapattinam,10.7672,79.8449,Delta,25.85,27.32,24.32,79.09,3.17,0.0,22.09,33.92
2018-02-11,Nagapattinam,10.7672,79.8449,Delta,26.41,28.03,25.11,77.46,3.35,0.05,21.11,34.01
2018-02-12,Nagapattinam,10.7672,79.8449,Delta,26.2,27.94,25.05,75.92,4.14,0.04,19.21,34.12
2018-02-13,Nagapattinam,10.7672,79.8449,Delta,25.96,27.45,24.98,76.3,4.01,0.02,19.02,34.22
2018-02-14,Nagapattinam,10.7672,79.8449,Delta,26.58,28.64,24.92,76.47,4.57,0.04,20.22,34.32
2018-02-15,Nagapattinam,10.7672,79.8449,Delta,26.29,28.05,25.03,79.89,5.09,0.15,20.17,34.42
2018-02-16,Nagapattinam,10.7672,79.8449,Delta,26.13,28.37,24.49,74.09,4.42,0.03,22.96,34.51
2018-02-17,Nagapattinam,10.7672,79.8449,Delta,25.62,27.83,24.3,77.41,3.26,0.0,22.12,34.61
2018-02-18,Nagapattinam,10.7672,79.8449,Delta,25.58,27.98,23.78,73.59,3.71,0.0,23.45,34.71
2018-02-19,Nagapattinam,10.7672,79.8449,Delta,25.26,27.57,23.42,73.26,3.95,0.0,22.92,34.8
2018-02-20,Nagapattinam,10.7672,79.8449,Delta,25.49,27.96,23.57,75.31,4.26,0.0,23.45,34.9
2018-02-21,Nagapattinam,10.7672,79.8449,Delta,25.35,27.94,23.46,73.95,3.63,0.0,23.59,34.99
2018-02-22,Nagapattinam,10.7672,79.8449,Delta,25.29,27.9,23.24,72.57,3.72,0.0,24.46,35.09
2018-02-23,Nagapattinam,10.7672,79.8449,Delta,25.42,27.92,23.27,75.16,3.83,0.08,23.6,35.18
2018-02-24,Nagapattinam,10.7672,79.8449,Delta,26.44,28.78,24.22,72.9,4.22,0.15,22.31,35.27
2018-02-25,Nagapattinam,10.7672,79.8449,Delta,26.72,28.78,25.24,75.82,5.01,1.36,21.06,35.36
2018-02-26,Nagapattinam,10.7672,79.8449,Delta,26.91,29.38,24.79,76.66,4.25,0.12,22.64,35.45
2018-02-27,Nagapattinam,10.7672,79.8449,Delta,26.97,29.4,25.01,79.02,4.15,0.63,20.63,35.54
2018-02-28,Nagapattinam,10.7672,79.8449,Delta,26.91,29.48,25.18,79.44,3.81,1.37,21.96,35.63
2018-03-01,Nagapattinam,10.7672,79.8449,Delta,26.85,29.48,24.69,76.92,3.33,0.37,22.1,35.72
2018-03-02,Nagapattinam,10.7672,79.8449,Delta,26.44,29.51,24.19,77.19,3.41,0.09,24.72,35.8
2018-03-03,Nagapattinam,10.7672,79.8449,Delta,26.49,29.57,24.18,72.11,2.68,0.03,22.48,35.89
2018-03-04,Nagapattinam,10.7672,79.8449,Delta,26.46,29.7,24.21,69.08,2.47,0.0,25.0,35.97
2018-03-05,Nagapattinam,10.7672,79.8449,Delta,26.36,29.34,24.4,69.49,2.95,0.0,25.42,36.05
2018-03-06,Nagapattinam,10.7672,79.8449,Delta,26.68,29.87,24.21,69.23,3.26,0.0,26.13,36.13
2018-03-07,Nagapattinam,10.7672,79.8449,Delta,26.64,29.62,24.39,77.7,3.3,0.1,23.61,36.21
2018-03-08,Nagapattinam,10.7672,79.8449,Delta,26.95,29.91,24.7,76.54,3.37,0.11,22.84,36.28
2018-03-09,Nagapattinam,10.7672,79.8449,Delta,27.19,30.02,24.82,77.06,3.72,0.15,20.64,36.36
2018-03-10,Nagapattinam,10.7672,79.8449,Delta,27.5,30.29,25.4,77.66,3.93,0.11,19.19,36.43
2018-03-11,Nagapattinam,10.7672,79.8449,Delta,27.45,30.03,25.34,77.11,3.84,0.25,21.12,36.5
2018-03-12,Nagapattinam,10.7672,79.8449,Delta,27.62,29.55,26.0,80.77,4.61,3.59,16.6,36.57
2018-03-13,Nagapattinam,10.7672,79.8449,Delta,27.75,28.97,26.71,79.49,3.71,5.76,16.01,36.64
2018-03-14,Nagapattinam,10.7672,79.8449,Delta,27.87,30.09,26.12,79.72,2.94,2.1,20.07,36.7
2018-03-15,Nagapattinam,10.7672,79.8449,Delta,27.93,29.68,26.42,78.88,2.97,0.91,19.87,36.77
2018-03-16,Nagapattinam,10.7672,79.8449,Delta,28.22,30.24,26.52,78.63,3.34,2.13,22.09,36.83
2018-03-17,Nagapattinam,10.7672,79.8449,Delta,27.57,28.59,26.81,80.51,3.5,2.75,13.4,36.89
2018-03-18,Nagapattinam,10.7672,79.8449,Delta,27.98,30.2,26.62,74.25,3.95,0.5,21.74,36.95
2018-03-19,Nagapattinam,10.7672,79.8449,Delta,27.82,30.16,26.06,71.07,3.59,0.01,23.62,37.01
2018-03-20,Nagapattinam,10.7672,79.8449,Delta,27.58,30.43,25.5,73.62,3.09,0.0,25.52,37.06
2018-03-21,Nagapattinam,10.7672,79.8449,Delta,28.05,31.26,25.41,70.23,2.43,0.0,25.19,37.11
2018-03-22,Nagapattinam,10.7672,79.8449,Delta,28.87,32.14,26.06,68.72,3.17,0.0,22.92,37.17
2018-03-23,Nagapattinam,10.7672,79.8449,Delta,28.84,30.85,27.34,74.59,3.68,0.39,22.23,37.22
2018-03-24,Nagapattinam,10.7672,79.8449,Delta,28.84,31.62,26.93,71.42,3.47,0.07,21.26,37.27
2018-03-25,Nagapattinam,10.7672,79.8449,Delta,28.24,30.94,26.45,72.55,3.58,0.0,22.61,37.31
2018-03-26,Nagapattinam,10.7672,79.8449,Delta,28.21,30.93,25.98,72.36,3.2,0.25,17.91,37.36
2018-03-27,Nagapattinam,10.7672,79.8449,Delta,28.37,30.12,26.79,79.88,2.69,0.79,22.95,37.4
2018-03-28,Nagapattinam,10.7672,79.8449,Delta,29.0,31.62,27.11,77.11,3.26,0.19,23.29,37.44
2018-03-29,Nagapattinam,10.7672,79.8449,Delta,29.32,32.01,27.2,75.61,3.44,0.11,24.86,37.48
2018-03-30,Nagapattinam,10.7672,79.8449,Delta,29.16,30.98,27.64,76.16,3.66,0.16,24.32,37.51
2018-03-31,Nagapattinam,10.7672,79.8449,Delta,29.29,31.89,27.54,78.26,3.77,0.89,22.95,37.55
2018-04-01,Nagapattinam,10.7672,79.8449,Delta,28.89,31.16,27.48,80.25,3.8,0.58,22.29,37.58
2018-04-02,Nagapattinam,10.7672,79.8449,Delta,28.9,31.27,27.26,77.88,3.31,0.33,22.11,37.61
2018-04-03,Nagapattinam,10.7672,79.8449,Delta,28.76,31.14,27.04,76.54,3.17,0.2,21.88,37.64
2018-04-04,Nagapattinam,10.7672,79.8449,Delta,28.93,31.46,27.08,74.79,3.09,0.06,24.27,37.67
2018-04-05,Nagapattinam,10.7672,79.8449,Delta,28.92,31.43,27.13,72.59,3.45,0.0,24.51,37.69
2018-04-06,Nagapattinam,10.7672,79.8449,Delta,29.06,31.67,26.94,72.56,3.11,0.02,18.57,37.71
2018-04-07,Nagapattinam,10.7672,79.8449,Delta,29.23,31.75,27.32,76.36,3.44,0.35,25.64,37.74
2018-04-08,Nagapattinam,10.7672,79.8449,Delta,29.04,30.95,27.35,77.14,3.96,1.24,24.4,37.75
2018-04-09,Nagapattinam,10.7672,79.8449,Delta,29.31,31.34,27.8,73.87,3.83,1.41,19.81,37.77
2018-04-10,Nagapattinam,10.7672,79.8449,Delta,29.09,30.63,27.95,78.0,3.67,3.56,22.48,37.79
2018-04-11,Nagapattinam,10.7672,79.8449,Delta,29.43,31.22,27.97,75.39,2.97,1.13,23.28,37.8
2018-04-12,Nagapattinam,10.7672,79.8449,Delta,29.31,31.5,27.8,76.23,3.2,1.23,21.62,37.81
2018-04-13,Nagapattinam,10.7672,79.8449,Delta,29.53,31.9,27.85,74.8,3.55,2.95,17.5,37.82
2018-04-14,Nagapattinam,10.7672,79.8449,Delta,29.25,30.92,27.78,75.75,3.35,1.93,21.88,37.83
2018-04-15,Nagapattinam,10.7672,79.8449,Delta,29.7,31.58,28.39,73.38,3.01,1.62,19.77,37.84
2018-04-16,Nagapattinam,10.7672,79.8449,Delta,29.49,30.82,28.32,76.27,2.6,1.43,21.63,37.85
2018-04-17,Nagapattinam,10.7672,79.8449,Delta,30.08,32.69,28.42,71.18,3.25,0.13,24.25,37.85
2018-04-18,Nagapattinam,10.7672,79.8449,Delta,30.35,33.22,28.06,71.37,3.61,0.19,24.99,37.86
2018-04-19,Nagapattinam,10.7672,79.8449,Delta,30.1,32.08,28.35,75.28,3.88,0.27,19.4,37.86
2018-04-20,Nagapattinam,10.7672,79.8449,Delta,30.59,33.29,28.63,73.0,4.09,1.63,24.0,37.86
2018-04-21,Nagapattinam,10.7672,79.8449,Delta,30.24,32.55,28.61,72.9,4.12,0.73,24.7,37.86
2018-04-22,Nagapattinam,10.7672,79.8449,Delta,30.55,33.09,28.64,72.46,3.77,0.65,25.33,37.86
2018-04-23,Nagapattinam,10.7672,79.8449,Delta,30.19,32.25,28.64,74.01,3.49,1.08,21.69,37.85
2018-04-24,Nagapattinam,10.7672,79.8449,Delta,30.21,32.86,28.12,73.06,3.8,0.17,25.12,37.85
2018-04-25,Nagapattinam,10.7672,79.8449,Delta,30.0,31.94,28.4,75.96,3.52,1.1,24.08,37.84
2018-04-26,Nagapattinam,10.7672,79.8449,Delta,30.09,31.98,28.53,76.56,3.63,2.01,23.05,37.84
2018-04-27,Nagapattinam,10.7672,79.8449,Delta,30.22,31.58,29.02,75.16,3.45,0.78,23.33,37.83
2018-04-28,Nagapattinam,10.7672,79.8449,Delta,30.04,31.52,28.5,74.38,3.66,1.03,22.4,37.82
2018-04-29,Nagapattinam,10.7672,79.8449,Delta,30.05,31.68,28.7,77.42,3.63,0.52,21.12,37.81
2018-04-30,Nagapattinam,10.7672,79.8449,Delta,30.9,33.44,28.95,74.14,4.49,1.68,23.4,37.8
2018-05-01,Nagapattinam,10.7672,79.8449,Delta,30.67,32.44,29.31,77.54,4.15,2.06,19.08,37.78
2018-05-02,Nagapattinam,10.7672,79.8449,Delta,30.55,32.04,29.06,78.02,3.71,1.62,21.15,37.77
2018-05-03,Nagapattinam,10.7672,79.8449,Delta,30.34,31.7,29.34,79.97,4.08,3.27,21.49,37.75
2018-05-04,Nagapattinam,10.7672,79.8449,Delta,30.03,31.91,28.47,77.04,3.39,2.66,21.89,37.74
2018-05-05,Nagapattinam,10.7672,79.8449,Delta,30.02,31.41,28.49,74.54,3.2,1.24,21.76,37.72
2018-05-06,Nagapattinam,10.7672,79.8449,Delta,30.12,31.44,28.81,74.62,3.69,3.96,21.39,37.71
2018-05-07,Nagapattinam,10.7672,79.8449,Delta,30.24,32.48,28.45,74.56,4.24,4.18,19.88,37.69
2018-05-08,Nagapattinam,10.7672,79.8449,Delta,30.51,32.56,28.58,73.31,4.65,6.12,19.12,37.67
2018-05-09,Nagapattinam,10.7672,79.8449,Delta,30.1,31.91,28.63,74.48,4.34,5.72,18.48,37.65
2018-05-10,Nagapattinam,10.7672,79.8449,Delta,29.22,30.68,27.73,77.47,3.48,5.69,21.77,37.63
2018-05-11,Nagapattinam,10.7672,79.8449,Delta,30.31,32.51,28.28,75.5,4.39,2.16,23.93,37.61
2018-05-12,Nagapattinam,10.7672,79.8449,Delta,30.43,32.35,28.63,74.82,4.03,1.66,23.63,37.59
2018-05-13,Nagapattinam,10.7672,79.8449,Delta,30.54,32.55,28.8,73.67,4.1,1.07,22.58,37.57
2018-05-14,Nagapattinam,10.7672,79.8449,Delta,30.41,32.55,28.59,73.72,3.53,2.29,21.0,37.55
2018-05-15,Nagapattinam,10.7672,79.8449,Delta,29.8,31.16,28.63,73.54,2.06,1.79,18.83,37.53
2018-05-16,Nagapattinam,10.7672,79.8449,Delta,29.67,31.11,28.36,77.19,2.97,3.0,17.4,37.51
2018-05-17,Nagapattinam,10.7672,79.8449,Delta,29.93,31.57,28.16,74.7,3.88,2.19,16.03,37.49
2018-05-18,Nagapattinam,10.7672,79.8449,Delta,30.31,32.46,28.33,72.3,4.76,1.12,20.77,37.47
2018-05-19,Nagapattinam,10.7672,79.8449,Delta,30.23,32.51,28.41,75.32,4.12,0.79,19.03,37.44
2018-05-20,Nagapattinam,10.7672,79.8449,Delta,30.71,33.38,28.51,75.08,4.44,3.44,21.92,37.42
2018-05-21,Nagapattinam,10.7672,79.8449,Delta,30.49,32.38,29.16,71.12,4.97,5.03,19.07,37.4
2018-05-22,Nagapattinam,10.7672,79.8449,Delta,30.57,32.88,28.65,70.92,3.09,4.3,18.56,37.38
2018-05-23,Nagapattinam,10.7672,79.8449,Delta,29.87,31.35,28.74,77.16,2.75,6.52,15.7,37.36
2018-05-24,Nagapattinam,10.7672,79.8449,Delta,29.59,31.49,28.03,78.44,2.58,5.59,15.44,37.34
2018-05-25,Nagapattinam,10.7672,79.8449,Delta,29.13,30.57,27.83,77.18,1.96,6.96,16.61,37.32
2018-05-26,Nagapattinam,10.7672,79.8449,Delta,28.75,29.77,27.31,80.11,2.41,5.27,16.64,37.3
2018-05-27,Nagapattinam,10.7672,79.8449,Delta,29.64,30.86,28.32,79.58,4.76,2.04,19.69,37.28
2018-05-28,Nagapattinam,10.7672,79.8449,Delta,29.65,31.05,28.71,80.23,6.72,2.21,21.46,37.26
2018-05-29,Nagapattinam,10.7672,79.8449,Delta,30.49,33.23,28.49,74.3,5.46,1.08,25.01,37.23
2018-05-30,Nagapattinam,10.7672,79.8449,Delta,31.02,33.68,28.46,71.1,4.92,0.22,23.03,37.22
2018-05-31,Nagapattinam,10.7672,79.8449,Delta,31.12,33.82,28.57,72.04,4.89,0.49,22.71,37.2
2018-06-01,Nagapattinam,10.7672,79.8449,Delta,30.1,31.55,28.84,76.87,4.54,1.68,18.3,37.18
2018-06-02,Nagapattinam,10.7672,79.8449,Delta,30.04,32.18,28.41,77.99,3.93,2.56,19.8,37.16
2018-06-03,Nagapattinam,10.7672,79.8449,Delta,30.19,32.85,28.35,75.89,4.15,6.5,20.2,37.14
2018-06-04,Nagapattinam,10.7672,79.8449,Delta,29.3,31.12,27.82,78.62,3.75,3.9,21.88,37.12
2018-06-05,Nagapattinam,10.7672,79.8449,Delta,29.91,32.11,28.08,77.03,4.28,4.22,20.98,37.1
2018-06-06,Nagapattinam,10.7672,79.8449,Delta,30.02,32.4,28.2,75.71,4.27,7.36,22.95,37.09
2018-06-07,Nagapattinam,10.7672,79.8449,Delta,30.41,33.16,28.03,73.12,5.15,3.96,20.91,37.07
2018-06-08,Nagapattinam,10.7672,79.8449,Delta,30.49,33.12,28.07,71.8,5.94,1.37,20.61,37.05
2018-06-09,Nagapattinam,10.7672,79.8449,Delta,30.27,32.76,28.43,70.98,7.09,2.07,16.8,37.04
2018-06-10,Nagapattinam,10.7672,79.8449,Delta,30.32,32.76,27.84,72.22,6.31,0.6,21.06,37.03
2018-06-11,Nagapattinam,10.7672,79.8449,Delta,30.68,33.26,28.3,71.55,6.52,0.84,18.66,37.01
2018-06-12,Nagapattinam,10.7672,79.8449,Delta,30.35,32.51,28.3,72.92,5.9,0.8,17.93,37.0
2018-06-13,Nagapattinam,10.7672,79.8449,Delta,30.27,32.38,28.39,70.3,5.65,0.5,18.43,36.99
2018-06-14,Nagapattinam,10.7672,79.8449,Delta,30.68,33.9,27.69,64.8,5.45,0.27,19.02,36.98
2018-06-15,Nagapattinam,10.7672,79.8449,Delta,30.58,33.66,27.8,65.7,5.3,1.26,21.08,36.97
2018-06-16,Nagapattinam,10.7672,79.8449,Delta,30.19,33.58,27.91,68.96,5.22,4.3,21.58,36.96
2018-06-17,Nagapattinam,10.7672,79.8449,Delta,29.82,32.63,27.17,69.84,5.26,3.26,23.12,36.95
2018-06-18,Nagapattinam,10.7672,79.8449,Delta,30.15,33.48,27.09,64.93,5.27,0.49,20.66,36.94
2018-06-19,Nagapattinam,10.7672,79.8449,Delta,30.12,33.17,27.37,70.35,6.1,0.87,22.84,36.94
2018-06-20,Nagapattinam,10.7672,79.8449,Delta,30.32,33.2,27.59,70.0,5.95,1.5,21.44,36.93
2018-06-21,Nagapattinam,10.7672,79.8449,Delta,29.71,31.86,27.86,73.45,5.16,1.95,17.35,36.93
2018-06-22,Nagapattinam,10.7672,79.8449,Delta,29.89,32.58,27.47,69.51,5.55,0.89,19.77,36.92
2018-06-23,Nagapattinam,10.7672,79.8449,Delta,30.26,33.23,27.71,66.41,5.32,0.44,17.85,36.92
2018-06-24,Nagapattinam,10.7672,79.8449,Delta,29.98,32.65,27.89,70.6,4.71,2.04,21.88,36.92
2018-06-25,Nagapattinam,10.7672,79.8449,Delta,29.89,32.69,27.22,66.91,4.95,1.66,22.5,36.92
2018-06-26,Nagapattinam,10.7672,79.8449,Delta,29.5,32.43,26.84,66.81,5.57,4.05,21.9,36.92
2018-06-27,Nagapattinam,10.7672,79.8449,Delta,29.99,32.73,27.71,67.19,5.37,0.98,20.37,36.92
2018-06-28,Nagapattinam,10.7672,79.8449,Delta,30.09,33.33,27.45,66.01,4.41,1.77,17.49,36.92
2018-06-29,Nagapattinam,10.7672,79.8449,Delta,29.86,32.62,27.72,66.79,3.69,1.56,23.2,36.92
2018-06-30,Nagapattinam,10.7672,79.8449,Delta,29.09,31.25,27.24,69.72,3.65,2.38,21.75,36.92
2018-07-01,Nagapattinam,10.7672,79.8449,Delta,29.22,31.37,27.43,73.02,2.93,9.29,20.68,36.92
2018-07-02,Nagapattinam,10.7672,79.8449,Delta,29.48,32.4,27.18,73.68,3.79,7.46,23.15,36.92
2018-07-03,Nagapattinam,10.7672,79.8449,Delta,28.73,30.98,26.7,76.66,3.61,8.43,23.76,36.93
2018-07-04,Nagapattinam,10.7672,79.8449,Delta,29.51,32.13,27.42,74.46,3.88,3.49,23.38,36.93
2018-07-05,Nagapattinam,10.7672,79.8449,Delta,29.62,32.56,27.66,71.71,4.58,2.1,23.41,36.94
2018-07-06,Nagapattinam,10.7672,79.8449,Delta,30.13,33.41,27.37,69.93,4.83,0.49,21.29,36.94
2018-07-07,Nagapattinam,10.7672,79.8449,Delta,29.75,31.85,27.85,66.69,5.62,0.06,13.63,36.95
2018-07-08,Nagapattinam,10.7672,79.8449,Delta,29.63,32.12,26.93,69.17,5.73,1.77,15.21,36.96
2018-07-09,Nagapattinam,10.7672,79.8449,Delta,29.61,32.07,27.56,71.54,6.08,2.79,16.31,36.97
2018-07-10,Nagapattinam,10.7672,79.8449,Delta,29.35,31.35,27.63,74.76,5.65,3.01,19.19,36.98
2018-07-11,Nagapattinam,10.7672,79.8449,Delta,29.46,32.09,26.98,70.18,6.77,1.36,16.47,36.99
2018-07-12,Nagapattinam,10.7672,79.8449,Delta,29.78,33.03,26.99,68.06,6.46,0.6,21.78,37.0
2018-07-13,Nagapattinam,10.7672,79.8449,Delta,30.23,33.59,27.49,67.96,5.92,0.77,20.4,37.0
2018-07-14,Nagapattinam,10.7672,79.8449,Delta,30.04,32.31,27.89,70.13,5.66,0.49,18.42,37.01
2018-07-15,Nagapattinam,10.7672,79.8449,Delta,29.92,32.46,27.94,69.79,6.7,0.19,15.9,37.03
2018-07-16,Nagapattinam,10.7672,79.8449,Delta,30.18,33.51,27.61,66.96,7.07,0.14,16.19,37.04
2018-07-17,Nagapattinam,10.7672,79.8449,Delta,30.49,33.97,27.56,63.57,6.86,0.18,21.91,37.05
2018-07-18,Nagapattinam,10.7672,79.8449,Delta,30.35,33.21,27.91,66.81,6.37,0.31,19.2,37.07
2018-07-19,Nagapattinam,10.7672,79.8449,Delta,30.1,32.97,27.8,69.61,5.68,2.32,14.16,37.08
2018-07-20,Nagapattinam,10.7672,79.8449,Delta,29.8,32.22,27.61,69.42,6.04,0.81,16.61,37.09
2018-07-21,Nagapattinam,10.7672,79.8449,Delta,30.28,33.15,27.88,66.98,6.17,0.13,17.96,37.1
2018-07-22,Nagapattinam,10.7672,79.8449,Delta,30.37,33.49,27.19,66.79,5.27,0.07,20.78,37.11
2018-07-23,Nagapattinam,10.7672,79.8449,Delta,30.38,33.56,27.35,68.08,5.01,0.9,21.75,37.13
2018-07-24,Nagapattinam,10.7672,79.8449,Delta,30.37,33.19,27.45,68.24,4.6,0.59,21.14,37.14
2018-07-25,Nagapattinam,10.7672,79.8449,Delta,30.31,33.21,27.75,68.06,4.51,0.39,23.05,37.15
2018-07-26,Nagapattinam,10.7672,79.8449,Delta,30.16,32.91,27.86,69.15,4.02,0.7,20.79,37.17
2018-07-27,Nagapattinam,10.7672,79.8449,Delta,29.99,32.9,27.45,69.34,4.65,0.47,16.07,37.18
2018-07-28,Nagapattinam,10.7672,79.8449,Delta,30.03,32.97,27.69,68.59,4.63,0.28,19.71,37.19
2018-07-29,Nagapattinam,10.7672,79.8449,Delta,29.52,31.96,27.76,72.15,4.95,1.18,19.87,37.21
2018-07-30,Nagapattinam,10.7672,79.8449,Delta,29.42,31.39,27.83,74.94,5.32,3.1,15.97,37.22
2018-07-31,Nagapattinam,10.7672,79.8449,Delta,29.48,31.64,27.66,72.61,5.19,3.76,19.41,37.23
2018-08-01,Nagapattinam,10.7672,79.8449,Delta,29.97,32.91,27.33,69.48,5.26,0.87,19.88,37.24
2018-08-02,Nagapattinam,10.7672,79.8449,Delta,30.01,33.6,27.39,68.89,5.18,0.94,20.95,37.26
2018-08-03,Nagapattinam,10.7672,79.8449,Delta,29.37,31.76,27.68,71.6,5.6,2.73,18.16,37.27
2018-08-04,Nagapattinam,10.7672,79.8449,Delta,29.72,32.82,26.7,66.7,4.53,0.79,16.38,37.28
2018-08-05,Nagapattinam,10.7672,79.8449,Delta,29.9,32.32,27.68,69.44,3.57,1.9,16.99,37.29
2018-08-06,Nagapattinam,10.7672,79.8449,Delta,30.42,33.74,27.2,65.42,5.57,0.81,21.36,37.3
2018-08-07,Nagapattinam,10.7672,79.8449,Delta,30.19,33.74,26.73,64.38,5.97,0.25,18.45,37.31
2018-08-08,Nagapattinam,10.7672,79.8449,Delta,30.08,33.43,27.25,64.81,6.07,0.3,20.33,37.32
2018-08-09,Nagapattinam,10.7672,79.8449,Delta,29.98,32.99,26.92,66.02,4.98,0.98,18.87,37.33
2018-08-10,Nagapattinam,10.7672,79.8449,Delta,29.71,32.18,27.39,68.95,4.63,3.75,20.04,37.34
2018-08-11,Nagapattinam,10.7672,79.8449,Delta,30.04,33.14,27.17,65.94,5.27,2.19,8.15,37.34
2018-08-12,Nagapattinam,10.7672,79.8449,Delta,29.42,32.49,27.28,68.11,6.42,2.93,16.97,37.35
2018-08-13,Nagapattinam,10.7672,79.8449,Delta,29.43,32.69,26.58,65.9,6.2,1.51,17.62,37.36
2018-08-14,Nagapattinam,10.7672,79.8449,Delta,29.7,32.58,27.36,66.94,6.21,3.63,13.49,37.36
2018-08-15,Nagapattinam,10.7672,79.8449,Delta,29.12,31.09,27.42,70.16,7.41,4.59,17.33,37.37
2018-08-16,Nagapattinam,10.7672,79.8449,Delta,29.36,32.48,27.13,69.14,7.28,3.47,20.36,37.37
2018-08-17,Nagapattinam,10.7672,79.8449,Delta,30.31,33.62,27.54,66.95,5.77,0.79,18.98,37.37
2018-08-18,Nagapattinam,10.7672,79.8449,Delta,29.87,32.67,27.44,67.51,6.11,0.93,17.14,37.37
2018-08-19,Nagapattinam,10.7672,79.8449,Delta,29.83,32.8,27.21,67.19,5.35,0.15,14.1,37.37
2018-08-20,Nagapattinam,10.7672,79.8449,Delta,30.11,33.2,27.26,65.58,5.23,0.07,18.35,37.37
2018-08-21,Nagapattinam,10.7672,79.8449,Delta,30.35,33.72,27.03,64.6,4.99,0.08,24.09,37.37
2018-08-22,Nagapattinam,10.7672,79.8449,Delta,29.99,32.92,27.27,64.43,4.4,0.13,23.25,37.37
2018-08-23,Nagapattinam,10.7672,79.8449,Delta,29.71,32.39,27.91,68.87,4.09,3.44,18.77,37.37
2018-08-24,Nagapattinam,10.7672,79.8449,Delta,29.2,31.11,27.72,71.15,3.86,3.35,16.19,37.36
2018-08-25,Nagapattinam,10.7672,79.8449,Delta,29.4,31.52,27.53,71.66,3.36,4.91,17.43,37.35
2018-08-26,Nagapattinam,10.7672,79.8449,Delta,28.95,32.08,26.3,74.4,3.34,15.68,18.25,37.35
2018-08-27,Nagapattinam,10.7672,79.8449,Delta,29.69,32.35,27.79,69.66,3.7,2.46,18.74,37.34
2018-08-28,Nagapattinam,10.7672,79.8449,Delta,29.36,32.55,26.57,70.53,4.35,1.81,18.67,37.33
2018-08-29,Nagapattinam,10.7672,79.8449,Delta,29.38,32.17,26.87,71.11,3.8,1.28,19.61,37.31
2018-08-30,Nagapattinam,10.7672,79.8449,Delta,29.55,32.53,27.49,72.18,3.79,4.23,21.49,37.3
2018-08-31,Nagapattinam,10.7672,79.8449,Delta,28.57,30.47,26.45,75.34,3.88,3.59,15.07,37.29
2018-09-01,Nagapattinam,10.7672,79.8449,Delta,28.02,29.41,26.18,75.17,4.28,5.72,19.55,37.27
2018-09-02,Nagapattinam,10.7672,79.8449,Delta,28.77,30.76,27.1,76.58,3.25,2.48,20.86,37.25
2018-09-03,Nagapattinam,10.7672,79.8449,Delta,29.25,31.74,27.35,73.47,3.57,0.84,21.09,37.23
2018-09-04,Nagapattinam,10.7672,79.8449,Delta,29.39,32.54,27.16,74.49,4.32,0.29,23.88,37.21
2018-09-05,Nagapattinam,10.7672,79.8449,Delta,29.62,32.94,27.37,70.9,4.08,0.03,24.08,37.19
2018-09-06,Nagapattinam,10.7672,79.8449,Delta,29.84,33.47,27.59,69.3,4.97,0.03,23.75,37.16
2018-09-07,Nagapattinam,10.7672,79.8449,Delta,30.24,33.85,27.3,64.01,4.96,0.01,25.33,37.14
2018-09-08,Nagapattinam,10.7672,79.8449,Delta,30.06,33.28,27.73,65.31,4.41,0.05,25.32,37.11
2018-09-09,Nagapattinam,10.7672,79.8449,Delta,29.57,31.76,27.66,69.12,3.2,0.7,18.41,37.09
2018-09-10,Nagapattinam,10.7672,79.8449,Delta,29.26,31.24,27.77,70.61,3.23,1.33,21.84,37.06
2018-09-11,Nagapattinam,10.7672,79.8449,Delta,29.23,31.77,26.97,71.95,3.19,0.34,22.75,37.02
2018-09-12,Nagapattinam,10.7672,79.8449,Delta,29.7,32.77,27.35,68.8,3.53,0.2,23.72,36.99
2018-09-13,Nagapattinam,10.7672,79.8449,Delta,29.74,32.67,27.7,70.14,4.03,0.53,23.05,36.96
2018-09-14,Nagapattinam,10.7672,79.8449,Delta,29.5,32.58,27.04,73.05,4.1,2.19,22.06,36.92
2018-09-15,Nagapattinam,10.7672,79.8449,Delta,29.19,31.51,27.51,74.14,4.06,2.08,21.59,36.88
2018-09-16,Nagapattinam,10.7672,79.8449,Delta,28.29,31.47,25.93,76.46,3.77,15.58,18.73,36.84
2018-09-17,Nagapattinam,10.7672,79.8449,Delta,28.44,30.88,26.29,74.2,3.89,5.16,14.98,36.8
2018-09-18,Nagapattinam,10.7672,79.8449,Delta,28.91,31.18,27.06,73.19,2.55,5.31,16.59,36.76
2018-09-19,Nagapattinam,10.7672,79.8449,Delta,28.4,31.36,26.74,74.74,3.11,10.23,15.65,36.72
2018-09-20,Nagapattinam,10.7672,79.8449,Delta,29.24,32.41,26.8,71.99,4.26,1.74,22.79,36.67
2018-09-21,Nagapattinam,10.7672,79.8449,Delta,29.33,32.53,26.39,71.3,4.97,0.51,21.99,36.62
2018-09-22,Nagapattinam,10.7672,79.8449,Delta,29.44,32.49,27.13,71.44,3.59,0.7,21.79,36.57
2018-09-23,Nagapattinam,10.7672,79.8449,Delta,28.76,30.36,27.45,77.87,2.62,0.83,21.83,36.52
2018-09-24,Nagapattinam,10.7672,79.8449,Delta,28.62,30.47,27.24,78.16,2.45,1.57,19.32,36.47
2018-09-25,Nagapattinam,10.7672,79.8449,Delta,28.61,30.25,27.18,77.58,2.44,0.64,20.2,36.41
2018-09-26,Nagapattinam,10.7672,79.8449,Delta,28.59,30.31,27.24,76.81,2.49,0.9,21.38,36.36
2018-09-27,Nagapattinam,10.7672,79.8449,Delta,28.42,30.25,27.16,78.76,2.67,8.24,19.7,36.3
2018-09-28,Nagapattinam,10.7672,79.8449,Delta,28.08,29.4,27.08,77.86,2.27,2.56,15.89,36.24
2018-09-29,Nagapattinam,10.7672,79.8449,Delta,28.57,30.43,26.97,78.01,2.81,1.0,18.65,36.18
2018-09-30,Nagapattinam,10.7672,79.8449,Delta,29.0,30.69,27.56,76.92,2.86,1.19,21.52,36.12
2018-10-01,Nagapattinam,10.7672,79.8449,Delta,28.71,30.09,27.66,79.63,3.12,1.56,19.64,36.05
2018-10-02,Nagapattinam,10.7672,79.8449,Delta,28.31,29.24,27.51,81.17,2.89,2.4,10.4,35.99
2018-10-03,Nagapattinam,10.7672,79.8449,Delta,27.86,29.14,27.02,84.93,2.99,19.53,11.48,35.92
2018-10-04,Nagapattinam,10.7672,79.8449,Delta,27.47,28.3,27.0,85.56,4.16,26.39,5.59,35.85
2018-10-05,Nagapattinam,10.7672,79.8449,Delta,27.71,28.78,26.9,87.36,3.85,21.83,3.85,35.78
2018-10-06,Nagapattinam,10.7672,79.8449,Delta,27.93,29.45,26.65,80.56,3.03,13.78,12.05,35.71
2018-10-07,Nagapattinam,10.7672,79.8449,Delta,27.79,29.16,26.81,81.17,1.81,5.07,19.44,35.63
2018-10-08,Nagapattinam,10.7672,79.8449,Delta,27.43,28.27,26.66,84.46,1.85,9.83,11.13,35.56
2018-10-09,Nagapattinam,10.7672,79.8449,Delta,27.97,29.59,26.42,78.81,2.51,5.6,16.88,35.48
2018-10-10,Nagapattinam,10.7672,79.8449,Delta,28.63,31.22,26.17,76.1,3.65,0.51,19.5,35.41
2018-10-11,Nagapattinam,10.7672,79.8449,Delta,29.03,31.8,26.87,77.96,4.58,0.64,19.64,35.33
2018-10-12,Nagapattinam,10.7672,79.8449,Delta,28.8,31.16,27.29,80.34,5.11,0.64,20.73,35.25
2018-10-13,Nagapattinam,10.7672,79.8449,Delta,28.19,29.82,27.0,82.29,4.69,1.36,19.19,35.17
2018-10-14,Nagapattinam,10.7672,79.8449,Delta,28.51,30.82,26.73,80.23,4.03,2.92,16.65,35.09
2018-10-15,Nagapattinam,10.7672,79.8449,Delta,28.15,29.86,26.97,81.38,2.5,3.25,16.39,35.01
2018-10-16,Nagapattinam,10.7672,79.8449,Delta,27.9,29.02,26.86,82.68,2.44,4.1,16.54,34.93
2018-10-17,Nagapattinam,10.7672,79.8449,Delta,27.95,29.49,26.6,75.51,2.36,9.61,14.95,34.84
2018-10-18,Nagapattinam,10.7672,79.8449,Delta,27.67,29.28,25.99,76.59,1.82,2.62,9.77,34.76
2018-10-19,Nagapattinam,10.7672,79.8449,Delta,27.44,28.36,26.83,79.17,2.0,1.43,19.6,34.67
2018-10-20,Nagapattinam,10.7672,79.8449,Delta,27.75,29.07,26.56,78.99,2.59,1.63,12.9,34.59
2018-10-21,Nagapattinam,10.7672,79.8449,Delta,27.82,28.68,26.94,85.94,3.37,11.75,13.69,34.5
2018-10-22,Nagapattinam,10.7672,79.8449,Delta,27.98,29.15,27.18,80.8,3.95,3.12,16.04,34.41
2018-10-23,Nagapattinam,10.7672,79.8449,Delta,27.79,29.67,26.31,77.21,3.4,0.07,16.33,34.32
2018-10-24,Nagapattinam,10.7672,79.8449,Delta,27.86,29.76,26.11,79.38,2.95,3.72,13.79,34.23
2018-10-25,Nagapattinam,10.7672,79.8449,Delta,28.06,29.6,26.85,78.59,4.36,1.9,12.49,34.14
2018-10-26,Nagapattinam,10.7672,79.8449,Delta,28.66,30.14,27.59,74.01,5.56,0.21,15.17,34.05
2018-10-27,Nagapattinam,10.7672,79.8449,Delta,28.34,29.74,27.35,75.74,5.4,1.51,14.77,33.96
2018-10-28,Nagapattinam,10.7672,79.8449,Delta,28.24,30.27,26.62,75.39,5.36,0.25,18.59,33.87
2018-10-29,Nagapattinam,10.7672,79.8449,Delta,28.09,30.61,25.57,79.53,5.16,2.23,19.86,33.78
2018-10-30,Nagapattinam,10.7672,79.8449,Delta,27.87,29.89,26.67,84.53,3.94,8.5,15.95,33.69
2018-10-31,Nagapattinam,10.7672,79.8449,Delta,27.27,28.43,26.59,86.24,3.81,15.24,14.33,33.6
2018-11-01,Nagapattinam,10.7672,79.8449,Delta,27.15,28.39,26.23,86.42,3.85,30.86,6.2,33.51
2018-11-02,Nagapattinam,10.7672,79.8449,Delta,27.02,28.0,26.31,86.09,3.68,24.09,6.75,33.42
2018-11-03,Nagapattinam,10.7672,79.8449,Delta,27.24,28.18,26.42,85.03,3.44,14.81,13.65,33.32
2018-11-04,Nagapattinam,10.7672,79.8449,Delta,27.99,29.65,26.83,79.25,4.14,1.33,18.34,33.23
2018-11-05,Nagapattinam,10.7672,79.8449,Delta,27.98,29.35,26.98,77.79,3.73,1.0,19.95,33.14
2018-11-06,Nagapattinam,10.7672,79.8449,Delta,27.82,29.22,26.93,78.98,4.38,1.19,10.5,33.05
2018-11-07,Nagapattinam,10.7672,79.8449,Delta,27.59,28.73,26.61,78.69,4.43,3.82,17.07,32.96
2018-11-08,Nagapattinam,10.7672,79.8449,Delta,27.05,27.8,26.45,86.13,3.94,24.62,8.51,32.87
2018-11-09,Nagapattinam,10.7672,79.8449,Delta,27.48,28.78,26.62,80.91,4.26,0.53,17.71,32.78
2018-11-10,Nagapattinam,10.7672,79.8449,Delta,27.43,29.09,26.35,77.54,4.18,0.23,19.39,32.69
2018-11-11,Nagapattinam,10.7672,79.8449,Delta,27.03,28.81,25.71,76.13,4.08,0.1,16.72,32.61
2018-11-12,Nagapattinam,10.7672,79.8449,Delta,26.86,28.88,24.95,75.3,3.45,0.03,18.67,32.52
2018-11-13,Nagapattinam,10.7672,79.8449,Delta,26.6,28.86,24.29,72.73,2.82,0.03,18.44,32.44
2018-11-14,Nagapattinam,10.7672,79.8449,Delta,26.7,28.97,24.27,76.84,3.01,0.08,17.84,32.35
2018-11-15,Nagapattinam,10.7672,79.8449,Delta,26.94,28.73,25.16,85.16,5.67,15.31,14.08,32.27
2018-11-16,Nagapattinam,10.7672,79.8449,Delta,27.23,27.61,26.63,84.94,5.23,24.58,8.08,32.19
2018-11-17,Nagapattinam,10.7672,79.8449,Delta,27.2,28.55,25.97,83.78,2.07,1.03,16.39,32.11
2018-11-18,Nagapattinam,10.7672,79.8449,Delta,27.08,28.22,26.22,85.44,2.62,1.59,17.25,32.03
2018-11-19,Nagapattinam,10.7672,79.8449,Delta,27.19,28.34,26.15,86.34,3.39,4.67,15.11,31.95
2018-11-20,Nagapattinam,10.7672,79.8449,Delta,26.6,27.09,26.04,89.99,6.25,17.14,6.01,31.87
2018-11-21,Nagapattinam,10.7672,79.8449,Delta,26.4,26.85,25.81,90.67,7.27,17.02,12.29,31.8
2018-11-22,Nagapattinam,10.7672,79.8449,Delta,26.77,27.2,26.13,88.23,5.53,13.71,12.53,31.73
2018-11-23,Nagapattinam,10.7672,79.8449,Delta,27.47,28.68,26.77,85.02,3.71,26.85,7.71,31.66
2018-11-24,Nagapattinam,10.7672,79.8449,Delta,27.05,28.3,25.98,82.27,4.4,1.48,10.39,31.59
2018-11-25,Nagapattinam,10.7672,79.8449,Delta,26.47,27.96,25.38,80.8,4.17,0.15,15.2,31.52
2018-11-26,Nagapattinam,10.7672,79.8449,Delta,26.02,27.62,24.71,74.74,4.52,0.01,16.54,31.45
2018-11-27,Nagapattinam,10.7672,79.8449,Delta,26.24,27.97,24.61,72.58,4.0,0.07,18.88,31.39
2018-11-28,Nagapattinam,10.7672,79.8449,Delta,26.68,28.16,25.31,80.93,5.03,4.23,13.87,31.32
2018-11-29,Nagapattinam,10.7672,79.8449,Delta,26.72,27.91,25.97,85.96,4.74,16.55,5.7,31.26
2018-11-30,Nagapattinam,10.7672,79.8449,Delta,26.69,27.97,25.84,83.17,4.64,4.41,17.76,31.21
2018-12-01,Nagapattinam,10.7672,79.8449,Delta,26.13,27.3,25.23,80.46,4.31,0.66,18.1,31.15
2018-12-02,Nagapattinam,10.7672,79.8449,Delta,26.48,28.24,24.86,77.35,3.89,0.27,19.41,31.1
2018-12-03,Nagapattinam,10.7672,79.8449,Delta,26.79,28.33,25.72,85.79,4.48,12.28,14.65,31.04
2018-12-04,Nagapattinam,10.7672,79.8449,Delta,26.71,28.08,25.67,87.26,3.17,13.36,12.32,31.0
2018-12-05,Nagapattinam,10.7672,79.8449,Delta,27.0,28.3,25.91,84.91,3.65,4.37,12.77,30.95
2018-12-06,Nagapattinam,10.7672,79.8449,Delta,27.31,28.67,26.29,79.37,3.75,0.87,17.2,30.91
2018-12-07,Nagapattinam,10.7672,79.8449,Delta,27.25,28.48,26.32,81.41,4.49,7.08,17.57,30.87
2018-12-08,Nagapattinam,10.7672,79.8449,Delta,26.95,28.37,26.01,79.91,4.72,0.39,15.3,30.83
2018-12-09,Nagapattinam,10.7672,79.8449,Delta,26.69,28.27,25.5,79.85,4.73,0.02,15.07,30.79
2018-12-10,Nagapattinam,10.7672,79.8449,Delta,26.28,27.95,25.07,79.2,3.94,0.0,15.1,30.76
2018-12-11,Nagapattinam,10.7672,79.8449,Delta,25.9,27.6,24.52,80.62,3.74,0.0,16.73,30.73
2018-12-12,Nagapattinam,10.7672,79.8449,Delta,26.08,28.17,24.3,82.92,3.7,0.0,17.63,30.71
2018-12-13,Nagapattinam,10.7672,79.8449,Delta,26.14,28.14,24.5,83.03,3.75,0.18,13.68,30.68
2018-12-14,Nagapattinam,10.7672,79.8449,Delta,26.51,28.07,25.2,84.75,5.48,5.13,18.09,30.66
2018-12-15,Nagapattinam,10.7672,79.8449,Delta,26.37,27.84,24.77,82.13,7.35,4.29,14.56,30.65
2018-12-16,Nagapattinam,10.7672,79.8449,Delta,24.46,26.16,22.97,83.81,6.68,0.61,11.67,30.63
2018-12-17,Nagapattinam,10.7672,79.8449,Delta,24.99,27.45,22.64,75.99,3.24,0.0,15.97,30.62
2018-12-18,Nagapattinam,10.7672,79.8449,Delta,25.8,27.76,24.12,81.11,2.65,0.01,14.81,30.61
2018-12-19,Nagapattinam,10.7672,79.8449,Delta,25.29,26.59,24.42,82.08,4.53,0.03,15.14,30.61
2018-12-20,Nagapattinam,10.7672,79.8449,Delta,25.54,27.27,23.96,83.42,4.37,0.11,18.3,30.61
2018-12-21,Nagapattinam,10.7672,79.8449,Delta,26.13,27.6,24.96,85.94,5.52,4.76,11.93,30.61
2018-12-22,Nagapattinam,10.7672,79.8449,Delta,25.84,26.96,24.59,90.58,5.71,21.85,6.48,30.61
2018-12-23,Nagapattinam,10.7672,79.8449,Delta,26.27,27.28,25.56,88.77,4.79,6.46,11.11,30.62
2018-12-24,Nagapattinam,10.7672,79.8449,Delta,26.28,27.73,25.32,84.05,4.5,1.04,10.75,30.63
2018-12-25,Nagapattinam,10.7672,79.8449,Delta,25.85,27.51,24.62,81.77,4.04,0.02,16.07,30.64
2018-12-26,Nagapattinam,10.7672,79.8449,Delta,25.28,27.09,23.95,82.54,2.89,0.03,17.92,30.66
2018-12-27,Nagapattinam,10.7672,79.8449,Delta,25.3,27.22,23.62,80.91,2.63,0.0,18.03,30.67
2018-12-28,Nagapattinam,10.7672,79.8449,Delta,25.75,27.2,24.5,80.6,2.88,0.04,14.79,30.7
2018-12-29,Nagapattinam,10.7672,79.8449,Delta,25.76,27.02,24.77,80.34,4.45,0.4,11.31,30.72
2018-12-30,Nagapattinam,10.7672,79.8449,Delta,25.28,26.76,24.09,79.83,5.21,0.14,15.86,30.75
2018-12-31,Nagapattinam,10.7672,79.8449,Delta,24.91,26.34,23.54,74.73,5.52,0.07,14.22,30.78
2019-01-01,Nagapattinam,10.7672,79.8449,Delta,24.15,25.92,22.88,73.92,4.82,0.01,18.07,30.81
2019-01-02,Nagapattinam,10.7672,79.8449,Delta,24.42,26.24,22.77,72.7,4.53,0.01,18.57,30.85
2019-01-03,Nagapattinam,10.7672,79.8449,Delta,24.79,26.57,23.66,71.37,4.76,0.0,20.5,30.89
2019-01-04,Nagapattinam,10.7672,79.8449,Delta,24.98,26.66,23.65,71.66,5.05,0.0,20.05,30.93
2019-01-05,Nagapattinam,10.7672,79.8449,Delta,24.78,26.71,23.39,74.89,4.47,0.0,19.36,30.97
2019-01-06,Nagapattinam,10.7672,79.8449,Delta,25.04,26.87,23.59,73.34,4.13,0.02,16.71,31.02
2019-01-07,Nagapattinam,10.7672,79.8449,Delta,25.25,27.14,23.82,77.05,3.71,0.01,19.86,31.07
2019-01-08,Nagapattinam,10.7672,79.8449,Delta,24.71,26.75,23.25,79.06,4.2,0.0,20.7,31.13
2019-01-09,Nagapattinam,10.7672,79.8449,Delta,24.63,26.87,22.71,75.72,4.24,0.0,21.79,31.18
2019-01-10,Nagapattinam,10.7672,79.8449,Delta,24.67,26.73,22.81,75.65,4.43,0.0,20.48,31.24
2019-01-11,Nagapattinam,10.7672,79.8449,Delta,24.96,26.99,23.53,74.83,4.39,0.19,19.17,31.3
2019-01-12,Nagapattinam,10.7672,79.8449,Delta,24.88,26.86,23.22,77.2,4.7,0.32,20.32,31.36
2019-01-13,Nagapattinam,10.7672,79.8449,Delta,25.24,27.13,23.65,79.17,4.53,0.86,13.86,31.43
2019-01-14,Nagapattinam,10.7672,79.8449,Delta,25.47,27.35,24.02,77.61,4.44,0.07,18.32,31.5
2019-01-15,Nagapattinam,10.7672,79.8449,Delta,25.06,27.3,23.13,76.18,4.79,0.04,18.33,31.57
2019-01-16,Nagapattinam,10.7672,79.8449,Delta,25.23,27.28,23.81,74.48,5.06,0.01,17.89,31.64
2019-01-17,Nagapattinam,10.7672,79.8449,Delta,24.98,27.2,23.05,70.05,4.47,0.08,17.09,31.72
2019-01-18,Nagapattinam,10.7672,79.8449,Delta,24.5,26.67,22.95,70.63,4.48,0.1,18.03,31.79
2019-01-19,Nagapattinam,10.7672,79.8449,Delta,24.44,26.58,23.01,71.19,4.16,0.18,19.91,31.87
2019-01-20,Nagapattinam,10.7672,79.8449,Delta,24.65,26.94,23.0,70.32,4.67,0.21,15.44,31.95
2019-01-21,Nagapattinam,10.7672,79.8449,Delta,24.69,27.2,22.71,70.78,3.92,0.01,15.84,32.03
2019-01-22,Nagapattinam,10.7672,79.8449,Delta,24.8,27.18,22.66,76.35,3.46,0.14,19.42,32.11
2019-01-23,Nagapattinam,10.7672,79.8449,Delta,25.38,27.68,23.35,78.13,3.63,0.02,19.84,32.2
2019-01-24,Nagapattinam,10.7672,79.8449,Delta,25.58,27.79,23.62,80.15,3.57,0.04,19.99,32.29
2019-01-25,Nagapattinam,10.7672,79.8449,Delta,26.42,28.49,24.55,79.74,3.44,0.16,17.43,32.37
2019-01-26,Nagapattinam,10.7672,79.8449,Delta,26.52,28.44,24.96,77.92,3.87,0.06,18.33,32.46
2019-01-27,Nagapattinam,10.7672,79.8449,Delta,26.42,28.39,25.09,74.48,3.69,0.02,17.81,32.55
2019-01-28,Nagapattinam,10.7672,79.8449,Delta,26.15,28.26,24.8,73.39,3.83,0.0,18.08,32.64
2019-01-29,Nagapattinam,10.7672,79.8449,Delta,25.87,27.85,24.42,76.59,4.98,0.08,19.03,32.74
2019-01-30,Nagapattinam,10.7672,79.8449,Delta,25.73,27.65,24.23,76.17,5.39,0.09,19.73,32.83
2019-01-31,Nagapattinam,10.7672,79.8449,Delta,25.77,27.75,24.09,74.12,4.87,0.04,19.8,32.92
2019-02-01,Nagapattinam,10.7672,79.8449,Delta,25.83,27.94,24.24,74.1,4.51,0.2,17.52,33.02
2019-02-02,Nagapattinam,10.7672,79.8449,Delta,25.85,28.16,24.15,75.36,4.55,0.04,19.61,33.11
2019-02-03,Nagapattinam,10.7672,79.8449,Delta,25.97,28.39,23.83,75.19,4.57,0.07,21.44,33.21
2019-02-04,Nagapattinam,10.7672,79.8449,Delta,26.62,28.47,25.29,79.14,5.33,2.03,12.53,33.31
2019-02-05,Nagapattinam,10.7672,79.8449,Delta,26.73,28.64,25.37,76.65,4.88,1.02,16.26,33.4
2019-02-06,Nagapattinam,10.7672,79.8449,Delta,26.51,28.79,24.77,72.72,3.94,0.06,21.15,33.5
2019-02-07,Nagapattinam,10.7672,79.8449,Delta,26.55,28.93,24.79,73.88,3.28,0.05,21.87,33.6
2019-02-08,Nagapattinam,10.7672,79.8449,Delta,26.99,29.6,24.94,76.45,2.76,0.27,19.93,33.7
2019-02-09,Nagapattinam,10.7672,79.8449,Delta,27.24,29.44,25.38,78.97,2.95,2.08,16.99,33.8
2019-02-10,Nagapattinam,10.7672,79.8449,Delta,26.94,29.03,25.29,79.21,3.41,0.53,17.82,33.9
2019-02-11,Nagapattinam,10.7672,79.8449,Delta,27.28,29.29,26.0,75.38,4.96,0.03,21.02,34.0
2019-02-12,Nagapattinam,10.7672,79.8449,Delta,27.0,28.88,25.77,73.82,5.64,0.12,21.3,34.1
2019-02-13,Nagapattinam,10.7672,79.8449,Delta,26.65,28.81,25.24,74.35,5.02,0.05,21.12,34.2
2019-02-14,Nagapattinam,10.7672,79.8449,Delta,27.0,29.12,25.51,78.11,4.43,0.06,19.63,34.3
2019-02-15,Nagapattinam,10.7672,79.8449,Delta,27.16,29.44,25.4,74.98,3.61,0.02,18.77,34.4
2019-02-16,Nagapattinam,10.7672,79.8449,Delta,27.57,30.21,25.71,74.5,2.9,0.01,20.48,34.5
2019-02-17,Nagapattinam,10.7672,79.8449,Delta,27.98,31.04,25.73,74.14,2.66,0.16,19.59,34.6
2019-02-18,Nagapattinam,10.7672,79.8449,Delta,28.19,30.29,26.66,78.15,2.96,1.46,19.31,34.69
2019-02-19,Nagapattinam,10.7672,79.8449,Delta,27.9,30.14,26.41,78.27,3.85,0.37,19.78,34.79
2019-02-20,Nagapattinam,10.7672,79.8449,Delta,27.49,29.68,25.73,75.62,4.22,0.02,22.46,34.88
2019-02-21,Nagapattinam,10.7672,79.8449,Delta,27.65,29.81,26.09,69.77,4.36,0.04,22.79,34.98
2019-02-22,Nagapattinam,10.7672,79.8449,Delta,27.05,29.51,25.4,69.14,4.34,0.01,24.2,35.07
2019-02-23,Nagapattinam,10.7672,79.8449,Delta,27.17,29.83,25.44,70.51,3.33,0.0,24.86,35.16
2019-02-24,Nagapattinam,10.7672,79.8449,Delta,26.94,29.74,24.88,72.51,3.11,0.0,24.77,35.26
2019-02-25,Nagapattinam,10.7672,79.8449,Delta,26.87,30.0,24.54,73.07,3.12,0.0,25.13,35.35
2019-02-26,Nagapattinam,10.7672,79.8449,Delta,27.56,30.59,24.95,77.93,3.51,0.07,23.53,35.44
2019-02-27,Nagapattinam,10.7672,79.8449,Delta,27.98,30.45,26.01,77.4,3.72,0.05,21.46,35.52
2019-02-28,Nagapattinam,10.7672,79.8449,Delta,28.2,30.44,26.45,77.68,3.83,0.66,20.78,35.61
2019-03-01,Nagapattinam,10.7672,79.8449,Delta,27.93,30.36,26.27,78.61,3.83,0.3,18.72,35.7
2019-03-02,Nagapattinam,10.7672,79.8449,Delta,27.79,30.07,26.26,72.72,4.05,0.05,21.85,35.78
2019-03-03,Nagapattinam,10.7672,79.8449,Delta,27.88,30.46,26.24,72.17,3.65,0.02,22.26,35.87
2019-03-04,Nagapattinam,10.7672,79.8449,Delta,27.74,30.37,25.88,73.13,3.4,0.0,24.28,35.95
2019-03-05,Nagapattinam,10.7672,79.8449,Delta,28.53,31.94,25.68,72.85,3.64,0.0,24.15,36.03
2019-03-06,Nagapattinam,10.7672,79.8449,Delta,29.12,32.29,26.53,75.19,4.17,0.09,24.4,36.11
2019-03-07,Nagapattinam,10.7672,79.8449,Delta,29.33,32.22,27.19,75.79,4.13,0.32,23.48,36.19
2019-03-08,Nagapattinam,10.7672,79.8449,Delta,29.13,31.79,27.39,76.24,3.87,0.26,22.4,36.26
2019-03-09,Nagapattinam,10.7672,79.8449,Delta,28.6,30.49,27.22,76.52,3.62,0.9,20.39,36.34
2019-03-10,Nagapattinam,10.7672,79.8449,Delta,28.42,31.1,26.39,74.05,3.63,0.02,24.2,36.41
2019-03-11,Nagapattinam,10.7672,79.8449,Delta,28.08,30.67,26.07,73.24,3.38,0.0,24.92,36.48
2019-03-12,Nagapattinam,10.7672,79.8449,Delta,27.93,30.83,25.74,71.69,3.27,0.0,25.07,36.55
2019-03-13,Nagapattinam,10.7672,79.8449,Delta,27.64,30.57,25.29,73.58,3.31,0.02,24.3,36.62
2019-03-14,Nagapattinam,10.7672,79.8449,Delta,28.0,31.13,25.66,69.08,2.96,0.0,25.24,36.69
2019-03-15,Nagapattinam,10.7672,79.8449,Delta,27.79,30.65,25.62,71.59,3.3,0.0,24.76,36.76
2019-03-16,Nagapattinam,10.7672,79.8449,Delta,27.74,30.55,25.52,74.57,3.64,0.03,24.46,36.82
2019-03-17,Nagapattinam,10.7672,79.8449,Delta,27.88,30.62,25.58,72.05,3.9,0.01,24.41,36.88
2019-03-18,Nagapattinam,10.7672,79.8449,Delta,28.02,30.6,25.88,74.3,3.93,0.14,24.41,36.94
2019-03-19,Nagapattinam,10.7672,79.8449,Delta,28.28,31.03,26.17,73.46,3.43,0.05,24.5,37.0
2019-03-20,Nagapattinam,10.7672,79.8449,Delta,28.29,31.16,26.21,73.96,3.9,0.01,24.01,37.05
2019-03-21,Nagapattinam,10.7672,79.8449,Delta,27.97,30.87,25.45,72.8,3.72,0.0,25.48,37.11
2019-03-22,Nagapattinam,10.7672,79.8449,Delta,28.47,31.42,25.99,74.32,3.39,0.07,24.95,37.16
2019-03-23,Nagapattinam,10.7672,79.8449,Delta,28.89,32.06,26.51,74.13,3.42,0.0,25.15,37.21
2019-03-24,Nagapattinam,10.7672,79.8449,Delta,29.0,32.17,26.5,70.62,3.4,0.0,24.35,37.26
2019-03-25,Nagapattinam,10.7672,79.8449,Delta,29.12,32.09,26.9,67.56,3.39,0.0,24.92,37.3
2019-03-26,Nagapattinam,10.7672,79.8449,Delta,28.92,31.88,26.75,68.31,3.79,0.0,26.02,37.35
2019-03-27,Nagapattinam,10.7672,79.8449,Delta,28.6,31.68,26.05,66.74,3.13,0.0,24.77,37.39
2019-03-28,Nagapattinam,10.7672,79.8449,Delta,28.76,31.99,25.93,67.37,3.02,0.0,26.61,37.43
2019-03-29,Nagapattinam,10.7672,79.8449,Delta,29.41,32.85,26.44,66.32,3.44,0.0,25.91,37.47
2019-03-30,Nagapattinam,10.7672,79.8449,Delta,29.45,32.23,26.81,66.72,3.73,0.0,25.58,37.5
2019-03-31,Nagapattinam,10.7672,79.8449,Delta,30.3,34.02,27.22,67.27,3.77,0.0,25.62,37.54
2019-04-01,Nagapattinam,10.7672,79.8449,Delta,30.11,32.98,28.01,66.42,4.29,0.0,26.0,37.57
2019-04-02,Nagapattinam,10.7672,79.8449,Delta,29.6,32.35,27.54,72.19,4.1,0.0,24.43,37.6
2019-04-03,Nagapattinam,10.7672,79.8449,Delta,29.09,31.77,27.17,72.59,4.2,0.0,24.62,37.63
2019-04-04,Nagapattinam,10.7672,79.8449,Delta,29.58,32.45,27.13,72.17,3.63,0.0,26.03,37.66
2019-04-05,Nagapattinam,10.7672,79.8449,Delta,29.74,32.45,27.5,73.44,3.17,0.03,25.28,37.68
2019-04-06,Nagapattinam,10.7672,79.8449,Delta,29.43,32.36,27.1,73.37,3.03,0.03,25.78,37.71
2019-04-07,Nagapattinam,10.7672,79.8449,Delta,29.58,32.7,26.99,73.08,4.08,0.02,25.56,37.73
2019-04-08,Nagapattinam,10.7672,79.8449,Delta,30.07,32.73,27.77,73.21,4.07,0.08,25.26,37.75
2019-04-09,Nagapattinam,10.7672,79.8449,Delta,30.36,32.68,28.69,73.17,3.87,0.16,24.59,37.77
2019-04-10,Nagapattinam,10.7672,79.8449,Delta,30.14,32.64,28.37,74.15,3.78,0.12,24.69,37.78
2019-04-11,Nagapattinam,10.7672,79.8449,Delta,30.03,32.86,27.71,71.45,3.47,0.55,25.44,37.79
2019-04-12,Nagapattinam,10.7672,79.8449,Delta,30.27,33.39,27.84,70.33,3.53,0.34,26.07,37.8
2019-04-13,Nagapattinam,10.7672,79.8449,Delta,30.01,32.66,27.88,71.63,3.22,0.26,25.89,37.81
2019-04-14,Nagapattinam,10.7672,79.8449,Delta,30.36,33.54,27.65,66.51,3.11,0.02,26.25,37.83
2019-04-15,Nagapattinam,10.7672,79.8449,Delta,30.38,33.38,27.72,66.94,3.39,0.02,26.6,37.83
2019-04-16,Nagapattinam,10.7672,79.8449,Delta,30.72,33.68,28.15,66.94,3.46,0.07,24.05,37.85
2019-04-17,Nagapattinam,10.7672,79.8449,Delta,30.75,32.62,29.11,66.63,3.27,0.49,22.18,37.85
2019-04-18,Nagapattinam,10.7672,79.8449,Delta,30.73,32.25,29.54,73.27,3.51,1.9,23.83,37.86
2019-04-19,Nagapattinam,10.7672,79.8449,Delta,30.38,32.27,28.74,74.02,3.09,2.58,23.09,37.86
2019-04-20,Nagapattinam,10.7672,79.8449,Delta,30.61,33.04,29.0,72.74,3.6,3.6,22.61,37.86
2019-04-21,Nagapattinam,10.7672,79.8449,Delta,30.46,32.65,28.65,72.63,2.98,5.5,19.09,37.86
2019-04-22,Nagapattinam,10.7672,79.8449,Delta,30.55,33.16,28.61,72.44,3.16,1.11,23.05,37.86
2019-04-23,Nagapattinam,10.7672,79.8449,Delta,30.56,33.13,28.59,68.06,3.06,0.64,18.84,37.85
2019-04-24,Nagapattinam,10.7672,79.8449,Delta,30.58,32.92,28.88,66.35,2.65,0.13,21.9,37.85
2019-04-25,Nagapattinam,10.7672,79.8449,Delta,30.69,33.06,28.76,68.96,2.82,0.06,22.93,37.84
2019-04-26,Nagapattinam,10.7672,79.8449,Delta,30.81,32.59,29.19,69.19,2.67,0.04,21.94,37.84
2019-04-27,Nagapattinam,10.7672,79.8449,Delta,31.13,32.76,29.82,69.47,3.39,0.28,19.83,37.83
2019-04-28,Nagapattinam,10.7672,79.8449,Delta,31.28,33.51,29.34,69.63,3.4,1.18,20.04,37.82
2019-04-29,Nagapattinam,10.7672,79.8449,Delta,31.45,33.93,29.74,70.01,3.53,3.79,16.24,37.81
2019-04-30,Nagapattinam,10.7672,79.8449,Delta,31.97,34.92,29.5,67.24,3.5,3.78,14.28,37.79
2019-05-01,Nagapattinam,10.7672,79.8449,Delta,31.55,33.84,29.42,68.01,4.79,6.45,16.09,37.78
2019-05-02,Nagapattinam,10.7672,79.8449,Delta,32.16,35.63,29.88,66.02,5.77,1.33,19.37,37.77
2019-05-03,Nagapattinam,10.7672,79.8449,Delta,32.08,35.28,30.13,64.91,5.99,0.58,22.76,37.75
2019-05-04,Nagapattinam,10.7672,79.8449,Delta,31.87,35.12,29.88,67.78,5.05,0.5,21.42,37.74
2019-05-05,Nagapattinam,10.7672,79.8449,Delta,30.95,33.4,29.22,74.7,4.66,1.39,22.96,37.72
2019-05-06,Nagapattinam,10.7672,79.8449,Delta,30.75,34.13,28.54,73.13,4.95,0.33,23.57,37.71
2019-05-07,Nagapattinam,10.7672,79.8449,Delta,30.8,33.72,28.81,74.16,5.7,0.43,22.05,37.69
2019-05-08,Nagapattinam,10.7672,79.8449,Delta,29.36,30.54,28.6,72.4,3.71,0.62,19.51,37.67
2019-05-09,Nagapattinam,10.7672,79.8449,Delta,30.8,34.37,27.92,69.01,4.23,0.41,22.03,37.65
2019-05-10,Nagapattinam,10.7672,79.8449,Delta,30.61,33.02,28.95,76.57,4.27,0.42,23.44,37.63
2019-05-11,Nagapattinam,10.7672,79.8449,Delta,30.57,33.71,28.44,75.25,4.68,0.12,23.73,37.61
2019-05-12,Nagapattinam,10.7672,79.8449,Delta,30.44,33.36,28.22,76.35,4.3,0.15,23.45,37.6
2019-05-13,Nagapattinam,10.7672,79.8449,Delta,30.83,33.81,28.74,74.97,4.55,0.3,23.72,37.58
2019-05-14,Nagapattinam,10.7672,79.8449,Delta,31.15,34.32,28.97,74.07,3.93,0.41,22.89,37.56
2019-05-15,Nagapattinam,10.7672,79.8449,Delta,31.21,34.69,28.84,73.96,3.75,0.75,23.11,37.54
2019-05-16,Nagapattinam,10.7672,79.8449,Delta,30.53,32.56,29.08,79.15,4.06,1.5,22.62,37.52
2019-05-17,Nagapattinam,10.7672,79.8449,Delta,30.37,32.64,28.88,79.84,4.23,1.02,22.93,37.5
2019-05-18,Nagapattinam,10.7672,79.8449,Delta,30.48,33.03,28.64,79.36,4.32,0.77,21.42,37.47
2019-05-19,Nagapattinam,10.7672,79.8449,Delta,30.66,33.4,28.74,77.04,4.46,0.32,24.58,37.45
2019-05-20,Nagapattinam,10.7672,79.8449,Delta,30.86,33.79,28.81,73.81,4.31,0.26,25.45,37.43
2019-05-21,Nagapattinam,10.7672,79.8449,Delta,30.29,31.98,28.96,77.28,4.52,0.19,24.41,37.41
2019-05-22,Nagapattinam,10.7672,79.8449,Delta,30.57,32.5,28.96,76.77,4.36,0.16,23.23,37.39
2019-05-23,Nagapattinam,10.7672,79.8449,Delta,30.81,33.07,28.96,76.23,5.05,0.24,23.29,37.36
2019-05-24,Nagapattinam,10.7672,79.8449,Delta,30.91,33.23,29.22,75.3,5.18,0.31,20.18,37.34
2019-05-25,Nagapattinam,10.7672,79.8449,Delta,31.37,33.72,29.43,72.83,5.53,0.3,22.9,37.32
2019-05-26,Nagapattinam,10.7672,79.8449,Delta,31.67,34.56,29.47,70.1,5.41,0.38,23.43,37.3
2019-05-27,Nagapattinam,10.7672,79.8449,Delta,30.79,32.97,29.35,77.82,4.64,0.28,23.22,37.28
2019-05-28,Nagapattinam,10.7672,79.8449,Delta,31.1,33.7,28.94,76.81,4.41,0.46,22.72,37.26
2019-05-29,Nagapattinam,10.7672,79.8449,Delta,31.15,32.95,29.63,77.32,4.07,3.98,22.32,37.24
2019-05-30,Nagapattinam,10.7672,79.8449,Delta,31.06,33.12,29.7,77.05,4.63,0.89,21.06,37.22
2019-05-31,Nagapattinam,10.7672,79.8449,Delta,31.23,33.83,29.51,66.26,6.5,2.73,19.52,37.2
2019-06-01,Nagapattinam,10.7672,79.8449,Delta,31.0,33.63,28.73,67.11,5.47,1.49,22.22,37.18
2019-06-02,Nagapattinam,10.7672,79.8449,Delta,31.32,33.93,29.51,72.13,5.71,2.3,16.94,37.16
2019-06-03,Nagapattinam,10.7672,79.8449,Delta,30.9,32.71,29.56,71.74,3.74,5.54,17.77,37.14
2019-06-04,Nagapattinam,10.7672,79.8449,Delta,30.76,32.97,28.78,74.4,4.37,3.21,21.68,37.13
2019-06-05,Nagapattinam,10.7672,79.8449,Delta,30.57,32.86,29.05,74.43,5.21,1.94,22.08,37.11
2019-06-06,Nagapattinam,10.7672,79.8449,Delta,30.28,32.14,28.8,77.5,5.16,1.82,21.05,37.09
2019-06-07,Nagapattinam,10.7672,79.8449,Delta,30.8,33.18,28.9,75.88,5.54,1.3,20.73,37.08
2019-06-08,Nagapattinam,10.7672,79.8449,Delta,30.94,33.18,28.97,72.75,5.76,0.53,23.6,37.06
2019-06-09,Nagapattinam,10.7672,79.8449,Delta,30.88,33.13,28.98,71.57,7.73,1.21,23.37,37.05
2019-06-10,Nagapattinam,10.7672,79.8449,Delta,30.69,32.41,29.02,71.97,7.06,0.64,17.65,37.03
2019-06-11,Nagapattinam,10.7672,79.8449,Delta,31.13,33.5,28.95,69.09,5.8,0.46,21.3,37.02
2019-06-12,Nagapattinam,10.7672,79.8449,Delta,31.45,33.74,29.19,67.65,5.05,0.44,22.01,37.01
2019-06-13,Nagapattinam,10.7672,79.8449,Delta,31.66,34.01,29.24,66.15,5.03,0.27,21.94,36.99
2019-06-14,Nagapattinam,10.7672,79.8449,Delta,31.62,34.98,28.52,64.97,5.67,0.54,22.23,36.98
2019-06-15,Nagapattinam,10.7672,79.8449,Delta,31.58,34.9,28.87,61.37,5.51,0.71,23.93,36.97
2019-06-16,Nagapattinam,10.7672,79.8449,Delta,31.49,34.19,29.7,68.89,5.14,1.31,22.55,36.96
2019-06-17,Nagapattinam,10.7672,79.8449,Delta,31.23,33.71,29.76,71.25,5.05,1.46,19.27,36.95
2019-06-18,Nagapattinam,10.7672,79.8449,Delta,31.37,33.68,29.67,68.24,4.88,1.02,21.19,36.94
2019-06-19,Nagapattinam,10.7672,79.8449,Delta,31.44,33.49,29.6,67.99,4.72,1.1,21.65,36.94
2019-06-20,Nagapattinam,10.7672,79.8449,Delta,31.83,35.13,28.81,62.42,4.2,0.89,23.51,36.93
2019-06-21,Nagapattinam,10.7672,79.8449,Delta,31.75,34.21,29.45,61.27,5.2,0.67,18.05,36.92
2019-06-22,Nagapattinam,10.7672,79.8449,Delta,31.71,34.12,29.48,64.61,5.07,0.16,19.69,36.92
2019-06-23,Nagapattinam,10.7672,79.8449,Delta,31.92,34.92,29.12,62.01,5.22,0.48,20.89,36.91
2019-06-24,Nagapattinam,10.7672,79.8449,Delta,31.95,35.77,28.88,64.6,5.2,1.26,21.94,36.91
2019-06-25,Nagapattinam,10.7672,79.8449,Delta,30.84,32.77,29.74,70.69,4.75,5.61,21.11,36.9
2019-06-26,Nagapattinam,10.7672,79.8449,Delta,30.51,32.4,28.84,73.22,3.61,7.05,17.68,36.91
2019-06-27,Nagapattinam,10.7672,79.8449,Delta,30.88,33.16,29.15,71.32,4.66,1.47,18.74,36.91
2019-06-28,Nagapattinam,10.7672,79.8449,Delta,30.88,34.01,28.67,67.92,5.62,0.43,20.78,36.91
2019-06-29,Nagapattinam,10.7672,79.8449,Delta,31.54,34.87,29.0,65.27,5.3,1.15,24.19,36.91
2019-06-30,Nagapattinam,10.7672,79.8449,Delta,31.94,34.7,29.36,61.72,5.14,0.4,18.61,36.91
2019-07-01,Nagapattinam,10.7672,79.8449,Delta,31.36,33.89,29.14,66.64,5.76,0.3,17.51,36.92
2019-07-02,Nagapattinam,10.7672,79.8449,Delta,31.31,33.51,29.23,67.25,6.25,0.52,19.51,36.92
2019-07-03,Nagapattinam,10.7672,79.8449,Delta,31.09,33.55,28.99,68.21,5.59,0.48,23.35,36.92
2019-07-04,Nagapattinam,10.7672,79.8449,Delta,30.96,33.4,29.05,70.13,5.79,1.03,22.17,36.93
2019-07-05,Nagapattinam,10.7672,79.8449,Delta,30.86,33.01,29.0,69.41,6.36,1.11,18.59,36.93
2019-07-06,Nagapattinam,10.7672,79.8449,Delta,30.95,33.18,28.73,67.32,5.71,0.62,15.66,36.94
2019-07-07,Nagapattinam,10.7672,79.8449,Delta,30.79,33.23,28.79,66.92,5.46,0.12,20.56,36.95
2019-07-08,Nagapattinam,10.7672,79.8449,Delta,30.74,33.24,28.52,69.4,5.16,0.28,22.38,36.95
2019-07-09,Nagapattinam,10.7672,79.8449,Delta,30.26,32.48,28.44,71.31,5.56,1.14,20.5,36.96
2019-07-10,Nagapattinam,10.7672,79.8449,Delta,29.54,31.84,27.99,71.29,3.95,3.81,18.68,36.97
2019-07-11,Nagapattinam,10.7672,79.8449,Delta,29.81,32.67,27.59,67.13,3.52,1.58,18.29,36.98
2019-07-12,Nagapattinam,10.7672,79.8449,Delta,30.41,32.98,28.63,67.38,3.33,1.31,19.98,36.99
2019-07-13,Nagapattinam,10.7672,79.8449,Delta,29.76,31.69,28.46,74.67,4.32,6.02,14.8,37.0
2019-07-14,Nagapattinam,10.7672,79.8449,Delta,29.58,31.5,28.47,77.56,4.36,10.0,22.99,37.01
2019-07-15,Nagapattinam,10.7672,79.8449,Delta,29.96,32.61,27.76,74.33,4.71,6.69,23.37,37.02
2019-07-16,Nagapattinam,10.7672,79.8449,Delta,30.23,33.21,27.31,69.03,3.78,1.85,23.43,37.03
2019-07-17,Nagapattinam,10.7672,79.8449,Delta,30.35,33.27,28.06,67.91,3.87,2.62,20.22,37.04
2019-07-18,Nagapattinam,10.7672,79.8449,Delta,28.89,31.31,27.03,74.73,4.06,6.27,20.19,37.06
2019-07-19,Nagapattinam,10.7672,79.8449,Delta,28.49,30.32,26.67,75.08,3.75,1.57,19.14,37.07
2019-07-20,Nagapattinam,10.7672,79.8449,Delta,29.92,33.0,27.06,68.94,5.01,0.84,20.78,37.08
2019-07-21,Nagapattinam,10.7672,79.8449,Delta,29.96,32.67,27.93,68.39,5.03,7.75,16.08,37.09
2019-07-22,Nagapattinam,10.7672,79.8449,Delta,28.87,30.25,27.29,71.58,4.34,10.31,8.67,37.11
2019-07-23,Nagapattinam,10.7672,79.8449,Delta,29.79,33.01,26.9,67.65,4.96,1.09,18.18,37.12
2019-07-24,Nagapattinam,10.7672,79.8449,Delta,30.11,33.36,27.61,67.3,4.38,0.54,23.31,37.13
2019-07-25,Nagapattinam,10.7672,79.8449,Delta,30.31,33.13,28.09,69.62,4.9,3.3,21.07,37.15
2019-07-26,Nagapattinam,10.7672,79.8449,Delta,29.53,32.37,26.88,72.28,5.16,5.18,12.17,37.16
2019-07-27,Nagapattinam,10.7672,79.8449,Delta,30.03,32.53,27.88,70.15,4.4,2.45,14.02,37.17
2019-07-28,Nagapattinam,10.7672,79.8449,Delta,30.29,33.09,27.96,68.43,4.68,1.21,18.78,37.19
2019-07-29,Nagapattinam,10.7672,79.8449,Delta,29.89,32.63,27.75,70.23,5.34,4.0,19.29,37.2
2019-07-30,Nagapattinam,10.7672,79.8449,Delta,30.03,33.14,27.43,70.4,4.25,6.72,21.12,37.21
2019-07-31,Nagapattinam,10.7672,79.8449,Delta,29.82,32.4,27.73,70.68,4.7,0.41,22.46,37.22
2019-08-01,Nagapattinam,10.7672,79.8449,Delta,30.17,33.31,28.24,72.02,5.59,1.04,21.75,37.24
2019-08-02,Nagapattinam,10.7672,79.8449,Delta,29.91,32.27,28.33,72.02,6.29,1.66,16.46,37.25
2019-08-03,Nagapattinam,10.7672,79.8449,Delta,30.16,32.95,28.02,69.09,5.25,0.29,18.61,37.26
2019-08-04,Nagapattinam,10.7672,79.8449,Delta,30.22,33.07,27.47,68.07,6.31,0.49,20.77,37.27
2019-08-05,Nagapattinam,10.7672,79.8449,Delta,30.28,33.03,28.43,65.34,6.04,2.1,12.13,37.28
2019-08-06,Nagapattinam,10.7672,79.8449,Delta,30.07,32.44,27.56,64.39,6.14,0.23,15.65,37.29
2019-08-07,Nagapattinam,10.7672,79.8449,Delta,30.04,32.55,27.65,66.4,6.92,1.92,16.71,37.3
2019-08-08,Nagapattinam,10.7672,79.8449,Delta,29.69,31.84,27.85,69.83,7.79,2.72,15.48,37.31
2019-08-09,Nagapattinam,10.7672,79.8449,Delta,29.79,32.82,27.09,69.78,6.59,2.27,18.68,37.32
2019-08-10,Nagapattinam,10.7672,79.8449,Delta,30.01,32.64,27.87,65.95,6.3,0.68,16.3,37.33
2019-08-11,Nagapattinam,10.7672,79.8449,Delta,30.4,33.87,27.35,65.23,4.58,0.68,20.82,37.34
2019-08-12,Nagapattinam,10.7672,79.8449,Delta,30.24,33.66,27.73,65.74,4.41,1.03,20.7,37.34
2019-08-13,Nagapattinam,10.7672,79.8449,Delta,29.82,32.27,27.97,69.12,5.17,1.29,20.56,37.35
2019-08-14,Nagapattinam,10.7672,79.8449,Delta,30.26,33.64,27.57,70.32,4.75,0.78,21.12,37.36
2019-08-15,Nagapattinam,10.7672,79.8449,Delta,30.18,33.5,27.67,68.57,4.42,1.62,24.09,37.36
2019-08-16,Nagapattinam,10.7672,79.8449,Delta,29.05,30.95,27.11,76.26,4.26,18.7,15.11,37.36
2019-08-17,Nagapattinam,10.7672,79.8449,Delta,26.79,27.65,26.05,86.33,5.07,30.74,14.5,37.37
2019-08-18,Nagapattinam,10.7672,79.8449,Delta,27.56,28.98,26.38,80.67,4.77,16.45,13.21,37.37
2019-08-19,Nagapattinam,10.7672,79.8449,Delta,28.65,30.87,26.69,78.9,3.77,4.82,19.2,37.37
2019-08-20,Nagapattinam,10.7672,79.8449,Delta,29.0,31.66,27.3,79.69,4.67,3.63,19.61,37.37
2019-08-21,Nagapattinam,10.7672,79.8449,Delta,28.47,30.79,26.9,80.23,4.95,10.81,19.79,37.37
2019-08-22,Nagapattinam,10.7672,79.8449,Delta,28.09,30.28,26.32,80.04,4.19,8.51,14.87,37.37
2019-08-23,Nagapattinam,10.7672,79.8449,Delta,28.27,31.45,25.74,76.46,5.18,2.84,17.8,37.36
2019-08-24,Nagapattinam,10.7672,79.8449,Delta,28.48,31.19,26.2,73.4,5.01,1.89,20.64,37.36
2019-08-25,Nagapattinam,10.7672,79.8449,Delta,28.77,31.36,26.6,74.29,5.56,1.86,19.41,37.35
2019-08-26,Nagapattinam,10.7672,79.8449,Delta,28.81,31.47,26.62,75.34,6.49,1.1,22.06,37.34
2019-08-27,Nagapattinam,10.7672,79.8449,Delta,29.4,32.19,26.76,72.85,5.54,0.73,21.63,37.33
2019-08-28,Nagapattinam,10.7672,79.8449,Delta,29.5,32.69,27.08,72.46,4.85,0.9,19.51,37.32
2019-08-29,Nagapattinam,10.7672,79.8449,Delta,28.66,30.75,27.02,76.83,4.93,3.1,23.53,37.31
2019-08-30,Nagapattinam,10.7672,79.8449,Delta,29.25,32.41,26.4,71.04,3.83,0.28,23.33,37.3
2019-08-31,Nagapattinam,10.7672,79.8449,Delta,29.09,32.14,26.82,71.06,5.67,2.58,20.52,37.28
2019-09-01,Nagapattinam,10.7672,79.8449,Delta,29.11,31.85,26.68,75.35,4.95,2.72,16.36,37.27
2019-09-02,Nagapattinam,10.7672,79.8449,Delta,28.81,30.9,27.17,79.15,5.12,4.33,20.38,37.25
2019-09-03,Nagapattinam,10.7672,79.8449,Delta,28.99,31.5,26.83,77.97,5.23,4.22,20.38,37.23
2019-09-04,Nagapattinam,10.7672,79.8449,Delta,29.27,32.19,26.97,75.94,5.71,4.03,19.0,37.21
2019-09-05,Nagapattinam,10.7672,79.8449,Delta,29.34,32.19,27.15,74.52,5.18,1.55,19.29,37.19
2019-09-06,Nagapattinam,10.7672,79.8449,Delta,29.6,32.35,26.98,74.02,5.08,1.46,21.77,37.17
2019-09-07,Nagapattinam,10.7672,79.8449,Delta,29.94,33.19,27.3,71.39,4.96,0.5,20.1,37.15
2019-09-08,Nagapattinam,10.7672,79.8449,Delta,29.83,32.58,27.14,71.9,4.58,0.55,22.49,37.12
2019-09-09,Nagapattinam,10.7672,79.8449,Delta,29.1,32.2,26.32,70.38,3.8,4.1,23.13,37.09
2019-09-10,Nagapattinam,10.7672,79.8449,Delta,29.36,31.77,27.37,75.17,3.69,3.46,16.3,37.06
2019-09-11,Nagapattinam,10.7672,79.8449,Delta,28.66,30.0,27.73,80.96,3.1,13.22,19.78,37.03
2019-09-12,Nagapattinam,10.7672,79.8449,Delta,28.69,31.04,27.18,78.77,4.46,6.62,20.81,37.0
2019-09-13,Nagapattinam,10.7672,79.8449,Delta,28.14,29.33,27.04,82.38,4.34,13.52,18.92,36.97
2019-09-14,Nagapattinam,10.7672,79.8449,Delta,28.57,30.48,26.99,80.69,4.17,5.12,21.21,36.93
2019-09-15,Nagapattinam,10.7672,79.8449,Delta,28.46,30.74,26.61,81.16,4.43,4.81,16.14,36.89
2019-09-16,Nagapattinam,10.7672,79.8449,Delta,28.17,29.85,26.74,84.09,4.86,18.0,20.2,36.85
2019-09-17,Nagapattinam,10.7672,79.8449,Delta,28.11,30.69,25.9,80.84,4.24,14.44,20.1,36.81
2019-09-18,Nagapattinam,10.7672,79.8449,Delta,28.17,29.7,27.18,85.37,4.33,14.47,13.9,36.77
2019-09-19,Nagapattinam,10.7672,79.8449,Delta,28.3,30.27,26.9,84.01,4.66,13.1,19.36,36.72
2019-09-20,Nagapattinam,10.7672,79.8449,Delta,27.35,28.94,26.2,80.86,4.58,2.71,17.73,36.68
2019-09-21,Nagapattinam,10.7672,79.8449,Delta,28.09,29.34,26.76,83.96,3.65,6.78,17.89,36.63
2019-09-22,Nagapattinam,10.7672,79.8449,Delta,28.22,29.52,27.04,82.92,3.03,4.8,20.22,36.58
2019-09-23,Nagapattinam,10.7672,79.8449,Delta,28.22,29.83,27.27,86.42,3.27,9.69,18.55,36.53
2019-09-24,Nagapattinam,10.7672,79.8449,Delta,27.71,29.03,26.89,86.33,4.24,9.51,17.84,36.48
2019-09-25,Nagapattinam,10.7672,79.8449,Delta,27.73,28.47,27.0,86.46,5.31,16.94,17.64,36.42
2019-09-26,Nagapattinam,10.7672,79.8449,Delta,28.12,29.77,26.89,81.84,4.22,1.43,21.98,36.36
2019-09-27,Nagapattinam,10.7672,79.8449,Delta,28.17,29.84,26.84,79.87,2.29,0.96,21.87,36.31
2019-09-28,Nagapattinam,10.7672,79.8449,Delta,28.33,29.99,27.21,79.17,2.44,1.46,20.22,36.25
2019-09-29,Nagapattinam,10.7672,79.8449,Delta,27.7,28.78,26.79,81.4,2.64,5.06,19.94,36.19
2019-09-30,Nagapattinam,10.7672,79.8449,Delta,27.61,29.15,26.45,77.77,2.4,8.03,17.85,36.13
2019-10-01,Nagapattinam,10.7672,79.8449,Delta,28.1,30.01,26.32,79.13,2.51,1.05,23.22,36.06
2019-10-02,Nagapattinam,10.7672,79.8449,Delta,28.04,29.18,26.89,81.68,2.6,0.64,22.87,36.0
2019-10-03,Nagapattinam,10.7672,79.8449,Delta,28.09,29.24,27.0,81.63,2.44,0.45,22.64,35.93
2019-10-04,Nagapattinam,10.7672,79.8449,Delta,28.04,29.5,26.77,82.02,2.39,1.11,22.14,35.86
2019-10-05,Nagapattinam,10.7672,79.8449,Delta,28.21,29.3,27.29,81.93,3.35,2.18,20.81,35.79
2019-10-06,Nagapattinam,10.7672,79.8449,Delta,27.98,29.0,27.17,81.68,3.03,3.36,19.11,35.72
2019-10-07,Nagapattinam,10.7672,79.8449,Delta,28.54,30.14,26.82,78.21,2.88,1.59,22.62,35.65
2019-10-08,Nagapattinam,10.7672,79.8449,Delta,28.6,30.05,27.34,78.8,2.83,0.32,22.23,35.58
2019-10-09,Nagapattinam,10.7672,79.8449,Delta,28.62,30.05,27.35,79.73,3.25,0.86,20.23,35.5
2019-10-10,Nagapattinam,10.7672,79.8449,Delta,28.62,30.09,27.49,78.82,3.08,0.48,21.12,35.43
2019-10-11,Nagapattinam,10.7672,79.8449,Delta,28.12,29.19,27.25,80.97,2.25,1.67,19.54,35.35
2019-10-12,Nagapattinam,10.7672,79.8449,Delta,28.02,28.98,27.22,80.68,1.88,1.36,20.35,35.27
2019-10-13,Nagapattinam,10.7672,79.8449,Delta,28.25,29.61,27.15,81.69,2.52,2.1,19.57,35.19
2019-10-14,Nagapattinam,10.7672,79.8449,Delta,28.47,29.75,27.51,81.74,2.38,5.34,20.77,35.11
2019-10-15,Nagapattinam,10.7672,79.8449,Delta,28.15,29.1,27.21,83.82,2.4,9.59,12.27,35.03
2019-10-16,Nagapattinam,10.7672,79.8449,Delta,27.46,28.14,27.01,84.06,3.24,12.03,15.52,34.95
2019-10-17,Nagapattinam,10.7672,79.8449,Delta,27.4,28.48,26.78,82.2,2.51,15.56,13.49,34.86
2019-10-18,Nagapattinam,10.7672,79.8449,Delta,27.87,29.23,26.69,81.1,2.16,3.21,17.65,34.78
2019-10-19,Nagapattinam,10.7672,79.8449,Delta,27.45,28.11,26.7,85.32,2.72,9.4,11.61,34.69
2019-10-20,Nagapattinam,10.7672,79.8449,Delta,27.03,27.76,26.39,89.09,3.33,26.86,13.94,34.6
2019-10-21,Nagapattinam,10.7672,79.8449,Delta,27.06,28.14,26.34,86.02,2.9,10.61,13.7,34.52
2019-10-22,Nagapattinam,10.7672,79.8449,Delta,26.92,27.82,25.99,85.94,1.86,19.03,12.2,34.43
2019-10-23,Nagapattinam,10.7672,79.8449,Delta,27.14,28.14,25.93,84.27,4.19,19.26,15.64,34.34
2019-10-24,Nagapattinam,10.7672,79.8449,Delta,27.04,27.51,26.04,86.12,4.5,5.55,9.93,34.25
2019-10-25,Nagapattinam,10.7672,79.8449,Delta,27.11,28.37,25.76,80.17,3.74,5.49,16.02,34.16
2019-10-26,Nagapattinam,10.7672,79.8449,Delta,26.66,27.02,26.19,83.63,2.93,5.51,9.44,34.07
2019-10-27,Nagapattinam,10.7672,79.8449,Delta,27.34,28.48,26.37,79.39,1.6,4.07,15.77,33.98
2019-10-28,Nagapattinam,10.7672,79.8449,Delta,27.03,27.84,25.99,84.62,2.49,24.38,10.88,33.89
2019-10-29,Nagapattinam,10.7672,79.8449,Delta,27.12,27.89,26.37,85.94,4.83,27.71,11.12,33.8
2019-10-30,Nagapattinam,10.7672,79.8449,Delta,27.01,28.02,26.06,86.34,3.63,17.06,7.31,33.71
2019-10-31,Nagapattinam,10.7672,79.8449,Delta,27.3,28.54,26.24,84.11,3.25,4.33,14.58,33.62
2019-11-01,Nagapattinam,10.7672,79.8449,Delta,27.13,28.39,25.98,84.52,2.36,2.9,20.3,33.53
2019-11-02,Nagapattinam,10.7672,79.8449,Delta,27.56,28.49,26.77,83.31,2.15,2.08,18.58,33.43
2019-11-03,Nagapattinam,10.7672,79.8449,Delta,27.48,28.2,26.78,85.97,2.74,3.35,16.98,33.34
2019-11-04,Nagapattinam,10.7672,79.8449,Delta,27.81,29.11,26.67,80.24,2.8,0.23,18.26,33.25
2019-11-05,Nagapattinam,10.7672,79.8449,Delta,27.98,29.91,25.95,79.06,2.16,0.03,19.64,33.16
2019-11-06,Nagapattinam,10.7672,79.8449,Delta,28.27,29.82,26.89,77.83,1.82,0.41,17.85,33.07
2019-11-07,Nagapattinam,10.7672,79.8449,Delta,28.6,30.23,27.32,74.59,1.23,1.16,16.73,32.98
2019-11-08,Nagapattinam,10.7672,79.8449,Delta,28.09,28.93,27.4,83.73,2.56,4.0,18.48,32.89
2019-11-09,Nagapattinam,10.7672,79.8449,Delta,28.14,29.39,27.04,85.09,2.52,4.03,18.32,32.81
2019-11-10,Nagapattinam,10.7672,79.8449,Delta,28.21,29.79,26.73,81.58,1.64,0.56,17.8,32.72
2019-11-11,Nagapattinam,10.7672,79.8449,Delta,27.86,29.24,26.91,76.99,1.95,0.41,14.64,32.63
2019-11-12,Nagapattinam,10.7672,79.8449,Delta,27.41,28.59,26.48,80.93,3.44,0.43,19.29,32.55
2019-11-13,Nagapattinam,10.7672,79.8449,Delta,27.18,28.35,26.18,84.41,4.13,1.31,15.45,32.46
2019-11-14,Nagapattinam,10.7672,79.8449,Delta,27.58,28.99,26.43,84.37,3.65,3.98,15.68,32.38
2019-11-15,Nagapattinam,10.7672,79.8449,Delta,27.54,28.86,26.69,84.38,3.42,4.03,18.0,32.29
2019-11-16,Nagapattinam,10.7672,79.8449,Delta,27.5,28.82,26.41,84.47,3.74,4.44,15.87,32.21
2019-11-17,Nagapattinam,10.7672,79.8449,Delta,27.54,28.86,26.41,85.13,3.72,5.98,18.26,32.13
2019-11-18,Nagapattinam,10.7672,79.8449,Delta,27.79,29.16,26.74,83.35,3.16,8.96,15.49,32.05
2019-11-19,Nagapattinam,10.7672,79.8449,Delta,27.97,29.48,26.84,80.58,2.89,4.51,19.02,31.97
2019-11-20,Nagapattinam,10.7672,79.8449,Delta,27.7,28.83,26.68,82.68,3.31,6.55,18.03,31.89
2019-11-21,Nagapattinam,10.7672,79.8449,Delta,27.86,29.15,26.91,82.51,4.15,6.63,17.19,31.82
2019-11-22,Nagapattinam,10.7672,79.8449,Delta,27.48,28.2,26.98,85.13,4.45,18.23,11.54,31.74
2019-11-23,Nagapattinam,10.7672,79.8449,Delta,27.25,28.46,26.44,83.59,5.43,8.35,13.2,31.67
2019-11-24,Nagapattinam,10.7672,79.8449,Delta,27.55,28.88,26.44,79.83,4.64,2.13,12.89,31.6
2019-11-25,Nagapattinam,10.7672,79.8449,Delta,27.52,28.74,26.48,81.58,5.48,5.87,13.7,31.53
2019-11-26,Nagapattinam,10.7672,79.8449,Delta,27.61,28.86,26.68,79.75,4.79,6.47,17.62,31.46
2019-11-27,Nagapattinam,10.7672,79.8449,Delta,28.0,29.26,27.07,81.8,4.67,8.92,15.14,31.4
2019-11-28,Nagapattinam,10.7672,79.8449,Delta,28.07,29.13,27.35,84.09,4.62,17.03,14.94,31.34
2019-11-29,Nagapattinam,10.7672,79.8449,Delta,27.99,29.18,27.26,84.43,5.75,14.36,10.44,31.28
2019-11-30,Nagapattinam,10.7672,79.8449,Delta,27.37,28.15,26.53,89.35,4.71,81.45,4.25,31.22
2019-12-01,Nagapattinam,10.7672,79.8449,Delta,26.73,27.65,26.12,88.96,2.82,23.39,11.16,31.16
2019-12-02,Nagapattinam,10.7672,79.8449,Delta,27.11,28.11,26.05,86.39,3.88,10.92,11.61,31.11
2019-12-03,Nagapattinam,10.7672,79.8449,Delta,27.42,28.38,26.61,81.5,4.82,4.26,13.7,31.06
2019-12-04,Nagapattinam,10.7672,79.8449,Delta,27.35,28.51,26.45,78.91,5.69,1.31,17.91,31.01
2019-12-05,Nagapattinam,10.7672,79.8449,Delta,27.13,28.3,26.43,78.82,5.97,1.03,15.64,30.96
2019-12-06,Nagapattinam,10.7672,79.8449,Delta,26.79,27.65,26.07,82.01,6.36,14.73,8.14,30.92
2019-12-07,Nagapattinam,10.7672,79.8449,Delta,27.08,28.22,26.2,79.91,5.48,7.08,7.92,30.88
2019-12-08,Nagapattinam,10.7672,79.8449,Delta,26.69,28.18,25.67,75.79,5.04,0.72,16.35,30.84
2019-12-09,Nagapattinam,10.7672,79.8449,Delta,26.62,28.18,25.4,77.54,4.84,0.23,17.8,30.81
2019-12-10,Nagapattinam,10.7672,79.8449,Delta,26.49,28.02,25.35,77.86,4.52,0.04,15.78,30.78
2019-12-11,Nagapattinam,10.7672,79.8449,Delta,26.4,27.93,24.87,81.74,4.37,0.59,18.89,30.75
2019-12-12,Nagapattinam,10.7672,79.8449,Delta,26.78,28.11,25.84,82.49,4.93,4.63,18.41,30.72
2019-12-13,Nagapattinam,10.7672,79.8449,Delta,27.12,28.31,26.28,83.93,4.25,16.61,10.54,30.7
2019-12-14,Nagapattinam,10.7672,79.8449,Delta,27.14,28.38,26.08,81.74,5.26,5.2,13.06,30.67
2019-12-15,Nagapattinam,10.7672,79.8449,Delta,26.52,27.75,25.59,80.35,4.42,1.57,14.53,30.66
2019-12-16,Nagapattinam,10.7672,79.8449,Delta,26.36,27.38,25.26,83.85,3.91,1.57,18.12,30.64
2019-12-17,Nagapattinam,10.7672,79.8449,Delta,26.65,27.73,26.01,82.7,5.57,2.79,12.73,30.63
2019-12-18,Nagapattinam,10.7672,79.8449,Delta,26.81,28.08,25.97,82.88,5.19,4.29,14.62,30.62
2019-12-19,Nagapattinam,10.7672,79.8449,Delta,26.79,27.97,26.07,82.29,5.25,3.0,16.16,30.61
2019-12-20,Nagapattinam,10.7672,79.8449,Delta,26.73,28.15,25.87,81.47,4.93,2.06,12.26,30.61
2019-12-21,Nagapattinam,10.7672,79.8449,Delta,26.19,27.63,25.11,78.95,4.36,0.11,15.46,30.61
2019-12-22,Nagapattinam,10.7672,79.8449,Delta,26.17,27.53,25.14,80.54,4.14,0.31,18.0,30.61
2019-12-23,Nagapattinam,10.7672,79.8449,Delta,26.31,27.75,25.18,79.78,4.42,0.58,12.52,30.61
2019-12-24,Nagapattinam,10.7672,79.8449,Delta,26.41,27.36,25.62,86.56,4.06,19.88,11.79,30.62
2019-12-25,Nagapattinam,10.7672,79.8449,Delta,26.53,27.67,25.57,83.41,4.46,2.48,8.33,30.63
2019-12-26,Nagapattinam,10.7672,79.8449,Delta,26.21,27.7,25.24,78.95,3.15,0.1,17.21,30.65
2019-12-27,Nagapattinam,10.7672,79.8449,Delta,25.91,27.38,24.66,75.27,3.12,0.07,19.78,30.67
2019-12-28,Nagapattinam,10.7672,79.8449,Delta,26.32,27.9,25.07,76.56,3.43,0.18,18.26,30.69
2019-12-29,Nagapattinam,10.7672,79.8449,Delta,26.39,27.96,25.14,79.58,3.78,0.6,15.54,30.71
2019-12-30,Nagapattinam,10.7672,79.8449,Delta,26.19,27.29,25.22,81.19,3.66,1.81,14.94,30.74
2019-12-31,Nagapattinam,10.7672,79.8449,Delta,26.54,27.98,25.53,81.82,3.68,1.58,16.8,30.77
2020-01-01,Nagapattinam,10.7672,79.8449,Delta,26.69,28.14,25.75,85.7,3.18,3.11,16.32,30.8
2020-01-02,Nagapattinam,10.7672,79.8449,Delta,26.81,28.42,25.61,85.41,3.34,0.63,15.16,30.84
2020-01-03,Nagapattinam,10.7672,79.8449,Delta,26.88,28.36,25.69,85.02,2.87,0.37,16.79,30.88
2020-01-04,Nagapattinam,10.7672,79.8449,Delta,26.9,28.28,25.82,85.15,2.78,0.32,17.96,30.92
2020-01-05,Nagapattinam,10.7672,79.8449,Delta,27.02,28.47,25.87,82.89,3.57,0.13,18.71,30.97
2020-01-06,Nagapattinam,10.7672,79.8449,Delta,26.67,28.06,25.83,82.62,4.35,1.07,16.48,31.01
2020-01-07,Nagapattinam,10.7672,79.8449,Delta,26.49,27.84,25.63,82.76,4.47,1.05,16.08,31.07
2020-01-08,Nagapattinam,10.7672,79.8449,Delta,26.15,27.61,24.78,77.59,4.16,0.28,19.18,31.12
2020-01-09,Nagapattinam,10.7672,79.8449,Delta,25.84,27.76,24.25,71.06,3.14,0.0,21.11,31.18
2020-01-10,Nagapattinam,10.7672,79.8449,Delta,25.77,27.49,24.35,74.94,3.78,0.08,19.1,31.23
2020-01-11,Nagapattinam,10.7672,79.8449,Delta,25.73,27.52,24.49,75.07,4.35,0.2,21.03,31.29
2020-01-12,Nagapattinam,10.7672,79.8449,Delta,26.04,27.82,24.75,74.97,4.46,0.02,18.51,31.35
2020-01-13,Nagapattinam,10.7672,79.8449,Delta,25.43,27.33,23.98,72.05,3.67,0.0,16.94,31.42
2020-01-14,Nagapattinam,10.7672,79.8449,Delta,24.86,26.85,23.45,69.81,3.39,0.0,21.0,31.49
2020-01-15,Nagapattinam,10.7672,79.8449,Delta,25.38,27.29,23.4,69.8,3.14,0.01,20.18,31.55
2020-01-16,Nagapattinam,10.7672,79.8449,Delta,26.19,27.97,24.82,72.75,2.79,0.05,21.12,31.63
2020-01-17,Nagapattinam,10.7672,79.8449,Delta,26.28,28.09,24.6,82.86,3.58,0.51,18.27,31.7
2020-01-18,Nagapattinam,10.7672,79.8449,Delta,26.72,28.27,25.69,82.23,4.15,3.05,7.7,31.77
2020-01-19,Nagapattinam,10.7672,79.8449,Delta,26.47,28.05,25.32,78.93,4.34,0.22,19.83,31.85
2020-01-20,Nagapattinam,10.7672,79.8449,Delta,26.19,28.03,24.74,78.37,4.02,0.0,20.68,31.93
2020-01-21,Nagapattinam,10.7672,79.8449,Delta,26.06,27.64,24.52,79.06,4.42,0.27,18.85,32.01
2020-01-22,Nagapattinam,10.7672,79.8449,Delta,26.37,27.78,25.18,81.05,5.13,0.22,18.05,32.09
2020-01-23,Nagapattinam,10.7672,79.8449,Delta,26.58,28.17,25.43,80.38,4.96,0.22,17.17,32.18
2020-01-24,Nagapattinam,10.7672,79.8449,Delta,25.91,27.67,24.63,79.79,4.61,0.06,20.8,32.26
2020-01-25,Nagapattinam,10.7672,79.8449,Delta,25.39,27.49,23.44,78.24,3.5,0.0,22.21,32.35
2020-01-26,Nagapattinam,10.7672,79.8449,Delta,25.58,27.55,24.16,72.84,2.85,0.0,22.77,32.44
2020-01-27,Nagapattinam,10.7672,79.8449,Delta,25.81,27.77,24.54,71.88,2.36,0.02,21.99,32.53
2020-01-28,Nagapattinam,10.7672,79.8449,Delta,26.39,28.35,24.7,73.07,2.55,0.09,21.46,32.62
2020-01-29,Nagapattinam,10.7672,79.8449,Delta,26.31,28.34,24.99,74.5,2.9,0.0,22.03,32.71
2020-01-30,Nagapattinam,10.7672,79.8449,Delta,26.27,28.31,24.81,76.43,2.68,0.0,21.93,32.81
2020-01-31,Nagapattinam,10.7672,79.8449,Delta,26.31,28.36,24.6,76.6,3.04,0.0,21.84,32.9
2020-02-01,Nagapattinam,10.7672,79.8449,Delta,26.55,28.52,25.09,76.7,3.58,0.02,21.49,33.0
2020-02-02,Nagapattinam,10.7672,79.8449,Delta,26.59,28.51,25.35,71.13,4.03,0.06,21.9,33.1
2020-02-03,Nagapattinam,10.7672,79.8449,Delta,26.56,28.4,24.91,69.62,3.86,0.02,20.27,33.19
2020-02-04,Nagapattinam,10.7672,79.8449,Delta,26.72,28.54,25.0,74.74,3.9,0.08,16.87,33.29
2020-02-05,Nagapattinam,10.7672,79.8449,Delta,26.88,28.88,25.26,67.42,3.86,0.02,17.9,33.39
2020-02-06,Nagapattinam,10.7672,79.8449,Delta,26.47,28.5,24.96,69.73,3.59,0.6,21.57,33.49
2020-02-07,Nagapattinam,10.7672,79.8449,Delta,26.54,28.67,24.85,71.36,4.06,0.0,22.29,33.59
2020-02-08,Nagapattinam,10.7672,79.8449,Delta,26.72,28.87,25.19,70.74,3.62,0.0,20.93,33.68
2020-02-09,Nagapattinam,10.7672,79.8449,Delta,26.82,28.85,25.11,72.42,4.26,0.02,20.61,33.78
2020-02-10,Nagapattinam,10.7672,79.8449,Delta,26.83,28.54,25.69,72.79,4.64,0.13,21.31,33.88
2020-02-11,Nagapattinam,10.7672,79.8449,Delta,27.25,29.28,25.69,70.5,4.8,0.05,20.63,33.98
2020-02-12,Nagapattinam,10.7672,79.8449,Delta,27.16,28.86,25.74,76.96,5.4,0.24,18.42,34.08
2020-02-13,Nagapattinam,10.7672,79.8449,Delta,26.89,29.04,25.14,73.66,4.77,0.01,20.72,34.18
2020-02-14,Nagapattinam,10.7672,79.8449,Delta,26.49,29.02,24.32,69.58,3.59,0.0,22.94,34.28
2020-02-15,Nagapattinam,10.7672,79.8449,Delta,26.55,29.25,24.74,68.6,3.53,0.0,23.04,34.37
2020-02-16,Nagapattinam,10.7672,79.8449,Delta,26.19,28.75,23.96,70.5,3.78,0.0,23.87,34.47
2020-02-17,Nagapattinam,10.7672,79.8449,Delta,26.8,29.0,25.27,68.08,4.18,0.0,24.17,34.57
2020-02-18,Nagapattinam,10.7672,79.8449,Delta,26.12,28.26,24.24,68.3,3.82,0.0,23.11,34.66
2020-02-19,Nagapattinam,10.7672,79.8449,Delta,26.13,28.38,24.24,68.58,3.65,0.01,24.07,34.76
2020-02-20,Nagapattinam,10.7672,79.8449,Delta,26.46,28.86,24.54,70.61,4.03,0.02,21.08,34.85
2020-02-21,Nagapattinam,10.7672,79.8449,Delta,27.16,29.08,25.44,78.37,5.32,0.82,16.87,34.95
2020-02-22,Nagapattinam,10.7672,79.8449,Delta,27.63,29.33,26.47,75.12,5.75,0.34,18.53,35.04
2020-02-23,Nagapattinam,10.7672,79.8449,Delta,27.14,28.88,25.68,75.48,5.02,0.15,18.19,35.14
2020-02-24,Nagapattinam,10.7672,79.8449,Delta,27.55,29.67,25.97,73.38,4.24,0.03,20.83,35.23
2020-02-25,Nagapattinam,10.7672,79.8449,Delta,27.59,29.65,25.96,75.49,3.51,0.02,21.62,35.32
2020-02-26,Nagapattinam,10.7672,79.8449,Delta,27.64,29.99,25.88,74.56,3.98,0.02,22.87,35.41
2020-02-27,Nagapattinam,10.7672,79.8449,Delta,27.79,30.13,25.95,72.69,4.22,0.01,21.65,35.5
2020-02-28,Nagapattinam,10.7672,79.8449,Delta,27.61,29.78,26.17,72.78,4.36,0.01,21.49,35.59
2020-02-29,Nagapattinam,10.7672,79.8449,Delta,27.37,29.58,25.78,72.04,3.8,0.01,20.5,35.68
2020-03-01,Nagapattinam,10.7672,79.8449,Delta,27.44,29.67,25.88,70.86,3.98,0.0,21.64,35.76
2020-03-02,Nagapattinam,10.7672,79.8449,Delta,27.36,29.75,25.52,67.42,3.57,0.0,22.12,35.85
2020-03-03,Nagapattinam,10.7672,79.8449,Delta,28.11,30.76,26.25,64.86,2.98,0.01,19.95,35.93
2020-03-04,Nagapattinam,10.7672,79.8449,Delta,27.96,30.63,26.06,69.05,3.19,0.0,20.8,36.01
2020-03-05,Nagapattinam,10.7672,79.8449,Delta,28.05,30.44,26.42,71.68,3.62,0.04,19.95,36.09
2020-03-06,Nagapattinam,10.7672,79.8449,Delta,27.89,30.27,26.32,75.44,4.37,0.59,18.25,36.17
2020-03-07,Nagapattinam,10.7672,79.8449,Delta,27.96,29.95,26.42,76.11,4.31,1.69,19.75,36.25
2020-03-08,Nagapattinam,10.7672,79.8449,Delta,27.96,30.18,26.26,75.64,3.71,0.41,20.24,36.33
2020-03-09,Nagapattinam,10.7672,79.8449,Delta,27.56,30.09,25.87,74.78,3.65,0.0,22.38,36.4
2020-03-10,Nagapattinam,10.7672,79.8449,Delta,28.1,30.92,26.1,68.77,3.5,0.04,26.08,36.47
2020-03-11,Nagapattinam,10.7672,79.8449,Delta,27.42,30.23,25.36,71.9,3.18,0.01,24.95,36.54
2020-03-12,Nagapattinam,10.7672,79.8449,Delta,27.44,30.37,25.3,72.19,3.36,0.0,21.74,36.61
2020-03-13,Nagapattinam,10.7672,79.8449,Delta,27.75,30.38,25.55,74.55,3.49,0.05,24.98,36.68
2020-03-14,Nagapattinam,10.7672,79.8449,Delta,27.93,30.46,26.05,74.58,3.61,0.03,24.38,36.74
2020-03-15,Nagapattinam,10.7672,79.8449,Delta,27.9,30.14,26.03,73.21,3.77,0.09,24.01,36.81
2020-03-16,Nagapattinam,10.7672,79.8449,Delta,28.5,31.02,26.68,73.28,3.95,0.25,22.72,36.87
2020-03-17,Nagapattinam,10.7672,79.8449,Delta,28.17,30.74,26.31,76.25,3.69,0.06,22.44,36.93
2020-03-18,Nagapattinam,10.7672,79.8449,Delta,28.44,31.15,26.61,77.0,3.37,0.17,24.11,36.98
2020-03-19,Nagapattinam,10.7672,79.8449,Delta,28.53,31.65,26.16,75.74,3.08,0.1,24.12,37.04
2020-03-20,Nagapattinam,10.7672,79.8449,Delta,28.74,31.93,26.22,71.1,3.05,0.01,24.95,37.09
2020-03-21,Nagapattinam,10.7672,79.8449,Delta,28.76,31.56,26.59,71.08,3.42,0.02,24.35,37.15
2020-03-22,Nagapattinam,10.7672,79.8449,Delta,28.71,31.4,26.65,72.0,3.31,0.11,23.91,37.2
2020-03-23,Nagapattinam,10.7672,79.8449,Delta,28.55,31.06,26.79,70.63,3.41,0.01,22.9,37.24
2020-03-24,Nagapattinam,10.7672,79.8449,Delta,28.59,31.3,26.52,71.96,3.56,0.08,23.93,37.29
2020-03-25,Nagapattinam,10.7672,79.8449,Delta,28.81,31.52,26.72,70.06,3.52,0.08,23.73,37.34
2020-03-26,Nagapattinam,10.7672,79.8449,Delta,28.73,31.34,26.71,70.57,3.97,0.0,22.5,37.38
2020-03-27,Nagapattinam,10.7672,79.8449,Delta,28.49,30.96,26.81,70.62,3.79,0.94,23.98,37.42
2020-03-28,Nagapattinam,10.7672,79.8449,Delta,28.37,31.32,26.26,69.13,2.99,0.0,26.6,37.46
2020-03-29,Nagapattinam,10.7672,79.8449,Delta,28.16,31.21,25.76,68.03,2.63,0.0,26.6,37.5
2020-03-30,Nagapattinam,10.7672,79.8449,Delta,28.58,31.6,26.25,64.72,2.94,0.0,26.59,37.53
2020-03-31,Nagapattinam,10.7672,79.8449,Delta,28.67,31.58,26.43,69.45,3.12,0.0,25.39,37.56
2020-04-01,Nagapattinam,10.7672,79.8449,Delta,28.74,31.61,26.32,72.68,3.12,0.0,26.39,37.6
2020-04-02,Nagapattinam,10.7672,79.8449,Delta,29.28,32.25,26.94,73.88,3.66,0.02,24.78,37.63
2020-04-03,Nagapattinam,10.7672,79.8449,Delta,28.79,31.57,26.75,74.39,3.71,0.01,25.88,37.65
2020-04-04,Nagapattinam,10.7672,79.8449,Delta,29.11,31.76,26.7,74.71,3.47,0.37,24.18,37.68
2020-04-05,Nagapattinam,10.7672,79.8449,Delta,29.8,31.76,28.18,75.86,3.32,1.44,22.56,37.7
2020-04-06,Nagapattinam,10.7672,79.8449,Delta,29.01,30.25,27.92,81.89,2.99,3.9,22.65,37.73
2020-04-07,Nagapattinam,10.7672,79.8449,Delta,29.42,31.39,27.63,76.29,3.22,1.62,20.34,37.75
2020-04-08,Nagapattinam,10.7672,79.8449,Delta,29.9,31.9,28.36,72.88,3.2,1.7,24.22,37.77
2020-04-09,Nagapattinam,10.7672,79.8449,Delta,30.05,32.36,28.28,70.68,3.83,1.48,24.14,37.78
2020-04-10,Nagapattinam,10.7672,79.8449,Delta,29.76,32.23,28.0,69.21,3.7,0.7,20.97,37.8
2020-04-11,Nagapattinam,10.7672,79.8449,Delta,29.54,32.06,27.73,70.47,3.56,0.31,25.33,37.81
2020-04-12,Nagapattinam,10.7672,79.8449,Delta,29.44,32.32,27.23,69.88,3.09,0.14,26.01,37.82
2020-04-13,Nagapattinam,10.7672,79.8449,Delta,29.59,32.36,27.34,68.17,3.08,0.02,25.78,37.83
2020-04-14,Nagapattinam,10.7672,79.8449,Delta,29.72,32.38,27.7,70.15,3.41,0.12,25.83,37.84
2020-04-15,Nagapattinam,10.7672,79.8449,Delta,29.5,32.16,27.37,73.1,3.36,0.38,25.77,37.85
2020-04-16,Nagapattinam,10.7672,79.8449,Delta,29.68,32.04,27.68,74.83,3.29,0.31,25.89,37.85
2020-04-17,Nagapattinam,10.7672,79.8449,Delta,29.9,32.55,27.63,73.92,3.74,0.25,24.53,37.86
2020-04-18,Nagapattinam,10.7672,79.8449,Delta,30.26,32.67,28.36,72.7,3.93,0.64,24.95,37.86
2020-04-19,Nagapattinam,10.7672,79.8449,Delta,30.19,32.49,28.51,73.1,3.79,0.42,25.06,37.86
2020-04-20,Nagapattinam,10.7672,79.8449,Delta,30.05,32.41,28.34,73.33,3.74,0.3,25.51,37.86
2020-04-21,Nagapattinam,10.7672,79.8449,Delta,30.19,32.9,27.96,71.67,3.46,0.11,24.62,37.85
2020-04-22,Nagapattinam,10.7672,79.8449,Delta,30.44,33.19,28.22,71.57,3.43,0.19,23.3,37.85
2020-04-23,Nagapattinam,10.7672,79.8449,Delta,30.87,33.29,28.81,71.94,3.74,0.88,24.08,37.85
2020-04-24,Nagapattinam,10.7672,79.8449,Delta,30.91,32.87,29.65,72.65,4.25,0.12,20.61,37.84
2020-04-25,Nagapattinam,10.7672,79.8449,Delta,31.0,32.66,29.76,74.64,4.7,1.05,21.13,37.84
2020-04-26,Nagapattinam,10.7672,79.8449,Delta,30.65,31.83,29.72,73.01,3.88,0.26,21.06,37.83
2020-04-27,Nagapattinam,10.7672,79.8449,Delta,30.43,31.76,29.15,76.92,3.02,1.34,24.05,37.82
2020-04-28,Nagapattinam,10.7672,79.8449,Delta,30.37,31.76,29.07,74.25,2.59,1.77,20.66,37.81
2020-04-29,Nagapattinam,10.7672,79.8449,Delta,30.23,31.53,29.0,73.36,2.54,0.62,19.66,37.8
2020-04-30,Nagapattinam,10.7672,79.8449,Delta,30.22,31.52,29.08,75.07,2.75,1.5,15.72,37.79
2020-05-01,Nagapattinam,10.7672,79.8449,Delta,30.85,33.63,28.62,70.7,2.77,0.53,24.26,37.78
2020-05-02,Nagapattinam,10.7672,79.8449,Delta,30.85,33.19,28.95,72.58,3.18,1.48,24.47,37.76
2020-05-03,Nagapattinam,10.7672,79.8449,Delta,30.95,33.44,28.95,71.74,3.17,0.47,23.14,37.75
2020-05-04,Nagapattinam,10.7672,79.8449,Delta,31.14,33.66,28.91,69.39,2.87,0.2,20.63,37.73
2020-05-05,Nagapattinam,10.7672,79.8449,Delta,31.19,33.55,29.01,68.83,3.39,0.21,22.86,37.71
2020-05-06,Nagapattinam,10.7672,79.8449,Delta,31.35,33.45,29.77,72.0,3.86,0.98,24.16,37.7
2020-05-07,Nagapattinam,10.7672,79.8449,Delta,31.47,33.98,29.5,69.48,4.21,2.09,22.42,37.68
2020-05-08,Nagapattinam,10.7672,79.8449,Delta,31.33,33.38,29.58,70.94,3.55,2.1,23.34,37.66
2020-05-09,Nagapattinam,10.7672,79.8449,Delta,31.13,33.22,29.47,71.23,3.06,0.56,23.62,37.64
2020-05-10,Nagapattinam,10.7672,79.8449,Delta,31.09,33.34,29.29,70.94,2.67,1.1,22.43,37.62
2020-05-11,Nagapattinam,10.7672,79.8449,Delta,30.64,32.07,29.37,71.95,2.48,2.34,18.49,37.6
2020-05-12,Nagapattinam,10.7672,79.8449,Delta,30.02,31.26,28.98,70.39,3.08,4.1,14.09,37.58
2020-05-13,Nagapattinam,10.7672,79.8449,Delta,30.54,32.43,29.07,69.46,2.42,7.41,21.12,37.56
2020-05-14,Nagapattinam,10.7672,79.8449,Delta,31.11,33.33,29.38,68.51,2.23,1.5,23.95,37.54
2020-05-15,Nagapattinam,10.7672,79.8449,Delta,31.21,33.69,29.58,71.72,2.95,1.61,21.19,37.52
2020-05-16,Nagapattinam,10.7672,79.8449,Delta,30.77,32.82,29.37,73.62,3.44,1.99,18.34,37.5
2020-05-17,Nagapattinam,10.7672,79.8449,Delta,31.24,33.93,28.98,67.8,2.93,2.09,18.02,37.48
2020-05-18,Nagapattinam,10.7672,79.8449,Delta,31.02,33.49,29.39,68.86,5.68,3.48,15.98,37.46
2020-05-19,Nagapattinam,10.7672,79.8449,Delta,32.0,35.4,29.09,65.48,5.36,2.69,16.76,37.43
2020-05-20,Nagapattinam,10.7672,79.8449,Delta,32.32,35.11,29.98,65.4,5.58,2.58,22.0,37.41
2020-05-21,Nagapattinam,10.7672,79.8449,Delta,31.27,34.32,29.2,65.66,6.35,1.73,23.61,37.39
2020-05-22,Nagapattinam,10.7672,79.8449,Delta,31.68,35.23,29.01,64.92,4.93,0.04,18.68,37.37
2020-05-23,Nagapattinam,10.7672,79.8449,Delta,31.59,34.47,29.62,71.43,4.19,0.19,23.55,37.35
2020-05-24,Nagapattinam,10.7672,79.8449,Delta,31.34,33.95,29.67,76.39,3.28,0.31,23.82,37.32
2020-05-25,Nagapattinam,10.7672,79.8449,Delta,31.35,33.46,29.84,75.69,3.43,0.4,22.43,37.3
2020-05-26,Nagapattinam,10.7672,79.8449,Delta,31.46,33.89,29.65,73.57,3.92,0.62,20.97,37.28
2020-05-27,Nagapattinam,10.7672,79.8449,Delta,31.47,33.77,29.77,74.85,4.74,1.9,17.77,37.26
2020-05-28,Nagapattinam,10.7672,79.8449,Delta,31.29,33.28,30.03,75.1,5.83,4.61,19.14,37.24
2020-05-29,Nagapattinam,10.7672,79.8449,Delta,31.16,33.84,29.38,72.2,5.63,1.19,18.66,37.22
2020-05-30,Nagapattinam,10.7672,79.8449,Delta,31.02,33.59,29.41,71.67,5.57,0.92,21.43,37.2
2020-05-31,Nagapattinam,10.7672,79.8449,Delta,30.64,32.74,29.01,74.1,5.98,0.61,23.28,37.18
2020-06-01,Nagapattinam,10.7672,79.8449,Delta,30.6,32.59,29.03,73.79,6.08,0.46,22.47,37.17
2020-06-02,Nagapattinam,10.7672,79.8449,Delta,30.56,32.31,28.84,71.43,5.94,1.25,22.0,37.15
2020-06-03,Nagapattinam,10.7672,79.8449,Delta,30.25,32.21,28.37,71.2,5.47,1.97,22.59,37.13
2020-06-04,Nagapattinam,10.7672,79.8449,Delta,30.73,33.15,28.37,69.41,5.55,0.45,22.89,37.11
2020-06-05,Nagapattinam,10.7672,79.8449,Delta,30.73,32.88,28.43,71.99,5.89,1.43,24.31,37.1
2020-06-06,Nagapattinam,10.7672,79.8449,Delta,30.19,32.44,28.4,72.17,5.08,2.48,21.95,37.08
2020-06-07,Nagapattinam,10.7672,79.8449,Delta,29.48,32.15,27.13,73.74,5.47,11.01,20.13,37.07
2020-06-08,Nagapattinam,10.7672,79.8449,Delta,30.54,33.55,28.0,70.03,4.03,2.53,19.5,37.05
2020-06-09,Nagapattinam,10.7672,79.8449,Delta,30.83,33.48,28.72,67.66,3.12,1.17,21.38,37.04
2020-06-10,Nagapattinam,10.7672,79.8449,Delta,29.97,31.79,28.71,68.64,3.03,5.45,15.8,37.02
2020-06-11,Nagapattinam,10.7672,79.8449,Delta,30.1,32.85,27.28,68.99,6.13,0.78,14.05,37.01
2020-06-12,Nagapattinam,10.7672,79.8449,Delta,31.01,33.97,28.17,62.17,5.99,0.14,19.33,37.0
2020-06-13,Nagapattinam,10.7672,79.8449,Delta,31.13,34.45,27.86,63.62,5.67,0.13,22.67,36.98
2020-06-14,Nagapattinam,10.7672,79.8449,Delta,31.87,34.92,28.72,61.77,4.74,0.34,24.27,36.97
2020-06-15,Nagapattinam,10.7672,79.8449,Delta,31.07,33.73,28.96,67.85,4.69,2.22,22.06,36.96
2020-06-16,Nagapattinam,10.7672,79.8449,Delta,30.85,32.76,29.48,71.69,4.99,0.32,23.43,36.95
2020-06-17,Nagapattinam,10.7672,79.8449,Delta,30.96,33.23,28.93,68.72,5.18,0.22,22.09,36.95
2020-06-18,Nagapattinam,10.7672,79.8449,Delta,30.99,33.54,28.63,65.41,5.09,0.29,22.29,36.94
2020-06-19,Nagapattinam,10.7672,79.8449,Delta,30.59,32.71,28.38,66.03,4.3,0.44,21.92,36.93
2020-06-20,Nagapattinam,10.7672,79.8449,Delta,30.93,33.29,28.89,64.8,4.36,1.11,21.71,36.92
2020-06-21,Nagapattinam,10.7672,79.8449,Delta,29.23,31.33,27.03,69.7,5.27,4.34,17.47,36.92
2020-06-22,Nagapattinam,10.7672,79.8449,Delta,29.13,31.0,27.01,73.22,5.23,2.4,19.77,36.92
2020-06-23,Nagapattinam,10.7672,79.8449,Delta,30.22,33.53,28.15,64.61,3.96,0.77,13.1,36.91
2020-06-24,Nagapattinam,10.7672,79.8449,Delta,30.13,32.86,28.23,69.8,3.33,5.35,15.27,36.91
2020-06-25,Nagapattinam,10.7672,79.8449,Delta,28.47,30.13,26.98,76.63,3.32,5.74,13.32,36.91
2020-06-26,Nagapattinam,10.7672,79.8449,Delta,29.41,31.68,27.36,73.62,4.55,2.71,23.44,36.91
2020-06-27,Nagapattinam,10.7672,79.8449,Delta,30.21,32.59,27.78,72.04,4.03,1.66,23.34,36.91
2020-06-28,Nagapattinam,10.7672,79.8449,Delta,30.55,32.79,28.41,71.78,2.99,2.02,19.83,36.91
2020-06-29,Nagapattinam,10.7672,79.8449,Delta,29.94,31.65,28.35,74.0,3.21,2.07,20.74,36.91
2020-06-30,Nagapattinam,10.7672,79.8449,Delta,29.88,32.1,28.37,75.67,4.09,5.66,22.43,36.92
2020-07-01,Nagapattinam,10.7672,79.8449,Delta,29.7,31.36,28.02,73.04,4.83,5.39,19.16,36.92
2020-07-02,Nagapattinam,10.7672,79.8449,Delta,30.51,33.14,28.24,67.9,3.29,2.76,16.36,36.93
2020-07-03,Nagapattinam,10.7672,79.8449,Delta,29.76,32.22,27.5,70.34,5.71,5.77,17.13,36.93
2020-07-04,Nagapattinam,10.7672,79.8449,Delta,29.91,32.77,26.71,68.12,5.75,0.49,18.6,36.94
2020-07-05,Nagapattinam,10.7672,79.8449,Delta,30.17,32.44,27.91,67.73,4.83,0.75,16.06,36.94
2020-07-06,Nagapattinam,10.7672,79.8449,Delta,30.41,32.64,28.1,66.55,4.61,1.66,21.13,36.95
2020-07-07,Nagapattinam,10.7672,79.8449,Delta,30.1,32.72,27.42,67.03,4.85,1.86,24.07,36.96
2020-07-08,Nagapattinam,10.7672,79.8449,Delta,29.38,30.46,27.94,70.68,2.08,3.76,15.25,36.96
2020-07-09,Nagapattinam,10.7672,79.8449,Delta,27.96,28.57,27.34,79.72,2.92,12.61,17.93,36.97
2020-07-10,Nagapattinam,10.7672,79.8449,Delta,28.94,30.7,27.13,75.29,2.7,2.46,17.83,36.98
2020-07-11,Nagapattinam,10.7672,79.8449,Delta,29.02,30.9,27.34,76.7,3.79,3.74,21.1,36.99
2020-07-12,Nagapattinam,10.7672,79.8449,Delta,30.12,33.18,27.44,72.58,4.27,2.6,23.4,37.0
2020-07-13,Nagapattinam,10.7672,79.8449,Delta,29.18,30.67,27.77,75.59,3.89,4.35,12.22,37.01
2020-07-14,Nagapattinam,10.7672,79.8449,Delta,29.01,30.61,27.63,79.84,2.26,8.42,21.55,37.02
2020-07-15,Nagapattinam,10.7672,79.8449,Delta,29.37,31.28,27.97,79.41,4.36,6.16,17.23,37.03
2020-07-16,Nagapattinam,10.7672,79.8449,Delta,29.33,31.75,27.17,73.73,4.87,2.73,13.28,37.04
2020-07-17,Nagapattinam,10.7672,79.8449,Delta,29.9,32.65,27.41,69.82,4.42,2.3,15.59,37.05
2020-07-18,Nagapattinam,10.7672,79.8449,Delta,28.66,29.76,27.81,76.61,2.61,8.97,12.97,37.07
2020-07-19,Nagapattinam,10.7672,79.8449,Delta,28.6,29.94,27.49,79.54,2.87,3.68,16.38,37.08
2020-07-20,Nagapattinam,10.7672,79.8449,Delta,28.84,30.18,27.52,80.47,4.12,4.17,20.57,37.09
2020-07-21,Nagapattinam,10.7672,79.8449,Delta,28.9,30.77,27.35,77.45,4.05,1.17,21.63,37.1
2020-07-22,Nagapattinam,10.7672,79.8449,Delta,28.95,30.22,27.92,78.65,4.81,1.17,20.53,37.12
2020-07-23,Nagapattinam,10.7672,79.8449,Delta,28.88,30.34,27.68,78.04,4.92,3.46,17.64,37.13
2020-07-24,Nagapattinam,10.7672,79.8449,Delta,29.08,31.34,27.48,77.68,5.36,2.42,19.98,37.14
2020-07-25,Nagapattinam,10.7672,79.8449,Delta,29.74,32.84,27.26,70.37,4.17,3.41,19.87,37.16
2020-07-26,Nagapattinam,10.7672,79.8449,Delta,29.42,32.32,26.74,71.61,4.56,5.79,20.45,37.17
2020-07-27,Nagapattinam,10.7672,79.8449,Delta,29.12,31.5,26.87,72.98,3.36,2.84,21.18,37.18
2020-07-28,Nagapattinam,10.7672,79.8449,Delta,28.85,31.23,26.88,77.04,3.62,4.97,11.56,37.2
2020-07-29,Nagapattinam,10.7672,79.8449,Delta,27.28,27.97,26.19,85.26,4.1,18.46,12.67,37.21
2020-07-30,Nagapattinam,10.7672,79.8449,Delta,29.33,32.16,27.04,75.49,4.59,2.06,22.43,37.23
2020-07-31,Nagapattinam,10.7672,79.8449,Delta,29.48,31.91,27.16,77.68,4.56,7.48,20.9,37.24
2020-08-01,Nagapattinam,10.7672,79.8449,Delta,29.1,31.09,27.2,77.69,4.24,1.26,20.05,37.26
2020-08-02,Nagapattinam,10.7672,79.8449,Delta,28.83,31.91,26.42,74.47,5.49,6.12,16.89,37.27
2020-08-03,Nagapattinam,10.7672,79.8449,Delta,29.08,31.86,26.61,74.55,6.12,1.36,17.1,37.28
2020-08-04,Nagapattinam,10.7672,79.8449,Delta,29.08,31.54,26.85,71.32,6.69,0.88,17.55,37.29
2020-08-05,Nagapattinam,10.7672,79.8449,Delta,29.53,32.58,26.92,67.24,7.06,0.08,15.91,37.3
2020-08-06,Nagapattinam,10.7672,79.8449,Delta,29.65,32.1,27.27,73.27,5.91,1.31,18.26,37.31
2020-08-07,Nagapattinam,10.7672,79.8449,Delta,29.91,32.85,27.37,73.39,4.36,2.13,21.11,37.32
2020-08-08,Nagapattinam,10.7672,79.8449,Delta,28.85,31.17,26.89,75.84,4.84,17.52,17.82,37.33
2020-08-09,Nagapattinam,10.7672,79.8449,Delta,27.97,30.42,26.13,79.7,5.19,23.01,12.21,37.34
2020-08-10,Nagapattinam,10.7672,79.8449,Delta,28.83,31.93,26.37,75.33,4.42,0.92,21.18,37.34
2020-08-11,Nagapattinam,10.7672,79.8449,Delta,29.19,32.16,26.76,77.16,4.31,2.26,22.41,37.35
2020-08-12,Nagapattinam,10.7672,79.8449,Delta,29.17,32.0,26.43,75.82,4.55,0.82,19.19,37.36
2020-08-13,Nagapattinam,10.7672,79.8449,Delta,28.91,31.71,26.56,77.27,4.64,1.31,21.93,37.36
2020-08-14,Nagapattinam,10.7672,79.8449,Delta,29.25,32.22,26.78,76.35,4.3,1.32,17.76,37.37
2020-08-15,Nagapattinam,10.7672,79.8449,Delta,28.98,31.34,26.63,74.93,4.37,0.31,16.46,37.37
2020-08-16,Nagapattinam,10.7672,79.8449,Delta,29.44,32.25,26.87,73.86,4.09,0.44,20.02,37.37
2020-08-17,Nagapattinam,10.7672,79.8449,Delta,29.58,32.46,27.42,74.67,4.74,1.68,18.5,37.37
2020-08-18,Nagapattinam,10.7672,79.8449,Delta,29.67,32.54,27.54,75.73,4.14,3.56,22.12,37.37
2020-08-19,Nagapattinam,10.7672,79.8449,Delta,28.83,30.9,27.17,78.18,3.79,2.45,19.95,37.37
2020-08-20,Nagapattinam,10.7672,79.8449,Delta,28.9,31.13,27.24,77.56,3.67,1.63,13.85,37.37
2020-08-21,Nagapattinam,10.7672,79.8449,Delta,28.94,31.31,27.06,78.67,3.55,1.8,22.29,37.37
2020-08-22,Nagapattinam,10.7672,79.8449,Delta,28.94,30.94,27.47,81.94,3.45,8.41,21.85,37.36
2020-08-23,Nagapattinam,10.7672,79.8449,Delta,29.03,31.03,27.54,81.44,3.71,6.63,21.36,37.36
2020-08-24,Nagapattinam,10.7672,79.8449,Delta,28.83,30.62,27.38,81.72,2.95,4.98,22.6,37.35
2020-08-25,Nagapattinam,10.7672,79.8449,Delta,29.12,30.95,27.29,80.56,2.62,3.27,22.23,37.35
2020-08-26,Nagapattinam,10.7672,79.8449,Delta,28.84,30.3,27.58,82.32,3.53,5.41,18.92,37.34
2020-08-27,Nagapattinam,10.7672,79.8449,Delta,28.83,30.53,27.33,80.95,3.47,3.96,22.8,37.33
2020-08-28,Nagapattinam,10.7672,79.8449,Delta,29.46,32.51,27.09,75.48,3.37,0.89,23.78,37.32
2020-08-29,Nagapattinam,10.7672,79.8449,Delta,29.37,31.78,27.54,77.98,3.64,1.41,24.32,37.31
2020-08-30,Nagapattinam,10.7672,79.8449,Delta,29.2,31.54,27.35,77.43,3.44,2.89,23.48,37.3
2020-08-31,Nagapattinam,10.7672,79.8449,Delta,29.17,31.12,27.6,79.2,2.57,5.1,20.68,37.28
2020-09-01,Nagapattinam,10.7672,79.8449,Delta,28.7,29.9,27.72,80.22,3.33,4.56,19.64,37.26
2020-09-02,Nagapattinam,10.7672,79.8449,Delta,27.86,29.13,26.78,79.85,2.77,10.37,10.82,37.25
2020-09-03,Nagapattinam,10.7672,79.8449,Delta,28.13,29.55,26.7,80.43,3.09,5.36,19.12,37.23
2020-09-04,Nagapattinam,10.7672,79.8449,Delta,28.64,30.13,27.15,81.43,2.58,1.99,18.44,37.2
2020-09-05,Nagapattinam,10.7672,79.8449,Delta,28.52,30.0,27.27,82.62,3.75,3.41,12.59,37.18
2020-09-06,Nagapattinam,10.7672,79.8449,Delta,28.85,31.26,26.71,79.22,4.99,3.69,21.06,37.16
2020-09-07,Nagapattinam,10.7672,79.8449,Delta,28.82,31.05,26.48,77.42,3.88,1.17,15.03,37.13
2020-09-08,Nagapattinam,10.7672,79.8449,Delta,28.69,30.49,27.18,81.22,3.34,2.67,22.1,37.1
2020-09-09,Nagapattinam,10.7672,79.8449,Delta,28.27,29.87,27.26,85.2,4.89,32.38,13.02,37.07
2020-09-10,Nagapattinam,10.7672,79.8449,Delta,28.18,30.45,26.22,78.54,6.2,9.92,15.01,37.04
2020-09-11,Nagapattinam,10.7672,79.8449,Delta,28.19,30.7,26.19,76.86,5.74,1.13,20.29,37.01
2020-09-12,Nagapattinam,10.7672,79.8449,Delta,28.28,31.06,25.77,76.28,4.05,2.68,13.72,36.97
2020-09-13,Nagapattinam,10.7672,79.8449,Delta,27.33,29.43,25.69,78.13,4.1,8.31,11.29,36.94
2020-09-14,Nagapattinam,10.7672,79.8449,Delta,28.5,31.22,26.25,76.0,4.47,2.47,17.74,36.9
2020-09-15,Nagapattinam,10.7672,79.8449,Delta,28.35,31.07,25.98,75.41,4.9,3.59,18.2,36.86
2020-09-16,Nagapattinam,10.7672,79.8449,Delta,28.97,31.79,26.64,78.22,3.85,1.65,22.41,36.82
2020-09-17,Nagapattinam,10.7672,79.8449,Delta,28.88,31.29,26.87,79.79,4.11,1.91,22.92,36.78
2020-09-18,Nagapattinam,10.7672,79.8449,Delta,29.19,32.15,26.66,76.8,4.43,2.83,19.56,36.73
2020-09-19,Nagapattinam,10.7672,79.8449,Delta,28.83,31.58,26.81,74.56,5.33,3.57,10.66,36.69
2020-09-20,Nagapattinam,10.7672,79.8449,Delta,28.13,30.58,26.53,73.26,7.19,2.06,13.9,36.64
2020-09-21,Nagapattinam,10.7672,79.8449,Delta,28.94,32.11,26.34,72.81,6.01,0.78,16.8,36.59
2020-09-22,Nagapattinam,10.7672,79.8449,Delta,29.22,32.26,26.65,70.45,5.18,0.15,17.56,36.54
2020-09-23,Nagapattinam,10.7672,79.8449,Delta,29.08,32.13,26.39,71.23,4.59,0.25,23.13,36.49
2020-09-24,Nagapattinam,10.7672,79.8449,Delta,28.85,31.23,26.78,75.51,3.46,1.22,22.09,36.44
2020-09-25,Nagapattinam,10.7672,79.8449,Delta,28.36,29.7,27.21,81.23,4.05,5.88,11.76,36.39
2020-09-26,Nagapattinam,10.7672,79.8449,Delta,28.55,31.01,26.74,75.86,4.28,2.35,15.81,36.33
2020-09-27,Nagapattinam,10.7672,79.8449,Delta,28.62,30.78,26.44,76.54,3.23,6.52,20.15,36.27
2020-09-28,Nagapattinam,10.7672,79.8449,Delta,28.02,29.81,26.94,85.21,3.99,11.86,18.17,36.21
2020-09-29,Nagapattinam,10.7672,79.8449,Delta,27.32,28.85,26.55,88.18,4.44,19.19,16.66,36.15
2020-09-30,Nagapattinam,10.7672,79.8449,Delta,27.81,29.79,25.9,82.9,4.42,26.83,19.01,36.09
2020-10-01,Nagapattinam,10.7672,79.8449,Delta,27.9,29.86,26.16,80.35,4.13,1.14,23.42,36.02
2020-10-02,Nagapattinam,10.7672,79.8449,Delta,28.34,30.86,25.74,79.86,4.34,1.12,22.54,35.96
2020-10-03,Nagapattinam,10.7672,79.8449,Delta,27.76,29.22,26.2,80.92,4.58,2.88,17.45,35.89
2020-10-04,Nagapattinam,10.7672,79.8449,Delta,28.14,30.82,25.76,76.76,4.23,0.79,22.76,35.82
2020-10-05,Nagapattinam,10.7672,79.8449,Delta,28.62,31.42,25.98,75.81,3.49,0.42,23.49,35.75
2020-10-06,Nagapattinam,10.7672,79.8449,Delta,29.04,32.02,26.48,77.69,3.21,1.53,22.24,35.67
2020-10-07,Nagapattinam,10.7672,79.8449,Delta,29.17,31.68,27.05,79.7,3.29,2.73,21.11,35.6
2020-10-08,Nagapattinam,10.7672,79.8449,Delta,28.66,30.24,27.45,84.33,3.15,6.86,20.01,35.52
2020-10-09,Nagapattinam,10.7672,79.8449,Delta,28.26,29.77,27.15,83.05,3.49,8.0,16.37,35.45
2020-10-10,Nagapattinam,10.7672,79.8449,Delta,27.5,28.48,26.59,82.85,3.01,3.0,15.05,35.37
2020-10-11,Nagapattinam,10.7672,79.8449,Delta,27.7,30.0,26.12,80.1,4.3,2.3,13.25,35.29
2020-10-12,Nagapattinam,10.7672,79.8449,Delta,28.49,31.87,25.39,76.39,4.89,1.16,17.15,35.21
2020-10-13,Nagapattinam,10.7672,79.8449,Delta,28.69,31.69,26.38,77.1,6.08,0.36,18.46,35.13
2020-10-14,Nagapattinam,10.7672,79.8449,Delta,28.55,31.1,26.38,74.14,4.79,0.2,18.43,35.05
2020-10-15,Nagapattinam,10.7672,79.8449,Delta,28.89,31.66,26.5,76.21,4.33,0.2,21.07,34.97
2020-10-16,Nagapattinam,10.7672,79.8449,Delta,28.77,31.26,26.14,77.52,3.33,1.69,20.93,34.88
2020-10-17,Nagapattinam,10.7672,79.8449,Delta,28.35,30.23,26.34,79.67,2.48,9.65,18.54,34.8
2020-10-18,Nagapattinam,10.7672,79.8449,Delta,27.74,28.89,26.66,82.24,1.58,11.82,11.65,34.71
2020-10-19,Nagapattinam,10.7672,79.8449,Delta,27.87,29.3,26.62,82.74,2.05,7.25,16.32,34.62
2020-10-20,Nagapattinam,10.7672,79.8449,Delta,27.89,29.51,26.48,84.97,3.64,8.42,14.8,34.54
2020-10-21,Nagapattinam,10.7672,79.8449,Delta,28.14,30.01,26.21,81.66,2.71,4.26,14.68,34.45
2020-10-22,Nagapattinam,10.7672,79.8449,Delta,28.27,30.43,26.19,81.41,3.53,5.13,14.26,34.37
2020-10-23,Nagapattinam,10.7672,79.8449,Delta,28.34,30.26,26.5,80.68,3.29,6.75,18.61,34.28
2020-10-24,Nagapattinam,10.7672,79.8449,Delta,27.17,29.23,25.8,83.14,4.22,2.21,16.18,34.19
2020-10-25,Nagapattinam,10.7672,79.8449,Delta,28.24,30.03,25.91,72.64,1.56,16.42,15.98,34.1
2020-10-26,Nagapattinam,10.7672,79.8449,Delta,28.55,29.89,27.58,76.73,1.98,0.8,15.5,34.01
2020-10-27,Nagapattinam,10.7672,79.8449,Delta,28.09,29.47,26.95,80.87,2.99,0.55,18.48,33.92
2020-10-28,Nagapattinam,10.7672,79.8449,Delta,28.03,29.88,26.63,79.07,3.37,1.67,18.95,33.83
2020-10-29,Nagapattinam,10.7672,79.8449,Delta,27.8,29.52,26.49,82.31,4.29,3.2,18.46,33.73
2020-10-30,Nagapattinam,10.7672,79.8449,Delta,27.86,29.39,26.43,81.37,3.74,5.39,17.12,33.65
2020-10-31,Nagapattinam,10.7672,79.8449,Delta,28.22,30.1,26.71,75.34,2.71,0.45,19.86,33.56
2020-11-01,Nagapattinam,10.7672,79.8449,Delta,28.32,30.44,26.46,73.7,2.43,0.0,19.11,33.46
2020-11-02,Nagapattinam,10.7672,79.8449,Delta,28.53,30.17,27.4,74.4,1.94,0.08,18.07,33.37
2020-11-03,Nagapattinam,10.7672,79.8449,Delta,28.44,30.04,26.83,79.93,2.67,1.47,17.76,33.28
2020-11-04,Nagapattinam,10.7672,79.8449,Delta,28.19,29.24,27.39,82.26,2.36,4.1,15.43,33.19
2020-11-05,Nagapattinam,10.7672,79.8449,Delta,28.49,30.13,27.34,75.92,2.85,6.06,12.6,33.1
2020-11-06,Nagapattinam,10.7672,79.8449,Delta,27.82,28.72,27.21,85.47,3.24,4.49,15.73,33.0
2020-11-07,Nagapattinam,10.7672,79.8449,Delta,28.24,29.37,27.45,83.17,4.32,3.55,19.96,32.91
2020-11-08,Nagapattinam,10.7672,79.8449,Delta,28.35,29.72,27.26,80.46,5.17,5.75,12.96,32.83
2020-11-09,Nagapattinam,10.7672,79.8449,Delta,28.12,29.79,26.95,75.88,6.05,0.23,19.11,32.74
2020-11-10,Nagapattinam,10.7672,79.8449,Delta,27.61,29.37,25.68,77.71,5.48,1.66,15.13,32.65
2020-11-11,Nagapattinam,10.7672,79.8449,Delta,27.29,28.92,25.32,85.35,4.69,9.38,14.22,32.57
2020-11-12,Nagapattinam,10.7672,79.8449,Delta,27.52,28.45,26.81,86.65,3.22,12.01,12.91,32.49
2020-11-13,Nagapattinam,10.7672,79.8449,Delta,27.73,28.81,26.63,84.87,3.88,18.53,6.7,32.4
2020-11-14,Nagapattinam,10.7672,79.8449,Delta,28.22,29.54,27.19,82.77,5.43,7.25,16.88,32.32
2020-11-15,Nagapattinam,10.7672,79.8449,Delta,28.08,28.95,27.42,88.14,4.23,14.08,10.57,32.23
2020-11-16,Nagapattinam,10.7672,79.8449,Delta,26.95,27.48,26.39,88.8,3.82,27.39,6.02,32.15
2020-11-17,Nagapattinam,10.7672,79.8449,Delta,27.27,28.76,26.26,85.45,3.46,12.98,9.0,32.07
2020-11-18,Nagapattinam,10.7672,79.8449,Delta,27.4,28.88,26.16,84.66,3.04,7.2,17.36,31.99
2020-11-19,Nagapattinam,10.7672,79.8449,Delta,27.41,28.66,26.25,82.81,3.28,2.38,16.94,31.92
2020-11-20,Nagapattinam,10.7672,79.8449,Delta,27.88,29.38,26.93,76.76,4.29,1.92,19.91,31.84
2020-11-21,Nagapattinam,10.7672,79.8449,Delta,27.2,28.69,26.01,75.94,4.48,0.31,20.67,31.76
2020-11-22,Nagapattinam,10.7672,79.8449,Delta,27.07,28.55,26.06,76.15,4.08,0.45,16.83,31.69
2020-11-23,Nagapattinam,10.7672,79.8449,Delta,27.33,28.72,26.27,82.06,5.8,0.93,10.63,31.62
2020-11-24,Nagapattinam,10.7672,79.8449,Delta,27.21,28.38,25.93,87.89,6.31,8.9,5.01,31.55
2020-11-25,Nagapattinam,10.7672,79.8449,Delta,26.75,27.42,25.13,86.72,8.04,19.79,2.85,31.49
2020-11-26,Nagapattinam,10.7672,79.8449,Delta,26.67,28.47,24.75,86.52,7.66,55.49,12.34,31.42
2020-11-27,Nagapattinam,10.7672,79.8449,Delta,26.96,27.96,26.07,84.99,3.83,23.22,18.78,31.35
2020-11-28,Nagapattinam,10.7672,79.8449,Delta,26.69,27.8,25.63,87.04,3.32,3.59,15.64,31.29
2020-11-29,Nagapattinam,10.7672,79.8449,Delta,26.84,27.77,26.12,87.16,4.13,2.93,15.49,31.23
2020-11-30,Nagapattinam,10.7672,79.8449,Delta,27.22,28.55,26.33,83.37,5.6,3.13,12.13,31.17
2020-12-01,Nagapattinam,10.7672,79.8449,Delta,26.85,28.18,25.95,80.27,5.89,3.12,14.77,31.12
2020-12-02,Nagapattinam,10.7672,79.8449,Delta,26.69,27.78,25.72,88.87,7.81,35.12,2.83,31.08
2020-12-03,Nagapattinam,10.7672,79.8449,Delta,26.35,27.03,25.6,90.08,6.87,56.02,2.98,31.03
2020-12-04,Nagapattinam,10.7672,79.8449,Delta,26.99,27.56,26.44,89.78,6.23,45.38,3.08,30.99
2020-12-05,Nagapattinam,10.7672,79.8449,Delta,26.57,27.05,25.67,91.24,5.14,23.22,4.5,30.94
2020-12-06,Nagapattinam,10.7672,79.8449,Delta,26.22,26.83,25.21,90.41,5.36,15.02,10.33,30.9
2020-12-07,Nagapattinam,10.7672,79.8449,Delta,26.91,27.92,26.14,87.53,4.18,9.99,10.91,30.86
2020-12-08,Nagapattinam,10.7672,79.8449,Delta,26.76,27.86,25.96,87.09,3.83,6.0,15.22,30.82
2020-12-09,Nagapattinam,10.7672,79.8449,Delta,26.38,27.71,25.29,85.23,3.98,3.85,14.62,30.79
2020-12-10,Nagapattinam,10.7672,79.8449,Delta,26.23,27.58,25.27,78.38,3.82,0.35,16.85,30.76
2020-12-11,Nagapattinam,10.7672,79.8449,Delta,26.08,27.24,24.95,77.35,3.71,0.28,19.51,30.73
2020-12-12,Nagapattinam,10.7672,79.8449,Delta,26.15,27.7,24.96,79.39,3.76,0.37,12.76,30.7
2020-12-13,Nagapattinam,10.7672,79.8449,Delta,26.44,28.2,24.98,70.41,3.56,0.04,16.45,30.68
2020-12-14,Nagapattinam,10.7672,79.8449,Delta,26.23,27.56,25.06,72.79,3.9,0.11,19.74,30.66
2020-12-15,Nagapattinam,10.7672,79.8449,Delta,26.39,27.71,25.37,80.89,5.13,7.11,9.79,30.65
2020-12-16,Nagapattinam,10.7672,79.8449,Delta,26.1,26.58,25.61,88.7,5.02,41.15,7.95,30.63
2020-12-17,Nagapattinam,10.7672,79.8449,Delta,26.05,26.64,25.24,89.34,4.28,15.52,6.12,30.62
2020-12-18,Nagapattinam,10.7672,79.8449,Delta,26.16,26.8,25.55,87.73,4.68,28.45,6.19,30.61
2020-12-19,Nagapattinam,10.7672,79.8449,Delta,26.15,26.9,25.63,80.98,6.17,4.16,10.61,30.61
2020-12-20,Nagapattinam,10.7672,79.8449,Delta,26.06,27.22,25.25,77.06,5.74,0.39,16.05,30.61
2020-12-21,Nagapattinam,10.7672,79.8449,Delta,25.52,26.63,24.83,80.59,5.41,0.24,14.1,30.61
2020-12-22,Nagapattinam,10.7672,79.8449,Delta,25.33,26.57,24.51,81.93,5.04,0.55,13.91,30.62
2020-12-23,Nagapattinam,10.7672,79.8449,Delta,25.49,26.71,24.47,81.52,4.48,0.77,14.48,30.63
2020-12-24,Nagapattinam,10.7672,79.8449,Delta,25.43,26.79,24.44,80.93,4.4,0.22,14.68,30.64
2020-12-25,Nagapattinam,10.7672,79.8449,Delta,25.59,27.1,24.51,76.08,4.23,0.5,17.31,30.65
2020-12-26,Nagapattinam,10.7672,79.8449,Delta,25.46,27.09,23.94,74.5,4.38,0.18,20.24,30.67
2020-12-27,Nagapattinam,10.7672,79.8449,Delta,25.65,27.19,24.28,81.78,5.19,0.74,16.31,30.69
2020-12-28,Nagapattinam,10.7672,79.8449,Delta,25.55,26.97,24.47,80.87,5.19,0.17,13.79,30.71
2020-12-29,Nagapattinam,10.7672,79.8449,Delta,25.72,27.23,24.66,86.34,5.25,5.91,10.09,30.74
2020-12-30,Nagapattinam,10.7672,79.8449,Delta,26.28,27.35,25.38,88.57,5.56,9.07,12.49,30.77
2020-12-31,Nagapattinam,10.7672,79.8449,Delta,26.37,27.45,25.12,85.21,5.58,9.19,12.05,30.81
2021-01-01,Nagapattinam,10.7672,79.8449,Delta,25.43,26.66,24.38,79.75,4.71,0.56,17.04,30.84
2021-01-02,Nagapattinam,10.7672,79.8449,Delta,25.8,27.12,24.55,87.8,5.09,6.63,12.31,30.88
2021-01-03,Nagapattinam,10.7672,79.8449,Delta,26.19,27.23,25.47,86.97,5.06,6.8,8.28,30.92
2021-01-04,Nagapattinam,10.7672,79.8449,Delta,26.28,27.38,25.45,85.0,4.79,4.11,13.51,30.96
2021-01-05,Nagapattinam,10.7672,79.8449,Delta,25.77,26.56,25.36,90.56,3.58,15.15,10.27,31.01
2021-01-06,Nagapattinam,10.7672,79.8449,Delta,26.16,27.23,25.24,90.54,3.76,12.88,11.99,31.05
2021-01-07,Nagapattinam,10.7672,79.8449,Delta,25.94,26.9,24.99,90.96,3.47,7.03,14.25,31.11
2021-01-08,Nagapattinam,10.7672,79.8449,Delta,26.26,27.46,25.43,89.73,3.19,10.32,10.94,31.16
2021-01-09,Nagapattinam,10.7672,79.8449,Delta,26.17,26.96,25.62,89.01,4.1,3.28,11.65,31.22
2021-01-10,Nagapattinam,10.7672,79.8449,Delta,26.01,26.88,25.2,89.03,4.26,6.27,9.69,31.28
2021-01-11,Nagapattinam,10.7672,79.8449,Delta,26.1,26.97,25.38,91.35,4.6,42.74,3.69,31.34
2021-01-12,Nagapattinam,10.7672,79.8449,Delta,26.27,26.88,25.72,91.46,4.86,26.51,7.43,31.4
2021-01-13,Nagapattinam,10.7672,79.8449,Delta,26.42,27.46,25.81,85.61,5.39,7.07,11.24,31.47
2021-01-14,Nagapattinam,10.7672,79.8449,Delta,26.35,27.39,25.46,86.1,4.95,8.74,12.77,31.54
2021-01-15,Nagapattinam,10.7672,79.8449,Delta,26.13,26.89,25.55,85.35,4.63,8.13,10.34,31.61
2021-01-16,Nagapattinam,10.7672,79.8449,Delta,25.91,27.29,24.54,83.47,4.16,0.55,10.71,31.68
2021-01-17,Nagapattinam,10.7672,79.8449,Delta,24.93,26.32,23.58,79.24,3.99,0.01,19.95,31.76
2021-01-18,Nagapattinam,10.7672,79.8449,Delta,25.25,26.87,23.65,74.47,4.49,0.02,19.54,31.84
2021-01-19,Nagapattinam,10.7672,79.8449,Delta,25.66,27.2,24.1,76.39,4.43,0.07,20.12,31.92
2021-01-20,Nagapattinam,10.7672,79.8449,Delta,25.89,27.03,24.89,86.78,4.55,1.45,12.4,32.0
2021-01-21,Nagapattinam,10.7672,79.8449,Delta,26.51,28.18,25.32,88.75,2.81,0.33,17.34,32.08
2021-01-22,Nagapattinam,10.7672,79.8449,Delta,26.27,27.75,25.14,86.51,3.14,0.04,18.5,32.16
2021-01-23,Nagapattinam,10.7672,79.8449,Delta,25.75,27.04,24.8,82.74,3.56,0.0,17.62,32.25
2021-01-24,Nagapattinam,10.7672,79.8449,Delta,25.55,27.17,24.37,77.88,3.3,0.0,19.87,32.34
2021-01-25,Nagapattinam,10.7672,79.8449,Delta,25.52,27.2,24.07,77.04,3.44,0.0,20.04,32.43
2021-01-26,Nagapattinam,10.7672,79.8449,Delta,25.46,27.11,24.17,71.96,3.94,0.06,19.84,32.52
2021-01-27,Nagapattinam,10.7672,79.8449,Delta,25.49,27.07,23.93,70.86,3.79,0.14,18.34,32.61
2021-01-28,Nagapattinam,10.7672,79.8449,Delta,25.94,27.41,24.8,73.56,4.63,0.13,16.13,32.7
2021-01-29,Nagapattinam,10.7672,79.8449,Delta,26.06,27.47,24.99,80.29,4.49,1.84,14.03,32.79
2021-01-30,Nagapattinam,10.7672,79.8449,Delta,26.21,27.73,25.16,79.95,4.32,0.54,19.14,32.89
2021-01-31,Nagapattinam,10.7672,79.8449,Delta,25.88,27.4,24.65,80.57,4.64,0.0,20.63,32.98
2021-02-01,Nagapattinam,10.7672,79.8449,Delta,25.78,27.32,24.55,79.47,5.41,0.12,21.42,33.08
2021-02-02,Nagapattinam,10.7672,79.8449,Delta,25.92,27.37,24.78,78.59,5.07,0.72,17.96,33.17
2021-02-03,Nagapattinam,10.7672,79.8449,Delta,25.79,27.21,24.58,76.11,5.04,0.01,19.24,33.27
2021-02-04,Nagapattinam,10.7672,79.8449,Delta,25.33,27.08,24.01,73.0,4.6,0.0,21.49,33.37
2021-02-05,Nagapattinam,10.7672,79.8449,Delta,25.02,26.76,23.43,76.85,4.42,0.0,21.71,33.46
2021-02-06,Nagapattinam,10.7672,79.8449,Delta,25.09,26.91,23.55,78.61,4.44,0.01,21.61,33.56
2021-02-07,Nagapattinam,10.7672,79.8449,Delta,25.02,26.8,23.17,79.1,5.17,0.01,21.5,33.66
2021-02-08,Nagapattinam,10.7672,79.8449,Delta,25.18,27.11,23.77,74.3,5.61,0.0,23.14,33.76
2021-02-09,Nagapattinam,10.7672,79.8449,Delta,24.92,26.52,23.76,73.0,5.08,0.0,21.27,33.86
2021-02-10,Nagapattinam,10.7672,79.8449,Delta,24.59,26.4,23.18,72.17,4.19,0.01,22.69,33.96
2021-02-11,Nagapattinam,10.7672,79.8449,Delta,24.41,26.33,22.86,71.32,3.61,0.0,23.52,34.06
2021-02-12,Nagapattinam,10.7672,79.8449,Delta,25.22,27.11,23.41,67.26,2.87,0.03,22.09,34.15
2021-02-13,Nagapattinam,10.7672,79.8449,Delta,25.59,27.6,23.98,67.91,2.52,0.01,22.84,34.25
2021-02-14,Nagapattinam,10.7672,79.8449,Delta,24.85,26.94,22.87,79.66,2.8,0.06,22.84,34.35
2021-02-15,Nagapattinam,10.7672,79.8449,Delta,25.1,27.0,23.38,80.8,2.86,0.0,23.11,34.45
2021-02-16,Nagapattinam,10.7672,79.8449,Delta,25.38,27.23,23.75,78.14,2.54,0.0,17.49,34.55
2021-02-17,Nagapattinam,10.7672,79.8449,Delta,25.62,27.5,23.97,77.79,3.32,0.0,21.98,34.65
2021-02-18,Nagapattinam,10.7672,79.8449,Delta,25.65,27.28,24.51,79.3,4.15,0.02,16.34,34.74
2021-02-19,Nagapattinam,10.7672,79.8449,Delta,26.23,27.67,24.89,83.29,4.59,1.22,19.21,34.84
2021-02-20,Nagapattinam,10.7672,79.8449,Delta,26.59,27.93,25.76,84.38,4.9,3.66,16.57,34.94
2021-02-21,Nagapattinam,10.7672,79.8449,Delta,26.56,27.83,25.83,84.02,5.42,6.98,16.13,35.03
2021-02-22,Nagapattinam,10.7672,79.8449,Delta,26.46,28.03,25.28,80.92,4.74,1.12,19.77,35.13
2021-02-23,Nagapattinam,10.7672,79.8449,Delta,26.05,27.76,24.89,81.46,3.81,0.01,22.49,35.22
2021-02-24,Nagapattinam,10.7672,79.8449,Delta,25.8,27.71,24.35,80.98,3.1,0.01,23.55,35.31
2021-02-25,Nagapattinam,10.7672,79.8449,Delta,25.79,27.82,24.2,79.53,2.15,0.0,24.33,35.4
2021-02-26,Nagapattinam,10.7672,79.8449,Delta,25.83,28.25,24.28,73.84,1.83,0.0,24.5,35.49
2021-02-27,Nagapattinam,10.7672,79.8449,Delta,26.05,28.55,24.33,76.23,1.93,0.0,25.38,35.58
2021-02-28,Nagapattinam,10.7672,79.8449,Delta,26.11,28.28,24.65,77.47,2.56,0.0,24.5,35.67
2021-03-01,Nagapattinam,10.7672,79.8449,Delta,26.4,28.87,24.7,78.26,2.45,0.0,24.76,35.75
2021-03-02,Nagapattinam,10.7672,79.8449,Delta,26.09,28.3,24.58,78.57,2.83,0.0,23.91,35.83
2021-03-03,Nagapattinam,10.7672,79.8449,Delta,26.16,28.53,24.49,75.59,3.36,0.0,24.79,35.92
2021-03-04,Nagapattinam,10.7672,79.8449,Delta,25.9,28.03,24.36,78.0,3.12,0.04,24.62,36.0
2021-03-05,Nagapattinam,10.7672,79.8449,Delta,26.26,28.42,24.69,78.14,2.75,0.11,23.73,36.08
2021-03-06,Nagapattinam,10.7672,79.8449,Delta,26.65,29.0,24.83,78.13,2.56,0.01,25.67,36.16
2021-03-07,Nagapattinam,10.7672,79.8449,Delta,26.97,29.21,25.35,83.13,2.96,0.03,25.52,36.23
2021-03-08,Nagapattinam,10.7672,79.8449,Delta,27.19,29.18,25.19,82.42,3.81,0.35,22.98,36.31
2021-03-09,Nagapattinam,10.7672,79.8449,Delta,27.54,29.57,26.2,77.0,3.71,0.58,25.28,36.38
2021-03-10,Nagapattinam,10.7672,79.8449,Delta,27.18,28.65,25.9,83.28,3.91,1.55,21.91,36.46
2021-03-11,Nagapattinam,10.7672,79.8449,Delta,27.51,29.41,25.98,77.38,3.53,0.23,23.94,36.53
2021-03-12,Nagapattinam,10.7672,79.8449,Delta,26.82,28.98,25.32,74.38,3.32,0.0,26.19,36.6
2021-03-13,Nagapattinam,10.7672,79.8449,Delta,27.12,29.48,25.18,77.09,3.74,0.04,23.31,36.66
2021-03-14,Nagapattinam,10.7672,79.8449,Delta,27.36,29.74,25.47,74.75,3.46,0.01,25.72,36.73
2021-03-15,Nagapattinam,10.7672,79.8449,Delta,27.66,30.17,25.83,72.31,3.17,0.0,25.88,36.79
2021-03-16,Nagapattinam,10.7672,79.8449,Delta,27.46,30.04,25.63,75.66,3.13,0.02,24.87,36.86
2021-03-17,Nagapattinam,10.7672,79.8449,Delta,27.66,30.2,25.76,77.06,2.98,0.04,22.88,36.92
2021-03-18,Nagapattinam,10.7672,79.8449,Delta,27.36,29.67,25.73,75.23,3.45,0.04,22.91,36.98
2021-03-19,Nagapattinam,10.7672,79.8449,Delta,27.45,29.79,25.93,72.65,2.47,0.05,24.74,37.03
2021-03-20,Nagapattinam,10.7672,79.8449,Delta,27.7,30.13,25.9,72.38,2.06,0.33,24.03,37.09
2021-03-21,Nagapattinam,10.7672,79.8449,Delta,28.2,30.57,26.71,70.6,2.54,0.31,24.42,37.14
2021-03-22,Nagapattinam,10.7672,79.8449,Delta,28.11,30.57,26.52,75.24,3.18,0.06,23.31,37.19
2021-03-23,Nagapattinam,10.7672,79.8449,Delta,28.04,30.53,26.34,76.21,3.23,0.03,24.61,37.24
2021-03-24,Nagapattinam,10.7672,79.8449,Delta,28.07,30.35,26.29,76.8,2.89,0.22,22.02,37.29
2021-03-25,Nagapattinam,10.7672,79.8449,Delta,28.13,30.02,26.81,76.93,2.45,0.35,19.13,37.34
2021-03-26,Nagapattinam,10.7672,79.8449,Delta,28.09,29.74,26.88,80.36,2.75,0.8,23.95,37.38
2021-03-27,Nagapattinam,10.7672,79.8449,Delta,28.3,30.35,26.47,81.39,2.95,0.28,23.4,37.42
2021-03-28,Nagapattinam,10.7672,79.8449,Delta,28.99,31.19,27.24,73.78,2.56,0.5,22.23,37.46
2021-03-29,Nagapattinam,10.7672,79.8449,Delta,29.03,31.36,26.87,75.27,3.39,0.71,22.18,37.5
2021-03-30,Nagapattinam,10.7672,79.8449,Delta,29.68,33.35,26.65,72.9,3.67,0.11,23.16,37.53
2021-03-31,Nagapattinam,10.7672,79.8449,Delta,30.12,33.69,27.73,74.81,4.75,0.12,24.5,37.56
2021-04-01,Nagapattinam,10.7672,79.8449,Delta,29.97,33.26,27.73,77.76,4.79,0.18,22.87,37.6
2021-04-02,Nagapattinam,10.7672,79.8449,Delta,30.23,33.78,27.75,75.88,4.29,0.1,23.99,37.62
2021-04-03,Nagapattinam,10.7672,79.8449,Delta,30.33,33.69,27.86,73.36,4.35,0.13,25.01,37.65
2021-04-04,Nagapattinam,10.7672,79.8449,Delta,30.34,33.71,27.93,73.58,3.11,0.13,24.21,37.68
2021-04-05,Nagapattinam,10.7672,79.8449,Delta,29.6,31.93,27.73,77.36,2.79,0.14,21.87,37.7
2021-04-06,Nagapattinam,10.7672,79.8449,Delta,28.95,31.1,27.18,78.23,3.47,0.2,22.36,37.72
2021-04-07,Nagapattinam,10.7672,79.8449,Delta,28.61,31.32,26.58,74.24,3.39,0.04,24.71,37.74
2021-04-08,Nagapattinam,10.7672,79.8449,Delta,28.61,31.33,26.36,72.36,3.2,0.01,23.58,37.76
2021-04-09,Nagapattinam,10.7672,79.8449,Delta,28.88,31.51,26.73,74.8,3.38,0.09,23.82,37.78
2021-04-10,Nagapattinam,10.7672,79.8449,Delta,28.95,31.11,27.23,74.62,3.46,0.27,22.12,37.8
2021-04-11,Nagapattinam,10.7672,79.8449,Delta,28.76,30.84,27.05,75.6,3.16,2.59,20.6,37.81
2021-04-12,Nagapattinam,10.7672,79.8449,Delta,28.68,30.65,27.12,77.92,3.14,3.67,15.25,37.82
2021-04-13,Nagapattinam,10.7672,79.8449,Delta,28.88,30.91,27.29,76.29,2.64,2.79,21.15,37.83
2021-04-14,Nagapattinam,10.7672,79.8449,Delta,28.76,30.22,27.43,76.99,2.81,4.18,20.83,37.84
2021-04-15,Nagapattinam,10.7672,79.8449,Delta,28.65,29.76,27.57,75.66,2.61,5.91,15.13,37.85
2021-04-16,Nagapattinam,10.7672,79.8449,Delta,29.06,30.32,27.71,75.04,2.44,1.97,20.68,37.86
2021-04-17,Nagapattinam,10.7672,79.8449,Delta,29.85,31.94,28.0,74.64,2.79,0.35,23.97,37.86
2021-04-18,Nagapattinam,10.7672,79.8449,Delta,29.72,31.51,28.27,76.06,3.12,0.18,22.85,37.87
2021-04-19,Nagapattinam,10.7672,79.8449,Delta,30.21,33.4,27.58,75.36,3.39,0.33,24.32,37.87
2021-04-20,Nagapattinam,10.7672,79.8449,Delta,30.42,32.74,28.57,74.96,3.57,0.72,19.79,37.87
2021-04-21,Nagapattinam,10.7672,79.8449,Delta,29.82,31.24,28.56,77.96,3.03,1.68,22.88,37.86
2021-04-22,Nagapattinam,10.7672,79.8449,Delta,29.81,31.78,28.18,75.89,3.19,0.44,23.12,37.86
2021-04-23,Nagapattinam,10.7672,79.8449,Delta,30.15,32.21,28.43,75.35,2.81,1.31,23.38,37.86
2021-04-24,Nagapattinam,10.7672,79.8449,Delta,29.67,31.3,28.24,77.0,2.69,1.5,21.29,37.85
2021-04-25,Nagapattinam,10.7672,79.8449,Delta,29.65,30.96,28.29,77.03,2.86,1.24,19.94,37.85
2021-04-26,Nagapattinam,10.7672,79.8449,Delta,30.2,32.02,28.53,72.46,3.32,0.29,19.55,37.84
2021-04-27,Nagapattinam,10.7672,79.8449,Delta,30.2,31.84,28.66,74.28,2.77,0.35,21.92,37.83
2021-04-28,Nagapattinam,10.7672,79.8449,Delta,30.14,31.8,28.7,74.72,2.85,0.43,24.05,37.82
2021-04-29,Nagapattinam,10.7672,79.8449,Delta,30.55,33.02,28.4,72.79,2.88,0.98,22.94,37.81
2021-04-30,Nagapattinam,10.7672,79.8449,Delta,30.34,32.13,28.8,75.95,3.38,1.18,23.47,37.8
2021-05-01,Nagapattinam,10.7672,79.8449,Delta,29.75,30.97,28.73,78.3,3.14,0.9,21.43,37.78
2021-05-02,Nagapattinam,10.7672,79.8449,Delta,29.77,31.63,28.44,77.2,3.29,1.5,21.8,37.77
2021-05-03,Nagapattinam,10.7672,79.8449,Delta,29.73,31.26,28.51,77.44,3.17,1.38,20.61,37.75
2021-05-04,Nagapattinam,10.7672,79.8449,Delta,29.8,31.35,28.61,75.49,2.88,1.34,21.58,37.74
2021-05-05,Nagapattinam,10.7672,79.8449,Delta,30.23,32.23,28.6,74.28,2.92,0.55,21.08,37.72
2021-05-06,Nagapattinam,10.7672,79.8449,Delta,30.19,32.24,28.59,75.96,3.39,0.6,23.73,37.7
2021-05-07,Nagapattinam,10.7672,79.8449,Delta,29.98,31.21,29.1,77.07,3.59,2.6,22.8,37.69
2021-05-08,Nagapattinam,10.7672,79.8449,Delta,29.58,30.58,28.56,76.1,3.09,1.78,22.72,37.67
2021-05-09,Nagapattinam,10.7672,79.8449,Delta,29.69,30.88,28.59,76.25,2.64,0.85,20.66,37.65
2021-05-10,Nagapattinam,10.7672,79.8449,Delta,30.19,31.71,28.74,76.79,3.09,1.22,20.47,37.63
2021-05-11,Nagapattinam,10.7672,79.8449,Delta,30.8,32.68,29.1,75.47,3.76,0.48,21.59,37.61
2021-05-12,Nagapattinam,10.7672,79.8449,Delta,30.99,33.3,29.35,75.93,4.28,0.27,21.09,37.59
2021-05-13,Nagapattinam,10.7672,79.8449,Delta,30.9,33.02,29.38,74.66,4.11,1.24,14.93,37.57
2021-05-14,Nagapattinam,10.7672,79.8449,Delta,30.69,33.05,28.8,73.21,5.08,1.34,22.13,37.55
2021-05-15,Nagapattinam,10.7672,79.8449,Delta,30.2,31.99,28.36,73.7,6.86,1.32,16.1,37.53
2021-05-16,Nagapattinam,10.7672,79.8449,Delta,30.01,31.42,28.19,76.88,5.43,6.39,20.45,37.51
2021-05-17,Nagapattinam,10.7672,79.8449,Delta,30.43,32.83,28.2,72.62,4.56,2.67,24.09,37.49
2021-05-18,Nagapattinam,10.7672,79.8449,Delta,30.58,32.53,28.83,74.75,4.59,1.94,24.18,37.47
2021-05-19,Nagapattinam,10.7672,79.8449,Delta,30.18,31.69,29.06,78.44,5.1,7.63,22.98,37.45
2021-05-20,Nagapattinam,10.7672,79.8449,Delta,29.44,32.12,27.89,78.83,5.04,32.18,20.26,37.43
2021-05-21,Nagapattinam,10.7672,79.8449,Delta,29.75,32.56,27.47,72.77,5.4,6.75,12.39,37.4
2021-05-22,Nagapattinam,10.7672,79.8449,Delta,29.8,32.27,27.9,73.85,5.92,2.73,17.69,37.38
2021-05-23,Nagapattinam,10.7672,79.8449,Delta,30.33,33.88,27.45,72.13,4.54,5.18,19.84,37.36
2021-05-24,Nagapattinam,10.7672,79.8449,Delta,30.43,32.93,28.44,73.56,3.36,5.63,21.72,37.34
2021-05-25,Nagapattinam,10.7672,79.8449,Delta,29.44,31.39,27.73,77.95,6.24,16.68,21.52,37.32
2021-05-26,Nagapattinam,10.7672,79.8449,Delta,30.13,33.85,26.56,67.69,7.01,1.38,18.01,37.29
2021-05-27,Nagapattinam,10.7672,79.8449,Delta,30.82,34.2,27.78,68.01,4.61,0.19,24.17,37.27
2021-05-28,Nagapattinam,10.7672,79.8449,Delta,30.53,33.97,27.69,69.3,4.42,0.15,24.56,37.26
2021-05-29,Nagapattinam,10.7672,79.8449,Delta,30.71,33.88,28.19,70.23,3.91,0.29,19.16,37.23
2021-05-30,Nagapattinam,10.7672,79.8449,Delta,30.82,34.41,27.32,67.42,3.88,0.22,24.8,37.21
2021-05-31,Nagapattinam,10.7672,79.8449,Delta,30.87,34.38,27.77,68.19,4.13,0.2,25.22,37.19
2021-06-01,Nagapattinam,10.7672,79.8449,Delta,30.97,34.05,28.43,70.29,4.56,0.13,25.56,37.17
2021-06-02,Nagapattinam,10.7672,79.8449,Delta,30.94,33.64,28.64,70.55,3.25,0.29,24.18,37.16
2021-06-03,Nagapattinam,10.7672,79.8449,Delta,30.07,31.71,28.65,79.27,3.21,2.7,21.97,37.14
2021-06-04,Nagapattinam,10.7672,79.8449,Delta,29.39,31.33,28.07,79.67,3.68,7.54,18.92,37.12
2021-06-05,Nagapattinam,10.7672,79.8449,Delta,28.82,31.3,27.11,77.52,4.1,9.54,12.15,37.1
2021-06-06,Nagapattinam,10.7672,79.8449,Delta,29.69,32.42,27.28,71.07,4.05,1.4,20.36,37.09
2021-06-07,Nagapattinam,10.7672,79.8449,Delta,29.99,32.25,28.26,77.06,4.27,1.28,23.25,37.07
2021-06-08,Nagapattinam,10.7672,79.8449,Delta,30.15,32.45,28.41,75.21,4.45,2.17,21.1,37.06
2021-06-09,Nagapattinam,10.7672,79.8449,Delta,30.1,32.85,27.96,73.67,4.87,2.67,22.31,37.04
2021-06-10,Nagapattinam,10.7672,79.8449,Delta,30.54,33.76,27.7,71.64,4.66,1.93,23.76,37.03
2021-06-11,Nagapattinam,10.7672,79.8449,Delta,30.54,33.19,27.95,69.26,4.56,0.39,23.35,37.02
2021-06-12,Nagapattinam,10.7672,79.8449,Delta,30.25,33.32,27.9,70.2,5.36,4.34,22.23,37.01
2021-06-13,Nagapattinam,10.7672,79.8449,Delta,30.16,33.39,27.81,68.99,6.34,0.75,17.07,36.99
2021-06-14,Nagapattinam,10.7672,79.8449,Delta,30.21,33.49,27.82,63.42,7.47,0.12,14.44,36.98
2021-06-15,Nagapattinam,10.7672,79.8449,Delta,30.19,33.25,27.02,66.83,5.49,0.39,20.47,36.97
2021-06-16,Nagapattinam,10.7672,79.8449,Delta,30.29,32.41,28.17,71.78,5.46,0.47,22.01,36.97
2021-06-17,Nagapattinam,10.7672,79.8449,Delta,30.49,33.14,27.98,68.74,5.3,0.95,19.35,36.96
2021-06-18,Nagapattinam,10.7672,79.8449,Delta,30.21,33.19,27.54,68.8,5.05,0.2,18.76,36.95
2021-06-19,Nagapattinam,10.7672,79.8449,Delta,29.83,32.64,27.21,69.73,4.39,0.18,20.16,36.94
2021-06-20,Nagapattinam,10.7672,79.8449,Delta,29.84,32.48,27.36,71.3,3.87,0.97,23.09,36.93
2021-06-21,Nagapattinam,10.7672,79.8449,Delta,30.23,32.69,28.11,72.22,4.05,1.54,22.97,36.93
2021-06-22,Nagapattinam,10.7672,79.8449,Delta,29.71,31.56,28.42,74.78,3.53,6.2,14.58,36.93
2021-06-23,Nagapattinam,10.7672,79.8449,Delta,29.26,31.38,27.72,77.83,3.86,6.77,19.86,36.93
2021-06-24,Nagapattinam,10.7672,79.8449,Delta,29.31,31.22,27.68,77.19,3.47,2.55,16.11,36.93
2021-06-25,Nagapattinam,10.7672,79.8449,Delta,29.76,32.94,27.23,72.73,4.27,1.01,23.22,36.93
2021-06-26,Nagapattinam,10.7672,79.8449,Delta,29.82,32.62,27.93,70.8,4.43,2.82,21.23,36.92
2021-06-27,Nagapattinam,10.7672,79.8449,Delta,29.13,31.5,27.24,69.43,3.98,5.67,11.55,36.92
2021-06-28,Nagapattinam,10.7672,79.8449,Delta,29.27,31.91,27.66,72.2,4.08,1.05,17.01,36.92
2021-06-29,Nagapattinam,10.7672,79.8449,Delta,29.29,31.39,27.77,75.83,4.85,1.1,19.93,36.92
2021-06-30,Nagapattinam,10.7672,79.8449,Delta,29.55,31.77,27.8,77.59,4.41,2.25,22.28,36.91
2021-07-01,Nagapattinam,10.7672,79.8449,Delta,29.31,31.15,28.01,81.14,4.87,5.12,20.61,36.92
2021-07-02,Nagapattinam,10.7672,79.8449,Delta,29.63,31.86,27.65,79.8,4.2,6.29,21.11,36.92
2021-07-03,Nagapattinam,10.7672,79.8449,Delta,29.27,30.98,27.81,79.18,3.22,5.02,20.69,36.93
2021-07-04,Nagapattinam,10.7672,79.8449,Delta,28.86,30.41,27.32,81.37,3.67,7.7,21.92,36.94
2021-07-05,Nagapattinam,10.7672,79.8449,Delta,29.43,32.0,27.0,74.95,2.92,3.81,23.3,36.95
2021-07-06,Nagapattinam,10.7672,79.8449,Delta,29.35,30.68,27.86,78.67,3.54,0.62,21.11,36.95
2021-07-07,Nagapattinam,10.7672,79.8449,Delta,29.61,31.53,27.98,77.84,4.18,2.23,22.22,36.96
2021-07-08,Nagapattinam,10.7672,79.8449,Delta,30.0,32.23,28.01,76.12,3.36,3.84,23.72,36.97
2021-07-09,Nagapattinam,10.7672,79.8449,Delta,29.67,31.73,28.17,78.34,4.69,5.66,19.77,36.97
2021-07-10,Nagapattinam,10.7672,79.8449,Delta,29.16,31.69,26.93,73.11,6.42,4.71,11.8,36.98
2021-07-11,Nagapattinam,10.7672,79.8449,Delta,29.16,31.68,26.61,68.49,6.01,1.7,16.42,36.99
2021-07-12,Nagapattinam,10.7672,79.8449,Delta,29.92,33.06,27.08,68.14,5.78,1.24,16.71,37.0
2021-07-13,Nagapattinam,10.7672,79.8449,Delta,29.58,32.34,27.07,71.7,5.46,1.67,17.24,37.01
2021-07-14,Nagapattinam,10.7672,79.8449,Delta,29.33,32.21,26.92,72.7,4.81,4.44,17.68,37.02
2021-07-15,Nagapattinam,10.7672,79.8449,Delta,28.92,31.99,26.19,74.35,4.16,3.5,16.22,37.04
2021-07-16,Nagapattinam,10.7672,79.8449,Delta,29.57,31.62,27.66,73.29,3.77,4.61,17.75,37.05
2021-07-17,Nagapattinam,10.7672,79.8449,Delta,29.31,31.63,27.07,74.73,3.1,5.46,14.29,37.06
2021-07-18,Nagapattinam,10.7672,79.8449,Delta,28.61,30.27,27.09,79.52,4.0,9.59,13.29,37.07
2021-07-19,Nagapattinam,10.7672,79.8449,Delta,29.6,32.68,26.56,74.09,5.14,1.33,21.25,37.09
2021-07-20,Nagapattinam,10.7672,79.8449,Delta,30.03,33.19,26.76,71.99,4.41,0.88,16.68,37.1
2021-07-21,Nagapattinam,10.7672,79.8449,Delta,29.84,32.86,27.06,71.17,5.37,1.16,17.09,37.12
2021-07-22,Nagapattinam,10.7672,79.8449,Delta,29.86,32.88,27.53,70.87,6.94,1.24,18.62,37.13
2021-07-23,Nagapattinam,10.7672,79.8449,Delta,29.82,32.61,27.49,70.15,6.53,1.21,16.72,37.15
2021-07-24,Nagapattinam,10.7672,79.8449,Delta,29.71,32.71,27.17,72.18,5.29,0.6,18.55,37.16
2021-07-25,Nagapattinam,10.7672,79.8449,Delta,30.07,33.39,27.42,70.23,5.13,0.95,21.5,37.17
2021-07-26,Nagapattinam,10.7672,79.8449,Delta,29.85,33.13,26.72,71.76,4.8,1.93,20.93,37.19
2021-07-27,Nagapattinam,10.7672,79.8449,Delta,29.0,30.72,27.56,74.9,5.12,1.64,21.41,37.2
2021-07-28,Nagapattinam,10.7672,79.8449,Delta,29.77,32.97,26.9,72.61,4.92,0.51,20.98,37.21
2021-07-29,Nagapattinam,10.7672,79.8449,Delta,29.7,32.62,27.0,71.18,4.44,0.22,20.78,37.23
2021-07-30,Nagapattinam,10.7672,79.8449,Delta,29.83,32.54,27.08,71.98,4.64,0.43,22.35,37.24
2021-07-31,Nagapattinam,10.7672,79.8449,Delta,30.41,33.37,27.3,68.65,3.85,0.53,23.04,37.25
2021-08-01,Nagapattinam,10.7672,79.8449,Delta,30.24,33.16,27.34,69.26,3.83,0.6,15.28,37.26
2021-08-02,Nagapattinam,10.7672,79.8449,Delta,29.78,32.66,27.07,69.12,4.96,0.76,21.53,37.27
2021-08-03,Nagapattinam,10.7672,79.8449,Delta,30.2,33.59,27.11,67.6,4.66,0.67,21.42,37.28
2021-08-04,Nagapattinam,10.7672,79.8449,Delta,30.4,33.86,27.2,67.58,4.71,0.59,22.4,37.29
2021-08-05,Nagapattinam,10.7672,79.8449,Delta,30.18,33.35,27.6,68.68,5.28,0.44,19.8,37.3
2021-08-06,Nagapattinam,10.7672,79.8449,Delta,30.17,33.29,27.54,71.08,4.96,1.98,19.89,37.31
2021-08-07,Nagapattinam,10.7672,79.8449,Delta,29.81,31.99,28.02,75.48,3.96,5.86,21.1,37.32
2021-08-08,Nagapattinam,10.7672,79.8449,Delta,29.51,31.88,27.66,75.55,4.34,1.25,22.88,37.33
2021-08-09,Nagapattinam,10.7672,79.8449,Delta,29.94,32.57,27.61,72.19,4.61,2.29,23.49,37.34
2021-08-10,Nagapattinam,10.7672,79.8449,Delta,29.7,32.57,26.68,72.32,3.74,2.97,21.29,37.35
2021-08-11,Nagapattinam,10.7672,79.8449,Delta,28.06,29.79,26.74,78.65,3.4,12.64,15.73,37.35
2021-08-12,Nagapattinam,10.7672,79.8449,Delta,27.88,29.25,27.0,79.41,4.99,6.5,14.18,37.36
2021-08-13,Nagapattinam,10.7672,79.8449,Delta,27.92,30.4,26.73,78.63,3.82,5.69,16.85,37.36
2021-08-14,Nagapattinam,10.7672,79.8449,Delta,29.0,31.79,26.73,75.54,3.27,6.92,16.64,37.37
2021-08-15,Nagapattinam,10.7672,79.8449,Delta,29.2,32.36,26.54,73.16,3.85,8.52,16.58,37.37
2021-08-16,Nagapattinam,10.7672,79.8449,Delta,29.51,32.58,26.97,70.96,4.05,2.68,20.44,37.38
2021-08-17,Nagapattinam,10.7672,79.8449,Delta,29.12,31.45,27.51,75.27,4.16,7.97,20.96,37.38
2021-08-18,Nagapattinam,10.7672,79.8449,Delta,28.39,31.64,25.83,74.73,5.54,3.94,15.0,37.38
2021-08-19,Nagapattinam,10.7672,79.8449,Delta,29.28,32.83,26.12,70.36,4.84,0.79,21.46,37.38
2021-08-20,Nagapattinam,10.7672,79.8449,Delta,28.09,29.26,26.63,73.12,3.03,0.36,17.57,37.38
2021-08-21,Nagapattinam,10.7672,79.8449,Delta,27.38,28.11,26.38,79.33,1.69,9.61,10.8,37.38
2021-08-22,Nagapattinam,10.7672,79.8449,Delta,27.65,28.98,26.41,76.54,2.23,10.0,11.47,37.38
2021-08-23,Nagapattinam,10.7672,79.8449,Delta,28.26,30.23,26.68,79.04,3.86,5.3,14.91,37.38
2021-08-24,Nagapattinam,10.7672,79.8449,Delta,28.52,31.04,26.72,78.7,5.12,5.3,21.37,37.37
2021-08-25,Nagapattinam,10.7672,79.8449,Delta,28.91,32.1,26.56,77.18,5.24,1.01,23.29,37.36
2021-08-26,Nagapattinam,10.7672,79.8449,Delta,29.17,31.55,27.18,78.26,4.01,1.61,24.43,37.35
2021-08-27,Nagapattinam,10.7672,79.8449,Delta,28.51,30.16,27.29,82.07,3.28,6.14,13.55,37.34
2021-08-28,Nagapattinam,10.7672,79.8449,Delta,28.31,30.41,26.88,80.16,4.11,9.96,14.79,37.33
2021-08-29,Nagapattinam,10.7672,79.8449,Delta,28.08,30.22,26.16,79.32,4.41,5.0,13.86,37.32
2021-08-30,Nagapattinam,10.7672,79.8449,Delta,28.8,31.79,26.16,74.36,4.27,2.53,19.83,37.3
2021-08-31,Nagapattinam,10.7672,79.8449,Delta,28.79,31.71,26.29,76.38,3.6,1.41,20.2,37.29
2021-09-01,Nagapattinam,10.7672,79.8449,Delta,28.83,31.17,27.19,78.45,3.19,3.2,14.95,37.28
2021-09-02,Nagapattinam,10.7672,79.8449,Delta,28.18,29.76,27.08,81.43,3.12,14.37,17.31,37.26
2021-09-03,Nagapattinam,10.7672,79.8449,Delta,27.13,27.77,26.29,84.47,3.64,15.06,16.66,37.23
2021-09-04,Nagapattinam,10.7672,79.8449,Delta,28.21,30.13,26.5,81.1,4.44,5.03,14.03,37.21
2021-09-05,Nagapattinam,10.7672,79.8449,Delta,28.4,30.86,26.44,80.94,5.31,2.23,22.13,37.18
2021-09-06,Nagapattinam,10.7672,79.8449,Delta,28.26,31.23,25.63,75.3,5.37,0.4,13.19,37.15
2021-09-07,Nagapattinam,10.7672,79.8449,Delta,28.71,31.9,26.01,76.66,5.12,0.61,21.8,37.13
2021-09-08,Nagapattinam,10.7672,79.8449,Delta,28.55,30.59,26.58,79.24,4.34,0.58,24.02,37.1
2021-09-09,Nagapattinam,10.7672,79.8449,Delta,28.63,31.31,25.94,76.8,4.18,0.31,24.22,37.07
2021-09-10,Nagapattinam,10.7672,79.8449,Delta,28.94,31.53,27.02,78.93,4.07,1.62,21.33,37.05
2021-09-11,Nagapattinam,10.7672,79.8449,Delta,29.09,31.84,26.55,78.47,4.37,1.36,21.3,37.02
2021-09-12,Nagapattinam,10.7672,79.8449,Delta,29.25,31.86,27.09,76.59,5.29,1.28,21.9,36.99
2021-09-13,Nagapattinam,10.7672,79.8449,Delta,28.99,31.49,26.84,76.5,5.07,0.67,19.84,36.96
2021-09-14,Nagapattinam,10.7672,79.8449,Delta,29.02,31.01,27.28,79.1,4.63,1.49,23.12,36.92
2021-09-15,Nagapattinam,10.7672,79.8449,Delta,29.37,31.92,27.41,79.44,4.19,2.86,22.31,36.88
2021-09-16,Nagapattinam,10.7672,79.8449,Delta,28.68,30.51,27.07,80.6,3.54,3.1,21.75,36.84
2021-09-17,Nagapattinam,10.7672,79.8449,Delta,28.37,30.05,27.38,83.74,3.79,5.81,19.9,36.8
2021-09-18,Nagapattinam,10.7672,79.8449,Delta,28.32,29.68,26.8,80.01,2.15,4.52,12.79,36.76
2021-09-19,Nagapattinam,10.7672,79.8449,Delta,28.93,30.52,27.35,80.2,2.21,5.27,20.75,36.71
2021-09-20,Nagapattinam,10.7672,79.8449,Delta,28.96,30.86,27.19,79.77,3.14,3.76,15.68,36.67
2021-09-21,Nagapattinam,10.7672,79.8449,Delta,28.99,31.25,27.14,80.12,3.6,3.46,19.02,36.62
2021-09-22,Nagapattinam,10.7672,79.8449,Delta,28.94,31.21,26.72,76.63,3.03,0.8,20.61,36.57
2021-09-23,Nagapattinam,10.7672,79.8449,Delta,29.34,31.29,27.45,78.12,2.74,2.2,21.47,36.52
2021-09-24,Nagapattinam,10.7672,79.8449,Delta,28.62,30.1,27.28,81.94,2.44,4.65,22.36,36.47
2021-09-25,Nagapattinam,10.7672,79.8449,Delta,29.02,31.04,27.4,80.58,3.3,3.5,23.53,36.41
2021-09-26,Nagapattinam,10.7672,79.8449,Delta,27.74,28.78,26.6,83.42,4.48,30.31,14.54,36.35
2021-09-27,Nagapattinam,10.7672,79.8449,Delta,28.84,31.85,26.41,78.64,5.28,0.79,18.68,36.3
2021-09-28,Nagapattinam,10.7672,79.8449,Delta,28.51,31.21,26.38,73.24,4.43,0.56,21.59,36.24
2021-09-29,Nagapattinam,10.7672,79.8449,Delta,28.63,31.75,25.76,72.11,3.27,0.38,23.16,36.17
2021-09-30,Nagapattinam,10.7672,79.8449,Delta,28.37,29.8,26.89,76.99,2.05,8.3,20.99,36.11
2021-10-01,Nagapattinam,10.7672,79.8449,Delta,27.97,29.08,26.9,80.04,1.23,11.54,7.25,36.04
2021-10-02,Nagapattinam,10.7672,79.8449,Delta,27.77,28.76,26.95,83.88,1.59,6.83,16.67,35.97
2021-10-03,Nagapattinam,10.7672,79.8449,Delta,28.14,29.9,26.8,81.92,1.63,3.06,19.27,35.9
2021-10-04,Nagapattinam,10.7672,79.8449,Delta,28.24,29.48,27.21,81.26,1.61,5.26,14.58,35.84
2021-10-05,Nagapattinam,10.7672,79.8449,Delta,27.85,28.7,27.08,84.55,2.32,13.71,5.23,35.77
2021-10-06,Nagapattinam,10.7672,79.8449,Delta,28.21,30.56,26.37,79.64,3.82,3.02,18.29,35.7
2021-10-07,Nagapattinam,10.7672,79.8449,Delta,28.51,30.28,27.14,83.02,4.31,4.52,20.29,35.62
2021-10-08,Nagapattinam,10.7672,79.8449,Delta,28.57,30.06,27.26,84.44,5.25,13.19,18.07,35.54
2021-10-09,Nagapattinam,10.7672,79.8449,Delta,28.17,29.52,26.91,85.18,4.42,17.33,12.72,35.47
2021-10-10,Nagapattinam,10.7672,79.8449,Delta,28.0,29.22,26.68,84.1,2.99,6.46,19.85,35.39
2021-10-11,Nagapattinam,10.7672,79.8449,Delta,27.55,28.6,26.81,88.02,3.36,27.81,16.36,35.31
2021-10-12,Nagapattinam,10.7672,79.8449,Delta,27.25,28.72,25.8,84.89,4.54,6.44,19.88,35.23
2021-10-13,Nagapattinam,10.7672,79.8449,Delta,28.02,30.46,25.63,79.77,4.08,2.23,22.43,35.16
2021-10-14,Nagapattinam,10.7672,79.8449,Delta,28.77,30.89,26.42,80.83,3.31,2.51,20.9,35.08
2021-10-15,Nagapattinam,10.7672,79.8449,Delta,28.25,29.21,27.07,86.22,3.89,3.65,20.51,35.0
2021-10-16,Nagapattinam,10.7672,79.8449,Delta,28.42,29.57,27.46,88.82,5.95,6.55,18.1,34.91
2021-10-17,Nagapattinam,10.7672,79.8449,Delta,28.39,29.78,27.29,87.0,5.46,4.91,17.46,34.83
2021-10-18,Nagapattinam,10.7672,79.8449,Delta,28.05,29.57,26.6,85.36,4.11,7.06,20.38,34.74
2021-10-19,Nagapattinam,10.7672,79.8449,Delta,28.23,29.37,26.89,84.04,2.38,4.79,17.19,34.66
2021-10-20,Nagapattinam,10.7672,79.8449,Delta,27.97,28.92,27.33,86.05,1.66,5.55,14.16,34.57
2021-10-21,Nagapattinam,10.7672,79.8449,Delta,28.0,29.11,26.98,84.12,1.82,3.63,18.71,34.48
2021-10-22,Nagapattinam,10.7672,79.8449,Delta,27.85,28.64,27.18,83.96,1.75,1.46,19.24,34.39
2021-10-23,Nagapattinam,10.7672,79.8449,Delta,27.98,29.22,27.0,84.55,2.23,6.68,16.48,34.31
2021-10-24,Nagapattinam,10.7672,79.8449,Delta,28.08,29.52,26.66,73.93,2.29,9.82,16.72,34.22
2021-10-25,Nagapattinam,10.7672,79.8449,Delta,27.71,28.79,26.93,80.65,2.71,3.58,15.38,34.13
2021-10-26,Nagapattinam,10.7672,79.8449,Delta,27.82,28.74,26.72,80.36,2.81,3.07,13.62,34.03
2021-10-27,Nagapattinam,10.7672,79.8449,Delta,28.12,29.27,27.02,80.08,3.65,2.64,14.75,33.94
2021-10-28,Nagapattinam,10.7672,79.8449,Delta,27.4,27.78,27.04,85.01,4.43,13.63,11.47,33.85
2021-10-29,Nagapattinam,10.7672,79.8449,Delta,27.65,28.41,27.03,89.57,4.68,34.46,11.23,33.76
2021-10-30,Nagapattinam,10.7672,79.8449,Delta,27.19,27.62,26.81,89.32,4.36,32.85,12.87,33.67
2021-10-31,Nagapattinam,10.7672,79.8449,Delta,27.69,28.64,27.1,87.91,4.6,21.83,2.9,33.58
2021-11-01,Nagapattinam,10.7672,79.8449,Delta,27.46,28.01,26.8,88.52,4.11,18.45,10.89,33.49
2021-11-02,Nagapattinam,10.7672,79.8449,Delta,27.36,28.11,26.77,87.17,3.96,20.86,13.17,33.4
2021-11-03,Nagapattinam,10.7672,79.8449,Delta,26.75,27.46,26.21,87.93,2.99,21.66,5.98,33.31
2021-11-04,Nagapattinam,10.7672,79.8449,Delta,26.84,27.49,25.92,85.05,1.43,10.14,8.28,33.21
2021-11-05,Nagapattinam,10.7672,79.8449,Delta,26.78,27.5,26.14,88.15,2.3,12.95,16.84,33.12
2021-11-06,Nagapattinam,10.7672,79.8449,Delta,26.8,27.61,25.88,85.59,2.81,22.19,13.4,33.03
2021-11-07,Nagapattinam,10.7672,79.8449,Delta,26.88,27.6,26.05,85.49,1.96,8.72,12.37,32.94
2021-11-08,Nagapattinam,10.7672,79.8449,Delta,27.28,28.51,26.38,87.3,3.1,36.04,7.64,32.85
2021-11-09,Nagapattinam,10.7672,79.8449,Delta,26.79,27.36,26.23,89.57,6.02,45.83,2.45,32.76
2021-11-10,Nagapattinam,10.7672,79.8449,Delta,25.23,26.09,24.35,92.12,7.45,70.95,9.74,32.68
2021-11-11,Nagapattinam,10.7672,79.8449,Delta,25.59,27.22,24.17,89.61,8.39,19.82,11.05,32.59
2021-11-12,Nagapattinam,10.7672,79.8449,Delta,27.43,28.78,26.06,84.94,3.29,3.64,9.62,32.5
2021-11-13,Nagapattinam,10.7672,79.8449,Delta,26.76,27.17,26.51,85.48,3.17,11.55,14.54,32.42
2021-11-14,Nagapattinam,10.7672,79.8449,Delta,26.73,27.43,26.11,90.54,4.28,8.56,12.81,32.34
2021-11-15,Nagapattinam,10.7672,79.8449,Delta,27.02,28.09,25.96,86.46,2.32,8.64,16.89,32.26
2021-11-16,Nagapattinam,10.7672,79.8449,Delta,27.4,28.46,26.49,86.14,1.69,4.15,10.87,32.17
2021-11-17,Nagapattinam,10.7672,79.8449,Delta,26.84,27.58,26.1,88.68,2.82,25.48,9.25,32.09
2021-11-18,Nagapattinam,10.7672,79.8449,Delta,26.07,27.05,25.65,92.38,6.93,18.71,1.87,32.01
2021-11-19,Nagapattinam,10.7672,79.8449,Delta,26.86,28.16,25.64,86.94,6.74,9.5,16.5,31.94
2021-11-20,Nagapattinam,10.7672,79.8449,Delta,27.59,28.89,26.71,87.64,4.52,7.65,19.27,31.86
2021-11-21,Nagapattinam,10.7672,79.8449,Delta,27.29,28.35,26.14,82.69,1.96,3.1,19.69,31.79
2021-11-22,Nagapattinam,10.7672,79.8449,Delta,27.04,27.71,26.14,86.31,2.63,2.17,14.8,31.71
2021-11-23,Nagapattinam,10.7672,79.8449,Delta,26.97,27.57,26.2,89.74,3.37,5.42,12.74,31.64
2021-11-24,Nagapattinam,10.7672,79.8449,Delta,27.34,28.18,26.65,87.51,4.19,7.47,5.09,31.58
2021-11-25,Nagapattinam,10.7672,79.8449,Delta,27.15,28.01,26.23,91.14,4.17,26.92,10.03,31.51
2021-11-26,Nagapattinam,10.7672,79.8449,Delta,27.21,27.84,26.74,90.25,3.59,71.0,7.83,31.44
2021-11-27,Nagapattinam,10.7672,79.8449,Delta,26.65,27.22,26.18,89.9,4.61,13.72,10.55,31.38
2021-11-28,Nagapattinam,10.7672,79.8449,Delta,26.47,26.98,26.06,91.11,4.38,27.61,4.15,31.31
2021-11-29,Nagapattinam,10.7672,79.8449,Delta,26.22,26.51,25.74,90.25,3.05,22.14,13.47,31.25
2021-11-30,Nagapattinam,10.7672,79.8449,Delta,27.17,27.96,26.31,86.07,3.79,4.94,18.19,31.2
2021-12-01,Nagapattinam,10.7672,79.8449,Delta,27.43,28.46,26.69,84.89,4.0,4.91,13.4,31.14
2021-12-02,Nagapattinam,10.7672,79.8449,Delta,26.74,27.7,25.82,83.89,4.41,1.61,14.58,31.09
2021-12-03,Nagapattinam,10.7672,79.8449,Delta,26.03,27.0,25.06,86.37,3.38,0.12,18.33,31.04
2021-12-04,Nagapattinam,10.7672,79.8449,Delta,26.9,28.63,24.76,81.87,1.68,0.19,15.17,30.99
2021-12-05,Nagapattinam,10.7672,79.8449,Delta,27.36,29.09,25.8,83.31,1.67,1.08,18.25,30.95
2021-12-06,Nagapattinam,10.7672,79.8449,Delta,27.38,28.83,26.21,83.4,2.29,1.22,12.48,30.9
2021-12-07,Nagapattinam,10.7672,79.8449,Delta,26.95,28.05,26.2,83.2,3.33,0.18,16.41,30.86
2021-12-08,Nagapattinam,10.7672,79.8449,Delta,26.96,28.33,25.97,84.9,3.7,0.83,17.42,30.83
2021-12-09,Nagapattinam,10.7672,79.8449,Delta,27.11,28.0,26.44,82.15,4.37,2.33,16.25,30.79
2021-12-10,Nagapattinam,10.7672,79.8449,Delta,27.07,28.39,25.92,80.75,4.29,0.82,18.61,30.76
2021-12-11,Nagapattinam,10.7672,79.8449,Delta,27.24,28.38,26.35,83.14,5.01,2.21,16.89,30.73
2021-12-12,Nagapattinam,10.7672,79.8449,Delta,27.2,28.33,26.49,82.34,5.43,2.31,15.23,30.71
2021-12-13,Nagapattinam,10.7672,79.8449,Delta,27.07,28.24,26.26,82.74,5.44,2.66,14.56,30.69
2021-12-14,Nagapattinam,10.7672,79.8449,Delta,26.92,27.97,26.31,83.1,5.35,3.62,14.73,30.67
2021-12-15,Nagapattinam,10.7672,79.8449,Delta,26.69,27.74,26.06,84.89,5.25,3.6,15.18,30.65
2021-12-16,Nagapattinam,10.7672,79.8449,Delta,26.39,27.5,25.45,86.36,5.74,6.71,10.88,30.64
2021-12-17,Nagapattinam,10.7672,79.8449,Delta,25.92,26.8,24.86,85.16,5.46,3.95,15.31,30.63
2021-12-18,Nagapattinam,10.7672,79.8449,Delta,25.89,27.05,25.19,81.73,5.65,0.98,18.15,30.62
2021-12-19,Nagapattinam,10.7672,79.8449,Delta,25.66,27.09,24.5,78.09,5.22,0.1,18.2,30.62
2021-12-20,Nagapattinam,10.7672,79.8449,Delta,25.9,27.51,24.39,75.33,4.46,0.02,18.97,30.62
2021-12-21,Nagapattinam,10.7672,79.8449,Delta,25.78,27.45,24.61,71.52,3.47,0.02,17.64,30.62
2021-12-22,Nagapattinam,10.7672,79.8449,Delta,25.48,27.21,24.08,70.85,3.05,0.0,17.23,30.63
2021-12-23,Nagapattinam,10.7672,79.8449,Delta,24.73,26.62,22.84,73.65,3.04,0.0,18.85,30.63
2021-12-24,Nagapattinam,10.7672,79.8449,Delta,25.33,27.26,23.62,72.49,2.9,0.0,19.36,30.64
2021-12-25,Nagapattinam,10.7672,79.8449,Delta,25.26,26.9,23.69,74.25,3.13,0.0,19.84,30.65
2021-12-26,Nagapattinam,10.7672,79.8449,Delta,25.63,27.44,24.08,75.23,3.21,0.03,19.0,30.66
2021-12-27,Nagapattinam,10.7672,79.8449,Delta,26.01,27.71,24.62,73.6,3.51,0.17,19.36,30.68
2021-12-28,Nagapattinam,10.7672,79.8449,Delta,26.12,27.86,24.82,74.78,3.84,0.3,15.14,30.7
2021-12-29,Nagapattinam,10.7672,79.8449,Delta,26.38,28.1,25.06,71.45,3.66,0.4,20.99,30.73
2021-12-30,Nagapattinam,10.7672,79.8449,Delta,26.48,27.89,25.38,85.78,5.19,16.06,12.7,30.76
2021-12-31,Nagapattinam,10.7672,79.8449,Delta,26.68,27.74,25.79,86.59,5.52,15.41,9.1,30.8
2022-01-01,Nagapattinam,10.7672,79.8449,Delta,26.57,27.43,26.02,85.88,5.6,17.48,8.69,30.83
2022-01-02,Nagapattinam,10.7672,79.8449,Delta,26.32,27.54,25.59,83.14,5.77,7.0,14.73,30.87
2022-01-03,Nagapattinam,10.7672,79.8449,Delta,25.98,27.32,25.07,79.29,5.23,0.2,18.32,30.91
2022-01-04,Nagapattinam,10.7672,79.8449,Delta,25.35,26.67,24.24,80.35,4.96,0.12,16.77,30.95
2022-01-05,Nagapattinam,10.7672,79.8449,Delta,25.26,26.9,23.61,82.61,4.2,0.33,18.86,30.99
2022-01-06,Nagapattinam,10.7672,79.8449,Delta,26.01,27.49,24.96,84.01,4.31,1.28,16.79,31.04
2022-01-07,Nagapattinam,10.7672,79.8449,Delta,25.89,27.24,24.84,82.49,4.21,1.23,17.36,31.09
2022-01-08,Nagapattinam,10.7672,79.8449,Delta,25.92,27.29,25.01,78.47,4.36,0.12,18.31,31.14
2022-01-09,Nagapattinam,10.7672,79.8449,Delta,25.66,27.24,24.56,80.95,3.72,0.23,18.29,31.2
2022-01-10,Nagapattinam,10.7672,79.8449,Delta,26.02,27.86,24.49,81.57,3.16,0.28,18.12,31.26
2022-01-11,Nagapattinam,10.7672,79.8449,Delta,26.22,27.96,24.76,81.06,3.69,0.22,16.37,31.33
2022-01-12,Nagapattinam,10.7672,79.8449,Delta,26.54,28.18,25.35,81.31,3.23,0.32,18.35,31.39
2022-01-13,Nagapattinam,10.7672,79.8449,Delta,26.84,28.28,25.67,80.03,2.76,0.33,18.57,31.46
2022-01-14,Nagapattinam,10.7672,79.8449,Delta,26.79,28.35,25.51,81.63,2.53,0.25,19.41,31.53
2022-01-15,Nagapattinam,10.7672,79.8449,Delta,26.27,27.91,24.95,85.63,3.18,0.23,18.39,31.6
2022-01-16,Nagapattinam,10.7672,79.8449,Delta,26.43,27.88,24.99,83.68,4.57,2.76,18.24,31.68
2022-01-17,Nagapattinam,10.7672,79.8449,Delta,26.49,27.74,25.55,80.38,5.01,4.2,12.7,31.75
2022-01-18,Nagapattinam,10.7672,79.8449,Delta,25.78,27.18,24.78,77.21,4.98,0.54,19.47,31.83
2022-01-19,Nagapattinam,10.7672,79.8449,Delta,25.4,27.05,24.16,78.41,4.21,0.14,19.2,31.91
2022-01-20,Nagapattinam,10.7672,79.8449,Delta,25.29,27.22,23.93,70.12,2.68,0.0,20.4,31.99
2022-01-21,Nagapattinam,10.7672,79.8449,Delta,25.46,27.51,23.94,71.46,1.88,0.0,19.88,32.07
2022-01-22,Nagapattinam,10.7672,79.8449,Delta,26.16,28.73,23.77,76.0,2.41,0.0,20.49,32.16
2022-01-23,Nagapattinam,10.7672,79.8449,Delta,26.42,28.08,24.96,77.78,3.22,0.04,18.64,32.24
2022-01-24,Nagapattinam,10.7672,79.8449,Delta,26.38,27.81,25.04,81.0,3.3,0.42,16.75,32.32
2022-01-25,Nagapattinam,10.7672,79.8449,Delta,26.11,27.47,25.1,78.89,3.3,0.3,18.15,32.41
2022-01-26,Nagapattinam,10.7672,79.8449,Delta,25.91,27.47,24.82,76.26,3.3,0.06,16.43,32.5
2022-01-27,Nagapattinam,10.7672,79.8449,Delta,26.01,27.59,24.86,76.83,3.93,0.03,18.84,32.59
2022-01-28,Nagapattinam,10.7672,79.8449,Delta,26.17,27.63,25.14,77.71,5.42,0.24,19.91,32.67
2022-01-29,Nagapattinam,10.7672,79.8449,Delta,26.29,27.69,25.36,83.38,5.91,2.25,11.27,32.76
2022-01-30,Nagapattinam,10.7672,79.8449,Delta,26.08,27.64,25.01,84.02,4.96,1.07,8.35,32.85
2022-01-31,Nagapattinam,10.7672,79.8449,Delta,26.03,27.76,24.79,83.25,3.5,0.09,18.75,32.95
2022-02-01,Nagapattinam,10.7672,79.8449,Delta,25.66,27.43,24.19,77.84,3.27,0.0,19.91,33.05
2022-02-02,Nagapattinam,10.7672,79.8449,Delta,24.84,26.77,23.28,73.82,3.13,0.0,22.61,33.15
2022-02-03,Nagapattinam,10.7672,79.8449,Delta,25.11,27.16,23.73,70.29,1.88,0.0,23.12,33.25
2022-02-04,Nagapattinam,10.7672,79.8449,Delta,26.1,28.49,23.92,72.13,2.3,0.0,22.24,33.35
2022-02-05,Nagapattinam,10.7672,79.8449,Delta,26.45,28.29,24.88,79.02,3.19,0.29,19.03,33.45
2022-02-06,Nagapattinam,10.7672,79.8449,Delta,26.31,28.0,25.14,78.25,4.12,0.11,19.68,33.55
2022-02-07,Nagapattinam,10.7672,79.8449,Delta,25.97,28.11,24.3,73.93,4.16,0.0,20.83,33.65
2022-02-08,Nagapattinam,10.7672,79.8449,Delta,25.16,27.21,23.36,75.0,4.24,0.0,21.79,33.75
2022-02-09,Nagapattinam,10.7672,79.8449,Delta,25.25,27.08,23.69,75.27,4.69,0.07,21.18,33.85
2022-02-10,Nagapattinam,10.7672,79.8449,Delta,25.86,27.28,24.48,81.93,5.06,2.93,12.86,33.95
2022-02-11,Nagapattinam,10.7672,79.8449,Delta,26.28,27.26,25.46,83.71,5.34,10.75,8.11,34.05
2022-02-12,Nagapattinam,10.7672,79.8449,Delta,26.47,27.93,25.49,78.96,5.28,6.01,10.16,34.15
2022-02-13,Nagapattinam,10.7672,79.8449,Delta,26.1,27.59,24.98,78.48,5.11,0.37,14.91,34.25
2022-02-14,Nagapattinam,10.7672,79.8449,Delta,25.96,27.69,24.7,76.11,4.79,0.16,15.57,34.35
2022-02-15,Nagapattinam,10.7672,79.8449,Delta,25.38,27.07,24.12,75.11,4.61,0.02,19.15,34.45
2022-02-16,Nagapattinam,10.7672,79.8449,Delta,25.31,27.36,23.75,74.0,4.05,0.0,21.0,34.54
2022-02-17,Nagapattinam,10.7672,79.8449,Delta,25.61,27.75,23.81,76.14,3.86,0.0,21.42,34.64
2022-02-18,Nagapattinam,10.7672,79.8449,Delta,26.26,28.2,24.67,78.37,4.21,0.67,20.5,34.74
2022-02-19,Nagapattinam,10.7672,79.8449,Delta,26.56,28.47,25.32,77.81,4.36,0.22,16.19,34.83
2022-02-20,Nagapattinam,10.7672,79.8449,Delta,26.75,28.68,25.28,78.1,3.22,0.27,22.01,34.93
2022-02-21,Nagapattinam,10.7672,79.8449,Delta,27.09,29.75,25.43,78.14,2.01,0.02,20.85,35.02
2022-02-22,Nagapattinam,10.7672,79.8449,Delta,26.86,28.97,25.55,79.48,2.67,0.91,21.57,35.12
2022-02-23,Nagapattinam,10.7672,79.8449,Delta,26.78,29.01,25.03,74.95,4.52,1.03,23.42,35.21
2022-02-24,Nagapattinam,10.7672,79.8449,Delta,26.49,28.57,24.99,71.13,4.18,0.57,19.79,35.3
2022-02-25,Nagapattinam,10.7672,79.8449,Delta,25.93,27.91,24.18,75.09,4.2,0.0,24.15,35.39
2022-02-26,Nagapattinam,10.7672,79.8449,Delta,26.74,28.97,24.82,79.12,4.45,0.65,20.56,35.48
2022-02-27,Nagapattinam,10.7672,79.8449,Delta,26.75,28.71,25.22,75.51,4.82,0.08,22.84,35.57
2022-02-28,Nagapattinam,10.7672,79.8449,Delta,26.83,29.18,24.91,74.49,4.06,0.0,25.72,35.65
2022-03-01,Nagapattinam,10.7672,79.8449,Delta,26.89,29.48,24.79,72.06,4.66,0.0,25.55,35.74
2022-03-02,Nagapattinam,10.7672,79.8449,Delta,27.14,29.62,25.15,70.49,5.04,0.0,20.7,35.82
2022-03-03,Nagapattinam,10.7672,79.8449,Delta,27.34,29.26,25.84,74.17,5.5,0.02,21.01,35.91
2022-03-04,Nagapattinam,10.7672,79.8449,Delta,27.26,29.16,25.93,79.52,6.5,2.28,13.54,35.99
2022-03-05,Nagapattinam,10.7672,79.8449,Delta,27.15,28.69,25.88,79.7,6.15,0.21,22.95,36.07
2022-03-06,Nagapattinam,10.7672,79.8449,Delta,27.17,28.89,26.16,79.98,6.52,7.82,13.26,36.15
2022-03-07,Nagapattinam,10.7672,79.8449,Delta,27.19,29.23,25.43,74.87,4.84,7.14,15.37,36.23
2022-03-08,Nagapattinam,10.7672,79.8449,Delta,27.01,29.35,25.29,77.11,3.51,0.02,23.73,36.31
2022-03-09,Nagapattinam,10.7672,79.8449,Delta,27.02,29.9,25.24,74.46,3.2,0.0,24.05,36.38
2022-03-10,Nagapattinam,10.7672,79.8449,Delta,26.96,29.82,24.71,74.54,3.53,0.0,24.31,36.46
2022-03-11,Nagapattinam,10.7672,79.8449,Delta,26.95,29.53,24.64,77.13,3.77,0.01,24.82,36.53
2022-03-12,Nagapattinam,10.7672,79.8449,Delta,26.99,29.63,24.68,76.3,3.79,2.65,25.2,36.6
2022-03-13,Nagapattinam,10.7672,79.8449,Delta,27.31,29.73,25.14,76.31,4.02,0.03,24.66,36.66
2022-03-14,Nagapattinam,10.7672,79.8449,Delta,27.46,30.08,25.56,75.63,3.66,0.0,23.05,36.73
2022-03-15,Nagapattinam,10.7672,79.8449,Delta,27.25,30.33,25.01,74.17,2.75,0.07,23.62,36.8
2022-03-16,Nagapattinam,10.7672,79.8449,Delta,27.67,31.14,24.73,66.96,2.31,0.0,20.68,36.86
2022-03-17,Nagapattinam,10.7672,79.8449,Delta,28.3,31.68,25.87,68.82,2.42,0.52,22.39,36.92
2022-03-18,Nagapattinam,10.7672,79.8449,Delta,28.62,31.7,26.18,71.81,2.57,0.01,22.6,36.98
2022-03-19,Nagapattinam,10.7672,79.8449,Delta,28.85,31.18,26.95,77.14,2.58,0.52,20.9,37.04
2022-03-20,Nagapattinam,10.7672,79.8449,Delta,29.77,33.1,27.16,73.94,2.82,1.38,19.88,37.09
2022-03-21,Nagapattinam,10.7672,79.8449,Delta,29.82,32.74,27.83,74.27,2.83,1.43,20.94,37.15
2022-03-22,Nagapattinam,10.7672,79.8449,Delta,29.8,32.8,27.53,74.71,2.73,1.86,17.3,37.2
2022-03-23,Nagapattinam,10.7672,79.8449,Delta,29.49,31.67,27.9,78.7,3.0,1.14,19.06,37.25
2022-03-24,Nagapattinam,10.7672,79.8449,Delta,29.01,30.9,27.34,78.99,2.76,0.48,19.35,37.29
2022-03-25,Nagapattinam,10.7672,79.8449,Delta,28.65,30.35,27.05,77.07,2.81,0.45,19.03,37.34
2022-03-26,Nagapattinam,10.7672,79.8449,Delta,28.85,30.78,27.2,77.18,3.06,0.49,20.73,37.38
2022-03-27,Nagapattinam,10.7672,79.8449,Delta,28.94,31.03,27.11,79.1,3.34,0.24,22.68,37.41
2022-03-28,Nagapattinam,10.7672,79.8449,Delta,29.21,31.46,27.31,78.1,3.52,0.08,25.42,37.45
2022-03-29,Nagapattinam,10.7672,79.8449,Delta,29.64,32.28,27.66,76.6,3.88,0.1,24.49,37.49
2022-03-30,Nagapattinam,10.7672,79.8449,Delta,29.7,32.29,27.59,76.81,4.01,0.13,23.61,37.52
2022-03-31,Nagapattinam,10.7672,79.8449,Delta,29.62,31.91,27.94,76.8,3.83,0.23,23.25,37.56
2022-04-01,Nagapattinam,10.7672,79.8449,Delta,29.42,31.5,27.86,76.83,4.2,0.31,22.56,37.59
2022-04-02,Nagapattinam,10.7672,79.8449,Delta,29.21,31.37,27.66,76.7,3.28,0.54,22.2,37.63
2022-04-03,Nagapattinam,10.7672,79.8449,Delta,29.02,30.76,27.6,76.42,3.07,0.76,22.58,37.66
2022-04-04,Nagapattinam,10.7672,79.8449,Delta,28.89,31.1,27.31,77.41,3.26,0.55,24.7,37.69
2022-04-05,Nagapattinam,10.7672,79.8449,Delta,29.11,31.62,27.01,72.81,3.1,0.31,24.96,37.72
2022-04-06,Nagapattinam,10.7672,79.8449,Delta,29.12,31.09,27.46,73.9,2.6,0.94,24.86,37.75
2022-04-07,Nagapattinam,10.7672,79.8449,Delta,28.88,30.33,27.96,75.14,2.08,1.05,24.23,37.77
2022-04-08,Nagapattinam,10.7672,79.8449,Delta,28.96,30.71,27.66,73.66,2.03,3.17,19.06,37.79
2022-04-09,Nagapattinam,10.7672,79.8449,Delta,28.35,29.95,27.58,76.01,1.96,3.7,18.49,37.81
2022-04-10,Nagapattinam,10.7672,79.8449,Delta,28.6,30.31,27.41,75.69,3.04,11.05,9.19,37.82
2022-04-11,Nagapattinam,10.7672,79.8449,Delta,28.26,29.19,27.44,84.0,3.72,6.56,14.09,37.84
2022-04-12,Nagapattinam,10.7672,79.8449,Delta,28.24,29.11,27.44,82.41,1.93,4.36,16.67,37.85
2022-04-13,Nagapattinam,10.7672,79.8449,Delta,28.8,30.17,27.46,81.43,2.54,6.98,14.98,37.86
2022-04-14,Nagapattinam,10.7672,79.8449,Delta,29.56,32.22,27.2,73.79,4.0,0.67,23.51,37.87
2022-04-15,Nagapattinam,10.7672,79.8449,Delta,29.77,32.05,27.8,76.13,4.12,1.14,25.76,37.87
2022-04-16,Nagapattinam,10.7672,79.8449,Delta,29.98,32.11,28.52,77.87,4.93,1.36,24.53,37.88
2022-04-17,Nagapattinam,10.7672,79.8449,Delta,29.97,32.05,28.71,78.94,3.95,3.38,17.19,37.88
2022-04-18,Nagapattinam,10.7672,79.8449,Delta,29.95,32.1,28.22,75.67,2.51,1.73,24.31,37.88
2022-04-19,Nagapattinam,10.7672,79.8449,Delta,30.1,32.44,28.09,75.59,2.64,1.41,22.5,37.88
2022-04-20,Nagapattinam,10.7672,79.8449,Delta,29.59,31.16,28.44,80.69,2.91,0.77,24.22,37.87
2022-04-21,Nagapattinam,10.7672,79.8449,Delta,29.31,31.16,27.96,80.28,3.58,0.77,25.26,37.86
2022-04-22,Nagapattinam,10.7672,79.8449,Delta,29.35,31.35,27.77,78.21,3.19,5.26,24.76,37.86
2022-04-23,Nagapattinam,10.7672,79.8449,Delta,29.0,30.93,27.41,75.16,2.78,2.59,19.37,37.86
2022-04-24,Nagapattinam,10.7672,79.8449,Delta,29.72,32.23,27.95,72.94,2.48,0.4,21.53,37.86
2022-04-25,Nagapattinam,10.7672,79.8449,Delta,29.32,31.21,27.86,76.17,3.01,0.08,25.37,37.86
2022-04-26,Nagapattinam,10.7672,79.8449,Delta,29.73,32.18,27.71,76.42,3.04,0.12,25.52,37.86
2022-04-27,Nagapattinam,10.7672,79.8449,Delta,30.08,32.5,28.15,75.12,3.01,0.2,26.43,37.86
2022-04-28,Nagapattinam,10.7672,79.8449,Delta,29.94,31.69,28.39,77.15,3.19,0.48,25.29,37.85
2022-04-29,Nagapattinam,10.7672,79.8449,Delta,30.45,32.99,28.22,76.57,3.41,0.83,24.59,37.84
2022-04-30,Nagapattinam,10.7672,79.8449,Delta,30.85,33.54,28.73,74.55,3.71,0.54,24.41,37.82
2022-05-01,Nagapattinam,10.7672,79.8449,Delta,30.5,32.67,29.06,79.43,3.95,0.87,21.35,37.81
2022-05-02,Nagapattinam,10.7672,79.8449,Delta,30.95,33.82,29.03,75.45,2.92,1.1,24.1,37.79
2022-05-03,Nagapattinam,10.7672,79.8449,Delta,30.64,32.42,29.28,79.77,3.01,1.44,21.84,37.78
2022-05-04,Nagapattinam,10.7672,79.8449,Delta,30.37,31.99,28.88,79.74,2.97,1.18,20.39,37.76
2022-05-05,Nagapattinam,10.7672,79.8449,Delta,29.99,31.61,28.66,78.22,2.78,0.85,22.22,37.74
2022-05-06,Nagapattinam,10.7672,79.8449,Delta,30.73,33.24,28.83,61.36,3.32,2.4,21.72,37.73
2022-05-07,Nagapattinam,10.7672,79.8449,Delta,30.27,32.93,28.15,74.2,2.45,9.06,20.73,37.71
2022-05-08,Nagapattinam,10.7672,79.8449,Delta,30.62,33.03,28.58,74.4,2.35,8.45,15.23,37.7
2022-05-09,Nagapattinam,10.7672,79.8449,Delta,31.13,34.04,28.86,74.27,3.19,16.43,15.38,37.68
2022-05-10,Nagapattinam,10.7672,79.8449,Delta,30.38,33.4,28.74,71.6,5.59,9.49,10.79,37.66
2022-05-11,Nagapattinam,10.7672,79.8449,Delta,31.19,34.8,28.39,68.24,5.54,3.2,11.17,37.64
2022-05-12,Nagapattinam,10.7672,79.8449,Delta,30.84,34.46,28.03,68.52,5.17,2.56,17.87,37.62
2022-05-13,Nagapattinam,10.7672,79.8449,Delta,30.61,33.67,27.87,71.51,4.76,1.23,16.34,37.6
2022-05-14,Nagapattinam,10.7672,79.8449,Delta,30.71,33.63,28.01,70.61,5.26,5.03,21.72,37.58
2022-05-15,Nagapattinam,10.7672,79.8449,Delta,29.7,31.78,27.56,78.43,4.52,11.7,20.99,37.56
2022-05-16,Nagapattinam,10.7672,79.8449,Delta,29.4,31.09,27.52,80.34,4.31,8.07,19.31,37.54
2022-05-17,Nagapattinam,10.7672,79.8449,Delta,29.67,31.67,27.65,79.19,4.85,2.0,20.42,37.52
2022-05-18,Nagapattinam,10.7672,79.8449,Delta,29.66,31.57,28.1,78.76,6.0,1.25,16.63,37.49
2022-05-19,Nagapattinam,10.7672,79.8449,Delta,29.8,32.12,27.89,75.02,6.99,0.56,20.09,37.46
2022-05-20,Nagapattinam,10.7672,79.8449,Delta,30.0,33.13,27.21,70.67,4.98,0.52,21.73,37.44
2022-05-21,Nagapattinam,10.7672,79.8449,Delta,29.74,32.21,27.59,74.4,5.74,0.51,22.23,37.42
2022-05-22,Nagapattinam,10.7672,79.8449,Delta,30.48,33.92,27.19,68.9,5.23,0.3,22.35,37.4
2022-05-23,Nagapattinam,10.7672,79.8449,Delta,30.34,33.59,27.76,72.84,5.02,0.54,23.23,37.39
2022-05-24,Nagapattinam,10.7672,79.8449,Delta,30.16,32.78,28.35,77.74,4.64,2.3,23.14,37.37
2022-05-25,Nagapattinam,10.7672,79.8449,Delta,29.77,31.82,28.31,80.41,3.8,2.81,22.58,37.35
2022-05-26,Nagapattinam,10.7672,79.8449,Delta,29.49,31.31,27.92,81.84,4.88,2.59,23.79,37.32
2022-05-27,Nagapattinam,10.7672,79.8449,Delta,29.78,33.1,27.03,72.74,4.27,2.15,24.3,37.3
2022-05-28,Nagapattinam,10.7672,79.8449,Delta,29.91,32.49,27.78,74.55,4.96,1.4,24.02,37.27
2022-05-29,Nagapattinam,10.7672,79.8449,Delta,29.94,32.62,27.78,72.87,5.12,1.9,24.09,37.25
2022-05-30,Nagapattinam,10.7672,79.8449,Delta,29.61,32.05,27.53,76.35,4.96,2.09,24.4,37.23
2022-05-31,Nagapattinam,10.7672,79.8449,Delta,30.13,33.05,27.52,71.57,4.75,0.54,19.76,37.21
2022-06-01,Nagapattinam,10.7672,79.8449,Delta,30.08,32.43,27.72,71.98,4.78,0.21,24.56,37.19
2022-06-02,Nagapattinam,10.7672,79.8449,Delta,30.14,33.16,27.58,73.0,4.47,0.3,23.38,37.18
2022-06-03,Nagapattinam,10.7672,79.8449,Delta,29.72,31.96,28.02,75.51,3.85,0.25,22.74,37.16
2022-06-04,Nagapattinam,10.7672,79.8449,Delta,29.7,32.59,28.05,73.8,2.82,0.4,22.63,37.15
2022-06-05,Nagapattinam,10.7672,79.8449,Delta,29.08,30.73,28.04,79.63,4.07,4.01,20.85,37.13
2022-06-06,Nagapattinam,10.7672,79.8449,Delta,28.27,29.41,27.37,83.56,3.22,8.62,18.33,37.11
2022-06-07,Nagapattinam,10.7672,79.8449,Delta,28.85,30.98,27.28,77.97,4.04,6.31,13.01,37.1
2022-06-08,Nagapattinam,10.7672,79.8449,Delta,28.79,30.82,27.18,79.75,5.32,2.38,22.92,37.08
2022-06-09,Nagapattinam,10.7672,79.8449,Delta,29.23,32.04,27.43,79.37,4.24,2.08,23.83,37.07
2022-06-10,Nagapattinam,10.7672,79.8449,Delta,29.04,31.22,27.53,79.19,4.67,1.25,19.98,37.06
2022-06-11,Nagapattinam,10.7672,79.8449,Delta,29.14,31.7,27.0,75.75,5.33,0.85,19.7,37.06
2022-06-12,Nagapattinam,10.7672,79.8449,Delta,29.03,31.42,26.98,72.62,4.3,1.66,22.94,37.04
2022-06-13,Nagapattinam,10.7672,79.8449,Delta,28.92,31.46,26.4,72.34,3.23,0.46,21.22,37.03
2022-06-14,Nagapattinam,10.7672,79.8449,Delta,29.5,31.84,27.54,76.82,3.23,3.27,22.6,37.01
2022-06-15,Nagapattinam,10.7672,79.8449,Delta,28.93,30.93,26.56,77.53,3.34,4.64,21.13,37.0
2022-06-16,Nagapattinam,10.7672,79.8449,Delta,28.38,29.91,26.85,80.03,2.7,9.73,22.69,36.99
2022-06-17,Nagapattinam,10.7672,79.8449,Delta,28.03,29.65,26.59,80.55,2.95,7.33,11.65,36.98
2022-06-18,Nagapattinam,10.7672,79.8449,Delta,28.31,30.11,26.82,80.04,3.93,4.88,18.85,36.97
2022-06-19,Nagapattinam,10.7672,79.8449,Delta,28.75,30.55,27.25,80.13,3.71,4.91,18.42,36.97
2022-06-20,Nagapattinam,10.7672,79.8449,Delta,29.18,31.54,27.12,76.04,3.37,2.06,21.53,36.96
2022-06-21,Nagapattinam,10.7672,79.8449,Delta,29.42,32.07,27.2,74.93,3.48,1.01,19.56,36.95
2022-06-22,Nagapattinam,10.7672,79.8449,Delta,28.49,30.4,26.61,78.33,3.06,6.31,18.62,36.94
2022-06-23,Nagapattinam,10.7672,79.8449,Delta,29.08,31.36,27.08,76.01,3.66,2.85,18.03,36.94
2022-06-24,Nagapattinam,10.7672,79.8449,Delta,29.63,32.0,27.23,71.54,4.93,1.31,22.6,36.94
2022-06-25,Nagapattinam,10.7672,79.8449,Delta,29.46,32.34,26.85,71.14,5.38,0.79,15.12,36.93
2022-06-26,Nagapattinam,10.7672,79.8449,Delta,29.69,32.56,27.09,67.81,4.81,0.79,20.25,36.93
2022-06-27,Nagapattinam,10.7672,79.8449,Delta,29.78,32.76,26.8,71.41,4.07,1.13,19.61,36.93
2022-06-28,Nagapattinam,10.7672,79.8449,Delta,29.83,32.43,27.25,71.35,3.49,0.96,21.14,36.93
2022-06-29,Nagapattinam,10.7672,79.8449,Delta,30.29,33.05,27.39,69.92,3.68,0.77,21.68,36.93
2022-06-30,Nagapattinam,10.7672,79.8449,Delta,29.94,32.8,27.72,72.44,4.63,0.49,20.44,36.93
2022-07-01,Nagapattinam,10.7672,79.8449,Delta,29.9,32.92,26.99,73.37,4.06,1.05,22.23,36.94
2022-07-02,Nagapattinam,10.7672,79.8449,Delta,29.37,31.45,27.45,73.74,4.28,2.68,21.3,36.94
2022-07-03,Nagapattinam,10.7672,79.8449,Delta,28.7,30.42,27.16,78.02,4.73,1.92,17.41,36.95
2022-07-04,Nagapattinam,10.7672,79.8449,Delta,29.55,33.23,26.28,69.83,4.97,1.25,21.85,36.95
2022-07-05,Nagapattinam,10.7672,79.8449,Delta,29.58,32.57,27.18,68.83,5.83,0.2,13.18,36.96
2022-07-06,Nagapattinam,10.7672,79.8449,Delta,29.56,32.4,26.68,68.49,4.59,0.48,11.65,36.97
2022-07-07,Nagapattinam,10.7672,79.8449,Delta,29.4,32.05,26.92,69.4,5.37,1.85,15.25,36.98
2022-07-08,Nagapattinam,10.7672,79.8449,Delta,29.35,32.28,26.68,69.43,3.8,1.36,18.81,36.98
2022-07-09,Nagapattinam,10.7672,79.8449,Delta,29.3,32.24,26.72,70.72,5.81,5.11,13.93,36.99
2022-07-10,Nagapattinam,10.7672,79.8449,Delta,29.75,33.28,26.78,67.31,6.27,1.91,15.56,36.99
2022-07-11,Nagapattinam,10.7672,79.8449,Delta,29.56,33.28,26.81,69.04,6.6,2.9,11.0,37.0
2022-07-12,Nagapattinam,10.7672,79.8449,Delta,29.63,33.19,26.31,67.1,6.89,0.43,18.51,37.01
2022-07-13,Nagapattinam,10.7672,79.8449,Delta,29.91,33.36,26.89,66.43,7.42,1.03,19.28,37.02
2022-07-14,Nagapattinam,10.7672,79.8449,Delta,29.91,33.35,26.9,65.36,7.47,0.62,18.76,37.03
2022-07-15,Nagapattinam,10.7672,79.8449,Delta,29.91,32.75,27.14,68.09,6.04,0.09,19.69,37.05
2022-07-16,Nagapattinam,10.7672,79.8449,Delta,29.01,31.37,27.15,74.92,5.1,8.19,19.87,37.06
2022-07-17,Nagapattinam,10.7672,79.8449,Delta,29.51,32.03,27.27,74.41,4.65,1.92,19.69,37.07
2022-07-18,Nagapattinam,10.7672,79.8449,Delta,29.15,31.22,27.15,71.0,3.2,2.87,17.19,37.09
2022-07-19,Nagapattinam,10.7672,79.8449,Delta,29.5,32.21,26.74,71.77,3.3,0.25,24.09,37.1
2022-07-20,Nagapattinam,10.7672,79.8449,Delta,29.48,30.7,28.2,77.47,3.05,1.14,18.97,37.11
2022-07-21,Nagapattinam,10.7672,79.8449,Delta,29.62,32.03,27.7,77.66,3.3,5.56,22.85,37.12
2022-07-22,Nagapattinam,10.7672,79.8449,Delta,29.21,31.5,27.32,76.94,3.69,3.92,21.35,37.13
2022-07-23,Nagapattinam,10.7672,79.8449,Delta,29.05,31.78,26.7,75.98,3.94,5.89,22.08,37.15
2022-07-24,Nagapattinam,10.7672,79.8449,Delta,29.05,31.6,26.44,72.5,3.19,6.35,19.95,37.16
2022-07-25,Nagapattinam,10.7672,79.8449,Delta,29.03,30.67,27.25,75.26,2.81,3.57,21.28,37.17
2022-07-26,Nagapattinam,10.7672,79.8449,Delta,27.62,28.52,26.86,84.55,2.15,15.55,16.99,37.18
2022-07-27,Nagapattinam,10.7672,79.8449,Delta,28.38,30.21,26.72,78.89,2.46,2.04,22.34,37.2
2022-07-28,Nagapattinam,10.7672,79.8449,Delta,28.75,30.52,27.41,77.15,1.41,1.91,19.57,37.21
2022-07-29,Nagapattinam,10.7672,79.8449,Delta,28.87,30.53,27.47,74.28,1.85,1.79,13.65,37.22
2022-07-30,Nagapattinam,10.7672,79.8449,Delta,29.22,31.56,27.26,74.81,3.41,4.02,21.84,37.23
2022-07-31,Nagapattinam,10.7672,79.8449,Delta,29.01,30.97,27.48,79.3,3.74,14.11,17.61,37.24
2022-08-01,Nagapattinam,10.7672,79.8449,Delta,29.06,32.15,26.63,78.19,4.3,11.06,19.77,37.26
2022-08-02,Nagapattinam,10.7672,79.8449,Delta,28.21,29.66,27.08,81.71,3.54,4.69,13.57,37.27
2022-08-03,Nagapattinam,10.7672,79.8449,Delta,27.61,29.15,26.61,81.4,3.28,7.24,11.13,37.29
2022-08-04,Nagapattinam,10.7672,79.8449,Delta,27.41,29.14,26.4,84.93,5.16,12.64,10.62,37.3
2022-08-05,Nagapattinam,10.7672,79.8449,Delta,28.93,31.99,26.34,75.59,6.6,0.34,15.97,37.32
2022-08-06,Nagapattinam,10.7672,79.8449,Delta,28.47,30.52,26.51,77.26,5.92,2.26,18.45,37.33
2022-08-07,Nagapattinam,10.7672,79.8449,Delta,29.03,31.84,26.45,75.12,6.33,1.74,20.32,37.34
2022-08-08,Nagapattinam,10.7672,79.8449,Delta,29.01,31.99,26.51,74.56,6.62,0.64,17.9,37.35
2022-08-09,Nagapattinam,10.7672,79.8449,Delta,29.21,32.28,26.44,73.24,6.55,0.06,15.9,37.36
2022-08-10,Nagapattinam,10.7672,79.8449,Delta,29.25,32.45,26.42,70.6,5.81,0.01,20.97,37.36
2022-08-11,Nagapattinam,10.7672,79.8449,Delta,29.76,33.1,26.53,69.49,4.68,0.1,23.17,37.37
2022-08-12,Nagapattinam,10.7672,79.8449,Delta,29.54,32.49,27.0,71.1,4.1,0.14,22.62,37.38
2022-08-13,Nagapattinam,10.7672,79.8449,Delta,29.34,32.14,26.57,71.78,3.34,0.3,23.3,37.38
2022-08-14,Nagapattinam,10.7672,79.8449,Delta,29.15,32.19,26.74,69.08,3.83,0.11,21.74,37.39
2022-08-15,Nagapattinam,10.7672,79.8449,Delta,28.99,31.35,26.89,75.54,3.19,0.36,23.02,37.39
2022-08-16,Nagapattinam,10.7672,79.8449,Delta,28.86,30.54,27.54,79.38,3.59,1.08,22.65,37.39
2022-08-17,Nagapattinam,10.7672,79.8449,Delta,28.79,30.39,27.3,80.89,4.13,6.95,23.16,37.39
2022-08-18,Nagapattinam,10.7672,79.8449,Delta,28.34,30.05,27.24,79.45,3.55,2.41,21.21,37.39
2022-08-19,Nagapattinam,10.7672,79.8449,Delta,28.2,29.89,27.1,79.57,3.36,4.36,19.34,37.39
2022-08-20,Nagapattinam,10.7672,79.8449,Delta,29.02,31.28,27.04,77.45,3.14,1.96,15.85,37.39
2022-08-21,Nagapattinam,10.7672,79.8449,Delta,29.17,31.92,27.14,74.89,3.89,2.46,23.03,37.39
2022-08-22,Nagapattinam,10.7672,79.8449,Delta,28.78,31.41,26.44,80.0,4.4,17.31,22.94,37.38
2022-08-23,Nagapattinam,10.7672,79.8449,Delta,28.62,31.54,26.15,78.49,4.36,4.2,22.08,37.37
2022-08-24,Nagapattinam,10.7672,79.8449,Delta,27.42,29.24,25.87,81.42,3.8,4.38,15.69,37.36
2022-08-25,Nagapattinam,10.7672,79.8449,Delta,27.46,28.87,26.12,83.32,2.56,3.87,17.28,37.36
2022-08-26,Nagapattinam,10.7672,79.8449,Delta,27.35,29.13,25.68,73.81,1.79,3.8,19.96,37.35
2022-08-27,Nagapattinam,10.7672,79.8449,Delta,27.96,30.14,26.47,78.32,3.41,8.26,18.61,37.34
2022-08-28,Nagapattinam,10.7672,79.8449,Delta,27.64,29.47,25.57,80.11,2.33,4.58,21.24,37.33
2022-08-29,Nagapattinam,10.7672,79.8449,Delta,28.37,30.14,26.92,80.03,2.08,2.2,22.55,37.32
2022-08-30,Nagapattinam,10.7672,79.8449,Delta,28.22,29.6,27.03,81.36,1.95,3.1,21.16,37.3
2022-08-31,Nagapattinam,10.7672,79.8449,Delta,27.74,28.91,26.52,80.08,1.46,8.49,10.16,37.29
2022-09-01,Nagapattinam,10.7672,79.8449,Delta,26.82,27.86,26.22,80.8,0.98,12.22,8.27,37.28
2022-09-02,Nagapattinam,10.7672,79.8449,Delta,28.17,30.0,26.35,79.5,3.59,2.94,19.89,37.27
2022-09-03,Nagapattinam,10.7672,79.8449,Delta,28.61,30.63,26.74,80.81,3.84,3.12,22.18,37.26
2022-09-04,Nagapattinam,10.7672,79.8449,Delta,28.58,30.43,27.16,83.9,3.86,6.47,22.89,37.24
2022-09-05,Nagapattinam,10.7672,79.8449,Delta,28.33,30.03,27.01,84.71,2.87,4.6,22.83,37.22
2022-09-06,Nagapattinam,10.7672,79.8449,Delta,28.31,30.07,26.95,79.77,3.02,9.04,20.65,37.2
2022-09-07,Nagapattinam,10.7672,79.8449,Delta,27.8,29.15,26.47,81.86,3.64,7.25,14.3,37.17
2022-09-08,Nagapattinam,10.7672,79.8449,Delta,28.19,30.21,26.34,80.32,4.47,2.64,17.44,37.15
2022-09-09,Nagapattinam,10.7672,79.8449,Delta,28.54,30.68,26.35,80.3,5.27,1.25,21.68,37.12
2022-09-10,Nagapattinam,10.7672,79.8449,Delta,28.66,31.22,26.32,79.3,5.68,1.19,18.7,37.09
2022-09-11,Nagapattinam,10.7672,79.8449,Delta,28.92,31.53,26.72,79.63,5.39,1.34,20.68,37.05
2022-09-12,Nagapattinam,10.7672,79.8449,Delta,28.89,31.94,26.29,78.13,4.99,0.53,23.58,37.02
2022-09-13,Nagapattinam,10.7672,79.8449,Delta,28.79,31.73,26.31,77.5,4.63,0.3,22.97,36.98
2022-09-14,Nagapattinam,10.7672,79.8449,Delta,28.93,31.32,27.03,79.13,4.29,0.39,22.38,36.95
2022-09-15,Nagapattinam,10.7672,79.8449,Delta,28.92,31.31,27.04,78.17,3.54,0.34,23.68,36.91
2022-09-16,Nagapattinam,10.7672,79.8449,Delta,29.09,31.36,27.09,77.97,3.22,0.19,23.93,36.86
2022-09-17,Nagapattinam,10.7672,79.8449,Delta,29.26,31.81,27.18,79.42,3.94,0.48,20.94,36.82
2022-09-18,Nagapattinam,10.7672,79.8449,Delta,29.07,31.21,27.44,77.72,3.4,1.14,20.46,36.77
2022-09-19,Nagapattinam,10.7672,79.8449,Delta,28.82,30.93,27.11,77.64,3.49,1.17,17.37,36.73
2022-09-20,Nagapattinam,10.7672,79.8449,Delta,28.96,31.2,26.94,71.17,3.38,0.49,23.08,36.68
2022-09-21,Nagapattinam,10.7672,79.8449,Delta,29.41,32.73,26.32,71.87,3.44,0.13,24.69,36.64
2022-09-22,Nagapattinam,10.7672,79.8449,Delta,29.67,32.98,26.81,72.73,3.75,0.27,24.69,36.58
2022-09-23,Nagapattinam,10.7672,79.8449,Delta,29.31,31.2,26.9,70.82,3.07,0.5,24.44,36.53
2022-09-24,Nagapattinam,10.7672,79.8449,Delta,28.94,31.15,26.87,72.35,2.98,0.66,23.84,36.48
2022-09-25,Nagapattinam,10.7672,79.8449,Delta,29.09,31.42,26.94,74.63,2.63,3.27,23.54,36.42
2022-09-26,Nagapattinam,10.7672,79.8449,Delta,28.9,30.26,27.55,77.44,2.24,12.03,14.07,36.36
2022-09-27,Nagapattinam,10.7672,79.8449,Delta,28.54,30.24,27.11,79.13,2.97,2.11,20.32,36.31
2022-09-28,Nagapattinam,10.7672,79.8449,Delta,29.08,31.2,27.07,76.69,2.65,5.6,17.12,36.26
2022-09-29,Nagapattinam,10.7672,79.8449,Delta,28.36,30.07,26.61,79.09,3.06,2.95,18.5,36.2
2022-09-30,Nagapattinam,10.7672,79.8449,Delta,28.31,30.27,26.71,79.7,3.74,12.29,14.3,36.14
2022-10-01,Nagapattinam,10.7672,79.8449,Delta,28.11,30.78,26.16,74.13,5.06,0.31,14.36,36.08
2022-10-02,Nagapattinam,10.7672,79.8449,Delta,28.63,31.95,25.45,72.73,3.39,1.42,18.71,36.01
2022-10-03,Nagapattinam,10.7672,79.8449,Delta,28.67,30.76,26.27,76.68,3.39,0.9,15.87,35.93
2022-10-04,Nagapattinam,10.7672,79.8449,Delta,28.6,30.92,26.35,77.96,2.46,2.34,13.57,35.87
2022-10-05,Nagapattinam,10.7672,79.8449,Delta,28.12,29.82,26.81,81.23,2.82,39.53,9.57,35.79
2022-10-06,Nagapattinam,10.7672,79.8449,Delta,28.28,31.12,25.81,74.59,3.73,7.75,11.23,35.72
2022-10-07,Nagapattinam,10.7672,79.8449,Delta,28.34,30.64,26.17,74.52,2.68,2.84,14.71,35.66
2022-10-08,Nagapattinam,10.7672,79.8449,Delta,28.14,29.98,26.7,78.48,1.88,6.24,16.53,35.58
2022-10-09,Nagapattinam,10.7672,79.8449,Delta,27.55,28.94,26.58,82.15,2.13,10.8,6.91,35.51
2022-10-10,Nagapattinam,10.7672,79.8449,Delta,27.64,29.25,26.28,82.31,2.49,8.69,16.65,35.43
2022-10-11,Nagapattinam,10.7672,79.8449,Delta,28.15,29.43,26.94,82.31,3.04,3.34,18.36,35.35
2022-10-12,Nagapattinam,10.7672,79.8449,Delta,28.31,29.57,27.23,80.96,2.22,5.31,18.83,35.28
2022-10-13,Nagapattinam,10.7672,79.8449,Delta,28.25,29.82,27.1,80.39,1.89,2.36,18.61,35.2
2022-10-14,Nagapattinam,10.7672,79.8449,Delta,28.22,30.15,26.8,79.68,1.7,4.26,18.08,35.12
2022-10-15,Nagapattinam,10.7672,79.8449,Delta,27.83,29.32,26.27,81.68,1.61,7.87,20.5,35.03
2022-10-16,Nagapattinam,10.7672,79.8449,Delta,28.02,29.14,26.86,82.56,2.73,5.94,13.34,34.95
2022-10-17,Nagapattinam,10.7672,79.8449,Delta,28.39,29.75,27.15,80.85,2.77,4.02,9.43,34.86
2022-10-18,Nagapattinam,10.7672,79.8449,Delta,28.3,30.01,26.82,79.85,2.06,9.66,19.33,34.78
2022-10-19,Nagapattinam,10.7672,79.8449,Delta,27.66,28.9,26.5,82.62,1.96,6.2,19.0,34.69
2022-10-20,Nagapattinam,10.7672,79.8449,Delta,27.96,29.24,26.8,80.43,1.86,11.86,15.07,34.6
2022-10-21,Nagapattinam,10.7672,79.8449,Delta,27.32,28.06,26.19,81.3,1.25,9.84,10.09,34.52
2022-10-22,Nagapattinam,10.7672,79.8449,Delta,27.7,29.11,26.53,84.52,3.0,3.85,17.89,34.43
2022-10-23,Nagapattinam,10.7672,79.8449,Delta,27.83,28.85,26.59,81.11,2.51,6.92,14.38,34.34
2022-10-24,Nagapattinam,10.7672,79.8449,Delta,27.17,28.1,26.58,81.13,2.36,3.17,12.26,34.25
2022-10-25,Nagapattinam,10.7672,79.8449,Delta,27.58,29.89,25.43,71.83,2.21,0.33,19.19,34.16
2022-10-26,Nagapattinam,10.7672,79.8449,Delta,28.28,30.08,26.94,64.48,2.61,0.01,19.01,34.07
2022-10-27,Nagapattinam,10.7672,79.8449,Delta,27.81,29.75,26.03,72.27,3.86,0.09,22.01,33.98
2022-10-28,Nagapattinam,10.7672,79.8449,Delta,27.67,29.6,26.29,79.84,3.21,1.35,20.19,33.89
2022-10-29,Nagapattinam,10.7672,79.8449,Delta,27.79,29.16,26.56,82.3,4.65,7.41,13.96,33.8
2022-10-30,Nagapattinam,10.7672,79.8449,Delta,28.09,29.48,27.09,81.42,5.09,4.96,14.82,33.71
2022-10-31,Nagapattinam,10.7672,79.8449,Delta,27.0,27.66,26.46,88.5,4.48,11.46,11.68,33.62
2022-11-01,Nagapattinam,10.7672,79.8449,Delta,26.52,27.07,26.04,84.6,4.08,31.23,5.97,33.53
2022-11-02,Nagapattinam,10.7672,79.8449,Delta,26.66,27.92,25.6,82.62,2.76,15.11,14.46,33.44
2022-11-03,Nagapattinam,10.7672,79.8449,Delta,26.89,28.5,25.62,81.28,2.97,6.94,11.48,33.35
2022-11-04,Nagapattinam,10.7672,79.8449,Delta,27.02,28.35,25.89,80.27,3.46,11.87,12.27,33.26
2022-11-05,Nagapattinam,10.7672,79.8449,Delta,26.92,28.12,25.98,86.2,3.57,11.3,17.78,33.17
2022-11-06,Nagapattinam,10.7672,79.8449,Delta,26.69,27.63,26.11,87.67,4.08,6.73,10.65,33.08
2022-11-07,Nagapattinam,10.7672,79.8449,Delta,26.69,27.72,25.82,86.47,3.67,5.79,19.05,32.98
2022-11-08,Nagapattinam,10.7672,79.8449,Delta,26.98,28.18,26.04,86.29,4.62,10.59,12.23,32.89
2022-11-09,Nagapattinam,10.7672,79.8449,Delta,27.26,28.65,26.37,83.53,4.54,1.17,11.91,32.8
2022-11-10,Nagapattinam,10.7672,79.8449,Delta,27.2,28.91,26.14,83.98,5.67,9.99,17.19,32.71
2022-11-11,Nagapattinam,10.7672,79.8449,Delta,26.9,27.43,26.41,90.09,6.64,74.71,4.14,32.62
2022-11-12,Nagapattinam,10.7672,79.8449,Delta,27.05,27.39,26.57,87.78,6.04,15.82,11.28,32.54
2022-11-13,Nagapattinam,10.7672,79.8449,Delta,26.55,27.65,25.78,84.58,3.78,8.89,9.69,32.45
2022-11-14,Nagapattinam,10.7672,79.8449,Delta,26.89,28.27,25.58,86.32,3.68,8.63,12.45,32.36
2022-11-15,Nagapattinam,10.7672,79.8449,Delta,27.05,28.31,26.17,83.28,3.96,2.3,16.08,32.28
2022-11-16,Nagapattinam,10.7672,79.8449,Delta,26.69,28.13,25.76,79.46,4.51,0.87,15.78,32.2
2022-11-17,Nagapattinam,10.7672,79.8449,Delta,26.31,27.99,24.92,74.91,5.32,0.0,16.98,32.12
2022-11-18,Nagapattinam,10.7672,79.8449,Delta,26.29,28.32,24.67,76.64,5.6,0.04,16.76,32.04
2022-11-19,Nagapattinam,10.7672,79.8449,Delta,26.06,26.97,25.06,81.17,5.68,0.54,13.64,31.96
2022-11-20,Nagapattinam,10.7672,79.8449,Delta,25.11,26.35,24.17,80.28,5.45,0.27,16.69,31.88
2022-11-21,Nagapattinam,10.7672,79.8449,Delta,24.63,26.26,22.94,85.07,5.05,1.91,16.85,31.81
2022-11-22,Nagapattinam,10.7672,79.8449,Delta,26.21,28.46,23.91,85.72,3.27,0.81,15.7,31.73
2022-11-23,Nagapattinam,10.7672,79.8449,Delta,26.91,29.04,24.82,85.16,2.77,1.7,17.69,31.66
2022-11-24,Nagapattinam,10.7672,79.8449,Delta,27.05,28.68,25.78,83.09,2.66,0.44,16.93,31.6
2022-11-25,Nagapattinam,10.7672,79.8449,Delta,26.58,28.02,25.45,83.56,2.58,0.53,16.08,31.53
2022-11-26,Nagapattinam,10.7672,79.8449,Delta,26.61,28.0,25.49,84.2,2.63,0.85,14.79,31.47
2022-11-27,Nagapattinam,10.7672,79.8449,Delta,26.83,28.3,25.91,81.97,2.37,0.32,13.75,31.4
2022-11-28,Nagapattinam,10.7672,79.8449,Delta,26.8,28.45,25.73,81.86,2.69,1.46,11.23,31.34
2022-11-29,Nagapattinam,10.7672,79.8449,Delta,26.41,28.0,25.16,77.41,4.0,0.03,11.24,31.28
2022-11-30,Nagapattinam,10.7672,79.8449,Delta,26.02,27.62,24.12,81.83,3.47,1.12,17.56,31.22
2022-12-01,Nagapattinam,10.7672,79.8449,Delta,26.98,28.32,25.93,83.71,3.48,2.48,13.07,31.17
2022-12-02,Nagapattinam,10.7672,79.8449,Delta,27.12,28.54,26.22,82.62,3.59,3.19,16.58,31.11
2022-12-03,Nagapattinam,10.7672,79.8449,Delta,26.76,27.79,26.02,87.05,3.42,12.18,13.18,31.06
2022-12-04,Nagapattinam,10.7672,79.8449,Delta,26.7,27.88,25.6,87.7,3.78,23.41,12.15,31.01
2022-12-05,Nagapattinam,10.7672,79.8449,Delta,27.08,28.52,26.2,81.87,4.65,2.13,14.77,30.96
2022-12-06,Nagapattinam,10.7672,79.8449,Delta,26.67,28.13,25.61,79.73,5.03,0.59,11.92,30.91
2022-12-07,Nagapattinam,10.7672,79.8449,Delta,25.66,27.16,24.58,82.08,6.27,1.65,10.03,30.87
2022-12-08,Nagapattinam,10.7672,79.8449,Delta,22.97,24.32,22.08,84.92,8.63,19.31,4.93,30.84
2022-12-09,Nagapattinam,10.7672,79.8449,Delta,23.78,25.22,22.11,88.63,9.58,23.12,7.3,30.81
2022-12-10,Nagapattinam,10.7672,79.8449,Delta,25.65,27.77,23.43,83.1,5.52,1.85,9.81,30.77
2022-12-11,Nagapattinam,10.7672,79.8449,Delta,26.43,27.61,25.36,86.86,4.0,7.01,13.63,30.74
2022-12-12,Nagapattinam,10.7672,79.8449,Delta,26.64,27.65,25.98,87.74,3.72,15.52,11.78,30.72
2022-12-13,Nagapattinam,10.7672,79.8449,Delta,26.41,27.64,25.4,86.55,3.58,8.69,13.43,30.7
2022-12-14,Nagapattinam,10.7672,79.8449,Delta,25.93,27.46,24.74,87.77,3.22,2.21,17.46,30.68
2022-12-15,Nagapattinam,10.7672,79.8449,Delta,25.89,27.32,24.76,82.85,3.93,0.03,19.91,30.66
2022-12-16,Nagapattinam,10.7672,79.8449,Delta,26.17,27.88,24.64,82.57,4.13,0.17,19.82,30.64
2022-12-17,Nagapattinam,10.7672,79.8449,Delta,26.58,28.1,25.36,81.38,4.81,0.6,17.1,30.63
2022-12-18,Nagapattinam,10.7672,79.8449,Delta,26.33,27.58,25.58,78.09,5.7,0.12,14.16,30.63
2022-12-19,Nagapattinam,10.7672,79.8449,Delta,25.92,27.03,24.79,84.47,5.66,2.23,11.77,30.63
2022-12-20,Nagapattinam,10.7672,79.8449,Delta,26.05,27.35,25.11,87.14,5.95,4.01,10.35,30.62
2022-12-21,Nagapattinam,10.7672,79.8449,Delta,25.94,27.07,24.85,87.76,5.86,7.25,10.13,30.62
2022-12-22,Nagapattinam,10.7672,79.8449,Delta,25.75,26.68,24.95,88.34,5.92,4.88,12.26,30.62
2022-12-23,Nagapattinam,10.7672,79.8449,Delta,26.02,27.62,24.79,87.34,5.8,1.32,17.6,30.63
2022-12-24,Nagapattinam,10.7672,79.8449,Delta,26.3,27.6,25.25,88.44,6.13,2.46,15.43,30.64
2022-12-25,Nagapattinam,10.7672,79.8449,Delta,26.63,27.74,25.9,88.62,5.53,10.18,11.31,30.65
2022-12-26,Nagapattinam,10.7672,79.8449,Delta,26.62,27.96,25.69,87.9,4.4,3.73,16.08,30.67
2022-12-27,Nagapattinam,10.7672,79.8449,Delta,25.94,27.09,25.14,88.64,3.52,1.93,15.36,30.69
2022-12-28,Nagapattinam,10.7672,79.8449,Delta,26.29,27.89,25.24,81.55,3.51,0.04,20.09,30.71
2022-12-29,Nagapattinam,10.7672,79.8449,Delta,26.09,27.69,24.76,82.47,3.14,0.06,19.13,30.74
2022-12-30,Nagapattinam,10.7672,79.8449,Delta,25.64,27.45,24.46,82.95,3.11,0.02,20.4,30.76
2022-12-31,Nagapattinam,10.7672,79.8449,Delta,25.51,27.31,24.26,80.97,2.37,0.03,18.35,30.79
2023-01-01,Nagapattinam,10.7672,79.8449,Delta,25.33,27.13,23.79,81.84,3.37,0.0,20.12,30.83
2023-01-02,Nagapattinam,10.7672,79.8449,Delta,25.61,27.18,24.2,75.83,3.69,0.01,18.87,30.87
2023-01-03,Nagapattinam,10.7672,79.8449,Delta,25.68,27.02,24.46,76.36,4.22,0.18,18.42,30.91
2023-01-04,Nagapattinam,10.7672,79.8449,Delta,25.95,27.52,24.87,74.29,4.51,0.02,18.77,30.96
2023-01-05,Nagapattinam,10.7672,79.8449,Delta,26.14,27.57,24.8,76.32,5.15,0.45,16.14,31.01
2023-01-06,Nagapattinam,10.7672,79.8449,Delta,26.2,27.53,25.47,77.88,6.08,2.15,14.61,31.06
2023-01-07,Nagapattinam,10.7672,79.8449,Delta,26.01,27.43,25.17,77.74,5.57,0.37,16.91,31.1
2023-01-08,Nagapattinam,10.7672,79.8449,Delta,25.72,27.14,24.57,78.06,5.28,1.14,10.97,31.16
2023-01-09,Nagapattinam,10.7672,79.8449,Delta,24.99,26.55,23.85,74.36,4.89,0.0,19.62,31.21
2023-01-10,Nagapattinam,10.7672,79.8449,Delta,24.97,26.48,23.47,73.37,4.85,0.13,17.98,31.26
2023-01-11,Nagapattinam,10.7672,79.8449,Delta,25.2,27.16,23.86,72.72,4.01,0.1,20.48,31.32
2023-01-12,Nagapattinam,10.7672,79.8449,Delta,25.03,27.06,23.57,72.76,3.77,0.07,20.4,31.38
2023-01-13,Nagapattinam,10.7672,79.8449,Delta,24.53,26.74,22.98,74.5,3.25,0.01,19.3,31.44
2023-01-14,Nagapattinam,10.7672,79.8449,Delta,24.18,26.27,22.61,74.56,3.2,0.04,21.07,31.51
2023-01-15,Nagapattinam,10.7672,79.8449,Delta,24.07,26.15,22.25,77.54,3.21,0.0,21.66,31.57
2023-01-16,Nagapattinam,10.7672,79.8449,Delta,24.42,26.53,22.47,77.16,3.76,0.0,17.35,31.64
2023-01-17,Nagapattinam,10.7672,79.8449,Delta,24.55,26.51,23.03,74.47,3.35,0.07,19.32,31.71
2023-01-18,Nagapattinam,10.7672,79.8449,Delta,24.87,26.59,23.24,72.62,4.1,0.05,18.54,31.79
2023-01-19,Nagapattinam,10.7672,79.8449,Delta,25.06,26.93,23.66,68.66,4.19,0.03,18.42,31.87
2023-01-20,Nagapattinam,10.7672,79.8449,Delta,25.62,27.46,24.17,73.87,4.65,0.29,20.42,31.95
2023-01-21,Nagapattinam,10.7672,79.8449,Delta,25.76,27.76,24.27,75.4,4.93,0.38,17.1,32.04
2023-01-22,Nagapattinam,10.7672,79.8449,Delta,25.63,27.35,24.07,75.65,4.6,0.09,11.79,32.13
2023-01-23,Nagapattinam,10.7672,79.8449,Delta,26.12,27.73,24.98,81.16,4.56,4.27,8.91,32.23
2023-01-24,Nagapattinam,10.7672,79.8449,Delta,26.13,27.93,24.94,74.71,4.2,0.46,18.95,32.32
2023-01-25,Nagapattinam,10.7672,79.8449,Delta,25.52,27.27,24.32,72.81,4.04,0.25,19.47,32.41
2023-01-26,Nagapattinam,10.7672,79.8449,Delta,25.5,27.62,23.98,69.88,3.93,0.02,18.92,32.5
2023-01-27,Nagapattinam,10.7672,79.8449,Delta,25.16,27.35,23.43,76.08,4.38,0.07,19.23,32.59
2023-01-28,Nagapattinam,10.7672,79.8449,Delta,25.53,27.62,24.01,75.9,4.49,0.17,21.75,32.68
2023-01-29,Nagapattinam,10.7672,79.8449,Delta,25.9,27.52,24.34,80.7,4.81,1.28,14.94,32.77
2023-01-30,Nagapattinam,10.7672,79.8449,Delta,26.51,28.13,25.28,81.97,4.79,3.48,11.59,32.87
2023-01-31,Nagapattinam,10.7672,79.8449,Delta,25.42,26.49,25.0,87.48,5.88,6.61,12.07,32.97
2023-02-01,Nagapattinam,10.7672,79.8449,Delta,25.91,27.05,25.12,83.36,6.2,13.15,8.61,33.06
2023-02-02,Nagapattinam,10.7672,79.8449,Delta,26.25,27.45,25.43,82.67,6.06,10.71,4.35,33.16
2023-02-03,Nagapattinam,10.7672,79.8449,Delta,26.38,27.87,25.48,83.01,5.4,10.02,13.14,33.26
2023-02-04,Nagapattinam,10.7672,79.8449,Delta,26.21,27.94,25.05,80.45,4.82,1.1,13.41,33.35
2023-02-05,Nagapattinam,10.7672,79.8449,Delta,25.75,27.93,24.09,75.86,4.05,0.06,21.83,33.45
2023-02-06,Nagapattinam,10.7672,79.8449,Delta,25.66,28.01,24.05,77.27,4.16,0.02,17.62,33.55
2023-02-07,Nagapattinam,10.7672,79.8449,Delta,25.87,28.3,23.94,77.6,3.31,0.0,22.12,33.65
2023-02-08,Nagapattinam,10.7672,79.8449,Delta,25.65,28.13,23.82,79.82,3.31,1.15,22.08,33.73
2023-02-09,Nagapattinam,10.7672,79.8449,Delta,25.7,28.18,24.03,78.81,2.95,0.0,21.68,33.83
2023-02-10,Nagapattinam,10.7672,79.8449,Delta,25.69,28.27,23.86,77.16,3.1,0.0,22.77,33.94
2023-02-11,Nagapattinam,10.7672,79.8449,Delta,25.63,28.4,23.76,71.74,3.27,0.0,17.38,34.04
2023-02-12,Nagapattinam,10.7672,79.8449,Delta,25.7,28.53,23.84,69.08,2.9,0.0,23.39,34.13
2023-02-13,Nagapattinam,10.7672,79.8449,Delta,25.83,28.59,23.97,73.87,3.59,0.0,23.78,34.23
2023-02-14,Nagapattinam,10.7672,79.8449,Delta,25.67,28.33,23.81,72.75,3.1,0.0,23.64,34.32
2023-02-15,Nagapattinam,10.7672,79.8449,Delta,25.6,28.25,23.84,72.59,3.51,0.0,24.29,34.42
2023-02-16,Nagapattinam,10.7672,79.8449,Delta,25.49,28.04,23.61,75.2,3.79,0.0,23.36,34.51
2023-02-17,Nagapattinam,10.7672,79.8449,Delta,25.51,27.85,23.75,73.91,3.35,0.02,24.17,34.61
2023-02-18,Nagapattinam,10.7672,79.8449,Delta,26.33,29.05,24.18,71.52,3.25,0.0,23.61,34.71
2023-02-19,Nagapattinam,10.7672,79.8449,Delta,26.22,29.05,24.21,77.57,3.69,0.08,23.26,34.81
2023-02-20,Nagapattinam,10.7672,79.8449,Delta,25.94,28.93,23.63,73.94,3.38,0.01,24.39,34.91
2023-02-21,Nagapattinam,10.7672,79.8449,Delta,26.27,28.95,24.16,67.53,3.39,0.0,24.38,35.01
2023-02-22,Nagapattinam,10.7672,79.8449,Delta,26.31,28.99,24.59,66.25,3.47,0.01,24.19,35.1
2023-02-23,Nagapattinam,10.7672,79.8449,Delta,26.35,28.89,24.13,68.72,3.13,0.06,24.15,35.18
2023-02-24,Nagapattinam,10.7672,79.8449,Delta,26.44,29.2,24.2,67.8,2.9,0.0,23.23,35.27
2023-02-25,Nagapattinam,10.7672,79.8449,Delta,26.11,29.31,23.76,69.48,3.31,0.0,25.95,35.36
2023-02-26,Nagapattinam,10.7672,79.8449,Delta,26.29,28.82,24.14,68.97,4.24,0.0,24.94,35.46
2023-02-27,Nagapattinam,10.7672,79.8449,Delta,26.8,29.29,24.68,66.79,3.67,0.05,24.78,35.55
2023-02-28,Nagapattinam,10.7672,79.8449,Delta,27.25,29.33,25.68,76.15,5.13,0.49,17.02,35.64
2023-03-01,Nagapattinam,10.7672,79.8449,Delta,27.46,29.59,26.03,74.47,5.14,0.28,22.12,35.74
2023-03-02,Nagapattinam,10.7672,79.8449,Delta,27.07,29.56,25.29,65.93,4.15,0.0,24.66,35.83
2023-03-03,Nagapattinam,10.7672,79.8449,Delta,26.79,29.52,24.59,66.44,4.65,0.0,25.62,35.92
2023-03-04,Nagapattinam,10.7672,79.8449,Delta,27.33,29.79,25.38,73.45,4.12,0.33,24.12,36.0
2023-03-05,Nagapattinam,10.7672,79.8449,Delta,27.34,29.82,25.71,73.74,4.06,0.15,21.89,36.08
2023-03-06,Nagapattinam,10.7672,79.8449,Delta,27.45,30.08,25.43,69.47,3.96,0.0,25.07,36.15
2023-03-07,Nagapattinam,10.7672,79.8449,Delta,27.16,29.57,25.31,75.14,3.79,0.3,24.03,36.23
2023-03-08,Nagapattinam,10.7672,79.8449,Delta,27.03,29.17,25.33,73.25,4.63,0.54,22.44,36.31
2023-03-09,Nagapattinam,10.7672,79.8449,Delta,27.6,29.79,25.92,70.89,4.61,0.17,22.61,36.39
2023-03-10,Nagapattinam,10.7672,79.8449,Delta,27.45,29.51,26.0,73.97,4.1,0.06,17.61,36.46
2023-03-11,Nagapattinam,10.7672,79.8449,Delta,27.09,29.15,25.53,75.53,3.97,0.07,20.59,36.54
2023-03-12,Nagapattinam,10.7672,79.8449,Delta,27.47,29.94,25.26,78.39,4.41,0.16,22.84,36.61
2023-03-13,Nagapattinam,10.7672,79.8449,Delta,27.64,30.23,25.89,75.91,3.84,0.14,23.65,36.67
2023-03-14,Nagapattinam,10.7672,79.8449,Delta,27.54,30.18,25.64,77.15,3.5,0.14,22.64,36.74
2023-03-15,Nagapattinam,10.7672,79.8449,Delta,27.8,30.39,25.87,75.76,3.17,0.23,20.6,36.8
2023-03-16,Nagapattinam,10.7672,79.8449,Delta,28.17,30.57,26.19,76.35,3.57,0.3,22.19,36.86
2023-03-17,Nagapattinam,10.7672,79.8449,Delta,28.34,30.63,26.59,75.71,3.58,0.55,23.04,36.93
2023-03-18,Nagapattinam,10.7672,79.8449,Delta,28.5,30.6,26.87,75.43,3.78,1.39,19.63,36.99
2023-03-19,Nagapattinam,10.7672,79.8449,Delta,28.6,30.87,26.71,74.38,3.15,2.96,21.39,37.04
2023-03-20,Nagapattinam,10.7672,79.8449,Delta,26.75,27.15,26.17,85.69,4.09,13.6,21.4,37.09
2023-03-21,Nagapattinam,10.7672,79.8449,Delta,28.6,31.24,26.35,78.42,3.34,3.98,21.66,37.14
2023-03-22,Nagapattinam,10.7672,79.8449,Delta,28.87,30.95,27.11,77.64,3.28,2.83,21.98,37.19
2023-03-23,Nagapattinam,10.7672,79.8449,Delta,29.17,31.38,27.25,75.91,3.66,1.24,22.22,37.23
2023-03-24,Nagapattinam,10.7672,79.8449,Delta,28.96,31.13,27.44,75.79,3.36,1.33,19.68,37.28
2023-03-25,Nagapattinam,10.7672,79.8449,Delta,29.07,31.43,27.32,74.9,3.18,0.28,22.17,37.32
2023-03-26,Nagapattinam,10.7672,79.8449,Delta,28.99,31.25,27.21,74.58,3.01,0.17,20.81,37.38
2023-03-27,Nagapattinam,10.7672,79.8449,Delta,29.23,32.02,27.13,73.33,2.74,0.19,23.2,37.42
2023-03-28,Nagapattinam,10.7672,79.8449,Delta,29.25,31.8,27.58,73.78,3.62,0.94,23.02,37.47
2023-03-29,Nagapattinam,10.7672,79.8449,Delta,28.87,31.64,26.87,73.41,3.39,0.03,23.22,37.52
2023-03-30,Nagapattinam,10.7672,79.8449,Delta,28.7,31.49,26.54,71.41,3.11,0.0,24.51,37.55
2023-03-31,Nagapattinam,10.7672,79.8449,Delta,29.14,32.33,26.6,71.51,3.53,0.01,26.15,37.59
2023-04-01,Nagapattinam,10.7672,79.8449,Delta,29.32,31.79,27.31,74.13,3.55,0.57,24.25,37.62
2023-04-02,Nagapattinam,10.7672,79.8449,Delta,29.34,31.48,27.55,75.26,3.6,3.22,21.78,37.65
2023-04-03,Nagapattinam,10.7672,79.8449,Delta,29.17,30.55,28.17,77.37,3.48,2.7,20.49,37.68
2023-04-04,Nagapattinam,10.7672,79.8449,Delta,29.16,31.11,27.56,75.51,3.21,1.4,20.82,37.71
2023-04-05,Nagapattinam,10.7672,79.8449,Delta,29.41,31.39,27.86,74.35,3.17,0.61,24.37,37.73
2023-04-06,Nagapattinam,10.7672,79.8449,Delta,28.98,30.88,27.37,77.13,3.17,0.57,23.53,37.76
2023-04-07,Nagapattinam,10.7672,79.8449,Delta,29.39,31.86,27.42,72.17,3.37,0.07,25.84,37.79
2023-04-08,Nagapattinam,10.7672,79.8449,Delta,29.14,31.55,27.35,71.51,3.83,0.03,21.07,37.8
2023-04-09,Nagapattinam,10.7672,79.8449,Delta,29.0,31.34,27.13,72.39,3.58,0.16,23.57,37.82
2023-04-10,Nagapattinam,10.7672,79.8449,Delta,29.17,31.46,27.65,72.72,3.34,0.21,24.52,37.83
2023-04-11,Nagapattinam,10.7672,79.8449,Delta,29.17,32.01,26.98,71.38,2.88,0.66,26.06,37.84
2023-04-12,Nagapattinam,10.7672,79.8449,Delta,29.47,32.48,27.14,66.13,2.54,0.13,26.22,37.86
2023-04-13,Nagapattinam,10.7672,79.8449,Delta,29.88,33.09,27.79,63.34,2.08,0.02,26.83,37.87
2023-04-14,Nagapattinam,10.7672,79.8449,Delta,30.22,33.17,27.64,63.05,2.49,0.0,26.93,37.87
2023-04-15,Nagapattinam,10.7672,79.8449,Delta,30.21,33.51,27.58,69.46,2.82,0.08,21.07,37.88
2023-04-16,Nagapattinam,10.7672,79.8449,Delta,30.09,33.1,27.5,67.98,2.98,0.04,25.8,37.89
2023-04-17,Nagapattinam,10.7672,79.8449,Delta,30.21,32.97,27.91,67.67,3.06,0.01,26.1,37.89
2023-04-18,Nagapattinam,10.7672,79.8449,Delta,30.11,33.07,27.9,70.05,2.74,0.0,25.99,37.89
2023-04-19,Nagapattinam,10.7672,79.8449,Delta,30.36,33.41,27.54,71.66,3.38,0.03,25.27,37.89
2023-04-20,Nagapattinam,10.7672,79.8449,Delta,31.15,34.36,28.66,71.8,4.21,0.2,24.41,37.89
2023-04-21,Nagapattinam,10.7672,79.8449,Delta,31.13,34.17,28.65,71.94,4.43,0.31,23.26,37.89
2023-04-22,Nagapattinam,10.7672,79.8449,Delta,30.79,33.37,28.69,73.39,3.53,0.58,22.19,37.9
2023-04-23,Nagapattinam,10.7672,79.8449,Delta,30.84,33.34,28.98,73.75,3.76,0.89,23.58,37.9
2023-04-24,Nagapattinam,10.7672,79.8449,Delta,30.38,32.37,28.9,74.3,3.58,1.73,21.44,37.89
2023-04-25,Nagapattinam,10.7672,79.8449,Delta,30.23,32.02,28.81,73.1,3.18,2.76,16.52,37.88
2023-04-26,Nagapattinam,10.7672,79.8449,Delta,29.89,31.28,28.84,72.97,2.69,3.63,16.75,37.87
2023-04-27,Nagapattinam,10.7672,79.8449,Delta,30.03,31.91,28.38,73.21,3.01,1.55,18.27,37.86
2023-04-28,Nagapattinam,10.7672,79.8449,Delta,30.23,32.31,28.78,73.33,3.31,2.45,23.08,37.84
2023-04-29,Nagapattinam,10.7672,79.8449,Delta,29.89,31.65,28.7,76.06,3.02,7.83,16.0,37.83
2023-04-30,Nagapattinam,10.7672,79.8449,Delta,29.91,31.87,28.38,74.94,2.96,3.9,16.96,37.83
2023-05-01,Nagapattinam,10.7672,79.8449,Delta,28.98,30.32,27.77,81.07,3.45,40.92,16.54,37.82
2023-05-02,Nagapattinam,10.7672,79.8449,Delta,28.62,30.03,27.42,83.83,3.76,14.86,12.85,37.81
2023-05-03,Nagapattinam,10.7672,79.8449,Delta,28.85,30.68,27.78,78.89,3.77,4.6,14.59,37.8
2023-05-04,Nagapattinam,10.7672,79.8449,Delta,28.64,30.25,26.95,78.92,1.88,4.74,20.81,37.77
2023-05-05,Nagapattinam,10.7672,79.8449,Delta,28.43,30.18,27.05,77.92,2.2,7.87,12.51,37.76
2023-05-06,Nagapattinam,10.7672,79.8449,Delta,28.14,29.31,27.09,80.77,2.18,12.32,12.56,37.74
2023-05-07,Nagapattinam,10.7672,79.8449,Delta,28.57,30.88,27.02,78.74,3.28,11.61,12.22,37.71
2023-05-08,Nagapattinam,10.7672,79.8449,Delta,28.27,29.85,26.84,80.52,3.49,13.84,19.48,37.69
2023-05-09,Nagapattinam,10.7672,79.8449,Delta,28.99,30.92,27.03,78.82,4.07,1.5,20.98,37.68
2023-05-10,Nagapattinam,10.7672,79.8449,Delta,29.82,32.48,27.47,73.33,3.43,2.91,18.12,37.67
2023-05-11,Nagapattinam,10.7672,79.8449,Delta,29.96,31.83,28.46,80.02,4.05,3.17,19.2,37.66
2023-05-12,Nagapattinam,10.7672,79.8449,Delta,30.15,32.24,28.36,79.46,5.78,2.37,16.5,37.64
2023-05-13,Nagapattinam,10.7672,79.8449,Delta,30.62,33.83,28.02,75.21,6.48,1.0,18.42,37.61
2023-05-14,Nagapattinam,10.7672,79.8449,Delta,30.91,34.28,28.43,74.15,5.62,0.8,22.01,37.59
2023-05-15,Nagapattinam,10.7672,79.8449,Delta,30.68,33.55,28.21,78.11,4.78,3.61,21.71,37.57
2023-05-16,Nagapattinam,10.7672,79.8449,Delta,30.94,33.96,28.78,77.6,4.43,1.53,23.52,37.55
2023-05-17,Nagapattinam,10.7672,79.8449,Delta,30.55,32.64,29.06,79.15,4.28,0.32,23.41,37.53
2023-05-18,Nagapattinam,10.7672,79.8449,Delta,30.14,32.05,28.73,79.05,4.17,0.25,23.67,37.51
2023-05-19,Nagapattinam,10.7672,79.8449,Delta,30.07,32.02,28.46,80.22,4.99,0.29,22.11,37.49
2023-05-20,Nagapattinam,10.7672,79.8449,Delta,30.12,32.26,28.51,80.64,4.75,0.27,23.75,37.46
2023-05-21,Nagapattinam,10.7672,79.8449,Delta,30.17,32.49,28.54,79.65,4.5,1.07,23.15,37.43
2023-05-22,Nagapattinam,10.7672,79.8449,Delta,29.83,31.3,28.71,81.74,4.14,1.92,23.22,37.4
2023-05-23,Nagapattinam,10.7672,79.8449,Delta,29.81,31.73,28.19,80.39,4.05,0.48,24.9,37.37
2023-05-24,Nagapattinam,10.7672,79.8449,Delta,30.19,32.76,28.24,78.36,4.8,0.6,24.83,37.35
2023-05-25,Nagapattinam,10.7672,79.8449,Delta,30.54,33.23,28.29,76.94,4.9,0.75,24.08,37.33
2023-05-26,Nagapattinam,10.7672,79.8449,Delta,31.03,34.15,28.65,74.78,4.49,2.89,23.03,37.31
2023-05-27,Nagapattinam,10.7672,79.8449,Delta,30.88,33.95,28.37,74.59,3.98,1.98,23.99,37.29
2023-05-28,Nagapattinam,10.7672,79.8449,Delta,30.57,33.1,28.59,73.86,3.39,0.75,22.11,37.28
2023-05-29,Nagapattinam,10.7672,79.8449,Delta,30.49,32.17,29.18,79.57,3.39,0.73,22.53,37.26
2023-05-30,Nagapattinam,10.7672,79.8449,Delta,30.38,32.77,28.72,77.35,3.84,0.39,21.91,37.24
2023-05-31,Nagapattinam,10.7672,79.8449,Delta,30.27,32.73,28.54,76.11,4.85,0.55,23.16,37.23
2023-06-01,Nagapattinam,10.7672,79.8449,Delta,30.54,33.58,28.1,75.6,5.39,0.46,22.51,37.21
2023-06-02,Nagapattinam,10.7672,79.8449,Delta,30.55,33.04,28.33,72.78,4.93,0.7,20.57,37.19
2023-06-03,Nagapattinam,10.7672,79.8449,Delta,30.3,32.91,28.14,74.46,5.08,0.26,21.4,37.17
2023-06-04,Nagapattinam,10.7672,79.8449,Delta,30.69,33.48,28.33,74.21,5.35,0.18,22.45,37.15
2023-06-05,Nagapattinam,10.7672,79.8449,Delta,30.23,31.97,28.57,77.32,3.87,3.0,22.73,37.14
2023-06-06,Nagapattinam,10.7672,79.8449,Delta,29.69,31.68,27.79,77.31,4.23,5.0,21.91,37.12
2023-06-07,Nagapattinam,10.7672,79.8449,Delta,29.53,30.82,28.21,79.84,3.15,2.62,19.88,37.11
2023-06-08,Nagapattinam,10.7672,79.8449,Delta,29.14,30.58,28.13,80.0,4.66,0.75,22.51,37.1
2023-06-09,Nagapattinam,10.7672,79.8449,Delta,29.85,31.82,28.19,77.89,4.38,1.3,23.85,37.08
2023-06-10,Nagapattinam,10.7672,79.8449,Delta,30.81,33.8,28.39,70.61,4.81,0.47,23.95,37.07
2023-06-11,Nagapattinam,10.7672,79.8449,Delta,30.41,33.09,28.14,70.71,4.9,0.05,24.38,37.06
2023-06-12,Nagapattinam,10.7672,79.8449,Delta,30.9,33.21,28.79,74.04,4.72,0.66,24.71,37.04
2023-06-13,Nagapattinam,10.7672,79.8449,Delta,30.64,33.24,28.4,72.52,4.55,1.15,24.06,37.04
2023-06-14,Nagapattinam,10.7672,79.8449,Delta,29.04,30.43,27.4,79.36,4.44,4.87,24.75,37.03
2023-06-15,Nagapattinam,10.7672,79.8449,Delta,29.9,32.14,28.46,71.01,3.52,1.13,24.34,37.01
2023-06-16,Nagapattinam,10.7672,79.8449,Delta,31.67,34.88,29.21,71.27,4.16,2.93,24.71,37.0
2023-06-17,Nagapattinam,10.7672,79.8449,Delta,29.67,31.28,27.67,76.48,3.49,11.11,11.98,36.98
2023-06-18,Nagapattinam,10.7672,79.8449,Delta,28.98,30.71,27.91,79.46,4.41,7.19,3.68,36.97
2023-06-19,Nagapattinam,10.7672,79.8449,Delta,30.35,33.78,27.72,69.18,3.88,1.81,15.52,36.97
2023-06-20,Nagapattinam,10.7672,79.8449,Delta,30.2,32.52,28.63,75.83,3.75,5.75,11.82,36.96
2023-06-21,Nagapattinam,10.7672,79.8449,Delta,29.56,31.03,28.17,78.92,3.57,4.27,9.21,36.96
2023-06-22,Nagapattinam,10.7672,79.8449,Delta,30.05,32.4,28.43,77.09,3.78,3.01,21.78,36.96
2023-06-23,Nagapattinam,10.7672,79.8449,Delta,30.09,32.74,28.16,73.79,3.94,1.71,21.47,36.96
2023-06-24,Nagapattinam,10.7672,79.8449,Delta,29.96,33.27,27.2,70.14,4.07,1.92,21.14,36.96
2023-06-25,Nagapattinam,10.7672,79.8449,Delta,28.35,29.32,27.52,78.02,4.09,3.16,21.91,36.95
2023-06-26,Nagapattinam,10.7672,79.8449,Delta,29.8,32.9,27.11,69.9,4.39,0.35,20.79,36.95
2023-06-27,Nagapattinam,10.7672,79.8449,Delta,29.86,33.02,27.04,68.97,5.08,2.56,22.45,36.94
2023-06-28,Nagapattinam,10.7672,79.8449,Delta,29.93,32.91,26.86,70.55,5.07,0.23,23.74,36.93
2023-06-29,Nagapattinam,10.7672,79.8449,Delta,30.7,34.21,27.76,69.48,5.2,0.99,22.77,36.92
2023-06-30,Nagapattinam,10.7672,79.8449,Delta,30.38,33.84,27.57,69.95,5.27,0.8,24.39,36.93
2023-07-01,Nagapattinam,10.7672,79.8449,Delta,30.45,33.03,28.08,68.47,4.03,7.06,20.56,36.94
2023-07-02,Nagapattinam,10.7672,79.8449,Delta,29.18,31.2,27.59,76.03,3.93,48.61,11.29,36.95
2023-07-03,Nagapattinam,10.7672,79.8449,Delta,29.49,32.2,27.22,75.34,5.12,4.02,13.88,36.96
2023-07-04,Nagapattinam,10.7672,79.8449,Delta,29.91,32.41,27.55,71.68,5.67,0.84,15.05,36.97
2023-07-05,Nagapattinam,10.7672,79.8449,Delta,30.13,33.05,27.68,67.24,6.41,0.68,17.6,36.97
2023-07-06,Nagapattinam,10.7672,79.8449,Delta,30.12,32.94,27.51,70.36,6.25,0.23,16.2,36.97
2023-07-07,Nagapattinam,10.7672,79.8449,Delta,29.99,32.75,27.63,69.23,4.5,0.41,14.88,36.97
2023-07-08,Nagapattinam,10.7672,79.8449,Delta,30.19,33.06,27.74,69.04,4.15,1.21,21.65,36.97
2023-07-09,Nagapattinam,10.7672,79.8449,Delta,29.78,32.36,27.61,70.25,3.4,3.7,22.29,36.98
2023-07-10,Nagapattinam,10.7672,79.8449,Delta,28.39,29.87,27.16,82.21,2.79,17.75,15.71,36.99
2023-07-11,Nagapattinam,10.7672,79.8449,Delta,29.15,32.14,27.04,79.09,3.65,13.06,12.45,36.99
2023-07-12,Nagapattinam,10.7672,79.8449,Delta,29.13,31.48,27.55,76.82,3.98,6.62,17.3,37.0
2023-07-13,Nagapattinam,10.7672,79.8449,Delta,29.48,32.63,26.9,72.76,4.61,3.59,21.82,37.01
2023-07-14,Nagapattinam,10.7672,79.8449,Delta,29.67,33.12,26.87,73.58,4.27,1.78,24.03,37.02
2023-07-15,Nagapattinam,10.7672,79.8449,Delta,29.83,33.02,27.1,72.83,4.44,0.63,23.73,37.03
2023-07-16,Nagapattinam,10.7672,79.8449,Delta,29.51,31.54,28.02,77.08,3.81,1.21,19.5,37.04
2023-07-17,Nagapattinam,10.7672,79.8449,Delta,29.96,32.66,27.96,75.59,4.4,0.34,20.91,37.06
2023-07-18,Nagapattinam,10.7672,79.8449,Delta,30.0,32.81,27.26,72.59,5.73,0.23,17.96,37.07
2023-07-19,Nagapattinam,10.7672,79.8449,Delta,30.37,33.73,27.5,68.67,6.72,0.08,22.32,37.08
2023-07-20,Nagapattinam,10.7672,79.8449,Delta,30.52,34.03,27.58,66.65,6.72,0.09,20.84,37.09
2023-07-21,Nagapattinam,10.7672,79.8449,Delta,30.48,34.16,27.24,66.59,6.05,0.63,18.22,37.11
2023-07-22,Nagapattinam,10.7672,79.8449,Delta,30.07,33.06,27.34,67.58,6.3,2.58,18.42,37.13
2023-07-23,Nagapattinam,10.7672,79.8449,Delta,29.59,32.63,27.13,70.15,5.41,1.75,14.65,37.15
2023-07-24,Nagapattinam,10.7672,79.8449,Delta,28.59,30.72,26.92,74.39,5.67,0.98,9.79,37.16
2023-07-25,Nagapattinam,10.7672,79.8449,Delta,28.61,30.52,26.54,73.72,5.22,1.82,15.02,37.17
2023-07-26,Nagapattinam,10.7672,79.8449,Delta,29.75,32.67,27.02,70.68,5.19,0.91,14.86,37.19
2023-07-27,Nagapattinam,10.7672,79.8449,Delta,30.23,33.47,27.06,67.77,5.03,0.21,23.12,37.2
2023-07-28,Nagapattinam,10.7672,79.8449,Delta,30.44,34.04,26.86,66.36,4.74,0.19,23.01,37.22
2023-07-29,Nagapattinam,10.7672,79.8449,Delta,30.44,33.89,27.21,68.44,4.28,0.46,23.36,37.23
2023-07-30,Nagapattinam,10.7672,79.8449,Delta,30.66,34.23,27.71,67.11,4.08,0.31,23.25,37.24
2023-07-31,Nagapattinam,10.7672,79.8449,Delta,30.81,33.97,28.39,68.53,3.92,0.24,22.66,37.25
2023-08-01,Nagapattinam,10.7672,79.8449,Delta,30.77,34.13,28.07,67.57,4.79,0.12,18.7,37.26
2023-08-02,Nagapattinam,10.7672,79.8449,Delta,30.08,32.81,27.59,68.11,5.1,0.05,23.36,37.27
2023-08-03,Nagapattinam,10.7672,79.8449,Delta,30.44,33.98,27.17,69.79,5.08,0.17,25.08,37.29
2023-08-04,Nagapattinam,10.7672,79.8449,Delta,30.75,34.0,27.99,67.55,4.28,0.4,23.96,37.31
2023-08-05,Nagapattinam,10.7672,79.8449,Delta,30.65,33.6,28.48,69.04,3.66,0.33,23.61,37.32
2023-08-06,Nagapattinam,10.7672,79.8449,Delta,30.51,33.35,28.68,70.22,4.02,0.4,24.82,37.33
2023-08-07,Nagapattinam,10.7672,79.8449,Delta,30.34,32.8,28.51,73.53,3.22,0.86,23.89,37.35
2023-08-08,Nagapattinam,10.7672,79.8449,Delta,30.09,32.53,28.38,74.41,3.57,1.48,21.49,37.35
2023-08-09,Nagapattinam,10.7672,79.8449,Delta,29.64,31.94,27.78,76.54,3.0,7.07,19.59,37.36
2023-08-10,Nagapattinam,10.7672,79.8449,Delta,29.19,31.22,27.31,78.66,2.9,7.32,17.16,37.37
2023-08-11,Nagapattinam,10.7672,79.8449,Delta,29.06,31.1,27.02,77.12,2.23,6.35,20.98,37.38
2023-08-12,Nagapattinam,10.7672,79.8449,Delta,29.91,32.28,27.69,76.28,3.26,6.24,23.48,37.39
2023-08-13,Nagapattinam,10.7672,79.8449,Delta,29.64,31.65,27.64,76.54,3.36,2.55,22.26,37.4
2023-08-14,Nagapattinam,10.7672,79.8449,Delta,29.8,31.92,28.09,75.24,3.26,1.82,19.63,37.4
2023-08-15,Nagapattinam,10.7672,79.8449,Delta,29.72,32.33,27.84,74.47,4.56,0.83,21.68,37.4
2023-08-16,Nagapattinam,10.7672,79.8449,Delta,29.84,32.9,27.61,71.96,4.69,0.36,24.19,37.39
2023-08-17,Nagapattinam,10.7672,79.8449,Delta,30.06,33.13,27.59,72.09,5.34,0.18,23.49,37.4
2023-08-18,Nagapattinam,10.7672,79.8449,Delta,30.34,33.57,27.62,69.56,5.25,0.71,21.99,37.4
2023-08-19,Nagapattinam,10.7672,79.8449,Delta,30.23,33.46,27.14,68.88,4.76,0.4,23.63,37.41
2023-08-20,Nagapattinam,10.7672,79.8449,Delta,30.31,33.72,27.53,69.23,3.92,0.31,24.4,37.41
2023-08-21,Nagapattinam,10.7672,79.8449,Delta,29.95,32.36,28.29,74.8,3.26,1.75,24.46,37.4
2023-08-22,Nagapattinam,10.7672,79.8449,Delta,29.74,31.9,27.98,76.68,3.28,3.18,20.87,37.4
2023-08-23,Nagapattinam,10.7672,79.8449,Delta,29.7,32.04,27.75,77.0,3.05,2.0,24.37,37.39
2023-08-24,Nagapattinam,10.7672,79.8449,Delta,29.97,32.56,28.21,75.51,4.0,1.33,24.27,37.38
2023-08-25,Nagapattinam,10.7672,79.8449,Delta,29.88,32.16,28.18,74.5,4.32,0.26,23.55,37.38
2023-08-26,Nagapattinam,10.7672,79.8449,Delta,29.9,32.47,28.21,74.6,4.44,0.08,24.0,37.37
2023-08-27,Nagapattinam,10.7672,79.8449,Delta,30.09,32.65,27.99,76.06,3.36,1.36,22.42,37.36
2023-08-28,Nagapattinam,10.7672,79.8449,Delta,29.65,31.89,28.3,76.23,4.1,2.43,18.69,37.35
2023-08-29,Nagapattinam,10.7672,79.8449,Delta,28.02,29.38,26.94,82.99,3.4,8.42,21.62,37.34
2023-08-30,Nagapattinam,10.7672,79.8449,Delta,28.35,29.91,27.1,82.66,3.52,4.73,19.83,37.33
2023-08-31,Nagapattinam,10.7672,79.8449,Delta,28.74,30.37,27.04,80.28,3.32,4.95,22.37,37.32
2023-09-01,Nagapattinam,10.7672,79.8449,Delta,29.23,31.35,27.38,79.37,3.54,1.84,22.9,37.31
2023-09-02,Nagapattinam,10.7672,79.8449,Delta,29.54,31.98,27.74,77.71,4.83,3.66,21.81,37.29
2023-09-03,Nagapattinam,10.7672,79.8449,Delta,29.06,31.37,27.31,77.44,4.8,3.51,22.33,37.28
2023-09-04,Nagapattinam,10.7672,79.8449,Delta,29.17,31.81,26.73,73.61,4.89,1.16,17.05,37.25
2023-09-05,Nagapattinam,10.7672,79.8449,Delta,29.03,31.41,27.22,74.26,5.64,2.0,10.87,37.23
2023-09-06,Nagapattinam,10.7672,79.8449,Delta,29.27,32.2,26.62,71.86,5.23,7.2,21.9,37.2
2023-09-07,Nagapattinam,10.7672,79.8449,Delta,29.4,32.23,27.22,72.79,5.45,2.14,19.85,37.18
2023-09-08,Nagapattinam,10.7672,79.8449,Delta,29.73,33.01,26.83,68.67,5.11,0.9,23.18,37.16
2023-09-09,Nagapattinam,10.7672,79.8449,Delta,29.81,33.01,26.98,71.32,4.58,0.55,22.27,37.12
2023-09-10,Nagapattinam,10.7672,79.8449,Delta,29.57,32.23,27.18,71.16,4.21,0.74,22.35,37.09
2023-09-11,Nagapattinam,10.7672,79.8449,Delta,29.02,32.0,26.08,69.72,5.65,2.93,18.63,37.06
2023-09-12,Nagapattinam,10.7672,79.8449,Delta,28.69,31.06,26.0,71.97,5.44,2.84,22.29,37.03
2023-09-13,Nagapattinam,10.7672,79.8449,Delta,29.24,31.51,27.08,77.31,4.43,4.65,20.48,37.0
2023-09-14,Nagapattinam,10.7672,79.8449,Delta,29.62,33.04,27.02,72.7,4.87,2.84,20.58,36.96
2023-09-15,Nagapattinam,10.7672,79.8449,Delta,29.61,32.7,27.17,72.12,5.62,1.32,23.18,36.93
2023-09-16,Nagapattinam,10.7672,79.8449,Delta,28.82,31.33,27.1,78.67,4.59,6.41,21.29,36.89
2023-09-17,Nagapattinam,10.7672,79.8449,Delta,28.27,30.24,26.91,82.09,5.05,6.88,17.77,36.85
2023-09-18,Nagapattinam,10.7672,79.8449,Delta,28.25,30.72,26.6,82.76,5.06,7.92,19.09,36.8
2023-09-19,Nagapattinam,10.7672,79.8449,Delta,27.42,28.35,26.66,85.82,4.42,3.54,21.33,36.75
2023-09-20,Nagapattinam,10.7672,79.8449,Delta,28.31,29.9,26.94,79.04,4.07,1.36,23.92,36.71
2023-09-21,Nagapattinam,10.7672,79.8449,Delta,29.0,31.0,27.14,78.88,3.35,1.44,21.49,36.65
2023-09-22,Nagapattinam,10.7672,79.8449,Delta,29.08,31.35,27.23,78.32,4.49,1.44,21.41,36.6
2023-09-23,Nagapattinam,10.7672,79.8449,Delta,29.42,31.83,27.55,79.28,4.55,1.55,23.15,36.55
2023-09-24,Nagapattinam,10.7672,79.8449,Delta,29.2,31.47,27.33,77.31,4.45,2.36,22.5,36.5
2023-09-25,Nagapattinam,10.7672,79.8449,Delta,28.31,30.07,27.04,80.66,3.03,3.92,15.27,36.45
2023-09-26,Nagapattinam,10.7672,79.8449,Delta,28.03,29.5,26.96,83.13,2.32,4.58,12.21,36.4
2023-09-27,Nagapattinam,10.7672,79.8449,Delta,28.78,31.21,26.92,78.53,3.56,2.84,22.15,36.35
2023-09-28,Nagapattinam,10.7672,79.8449,Delta,29.33,32.72,26.33,73.71,4.78,2.48,19.79,36.29
2023-09-29,Nagapattinam,10.7672,79.8449,Delta,28.93,31.35,26.62,77.11,5.83,2.19,20.24,36.23
2023-09-30,Nagapattinam,10.7672,79.8449,Delta,29.32,32.74,26.83,73.33,5.7,2.27,19.95,36.17
2023-10-01,Nagapattinam,10.7672,79.8449,Delta,29.51,32.48,26.85,74.86,6.05,0.54,18.83,36.11
2023-10-02,Nagapattinam,10.7672,79.8449,Delta,29.45,32.57,26.89,77.05,6.04,1.15,21.46,36.04
2023-10-03,Nagapattinam,10.7672,79.8449,Delta,29.39,32.55,27.11,75.94,5.67,0.15,21.5,35.97
2023-10-04,Nagapattinam,10.7672,79.8449,Delta,29.52,32.68,27.11,76.02,5.31,0.44,22.4,35.9
2023-10-05,Nagapattinam,10.7672,79.8449,Delta,29.23,32.0,26.94,76.54,4.37,0.43,22.63,35.84
2023-10-06,Nagapattinam,10.7672,79.8449,Delta,29.37,32.37,27.26,75.74,3.88,1.4,21.07,35.77
2023-10-07,Nagapattinam,10.7672,79.8449,Delta,29.15,31.51,27.46,79.99,3.43,1.96,19.79,35.7
2023-10-08,Nagapattinam,10.7672,79.8449,Delta,28.93,30.77,27.52,82.05,3.82,2.19,20.91,35.62
2023-10-09,Nagapattinam,10.7672,79.8449,Delta,29.0,31.69,27.12,80.96,3.86,1.39,19.27,35.54
2023-10-10,Nagapattinam,10.7672,79.8449,Delta,29.19,31.41,27.38,79.45,3.8,2.98,20.29,35.47
2023-10-11,Nagapattinam,10.7672,79.8449,Delta,29.24,31.67,27.38,78.23,4.34,2.9,18.8,35.39
2023-10-12,Nagapattinam,10.7672,79.8449,Delta,29.11,31.67,27.06,76.08,3.05,2.0,16.1,35.31
2023-10-13,Nagapattinam,10.7672,79.8449,Delta,28.46,29.96,27.16,78.06,1.27,2.22,12.8,35.23
2023-10-14,Nagapattinam,10.7672,79.8449,Delta,28.43,30.08,26.8,77.77,1.36,5.1,14.59,35.14
2023-10-15,Nagapattinam,10.7672,79.8449,Delta,28.76,30.79,26.93,76.25,2.29,6.83,16.48,35.06
2023-10-16,Nagapattinam,10.7672,79.8449,Delta,28.36,29.76,27.24,80.13,1.99,10.4,13.3,34.98
2023-10-17,Nagapattinam,10.7672,79.8449,Delta,28.33,30.05,26.87,80.16,2.84,5.24,15.03,34.89
2023-10-18,Nagapattinam,10.7672,79.8449,Delta,28.76,30.32,27.75,75.56,3.55,2.15,15.96,34.81
2023-10-19,Nagapattinam,10.7672,79.8449,Delta,29.03,31.15,27.19,71.07,2.97,0.25,14.17,34.72
2023-10-20,Nagapattinam,10.7672,79.8449,Delta,28.58,30.83,26.94,69.25,2.46,0.09,20.56,34.64
2023-10-21,Nagapattinam,10.7672,79.8449,Delta,28.74,30.89,26.9,71.7,1.43,0.98,17.5,34.55
2023-10-22,Nagapattinam,10.7672,79.8449,Delta,28.58,30.27,27.2,78.18,2.7,4.88,16.45,34.46
2023-10-23,Nagapattinam,10.7672,79.8449,Delta,29.27,31.52,27.73,70.11,2.23,1.39,16.04,34.37
2023-10-24,Nagapattinam,10.7672,79.8449,Delta,28.81,31.04,26.8,73.34,2.41,1.75,18.24,34.29
2023-10-25,Nagapattinam,10.7672,79.8449,Delta,28.84,30.65,27.5,74.22,2.29,2.23,16.23,34.2
2023-10-26,Nagapattinam,10.7672,79.8449,Delta,28.93,31.19,27.43,71.07,2.54,0.05,18.34,34.11
2023-10-27,Nagapattinam,10.7672,79.8449,Delta,28.76,30.66,27.44,73.96,3.23,1.16,15.8,34.03
2023-10-28,Nagapattinam,10.7672,79.8449,Delta,28.87,30.81,27.19,74.46,2.77,1.6,15.51,33.93
2023-10-29,Nagapattinam,10.7672,79.8449,Delta,27.86,28.8,26.74,81.38,2.54,9.57,12.05,33.84
2023-10-30,Nagapattinam,10.7672,79.8449,Delta,27.67,28.96,26.69,79.63,3.3,9.11,13.88,33.74
2023-10-31,Nagapattinam,10.7672,79.8449,Delta,28.57,30.14,27.22,78.68,4.24,2.66,17.15,33.65
2023-11-01,Nagapattinam,10.7672,79.8449,Delta,28.14,28.75,27.47,86.39,3.4,19.8,15.76,33.56
2023-11-02,Nagapattinam,10.7672,79.8449,Delta,27.89,29.11,26.97,84.35,2.48,4.95,15.19,33.47
2023-11-03,Nagapattinam,10.7672,79.8449,Delta,27.64,29.11,26.41,84.72,2.08,12.22,13.61,33.39
2023-11-04,Nagapattinam,10.7672,79.8449,Delta,27.09,28.05,26.4,86.37,2.77,32.24,14.33,33.29
2023-11-05,Nagapattinam,10.7672,79.8449,Delta,27.43,28.81,26.26,82.07,1.56,13.51,18.2,33.2
2023-11-06,Nagapattinam,10.7672,79.8449,Delta,27.97,29.32,26.9,81.0,2.01,6.96,18.7,33.1
2023-11-07,Nagapattinam,10.7672,79.8449,Delta,27.51,28.47,26.43,84.64,2.37,9.99,6.57,33.01
2023-11-08,Nagapattinam,10.7672,79.8449,Delta,27.54,28.23,27.07,83.65,2.24,12.95,14.12,32.92
2023-11-09,Nagapattinam,10.7672,79.8449,Delta,27.59,28.68,26.53,83.06,2.45,8.84,13.74,32.83
2023-11-10,Nagapattinam,10.7672,79.8449,Delta,27.51,28.36,26.65,86.81,3.42,9.47,13.19,32.74
2023-11-11,Nagapattinam,10.7672,79.8449,Delta,27.84,28.75,27.02,83.61,4.55,2.76,9.48,32.66
2023-11-12,Nagapattinam,10.7672,79.8449,Delta,28.13,29.6,26.96,76.93,4.82,0.2,18.41,32.57
2023-11-13,Nagapattinam,10.7672,79.8449,Delta,27.81,29.37,26.79,84.02,4.54,8.86,7.93,32.48
2023-11-14,Nagapattinam,10.7672,79.8449,Delta,27.0,27.62,26.28,88.27,5.37,45.51,5.56,32.4
2023-11-15,Nagapattinam,10.7672,79.8449,Delta,27.4,28.55,26.62,88.98,3.69,9.7,6.86,32.31
2023-11-16,Nagapattinam,10.7672,79.8449,Delta,27.64,29.15,26.21,87.52,3.68,7.23,14.34,32.23
2023-11-17,Nagapattinam,10.7672,79.8449,Delta,27.99,29.14,27.17,86.1,3.93,2.89,14.82,32.15
2023-11-18,Nagapattinam,10.7672,79.8449,Delta,27.9,28.99,27.39,88.24,5.78,7.14,10.88,32.07
2023-11-19,Nagapattinam,10.7672,79.8449,Delta,27.66,28.87,26.76,86.29,3.26,4.91,8.73,31.99
2023-11-20,Nagapattinam,10.7672,79.8449,Delta,27.31,28.64,26.35,89.28,3.23,7.14,9.04,31.92
2023-11-21,Nagapattinam,10.7672,79.8449,Delta,27.51,28.68,26.44,85.86,2.47,3.87,16.48,31.85
2023-11-22,Nagapattinam,10.7672,79.8449,Delta,27.31,28.15,26.45,86.65,2.93,9.11,5.15,31.77
2023-11-23,Nagapattinam,10.7672,79.8449,Delta,27.22,28.68,26.15,83.25,1.59,1.83,13.55,31.69
2023-11-24,Nagapattinam,10.7672,79.8449,Delta,27.4,28.78,26.31,85.98,2.73,5.14,16.49,31.62
2023-11-25,Nagapattinam,10.7672,79.8449,Delta,27.63,28.44,26.65,87.06,4.11,10.0,14.7,31.55
2023-11-26,Nagapattinam,10.7672,79.8449,Delta,27.77,28.55,27.31,85.68,4.77,8.19,16.66,31.49
2023-11-27,Nagapattinam,10.7672,79.8449,Delta,28.16,29.66,27.16,82.13,4.07,2.54,15.49,31.43
2023-11-28,Nagapattinam,10.7672,79.8449,Delta,27.87,29.29,26.78,84.65,3.9,10.48,17.09,31.37
2023-11-29,Nagapattinam,10.7672,79.8449,Delta,27.2,28.32,26.22,85.73,3.77,9.51,11.08,31.31
2023-11-30,Nagapattinam,10.7672,79.8449,Delta,26.69,27.39,25.93,89.27,3.94,16.6,10.04,31.25
2023-12-01,Nagapattinam,10.7672,79.8449,Delta,27.09,27.84,26.09,88.74,4.79,11.26,11.0,31.2
2023-12-02,Nagapattinam,10.7672,79.8449,Delta,27.34,28.52,26.24,88.03,6.07,6.31,11.05,31.14
2023-12-03,Nagapattinam,10.7672,79.8449,Delta,26.95,28.12,26.03,90.57,6.17,4.52,8.66,31.09
2023-12-04,Nagapattinam,10.7672,79.8449,Delta,27.45,29.36,26.06,86.92,5.99,2.8,12.09,31.03
2023-12-05,Nagapattinam,10.7672,79.8449,Delta,27.83,29.34,26.93,87.88,3.4,2.79,16.8,30.98
2023-12-06,Nagapattinam,10.7672,79.8449,Delta,27.71,28.94,26.89,88.33,2.98,3.25,17.05,30.93
2023-12-07,Nagapattinam,10.7672,79.8449,Delta,27.71,29.35,26.63,86.18,2.21,2.77,15.72,30.89
2023-12-08,Nagapattinam,10.7672,79.8449,Delta,27.1,28.35,26.21,89.29,2.61,2.77,15.81,30.86
2023-12-09,Nagapattinam,10.7672,79.8449,Delta,26.98,28.06,26.11,88.44,3.6,3.59,16.01,30.82
2023-12-10,Nagapattinam,10.7672,79.8449,Delta,27.07,28.61,25.9,85.98,4.74,2.39,14.08,30.79
2023-12-11,Nagapattinam,10.7672,79.8449,Delta,26.74,28.22,25.61,86.41,4.82,0.37,12.63,30.76
2023-12-12,Nagapattinam,10.7672,79.8449,Delta,26.46,27.75,25.5,83.6,4.56,0.27,13.23,30.73
2023-12-13,Nagapattinam,10.7672,79.8449,Delta,26.33,27.92,25.07,78.82,5.01,0.02,15.96,30.71
2023-12-14,Nagapattinam,10.7672,79.8449,Delta,26.43,27.69,25.18,81.94,5.68,0.6,13.21,30.69
2023-12-15,Nagapattinam,10.7672,79.8449,Delta,26.75,27.9,25.89,88.31,4.86,29.71,12.76,30.67
2023-12-16,Nagapattinam,10.7672,79.8449,Delta,27.02,27.97,26.28,86.98,5.25,8.62,5.58,30.66
2023-12-17,Nagapattinam,10.7672,79.8449,Delta,27.07,28.05,26.57,84.47,6.17,15.76,11.4,30.66
2023-12-18,Nagapattinam,10.7672,79.8449,Delta,26.5,27.16,25.64,83.07,6.15,4.08,5.39,30.65
2023-12-19,Nagapattinam,10.7672,79.8449,Delta,26.24,27.31,25.5,83.85,5.89,1.74,10.01,30.64
2023-12-20,Nagapattinam,10.7672,79.8449,Delta,26.44,27.68,25.61,85.73,5.98,4.34,7.54,30.64
2023-12-21,Nagapattinam,10.7672,79.8449,Delta,26.45,27.55,25.73,86.38,5.45,3.51,9.25,30.64
2023-12-22,Nagapattinam,10.7672,79.8449,Delta,26.14,27.62,25.14,82.74,4.68,0.29,15.29,30.64
2023-12-23,Nagapattinam,10.7672,79.8449,Delta,26.04,27.72,24.69,79.14,4.23,0.07,18.12,30.64
2023-12-24,Nagapattinam,10.7672,79.8449,Delta,26.1,27.6,24.58,87.25,5.56,1.87,8.68,30.65
2023-12-25,Nagapattinam,10.7672,79.8449,Delta,27.09,28.56,26.12,84.22,5.29,1.2,16.96,30.67
2023-12-26,Nagapattinam,10.7672,79.8449,Delta,26.4,27.78,25.41,81.01,5.53,0.25,18.79,30.68
2023-12-27,Nagapattinam,10.7672,79.8449,Delta,26.37,27.67,25.33,82.56,6.08,1.63,16.54,30.7
2023-12-28,Nagapattinam,10.7672,79.8449,Delta,26.85,28.21,25.96,88.09,5.56,2.94,14.98,30.73
2023-12-29,Nagapattinam,10.7672,79.8449,Delta,26.9,28.12,26.18,85.42,5.55,1.69,14.65,30.75
2023-12-30,Nagapattinam,10.7672,79.8449,Delta,26.44,27.84,25.27,81.85,5.44,0.5,14.73,30.77
2023-12-31,Nagapattinam,10.7672,79.8449,Delta,26.22,27.74,25.05,77.22,4.56,0.15,17.91,30.8
2024-01-01,Nagapattinam,10.7672,79.8449,Delta,26.14,27.58,25.07,77.32,4.15,0.22,16.01,30.84
2024-01-02,Nagapattinam,10.7672,79.8449,Delta,26.21,27.71,24.94,76.93,4.05,0.1,13.11,30.87
2024-01-03,Nagapattinam,10.7672,79.8449,Delta,26.21,27.56,25.19,79.56,3.82,0.72,15.11,30.91
2024-01-04,Nagapattinam,10.7672,79.8449,Delta,26.6,28.08,25.41,80.43,3.61,0.34,12.56,30.95
2024-01-05,Nagapattinam,10.7672,79.8449,Delta,26.67,28.0,25.78,81.27,4.18,1.12,12.15,30.99
2024-01-06,Nagapattinam,10.7672,79.8449,Delta,26.62,28.1,25.71,85.34,4.62,7.88,12.14,31.04
2024-01-07,Nagapattinam,10.7672,79.8449,Delta,26.12,26.64,25.36,90.96,5.69,53.47,9.91,31.09
2024-01-08,Nagapattinam,10.7672,79.8449,Delta,26.84,27.81,26.3,85.94,5.41,7.75,9.7,31.14
2024-01-09,Nagapattinam,10.7672,79.8449,Delta,26.7,27.7,26.16,81.16,5.79,5.2,7.37,31.2
2024-01-10,Nagapattinam,10.7672,79.8449,Delta,26.71,27.87,25.94,78.46,5.21,0.22,12.08,31.26
2024-01-11,Nagapattinam,10.7672,79.8449,Delta,26.29,27.47,25.34,78.45,5.33,0.0,17.85,31.32
2024-01-12,Nagapattinam,10.7672,79.8449,Delta,26.44,27.83,25.53,78.73,4.85,0.03,17.38,31.38
2024-01-13,Nagapattinam,10.7672,79.8449,Delta,26.33,27.92,25.08,80.68,4.18,0.08,15.68,31.45
2024-01-14,Nagapattinam,10.7672,79.8449,Delta,25.89,27.56,24.61,80.77,4.15,0.01,16.87,31.51
2024-01-15,Nagapattinam,10.7672,79.8449,Delta,25.73,27.51,24.27,76.2,3.46,0.01,18.57,31.58
2024-01-16,Nagapattinam,10.7672,79.8449,Delta,25.21,27.08,23.81,71.56,3.02,0.0,21.12,31.66
2024-01-17,Nagapattinam,10.7672,79.8449,Delta,25.17,26.88,23.73,74.2,2.38,0.04,21.32,31.73
2024-01-18,Nagapattinam,10.7672,79.8449,Delta,26.05,27.48,24.37,80.88,3.36,1.22,15.85,31.81
2024-01-19,Nagapattinam,10.7672,79.8449,Delta,26.59,28.14,25.49,84.9,3.68,2.03,10.6,31.88
2024-01-20,Nagapattinam,10.7672,79.8449,Delta,26.37,27.68,25.37,83.94,4.04,1.01,11.82,31.96
2024-01-21,Nagapattinam,10.7672,79.8449,Delta,26.34,27.91,25.25,80.81,3.57,0.01,18.43,32.04
2024-01-22,Nagapattinam,10.7672,79.8449,Delta,26.22,27.93,25.08,79.45,3.51,0.03,21.26,32.12
2024-01-23,Nagapattinam,10.7672,79.8449,Delta,26.17,27.76,25.06,76.35,3.44,0.0,20.38,32.2
2024-01-24,Nagapattinam,10.7672,79.8449,Delta,26.37,28.22,24.98,73.85,2.99,0.0,20.57,32.29
2024-01-25,Nagapattinam,10.7672,79.8449,Delta,26.47,28.32,25.18,73.3,3.46,0.0,20.11,32.38
2024-01-26,Nagapattinam,10.7672,79.8449,Delta,26.07,27.79,24.81,76.75,4.3,0.02,21.2,32.48
2024-01-27,Nagapattinam,10.7672,79.8449,Delta,26.06,27.77,24.71,78.44,4.75,0.09,22.16,32.57
2024-01-28,Nagapattinam,10.7672,79.8449,Delta,26.28,27.88,25.22,77.88,5.16,0.09,21.24,32.67
2024-01-29,Nagapattinam,10.7672,79.8449,Delta,26.23,28.01,25.05,76.77,5.03,0.01,17.0,32.76
2024-01-30,Nagapattinam,10.7672,79.8449,Delta,26.07,27.63,24.61,81.1,4.73,0.13,20.48,32.84
2024-01-31,Nagapattinam,10.7672,79.8449,Delta,26.71,28.45,25.37,80.81,3.74,0.13,18.88,32.94
2024-02-01,Nagapattinam,10.7672,79.8449,Delta,27.04,28.77,25.58,82.6,2.88,0.2,18.43,33.03
2024-02-02,Nagapattinam,10.7672,79.8449,Delta,27.45,29.26,26.2,80.55,3.08,0.07,17.91,33.13
2024-02-03,Nagapattinam,10.7672,79.8449,Delta,27.11,28.99,25.63,79.57,3.77,0.05,20.8,33.22
2024-02-04,Nagapattinam,10.7672,79.8449,Delta,26.46,28.35,25.19,79.45,4.13,0.0,22.48,33.31
2024-02-05,Nagapattinam,10.7672,79.8449,Delta,26.43,28.48,25.1,76.95,4.13,0.05,22.07,33.42
2024-02-06,Nagapattinam,10.7672,79.8449,Delta,26.16,28.21,24.59,78.85,4.04,0.01,21.66,33.51
2024-02-07,Nagapattinam,10.7672,79.8449,Delta,26.23,28.59,24.52,78.62,3.58,0.02,23.21,33.61
2024-02-08,Nagapattinam,10.7672,79.8449,Delta,26.4,28.69,24.83,80.82,3.53,0.0,22.4,33.7
2024-02-09,Nagapattinam,10.7672,79.8449,Delta,26.68,28.89,25.03,79.98,3.96,0.01,21.45,33.79
2024-02-10,Nagapattinam,10.7672,79.8449,Delta,26.97,28.75,25.44,78.72,4.59,0.2,19.84,33.89
2024-02-11,Nagapattinam,10.7672,79.8449,Delta,26.86,28.65,25.46,73.86,5.02,0.04,20.31,34.0
2024-02-12,Nagapattinam,10.7672,79.8449,Delta,26.81,28.76,25.35,73.57,4.83,0.02,21.38,34.1
2024-02-13,Nagapattinam,10.7672,79.8449,Delta,27.3,29.25,25.55,79.16,5.15,0.2,18.54,34.2
2024-02-14,Nagapattinam,10.7672,79.8449,Delta,27.35,28.88,26.31,75.11,5.3,0.02,22.07,34.31
2024-02-15,Nagapattinam,10.7672,79.8449,Delta,27.3,29.04,25.88,73.54,4.96,0.13,21.57,34.41
2024-02-16,Nagapattinam,10.7672,79.8449,Delta,27.45,29.21,26.28,73.86,5.01,0.12,20.76,34.52
2024-02-17,Nagapattinam,10.7672,79.8449,Delta,27.08,29.38,25.44,74.99,4.64,0.0,22.25,34.61
2024-02-18,Nagapattinam,10.7672,79.8449,Delta,27.0,29.34,25.13,76.2,3.89,0.0,23.0,34.7
2024-02-19,Nagapattinam,10.7672,79.8449,Delta,27.46,29.74,25.86,73.88,3.91,0.01,22.02,34.8
2024-02-20,Nagapattinam,10.7672,79.8449,Delta,27.52,29.89,25.93,73.03,3.26,0.05,22.77,34.89
2024-02-21,Nagapattinam,10.7672,79.8449,Delta,27.59,30.13,25.68,73.05,2.61,0.0,22.39,34.98
2024-02-22,Nagapattinam,10.7672,79.8449,Delta,28.04,30.47,26.08,76.25,3.12,0.0,20.37,35.07
2024-02-23,Nagapattinam,10.7672,79.8449,Delta,28.37,30.77,26.5,79.18,3.57,0.55,20.0,35.16
2024-02-24,Nagapattinam,10.7672,79.8449,Delta,27.97,30.05,26.48,78.83,3.58,0.22,19.43,35.24
2024-02-25,Nagapattinam,10.7672,79.8449,Delta,27.62,29.85,26.05,75.39,4.13,0.04,21.87,35.33
2024-02-26,Nagapattinam,10.7672,79.8449,Delta,28.14,30.15,26.58,73.87,5.33,0.1,20.66,35.42
2024-02-27,Nagapattinam,10.7672,79.8449,Delta,28.16,29.81,27.11,74.1,5.46,0.07,20.29,35.52
2024-02-28,Nagapattinam,10.7672,79.8449,Delta,27.76,29.94,26.2,76.33,4.8,0.07,21.65,35.61
2024-02-29,Nagapattinam,10.7672,79.8449,Delta,27.85,30.37,25.7,74.45,4.03,0.0,23.34,35.7
2024-03-01,Nagapattinam,10.7672,79.8449,Delta,27.67,29.85,26.06,75.62,4.01,0.0,19.76,35.79
2024-03-02,Nagapattinam,10.7672,79.8449,Delta,27.73,30.54,25.5,71.73,2.92,0.01,21.37,35.88
2024-03-03,Nagapattinam,10.7672,79.8449,Delta,27.62,30.39,25.65,72.48,3.33,0.0,23.95,35.97
2024-03-04,Nagapattinam,10.7672,79.8449,Delta,27.18,30.05,25.23,71.62,3.04,0.0,24.2,36.06
2024-03-05,Nagapattinam,10.7672,79.8449,Delta,27.63,30.57,25.53,70.26,2.74,0.0,23.82,36.14
2024-03-06,Nagapattinam,10.7672,79.8449,Delta,27.65,30.42,25.77,70.6,2.18,0.44,20.55,36.21
2024-03-07,Nagapattinam,10.7672,79.8449,Delta,28.28,31.11,26.11,67.27,2.48,0.0,22.2,36.28
2024-03-08,Nagapattinam,10.7672,79.8449,Delta,28.52,31.31,26.47,70.77,2.93,0.01,23.95,36.36
2024-03-09,Nagapattinam,10.7672,79.8449,Delta,28.52,31.46,26.32,68.87,3.03,0.17,22.91,36.43
2024-03-10,Nagapattinam,10.7672,79.8449,Delta,28.47,31.19,26.58,71.1,3.13,0.0,23.32,36.51
2024-03-11,Nagapattinam,10.7672,79.8449,Delta,28.42,31.22,26.42,73.93,3.61,0.04,22.77,36.58
2024-03-12,Nagapattinam,10.7672,79.8449,Delta,28.46,31.32,26.22,70.75,3.13,0.01,24.32,36.65
2024-03-13,Nagapattinam,10.7672,79.8449,Delta,28.67,31.59,26.32,68.11,3.28,0.0,23.94,36.72
2024-03-14,Nagapattinam,10.7672,79.8449,Delta,28.46,31.48,26.22,64.67,3.12,0.0,24.27,36.78
2024-03-15,Nagapattinam,10.7672,79.8449,Delta,28.23,31.22,26.12,71.56,3.37,0.0,24.6,36.84
2024-03-16,Nagapattinam,10.7672,79.8449,Delta,28.44,31.39,26.21,74.89,3.85,0.03,24.49,36.9
2024-03-17,Nagapattinam,10.7672,79.8449,Delta,28.44,31.43,26.09,70.44,3.31,0.0,25.98,36.96
2024-03-18,Nagapattinam,10.7672,79.8449,Delta,28.44,31.41,25.88,67.95,3.01,0.0,25.26,37.03
2024-03-19,Nagapattinam,10.7672,79.8449,Delta,28.45,31.52,26.3,69.19,3.52,0.0,25.27,37.09
2024-03-20,Nagapattinam,10.7672,79.8449,Delta,28.36,31.21,25.83,72.58,3.74,0.06,25.83,37.14
2024-03-21,Nagapattinam,10.7672,79.8449,Delta,29.0,31.21,27.31,74.67,4.74,0.75,19.77,37.19
2024-03-22,Nagapattinam,10.7672,79.8449,Delta,28.98,31.37,27.43,74.97,4.21,0.27,22.7,37.23
2024-03-23,Nagapattinam,10.7672,79.8449,Delta,28.79,31.65,26.86,73.11,3.46,0.04,25.13,37.26
2024-03-24,Nagapattinam,10.7672,79.8449,Delta,28.67,31.55,26.58,71.81,3.53,0.0,23.98,37.3
2024-03-25,Nagapattinam,10.7672,79.8449,Delta,28.73,31.64,26.58,69.06,3.91,0.0,25.89,37.35
2024-03-26,Nagapattinam,10.7672,79.8449,Delta,28.45,31.58,25.95,65.37,3.66,0.0,25.55,37.4
2024-03-27,Nagapattinam,10.7672,79.8449,Delta,28.79,32.06,26.27,63.24,3.14,0.01,21.51,37.45
2024-03-28,Nagapattinam,10.7672,79.8449,Delta,29.39,32.44,27.31,67.55,2.98,0.1,25.67,37.49
2024-03-29,Nagapattinam,10.7672,79.8449,Delta,29.29,32.31,26.88,71.33,3.29,0.03,24.75,37.53
2024-03-30,Nagapattinam,10.7672,79.8449,Delta,29.11,32.01,26.89,71.56,3.38,0.0,26.74,37.58
2024-03-31,Nagapattinam,10.7672,79.8449,Delta,29.37,31.98,27.11,75.67,3.14,0.29,24.5,37.61
2024-04-01,Nagapattinam,10.7672,79.8449,Delta,29.58,32.17,27.77,74.29,2.98,0.07,24.35,37.64
2024-04-02,Nagapattinam,10.7672,79.8449,Delta,29.63,32.74,27.39,74.33,2.66,0.04,25.57,37.67
2024-04-03,Nagapattinam,10.7672,79.8449,Delta,29.54,32.34,27.44,76.11,3.17,0.41,20.49,37.69
2024-04-04,Nagapattinam,10.7672,79.8449,Delta,29.72,32.43,27.78,76.82,2.66,0.33,23.08,37.72
2024-04-05,Nagapattinam,10.7672,79.8449,Delta,29.93,33.11,27.19,71.78,2.43,0.04,25.33,37.74
2024-04-06,Nagapattinam,10.7672,79.8449,Delta,30.47,33.68,27.85,70.67,2.91,0.01,26.52,37.76
2024-04-07,Nagapattinam,10.7672,79.8449,Delta,30.22,33.11,27.75,70.53,2.76,0.0,26.49,37.78
2024-04-08,Nagapattinam,10.7672,79.8449,Delta,30.25,33.14,27.99,74.38,3.79,0.0,24.82,37.8
2024-04-09,Nagapattinam,10.7672,79.8449,Delta,30.02,32.72,27.9,71.91,3.85,0.0,22.6,37.81
2024-04-10,Nagapattinam,10.7672,79.8449,Delta,29.89,32.48,28.05,73.98,3.61,0.04,25.07,37.83
2024-04-11,Nagapattinam,10.7672,79.8449,Delta,30.15,32.73,28.13,74.32,3.69,0.54,21.86,37.84
2024-04-12,Nagapattinam,10.7672,79.8449,Delta,30.29,32.63,28.47,74.23,4.16,1.29,18.15,37.85
2024-04-13,Nagapattinam,10.7672,79.8449,Delta,30.24,32.49,28.57,72.88,3.35,0.5,20.71,37.87
2024-04-14,Nagapattinam,10.7672,79.8449,Delta,30.16,32.72,28.24,73.66,3.79,0.12,23.02,37.88
2024-04-15,Nagapattinam,10.7672,79.8449,Delta,30.16,32.87,28.2,75.94,3.71,0.23,21.49,37.9
2024-04-16,Nagapattinam,10.7672,79.8449,Delta,30.35,33.01,28.3,73.49,3.09,0.15,24.01,37.9
2024-04-17,Nagapattinam,10.7672,79.8449,Delta,30.88,33.8,28.24,71.89,3.78,0.03,25.3,37.9
2024-04-18,Nagapattinam,10.7672,79.8449,Delta,31.4,34.18,29.61,72.95,4.32,0.12,22.95,37.9
2024-04-19,Nagapattinam,10.7672,79.8449,Delta,31.23,33.63,29.41,74.08,4.15,0.12,21.81,37.89
2024-04-20,Nagapattinam,10.7672,79.8449,Delta,30.8,32.68,29.46,76.93,3.51,0.23,24.32,37.89
2024-04-21,Nagapattinam,10.7672,79.8449,Delta,30.53,32.23,29.1,79.38,3.2,0.42,24.94,37.9
2024-04-22,Nagapattinam,10.7672,79.8449,Delta,30.49,32.63,28.72,76.49,2.76,0.22,24.11,37.9
2024-04-23,Nagapattinam,10.7672,79.8449,Delta,30.49,33.05,28.42,74.37,3.04,0.04,25.63,37.9
2024-04-24,Nagapattinam,10.7672,79.8449,Delta,31.16,34.08,28.66,68.92,3.1,0.04,23.79,37.9
2024-04-25,Nagapattinam,10.7672,79.8449,Delta,30.81,33.36,28.86,70.57,2.88,0.05,24.41,37.89
2024-04-26,Nagapattinam,10.7672,79.8449,Delta,31.14,33.99,28.64,66.95,3.15,0.0,25.11,37.87
2024-04-27,Nagapattinam,10.7672,79.8449,Delta,30.79,33.48,28.95,69.23,3.23,0.0,26.61,37.86
2024-04-28,Nagapattinam,10.7672,79.8449,Delta,30.87,33.88,28.35,70.21,2.83,0.02,20.59,37.84
2024-04-29,Nagapattinam,10.7672,79.8449,Delta,31.03,34.07,28.73,71.48,2.56,0.11,23.73,37.83
2024-04-30,Nagapattinam,10.7672,79.8449,Delta,31.27,34.28,28.83,71.68,3.13,0.32,24.16,37.82
2024-05-01,Nagapattinam,10.7672,79.8449,Delta,32.44,35.7,30.03,70.86,4.08,0.24,25.76,37.81
2024-05-02,Nagapattinam,10.7672,79.8449,Delta,32.37,35.56,30.24,73.29,4.75,0.18,22.93,37.8
2024-05-03,Nagapattinam,10.7672,79.8449,Delta,31.7,34.12,30.14,75.56,4.28,0.4,20.6,37.76
2024-05-04,Nagapattinam,10.7672,79.8449,Delta,31.82,33.92,30.15,73.68,4.06,0.66,23.08,37.74
2024-05-05,Nagapattinam,10.7672,79.8449,Delta,32.01,34.89,30.08,72.49,4.82,0.27,22.61,37.71
2024-05-06,Nagapattinam,10.7672,79.8449,Delta,31.96,34.47,30.18,74.84,4.34,0.84,23.24,37.7
2024-05-07,Nagapattinam,10.7672,79.8449,Delta,31.48,32.96,30.24,77.14,3.42,1.93,24.17,37.67
2024-05-08,Nagapattinam,10.7672,79.8449,Delta,30.64,31.74,29.73,77.83,2.5,2.36,21.82,37.64
2024-05-09,Nagapattinam,10.7672,79.8449,Delta,30.25,31.35,29.33,79.38,3.04,2.15,17.99,37.62
2024-05-10,Nagapattinam,10.7672,79.8449,Delta,30.83,32.87,29.18,73.42,3.0,0.91,21.64,37.62
2024-05-11,Nagapattinam,10.7672,79.8449,Delta,30.46,31.62,29.32,75.63,2.65,1.57,17.64,37.62
2024-05-12,Nagapattinam,10.7672,79.8449,Delta,30.63,32.19,29.32,72.66,2.85,3.5,19.19,37.62
2024-05-13,Nagapattinam,10.7672,79.8449,Delta,30.18,31.07,29.27,74.92,2.36,4.42,18.72,37.62
2024-05-14,Nagapattinam,10.7672,79.8449,Delta,30.68,32.48,29.4,70.35,2.53,1.41,15.96,37.59
2024-05-15,Nagapattinam,10.7672,79.8449,Delta,30.56,32.53,29.2,72.64,2.95,1.57,17.2,37.57
2024-05-16,Nagapattinam,10.7672,79.8449,Delta,29.08,30.45,27.83,73.06,1.85,27.88,12.35,37.55
2024-05-17,Nagapattinam,10.7672,79.8449,Delta,29.37,31.77,27.31,71.54,1.75,2.2,13.92,37.53
2024-05-18,Nagapattinam,10.7672,79.8449,Delta,29.26,30.77,28.17,79.09,2.65,10.15,14.7,37.51
2024-05-19,Nagapattinam,10.7672,79.8449,Delta,29.22,29.95,28.7,83.52,2.34,8.86,12.57,37.48
2024-05-20,Nagapattinam,10.7672,79.8449,Delta,29.07,30.09,28.39,84.06,2.34,20.93,15.26,37.46
2024-05-21,Nagapattinam,10.7672,79.8449,Delta,29.18,30.63,27.98,82.28,3.24,14.64,17.93,37.43
2024-05-22,Nagapattinam,10.7672,79.8449,Delta,29.46,31.26,27.97,80.76,2.87,16.66,11.46,37.4
2024-05-23,Nagapattinam,10.7672,79.8449,Delta,29.93,31.92,28.44,81.92,4.13,8.45,13.45,37.38
2024-05-24,Nagapattinam,10.7672,79.8449,Delta,29.89,31.17,28.62,82.01,4.96,0.98,19.14,37.36
2024-05-25,Nagapattinam,10.7672,79.8449,Delta,30.04,31.82,28.56,78.37,4.64,4.67,13.75,37.34
2024-05-26,Nagapattinam,10.7672,79.8449,Delta,30.94,34.22,27.82,71.91,5.2,0.93,14.0,37.32
2024-05-27,Nagapattinam,10.7672,79.8449,Delta,31.22,34.25,28.69,72.76,5.97,1.03,18.92,37.3
2024-05-28,Nagapattinam,10.7672,79.8449,Delta,31.26,34.25,28.73,73.3,5.7,0.89,18.98,37.27
2024-05-29,Nagapattinam,10.7672,79.8449,Delta,31.1,33.95,28.28,71.61,4.76,0.25,22.57,37.25
2024-05-30,Nagapattinam,10.7672,79.8449,Delta,31.36,34.09,28.73,73.2,4.17,2.17,23.33,37.24
2024-05-31,Nagapattinam,10.7672,79.8449,Delta,30.75,33.17,28.71,76.8,4.76,3.54,23.1,37.22
2024-06-01,Nagapattinam,10.7672,79.8449,Delta,31.29,33.59,29.49,80.29,3.74,7.44,19.43,37.2
2024-06-02,Nagapattinam,10.7672,79.8449,Delta,29.84,30.93,28.95,75.84,2.32,5.95,17.79,37.18
2024-06-03,Nagapattinam,10.7672,79.8449,Delta,29.62,31.12,28.35,77.8,3.36,1.53,13.87,37.16
2024-06-04,Nagapattinam,10.7672,79.8449,Delta,30.01,31.7,28.81,81.44,4.45,3.14,17.27,37.14
2024-06-05,Nagapattinam,10.7672,79.8449,Delta,29.99,31.76,28.66,80.56,5.34,5.12,19.18,37.13
2024-06-06,Nagapattinam,10.7672,79.8449,Delta,29.23,30.62,28.3,84.03,5.5,21.48,15.3,37.11
2024-06-07,Nagapattinam,10.7672,79.8449,Delta,29.13,30.22,27.81,81.87,4.37,4.88,12.4,37.11
2024-06-08,Nagapattinam,10.7672,79.8449,Delta,29.47,31.58,27.84,81.53,6.34,3.78,19.58,37.09
2024-06-09,Nagapattinam,10.7672,79.8449,Delta,29.39,31.2,27.78,82.49,5.39,2.29,22.39,37.08
2024-06-10,Nagapattinam,10.7672,79.8449,Delta,30.21,33.2,27.59,75.26,5.51,1.36,24.48,37.07
2024-06-11,Nagapattinam,10.7672,79.8449,Delta,30.2,33.2,27.62,71.88,5.3,1.97,22.83,37.05
2024-06-12,Nagapattinam,10.7672,79.8449,Delta,29.5,31.9,27.54,73.87,5.18,2.07,18.96,37.04
2024-06-13,Nagapattinam,10.7672,79.8449,Delta,29.98,33.94,26.39,69.37,5.07,1.13,19.93,37.03
2024-06-14,Nagapattinam,10.7672,79.8449,Delta,30.15,33.74,26.71,70.17,3.62,0.62,21.17,37.01
2024-06-15,Nagapattinam,10.7672,79.8449,Delta,30.27,33.39,27.83,75.53,4.26,2.01,23.0,36.99
2024-06-16,Nagapattinam,10.7672,79.8449,Delta,30.14,33.02,28.06,76.5,4.63,4.36,23.61,36.97
2024-06-17,Nagapattinam,10.7672,79.8449,Delta,29.7,32.19,28.04,76.54,3.97,7.78,23.07,36.96
2024-06-18,Nagapattinam,10.7672,79.8449,Delta,29.64,32.0,27.58,78.49,4.65,6.27,21.76,36.94
2024-06-19,Nagapattinam,10.7672,79.8449,Delta,29.46,32.51,27.09,77.86,5.42,8.22,22.58,36.93
2024-06-20,Nagapattinam,10.7672,79.8449,Delta,29.32,31.98,26.85,75.88,5.29,1.19,18.33,36.92
2024-06-21,Nagapattinam,10.7672,79.8449,Delta,29.56,32.54,26.84,70.68,4.91,0.14,22.23,36.94
2024-06-22,Nagapattinam,10.7672,79.8449,Delta,29.48,32.01,27.21,73.53,5.46,2.48,20.59,36.95
2024-06-23,Nagapattinam,10.7672,79.8449,Delta,29.36,31.8,27.02,75.96,5.06,6.17,21.39,36.95
2024-06-24,Nagapattinam,10.7672,79.8449,Delta,29.37,31.72,27.0,73.36,5.93,0.38,20.52,36.95
2024-06-25,Nagapattinam,10.7672,79.8449,Delta,29.11,31.76,27.23,70.0,6.72,4.53,19.4,36.95
2024-06-26,Nagapattinam,10.7672,79.8449,Delta,29.56,31.87,26.98,71.92,5.38,2.72,15.86,36.95
2024-06-27,Nagapattinam,10.7672,79.8449,Delta,29.91,33.21,27.37,67.39,5.03,0.06,15.88,36.95
2024-06-28,Nagapattinam,10.7672,79.8449,Delta,29.74,32.77,27.09,70.08,4.83,0.07,22.97,36.95
2024-06-29,Nagapattinam,10.7672,79.8449,Delta,29.63,32.77,26.82,72.75,4.49,0.27,23.96,36.96
2024-06-30,Nagapattinam,10.7672,79.8449,Delta,29.55,31.35,28.28,78.67,3.58,3.62,19.37,36.96
2024-07-01,Nagapattinam,10.7672,79.8449,Delta,28.89,31.07,27.19,74.7,4.52,2.08,15.08,36.96
2024-07-02,Nagapattinam,10.7672,79.8449,Delta,29.92,33.16,27.38,72.5,3.75,1.29,16.94,36.97
2024-07-03,Nagapattinam,10.7672,79.8449,Delta,29.95,32.76,27.86,74.1,4.72,1.28,21.94,36.97
2024-07-04,Nagapattinam,10.7672,79.8449,Delta,29.9,33.03,27.2,72.26,4.83,1.36,18.68,36.97
2024-07-05,Nagapattinam,10.7672,79.8449,Delta,29.92,32.48,28.17,75.07,4.05,4.36,23.14,36.98
2024-07-06,Nagapattinam,10.7672,79.8449,Delta,29.06,32.51,26.33,71.63,4.98,2.25,16.7,36.99
2024-07-07,Nagapattinam,10.7672,79.8449,Delta,30.03,33.18,27.52,71.36,4.26,3.15,20.8,36.99
2024-07-08,Nagapattinam,10.7672,79.8449,Delta,29.42,31.45,27.4,72.91,4.85,1.94,17.04,37.0
2024-07-09,Nagapattinam,10.7672,79.8449,Delta,29.6,32.39,26.89,70.79,4.5,0.76,21.17,37.01
2024-07-10,Nagapattinam,10.7672,79.8449,Delta,28.69,29.95,27.63,76.11,4.35,5.05,23.27,37.01
2024-07-11,Nagapattinam,10.7672,79.8449,Delta,29.34,31.66,26.71,72.81,3.6,3.02,19.87,37.02
2024-07-12,Nagapattinam,10.7672,79.8449,Delta,29.85,32.31,28.16,74.97,4.29,8.71,23.22,37.03
2024-07-13,Nagapattinam,10.7672,79.8449,Delta,29.74,32.66,27.14,71.84,5.69,0.52,19.41,37.04
2024-07-14,Nagapattinam,10.7672,79.8449,Delta,30.07,34.31,26.79,67.94,5.62,0.58,11.91,37.05
2024-07-15,Nagapattinam,10.7672,79.8449,Delta,29.65,32.77,27.75,71.54,7.05,2.17,12.92,37.07
2024-07-16,Nagapattinam,10.7672,79.8449,Delta,29.43,32.58,27.35,72.04,7.06,3.88,13.24,37.09
2024-07-17,Nagapattinam,10.7672,79.8449,Delta,29.52,32.66,27.03,70.79,6.3,6.79,15.41,37.11
2024-07-18,Nagapattinam,10.7672,79.8449,Delta,29.7,32.93,27.2,69.34,7.69,0.71,14.76,37.12
2024-07-19,Nagapattinam,10.7672,79.8449,Delta,30.31,34.03,27.02,68.34,6.75,0.33,17.3,37.13
2024-07-20,Nagapattinam,10.7672,79.8449,Delta,30.68,34.05,27.61,68.09,6.46,0.19,18.66,37.14
2024-07-21,Nagapattinam,10.7672,79.8449,Delta,30.61,34.06,27.61,68.17,6.31,0.02,21.45,37.14
2024-07-22,Nagapattinam,10.7672,79.8449,Delta,30.49,34.15,27.38,67.05,6.27,0.05,22.84,37.16
2024-07-23,Nagapattinam,10.7672,79.8449,Delta,30.55,34.13,27.27,65.95,5.55,0.28,20.22,37.18
2024-07-24,Nagapattinam,10.7672,79.8449,Delta,30.27,33.23,27.41,67.57,5.28,0.94,23.41,37.19
2024-07-25,Nagapattinam,10.7672,79.8449,Delta,30.72,34.08,27.53,64.85,6.19,0.21,15.98,37.2
2024-07-26,Nagapattinam,10.7672,79.8449,Delta,30.33,33.41,27.79,67.32,6.73,0.06,18.94,37.21
2024-07-27,Nagapattinam,10.7672,79.8449,Delta,30.92,34.58,27.59,63.85,6.92,0.09,19.71,37.21
2024-07-28,Nagapattinam,10.7672,79.8449,Delta,30.77,34.18,27.67,63.86,6.31,0.01,19.25,37.19
2024-07-29,Nagapattinam,10.7672,79.8449,Delta,30.69,33.52,27.95,67.87,5.72,0.83,15.47,37.2
2024-07-30,Nagapattinam,10.7672,79.8449,Delta,30.03,31.85,28.38,69.84,5.29,0.13,19.58,37.22
2024-07-31,Nagapattinam,10.7672,79.8449,Delta,30.21,32.63,27.58,69.63,4.25,0.43,21.34,37.24
2024-08-01,Nagapattinam,10.7672,79.8449,Delta,30.11,32.52,27.42,73.43,4.73,0.74,21.86,37.27
2024-08-02,Nagapattinam,10.7672,79.8449,Delta,30.44,33.39,27.43,67.05,4.83,0.33,21.75,37.28
2024-08-03,Nagapattinam,10.7672,79.8449,Delta,29.66,32.04,27.77,70.54,3.63,0.83,22.23,37.3
2024-08-04,Nagapattinam,10.7672,79.8449,Delta,29.59,31.82,27.54,73.9,2.89,4.31,18.63,37.3
2024-08-05,Nagapattinam,10.7672,79.8449,Delta,28.89,30.89,27.16,76.42,2.57,9.65,15.92,37.31
2024-08-06,Nagapattinam,10.7672,79.8449,Delta,29.28,31.91,26.96,74.67,2.67,3.32,22.31,37.32
2024-08-07,Nagapattinam,10.7672,79.8449,Delta,28.3,29.68,27.05,81.26,2.24,11.57,22.04,37.31
2024-08-08,Nagapattinam,10.7672,79.8449,Delta,28.61,30.54,26.74,77.88,3.18,7.36,20.7,37.32
2024-08-09,Nagapattinam,10.7672,79.8449,Delta,29.06,31.29,26.76,77.34,2.92,5.46,23.32,37.34
2024-08-10,Nagapattinam,10.7672,79.8449,Delta,29.41,31.42,27.56,79.41,3.31,6.44,22.2,37.36
2024-08-11,Nagapattinam,10.7672,79.8449,Delta,29.63,31.11,27.98,78.59,1.97,3.21,19.19,37.37
2024-08-12,Nagapattinam,10.7672,79.8449,Delta,29.4,31.47,27.61,80.12,2.61,2.01,23.2,37.37
2024-08-13,Nagapattinam,10.7672,79.8449,Delta,29.5,31.16,28.11,77.28,2.18,1.06,21.64,37.38
2024-08-14,Nagapattinam,10.7672,79.8449,Delta,29.44,31.56,27.79,77.51,2.72,2.31,20.19,37.39
2024-08-15,Nagapattinam,10.7672,79.8449,Delta,29.67,31.11,28.2,77.65,3.13,0.39,19.37,37.4
2024-08-16,Nagapattinam,10.7672,79.8449,Delta,29.52,31.24,28.04,80.88,3.43,3.36,20.92,37.41
2024-08-17,Nagapattinam,10.7672,79.8449,Delta,29.86,32.01,28.23,79.61,3.69,2.39,19.98,37.41
2024-08-18,Nagapattinam,10.7672,79.8449,Delta,29.54,30.97,27.99,80.7,3.15,2.56,23.07,37.41
2024-08-19,Nagapattinam,10.7672,79.8449,Delta,29.77,31.85,28.3,79.52,4.97,3.18,17.77,37.4
2024-08-20,Nagapattinam,10.7672,79.8449,Delta,29.55,31.57,28.07,79.79,5.13,2.82,19.63,37.39
2024-08-21,Nagapattinam,10.7672,79.8449,Delta,29.38,31.12,28.19,75.17,7.05,6.36,16.98,37.37
2024-08-22,Nagapattinam,10.7672,79.8449,Delta,29.23,31.67,27.17,75.2,6.08,0.7,16.15,37.36
2024-08-23,Nagapattinam,10.7672,79.8449,Delta,29.64,32.36,27.81,75.09,5.63,0.94,21.15,37.36
2024-08-24,Nagapattinam,10.7672,79.8449,Delta,29.76,32.4,27.53,74.25,5.18,1.39,23.52,37.35
2024-08-25,Nagapattinam,10.7672,79.8449,Delta,29.67,32.3,27.31,73.91,4.76,0.9,24.08,37.35
2024-08-26,Nagapattinam,10.7672,79.8449,Delta,29.95,33.14,27.14,70.57,5.19,0.43,23.63,37.35
2024-08-27,Nagapattinam,10.7672,79.8449,Delta,29.73,32.3,27.14,73.32,4.16,1.46,23.16,37.36
2024-08-28,Nagapattinam,10.7672,79.8449,Delta,29.22,31.5,27.12,74.48,3.29,1.9,12.48,37.35
2024-08-29,Nagapattinam,10.7672,79.8449,Delta,29.4,31.88,27.0,73.49,4.11,2.2,14.96,37.35
2024-08-30,Nagapattinam,10.7672,79.8449,Delta,28.77,30.85,27.01,80.3,5.08,10.28,20.39,37.34
2024-08-31,Nagapattinam,10.7672,79.8449,Delta,29.43,32.26,27.3,75.35,4.78,3.59,20.53,37.32
2024-09-01,Nagapattinam,10.7672,79.8449,Delta,29.36,31.94,26.91,72.56,4.73,0.85,22.32,37.3
2024-09-02,Nagapattinam,10.7672,79.8449,Delta,29.59,32.55,26.65,71.21,4.46,0.35,22.29,37.28
2024-09-03,Nagapattinam,10.7672,79.8449,Delta,29.99,32.69,27.31,72.58,3.83,0.93,22.72,37.26
2024-09-04,Nagapattinam,10.7672,79.8449,Delta,29.47,31.52,27.53,76.51,3.49,2.83,17.97,37.24
2024-09-05,Nagapattinam,10.7672,79.8449,Delta,30.06,33.17,26.81,73.78,3.12,4.11,23.42,37.22
2024-09-06,Nagapattinam,10.7672,79.8449,Delta,29.74,31.81,27.44,74.69,3.21,3.66,16.38,37.2
2024-09-07,Nagapattinam,10.7672,79.8449,Delta,29.69,32.13,27.33,74.35,3.07,2.76,19.07,37.18
2024-09-08,Nagapattinam,10.7672,79.8449,Delta,29.4,31.51,27.08,76.2,4.3,2.77,16.85,37.15
2024-09-09,Nagapattinam,10.7672,79.8449,Delta,29.88,32.78,27.24,73.08,5.07,0.48,21.45,37.12
2024-09-10,Nagapattinam,10.7672,79.8449,Delta,30.28,33.21,27.35,72.27,5.35,0.32,22.71,37.08
2024-09-11,Nagapattinam,10.7672,79.8449,Delta,30.17,32.89,27.79,74.2,4.6,2.31,21.96,37.05
2024-09-12,Nagapattinam,10.7672,79.8449,Delta,29.96,32.78,27.26,71.96,4.14,0.09,23.51,37.02
2024-09-13,Nagapattinam,10.7672,79.8449,Delta,30.19,33.02,27.92,71.43,3.44,0.29,23.94,36.99
2024-09-14,Nagapattinam,10.7672,79.8449,Delta,30.38,33.3,27.72,70.74,3.75,0.33,18.83,36.95
2024-09-15,Nagapattinam,10.7672,79.8449,Delta,30.55,33.93,27.4,68.86,3.88,0.26,23.55,36.91
2024-09-16,Nagapattinam,10.7672,79.8449,Delta,30.82,34.14,27.65,66.87,3.71,0.09,24.85,36.86
2024-09-17,Nagapattinam,10.7672,79.8449,Delta,30.9,34.14,28.08,67.17,4.33,0.12,24.06,36.82
2024-09-18,Nagapattinam,10.7672,79.8449,Delta,30.62,33.84,28.32,68.72,3.95,0.34,25.21,36.78
2024-09-19,Nagapattinam,10.7672,79.8449,Delta,30.02,32.27,27.64,69.37,3.39,0.24,22.59,36.73
2024-09-20,Nagapattinam,10.7672,79.8449,Delta,30.05,32.78,27.69,71.26,2.94,1.45,22.32,36.68
2024-09-21,Nagapattinam,10.7672,79.8449,Delta,29.28,31.46,26.86,75.46,2.84,10.8,18.35,36.63
2024-09-22,Nagapattinam,10.7672,79.8449,Delta,30.2,33.61,27.36,71.38,3.88,1.73,16.85,36.58
2024-09-23,Nagapattinam,10.7672,79.8449,Delta,30.4,33.15,27.82,70.91,3.51,3.0,21.22,36.53
2024-09-24,Nagapattinam,10.7672,79.8449,Delta,28.78,30.78,27.15,79.46,4.21,5.65,21.45,36.49
2024-09-25,Nagapattinam,10.7672,79.8449,Delta,30.13,33.67,27.04,71.89,4.7,2.3,22.58,36.43
2024-09-26,Nagapattinam,10.7672,79.8449,Delta,29.72,31.91,27.76,70.85,3.24,0.53,18.46,36.38
2024-09-27,Nagapattinam,10.7672,79.8449,Delta,29.51,31.55,27.83,72.63,2.57,1.99,20.92,36.32
2024-09-28,Nagapattinam,10.7672,79.8449,Delta,29.19,30.94,27.82,75.59,2.56,3.09,21.34,36.26
2024-09-29,Nagapattinam,10.7672,79.8449,Delta,29.12,30.33,27.95,78.83,3.55,2.05,21.42,36.19
2024-09-30,Nagapattinam,10.7672,79.8449,Delta,29.32,31.03,28.19,75.63,2.72,2.17,14.24,36.12
2024-10-01,Nagapattinam,10.7672,79.8449,Delta,29.27,31.09,27.73,75.53,2.64,0.64,22.81,36.05
2024-10-02,Nagapattinam,10.7672,79.8449,Delta,29.87,32.38,27.96,75.87,4.8,1.74,22.43,35.97
2024-10-03,Nagapattinam,10.7672,79.8449,Delta,30.07,32.88,27.79,76.35,4.71,3.36,20.14,35.89
2024-10-04,Nagapattinam,10.7672,79.8449,Delta,29.34,31.04,27.91,81.03,3.69,11.43,19.61,35.81
2024-10-05,Nagapattinam,10.7672,79.8449,Delta,29.18,31.48,27.19,77.27,3.37,5.57,15.74,35.75
2024-10-06,Nagapattinam,10.7672,79.8449,Delta,27.62,28.15,27.25,85.57,1.93,8.82,8.07,35.68
2024-10-07,Nagapattinam,10.7672,79.8449,Delta,27.72,28.46,26.81,83.33,2.39,3.89,13.77,35.61
2024-10-08,Nagapattinam,10.7672,79.8449,Delta,28.38,30.08,26.77,78.21,2.94,5.64,18.04,35.53
2024-10-09,Nagapattinam,10.7672,79.8449,Delta,28.72,30.66,27.07,78.98,2.31,4.7,15.25,35.45
2024-10-10,Nagapattinam,10.7672,79.8449,Delta,28.39,29.88,27.01,80.1,2.46,6.12,15.58,35.37
2024-10-11,Nagapattinam,10.7672,79.8449,Delta,28.17,29.12,27.15,83.15,3.07,10.5,19.37,35.3
2024-10-12,Nagapattinam,10.7672,79.8449,Delta,28.49,29.83,27.44,80.85,2.54,9.57,17.8,35.22
2024-10-13,Nagapattinam,10.7672,79.8449,Delta,28.1,29.13,27.28,83.6,1.92,8.31,15.87,35.15
2024-10-14,Nagapattinam,10.7672,79.8449,Delta,27.15,27.41,26.64,84.39,2.15,13.7,5.82,35.08
2024-10-15,Nagapattinam,10.7672,79.8449,Delta,26.83,27.47,25.8,86.0,2.44,19.5,8.34,35.0
2024-10-16,Nagapattinam,10.7672,79.8449,Delta,27.77,30.3,25.48,79.39,3.81,2.11,16.54,34.92
2024-10-17,Nagapattinam,10.7672,79.8449,Delta,28.89,31.1,26.74,78.67,3.62,1.22,21.32,34.83
2024-10-18,Nagapattinam,10.7672,79.8449,Delta,28.77,30.48,27.69,78.8,1.95,4.42,17.77,34.74
2024-10-19,Nagapattinam,10.7672,79.8449,Delta,27.93,28.36,27.14,80.06,1.89,7.33,11.65,34.66
2024-10-20,Nagapattinam,10.7672,79.8449,Delta,28.67,30.26,27.56,76.7,1.69,5.2,14.4,34.58
2024-10-21,Nagapattinam,10.7672,79.8449,Delta,28.39,29.57,27.43,82.28,1.57,3.79,14.72,34.5
2024-10-22,Nagapattinam,10.7672,79.8449,Delta,28.26,29.62,27.21,82.61,1.62,6.04,17.54,34.41
2024-10-23,Nagapattinam,10.7672,79.8449,Delta,28.76,30.4,27.47,80.13,1.41,2.74,20.67,34.32
2024-10-24,Nagapattinam,10.7672,79.8449,Delta,28.4,29.35,27.58,84.77,3.33,7.94,17.15,34.23
2024-10-25,Nagapattinam,10.7672,79.8449,Delta,28.07,29.67,26.18,79.22,3.67,9.16,17.84,34.13
2024-10-26,Nagapattinam,10.7672,79.8449,Delta,28.86,31.08,27.1,80.84,3.77,5.41,20.42,34.03
2024-10-27,Nagapattinam,10.7672,79.8449,Delta,28.93,30.9,26.97,80.12,3.34,2.28,20.34,33.93
2024-10-28,Nagapattinam,10.7672,79.8449,Delta,29.03,31.06,27.3,80.61,3.1,1.96,19.23,33.84
2024-10-29,Nagapattinam,10.7672,79.8449,Delta,28.83,30.78,26.83,79.44,2.58,2.44,19.87,33.74
2024-10-30,Nagapattinam,10.7672,79.8449,Delta,28.32,29.33,27.41,83.52,2.2,4.44,15.72,33.65
2024-10-31,Nagapattinam,10.7672,79.8449,Delta,28.41,29.66,27.53,82.01,1.95,3.6,14.54,33.57
2024-11-01,Nagapattinam,10.7672,79.8449,Delta,27.94,28.89,27.15,83.89,1.94,9.78,13.2,33.48
2024-11-02,Nagapattinam,10.7672,79.8449,Delta,27.98,29.29,26.95,85.18,3.56,9.32,17.65,33.39
2024-11-03,Nagapattinam,10.7672,79.8449,Delta,27.74,28.61,26.95,84.59,2.97,3.26,18.65,33.29
2024-11-04,Nagapattinam,10.7672,79.8449,Delta,28.21,30.1,26.9,77.65,3.28,1.7,17.64,33.2
2024-11-05,Nagapattinam,10.7672,79.8449,Delta,28.14,29.72,26.63,76.57,3.48,0.1,19.31,33.11
2024-11-06,Nagapattinam,10.7672,79.8449,Delta,28.15,30.03,26.33,82.82,4.47,6.69,20.15,33.02
2024-11-07,Nagapattinam,10.7672,79.8449,Delta,28.19,29.3,27.29,85.38,4.43,8.62,8.36,32.93
2024-11-08,Nagapattinam,10.7672,79.8449,Delta,28.54,29.86,27.61,82.8,5.07,2.11,9.23,32.84
2024-11-09,Nagapattinam,10.7672,79.8449,Delta,28.45,29.84,27.52,77.67,5.07,0.83,16.11,32.76
2024-11-10,Nagapattinam,10.7672,79.8449,Delta,28.22,29.73,27.09,77.58,5.28,0.38,21.8,32.67
2024-11-11,Nagapattinam,10.7672,79.8449,Delta,28.17,29.91,26.78,80.9,5.8,2.72,19.98,32.59
2024-11-12,Nagapattinam,10.7672,79.8449,Delta,27.74,28.68,26.87,86.79,3.44,8.08,15.32,32.5
2024-11-13,Nagapattinam,10.7672,79.8449,Delta,28.16,29.0,27.54,86.31,3.75,14.31,7.71,32.42
2024-11-14,Nagapattinam,10.7672,79.8449,Delta,27.92,28.87,27.26,85.74,3.47,15.08,14.88,32.34
2024-11-15,Nagapattinam,10.7672,79.8449,Delta,27.54,28.53,26.78,87.31,3.74,18.11,10.11,32.26
2024-11-16,Nagapattinam,10.7672,79.8449,Delta,27.84,28.85,27.08,86.42,3.56,18.24,14.12,32.18
2024-11-17,Nagapattinam,10.7672,79.8449,Delta,27.93,29.13,27.12,84.04,4.85,16.25,9.59,32.1
2024-11-18,Nagapattinam,10.7672,79.8449,Delta,28.16,29.59,27.22,81.1,5.33,14.47,12.4,32.02
2024-11-19,Nagapattinam,10.7672,79.8449,Delta,27.73,28.87,26.9,80.78,5.92,5.34,10.52,31.95
2024-11-20,Nagapattinam,10.7672,79.8449,Delta,27.55,28.82,26.67,81.06,5.61,6.14,2.07,31.88
2024-11-21,Nagapattinam,10.7672,79.8449,Delta,27.23,28.66,26.28,80.16,5.65,4.32,10.31,31.8
2024-11-22,Nagapattinam,10.7672,79.8449,Delta,26.98,28.26,25.79,83.42,5.63,0.93,15.51,31.72
2024-11-23,Nagapattinam,10.7672,79.8449,Delta,27.51,28.98,26.54,82.46,4.73,1.69,11.98,31.65
2024-11-24,Nagapattinam,10.7672,79.8449,Delta,27.4,28.76,26.56,83.15,5.28,0.84,10.73,31.57
2024-11-25,Nagapattinam,10.7672,79.8449,Delta,26.97,27.87,26.36,85.46,5.78,3.03,7.03,31.5
2024-11-26,Nagapattinam,10.7672,79.8449,Delta,27.08,27.66,26.56,90.08,5.73,58.22,1.65,31.43
2024-11-27,Nagapattinam,10.7672,79.8449,Delta,26.62,27.27,25.72,90.08,8.22,32.21,2.27,31.37
2024-11-28,Nagapattinam,10.7672,79.8449,Delta,25.79,26.66,24.8,89.59,9.06,17.57,6.31,31.31
2024-11-29,Nagapattinam,10.7672,79.8449,Delta,26.95,27.92,25.88,91.63,7.78,17.68,10.5,31.25
2024-11-30,Nagapattinam,10.7672,79.8449,Delta,27.08,28.37,26.04,89.95,7.52,12.1,7.64,31.2
2024-12-01,Nagapattinam,10.7672,79.8449,Delta,26.77,27.24,26.11,91.0,8.69,22.57,8.32,31.15
2024-12-02,Nagapattinam,10.7672,79.8449,Delta,27.4,28.39,26.63,88.97,5.91,17.94,15.85,31.1
2024-12-03,Nagapattinam,10.7672,79.8449,Delta,27.26,28.7,26.08,85.55,3.62,0.5,14.16,31.05
2024-12-04,Nagapattinam,10.7672,79.8449,Delta,27.18,28.56,25.99,84.73,2.12,1.54,14.66,31.01
2024-12-05,Nagapattinam,10.7672,79.8449,Delta,27.11,28.47,26.14,85.55,2.51,1.09,18.58,30.97
2024-12-06,Nagapattinam,10.7672,79.8449,Delta,26.7,28.1,25.54,86.63,2.92,0.79,18.51,30.93
2024-12-07,Nagapattinam,10.7672,79.8449,Delta,27.36,28.92,26.28,79.73,2.82,0.31,17.58,30.89
2024-12-08,Nagapattinam,10.7672,79.8449,Delta,27.03,28.44,26.15,82.07,3.31,0.43,17.32,30.85
2024-12-09,Nagapattinam,10.7672,79.8449,Delta,27.04,28.65,25.72,83.96,3.6,0.72,15.7,30.82
2024-12-10,Nagapattinam,10.7672,79.8449,Delta,27.31,28.7,26.37,81.37,4.88,0.98,12.79,30.78
2024-12-11,Nagapattinam,10.7672,79.8449,Delta,26.65,27.47,25.81,88.54,5.61,22.31,3.52,30.76
2024-12-12,Nagapattinam,10.7672,79.8449,Delta,26.76,27.18,25.77,90.55,5.98,66.6,6.05,30.73
2024-12-13,Nagapattinam,10.7672,79.8449,Delta,26.99,27.61,26.26,86.13,5.61,18.33,4.39,30.71
2024-12-14,Nagapattinam,10.7672,79.8449,Delta,26.46,27.46,25.68,83.04,5.5,1.8,10.31,30.69
2024-12-15,Nagapattinam,10.7672,79.8449,Delta,25.98,27.15,25.02,80.11,5.44,0.3,16.74,30.67
2024-12-16,Nagapattinam,10.7672,79.8449,Delta,25.73,27.02,24.68,83.66,5.63,7.81,13.78,30.66
2024-12-17,Nagapattinam,10.7672,79.8449,Delta,24.63,25.94,23.26,89.34,6.18,15.07,9.7,30.65
2024-12-18,Nagapattinam,10.7672,79.8449,Delta,25.48,27.66,23.0,89.68,5.34,0.45,13.43,30.64
2024-12-19,Nagapattinam,10.7672,79.8449,Delta,26.57,28.18,25.31,88.85,4.74,0.52,13.78,30.64
2024-12-20,Nagapattinam,10.7672,79.8449,Delta,26.67,28.25,25.4,88.36,2.54,1.37,15.37,30.64
2024-12-21,Nagapattinam,10.7672,79.8449,Delta,26.96,28.74,25.55,88.8,2.6,0.87,15.02,30.64
2024-12-22,Nagapattinam,10.7672,79.8449,Delta,26.36,27.36,25.46,88.1,4.0,0.36,15.82,30.64
2024-12-23,Nagapattinam,10.7672,79.8449,Delta,26.03,27.77,24.68,87.1,4.26,0.04,18.23,30.64
2024-12-24,Nagapattinam,10.7672,79.8449,Delta,26.11,28.3,24.24,87.96,4.16,2.53,19.09,30.64
2024-12-25,Nagapattinam,10.7672,79.8449,Delta,25.9,27.74,24.18,88.62,3.95,2.17,14.21,30.65
2024-12-26,Nagapattinam,10.7672,79.8449,Delta,26.47,28.1,25.16,87.46,3.61,1.66,12.97,30.68
2024-12-27,Nagapattinam,10.7672,79.8449,Delta,26.65,27.92,25.68,83.72,5.1,2.42,12.61,30.7
2024-12-28,Nagapattinam,10.7672,79.8449,Delta,26.39,27.75,25.38,78.34,4.46,0.16,17.16,30.73
2024-12-29,Nagapattinam,10.7672,79.8449,Delta,26.39,27.67,25.5,84.76,5.32,7.26,13.88,30.76
2024-12-30,Nagapattinam,10.7672,79.8449,Delta,26.51,27.58,25.84,88.83,5.46,9.21,10.58,30.79
2024-12-31,Nagapattinam,10.7672,79.8449,Delta,26.56,27.74,25.85,84.85,5.96,1.09,14.37,30.83
