date,location,latitude,longitude,zone,T2M,T2M_MAX,T2M_MIN,RH2M,WS2M,PRECTOTCORR,ALLSKY_SFC_SW_DWN,TOA_SW_DWN
2005-01-01,Tirunelveli,8.7139,77.7567,Dryland,23.68,27.56,21.1,83.27,2.3,0.03,11.71,31.82
2005-01-02,Tirunelveli,8.7139,77.7567,Dryland,24.31,29.78,20.64,80.07,2.65,0.0,17.45,31.85
2005-01-03,Tirunelveli,8.7139,77.7567,Dryland,23.66,29.78,18.8,80.2,2.42,0.0,19.65,31.89
2005-01-04,Tirunelveli,8.7139,77.7567,Dryland,23.92,29.99,19.7,77.89,2.9,0.0,18.54,31.93
2005-01-05,Tirunelveli,8.7139,77.7567,Dryland,23.62,30.09,18.19,80.2,2.78,0.0,17.93,31.97
2005-01-06,Tirunelveli,8.7139,77.7567,Dryland,23.1,29.79,17.71,75.75,2.73,0.0,20.41,32.02
2005-01-07,Tirunelveli,8.7139,77.7567,Dryland,23.41,30.08,17.01,77.89,3.05,0.0,18.49,32.07
2005-01-08,Tirunelveli,8.7139,77.7567,Dryland,23.66,29.87,18.2,77.54,2.7,0.0,16.4,32.12
2005-01-09,Tirunelveli,8.7139,77.7567,Dryland,22.18,26.45,19.27,79.73,2.64,0.0,13.12,32.17
2005-01-10,Tirunelveli,8.7139,77.7567,Dryland,22.92,30.42,16.98,71.41,1.83,0.0,15.17,32.22
2005-01-11,Tirunelveli,8.7139,77.7567,Dryland,23.41,31.96,16.24,68.38,1.46,0.0,18.76,32.27
2005-01-12,Tirunelveli,8.7139,77.7567,Dryland,23.28,31.68,16.15,66.13,1.89,0.0,21.34,32.33
2005-01-13,Tirunelveli,8.7139,77.7567,Dryland,23.27,30.05,18.68,73.97,2.18,0.0,19.79,32.37
2005-01-14,Tirunelveli,8.7139,77.7567,Dryland,22.8,30.28,16.91,72.18,2.97,0.0,22.09,32.42
2005-01-15,Tirunelveli,8.7139,77.7567,Dryland,23.07,30.83,16.67,72.0,2.7,0.0,22.11,32.48
2005-01-16,Tirunelveli,8.7139,77.7567,Dryland,23.44,31.13,16.56,72.95,2.19,0.0,21.0,32.55
2005-01-17,Tirunelveli,8.7139,77.7567,Dryland,24.83,32.28,18.53,71.95,1.54,0.0,20.21,32.63
2005-01-18,Tirunelveli,8.7139,77.7567,Dryland,25.98,33.02,19.6,73.8,1.0,0.3,19.71,32.72
2005-01-19,Tirunelveli,8.7139,77.7567,Dryland,26.49,32.78,21.77,74.98,1.64,0.54,17.12,32.8
2005-01-20,Tirunelveli,8.7139,77.7567,Dryland,26.5,33.19,22.12,72.61,3.75,0.05,18.51,32.89
2005-01-21,Tirunelveli,8.7139,77.7567,Dryland,25.55,30.6,22.49,77.48,4.93,0.27,11.47,32.96
2005-01-22,Tirunelveli,8.7139,77.7567,Dryland,25.65,30.86,22.28,77.6,4.37,0.37,16.26,33.04
2005-01-23,Tirunelveli,8.7139,77.7567,Dryland,25.99,31.93,21.99,73.76,3.67,0.11,18.89,33.12
2005-01-24,Tirunelveli,8.7139,77.7567,Dryland,25.47,31.08,21.94,78.36,2.93,0.22,18.36,33.2
2005-01-25,Tirunelveli,8.7139,77.7567,Dryland,26.08,32.75,21.49,74.07,3.03,0.01,20.56,33.28
2005-01-26,Tirunelveli,8.7139,77.7567,Dryland,26.04,33.11,21.14,70.73,2.51,0.0,20.11,33.36
2005-01-27,Tirunelveli,8.7139,77.7567,Dryland,25.97,32.35,20.98,71.55,1.59,0.12,16.72,33.44
2005-01-28,Tirunelveli,8.7139,77.7567,Dryland,24.55,27.96,22.43,77.26,1.4,0.1,15.89,33.53
2005-01-29,Tirunelveli,8.7139,77.7567,Dryland,25.93,32.24,21.13,74.48,1.32,1.47,18.19,33.61
2005-01-30,Tirunelveli,8.7139,77.7567,Dryland,25.88,32.22,21.32,75.51,1.87,1.53,17.42,33.69
2005-01-31,Tirunelveli,8.7139,77.7567,Dryland,26.64,33.02,21.83,72.31,1.52,0.26,18.25,33.77
2005-02-01,Tirunelveli,8.7139,77.7567,Dryland,27.13,33.38,22.53,71.25,1.21,0.13,18.1,33.86
2005-02-02,Tirunelveli,8.7139,77.7567,Dryland,26.83,32.97,22.95,72.76,2.07,0.1,20.01,33.95
2005-02-03,Tirunelveli,8.7139,77.7567,Dryland,26.86,33.2,22.54,69.46,2.64,0.0,19.32,34.03
2005-02-04,Tirunelveli,8.7139,77.7567,Dryland,26.71,33.36,22.12,67.97,3.22,0.0,20.46,34.12
2005-02-05,Tirunelveli,8.7139,77.7567,Dryland,26.42,33.25,20.98,68.99,2.66,0.0,20.38,34.21
2005-02-06,Tirunelveli,8.7139,77.7567,Dryland,26.65,33.95,21.67,65.21,2.69,0.0,21.72,34.31
2005-02-07,Tirunelveli,8.7139,77.7567,Dryland,25.49,33.54,18.46,65.31,2.92,0.0,24.16,34.39
2005-02-08,Tirunelveli,8.7139,77.7567,Dryland,26.34,34.3,20.48,66.87,3.86,0.0,23.04,34.48
2005-02-09,Tirunelveli,8.7139,77.7567,Dryland,25.97,32.8,21.32,65.18,4.99,0.02,23.06,34.57
2005-02-10,Tirunelveli,8.7139,77.7567,Dryland,26.21,33.16,21.56,63.74,4.62,0.0,22.11,34.66
2005-02-11,Tirunelveli,8.7139,77.7567,Dryland,25.97,33.59,20.62,62.21,4.01,0.0,22.24,34.74
2005-02-12,Tirunelveli,8.7139,77.7567,Dryland,25.68,33.47,19.82,64.67,4.15,0.0,21.85,34.82
2005-02-13,Tirunelveli,8.7139,77.7567,Dryland,25.74,34.27,19.67,64.36,3.41,0.0,23.36,34.91
2005-02-14,Tirunelveli,8.7139,77.7567,Dryland,25.57,35.05,19.0,63.6,2.78,0.0,25.41,35.0
2005-02-15,Tirunelveli,8.7139,77.7567,Dryland,26.92,37.02,19.37,56.49,1.45,0.0,24.2,35.09
2005-02-16,Tirunelveli,8.7139,77.7567,Dryland,27.59,37.41,20.71,55.37,1.35,0.0,24.83,35.17
2005-02-17,Tirunelveli,8.7139,77.7567,Dryland,28.09,38.02,21.7,58.68,1.5,0.0,24.82,35.26
2005-02-18,Tirunelveli,8.7139,77.7567,Dryland,27.51,36.75,20.94,57.28,1.91,0.0,23.33,35.35
2005-02-19,Tirunelveli,8.7139,77.7567,Dryland,26.76,36.39,18.38,56.97,1.94,0.0,24.71,35.43
2005-02-20,Tirunelveli,8.7139,77.7567,Dryland,26.52,33.79,20.52,61.9,1.8,0.0,24.36,35.52
2005-02-21,Tirunelveli,8.7139,77.7567,Dryland,27.54,35.01,21.16,61.05,1.46,0.34,23.08,35.6
2005-02-22,Tirunelveli,8.7139,77.7567,Dryland,27.92,34.68,23.44,68.31,1.89,0.65,20.52,35.68
2005-02-23,Tirunelveli,8.7139,77.7567,Dryland,28.85,34.97,24.31,64.86,2.34,0.02,21.39,35.76
2005-02-24,Tirunelveli,8.7139,77.7567,Dryland,29.2,35.84,24.43,62.2,2.76,0.0,21.18,35.84
2005-02-25,Tirunelveli,8.7139,77.7567,Dryland,29.03,36.51,24.06,58.86,2.7,0.0,23.71,35.92
2005-02-26,Tirunelveli,8.7139,77.7567,Dryland,27.58,35.95,21.98,56.99,2.56,0.0,25.03,36.0
2005-02-27,Tirunelveli,8.7139,77.7567,Dryland,27.06,35.6,20.06,59.52,2.45,0.0,25.39,36.07
2005-02-28,Tirunelveli,8.7139,77.7567,Dryland,27.32,35.19,20.1,54.61,2.07,0.0,25.24,36.14
2005-03-01,Tirunelveli,8.7139,77.7567,Dryland,26.83,34.06,20.72,61.08,2.28,0.0,25.39,36.21
2005-03-02,Tirunelveli,8.7139,77.7567,Dryland,28.0,36.82,21.36,60.71,2.23,0.0,24.31,36.28
2005-03-03,Tirunelveli,8.7139,77.7567,Dryland,28.22,36.71,21.86,58.44,2.28,0.0,24.86,36.35
2005-03-04,Tirunelveli,8.7139,77.7567,Dryland,28.75,37.26,21.55,57.45,1.92,0.27,23.79,36.42
2005-03-05,Tirunelveli,8.7139,77.7567,Dryland,28.17,34.95,23.94,68.31,1.83,6.14,19.6,36.49
2005-03-06,Tirunelveli,8.7139,77.7567,Dryland,26.64,30.26,23.99,78.8,1.82,3.61,18.48,36.56
2005-03-07,Tirunelveli,8.7139,77.7567,Dryland,26.46,31.44,23.32,76.04,2.25,0.25,19.37,36.62
2005-03-08,Tirunelveli,8.7139,77.7567,Dryland,26.57,31.77,22.94,72.23,1.95,0.0,21.12,36.69
2005-03-09,Tirunelveli,8.7139,77.7567,Dryland,26.76,31.86,23.07,73.25,2.13,0.05,20.31,36.74
2005-03-10,Tirunelveli,8.7139,77.7567,Dryland,27.68,33.8,22.87,68.88,1.21,0.24,20.8,36.8
2005-03-11,Tirunelveli,8.7139,77.7567,Dryland,27.5,33.02,23.79,71.92,1.39,4.47,21.03,36.86
2005-03-12,Tirunelveli,8.7139,77.7567,Dryland,28.05,35.31,22.49,67.33,1.23,1.5,23.64,36.91
2005-03-13,Tirunelveli,8.7139,77.7567,Dryland,29.3,36.31,23.56,63.01,1.18,0.2,21.54,36.96
2005-03-14,Tirunelveli,8.7139,77.7567,Dryland,29.06,35.99,24.2,61.8,1.9,0.17,23.13,37.01
2005-03-15,Tirunelveli,8.7139,77.7567,Dryland,28.68,36.03,23.65,60.86,2.4,0.0,23.13,37.06
2005-03-16,Tirunelveli,8.7139,77.7567,Dryland,27.84,35.16,21.75,60.02,2.41,0.0,24.01,37.12
2005-03-17,Tirunelveli,8.7139,77.7567,Dryland,27.25,34.68,21.13,57.66,2.88,0.0,24.77,37.16
2005-03-18,Tirunelveli,8.7139,77.7567,Dryland,28.31,36.48,21.8,60.06,2.55,0.01,23.96,37.21
2005-03-19,Tirunelveli,8.7139,77.7567,Dryland,29.43,37.49,23.56,59.94,2.09,0.51,23.93,37.25
2005-03-20,Tirunelveli,8.7139,77.7567,Dryland,29.8,37.25,24.23,59.66,1.96,0.05,22.97,37.3
2005-03-21,Tirunelveli,8.7139,77.7567,Dryland,30.08,37.79,23.87,57.33,1.79,0.01,21.14,37.34
2005-03-22,Tirunelveli,8.7139,77.7567,Dryland,30.68,38.96,24.7,57.42,1.6,0.0,22.22,37.37
2005-03-23,Tirunelveli,8.7139,77.7567,Dryland,30.63,38.58,24.67,57.73,2.64,0.0,23.3,37.41
2005-03-24,Tirunelveli,8.7139,77.7567,Dryland,30.68,39.09,25.53,57.94,2.83,0.15,22.95,37.44
2005-03-25,Tirunelveli,8.7139,77.7567,Dryland,30.45,37.83,24.67,56.13,2.66,0.02,22.73,37.47
2005-03-26,Tirunelveli,8.7139,77.7567,Dryland,30.41,36.75,25.79,51.83,2.56,0.0,21.43,37.5
2005-03-27,Tirunelveli,8.7139,77.7567,Dryland,31.0,39.23,24.84,54.98,2.68,0.44,23.17,37.53
2005-03-28,Tirunelveli,8.7139,77.7567,Dryland,30.04,35.87,25.44,58.59,1.59,0.24,21.68,37.55
2005-03-29,Tirunelveli,8.7139,77.7567,Dryland,29.34,36.05,25.59,64.28,3.5,0.0,18.36,37.58
2005-03-30,Tirunelveli,8.7139,77.7567,Dryland,28.64,33.42,25.59,69.69,2.93,2.39,20.87,37.6
2005-03-31,Tirunelveli,8.7139,77.7567,Dryland,28.09,33.15,24.73,68.95,3.16,0.47,18.49,37.62
2005-04-01,Tirunelveli,8.7139,77.7567,Dryland,30.4,38.06,24.55,56.6,1.71,0.02,20.51,37.63
2005-04-02,Tirunelveli,8.7139,77.7567,Dryland,28.53,33.6,25.11,70.62,1.6,13.7,17.41,37.65
2005-04-03,Tirunelveli,8.7139,77.7567,Dryland,26.07,28.33,24.49,86.85,1.47,15.91,8.48,37.66
2005-04-04,Tirunelveli,8.7139,77.7567,Dryland,25.78,29.39,23.57,85.42,1.53,101.36,11.6,37.67
2005-04-05,Tirunelveli,8.7139,77.7567,Dryland,24.69,26.88,22.65,91.75,1.44,29.0,10.38,37.69
2005-04-06,Tirunelveli,8.7139,77.7567,Dryland,25.65,28.72,23.23,88.91,1.42,16.5,18.39,37.7
2005-04-07,Tirunelveli,8.7139,77.7567,Dryland,25.6,28.25,23.98,89.18,1.81,11.94,15.54,37.71
2005-04-08,Tirunelveli,8.7139,77.7567,Dryland,25.7,28.49,23.67,89.02,2.21,0.49,23.63,37.71
2005-04-09,Tirunelveli,8.7139,77.7567,Dryland,25.9,28.83,23.66,86.8,1.83,0.05,23.67,37.72
2005-04-10,Tirunelveli,8.7139,77.7567,Dryland,25.83,28.91,23.6,88.75,1.75,2.74,22.78,37.72
2005-04-11,Tirunelveli,8.7139,77.7567,Dryland,25.99,29.03,23.94,90.3,1.8,11.56,18.21,37.72
2005-04-12,Tirunelveli,8.7139,77.7567,Dryland,26.01,29.39,23.93,88.3,1.84,1.97,19.97,37.72
2005-04-13,Tirunelveli,8.7139,77.7567,Dryland,25.81,29.15,23.35,87.91,1.4,2.91,16.24,37.72
2005-04-14,Tirunelveli,8.7139,77.7567,Dryland,26.38,30.21,23.05,83.65,0.9,0.28,21.89,37.71
2005-04-15,Tirunelveli,8.7139,77.7567,Dryland,26.65,30.2,24.01,82.85,0.96,1.95,21.56,37.71
2005-04-16,Tirunelveli,8.7139,77.7567,Dryland,26.84,31.57,23.03,80.66,0.94,13.13,23.02,37.7
2005-04-17,Tirunelveli,8.7139,77.7567,Dryland,26.63,31.05,22.67,83.2,0.99,10.82,20.39,37.69
2005-04-18,Tirunelveli,8.7139,77.7567,Dryland,26.97,31.49,23.2,82.87,0.97,7.91,22.89,37.68
2005-04-19,Tirunelveli,8.7139,77.7567,Dryland,25.99,28.8,24.06,87.95,0.82,14.34,16.96,37.67
2005-04-20,Tirunelveli,8.7139,77.7567,Dryland,25.21,27.76,22.91,91.45,1.67,16.95,18.02,37.66
2005-04-21,Tirunelveli,8.7139,77.7567,Dryland,25.55,29.7,22.11,84.35,1.67,2.46,18.8,37.64
2005-04-22,Tirunelveli,8.7139,77.7567,Dryland,25.66,28.45,22.93,86.17,1.19,0.63,20.56,37.63
2005-04-23,Tirunelveli,8.7139,77.7567,Dryland,26.23,29.73,22.62,84.69,0.95,0.63,21.42,37.61
2005-04-24,Tirunelveli,8.7139,77.7567,Dryland,26.09,28.94,23.73,87.9,0.99,0.8,19.72,37.6
2005-04-25,Tirunelveli,8.7139,77.7567,Dryland,26.4,29.43,23.26,84.9,0.85,8.2,17.59,37.58
2005-04-26,Tirunelveli,8.7139,77.7567,Dryland,27.62,31.97,23.75,81.16,0.73,1.41,22.39,37.56
2005-04-27,Tirunelveli,8.7139,77.7567,Dryland,26.85,29.71,24.11,86.48,1.25,0.01,22.37,37.53
2005-04-28,Tirunelveli,8.7139,77.7567,Dryland,26.68,30.36,23.84,87.11,1.42,0.0,22.75,37.5
2005-04-29,Tirunelveli,8.7139,77.7567,Dryland,27.49,31.48,24.2,86.17,1.36,0.01,22.33,37.47
2005-04-30,Tirunelveli,8.7139,77.7567,Dryland,27.49,31.42,24.53,85.18,1.64,0.82,22.42,37.44
2005-05-01,Tirunelveli,8.7139,77.7567,Dryland,27.54,31.7,24.35,82.39,1.61,0.2,21.7,37.42
2005-05-02,Tirunelveli,8.7139,77.7567,Dryland,26.64,30.02,24.35,88.35,1.22,31.05,11.95,37.4
2005-05-03,Tirunelveli,8.7139,77.7567,Dryland,26.49,29.38,24.12,87.08,1.86,6.47,17.32,37.39
2005-05-04,Tirunelveli,8.7139,77.7567,Dryland,26.06,29.5,23.52,85.11,1.94,0.04,16.03,37.37
2005-05-05,Tirunelveli,8.7139,77.7567,Dryland,26.43,31.37,22.72,79.72,1.99,0.0,20.59,37.35
2005-05-06,Tirunelveli,8.7139,77.7567,Dryland,26.55,31.02,22.6,82.36,2.27,0.03,22.74,37.32
2005-05-07,Tirunelveli,8.7139,77.7567,Dryland,26.41,30.14,23.88,84.39,2.13,0.1,22.03,37.29
2005-05-08,Tirunelveli,8.7139,77.7567,Dryland,27.06,31.31,23.55,83.27,2.28,0.02,21.7,37.26
2005-05-09,Tirunelveli,8.7139,77.7567,Dryland,26.89,31.66,23.68,80.72,3.15,0.0,22.04,37.23
2005-05-10,Tirunelveli,8.7139,77.7567,Dryland,26.7,32.05,22.55,79.73,3.14,0.0,23.12,37.2
2005-05-11,Tirunelveli,8.7139,77.7567,Dryland,27.02,31.59,24.11,80.82,2.54,0.02,23.37,37.16
2005-05-12,Tirunelveli,8.7139,77.7567,Dryland,27.08,31.23,23.78,82.34,2.31,0.02,20.84,37.14
2005-05-13,Tirunelveli,8.7139,77.7567,Dryland,27.0,30.75,24.06,82.4,2.03,0.0,22.68,37.11
2005-05-14,Tirunelveli,8.7139,77.7567,Dryland,26.79,30.24,24.25,86.94,2.01,0.45,23.1,37.08
2005-05-15,Tirunelveli,8.7139,77.7567,Dryland,27.2,31.06,24.4,85.6,2.5,0.08,22.91,37.05
2005-05-16,Tirunelveli,8.7139,77.7567,Dryland,27.01,30.23,24.68,85.75,2.53,0.0,23.15,37.02
2005-05-17,Tirunelveli,8.7139,77.7567,Dryland,26.97,32.07,23.24,81.53,2.85,0.04,24.11,37.0
2005-05-18,Tirunelveli,8.7139,77.7567,Dryland,28.01,33.92,23.09,75.6,2.94,0.01,23.92,36.97
2005-05-19,Tirunelveli,8.7139,77.7567,Dryland,28.45,33.72,24.22,77.61,2.44,0.02,22.26,36.95
2005-05-20,Tirunelveli,8.7139,77.7567,Dryland,28.26,32.93,24.87,79.2,2.07,0.04,20.4,36.92
2005-05-21,Tirunelveli,8.7139,77.7567,Dryland,27.75,31.52,24.89,80.85,2.31,0.06,21.51,36.89
2005-05-22,Tirunelveli,8.7139,77.7567,Dryland,27.94,32.59,25.12,80.38,2.84,1.99,19.97,36.86
2005-05-23,Tirunelveli,8.7139,77.7567,Dryland,26.99,30.29,24.66,83.9,2.76,0.78,18.61,36.83
2005-05-24,Tirunelveli,8.7139,77.7567,Dryland,27.64,31.82,25.09,80.94,3.04,0.08,18.6,36.8
2005-05-25,Tirunelveli,8.7139,77.7567,Dryland,27.35,30.62,24.97,82.55,2.23,0.68,19.86,36.78
2005-05-26,Tirunelveli,8.7139,77.7567,Dryland,26.84,29.93,24.82,86.99,2.18,20.01,21.04,36.75
2005-05-27,Tirunelveli,8.7139,77.7567,Dryland,26.46,29.12,24.39,87.47,2.94,11.9,10.13,36.71
2005-05-28,Tirunelveli,8.7139,77.7567,Dryland,26.52,30.31,23.71,82.97,2.3,0.14,17.38,36.69
2005-05-29,Tirunelveli,8.7139,77.7567,Dryland,26.15,29.34,23.42,88.62,2.89,80.33,16.54,36.67
2005-05-30,Tirunelveli,8.7139,77.7567,Dryland,25.63,28.29,23.89,89.55,2.9,24.21,15.82,36.65
2005-05-31,Tirunelveli,8.7139,77.7567,Dryland,25.97,29.03,23.86,87.14,3.74,4.02,20.68,36.63
2005-06-01,Tirunelveli,8.7139,77.7567,Dryland,26.26,29.32,24.3,87.4,3.62,4.61,19.79,36.6
2005-06-02,Tirunelveli,8.7139,77.7567,Dryland,25.96,28.15,24.47,89.14,3.63,0.66,19.5,36.58
2005-06-03,Tirunelveli,8.7139,77.7567,Dryland,26.15,28.79,24.5,88.91,3.25,0.03,21.52,36.55
2005-06-04,Tirunelveli,8.7139,77.7567,Dryland,25.62,27.74,24.27,91.36,2.38,11.98,19.68,36.52
2005-06-05,Tirunelveli,8.7139,77.7567,Dryland,25.41,27.6,24.16,91.62,2.61,18.06,14.18,36.5
2005-06-06,Tirunelveli,8.7139,77.7567,Dryland,25.46,27.82,24.23,90.02,2.96,7.21,16.6,36.48
2005-06-07,Tirunelveli,8.7139,77.7567,Dryland,25.83,28.1,24.04,90.15,3.05,6.88,19.37,36.46
2005-06-08,Tirunelveli,8.7139,77.7567,Dryland,26.55,29.17,24.9,90.93,3.78,9.9,18.23,36.43
2005-06-09,Tirunelveli,8.7139,77.7567,Dryland,26.07,27.22,25.35,92.28,4.7,44.42,13.91,36.41
2005-06-10,Tirunelveli,8.7139,77.7567,Dryland,25.9,27.98,24.81,90.6,4.32,14.14,14.91,36.39
2005-06-11,Tirunelveli,8.7139,77.7567,Dryland,26.13,28.49,24.77,89.84,4.08,4.63,17.05,36.38
2005-06-12,Tirunelveli,8.7139,77.7567,Dryland,25.92,28.32,24.23,91.0,3.49,7.03,20.16,36.37
2005-06-13,Tirunelveli,8.7139,77.7567,Dryland,25.12,27.0,23.05,89.3,4.26,3.88,19.05,36.36
2005-06-14,Tirunelveli,8.7139,77.7567,Dryland,25.52,29.04,22.61,87.22,3.21,1.22,20.55,36.35
2005-06-15,Tirunelveli,8.7139,77.7567,Dryland,25.42,28.5,23.82,88.18,3.98,5.02,21.04,36.34
2005-06-16,Tirunelveli,8.7139,77.7567,Dryland,25.2,26.72,23.87,91.77,4.55,19.32,17.43,36.33
2005-06-17,Tirunelveli,8.7139,77.7567,Dryland,24.82,26.44,23.32,91.5,5.24,11.77,16.63,36.32
2005-06-18,Tirunelveli,8.7139,77.7567,Dryland,24.76,27.34,22.99,89.93,4.74,4.07,12.33,36.31
2005-06-19,Tirunelveli,8.7139,77.7567,Dryland,24.94,27.23,23.7,90.39,4.68,22.21,16.06,36.31
2005-06-20,Tirunelveli,8.7139,77.7567,Dryland,24.88,26.62,23.68,90.67,4.87,11.86,15.33,36.31
2005-06-21,Tirunelveli,8.7139,77.7567,Dryland,24.8,26.72,23.73,90.03,4.92,2.08,9.95,36.3
2005-06-22,Tirunelveli,8.7139,77.7567,Dryland,25.06,27.71,23.47,88.92,4.16,0.96,17.66,36.3
2005-06-23,Tirunelveli,8.7139,77.7567,Dryland,25.19,28.0,23.42,90.28,4.25,0.28,16.27,36.3
2005-06-24,Tirunelveli,8.7139,77.7567,Dryland,25.55,28.6,23.53,89.64,4.57,5.27,20.98,36.3
2005-06-25,Tirunelveli,8.7139,77.7567,Dryland,25.43,28.35,23.97,90.3,4.27,14.65,18.91,36.3
2005-06-26,Tirunelveli,8.7139,77.7567,Dryland,25.01,27.4,23.63,90.23,3.82,6.08,20.15,36.3
2005-06-27,Tirunelveli,8.7139,77.7567,Dryland,25.25,27.91,23.35,89.88,3.77,0.99,18.81,36.3
2005-06-28,Tirunelveli,8.7139,77.7567,Dryland,25.35,28.23,23.48,88.04,3.78,0.13,20.14,36.3
2005-06-29,Tirunelveli,8.7139,77.7567,Dryland,24.79,27.89,22.11,87.87,3.29,0.23,18.9,36.31
2005-06-30,Tirunelveli,8.7139,77.7567,Dryland,25.19,28.77,22.54,88.28,3.44,16.28,20.09,36.31
2005-07-01,Tirunelveli,8.7139,77.7567,Dryland,25.29,28.34,23.38,89.61,3.37,13.36,20.74,36.31
2005-07-02,Tirunelveli,8.7139,77.7567,Dryland,24.85,27.28,23.08,91.2,2.91,2.0,23.56,36.3
2005-07-03,Tirunelveli,8.7139,77.7567,Dryland,24.87,27.24,23.16,91.57,3.22,6.34,19.07,36.31
2005-07-04,Tirunelveli,8.7139,77.7567,Dryland,25.06,27.35,23.66,91.28,3.93,5.7,16.59,36.32
2005-07-05,Tirunelveli,8.7139,77.7567,Dryland,25.19,27.4,23.76,90.24,3.91,4.31,19.0,36.33
2005-07-06,Tirunelveli,8.7139,77.7567,Dryland,24.61,26.96,23.17,89.58,4.07,1.58,17.12,36.33
2005-07-07,Tirunelveli,8.7139,77.7567,Dryland,25.07,28.02,22.95,88.76,4.44,0.1,19.16,36.35
2005-07-08,Tirunelveli,8.7139,77.7567,Dryland,24.83,26.96,23.55,90.6,4.76,4.98,21.2,36.36
2005-07-09,Tirunelveli,8.7139,77.7567,Dryland,24.79,26.78,23.55,91.48,5.01,18.96,17.48,36.38
2005-07-10,Tirunelveli,8.7139,77.7567,Dryland,23.85,25.65,22.63,90.41,5.05,17.24,15.57,36.39
2005-07-11,Tirunelveli,8.7139,77.7567,Dryland,24.25,26.82,22.7,88.82,4.88,4.8,18.33,36.41
2005-07-12,Tirunelveli,8.7139,77.7567,Dryland,24.43,26.95,22.6,90.15,4.06,1.0,20.97,36.42
2005-07-13,Tirunelveli,8.7139,77.7567,Dryland,24.3,26.87,22.74,89.64,4.27,1.3,19.05,36.44
2005-07-14,Tirunelveli,8.7139,77.7567,Dryland,24.21,26.79,22.39,90.18,3.34,0.86,15.59,36.46
2005-07-15,Tirunelveli,8.7139,77.7567,Dryland,24.0,26.77,22.41,91.09,3.74,0.76,12.83,36.48
2005-07-16,Tirunelveli,8.7139,77.7567,Dryland,24.46,27.77,22.49,89.58,3.46,7.04,17.37,36.5
2005-07-17,Tirunelveli,8.7139,77.7567,Dryland,24.44,27.82,22.29,88.98,4.41,3.33,15.86,36.51
2005-07-18,Tirunelveli,8.7139,77.7567,Dryland,24.85,28.29,22.87,89.18,4.26,0.5,20.07,36.53
2005-07-19,Tirunelveli,8.7139,77.7567,Dryland,24.77,27.4,23.28,90.29,4.45,0.75,18.19,36.55
2005-07-20,Tirunelveli,8.7139,77.7567,Dryland,24.73,27.59,23.19,89.94,4.79,0.95,17.76,36.57
2005-07-21,Tirunelveli,8.7139,77.7567,Dryland,24.64,27.53,22.62,89.36,4.07,0.04,20.6,36.59
2005-07-22,Tirunelveli,8.7139,77.7567,Dryland,24.82,28.06,22.81,89.98,4.0,5.43,17.41,36.61
2005-07-23,Tirunelveli,8.7139,77.7567,Dryland,24.68,27.23,23.35,89.93,4.2,4.95,15.97,36.64
2005-07-24,Tirunelveli,8.7139,77.7567,Dryland,24.81,27.03,23.42,89.95,4.83,0.44,14.87,36.66
2005-07-25,Tirunelveli,8.7139,77.7567,Dryland,24.82,26.66,23.62,90.99,5.05,2.11,13.09,36.68
2005-07-26,Tirunelveli,8.7139,77.7567,Dryland,24.75,26.32,23.73,91.64,5.01,10.72,15.0,36.7
2005-07-27,Tirunelveli,8.7139,77.7567,Dryland,25.08,27.58,23.66,90.58,4.34,19.97,16.79,36.72
2005-07-28,Tirunelveli,8.7139,77.7567,Dryland,25.07,27.7,23.34,90.57,4.06,28.93,15.69,36.74
2005-07-29,Tirunelveli,8.7139,77.7567,Dryland,24.83,27.47,22.87,90.87,4.22,24.03,14.98,36.77
2005-07-30,Tirunelveli,8.7139,77.7567,Dryland,24.0,26.1,22.54,90.92,4.52,26.73,14.23,36.78
2005-07-31,Tirunelveli,8.7139,77.7567,Dryland,24.85,27.05,23.12,90.9,5.25,14.99,16.91,36.8
2005-08-01,Tirunelveli,8.7139,77.7567,Dryland,24.79,26.95,23.22,89.99,5.14,10.53,16.07,36.83
2005-08-02,Tirunelveli,8.7139,77.7567,Dryland,24.62,27.34,23.09,90.41,4.86,1.72,20.35,36.85
2005-08-03,Tirunelveli,8.7139,77.7567,Dryland,24.77,27.97,22.67,88.74,4.02,0.96,21.05,36.87
2005-08-04,Tirunelveli,8.7139,77.7567,Dryland,24.79,27.81,22.96,89.12,3.7,0.64,20.89,36.89
2005-08-05,Tirunelveli,8.7139,77.7567,Dryland,24.93,28.2,22.62,88.76,3.8,0.1,20.95,36.9
2005-08-06,Tirunelveli,8.7139,77.7567,Dryland,24.78,28.56,22.49,89.72,3.27,0.01,24.69,36.92
2005-08-07,Tirunelveli,8.7139,77.7567,Dryland,25.03,29.31,22.27,88.15,3.6,0.0,25.0,36.94
2005-08-08,Tirunelveli,8.7139,77.7567,Dryland,24.89,28.81,21.78,88.11,3.34,0.0,24.13,36.96
2005-08-09,Tirunelveli,8.7139,77.7567,Dryland,25.06,29.1,22.4,88.85,3.13,0.09,21.49,36.98
2005-08-10,Tirunelveli,8.7139,77.7567,Dryland,25.23,28.38,23.4,88.44,4.31,0.09,23.2,37.0
2005-08-11,Tirunelveli,8.7139,77.7567,Dryland,25.26,28.14,23.51,88.46,4.76,0.17,19.99,37.02
2005-08-12,Tirunelveli,8.7139,77.7567,Dryland,24.74,27.23,23.12,88.47,4.43,0.09,19.36,37.04
2005-08-13,Tirunelveli,8.7139,77.7567,Dryland,24.99,28.26,23.24,88.23,3.96,1.39,21.76,37.05
2005-08-14,Tirunelveli,8.7139,77.7567,Dryland,25.06,28.48,23.29,87.89,4.03,0.41,22.68,37.07
2005-08-15,Tirunelveli,8.7139,77.7567,Dryland,25.21,28.69,23.2,87.39,4.43,2.64,22.34,37.08
2005-08-16,Tirunelveli,8.7139,77.7567,Dryland,24.92,27.67,22.93,88.98,3.94,0.17,22.56,37.1
2005-08-17,Tirunelveli,8.7139,77.7567,Dryland,25.03,28.61,22.71,87.74,3.47,0.02,23.71,37.11
2005-08-18,Tirunelveli,8.7139,77.7567,Dryland,24.76,28.5,22.55,87.76,3.64,0.0,23.71,37.13
2005-08-19,Tirunelveli,8.7139,77.7567,Dryland,24.78,28.16,22.59,88.17,3.8,0.02,20.86,37.14
2005-08-20,Tirunelveli,8.7139,77.7567,Dryland,24.5,27.97,22.24,89.04,3.17,0.0,23.82,37.15
2005-08-21,Tirunelveli,8.7139,77.7567,Dryland,25.33,30.0,21.82,85.17,3.3,0.04,25.11,37.16
2005-08-22,Tirunelveli,8.7139,77.7567,Dryland,25.19,28.7,21.87,85.81,2.52,0.02,23.72,37.17
2005-08-23,Tirunelveli,8.7139,77.7567,Dryland,25.0,29.28,22.01,86.81,2.35,0.04,21.25,37.18
2005-08-24,Tirunelveli,8.7139,77.7567,Dryland,24.71,29.25,21.61,86.39,2.66,0.01,22.45,37.19
2005-08-25,Tirunelveli,8.7139,77.7567,Dryland,24.98,28.91,22.33,87.09,3.14,0.25,23.8,37.2
2005-08-26,Tirunelveli,8.7139,77.7567,Dryland,25.34,29.36,22.68,86.56,3.08,0.45,23.45,37.21
2005-08-27,Tirunelveli,8.7139,77.7567,Dryland,24.55,27.22,22.69,88.32,3.06,1.08,20.99,37.21
2005-08-28,Tirunelveli,8.7139,77.7567,Dryland,24.83,28.48,22.3,88.11,2.5,0.14,22.29,37.21
2005-08-29,Tirunelveli,8.7139,77.7567,Dryland,25.58,29.46,22.32,85.22,3.07,0.68,22.11,37.21
2005-08-30,Tirunelveli,8.7139,77.7567,Dryland,25.94,29.94,22.89,85.96,3.18,6.82,21.22,37.21
2005-08-31,Tirunelveli,8.7139,77.7567,Dryland,25.4,28.63,23.27,87.94,3.96,12.37,18.81,37.2
2005-09-01,Tirunelveli,8.7139,77.7567,Dryland,25.28,28.7,23.42,88.18,3.63,5.68,21.14,37.2
2005-09-02,Tirunelveli,8.7139,77.7567,Dryland,24.93,27.41,22.97,91.0,3.33,23.2,17.08,37.19
2005-09-03,Tirunelveli,8.7139,77.7567,Dryland,25.03,27.32,23.6,91.5,3.78,9.31,18.95,37.18
2005-09-04,Tirunelveli,8.7139,77.7567,Dryland,24.86,27.21,23.61,91.3,5.14,53.36,14.72,37.18
2005-09-05,Tirunelveli,8.7139,77.7567,Dryland,24.21,26.3,22.79,90.15,5.55,24.29,11.75,37.17
2005-09-06,Tirunelveli,8.7139,77.7567,Dryland,23.86,25.88,22.66,90.87,4.45,7.36,11.69,37.16
2005-09-07,Tirunelveli,8.7139,77.7567,Dryland,23.69,26.01,22.34,90.83,4.9,7.83,13.53,37.14
2005-09-08,Tirunelveli,8.7139,77.7567,Dryland,24.42,27.49,22.62,88.85,5.49,1.69,17.77,37.13
2005-09-09,Tirunelveli,8.7139,77.7567,Dryland,24.9,28.0,23.26,89.3,4.96,0.34,18.11,37.11
2005-09-10,Tirunelveli,8.7139,77.7567,Dryland,24.78,27.54,23.03,89.87,4.81,17.52,10.66,37.09
2005-09-11,Tirunelveli,8.7139,77.7567,Dryland,24.04,26.19,22.77,92.04,3.72,22.92,11.73,37.06
2005-09-12,Tirunelveli,8.7139,77.7567,Dryland,24.38,26.81,23.01,90.96,4.14,6.46,14.09,37.04
2005-09-13,Tirunelveli,8.7139,77.7567,Dryland,24.48,26.93,23.02,90.36,3.93,3.22,14.59,37.02
2005-09-14,Tirunelveli,8.7139,77.7567,Dryland,24.81,27.55,23.26,90.83,3.29,0.49,21.17,37.0
2005-09-15,Tirunelveli,8.7139,77.7567,Dryland,24.59,27.44,22.69,90.74,2.33,0.57,21.08,36.98
2005-09-16,Tirunelveli,8.7139,77.7567,Dryland,25.07,29.11,22.06,88.9,2.46,0.04,24.44,36.97
2005-09-17,Tirunelveli,8.7139,77.7567,Dryland,25.22,29.76,21.97,88.14,2.71,0.0,24.66,36.95
2005-09-18,Tirunelveli,8.7139,77.7567,Dryland,25.15,29.51,22.68,87.85,3.62,0.0,25.12,36.92
2005-09-19,Tirunelveli,8.7139,77.7567,Dryland,24.83,28.53,22.77,88.2,4.42,4.24,22.89,36.89
2005-09-20,Tirunelveli,8.7139,77.7567,Dryland,24.97,28.08,23.2,88.0,4.61,5.76,18.7,36.85
2005-09-21,Tirunelveli,8.7139,77.7567,Dryland,24.94,28.5,22.81,87.78,3.66,1.15,23.8,36.82
2005-09-22,Tirunelveli,8.7139,77.7567,Dryland,25.17,29.42,21.89,87.34,3.12,0.01,22.32,36.78
2005-09-23,Tirunelveli,8.7139,77.7567,Dryland,25.11,29.37,21.72,87.45,2.84,0.0,23.63,36.74
2005-09-24,Tirunelveli,8.7139,77.7567,Dryland,25.2,29.37,22.22,86.83,2.85,0.01,23.1,36.7
2005-09-25,Tirunelveli,8.7139,77.7567,Dryland,25.2,29.01,22.13,87.31,3.02,0.08,24.6,36.66
2005-09-26,Tirunelveli,8.7139,77.7567,Dryland,25.13,28.98,22.74,87.3,3.3,0.0,22.93,36.62
2005-09-27,Tirunelveli,8.7139,77.7567,Dryland,25.38,29.6,22.81,86.29,3.51,0.0,24.49,36.57
2005-09-28,Tirunelveli,8.7139,77.7567,Dryland,24.8,27.95,22.7,87.38,3.17,0.08,22.52,36.53
2005-09-29,Tirunelveli,8.7139,77.7567,Dryland,25.11,29.41,22.58,86.07,3.38,0.0,23.14,36.48
2005-09-30,Tirunelveli,8.7139,77.7567,Dryland,24.7,29.29,21.05,85.31,3.19,0.0,23.79,36.43
2005-10-01,Tirunelveli,8.7139,77.7567,Dryland,24.42,30.03,20.08,83.33,2.46,0.0,24.77,36.37
2005-10-02,Tirunelveli,8.7139,77.7567,Dryland,24.48,27.9,21.88,89.37,2.45,0.05,21.8,36.32
2005-10-03,Tirunelveli,8.7139,77.7567,Dryland,25.07,28.6,22.63,87.85,2.43,0.03,21.08,36.27
2005-10-04,Tirunelveli,8.7139,77.7567,Dryland,25.42,29.25,22.62,87.36,1.79,1.05,19.34,36.21
2005-10-05,Tirunelveli,8.7139,77.7567,Dryland,25.42,29.3,22.12,88.15,1.46,0.25,19.64,36.16
2005-10-06,Tirunelveli,8.7139,77.7567,Dryland,26.34,30.84,22.35,83.5,1.0,0.03,19.1,36.1
2005-10-07,Tirunelveli,8.7139,77.7567,Dryland,25.35,28.39,23.19,89.11,1.45,0.07,19.7,36.04
2005-10-08,Tirunelveli,8.7139,77.7567,Dryland,24.63,27.11,22.64,89.6,1.85,6.22,18.15,35.98
2005-10-09,Tirunelveli,8.7139,77.7567,Dryland,25.17,29.45,21.72,84.85,1.75,0.7,17.71,35.92
2005-10-10,Tirunelveli,8.7139,77.7567,Dryland,25.51,29.52,22.38,86.27,1.81,0.71,18.47,35.86
2005-10-11,Tirunelveli,8.7139,77.7567,Dryland,24.7,27.03,23.15,90.34,1.72,28.8,13.66,35.8
2005-10-12,Tirunelveli,8.7139,77.7567,Dryland,24.57,26.61,23.27,92.74,3.19,49.85,12.64,35.73
2005-10-13,Tirunelveli,8.7139,77.7567,Dryland,24.62,27.51,23.13,89.08,3.58,11.08,16.17,35.66
2005-10-14,Tirunelveli,8.7139,77.7567,Dryland,25.3,28.56,23.3,88.97,3.24,4.99,16.74,35.6
2005-10-15,Tirunelveli,8.7139,77.7567,Dryland,25.26,28.55,23.02,89.36,1.82,1.81,23.6,35.53
2005-10-16,Tirunelveli,8.7139,77.7567,Dryland,25.22,29.5,22.47,86.81,1.7,0.01,24.43,35.45
2005-10-17,Tirunelveli,8.7139,77.7567,Dryland,25.08,28.9,22.44,88.11,1.89,0.06,22.12,35.38
2005-10-18,Tirunelveli,8.7139,77.7567,Dryland,24.64,27.22,22.76,88.94,1.83,2.75,17.95,35.31
2005-10-19,Tirunelveli,8.7139,77.7567,Dryland,24.66,28.39,22.36,86.46,2.84,0.97,18.55,35.23
2005-10-20,Tirunelveli,8.7139,77.7567,Dryland,24.95,28.79,22.34,87.46,2.69,0.12,19.72,35.16
2005-10-21,Tirunelveli,8.7139,77.7567,Dryland,25.14,28.14,23.0,89.96,2.14,17.94,20.45,35.08
2005-10-22,Tirunelveli,8.7139,77.7567,Dryland,24.88,27.15,23.16,92.56,2.38,43.12,17.82,35.01
2005-10-23,Tirunelveli,8.7139,77.7567,Dryland,24.65,27.45,23.16,91.02,3.48,20.0,17.43,34.93
2005-10-24,Tirunelveli,8.7139,77.7567,Dryland,24.31,26.62,23.05,92.58,2.29,19.94,9.23,34.85
2005-10-25,Tirunelveli,8.7139,77.7567,Dryland,24.35,26.88,22.74,92.29,2.36,8.9,16.17,34.77
2005-10-26,Tirunelveli,8.7139,77.7567,Dryland,24.57,27.96,22.37,89.26,2.16,3.29,14.06,34.69
2005-10-27,Tirunelveli,8.7139,77.7567,Dryland,24.57,28.07,22.43,87.18,2.58,0.04,18.99,34.61
2005-10-28,Tirunelveli,8.7139,77.7567,Dryland,24.2,26.71,22.69,89.21,2.97,0.05,20.86,34.53
2005-10-29,Tirunelveli,8.7139,77.7567,Dryland,25.19,28.97,22.62,88.07,3.28,1.47,22.47,34.45
2005-10-30,Tirunelveli,8.7139,77.7567,Dryland,25.36,29.12,22.81,87.9,3.34,0.36,19.51,34.37
2005-10-31,Tirunelveli,8.7139,77.7567,Dryland,25.27,29.07,22.73,87.42,2.61,0.25,19.29,34.29
2005-11-01,Tirunelveli,8.7139,77.7567,Dryland,24.92,28.27,22.9,90.5,3.03,6.7,18.52,34.21
2005-11-02,Tirunelveli,8.7139,77.7567,Dryland,24.27,26.66,22.74,91.55,2.51,3.96,12.1,34.13
2005-11-03,Tirunelveli,8.7139,77.7567,Dryland,24.34,27.73,22.0,88.49,1.79,5.51,11.42,34.05
2005-11-04,Tirunelveli,8.7139,77.7567,Dryland,23.43,25.38,22.03,91.19,1.26,3.6,8.68,33.97
2005-11-05,Tirunelveli,8.7139,77.7567,Dryland,23.42,25.05,21.96,93.26,1.4,2.82,8.64,33.89
2005-11-06,Tirunelveli,8.7139,77.7567,Dryland,23.53,25.58,21.79,92.49,1.85,40.15,10.52,33.81
2005-11-07,Tirunelveli,8.7139,77.7567,Dryland,24.52,26.84,22.61,87.31,1.36,15.94,14.47,33.73
2005-11-08,Tirunelveli,8.7139,77.7567,Dryland,24.11,25.97,22.51,92.76,1.11,33.21,13.95,33.65
2005-11-09,Tirunelveli,8.7139,77.7567,Dryland,24.39,27.1,22.35,91.14,1.42,4.61,14.63,33.57
2005-11-10,Tirunelveli,8.7139,77.7567,Dryland,24.49,27.06,22.15,90.59,1.01,4.16,11.15,33.49
2005-11-11,Tirunelveli,8.7139,77.7567,Dryland,25.0,28.43,22.26,89.04,0.64,11.21,16.33,33.41
2005-11-12,Tirunelveli,8.7139,77.7567,Dryland,23.79,25.26,22.19,93.84,1.47,11.42,3.16,33.34
2005-11-13,Tirunelveli,8.7139,77.7567,Dryland,23.49,26.08,21.61,92.63,1.1,78.82,12.12,33.26
2005-11-14,Tirunelveli,8.7139,77.7567,Dryland,22.97,25.2,21.21,90.32,0.99,18.81,13.51,33.18
2005-11-15,Tirunelveli,8.7139,77.7567,Dryland,24.25,28.3,21.05,85.86,0.9,0.02,18.35,33.1
2005-11-16,Tirunelveli,8.7139,77.7567,Dryland,22.48,26.15,19.26,89.59,2.01,0.0,18.49,33.02
2005-11-17,Tirunelveli,8.7139,77.7567,Dryland,21.26,26.11,16.79,83.46,2.17,0.55,19.62,32.94
2005-11-18,Tirunelveli,8.7139,77.7567,Dryland,21.4,26.12,17.56,83.58,1.97,0.22,20.78,32.87
2005-11-19,Tirunelveli,8.7139,77.7567,Dryland,22.29,27.04,17.83,85.73,1.66,0.41,17.58,32.8
2005-11-20,Tirunelveli,8.7139,77.7567,Dryland,21.9,24.29,20.47,91.05,1.87,0.53,10.13,32.73
2005-11-21,Tirunelveli,8.7139,77.7567,Dryland,23.33,27.4,20.1,89.83,1.72,1.22,10.02,32.67
2005-11-22,Tirunelveli,8.7139,77.7567,Dryland,23.54,24.81,22.33,95.27,3.3,2.37,4.49,32.61
2005-11-23,Tirunelveli,8.7139,77.7567,Dryland,24.44,27.06,22.66,92.14,1.1,36.65,8.81,32.54
2005-11-24,Tirunelveli,8.7139,77.7567,Dryland,24.5,27.37,22.46,90.34,1.38,26.37,5.03,32.48
2005-11-25,Tirunelveli,8.7139,77.7567,Dryland,23.51,26.21,21.71,93.39,1.97,28.41,13.56,32.42
2005-11-26,Tirunelveli,8.7139,77.7567,Dryland,23.6,26.59,21.57,91.38,2.23,6.46,16.27,32.36
2005-11-27,Tirunelveli,8.7139,77.7567,Dryland,24.05,27.4,21.3,90.35,1.94,6.57,15.49,32.3
2005-11-28,Tirunelveli,8.7139,77.7567,Dryland,23.98,27.58,21.45,90.0,2.87,2.44,16.99,32.25
2005-11-29,Tirunelveli,8.7139,77.7567,Dryland,22.75,26.09,19.54,85.25,1.9,19.46,17.73,32.2
2005-11-30,Tirunelveli,8.7139,77.7567,Dryland,23.58,27.42,20.27,89.38,1.3,7.27,15.47,32.14
2005-12-01,Tirunelveli,8.7139,77.7567,Dryland,24.23,28.37,21.31,87.4,1.43,0.56,16.67,32.09
2005-12-02,Tirunelveli,8.7139,77.7567,Dryland,23.92,28.06,20.42,89.34,1.77,15.82,18.3,32.03
2005-12-03,Tirunelveli,8.7139,77.7567,Dryland,24.76,28.0,22.29,91.43,1.66,13.23,19.42,31.99
2005-12-04,Tirunelveli,8.7139,77.7567,Dryland,24.84,27.68,22.9,91.05,0.87,1.75,15.13,31.95
2005-12-05,Tirunelveli,8.7139,77.7567,Dryland,23.92,25.78,22.7,93.42,2.16,4.23,9.73,31.91
2005-12-06,Tirunelveli,8.7139,77.7567,Dryland,23.78,26.83,21.43,91.01,2.5,0.33,14.54,31.87
2005-12-07,Tirunelveli,8.7139,77.7567,Dryland,22.83,26.99,19.81,89.16,2.35,0.0,20.91,31.84
2005-12-08,Tirunelveli,8.7139,77.7567,Dryland,22.86,27.12,18.67,82.22,1.92,0.0,21.62,31.81
2005-12-09,Tirunelveli,8.7139,77.7567,Dryland,23.08,27.55,18.22,83.39,1.15,0.45,16.31,31.78
2005-12-10,Tirunelveli,8.7139,77.7567,Dryland,22.93,24.63,21.51,93.34,1.45,36.66,8.58,31.75
2005-12-11,Tirunelveli,8.7139,77.7567,Dryland,24.12,27.63,21.31,90.56,1.32,18.69,7.63,31.72
2005-12-12,Tirunelveli,8.7139,77.7567,Dryland,23.36,25.29,21.95,94.02,2.03,1.78,13.46,31.7
2005-12-13,Tirunelveli,8.7139,77.7567,Dryland,24.12,26.74,21.9,92.91,2.51,8.77,12.81,31.67
2005-12-14,Tirunelveli,8.7139,77.7567,Dryland,23.88,26.55,22.34,92.08,3.0,1.08,12.87,31.65
2005-12-15,Tirunelveli,8.7139,77.7567,Dryland,23.03,26.52,20.68,90.16,3.22,0.02,18.05,31.64
2005-12-16,Tirunelveli,8.7139,77.7567,Dryland,22.02,26.23,18.98,88.1,2.72,0.0,20.71,31.62
2005-12-17,Tirunelveli,8.7139,77.7567,Dryland,23.22,28.0,17.96,86.24,1.63,0.06,12.99,31.62
2005-12-18,Tirunelveli,8.7139,77.7567,Dryland,24.06,27.38,21.49,87.27,1.49,0.66,12.62,31.61
2005-12-19,Tirunelveli,8.7139,77.7567,Dryland,24.71,28.35,22.29,89.8,1.58,0.37,19.76,31.6
2005-12-20,Tirunelveli,8.7139,77.7567,Dryland,24.64,28.75,21.36,88.51,1.6,0.0,19.46,31.6
2005-12-21,Tirunelveli,8.7139,77.7567,Dryland,24.91,29.6,21.5,87.8,1.46,0.03,16.94,31.6
2005-12-22,Tirunelveli,8.7139,77.7567,Dryland,24.57,28.77,21.56,88.25,1.65,0.55,17.69,31.61
2005-12-23,Tirunelveli,8.7139,77.7567,Dryland,24.27,28.54,21.18,88.13,1.93,0.02,19.72,31.61
2005-12-24,Tirunelveli,8.7139,77.7567,Dryland,24.24,28.67,21.05,87.4,1.26,0.0,19.0,31.62
2005-12-25,Tirunelveli,8.7139,77.7567,Dryland,23.27,27.19,20.43,88.81,2.07,0.0,17.97,31.64
2005-12-26,Tirunelveli,8.7139,77.7567,Dryland,22.46,26.25,19.67,88.46,2.63,0.0,18.6,31.66
2005-12-27,Tirunelveli,8.7139,77.7567,Dryland,21.25,25.65,17.41,85.5,2.55,0.0,20.15,31.68
2005-12-28,Tirunelveli,8.7139,77.7567,Dryland,21.14,25.93,16.25,85.38,2.03,0.0,19.79,31.69
2005-12-29,Tirunelveli,8.7139,77.7567,Dryland,22.12,26.84,17.98,88.81,2.22,0.0,18.62,31.72
2005-12-30,Tirunelveli,8.7139,77.7567,Dryland,21.43,25.9,17.89,86.91,2.47,0.0,18.56,31.74
2005-12-31,Tirunelveli,8.7139,77.7567,Dryland,21.27,26.14,16.3,87.9,2.47,0.0,16.98,31.77
2006-01-01,Tirunelveli,8.7139,77.7567,Dryland,21.88,25.99,18.39,86.58,3.14,0.02,19.37,31.8
2006-01-02,Tirunelveli,8.7139,77.7567,Dryland,21.55,25.81,17.89,87.59,2.61,0.07,16.19,31.84
2006-01-03,Tirunelveli,8.7139,77.7567,Dryland,22.02,26.54,17.82,88.62,2.59,0.01,18.18,31.88
2006-01-04,Tirunelveli,8.7139,77.7567,Dryland,22.95,26.93,19.66,88.76,2.41,0.15,18.01,31.92
2006-01-05,Tirunelveli,8.7139,77.7567,Dryland,23.17,26.93,20.93,91.24,2.76,1.41,12.59,31.96
2006-01-06,Tirunelveli,8.7139,77.7567,Dryland,23.07,26.51,21.29,88.41,3.44,0.2,13.8,32.0
2006-01-07,Tirunelveli,8.7139,77.7567,Dryland,23.51,27.02,20.75,90.06,3.22,0.2,16.56,32.05
2006-01-08,Tirunelveli,8.7139,77.7567,Dryland,23.7,26.5,22.32,91.75,3.78,3.35,11.89,32.1
2006-01-09,Tirunelveli,8.7139,77.7567,Dryland,23.8,27.08,21.86,90.02,3.32,0.25,15.48,32.15
2006-01-10,Tirunelveli,8.7139,77.7567,Dryland,24.0,27.37,21.16,88.5,3.25,0.02,15.97,32.21
2006-01-11,Tirunelveli,8.7139,77.7567,Dryland,22.72,26.66,18.95,86.98,3.12,0.13,17.37,32.26
2006-01-12,Tirunelveli,8.7139,77.7567,Dryland,23.21,26.65,19.89,89.43,3.32,0.51,11.29,32.32
2006-01-13,Tirunelveli,8.7139,77.7567,Dryland,22.71,25.32,20.44,90.21,3.93,1.54,11.41,32.38
2006-01-14,Tirunelveli,8.7139,77.7567,Dryland,23.31,25.82,21.65,94.22,2.58,4.73,3.86,32.45
2006-01-15,Tirunelveli,8.7139,77.7567,Dryland,23.83,26.84,22.19,92.06,2.25,0.78,13.3,32.51
2006-01-16,Tirunelveli,8.7139,77.7567,Dryland,23.74,27.06,21.93,91.92,2.47,17.89,10.39,32.58
2006-01-17,Tirunelveli,8.7139,77.7567,Dryland,23.72,27.97,20.82,89.63,2.29,1.07,19.29,32.65
2006-01-18,Tirunelveli,8.7139,77.7567,Dryland,22.75,27.87,18.68,85.42,2.22,0.0,22.45,32.72
2006-01-19,Tirunelveli,8.7139,77.7567,Dryland,21.1,26.69,16.89,86.62,2.45,0.0,23.0,32.79
2006-01-20,Tirunelveli,8.7139,77.7567,Dryland,20.4,26.35,15.71,84.91,2.28,0.0,23.24,32.86
2006-01-21,Tirunelveli,8.7139,77.7567,Dryland,20.21,26.37,14.78,84.16,2.12,0.0,23.94,32.93
2006-01-22,Tirunelveli,8.7139,77.7567,Dryland,20.9,26.79,15.2,82.04,1.94,0.0,23.61,33.01
2006-01-23,Tirunelveli,8.7139,77.7567,Dryland,21.44,27.46,15.67,78.53,1.54,0.0,23.83,33.09
2006-01-24,Tirunelveli,8.7139,77.7567,Dryland,21.92,28.05,16.21,73.18,1.41,0.0,22.64,33.17
2006-01-25,Tirunelveli,8.7139,77.7567,Dryland,22.02,27.72,16.77,80.57,1.95,0.0,20.51,33.25
2006-01-26,Tirunelveli,8.7139,77.7567,Dryland,21.64,27.28,17.65,80.57,2.6,0.0,22.28,33.33
2006-01-27,Tirunelveli,8.7139,77.7567,Dryland,22.32,27.99,16.66,84.2,3.17,0.02,19.97,33.42
2006-01-28,Tirunelveli,8.7139,77.7567,Dryland,22.96,28.25,18.63,81.8,3.47,0.0,18.5,33.5
2006-01-29,Tirunelveli,8.7139,77.7567,Dryland,21.92,27.82,17.63,78.45,3.42,0.0,20.49,33.58
2006-01-30,Tirunelveli,8.7139,77.7567,Dryland,21.1,27.64,15.54,78.47,2.8,0.0,19.12,33.67
2006-01-31,Tirunelveli,8.7139,77.7567,Dryland,22.14,28.68,16.3,80.71,2.92,0.0,21.21,33.75
2006-02-01,Tirunelveli,8.7139,77.7567,Dryland,22.42,28.7,17.14,78.93,3.01,0.0,22.01,33.84
2006-02-02,Tirunelveli,8.7139,77.7567,Dryland,22.65,28.98,17.3,79.04,2.92,0.0,21.65,33.92
2006-02-03,Tirunelveli,8.7139,77.7567,Dryland,23.7,29.61,18.93,81.13,3.05,0.11,15.83,34.01
2006-02-04,Tirunelveli,8.7139,77.7567,Dryland,24.54,29.5,21.03,81.99,4.2,0.76,14.22,34.1
2006-02-05,Tirunelveli,8.7139,77.7567,Dryland,24.94,30.66,21.35,78.23,3.88,0.06,18.58,34.19
2006-02-06,Tirunelveli,8.7139,77.7567,Dryland,24.36,30.53,19.93,77.1,3.43,0.0,21.34,34.28
2006-02-07,Tirunelveli,8.7139,77.7567,Dryland,22.24,28.74,16.37,74.34,3.08,0.0,23.99,34.36
2006-02-08,Tirunelveli,8.7139,77.7567,Dryland,22.68,30.3,16.82,72.67,3.16,0.0,22.05,34.45
2006-02-09,Tirunelveli,8.7139,77.7567,Dryland,24.05,30.89,18.56,75.96,3.07,0.0,20.75,34.54
2006-02-10,Tirunelveli,8.7139,77.7567,Dryland,24.94,31.11,20.36,76.11,2.99,0.09,20.24,34.63
2006-02-11,Tirunelveli,8.7139,77.7567,Dryland,24.44,31.05,19.79,74.13,3.42,0.0,21.11,34.72
2006-02-12,Tirunelveli,8.7139,77.7567,Dryland,24.47,31.09,19.83,74.56,3.32,0.0,20.7,34.81
2006-02-13,Tirunelveli,8.7139,77.7567,Dryland,23.46,29.6,19.23,72.4,2.89,0.0,22.04,34.9
2006-02-14,Tirunelveli,8.7139,77.7567,Dryland,23.14,30.16,16.77,72.74,2.03,0.0,21.07,34.98
2006-02-15,Tirunelveli,8.7139,77.7567,Dryland,24.95,31.88,19.51,72.71,1.63,0.0,22.27,35.07
2006-02-16,Tirunelveli,8.7139,77.7567,Dryland,25.26,33.22,19.17,71.11,1.53,0.0,23.68,35.16
2006-02-17,Tirunelveli,8.7139,77.7567,Dryland,25.17,33.76,18.16,68.81,1.54,0.0,23.77,35.24
2006-02-18,Tirunelveli,8.7139,77.7567,Dryland,25.07,33.71,18.27,69.17,1.87,0.0,23.54,35.33
2006-02-19,Tirunelveli,8.7139,77.7567,Dryland,25.2,33.28,19.58,70.04,2.13,0.0,23.68,35.41
2006-02-20,Tirunelveli,8.7139,77.7567,Dryland,25.04,34.03,18.39,66.74,2.35,0.0,23.02,35.5
2006-02-21,Tirunelveli,8.7139,77.7567,Dryland,24.67,33.51,17.08,64.71,2.02,0.0,23.39,35.58
2006-02-22,Tirunelveli,8.7139,77.7567,Dryland,24.74,33.28,18.0,63.91,1.98,0.0,24.65,35.66
2006-02-23,Tirunelveli,8.7139,77.7567,Dryland,25.38,33.75,19.36,66.9,2.07,0.0,24.54,35.74
2006-02-24,Tirunelveli,8.7139,77.7567,Dryland,24.25,31.84,18.58,72.56,2.25,0.0,22.45,35.82
2006-02-25,Tirunelveli,8.7139,77.7567,Dryland,26.67,34.49,21.33,69.59,2.11,0.0,20.51,35.89
2006-02-26,Tirunelveli,8.7139,77.7567,Dryland,26.92,34.66,21.12,68.79,2.04,0.0,23.57,35.97
2006-02-27,Tirunelveli,8.7139,77.7567,Dryland,25.54,29.65,22.52,79.88,1.51,0.0,18.95,36.05
2006-02-28,Tirunelveli,8.7139,77.7567,Dryland,28.23,35.79,22.58,69.52,1.06,0.0,20.89,36.12
2006-03-01,Tirunelveli,8.7139,77.7567,Dryland,28.14,34.95,23.15,69.78,1.15,0.0,21.77,36.19
2006-03-02,Tirunelveli,8.7139,77.7567,Dryland,28.4,35.83,22.79,68.2,1.77,0.15,22.5,36.26
2006-03-03,Tirunelveli,8.7139,77.7567,Dryland,26.17,29.41,23.6,84.47,1.22,27.42,15.6,36.33
2006-03-04,Tirunelveli,8.7139,77.7567,Dryland,24.97,28.47,22.73,85.67,1.53,9.66,13.92,36.4
2006-03-05,Tirunelveli,8.7139,77.7567,Dryland,26.47,32.17,22.28,79.79,2.04,4.77,21.35,36.47
2006-03-06,Tirunelveli,8.7139,77.7567,Dryland,25.99,30.01,23.04,83.42,1.37,8.26,22.9,36.54
2006-03-07,Tirunelveli,8.7139,77.7567,Dryland,26.99,32.82,22.86,75.48,1.33,0.59,19.17,36.6
2006-03-08,Tirunelveli,8.7139,77.7567,Dryland,26.11,30.44,23.26,80.97,2.07,0.61,22.16,36.67
2006-03-09,Tirunelveli,8.7139,77.7567,Dryland,25.69,29.52,23.22,83.83,1.92,0.62,20.67,36.73
2006-03-10,Tirunelveli,8.7139,77.7567,Dryland,26.68,32.13,21.8,78.0,1.38,1.59,19.8,36.79
2006-03-11,Tirunelveli,8.7139,77.7567,Dryland,27.38,32.6,23.27,75.32,1.16,0.94,20.05,36.84
2006-03-12,Tirunelveli,8.7139,77.7567,Dryland,27.75,33.78,22.49,72.96,1.67,0.09,23.01,36.9
2006-03-13,Tirunelveli,8.7139,77.7567,Dryland,27.91,33.61,23.07,71.83,1.0,0.01,23.63,36.96
2006-03-14,Tirunelveli,8.7139,77.7567,Dryland,27.48,31.69,23.25,71.11,1.12,0.03,20.64,37.01
2006-03-15,Tirunelveli,8.7139,77.7567,Dryland,27.8,34.51,22.23,67.73,1.32,0.04,23.42,37.06
2006-03-16,Tirunelveli,8.7139,77.7567,Dryland,27.01,31.55,22.78,69.17,0.7,0.0,22.28,37.11
2006-03-17,Tirunelveli,8.7139,77.7567,Dryland,27.82,34.14,22.6,67.17,1.3,0.0,16.25,37.15
2006-03-18,Tirunelveli,8.7139,77.7567,Dryland,28.13,34.88,22.59,66.61,1.74,0.0,23.92,37.2
2006-03-19,Tirunelveli,8.7139,77.7567,Dryland,27.56,34.42,21.67,68.45,2.6,0.0,23.24,37.24
2006-03-20,Tirunelveli,8.7139,77.7567,Dryland,27.66,34.77,22.8,64.4,2.2,0.0,24.53,37.28
2006-03-21,Tirunelveli,8.7139,77.7567,Dryland,27.29,34.16,21.11,64.37,1.47,0.0,19.02,37.32
2006-03-22,Tirunelveli,8.7139,77.7567,Dryland,28.37,36.01,21.89,62.86,1.23,0.01,24.25,37.36
2006-03-23,Tirunelveli,8.7139,77.7567,Dryland,29.17,36.72,23.65,65.55,1.33,0.01,22.83,37.4
2006-03-24,Tirunelveli,8.7139,77.7567,Dryland,28.98,37.12,22.51,65.15,1.45,0.0,24.6,37.43
2006-03-25,Tirunelveli,8.7139,77.7567,Dryland,28.84,36.01,23.66,66.54,1.87,0.0,22.77,37.46
2006-03-26,Tirunelveli,8.7139,77.7567,Dryland,28.46,35.36,23.78,67.48,2.07,4.12,22.12,37.49
2006-03-27,Tirunelveli,8.7139,77.7567,Dryland,28.59,36.29,22.99,65.86,2.44,0.63,23.98,37.51
2006-03-28,Tirunelveli,8.7139,77.7567,Dryland,29.03,37.32,22.49,63.8,1.48,0.0,24.53,37.54
2006-03-29,Tirunelveli,8.7139,77.7567,Dryland,28.92,35.12,24.09,64.39,1.44,0.01,23.41,37.56
2006-03-30,Tirunelveli,8.7139,77.7567,Dryland,27.71,33.22,24.58,74.62,1.43,2.93,15.92,37.58
2006-03-31,Tirunelveli,8.7139,77.7567,Dryland,28.69,35.63,23.43,68.99,1.56,0.8,21.39,37.6
2006-04-01,Tirunelveli,8.7139,77.7567,Dryland,29.17,36.74,23.32,63.03,1.69,0.02,23.98,37.62
2006-04-02,Tirunelveli,8.7139,77.7567,Dryland,28.86,36.17,23.49,62.09,1.33,0.0,23.83,37.63
2006-04-03,Tirunelveli,8.7139,77.7567,Dryland,29.53,37.34,22.84,60.97,1.39,0.0,24.31,37.64
2006-04-04,Tirunelveli,8.7139,77.7567,Dryland,29.94,37.99,23.39,60.12,1.52,0.0,23.19,37.65
2006-04-05,Tirunelveli,8.7139,77.7567,Dryland,30.05,37.88,24.42,61.0,2.04,0.0,23.19,37.67
2006-04-06,Tirunelveli,8.7139,77.7567,Dryland,30.35,38.17,25.1,59.1,2.61,0.0,22.81,37.69
2006-04-07,Tirunelveli,8.7139,77.7567,Dryland,30.5,38.11,25.44,57.49,2.99,0.0,23.46,37.7
2006-04-08,Tirunelveli,8.7139,77.7567,Dryland,30.55,38.77,24.7,58.24,2.63,0.01,22.1,37.71
2006-04-09,Tirunelveli,8.7139,77.7567,Dryland,30.34,38.36,25.05,58.32,2.56,0.02,21.98,37.72
2006-04-10,Tirunelveli,8.7139,77.7567,Dryland,29.94,38.22,24.28,58.69,2.31,1.71,22.0,37.72
2006-04-11,Tirunelveli,8.7139,77.7567,Dryland,29.74,37.18,24.87,62.26,2.8,0.91,21.81,37.72
2006-04-12,Tirunelveli,8.7139,77.7567,Dryland,30.01,36.74,25.58,62.36,2.69,0.04,23.58,37.72
2006-04-13,Tirunelveli,8.7139,77.7567,Dryland,30.14,37.54,25.18,61.3,2.43,0.65,24.26,37.72
2006-04-14,Tirunelveli,8.7139,77.7567,Dryland,28.28,32.27,25.71,70.54,1.63,1.53,19.6,37.72
2006-04-15,Tirunelveli,8.7139,77.7567,Dryland,28.57,33.65,24.93,68.96,1.59,0.4,21.03,37.71
2006-04-16,Tirunelveli,8.7139,77.7567,Dryland,28.25,32.77,25.37,66.86,2.01,1.92,19.69,37.7
2006-04-17,Tirunelveli,8.7139,77.7567,Dryland,26.54,30.16,24.29,79.37,2.39,39.21,19.46,37.7
2006-04-18,Tirunelveli,8.7139,77.7567,Dryland,26.68,30.42,23.93,80.08,2.38,11.89,12.63,37.69
2006-04-19,Tirunelveli,8.7139,77.7567,Dryland,27.51,32.72,24.28,72.91,1.84,0.03,22.86,37.67
2006-04-20,Tirunelveli,8.7139,77.7567,Dryland,27.67,32.69,23.51,72.74,1.09,0.11,16.82,37.66
2006-04-21,Tirunelveli,8.7139,77.7567,Dryland,28.09,33.36,24.54,71.36,0.77,6.95,19.42,37.65
2006-04-22,Tirunelveli,8.7139,77.7567,Dryland,28.26,34.87,23.15,69.62,1.81,3.82,20.3,37.63
2006-04-23,Tirunelveli,8.7139,77.7567,Dryland,28.18,34.0,23.28,68.39,1.7,0.01,24.14,37.62
2006-04-24,Tirunelveli,8.7139,77.7567,Dryland,28.97,36.32,22.92,67.61,1.6,0.0,21.94,37.6
2006-04-25,Tirunelveli,8.7139,77.7567,Dryland,29.05,35.52,24.21,69.64,2.56,0.01,22.93,37.58
2006-04-26,Tirunelveli,8.7139,77.7567,Dryland,28.56,35.11,24.62,69.3,3.38,0.0,21.22,37.56
2006-04-27,Tirunelveli,8.7139,77.7567,Dryland,28.9,36.15,23.86,69.29,3.19,0.0,23.41,37.54
2006-04-28,Tirunelveli,8.7139,77.7567,Dryland,28.74,35.01,24.53,70.07,3.75,0.0,21.55,37.52
2006-04-29,Tirunelveli,8.7139,77.7567,Dryland,28.17,33.85,24.0,71.5,3.62,0.0,22.22,37.5
2006-04-30,Tirunelveli,8.7139,77.7567,Dryland,29.1,36.48,24.2,67.92,3.81,0.0,23.59,37.48
2006-05-01,Tirunelveli,8.7139,77.7567,Dryland,29.09,36.34,25.05,67.47,3.98,0.0,23.88,37.45
2006-05-02,Tirunelveli,8.7139,77.7567,Dryland,29.22,35.82,25.19,68.82,3.62,0.01,22.04,37.43
2006-05-03,Tirunelveli,8.7139,77.7567,Dryland,29.05,35.47,25.14,68.9,3.46,0.02,20.38,37.41
2006-05-04,Tirunelveli,8.7139,77.7567,Dryland,27.69,31.35,24.99,78.06,1.35,0.25,18.23,37.39
2006-05-05,Tirunelveli,8.7139,77.7567,Dryland,27.12,30.81,24.53,80.78,1.55,0.09,21.35,37.36
2006-05-06,Tirunelveli,8.7139,77.7567,Dryland,27.48,31.66,24.34,78.49,1.96,0.05,23.12,37.33
2006-05-07,Tirunelveli,8.7139,77.7567,Dryland,27.55,31.48,24.62,76.33,2.02,0.01,21.54,37.3
2006-05-08,Tirunelveli,8.7139,77.7567,Dryland,27.79,32.08,24.71,75.67,1.89,0.5,22.69,37.27
2006-05-09,Tirunelveli,8.7139,77.7567,Dryland,27.21,30.85,24.51,79.12,1.71,0.23,21.46,37.25
2006-05-10,Tirunelveli,8.7139,77.7567,Dryland,26.97,30.4,24.32,81.85,1.66,3.29,23.96,37.22
2006-05-11,Tirunelveli,8.7139,77.7567,Dryland,27.29,31.29,24.74,81.19,2.13,3.18,22.96,37.19
2006-05-12,Tirunelveli,8.7139,77.7567,Dryland,28.9,35.7,24.08,69.53,2.43,0.79,21.96,37.16
2006-05-13,Tirunelveli,8.7139,77.7567,Dryland,28.14,32.92,24.42,74.32,3.04,0.0,21.91,37.13
2006-05-14,Tirunelveli,8.7139,77.7567,Dryland,27.67,31.33,25.22,78.69,2.93,0.0,22.74,37.1
2006-05-15,Tirunelveli,8.7139,77.7567,Dryland,27.65,32.31,24.61,74.16,3.11,0.02,21.23,37.07
2006-05-16,Tirunelveli,8.7139,77.7567,Dryland,27.69,31.53,24.94,77.31,2.83,0.49,21.85,37.04
2006-05-17,Tirunelveli,8.7139,77.7567,Dryland,27.09,30.68,24.69,77.73,3.23,0.03,19.47,37.01
2006-05-18,Tirunelveli,8.7139,77.7567,Dryland,27.13,32.12,24.7,76.62,3.81,2.81,20.78,36.98
2006-05-19,Tirunelveli,8.7139,77.7567,Dryland,26.52,29.68,24.26,77.47,3.48,1.31,12.33,36.95
2006-05-20,Tirunelveli,8.7139,77.7567,Dryland,26.74,29.93,24.28,76.72,3.7,0.12,20.01,36.92
2006-05-21,Tirunelveli,8.7139,77.7567,Dryland,26.78,30.46,24.6,77.76,3.89,0.36,21.61,36.89
2006-05-22,Tirunelveli,8.7139,77.7567,Dryland,26.98,31.17,23.99,78.91,4.08,1.88,22.24,36.86
2006-05-23,Tirunelveli,8.7139,77.7567,Dryland,25.88,28.74,24.0,85.52,4.31,34.66,20.41,36.84
2006-05-24,Tirunelveli,8.7139,77.7567,Dryland,25.58,29.03,23.24,85.59,4.79,19.61,18.78,36.81
2006-05-25,Tirunelveli,8.7139,77.7567,Dryland,25.87,28.85,24.17,84.53,4.99,8.19,16.21,36.78
2006-05-26,Tirunelveli,8.7139,77.7567,Dryland,25.08,27.67,23.6,87.01,4.22,17.41,16.66,36.75
2006-05-27,Tirunelveli,8.7139,77.7567,Dryland,25.34,28.42,23.48,87.16,4.23,28.35,12.22,36.73
2006-05-28,Tirunelveli,8.7139,77.7567,Dryland,25.15,27.33,23.98,88.81,4.32,10.79,16.46,36.7
2006-05-29,Tirunelveli,8.7139,77.7567,Dryland,25.12,26.79,23.85,89.55,5.22,23.21,13.31,36.68
2006-05-30,Tirunelveli,8.7139,77.7567,Dryland,25.44,27.37,24.06,90.62,5.48,41.76,12.84,36.65
2006-05-31,Tirunelveli,8.7139,77.7567,Dryland,24.71,27.14,23.03,88.74,4.28,21.87,14.05,36.63
2006-06-01,Tirunelveli,8.7139,77.7567,Dryland,25.41,29.33,22.69,86.78,3.27,0.41,20.45,36.6
2006-06-02,Tirunelveli,8.7139,77.7567,Dryland,25.42,28.21,23.48,88.64,2.73,0.04,24.18,36.58
2006-06-03,Tirunelveli,8.7139,77.7567,Dryland,25.68,29.46,23.4,86.92,3.06,0.02,23.63,36.55
2006-06-04,Tirunelveli,8.7139,77.7567,Dryland,25.69,29.85,23.18,82.98,2.67,0.67,20.31,36.53
2006-06-05,Tirunelveli,8.7139,77.7567,Dryland,24.91,28.08,22.49,87.3,2.59,6.51,20.05,36.51
2006-06-06,Tirunelveli,8.7139,77.7567,Dryland,24.95,28.37,22.53,88.0,2.77,1.39,18.93,36.49
2006-06-07,Tirunelveli,8.7139,77.7567,Dryland,24.54,27.57,22.04,88.22,2.77,0.02,20.95,36.47
2006-06-08,Tirunelveli,8.7139,77.7567,Dryland,25.21,28.9,21.97,87.28,2.69,0.01,22.71,36.45
2006-06-09,Tirunelveli,8.7139,77.7567,Dryland,25.28,28.61,22.93,87.44,3.06,0.02,21.35,36.43
2006-06-10,Tirunelveli,8.7139,77.7567,Dryland,25.25,28.3,23.26,86.44,3.02,0.0,22.71,36.42
2006-06-11,Tirunelveli,8.7139,77.7567,Dryland,25.42,29.53,22.41,84.55,2.88,0.0,23.14,36.4
2006-06-12,Tirunelveli,8.7139,77.7567,Dryland,26.02,31.0,22.41,82.63,3.51,0.0,24.74,36.39
2006-06-13,Tirunelveli,8.7139,77.7567,Dryland,26.0,30.77,22.76,83.1,3.59,0.0,25.04,36.38
2006-06-14,Tirunelveli,8.7139,77.7567,Dryland,26.12,30.94,22.31,82.85,3.6,0.17,24.76,36.36
2006-06-15,Tirunelveli,8.7139,77.7567,Dryland,26.63,31.24,23.24,82.36,3.12,0.29,23.44,36.35
2006-06-16,Tirunelveli,8.7139,77.7567,Dryland,26.28,30.51,23.78,86.21,3.13,0.12,21.81,36.34
2006-06-17,Tirunelveli,8.7139,77.7567,Dryland,25.98,30.31,22.46,82.55,2.98,0.06,22.71,36.33
2006-06-18,Tirunelveli,8.7139,77.7567,Dryland,27.0,33.12,21.38,76.39,2.39,0.01,21.1,36.32
2006-06-19,Tirunelveli,8.7139,77.7567,Dryland,26.22,29.25,23.84,83.61,2.82,0.34,21.11,36.31
2006-06-20,Tirunelveli,8.7139,77.7567,Dryland,25.49,28.12,23.89,88.39,2.67,19.11,18.14,36.31
2006-06-21,Tirunelveli,8.7139,77.7567,Dryland,25.21,27.01,23.71,91.76,3.0,52.65,16.06,36.3
2006-06-22,Tirunelveli,8.7139,77.7567,Dryland,25.06,26.74,24.01,92.19,4.1,42.3,15.7,36.3
2006-06-23,Tirunelveli,8.7139,77.7567,Dryland,25.3,27.6,23.91,88.54,5.42,35.8,14.68,36.29
2006-06-24,Tirunelveli,8.7139,77.7567,Dryland,25.25,27.52,23.34,88.7,5.18,10.24,17.56,36.29
2006-06-25,Tirunelveli,8.7139,77.7567,Dryland,24.95,28.04,22.58,88.2,4.81,2.51,19.85,36.29
2006-06-26,Tirunelveli,8.7139,77.7567,Dryland,24.91,28.26,22.27,89.87,3.45,0.5,19.97,36.29
2006-06-27,Tirunelveli,8.7139,77.7567,Dryland,25.56,29.14,23.25,88.0,3.58,0.14,18.44,36.29
2006-06-28,Tirunelveli,8.7139,77.7567,Dryland,24.96,27.54,23.35,90.65,3.7,3.63,18.6,36.29
2006-06-29,Tirunelveli,8.7139,77.7567,Dryland,24.4,26.62,23.07,89.16,4.31,2.89,17.59,36.3
2006-06-30,Tirunelveli,8.7139,77.7567,Dryland,25.26,28.58,23.04,87.65,4.22,2.92,16.86,36.3
2006-07-01,Tirunelveli,8.7139,77.7567,Dryland,25.05,28.56,23.22,87.26,4.88,4.23,15.66,36.3
2006-07-02,Tirunelveli,8.7139,77.7567,Dryland,24.8,26.62,23.25,91.25,4.38,6.17,17.64,36.31
2006-07-03,Tirunelveli,8.7139,77.7567,Dryland,24.59,26.33,23.3,90.09,4.93,21.61,12.33,36.31
2006-07-04,Tirunelveli,8.7139,77.7567,Dryland,24.86,26.79,23.31,91.04,5.28,46.38,13.89,36.32
2006-07-05,Tirunelveli,8.7139,77.7567,Dryland,25.16,27.61,23.65,90.0,4.88,15.48,10.79,36.33
2006-07-06,Tirunelveli,8.7139,77.7567,Dryland,24.86,26.96,23.26,92.42,3.38,6.53,20.17,36.34
2006-07-07,Tirunelveli,8.7139,77.7567,Dryland,25.32,28.63,23.04,88.32,4.04,1.61,18.05,36.36
2006-07-08,Tirunelveli,8.7139,77.7567,Dryland,25.49,29.07,23.43,87.85,4.29,0.18,21.45,36.37
2006-07-09,Tirunelveli,8.7139,77.7567,Dryland,25.3,28.67,22.81,89.1,4.07,0.53,21.74,36.38
2006-07-10,Tirunelveli,8.7139,77.7567,Dryland,25.19,27.99,23.52,89.28,4.54,12.51,16.75,36.4
2006-07-11,Tirunelveli,8.7139,77.7567,Dryland,24.49,27.23,22.6,90.8,4.66,5.57,12.36,36.41
2006-07-12,Tirunelveli,8.7139,77.7567,Dryland,23.68,25.64,22.29,91.97,4.46,14.4,11.41,36.42
2006-07-13,Tirunelveli,8.7139,77.7567,Dryland,24.19,26.93,22.69,89.95,5.0,3.74,14.73,36.44
2006-07-14,Tirunelveli,8.7139,77.7567,Dryland,24.57,27.03,22.85,89.9,4.58,0.59,12.31,36.45
2006-07-15,Tirunelveli,8.7139,77.7567,Dryland,24.94,27.3,23.57,90.01,5.08,0.48,18.1,36.47
2006-07-16,Tirunelveli,8.7139,77.7567,Dryland,25.24,28.2,23.41,87.79,5.15,0.15,18.28,36.49
2006-07-17,Tirunelveli,8.7139,77.7567,Dryland,24.97,27.87,23.38,88.69,5.3,1.61,15.53,36.5
2006-07-18,Tirunelveli,8.7139,77.7567,Dryland,24.76,27.88,23.06,88.18,4.5,0.46,18.63,36.52
2006-07-19,Tirunelveli,8.7139,77.7567,Dryland,24.6,27.73,22.37,89.32,3.52,0.21,20.16,36.54
2006-07-20,Tirunelveli,8.7139,77.7567,Dryland,24.91,28.64,22.09,88.62,3.83,2.49,21.32,36.56
2006-07-21,Tirunelveli,8.7139,77.7567,Dryland,25.21,28.86,23.1,87.5,3.91,0.52,19.95,36.58
2006-07-22,Tirunelveli,8.7139,77.7567,Dryland,24.44,28.19,21.73,88.58,3.26,0.0,21.34,36.6
2006-07-23,Tirunelveli,8.7139,77.7567,Dryland,24.73,29.83,20.87,86.29,3.36,0.0,23.63,36.62
2006-07-24,Tirunelveli,8.7139,77.7567,Dryland,24.84,29.05,22.19,88.12,3.25,0.0,20.35,36.64
2006-07-25,Tirunelveli,8.7139,77.7567,Dryland,24.66,28.22,22.35,89.16,2.63,0.61,19.34,36.66
2006-07-26,Tirunelveli,8.7139,77.7567,Dryland,24.45,27.62,22.65,90.75,2.99,3.81,15.69,36.68
2006-07-27,Tirunelveli,8.7139,77.7567,Dryland,24.16,26.22,22.46,91.31,3.68,4.57,16.65,36.71
2006-07-28,Tirunelveli,8.7139,77.7567,Dryland,24.09,25.96,22.69,88.05,4.34,0.65,15.15,36.73
2006-07-29,Tirunelveli,8.7139,77.7567,Dryland,24.17,26.31,22.48,91.42,3.61,0.36,15.98,36.75
2006-07-30,Tirunelveli,8.7139,77.7567,Dryland,24.81,28.28,22.49,89.54,3.15,0.09,19.94,36.77
2006-07-31,Tirunelveli,8.7139,77.7567,Dryland,25.05,28.62,22.65,88.37,3.55,1.61,21.07,36.8
2006-08-01,Tirunelveli,8.7139,77.7567,Dryland,24.84,27.54,23.1,89.72,3.46,0.28,20.23,36.82
2006-08-02,Tirunelveli,8.7139,77.7567,Dryland,24.84,28.11,22.91,88.85,3.68,0.11,21.68,36.84
2006-08-03,Tirunelveli,8.7139,77.7567,Dryland,24.42,26.71,22.63,89.98,3.84,1.42,16.62,36.86
2006-08-04,Tirunelveli,8.7139,77.7567,Dryland,24.51,27.31,22.09,88.58,2.98,4.79,19.99,36.88
2006-08-05,Tirunelveli,8.7139,77.7567,Dryland,24.25,28.74,21.12,88.52,2.56,1.26,20.76,36.9
2006-08-06,Tirunelveli,8.7139,77.7567,Dryland,25.02,29.99,21.44,85.47,2.54,0.0,23.7,36.92
2006-08-07,Tirunelveli,8.7139,77.7567,Dryland,25.09,30.06,21.37,84.84,2.69,0.0,23.71,36.94
2006-08-08,Tirunelveli,8.7139,77.7567,Dryland,25.16,29.39,22.22,85.44,2.66,0.05,22.84,36.96
2006-08-09,Tirunelveli,8.7139,77.7567,Dryland,25.13,28.69,22.38,85.71,3.44,3.21,22.48,36.98
2006-08-10,Tirunelveli,8.7139,77.7567,Dryland,24.74,26.68,23.21,89.99,3.88,16.14,12.54,36.99
2006-08-11,Tirunelveli,8.7139,77.7567,Dryland,24.9,27.47,23.4,89.34,4.19,8.53,18.65,37.01
2006-08-12,Tirunelveli,8.7139,77.7567,Dryland,24.43,26.87,23.02,90.16,4.32,4.54,16.94,37.02
2006-08-13,Tirunelveli,8.7139,77.7567,Dryland,24.72,27.75,22.9,89.37,4.49,6.68,13.18,37.03
2006-08-14,Tirunelveli,8.7139,77.7567,Dryland,24.6,26.62,23.3,91.04,4.05,23.57,17.68,37.05
2006-08-15,Tirunelveli,8.7139,77.7567,Dryland,24.94,27.71,23.33,89.3,4.34,15.81,16.1,37.06
2006-08-16,Tirunelveli,8.7139,77.7567,Dryland,24.38,26.84,23.14,90.31,4.77,5.71,14.37,37.08
2006-08-17,Tirunelveli,8.7139,77.7567,Dryland,24.52,27.09,22.95,89.65,4.69,2.28,18.42,37.09
2006-08-18,Tirunelveli,8.7139,77.7567,Dryland,24.67,28.11,22.6,84.2,3.88,2.19,19.71,37.11
2006-08-19,Tirunelveli,8.7139,77.7567,Dryland,24.83,28.44,22.78,88.25,3.61,0.1,22.11,37.13
2006-08-20,Tirunelveli,8.7139,77.7567,Dryland,25.29,29.05,22.85,86.09,2.91,0.93,22.55,37.14
2006-08-21,Tirunelveli,8.7139,77.7567,Dryland,24.23,25.84,23.19,93.58,2.24,0.8,20.23,37.16
2006-08-22,Tirunelveli,8.7139,77.7567,Dryland,24.92,28.48,22.85,88.26,2.1,0.12,20.07,37.16
2006-08-23,Tirunelveli,8.7139,77.7567,Dryland,24.82,28.19,22.38,86.23,2.7,0.05,20.89,37.17
2006-08-24,Tirunelveli,8.7139,77.7567,Dryland,25.11,29.35,22.52,84.54,2.82,0.59,24.33,37.17
2006-08-25,Tirunelveli,8.7139,77.7567,Dryland,25.03,28.91,22.35,85.96,2.41,0.09,23.02,37.18
2006-08-26,Tirunelveli,8.7139,77.7567,Dryland,24.85,29.84,20.87,84.4,2.3,0.0,23.06,37.18
2006-08-27,Tirunelveli,8.7139,77.7567,Dryland,24.72,29.61,21.43,85.05,2.94,0.0,24.48,37.18
2006-08-28,Tirunelveli,8.7139,77.7567,Dryland,25.0,29.78,22.3,84.99,3.91,0.17,23.91,37.19
2006-08-29,Tirunelveli,8.7139,77.7567,Dryland,24.82,28.44,22.77,86.53,4.18,2.26,19.36,37.2
2006-08-30,Tirunelveli,8.7139,77.7567,Dryland,25.4,29.93,22.22,85.53,3.37,0.66,23.84,37.2
2006-08-31,Tirunelveli,8.7139,77.7567,Dryland,25.68,30.42,22.0,84.61,3.15,0.0,23.09,37.19
2006-09-01,Tirunelveli,8.7139,77.7567,Dryland,25.67,29.83,22.33,85.37,3.03,0.42,23.64,37.19
2006-09-02,Tirunelveli,8.7139,77.7567,Dryland,25.57,29.22,23.31,84.91,2.96,0.16,21.26,37.19
2006-09-03,Tirunelveli,8.7139,77.7567,Dryland,25.34,28.48,23.49,87.76,2.82,0.01,23.95,37.18
2006-09-04,Tirunelveli,8.7139,77.7567,Dryland,25.97,30.48,22.76,81.61,2.83,0.02,15.33,37.18
2006-09-05,Tirunelveli,8.7139,77.7567,Dryland,25.21,28.29,23.07,85.48,2.93,0.0,22.79,37.17
2006-09-06,Tirunelveli,8.7139,77.7567,Dryland,25.99,30.19,22.82,83.14,1.81,0.11,17.45,37.16
2006-09-07,Tirunelveli,8.7139,77.7567,Dryland,24.82,27.58,22.92,87.3,2.02,5.36,14.97,37.15
2006-09-08,Tirunelveli,8.7139,77.7567,Dryland,24.82,28.17,22.35,87.24,2.59,21.85,16.26,37.13
2006-09-09,Tirunelveli,8.7139,77.7567,Dryland,24.23,27.13,22.47,89.8,3.28,32.54,16.8,37.12
2006-09-10,Tirunelveli,8.7139,77.7567,Dryland,24.39,27.09,22.72,90.4,3.56,6.61,19.68,37.1
2006-09-11,Tirunelveli,8.7139,77.7567,Dryland,24.71,27.7,22.42,87.19,4.35,18.5,18.32,37.08
2006-09-12,Tirunelveli,8.7139,77.7567,Dryland,24.66,27.6,23.13,87.8,4.42,14.31,18.39,37.06
2006-09-13,Tirunelveli,8.7139,77.7567,Dryland,24.59,27.64,22.81,87.29,4.57,5.66,19.0,37.04
2006-09-14,Tirunelveli,8.7139,77.7567,Dryland,24.3,27.09,22.14,86.69,3.86,0.63,19.75,37.02
2006-09-15,Tirunelveli,8.7139,77.7567,Dryland,23.8,26.37,21.83,90.11,3.76,37.81,13.72,37.0
2006-09-16,Tirunelveli,8.7139,77.7567,Dryland,24.56,27.27,22.75,90.23,3.34,36.4,15.3,36.97
2006-09-17,Tirunelveli,8.7139,77.7567,Dryland,24.42,26.67,23.1,90.42,3.04,10.67,15.27,36.94
2006-09-18,Tirunelveli,8.7139,77.7567,Dryland,24.27,26.36,22.71,91.86,2.97,58.37,16.45,36.91
2006-09-19,Tirunelveli,8.7139,77.7567,Dryland,24.73,27.51,23.24,91.2,2.96,8.83,21.05,36.88
2006-09-20,Tirunelveli,8.7139,77.7567,Dryland,24.62,27.25,22.93,91.55,2.56,0.97,16.96,36.85
2006-09-21,Tirunelveli,8.7139,77.7567,Dryland,24.71,27.32,22.98,92.39,2.34,11.79,13.99,36.82
2006-09-22,Tirunelveli,8.7139,77.7567,Dryland,24.59,27.56,22.9,90.27,2.41,0.8,18.84,36.78
2006-09-23,Tirunelveli,8.7139,77.7567,Dryland,24.53,27.01,22.73,92.27,2.07,0.15,22.79,36.74
2006-09-24,Tirunelveli,8.7139,77.7567,Dryland,24.28,26.44,22.62,93.54,2.51,52.95,19.58,36.7
2006-09-25,Tirunelveli,8.7139,77.7567,Dryland,23.82,26.4,22.39,92.05,2.9,63.58,12.54,36.66
2006-09-26,Tirunelveli,8.7139,77.7567,Dryland,24.19,27.52,22.34,90.69,3.57,7.17,19.77,36.62
2006-09-27,Tirunelveli,8.7139,77.7567,Dryland,24.62,28.13,22.28,90.07,3.55,0.03,19.83,36.57
2006-09-28,Tirunelveli,8.7139,77.7567,Dryland,24.65,28.02,22.07,89.99,3.65,0.01,21.86,36.53
2006-09-29,Tirunelveli,8.7139,77.7567,Dryland,23.97,28.35,20.98,88.33,3.25,0.03,23.45,36.48
2006-09-30,Tirunelveli,8.7139,77.7567,Dryland,23.93,28.18,21.02,89.28,3.3,0.05,24.77,36.43
2006-10-01,Tirunelveli,8.7139,77.7567,Dryland,23.94,28.23,20.39,89.12,3.41,0.01,24.68,36.39
2006-10-02,Tirunelveli,8.7139,77.7567,Dryland,24.39,28.99,20.97,89.04,2.98,0.0,24.67,36.33
2006-10-03,Tirunelveli,8.7139,77.7567,Dryland,24.73,29.03,21.53,89.25,2.64,0.16,22.76,36.28
2006-10-04,Tirunelveli,8.7139,77.7567,Dryland,24.88,28.41,22.23,89.0,3.2,3.09,18.2,36.23
2006-10-05,Tirunelveli,8.7139,77.7567,Dryland,25.02,28.88,22.76,87.75,3.46,0.3,23.32,36.17
2006-10-06,Tirunelveli,8.7139,77.7567,Dryland,24.48,27.3,22.59,90.49,3.51,24.12,21.12,36.12
2006-10-07,Tirunelveli,8.7139,77.7567,Dryland,24.37,26.46,23.31,92.81,3.45,80.97,13.26,36.06
2006-10-08,Tirunelveli,8.7139,77.7567,Dryland,24.51,27.31,23.15,90.77,3.7,3.46,20.41,36.0
2006-10-09,Tirunelveli,8.7139,77.7567,Dryland,24.1,26.53,22.4,92.01,2.77,0.3,20.28,35.93
2006-10-10,Tirunelveli,8.7139,77.7567,Dryland,24.66,28.26,22.22,90.56,2.75,0.68,19.61,35.87
2006-10-11,Tirunelveli,8.7139,77.7567,Dryland,24.98,28.78,22.29,88.3,2.29,0.06,20.64,35.8
2006-10-12,Tirunelveli,8.7139,77.7567,Dryland,24.97,29.17,21.85,88.25,2.23,0.17,21.02,35.74
2006-10-13,Tirunelveli,8.7139,77.7567,Dryland,25.06,28.8,22.53,88.38,1.52,0.05,17.74,35.67
2006-10-14,Tirunelveli,8.7139,77.7567,Dryland,25.62,29.15,22.94,85.72,0.8,1.6,16.78,35.6
2006-10-15,Tirunelveli,8.7139,77.7567,Dryland,25.64,28.52,23.31,86.41,0.81,22.6,19.55,35.53
2006-10-16,Tirunelveli,8.7139,77.7567,Dryland,25.65,28.9,23.09,86.18,0.93,12.2,20.66,35.46
2006-10-17,Tirunelveli,8.7139,77.7567,Dryland,24.59,26.35,23.02,91.45,1.01,3.6,16.59,35.39
2006-10-18,Tirunelveli,8.7139,77.7567,Dryland,25.3,28.66,22.39,89.02,1.35,94.43,16.53,35.31
2006-10-19,Tirunelveli,8.7139,77.7567,Dryland,25.09,28.24,22.99,89.7,1.03,43.87,17.1,35.24
2006-10-20,Tirunelveli,8.7139,77.7567,Dryland,24.76,27.85,22.38,90.52,1.63,13.57,13.03,35.16
2006-10-21,Tirunelveli,8.7139,77.7567,Dryland,24.7,27.81,22.14,88.41,1.45,3.38,16.87,35.09
2006-10-22,Tirunelveli,8.7139,77.7567,Dryland,24.45,27.83,21.4,90.2,2.0,8.25,14.99,35.01
2006-10-23,Tirunelveli,8.7139,77.7567,Dryland,24.42,27.04,22.45,91.15,1.92,18.54,14.69,34.93
2006-10-24,Tirunelveli,8.7139,77.7567,Dryland,24.27,27.52,21.34,90.94,2.55,6.91,10.11,34.86
2006-10-25,Tirunelveli,8.7139,77.7567,Dryland,24.24,26.01,22.62,93.0,2.25,2.22,10.94,34.78
2006-10-26,Tirunelveli,8.7139,77.7567,Dryland,24.51,27.91,22.16,91.65,1.43,36.29,13.54,34.7
2006-10-27,Tirunelveli,8.7139,77.7567,Dryland,23.73,25.95,22.25,92.56,1.36,57.45,7.12,34.62
2006-10-28,Tirunelveli,8.7139,77.7567,Dryland,24.07,26.67,21.97,92.31,2.12,68.58,13.4,34.54
2006-10-29,Tirunelveli,8.7139,77.7567,Dryland,24.11,26.61,22.35,92.02,2.26,35.99,13.61,34.46
2006-10-30,Tirunelveli,8.7139,77.7567,Dryland,24.22,26.81,22.14,92.48,1.76,16.09,19.98,34.39
2006-10-31,Tirunelveli,8.7139,77.7567,Dryland,23.52,25.01,22.03,93.03,1.15,0.56,13.65,34.3
2006-11-01,Tirunelveli,8.7139,77.7567,Dryland,24.89,28.79,21.07,86.46,0.75,0.18,18.42,34.22
2006-11-02,Tirunelveli,8.7139,77.7567,Dryland,24.42,27.06,22.63,92.79,1.51,12.8,13.67,34.14
2006-11-03,Tirunelveli,8.7139,77.7567,Dryland,24.69,27.48,22.68,93.14,1.8,9.56,11.78,34.06
2006-11-04,Tirunelveli,8.7139,77.7567,Dryland,23.47,24.77,22.49,94.44,2.01,1.18,7.18,33.98
2006-11-05,Tirunelveli,8.7139,77.7567,Dryland,24.49,28.08,21.07,90.95,1.77,0.16,18.44,33.9
2006-11-06,Tirunelveli,8.7139,77.7567,Dryland,24.59,27.18,22.2,91.1,1.45,31.29,17.02,33.82
2006-11-07,Tirunelveli,8.7139,77.7567,Dryland,24.18,26.35,22.49,91.85,0.95,10.13,12.12,33.74
2006-11-08,Tirunelveli,8.7139,77.7567,Dryland,24.08,25.86,22.62,92.0,1.32,0.53,17.59,33.66
2006-11-09,Tirunelveli,8.7139,77.7567,Dryland,24.15,26.61,22.14,90.41,0.86,7.5,17.45,33.58
2006-11-10,Tirunelveli,8.7139,77.7567,Dryland,23.9,25.98,22.29,93.16,1.76,33.64,18.8,33.5
2006-11-11,Tirunelveli,8.7139,77.7567,Dryland,23.92,26.14,22.01,92.91,1.52,29.88,11.19,33.42
2006-11-12,Tirunelveli,8.7139,77.7567,Dryland,23.82,26.08,22.41,93.82,1.86,3.09,12.57,33.33
2006-11-13,Tirunelveli,8.7139,77.7567,Dryland,23.52,25.48,22.11,93.81,2.03,1.63,14.67,33.25
2006-11-14,Tirunelveli,8.7139,77.7567,Dryland,23.69,25.78,22.08,94.63,2.18,1.86,15.44,33.18
2006-11-15,Tirunelveli,8.7139,77.7567,Dryland,23.92,26.12,22.34,93.57,2.14,1.66,11.78,33.1
2006-11-16,Tirunelveli,8.7139,77.7567,Dryland,23.76,26.3,21.93,93.39,2.42,1.4,14.98,33.03
2006-11-17,Tirunelveli,8.7139,77.7567,Dryland,23.87,25.58,22.26,93.81,1.6,5.15,15.79,32.96
2006-11-18,Tirunelveli,8.7139,77.7567,Dryland,23.93,25.97,22.45,94.96,1.35,17.13,7.94,32.89
2006-11-19,Tirunelveli,8.7139,77.7567,Dryland,24.17,27.22,21.32,92.0,1.28,4.48,18.23,32.83
2006-11-20,Tirunelveli,8.7139,77.7567,Dryland,24.17,26.48,23.0,93.36,1.94,8.2,9.96,32.76
2006-11-21,Tirunelveli,8.7139,77.7567,Dryland,24.38,27.39,22.55,93.58,2.37,53.53,8.63,32.69
2006-11-22,Tirunelveli,8.7139,77.7567,Dryland,23.66,25.59,22.32,93.15,1.53,30.85,13.18,32.62
2006-11-23,Tirunelveli,8.7139,77.7567,Dryland,23.86,26.64,22.0,91.03,2.14,1.81,17.41,32.56
2006-11-24,Tirunelveli,8.7139,77.7567,Dryland,23.78,26.96,21.09,91.23,2.01,24.43,18.04,32.49
2006-11-25,Tirunelveli,8.7139,77.7567,Dryland,23.79,26.87,20.75,92.16,2.11,0.17,19.49,32.43
2006-11-26,Tirunelveli,8.7139,77.7567,Dryland,24.62,27.72,22.39,91.88,1.83,14.62,14.6,32.37
2006-11-27,Tirunelveli,8.7139,77.7567,Dryland,24.44,26.84,23.16,93.82,2.07,6.09,13.47,32.32
2006-11-28,Tirunelveli,8.7139,77.7567,Dryland,24.32,26.93,22.08,91.59,2.3,0.12,15.37,32.26
2006-11-29,Tirunelveli,8.7139,77.7567,Dryland,23.5,26.98,20.99,90.89,2.77,0.01,16.76,32.2
2006-11-30,Tirunelveli,8.7139,77.7567,Dryland,23.2,26.52,20.97,91.81,2.83,0.0,19.73,32.15
2006-12-01,Tirunelveli,8.7139,77.7567,Dryland,22.74,26.37,19.57,90.67,2.99,0.0,19.0,32.1
2006-12-02,Tirunelveli,8.7139,77.7567,Dryland,22.45,25.97,18.67,90.58,2.58,0.0,16.09,32.05
2006-12-03,Tirunelveli,8.7139,77.7567,Dryland,22.62,26.12,19.28,90.94,2.99,0.1,13.38,32.0
2006-12-04,Tirunelveli,8.7139,77.7567,Dryland,22.81,26.63,19.65,90.12,3.17,0.73,9.91,31.96
2006-12-05,Tirunelveli,8.7139,77.7567,Dryland,23.0,26.1,20.59,90.49,3.53,0.1,11.55,31.92
2006-12-06,Tirunelveli,8.7139,77.7567,Dryland,22.39,26.07,19.57,88.42,3.05,0.0,19.62,31.88
2006-12-07,Tirunelveli,8.7139,77.7567,Dryland,21.98,26.2,18.07,88.58,2.93,0.01,19.1,31.84
2006-12-08,Tirunelveli,8.7139,77.7567,Dryland,21.74,26.1,18.3,89.1,3.17,0.0,20.57,31.81
2006-12-09,Tirunelveli,8.7139,77.7567,Dryland,21.71,26.42,17.47,87.84,2.32,0.0,20.18,31.77
2006-12-10,Tirunelveli,8.7139,77.7567,Dryland,22.96,28.05,18.11,89.41,2.15,0.24,19.72,31.74
2006-12-11,Tirunelveli,8.7139,77.7567,Dryland,24.34,27.33,22.09,91.63,1.74,1.05,15.39,31.71
2006-12-12,Tirunelveli,8.7139,77.7567,Dryland,24.39,26.82,22.89,92.76,2.47,2.56,14.61,31.68
2006-12-13,Tirunelveli,8.7139,77.7567,Dryland,24.15,26.83,22.16,88.42,3.57,0.45,16.77,31.66
2006-12-14,Tirunelveli,8.7139,77.7567,Dryland,23.11,26.75,20.3,87.69,3.85,0.0,18.51,31.65
2006-12-15,Tirunelveli,8.7139,77.7567,Dryland,22.8,26.84,19.55,87.87,3.38,0.0,18.23,31.64
2006-12-16,Tirunelveli,8.7139,77.7567,Dryland,21.91,26.22,18.31,86.98,4.02,0.0,15.49,31.62
2006-12-17,Tirunelveli,8.7139,77.7567,Dryland,21.91,26.23,17.76,87.67,3.95,0.0,16.14,31.61
2006-12-18,Tirunelveli,8.7139,77.7567,Dryland,22.87,26.79,19.41,87.27,3.62,0.0,18.69,31.6
2006-12-19,Tirunelveli,8.7139,77.7567,Dryland,23.18,26.37,20.17,88.22,3.5,0.33,17.92,31.6
2006-12-20,Tirunelveli,8.7139,77.7567,Dryland,22.88,26.24,20.49,89.84,3.31,0.33,13.8,31.6
2006-12-21,Tirunelveli,8.7139,77.7567,Dryland,22.84,26.76,19.76,89.64,4.13,0.07,11.63,31.6
2006-12-22,Tirunelveli,8.7139,77.7567,Dryland,22.72,26.44,19.02,89.28,3.78,0.0,17.85,31.6
2006-12-23,Tirunelveli,8.7139,77.7567,Dryland,23.01,26.62,20.29,87.59,3.9,0.02,15.59,31.61
2006-12-24,Tirunelveli,8.7139,77.7567,Dryland,22.82,25.99,20.27,88.65,3.93,0.0,13.95,31.62
2006-12-25,Tirunelveli,8.7139,77.7567,Dryland,22.6,25.77,20.3,87.73,3.75,0.01,16.41,31.63
2006-12-26,Tirunelveli,8.7139,77.7567,Dryland,22.25,26.58,18.8,87.59,3.15,0.0,18.5,31.65
2006-12-27,Tirunelveli,8.7139,77.7567,Dryland,22.28,26.87,18.04,86.31,3.12,0.0,17.82,31.67
2006-12-28,Tirunelveli,8.7139,77.7567,Dryland,21.78,26.58,18.0,86.48,3.02,0.0,20.06,31.69
2006-12-29,Tirunelveli,8.7139,77.7567,Dryland,21.12,26.33,17.05,85.5,3.23,0.0,21.59,31.71
2006-12-30,Tirunelveli,8.7139,77.7567,Dryland,20.51,26.17,15.8,84.01,2.4,0.0,21.59,31.74
2006-12-31,Tirunelveli,8.7139,77.7567,Dryland,20.58,25.93,15.4,83.14,2.14,0.0,19.34,31.77
2007-01-01,Tirunelveli,8.7139,77.7567,Dryland,21.76,26.28,18.02,86.95,2.16,0.0,17.45,31.8
2007-01-02,Tirunelveli,8.7139,77.7567,Dryland,21.1,26.08,17.08,83.1,2.44,0.0,19.33,31.83
2007-01-03,Tirunelveli,8.7139,77.7567,Dryland,20.94,26.3,16.17,84.43,2.31,0.0,18.9,31.86
2007-01-04,Tirunelveli,8.7139,77.7567,Dryland,21.42,26.7,16.84,84.82,2.17,0.0,19.82,31.9
2007-01-05,Tirunelveli,8.7139,77.7567,Dryland,21.03,26.59,16.27,84.73,2.12,0.0,19.58,31.94
2007-01-06,Tirunelveli,8.7139,77.7567,Dryland,21.48,26.53,16.88,84.09,2.94,0.08,19.25,31.98
2007-01-07,Tirunelveli,8.7139,77.7567,Dryland,21.52,26.99,16.66,85.03,2.83,0.0,20.72,32.03
2007-01-08,Tirunelveli,8.7139,77.7567,Dryland,22.78,27.91,17.75,85.14,3.22,0.02,15.62,32.08
2007-01-09,Tirunelveli,8.7139,77.7567,Dryland,23.94,28.54,20.89,85.01,3.99,0.12,11.12,32.13
2007-01-10,Tirunelveli,8.7139,77.7567,Dryland,23.82,28.32,20.83,83.35,3.76,0.02,18.18,32.19
2007-01-11,Tirunelveli,8.7139,77.7567,Dryland,23.98,28.32,20.86,83.81,3.54,0.05,16.63,32.25
2007-01-12,Tirunelveli,8.7139,77.7567,Dryland,24.02,28.95,20.68,81.96,3.49,0.0,19.36,32.3
2007-01-13,Tirunelveli,8.7139,77.7567,Dryland,23.52,29.13,19.96,80.88,3.4,0.0,19.49,32.37
2007-01-14,Tirunelveli,8.7139,77.7567,Dryland,23.44,29.29,18.12,81.21,3.13,0.0,19.76,32.43
2007-01-15,Tirunelveli,8.7139,77.7567,Dryland,24.41,29.58,20.65,81.82,3.1,0.0,18.35,32.49
2007-01-16,Tirunelveli,8.7139,77.7567,Dryland,23.95,29.98,20.2,80.41,2.95,0.0,18.51,32.56
2007-01-17,Tirunelveli,8.7139,77.7567,Dryland,23.4,29.49,19.48,79.7,2.68,0.0,18.58,32.62
2007-01-18,Tirunelveli,8.7139,77.7567,Dryland,23.32,29.01,19.82,76.85,3.15,0.0,18.74,32.69
2007-01-19,Tirunelveli,8.7139,77.7567,Dryland,23.19,30.02,18.73,78.33,2.65,0.0,18.49,32.77
2007-01-20,Tirunelveli,8.7139,77.7567,Dryland,23.28,30.39,18.55,76.27,2.81,0.0,21.85,32.84
2007-01-21,Tirunelveli,8.7139,77.7567,Dryland,22.82,29.32,17.52,79.64,2.74,0.0,20.46,32.91
2007-01-22,Tirunelveli,8.7139,77.7567,Dryland,23.38,30.52,17.84,76.72,2.7,0.0,22.38,32.99
2007-01-23,Tirunelveli,8.7139,77.7567,Dryland,23.08,30.46,17.49,75.48,2.36,0.0,22.89,33.07
2007-01-24,Tirunelveli,8.7139,77.7567,Dryland,23.3,30.39,18.28,76.69,3.39,0.0,21.43,33.15
2007-01-25,Tirunelveli,8.7139,77.7567,Dryland,24.02,30.54,19.65,75.56,3.22,0.0,19.72,33.23
2007-01-26,Tirunelveli,8.7139,77.7567,Dryland,24.35,30.74,18.74,77.14,3.2,0.01,21.06,33.31
2007-01-27,Tirunelveli,8.7139,77.7567,Dryland,25.12,30.58,21.34,79.56,4.28,0.6,8.76,33.39
2007-01-28,Tirunelveli,8.7139,77.7567,Dryland,24.96,29.19,22.38,81.72,4.61,0.78,12.65,33.47
2007-01-29,Tirunelveli,8.7139,77.7567,Dryland,25.47,30.99,21.9,75.01,4.6,0.04,15.67,33.56
2007-01-30,Tirunelveli,8.7139,77.7567,Dryland,25.19,30.61,21.57,74.26,4.47,0.0,18.16,33.64
2007-01-31,Tirunelveli,8.7139,77.7567,Dryland,24.81,31.79,20.42,73.36,3.73,0.0,20.78,33.72
2007-02-01,Tirunelveli,8.7139,77.7567,Dryland,24.16,31.82,18.52,72.2,3.04,0.0,23.04,33.81
2007-02-02,Tirunelveli,8.7139,77.7567,Dryland,23.98,30.98,18.34,75.1,3.37,0.0,22.28,33.89
2007-02-03,Tirunelveli,8.7139,77.7567,Dryland,24.86,31.6,20.21,72.64,2.79,0.03,20.6,33.98
2007-02-04,Tirunelveli,8.7139,77.7567,Dryland,24.76,31.93,20.16,71.99,2.36,0.0,21.29,34.07
2007-02-05,Tirunelveli,8.7139,77.7567,Dryland,25.1,33.14,18.63,70.76,1.8,0.0,23.0,34.16
2007-02-06,Tirunelveli,8.7139,77.7567,Dryland,24.35,32.51,18.25,67.83,2.22,0.0,23.19,34.25
2007-02-07,Tirunelveli,8.7139,77.7567,Dryland,23.81,32.04,16.92,68.32,2.47,0.0,23.69,34.34
2007-02-08,Tirunelveli,8.7139,77.7567,Dryland,24.52,32.34,19.65,67.87,2.69,0.0,22.12,34.43
2007-02-09,Tirunelveli,8.7139,77.7567,Dryland,24.21,31.56,17.58,72.37,3.23,0.0,21.67,34.52
2007-02-10,Tirunelveli,8.7139,77.7567,Dryland,25.94,32.07,21.48,72.55,3.19,0.0,19.39,34.61
2007-02-11,Tirunelveli,8.7139,77.7567,Dryland,26.47,33.19,21.59,70.01,2.18,0.0,21.48,34.69
2007-02-12,Tirunelveli,8.7139,77.7567,Dryland,27.08,34.58,21.96,68.77,1.45,0.0,21.81,34.78
2007-02-13,Tirunelveli,8.7139,77.7567,Dryland,26.72,33.89,21.7,69.44,1.68,0.0,21.43,34.87
2007-02-14,Tirunelveli,8.7139,77.7567,Dryland,26.36,34.7,20.34,64.05,1.78,0.0,23.3,34.96
2007-02-15,Tirunelveli,8.7139,77.7567,Dryland,25.79,34.5,18.87,64.97,2.09,0.0,24.88,35.04
2007-02-16,Tirunelveli,8.7139,77.7567,Dryland,26.16,34.67,19.07,66.35,1.68,0.0,23.38,35.13
2007-02-17,Tirunelveli,8.7139,77.7567,Dryland,26.63,33.65,21.38,65.52,1.64,0.0,20.94,35.22
2007-02-18,Tirunelveli,8.7139,77.7567,Dryland,26.91,33.95,21.97,64.97,1.34,0.0,19.19,35.3
2007-02-19,Tirunelveli,8.7139,77.7567,Dryland,25.77,30.23,22.36,71.09,2.94,1.59,15.82,35.39
2007-02-20,Tirunelveli,8.7139,77.7567,Dryland,26.39,32.89,22.03,64.8,4.4,0.02,20.23,35.47
2007-02-21,Tirunelveli,8.7139,77.7567,Dryland,25.84,33.29,20.9,58.68,3.97,0.0,23.46,35.55
2007-02-22,Tirunelveli,8.7139,77.7567,Dryland,25.25,33.36,18.43,61.03,3.7,0.0,24.52,35.63
2007-02-23,Tirunelveli,8.7139,77.7567,Dryland,25.34,33.83,18.62,62.83,2.96,0.0,24.54,35.72
2007-02-24,Tirunelveli,8.7139,77.7567,Dryland,26.11,33.33,20.08,66.94,2.36,0.16,19.53,35.8
2007-02-25,Tirunelveli,8.7139,77.7567,Dryland,26.43,31.45,22.51,68.46,1.36,0.45,16.82,35.88
2007-02-26,Tirunelveli,8.7139,77.7567,Dryland,28.24,36.11,22.56,64.41,1.89,0.13,20.38,35.95
2007-02-27,Tirunelveli,8.7139,77.7567,Dryland,28.2,35.65,23.26,63.71,1.81,0.36,22.66,36.03
2007-02-28,Tirunelveli,8.7139,77.7567,Dryland,28.3,36.06,22.75,61.82,1.86,0.0,23.29,36.1
2007-03-01,Tirunelveli,8.7139,77.7567,Dryland,28.55,36.92,22.48,61.12,1.92,0.0,23.89,36.18
2007-03-02,Tirunelveli,8.7139,77.7567,Dryland,28.93,35.33,24.26,63.21,2.35,1.71,20.9,36.25
2007-03-03,Tirunelveli,8.7139,77.7567,Dryland,29.04,36.36,23.92,57.58,1.79,0.0,21.02,36.32
2007-03-04,Tirunelveli,8.7139,77.7567,Dryland,28.2,35.57,22.91,56.19,2.18,0.0,23.21,36.39
2007-03-05,Tirunelveli,8.7139,77.7567,Dryland,27.72,36.09,20.73,59.88,1.96,0.0,24.81,36.46
2007-03-06,Tirunelveli,8.7139,77.7567,Dryland,27.67,35.74,20.77,58.87,2.11,0.0,23.27,36.52
2007-03-07,Tirunelveli,8.7139,77.7567,Dryland,27.76,36.33,21.06,54.3,1.7,0.0,24.94,36.59
2007-03-08,Tirunelveli,8.7139,77.7567,Dryland,28.26,36.71,22.07,52.17,1.7,0.0,24.68,36.65
2007-03-09,Tirunelveli,8.7139,77.7567,Dryland,27.75,36.22,21.88,53.19,2.33,0.0,24.77,36.71
2007-03-10,Tirunelveli,8.7139,77.7567,Dryland,27.92,36.03,22.12,60.15,2.42,0.0,22.91,36.77
2007-03-11,Tirunelveli,8.7139,77.7567,Dryland,27.97,35.95,22.24,61.0,2.32,0.0,22.04,36.83
2007-03-12,Tirunelveli,8.7139,77.7567,Dryland,27.59,36.3,20.07,55.64,2.0,0.0,23.12,36.88
2007-03-13,Tirunelveli,8.7139,77.7567,Dryland,27.74,34.14,21.65,62.52,1.95,0.06,18.32,36.94
2007-03-14,Tirunelveli,8.7139,77.7567,Dryland,29.21,37.07,23.57,60.13,2.37,0.03,21.73,36.99
2007-03-15,Tirunelveli,8.7139,77.7567,Dryland,29.18,36.95,23.59,58.7,2.34,0.0,22.66,37.04
2007-03-16,Tirunelveli,8.7139,77.7567,Dryland,29.24,37.14,23.47,60.78,2.25,0.05,21.17,37.09
2007-03-17,Tirunelveli,8.7139,77.7567,Dryland,29.39,35.8,24.67,61.48,2.37,0.03,21.36,37.14
2007-03-18,Tirunelveli,8.7139,77.7567,Dryland,29.18,37.02,23.7,58.31,2.36,0.0,23.09,37.18
2007-03-19,Tirunelveli,8.7139,77.7567,Dryland,28.86,37.85,21.17,53.69,1.75,0.0,24.31,37.22
2007-03-20,Tirunelveli,8.7139,77.7567,Dryland,28.95,38.16,22.22,54.56,1.65,0.0,25.23,37.27
2007-03-21,Tirunelveli,8.7139,77.7567,Dryland,29.54,38.62,22.2,56.08,1.54,0.0,24.51,37.31
2007-03-22,Tirunelveli,8.7139,77.7567,Dryland,29.67,38.5,22.65,57.79,1.4,0.0,24.55,37.35
2007-03-23,Tirunelveli,8.7139,77.7567,Dryland,29.44,37.49,24.22,56.29,1.83,0.0,24.99,37.38
2007-03-24,Tirunelveli,8.7139,77.7567,Dryland,29.78,39.15,22.11,56.86,1.77,0.0,22.51,37.42
2007-03-25,Tirunelveli,8.7139,77.7567,Dryland,30.26,38.54,23.64,57.74,2.1,0.0,23.5,37.45
2007-03-26,Tirunelveli,8.7139,77.7567,Dryland,30.51,38.58,24.49,55.77,1.88,0.0,24.24,37.48
2007-03-27,Tirunelveli,8.7139,77.7567,Dryland,30.23,38.41,23.47,51.19,2.11,0.0,24.18,37.51
2007-03-28,Tirunelveli,8.7139,77.7567,Dryland,30.09,38.2,23.52,50.19,1.97,0.0,24.2,37.54
2007-03-29,Tirunelveli,8.7139,77.7567,Dryland,29.71,37.78,23.06,54.03,2.04,0.0,23.8,37.56
2007-03-30,Tirunelveli,8.7139,77.7567,Dryland,29.33,37.61,22.53,54.73,1.92,0.0,23.65,37.59
2007-03-31,Tirunelveli,8.7139,77.7567,Dryland,29.66,37.77,22.93,54.98,2.0,0.07,23.41,37.61
2007-04-01,Tirunelveli,8.7139,77.7567,Dryland,29.74,36.24,24.61,60.29,1.65,0.38,18.89,37.63
2007-04-02,Tirunelveli,8.7139,77.7567,Dryland,30.77,39.0,25.2,58.69,1.88,0.05,23.42,37.64
2007-04-03,Tirunelveli,8.7139,77.7567,Dryland,31.2,39.56,25.7,54.92,2.22,0.0,24.87,37.66
2007-04-04,Tirunelveli,8.7139,77.7567,Dryland,30.79,38.76,24.1,55.04,2.15,0.06,24.42,37.67
2007-04-05,Tirunelveli,8.7139,77.7567,Dryland,29.96,36.98,25.09,59.74,2.69,0.15,24.4,37.68
2007-04-06,Tirunelveli,8.7139,77.7567,Dryland,27.58,30.98,25.15,73.12,2.54,3.08,17.45,37.69
2007-04-07,Tirunelveli,8.7139,77.7567,Dryland,27.09,31.6,24.76,77.45,1.08,17.56,13.71,37.7
2007-04-08,Tirunelveli,8.7139,77.7567,Dryland,26.33,29.56,24.26,82.0,1.07,9.94,15.26,37.7
2007-04-09,Tirunelveli,8.7139,77.7567,Dryland,26.23,29.62,23.49,82.2,1.41,20.22,10.94,37.71
2007-04-10,Tirunelveli,8.7139,77.7567,Dryland,26.88,31.36,23.62,79.99,1.4,9.91,18.65,37.71
2007-04-11,Tirunelveli,8.7139,77.7567,Dryland,26.37,29.16,23.69,82.91,0.91,17.45,17.13,37.71
2007-04-12,Tirunelveli,8.7139,77.7567,Dryland,27.32,31.9,23.45,78.77,1.2,5.07,23.72,37.71
2007-04-13,Tirunelveli,8.7139,77.7567,Dryland,27.71,32.32,23.76,76.45,1.26,0.27,17.64,37.71
2007-04-14,Tirunelveli,8.7139,77.7567,Dryland,27.72,32.39,23.79,77.48,1.39,15.51,20.44,37.71
2007-04-15,Tirunelveli,8.7139,77.7567,Dryland,27.64,32.76,23.47,74.54,1.31,3.79,19.01,37.7
2007-04-16,Tirunelveli,8.7139,77.7567,Dryland,28.3,34.29,23.2,70.67,1.21,0.0,24.43,37.69
2007-04-17,Tirunelveli,8.7139,77.7567,Dryland,28.48,34.56,23.99,70.35,1.32,0.12,22.87,37.69
2007-04-18,Tirunelveli,8.7139,77.7567,Dryland,28.63,35.39,23.21,70.08,1.9,0.05,23.96,37.68
2007-04-19,Tirunelveli,8.7139,77.7567,Dryland,28.82,35.62,23.33,69.38,1.42,0.0,22.77,37.67
2007-04-20,Tirunelveli,8.7139,77.7567,Dryland,28.58,34.52,23.96,71.15,1.65,0.0,22.0,37.66
2007-04-21,Tirunelveli,8.7139,77.7567,Dryland,28.39,34.47,24.21,73.21,1.54,8.27,22.52,37.64
2007-04-22,Tirunelveli,8.7139,77.7567,Dryland,27.52,32.36,24.38,77.62,1.82,2.53,21.43,37.63
2007-04-23,Tirunelveli,8.7139,77.7567,Dryland,27.56,32.44,24.11,76.91,2.21,0.17,24.7,37.62
2007-04-24,Tirunelveli,8.7139,77.7567,Dryland,27.13,31.07,24.01,74.61,2.29,0.04,24.94,37.6
2007-04-25,Tirunelveli,8.7139,77.7567,Dryland,28.55,35.8,22.4,69.57,1.48,0.24,24.14,37.58
2007-04-26,Tirunelveli,8.7139,77.7567,Dryland,27.57,31.49,24.9,78.01,1.59,0.19,22.02,37.56
2007-04-27,Tirunelveli,8.7139,77.7567,Dryland,26.61,29.28,24.55,84.77,0.84,15.53,19.72,37.54
2007-04-28,Tirunelveli,8.7139,77.7567,Dryland,27.77,33.49,23.86,78.98,1.05,6.74,23.99,37.52
2007-04-29,Tirunelveli,8.7139,77.7567,Dryland,27.33,31.71,24.21,80.48,1.34,1.05,24.13,37.5
2007-04-30,Tirunelveli,8.7139,77.7567,Dryland,28.2,34.05,24.14,74.46,1.27,0.19,23.61,37.47
2007-05-01,Tirunelveli,8.7139,77.7567,Dryland,27.67,32.25,24.59,78.91,2.1,0.01,23.46,37.45
2007-05-02,Tirunelveli,8.7139,77.7567,Dryland,28.03,32.83,24.98,78.33,3.24,0.41,23.8,37.43
2007-05-03,Tirunelveli,8.7139,77.7567,Dryland,26.89,29.39,25.09,83.37,4.1,0.78,19.79,37.4
2007-05-04,Tirunelveli,8.7139,77.7567,Dryland,27.2,31.1,24.91,80.33,3.45,0.11,20.08,37.38
2007-05-05,Tirunelveli,8.7139,77.7567,Dryland,26.92,30.41,24.72,83.01,3.14,10.14,20.96,37.36
2007-05-06,Tirunelveli,8.7139,77.7567,Dryland,27.1,31.5,24.24,81.4,2.3,4.98,22.27,37.33
2007-05-07,Tirunelveli,8.7139,77.7567,Dryland,26.77,29.85,24.58,82.27,2.37,0.0,23.45,37.3
2007-05-08,Tirunelveli,8.7139,77.7567,Dryland,26.58,29.5,24.71,84.6,2.57,7.93,19.5,37.27
2007-05-09,Tirunelveli,8.7139,77.7567,Dryland,26.43,29.54,24.44,87.63,3.27,5.88,11.92,37.24
2007-05-10,Tirunelveli,8.7139,77.7567,Dryland,26.54,29.52,24.42,85.0,3.76,0.94,20.69,37.22
2007-05-11,Tirunelveli,8.7139,77.7567,Dryland,27.4,31.56,24.56,81.03,4.41,0.12,21.82,37.19
2007-05-12,Tirunelveli,8.7139,77.7567,Dryland,27.52,32.32,24.45,75.83,4.19,0.01,22.19,37.16
2007-05-13,Tirunelveli,8.7139,77.7567,Dryland,27.66,33.17,23.71,73.09,4.18,0.05,20.33,37.13
2007-05-14,Tirunelveli,8.7139,77.7567,Dryland,27.13,31.0,24.2,76.43,4.28,0.01,20.97,37.1
2007-05-15,Tirunelveli,8.7139,77.7567,Dryland,28.04,34.46,23.56,72.42,4.32,0.0,23.06,37.07
2007-05-16,Tirunelveli,8.7139,77.7567,Dryland,28.48,35.1,24.7,68.47,3.87,0.0,24.55,37.04
2007-05-17,Tirunelveli,8.7139,77.7567,Dryland,27.9,34.72,22.83,68.61,3.32,0.0,22.86,37.01
2007-05-18,Tirunelveli,8.7139,77.7567,Dryland,28.1,34.6,23.5,68.74,2.58,0.0,25.05,36.98
2007-05-19,Tirunelveli,8.7139,77.7567,Dryland,28.32,35.76,22.88,67.85,2.52,0.0,25.2,36.95
2007-05-20,Tirunelveli,8.7139,77.7567,Dryland,28.7,35.2,24.11,70.47,3.44,0.0,24.26,36.92
2007-05-21,Tirunelveli,8.7139,77.7567,Dryland,28.56,33.84,24.81,72.33,3.53,0.0,24.45,36.89
2007-05-22,Tirunelveli,8.7139,77.7567,Dryland,27.66,31.31,25.15,77.5,2.52,0.05,24.21,36.87
2007-05-23,Tirunelveli,8.7139,77.7567,Dryland,27.93,32.35,24.68,77.83,1.84,0.01,22.04,36.84
2007-05-24,Tirunelveli,8.7139,77.7567,Dryland,27.94,33.1,24.92,75.07,2.33,0.01,20.76,36.81
2007-05-25,Tirunelveli,8.7139,77.7567,Dryland,27.28,31.56,24.0,76.62,2.08,0.0,22.0,36.78
2007-05-26,Tirunelveli,8.7139,77.7567,Dryland,27.32,31.95,24.45,77.54,2.84,8.29,22.99,36.76
2007-05-27,Tirunelveli,8.7139,77.7567,Dryland,26.38,29.72,24.17,84.1,3.65,39.12,19.59,36.73
2007-05-28,Tirunelveli,8.7139,77.7567,Dryland,25.4,27.56,23.84,84.9,4.07,16.95,17.66,36.7
2007-05-29,Tirunelveli,8.7139,77.7567,Dryland,25.41,28.52,23.44,83.18,3.45,4.79,14.73,36.68
2007-05-30,Tirunelveli,8.7139,77.7567,Dryland,25.66,29.05,23.22,84.0,3.58,12.84,20.62,36.65
2007-05-31,Tirunelveli,8.7139,77.7567,Dryland,26.44,31.25,23.63,79.01,3.48,1.36,22.5,36.63
2007-06-01,Tirunelveli,8.7139,77.7567,Dryland,26.97,32.02,23.2,78.53,3.15,0.0,24.65,36.61
2007-06-02,Tirunelveli,8.7139,77.7567,Dryland,27.18,32.33,23.33,80.54,3.23,0.0,24.76,36.58
2007-06-03,Tirunelveli,8.7139,77.7567,Dryland,27.62,33.04,23.71,77.88,3.16,0.0,23.77,36.56
2007-06-04,Tirunelveli,8.7139,77.7567,Dryland,27.67,33.65,23.18,77.34,2.71,0.0,23.19,36.53
2007-06-05,Tirunelveli,8.7139,77.7567,Dryland,27.16,30.96,24.51,81.15,2.26,0.01,22.76,36.51
2007-06-06,Tirunelveli,8.7139,77.7567,Dryland,27.04,30.66,24.44,82.98,2.55,0.02,21.87,36.49
2007-06-07,Tirunelveli,8.7139,77.7567,Dryland,26.17,29.62,23.91,84.99,2.85,7.74,19.89,36.47
2007-06-08,Tirunelveli,8.7139,77.7567,Dryland,25.66,27.88,23.95,88.27,2.93,6.65,19.32,36.45
2007-06-09,Tirunelveli,8.7139,77.7567,Dryland,25.81,29.22,23.65,84.17,3.3,3.69,19.98,36.44
2007-06-10,Tirunelveli,8.7139,77.7567,Dryland,26.02,28.5,24.22,87.06,3.61,3.42,21.52,36.42
2007-06-11,Tirunelveli,8.7139,77.7567,Dryland,26.07,28.92,24.38,85.19,4.51,1.39,21.65,36.41
2007-06-12,Tirunelveli,8.7139,77.7567,Dryland,26.4,29.74,24.1,83.13,4.33,2.65,18.77,36.39
2007-06-13,Tirunelveli,8.7139,77.7567,Dryland,25.98,28.89,24.05,83.14,4.66,4.38,20.09,36.37
2007-06-14,Tirunelveli,8.7139,77.7567,Dryland,25.98,29.31,23.78,81.02,4.67,1.63,16.69,36.36
2007-06-15,Tirunelveli,8.7139,77.7567,Dryland,25.88,29.88,23.22,83.53,4.28,8.39,15.89,36.35
2007-06-16,Tirunelveli,8.7139,77.7567,Dryland,25.19,28.27,23.63,85.68,4.73,1.77,15.8,36.34
2007-06-17,Tirunelveli,8.7139,77.7567,Dryland,24.92,27.14,23.63,89.76,3.95,30.05,12.89,36.33
2007-06-18,Tirunelveli,8.7139,77.7567,Dryland,24.84,27.36,23.41,88.85,4.62,11.92,12.71,36.32
2007-06-19,Tirunelveli,8.7139,77.7567,Dryland,24.52,26.31,23.38,89.21,4.44,6.31,10.76,36.31
2007-06-20,Tirunelveli,8.7139,77.7567,Dryland,24.16,26.16,23.05,89.13,4.95,8.03,9.78,36.3
2007-06-21,Tirunelveli,8.7139,77.7567,Dryland,24.83,26.49,23.59,91.23,5.17,31.76,9.61,36.3
2007-06-22,Tirunelveli,8.7139,77.7567,Dryland,24.69,26.42,23.75,90.93,5.75,32.73,6.72,36.29
2007-06-23,Tirunelveli,8.7139,77.7567,Dryland,24.89,27.08,23.22,90.33,4.0,18.2,7.11,36.29
2007-06-24,Tirunelveli,8.7139,77.7567,Dryland,24.93,27.73,22.76,90.53,2.19,1.68,14.94,36.29
2007-06-25,Tirunelveli,8.7139,77.7567,Dryland,25.01,28.52,22.54,88.96,2.94,0.01,22.21,36.29
2007-06-26,Tirunelveli,8.7139,77.7567,Dryland,25.01,28.1,22.52,89.85,2.97,0.02,21.06,36.29
2007-06-27,Tirunelveli,8.7139,77.7567,Dryland,25.07,28.35,22.91,88.65,3.78,0.01,15.03,36.29
2007-06-28,Tirunelveli,8.7139,77.7567,Dryland,25.23,28.1,22.73,90.59,4.0,1.3,15.94,36.29
2007-06-29,Tirunelveli,8.7139,77.7567,Dryland,25.4,27.81,23.77,90.01,3.33,3.99,14.73,36.29
2007-06-30,Tirunelveli,8.7139,77.7567,Dryland,25.05,28.17,22.7,88.23,3.64,4.01,16.95,36.3
2007-07-01,Tirunelveli,8.7139,77.7567,Dryland,25.16,28.19,23.38,90.03,3.48,9.21,18.41,36.3
2007-07-02,Tirunelveli,8.7139,77.7567,Dryland,25.32,27.81,23.21,91.11,3.24,16.27,12.19,36.31
2007-07-03,Tirunelveli,8.7139,77.7567,Dryland,25.02,27.9,23.18,88.7,3.96,5.29,18.39,36.31
2007-07-04,Tirunelveli,8.7139,77.7567,Dryland,24.75,27.05,23.26,90.65,3.44,1.47,20.03,36.32
2007-07-05,Tirunelveli,8.7139,77.7567,Dryland,24.71,27.23,22.78,90.78,3.54,0.68,17.13,36.33
2007-07-06,Tirunelveli,8.7139,77.7567,Dryland,24.33,27.17,22.4,86.37,4.53,4.29,16.54,36.34
2007-07-07,Tirunelveli,8.7139,77.7567,Dryland,24.57,27.0,22.11,89.88,3.97,4.69,21.1,36.35
2007-07-08,Tirunelveli,8.7139,77.7567,Dryland,25.04,27.58,23.27,89.79,3.72,3.11,18.95,36.36
2007-07-09,Tirunelveli,8.7139,77.7567,Dryland,24.76,27.09,23.12,91.8,3.25,6.48,19.59,36.37
2007-07-10,Tirunelveli,8.7139,77.7567,Dryland,24.96,26.92,23.62,90.83,3.9,3.37,17.37,36.38
2007-07-11,Tirunelveli,8.7139,77.7567,Dryland,25.15,27.45,23.7,90.81,3.86,6.53,20.16,36.39
2007-07-12,Tirunelveli,8.7139,77.7567,Dryland,25.24,27.45,23.91,90.58,4.09,6.84,16.47,36.4
2007-07-13,Tirunelveli,8.7139,77.7567,Dryland,25.34,27.79,23.8,90.12,4.0,2.83,17.52,36.42
2007-07-14,Tirunelveli,8.7139,77.7567,Dryland,25.39,27.86,24.02,89.94,4.31,1.35,19.07,36.44
2007-07-15,Tirunelveli,8.7139,77.7567,Dryland,25.24,27.45,23.83,90.7,4.14,2.6,16.94,36.46
2007-07-16,Tirunelveli,8.7139,77.7567,Dryland,24.58,26.36,23.28,89.99,4.98,24.14,13.32,36.48
2007-07-17,Tirunelveli,8.7139,77.7567,Dryland,24.25,26.2,22.95,90.34,4.78,14.33,16.84,36.5
2007-07-18,Tirunelveli,8.7139,77.7567,Dryland,24.57,27.56,22.74,90.69,3.62,2.31,17.21,36.52
2007-07-19,Tirunelveli,8.7139,77.7567,Dryland,24.26,26.8,22.92,90.27,4.24,23.36,17.27,36.53
2007-07-20,Tirunelveli,8.7139,77.7567,Dryland,23.67,25.4,22.71,90.55,4.07,14.69,16.15,36.55
2007-07-21,Tirunelveli,8.7139,77.7567,Dryland,23.92,26.35,22.62,90.45,4.03,2.73,17.32,36.57
2007-07-22,Tirunelveli,8.7139,77.7567,Dryland,23.87,26.28,22.49,90.49,4.06,0.26,16.03,36.59
2007-07-23,Tirunelveli,8.7139,77.7567,Dryland,24.13,27.04,22.09,89.26,2.65,0.13,17.49,36.61
2007-07-24,Tirunelveli,8.7139,77.7567,Dryland,24.13,27.15,22.27,90.16,3.09,17.29,15.49,36.63
2007-07-25,Tirunelveli,8.7139,77.7567,Dryland,23.99,26.62,22.55,90.7,3.4,8.18,16.04,36.66
2007-07-26,Tirunelveli,8.7139,77.7567,Dryland,24.19,27.1,22.23,90.74,3.56,2.85,13.34,36.68
2007-07-27,Tirunelveli,8.7139,77.7567,Dryland,24.3,26.88,22.57,90.73,3.43,1.78,21.03,36.7
2007-07-28,Tirunelveli,8.7139,77.7567,Dryland,24.44,26.97,22.7,90.49,3.51,0.84,19.19,36.72
2007-07-29,Tirunelveli,8.7139,77.7567,Dryland,24.45,27.19,22.69,90.89,3.05,0.14,21.13,36.74
2007-07-30,Tirunelveli,8.7139,77.7567,Dryland,24.43,27.02,22.63,90.84,2.83,0.01,13.34,36.76
2007-07-31,Tirunelveli,8.7139,77.7567,Dryland,24.47,27.39,22.6,89.06,3.14,4.62,18.0,36.79
2007-08-01,Tirunelveli,8.7139,77.7567,Dryland,24.38,26.65,22.74,89.58,3.66,13.2,10.67,36.81
2007-08-02,Tirunelveli,8.7139,77.7567,Dryland,24.34,26.74,22.86,90.64,3.35,7.39,10.47,36.83
2007-08-03,Tirunelveli,8.7139,77.7567,Dryland,24.33,26.76,22.1,90.68,2.73,1.73,19.78,36.85
2007-08-04,Tirunelveli,8.7139,77.7567,Dryland,24.81,27.98,22.61,90.88,2.95,0.25,18.08,36.87
2007-08-05,Tirunelveli,8.7139,77.7567,Dryland,24.64,26.79,22.81,91.27,3.56,7.46,17.0,36.89
2007-08-06,Tirunelveli,8.7139,77.7567,Dryland,24.48,27.01,22.56,90.5,3.26,2.21,15.75,36.91
2007-08-07,Tirunelveli,8.7139,77.7567,Dryland,25.04,28.4,22.92,89.16,3.83,0.02,21.49,36.93
2007-08-08,Tirunelveli,8.7139,77.7567,Dryland,25.03,28.08,23.17,89.12,4.09,4.56,21.4,36.95
2007-08-09,Tirunelveli,8.7139,77.7567,Dryland,24.63,27.07,23.32,89.63,4.14,9.8,18.06,36.96
2007-08-10,Tirunelveli,8.7139,77.7567,Dryland,24.28,26.95,22.79,88.72,4.59,7.7,14.68,36.98
2007-08-11,Tirunelveli,8.7139,77.7567,Dryland,24.28,27.04,22.29,88.83,3.72,1.0,15.87,37.0
2007-08-12,Tirunelveli,8.7139,77.7567,Dryland,24.08,27.1,22.19,89.31,3.49,0.01,19.65,37.02
2007-08-13,Tirunelveli,8.7139,77.7567,Dryland,24.25,27.42,21.99,88.89,3.12,0.0,21.38,37.04
2007-08-14,Tirunelveli,8.7139,77.7567,Dryland,24.52,28.39,21.43,89.56,2.89,0.0,24.95,37.05
2007-08-15,Tirunelveli,8.7139,77.7567,Dryland,24.88,28.91,21.43,88.21,2.92,0.02,23.25,37.07
2007-08-16,Tirunelveli,8.7139,77.7567,Dryland,25.01,28.25,22.87,90.09,2.65,0.12,22.59,37.08
2007-08-17,Tirunelveli,8.7139,77.7567,Dryland,24.92,27.82,22.85,90.13,2.7,0.06,23.9,37.1
2007-08-18,Tirunelveli,8.7139,77.7567,Dryland,25.06,28.14,22.66,90.16,3.02,0.38,20.47,37.11
2007-08-19,Tirunelveli,8.7139,77.7567,Dryland,24.99,27.75,23.26,88.99,3.57,0.05,22.64,37.12
2007-08-20,Tirunelveli,8.7139,77.7567,Dryland,24.7,28.06,22.08,88.46,3.33,0.17,23.46,37.14
2007-08-21,Tirunelveli,8.7139,77.7567,Dryland,24.34,26.6,22.76,90.92,3.84,0.26,15.67,37.15
2007-08-22,Tirunelveli,8.7139,77.7567,Dryland,24.31,27.61,22.4,88.76,3.33,0.03,17.85,37.16
2007-08-23,Tirunelveli,8.7139,77.7567,Dryland,24.24,27.34,22.29,90.06,2.95,0.47,20.63,37.17
2007-08-24,Tirunelveli,8.7139,77.7567,Dryland,24.55,27.94,22.39,87.43,2.7,0.12,20.53,37.17
2007-08-25,Tirunelveli,8.7139,77.7567,Dryland,24.62,27.66,22.54,89.53,2.75,4.82,19.12,37.18
2007-08-26,Tirunelveli,8.7139,77.7567,Dryland,24.55,27.75,22.66,88.38,3.23,1.04,20.06,37.18
2007-08-27,Tirunelveli,8.7139,77.7567,Dryland,24.87,28.73,22.0,87.14,2.96,0.01,22.22,37.19
2007-08-28,Tirunelveli,8.7139,77.7567,Dryland,24.85,27.73,22.92,90.37,3.06,17.28,20.24,37.19
2007-08-29,Tirunelveli,8.7139,77.7567,Dryland,24.71,27.8,23.0,89.98,3.57,8.98,16.35,37.19
2007-08-30,Tirunelveli,8.7139,77.7567,Dryland,24.47,27.97,22.84,88.16,3.74,2.76,15.96,37.19
2007-08-31,Tirunelveli,8.7139,77.7567,Dryland,24.18,27.33,22.29,87.79,4.16,5.97,17.09,37.19
2007-09-01,Tirunelveli,8.7139,77.7567,Dryland,24.62,28.12,22.51,86.58,3.74,1.03,16.17,37.19
2007-09-02,Tirunelveli,8.7139,77.7567,Dryland,24.67,27.64,22.72,88.53,3.72,4.16,14.97,37.18
2007-09-03,Tirunelveli,8.7139,77.7567,Dryland,24.55,27.48,22.52,87.72,2.75,0.38,17.12,37.18
2007-09-04,Tirunelveli,8.7139,77.7567,Dryland,24.77,28.74,22.35,86.89,2.74,10.85,20.94,37.17
2007-09-05,Tirunelveli,8.7139,77.7567,Dryland,24.11,27.12,22.42,90.79,4.2,10.51,14.19,37.16
2007-09-06,Tirunelveli,8.7139,77.7567,Dryland,24.63,27.69,22.29,87.78,3.85,4.54,18.12,37.15
2007-09-07,Tirunelveli,8.7139,77.7567,Dryland,24.95,28.35,22.86,88.21,3.08,1.36,22.08,37.14
2007-09-08,Tirunelveli,8.7139,77.7567,Dryland,24.51,26.75,23.02,91.98,2.1,3.0,15.29,37.13
2007-09-09,Tirunelveli,8.7139,77.7567,Dryland,24.92,28.0,22.4,88.58,1.93,6.81,15.37,37.11
2007-09-10,Tirunelveli,8.7139,77.7567,Dryland,25.07,28.88,22.44,88.54,1.83,1.41,21.64,37.1
2007-09-11,Tirunelveli,8.7139,77.7567,Dryland,25.12,28.39,22.77,88.37,1.88,7.41,22.68,37.08
2007-09-12,Tirunelveli,8.7139,77.7567,Dryland,24.56,27.22,22.55,90.19,2.47,4.37,22.24,37.06
2007-09-13,Tirunelveli,8.7139,77.7567,Dryland,24.58,26.99,22.93,91.83,2.71,17.39,21.7,37.04
2007-09-14,Tirunelveli,8.7139,77.7567,Dryland,24.39,26.89,22.75,89.11,3.57,11.27,13.68,37.02
2007-09-15,Tirunelveli,8.7139,77.7567,Dryland,24.31,26.86,22.9,91.15,3.45,16.61,15.14,36.99
2007-09-16,Tirunelveli,8.7139,77.7567,Dryland,24.98,28.6,23.0,89.38,4.13,21.73,15.85,36.97
2007-09-17,Tirunelveli,8.7139,77.7567,Dryland,24.72,27.44,23.13,88.84,4.15,6.09,15.36,36.94
2007-09-18,Tirunelveli,8.7139,77.7567,Dryland,24.28,26.95,22.76,88.63,4.27,3.31,13.64,36.92
2007-09-19,Tirunelveli,8.7139,77.7567,Dryland,24.88,27.42,23.06,90.8,3.98,3.83,16.72,36.89
2007-09-20,Tirunelveli,8.7139,77.7567,Dryland,24.94,27.31,23.52,89.74,4.38,7.58,17.77,36.85
2007-09-21,Tirunelveli,8.7139,77.7567,Dryland,25.25,28.06,23.59,90.14,4.35,7.28,17.06,36.82
2007-09-22,Tirunelveli,8.7139,77.7567,Dryland,25.07,27.22,23.74,91.35,4.45,9.86,14.97,36.79
2007-09-23,Tirunelveli,8.7139,77.7567,Dryland,24.76,27.37,23.39,89.45,4.63,7.47,15.78,36.75
2007-09-24,Tirunelveli,8.7139,77.7567,Dryland,25.11,28.35,22.81,87.78,4.08,4.51,20.45,36.71
2007-09-25,Tirunelveli,8.7139,77.7567,Dryland,24.94,27.89,22.86,89.42,3.88,2.24,21.0,36.67
2007-09-26,Tirunelveli,8.7139,77.7567,Dryland,24.57,27.9,21.86,90.3,2.7,0.13,23.67,36.63
2007-09-27,Tirunelveli,8.7139,77.7567,Dryland,24.66,27.57,22.84,91.18,2.61,0.94,22.64,36.59
2007-09-28,Tirunelveli,8.7139,77.7567,Dryland,24.21,26.89,22.46,91.12,2.59,0.65,19.03,36.54
2007-09-29,Tirunelveli,8.7139,77.7567,Dryland,24.86,27.81,22.75,89.12,3.32,0.03,21.77,36.49
2007-09-30,Tirunelveli,8.7139,77.7567,Dryland,25.1,28.65,22.59,88.7,3.33,0.02,22.14,36.44
2007-10-01,Tirunelveli,8.7139,77.7567,Dryland,24.72,27.99,22.89,88.52,3.49,2.63,21.14,36.39
2007-10-02,Tirunelveli,8.7139,77.7567,Dryland,24.75,27.84,22.9,88.5,3.56,5.14,20.64,36.34
2007-10-03,Tirunelveli,8.7139,77.7567,Dryland,25.13,28.68,22.73,87.07,3.48,0.75,19.88,36.29
2007-10-04,Tirunelveli,8.7139,77.7567,Dryland,24.4,26.89,23.01,88.89,3.6,0.01,21.08,36.23
2007-10-05,Tirunelveli,8.7139,77.7567,Dryland,24.24,26.88,22.41,87.72,3.29,0.01,21.26,36.18
2007-10-06,Tirunelveli,8.7139,77.7567,Dryland,24.28,27.88,21.92,85.6,3.19,1.05,22.49,36.12
2007-10-07,Tirunelveli,8.7139,77.7567,Dryland,24.29,27.59,21.8,87.56,3.48,24.48,18.47,36.06
2007-10-08,Tirunelveli,8.7139,77.7567,Dryland,24.34,28.28,21.63,86.99,3.72,2.17,18.61,36.0
2007-10-09,Tirunelveli,8.7139,77.7567,Dryland,25.04,30.39,20.39,83.48,1.77,0.0,21.88,35.94
2007-10-10,Tirunelveli,8.7139,77.7567,Dryland,25.41,30.09,21.45,85.68,1.37,14.56,21.03,35.87
2007-10-11,Tirunelveli,8.7139,77.7567,Dryland,25.27,28.81,22.48,86.98,1.65,5.33,17.18,35.81
2007-10-12,Tirunelveli,8.7139,77.7567,Dryland,24.56,27.75,22.29,88.61,1.88,1.26,17.2,35.75
2007-10-13,Tirunelveli,8.7139,77.7567,Dryland,24.7,28.39,21.5,89.31,1.81,4.73,19.1,35.68
2007-10-14,Tirunelveli,8.7139,77.7567,Dryland,24.47,27.17,22.57,90.6,1.82,1.72,16.59,35.61
2007-10-15,Tirunelveli,8.7139,77.7567,Dryland,25.08,28.78,21.92,87.18,1.17,0.22,16.35,35.54
2007-10-16,Tirunelveli,8.7139,77.7567,Dryland,25.04,28.07,23.06,89.7,1.14,10.17,16.92,35.47
2007-10-17,Tirunelveli,8.7139,77.7567,Dryland,24.63,27.99,22.49,87.87,1.02,5.65,16.52,35.4
2007-10-18,Tirunelveli,8.7139,77.7567,Dryland,23.92,26.57,21.88,89.17,1.07,14.25,14.1,35.33
2007-10-19,Tirunelveli,8.7139,77.7567,Dryland,24.22,27.72,21.57,89.26,1.5,69.28,15.94,35.26
2007-10-20,Tirunelveli,8.7139,77.7567,Dryland,23.71,26.45,21.72,87.9,3.09,17.36,13.87,35.18
2007-10-21,Tirunelveli,8.7139,77.7567,Dryland,24.0,27.7,21.13,87.52,1.94,0.51,20.99,35.11
2007-10-22,Tirunelveli,8.7139,77.7567,Dryland,23.88,26.65,21.95,90.25,2.3,2.35,17.54,35.03
2007-10-23,Tirunelveli,8.7139,77.7567,Dryland,23.69,26.3,21.74,90.91,1.71,1.49,13.64,34.96
2007-10-24,Tirunelveli,8.7139,77.7567,Dryland,23.84,27.59,20.78,90.14,1.47,12.92,15.43,34.88
2007-10-25,Tirunelveli,8.7139,77.7567,Dryland,24.65,27.9,22.64,88.94,1.07,3.68,15.1,34.8
2007-10-26,Tirunelveli,8.7139,77.7567,Dryland,24.57,27.98,22.33,89.24,0.76,1.61,12.97,34.72
2007-10-27,Tirunelveli,8.7139,77.7567,Dryland,23.93,27.01,22.03,89.55,1.18,2.18,13.36,34.64
2007-10-28,Tirunelveli,8.7139,77.7567,Dryland,24.4,28.56,21.93,87.89,2.09,2.4,17.86,34.56
2007-10-29,Tirunelveli,8.7139,77.7567,Dryland,24.01,27.54,21.55,89.19,3.03,8.91,11.44,34.48
2007-10-30,Tirunelveli,8.7139,77.7567,Dryland,24.77,28.01,22.73,89.8,2.69,8.79,17.58,34.4
2007-10-31,Tirunelveli,8.7139,77.7567,Dryland,24.46,28.15,21.8,89.11,2.08,0.56,21.59,34.32
2007-11-01,Tirunelveli,8.7139,77.7567,Dryland,25.23,29.46,21.62,85.2,1.51,0.07,20.29,34.24
2007-11-02,Tirunelveli,8.7139,77.7567,Dryland,25.14,28.43,22.34,84.95,0.96,1.34,15.28,34.16
2007-11-03,Tirunelveli,8.7139,77.7567,Dryland,24.83,28.54,21.58,85.36,1.55,1.35,8.9,34.08
2007-11-04,Tirunelveli,8.7139,77.7567,Dryland,23.94,25.96,21.4,89.24,1.17,0.83,15.52,34.0
2007-11-05,Tirunelveli,8.7139,77.7567,Dryland,24.58,27.02,22.57,87.68,0.9,0.7,16.69,33.92
2007-11-06,Tirunelveli,8.7139,77.7567,Dryland,23.97,26.76,21.96,92.27,1.52,28.33,8.4,33.84
2007-11-07,Tirunelveli,8.7139,77.7567,Dryland,23.5,26.09,21.74,91.36,1.96,8.01,18.05,33.76
2007-11-08,Tirunelveli,8.7139,77.7567,Dryland,24.6,28.4,21.61,89.9,1.02,68.69,16.38,33.68
2007-11-09,Tirunelveli,8.7139,77.7567,Dryland,24.03,25.57,23.05,92.91,0.75,11.77,16.59,33.6
2007-11-10,Tirunelveli,8.7139,77.7567,Dryland,24.89,28.1,22.4,85.79,1.0,0.06,16.68,33.52
2007-11-11,Tirunelveli,8.7139,77.7567,Dryland,24.45,27.69,21.93,86.2,1.54,0.22,16.1,33.44
2007-11-12,Tirunelveli,8.7139,77.7567,Dryland,24.22,28.14,20.6,87.71,2.02,1.03,18.26,33.36
2007-11-13,Tirunelveli,8.7139,77.7567,Dryland,24.55,28.55,20.57,84.42,1.41,0.63,19.41,33.29
2007-11-14,Tirunelveli,8.7139,77.7567,Dryland,24.9,28.44,21.22,79.22,1.21,0.93,19.95,33.21
2007-11-15,Tirunelveli,8.7139,77.7567,Dryland,22.91,27.49,19.1,77.27,2.0,0.0,22.1,33.14
2007-11-16,Tirunelveli,8.7139,77.7567,Dryland,21.86,27.5,15.85,72.18,1.68,0.0,21.77,33.06
2007-11-17,Tirunelveli,8.7139,77.7567,Dryland,21.47,27.09,16.28,81.13,1.97,0.0,20.09,32.99
2007-11-18,Tirunelveli,8.7139,77.7567,Dryland,21.7,27.05,15.93,79.15,1.93,0.0,22.14,32.92
2007-11-19,Tirunelveli,8.7139,77.7567,Dryland,23.51,27.75,19.3,89.03,1.7,0.09,16.72,32.84
2007-11-20,Tirunelveli,8.7139,77.7567,Dryland,23.84,26.74,21.55,92.69,2.21,5.08,16.48,32.78
2007-11-21,Tirunelveli,8.7139,77.7567,Dryland,24.48,27.28,22.59,91.04,2.87,2.43,13.82,32.71
2007-11-22,Tirunelveli,8.7139,77.7567,Dryland,24.21,27.92,21.32,89.22,2.72,2.33,11.49,32.64
2007-11-23,Tirunelveli,8.7139,77.7567,Dryland,24.13,27.91,21.78,87.9,2.4,0.34,16.83,32.57
2007-11-24,Tirunelveli,8.7139,77.7567,Dryland,23.37,26.49,20.32,88.26,2.16,21.76,15.62,32.51
2007-11-25,Tirunelveli,8.7139,77.7567,Dryland,21.91,26.24,18.35,80.93,2.55,1.43,17.42,32.45
2007-11-26,Tirunelveli,8.7139,77.7567,Dryland,22.04,26.73,17.69,78.29,2.13,0.0,22.29,32.39
2007-11-27,Tirunelveli,8.7139,77.7567,Dryland,23.8,28.72,18.94,83.55,1.61,0.03,19.94,32.33
2007-11-28,Tirunelveli,8.7139,77.7567,Dryland,24.58,29.01,19.97,84.93,1.37,0.0,18.44,32.27
2007-11-29,Tirunelveli,8.7139,77.7567,Dryland,24.65,28.3,22.23,87.36,2.56,0.34,18.51,32.22
2007-11-30,Tirunelveli,8.7139,77.7567,Dryland,23.11,26.81,19.78,85.31,3.11,0.09,14.98,32.16
2007-12-01,Tirunelveli,8.7139,77.7567,Dryland,22.77,27.7,18.15,86.66,2.98,0.0,20.61,32.11
2007-12-02,Tirunelveli,8.7139,77.7567,Dryland,23.6,28.06,20.33,86.98,2.86,0.0,16.6,32.06
2007-12-03,Tirunelveli,8.7139,77.7567,Dryland,23.48,27.18,21.11,88.21,3.38,0.0,15.31,32.02
2007-12-04,Tirunelveli,8.7139,77.7567,Dryland,23.13,26.89,20.13,83.52,3.73,0.0,20.1,31.97
2007-12-05,Tirunelveli,8.7139,77.7567,Dryland,22.83,27.56,19.42,85.78,4.08,0.01,16.83,31.93
2007-12-06,Tirunelveli,8.7139,77.7567,Dryland,23.01,27.45,19.49,85.44,3.77,0.01,19.36,31.89
2007-12-07,Tirunelveli,8.7139,77.7567,Dryland,23.16,27.89,19.36,85.86,3.02,0.01,19.51,31.85
2007-12-08,Tirunelveli,8.7139,77.7567,Dryland,23.67,28.07,20.43,86.13,3.27,0.0,15.4,31.82
2007-12-09,Tirunelveli,8.7139,77.7567,Dryland,24.09,28.54,21.13,84.61,2.8,0.01,17.11,31.78
2007-12-10,Tirunelveli,8.7139,77.7567,Dryland,23.91,28.1,21.09,83.96,3.08,0.0,18.68,31.75
2007-12-11,Tirunelveli,8.7139,77.7567,Dryland,23.3,28.35,20.0,82.21,2.92,0.05,18.93,31.72
2007-12-12,Tirunelveli,8.7139,77.7567,Dryland,23.11,27.45,19.27,85.13,2.14,0.39,17.64,31.7
2007-12-13,Tirunelveli,8.7139,77.7567,Dryland,21.99,25.05,20.04,87.61,2.57,1.26,10.24,31.67
2007-12-14,Tirunelveli,8.7139,77.7567,Dryland,22.43,24.39,20.9,92.22,4.14,1.14,7.84,31.66
2007-12-15,Tirunelveli,8.7139,77.7567,Dryland,23.36,26.11,21.89,88.81,4.2,0.5,6.83,31.65
2007-12-16,Tirunelveli,8.7139,77.7567,Dryland,24.04,27.79,21.58,82.44,3.84,0.11,15.43,31.63
2007-12-17,Tirunelveli,8.7139,77.7567,Dryland,24.09,29.16,20.14,82.66,3.63,0.49,14.87,31.62
2007-12-18,Tirunelveli,8.7139,77.7567,Dryland,23.01,26.79,20.72,89.66,3.12,3.02,7.72,31.61
2007-12-19,Tirunelveli,8.7139,77.7567,Dryland,23.85,26.87,21.69,90.33,1.96,4.35,7.39,31.6
2007-12-20,Tirunelveli,8.7139,77.7567,Dryland,24.14,26.63,22.3,90.44,2.77,0.51,7.56,31.6
2007-12-21,Tirunelveli,8.7139,77.7567,Dryland,23.95,26.37,22.23,90.1,2.86,0.32,13.02,31.6
2007-12-22,Tirunelveli,8.7139,77.7567,Dryland,24.04,27.35,21.98,85.85,3.16,0.6,10.11,31.61
2007-12-23,Tirunelveli,8.7139,77.7567,Dryland,23.26,26.18,21.06,84.17,3.27,0.31,10.33,31.61
2007-12-24,Tirunelveli,8.7139,77.7567,Dryland,22.61,26.21,18.56,79.31,2.48,0.01,20.89,31.62
2007-12-25,Tirunelveli,8.7139,77.7567,Dryland,20.76,26.26,16.79,71.81,1.72,0.0,21.5,31.63
2007-12-26,Tirunelveli,8.7139,77.7567,Dryland,20.93,28.04,14.64,76.63,2.04,0.0,21.99,31.64
2007-12-27,Tirunelveli,8.7139,77.7567,Dryland,22.56,29.05,16.7,80.19,1.98,0.0,19.95,31.66
2007-12-28,Tirunelveli,8.7139,77.7567,Dryland,23.42,29.74,17.38,78.63,1.56,0.0,20.3,31.68
2007-12-29,Tirunelveli,8.7139,77.7567,Dryland,23.64,29.91,18.63,78.22,1.7,0.0,19.69,31.7
2007-12-30,Tirunelveli,8.7139,77.7567,Dryland,23.47,29.71,18.15,79.76,2.19,0.04,19.24,31.73
2007-12-31,Tirunelveli,8.7139,77.7567,Dryland,23.49,29.71,18.79,78.67,2.44,0.0,19.46,31.75
2008-01-01,Tirunelveli,8.7139,77.7567,Dryland,22.99,29.31,17.96,76.9,2.95,0.0,22.25,31.79
2008-01-02,Tirunelveli,8.7139,77.7567,Dryland,22.14,28.84,16.68,75.22,2.75,0.04,21.47,31.82
2008-01-03,Tirunelveli,8.7139,77.7567,Dryland,23.53,30.26,17.25,75.38,2.34,0.03,19.9,31.86
2008-01-04,Tirunelveli,8.7139,77.7567,Dryland,24.95,31.14,19.85,77.83,2.63,0.07,15.99,31.9
2008-01-05,Tirunelveli,8.7139,77.7567,Dryland,25.32,30.57,21.65,79.33,4.03,0.02,15.0,31.94
2008-01-06,Tirunelveli,8.7139,77.7567,Dryland,24.11,30.15,20.36,72.19,4.24,0.0,18.17,31.98
2008-01-07,Tirunelveli,8.7139,77.7567,Dryland,23.37,29.29,19.46,74.37,4.17,0.01,18.68,32.03
2008-01-08,Tirunelveli,8.7139,77.7567,Dryland,23.77,29.93,19.37,75.61,3.91,0.0,15.96,32.08
2008-01-09,Tirunelveli,8.7139,77.7567,Dryland,24.54,31.17,19.54,73.96,2.89,0.0,20.48,32.13
2008-01-10,Tirunelveli,8.7139,77.7567,Dryland,24.53,30.87,20.01,75.55,2.85,0.0,20.67,32.18
2008-01-11,Tirunelveli,8.7139,77.7567,Dryland,24.17,30.92,19.49,74.09,3.34,0.02,19.3,32.24
2008-01-12,Tirunelveli,8.7139,77.7567,Dryland,24.27,30.98,19.66,74.89,3.7,0.01,19.77,32.29
2008-01-13,Tirunelveli,8.7139,77.7567,Dryland,24.12,30.92,20.02,74.76,3.85,0.01,17.68,32.35
2008-01-14,Tirunelveli,8.7139,77.7567,Dryland,23.96,31.13,19.41,73.02,3.79,0.0,21.28,32.41
2008-01-15,Tirunelveli,8.7139,77.7567,Dryland,23.61,31.01,18.55,73.85,3.59,0.0,21.34,32.47
2008-01-16,Tirunelveli,8.7139,77.7567,Dryland,24.14,31.08,19.41,73.74,3.72,0.0,20.18,32.54
2008-01-17,Tirunelveli,8.7139,77.7567,Dryland,23.3,30.42,18.21,72.97,3.72,0.0,21.33,32.61
2008-01-18,Tirunelveli,8.7139,77.7567,Dryland,22.54,30.75,16.44,68.9,2.81,0.0,21.15,32.68
2008-01-19,Tirunelveli,8.7139,77.7567,Dryland,22.82,31.3,16.06,69.21,2.05,0.0,22.15,32.75
2008-01-20,Tirunelveli,8.7139,77.7567,Dryland,23.46,32.26,16.45,68.31,2.11,0.0,22.97,32.82
2008-01-21,Tirunelveli,8.7139,77.7567,Dryland,24.83,31.97,18.92,76.41,3.03,0.04,17.42,32.9
2008-01-22,Tirunelveli,8.7139,77.7567,Dryland,25.64,32.0,21.56,73.84,3.11,0.0,18.07,32.97
2008-01-23,Tirunelveli,8.7139,77.7567,Dryland,25.12,32.78,20.61,69.53,2.75,0.0,20.89,33.05
2008-01-24,Tirunelveli,8.7139,77.7567,Dryland,24.88,32.85,19.84,68.69,2.23,0.0,19.81,33.13
2008-01-25,Tirunelveli,8.7139,77.7567,Dryland,24.97,33.46,17.61,67.96,1.14,0.0,19.59,33.21
2008-01-26,Tirunelveli,8.7139,77.7567,Dryland,26.31,33.93,20.88,67.29,1.18,0.0,16.05,33.29
2008-01-27,Tirunelveli,8.7139,77.7567,Dryland,26.35,33.42,21.66,68.71,1.46,0.0,18.78,33.37
2008-01-28,Tirunelveli,8.7139,77.7567,Dryland,26.53,34.71,20.21,64.33,1.12,0.0,19.53,33.45
2008-01-29,Tirunelveli,8.7139,77.7567,Dryland,26.52,33.87,21.43,68.25,1.21,0.0,17.51,33.54
2008-01-30,Tirunelveli,8.7139,77.7567,Dryland,26.88,34.71,20.66,66.47,1.13,0.0,19.28,33.62
2008-01-31,Tirunelveli,8.7139,77.7567,Dryland,26.92,34.48,20.75,66.83,1.77,0.0,19.41,33.71
2008-02-01,Tirunelveli,8.7139,77.7567,Dryland,27.22,33.92,22.04,66.66,1.49,0.0,17.41,33.8
2008-02-02,Tirunelveli,8.7139,77.7567,Dryland,27.75,34.54,22.88,63.99,0.86,0.0,19.64,33.88
2008-02-03,Tirunelveli,8.7139,77.7567,Dryland,26.76,33.32,21.4,67.87,1.63,1.62,17.01,33.97
2008-02-04,Tirunelveli,8.7139,77.7567,Dryland,27.2,34.11,21.5,66.95,1.52,0.01,13.34,34.06
2008-02-05,Tirunelveli,8.7139,77.7567,Dryland,27.23,33.7,21.95,64.25,1.73,0.0,18.07,34.14
2008-02-06,Tirunelveli,8.7139,77.7567,Dryland,27.34,34.38,21.94,63.59,2.11,0.02,19.4,34.23
2008-02-07,Tirunelveli,8.7139,77.7567,Dryland,26.09,31.07,23.63,76.22,1.69,0.28,6.55,34.32
2008-02-08,Tirunelveli,8.7139,77.7567,Dryland,26.6,31.78,22.71,73.78,1.24,4.86,16.22,34.41
2008-02-09,Tirunelveli,8.7139,77.7567,Dryland,27.01,32.53,23.35,73.91,0.99,0.79,18.33,34.5
2008-02-10,Tirunelveli,8.7139,77.7567,Dryland,26.83,32.03,23.46,74.8,1.32,0.04,19.42,34.58
2008-02-11,Tirunelveli,8.7139,77.7567,Dryland,27.7,34.18,23.22,68.37,1.31,0.08,17.46,34.67
2008-02-12,Tirunelveli,8.7139,77.7567,Dryland,26.98,32.97,23.23,72.75,1.71,3.97,17.47,34.76
2008-02-13,Tirunelveli,8.7139,77.7567,Dryland,26.98,33.23,22.76,73.52,2.33,1.65,19.15,34.85
2008-02-14,Tirunelveli,8.7139,77.7567,Dryland,26.34,31.22,23.51,75.05,3.11,2.35,14.42,34.94
2008-02-15,Tirunelveli,8.7139,77.7567,Dryland,26.92,33.98,21.93,67.41,3.79,0.06,20.12,35.02
2008-02-16,Tirunelveli,8.7139,77.7567,Dryland,27.2,34.26,21.74,64.32,3.53,0.01,21.9,35.11
2008-02-17,Tirunelveli,8.7139,77.7567,Dryland,27.36,34.02,22.63,63.48,3.21,0.01,21.18,35.2
2008-02-18,Tirunelveli,8.7139,77.7567,Dryland,26.59,34.36,20.85,58.77,2.73,0.0,24.15,35.28
2008-02-19,Tirunelveli,8.7139,77.7567,Dryland,25.92,35.0,18.5,56.17,2.26,0.0,24.58,35.37
2008-02-20,Tirunelveli,8.7139,77.7567,Dryland,26.07,35.28,18.35,56.98,2.14,0.0,24.41,35.45
2008-02-21,Tirunelveli,8.7139,77.7567,Dryland,27.17,35.57,19.61,61.01,2.22,0.02,23.39,35.53
2008-02-22,Tirunelveli,8.7139,77.7567,Dryland,27.1,34.87,20.23,60.66,3.08,0.0,23.5,35.62
2008-02-23,Tirunelveli,8.7139,77.7567,Dryland,26.87,35.1,19.62,57.86,2.15,0.0,22.76,35.7
2008-02-24,Tirunelveli,8.7139,77.7567,Dryland,26.57,34.59,20.36,56.32,2.56,0.0,24.19,35.78
2008-02-25,Tirunelveli,8.7139,77.7567,Dryland,26.44,35.89,19.03,55.37,2.01,0.0,23.5,35.86
2008-02-26,Tirunelveli,8.7139,77.7567,Dryland,26.6,34.28,19.04,57.71,2.52,0.17,22.83,35.93
2008-02-27,Tirunelveli,8.7139,77.7567,Dryland,27.48,34.06,21.49,52.16,3.82,0.07,19.68,36.01
2008-02-28,Tirunelveli,8.7139,77.7567,Dryland,26.64,33.03,21.81,65.94,4.53,0.59,12.8,36.08
2008-02-29,Tirunelveli,8.7139,77.7567,Dryland,27.55,34.72,20.74,59.68,2.72,0.16,17.0,36.16
2008-03-01,Tirunelveli,8.7139,77.7567,Dryland,26.27,31.15,23.17,71.37,2.38,4.09,14.45,36.23
2008-03-02,Tirunelveli,8.7139,77.7567,Dryland,26.32,31.99,22.64,73.95,2.04,1.75,17.35,36.3
2008-03-03,Tirunelveli,8.7139,77.7567,Dryland,27.63,35.08,22.89,64.83,2.73,0.15,21.06,36.37
2008-03-04,Tirunelveli,8.7139,77.7567,Dryland,26.37,34.48,20.02,55.15,1.85,0.01,24.42,36.44
2008-03-05,Tirunelveli,8.7139,77.7567,Dryland,26.88,35.9,18.53,57.61,2.07,0.0,25.24,36.5
2008-03-06,Tirunelveli,8.7139,77.7567,Dryland,27.05,34.4,21.69,63.8,2.99,1.24,19.5,36.57
2008-03-07,Tirunelveli,8.7139,77.7567,Dryland,26.65,35.07,20.2,60.2,3.42,0.04,20.43,36.63
2008-03-08,Tirunelveli,8.7139,77.7567,Dryland,26.49,34.25,19.73,57.09,3.11,0.0,25.66,36.69
2008-03-09,Tirunelveli,8.7139,77.7567,Dryland,26.65,33.11,22.2,66.73,2.97,0.83,19.32,36.75
2008-03-10,Tirunelveli,8.7139,77.7567,Dryland,25.16,29.38,22.25,76.74,2.03,2.84,18.47,36.81
2008-03-11,Tirunelveli,8.7139,77.7567,Dryland,25.83,30.75,22.53,71.41,1.97,0.67,16.25,36.87
2008-03-12,Tirunelveli,8.7139,77.7567,Dryland,25.03,27.49,22.85,73.98,3.59,0.96,14.68,36.92
2008-03-13,Tirunelveli,8.7139,77.7567,Dryland,24.89,28.72,23.33,87.52,3.15,2.3,13.35,36.98
2008-03-14,Tirunelveli,8.7139,77.7567,Dryland,25.47,29.65,22.9,84.07,1.75,5.73,17.64,37.03
2008-03-15,Tirunelveli,8.7139,77.7567,Dryland,24.43,27.45,22.51,87.86,1.49,25.79,12.16,37.08
2008-03-16,Tirunelveli,8.7139,77.7567,Dryland,23.95,26.87,21.91,86.08,2.73,4.74,11.78,37.13
2008-03-17,Tirunelveli,8.7139,77.7567,Dryland,24.21,27.55,21.84,88.89,2.82,4.95,9.64,37.17
2008-03-18,Tirunelveli,8.7139,77.7567,Dryland,24.31,27.69,22.04,88.87,2.49,19.5,12.23,37.22
2008-03-19,Tirunelveli,8.7139,77.7567,Dryland,24.86,28.22,22.9,89.72,2.55,12.56,10.03,37.26
2008-03-20,Tirunelveli,8.7139,77.7567,Dryland,24.34,26.85,23.12,91.77,1.6,31.82,5.04,37.3
2008-03-21,Tirunelveli,8.7139,77.7567,Dryland,24.49,26.57,23.08,92.2,2.1,37.26,13.38,37.34
2008-03-22,Tirunelveli,8.7139,77.7567,Dryland,24.79,26.68,23.57,92.93,1.76,65.58,8.34,37.37
2008-03-23,Tirunelveli,8.7139,77.7567,Dryland,24.92,27.13,23.28,92.34,1.95,21.02,6.78,37.41
2008-03-24,Tirunelveli,8.7139,77.7567,Dryland,24.59,28.15,21.53,88.54,1.82,0.74,22.19,37.44
2008-03-25,Tirunelveli,8.7139,77.7567,Dryland,24.58,29.8,20.38,85.27,2.07,0.0,23.68,37.47
2008-03-26,Tirunelveli,8.7139,77.7567,Dryland,24.88,29.42,20.58,83.35,1.47,0.0,25.21,37.49
2008-03-27,Tirunelveli,8.7139,77.7567,Dryland,26.06,31.2,21.1,77.9,0.97,0.01,23.27,37.52
2008-03-28,Tirunelveli,8.7139,77.7567,Dryland,26.02,30.42,21.79,83.25,0.99,0.04,22.02,37.55
2008-03-29,Tirunelveli,8.7139,77.7567,Dryland,25.78,29.32,22.91,87.06,1.17,0.03,19.99,37.57
2008-03-30,Tirunelveli,8.7139,77.7567,Dryland,25.63,28.76,23.43,88.7,1.49,2.03,17.21,37.59
2008-03-31,Tirunelveli,8.7139,77.7567,Dryland,25.76,29.92,22.92,86.05,1.91,0.68,20.4,37.62
2008-04-01,Tirunelveli,8.7139,77.7567,Dryland,25.94,30.23,22.59,83.41,2.02,0.02,23.67,37.63
2008-04-02,Tirunelveli,8.7139,77.7567,Dryland,25.52,30.04,23.15,87.83,1.78,0.78,18.27,37.65
2008-04-03,Tirunelveli,8.7139,77.7567,Dryland,26.58,30.75,22.59,82.19,0.93,2.69,23.67,37.66
2008-04-04,Tirunelveli,8.7139,77.7567,Dryland,26.22,30.87,22.26,82.25,1.24,1.39,22.42,37.67
2008-04-05,Tirunelveli,8.7139,77.7567,Dryland,26.26,30.7,23.1,80.23,1.22,2.9,20.05,37.68
2008-04-06,Tirunelveli,8.7139,77.7567,Dryland,25.45,29.8,21.93,83.41,1.67,7.32,19.63,37.69
2008-04-07,Tirunelveli,8.7139,77.7567,Dryland,25.78,30.54,21.48,82.37,1.88,6.49,21.65,37.7
2008-04-08,Tirunelveli,8.7139,77.7567,Dryland,25.02,27.67,22.83,89.59,1.86,31.92,14.44,37.7
2008-04-09,Tirunelveli,8.7139,77.7567,Dryland,24.9,27.88,22.17,89.12,1.56,21.86,22.36,37.71
2008-04-10,Tirunelveli,8.7139,77.7567,Dryland,25.2,28.74,22.18,87.49,1.84,19.02,19.01,37.71
2008-04-11,Tirunelveli,8.7139,77.7567,Dryland,26.06,29.29,22.87,81.51,0.71,2.55,20.27,37.71
2008-04-12,Tirunelveli,8.7139,77.7567,Dryland,25.56,28.66,22.61,85.53,0.99,7.82,8.53,37.71
2008-04-13,Tirunelveli,8.7139,77.7567,Dryland,24.55,26.22,23.1,94.18,1.78,1.75,18.44,37.7
2008-04-14,Tirunelveli,8.7139,77.7567,Dryland,25.99,29.88,23.05,86.01,0.92,0.07,24.21,37.7
2008-04-15,Tirunelveli,8.7139,77.7567,Dryland,26.29,30.0,23.33,84.22,1.03,0.01,22.74,37.7
2008-04-16,Tirunelveli,8.7139,77.7567,Dryland,25.91,29.6,22.46,84.74,1.12,4.71,20.31,37.69
2008-04-17,Tirunelveli,8.7139,77.7567,Dryland,26.25,29.89,23.36,85.66,0.9,6.29,21.79,37.68
2008-04-18,Tirunelveli,8.7139,77.7567,Dryland,25.92,29.12,23.78,88.12,1.85,2.85,22.5,37.67
2008-04-19,Tirunelveli,8.7139,77.7567,Dryland,26.12,29.63,23.62,87.29,1.88,0.01,23.03,37.66
2008-04-20,Tirunelveli,8.7139,77.7567,Dryland,26.57,30.98,23.17,85.02,1.93,0.0,19.84,37.65
2008-04-21,Tirunelveli,8.7139,77.7567,Dryland,26.81,31.62,22.97,84.39,2.06,0.0,24.19,37.64
2008-04-22,Tirunelveli,8.7139,77.7567,Dryland,26.85,31.48,23.84,83.63,2.35,0.0,24.03,37.62
2008-04-23,Tirunelveli,8.7139,77.7567,Dryland,26.04,29.81,23.29,87.18,2.13,0.0,22.84,37.61
2008-04-24,Tirunelveli,8.7139,77.7567,Dryland,26.29,30.62,22.7,84.89,2.18,0.09,20.9,37.59
2008-04-25,Tirunelveli,8.7139,77.7567,Dryland,26.2,30.24,23.37,83.57,1.5,0.58,18.64,37.57
2008-04-26,Tirunelveli,8.7139,77.7567,Dryland,26.03,28.97,23.47,87.44,1.4,1.6,17.85,37.55
2008-04-27,Tirunelveli,8.7139,77.7567,Dryland,25.46,27.69,24.05,91.12,2.28,0.4,18.74,37.53
2008-04-28,Tirunelveli,8.7139,77.7567,Dryland,25.58,28.34,23.96,87.06,4.0,0.35,16.25,37.51
2008-04-29,Tirunelveli,8.7139,77.7567,Dryland,26.07,29.44,23.77,85.17,3.91,0.2,17.31,37.48
2008-04-30,Tirunelveli,8.7139,77.7567,Dryland,25.77,29.08,22.39,85.47,2.69,0.01,21.17,37.46
2008-05-01,Tirunelveli,8.7139,77.7567,Dryland,26.56,29.97,24.58,88.19,2.91,0.0,22.01,37.43
2008-05-02,Tirunelveli,8.7139,77.7567,Dryland,26.45,29.45,24.6,87.35,3.11,0.0,21.92,37.41
2008-05-03,Tirunelveli,8.7139,77.7567,Dryland,26.54,30.93,24.03,82.82,3.08,0.0,24.0,37.38
2008-05-04,Tirunelveli,8.7139,77.7567,Dryland,26.29,30.4,23.6,82.39,2.92,0.03,23.4,37.35
2008-05-05,Tirunelveli,8.7139,77.7567,Dryland,25.89,29.48,23.63,86.16,3.59,0.48,21.92,37.33
2008-05-06,Tirunelveli,8.7139,77.7567,Dryland,26.03,30.29,23.85,83.37,3.48,0.15,22.72,37.3
2008-05-07,Tirunelveli,8.7139,77.7567,Dryland,26.03,29.5,23.37,83.81,3.11,0.24,23.58,37.27
2008-05-08,Tirunelveli,8.7139,77.7567,Dryland,26.24,30.63,23.24,81.01,3.38,0.11,22.58,37.25
2008-05-09,Tirunelveli,8.7139,77.7567,Dryland,25.51,29.2,22.88,83.88,3.34,0.04,21.64,37.22
2008-05-10,Tirunelveli,8.7139,77.7567,Dryland,26.35,30.89,23.31,82.8,3.83,0.03,22.34,37.19
2008-05-11,Tirunelveli,8.7139,77.7567,Dryland,25.79,29.03,23.67,86.12,3.14,0.01,23.29,37.16
2008-05-12,Tirunelveli,8.7139,77.7567,Dryland,26.12,29.27,24.12,85.81,2.85,0.01,23.11,37.13
2008-05-13,Tirunelveli,8.7139,77.7567,Dryland,25.99,29.04,24.07,84.13,2.73,0.0,22.58,37.1
2008-05-14,Tirunelveli,8.7139,77.7567,Dryland,25.59,28.33,23.5,86.49,3.43,0.13,22.43,37.08
2008-05-15,Tirunelveli,8.7139,77.7567,Dryland,25.9,29.13,23.43,82.47,3.86,0.02,21.9,37.05
2008-05-16,Tirunelveli,8.7139,77.7567,Dryland,26.46,31.11,23.79,80.78,3.54,0.0,22.98,37.02
2008-05-17,Tirunelveli,8.7139,77.7567,Dryland,26.67,31.04,23.7,81.26,4.29,0.0,23.05,36.99
2008-05-18,Tirunelveli,8.7139,77.7567,Dryland,26.54,29.6,24.56,81.45,4.2,0.0,20.9,36.96
2008-05-19,Tirunelveli,8.7139,77.7567,Dryland,26.91,31.55,23.64,77.46,3.61,0.04,22.25,36.93
2008-05-20,Tirunelveli,8.7139,77.7567,Dryland,26.62,30.09,24.13,81.01,3.36,0.05,22.13,36.9
2008-05-21,Tirunelveli,8.7139,77.7567,Dryland,26.94,30.74,23.9,78.45,3.48,0.32,23.7,36.88
2008-05-22,Tirunelveli,8.7139,77.7567,Dryland,26.32,29.34,24.16,85.44,3.06,0.1,22.58,36.85
2008-05-23,Tirunelveli,8.7139,77.7567,Dryland,26.14,29.45,23.91,84.17,2.66,0.94,20.67,36.82
2008-05-24,Tirunelveli,8.7139,77.7567,Dryland,25.64,28.73,23.46,86.74,2.45,4.18,22.23,36.79
2008-05-25,Tirunelveli,8.7139,77.7567,Dryland,26.35,31.24,23.43,79.68,2.7,4.02,20.8,36.76
2008-05-26,Tirunelveli,8.7139,77.7567,Dryland,25.71,28.49,23.82,85.72,2.78,3.83,20.45,36.73
2008-05-27,Tirunelveli,8.7139,77.7567,Dryland,26.3,30.49,23.45,82.1,2.5,0.37,22.9,36.7
2008-05-28,Tirunelveli,8.7139,77.7567,Dryland,26.51,29.99,23.7,82.0,2.49,0.08,20.85,36.68
2008-05-29,Tirunelveli,8.7139,77.7567,Dryland,26.05,29.12,24.15,85.1,3.34,23.02,20.46,36.65
2008-05-30,Tirunelveli,8.7139,77.7567,Dryland,25.54,28.46,23.68,87.34,3.47,26.72,20.3,36.62
2008-05-31,Tirunelveli,8.7139,77.7567,Dryland,25.34,27.85,23.92,88.04,3.51,3.53,22.4,36.6
2008-06-01,Tirunelveli,8.7139,77.7567,Dryland,25.42,28.53,23.62,85.61,3.69,1.05,20.29,36.58
2008-06-02,Tirunelveli,8.7139,77.7567,Dryland,25.24,27.99,23.43,87.3,3.25,4.52,21.75,36.55
2008-06-03,Tirunelveli,8.7139,77.7567,Dryland,25.51,28.08,24.0,87.3,3.33,1.68,21.21,36.53
2008-06-04,Tirunelveli,8.7139,77.7567,Dryland,25.27,27.49,23.87,86.91,3.7,1.13,23.22,36.51
2008-06-05,Tirunelveli,8.7139,77.7567,Dryland,25.33,28.34,23.31,86.16,3.76,2.34,21.4,36.49
2008-06-06,Tirunelveli,8.7139,77.7567,Dryland,25.57,28.18,23.86,88.44,3.51,3.57,21.52,36.47
2008-06-07,Tirunelveli,8.7139,77.7567,Dryland,25.34,28.51,23.19,85.52,3.06,0.46,21.77,36.45
2008-06-08,Tirunelveli,8.7139,77.7567,Dryland,24.84,27.3,23.42,87.04,3.77,4.7,19.99,36.43
2008-06-09,Tirunelveli,8.7139,77.7567,Dryland,24.37,26.85,22.73,87.61,3.88,4.83,13.6,36.42
2008-06-10,Tirunelveli,8.7139,77.7567,Dryland,24.98,29.24,21.45,84.63,3.44,2.26,14.11,36.4
2008-06-11,Tirunelveli,8.7139,77.7567,Dryland,25.85,29.03,23.61,86.13,3.81,2.42,22.25,36.39
2008-06-12,Tirunelveli,8.7139,77.7567,Dryland,25.95,28.88,23.54,84.42,3.59,0.0,16.51,36.37
2008-06-13,Tirunelveli,8.7139,77.7567,Dryland,25.84,29.22,23.53,83.44,3.84,0.71,18.02,36.36
2008-06-14,Tirunelveli,8.7139,77.7567,Dryland,25.57,28.73,23.41,85.97,3.58,0.41,18.01,36.35
2008-06-15,Tirunelveli,8.7139,77.7567,Dryland,25.51,29.04,22.69,85.23,3.81,0.0,21.09,36.34
2008-06-16,Tirunelveli,8.7139,77.7567,Dryland,25.77,30.56,22.01,82.33,3.44,5.32,19.18,36.33
2008-06-17,Tirunelveli,8.7139,77.7567,Dryland,25.56,28.84,23.39,86.58,3.37,3.61,18.06,36.32
2008-06-18,Tirunelveli,8.7139,77.7567,Dryland,25.41,28.45,23.42,87.53,3.17,1.82,20.08,36.31
2008-06-19,Tirunelveli,8.7139,77.7567,Dryland,25.77,29.3,23.58,84.98,3.31,0.67,21.17,36.31
2008-06-20,Tirunelveli,8.7139,77.7567,Dryland,25.89,29.33,23.52,86.47,3.03,0.08,23.31,36.3
2008-06-21,Tirunelveli,8.7139,77.7567,Dryland,25.64,28.91,23.47,86.43,3.81,0.42,22.08,36.29
2008-06-22,Tirunelveli,8.7139,77.7567,Dryland,25.48,29.15,23.12,84.09,3.67,0.42,17.81,36.29
2008-06-23,Tirunelveli,8.7139,77.7567,Dryland,24.84,27.76,22.66,85.28,3.71,0.08,18.45,36.29
2008-06-24,Tirunelveli,8.7139,77.7567,Dryland,25.4,28.42,22.82,83.84,4.07,0.23,17.66,36.28
2008-06-25,Tirunelveli,8.7139,77.7567,Dryland,25.78,29.25,23.55,80.91,4.27,0.44,16.9,36.28
2008-06-26,Tirunelveli,8.7139,77.7567,Dryland,26.05,30.49,23.55,80.53,4.17,0.04,18.66,36.28
2008-06-27,Tirunelveli,8.7139,77.7567,Dryland,26.18,30.44,23.64,80.21,4.17,1.64,20.18,36.28
2008-06-28,Tirunelveli,8.7139,77.7567,Dryland,25.63,28.73,23.64,84.23,4.01,5.81,16.7,36.29
2008-06-29,Tirunelveli,8.7139,77.7567,Dryland,24.97,27.93,23.35,85.95,3.75,6.56,18.35,36.29
2008-06-30,Tirunelveli,8.7139,77.7567,Dryland,25.26,28.91,23.24,84.88,3.96,9.16,19.91,36.29
2008-07-01,Tirunelveli,8.7139,77.7567,Dryland,23.78,25.68,21.75,90.34,3.41,11.7,11.76,36.3
2008-07-02,Tirunelveli,8.7139,77.7567,Dryland,25.39,31.11,20.67,80.36,3.11,0.11,22.4,36.31
2008-07-03,Tirunelveli,8.7139,77.7567,Dryland,25.5,29.83,21.91,81.88,3.46,0.0,21.74,36.31
2008-07-04,Tirunelveli,8.7139,77.7567,Dryland,26.04,30.04,23.14,82.41,2.89,0.0,21.99,36.32
2008-07-05,Tirunelveli,8.7139,77.7567,Dryland,26.0,30.15,22.82,82.68,3.32,0.0,21.64,36.33
2008-07-06,Tirunelveli,8.7139,77.7567,Dryland,26.29,30.46,23.87,82.95,4.08,0.03,20.96,36.34
2008-07-07,Tirunelveli,8.7139,77.7567,Dryland,25.68,29.18,23.41,81.79,4.94,0.01,20.33,36.35
2008-07-08,Tirunelveli,8.7139,77.7567,Dryland,25.41,28.84,23.3,81.19,5.16,0.9,17.26,36.37
2008-07-09,Tirunelveli,8.7139,77.7567,Dryland,25.82,29.56,23.53,83.22,4.25,0.79,18.86,36.38
2008-07-10,Tirunelveli,8.7139,77.7567,Dryland,25.46,29.47,23.01,81.68,3.67,1.95,17.18,36.39
2008-07-11,Tirunelveli,8.7139,77.7567,Dryland,25.41,29.64,22.7,80.51,4.26,3.36,21.31,36.41
2008-07-12,Tirunelveli,8.7139,77.7567,Dryland,25.95,30.91,22.66,79.08,4.0,0.4,22.83,36.42
2008-07-13,Tirunelveli,8.7139,77.7567,Dryland,26.51,31.02,23.35,80.56,3.4,0.0,20.51,36.44
2008-07-14,Tirunelveli,8.7139,77.7567,Dryland,26.1,29.68,23.39,82.44,2.52,0.08,19.11,36.46
2008-07-15,Tirunelveli,8.7139,77.7567,Dryland,25.44,28.77,23.24,85.15,3.03,21.31,16.38,36.48
2008-07-16,Tirunelveli,8.7139,77.7567,Dryland,25.01,28.65,22.62,85.24,4.19,14.93,17.72,36.49
2008-07-17,Tirunelveli,8.7139,77.7567,Dryland,24.96,27.7,23.4,87.26,4.27,1.39,18.28,36.51
2008-07-18,Tirunelveli,8.7139,77.7567,Dryland,25.14,28.25,23.24,85.25,4.99,6.19,21.17,36.53
2008-07-19,Tirunelveli,8.7139,77.7567,Dryland,25.0,28.31,22.77,82.58,4.7,2.39,13.26,36.55
2008-07-20,Tirunelveli,8.7139,77.7567,Dryland,25.05,28.64,22.93,83.47,3.97,0.82,21.22,36.57
2008-07-21,Tirunelveli,8.7139,77.7567,Dryland,25.02,28.56,22.97,83.79,4.5,0.12,19.63,36.59
2008-07-22,Tirunelveli,8.7139,77.7567,Dryland,24.35,26.76,22.57,88.78,3.74,5.17,19.09,36.61
2008-07-23,Tirunelveli,8.7139,77.7567,Dryland,24.59,27.75,22.8,86.88,5.1,4.81,15.62,36.63
2008-07-24,Tirunelveli,8.7139,77.7567,Dryland,24.3,27.34,22.78,87.34,5.11,3.17,18.46,36.65
2008-07-25,Tirunelveli,8.7139,77.7567,Dryland,24.5,26.88,22.91,88.04,5.06,1.06,17.08,36.67
2008-07-26,Tirunelveli,8.7139,77.7567,Dryland,24.75,27.88,22.68,85.31,5.02,2.76,15.61,36.69
2008-07-27,Tirunelveli,8.7139,77.7567,Dryland,23.96,26.34,22.28,87.42,4.91,14.68,11.16,36.71
2008-07-28,Tirunelveli,8.7139,77.7567,Dryland,23.93,26.69,22.13,88.8,4.41,27.73,9.23,36.73
2008-07-29,Tirunelveli,8.7139,77.7567,Dryland,24.24,27.3,22.22,88.09,3.8,8.34,16.54,36.75
2008-07-30,Tirunelveli,8.7139,77.7567,Dryland,23.9,26.52,22.3,89.4,4.01,5.08,18.07,36.77
2008-07-31,Tirunelveli,8.7139,77.7567,Dryland,24.1,27.04,22.31,88.08,4.34,3.07,16.34,36.79
2008-08-01,Tirunelveli,8.7139,77.7567,Dryland,24.85,28.83,22.54,86.74,3.8,0.49,18.96,36.82
2008-08-02,Tirunelveli,8.7139,77.7567,Dryland,25.18,28.87,23.0,86.2,3.56,0.0,18.26,36.84
2008-08-03,Tirunelveli,8.7139,77.7567,Dryland,25.18,29.13,22.56,86.46,3.37,0.0,20.34,36.86
2008-08-04,Tirunelveli,8.7139,77.7567,Dryland,25.12,28.6,22.85,85.46,3.48,0.0,20.43,36.88
2008-08-05,Tirunelveli,8.7139,77.7567,Dryland,24.81,28.05,22.36,86.97,3.55,0.83,23.05,36.9
2008-08-06,Tirunelveli,8.7139,77.7567,Dryland,25.13,28.85,22.68,86.38,3.75,0.43,20.86,36.92
2008-08-07,Tirunelveli,8.7139,77.7567,Dryland,24.93,29.18,22.66,85.96,3.77,0.98,19.57,36.94
2008-08-08,Tirunelveli,8.7139,77.7567,Dryland,24.86,28.38,22.59,85.56,4.05,2.01,15.19,36.96
2008-08-09,Tirunelveli,8.7139,77.7567,Dryland,24.52,28.35,21.64,85.35,3.96,1.32,13.06,36.98
2008-08-10,Tirunelveli,8.7139,77.7567,Dryland,24.4,27.53,22.76,85.17,5.13,1.44,14.64,37.0
2008-08-11,Tirunelveli,8.7139,77.7567,Dryland,24.85,28.39,22.73,85.3,3.92,11.4,16.39,37.02
2008-08-12,Tirunelveli,8.7139,77.7567,Dryland,24.69,27.52,22.46,89.05,3.3,4.73,17.62,37.03
2008-08-13,Tirunelveli,8.7139,77.7567,Dryland,25.42,29.79,22.35,82.42,3.36,0.45,19.43,37.05
2008-08-14,Tirunelveli,8.7139,77.7567,Dryland,24.75,28.78,22.17,86.85,4.02,7.25,17.14,37.07
2008-08-15,Tirunelveli,8.7139,77.7567,Dryland,24.57,28.42,22.02,86.65,3.74,1.95,17.18,37.08
2008-08-16,Tirunelveli,8.7139,77.7567,Dryland,24.02,28.07,20.92,83.97,3.49,0.12,19.19,37.1
2008-08-17,Tirunelveli,8.7139,77.7567,Dryland,24.81,29.53,22.04,84.72,3.18,0.16,19.99,37.11
2008-08-18,Tirunelveli,8.7139,77.7567,Dryland,25.34,30.49,21.72,81.36,2.63,0.12,19.77,37.12
2008-08-19,Tirunelveli,8.7139,77.7567,Dryland,25.14,28.67,22.6,85.98,2.57,0.01,20.25,37.13
2008-08-20,Tirunelveli,8.7139,77.7567,Dryland,25.41,29.39,22.51,84.99,2.5,0.02,20.98,37.14
2008-08-21,Tirunelveli,8.7139,77.7567,Dryland,25.1,28.51,22.94,83.64,3.89,0.04,20.67,37.15
2008-08-22,Tirunelveli,8.7139,77.7567,Dryland,25.25,29.58,22.22,82.2,3.2,0.01,21.98,37.16
2008-08-23,Tirunelveli,8.7139,77.7567,Dryland,24.9,27.99,22.6,84.67,3.59,0.16,20.37,37.17
2008-08-24,Tirunelveli,8.7139,77.7567,Dryland,26.37,31.74,22.65,78.48,3.0,0.03,20.01,37.17
2008-08-25,Tirunelveli,8.7139,77.7567,Dryland,25.6,29.94,23.11,82.08,2.91,0.26,20.89,37.18
2008-08-26,Tirunelveli,8.7139,77.7567,Dryland,25.12,29.54,22.34,82.05,2.95,0.77,20.19,37.18
2008-08-27,Tirunelveli,8.7139,77.7567,Dryland,25.94,31.56,22.24,78.17,2.31,0.08,20.64,37.19
2008-08-28,Tirunelveli,8.7139,77.7567,Dryland,25.67,30.01,22.7,80.65,2.48,0.52,20.72,37.19
2008-08-29,Tirunelveli,8.7139,77.7567,Dryland,26.09,30.71,22.83,80.87,2.39,3.36,19.5,37.19
2008-08-30,Tirunelveli,8.7139,77.7567,Dryland,25.43,29.04,23.02,86.57,2.37,26.9,15.05,37.19
2008-08-31,Tirunelveli,8.7139,77.7567,Dryland,24.82,27.67,23.19,89.96,3.26,47.25,15.03,37.18
2008-09-01,Tirunelveli,8.7139,77.7567,Dryland,25.04,28.76,22.82,87.44,3.31,10.56,21.97,37.18
2008-09-02,Tirunelveli,8.7139,77.7567,Dryland,25.38,29.77,22.56,85.12,2.98,0.77,20.56,37.18
2008-09-03,Tirunelveli,8.7139,77.7567,Dryland,25.31,28.94,22.63,87.0,2.58,2.51,22.66,37.17
2008-09-04,Tirunelveli,8.7139,77.7567,Dryland,25.29,28.29,23.04,88.52,2.5,1.45,22.34,37.16
2008-09-05,Tirunelveli,8.7139,77.7567,Dryland,24.98,27.56,22.63,90.41,1.83,12.28,22.17,37.15
2008-09-06,Tirunelveli,8.7139,77.7567,Dryland,24.98,27.7,23.06,91.23,2.71,15.19,22.17,37.15
2008-09-07,Tirunelveli,8.7139,77.7567,Dryland,24.24,27.05,22.45,89.43,3.25,12.04,19.68,37.13
2008-09-08,Tirunelveli,8.7139,77.7567,Dryland,24.18,27.31,21.78,88.19,3.01,9.52,20.41,37.12
2008-09-09,Tirunelveli,8.7139,77.7567,Dryland,24.74,28.26,22.09,88.11,3.89,2.87,18.45,37.1
2008-09-10,Tirunelveli,8.7139,77.7567,Dryland,24.84,27.25,23.28,89.68,4.54,16.76,18.8,37.09
2008-09-11,Tirunelveli,8.7139,77.7567,Dryland,24.36,26.59,22.35,89.29,4.89,16.13,15.89,37.07
2008-09-12,Tirunelveli,8.7139,77.7567,Dryland,24.6,28.07,22.12,88.83,3.97,3.87,15.9,37.05
2008-09-13,Tirunelveli,8.7139,77.7567,Dryland,24.88,28.17,22.71,89.74,2.88,0.11,22.98,37.03
2008-09-14,Tirunelveli,8.7139,77.7567,Dryland,25.2,29.57,21.84,85.35,3.02,0.1,23.6,37.0
2008-09-15,Tirunelveli,8.7139,77.7567,Dryland,24.7,28.35,21.87,86.88,2.88,0.02,22.39,36.98
2008-09-16,Tirunelveli,8.7139,77.7567,Dryland,24.45,28.49,21.57,87.96,3.24,0.0,21.22,36.95
2008-09-17,Tirunelveli,8.7139,77.7567,Dryland,24.79,29.31,21.74,88.28,3.26,0.0,23.91,36.92
2008-09-18,Tirunelveli,8.7139,77.7567,Dryland,24.56,30.11,20.6,86.03,2.9,0.0,24.57,36.89
2008-09-19,Tirunelveli,8.7139,77.7567,Dryland,24.43,29.79,20.08,85.35,3.11,0.59,24.97,36.86
2008-09-20,Tirunelveli,8.7139,77.7567,Dryland,25.21,29.83,21.88,86.36,3.09,4.8,19.69,36.83
2008-09-21,Tirunelveli,8.7139,77.7567,Dryland,25.03,29.15,22.39,88.05,2.34,0.12,19.12,36.79
2008-09-22,Tirunelveli,8.7139,77.7567,Dryland,25.11,28.6,22.74,86.73,2.39,0.0,23.47,36.76
2008-09-23,Tirunelveli,8.7139,77.7567,Dryland,25.54,30.51,21.75,83.85,2.33,0.0,22.9,36.72
2008-09-24,Tirunelveli,8.7139,77.7567,Dryland,25.62,30.17,22.18,81.66,2.57,0.0,23.55,36.68
2008-09-25,Tirunelveli,8.7139,77.7567,Dryland,25.77,30.61,22.46,80.86,2.59,0.0,19.36,36.64
2008-09-26,Tirunelveli,8.7139,77.7567,Dryland,25.4,29.76,22.49,83.46,2.7,0.0,23.15,36.59
2008-09-27,Tirunelveli,8.7139,77.7567,Dryland,25.66,31.09,21.86,80.96,3.11,0.06,22.65,36.55
2008-09-28,Tirunelveli,8.7139,77.7567,Dryland,24.81,30.7,20.46,80.66,2.89,0.0,24.16,36.5
2008-09-29,Tirunelveli,8.7139,77.7567,Dryland,25.13,31.41,20.79,80.19,2.5,0.0,23.02,36.45
2008-09-30,Tirunelveli,8.7139,77.7567,Dryland,25.28,31.76,20.26,78.54,2.3,0.0,24.17,36.4
2008-10-01,Tirunelveli,8.7139,77.7567,Dryland,25.62,31.96,20.88,79.45,2.83,0.0,24.46,36.35
2008-10-02,Tirunelveli,8.7139,77.7567,Dryland,25.59,32.27,20.98,77.18,2.57,0.0,25.53,36.3
2008-10-03,Tirunelveli,8.7139,77.7567,Dryland,25.66,32.9,20.32,74.58,2.2,0.0,25.45,36.25
2008-10-04,Tirunelveli,8.7139,77.7567,Dryland,25.79,33.25,19.88,73.87,1.82,0.0,24.63,36.19
2008-10-05,Tirunelveli,8.7139,77.7567,Dryland,26.31,33.22,20.83,73.55,1.83,0.01,23.9,36.13
2008-10-06,Tirunelveli,8.7139,77.7567,Dryland,26.68,33.55,21.32,74.73,1.77,0.17,20.95,36.08
2008-10-07,Tirunelveli,8.7139,77.7567,Dryland,26.77,32.92,22.84,75.87,1.98,0.09,19.02,36.02
2008-10-08,Tirunelveli,8.7139,77.7567,Dryland,26.8,32.46,22.86,75.43,1.82,0.72,20.87,35.95
2008-10-09,Tirunelveli,8.7139,77.7567,Dryland,27.19,33.79,22.51,73.64,1.27,0.02,20.54,35.89
2008-10-10,Tirunelveli,8.7139,77.7567,Dryland,26.68,30.52,23.32,77.37,1.03,4.68,21.18,35.83
2008-10-11,Tirunelveli,8.7139,77.7567,Dryland,26.34,31.33,22.46,77.62,1.41,2.71,18.6,35.76
2008-10-12,Tirunelveli,8.7139,77.7567,Dryland,25.57,29.31,23.11,81.39,1.85,5.92,14.7,35.7
2008-10-13,Tirunelveli,8.7139,77.7567,Dryland,25.32,29.29,22.4,83.43,2.19,13.91,11.17,35.63
2008-10-14,Tirunelveli,8.7139,77.7567,Dryland,25.41,29.75,23.18,87.55,2.96,11.29,12.26,35.56
2008-10-15,Tirunelveli,8.7139,77.7567,Dryland,25.04,26.78,23.43,93.71,1.97,16.09,15.51,35.49
2008-10-16,Tirunelveli,8.7139,77.7567,Dryland,24.54,26.15,22.85,92.27,1.42,5.1,17.36,35.42
2008-10-17,Tirunelveli,8.7139,77.7567,Dryland,24.82,27.01,23.36,90.36,1.42,1.18,11.72,35.35
2008-10-18,Tirunelveli,8.7139,77.7567,Dryland,25.7,28.52,23.77,86.89,1.48,1.19,15.61,35.28
2008-10-19,Tirunelveli,8.7139,77.7567,Dryland,25.27,28.42,22.87,88.75,1.2,30.93,13.49,35.2
2008-10-20,Tirunelveli,8.7139,77.7567,Dryland,25.11,28.56,22.38,87.36,1.15,23.22,17.03,35.13
2008-10-21,Tirunelveli,8.7139,77.7567,Dryland,24.34,25.89,23.21,94.12,2.19,53.85,16.86,35.05
2008-10-22,Tirunelveli,8.7139,77.7567,Dryland,24.72,27.91,22.82,90.42,2.49,18.39,13.97,34.97
2008-10-23,Tirunelveli,8.7139,77.7567,Dryland,24.21,26.08,23.18,91.16,2.66,16.95,10.92,34.89
2008-10-24,Tirunelveli,8.7139,77.7567,Dryland,24.81,26.66,23.14,94.1,3.1,26.17,5.73,34.82
2008-10-25,Tirunelveli,8.7139,77.7567,Dryland,24.9,26.99,23.57,91.83,3.01,20.18,13.55,34.74
2008-10-26,Tirunelveli,8.7139,77.7567,Dryland,24.58,26.94,22.33,91.06,3.09,6.62,13.73,34.66
2008-10-27,Tirunelveli,8.7139,77.7567,Dryland,24.4,28.13,22.09,89.26,2.21,0.02,19.21,34.58
2008-10-28,Tirunelveli,8.7139,77.7567,Dryland,25.35,29.94,20.49,81.21,1.11,0.0,21.14,34.5
2008-10-29,Tirunelveli,8.7139,77.7567,Dryland,25.08,29.01,21.9,83.17,0.95,0.0,19.0,34.42
2008-10-30,Tirunelveli,8.7139,77.7567,Dryland,24.93,28.72,22.35,83.28,1.06,0.0,17.35,34.34
2008-10-31,Tirunelveli,8.7139,77.7567,Dryland,24.76,29.11,20.77,80.65,0.92,0.0,20.38,34.26
2008-11-01,Tirunelveli,8.7139,77.7567,Dryland,24.62,28.72,21.22,81.91,0.96,0.0,20.43,34.18
2008-11-02,Tirunelveli,8.7139,77.7567,Dryland,24.56,28.46,20.18,77.34,0.88,0.0,19.73,34.1
2008-11-03,Tirunelveli,8.7139,77.7567,Dryland,24.44,29.0,19.37,68.97,0.85,0.0,20.65,34.02
2008-11-04,Tirunelveli,8.7139,77.7567,Dryland,24.47,29.27,19.24,75.98,0.93,0.0,21.46,33.94
2008-11-05,Tirunelveli,8.7139,77.7567,Dryland,24.61,28.88,20.16,79.54,0.98,0.1,18.58,33.86
2008-11-06,Tirunelveli,8.7139,77.7567,Dryland,24.77,28.46,20.69,79.0,1.05,0.23,18.87,33.78
2008-11-07,Tirunelveli,8.7139,77.7567,Dryland,24.97,29.41,20.36,82.0,1.59,0.05,19.45,33.7
2008-11-08,Tirunelveli,8.7139,77.7567,Dryland,25.61,29.84,21.66,83.92,1.59,8.56,17.49,33.62
2008-11-09,Tirunelveli,8.7139,77.7567,Dryland,25.44,28.49,21.9,84.47,1.54,45.72,16.52,33.54
2008-11-10,Tirunelveli,8.7139,77.7567,Dryland,24.35,26.96,22.03,90.68,1.66,14.3,15.54,33.46
2008-11-11,Tirunelveli,8.7139,77.7567,Dryland,24.94,28.69,20.9,81.74,1.72,3.35,18.28,33.38
2008-11-12,Tirunelveli,8.7139,77.7567,Dryland,24.55,28.18,20.82,82.37,1.47,2.33,17.19,33.31
2008-11-13,Tirunelveli,8.7139,77.7567,Dryland,24.99,28.93,21.85,82.36,0.89,0.73,15.58,33.23
2008-11-14,Tirunelveli,8.7139,77.7567,Dryland,24.91,28.69,22.05,84.77,1.3,0.19,16.13,33.16
2008-11-15,Tirunelveli,8.7139,77.7567,Dryland,24.23,29.29,20.16,84.21,1.56,0.0,19.77,33.08
2008-11-16,Tirunelveli,8.7139,77.7567,Dryland,23.83,28.36,19.58,86.81,1.98,0.0,20.03,33.01
2008-11-17,Tirunelveli,8.7139,77.7567,Dryland,24.93,29.2,20.7,85.45,1.06,36.17,17.71,32.93
2008-11-18,Tirunelveli,8.7139,77.7567,Dryland,25.1,29.03,22.33,87.66,1.61,5.18,10.98,32.86
2008-11-19,Tirunelveli,8.7139,77.7567,Dryland,24.46,28.09,22.04,90.37,1.94,0.7,14.87,32.79
2008-11-20,Tirunelveli,8.7139,77.7567,Dryland,24.44,26.27,23.22,93.62,2.0,6.16,4.51,32.72
2008-11-21,Tirunelveli,8.7139,77.7567,Dryland,24.75,28.17,22.65,89.3,2.28,5.45,13.06,32.65
2008-11-22,Tirunelveli,8.7139,77.7567,Dryland,23.84,27.25,21.41,90.28,2.7,2.71,9.24,32.59
2008-11-23,Tirunelveli,8.7139,77.7567,Dryland,23.4,25.59,21.88,92.2,2.86,11.89,4.38,32.52
2008-11-24,Tirunelveli,8.7139,77.7567,Dryland,23.41,25.67,21.69,92.01,2.36,4.05,5.24,32.46
2008-11-25,Tirunelveli,8.7139,77.7567,Dryland,22.84,25.77,20.39,89.97,2.3,4.52,7.59,32.4
2008-11-26,Tirunelveli,8.7139,77.7567,Dryland,24.16,27.83,21.14,89.11,2.16,23.39,8.89,32.34
2008-11-27,Tirunelveli,8.7139,77.7567,Dryland,24.99,28.38,22.59,89.85,2.35,21.74,11.06,32.28
2008-11-28,Tirunelveli,8.7139,77.7567,Dryland,25.12,28.28,22.83,88.93,1.54,9.79,15.05,32.22
2008-11-29,Tirunelveli,8.7139,77.7567,Dryland,25.03,28.1,22.41,88.19,1.06,0.1,9.53,32.17
2008-11-30,Tirunelveli,8.7139,77.7567,Dryland,23.87,25.78,22.36,93.61,1.55,1.74,16.06,32.12
2008-12-01,Tirunelveli,8.7139,77.7567,Dryland,24.68,28.52,22.14,88.33,1.64,0.76,16.93,32.07
2008-12-02,Tirunelveli,8.7139,77.7567,Dryland,24.13,28.27,21.01,87.87,2.18,0.0,19.03,32.02
2008-12-03,Tirunelveli,8.7139,77.7567,Dryland,22.81,27.34,18.97,86.61,1.89,0.0,19.62,31.98
2008-12-04,Tirunelveli,8.7139,77.7567,Dryland,22.03,27.11,17.87,84.78,1.83,0.0,20.38,31.94
2008-12-05,Tirunelveli,8.7139,77.7567,Dryland,22.65,27.49,18.1,85.78,2.12,0.0,18.37,31.9
2008-12-06,Tirunelveli,8.7139,77.7567,Dryland,23.06,27.52,18.88,86.83,2.19,0.57,14.98,31.86
2008-12-07,Tirunelveli,8.7139,77.7567,Dryland,23.61,26.93,20.25,87.29,2.0,1.77,9.74,31.82
2008-12-08,Tirunelveli,8.7139,77.7567,Dryland,23.99,26.28,21.85,93.48,2.91,3.26,7.25,31.79
2008-12-09,Tirunelveli,8.7139,77.7567,Dryland,24.45,26.52,23.14,93.78,1.84,1.88,8.27,31.76
2008-12-10,Tirunelveli,8.7139,77.7567,Dryland,24.23,25.99,23.05,93.52,2.84,4.54,10.4,31.73
2008-12-11,Tirunelveli,8.7139,77.7567,Dryland,24.01,27.48,21.0,87.32,2.64,0.82,13.53,31.71
2008-12-12,Tirunelveli,8.7139,77.7567,Dryland,22.68,27.47,18.16,83.94,1.97,0.0,19.73,31.69
2008-12-13,Tirunelveli,8.7139,77.7567,Dryland,23.59,28.0,20.71,88.26,2.21,0.01,16.37,31.66
2008-12-14,Tirunelveli,8.7139,77.7567,Dryland,23.89,27.69,21.14,88.82,2.95,0.07,11.6,31.65
2008-12-15,Tirunelveli,8.7139,77.7567,Dryland,24.04,27.6,21.34,88.62,2.79,0.29,16.67,31.63
2008-12-16,Tirunelveli,8.7139,77.7567,Dryland,23.16,25.22,21.81,91.69,3.29,0.15,9.28,31.62
2008-12-17,Tirunelveli,8.7139,77.7567,Dryland,23.75,27.78,20.96,86.74,3.99,0.0,13.96,31.61
2008-12-18,Tirunelveli,8.7139,77.7567,Dryland,23.25,26.36,20.56,86.31,4.39,0.38,7.1,31.6
2008-12-19,Tirunelveli,8.7139,77.7567,Dryland,23.41,27.19,20.75,88.98,3.6,0.04,12.79,31.6
2008-12-20,Tirunelveli,8.7139,77.7567,Dryland,23.45,27.82,20.35,86.36,2.84,0.03,17.17,31.6
2008-12-21,Tirunelveli,8.7139,77.7567,Dryland,22.92,27.69,19.26,86.92,2.5,0.03,18.84,31.6
2008-12-22,Tirunelveli,8.7139,77.7567,Dryland,22.02,26.93,18.61,85.44,2.36,0.0,19.68,31.61
2008-12-23,Tirunelveli,8.7139,77.7567,Dryland,21.78,27.3,16.23,85.33,2.46,0.01,20.2,31.61
2008-12-24,Tirunelveli,8.7139,77.7567,Dryland,22.68,27.51,18.55,87.65,2.44,0.0,16.86,31.62
2008-12-25,Tirunelveli,8.7139,77.7567,Dryland,23.12,27.48,19.83,85.62,3.2,0.0,19.42,31.64
2008-12-26,Tirunelveli,8.7139,77.7567,Dryland,22.57,27.67,18.52,83.75,2.46,0.01,20.54,31.65
2008-12-27,Tirunelveli,8.7139,77.7567,Dryland,21.42,27.37,16.7,80.63,2.32,0.0,18.98,31.67
2008-12-28,Tirunelveli,8.7139,77.7567,Dryland,20.82,27.48,15.1,78.96,2.12,0.0,20.72,31.69
2008-12-29,Tirunelveli,8.7139,77.7567,Dryland,20.79,27.24,15.1,78.68,2.45,0.0,22.04,31.72
2008-12-30,Tirunelveli,8.7139,77.7567,Dryland,21.3,27.32,16.01,80.0,2.39,0.0,20.76,31.75
2008-12-31,Tirunelveli,8.7139,77.7567,Dryland,20.98,27.14,15.71,77.45,2.4,0.0,21.73,31.78
2009-01-01,Tirunelveli,8.7139,77.7567,Dryland,21.87,28.6,15.46,77.64,2.14,0.0,21.22,31.81
2009-01-02,Tirunelveli,8.7139,77.7567,Dryland,22.39,28.43,17.39,77.61,2.33,0.0,19.73,31.85
2009-01-03,Tirunelveli,8.7139,77.7567,Dryland,22.37,28.42,17.12,79.18,2.37,0.0,18.95,31.88
2009-01-04,Tirunelveli,8.7139,77.7567,Dryland,22.15,28.71,16.83,75.48,2.54,0.0,21.8,31.92
2009-01-05,Tirunelveli,8.7139,77.7567,Dryland,22.59,29.42,16.8,76.13,2.14,0.0,19.94,31.97
2009-01-06,Tirunelveli,8.7139,77.7567,Dryland,22.68,29.89,16.54,75.28,1.73,0.0,21.12,32.01
2009-01-07,Tirunelveli,8.7139,77.7567,Dryland,23.63,29.42,19.02,81.07,2.16,0.02,16.37,32.06
2009-01-08,Tirunelveli,8.7139,77.7567,Dryland,24.59,30.56,20.67,78.65,2.87,0.03,18.61,32.11
2009-01-09,Tirunelveli,8.7139,77.7567,Dryland,23.09,26.67,20.5,82.09,3.56,0.28,12.95,32.17
2009-01-10,Tirunelveli,8.7139,77.7567,Dryland,24.4,29.71,20.97,78.33,3.96,0.11,17.32,32.22
2009-01-11,Tirunelveli,8.7139,77.7567,Dryland,24.41,30.19,20.05,77.59,3.96,0.02,18.61,32.28
2009-01-12,Tirunelveli,8.7139,77.7567,Dryland,23.79,29.53,19.49,75.82,3.91,0.02,22.11,32.34
2009-01-13,Tirunelveli,8.7139,77.7567,Dryland,23.64,29.99,18.38,74.32,3.89,0.01,18.81,32.4
2009-01-14,Tirunelveli,8.7139,77.7567,Dryland,23.46,29.66,18.67,74.35,3.88,0.0,17.97,32.46
2009-01-15,Tirunelveli,8.7139,77.7567,Dryland,22.98,28.2,18.86,77.53,3.66,0.04,17.98,32.53
2009-01-16,Tirunelveli,8.7139,77.7567,Dryland,23.74,30.33,17.64,72.03,3.51,0.0,21.33,32.59
2009-01-17,Tirunelveli,8.7139,77.7567,Dryland,23.99,30.79,18.2,71.94,3.1,0.0,20.88,32.66
2009-01-18,Tirunelveli,8.7139,77.7567,Dryland,23.64,30.54,17.89,72.43,2.92,0.0,20.84,32.73
2009-01-19,Tirunelveli,8.7139,77.7567,Dryland,23.71,30.43,18.17,74.89,3.39,0.0,19.95,32.8
2009-01-20,Tirunelveli,8.7139,77.7567,Dryland,23.46,30.81,17.61,71.81,3.07,0.0,22.57,32.88
2009-01-21,Tirunelveli,8.7139,77.7567,Dryland,23.3,31.5,16.88,70.82,2.87,0.0,22.6,32.95
2009-01-22,Tirunelveli,8.7139,77.7567,Dryland,22.98,30.36,17.33,72.51,2.55,0.0,21.89,33.03
2009-01-23,Tirunelveli,8.7139,77.7567,Dryland,23.22,31.15,16.9,71.43,2.37,0.0,21.21,33.11
2009-01-24,Tirunelveli,8.7139,77.7567,Dryland,23.27,30.77,16.91,71.25,2.7,0.0,21.99,33.19
2009-01-25,Tirunelveli,8.7139,77.7567,Dryland,24.53,32.04,17.61,71.01,2.53,0.0,21.5,33.27
2009-01-26,Tirunelveli,8.7139,77.7567,Dryland,25.4,31.29,20.41,77.07,2.27,1.69,10.21,33.35
2009-01-27,Tirunelveli,8.7139,77.7567,Dryland,25.25,29.85,22.1,79.9,2.35,0.19,15.25,33.43
2009-01-28,Tirunelveli,8.7139,77.7567,Dryland,25.96,32.07,21.97,77.52,2.32,0.04,17.67,33.51
2009-01-29,Tirunelveli,8.7139,77.7567,Dryland,25.22,31.06,20.2,76.87,2.2,0.01,19.34,33.6
2009-01-30,Tirunelveli,8.7139,77.7567,Dryland,24.07,33.03,17.23,68.35,2.48,0.0,23.76,33.68
2009-01-31,Tirunelveli,8.7139,77.7567,Dryland,23.91,32.7,17.01,67.34,2.28,0.0,22.69,33.77
2009-02-01,Tirunelveli,8.7139,77.7567,Dryland,24.02,32.99,16.53,68.71,1.91,0.0,23.6,33.86
2009-02-02,Tirunelveli,8.7139,77.7567,Dryland,23.87,32.68,16.55,67.05,2.38,0.0,23.69,33.95
2009-02-03,Tirunelveli,8.7139,77.7567,Dryland,23.96,32.57,17.01,69.11,2.54,0.0,22.68,34.03
2009-02-04,Tirunelveli,8.7139,77.7567,Dryland,24.45,32.55,18.39,69.02,2.23,0.0,22.24,34.12
2009-02-05,Tirunelveli,8.7139,77.7567,Dryland,24.27,33.08,17.55,64.94,2.55,0.0,23.32,34.21
2009-02-06,Tirunelveli,8.7139,77.7567,Dryland,23.58,32.36,15.99,65.65,2.79,0.0,22.55,34.3
2009-02-07,Tirunelveli,8.7139,77.7567,Dryland,23.99,31.81,17.68,69.42,3.24,0.0,21.57,34.39
2009-02-08,Tirunelveli,8.7139,77.7567,Dryland,24.48,32.14,18.55,67.14,2.87,0.0,21.86,34.48
2009-02-09,Tirunelveli,8.7139,77.7567,Dryland,24.37,32.34,18.0,63.62,3.19,0.0,23.07,34.57
2009-02-10,Tirunelveli,8.7139,77.7567,Dryland,23.59,32.13,16.38,62.04,2.61,0.0,24.16,34.65
2009-02-11,Tirunelveli,8.7139,77.7567,Dryland,24.99,34.34,16.96,61.71,1.42,0.0,23.86,34.74
2009-02-12,Tirunelveli,8.7139,77.7567,Dryland,26.44,34.33,20.56,63.52,1.01,0.0,21.37,34.83
2009-02-13,Tirunelveli,8.7139,77.7567,Dryland,26.98,35.35,20.21,61.96,1.21,0.0,22.64,34.92
2009-02-14,Tirunelveli,8.7139,77.7567,Dryland,27.0,35.07,21.27,58.72,1.51,0.0,23.79,35.0
2009-02-15,Tirunelveli,8.7139,77.7567,Dryland,26.32,35.18,18.79,56.58,1.67,0.0,23.97,35.09
2009-02-16,Tirunelveli,8.7139,77.7567,Dryland,25.13,33.89,17.53,58.75,2.37,0.0,24.7,35.18
2009-02-17,Tirunelveli,8.7139,77.7567,Dryland,26.05,33.8,20.01,59.56,3.59,0.0,23.91,35.26
2009-02-18,Tirunelveli,8.7139,77.7567,Dryland,25.99,34.13,19.09,59.89,3.21,0.0,23.68,35.35
2009-02-19,Tirunelveli,8.7139,77.7567,Dryland,25.93,34.39,18.27,60.15,3.74,0.0,23.93,35.43
2009-02-20,Tirunelveli,8.7139,77.7567,Dryland,26.37,33.21,20.76,68.29,3.82,0.0,18.97,35.51
2009-02-21,Tirunelveli,8.7139,77.7567,Dryland,27.85,35.21,22.34,64.96,3.83,0.0,20.75,35.59
2009-02-22,Tirunelveli,8.7139,77.7567,Dryland,27.8,35.05,22.65,64.06,3.82,0.0,20.16,35.67
2009-02-23,Tirunelveli,8.7139,77.7567,Dryland,28.12,35.27,23.2,65.59,2.89,0.0,19.87,35.75
2009-02-24,Tirunelveli,8.7139,77.7567,Dryland,28.08,35.32,22.34,64.85,1.88,0.0,21.15,35.83
2009-02-25,Tirunelveli,8.7139,77.7567,Dryland,29.57,37.65,22.73,63.14,1.28,0.0,22.32,35.91
2009-02-26,Tirunelveli,8.7139,77.7567,Dryland,28.76,36.63,23.47,61.07,1.31,0.0,22.58,35.99
2009-02-27,Tirunelveli,8.7139,77.7567,Dryland,28.79,37.46,21.95,58.74,1.57,0.0,22.68,36.06
2009-02-28,Tirunelveli,8.7139,77.7567,Dryland,28.64,37.84,21.21,55.58,1.57,0.0,25.16,36.14
2009-03-01,Tirunelveli,8.7139,77.7567,Dryland,28.8,38.61,20.57,53.67,1.75,0.0,24.41,36.21
2009-03-02,Tirunelveli,8.7139,77.7567,Dryland,29.1,38.53,21.75,55.6,1.79,0.0,24.96,36.28
2009-03-03,Tirunelveli,8.7139,77.7567,Dryland,28.78,37.37,21.85,55.16,1.47,0.01,24.29,36.35
2009-03-04,Tirunelveli,8.7139,77.7567,Dryland,29.03,37.96,22.4,56.22,1.48,0.06,24.55,36.42
2009-03-05,Tirunelveli,8.7139,77.7567,Dryland,29.57,38.11,23.15,55.88,1.4,0.0,24.13,36.49
2009-03-06,Tirunelveli,8.7139,77.7567,Dryland,29.5,38.92,22.58,55.41,1.98,0.0,24.82,36.55
2009-03-07,Tirunelveli,8.7139,77.7567,Dryland,29.02,38.35,21.35,54.04,2.0,0.0,24.93,36.62
2009-03-08,Tirunelveli,8.7139,77.7567,Dryland,28.62,37.41,21.4,53.31,1.61,0.0,22.07,36.68
2009-03-09,Tirunelveli,8.7139,77.7567,Dryland,26.62,31.52,22.62,64.01,2.92,0.87,15.04,36.74
2009-03-10,Tirunelveli,8.7139,77.7567,Dryland,27.01,33.37,20.73,56.9,2.73,0.18,17.78,36.8
2009-03-11,Tirunelveli,8.7139,77.7567,Dryland,27.73,34.1,22.26,62.32,1.67,0.38,18.91,36.86
2009-03-12,Tirunelveli,8.7139,77.7567,Dryland,27.75,32.58,24.03,68.73,1.73,0.73,18.11,36.91
2009-03-13,Tirunelveli,8.7139,77.7567,Dryland,26.33,29.98,23.81,76.59,1.54,26.39,19.1,36.97
2009-03-14,Tirunelveli,8.7139,77.7567,Dryland,25.84,30.06,22.85,81.02,2.04,19.83,14.98,37.02
2009-03-15,Tirunelveli,8.7139,77.7567,Dryland,26.45,32.43,22.16,74.68,1.58,2.09,20.09,37.07
2009-03-16,Tirunelveli,8.7139,77.7567,Dryland,26.86,32.95,21.82,72.22,1.57,0.05,20.75,37.12
2009-03-17,Tirunelveli,8.7139,77.7567,Dryland,27.14,34.82,21.27,66.43,1.54,0.03,22.97,37.16
2009-03-18,Tirunelveli,8.7139,77.7567,Dryland,27.15,35.35,20.24,63.11,1.39,0.0,23.32,37.21
2009-03-19,Tirunelveli,8.7139,77.7567,Dryland,27.65,35.5,21.08,64.9,1.47,0.0,24.33,37.25
2009-03-20,Tirunelveli,8.7139,77.7567,Dryland,27.91,35.71,21.49,65.17,1.2,0.0,23.29,37.29
2009-03-21,Tirunelveli,8.7139,77.7567,Dryland,28.35,36.07,21.86,65.21,1.12,0.0,22.6,37.33
2009-03-22,Tirunelveli,8.7139,77.7567,Dryland,28.56,35.72,23.09,63.86,1.34,0.06,22.69,37.36
2009-03-23,Tirunelveli,8.7139,77.7567,Dryland,28.01,34.99,22.47,65.17,1.62,0.13,21.04,37.4
2009-03-24,Tirunelveli,8.7139,77.7567,Dryland,27.38,34.2,21.36,66.12,1.76,3.69,18.85,37.43
2009-03-25,Tirunelveli,8.7139,77.7567,Dryland,27.67,35.25,21.63,65.5,1.97,0.07,22.53,37.46
2009-03-26,Tirunelveli,8.7139,77.7567,Dryland,28.07,35.5,21.56,66.93,1.54,0.02,23.54,37.49
2009-03-27,Tirunelveli,8.7139,77.7567,Dryland,28.75,35.84,23.16,65.19,1.31,0.06,23.29,37.52
2009-03-28,Tirunelveli,8.7139,77.7567,Dryland,28.84,35.57,23.77,65.27,1.14,0.01,22.41,37.54
2009-03-29,Tirunelveli,8.7139,77.7567,Dryland,28.65,36.1,23.26,63.21,1.72,0.08,21.98,37.57
2009-03-30,Tirunelveli,8.7139,77.7567,Dryland,28.47,35.78,22.6,63.46,1.73,0.43,21.63,37.59
2009-03-31,Tirunelveli,8.7139,77.7567,Dryland,28.46,36.23,22.29,62.67,1.89,0.02,23.04,37.61
2009-04-01,Tirunelveli,8.7139,77.7567,Dryland,29.07,37.59,21.52,59.93,1.8,0.0,25.96,37.63
2009-04-02,Tirunelveli,8.7139,77.7567,Dryland,28.92,37.26,22.17,60.89,2.05,0.11,23.67,37.64
2009-04-03,Tirunelveli,8.7139,77.7567,Dryland,28.43,36.53,22.16,58.79,2.14,0.47,23.56,37.66
2009-04-04,Tirunelveli,8.7139,77.7567,Dryland,29.03,37.32,22.12,59.2,2.08,0.42,24.53,37.67
2009-04-05,Tirunelveli,8.7139,77.7567,Dryland,29.11,35.95,23.63,62.26,1.73,0.69,17.56,37.68
2009-04-06,Tirunelveli,8.7139,77.7567,Dryland,29.71,37.35,24.32,61.85,1.93,0.24,24.5,37.69
2009-04-07,Tirunelveli,8.7139,77.7567,Dryland,29.86,36.9,24.84,63.31,1.77,0.24,23.9,37.7
2009-04-08,Tirunelveli,8.7139,77.7567,Dryland,28.8,33.47,25.41,62.86,1.3,0.08,15.98,37.71
2009-04-09,Tirunelveli,8.7139,77.7567,Dryland,27.52,31.68,24.61,72.34,1.48,14.98,18.78,37.71
2009-04-10,Tirunelveli,8.7139,77.7567,Dryland,26.73,32.5,22.87,74.3,1.8,3.66,8.28,37.71
2009-04-11,Tirunelveli,8.7139,77.7567,Dryland,26.62,32.78,22.58,68.7,2.05,0.83,4.67,37.71
2009-04-12,Tirunelveli,8.7139,77.7567,Dryland,27.91,34.05,23.27,65.62,1.46,0.1,21.0,37.71
2009-04-13,Tirunelveli,8.7139,77.7567,Dryland,27.94,34.32,24.32,71.35,3.71,0.4,17.14,37.71
2009-04-14,Tirunelveli,8.7139,77.7567,Dryland,28.1,34.94,23.77,69.71,4.05,0.07,20.4,37.7
2009-04-15,Tirunelveli,8.7139,77.7567,Dryland,28.89,35.17,24.71,70.23,4.1,0.01,21.76,37.7
2009-04-16,Tirunelveli,8.7139,77.7567,Dryland,29.54,36.49,25.26,64.37,3.47,0.0,18.77,37.69
2009-04-17,Tirunelveli,8.7139,77.7567,Dryland,29.32,36.22,25.08,67.31,3.51,0.0,21.33,37.68
2009-04-18,Tirunelveli,8.7139,77.7567,Dryland,30.05,36.84,25.36,61.99,2.74,0.0,22.72,37.67
2009-04-19,Tirunelveli,8.7139,77.7567,Dryland,29.33,35.14,25.41,63.54,2.62,0.11,24.5,37.66
2009-04-20,Tirunelveli,8.7139,77.7567,Dryland,28.62,33.54,25.24,68.96,2.92,0.27,22.31,37.65
2009-04-21,Tirunelveli,8.7139,77.7567,Dryland,28.31,32.14,25.84,73.15,3.31,0.59,18.53,37.63
2009-04-22,Tirunelveli,8.7139,77.7567,Dryland,27.84,31.45,25.29,76.31,3.05,0.25,17.71,37.62
2009-04-23,Tirunelveli,8.7139,77.7567,Dryland,29.59,35.57,24.98,67.58,2.89,0.0,23.44,37.6
2009-04-24,Tirunelveli,8.7139,77.7567,Dryland,30.03,36.34,25.34,65.58,2.64,0.0,24.12,37.58
2009-04-25,Tirunelveli,8.7139,77.7567,Dryland,30.38,36.87,25.64,63.41,2.82,0.0,23.15,37.57
2009-04-26,Tirunelveli,8.7139,77.7567,Dryland,30.44,37.63,25.47,61.49,2.19,0.0,22.39,37.55
2009-04-27,Tirunelveli,8.7139,77.7567,Dryland,30.67,38.25,25.69,59.8,1.93,0.0,22.41,37.53
2009-04-28,Tirunelveli,8.7139,77.7567,Dryland,30.91,38.99,25.61,60.03,1.97,0.38,21.7,37.51
2009-04-29,Tirunelveli,8.7139,77.7567,Dryland,30.08,37.09,25.31,64.52,2.86,0.14,21.56,37.48
2009-04-30,Tirunelveli,8.7139,77.7567,Dryland,29.71,36.0,25.79,64.65,3.46,0.16,18.31,37.46
2009-05-01,Tirunelveli,8.7139,77.7567,Dryland,29.12,34.36,25.62,68.02,3.76,0.04,22.66,37.44
2009-05-02,Tirunelveli,8.7139,77.7567,Dryland,29.75,36.97,25.71,67.84,3.78,0.0,22.99,37.42
2009-05-03,Tirunelveli,8.7139,77.7567,Dryland,29.77,35.38,26.3,66.17,3.51,0.0,24.51,37.39
2009-05-04,Tirunelveli,8.7139,77.7567,Dryland,30.44,37.53,25.54,61.29,3.34,0.01,24.24,37.37
2009-05-05,Tirunelveli,8.7139,77.7567,Dryland,30.39,36.8,26.11,60.37,2.77,0.0,20.4,37.34
2009-05-06,Tirunelveli,8.7139,77.7567,Dryland,29.18,33.86,26.07,67.22,3.08,0.0,21.1,37.31
2009-05-07,Tirunelveli,8.7139,77.7567,Dryland,29.13,34.36,24.85,67.6,2.57,0.0,23.48,37.29
2009-05-08,Tirunelveli,8.7139,77.7567,Dryland,28.58,32.63,25.96,72.27,2.99,0.06,23.32,37.26
2009-05-09,Tirunelveli,8.7139,77.7567,Dryland,28.28,32.09,25.8,74.35,3.17,0.03,21.47,37.23
2009-05-10,Tirunelveli,8.7139,77.7567,Dryland,28.92,34.17,25.55,73.23,3.39,0.01,22.27,37.21
2009-05-11,Tirunelveli,8.7139,77.7567,Dryland,28.88,33.58,26.07,70.97,3.94,0.0,21.48,37.18
2009-05-12,Tirunelveli,8.7139,77.7567,Dryland,30.05,36.72,25.64,66.06,3.85,0.09,21.87,37.15
2009-05-13,Tirunelveli,8.7139,77.7567,Dryland,29.23,34.07,26.02,68.42,4.18,0.05,18.11,37.12
2009-05-14,Tirunelveli,8.7139,77.7567,Dryland,28.26,31.68,25.87,73.2,4.09,0.0,22.64,37.09
2009-05-15,Tirunelveli,8.7139,77.7567,Dryland,28.38,32.44,25.21,68.87,3.36,0.08,20.78,37.06
2009-05-16,Tirunelveli,8.7139,77.7567,Dryland,28.04,32.76,25.11,65.17,3.26,0.24,19.47,37.03
2009-05-17,Tirunelveli,8.7139,77.7567,Dryland,28.15,32.43,24.97,73.99,2.85,0.06,20.28,37.0
2009-05-18,Tirunelveli,8.7139,77.7567,Dryland,27.94,32.29,25.16,75.9,3.34,4.23,20.99,36.97
2009-05-19,Tirunelveli,8.7139,77.7567,Dryland,26.97,30.53,24.49,80.28,3.19,0.7,19.55,36.94
2009-05-20,Tirunelveli,8.7139,77.7567,Dryland,26.49,30.52,24.02,75.05,4.48,2.65,15.82,36.91
2009-05-21,Tirunelveli,8.7139,77.7567,Dryland,26.28,29.94,23.97,79.43,4.22,0.94,16.29,36.88
2009-05-22,Tirunelveli,8.7139,77.7567,Dryland,26.13,29.93,23.83,82.13,4.58,10.5,18.66,36.85
2009-05-23,Tirunelveli,8.7139,77.7567,Dryland,26.39,30.93,24.56,85.0,4.1,11.59,13.16,36.82
2009-05-24,Tirunelveli,8.7139,77.7567,Dryland,25.37,28.29,23.57,86.28,3.9,25.01,15.41,36.79
2009-05-25,Tirunelveli,8.7139,77.7567,Dryland,25.57,28.22,23.56,87.31,4.68,33.28,14.38,36.76
2009-05-26,Tirunelveli,8.7139,77.7567,Dryland,25.63,28.38,23.89,88.39,3.88,23.49,10.97,36.74
2009-05-27,Tirunelveli,8.7139,77.7567,Dryland,25.22,28.57,23.32,82.87,2.81,0.43,15.63,36.71
2009-05-28,Tirunelveli,8.7139,77.7567,Dryland,26.1,29.52,23.38,84.61,3.19,0.04,21.26,36.68
2009-05-29,Tirunelveli,8.7139,77.7567,Dryland,26.91,31.27,24.1,82.51,3.89,0.21,22.95,36.66
2009-05-30,Tirunelveli,8.7139,77.7567,Dryland,26.28,28.92,24.71,86.15,3.75,0.59,19.72,36.63
2009-05-31,Tirunelveli,8.7139,77.7567,Dryland,26.05,29.49,23.41,83.96,2.8,0.15,21.55,36.61
2009-06-01,Tirunelveli,8.7139,77.7567,Dryland,26.87,32.19,23.27,80.06,3.61,0.02,23.66,36.59
2009-06-02,Tirunelveli,8.7139,77.7567,Dryland,27.23,32.25,24.05,77.82,4.19,0.01,24.25,36.56
2009-06-03,Tirunelveli,8.7139,77.7567,Dryland,26.94,30.93,23.91,81.64,4.6,0.29,22.28,36.54
2009-06-04,Tirunelveli,8.7139,77.7567,Dryland,26.76,29.85,24.99,83.33,4.98,0.32,23.01,36.52
2009-06-05,Tirunelveli,8.7139,77.7567,Dryland,26.29,29.42,24.56,84.76,5.01,8.21,19.21,36.5
2009-06-06,Tirunelveli,8.7139,77.7567,Dryland,25.34,27.91,23.61,86.02,4.97,14.04,12.98,36.48
2009-06-07,Tirunelveli,8.7139,77.7567,Dryland,24.92,27.84,22.92,87.52,4.02,10.12,12.32,36.46
2009-06-08,Tirunelveli,8.7139,77.7567,Dryland,25.34,29.04,22.29,86.44,4.57,2.9,18.26,36.45
2009-06-09,Tirunelveli,8.7139,77.7567,Dryland,26.12,29.89,23.91,85.45,4.53,3.02,21.22,36.43
2009-06-10,Tirunelveli,8.7139,77.7567,Dryland,26.45,31.5,23.07,82.24,3.78,1.03,22.78,36.41
2009-06-11,Tirunelveli,8.7139,77.7567,Dryland,26.14,30.05,23.61,84.22,3.74,0.23,22.01,36.4
2009-06-12,Tirunelveli,8.7139,77.7567,Dryland,25.53,27.96,24.15,87.64,3.71,1.26,21.2,36.38
2009-06-13,Tirunelveli,8.7139,77.7567,Dryland,25.74,29.22,23.78,82.42,4.04,0.58,20.4,36.37
2009-06-14,Tirunelveli,8.7139,77.7567,Dryland,25.94,29.51,23.65,83.44,3.6,0.0,22.84,36.35
2009-06-15,Tirunelveli,8.7139,77.7567,Dryland,25.96,30.02,23.86,82.07,3.96,2.98,19.41,36.34
2009-06-16,Tirunelveli,8.7139,77.7567,Dryland,26.03,30.84,23.36,82.69,4.91,3.73,23.11,36.33
2009-06-17,Tirunelveli,8.7139,77.7567,Dryland,25.49,28.14,23.81,86.04,4.36,4.01,18.45,36.32
2009-06-18,Tirunelveli,8.7139,77.7567,Dryland,25.57,29.69,23.18,84.04,4.83,13.29,19.16,36.31
2009-06-19,Tirunelveli,8.7139,77.7567,Dryland,25.08,28.35,23.17,85.75,4.07,10.79,14.51,36.3
2009-06-20,Tirunelveli,8.7139,77.7567,Dryland,25.27,29.03,23.15,85.01,3.26,2.24,18.13,36.3
2009-06-21,Tirunelveli,8.7139,77.7567,Dryland,24.96,27.71,23.05,88.29,3.13,3.91,19.61,36.29
2009-06-22,Tirunelveli,8.7139,77.7567,Dryland,25.07,27.44,23.55,89.3,3.86,2.53,17.21,36.29
2009-06-23,Tirunelveli,8.7139,77.7567,Dryland,24.77,27.1,23.31,88.47,4.15,8.5,19.63,36.29
2009-06-24,Tirunelveli,8.7139,77.7567,Dryland,24.92,27.9,22.94,86.89,4.21,4.97,21.51,36.28
2009-06-25,Tirunelveli,8.7139,77.7567,Dryland,24.8,28.21,22.67,83.06,4.74,1.87,18.29,36.28
2009-06-26,Tirunelveli,8.7139,77.7567,Dryland,24.7,28.2,22.55,82.85,4.56,0.99,13.72,36.29
2009-06-27,Tirunelveli,8.7139,77.7567,Dryland,24.53,27.74,22.44,85.79,3.54,3.1,18.18,36.29
2009-06-28,Tirunelveli,8.7139,77.7567,Dryland,25.32,28.9,22.67,84.72,4.12,2.05,22.22,36.29
2009-06-29,Tirunelveli,8.7139,77.7567,Dryland,25.21,27.92,22.57,85.95,4.32,1.3,20.71,36.29
2009-06-30,Tirunelveli,8.7139,77.7567,Dryland,24.78,27.08,23.02,89.16,4.27,12.36,18.46,36.3
2009-07-01,Tirunelveli,8.7139,77.7567,Dryland,24.55,27.84,22.66,85.24,5.59,8.31,16.47,36.31
2009-07-02,Tirunelveli,8.7139,77.7567,Dryland,24.29,27.08,22.94,86.16,5.52,5.39,14.1,36.31
2009-07-03,Tirunelveli,8.7139,77.7567,Dryland,24.53,27.5,22.63,85.98,4.48,3.2,14.04,36.32
2009-07-04,Tirunelveli,8.7139,77.7567,Dryland,23.91,26.45,22.35,88.75,4.53,1.34,16.13,36.33
2009-07-05,Tirunelveli,8.7139,77.7567,Dryland,24.32,27.59,22.47,87.47,4.58,3.53,11.23,36.33
2009-07-06,Tirunelveli,8.7139,77.7567,Dryland,24.0,26.64,22.31,89.19,4.23,1.38,13.64,36.35
2009-07-07,Tirunelveli,8.7139,77.7567,Dryland,24.17,27.81,22.1,85.75,4.18,0.24,15.59,36.36
2009-07-08,Tirunelveli,8.7139,77.7567,Dryland,24.26,27.86,21.77,86.96,3.6,14.22,17.27,36.37
2009-07-09,Tirunelveli,8.7139,77.7567,Dryland,24.12,27.24,21.94,87.26,3.65,7.01,16.2,36.38
2009-07-10,Tirunelveli,8.7139,77.7567,Dryland,24.47,28.05,21.41,87.52,2.7,0.67,15.35,36.4
2009-07-11,Tirunelveli,8.7139,77.7567,Dryland,24.94,28.39,22.67,88.29,3.06,0.02,20.23,36.41
2009-07-12,Tirunelveli,8.7139,77.7567,Dryland,24.9,27.64,23.0,88.96,3.66,1.92,20.83,36.42
2009-07-13,Tirunelveli,8.7139,77.7567,Dryland,25.49,29.03,23.24,85.5,4.75,1.59,17.81,36.44
2009-07-14,Tirunelveli,8.7139,77.7567,Dryland,25.17,27.35,23.64,88.02,5.06,0.15,14.66,36.45
2009-07-15,Tirunelveli,8.7139,77.7567,Dryland,24.46,27.26,22.49,86.2,3.95,3.9,15.19,36.47
2009-07-16,Tirunelveli,8.7139,77.7567,Dryland,24.22,26.73,22.61,88.05,4.08,6.74,15.47,36.49
2009-07-17,Tirunelveli,8.7139,77.7567,Dryland,24.2,26.04,23.0,88.54,4.81,29.94,10.78,36.5
2009-07-18,Tirunelveli,8.7139,77.7567,Dryland,24.28,27.68,22.26,87.91,4.5,4.44,17.44,36.52
2009-07-19,Tirunelveli,8.7139,77.7567,Dryland,24.48,27.82,21.77,87.59,4.31,0.58,17.89,36.54
2009-07-20,Tirunelveli,8.7139,77.7567,Dryland,24.67,27.75,21.77,86.24,4.5,1.25,15.92,36.56
2009-07-21,Tirunelveli,8.7139,77.7567,Dryland,24.99,28.83,22.42,83.53,4.87,2.06,18.78,36.58
2009-07-22,Tirunelveli,8.7139,77.7567,Dryland,25.27,29.3,22.11,85.5,4.16,0.09,19.24,36.6
2009-07-23,Tirunelveli,8.7139,77.7567,Dryland,25.23,28.88,22.39,84.82,3.76,0.02,20.41,36.62
2009-07-24,Tirunelveli,8.7139,77.7567,Dryland,25.71,31.46,21.66,80.3,3.11,0.0,23.89,36.64
2009-07-25,Tirunelveli,8.7139,77.7567,Dryland,25.69,29.87,22.92,84.76,3.74,0.0,22.83,36.67
2009-07-26,Tirunelveli,8.7139,77.7567,Dryland,25.08,28.29,22.91,86.58,3.92,0.0,20.39,36.69
2009-07-27,Tirunelveli,8.7139,77.7567,Dryland,25.53,28.57,23.5,86.26,3.95,0.05,20.93,36.71
2009-07-28,Tirunelveli,8.7139,77.7567,Dryland,25.44,28.99,23.14,86.27,3.52,1.96,21.09,36.73
2009-07-29,Tirunelveli,8.7139,77.7567,Dryland,25.56,29.07,23.09,87.33,3.16,11.4,16.8,36.75
2009-07-30,Tirunelveli,8.7139,77.7567,Dryland,25.54,29.29,22.61,85.92,3.32,3.7,22.04,36.78
2009-07-31,Tirunelveli,8.7139,77.7567,Dryland,25.08,27.97,23.1,87.78,3.65,0.96,15.4,36.8
2009-08-01,Tirunelveli,8.7139,77.7567,Dryland,25.24,28.92,22.87,85.18,3.91,0.48,13.89,36.82
2009-08-02,Tirunelveli,8.7139,77.7567,Dryland,25.33,28.01,23.47,86.85,4.25,0.02,18.59,36.84
2009-08-03,Tirunelveli,8.7139,77.7567,Dryland,25.58,29.27,23.16,84.8,4.65,0.0,22.05,36.86
2009-08-04,Tirunelveli,8.7139,77.7567,Dryland,25.51,28.97,23.5,85.21,4.74,2.44,21.19,36.88
2009-08-05,Tirunelveli,8.7139,77.7567,Dryland,25.73,29.44,23.65,84.57,4.61,0.71,20.57,36.9
2009-08-06,Tirunelveli,8.7139,77.7567,Dryland,25.55,28.39,23.58,86.04,4.23,0.0,18.52,36.92
2009-08-07,Tirunelveli,8.7139,77.7567,Dryland,25.63,28.85,23.71,84.38,4.35,0.0,21.4,36.94
2009-08-08,Tirunelveli,8.7139,77.7567,Dryland,25.79,29.54,23.51,83.88,3.85,0.0,21.45,36.96
2009-08-09,Tirunelveli,8.7139,77.7567,Dryland,26.1,30.08,23.72,81.98,4.34,0.0,20.94,36.98
2009-08-10,Tirunelveli,8.7139,77.7567,Dryland,25.65,29.08,23.11,84.0,4.63,0.02,20.79,37.0
2009-08-11,Tirunelveli,8.7139,77.7567,Dryland,26.05,29.62,23.53,83.02,4.51,1.0,18.52,37.01
2009-08-12,Tirunelveli,8.7139,77.7567,Dryland,26.22,30.19,23.63,81.9,4.44,0.27,21.13,37.03
2009-08-13,Tirunelveli,8.7139,77.7567,Dryland,25.68,29.17,23.79,82.79,3.84,0.21,20.04,37.05
2009-08-14,Tirunelveli,8.7139,77.7567,Dryland,25.64,28.87,23.5,84.97,3.73,0.57,18.86,37.06
2009-08-15,Tirunelveli,8.7139,77.7567,Dryland,25.39,29.3,22.9,81.03,3.16,0.14,18.39,37.08
2009-08-16,Tirunelveli,8.7139,77.7567,Dryland,25.84,31.19,22.85,81.49,3.38,3.22,15.55,37.09
2009-08-17,Tirunelveli,8.7139,77.7567,Dryland,24.95,28.76,22.55,80.85,3.29,2.2,13.23,37.11
2009-08-18,Tirunelveli,8.7139,77.7567,Dryland,25.47,30.63,21.94,79.1,2.5,0.44,19.05,37.12
2009-08-19,Tirunelveli,8.7139,77.7567,Dryland,26.41,31.4,22.21,79.04,1.35,1.37,22.03,37.13
2009-08-20,Tirunelveli,8.7139,77.7567,Dryland,25.75,30.35,22.99,82.59,1.12,15.94,16.49,37.14
2009-08-21,Tirunelveli,8.7139,77.7567,Dryland,24.88,27.92,22.35,87.52,2.53,8.59,17.73,37.15
2009-08-22,Tirunelveli,8.7139,77.7567,Dryland,24.61,27.73,22.61,86.44,2.81,1.43,18.96,37.16
2009-08-23,Tirunelveli,8.7139,77.7567,Dryland,25.45,30.07,22.39,83.28,3.41,2.91,19.39,37.17
2009-08-24,Tirunelveli,8.7139,77.7567,Dryland,25.18,28.22,23.27,84.02,3.9,0.86,20.16,37.18
2009-08-25,Tirunelveli,8.7139,77.7567,Dryland,25.73,29.72,22.61,80.87,3.86,0.21,19.11,37.18
2009-08-26,Tirunelveli,8.7139,77.7567,Dryland,25.25,28.63,23.31,84.12,4.0,5.28,18.29,37.19
2009-08-27,Tirunelveli,8.7139,77.7567,Dryland,25.22,29.14,22.95,83.38,4.24,3.93,18.65,37.19
2009-08-28,Tirunelveli,8.7139,77.7567,Dryland,25.54,29.44,23.14,83.26,4.21,1.01,18.18,37.19
2009-08-29,Tirunelveli,8.7139,77.7567,Dryland,25.72,30.26,22.84,83.0,3.95,2.07,21.07,37.2
2009-08-30,Tirunelveli,8.7139,77.7567,Dryland,25.51,29.28,23.21,82.89,4.09,0.58,19.22,37.19
2009-08-31,Tirunelveli,8.7139,77.7567,Dryland,25.13,28.28,23.42,86.95,3.57,4.79,17.76,37.19
2009-09-01,Tirunelveli,8.7139,77.7567,Dryland,24.49,26.88,23.06,89.35,4.15,18.18,16.13,37.19
2009-09-02,Tirunelveli,8.7139,77.7567,Dryland,24.5,27.19,23.01,86.76,4.39,7.83,15.11,37.19
2009-09-03,Tirunelveli,8.7139,77.7567,Dryland,24.93,28.09,22.88,86.17,4.22,2.07,16.27,37.18
2009-09-04,Tirunelveli,8.7139,77.7567,Dryland,25.1,28.49,22.95,84.03,5.17,5.67,17.11,37.17
2009-09-05,Tirunelveli,8.7139,77.7567,Dryland,25.28,28.83,23.26,84.78,5.46,10.58,15.83,37.16
2009-09-06,Tirunelveli,8.7139,77.7567,Dryland,24.38,26.44,23.17,88.44,4.87,6.25,13.84,37.15
2009-09-07,Tirunelveli,8.7139,77.7567,Dryland,24.67,27.24,22.78,89.35,4.32,1.83,19.08,37.14
2009-09-08,Tirunelveli,8.7139,77.7567,Dryland,25.33,28.8,23.12,86.97,4.16,0.19,18.51,37.12
2009-09-09,Tirunelveli,8.7139,77.7567,Dryland,25.3,28.94,22.92,85.73,3.66,0.0,23.04,37.11
2009-09-10,Tirunelveli,8.7139,77.7567,Dryland,26.08,31.66,22.47,81.79,3.2,0.0,24.17,37.09
2009-09-11,Tirunelveli,8.7139,77.7567,Dryland,26.22,32.05,21.98,79.84,3.33,0.0,25.42,37.07
2009-09-12,Tirunelveli,8.7139,77.7567,Dryland,26.68,32.64,22.32,79.56,2.6,3.38,23.37,37.05
2009-09-13,Tirunelveli,8.7139,77.7567,Dryland,26.87,32.57,23.01,78.53,2.93,0.33,18.99,37.03
2009-09-14,Tirunelveli,8.7139,77.7567,Dryland,26.42,31.31,23.33,80.33,3.5,0.01,22.33,37.01
2009-09-15,Tirunelveli,8.7139,77.7567,Dryland,26.51,32.19,22.78,79.06,3.3,0.0,24.11,36.98
2009-09-16,Tirunelveli,8.7139,77.7567,Dryland,26.59,32.01,23.09,79.57,3.46,0.37,23.48,36.96
2009-09-17,Tirunelveli,8.7139,77.7567,Dryland,25.42,28.1,23.67,87.0,2.78,3.73,17.79,36.93
2009-09-18,Tirunelveli,8.7139,77.7567,Dryland,25.44,29.92,23.22,85.7,2.63,15.16,16.99,36.9
2009-09-19,Tirunelveli,8.7139,77.7567,Dryland,24.95,28.9,22.72,83.6,3.67,0.99,19.03,36.87
2009-09-20,Tirunelveli,8.7139,77.7567,Dryland,25.86,31.14,22.05,80.25,3.28,0.23,18.91,36.83
2009-09-21,Tirunelveli,8.7139,77.7567,Dryland,26.18,30.95,23.27,81.66,2.98,0.52,18.34,36.8
2009-09-22,Tirunelveli,8.7139,77.7567,Dryland,25.8,30.05,23.17,82.06,2.74,2.88,20.05,36.77
2009-09-23,Tirunelveli,8.7139,77.7567,Dryland,25.9,30.33,23.03,82.57,2.97,1.72,20.4,36.73
2009-09-24,Tirunelveli,8.7139,77.7567,Dryland,25.92,30.33,23.3,82.06,3.25,0.21,23.04,36.69
2009-09-25,Tirunelveli,8.7139,77.7567,Dryland,25.53,28.97,23.3,84.64,3.56,0.51,23.61,36.65
2009-09-26,Tirunelveli,8.7139,77.7567,Dryland,25.57,29.55,23.3,84.47,3.85,11.75,21.97,36.61
2009-09-27,Tirunelveli,8.7139,77.7567,Dryland,25.72,30.14,22.82,83.11,3.95,0.93,18.94,36.56
2009-09-28,Tirunelveli,8.7139,77.7567,Dryland,25.82,29.4,23.64,83.55,4.22,0.5,20.86,36.52
2009-09-29,Tirunelveli,8.7139,77.7567,Dryland,25.37,28.57,23.83,86.18,4.36,1.05,15.46,36.47
2009-09-30,Tirunelveli,8.7139,77.7567,Dryland,25.5,28.22,24.06,87.92,4.63,1.34,14.72,36.42
2009-10-01,Tirunelveli,8.7139,77.7567,Dryland,24.79,27.2,23.22,87.16,5.33,16.99,16.12,36.37
2009-10-02,Tirunelveli,8.7139,77.7567,Dryland,24.61,27.04,23.33,87.37,6.09,10.3,11.78,36.32
2009-10-03,Tirunelveli,8.7139,77.7567,Dryland,25.39,28.86,23.16,84.34,4.95,0.78,17.1,36.26
2009-10-04,Tirunelveli,8.7139,77.7567,Dryland,25.23,29.32,22.31,83.31,4.24,0.0,20.12,36.21
2009-10-05,Tirunelveli,8.7139,77.7567,Dryland,25.19,30.27,21.7,81.75,3.76,0.0,20.94,36.15
2009-10-06,Tirunelveli,8.7139,77.7567,Dryland,25.24,30.92,21.2,81.29,3.09,0.01,21.93,36.09
2009-10-07,Tirunelveli,8.7139,77.7567,Dryland,25.95,31.14,22.69,80.88,3.83,0.01,21.18,36.03
2009-10-08,Tirunelveli,8.7139,77.7567,Dryland,25.75,31.33,22.65,80.91,3.41,0.36,23.24,35.97
2009-10-09,Tirunelveli,8.7139,77.7567,Dryland,26.33,32.58,22.1,77.41,3.04,0.0,23.47,35.91
2009-10-10,Tirunelveli,8.7139,77.7567,Dryland,26.52,32.86,21.7,76.19,2.42,0.0,21.51,35.84
2009-10-11,Tirunelveli,8.7139,77.7567,Dryland,26.86,33.11,22.65,75.57,2.31,0.0,21.92,35.78
2009-10-12,Tirunelveli,8.7139,77.7567,Dryland,26.51,32.33,22.11,76.95,1.62,4.06,20.24,35.71
2009-10-13,Tirunelveli,8.7139,77.7567,Dryland,26.17,31.34,22.45,78.05,1.42,1.22,17.79,35.64
2009-10-14,Tirunelveli,8.7139,77.7567,Dryland,26.8,32.78,22.15,75.18,1.07,0.09,19.68,35.57
2009-10-15,Tirunelveli,8.7139,77.7567,Dryland,27.42,33.81,22.32,71.92,0.99,0.0,20.69,35.5
2009-10-16,Tirunelveli,8.7139,77.7567,Dryland,26.26,31.62,23.05,77.45,1.12,0.05,20.8,35.43
2009-10-17,Tirunelveli,8.7139,77.7567,Dryland,27.38,34.17,21.55,72.45,1.5,0.03,20.84,35.36
2009-10-18,Tirunelveli,8.7139,77.7567,Dryland,27.64,33.88,23.16,72.72,1.15,0.0,20.75,35.29
2009-10-19,Tirunelveli,8.7139,77.7567,Dryland,27.17,32.69,22.87,75.96,1.02,6.03,17.79,35.22
2009-10-20,Tirunelveli,8.7139,77.7567,Dryland,27.12,33.48,23.03,73.79,1.09,0.96,21.1,35.14
2009-10-21,Tirunelveli,8.7139,77.7567,Dryland,27.5,33.86,22.61,70.64,1.11,0.08,20.78,35.07
2009-10-22,Tirunelveli,8.7139,77.7567,Dryland,27.84,34.02,22.83,66.61,1.34,0.19,20.91,34.99
2009-10-23,Tirunelveli,8.7139,77.7567,Dryland,27.52,33.36,22.63,65.07,1.38,0.0,21.43,34.92
2009-10-24,Tirunelveli,8.7139,77.7567,Dryland,27.0,32.9,22.42,68.1,0.96,0.0,18.85,34.84
2009-10-25,Tirunelveli,8.7139,77.7567,Dryland,27.1,32.82,22.39,71.54,0.87,5.02,19.07,34.76
2009-10-26,Tirunelveli,8.7139,77.7567,Dryland,27.28,33.06,23.31,73.28,1.35,1.71,18.73,34.68
2009-10-27,Tirunelveli,8.7139,77.7567,Dryland,27.37,33.3,23.04,71.84,1.29,1.4,19.86,34.6
2009-10-28,Tirunelveli,8.7139,77.7567,Dryland,26.55,32.28,23.01,77.59,2.06,7.75,17.09,34.52
2009-10-29,Tirunelveli,8.7139,77.7567,Dryland,25.63,29.3,23.21,85.47,2.8,16.17,8.7,34.44
2009-10-30,Tirunelveli,8.7139,77.7567,Dryland,25.61,29.8,22.94,79.53,3.41,3.3,17.77,34.36
2009-10-31,Tirunelveli,8.7139,77.7567,Dryland,26.11,31.4,22.51,80.13,2.64,5.08,15.3,34.28
2009-11-01,Tirunelveli,8.7139,77.7567,Dryland,25.87,30.44,22.47,78.27,3.01,0.92,17.18,34.2
2009-11-02,Tirunelveli,8.7139,77.7567,Dryland,26.65,31.83,22.95,74.12,4.28,0.04,18.55,34.12
2009-11-03,Tirunelveli,8.7139,77.7567,Dryland,26.39,31.03,23.07,78.2,3.25,3.23,15.34,34.04
2009-11-04,Tirunelveli,8.7139,77.7567,Dryland,25.13,27.54,23.6,89.41,2.71,43.18,11.16,33.96
2009-11-05,Tirunelveli,8.7139,77.7567,Dryland,24.96,28.13,23.1,88.31,3.47,47.14,12.64,33.87
2009-11-06,Tirunelveli,8.7139,77.7567,Dryland,24.64,27.45,22.99,90.7,3.76,38.9,7.82,33.79
2009-11-07,Tirunelveli,8.7139,77.7567,Dryland,24.8,25.65,23.74,95.19,4.41,13.87,5.84,33.71
2009-11-08,Tirunelveli,8.7139,77.7567,Dryland,24.84,26.73,23.24,93.11,2.18,35.54,12.18,33.63
2009-11-09,Tirunelveli,8.7139,77.7567,Dryland,24.56,27.19,22.73,92.5,1.85,27.58,9.19,33.56
2009-11-10,Tirunelveli,8.7139,77.7567,Dryland,24.38,27.68,22.3,86.53,1.83,8.0,15.52,33.48
2009-11-11,Tirunelveli,8.7139,77.7567,Dryland,24.5,27.6,21.74,89.59,1.58,3.51,16.19,33.4
2009-11-12,Tirunelveli,8.7139,77.7567,Dryland,25.68,28.74,22.77,85.85,1.04,2.61,19.44,33.32
2009-11-13,Tirunelveli,8.7139,77.7567,Dryland,24.74,27.34,22.61,90.16,1.25,5.37,11.51,33.24
2009-11-14,Tirunelveli,8.7139,77.7567,Dryland,23.54,25.8,22.0,92.88,1.95,65.78,4.49,33.17
2009-11-15,Tirunelveli,8.7139,77.7567,Dryland,23.19,26.33,21.63,91.22,1.3,15.69,12.37,33.1
2009-11-16,Tirunelveli,8.7139,77.7567,Dryland,24.32,27.6,21.89,90.7,1.82,1.64,12.18,33.02
2009-11-17,Tirunelveli,8.7139,77.7567,Dryland,24.84,28.11,22.51,89.72,1.75,0.12,19.46,32.95
2009-11-18,Tirunelveli,8.7139,77.7567,Dryland,24.3,26.92,22.07,88.01,1.47,4.2,6.66,32.88
2009-11-19,Tirunelveli,8.7139,77.7567,Dryland,25.45,28.92,22.1,86.57,1.15,3.04,19.11,32.81
2009-11-20,Tirunelveli,8.7139,77.7567,Dryland,25.06,28.18,22.87,87.82,1.0,6.71,15.15,32.74
2009-11-21,Tirunelveli,8.7139,77.7567,Dryland,23.69,26.03,21.89,90.09,1.11,6.57,12.53,32.67
2009-11-22,Tirunelveli,8.7139,77.7567,Dryland,23.65,25.82,21.78,92.33,1.51,4.24,11.29,32.61
2009-11-23,Tirunelveli,8.7139,77.7567,Dryland,24.42,27.36,22.56,90.79,2.29,1.56,16.03,32.54
2009-11-24,Tirunelveli,8.7139,77.7567,Dryland,25.02,28.81,22.28,86.87,1.07,0.6,19.49,32.48
2009-11-25,Tirunelveli,8.7139,77.7567,Dryland,24.76,28.76,21.3,86.74,1.58,0.08,17.8,32.42
2009-11-26,Tirunelveli,8.7139,77.7567,Dryland,23.99,27.84,20.84,88.29,2.02,0.01,18.9,32.36
2009-11-27,Tirunelveli,8.7139,77.7567,Dryland,22.58,27.25,19.06,84.61,2.22,0.0,19.55,32.3
2009-11-28,Tirunelveli,8.7139,77.7567,Dryland,22.77,27.72,18.24,86.2,2.29,0.0,20.81,32.24
2009-11-29,Tirunelveli,8.7139,77.7567,Dryland,23.67,28.32,19.39,87.96,2.22,0.0,18.8,32.19
2009-11-30,Tirunelveli,8.7139,77.7567,Dryland,23.98,28.16,20.24,89.32,2.22,0.04,18.35,32.13
2009-12-01,Tirunelveli,8.7139,77.7567,Dryland,23.85,27.23,21.72,90.18,2.11,6.94,14.7,32.08
2009-12-02,Tirunelveli,8.7139,77.7567,Dryland,24.12,27.44,21.6,91.1,2.41,7.82,11.28,32.04
2009-12-03,Tirunelveli,8.7139,77.7567,Dryland,24.84,28.39,22.27,89.83,2.1,2.58,14.88,31.99
2009-12-04,Tirunelveli,8.7139,77.7567,Dryland,24.72,28.28,22.05,88.38,1.69,0.01,18.03,31.95
2009-12-05,Tirunelveli,8.7139,77.7567,Dryland,24.55,28.11,21.95,88.71,1.94,2.27,16.78,31.9
2009-12-06,Tirunelveli,8.7139,77.7567,Dryland,23.11,26.73,20.29,84.89,2.3,0.14,19.55,31.87
2009-12-07,Tirunelveli,8.7139,77.7567,Dryland,23.04,27.73,19.34,85.29,2.13,0.0,16.89,31.83
2009-12-08,Tirunelveli,8.7139,77.7567,Dryland,23.26,28.85,17.54,84.82,1.88,0.0,19.49,31.8
2009-12-09,Tirunelveli,8.7139,77.7567,Dryland,24.06,28.5,20.33,87.62,2.62,0.0,20.59,31.76
2009-12-10,Tirunelveli,8.7139,77.7567,Dryland,22.58,27.19,19.55,83.32,3.01,0.0,21.25,31.74
2009-12-11,Tirunelveli,8.7139,77.7567,Dryland,23.08,28.53,17.62,85.95,2.3,0.0,20.58,31.71
2009-12-12,Tirunelveli,8.7139,77.7567,Dryland,23.91,28.16,19.53,86.08,1.85,0.13,13.33,31.69
2009-12-13,Tirunelveli,8.7139,77.7567,Dryland,25.2,29.04,22.06,87.41,1.63,0.14,14.71,31.67
2009-12-14,Tirunelveli,8.7139,77.7567,Dryland,24.92,29.04,21.72,88.27,2.73,0.24,15.31,31.65
2009-12-15,Tirunelveli,8.7139,77.7567,Dryland,24.44,27.51,22.49,88.82,2.97,0.45,11.25,31.63
2009-12-16,Tirunelveli,8.7139,77.7567,Dryland,24.5,27.94,22.25,87.43,1.77,3.34,13.5,31.62
2009-12-17,Tirunelveli,8.7139,77.7567,Dryland,23.83,26.32,22.35,92.14,1.38,1.93,17.42,31.61
2009-12-18,Tirunelveli,8.7139,77.7567,Dryland,24.17,28.01,20.99,89.29,2.55,0.59,15.82,31.6
2009-12-19,Tirunelveli,8.7139,77.7567,Dryland,24.44,27.78,22.02,87.76,3.04,0.58,15.58,31.6
2009-12-20,Tirunelveli,8.7139,77.7567,Dryland,24.79,28.68,21.55,86.91,3.22,0.1,17.6,31.6
2009-12-21,Tirunelveli,8.7139,77.7567,Dryland,24.38,26.73,22.83,89.72,4.02,6.23,16.27,31.6
2009-12-22,Tirunelveli,8.7139,77.7567,Dryland,23.81,25.99,22.21,89.94,3.46,3.11,11.06,31.61
2009-12-23,Tirunelveli,8.7139,77.7567,Dryland,23.58,26.09,21.87,89.53,3.96,1.5,12.67,31.61
2009-12-24,Tirunelveli,8.7139,77.7567,Dryland,23.95,27.53,21.71,87.99,3.93,0.66,15.72,31.62
2009-12-25,Tirunelveli,8.7139,77.7567,Dryland,23.48,27.37,20.42,85.69,3.02,0.04,10.69,31.64
2009-12-26,Tirunelveli,8.7139,77.7567,Dryland,23.77,28.24,20.23,85.35,2.56,0.01,15.17,31.65
2009-12-27,Tirunelveli,8.7139,77.7567,Dryland,23.34,26.57,21.03,85.22,2.36,1.67,11.14,31.67
2009-12-28,Tirunelveli,8.7139,77.7567,Dryland,23.68,27.53,20.73,86.88,1.77,0.09,14.35,31.69
2009-12-29,Tirunelveli,8.7139,77.7567,Dryland,23.21,26.05,21.35,87.72,2.09,0.0,13.79,31.71
2009-12-30,Tirunelveli,8.7139,77.7567,Dryland,23.52,28.18,20.58,84.15,2.54,0.0,14.17,31.74
2009-12-31,Tirunelveli,8.7139,77.7567,Dryland,23.96,29.41,20.34,83.08,1.66,0.0,17.77,31.77
2010-01-01,Tirunelveli,8.7139,77.7567,Dryland,23.71,28.92,19.34,82.24,2.82,0.0,20.0,31.8
2010-01-02,Tirunelveli,8.7139,77.7567,Dryland,23.91,28.93,20.12,84.15,3.26,0.0,19.43,31.84
2010-01-03,Tirunelveli,8.7139,77.7567,Dryland,23.65,28.64,19.85,81.45,3.05,0.0,19.09,31.87
2010-01-04,Tirunelveli,8.7139,77.7567,Dryland,23.55,29.35,19.42,79.36,1.96,0.0,18.08,31.91
2010-01-05,Tirunelveli,8.7139,77.7567,Dryland,23.36,30.08,17.39,77.05,1.44,0.0,20.24,31.96
2010-01-06,Tirunelveli,8.7139,77.7567,Dryland,22.97,29.06,17.45,79.79,2.55,0.0,18.85,32.0
2010-01-07,Tirunelveli,8.7139,77.7567,Dryland,23.96,30.17,19.1,79.11,2.45,0.0,18.85,32.05
2010-01-08,Tirunelveli,8.7139,77.7567,Dryland,23.85,29.43,19.0,79.74,1.79,0.02,17.97,32.1
2010-01-09,Tirunelveli,8.7139,77.7567,Dryland,24.04,27.76,22.21,87.95,2.77,30.08,14.38,32.15
2010-01-10,Tirunelveli,8.7139,77.7567,Dryland,23.04,25.3,20.73,91.41,2.53,35.88,5.54,32.21
2010-01-11,Tirunelveli,8.7139,77.7567,Dryland,24.12,28.79,20.49,87.64,1.51,1.26,18.15,32.26
2010-01-12,Tirunelveli,8.7139,77.7567,Dryland,24.7,29.13,21.14,85.94,1.34,0.01,18.48,32.32
2010-01-13,Tirunelveli,8.7139,77.7567,Dryland,24.88,28.87,21.7,86.51,1.3,2.54,15.86,32.38
2010-01-14,Tirunelveli,8.7139,77.7567,Dryland,24.51,28.68,21.23,86.83,2.6,0.85,17.13,32.44
2010-01-15,Tirunelveli,8.7139,77.7567,Dryland,24.06,29.32,20.13,81.95,3.15,0.0,18.58,32.51
2010-01-16,Tirunelveli,8.7139,77.7567,Dryland,23.82,29.09,19.39,84.14,3.21,0.0,18.04,32.58
2010-01-17,Tirunelveli,8.7139,77.7567,Dryland,24.03,29.1,21.05,80.83,3.53,0.0,18.71,32.65
2010-01-18,Tirunelveli,8.7139,77.7567,Dryland,23.96,29.57,19.53,81.89,2.54,0.0,19.68,32.72
2010-01-19,Tirunelveli,8.7139,77.7567,Dryland,24.4,30.11,20.74,80.92,2.82,0.0,18.67,32.79
2010-01-20,Tirunelveli,8.7139,77.7567,Dryland,24.03,29.83,20.24,80.34,3.0,0.0,19.21,32.86
2010-01-21,Tirunelveli,8.7139,77.7567,Dryland,23.59,29.75,19.4,77.18,2.9,0.0,19.1,32.94
2010-01-22,Tirunelveli,8.7139,77.7567,Dryland,22.83,30.15,17.21,74.3,2.78,0.0,20.93,33.01
2010-01-23,Tirunelveli,8.7139,77.7567,Dryland,22.61,29.97,16.76,74.59,2.89,0.0,21.69,33.09
2010-01-24,Tirunelveli,8.7139,77.7567,Dryland,22.94,29.45,17.57,77.89,2.79,0.01,20.47,33.17
2010-01-25,Tirunelveli,8.7139,77.7567,Dryland,23.41,30.19,17.62,76.66,2.08,0.0,21.05,33.25
2010-01-26,Tirunelveli,8.7139,77.7567,Dryland,24.53,30.67,20.26,76.69,2.71,0.0,20.28,33.33
2010-01-27,Tirunelveli,8.7139,77.7567,Dryland,25.11,31.69,20.0,75.98,3.04,0.0,20.37,33.42
2010-01-28,Tirunelveli,8.7139,77.7567,Dryland,25.16,30.93,21.56,76.37,3.73,0.0,19.63,33.5
2010-01-29,Tirunelveli,8.7139,77.7567,Dryland,24.26,30.05,19.2,75.16,3.57,0.0,20.11,33.59
2010-01-30,Tirunelveli,8.7139,77.7567,Dryland,24.39,31.67,18.52,72.91,3.31,0.0,19.68,33.67
2010-01-31,Tirunelveli,8.7139,77.7567,Dryland,25.16,31.78,20.25,73.61,2.95,0.0,19.89,33.76
2010-02-01,Tirunelveli,8.7139,77.7567,Dryland,24.85,31.1,20.82,72.22,2.86,0.0,15.91,33.84
2010-02-02,Tirunelveli,8.7139,77.7567,Dryland,24.65,32.02,19.0,69.55,3.13,0.0,20.4,33.93
2010-02-03,Tirunelveli,8.7139,77.7567,Dryland,24.29,32.14,18.27,68.14,3.48,0.0,22.59,34.01
2010-02-04,Tirunelveli,8.7139,77.7567,Dryland,24.42,31.76,19.35,69.0,3.12,0.0,23.1,34.1
2010-02-05,Tirunelveli,8.7139,77.7567,Dryland,22.61,27.47,19.39,74.96,3.18,0.0,21.82,34.19
2010-02-06,Tirunelveli,8.7139,77.7567,Dryland,23.79,31.55,17.54,72.07,3.78,0.0,22.14,34.28
2010-02-07,Tirunelveli,8.7139,77.7567,Dryland,24.72,32.02,19.63,69.09,3.84,0.0,20.59,34.37
2010-02-08,Tirunelveli,8.7139,77.7567,Dryland,25.06,33.13,18.68,68.21,2.47,0.0,22.34,34.45
2010-02-09,Tirunelveli,8.7139,77.7567,Dryland,25.32,33.95,19.27,64.78,2.3,0.0,22.31,34.55
2010-02-10,Tirunelveli,8.7139,77.7567,Dryland,25.32,33.18,19.4,68.55,1.58,0.0,17.58,34.64
2010-02-11,Tirunelveli,8.7139,77.7567,Dryland,25.77,33.18,20.96,66.85,2.51,0.0,11.06,34.73
2010-02-12,Tirunelveli,8.7139,77.7567,Dryland,25.84,33.22,20.9,72.18,3.04,0.0,17.91,34.81
2010-02-13,Tirunelveli,8.7139,77.7567,Dryland,27.03,34.53,21.97,69.88,2.32,0.02,18.79,34.9
2010-02-14,Tirunelveli,8.7139,77.7567,Dryland,26.56,34.63,21.7,67.4,2.51,0.0,22.22,34.99
2010-02-15,Tirunelveli,8.7139,77.7567,Dryland,25.61,33.31,21.13,71.29,2.57,0.0,23.26,35.08
2010-02-16,Tirunelveli,8.7139,77.7567,Dryland,26.26,34.51,20.5,66.71,2.32,0.0,23.19,35.16
2010-02-17,Tirunelveli,8.7139,77.7567,Dryland,26.14,31.36,22.43,76.51,2.36,0.0,16.36,35.25
2010-02-18,Tirunelveli,8.7139,77.7567,Dryland,26.18,32.07,22.61,69.13,1.65,0.0,16.83,35.33
2010-02-19,Tirunelveli,8.7139,77.7567,Dryland,25.81,31.99,21.42,69.76,1.35,0.0,19.9,35.42
2010-02-20,Tirunelveli,8.7139,77.7567,Dryland,25.19,33.01,20.01,70.86,1.71,0.0,23.92,35.5
2010-02-21,Tirunelveli,8.7139,77.7567,Dryland,25.9,34.31,19.21,70.12,2.42,0.0,23.52,35.58
2010-02-22,Tirunelveli,8.7139,77.7567,Dryland,27.21,36.02,21.1,67.95,2.36,0.0,24.58,35.67
2010-02-23,Tirunelveli,8.7139,77.7567,Dryland,26.84,34.01,21.48,68.84,1.65,0.0,22.66,35.75
2010-02-24,Tirunelveli,8.7139,77.7567,Dryland,27.83,36.54,21.94,62.35,1.36,0.0,23.91,35.82
2010-02-25,Tirunelveli,8.7139,77.7567,Dryland,27.91,36.21,22.5,63.69,1.47,0.0,23.51,35.9
2010-02-26,Tirunelveli,8.7139,77.7567,Dryland,28.24,36.48,22.11,61.11,1.36,0.0,22.96,35.98
2010-02-27,Tirunelveli,8.7139,77.7567,Dryland,28.42,36.82,21.68,56.48,1.97,0.0,23.77,36.05
2010-02-28,Tirunelveli,8.7139,77.7567,Dryland,27.92,36.37,21.84,60.8,2.23,0.0,24.17,36.13
2010-03-01,Tirunelveli,8.7139,77.7567,Dryland,27.35,36.73,19.72,58.45,2.35,0.0,24.88,36.2
2010-03-02,Tirunelveli,8.7139,77.7567,Dryland,27.51,37.73,19.65,51.73,2.16,0.0,23.44,36.27
2010-03-03,Tirunelveli,8.7139,77.7567,Dryland,27.46,37.67,18.51,46.4,1.73,0.0,25.88,36.35
2010-03-04,Tirunelveli,8.7139,77.7567,Dryland,28.56,37.73,20.72,56.42,1.48,0.0,23.36,36.41
2010-03-05,Tirunelveli,8.7139,77.7567,Dryland,29.05,37.05,23.6,63.21,1.92,0.0,20.99,36.48
2010-03-06,Tirunelveli,8.7139,77.7567,Dryland,29.05,36.42,24.14,64.34,2.69,0.0,19.8,36.55
2010-03-07,Tirunelveli,8.7139,77.7567,Dryland,30.82,39.27,24.61,56.13,2.45,0.0,23.72,36.61
2010-03-08,Tirunelveli,8.7139,77.7567,Dryland,30.06,38.46,23.71,58.83,2.15,0.0,23.91,36.67
2010-03-09,Tirunelveli,8.7139,77.7567,Dryland,29.11,37.61,22.92,62.95,1.96,0.0,24.21,36.73
2010-03-10,Tirunelveli,8.7139,77.7567,Dryland,28.76,36.19,24.39,61.66,3.09,0.0,23.9,36.79
2010-03-11,Tirunelveli,8.7139,77.7567,Dryland,28.5,35.7,23.67,63.8,4.0,0.0,22.36,36.85
2010-03-12,Tirunelveli,8.7139,77.7567,Dryland,28.93,36.24,24.06,60.41,3.94,0.0,21.03,36.9
2010-03-13,Tirunelveli,8.7139,77.7567,Dryland,28.45,36.09,23.82,66.47,3.41,0.0,20.86,36.96
2010-03-14,Tirunelveli,8.7139,77.7567,Dryland,28.45,34.76,24.19,61.39,2.13,0.0,21.9,37.01
2010-03-15,Tirunelveli,8.7139,77.7567,Dryland,29.01,36.7,23.56,58.79,1.74,0.0,24.97,37.06
2010-03-16,Tirunelveli,8.7139,77.7567,Dryland,28.86,35.93,23.73,59.49,1.32,0.13,24.85,37.11
2010-03-17,Tirunelveli,8.7139,77.7567,Dryland,28.48,36.62,21.97,57.85,2.77,0.01,23.27,37.16
2010-03-18,Tirunelveli,8.7139,77.7567,Dryland,28.29,36.05,22.72,63.82,3.8,0.0,20.94,37.21
2010-03-19,Tirunelveli,8.7139,77.7567,Dryland,28.29,35.56,22.99,60.63,3.08,0.0,22.46,37.25
2010-03-20,Tirunelveli,8.7139,77.7567,Dryland,29.14,37.89,21.44,59.94,2.19,0.0,22.5,37.29
2010-03-21,Tirunelveli,8.7139,77.7567,Dryland,29.78,38.57,22.82,56.96,1.74,0.0,23.86,37.33
2010-03-22,Tirunelveli,8.7139,77.7567,Dryland,30.25,38.43,23.19,58.38,1.57,0.0,24.19,37.37
2010-03-23,Tirunelveli,8.7139,77.7567,Dryland,30.57,39.31,23.97,58.24,1.89,0.0,22.83,37.4
2010-03-24,Tirunelveli,8.7139,77.7567,Dryland,30.34,37.53,24.95,59.34,2.06,0.0,22.43,37.43
2010-03-25,Tirunelveli,8.7139,77.7567,Dryland,30.66,38.82,25.39,58.37,1.96,0.0,23.15,37.46
2010-03-26,Tirunelveli,8.7139,77.7567,Dryland,29.98,37.78,25.43,63.47,2.01,6.25,21.44,37.49
2010-03-27,Tirunelveli,8.7139,77.7567,Dryland,29.03,35.36,24.92,67.19,2.3,1.58,21.11,37.51
2010-03-28,Tirunelveli,8.7139,77.7567,Dryland,29.58,35.76,25.2,61.01,1.51,0.0,20.21,37.54
2010-03-29,Tirunelveli,8.7139,77.7567,Dryland,30.2,37.3,25.36,61.73,1.8,0.14,21.24,37.56
2010-03-30,Tirunelveli,8.7139,77.7567,Dryland,28.93,34.4,25.2,68.14,2.66,2.42,22.12,37.59
2010-03-31,Tirunelveli,8.7139,77.7567,Dryland,27.73,32.04,24.81,77.64,3.01,17.03,22.92,37.61
2010-04-01,Tirunelveli,8.7139,77.7567,Dryland,29.02,36.31,23.49,68.17,2.58,0.61,23.93,37.63
2010-04-02,Tirunelveli,8.7139,77.7567,Dryland,30.37,38.56,24.55,62.95,1.9,0.0,23.74,37.65
2010-04-03,Tirunelveli,8.7139,77.7567,Dryland,29.05,34.66,25.62,70.27,1.38,0.0,22.37,37.67
2010-04-04,Tirunelveli,8.7139,77.7567,Dryland,29.29,36.0,24.48,67.81,1.25,0.67,22.35,37.68
2010-04-05,Tirunelveli,8.7139,77.7567,Dryland,27.55,31.08,25.07,77.78,1.44,6.43,19.57,37.69
2010-04-06,Tirunelveli,8.7139,77.7567,Dryland,28.61,35.07,23.74,64.04,1.67,0.89,23.42,37.7
2010-04-07,Tirunelveli,8.7139,77.7567,Dryland,28.7,34.83,24.78,66.92,1.96,1.33,19.66,37.71
2010-04-08,Tirunelveli,8.7139,77.7567,Dryland,27.29,30.2,24.45,77.49,1.32,0.52,18.47,37.71
2010-04-09,Tirunelveli,8.7139,77.7567,Dryland,28.0,33.05,23.48,72.27,1.3,0.0,22.89,37.72
2010-04-10,Tirunelveli,8.7139,77.7567,Dryland,29.12,36.21,24.37,70.27,1.48,0.0,25.03,37.72
2010-04-11,Tirunelveli,8.7139,77.7567,Dryland,29.87,36.62,25.55,66.41,2.44,0.0,24.87,37.72
2010-04-12,Tirunelveli,8.7139,77.7567,Dryland,29.14,34.56,25.43,69.61,2.49,0.0,21.39,37.72
2010-04-13,Tirunelveli,8.7139,77.7567,Dryland,29.78,35.8,25.52,67.48,2.97,0.0,21.38,37.72
2010-04-14,Tirunelveli,8.7139,77.7567,Dryland,29.67,35.28,25.94,68.23,2.37,0.0,16.57,37.71
2010-04-15,Tirunelveli,8.7139,77.7567,Dryland,30.37,37.11,25.4,64.71,1.88,0.01,20.26,37.71
2010-04-16,Tirunelveli,8.7139,77.7567,Dryland,28.41,32.74,25.64,76.36,1.87,7.25,20.14,37.7
2010-04-17,Tirunelveli,8.7139,77.7567,Dryland,26.59,29.39,24.82,86.86,1.13,12.84,17.4,37.69
2010-04-18,Tirunelveli,8.7139,77.7567,Dryland,26.95,31.35,23.91,79.84,1.85,2.35,20.89,37.68
2010-04-19,Tirunelveli,8.7139,77.7567,Dryland,28.04,32.78,24.8,74.72,2.51,0.27,21.8,37.67
2010-04-20,Tirunelveli,8.7139,77.7567,Dryland,28.28,33.25,24.56,74.13,2.61,0.17,22.5,37.66
2010-04-21,Tirunelveli,8.7139,77.7567,Dryland,28.68,34.28,24.84,72.13,2.99,0.03,20.36,37.65
2010-04-22,Tirunelveli,8.7139,77.7567,Dryland,29.81,36.77,24.2,67.46,2.31,0.0,21.3,37.64
2010-04-23,Tirunelveli,8.7139,77.7567,Dryland,29.57,35.36,25.45,70.34,2.08,0.44,18.39,37.62
2010-04-24,Tirunelveli,8.7139,77.7567,Dryland,27.61,30.59,25.14,79.41,1.97,2.39,14.54,37.6
2010-04-25,Tirunelveli,8.7139,77.7567,Dryland,27.93,31.95,24.84,78.7,1.71,0.53,19.25,37.59
2010-04-26,Tirunelveli,8.7139,77.7567,Dryland,28.39,34.56,24.29,65.59,1.79,4.61,14.66,37.57
2010-04-27,Tirunelveli,8.7139,77.7567,Dryland,28.52,34.49,24.27,69.48,1.36,1.96,16.53,37.55
2010-04-28,Tirunelveli,8.7139,77.7567,Dryland,29.31,35.85,24.16,69.66,1.17,2.63,22.1,37.53
2010-04-29,Tirunelveli,8.7139,77.7567,Dryland,28.11,32.18,25.34,77.13,1.36,1.11,21.29,37.51
2010-04-30,Tirunelveli,8.7139,77.7567,Dryland,27.47,30.69,24.66,81.27,1.2,30.83,17.8,37.48
2010-05-01,Tirunelveli,8.7139,77.7567,Dryland,28.02,32.98,24.33,76.22,1.18,3.82,23.5,37.46
2010-05-02,Tirunelveli,8.7139,77.7567,Dryland,28.54,33.59,24.66,74.98,1.01,1.88,21.29,37.44
2010-05-03,Tirunelveli,8.7139,77.7567,Dryland,27.84,31.26,25.16,80.58,1.34,6.14,19.98,37.41
2010-05-04,Tirunelveli,8.7139,77.7567,Dryland,27.71,31.4,25.2,80.44,1.89,1.37,22.24,37.39
2010-05-05,Tirunelveli,8.7139,77.7567,Dryland,28.83,34.11,24.85,72.14,2.58,0.0,21.29,37.36
2010-05-06,Tirunelveli,8.7139,77.7567,Dryland,29.53,34.71,25.22,71.62,2.03,0.08,24.43,37.33
2010-05-07,Tirunelveli,8.7139,77.7567,Dryland,28.65,32.17,25.97,77.98,2.33,0.03,21.14,37.3
2010-05-08,Tirunelveli,8.7139,77.7567,Dryland,28.39,32.09,25.95,80.85,2.31,1.8,19.75,37.27
2010-05-09,Tirunelveli,8.7139,77.7567,Dryland,27.88,32.0,25.32,77.42,2.31,1.95,14.48,37.24
2010-05-10,Tirunelveli,8.7139,77.7567,Dryland,28.33,33.66,24.52,76.04,1.75,4.41,20.26,37.22
2010-05-11,Tirunelveli,8.7139,77.7567,Dryland,27.83,31.8,25.09,80.99,2.48,3.86,20.65,37.18
2010-05-12,Tirunelveli,8.7139,77.7567,Dryland,28.85,34.14,25.13,76.56,2.55,0.56,20.68,37.16
2010-05-13,Tirunelveli,8.7139,77.7567,Dryland,28.6,32.6,25.97,79.7,3.07,0.03,21.58,37.13
2010-05-14,Tirunelveli,8.7139,77.7567,Dryland,27.76,30.87,26.07,83.19,3.89,0.02,18.6,37.09
2010-05-15,Tirunelveli,8.7139,77.7567,Dryland,28.53,33.69,25.35,74.55,2.64,0.0,22.27,37.07
2010-05-16,Tirunelveli,8.7139,77.7567,Dryland,28.45,33.01,25.78,76.03,3.54,0.05,18.72,37.04
2010-05-17,Tirunelveli,8.7139,77.7567,Dryland,28.9,34.32,25.22,75.02,3.18,1.4,18.47,37.01
2010-05-18,Tirunelveli,8.7139,77.7567,Dryland,27.12,29.8,25.53,81.47,3.98,3.2,18.76,36.98
2010-05-19,Tirunelveli,8.7139,77.7567,Dryland,26.47,29.48,24.89,86.08,4.42,1.99,14.72,36.95
2010-05-20,Tirunelveli,8.7139,77.7567,Dryland,27.21,31.65,24.76,77.36,5.18,1.18,9.91,36.92
2010-05-21,Tirunelveli,8.7139,77.7567,Dryland,27.6,32.35,24.91,77.15,4.47,2.12,13.39,36.89
2010-05-22,Tirunelveli,8.7139,77.7567,Dryland,27.51,31.44,25.21,78.5,3.76,0.37,12.77,36.86
2010-05-23,Tirunelveli,8.7139,77.7567,Dryland,26.63,29.57,24.7,83.41,3.15,3.14,16.74,36.83
2010-05-24,Tirunelveli,8.7139,77.7567,Dryland,27.25,31.06,24.81,85.25,4.13,3.63,16.94,36.81
2010-05-25,Tirunelveli,8.7139,77.7567,Dryland,27.09,31.29,24.66,82.92,4.27,4.62,16.38,36.78
2010-05-26,Tirunelveli,8.7139,77.7567,Dryland,27.06,31.22,24.06,82.58,4.42,2.87,19.94,36.76
2010-05-27,Tirunelveli,8.7139,77.7567,Dryland,26.86,29.89,25.04,84.93,3.88,2.63,20.79,36.73
2010-05-28,Tirunelveli,8.7139,77.7567,Dryland,26.93,29.59,25.21,87.56,3.74,4.71,18.71,36.7
2010-05-29,Tirunelveli,8.7139,77.7567,Dryland,26.81,29.41,24.86,87.03,3.97,13.45,16.63,36.68
2010-05-30,Tirunelveli,8.7139,77.7567,Dryland,26.2,29.21,23.6,83.57,4.07,5.41,20.1,36.65
2010-05-31,Tirunelveli,8.7139,77.7567,Dryland,26.02,29.1,23.51,81.15,4.09,0.34,20.17,36.63
2010-06-01,Tirunelveli,8.7139,77.7567,Dryland,27.42,32.61,24.2,77.69,3.95,0.06,22.29,36.6
2010-06-02,Tirunelveli,8.7139,77.7567,Dryland,28.11,33.83,23.57,78.07,3.62,0.06,21.24,36.58
2010-06-03,Tirunelveli,8.7139,77.7567,Dryland,28.28,33.1,24.63,78.38,2.23,0.01,21.39,36.55
2010-06-04,Tirunelveli,8.7139,77.7567,Dryland,27.35,30.53,25.36,83.82,3.07,6.44,19.45,36.53
2010-06-05,Tirunelveli,8.7139,77.7567,Dryland,26.55,30.14,24.14,79.74,4.5,4.02,21.73,36.51
2010-06-06,Tirunelveli,8.7139,77.7567,Dryland,25.69,29.7,23.3,82.66,4.28,3.55,14.37,36.49
2010-06-07,Tirunelveli,8.7139,77.7567,Dryland,26.13,30.94,23.08,78.18,4.7,1.5,18.24,36.47
2010-06-08,Tirunelveli,8.7139,77.7567,Dryland,26.13,29.62,23.44,76.83,4.52,0.14,10.21,36.45
2010-06-09,Tirunelveli,8.7139,77.7567,Dryland,26.27,30.18,23.88,80.12,5.62,0.82,17.87,36.43
2010-06-10,Tirunelveli,8.7139,77.7567,Dryland,25.62,27.69,24.22,85.32,5.29,7.86,14.65,36.42
2010-06-11,Tirunelveli,8.7139,77.7567,Dryland,25.81,28.03,24.56,86.41,6.51,10.86,11.55,36.4
2010-06-12,Tirunelveli,8.7139,77.7567,Dryland,25.79,27.8,24.38,88.0,5.13,9.37,12.37,36.39
2010-06-13,Tirunelveli,8.7139,77.7567,Dryland,25.59,28.89,23.62,84.99,5.75,3.98,12.94,36.37
2010-06-14,Tirunelveli,8.7139,77.7567,Dryland,26.05,30.37,23.2,81.15,4.29,1.32,14.98,36.36
2010-06-15,Tirunelveli,8.7139,77.7567,Dryland,26.44,32.36,22.46,80.89,3.34,0.01,19.61,36.35
2010-06-16,Tirunelveli,8.7139,77.7567,Dryland,26.43,31.06,23.72,80.33,2.43,0.02,15.56,36.34
2010-06-17,Tirunelveli,8.7139,77.7567,Dryland,25.71,28.56,23.33,84.39,2.6,1.22,17.43,36.33
2010-06-18,Tirunelveli,8.7139,77.7567,Dryland,25.61,30.18,22.55,81.67,2.25,0.59,18.58,36.32
2010-06-19,Tirunelveli,8.7139,77.7567,Dryland,26.3,31.26,23.25,80.81,2.95,0.6,20.16,36.31
2010-06-20,Tirunelveli,8.7139,77.7567,Dryland,26.59,31.46,23.04,75.14,2.92,0.15,19.41,36.31
2010-06-21,Tirunelveli,8.7139,77.7567,Dryland,26.68,32.12,22.99,76.96,2.87,0.51,21.13,36.3
2010-06-22,Tirunelveli,8.7139,77.7567,Dryland,26.46,30.1,23.89,81.97,3.73,6.4,19.53,36.3
2010-06-23,Tirunelveli,8.7139,77.7567,Dryland,25.42,27.68,23.66,86.7,4.86,11.0,16.77,36.3
2010-06-24,Tirunelveli,8.7139,77.7567,Dryland,24.79,27.93,22.99,82.3,5.17,4.83,16.49,36.3
2010-06-25,Tirunelveli,8.7139,77.7567,Dryland,25.42,28.71,22.9,83.61,5.25,4.52,14.33,36.3
2010-06-26,Tirunelveli,8.7139,77.7567,Dryland,26.27,30.43,23.62,79.98,4.8,1.22,17.27,36.3
2010-06-27,Tirunelveli,8.7139,77.7567,Dryland,26.31,29.88,24.19,83.77,4.1,0.43,20.28,36.3
2010-06-28,Tirunelveli,8.7139,77.7567,Dryland,26.07,28.8,24.42,86.64,4.41,9.9,19.49,36.3
2010-06-29,Tirunelveli,8.7139,77.7567,Dryland,26.07,30.1,23.68,81.75,4.54,3.63,19.99,36.3
2010-06-30,Tirunelveli,8.7139,77.7567,Dryland,25.02,28.39,23.17,82.14,4.87,2.18,20.77,36.3
2010-07-01,Tirunelveli,8.7139,77.7567,Dryland,25.15,29.71,22.43,77.59,4.81,1.41,12.59,36.31
2010-07-02,Tirunelveli,8.7139,77.7567,Dryland,25.36,30.27,21.36,79.9,4.13,3.64,15.83,36.32
2010-07-03,Tirunelveli,8.7139,77.7567,Dryland,25.77,30.18,23.13,81.99,4.44,2.67,17.19,36.32
2010-07-04,Tirunelveli,8.7139,77.7567,Dryland,25.54,29.49,22.64,83.61,3.81,2.26,17.15,36.33
2010-07-05,Tirunelveli,8.7139,77.7567,Dryland,25.5,29.05,22.79,81.33,4.61,0.77,14.29,36.34
2010-07-06,Tirunelveli,8.7139,77.7567,Dryland,24.64,27.4,22.58,85.66,3.5,0.04,15.25,36.35
2010-07-07,Tirunelveli,8.7139,77.7567,Dryland,25.45,29.39,22.33,82.77,2.94,0.59,19.81,36.36
2010-07-08,Tirunelveli,8.7139,77.7567,Dryland,25.37,29.05,22.82,81.52,2.99,0.11,17.51,36.37
2010-07-09,Tirunelveli,8.7139,77.7567,Dryland,25.52,29.22,22.68,82.47,1.87,6.55,19.15,36.38
2010-07-10,Tirunelveli,8.7139,77.7567,Dryland,26.7,32.14,22.2,77.47,1.39,1.21,19.61,36.4
2010-07-11,Tirunelveli,8.7139,77.7567,Dryland,26.78,32.52,22.54,77.1,1.87,0.01,21.37,36.41
2010-07-12,Tirunelveli,8.7139,77.7567,Dryland,26.22,30.65,23.28,79.69,2.86,0.13,21.64,36.42
2010-07-13,Tirunelveli,8.7139,77.7567,Dryland,25.49,30.08,23.05,79.73,3.6,3.68,19.69,36.44
2010-07-14,Tirunelveli,8.7139,77.7567,Dryland,25.87,30.78,22.66,79.21,4.14,1.04,19.11,36.45
2010-07-15,Tirunelveli,8.7139,77.7567,Dryland,25.63,29.73,23.25,82.47,4.54,3.93,19.75,36.47
2010-07-16,Tirunelveli,8.7139,77.7567,Dryland,25.24,28.31,23.35,83.33,5.59,3.31,13.23,36.49
2010-07-17,Tirunelveli,8.7139,77.7567,Dryland,25.28,28.86,23.31,84.01,5.24,17.06,10.94,36.51
2010-07-18,Tirunelveli,8.7139,77.7567,Dryland,25.24,28.79,23.27,83.42,5.05,7.8,12.61,36.53
2010-07-19,Tirunelveli,8.7139,77.7567,Dryland,24.07,27.12,22.28,85.87,5.49,19.06,9.61,36.55
2010-07-20,Tirunelveli,8.7139,77.7567,Dryland,24.41,26.76,22.72,86.53,4.63,3.13,15.65,36.57
2010-07-21,Tirunelveli,8.7139,77.7567,Dryland,24.68,27.94,22.59,85.6,4.88,5.41,14.31,36.59
2010-07-22,Tirunelveli,8.7139,77.7567,Dryland,24.79,28.47,22.56,83.41,3.97,0.33,13.97,36.61
2010-07-23,Tirunelveli,8.7139,77.7567,Dryland,24.92,28.84,22.12,85.68,3.96,0.08,20.21,36.63
2010-07-24,Tirunelveli,8.7139,77.7567,Dryland,25.08,29.19,22.07,82.5,4.68,0.02,16.62,36.65
2010-07-25,Tirunelveli,8.7139,77.7567,Dryland,25.11,29.32,22.0,82.66,4.22,0.04,10.73,36.67
2010-07-26,Tirunelveli,8.7139,77.7567,Dryland,25.37,28.97,22.98,82.49,4.22,0.85,16.56,36.69
2010-07-27,Tirunelveli,8.7139,77.7567,Dryland,24.93,28.61,22.43,84.62,4.39,0.99,16.28,36.72
2010-07-28,Tirunelveli,8.7139,77.7567,Dryland,24.39,27.97,22.6,84.92,5.27,4.56,13.35,36.74
2010-07-29,Tirunelveli,8.7139,77.7567,Dryland,24.53,27.89,22.38,84.18,5.51,1.13,15.4,36.76
2010-07-30,Tirunelveli,8.7139,77.7567,Dryland,25.08,29.23,22.42,81.45,5.04,0.09,15.32,36.78
2010-07-31,Tirunelveli,8.7139,77.7567,Dryland,25.46,29.78,22.64,81.67,4.45,0.0,17.32,36.8
2010-08-01,Tirunelveli,8.7139,77.7567,Dryland,25.66,30.19,22.52,81.88,3.72,0.0,24.35,36.81
2010-08-02,Tirunelveli,8.7139,77.7567,Dryland,25.36,29.36,22.39,84.17,3.95,0.35,21.7,36.83
2010-08-03,Tirunelveli,8.7139,77.7567,Dryland,25.14,28.86,22.75,84.03,4.43,0.98,13.31,36.85
2010-08-04,Tirunelveli,8.7139,77.7567,Dryland,25.28,27.78,22.88,87.11,4.13,0.46,17.14,36.88
2010-08-05,Tirunelveli,8.7139,77.7567,Dryland,26.14,30.32,23.7,82.93,3.8,0.02,22.7,36.9
2010-08-06,Tirunelveli,8.7139,77.7567,Dryland,26.15,29.72,23.86,83.92,4.43,0.04,19.91,36.92
2010-08-07,Tirunelveli,8.7139,77.7567,Dryland,26.12,30.68,23.46,83.58,3.79,1.32,21.77,36.94
2010-08-08,Tirunelveli,8.7139,77.7567,Dryland,26.0,29.85,23.72,85.87,3.95,3.08,13.82,36.96
2010-08-09,Tirunelveli,8.7139,77.7567,Dryland,25.74,29.44,23.54,84.57,4.24,2.13,19.02,36.98
2010-08-10,Tirunelveli,8.7139,77.7567,Dryland,26.52,31.69,23.49,80.91,4.76,0.41,23.73,37.0
2010-08-11,Tirunelveli,8.7139,77.7567,Dryland,26.02,30.21,23.51,81.77,4.97,0.31,22.4,37.02
2010-08-12,Tirunelveli,8.7139,77.7567,Dryland,25.73,29.62,23.55,83.12,4.77,4.84,14.35,37.04
2010-08-13,Tirunelveli,8.7139,77.7567,Dryland,25.9,30.83,23.24,81.7,4.77,3.1,17.64,37.06
2010-08-14,Tirunelveli,8.7139,77.7567,Dryland,24.88,27.41,23.13,85.92,4.41,1.5,19.38,37.07
2010-08-15,Tirunelveli,8.7139,77.7567,Dryland,25.13,28.55,23.63,87.3,4.74,1.94,15.35,37.08
2010-08-16,Tirunelveli,8.7139,77.7567,Dryland,24.73,27.64,22.67,84.32,5.3,1.9,16.13,37.1
2010-08-17,Tirunelveli,8.7139,77.7567,Dryland,25.13,28.88,22.9,83.36,5.36,0.14,19.2,37.11
2010-08-18,Tirunelveli,8.7139,77.7567,Dryland,25.53,30.1,22.78,80.1,4.27,0.0,20.5,37.13
2010-08-19,Tirunelveli,8.7139,77.7567,Dryland,25.76,30.18,22.93,81.73,3.68,0.01,22.13,37.14
2010-08-20,Tirunelveli,8.7139,77.7567,Dryland,26.14,31.82,22.47,79.25,2.72,4.42,16.0,37.15
2010-08-21,Tirunelveli,8.7139,77.7567,Dryland,24.4,28.73,21.62,82.65,3.33,3.75,8.84,37.16
2010-08-22,Tirunelveli,8.7139,77.7567,Dryland,25.24,30.21,22.52,80.05,4.73,0.04,20.42,37.17
2010-08-23,Tirunelveli,8.7139,77.7567,Dryland,25.33,29.46,22.84,82.72,4.54,0.72,14.61,37.18
2010-08-24,Tirunelveli,8.7139,77.7567,Dryland,24.75,28.33,22.69,83.91,5.5,1.78,12.04,37.18
2010-08-25,Tirunelveli,8.7139,77.7567,Dryland,24.46,27.77,22.57,83.17,5.27,2.05,11.8,37.19
2010-08-26,Tirunelveli,8.7139,77.7567,Dryland,25.08,29.22,22.65,82.5,5.25,0.54,15.19,37.2
2010-08-27,Tirunelveli,8.7139,77.7567,Dryland,25.6,30.77,22.68,80.08,4.74,0.68,19.55,37.2
2010-08-28,Tirunelveli,8.7139,77.7567,Dryland,25.54,29.82,23.15,82.92,3.98,0.61,18.94,37.2
2010-08-29,Tirunelveli,8.7139,77.7567,Dryland,25.04,27.8,23.06,86.1,4.66,4.25,20.28,37.19
2010-08-30,Tirunelveli,8.7139,77.7567,Dryland,24.16,26.85,22.21,85.02,4.76,2.29,12.59,37.19
2010-08-31,Tirunelveli,8.7139,77.7567,Dryland,25.46,31.32,22.07,78.0,3.7,0.01,20.53,37.19
2010-09-01,Tirunelveli,8.7139,77.7567,Dryland,25.86,32.25,20.74,77.68,3.63,0.0,25.28,37.19
2010-09-02,Tirunelveli,8.7139,77.7567,Dryland,26.08,31.97,22.08,78.52,4.15,0.0,25.08,37.19
2010-09-03,Tirunelveli,8.7139,77.7567,Dryland,25.97,30.7,23.21,80.25,4.26,0.14,21.37,37.19
2010-09-04,Tirunelveli,8.7139,77.7567,Dryland,25.84,30.42,23.08,80.32,3.83,0.0,19.33,37.18
2010-09-05,Tirunelveli,8.7139,77.7567,Dryland,26.36,32.41,22.49,77.79,3.3,0.0,23.74,37.17
2010-09-06,Tirunelveli,8.7139,77.7567,Dryland,26.3,32.32,23.05,78.44,3.54,1.76,23.86,37.16
2010-09-07,Tirunelveli,8.7139,77.7567,Dryland,26.23,31.49,23.08,80.07,4.16,1.12,23.19,37.15
2010-09-08,Tirunelveli,8.7139,77.7567,Dryland,25.5,29.27,23.3,82.57,3.97,2.09,19.06,37.13
2010-09-09,Tirunelveli,8.7139,77.7567,Dryland,25.72,30.87,22.82,82.75,3.24,3.22,21.76,37.12
2010-09-10,Tirunelveli,8.7139,77.7567,Dryland,25.19,28.55,23.16,83.52,4.03,2.76,17.72,37.1
2010-09-11,Tirunelveli,8.7139,77.7567,Dryland,26.48,32.44,21.99,71.92,3.25,0.51,17.63,37.09
2010-09-12,Tirunelveli,8.7139,77.7567,Dryland,26.95,34.25,21.3,71.7,3.14,0.05,16.69,37.07
2010-09-13,Tirunelveli,8.7139,77.7567,Dryland,26.12,31.45,23.14,77.63,3.81,1.65,18.32,37.05
2010-09-14,Tirunelveli,8.7139,77.7567,Dryland,26.12,32.38,22.57,75.58,3.78,0.43,15.36,37.03
2010-09-15,Tirunelveli,8.7139,77.7567,Dryland,26.22,31.68,23.17,76.32,4.07,0.02,20.44,37.0
2010-09-16,Tirunelveli,8.7139,77.7567,Dryland,25.71,30.25,23.51,78.61,4.52,0.04,21.75,36.97
2010-09-17,Tirunelveli,8.7139,77.7567,Dryland,26.01,31.24,23.24,80.16,4.46,2.45,21.89,36.95
2010-09-18,Tirunelveli,8.7139,77.7567,Dryland,24.93,28.53,22.48,81.22,4.55,3.67,17.56,36.92
2010-09-19,Tirunelveli,8.7139,77.7567,Dryland,26.1,31.82,22.67,77.09,4.31,1.42,21.07,36.89
2010-09-20,Tirunelveli,8.7139,77.7567,Dryland,26.55,31.81,23.23,75.19,3.33,0.01,21.96,36.86
2010-09-21,Tirunelveli,8.7139,77.7567,Dryland,26.17,30.78,23.04,76.29,2.35,0.16,14.14,36.82
2010-09-22,Tirunelveli,8.7139,77.7567,Dryland,25.78,29.97,22.86,80.23,2.54,1.71,20.15,36.79
2010-09-23,Tirunelveli,8.7139,77.7567,Dryland,25.57,29.4,23.35,83.54,1.5,2.07,19.09,36.75
2010-09-24,Tirunelveli,8.7139,77.7567,Dryland,25.5,29.87,23.26,82.07,3.13,3.62,19.46,36.7
2010-09-25,Tirunelveli,8.7139,77.7567,Dryland,26.53,32.54,22.87,74.72,2.59,0.36,21.55,36.66
2010-09-26,Tirunelveli,8.7139,77.7567,Dryland,26.7,32.08,22.96,78.31,1.44,3.98,19.02,36.62
2010-09-27,Tirunelveli,8.7139,77.7567,Dryland,26.04,31.26,23.06,81.01,1.69,5.43,15.7,36.57
2010-09-28,Tirunelveli,8.7139,77.7567,Dryland,25.28,28.81,22.78,86.77,1.8,26.94,16.21,36.53
2010-09-29,Tirunelveli,8.7139,77.7567,Dryland,25.78,29.78,22.79,80.73,0.89,8.51,13.16,36.48
2010-09-30,Tirunelveli,8.7139,77.7567,Dryland,26.23,31.53,23.16,79.83,0.95,9.36,20.13,36.43
2010-10-01,Tirunelveli,8.7139,77.7567,Dryland,26.13,31.35,22.91,80.37,1.09,6.61,19.06,36.38
2010-10-02,Tirunelveli,8.7139,77.7567,Dryland,25.57,30.06,22.86,83.31,1.45,7.89,16.13,36.33
2010-10-03,Tirunelveli,8.7139,77.7567,Dryland,24.67,28.23,22.69,86.88,1.9,21.79,14.75,36.28
2010-10-04,Tirunelveli,8.7139,77.7567,Dryland,25.49,29.0,23.17,86.78,2.45,9.87,18.77,36.22
2010-10-05,Tirunelveli,8.7139,77.7567,Dryland,25.3,28.6,23.01,88.17,3.69,41.56,12.29,36.17
2010-10-06,Tirunelveli,8.7139,77.7567,Dryland,25.0,27.55,23.81,90.21,4.8,37.93,11.66,36.11
2010-10-07,Tirunelveli,8.7139,77.7567,Dryland,24.92,27.47,23.75,90.14,4.55,22.65,15.36,36.05
2010-10-08,Tirunelveli,8.7139,77.7567,Dryland,25.2,27.76,23.48,91.75,3.5,32.43,14.36,35.99
2010-10-09,Tirunelveli,8.7139,77.7567,Dryland,25.21,28.15,23.32,90.31,3.83,12.1,15.79,35.93
2010-10-10,Tirunelveli,8.7139,77.7567,Dryland,24.82,28.13,22.56,88.82,2.99,0.12,16.78,35.87
2010-10-11,Tirunelveli,8.7139,77.7567,Dryland,24.94,28.2,22.63,87.75,3.11,0.0,23.12,35.8
2010-10-12,Tirunelveli,8.7139,77.7567,Dryland,24.86,28.47,22.53,88.44,3.0,0.0,18.39,35.74
2010-10-13,Tirunelveli,8.7139,77.7567,Dryland,24.73,28.88,21.05,85.81,3.16,0.01,22.77,35.67
2010-10-14,Tirunelveli,8.7139,77.7567,Dryland,24.51,27.58,22.26,88.83,3.51,0.71,19.51,35.6
2010-10-15,Tirunelveli,8.7139,77.7567,Dryland,24.94,28.21,23.03,87.74,4.26,0.24,19.21,35.53
2010-10-16,Tirunelveli,8.7139,77.7567,Dryland,24.59,28.27,22.14,87.51,4.21,0.13,23.54,35.46
2010-10-17,Tirunelveli,8.7139,77.7567,Dryland,24.65,28.5,21.79,86.42,3.67,0.36,22.83,35.39
2010-10-18,Tirunelveli,8.7139,77.7567,Dryland,23.93,28.31,20.95,86.22,3.23,2.04,16.36,35.32
2010-10-19,Tirunelveli,8.7139,77.7567,Dryland,23.78,28.33,20.33,88.81,2.88,2.74,21.2,35.25
2010-10-20,Tirunelveli,8.7139,77.7567,Dryland,24.36,28.77,21.47,86.89,2.64,0.05,20.39,35.17
2010-10-21,Tirunelveli,8.7139,77.7567,Dryland,24.52,28.87,21.07,86.49,3.12,1.36,21.57,35.09
2010-10-22,Tirunelveli,8.7139,77.7567,Dryland,24.63,28.45,22.19,86.44,3.71,0.22,20.11,35.02
2010-10-23,Tirunelveli,8.7139,77.7567,Dryland,24.78,29.31,21.03,86.64,3.03,0.29,20.93,34.94
2010-10-24,Tirunelveli,8.7139,77.7567,Dryland,25.04,29.59,22.08,85.64,2.92,0.12,21.94,34.86
2010-10-25,Tirunelveli,8.7139,77.7567,Dryland,25.12,29.95,21.69,84.79,2.58,0.0,23.51,34.78
2010-10-26,Tirunelveli,8.7139,77.7567,Dryland,25.38,30.04,21.62,85.27,2.24,0.97,21.44,34.7
2010-10-27,Tirunelveli,8.7139,77.7567,Dryland,25.29,29.09,22.55,86.82,2.07,3.36,17.1,34.62
2010-10-28,Tirunelveli,8.7139,77.7567,Dryland,24.27,27.35,22.0,88.76,1.15,10.27,15.2,34.54
2010-10-29,Tirunelveli,8.7139,77.7567,Dryland,24.47,28.07,21.3,87.05,0.91,10.43,17.92,34.46
2010-10-30,Tirunelveli,8.7139,77.7567,Dryland,24.56,27.48,22.38,89.01,1.12,2.07,15.54,34.38
2010-10-31,Tirunelveli,8.7139,77.7567,Dryland,24.79,28.92,21.72,86.33,1.9,0.2,17.22,34.3
2010-11-01,Tirunelveli,8.7139,77.7567,Dryland,25.0,28.71,22.6,85.64,2.43,0.01,18.72,34.22
2010-11-02,Tirunelveli,8.7139,77.7567,Dryland,24.88,28.41,22.41,84.68,2.08,0.14,20.31,34.14
2010-11-03,Tirunelveli,8.7139,77.7567,Dryland,25.29,29.57,21.85,84.69,1.62,5.31,19.72,34.06
2010-11-04,Tirunelveli,8.7139,77.7567,Dryland,24.92,27.92,22.38,87.05,1.28,1.52,18.47,33.98
2010-11-05,Tirunelveli,8.7139,77.7567,Dryland,24.52,28.15,22.46,87.93,1.88,10.65,15.34,33.9
2010-11-06,Tirunelveli,8.7139,77.7567,Dryland,23.64,26.45,22.35,86.37,2.11,1.52,10.4,33.82
2010-11-07,Tirunelveli,8.7139,77.7567,Dryland,24.25,27.53,22.0,89.17,3.41,0.51,12.43,33.74
2010-11-08,Tirunelveli,8.7139,77.7567,Dryland,25.72,29.88,23.01,87.07,3.31,1.8,16.06,33.66
2010-11-09,Tirunelveli,8.7139,77.7567,Dryland,24.94,27.81,23.04,89.11,1.78,0.4,19.34,33.58
2010-11-10,Tirunelveli,8.7139,77.7567,Dryland,25.01,28.91,22.53,86.88,1.52,7.17,16.01,33.5
2010-11-11,Tirunelveli,8.7139,77.7567,Dryland,24.12,27.57,21.86,87.09,2.46,2.25,14.48,33.43
2010-11-12,Tirunelveli,8.7139,77.7567,Dryland,25.41,30.65,20.42,79.87,1.39,0.35,20.1,33.35
2010-11-13,Tirunelveli,8.7139,77.7567,Dryland,25.98,30.55,21.96,81.98,0.94,1.94,16.6,33.27
2010-11-14,Tirunelveli,8.7139,77.7567,Dryland,25.23,29.15,22.17,82.88,1.56,0.4,17.05,33.19
2010-11-15,Tirunelveli,8.7139,77.7567,Dryland,25.63,31.02,20.65,80.09,1.33,0.66,19.61,33.12
2010-11-16,Tirunelveli,8.7139,77.7567,Dryland,25.07,29.24,21.82,85.08,1.3,17.98,13.29,33.05
2010-11-17,Tirunelveli,8.7139,77.7567,Dryland,24.42,27.97,22.21,86.95,1.44,2.56,13.7,32.97
2010-11-18,Tirunelveli,8.7139,77.7567,Dryland,25.41,29.65,22.55,82.3,1.14,3.7,14.85,32.9
2010-11-19,Tirunelveli,8.7139,77.7567,Dryland,24.4,27.89,22.11,88.12,0.91,2.22,14.38,32.83
2010-11-20,Tirunelveli,8.7139,77.7567,Dryland,24.35,27.32,22.23,87.59,0.79,17.76,16.59,32.76
2010-11-21,Tirunelveli,8.7139,77.7567,Dryland,23.84,27.21,21.32,88.29,1.38,32.31,12.07,32.69
2010-11-22,Tirunelveli,8.7139,77.7567,Dryland,24.12,28.15,21.08,87.91,1.12,34.84,13.17,32.63
2010-11-23,Tirunelveli,8.7139,77.7567,Dryland,24.17,26.93,22.46,89.38,0.62,26.46,16.19,32.56
2010-11-24,Tirunelveli,8.7139,77.7567,Dryland,23.74,26.56,21.98,90.75,1.78,12.17,13.43,32.5
2010-11-25,Tirunelveli,8.7139,77.7567,Dryland,22.69,24.27,21.26,92.03,1.75,15.46,9.65,32.44
2010-11-26,Tirunelveli,8.7139,77.7567,Dryland,23.43,26.66,20.9,89.42,1.21,9.08,9.88,32.37
2010-11-27,Tirunelveli,8.7139,77.7567,Dryland,23.07,25.46,21.22,90.06,1.47,13.24,7.08,32.32
2010-11-28,Tirunelveli,8.7139,77.7567,Dryland,22.95,25.19,20.98,93.85,1.42,15.02,7.76,32.26
2010-11-29,Tirunelveli,8.7139,77.7567,Dryland,24.03,27.6,21.19,88.31,2.75,4.09,14.52,32.2
2010-11-30,Tirunelveli,8.7139,77.7567,Dryland,23.91,27.24,21.35,89.6,2.18,1.66,14.37,32.14
2010-12-01,Tirunelveli,8.7139,77.7567,Dryland,23.62,26.34,22.04,92.58,1.8,14.51,5.61,32.09
2010-12-02,Tirunelveli,8.7139,77.7567,Dryland,23.64,26.21,21.93,91.95,2.01,18.26,8.92,32.05
2010-12-03,Tirunelveli,8.7139,77.7567,Dryland,23.28,25.77,21.43,94.21,1.58,8.7,8.02,32.0
2010-12-04,Tirunelveli,8.7139,77.7567,Dryland,22.81,25.38,20.91,91.73,1.81,3.55,9.43,31.96
2010-12-05,Tirunelveli,8.7139,77.7567,Dryland,22.4,24.69,20.68,93.07,1.49,0.72,12.59,31.92
2010-12-06,Tirunelveli,8.7139,77.7567,Dryland,23.13,26.53,20.09,89.54,1.41,0.02,17.98,31.88
2010-12-07,Tirunelveli,8.7139,77.7567,Dryland,23.76,27.29,21.49,90.85,1.51,39.84,10.53,31.84
2010-12-08,Tirunelveli,8.7139,77.7567,Dryland,24.53,27.21,22.99,92.65,2.7,37.96,3.6,31.8
2010-12-09,Tirunelveli,8.7139,77.7567,Dryland,23.81,25.33,22.54,94.39,2.98,5.18,15.78,31.77
2010-12-10,Tirunelveli,8.7139,77.7567,Dryland,24.03,27.28,22.05,89.26,2.7,0.01,18.66,31.74
2010-12-11,Tirunelveli,8.7139,77.7567,Dryland,24.0,27.76,21.32,89.31,2.21,1.3,16.42,31.72
2010-12-12,Tirunelveli,8.7139,77.7567,Dryland,23.01,27.89,18.82,89.62,2.45,0.11,21.39,31.7
2010-12-13,Tirunelveli,8.7139,77.7567,Dryland,22.22,27.2,16.63,82.8,1.64,0.01,20.97,31.68
2010-12-14,Tirunelveli,8.7139,77.7567,Dryland,22.95,27.97,18.31,85.74,1.17,0.05,19.89,31.66
2010-12-15,Tirunelveli,8.7139,77.7567,Dryland,23.25,27.54,19.57,85.47,1.25,0.46,17.37,31.65
2010-12-16,Tirunelveli,8.7139,77.7567,Dryland,23.86,27.66,21.57,88.05,1.41,0.72,14.15,31.63
2010-12-17,Tirunelveli,8.7139,77.7567,Dryland,24.3,28.48,21.02,87.98,1.17,0.27,17.51,31.62
2010-12-18,Tirunelveli,8.7139,77.7567,Dryland,24.41,28.12,22.16,89.58,2.14,2.43,14.32,31.62
2010-12-19,Tirunelveli,8.7139,77.7567,Dryland,22.27,25.74,19.67,86.69,3.38,0.15,18.65,31.61
2010-12-20,Tirunelveli,8.7139,77.7567,Dryland,23.65,27.64,20.41,89.7,2.53,0.38,15.9,31.61
2010-12-21,Tirunelveli,8.7139,77.7567,Dryland,23.1,25.22,21.74,92.56,3.1,0.19,10.49,31.61
2010-12-22,Tirunelveli,8.7139,77.7567,Dryland,21.95,25.72,18.59,83.47,2.95,0.0,19.36,31.61
2010-12-23,Tirunelveli,8.7139,77.7567,Dryland,21.13,26.33,16.99,85.45,1.78,0.03,17.37,31.62
2010-12-24,Tirunelveli,8.7139,77.7567,Dryland,21.2,25.17,18.28,86.24,1.74,0.01,14.14,31.63
2010-12-25,Tirunelveli,8.7139,77.7567,Dryland,22.1,26.25,18.85,85.27,1.38,0.01,14.43,31.64
2010-12-26,Tirunelveli,8.7139,77.7567,Dryland,22.22,26.34,19.28,87.33,2.12,0.0,18.29,31.65
2010-12-27,Tirunelveli,8.7139,77.7567,Dryland,22.23,26.61,18.59,85.09,2.39,0.0,19.64,31.67
2010-12-28,Tirunelveli,8.7139,77.7567,Dryland,20.97,24.23,17.47,88.67,2.23,0.55,17.02,31.69
2010-12-29,Tirunelveli,8.7139,77.7567,Dryland,22.87,26.92,19.93,89.44,2.38,0.22,10.36,31.71
2010-12-30,Tirunelveli,8.7139,77.7567,Dryland,23.11,25.42,21.21,91.26,2.71,0.02,12.49,31.74
2010-12-31,Tirunelveli,8.7139,77.7567,Dryland,23.08,26.19,20.76,91.03,2.03,6.16,17.0,31.77
2011-01-01,Tirunelveli,8.7139,77.7567,Dryland,23.92,26.93,20.64,84.58,1.04,3.54,16.75,31.8
2011-01-02,Tirunelveli,8.7139,77.7567,Dryland,23.96,28.07,20.15,86.85,1.34,0.09,16.84,31.83
2011-01-03,Tirunelveli,8.7139,77.7567,Dryland,23.44,26.92,20.84,90.17,1.81,1.11,14.45,31.87
2011-01-04,Tirunelveli,8.7139,77.7567,Dryland,23.08,27.47,19.52,88.82,2.46,0.21,15.8,31.91
2011-01-05,Tirunelveli,8.7139,77.7567,Dryland,22.33,26.18,19.43,87.86,3.21,0.02,13.87,31.95
2011-01-06,Tirunelveli,8.7139,77.7567,Dryland,22.76,27.23,19.28,87.8,2.52,0.0,18.26,31.99
2011-01-07,Tirunelveli,8.7139,77.7567,Dryland,23.33,27.23,19.62,87.64,2.12,0.0,18.1,32.04
2011-01-08,Tirunelveli,8.7139,77.7567,Dryland,24.65,28.4,21.14,84.1,1.3,0.02,17.01,32.09
2011-01-09,Tirunelveli,8.7139,77.7567,Dryland,24.67,28.0,21.94,85.02,1.19,0.27,15.01,32.15
2011-01-10,Tirunelveli,8.7139,77.7567,Dryland,24.29,27.38,21.84,83.83,1.07,0.05,13.68,32.2
2011-01-11,Tirunelveli,8.7139,77.7567,Dryland,22.72,26.11,20.15,82.99,1.22,0.0,18.54,32.25
2011-01-12,Tirunelveli,8.7139,77.7567,Dryland,21.6,26.68,17.42,82.84,1.89,0.0,13.02,32.31
2011-01-13,Tirunelveli,8.7139,77.7567,Dryland,20.78,26.23,15.76,84.43,2.2,0.0,10.08,32.37
2011-01-14,Tirunelveli,8.7139,77.7567,Dryland,21.44,26.55,16.54,85.33,2.55,0.02,16.8,32.43
2011-01-15,Tirunelveli,8.7139,77.7567,Dryland,22.72,27.03,18.91,88.22,2.87,0.3,11.12,32.5
2011-01-16,Tirunelveli,8.7139,77.7567,Dryland,23.57,28.05,20.6,88.68,3.11,2.87,11.27,32.57
2011-01-17,Tirunelveli,8.7139,77.7567,Dryland,23.75,28.33,20.32,87.88,2.25,0.04,16.65,32.64
2011-01-18,Tirunelveli,8.7139,77.7567,Dryland,23.37,28.12,19.0,85.84,2.45,0.0,20.6,32.71
2011-01-19,Tirunelveli,8.7139,77.7567,Dryland,21.12,27.45,15.9,80.9,2.35,0.0,23.19,32.78
2011-01-20,Tirunelveli,8.7139,77.7567,Dryland,21.09,27.49,15.82,82.42,2.29,0.0,23.13,32.85
2011-01-21,Tirunelveli,8.7139,77.7567,Dryland,21.92,27.84,16.82,83.25,2.65,0.0,22.47,32.92
2011-01-22,Tirunelveli,8.7139,77.7567,Dryland,22.37,27.87,17.28,81.01,3.17,0.0,20.88,32.99
2011-01-23,Tirunelveli,8.7139,77.7567,Dryland,22.47,27.92,17.71,82.21,3.4,0.0,20.51,33.07
2011-01-24,Tirunelveli,8.7139,77.7567,Dryland,22.5,28.11,17.73,80.29,3.39,0.0,20.17,33.15
2011-01-25,Tirunelveli,8.7139,77.7567,Dryland,22.69,28.64,18.03,80.71,3.0,0.0,20.14,33.23
2011-01-26,Tirunelveli,8.7139,77.7567,Dryland,23.55,28.88,18.79,81.31,3.8,0.46,15.71,33.31
2011-01-27,Tirunelveli,8.7139,77.7567,Dryland,23.83,28.97,20.05,78.69,4.08,0.15,13.45,33.4
2011-01-28,Tirunelveli,8.7139,77.7567,Dryland,23.65,29.46,18.43,80.42,2.99,0.0,18.77,33.48
2011-01-29,Tirunelveli,8.7139,77.7567,Dryland,24.55,30.13,20.11,78.58,3.45,0.01,20.69,33.57
2011-01-30,Tirunelveli,8.7139,77.7567,Dryland,24.65,30.19,20.06,79.26,3.87,0.05,15.34,33.65
2011-01-31,Tirunelveli,8.7139,77.7567,Dryland,24.32,29.47,20.57,75.57,3.85,0.03,15.52,33.74
2011-02-01,Tirunelveli,8.7139,77.7567,Dryland,24.54,30.46,20.06,74.04,2.93,0.01,21.02,33.82
2011-02-02,Tirunelveli,8.7139,77.7567,Dryland,23.68,28.23,20.07,72.91,3.14,0.0,17.34,33.91
2011-02-03,Tirunelveli,8.7139,77.7567,Dryland,23.41,27.15,20.79,78.5,3.05,0.07,16.63,34.0
2011-02-04,Tirunelveli,8.7139,77.7567,Dryland,23.44,27.89,20.62,78.78,2.14,0.0,19.15,34.09
2011-02-05,Tirunelveli,8.7139,77.7567,Dryland,24.56,31.55,19.08,73.76,2.6,0.0,23.11,34.18
2011-02-06,Tirunelveli,8.7139,77.7567,Dryland,24.64,30.65,19.4,75.03,2.65,0.02,18.64,34.27
2011-02-07,Tirunelveli,8.7139,77.7567,Dryland,24.87,30.32,20.62,76.55,2.48,0.04,14.99,34.36
2011-02-08,Tirunelveli,8.7139,77.7567,Dryland,25.82,32.46,20.24,67.12,1.61,1.56,19.23,34.44
2011-02-09,Tirunelveli,8.7139,77.7567,Dryland,25.06,32.44,19.21,70.51,1.51,0.24,21.07,34.53
2011-02-10,Tirunelveli,8.7139,77.7567,Dryland,25.12,32.85,19.45,70.46,1.92,0.37,21.99,34.62
2011-02-11,Tirunelveli,8.7139,77.7567,Dryland,23.89,31.8,17.48,70.84,2.55,0.0,23.93,34.71
2011-02-12,Tirunelveli,8.7139,77.7567,Dryland,24.24,31.85,18.02,71.4,2.82,0.0,22.4,34.8
2011-02-13,Tirunelveli,8.7139,77.7567,Dryland,23.9,32.03,17.39,67.44,2.8,0.0,23.89,34.88
2011-02-14,Tirunelveli,8.7139,77.7567,Dryland,24.85,32.57,17.5,67.41,1.39,0.0,23.95,34.96
2011-02-15,Tirunelveli,8.7139,77.7567,Dryland,25.57,32.99,19.24,68.98,1.17,0.0,21.96,35.05
2011-02-16,Tirunelveli,8.7139,77.7567,Dryland,26.61,34.03,20.84,68.23,0.95,0.0,21.33,35.14
2011-02-17,Tirunelveli,8.7139,77.7567,Dryland,27.36,34.4,22.24,68.12,1.05,0.0,20.13,35.22
2011-02-18,Tirunelveli,8.7139,77.7567,Dryland,27.37,34.11,22.17,69.78,1.32,0.0,19.37,35.31
2011-02-19,Tirunelveli,8.7139,77.7567,Dryland,27.81,35.01,22.53,68.17,1.06,0.0,20.26,35.39
2011-02-20,Tirunelveli,8.7139,77.7567,Dryland,27.36,34.39,21.78,69.97,1.27,0.0,20.24,35.48
2011-02-21,Tirunelveli,8.7139,77.7567,Dryland,26.69,32.03,22.51,76.38,1.05,13.21,16.85,35.56
2011-02-22,Tirunelveli,8.7139,77.7567,Dryland,25.15,29.54,22.01,84.06,1.63,26.58,16.62,35.65
2011-02-23,Tirunelveli,8.7139,77.7567,Dryland,26.11,32.11,21.51,75.55,1.97,0.77,19.56,35.73
2011-02-24,Tirunelveli,8.7139,77.7567,Dryland,26.31,31.74,21.81,75.42,1.44,3.18,18.43,35.81
2011-02-25,Tirunelveli,8.7139,77.7567,Dryland,26.03,30.98,22.32,75.95,1.34,0.6,19.67,35.88
2011-02-26,Tirunelveli,8.7139,77.7567,Dryland,26.28,31.71,21.97,74.07,1.23,5.43,18.46,35.96
2011-02-27,Tirunelveli,8.7139,77.7567,Dryland,26.25,33.15,21.51,70.52,2.1,0.59,21.36,36.04
2011-02-28,Tirunelveli,8.7139,77.7567,Dryland,26.26,33.56,21.16,67.48,3.2,0.0,22.5,36.11
2011-03-01,Tirunelveli,8.7139,77.7567,Dryland,26.34,32.74,21.85,71.0,3.66,0.01,23.2,36.18
2011-03-02,Tirunelveli,8.7139,77.7567,Dryland,26.12,33.43,21.03,67.09,3.22,0.0,25.04,36.25
2011-03-03,Tirunelveli,8.7139,77.7567,Dryland,25.86,33.46,19.13,72.25,2.7,0.0,23.99,36.32
2011-03-04,Tirunelveli,8.7139,77.7567,Dryland,26.66,33.37,21.66,72.94,2.4,0.0,18.21,36.39
2011-03-05,Tirunelveli,8.7139,77.7567,Dryland,26.72,32.54,22.84,73.71,1.72,0.0,19.86,36.45
2011-03-06,Tirunelveli,8.7139,77.7567,Dryland,27.04,34.61,22.35,69.6,2.16,0.0,23.15,36.52
2011-03-07,Tirunelveli,8.7139,77.7567,Dryland,26.23,34.92,19.62,63.92,2.14,0.0,23.86,36.59
2011-03-08,Tirunelveli,8.7139,77.7567,Dryland,26.38,35.69,18.92,63.51,2.14,0.0,24.59,36.65
2011-03-09,Tirunelveli,8.7139,77.7567,Dryland,26.85,35.82,19.12,59.95,1.96,0.0,24.44,36.71
2011-03-10,Tirunelveli,8.7139,77.7567,Dryland,27.03,35.77,19.9,61.84,1.23,0.0,25.07,36.77
2011-03-11,Tirunelveli,8.7139,77.7567,Dryland,27.55,36.04,21.68,62.01,0.81,0.0,25.35,36.83
2011-03-12,Tirunelveli,8.7139,77.7567,Dryland,27.68,35.66,21.12,64.89,1.83,0.0,25.37,36.89
2011-03-13,Tirunelveli,8.7139,77.7567,Dryland,28.14,34.98,23.15,68.81,1.75,0.4,23.44,36.96
2011-03-14,Tirunelveli,8.7139,77.7567,Dryland,28.71,35.74,23.01,63.46,1.79,0.11,24.7,37.01
2011-03-15,Tirunelveli,8.7139,77.7567,Dryland,28.61,36.41,23.47,60.12,2.03,0.0,25.29,37.06
2011-03-16,Tirunelveli,8.7139,77.7567,Dryland,27.96,35.69,22.32,60.66,2.41,0.0,25.11,37.11
2011-03-17,Tirunelveli,8.7139,77.7567,Dryland,27.38,35.23,22.32,61.89,3.63,0.0,24.1,37.16
2011-03-18,Tirunelveli,8.7139,77.7567,Dryland,26.75,34.85,18.81,62.8,2.39,0.0,24.98,37.2
2011-03-19,Tirunelveli,8.7139,77.7567,Dryland,28.58,35.96,22.98,62.81,1.45,0.0,23.4,37.24
2011-03-20,Tirunelveli,8.7139,77.7567,Dryland,28.88,36.73,23.07,62.11,1.85,0.0,22.56,37.28
2011-03-21,Tirunelveli,8.7139,77.7567,Dryland,29.36,36.35,24.02,58.78,2.13,0.0,21.49,37.32
2011-03-22,Tirunelveli,8.7139,77.7567,Dryland,29.83,36.96,23.87,58.88,1.88,0.0,21.54,37.35
2011-03-23,Tirunelveli,8.7139,77.7567,Dryland,30.1,37.7,24.14,58.74,1.6,0.0,24.29,37.4
2011-03-24,Tirunelveli,8.7139,77.7567,Dryland,29.1,35.02,24.83,62.86,2.43,0.0,21.85,37.43
2011-03-25,Tirunelveli,8.7139,77.7567,Dryland,29.56,36.48,24.87,61.34,2.5,0.0,22.35,37.46
2011-03-26,Tirunelveli,8.7139,77.7567,Dryland,29.22,35.36,25.28,62.83,2.0,0.0,20.07,37.49
2011-03-27,Tirunelveli,8.7139,77.7567,Dryland,30.46,38.15,24.34,57.99,1.79,0.01,21.37,37.52
2011-03-28,Tirunelveli,8.7139,77.7567,Dryland,30.09,37.3,24.93,59.72,1.4,0.05,20.21,37.55
2011-03-29,Tirunelveli,8.7139,77.7567,Dryland,30.33,37.74,24.34,57.88,1.66,0.01,21.68,37.58
2011-03-30,Tirunelveli,8.7139,77.7567,Dryland,30.11,38.31,23.62,57.26,1.75,0.0,24.18,37.6
2011-03-31,Tirunelveli,8.7139,77.7567,Dryland,30.37,38.46,24.99,56.21,1.65,0.0,24.08,37.63
2011-04-01,Tirunelveli,8.7139,77.7567,Dryland,30.02,38.65,22.84,59.83,2.1,0.0,23.87,37.65
2011-04-02,Tirunelveli,8.7139,77.7567,Dryland,29.52,36.59,24.74,62.53,2.98,0.19,23.03,37.67
2011-04-03,Tirunelveli,8.7139,77.7567,Dryland,29.68,36.54,25.57,60.85,3.01,0.3,21.83,37.68
2011-04-04,Tirunelveli,8.7139,77.7567,Dryland,29.86,37.25,24.82,57.7,2.85,0.03,22.5,37.69
2011-04-05,Tirunelveli,8.7139,77.7567,Dryland,30.21,38.13,24.95,55.25,2.49,0.0,22.71,37.7
2011-04-06,Tirunelveli,8.7139,77.7567,Dryland,29.9,37.59,23.96,53.57,1.77,0.0,24.21,37.71
2011-04-07,Tirunelveli,8.7139,77.7567,Dryland,29.36,37.28,23.27,55.47,2.17,0.0,24.95,37.72
2011-04-08,Tirunelveli,8.7139,77.7567,Dryland,29.56,38.02,22.32,53.42,1.75,0.0,22.45,37.73
2011-04-09,Tirunelveli,8.7139,77.7567,Dryland,30.16,37.61,24.98,59.19,1.56,3.99,20.78,37.73
2011-04-10,Tirunelveli,8.7139,77.7567,Dryland,28.87,34.61,24.84,65.96,1.48,2.03,17.96,37.73
2011-04-11,Tirunelveli,8.7139,77.7567,Dryland,28.65,33.88,24.52,66.27,1.79,0.96,18.39,37.73
2011-04-12,Tirunelveli,8.7139,77.7567,Dryland,28.49,34.28,23.99,67.59,1.4,2.85,18.26,37.73
2011-04-13,Tirunelveli,8.7139,77.7567,Dryland,28.99,36.11,23.71,65.56,1.6,0.31,21.64,37.73
2011-04-14,Tirunelveli,8.7139,77.7567,Dryland,28.97,34.64,25.02,66.04,2.26,0.01,20.73,37.72
2011-04-15,Tirunelveli,8.7139,77.7567,Dryland,29.2,34.06,25.41,63.8,1.7,0.0,21.4,37.71
2011-04-16,Tirunelveli,8.7139,77.7567,Dryland,29.71,37.08,24.84,58.21,1.71,0.0,21.19,37.7
2011-04-17,Tirunelveli,8.7139,77.7567,Dryland,28.91,34.92,24.34,63.47,1.42,4.5,20.07,37.7
2011-04-18,Tirunelveli,8.7139,77.7567,Dryland,27.77,32.77,24.22,73.87,1.47,3.73,16.51,37.69
2011-04-19,Tirunelveli,8.7139,77.7567,Dryland,26.19,29.07,24.0,80.61,1.64,2.23,18.87,37.68
2011-04-20,Tirunelveli,8.7139,77.7567,Dryland,26.42,30.9,23.49,74.85,1.64,2.0,18.89,37.67
2011-04-21,Tirunelveli,8.7139,77.7567,Dryland,27.79,34.17,23.83,71.01,1.85,1.25,17.36,37.66
2011-04-22,Tirunelveli,8.7139,77.7567,Dryland,26.01,29.71,24.26,85.01,2.21,12.73,17.95,37.65
2011-04-23,Tirunelveli,8.7139,77.7567,Dryland,25.65,28.85,23.57,81.89,3.19,9.26,11.31,37.63
2011-04-24,Tirunelveli,8.7139,77.7567,Dryland,27.44,34.56,22.58,70.79,1.86,0.72,18.69,37.61
2011-04-25,Tirunelveli,8.7139,77.7567,Dryland,26.85,31.16,23.33,74.81,1.72,1.44,19.57,37.6
2011-04-26,Tirunelveli,8.7139,77.7567,Dryland,26.83,32.03,24.17,79.9,2.03,0.36,19.7,37.58
2011-04-27,Tirunelveli,8.7139,77.7567,Dryland,28.0,32.93,24.12,75.09,1.55,0.04,20.46,37.56
2011-04-28,Tirunelveli,8.7139,77.7567,Dryland,26.73,29.69,25.0,85.39,2.85,9.33,18.49,37.55
2011-04-29,Tirunelveli,8.7139,77.7567,Dryland,26.72,30.12,24.27,84.26,3.19,3.58,22.7,37.53
2011-04-30,Tirunelveli,8.7139,77.7567,Dryland,27.6,32.4,24.64,79.2,2.94,1.9,21.78,37.5
2011-05-01,Tirunelveli,8.7139,77.7567,Dryland,27.61,32.55,24.53,77.46,3.12,1.09,20.37,37.48
2011-05-02,Tirunelveli,8.7139,77.7567,Dryland,26.85,30.14,24.55,83.78,3.11,2.06,19.68,37.45
2011-05-03,Tirunelveli,8.7139,77.7567,Dryland,27.4,31.68,25.08,82.34,3.43,1.34,21.17,37.43
2011-05-04,Tirunelveli,8.7139,77.7567,Dryland,27.45,31.91,24.4,74.68,4.0,0.05,16.7,37.4
2011-05-05,Tirunelveli,8.7139,77.7567,Dryland,26.51,31.75,23.84,76.5,3.52,0.0,19.32,37.37
2011-05-06,Tirunelveli,8.7139,77.7567,Dryland,27.12,33.25,23.18,74.05,4.06,0.0,20.51,37.35
2011-05-07,Tirunelveli,8.7139,77.7567,Dryland,27.45,31.3,24.87,76.77,4.12,0.0,23.32,37.32
2011-05-08,Tirunelveli,8.7139,77.7567,Dryland,27.88,34.76,22.92,68.64,4.41,0.0,24.49,37.29
2011-05-09,Tirunelveli,8.7139,77.7567,Dryland,27.6,34.86,22.27,65.63,3.88,0.0,24.73,37.26
2011-05-10,Tirunelveli,8.7139,77.7567,Dryland,27.77,35.06,22.81,62.74,3.26,0.0,23.72,37.24
2011-05-11,Tirunelveli,8.7139,77.7567,Dryland,27.11,34.86,21.21,62.96,3.08,0.0,25.24,37.21
2011-05-12,Tirunelveli,8.7139,77.7567,Dryland,27.42,35.69,20.45,65.45,2.83,0.0,25.47,37.18
2011-05-13,Tirunelveli,8.7139,77.7567,Dryland,27.94,35.8,21.08,65.97,3.15,0.75,23.87,37.15
2011-05-14,Tirunelveli,8.7139,77.7567,Dryland,28.55,36.14,22.11,67.32,3.09,0.2,22.02,37.12
2011-05-15,Tirunelveli,8.7139,77.7567,Dryland,28.77,35.17,23.97,66.03,3.23,0.0,20.52,37.09
2011-05-16,Tirunelveli,8.7139,77.7567,Dryland,29.59,37.03,24.25,62.91,2.38,0.0,20.82,37.06
2011-05-17,Tirunelveli,8.7139,77.7567,Dryland,29.4,35.98,24.91,65.46,2.17,1.04,20.43,37.03
2011-05-18,Tirunelveli,8.7139,77.7567,Dryland,29.37,35.5,24.98,64.93,2.53,0.49,20.84,37.0
2011-05-19,Tirunelveli,8.7139,77.7567,Dryland,28.6,33.37,25.42,68.17,2.9,0.0,20.39,36.97
2011-05-20,Tirunelveli,8.7139,77.7567,Dryland,28.02,31.98,25.36,74.1,2.94,0.91,22.43,36.94
2011-05-21,Tirunelveli,8.7139,77.7567,Dryland,27.6,31.66,24.93,73.73,3.29,0.14,19.17,36.91
2011-05-22,Tirunelveli,8.7139,77.7567,Dryland,27.28,30.31,25.14,75.09,2.72,0.0,23.3,36.88
2011-05-23,Tirunelveli,8.7139,77.7567,Dryland,28.88,35.14,24.52,66.45,3.69,0.17,23.22,36.86
2011-05-24,Tirunelveli,8.7139,77.7567,Dryland,27.87,31.73,25.42,77.01,3.75,1.98,18.37,36.83
2011-05-25,Tirunelveli,8.7139,77.7567,Dryland,27.66,31.06,25.34,79.89,3.61,2.53,20.37,36.8
2011-05-26,Tirunelveli,8.7139,77.7567,Dryland,26.73,30.26,24.91,76.76,4.04,0.66,20.07,36.77
2011-05-27,Tirunelveli,8.7139,77.7567,Dryland,27.44,32.36,24.35,74.07,4.02,0.94,19.94,36.74
2011-05-28,Tirunelveli,8.7139,77.7567,Dryland,27.33,32.12,24.22,74.29,4.29,0.67,22.91,36.71
2011-05-29,Tirunelveli,8.7139,77.7567,Dryland,26.4,28.93,24.79,81.75,4.82,1.46,21.57,36.69
2011-05-30,Tirunelveli,8.7139,77.7567,Dryland,26.83,30.84,24.46,79.18,5.43,0.96,19.72,36.66
2011-05-31,Tirunelveli,8.7139,77.7567,Dryland,26.65,30.17,24.53,79.61,5.35,2.94,21.5,36.64
2011-06-01,Tirunelveli,8.7139,77.7567,Dryland,25.99,30.22,24.01,84.56,5.3,23.54,13.01,36.61
2011-06-02,Tirunelveli,8.7139,77.7567,Dryland,25.67,28.26,23.68,83.79,5.23,21.7,15.79,36.59
2011-06-03,Tirunelveli,8.7139,77.7567,Dryland,25.95,28.6,24.21,85.15,4.32,6.31,12.47,36.57
2011-06-04,Tirunelveli,8.7139,77.7567,Dryland,26.18,30.0,23.97,84.99,3.62,5.47,17.45,36.54
2011-06-05,Tirunelveli,8.7139,77.7567,Dryland,25.85,29.45,22.84,86.96,3.84,7.44,14.23,36.53
2011-06-06,Tirunelveli,8.7139,77.7567,Dryland,26.32,30.63,23.6,83.07,3.84,10.19,16.44,36.51
2011-06-07,Tirunelveli,8.7139,77.7567,Dryland,26.49,31.14,22.63,83.21,3.37,0.7,19.4,36.49
2011-06-08,Tirunelveli,8.7139,77.7567,Dryland,26.33,29.1,24.63,85.19,3.38,0.11,21.24,36.47
2011-06-09,Tirunelveli,8.7139,77.7567,Dryland,26.55,30.12,24.36,83.52,3.8,4.69,20.14,36.45
2011-06-10,Tirunelveli,8.7139,77.7567,Dryland,26.33,29.37,24.39,83.56,3.95,0.99,16.88,36.43
2011-06-11,Tirunelveli,8.7139,77.7567,Dryland,26.55,30.09,24.09,81.06,3.6,0.0,18.9,36.42
2011-06-12,Tirunelveli,8.7139,77.7567,Dryland,26.13,29.05,23.8,83.45,3.2,0.0,20.49,36.4
2011-06-13,Tirunelveli,8.7139,77.7567,Dryland,25.99,29.48,23.45,79.44,3.65,0.43,18.3,36.39
2011-06-14,Tirunelveli,8.7139,77.7567,Dryland,24.86,28.88,22.37,79.73,5.16,5.23,13.97,36.37
2011-06-15,Tirunelveli,8.7139,77.7567,Dryland,25.27,28.76,22.4,84.05,4.14,2.47,20.07,36.36
2011-06-16,Tirunelveli,8.7139,77.7567,Dryland,25.46,29.06,23.31,84.07,3.61,1.42,19.27,36.35
2011-06-17,Tirunelveli,8.7139,77.7567,Dryland,25.75,30.01,23.28,81.92,4.32,3.03,16.19,36.34
2011-06-18,Tirunelveli,8.7139,77.7567,Dryland,25.66,28.42,23.2,86.1,3.89,0.95,20.13,36.33
2011-06-19,Tirunelveli,8.7139,77.7567,Dryland,26.68,31.36,23.5,77.92,4.91,0.14,23.14,36.33
2011-06-20,Tirunelveli,8.7139,77.7567,Dryland,26.29,31.01,22.64,81.13,4.49,0.2,22.54,36.32
2011-06-21,Tirunelveli,8.7139,77.7567,Dryland,27.08,32.21,24.1,76.65,4.68,0.11,23.7,36.31
2011-06-22,Tirunelveli,8.7139,77.7567,Dryland,26.69,31.36,23.56,76.6,4.84,0.04,21.13,36.31
2011-06-23,Tirunelveli,8.7139,77.7567,Dryland,26.96,32.24,23.35,76.2,4.7,0.55,21.74,36.31
2011-06-24,Tirunelveli,8.7139,77.7567,Dryland,26.97,31.82,23.59,76.65,4.88,0.24,18.79,36.31
2011-06-25,Tirunelveli,8.7139,77.7567,Dryland,26.72,30.3,24.44,80.36,4.98,0.15,18.51,36.31
2011-06-26,Tirunelveli,8.7139,77.7567,Dryland,26.38,29.94,24.38,82.45,5.15,1.0,16.98,36.31
2011-06-27,Tirunelveli,8.7139,77.7567,Dryland,25.64,28.57,23.25,79.5,5.43,0.44,19.5,36.3
2011-06-28,Tirunelveli,8.7139,77.7567,Dryland,26.3,31.44,22.49,71.83,4.86,0.07,19.18,36.31
2011-06-29,Tirunelveli,8.7139,77.7567,Dryland,26.82,32.35,22.78,74.5,4.03,0.0,21.3,36.31
2011-06-30,Tirunelveli,8.7139,77.7567,Dryland,27.27,33.7,23.11,75.47,4.22,0.04,22.02,36.31
2011-07-01,Tirunelveli,8.7139,77.7567,Dryland,26.87,32.07,23.94,77.57,4.18,0.34,21.25,36.31
2011-07-02,Tirunelveli,8.7139,77.7567,Dryland,26.31,31.37,22.79,75.78,4.12,0.05,22.19,36.32
2011-07-03,Tirunelveli,8.7139,77.7567,Dryland,26.69,32.28,22.56,77.1,3.48,0.0,16.2,36.32
2011-07-04,Tirunelveli,8.7139,77.7567,Dryland,26.56,31.49,23.14,76.51,4.4,0.01,21.6,36.33
2011-07-05,Tirunelveli,8.7139,77.7567,Dryland,24.97,29.12,21.96,77.81,4.64,9.09,12.42,36.34
2011-07-06,Tirunelveli,8.7139,77.7567,Dryland,25.21,29.37,21.88,79.03,4.64,2.51,12.66,36.35
2011-07-07,Tirunelveli,8.7139,77.7567,Dryland,26.22,32.05,21.88,75.17,4.05,0.75,19.41,36.36
2011-07-08,Tirunelveli,8.7139,77.7567,Dryland,26.18,31.02,22.9,69.12,4.59,0.21,21.93,36.37
2011-07-09,Tirunelveli,8.7139,77.7567,Dryland,25.47,28.67,23.24,80.37,2.95,1.92,20.08,36.38
2011-07-10,Tirunelveli,8.7139,77.7567,Dryland,25.93,30.67,22.67,80.23,3.98,1.73,21.39,36.4
2011-07-11,Tirunelveli,8.7139,77.7567,Dryland,25.84,29.27,23.36,81.73,5.39,1.3,19.02,36.41
2011-07-12,Tirunelveli,8.7139,77.7567,Dryland,24.47,27.36,22.92,81.79,5.4,1.18,14.58,36.43
2011-07-13,Tirunelveli,8.7139,77.7567,Dryland,25.35,29.69,22.31,79.15,4.88,0.85,16.28,36.45
2011-07-14,Tirunelveli,8.7139,77.7567,Dryland,25.56,29.9,22.98,78.73,5.09,1.67,16.73,36.47
2011-07-15,Tirunelveli,8.7139,77.7567,Dryland,25.71,30.53,22.69,80.52,4.75,6.31,14.17,36.48
2011-07-16,Tirunelveli,8.7139,77.7567,Dryland,25.07,29.62,22.63,82.12,4.94,4.73,14.15,36.5
2011-07-17,Tirunelveli,8.7139,77.7567,Dryland,24.82,28.99,22.9,82.47,4.47,1.38,18.61,36.51
2011-07-18,Tirunelveli,8.7139,77.7567,Dryland,25.32,29.39,22.77,79.57,5.19,0.48,16.6,36.53
2011-07-19,Tirunelveli,8.7139,77.7567,Dryland,25.48,30.32,22.16,79.29,4.38,0.23,19.44,36.55
2011-07-20,Tirunelveli,8.7139,77.7567,Dryland,25.11,28.64,22.63,81.37,4.71,0.12,17.9,36.57
2011-07-21,Tirunelveli,8.7139,77.7567,Dryland,26.2,31.41,22.66,78.31,4.09,1.28,19.37,36.59
2011-07-22,Tirunelveli,8.7139,77.7567,Dryland,25.89,30.93,23.22,78.48,4.54,1.36,15.67,36.61
2011-07-23,Tirunelveli,8.7139,77.7567,Dryland,25.32,28.45,23.12,84.06,4.13,1.13,16.12,36.63
2011-07-24,Tirunelveli,8.7139,77.7567,Dryland,24.71,27.1,23.07,84.12,4.43,0.81,17.14,36.65
2011-07-25,Tirunelveli,8.7139,77.7567,Dryland,24.63,27.93,22.72,81.93,4.08,0.14,13.71,36.67
2011-07-26,Tirunelveli,8.7139,77.7567,Dryland,25.43,31.72,22.23,78.7,4.39,0.1,16.74,36.69
2011-07-27,Tirunelveli,8.7139,77.7567,Dryland,24.63,27.5,22.62,82.6,4.4,0.11,15.3,36.71
2011-07-28,Tirunelveli,8.7139,77.7567,Dryland,26.17,32.14,22.3,75.74,4.43,0.21,18.27,36.72
2011-07-29,Tirunelveli,8.7139,77.7567,Dryland,25.68,30.65,22.74,74.01,4.67,0.02,18.0,36.74
2011-07-30,Tirunelveli,8.7139,77.7567,Dryland,25.34,28.99,22.77,78.44,3.79,0.01,20.35,36.75
2011-07-31,Tirunelveli,8.7139,77.7567,Dryland,26.13,31.12,23.28,78.88,4.42,0.0,18.71,36.76
2011-08-01,Tirunelveli,8.7139,77.7567,Dryland,26.75,32.27,23.18,74.67,4.72,0.0,22.57,36.78
2011-08-02,Tirunelveli,8.7139,77.7567,Dryland,26.08,30.4,23.54,80.17,4.69,1.15,22.04,36.8
2011-08-03,Tirunelveli,8.7139,77.7567,Dryland,25.08,28.0,23.24,86.23,3.78,4.61,14.62,36.83
2011-08-04,Tirunelveli,8.7139,77.7567,Dryland,25.61,30.39,22.23,79.58,3.54,0.68,17.05,36.86
2011-08-05,Tirunelveli,8.7139,77.7567,Dryland,25.36,29.36,23.18,79.17,4.64,0.3,17.81,36.89
2011-08-06,Tirunelveli,8.7139,77.7567,Dryland,24.7,28.93,22.54,80.21,5.09,6.29,21.0,36.91
2011-08-07,Tirunelveli,8.7139,77.7567,Dryland,25.69,30.9,22.7,77.56,5.3,2.29,21.73,36.94
2011-08-08,Tirunelveli,8.7139,77.7567,Dryland,25.75,30.1,23.42,80.99,4.2,0.41,19.21,36.96
2011-08-09,Tirunelveli,8.7139,77.7567,Dryland,26.29,31.15,23.27,77.25,4.28,0.05,21.72,36.98
2011-08-10,Tirunelveli,8.7139,77.7567,Dryland,26.44,32.08,23.08,75.38,4.62,0.05,24.61,37.01
2011-08-11,Tirunelveli,8.7139,77.7567,Dryland,26.04,30.72,23.23,77.8,4.87,0.15,22.0,37.02
2011-08-12,Tirunelveli,8.7139,77.7567,Dryland,25.54,29.64,22.95,78.05,4.5,0.1,18.52,37.04
2011-08-13,Tirunelveli,8.7139,77.7567,Dryland,26.13,31.41,23.04,73.72,4.42,0.02,20.1,37.06
2011-08-14,Tirunelveli,8.7139,77.7567,Dryland,27.07,33.95,22.77,71.92,3.27,0.0,20.11,37.07
2011-08-15,Tirunelveli,8.7139,77.7567,Dryland,26.86,33.15,22.64,74.71,3.11,0.69,21.13,37.09
2011-08-16,Tirunelveli,8.7139,77.7567,Dryland,26.39,32.03,23.13,74.87,3.71,0.16,19.08,37.1
2011-08-17,Tirunelveli,8.7139,77.7567,Dryland,25.48,30.02,23.08,79.68,3.59,2.2,13.67,37.12
2011-08-18,Tirunelveli,8.7139,77.7567,Dryland,24.9,28.44,22.72,79.8,4.57,0.44,21.35,37.13
2011-08-19,Tirunelveli,8.7139,77.7567,Dryland,25.83,30.92,22.58,75.59,4.54,0.05,19.95,37.14
2011-08-20,Tirunelveli,8.7139,77.7567,Dryland,26.12,31.05,23.29,79.16,4.69,0.01,19.37,37.15
2011-08-21,Tirunelveli,8.7139,77.7567,Dryland,26.29,31.68,23.47,74.76,4.76,0.0,20.55,37.15
2011-08-22,Tirunelveli,8.7139,77.7567,Dryland,25.77,31.17,22.98,77.5,4.37,0.0,19.12,37.16
2011-08-23,Tirunelveli,8.7139,77.7567,Dryland,26.13,30.88,23.28,76.41,4.34,0.01,20.79,37.17
2011-08-24,Tirunelveli,8.7139,77.7567,Dryland,25.73,30.13,23.19,73.12,4.14,0.04,19.94,37.19
2011-08-25,Tirunelveli,8.7139,77.7567,Dryland,25.82,30.94,23.04,76.38,4.25,0.51,19.61,37.2
2011-08-26,Tirunelveli,8.7139,77.7567,Dryland,26.05,30.45,22.99,77.4,3.99,0.86,18.29,37.2
2011-08-27,Tirunelveli,8.7139,77.7567,Dryland,26.03,30.39,23.88,77.08,4.7,0.24,20.1,37.21
2011-08-28,Tirunelveli,8.7139,77.7567,Dryland,25.57,28.14,23.91,82.36,4.14,0.52,16.41,37.2
2011-08-29,Tirunelveli,8.7139,77.7567,Dryland,25.79,29.31,23.64,81.4,4.17,2.35,16.55,37.2
2011-08-30,Tirunelveli,8.7139,77.7567,Dryland,25.8,29.91,23.42,80.99,4.06,5.28,13.98,37.2
2011-08-31,Tirunelveli,8.7139,77.7567,Dryland,25.75,30.55,23.19,80.96,4.48,14.34,20.12,37.2
2011-09-01,Tirunelveli,8.7139,77.7567,Dryland,25.76,30.06,23.58,81.8,4.95,5.22,14.38,37.2
2011-09-02,Tirunelveli,8.7139,77.7567,Dryland,24.84,27.43,23.29,85.56,4.04,0.93,16.48,37.19
2011-09-03,Tirunelveli,8.7139,77.7567,Dryland,24.73,28.15,22.56,82.6,4.0,2.81,16.98,37.19
2011-09-04,Tirunelveli,8.7139,77.7567,Dryland,26.05,30.59,22.95,79.48,3.63,1.28,19.72,37.18
2011-09-05,Tirunelveli,8.7139,77.7567,Dryland,26.62,31.81,23.33,77.36,3.96,0.01,20.32,37.17
2011-09-06,Tirunelveli,8.7139,77.7567,Dryland,25.78,29.83,23.22,79.67,3.71,0.85,19.02,37.16
2011-09-07,Tirunelveli,8.7139,77.7567,Dryland,25.21,28.78,23.02,79.95,3.57,0.22,18.15,37.15
2011-09-08,Tirunelveli,8.7139,77.7567,Dryland,26.61,31.72,22.98,77.98,3.55,0.68,20.81,37.14
2011-09-09,Tirunelveli,8.7139,77.7567,Dryland,26.33,31.42,23.79,77.04,4.19,0.28,21.11,37.13
2011-09-10,Tirunelveli,8.7139,77.7567,Dryland,25.64,29.79,23.41,81.36,4.8,8.06,17.68,37.11
2011-09-11,Tirunelveli,8.7139,77.7567,Dryland,24.77,27.89,22.55,83.74,4.93,3.12,18.04,37.09
2011-09-12,Tirunelveli,8.7139,77.7567,Dryland,25.07,28.93,22.9,82.58,4.56,7.34,17.53,37.08
2011-09-13,Tirunelveli,8.7139,77.7567,Dryland,25.01,29.06,22.81,80.22,5.16,2.54,17.3,37.06
2011-09-14,Tirunelveli,8.7139,77.7567,Dryland,25.59,30.23,22.55,76.67,5.14,1.65,17.54,37.03
2011-09-15,Tirunelveli,8.7139,77.7567,Dryland,25.73,30.64,22.68,79.15,5.05,0.94,15.6,37.01
2011-09-16,Tirunelveli,8.7139,77.7567,Dryland,26.62,31.58,23.75,78.51,4.12,0.16,21.22,36.98
2011-09-17,Tirunelveli,8.7139,77.7567,Dryland,27.12,33.27,23.62,75.77,3.65,0.05,23.21,36.96
2011-09-18,Tirunelveli,8.7139,77.7567,Dryland,26.69,32.37,23.54,76.73,3.43,0.01,22.52,36.93
2011-09-19,Tirunelveli,8.7139,77.7567,Dryland,26.34,30.98,23.54,77.47,3.5,0.76,23.76,36.9
2011-09-20,Tirunelveli,8.7139,77.7567,Dryland,26.09,31.01,23.09,79.81,3.79,2.59,18.94,36.87
2011-09-21,Tirunelveli,8.7139,77.7567,Dryland,25.84,30.66,23.12,80.0,4.09,1.38,17.64,36.84
2011-09-22,Tirunelveli,8.7139,77.7567,Dryland,26.41,31.47,22.88,75.46,3.73,0.1,23.26,36.81
2011-09-23,Tirunelveli,8.7139,77.7567,Dryland,26.01,31.66,21.65,76.39,3.6,0.0,23.96,36.76
2011-09-24,Tirunelveli,8.7139,77.7567,Dryland,27.43,34.4,23.23,69.36,3.95,0.0,24.16,36.71
2011-09-25,Tirunelveli,8.7139,77.7567,Dryland,27.64,34.43,23.01,69.47,3.43,0.0,23.88,36.66
2011-09-26,Tirunelveli,8.7139,77.7567,Dryland,27.66,34.61,23.04,69.43,3.37,0.21,25.2,36.62
2011-09-27,Tirunelveli,8.7139,77.7567,Dryland,27.81,35.04,23.4,69.79,3.99,0.0,23.79,36.57
2011-09-28,Tirunelveli,8.7139,77.7567,Dryland,26.81,32.74,23.22,70.63,3.96,0.0,23.41,36.53
2011-09-29,Tirunelveli,8.7139,77.7567,Dryland,27.51,34.46,21.81,69.79,3.16,0.06,22.67,36.48
2011-09-30,Tirunelveli,8.7139,77.7567,Dryland,27.88,34.62,23.13,71.87,2.68,0.31,19.87,36.44
2011-10-01,Tirunelveli,8.7139,77.7567,Dryland,27.18,32.38,24.08,71.73,2.41,0.12,21.4,36.39
2011-10-02,Tirunelveli,8.7139,77.7567,Dryland,27.63,33.99,23.13,68.83,2.87,0.01,23.75,36.35
2011-10-03,Tirunelveli,8.7139,77.7567,Dryland,28.29,35.85,22.99,68.73,3.29,0.11,24.22,36.31
2011-10-04,Tirunelveli,8.7139,77.7567,Dryland,27.39,33.36,24.02,72.49,3.57,0.3,24.39,36.25
2011-10-05,Tirunelveli,8.7139,77.7567,Dryland,27.61,34.03,22.06,68.59,2.63,0.44,23.26,36.2
2011-10-06,Tirunelveli,8.7139,77.7567,Dryland,27.98,35.23,23.15,67.31,3.32,0.03,22.68,36.14
2011-10-07,Tirunelveli,8.7139,77.7567,Dryland,27.67,34.8,22.61,69.14,3.24,3.41,22.45,36.08
2011-10-08,Tirunelveli,8.7139,77.7567,Dryland,27.52,34.98,22.42,67.35,3.44,0.1,24.44,36.01
2011-10-09,Tirunelveli,8.7139,77.7567,Dryland,27.71,35.44,22.53,65.35,3.54,0.0,24.59,35.95
2011-10-10,Tirunelveli,8.7139,77.7567,Dryland,27.77,34.12,22.87,66.87,3.33,0.0,23.2,35.89
2011-10-11,Tirunelveli,8.7139,77.7567,Dryland,27.19,31.85,24.0,69.09,3.23,0.07,19.47,35.83
2011-10-12,Tirunelveli,8.7139,77.7567,Dryland,27.34,32.01,23.6,69.12,2.43,0.68,20.94,35.76
2011-10-13,Tirunelveli,8.7139,77.7567,Dryland,28.12,34.6,22.92,66.03,1.78,1.72,19.89,35.69
2011-10-14,Tirunelveli,8.7139,77.7567,Dryland,27.0,30.88,24.41,75.47,1.66,1.87,14.95,35.62
2011-10-15,Tirunelveli,8.7139,77.7567,Dryland,27.0,31.18,24.0,77.86,1.73,2.49,18.96,35.55
2011-10-16,Tirunelveli,8.7139,77.7567,Dryland,26.43,30.44,23.74,82.96,2.01,34.45,18.52,35.48
2011-10-17,Tirunelveli,8.7139,77.7567,Dryland,25.41,28.96,22.76,81.97,1.6,13.5,17.3,35.41
2011-10-18,Tirunelveli,8.7139,77.7567,Dryland,25.5,30.77,21.51,76.8,1.39,4.51,19.14,35.34
2011-10-19,Tirunelveli,8.7139,77.7567,Dryland,26.58,32.65,22.42,73.82,1.73,0.48,22.09,35.27
2011-10-20,Tirunelveli,8.7139,77.7567,Dryland,27.18,33.41,23.13,69.84,1.62,0.0,19.87,35.2
2011-10-21,Tirunelveli,8.7139,77.7567,Dryland,27.42,32.97,23.24,73.22,1.03,0.46,21.21,35.13
2011-10-22,Tirunelveli,8.7139,77.7567,Dryland,26.74,31.36,24.23,76.16,1.26,0.62,16.32,35.05
2011-10-23,Tirunelveli,8.7139,77.7567,Dryland,25.15,28.59,23.22,81.26,1.58,1.82,11.27,34.97
2011-10-24,Tirunelveli,8.7139,77.7567,Dryland,26.15,32.0,21.98,78.81,2.07,8.25,17.06,34.89
2011-10-25,Tirunelveli,8.7139,77.7567,Dryland,24.79,28.22,22.58,84.16,2.5,11.39,11.64,34.81
2011-10-26,Tirunelveli,8.7139,77.7567,Dryland,24.41,26.57,23.15,90.64,3.13,28.92,11.11,34.73
2011-10-27,Tirunelveli,8.7139,77.7567,Dryland,25.12,29.05,22.96,85.71,1.63,14.47,10.96,34.65
2011-10-28,Tirunelveli,8.7139,77.7567,Dryland,25.08,29.43,22.42,86.76,2.55,6.71,15.39,34.57
2011-10-29,Tirunelveli,8.7139,77.7567,Dryland,24.46,27.18,22.3,89.9,3.05,5.79,11.49,34.49
2011-10-30,Tirunelveli,8.7139,77.7567,Dryland,24.03,27.7,21.7,87.82,2.57,27.45,10.06,34.41
2011-10-31,Tirunelveli,8.7139,77.7567,Dryland,24.46,27.83,22.4,88.88,2.67,21.73,8.98,34.33
2011-11-01,Tirunelveli,8.7139,77.7567,Dryland,24.12,26.23,22.9,92.86,2.05,10.77,7.99,34.26
2011-11-02,Tirunelveli,8.7139,77.7567,Dryland,23.89,26.23,22.25,91.37,1.43,2.92,10.05,34.18
2011-11-03,Tirunelveli,8.7139,77.7567,Dryland,24.08,27.32,22.06,88.87,1.32,1.76,12.87,34.09
2011-11-04,Tirunelveli,8.7139,77.7567,Dryland,24.26,27.76,21.41,84.67,1.4,0.35,18.79,34.01
2011-11-05,Tirunelveli,8.7139,77.7567,Dryland,25.49,29.64,22.34,81.5,1.32,0.01,17.74,33.92
2011-11-06,Tirunelveli,8.7139,77.7567,Dryland,24.91,27.43,22.87,87.51,0.93,15.92,17.92,33.83
2011-11-07,Tirunelveli,8.7139,77.7567,Dryland,25.24,29.34,21.49,85.8,1.14,14.61,16.27,33.75
2011-11-08,Tirunelveli,8.7139,77.7567,Dryland,24.0,28.32,20.4,83.87,2.2,1.43,21.19,33.68
2011-11-09,Tirunelveli,8.7139,77.7567,Dryland,22.59,27.97,18.0,80.93,2.46,0.0,22.65,33.6
2011-11-10,Tirunelveli,8.7139,77.7567,Dryland,22.54,28.57,17.07,76.06,1.87,0.0,22.4,33.53
2011-11-11,Tirunelveli,8.7139,77.7567,Dryland,23.74,28.39,18.3,75.05,1.57,0.0,17.59,33.46
2011-11-12,Tirunelveli,8.7139,77.7567,Dryland,24.06,29.58,18.61,77.38,1.44,0.0,21.02,33.39
2011-11-13,Tirunelveli,8.7139,77.7567,Dryland,24.94,29.91,21.4,84.0,1.58,0.0,19.75,33.32
2011-11-14,Tirunelveli,8.7139,77.7567,Dryland,25.07,29.48,21.72,85.3,2.29,9.1,17.31,33.24
2011-11-15,Tirunelveli,8.7139,77.7567,Dryland,24.53,29.19,21.0,84.25,2.74,0.68,20.06,33.16
2011-11-16,Tirunelveli,8.7139,77.7567,Dryland,24.65,30.78,19.26,80.35,1.85,0.11,21.68,33.09
2011-11-17,Tirunelveli,8.7139,77.7567,Dryland,24.73,28.81,21.32,82.68,2.49,0.23,14.23,33.02
2011-11-18,Tirunelveli,8.7139,77.7567,Dryland,25.28,28.67,22.78,85.91,2.9,5.41,10.82,32.94
2011-11-19,Tirunelveli,8.7139,77.7567,Dryland,24.94,29.31,21.99,84.66,3.77,1.43,14.64,32.87
2011-11-20,Tirunelveli,8.7139,77.7567,Dryland,24.11,27.57,21.02,80.44,4.14,0.78,8.87,32.8
2011-11-21,Tirunelveli,8.7139,77.7567,Dryland,24.59,28.5,21.23,83.47,3.98,1.33,8.61,32.73
2011-11-22,Tirunelveli,8.7139,77.7567,Dryland,24.84,28.53,22.21,81.09,4.38,0.13,17.54,32.65
2011-11-23,Tirunelveli,8.7139,77.7567,Dryland,24.92,29.47,20.65,80.17,4.11,0.44,17.73,32.59
2011-11-24,Tirunelveli,8.7139,77.7567,Dryland,25.4,29.66,22.4,84.82,4.39,2.5,10.88,32.52
2011-11-25,Tirunelveli,8.7139,77.7567,Dryland,24.67,26.04,23.74,92.36,5.14,29.35,8.54,32.46
2011-11-26,Tirunelveli,8.7139,77.7567,Dryland,25.09,27.54,24.09,91.63,6.05,35.97,6.81,32.39
2011-11-27,Tirunelveli,8.7139,77.7567,Dryland,24.51,26.27,23.25,94.12,2.22,35.27,8.52,32.34
2011-11-28,Tirunelveli,8.7139,77.7567,Dryland,24.24,26.75,22.41,87.69,1.39,2.06,15.72,32.29
2011-11-29,Tirunelveli,8.7139,77.7567,Dryland,24.61,28.08,21.53,86.91,1.13,0.13,17.04,32.23
2011-11-30,Tirunelveli,8.7139,77.7567,Dryland,25.42,29.64,22.43,88.51,2.07,1.13,13.73,32.18
2011-12-01,Tirunelveli,8.7139,77.7567,Dryland,24.65,27.22,22.62,90.56,1.68,2.0,8.06,32.13
2011-12-02,Tirunelveli,8.7139,77.7567,Dryland,24.76,28.16,22.62,88.36,1.69,3.02,13.93,32.08
2011-12-03,Tirunelveli,8.7139,77.7567,Dryland,24.96,29.05,22.07,87.08,1.05,2.43,11.86,32.03
2011-12-04,Tirunelveli,8.7139,77.7567,Dryland,25.11,28.81,22.6,85.87,0.89,2.12,16.44,31.98
2011-12-05,Tirunelveli,8.7139,77.7567,Dryland,24.27,28.27,20.94,85.78,1.91,0.49,15.82,31.94
2011-12-06,Tirunelveli,8.7139,77.7567,Dryland,23.18,27.88,19.04,86.31,2.55,0.01,18.96,31.91
2011-12-07,Tirunelveli,8.7139,77.7567,Dryland,22.26,27.25,18.33,84.9,2.92,0.0,18.98,31.87
2011-12-08,Tirunelveli,8.7139,77.7567,Dryland,22.38,27.73,17.27,84.7,2.57,0.01,20.29,31.84
2011-12-09,Tirunelveli,8.7139,77.7567,Dryland,23.99,28.63,20.26,87.85,2.34,0.01,17.92,31.81
2011-12-10,Tirunelveli,8.7139,77.7567,Dryland,24.69,28.91,21.7,86.93,2.23,0.29,17.42,31.78
2011-12-11,Tirunelveli,8.7139,77.7567,Dryland,24.32,27.39,21.47,88.99,2.46,1.79,18.1,31.75
2011-12-12,Tirunelveli,8.7139,77.7567,Dryland,23.15,26.16,21.75,90.5,2.55,2.28,13.69,31.73
2011-12-13,Tirunelveli,8.7139,77.7567,Dryland,23.84,26.72,21.13,87.14,3.18,0.16,14.11,31.7
2011-12-14,Tirunelveli,8.7139,77.7567,Dryland,24.43,28.15,21.97,86.58,3.27,0.17,14.89,31.68
2011-12-15,Tirunelveli,8.7139,77.7567,Dryland,24.06,27.43,22.04,87.62,2.9,1.84,17.61,31.67
2011-12-16,Tirunelveli,8.7139,77.7567,Dryland,23.91,27.63,21.25,82.38,3.66,3.23,14.77,31.65
2011-12-17,Tirunelveli,8.7139,77.7567,Dryland,23.21,28.45,18.86,80.28,3.1,0.0,19.97,31.64
2011-12-18,Tirunelveli,8.7139,77.7567,Dryland,22.94,27.29,19.27,82.77,4.16,1.15,15.15,31.63
2011-12-19,Tirunelveli,8.7139,77.7567,Dryland,22.64,26.76,20.21,86.54,3.32,4.7,7.43,31.62
2011-12-20,Tirunelveli,8.7139,77.7567,Dryland,22.4,26.22,19.88,83.48,3.56,0.72,11.39,31.62
2011-12-21,Tirunelveli,8.7139,77.7567,Dryland,22.92,26.99,19.43,79.35,3.25,0.0,18.42,31.61
2011-12-22,Tirunelveli,8.7139,77.7567,Dryland,22.61,26.48,19.59,81.87,2.84,0.02,17.82,31.61
2011-12-23,Tirunelveli,8.7139,77.7567,Dryland,22.73,27.58,19.37,81.24,2.34,0.01,14.95,31.62
2011-12-24,Tirunelveli,8.7139,77.7567,Dryland,23.86,29.84,18.95,80.16,2.2,29.48,19.27,31.63
2011-12-25,Tirunelveli,8.7139,77.7567,Dryland,22.63,28.76,17.41,79.27,2.16,0.31,21.45,31.64
2011-12-26,Tirunelveli,8.7139,77.7567,Dryland,22.94,29.51,16.33,71.81,1.74,0.0,19.81,31.65
2011-12-27,Tirunelveli,8.7139,77.7567,Dryland,23.11,28.8,18.41,77.38,1.18,0.0,16.97,31.67
2011-12-28,Tirunelveli,8.7139,77.7567,Dryland,23.44,29.57,18.91,81.7,1.61,0.0,16.81,31.69
2011-12-29,Tirunelveli,8.7139,77.7567,Dryland,23.68,30.07,18.74,82.54,2.39,0.0,17.89,31.72
2011-12-30,Tirunelveli,8.7139,77.7567,Dryland,24.43,29.57,20.58,86.4,2.73,29.32,14.7,31.75
2011-12-31,Tirunelveli,8.7139,77.7567,Dryland,24.2,27.71,21.64,88.85,1.82,50.4,11.06,31.77
2012-01-01,Tirunelveli,8.7139,77.7567,Dryland,23.23,28.19,18.62,85.52,1.71,0.77,20.38,31.8
2012-01-02,Tirunelveli,8.7139,77.7567,Dryland,22.74,28.63,18.03,84.54,1.4,0.0,22.08,31.83
2012-01-03,Tirunelveli,8.7139,77.7567,Dryland,23.6,29.02,19.15,85.62,1.9,0.0,21.74,31.87
2012-01-04,Tirunelveli,8.7139,77.7567,Dryland,24.76,29.56,20.87,87.03,2.37,0.0,18.86,31.91
2012-01-05,Tirunelveli,8.7139,77.7567,Dryland,24.7,29.05,21.69,85.61,2.94,0.0,16.12,31.96
2012-01-06,Tirunelveli,8.7139,77.7567,Dryland,24.32,29.31,20.78,84.61,3.1,0.0,19.31,32.0
2012-01-07,Tirunelveli,8.7139,77.7567,Dryland,23.61,28.71,19.45,83.22,2.95,0.01,19.81,32.04
2012-01-08,Tirunelveli,8.7139,77.7567,Dryland,24.31,29.31,20.71,85.23,3.25,0.16,12.61,32.09
2012-01-09,Tirunelveli,8.7139,77.7567,Dryland,25.11,29.52,21.97,84.32,2.23,0.04,18.3,32.14
2012-01-10,Tirunelveli,8.7139,77.7567,Dryland,24.78,29.17,21.56,84.74,1.93,2.75,18.06,32.2
2012-01-11,Tirunelveli,8.7139,77.7567,Dryland,24.02,29.33,19.8,82.73,1.55,8.28,14.28,32.25
2012-01-12,Tirunelveli,8.7139,77.7567,Dryland,23.9,29.39,20.32,81.25,2.4,0.55,18.26,32.31
2012-01-13,Tirunelveli,8.7139,77.7567,Dryland,24.01,29.23,20.05,80.28,3.15,0.0,19.4,32.37
2012-01-14,Tirunelveli,8.7139,77.7567,Dryland,23.62,29.1,19.81,79.52,3.3,0.0,18.69,32.43
2012-01-15,Tirunelveli,8.7139,77.7567,Dryland,22.31,28.75,17.72,74.76,3.44,0.0,19.25,32.5
2012-01-16,Tirunelveli,8.7139,77.7567,Dryland,21.35,28.25,15.47,74.39,2.82,0.0,21.9,32.56
2012-01-17,Tirunelveli,8.7139,77.7567,Dryland,21.77,28.72,15.62,74.22,2.25,0.0,20.62,32.63
2012-01-18,Tirunelveli,8.7139,77.7567,Dryland,22.7,29.97,15.96,70.62,1.42,0.0,22.48,32.69
2012-01-19,Tirunelveli,8.7139,77.7567,Dryland,23.74,30.29,18.04,71.24,1.12,0.0,22.51,32.76
2012-01-20,Tirunelveli,8.7139,77.7567,Dryland,23.62,30.6,17.79,74.41,1.4,0.0,22.15,32.83
2012-01-21,Tirunelveli,8.7139,77.7567,Dryland,23.65,30.44,18.29,74.88,1.88,0.0,22.2,32.9
2012-01-22,Tirunelveli,8.7139,77.7567,Dryland,22.97,30.21,17.72,72.04,2.82,0.0,22.54,32.98
2012-01-23,Tirunelveli,8.7139,77.7567,Dryland,22.64,29.9,16.29,75.12,3.14,0.0,23.28,33.07
2012-01-24,Tirunelveli,8.7139,77.7567,Dryland,22.89,30.17,16.86,72.22,2.7,0.0,22.91,33.15
2012-01-25,Tirunelveli,8.7139,77.7567,Dryland,22.56,29.96,16.34,70.34,2.51,0.0,22.93,33.23
2012-01-26,Tirunelveli,8.7139,77.7567,Dryland,23.24,31.21,16.66,71.93,2.39,0.0,22.85,33.31
2012-01-27,Tirunelveli,8.7139,77.7567,Dryland,24.17,30.83,18.71,75.4,2.05,0.03,21.7,33.39
2012-01-28,Tirunelveli,8.7139,77.7567,Dryland,24.81,31.19,20.28,74.19,2.29,0.0,20.39,33.48
2012-01-29,Tirunelveli,8.7139,77.7567,Dryland,24.85,31.24,19.47,72.52,2.23,0.0,17.84,33.56
2012-01-30,Tirunelveli,8.7139,77.7567,Dryland,24.53,30.87,19.32,70.7,3.15,0.0,19.53,33.65
2012-01-31,Tirunelveli,8.7139,77.7567,Dryland,24.04,30.24,18.66,71.2,3.41,0.0,21.15,33.73
2012-02-01,Tirunelveli,8.7139,77.7567,Dryland,23.93,30.49,18.6,70.39,3.8,0.0,20.09,33.81
2012-02-02,Tirunelveli,8.7139,77.7567,Dryland,24.1,30.63,18.29,70.41,4.06,0.0,18.26,33.9
2012-02-03,Tirunelveli,8.7139,77.7567,Dryland,24.92,31.09,20.37,70.81,4.42,0.0,16.8,33.99
2012-02-04,Tirunelveli,8.7139,77.7567,Dryland,25.62,32.64,20.08,67.92,3.34,0.0,18.66,34.08
2012-02-05,Tirunelveli,8.7139,77.7567,Dryland,25.87,32.13,20.65,71.21,3.0,0.0,18.78,34.17
2012-02-06,Tirunelveli,8.7139,77.7567,Dryland,24.93,29.26,22.05,77.58,2.76,0.0,14.58,34.26
2012-02-07,Tirunelveli,8.7139,77.7567,Dryland,26.02,32.21,21.75,73.64,3.27,0.0,18.41,34.35
2012-02-08,Tirunelveli,8.7139,77.7567,Dryland,25.38,29.4,22.78,78.91,3.03,0.01,18.91,34.43
2012-02-09,Tirunelveli,8.7139,77.7567,Dryland,26.5,32.66,22.68,77.45,2.45,0.07,16.67,34.52
2012-02-10,Tirunelveli,8.7139,77.7567,Dryland,24.42,26.58,22.99,88.71,2.1,2.98,14.31,34.6
2012-02-11,Tirunelveli,8.7139,77.7567,Dryland,26.41,33.59,22.08,72.5,2.27,0.51,19.96,34.69
2012-02-12,Tirunelveli,8.7139,77.7567,Dryland,25.77,33.22,21.01,70.87,2.91,0.03,21.43,34.78
2012-02-13,Tirunelveli,8.7139,77.7567,Dryland,25.98,33.51,21.19,70.07,3.33,0.0,22.81,34.87
2012-02-14,Tirunelveli,8.7139,77.7567,Dryland,26.72,34.19,21.13,68.45,2.85,0.0,21.76,34.96
2012-02-15,Tirunelveli,8.7139,77.7567,Dryland,25.91,31.63,22.22,72.24,1.89,0.01,16.05,35.05
2012-02-16,Tirunelveli,8.7139,77.7567,Dryland,26.52,33.98,20.81,68.18,1.79,0.0,20.48,35.13
2012-02-17,Tirunelveli,8.7139,77.7567,Dryland,26.31,33.88,21.16,65.75,2.12,0.0,21.72,35.22
2012-02-18,Tirunelveli,8.7139,77.7567,Dryland,25.34,31.36,21.34,71.8,3.18,0.0,21.81,35.3
2012-02-19,Tirunelveli,8.7139,77.7567,Dryland,25.26,33.45,18.44,70.19,3.38,0.0,22.92,35.39
2012-02-20,Tirunelveli,8.7139,77.7567,Dryland,26.01,34.72,20.03,67.86,2.71,0.0,23.88,35.46
2012-02-21,Tirunelveli,8.7139,77.7567,Dryland,25.67,34.56,17.96,65.18,2.71,0.0,24.44,35.55
2012-02-22,Tirunelveli,8.7139,77.7567,Dryland,24.96,32.08,19.53,65.58,2.7,0.0,18.93,35.63
2012-02-23,Tirunelveli,8.7139,77.7567,Dryland,25.22,33.48,18.7,66.02,3.14,0.0,23.23,35.72
2012-02-24,Tirunelveli,8.7139,77.7567,Dryland,24.62,32.84,19.53,65.38,3.03,0.0,24.57,35.8
2012-02-25,Tirunelveli,8.7139,77.7567,Dryland,25.8,34.03,18.77,62.16,3.76,0.0,24.44,35.88
2012-02-26,Tirunelveli,8.7139,77.7567,Dryland,26.54,35.24,19.2,59.61,3.0,0.0,24.5,35.96
2012-02-27,Tirunelveli,8.7139,77.7567,Dryland,27.2,35.71,20.28,60.5,2.96,0.0,24.09,36.04
2012-02-28,Tirunelveli,8.7139,77.7567,Dryland,25.56,29.19,22.53,68.72,1.34,0.0,20.99,36.11
2012-02-29,Tirunelveli,8.7139,77.7567,Dryland,28.37,35.68,22.31,62.87,1.56,0.0,20.97,36.19
2012-03-01,Tirunelveli,8.7139,77.7567,Dryland,29.13,37.15,23.41,60.1,1.69,0.0,22.13,36.26
2012-03-02,Tirunelveli,8.7139,77.7567,Dryland,29.35,37.78,23.52,60.68,1.84,0.0,21.51,36.33
2012-03-03,Tirunelveli,8.7139,77.7567,Dryland,28.92,35.84,24.34,63.22,2.47,0.0,21.06,36.4
2012-03-04,Tirunelveli,8.7139,77.7567,Dryland,29.1,36.97,22.7,56.96,2.25,0.0,20.57,36.46
2012-03-05,Tirunelveli,8.7139,77.7567,Dryland,28.06,35.63,22.79,60.99,1.73,0.0,18.97,36.52
2012-03-06,Tirunelveli,8.7139,77.7567,Dryland,28.81,35.84,23.29,58.65,1.21,0.0,22.56,36.57
2012-03-07,Tirunelveli,8.7139,77.7567,Dryland,28.88,36.88,22.75,62.01,2.53,0.01,19.65,36.62
2012-03-08,Tirunelveli,8.7139,77.7567,Dryland,28.44,35.21,23.77,63.45,4.03,0.0,18.88,36.69
2012-03-09,Tirunelveli,8.7139,77.7567,Dryland,28.58,34.95,24.62,56.9,2.19,0.0,19.49,36.75
2012-03-10,Tirunelveli,8.7139,77.7567,Dryland,29.5,36.71,23.54,52.91,1.45,0.0,18.38,36.82
2012-03-11,Tirunelveli,8.7139,77.7567,Dryland,28.71,35.54,23.76,55.63,2.22,1.58,19.87,36.89
2012-03-12,Tirunelveli,8.7139,77.7567,Dryland,27.26,33.22,23.42,68.34,2.77,3.86,12.79,36.95
2012-03-13,Tirunelveli,8.7139,77.7567,Dryland,25.75,29.03,23.54,81.7,2.19,5.39,14.52,37.0
2012-03-14,Tirunelveli,8.7139,77.7567,Dryland,26.28,31.92,22.81,76.09,2.21,3.85,18.92,37.05
2012-03-15,Tirunelveli,8.7139,77.7567,Dryland,26.97,33.92,22.17,72.53,2.02,4.47,14.18,37.1
2012-03-16,Tirunelveli,8.7139,77.7567,Dryland,28.07,34.95,22.53,68.76,1.64,0.45,21.41,37.15
2012-03-17,Tirunelveli,8.7139,77.7567,Dryland,28.53,35.86,22.93,64.53,1.72,0.04,23.99,37.19
2012-03-18,Tirunelveli,8.7139,77.7567,Dryland,28.52,36.7,21.78,61.84,1.51,0.0,24.35,37.24
2012-03-19,Tirunelveli,8.7139,77.7567,Dryland,29.16,37.61,23.34,62.31,1.75,0.0,24.22,37.28
2012-03-20,Tirunelveli,8.7139,77.7567,Dryland,29.47,37.86,23.78,62.32,2.05,0.0,24.52,37.32
2012-03-21,Tirunelveli,8.7139,77.7567,Dryland,29.31,37.07,23.88,62.09,2.03,0.0,23.94,37.36
2012-03-22,Tirunelveli,8.7139,77.7567,Dryland,29.69,37.03,24.37,60.42,2.1,0.18,22.14,37.4
2012-03-23,Tirunelveli,8.7139,77.7567,Dryland,29.71,37.67,24.64,55.95,1.84,0.02,23.91,37.43
2012-03-24,Tirunelveli,8.7139,77.7567,Dryland,28.78,37.29,22.82,55.23,1.84,0.0,24.55,37.47
2012-03-25,Tirunelveli,8.7139,77.7567,Dryland,27.7,36.12,20.38,45.92,2.34,0.0,25.87,37.5
2012-03-26,Tirunelveli,8.7139,77.7567,Dryland,27.69,36.35,20.6,45.84,2.26,0.0,24.31,37.52
2012-03-27,Tirunelveli,8.7139,77.7567,Dryland,28.02,35.25,22.23,60.72,2.02,0.28,21.17,37.55
2012-03-28,Tirunelveli,8.7139,77.7567,Dryland,29.09,36.54,23.28,60.27,1.71,0.42,21.57,37.57
2012-03-29,Tirunelveli,8.7139,77.7567,Dryland,29.1,35.89,24.99,61.88,1.43,4.4,21.84,37.6
2012-03-30,Tirunelveli,8.7139,77.7567,Dryland,27.93,33.56,24.0,70.1,2.89,0.67,18.8,37.62
2012-03-31,Tirunelveli,8.7139,77.7567,Dryland,29.26,36.57,23.26,66.8,1.42,7.07,18.68,37.65
2012-04-01,Tirunelveli,8.7139,77.7567,Dryland,28.44,35.31,23.47,69.29,1.42,6.34,22.04,37.66
2012-04-02,Tirunelveli,8.7139,77.7567,Dryland,26.92,31.84,23.48,73.65,1.22,0.97,19.63,37.68
2012-04-03,Tirunelveli,8.7139,77.7567,Dryland,28.0,35.47,21.85,67.27,1.69,0.04,24.67,37.69
2012-04-04,Tirunelveli,8.7139,77.7567,Dryland,28.85,36.02,23.61,64.39,1.4,0.09,24.67,37.7
2012-04-05,Tirunelveli,8.7139,77.7567,Dryland,29.44,37.21,23.03,62.76,2.08,0.02,24.99,37.71
2012-04-06,Tirunelveli,8.7139,77.7567,Dryland,29.84,37.34,24.15,62.21,2.48,0.02,23.77,37.72
2012-04-07,Tirunelveli,8.7139,77.7567,Dryland,30.36,38.45,24.85,58.88,2.03,0.0,25.09,37.73
2012-04-08,Tirunelveli,8.7139,77.7567,Dryland,30.31,38.12,25.18,60.07,1.96,0.19,23.62,37.73
2012-04-09,Tirunelveli,8.7139,77.7567,Dryland,29.55,35.86,25.22,62.66,2.06,0.04,23.41,37.74
2012-04-10,Tirunelveli,8.7139,77.7567,Dryland,30.29,38.26,25.08,59.28,2.05,0.0,21.26,37.74
2012-04-11,Tirunelveli,8.7139,77.7567,Dryland,30.15,37.07,25.43,60.01,2.04,0.06,21.29,37.74
2012-04-12,Tirunelveli,8.7139,77.7567,Dryland,29.8,36.5,25.26,61.71,2.12,3.43,18.45,37.73
2012-04-13,Tirunelveli,8.7139,77.7567,Dryland,28.49,33.01,25.32,67.54,1.47,0.8,17.3,37.73
2012-04-14,Tirunelveli,8.7139,77.7567,Dryland,27.95,32.65,24.72,73.14,0.95,4.83,19.07,37.73
2012-04-15,Tirunelveli,8.7139,77.7567,Dryland,27.06,30.61,24.28,78.21,0.78,4.81,19.33,37.72
2012-04-16,Tirunelveli,8.7139,77.7567,Dryland,27.06,31.66,23.34,75.2,1.29,0.41,21.29,37.72
2012-04-17,Tirunelveli,8.7139,77.7567,Dryland,27.95,33.1,24.19,70.65,2.79,0.0,20.12,37.71
2012-04-18,Tirunelveli,8.7139,77.7567,Dryland,27.33,31.28,24.52,74.97,2.95,0.0,19.9,37.69
2012-04-19,Tirunelveli,8.7139,77.7567,Dryland,27.77,32.52,23.57,70.97,2.35,0.0,22.1,37.67
2012-04-20,Tirunelveli,8.7139,77.7567,Dryland,28.2,33.03,24.66,71.08,1.9,0.19,19.03,37.65
2012-04-21,Tirunelveli,8.7139,77.7567,Dryland,30.04,37.95,23.59,61.02,2.82,0.09,19.7,37.63
2012-04-22,Tirunelveli,8.7139,77.7567,Dryland,28.57,32.58,25.86,72.64,3.16,0.15,20.92,37.61
2012-04-23,Tirunelveli,8.7139,77.7567,Dryland,28.16,31.47,26.01,76.07,3.0,0.39,17.26,37.6
2012-04-24,Tirunelveli,8.7139,77.7567,Dryland,26.94,29.34,25.1,84.9,2.34,19.35,6.84,37.6
2012-04-25,Tirunelveli,8.7139,77.7567,Dryland,26.92,30.85,24.38,79.2,2.38,3.07,14.12,37.59
2012-04-26,Tirunelveli,8.7139,77.7567,Dryland,27.14,31.24,24.68,77.86,2.74,1.65,10.6,37.57
2012-04-27,Tirunelveli,8.7139,77.7567,Dryland,26.62,29.67,24.34,82.45,3.17,7.17,16.52,37.55
2012-04-28,Tirunelveli,8.7139,77.7567,Dryland,27.06,31.0,25.11,80.29,3.23,2.87,18.44,37.53
2012-04-29,Tirunelveli,8.7139,77.7567,Dryland,26.61,29.98,24.35,85.36,2.68,13.05,19.05,37.51
2012-04-30,Tirunelveli,8.7139,77.7567,Dryland,26.45,29.95,24.09,81.95,3.06,6.24,18.83,37.48
2012-05-01,Tirunelveli,8.7139,77.7567,Dryland,26.52,30.28,24.15,79.57,2.83,1.38,22.79,37.45
2012-05-02,Tirunelveli,8.7139,77.7567,Dryland,27.15,31.68,24.12,75.57,3.13,0.08,21.92,37.43
2012-05-03,Tirunelveli,8.7139,77.7567,Dryland,27.02,31.98,23.98,77.95,3.6,4.42,21.36,37.4
2012-05-04,Tirunelveli,8.7139,77.7567,Dryland,26.67,31.53,23.69,79.36,3.84,2.32,20.75,37.38
2012-05-05,Tirunelveli,8.7139,77.7567,Dryland,26.8,30.76,24.44,78.77,4.51,0.76,19.73,37.36
2012-05-06,Tirunelveli,8.7139,77.7567,Dryland,27.94,34.27,24.03,71.22,3.97,0.13,23.21,37.32
2012-05-07,Tirunelveli,8.7139,77.7567,Dryland,29.14,36.74,24.07,66.94,3.02,0.21,24.28,37.29
2012-05-08,Tirunelveli,8.7139,77.7567,Dryland,28.22,35.28,23.93,70.83,3.34,1.24,23.77,37.26
2012-05-09,Tirunelveli,8.7139,77.7567,Dryland,27.66,32.98,24.07,73.78,3.18,8.09,21.01,37.22
2012-05-10,Tirunelveli,8.7139,77.7567,Dryland,27.91,35.02,22.18,71.16,2.91,0.39,21.88,37.19
2012-05-11,Tirunelveli,8.7139,77.7567,Dryland,26.96,30.93,24.22,82.1,3.21,32.74,18.94,37.16
2012-05-12,Tirunelveli,8.7139,77.7567,Dryland,26.8,30.8,24.31,81.81,3.53,10.08,21.17,37.14
2012-05-13,Tirunelveli,8.7139,77.7567,Dryland,27.73,33.01,23.9,76.54,3.19,0.01,23.01,37.12
2012-05-14,Tirunelveli,8.7139,77.7567,Dryland,27.78,32.81,24.4,77.03,3.05,0.0,23.28,37.1
2012-05-15,Tirunelveli,8.7139,77.7567,Dryland,26.99,30.49,24.5,81.05,3.22,0.2,22.82,37.07
2012-05-16,Tirunelveli,8.7139,77.7567,Dryland,26.93,30.55,24.49,83.04,3.33,4.55,23.84,37.04
2012-05-17,Tirunelveli,8.7139,77.7567,Dryland,26.95,30.98,24.38,81.05,3.61,0.7,22.35,37.01
2012-05-18,Tirunelveli,8.7139,77.7567,Dryland,27.28,31.15,24.33,82.09,2.96,0.0,22.22,36.97
2012-05-19,Tirunelveli,8.7139,77.7567,Dryland,27.28,31.57,24.8,81.59,3.66,0.0,20.96,36.94
2012-05-20,Tirunelveli,8.7139,77.7567,Dryland,27.24,31.37,24.71,82.45,3.23,0.01,19.59,36.91
2012-05-21,Tirunelveli,8.7139,77.7567,Dryland,25.97,29.21,23.27,78.26,4.12,0.01,18.36,36.89
2012-05-22,Tirunelveli,8.7139,77.7567,Dryland,26.18,30.91,23.25,81.14,3.73,0.0,20.35,36.87
2012-05-23,Tirunelveli,8.7139,77.7567,Dryland,26.65,30.48,23.63,80.09,3.27,0.06,19.92,36.84
2012-05-24,Tirunelveli,8.7139,77.7567,Dryland,27.26,31.59,24.75,77.28,4.34,0.02,19.11,36.81
2012-05-25,Tirunelveli,8.7139,77.7567,Dryland,26.48,29.59,24.75,82.14,3.54,0.0,18.84,36.78
2012-05-26,Tirunelveli,8.7139,77.7567,Dryland,26.0,28.99,24.29,83.04,3.29,0.0,19.57,36.75
2012-05-27,Tirunelveli,8.7139,77.7567,Dryland,26.3,29.33,24.25,81.4,4.14,0.0,19.07,36.73
2012-05-28,Tirunelveli,8.7139,77.7567,Dryland,27.25,31.7,24.8,79.14,4.51,0.86,18.95,36.7
2012-05-29,Tirunelveli,8.7139,77.7567,Dryland,27.01,30.41,24.69,79.46,4.12,0.84,20.31,36.67
2012-05-30,Tirunelveli,8.7139,77.7567,Dryland,26.85,30.04,24.71,78.9,4.28,0.3,17.13,36.65
2012-05-31,Tirunelveli,8.7139,77.7567,Dryland,27.07,31.05,24.74,78.53,4.49,0.22,18.72,36.63
2012-06-01,Tirunelveli,8.7139,77.7567,Dryland,27.05,31.04,24.77,78.07,4.22,0.06,20.23,36.61
2012-06-02,Tirunelveli,8.7139,77.7567,Dryland,27.21,31.17,24.61,78.53,4.41,0.02,20.96,36.59
2012-06-03,Tirunelveli,8.7139,77.7567,Dryland,27.29,30.95,24.93,79.23,4.76,0.6,21.6,36.57
2012-06-04,Tirunelveli,8.7139,77.7567,Dryland,27.05,30.48,25.22,77.9,4.97,0.36,23.55,36.54
2012-06-05,Tirunelveli,8.7139,77.7567,Dryland,27.57,32.67,24.35,72.73,5.25,1.27,21.81,36.51
2012-06-06,Tirunelveli,8.7139,77.7567,Dryland,26.43,29.96,24.21,82.22,4.78,4.74,16.75,36.48
2012-06-07,Tirunelveli,8.7139,77.7567,Dryland,25.44,27.84,23.81,83.64,4.83,1.33,16.33,36.47
2012-06-08,Tirunelveli,8.7139,77.7567,Dryland,26.45,30.81,22.85,75.81,4.48,0.21,20.89,36.46
2012-06-09,Tirunelveli,8.7139,77.7567,Dryland,26.56,30.45,23.59,80.03,4.91,0.0,17.87,36.45
2012-06-10,Tirunelveli,8.7139,77.7567,Dryland,26.76,30.52,24.72,79.09,4.89,0.0,18.59,36.44
2012-06-11,Tirunelveli,8.7139,77.7567,Dryland,27.35,32.57,24.2,74.1,4.72,0.0,17.71,36.42
2012-06-12,Tirunelveli,8.7139,77.7567,Dryland,27.09,31.76,23.62,76.03,4.44,0.64,17.72,36.4
2012-06-13,Tirunelveli,8.7139,77.7567,Dryland,26.35,31.46,23.19,73.66,4.23,1.02,16.58,36.37
2012-06-14,Tirunelveli,8.7139,77.7567,Dryland,24.89,28.27,22.71,81.79,4.09,4.92,19.1,36.35
2012-06-15,Tirunelveli,8.7139,77.7567,Dryland,25.39,28.91,22.85,83.78,4.52,1.97,20.13,36.33
2012-06-16,Tirunelveli,8.7139,77.7567,Dryland,26.17,30.71,23.67,80.59,5.06,3.89,18.55,36.33
2012-06-17,Tirunelveli,8.7139,77.7567,Dryland,26.03,30.58,23.41,77.75,5.46,2.33,15.52,36.33
2012-06-18,Tirunelveli,8.7139,77.7567,Dryland,25.61,28.88,23.43,80.96,4.49,0.72,13.52,36.33
2012-06-19,Tirunelveli,8.7139,77.7567,Dryland,26.24,30.03,23.94,79.48,4.46,1.58,17.13,36.32
2012-06-20,Tirunelveli,8.7139,77.7567,Dryland,25.85,29.53,24.1,81.61,4.65,0.83,15.72,36.32
2012-06-21,Tirunelveli,8.7139,77.7567,Dryland,25.9,29.77,23.79,80.46,4.18,0.39,17.7,36.31
2012-06-22,Tirunelveli,8.7139,77.7567,Dryland,25.82,29.29,23.57,81.9,3.9,2.75,17.87,36.31
2012-06-23,Tirunelveli,8.7139,77.7567,Dryland,26.49,31.26,23.47,78.62,4.4,0.76,18.61,36.3
2012-06-24,Tirunelveli,8.7139,77.7567,Dryland,26.72,31.78,23.62,76.56,3.78,0.16,22.9,36.3
2012-06-25,Tirunelveli,8.7139,77.7567,Dryland,27.18,33.07,23.01,74.49,3.65,0.02,20.98,36.3
2012-06-26,Tirunelveli,8.7139,77.7567,Dryland,26.21,31.11,23.36,77.27,3.66,0.04,19.41,36.3
2012-06-27,Tirunelveli,8.7139,77.7567,Dryland,25.83,30.64,23.17,77.81,3.73,1.28,17.41,36.3
2012-06-28,Tirunelveli,8.7139,77.7567,Dryland,24.7,27.55,22.88,82.38,3.8,0.49,15.5,36.31
2012-06-29,Tirunelveli,8.7139,77.7567,Dryland,25.05,28.44,22.57,82.13,3.84,0.53,20.79,36.31
2012-06-30,Tirunelveli,8.7139,77.7567,Dryland,25.89,30.32,22.97,78.13,4.35,2.31,15.46,36.31
2012-07-01,Tirunelveli,8.7139,77.7567,Dryland,25.75,30.19,23.07,76.98,5.06,6.47,13.23,36.31
2012-07-02,Tirunelveli,8.7139,77.7567,Dryland,25.75,29.61,23.47,78.29,5.38,8.44,11.02,36.31
2012-07-03,Tirunelveli,8.7139,77.7567,Dryland,25.8,29.25,23.37,81.08,5.05,1.71,18.74,36.31
2012-07-04,Tirunelveli,8.7139,77.7567,Dryland,26.13,30.24,23.81,80.97,4.45,1.41,23.32,36.33
2012-07-05,Tirunelveli,8.7139,77.7567,Dryland,26.26,30.31,23.76,80.37,4.2,0.77,23.9,36.34
2012-07-06,Tirunelveli,8.7139,77.7567,Dryland,26.56,31.07,23.53,78.78,4.01,0.17,22.68,36.36
2012-07-07,Tirunelveli,8.7139,77.7567,Dryland,26.52,30.6,23.77,79.56,4.28,0.08,20.29,36.38
2012-07-08,Tirunelveli,8.7139,77.7567,Dryland,26.53,31.01,23.84,79.52,4.4,0.03,20.09,36.39
2012-07-09,Tirunelveli,8.7139,77.7567,Dryland,25.39,28.7,23.58,85.03,5.23,11.14,17.95,36.39
2012-07-10,Tirunelveli,8.7139,77.7567,Dryland,24.97,27.99,23.26,84.03,4.94,9.38,20.89,36.39
2012-07-11,Tirunelveli,8.7139,77.7567,Dryland,25.85,30.34,22.66,78.28,5.3,2.46,19.82,36.4
2012-07-12,Tirunelveli,8.7139,77.7567,Dryland,26.59,32.27,23.04,76.89,4.82,0.63,22.97,36.41
2012-07-13,Tirunelveli,8.7139,77.7567,Dryland,26.23,30.43,23.83,77.92,5.0,0.18,21.04,36.43
2012-07-14,Tirunelveli,8.7139,77.7567,Dryland,26.1,29.6,23.92,80.83,4.41,0.04,18.68,36.45
2012-07-15,Tirunelveli,8.7139,77.7567,Dryland,26.26,30.52,23.51,80.06,3.35,0.0,16.74,36.48
2012-07-16,Tirunelveli,8.7139,77.7567,Dryland,26.65,30.69,23.42,77.36,2.48,0.01,17.23,36.51
2012-07-17,Tirunelveli,8.7139,77.7567,Dryland,26.7,31.36,23.16,78.07,3.04,1.67,22.38,36.53
2012-07-18,Tirunelveli,8.7139,77.7567,Dryland,26.41,31.3,23.01,77.09,3.81,0.2,21.9,36.54
2012-07-19,Tirunelveli,8.7139,77.7567,Dryland,26.43,31.2,23.33,79.41,4.39,0.04,21.69,36.56
2012-07-20,Tirunelveli,8.7139,77.7567,Dryland,26.56,31.42,23.72,77.66,4.8,0.46,19.63,36.58
2012-07-21,Tirunelveli,8.7139,77.7567,Dryland,26.43,29.89,23.93,78.2,5.02,0.22,19.01,36.6
2012-07-22,Tirunelveli,8.7139,77.7567,Dryland,25.84,28.62,23.77,82.35,5.5,4.71,21.25,36.62
2012-07-23,Tirunelveli,8.7139,77.7567,Dryland,26.47,31.11,23.51,78.43,5.31,0.87,19.52,36.64
2012-07-24,Tirunelveli,8.7139,77.7567,Dryland,26.27,30.4,24.16,80.97,4.93,0.93,18.68,36.67
2012-07-25,Tirunelveli,8.7139,77.7567,Dryland,25.88,28.77,23.97,83.39,5.12,0.34,16.72,36.69
2012-07-26,Tirunelveli,8.7139,77.7567,Dryland,26.34,30.71,23.8,78.61,5.32,0.05,21.9,36.72
2012-07-27,Tirunelveli,8.7139,77.7567,Dryland,26.55,31.37,23.47,77.04,5.16,0.0,22.42,36.74
2012-07-28,Tirunelveli,8.7139,77.7567,Dryland,25.96,30.15,23.61,79.24,4.58,0.39,22.06,36.76
2012-07-29,Tirunelveli,8.7139,77.7567,Dryland,26.5,31.76,23.44,77.59,4.3,0.36,21.47,36.78
2012-07-30,Tirunelveli,8.7139,77.7567,Dryland,25.78,29.47,23.09,80.86,3.58,0.04,22.81,36.79
2012-07-31,Tirunelveli,8.7139,77.7567,Dryland,26.54,31.75,22.86,77.66,3.66,0.0,22.1,36.81
2012-08-01,Tirunelveli,8.7139,77.7567,Dryland,26.86,32.81,22.9,74.85,3.72,0.0,24.74,36.84
2012-08-02,Tirunelveli,8.7139,77.7567,Dryland,26.61,32.81,22.74,73.77,4.12,0.0,21.38,36.87
2012-08-03,Tirunelveli,8.7139,77.7567,Dryland,26.52,31.62,23.46,76.26,4.38,0.0,18.4,36.89
2012-08-04,Tirunelveli,8.7139,77.7567,Dryland,26.04,29.31,23.76,80.4,4.16,1.25,16.8,36.92
2012-08-05,Tirunelveli,8.7139,77.7567,Dryland,26.02,30.41,23.17,81.49,3.96,0.47,17.66,36.94
2012-08-06,Tirunelveli,8.7139,77.7567,Dryland,26.8,31.86,23.5,77.93,3.94,1.01,22.79,36.95
2012-08-07,Tirunelveli,8.7139,77.7567,Dryland,26.97,32.42,23.75,74.54,3.72,0.36,21.46,36.97
2012-08-08,Tirunelveli,8.7139,77.7567,Dryland,26.61,31.5,23.9,75.08,4.1,2.61,21.68,36.99
2012-08-09,Tirunelveli,8.7139,77.7567,Dryland,26.47,31.19,23.47,73.88,4.21,0.57,15.05,37.01
2012-08-10,Tirunelveli,8.7139,77.7567,Dryland,26.58,30.91,23.6,75.55,4.24,0.03,18.16,37.02
2012-08-11,Tirunelveli,8.7139,77.7567,Dryland,25.62,28.78,23.54,79.16,4.32,0.77,19.64,37.04
2012-08-12,Tirunelveli,8.7139,77.7567,Dryland,26.27,31.46,22.82,74.32,4.15,0.07,19.38,37.05
2012-08-13,Tirunelveli,8.7139,77.7567,Dryland,25.4,29.38,23.17,80.25,3.69,0.0,23.19,37.06
2012-08-14,Tirunelveli,8.7139,77.7567,Dryland,26.07,31.21,23.05,77.29,3.74,6.38,21.92,37.08
2012-08-15,Tirunelveli,8.7139,77.7567,Dryland,26.18,31.3,22.94,78.3,4.29,3.26,19.78,37.09
2012-08-16,Tirunelveli,8.7139,77.7567,Dryland,25.24,28.65,23.0,83.12,3.81,3.98,18.9,37.11
2012-08-17,Tirunelveli,8.7139,77.7567,Dryland,24.2,27.22,22.5,84.31,4.71,7.51,13.22,37.12
2012-08-18,Tirunelveli,8.7139,77.7567,Dryland,25.21,29.61,22.84,77.26,5.38,1.85,19.45,37.13
2012-08-19,Tirunelveli,8.7139,77.7567,Dryland,26.16,32.71,22.1,74.44,4.51,0.17,21.23,37.15
2012-08-20,Tirunelveli,8.7139,77.7567,Dryland,27.01,33.32,22.97,72.29,4.38,0.0,24.62,37.16
2012-08-21,Tirunelveli,8.7139,77.7567,Dryland,27.14,33.65,22.64,72.67,3.69,0.0,23.48,37.17
2012-08-22,Tirunelveli,8.7139,77.7567,Dryland,27.47,33.53,23.43,70.83,2.94,0.0,23.07,37.18
2012-08-23,Tirunelveli,8.7139,77.7567,Dryland,27.43,33.16,23.77,71.92,3.04,0.2,23.48,37.19
2012-08-24,Tirunelveli,8.7139,77.7567,Dryland,26.86,32.02,23.19,75.73,3.22,4.78,20.37,37.2
2012-08-25,Tirunelveli,8.7139,77.7567,Dryland,25.75,29.81,23.57,79.61,4.37,1.75,18.94,37.2
2012-08-26,Tirunelveli,8.7139,77.7567,Dryland,25.58,28.95,23.33,81.76,4.53,0.15,16.21,37.21
2012-08-27,Tirunelveli,8.7139,77.7567,Dryland,25.28,29.44,22.75,81.59,4.14,4.13,16.96,37.22
2012-08-28,Tirunelveli,8.7139,77.7567,Dryland,25.64,29.78,22.95,79.57,3.91,2.6,22.59,37.22
2012-08-29,Tirunelveli,8.7139,77.7567,Dryland,25.54,28.86,23.53,82.06,4.33,9.4,15.75,37.22
2012-08-30,Tirunelveli,8.7139,77.7567,Dryland,24.88,26.66,23.44,87.93,4.03,7.37,14.01,37.22
2012-08-31,Tirunelveli,8.7139,77.7567,Dryland,25.02,28.35,23.29,85.89,3.7,7.77,12.91,37.22
2012-09-01,Tirunelveli,8.7139,77.7567,Dryland,26.11,31.21,22.89,78.8,3.64,0.74,16.86,37.21
2012-09-02,Tirunelveli,8.7139,77.7567,Dryland,26.48,31.38,23.37,80.0,3.96,0.48,22.67,37.21
2012-09-03,Tirunelveli,8.7139,77.7567,Dryland,25.56,28.38,24.08,82.56,4.47,1.49,17.98,37.2
2012-09-04,Tirunelveli,8.7139,77.7567,Dryland,25.02,28.13,22.72,81.21,4.42,3.19,15.22,37.19
2012-09-05,Tirunelveli,8.7139,77.7567,Dryland,26.72,33.51,22.26,75.38,3.5,0.47,22.86,37.19
2012-09-06,Tirunelveli,8.7139,77.7567,Dryland,27.11,32.94,23.55,76.4,3.75,0.35,22.98,37.18
2012-09-07,Tirunelveli,8.7139,77.7567,Dryland,26.16,30.04,23.9,79.68,3.99,0.05,21.01,37.16
2012-09-08,Tirunelveli,8.7139,77.7567,Dryland,26.57,32.31,22.72,75.31,3.93,1.52,19.16,37.14
2012-09-09,Tirunelveli,8.7139,77.7567,Dryland,25.48,30.2,23.08,79.28,4.0,1.63,18.59,37.13
2012-09-10,Tirunelveli,8.7139,77.7567,Dryland,25.29,29.72,22.69,78.14,4.47,1.17,17.95,37.11
2012-09-11,Tirunelveli,8.7139,77.7567,Dryland,26.11,31.28,22.16,76.92,4.14,0.23,19.7,37.09
2012-09-12,Tirunelveli,8.7139,77.7567,Dryland,26.82,32.81,23.13,74.64,3.68,0.0,21.15,37.06
2012-09-13,Tirunelveli,8.7139,77.7567,Dryland,26.23,31.18,23.57,80.01,3.76,9.06,22.21,37.04
2012-09-14,Tirunelveli,8.7139,77.7567,Dryland,25.53,28.33,23.7,83.53,4.14,3.86,21.84,37.01
2012-09-15,Tirunelveli,8.7139,77.7567,Dryland,25.82,29.31,23.41,81.16,4.63,1.05,20.06,36.99
2012-09-16,Tirunelveli,8.7139,77.7567,Dryland,26.26,31.15,23.67,79.6,4.39,0.28,20.52,36.96
2012-09-17,Tirunelveli,8.7139,77.7567,Dryland,26.93,32.61,23.65,77.93,3.78,0.19,24.16,36.94
2012-09-18,Tirunelveli,8.7139,77.7567,Dryland,27.07,33.16,22.68,73.67,3.92,0.16,22.35,36.91
2012-09-19,Tirunelveli,8.7139,77.7567,Dryland,27.37,33.71,22.56,70.55,2.78,0.01,23.95,36.88
2012-09-20,Tirunelveli,8.7139,77.7567,Dryland,27.76,33.88,23.49,69.47,3.18,0.0,22.83,36.85
2012-09-21,Tirunelveli,8.7139,77.7567,Dryland,27.36,32.45,24.22,71.98,2.45,0.01,23.4,36.82
2012-09-22,Tirunelveli,8.7139,77.7567,Dryland,26.1,29.88,23.61,77.19,2.64,0.27,21.77,36.78
2012-09-23,Tirunelveli,8.7139,77.7567,Dryland,26.97,32.94,22.74,72.15,3.11,0.08,20.51,36.74
2012-09-24,Tirunelveli,8.7139,77.7567,Dryland,27.07,32.38,23.83,71.63,3.8,0.33,23.1,36.71
2012-09-25,Tirunelveli,8.7139,77.7567,Dryland,27.05,32.92,23.51,71.24,4.03,0.01,23.32,36.67
2012-09-26,Tirunelveli,8.7139,77.7567,Dryland,26.63,31.56,23.64,76.5,3.95,0.01,23.44,36.63
2012-09-27,Tirunelveli,8.7139,77.7567,Dryland,26.59,31.38,23.54,76.53,3.81,0.73,20.67,36.59
2012-09-28,Tirunelveli,8.7139,77.7567,Dryland,26.24,30.54,23.8,77.59,3.56,0.42,22.71,36.54
2012-09-29,Tirunelveli,8.7139,77.7567,Dryland,27.22,33.02,23.25,74.09,3.31,0.05,23.24,36.48
2012-09-30,Tirunelveli,8.7139,77.7567,Dryland,27.25,33.47,23.88,69.74,4.31,0.0,23.58,36.43
2012-10-01,Tirunelveli,8.7139,77.7567,Dryland,26.18,30.35,22.93,73.74,3.54,0.0,22.83,36.37
2012-10-02,Tirunelveli,8.7139,77.7567,Dryland,27.35,33.61,23.29,71.58,3.72,0.0,24.66,36.32
2012-10-03,Tirunelveli,8.7139,77.7567,Dryland,27.85,34.2,23.77,67.85,3.54,0.0,23.45,36.26
2012-10-04,Tirunelveli,8.7139,77.7567,Dryland,28.21,35.06,23.26,65.9,3.26,0.0,22.01,36.21
2012-10-05,Tirunelveli,8.7139,77.7567,Dryland,28.75,35.9,23.88,65.84,3.1,0.0,24.55,36.15
2012-10-06,Tirunelveli,8.7139,77.7567,Dryland,28.76,36.21,23.57,61.76,2.64,0.0,24.42,36.09
2012-10-07,Tirunelveli,8.7139,77.7567,Dryland,29.11,36.19,24.7,64.33,2.67,2.74,22.8,36.03
2012-10-08,Tirunelveli,8.7139,77.7567,Dryland,27.55,32.32,24.24,75.17,1.94,1.68,19.4,35.96
2012-10-09,Tirunelveli,8.7139,77.7567,Dryland,28.3,35.03,23.06,68.4,2.66,0.34,17.21,35.9
2012-10-10,Tirunelveli,8.7139,77.7567,Dryland,27.14,31.63,24.27,71.98,2.88,10.13,19.17,35.84
2012-10-11,Tirunelveli,8.7139,77.7567,Dryland,26.8,31.84,23.41,78.24,2.01,18.38,19.51,35.78
2012-10-12,Tirunelveli,8.7139,77.7567,Dryland,26.41,30.6,23.61,81.23,1.72,5.92,17.91,35.71
2012-10-13,Tirunelveli,8.7139,77.7567,Dryland,27.24,32.6,23.75,74.55,1.8,0.52,15.01,35.64
2012-10-14,Tirunelveli,8.7139,77.7567,Dryland,26.01,29.27,23.99,83.23,1.82,6.92,17.67,35.57
2012-10-15,Tirunelveli,8.7139,77.7567,Dryland,25.33,28.74,23.17,82.4,1.76,5.16,6.96,35.5
2012-10-16,Tirunelveli,8.7139,77.7567,Dryland,24.77,28.14,22.66,84.29,2.03,15.37,16.68,35.44
2012-10-17,Tirunelveli,8.7139,77.7567,Dryland,25.45,30.26,21.85,81.81,1.08,45.01,11.8,35.37
2012-10-18,Tirunelveli,8.7139,77.7567,Dryland,25.07,28.39,22.13,83.67,1.52,19.73,15.44,35.3
2012-10-19,Tirunelveli,8.7139,77.7567,Dryland,24.53,26.98,22.79,92.1,2.46,20.78,9.37,35.23
2012-10-20,Tirunelveli,8.7139,77.7567,Dryland,24.06,26.26,22.03,88.53,1.76,10.51,12.59,35.15
2012-10-21,Tirunelveli,8.7139,77.7567,Dryland,24.5,27.58,22.0,87.69,1.47,9.13,16.21,35.07
2012-10-22,Tirunelveli,8.7139,77.7567,Dryland,24.56,27.54,22.66,89.86,1.68,14.33,15.71,35.0
2012-10-23,Tirunelveli,8.7139,77.7567,Dryland,24.98,27.66,23.25,89.8,2.59,12.7,10.2,34.92
2012-10-24,Tirunelveli,8.7139,77.7567,Dryland,24.65,26.64,23.32,92.2,2.49,12.23,13.28,34.84
2012-10-25,Tirunelveli,8.7139,77.7567,Dryland,24.41,27.13,22.47,91.01,1.93,3.59,14.25,34.76
2012-10-26,Tirunelveli,8.7139,77.7567,Dryland,24.68,27.86,22.46,89.12,1.83,0.16,17.99,34.67
2012-10-27,Tirunelveli,8.7139,77.7567,Dryland,24.79,27.02,23.23,93.12,1.83,0.38,14.28,34.59
2012-10-28,Tirunelveli,8.7139,77.7567,Dryland,24.54,26.71,23.07,91.09,1.18,4.59,16.04,34.52
2012-10-29,Tirunelveli,8.7139,77.7567,Dryland,24.29,27.07,22.67,88.58,1.26,3.79,9.87,34.44
2012-10-30,Tirunelveli,8.7139,77.7567,Dryland,24.33,26.73,22.09,85.76,0.88,0.02,13.91,34.36
2012-10-31,Tirunelveli,8.7139,77.7567,Dryland,24.8,28.08,22.43,87.9,2.67,10.78,12.21,34.28
2012-11-01,Tirunelveli,8.7139,77.7567,Dryland,24.73,27.06,23.36,90.55,4.65,11.76,6.94,34.2
2012-11-02,Tirunelveli,8.7139,77.7567,Dryland,25.28,28.62,23.24,85.38,2.66,1.59,14.66,34.12
2012-11-03,Tirunelveli,8.7139,77.7567,Dryland,24.47,27.53,22.04,86.86,1.9,0.0,21.41,34.03
2012-11-04,Tirunelveli,8.7139,77.7567,Dryland,24.41,29.33,20.87,83.29,1.73,0.0,21.92,33.95
2012-11-05,Tirunelveli,8.7139,77.7567,Dryland,24.13,29.33,19.46,83.08,1.87,0.0,22.57,33.87
2012-11-06,Tirunelveli,8.7139,77.7567,Dryland,24.67,29.53,20.2,81.79,1.12,5.33,19.33,33.79
2012-11-07,Tirunelveli,8.7139,77.7567,Dryland,24.53,27.12,22.55,86.08,0.56,11.19,16.3,33.71
2012-11-08,Tirunelveli,8.7139,77.7567,Dryland,24.13,26.68,22.35,88.85,0.65,9.29,13.8,33.63
2012-11-09,Tirunelveli,8.7139,77.7567,Dryland,24.25,27.25,22.08,89.97,1.43,11.69,16.19,33.55
2012-11-10,Tirunelveli,8.7139,77.7567,Dryland,24.87,28.65,22.48,88.4,1.77,5.8,18.81,33.47
2012-11-11,Tirunelveli,8.7139,77.7567,Dryland,24.52,27.76,22.19,88.47,2.07,13.39,18.25,33.39
2012-11-12,Tirunelveli,8.7139,77.7567,Dryland,24.39,27.71,20.81,81.38,1.38,0.5,19.13,33.31
2012-11-13,Tirunelveli,8.7139,77.7567,Dryland,24.57,29.08,20.17,79.17,1.74,0.05,20.07,33.24
2012-11-14,Tirunelveli,8.7139,77.7567,Dryland,24.16,28.78,20.11,74.86,1.52,0.04,21.36,33.16
2012-11-15,Tirunelveli,8.7139,77.7567,Dryland,23.35,28.97,17.65,74.1,1.46,0.0,17.82,33.09
2012-11-16,Tirunelveli,8.7139,77.7567,Dryland,24.09,29.22,18.09,75.14,1.33,0.04,15.27,33.02
2012-11-17,Tirunelveli,8.7139,77.7567,Dryland,24.41,29.14,19.37,81.41,1.53,7.72,18.84,32.95
2012-11-18,Tirunelveli,8.7139,77.7567,Dryland,25.76,30.32,21.75,80.8,0.86,0.0,19.77,32.88
2012-11-19,Tirunelveli,8.7139,77.7567,Dryland,25.74,30.26,22.45,80.81,0.94,0.0,18.51,32.81
2012-11-20,Tirunelveli,8.7139,77.7567,Dryland,25.67,30.16,21.83,79.97,0.77,0.0,18.46,32.74
2012-11-21,Tirunelveli,8.7139,77.7567,Dryland,26.19,30.87,21.96,78.94,0.69,0.0,19.52,32.67
2012-11-22,Tirunelveli,8.7139,77.7567,Dryland,26.14,31.28,21.48,80.93,0.86,0.16,19.1,32.6
2012-11-23,Tirunelveli,8.7139,77.7567,Dryland,25.81,29.44,22.66,86.64,1.27,6.48,16.39,32.54
2012-11-24,Tirunelveli,8.7139,77.7567,Dryland,24.55,27.48,21.49,90.82,1.58,20.71,5.82,32.48
2012-11-25,Tirunelveli,8.7139,77.7567,Dryland,24.04,27.04,21.89,92.39,2.69,1.97,10.23,32.42
2012-11-26,Tirunelveli,8.7139,77.7567,Dryland,24.33,26.66,22.93,89.35,2.9,0.18,13.02,32.36
2012-11-27,Tirunelveli,8.7139,77.7567,Dryland,24.11,27.32,22.19,87.74,2.89,0.02,12.74,32.3
2012-11-28,Tirunelveli,8.7139,77.7567,Dryland,24.35,28.63,21.5,82.47,2.75,0.0,16.49,32.24
2012-11-29,Tirunelveli,8.7139,77.7567,Dryland,23.14,27.57,20.47,81.15,2.39,0.0,18.7,32.19
2012-11-30,Tirunelveli,8.7139,77.7567,Dryland,23.28,28.77,18.51,81.12,1.89,0.0,19.27,32.13
2012-12-01,Tirunelveli,8.7139,77.7567,Dryland,23.06,28.84,19.05,80.11,2.07,0.0,20.34,32.08
2012-12-02,Tirunelveli,8.7139,77.7567,Dryland,23.54,29.55,17.5,78.02,1.93,0.0,19.58,32.03
2012-12-03,Tirunelveli,8.7139,77.7567,Dryland,24.78,30.5,18.53,79.11,1.44,0.13,19.88,31.99
2012-12-04,Tirunelveli,8.7139,77.7567,Dryland,24.06,26.2,21.95,91.71,1.9,8.44,17.63,31.95
2012-12-05,Tirunelveli,8.7139,77.7567,Dryland,24.86,29.1,22.55,83.13,3.4,0.08,16.33,31.91
2012-12-06,Tirunelveli,8.7139,77.7567,Dryland,25.41,29.61,22.32,85.56,3.49,2.67,10.83,31.88
2012-12-07,Tirunelveli,8.7139,77.7567,Dryland,25.32,29.44,22.65,83.19,3.96,0.57,10.49,31.84
2012-12-08,Tirunelveli,8.7139,77.7567,Dryland,25.19,29.06,22.47,83.96,2.67,0.33,18.47,31.81
2012-12-09,Tirunelveli,8.7139,77.7567,Dryland,24.63,28.68,21.1,86.18,2.24,10.81,18.53,31.78
2012-12-10,Tirunelveli,8.7139,77.7567,Dryland,23.41,29.23,19.11,79.76,2.31,0.02,21.05,31.75
2012-12-11,Tirunelveli,8.7139,77.7567,Dryland,24.19,29.93,20.53,82.25,2.27,0.0,19.73,31.72
2012-12-12,Tirunelveli,8.7139,77.7567,Dryland,24.4,30.65,19.97,80.48,1.98,0.0,21.15,31.7
2012-12-13,Tirunelveli,8.7139,77.7567,Dryland,24.65,30.89,20.48,78.8,1.8,0.0,20.33,31.68
2012-12-14,Tirunelveli,8.7139,77.7567,Dryland,24.06,29.31,20.16,79.07,3.02,0.0,20.23,31.67
2012-12-15,Tirunelveli,8.7139,77.7567,Dryland,23.56,28.63,18.32,81.95,3.31,0.0,17.18,31.65
2012-12-16,Tirunelveli,8.7139,77.7567,Dryland,24.31,29.02,21.44,76.31,4.31,0.02,12.15,31.64
2012-12-17,Tirunelveli,8.7139,77.7567,Dryland,24.07,28.7,20.72,73.68,4.61,0.04,8.57,31.63
2012-12-18,Tirunelveli,8.7139,77.7567,Dryland,24.34,28.72,21.24,79.05,4.61,1.39,7.15,31.62
2012-12-19,Tirunelveli,8.7139,77.7567,Dryland,23.65,27.12,20.83,85.92,3.5,2.52,13.42,31.62
2012-12-20,Tirunelveli,8.7139,77.7567,Dryland,24.37,28.2,21.67,86.8,3.94,0.99,12.43,31.62
2012-12-21,Tirunelveli,8.7139,77.7567,Dryland,25.04,28.71,22.66,82.69,3.59,0.78,11.9,31.62
2012-12-22,Tirunelveli,8.7139,77.7567,Dryland,24.92,29.33,21.9,76.73,3.48,0.06,12.72,31.63
2012-12-23,Tirunelveli,8.7139,77.7567,Dryland,24.22,28.35,21.19,77.18,4.49,0.03,14.39,31.64
2012-12-24,Tirunelveli,8.7139,77.7567,Dryland,25.17,30.23,20.8,76.6,3.22,0.02,19.59,31.65
2012-12-25,Tirunelveli,8.7139,77.7567,Dryland,25.18,29.86,21.52,80.25,3.98,0.07,14.14,31.66
2012-12-26,Tirunelveli,8.7139,77.7567,Dryland,25.58,30.59,21.78,79.48,2.75,5.78,11.21,31.68
2012-12-27,Tirunelveli,8.7139,77.7567,Dryland,24.75,29.34,21.83,86.82,3.12,9.69,11.95,31.7
2012-12-28,Tirunelveli,8.7139,77.7567,Dryland,24.26,27.81,22.33,91.44,2.1,7.61,11.91,31.72
2012-12-29,Tirunelveli,8.7139,77.7567,Dryland,25.05,29.1,23.08,88.34,2.96,2.9,12.41,31.74
2012-12-30,Tirunelveli,8.7139,77.7567,Dryland,25.18,28.98,22.9,87.13,2.62,1.89,16.7,31.77
2012-12-31,Tirunelveli,8.7139,77.7567,Dryland,24.85,28.81,22.03,84.66,2.32,0.2,15.4,31.79
2013-01-01,Tirunelveli,8.7139,77.7567,Dryland,25.39,31.2,20.63,79.17,2.41,0.0,19.71,31.83
2013-01-02,Tirunelveli,8.7139,77.7567,Dryland,25.56,31.87,21.85,71.82,2.2,0.0,20.88,31.86
2013-01-03,Tirunelveli,8.7139,77.7567,Dryland,25.27,31.99,19.51,76.96,1.84,0.0,18.5,31.9
2013-01-04,Tirunelveli,8.7139,77.7567,Dryland,25.39,31.43,20.87,74.35,1.49,0.01,14.4,31.94
2013-01-05,Tirunelveli,8.7139,77.7567,Dryland,25.25,31.12,20.41,77.97,1.81,0.0,17.76,31.98
2013-01-06,Tirunelveli,8.7139,77.7567,Dryland,26.05,31.61,21.64,76.38,1.99,0.0,17.72,32.03
2013-01-07,Tirunelveli,8.7139,77.7567,Dryland,26.01,31.58,21.93,73.9,2.04,0.1,13.38,32.07
2013-01-08,Tirunelveli,8.7139,77.7567,Dryland,25.08,28.62,21.82,78.88,1.26,5.66,12.02,32.12
2013-01-09,Tirunelveli,8.7139,77.7567,Dryland,24.9,28.4,23.07,84.26,1.72,0.54,16.21,32.17
2013-01-10,Tirunelveli,8.7139,77.7567,Dryland,24.98,30.92,21.57,75.94,2.62,0.05,17.54,32.23
2013-01-11,Tirunelveli,8.7139,77.7567,Dryland,24.82,30.91,20.81,76.45,3.17,0.0,20.92,32.28
2013-01-12,Tirunelveli,8.7139,77.7567,Dryland,24.81,31.5,20.68,73.63,2.75,0.0,19.04,32.34
2013-01-13,Tirunelveli,8.7139,77.7567,Dryland,24.26,31.81,18.74,69.1,3.13,0.0,18.06,32.4
2013-01-14,Tirunelveli,8.7139,77.7567,Dryland,23.35,30.62,17.86,72.05,2.74,0.0,21.46,32.46
2013-01-15,Tirunelveli,8.7139,77.7567,Dryland,24.05,31.2,18.7,74.19,3.36,0.0,20.6,32.53
2013-01-16,Tirunelveli,8.7139,77.7567,Dryland,24.03,31.08,18.38,71.87,3.53,0.0,20.35,32.61
2013-01-17,Tirunelveli,8.7139,77.7567,Dryland,24.02,31.43,17.82,70.39,3.15,0.0,19.32,32.68
2013-01-18,Tirunelveli,8.7139,77.7567,Dryland,24.23,31.48,17.72,71.86,2.59,0.0,19.47,32.75
2013-01-19,Tirunelveli,8.7139,77.7567,Dryland,24.78,32.75,18.95,69.87,2.52,0.0,20.4,32.82
2013-01-20,Tirunelveli,8.7139,77.7567,Dryland,24.53,32.31,18.45,71.72,2.4,0.0,23.22,32.9
2013-01-21,Tirunelveli,8.7139,77.7567,Dryland,25.77,32.59,20.98,73.01,2.94,0.0,20.24,32.97
2013-01-22,Tirunelveli,8.7139,77.7567,Dryland,25.21,33.06,19.18,66.77,3.2,0.0,23.11,33.05
2013-01-23,Tirunelveli,8.7139,77.7567,Dryland,25.95,33.13,21.14,70.59,2.57,0.0,22.28,33.13
2013-01-24,Tirunelveli,8.7139,77.7567,Dryland,25.67,32.13,21.31,71.65,2.91,0.01,21.03,33.21
2013-01-25,Tirunelveli,8.7139,77.7567,Dryland,25.97,32.34,21.74,68.59,3.25,0.01,20.75,33.29
2013-01-26,Tirunelveli,8.7139,77.7567,Dryland,25.53,32.65,20.75,65.93,3.38,0.0,22.72,33.37
2013-01-27,Tirunelveli,8.7139,77.7567,Dryland,25.34,32.44,19.78,71.55,3.43,0.0,22.4,33.45
2013-01-28,Tirunelveli,8.7139,77.7567,Dryland,25.61,33.27,19.81,67.94,2.55,0.0,21.08,33.54
2013-01-29,Tirunelveli,8.7139,77.7567,Dryland,25.71,33.5,19.51,68.98,2.01,0.0,21.16,33.62
2013-01-30,Tirunelveli,8.7139,77.7567,Dryland,25.54,32.82,20.26,70.75,3.21,0.0,19.11,33.71
2013-01-31,Tirunelveli,8.7139,77.7567,Dryland,25.45,32.57,21.45,66.92,4.33,0.0,19.68,33.79
2013-02-01,Tirunelveli,8.7139,77.7567,Dryland,24.67,32.65,18.33,66.54,3.51,0.0,22.17,33.88
2013-02-02,Tirunelveli,8.7139,77.7567,Dryland,25.29,32.95,20.27,68.3,3.07,0.0,23.21,33.96
2013-02-03,Tirunelveli,8.7139,77.7567,Dryland,25.4,33.11,19.12,67.09,2.91,0.0,23.33,34.05
2013-02-04,Tirunelveli,8.7139,77.7567,Dryland,26.33,33.91,20.95,66.97,2.14,0.0,21.65,34.14
2013-02-05,Tirunelveli,8.7139,77.7567,Dryland,26.48,32.05,22.18,72.57,2.32,0.07,18.02,34.23
2013-02-06,Tirunelveli,8.7139,77.7567,Dryland,25.91,30.57,22.85,78.72,2.12,7.45,11.45,34.32
2013-02-07,Tirunelveli,8.7139,77.7567,Dryland,27.1,34.51,22.14,69.38,1.55,0.12,22.22,34.41
2013-02-08,Tirunelveli,8.7139,77.7567,Dryland,27.52,34.38,22.99,66.91,1.35,0.0,19.7,34.5
2013-02-09,Tirunelveli,8.7139,77.7567,Dryland,26.24,31.81,21.23,73.19,2.27,0.0,20.42,34.59
2013-02-10,Tirunelveli,8.7139,77.7567,Dryland,27.24,34.48,22.36,64.77,3.89,0.0,22.02,34.67
2013-02-11,Tirunelveli,8.7139,77.7567,Dryland,27.0,33.45,22.63,66.67,4.63,0.1,18.4,34.76
2013-02-12,Tirunelveli,8.7139,77.7567,Dryland,27.3,33.24,23.14,68.99,4.67,0.14,19.14,34.85
2013-02-13,Tirunelveli,8.7139,77.7567,Dryland,25.28,27.8,23.41,82.62,3.6,8.94,12.82,34.94
2013-02-14,Tirunelveli,8.7139,77.7567,Dryland,24.32,27.87,22.22,81.21,2.47,3.45,12.8,35.03
2013-02-15,Tirunelveli,8.7139,77.7567,Dryland,24.64,28.52,21.88,77.1,2.15,0.05,10.75,35.11
2013-02-16,Tirunelveli,8.7139,77.7567,Dryland,26.9,34.46,21.61,70.69,1.72,0.0,21.69,35.2
2013-02-17,Tirunelveli,8.7139,77.7567,Dryland,27.37,34.35,22.51,68.89,1.71,2.51,22.14,35.28
2013-02-18,Tirunelveli,8.7139,77.7567,Dryland,25.98,30.49,22.94,77.04,1.58,6.53,19.42,35.36
2013-02-19,Tirunelveli,8.7139,77.7567,Dryland,26.78,32.17,22.87,73.62,1.1,2.31,15.47,35.44
2013-02-20,Tirunelveli,8.7139,77.7567,Dryland,27.36,33.81,22.87,70.81,2.62,0.06,17.84,35.52
2013-02-21,Tirunelveli,8.7139,77.7567,Dryland,26.86,34.29,22.15,62.59,3.37,0.0,24.07,35.61
2013-02-22,Tirunelveli,8.7139,77.7567,Dryland,25.99,33.61,20.86,66.58,3.43,0.0,24.42,35.69
2013-02-23,Tirunelveli,8.7139,77.7567,Dryland,26.03,34.1,19.37,66.41,2.7,0.0,23.44,35.78
2013-02-24,Tirunelveli,8.7139,77.7567,Dryland,26.42,34.21,21.53,63.71,2.65,0.0,23.18,35.86
2013-02-25,Tirunelveli,8.7139,77.7567,Dryland,26.61,34.88,21.08,62.48,2.19,0.0,24.35,35.93
2013-02-26,Tirunelveli,8.7139,77.7567,Dryland,26.04,34.17,18.64,61.59,2.18,0.0,25.69,36.01
2013-02-27,Tirunelveli,8.7139,77.7567,Dryland,26.73,35.38,19.44,56.41,2.2,0.0,25.73,36.08
2013-02-28,Tirunelveli,8.7139,77.7567,Dryland,27.59,35.91,19.85,58.67,1.94,0.0,24.47,36.16
2013-03-01,Tirunelveli,8.7139,77.7567,Dryland,28.13,36.63,21.38,57.62,2.31,0.0,24.47,36.23
2013-03-02,Tirunelveli,8.7139,77.7567,Dryland,27.58,35.81,21.31,61.62,3.4,0.0,24.05,36.3
2013-03-03,Tirunelveli,8.7139,77.7567,Dryland,27.76,36.71,20.43,56.56,3.08,0.0,21.68,36.38
2013-03-04,Tirunelveli,8.7139,77.7567,Dryland,27.74,35.47,21.07,64.74,3.58,0.09,18.99,36.45
2013-03-05,Tirunelveli,8.7139,77.7567,Dryland,26.0,28.52,24.02,78.81,3.9,9.48,12.45,36.52
2013-03-06,Tirunelveli,8.7139,77.7567,Dryland,26.28,29.25,24.52,82.49,3.27,3.6,16.35,36.59
2013-03-07,Tirunelveli,8.7139,77.7567,Dryland,26.92,31.29,24.02,76.49,3.96,0.05,18.5,36.65
2013-03-08,Tirunelveli,8.7139,77.7567,Dryland,26.58,31.03,23.84,80.94,2.56,6.12,16.96,36.71
2013-03-09,Tirunelveli,8.7139,77.7567,Dryland,26.6,31.56,23.69,81.17,1.83,12.77,16.07,36.77
2013-03-10,Tirunelveli,8.7139,77.7567,Dryland,27.7,35.07,22.23,70.94,1.78,0.14,22.05,36.82
2013-03-11,Tirunelveli,8.7139,77.7567,Dryland,27.61,35.14,22.21,66.11,1.9,0.1,20.47,36.88
2013-03-12,Tirunelveli,8.7139,77.7567,Dryland,27.66,35.51,20.64,64.28,1.35,0.0,21.81,36.93
2013-03-13,Tirunelveli,8.7139,77.7567,Dryland,28.26,36.07,22.09,59.68,1.21,0.0,22.95,36.98
2013-03-14,Tirunelveli,8.7139,77.7567,Dryland,27.63,34.93,21.68,63.05,1.41,0.0,23.08,37.03
2013-03-15,Tirunelveli,8.7139,77.7567,Dryland,27.29,34.83,21.28,70.66,1.9,3.86,22.21,37.08
2013-03-16,Tirunelveli,8.7139,77.7567,Dryland,26.1,31.58,22.95,77.31,2.31,30.43,15.84,37.12
2013-03-17,Tirunelveli,8.7139,77.7567,Dryland,26.79,32.66,22.98,72.97,2.11,1.78,23.82,37.17
2013-03-18,Tirunelveli,8.7139,77.7567,Dryland,27.85,34.96,22.1,68.85,1.61,0.0,23.26,37.22
2013-03-19,Tirunelveli,8.7139,77.7567,Dryland,27.68,34.81,23.07,67.98,1.45,0.0,24.27,37.27
2013-03-20,Tirunelveli,8.7139,77.7567,Dryland,27.95,35.23,21.77,68.16,1.75,0.0,23.95,37.31
2013-03-21,Tirunelveli,8.7139,77.7567,Dryland,27.73,35.21,22.19,65.28,1.94,0.0,24.81,37.35
2013-03-22,Tirunelveli,8.7139,77.7567,Dryland,27.58,36.24,20.4,57.86,1.67,0.0,25.28,37.38
2013-03-23,Tirunelveli,8.7139,77.7567,Dryland,27.7,35.48,21.8,60.11,1.17,0.0,25.06,37.42
2013-03-24,Tirunelveli,8.7139,77.7567,Dryland,28.43,36.24,21.89,62.2,1.61,0.0,25.24,37.46
2013-03-25,Tirunelveli,8.7139,77.7567,Dryland,28.45,35.05,24.2,68.49,1.07,2.52,18.1,37.49
2013-03-26,Tirunelveli,8.7139,77.7567,Dryland,27.37,31.94,24.03,74.68,1.06,1.54,20.58,37.51
2013-03-27,Tirunelveli,8.7139,77.7567,Dryland,27.21,32.6,23.11,72.78,1.26,0.01,24.53,37.54
2013-03-28,Tirunelveli,8.7139,77.7567,Dryland,28.77,36.1,23.37,67.95,1.54,0.0,24.67,37.57
2013-03-29,Tirunelveli,8.7139,77.7567,Dryland,28.26,33.44,23.51,70.28,1.76,0.0,23.3,37.59
2013-03-30,Tirunelveli,8.7139,77.7567,Dryland,29.05,35.62,24.4,67.8,1.72,0.0,21.72,37.61
2013-03-31,Tirunelveli,8.7139,77.7567,Dryland,29.42,37.04,24.21,65.12,1.76,0.0,22.45,37.64
2013-04-01,Tirunelveli,8.7139,77.7567,Dryland,29.48,37.33,23.56,62.62,2.18,0.0,23.22,37.66
2013-04-02,Tirunelveli,8.7139,77.7567,Dryland,29.73,37.4,23.43,62.47,2.1,0.0,21.3,37.67
2013-04-03,Tirunelveli,8.7139,77.7567,Dryland,28.84,33.68,25.0,66.34,1.45,0.0,20.35,37.68
2013-04-04,Tirunelveli,8.7139,77.7567,Dryland,29.7,36.22,25.26,64.21,2.98,0.0,21.17,37.69
2013-04-05,Tirunelveli,8.7139,77.7567,Dryland,28.94,34.29,25.96,65.75,2.96,0.0,23.6,37.7
2013-04-06,Tirunelveli,8.7139,77.7567,Dryland,29.41,36.04,25.35,64.28,3.48,0.0,23.5,37.71
2013-04-07,Tirunelveli,8.7139,77.7567,Dryland,30.38,37.73,24.89,61.3,2.95,0.0,23.36,37.72
2013-04-08,Tirunelveli,8.7139,77.7567,Dryland,30.85,38.61,25.3,60.84,2.13,0.0,22.79,37.72
2013-04-09,Tirunelveli,8.7139,77.7567,Dryland,30.09,36.94,25.76,62.55,1.99,2.98,21.14,37.73
2013-04-10,Tirunelveli,8.7139,77.7567,Dryland,29.71,37.49,24.22,61.53,1.88,0.99,22.95,37.73
2013-04-11,Tirunelveli,8.7139,77.7567,Dryland,30.11,36.81,25.47,60.19,2.41,0.15,21.68,37.73
2013-04-12,Tirunelveli,8.7139,77.7567,Dryland,30.52,36.89,25.98,61.13,1.94,0.07,22.89,37.72
2013-04-13,Tirunelveli,8.7139,77.7567,Dryland,30.88,38.45,25.46,60.74,1.53,0.02,19.7,37.72
2013-04-14,Tirunelveli,8.7139,77.7567,Dryland,29.0,33.62,26.3,68.93,2.6,3.01,20.88,37.72
2013-04-15,Tirunelveli,8.7139,77.7567,Dryland,26.61,28.55,24.39,83.92,2.73,43.05,19.52,37.72
2013-04-16,Tirunelveli,8.7139,77.7567,Dryland,28.52,35.85,23.58,72.51,3.35,3.31,23.29,37.7
2013-04-17,Tirunelveli,8.7139,77.7567,Dryland,28.76,34.28,25.24,70.23,3.36,0.0,23.59,37.7
2013-04-18,Tirunelveli,8.7139,77.7567,Dryland,28.87,35.59,24.52,66.89,3.14,0.0,22.67,37.69
2013-04-19,Tirunelveli,8.7139,77.7567,Dryland,29.36,37.35,23.4,63.14,2.59,0.0,25.41,37.68
2013-04-20,Tirunelveli,8.7139,77.7567,Dryland,28.9,36.6,23.44,65.11,3.17,0.0,24.42,37.66
2013-04-21,Tirunelveli,8.7139,77.7567,Dryland,28.74,36.89,22.42,65.48,2.34,0.03,23.18,37.64
2013-04-22,Tirunelveli,8.7139,77.7567,Dryland,28.47,35.4,23.62,67.22,2.17,0.03,23.53,37.63
2013-04-23,Tirunelveli,8.7139,77.7567,Dryland,29.16,36.57,23.27,65.36,1.74,0.0,23.3,37.62
2013-04-24,Tirunelveli,8.7139,77.7567,Dryland,29.71,35.89,24.74,66.07,1.21,0.15,22.17,37.6
2013-04-25,Tirunelveli,8.7139,77.7567,Dryland,28.66,33.2,25.17,71.72,0.97,0.64,18.2,37.59
2013-04-26,Tirunelveli,8.7139,77.7567,Dryland,27.86,31.73,24.88,74.74,1.0,0.21,20.16,37.58
2013-04-27,Tirunelveli,8.7139,77.7567,Dryland,28.9,35.3,24.65,69.41,1.33,1.19,21.08,37.56
2013-04-28,Tirunelveli,8.7139,77.7567,Dryland,29.38,36.02,24.91,67.86,2.31,0.43,23.5,37.54
2013-04-29,Tirunelveli,8.7139,77.7567,Dryland,29.36,34.67,25.15,69.25,3.0,0.06,23.39,37.51
2013-04-30,Tirunelveli,8.7139,77.7567,Dryland,28.22,32.14,25.42,78.36,1.58,8.65,21.35,37.48
2013-05-01,Tirunelveli,8.7139,77.7567,Dryland,27.88,32.33,25.35,77.54,1.13,5.4,17.03,37.46
2013-05-02,Tirunelveli,8.7139,77.7567,Dryland,27.74,32.22,24.72,76.44,2.22,1.67,20.0,37.43
2013-05-03,Tirunelveli,8.7139,77.7567,Dryland,27.94,31.79,25.35,76.48,3.3,0.32,18.03,37.41
2013-05-04,Tirunelveli,8.7139,77.7567,Dryland,28.05,31.63,25.43,77.66,3.16,0.01,19.5,37.39
2013-05-05,Tirunelveli,8.7139,77.7567,Dryland,27.79,31.44,25.15,77.42,2.5,0.0,13.56,37.36
2013-05-06,Tirunelveli,8.7139,77.7567,Dryland,27.63,31.52,24.89,80.47,2.28,3.38,13.07,37.33
2013-05-07,Tirunelveli,8.7139,77.7567,Dryland,27.57,31.56,25.02,79.53,2.22,1.2,17.28,37.3
2013-05-08,Tirunelveli,8.7139,77.7567,Dryland,27.56,32.33,24.88,80.16,3.52,19.15,20.16,37.28
2013-05-09,Tirunelveli,8.7139,77.7567,Dryland,27.66,32.36,24.82,79.01,3.32,5.75,22.87,37.25
2013-05-10,Tirunelveli,8.7139,77.7567,Dryland,28.78,34.7,24.78,75.65,3.14,0.39,22.5,37.22
2013-05-11,Tirunelveli,8.7139,77.7567,Dryland,28.04,31.99,25.88,78.86,3.72,0.03,20.96,37.2
2013-05-12,Tirunelveli,8.7139,77.7567,Dryland,27.25,30.95,25.16,79.22,5.1,0.04,17.29,37.16
2013-05-13,Tirunelveli,8.7139,77.7567,Dryland,25.27,27.02,23.46,82.69,3.6,1.14,14.66,37.13
2013-05-14,Tirunelveli,8.7139,77.7567,Dryland,26.35,29.74,23.72,79.33,4.17,0.49,17.18,37.1
2013-05-15,Tirunelveli,8.7139,77.7567,Dryland,27.93,33.32,24.83,72.03,4.66,0.0,19.32,37.06
2013-05-16,Tirunelveli,8.7139,77.7567,Dryland,28.1,33.17,24.64,67.25,3.78,0.0,20.7,37.03
2013-05-17,Tirunelveli,8.7139,77.7567,Dryland,28.14,34.43,23.62,69.22,3.86,0.0,22.17,37.01
2013-05-18,Tirunelveli,8.7139,77.7567,Dryland,27.86,33.84,23.23,71.22,3.15,0.0,24.37,36.99
2013-05-19,Tirunelveli,8.7139,77.7567,Dryland,28.67,34.66,24.32,73.82,2.82,0.0,24.47,36.96
2013-05-20,Tirunelveli,8.7139,77.7567,Dryland,27.59,31.3,25.32,78.94,3.13,0.0,17.69,36.94
2013-05-21,Tirunelveli,8.7139,77.7567,Dryland,27.1,31.11,24.3,72.28,2.85,0.0,19.01,36.91
2013-05-22,Tirunelveli,8.7139,77.7567,Dryland,27.42,31.78,24.68,76.93,4.32,4.1,21.82,36.88
2013-05-23,Tirunelveli,8.7139,77.7567,Dryland,27.24,31.07,24.95,78.98,4.55,1.11,20.56,36.85
2013-05-24,Tirunelveli,8.7139,77.7567,Dryland,27.55,31.17,25.35,79.46,4.82,1.96,19.38,36.81
2013-05-25,Tirunelveli,8.7139,77.7567,Dryland,26.77,30.17,24.57,79.39,4.69,2.78,19.17,36.79
2013-05-26,Tirunelveli,8.7139,77.7567,Dryland,26.47,30.05,24.2,79.31,4.15,1.21,19.9,36.76
2013-05-27,Tirunelveli,8.7139,77.7567,Dryland,26.24,30.02,23.78,78.36,4.1,0.15,22.07,36.74
2013-05-28,Tirunelveli,8.7139,77.7567,Dryland,26.35,29.58,24.19,77.76,4.01,0.03,20.3,36.72
2013-05-29,Tirunelveli,8.7139,77.7567,Dryland,26.62,29.55,24.38,78.15,4.23,0.01,21.22,36.7
2013-05-30,Tirunelveli,8.7139,77.7567,Dryland,27.0,31.11,24.56,78.41,3.96,0.74,22.31,36.67
2013-05-31,Tirunelveli,8.7139,77.7567,Dryland,26.21,29.94,24.1,79.1,4.6,9.98,12.58,36.65
2013-06-01,Tirunelveli,8.7139,77.7567,Dryland,25.58,28.02,23.67,81.08,4.49,9.6,13.88,36.62
2013-06-02,Tirunelveli,8.7139,77.7567,Dryland,25.43,28.47,23.51,82.14,5.25,11.57,10.43,36.58
2013-06-03,Tirunelveli,8.7139,77.7567,Dryland,25.53,29.25,22.99,83.17,5.46,10.22,12.54,36.56
2013-06-04,Tirunelveli,8.7139,77.7567,Dryland,25.97,28.62,24.09,82.6,4.46,1.07,15.95,36.54
2013-06-05,Tirunelveli,8.7139,77.7567,Dryland,26.68,31.04,23.62,80.4,4.29,0.68,19.88,36.52
2013-06-06,Tirunelveli,8.7139,77.7567,Dryland,26.76,30.96,23.86,78.76,4.59,2.05,18.79,36.5
2013-06-07,Tirunelveli,8.7139,77.7567,Dryland,25.81,28.53,24.01,83.46,4.89,8.71,18.22,36.48
2013-06-08,Tirunelveli,8.7139,77.7567,Dryland,24.93,27.6,23.51,84.58,5.35,12.1,9.0,36.46
2013-06-09,Tirunelveli,8.7139,77.7567,Dryland,25.54,29.2,23.0,84.24,4.82,3.58,17.89,36.45
2013-06-10,Tirunelveli,8.7139,77.7567,Dryland,26.25,30.08,23.33,81.2,4.95,0.71,16.04,36.43
2013-06-11,Tirunelveli,8.7139,77.7567,Dryland,25.8,28.23,24.36,86.42,5.1,8.67,16.09,36.42
2013-06-12,Tirunelveli,8.7139,77.7567,Dryland,25.13,28.08,23.52,82.98,5.71,7.51,10.54,36.4
2013-06-13,Tirunelveli,8.7139,77.7567,Dryland,25.18,27.87,23.31,83.02,6.04,3.39,10.62,36.39
2013-06-14,Tirunelveli,8.7139,77.7567,Dryland,26.16,29.56,24.21,85.0,5.49,1.68,17.34,36.38
2013-06-15,Tirunelveli,8.7139,77.7567,Dryland,25.45,27.44,24.06,88.12,5.6,12.24,16.48,36.37
2013-06-16,Tirunelveli,8.7139,77.7567,Dryland,25.38,28.1,23.7,87.32,4.93,9.49,15.43,36.36
2013-06-17,Tirunelveli,8.7139,77.7567,Dryland,24.68,27.08,23.2,87.04,4.87,6.29,9.57,36.35
2013-06-18,Tirunelveli,8.7139,77.7567,Dryland,25.0,27.85,23.3,86.71,4.19,2.01,12.62,36.34
2013-06-19,Tirunelveli,8.7139,77.7567,Dryland,25.0,27.24,23.08,87.57,4.93,9.17,11.61,36.32
2013-06-20,Tirunelveli,8.7139,77.7567,Dryland,25.22,29.03,22.74,84.35,5.01,2.73,15.23,36.32
2013-06-21,Tirunelveli,8.7139,77.7567,Dryland,25.06,28.28,22.78,85.43,5.19,6.36,13.5,36.31
2013-06-22,Tirunelveli,8.7139,77.7567,Dryland,24.47,27.6,22.42,85.9,5.38,8.98,9.56,36.31
2013-06-23,Tirunelveli,8.7139,77.7567,Dryland,24.89,27.19,23.06,88.38,5.19,9.53,10.9,36.32
2013-06-24,Tirunelveli,8.7139,77.7567,Dryland,25.34,27.86,23.88,87.7,5.1,3.86,16.85,36.32
2013-06-25,Tirunelveli,8.7139,77.7567,Dryland,25.45,28.47,23.66,87.29,4.29,4.56,15.25,36.32
2013-06-26,Tirunelveli,8.7139,77.7567,Dryland,25.11,28.02,23.5,87.01,3.77,2.13,16.3,36.32
2013-06-27,Tirunelveli,8.7139,77.7567,Dryland,25.42,29.03,23.21,85.66,3.69,0.24,19.53,36.31
2013-06-28,Tirunelveli,8.7139,77.7567,Dryland,25.4,29.62,22.57,84.51,2.96,0.01,19.2,36.31
2013-06-29,Tirunelveli,8.7139,77.7567,Dryland,24.95,28.37,22.58,86.47,3.13,0.01,21.67,36.31
2013-06-30,Tirunelveli,8.7139,77.7567,Dryland,24.57,26.64,23.3,88.97,4.06,3.16,19.09,36.32
2013-07-01,Tirunelveli,8.7139,77.7567,Dryland,24.02,25.84,22.36,86.21,4.28,1.72,16.76,36.33
2013-07-02,Tirunelveli,8.7139,77.7567,Dryland,24.82,27.66,22.21,87.53,5.12,2.94,16.24,36.33
2013-07-03,Tirunelveli,8.7139,77.7567,Dryland,25.05,28.08,23.28,85.68,4.99,2.05,15.95,36.34
2013-07-04,Tirunelveli,8.7139,77.7567,Dryland,25.36,28.96,22.96,84.45,4.94,1.24,17.17,36.34
2013-07-05,Tirunelveli,8.7139,77.7567,Dryland,25.21,28.39,22.95,85.32,4.51,0.38,20.73,36.34
2013-07-06,Tirunelveli,8.7139,77.7567,Dryland,25.57,29.89,22.75,82.07,5.03,3.37,22.18,36.35
2013-07-07,Tirunelveli,8.7139,77.7567,Dryland,24.61,27.25,22.97,84.42,5.13,3.82,14.9,36.36
2013-07-08,Tirunelveli,8.7139,77.7567,Dryland,24.38,26.89,22.91,87.73,4.7,4.6,13.78,36.37
2013-07-09,Tirunelveli,8.7139,77.7567,Dryland,24.64,27.7,22.87,85.12,4.86,5.44,13.59,36.39
2013-07-10,Tirunelveli,8.7139,77.7567,Dryland,24.51,27.8,22.7,84.7,5.26,4.12,9.47,36.41
2013-07-11,Tirunelveli,8.7139,77.7567,Dryland,24.55,28.55,22.54,83.38,4.58,0.3,14.02,36.43
2013-07-12,Tirunelveli,8.7139,77.7567,Dryland,24.58,27.49,22.54,84.8,4.58,1.81,15.02,36.45
2013-07-13,Tirunelveli,8.7139,77.7567,Dryland,24.07,26.42,22.28,86.61,4.32,0.86,19.08,36.47
2013-07-14,Tirunelveli,8.7139,77.7567,Dryland,25.06,29.22,21.88,85.71,4.3,4.04,20.85,36.48
2013-07-15,Tirunelveli,8.7139,77.7567,Dryland,25.18,28.59,23.13,83.08,5.29,0.77,16.81,36.5
2013-07-16,Tirunelveli,8.7139,77.7567,Dryland,24.63,27.38,22.71,85.83,4.95,0.62,14.4,36.51
2013-07-17,Tirunelveli,8.7139,77.7567,Dryland,24.78,27.86,22.78,87.1,3.87,4.82,15.4,36.53
2013-07-18,Tirunelveli,8.7139,77.7567,Dryland,24.42,26.91,22.84,87.46,4.55,4.69,13.57,36.55
2013-07-19,Tirunelveli,8.7139,77.7567,Dryland,24.44,27.23,22.57,84.41,4.91,6.91,14.35,36.57
2013-07-20,Tirunelveli,8.7139,77.7567,Dryland,24.46,27.13,22.68,86.25,4.27,1.9,13.53,36.59
2013-07-21,Tirunelveli,8.7139,77.7567,Dryland,24.39,27.91,22.48,86.35,4.54,2.12,12.33,36.61
2013-07-22,Tirunelveli,8.7139,77.7567,Dryland,24.33,26.83,22.19,87.52,4.77,4.05,11.52,36.64
2013-07-23,Tirunelveli,8.7139,77.7567,Dryland,24.5,26.77,22.93,89.97,4.3,4.74,13.5,36.65
2013-07-24,Tirunelveli,8.7139,77.7567,Dryland,24.57,27.02,22.91,87.93,4.57,5.55,14.65,36.67
2013-07-25,Tirunelveli,8.7139,77.7567,Dryland,24.12,26.48,22.58,89.7,3.69,3.37,11.98,36.69
2013-07-26,Tirunelveli,8.7139,77.7567,Dryland,24.19,26.82,22.31,89.7,2.82,5.3,14.98,36.71
2013-07-27,Tirunelveli,8.7139,77.7567,Dryland,24.81,28.21,22.6,86.79,3.37,1.45,19.46,36.73
2013-07-28,Tirunelveli,8.7139,77.7567,Dryland,25.57,30.09,22.53,83.74,4.14,0.02,22.13,36.75
2013-07-29,Tirunelveli,8.7139,77.7567,Dryland,24.05,26.88,21.76,85.27,4.14,0.0,21.76,36.77
2013-07-30,Tirunelveli,8.7139,77.7567,Dryland,24.32,27.4,21.47,88.76,3.54,0.0,19.32,36.79
2013-07-31,Tirunelveli,8.7139,77.7567,Dryland,24.96,27.94,23.19,86.79,4.46,0.13,19.44,36.82
2013-08-01,Tirunelveli,8.7139,77.7567,Dryland,25.18,28.54,23.28,85.32,4.95,4.52,18.1,36.84
2013-08-02,Tirunelveli,8.7139,77.7567,Dryland,25.04,28.33,23.11,84.94,4.97,2.84,19.83,36.86
2013-08-03,Tirunelveli,8.7139,77.7567,Dryland,24.75,28.1,22.89,85.96,4.53,1.72,20.32,36.88
2013-08-04,Tirunelveli,8.7139,77.7567,Dryland,23.88,26.11,22.22,90.42,5.2,21.01,13.79,36.9
2013-08-05,Tirunelveli,8.7139,77.7567,Dryland,23.59,26.11,22.3,88.97,5.53,5.94,12.16,36.92
2013-08-06,Tirunelveli,8.7139,77.7567,Dryland,23.88,26.96,21.82,86.52,4.93,0.33,16.05,36.94
2013-08-07,Tirunelveli,8.7139,77.7567,Dryland,24.53,28.54,22.06,85.62,4.43,0.87,20.76,36.96
2013-08-08,Tirunelveli,8.7139,77.7567,Dryland,24.78,28.75,22.39,85.25,4.8,0.73,22.11,36.98
2013-08-09,Tirunelveli,8.7139,77.7567,Dryland,24.44,27.64,22.45,86.54,4.27,0.83,20.16,37.0
2013-08-10,Tirunelveli,8.7139,77.7567,Dryland,24.63,28.0,22.64,86.9,4.09,1.53,14.98,37.02
2013-08-11,Tirunelveli,8.7139,77.7567,Dryland,24.84,28.69,22.58,86.36,4.18,0.03,21.75,37.04
2013-08-12,Tirunelveli,8.7139,77.7567,Dryland,25.04,28.28,22.89,85.14,4.37,0.27,20.76,37.05
2013-08-13,Tirunelveli,8.7139,77.7567,Dryland,24.85,28.52,22.68,86.45,4.04,0.1,20.77,37.06
2013-08-14,Tirunelveli,8.7139,77.7567,Dryland,24.73,28.46,22.7,86.29,3.88,0.01,16.21,37.08
2013-08-15,Tirunelveli,8.7139,77.7567,Dryland,24.49,27.27,22.47,87.68,3.48,0.0,21.34,37.1
2013-08-16,Tirunelveli,8.7139,77.7567,Dryland,25.1,28.47,22.4,85.21,3.3,0.09,20.72,37.12
2013-08-17,Tirunelveli,8.7139,77.7567,Dryland,25.25,29.47,22.24,84.2,2.93,12.14,20.77,37.13
2013-08-18,Tirunelveli,8.7139,77.7567,Dryland,25.47,30.06,22.74,82.87,3.59,3.81,19.13,37.15
2013-08-19,Tirunelveli,8.7139,77.7567,Dryland,25.59,30.62,22.84,83.19,3.34,1.52,21.67,37.16
2013-08-20,Tirunelveli,8.7139,77.7567,Dryland,25.25,29.76,22.17,84.12,4.03,0.51,21.66,37.17
2013-08-21,Tirunelveli,8.7139,77.7567,Dryland,25.46,29.57,22.99,83.57,4.26,0.0,19.45,37.18
2013-08-22,Tirunelveli,8.7139,77.7567,Dryland,25.46,29.87,22.5,83.27,3.8,0.03,21.59,37.19
2013-08-23,Tirunelveli,8.7139,77.7567,Dryland,25.74,31.0,21.79,81.11,3.88,0.0,23.02,37.2
2013-08-24,Tirunelveli,8.7139,77.7567,Dryland,25.6,30.39,22.15,81.11,4.11,0.0,24.0,37.2
2013-08-25,Tirunelveli,8.7139,77.7567,Dryland,25.72,30.32,22.51,81.35,4.35,0.0,22.89,37.21
2013-08-26,Tirunelveli,8.7139,77.7567,Dryland,26.1,31.13,22.83,81.02,4.29,0.26,21.66,37.21
2013-08-27,Tirunelveli,8.7139,77.7567,Dryland,26.35,31.34,23.42,80.19,3.64,1.18,22.13,37.21
2013-08-28,Tirunelveli,8.7139,77.7567,Dryland,25.51,29.87,22.86,82.52,3.56,6.34,18.67,37.21
2013-08-29,Tirunelveli,8.7139,77.7567,Dryland,25.16,28.7,22.63,85.4,2.85,2.22,18.0,37.21
2013-08-30,Tirunelveli,8.7139,77.7567,Dryland,25.64,29.23,23.08,84.29,2.11,1.09,20.32,37.21
2013-08-31,Tirunelveli,8.7139,77.7567,Dryland,25.48,28.27,23.04,86.22,1.87,0.23,19.72,37.2
2013-09-01,Tirunelveli,8.7139,77.7567,Dryland,25.7,29.96,23.05,85.02,1.93,1.32,20.23,37.2
2013-09-02,Tirunelveli,8.7139,77.7567,Dryland,25.47,29.09,23.03,85.21,2.02,2.86,20.09,37.19
2013-09-03,Tirunelveli,8.7139,77.7567,Dryland,24.6,27.06,22.92,88.17,2.3,2.31,22.47,37.19
2013-09-04,Tirunelveli,8.7139,77.7567,Dryland,25.08,29.03,22.12,83.56,2.75,2.76,18.12,37.19
2013-09-05,Tirunelveli,8.7139,77.7567,Dryland,25.29,29.76,22.21,81.28,3.3,2.86,19.56,37.18
2013-09-06,Tirunelveli,8.7139,77.7567,Dryland,24.64,27.93,22.54,85.11,3.14,10.98,11.67,37.17
2013-09-07,Tirunelveli,8.7139,77.7567,Dryland,24.58,28.29,22.17,84.7,3.67,3.1,11.03,37.16
2013-09-08,Tirunelveli,8.7139,77.7567,Dryland,24.42,27.9,22.45,84.63,4.13,7.96,18.19,37.14
2013-09-09,Tirunelveli,8.7139,77.7567,Dryland,23.93,27.62,21.78,83.46,4.68,0.81,17.79,37.13
2013-09-10,Tirunelveli,8.7139,77.7567,Dryland,25.03,29.94,22.01,81.5,4.46,2.09,17.79,37.11
2013-09-11,Tirunelveli,8.7139,77.7567,Dryland,24.92,28.97,22.5,83.94,4.31,2.24,14.21,37.09
2013-09-12,Tirunelveli,8.7139,77.7567,Dryland,25.14,29.34,23.11,83.01,4.42,5.1,10.96,37.08
2013-09-13,Tirunelveli,8.7139,77.7567,Dryland,25.4,29.66,22.96,83.72,4.66,3.2,15.29,37.06
2013-09-14,Tirunelveli,8.7139,77.7567,Dryland,25.38,29.39,22.97,83.81,4.59,2.6,17.36,37.03
2013-09-15,Tirunelveli,8.7139,77.7567,Dryland,24.98,27.62,23.3,86.23,4.26,1.41,20.86,37.01
2013-09-16,Tirunelveli,8.7139,77.7567,Dryland,25.72,29.22,23.94,85.87,4.54,3.65,18.36,36.98
2013-09-17,Tirunelveli,8.7139,77.7567,Dryland,25.03,27.88,23.03,85.73,5.94,4.86,14.42,36.95
2013-09-18,Tirunelveli,8.7139,77.7567,Dryland,25.16,29.01,22.92,83.63,5.03,2.1,11.01,36.92
2013-09-19,Tirunelveli,8.7139,77.7567,Dryland,25.38,28.54,23.5,86.05,4.97,2.19,16.88,36.89
2013-09-20,Tirunelveli,8.7139,77.7567,Dryland,25.39,28.1,23.65,87.85,5.08,1.4,20.6,36.86
2013-09-21,Tirunelveli,8.7139,77.7567,Dryland,25.75,29.13,23.9,85.19,4.56,0.19,19.82,36.82
2013-09-22,Tirunelveli,8.7139,77.7567,Dryland,26.31,31.34,23.43,81.06,4.11,0.03,21.73,36.79
2013-09-23,Tirunelveli,8.7139,77.7567,Dryland,26.11,31.88,22.79,80.64,3.57,0.0,22.51,36.75
2013-09-24,Tirunelveli,8.7139,77.7567,Dryland,26.49,32.52,22.53,78.02,3.52,0.0,24.34,36.71
2013-09-25,Tirunelveli,8.7139,77.7567,Dryland,26.89,32.89,22.8,76.01,3.22,0.0,24.94,36.67
2013-09-26,Tirunelveli,8.7139,77.7567,Dryland,26.88,33.41,22.45,74.58,2.99,0.0,25.15,36.62
2013-09-27,Tirunelveli,8.7139,77.7567,Dryland,27.16,33.75,22.37,73.05,2.97,0.0,25.01,36.58
2013-09-28,Tirunelveli,8.7139,77.7567,Dryland,26.68,32.73,22.83,76.25,3.61,0.0,24.13,36.53
2013-09-29,Tirunelveli,8.7139,77.7567,Dryland,26.14,31.12,23.26,77.44,4.15,1.99,20.69,36.48
2013-09-30,Tirunelveli,8.7139,77.7567,Dryland,25.85,30.9,22.9,80.38,3.98,1.55,20.59,36.43
2013-10-01,Tirunelveli,8.7139,77.7567,Dryland,25.81,31.03,23.04,83.04,3.78,2.99,20.35,36.38
2013-10-02,Tirunelveli,8.7139,77.7567,Dryland,26.01,30.63,23.44,81.47,3.83,0.86,20.61,36.33
2013-10-03,Tirunelveli,8.7139,77.7567,Dryland,26.16,32.05,22.43,77.27,3.6,0.03,21.98,36.28
2013-10-04,Tirunelveli,8.7139,77.7567,Dryland,26.04,32.44,21.65,71.0,3.17,0.0,24.32,36.22
2013-10-05,Tirunelveli,8.7139,77.7567,Dryland,25.53,33.07,19.37,71.31,3.22,0.0,24.52,36.16
2013-10-06,Tirunelveli,8.7139,77.7567,Dryland,26.13,32.14,21.99,75.56,3.48,0.01,23.2,36.1
2013-10-07,Tirunelveli,8.7139,77.7567,Dryland,25.35,29.23,22.59,83.2,2.81,4.23,22.4,36.05
2013-10-08,Tirunelveli,8.7139,77.7567,Dryland,25.89,30.21,23.15,84.36,3.12,9.35,20.94,35.98
2013-10-09,Tirunelveli,8.7139,77.7567,Dryland,25.25,29.29,22.46,80.1,2.59,1.86,19.82,35.92
2013-10-10,Tirunelveli,8.7139,77.7567,Dryland,26.25,32.63,21.93,75.55,3.25,0.0,18.77,35.86
2013-10-11,Tirunelveli,8.7139,77.7567,Dryland,26.31,31.55,23.28,78.05,4.03,0.12,21.58,35.79
2013-10-12,Tirunelveli,8.7139,77.7567,Dryland,25.7,29.77,23.61,81.39,4.31,0.9,21.18,35.72
2013-10-13,Tirunelveli,8.7139,77.7567,Dryland,26.25,30.29,23.52,80.67,4.0,0.58,18.02,35.65
2013-10-14,Tirunelveli,8.7139,77.7567,Dryland,27.23,33.54,23.15,74.85,3.59,0.02,23.62,35.59
2013-10-15,Tirunelveli,8.7139,77.7567,Dryland,27.23,33.07,23.1,74.36,3.42,0.56,21.56,35.52
2013-10-16,Tirunelveli,8.7139,77.7567,Dryland,25.91,30.15,23.48,83.12,2.53,21.19,19.51,35.45
2013-10-17,Tirunelveli,8.7139,77.7567,Dryland,24.22,26.86,22.31,88.16,2.28,0.82,15.85,35.38
2013-10-18,Tirunelveli,8.7139,77.7567,Dryland,24.29,27.58,21.93,85.47,1.8,2.77,16.06,35.31
2013-10-19,Tirunelveli,8.7139,77.7567,Dryland,24.22,27.33,21.89,88.46,2.14,54.61,15.34,35.24
2013-10-20,Tirunelveli,8.7139,77.7567,Dryland,24.06,26.92,22.03,90.25,2.22,26.65,17.18,35.16
2013-10-21,Tirunelveli,8.7139,77.7567,Dryland,24.06,27.39,21.49,87.73,2.49,3.35,16.86,35.08
2013-10-22,Tirunelveli,8.7139,77.7567,Dryland,25.38,29.01,23.07,85.07,3.43,1.17,17.67,34.99
2013-10-23,Tirunelveli,8.7139,77.7567,Dryland,25.45,28.62,23.56,85.86,3.25,1.8,16.03,34.9
2013-10-24,Tirunelveli,8.7139,77.7567,Dryland,25.47,29.54,22.66,84.51,2.55,0.45,20.96,34.82
2013-10-25,Tirunelveli,8.7139,77.7567,Dryland,25.33,29.62,22.28,82.87,2.48,0.13,19.6,34.75
2013-10-26,Tirunelveli,8.7139,77.7567,Dryland,25.51,31.03,21.91,78.7,2.14,0.0,20.47,34.68
2013-10-27,Tirunelveli,8.7139,77.7567,Dryland,25.29,30.77,21.5,81.24,2.42,0.0,20.91,34.6
2013-10-28,Tirunelveli,8.7139,77.7567,Dryland,24.92,30.05,21.05,80.47,2.25,0.0,21.67,34.52
2013-10-29,Tirunelveli,8.7139,77.7567,Dryland,23.57,28.26,19.69,83.48,1.52,0.17,21.76,34.44
2013-10-30,Tirunelveli,8.7139,77.7567,Dryland,25.18,30.05,20.09,78.19,0.97,0.12,19.51,34.36
2013-10-31,Tirunelveli,8.7139,77.7567,Dryland,24.65,27.11,22.56,85.61,0.6,18.84,16.86,34.28
2013-11-01,Tirunelveli,8.7139,77.7567,Dryland,24.83,27.65,22.45,86.13,0.94,7.49,17.9,34.2
2013-11-02,Tirunelveli,8.7139,77.7567,Dryland,24.8,27.81,22.98,89.5,1.86,22.97,14.26,34.12
2013-11-03,Tirunelveli,8.7139,77.7567,Dryland,24.44,27.16,22.28,90.69,1.83,12.91,14.29,34.05
2013-11-04,Tirunelveli,8.7139,77.7567,Dryland,23.61,27.89,20.95,81.87,2.42,6.86,12.48,33.96
2013-11-05,Tirunelveli,8.7139,77.7567,Dryland,24.44,27.52,21.54,90.89,2.18,12.62,14.56,33.88
2013-11-06,Tirunelveli,8.7139,77.7567,Dryland,25.0,28.19,23.19,88.81,2.24,11.61,15.7,33.8
2013-11-07,Tirunelveli,8.7139,77.7567,Dryland,24.7,28.92,22.11,87.2,2.3,1.44,17.37,33.71
2013-11-08,Tirunelveli,8.7139,77.7567,Dryland,24.69,28.91,21.67,86.17,2.42,0.19,15.8,33.63
2013-11-09,Tirunelveli,8.7139,77.7567,Dryland,24.46,28.92,20.3,83.76,2.27,0.04,18.43,33.56
2013-11-10,Tirunelveli,8.7139,77.7567,Dryland,25.33,29.86,20.82,83.71,1.77,0.06,18.68,33.48
2013-11-11,Tirunelveli,8.7139,77.7567,Dryland,25.54,29.25,21.75,84.31,1.58,10.79,17.86,33.41
2013-11-12,Tirunelveli,8.7139,77.7567,Dryland,23.97,26.28,22.13,89.88,1.3,10.91,9.01,33.33
2013-11-13,Tirunelveli,8.7139,77.7567,Dryland,24.48,27.85,22.09,85.21,1.37,37.12,12.75,33.26
2013-11-14,Tirunelveli,8.7139,77.7567,Dryland,24.25,26.3,22.43,84.78,1.03,0.88,17.58,33.18
2013-11-15,Tirunelveli,8.7139,77.7567,Dryland,24.61,28.67,20.88,83.99,1.41,0.52,17.59,33.09
2013-11-16,Tirunelveli,8.7139,77.7567,Dryland,24.4,29.75,19.4,82.29,1.58,0.04,16.69,33.02
2013-11-17,Tirunelveli,8.7139,77.7567,Dryland,24.85,28.4,22.13,84.73,0.97,0.9,13.89,32.95
2013-11-18,Tirunelveli,8.7139,77.7567,Dryland,24.76,28.64,21.93,87.82,2.17,4.75,13.16,32.88
2013-11-19,Tirunelveli,8.7139,77.7567,Dryland,25.07,28.5,22.22,86.86,1.68,2.61,13.63,32.82
2013-11-20,Tirunelveli,8.7139,77.7567,Dryland,25.44,29.96,21.59,82.76,1.06,0.26,19.31,32.75
2013-11-21,Tirunelveli,8.7139,77.7567,Dryland,25.57,29.6,22.41,84.85,0.74,0.67,13.28,32.68
2013-11-22,Tirunelveli,8.7139,77.7567,Dryland,25.83,29.15,23.29,80.01,0.61,0.28,16.85,32.62
2013-11-23,Tirunelveli,8.7139,77.7567,Dryland,25.46,29.3,22.33,82.67,0.73,11.5,16.5,32.56
2013-11-24,Tirunelveli,8.7139,77.7567,Dryland,25.3,28.72,22.67,83.21,0.57,25.01,14.14,32.49
2013-11-25,Tirunelveli,8.7139,77.7567,Dryland,25.15,28.26,22.16,84.47,0.86,16.63,17.28,32.43
2013-11-26,Tirunelveli,8.7139,77.7567,Dryland,24.72,28.12,22.49,87.28,0.93,6.6,17.21,32.37
2013-11-27,Tirunelveli,8.7139,77.7567,Dryland,25.12,28.67,21.63,84.43,1.01,0.66,16.96,32.31
2013-11-28,Tirunelveli,8.7139,77.7567,Dryland,24.93,28.77,22.02,83.64,1.17,0.1,15.68,32.25
2013-11-29,Tirunelveli,8.7139,77.7567,Dryland,24.12,28.9,20.14,83.22,1.56,0.0,17.58,32.19
2013-11-30,Tirunelveli,8.7139,77.7567,Dryland,24.24,28.67,20.55,85.36,2.17,0.84,17.32,32.14
2013-12-01,Tirunelveli,8.7139,77.7567,Dryland,23.96,27.49,21.96,90.23,3.03,12.82,11.51,32.09
2013-12-02,Tirunelveli,8.7139,77.7567,Dryland,23.3,25.46,21.83,89.74,3.26,9.26,8.87,32.04
2013-12-03,Tirunelveli,8.7139,77.7567,Dryland,23.63,27.02,21.23,87.37,3.42,1.96,17.5,32.0
2013-12-04,Tirunelveli,8.7139,77.7567,Dryland,23.77,27.49,20.88,87.44,3.44,0.66,10.47,31.96
2013-12-05,Tirunelveli,8.7139,77.7567,Dryland,24.27,28.53,20.78,84.83,2.48,0.09,15.13,31.92
2013-12-06,Tirunelveli,8.7139,77.7567,Dryland,24.68,29.02,20.87,83.1,1.64,0.0,17.09,31.88
2013-12-07,Tirunelveli,8.7139,77.7567,Dryland,25.33,28.79,21.94,73.95,1.05,0.0,16.68,31.85
2013-12-08,Tirunelveli,8.7139,77.7567,Dryland,24.56,28.64,21.46,84.55,1.18,0.0,16.41,31.81
2013-12-09,Tirunelveli,8.7139,77.7567,Dryland,24.84,28.98,21.51,82.09,1.34,0.0,14.87,31.79
2013-12-10,Tirunelveli,8.7139,77.7567,Dryland,24.87,29.29,21.08,82.78,1.05,0.0,15.88,31.76
2013-12-11,Tirunelveli,8.7139,77.7567,Dryland,25.03,29.3,22.69,82.09,1.68,0.0,18.42,31.73
2013-12-12,Tirunelveli,8.7139,77.7567,Dryland,24.36,28.79,20.69,83.83,1.57,13.27,12.64,31.7
2013-12-13,Tirunelveli,8.7139,77.7567,Dryland,24.27,27.95,22.18,87.5,1.89,3.97,9.74,31.68
2013-12-14,Tirunelveli,8.7139,77.7567,Dryland,24.82,29.08,21.73,84.69,1.78,1.7,17.34,31.66
2013-12-15,Tirunelveli,8.7139,77.7567,Dryland,25.12,29.06,22.16,85.59,1.74,2.04,13.45,31.64
2013-12-16,Tirunelveli,8.7139,77.7567,Dryland,22.5,28.03,18.24,78.09,2.44,0.0,18.68,31.63
2013-12-17,Tirunelveli,8.7139,77.7567,Dryland,21.55,26.95,16.78,81.41,2.97,0.0,19.31,31.62
2013-12-18,Tirunelveli,8.7139,77.7567,Dryland,22.94,28.17,18.57,82.59,2.62,0.0,19.1,31.62
2013-12-19,Tirunelveli,8.7139,77.7567,Dryland,23.87,29.17,19.23,82.34,2.11,0.05,15.23,31.61
2013-12-20,Tirunelveli,8.7139,77.7567,Dryland,23.95,29.07,20.05,82.49,2.44,0.01,17.15,31.61
2013-12-21,Tirunelveli,8.7139,77.7567,Dryland,23.1,27.77,19.74,82.85,2.31,0.06,17.29,31.61
2013-12-22,Tirunelveli,8.7139,77.7567,Dryland,23.12,28.54,19.83,79.38,3.22,0.0,16.49,31.62
2013-12-23,Tirunelveli,8.7139,77.7567,Dryland,22.85,28.77,17.88,77.07,3.5,0.0,20.51,31.62
2013-12-24,Tirunelveli,8.7139,77.7567,Dryland,23.96,29.11,21.04,80.94,3.83,0.0,15.39,31.63
2013-12-25,Tirunelveli,8.7139,77.7567,Dryland,24.01,29.44,19.67,75.74,2.87,0.0,13.38,31.64
2013-12-26,Tirunelveli,8.7139,77.7567,Dryland,23.02,27.7,19.47,78.71,3.07,0.0,16.91,31.66
2013-12-27,Tirunelveli,8.7139,77.7567,Dryland,23.23,29.26,18.55,77.85,2.5,0.0,18.8,31.68
2013-12-28,Tirunelveli,8.7139,77.7567,Dryland,23.42,29.66,17.83,77.4,1.92,0.0,17.97,31.7
2013-12-29,Tirunelveli,8.7139,77.7567,Dryland,23.2,29.5,17.93,75.59,2.27,0.0,16.65,31.72
2013-12-30,Tirunelveli,8.7139,77.7567,Dryland,22.97,29.94,17.44,73.73,2.79,0.0,18.72,31.75
2013-12-31,Tirunelveli,8.7139,77.7567,Dryland,23.33,30.09,17.44,75.98,2.81,0.0,20.22,31.78
2014-01-01,Tirunelveli,8.7139,77.7567,Dryland,23.73,30.22,19.38,76.66,3.52,0.0,17.91,31.82
2014-01-02,Tirunelveli,8.7139,77.7567,Dryland,23.72,30.28,17.71,74.93,2.96,0.0,19.22,31.85
2014-01-03,Tirunelveli,8.7139,77.7567,Dryland,24.47,30.72,18.78,76.35,2.7,0.0,16.89,31.89
2014-01-04,Tirunelveli,8.7139,77.7567,Dryland,24.87,31.21,20.4,73.03,2.57,0.0,16.0,31.92
2014-01-05,Tirunelveli,8.7139,77.7567,Dryland,24.83,31.65,17.47,65.83,1.51,0.0,20.57,31.94
2014-01-06,Tirunelveli,8.7139,77.7567,Dryland,25.42,32.29,19.66,68.25,1.46,0.08,19.72,31.98
2014-01-07,Tirunelveli,8.7139,77.7567,Dryland,23.1,26.3,20.83,85.47,3.02,10.63,11.16,32.02
2014-01-08,Tirunelveli,8.7139,77.7567,Dryland,23.94,28.93,20.93,85.37,3.82,8.73,5.38,32.07
2014-01-09,Tirunelveli,8.7139,77.7567,Dryland,24.3,29.47,21.35,82.77,3.32,3.75,12.47,32.14
2014-01-10,Tirunelveli,8.7139,77.7567,Dryland,24.43,30.69,20.5,75.21,2.89,0.0,19.19,32.2
2014-01-11,Tirunelveli,8.7139,77.7567,Dryland,24.04,30.93,19.34,75.58,2.44,0.0,21.39,32.27
2014-01-12,Tirunelveli,8.7139,77.7567,Dryland,24.65,31.8,19.53,75.0,2.15,0.0,19.57,32.34
2014-01-13,Tirunelveli,8.7139,77.7567,Dryland,23.45,28.21,20.53,81.63,2.91,0.02,18.25,32.4
2014-01-14,Tirunelveli,8.7139,77.7567,Dryland,24.93,30.14,21.35,79.78,2.99,1.52,15.42,32.46
2014-01-15,Tirunelveli,8.7139,77.7567,Dryland,25.16,31.27,20.99,76.42,2.53,0.15,11.45,32.53
2014-01-16,Tirunelveli,8.7139,77.7567,Dryland,25.43,31.7,21.45,75.34,2.81,0.01,17.89,32.6
2014-01-17,Tirunelveli,8.7139,77.7567,Dryland,24.74,30.45,21.03,74.61,2.92,3.65,17.1,32.67
2014-01-18,Tirunelveli,8.7139,77.7567,Dryland,24.38,31.59,19.35,71.04,3.27,0.02,19.86,32.74
2014-01-19,Tirunelveli,8.7139,77.7567,Dryland,24.91,31.38,20.45,73.61,3.31,0.0,18.37,32.81
2014-01-20,Tirunelveli,8.7139,77.7567,Dryland,24.49,31.08,19.78,70.96,3.3,0.0,18.72,32.88
2014-01-21,Tirunelveli,8.7139,77.7567,Dryland,24.55,31.99,18.24,70.78,3.23,0.0,20.36,32.95
2014-01-22,Tirunelveli,8.7139,77.7567,Dryland,25.07,31.62,20.6,72.87,3.34,0.01,19.11,33.02
2014-01-23,Tirunelveli,8.7139,77.7567,Dryland,25.25,31.86,20.73,71.92,2.99,0.0,19.79,33.1
2014-01-24,Tirunelveli,8.7139,77.7567,Dryland,25.08,30.99,21.41,76.18,2.84,7.48,18.96,33.18
2014-01-25,Tirunelveli,8.7139,77.7567,Dryland,24.75,31.43,20.2,72.14,3.68,0.0,19.49,33.26
2014-01-26,Tirunelveli,8.7139,77.7567,Dryland,24.3,30.93,19.51,68.44,4.24,0.0,20.87,33.35
2014-01-27,Tirunelveli,8.7139,77.7567,Dryland,24.26,31.42,17.99,69.03,3.78,0.0,20.67,33.43
2014-01-28,Tirunelveli,8.7139,77.7567,Dryland,24.83,32.2,18.56,70.26,3.15,0.0,22.31,33.52
2014-01-29,Tirunelveli,8.7139,77.7567,Dryland,25.02,32.84,18.76,67.57,2.44,0.0,21.8,33.6
2014-01-30,Tirunelveli,8.7139,77.7567,Dryland,25.56,32.9,20.05,67.54,2.84,0.0,21.79,33.68
2014-01-31,Tirunelveli,8.7139,77.7567,Dryland,25.85,32.99,20.72,68.47,3.28,0.0,21.85,33.75
2014-02-01,Tirunelveli,8.7139,77.7567,Dryland,25.88,32.24,21.63,69.93,3.77,0.0,21.45,33.82
2014-02-02,Tirunelveli,8.7139,77.7567,Dryland,25.7,32.21,21.25,71.03,4.41,0.01,19.33,33.89
2014-02-03,Tirunelveli,8.7139,77.7567,Dryland,25.25,32.49,20.67,68.68,3.66,0.0,22.11,33.98
2014-02-04,Tirunelveli,8.7139,77.7567,Dryland,24.74,33.12,19.02,67.27,2.31,0.0,22.33,34.08
2014-02-05,Tirunelveli,8.7139,77.7567,Dryland,24.75,34.07,17.88,65.26,2.02,0.0,22.17,34.17
2014-02-06,Tirunelveli,8.7139,77.7567,Dryland,24.27,33.09,16.82,66.56,2.57,0.0,23.48,34.28
2014-02-07,Tirunelveli,8.7139,77.7567,Dryland,24.49,33.21,17.9,66.33,2.42,0.0,24.07,34.38
2014-02-08,Tirunelveli,8.7139,77.7567,Dryland,24.37,33.1,17.26,66.24,2.54,0.0,23.41,34.47
2014-02-09,Tirunelveli,8.7139,77.7567,Dryland,24.8,33.63,17.6,62.67,1.71,0.0,24.16,34.56
2014-02-10,Tirunelveli,8.7139,77.7567,Dryland,25.69,34.66,18.26,60.91,1.36,0.0,23.37,34.64
2014-02-11,Tirunelveli,8.7139,77.7567,Dryland,25.81,34.39,18.87,60.55,1.49,0.0,22.77,34.73
2014-02-12,Tirunelveli,8.7139,77.7567,Dryland,26.47,34.72,20.15,56.75,1.16,0.0,22.13,34.81
2014-02-13,Tirunelveli,8.7139,77.7567,Dryland,26.95,35.25,20.53,59.74,1.42,0.0,22.12,34.89
2014-02-14,Tirunelveli,8.7139,77.7567,Dryland,27.38,35.57,20.98,61.88,1.56,0.0,19.64,34.97
2014-02-15,Tirunelveli,8.7139,77.7567,Dryland,28.07,35.87,22.08,61.23,1.3,0.0,18.91,35.06
2014-02-16,Tirunelveli,8.7139,77.7567,Dryland,28.11,35.04,23.22,63.44,1.86,0.0,18.49,35.16
2014-02-17,Tirunelveli,8.7139,77.7567,Dryland,29.02,37.31,22.99,61.33,1.21,0.0,19.82,35.25
2014-02-18,Tirunelveli,8.7139,77.7567,Dryland,28.51,35.04,23.8,62.37,2.98,0.0,16.97,35.34
2014-02-19,Tirunelveli,8.7139,77.7567,Dryland,28.15,34.97,22.81,62.09,2.87,0.0,19.38,35.42
2014-02-20,Tirunelveli,8.7139,77.7567,Dryland,27.68,34.56,22.88,66.8,2.5,2.34,17.82,35.51
2014-02-21,Tirunelveli,8.7139,77.7567,Dryland,26.64,33.4,22.24,67.9,2.08,1.64,18.72,35.59
2014-02-22,Tirunelveli,8.7139,77.7567,Dryland,27.52,35.26,21.55,60.86,2.16,0.08,20.37,35.66
2014-02-23,Tirunelveli,8.7139,77.7567,Dryland,27.35,35.52,21.08,58.93,2.19,0.0,21.19,35.74
2014-02-24,Tirunelveli,8.7139,77.7567,Dryland,26.88,33.45,22.6,71.51,3.63,3.12,16.68,35.82
2014-02-25,Tirunelveli,8.7139,77.7567,Dryland,27.06,33.86,22.9,69.7,4.13,0.48,21.63,35.91
2014-02-26,Tirunelveli,8.7139,77.7567,Dryland,27.25,35.03,21.99,60.33,3.2,0.0,24.4,35.99
2014-02-27,Tirunelveli,8.7139,77.7567,Dryland,27.18,33.23,21.87,65.95,1.77,0.19,21.8,36.07
2014-02-28,Tirunelveli,8.7139,77.7567,Dryland,27.63,33.82,22.64,68.23,1.68,1.7,19.67,36.14
2014-03-01,Tirunelveli,8.7139,77.7567,Dryland,27.55,33.11,23.54,69.17,1.69,6.83,16.61,36.21
2014-03-02,Tirunelveli,8.7139,77.7567,Dryland,25.72,29.27,23.03,76.72,1.55,4.78,17.65,36.28
2014-03-03,Tirunelveli,8.7139,77.7567,Dryland,26.99,32.65,22.82,69.95,1.41,0.01,17.74,36.35
2014-03-04,Tirunelveli,8.7139,77.7567,Dryland,27.39,33.76,23.18,69.95,2.03,0.43,20.25,36.43
2014-03-05,Tirunelveli,8.7139,77.7567,Dryland,26.87,32.62,23.17,74.96,1.92,5.01,19.23,36.5
2014-03-06,Tirunelveli,8.7139,77.7567,Dryland,26.17,31.4,23.03,77.64,2.1,3.16,19.69,36.57
2014-03-07,Tirunelveli,8.7139,77.7567,Dryland,26.75,32.51,22.84,71.35,2.89,0.41,20.21,36.64
2014-03-08,Tirunelveli,8.7139,77.7567,Dryland,26.47,30.9,23.63,71.85,2.67,0.0,20.07,36.7
2014-03-09,Tirunelveli,8.7139,77.7567,Dryland,26.97,33.22,23.22,66.11,3.02,0.0,14.85,36.75
2014-03-10,Tirunelveli,8.7139,77.7567,Dryland,27.69,35.1,22.82,62.33,3.02,0.0,22.38,36.81
2014-03-11,Tirunelveli,8.7139,77.7567,Dryland,27.33,34.0,23.18,62.16,4.1,0.0,22.2,36.86
2014-03-12,Tirunelveli,8.7139,77.7567,Dryland,26.81,34.58,21.82,62.69,3.91,0.0,23.13,36.91
2014-03-13,Tirunelveli,8.7139,77.7567,Dryland,27.21,35.1,21.34,63.34,3.61,0.0,24.31,36.97
2014-03-14,Tirunelveli,8.7139,77.7567,Dryland,26.74,34.71,20.72,64.07,3.33,0.0,24.05,37.02
2014-03-15,Tirunelveli,8.7139,77.7567,Dryland,26.78,35.61,19.71,60.95,2.87,0.0,23.1,37.08
2014-03-16,Tirunelveli,8.7139,77.7567,Dryland,27.19,35.63,20.66,63.36,3.08,0.0,21.36,37.13
2014-03-17,Tirunelveli,8.7139,77.7567,Dryland,28.17,36.24,21.69,63.23,3.6,0.0,21.25,37.18
2014-03-18,Tirunelveli,8.7139,77.7567,Dryland,29.12,36.25,23.54,59.49,3.52,0.0,21.58,37.22
2014-03-19,Tirunelveli,8.7139,77.7567,Dryland,27.79,32.75,23.91,64.3,2.54,0.32,18.53,37.27
2014-03-20,Tirunelveli,8.7139,77.7567,Dryland,29.22,36.28,23.61,61.44,2.13,0.36,18.11,37.3
2014-03-21,Tirunelveli,8.7139,77.7567,Dryland,29.91,37.71,23.39,59.22,1.71,0.24,22.34,37.35
2014-03-22,Tirunelveli,8.7139,77.7567,Dryland,30.21,37.75,24.84,59.12,1.46,0.16,22.46,37.38
2014-03-23,Tirunelveli,8.7139,77.7567,Dryland,29.76,37.76,24.15,58.84,1.72,0.07,22.72,37.42
2014-03-24,Tirunelveli,8.7139,77.7567,Dryland,29.27,37.51,22.47,56.09,1.69,0.0,24.57,37.45
2014-03-25,Tirunelveli,8.7139,77.7567,Dryland,28.71,37.21,22.01,52.97,2.49,0.0,26.0,37.48
2014-03-26,Tirunelveli,8.7139,77.7567,Dryland,27.85,36.49,19.96,56.42,2.61,0.0,24.8,37.52
2014-03-27,Tirunelveli,8.7139,77.7567,Dryland,28.49,37.14,20.74,57.01,2.3,0.0,23.51,37.55
2014-03-28,Tirunelveli,8.7139,77.7567,Dryland,27.95,36.35,21.62,55.82,2.07,0.0,23.71,37.57
2014-03-29,Tirunelveli,8.7139,77.7567,Dryland,27.93,37.28,20.72,52.94,2.2,0.0,26.12,37.6
2014-03-30,Tirunelveli,8.7139,77.7567,Dryland,28.96,38.42,20.57,47.33,1.99,0.0,26.17,37.62
2014-03-31,Tirunelveli,8.7139,77.7567,Dryland,30.03,38.73,22.7,58.38,1.94,0.0,24.5,37.64
2014-04-01,Tirunelveli,8.7139,77.7567,Dryland,30.85,39.25,25.39,56.87,2.54,0.0,21.3,37.65
2014-04-02,Tirunelveli,8.7139,77.7567,Dryland,31.22,39.12,25.81,56.44,2.38,0.0,19.48,37.66
2014-04-03,Tirunelveli,8.7139,77.7567,Dryland,30.43,38.21,24.54,59.67,1.97,0.0,23.37,37.67
2014-04-04,Tirunelveli,8.7139,77.7567,Dryland,30.11,37.28,25.26,60.01,1.72,0.01,22.52,37.68
2014-04-05,Tirunelveli,8.7139,77.7567,Dryland,29.85,36.64,25.11,61.74,1.62,0.23,21.14,37.7
2014-04-06,Tirunelveli,8.7139,77.7567,Dryland,27.61,31.41,25.01,69.34,1.57,0.59,20.98,37.71
2014-04-07,Tirunelveli,8.7139,77.7567,Dryland,27.44,31.24,24.56,72.95,1.65,0.64,20.13,37.72
2014-04-08,Tirunelveli,8.7139,77.7567,Dryland,27.25,30.36,24.24,73.02,1.66,0.07,19.88,37.73
2014-04-09,Tirunelveli,8.7139,77.7567,Dryland,29.2,35.35,24.69,63.77,2.42,0.01,23.26,37.74
2014-04-10,Tirunelveli,8.7139,77.7567,Dryland,29.87,36.98,24.88,62.84,1.91,0.97,20.3,37.74
2014-04-11,Tirunelveli,8.7139,77.7567,Dryland,28.99,34.89,24.75,65.84,2.74,0.33,23.34,37.74
2014-04-12,Tirunelveli,8.7139,77.7567,Dryland,30.11,37.85,23.95,60.12,2.51,0.27,22.69,37.74
2014-04-13,Tirunelveli,8.7139,77.7567,Dryland,29.85,36.26,24.75,61.91,1.84,1.71,21.09,37.73
2014-04-14,Tirunelveli,8.7139,77.7567,Dryland,28.75,34.67,24.33,70.29,1.34,7.97,18.07,37.72
2014-04-15,Tirunelveli,8.7139,77.7567,Dryland,27.42,31.81,24.32,74.21,1.23,0.7,20.26,37.71
2014-04-16,Tirunelveli,8.7139,77.7567,Dryland,28.67,36.01,23.01,67.04,1.57,1.72,22.51,37.7
2014-04-17,Tirunelveli,8.7139,77.7567,Dryland,29.12,36.05,24.43,66.39,2.37,1.9,23.27,37.69
2014-04-18,Tirunelveli,8.7139,77.7567,Dryland,29.15,35.3,24.37,66.75,2.28,0.55,23.92,37.69
2014-04-19,Tirunelveli,8.7139,77.7567,Dryland,29.74,36.15,24.76,63.98,1.37,0.05,23.8,37.69
2014-04-20,Tirunelveli,8.7139,77.7567,Dryland,30.12,36.45,25.33,61.35,1.29,0.01,24.91,37.68
2014-04-21,Tirunelveli,8.7139,77.7567,Dryland,29.52,34.4,25.2,65.78,1.02,0.0,22.46,37.67
2014-04-22,Tirunelveli,8.7139,77.7567,Dryland,28.67,32.89,25.12,68.99,1.2,0.22,20.67,37.65
2014-04-23,Tirunelveli,8.7139,77.7567,Dryland,28.49,32.9,25.26,69.59,1.28,1.08,14.85,37.64
2014-04-24,Tirunelveli,8.7139,77.7567,Dryland,27.87,31.71,25.07,76.37,1.55,4.56,21.38,37.62
2014-04-25,Tirunelveli,8.7139,77.7567,Dryland,28.64,34.17,24.56,73.43,2.29,1.09,23.16,37.6
2014-04-26,Tirunelveli,8.7139,77.7567,Dryland,29.01,33.5,24.99,71.39,1.96,0.01,22.24,37.58
2014-04-27,Tirunelveli,8.7139,77.7567,Dryland,27.94,31.85,25.48,78.95,1.81,9.09,20.77,37.56
2014-04-28,Tirunelveli,8.7139,77.7567,Dryland,27.91,32.57,24.84,76.24,1.82,1.97,21.46,37.54
2014-04-29,Tirunelveli,8.7139,77.7567,Dryland,28.01,33.77,24.28,68.59,1.18,4.97,11.79,37.51
2014-04-30,Tirunelveli,8.7139,77.7567,Dryland,27.29,32.16,24.04,77.66,0.99,9.52,12.89,37.48
2014-05-01,Tirunelveli,8.7139,77.7567,Dryland,28.56,34.74,24.06,70.03,1.07,1.13,19.22,37.45
2014-05-02,Tirunelveli,8.7139,77.7567,Dryland,28.29,33.51,24.28,74.74,1.04,6.56,18.04,37.42
2014-05-03,Tirunelveli,8.7139,77.7567,Dryland,28.29,32.94,24.76,75.53,0.91,1.91,13.99,37.4
2014-05-04,Tirunelveli,8.7139,77.7567,Dryland,27.33,30.61,25.11,82.19,0.93,3.64,15.53,37.38
2014-05-05,Tirunelveli,8.7139,77.7567,Dryland,26.64,29.48,24.48,83.0,1.61,14.2,12.6,37.36
2014-05-06,Tirunelveli,8.7139,77.7567,Dryland,25.07,26.66,23.8,92.81,3.31,81.9,4.24,37.34
2014-05-07,Tirunelveli,8.7139,77.7567,Dryland,25.56,28.93,24.27,88.38,4.66,27.25,8.19,37.31
2014-05-08,Tirunelveli,8.7139,77.7567,Dryland,26.28,29.53,24.32,87.24,3.45,18.16,9.38,37.28
2014-05-09,Tirunelveli,8.7139,77.7567,Dryland,26.3,28.72,24.6,88.78,2.87,4.48,20.34,37.25
2014-05-10,Tirunelveli,8.7139,77.7567,Dryland,26.26,28.82,24.43,89.39,2.37,0.31,19.48,37.22
2014-05-11,Tirunelveli,8.7139,77.7567,Dryland,26.87,29.84,24.24,86.76,2.0,0.0,23.25,37.19
2014-05-12,Tirunelveli,8.7139,77.7567,Dryland,26.95,30.28,24.69,87.16,2.12,7.29,21.99,37.16
2014-05-13,Tirunelveli,8.7139,77.7567,Dryland,26.58,29.63,24.6,87.63,2.03,3.03,21.31,37.14
2014-05-14,Tirunelveli,8.7139,77.7567,Dryland,26.65,30.12,24.12,85.3,2.85,0.05,21.85,37.11
2014-05-15,Tirunelveli,8.7139,77.7567,Dryland,26.87,30.59,24.06,82.71,3.15,0.0,22.86,37.09
2014-05-16,Tirunelveli,8.7139,77.7567,Dryland,26.28,30.46,23.14,82.48,3.36,0.0,24.35,37.07
2014-05-17,Tirunelveli,8.7139,77.7567,Dryland,26.06,30.49,22.61,83.18,3.06,0.0,23.48,37.04
2014-05-18,Tirunelveli,8.7139,77.7567,Dryland,27.05,31.78,23.08,81.44,2.32,0.0,21.94,37.01
2014-05-19,Tirunelveli,8.7139,77.7567,Dryland,27.13,31.25,23.64,83.52,2.12,0.11,22.01,36.97
2014-05-20,Tirunelveli,8.7139,77.7567,Dryland,27.36,31.38,24.28,82.74,2.67,0.03,21.26,36.94
2014-05-21,Tirunelveli,8.7139,77.7567,Dryland,26.92,30.56,24.28,83.26,2.83,0.4,21.58,36.91
2014-05-22,Tirunelveli,8.7139,77.7567,Dryland,27.06,30.45,24.38,83.43,3.14,0.02,19.99,36.88
2014-05-23,Tirunelveli,8.7139,77.7567,Dryland,27.65,31.82,25.0,81.92,3.52,0.01,22.1,36.85
2014-05-24,Tirunelveli,8.7139,77.7567,Dryland,27.39,30.4,25.73,84.41,3.52,2.61,16.89,36.82
2014-05-25,Tirunelveli,8.7139,77.7567,Dryland,25.86,27.9,24.24,87.58,3.2,1.96,18.18,36.79
2014-05-26,Tirunelveli,8.7139,77.7567,Dryland,26.16,29.4,24.12,85.78,2.96,0.6,21.7,36.77
2014-05-27,Tirunelveli,8.7139,77.7567,Dryland,27.32,31.38,24.37,83.57,2.18,0.12,21.17,36.74
2014-05-28,Tirunelveli,8.7139,77.7567,Dryland,27.11,30.4,24.69,86.84,2.41,0.52,21.23,36.71
2014-05-29,Tirunelveli,8.7139,77.7567,Dryland,26.94,30.1,24.74,84.07,2.75,0.14,20.11,36.69
2014-05-30,Tirunelveli,8.7139,77.7567,Dryland,27.29,31.1,24.52,82.9,3.52,0.01,21.39,36.66
2014-05-31,Tirunelveli,8.7139,77.7567,Dryland,27.62,31.32,25.3,82.95,3.91,0.0,23.21,36.64
2014-06-01,Tirunelveli,8.7139,77.7567,Dryland,27.09,29.94,25.48,85.1,4.1,0.37,20.67,36.61
2014-06-02,Tirunelveli,8.7139,77.7567,Dryland,26.65,29.85,24.87,85.22,4.0,1.66,17.88,36.59
2014-06-03,Tirunelveli,8.7139,77.7567,Dryland,26.1,29.12,24.14,83.17,2.7,3.31,18.49,36.57
2014-06-04,Tirunelveli,8.7139,77.7567,Dryland,26.4,29.99,24.03,83.88,3.85,1.86,20.25,36.55
2014-06-05,Tirunelveli,8.7139,77.7567,Dryland,26.58,30.21,24.24,82.62,4.91,0.72,22.19,36.53
2014-06-06,Tirunelveli,8.7139,77.7567,Dryland,26.75,30.03,24.5,81.52,5.38,1.02,17.01,36.5
2014-06-07,Tirunelveli,8.7139,77.7567,Dryland,26.5,29.36,24.75,81.37,6.37,2.22,18.97,36.47
2014-06-08,Tirunelveli,8.7139,77.7567,Dryland,26.43,30.09,23.91,81.83,5.43,8.36,13.7,36.45
2014-06-09,Tirunelveli,8.7139,77.7567,Dryland,25.68,28.07,24.3,86.52,5.17,3.28,19.51,36.43
2014-06-10,Tirunelveli,8.7139,77.7567,Dryland,25.44,27.69,23.94,86.73,4.03,4.32,16.67,36.42
2014-06-11,Tirunelveli,8.7139,77.7567,Dryland,25.92,28.72,24.15,87.46,4.44,2.35,15.98,36.41
2014-06-12,Tirunelveli,8.7139,77.7567,Dryland,26.08,29.07,24.05,87.41,4.62,1.48,17.82,36.41
2014-06-13,Tirunelveli,8.7139,77.7567,Dryland,26.85,31.49,24.25,79.66,4.54,0.2,18.2,36.4
2014-06-14,Tirunelveli,8.7139,77.7567,Dryland,26.62,29.97,24.49,85.17,4.27,0.07,21.35,36.38
2014-06-15,Tirunelveli,8.7139,77.7567,Dryland,26.23,29.2,24.02,86.12,3.98,0.01,22.63,36.36
2014-06-16,Tirunelveli,8.7139,77.7567,Dryland,27.08,31.71,23.51,79.05,4.76,0.0,21.42,36.35
2014-06-17,Tirunelveli,8.7139,77.7567,Dryland,26.62,30.05,23.56,81.33,5.08,0.54,18.33,36.34
2014-06-18,Tirunelveli,8.7139,77.7567,Dryland,26.89,30.64,24.7,79.93,5.51,0.16,18.88,36.34
2014-06-19,Tirunelveli,8.7139,77.7567,Dryland,26.28,28.58,24.68,86.6,4.95,7.37,17.74,36.33
2014-06-20,Tirunelveli,8.7139,77.7567,Dryland,25.83,28.18,24.42,88.12,5.15,2.98,17.53,36.32
2014-06-21,Tirunelveli,8.7139,77.7567,Dryland,26.48,30.0,24.26,82.81,5.66,0.78,19.52,36.31
2014-06-22,Tirunelveli,8.7139,77.7567,Dryland,26.59,30.49,24.17,81.24,4.93,0.37,21.22,36.31
2014-06-23,Tirunelveli,8.7139,77.7567,Dryland,26.68,31.06,23.72,81.41,4.57,0.01,20.53,36.31
2014-06-24,Tirunelveli,8.7139,77.7567,Dryland,26.66,30.36,24.25,80.94,5.45,0.0,19.34,36.3
2014-06-25,Tirunelveli,8.7139,77.7567,Dryland,26.44,29.92,24.35,79.55,5.49,0.0,19.08,36.3
2014-06-26,Tirunelveli,8.7139,77.7567,Dryland,26.41,29.86,24.23,81.81,4.51,0.0,20.75,36.3
2014-06-27,Tirunelveli,8.7139,77.7567,Dryland,26.75,30.56,24.36,81.86,3.41,0.0,21.99,36.3
2014-06-28,Tirunelveli,8.7139,77.7567,Dryland,27.63,33.01,23.84,77.33,3.31,0.0,21.57,36.3
2014-06-29,Tirunelveli,8.7139,77.7567,Dryland,27.27,32.12,23.98,78.08,3.95,0.1,21.92,36.31
2014-06-30,Tirunelveli,8.7139,77.7567,Dryland,26.6,31.56,23.92,78.33,4.37,2.07,16.34,36.32
2014-07-01,Tirunelveli,8.7139,77.7567,Dryland,25.64,29.38,23.8,85.35,4.99,1.86,17.88,36.33
2014-07-02,Tirunelveli,8.7139,77.7567,Dryland,26.24,31.06,23.3,79.57,4.36,0.19,22.44,36.33
2014-07-03,Tirunelveli,8.7139,77.7567,Dryland,26.63,30.83,24.07,80.78,4.54,0.01,23.18,36.33
2014-07-04,Tirunelveli,8.7139,77.7567,Dryland,26.59,30.34,23.81,80.68,4.97,0.21,20.72,36.33
2014-07-05,Tirunelveli,8.7139,77.7567,Dryland,26.42,29.54,24.52,82.32,5.57,0.83,20.09,36.33
2014-07-06,Tirunelveli,8.7139,77.7567,Dryland,26.62,31.92,23.72,77.81,4.41,0.19,17.88,36.33
2014-07-07,Tirunelveli,8.7139,77.7567,Dryland,26.16,30.84,22.84,72.53,5.21,0.0,19.0,36.34
2014-07-08,Tirunelveli,8.7139,77.7567,Dryland,25.46,28.85,23.42,79.51,4.78,0.98,15.36,36.36
2014-07-09,Tirunelveli,8.7139,77.7567,Dryland,25.77,29.96,23.15,80.18,4.89,3.26,18.65,36.39
2014-07-10,Tirunelveli,8.7139,77.7567,Dryland,24.98,27.66,23.2,83.56,4.77,2.78,12.61,36.41
2014-07-11,Tirunelveli,8.7139,77.7567,Dryland,25.38,28.18,23.61,83.41,5.16,0.63,14.98,36.43
2014-07-12,Tirunelveli,8.7139,77.7567,Dryland,25.78,28.87,23.85,81.2,5.76,0.05,16.93,36.45
2014-07-13,Tirunelveli,8.7139,77.7567,Dryland,26.34,30.88,23.9,78.81,5.58,0.84,16.87,36.47
2014-07-14,Tirunelveli,8.7139,77.7567,Dryland,25.26,27.91,23.55,85.51,4.97,2.55,16.37,36.48
2014-07-15,Tirunelveli,8.7139,77.7567,Dryland,25.45,28.94,23.46,84.88,4.65,6.11,15.37,36.5
2014-07-16,Tirunelveli,8.7139,77.7567,Dryland,25.42,28.43,23.32,85.27,4.02,1.7,20.07,36.51
2014-07-17,Tirunelveli,8.7139,77.7567,Dryland,25.84,29.52,23.05,80.69,4.12,0.12,23.23,36.53
2014-07-18,Tirunelveli,8.7139,77.7567,Dryland,26.22,30.87,22.9,80.38,4.43,1.46,18.69,36.54
2014-07-19,Tirunelveli,8.7139,77.7567,Dryland,26.35,30.82,23.98,79.87,4.85,0.65,20.21,36.56
2014-07-20,Tirunelveli,8.7139,77.7567,Dryland,25.89,28.74,23.97,82.17,4.87,0.07,19.7,36.57
2014-07-21,Tirunelveli,8.7139,77.7567,Dryland,26.04,30.03,24.03,81.42,4.9,0.37,19.87,36.59
2014-07-22,Tirunelveli,8.7139,77.7567,Dryland,25.8,29.76,23.63,81.65,5.01,2.35,16.6,36.61
2014-07-23,Tirunelveli,8.7139,77.7567,Dryland,25.34,28.81,22.73,79.74,5.47,2.89,18.39,36.63
2014-07-24,Tirunelveli,8.7139,77.7567,Dryland,25.73,30.42,21.81,79.7,4.52,0.75,21.57,36.65
2014-07-25,Tirunelveli,8.7139,77.7567,Dryland,26.41,31.15,23.56,76.31,4.91,0.32,21.8,36.67
2014-07-26,Tirunelveli,8.7139,77.7567,Dryland,26.22,31.51,22.26,74.38,5.13,0.23,18.18,36.7
2014-07-27,Tirunelveli,8.7139,77.7567,Dryland,26.15,30.29,23.99,81.56,5.05,0.41,17.05,36.72
2014-07-28,Tirunelveli,8.7139,77.7567,Dryland,25.65,28.8,23.67,81.31,5.43,0.7,16.41,36.75
2014-07-29,Tirunelveli,8.7139,77.7567,Dryland,25.58,28.74,23.46,84.55,4.65,2.88,19.09,36.77
2014-07-30,Tirunelveli,8.7139,77.7567,Dryland,25.87,30.24,23.13,80.31,4.91,1.03,21.41,36.8
2014-07-31,Tirunelveli,8.7139,77.7567,Dryland,25.96,29.98,23.43,82.29,4.55,12.85,19.09,36.82
2014-08-01,Tirunelveli,8.7139,77.7567,Dryland,25.5,28.66,23.84,86.13,4.84,19.3,14.4,36.85
2014-08-02,Tirunelveli,8.7139,77.7567,Dryland,25.67,28.9,23.53,84.56,4.31,2.43,17.34,36.87
2014-08-03,Tirunelveli,8.7139,77.7567,Dryland,25.44,29.04,23.39,80.6,5.35,0.17,17.96,36.89
2014-08-04,Tirunelveli,8.7139,77.7567,Dryland,25.5,29.04,23.31,82.45,5.12,1.13,18.57,36.91
2014-08-05,Tirunelveli,8.7139,77.7567,Dryland,25.36,28.98,23.44,82.65,5.15,2.38,18.34,36.93
2014-08-06,Tirunelveli,8.7139,77.7567,Dryland,25.81,30.8,22.99,77.09,4.33,0.39,20.84,36.95
2014-08-07,Tirunelveli,8.7139,77.7567,Dryland,25.34,29.8,22.61,80.41,4.36,0.04,19.75,36.96
2014-08-08,Tirunelveli,8.7139,77.7567,Dryland,24.09,28.74,21.92,84.75,4.53,6.06,15.13,36.98
2014-08-09,Tirunelveli,8.7139,77.7567,Dryland,24.96,29.67,21.91,82.69,3.54,3.83,16.59,37.0
2014-08-10,Tirunelveli,8.7139,77.7567,Dryland,24.78,29.41,22.29,84.38,4.09,3.78,20.56,37.01
2014-08-11,Tirunelveli,8.7139,77.7567,Dryland,24.41,28.18,22.45,83.32,4.4,4.09,16.25,37.03
2014-08-12,Tirunelveli,8.7139,77.7567,Dryland,24.49,28.4,22.08,84.16,3.77,1.2,22.34,37.05
2014-08-13,Tirunelveli,8.7139,77.7567,Dryland,24.62,28.16,22.32,82.34,3.6,0.01,20.48,37.06
2014-08-14,Tirunelveli,8.7139,77.7567,Dryland,25.29,29.57,22.36,79.78,4.28,0.0,21.87,37.08
2014-08-15,Tirunelveli,8.7139,77.7567,Dryland,24.84,27.72,23.01,83.25,3.69,2.94,21.53,37.09
2014-08-16,Tirunelveli,8.7139,77.7567,Dryland,24.92,28.67,22.5,81.95,3.14,1.41,21.59,37.1
2014-08-17,Tirunelveli,8.7139,77.7567,Dryland,25.14,29.79,22.2,82.95,2.86,3.39,17.64,37.11
2014-08-18,Tirunelveli,8.7139,77.7567,Dryland,26.1,30.93,22.36,80.63,2.14,1.75,19.51,37.13
2014-08-19,Tirunelveli,8.7139,77.7567,Dryland,26.33,31.36,22.76,77.43,2.22,0.62,20.83,37.14
2014-08-20,Tirunelveli,8.7139,77.7567,Dryland,25.23,29.72,22.5,85.08,2.24,14.41,19.53,37.15
2014-08-21,Tirunelveli,8.7139,77.7567,Dryland,25.45,28.92,23.25,86.57,3.61,36.51,17.86,37.16
2014-08-22,Tirunelveli,8.7139,77.7567,Dryland,24.75,27.56,23.16,89.56,4.24,29.8,11.88,37.17
2014-08-23,Tirunelveli,8.7139,77.7567,Dryland,24.77,28.05,22.91,86.71,4.52,10.22,17.34,37.18
2014-08-24,Tirunelveli,8.7139,77.7567,Dryland,25.06,28.22,22.65,85.73,2.88,0.78,23.53,37.19
2014-08-25,Tirunelveli,8.7139,77.7567,Dryland,25.55,29.86,22.46,82.99,2.75,0.1,24.01,37.19
2014-08-26,Tirunelveli,8.7139,77.7567,Dryland,25.4,29.26,22.49,83.19,3.13,0.04,24.01,37.2
2014-08-27,Tirunelveli,8.7139,77.7567,Dryland,25.17,28.24,22.88,84.66,3.64,0.87,19.58,37.21
2014-08-28,Tirunelveli,8.7139,77.7567,Dryland,25.08,27.21,23.42,86.72,4.03,5.35,18.38,37.21
2014-08-29,Tirunelveli,8.7139,77.7567,Dryland,25.32,28.12,23.32,85.71,4.08,8.41,16.6,37.21
2014-08-30,Tirunelveli,8.7139,77.7567,Dryland,25.39,28.74,23.55,85.69,4.33,12.49,15.51,37.21
2014-08-31,Tirunelveli,8.7139,77.7567,Dryland,25.02,27.38,23.37,88.99,4.27,9.61,20.25,37.21
2014-09-01,Tirunelveli,8.7139,77.7567,Dryland,24.89,27.35,23.37,88.27,3.95,7.68,17.02,37.21
2014-09-02,Tirunelveli,8.7139,77.7567,Dryland,25.0,27.95,23.07,89.4,3.23,12.18,18.64,37.2
2014-09-03,Tirunelveli,8.7139,77.7567,Dryland,24.21,26.59,22.36,89.54,3.03,14.13,16.25,37.2
2014-09-04,Tirunelveli,8.7139,77.7567,Dryland,24.52,27.75,22.09,88.29,2.7,2.93,15.45,37.19
2014-09-05,Tirunelveli,8.7139,77.7567,Dryland,24.67,27.75,22.75,88.98,3.15,1.4,22.2,37.18
2014-09-06,Tirunelveli,8.7139,77.7567,Dryland,24.25,26.95,22.6,89.81,3.65,0.15,18.46,37.17
2014-09-07,Tirunelveli,8.7139,77.7567,Dryland,24.46,27.1,22.24,87.36,3.65,0.56,21.36,37.16
2014-09-08,Tirunelveli,8.7139,77.7567,Dryland,24.6,26.8,22.93,86.69,3.86,0.45,22.95,37.14
2014-09-09,Tirunelveli,8.7139,77.7567,Dryland,25.06,28.95,22.94,85.35,3.93,0.21,22.68,37.11
2014-09-10,Tirunelveli,8.7139,77.7567,Dryland,25.38,29.06,23.02,86.32,3.86,0.01,21.94,37.1
2014-09-11,Tirunelveli,8.7139,77.7567,Dryland,25.72,30.06,22.71,84.46,3.62,0.0,24.58,37.09
2014-09-12,Tirunelveli,8.7139,77.7567,Dryland,25.42,29.59,22.63,85.23,3.24,0.73,24.27,37.08
2014-09-13,Tirunelveli,8.7139,77.7567,Dryland,25.26,29.15,22.41,86.25,3.55,0.31,20.84,37.06
2014-09-14,Tirunelveli,8.7139,77.7567,Dryland,25.37,28.86,23.23,85.99,4.1,0.7,21.14,37.04
2014-09-15,Tirunelveli,8.7139,77.7567,Dryland,25.43,29.06,23.24,85.69,4.14,0.17,20.16,37.02
2014-09-16,Tirunelveli,8.7139,77.7567,Dryland,25.25,27.66,23.45,87.47,3.93,0.0,19.13,36.99
2014-09-17,Tirunelveli,8.7139,77.7567,Dryland,25.72,29.38,23.26,84.28,4.52,0.0,19.74,36.96
2014-09-18,Tirunelveli,8.7139,77.7567,Dryland,25.36,28.49,23.89,85.83,4.16,0.0,19.39,36.93
2014-09-19,Tirunelveli,8.7139,77.7567,Dryland,25.66,29.88,23.06,84.86,4.04,0.0,20.11,36.9
2014-09-20,Tirunelveli,8.7139,77.7567,Dryland,25.99,30.81,23.1,81.73,4.43,0.0,22.86,36.87
2014-09-21,Tirunelveli,8.7139,77.7567,Dryland,26.49,32.51,21.97,79.16,3.4,0.0,23.1,36.83
2014-09-22,Tirunelveli,8.7139,77.7567,Dryland,26.8,32.45,22.24,78.94,2.9,0.0,19.69,36.79
2014-09-23,Tirunelveli,8.7139,77.7567,Dryland,26.66,30.98,24.34,82.97,2.72,0.11,21.41,36.75
2014-09-24,Tirunelveli,8.7139,77.7567,Dryland,25.81,28.6,24.12,86.72,2.77,0.76,18.63,36.71
2014-09-25,Tirunelveli,8.7139,77.7567,Dryland,25.8,28.92,23.63,88.11,1.93,6.33,17.92,36.67
2014-09-26,Tirunelveli,8.7139,77.7567,Dryland,25.63,29.65,23.13,85.81,1.68,10.26,17.84,36.63
2014-09-27,Tirunelveli,8.7139,77.7567,Dryland,25.55,29.15,23.02,84.3,1.13,2.13,17.53,36.59
2014-09-28,Tirunelveli,8.7139,77.7567,Dryland,25.24,27.55,23.56,88.58,1.01,27.35,18.21,36.54
2014-09-29,Tirunelveli,8.7139,77.7567,Dryland,25.46,28.31,23.29,86.67,1.03,12.49,15.55,36.5
2014-09-30,Tirunelveli,8.7139,77.7567,Dryland,25.57,29.97,23.21,84.81,1.02,2.38,15.13,36.45
2014-10-01,Tirunelveli,8.7139,77.7567,Dryland,25.79,29.73,22.89,85.17,0.97,1.7,18.53,36.4
2014-10-02,Tirunelveli,8.7139,77.7567,Dryland,25.43,28.84,23.13,84.05,1.04,0.36,19.96,36.35
2014-10-03,Tirunelveli,8.7139,77.7567,Dryland,25.35,29.28,22.15,83.51,1.21,5.63,16.98,36.29
2014-10-04,Tirunelveli,8.7139,77.7567,Dryland,24.75,27.28,22.56,90.24,2.0,2.71,17.34,36.24
2014-10-05,Tirunelveli,8.7139,77.7567,Dryland,24.91,28.19,22.59,88.74,2.04,3.94,18.9,36.19
2014-10-06,Tirunelveli,8.7139,77.7567,Dryland,25.36,29.06,22.29,88.25,2.77,2.36,20.12,36.13
2014-10-07,Tirunelveli,8.7139,77.7567,Dryland,24.98,27.48,23.27,90.98,2.64,10.88,20.04,36.07
2014-10-08,Tirunelveli,8.7139,77.7567,Dryland,24.75,28.31,22.64,87.35,3.07,5.61,18.87,36.01
2014-10-09,Tirunelveli,8.7139,77.7567,Dryland,25.27,29.36,21.66,85.92,2.15,9.56,18.55,35.94
2014-10-10,Tirunelveli,8.7139,77.7567,Dryland,25.57,29.3,23.45,86.24,2.98,2.01,16.6,35.88
2014-10-11,Tirunelveli,8.7139,77.7567,Dryland,25.6,29.93,22.64,85.63,3.21,0.0,21.29,35.81
2014-10-12,Tirunelveli,8.7139,77.7567,Dryland,26.01,30.56,22.8,83.55,3.44,0.06,19.88,35.74
2014-10-13,Tirunelveli,8.7139,77.7567,Dryland,26.03,29.66,23.18,86.26,2.6,4.4,18.98,35.67
2014-10-14,Tirunelveli,8.7139,77.7567,Dryland,25.86,28.94,24.13,89.31,1.76,7.55,19.6,35.6
2014-10-15,Tirunelveli,8.7139,77.7567,Dryland,26.56,31.42,23.15,82.0,1.06,3.24,16.78,35.53
2014-10-16,Tirunelveli,8.7139,77.7567,Dryland,25.7,28.71,23.61,84.99,1.09,13.94,17.09,35.46
2014-10-17,Tirunelveli,8.7139,77.7567,Dryland,24.34,26.74,22.49,87.61,0.95,58.17,14.04,35.39
2014-10-18,Tirunelveli,8.7139,77.7567,Dryland,23.67,25.77,22.35,93.45,1.77,47.13,11.59,35.32
2014-10-19,Tirunelveli,8.7139,77.7567,Dryland,24.11,27.23,21.21,87.46,0.88,42.95,11.98,35.23
2014-10-20,Tirunelveli,8.7139,77.7567,Dryland,24.41,27.66,21.73,89.2,1.02,22.77,13.88,35.14
2014-10-21,Tirunelveli,8.7139,77.7567,Dryland,23.97,25.6,22.99,93.22,1.33,30.78,5.03,35.04
2014-10-22,Tirunelveli,8.7139,77.7567,Dryland,23.64,25.07,22.25,93.18,1.08,39.05,12.7,34.95
2014-10-23,Tirunelveli,8.7139,77.7567,Dryland,25.06,28.06,22.26,86.73,0.79,8.69,13.99,34.86
2014-10-24,Tirunelveli,8.7139,77.7567,Dryland,25.36,29.13,22.95,85.44,0.78,0.68,18.22,34.8
2014-10-25,Tirunelveli,8.7139,77.7567,Dryland,25.59,29.37,22.69,86.17,1.15,2.15,16.54,34.73
2014-10-26,Tirunelveli,8.7139,77.7567,Dryland,25.11,27.53,22.52,84.81,0.72,3.22,17.92,34.67
2014-10-27,Tirunelveli,8.7139,77.7567,Dryland,25.66,28.82,22.4,84.45,0.9,2.27,17.89,34.61
2014-10-28,Tirunelveli,8.7139,77.7567,Dryland,25.95,29.38,23.09,85.2,0.86,0.79,19.26,34.54
2014-10-29,Tirunelveli,8.7139,77.7567,Dryland,24.92,27.26,23.15,89.79,1.14,6.91,18.96,34.47
2014-10-30,Tirunelveli,8.7139,77.7567,Dryland,24.19,26.51,22.47,90.35,0.9,3.67,9.72,34.39
2014-10-31,Tirunelveli,8.7139,77.7567,Dryland,24.05,26.97,22.08,89.18,0.76,4.28,13.02,34.31
2014-11-01,Tirunelveli,8.7139,77.7567,Dryland,24.39,27.71,22.07,86.03,0.81,2.49,17.61,34.24
2014-11-02,Tirunelveli,8.7139,77.7567,Dryland,24.23,27.0,22.02,86.35,1.26,3.84,12.77,34.16
2014-11-03,Tirunelveli,8.7139,77.7567,Dryland,24.23,27.01,22.62,86.26,0.76,4.4,8.52,34.08
2014-11-04,Tirunelveli,8.7139,77.7567,Dryland,23.14,25.01,21.75,89.27,1.49,0.91,12.34,34.0
2014-11-05,Tirunelveli,8.7139,77.7567,Dryland,24.48,28.29,21.66,86.1,1.97,0.0,18.32,33.92
2014-11-06,Tirunelveli,8.7139,77.7567,Dryland,25.84,29.44,21.45,78.93,1.17,0.0,18.75,33.84
2014-11-07,Tirunelveli,8.7139,77.7567,Dryland,25.72,29.98,21.85,78.59,0.8,0.0,20.76,33.76
2014-11-08,Tirunelveli,8.7139,77.7567,Dryland,25.03,29.19,21.86,84.51,1.32,0.0,18.61,33.68
2014-11-09,Tirunelveli,8.7139,77.7567,Dryland,24.67,29.35,21.36,82.36,1.47,0.0,20.35,33.6
2014-11-10,Tirunelveli,8.7139,77.7567,Dryland,25.05,29.54,21.74,87.14,1.15,0.01,16.73,33.52
2014-11-11,Tirunelveli,8.7139,77.7567,Dryland,25.49,28.83,22.47,86.05,1.2,1.87,15.18,33.44
2014-11-12,Tirunelveli,8.7139,77.7567,Dryland,25.2,28.45,22.7,87.84,1.69,2.83,17.85,33.36
2014-11-13,Tirunelveli,8.7139,77.7567,Dryland,24.48,26.98,21.94,91.29,1.32,10.42,16.68,33.29
2014-11-14,Tirunelveli,8.7139,77.7567,Dryland,24.49,26.59,23.06,94.5,1.54,23.17,10.99,33.22
2014-11-15,Tirunelveli,8.7139,77.7567,Dryland,25.05,28.61,22.73,89.05,2.34,7.78,17.64,33.15
2014-11-16,Tirunelveli,8.7139,77.7567,Dryland,24.39,27.74,22.21,90.55,2.67,8.92,18.17,33.06
2014-11-17,Tirunelveli,8.7139,77.7567,Dryland,24.37,27.7,22.03,89.68,3.57,2.21,16.57,32.98
2014-11-18,Tirunelveli,8.7139,77.7567,Dryland,23.93,27.09,21.38,90.64,3.48,6.01,11.09,32.9
2014-11-19,Tirunelveli,8.7139,77.7567,Dryland,24.55,27.13,23.15,91.0,3.67,2.8,10.96,32.83
2014-11-20,Tirunelveli,8.7139,77.7567,Dryland,23.97,26.24,22.24,92.21,3.3,6.05,12.02,32.76
2014-11-21,Tirunelveli,8.7139,77.7567,Dryland,23.25,24.84,21.64,93.75,3.62,14.91,5.6,32.7
2014-11-22,Tirunelveli,8.7139,77.7567,Dryland,23.88,25.98,22.5,92.59,2.57,13.18,5.66,32.63
2014-11-23,Tirunelveli,8.7139,77.7567,Dryland,23.75,25.8,22.24,91.84,3.0,3.02,9.42,32.57
2014-11-24,Tirunelveli,8.7139,77.7567,Dryland,23.98,26.82,21.81,90.33,3.5,0.15,11.63,32.5
2014-11-25,Tirunelveli,8.7139,77.7567,Dryland,22.34,24.28,20.75,88.82,3.39,0.01,8.87,32.44
2014-11-26,Tirunelveli,8.7139,77.7567,Dryland,22.57,25.59,19.91,89.45,2.77,0.31,11.3,32.38
2014-11-27,Tirunelveli,8.7139,77.7567,Dryland,22.45,24.25,20.67,92.54,2.3,16.64,9.17,32.32
2014-11-28,Tirunelveli,8.7139,77.7567,Dryland,22.18,25.1,20.37,91.66,2.33,8.77,8.3,32.26
2014-11-29,Tirunelveli,8.7139,77.7567,Dryland,22.27,26.7,19.05,85.52,1.82,0.63,11.39,32.21
2014-11-30,Tirunelveli,8.7139,77.7567,Dryland,20.34,21.97,18.27,90.3,1.53,1.61,12.05,32.16
2014-12-01,Tirunelveli,8.7139,77.7567,Dryland,22.74,24.9,20.64,92.86,3.4,4.18,9.61,32.11
2014-12-02,Tirunelveli,8.7139,77.7567,Dryland,23.13,25.57,21.09,92.54,2.96,0.91,12.94,32.06
2014-12-03,Tirunelveli,8.7139,77.7567,Dryland,23.05,26.88,20.45,87.2,2.73,0.0,19.38,32.01
2014-12-04,Tirunelveli,8.7139,77.7567,Dryland,21.94,26.61,18.56,86.91,2.67,0.0,17.42,31.97
2014-12-05,Tirunelveli,8.7139,77.7567,Dryland,21.47,25.72,17.48,88.53,2.63,0.0,16.65,31.94
2014-12-06,Tirunelveli,8.7139,77.7567,Dryland,22.23,26.76,18.24,88.95,2.66,0.0,19.63,31.9
2014-12-07,Tirunelveli,8.7139,77.7567,Dryland,23.22,26.51,20.27,91.96,2.32,0.01,17.45,31.86
2014-12-08,Tirunelveli,8.7139,77.7567,Dryland,24.11,27.33,22.0,91.1,2.49,8.98,14.4,31.83
2014-12-09,Tirunelveli,8.7139,77.7567,Dryland,23.88,27.04,21.98,90.96,2.37,4.82,16.95,31.8
2014-12-10,Tirunelveli,8.7139,77.7567,Dryland,23.38,25.93,21.74,92.89,1.82,29.58,9.79,31.77
2014-12-11,Tirunelveli,8.7139,77.7567,Dryland,22.99,25.46,21.43,93.0,1.99,9.94,11.9,31.74
2014-12-12,Tirunelveli,8.7139,77.7567,Dryland,23.71,27.08,20.93,90.5,2.14,6.36,11.84,31.72
2014-12-13,Tirunelveli,8.7139,77.7567,Dryland,23.8,26.57,21.97,91.21,2.52,2.17,13.82,31.7
2014-12-14,Tirunelveli,8.7139,77.7567,Dryland,23.96,27.28,21.78,90.73,2.38,9.32,16.45,31.68
2014-12-15,Tirunelveli,8.7139,77.7567,Dryland,24.11,28.03,21.22,89.16,2.26,0.66,19.35,31.66
2014-12-16,Tirunelveli,8.7139,77.7567,Dryland,24.39,27.51,22.07,91.78,2.81,1.16,14.1,31.63
2014-12-17,Tirunelveli,8.7139,77.7567,Dryland,24.44,27.17,22.88,91.4,4.25,2.91,6.75,31.61
2014-12-18,Tirunelveli,8.7139,77.7567,Dryland,24.05,26.33,22.6,91.78,4.36,3.02,11.29,31.59
2014-12-19,Tirunelveli,8.7139,77.7567,Dryland,24.06,27.1,22.33,91.68,4.01,6.15,11.03,31.6
2014-12-20,Tirunelveli,8.7139,77.7567,Dryland,22.38,24.85,20.9,90.97,3.95,0.81,11.3,31.61
2014-12-21,Tirunelveli,8.7139,77.7567,Dryland,22.99,27.1,20.05,87.61,2.58,0.08,17.61,31.61
2014-12-22,Tirunelveli,8.7139,77.7567,Dryland,22.9,26.31,20.22,89.35,2.91,0.01,15.3,31.63
2014-12-23,Tirunelveli,8.7139,77.7567,Dryland,23.94,27.36,21.04,88.95,2.68,0.34,17.6,31.64
2014-12-24,Tirunelveli,8.7139,77.7567,Dryland,24.12,27.89,21.81,89.87,3.18,1.89,11.61,31.65
2014-12-25,Tirunelveli,8.7139,77.7567,Dryland,23.37,27.08,20.67,88.45,2.45,0.04,13.2,31.66
2014-12-26,Tirunelveli,8.7139,77.7567,Dryland,21.11,22.94,19.68,86.62,2.4,0.02,10.27,31.67
2014-12-27,Tirunelveli,8.7139,77.7567,Dryland,21.86,25.15,19.18,85.57,2.44,0.03,11.01,31.69
2014-12-28,Tirunelveli,8.7139,77.7567,Dryland,23.0,26.91,19.43,87.98,2.04,4.53,12.14,31.71
2014-12-29,Tirunelveli,8.7139,77.7567,Dryland,24.48,28.61,20.63,86.07,1.37,0.15,18.07,31.73
2014-12-30,Tirunelveli,8.7139,77.7567,Dryland,25.09,28.97,22.51,87.99,1.27,0.15,15.39,31.75
2014-12-31,Tirunelveli,8.7139,77.7567,Dryland,25.0,29.04,22.06,88.06,1.61,1.19,16.07,31.78
2015-01-01,Tirunelveli,8.7139,77.7567,Dryland,24.06,28.32,20.04,86.74,2.04,0.58,18.88,31.81
2015-01-02,Tirunelveli,8.7139,77.7567,Dryland,22.92,28.19,18.11,79.49,1.52,0.0,22.4,31.84
2015-01-03,Tirunelveli,8.7139,77.7567,Dryland,23.34,28.7,17.11,76.57,0.9,0.0,19.88,31.87
2015-01-04,Tirunelveli,8.7139,77.7567,Dryland,23.75,28.27,19.3,84.81,1.41,0.0,19.39,31.91
2015-01-05,Tirunelveli,8.7139,77.7567,Dryland,23.41,28.2,20.22,87.4,2.02,0.0,19.59,31.96
2015-01-06,Tirunelveli,8.7139,77.7567,Dryland,23.86,28.33,20.52,83.47,1.71,0.0,19.81,32.02
2015-01-07,Tirunelveli,8.7139,77.7567,Dryland,23.23,27.79,18.74,84.31,1.63,0.0,18.04,32.07
2015-01-08,Tirunelveli,8.7139,77.7567,Dryland,23.77,28.11,19.71,84.71,1.29,0.03,19.14,32.12
2015-01-09,Tirunelveli,8.7139,77.7567,Dryland,23.66,27.62,20.51,86.56,1.85,0.02,17.81,32.17
2015-01-10,Tirunelveli,8.7139,77.7567,Dryland,22.81,27.32,19.2,86.3,2.68,0.0,17.73,32.22
2015-01-11,Tirunelveli,8.7139,77.7567,Dryland,21.2,26.27,16.84,83.88,3.03,0.0,21.51,32.28
2015-01-12,Tirunelveli,8.7139,77.7567,Dryland,21.08,26.62,16.26,82.19,2.54,0.0,20.69,32.33
2015-01-13,Tirunelveli,8.7139,77.7567,Dryland,21.12,26.93,15.95,82.1,2.44,0.0,21.72,32.4
2015-01-14,Tirunelveli,8.7139,77.7567,Dryland,21.9,27.63,17.59,84.19,2.06,0.0,21.37,32.46
2015-01-15,Tirunelveli,8.7139,77.7567,Dryland,21.87,27.66,17.13,81.39,2.13,0.0,19.91,32.53
2015-01-16,Tirunelveli,8.7139,77.7567,Dryland,22.44,28.26,17.53,83.59,2.2,0.0,21.14,32.6
2015-01-17,Tirunelveli,8.7139,77.7567,Dryland,23.89,28.78,20.1,85.12,3.0,0.0,18.37,32.66
2015-01-18,Tirunelveli,8.7139,77.7567,Dryland,23.63,28.68,20.4,82.68,3.03,0.0,18.47,32.73
2015-01-19,Tirunelveli,8.7139,77.7567,Dryland,22.86,28.53,18.86,80.28,2.94,0.0,19.53,32.79
2015-01-20,Tirunelveli,8.7139,77.7567,Dryland,22.32,28.55,17.38,81.33,2.74,0.0,20.95,32.86
2015-01-21,Tirunelveli,8.7139,77.7567,Dryland,22.88,28.46,19.13,80.3,3.3,0.11,19.65,32.94
2015-01-22,Tirunelveli,8.7139,77.7567,Dryland,22.85,29.15,16.95,78.23,2.48,0.45,20.92,33.02
2015-01-23,Tirunelveli,8.7139,77.7567,Dryland,24.32,29.9,20.43,80.25,2.28,0.04,18.8,33.09
2015-01-24,Tirunelveli,8.7139,77.7567,Dryland,24.31,29.56,20.2,80.36,2.88,0.0,19.83,33.17
2015-01-25,Tirunelveli,8.7139,77.7567,Dryland,24.36,29.64,20.75,78.42,3.53,0.01,18.37,33.25
2015-01-26,Tirunelveli,8.7139,77.7567,Dryland,23.94,30.15,19.45,77.4,3.45,0.0,20.85,33.33
2015-01-27,Tirunelveli,8.7139,77.7567,Dryland,24.05,29.78,20.1,77.48,3.4,0.0,19.67,33.4
2015-01-28,Tirunelveli,8.7139,77.7567,Dryland,24.71,30.87,20.77,78.76,3.29,0.0,18.53,33.49
2015-01-29,Tirunelveli,8.7139,77.7567,Dryland,25.07,30.72,20.97,77.95,2.08,0.01,16.63,33.58
2015-01-30,Tirunelveli,8.7139,77.7567,Dryland,24.91,29.31,21.78,78.58,2.57,0.0,15.59,33.67
2015-01-31,Tirunelveli,8.7139,77.7567,Dryland,24.44,30.29,20.55,73.21,3.45,0.0,17.76,33.76
2015-02-01,Tirunelveli,8.7139,77.7567,Dryland,24.46,30.99,19.31,74.07,3.32,0.0,21.52,33.85
2015-02-02,Tirunelveli,8.7139,77.7567,Dryland,24.52,31.11,20.54,73.24,3.99,0.0,20.28,33.94
2015-02-03,Tirunelveli,8.7139,77.7567,Dryland,24.68,31.19,19.83,73.09,4.51,0.0,21.43,34.03
2015-02-04,Tirunelveli,8.7139,77.7567,Dryland,23.99,28.8,20.79,77.32,4.04,0.14,15.05,34.12
2015-02-05,Tirunelveli,8.7139,77.7567,Dryland,24.66,30.18,20.73,76.63,4.12,0.06,16.48,34.21
2015-02-06,Tirunelveli,8.7139,77.7567,Dryland,24.84,30.79,21.23,75.69,3.39,0.02,20.2,34.3
2015-02-07,Tirunelveli,8.7139,77.7567,Dryland,24.98,31.24,21.07,73.13,2.83,0.01,20.33,34.39
2015-02-08,Tirunelveli,8.7139,77.7567,Dryland,25.34,32.64,20.67,69.43,2.53,0.0,22.34,34.48
2015-02-09,Tirunelveli,8.7139,77.7567,Dryland,25.62,32.38,20.98,72.51,2.96,0.06,21.04,34.56
2015-02-10,Tirunelveli,8.7139,77.7567,Dryland,24.89,28.94,21.63,76.67,3.38,0.13,15.39,34.65
2015-02-11,Tirunelveli,8.7139,77.7567,Dryland,25.65,31.38,20.85,73.8,2.98,0.01,21.04,34.74
2015-02-12,Tirunelveli,8.7139,77.7567,Dryland,26.39,32.78,21.95,72.64,3.36,0.0,21.77,34.83
2015-02-13,Tirunelveli,8.7139,77.7567,Dryland,26.5,32.68,22.07,73.37,2.52,0.0,21.41,34.91
2015-02-14,Tirunelveli,8.7139,77.7567,Dryland,26.18,33.21,21.24,71.56,2.19,0.0,20.66,34.99
2015-02-15,Tirunelveli,8.7139,77.7567,Dryland,25.44,33.36,19.26,66.54,2.51,0.0,23.47,35.08
2015-02-16,Tirunelveli,8.7139,77.7567,Dryland,24.63,32.51,18.19,67.31,2.69,0.0,23.02,35.16
2015-02-17,Tirunelveli,8.7139,77.7567,Dryland,24.87,32.97,17.96,66.2,1.84,0.0,22.54,35.25
2015-02-18,Tirunelveli,8.7139,77.7567,Dryland,24.53,32.55,18.43,61.61,1.96,0.0,21.94,35.34
2015-02-19,Tirunelveli,8.7139,77.7567,Dryland,24.77,33.4,17.94,61.94,1.96,0.0,24.1,35.42
2015-02-20,Tirunelveli,8.7139,77.7567,Dryland,24.52,32.47,17.96,65.93,3.07,0.0,24.63,35.51
2015-02-21,Tirunelveli,8.7139,77.7567,Dryland,25.21,32.78,19.39,69.15,3.51,0.0,24.03,35.59
2015-02-22,Tirunelveli,8.7139,77.7567,Dryland,25.15,33.56,18.81,65.79,3.23,0.0,25.08,35.67
2015-02-23,Tirunelveli,8.7139,77.7567,Dryland,25.38,33.79,19.11,65.26,2.91,0.0,25.0,35.75
2015-02-24,Tirunelveli,8.7139,77.7567,Dryland,25.93,33.29,19.66,70.95,2.29,0.0,22.68,35.83
2015-02-25,Tirunelveli,8.7139,77.7567,Dryland,27.2,33.8,21.86,69.6,1.88,0.02,21.44,35.91
2015-02-26,Tirunelveli,8.7139,77.7567,Dryland,27.8,34.67,22.62,67.62,1.22,0.71,21.38,35.99
2015-02-27,Tirunelveli,8.7139,77.7567,Dryland,27.44,33.36,23.46,69.05,1.2,0.41,19.12,36.07
2015-02-28,Tirunelveli,8.7139,77.7567,Dryland,28.0,34.62,23.15,66.85,1.27,0.18,19.81,36.14
2015-03-01,Tirunelveli,8.7139,77.7567,Dryland,28.43,36.09,23.13,63.84,1.47,0.01,22.24,36.22
2015-03-02,Tirunelveli,8.7139,77.7567,Dryland,29.05,36.44,23.11,60.96,1.24,0.01,18.82,36.29
2015-03-03,Tirunelveli,8.7139,77.7567,Dryland,28.96,35.21,24.26,61.75,1.44,0.08,18.56,36.37
2015-03-04,Tirunelveli,8.7139,77.7567,Dryland,28.38,33.97,24.4,63.67,1.05,0.08,20.05,36.44
2015-03-05,Tirunelveli,8.7139,77.7567,Dryland,29.14,36.81,23.33,59.43,1.74,0.01,19.48,36.51
2015-03-06,Tirunelveli,8.7139,77.7567,Dryland,28.52,35.09,22.34,63.29,1.57,0.11,18.84,36.57
2015-03-07,Tirunelveli,8.7139,77.7567,Dryland,28.59,34.96,23.28,62.57,1.75,0.1,21.56,36.64
2015-03-08,Tirunelveli,8.7139,77.7567,Dryland,28.08,35.42,23.63,59.32,2.83,0.02,22.14,36.7
2015-03-09,Tirunelveli,8.7139,77.7567,Dryland,28.45,35.92,22.73,60.6,2.32,0.03,20.71,36.75
2015-03-10,Tirunelveli,8.7139,77.7567,Dryland,28.49,36.36,23.56,56.16,2.34,0.0,21.56,36.81
2015-03-11,Tirunelveli,8.7139,77.7567,Dryland,27.37,34.96,22.46,60.3,3.52,0.0,24.01,36.86
2015-03-12,Tirunelveli,8.7139,77.7567,Dryland,28.48,35.87,22.96,61.77,3.51,0.05,20.78,36.91
2015-03-13,Tirunelveli,8.7139,77.7567,Dryland,28.58,35.65,23.74,61.85,3.26,0.33,21.74,36.96
2015-03-14,Tirunelveli,8.7139,77.7567,Dryland,27.49,33.54,23.71,68.18,3.27,6.48,14.77,37.01
2015-03-15,Tirunelveli,8.7139,77.7567,Dryland,26.66,31.7,23.31,76.12,2.32,7.1,20.86,37.07
2015-03-16,Tirunelveli,8.7139,77.7567,Dryland,27.13,32.82,23.36,76.05,2.39,3.61,18.16,37.12
2015-03-17,Tirunelveli,8.7139,77.7567,Dryland,28.05,35.19,23.47,67.98,1.85,0.43,23.84,37.17
2015-03-18,Tirunelveli,8.7139,77.7567,Dryland,26.58,33.77,21.62,63.08,1.21,0.0,24.59,37.21
2015-03-19,Tirunelveli,8.7139,77.7567,Dryland,27.5,35.82,21.07,60.61,1.52,0.0,25.7,37.26
2015-03-20,Tirunelveli,8.7139,77.7567,Dryland,27.41,35.88,20.59,61.18,1.82,0.0,24.27,37.3
2015-03-21,Tirunelveli,8.7139,77.7567,Dryland,27.56,35.82,21.43,66.03,2.53,0.03,23.69,37.34
2015-03-22,Tirunelveli,8.7139,77.7567,Dryland,27.76,37.01,20.16,61.86,2.11,0.0,25.24,37.38
2015-03-23,Tirunelveli,8.7139,77.7567,Dryland,28.95,37.52,21.72,60.18,1.64,0.0,24.0,37.41
2015-03-24,Tirunelveli,8.7139,77.7567,Dryland,29.72,37.64,24.11,61.48,1.5,0.0,22.81,37.45
2015-03-25,Tirunelveli,8.7139,77.7567,Dryland,29.29,36.76,24.49,60.39,1.8,0.0,22.1,37.48
2015-03-26,Tirunelveli,8.7139,77.7567,Dryland,28.75,36.53,22.91,60.74,2.48,0.0,23.22,37.51
2015-03-27,Tirunelveli,8.7139,77.7567,Dryland,29.14,36.38,23.33,61.51,2.71,0.17,22.19,37.54
2015-03-28,Tirunelveli,8.7139,77.7567,Dryland,29.18,36.27,24.65,61.17,2.74,1.86,21.49,37.57
2015-03-29,Tirunelveli,8.7139,77.7567,Dryland,28.69,35.28,24.48,67.05,2.22,3.24,21.81,37.59
2015-03-30,Tirunelveli,8.7139,77.7567,Dryland,28.14,33.66,24.26,68.26,1.72,1.34,21.68,37.62
2015-03-31,Tirunelveli,8.7139,77.7567,Dryland,27.47,32.6,23.79,74.87,1.11,10.69,18.01,37.65
2015-04-01,Tirunelveli,8.7139,77.7567,Dryland,27.7,33.27,23.67,74.36,1.32,3.54,19.86,37.67
2015-04-02,Tirunelveli,8.7139,77.7567,Dryland,28.7,35.48,24.27,68.97,1.42,1.44,20.06,37.69
2015-04-03,Tirunelveli,8.7139,77.7567,Dryland,29.37,36.1,24.11,65.26,2.2,0.25,24.34,37.7
2015-04-04,Tirunelveli,8.7139,77.7567,Dryland,29.08,34.45,24.87,69.31,1.93,0.16,21.78,37.71
2015-04-05,Tirunelveli,8.7139,77.7567,Dryland,29.91,37.24,24.74,65.06,1.47,0.08,22.94,37.72
2015-04-06,Tirunelveli,8.7139,77.7567,Dryland,29.7,36.83,25.14,64.26,1.55,0.01,22.03,37.73
2015-04-07,Tirunelveli,8.7139,77.7567,Dryland,28.68,34.54,24.87,70.71,1.78,2.05,23.35,37.73
2015-04-08,Tirunelveli,8.7139,77.7567,Dryland,26.83,31.48,24.41,73.51,1.91,9.53,9.82,37.73
2015-04-09,Tirunelveli,8.7139,77.7567,Dryland,27.07,32.17,23.82,73.01,1.79,1.59,22.69,37.74
2015-04-10,Tirunelveli,8.7139,77.7567,Dryland,27.04,31.24,23.3,77.36,0.98,3.11,20.6,37.74
2015-04-11,Tirunelveli,8.7139,77.7567,Dryland,28.04,33.95,24.17,73.51,1.2,12.39,21.09,37.74
2015-04-12,Tirunelveli,8.7139,77.7567,Dryland,27.54,32.01,23.89,75.63,1.09,17.0,20.58,37.74
2015-04-13,Tirunelveli,8.7139,77.7567,Dryland,27.15,31.64,23.73,73.86,1.08,6.21,14.63,37.74
2015-04-14,Tirunelveli,8.7139,77.7567,Dryland,27.1,32.49,22.38,73.44,1.17,2.19,22.37,37.73
2015-04-15,Tirunelveli,8.7139,77.7567,Dryland,27.77,33.45,23.78,72.59,1.15,7.18,21.98,37.72
2015-04-16,Tirunelveli,8.7139,77.7567,Dryland,27.71,33.2,24.17,72.15,0.94,3.93,21.47,37.71
2015-04-17,Tirunelveli,8.7139,77.7567,Dryland,27.81,32.81,23.71,74.59,1.21,11.15,19.96,37.7
2015-04-18,Tirunelveli,8.7139,77.7567,Dryland,27.93,33.19,23.64,74.93,1.03,3.85,24.01,37.7
2015-04-19,Tirunelveli,8.7139,77.7567,Dryland,27.61,31.1,24.75,76.58,0.76,0.81,21.63,37.69
2015-04-20,Tirunelveli,8.7139,77.7567,Dryland,27.22,32.62,23.53,79.19,1.15,16.35,19.93,37.69
2015-04-21,Tirunelveli,8.7139,77.7567,Dryland,26.18,29.11,23.44,82.64,1.2,25.6,14.05,37.68
2015-04-22,Tirunelveli,8.7139,77.7567,Dryland,25.49,27.8,23.69,86.29,1.42,19.0,22.44,37.67
2015-04-23,Tirunelveli,8.7139,77.7567,Dryland,26.36,30.02,23.66,84.36,1.75,0.2,23.82,37.65
2015-04-24,Tirunelveli,8.7139,77.7567,Dryland,27.03,31.33,23.45,82.14,1.38,2.74,17.94,37.63
2015-04-25,Tirunelveli,8.7139,77.7567,Dryland,26.54,29.54,24.14,75.25,1.41,6.62,16.13,37.62
2015-04-26,Tirunelveli,8.7139,77.7567,Dryland,27.44,32.59,23.5,70.73,1.27,0.42,22.71,37.6
2015-04-27,Tirunelveli,8.7139,77.7567,Dryland,27.31,32.2,23.46,74.67,1.09,0.5,18.13,37.58
2015-04-28,Tirunelveli,8.7139,77.7567,Dryland,27.44,31.73,23.87,76.73,0.96,0.39,21.96,37.56
2015-04-29,Tirunelveli,8.7139,77.7567,Dryland,28.35,33.99,24.14,72.69,0.83,0.02,22.65,37.54
2015-04-30,Tirunelveli,8.7139,77.7567,Dryland,27.67,32.5,24.04,78.3,1.86,0.03,21.04,37.51
2015-05-01,Tirunelveli,8.7139,77.7567,Dryland,28.45,33.79,24.42,75.25,1.44,0.06,23.09,37.49
2015-05-02,Tirunelveli,8.7139,77.7567,Dryland,27.32,31.35,24.67,80.73,2.07,0.08,23.59,37.46
2015-05-03,Tirunelveli,8.7139,77.7567,Dryland,27.1,31.48,23.69,81.36,2.03,0.09,22.92,37.43
2015-05-04,Tirunelveli,8.7139,77.7567,Dryland,27.35,32.13,23.55,78.28,1.43,1.05,18.98,37.4
2015-05-05,Tirunelveli,8.7139,77.7567,Dryland,27.26,31.71,23.85,77.9,1.27,0.56,19.28,37.37
2015-05-06,Tirunelveli,8.7139,77.7567,Dryland,27.15,30.74,24.02,78.16,1.36,0.36,21.21,37.35
2015-05-07,Tirunelveli,8.7139,77.7567,Dryland,27.32,31.65,24.46,77.98,1.9,0.78,16.48,37.32
2015-05-08,Tirunelveli,8.7139,77.7567,Dryland,27.83,33.35,23.47,74.6,2.21,4.58,19.9,37.29
2015-05-09,Tirunelveli,8.7139,77.7567,Dryland,26.9,29.83,24.86,84.62,2.21,5.22,19.27,37.26
2015-05-10,Tirunelveli,8.7139,77.7567,Dryland,27.23,30.88,24.07,77.73,1.36,2.32,10.43,37.23
2015-05-11,Tirunelveli,8.7139,77.7567,Dryland,25.73,29.13,23.22,82.17,1.58,15.36,7.68,37.2
2015-05-12,Tirunelveli,8.7139,77.7567,Dryland,26.86,32.5,22.66,70.86,0.97,6.72,12.8,37.17
2015-05-13,Tirunelveli,8.7139,77.7567,Dryland,26.86,31.41,23.21,80.47,1.35,5.54,13.87,37.15
2015-05-14,Tirunelveli,8.7139,77.7567,Dryland,27.25,31.75,24.13,81.21,1.6,8.58,17.74,37.12
2015-05-15,Tirunelveli,8.7139,77.7567,Dryland,26.69,29.78,24.28,85.74,2.32,8.76,17.84,37.1
2015-05-16,Tirunelveli,8.7139,77.7567,Dryland,26.5,28.31,25.23,90.13,2.88,29.97,9.72,37.07
2015-05-17,Tirunelveli,8.7139,77.7567,Dryland,26.06,27.46,25.17,93.63,3.05,35.38,8.97,37.04
2015-05-18,Tirunelveli,8.7139,77.7567,Dryland,26.19,28.4,24.65,92.6,2.6,26.73,18.91,37.01
2015-05-19,Tirunelveli,8.7139,77.7567,Dryland,26.17,28.31,24.73,93.0,2.61,16.46,14.61,36.99
2015-05-20,Tirunelveli,8.7139,77.7567,Dryland,26.14,28.72,24.04,90.55,2.55,3.99,22.73,36.96
2015-05-21,Tirunelveli,8.7139,77.7567,Dryland,26.27,28.43,24.79,91.06,2.91,2.3,20.11,36.93
2015-05-22,Tirunelveli,8.7139,77.7567,Dryland,26.7,29.75,24.37,87.23,3.1,0.24,20.24,36.89
2015-05-23,Tirunelveli,8.7139,77.7567,Dryland,26.13,28.88,24.57,86.47,3.46,3.1,19.62,36.86
2015-05-24,Tirunelveli,8.7139,77.7567,Dryland,26.0,29.41,23.66,87.98,3.25,2.75,20.72,36.83
2015-05-25,Tirunelveli,8.7139,77.7567,Dryland,26.6,30.04,24.32,88.28,3.08,1.09,21.13,36.81
2015-05-26,Tirunelveli,8.7139,77.7567,Dryland,26.51,28.29,25.12,88.91,4.03,0.1,21.75,36.78
2015-05-27,Tirunelveli,8.7139,77.7567,Dryland,26.14,28.39,24.23,89.51,2.97,0.04,23.39,36.75
2015-05-28,Tirunelveli,8.7139,77.7567,Dryland,25.36,27.87,23.84,86.48,2.69,0.07,20.01,36.73
2015-05-29,Tirunelveli,8.7139,77.7567,Dryland,26.14,29.43,23.35,86.73,3.22,0.12,22.79,36.7
2015-05-30,Tirunelveli,8.7139,77.7567,Dryland,26.13,29.81,24.0,87.69,2.45,1.65,20.74,36.67
2015-05-31,Tirunelveli,8.7139,77.7567,Dryland,25.59,28.61,23.47,87.86,2.69,2.56,16.78,36.65
2015-06-01,Tirunelveli,8.7139,77.7567,Dryland,25.34,27.96,23.31,86.44,2.94,1.34,12.81,36.62
2015-06-02,Tirunelveli,8.7139,77.7567,Dryland,25.71,29.04,22.75,87.92,2.56,6.87,23.65,36.6
2015-06-03,Tirunelveli,8.7139,77.7567,Dryland,25.68,28.11,23.98,90.08,2.32,4.74,18.86,36.59
2015-06-04,Tirunelveli,8.7139,77.7567,Dryland,25.78,28.95,23.63,89.47,2.28,4.39,17.58,36.56
2015-06-05,Tirunelveli,8.7139,77.7567,Dryland,24.95,27.12,22.98,90.9,2.19,1.85,18.95,36.54
2015-06-06,Tirunelveli,8.7139,77.7567,Dryland,25.92,29.85,22.38,86.79,1.82,0.29,23.92,36.52
2015-06-07,Tirunelveli,8.7139,77.7567,Dryland,26.19,29.15,23.98,89.39,2.47,10.58,22.07,36.5
2015-06-08,Tirunelveli,8.7139,77.7567,Dryland,25.78,30.03,23.04,84.89,3.26,2.0,18.41,36.48
2015-06-09,Tirunelveli,8.7139,77.7567,Dryland,25.4,28.66,22.97,87.53,2.72,1.36,23.14,36.46
2015-06-10,Tirunelveli,8.7139,77.7567,Dryland,25.69,28.36,23.96,89.2,2.43,0.41,23.58,36.45
2015-06-11,Tirunelveli,8.7139,77.7567,Dryland,25.69,28.4,23.86,87.13,3.39,1.13,21.25,36.44
2015-06-12,Tirunelveli,8.7139,77.7567,Dryland,24.83,27.26,23.32,88.3,3.34,1.13,21.75,36.42
2015-06-13,Tirunelveli,8.7139,77.7567,Dryland,25.67,28.94,23.32,86.15,3.62,2.84,22.69,36.41
2015-06-14,Tirunelveli,8.7139,77.7567,Dryland,25.68,29.41,23.1,87.53,2.92,2.28,22.55,36.39
2015-06-15,Tirunelveli,8.7139,77.7567,Dryland,25.5,28.29,23.42,88.7,3.64,1.86,18.48,36.37
2015-06-16,Tirunelveli,8.7139,77.7567,Dryland,25.33,28.12,23.18,87.58,3.63,4.3,16.53,36.36
2015-06-17,Tirunelveli,8.7139,77.7567,Dryland,25.21,27.98,22.77,83.81,3.78,1.35,15.19,36.34
2015-06-18,Tirunelveli,8.7139,77.7567,Dryland,25.55,27.9,23.5,87.96,4.15,1.38,10.6,36.33
2015-06-19,Tirunelveli,8.7139,77.7567,Dryland,26.03,28.04,24.42,89.68,4.45,3.03,16.17,36.31
2015-06-20,Tirunelveli,8.7139,77.7567,Dryland,26.51,29.18,24.91,86.97,4.77,0.85,18.38,36.3
2015-06-21,Tirunelveli,8.7139,77.7567,Dryland,26.35,28.99,24.75,86.55,4.34,1.64,18.54,36.29
2015-06-22,Tirunelveli,8.7139,77.7567,Dryland,26.34,29.52,24.01,86.83,3.83,1.85,20.1,36.29
2015-06-23,Tirunelveli,8.7139,77.7567,Dryland,26.19,29.29,24.25,87.35,3.59,1.35,18.35,36.29
2015-06-24,Tirunelveli,8.7139,77.7567,Dryland,26.0,28.87,23.79,88.48,3.4,2.18,19.34,36.29
2015-06-25,Tirunelveli,8.7139,77.7567,Dryland,26.14,28.81,24.54,88.17,4.18,4.96,17.65,36.3
2015-06-26,Tirunelveli,8.7139,77.7567,Dryland,25.21,28.44,21.83,83.34,4.55,5.8,16.78,36.3
2015-06-27,Tirunelveli,8.7139,77.7567,Dryland,25.14,28.28,21.81,88.43,4.67,23.76,11.57,36.31
2015-06-28,Tirunelveli,8.7139,77.7567,Dryland,25.61,28.42,23.31,88.65,3.79,7.55,16.06,36.31
2015-06-29,Tirunelveli,8.7139,77.7567,Dryland,25.48,27.47,23.11,90.62,3.81,3.58,14.75,36.32
2015-06-30,Tirunelveli,8.7139,77.7567,Dryland,25.38,28.45,22.46,89.66,3.24,0.98,21.83,36.33
2015-07-01,Tirunelveli,8.7139,77.7567,Dryland,26.03,29.53,23.97,88.49,2.86,1.43,20.75,36.33
2015-07-02,Tirunelveli,8.7139,77.7567,Dryland,25.73,28.83,23.56,89.45,3.14,0.27,20.61,36.34
2015-07-03,Tirunelveli,8.7139,77.7567,Dryland,25.82,28.93,23.37,88.99,3.3,0.26,21.02,36.34
2015-07-04,Tirunelveli,8.7139,77.7567,Dryland,25.76,27.92,24.34,89.64,3.79,0.66,20.56,36.35
2015-07-05,Tirunelveli,8.7139,77.7567,Dryland,25.85,28.26,24.4,87.9,4.48,0.28,19.95,36.36
2015-07-06,Tirunelveli,8.7139,77.7567,Dryland,26.11,29.39,23.8,84.28,4.99,0.06,20.46,36.36
2015-07-07,Tirunelveli,8.7139,77.7567,Dryland,25.87,29.87,23.42,84.22,4.52,0.03,19.8,36.37
2015-07-08,Tirunelveli,8.7139,77.7567,Dryland,25.65,29.87,22.89,83.07,3.88,0.18,21.21,36.39
2015-07-09,Tirunelveli,8.7139,77.7567,Dryland,26.0,29.87,22.76,84.6,4.32,0.38,22.22,36.4
2015-07-10,Tirunelveli,8.7139,77.7567,Dryland,25.9,28.51,24.07,86.62,4.81,1.1,18.12,36.41
2015-07-11,Tirunelveli,8.7139,77.7567,Dryland,25.68,28.71,24.02,87.52,4.68,0.33,18.08,36.43
2015-07-12,Tirunelveli,8.7139,77.7567,Dryland,26.29,30.02,24.19,85.3,4.33,0.01,20.07,36.44
2015-07-13,Tirunelveli,8.7139,77.7567,Dryland,25.86,29.09,23.92,85.49,4.54,0.03,22.99,36.46
2015-07-14,Tirunelveli,8.7139,77.7567,Dryland,25.98,28.75,24.05,86.4,5.17,0.27,20.76,36.47
2015-07-15,Tirunelveli,8.7139,77.7567,Dryland,25.45,27.44,24.3,87.61,5.24,0.96,15.28,36.49
2015-07-16,Tirunelveli,8.7139,77.7567,Dryland,25.61,28.44,23.79,86.72,4.66,4.59,18.7,36.5
2015-07-17,Tirunelveli,8.7139,77.7567,Dryland,25.3,28.58,23.17,82.6,5.57,2.95,12.33,36.52
2015-07-18,Tirunelveli,8.7139,77.7567,Dryland,25.27,28.21,23.3,83.7,5.05,3.22,16.05,36.54
2015-07-19,Tirunelveli,8.7139,77.7567,Dryland,25.01,28.07,22.9,86.24,4.52,0.23,15.84,36.56
2015-07-20,Tirunelveli,8.7139,77.7567,Dryland,24.96,28.83,22.78,85.67,3.93,0.79,16.87,36.57
2015-07-21,Tirunelveli,8.7139,77.7567,Dryland,25.65,28.94,23.55,85.52,4.11,0.84,17.2,36.59
2015-07-22,Tirunelveli,8.7139,77.7567,Dryland,25.23,28.36,23.68,86.69,4.32,0.53,16.95,36.61
2015-07-23,Tirunelveli,8.7139,77.7567,Dryland,25.14,28.63,23.07,84.0,4.15,1.57,16.52,36.63
2015-07-24,Tirunelveli,8.7139,77.7567,Dryland,24.71,28.44,22.45,84.07,3.3,0.2,20.54,36.65
2015-07-25,Tirunelveli,8.7139,77.7567,Dryland,25.33,30.13,22.14,81.57,3.27,0.11,20.79,36.68
2015-07-26,Tirunelveli,8.7139,77.7567,Dryland,24.51,28.06,22.31,85.54,3.14,0.12,20.8,36.69
2015-07-27,Tirunelveli,8.7139,77.7567,Dryland,25.5,30.67,21.64,82.26,2.86,0.07,23.3,36.72
2015-07-28,Tirunelveli,8.7139,77.7567,Dryland,26.13,31.54,22.41,80.41,2.66,0.31,21.96,36.74
2015-07-29,Tirunelveli,8.7139,77.7567,Dryland,26.04,31.35,22.44,80.89,3.23,0.33,23.4,36.77
2015-07-30,Tirunelveli,8.7139,77.7567,Dryland,25.78,30.27,22.66,80.02,3.58,0.0,21.69,36.79
2015-07-31,Tirunelveli,8.7139,77.7567,Dryland,25.53,30.78,21.91,81.39,3.4,0.01,22.13,36.82
2015-08-01,Tirunelveli,8.7139,77.7567,Dryland,26.51,32.04,22.62,79.13,4.12,0.07,23.2,36.84
2015-08-02,Tirunelveli,8.7139,77.7567,Dryland,26.57,32.18,22.88,77.59,4.21,0.11,22.06,36.86
2015-08-03,Tirunelveli,8.7139,77.7567,Dryland,25.84,30.53,23.12,81.68,4.04,0.24,21.66,36.88
2015-08-04,Tirunelveli,8.7139,77.7567,Dryland,25.8,29.33,23.84,83.62,3.93,0.39,22.43,36.9
2015-08-05,Tirunelveli,8.7139,77.7567,Dryland,25.46,28.71,23.21,84.38,3.55,0.64,18.43,36.91
2015-08-06,Tirunelveli,8.7139,77.7567,Dryland,26.13,31.32,22.01,81.19,3.8,0.39,22.77,36.92
2015-08-07,Tirunelveli,8.7139,77.7567,Dryland,26.02,29.61,23.87,83.53,4.25,0.16,22.86,36.94
2015-08-08,Tirunelveli,8.7139,77.7567,Dryland,26.04,29.8,23.75,83.95,3.87,0.2,21.68,36.95
2015-08-09,Tirunelveli,8.7139,77.7567,Dryland,26.2,29.74,24.38,83.42,4.97,0.3,18.73,36.97
2015-08-10,Tirunelveli,8.7139,77.7567,Dryland,25.72,28.43,23.93,84.31,4.61,0.7,16.57,37.0
2015-08-11,Tirunelveli,8.7139,77.7567,Dryland,26.45,30.54,23.92,80.28,4.97,0.34,18.95,37.02
2015-08-12,Tirunelveli,8.7139,77.7567,Dryland,26.49,30.94,24.06,80.2,4.99,0.32,19.52,37.04
2015-08-13,Tirunelveli,8.7139,77.7567,Dryland,25.61,28.75,23.57,83.75,4.32,1.02,20.06,37.06
2015-08-14,Tirunelveli,8.7139,77.7567,Dryland,26.9,32.08,23.57,79.53,4.64,0.34,20.85,37.07
2015-08-15,Tirunelveli,8.7139,77.7567,Dryland,26.34,30.22,23.71,80.88,4.18,0.11,18.83,37.09
2015-08-16,Tirunelveli,8.7139,77.7567,Dryland,25.82,29.42,23.41,84.12,2.74,12.08,16.24,37.1
2015-08-17,Tirunelveli,8.7139,77.7567,Dryland,27.09,32.83,22.6,76.16,1.59,1.4,20.24,37.12
2015-08-18,Tirunelveli,8.7139,77.7567,Dryland,25.91,30.02,23.35,82.69,1.4,3.18,19.94,37.13
2015-08-19,Tirunelveli,8.7139,77.7567,Dryland,25.97,30.23,23.35,82.13,2.33,1.09,21.21,37.14
2015-08-20,Tirunelveli,8.7139,77.7567,Dryland,26.21,30.43,23.61,79.88,2.58,1.09,19.17,37.15
2015-08-21,Tirunelveli,8.7139,77.7567,Dryland,26.61,31.09,23.44,79.76,2.98,2.31,20.39,37.16
2015-08-22,Tirunelveli,8.7139,77.7567,Dryland,25.89,28.92,23.79,84.89,3.05,1.95,13.7,37.16
2015-08-23,Tirunelveli,8.7139,77.7567,Dryland,26.42,32.21,22.99,76.78,3.46,0.15,17.14,37.16
2015-08-24,Tirunelveli,8.7139,77.7567,Dryland,26.03,30.77,23.23,76.06,3.76,0.02,20.79,37.16
2015-08-25,Tirunelveli,8.7139,77.7567,Dryland,25.82,29.49,23.79,82.02,3.93,0.0,23.87,37.18
2015-08-26,Tirunelveli,8.7139,77.7567,Dryland,26.49,32.6,23.14,77.52,4.36,0.0,22.46,37.19
2015-08-27,Tirunelveli,8.7139,77.7567,Dryland,26.8,32.38,23.76,78.6,4.24,0.02,22.08,37.21
2015-08-28,Tirunelveli,8.7139,77.7567,Dryland,26.71,31.44,23.89,79.27,3.75,0.1,23.26,37.22
2015-08-29,Tirunelveli,8.7139,77.7567,Dryland,27.0,31.88,24.35,78.19,3.96,0.11,22.58,37.22
2015-08-30,Tirunelveli,8.7139,77.7567,Dryland,27.43,33.4,23.46,74.47,3.64,0.14,25.13,37.22
2015-08-31,Tirunelveli,8.7139,77.7567,Dryland,27.61,34.26,23.24,74.1,3.03,0.06,23.19,37.22
2015-09-01,Tirunelveli,8.7139,77.7567,Dryland,27.9,34.41,23.62,73.99,3.63,0.14,23.12,37.22
2015-09-02,Tirunelveli,8.7139,77.7567,Dryland,28.58,35.57,23.44,71.08,2.89,0.67,21.46,37.21
2015-09-03,Tirunelveli,8.7139,77.7567,Dryland,27.41,31.69,24.31,77.67,2.45,0.88,17.96,37.2
2015-09-04,Tirunelveli,8.7139,77.7567,Dryland,26.23,30.35,23.92,82.95,1.73,2.91,10.69,37.19
2015-09-05,Tirunelveli,8.7139,77.7567,Dryland,26.36,31.43,22.63,78.74,1.81,4.73,19.05,37.18
2015-09-06,Tirunelveli,8.7139,77.7567,Dryland,25.74,29.75,23.44,83.24,2.64,8.46,18.02,37.17
2015-09-07,Tirunelveli,8.7139,77.7567,Dryland,25.37,30.2,22.94,79.39,2.84,1.75,13.43,37.16
2015-09-08,Tirunelveli,8.7139,77.7567,Dryland,25.32,29.71,22.09,79.98,2.33,7.37,18.47,37.15
2015-09-09,Tirunelveli,8.7139,77.7567,Dryland,25.53,29.73,22.63,81.14,2.83,6.29,13.82,37.13
2015-09-10,Tirunelveli,8.7139,77.7567,Dryland,25.17,27.88,23.1,86.75,3.04,4.85,13.29,37.11
2015-09-11,Tirunelveli,8.7139,77.7567,Dryland,25.07,27.43,23.61,87.24,3.44,10.47,16.0,37.09
2015-09-12,Tirunelveli,8.7139,77.7567,Dryland,25.96,29.83,23.47,82.8,3.59,1.91,19.11,37.07
2015-09-13,Tirunelveli,8.7139,77.7567,Dryland,26.21,30.13,23.89,80.47,3.85,0.17,21.06,37.05
2015-09-14,Tirunelveli,8.7139,77.7567,Dryland,26.75,32.36,23.69,75.8,4.35,0.28,21.63,37.03
2015-09-15,Tirunelveli,8.7139,77.7567,Dryland,25.99,29.41,24.11,84.55,4.24,2.47,18.99,37.01
2015-09-16,Tirunelveli,8.7139,77.7567,Dryland,26.5,30.49,24.41,83.72,4.93,6.34,17.86,36.98
2015-09-17,Tirunelveli,8.7139,77.7567,Dryland,26.48,31.1,23.83,80.07,4.22,2.25,17.01,36.95
2015-09-18,Tirunelveli,8.7139,77.7567,Dryland,26.04,30.46,23.43,80.35,3.78,2.02,17.84,36.92
2015-09-19,Tirunelveli,8.7139,77.7567,Dryland,26.22,30.01,24.28,84.24,4.16,1.62,17.47,36.89
2015-09-20,Tirunelveli,8.7139,77.7567,Dryland,25.81,29.0,24.08,84.42,4.1,0.91,18.47,36.87
2015-09-21,Tirunelveli,8.7139,77.7567,Dryland,25.91,29.24,23.47,84.52,2.31,1.26,20.78,36.84
2015-09-22,Tirunelveli,8.7139,77.7567,Dryland,27.1,33.21,22.93,76.24,3.41,0.31,21.8,36.81
2015-09-23,Tirunelveli,8.7139,77.7567,Dryland,26.58,30.97,23.79,79.53,2.43,0.57,19.99,36.77
2015-09-24,Tirunelveli,8.7139,77.7567,Dryland,26.29,30.52,23.65,82.94,2.0,1.61,17.22,36.73
2015-09-25,Tirunelveli,8.7139,77.7567,Dryland,26.74,31.23,23.79,81.81,1.94,4.59,20.87,36.68
2015-09-26,Tirunelveli,8.7139,77.7567,Dryland,26.99,32.68,23.3,79.61,2.27,18.82,21.65,36.63
2015-09-27,Tirunelveli,8.7139,77.7567,Dryland,25.42,27.36,23.91,88.67,3.21,12.22,17.95,36.58
2015-09-28,Tirunelveli,8.7139,77.7567,Dryland,26.12,31.12,23.02,82.57,2.14,4.56,18.92,36.54
2015-09-29,Tirunelveli,8.7139,77.7567,Dryland,25.5,29.24,23.06,84.52,1.8,5.74,16.57,36.49
2015-09-30,Tirunelveli,8.7139,77.7567,Dryland,24.67,27.29,22.85,86.09,1.56,3.8,15.27,36.45
2015-10-01,Tirunelveli,8.7139,77.7567,Dryland,25.8,30.14,22.92,83.07,2.26,0.98,14.73,36.4
2015-10-02,Tirunelveli,8.7139,77.7567,Dryland,25.18,28.64,22.31,84.46,2.38,1.29,16.9,36.35
2015-10-03,Tirunelveli,8.7139,77.7567,Dryland,25.65,29.97,21.71,84.02,2.65,5.08,22.01,36.3
2015-10-04,Tirunelveli,8.7139,77.7567,Dryland,25.18,28.14,23.26,86.57,2.69,3.89,15.67,36.25
2015-10-05,Tirunelveli,8.7139,77.7567,Dryland,25.22,27.87,23.66,88.08,3.1,2.61,12.99,36.19
2015-10-06,Tirunelveli,8.7139,77.7567,Dryland,26.25,32.36,21.25,77.6,2.69,0.6,22.13,36.13
2015-10-07,Tirunelveli,8.7139,77.7567,Dryland,26.03,30.12,23.09,82.57,2.5,2.03,22.26,36.07
2015-10-08,Tirunelveli,8.7139,77.7567,Dryland,25.1,27.85,23.26,87.37,3.09,9.03,18.29,36.01
2015-10-09,Tirunelveli,8.7139,77.7567,Dryland,25.54,29.63,22.78,84.84,3.0,8.78,19.11,35.95
2015-10-10,Tirunelveli,8.7139,77.7567,Dryland,25.92,29.72,23.35,84.72,2.86,11.63,21.83,35.88
2015-10-11,Tirunelveli,8.7139,77.7567,Dryland,26.43,31.49,23.32,82.61,2.34,2.54,22.97,35.82
2015-10-12,Tirunelveli,8.7139,77.7567,Dryland,26.18,28.99,23.54,83.71,1.13,3.56,19.8,35.76
2015-10-13,Tirunelveli,8.7139,77.7567,Dryland,26.08,30.05,23.5,80.03,0.86,1.93,15.61,35.69
2015-10-14,Tirunelveli,8.7139,77.7567,Dryland,25.96,30.65,22.86,80.39,1.35,0.65,15.33,35.62
2015-10-15,Tirunelveli,8.7139,77.7567,Dryland,26.31,31.16,22.62,77.5,1.1,1.11,19.6,35.56
2015-10-16,Tirunelveli,8.7139,77.7567,Dryland,27.15,32.58,23.11,74.51,1.23,0.22,20.23,35.49
2015-10-17,Tirunelveli,8.7139,77.7567,Dryland,27.29,33.3,22.41,74.23,1.61,0.12,19.41,35.42
2015-10-18,Tirunelveli,8.7139,77.7567,Dryland,26.0,29.18,23.68,84.98,1.6,2.4,9.67,35.35
2015-10-19,Tirunelveli,8.7139,77.7567,Dryland,25.69,27.92,24.42,87.48,1.98,2.94,15.8,35.28
2015-10-20,Tirunelveli,8.7139,77.7567,Dryland,25.23,28.26,22.84,87.1,1.51,7.05,17.3,35.2
2015-10-21,Tirunelveli,8.7139,77.7567,Dryland,26.16,30.84,22.66,82.11,1.44,0.65,19.2,35.12
2015-10-22,Tirunelveli,8.7139,77.7567,Dryland,26.87,32.68,23.04,77.98,1.2,2.31,20.3,35.05
2015-10-23,Tirunelveli,8.7139,77.7567,Dryland,26.62,31.68,23.43,81.42,1.27,10.66,13.43,34.97
2015-10-24,Tirunelveli,8.7139,77.7567,Dryland,26.4,30.53,23.79,82.3,0.94,4.99,14.65,34.9
2015-10-25,Tirunelveli,8.7139,77.7567,Dryland,25.87,29.43,23.85,79.67,1.39,33.54,14.32,34.82
2015-10-26,Tirunelveli,8.7139,77.7567,Dryland,26.16,30.71,22.41,74.05,1.26,0.26,13.69,34.74
2015-10-27,Tirunelveli,8.7139,77.7567,Dryland,25.03,29.93,22.25,80.43,1.69,0.41,14.17,34.66
2015-10-28,Tirunelveli,8.7139,77.7567,Dryland,24.71,28.81,21.84,83.61,1.4,7.29,12.3,34.58
2015-10-29,Tirunelveli,8.7139,77.7567,Dryland,25.73,30.76,21.21,80.08,1.32,1.86,16.54,34.5
2015-10-30,Tirunelveli,8.7139,77.7567,Dryland,24.36,27.13,22.46,87.46,1.25,31.88,12.91,34.41
2015-10-31,Tirunelveli,8.7139,77.7567,Dryland,24.79,27.87,22.99,89.61,1.29,33.82,11.55,34.32
2015-11-01,Tirunelveli,8.7139,77.7567,Dryland,24.74,28.04,22.77,90.58,1.99,8.96,11.15,34.24
2015-11-02,Tirunelveli,8.7139,77.7567,Dryland,24.15,26.87,22.43,91.13,1.43,11.48,11.21,34.15
2015-11-03,Tirunelveli,8.7139,77.7567,Dryland,24.87,27.89,22.2,86.43,0.73,31.54,18.48,34.07
2015-11-04,Tirunelveli,8.7139,77.7567,Dryland,25.57,29.38,22.75,86.53,0.9,14.64,15.44,33.99
2015-11-05,Tirunelveli,8.7139,77.7567,Dryland,25.17,28.46,22.88,87.96,1.66,2.88,17.74,33.92
2015-11-06,Tirunelveli,8.7139,77.7567,Dryland,24.83,27.61,22.89,88.5,1.05,36.33,17.15,33.84
2015-11-07,Tirunelveli,8.7139,77.7567,Dryland,24.19,26.16,22.6,93.99,1.36,47.97,14.26,33.77
2015-11-08,Tirunelveli,8.7139,77.7567,Dryland,24.36,26.08,22.55,90.71,1.62,25.48,13.81,33.69
2015-11-09,Tirunelveli,8.7139,77.7567,Dryland,24.48,27.15,22.72,88.91,1.97,4.53,13.03,33.61
2015-11-10,Tirunelveli,8.7139,77.7567,Dryland,25.09,28.65,22.74,88.75,2.04,1.2,18.2,33.53
2015-11-11,Tirunelveli,8.7139,77.7567,Dryland,24.59,28.41,21.7,89.68,1.65,1.06,17.45,33.45
2015-11-12,Tirunelveli,8.7139,77.7567,Dryland,25.34,29.21,22.43,85.54,0.95,13.2,17.27,33.38
2015-11-13,Tirunelveli,8.7139,77.7567,Dryland,24.4,26.6,22.36,89.13,1.07,29.65,5.59,33.3
2015-11-14,Tirunelveli,8.7139,77.7567,Dryland,23.93,25.85,22.61,91.8,1.16,4.28,9.01,33.23
2015-11-15,Tirunelveli,8.7139,77.7567,Dryland,23.97,26.81,22.27,91.84,1.41,5.89,8.69,33.16
2015-11-16,Tirunelveli,8.7139,77.7567,Dryland,24.55,28.35,22.03,90.46,1.8,3.5,14.91,33.09
2015-11-17,Tirunelveli,8.7139,77.7567,Dryland,25.14,28.92,22.51,89.65,1.99,2.86,17.77,33.01
2015-11-18,Tirunelveli,8.7139,77.7567,Dryland,25.43,28.99,22.74,88.73,1.56,46.15,16.56,32.94
2015-11-19,Tirunelveli,8.7139,77.7567,Dryland,25.5,28.72,22.91,86.87,1.02,28.28,13.86,32.86
2015-11-20,Tirunelveli,8.7139,77.7567,Dryland,24.76,27.07,23.16,93.19,1.57,8.42,16.06,32.8
2015-11-21,Tirunelveli,8.7139,77.7567,Dryland,24.75,27.32,22.83,91.46,2.3,8.09,14.53,32.73
2015-11-22,Tirunelveli,8.7139,77.7567,Dryland,24.71,27.89,22.4,91.84,2.56,4.74,11.1,32.66
2015-11-23,Tirunelveli,8.7139,77.7567,Dryland,24.48,26.29,22.72,92.46,2.42,21.5,16.31,32.6
2015-11-24,Tirunelveli,8.7139,77.7567,Dryland,24.44,26.93,22.02,92.91,1.89,4.26,15.59,32.53
2015-11-25,Tirunelveli,8.7139,77.7567,Dryland,24.46,28.01,21.4,89.87,2.83,0.74,20.87,32.46
2015-11-26,Tirunelveli,8.7139,77.7567,Dryland,23.45,27.76,19.28,87.4,2.08,0.0,20.85,32.4
2015-11-27,Tirunelveli,8.7139,77.7567,Dryland,23.76,27.69,19.68,90.64,1.93,0.26,18.3,32.34
2015-11-28,Tirunelveli,8.7139,77.7567,Dryland,24.21,27.79,21.97,88.63,1.64,0.84,15.84,32.28
2015-11-29,Tirunelveli,8.7139,77.7567,Dryland,24.19,27.75,21.71,90.59,2.61,19.74,18.66,32.23
2015-11-30,Tirunelveli,8.7139,77.7567,Dryland,23.37,25.0,22.1,90.96,1.66,17.81,12.52,32.17
2015-12-01,Tirunelveli,8.7139,77.7567,Dryland,23.72,25.98,22.15,90.42,1.43,4.92,10.01,32.12
2015-12-02,Tirunelveli,8.7139,77.7567,Dryland,24.07,26.52,22.42,93.97,1.67,15.81,13.17,32.08
2015-12-03,Tirunelveli,8.7139,77.7567,Dryland,23.89,25.23,22.76,90.28,0.98,1.85,13.26,32.03
2015-12-04,Tirunelveli,8.7139,77.7567,Dryland,24.65,28.21,22.24,90.19,1.97,2.09,13.59,31.98
2015-12-05,Tirunelveli,8.7139,77.7567,Dryland,23.88,25.66,22.52,94.38,3.32,4.15,10.25,31.94
2015-12-06,Tirunelveli,8.7139,77.7567,Dryland,24.27,26.12,23.23,93.72,2.92,2.06,12.51,31.9
2015-12-07,Tirunelveli,8.7139,77.7567,Dryland,24.75,26.38,23.42,94.09,2.66,23.75,10.51,31.86
2015-12-08,Tirunelveli,8.7139,77.7567,Dryland,23.61,26.56,21.51,93.14,2.48,13.51,5.16,31.83
2015-12-09,Tirunelveli,8.7139,77.7567,Dryland,23.98,26.12,21.94,93.74,2.59,1.39,14.22,31.79
2015-12-10,Tirunelveli,8.7139,77.7567,Dryland,24.39,25.98,23.11,94.55,2.48,6.25,7.66,31.77
2015-12-11,Tirunelveli,8.7139,77.7567,Dryland,24.32,26.38,22.92,93.34,1.68,5.03,7.84,31.74
2015-12-12,Tirunelveli,8.7139,77.7567,Dryland,24.61,27.04,23.04,92.59,2.06,6.44,12.9,31.72
2015-12-13,Tirunelveli,8.7139,77.7567,Dryland,24.86,27.97,22.59,90.47,1.4,2.43,17.95,31.7
2015-12-14,Tirunelveli,8.7139,77.7567,Dryland,24.94,27.8,22.67,89.43,0.91,1.42,14.97,31.68
2015-12-15,Tirunelveli,8.7139,77.7567,Dryland,25.56,29.09,23.26,90.41,1.16,8.98,15.75,31.66
2015-12-16,Tirunelveli,8.7139,77.7567,Dryland,24.32,27.98,21.09,90.05,2.11,1.54,15.01,31.64
2015-12-17,Tirunelveli,8.7139,77.7567,Dryland,23.29,27.49,19.03,89.47,2.05,2.4,20.12,31.63
2015-12-18,Tirunelveli,8.7139,77.7567,Dryland,24.06,27.43,21.62,92.06,1.79,8.83,8.96,31.62
2015-12-19,Tirunelveli,8.7139,77.7567,Dryland,24.26,27.13,22.67,92.56,1.91,31.94,10.74,31.61
2015-12-20,Tirunelveli,8.7139,77.7567,Dryland,24.0,27.29,22.21,92.08,2.98,17.7,18.02,31.61
2015-12-21,Tirunelveli,8.7139,77.7567,Dryland,22.87,26.63,19.46,87.86,2.4,0.03,20.74,31.62
2015-12-22,Tirunelveli,8.7139,77.7567,Dryland,21.95,26.59,17.68,89.03,2.55,0.0,21.59,31.62
2015-12-23,Tirunelveli,8.7139,77.7567,Dryland,22.45,27.05,18.14,90.37,2.23,0.0,20.49,31.63
2015-12-24,Tirunelveli,8.7139,77.7567,Dryland,22.77,26.71,19.11,89.38,2.13,0.0,17.84,31.63
2015-12-25,Tirunelveli,8.7139,77.7567,Dryland,22.44,26.58,18.38,88.04,2.6,0.0,20.14,31.64
2015-12-26,Tirunelveli,8.7139,77.7567,Dryland,22.93,26.98,19.17,90.2,3.17,0.0,16.89,31.65
2015-12-27,Tirunelveli,8.7139,77.7567,Dryland,23.8,27.3,20.99,90.03,3.95,7.33,16.3,31.67
2015-12-28,Tirunelveli,8.7139,77.7567,Dryland,23.52,26.55,20.78,89.84,4.98,3.8,11.25,31.69
2015-12-29,Tirunelveli,8.7139,77.7567,Dryland,23.59,26.85,20.66,91.05,3.71,3.34,12.83,31.71
2015-12-30,Tirunelveli,8.7139,77.7567,Dryland,23.6,27.76,20.09,89.47,3.68,0.16,14.73,31.75
2015-12-31,Tirunelveli,8.7139,77.7567,Dryland,22.71,26.79,19.3,88.36,3.49,0.0,20.01,31.78
2016-01-01,Tirunelveli,8.7139,77.7567,Dryland,22.26,26.35,18.78,85.4,3.35,0.0,17.48,31.81
2016-01-02,Tirunelveli,8.7139,77.7567,Dryland,22.08,26.71,18.13,86.35,2.98,0.0,18.46,31.84
2016-01-03,Tirunelveli,8.7139,77.7567,Dryland,21.44,26.32,17.69,85.2,2.94,0.0,21.88,31.87
2016-01-04,Tirunelveli,8.7139,77.7567,Dryland,21.96,26.79,17.8,89.14,2.6,0.0,21.4,31.91
2016-01-05,Tirunelveli,8.7139,77.7567,Dryland,22.19,26.48,18.02,88.04,2.29,0.0,21.37,31.95
2016-01-06,Tirunelveli,8.7139,77.7567,Dryland,23.04,27.32,19.21,89.49,2.62,0.0,17.09,32.0
2016-01-07,Tirunelveli,8.7139,77.7567,Dryland,23.14,26.67,19.98,89.88,2.55,0.0,15.97,32.04
2016-01-08,Tirunelveli,8.7139,77.7567,Dryland,23.19,26.93,20.25,87.58,2.62,0.0,18.35,32.09
2016-01-09,Tirunelveli,8.7139,77.7567,Dryland,22.18,25.34,19.66,90.45,2.44,0.0,19.24,32.14
2016-01-10,Tirunelveli,8.7139,77.7567,Dryland,22.68,26.84,19.08,89.53,3.0,0.0,19.61,32.2
2016-01-11,Tirunelveli,8.7139,77.7567,Dryland,22.7,26.73,19.91,86.74,2.94,0.0,20.06,32.25
2016-01-12,Tirunelveli,8.7139,77.7567,Dryland,21.73,26.67,17.59,86.71,2.59,0.0,19.65,32.31
2016-01-13,Tirunelveli,8.7139,77.7567,Dryland,21.67,26.71,16.82,86.44,2.14,0.0,15.64,32.37
2016-01-14,Tirunelveli,8.7139,77.7567,Dryland,20.8,24.89,17.94,88.0,2.14,0.0,19.15,32.43
2016-01-15,Tirunelveli,8.7139,77.7567,Dryland,20.77,26.31,16.07,85.39,2.09,0.0,21.03,32.5
2016-01-16,Tirunelveli,8.7139,77.7567,Dryland,21.97,27.1,16.3,85.07,1.75,0.0,20.52,32.56
2016-01-17,Tirunelveli,8.7139,77.7567,Dryland,22.83,27.57,19.35,87.21,1.79,0.0,19.45,32.63
2016-01-18,Tirunelveli,8.7139,77.7567,Dryland,22.67,27.85,17.85,87.12,1.68,0.0,19.05,32.71
2016-01-19,Tirunelveli,8.7139,77.7567,Dryland,23.4,28.14,19.54,87.37,1.91,0.0,20.2,32.78
2016-01-20,Tirunelveli,8.7139,77.7567,Dryland,24.47,28.92,20.28,85.89,1.56,0.06,18.88,32.85
2016-01-21,Tirunelveli,8.7139,77.7567,Dryland,24.87,29.24,21.99,88.03,2.06,0.39,13.4,32.92
2016-01-22,Tirunelveli,8.7139,77.7567,Dryland,24.39,28.72,21.31,87.45,2.48,0.03,16.21,32.99
2016-01-23,Tirunelveli,8.7139,77.7567,Dryland,23.95,28.41,20.62,88.23,2.6,0.0,20.34,33.07
2016-01-24,Tirunelveli,8.7139,77.7567,Dryland,24.78,29.45,20.9,85.74,2.59,0.0,20.74,33.15
2016-01-25,Tirunelveli,8.7139,77.7567,Dryland,25.07,29.48,21.89,86.58,2.47,0.0,16.15,33.23
2016-01-26,Tirunelveli,8.7139,77.7567,Dryland,24.46,29.37,20.7,85.17,2.21,0.0,19.95,33.31
2016-01-27,Tirunelveli,8.7139,77.7567,Dryland,24.4,29.5,20.83,84.08,2.16,0.0,18.07,33.39
2016-01-28,Tirunelveli,8.7139,77.7567,Dryland,23.6,29.63,19.43,79.64,2.0,0.0,22.09,33.47
2016-01-29,Tirunelveli,8.7139,77.7567,Dryland,22.73,29.45,17.11,78.48,2.17,0.0,21.35,33.56
2016-01-30,Tirunelveli,8.7139,77.7567,Dryland,22.58,29.03,17.11,81.64,2.52,0.0,21.97,33.64
2016-01-31,Tirunelveli,8.7139,77.7567,Dryland,22.72,28.23,17.6,82.43,2.79,0.0,17.82,33.72
2016-02-01,Tirunelveli,8.7139,77.7567,Dryland,23.0,29.61,18.46,80.28,2.56,0.0,20.21,33.81
2016-02-02,Tirunelveli,8.7139,77.7567,Dryland,22.22,29.31,16.43,78.89,2.63,0.0,21.0,33.9
2016-02-03,Tirunelveli,8.7139,77.7567,Dryland,21.73,29.06,16.69,80.22,2.13,0.0,21.67,33.99
2016-02-04,Tirunelveli,8.7139,77.7567,Dryland,22.32,29.67,16.25,74.61,2.5,0.0,22.71,34.08
2016-02-05,Tirunelveli,8.7139,77.7567,Dryland,23.2,30.02,16.84,76.42,2.16,0.0,21.17,34.17
2016-02-06,Tirunelveli,8.7139,77.7567,Dryland,24.35,30.05,19.66,80.82,1.67,0.04,19.66,34.26
2016-02-07,Tirunelveli,8.7139,77.7567,Dryland,25.38,31.17,20.68,79.8,1.6,2.43,20.26,34.34
2016-02-08,Tirunelveli,8.7139,77.7567,Dryland,25.68,31.74,21.87,80.93,1.88,1.19,18.81,34.43
2016-02-09,Tirunelveli,8.7139,77.7567,Dryland,25.95,32.28,20.91,76.6,1.62,0.01,19.26,34.52
2016-02-10,Tirunelveli,8.7139,77.7567,Dryland,26.45,32.89,21.53,75.87,1.17,0.05,18.45,34.61
2016-02-11,Tirunelveli,8.7139,77.7567,Dryland,26.09,32.52,20.67,75.65,1.33,1.22,20.57,34.7
2016-02-12,Tirunelveli,8.7139,77.7567,Dryland,25.83,32.69,20.56,72.73,1.77,0.0,20.48,34.79
2016-02-13,Tirunelveli,8.7139,77.7567,Dryland,25.49,32.77,19.3,71.58,1.65,0.0,22.66,34.88
2016-02-14,Tirunelveli,8.7139,77.7567,Dryland,25.49,32.33,20.18,72.64,1.97,0.0,21.37,34.96
2016-02-15,Tirunelveli,8.7139,77.7567,Dryland,25.92,33.02,20.2,72.48,1.98,0.0,22.63,35.05
2016-02-16,Tirunelveli,8.7139,77.7567,Dryland,26.15,32.01,22.16,74.51,3.0,0.05,20.5,35.14
2016-02-17,Tirunelveli,8.7139,77.7567,Dryland,25.83,32.05,21.01,75.26,2.73,1.24,19.04,35.23
2016-02-18,Tirunelveli,8.7139,77.7567,Dryland,25.47,29.39,22.68,81.04,3.53,2.31,17.7,35.31
2016-02-19,Tirunelveli,8.7139,77.7567,Dryland,26.55,32.58,22.6,75.18,2.97,0.05,18.17,35.39
2016-02-20,Tirunelveli,8.7139,77.7567,Dryland,26.98,33.48,22.6,75.42,2.2,1.39,20.52,35.47
2016-02-21,Tirunelveli,8.7139,77.7567,Dryland,27.47,34.58,22.76,73.37,1.69,1.08,22.85,35.56
2016-02-22,Tirunelveli,8.7139,77.7567,Dryland,27.16,35.0,21.29,70.03,1.86,0.07,23.52,35.64
2016-02-23,Tirunelveli,8.7139,77.7567,Dryland,26.37,34.78,20.32,67.99,1.67,0.0,25.39,35.73
2016-02-24,Tirunelveli,8.7139,77.7567,Dryland,26.27,35.26,18.52,64.07,1.24,0.0,24.74,35.81
2016-02-25,Tirunelveli,8.7139,77.7567,Dryland,27.36,35.56,20.03,65.86,1.5,0.0,22.73,35.88
2016-02-26,Tirunelveli,8.7139,77.7567,Dryland,26.83,33.57,22.45,72.18,2.68,0.12,21.08,35.96
2016-02-27,Tirunelveli,8.7139,77.7567,Dryland,26.54,32.88,20.8,72.78,3.21,0.04,17.71,36.03
2016-02-28,Tirunelveli,8.7139,77.7567,Dryland,27.33,32.79,23.17,74.16,2.82,0.92,20.13,36.1
2016-02-29,Tirunelveli,8.7139,77.7567,Dryland,26.63,31.26,23.61,76.43,2.87,0.32,19.66,36.18
2016-03-01,Tirunelveli,8.7139,77.7567,Dryland,27.4,34.32,22.65,71.12,3.04,0.01,20.53,36.25
2016-03-02,Tirunelveli,8.7139,77.7567,Dryland,27.78,34.6,23.05,67.72,2.93,0.0,19.83,36.33
2016-03-03,Tirunelveli,8.7139,77.7567,Dryland,27.17,33.73,23.27,69.21,2.69,0.0,21.97,36.4
2016-03-04,Tirunelveli,8.7139,77.7567,Dryland,27.12,34.06,21.32,69.46,2.48,0.0,18.28,36.47
2016-03-05,Tirunelveli,8.7139,77.7567,Dryland,27.92,35.74,22.51,66.46,1.99,0.0,22.15,36.53
2016-03-06,Tirunelveli,8.7139,77.7567,Dryland,27.77,35.37,23.12,64.86,2.17,0.0,23.69,36.59
2016-03-07,Tirunelveli,8.7139,77.7567,Dryland,27.84,35.87,22.36,64.01,1.76,0.01,23.15,36.66
2016-03-08,Tirunelveli,8.7139,77.7567,Dryland,27.61,34.98,22.04,66.25,1.6,0.0,22.43,36.72
2016-03-09,Tirunelveli,8.7139,77.7567,Dryland,27.96,34.91,23.29,69.36,1.8,0.01,21.05,36.78
2016-03-10,Tirunelveli,8.7139,77.7567,Dryland,29.07,36.23,24.07,66.71,1.44,0.03,20.56,36.84
2016-03-11,Tirunelveli,8.7139,77.7567,Dryland,29.05,35.01,24.5,67.77,1.0,1.01,20.6,36.9
2016-03-12,Tirunelveli,8.7139,77.7567,Dryland,29.4,36.9,23.92,65.76,1.46,1.03,22.19,36.95
2016-03-13,Tirunelveli,8.7139,77.7567,Dryland,28.71,34.25,24.77,69.69,1.04,0.6,22.02,37.0
2016-03-14,Tirunelveli,8.7139,77.7567,Dryland,30.17,38.1,24.86,63.57,1.45,0.02,22.12,37.05
2016-03-15,Tirunelveli,8.7139,77.7567,Dryland,30.13,37.69,24.9,60.58,1.88,0.04,21.93,37.1
2016-03-16,Tirunelveli,8.7139,77.7567,Dryland,30.5,38.61,24.74,59.0,1.82,0.03,22.34,37.15
2016-03-17,Tirunelveli,8.7139,77.7567,Dryland,30.67,38.78,24.81,56.89,1.61,0.01,22.23,37.2
2016-03-18,Tirunelveli,8.7139,77.7567,Dryland,30.41,38.51,23.99,57.43,1.84,0.0,22.64,37.24
2016-03-19,Tirunelveli,8.7139,77.7567,Dryland,30.9,39.49,25.01,56.68,1.47,0.0,25.08,37.28
2016-03-20,Tirunelveli,8.7139,77.7567,Dryland,30.69,39.54,24.32,57.73,1.78,0.0,24.57,37.32
2016-03-21,Tirunelveli,8.7139,77.7567,Dryland,30.46,39.16,23.57,58.95,1.8,0.0,24.18,37.36
2016-03-22,Tirunelveli,8.7139,77.7567,Dryland,29.89,37.47,24.74,65.31,2.45,0.07,22.93,37.39
2016-03-23,Tirunelveli,8.7139,77.7567,Dryland,30.89,38.87,25.74,61.69,2.52,0.26,22.56,37.43
2016-03-24,Tirunelveli,8.7139,77.7567,Dryland,30.87,39.06,25.56,58.07,1.93,0.06,23.54,37.46
2016-03-25,Tirunelveli,8.7139,77.7567,Dryland,29.75,37.89,23.4,54.51,1.97,0.01,24.2,37.49
2016-03-26,Tirunelveli,8.7139,77.7567,Dryland,29.61,38.25,22.88,49.75,2.13,0.0,25.48,37.52
2016-03-27,Tirunelveli,8.7139,77.7567,Dryland,30.07,38.29,23.89,55.12,1.99,0.78,25.19,37.55
2016-03-28,Tirunelveli,8.7139,77.7567,Dryland,29.91,37.26,24.39,63.99,1.78,7.01,19.46,37.57
2016-03-29,Tirunelveli,8.7139,77.7567,Dryland,28.71,34.48,24.97,74.4,2.14,5.97,21.21,37.59
2016-03-30,Tirunelveli,8.7139,77.7567,Dryland,28.79,35.22,23.75,71.53,1.61,2.13,24.46,37.61
2016-03-31,Tirunelveli,8.7139,77.7567,Dryland,29.15,36.31,23.36,64.81,1.37,0.34,23.49,37.63
2016-04-01,Tirunelveli,8.7139,77.7567,Dryland,29.71,37.27,24.61,61.43,1.37,0.3,22.99,37.65
2016-04-02,Tirunelveli,8.7139,77.7567,Dryland,29.97,37.6,24.11,61.54,1.6,0.0,22.79,37.66
2016-04-03,Tirunelveli,8.7139,77.7567,Dryland,30.9,38.87,24.7,58.69,1.4,0.04,23.24,37.68
2016-04-04,Tirunelveli,8.7139,77.7567,Dryland,31.21,39.17,25.52,58.95,1.61,0.1,22.75,37.69
2016-04-05,Tirunelveli,8.7139,77.7567,Dryland,30.87,38.4,25.88,60.08,2.41,0.1,21.47,37.7
2016-04-06,Tirunelveli,8.7139,77.7567,Dryland,30.45,36.8,26.15,61.48,2.15,0.43,21.95,37.71
2016-04-07,Tirunelveli,8.7139,77.7567,Dryland,30.76,37.49,26.26,59.52,1.85,0.07,21.81,37.72
2016-04-08,Tirunelveli,8.7139,77.7567,Dryland,31.12,38.41,26.5,59.56,1.75,0.2,21.42,37.72
2016-04-09,Tirunelveli,8.7139,77.7567,Dryland,29.29,35.16,25.63,69.64,1.81,6.58,15.61,37.72
2016-04-10,Tirunelveli,8.7139,77.7567,Dryland,29.5,36.61,23.37,64.99,1.53,0.89,21.36,37.72
2016-04-11,Tirunelveli,8.7139,77.7567,Dryland,30.22,37.32,25.24,61.88,1.86,0.05,22.06,37.71
2016-04-12,Tirunelveli,8.7139,77.7567,Dryland,30.0,35.28,26.25,64.1,2.37,0.05,22.71,37.7
2016-04-13,Tirunelveli,8.7139,77.7567,Dryland,30.4,36.85,24.66,63.24,2.86,0.01,24.78,37.7
2016-04-14,Tirunelveli,8.7139,77.7567,Dryland,31.06,37.45,27.19,64.19,2.5,0.94,21.64,37.7
2016-04-15,Tirunelveli,8.7139,77.7567,Dryland,31.28,38.46,26.41,63.52,2.12,0.54,19.47,37.69
2016-04-16,Tirunelveli,8.7139,77.7567,Dryland,31.14,37.44,26.71,62.13,2.18,0.16,22.19,37.69
2016-04-17,Tirunelveli,8.7139,77.7567,Dryland,31.19,37.34,26.83,61.31,2.06,1.32,22.42,37.69
2016-04-18,Tirunelveli,8.7139,77.7567,Dryland,29.93,34.44,26.53,67.84,1.79,0.59,20.36,37.69
2016-04-19,Tirunelveli,8.7139,77.7567,Dryland,29.37,34.18,26.39,70.79,1.59,1.28,21.41,37.68
2016-04-20,Tirunelveli,8.7139,77.7567,Dryland,29.83,35.95,25.7,66.2,1.71,1.38,19.72,37.66
2016-04-21,Tirunelveli,8.7139,77.7567,Dryland,30.91,38.11,26.03,62.94,2.28,0.98,20.48,37.65
2016-04-22,Tirunelveli,8.7139,77.7567,Dryland,30.68,37.75,26.14,66.56,3.24,0.75,24.35,37.63
2016-04-23,Tirunelveli,8.7139,77.7567,Dryland,30.09,36.37,25.87,64.86,4.22,0.01,24.45,37.62
2016-04-24,Tirunelveli,8.7139,77.7567,Dryland,31.2,39.05,25.16,61.37,3.37,0.01,23.53,37.6
2016-04-25,Tirunelveli,8.7139,77.7567,Dryland,31.56,38.68,26.86,59.58,2.87,0.14,22.66,37.58
2016-04-26,Tirunelveli,8.7139,77.7567,Dryland,31.22,38.23,26.17,59.9,2.26,0.17,22.94,37.56
2016-04-27,Tirunelveli,8.7139,77.7567,Dryland,29.52,33.6,26.79,66.13,1.72,0.13,20.58,37.54
2016-04-28,Tirunelveli,8.7139,77.7567,Dryland,30.81,38.21,25.16,62.09,1.81,0.86,24.11,37.52
2016-04-29,Tirunelveli,8.7139,77.7567,Dryland,31.04,38.41,26.09,60.44,2.07,0.36,24.17,37.5
2016-04-30,Tirunelveli,8.7139,77.7567,Dryland,31.16,38.95,25.82,58.88,1.98,1.13,23.37,37.47
2016-05-01,Tirunelveli,8.7139,77.7567,Dryland,30.46,36.53,26.38,61.62,1.99,0.58,24.52,37.45
2016-05-02,Tirunelveli,8.7139,77.7567,Dryland,31.04,37.66,26.42,60.94,2.77,0.16,23.09,37.42
2016-05-03,Tirunelveli,8.7139,77.7567,Dryland,31.13,36.79,26.99,61.3,2.32,0.08,24.12,37.4
2016-05-04,Tirunelveli,8.7139,77.7567,Dryland,31.16,38.35,25.71,60.16,2.21,0.79,23.01,37.37
2016-05-05,Tirunelveli,8.7139,77.7567,Dryland,30.99,37.08,25.7,58.58,1.88,1.06,22.68,37.35
2016-05-06,Tirunelveli,8.7139,77.7567,Dryland,30.23,34.99,26.64,62.52,2.02,0.42,21.39,37.32
2016-05-07,Tirunelveli,8.7139,77.7567,Dryland,29.76,35.87,26.29,65.99,2.3,0.74,20.51,37.29
2016-05-08,Tirunelveli,8.7139,77.7567,Dryland,31.2,39.02,25.14,56.04,1.62,0.22,23.02,37.26
2016-05-09,Tirunelveli,8.7139,77.7567,Dryland,29.75,34.38,26.65,64.48,1.7,0.52,16.14,37.23
2016-05-10,Tirunelveli,8.7139,77.7567,Dryland,29.72,36.14,25.86,64.31,1.63,3.26,16.7,37.2
2016-05-11,Tirunelveli,8.7139,77.7567,Dryland,27.65,31.83,25.16,73.35,1.43,18.12,15.67,37.17
2016-05-12,Tirunelveli,8.7139,77.7567,Dryland,27.4,31.8,24.4,77.01,1.81,8.39,15.92,37.15
2016-05-13,Tirunelveli,8.7139,77.7567,Dryland,28.55,34.21,24.46,71.86,2.09,2.26,19.94,37.12
2016-05-14,Tirunelveli,8.7139,77.7567,Dryland,27.41,30.27,25.22,85.37,1.82,8.78,14.65,37.09
2016-05-15,Tirunelveli,8.7139,77.7567,Dryland,26.71,30.19,24.2,82.2,1.63,14.98,5.77,37.06
2016-05-16,Tirunelveli,8.7139,77.7567,Dryland,25.75,28.83,24.06,86.07,3.37,8.72,10.68,37.03
2016-05-17,Tirunelveli,8.7139,77.7567,Dryland,25.71,27.67,24.46,89.19,3.64,23.55,5.49,36.99
2016-05-18,Tirunelveli,8.7139,77.7567,Dryland,26.82,30.61,24.47,83.88,3.89,7.71,17.7,36.96
2016-05-19,Tirunelveli,8.7139,77.7567,Dryland,26.87,29.1,25.16,88.35,3.68,19.43,19.81,36.93
2016-05-20,Tirunelveli,8.7139,77.7567,Dryland,26.77,28.55,25.62,87.5,4.23,11.94,10.37,36.9
2016-05-21,Tirunelveli,8.7139,77.7567,Dryland,27.43,31.59,24.42,81.45,3.48,1.56,22.55,36.87
2016-05-22,Tirunelveli,8.7139,77.7567,Dryland,27.26,31.09,24.75,85.59,3.46,1.08,20.61,36.85
2016-05-23,Tirunelveli,8.7139,77.7567,Dryland,27.44,31.38,24.57,85.08,4.23,1.26,23.48,36.82
2016-05-24,Tirunelveli,8.7139,77.7567,Dryland,27.13,29.86,25.5,86.11,4.27,2.51,20.7,36.8
2016-05-25,Tirunelveli,8.7139,77.7567,Dryland,27.42,31.03,24.34,81.64,4.3,1.07,20.15,36.77
2016-05-26,Tirunelveli,8.7139,77.7567,Dryland,27.36,30.9,25.25,82.35,4.1,0.48,23.33,36.74
2016-05-27,Tirunelveli,8.7139,77.7567,Dryland,27.22,30.85,25.14,83.37,4.05,0.83,18.33,36.72
2016-05-28,Tirunelveli,8.7139,77.7567,Dryland,25.51,28.26,23.67,82.75,4.15,2.93,21.4,36.69
2016-05-29,Tirunelveli,8.7139,77.7567,Dryland,26.23,30.3,22.9,79.01,3.79,0.16,23.24,36.67
2016-05-30,Tirunelveli,8.7139,77.7567,Dryland,26.29,30.12,23.53,80.56,4.03,1.77,19.94,36.64
2016-05-31,Tirunelveli,8.7139,77.7567,Dryland,26.63,30.48,24.3,79.56,4.35,0.9,17.88,36.62
2016-06-01,Tirunelveli,8.7139,77.7567,Dryland,26.69,31.01,23.88,78.14,3.94,0.31,21.1,36.6
2016-06-02,Tirunelveli,8.7139,77.7567,Dryland,25.55,27.54,24.15,85.12,3.75,0.4,17.67,36.57
2016-06-03,Tirunelveli,8.7139,77.7567,Dryland,26.02,29.44,23.67,83.75,3.99,0.67,19.65,36.55
2016-06-04,Tirunelveli,8.7139,77.7567,Dryland,26.98,31.43,23.77,79.31,4.03,0.34,20.71,36.53
2016-06-05,Tirunelveli,8.7139,77.7567,Dryland,27.3,31.4,24.41,79.52,3.96,2.46,20.08,36.51
2016-06-06,Tirunelveli,8.7139,77.7567,Dryland,26.41,29.18,24.37,84.96,3.14,4.59,17.97,36.49
2016-06-07,Tirunelveli,8.7139,77.7567,Dryland,26.64,28.98,25.14,89.19,3.56,14.71,16.78,36.47
2016-06-08,Tirunelveli,8.7139,77.7567,Dryland,26.16,28.22,24.86,89.21,4.1,16.12,9.34,36.45
2016-06-09,Tirunelveli,8.7139,77.7567,Dryland,25.84,27.84,24.61,90.98,3.61,13.25,13.08,36.43
2016-06-10,Tirunelveli,8.7139,77.7567,Dryland,25.59,27.75,24.16,88.21,4.34,12.44,12.6,36.42
2016-06-11,Tirunelveli,8.7139,77.7567,Dryland,26.09,29.03,23.97,86.87,4.29,9.01,14.51,36.4
2016-06-12,Tirunelveli,8.7139,77.7567,Dryland,25.92,29.05,23.5,87.37,4.33,8.28,15.75,36.39
2016-06-13,Tirunelveli,8.7139,77.7567,Dryland,26.04,29.3,23.41,85.1,4.07,2.33,21.36,36.37
2016-06-14,Tirunelveli,8.7139,77.7567,Dryland,26.39,29.48,24.36,85.84,4.2,0.61,20.19,36.36
2016-06-15,Tirunelveli,8.7139,77.7567,Dryland,25.56,27.94,23.99,84.9,4.52,0.49,21.55,36.35
2016-06-16,Tirunelveli,8.7139,77.7567,Dryland,25.78,29.43,23.86,84.34,4.76,1.41,17.38,36.34
2016-06-17,Tirunelveli,8.7139,77.7567,Dryland,25.28,27.49,23.18,88.0,4.13,5.23,13.49,36.33
2016-06-18,Tirunelveli,8.7139,77.7567,Dryland,24.89,27.32,23.07,85.5,3.75,5.63,10.89,36.32
2016-06-19,Tirunelveli,8.7139,77.7567,Dryland,25.45,28.64,22.62,82.49,4.51,0.88,17.86,36.32
2016-06-20,Tirunelveli,8.7139,77.7567,Dryland,25.21,28.39,23.26,83.4,4.5,0.84,14.22,36.31
2016-06-21,Tirunelveli,8.7139,77.7567,Dryland,24.75,27.32,22.98,86.05,4.3,0.21,14.46,36.31
2016-06-22,Tirunelveli,8.7139,77.7567,Dryland,24.44,27.44,22.44,86.25,4.11,0.56,14.27,36.3
2016-06-23,Tirunelveli,8.7139,77.7567,Dryland,24.42,27.21,22.51,85.16,4.96,0.17,13.7,36.3
2016-06-24,Tirunelveli,8.7139,77.7567,Dryland,24.97,28.13,22.4,84.38,4.57,0.27,11.65,36.3
2016-06-25,Tirunelveli,8.7139,77.7567,Dryland,25.28,29.19,22.8,82.89,4.87,0.03,13.86,36.3
2016-06-26,Tirunelveli,8.7139,77.7567,Dryland,25.68,29.87,22.89,84.14,4.32,0.09,15.6,36.3
2016-06-27,Tirunelveli,8.7139,77.7567,Dryland,25.66,28.69,23.72,85.65,4.69,2.26,16.73,36.3
2016-06-28,Tirunelveli,8.7139,77.7567,Dryland,25.18,27.65,23.47,88.26,4.36,1.83,14.03,36.3
2016-06-29,Tirunelveli,8.7139,77.7567,Dryland,25.65,28.56,24.07,87.46,4.38,5.4,12.91,36.31
2016-06-30,Tirunelveli,8.7139,77.7567,Dryland,25.84,28.5,23.62,86.93,4.86,1.75,16.06,36.31
2016-07-01,Tirunelveli,8.7139,77.7567,Dryland,25.88,28.77,23.55,84.93,4.61,0.78,21.97,36.32
2016-07-02,Tirunelveli,8.7139,77.7567,Dryland,26.35,30.24,23.67,82.91,5.1,0.19,21.23,36.32
2016-07-03,Tirunelveli,8.7139,77.7567,Dryland,26.66,31.25,23.94,75.92,4.67,1.08,22.3,36.33
2016-07-04,Tirunelveli,8.7139,77.7567,Dryland,26.0,30.72,23.11,81.07,4.72,1.33,21.05,36.34
2016-07-05,Tirunelveli,8.7139,77.7567,Dryland,26.56,31.0,23.45,81.16,4.46,0.34,21.0,36.35
2016-07-06,Tirunelveli,8.7139,77.7567,Dryland,25.84,28.89,23.9,85.36,4.43,0.59,18.39,36.36
2016-07-07,Tirunelveli,8.7139,77.7567,Dryland,25.64,29.77,22.84,83.0,4.24,0.8,20.29,36.37
2016-07-08,Tirunelveli,8.7139,77.7567,Dryland,25.61,29.78,22.99,82.79,4.02,3.99,17.03,36.38
2016-07-09,Tirunelveli,8.7139,77.7567,Dryland,25.85,29.75,23.02,84.44,4.5,6.22,15.7,36.4
2016-07-10,Tirunelveli,8.7139,77.7567,Dryland,25.57,27.79,24.36,85.75,4.89,5.33,17.86,36.42
2016-07-11,Tirunelveli,8.7139,77.7567,Dryland,25.51,28.13,23.88,86.32,5.02,2.47,16.77,36.43
2016-07-12,Tirunelveli,8.7139,77.7567,Dryland,25.25,27.91,23.38,85.77,4.75,0.81,15.17,36.44
2016-07-13,Tirunelveli,8.7139,77.7567,Dryland,25.83,29.84,23.41,83.31,4.34,1.83,20.16,36.46
2016-07-14,Tirunelveli,8.7139,77.7567,Dryland,25.86,30.09,23.4,83.66,4.24,0.46,18.44,36.47
2016-07-15,Tirunelveli,8.7139,77.7567,Dryland,25.66,28.97,23.36,84.78,3.58,0.45,17.55,36.48
2016-07-16,Tirunelveli,8.7139,77.7567,Dryland,25.38,29.43,23.09,82.56,3.89,0.56,19.78,36.5
2016-07-17,Tirunelveli,8.7139,77.7567,Dryland,25.35,29.7,22.41,80.92,3.25,0.07,17.97,36.51
2016-07-18,Tirunelveli,8.7139,77.7567,Dryland,24.81,28.67,22.23,82.13,3.58,0.05,20.11,36.53
2016-07-19,Tirunelveli,8.7139,77.7567,Dryland,25.83,31.64,21.97,78.12,4.3,0.02,21.81,36.55
2016-07-20,Tirunelveli,8.7139,77.7567,Dryland,26.01,30.96,23.17,79.87,4.51,0.18,16.59,36.57
2016-07-21,Tirunelveli,8.7139,77.7567,Dryland,25.2,28.34,23.36,84.37,5.09,0.09,15.98,36.59
2016-07-22,Tirunelveli,8.7139,77.7567,Dryland,25.4,28.93,23.06,80.2,5.32,0.12,19.1,36.62
2016-07-23,Tirunelveli,8.7139,77.7567,Dryland,25.41,29.49,23.31,80.69,4.81,2.93,15.99,36.64
2016-07-24,Tirunelveli,8.7139,77.7567,Dryland,24.72,27.3,23.19,85.78,4.61,2.42,17.1,36.66
2016-07-25,Tirunelveli,8.7139,77.7567,Dryland,25.04,28.13,22.95,84.47,3.52,1.56,21.24,36.68
2016-07-26,Tirunelveli,8.7139,77.7567,Dryland,25.04,28.37,23.09,85.61,2.41,2.07,18.34,36.7
2016-07-27,Tirunelveli,8.7139,77.7567,Dryland,24.92,27.5,23.22,86.75,2.76,0.67,19.25,36.72
2016-07-28,Tirunelveli,8.7139,77.7567,Dryland,25.62,29.76,22.07,82.97,2.85,0.84,21.52,36.75
2016-07-29,Tirunelveli,8.7139,77.7567,Dryland,25.26,29.07,22.62,84.44,3.74,0.13,20.84,36.77
2016-07-30,Tirunelveli,8.7139,77.7567,Dryland,25.23,28.7,23.03,82.97,3.68,0.18,21.36,36.79
2016-07-31,Tirunelveli,8.7139,77.7567,Dryland,26.15,31.39,22.85,79.13,4.32,0.1,20.39,36.81
2016-08-01,Tirunelveli,8.7139,77.7567,Dryland,25.61,29.85,23.36,80.87,4.58,0.17,21.63,36.83
2016-08-02,Tirunelveli,8.7139,77.7567,Dryland,25.85,30.18,22.9,79.03,4.94,0.05,21.87,36.85
2016-08-03,Tirunelveli,8.7139,77.7567,Dryland,25.39,29.53,23.31,82.92,5.03,2.13,18.2,36.87
2016-08-04,Tirunelveli,8.7139,77.7567,Dryland,25.88,30.31,22.7,81.23,4.72,0.71,18.34,36.89
2016-08-05,Tirunelveli,8.7139,77.7567,Dryland,26.02,30.23,23.32,80.37,4.75,0.1,15.84,36.91
2016-08-06,Tirunelveli,8.7139,77.7567,Dryland,26.34,30.7,23.56,79.45,4.73,0.09,24.74,36.93
2016-08-07,Tirunelveli,8.7139,77.7567,Dryland,26.08,30.37,23.1,79.81,4.47,0.06,23.68,36.95
2016-08-08,Tirunelveli,8.7139,77.7567,Dryland,26.84,32.47,23.34,76.17,4.4,0.23,24.46,36.97
2016-08-09,Tirunelveli,8.7139,77.7567,Dryland,26.69,32.12,23.4,76.6,4.8,0.14,23.03,36.99
2016-08-10,Tirunelveli,8.7139,77.7567,Dryland,26.78,32.0,23.55,76.31,4.62,0.06,24.8,37.01
2016-08-11,Tirunelveli,8.7139,77.7567,Dryland,26.01,29.95,23.26,80.83,4.17,0.34,24.39,37.03
2016-08-12,Tirunelveli,8.7139,77.7567,Dryland,26.47,31.7,23.32,78.64,4.88,0.28,21.15,37.04
2016-08-13,Tirunelveli,8.7139,77.7567,Dryland,26.6,31.52,23.68,78.65,4.87,0.36,23.33,37.06
2016-08-14,Tirunelveli,8.7139,77.7567,Dryland,26.0,29.9,23.48,80.11,4.81,0.7,21.01,37.08
2016-08-15,Tirunelveli,8.7139,77.7567,Dryland,26.39,31.19,23.18,77.76,5.35,0.56,18.76,37.09
2016-08-16,Tirunelveli,8.7139,77.7567,Dryland,26.45,31.1,23.4,77.41,5.91,0.23,19.32,37.11
2016-08-17,Tirunelveli,8.7139,77.7567,Dryland,26.34,30.96,23.57,76.07,5.37,0.41,19.72,37.13
2016-08-18,Tirunelveli,8.7139,77.7567,Dryland,26.58,32.21,23.24,75.71,5.45,0.16,21.07,37.14
2016-08-19,Tirunelveli,8.7139,77.7567,Dryland,26.51,32.93,22.4,75.1,5.23,0.15,22.13,37.15
2016-08-20,Tirunelveli,8.7139,77.7567,Dryland,26.67,32.1,23.29,77.95,4.81,0.24,20.84,37.16
2016-08-21,Tirunelveli,8.7139,77.7567,Dryland,26.75,32.32,23.32,77.69,4.8,0.15,20.97,37.16
2016-08-22,Tirunelveli,8.7139,77.7567,Dryland,26.52,31.38,23.96,78.73,4.94,0.13,21.63,37.17
2016-08-23,Tirunelveli,8.7139,77.7567,Dryland,25.59,29.36,23.44,80.53,4.7,0.17,21.69,37.18
2016-08-24,Tirunelveli,8.7139,77.7567,Dryland,25.74,29.45,23.4,82.18,4.46,1.18,23.21,37.19
2016-08-25,Tirunelveli,8.7139,77.7567,Dryland,25.19,28.03,23.58,85.63,4.33,2.56,21.54,37.19
2016-08-26,Tirunelveli,8.7139,77.7567,Dryland,25.63,29.89,23.14,80.73,4.87,1.06,16.51,37.2
2016-08-27,Tirunelveli,8.7139,77.7567,Dryland,24.94,27.81,23.28,82.86,4.42,0.48,15.27,37.2
2016-08-28,Tirunelveli,8.7139,77.7567,Dryland,25.98,30.7,22.99,78.66,4.35,0.19,21.87,37.2
2016-08-29,Tirunelveli,8.7139,77.7567,Dryland,26.33,31.43,22.84,77.12,4.75,0.31,23.51,37.2
2016-08-30,Tirunelveli,8.7139,77.7567,Dryland,26.3,31.28,23.14,76.52,4.2,0.48,17.3,37.2
2016-08-31,Tirunelveli,8.7139,77.7567,Dryland,24.91,29.03,21.87,75.67,3.92,0.58,19.91,37.2
2016-09-01,Tirunelveli,8.7139,77.7567,Dryland,25.6,31.27,21.4,75.02,4.04,0.22,18.89,37.2
2016-09-02,Tirunelveli,8.7139,77.7567,Dryland,24.99,29.46,22.5,79.67,4.08,0.36,15.56,37.18
2016-09-03,Tirunelveli,8.7139,77.7567,Dryland,25.06,30.07,21.73,78.93,4.06,0.12,20.31,37.17
2016-09-04,Tirunelveli,8.7139,77.7567,Dryland,26.14,31.42,22.85,76.4,4.06,0.02,18.8,37.16
2016-09-05,Tirunelveli,8.7139,77.7567,Dryland,26.63,32.97,22.85,75.59,4.02,0.01,24.35,37.16
2016-09-06,Tirunelveli,8.7139,77.7567,Dryland,26.57,32.99,22.73,73.49,4.57,0.01,23.0,37.15
2016-09-07,Tirunelveli,8.7139,77.7567,Dryland,26.26,33.33,21.6,70.85,4.62,0.0,23.63,37.14
2016-09-08,Tirunelveli,8.7139,77.7567,Dryland,25.89,32.8,20.57,72.89,4.49,0.0,23.2,37.12
2016-09-09,Tirunelveli,8.7139,77.7567,Dryland,27.19,34.04,22.84,70.86,4.07,0.03,23.9,37.11
2016-09-10,Tirunelveli,8.7139,77.7567,Dryland,27.07,33.88,23.02,72.51,4.81,0.07,22.95,37.1
2016-09-11,Tirunelveli,8.7139,77.7567,Dryland,27.01,34.91,22.75,71.54,4.78,0.01,24.11,37.08
2016-09-12,Tirunelveli,8.7139,77.7567,Dryland,27.17,33.61,23.4,72.06,5.05,0.01,23.16,37.06
2016-09-13,Tirunelveli,8.7139,77.7567,Dryland,26.92,32.34,23.62,73.7,4.96,0.28,22.14,37.04
2016-09-14,Tirunelveli,8.7139,77.7567,Dryland,26.26,30.7,23.68,78.4,4.72,0.26,22.65,37.02
2016-09-15,Tirunelveli,8.7139,77.7567,Dryland,26.69,32.6,23.76,75.58,4.75,0.04,23.06,36.99
2016-09-16,Tirunelveli,8.7139,77.7567,Dryland,27.22,33.34,23.76,74.03,4.63,0.18,22.73,36.96
2016-09-17,Tirunelveli,8.7139,77.7567,Dryland,27.44,33.67,23.72,71.7,4.71,0.12,22.31,36.93
2016-09-18,Tirunelveli,8.7139,77.7567,Dryland,26.65,31.52,23.67,75.33,4.68,0.67,19.56,36.9
2016-09-19,Tirunelveli,8.7139,77.7567,Dryland,26.91,33.59,23.35,73.5,4.74,0.11,22.21,36.87
2016-09-20,Tirunelveli,8.7139,77.7567,Dryland,26.45,31.58,23.38,75.35,4.84,0.34,23.07,36.84
2016-09-21,Tirunelveli,8.7139,77.7567,Dryland,26.48,31.71,23.54,76.47,4.92,0.22,18.1,36.8
2016-09-22,Tirunelveli,8.7139,77.7567,Dryland,27.29,33.71,23.51,71.72,5.36,0.03,23.0,36.77
2016-09-23,Tirunelveli,8.7139,77.7567,Dryland,26.76,32.12,23.29,72.96,5.02,0.03,21.42,36.73
2016-09-24,Tirunelveli,8.7139,77.7567,Dryland,26.72,32.16,23.64,73.3,5.34,0.03,21.72,36.69
2016-09-25,Tirunelveli,8.7139,77.7567,Dryland,27.03,33.44,23.51,72.01,5.33,0.01,21.99,36.65
2016-09-26,Tirunelveli,8.7139,77.7567,Dryland,27.61,34.93,23.26,70.95,5.01,0.03,23.4,36.6
2016-09-27,Tirunelveli,8.7139,77.7567,Dryland,27.33,34.43,22.53,71.29,4.8,0.12,21.76,36.56
2016-09-28,Tirunelveli,8.7139,77.7567,Dryland,26.85,32.07,23.26,74.12,4.49,0.38,21.19,36.51
2016-09-29,Tirunelveli,8.7139,77.7567,Dryland,27.06,33.55,23.53,75.26,4.67,0.61,16.79,36.46
2016-09-30,Tirunelveli,8.7139,77.7567,Dryland,26.86,32.76,23.81,73.5,4.57,0.29,16.68,36.41
2016-10-01,Tirunelveli,8.7139,77.7567,Dryland,26.45,31.55,23.2,72.75,4.09,0.01,23.12,36.36
2016-10-02,Tirunelveli,8.7139,77.7567,Dryland,27.33,34.75,22.69,64.75,3.35,0.01,21.4,36.31
2016-10-03,Tirunelveli,8.7139,77.7567,Dryland,27.97,35.65,22.95,65.05,3.39,0.0,23.9,36.26
2016-10-04,Tirunelveli,8.7139,77.7567,Dryland,27.64,35.11,22.95,67.68,3.87,0.02,23.51,36.2
2016-10-05,Tirunelveli,8.7139,77.7567,Dryland,28.28,36.01,23.66,66.94,4.49,0.25,23.66,36.14
2016-10-06,Tirunelveli,8.7139,77.7567,Dryland,28.21,35.79,23.67,62.61,4.58,0.06,24.01,36.08
2016-10-07,Tirunelveli,8.7139,77.7567,Dryland,27.22,34.7,21.95,62.65,4.49,0.0,24.81,36.02
2016-10-08,Tirunelveli,8.7139,77.7567,Dryland,26.46,32.01,23.06,70.03,4.02,0.0,24.11,35.96
2016-10-09,Tirunelveli,8.7139,77.7567,Dryland,27.63,35.04,23.31,68.71,4.45,0.0,24.43,35.89
2016-10-10,Tirunelveli,8.7139,77.7567,Dryland,27.58,34.86,23.56,66.94,4.81,0.0,24.48,35.83
2016-10-11,Tirunelveli,8.7139,77.7567,Dryland,27.48,34.91,22.91,68.24,4.67,0.0,24.69,35.77
2016-10-12,Tirunelveli,8.7139,77.7567,Dryland,28.3,36.15,22.98,64.25,3.94,0.0,23.6,35.7
2016-10-13,Tirunelveli,8.7139,77.7567,Dryland,27.52,34.6,23.86,74.15,3.18,12.85,18.21,35.64
2016-10-14,Tirunelveli,8.7139,77.7567,Dryland,27.48,33.78,23.54,69.44,1.94,2.15,18.06,35.57
2016-10-15,Tirunelveli,8.7139,77.7567,Dryland,27.29,34.0,22.19,68.32,1.39,1.23,16.35,35.5
2016-10-16,Tirunelveli,8.7139,77.7567,Dryland,26.68,31.66,23.0,75.56,1.27,5.14,18.36,35.42
2016-10-17,Tirunelveli,8.7139,77.7567,Dryland,27.23,33.32,22.8,72.02,1.33,0.83,13.87,35.35
2016-10-18,Tirunelveli,8.7139,77.7567,Dryland,26.8,32.21,23.79,75.7,2.51,2.18,17.26,35.28
2016-10-19,Tirunelveli,8.7139,77.7567,Dryland,26.53,30.97,23.94,76.11,2.85,1.46,17.49,35.21
2016-10-20,Tirunelveli,8.7139,77.7567,Dryland,26.12,31.32,22.89,78.9,2.73,11.5,14.01,35.13
2016-10-21,Tirunelveli,8.7139,77.7567,Dryland,25.73,30.32,22.85,79.58,2.82,5.15,11.8,35.06
2016-10-22,Tirunelveli,8.7139,77.7567,Dryland,25.57,30.63,22.0,77.01,2.76,0.17,18.17,34.98
2016-10-23,Tirunelveli,8.7139,77.7567,Dryland,26.55,33.62,22.1,68.45,2.76,0.13,20.37,34.9
2016-10-24,Tirunelveli,8.7139,77.7567,Dryland,26.93,33.77,22.16,67.93,2.82,0.25,20.09,34.82
2016-10-25,Tirunelveli,8.7139,77.7567,Dryland,26.95,33.79,22.41,68.58,2.77,0.03,17.3,34.74
2016-10-26,Tirunelveli,8.7139,77.7567,Dryland,26.84,33.67,20.72,68.35,1.85,0.04,18.18,34.66
2016-10-27,Tirunelveli,8.7139,77.7567,Dryland,26.22,32.01,22.75,69.9,1.92,0.07,17.26,34.58
2016-10-28,Tirunelveli,8.7139,77.7567,Dryland,27.13,34.24,22.36,65.04,2.43,0.0,20.39,34.5
2016-10-29,Tirunelveli,8.7139,77.7567,Dryland,27.39,34.48,22.33,69.98,3.24,0.36,21.23,34.42
2016-10-30,Tirunelveli,8.7139,77.7567,Dryland,26.55,31.56,23.37,78.43,1.85,8.62,13.72,34.34
2016-10-31,Tirunelveli,8.7139,77.7567,Dryland,26.01,30.15,23.09,80.73,1.47,8.81,14.09,34.26
2016-11-01,Tirunelveli,8.7139,77.7567,Dryland,25.31,28.14,23.26,85.29,0.93,21.15,11.94,34.18
2016-11-02,Tirunelveli,8.7139,77.7567,Dryland,25.8,29.93,22.38,80.95,1.22,19.32,17.35,34.1
2016-11-03,Tirunelveli,8.7139,77.7567,Dryland,25.29,29.25,22.36,82.25,1.13,4.37,13.48,34.02
2016-11-04,Tirunelveli,8.7139,77.7567,Dryland,25.3,29.33,23.0,86.08,2.03,6.06,12.65,33.94
2016-11-05,Tirunelveli,8.7139,77.7567,Dryland,26.0,30.54,22.7,81.25,2.38,1.81,17.55,33.86
2016-11-06,Tirunelveli,8.7139,77.7567,Dryland,26.34,31.77,22.52,76.27,2.64,0.63,17.5,33.78
2016-11-07,Tirunelveli,8.7139,77.7567,Dryland,26.52,33.34,20.04,70.4,1.41,0.13,21.59,33.7
2016-11-08,Tirunelveli,8.7139,77.7567,Dryland,26.25,31.57,22.02,75.74,1.41,4.53,16.53,33.62
2016-11-09,Tirunelveli,8.7139,77.7567,Dryland,25.31,30.07,22.54,81.5,1.62,10.95,5.71,33.54
2016-11-10,Tirunelveli,8.7139,77.7567,Dryland,25.67,31.22,20.74,71.12,1.51,0.12,18.82,33.46
2016-11-11,Tirunelveli,8.7139,77.7567,Dryland,26.02,32.09,20.85,73.62,1.17,0.4,18.59,33.38
2016-11-12,Tirunelveli,8.7139,77.7567,Dryland,26.4,31.64,21.95,75.6,1.24,1.15,18.55,33.31
2016-11-13,Tirunelveli,8.7139,77.7567,Dryland,26.38,31.1,22.94,79.27,1.46,6.36,12.95,33.23
2016-11-14,Tirunelveli,8.7139,77.7567,Dryland,25.81,30.3,22.66,83.35,1.9,10.61,9.34,33.16
2016-11-15,Tirunelveli,8.7139,77.7567,Dryland,25.71,30.33,22.85,81.26,2.16,3.61,17.26,33.08
2016-11-16,Tirunelveli,8.7139,77.7567,Dryland,25.59,31.06,21.39,81.1,2.17,2.36,15.55,33.01
2016-11-17,Tirunelveli,8.7139,77.7567,Dryland,25.08,28.63,22.73,85.93,2.83,4.34,13.3,32.94
2016-11-18,Tirunelveli,8.7139,77.7567,Dryland,25.65,30.27,21.63,80.2,2.36,0.29,13.56,32.87
2016-11-19,Tirunelveli,8.7139,77.7567,Dryland,24.14,26.74,21.62,83.8,1.87,2.25,10.92,32.8
2016-11-20,Tirunelveli,8.7139,77.7567,Dryland,25.15,29.47,21.89,77.94,1.66,1.16,6.32,32.73
2016-11-21,Tirunelveli,8.7139,77.7567,Dryland,25.74,30.95,22.07,79.17,1.9,7.63,9.71,32.66
2016-11-22,Tirunelveli,8.7139,77.7567,Dryland,25.18,29.37,22.42,84.27,1.84,14.05,14.63,32.59
2016-11-23,Tirunelveli,8.7139,77.7567,Dryland,25.25,29.77,22.13,81.68,2.33,1.18,17.9,32.53
2016-11-24,Tirunelveli,8.7139,77.7567,Dryland,24.61,30.87,21.01,73.26,2.6,0.22,18.46,32.46
2016-11-25,Tirunelveli,8.7139,77.7567,Dryland,24.37,31.37,18.93,75.22,2.16,0.0,20.21,32.4
2016-11-26,Tirunelveli,8.7139,77.7567,Dryland,24.92,30.24,20.33,77.02,1.44,0.0,17.07,32.34
2016-11-27,Tirunelveli,8.7139,77.7567,Dryland,25.15,31.79,20.59,74.05,1.59,0.24,18.32,32.28
2016-11-28,Tirunelveli,8.7139,77.7567,Dryland,24.09,31.45,18.1,67.47,1.52,0.0,14.78,32.23
2016-11-29,Tirunelveli,8.7139,77.7567,Dryland,24.61,32.64,17.71,64.92,1.4,0.0,17.23,32.17
2016-11-30,Tirunelveli,8.7139,77.7567,Dryland,25.14,32.27,18.85,64.05,1.27,0.0,13.77,32.12
2016-12-01,Tirunelveli,8.7139,77.7567,Dryland,24.76,29.4,21.16,74.8,1.55,0.25,10.64,32.07
2016-12-02,Tirunelveli,8.7139,77.7567,Dryland,25.44,30.36,22.38,79.34,1.82,1.69,13.9,32.03
2016-12-03,Tirunelveli,8.7139,77.7567,Dryland,25.72,30.94,22.39,77.34,1.58,0.96,12.64,31.98
2016-12-04,Tirunelveli,8.7139,77.7567,Dryland,25.85,31.88,21.54,77.29,1.48,1.74,18.31,31.94
2016-12-05,Tirunelveli,8.7139,77.7567,Dryland,26.37,32.42,21.89,76.94,1.7,1.88,18.71,31.9
2016-12-06,Tirunelveli,8.7139,77.7567,Dryland,25.45,30.97,21.21,76.53,2.42,2.71,13.26,31.86
2016-12-07,Tirunelveli,8.7139,77.7567,Dryland,24.95,31.74,19.09,66.85,2.03,0.0,18.15,31.83
2016-12-08,Tirunelveli,8.7139,77.7567,Dryland,25.74,31.48,21.06,75.54,0.82,3.26,15.08,31.8
2016-12-09,Tirunelveli,8.7139,77.7567,Dryland,25.31,30.28,22.19,80.39,1.16,2.47,15.95,31.76
2016-12-10,Tirunelveli,8.7139,77.7567,Dryland,26.22,32.59,21.55,73.87,2.44,0.0,15.79,31.74
2016-12-11,Tirunelveli,8.7139,77.7567,Dryland,25.34,31.71,20.92,73.62,2.84,0.0,18.39,31.71
2016-12-12,Tirunelveli,8.7139,77.7567,Dryland,25.01,31.67,20.83,69.55,3.68,0.0,18.71,31.69
2016-12-13,Tirunelveli,8.7139,77.7567,Dryland,24.51,31.65,19.88,71.48,3.01,0.11,15.69,31.67
2016-12-14,Tirunelveli,8.7139,77.7567,Dryland,23.93,31.74,18.69,67.95,1.86,0.15,18.87,31.65
2016-12-15,Tirunelveli,8.7139,77.7567,Dryland,24.24,31.56,17.31,71.89,1.64,0.0,18.9,31.64
2016-12-16,Tirunelveli,8.7139,77.7567,Dryland,25.66,32.34,20.7,73.65,1.88,0.0,20.64,31.62
2016-12-17,Tirunelveli,8.7139,77.7567,Dryland,26.05,32.78,21.15,71.39,2.42,0.0,19.2,31.62
2016-12-18,Tirunelveli,8.7139,77.7567,Dryland,25.5,32.91,20.13,70.92,2.19,0.0,19.05,31.61
2016-12-19,Tirunelveli,8.7139,77.7567,Dryland,25.41,32.06,19.75,69.09,2.59,0.12,15.49,31.61
2016-12-20,Tirunelveli,8.7139,77.7567,Dryland,25.06,30.16,20.92,78.71,3.37,2.25,10.24,31.61
2016-12-21,Tirunelveli,8.7139,77.7567,Dryland,26.34,32.06,22.37,76.64,2.65,0.15,17.73,31.61
2016-12-22,Tirunelveli,8.7139,77.7567,Dryland,26.31,33.07,21.93,70.35,2.05,0.01,20.27,31.61
2016-12-23,Tirunelveli,8.7139,77.7567,Dryland,25.92,33.02,20.8,68.11,1.16,0.01,19.15,31.62
2016-12-24,Tirunelveli,8.7139,77.7567,Dryland,25.13,32.55,19.38,66.43,1.26,0.01,18.12,31.63
2016-12-25,Tirunelveli,8.7139,77.7567,Dryland,25.03,32.42,18.59,63.24,1.41,0.0,19.21,31.64
2016-12-26,Tirunelveli,8.7139,77.7567,Dryland,25.03,32.96,17.95,64.98,1.38,0.0,18.78,31.66
2016-12-27,Tirunelveli,8.7139,77.7567,Dryland,25.85,32.32,20.1,73.31,2.82,0.72,12.23,31.68
2016-12-28,Tirunelveli,8.7139,77.7567,Dryland,25.69,30.74,22.25,78.64,3.98,4.34,13.38,31.7
2016-12-29,Tirunelveli,8.7139,77.7567,Dryland,25.45,30.74,21.92,77.72,4.26,3.7,16.01,31.73
2016-12-30,Tirunelveli,8.7139,77.7567,Dryland,25.09,31.9,21.02,69.9,3.54,0.02,17.55,31.75
2016-12-31,Tirunelveli,8.7139,77.7567,Dryland,24.13,31.66,18.04,67.61,2.78,0.0,19.6,31.78
2017-01-01,Tirunelveli,8.7139,77.7567,Dryland,24.51,32.46,17.58,69.47,2.05,0.0,20.26,31.81
2017-01-02,Tirunelveli,8.7139,77.7567,Dryland,25.88,32.84,20.87,69.68,1.85,0.0,18.4,31.84
2017-01-03,Tirunelveli,8.7139,77.7567,Dryland,25.32,32.75,19.62,69.52,2.03,0.0,19.19,31.88
2017-01-04,Tirunelveli,8.7139,77.7567,Dryland,24.8,32.8,17.79,65.32,1.45,0.0,19.77,31.92
2017-01-05,Tirunelveli,8.7139,77.7567,Dryland,24.7,32.03,18.25,69.47,1.59,0.0,19.43,31.96
2017-01-06,Tirunelveli,8.7139,77.7567,Dryland,24.83,32.28,18.44,67.95,1.64,0.0,17.86,32.01
2017-01-07,Tirunelveli,8.7139,77.7567,Dryland,25.01,32.56,19.34,68.67,1.57,0.0,19.09,32.06
2017-01-08,Tirunelveli,8.7139,77.7567,Dryland,24.58,32.42,18.78,67.38,2.01,0.0,18.76,32.11
2017-01-09,Tirunelveli,8.7139,77.7567,Dryland,24.16,32.04,17.73,63.48,1.95,0.0,18.56,32.16
2017-01-10,Tirunelveli,8.7139,77.7567,Dryland,24.67,32.87,17.3,64.51,1.28,0.0,17.22,32.22
2017-01-11,Tirunelveli,8.7139,77.7567,Dryland,26.07,32.68,21.5,60.25,1.29,0.01,19.86,32.27
2017-01-12,Tirunelveli,8.7139,77.7567,Dryland,25.53,32.99,19.39,62.55,1.43,0.0,19.8,32.33
2017-01-13,Tirunelveli,8.7139,77.7567,Dryland,25.68,32.57,19.71,64.95,1.84,0.0,18.72,32.39
2017-01-14,Tirunelveli,8.7139,77.7567,Dryland,25.62,31.73,20.85,62.69,3.45,0.0,18.66,32.46
2017-01-15,Tirunelveli,8.7139,77.7567,Dryland,25.31,32.24,20.66,65.46,3.67,0.0,20.05,32.52
2017-01-16,Tirunelveli,8.7139,77.7567,Dryland,25.63,33.12,20.32,64.35,2.55,0.0,19.9,32.59
2017-01-17,Tirunelveli,8.7139,77.7567,Dryland,24.93,32.82,19.1,61.13,2.62,0.0,20.27,32.66
2017-01-18,Tirunelveli,8.7139,77.7567,Dryland,24.04,31.47,17.34,60.74,4.23,0.0,21.46,32.73
2017-01-19,Tirunelveli,8.7139,77.7567,Dryland,24.9,32.4,17.94,63.17,3.67,0.0,20.51,32.8
2017-01-20,Tirunelveli,8.7139,77.7567,Dryland,26.24,33.69,19.32,63.7,3.84,0.04,18.9,32.88
2017-01-21,Tirunelveli,8.7139,77.7567,Dryland,25.43,30.34,22.01,78.03,4.2,2.43,12.36,32.95
2017-01-22,Tirunelveli,8.7139,77.7567,Dryland,25.78,31.32,21.96,72.58,4.39,1.01,12.57,33.03
2017-01-23,Tirunelveli,8.7139,77.7567,Dryland,25.75,32.52,20.23,66.4,4.24,0.0,18.24,33.1
2017-01-24,Tirunelveli,8.7139,77.7567,Dryland,25.41,31.3,20.45,64.26,4.35,0.0,16.78,33.18
2017-01-25,Tirunelveli,8.7139,77.7567,Dryland,25.49,30.67,21.66,68.18,4.07,0.51,9.1,33.26
2017-01-26,Tirunelveli,8.7139,77.7567,Dryland,24.74,28.46,21.86,78.14,3.6,1.09,14.33,33.35
2017-01-27,Tirunelveli,8.7139,77.7567,Dryland,24.14,26.5,22.67,88.88,2.51,5.13,9.67,33.43
2017-01-28,Tirunelveli,8.7139,77.7567,Dryland,25.42,30.58,22.3,79.63,2.98,4.52,12.6,33.51
2017-01-29,Tirunelveli,8.7139,77.7567,Dryland,26.08,31.85,22.04,76.38,3.61,1.48,18.43,33.6
2017-01-30,Tirunelveli,8.7139,77.7567,Dryland,26.54,33.03,22.19,69.74,3.16,0.09,18.32,33.68
2017-01-31,Tirunelveli,8.7139,77.7567,Dryland,25.69,33.08,20.93,67.38,2.86,0.0,22.96,33.77
2017-02-01,Tirunelveli,8.7139,77.7567,Dryland,24.99,32.51,19.86,64.36,3.23,0.0,23.49,33.87
2017-02-02,Tirunelveli,8.7139,77.7567,Dryland,24.8,32.59,18.89,65.1,3.0,0.0,23.28,33.96
2017-02-03,Tirunelveli,8.7139,77.7567,Dryland,24.37,32.49,17.22,63.42,3.34,0.0,23.45,34.05
2017-02-04,Tirunelveli,8.7139,77.7567,Dryland,24.69,32.85,17.78,64.0,2.81,0.0,21.36,34.13
2017-02-05,Tirunelveli,8.7139,77.7567,Dryland,24.38,32.62,17.35,59.49,2.78,0.0,22.93,34.22
2017-02-06,Tirunelveli,8.7139,77.7567,Dryland,25.28,34.13,17.67,61.79,1.54,0.0,21.53,34.31
2017-02-07,Tirunelveli,8.7139,77.7567,Dryland,26.45,34.81,20.5,61.89,1.47,0.0,22.41,34.4
2017-02-08,Tirunelveli,8.7139,77.7567,Dryland,25.83,34.99,18.21,53.69,2.03,0.0,23.65,34.49
2017-02-09,Tirunelveli,8.7139,77.7567,Dryland,25.08,34.23,17.28,57.1,2.37,0.0,23.76,34.57
2017-02-10,Tirunelveli,8.7139,77.7567,Dryland,25.39,34.39,17.91,60.87,2.06,0.0,22.9,34.66
2017-02-11,Tirunelveli,8.7139,77.7567,Dryland,25.67,34.54,18.58,61.7,2.32,0.0,22.92,34.75
2017-02-12,Tirunelveli,8.7139,77.7567,Dryland,25.39,33.18,18.7,61.43,3.6,0.0,24.01,34.84
2017-02-13,Tirunelveli,8.7139,77.7567,Dryland,25.5,33.13,18.49,65.66,4.02,0.01,22.75,34.93
2017-02-14,Tirunelveli,8.7139,77.7567,Dryland,26.39,32.91,21.97,71.61,5.15,0.79,12.93,35.02
2017-02-15,Tirunelveli,8.7139,77.7567,Dryland,26.62,33.42,22.26,64.92,5.41,0.2,17.67,35.11
2017-02-16,Tirunelveli,8.7139,77.7567,Dryland,25.85,33.3,20.15,64.33,5.32,0.0,21.87,35.19
2017-02-17,Tirunelveli,8.7139,77.7567,Dryland,25.46,33.31,19.21,58.33,4.9,0.0,24.09,35.27
2017-02-18,Tirunelveli,8.7139,77.7567,Dryland,26.02,34.63,18.51,59.37,3.15,0.0,24.32,35.36
2017-02-19,Tirunelveli,8.7139,77.7567,Dryland,26.61,36.1,18.82,56.26,2.31,0.0,22.05,35.44
2017-02-20,Tirunelveli,8.7139,77.7567,Dryland,27.87,36.27,21.2,56.7,1.91,0.0,22.7,35.53
2017-02-21,Tirunelveli,8.7139,77.7567,Dryland,28.88,37.37,22.76,58.0,1.4,0.0,18.02,35.61
2017-02-22,Tirunelveli,8.7139,77.7567,Dryland,28.81,37.95,21.57,58.08,1.66,0.0,24.17,35.69
2017-02-23,Tirunelveli,8.7139,77.7567,Dryland,28.28,36.78,21.76,60.04,1.74,0.0,24.39,35.77
2017-02-24,Tirunelveli,8.7139,77.7567,Dryland,27.01,35.32,20.64,59.45,2.37,0.0,22.73,35.85
2017-02-25,Tirunelveli,8.7139,77.7567,Dryland,27.15,36.07,20.38,60.75,2.39,0.0,23.09,35.92
2017-02-26,Tirunelveli,8.7139,77.7567,Dryland,26.9,34.82,21.6,58.07,2.23,0.0,19.84,36.0
2017-02-27,Tirunelveli,8.7139,77.7567,Dryland,25.76,30.85,20.81,64.03,2.68,0.0,19.4,36.08
2017-02-28,Tirunelveli,8.7139,77.7567,Dryland,26.18,31.07,22.11,70.71,3.45,0.03,15.45,36.15
2017-03-01,Tirunelveli,8.7139,77.7567,Dryland,27.16,33.24,21.94,60.56,3.89,0.01,18.33,36.22
2017-03-02,Tirunelveli,8.7139,77.7567,Dryland,27.31,34.19,23.15,66.81,4.18,0.63,17.74,36.29
2017-03-03,Tirunelveli,8.7139,77.7567,Dryland,28.27,34.6,23.52,63.3,2.77,0.09,17.45,36.37
2017-03-04,Tirunelveli,8.7139,77.7567,Dryland,26.55,31.93,23.67,72.09,2.05,0.24,15.56,36.43
2017-03-05,Tirunelveli,8.7139,77.7567,Dryland,27.35,34.93,21.76,69.42,2.21,1.86,20.56,36.5
2017-03-06,Tirunelveli,8.7139,77.7567,Dryland,26.87,31.6,23.92,77.34,2.13,5.43,19.48,36.57
2017-03-07,Tirunelveli,8.7139,77.7567,Dryland,27.39,34.02,23.02,74.3,2.17,2.6,19.32,36.63
2017-03-08,Tirunelveli,8.7139,77.7567,Dryland,27.64,34.02,23.36,74.49,1.82,3.38,19.98,36.69
2017-03-09,Tirunelveli,8.7139,77.7567,Dryland,28.08,35.03,23.41,70.3,1.66,1.81,19.46,36.75
2017-03-10,Tirunelveli,8.7139,77.7567,Dryland,27.53,32.75,23.76,72.86,1.49,1.95,19.09,36.81
2017-03-11,Tirunelveli,8.7139,77.7567,Dryland,27.07,32.17,23.95,73.14,1.71,3.16,17.59,36.87
2017-03-12,Tirunelveli,8.7139,77.7567,Dryland,28.11,35.49,22.31,65.29,1.74,0.08,23.46,36.92
2017-03-13,Tirunelveli,8.7139,77.7567,Dryland,28.83,36.37,22.97,63.39,1.84,0.12,22.45,36.98
2017-03-14,Tirunelveli,8.7139,77.7567,Dryland,28.75,35.4,23.71,65.44,1.68,2.09,21.09,37.03
2017-03-15,Tirunelveli,8.7139,77.7567,Dryland,26.98,32.79,24.01,76.67,1.55,5.85,18.68,37.08
2017-03-16,Tirunelveli,8.7139,77.7567,Dryland,25.09,27.66,23.21,82.54,0.78,2.77,17.56,37.13
2017-03-17,Tirunelveli,8.7139,77.7567,Dryland,27.86,35.23,21.32,67.81,1.22,0.26,22.46,37.17
2017-03-18,Tirunelveli,8.7139,77.7567,Dryland,28.51,35.62,23.65,67.29,1.14,1.98,22.5,37.22
2017-03-19,Tirunelveli,8.7139,77.7567,Dryland,28.88,35.79,23.38,65.55,1.45,0.55,21.82,37.26
2017-03-20,Tirunelveli,8.7139,77.7567,Dryland,29.04,35.9,23.67,63.47,1.59,0.79,20.78,37.3
2017-03-21,Tirunelveli,8.7139,77.7567,Dryland,29.18,36.87,22.98,61.9,1.24,1.07,21.6,37.34
2017-03-22,Tirunelveli,8.7139,77.7567,Dryland,28.78,35.19,23.16,60.36,1.88,0.36,21.6,37.37
2017-03-23,Tirunelveli,8.7139,77.7567,Dryland,28.92,36.81,22.82,57.79,2.07,0.0,23.5,37.41
2017-03-24,Tirunelveli,8.7139,77.7567,Dryland,28.58,37.1,21.74,53.95,1.89,0.0,25.06,37.44
2017-03-25,Tirunelveli,8.7139,77.7567,Dryland,28.57,37.52,20.73,50.92,1.79,0.0,25.99,37.47
2017-03-26,Tirunelveli,8.7139,77.7567,Dryland,28.34,37.03,20.73,53.83,2.38,0.0,26.38,37.5
2017-03-27,Tirunelveli,8.7139,77.7567,Dryland,28.79,37.31,21.39,52.76,1.49,0.0,25.74,37.53
2017-03-28,Tirunelveli,8.7139,77.7567,Dryland,29.47,37.29,23.55,56.49,1.47,0.06,22.01,37.55
2017-03-29,Tirunelveli,8.7139,77.7567,Dryland,30.04,38.41,23.54,57.46,1.72,0.02,22.72,37.57
2017-03-30,Tirunelveli,8.7139,77.7567,Dryland,30.59,38.13,25.28,57.78,1.59,0.65,21.76,37.59
2017-03-31,Tirunelveli,8.7139,77.7567,Dryland,28.97,33.53,25.23,64.85,1.65,2.45,18.27,37.6
2017-04-01,Tirunelveli,8.7139,77.7567,Dryland,30.18,38.29,22.8,57.56,1.81,0.02,23.98,37.62
2017-04-02,Tirunelveli,8.7139,77.7567,Dryland,30.62,38.23,24.98,59.58,1.57,0.93,23.5,37.63
2017-04-03,Tirunelveli,8.7139,77.7567,Dryland,29.82,36.61,25.05,64.22,2.17,1.23,23.46,37.66
2017-04-04,Tirunelveli,8.7139,77.7567,Dryland,29.59,35.08,26.35,64.16,2.56,0.08,22.09,37.67
2017-04-05,Tirunelveli,8.7139,77.7567,Dryland,30.69,38.58,24.99,58.06,2.61,0.06,23.44,37.69
2017-04-06,Tirunelveli,8.7139,77.7567,Dryland,30.11,36.74,25.52,61.52,2.52,1.77,22.86,37.7
2017-04-07,Tirunelveli,8.7139,77.7567,Dryland,30.47,38.26,25.09,59.61,1.96,0.94,24.31,37.71
2017-04-08,Tirunelveli,8.7139,77.7567,Dryland,30.5,38.42,24.14,59.16,2.07,0.75,23.3,37.71
2017-04-09,Tirunelveli,8.7139,77.7567,Dryland,30.15,37.17,24.71,63.37,1.49,2.54,23.6,37.72
2017-04-10,Tirunelveli,8.7139,77.7567,Dryland,28.97,34.46,25.07,67.32,2.2,0.67,22.82,37.72
2017-04-11,Tirunelveli,8.7139,77.7567,Dryland,29.02,34.34,25.64,69.1,2.83,0.38,20.58,37.72
2017-04-12,Tirunelveli,8.7139,77.7567,Dryland,29.12,33.79,25.65,68.4,2.35,0.95,21.78,37.72
2017-04-13,Tirunelveli,8.7139,77.7567,Dryland,29.47,35.63,25.4,68.87,2.15,2.43,20.02,37.72
2017-04-14,Tirunelveli,8.7139,77.7567,Dryland,28.68,35.0,24.79,71.61,3.21,0.96,18.78,37.72
2017-04-15,Tirunelveli,8.7139,77.7567,Dryland,29.91,37.5,24.92,65.5,3.26,0.04,21.75,37.71
2017-04-16,Tirunelveli,8.7139,77.7567,Dryland,29.31,35.57,25.08,67.42,3.43,0.01,22.92,37.7
2017-04-17,Tirunelveli,8.7139,77.7567,Dryland,30.13,37.81,24.61,64.3,3.31,0.0,23.21,37.69
2017-04-18,Tirunelveli,8.7139,77.7567,Dryland,29.42,36.52,23.82,65.63,3.19,0.0,24.06,37.68
2017-04-19,Tirunelveli,8.7139,77.7567,Dryland,29.89,37.88,23.8,64.56,3.42,0.0,23.63,37.68
2017-04-20,Tirunelveli,8.7139,77.7567,Dryland,30.11,37.07,25.24,60.93,3.54,0.01,23.77,37.66
2017-04-21,Tirunelveli,8.7139,77.7567,Dryland,29.97,36.63,25.51,63.45,3.66,0.01,22.71,37.65
2017-04-22,Tirunelveli,8.7139,77.7567,Dryland,29.66,36.61,25.4,65.66,3.85,0.03,22.02,37.63
2017-04-23,Tirunelveli,8.7139,77.7567,Dryland,30.14,37.36,25.56,64.64,3.7,0.04,21.23,37.62
2017-04-24,Tirunelveli,8.7139,77.7567,Dryland,30.36,37.48,25.68,60.31,4.06,0.03,21.99,37.6
2017-04-25,Tirunelveli,8.7139,77.7567,Dryland,29.89,37.02,25.45,63.61,3.87,0.0,22.13,37.58
2017-04-26,Tirunelveli,8.7139,77.7567,Dryland,30.33,37.16,26.09,63.68,3.18,0.17,21.55,37.56
2017-04-27,Tirunelveli,8.7139,77.7567,Dryland,30.97,38.99,25.66,61.77,2.66,0.47,23.33,37.54
2017-04-28,Tirunelveli,8.7139,77.7567,Dryland,30.94,38.66,25.37,60.08,2.37,0.42,24.76,37.52
2017-04-29,Tirunelveli,8.7139,77.7567,Dryland,31.49,39.16,26.09,56.38,2.13,0.26,23.97,37.5
2017-04-30,Tirunelveli,8.7139,77.7567,Dryland,30.89,39.15,25.27,60.8,2.44,0.37,23.26,37.48
2017-05-01,Tirunelveli,8.7139,77.7567,Dryland,30.46,37.63,25.97,60.57,1.84,2.31,21.66,37.45
2017-05-02,Tirunelveli,8.7139,77.7567,Dryland,30.14,37.26,24.7,61.6,1.75,1.67,20.81,37.42
2017-05-03,Tirunelveli,8.7139,77.7567,Dryland,29.72,36.38,25.05,62.7,1.83,1.83,20.02,37.4
2017-05-04,Tirunelveli,8.7139,77.7567,Dryland,30.2,36.43,25.77,60.35,1.64,0.03,22.87,37.37
2017-05-05,Tirunelveli,8.7139,77.7567,Dryland,30.05,36.9,25.84,64.14,2.06,0.08,21.79,37.34
2017-05-06,Tirunelveli,8.7139,77.7567,Dryland,29.6,35.69,25.94,65.92,2.5,0.19,20.27,37.32
2017-05-07,Tirunelveli,8.7139,77.7567,Dryland,29.46,34.51,26.35,65.65,2.05,0.35,13.24,37.29
2017-05-08,Tirunelveli,8.7139,77.7567,Dryland,30.33,37.67,25.73,56.03,1.94,0.37,20.62,37.27
2017-05-09,Tirunelveli,8.7139,77.7567,Dryland,29.55,34.82,25.01,62.12,2.84,0.07,19.32,37.24
2017-05-10,Tirunelveli,8.7139,77.7567,Dryland,29.31,33.89,26.16,68.35,2.56,3.83,22.18,37.21
2017-05-11,Tirunelveli,8.7139,77.7567,Dryland,27.45,30.81,24.91,75.36,2.21,2.97,21.04,37.18
2017-05-12,Tirunelveli,8.7139,77.7567,Dryland,28.89,33.92,25.17,70.35,1.74,0.96,19.76,37.15
2017-05-13,Tirunelveli,8.7139,77.7567,Dryland,28.06,31.54,25.77,74.14,2.69,1.56,20.85,37.12
2017-05-14,Tirunelveli,8.7139,77.7567,Dryland,28.36,34.72,24.31,72.99,3.72,4.08,22.48,37.09
2017-05-15,Tirunelveli,8.7139,77.7567,Dryland,28.45,32.81,25.54,75.87,4.22,1.14,21.88,37.06
2017-05-16,Tirunelveli,8.7139,77.7567,Dryland,28.88,33.34,26.11,73.61,4.03,0.24,19.28,37.03
2017-05-17,Tirunelveli,8.7139,77.7567,Dryland,28.75,32.78,26.15,73.51,4.55,0.72,21.46,37.01
2017-05-18,Tirunelveli,8.7139,77.7567,Dryland,28.29,34.24,24.96,76.18,3.22,20.64,14.71,36.98
2017-05-19,Tirunelveli,8.7139,77.7567,Dryland,27.56,33.82,23.67,74.92,3.94,3.13,20.39,36.95
2017-05-20,Tirunelveli,8.7139,77.7567,Dryland,27.48,31.55,24.44,78.93,4.34,2.37,21.73,36.92
2017-05-21,Tirunelveli,8.7139,77.7567,Dryland,27.1,30.54,24.64,80.55,3.36,1.18,15.42,36.89
2017-05-22,Tirunelveli,8.7139,77.7567,Dryland,27.82,32.97,24.48,74.27,3.62,0.82,11.41,36.86
2017-05-23,Tirunelveli,8.7139,77.7567,Dryland,27.44,31.63,24.85,79.03,3.32,2.09,19.76,36.83
2017-05-24,Tirunelveli,8.7139,77.7567,Dryland,27.3,30.65,24.94,81.06,3.12,2.48,19.17,36.8
2017-05-25,Tirunelveli,8.7139,77.7567,Dryland,26.93,29.97,25.38,82.79,4.18,1.01,18.91,36.77
2017-05-26,Tirunelveli,8.7139,77.7567,Dryland,26.99,30.41,24.85,80.78,4.01,0.4,20.1,36.75
2017-05-27,Tirunelveli,8.7139,77.7567,Dryland,27.83,31.86,25.17,76.0,4.58,0.46,20.79,36.72
2017-05-28,Tirunelveli,8.7139,77.7567,Dryland,27.05,30.89,24.99,79.3,4.75,1.52,16.56,36.69
2017-05-29,Tirunelveli,8.7139,77.7567,Dryland,26.65,29.58,25.32,85.87,4.71,13.18,14.7,36.67
2017-05-30,Tirunelveli,8.7139,77.7567,Dryland,26.62,29.67,25.09,84.6,5.35,9.91,15.24,36.64
2017-05-31,Tirunelveli,8.7139,77.7567,Dryland,26.67,29.92,24.8,80.5,5.14,3.38,19.52,36.61
2017-06-01,Tirunelveli,8.7139,77.7567,Dryland,26.81,30.82,24.57,76.7,5.19,1.63,14.12,36.59
2017-06-02,Tirunelveli,8.7139,77.7567,Dryland,26.08,29.57,23.7,79.77,5.32,16.02,16.68,36.57
2017-06-03,Tirunelveli,8.7139,77.7567,Dryland,26.27,30.21,23.76,78.43,4.79,10.26,16.7,36.55
2017-06-04,Tirunelveli,8.7139,77.7567,Dryland,26.13,29.28,24.09,82.18,5.42,3.24,16.99,36.53
2017-06-05,Tirunelveli,8.7139,77.7567,Dryland,26.2,29.1,24.1,85.25,4.7,1.39,19.03,36.51
2017-06-06,Tirunelveli,8.7139,77.7567,Dryland,26.09,28.69,24.33,84.85,4.0,0.71,19.47,36.49
2017-06-07,Tirunelveli,8.7139,77.7567,Dryland,26.09,29.99,24.05,83.46,3.78,0.71,14.77,36.47
2017-06-08,Tirunelveli,8.7139,77.7567,Dryland,27.02,32.64,23.45,78.9,4.09,0.3,21.73,36.45
2017-06-09,Tirunelveli,8.7139,77.7567,Dryland,26.89,31.29,24.05,79.64,4.57,0.44,19.75,36.43
2017-06-10,Tirunelveli,8.7139,77.7567,Dryland,26.3,30.1,23.92,79.62,4.73,1.89,16.59,36.42
2017-06-11,Tirunelveli,8.7139,77.7567,Dryland,26.54,31.16,23.93,79.01,4.62,0.64,15.81,36.41
2017-06-12,Tirunelveli,8.7139,77.7567,Dryland,26.99,31.55,24.08,78.69,4.41,0.24,16.92,36.39
2017-06-13,Tirunelveli,8.7139,77.7567,Dryland,27.19,31.87,24.52,79.39,4.0,0.72,17.88,36.38
2017-06-14,Tirunelveli,8.7139,77.7567,Dryland,27.2,31.34,24.53,80.96,3.84,1.37,20.14,36.36
2017-06-15,Tirunelveli,8.7139,77.7567,Dryland,27.04,30.76,24.53,82.15,3.33,0.33,20.48,36.35
2017-06-16,Tirunelveli,8.7139,77.7567,Dryland,26.19,29.35,24.18,85.04,3.35,0.56,21.51,36.34
2017-06-17,Tirunelveli,8.7139,77.7567,Dryland,26.59,31.21,23.26,81.4,3.24,0.31,22.39,36.33
2017-06-18,Tirunelveli,8.7139,77.7567,Dryland,27.2,32.24,24.09,79.72,4.0,0.06,23.4,36.32
2017-06-19,Tirunelveli,8.7139,77.7567,Dryland,27.1,31.2,24.74,80.39,4.08,0.29,21.42,36.31
2017-06-20,Tirunelveli,8.7139,77.7567,Dryland,26.58,30.3,24.53,82.97,3.37,0.36,20.06,36.31
2017-06-21,Tirunelveli,8.7139,77.7567,Dryland,26.54,30.38,24.22,83.21,3.29,0.45,20.06,36.31
2017-06-22,Tirunelveli,8.7139,77.7567,Dryland,26.57,30.22,24.14,82.72,3.95,0.7,22.21,36.3
2017-06-23,Tirunelveli,8.7139,77.7567,Dryland,26.07,28.82,24.5,83.98,4.49,2.23,18.37,36.3
2017-06-24,Tirunelveli,8.7139,77.7567,Dryland,25.81,28.94,23.78,80.51,5.23,4.99,14.33,36.29
2017-06-25,Tirunelveli,8.7139,77.7567,Dryland,25.46,29.21,23.17,80.89,4.45,13.71,12.4,36.29
2017-06-26,Tirunelveli,8.7139,77.7567,Dryland,25.3,28.16,23.05,84.41,3.87,10.72,10.24,36.29
2017-06-27,Tirunelveli,8.7139,77.7567,Dryland,25.25,28.01,23.54,87.31,4.18,16.61,10.61,36.29
2017-06-28,Tirunelveli,8.7139,77.7567,Dryland,25.63,28.38,23.6,85.69,3.92,4.31,16.51,36.29
2017-06-29,Tirunelveli,8.7139,77.7567,Dryland,26.32,30.11,23.79,83.94,4.11,0.7,22.36,36.3
2017-06-30,Tirunelveli,8.7139,77.7567,Dryland,25.81,28.58,23.89,86.78,3.71,1.25,21.08,36.3
2017-07-01,Tirunelveli,8.7139,77.7567,Dryland,25.54,29.08,23.38,85.21,4.21,2.26,19.19,36.31
2017-07-02,Tirunelveli,8.7139,77.7567,Dryland,25.37,28.66,23.6,82.16,4.69,0.42,19.39,36.32
2017-07-03,Tirunelveli,8.7139,77.7567,Dryland,26.13,30.75,23.53,78.41,4.88,0.52,21.51,36.32
2017-07-04,Tirunelveli,8.7139,77.7567,Dryland,26.12,31.74,22.28,79.09,4.46,0.05,23.75,36.33
2017-07-05,Tirunelveli,8.7139,77.7567,Dryland,26.59,31.58,23.5,80.54,4.24,0.13,20.89,36.34
2017-07-06,Tirunelveli,8.7139,77.7567,Dryland,25.91,28.72,23.82,83.17,4.31,0.2,19.2,36.35
2017-07-07,Tirunelveli,8.7139,77.7567,Dryland,25.89,30.84,23.22,76.73,4.97,0.4,18.38,36.36
2017-07-08,Tirunelveli,8.7139,77.7567,Dryland,25.5,30.49,22.85,77.71,4.33,0.66,16.57,36.37
2017-07-09,Tirunelveli,8.7139,77.7567,Dryland,24.52,28.09,22.55,81.4,4.23,1.25,20.9,36.37
2017-07-10,Tirunelveli,8.7139,77.7567,Dryland,25.85,30.83,22.2,79.34,3.98,0.46,22.43,36.38
2017-07-11,Tirunelveli,8.7139,77.7567,Dryland,25.78,29.73,23.45,81.57,4.87,1.16,15.34,36.4
2017-07-12,Tirunelveli,8.7139,77.7567,Dryland,26.11,31.15,22.62,79.87,3.66,0.05,19.66,36.42
2017-07-13,Tirunelveli,8.7139,77.7567,Dryland,26.22,30.95,23.1,81.62,4.19,0.11,18.66,36.43
2017-07-14,Tirunelveli,8.7139,77.7567,Dryland,25.63,30.81,21.91,80.91,3.49,0.07,19.0,36.45
2017-07-15,Tirunelveli,8.7139,77.7567,Dryland,25.64,29.06,23.04,83.57,3.6,0.03,17.52,36.48
2017-07-16,Tirunelveli,8.7139,77.7567,Dryland,25.95,29.69,23.81,82.67,4.3,0.07,15.18,36.5
2017-07-17,Tirunelveli,8.7139,77.7567,Dryland,25.86,29.91,23.43,82.12,4.21,0.09,19.94,36.52
2017-07-18,Tirunelveli,8.7139,77.7567,Dryland,26.0,29.57,23.87,83.3,4.4,0.76,16.99,36.53
2017-07-19,Tirunelveli,8.7139,77.7567,Dryland,26.13,30.12,24.02,82.91,4.29,1.97,16.03,36.55
2017-07-20,Tirunelveli,8.7139,77.7567,Dryland,26.36,30.16,23.8,81.79,4.5,0.95,19.22,36.57
2017-07-21,Tirunelveli,8.7139,77.7567,Dryland,25.68,30.01,22.32,77.25,4.16,0.67,22.32,36.59
2017-07-22,Tirunelveli,8.7139,77.7567,Dryland,26.98,32.52,23.54,78.36,4.24,0.06,21.22,36.61
2017-07-23,Tirunelveli,8.7139,77.7567,Dryland,26.47,29.88,24.16,81.78,3.92,0.07,21.3,36.63
2017-07-24,Tirunelveli,8.7139,77.7567,Dryland,27.03,31.95,23.76,76.67,4.58,0.01,23.8,36.65
2017-07-25,Tirunelveli,8.7139,77.7567,Dryland,27.68,33.34,23.55,75.13,3.97,0.03,24.45,36.67
2017-07-26,Tirunelveli,8.7139,77.7567,Dryland,27.5,33.5,24.21,76.71,4.46,0.05,22.09,36.69
2017-07-27,Tirunelveli,8.7139,77.7567,Dryland,27.23,32.66,23.91,76.81,4.66,0.36,22.96,36.71
2017-07-28,Tirunelveli,8.7139,77.7567,Dryland,26.97,31.93,23.98,78.76,4.93,1.04,22.75,36.74
2017-07-29,Tirunelveli,8.7139,77.7567,Dryland,26.96,31.82,24.01,76.96,4.14,0.78,22.2,36.76
2017-07-30,Tirunelveli,8.7139,77.7567,Dryland,26.79,31.72,24.17,77.73,3.93,0.37,20.77,36.78
2017-07-31,Tirunelveli,8.7139,77.7567,Dryland,26.71,31.21,23.82,81.22,3.48,16.68,21.52,36.8
2017-08-01,Tirunelveli,8.7139,77.7567,Dryland,26.58,30.97,23.87,81.04,3.74,2.54,21.97,36.82
2017-08-02,Tirunelveli,8.7139,77.7567,Dryland,26.69,31.3,23.95,78.65,4.61,0.13,21.97,36.85
2017-08-03,Tirunelveli,8.7139,77.7567,Dryland,26.61,30.88,23.7,79.57,4.75,1.02,21.68,36.87
2017-08-04,Tirunelveli,8.7139,77.7567,Dryland,25.87,28.8,24.15,84.37,4.73,1.43,16.42,36.89
2017-08-05,Tirunelveli,8.7139,77.7567,Dryland,26.19,29.36,24.07,82.22,5.21,1.38,15.44,36.91
2017-08-06,Tirunelveli,8.7139,77.7567,Dryland,26.04,29.15,23.88,81.11,4.76,0.3,16.34,36.93
2017-08-07,Tirunelveli,8.7139,77.7567,Dryland,25.67,28.91,23.6,84.37,4.21,2.63,20.67,36.95
2017-08-08,Tirunelveli,8.7139,77.7567,Dryland,26.02,31.23,23.08,80.59,3.95,5.15,21.96,36.97
2017-08-09,Tirunelveli,8.7139,77.7567,Dryland,26.41,31.76,22.94,78.46,3.58,0.71,19.09,36.99
2017-08-10,Tirunelveli,8.7139,77.7567,Dryland,26.17,31.26,23.06,76.74,3.38,1.89,18.76,37.01
2017-08-11,Tirunelveli,8.7139,77.7567,Dryland,25.05,27.88,23.12,84.16,4.4,1.37,22.85,37.03
2017-08-12,Tirunelveli,8.7139,77.7567,Dryland,26.3,32.12,22.12,75.71,3.43,0.32,24.51,37.04
2017-08-13,Tirunelveli,8.7139,77.7567,Dryland,26.04,30.57,22.72,76.86,2.16,1.31,20.5,37.06
2017-08-14,Tirunelveli,8.7139,77.7567,Dryland,26.97,32.46,22.03,74.95,1.28,0.52,19.13,37.07
2017-08-15,Tirunelveli,8.7139,77.7567,Dryland,26.14,31.18,23.04,77.0,2.41,0.37,21.1,37.09
2017-08-16,Tirunelveli,8.7139,77.7567,Dryland,26.23,32.22,22.41,77.41,3.4,0.2,22.65,37.1
2017-08-17,Tirunelveli,8.7139,77.7567,Dryland,25.78,29.23,23.3,82.02,3.69,2.1,23.07,37.11
2017-08-18,Tirunelveli,8.7139,77.7567,Dryland,25.56,29.11,23.78,83.61,4.36,2.75,14.16,37.11
2017-08-19,Tirunelveli,8.7139,77.7567,Dryland,26.12,30.51,23.4,80.25,4.75,3.29,15.36,37.12
2017-08-20,Tirunelveli,8.7139,77.7567,Dryland,25.3,28.2,23.55,84.78,4.09,5.68,15.49,37.13
2017-08-21,Tirunelveli,8.7139,77.7567,Dryland,25.92,30.63,22.87,80.49,4.06,2.47,14.09,37.15
2017-08-22,Tirunelveli,8.7139,77.7567,Dryland,25.67,29.73,22.87,81.56,3.93,0.97,18.35,37.16
2017-08-23,Tirunelveli,8.7139,77.7567,Dryland,25.71,30.26,23.5,81.09,3.69,0.23,21.98,37.17
2017-08-24,Tirunelveli,8.7139,77.7567,Dryland,26.51,31.56,23.25,79.05,3.36,0.08,19.23,37.17
2017-08-25,Tirunelveli,8.7139,77.7567,Dryland,26.43,31.29,23.81,79.22,4.59,0.01,21.38,37.18
2017-08-26,Tirunelveli,8.7139,77.7567,Dryland,26.73,32.42,23.17,77.73,4.54,0.18,19.65,37.19
2017-08-27,Tirunelveli,8.7139,77.7567,Dryland,25.7,29.12,23.74,83.56,4.67,1.99,19.1,37.19
2017-08-28,Tirunelveli,8.7139,77.7567,Dryland,25.31,27.92,23.97,86.65,4.35,2.57,14.2,37.2
2017-08-29,Tirunelveli,8.7139,77.7567,Dryland,25.41,28.43,23.65,83.57,4.74,1.83,13.83,37.2
2017-08-30,Tirunelveli,8.7139,77.7567,Dryland,26.55,31.86,23.13,79.7,4.12,0.85,19.66,37.2
2017-08-31,Tirunelveli,8.7139,77.7567,Dryland,27.06,32.53,22.96,77.38,3.19,1.68,20.9,37.19
2017-09-01,Tirunelveli,8.7139,77.7567,Dryland,26.11,29.56,23.93,84.81,2.28,14.26,18.89,37.18
2017-09-02,Tirunelveli,8.7139,77.7567,Dryland,25.63,29.8,23.26,83.03,2.74,3.45,20.63,37.17
2017-09-03,Tirunelveli,8.7139,77.7567,Dryland,25.33,28.84,22.76,82.45,2.9,0.75,17.2,37.16
2017-09-04,Tirunelveli,8.7139,77.7567,Dryland,26.66,31.54,23.38,79.08,2.21,0.55,20.05,37.14
2017-09-05,Tirunelveli,8.7139,77.7567,Dryland,26.06,30.7,23.46,82.73,3.6,2.67,18.83,37.13
2017-09-06,Tirunelveli,8.7139,77.7567,Dryland,26.01,30.39,23.47,84.4,3.16,10.69,21.98,37.12
2017-09-07,Tirunelveli,8.7139,77.7567,Dryland,25.69,28.76,24.0,86.33,2.68,7.06,14.05,37.12
2017-09-08,Tirunelveli,8.7139,77.7567,Dryland,25.11,27.6,23.82,89.29,3.72,6.58,15.08,37.12
2017-09-09,Tirunelveli,8.7139,77.7567,Dryland,25.09,28.04,23.19,87.05,2.51,7.84,15.3,37.12
2017-09-10,Tirunelveli,8.7139,77.7567,Dryland,25.77,30.13,22.47,84.38,2.14,6.93,21.79,37.1
2017-09-11,Tirunelveli,8.7139,77.7567,Dryland,25.86,29.68,23.55,83.2,2.2,0.85,19.75,37.08
2017-09-12,Tirunelveli,8.7139,77.7567,Dryland,26.13,30.45,22.76,81.74,2.07,5.08,20.58,37.06
2017-09-13,Tirunelveli,8.7139,77.7567,Dryland,25.19,27.58,23.59,89.3,2.67,9.0,13.85,37.04
2017-09-14,Tirunelveli,8.7139,77.7567,Dryland,25.25,27.8,23.63,87.61,3.07,5.5,18.53,37.01
2017-09-15,Tirunelveli,8.7139,77.7567,Dryland,25.4,28.43,22.78,87.14,2.77,1.35,20.22,36.99
2017-09-16,Tirunelveli,8.7139,77.7567,Dryland,25.94,29.8,23.87,85.31,4.02,10.96,18.81,36.96
2017-09-17,Tirunelveli,8.7139,77.7567,Dryland,25.13,27.65,23.39,88.94,4.01,16.82,8.22,36.93
2017-09-18,Tirunelveli,8.7139,77.7567,Dryland,25.48,29.47,22.78,86.6,3.71,1.15,19.48,36.9
2017-09-19,Tirunelveli,8.7139,77.7567,Dryland,25.82,29.19,23.76,85.49,4.43,4.42,19.17,36.87
2017-09-20,Tirunelveli,8.7139,77.7567,Dryland,25.52,28.79,23.86,86.57,4.54,2.56,18.49,36.84
2017-09-21,Tirunelveli,8.7139,77.7567,Dryland,25.8,30.06,23.14,82.94,4.23,1.82,19.69,36.8
2017-09-22,Tirunelveli,8.7139,77.7567,Dryland,25.09,28.75,22.26,85.88,2.94,0.39,24.08,36.77
2017-09-23,Tirunelveli,8.7139,77.7567,Dryland,26.35,32.44,21.99,78.73,2.46,0.02,24.62,36.73
2017-09-24,Tirunelveli,8.7139,77.7567,Dryland,26.39,31.45,22.71,80.01,3.08,0.17,22.43,36.69
2017-09-25,Tirunelveli,8.7139,77.7567,Dryland,26.22,31.2,23.42,79.92,3.21,0.29,18.17,36.65
2017-09-26,Tirunelveli,8.7139,77.7567,Dryland,25.55,28.75,23.26,85.0,2.69,1.29,18.8,36.61
2017-09-27,Tirunelveli,8.7139,77.7567,Dryland,25.67,29.28,23.56,87.07,3.09,4.56,20.46,36.56
2017-09-28,Tirunelveli,8.7139,77.7567,Dryland,25.75,29.54,23.65,84.05,4.21,3.93,14.81,36.51
2017-09-29,Tirunelveli,8.7139,77.7567,Dryland,26.01,30.67,23.34,81.58,4.18,1.17,19.32,36.46
2017-09-30,Tirunelveli,8.7139,77.7567,Dryland,26.49,32.04,23.19,81.05,3.34,0.69,21.92,36.42
2017-10-01,Tirunelveli,8.7139,77.7567,Dryland,26.48,31.52,23.47,80.24,3.65,0.66,19.18,36.37
2017-10-02,Tirunelveli,8.7139,77.7567,Dryland,26.35,30.63,23.88,82.36,3.39,1.6,21.66,36.31
2017-10-03,Tirunelveli,8.7139,77.7567,Dryland,26.71,32.22,23.13,79.66,2.86,0.68,23.17,36.26
2017-10-04,Tirunelveli,8.7139,77.7567,Dryland,26.51,30.99,23.65,83.83,2.78,0.55,20.09,36.21
2017-10-05,Tirunelveli,8.7139,77.7567,Dryland,26.24,30.07,23.73,85.51,2.21,3.45,17.29,36.16
2017-10-06,Tirunelveli,8.7139,77.7567,Dryland,25.76,29.39,23.46,82.56,3.15,2.76,17.75,36.1
2017-10-07,Tirunelveli,8.7139,77.7567,Dryland,25.91,30.65,23.19,81.06,2.66,3.9,19.2,36.04
2017-10-08,Tirunelveli,8.7139,77.7567,Dryland,26.24,31.02,23.32,80.43,3.13,0.64,20.84,35.97
2017-10-09,Tirunelveli,8.7139,77.7567,Dryland,26.83,31.94,23.35,78.14,2.65,0.08,20.64,35.91
2017-10-10,Tirunelveli,8.7139,77.7567,Dryland,26.31,30.32,23.68,81.4,2.22,0.14,20.2,35.85
2017-10-11,Tirunelveli,8.7139,77.7567,Dryland,25.65,29.4,23.29,82.94,1.7,2.49,18.64,35.78
2017-10-12,Tirunelveli,8.7139,77.7567,Dryland,25.72,30.19,23.14,83.93,2.09,4.54,11.33,35.71
2017-10-13,Tirunelveli,8.7139,77.7567,Dryland,25.72,29.19,23.51,87.65,2.35,6.38,14.51,35.65
2017-10-14,Tirunelveli,8.7139,77.7567,Dryland,25.29,28.61,23.17,87.99,2.82,12.9,9.28,35.58
2017-10-15,Tirunelveli,8.7139,77.7567,Dryland,25.22,27.7,23.22,85.96,2.94,5.76,13.54,35.51
2017-10-16,Tirunelveli,8.7139,77.7567,Dryland,25.93,30.11,23.08,83.9,3.83,0.42,16.82,35.44
2017-10-17,Tirunelveli,8.7139,77.7567,Dryland,25.38,28.93,22.84,86.46,2.97,0.75,12.3,35.36
2017-10-18,Tirunelveli,8.7139,77.7567,Dryland,25.69,30.13,22.27,83.71,3.04,1.96,16.94,35.29
2017-10-19,Tirunelveli,8.7139,77.7567,Dryland,26.17,30.49,23.41,83.36,2.99,2.52,18.9,35.22
2017-10-20,Tirunelveli,8.7139,77.7567,Dryland,26.74,31.29,23.58,82.53,2.97,0.45,16.7,35.14
2017-10-21,Tirunelveli,8.7139,77.7567,Dryland,26.19,29.67,24.28,84.79,3.43,6.25,12.86,35.07
2017-10-22,Tirunelveli,8.7139,77.7567,Dryland,26.33,30.61,24.08,83.56,3.23,2.91,20.4,34.99
2017-10-23,Tirunelveli,8.7139,77.7567,Dryland,27.04,33.21,22.9,77.44,2.35,0.2,21.91,34.92
2017-10-24,Tirunelveli,8.7139,77.7567,Dryland,26.71,32.16,22.1,77.89,1.47,0.97,19.55,34.84
2017-10-25,Tirunelveli,8.7139,77.7567,Dryland,26.69,31.6,22.97,78.53,1.15,1.25,18.27,34.76
2017-10-26,Tirunelveli,8.7139,77.7567,Dryland,26.78,31.94,23.12,77.24,0.92,4.8,15.89,34.68
2017-10-27,Tirunelveli,8.7139,77.7567,Dryland,26.59,31.24,23.33,78.95,0.68,12.02,16.09,34.6
2017-10-28,Tirunelveli,8.7139,77.7567,Dryland,25.31,28.32,23.3,87.54,1.18,9.56,16.86,34.52
2017-10-29,Tirunelveli,8.7139,77.7567,Dryland,25.2,28.41,22.59,84.24,1.55,2.06,13.59,34.45
2017-10-30,Tirunelveli,8.7139,77.7567,Dryland,25.12,29.64,22.55,84.91,1.7,7.22,15.66,34.37
2017-10-31,Tirunelveli,8.7139,77.7567,Dryland,24.3,26.86,22.88,88.46,1.35,3.33,9.3,34.29
2017-11-01,Tirunelveli,8.7139,77.7567,Dryland,24.35,26.93,22.52,89.28,1.11,23.15,16.31,34.2
2017-11-02,Tirunelveli,8.7139,77.7567,Dryland,24.93,28.04,23.03,87.89,0.93,47.97,12.81,34.12
2017-11-03,Tirunelveli,8.7139,77.7567,Dryland,24.79,28.46,22.7,87.93,1.9,3.63,16.73,34.04
2017-11-04,Tirunelveli,8.7139,77.7567,Dryland,24.65,27.69,22.68,89.26,1.52,3.89,10.61,33.96
2017-11-05,Tirunelveli,8.7139,77.7567,Dryland,24.25,26.54,22.61,89.97,2.45,10.18,9.31,33.88
2017-11-06,Tirunelveli,8.7139,77.7567,Dryland,24.41,27.61,22.29,90.47,2.51,12.62,13.03,33.8
2017-11-07,Tirunelveli,8.7139,77.7567,Dryland,24.36,27.0,22.61,90.86,2.31,8.77,12.66,33.72
2017-11-08,Tirunelveli,8.7139,77.7567,Dryland,24.11,27.22,22.15,90.31,2.17,32.57,12.97,33.64
2017-11-09,Tirunelveli,8.7139,77.7567,Dryland,24.86,28.45,21.37,83.14,1.46,4.85,18.82,33.56
2017-11-10,Tirunelveli,8.7139,77.7567,Dryland,25.09,29.69,20.54,82.13,1.23,0.26,17.79,33.48
2017-11-11,Tirunelveli,8.7139,77.7567,Dryland,24.88,28.02,21.92,83.91,1.48,0.01,16.37,33.4
2017-11-12,Tirunelveli,8.7139,77.7567,Dryland,25.02,28.58,22.37,87.73,1.36,0.27,14.91,33.32
2017-11-13,Tirunelveli,8.7139,77.7567,Dryland,25.1,29.45,21.66,86.82,1.82,0.23,16.02,33.24
2017-11-14,Tirunelveli,8.7139,77.7567,Dryland,24.03,29.52,19.81,83.27,2.05,0.01,20.48,33.17
2017-11-15,Tirunelveli,8.7139,77.7567,Dryland,23.99,29.17,19.65,85.92,2.03,0.0,20.81,33.09
2017-11-16,Tirunelveli,8.7139,77.7567,Dryland,23.47,29.45,18.64,82.89,2.27,0.0,23.21,33.02
2017-11-17,Tirunelveli,8.7139,77.7567,Dryland,23.91,29.1,18.24,78.19,1.35,0.0,21.03,32.95
2017-11-18,Tirunelveli,8.7139,77.7567,Dryland,25.1,29.48,21.21,79.84,1.1,2.22,18.95,32.88
2017-11-19,Tirunelveli,8.7139,77.7567,Dryland,25.24,28.93,21.99,85.56,1.19,3.89,15.94,32.81
2017-11-20,Tirunelveli,8.7139,77.7567,Dryland,25.47,28.89,22.88,87.47,1.46,17.86,16.22,32.74
2017-11-21,Tirunelveli,8.7139,77.7567,Dryland,24.42,26.56,22.84,91.88,1.38,19.36,16.28,32.67
2017-11-22,Tirunelveli,8.7139,77.7567,Dryland,24.44,27.51,22.62,91.03,2.11,10.72,11.81,32.6
2017-11-23,Tirunelveli,8.7139,77.7567,Dryland,24.54,29.1,20.8,86.22,2.21,0.79,18.78,32.54
2017-11-24,Tirunelveli,8.7139,77.7567,Dryland,24.94,28.98,21.04,85.56,2.0,0.14,13.85,32.48
2017-11-25,Tirunelveli,8.7139,77.7567,Dryland,24.78,28.67,21.97,85.78,1.61,0.22,9.66,32.42
2017-11-26,Tirunelveli,8.7139,77.7567,Dryland,23.1,25.45,20.96,91.53,1.68,11.94,11.0,32.35
2017-11-27,Tirunelveli,8.7139,77.7567,Dryland,23.58,25.78,21.85,92.54,2.0,14.93,9.15,32.3
2017-11-28,Tirunelveli,8.7139,77.7567,Dryland,24.34,26.95,22.06,92.3,2.44,5.17,10.27,32.24
2017-11-29,Tirunelveli,8.7139,77.7567,Dryland,24.2,26.07,22.3,92.4,3.76,7.47,9.02,32.19
2017-11-30,Tirunelveli,8.7139,77.7567,Dryland,24.29,25.69,22.91,93.42,5.95,96.64,2.48,32.14
2017-12-01,Tirunelveli,8.7139,77.7567,Dryland,24.31,26.0,22.84,95.7,1.95,46.98,5.08,32.09
2017-12-02,Tirunelveli,8.7139,77.7567,Dryland,24.64,26.92,22.76,89.38,1.32,5.97,10.17,32.04
2017-12-03,Tirunelveli,8.7139,77.7567,Dryland,24.7,28.61,20.89,85.63,1.31,3.78,16.08,31.99
2017-12-04,Tirunelveli,8.7139,77.7567,Dryland,24.83,27.96,22.01,87.16,1.51,0.22,18.22,31.95
2017-12-05,Tirunelveli,8.7139,77.7567,Dryland,24.86,28.67,21.67,84.18,0.96,1.01,18.42,31.91
2017-12-06,Tirunelveli,8.7139,77.7567,Dryland,24.49,28.7,21.29,86.55,0.95,3.46,14.48,31.87
2017-12-07,Tirunelveli,8.7139,77.7567,Dryland,24.3,27.81,21.89,88.48,0.87,15.29,14.0,31.83
2017-12-08,Tirunelveli,8.7139,77.7567,Dryland,24.42,27.65,22.82,90.83,0.75,1.02,15.2,31.8
2017-12-09,Tirunelveli,8.7139,77.7567,Dryland,24.14,26.82,22.08,89.09,1.32,2.44,15.41,31.77
2017-12-10,Tirunelveli,8.7139,77.7567,Dryland,23.98,28.17,20.05,82.69,1.26,0.01,17.51,31.74
2017-12-11,Tirunelveli,8.7139,77.7567,Dryland,24.54,28.31,20.87,86.43,1.41,0.31,16.16,31.71
2017-12-12,Tirunelveli,8.7139,77.7567,Dryland,24.82,28.4,21.81,84.49,1.02,0.64,14.09,31.69
2017-12-13,Tirunelveli,8.7139,77.7567,Dryland,25.3,28.95,22.07,82.55,0.57,7.19,10.67,31.67
2017-12-14,Tirunelveli,8.7139,77.7567,Dryland,24.61,28.13,22.21,88.37,1.64,7.38,17.59,31.65
2017-12-15,Tirunelveli,8.7139,77.7567,Dryland,24.22,27.22,21.68,91.16,2.59,8.06,12.21,31.64
2017-12-16,Tirunelveli,8.7139,77.7567,Dryland,24.24,27.84,21.84,89.62,3.61,1.13,15.79,31.62
2017-12-17,Tirunelveli,8.7139,77.7567,Dryland,23.65,27.65,20.41,88.32,3.77,0.03,17.23,31.61
2017-12-18,Tirunelveli,8.7139,77.7567,Dryland,22.58,26.54,18.57,85.96,3.2,0.0,19.45,31.61
2017-12-19,Tirunelveli,8.7139,77.7567,Dryland,22.73,27.21,17.68,86.2,2.87,0.42,18.2,31.6
2017-12-20,Tirunelveli,8.7139,77.7567,Dryland,23.48,26.75,20.83,89.3,4.14,1.2,11.46,31.6
2017-12-21,Tirunelveli,8.7139,77.7567,Dryland,23.03,26.69,19.87,87.78,3.61,0.9,15.71,31.6
2017-12-22,Tirunelveli,8.7139,77.7567,Dryland,23.44,27.02,21.25,87.83,3.89,0.02,18.66,31.61
2017-12-23,Tirunelveli,8.7139,77.7567,Dryland,23.0,27.12,19.51,87.36,3.16,0.01,18.0,31.61
2017-12-24,Tirunelveli,8.7139,77.7567,Dryland,22.16,27.03,17.14,86.82,2.58,0.0,21.86,31.62
2017-12-25,Tirunelveli,8.7139,77.7567,Dryland,23.39,27.99,19.27,88.56,2.51,0.01,19.91,31.64
2017-12-26,Tirunelveli,8.7139,77.7567,Dryland,23.7,27.94,20.58,87.85,2.96,0.01,17.33,31.66
2017-12-27,Tirunelveli,8.7139,77.7567,Dryland,22.57,26.63,19.79,86.31,3.23,0.0,19.78,31.67
2017-12-28,Tirunelveli,8.7139,77.7567,Dryland,21.9,26.42,18.6,83.4,3.53,0.0,19.79,31.69
2017-12-29,Tirunelveli,8.7139,77.7567,Dryland,21.34,26.59,16.48,82.96,2.85,0.0,21.25,31.72
2017-12-30,Tirunelveli,8.7139,77.7567,Dryland,22.31,27.53,17.81,82.88,2.66,0.0,20.04,31.75
2017-12-31,Tirunelveli,8.7139,77.7567,Dryland,22.75,27.8,17.87,81.1,1.98,0.0,21.6,31.78
2018-01-01,Tirunelveli,8.7139,77.7567,Dryland,23.86,28.62,19.16,84.02,1.02,0.0,18.77,31.81
2018-01-02,Tirunelveli,8.7139,77.7567,Dryland,24.55,28.71,21.04,83.48,0.89,0.0,15.52,31.84
2018-01-03,Tirunelveli,8.7139,77.7567,Dryland,24.57,28.73,20.96,83.3,1.46,0.0,16.84,31.88
2018-01-04,Tirunelveli,8.7139,77.7567,Dryland,23.59,28.46,19.65,83.06,2.25,0.0,18.69,31.92
2018-01-05,Tirunelveli,8.7139,77.7567,Dryland,22.24,27.65,18.03,81.76,2.5,0.0,17.09,31.96
2018-01-06,Tirunelveli,8.7139,77.7567,Dryland,22.46,27.55,17.31,77.29,1.78,0.0,18.09,32.01
2018-01-07,Tirunelveli,8.7139,77.7567,Dryland,22.59,27.63,17.63,78.85,1.53,0.0,16.93,32.05
2018-01-08,Tirunelveli,8.7139,77.7567,Dryland,21.76,27.52,17.05,78.85,2.48,0.0,19.88,32.1
2018-01-09,Tirunelveli,8.7139,77.7567,Dryland,23.24,28.95,16.83,77.3,1.55,0.12,20.2,32.15
2018-01-10,Tirunelveli,8.7139,77.7567,Dryland,23.99,28.91,20.97,85.16,2.58,1.23,12.71,32.21
2018-01-11,Tirunelveli,8.7139,77.7567,Dryland,24.1,28.81,20.99,85.81,2.28,0.91,18.52,32.27
2018-01-12,Tirunelveli,8.7139,77.7567,Dryland,24.52,29.23,20.88,84.86,2.22,0.02,15.44,32.32
2018-01-13,Tirunelveli,8.7139,77.7567,Dryland,23.92,27.68,20.72,86.36,2.51,0.11,14.76,32.38
2018-01-14,Tirunelveli,8.7139,77.7567,Dryland,23.49,29.56,19.87,78.79,2.91,0.0,22.16,32.45
2018-01-15,Tirunelveli,8.7139,77.7567,Dryland,24.01,30.16,20.12,80.48,3.22,0.0,20.59,32.51
2018-01-16,Tirunelveli,8.7139,77.7567,Dryland,24.08,30.05,19.62,81.64,2.52,0.0,17.58,32.58
2018-01-17,Tirunelveli,8.7139,77.7567,Dryland,24.49,30.12,20.21,78.18,2.24,0.0,16.3,32.65
2018-01-18,Tirunelveli,8.7139,77.7567,Dryland,23.27,30.08,18.5,70.69,3.07,0.0,20.54,32.72
2018-01-19,Tirunelveli,8.7139,77.7567,Dryland,22.64,29.31,17.05,76.33,2.67,0.0,21.0,32.79
2018-01-20,Tirunelveli,8.7139,77.7567,Dryland,22.81,30.14,16.75,73.91,2.42,0.0,19.38,32.86
2018-01-21,Tirunelveli,8.7139,77.7567,Dryland,22.85,30.24,16.91,74.74,2.37,0.0,21.23,32.94
2018-01-22,Tirunelveli,8.7139,77.7567,Dryland,23.53,30.44,17.45,72.83,1.72,0.0,18.46,33.02
2018-01-23,Tirunelveli,8.7139,77.7567,Dryland,24.67,31.02,18.69,74.37,1.38,0.0,16.84,33.09
2018-01-24,Tirunelveli,8.7139,77.7567,Dryland,25.27,30.84,20.57,77.51,0.92,0.75,16.42,33.17
2018-01-25,Tirunelveli,8.7139,77.7567,Dryland,25.29,32.08,19.79,73.13,1.48,0.08,17.05,33.26
2018-01-26,Tirunelveli,8.7139,77.7567,Dryland,24.67,31.45,19.61,71.65,1.96,0.19,18.82,33.34
2018-01-27,Tirunelveli,8.7139,77.7567,Dryland,24.69,31.35,18.39,70.03,1.75,0.0,19.25,33.42
2018-01-28,Tirunelveli,8.7139,77.7567,Dryland,24.63,30.48,20.18,71.25,2.15,0.57,11.81,33.5
2018-01-29,Tirunelveli,8.7139,77.7567,Dryland,24.74,31.76,19.57,70.12,2.77,0.03,19.38,33.59
2018-01-30,Tirunelveli,8.7139,77.7567,Dryland,25.52,31.7,20.9,72.18,3.55,0.0,19.36,33.67
2018-01-31,Tirunelveli,8.7139,77.7567,Dryland,25.36,32.71,20.59,62.46,3.74,0.0,22.14,33.76
2018-02-01,Tirunelveli,8.7139,77.7567,Dryland,24.47,32.57,18.19,60.99,2.97,0.0,22.79,33.85
2018-02-02,Tirunelveli,8.7139,77.7567,Dryland,23.96,32.43,17.56,60.1,2.92,0.0,23.49,33.93
2018-02-03,Tirunelveli,8.7139,77.7567,Dryland,23.77,32.37,17.13,63.94,3.12,0.0,23.68,34.02
2018-02-04,Tirunelveli,8.7139,77.7567,Dryland,24.6,32.33,18.85,66.67,3.22,0.0,23.5,34.11
2018-02-05,Tirunelveli,8.7139,77.7567,Dryland,25.71,33.02,20.7,65.31,3.32,0.0,22.29,34.2
2018-02-06,Tirunelveli,8.7139,77.7567,Dryland,26.07,31.9,21.51,74.95,2.95,0.04,19.31,34.29
2018-02-07,Tirunelveli,8.7139,77.7567,Dryland,26.7,32.11,22.91,77.38,1.84,2.44,16.4,34.37
2018-02-08,Tirunelveli,8.7139,77.7567,Dryland,26.07,31.21,22.79,77.51,1.98,1.13,19.1,34.46
2018-02-09,Tirunelveli,8.7139,77.7567,Dryland,26.69,33.23,21.64,73.24,1.47,0.06,20.87,34.54
2018-02-10,Tirunelveli,8.7139,77.7567,Dryland,25.52,31.23,21.47,68.26,2.13,0.0,23.14,34.63
2018-02-11,Tirunelveli,8.7139,77.7567,Dryland,25.61,31.88,22.17,71.55,2.72,0.0,22.57,34.72
2018-02-12,Tirunelveli,8.7139,77.7567,Dryland,26.13,31.08,21.99,73.35,2.74,0.02,19.11,34.81
2018-02-13,Tirunelveli,8.7139,77.7567,Dryland,25.72,32.27,21.75,68.21,2.83,0.0,19.71,34.9
2018-02-14,Tirunelveli,8.7139,77.7567,Dryland,25.68,32.12,19.77,69.79,3.22,0.0,20.2,34.99
2018-02-15,Tirunelveli,8.7139,77.7567,Dryland,26.45,32.64,22.14,71.84,3.71,0.01,19.61,35.08
2018-02-16,Tirunelveli,8.7139,77.7567,Dryland,26.63,33.95,22.36,65.03,4.12,0.0,21.36,35.16
2018-02-17,Tirunelveli,8.7139,77.7567,Dryland,25.98,34.06,20.35,64.41,2.35,0.0,22.39,35.25
2018-02-18,Tirunelveli,8.7139,77.7567,Dryland,25.89,34.1,20.09,65.61,2.44,0.0,23.34,35.33
2018-02-19,Tirunelveli,8.7139,77.7567,Dryland,25.46,33.94,19.25,63.15,2.9,0.0,24.67,35.41
2018-02-20,Tirunelveli,8.7139,77.7567,Dryland,25.34,33.76,18.1,64.86,3.37,0.0,25.02,35.5
2018-02-21,Tirunelveli,8.7139,77.7567,Dryland,25.63,33.83,19.63,64.79,2.65,0.0,23.84,35.58
2018-02-22,Tirunelveli,8.7139,77.7567,Dryland,25.91,35.1,18.45,59.82,2.33,0.0,24.12,35.66
2018-02-23,Tirunelveli,8.7139,77.7567,Dryland,25.49,33.98,18.37,61.09,3.16,0.0,24.61,35.74
2018-02-24,Tirunelveli,8.7139,77.7567,Dryland,26.66,34.66,20.71,67.82,3.88,0.0,23.72,35.82
2018-02-25,Tirunelveli,8.7139,77.7567,Dryland,27.55,35.25,21.94,65.71,4.17,0.0,21.53,35.9
2018-02-26,Tirunelveli,8.7139,77.7567,Dryland,27.71,34.59,21.69,64.74,2.75,0.0,22.82,35.98
2018-02-27,Tirunelveli,8.7139,77.7567,Dryland,27.21,32.75,22.99,67.23,3.89,0.05,20.47,36.06
2018-02-28,Tirunelveli,8.7139,77.7567,Dryland,27.91,34.76,23.44,67.26,3.8,0.05,22.88,36.13
2018-03-01,Tirunelveli,8.7139,77.7567,Dryland,27.65,33.93,23.75,68.84,3.54,0.28,21.42,36.21
2018-03-02,Tirunelveli,8.7139,77.7567,Dryland,28.2,35.79,22.83,62.47,3.12,0.05,23.82,36.28
2018-03-03,Tirunelveli,8.7139,77.7567,Dryland,28.41,36.74,21.67,59.93,2.07,0.02,23.84,36.35
2018-03-04,Tirunelveli,8.7139,77.7567,Dryland,28.54,37.3,22.51,55.27,1.75,0.03,23.93,36.41
2018-03-05,Tirunelveli,8.7139,77.7567,Dryland,28.01,37.47,20.77,57.3,1.9,0.0,24.95,36.48
2018-03-06,Tirunelveli,8.7139,77.7567,Dryland,28.04,37.73,20.21,55.79,1.93,0.0,24.15,36.55
2018-03-07,Tirunelveli,8.7139,77.7567,Dryland,28.07,37.46,19.73,54.75,1.8,0.0,25.08,36.61
2018-03-08,Tirunelveli,8.7139,77.7567,Dryland,28.39,36.14,22.95,55.78,2.42,0.0,23.6,36.67
2018-03-09,Tirunelveli,8.7139,77.7567,Dryland,27.62,34.49,23.27,59.76,2.97,0.0,22.51,36.73
2018-03-10,Tirunelveli,8.7139,77.7567,Dryland,28.09,36.3,21.04,55.38,3.21,0.01,19.78,36.79
2018-03-11,Tirunelveli,8.7139,77.7567,Dryland,28.56,36.69,22.89,60.11,3.55,0.0,20.63,36.85
2018-03-12,Tirunelveli,8.7139,77.7567,Dryland,27.74,33.49,23.92,68.38,4.36,1.06,13.12,36.91
2018-03-13,Tirunelveli,8.7139,77.7567,Dryland,25.49,28.79,23.72,80.62,3.15,12.68,10.18,36.96
2018-03-14,Tirunelveli,8.7139,77.7567,Dryland,26.91,31.96,23.7,76.73,2.31,15.11,16.64,37.01
2018-03-15,Tirunelveli,8.7139,77.7567,Dryland,27.05,31.93,23.79,73.91,1.41,0.28,22.71,37.06
2018-03-16,Tirunelveli,8.7139,77.7567,Dryland,27.51,32.89,23.64,72.26,1.36,0.05,22.64,37.11
2018-03-17,Tirunelveli,8.7139,77.7567,Dryland,27.72,33.56,23.67,74.31,1.43,1.16,20.42,37.15
2018-03-18,Tirunelveli,8.7139,77.7567,Dryland,27.37,33.65,23.92,74.4,2.24,1.97,19.73,37.2
2018-03-19,Tirunelveli,8.7139,77.7567,Dryland,27.78,34.65,23.57,70.27,2.14,0.53,20.07,37.24
2018-03-20,Tirunelveli,8.7139,77.7567,Dryland,27.28,35.01,21.1,62.54,1.89,0.0,25.01,37.28
2018-03-21,Tirunelveli,8.7139,77.7567,Dryland,28.53,36.76,21.84,63.63,1.59,0.29,24.13,37.32
2018-03-22,Tirunelveli,8.7139,77.7567,Dryland,28.88,36.13,23.52,66.57,1.96,0.35,23.02,37.36
2018-03-23,Tirunelveli,8.7139,77.7567,Dryland,29.19,36.6,23.61,64.63,1.8,0.04,22.73,37.4
2018-03-24,Tirunelveli,8.7139,77.7567,Dryland,29.31,36.62,24.38,63.93,1.74,0.06,20.65,37.43
2018-03-25,Tirunelveli,8.7139,77.7567,Dryland,27.88,34.84,22.84,64.29,2.17,0.03,22.03,37.46
2018-03-26,Tirunelveli,8.7139,77.7567,Dryland,27.97,34.99,22.51,63.71,2.26,0.07,21.28,37.49
2018-03-27,Tirunelveli,8.7139,77.7567,Dryland,27.73,33.01,23.97,71.99,1.74,1.39,21.18,37.52
2018-03-28,Tirunelveli,8.7139,77.7567,Dryland,27.46,31.88,24.17,74.65,1.23,0.17,20.55,37.55
2018-03-29,Tirunelveli,8.7139,77.7567,Dryland,29.25,36.55,23.54,66.94,1.39,0.04,23.39,37.57
2018-03-30,Tirunelveli,8.7139,77.7567,Dryland,28.23,31.93,25.39,73.1,2.2,0.05,23.2,37.59
2018-03-31,Tirunelveli,8.7139,77.7567,Dryland,27.97,32.38,24.43,71.56,2.35,0.04,21.56,37.62
2018-04-01,Tirunelveli,8.7139,77.7567,Dryland,29.83,38.27,23.34,61.01,1.73,0.03,23.46,37.63
2018-04-02,Tirunelveli,8.7139,77.7567,Dryland,29.49,36.62,23.84,62.11,1.49,0.03,23.07,37.65
2018-04-03,Tirunelveli,8.7139,77.7567,Dryland,30.22,38.07,23.88,59.9,1.51,0.06,22.97,37.67
2018-04-04,Tirunelveli,8.7139,77.7567,Dryland,29.57,36.52,24.39,63.18,1.64,0.1,21.97,37.68
2018-04-05,Tirunelveli,8.7139,77.7567,Dryland,29.6,35.14,25.53,61.47,1.47,0.02,22.91,37.69
2018-04-06,Tirunelveli,8.7139,77.7567,Dryland,29.95,36.66,25.1,60.54,1.52,0.04,23.05,37.7
2018-04-07,Tirunelveli,8.7139,77.7567,Dryland,30.31,38.19,24.94,60.08,1.75,0.25,22.29,37.7
2018-04-08,Tirunelveli,8.7139,77.7567,Dryland,29.46,34.5,25.54,62.05,1.57,0.86,22.42,37.71
2018-04-09,Tirunelveli,8.7139,77.7567,Dryland,28.05,31.76,25.62,71.17,2.11,2.02,20.18,37.71
2018-04-10,Tirunelveli,8.7139,77.7567,Dryland,28.16,33.09,24.51,71.7,2.03,4.57,19.69,37.72
2018-04-11,Tirunelveli,8.7139,77.7567,Dryland,26.96,29.7,25.16,83.85,1.39,22.61,19.49,37.72
2018-04-12,Tirunelveli,8.7139,77.7567,Dryland,27.24,31.5,23.91,79.81,1.3,8.95,18.86,37.72
2018-04-13,Tirunelveli,8.7139,77.7567,Dryland,27.58,32.77,24.26,76.97,1.37,11.28,14.43,37.71
2018-04-14,Tirunelveli,8.7139,77.7567,Dryland,27.86,33.13,23.8,74.49,1.11,16.25,22.84,37.71
2018-04-15,Tirunelveli,8.7139,77.7567,Dryland,26.64,29.66,24.89,82.13,1.95,6.17,17.4,37.7
2018-04-16,Tirunelveli,8.7139,77.7567,Dryland,28.16,33.35,24.31,73.54,1.4,0.38,21.92,37.7
2018-04-17,Tirunelveli,8.7139,77.7567,Dryland,28.72,34.68,24.7,72.31,1.31,0.19,21.5,37.69
2018-04-18,Tirunelveli,8.7139,77.7567,Dryland,27.1,30.44,24.63,80.83,0.95,1.26,16.65,37.68
2018-04-19,Tirunelveli,8.7139,77.7567,Dryland,28.41,34.72,24.37,74.5,1.54,0.56,22.2,37.67
2018-04-20,Tirunelveli,8.7139,77.7567,Dryland,28.27,33.68,24.6,75.04,1.7,0.93,20.61,37.66
2018-04-21,Tirunelveli,8.7139,77.7567,Dryland,28.61,34.85,23.86,73.37,1.27,0.17,22.43,37.65
2018-04-22,Tirunelveli,8.7139,77.7567,Dryland,28.97,35.06,24.9,72.1,1.69,0.1,22.65,37.63
2018-04-23,Tirunelveli,8.7139,77.7567,Dryland,29.49,36.59,24.19,68.74,1.5,0.12,22.27,37.62
2018-04-24,Tirunelveli,8.7139,77.7567,Dryland,29.08,34.99,24.78,71.7,1.76,0.24,22.54,37.6
2018-04-25,Tirunelveli,8.7139,77.7567,Dryland,28.85,33.77,25.1,72.22,1.66,0.46,22.3,37.58
2018-04-26,Tirunelveli,8.7139,77.7567,Dryland,28.93,34.7,24.4,71.98,1.57,0.29,22.1,37.56
2018-04-27,Tirunelveli,8.7139,77.7567,Dryland,28.96,33.61,25.58,73.03,1.25,0.46,20.06,37.55
2018-04-28,Tirunelveli,8.7139,77.7567,Dryland,27.29,30.35,24.96,79.34,1.23,0.97,14.84,37.53
2018-04-29,Tirunelveli,8.7139,77.7567,Dryland,28.98,35.31,24.17,69.26,1.52,0.36,22.71,37.5
2018-04-30,Tirunelveli,8.7139,77.7567,Dryland,29.56,35.63,24.87,70.13,2.19,0.2,21.94,37.48
2018-05-01,Tirunelveli,8.7139,77.7567,Dryland,29.4,34.68,25.59,68.57,2.55,0.11,20.39,37.45
2018-05-02,Tirunelveli,8.7139,77.7567,Dryland,28.47,32.99,25.41,76.2,2.99,0.08,21.51,37.43
2018-05-03,Tirunelveli,8.7139,77.7567,Dryland,28.54,32.87,25.48,74.68,2.37,0.79,19.92,37.4
2018-05-04,Tirunelveli,8.7139,77.7567,Dryland,28.97,34.89,24.75,71.53,1.47,0.72,18.36,37.38
2018-05-05,Tirunelveli,8.7139,77.7567,Dryland,28.28,33.6,24.77,70.03,1.82,0.74,15.54,37.35
2018-05-06,Tirunelveli,8.7139,77.7567,Dryland,27.54,32.48,23.89,74.92,1.99,1.29,19.42,37.33
2018-05-07,Tirunelveli,8.7139,77.7567,Dryland,27.04,30.53,24.28,79.53,2.01,2.39,17.77,37.3
2018-05-08,Tirunelveli,8.7139,77.7567,Dryland,26.73,30.18,24.36,81.98,2.23,5.38,19.69,37.27
2018-05-09,Tirunelveli,8.7139,77.7567,Dryland,27.36,32.11,24.25,76.58,1.71,2.25,15.96,37.24
2018-05-10,Tirunelveli,8.7139,77.7567,Dryland,27.25,32.37,23.9,74.99,2.02,0.49,17.84,37.21
2018-05-11,Tirunelveli,8.7139,77.7567,Dryland,27.6,32.26,24.31,75.16,1.89,0.66,20.15,37.18
2018-05-12,Tirunelveli,8.7139,77.7567,Dryland,27.04,30.51,24.47,77.3,2.35,0.7,16.92,37.15
2018-05-13,Tirunelveli,8.7139,77.7567,Dryland,27.31,32.88,23.44,73.97,2.3,3.47,19.55,37.13
2018-05-14,Tirunelveli,8.7139,77.7567,Dryland,27.18,31.56,23.65,77.63,2.03,6.02,19.93,37.1
2018-05-15,Tirunelveli,8.7139,77.7567,Dryland,27.93,32.91,24.11,73.51,1.45,0.15,13.77,37.06
2018-05-16,Tirunelveli,8.7139,77.7567,Dryland,27.58,31.93,24.19,73.74,1.12,0.34,15.82,37.04
2018-05-17,Tirunelveli,8.7139,77.7567,Dryland,25.8,28.21,24.03,85.25,1.83,19.06,15.4,37.01
2018-05-18,Tirunelveli,8.7139,77.7567,Dryland,26.81,31.5,23.59,79.35,2.1,10.55,17.81,36.98
2018-05-19,Tirunelveli,8.7139,77.7567,Dryland,27.62,32.94,23.81,76.4,2.55,2.76,20.0,36.95
2018-05-20,Tirunelveli,8.7139,77.7567,Dryland,26.24,28.65,24.72,84.45,3.99,8.48,17.77,36.92
2018-05-21,Tirunelveli,8.7139,77.7567,Dryland,26.38,29.1,24.44,83.32,2.51,2.86,14.07,36.89
2018-05-22,Tirunelveli,8.7139,77.7567,Dryland,26.41,29.28,24.38,83.55,2.83,0.75,20.39,36.86
2018-05-23,Tirunelveli,8.7139,77.7567,Dryland,26.64,30.08,24.74,83.29,3.35,0.8,14.42,36.83
2018-05-24,Tirunelveli,8.7139,77.7567,Dryland,26.57,29.13,25.39,85.63,4.01,1.64,15.12,36.81
2018-05-25,Tirunelveli,8.7139,77.7567,Dryland,26.2,28.21,24.83,88.87,4.23,2.11,9.73,36.78
2018-05-26,Tirunelveli,8.7139,77.7567,Dryland,25.62,27.47,24.24,89.83,4.13,1.53,16.72,36.76
2018-05-27,Tirunelveli,8.7139,77.7567,Dryland,26.51,29.99,23.84,84.32,3.58,2.22,17.98,36.73
2018-05-28,Tirunelveli,8.7139,77.7567,Dryland,26.67,29.33,25.22,85.54,5.83,6.84,15.72,36.7
2018-05-29,Tirunelveli,8.7139,77.7567,Dryland,26.98,30.62,24.7,80.71,5.9,1.4,20.09,36.67
2018-05-30,Tirunelveli,8.7139,77.7567,Dryland,27.01,30.89,24.54,80.19,4.99,1.03,18.19,36.65
2018-05-31,Tirunelveli,8.7139,77.7567,Dryland,27.01,30.2,24.6,82.07,3.8,0.38,19.15,36.62
2018-06-01,Tirunelveli,8.7139,77.7567,Dryland,26.56,29.47,24.73,85.18,3.03,4.96,17.67,36.6
2018-06-02,Tirunelveli,8.7139,77.7567,Dryland,26.42,29.21,24.8,88.14,3.23,3.5,16.72,36.58
2018-06-03,Tirunelveli,8.7139,77.7567,Dryland,25.76,28.06,24.19,88.23,3.36,2.75,15.45,36.56
2018-06-04,Tirunelveli,8.7139,77.7567,Dryland,26.03,28.91,24.09,86.91,3.55,2.89,16.88,36.53
2018-06-05,Tirunelveli,8.7139,77.7567,Dryland,26.68,30.46,24.22,83.92,3.31,3.6,15.53,36.51
2018-06-06,Tirunelveli,8.7139,77.7567,Dryland,26.28,29.6,24.25,85.88,3.57,5.6,17.67,36.49
2018-06-07,Tirunelveli,8.7139,77.7567,Dryland,25.7,27.91,24.49,89.36,4.01,6.71,11.36,36.47
2018-06-08,Tirunelveli,8.7139,77.7567,Dryland,26.43,29.21,24.73,85.79,5.8,9.91,17.28,36.45
2018-06-09,Tirunelveli,8.7139,77.7567,Dryland,26.49,28.74,25.11,86.27,6.46,6.88,13.19,36.43
2018-06-10,Tirunelveli,8.7139,77.7567,Dryland,26.33,28.59,25.07,88.09,5.5,7.02,16.84,36.42
2018-06-11,Tirunelveli,8.7139,77.7567,Dryland,26.24,28.8,24.77,86.25,5.3,2.78,19.15,36.4
2018-06-12,Tirunelveli,8.7139,77.7567,Dryland,26.02,28.99,24.35,85.75,5.01,1.98,19.74,36.39
2018-06-13,Tirunelveli,8.7139,77.7567,Dryland,26.06,29.68,23.88,84.96,4.66,5.11,15.36,36.37
2018-06-14,Tirunelveli,8.7139,77.7567,Dryland,26.03,29.99,23.64,81.72,4.44,2.48,15.28,36.36
2018-06-15,Tirunelveli,8.7139,77.7567,Dryland,25.64,28.93,23.73,86.16,3.64,0.88,17.81,36.35
2018-06-16,Tirunelveli,8.7139,77.7567,Dryland,25.28,28.47,23.37,86.09,3.8,6.2,12.49,36.34
2018-06-17,Tirunelveli,8.7139,77.7567,Dryland,25.25,28.67,23.01,83.3,3.92,0.72,15.83,36.33
2018-06-18,Tirunelveli,8.7139,77.7567,Dryland,26.03,30.09,23.19,83.7,3.93,1.36,19.37,36.32
2018-06-19,Tirunelveli,8.7139,77.7567,Dryland,25.66,28.86,23.9,84.87,4.47,2.72,21.28,36.31
2018-06-20,Tirunelveli,8.7139,77.7567,Dryland,25.71,28.92,23.61,85.67,4.71,2.48,15.45,36.31
2018-06-21,Tirunelveli,8.7139,77.7567,Dryland,25.56,28.33,23.78,86.88,4.25,4.22,15.62,36.3
2018-06-22,Tirunelveli,8.7139,77.7567,Dryland,25.55,28.92,22.66,84.24,3.71,1.73,16.14,36.3
2018-06-23,Tirunelveli,8.7139,77.7567,Dryland,26.21,30.8,23.19,80.41,4.2,0.38,18.75,36.3
2018-06-24,Tirunelveli,8.7139,77.7567,Dryland,25.89,28.59,24.1,85.78,4.0,1.31,19.89,36.29
2018-06-25,Tirunelveli,8.7139,77.7567,Dryland,25.52,28.7,23.13,83.48,3.97,1.06,17.22,36.29
2018-06-26,Tirunelveli,8.7139,77.7567,Dryland,25.42,28.36,22.23,86.41,3.98,1.5,20.42,36.3
2018-06-27,Tirunelveli,8.7139,77.7567,Dryland,25.22,28.3,23.25,82.67,4.04,2.52,19.85,36.3
2018-06-28,Tirunelveli,8.7139,77.7567,Dryland,25.37,29.55,22.42,80.83,3.61,2.77,21.59,36.3
2018-06-29,Tirunelveli,8.7139,77.7567,Dryland,25.24,29.68,22.61,79.46,3.64,0.32,21.13,36.3
2018-06-30,Tirunelveli,8.7139,77.7567,Dryland,25.23,29.22,22.42,82.74,3.42,0.83,20.69,36.31
2018-07-01,Tirunelveli,8.7139,77.7567,Dryland,25.69,31.52,21.43,78.33,3.51,1.03,20.47,36.31
2018-07-02,Tirunelveli,8.7139,77.7567,Dryland,26.38,31.92,22.71,78.89,3.69,0.95,21.22,36.31
2018-07-03,Tirunelveli,8.7139,77.7567,Dryland,25.76,30.2,22.8,84.34,3.11,0.98,19.99,36.32
2018-07-04,Tirunelveli,8.7139,77.7567,Dryland,26.08,31.04,23.06,83.19,3.45,0.03,22.95,36.33
2018-07-05,Tirunelveli,8.7139,77.7567,Dryland,26.18,31.56,22.01,82.32,3.75,0.37,22.74,36.34
2018-07-06,Tirunelveli,8.7139,77.7567,Dryland,26.04,30.36,23.09,82.71,4.35,0.53,22.42,36.35
2018-07-07,Tirunelveli,8.7139,77.7567,Dryland,25.44,27.54,23.99,80.36,5.42,0.6,17.13,36.36
2018-07-08,Tirunelveli,8.7139,77.7567,Dryland,25.68,29.03,23.43,81.37,5.57,3.77,14.89,36.37
2018-07-09,Tirunelveli,8.7139,77.7567,Dryland,25.1,27.12,23.67,88.07,5.04,8.75,14.67,36.38
2018-07-10,Tirunelveli,8.7139,77.7567,Dryland,25.04,27.58,23.46,84.75,4.91,5.74,12.52,36.4
2018-07-11,Tirunelveli,8.7139,77.7567,Dryland,25.05,27.52,23.09,84.27,4.75,2.3,11.95,36.41
2018-07-12,Tirunelveli,8.7139,77.7567,Dryland,25.33,28.47,23.15,84.17,4.3,2.51,16.81,36.42
2018-07-13,Tirunelveli,8.7139,77.7567,Dryland,25.34,28.09,23.74,87.32,4.99,2.95,15.67,36.44
2018-07-14,Tirunelveli,8.7139,77.7567,Dryland,25.51,28.45,23.6,84.79,4.97,2.1,19.68,36.45
2018-07-15,Tirunelveli,8.7139,77.7567,Dryland,24.95,26.59,23.5,87.62,5.43,11.48,9.4,36.47
2018-07-16,Tirunelveli,8.7139,77.7567,Dryland,25.13,27.79,23.45,83.99,5.33,4.6,14.03,36.49
2018-07-17,Tirunelveli,8.7139,77.7567,Dryland,25.85,30.21,22.88,78.77,5.68,1.31,17.62,36.51
2018-07-18,Tirunelveli,8.7139,77.7567,Dryland,25.48,29.31,23.25,80.06,5.47,2.07,19.27,36.53
2018-07-19,Tirunelveli,8.7139,77.7567,Dryland,25.15,28.61,23.25,85.16,5.68,2.76,13.65,36.55
2018-07-20,Tirunelveli,8.7139,77.7567,Dryland,25.35,29.04,22.96,83.53,5.0,0.58,18.44,36.57
2018-07-21,Tirunelveli,8.7139,77.7567,Dryland,25.33,28.64,23.43,83.35,5.0,0.08,18.64,36.59
2018-07-22,Tirunelveli,8.7139,77.7567,Dryland,25.76,29.54,23.28,82.17,4.91,0.06,20.65,36.6
2018-07-23,Tirunelveli,8.7139,77.7567,Dryland,25.88,30.03,23.43,81.54,5.22,0.12,19.76,36.62
2018-07-24,Tirunelveli,8.7139,77.7567,Dryland,25.6,29.6,23.19,81.64,5.33,1.43,15.1,36.65
2018-07-25,Tirunelveli,8.7139,77.7567,Dryland,25.97,30.55,23.0,81.6,4.81,1.35,21.14,36.67
2018-07-26,Tirunelveli,8.7139,77.7567,Dryland,25.46,28.96,23.38,82.49,5.09,0.24,19.44,36.69
2018-07-27,Tirunelveli,8.7139,77.7567,Dryland,25.82,30.3,23.13,80.62,5.0,0.06,21.42,36.71
2018-07-28,Tirunelveli,8.7139,77.7567,Dryland,25.61,30.49,21.87,80.38,4.45,0.07,20.91,36.73
2018-07-29,Tirunelveli,8.7139,77.7567,Dryland,26.03,30.61,23.26,80.52,4.92,0.15,18.88,36.75
2018-07-30,Tirunelveli,8.7139,77.7567,Dryland,25.24,28.26,23.69,83.99,4.32,5.98,17.63,36.77
2018-07-31,Tirunelveli,8.7139,77.7567,Dryland,24.7,27.31,23.12,87.84,4.21,15.47,8.48,36.79
2018-08-01,Tirunelveli,8.7139,77.7567,Dryland,24.98,28.21,22.79,87.83,3.51,3.77,13.68,36.81
2018-08-02,Tirunelveli,8.7139,77.7567,Dryland,25.7,31.26,22.33,82.11,3.58,1.68,21.18,36.84
2018-08-03,Tirunelveli,8.7139,77.7567,Dryland,25.28,29.29,22.57,83.3,4.04,0.66,17.37,36.86
2018-08-04,Tirunelveli,8.7139,77.7567,Dryland,25.08,29.81,22.2,83.82,3.91,0.1,16.66,36.88
2018-08-05,Tirunelveli,8.7139,77.7567,Dryland,25.67,29.77,23.08,82.8,5.06,0.09,20.64,36.9
2018-08-06,Tirunelveli,8.7139,77.7567,Dryland,25.51,29.55,22.91,82.18,5.51,1.03,20.59,36.92
2018-08-07,Tirunelveli,8.7139,77.7567,Dryland,25.12,28.98,22.03,84.78,4.86,3.8,19.16,36.94
2018-08-08,Tirunelveli,8.7139,77.7567,Dryland,24.7,27.32,23.19,85.25,5.22,10.08,13.21,36.96
2018-08-09,Tirunelveli,8.7139,77.7567,Dryland,24.98,28.47,22.8,85.11,4.71,10.04,17.9,36.98
2018-08-10,Tirunelveli,8.7139,77.7567,Dryland,25.11,28.51,23.23,85.19,4.93,2.15,12.39,36.99
2018-08-11,Tirunelveli,8.7139,77.7567,Dryland,24.98,27.6,23.37,85.73,5.45,0.91,14.9,37.01
2018-08-12,Tirunelveli,8.7139,77.7567,Dryland,24.95,27.83,22.95,84.1,5.4,7.11,13.14,37.03
2018-08-13,Tirunelveli,8.7139,77.7567,Dryland,24.92,27.61,22.78,88.0,4.39,6.9,16.6,37.05
2018-08-14,Tirunelveli,8.7139,77.7567,Dryland,25.41,28.64,23.11,82.62,5.89,30.26,15.8,37.06
2018-08-15,Tirunelveli,8.7139,77.7567,Dryland,24.81,27.02,23.63,87.46,6.64,24.35,7.66,37.08
2018-08-16,Tirunelveli,8.7139,77.7567,Dryland,24.57,27.44,23.06,86.38,6.24,12.7,14.16,37.09
2018-08-17,Tirunelveli,8.7139,77.7567,Dryland,24.29,26.48,22.86,89.32,5.57,4.95,14.91,37.11
2018-08-18,Tirunelveli,8.7139,77.7567,Dryland,24.17,26.8,22.67,88.01,5.87,5.48,12.27,37.12
2018-08-19,Tirunelveli,8.7139,77.7567,Dryland,24.26,26.48,22.75,88.7,5.84,1.0,16.6,37.13
2018-08-20,Tirunelveli,8.7139,77.7567,Dryland,24.46,27.23,22.88,88.3,5.33,0.28,19.5,37.14
2018-08-21,Tirunelveli,8.7139,77.7567,Dryland,24.82,28.58,22.42,85.9,4.66,0.1,24.79,37.15
2018-08-22,Tirunelveli,8.7139,77.7567,Dryland,25.11,29.81,22.17,83.1,4.28,0.04,24.18,37.16
2018-08-23,Tirunelveli,8.7139,77.7567,Dryland,25.14,30.0,22.12,82.1,4.27,0.0,24.1,37.17
2018-08-24,Tirunelveli,8.7139,77.7567,Dryland,25.43,30.65,22.33,80.86,4.21,0.07,18.26,37.18
2018-08-25,Tirunelveli,8.7139,77.7567,Dryland,25.61,30.92,22.43,82.79,4.17,0.02,21.12,37.18
2018-08-26,Tirunelveli,8.7139,77.7567,Dryland,24.96,29.22,22.31,83.31,4.61,0.07,17.6,37.19
2018-08-27,Tirunelveli,8.7139,77.7567,Dryland,25.06,29.55,22.26,83.04,4.32,0.3,18.64,37.19
2018-08-28,Tirunelveli,8.7139,77.7567,Dryland,24.5,28.32,21.82,85.33,4.03,0.17,19.19,37.19
2018-08-29,Tirunelveli,8.7139,77.7567,Dryland,25.35,31.05,21.87,80.76,4.48,0.02,22.71,37.2
2018-08-30,Tirunelveli,8.7139,77.7567,Dryland,25.71,31.37,22.01,80.74,4.63,0.37,18.33,37.19
2018-08-31,Tirunelveli,8.7139,77.7567,Dryland,25.63,30.55,22.58,81.45,3.68,0.34,20.52,37.19
2018-09-01,Tirunelveli,8.7139,77.7567,Dryland,24.78,28.3,22.3,85.61,2.92,0.35,21.47,37.19
2018-09-02,Tirunelveli,8.7139,77.7567,Dryland,25.37,30.47,22.16,83.02,3.39,0.18,22.93,37.19
2018-09-03,Tirunelveli,8.7139,77.7567,Dryland,25.48,31.63,21.96,80.91,3.54,0.01,23.05,37.18
2018-09-04,Tirunelveli,8.7139,77.7567,Dryland,25.5,32.32,21.16,80.28,3.47,0.0,26.62,37.17
2018-09-05,Tirunelveli,8.7139,77.7567,Dryland,25.26,31.23,20.53,81.29,4.06,0.0,24.66,37.16
2018-09-06,Tirunelveli,8.7139,77.7567,Dryland,25.76,31.29,21.99,79.51,4.26,0.01,23.15,37.15
2018-09-07,Tirunelveli,8.7139,77.7567,Dryland,25.27,30.92,21.8,80.73,4.0,0.01,24.56,37.14
2018-09-08,Tirunelveli,8.7139,77.7567,Dryland,25.93,32.64,20.62,78.15,3.78,0.0,26.37,37.13
2018-09-09,Tirunelveli,8.7139,77.7567,Dryland,27.0,34.64,21.85,72.52,2.92,0.01,25.34,37.11
2018-09-10,Tirunelveli,8.7139,77.7567,Dryland,26.89,33.78,21.69,72.84,2.52,0.21,21.89,37.09
2018-09-11,Tirunelveli,8.7139,77.7567,Dryland,27.1,34.35,21.96,73.33,2.43,0.04,23.42,37.08
2018-09-12,Tirunelveli,8.7139,77.7567,Dryland,27.43,35.38,21.12,70.29,2.51,0.0,24.98,37.06
2018-09-13,Tirunelveli,8.7139,77.7567,Dryland,27.09,34.05,22.67,74.06,3.21,0.01,25.1,37.04
2018-09-14,Tirunelveli,8.7139,77.7567,Dryland,26.89,34.3,22.01,74.64,2.92,0.26,23.72,37.01
2018-09-15,Tirunelveli,8.7139,77.7567,Dryland,27.19,34.06,23.09,73.84,2.76,0.04,22.53,36.99
2018-09-16,Tirunelveli,8.7139,77.7567,Dryland,26.75,32.39,22.81,76.38,2.85,0.03,19.91,36.97
2018-09-17,Tirunelveli,8.7139,77.7567,Dryland,25.95,29.95,23.37,78.16,3.38,0.12,19.39,36.94
2018-09-18,Tirunelveli,8.7139,77.7567,Dryland,25.78,30.02,23.77,80.29,4.37,0.66,19.14,36.91
2018-09-19,Tirunelveli,8.7139,77.7567,Dryland,25.73,30.19,22.88,82.39,4.07,0.63,17.85,36.88
2018-09-20,Tirunelveli,8.7139,77.7567,Dryland,25.9,30.28,23.34,83.03,4.32,4.27,15.91,36.85
2018-09-21,Tirunelveli,8.7139,77.7567,Dryland,26.5,32.17,22.38,76.74,3.81,0.11,23.56,36.81
2018-09-22,Tirunelveli,8.7139,77.7567,Dryland,27.1,33.23,23.29,75.33,2.6,0.08,24.12,36.78
2018-09-23,Tirunelveli,8.7139,77.7567,Dryland,26.19,29.94,23.88,83.37,2.51,7.81,21.87,36.74
2018-09-24,Tirunelveli,8.7139,77.7567,Dryland,25.78,30.43,23.04,81.61,2.15,6.12,19.19,36.7
2018-09-25,Tirunelveli,8.7139,77.7567,Dryland,25.31,29.14,22.04,83.28,1.9,1.55,19.68,36.66
2018-09-26,Tirunelveli,8.7139,77.7567,Dryland,27.53,33.46,22.96,74.85,1.69,0.15,20.64,36.61
2018-09-27,Tirunelveli,8.7139,77.7567,Dryland,27.14,32.89,22.89,76.35,1.49,0.72,17.95,36.57
2018-09-28,Tirunelveli,8.7139,77.7567,Dryland,26.73,32.27,23.13,78.11,1.31,2.34,17.47,36.53
2018-09-29,Tirunelveli,8.7139,77.7567,Dryland,24.83,27.46,23.35,88.29,1.37,9.51,14.24,36.48
2018-09-30,Tirunelveli,8.7139,77.7567,Dryland,26.6,32.0,22.64,80.8,1.22,6.03,14.99,36.43
2018-10-01,Tirunelveli,8.7139,77.7567,Dryland,27.28,32.87,22.99,77.38,1.1,5.46,15.72,36.38
2018-10-02,Tirunelveli,8.7139,77.7567,Dryland,25.6,28.35,23.67,85.47,1.09,9.68,15.43,36.33
2018-10-03,Tirunelveli,8.7139,77.7567,Dryland,26.16,30.48,22.77,81.26,1.16,11.3,10.12,36.27
2018-10-04,Tirunelveli,8.7139,77.7567,Dryland,24.88,27.64,23.19,85.58,1.64,14.35,10.71,36.22
2018-10-05,Tirunelveli,8.7139,77.7567,Dryland,24.63,26.19,23.29,92.97,3.24,29.37,10.94,36.16
2018-10-06,Tirunelveli,8.7139,77.7567,Dryland,25.92,29.11,23.77,86.82,1.34,23.98,14.22,36.1
2018-10-07,Tirunelveli,8.7139,77.7567,Dryland,25.59,29.38,22.77,83.44,0.93,17.88,15.3,36.04
2018-10-08,Tirunelveli,8.7139,77.7567,Dryland,24.82,28.97,21.62,87.62,2.21,11.94,12.34,35.98
2018-10-09,Tirunelveli,8.7139,77.7567,Dryland,24.62,27.95,22.26,88.1,2.07,1.15,13.17,35.92
2018-10-10,Tirunelveli,8.7139,77.7567,Dryland,25.22,29.58,22.87,83.59,2.63,0.45,19.58,35.85
2018-10-11,Tirunelveli,8.7139,77.7567,Dryland,25.41,29.17,23.07,87.42,1.84,1.82,17.68,35.79
2018-10-12,Tirunelveli,8.7139,77.7567,Dryland,25.86,30.07,23.22,86.25,1.55,0.12,19.62,35.73
2018-10-13,Tirunelveli,8.7139,77.7567,Dryland,25.51,29.47,22.82,84.84,2.12,3.31,19.41,35.66
2018-10-14,Tirunelveli,8.7139,77.7567,Dryland,25.11,28.93,22.67,84.35,2.01,2.35,18.1,35.59
2018-10-15,Tirunelveli,8.7139,77.7567,Dryland,25.38,30.0,21.77,82.77,1.36,2.46,19.25,35.52
2018-10-16,Tirunelveli,8.7139,77.7567,Dryland,24.94,28.46,22.66,87.28,1.28,8.25,16.76,35.45
2018-10-17,Tirunelveli,8.7139,77.7567,Dryland,24.58,27.98,21.85,83.61,1.48,1.96,17.41,35.38
2018-10-18,Tirunelveli,8.7139,77.7567,Dryland,25.56,30.0,21.62,80.57,1.03,4.8,21.83,35.31
2018-10-19,Tirunelveli,8.7139,77.7567,Dryland,26.03,29.74,23.16,82.22,0.82,9.62,18.07,35.23
2018-10-20,Tirunelveli,8.7139,77.7567,Dryland,25.62,28.83,23.53,84.88,0.83,7.5,16.03,35.16
2018-10-21,Tirunelveli,8.7139,77.7567,Dryland,24.98,27.83,23.18,88.57,0.98,13.2,19.27,35.08
2018-10-22,Tirunelveli,8.7139,77.7567,Dryland,24.87,27.15,23.14,88.18,0.94,13.23,15.18,35.01
2018-10-23,Tirunelveli,8.7139,77.7567,Dryland,25.31,28.55,22.84,82.34,0.95,6.4,19.14,34.93
2018-10-24,Tirunelveli,8.7139,77.7567,Dryland,25.17,28.93,21.76,82.98,1.18,13.92,17.72,34.85
2018-10-25,Tirunelveli,8.7139,77.7567,Dryland,24.63,27.89,21.24,86.41,1.84,8.47,12.17,34.78
2018-10-26,Tirunelveli,8.7139,77.7567,Dryland,24.78,28.23,21.97,86.96,2.12,1.45,16.36,34.7
2018-10-27,Tirunelveli,8.7139,77.7567,Dryland,25.33,29.21,20.8,83.18,1.47,2.31,18.05,34.62
2018-10-28,Tirunelveli,8.7139,77.7567,Dryland,24.97,28.56,22.75,79.38,1.6,3.06,20.97,34.54
2018-10-29,Tirunelveli,8.7139,77.7567,Dryland,25.21,30.22,21.22,81.9,1.37,0.0,17.53,34.46
2018-10-30,Tirunelveli,8.7139,77.7567,Dryland,25.69,30.73,20.94,82.15,1.07,0.01,19.12,34.38
2018-10-31,Tirunelveli,8.7139,77.7567,Dryland,25.6,28.91,22.41,85.84,1.25,1.93,15.8,34.3
2018-11-01,Tirunelveli,8.7139,77.7567,Dryland,24.24,25.84,22.8,92.36,1.62,4.48,10.67,34.21
2018-11-02,Tirunelveli,8.7139,77.7567,Dryland,24.92,27.69,22.94,88.6,1.66,10.83,14.48,34.13
2018-11-03,Tirunelveli,8.7139,77.7567,Dryland,24.46,26.93,22.71,91.27,2.05,25.57,12.01,34.05
2018-11-04,Tirunelveli,8.7139,77.7567,Dryland,24.31,27.32,22.27,89.24,2.13,4.64,18.33,33.97
2018-11-05,Tirunelveli,8.7139,77.7567,Dryland,24.57,29.09,21.21,87.22,1.9,0.03,17.62,33.89
2018-11-06,Tirunelveli,8.7139,77.7567,Dryland,23.63,26.54,21.22,91.43,2.11,3.83,13.59,33.81
2018-11-07,Tirunelveli,8.7139,77.7567,Dryland,24.16,27.32,21.55,85.91,1.75,3.51,10.38,33.73
2018-11-08,Tirunelveli,8.7139,77.7567,Dryland,23.05,26.11,20.88,86.02,1.62,6.56,11.24,33.65
2018-11-09,Tirunelveli,8.7139,77.7567,Dryland,23.89,26.71,21.46,89.61,1.83,9.33,11.49,33.57
2018-11-10,Tirunelveli,8.7139,77.7567,Dryland,24.85,28.59,21.9,84.84,1.59,0.64,20.71,33.49
2018-11-11,Tirunelveli,8.7139,77.7567,Dryland,24.73,29.24,20.98,83.6,1.4,0.27,18.19,33.41
2018-11-12,Tirunelveli,8.7139,77.7567,Dryland,24.61,29.56,20.2,83.97,1.05,0.19,19.06,33.34
2018-11-13,Tirunelveli,8.7139,77.7567,Dryland,24.75,28.99,21.26,86.25,1.5,0.09,17.99,33.26
2018-11-14,Tirunelveli,8.7139,77.7567,Dryland,25.5,29.82,21.42,85.31,1.13,0.41,18.53,33.18
2018-11-15,Tirunelveli,8.7139,77.7567,Dryland,26.28,30.75,22.62,82.16,0.92,10.07,17.78,33.11
2018-11-16,Tirunelveli,8.7139,77.7567,Dryland,24.33,26.66,22.49,88.7,2.55,14.94,7.25,33.04
2018-11-17,Tirunelveli,8.7139,77.7567,Dryland,25.22,29.5,22.08,81.48,1.03,0.11,14.96,32.97
2018-11-18,Tirunelveli,8.7139,77.7567,Dryland,24.84,28.07,22.52,86.99,1.18,1.07,16.39,32.89
2018-11-19,Tirunelveli,8.7139,77.7567,Dryland,25.08,28.69,22.28,88.22,1.55,9.32,15.87,32.82
2018-11-20,Tirunelveli,8.7139,77.7567,Dryland,24.8,28.03,22.07,84.85,1.59,4.95,11.94,32.75
2018-11-21,Tirunelveli,8.7139,77.7567,Dryland,25.51,29.63,21.56,83.45,1.3,2.89,17.16,32.69
2018-11-22,Tirunelveli,8.7139,77.7567,Dryland,25.63,29.6,22.66,84.94,1.05,1.36,16.97,32.62
2018-11-23,Tirunelveli,8.7139,77.7567,Dryland,25.14,27.99,23.11,88.43,1.22,0.88,16.18,32.55
2018-11-24,Tirunelveli,8.7139,77.7567,Dryland,24.38,26.66,22.49,90.94,1.25,6.94,14.88,32.49
2018-11-25,Tirunelveli,8.7139,77.7567,Dryland,24.09,27.87,21.72,86.36,2.0,1.02,17.65,32.43
2018-11-26,Tirunelveli,8.7139,77.7567,Dryland,24.21,28.33,21.36,86.09,2.58,0.0,16.27,32.37
2018-11-27,Tirunelveli,8.7139,77.7567,Dryland,22.84,27.21,18.88,83.86,2.66,0.0,19.7,32.31
2018-11-28,Tirunelveli,8.7139,77.7567,Dryland,23.46,27.19,20.12,85.09,2.93,0.06,18.88,32.25
2018-11-29,Tirunelveli,8.7139,77.7567,Dryland,24.36,28.27,21.95,89.27,3.05,2.97,9.86,32.2
2018-11-30,Tirunelveli,8.7139,77.7567,Dryland,24.95,28.76,22.25,87.23,2.84,0.65,13.87,32.15
2018-12-01,Tirunelveli,8.7139,77.7567,Dryland,24.62,28.42,21.9,86.29,3.03,0.06,16.29,32.09
2018-12-02,Tirunelveli,8.7139,77.7567,Dryland,24.09,28.85,20.15,83.8,2.64,0.0,19.97,32.05
2018-12-03,Tirunelveli,8.7139,77.7567,Dryland,24.65,30.08,19.45,83.26,2.33,0.08,19.23,32.0
2018-12-04,Tirunelveli,8.7139,77.7567,Dryland,24.92,28.33,22.79,87.65,2.37,2.13,11.59,31.96
2018-12-05,Tirunelveli,8.7139,77.7567,Dryland,25.17,28.94,22.44,85.81,2.2,0.44,13.47,31.91
2018-12-06,Tirunelveli,8.7139,77.7567,Dryland,25.22,28.8,22.89,85.3,2.16,0.09,16.62,31.87
2018-12-07,Tirunelveli,8.7139,77.7567,Dryland,25.12,29.83,21.05,84.62,2.57,3.95,17.52,31.84
2018-12-08,Tirunelveli,8.7139,77.7567,Dryland,24.93,30.03,21.76,82.7,2.75,0.54,17.86,31.81
2018-12-09,Tirunelveli,8.7139,77.7567,Dryland,24.68,30.57,20.21,80.68,2.61,0.0,18.26,31.77
2018-12-10,Tirunelveli,8.7139,77.7567,Dryland,24.84,30.74,19.7,76.82,1.82,0.0,16.09,31.74
2018-12-11,Tirunelveli,8.7139,77.7567,Dryland,24.31,28.19,20.25,71.19,1.56,0.0,17.37,31.72
2018-12-12,Tirunelveli,8.7139,77.7567,Dryland,25.36,31.35,18.66,71.67,1.15,0.0,15.76,31.69
2018-12-13,Tirunelveli,8.7139,77.7567,Dryland,25.96,31.17,20.75,74.43,1.03,0.0,15.04,31.67
2018-12-14,Tirunelveli,8.7139,77.7567,Dryland,25.54,31.63,20.31,71.79,1.41,0.0,17.77,31.65
2018-12-15,Tirunelveli,8.7139,77.7567,Dryland,25.42,31.2,20.09,75.38,1.61,0.0,16.5,31.64
2018-12-16,Tirunelveli,8.7139,77.7567,Dryland,25.19,31.46,20.3,74.03,1.6,0.0,14.78,31.63
2018-12-17,Tirunelveli,8.7139,77.7567,Dryland,25.66,32.0,20.62,77.79,1.25,0.0,17.2,31.62
2018-12-18,Tirunelveli,8.7139,77.7567,Dryland,26.14,31.97,21.03,75.11,0.98,0.0,16.11,31.61
2018-12-19,Tirunelveli,8.7139,77.7567,Dryland,25.42,30.47,21.98,77.86,2.33,0.03,15.97,31.61
2018-12-20,Tirunelveli,8.7139,77.7567,Dryland,24.9,30.9,20.62,75.02,2.21,0.0,19.22,31.6
2018-12-21,Tirunelveli,8.7139,77.7567,Dryland,25.45,31.34,19.71,76.0,1.42,0.02,17.45,31.6
2018-12-22,Tirunelveli,8.7139,77.7567,Dryland,26.22,31.66,21.73,75.4,1.47,1.35,11.02,31.61
2018-12-23,Tirunelveli,8.7139,77.7567,Dryland,25.02,29.13,22.23,84.17,2.84,2.15,12.89,31.62
2018-12-24,Tirunelveli,8.7139,77.7567,Dryland,24.88,28.44,22.89,87.25,2.36,4.42,12.52,31.62
2018-12-25,Tirunelveli,8.7139,77.7567,Dryland,25.76,31.32,22.08,78.28,2.39,0.75,17.59,31.64
2018-12-26,Tirunelveli,8.7139,77.7567,Dryland,26.15,31.91,21.4,72.21,1.46,0.07,15.86,31.65
2018-12-27,Tirunelveli,8.7139,77.7567,Dryland,25.75,32.15,21.48,72.77,1.69,0.03,20.03,31.67
2018-12-28,Tirunelveli,8.7139,77.7567,Dryland,25.28,31.32,20.06,74.5,1.69,0.0,17.7,31.69
2018-12-29,Tirunelveli,8.7139,77.7567,Dryland,24.82,29.04,21.94,79.4,2.46,0.68,7.86,31.71
2018-12-30,Tirunelveli,8.7139,77.7567,Dryland,24.85,30.36,21.29,73.58,3.51,0.37,16.82,31.74
2018-12-31,Tirunelveli,8.7139,77.7567,Dryland,24.53,30.75,19.55,74.18,3.47,0.0,17.23,31.77
2019-01-01,Tirunelveli,8.7139,77.7567,Dryland,23.99,30.71,18.99,71.72,3.25,0.0,16.47,31.8
2019-01-02,Tirunelveli,8.7139,77.7567,Dryland,22.81,29.81,17.6,69.9,3.41,0.0,20.53,31.83
2019-01-03,Tirunelveli,8.7139,77.7567,Dryland,23.1,31.28,16.48,69.1,3.16,0.0,20.71,31.87
2019-01-04,Tirunelveli,8.7139,77.7567,Dryland,22.96,30.67,16.12,69.32,3.49,0.0,22.52,31.91
2019-01-05,Tirunelveli,8.7139,77.7567,Dryland,23.76,31.27,16.72,70.66,2.52,0.0,21.42,31.95
2019-01-06,Tirunelveli,8.7139,77.7567,Dryland,23.52,30.69,16.98,71.71,2.77,0.0,21.67,31.99
2019-01-07,Tirunelveli,8.7139,77.7567,Dryland,23.92,30.86,17.76,72.2,2.02,0.0,20.51,32.04
2019-01-08,Tirunelveli,8.7139,77.7567,Dryland,24.29,32.19,18.48,70.94,2.43,0.0,19.94,32.09
2019-01-09,Tirunelveli,8.7139,77.7567,Dryland,23.94,32.41,17.67,68.47,2.88,0.0,22.37,32.14
2019-01-10,Tirunelveli,8.7139,77.7567,Dryland,23.77,32.63,16.8,69.12,2.79,0.0,22.66,32.2
2019-01-11,Tirunelveli,8.7139,77.7567,Dryland,24.41,32.56,18.13,69.31,2.22,0.0,19.21,32.25
2019-01-12,Tirunelveli,8.7139,77.7567,Dryland,24.51,32.5,18.14,64.48,3.01,0.0,18.94,32.31
2019-01-13,Tirunelveli,8.7139,77.7567,Dryland,25.28,32.45,18.12,72.0,2.56,0.0,17.35,32.37
2019-01-14,Tirunelveli,8.7139,77.7567,Dryland,26.17,32.64,21.1,70.08,2.73,0.05,17.2,32.44
2019-01-15,Tirunelveli,8.7139,77.7567,Dryland,25.44,32.23,20.14,68.35,2.84,0.02,19.76,32.5
2019-01-16,Tirunelveli,8.7139,77.7567,Dryland,25.37,32.92,19.88,66.2,3.51,0.0,19.22,32.57
2019-01-17,Tirunelveli,8.7139,77.7567,Dryland,24.2,32.42,17.93,66.23,3.0,0.0,18.24,32.64
2019-01-18,Tirunelveli,8.7139,77.7567,Dryland,23.46,31.44,17.03,65.49,2.94,0.0,17.33,32.71
2019-01-19,Tirunelveli,8.7139,77.7567,Dryland,23.6,32.21,16.69,65.79,2.25,0.0,18.82,32.78
2019-01-20,Tirunelveli,8.7139,77.7567,Dryland,23.52,31.76,16.73,65.56,3.11,0.0,15.12,32.85
2019-01-21,Tirunelveli,8.7139,77.7567,Dryland,23.61,32.42,16.43,64.86,2.31,0.0,16.9,32.93
2019-01-22,Tirunelveli,8.7139,77.7567,Dryland,24.31,33.1,17.46,66.37,1.76,0.0,20.93,33.0
2019-01-23,Tirunelveli,8.7139,77.7567,Dryland,25.62,33.92,19.89,67.46,1.91,0.0,21.67,33.08
2019-01-24,Tirunelveli,8.7139,77.7567,Dryland,26.3,34.24,20.02,67.21,1.99,0.0,20.46,33.16
2019-01-25,Tirunelveli,8.7139,77.7567,Dryland,27.02,34.65,21.26,67.54,1.34,0.0,19.57,33.24
2019-01-26,Tirunelveli,8.7139,77.7567,Dryland,27.72,35.14,21.66,66.4,1.53,0.0,18.07,33.32
2019-01-27,Tirunelveli,8.7139,77.7567,Dryland,27.7,34.28,22.35,64.51,1.56,0.2,18.32,33.4
2019-01-28,Tirunelveli,8.7139,77.7567,Dryland,27.59,34.72,21.58,63.16,1.64,0.2,18.89,33.49
2019-01-29,Tirunelveli,8.7139,77.7567,Dryland,27.52,33.84,22.66,59.47,3.07,0.0,19.48,33.57
2019-01-30,Tirunelveli,8.7139,77.7567,Dryland,27.05,34.08,22.02,60.29,4.17,0.0,20.16,33.65
2019-01-31,Tirunelveli,8.7139,77.7567,Dryland,26.52,33.69,21.11,63.06,3.9,0.0,20.43,33.74
2019-02-01,Tirunelveli,8.7139,77.7567,Dryland,26.93,34.16,21.5,62.11,2.88,0.0,20.6,33.82
2019-02-02,Tirunelveli,8.7139,77.7567,Dryland,27.4,34.77,21.93,62.25,2.67,0.0,20.53,33.91
2019-02-03,Tirunelveli,8.7139,77.7567,Dryland,27.3,34.43,21.89,61.77,3.53,0.0,21.89,34.0
2019-02-04,Tirunelveli,8.7139,77.7567,Dryland,27.16,33.91,21.99,68.92,4.16,0.01,15.5,34.09
2019-02-05,Tirunelveli,8.7139,77.7567,Dryland,27.64,33.33,23.41,67.43,3.52,0.62,13.83,34.17
2019-02-06,Tirunelveli,8.7139,77.7567,Dryland,27.43,34.3,22.51,62.82,3.31,0.12,18.07,34.26
2019-02-07,Tirunelveli,8.7139,77.7567,Dryland,27.55,35.47,20.84,60.65,2.14,0.0,21.36,34.35
2019-02-08,Tirunelveli,8.7139,77.7567,Dryland,28.18,35.79,21.88,62.67,1.78,0.01,21.38,34.44
2019-02-09,Tirunelveli,8.7139,77.7567,Dryland,28.0,34.11,23.83,67.56,1.5,0.52,14.6,34.53
2019-02-10,Tirunelveli,8.7139,77.7567,Dryland,27.4,33.27,23.45,66.84,1.93,0.1,13.46,34.62
2019-02-11,Tirunelveli,8.7139,77.7567,Dryland,27.53,34.74,22.83,66.31,3.91,0.0,21.55,34.71
2019-02-12,Tirunelveli,8.7139,77.7567,Dryland,27.38,34.13,22.93,65.65,4.66,0.02,20.82,34.8
2019-02-13,Tirunelveli,8.7139,77.7567,Dryland,27.41,34.72,22.52,62.09,4.69,0.0,21.52,34.88
2019-02-14,Tirunelveli,8.7139,77.7567,Dryland,28.14,35.72,22.29,64.71,3.63,0.0,21.27,34.97
2019-02-15,Tirunelveli,8.7139,77.7567,Dryland,28.48,35.34,23.78,65.03,2.65,0.04,19.89,35.06
2019-02-16,Tirunelveli,8.7139,77.7567,Dryland,29.15,36.03,23.9,61.96,1.84,0.16,19.95,35.15
2019-02-17,Tirunelveli,8.7139,77.7567,Dryland,27.7,31.75,25.0,73.12,1.6,0.23,20.35,35.23
2019-02-18,Tirunelveli,8.7139,77.7567,Dryland,29.77,37.85,23.86,62.47,1.6,0.06,19.89,35.32
2019-02-19,Tirunelveli,8.7139,77.7567,Dryland,29.38,35.89,24.82,60.8,1.8,0.02,20.04,35.4
2019-02-20,Tirunelveli,8.7139,77.7567,Dryland,27.98,34.43,23.7,62.69,3.68,0.01,21.52,35.49
2019-02-21,Tirunelveli,8.7139,77.7567,Dryland,27.95,36.06,21.32,61.69,3.61,0.0,23.33,35.57
2019-02-22,Tirunelveli,8.7139,77.7567,Dryland,27.42,35.38,21.85,59.46,4.03,0.0,24.4,35.65
2019-02-23,Tirunelveli,8.7139,77.7567,Dryland,26.54,35.71,19.0,60.6,2.79,0.0,24.75,35.73
2019-02-24,Tirunelveli,8.7139,77.7567,Dryland,26.71,35.97,18.67,58.78,2.46,0.0,25.21,35.81
2019-02-25,Tirunelveli,8.7139,77.7567,Dryland,27.92,37.43,19.56,56.32,1.9,0.0,23.88,35.89
2019-02-26,Tirunelveli,8.7139,77.7567,Dryland,29.04,37.94,21.9,57.21,1.54,0.0,22.49,35.96
2019-02-27,Tirunelveli,8.7139,77.7567,Dryland,29.47,37.61,23.18,58.91,2.28,0.0,20.02,36.04
2019-02-28,Tirunelveli,8.7139,77.7567,Dryland,29.57,37.09,23.68,55.86,2.42,0.0,21.56,36.11
2019-03-01,Tirunelveli,8.7139,77.7567,Dryland,29.64,37.71,24.11,56.2,1.76,0.0,20.31,36.19
2019-03-02,Tirunelveli,8.7139,77.7567,Dryland,29.29,36.7,24.26,57.59,2.46,0.0,20.76,36.26
2019-03-03,Tirunelveli,8.7139,77.7567,Dryland,29.8,37.5,24.55,55.73,2.57,0.02,23.73,36.33
2019-03-04,Tirunelveli,8.7139,77.7567,Dryland,29.52,37.21,24.25,57.75,2.05,0.01,19.16,36.4
2019-03-05,Tirunelveli,8.7139,77.7567,Dryland,30.52,39.26,24.57,58.1,1.88,0.02,23.65,36.46
2019-03-06,Tirunelveli,8.7139,77.7567,Dryland,30.8,39.33,25.07,57.98,2.58,0.03,23.13,36.53
2019-03-07,Tirunelveli,8.7139,77.7567,Dryland,30.66,38.97,25.58,60.11,2.35,0.03,23.61,36.59
2019-03-08,Tirunelveli,8.7139,77.7567,Dryland,29.96,36.88,25.65,62.63,2.54,0.05,22.87,36.66
2019-03-09,Tirunelveli,8.7139,77.7567,Dryland,29.87,37.16,25.24,61.15,2.09,2.22,20.71,36.72
2019-03-10,Tirunelveli,8.7139,77.7567,Dryland,29.51,36.37,24.23,60.94,1.55,1.57,22.84,36.78
2019-03-11,Tirunelveli,8.7139,77.7567,Dryland,29.09,36.39,23.73,53.81,2.03,0.04,24.28,36.84
2019-03-12,Tirunelveli,8.7139,77.7567,Dryland,27.84,36.19,21.26,52.71,2.49,0.0,25.06,36.89
2019-03-13,Tirunelveli,8.7139,77.7567,Dryland,27.87,35.69,20.79,54.78,2.83,0.0,23.5,36.95
2019-03-14,Tirunelveli,8.7139,77.7567,Dryland,28.18,36.44,20.91,48.81,2.68,0.0,24.49,37.0
2019-03-15,Tirunelveli,8.7139,77.7567,Dryland,27.91,35.78,20.68,51.42,2.97,0.0,24.38,37.06
2019-03-16,Tirunelveli,8.7139,77.7567,Dryland,28.56,36.86,22.12,57.24,2.37,0.0,23.27,37.1
2019-03-17,Tirunelveli,8.7139,77.7567,Dryland,29.21,37.41,22.19,57.0,2.25,0.0,22.58,37.15
2019-03-18,Tirunelveli,8.7139,77.7567,Dryland,29.39,36.05,24.42,59.65,2.31,0.58,21.02,37.2
2019-03-19,Tirunelveli,8.7139,77.7567,Dryland,29.65,36.95,24.69,59.07,2.16,0.21,22.88,37.24
2019-03-20,Tirunelveli,8.7139,77.7567,Dryland,29.96,37.62,23.73,57.65,1.53,0.54,21.98,37.28
2019-03-21,Tirunelveli,8.7139,77.7567,Dryland,29.62,37.79,23.32,58.48,1.81,0.05,23.42,37.32
2019-03-22,Tirunelveli,8.7139,77.7567,Dryland,29.41,37.42,22.81,60.46,2.13,0.0,23.53,37.36
2019-03-23,Tirunelveli,8.7139,77.7567,Dryland,30.43,38.6,24.21,58.29,1.71,0.0,23.56,37.4
2019-03-24,Tirunelveli,8.7139,77.7567,Dryland,30.08,38.59,24.34,57.62,1.82,0.0,25.47,37.43
2019-03-25,Tirunelveli,8.7139,77.7567,Dryland,29.3,37.51,22.52,52.9,2.35,0.0,26.03,37.46
2019-03-26,Tirunelveli,8.7139,77.7567,Dryland,29.08,37.62,22.12,50.51,2.17,0.0,26.12,37.49
2019-03-27,Tirunelveli,8.7139,77.7567,Dryland,29.8,38.54,22.4,51.8,2.03,0.0,25.67,37.51
2019-03-28,Tirunelveli,8.7139,77.7567,Dryland,30.27,38.68,24.82,55.91,1.73,0.01,25.11,37.54
2019-03-29,Tirunelveli,8.7139,77.7567,Dryland,29.99,38.67,22.99,58.85,1.99,0.0,25.22,37.57
2019-03-30,Tirunelveli,8.7139,77.7567,Dryland,30.27,38.66,24.68,59.55,2.14,0.0,24.74,37.59
2019-03-31,Tirunelveli,8.7139,77.7567,Dryland,30.86,39.33,24.87,56.97,2.21,0.0,23.92,37.61
2019-04-01,Tirunelveli,8.7139,77.7567,Dryland,30.84,39.18,24.46,59.13,2.42,0.03,24.68,37.63
2019-04-02,Tirunelveli,8.7139,77.7567,Dryland,31.29,39.43,25.68,56.42,1.85,0.04,24.02,37.64
2019-04-03,Tirunelveli,8.7139,77.7567,Dryland,30.65,38.52,25.77,58.13,2.02,0.07,22.74,37.66
2019-04-04,Tirunelveli,8.7139,77.7567,Dryland,29.65,36.71,24.3,61.27,2.04,0.55,23.18,37.67
2019-04-05,Tirunelveli,8.7139,77.7567,Dryland,30.2,38.42,24.29,58.62,1.85,0.7,23.87,37.68
2019-04-06,Tirunelveli,8.7139,77.7567,Dryland,31.27,39.52,24.83,55.53,1.66,0.18,22.95,37.69
2019-04-07,Tirunelveli,8.7139,77.7567,Dryland,31.46,39.66,25.69,58.08,1.83,0.2,24.75,37.7
2019-04-08,Tirunelveli,8.7139,77.7567,Dryland,30.85,38.25,26.36,60.91,2.16,0.01,22.85,37.71
2019-04-09,Tirunelveli,8.7139,77.7567,Dryland,31.0,38.94,25.73,58.84,2.22,0.0,23.82,37.71
2019-04-10,Tirunelveli,8.7139,77.7567,Dryland,31.38,39.14,26.08,57.61,2.01,0.03,24.57,37.71
2019-04-11,Tirunelveli,8.7139,77.7567,Dryland,31.93,39.75,26.67,55.9,1.64,0.03,24.38,37.71
2019-04-12,Tirunelveli,8.7139,77.7567,Dryland,31.82,39.12,26.54,56.41,1.89,0.03,25.59,37.71
2019-04-13,Tirunelveli,8.7139,77.7567,Dryland,31.62,39.59,25.85,57.7,1.75,0.02,25.32,37.71
2019-04-14,Tirunelveli,8.7139,77.7567,Dryland,31.03,37.72,25.81,56.82,1.75,0.01,22.88,37.71
2019-04-15,Tirunelveli,8.7139,77.7567,Dryland,31.25,39.54,25.28,58.38,1.79,0.19,24.26,37.7
2019-04-16,Tirunelveli,8.7139,77.7567,Dryland,30.76,38.2,26.08,61.6,1.83,0.66,22.89,37.7
2019-04-17,Tirunelveli,8.7139,77.7567,Dryland,29.55,34.59,25.76,64.87,2.0,9.11,13.4,37.69
2019-04-18,Tirunelveli,8.7139,77.7567,Dryland,28.96,35.11,25.07,71.85,1.74,2.76,21.68,37.69
2019-04-19,Tirunelveli,8.7139,77.7567,Dryland,29.08,34.52,25.56,69.91,1.7,1.43,17.62,37.68
2019-04-20,Tirunelveli,8.7139,77.7567,Dryland,27.92,32.3,25.26,75.27,1.38,4.3,19.58,37.67
2019-04-21,Tirunelveli,8.7139,77.7567,Dryland,29.53,36.6,24.65,66.56,1.12,2.37,19.15,37.65
2019-04-22,Tirunelveli,8.7139,77.7567,Dryland,30.54,37.93,24.43,61.1,1.76,0.93,21.38,37.64
2019-04-23,Tirunelveli,8.7139,77.7567,Dryland,30.19,35.53,25.48,63.2,0.69,1.57,18.64,37.62
2019-04-24,Tirunelveli,8.7139,77.7567,Dryland,30.05,36.07,25.01,61.81,1.51,0.31,22.57,37.6
2019-04-25,Tirunelveli,8.7139,77.7567,Dryland,30.58,36.64,25.43,60.12,1.0,0.18,20.36,37.59
2019-04-26,Tirunelveli,8.7139,77.7567,Dryland,30.66,35.84,25.9,61.41,1.33,0.58,22.81,37.57
2019-04-27,Tirunelveli,8.7139,77.7567,Dryland,30.85,37.86,26.0,65.66,1.71,1.15,22.45,37.55
2019-04-28,Tirunelveli,8.7139,77.7567,Dryland,31.2,37.85,26.91,64.42,2.17,0.08,19.28,37.52
2019-04-29,Tirunelveli,8.7139,77.7567,Dryland,30.22,36.0,27.24,63.76,2.65,0.84,17.01,37.5
2019-04-30,Tirunelveli,8.7139,77.7567,Dryland,28.74,33.27,25.87,68.67,3.9,4.94,16.46,37.48
2019-05-01,Tirunelveli,8.7139,77.7567,Dryland,27.39,30.19,25.39,79.26,3.96,3.01,15.73,37.46
2019-05-02,Tirunelveli,8.7139,77.7567,Dryland,28.37,33.21,24.72,74.56,3.88,0.03,19.85,37.43
2019-05-03,Tirunelveli,8.7139,77.7567,Dryland,29.15,35.32,25.74,66.87,4.08,0.0,20.38,37.41
2019-05-04,Tirunelveli,8.7139,77.7567,Dryland,29.84,36.57,25.36,62.27,3.66,0.0,21.02,37.38
2019-05-05,Tirunelveli,8.7139,77.7567,Dryland,30.22,37.92,25.15,63.29,3.0,0.0,23.06,37.36
2019-05-06,Tirunelveli,8.7139,77.7567,Dryland,30.47,37.49,25.89,62.02,3.19,0.0,22.56,37.33
2019-05-07,Tirunelveli,8.7139,77.7567,Dryland,29.89,36.68,25.09,62.12,4.09,0.05,21.7,37.3
2019-05-08,Tirunelveli,8.7139,77.7567,Dryland,28.98,33.98,25.83,59.01,4.27,0.0,21.76,37.27
2019-05-09,Tirunelveli,8.7139,77.7567,Dryland,29.46,36.82,24.71,64.93,3.99,0.09,20.43,37.24
2019-05-10,Tirunelveli,8.7139,77.7567,Dryland,30.76,38.93,24.73,62.6,2.89,0.02,22.3,37.21
2019-05-11,Tirunelveli,8.7139,77.7567,Dryland,30.79,37.89,26.09,63.26,3.45,0.01,22.25,37.19
2019-05-12,Tirunelveli,8.7139,77.7567,Dryland,30.48,36.99,26.57,64.06,3.6,0.18,21.71,37.16
2019-05-13,Tirunelveli,8.7139,77.7567,Dryland,29.91,35.87,26.39,64.87,3.79,0.08,22.01,37.13
2019-05-14,Tirunelveli,8.7139,77.7567,Dryland,30.43,37.4,26.26,62.55,4.22,0.01,22.31,37.1
2019-05-15,Tirunelveli,8.7139,77.7567,Dryland,28.93,33.75,25.94,71.38,3.84,0.02,22.47,37.08
2019-05-16,Tirunelveli,8.7139,77.7567,Dryland,29.02,33.74,25.97,72.05,3.52,0.03,21.69,37.05
2019-05-17,Tirunelveli,8.7139,77.7567,Dryland,29.66,35.55,25.81,67.61,3.31,0.22,20.6,37.02
2019-05-18,Tirunelveli,8.7139,77.7567,Dryland,30.05,36.05,25.7,68.14,2.9,0.13,22.16,36.99
2019-05-19,Tirunelveli,8.7139,77.7567,Dryland,29.86,35.75,26.34,67.59,2.64,0.02,22.57,36.96
2019-05-20,Tirunelveli,8.7139,77.7567,Dryland,30.7,37.98,26.0,62.98,2.47,0.09,23.59,36.93
2019-05-21,Tirunelveli,8.7139,77.7567,Dryland,29.17,33.51,26.09,70.22,2.71,0.4,21.75,36.9
2019-05-22,Tirunelveli,8.7139,77.7567,Dryland,29.24,33.25,26.47,73.43,2.43,0.32,20.06,36.87
2019-05-23,Tirunelveli,8.7139,77.7567,Dryland,28.33,31.35,26.57,79.4,2.99,5.42,18.4,36.84
2019-05-24,Tirunelveli,8.7139,77.7567,Dryland,27.64,31.02,25.71,82.77,2.72,8.39,17.51,36.81
2019-05-25,Tirunelveli,8.7139,77.7567,Dryland,26.55,29.33,24.93,82.54,3.36,4.22,18.31,36.78
2019-05-26,Tirunelveli,8.7139,77.7567,Dryland,28.22,33.69,23.83,74.82,3.28,0.04,21.84,36.76
2019-05-27,Tirunelveli,8.7139,77.7567,Dryland,29.62,35.43,25.08,72.91,3.04,0.03,22.69,36.73
2019-05-28,Tirunelveli,8.7139,77.7567,Dryland,30.1,36.21,26.3,71.44,3.08,0.03,22.73,36.7
2019-05-29,Tirunelveli,8.7139,77.7567,Dryland,28.52,32.44,26.41,76.82,3.76,0.25,18.82,36.68
2019-05-30,Tirunelveli,8.7139,77.7567,Dryland,28.33,32.24,25.79,76.78,3.77,2.32,20.95,36.65
2019-05-31,Tirunelveli,8.7139,77.7567,Dryland,26.52,28.48,24.3,72.71,1.84,1.03,19.24,36.62
2019-06-01,Tirunelveli,8.7139,77.7567,Dryland,28.48,34.0,24.2,71.88,3.36,0.15,20.71,36.6
2019-06-02,Tirunelveli,8.7139,77.7567,Dryland,28.07,31.7,25.32,77.06,3.37,1.08,18.88,36.58
2019-06-03,Tirunelveli,8.7139,77.7567,Dryland,27.49,31.08,25.37,81.48,3.85,3.55,18.95,36.56
2019-06-04,Tirunelveli,8.7139,77.7567,Dryland,27.05,30.21,25.09,80.42,3.28,0.69,19.36,36.54
2019-06-05,Tirunelveli,8.7139,77.7567,Dryland,27.98,32.6,24.83,75.8,2.53,0.62,19.08,36.51
2019-06-06,Tirunelveli,8.7139,77.7567,Dryland,27.1,30.7,25.11,82.65,2.89,3.28,19.69,36.49
2019-06-07,Tirunelveli,8.7139,77.7567,Dryland,26.96,29.49,25.28,83.38,3.54,2.2,19.29,36.48
2019-06-08,Tirunelveli,8.7139,77.7567,Dryland,27.91,32.5,24.88,77.91,3.73,3.8,19.8,36.46
2019-06-09,Tirunelveli,8.7139,77.7567,Dryland,27.28,30.65,25.24,83.21,3.61,15.08,15.63,36.44
2019-06-10,Tirunelveli,8.7139,77.7567,Dryland,26.8,29.25,25.25,84.22,4.23,19.33,11.12,36.42
2019-06-11,Tirunelveli,8.7139,77.7567,Dryland,27.34,31.1,25.16,80.99,4.47,11.27,14.58,36.41
2019-06-12,Tirunelveli,8.7139,77.7567,Dryland,26.86,29.84,25.13,84.63,4.21,4.58,13.2,36.39
2019-06-13,Tirunelveli,8.7139,77.7567,Dryland,26.93,29.84,25.11,84.33,4.59,2.26,18.88,36.38
2019-06-14,Tirunelveli,8.7139,77.7567,Dryland,27.7,33.23,23.92,77.96,3.13,1.3,18.04,36.36
2019-06-15,Tirunelveli,8.7139,77.7567,Dryland,27.14,31.24,24.23,82.35,3.44,2.1,19.22,36.35
2019-06-16,Tirunelveli,8.7139,77.7567,Dryland,27.32,32.71,24.18,76.2,3.76,0.58,21.02,36.34
2019-06-17,Tirunelveli,8.7139,77.7567,Dryland,27.27,30.01,25.54,81.5,4.27,0.16,20.89,36.33
2019-06-18,Tirunelveli,8.7139,77.7567,Dryland,27.18,30.97,24.63,81.7,4.37,0.56,16.59,36.32
2019-06-19,Tirunelveli,8.7139,77.7567,Dryland,27.24,30.99,24.7,82.6,4.76,2.5,20.19,36.31
2019-06-20,Tirunelveli,8.7139,77.7567,Dryland,26.44,29.77,24.17,79.22,4.6,1.95,17.39,36.31
2019-06-21,Tirunelveli,8.7139,77.7567,Dryland,25.66,28.36,23.48,83.85,4.76,2.85,16.86,36.3
2019-06-22,Tirunelveli,8.7139,77.7567,Dryland,25.93,28.04,24.29,84.3,5.39,5.31,12.27,36.29
2019-06-23,Tirunelveli,8.7139,77.7567,Dryland,26.77,30.97,23.68,82.09,4.15,0.96,15.3,36.29
2019-06-24,Tirunelveli,8.7139,77.7567,Dryland,26.64,29.46,24.82,86.26,4.26,0.44,19.6,36.29
2019-06-25,Tirunelveli,8.7139,77.7567,Dryland,27.02,30.12,24.94,82.15,3.88,0.07,19.32,36.28
2019-06-26,Tirunelveli,8.7139,77.7567,Dryland,26.84,30.61,24.12,80.67,3.66,0.0,18.34,36.29
2019-06-27,Tirunelveli,8.7139,77.7567,Dryland,26.71,30.76,23.71,81.29,4.02,0.0,20.53,36.29
2019-06-28,Tirunelveli,8.7139,77.7567,Dryland,26.92,32.28,22.79,76.51,4.04,0.0,21.95,36.29
2019-06-29,Tirunelveli,8.7139,77.7567,Dryland,27.29,33.26,23.36,75.98,4.35,0.0,22.27,36.29
2019-06-30,Tirunelveli,8.7139,77.7567,Dryland,26.67,30.04,24.28,79.71,4.68,0.01,18.34,36.3
2019-07-01,Tirunelveli,8.7139,77.7567,Dryland,26.96,30.8,24.7,81.23,4.17,0.06,19.06,36.3
2019-07-02,Tirunelveli,8.7139,77.7567,Dryland,26.66,29.97,24.78,82.9,4.37,0.66,17.23,36.31
2019-07-03,Tirunelveli,8.7139,77.7567,Dryland,26.93,31.64,24.03,80.9,3.61,1.77,19.99,36.32
2019-07-04,Tirunelveli,8.7139,77.7567,Dryland,27.07,32.13,23.88,81.28,3.31,3.95,19.41,36.32
2019-07-05,Tirunelveli,8.7139,77.7567,Dryland,26.51,29.59,24.39,84.39,3.53,6.06,18.92,36.33
2019-07-06,Tirunelveli,8.7139,77.7567,Dryland,26.42,29.51,24.59,83.25,3.82,0.47,16.95,36.34
2019-07-07,Tirunelveli,8.7139,77.7567,Dryland,26.43,29.91,23.77,83.19,3.26,0.78,17.54,36.35
2019-07-08,Tirunelveli,8.7139,77.7567,Dryland,26.86,30.82,23.72,83.08,2.95,4.27,20.77,36.36
2019-07-09,Tirunelveli,8.7139,77.7567,Dryland,25.83,30.04,23.28,81.33,2.69,7.64,17.32,36.38
2019-07-10,Tirunelveli,8.7139,77.7567,Dryland,25.52,29.8,22.31,79.96,3.61,0.68,16.46,36.39
2019-07-11,Tirunelveli,8.7139,77.7567,Dryland,26.82,33.09,22.51,74.31,3.09,0.03,18.03,36.4
2019-07-12,Tirunelveli,8.7139,77.7567,Dryland,27.35,33.99,22.63,72.4,2.51,0.7,21.15,36.42
2019-07-13,Tirunelveli,8.7139,77.7567,Dryland,26.7,31.5,23.39,80.28,2.81,1.33,19.67,36.43
2019-07-14,Tirunelveli,8.7139,77.7567,Dryland,26.67,30.65,24.12,81.33,3.11,1.27,20.29,36.45
2019-07-15,Tirunelveli,8.7139,77.7567,Dryland,25.31,28.34,23.13,82.86,3.97,1.93,17.43,36.47
2019-07-16,Tirunelveli,8.7139,77.7567,Dryland,26.39,31.51,22.95,76.21,5.13,0.8,19.57,36.48
2019-07-17,Tirunelveli,8.7139,77.7567,Dryland,26.2,30.54,23.78,75.82,5.64,1.08,14.91,36.5
2019-07-18,Tirunelveli,8.7139,77.7567,Dryland,25.5,29.44,22.98,80.81,5.61,5.52,15.47,36.52
2019-07-19,Tirunelveli,8.7139,77.7567,Dryland,25.35,28.36,23.43,81.89,6.74,9.5,15.07,36.54
2019-07-20,Tirunelveli,8.7139,77.7567,Dryland,25.02,28.25,23.2,83.96,5.18,2.39,14.25,36.56
2019-07-21,Tirunelveli,8.7139,77.7567,Dryland,25.85,29.86,23.1,80.43,5.17,2.47,15.87,36.57
2019-07-22,Tirunelveli,8.7139,77.7567,Dryland,25.23,28.08,23.04,83.08,4.78,0.78,14.36,36.59
2019-07-23,Tirunelveli,8.7139,77.7567,Dryland,25.63,30.83,21.69,78.68,4.36,0.92,17.86,36.62
2019-07-24,Tirunelveli,8.7139,77.7567,Dryland,25.79,30.3,22.83,81.51,4.01,0.48,20.47,36.64
2019-07-25,Tirunelveli,8.7139,77.7567,Dryland,26.29,32.01,23.51,79.73,3.84,0.28,19.51,36.66
2019-07-26,Tirunelveli,8.7139,77.7567,Dryland,25.59,29.89,22.7,79.99,3.44,0.32,18.8,36.68
2019-07-27,Tirunelveli,8.7139,77.7567,Dryland,26.18,31.84,22.74,78.32,3.49,0.03,16.48,36.7
2019-07-28,Tirunelveli,8.7139,77.7567,Dryland,26.3,31.62,23.04,79.44,3.84,0.03,20.54,36.72
2019-07-29,Tirunelveli,8.7139,77.7567,Dryland,26.64,32.41,23.33,77.96,3.86,0.06,19.14,36.74
2019-07-30,Tirunelveli,8.7139,77.7567,Dryland,26.96,33.59,23.33,75.01,3.43,0.02,21.43,36.76
2019-07-31,Tirunelveli,8.7139,77.7567,Dryland,26.44,31.07,23.48,79.15,3.11,0.02,21.35,36.78
2019-08-01,Tirunelveli,8.7139,77.7567,Dryland,27.02,32.9,23.42,77.25,3.7,0.03,20.25,36.8
2019-08-02,Tirunelveli,8.7139,77.7567,Dryland,26.61,30.22,24.3,80.82,3.53,0.1,19.65,36.83
2019-08-03,Tirunelveli,8.7139,77.7567,Dryland,26.65,30.68,23.94,80.49,3.4,0.72,17.61,36.85
2019-08-04,Tirunelveli,8.7139,77.7567,Dryland,26.61,30.99,24.3,80.75,3.74,1.76,15.69,36.87
2019-08-05,Tirunelveli,8.7139,77.7567,Dryland,26.29,30.08,23.62,80.04,4.08,1.53,12.53,36.89
2019-08-06,Tirunelveli,8.7139,77.7567,Dryland,26.27,29.9,23.53,83.74,4.05,3.83,18.8,36.91
2019-08-07,Tirunelveli,8.7139,77.7567,Dryland,26.3,29.49,24.31,84.79,4.55,14.34,8.08,36.93
2019-08-08,Tirunelveli,8.7139,77.7567,Dryland,25.87,29.04,24.0,83.44,5.35,12.09,9.02,36.95
2019-08-09,Tirunelveli,8.7139,77.7567,Dryland,25.33,29.25,23.49,85.03,4.18,26.32,11.02,36.97
2019-08-10,Tirunelveli,8.7139,77.7567,Dryland,24.78,27.25,23.09,87.47,4.03,6.72,13.22,36.99
2019-08-11,Tirunelveli,8.7139,77.7567,Dryland,24.89,28.01,22.82,84.65,4.79,4.64,16.96,37.01
2019-08-12,Tirunelveli,8.7139,77.7567,Dryland,25.67,30.31,22.63,79.14,5.45,0.49,15.7,37.02
2019-08-13,Tirunelveli,8.7139,77.7567,Dryland,25.73,29.18,23.15,83.13,4.73,5.66,15.43,37.04
2019-08-14,Tirunelveli,8.7139,77.7567,Dryland,25.26,28.95,22.84,83.97,5.13,2.43,16.59,37.06
2019-08-15,Tirunelveli,8.7139,77.7567,Dryland,26.2,30.92,23.45,80.86,4.1,0.29,20.02,37.07
2019-08-16,Tirunelveli,8.7139,77.7567,Dryland,26.13,31.18,22.47,75.3,3.78,0.2,17.54,37.09
2019-08-17,Tirunelveli,8.7139,77.7567,Dryland,24.79,28.3,22.4,81.8,2.54,4.05,15.17,37.1
2019-08-18,Tirunelveli,8.7139,77.7567,Dryland,25.39,29.79,22.63,81.57,2.98,4.17,15.79,37.11
2019-08-19,Tirunelveli,8.7139,77.7567,Dryland,25.55,30.45,22.55,82.64,2.89,0.73,20.07,37.13
2019-08-20,Tirunelveli,8.7139,77.7567,Dryland,26.1,29.88,23.39,82.07,3.48,1.25,21.52,37.14
2019-08-21,Tirunelveli,8.7139,77.7567,Dryland,25.85,29.51,23.76,83.28,4.2,2.25,17.93,37.15
2019-08-22,Tirunelveli,8.7139,77.7567,Dryland,25.45,30.01,22.94,81.47,4.24,4.46,11.0,37.16
2019-08-23,Tirunelveli,8.7139,77.7567,Dryland,24.77,29.52,22.53,81.96,3.2,2.26,16.0,37.16
2019-08-24,Tirunelveli,8.7139,77.7567,Dryland,25.57,30.22,22.67,77.62,3.31,0.54,17.05,37.17
2019-08-25,Tirunelveli,8.7139,77.7567,Dryland,25.38,30.42,23.06,79.47,4.0,1.16,17.24,37.18
2019-08-26,Tirunelveli,8.7139,77.7567,Dryland,25.04,28.42,22.7,82.53,4.63,5.22,16.79,37.18
2019-08-27,Tirunelveli,8.7139,77.7567,Dryland,25.61,29.94,22.91,81.43,4.73,3.42,17.78,37.18
2019-08-28,Tirunelveli,8.7139,77.7567,Dryland,25.53,29.7,23.43,82.57,4.06,1.57,19.68,37.19
2019-08-29,Tirunelveli,8.7139,77.7567,Dryland,25.06,28.33,23.07,83.85,3.9,10.19,20.52,37.19
2019-08-30,Tirunelveli,8.7139,77.7567,Dryland,25.84,30.87,22.15,78.58,4.3,2.26,19.56,37.19
2019-08-31,Tirunelveli,8.7139,77.7567,Dryland,26.18,30.07,23.67,81.32,3.97,1.91,19.21,37.19
2019-09-01,Tirunelveli,8.7139,77.7567,Dryland,25.65,28.45,23.99,85.99,3.56,7.8,19.78,37.18
2019-09-02,Tirunelveli,8.7139,77.7567,Dryland,25.82,29.39,23.82,85.26,3.68,13.12,16.14,37.18
2019-09-03,Tirunelveli,8.7139,77.7567,Dryland,25.43,28.19,23.79,87.09,3.39,3.22,17.24,37.18
2019-09-04,Tirunelveli,8.7139,77.7567,Dryland,25.7,29.27,23.52,85.04,3.72,4.62,14.78,37.17
2019-09-05,Tirunelveli,8.7139,77.7567,Dryland,25.83,29.0,23.85,85.82,3.6,10.73,18.17,37.16
2019-09-06,Tirunelveli,8.7139,77.7567,Dryland,26.17,29.31,24.16,85.97,4.06,5.69,16.6,37.15
2019-09-07,Tirunelveli,8.7139,77.7567,Dryland,26.0,29.44,23.88,86.96,3.8,1.14,21.46,37.14
2019-09-08,Tirunelveli,8.7139,77.7567,Dryland,25.85,29.89,22.85,82.95,3.77,0.28,25.04,37.13
2019-09-09,Tirunelveli,8.7139,77.7567,Dryland,25.92,31.44,21.82,79.05,4.01,0.14,24.21,37.11
2019-09-10,Tirunelveli,8.7139,77.7567,Dryland,26.04,30.9,23.01,84.47,3.29,0.5,22.69,37.1
2019-09-11,Tirunelveli,8.7139,77.7567,Dryland,26.03,29.76,23.23,85.74,3.05,1.44,18.32,37.08
2019-09-12,Tirunelveli,8.7139,77.7567,Dryland,25.91,30.25,23.66,84.16,2.37,1.39,16.45,37.06
2019-09-13,Tirunelveli,8.7139,77.7567,Dryland,25.82,31.03,22.65,81.48,2.54,2.54,16.96,37.04
2019-09-14,Tirunelveli,8.7139,77.7567,Dryland,25.84,30.53,22.22,84.62,2.41,1.04,20.07,37.02
2019-09-15,Tirunelveli,8.7139,77.7567,Dryland,26.36,31.64,22.97,81.14,2.59,1.93,18.94,36.99
2019-09-16,Tirunelveli,8.7139,77.7567,Dryland,25.76,30.1,23.8,84.56,3.31,4.09,13.74,36.97
2019-09-17,Tirunelveli,8.7139,77.7567,Dryland,26.31,31.76,23.36,80.81,3.46,0.88,19.91,36.94
2019-09-18,Tirunelveli,8.7139,77.7567,Dryland,26.28,30.33,24.19,83.6,3.54,3.38,17.23,36.91
2019-09-19,Tirunelveli,8.7139,77.7567,Dryland,25.94,29.79,23.9,83.85,3.49,1.8,17.93,36.88
2019-09-20,Tirunelveli,8.7139,77.7567,Dryland,26.02,30.74,22.88,81.7,2.26,1.85,20.78,36.85
2019-09-21,Tirunelveli,8.7139,77.7567,Dryland,25.9,30.53,23.42,78.52,2.36,0.1,22.29,36.82
2019-09-22,Tirunelveli,8.7139,77.7567,Dryland,26.57,31.71,22.98,81.76,2.81,18.57,18.99,36.78
2019-09-23,Tirunelveli,8.7139,77.7567,Dryland,25.64,29.02,23.6,89.17,2.58,19.27,18.5,36.74
2019-09-24,Tirunelveli,8.7139,77.7567,Dryland,24.86,27.9,22.92,87.42,2.92,14.3,16.18,36.7
2019-09-25,Tirunelveli,8.7139,77.7567,Dryland,24.98,28.2,23.12,88.48,2.23,9.96,17.16,36.66
2019-09-26,Tirunelveli,8.7139,77.7567,Dryland,24.66,27.24,22.96,88.04,1.87,13.26,18.87,36.62
2019-09-27,Tirunelveli,8.7139,77.7567,Dryland,25.4,28.71,22.08,81.38,0.74,0.65,21.02,36.58
2019-09-28,Tirunelveli,8.7139,77.7567,Dryland,25.92,30.15,22.24,81.49,1.22,1.71,18.99,36.53
2019-09-29,Tirunelveli,8.7139,77.7567,Dryland,25.13,27.76,23.1,83.94,1.3,12.33,16.12,36.48
2019-09-30,Tirunelveli,8.7139,77.7567,Dryland,24.58,27.83,22.06,85.52,1.47,3.37,15.79,36.43
2019-10-01,Tirunelveli,8.7139,77.7567,Dryland,25.23,29.65,21.91,83.22,1.65,0.9,20.93,36.38
2019-10-02,Tirunelveli,8.7139,77.7567,Dryland,26.22,30.53,22.45,80.68,0.81,0.99,21.69,36.33
2019-10-03,Tirunelveli,8.7139,77.7567,Dryland,26.09,30.26,23.39,84.74,1.29,5.04,17.33,36.28
2019-10-04,Tirunelveli,8.7139,77.7567,Dryland,25.1,28.57,22.46,86.49,2.02,1.32,17.3,36.23
2019-10-05,Tirunelveli,8.7139,77.7567,Dryland,25.83,29.87,23.14,83.52,1.69,0.43,18.0,36.17
2019-10-06,Tirunelveli,8.7139,77.7567,Dryland,25.78,29.75,23.12,82.03,1.53,0.22,18.5,36.11
2019-10-07,Tirunelveli,8.7139,77.7567,Dryland,25.66,29.39,23.16,83.98,2.01,2.41,16.9,36.05
2019-10-08,Tirunelveli,8.7139,77.7567,Dryland,25.59,29.33,23.32,86.48,2.05,2.28,19.25,36.0
2019-10-09,Tirunelveli,8.7139,77.7567,Dryland,25.53,28.66,23.28,87.57,1.57,0.77,18.52,35.93
2019-10-10,Tirunelveli,8.7139,77.7567,Dryland,25.73,29.2,23.33,84.9,1.33,0.56,16.98,35.87
2019-10-11,Tirunelveli,8.7139,77.7567,Dryland,25.25,28.4,23.19,85.79,0.94,9.49,18.67,35.81
2019-10-12,Tirunelveli,8.7139,77.7567,Dryland,25.43,29.07,22.44,83.37,0.94,5.16,16.72,35.74
2019-10-13,Tirunelveli,8.7139,77.7567,Dryland,26.11,30.63,22.93,82.75,0.7,5.88,16.09,35.67
2019-10-14,Tirunelveli,8.7139,77.7567,Dryland,25.91,29.62,22.6,85.86,1.25,15.45,18.55,35.61
2019-10-15,Tirunelveli,8.7139,77.7567,Dryland,25.57,28.59,23.38,87.94,1.71,16.18,14.0,35.54
2019-10-16,Tirunelveli,8.7139,77.7567,Dryland,24.82,27.27,23.06,87.95,0.86,13.39,10.09,35.47
2019-10-17,Tirunelveli,8.7139,77.7567,Dryland,24.43,27.64,22.36,88.18,1.03,23.58,17.28,35.4
2019-10-18,Tirunelveli,8.7139,77.7567,Dryland,24.79,27.66,22.96,89.02,1.26,8.43,15.37,35.32
2019-10-19,Tirunelveli,8.7139,77.7567,Dryland,24.84,28.11,22.08,88.54,1.12,22.56,19.36,35.25
2019-10-20,Tirunelveli,8.7139,77.7567,Dryland,24.96,27.39,22.61,89.14,1.1,34.97,14.33,35.17
2019-10-21,Tirunelveli,8.7139,77.7567,Dryland,24.21,25.77,22.51,94.72,2.03,37.73,11.28,35.1
2019-10-22,Tirunelveli,8.7139,77.7567,Dryland,24.22,27.21,21.99,89.92,1.8,1.01,14.87,35.02
2019-10-23,Tirunelveli,8.7139,77.7567,Dryland,24.73,28.65,22.07,88.23,2.66,6.1,17.9,34.94
2019-10-24,Tirunelveli,8.7139,77.7567,Dryland,23.94,26.14,22.52,90.22,2.39,2.5,8.64,34.87
2019-10-25,Tirunelveli,8.7139,77.7567,Dryland,24.66,28.01,22.29,86.71,2.21,3.69,17.1,34.79
2019-10-26,Tirunelveli,8.7139,77.7567,Dryland,24.27,27.3,22.02,85.1,1.72,1.33,14.67,34.71
2019-10-27,Tirunelveli,8.7139,77.7567,Dryland,23.96,27.54,21.22,83.8,1.24,4.6,11.86,34.63
2019-10-28,Tirunelveli,8.7139,77.7567,Dryland,23.89,27.16,21.38,85.82,2.09,4.45,10.99,34.55
2019-10-29,Tirunelveli,8.7139,77.7567,Dryland,24.05,26.66,21.28,90.42,3.03,39.92,13.12,34.47
2019-10-30,Tirunelveli,8.7139,77.7567,Dryland,24.36,26.2,22.87,93.28,2.57,37.5,7.24,34.39
2019-10-31,Tirunelveli,8.7139,77.7567,Dryland,24.46,26.32,22.87,94.07,2.47,20.2,8.64,34.31
2019-11-01,Tirunelveli,8.7139,77.7567,Dryland,25.45,29.44,22.04,82.98,0.66,0.1,21.98,34.23
2019-11-02,Tirunelveli,8.7139,77.7567,Dryland,25.57,28.16,22.93,84.2,0.95,3.53,19.77,34.15
2019-11-03,Tirunelveli,8.7139,77.7567,Dryland,24.88,27.11,22.29,85.49,0.97,24.22,16.7,34.07
2019-11-04,Tirunelveli,8.7139,77.7567,Dryland,25.09,28.99,21.44,82.83,1.2,1.98,17.86,33.99
2019-11-05,Tirunelveli,8.7139,77.7567,Dryland,24.89,27.85,22.26,88.34,0.97,0.78,18.88,33.91
2019-11-06,Tirunelveli,8.7139,77.7567,Dryland,25.24,29.18,22.18,88.17,1.75,0.41,21.0,33.83
2019-11-07,Tirunelveli,8.7139,77.7567,Dryland,25.59,29.18,22.75,87.76,1.75,1.24,20.41,33.75
2019-11-08,Tirunelveli,8.7139,77.7567,Dryland,25.53,28.53,23.16,89.2,1.68,0.9,19.1,33.67
2019-11-09,Tirunelveli,8.7139,77.7567,Dryland,25.82,29.41,23.28,87.29,1.12,0.28,17.75,33.59
2019-11-10,Tirunelveli,8.7139,77.7567,Dryland,25.65,29.27,23.31,86.95,1.16,2.55,19.73,33.51
2019-11-11,Tirunelveli,8.7139,77.7567,Dryland,25.06,28.15,22.63,88.33,1.09,2.46,19.14,33.44
2019-11-12,Tirunelveli,8.7139,77.7567,Dryland,24.57,27.45,22.54,88.68,1.52,0.92,17.37,33.36
2019-11-13,Tirunelveli,8.7139,77.7567,Dryland,24.93,28.68,21.69,89.48,2.61,0.49,17.81,33.28
2019-11-14,Tirunelveli,8.7139,77.7567,Dryland,25.16,28.95,21.87,89.21,2.13,3.83,17.22,33.21
2019-11-15,Tirunelveli,8.7139,77.7567,Dryland,25.3,28.89,22.61,89.19,1.93,16.49,18.5,33.13
2019-11-16,Tirunelveli,8.7139,77.7567,Dryland,25.13,28.73,22.59,89.6,1.84,44.2,16.39,33.06
2019-11-17,Tirunelveli,8.7139,77.7567,Dryland,25.34,28.62,22.63,90.36,2.07,5.87,17.89,32.98
2019-11-18,Tirunelveli,8.7139,77.7567,Dryland,25.78,29.41,22.96,89.42,1.87,4.78,18.07,32.91
2019-11-19,Tirunelveli,8.7139,77.7567,Dryland,25.42,28.73,22.99,89.05,1.93,2.04,13.74,32.84
2019-11-20,Tirunelveli,8.7139,77.7567,Dryland,24.94,27.88,22.8,90.81,1.88,6.24,16.42,32.77
2019-11-21,Tirunelveli,8.7139,77.7567,Dryland,24.99,28.67,22.17,89.69,2.37,5.3,16.51,32.7
2019-11-22,Tirunelveli,8.7139,77.7567,Dryland,24.42,27.68,22.09,92.1,1.79,19.97,14.22,32.63
2019-11-23,Tirunelveli,8.7139,77.7567,Dryland,24.71,27.49,23.03,90.75,2.98,4.04,17.08,32.57
2019-11-24,Tirunelveli,8.7139,77.7567,Dryland,24.83,28.4,22.01,90.59,2.45,4.95,14.62,32.5
2019-11-25,Tirunelveli,8.7139,77.7567,Dryland,24.67,27.29,22.1,91.66,2.53,4.3,12.87,32.44
2019-11-26,Tirunelveli,8.7139,77.7567,Dryland,24.87,28.18,22.53,90.03,3.24,1.92,15.97,32.38
2019-11-27,Tirunelveli,8.7139,77.7567,Dryland,25.07,28.67,22.09,89.43,2.47,1.76,18.28,32.32
2019-11-28,Tirunelveli,8.7139,77.7567,Dryland,25.46,28.3,23.5,90.57,2.43,2.27,16.4,32.26
2019-11-29,Tirunelveli,8.7139,77.7567,Dryland,25.08,27.71,22.9,92.88,2.42,39.06,12.39,32.21
2019-11-30,Tirunelveli,8.7139,77.7567,Dryland,24.45,26.18,23.32,94.88,2.79,61.84,7.13,32.16
2019-12-01,Tirunelveli,8.7139,77.7567,Dryland,24.57,26.17,23.39,95.76,1.84,6.15,11.35,32.11
2019-12-02,Tirunelveli,8.7139,77.7567,Dryland,24.64,27.6,22.65,91.47,1.93,5.4,14.94,32.06
2019-12-03,Tirunelveli,8.7139,77.7567,Dryland,24.51,27.86,22.13,89.87,2.33,3.32,9.88,32.01
2019-12-04,Tirunelveli,8.7139,77.7567,Dryland,24.67,27.58,22.26,89.41,3.13,3.31,13.98,31.97
2019-12-05,Tirunelveli,8.7139,77.7567,Dryland,24.02,26.49,22.06,91.35,3.5,5.64,8.11,31.93
2019-12-06,Tirunelveli,8.7139,77.7567,Dryland,23.3,25.32,21.6,91.42,4.16,3.31,12.09,31.89
2019-12-07,Tirunelveli,8.7139,77.7567,Dryland,24.39,27.92,22.18,90.58,3.14,4.54,14.53,31.85
2019-12-08,Tirunelveli,8.7139,77.7567,Dryland,23.82,27.35,21.05,89.8,2.74,0.38,16.87,31.82
2019-12-09,Tirunelveli,8.7139,77.7567,Dryland,23.52,26.95,19.81,89.15,2.66,0.0,19.61,31.78
2019-12-10,Tirunelveli,8.7139,77.7567,Dryland,23.8,27.42,20.8,87.9,2.43,0.82,18.27,31.76
2019-12-11,Tirunelveli,8.7139,77.7567,Dryland,23.75,27.53,20.43,88.78,2.16,0.18,13.24,31.73
2019-12-12,Tirunelveli,8.7139,77.7567,Dryland,23.98,27.6,20.74,89.98,2.18,0.22,15.4,31.7
2019-12-13,Tirunelveli,8.7139,77.7567,Dryland,24.43,28.13,21.52,90.97,2.33,0.85,17.21,31.68
2019-12-14,Tirunelveli,8.7139,77.7567,Dryland,24.53,27.22,22.61,91.35,2.74,4.02,10.45,31.66
2019-12-15,Tirunelveli,8.7139,77.7567,Dryland,24.17,27.47,22.07,88.38,3.4,1.09,15.19,31.65
2019-12-16,Tirunelveli,8.7139,77.7567,Dryland,23.69,27.58,20.03,89.69,2.52,0.04,17.55,31.63
2019-12-17,Tirunelveli,8.7139,77.7567,Dryland,24.09,27.98,20.92,90.15,3.32,0.38,12.15,31.62
2019-12-18,Tirunelveli,8.7139,77.7567,Dryland,24.33,27.59,21.4,89.4,3.92,0.51,14.27,31.61
2019-12-19,Tirunelveli,8.7139,77.7567,Dryland,24.63,27.89,22.33,89.19,3.98,0.4,13.16,31.61
2019-12-20,Tirunelveli,8.7139,77.7567,Dryland,24.32,27.44,22.21,91.63,3.23,30.62,5.15,31.6
2019-12-21,Tirunelveli,8.7139,77.7567,Dryland,23.64,25.58,22.01,93.13,2.71,6.97,12.45,31.6
2019-12-22,Tirunelveli,8.7139,77.7567,Dryland,24.42,28.35,21.52,89.74,2.68,0.24,17.75,31.61
2019-12-23,Tirunelveli,8.7139,77.7567,Dryland,24.09,27.58,21.16,89.6,2.38,0.03,16.37,31.61
2019-12-24,Tirunelveli,8.7139,77.7567,Dryland,23.23,25.44,20.62,92.35,2.2,0.06,15.26,31.62
2019-12-25,Tirunelveli,8.7139,77.7567,Dryland,24.97,28.97,22.11,90.72,2.42,2.62,14.01,31.63
2019-12-26,Tirunelveli,8.7139,77.7567,Dryland,24.27,28.16,21.37,89.27,2.49,0.17,17.87,31.65
2019-12-27,Tirunelveli,8.7139,77.7567,Dryland,23.77,27.8,20.77,89.34,2.48,0.0,19.02,31.66
2019-12-28,Tirunelveli,8.7139,77.7567,Dryland,22.87,27.2,19.47,88.14,2.16,0.0,20.89,31.68
2019-12-29,Tirunelveli,8.7139,77.7567,Dryland,23.66,28.05,19.32,88.63,2.51,0.0,16.36,31.71
2019-12-30,Tirunelveli,8.7139,77.7567,Dryland,23.85,27.71,20.84,89.31,2.46,0.0,19.24,31.73
2019-12-31,Tirunelveli,8.7139,77.7567,Dryland,23.95,28.38,20.52,88.5,1.98,0.0,17.57,31.76
2020-01-01,Tirunelveli,8.7139,77.7567,Dryland,24.55,29.02,20.22,88.69,1.61,0.01,17.89,31.79
2020-01-02,Tirunelveli,8.7139,77.7567,Dryland,24.97,28.99,22.04,89.12,2.08,0.06,17.44,31.83
2020-01-03,Tirunelveli,8.7139,77.7567,Dryland,25.21,29.15,22.44,88.27,2.09,0.04,17.83,31.86
2020-01-04,Tirunelveli,8.7139,77.7567,Dryland,25.24,29.42,21.67,89.03,1.4,8.13,18.67,31.9
2020-01-05,Tirunelveli,8.7139,77.7567,Dryland,24.97,28.66,22.27,88.58,1.72,2.4,16.63,31.94
2020-01-06,Tirunelveli,8.7139,77.7567,Dryland,24.57,28.41,21.74,89.19,2.77,0.04,19.41,31.99
2020-01-07,Tirunelveli,8.7139,77.7567,Dryland,24.09,28.18,20.85,89.4,2.61,2.79,18.2,32.04
2020-01-08,Tirunelveli,8.7139,77.7567,Dryland,24.03,28.17,21.27,87.17,2.47,1.09,18.64,32.09
2020-01-09,Tirunelveli,8.7139,77.7567,Dryland,23.42,28.25,19.58,85.36,2.17,0.0,19.97,32.14
2020-01-10,Tirunelveli,8.7139,77.7567,Dryland,22.49,27.74,17.71,85.61,2.42,0.0,20.14,32.19
2020-01-11,Tirunelveli,8.7139,77.7567,Dryland,22.41,27.54,17.82,85.21,2.55,0.0,21.46,32.25
2020-01-12,Tirunelveli,8.7139,77.7567,Dryland,22.23,27.96,17.29,83.97,2.44,0.0,21.19,32.3
2020-01-13,Tirunelveli,8.7139,77.7567,Dryland,22.8,28.24,17.95,83.56,1.87,0.0,17.85,32.36
2020-01-14,Tirunelveli,8.7139,77.7567,Dryland,22.79,28.37,18.04,83.55,1.85,0.0,20.52,32.42
2020-01-15,Tirunelveli,8.7139,77.7567,Dryland,22.3,27.76,17.6,82.28,2.12,0.0,20.25,32.49
2020-01-16,Tirunelveli,8.7139,77.7567,Dryland,22.73,28.59,17.31,80.79,1.83,0.0,20.26,32.55
2020-01-17,Tirunelveli,8.7139,77.7567,Dryland,23.68,29.47,18.7,85.96,2.13,0.12,19.38,32.62
2020-01-18,Tirunelveli,8.7139,77.7567,Dryland,24.73,29.75,20.89,85.58,2.3,0.12,15.79,32.69
2020-01-19,Tirunelveli,8.7139,77.7567,Dryland,24.96,29.36,21.56,85.25,3.15,1.81,12.75,32.76
2020-01-20,Tirunelveli,8.7139,77.7567,Dryland,24.22,29.79,19.89,82.95,2.69,0.15,20.06,32.83
2020-01-21,Tirunelveli,8.7139,77.7567,Dryland,24.16,29.71,19.24,80.86,2.85,0.0,21.64,32.91
2020-01-22,Tirunelveli,8.7139,77.7567,Dryland,24.79,30.03,21.08,81.61,3.92,0.0,20.03,32.98
2020-01-23,Tirunelveli,8.7139,77.7567,Dryland,24.88,29.23,22.15,84.1,3.53,0.0,17.61,33.06
2020-01-24,Tirunelveli,8.7139,77.7567,Dryland,24.76,30.23,21.12,80.69,3.55,0.0,20.6,33.14
2020-01-25,Tirunelveli,8.7139,77.7567,Dryland,24.2,30.78,18.67,79.03,2.34,0.0,23.09,33.22
2020-01-26,Tirunelveli,8.7139,77.7567,Dryland,23.79,30.75,18.2,75.51,2.19,0.0,22.81,33.3
2020-01-27,Tirunelveli,8.7139,77.7567,Dryland,24.0,31.19,17.83,73.59,1.71,0.0,21.74,33.38
2020-01-28,Tirunelveli,8.7139,77.7567,Dryland,24.14,31.44,18.28,74.26,1.79,0.0,21.49,33.46
2020-01-29,Tirunelveli,8.7139,77.7567,Dryland,24.33,31.61,18.42,76.59,1.94,0.0,22.07,33.55
2020-01-30,Tirunelveli,8.7139,77.7567,Dryland,24.94,32.57,18.5,74.11,1.8,0.0,23.54,33.64
2020-01-31,Tirunelveli,8.7139,77.7567,Dryland,24.77,31.97,18.71,75.3,2.26,0.0,23.27,33.72
2020-02-01,Tirunelveli,8.7139,77.7567,Dryland,24.82,31.85,19.17,75.41,2.35,0.0,20.97,33.81
2020-02-02,Tirunelveli,8.7139,77.7567,Dryland,25.46,31.25,21.15,71.44,2.9,0.0,21.27,33.9
2020-02-03,Tirunelveli,8.7139,77.7567,Dryland,25.33,31.86,19.75,71.77,2.58,0.0,20.63,33.98
2020-02-04,Tirunelveli,8.7139,77.7567,Dryland,25.29,32.0,19.34,73.96,2.37,0.0,19.57,34.07
2020-02-05,Tirunelveli,8.7139,77.7567,Dryland,26.34,32.7,21.61,74.24,2.03,0.01,18.33,34.16
2020-02-06,Tirunelveli,8.7139,77.7567,Dryland,26.07,33.1,20.5,72.48,1.97,0.0,18.75,34.25
2020-02-07,Tirunelveli,8.7139,77.7567,Dryland,26.49,33.64,20.4,72.3,1.57,0.06,17.71,34.34
2020-02-08,Tirunelveli,8.7139,77.7567,Dryland,27.14,33.67,21.93,71.33,1.16,0.1,19.3,34.43
2020-02-09,Tirunelveli,8.7139,77.7567,Dryland,27.04,33.15,22.75,67.48,2.31,0.01,20.42,34.52
2020-02-10,Tirunelveli,8.7139,77.7567,Dryland,26.24,32.62,21.08,69.42,3.26,0.0,21.57,34.6
2020-02-11,Tirunelveli,8.7139,77.7567,Dryland,26.18,32.64,21.08,69.47,3.61,0.0,21.21,34.69
2020-02-12,Tirunelveli,8.7139,77.7567,Dryland,26.62,33.29,20.72,71.65,3.7,0.03,20.47,34.78
2020-02-13,Tirunelveli,8.7139,77.7567,Dryland,26.85,33.26,22.28,71.39,3.11,0.03,18.86,34.87
2020-02-14,Tirunelveli,8.7139,77.7567,Dryland,26.03,33.97,19.41,67.65,2.11,0.02,20.2,34.95
2020-02-15,Tirunelveli,8.7139,77.7567,Dryland,26.79,34.83,20.64,70.21,1.79,1.7,21.78,35.04
2020-02-16,Tirunelveli,8.7139,77.7567,Dryland,26.56,34.68,20.48,66.92,2.5,0.0,23.51,35.13
2020-02-17,Tirunelveli,8.7139,77.7567,Dryland,26.69,34.58,21.22,65.32,2.85,0.0,24.48,35.21
2020-02-18,Tirunelveli,8.7139,77.7567,Dryland,25.55,33.05,19.56,64.95,2.95,0.0,25.18,35.3
2020-02-19,Tirunelveli,8.7139,77.7567,Dryland,25.49,33.64,19.74,64.89,2.86,0.0,24.94,35.38
2020-02-20,Tirunelveli,8.7139,77.7567,Dryland,25.39,32.97,19.51,69.25,3.25,0.0,22.31,35.46
2020-02-21,Tirunelveli,8.7139,77.7567,Dryland,26.09,32.64,20.57,75.08,3.57,3.14,18.16,35.54
2020-02-22,Tirunelveli,8.7139,77.7567,Dryland,26.62,31.99,23.43,75.25,4.96,3.78,14.33,35.63
2020-02-23,Tirunelveli,8.7139,77.7567,Dryland,26.73,33.25,22.14,70.73,4.11,0.02,20.36,35.71
2020-02-24,Tirunelveli,8.7139,77.7567,Dryland,26.48,32.75,22.32,70.74,3.36,0.0,20.85,35.79
2020-02-25,Tirunelveli,8.7139,77.7567,Dryland,27.06,33.97,21.6,70.99,2.08,0.0,22.46,35.86
2020-02-26,Tirunelveli,8.7139,77.7567,Dryland,26.97,34.69,21.11,68.84,2.5,0.0,23.06,35.94
2020-02-27,Tirunelveli,8.7139,77.7567,Dryland,27.27,35.1,20.32,66.06,2.89,0.0,24.3,36.02
2020-02-28,Tirunelveli,8.7139,77.7567,Dryland,27.77,34.41,22.78,65.19,2.77,0.0,20.14,36.09
2020-02-29,Tirunelveli,8.7139,77.7567,Dryland,27.15,34.11,21.48,64.04,2.12,0.0,18.56,36.17
2020-03-01,Tirunelveli,8.7139,77.7567,Dryland,27.81,34.82,21.88,60.22,2.1,0.0,22.76,36.24
2020-03-02,Tirunelveli,8.7139,77.7567,Dryland,28.21,36.08,22.12,61.18,1.56,0.46,23.69,36.31
2020-03-03,Tirunelveli,8.7139,77.7567,Dryland,28.86,35.97,22.94,60.79,1.49,0.36,18.07,36.38
2020-03-04,Tirunelveli,8.7139,77.7567,Dryland,29.35,36.31,24.91,65.22,1.43,0.56,18.62,36.45
2020-03-05,Tirunelveli,8.7139,77.7567,Dryland,27.26,30.93,25.05,72.84,1.29,0.28,17.38,36.52
2020-03-06,Tirunelveli,8.7139,77.7567,Dryland,29.04,35.94,23.76,64.75,2.06,0.16,20.07,36.59
2020-03-07,Tirunelveli,8.7139,77.7567,Dryland,28.74,35.94,23.79,62.25,2.23,0.05,23.34,36.65
2020-03-08,Tirunelveli,8.7139,77.7567,Dryland,28.81,36.9,22.39,62.95,1.64,0.0,22.45,36.71
2020-03-09,Tirunelveli,8.7139,77.7567,Dryland,29.67,37.62,23.57,61.47,2.02,0.02,21.66,36.77
2020-03-10,Tirunelveli,8.7139,77.7567,Dryland,29.42,37.38,24.51,54.07,2.42,0.04,23.5,36.83
2020-03-11,Tirunelveli,8.7139,77.7567,Dryland,28.92,36.79,24.13,61.59,2.16,0.03,25.03,36.89
2020-03-12,Tirunelveli,8.7139,77.7567,Dryland,29.11,37.37,23.07,60.86,2.03,0.01,24.19,36.94
2020-03-13,Tirunelveli,8.7139,77.7567,Dryland,28.86,37.01,22.71,57.93,2.32,0.0,24.48,36.99
2020-03-14,Tirunelveli,8.7139,77.7567,Dryland,29.47,37.72,23.78,58.19,2.22,0.0,24.51,37.04
2020-03-15,Tirunelveli,8.7139,77.7567,Dryland,29.44,37.66,23.31,57.41,2.31,0.0,22.72,37.09
2020-03-16,Tirunelveli,8.7139,77.7567,Dryland,29.54,37.51,23.88,61.92,3.51,0.01,23.2,37.14
2020-03-17,Tirunelveli,8.7139,77.7567,Dryland,29.37,36.28,24.45,61.52,3.87,0.0,20.08,37.18
2020-03-18,Tirunelveli,8.7139,77.7567,Dryland,28.53,32.73,25.08,68.11,2.72,0.06,21.33,37.23
2020-03-19,Tirunelveli,8.7139,77.7567,Dryland,29.69,36.75,24.4,59.61,2.42,0.14,19.96,37.27
2020-03-20,Tirunelveli,8.7139,77.7567,Dryland,30.0,37.28,24.89,57.34,1.85,0.02,21.47,37.31
2020-03-21,Tirunelveli,8.7139,77.7567,Dryland,29.66,37.28,24.7,63.09,1.91,0.97,21.11,37.35
2020-03-22,Tirunelveli,8.7139,77.7567,Dryland,30.28,38.5,24.62,60.69,1.6,1.53,22.71,37.38
2020-03-23,Tirunelveli,8.7139,77.7567,Dryland,29.97,37.21,25.14,61.55,1.64,0.89,21.35,37.42
2020-03-24,Tirunelveli,8.7139,77.7567,Dryland,29.72,37.04,23.65,56.62,1.89,0.05,21.05,37.45
2020-03-25,Tirunelveli,8.7139,77.7567,Dryland,29.42,36.29,24.49,57.94,2.0,0.75,22.51,37.48
2020-03-26,Tirunelveli,8.7139,77.7567,Dryland,29.18,36.75,23.68,57.67,2.79,0.2,20.9,37.51
2020-03-27,Tirunelveli,8.7139,77.7567,Dryland,29.35,37.02,23.87,59.15,3.07,0.0,23.0,37.53
2020-03-28,Tirunelveli,8.7139,77.7567,Dryland,29.63,38.12,22.96,55.7,2.27,0.0,23.77,37.56
2020-03-29,Tirunelveli,8.7139,77.7567,Dryland,29.76,38.18,23.03,57.58,1.88,0.01,23.34,37.58
2020-03-30,Tirunelveli,8.7139,77.7567,Dryland,30.07,38.71,23.1,56.96,1.93,0.81,23.79,37.6
2020-03-31,Tirunelveli,8.7139,77.7567,Dryland,29.66,38.15,22.67,54.51,2.05,0.1,24.23,37.62
2020-04-01,Tirunelveli,8.7139,77.7567,Dryland,29.14,37.71,22.21,53.03,2.73,0.0,26.06,37.64
2020-04-02,Tirunelveli,8.7139,77.7567,Dryland,29.49,38.05,23.09,56.39,2.42,0.0,24.59,37.66
2020-04-03,Tirunelveli,8.7139,77.7567,Dryland,29.63,38.14,23.26,59.17,1.93,0.03,23.75,37.67
2020-04-04,Tirunelveli,8.7139,77.7567,Dryland,30.3,38.48,23.05,59.25,1.86,0.07,23.61,37.69
2020-04-05,Tirunelveli,8.7139,77.7567,Dryland,29.71,34.61,26.15,63.17,1.01,4.06,17.28,37.7
2020-04-06,Tirunelveli,8.7139,77.7567,Dryland,29.42,35.52,25.58,68.09,1.61,1.76,22.47,37.7
2020-04-07,Tirunelveli,8.7139,77.7567,Dryland,28.31,31.65,25.82,69.89,1.57,0.38,20.24,37.71
2020-04-08,Tirunelveli,8.7139,77.7567,Dryland,28.87,34.09,24.47,67.3,1.58,0.78,21.98,37.72
2020-04-09,Tirunelveli,8.7139,77.7567,Dryland,29.86,36.16,24.44,63.63,1.27,0.66,22.2,37.72
2020-04-10,Tirunelveli,8.7139,77.7567,Dryland,29.49,35.79,25.11,65.89,1.65,4.25,24.09,37.72
2020-04-11,Tirunelveli,8.7139,77.7567,Dryland,28.41,34.62,24.06,70.83,1.87,4.32,22.94,37.72
2020-04-12,Tirunelveli,8.7139,77.7567,Dryland,29.54,36.5,24.85,64.64,2.35,0.29,23.25,37.72
2020-04-13,Tirunelveli,8.7139,77.7567,Dryland,29.77,37.25,23.97,63.2,1.98,0.06,23.74,37.71
2020-04-14,Tirunelveli,8.7139,77.7567,Dryland,29.9,37.45,23.58,62.35,1.8,0.97,22.27,37.71
2020-04-15,Tirunelveli,8.7139,77.7567,Dryland,29.87,37.61,23.8,63.63,1.79,0.48,22.92,37.7
2020-04-16,Tirunelveli,8.7139,77.7567,Dryland,30.12,37.81,24.16,61.76,1.78,2.6,22.28,37.69
2020-04-17,Tirunelveli,8.7139,77.7567,Dryland,30.04,37.27,25.44,63.87,1.68,1.35,23.48,37.69
2020-04-18,Tirunelveli,8.7139,77.7567,Dryland,30.22,36.91,25.45,62.43,2.09,0.07,22.77,37.68
2020-04-19,Tirunelveli,8.7139,77.7567,Dryland,30.31,37.04,25.28,61.89,1.47,1.59,19.74,37.66
2020-04-20,Tirunelveli,8.7139,77.7567,Dryland,29.12,33.93,25.31,66.15,1.96,0.98,20.02,37.65
2020-04-21,Tirunelveli,8.7139,77.7567,Dryland,30.18,36.76,25.33,63.94,1.97,1.42,21.57,37.64
2020-04-22,Tirunelveli,8.7139,77.7567,Dryland,30.74,38.12,24.67,62.19,1.75,0.87,20.25,37.62
2020-04-23,Tirunelveli,8.7139,77.7567,Dryland,30.72,36.97,26.26,63.81,2.22,1.12,20.7,37.6
2020-04-24,Tirunelveli,8.7139,77.7567,Dryland,30.06,35.37,26.62,63.74,2.86,0.78,18.56,37.59
2020-04-25,Tirunelveli,8.7139,77.7567,Dryland,30.26,35.94,26.46,63.79,2.29,0.9,23.38,37.57
2020-04-26,Tirunelveli,8.7139,77.7567,Dryland,29.79,33.8,26.65,66.41,0.91,0.92,19.52,37.55
2020-04-27,Tirunelveli,8.7139,77.7567,Dryland,30.29,35.35,26.07,65.64,1.17,0.39,23.99,37.53
2020-04-28,Tirunelveli,8.7139,77.7567,Dryland,29.46,34.14,26.39,66.71,1.51,4.13,19.73,37.51
2020-04-29,Tirunelveli,8.7139,77.7567,Dryland,28.23,33.53,25.18,74.3,2.55,6.14,18.85,37.49
2020-04-30,Tirunelveli,8.7139,77.7567,Dryland,29.24,34.77,24.87,67.98,1.21,0.37,19.37,37.46
2020-05-01,Tirunelveli,8.7139,77.7567,Dryland,30.25,37.02,25.06,64.42,2.04,0.07,23.64,37.44
2020-05-02,Tirunelveli,8.7139,77.7567,Dryland,31.2,38.34,25.36,61.7,1.5,0.22,22.98,37.42
2020-05-03,Tirunelveli,8.7139,77.7567,Dryland,30.41,35.88,26.51,65.89,1.17,1.11,22.42,37.39
2020-05-04,Tirunelveli,8.7139,77.7567,Dryland,29.87,34.95,25.87,68.36,1.12,1.21,21.3,37.37
2020-05-05,Tirunelveli,8.7139,77.7567,Dryland,29.22,33.14,26.47,70.19,1.44,1.43,21.02,37.34
2020-05-06,Tirunelveli,8.7139,77.7567,Dryland,27.91,31.06,25.23,77.6,1.88,2.41,18.18,37.31
2020-05-07,Tirunelveli,8.7139,77.7567,Dryland,28.72,34.44,24.42,71.64,2.05,2.99,17.51,37.28
2020-05-08,Tirunelveli,8.7139,77.7567,Dryland,27.28,30.36,25.38,83.09,1.42,13.12,16.78,37.26
2020-05-09,Tirunelveli,8.7139,77.7567,Dryland,27.41,30.42,25.14,83.66,0.99,8.39,19.54,37.23
2020-05-10,Tirunelveli,8.7139,77.7567,Dryland,28.47,33.28,24.94,78.73,0.86,6.3,18.53,37.2
2020-05-11,Tirunelveli,8.7139,77.7567,Dryland,27.2,29.6,25.43,85.36,0.99,7.67,13.98,37.17
2020-05-12,Tirunelveli,8.7139,77.7567,Dryland,29.06,35.71,24.47,71.32,1.25,3.32,16.16,37.14
2020-05-13,Tirunelveli,8.7139,77.7567,Dryland,29.04,34.24,25.59,70.11,0.85,6.31,13.87,37.11
2020-05-14,Tirunelveli,8.7139,77.7567,Dryland,28.84,33.61,25.01,73.61,1.35,0.61,21.17,37.08
2020-05-15,Tirunelveli,8.7139,77.7567,Dryland,27.19,30.16,25.48,85.14,3.18,5.21,18.52,37.05
2020-05-16,Tirunelveli,8.7139,77.7567,Dryland,27.68,32.12,25.31,78.27,3.33,1.35,13.06,37.02
2020-05-17,Tirunelveli,8.7139,77.7567,Dryland,27.77,31.78,24.96,79.31,4.73,0.61,16.17,36.99
2020-05-18,Tirunelveli,8.7139,77.7567,Dryland,26.52,28.98,25.08,82.29,4.98,6.5,10.79,36.96
2020-05-19,Tirunelveli,8.7139,77.7567,Dryland,27.04,29.36,24.84,83.29,5.26,1.13,15.61,36.93
2020-05-20,Tirunelveli,8.7139,77.7567,Dryland,28.47,33.08,25.68,75.45,5.29,1.69,20.58,36.9
2020-05-21,Tirunelveli,8.7139,77.7567,Dryland,26.97,31.08,24.74,77.47,3.94,9.38,12.86,36.87
2020-05-22,Tirunelveli,8.7139,77.7567,Dryland,27.44,32.53,24.51,74.6,3.99,10.41,21.92,36.85
2020-05-23,Tirunelveli,8.7139,77.7567,Dryland,27.91,33.06,24.15,80.2,3.82,0.17,22.23,36.82
2020-05-24,Tirunelveli,8.7139,77.7567,Dryland,28.01,31.98,25.85,82.17,4.79,0.36,20.79,36.79
2020-05-25,Tirunelveli,8.7139,77.7567,Dryland,27.55,30.58,25.69,82.03,3.73,0.8,18.45,36.76
2020-05-26,Tirunelveli,8.7139,77.7567,Dryland,27.62,32.09,24.95,82.22,3.18,1.35,20.66,36.74
2020-05-27,Tirunelveli,8.7139,77.7567,Dryland,28.22,33.45,24.84,79.04,3.26,0.33,18.47,36.71
2020-05-28,Tirunelveli,8.7139,77.7567,Dryland,27.23,29.86,25.12,85.61,3.23,13.08,17.36,36.68
2020-05-29,Tirunelveli,8.7139,77.7567,Dryland,27.08,31.91,24.29,80.87,2.86,8.82,13.16,36.66
2020-05-30,Tirunelveli,8.7139,77.7567,Dryland,26.91,31.5,24.0,81.27,2.72,3.49,20.8,36.63
2020-05-31,Tirunelveli,8.7139,77.7567,Dryland,26.8,30.45,24.34,83.54,3.39,5.76,22.69,36.61
2020-06-01,Tirunelveli,8.7139,77.7567,Dryland,26.73,30.47,24.38,83.29,2.99,11.14,19.51,36.59
2020-06-02,Tirunelveli,8.7139,77.7567,Dryland,26.22,29.13,24.31,84.38,3.43,11.99,17.87,36.56
2020-06-03,Tirunelveli,8.7139,77.7567,Dryland,26.1,29.35,24.29,83.69,3.04,4.92,20.09,36.54
2020-06-04,Tirunelveli,8.7139,77.7567,Dryland,27.05,31.67,24.05,79.72,3.58,3.27,18.84,36.52
2020-06-05,Tirunelveli,8.7139,77.7567,Dryland,26.65,29.99,24.5,85.08,3.79,10.27,16.45,36.5
2020-06-06,Tirunelveli,8.7139,77.7567,Dryland,26.32,30.12,23.9,80.64,4.5,6.29,17.96,36.48
2020-06-07,Tirunelveli,8.7139,77.7567,Dryland,24.94,27.6,23.56,86.73,3.62,7.17,13.14,36.46
2020-06-08,Tirunelveli,8.7139,77.7567,Dryland,26.9,32.26,24.05,80.38,4.05,0.79,20.12,36.44
2020-06-09,Tirunelveli,8.7139,77.7567,Dryland,26.73,31.23,24.09,82.35,4.2,0.21,22.01,36.43
2020-06-10,Tirunelveli,8.7139,77.7567,Dryland,26.54,30.59,23.62,84.12,4.3,0.48,18.52,36.41
2020-06-11,Tirunelveli,8.7139,77.7567,Dryland,26.25,29.79,23.86,75.69,4.19,0.49,13.12,36.39
2020-06-12,Tirunelveli,8.7139,77.7567,Dryland,25.96,29.06,24.04,82.12,3.65,1.22,20.98,36.38
2020-06-13,Tirunelveli,8.7139,77.7567,Dryland,26.21,29.66,23.86,84.68,3.54,3.07,21.37,36.37
2020-06-14,Tirunelveli,8.7139,77.7567,Dryland,26.58,30.2,24.31,81.2,4.89,0.14,20.21,36.35
2020-06-15,Tirunelveli,8.7139,77.7567,Dryland,27.08,30.53,24.52,82.43,4.2,0.29,22.61,36.34
2020-06-16,Tirunelveli,8.7139,77.7567,Dryland,26.56,29.07,24.86,86.42,3.63,0.64,22.71,36.33
2020-06-17,Tirunelveli,8.7139,77.7567,Dryland,26.37,29.3,24.23,84.4,3.46,0.21,20.38,36.32
2020-06-18,Tirunelveli,8.7139,77.7567,Dryland,26.33,30.07,24.09,83.08,3.14,0.79,21.47,36.31
2020-06-19,Tirunelveli,8.7139,77.7567,Dryland,26.18,29.12,24.13,83.65,3.43,0.5,18.27,36.31
2020-06-20,Tirunelveli,8.7139,77.7567,Dryland,26.8,31.6,23.84,81.17,3.2,1.75,20.87,36.3
2020-06-21,Tirunelveli,8.7139,77.7567,Dryland,25.3,28.41,23.8,84.46,4.38,0.69,17.49,36.3
2020-06-22,Tirunelveli,8.7139,77.7567,Dryland,26.06,30.31,23.45,78.45,5.33,2.44,14.41,36.29
2020-06-23,Tirunelveli,8.7139,77.7567,Dryland,26.82,31.49,23.64,74.43,3.84,0.12,17.3,36.29
2020-06-24,Tirunelveli,8.7139,77.7567,Dryland,26.91,32.41,23.2,77.68,3.48,2.46,21.49,36.29
2020-06-25,Tirunelveli,8.7139,77.7567,Dryland,25.93,30.6,22.78,80.99,2.87,3.5,19.31,36.29
2020-06-26,Tirunelveli,8.7139,77.7567,Dryland,25.35,28.64,23.12,84.05,4.16,8.27,16.43,36.29
2020-06-27,Tirunelveli,8.7139,77.7567,Dryland,26.03,30.74,23.37,81.61,4.59,1.12,17.01,36.29
2020-06-28,Tirunelveli,8.7139,77.7567,Dryland,26.41,30.43,23.51,83.42,4.41,0.36,20.03,36.29
2020-06-29,Tirunelveli,8.7139,77.7567,Dryland,26.73,30.6,24.36,82.75,4.47,0.66,19.71,36.3
2020-06-30,Tirunelveli,8.7139,77.7567,Dryland,26.45,30.08,24.0,84.09,3.64,0.72,22.42,36.3
2020-07-01,Tirunelveli,8.7139,77.7567,Dryland,25.92,30.13,23.34,82.95,3.04,0.15,22.18,36.31
2020-07-02,Tirunelveli,8.7139,77.7567,Dryland,26.03,30.16,22.84,82.55,3.81,0.15,19.98,36.32
2020-07-03,Tirunelveli,8.7139,77.7567,Dryland,25.38,28.07,23.73,81.85,4.03,1.85,14.31,36.33
2020-07-04,Tirunelveli,8.7139,77.7567,Dryland,25.31,28.13,23.17,82.34,4.13,4.28,14.78,36.33
2020-07-05,Tirunelveli,8.7139,77.7567,Dryland,25.75,29.5,23.42,81.11,3.3,3.23,19.36,36.34
2020-07-06,Tirunelveli,8.7139,77.7567,Dryland,25.61,29.36,23.07,80.61,4.3,2.24,17.77,36.35
2020-07-07,Tirunelveli,8.7139,77.7567,Dryland,25.8,29.31,23.25,81.52,3.92,0.3,23.32,36.36
2020-07-08,Tirunelveli,8.7139,77.7567,Dryland,25.91,29.15,23.64,84.51,2.95,1.16,17.99,36.38
2020-07-09,Tirunelveli,8.7139,77.7567,Dryland,25.49,29.28,22.66,83.64,2.55,1.45,18.56,36.39
2020-07-10,Tirunelveli,8.7139,77.7567,Dryland,25.7,28.96,23.73,83.25,2.65,1.39,19.34,36.4
2020-07-11,Tirunelveli,8.7139,77.7567,Dryland,25.44,28.44,23.26,85.25,2.94,1.54,20.37,36.42
2020-07-12,Tirunelveli,8.7139,77.7567,Dryland,25.89,30.03,23.48,80.04,4.31,0.41,19.71,36.43
2020-07-13,Tirunelveli,8.7139,77.7567,Dryland,25.72,29.58,23.57,82.64,3.72,0.22,19.41,36.45
2020-07-14,Tirunelveli,8.7139,77.7567,Dryland,26.47,30.63,23.55,81.29,3.81,0.02,21.88,36.46
2020-07-15,Tirunelveli,8.7139,77.7567,Dryland,25.78,28.85,23.82,83.76,4.17,0.15,19.04,36.48
2020-07-16,Tirunelveli,8.7139,77.7567,Dryland,25.28,28.03,23.1,84.41,3.72,0.8,11.83,36.5
2020-07-17,Tirunelveli,8.7139,77.7567,Dryland,26.2,30.99,23.1,80.88,3.45,0.88,13.48,36.51
2020-07-18,Tirunelveli,8.7139,77.7567,Dryland,26.38,31.45,23.18,79.04,3.12,0.84,18.75,36.53
2020-07-19,Tirunelveli,8.7139,77.7567,Dryland,26.26,31.55,23.11,80.52,2.83,3.92,19.14,36.55
2020-07-20,Tirunelveli,8.7139,77.7567,Dryland,25.59,29.0,23.49,84.73,2.58,8.14,15.27,36.57
2020-07-21,Tirunelveli,8.7139,77.7567,Dryland,25.27,27.61,23.42,87.37,2.13,7.11,19.83,36.59
2020-07-22,Tirunelveli,8.7139,77.7567,Dryland,26.2,30.16,23.58,82.45,2.58,0.35,19.45,36.61
2020-07-23,Tirunelveli,8.7139,77.7567,Dryland,25.95,29.88,23.38,83.51,2.25,1.71,19.75,36.63
2020-07-24,Tirunelveli,8.7139,77.7567,Dryland,24.98,27.5,23.51,87.31,3.16,4.0,14.46,36.65
2020-07-25,Tirunelveli,8.7139,77.7567,Dryland,25.62,29.72,23.03,80.5,2.87,0.64,18.23,36.67
2020-07-26,Tirunelveli,8.7139,77.7567,Dryland,25.28,29.73,22.12,79.02,3.41,2.35,15.7,36.69
2020-07-27,Tirunelveli,8.7139,77.7567,Dryland,26.39,32.22,22.74,76.47,3.41,0.2,22.52,36.72
2020-07-28,Tirunelveli,8.7139,77.7567,Dryland,25.87,30.82,23.44,81.52,4.34,6.82,13.12,36.74
2020-07-29,Tirunelveli,8.7139,77.7567,Dryland,24.51,27.42,22.97,87.15,5.33,11.7,13.83,36.76
2020-07-30,Tirunelveli,8.7139,77.7567,Dryland,25.72,30.24,22.8,80.43,4.75,4.17,20.03,36.79
2020-07-31,Tirunelveli,8.7139,77.7567,Dryland,25.51,29.45,23.21,85.32,4.73,0.9,20.03,36.81
2020-08-01,Tirunelveli,8.7139,77.7567,Dryland,25.47,28.68,23.35,81.64,4.6,1.71,17.89,36.83
2020-08-02,Tirunelveli,8.7139,77.7567,Dryland,25.24,28.54,23.12,85.13,4.84,4.58,13.49,36.85
2020-08-03,Tirunelveli,8.7139,77.7567,Dryland,24.87,28.11,22.84,85.2,5.03,2.12,13.6,36.87
2020-08-04,Tirunelveli,8.7139,77.7567,Dryland,25.61,29.43,22.82,83.2,4.38,2.65,12.25,36.89
2020-08-05,Tirunelveli,8.7139,77.7567,Dryland,25.72,30.17,23.31,79.83,5.44,5.88,14.75,36.91
2020-08-06,Tirunelveli,8.7139,77.7567,Dryland,25.51,29.15,23.68,83.79,5.77,11.36,12.21,36.93
2020-08-07,Tirunelveli,8.7139,77.7567,Dryland,25.48,29.67,23.25,83.5,5.44,6.53,13.09,36.95
2020-08-08,Tirunelveli,8.7139,77.7567,Dryland,24.74,28.26,22.88,85.96,4.91,7.79,14.78,36.97
2020-08-09,Tirunelveli,8.7139,77.7567,Dryland,24.0,26.56,22.43,88.28,4.72,12.95,8.55,36.99
2020-08-10,Tirunelveli,8.7139,77.7567,Dryland,25.15,28.42,22.59,86.77,4.32,3.17,15.62,37.01
2020-08-11,Tirunelveli,8.7139,77.7567,Dryland,25.73,30.47,23.2,83.3,4.67,0.22,20.51,37.02
2020-08-12,Tirunelveli,8.7139,77.7567,Dryland,25.78,30.1,23.02,82.04,4.32,0.2,21.44,37.04
2020-08-13,Tirunelveli,8.7139,77.7567,Dryland,25.85,30.65,22.53,82.34,4.0,0.01,21.44,37.06
2020-08-14,Tirunelveli,8.7139,77.7567,Dryland,25.36,29.32,22.83,83.91,3.66,0.01,21.25,37.07
2020-08-15,Tirunelveli,8.7139,77.7567,Dryland,25.1,28.99,22.11,85.99,3.15,0.02,18.03,37.09
2020-08-16,Tirunelveli,8.7139,77.7567,Dryland,25.54,29.42,22.93,86.16,3.06,0.13,18.58,37.1
2020-08-17,Tirunelveli,8.7139,77.7567,Dryland,26.06,31.82,22.06,82.44,3.06,0.07,18.95,37.11
2020-08-18,Tirunelveli,8.7139,77.7567,Dryland,26.46,31.88,22.82,80.76,3.62,0.03,20.89,37.12
2020-08-19,Tirunelveli,8.7139,77.7567,Dryland,26.52,31.95,22.67,80.88,3.69,0.01,21.85,37.14
2020-08-20,Tirunelveli,8.7139,77.7567,Dryland,25.63,29.38,23.3,84.33,3.59,0.02,17.64,37.15
2020-08-21,Tirunelveli,8.7139,77.7567,Dryland,27.03,34.04,22.52,77.85,2.92,0.01,21.46,37.16
2020-08-22,Tirunelveli,8.7139,77.7567,Dryland,27.64,33.68,23.63,77.26,3.12,0.07,22.01,37.16
2020-08-23,Tirunelveli,8.7139,77.7567,Dryland,27.11,32.32,24.07,78.33,3.31,0.32,19.74,37.17
2020-08-24,Tirunelveli,8.7139,77.7567,Dryland,27.37,33.59,23.29,74.78,2.64,0.12,21.32,37.18
2020-08-25,Tirunelveli,8.7139,77.7567,Dryland,27.3,32.97,23.9,76.32,2.77,0.53,21.35,37.18
2020-08-26,Tirunelveli,8.7139,77.7567,Dryland,26.17,30.52,23.24,83.35,2.22,7.77,19.56,37.19
2020-08-27,Tirunelveli,8.7139,77.7567,Dryland,26.78,32.58,22.93,77.87,3.29,0.5,24.25,37.19
2020-08-28,Tirunelveli,8.7139,77.7567,Dryland,27.31,34.02,22.45,74.78,3.51,0.28,24.78,37.2
2020-08-29,Tirunelveli,8.7139,77.7567,Dryland,26.16,29.89,23.09,79.95,3.5,0.06,24.03,37.2
2020-08-30,Tirunelveli,8.7139,77.7567,Dryland,26.52,30.87,23.06,80.98,3.15,0.1,23.54,37.2
2020-08-31,Tirunelveli,8.7139,77.7567,Dryland,25.73,28.67,23.81,83.6,3.08,1.43,21.71,37.19
2020-09-01,Tirunelveli,8.7139,77.7567,Dryland,26.2,32.13,22.99,79.99,3.65,1.46,19.69,37.19
2020-09-02,Tirunelveli,8.7139,77.7567,Dryland,25.69,29.67,22.95,81.11,2.57,3.27,13.03,37.18
2020-09-03,Tirunelveli,8.7139,77.7567,Dryland,25.44,28.86,22.92,85.23,2.73,2.69,21.95,37.18
2020-09-04,Tirunelveli,8.7139,77.7567,Dryland,25.7,28.89,23.54,86.4,2.12,3.57,19.41,37.17
2020-09-05,Tirunelveli,8.7139,77.7567,Dryland,25.38,28.68,23.57,87.88,3.07,36.78,18.05,37.16
2020-09-06,Tirunelveli,8.7139,77.7567,Dryland,25.22,28.64,23.25,87.66,3.84,21.52,12.82,37.15
2020-09-07,Tirunelveli,8.7139,77.7567,Dryland,25.65,30.04,23.11,83.71,4.14,4.74,18.75,37.14
2020-09-08,Tirunelveli,8.7139,77.7567,Dryland,25.53,28.25,23.51,88.51,2.69,16.6,19.33,37.12
2020-09-09,Tirunelveli,8.7139,77.7567,Dryland,25.31,27.73,23.48,89.47,3.24,6.05,11.41,37.1
2020-09-10,Tirunelveli,8.7139,77.7567,Dryland,24.9,28.19,23.29,84.42,4.35,8.34,16.67,37.09
2020-09-11,Tirunelveli,8.7139,77.7567,Dryland,25.39,29.06,23.11,85.81,3.55,2.84,19.75,37.07
2020-09-12,Tirunelveli,8.7139,77.7567,Dryland,25.16,29.49,22.87,86.0,3.15,3.38,15.22,37.05
2020-09-13,Tirunelveli,8.7139,77.7567,Dryland,25.05,28.41,23.02,87.22,3.23,2.97,12.16,37.02
2020-09-14,Tirunelveli,8.7139,77.7567,Dryland,25.32,29.58,22.8,82.87,3.8,0.82,14.87,37.0
2020-09-15,Tirunelveli,8.7139,77.7567,Dryland,24.94,28.96,22.37,88.24,3.41,1.23,16.23,36.97
2020-09-16,Tirunelveli,8.7139,77.7567,Dryland,25.45,29.22,22.84,88.86,3.75,1.89,16.83,36.95
2020-09-17,Tirunelveli,8.7139,77.7567,Dryland,25.62,29.04,23.86,88.51,3.85,2.65,19.56,36.92
2020-09-18,Tirunelveli,8.7139,77.7567,Dryland,25.34,27.68,23.91,89.23,4.33,5.48,16.04,36.89
2020-09-19,Tirunelveli,8.7139,77.7567,Dryland,24.84,27.04,23.28,86.94,4.39,10.22,12.96,36.86
2020-09-20,Tirunelveli,8.7139,77.7567,Dryland,24.41,26.66,22.59,85.71,4.79,2.56,12.04,36.82
2020-09-21,Tirunelveli,8.7139,77.7567,Dryland,24.09,26.65,22.18,88.38,4.52,14.88,11.31,36.79
2020-09-22,Tirunelveli,8.7139,77.7567,Dryland,25.2,28.61,23.03,84.84,4.42,4.32,13.19,36.75
2020-09-23,Tirunelveli,8.7139,77.7567,Dryland,25.42,28.84,23.29,87.06,3.75,2.85,18.88,36.72
2020-09-24,Tirunelveli,8.7139,77.7567,Dryland,25.37,28.36,23.33,87.93,2.47,0.66,20.34,36.68
2020-09-25,Tirunelveli,8.7139,77.7567,Dryland,25.2,28.57,22.68,88.32,2.26,1.25,14.59,36.64
2020-09-26,Tirunelveli,8.7139,77.7567,Dryland,25.04,29.42,22.1,84.95,2.33,0.22,19.71,36.59
2020-09-27,Tirunelveli,8.7139,77.7567,Dryland,24.78,28.52,21.28,86.41,2.38,0.08,20.55,36.55
2020-09-28,Tirunelveli,8.7139,77.7567,Dryland,25.19,28.25,22.99,88.1,2.84,0.62,19.87,36.5
2020-09-29,Tirunelveli,8.7139,77.7567,Dryland,25.51,29.86,22.77,84.91,3.13,0.7,17.13,36.46
2020-09-30,Tirunelveli,8.7139,77.7567,Dryland,25.23,29.46,22.03,84.66,3.47,3.6,17.06,36.41
2020-10-01,Tirunelveli,8.7139,77.7567,Dryland,25.56,30.06,23.09,83.64,3.48,0.31,22.09,36.36
2020-10-02,Tirunelveli,8.7139,77.7567,Dryland,25.44,30.02,22.73,84.41,3.55,0.05,21.86,36.3
2020-10-03,Tirunelveli,8.7139,77.7567,Dryland,25.26,28.67,23.26,84.06,3.63,0.09,24.41,36.25
2020-10-04,Tirunelveli,8.7139,77.7567,Dryland,25.39,30.07,22.6,82.16,3.88,0.06,23.88,36.19
2020-10-05,Tirunelveli,8.7139,77.7567,Dryland,25.84,31.81,21.79,77.96,3.92,0.02,25.49,36.13
2020-10-06,Tirunelveli,8.7139,77.7567,Dryland,26.19,32.48,21.64,81.4,3.23,1.13,24.05,36.07
2020-10-07,Tirunelveli,8.7139,77.7567,Dryland,26.04,31.25,22.94,82.74,3.63,0.37,20.45,36.01
2020-10-08,Tirunelveli,8.7139,77.7567,Dryland,25.27,28.62,22.92,86.75,2.44,4.08,16.06,35.95
2020-10-09,Tirunelveli,8.7139,77.7567,Dryland,24.82,27.3,23.24,88.96,2.81,8.42,21.35,35.89
2020-10-10,Tirunelveli,8.7139,77.7567,Dryland,25.27,30.49,21.67,82.34,3.09,1.5,15.52,35.82
2020-10-11,Tirunelveli,8.7139,77.7567,Dryland,24.36,26.52,23.08,89.24,3.64,3.52,13.84,35.76
2020-10-12,Tirunelveli,8.7139,77.7567,Dryland,25.61,28.97,23.63,85.15,4.88,3.48,16.62,35.69
2020-10-13,Tirunelveli,8.7139,77.7567,Dryland,25.43,28.51,23.67,85.79,4.89,5.28,14.0,35.62
2020-10-14,Tirunelveli,8.7139,77.7567,Dryland,25.66,28.83,23.77,85.86,4.71,6.13,12.25,35.55
2020-10-15,Tirunelveli,8.7139,77.7567,Dryland,25.39,28.71,23.33,88.65,3.09,11.28,16.48,35.49
2020-10-16,Tirunelveli,8.7139,77.7567,Dryland,25.28,30.06,21.45,81.24,3.78,0.19,21.48,35.41
2020-10-17,Tirunelveli,8.7139,77.7567,Dryland,25.19,30.04,21.34,84.61,2.75,0.08,21.26,35.34
2020-10-18,Tirunelveli,8.7139,77.7567,Dryland,25.57,30.21,22.14,84.09,2.56,0.12,21.13,35.27
2020-10-19,Tirunelveli,8.7139,77.7567,Dryland,26.04,31.63,22.46,81.94,3.12,0.27,21.41,35.19
2020-10-20,Tirunelveli,8.7139,77.7567,Dryland,25.33,30.17,22.05,84.54,3.26,1.43,18.04,35.12
2020-10-21,Tirunelveli,8.7139,77.7567,Dryland,25.67,30.51,22.81,84.88,3.32,0.84,19.95,35.04
2020-10-22,Tirunelveli,8.7139,77.7567,Dryland,25.26,29.55,21.78,83.57,3.33,0.64,17.5,34.97
2020-10-23,Tirunelveli,8.7139,77.7567,Dryland,25.46,30.71,21.54,82.7,3.19,0.2,21.25,34.89
2020-10-24,Tirunelveli,8.7139,77.7567,Dryland,26.27,32.12,22.04,80.3,2.76,0.36,20.91,34.82
2020-10-25,Tirunelveli,8.7139,77.7567,Dryland,26.27,32.46,21.97,78.3,2.34,0.95,21.22,34.74
2020-10-26,Tirunelveli,8.7139,77.7567,Dryland,27.14,32.74,21.59,75.94,0.94,1.29,20.48,34.66
2020-10-27,Tirunelveli,8.7139,77.7567,Dryland,26.85,30.84,23.59,79.76,0.73,2.09,16.37,34.58
2020-10-28,Tirunelveli,8.7139,77.7567,Dryland,26.23,30.54,23.83,83.48,0.69,9.46,15.58,34.5
2020-10-29,Tirunelveli,8.7139,77.7567,Dryland,26.36,31.02,22.7,76.75,0.95,4.33,17.77,34.42
2020-10-30,Tirunelveli,8.7139,77.7567,Dryland,26.4,32.31,21.86,77.83,0.93,3.5,18.63,34.34
2020-10-31,Tirunelveli,8.7139,77.7567,Dryland,26.93,32.84,22.9,76.64,0.87,1.16,19.09,34.26
2020-11-01,Tirunelveli,8.7139,77.7567,Dryland,27.17,32.58,23.18,74.06,1.13,0.01,20.2,34.18
2020-11-02,Tirunelveli,8.7139,77.7567,Dryland,26.7,31.47,23.17,77.66,1.14,0.03,18.87,34.1
2020-11-03,Tirunelveli,8.7139,77.7567,Dryland,27.32,32.83,22.78,76.66,1.01,0.98,16.82,34.02
2020-11-04,Tirunelveli,8.7139,77.7567,Dryland,27.14,31.9,23.34,79.69,0.79,3.02,16.45,33.93
2020-11-05,Tirunelveli,8.7139,77.7567,Dryland,26.65,30.66,24.08,81.2,1.37,9.14,16.55,33.85
2020-11-06,Tirunelveli,8.7139,77.7567,Dryland,25.41,28.25,23.24,85.69,1.97,12.33,11.69,33.77
2020-11-07,Tirunelveli,8.7139,77.7567,Dryland,26.32,30.74,23.47,83.48,2.85,2.99,17.95,33.69
2020-11-08,Tirunelveli,8.7139,77.7567,Dryland,25.84,29.22,23.76,85.68,2.67,3.33,15.03,33.61
2020-11-09,Tirunelveli,8.7139,77.7567,Dryland,26.29,32.27,21.87,74.76,2.5,0.83,19.25,33.53
2020-11-10,Tirunelveli,8.7139,77.7567,Dryland,25.54,31.74,21.01,74.92,2.48,0.8,19.02,33.46
2020-11-11,Tirunelveli,8.7139,77.7567,Dryland,26.11,31.25,21.48,75.42,1.85,0.96,18.69,33.38
2020-11-12,Tirunelveli,8.7139,77.7567,Dryland,25.19,27.9,23.72,90.56,2.51,16.24,11.74,33.3
2020-11-13,Tirunelveli,8.7139,77.7567,Dryland,25.41,28.78,23.11,88.27,2.12,31.35,7.15,33.23
2020-11-14,Tirunelveli,8.7139,77.7567,Dryland,25.78,28.81,23.68,87.82,2.93,2.81,17.28,33.15
2020-11-15,Tirunelveli,8.7139,77.7567,Dryland,25.58,28.11,22.99,89.55,2.33,9.57,13.34,33.08
2020-11-16,Tirunelveli,8.7139,77.7567,Dryland,25.56,28.35,23.94,91.07,2.85,23.54,2.83,33.0
2020-11-17,Tirunelveli,8.7139,77.7567,Dryland,24.79,27.22,23.37,91.64,3.01,72.54,11.44,32.93
2020-11-18,Tirunelveli,8.7139,77.7567,Dryland,24.02,26.55,22.28,88.81,1.19,34.25,13.59,32.86
2020-11-19,Tirunelveli,8.7139,77.7567,Dryland,24.39,26.71,22.06,90.57,1.44,33.58,15.58,32.79
2020-11-20,Tirunelveli,8.7139,77.7567,Dryland,25.08,28.43,22.75,89.02,2.14,3.2,17.53,32.72
2020-11-21,Tirunelveli,8.7139,77.7567,Dryland,24.31,28.06,21.37,85.94,2.31,0.13,21.94,32.65
2020-11-22,Tirunelveli,8.7139,77.7567,Dryland,23.22,26.45,20.31,85.81,1.79,0.0,18.53,32.59
2020-11-23,Tirunelveli,8.7139,77.7567,Dryland,23.31,26.1,20.67,83.37,1.34,0.0,17.77,32.52
2020-11-24,Tirunelveli,8.7139,77.7567,Dryland,24.62,28.25,21.64,84.18,1.41,0.0,15.36,32.46
2020-11-25,Tirunelveli,8.7139,77.7567,Dryland,24.82,28.07,22.18,88.02,1.91,1.52,14.24,32.4
2020-11-26,Tirunelveli,8.7139,77.7567,Dryland,24.63,27.92,22.37,87.87,2.68,0.13,16.34,32.34
2020-11-27,Tirunelveli,8.7139,77.7567,Dryland,24.58,28.63,21.42,85.02,1.62,1.25,18.84,32.28
2020-11-28,Tirunelveli,8.7139,77.7567,Dryland,25.02,29.04,22.36,83.83,1.22,1.27,16.32,32.22
2020-11-29,Tirunelveli,8.7139,77.7567,Dryland,25.04,28.75,22.26,89.0,2.33,0.14,18.05,32.16
2020-11-30,Tirunelveli,8.7139,77.7567,Dryland,25.05,28.44,22.43,88.65,2.76,0.55,16.96,32.11
2020-12-01,Tirunelveli,8.7139,77.7567,Dryland,23.65,26.38,21.47,86.24,2.86,0.04,21.04,32.07
2020-12-02,Tirunelveli,8.7139,77.7567,Dryland,23.6,26.37,21.18,85.64,1.85,0.95,8.91,32.03
2020-12-03,Tirunelveli,8.7139,77.7567,Dryland,24.07,27.5,21.85,88.65,2.0,4.83,8.1,31.99
2020-12-04,Tirunelveli,8.7139,77.7567,Dryland,24.24,26.43,22.49,94.09,2.3,5.22,9.52,31.95
2020-12-05,Tirunelveli,8.7139,77.7567,Dryland,24.37,26.7,23.02,93.27,1.9,4.79,9.53,31.91
2020-12-06,Tirunelveli,8.7139,77.7567,Dryland,24.9,28.45,22.05,89.19,2.01,7.17,13.7,31.87
2020-12-07,Tirunelveli,8.7139,77.7567,Dryland,24.62,26.73,23.08,92.81,1.38,22.63,13.16,31.83
2020-12-08,Tirunelveli,8.7139,77.7567,Dryland,24.7,28.11,22.69,89.43,2.23,1.96,15.17,31.8
2020-12-09,Tirunelveli,8.7139,77.7567,Dryland,24.54,28.1,22.16,90.67,2.41,0.67,17.79,31.76
2020-12-10,Tirunelveli,8.7139,77.7567,Dryland,24.15,27.83,21.76,88.01,2.64,0.1,17.1,31.74
2020-12-11,Tirunelveli,8.7139,77.7567,Dryland,23.67,27.77,20.21,87.32,2.45,0.35,17.72,31.71
2020-12-12,Tirunelveli,8.7139,77.7567,Dryland,23.66,27.88,19.93,86.37,2.04,1.57,17.72,31.69
2020-12-13,Tirunelveli,8.7139,77.7567,Dryland,23.59,27.84,20.46,86.87,2.1,0.27,16.24,31.67
2020-12-14,Tirunelveli,8.7139,77.7567,Dryland,23.02,27.4,19.13,83.92,2.37,0.01,18.48,31.65
2020-12-15,Tirunelveli,8.7139,77.7567,Dryland,23.08,27.64,18.4,88.24,2.05,7.75,16.67,31.64
2020-12-16,Tirunelveli,8.7139,77.7567,Dryland,23.09,25.99,21.25,90.82,2.88,3.91,12.01,31.63
2020-12-17,Tirunelveli,8.7139,77.7567,Dryland,24.2,27.93,21.87,89.26,2.42,4.77,13.7,31.62
2020-12-18,Tirunelveli,8.7139,77.7567,Dryland,23.95,26.83,21.98,90.54,2.65,2.9,9.67,31.61
2020-12-19,Tirunelveli,8.7139,77.7567,Dryland,22.97,24.75,21.33,89.78,4.15,0.94,9.25,31.61
2020-12-20,Tirunelveli,8.7139,77.7567,Dryland,23.56,27.19,20.42,86.18,3.76,0.01,16.04,31.61
2020-12-21,Tirunelveli,8.7139,77.7567,Dryland,22.96,26.42,19.97,84.81,3.76,0.01,11.17,31.61
2020-12-22,Tirunelveli,8.7139,77.7567,Dryland,22.62,25.55,20.48,87.53,3.27,0.18,10.09,31.62
2020-12-23,Tirunelveli,8.7139,77.7567,Dryland,22.52,24.54,20.54,91.97,2.71,0.16,13.35,31.63
2020-12-24,Tirunelveli,8.7139,77.7567,Dryland,23.98,27.75,21.23,88.34,3.13,0.0,16.29,31.64
2020-12-25,Tirunelveli,8.7139,77.7567,Dryland,23.46,27.25,20.36,86.11,3.15,0.0,19.75,31.65
2020-12-26,Tirunelveli,8.7139,77.7567,Dryland,22.25,27.28,18.33,85.02,2.96,0.0,20.47,31.66
2020-12-27,Tirunelveli,8.7139,77.7567,Dryland,22.78,28.37,17.88,83.68,2.21,0.22,13.92,31.68
2020-12-28,Tirunelveli,8.7139,77.7567,Dryland,23.82,29.18,19.46,82.8,1.96,0.34,17.23,31.71
2020-12-29,Tirunelveli,8.7139,77.7567,Dryland,23.86,28.85,18.98,84.13,2.31,1.46,12.13,31.73
2020-12-30,Tirunelveli,8.7139,77.7567,Dryland,24.46,28.33,21.1,87.79,3.32,3.84,15.32,31.76
2020-12-31,Tirunelveli,8.7139,77.7567,Dryland,24.78,27.93,22.72,88.51,3.9,4.75,9.53,31.79
2021-01-01,Tirunelveli,8.7139,77.7567,Dryland,23.68,27.41,20.91,84.89,3.69,2.21,15.15,31.83
2021-01-02,Tirunelveli,8.7139,77.7567,Dryland,23.9,28.65,19.88,85.48,2.8,0.05,17.35,31.86
2021-01-03,Tirunelveli,8.7139,77.7567,Dryland,24.88,28.52,22.65,87.24,2.7,1.12,13.08,31.9
2021-01-04,Tirunelveli,8.7139,77.7567,Dryland,24.42,27.19,23.01,91.33,2.81,7.86,11.62,31.94
2021-01-05,Tirunelveli,8.7139,77.7567,Dryland,24.61,28.35,22.47,87.89,2.4,4.21,14.6,31.98
2021-01-06,Tirunelveli,8.7139,77.7567,Dryland,24.61,27.68,21.62,85.64,1.18,7.22,14.13,32.03
2021-01-07,Tirunelveli,8.7139,77.7567,Dryland,24.68,28.46,21.53,88.31,1.74,1.15,14.11,32.07
2021-01-08,Tirunelveli,8.7139,77.7567,Dryland,24.94,28.59,22.45,89.34,1.34,5.87,14.76,32.12
2021-01-09,Tirunelveli,8.7139,77.7567,Dryland,24.02,26.99,22.11,92.68,1.81,14.45,10.49,32.18
2021-01-10,Tirunelveli,8.7139,77.7567,Dryland,23.29,25.23,21.99,93.18,1.61,18.55,8.91,32.23
2021-01-11,Tirunelveli,8.7139,77.7567,Dryland,23.01,25.36,21.5,91.09,2.76,2.83,9.14,32.29
2021-01-12,Tirunelveli,8.7139,77.7567,Dryland,23.05,24.31,20.84,93.05,4.3,18.13,6.24,32.35
2021-01-13,Tirunelveli,8.7139,77.7567,Dryland,24.37,25.83,23.54,94.31,3.44,41.78,5.93,32.41
2021-01-14,Tirunelveli,8.7139,77.7567,Dryland,24.0,26.13,22.69,93.94,3.05,15.17,12.06,32.47
2021-01-15,Tirunelveli,8.7139,77.7567,Dryland,23.57,25.01,22.26,95.27,2.01,41.26,11.52,32.54
2021-01-16,Tirunelveli,8.7139,77.7567,Dryland,23.67,26.68,21.84,92.44,2.01,201.76,14.62,32.61
2021-01-17,Tirunelveli,8.7139,77.7567,Dryland,23.58,27.24,19.91,91.07,2.61,46.83,16.29,32.68
2021-01-18,Tirunelveli,8.7139,77.7567,Dryland,21.33,25.77,17.23,89.15,3.15,0.0,21.9,32.75
2021-01-19,Tirunelveli,8.7139,77.7567,Dryland,21.72,26.65,16.92,86.33,2.23,0.0,20.01,32.82
2021-01-20,Tirunelveli,8.7139,77.7567,Dryland,22.52,26.0,19.52,88.45,1.63,0.0,17.92,32.9
2021-01-21,Tirunelveli,8.7139,77.7567,Dryland,24.45,29.0,20.97,90.14,1.64,0.01,17.09,32.97
2021-01-22,Tirunelveli,8.7139,77.7567,Dryland,24.62,28.36,21.98,90.13,1.91,0.01,19.38,33.05
2021-01-23,Tirunelveli,8.7139,77.7567,Dryland,24.08,27.73,21.07,89.36,2.11,0.0,19.26,33.13
2021-01-24,Tirunelveli,8.7139,77.7567,Dryland,23.21,27.36,20.14,88.48,2.53,0.0,19.57,33.21
2021-01-25,Tirunelveli,8.7139,77.7567,Dryland,21.74,26.03,18.41,86.96,2.4,0.0,20.43,33.29
2021-01-26,Tirunelveli,8.7139,77.7567,Dryland,21.71,26.67,17.34,86.26,2.4,0.0,20.87,33.37
2021-01-27,Tirunelveli,8.7139,77.7567,Dryland,21.29,26.3,16.96,84.27,2.36,0.0,20.24,33.46
2021-01-28,Tirunelveli,8.7139,77.7567,Dryland,21.8,26.77,17.0,86.72,2.35,0.0,21.06,33.54
2021-01-29,Tirunelveli,8.7139,77.7567,Dryland,23.18,27.84,18.11,88.12,2.07,0.07,14.19,33.62
2021-01-30,Tirunelveli,8.7139,77.7567,Dryland,24.28,28.22,20.76,88.56,2.4,0.05,17.87,33.71
2021-01-31,Tirunelveli,8.7139,77.7567,Dryland,23.72,27.6,20.53,88.71,2.72,0.02,20.43,33.79
2021-02-01,Tirunelveli,8.7139,77.7567,Dryland,23.56,27.35,21.13,87.06,3.72,0.04,18.95,33.88
2021-02-02,Tirunelveli,8.7139,77.7567,Dryland,23.39,27.58,19.69,88.7,3.4,0.02,16.91,33.97
2021-02-03,Tirunelveli,8.7139,77.7567,Dryland,23.21,27.3,19.88,86.73,3.37,0.0,18.81,34.05
2021-02-04,Tirunelveli,8.7139,77.7567,Dryland,22.23,26.57,18.5,86.06,2.95,0.0,20.68,34.14
2021-02-05,Tirunelveli,8.7139,77.7567,Dryland,22.17,27.17,17.45,85.09,2.75,0.0,22.38,34.23
2021-02-06,Tirunelveli,8.7139,77.7567,Dryland,22.32,27.15,17.96,84.52,2.65,0.0,20.68,34.32
2021-02-07,Tirunelveli,8.7139,77.7567,Dryland,21.63,26.85,16.88,83.25,2.85,0.0,22.94,34.4
2021-02-08,Tirunelveli,8.7139,77.7567,Dryland,21.92,26.82,18.12,84.88,3.7,0.0,23.49,34.49
2021-02-09,Tirunelveli,8.7139,77.7567,Dryland,21.67,26.65,17.54,84.06,3.45,0.0,22.76,34.58
2021-02-10,Tirunelveli,8.7139,77.7567,Dryland,21.17,26.39,16.64,83.67,3.09,0.0,23.78,34.67
2021-02-11,Tirunelveli,8.7139,77.7567,Dryland,20.71,26.57,15.23,82.89,2.65,0.0,24.06,34.76
2021-02-12,Tirunelveli,8.7139,77.7567,Dryland,20.64,26.58,15.29,82.42,2.62,0.0,24.79,34.85
2021-02-13,Tirunelveli,8.7139,77.7567,Dryland,21.06,27.4,15.84,80.86,1.96,0.0,24.93,34.93
2021-02-14,Tirunelveli,8.7139,77.7567,Dryland,21.88,28.16,16.52,82.36,1.87,0.0,21.73,35.02
2021-02-15,Tirunelveli,8.7139,77.7567,Dryland,23.24,30.0,16.71,82.24,1.57,0.0,23.13,35.11
2021-02-16,Tirunelveli,8.7139,77.7567,Dryland,24.65,30.16,19.4,81.0,1.29,0.0,19.03,35.2
2021-02-17,Tirunelveli,8.7139,77.7567,Dryland,24.46,29.68,20.06,82.75,1.88,0.03,20.21,35.28
2021-02-18,Tirunelveli,8.7139,77.7567,Dryland,24.46,29.71,20.08,80.82,2.28,0.03,17.82,35.37
2021-02-19,Tirunelveli,8.7139,77.7567,Dryland,25.1,30.88,19.99,79.34,1.8,0.01,20.99,35.45
2021-02-20,Tirunelveli,8.7139,77.7567,Dryland,25.39,31.06,21.48,83.01,2.51,0.04,19.29,35.53
2021-02-21,Tirunelveli,8.7139,77.7567,Dryland,25.41,30.4,21.52,81.83,2.4,0.04,21.68,35.62
2021-02-22,Tirunelveli,8.7139,77.7567,Dryland,25.59,30.84,21.52,80.66,2.85,0.02,21.97,35.7
2021-02-23,Tirunelveli,8.7139,77.7567,Dryland,25.48,31.65,20.53,77.1,2.8,0.01,23.1,35.78
2021-02-24,Tirunelveli,8.7139,77.7567,Dryland,25.47,31.56,21.2,77.32,2.55,0.0,22.85,35.86
2021-02-25,Tirunelveli,8.7139,77.7567,Dryland,25.67,32.47,20.43,73.36,1.81,0.03,22.73,35.93
2021-02-26,Tirunelveli,8.7139,77.7567,Dryland,26.38,33.59,20.81,72.17,1.17,0.77,23.32,36.01
2021-02-27,Tirunelveli,8.7139,77.7567,Dryland,26.78,34.25,21.61,69.01,1.23,0.41,23.5,36.09
2021-02-28,Tirunelveli,8.7139,77.7567,Dryland,24.93,33.0,18.57,71.35,1.83,0.0,25.18,36.16
2021-03-01,Tirunelveli,8.7139,77.7567,Dryland,24.6,32.18,18.88,72.65,1.89,0.0,24.85,36.23
2021-03-02,Tirunelveli,8.7139,77.7567,Dryland,24.77,32.27,18.51,75.07,2.57,0.0,23.51,36.3
2021-03-03,Tirunelveli,8.7139,77.7567,Dryland,24.1,31.43,18.29,73.59,2.91,0.0,25.27,36.37
2021-03-04,Tirunelveli,8.7139,77.7567,Dryland,24.21,32.14,17.72,72.84,2.39,0.0,25.0,36.44
2021-03-05,Tirunelveli,8.7139,77.7567,Dryland,25.39,33.48,18.33,69.62,2.14,0.0,24.69,36.51
2021-03-06,Tirunelveli,8.7139,77.7567,Dryland,26.58,34.38,20.64,70.51,1.69,0.01,23.57,36.57
2021-03-07,Tirunelveli,8.7139,77.7567,Dryland,26.81,34.03,22.08,73.24,2.15,0.03,25.22,36.64
2021-03-08,Tirunelveli,8.7139,77.7567,Dryland,26.13,30.03,23.44,81.48,2.28,2.29,20.36,36.7
2021-03-09,Tirunelveli,8.7139,77.7567,Dryland,26.61,33.05,22.58,76.21,2.73,2.73,22.03,36.76
2021-03-10,Tirunelveli,8.7139,77.7567,Dryland,25.89,30.69,22.35,80.72,2.39,1.23,21.75,36.82
2021-03-11,Tirunelveli,8.7139,77.7567,Dryland,26.02,30.22,23.57,79.52,1.55,1.82,21.69,36.87
2021-03-12,Tirunelveli,8.7139,77.7567,Dryland,24.85,28.79,21.6,81.87,2.19,3.11,23.36,36.93
2021-03-13,Tirunelveli,8.7139,77.7567,Dryland,26.36,33.66,20.71,73.54,2.49,0.0,23.47,36.98
2021-03-14,Tirunelveli,8.7139,77.7567,Dryland,27.16,34.01,22.3,71.65,2.94,0.0,23.47,37.03
2021-03-15,Tirunelveli,8.7139,77.7567,Dryland,26.99,34.54,21.98,68.24,2.54,0.0,25.47,37.08
2021-03-16,Tirunelveli,8.7139,77.7567,Dryland,26.86,34.73,19.96,67.17,2.22,0.0,25.16,37.13
2021-03-17,Tirunelveli,8.7139,77.7567,Dryland,27.0,34.56,21.25,69.75,2.41,0.0,24.31,37.18
2021-03-18,Tirunelveli,8.7139,77.7567,Dryland,26.51,32.75,21.88,71.42,1.94,0.01,19.89,37.22
2021-03-19,Tirunelveli,8.7139,77.7567,Dryland,25.99,30.9,21.15,70.69,1.51,0.05,19.97,37.27
2021-03-20,Tirunelveli,8.7139,77.7567,Dryland,27.75,34.77,22.92,66.94,1.18,0.49,19.61,37.31
2021-03-21,Tirunelveli,8.7139,77.7567,Dryland,28.13,35.13,23.52,64.91,1.18,0.05,22.37,37.35
2021-03-22,Tirunelveli,8.7139,77.7567,Dryland,27.55,33.79,22.48,71.31,1.82,0.19,18.9,37.38
2021-03-23,Tirunelveli,8.7139,77.7567,Dryland,26.89,32.94,23.05,74.87,1.96,0.95,21.73,37.42
2021-03-24,Tirunelveli,8.7139,77.7567,Dryland,26.02,29.8,23.12,79.5,1.71,2.32,18.93,37.45
2021-03-25,Tirunelveli,8.7139,77.7567,Dryland,27.11,32.07,23.91,69.02,1.49,0.64,18.42,37.48
2021-03-26,Tirunelveli,8.7139,77.7567,Dryland,27.24,32.85,22.57,73.82,2.19,5.46,20.51,37.51
2021-03-27,Tirunelveli,8.7139,77.7567,Dryland,26.58,32.22,22.89,77.99,1.74,6.91,18.9,37.54
2021-03-28,Tirunelveli,8.7139,77.7567,Dryland,27.24,33.16,23.56,74.01,1.44,2.2,21.13,37.57
2021-03-29,Tirunelveli,8.7139,77.7567,Dryland,27.34,33.61,23.32,72.49,1.53,3.32,22.08,37.59
2021-03-30,Tirunelveli,8.7139,77.7567,Dryland,27.55,33.54,23.57,73.2,1.83,2.51,23.44,37.61
2021-03-31,Tirunelveli,8.7139,77.7567,Dryland,28.99,36.85,22.37,67.01,2.21,0.11,24.24,37.63
2021-04-01,Tirunelveli,8.7139,77.7567,Dryland,28.61,34.97,24.25,72.14,3.12,0.17,19.48,37.65
2021-04-02,Tirunelveli,8.7139,77.7567,Dryland,28.63,35.9,23.67,68.34,3.28,0.01,23.08,37.66
2021-04-03,Tirunelveli,8.7139,77.7567,Dryland,28.81,36.21,23.38,63.8,3.46,0.0,24.57,37.67
2021-04-04,Tirunelveli,8.7139,77.7567,Dryland,29.29,37.89,22.27,61.68,3.0,0.0,25.84,37.69
2021-04-05,Tirunelveli,8.7139,77.7567,Dryland,30.44,38.53,24.81,60.44,1.62,0.04,24.46,37.7
2021-04-06,Tirunelveli,8.7139,77.7567,Dryland,29.42,35.63,24.61,64.46,1.66,0.14,20.67,37.7
2021-04-07,Tirunelveli,8.7139,77.7567,Dryland,28.92,36.72,23.16,64.66,1.83,0.11,21.53,37.71
2021-04-08,Tirunelveli,8.7139,77.7567,Dryland,28.55,35.2,22.96,65.25,1.12,0.16,23.13,37.72
2021-04-09,Tirunelveli,8.7139,77.7567,Dryland,29.19,36.67,23.53,65.12,1.39,1.33,21.92,37.72
2021-04-10,Tirunelveli,8.7139,77.7567,Dryland,28.93,35.47,24.57,65.85,1.58,1.3,20.74,37.72
2021-04-11,Tirunelveli,8.7139,77.7567,Dryland,28.84,35.61,24.48,66.83,1.07,4.67,18.76,37.72
2021-04-12,Tirunelveli,8.7139,77.7567,Dryland,28.52,34.95,24.0,71.73,1.22,8.49,20.81,37.72
2021-04-13,Tirunelveli,8.7139,77.7567,Dryland,27.26,31.64,24.35,76.26,1.18,4.0,16.48,37.72
2021-04-14,Tirunelveli,8.7139,77.7567,Dryland,28.03,34.05,23.5,70.82,1.31,2.6,20.67,37.71
2021-04-15,Tirunelveli,8.7139,77.7567,Dryland,27.27,30.75,24.32,75.62,0.95,3.8,21.17,37.71
2021-04-16,Tirunelveli,8.7139,77.7567,Dryland,27.17,32.09,24.21,79.08,1.57,6.74,20.62,37.7
2021-04-17,Tirunelveli,8.7139,77.7567,Dryland,27.35,31.77,24.47,77.23,1.76,1.57,23.36,37.7
2021-04-18,Tirunelveli,8.7139,77.7567,Dryland,27.62,32.34,24.26,75.06,1.82,2.35,19.55,37.69
2021-04-19,Tirunelveli,8.7139,77.7567,Dryland,27.84,34.53,22.8,73.68,2.56,0.91,22.62,37.67
2021-04-20,Tirunelveli,8.7139,77.7567,Dryland,27.28,31.07,24.77,77.66,2.35,0.29,17.14,37.66
2021-04-21,Tirunelveli,8.7139,77.7567,Dryland,27.84,32.36,24.3,77.43,1.96,3.65,22.48,37.65
2021-04-22,Tirunelveli,8.7139,77.7567,Dryland,27.01,31.03,24.21,81.7,1.9,2.85,22.63,37.63
2021-04-23,Tirunelveli,8.7139,77.7567,Dryland,28.29,34.09,23.95,73.91,1.82,0.72,20.14,37.62
2021-04-24,Tirunelveli,8.7139,77.7567,Dryland,29.32,36.3,23.58,69.37,1.41,0.15,21.26,37.6
2021-04-25,Tirunelveli,8.7139,77.7567,Dryland,28.33,32.9,25.09,73.41,1.04,0.3,21.01,37.58
2021-04-26,Tirunelveli,8.7139,77.7567,Dryland,28.05,32.51,24.53,73.5,1.4,1.16,20.29,37.56
2021-04-27,Tirunelveli,8.7139,77.7567,Dryland,27.11,30.11,24.72,81.17,1.44,1.4,19.25,37.54
2021-04-28,Tirunelveli,8.7139,77.7567,Dryland,27.47,31.3,24.66,78.45,1.77,0.1,22.44,37.52
2021-04-29,Tirunelveli,8.7139,77.7567,Dryland,27.77,31.72,24.68,77.94,2.22,0.12,18.85,37.5
2021-04-30,Tirunelveli,8.7139,77.7567,Dryland,28.59,33.38,24.79,75.72,1.05,1.08,19.18,37.48
2021-05-01,Tirunelveli,8.7139,77.7567,Dryland,27.69,31.71,25.45,83.0,1.03,2.72,18.17,37.45
2021-05-02,Tirunelveli,8.7139,77.7567,Dryland,28.42,32.42,25.75,77.01,0.59,1.56,21.7,37.43
2021-05-03,Tirunelveli,8.7139,77.7567,Dryland,26.35,28.65,24.23,88.71,1.8,1.96,14.92,37.4
2021-05-04,Tirunelveli,8.7139,77.7567,Dryland,28.08,34.75,22.31,71.51,1.29,2.33,18.2,37.37
2021-05-05,Tirunelveli,8.7139,77.7567,Dryland,28.4,33.4,25.03,73.33,1.14,1.83,20.91,37.35
2021-05-06,Tirunelveli,8.7139,77.7567,Dryland,28.49,32.66,24.78,72.88,1.14,1.75,18.99,37.32
2021-05-07,Tirunelveli,8.7139,77.7567,Dryland,27.35,30.84,25.27,79.11,0.81,13.89,19.86,37.29
2021-05-08,Tirunelveli,8.7139,77.7567,Dryland,27.38,31.47,23.68,77.31,1.28,0.47,18.49,37.26
2021-05-09,Tirunelveli,8.7139,77.7567,Dryland,27.7,31.92,24.46,78.13,1.06,4.18,18.12,37.24
2021-05-10,Tirunelveli,8.7139,77.7567,Dryland,26.76,29.4,25.13,85.07,1.43,9.22,18.36,37.21
2021-05-11,Tirunelveli,8.7139,77.7567,Dryland,26.97,30.55,24.26,85.61,2.3,12.65,18.52,37.18
2021-05-12,Tirunelveli,8.7139,77.7567,Dryland,26.38,29.53,24.35,86.34,2.58,12.2,17.73,37.15
2021-05-13,Tirunelveli,8.7139,77.7567,Dryland,26.34,30.08,23.99,85.52,3.31,19.4,14.88,37.12
2021-05-14,Tirunelveli,8.7139,77.7567,Dryland,25.91,29.23,23.8,85.22,3.44,19.76,11.72,37.09
2021-05-15,Tirunelveli,8.7139,77.7567,Dryland,26.18,29.38,24.16,85.14,4.37,45.31,8.68,37.06
2021-05-16,Tirunelveli,8.7139,77.7567,Dryland,26.02,28.96,24.01,86.58,3.01,2.26,12.43,37.03
2021-05-17,Tirunelveli,8.7139,77.7567,Dryland,26.43,30.34,24.11,83.81,2.82,0.75,22.39,37.01
2021-05-18,Tirunelveli,8.7139,77.7567,Dryland,26.82,30.66,23.99,85.15,2.56,1.49,22.71,36.98
2021-05-19,Tirunelveli,8.7139,77.7567,Dryland,26.65,29.97,24.52,87.7,2.77,8.38,20.27,36.95
2021-05-20,Tirunelveli,8.7139,77.7567,Dryland,26.12,28.82,24.32,88.77,2.24,3.29,20.31,36.92
2021-05-21,Tirunelveli,8.7139,77.7567,Dryland,25.64,29.22,23.33,86.27,2.47,9.87,17.13,36.89
2021-05-22,Tirunelveli,8.7139,77.7567,Dryland,25.81,28.18,23.84,91.88,2.85,18.13,7.59,36.86
2021-05-23,Tirunelveli,8.7139,77.7567,Dryland,26.15,28.84,24.26,90.28,2.99,6.72,12.07,36.83
2021-05-24,Tirunelveli,8.7139,77.7567,Dryland,25.83,28.48,23.98,90.18,3.6,1.21,20.67,36.8
2021-05-25,Tirunelveli,8.7139,77.7567,Dryland,25.16,27.07,23.65,88.88,4.49,56.27,10.1,36.78
2021-05-26,Tirunelveli,8.7139,77.7567,Dryland,24.75,26.76,23.18,89.29,5.31,22.33,8.61,36.75
2021-05-27,Tirunelveli,8.7139,77.7567,Dryland,25.83,28.83,23.79,84.71,5.34,4.32,18.84,36.72
2021-05-28,Tirunelveli,8.7139,77.7567,Dryland,26.28,29.68,23.37,87.33,4.02,1.96,23.72,36.7
2021-05-29,Tirunelveli,8.7139,77.7567,Dryland,26.13,29.18,23.78,87.62,3.92,0.85,19.74,36.67
2021-05-30,Tirunelveli,8.7139,77.7567,Dryland,26.0,29.44,23.65,87.18,4.08,0.11,23.15,36.64
2021-05-31,Tirunelveli,8.7139,77.7567,Dryland,26.14,28.92,24.26,88.16,4.05,1.09,22.64,36.62
2021-06-01,Tirunelveli,8.7139,77.7567,Dryland,25.99,29.19,23.89,87.38,3.71,0.97,22.3,36.59
2021-06-02,Tirunelveli,8.7139,77.7567,Dryland,26.47,30.22,23.5,86.78,3.22,0.21,23.68,36.57
2021-06-03,Tirunelveli,8.7139,77.7567,Dryland,26.28,28.64,24.47,91.3,3.31,1.35,20.25,36.55
2021-06-04,Tirunelveli,8.7139,77.7567,Dryland,25.74,27.37,24.67,93.03,2.95,10.07,18.7,36.53
2021-06-05,Tirunelveli,8.7139,77.7567,Dryland,25.51,27.46,24.2,92.63,2.18,8.29,13.79,36.51
2021-06-06,Tirunelveli,8.7139,77.7567,Dryland,25.83,29.09,23.55,89.16,2.56,2.51,20.82,36.49
2021-06-07,Tirunelveli,8.7139,77.7567,Dryland,26.27,29.71,23.94,87.28,2.81,0.15,22.9,36.47
2021-06-08,Tirunelveli,8.7139,77.7567,Dryland,25.69,28.44,23.28,88.51,3.51,0.52,19.79,36.45
2021-06-09,Tirunelveli,8.7139,77.7567,Dryland,25.95,28.34,24.48,89.74,3.36,0.45,20.91,36.43
2021-06-10,Tirunelveli,8.7139,77.7567,Dryland,25.72,28.81,23.88,89.15,3.81,0.34,22.05,36.42
2021-06-11,Tirunelveli,8.7139,77.7567,Dryland,25.77,29.26,23.16,87.56,3.65,0.36,24.61,36.4
2021-06-12,Tirunelveli,8.7139,77.7567,Dryland,25.78,28.07,23.87,89.07,4.11,2.81,18.4,36.39
2021-06-13,Tirunelveli,8.7139,77.7567,Dryland,25.15,27.19,22.93,87.61,4.46,5.09,13.62,36.38
2021-06-14,Tirunelveli,8.7139,77.7567,Dryland,24.89,27.68,22.69,88.53,3.73,5.53,14.52,36.36
2021-06-15,Tirunelveli,8.7139,77.7567,Dryland,25.84,29.19,23.61,86.48,4.6,0.63,17.74,36.35
2021-06-16,Tirunelveli,8.7139,77.7567,Dryland,25.84,28.57,23.98,86.67,4.89,1.17,17.13,36.34
2021-06-17,Tirunelveli,8.7139,77.7567,Dryland,25.96,28.65,24.17,87.76,4.28,1.09,17.77,36.33
2021-06-18,Tirunelveli,8.7139,77.7567,Dryland,25.81,28.79,23.79,88.83,3.66,0.38,19.34,36.33
2021-06-19,Tirunelveli,8.7139,77.7567,Dryland,25.37,28.84,22.78,87.83,3.2,0.23,21.45,36.32
2021-06-20,Tirunelveli,8.7139,77.7567,Dryland,25.5,29.26,22.51,87.69,3.22,0.1,23.17,36.31
2021-06-21,Tirunelveli,8.7139,77.7567,Dryland,25.74,29.19,23.27,87.94,3.41,0.09,22.65,36.31
2021-06-22,Tirunelveli,8.7139,77.7567,Dryland,25.41,28.22,23.31,90.77,3.17,1.12,19.46,36.3
2021-06-23,Tirunelveli,8.7139,77.7567,Dryland,25.7,28.5,23.65,89.25,2.52,0.89,21.28,36.3
2021-06-24,Tirunelveli,8.7139,77.7567,Dryland,25.32,27.82,23.6,90.27,2.85,0.32,19.63,36.3
2021-06-25,Tirunelveli,8.7139,77.7567,Dryland,25.68,29.54,23.03,87.35,3.16,0.37,22.91,36.31
2021-06-26,Tirunelveli,8.7139,77.7567,Dryland,25.69,29.12,23.62,86.67,3.76,2.24,21.46,36.3
2021-06-27,Tirunelveli,8.7139,77.7567,Dryland,25.5,28.93,23.24,86.74,3.25,0.92,20.44,36.3
2021-06-28,Tirunelveli,8.7139,77.7567,Dryland,25.3,29.59,21.88,82.0,3.08,0.19,19.34,36.3
2021-06-29,Tirunelveli,8.7139,77.7567,Dryland,25.9,30.73,21.84,83.14,2.41,0.15,22.18,36.3
2021-06-30,Tirunelveli,8.7139,77.7567,Dryland,26.3,30.85,22.66,83.55,2.58,0.14,22.98,36.3
2021-07-01,Tirunelveli,8.7139,77.7567,Dryland,26.29,29.91,23.75,86.71,3.29,3.14,21.63,36.31
2021-07-02,Tirunelveli,8.7139,77.7567,Dryland,26.1,29.61,23.73,85.22,3.18,2.07,21.79,36.32
2021-07-03,Tirunelveli,8.7139,77.7567,Dryland,25.48,28.45,23.7,86.1,3.59,1.39,21.57,36.33
2021-07-04,Tirunelveli,8.7139,77.7567,Dryland,25.75,29.5,23.29,85.15,3.2,0.77,20.6,36.34
2021-07-05,Tirunelveli,8.7139,77.7567,Dryland,25.75,29.6,22.99,83.62,3.6,0.52,23.63,36.35
2021-07-06,Tirunelveli,8.7139,77.7567,Dryland,25.63,28.54,23.31,85.5,2.8,0.43,22.2,36.36
2021-07-07,Tirunelveli,8.7139,77.7567,Dryland,26.01,30.38,22.52,83.66,3.4,4.35,20.99,36.37
2021-07-08,Tirunelveli,8.7139,77.7567,Dryland,26.05,29.64,23.36,86.86,3.65,2.13,23.89,36.38
2021-07-09,Tirunelveli,8.7139,77.7567,Dryland,25.11,28.06,23.26,87.23,5.13,16.12,20.33,36.39
2021-07-10,Tirunelveli,8.7139,77.7567,Dryland,24.31,25.85,23.06,87.48,5.72,25.48,10.08,36.4
2021-07-11,Tirunelveli,8.7139,77.7567,Dryland,25.01,27.82,23.03,85.32,4.66,0.45,15.39,36.42
2021-07-12,Tirunelveli,8.7139,77.7567,Dryland,25.48,28.56,23.39,86.59,4.9,1.23,17.33,36.43
2021-07-13,Tirunelveli,8.7139,77.7567,Dryland,25.57,28.77,23.23,84.8,4.86,0.25,18.8,36.45
2021-07-14,Tirunelveli,8.7139,77.7567,Dryland,25.51,28.75,23.25,83.1,4.65,0.54,13.7,36.47
2021-07-15,Tirunelveli,8.7139,77.7567,Dryland,25.27,29.25,22.6,84.63,3.81,4.1,18.29,36.48
2021-07-16,Tirunelveli,8.7139,77.7567,Dryland,25.38,28.74,23.26,86.89,3.84,3.89,17.09,36.5
2021-07-17,Tirunelveli,8.7139,77.7567,Dryland,25.22,29.17,22.22,84.47,3.45,0.52,22.79,36.52
2021-07-18,Tirunelveli,8.7139,77.7567,Dryland,25.02,28.02,23.55,87.76,4.51,0.54,14.64,36.54
2021-07-19,Tirunelveli,8.7139,77.7567,Dryland,25.28,28.3,23.01,85.85,4.2,0.11,22.51,36.56
2021-07-20,Tirunelveli,8.7139,77.7567,Dryland,25.86,29.96,23.38,83.42,4.54,0.03,21.75,36.58
2021-07-21,Tirunelveli,8.7139,77.7567,Dryland,25.51,28.36,23.17,85.55,4.68,0.1,17.78,36.6
2021-07-22,Tirunelveli,8.7139,77.7567,Dryland,25.61,28.01,24.14,87.81,5.03,2.51,16.11,36.62
2021-07-23,Tirunelveli,8.7139,77.7567,Dryland,25.1,27.02,23.82,89.68,5.83,17.4,13.39,36.65
2021-07-24,Tirunelveli,8.7139,77.7567,Dryland,25.18,28.47,23.4,84.33,5.51,6.64,14.94,36.67
2021-07-25,Tirunelveli,8.7139,77.7567,Dryland,24.83,27.91,22.8,85.46,4.9,1.79,19.2,36.69
2021-07-26,Tirunelveli,8.7139,77.7567,Dryland,24.86,28.6,22.55,86.29,4.46,0.7,19.24,36.71
2021-07-27,Tirunelveli,8.7139,77.7567,Dryland,25.54,29.14,23.16,86.64,4.18,0.48,20.18,36.73
2021-07-28,Tirunelveli,8.7139,77.7567,Dryland,25.52,29.44,23.01,86.26,3.79,0.84,18.85,36.75
2021-07-29,Tirunelveli,8.7139,77.7567,Dryland,25.68,29.7,23.25,85.3,4.19,0.15,22.59,36.77
2021-07-30,Tirunelveli,8.7139,77.7567,Dryland,25.89,29.78,23.25,84.34,3.97,0.25,24.88,36.79
2021-07-31,Tirunelveli,8.7139,77.7567,Dryland,26.16,30.85,23.31,82.31,4.49,0.13,23.1,36.81
2021-08-01,Tirunelveli,8.7139,77.7567,Dryland,26.18,30.98,23.34,82.19,4.29,0.06,22.54,36.83
2021-08-02,Tirunelveli,8.7139,77.7567,Dryland,26.03,30.71,22.77,82.01,4.07,0.16,22.4,36.85
2021-08-03,Tirunelveli,8.7139,77.7567,Dryland,26.22,30.73,23.31,80.41,4.37,0.13,20.38,36.87
2021-08-04,Tirunelveli,8.7139,77.7567,Dryland,25.95,30.61,22.7,81.0,4.4,0.23,20.68,36.89
2021-08-05,Tirunelveli,8.7139,77.7567,Dryland,25.69,29.2,23.46,84.15,4.3,1.5,19.21,36.91
2021-08-06,Tirunelveli,8.7139,77.7567,Dryland,26.07,29.67,23.78,84.79,4.2,4.48,18.84,36.93
2021-08-07,Tirunelveli,8.7139,77.7567,Dryland,25.75,29.8,23.32,83.83,4.96,2.66,15.07,36.95
2021-08-08,Tirunelveli,8.7139,77.7567,Dryland,25.53,29.11,23.3,83.86,4.01,0.46,18.73,36.97
2021-08-09,Tirunelveli,8.7139,77.7567,Dryland,25.1,28.51,23.09,82.62,3.46,2.91,21.95,36.99
2021-08-10,Tirunelveli,8.7139,77.7567,Dryland,25.92,30.94,23.18,79.17,4.23,0.11,16.02,37.01
2021-08-11,Tirunelveli,8.7139,77.7567,Dryland,25.57,29.24,23.12,83.26,4.84,1.57,17.33,37.02
2021-08-12,Tirunelveli,8.7139,77.7567,Dryland,24.91,28.31,23.0,84.07,4.26,0.81,19.24,37.04
2021-08-13,Tirunelveli,8.7139,77.7567,Dryland,25.68,30.92,22.6,79.76,4.55,0.49,16.32,37.06
2021-08-14,Tirunelveli,8.7139,77.7567,Dryland,25.44,30.32,22.59,80.88,4.51,0.83,19.29,37.08
2021-08-15,Tirunelveli,8.7139,77.7567,Dryland,25.67,29.86,23.29,83.1,4.42,0.58,18.21,37.09
2021-08-16,Tirunelveli,8.7139,77.7567,Dryland,25.35,29.74,22.83,80.5,4.14,0.08,19.86,37.1
2021-08-17,Tirunelveli,8.7139,77.7567,Dryland,25.95,30.88,23.02,78.73,3.92,0.59,19.83,37.12
2021-08-18,Tirunelveli,8.7139,77.7567,Dryland,24.5,27.85,22.5,82.26,4.21,1.6,13.48,37.13
2021-08-19,Tirunelveli,8.7139,77.7567,Dryland,25.79,31.42,21.68,78.56,3.74,0.24,21.27,37.15
2021-08-20,Tirunelveli,8.7139,77.7567,Dryland,26.39,31.64,22.23,77.15,2.94,0.13,23.01,37.16
2021-08-21,Tirunelveli,8.7139,77.7567,Dryland,26.49,31.39,23.43,78.19,2.1,0.43,18.59,37.17
2021-08-22,Tirunelveli,8.7139,77.7567,Dryland,26.2,31.92,22.33,78.11,1.55,0.95,14.47,37.18
2021-08-23,Tirunelveli,8.7139,77.7567,Dryland,26.42,32.24,22.37,76.25,2.34,0.45,21.76,37.18
2021-08-24,Tirunelveli,8.7139,77.7567,Dryland,26.68,32.35,22.96,75.01,2.77,0.25,23.18,37.19
2021-08-25,Tirunelveli,8.7139,77.7567,Dryland,26.66,32.04,23.31,79.38,2.93,6.17,22.46,37.2
2021-08-26,Tirunelveli,8.7139,77.7567,Dryland,26.13,29.8,23.83,83.02,4.3,6.53,19.08,37.2
2021-08-27,Tirunelveli,8.7139,77.7567,Dryland,25.71,28.9,23.92,85.55,4.65,3.19,16.71,37.2
2021-08-28,Tirunelveli,8.7139,77.7567,Dryland,25.35,29.28,23.4,84.91,4.63,5.04,13.47,37.2
2021-08-29,Tirunelveli,8.7139,77.7567,Dryland,25.1,28.68,23.35,84.58,4.93,8.0,13.0,37.2
2021-08-30,Tirunelveli,8.7139,77.7567,Dryland,25.65,30.72,22.81,80.91,4.29,0.44,14.48,37.2
2021-08-31,Tirunelveli,8.7139,77.7567,Dryland,26.56,31.77,23.26,80.23,3.54,0.95,22.09,37.2
2021-09-01,Tirunelveli,8.7139,77.7567,Dryland,26.41,31.13,23.85,81.13,3.42,0.93,21.27,37.2
2021-09-02,Tirunelveli,8.7139,77.7567,Dryland,25.61,29.12,23.71,84.73,3.23,1.8,20.51,37.19
2021-09-03,Tirunelveli,8.7139,77.7567,Dryland,25.54,29.31,23.08,84.94,2.63,1.87,15.94,37.18
2021-09-04,Tirunelveli,8.7139,77.7567,Dryland,25.58,28.93,23.33,84.66,3.56,1.12,18.77,37.17
2021-09-05,Tirunelveli,8.7139,77.7567,Dryland,25.32,28.31,23.44,86.69,4.14,2.92,17.69,37.16
2021-09-06,Tirunelveli,8.7139,77.7567,Dryland,25.81,30.54,23.05,80.09,4.42,1.53,17.9,37.14
2021-09-07,Tirunelveli,8.7139,77.7567,Dryland,25.81,30.12,23.49,82.76,4.06,0.77,17.86,37.13
2021-09-08,Tirunelveli,8.7139,77.7567,Dryland,26.06,30.18,23.55,81.24,4.17,0.37,21.56,37.11
2021-09-09,Tirunelveli,8.7139,77.7567,Dryland,26.69,32.8,23.03,78.69,3.59,0.36,21.78,37.1
2021-09-10,Tirunelveli,8.7139,77.7567,Dryland,26.4,32.21,22.99,80.71,4.13,0.23,22.35,37.09
2021-09-11,Tirunelveli,8.7139,77.7567,Dryland,26.51,31.85,23.02,79.36,4.09,0.26,20.2,37.08
2021-09-12,Tirunelveli,8.7139,77.7567,Dryland,26.02,29.83,23.86,81.94,4.7,4.47,16.4,37.06
2021-09-13,Tirunelveli,8.7139,77.7567,Dryland,26.18,29.93,24.03,82.83,5.05,5.29,16.01,37.04
2021-09-14,Tirunelveli,8.7139,77.7567,Dryland,26.34,29.68,24.11,83.31,3.84,0.78,21.38,37.02
2021-09-15,Tirunelveli,8.7139,77.7567,Dryland,26.53,31.1,23.92,84.09,3.31,4.65,20.17,36.99
2021-09-16,Tirunelveli,8.7139,77.7567,Dryland,25.78,28.65,23.75,86.62,3.23,6.53,17.66,36.96
2021-09-17,Tirunelveli,8.7139,77.7567,Dryland,26.76,32.31,22.88,80.22,2.68,1.13,21.26,36.94
2021-09-18,Tirunelveli,8.7139,77.7567,Dryland,26.42,30.72,23.27,82.77,2.56,1.25,18.81,36.91
2021-09-19,Tirunelveli,8.7139,77.7567,Dryland,26.78,31.29,23.54,79.39,1.89,0.15,17.76,36.88
2021-09-20,Tirunelveli,8.7139,77.7567,Dryland,26.95,31.91,23.22,76.65,1.91,0.06,20.49,36.85
2021-09-21,Tirunelveli,8.7139,77.7567,Dryland,26.71,31.62,23.56,80.11,3.36,0.11,23.26,36.81
2021-09-22,Tirunelveli,8.7139,77.7567,Dryland,26.85,32.36,23.78,78.04,3.62,1.44,22.52,36.78
2021-09-23,Tirunelveli,8.7139,77.7567,Dryland,27.06,32.05,23.91,78.3,4.08,2.87,22.79,36.74
2021-09-24,Tirunelveli,8.7139,77.7567,Dryland,27.64,33.53,23.87,76.24,2.76,1.72,20.82,36.7
2021-09-25,Tirunelveli,8.7139,77.7567,Dryland,26.09,29.46,24.22,84.02,3.65,1.98,20.69,36.66
2021-09-26,Tirunelveli,8.7139,77.7567,Dryland,26.31,32.24,23.26,78.52,3.91,9.05,17.33,36.62
2021-09-27,Tirunelveli,8.7139,77.7567,Dryland,24.76,26.96,23.48,86.8,5.69,45.9,15.53,36.57
2021-09-28,Tirunelveli,8.7139,77.7567,Dryland,24.91,27.86,23.0,84.89,4.39,2.23,12.79,36.53
2021-09-29,Tirunelveli,8.7139,77.7567,Dryland,25.97,31.49,21.99,82.33,3.3,0.21,20.79,36.48
2021-09-30,Tirunelveli,8.7139,77.7567,Dryland,26.13,31.21,22.84,81.41,2.84,0.62,20.03,36.42
2021-10-01,Tirunelveli,8.7139,77.7567,Dryland,25.43,29.2,23.2,85.65,1.65,3.29,11.83,36.37
2021-10-02,Tirunelveli,8.7139,77.7567,Dryland,24.82,27.65,22.95,90.25,1.64,33.53,10.62,36.32
2021-10-03,Tirunelveli,8.7139,77.7567,Dryland,26.42,30.63,23.69,84.88,1.51,1.74,20.16,36.26
2021-10-04,Tirunelveli,8.7139,77.7567,Dryland,25.4,28.4,23.43,88.19,1.67,2.39,16.51,36.21
2021-10-05,Tirunelveli,8.7139,77.7567,Dryland,25.87,30.07,22.39,85.63,2.13,6.93,18.6,36.15
2021-10-06,Tirunelveli,8.7139,77.7567,Dryland,25.26,27.98,23.38,88.12,2.43,4.99,15.59,36.09
2021-10-07,Tirunelveli,8.7139,77.7567,Dryland,25.67,28.82,23.74,88.75,2.43,6.28,20.26,36.03
2021-10-08,Tirunelveli,8.7139,77.7567,Dryland,25.72,28.41,23.85,89.41,3.12,12.65,19.29,35.97
2021-10-09,Tirunelveli,8.7139,77.7567,Dryland,25.45,27.65,24.16,90.32,3.41,4.95,11.06,35.9
2021-10-10,Tirunelveli,8.7139,77.7567,Dryland,25.75,28.35,24.33,90.11,3.37,3.45,21.16,35.84
2021-10-11,Tirunelveli,8.7139,77.7567,Dryland,25.51,29.39,23.23,85.18,3.68,13.3,11.26,35.77
2021-10-12,Tirunelveli,8.7139,77.7567,Dryland,25.08,29.04,22.77,84.97,3.73,3.53,14.35,35.71
2021-10-13,Tirunelveli,8.7139,77.7567,Dryland,25.03,27.64,22.92,89.54,3.19,1.82,22.75,35.65
2021-10-14,Tirunelveli,8.7139,77.7567,Dryland,25.73,29.11,23.54,88.74,3.41,6.48,18.75,35.58
2021-10-15,Tirunelveli,8.7139,77.7567,Dryland,26.05,29.81,23.49,87.4,3.45,12.29,18.13,35.51
2021-10-16,Tirunelveli,8.7139,77.7567,Dryland,25.76,27.69,24.53,92.42,4.52,29.36,6.59,35.44
2021-10-17,Tirunelveli,8.7139,77.7567,Dryland,25.76,28.54,24.33,88.93,4.81,11.04,13.76,35.37
2021-10-18,Tirunelveli,8.7139,77.7567,Dryland,25.35,28.74,23.31,87.4,3.96,0.16,22.01,35.3
2021-10-19,Tirunelveli,8.7139,77.7567,Dryland,25.52,29.38,22.85,88.16,2.4,0.2,20.07,35.22
2021-10-20,Tirunelveli,8.7139,77.7567,Dryland,25.3,28.04,23.4,91.35,1.46,12.53,15.31,35.15
2021-10-21,Tirunelveli,8.7139,77.7567,Dryland,25.65,29.0,22.85,86.62,0.78,2.04,17.09,35.07
2021-10-22,Tirunelveli,8.7139,77.7567,Dryland,25.54,28.45,23.4,87.73,0.82,0.55,17.26,34.99
2021-10-23,Tirunelveli,8.7139,77.7567,Dryland,25.2,28.61,22.94,88.78,1.6,5.67,10.64,34.92
2021-10-24,Tirunelveli,8.7139,77.7567,Dryland,25.18,29.42,22.18,86.43,1.72,2.38,21.96,34.84
2021-10-25,Tirunelveli,8.7139,77.7567,Dryland,25.59,29.09,22.53,86.22,0.98,7.1,18.34,34.76
2021-10-26,Tirunelveli,8.7139,77.7567,Dryland,26.24,29.66,23.4,81.55,0.55,5.72,13.08,34.68
2021-10-27,Tirunelveli,8.7139,77.7567,Dryland,25.35,28.93,23.16,86.44,1.17,5.25,11.8,34.6
2021-10-28,Tirunelveli,8.7139,77.7567,Dryland,24.47,28.21,21.5,86.44,1.41,14.54,14.97,34.52
2021-10-29,Tirunelveli,8.7139,77.7567,Dryland,24.14,26.74,21.84,88.97,1.27,29.75,10.63,34.44
2021-10-30,Tirunelveli,8.7139,77.7567,Dryland,24.26,27.3,22.43,91.02,2.73,45.16,12.83,34.36
2021-10-31,Tirunelveli,8.7139,77.7567,Dryland,24.23,27.62,21.53,89.31,1.72,12.85,9.06,34.28
2021-11-01,Tirunelveli,8.7139,77.7567,Dryland,23.92,26.85,22.11,90.96,1.18,9.34,8.28,34.2
2021-11-02,Tirunelveli,8.7139,77.7567,Dryland,24.6,28.35,21.47,87.28,1.35,10.27,13.72,34.12
2021-11-03,Tirunelveli,8.7139,77.7567,Dryland,23.98,25.93,22.66,89.7,0.89,17.99,15.37,34.04
2021-11-04,Tirunelveli,8.7139,77.7567,Dryland,24.51,27.07,22.65,88.78,0.7,25.96,14.37,33.96
2021-11-05,Tirunelveli,8.7139,77.7567,Dryland,24.33,27.24,22.27,91.51,1.95,9.06,18.51,33.88
2021-11-06,Tirunelveli,8.7139,77.7567,Dryland,24.99,28.91,22.43,88.18,1.44,3.33,18.65,33.8
2021-11-07,Tirunelveli,8.7139,77.7567,Dryland,24.37,26.31,22.9,92.73,2.19,3.81,11.78,33.72
2021-11-08,Tirunelveli,8.7139,77.7567,Dryland,23.84,26.24,22.09,92.58,2.11,38.16,5.27,33.63
2021-11-09,Tirunelveli,8.7139,77.7567,Dryland,22.81,25.66,21.15,88.54,1.82,5.46,9.1,33.56
2021-11-10,Tirunelveli,8.7139,77.7567,Dryland,23.96,28.47,20.58,88.33,1.58,4.51,17.71,33.48
2021-11-11,Tirunelveli,8.7139,77.7567,Dryland,24.08,26.41,21.98,92.46,2.64,11.84,16.91,33.4
2021-11-12,Tirunelveli,8.7139,77.7567,Dryland,24.95,28.01,23.26,90.07,3.9,19.18,13.26,33.32
2021-11-13,Tirunelveli,8.7139,77.7567,Dryland,24.95,27.28,23.67,91.55,3.43,24.99,6.65,33.25
2021-11-14,Tirunelveli,8.7139,77.7567,Dryland,24.27,25.08,23.72,92.75,3.69,20.57,10.57,33.17
2021-11-15,Tirunelveli,8.7139,77.7567,Dryland,25.03,27.32,23.59,91.87,2.62,4.02,11.82,33.1
2021-11-16,Tirunelveli,8.7139,77.7567,Dryland,24.6,27.0,23.02,92.56,2.01,6.19,15.15,33.03
2021-11-17,Tirunelveli,8.7139,77.7567,Dryland,25.23,27.95,22.61,88.29,1.13,20.92,15.76,32.95
2021-11-18,Tirunelveli,8.7139,77.7567,Dryland,24.58,27.33,22.64,91.9,2.05,21.8,14.94,32.88
2021-11-19,Tirunelveli,8.7139,77.7567,Dryland,24.8,27.89,22.41,90.75,3.59,2.78,14.8,32.81
2021-11-20,Tirunelveli,8.7139,77.7567,Dryland,24.52,27.93,21.3,88.87,3.38,2.71,21.78,32.74
2021-11-21,Tirunelveli,8.7139,77.7567,Dryland,23.56,28.26,19.29,85.24,1.85,0.01,22.04,32.67
2021-11-22,Tirunelveli,8.7139,77.7567,Dryland,24.66,28.95,20.5,88.7,1.45,3.56,20.69,32.61
2021-11-23,Tirunelveli,8.7139,77.7567,Dryland,24.51,27.27,22.26,91.07,1.62,9.1,9.88,32.55
2021-11-24,Tirunelveli,8.7139,77.7567,Dryland,23.81,26.68,22.15,89.35,2.11,4.87,5.49,32.48
2021-11-25,Tirunelveli,8.7139,77.7567,Dryland,23.67,26.02,21.88,92.25,1.63,87.62,1.17,32.42
2021-11-26,Tirunelveli,8.7139,77.7567,Dryland,24.14,26.76,21.4,91.93,1.31,12.48,7.84,32.36
2021-11-27,Tirunelveli,8.7139,77.7567,Dryland,23.89,26.87,21.58,92.61,2.23,3.9,13.16,32.3
2021-11-28,Tirunelveli,8.7139,77.7567,Dryland,23.54,25.41,21.99,95.97,2.51,12.01,12.43,32.24
2021-11-29,Tirunelveli,8.7139,77.7567,Dryland,23.86,25.44,22.82,95.34,1.52,40.37,10.52,32.19
2021-11-30,Tirunelveli,8.7139,77.7567,Dryland,24.17,26.96,22.09,91.92,1.39,3.39,16.51,32.14
2021-12-01,Tirunelveli,8.7139,77.7567,Dryland,24.69,27.79,22.39,89.62,1.66,1.18,17.81,32.09
2021-12-02,Tirunelveli,8.7139,77.7567,Dryland,24.92,28.45,21.93,90.02,1.29,11.87,16.73,32.04
2021-12-03,Tirunelveli,8.7139,77.7567,Dryland,24.82,28.21,22.21,88.64,1.41,7.54,15.92,32.0
2021-12-04,Tirunelveli,8.7139,77.7567,Dryland,24.64,28.35,21.56,85.27,0.86,2.88,11.17,31.95
2021-12-05,Tirunelveli,8.7139,77.7567,Dryland,25.35,29.25,22.5,88.38,1.17,9.15,17.59,31.91
2021-12-06,Tirunelveli,8.7139,77.7567,Dryland,25.97,30.06,22.84,83.18,0.63,2.88,15.55,31.87
2021-12-07,Tirunelveli,8.7139,77.7567,Dryland,25.0,28.21,22.47,89.28,1.74,7.46,17.23,31.84
2021-12-08,Tirunelveli,8.7139,77.7567,Dryland,24.55,27.87,22.04,89.53,2.12,1.61,16.25,31.8
2021-12-09,Tirunelveli,8.7139,77.7567,Dryland,24.12,26.86,21.94,93.33,2.28,18.36,13.22,31.77
2021-12-10,Tirunelveli,8.7139,77.7567,Dryland,24.21,27.94,21.73,90.45,2.93,3.58,15.19,31.74
2021-12-11,Tirunelveli,8.7139,77.7567,Dryland,24.29,27.86,21.53,90.86,2.92,0.66,19.76,31.72
2021-12-12,Tirunelveli,8.7139,77.7567,Dryland,24.56,27.59,22.5,90.33,3.7,2.64,15.36,31.69
2021-12-13,Tirunelveli,8.7139,77.7567,Dryland,24.0,26.89,22.06,91.8,2.95,3.59,15.1,31.68
2021-12-14,Tirunelveli,8.7139,77.7567,Dryland,24.19,27.4,22.42,91.09,3.09,0.12,18.14,31.66
2021-12-15,Tirunelveli,8.7139,77.7567,Dryland,24.0,26.57,22.12,91.47,2.68,0.11,14.29,31.64
2021-12-16,Tirunelveli,8.7139,77.7567,Dryland,23.77,26.87,21.21,90.26,3.13,0.04,19.42,31.63
2021-12-17,Tirunelveli,8.7139,77.7567,Dryland,23.73,27.31,21.13,88.8,2.78,0.05,18.44,31.62
2021-12-18,Tirunelveli,8.7139,77.7567,Dryland,23.2,27.22,19.47,88.85,2.74,0.0,18.98,31.62
2021-12-19,Tirunelveli,8.7139,77.7567,Dryland,22.41,26.23,19.17,87.03,3.14,0.0,17.42,31.62
2021-12-20,Tirunelveli,8.7139,77.7567,Dryland,21.97,26.37,17.89,87.74,2.77,0.0,18.35,31.62
2021-12-21,Tirunelveli,8.7139,77.7567,Dryland,22.15,27.21,17.9,86.38,2.06,0.0,18.05,31.62
2021-12-22,Tirunelveli,8.7139,77.7567,Dryland,22.21,27.08,17.29,87.25,1.76,0.0,17.22,31.62
2021-12-23,Tirunelveli,8.7139,77.7567,Dryland,21.62,26.59,17.86,85.8,1.88,0.0,17.99,31.63
2021-12-24,Tirunelveli,8.7139,77.7567,Dryland,20.68,26.11,15.69,86.4,2.05,0.0,19.37,31.63
2021-12-25,Tirunelveli,8.7139,77.7567,Dryland,21.2,26.5,16.46,87.33,2.24,0.0,19.67,31.64
2021-12-26,Tirunelveli,8.7139,77.7567,Dryland,21.64,26.71,16.55,87.09,2.21,0.0,20.22,31.66
2021-12-27,Tirunelveli,8.7139,77.7567,Dryland,22.16,26.84,18.11,87.63,2.62,0.01,21.02,31.67
2021-12-28,Tirunelveli,8.7139,77.7567,Dryland,22.31,27.14,17.84,86.64,2.47,0.0,20.13,31.7
2021-12-29,Tirunelveli,8.7139,77.7567,Dryland,22.32,27.33,17.94,87.3,2.23,0.0,22.08,31.72
2021-12-30,Tirunelveli,8.7139,77.7567,Dryland,23.13,27.61,18.84,87.42,2.34,0.37,17.09,31.75
2021-12-31,Tirunelveli,8.7139,77.7567,Dryland,24.51,27.94,22.11,89.82,3.27,3.36,15.04,31.78
2022-01-01,Tirunelveli,8.7139,77.7567,Dryland,24.91,28.65,22.57,88.83,3.5,4.6,15.05,31.82
2022-01-02,Tirunelveli,8.7139,77.7567,Dryland,24.19,27.04,22.33,90.46,4.25,7.05,14.92,31.85
2022-01-03,Tirunelveli,8.7139,77.7567,Dryland,23.03,26.15,20.91,90.33,3.58,53.94,15.42,31.89
2022-01-04,Tirunelveli,8.7139,77.7567,Dryland,23.11,26.92,20.59,88.18,3.56,7.9,17.94,31.93
2022-01-05,Tirunelveli,8.7139,77.7567,Dryland,22.65,27.44,18.65,86.75,2.4,0.0,20.4,31.97
2022-01-06,Tirunelveli,8.7139,77.7567,Dryland,23.19,28.05,19.02,90.48,2.5,0.0,15.7,32.01
2022-01-07,Tirunelveli,8.7139,77.7567,Dryland,23.88,28.11,20.77,90.03,2.45,0.0,19.89,32.06
2022-01-08,Tirunelveli,8.7139,77.7567,Dryland,23.7,27.86,20.58,89.16,2.76,0.01,14.14,32.11
2022-01-09,Tirunelveli,8.7139,77.7567,Dryland,22.63,26.61,19.04,88.64,2.45,0.01,17.45,32.16
2022-01-10,Tirunelveli,8.7139,77.7567,Dryland,23.48,28.4,19.56,87.25,1.91,0.05,20.16,32.22
2022-01-11,Tirunelveli,8.7139,77.7567,Dryland,23.84,28.55,19.48,86.63,1.89,0.0,19.54,32.28
2022-01-12,Tirunelveli,8.7139,77.7567,Dryland,24.67,29.05,20.03,83.78,1.24,0.0,19.05,32.34
2022-01-13,Tirunelveli,8.7139,77.7567,Dryland,25.06,29.38,21.17,84.74,1.06,0.0,19.43,32.4
2022-01-14,Tirunelveli,8.7139,77.7567,Dryland,25.38,28.97,22.02,82.76,0.86,0.0,18.91,32.47
2022-01-15,Tirunelveli,8.7139,77.7567,Dryland,24.96,29.41,21.09,85.08,1.38,0.0,20.67,32.53
2022-01-16,Tirunelveli,8.7139,77.7567,Dryland,24.57,28.65,21.15,86.06,2.87,0.0,19.43,32.6
2022-01-17,Tirunelveli,8.7139,77.7567,Dryland,24.29,28.42,21.09,85.94,3.11,0.01,18.91,32.67
2022-01-18,Tirunelveli,8.7139,77.7567,Dryland,23.59,27.95,19.82,84.7,3.2,0.0,20.13,32.75
2022-01-19,Tirunelveli,8.7139,77.7567,Dryland,23.5,28.67,18.68,82.89,2.41,0.0,21.38,32.82
2022-01-20,Tirunelveli,8.7139,77.7567,Dryland,23.56,28.7,19.0,79.44,1.65,0.01,19.33,32.9
2022-01-21,Tirunelveli,8.7139,77.7567,Dryland,24.26,29.59,19.25,77.2,0.9,0.0,18.08,32.97
2022-01-22,Tirunelveli,8.7139,77.7567,Dryland,24.87,30.2,20.13,81.78,1.23,0.0,21.15,33.04
2022-01-23,Tirunelveli,8.7139,77.7567,Dryland,24.73,30.05,20.78,83.23,1.5,0.0,20.45,33.12
2022-01-24,Tirunelveli,8.7139,77.7567,Dryland,24.08,30.29,18.84,79.54,1.39,0.0,19.82,33.2
2022-01-25,Tirunelveli,8.7139,77.7567,Dryland,24.44,30.0,19.25,78.21,1.08,0.0,19.05,33.28
2022-01-26,Tirunelveli,8.7139,77.7567,Dryland,24.49,29.07,21.07,79.48,0.96,0.01,17.26,33.36
2022-01-27,Tirunelveli,8.7139,77.7567,Dryland,24.57,29.95,20.08,77.43,2.37,0.0,19.28,33.44
2022-01-28,Tirunelveli,8.7139,77.7567,Dryland,24.36,29.45,20.2,76.79,3.6,0.0,21.4,33.51
2022-01-29,Tirunelveli,8.7139,77.7567,Dryland,24.85,30.36,20.58,80.58,3.67,0.0,17.54,33.59
2022-01-30,Tirunelveli,8.7139,77.7567,Dryland,25.89,31.78,21.16,78.93,2.93,0.0,19.92,33.67
2022-01-31,Tirunelveli,8.7139,77.7567,Dryland,25.8,31.26,22.02,79.73,2.72,0.0,19.86,33.76
2022-02-01,Tirunelveli,8.7139,77.7567,Dryland,25.63,31.66,21.77,78.77,2.52,0.0,19.14,33.85
2022-02-02,Tirunelveli,8.7139,77.7567,Dryland,24.21,31.2,19.46,74.9,2.49,0.0,21.95,33.94
2022-02-03,Tirunelveli,8.7139,77.7567,Dryland,24.07,31.49,16.62,69.43,1.42,0.0,21.09,34.03
2022-02-04,Tirunelveli,8.7139,77.7567,Dryland,25.7,32.65,20.27,71.63,0.81,0.0,22.37,34.13
2022-02-05,Tirunelveli,8.7139,77.7567,Dryland,26.35,32.75,21.65,73.59,1.1,0.01,21.14,34.21
2022-02-06,Tirunelveli,8.7139,77.7567,Dryland,25.76,31.62,21.75,75.0,1.95,0.0,19.68,34.3
2022-02-07,Tirunelveli,8.7139,77.7567,Dryland,25.32,32.24,19.57,72.91,2.02,0.0,21.79,34.39
2022-02-08,Tirunelveli,8.7139,77.7567,Dryland,25.24,32.04,19.87,72.49,2.1,0.0,21.82,34.48
2022-02-09,Tirunelveli,8.7139,77.7567,Dryland,23.48,28.72,19.36,70.31,2.7,0.0,21.87,34.58
2022-02-10,Tirunelveli,8.7139,77.7567,Dryland,24.77,31.41,18.72,67.22,2.09,0.0,21.3,34.67
2022-02-11,Tirunelveli,8.7139,77.7567,Dryland,26.12,31.96,22.05,75.67,3.47,0.64,15.78,34.76
2022-02-12,Tirunelveli,8.7139,77.7567,Dryland,24.37,28.17,22.22,84.6,3.01,8.25,13.6,34.84
2022-02-13,Tirunelveli,8.7139,77.7567,Dryland,24.32,29.01,21.31,82.73,3.44,2.99,15.22,34.93
2022-02-14,Tirunelveli,8.7139,77.7567,Dryland,25.53,32.19,20.99,73.17,3.35,0.18,19.91,35.02
2022-02-15,Tirunelveli,8.7139,77.7567,Dryland,25.63,32.01,20.68,70.33,2.68,0.01,17.15,35.11
2022-02-16,Tirunelveli,8.7139,77.7567,Dryland,25.79,32.83,19.81,69.57,1.8,0.53,17.83,35.19
2022-02-17,Tirunelveli,8.7139,77.7567,Dryland,25.9,33.21,19.96,66.49,1.85,0.05,18.64,35.28
2022-02-18,Tirunelveli,8.7139,77.7567,Dryland,25.92,32.82,19.96,69.48,2.73,0.0,21.05,35.36
2022-02-19,Tirunelveli,8.7139,77.7567,Dryland,26.93,33.77,21.9,70.24,2.81,0.0,17.42,35.44
2022-02-20,Tirunelveli,8.7139,77.7567,Dryland,27.46,34.91,21.97,69.35,1.52,0.02,21.86,35.53
2022-02-21,Tirunelveli,8.7139,77.7567,Dryland,28.22,35.13,22.97,69.26,0.72,0.05,19.42,35.61
2022-02-22,Tirunelveli,8.7139,77.7567,Dryland,27.47,33.89,22.66,70.9,1.43,1.27,20.02,35.69
2022-02-23,Tirunelveli,8.7139,77.7567,Dryland,26.31,33.89,21.16,68.69,3.09,0.7,22.32,35.77
2022-02-24,Tirunelveli,8.7139,77.7567,Dryland,25.81,32.36,20.09,71.94,3.17,2.03,12.71,35.85
2022-02-25,Tirunelveli,8.7139,77.7567,Dryland,26.4,33.16,21.36,67.29,2.99,0.0,21.35,35.92
2022-02-26,Tirunelveli,8.7139,77.7567,Dryland,26.79,34.28,20.45,67.65,3.05,0.11,22.44,36.0
2022-02-27,Tirunelveli,8.7139,77.7567,Dryland,26.46,31.74,23.08,72.14,3.82,2.95,20.66,36.08
2022-02-28,Tirunelveli,8.7139,77.7567,Dryland,26.29,33.64,20.68,65.66,3.13,0.31,24.09,36.15
2022-03-01,Tirunelveli,8.7139,77.7567,Dryland,26.56,34.69,19.82,62.89,2.86,0.0,25.75,36.23
2022-03-02,Tirunelveli,8.7139,77.7567,Dryland,25.89,34.45,19.15,61.64,3.17,0.0,20.95,36.3
2022-03-03,Tirunelveli,8.7139,77.7567,Dryland,26.6,33.83,20.7,63.79,3.36,0.0,20.78,36.37
2022-03-04,Tirunelveli,8.7139,77.7567,Dryland,27.44,35.67,20.01,59.19,1.94,0.17,21.63,36.43
2022-03-05,Tirunelveli,8.7139,77.7567,Dryland,27.8,35.89,20.73,61.6,1.91,0.05,23.0,36.5
2022-03-06,Tirunelveli,8.7139,77.7567,Dryland,28.08,35.62,22.0,63.63,1.97,0.61,22.05,36.57
2022-03-07,Tirunelveli,8.7139,77.7567,Dryland,27.37,34.43,21.31,67.24,1.89,0.85,20.34,36.63
2022-03-08,Tirunelveli,8.7139,77.7567,Dryland,27.14,32.98,23.29,74.75,2.34,13.81,20.71,36.7
2022-03-09,Tirunelveli,8.7139,77.7567,Dryland,27.67,35.17,22.41,67.71,2.51,0.03,24.95,36.76
2022-03-10,Tirunelveli,8.7139,77.7567,Dryland,26.99,35.15,21.2,66.82,2.12,0.02,25.32,36.82
2022-03-11,Tirunelveli,8.7139,77.7567,Dryland,26.69,34.69,20.22,68.08,2.34,0.06,25.62,36.88
2022-03-12,Tirunelveli,8.7139,77.7567,Dryland,26.81,35.27,19.54,65.04,2.25,0.02,25.37,36.93
2022-03-13,Tirunelveli,8.7139,77.7567,Dryland,26.35,34.44,20.33,65.37,2.85,0.0,25.75,36.99
2022-03-14,Tirunelveli,8.7139,77.7567,Dryland,27.53,35.73,21.06,61.52,2.26,0.0,24.83,37.04
2022-03-15,Tirunelveli,8.7139,77.7567,Dryland,27.09,35.45,20.78,58.23,1.29,0.0,21.96,37.09
2022-03-16,Tirunelveli,8.7139,77.7567,Dryland,28.74,36.37,23.06,64.33,1.38,3.82,17.42,37.14
2022-03-17,Tirunelveli,8.7139,77.7567,Dryland,28.64,36.54,23.16,68.56,1.37,1.63,19.09,37.19
2022-03-18,Tirunelveli,8.7139,77.7567,Dryland,28.59,35.09,23.84,66.61,1.62,0.85,21.11,37.23
2022-03-19,Tirunelveli,8.7139,77.7567,Dryland,28.22,35.23,23.04,70.09,2.7,0.72,21.81,37.28
2022-03-20,Tirunelveli,8.7139,77.7567,Dryland,28.31,34.68,24.58,69.16,3.72,0.21,22.01,37.32
2022-03-21,Tirunelveli,8.7139,77.7567,Dryland,29.2,36.71,23.83,62.52,3.28,0.02,22.29,37.35
2022-03-22,Tirunelveli,8.7139,77.7567,Dryland,29.95,37.23,24.77,60.21,2.89,0.02,23.47,37.39
2022-03-23,Tirunelveli,8.7139,77.7567,Dryland,30.2,37.35,25.26,60.61,2.05,0.07,19.19,37.43
2022-03-24,Tirunelveli,8.7139,77.7567,Dryland,29.68,35.71,25.84,63.42,2.21,0.16,17.75,37.46
2022-03-25,Tirunelveli,8.7139,77.7567,Dryland,29.42,35.48,25.3,62.67,2.07,0.22,20.18,37.49
2022-03-26,Tirunelveli,8.7139,77.7567,Dryland,29.84,36.24,25.01,60.17,1.49,0.04,21.02,37.52
2022-03-27,Tirunelveli,8.7139,77.7567,Dryland,29.93,36.53,24.96,59.4,1.67,0.94,19.78,37.54
2022-03-28,Tirunelveli,8.7139,77.7567,Dryland,29.78,36.04,25.24,61.68,1.68,1.44,22.03,37.56
2022-03-29,Tirunelveli,8.7139,77.7567,Dryland,29.71,36.66,25.34,64.94,2.08,0.44,22.8,37.58
2022-03-30,Tirunelveli,8.7139,77.7567,Dryland,29.87,37.05,25.03,63.05,1.9,0.2,21.67,37.6
2022-03-31,Tirunelveli,8.7139,77.7567,Dryland,30.2,37.76,25.25,58.96,1.87,0.23,24.4,37.63
2022-04-01,Tirunelveli,8.7139,77.7567,Dryland,30.09,37.43,25.3,60.08,2.12,0.25,22.9,37.65
2022-04-02,Tirunelveli,8.7139,77.7567,Dryland,29.88,37.29,24.8,61.25,1.89,1.93,21.28,37.67
2022-04-03,Tirunelveli,8.7139,77.7567,Dryland,28.96,34.67,25.32,65.59,1.5,1.2,21.81,37.68
2022-04-04,Tirunelveli,8.7139,77.7567,Dryland,28.8,34.61,24.42,66.85,1.46,3.43,17.36,37.7
2022-04-05,Tirunelveli,8.7139,77.7567,Dryland,27.57,33.26,23.39,72.77,1.4,7.26,19.12,37.71
2022-04-06,Tirunelveli,8.7139,77.7567,Dryland,26.86,30.49,24.12,74.63,0.67,5.22,19.66,37.73
2022-04-07,Tirunelveli,8.7139,77.7567,Dryland,28.23,34.53,23.08,69.65,1.05,2.52,23.34,37.74
2022-04-08,Tirunelveli,8.7139,77.7567,Dryland,28.25,34.47,24.64,72.22,0.94,13.7,15.19,37.75
2022-04-09,Tirunelveli,8.7139,77.7567,Dryland,26.98,32.41,23.54,76.85,1.47,7.69,16.71,37.75
2022-04-10,Tirunelveli,8.7139,77.7567,Dryland,27.1,32.67,22.55,73.48,1.65,11.3,20.48,37.75
2022-04-11,Tirunelveli,8.7139,77.7567,Dryland,27.29,31.72,23.33,78.87,1.24,27.15,16.82,37.75
2022-04-12,Tirunelveli,8.7139,77.7567,Dryland,27.17,31.47,24.35,77.99,0.71,8.88,17.6,37.75
2022-04-13,Tirunelveli,8.7139,77.7567,Dryland,25.57,28.28,23.27,85.93,1.15,9.59,12.33,37.75
2022-04-14,Tirunelveli,8.7139,77.7567,Dryland,26.14,31.45,22.65,76.92,1.36,1.34,18.81,37.74
2022-04-15,Tirunelveli,8.7139,77.7567,Dryland,27.64,32.99,24.1,77.3,1.81,0.15,24.83,37.74
2022-04-16,Tirunelveli,8.7139,77.7567,Dryland,28.02,33.08,24.24,76.9,2.16,1.4,22.2,37.73
2022-04-17,Tirunelveli,8.7139,77.7567,Dryland,27.53,31.52,24.79,80.8,1.93,5.17,19.79,37.72
2022-04-18,Tirunelveli,8.7139,77.7567,Dryland,26.4,30.41,23.67,81.42,2.45,6.18,20.37,37.71
2022-04-19,Tirunelveli,8.7139,77.7567,Dryland,26.75,30.94,23.61,81.67,2.33,0.4,12.48,37.69
2022-04-20,Tirunelveli,8.7139,77.7567,Dryland,28.86,35.52,23.49,74.26,1.17,0.06,23.53,37.67
2022-04-21,Tirunelveli,8.7139,77.7567,Dryland,27.84,31.51,25.23,79.81,0.92,0.3,22.06,37.65
2022-04-22,Tirunelveli,8.7139,77.7567,Dryland,26.58,30.92,24.18,84.56,1.45,5.16,18.77,37.63
2022-04-23,Tirunelveli,8.7139,77.7567,Dryland,27.05,32.03,23.22,75.59,1.11,0.47,20.04,37.62
2022-04-24,Tirunelveli,8.7139,77.7567,Dryland,28.85,35.53,23.38,69.58,0.92,0.1,23.38,37.61
2022-04-25,Tirunelveli,8.7139,77.7567,Dryland,28.66,34.58,24.52,72.37,0.9,0.17,21.11,37.6
2022-04-26,Tirunelveli,8.7139,77.7567,Dryland,28.94,35.49,24.54,71.37,1.25,0.17,22.49,37.59
2022-04-27,Tirunelveli,8.7139,77.7567,Dryland,28.74,34.86,24.28,72.05,1.42,0.07,18.85,37.58
2022-04-28,Tirunelveli,8.7139,77.7567,Dryland,28.52,33.82,24.69,74.67,1.27,0.76,19.74,37.55
2022-04-29,Tirunelveli,8.7139,77.7567,Dryland,27.96,32.26,24.87,79.04,1.42,2.55,21.16,37.53
2022-04-30,Tirunelveli,8.7139,77.7567,Dryland,27.28,30.82,24.98,83.27,2.2,1.67,23.9,37.5
2022-05-01,Tirunelveli,8.7139,77.7567,Dryland,27.83,32.31,24.87,80.4,3.27,0.35,18.16,37.48
2022-05-02,Tirunelveli,8.7139,77.7567,Dryland,28.25,32.91,25.51,78.46,3.18,0.4,22.7,37.45
2022-05-03,Tirunelveli,8.7139,77.7567,Dryland,28.8,34.22,24.84,76.2,2.26,0.19,22.25,37.43
2022-05-04,Tirunelveli,8.7139,77.7567,Dryland,27.73,31.31,25.17,82.73,1.9,3.81,18.25,37.4
2022-05-05,Tirunelveli,8.7139,77.7567,Dryland,27.2,30.79,24.91,83.8,2.79,3.08,20.84,37.37
2022-05-06,Tirunelveli,8.7139,77.7567,Dryland,26.9,32.02,23.11,75.33,2.48,0.68,21.9,37.35
2022-05-07,Tirunelveli,8.7139,77.7567,Dryland,28.43,35.09,23.37,72.66,3.0,0.06,20.81,37.32
2022-05-08,Tirunelveli,8.7139,77.7567,Dryland,28.28,33.57,24.85,77.68,3.37,0.74,19.24,37.3
2022-05-09,Tirunelveli,8.7139,77.7567,Dryland,26.94,30.06,25.27,84.73,4.13,1.51,13.66,37.27
2022-05-10,Tirunelveli,8.7139,77.7567,Dryland,27.02,30.52,24.87,81.88,4.22,1.64,12.91,37.24
2022-05-11,Tirunelveli,8.7139,77.7567,Dryland,26.54,29.4,24.49,83.21,4.66,2.7,14.34,37.21
2022-05-12,Tirunelveli,8.7139,77.7567,Dryland,27.42,32.52,23.7,76.17,4.31,1.11,19.08,37.18
2022-05-13,Tirunelveli,8.7139,77.7567,Dryland,26.32,29.3,24.57,83.2,3.91,4.65,18.35,37.15
2022-05-14,Tirunelveli,8.7139,77.7567,Dryland,26.68,31.52,23.97,77.13,5.04,11.58,15.88,37.12
2022-05-15,Tirunelveli,8.7139,77.7567,Dryland,25.82,29.49,23.89,82.95,5.05,11.22,16.19,37.09
2022-05-16,Tirunelveli,8.7139,77.7567,Dryland,26.68,30.31,23.89,83.34,4.54,4.49,16.05,37.07
2022-05-17,Tirunelveli,8.7139,77.7567,Dryland,26.55,29.88,24.65,86.14,4.07,7.75,16.42,37.04
2022-05-18,Tirunelveli,8.7139,77.7567,Dryland,26.36,30.15,24.21,83.65,4.36,4.99,7.96,37.0
2022-05-19,Tirunelveli,8.7139,77.7567,Dryland,26.07,29.53,24.17,84.35,3.95,7.16,13.05,36.97
2022-05-20,Tirunelveli,8.7139,77.7567,Dryland,26.17,28.92,23.78,87.73,3.62,1.37,15.47,36.94
2022-05-21,Tirunelveli,8.7139,77.7567,Dryland,26.6,29.92,24.47,85.0,4.16,2.07,22.99,36.91
2022-05-22,Tirunelveli,8.7139,77.7567,Dryland,26.89,31.29,24.41,83.48,4.05,0.88,21.58,36.88
2022-05-23,Tirunelveli,8.7139,77.7567,Dryland,26.42,29.76,24.62,85.76,3.85,3.5,16.88,36.86
2022-05-24,Tirunelveli,8.7139,77.7567,Dryland,26.69,29.93,24.92,87.03,3.62,3.4,16.49,36.84
2022-05-25,Tirunelveli,8.7139,77.7567,Dryland,27.4,31.72,24.59,82.4,2.52,0.32,22.03,36.81
2022-05-26,Tirunelveli,8.7139,77.7567,Dryland,26.55,30.89,24.2,79.7,2.91,0.48,21.31,36.78
2022-05-27,Tirunelveli,8.7139,77.7567,Dryland,26.01,29.6,23.73,81.43,3.71,0.33,23.24,36.75
2022-05-28,Tirunelveli,8.7139,77.7567,Dryland,26.42,30.98,23.3,80.98,3.76,2.07,21.64,36.72
2022-05-29,Tirunelveli,8.7139,77.7567,Dryland,26.12,29.71,24.17,83.66,3.19,3.4,21.42,36.69
2022-05-30,Tirunelveli,8.7139,77.7567,Dryland,26.39,31.17,23.91,80.7,3.93,1.46,20.47,36.66
2022-05-31,Tirunelveli,8.7139,77.7567,Dryland,26.02,30.55,22.92,77.84,4.25,1.25,20.13,36.64
2022-06-01,Tirunelveli,8.7139,77.7567,Dryland,25.62,29.1,23.58,82.27,4.1,2.4,20.42,36.62
2022-06-02,Tirunelveli,8.7139,77.7567,Dryland,26.46,31.03,23.37,81.47,4.09,2.58,21.51,36.59
2022-06-03,Tirunelveli,8.7139,77.7567,Dryland,26.79,31.32,23.67,80.96,4.2,0.22,21.95,36.57
2022-06-04,Tirunelveli,8.7139,77.7567,Dryland,26.51,30.71,23.64,82.52,3.25,0.23,21.61,36.55
2022-06-05,Tirunelveli,8.7139,77.7567,Dryland,27.04,31.4,24.4,81.7,3.41,0.39,21.0,36.54
2022-06-06,Tirunelveli,8.7139,77.7567,Dryland,26.28,29.99,24.03,84.29,2.97,2.72,17.73,36.52
2022-06-07,Tirunelveli,8.7139,77.7567,Dryland,26.09,29.69,23.81,83.54,3.12,3.16,14.7,36.5
2022-06-08,Tirunelveli,8.7139,77.7567,Dryland,26.37,29.86,24.07,83.04,3.59,0.16,21.82,36.48
2022-06-09,Tirunelveli,8.7139,77.7567,Dryland,26.56,30.65,24.16,82.99,3.63,0.16,23.2,36.46
2022-06-10,Tirunelveli,8.7139,77.7567,Dryland,26.53,30.53,24.23,83.32,3.93,6.55,20.51,36.45
2022-06-11,Tirunelveli,8.7139,77.7567,Dryland,25.89,29.13,24.09,84.88,2.96,2.73,18.71,36.44
2022-06-12,Tirunelveli,8.7139,77.7567,Dryland,25.47,28.68,22.64,82.26,3.14,0.9,19.87,36.43
2022-06-13,Tirunelveli,8.7139,77.7567,Dryland,25.8,30.84,21.63,80.08,3.25,0.06,23.3,36.41
2022-06-14,Tirunelveli,8.7139,77.7567,Dryland,26.41,30.41,22.96,80.62,3.36,0.86,22.59,36.39
2022-06-15,Tirunelveli,8.7139,77.7567,Dryland,25.7,29.18,23.79,83.43,3.42,2.54,18.25,36.37
2022-06-16,Tirunelveli,8.7139,77.7567,Dryland,25.45,29.61,22.88,84.51,2.63,4.26,19.04,36.36
2022-06-17,Tirunelveli,8.7139,77.7567,Dryland,25.24,28.16,23.27,84.13,3.05,1.23,18.87,36.36
2022-06-18,Tirunelveli,8.7139,77.7567,Dryland,25.99,31.04,22.65,79.61,3.05,0.13,20.28,36.35
2022-06-19,Tirunelveli,8.7139,77.7567,Dryland,25.83,30.22,23.31,80.41,3.18,0.06,20.37,36.34
2022-06-20,Tirunelveli,8.7139,77.7567,Dryland,26.8,32.23,22.57,77.33,3.29,0.44,20.4,36.33
2022-06-21,Tirunelveli,8.7139,77.7567,Dryland,26.43,31.35,23.17,78.91,3.81,0.29,21.7,36.32
2022-06-22,Tirunelveli,8.7139,77.7567,Dryland,26.61,31.96,23.05,77.06,3.24,0.15,20.3,36.31
2022-06-23,Tirunelveli,8.7139,77.7567,Dryland,25.8,29.05,23.59,81.49,3.0,3.16,19.13,36.31
2022-06-24,Tirunelveli,8.7139,77.7567,Dryland,25.96,30.2,23.09,82.28,3.58,2.33,20.67,36.31
2022-06-25,Tirunelveli,8.7139,77.7567,Dryland,25.9,29.86,23.78,80.45,4.81,2.12,14.57,36.31
2022-06-26,Tirunelveli,8.7139,77.7567,Dryland,26.79,31.83,23.72,78.62,4.0,0.18,22.6,36.31
2022-06-27,Tirunelveli,8.7139,77.7567,Dryland,26.74,31.3,23.68,80.08,3.84,0.17,20.21,36.31
2022-06-28,Tirunelveli,8.7139,77.7567,Dryland,25.78,29.17,23.68,83.25,4.07,1.85,16.18,36.31
2022-06-29,Tirunelveli,8.7139,77.7567,Dryland,25.84,29.6,23.38,82.22,4.51,2.25,16.97,36.31
2022-06-30,Tirunelveli,8.7139,77.7567,Dryland,25.54,28.3,23.73,82.8,4.77,1.3,13.6,36.32
2022-07-01,Tirunelveli,8.7139,77.7567,Dryland,26.01,29.73,23.55,81.42,4.86,1.78,17.37,36.33
2022-07-02,Tirunelveli,8.7139,77.7567,Dryland,25.84,29.24,23.72,81.54,4.97,4.24,18.78,36.33
2022-07-03,Tirunelveli,8.7139,77.7567,Dryland,24.97,27.73,23.37,85.55,5.16,9.96,14.16,36.34
2022-07-04,Tirunelveli,8.7139,77.7567,Dryland,25.23,28.42,23.06,82.62,5.38,3.33,18.04,36.35
2022-07-05,Tirunelveli,8.7139,77.7567,Dryland,25.4,29.58,22.88,80.56,5.33,0.68,11.16,36.36
2022-07-06,Tirunelveli,8.7139,77.7567,Dryland,25.16,28.41,22.94,82.21,4.62,1.93,14.08,36.37
2022-07-07,Tirunelveli,8.7139,77.7567,Dryland,24.5,27.18,22.78,85.68,4.23,1.1,11.13,36.38
2022-07-08,Tirunelveli,8.7139,77.7567,Dryland,24.8,27.79,22.71,80.61,4.97,0.84,20.5,36.39
2022-07-09,Tirunelveli,8.7139,77.7567,Dryland,25.27,29.84,22.13,79.06,4.95,0.31,15.28,36.4
2022-07-10,Tirunelveli,8.7139,77.7567,Dryland,25.49,29.17,23.04,76.8,5.42,1.65,11.74,36.41
2022-07-11,Tirunelveli,8.7139,77.7567,Dryland,24.7,27.65,22.62,79.13,4.88,0.92,13.55,36.42
2022-07-12,Tirunelveli,8.7139,77.7567,Dryland,25.54,30.45,22.65,80.27,4.9,0.19,15.41,36.44
2022-07-13,Tirunelveli,8.7139,77.7567,Dryland,25.48,29.3,23.38,83.45,5.18,1.91,17.93,36.46
2022-07-14,Tirunelveli,8.7139,77.7567,Dryland,25.88,29.48,23.56,81.73,5.38,3.55,18.71,36.47
2022-07-15,Tirunelveli,8.7139,77.7567,Dryland,26.1,30.54,23.17,81.42,4.33,3.12,17.83,36.49
2022-07-16,Tirunelveli,8.7139,77.7567,Dryland,25.74,29.04,23.76,84.41,3.45,2.03,18.03,36.51
2022-07-17,Tirunelveli,8.7139,77.7567,Dryland,25.97,30.01,23.24,83.95,3.34,1.87,18.5,36.53
2022-07-18,Tirunelveli,8.7139,77.7567,Dryland,25.6,30.46,23.12,79.11,4.7,0.63,18.59,36.55
2022-07-19,Tirunelveli,8.7139,77.7567,Dryland,25.97,31.54,22.68,77.34,4.24,0.38,21.7,36.57
2022-07-20,Tirunelveli,8.7139,77.7567,Dryland,25.51,29.33,23.26,82.85,4.06,0.57,16.62,36.59
2022-07-21,Tirunelveli,8.7139,77.7567,Dryland,25.52,29.12,23.2,82.33,3.97,0.41,20.81,36.61
2022-07-22,Tirunelveli,8.7139,77.7567,Dryland,26.02,30.68,23.06,79.83,4.48,1.19,17.24,36.62
2022-07-23,Tirunelveli,8.7139,77.7567,Dryland,25.06,28.27,22.98,84.08,4.04,0.83,20.88,36.64
2022-07-24,Tirunelveli,8.7139,77.7567,Dryland,25.91,31.22,22.72,77.84,3.82,0.39,18.36,36.66
2022-07-25,Tirunelveli,8.7139,77.7567,Dryland,27.38,34.31,22.3,73.36,3.75,1.46,22.81,36.68
2022-07-26,Tirunelveli,8.7139,77.7567,Dryland,26.6,32.37,22.66,73.53,3.16,0.56,18.45,36.71
2022-07-27,Tirunelveli,8.7139,77.7567,Dryland,26.2,31.4,23.03,78.64,1.36,2.55,17.82,36.73
2022-07-28,Tirunelveli,8.7139,77.7567,Dryland,27.05,32.09,22.68,75.07,1.12,0.61,19.55,36.75
2022-07-29,Tirunelveli,8.7139,77.7567,Dryland,27.94,33.54,24.01,70.71,1.33,3.35,19.78,36.76
2022-07-30,Tirunelveli,8.7139,77.7567,Dryland,26.93,31.83,23.48,77.58,2.01,2.22,19.21,36.78
2022-07-31,Tirunelveli,8.7139,77.7567,Dryland,26.14,30.41,23.69,80.41,3.19,1.69,20.95,36.81
2022-08-01,Tirunelveli,8.7139,77.7567,Dryland,25.08,28.07,23.4,85.11,5.36,20.47,15.06,36.83
2022-08-02,Tirunelveli,8.7139,77.7567,Dryland,24.29,27.62,23.02,87.54,5.92,9.65,14.4,36.85
2022-08-03,Tirunelveli,8.7139,77.7567,Dryland,24.71,27.21,23.35,86.64,5.33,4.85,13.49,36.88
2022-08-04,Tirunelveli,8.7139,77.7567,Dryland,25.01,28.79,22.68,83.97,6.49,2.71,12.01,36.9
2022-08-05,Tirunelveli,8.7139,77.7567,Dryland,25.59,29.38,23.04,80.62,5.97,0.3,12.73,36.92
2022-08-06,Tirunelveli,8.7139,77.7567,Dryland,25.08,28.17,23.04,83.16,4.34,0.9,16.53,36.95
2022-08-07,Tirunelveli,8.7139,77.7567,Dryland,25.11,28.7,22.91,85.33,4.54,18.8,18.23,36.97
2022-08-08,Tirunelveli,8.7139,77.7567,Dryland,25.16,28.89,22.51,84.49,4.95,5.52,15.27,36.99
2022-08-09,Tirunelveli,8.7139,77.7567,Dryland,25.23,28.73,22.94,84.07,4.96,0.12,18.4,37.01
2022-08-10,Tirunelveli,8.7139,77.7567,Dryland,25.51,30.65,21.77,81.04,4.18,0.06,20.25,37.02
2022-08-11,Tirunelveli,8.7139,77.7567,Dryland,25.94,31.2,22.29,80.32,4.14,0.04,21.66,37.04
2022-08-12,Tirunelveli,8.7139,77.7567,Dryland,26.06,31.63,22.62,78.35,3.56,0.04,22.15,37.06
2022-08-13,Tirunelveli,8.7139,77.7567,Dryland,26.56,32.68,21.76,77.51,3.42,0.01,19.69,37.07
2022-08-14,Tirunelveli,8.7139,77.7567,Dryland,26.82,32.87,23.0,73.36,4.14,0.03,21.37,37.09
2022-08-15,Tirunelveli,8.7139,77.7567,Dryland,27.73,34.5,23.1,71.85,2.15,0.03,23.71,37.1
2022-08-16,Tirunelveli,8.7139,77.7567,Dryland,27.91,34.15,23.45,73.98,2.26,0.09,22.28,37.11
2022-08-17,Tirunelveli,8.7139,77.7567,Dryland,27.1,32.5,23.98,76.63,3.23,0.11,22.91,37.12
2022-08-18,Tirunelveli,8.7139,77.7567,Dryland,26.7,31.61,23.96,79.62,3.46,8.58,22.01,37.14
2022-08-19,Tirunelveli,8.7139,77.7567,Dryland,26.31,31.26,23.46,79.17,4.13,3.8,21.57,37.15
2022-08-20,Tirunelveli,8.7139,77.7567,Dryland,26.3,31.97,23.4,78.51,4.15,0.13,19.07,37.16
2022-08-21,Tirunelveli,8.7139,77.7567,Dryland,26.06,31.62,22.96,79.87,4.26,2.56,19.66,37.17
2022-08-22,Tirunelveli,8.7139,77.7567,Dryland,25.49,29.21,23.28,83.32,4.72,1.98,14.97,37.17
2022-08-23,Tirunelveli,8.7139,77.7567,Dryland,25.3,30.13,22.69,80.07,4.73,1.08,15.61,37.18
2022-08-24,Tirunelveli,8.7139,77.7567,Dryland,25.36,30.33,22.59,81.08,4.14,1.69,13.4,37.18
2022-08-25,Tirunelveli,8.7139,77.7567,Dryland,24.85,28.17,22.51,82.3,3.86,1.28,17.84,37.19
2022-08-26,Tirunelveli,8.7139,77.7567,Dryland,24.74,29.87,22.57,81.71,3.47,8.76,16.29,37.19
2022-08-27,Tirunelveli,8.7139,77.7567,Dryland,23.8,26.8,22.04,80.91,3.64,1.65,15.79,37.2
2022-08-28,Tirunelveli,8.7139,77.7567,Dryland,25.23,30.85,21.47,78.64,4.16,1.97,20.59,37.2
2022-08-29,Tirunelveli,8.7139,77.7567,Dryland,25.06,30.46,22.42,82.94,3.55,3.26,17.17,37.2
2022-08-30,Tirunelveli,8.7139,77.7567,Dryland,25.43,29.55,22.81,83.97,3.08,5.34,15.98,37.2
2022-08-31,Tirunelveli,8.7139,77.7567,Dryland,25.48,29.45,23.16,85.09,1.5,6.85,13.54,37.2
2022-09-01,Tirunelveli,8.7139,77.7567,Dryland,24.49,27.57,22.79,86.19,2.38,5.24,11.57,37.2
2022-09-02,Tirunelveli,8.7139,77.7567,Dryland,25.42,30.05,22.34,82.83,3.36,0.93,17.5,37.2
2022-09-03,Tirunelveli,8.7139,77.7567,Dryland,25.7,30.35,22.86,84.84,2.92,4.64,17.45,37.2
2022-09-04,Tirunelveli,8.7139,77.7567,Dryland,26.03,29.95,23.49,85.08,2.92,2.45,22.33,37.2
2022-09-05,Tirunelveli,8.7139,77.7567,Dryland,26.15,30.08,23.77,84.98,3.05,2.22,17.79,37.19
2022-09-06,Tirunelveli,8.7139,77.7567,Dryland,24.84,28.53,22.88,84.35,4.05,1.97,16.6,37.18
2022-09-07,Tirunelveli,8.7139,77.7567,Dryland,24.88,29.74,22.41,82.39,4.97,1.52,12.11,37.17
2022-09-08,Tirunelveli,8.7139,77.7567,Dryland,25.04,29.81,22.16,80.5,4.37,0.78,16.59,37.16
2022-09-09,Tirunelveli,8.7139,77.7567,Dryland,25.48,29.62,22.73,82.81,4.04,0.44,22.9,37.14
2022-09-10,Tirunelveli,8.7139,77.7567,Dryland,25.97,30.89,23.22,83.03,4.02,1.51,18.99,37.13
2022-09-11,Tirunelveli,8.7139,77.7567,Dryland,25.9,30.51,23.41,82.29,4.32,1.08,19.35,37.11
2022-09-12,Tirunelveli,8.7139,77.7567,Dryland,26.21,30.91,23.37,79.52,4.2,0.38,18.91,37.08
2022-09-13,Tirunelveli,8.7139,77.7567,Dryland,26.61,32.43,22.73,76.92,3.24,0.2,22.86,37.06
2022-09-14,Tirunelveli,8.7139,77.7567,Dryland,26.69,32.55,22.8,76.44,2.94,0.31,23.8,37.04
2022-09-15,Tirunelveli,8.7139,77.7567,Dryland,26.82,32.83,23.01,75.94,2.98,0.07,24.64,37.02
2022-09-16,Tirunelveli,8.7139,77.7567,Dryland,26.87,33.77,21.58,75.3,3.19,0.01,24.87,36.98
2022-09-17,Tirunelveli,8.7139,77.7567,Dryland,26.8,32.49,22.98,77.23,3.45,0.1,23.33,36.95
2022-09-18,Tirunelveli,8.7139,77.7567,Dryland,26.92,33.06,23.16,77.22,3.56,0.2,22.59,36.92
2022-09-19,Tirunelveli,8.7139,77.7567,Dryland,26.35,30.84,23.7,78.85,3.61,0.07,21.27,36.89
2022-09-20,Tirunelveli,8.7139,77.7567,Dryland,26.02,30.88,23.11,80.17,3.4,0.01,21.86,36.86
2022-09-21,Tirunelveli,8.7139,77.7567,Dryland,26.7,33.48,21.9,75.78,3.53,0.01,25.16,36.82
2022-09-22,Tirunelveli,8.7139,77.7567,Dryland,26.53,32.4,23.02,73.48,4.06,0.0,25.42,36.79
2022-09-23,Tirunelveli,8.7139,77.7567,Dryland,26.34,33.09,22.09,73.92,3.82,0.0,25.14,36.75
2022-09-24,Tirunelveli,8.7139,77.7567,Dryland,26.21,32.07,21.51,75.49,3.63,0.01,25.01,36.71
2022-09-25,Tirunelveli,8.7139,77.7567,Dryland,27.43,34.84,22.11,70.53,2.67,0.59,25.33,36.66
2022-09-26,Tirunelveli,8.7139,77.7567,Dryland,27.45,34.82,22.54,74.23,3.21,0.3,22.09,36.62
2022-09-27,Tirunelveli,8.7139,77.7567,Dryland,27.5,35.02,22.07,70.02,3.79,2.64,25.02,36.58
2022-09-28,Tirunelveli,8.7139,77.7567,Dryland,26.6,32.82,23.23,76.06,4.05,1.51,23.09,36.54
2022-09-29,Tirunelveli,8.7139,77.7567,Dryland,26.19,31.69,23.56,78.38,3.52,0.26,22.33,36.5
2022-09-30,Tirunelveli,8.7139,77.7567,Dryland,26.17,30.83,23.39,78.23,4.06,1.05,20.87,36.45
2022-10-01,Tirunelveli,8.7139,77.7567,Dryland,25.63,29.13,23.16,80.97,3.98,0.42,18.9,36.4
2022-10-02,Tirunelveli,8.7139,77.7567,Dryland,25.82,31.35,22.55,76.48,4.22,0.85,16.5,36.35
2022-10-03,Tirunelveli,8.7139,77.7567,Dryland,25.34,31.08,22.29,78.81,4.63,2.06,18.42,36.29
2022-10-04,Tirunelveli,8.7139,77.7567,Dryland,26.25,31.51,23.15,78.02,4.23,0.91,20.22,36.23
2022-10-05,Tirunelveli,8.7139,77.7567,Dryland,25.17,28.86,22.63,77.85,4.05,0.42,15.95,36.17
2022-10-06,Tirunelveli,8.7139,77.7567,Dryland,25.89,31.74,22.1,75.69,3.72,0.2,18.21,36.12
2022-10-07,Tirunelveli,8.7139,77.7567,Dryland,26.48,33.21,22.08,75.17,3.35,0.19,20.61,36.06
2022-10-08,Tirunelveli,8.7139,77.7567,Dryland,27.07,33.72,21.49,71.45,2.74,0.37,21.94,36.0
2022-10-09,Tirunelveli,8.7139,77.7567,Dryland,27.17,32.66,22.8,73.75,1.66,1.99,13.71,35.94
2022-10-10,Tirunelveli,8.7139,77.7567,Dryland,26.31,30.55,23.13,78.72,2.1,18.83,16.94,35.87
2022-10-11,Tirunelveli,8.7139,77.7567,Dryland,27.05,33.8,22.03,75.55,1.89,0.64,20.23,35.81
2022-10-12,Tirunelveli,8.7139,77.7567,Dryland,27.6,33.8,23.9,75.91,1.49,2.44,16.9,35.76
2022-10-13,Tirunelveli,8.7139,77.7567,Dryland,25.85,29.85,23.84,83.58,2.11,5.18,16.12,35.69
2022-10-14,Tirunelveli,8.7139,77.7567,Dryland,25.81,31.07,23.15,82.69,2.77,7.27,20.09,35.62
2022-10-15,Tirunelveli,8.7139,77.7567,Dryland,25.7,29.99,22.96,81.38,1.71,7.17,20.25,35.54
2022-10-16,Tirunelveli,8.7139,77.7567,Dryland,25.84,30.04,23.02,82.23,2.21,6.14,19.03,35.47
2022-10-17,Tirunelveli,8.7139,77.7567,Dryland,25.56,28.61,23.65,86.83,2.36,26.48,11.89,35.4
2022-10-18,Tirunelveli,8.7139,77.7567,Dryland,24.83,27.8,22.94,86.19,3.34,3.88,13.33,35.32
2022-10-19,Tirunelveli,8.7139,77.7567,Dryland,25.09,28.74,22.44,84.88,2.86,0.82,17.09,35.25
2022-10-20,Tirunelveli,8.7139,77.7567,Dryland,25.1,29.32,22.78,84.55,2.79,2.0,17.31,35.18
2022-10-21,Tirunelveli,8.7139,77.7567,Dryland,25.15,28.42,22.87,87.08,1.49,9.26,13.49,35.1
2022-10-22,Tirunelveli,8.7139,77.7567,Dryland,25.53,29.33,22.37,81.36,0.89,2.37,20.26,35.02
2022-10-23,Tirunelveli,8.7139,77.7567,Dryland,25.24,29.11,22.73,84.98,1.41,4.56,15.84,34.95
2022-10-24,Tirunelveli,8.7139,77.7567,Dryland,25.42,29.1,23.03,85.53,2.52,5.54,17.31,34.87
2022-10-25,Tirunelveli,8.7139,77.7567,Dryland,26.31,32.06,22.66,80.91,2.14,0.91,20.91,34.79
2022-10-26,Tirunelveli,8.7139,77.7567,Dryland,26.57,32.23,22.46,79.33,1.15,9.45,19.89,34.71
2022-10-27,Tirunelveli,8.7139,77.7567,Dryland,26.06,30.51,23.08,80.18,1.18,2.53,16.51,34.63
2022-10-28,Tirunelveli,8.7139,77.7567,Dryland,26.87,31.88,23.84,75.96,0.96,1.27,20.63,34.55
2022-10-29,Tirunelveli,8.7139,77.7567,Dryland,26.48,32.36,21.51,78.22,1.61,6.15,19.4,34.48
2022-10-30,Tirunelveli,8.7139,77.7567,Dryland,25.0,27.45,22.9,87.73,1.57,8.95,13.42,34.4
2022-10-31,Tirunelveli,8.7139,77.7567,Dryland,25.6,29.99,22.7,83.15,1.35,3.25,17.31,34.31
2022-11-01,Tirunelveli,8.7139,77.7567,Dryland,24.14,26.0,22.81,92.98,1.87,6.76,15.25,34.24
2022-11-02,Tirunelveli,8.7139,77.7567,Dryland,23.91,25.54,22.69,92.78,1.15,9.74,15.82,34.16
2022-11-03,Tirunelveli,8.7139,77.7567,Dryland,24.23,27.54,21.99,89.56,1.69,17.75,12.34,34.08
2022-11-04,Tirunelveli,8.7139,77.7567,Dryland,23.69,25.59,21.93,92.67,1.43,10.71,12.03,34.0
2022-11-05,Tirunelveli,8.7139,77.7567,Dryland,23.43,26.04,21.31,91.97,1.23,10.34,10.67,33.92
2022-11-06,Tirunelveli,8.7139,77.7567,Dryland,24.22,27.19,21.09,88.03,1.18,15.6,16.56,33.84
2022-11-07,Tirunelveli,8.7139,77.7567,Dryland,24.26,26.67,22.23,88.68,1.52,6.7,20.04,33.75
2022-11-08,Tirunelveli,8.7139,77.7567,Dryland,24.56,28.14,21.93,88.09,1.82,7.21,12.83,33.67
2022-11-09,Tirunelveli,8.7139,77.7567,Dryland,24.42,27.87,21.71,88.47,1.79,3.95,13.87,33.59
2022-11-10,Tirunelveli,8.7139,77.7567,Dryland,24.97,28.89,21.42,83.83,1.77,1.15,17.62,33.51
2022-11-11,Tirunelveli,8.7139,77.7567,Dryland,23.78,25.99,22.21,90.76,1.58,3.68,10.79,33.43
2022-11-12,Tirunelveli,8.7139,77.7567,Dryland,24.45,28.17,22.37,88.8,2.46,3.72,15.62,33.35
2022-11-13,Tirunelveli,8.7139,77.7567,Dryland,24.41,27.39,22.37,90.19,1.15,2.9,14.14,33.27
2022-11-14,Tirunelveli,8.7139,77.7567,Dryland,24.38,27.95,22.08,88.4,1.29,22.36,7.5,33.2
2022-11-15,Tirunelveli,8.7139,77.7567,Dryland,24.01,27.25,21.68,88.44,1.78,6.44,15.18,33.12
2022-11-16,Tirunelveli,8.7139,77.7567,Dryland,24.35,27.8,21.34,87.43,0.92,7.73,15.36,33.05
2022-11-17,Tirunelveli,8.7139,77.7567,Dryland,24.54,27.29,22.94,86.32,1.16,4.33,14.9,32.98
2022-11-18,Tirunelveli,8.7139,77.7567,Dryland,23.87,27.86,21.08,79.43,1.64,0.26,14.31,32.9
2022-11-19,Tirunelveli,8.7139,77.7567,Dryland,23.15,28.31,18.66,81.48,2.15,0.0,15.09,32.83
2022-11-20,Tirunelveli,8.7139,77.7567,Dryland,23.7,28.59,18.61,75.84,1.34,0.04,17.48,32.76
2022-11-21,Tirunelveli,8.7139,77.7567,Dryland,24.83,29.08,20.93,77.51,1.11,0.06,18.83,32.69
2022-11-22,Tirunelveli,8.7139,77.7567,Dryland,24.44,29.5,20.04,81.84,1.5,0.0,20.22,32.62
2022-11-23,Tirunelveli,8.7139,77.7567,Dryland,23.47,29.05,19.68,81.95,2.13,0.0,21.67,32.56
2022-11-24,Tirunelveli,8.7139,77.7567,Dryland,23.55,29.66,17.73,75.15,1.61,0.0,21.69,32.5
2022-11-25,Tirunelveli,8.7139,77.7567,Dryland,24.62,29.77,20.59,75.39,1.19,0.0,19.34,32.44
2022-11-26,Tirunelveli,8.7139,77.7567,Dryland,25.36,30.4,21.5,80.61,1.18,0.19,19.12,32.39
2022-11-27,Tirunelveli,8.7139,77.7567,Dryland,25.49,30.6,21.58,81.33,1.16,0.83,16.75,32.33
2022-11-28,Tirunelveli,8.7139,77.7567,Dryland,25.69,30.76,22.16,81.2,0.88,5.07,16.4,32.27
2022-11-29,Tirunelveli,8.7139,77.7567,Dryland,25.28,29.56,22.64,85.21,1.48,7.18,13.48,32.21
2022-11-30,Tirunelveli,8.7139,77.7567,Dryland,24.4,28.9,21.03,83.53,2.24,0.3,14.18,32.16
2022-12-01,Tirunelveli,8.7139,77.7567,Dryland,24.03,28.62,19.81,85.48,2.17,0.06,14.55,32.11
2022-12-02,Tirunelveli,8.7139,77.7567,Dryland,24.7,28.05,22.14,89.03,1.9,9.73,13.73,32.07
2022-12-03,Tirunelveli,8.7139,77.7567,Dryland,24.87,28.22,22.8,88.18,2.07,9.16,10.46,32.02
2022-12-04,Tirunelveli,8.7139,77.7567,Dryland,24.48,28.06,21.84,87.26,1.87,24.97,15.4,31.97
2022-12-05,Tirunelveli,8.7139,77.7567,Dryland,24.42,27.27,22.42,90.5,2.41,7.89,14.44,31.92
2022-12-06,Tirunelveli,8.7139,77.7567,Dryland,24.7,28.54,20.87,84.4,1.83,0.29,15.58,31.88
2022-12-07,Tirunelveli,8.7139,77.7567,Dryland,23.85,27.56,20.52,86.41,1.15,0.2,8.63,31.84
2022-12-08,Tirunelveli,8.7139,77.7567,Dryland,24.1,27.94,21.81,88.77,1.67,1.45,7.19,31.81
2022-12-09,Tirunelveli,8.7139,77.7567,Dryland,23.03,25.14,21.31,85.44,2.49,1.1,9.2,31.78
2022-12-10,Tirunelveli,8.7139,77.7567,Dryland,23.55,28.44,19.19,85.77,2.94,5.72,12.2,31.75
2022-12-11,Tirunelveli,8.7139,77.7567,Dryland,24.54,28.28,22.04,88.44,2.92,5.57,12.59,31.73
2022-12-12,Tirunelveli,8.7139,77.7567,Dryland,24.82,29.13,21.9,84.1,1.93,0.11,14.82,31.7
2022-12-13,Tirunelveli,8.7139,77.7567,Dryland,24.87,28.84,21.32,77.52,1.08,0.45,20.69,31.68
2022-12-14,Tirunelveli,8.7139,77.7567,Dryland,24.41,28.76,20.92,85.91,1.6,2.49,14.1,31.66
2022-12-15,Tirunelveli,8.7139,77.7567,Dryland,24.13,28.76,20.81,85.26,2.13,0.63,19.08,31.65
2022-12-16,Tirunelveli,8.7139,77.7567,Dryland,23.71,29.27,18.34,81.67,2.35,0.0,20.41,31.64
2022-12-17,Tirunelveli,8.7139,77.7567,Dryland,23.92,28.64,19.8,83.49,2.76,0.0,18.55,31.63
2022-12-18,Tirunelveli,8.7139,77.7567,Dryland,24.19,29.06,20.61,82.48,3.17,0.03,15.06,31.62
2022-12-19,Tirunelveli,8.7139,77.7567,Dryland,23.5,28.53,19.37,79.94,2.35,1.08,9.44,31.62
2022-12-20,Tirunelveli,8.7139,77.7567,Dryland,23.66,26.67,21.37,86.89,2.44,1.8,13.76,31.62
2022-12-21,Tirunelveli,8.7139,77.7567,Dryland,24.55,29.14,21.07,82.18,2.59,0.58,15.9,31.62
2022-12-22,Tirunelveli,8.7139,77.7567,Dryland,24.7,29.63,21.17,80.85,1.95,0.09,16.83,31.62
2022-12-23,Tirunelveli,8.7139,77.7567,Dryland,25.25,31.48,19.32,70.75,1.27,0.0,20.31,31.63
2022-12-24,Tirunelveli,8.7139,77.7567,Dryland,26.56,31.98,21.68,76.31,1.23,0.03,17.37,31.64
2022-12-25,Tirunelveli,8.7139,77.7567,Dryland,25.47,29.16,21.71,82.69,1.45,4.23,12.28,31.65
2022-12-26,Tirunelveli,8.7139,77.7567,Dryland,24.7,27.58,22.07,89.56,3.48,5.16,12.66,31.66
2022-12-27,Tirunelveli,8.7139,77.7567,Dryland,25.32,28.85,22.37,87.02,2.63,13.97,14.88,31.69
2022-12-28,Tirunelveli,8.7139,77.7567,Dryland,24.89,29.6,21.82,86.36,2.5,2.03,13.36,31.71
2022-12-29,Tirunelveli,8.7139,77.7567,Dryland,24.61,29.59,21.51,83.52,3.32,0.41,18.59,31.73
2022-12-30,Tirunelveli,8.7139,77.7567,Dryland,23.96,29.08,20.35,80.46,2.55,0.01,18.45,31.76
2022-12-31,Tirunelveli,8.7139,77.7567,Dryland,23.74,29.95,19.26,79.44,2.24,0.0,21.55,31.78
2023-01-01,Tirunelveli,8.7139,77.7567,Dryland,23.76,30.1,19.31,77.38,2.02,0.0,21.2,31.82
2023-01-02,Tirunelveli,8.7139,77.7567,Dryland,22.97,28.66,18.97,78.81,2.7,0.0,18.06,31.85
2023-01-03,Tirunelveli,8.7139,77.7567,Dryland,23.23,29.25,17.24,78.77,2.65,0.0,19.11,31.89
2023-01-04,Tirunelveli,8.7139,77.7567,Dryland,23.76,29.63,18.7,76.41,2.88,0.0,19.16,31.94
2023-01-05,Tirunelveli,8.7139,77.7567,Dryland,24.0,30.35,18.03,77.33,2.65,0.0,19.51,31.99
2023-01-06,Tirunelveli,8.7139,77.7567,Dryland,24.34,29.22,20.17,78.64,3.48,0.01,15.12,32.03
2023-01-07,Tirunelveli,8.7139,77.7567,Dryland,24.39,29.83,20.03,76.65,3.46,0.01,15.9,32.08
2023-01-08,Tirunelveli,8.7139,77.7567,Dryland,24.66,30.22,19.84,76.72,3.67,0.0,17.87,32.12
2023-01-09,Tirunelveli,8.7139,77.7567,Dryland,24.41,30.27,20.3,75.51,3.43,0.0,16.24,32.17
2023-01-10,Tirunelveli,8.7139,77.7567,Dryland,23.16,30.51,17.98,69.86,3.26,0.0,20.13,32.22
2023-01-11,Tirunelveli,8.7139,77.7567,Dryland,22.97,30.59,16.6,72.94,2.54,0.0,21.59,32.27
2023-01-12,Tirunelveli,8.7139,77.7567,Dryland,22.88,30.46,17.09,71.73,2.53,0.0,19.24,32.33
2023-01-13,Tirunelveli,8.7139,77.7567,Dryland,23.17,31.48,17.16,69.44,2.46,0.0,20.53,32.39
2023-01-14,Tirunelveli,8.7139,77.7567,Dryland,23.5,31.22,17.48,69.74,2.19,0.0,20.44,32.44
2023-01-15,Tirunelveli,8.7139,77.7567,Dryland,24.08,31.75,18.69,68.83,2.08,0.0,19.25,32.51
2023-01-16,Tirunelveli,8.7139,77.7567,Dryland,24.31,31.91,18.18,72.3,2.24,0.0,18.97,32.57
2023-01-17,Tirunelveli,8.7139,77.7567,Dryland,24.86,30.86,20.84,76.84,2.81,0.11,18.04,32.63
2023-01-18,Tirunelveli,8.7139,77.7567,Dryland,23.8,30.74,18.42,71.74,3.58,0.0,19.53,32.7
2023-01-19,Tirunelveli,8.7139,77.7567,Dryland,23.54,30.67,17.67,67.45,3.13,0.0,21.73,32.78
2023-01-20,Tirunelveli,8.7139,77.7567,Dryland,23.41,30.73,16.64,70.86,3.18,0.0,21.09,32.86
2023-01-21,Tirunelveli,8.7139,77.7567,Dryland,24.06,31.62,17.31,71.06,2.67,0.0,19.84,32.94
2023-01-22,Tirunelveli,8.7139,77.7567,Dryland,23.43,29.35,19.14,75.51,2.91,0.0,14.84,33.02
2023-01-23,Tirunelveli,8.7139,77.7567,Dryland,25.01,31.27,20.66,77.01,2.57,0.74,12.99,33.11
2023-01-24,Tirunelveli,8.7139,77.7567,Dryland,23.51,26.34,21.75,88.89,1.95,10.06,9.16,33.19
2023-01-25,Tirunelveli,8.7139,77.7567,Dryland,24.7,31.07,20.84,75.36,2.53,0.84,21.16,33.27
2023-01-26,Tirunelveli,8.7139,77.7567,Dryland,24.5,32.18,19.17,70.48,2.38,0.0,19.97,33.35
2023-01-27,Tirunelveli,8.7139,77.7567,Dryland,24.25,31.76,18.47,69.82,2.41,0.0,19.16,33.44
2023-01-28,Tirunelveli,8.7139,77.7567,Dryland,24.53,32.27,19.71,66.62,2.7,0.0,22.79,33.52
2023-01-29,Tirunelveli,8.7139,77.7567,Dryland,24.56,32.05,17.26,72.1,2.68,0.0,18.72,33.61
2023-01-30,Tirunelveli,8.7139,77.7567,Dryland,25.78,32.13,20.99,76.72,1.81,2.07,12.91,33.69
2023-01-31,Tirunelveli,8.7139,77.7567,Dryland,26.27,32.48,21.89,72.18,1.86,2.56,15.39,33.78
2023-02-01,Tirunelveli,8.7139,77.7567,Dryland,23.9,26.5,21.42,74.2,1.73,0.4,17.14,33.87
2023-02-02,Tirunelveli,8.7139,77.7567,Dryland,25.39,31.36,21.65,75.5,3.32,6.02,6.07,33.96
2023-02-03,Tirunelveli,8.7139,77.7567,Dryland,25.26,31.68,21.53,78.99,2.86,1.55,10.3,34.05
2023-02-04,Tirunelveli,8.7139,77.7567,Dryland,25.34,30.35,21.99,81.33,2.86,4.05,11.52,34.13
2023-02-05,Tirunelveli,8.7139,77.7567,Dryland,25.75,33.89,20.01,65.62,2.23,0.01,22.04,34.22
2023-02-06,Tirunelveli,8.7139,77.7567,Dryland,24.77,32.77,18.85,65.47,2.55,0.64,18.46,34.31
2023-02-07,Tirunelveli,8.7139,77.7567,Dryland,25.73,33.73,19.0,66.5,2.36,0.0,21.3,34.4
2023-02-08,Tirunelveli,8.7139,77.7567,Dryland,25.58,33.51,19.55,69.56,2.56,0.0,20.9,34.47
2023-02-09,Tirunelveli,8.7139,77.7567,Dryland,25.52,33.68,20.24,68.39,2.0,0.0,22.63,34.56
2023-02-10,Tirunelveli,8.7139,77.7567,Dryland,24.89,33.0,18.51,69.12,2.39,0.0,21.15,34.66
2023-02-11,Tirunelveli,8.7139,77.7567,Dryland,24.57,32.35,17.65,67.74,2.26,0.0,21.76,34.75
2023-02-12,Tirunelveli,8.7139,77.7567,Dryland,24.72,33.93,17.76,63.58,2.39,0.0,24.1,34.83
2023-02-13,Tirunelveli,8.7139,77.7567,Dryland,24.72,33.82,18.28,64.41,2.83,0.0,25.24,34.92
2023-02-14,Tirunelveli,8.7139,77.7567,Dryland,24.69,33.66,18.56,66.32,2.58,0.0,25.13,35.0
2023-02-15,Tirunelveli,8.7139,77.7567,Dryland,25.02,34.79,16.98,62.39,2.39,0.0,25.23,35.08
2023-02-16,Tirunelveli,8.7139,77.7567,Dryland,24.81,33.49,17.26,66.7,3.24,0.0,24.7,35.17
2023-02-17,Tirunelveli,8.7139,77.7567,Dryland,24.7,32.89,17.92,67.68,3.0,0.0,23.47,35.25
2023-02-18,Tirunelveli,8.7139,77.7567,Dryland,25.39,33.97,18.05,65.92,2.3,0.0,23.84,35.34
2023-02-19,Tirunelveli,8.7139,77.7567,Dryland,26.63,34.99,19.39,66.34,2.34,0.0,23.35,35.43
2023-02-20,Tirunelveli,8.7139,77.7567,Dryland,27.63,34.97,21.88,65.87,2.16,0.0,21.48,35.52
2023-02-21,Tirunelveli,8.7139,77.7567,Dryland,27.53,35.4,22.55,57.59,2.44,0.0,23.95,35.6
2023-02-22,Tirunelveli,8.7139,77.7567,Dryland,26.37,34.94,19.55,55.45,2.83,0.0,23.74,35.67
2023-02-23,Tirunelveli,8.7139,77.7567,Dryland,25.67,34.53,18.17,59.93,2.62,0.0,24.93,35.75
2023-02-24,Tirunelveli,8.7139,77.7567,Dryland,26.82,35.62,19.41,62.65,2.32,0.0,23.83,35.82
2023-02-25,Tirunelveli,8.7139,77.7567,Dryland,27.1,35.24,21.62,57.52,2.78,0.03,24.8,35.9
2023-02-26,Tirunelveli,8.7139,77.7567,Dryland,25.93,34.4,18.79,59.78,3.62,0.0,25.79,35.99
2023-02-27,Tirunelveli,8.7139,77.7567,Dryland,25.88,34.2,18.27,58.28,3.1,0.0,25.32,36.07
2023-02-28,Tirunelveli,8.7139,77.7567,Dryland,26.45,33.44,20.55,71.07,3.48,4.2,16.7,36.15
2023-03-01,Tirunelveli,8.7139,77.7567,Dryland,26.06,31.37,22.95,75.36,3.69,6.94,17.26,36.22
2023-03-02,Tirunelveli,8.7139,77.7567,Dryland,26.78,34.13,21.97,66.54,3.5,0.06,21.54,36.31
2023-03-03,Tirunelveli,8.7139,77.7567,Dryland,26.23,34.3,19.98,61.85,3.47,0.0,25.38,36.38
2023-03-04,Tirunelveli,8.7139,77.7567,Dryland,26.56,34.5,19.76,68.17,3.67,0.02,22.24,36.45
2023-03-05,Tirunelveli,8.7139,77.7567,Dryland,26.77,31.94,23.52,72.25,3.2,0.14,19.0,36.51
2023-03-06,Tirunelveli,8.7139,77.7567,Dryland,27.54,34.27,22.43,66.26,2.75,0.03,21.36,36.58
2023-03-07,Tirunelveli,8.7139,77.7567,Dryland,26.79,32.44,23.03,68.7,2.96,0.05,22.71,36.64
2023-03-08,Tirunelveli,8.7139,77.7567,Dryland,27.56,34.48,22.83,68.32,4.16,0.0,20.9,36.7
2023-03-09,Tirunelveli,8.7139,77.7567,Dryland,27.51,33.93,23.35,64.6,3.8,0.0,21.86,36.77
2023-03-10,Tirunelveli,8.7139,77.7567,Dryland,27.1,33.15,23.45,67.02,3.35,0.0,19.65,36.83
2023-03-11,Tirunelveli,8.7139,77.7567,Dryland,27.2,32.72,23.13,64.95,2.96,0.0,21.06,36.89
2023-03-12,Tirunelveli,8.7139,77.7567,Dryland,28.04,35.79,22.05,65.61,3.58,0.01,22.17,36.95
2023-03-13,Tirunelveli,8.7139,77.7567,Dryland,28.5,35.6,23.69,62.72,3.48,0.04,21.75,37.0
2023-03-14,Tirunelveli,8.7139,77.7567,Dryland,28.08,35.82,22.44,62.57,2.52,0.04,23.92,37.05
2023-03-15,Tirunelveli,8.7139,77.7567,Dryland,28.36,36.51,21.96,64.6,1.96,0.02,21.82,37.1
2023-03-16,Tirunelveli,8.7139,77.7567,Dryland,28.06,33.16,23.87,66.91,1.5,0.97,17.76,37.15
2023-03-17,Tirunelveli,8.7139,77.7567,Dryland,28.4,35.62,22.92,64.95,2.27,0.74,20.24,37.2
2023-03-18,Tirunelveli,8.7139,77.7567,Dryland,28.89,35.81,23.49,62.76,1.99,0.69,20.09,37.24
2023-03-19,Tirunelveli,8.7139,77.7567,Dryland,28.78,35.26,23.66,67.8,2.38,0.62,21.5,37.28
2023-03-20,Tirunelveli,8.7139,77.7567,Dryland,28.91,35.45,24.36,65.68,1.98,2.06,16.41,37.32
2023-03-21,Tirunelveli,8.7139,77.7567,Dryland,29.58,36.74,24.4,60.93,2.22,0.63,22.25,37.35
2023-03-22,Tirunelveli,8.7139,77.7567,Dryland,29.66,37.14,24.13,55.75,2.15,0.08,23.07,37.38
2023-03-23,Tirunelveli,8.7139,77.7567,Dryland,29.67,37.87,23.4,55.34,1.88,0.0,20.14,37.42
2023-03-24,Tirunelveli,8.7139,77.7567,Dryland,29.66,36.76,24.97,61.69,1.49,0.08,19.94,37.44
2023-03-25,Tirunelveli,8.7139,77.7567,Dryland,29.75,37.46,24.33,59.05,1.85,0.15,22.71,37.48
2023-03-26,Tirunelveli,8.7139,77.7567,Dryland,30.14,38.08,25.23,57.8,1.57,1.98,21.83,37.52
2023-03-27,Tirunelveli,8.7139,77.7567,Dryland,30.27,37.29,24.42,61.36,1.21,1.78,23.11,37.55
2023-03-28,Tirunelveli,8.7139,77.7567,Dryland,30.44,37.42,25.18,60.77,1.83,0.19,22.35,37.58
2023-03-29,Tirunelveli,8.7139,77.7567,Dryland,29.73,35.37,25.32,64.11,1.39,0.25,21.79,37.62
2023-03-30,Tirunelveli,8.7139,77.7567,Dryland,30.46,38.84,24.27,61.06,1.72,0.22,22.51,37.64
2023-03-31,Tirunelveli,8.7139,77.7567,Dryland,30.61,39.14,23.75,60.05,1.6,0.31,24.96,37.66
2023-04-01,Tirunelveli,8.7139,77.7567,Dryland,30.51,38.21,24.97,58.33,1.93,0.05,23.89,37.68
2023-04-02,Tirunelveli,8.7139,77.7567,Dryland,30.33,37.55,24.53,56.52,1.76,0.35,22.88,37.69
2023-04-03,Tirunelveli,8.7139,77.7567,Dryland,29.99,37.45,24.62,59.59,1.76,0.83,23.07,37.71
2023-04-04,Tirunelveli,8.7139,77.7567,Dryland,28.75,34.13,24.65,64.11,1.65,1.31,19.39,37.72
2023-04-05,Tirunelveli,8.7139,77.7567,Dryland,29.31,36.36,24.29,61.89,1.92,0.04,22.55,37.74
2023-04-06,Tirunelveli,8.7139,77.7567,Dryland,29.81,36.72,25.36,59.35,1.82,1.03,23.69,37.75
2023-04-07,Tirunelveli,8.7139,77.7567,Dryland,29.33,35.94,24.74,61.21,2.07,3.15,23.65,37.76
2023-04-08,Tirunelveli,8.7139,77.7567,Dryland,28.52,35.34,23.95,62.27,2.87,2.07,20.41,37.76
2023-04-09,Tirunelveli,8.7139,77.7567,Dryland,28.28,33.14,24.8,66.07,2.17,0.61,15.52,37.76
2023-04-10,Tirunelveli,8.7139,77.7567,Dryland,29.04,35.85,24.76,63.52,3.15,0.36,23.17,37.76
2023-04-11,Tirunelveli,8.7139,77.7567,Dryland,29.34,36.56,24.07,62.82,2.74,0.43,24.95,37.76
2023-04-12,Tirunelveli,8.7139,77.7567,Dryland,29.29,36.43,24.31,62.22,2.31,0.0,24.47,37.76
2023-04-13,Tirunelveli,8.7139,77.7567,Dryland,30.04,38.15,24.23,57.78,1.86,0.0,24.44,37.76
2023-04-14,Tirunelveli,8.7139,77.7567,Dryland,29.75,36.01,24.11,61.68,1.19,0.01,24.66,37.75
2023-04-15,Tirunelveli,8.7139,77.7567,Dryland,30.05,36.51,24.72,63.0,1.38,0.01,22.13,37.75
2023-04-16,Tirunelveli,8.7139,77.7567,Dryland,29.78,35.23,25.75,58.66,0.87,0.01,24.63,37.74
2023-04-17,Tirunelveli,8.7139,77.7567,Dryland,30.38,38.29,25.2,58.16,1.56,0.0,25.63,37.73
2023-04-18,Tirunelveli,8.7139,77.7567,Dryland,31.01,39.47,24.7,58.04,1.78,0.0,24.29,37.72
2023-04-19,Tirunelveli,8.7139,77.7567,Dryland,30.57,37.45,25.54,59.96,1.51,0.01,24.52,37.71
2023-04-20,Tirunelveli,8.7139,77.7567,Dryland,30.61,37.04,25.75,62.13,2.53,0.14,22.74,37.69
2023-04-21,Tirunelveli,8.7139,77.7567,Dryland,29.74,34.61,26.18,66.16,2.54,3.04,20.57,37.68
2023-04-22,Tirunelveli,8.7139,77.7567,Dryland,30.61,37.38,25.24,62.82,2.37,2.03,23.63,37.68
2023-04-23,Tirunelveli,8.7139,77.7567,Dryland,31.14,37.66,25.81,60.68,2.01,0.68,22.92,37.66
2023-04-24,Tirunelveli,8.7139,77.7567,Dryland,29.66,34.69,26.4,67.75,1.63,1.98,20.69,37.65
2023-04-25,Tirunelveli,8.7139,77.7567,Dryland,29.28,34.07,26.06,66.29,1.26,1.8,14.45,37.62
2023-04-26,Tirunelveli,8.7139,77.7567,Dryland,28.1,32.85,24.77,73.22,1.74,19.17,16.35,37.6
2023-04-27,Tirunelveli,8.7139,77.7567,Dryland,28.29,32.76,25.03,74.2,1.54,3.59,17.26,37.58
2023-04-28,Tirunelveli,8.7139,77.7567,Dryland,28.39,33.3,25.43,72.83,2.03,4.13,17.06,37.55
2023-04-29,Tirunelveli,8.7139,77.7567,Dryland,27.74,31.57,25.04,77.08,1.73,6.06,14.92,37.53
2023-04-30,Tirunelveli,8.7139,77.7567,Dryland,28.67,34.34,24.73,72.61,1.84,1.76,17.41,37.51
2023-05-01,Tirunelveli,8.7139,77.7567,Dryland,27.51,31.99,24.79,79.55,1.86,28.95,15.94,37.5
2023-05-02,Tirunelveli,8.7139,77.7567,Dryland,26.35,28.96,24.06,85.2,2.42,26.01,15.52,37.48
2023-05-03,Tirunelveli,8.7139,77.7567,Dryland,26.36,30.15,23.9,86.2,3.02,25.15,15.21,37.45
2023-05-04,Tirunelveli,8.7139,77.7567,Dryland,25.22,28.21,22.69,82.96,1.92,0.75,19.26,37.41
2023-05-05,Tirunelveli,8.7139,77.7567,Dryland,26.8,31.32,23.62,76.61,2.49,0.74,14.87,37.39
2023-05-06,Tirunelveli,8.7139,77.7567,Dryland,27.08,32.64,22.78,74.51,2.44,0.59,20.3,37.36
2023-05-07,Tirunelveli,8.7139,77.7567,Dryland,26.26,29.97,23.72,78.7,2.37,2.12,11.57,37.32
2023-05-08,Tirunelveli,8.7139,77.7567,Dryland,27.39,32.82,23.16,73.53,1.77,0.41,21.22,37.29
2023-05-09,Tirunelveli,8.7139,77.7567,Dryland,27.87,33.55,23.83,77.01,1.95,10.9,19.05,37.27
2023-05-10,Tirunelveli,8.7139,77.7567,Dryland,27.01,31.22,23.6,81.78,1.9,1.25,23.11,37.25
2023-05-11,Tirunelveli,8.7139,77.7567,Dryland,27.36,30.99,24.84,80.21,2.77,1.96,21.41,37.23
2023-05-12,Tirunelveli,8.7139,77.7567,Dryland,26.82,30.01,24.66,84.0,2.11,1.87,19.35,37.2
2023-05-13,Tirunelveli,8.7139,77.7567,Dryland,27.27,30.6,24.71,83.15,3.31,0.81,20.51,37.17
2023-05-14,Tirunelveli,8.7139,77.7567,Dryland,27.71,31.25,25.77,81.55,3.68,0.28,20.37,37.14
2023-05-15,Tirunelveli,8.7139,77.7567,Dryland,27.99,32.35,25.35,80.85,3.67,0.04,21.9,37.11
2023-05-16,Tirunelveli,8.7139,77.7567,Dryland,28.88,34.41,24.82,77.27,2.73,0.08,23.18,37.08
2023-05-17,Tirunelveli,8.7139,77.7567,Dryland,28.49,32.91,25.11,77.99,1.45,1.36,23.52,37.05
2023-05-18,Tirunelveli,8.7139,77.7567,Dryland,27.84,32.06,24.58,81.1,1.77,0.74,23.02,37.02
2023-05-19,Tirunelveli,8.7139,77.7567,Dryland,27.9,32.25,24.71,78.42,2.11,0.12,20.49,36.99
2023-05-20,Tirunelveli,8.7139,77.7567,Dryland,28.52,33.74,24.93,76.12,2.35,0.12,23.19,36.96
2023-05-21,Tirunelveli,8.7139,77.7567,Dryland,28.55,33.94,24.05,73.74,2.11,0.45,22.71,36.92
2023-05-22,Tirunelveli,8.7139,77.7567,Dryland,27.36,30.5,25.08,81.77,1.84,6.32,19.97,36.88
2023-05-23,Tirunelveli,8.7139,77.7567,Dryland,27.47,31.85,24.58,80.45,1.64,0.6,22.17,36.84
2023-05-24,Tirunelveli,8.7139,77.7567,Dryland,28.36,33.97,24.29,75.44,2.31,0.61,23.51,36.82
2023-05-25,Tirunelveli,8.7139,77.7567,Dryland,28.38,33.71,24.68,75.18,3.1,0.82,23.35,36.79
2023-05-26,Tirunelveli,8.7139,77.7567,Dryland,28.63,34.15,25.23,72.62,3.57,0.14,21.94,36.76
2023-05-27,Tirunelveli,8.7139,77.7567,Dryland,28.02,32.84,24.96,76.79,3.45,0.52,22.89,36.74
2023-05-28,Tirunelveli,8.7139,77.7567,Dryland,28.4,33.28,24.72,77.63,2.67,0.14,21.35,36.72
2023-05-29,Tirunelveli,8.7139,77.7567,Dryland,27.85,31.68,24.91,81.24,1.6,0.54,21.46,36.7
2023-05-30,Tirunelveli,8.7139,77.7567,Dryland,27.97,32.63,24.78,78.6,2.07,0.19,22.38,36.68
2023-05-31,Tirunelveli,8.7139,77.7567,Dryland,27.77,32.14,24.26,77.22,2.14,0.59,21.66,36.65
2023-06-01,Tirunelveli,8.7139,77.7567,Dryland,27.93,32.89,24.21,72.99,3.87,0.56,21.8,36.63
2023-06-02,Tirunelveli,8.7139,77.7567,Dryland,27.7,32.57,24.7,78.67,3.51,0.15,20.44,36.61
2023-06-03,Tirunelveli,8.7139,77.7567,Dryland,28.21,34.16,24.94,75.06,3.47,0.18,21.82,36.58
2023-06-04,Tirunelveli,8.7139,77.7567,Dryland,28.02,32.55,25.11,75.09,3.89,0.12,21.05,36.56
2023-06-05,Tirunelveli,8.7139,77.7567,Dryland,27.38,30.36,25.51,79.57,4.07,1.29,21.82,36.54
2023-06-06,Tirunelveli,8.7139,77.7567,Dryland,27.17,30.49,24.98,81.62,3.89,3.07,22.03,36.53
2023-06-07,Tirunelveli,8.7139,77.7567,Dryland,27.2,30.48,25.14,80.82,4.42,4.26,21.82,36.51
2023-06-08,Tirunelveli,8.7139,77.7567,Dryland,27.06,30.25,24.99,78.41,3.81,1.22,20.51,36.49
2023-06-09,Tirunelveli,8.7139,77.7567,Dryland,27.44,31.52,24.63,80.39,4.08,0.86,21.87,36.47
2023-06-10,Tirunelveli,8.7139,77.7567,Dryland,27.32,31.26,24.91,77.82,4.14,0.25,23.44,36.46
2023-06-11,Tirunelveli,8.7139,77.7567,Dryland,27.84,31.63,25.23,76.25,4.2,0.19,20.64,36.44
2023-06-12,Tirunelveli,8.7139,77.7567,Dryland,27.38,31.76,25.16,81.48,3.91,6.12,19.38,36.43
2023-06-13,Tirunelveli,8.7139,77.7567,Dryland,26.75,29.59,24.82,85.85,4.02,2.64,22.15,36.42
2023-06-14,Tirunelveli,8.7139,77.7567,Dryland,27.69,32.8,24.46,70.12,3.9,0.2,23.47,36.41
2023-06-15,Tirunelveli,8.7139,77.7567,Dryland,27.78,33.02,23.61,79.28,3.81,0.24,23.73,36.39
2023-06-16,Tirunelveli,8.7139,77.7567,Dryland,27.62,31.59,24.95,73.5,5.14,0.16,24.9,36.38
2023-06-17,Tirunelveli,8.7139,77.7567,Dryland,26.92,30.89,24.07,79.91,4.55,1.26,17.82,36.36
2023-06-18,Tirunelveli,8.7139,77.7567,Dryland,26.47,30.08,24.41,81.7,3.23,0.94,12.42,36.35
2023-06-19,Tirunelveli,8.7139,77.7567,Dryland,27.17,32.83,23.79,76.92,3.52,0.28,18.57,36.34
2023-06-20,Tirunelveli,8.7139,77.7567,Dryland,27.75,34.56,23.62,71.71,3.31,0.13,19.03,36.34
2023-06-21,Tirunelveli,8.7139,77.7567,Dryland,27.91,34.39,23.77,72.11,3.31,0.41,16.17,36.33
2023-06-22,Tirunelveli,8.7139,77.7567,Dryland,27.48,33.49,23.75,73.76,3.43,0.11,21.79,36.33
2023-06-23,Tirunelveli,8.7139,77.7567,Dryland,27.27,33.02,23.03,75.3,3.5,0.07,23.33,36.33
2023-06-24,Tirunelveli,8.7139,77.7567,Dryland,27.28,31.77,24.2,78.28,3.43,0.23,21.67,36.33
2023-06-25,Tirunelveli,8.7139,77.7567,Dryland,26.8,31.16,24.47,77.27,4.14,2.04,16.92,36.33
2023-06-26,Tirunelveli,8.7139,77.7567,Dryland,26.1,29.45,24.06,80.25,3.5,1.52,19.69,36.33
2023-06-27,Tirunelveli,8.7139,77.7567,Dryland,25.93,28.5,24.2,84.27,3.4,3.07,14.06,36.32
2023-06-28,Tirunelveli,8.7139,77.7567,Dryland,26.97,32.33,24.04,77.06,3.73,0.08,20.16,36.31
2023-06-29,Tirunelveli,8.7139,77.7567,Dryland,27.08,32.97,23.68,75.78,4.23,0.23,20.1,36.31
2023-06-30,Tirunelveli,8.7139,77.7567,Dryland,27.08,32.52,23.64,78.71,3.62,0.25,20.35,36.32
2023-07-01,Tirunelveli,8.7139,77.7567,Dryland,27.18,32.16,23.69,78.07,3.27,0.37,20.31,36.33
2023-07-02,Tirunelveli,8.7139,77.7567,Dryland,26.88,31.23,23.53,73.63,4.73,2.11,16.81,36.34
2023-07-03,Tirunelveli,8.7139,77.7567,Dryland,25.55,29.73,22.83,82.0,4.37,6.08,10.44,36.35
2023-07-04,Tirunelveli,8.7139,77.7567,Dryland,25.89,29.19,24.06,81.33,5.77,6.03,10.65,36.36
2023-07-05,Tirunelveli,8.7139,77.7567,Dryland,25.24,27.92,23.68,84.53,5.54,14.54,12.18,36.37
2023-07-06,Tirunelveli,8.7139,77.7567,Dryland,25.79,29.66,23.42,81.77,4.46,1.8,14.49,36.37
2023-07-07,Tirunelveli,8.7139,77.7567,Dryland,25.85,30.11,23.28,78.54,3.97,3.42,15.13,36.38
2023-07-08,Tirunelveli,8.7139,77.7567,Dryland,26.48,31.76,22.99,77.79,3.25,1.97,16.4,36.38
2023-07-09,Tirunelveli,8.7139,77.7567,Dryland,26.9,32.38,22.33,74.18,3.58,0.12,21.3,36.39
2023-07-10,Tirunelveli,8.7139,77.7567,Dryland,27.01,32.92,23.69,78.97,3.71,0.39,19.1,36.4
2023-07-11,Tirunelveli,8.7139,77.7567,Dryland,26.28,30.88,23.24,81.89,2.64,0.69,15.04,36.42
2023-07-12,Tirunelveli,8.7139,77.7567,Dryland,26.8,33.16,22.67,79.04,2.91,0.02,21.92,36.43
2023-07-13,Tirunelveli,8.7139,77.7567,Dryland,26.62,32.03,22.69,78.13,3.6,0.48,20.4,36.44
2023-07-14,Tirunelveli,8.7139,77.7567,Dryland,26.51,31.64,22.88,76.83,4.12,0.54,20.39,36.46
2023-07-15,Tirunelveli,8.7139,77.7567,Dryland,26.62,32.34,23.08,78.49,3.79,0.5,22.85,36.47
2023-07-16,Tirunelveli,8.7139,77.7567,Dryland,27.13,32.04,23.64,78.66,3.99,0.09,20.68,36.49
2023-07-17,Tirunelveli,8.7139,77.7567,Dryland,26.71,31.03,23.91,80.87,4.08,0.06,20.43,36.51
2023-07-18,Tirunelveli,8.7139,77.7567,Dryland,26.87,30.74,24.2,79.46,5.04,1.01,19.26,36.53
2023-07-19,Tirunelveli,8.7139,77.7567,Dryland,26.53,31.4,24.34,81.75,4.96,1.04,17.4,36.55
2023-07-20,Tirunelveli,8.7139,77.7567,Dryland,26.43,30.01,24.01,82.71,3.84,1.97,20.21,36.57
2023-07-21,Tirunelveli,8.7139,77.7567,Dryland,26.85,30.54,24.22,79.45,4.71,0.27,20.0,36.59
2023-07-22,Tirunelveli,8.7139,77.7567,Dryland,26.49,30.22,24.31,77.68,4.77,0.21,20.25,36.61
2023-07-23,Tirunelveli,8.7139,77.7567,Dryland,25.49,28.76,23.36,82.29,4.57,3.78,18.46,36.64
2023-07-24,Tirunelveli,8.7139,77.7567,Dryland,25.34,28.41,22.81,84.26,3.81,1.28,15.82,36.66
2023-07-25,Tirunelveli,8.7139,77.7567,Dryland,26.0,30.44,23.1,81.99,3.49,2.4,16.74,36.68
2023-07-26,Tirunelveli,8.7139,77.7567,Dryland,26.51,31.78,22.85,79.27,3.97,0.43,16.09,36.71
2023-07-27,Tirunelveli,8.7139,77.7567,Dryland,27.1,32.76,22.52,73.22,4.51,0.1,18.46,36.73
2023-07-28,Tirunelveli,8.7139,77.7567,Dryland,26.95,32.91,22.75,72.02,4.65,0.01,23.22,36.75
2023-07-29,Tirunelveli,8.7139,77.7567,Dryland,27.13,33.28,22.45,74.57,4.71,0.01,23.18,36.77
2023-07-30,Tirunelveli,8.7139,77.7567,Dryland,27.01,32.99,23.16,73.9,5.18,0.01,22.69,36.79
2023-07-31,Tirunelveli,8.7139,77.7567,Dryland,27.23,32.6,23.87,73.8,5.31,0.0,21.9,36.81
2023-08-01,Tirunelveli,8.7139,77.7567,Dryland,26.22,30.38,23.79,78.97,4.97,0.0,21.67,36.83
2023-08-02,Tirunelveli,8.7139,77.7567,Dryland,27.0,32.94,22.81,75.76,4.23,0.03,20.97,36.85
2023-08-03,Tirunelveli,8.7139,77.7567,Dryland,27.15,33.25,22.57,75.96,4.35,0.06,24.46,36.88
2023-08-04,Tirunelveli,8.7139,77.7567,Dryland,27.59,33.63,23.31,75.22,4.39,0.23,23.68,36.9
2023-08-05,Tirunelveli,8.7139,77.7567,Dryland,27.35,33.2,22.84,72.95,4.19,0.08,23.42,36.93
2023-08-06,Tirunelveli,8.7139,77.7567,Dryland,27.84,33.92,24.07,72.33,4.84,0.23,23.56,36.95
2023-08-07,Tirunelveli,8.7139,77.7567,Dryland,27.67,33.35,24.25,74.72,4.35,0.06,22.83,36.97
2023-08-08,Tirunelveli,8.7139,77.7567,Dryland,27.11,32.77,23.54,76.64,3.83,0.24,21.18,36.99
2023-08-09,Tirunelveli,8.7139,77.7567,Dryland,26.89,31.95,23.64,75.31,2.83,0.4,17.83,37.01
2023-08-10,Tirunelveli,8.7139,77.7567,Dryland,27.66,33.33,23.59,74.12,2.86,0.26,18.18,37.03
2023-08-11,Tirunelveli,8.7139,77.7567,Dryland,28.37,34.07,24.05,71.2,2.64,0.31,19.46,37.05
2023-08-12,Tirunelveli,8.7139,77.7567,Dryland,27.99,34.54,23.74,71.04,3.78,0.97,21.01,37.06
2023-08-13,Tirunelveli,8.7139,77.7567,Dryland,28.25,34.52,23.74,67.28,4.14,0.03,20.87,37.08
2023-08-14,Tirunelveli,8.7139,77.7567,Dryland,27.57,33.86,23.26,69.83,3.64,0.0,21.19,37.1
2023-08-15,Tirunelveli,8.7139,77.7567,Dryland,28.06,35.21,23.09,67.51,3.46,0.07,22.09,37.11
2023-08-16,Tirunelveli,8.7139,77.7567,Dryland,28.12,36.01,21.59,64.25,3.16,0.0,24.89,37.12
2023-08-17,Tirunelveli,8.7139,77.7567,Dryland,28.33,35.33,23.7,67.65,4.17,0.03,23.64,37.13
2023-08-18,Tirunelveli,8.7139,77.7567,Dryland,27.74,34.16,24.05,71.99,4.43,0.33,20.94,37.15
2023-08-19,Tirunelveli,8.7139,77.7567,Dryland,27.99,34.84,24.0,69.99,4.53,0.49,21.37,37.16
2023-08-20,Tirunelveli,8.7139,77.7567,Dryland,28.59,35.94,24.02,68.53,4.44,0.0,22.59,37.17
2023-08-21,Tirunelveli,8.7139,77.7567,Dryland,29.02,36.72,23.94,68.08,3.97,0.0,23.79,37.18
2023-08-22,Tirunelveli,8.7139,77.7567,Dryland,28.52,34.55,24.37,70.07,3.17,0.09,22.66,37.19
2023-08-23,Tirunelveli,8.7139,77.7567,Dryland,28.79,36.05,24.17,67.33,3.95,0.04,23.09,37.19
2023-08-24,Tirunelveli,8.7139,77.7567,Dryland,29.13,36.66,24.32,64.91,4.07,0.01,25.4,37.2
2023-08-25,Tirunelveli,8.7139,77.7567,Dryland,28.87,35.65,24.31,64.08,3.6,0.01,25.01,37.2
2023-08-26,Tirunelveli,8.7139,77.7567,Dryland,29.02,36.19,23.1,63.53,3.22,0.0,25.49,37.21
2023-08-27,Tirunelveli,8.7139,77.7567,Dryland,29.64,37.06,25.13,63.99,3.7,0.0,24.74,37.21
2023-08-28,Tirunelveli,8.7139,77.7567,Dryland,29.05,35.24,24.73,68.44,3.74,0.52,23.27,37.21
2023-08-29,Tirunelveli,8.7139,77.7567,Dryland,26.93,30.86,24.24,77.7,3.57,3.35,19.82,37.22
2023-08-30,Tirunelveli,8.7139,77.7567,Dryland,26.77,31.73,23.28,77.14,2.83,16.56,18.26,37.22
2023-08-31,Tirunelveli,8.7139,77.7567,Dryland,26.64,31.27,23.68,77.4,2.69,6.9,19.4,37.22
2023-09-01,Tirunelveli,8.7139,77.7567,Dryland,26.25,30.84,23.02,81.58,2.75,12.9,20.69,37.23
2023-09-02,Tirunelveli,8.7139,77.7567,Dryland,26.97,32.14,23.93,76.87,3.94,2.91,16.52,37.22
2023-09-03,Tirunelveli,8.7139,77.7567,Dryland,24.97,27.83,23.31,84.28,3.78,8.18,16.91,37.22
2023-09-04,Tirunelveli,8.7139,77.7567,Dryland,26.16,31.56,22.48,78.62,4.25,3.92,14.87,37.21
2023-09-05,Tirunelveli,8.7139,77.7567,Dryland,26.53,30.14,23.72,76.38,3.9,0.36,13.65,37.2
2023-09-06,Tirunelveli,8.7139,77.7567,Dryland,26.07,29.72,24.2,81.68,3.35,1.39,17.27,37.19
2023-09-07,Tirunelveli,8.7139,77.7567,Dryland,26.27,31.4,23.52,74.97,3.68,1.56,13.79,37.18
2023-09-08,Tirunelveli,8.7139,77.7567,Dryland,26.8,32.64,22.6,75.79,3.49,3.1,16.08,37.17
2023-09-09,Tirunelveli,8.7139,77.7567,Dryland,26.93,32.26,23.25,76.35,3.86,2.6,19.06,37.15
2023-09-10,Tirunelveli,8.7139,77.7567,Dryland,26.1,30.06,23.5,76.38,3.97,2.66,19.28,37.13
2023-09-11,Tirunelveli,8.7139,77.7567,Dryland,25.97,30.37,23.2,76.78,3.63,5.31,13.74,37.11
2023-09-12,Tirunelveli,8.7139,77.7567,Dryland,26.54,32.15,23.15,76.69,3.25,0.34,21.25,37.09
2023-09-13,Tirunelveli,8.7139,77.7567,Dryland,26.2,29.91,23.51,81.99,3.23,1.06,18.31,37.07
2023-09-14,Tirunelveli,8.7139,77.7567,Dryland,26.43,31.52,23.81,81.95,3.38,5.23,18.62,37.05
2023-09-15,Tirunelveli,8.7139,77.7567,Dryland,26.51,31.5,23.22,78.53,3.11,8.78,18.34,37.03
2023-09-16,Tirunelveli,8.7139,77.7567,Dryland,26.33,31.41,23.18,81.44,2.75,4.62,15.06,37.01
2023-09-17,Tirunelveli,8.7139,77.7567,Dryland,25.72,28.94,23.88,85.72,2.62,4.45,15.21,36.98
2023-09-18,Tirunelveli,8.7139,77.7567,Dryland,26.04,30.37,23.21,83.77,3.19,10.44,16.97,36.95
2023-09-19,Tirunelveli,8.7139,77.7567,Dryland,26.58,31.62,23.44,79.33,3.22,2.38,17.84,36.91
2023-09-20,Tirunelveli,8.7139,77.7567,Dryland,26.38,31.65,23.23,80.31,2.82,1.9,19.87,36.88
2023-09-21,Tirunelveli,8.7139,77.7567,Dryland,26.14,30.53,23.36,80.17,2.76,2.69,19.87,36.84
2023-09-22,Tirunelveli,8.7139,77.7567,Dryland,26.85,31.93,23.23,79.66,2.77,2.29,17.39,36.8
2023-09-23,Tirunelveli,8.7139,77.7567,Dryland,26.51,30.75,23.99,81.63,3.19,2.38,21.71,36.76
2023-09-24,Tirunelveli,8.7139,77.7567,Dryland,26.71,31.29,23.59,79.76,3.08,2.2,22.14,36.72
2023-09-25,Tirunelveli,8.7139,77.7567,Dryland,27.18,32.59,23.87,75.97,3.66,0.32,21.9,36.69
2023-09-26,Tirunelveli,8.7139,77.7567,Dryland,27.22,32.55,23.62,77.25,3.43,0.88,21.71,36.65
2023-09-27,Tirunelveli,8.7139,77.7567,Dryland,26.29,29.97,23.99,81.68,3.28,3.75,20.27,36.61
2023-09-28,Tirunelveli,8.7139,77.7567,Dryland,26.62,31.4,23.67,78.27,3.67,3.77,17.88,36.58
2023-09-29,Tirunelveli,8.7139,77.7567,Dryland,26.21,29.88,24.06,82.51,4.38,21.69,8.56,36.53
2023-09-30,Tirunelveli,8.7139,77.7567,Dryland,26.06,30.36,23.16,82.09,3.33,14.83,13.12,36.48
2023-10-01,Tirunelveli,8.7139,77.7567,Dryland,25.98,30.16,23.18,85.12,3.53,10.94,14.83,36.43
2023-10-02,Tirunelveli,8.7139,77.7567,Dryland,25.68,28.63,23.95,88.69,3.44,37.08,14.97,36.38
2023-10-03,Tirunelveli,8.7139,77.7567,Dryland,25.7,28.89,23.6,89.33,2.28,35.51,13.49,36.32
2023-10-04,Tirunelveli,8.7139,77.7567,Dryland,25.59,28.79,23.48,88.31,2.74,21.1,16.39,36.27
2023-10-05,Tirunelveli,8.7139,77.7567,Dryland,25.58,29.22,23.05,87.91,2.41,5.86,19.85,36.21
2023-10-06,Tirunelveli,8.7139,77.7567,Dryland,26.04,30.11,23.73,88.32,2.79,2.0,20.98,36.16
2023-10-07,Tirunelveli,8.7139,77.7567,Dryland,26.51,30.9,23.45,85.72,2.02,0.31,22.18,36.1
2023-10-08,Tirunelveli,8.7139,77.7567,Dryland,25.99,29.43,23.1,87.72,1.77,0.62,19.61,36.04
2023-10-09,Tirunelveli,8.7139,77.7567,Dryland,25.56,28.08,23.87,90.16,1.36,1.96,18.19,35.97
2023-10-10,Tirunelveli,8.7139,77.7567,Dryland,25.58,28.59,23.26,88.19,1.46,1.48,20.03,35.91
2023-10-11,Tirunelveli,8.7139,77.7567,Dryland,25.56,28.8,23.13,87.29,2.25,3.66,18.71,35.84
2023-10-12,Tirunelveli,8.7139,77.7567,Dryland,25.12,28.19,22.93,88.54,2.16,5.28,14.46,35.78
2023-10-13,Tirunelveli,8.7139,77.7567,Dryland,25.43,29.68,22.08,85.81,1.68,5.26,18.1,35.71
2023-10-14,Tirunelveli,8.7139,77.7567,Dryland,25.38,28.91,22.82,88.12,1.81,14.28,15.29,35.64
2023-10-15,Tirunelveli,8.7139,77.7567,Dryland,25.42,28.92,23.25,86.68,2.02,16.75,13.27,35.57
2023-10-16,Tirunelveli,8.7139,77.7567,Dryland,25.8,29.95,22.84,85.09,1.61,2.08,17.92,35.5
2023-10-17,Tirunelveli,8.7139,77.7567,Dryland,25.94,29.79,23.02,86.51,1.24,8.65,16.75,35.43
2023-10-18,Tirunelveli,8.7139,77.7567,Dryland,25.49,27.93,23.46,87.09,1.09,7.93,14.56,35.35
2023-10-19,Tirunelveli,8.7139,77.7567,Dryland,25.28,28.57,23.3,86.87,0.91,16.34,14.93,35.28
2023-10-20,Tirunelveli,8.7139,77.7567,Dryland,25.78,29.71,23.04,84.14,0.98,11.41,14.61,35.21
2023-10-21,Tirunelveli,8.7139,77.7567,Dryland,26.14,30.19,22.7,82.88,0.98,7.3,19.35,35.13
2023-10-22,Tirunelveli,8.7139,77.7567,Dryland,26.12,29.67,23.29,83.84,0.88,8.36,18.0,35.05
2023-10-23,Tirunelveli,8.7139,77.7567,Dryland,25.17,28.54,23.12,87.79,1.33,14.13,14.13,34.98
2023-10-24,Tirunelveli,8.7139,77.7567,Dryland,25.69,29.79,23.05,83.09,1.02,0.53,19.54,34.9
2023-10-25,Tirunelveli,8.7139,77.7567,Dryland,25.66,29.37,22.94,86.09,1.15,0.25,18.84,34.83
2023-10-26,Tirunelveli,8.7139,77.7567,Dryland,26.32,30.19,23.54,84.16,1.06,3.76,18.68,34.75
2023-10-27,Tirunelveli,8.7139,77.7567,Dryland,26.24,29.9,23.2,84.89,1.37,0.59,16.43,34.68
2023-10-28,Tirunelveli,8.7139,77.7567,Dryland,25.42,28.23,22.96,86.84,1.09,2.7,16.15,34.6
2023-10-29,Tirunelveli,8.7139,77.7567,Dryland,24.93,28.03,22.93,89.53,1.55,6.86,16.25,34.52
2023-10-30,Tirunelveli,8.7139,77.7567,Dryland,24.52,27.39,22.45,88.93,1.7,4.25,14.55,34.43
2023-10-31,Tirunelveli,8.7139,77.7567,Dryland,24.87,27.44,22.45,90.1,1.66,5.04,17.22,34.34
2023-11-01,Tirunelveli,8.7139,77.7567,Dryland,25.25,28.43,22.46,88.54,1.55,13.98,16.9,34.27
2023-11-02,Tirunelveli,8.7139,77.7567,Dryland,25.09,28.22,23.02,88.94,1.19,4.16,12.1,34.19
2023-11-03,Tirunelveli,8.7139,77.7567,Dryland,25.03,28.55,22.27,89.51,1.4,20.01,9.08,34.11
2023-11-04,Tirunelveli,8.7139,77.7567,Dryland,24.38,26.38,23.17,92.94,1.38,13.32,12.78,34.03
2023-11-05,Tirunelveli,8.7139,77.7567,Dryland,24.89,26.87,22.92,85.78,0.67,24.36,17.01,33.95
2023-11-06,Tirunelveli,8.7139,77.7567,Dryland,25.46,29.14,21.97,83.71,0.81,13.6,17.13,33.86
2023-11-07,Tirunelveli,8.7139,77.7567,Dryland,25.3,28.65,22.85,86.73,1.27,6.16,18.79,33.78
2023-11-08,Tirunelveli,8.7139,77.7567,Dryland,24.75,27.37,22.73,89.11,1.45,30.89,13.73,33.7
2023-11-09,Tirunelveli,8.7139,77.7567,Dryland,23.79,26.08,21.82,90.73,1.55,27.19,15.32,33.62
2023-11-10,Tirunelveli,8.7139,77.7567,Dryland,24.64,28.11,21.64,88.67,1.46,4.09,11.1,33.54
2023-11-11,Tirunelveli,8.7139,77.7567,Dryland,24.77,26.6,22.87,93.25,2.22,7.35,13.08,33.46
2023-11-12,Tirunelveli,8.7139,77.7567,Dryland,25.38,29.04,22.04,85.86,1.89,0.43,17.11,33.38
2023-11-13,Tirunelveli,8.7139,77.7567,Dryland,24.64,28.12,21.71,84.78,1.82,0.72,16.07,33.31
2023-11-14,Tirunelveli,8.7139,77.7567,Dryland,24.45,27.29,22.01,89.51,1.46,0.51,12.94,33.23
2023-11-15,Tirunelveli,8.7139,77.7567,Dryland,25.18,29.63,21.59,83.6,1.51,3.68,15.6,33.15
2023-11-16,Tirunelveli,8.7139,77.7567,Dryland,25.96,30.26,22.6,85.18,0.75,2.45,17.95,33.08
2023-11-17,Tirunelveli,8.7139,77.7567,Dryland,25.79,28.36,24.22,90.71,0.99,0.41,16.28,33.0
2023-11-18,Tirunelveli,8.7139,77.7567,Dryland,25.31,27.75,23.32,90.78,1.32,4.7,17.42,32.93
2023-11-19,Tirunelveli,8.7139,77.7567,Dryland,24.77,27.3,23.12,91.4,2.34,35.79,3.29,32.86
2023-11-20,Tirunelveli,8.7139,77.7567,Dryland,25.33,28.87,22.62,88.27,1.8,1.08,18.99,32.8
2023-11-21,Tirunelveli,8.7139,77.7567,Dryland,25.31,27.92,23.15,90.46,1.39,2.79,16.74,32.73
2023-11-22,Tirunelveli,8.7139,77.7567,Dryland,25.34,28.27,23.66,89.43,1.61,29.22,14.59,32.66
2023-11-23,Tirunelveli,8.7139,77.7567,Dryland,25.13,27.74,23.42,90.19,1.63,8.46,13.5,32.59
2023-11-24,Tirunelveli,8.7139,77.7567,Dryland,25.17,28.6,22.08,87.43,1.28,0.59,15.99,32.53
2023-11-25,Tirunelveli,8.7139,77.7567,Dryland,25.03,28.22,22.36,91.49,2.0,1.96,15.77,32.46
2023-11-26,Tirunelveli,8.7139,77.7567,Dryland,25.19,27.17,23.83,94.11,2.85,1.71,17.74,32.41
2023-11-27,Tirunelveli,8.7139,77.7567,Dryland,25.64,28.44,23.61,90.62,2.99,1.33,14.55,32.35
2023-11-28,Tirunelveli,8.7139,77.7567,Dryland,25.16,28.41,22.87,90.76,2.42,1.79,15.34,32.29
2023-11-29,Tirunelveli,8.7139,77.7567,Dryland,25.06,28.45,22.87,90.65,2.43,1.71,14.17,32.24
2023-11-30,Tirunelveli,8.7139,77.7567,Dryland,24.7,27.3,22.62,89.9,1.82,0.51,15.78,32.19
2023-12-01,Tirunelveli,8.7139,77.7567,Dryland,24.48,28.08,21.61,90.02,1.74,6.48,17.38,32.14
2023-12-02,Tirunelveli,8.7139,77.7567,Dryland,25.13,28.36,22.43,83.35,0.9,6.14,16.61,32.09
2023-12-03,Tirunelveli,8.7139,77.7567,Dryland,25.2,28.62,22.63,89.3,1.39,0.68,15.81,32.04
2023-12-04,Tirunelveli,8.7139,77.7567,Dryland,25.43,27.47,24.09,92.88,2.15,0.62,16.05,31.98
2023-12-05,Tirunelveli,8.7139,77.7567,Dryland,25.9,28.74,24.15,92.59,2.08,0.3,19.13,31.94
2023-12-06,Tirunelveli,8.7139,77.7567,Dryland,25.65,28.59,23.38,90.11,1.05,0.13,19.82,31.9
2023-12-07,Tirunelveli,8.7139,77.7567,Dryland,26.12,29.6,23.96,87.01,1.04,0.21,18.51,31.87
2023-12-08,Tirunelveli,8.7139,77.7567,Dryland,26.04,29.3,23.78,87.88,1.19,1.18,16.17,31.83
2023-12-09,Tirunelveli,8.7139,77.7567,Dryland,25.85,29.1,23.5,88.91,1.42,7.22,13.51,31.8
2023-12-10,Tirunelveli,8.7139,77.7567,Dryland,25.12,27.73,23.4,91.4,2.49,3.95,9.42,31.77
2023-12-11,Tirunelveli,8.7139,77.7567,Dryland,25.17,28.36,22.65,89.83,2.97,3.95,14.0,31.74
2023-12-12,Tirunelveli,8.7139,77.7567,Dryland,24.99,28.46,22.75,89.5,3.02,1.73,13.59,31.72
2023-12-13,Tirunelveli,8.7139,77.7567,Dryland,24.02,27.62,21.66,88.02,3.55,0.0,14.0,31.7
2023-12-14,Tirunelveli,8.7139,77.7567,Dryland,23.1,26.5,20.28,86.75,3.14,0.01,17.62,31.68
2023-12-15,Tirunelveli,8.7139,77.7567,Dryland,24.25,27.86,21.57,90.06,2.81,0.38,9.33,31.66
2023-12-16,Tirunelveli,8.7139,77.7567,Dryland,24.01,26.1,22.25,93.07,2.39,28.89,5.21,31.66
2023-12-17,Tirunelveli,8.7139,77.7567,Dryland,24.42,25.91,23.38,95.44,3.11,209.16,1.48,31.65
2023-12-18,Tirunelveli,8.7139,77.7567,Dryland,24.27,25.4,22.83,94.49,4.88,64.79,9.5,31.65
2023-12-19,Tirunelveli,8.7139,77.7567,Dryland,23.14,24.89,21.89,92.4,4.24,1.8,13.01,31.64
2023-12-20,Tirunelveli,8.7139,77.7567,Dryland,23.87,27.06,20.92,90.9,3.72,2.61,14.05,31.64
2023-12-21,Tirunelveli,8.7139,77.7567,Dryland,24.19,27.15,21.79,92.03,3.54,2.92,12.59,31.64
2023-12-22,Tirunelveli,8.7139,77.7567,Dryland,24.21,27.59,22.13,91.04,3.45,0.7,15.87,31.64
2023-12-23,Tirunelveli,8.7139,77.7567,Dryland,23.4,26.91,20.72,90.23,2.94,0.0,17.27,31.64
2023-12-24,Tirunelveli,8.7139,77.7567,Dryland,23.14,26.81,20.23,90.32,2.74,0.0,14.65,31.65
2023-12-25,Tirunelveli,8.7139,77.7567,Dryland,24.6,28.23,21.78,90.48,3.8,0.74,15.62,31.66
2023-12-26,Tirunelveli,8.7139,77.7567,Dryland,24.0,27.36,21.33,89.46,4.1,0.16,18.2,31.68
2023-12-27,Tirunelveli,8.7139,77.7567,Dryland,23.71,27.33,20.11,90.11,4.29,0.32,16.97,31.7
2023-12-28,Tirunelveli,8.7139,77.7567,Dryland,24.42,27.65,21.45,90.37,4.59,0.5,12.65,31.72
2023-12-29,Tirunelveli,8.7139,77.7567,Dryland,24.77,27.31,23.1,90.94,4.48,0.89,12.67,31.74
2023-12-30,Tirunelveli,8.7139,77.7567,Dryland,24.55,27.61,22.86,89.81,4.11,0.12,15.27,31.77
2023-12-31,Tirunelveli,8.7139,77.7567,Dryland,23.87,27.41,21.64,88.75,3.71,0.01,17.53,31.79
2024-01-01,Tirunelveli,8.7139,77.7567,Dryland,23.03,26.09,19.89,89.67,2.38,0.0,12.3,31.82
2024-01-02,Tirunelveli,8.7139,77.7567,Dryland,23.93,27.3,21.67,90.06,2.71,0.02,15.63,31.86
2024-01-03,Tirunelveli,8.7139,77.7567,Dryland,23.77,27.55,20.95,89.73,2.4,0.0,16.62,31.89
2024-01-04,Tirunelveli,8.7139,77.7567,Dryland,24.56,28.32,21.7,89.86,1.98,0.25,15.55,31.93
2024-01-05,Tirunelveli,8.7139,77.7567,Dryland,25.12,28.73,22.3,89.16,1.56,0.82,13.83,31.97
2024-01-06,Tirunelveli,8.7139,77.7567,Dryland,24.64,27.94,22.62,90.98,1.86,1.13,12.88,32.01
2024-01-07,Tirunelveli,8.7139,77.7567,Dryland,24.53,27.78,22.22,90.51,2.23,0.7,12.88,32.06
2024-01-08,Tirunelveli,8.7139,77.7567,Dryland,23.76,26.61,21.74,92.19,1.86,1.83,11.57,32.11
2024-01-09,Tirunelveli,8.7139,77.7567,Dryland,23.82,26.2,22.31,92.98,3.81,3.65,6.12,32.16
2024-01-10,Tirunelveli,8.7139,77.7567,Dryland,23.39,25.83,21.69,91.0,3.41,2.79,10.7,32.21
2024-01-11,Tirunelveli,8.7139,77.7567,Dryland,23.61,27.11,21.58,89.58,3.75,0.2,12.19,32.27
2024-01-12,Tirunelveli,8.7139,77.7567,Dryland,23.43,27.17,20.81,87.11,3.79,0.0,15.73,32.33
2024-01-13,Tirunelveli,8.7139,77.7567,Dryland,23.36,27.45,19.97,87.9,3.15,0.0,19.79,32.39
2024-01-14,Tirunelveli,8.7139,77.7567,Dryland,23.32,27.6,20.14,88.99,2.99,0.0,19.68,32.45
2024-01-15,Tirunelveli,8.7139,77.7567,Dryland,22.62,27.29,19.44,85.74,2.61,0.0,19.14,32.52
2024-01-16,Tirunelveli,8.7139,77.7567,Dryland,21.81,26.84,17.56,84.91,2.16,0.0,19.51,32.58
2024-01-17,Tirunelveli,8.7139,77.7567,Dryland,21.68,27.33,17.15,83.63,1.92,0.0,21.89,32.65
2024-01-18,Tirunelveli,8.7139,77.7567,Dryland,23.34,28.71,18.34,88.59,1.86,0.06,20.25,32.72
2024-01-19,Tirunelveli,8.7139,77.7567,Dryland,24.41,28.82,21.33,89.14,2.41,0.37,14.69,32.79
2024-01-20,Tirunelveli,8.7139,77.7567,Dryland,24.66,28.53,22.41,88.16,2.83,0.19,12.28,32.87
2024-01-21,Tirunelveli,8.7139,77.7567,Dryland,24.63,29.05,21.8,86.88,2.79,0.02,17.86,32.93
2024-01-22,Tirunelveli,8.7139,77.7567,Dryland,24.39,29.54,20.51,86.56,2.58,0.06,20.28,33.01
2024-01-23,Tirunelveli,8.7139,77.7567,Dryland,23.69,28.56,20.47,85.25,2.52,0.0,21.17,33.08
2024-01-24,Tirunelveli,8.7139,77.7567,Dryland,23.5,29.1,19.11,84.82,2.03,0.0,21.23,33.17
2024-01-25,Tirunelveli,8.7139,77.7567,Dryland,23.61,28.9,19.1,83.99,2.14,0.0,20.81,33.25
2024-01-26,Tirunelveli,8.7139,77.7567,Dryland,23.36,28.86,19.02,81.86,3.09,0.0,21.56,33.34
2024-01-27,Tirunelveli,8.7139,77.7567,Dryland,22.95,28.74,18.46,81.78,3.03,0.0,22.23,33.42
2024-01-28,Tirunelveli,8.7139,77.7567,Dryland,23.63,29.55,18.42,82.8,2.95,0.0,20.54,33.51
2024-01-29,Tirunelveli,8.7139,77.7567,Dryland,23.97,30.01,19.02,80.53,2.91,0.0,19.07,33.59
2024-01-30,Tirunelveli,8.7139,77.7567,Dryland,24.76,30.68,20.04,79.47,2.73,0.21,20.41,33.67
2024-01-31,Tirunelveli,8.7139,77.7567,Dryland,25.59,30.61,21.17,79.59,1.64,10.26,19.24,33.76
2024-02-01,Tirunelveli,8.7139,77.7567,Dryland,25.69,30.15,21.84,83.45,1.19,9.11,14.49,33.84
2024-02-02,Tirunelveli,8.7139,77.7567,Dryland,25.93,30.41,22.96,84.61,1.7,3.02,17.15,33.93
2024-02-03,Tirunelveli,8.7139,77.7567,Dryland,25.94,31.25,22.4,82.8,2.42,0.02,21.03,34.01
2024-02-04,Tirunelveli,8.7139,77.7567,Dryland,25.12,31.08,21.55,80.3,2.93,0.0,22.32,34.1
2024-02-05,Tirunelveli,8.7139,77.7567,Dryland,24.3,30.59,19.43,81.46,2.89,0.0,22.09,34.19
2024-02-06,Tirunelveli,8.7139,77.7567,Dryland,23.83,30.08,19.63,79.87,3.26,0.0,22.32,34.28
2024-02-07,Tirunelveli,8.7139,77.7567,Dryland,23.88,30.81,18.21,79.97,2.62,0.0,24.11,34.36
2024-02-08,Tirunelveli,8.7139,77.7567,Dryland,24.33,31.57,19.22,80.38,2.82,0.0,23.44,34.44
2024-02-09,Tirunelveli,8.7139,77.7567,Dryland,24.59,30.97,20.06,80.75,3.05,0.0,21.11,34.53
2024-02-10,Tirunelveli,8.7139,77.7567,Dryland,25.21,30.89,20.92,79.23,3.7,0.0,19.55,34.62
2024-02-11,Tirunelveli,8.7139,77.7567,Dryland,25.31,31.32,21.49,75.43,3.92,0.0,20.94,34.71
2024-02-12,Tirunelveli,8.7139,77.7567,Dryland,24.46,31.29,19.16,77.06,3.83,0.0,21.21,34.8
2024-02-13,Tirunelveli,8.7139,77.7567,Dryland,25.42,31.79,20.15,78.43,3.78,0.0,20.65,34.89
2024-02-14,Tirunelveli,8.7139,77.7567,Dryland,26.0,31.57,22.2,77.04,4.21,0.0,18.74,34.99
2024-02-15,Tirunelveli,8.7139,77.7567,Dryland,25.63,31.99,21.06,75.47,3.92,0.0,19.32,35.08
2024-02-16,Tirunelveli,8.7139,77.7567,Dryland,25.84,32.33,20.25,76.61,3.68,0.0,20.57,35.17
2024-02-17,Tirunelveli,8.7139,77.7567,Dryland,26.34,33.15,21.89,74.34,3.75,0.0,20.91,35.26
2024-02-18,Tirunelveli,8.7139,77.7567,Dryland,26.12,33.23,21.42,74.43,3.15,0.0,22.07,35.33
2024-02-19,Tirunelveli,8.7139,77.7567,Dryland,26.42,33.0,22.25,74.98,3.29,0.0,21.82,35.42
2024-02-20,Tirunelveli,8.7139,77.7567,Dryland,26.74,33.78,22.2,73.37,2.37,0.0,21.78,35.5
2024-02-21,Tirunelveli,8.7139,77.7567,Dryland,27.26,34.98,20.93,71.83,1.43,0.0,22.03,35.58
2024-02-22,Tirunelveli,8.7139,77.7567,Dryland,28.04,34.69,23.69,70.98,1.66,0.0,21.82,35.65
2024-02-23,Tirunelveli,8.7139,77.7567,Dryland,27.94,35.88,21.77,67.76,1.37,0.0,23.13,35.72
2024-02-24,Tirunelveli,8.7139,77.7567,Dryland,28.32,35.67,22.36,69.7,1.26,0.0,21.38,35.8
2024-02-25,Tirunelveli,8.7139,77.7567,Dryland,27.8,34.58,23.58,69.54,2.73,0.0,21.66,35.87
2024-02-26,Tirunelveli,8.7139,77.7567,Dryland,27.54,33.89,22.84,71.9,4.5,0.01,20.77,35.95
2024-02-27,Tirunelveli,8.7139,77.7567,Dryland,27.85,34.13,23.8,68.83,4.87,0.0,20.28,36.03
2024-02-28,Tirunelveli,8.7139,77.7567,Dryland,27.53,34.4,23.1,69.81,4.19,0.0,19.54,36.11
2024-02-29,Tirunelveli,8.7139,77.7567,Dryland,27.72,34.64,23.54,67.44,3.73,0.0,21.69,36.19
2024-03-01,Tirunelveli,8.7139,77.7567,Dryland,27.02,34.19,21.82,69.33,3.81,0.0,17.44,36.27
2024-03-02,Tirunelveli,8.7139,77.7567,Dryland,26.66,34.03,21.74,66.91,2.52,0.0,25.26,36.35
2024-03-03,Tirunelveli,8.7139,77.7567,Dryland,27.18,35.26,20.58,68.28,1.92,0.0,23.76,36.42
2024-03-04,Tirunelveli,8.7139,77.7567,Dryland,27.61,36.73,20.3,64.65,1.73,0.0,24.11,36.5
2024-03-05,Tirunelveli,8.7139,77.7567,Dryland,27.75,36.63,20.72,63.51,1.83,0.0,22.95,36.56
2024-03-06,Tirunelveli,8.7139,77.7567,Dryland,27.8,35.48,22.09,62.82,1.55,0.0,19.23,36.62
2024-03-07,Tirunelveli,8.7139,77.7567,Dryland,28.33,36.98,22.3,58.01,1.53,0.0,22.93,36.68
2024-03-08,Tirunelveli,8.7139,77.7567,Dryland,28.21,36.63,21.51,56.86,1.47,0.01,23.67,36.74
2024-03-09,Tirunelveli,8.7139,77.7567,Dryland,28.71,36.77,22.1,58.69,1.7,0.0,24.63,36.8
2024-03-10,Tirunelveli,8.7139,77.7567,Dryland,28.95,36.86,22.6,59.16,1.99,0.0,23.24,36.86
2024-03-11,Tirunelveli,8.7139,77.7567,Dryland,28.56,36.47,22.04,60.02,2.48,0.0,23.2,36.92
2024-03-12,Tirunelveli,8.7139,77.7567,Dryland,28.61,36.92,22.16,58.82,2.67,0.0,24.43,36.98
2024-03-13,Tirunelveli,8.7139,77.7567,Dryland,29.36,37.63,22.91,53.49,1.65,0.0,24.49,37.04
2024-03-14,Tirunelveli,8.7139,77.7567,Dryland,30.42,38.82,23.28,59.7,1.34,0.0,23.33,37.09
2024-03-15,Tirunelveli,8.7139,77.7567,Dryland,30.89,39.22,25.06,60.04,1.76,0.02,22.45,37.13
2024-03-16,Tirunelveli,8.7139,77.7567,Dryland,30.14,38.21,24.47,57.91,1.88,0.01,24.81,37.18
2024-03-17,Tirunelveli,8.7139,77.7567,Dryland,28.64,36.88,23.12,52.05,2.49,0.0,24.94,37.22
2024-03-18,Tirunelveli,8.7139,77.7567,Dryland,28.89,37.31,22.57,52.58,2.23,0.0,25.35,37.27
2024-03-19,Tirunelveli,8.7139,77.7567,Dryland,28.76,37.14,21.42,52.54,2.29,0.0,25.48,37.32
2024-03-20,Tirunelveli,8.7139,77.7567,Dryland,28.96,37.82,21.99,52.91,2.21,0.0,25.03,37.36
2024-03-21,Tirunelveli,8.7139,77.7567,Dryland,29.52,37.02,23.33,62.08,3.39,0.18,21.91,37.39
2024-03-22,Tirunelveli,8.7139,77.7567,Dryland,29.25,36.13,24.65,68.44,3.21,7.4,19.22,37.41
2024-03-23,Tirunelveli,8.7139,77.7567,Dryland,28.84,36.01,24.35,69.03,2.56,8.78,22.67,37.43
2024-03-24,Tirunelveli,8.7139,77.7567,Dryland,28.56,36.68,22.77,63.7,2.58,0.02,25.44,37.46
2024-03-25,Tirunelveli,8.7139,77.7567,Dryland,28.44,36.91,22.93,61.96,2.99,0.01,26.56,37.49
2024-03-26,Tirunelveli,8.7139,77.7567,Dryland,28.3,36.95,21.96,62.22,2.37,0.0,24.13,37.53
2024-03-27,Tirunelveli,8.7139,77.7567,Dryland,28.86,37.7,21.47,57.79,2.04,0.02,23.52,37.56
2024-03-28,Tirunelveli,8.7139,77.7567,Dryland,29.07,36.09,24.51,65.5,2.07,6.98,22.16,37.59
2024-03-29,Tirunelveli,8.7139,77.7567,Dryland,29.38,37.54,22.67,64.07,1.72,0.16,21.26,37.62
2024-03-30,Tirunelveli,8.7139,77.7567,Dryland,29.74,37.74,23.84,62.6,1.65,0.01,23.41,37.65
2024-03-31,Tirunelveli,8.7139,77.7567,Dryland,30.31,38.6,24.08,58.84,1.45,0.0,25.51,37.67
2024-04-01,Tirunelveli,8.7139,77.7567,Dryland,30.72,39.0,24.23,59.9,1.45,0.02,23.27,37.69
2024-04-02,Tirunelveli,8.7139,77.7567,Dryland,30.93,37.8,26.43,60.35,1.66,1.19,21.33,37.7
2024-04-03,Tirunelveli,8.7139,77.7567,Dryland,30.59,37.68,26.01,63.58,1.67,0.6,17.79,37.71
2024-04-04,Tirunelveli,8.7139,77.7567,Dryland,30.86,38.33,26.51,60.55,1.62,0.87,21.24,37.72
2024-04-05,Tirunelveli,8.7139,77.7567,Dryland,31.28,39.11,25.21,61.41,1.61,0.68,21.87,37.73
2024-04-06,Tirunelveli,8.7139,77.7567,Dryland,32.18,39.81,27.18,57.95,1.87,0.05,24.91,37.74
2024-04-07,Tirunelveli,8.7139,77.7567,Dryland,31.67,38.47,27.39,58.4,1.98,0.04,24.21,37.74
2024-04-08,Tirunelveli,8.7139,77.7567,Dryland,31.9,40.22,26.09,58.59,1.95,0.68,23.15,37.75
2024-04-09,Tirunelveli,8.7139,77.7567,Dryland,30.86,38.36,25.14,58.38,2.58,0.5,22.95,37.75
2024-04-10,Tirunelveli,8.7139,77.7567,Dryland,30.71,38.42,24.83,58.03,3.12,0.0,23.87,37.75
2024-04-11,Tirunelveli,8.7139,77.7567,Dryland,31.3,38.54,26.37,57.8,3.07,0.31,21.96,37.75
2024-04-12,Tirunelveli,8.7139,77.7567,Dryland,28.82,33.98,25.23,71.23,2.7,7.03,10.13,37.75
2024-04-13,Tirunelveli,8.7139,77.7567,Dryland,29.38,35.85,24.85,69.03,1.98,4.65,19.71,37.75
2024-04-14,Tirunelveli,8.7139,77.7567,Dryland,29.05,34.46,25.57,71.34,2.8,2.32,19.22,37.75
2024-04-15,Tirunelveli,8.7139,77.7567,Dryland,29.12,35.32,24.74,72.86,2.95,3.94,16.68,37.75
2024-04-16,Tirunelveli,8.7139,77.7567,Dryland,29.58,35.94,25.78,70.99,2.7,0.48,20.4,37.74
2024-04-17,Tirunelveli,8.7139,77.7567,Dryland,30.32,37.38,25.52,67.37,1.93,0.21,22.93,37.73
2024-04-18,Tirunelveli,8.7139,77.7567,Dryland,31.35,38.97,25.89,63.03,2.15,0.03,21.24,37.71
2024-04-19,Tirunelveli,8.7139,77.7567,Dryland,30.98,37.0,27.02,65.12,2.91,0.53,23.06,37.69
2024-04-20,Tirunelveli,8.7139,77.7567,Dryland,30.13,34.99,26.74,67.78,3.02,0.26,23.34,37.68
2024-04-21,Tirunelveli,8.7139,77.7567,Dryland,31.07,37.23,25.9,64.15,1.92,0.2,20.65,37.68
2024-04-22,Tirunelveli,8.7139,77.7567,Dryland,29.55,32.91,27.01,68.31,1.83,0.26,22.88,37.67
2024-04-23,Tirunelveli,8.7139,77.7567,Dryland,29.75,34.29,25.79,67.5,1.5,1.0,23.56,37.66
2024-04-24,Tirunelveli,8.7139,77.7567,Dryland,30.51,36.31,26.14,65.85,1.12,1.23,23.32,37.64
2024-04-25,Tirunelveli,8.7139,77.7567,Dryland,29.8,34.95,26.14,66.1,1.54,0.26,24.2,37.62
2024-04-26,Tirunelveli,8.7139,77.7567,Dryland,31.06,38.86,25.03,58.26,1.67,0.01,23.46,37.59
2024-04-27,Tirunelveli,8.7139,77.7567,Dryland,31.64,39.9,25.08,56.99,1.81,0.05,22.99,37.56
2024-04-28,Tirunelveli,8.7139,77.7567,Dryland,31.91,39.64,25.89,57.82,2.05,0.13,20.72,37.54
2024-04-29,Tirunelveli,8.7139,77.7567,Dryland,30.95,37.62,26.55,64.26,1.82,0.31,20.41,37.52
2024-04-30,Tirunelveli,8.7139,77.7567,Dryland,31.37,38.78,26.87,63.11,1.96,0.53,19.23,37.5
2024-05-01,Tirunelveli,8.7139,77.7567,Dryland,31.35,37.51,26.68,64.77,2.37,0.65,23.25,37.48
2024-05-02,Tirunelveli,8.7139,77.7567,Dryland,31.57,36.95,28.02,65.73,2.46,0.01,22.41,37.45
2024-05-03,Tirunelveli,8.7139,77.7567,Dryland,31.89,39.09,27.45,63.77,2.88,0.0,21.7,37.41
2024-05-04,Tirunelveli,8.7139,77.7567,Dryland,31.47,36.97,27.42,62.73,2.97,0.01,22.74,37.37
2024-05-05,Tirunelveli,8.7139,77.7567,Dryland,31.58,38.86,26.63,59.48,3.42,0.0,22.95,37.34
2024-05-06,Tirunelveli,8.7139,77.7567,Dryland,31.11,36.89,26.65,62.52,3.17,0.04,23.67,37.31
2024-05-07,Tirunelveli,8.7139,77.7567,Dryland,32.09,39.53,26.8,58.07,2.92,0.04,24.25,37.28
2024-05-08,Tirunelveli,8.7139,77.7567,Dryland,31.53,37.2,27.19,60.96,2.07,0.83,21.11,37.24
2024-05-09,Tirunelveli,8.7139,77.7567,Dryland,29.95,34.09,26.7,65.94,2.23,0.5,17.5,37.2
2024-05-10,Tirunelveli,8.7139,77.7567,Dryland,30.1,34.97,26.6,62.89,1.45,0.46,18.09,37.19
2024-05-11,Tirunelveli,8.7139,77.7567,Dryland,30.86,37.95,26.27,60.47,1.75,2.08,19.88,37.18
2024-05-12,Tirunelveli,8.7139,77.7567,Dryland,30.64,38.23,25.89,63.5,1.68,3.06,19.51,37.17
2024-05-13,Tirunelveli,8.7139,77.7567,Dryland,28.23,31.43,26.07,79.13,1.11,18.05,13.43,37.16
2024-05-14,Tirunelveli,8.7139,77.7567,Dryland,27.8,31.09,25.21,78.92,0.81,12.86,15.59,37.13
2024-05-15,Tirunelveli,8.7139,77.7567,Dryland,27.94,32.4,24.68,79.63,0.92,15.39,12.59,37.1
2024-05-16,Tirunelveli,8.7139,77.7567,Dryland,28.09,32.47,24.77,77.61,1.14,15.47,14.12,37.07
2024-05-17,Tirunelveli,8.7139,77.7567,Dryland,26.66,28.74,25.26,87.1,1.05,8.49,8.66,37.04
2024-05-18,Tirunelveli,8.7139,77.7567,Dryland,26.71,29.96,24.89,85.97,2.24,9.42,11.61,37.01
2024-05-19,Tirunelveli,8.7139,77.7567,Dryland,26.38,28.76,24.86,87.36,3.22,19.77,16.08,36.98
2024-05-20,Tirunelveli,8.7139,77.7567,Dryland,26.31,29.98,24.23,84.66,4.49,13.9,7.49,36.95
2024-05-21,Tirunelveli,8.7139,77.7567,Dryland,27.08,30.92,24.35,84.33,3.89,15.58,12.0,36.91
2024-05-22,Tirunelveli,8.7139,77.7567,Dryland,26.81,28.49,25.86,90.98,4.22,20.46,11.37,36.88
2024-05-23,Tirunelveli,8.7139,77.7567,Dryland,26.52,28.13,25.74,91.38,4.13,20.59,9.88,36.85
2024-05-24,Tirunelveli,8.7139,77.7567,Dryland,26.92,30.37,25.01,86.76,4.48,12.04,11.06,36.82
2024-05-25,Tirunelveli,8.7139,77.7567,Dryland,26.62,29.08,25.34,87.78,4.88,11.0,11.12,36.8
2024-05-26,Tirunelveli,8.7139,77.7567,Dryland,26.75,29.42,24.91,86.57,4.26,2.79,10.54,36.77
2024-05-27,Tirunelveli,8.7139,77.7567,Dryland,26.69,29.31,25.34,87.91,4.92,4.66,15.68,36.74
2024-05-28,Tirunelveli,8.7139,77.7567,Dryland,25.97,28.24,24.5,88.47,5.13,9.52,10.69,36.71
2024-05-29,Tirunelveli,8.7139,77.7567,Dryland,25.89,27.96,24.18,90.3,4.51,7.85,16.11,36.69
2024-05-30,Tirunelveli,8.7139,77.7567,Dryland,26.13,28.95,24.42,89.12,4.11,1.57,17.83,36.66
2024-05-31,Tirunelveli,8.7139,77.7567,Dryland,26.52,28.95,24.41,89.65,3.86,0.38,21.23,36.64
2024-06-01,Tirunelveli,8.7139,77.7567,Dryland,27.08,29.69,25.23,88.68,4.12,0.5,19.68,36.62
2024-06-02,Tirunelveli,8.7139,77.7567,Dryland,25.86,28.62,23.98,89.39,2.82,0.96,17.29,36.59
2024-06-03,Tirunelveli,8.7139,77.7567,Dryland,26.02,28.88,24.02,89.25,2.56,1.4,17.34,36.57
2024-06-04,Tirunelveli,8.7139,77.7567,Dryland,26.58,29.85,24.57,88.28,2.27,1.14,18.79,36.55
2024-06-05,Tirunelveli,8.7139,77.7567,Dryland,26.68,30.05,24.32,88.11,2.9,2.51,17.88,36.53
2024-06-06,Tirunelveli,8.7139,77.7567,Dryland,26.29,28.76,24.7,91.9,2.24,15.04,17.32,36.51
2024-06-07,Tirunelveli,8.7139,77.7567,Dryland,25.93,28.63,23.8,89.76,2.46,9.89,15.41,36.5
2024-06-08,Tirunelveli,8.7139,77.7567,Dryland,25.97,28.27,24.64,91.89,3.27,10.43,13.18,36.49
2024-06-09,Tirunelveli,8.7139,77.7567,Dryland,26.35,28.82,25.1,89.82,4.0,4.44,17.91,36.47
2024-06-10,Tirunelveli,8.7139,77.7567,Dryland,26.45,28.96,24.5,89.22,3.43,1.35,20.97,36.46
2024-06-11,Tirunelveli,8.7139,77.7567,Dryland,26.48,29.62,24.29,86.69,3.45,1.63,17.9,36.44
2024-06-12,Tirunelveli,8.7139,77.7567,Dryland,26.02,28.99,23.85,87.96,3.03,2.19,14.43,36.42
2024-06-13,Tirunelveli,8.7139,77.7567,Dryland,26.0,29.05,23.82,88.67,2.36,0.46,19.36,36.41
2024-06-14,Tirunelveli,8.7139,77.7567,Dryland,26.28,29.46,23.84,88.6,2.75,0.16,22.0,36.39
2024-06-15,Tirunelveli,8.7139,77.7567,Dryland,26.38,30.16,23.78,87.84,3.3,0.31,20.23,36.37
2024-06-16,Tirunelveli,8.7139,77.7567,Dryland,26.61,30.4,23.88,87.23,3.02,0.35,20.04,36.35
2024-06-17,Tirunelveli,8.7139,77.7567,Dryland,26.76,30.77,23.68,85.72,2.68,0.75,21.81,36.33
2024-06-18,Tirunelveli,8.7139,77.7567,Dryland,26.48,29.51,24.33,87.0,3.03,3.11,18.66,36.32
2024-06-19,Tirunelveli,8.7139,77.7567,Dryland,25.99,28.69,24.21,89.69,3.16,7.24,15.46,36.31
2024-06-20,Tirunelveli,8.7139,77.7567,Dryland,25.71,27.95,23.51,88.68,3.71,6.86,12.61,36.3
2024-06-21,Tirunelveli,8.7139,77.7567,Dryland,25.6,29.06,23.46,86.65,3.68,7.1,14.55,36.31
2024-06-22,Tirunelveli,8.7139,77.7567,Dryland,25.33,29.25,23.4,87.1,4.26,3.1,17.1,36.32
2024-06-23,Tirunelveli,8.7139,77.7567,Dryland,25.49,28.34,23.52,85.3,5.23,3.51,13.43,36.33
2024-06-24,Tirunelveli,8.7139,77.7567,Dryland,25.47,28.34,23.72,85.38,5.11,9.68,14.97,36.32
2024-06-25,Tirunelveli,8.7139,77.7567,Dryland,25.45,28.26,23.81,82.96,5.38,0.39,13.42,36.32
2024-06-26,Tirunelveli,8.7139,77.7567,Dryland,24.81,28.28,21.79,87.02,5.09,8.48,9.74,36.33
2024-06-27,Tirunelveli,8.7139,77.7567,Dryland,26.1,29.26,23.99,87.23,4.02,3.74,14.71,36.33
2024-06-28,Tirunelveli,8.7139,77.7567,Dryland,26.07,29.96,22.94,86.32,3.21,1.22,20.95,36.33
2024-06-29,Tirunelveli,8.7139,77.7567,Dryland,26.07,29.82,23.33,87.97,2.94,0.63,21.03,36.34
2024-06-30,Tirunelveli,8.7139,77.7567,Dryland,25.81,28.44,23.45,90.5,2.31,0.84,21.92,36.35
2024-07-01,Tirunelveli,8.7139,77.7567,Dryland,25.22,28.05,23.2,86.91,2.72,2.33,17.46,36.35
2024-07-02,Tirunelveli,8.7139,77.7567,Dryland,25.12,28.24,22.39,89.08,2.52,1.12,19.11,36.36
2024-07-03,Tirunelveli,8.7139,77.7567,Dryland,26.28,30.3,23.55,87.54,3.21,0.09,21.02,36.37
2024-07-04,Tirunelveli,8.7139,77.7567,Dryland,26.33,30.4,23.36,82.12,3.28,0.12,21.88,36.37
2024-07-05,Tirunelveli,8.7139,77.7567,Dryland,26.05,29.22,24.03,85.35,3.67,1.33,19.38,36.38
2024-07-06,Tirunelveli,8.7139,77.7567,Dryland,25.08,27.73,23.43,87.46,2.98,2.39,14.8,36.39
2024-07-07,Tirunelveli,8.7139,77.7567,Dryland,25.82,29.54,23.25,84.76,3.44,1.22,20.45,36.4
2024-07-08,Tirunelveli,8.7139,77.7567,Dryland,25.09,27.88,23.22,86.44,3.9,0.6,15.27,36.41
2024-07-09,Tirunelveli,8.7139,77.7567,Dryland,25.17,28.55,22.9,85.14,3.06,0.56,18.59,36.42
2024-07-10,Tirunelveli,8.7139,77.7567,Dryland,25.77,29.4,23.16,86.22,3.45,1.18,22.53,36.44
2024-07-11,Tirunelveli,8.7139,77.7567,Dryland,25.8,29.89,23.33,84.59,3.37,0.13,22.86,36.45
2024-07-12,Tirunelveli,8.7139,77.7567,Dryland,26.06,29.58,23.61,87.1,3.84,2.89,20.97,36.46
2024-07-13,Tirunelveli,8.7139,77.7567,Dryland,25.16,27.88,22.97,86.28,4.19,6.7,8.89,36.47
2024-07-14,Tirunelveli,8.7139,77.7567,Dryland,25.51,29.95,22.33,85.2,4.4,4.3,15.55,36.5
2024-07-15,Tirunelveli,8.7139,77.7567,Dryland,25.35,27.67,23.85,85.95,5.5,9.24,9.32,36.52
2024-07-16,Tirunelveli,8.7139,77.7567,Dryland,25.57,28.19,23.94,87.24,4.63,0.72,12.49,36.54
2024-07-17,Tirunelveli,8.7139,77.7567,Dryland,25.28,27.86,23.95,87.94,4.65,3.31,10.33,36.57
2024-07-18,Tirunelveli,8.7139,77.7567,Dryland,25.41,28.32,23.32,85.18,4.87,1.12,13.48,36.59
2024-07-19,Tirunelveli,8.7139,77.7567,Dryland,25.73,28.97,23.16,87.97,4.59,0.65,15.99,36.6
2024-07-20,Tirunelveli,8.7139,77.7567,Dryland,25.91,29.01,23.95,88.71,3.99,0.09,15.06,36.61
2024-07-21,Tirunelveli,8.7139,77.7567,Dryland,26.1,29.84,23.81,87.1,3.95,2.86,17.58,36.63
2024-07-22,Tirunelveli,8.7139,77.7567,Dryland,26.07,30.45,23.31,85.51,3.07,4.12,12.3,36.65
2024-07-23,Tirunelveli,8.7139,77.7567,Dryland,26.05,30.53,22.96,85.71,3.38,0.92,19.87,36.68
2024-07-24,Tirunelveli,8.7139,77.7567,Dryland,26.28,30.93,22.97,84.18,3.76,1.04,20.17,36.7
2024-07-25,Tirunelveli,8.7139,77.7567,Dryland,26.04,30.29,23.34,83.56,4.01,1.57,17.43,36.72
2024-07-26,Tirunelveli,8.7139,77.7567,Dryland,26.18,29.27,24.41,84.54,5.92,0.32,18.36,36.73
2024-07-27,Tirunelveli,8.7139,77.7567,Dryland,25.9,28.69,23.8,85.0,5.52,3.95,13.83,36.74
2024-07-28,Tirunelveli,8.7139,77.7567,Dryland,25.97,28.87,23.96,88.64,4.54,7.73,14.84,36.73
2024-07-29,Tirunelveli,8.7139,77.7567,Dryland,26.18,29.09,24.71,86.56,5.02,8.36,11.51,36.75
2024-07-30,Tirunelveli,8.7139,77.7567,Dryland,25.52,28.06,23.31,85.0,4.01,2.89,14.8,36.78
2024-07-31,Tirunelveli,8.7139,77.7567,Dryland,25.33,28.08,23.33,89.34,3.23,0.18,17.13,36.81
2024-08-01,Tirunelveli,8.7139,77.7567,Dryland,25.92,29.16,23.69,87.74,3.17,0.83,20.62,36.84
2024-08-02,Tirunelveli,8.7139,77.7567,Dryland,25.34,28.68,23.22,87.11,3.43,0.73,19.15,36.87
2024-08-03,Tirunelveli,8.7139,77.7567,Dryland,25.37,30.19,22.35,83.94,3.65,0.23,21.81,36.89
2024-08-04,Tirunelveli,8.7139,77.7567,Dryland,25.91,30.6,22.92,82.17,4.14,0.15,23.37,36.91
2024-08-05,Tirunelveli,8.7139,77.7567,Dryland,25.53,30.12,22.57,83.85,3.37,0.64,20.61,36.92
2024-08-06,Tirunelveli,8.7139,77.7567,Dryland,25.46,29.39,22.94,84.95,3.55,0.27,20.07,36.94
2024-08-07,Tirunelveli,8.7139,77.7567,Dryland,25.04,28.3,22.69,85.85,3.24,0.31,21.09,36.95
2024-08-08,Tirunelveli,8.7139,77.7567,Dryland,25.26,28.75,23.03,83.67,4.11,0.43,20.87,36.97
2024-08-09,Tirunelveli,8.7139,77.7567,Dryland,26.24,31.86,22.57,79.94,3.54,0.22,23.14,36.99
2024-08-10,Tirunelveli,8.7139,77.7567,Dryland,25.78,30.02,23.4,84.21,3.37,0.71,19.28,37.02
2024-08-11,Tirunelveli,8.7139,77.7567,Dryland,26.04,29.5,23.96,86.38,3.1,2.06,18.36,37.04
2024-08-12,Tirunelveli,8.7139,77.7567,Dryland,26.5,30.11,23.94,86.22,3.01,4.07,20.52,37.06
2024-08-13,Tirunelveli,8.7139,77.7567,Dryland,26.06,28.59,24.35,88.85,2.21,35.1,16.48,37.07
2024-08-14,Tirunelveli,8.7139,77.7567,Dryland,25.46,28.63,23.47,88.81,2.22,17.86,19.0,37.1
2024-08-15,Tirunelveli,8.7139,77.7567,Dryland,26.19,30.32,23.2,86.55,2.68,1.4,19.42,37.12
2024-08-16,Tirunelveli,8.7139,77.7567,Dryland,25.95,29.25,24.1,89.18,3.48,1.78,18.06,37.14
2024-08-17,Tirunelveli,8.7139,77.7567,Dryland,25.37,28.0,23.98,88.72,4.22,2.07,18.61,37.15
2024-08-18,Tirunelveli,8.7139,77.7567,Dryland,25.94,28.78,23.94,89.0,3.05,2.21,19.8,37.16
2024-08-19,Tirunelveli,8.7139,77.7567,Dryland,26.04,29.29,23.72,87.29,2.41,0.56,18.59,37.16
2024-08-20,Tirunelveli,8.7139,77.7567,Dryland,26.44,30.32,24.35,87.68,2.47,1.33,18.33,37.17
2024-08-21,Tirunelveli,8.7139,77.7567,Dryland,25.26,28.26,23.7,86.11,4.26,6.35,14.59,37.16
2024-08-22,Tirunelveli,8.7139,77.7567,Dryland,26.01,30.33,23.23,82.09,2.58,0.19,16.15,37.17
2024-08-23,Tirunelveli,8.7139,77.7567,Dryland,26.03,30.73,22.78,83.68,2.05,0.25,22.0,37.17
2024-08-24,Tirunelveli,8.7139,77.7567,Dryland,25.98,30.19,23.18,84.99,2.98,0.52,20.28,37.18
2024-08-25,Tirunelveli,8.7139,77.7567,Dryland,25.85,29.4,23.79,84.97,3.33,0.54,21.55,37.19
2024-08-26,Tirunelveli,8.7139,77.7567,Dryland,26.28,30.58,23.37,82.42,3.87,0.48,21.24,37.2
2024-08-27,Tirunelveli,8.7139,77.7567,Dryland,26.21,30.37,23.61,84.61,3.31,0.83,19.99,37.22
2024-08-28,Tirunelveli,8.7139,77.7567,Dryland,25.88,29.47,23.38,86.0,3.09,0.6,15.48,37.23
2024-08-29,Tirunelveli,8.7139,77.7567,Dryland,26.42,30.65,23.86,83.23,3.85,2.39,19.76,37.24
2024-08-30,Tirunelveli,8.7139,77.7567,Dryland,25.11,27.12,23.54,89.6,3.3,9.03,9.44,37.24
2024-08-31,Tirunelveli,8.7139,77.7567,Dryland,25.28,28.43,23.26,86.97,4.17,4.2,18.43,37.23
2024-09-01,Tirunelveli,8.7139,77.7567,Dryland,25.2,28.24,23.06,88.03,3.69,6.91,14.77,37.23
2024-09-02,Tirunelveli,8.7139,77.7567,Dryland,25.72,29.26,23.48,86.91,3.85,3.17,20.85,37.22
2024-09-03,Tirunelveli,8.7139,77.7567,Dryland,25.58,28.19,24.18,89.59,3.8,3.27,13.89,37.22
2024-09-04,Tirunelveli,8.7139,77.7567,Dryland,25.65,28.44,23.98,89.12,3.86,2.08,20.97,37.21
2024-09-05,Tirunelveli,8.7139,77.7567,Dryland,26.21,30.44,23.26,85.73,3.75,0.53,23.18,37.2
2024-09-06,Tirunelveli,8.7139,77.7567,Dryland,25.96,29.23,24.26,86.73,3.85,0.33,20.39,37.19
2024-09-07,Tirunelveli,8.7139,77.7567,Dryland,25.8,28.7,24.13,87.37,3.79,0.23,20.46,37.18
2024-09-08,Tirunelveli,8.7139,77.7567,Dryland,25.7,28.39,24.12,87.53,3.93,1.4,18.95,37.17
2024-09-09,Tirunelveli,8.7139,77.7567,Dryland,26.04,29.76,23.71,86.24,3.95,1.12,17.03,37.15
2024-09-10,Tirunelveli,8.7139,77.7567,Dryland,26.14,29.2,24.35,87.3,4.21,0.99,20.8,37.13
2024-09-11,Tirunelveli,8.7139,77.7567,Dryland,26.36,30.33,23.72,83.67,4.2,3.17,17.83,37.11
2024-09-12,Tirunelveli,8.7139,77.7567,Dryland,25.54,29.45,22.97,79.95,3.69,0.59,21.22,37.09
2024-09-13,Tirunelveli,8.7139,77.7567,Dryland,26.43,30.97,22.95,85.11,3.11,0.66,24.13,37.08
2024-09-14,Tirunelveli,8.7139,77.7567,Dryland,26.68,31.08,24.31,83.61,3.66,1.96,21.81,37.05
2024-09-15,Tirunelveli,8.7139,77.7567,Dryland,26.73,31.49,24.08,82.76,4.38,0.76,22.49,37.02
2024-09-16,Tirunelveli,8.7139,77.7567,Dryland,27.08,32.32,24.21,81.26,4.37,0.14,23.84,36.99
2024-09-17,Tirunelveli,8.7139,77.7567,Dryland,26.99,32.18,23.22,81.51,4.19,0.06,24.26,36.96
2024-09-18,Tirunelveli,8.7139,77.7567,Dryland,26.89,31.89,23.27,81.49,3.84,0.13,24.92,36.93
2024-09-19,Tirunelveli,8.7139,77.7567,Dryland,27.03,32.36,23.42,80.24,3.72,0.2,23.16,36.9
2024-09-20,Tirunelveli,8.7139,77.7567,Dryland,26.16,30.33,23.57,81.47,3.57,0.03,22.5,36.86
2024-09-21,Tirunelveli,8.7139,77.7567,Dryland,27.04,32.7,23.66,77.0,4.14,0.01,23.9,36.83
2024-09-22,Tirunelveli,8.7139,77.7567,Dryland,26.46,31.92,23.24,80.43,4.23,0.68,19.89,36.79
2024-09-23,Tirunelveli,8.7139,77.7567,Dryland,26.55,30.21,24.35,82.72,4.69,1.73,18.45,36.76
2024-09-24,Tirunelveli,8.7139,77.7567,Dryland,26.8,30.7,23.96,81.01,4.41,0.21,20.75,36.73
2024-09-25,Tirunelveli,8.7139,77.7567,Dryland,27.1,32.37,23.67,79.52,3.98,0.51,19.1,36.69
2024-09-26,Tirunelveli,8.7139,77.7567,Dryland,27.28,32.68,23.94,78.12,3.97,0.12,21.32,36.64
2024-09-27,Tirunelveli,8.7139,77.7567,Dryland,27.1,33.31,23.3,78.2,3.16,0.18,22.64,36.6
2024-09-28,Tirunelveli,8.7139,77.7567,Dryland,27.94,32.99,23.62,74.15,1.91,6.78,17.9,36.55
2024-09-29,Tirunelveli,8.7139,77.7567,Dryland,27.28,31.54,23.84,79.72,1.11,8.53,20.13,36.5
2024-09-30,Tirunelveli,8.7139,77.7567,Dryland,26.93,30.3,24.0,79.74,1.11,28.68,17.43,36.44
2024-10-01,Tirunelveli,8.7139,77.7567,Dryland,26.76,31.07,24.28,80.84,1.26,1.38,18.86,36.38
2024-10-02,Tirunelveli,8.7139,77.7567,Dryland,26.27,29.78,23.99,86.51,2.19,7.85,15.79,36.32
2024-10-03,Tirunelveli,8.7139,77.7567,Dryland,26.27,29.17,24.15,85.81,2.26,4.12,18.98,36.25
2024-10-04,Tirunelveli,8.7139,77.7567,Dryland,26.75,30.89,23.67,83.76,2.23,3.23,19.95,36.19
2024-10-05,Tirunelveli,8.7139,77.7567,Dryland,26.33,30.34,23.87,82.72,1.68,1.68,18.06,36.13
2024-10-06,Tirunelveli,8.7139,77.7567,Dryland,25.3,28.17,23.35,86.3,1.54,7.88,14.4,36.08
2024-10-07,Tirunelveli,8.7139,77.7567,Dryland,24.99,28.01,22.68,87.37,2.96,7.6,16.45,36.02
2024-10-08,Tirunelveli,8.7139,77.7567,Dryland,25.89,29.5,23.13,84.23,1.85,1.19,18.59,35.96
2024-10-09,Tirunelveli,8.7139,77.7567,Dryland,25.7,28.88,23.28,88.4,2.15,5.34,18.93,35.89
2024-10-10,Tirunelveli,8.7139,77.7567,Dryland,25.37,28.31,23.57,87.14,2.64,2.26,20.18,35.83
2024-10-11,Tirunelveli,8.7139,77.7567,Dryland,25.18,28.33,23.17,86.5,2.55,13.9,14.52,35.76
2024-10-12,Tirunelveli,8.7139,77.7567,Dryland,24.91,28.22,23.14,86.1,2.24,9.79,19.41,35.7
2024-10-13,Tirunelveli,8.7139,77.7567,Dryland,24.15,26.54,22.45,87.53,1.92,6.6,17.67,35.64
2024-10-14,Tirunelveli,8.7139,77.7567,Dryland,24.66,28.95,22.08,85.55,1.67,7.35,12.01,35.58
2024-10-15,Tirunelveli,8.7139,77.7567,Dryland,25.28,29.74,22.61,83.89,2.35,1.09,15.37,35.52
2024-10-16,Tirunelveli,8.7139,77.7567,Dryland,25.39,29.94,22.25,85.71,2.8,0.7,17.5,35.44
2024-10-17,Tirunelveli,8.7139,77.7567,Dryland,26.25,31.21,23.15,84.18,2.83,0.33,20.33,35.37
2024-10-18,Tirunelveli,8.7139,77.7567,Dryland,26.6,31.21,23.58,82.59,2.44,0.52,20.73,35.3
2024-10-19,Tirunelveli,8.7139,77.7567,Dryland,25.78,28.65,23.75,85.79,1.8,1.28,18.36,35.23
2024-10-20,Tirunelveli,8.7139,77.7567,Dryland,26.73,31.18,23.42,83.32,1.26,0.98,17.68,35.16
2024-10-21,Tirunelveli,8.7139,77.7567,Dryland,26.23,29.29,23.86,85.13,1.11,0.59,17.33,35.09
2024-10-22,Tirunelveli,8.7139,77.7567,Dryland,27.19,31.83,23.84,79.72,0.72,3.5,15.95,35.02
2024-10-23,Tirunelveli,8.7139,77.7567,Dryland,26.17,30.48,23.41,85.85,1.58,5.81,17.97,34.94
2024-10-24,Tirunelveli,8.7139,77.7567,Dryland,25.8,29.3,22.65,85.7,1.89,7.46,14.28,34.86
2024-10-25,Tirunelveli,8.7139,77.7567,Dryland,25.46,28.29,23.84,90.72,2.16,20.3,4.79,34.77
2024-10-26,Tirunelveli,8.7139,77.7567,Dryland,25.64,28.76,23.32,90.09,2.3,10.1,15.57,34.68
2024-10-27,Tirunelveli,8.7139,77.7567,Dryland,25.61,28.42,23.97,88.73,2.33,4.42,18.24,34.59
2024-10-28,Tirunelveli,8.7139,77.7567,Dryland,25.78,29.33,23.25,86.4,2.19,0.47,21.43,34.51
2024-10-29,Tirunelveli,8.7139,77.7567,Dryland,25.57,28.01,23.42,88.97,1.38,0.85,19.64,34.43
2024-10-30,Tirunelveli,8.7139,77.7567,Dryland,26.88,31.99,22.83,82.01,1.51,0.04,20.95,34.35
2024-10-31,Tirunelveli,8.7139,77.7567,Dryland,26.55,30.67,23.56,86.68,1.16,4.18,16.44,34.27
2024-11-01,Tirunelveli,8.7139,77.7567,Dryland,26.76,31.0,23.95,81.8,1.28,0.48,17.46,34.19
2024-11-02,Tirunelveli,8.7139,77.7567,Dryland,25.31,27.67,23.45,91.26,0.91,37.69,12.98,34.11
2024-11-03,Tirunelveli,8.7139,77.7567,Dryland,25.42,28.71,23.29,86.22,1.02,8.83,16.64,34.03
2024-11-04,Tirunelveli,8.7139,77.7567,Dryland,24.23,26.21,22.68,91.14,0.87,12.65,12.29,33.94
2024-11-05,Tirunelveli,8.7139,77.7567,Dryland,25.14,28.9,21.72,83.26,1.24,4.77,18.84,33.86
2024-11-06,Tirunelveli,8.7139,77.7567,Dryland,25.84,30.01,22.31,83.27,0.82,0.22,17.89,33.78
2024-11-07,Tirunelveli,8.7139,77.7567,Dryland,26.26,30.5,21.83,84.29,0.91,1.92,17.05,33.71
2024-11-08,Tirunelveli,8.7139,77.7567,Dryland,25.65,28.22,23.76,89.11,1.25,10.16,8.79,33.63
2024-11-09,Tirunelveli,8.7139,77.7567,Dryland,25.63,29.25,22.9,84.74,1.81,3.65,18.73,33.55
2024-11-10,Tirunelveli,8.7139,77.7567,Dryland,25.36,29.96,21.49,81.45,2.0,0.07,21.65,33.47
2024-11-11,Tirunelveli,8.7139,77.7567,Dryland,25.45,30.27,20.13,77.6,1.51,0.01,20.82,33.4
2024-11-12,Tirunelveli,8.7139,77.7567,Dryland,25.74,30.07,21.62,83.72,1.37,0.23,18.77,33.32
2024-11-13,Tirunelveli,8.7139,77.7567,Dryland,25.75,28.63,23.06,85.75,1.14,1.46,16.37,33.25
2024-11-14,Tirunelveli,8.7139,77.7567,Dryland,25.49,28.9,23.6,89.78,0.98,9.87,12.62,33.17
2024-11-15,Tirunelveli,8.7139,77.7567,Dryland,24.75,27.22,23.25,91.14,1.94,10.06,8.09,33.1
2024-11-16,Tirunelveli,8.7139,77.7567,Dryland,25.37,29.43,22.05,87.86,2.04,2.07,14.4,33.03
2024-11-17,Tirunelveli,8.7139,77.7567,Dryland,25.71,29.39,22.93,87.95,2.35,2.8,16.08,32.96
2024-11-18,Tirunelveli,8.7139,77.7567,Dryland,25.53,29.09,22.67,87.44,2.78,2.17,14.01,32.89
2024-11-19,Tirunelveli,8.7139,77.7567,Dryland,25.37,28.87,23.37,88.43,2.58,26.0,7.19,32.82
2024-11-20,Tirunelveli,8.7139,77.7567,Dryland,23.72,25.02,22.25,92.45,2.74,16.84,4.56,32.76
2024-11-21,Tirunelveli,8.7139,77.7567,Dryland,24.55,28.06,22.25,89.16,2.88,3.65,8.44,32.69
2024-11-22,Tirunelveli,8.7139,77.7567,Dryland,23.49,26.13,21.51,90.88,1.94,1.34,14.21,32.62
2024-11-23,Tirunelveli,8.7139,77.7567,Dryland,24.68,28.47,21.89,87.99,2.02,0.15,13.83,32.55
2024-11-24,Tirunelveli,8.7139,77.7567,Dryland,24.71,28.68,21.75,87.69,2.18,0.08,13.42,32.48
2024-11-25,Tirunelveli,8.7139,77.7567,Dryland,23.79,26.43,22.05,87.55,2.35,0.1,12.27,32.42
2024-11-26,Tirunelveli,8.7139,77.7567,Dryland,23.56,27.12,20.99,88.54,1.68,3.7,5.87,32.36
2024-11-27,Tirunelveli,8.7139,77.7567,Dryland,23.5,25.82,20.89,89.49,1.84,3.63,6.54,32.3
2024-11-28,Tirunelveli,8.7139,77.7567,Dryland,25.27,29.09,22.43,86.55,1.26,0.67,11.15,32.24
2024-11-29,Tirunelveli,8.7139,77.7567,Dryland,24.72,27.13,22.68,91.08,1.69,0.62,13.56,32.19
2024-11-30,Tirunelveli,8.7139,77.7567,Dryland,25.02,27.62,22.9,90.08,2.78,1.68,14.79,32.14
2024-12-01,Tirunelveli,8.7139,77.7567,Dryland,25.79,28.78,24.01,87.74,4.36,1.32,8.03,32.1
2024-12-02,Tirunelveli,8.7139,77.7567,Dryland,25.23,28.69,23.02,85.34,3.78,2.26,14.07,32.05
2024-12-03,Tirunelveli,8.7139,77.7567,Dryland,24.95,29.07,21.85,81.47,2.06,0.02,18.72,32.01
2024-12-04,Tirunelveli,8.7139,77.7567,Dryland,25.4,29.94,22.25,80.9,1.19,0.15,15.29,31.97
2024-12-05,Tirunelveli,8.7139,77.7567,Dryland,25.43,29.79,22.28,85.15,1.24,1.05,15.22,31.94
2024-12-06,Tirunelveli,8.7139,77.7567,Dryland,25.38,29.72,22.02,85.56,1.93,0.18,19.15,31.9
2024-12-07,Tirunelveli,8.7139,77.7567,Dryland,25.72,30.35,22.19,83.13,1.95,0.3,18.35,31.86
2024-12-08,Tirunelveli,8.7139,77.7567,Dryland,25.33,29.84,21.62,83.87,1.52,0.18,18.18,31.83
2024-12-09,Tirunelveli,8.7139,77.7567,Dryland,26.13,30.77,22.55,80.35,1.5,0.22,18.01,31.8
2024-12-10,Tirunelveli,8.7139,77.7567,Dryland,25.37,29.68,21.49,80.16,1.5,0.15,17.07,31.77
2024-12-11,Tirunelveli,8.7139,77.7567,Dryland,24.92,28.99,21.88,82.71,1.96,1.87,16.71,31.74
2024-12-12,Tirunelveli,8.7139,77.7567,Dryland,24.37,28.2,21.62,86.53,2.14,14.62,6.32,31.72
2024-12-13,Tirunelveli,8.7139,77.7567,Dryland,24.27,25.95,22.31,95.44,2.97,27.22,8.39,31.7
2024-12-14,Tirunelveli,8.7139,77.7567,Dryland,24.65,27.4,22.87,91.44,2.69,34.13,4.97,31.68
2024-12-15,Tirunelveli,8.7139,77.7567,Dryland,23.22,27.35,20.6,86.27,3.15,0.3,18.04,31.66
2024-12-16,Tirunelveli,8.7139,77.7567,Dryland,22.96,27.27,19.96,86.41,2.6,0.0,14.49,31.65
2024-12-17,Tirunelveli,8.7139,77.7567,Dryland,24.82,29.74,20.49,81.44,1.27,0.01,14.92,31.64
2024-12-18,Tirunelveli,8.7139,77.7567,Dryland,25.4,30.06,22.06,87.15,1.25,0.01,17.16,31.64
2024-12-19,Tirunelveli,8.7139,77.7567,Dryland,26.06,31.16,22.25,85.12,1.19,0.04,17.65,31.64
2024-12-20,Tirunelveli,8.7139,77.7567,Dryland,25.79,29.13,23.49,88.0,1.36,0.37,18.5,31.64
2024-12-21,Tirunelveli,8.7139,77.7567,Dryland,25.44,29.73,22.27,87.18,1.63,0.37,17.34,31.64
2024-12-22,Tirunelveli,8.7139,77.7567,Dryland,26.22,30.26,23.05,85.78,1.41,2.05,17.14,31.64
2024-12-23,Tirunelveli,8.7139,77.7567,Dryland,25.61,30.31,22.3,80.64,1.1,0.77,19.67,31.64
2024-12-24,Tirunelveli,8.7139,77.7567,Dryland,24.19,29.18,20.47,79.81,1.29,0.0,19.78,31.64
2024-12-25,Tirunelveli,8.7139,77.7567,Dryland,24.86,30.23,19.08,77.88,1.14,0.0,20.78,31.65
2024-12-26,Tirunelveli,8.7139,77.7567,Dryland,25.91,31.13,21.1,80.89,0.99,0.02,19.74,31.67
2024-12-27,Tirunelveli,8.7139,77.7567,Dryland,25.76,29.72,22.95,84.17,2.13,0.23,17.22,31.69
2024-12-28,Tirunelveli,8.7139,77.7567,Dryland,24.57,28.72,21.45,82.61,3.3,0.08,16.32,31.72
2024-12-29,Tirunelveli,8.7139,77.7567,Dryland,24.6,29.8,19.81,82.31,2.41,0.04,19.18,31.75
2024-12-30,Tirunelveli,8.7139,77.7567,Dryland,24.57,28.18,21.61,87.27,2.64,3.52,12.43,31.78
2024-12-31,Tirunelveli,8.7139,77.7567,Dryland,24.45,27.87,22.38,89.67,4.49,7.68,11.36,31.82
